name,ab_battles,ab_win_rate,ab_air_frags_per_battle,ab_air_frags_per_death,ab_ground_frags_per_battle,ab_ground_frags_per_death,rb_battles,rb_win_rate,rb_air_frags_per_battle,rb_air_frags_per_death,rb_ground_frags_per_battle,rb_ground_frags_per_death,sb_battles,sb_win_rate,sb_air_frags_per_battle,sb_air_frags_per_death,sb_ground_frags_per_battle,sb_ground_frags_per_death,alt_name
germ_panzerbefelhswagen_VI_P,1001.0,89.22,0.03,0.1,7.29,10.83,143.0,45.83,0.0,0.0,4.45,3.25,0.0,,,,,,Pz.Bfw.VI_(P)
s_199,789.0,59.08,6.96,2.18,1.34,0.4,133.0,100.0,0.0,0.0,1.82,1.17,0.0,,,,,,Sakeen
ussr_t_34_1941_57,713.0,59.41,0.01,0.02,2.12,2.19,568.0,43.68,0.0,0.0,2.57,1.58,0.0,,,,,,T-34-57
su_30mk2v_venezuela,555.0,62.08,5.99,4.71,0.69,0.53,2875.0,52.47,0.88,0.98,0.46,0.51,70.0,100.0,6.0,1.87,1.0,0.23,Су-30МК2_AMV
sw_sav_fm48,553.0,66.39,0.08,0.07,4.61,3.29,437.0,66.35,0.0,0.0,5.32,2.53,0.0,,,,,,SAV_20.12.48
germ_pzkpfw_III_ausf_F,551.0,84.07,0.04,0.04,6.57,10.42,85.0,100.0,0.0,0.0,15.24,6.28,0.0,,,,,,Pz.III_F
germ_pzkpfw_V_ausf_d_panther,513.0,59.81,0.06,0.06,2.12,2.33,457.0,40.54,0.0,0.0,1.33,1.32,19.0,100.0,0.0,0.0,1.0,1.0,Panther_D
il_m_51,506.0,75.32,0.23,0.08,5.43,1.99,2031.0,64.4,0.0,0.0,3.83,1.46,0.0,,,,,,M-51
ussr_kv_85,500.0,55.62,0.11,0.11,2.63,2.73,92.0,59.38,0.0,0.0,4.36,3.23,0.0,,,,,,KV-85
la-7,496.0,87.61,4.1,4.39,1.85,1.97,182.0,60.45,2.17,3.32,1.29,1.9,0.0,,,,,,La-7
ussr_kv_1e,482.0,89.82,0.0,0.0,6.04,6.72,144.0,78.55,0.0,0.0,7.35,5.68,0.0,,,,,,KV-1E
it_sherman_75_37,445.0,77.62,0.06,0.09,6.47,7.51,220.0,58.0,0.0,0.0,6.99,5.17,20.0,,,,,,Sherman_I_Composito
ussr_t_34_85_zis_53,428.0,66.8,0.0,0.0,3.55,4.4,567.0,50.69,0.0,0.0,3.31,2.26,0.0,,,,,,T-34-85
su_30mkk,424.0,62.85,8.43,8.72,1.1,1.24,688.0,59.51,1.4,1.63,0.77,0.9,15.0,,,0.0,,0.0,Su-30MKK_(China)
germ_pzkpfw_VI_ausf_e_tiger,401.0,65.97,0.03,0.03,3.6,3.57,1157.0,40.7,0.0,0.0,1.78,1.52,27.0,,,0.0,,1.91,Tiger_E
germ_pzkpfw_VI_ausf_h1_tiger_west,397.0,66.28,0.08,0.08,4.5,6.84,406.0,49.13,0.0,0.0,3.2,3.02,0.0,,,,,,Tiger_West
germ_pzkpfw_VI_ausf_h1_tiger,390.0,54.73,0.05,0.05,2.08,2.63,914.0,43.67,0.0,0.0,2.14,1.72,0.0,,,,,,Tiger_H1
jp_type_3_ka_chi,387.0,88.25,0.06,0.07,12.49,15.18,0.0,,,,,,0.0,,,,,,Ka-Chi
us_t58,378.0,80.67,0.0,0.0,5.43,4.22,927.0,64.97,0.0,0.0,3.6,2.84,0.0,,,,,,T58
ussr_t_54_1947,374.0,56.7,0.08,0.08,2.94,3.14,221.0,64.99,0.0,0.0,3.03,2.0,10.0,,,,,,T-54_(1947)
germ_vsw_flak_41,371.0,81.98,0.09,0.11,5.33,7.58,287.0,56.49,0.0,0.0,4.5,3.12,44.0,100.0,0.0,0.0,4.17,2.88,VFW
ussr_t_34_85_zis_53_v80,369.0,82.34,0.0,0.0,3.49,4.95,400.0,73.09,0.0,0.0,5.79,2.76,0.0,,,,,,"Т-34-85_""Партизан"""
ussr_t_34_85_d_5t,363.0,56.21,0.03,0.03,2.95,2.58,531.0,49.07,0.0,0.0,2.96,2.15,0.0,,,,,,T-34-85_(D-5T)
ussr_t_72b3_2011,353.0,43.35,0.09,0.12,0.85,0.95,1297.0,50.99,0.0,0.0,1.61,1.51,0.0,,,,,,T-72B3
us_m3_lee,335.0,61.22,0.19,0.23,3.28,3.74,52.0,50.0,0.0,0.0,3.6,1.83,0.0,,,,,,M3_Lee
sw_t_34_1941,333.0,70.42,0.02,0.02,3.78,4.25,135.0,65.72,0.0,0.0,2.16,2.42,0.0,,,,,,T-34
ussr_bmpt,323.0,49.63,0.28,0.29,1.19,1.25,2643.0,45.22,0.0,0.0,1.5,1.29,1.0,,,0.0,,1.0,БМПТ
ussr_t_34_85E,320.0,89.13,0.03,0.07,4.75,6.17,475.0,65.38,0.0,0.0,5.09,4.41,0.0,,,,,,T-34-85E
us_m1a1_hc_usmc_sm,306.0,72.64,0.0,0.0,5.05,4.83,2854.0,58.67,0.0,0.0,2.31,1.89,11.0,0.0,0.0,0.0,0.0,0.0,◍M1A1_HC
f8u-2,300.0,49.67,1.74,1.66,0.0,0.0,140.0,45.19,1.29,1.99,0.68,1.16,0.0,,,,,,F8U-2
germ_waffentrager_krupp_steyr,298.0,53.41,0.06,0.07,2.89,3.5,124.0,44.44,0.0,0.0,1.14,1.26,0.0,,,,,,Waffenträger
germ_pzkpfw_VI_ausf_b_tiger_IIh_sla,297.0,63.85,0.0,0.0,3.18,2.68,928.0,58.62,0.0,0.0,4.96,3.93,0.0,,,,,,Tiger_II_(H)_Sla.16
ussr_btr_82at,291.0,53.51,0.21,0.22,1.08,1.12,502.0,44.09,0.0,0.0,2.12,1.32,0.0,,,,,,БТР-82АТ
sw_t_34_85_zis_53,288.0,80.07,0.06,0.07,3.0,3.47,364.0,41.43,0.0,0.0,1.83,1.31,0.0,,,,,,T-34-85
ussr_kv_1_zis_5,285.0,71.46,0.0,0.0,4.16,5.94,372.0,46.65,0.0,0.0,4.12,3.02,0.0,,,,,,KV-1_(ZiS-5)
ussr_t_55_amd_1,285.0,48.32,0.0,0.0,1.25,1.48,952.0,45.22,0.0,0.0,1.54,1.39,0.0,,,,,,T-55AMD-1
germ_pzkpfw_IV_ausf_C,280.0,69.74,0.06,0.17,5.99,15.62,6.0,,,0.0,,0.17,0.0,,,,,,Pz.IV_C
il_merkava_mk_2d,276.0,63.58,0.0,0.0,3.87,3.0,310.0,62.78,0.0,0.0,4.51,3.27,0.0,,,,,,Merkava_Mk.2D
germ_pzkpfw_VI_ausf_b_tiger_IIh,273.0,51.79,0.0,0.0,2.28,2.74,1714.0,58.48,0.0,0.0,4.17,3.7,0.0,,,,,,Tiger_II_(H)
sw_sherman_3_4,272.0,70.95,0.03,0.03,3.54,3.64,471.0,58.34,0.0,0.0,4.25,3.19,0.0,,,,,,Sherman_III/IV
us_m4_sherman_calliope,266.0,100.0,0.07,0.07,7.77,7.64,82.0,86.94,0.0,0.0,3.38,3.28,0.0,,,,,,Calliope
germ_pzkpfw_VI_ausf_h1_tiger_east,265.0,66.28,0.09,0.13,4.42,6.33,282.0,40.53,0.0,0.0,2.97,2.66,0.0,,,,,,Tiger_Ost
f-100d,264.0,49.45,1.74,1.95,0.0,0.0,248.0,59.95,1.04,1.2,0.27,0.26,0.0,,,,,,F-100D
germ_leopard_I_a1,263.0,42.05,0.0,0.0,1.9,1.45,650.0,35.7,0.0,0.0,1.73,1.52,0.0,,,,,,Leopard_A1A1
i_185_m71_standard,260.0,72.09,2.66,2.51,0.45,0.41,71.0,68.98,0.94,0.83,0.88,0.77,0.0,,,,,,I-185_(M-71)
ussr_object_906,259.0,50.05,0.0,0.0,2.03,1.84,1022.0,50.74,0.0,0.0,2.36,1.86,6.0,,,0.0,,2.0,Object_906
bf-109f-4,250.0,69.88,6.95,6.23,0.69,0.62,286.0,55.71,1.47,1.63,1.5,1.57,23.0,,,,,,Bf_109_F-4
su_22um3k,249.0,54.05,0.57,0.49,3.42,2.98,21.0,50.0,1.0,0.09,0.5,0.04,0.0,,,,,,◊Su-22UM3K
yak-3,240.0,84.57,3.34,2.63,0.78,0.62,163.0,71.73,3.01,2.81,1.19,1.19,38.0,100.0,7.4,4.67,0.0,0.0,Yak-3
f-104c,239.0,50.0,1.25,1.34,0.0,0.0,0.0,,,,,,0.0,,,,,,F-104C
sw_m24_chaffee_dk,238.0,64.38,0.03,0.04,2.71,3.52,225.0,46.22,0.0,0.0,2.44,2.24,0.0,,,,,,M24DK
germ_sdkfz_9_flak37,235.0,69.05,0.12,0.17,7.31,10.04,140.0,75.0,0.0,0.0,3.76,3.45,0.0,,,,,,"8,8_cm_Flak_37_Sfl."
ussr_t_80ud,234.0,47.82,0.0,0.0,0.97,1.45,2574.0,51.68,0.0,0.0,1.58,1.46,21.0,50.0,0.0,0.0,0.5,0.71,T-80UD
f3h-2,233.0,50.14,1.12,1.31,0.01,0.01,140.0,74.17,3.37,2.97,0.58,0.77,0.0,,,,,,F3H-2
la-5fn,231.0,75.67,4.54,5.11,0.51,0.6,90.0,52.78,3.5,3.12,0.91,0.86,0.0,,,,,,La-5FN
jp_m24_chaffee,230.0,65.83,0.05,0.05,3.7,4.04,410.0,62.79,0.0,0.0,2.17,2.01,15.0,0.0,0.0,0.0,0.0,0.0,M24
ussr_t_80uk,229.0,46.96,0.0,0.0,1.21,1.77,2171.0,41.32,0.0,0.0,1.51,1.17,0.0,,,,,,T-80UK
av_8c,222.0,48.2,1.65,2.25,0.02,0.03,59.0,74.71,1.01,0.85,1.18,1.05,0.0,,,,,,AV-8C
germ_pzkpfw_IV_ausf_H,216.0,69.02,0.0,0.0,4.0,4.08,343.0,42.1,0.0,0.0,2.26,1.38,51.0,,,0.0,,1.48,Pz.IV_H
yak-9u,214.0,83.98,4.05,3.67,0.47,0.45,15.0,,,,,,0.0,,,,,,Yak-9U
su_30sm2,213.0,37.24,6.67,4.89,0.08,0.06,1117.0,61.26,1.27,1.5,1.09,1.27,44.0,81.16,0.85,0.85,1.84,1.84,Су-30СМ2
mig_23mla,210.0,53.77,1.91,1.62,0.16,0.11,58.0,50.0,0.88,1.18,0.0,0.0,24.0,,,1.0,,0.0,◊MiG-23MLA
ussr_t_34E_STZ,206.0,86.93,0.06,0.07,2.92,2.97,121.0,52.38,0.0,0.0,2.06,2.12,0.0,,,,,,T-34E_STZ
ussr_t_34_100,199.0,89.17,0.0,0.0,4.45,3.89,314.0,56.27,0.0,0.0,3.59,2.59,18.0,,,,,,T-34-100
bf-109f-4_trop,197.0,63.9,5.69,6.17,0.63,0.69,55.0,100.0,2.54,1.96,1.0,0.73,0.0,,,,,,Bf_109_F-4/trop
us_xm_803,196.0,49.22,0.0,0.0,2.22,1.94,2236.0,58.4,0.0,0.0,2.5,2.11,0.0,,,,,,XM803
germ_leopard_a1a1_120,196.0,52.67,0.0,0.0,2.04,1.45,583.0,52.44,0.0,0.0,1.94,1.74,0.0,,,,,,Leopard_A1A1_(L/44)
us_t29,191.0,85.16,0.0,0.0,12.06,12.04,1657.0,59.69,0.0,0.0,4.16,3.19,0.0,,,,,,T29
ussr_t_72a,189.0,54.56,0.16,0.1,3.6,2.38,1675.0,49.74,0.0,0.0,2.6,2.11,0.0,,,,,,T-72A
cn_ztz_99a,187.0,48.71,0.0,0.0,1.41,1.64,246.0,68.11,0.0,0.0,2.67,1.71,0.0,,,,,,ZTZ99A
la-5_type39,186.0,69.39,4.63,5.8,1.45,1.87,0.0,,,,,,0.0,,,,,,La-5F
p-51d-20-na_iaf,186.0,47.3,1.93,1.58,0.61,0.46,33.0,20.0,0.8,0.18,0.8,0.55,0.0,,,,,,P-51D-20-NA_(Israel)
jp_type_10,184.0,59.74,0.0,0.0,4.06,3.89,664.0,59.58,0.0,0.0,3.04,2.07,0.0,,,,,,Type_10
us_m6a1,184.0,90.45,0.04,0.03,5.62,4.97,67.0,100.0,0.0,0.0,6.67,4.15,0.0,,,,,,M6A1
ussr_t_34_57_1943,184.0,78.94,0.0,0.0,2.77,3.76,277.0,55.58,0.0,0.0,4.57,3.46,0.0,,,,,,T-34-57_(1943)
sw_strv_122b_plus,183.0,100.0,0.0,0.0,4.93,6.32,386.0,51.43,0.0,0.0,3.92,3.22,0.0,,,,,,Strv_122B+
p-47d_22_re,183.0,69.41,3.17,2.9,1.98,1.64,85.0,50.0,0.71,0.53,1.36,1.07,0.0,,,,,,P-47D-22-RE
germ_panzerjager_panther,183.0,62.14,0.0,0.0,3.42,2.69,275.0,38.63,0.0,0.0,1.31,1.22,0.0,,,,,,Jagdpanther_G1
jp_type_4_chi_to_late,182.0,80.73,0.24,0.18,5.51,5.41,166.0,73.72,0.0,0.0,3.55,2.81,15.0,0.0,0.0,0.0,2.0,2.0,Chi-To_Late
jp_type_4_chi_to,181.0,72.56,0.03,0.03,5.79,4.5,150.0,90.67,0.0,0.0,4.5,3.07,21.0,0.0,0.0,0.0,1.0,1.0,Chi-To
us_m4a2_sherman,181.0,93.39,0.06,0.07,5.84,4.5,310.0,64.78,0.0,0.0,4.61,2.65,0.0,,,,,,M4A2
ussr_t_10m,181.0,39.67,0.09,0.09,4.93,4.06,462.0,50.13,0.0,0.0,2.78,2.46,0.0,,,,,,T-10M
cn_oplot_t,181.0,41.51,0.0,0.0,1.0,1.31,322.0,61.98,0.0,0.0,2.49,1.42,0.0,,,,,,Oplot-M
us_halftrack_m3_75mm_gmc,180.0,60.31,0.0,0.0,3.33,3.86,0.0,,,,,,0.0,,,,,,M3_GMC
ussr_2s1,180.0,48.45,0.04,0.03,0.98,0.86,194.0,40.72,0.06,0.05,1.25,0.76,0.0,,,,,,2S1
pe-2-359,179.0,100.0,0.36,0.32,6.82,6.27,0.0,,,,,,0.0,,,,,,Pe-2-359
us_lvt_a_1,178.0,97.03,0.05,0.09,5.22,6.44,9.0,,,,,,0.0,,,,,,LVT(A)(1)
ussr_bt_5,173.0,86.87,0.0,0.0,5.41,5.84,67.0,44.44,0.0,0.0,3.66,4.72,0.0,,,,,,BT-5
germ_leopard_2k,172.0,47.9,0.0,0.0,3.43,2.49,1205.0,53.07,0.0,0.0,2.56,1.78,0.0,,,,,,Leopard_2K
i_185_m82,170.0,56.11,3.85,2.78,0.52,0.42,52.0,92.86,0.14,0.42,1.0,0.67,0.0,,,,,,I-185_(M-82)
germ_panzerbefelhswagen_IV_ausf_J,169.0,74.34,0.0,0.0,3.06,4.29,299.0,49.91,0.0,0.0,2.03,1.94,0.0,,,,,,Pz.Bfw.IV
ussr_t_80ue1_sm,169.0,72.37,0.0,0.0,3.89,2.64,3313.0,45.12,0.0,0.0,1.36,1.11,0.0,,,,,,◍Т-80У-Е1
us_m1a2_abrams,169.0,70.31,0.02,0.02,3.01,2.34,1054.0,58.36,0.0,0.0,2.28,2.03,0.0,,,,,,M1A2_Abrams
germ_pzkpfw_IV_ausf_J,168.0,61.27,0.0,0.0,1.52,2.18,120.0,10.0,0.0,0.0,1.7,0.85,12.0,,,0.0,,1.08,Pz.IV_J
yak-9t,167.0,57.22,4.84,4.28,0.29,0.22,50.0,75.44,0.32,0.14,0.72,0.39,0.0,,,,,,Yak-9T
ussr_bmpt_72,167.0,62.08,0.0,0.0,2.74,3.0,1447.0,45.91,0.0,0.0,1.68,1.28,0.0,,,,,,БМПТ-72
germ_panther_II,163.0,88.94,0.0,0.0,5.45,4.33,203.0,70.22,0.0,0.0,5.12,4.38,2.0,,,0.0,,0.0,Panther_II
ussr_t_44_100,162.0,51.53,0.0,0.0,3.93,3.11,881.0,47.69,0.0,0.0,2.32,1.79,69.0,42.0,0.0,0.0,2.92,2.93,T-44-100
jp_tkx_prot,161.0,63.34,0.0,0.0,4.37,4.27,722.0,64.14,0.0,0.0,2.62,2.15,0.0,,,,,,TKX
us_m5a1_stuart,160.0,57.89,0.07,0.13,1.61,2.78,56.0,50.0,0.0,0.0,1.13,1.09,0.0,,,,,,M5A1
us_m1a1_hc_usmc,159.0,70.95,0.05,0.04,3.19,3.8,3856.0,60.45,0.0,0.0,2.48,2.08,5.0,,,0.0,,0.0,M1A1_Click-Bait
ussr_t_80bvm,159.0,55.78,0.0,0.0,2.43,2.22,5709.0,51.63,0.0,0.0,2.06,1.71,9.0,100.0,0.0,0.0,4.0,4.0,T-80BVM
jp_type_97_chi_ha,158.0,100.0,0.19,0.3,7.46,13.35,0.0,,,,,,0.0,,,,,,Chi-Ha
uk_a17_mk_1_tetrarch,158.0,74.7,0.05,0.08,3.16,5.01,1.0,,,0.0,,1.0,0.0,,,,,,Tetrarch_I
uk_chieftain_mk_10,158.0,61.67,0.0,0.0,3.38,5.12,150.0,73.56,0.0,0.0,2.63,2.18,0.0,,,,,,Chieftain_Mk_10
sw_lvkv_42,157.0,70.94,0.46,0.44,2.95,2.9,109.0,76.9,0.01,0.02,0.93,0.66,0.0,,,,,,Lvkv_42
ussr_object_435,157.0,55.45,0.0,0.0,1.64,1.9,263.0,39.63,0.0,0.0,1.74,1.19,0.0,,,,,,Object_435
yak-7b,154.0,84.82,6.8,5.37,1.42,1.03,0.0,,,,,,0.0,,,,,,Yak-7B
fw-190a-4,154.0,80.12,9.13,7.45,0.95,0.86,70.0,91.67,2.5,3.0,0.93,2.0,0.0,,,,,,Fw_190_A-4
germ_pzkpfw_V_ausf_g_panther,154.0,66.65,0.0,0.0,1.92,1.62,378.0,37.28,0.0,0.0,2.14,1.53,2.0,,,0.0,,0.0,Panther_G
uk_a_13_mk1,152.0,69.07,0.09,0.12,4.85,8.29,0.0,,,,,,0.0,,,,,,A13_Mk_I
it_m24_chaffee,152.0,96.67,0.0,0.0,6.27,5.35,307.0,56.54,0.02,0.02,2.18,1.51,0.0,,,,,,M24
mig_25pd,152.0,60.8,5.71,5.56,0.0,0.0,272.0,73.92,2.6,2.95,0.0,0.0,0.0,,,,,,МиГ-25ПД
fr_amx_50_surbaisse,151.0,69.83,0.0,0.0,4.21,3.15,263.0,77.89,0.0,0.0,4.38,2.57,0.0,,,,,,AMX-50_Surbaissé
us_mbt_70,151.0,48.28,0.0,0.0,0.91,0.85,1124.0,57.18,0.0,0.0,2.27,1.71,0.0,,,,,,MBT-70
ussr_t_44,151.0,41.67,0.0,0.0,1.15,1.55,585.0,49.5,0.0,0.0,3.26,1.93,6.0,,,0.0,,1.0,T-44
ussr_t_34_1942,149.0,70.0,0.0,0.0,3.03,4.66,162.0,80.95,0.0,0.0,5.86,1.61,0.0,,,,,,T-34_(1942)
ussr_t_34E,148.0,93.67,0.0,0.0,2.64,2.56,27.0,50.0,0.0,0.0,1.28,1.97,0.0,,,,,,T-34E
ussr_is_2_1944,145.0,48.78,0.0,0.0,1.78,1.52,526.0,49.16,0.0,0.0,2.05,1.75,0.0,,,,,,IS-2_(1944)
germ_pzkpfw_V_ausf_f_panther,143.0,58.08,0.0,0.0,2.76,3.97,326.0,49.41,0.0,0.0,2.53,1.58,0.0,,,,,,Panther_F
germ_pzkpfw_V_ausf_a_panther,141.0,47.41,0.03,0.04,1.41,2.49,707.0,39.85,0.0,0.0,1.66,1.32,0.0,,,,,,Panther_A
ussr_t_90m_2020,141.0,49.64,0.0,0.0,1.63,2.42,2317.0,49.6,0.0,0.0,2.08,1.7,0.0,,,,,,T-90M
itp_m1,139.0,88.76,3.62,3.53,0.89,0.85,34.0,70.83,0.92,1.28,2.22,2.08,0.0,,,,,,ITP_(M-1)
ussr_9a35_m2,138.0,34.22,2.49,4.91,0.6,1.17,124.0,29.41,2.05,2.88,0.0,0.0,0.0,,,,,,Strela-10M2
mosquito_j30_sweden,137.0,41.82,2.58,1.83,0.15,0.09,61.0,64.59,0.78,0.62,0.48,0.21,0.0,,,,,,Mosquito_J30
ussr_asu_85,137.0,42.64,0.0,0.0,0.61,0.61,271.0,44.65,0.0,0.0,1.4,0.93,0.0,,,,,,ASU-85
p-51d-20-na,136.0,63.67,8.07,16.22,0.64,1.16,93.0,71.53,1.39,1.45,1.47,1.56,0.0,,,,,,P-51D-20-NA
ussr_t_34_85_stp_s53,135.0,49.29,0.2,0.27,1.2,1.77,1269.0,52.55,0.0,0.0,2.68,2.21,0.0,,,,,,Т-34-85_(СТП)
f-4c,135.0,48.15,1.38,0.99,0.1,0.06,187.0,40.0,1.09,1.55,0.67,1.13,0.0,,,,,,F-4C_Phantom_II
us_m4a2_76w_sherman,135.0,33.95,0.0,0.0,2.04,1.3,504.0,63.57,0.0,0.0,2.61,2.34,0.0,,,,,,M4A2_(76)_W
ussr_t_80ue1,134.0,45.49,0.0,0.0,2.61,2.07,3627.0,42.84,0.0,0.0,1.6,1.34,12.0,,,0.0,,0.0,Т-80U-Е1
cn_wz_1001,134.0,44.44,0.0,0.0,1.18,1.37,248.0,65.16,0.0,0.0,1.75,1.84,0.0,,,,,,WZ1001(E)_LCT
cn_t_34_1942,133.0,89.25,0.0,0.0,4.79,6.32,86.0,100.0,0.0,0.0,6.31,2.79,0.0,,,,,,T-34_(1943)_(China)
ussr_zsu_29k,132.0,83.67,0.0,0.0,3.67,3.62,0.0,,,,,,0.0,,,,,,YaG-10_(29-K)
f4u-1d,131.0,66.95,2.14,1.63,4.19,3.18,5.0,,,0.0,,1.0,0.0,,,,,,F4U-1D
saab_b3c,129.0,100.0,2.15,0.87,38.35,15.54,0.0,,,,,,0.0,,,,,,B3C
ussr_bt_7_1937,128.0,90.41,0.0,0.0,5.67,4.3,66.0,100.0,0.0,0.0,9.75,3.78,0.0,,,,,,BT-7
ussr_t_55a,128.0,65.53,0.0,0.0,4.29,2.85,880.0,58.99,0.0,0.0,2.54,1.86,0.0,,,,,,T-55A
sw_strv_m39,127.0,100.0,0.0,0.0,3.97,4.45,0.0,,,,,,0.0,,,,,,Strv_m/39
f6f-3,127.0,75.0,1.22,0.94,8.54,6.45,106.0,84.72,0.65,0.63,2.27,2.12,5.0,,,,,,F6F-5
uk_a_13_mk2,127.0,71.81,0.0,0.0,3.93,6.26,1.0,,,0.0,,2.0,0.0,,,,,,A13_Mk_II
yak-1b,127.0,99.44,9.29,12.4,3.88,5.13,116.0,54.17,5.9,3.63,2.52,1.72,0.0,,,,,,Yak-1B
yak-3_eremin,127.0,96.21,5.82,6.15,0.51,0.54,20.0,81.25,1.0,1.0,0.81,1.0,0.0,,,,,,Eremin's_Yak-3(e)
spitfire_mk9c_iaf,127.0,52.74,5.6,2.23,1.67,0.73,20.0,55.0,0.55,1.0,0.0,0.0,0.0,,,,,,Spitfire_Mk_IXc_(Israel)
us_mk1_grant,126.0,55.66,0.11,0.18,3.05,5.59,21.0,0.0,0.0,0.0,1.6,1.6,0.0,,,,,,Grant_I
uk_sherman_vc_firefly,126.0,50.0,0.05,0.06,2.02,2.9,147.0,60.73,0.0,0.0,5.02,3.08,0.0,,,,,,Sherman_Firefly
germ_pzkpfw_VI_ausf_b_tiger_IIp,126.0,31.8,0.39,0.38,3.66,4.2,722.0,41.8,0.0,0.0,1.66,1.67,0.0,,,,,,Tiger_II_(P)
fr_somua_sm,125.0,68.45,0.0,0.0,4.89,3.82,807.0,73.3,0.0,0.0,4.08,3.01,0.0,,,,,,Somua_SM
germ_flakpanzer_IV_Ostwind,124.0,77.99,1.95,1.84,1.93,1.72,283.0,28.0,1.46,1.3,0.91,0.75,0.0,,,,,,Ostwind
p-51_mk1a_usaaf,124.0,71.74,3.82,3.42,0.09,0.07,38.0,,,1.0,,0.0,23.0,,,,,,P-51
us_t20,123.0,84.55,0.0,0.0,6.31,7.63,2492.0,70.44,0.0,0.0,4.6,4.48,15.0,50.0,0.0,0.0,3.0,3.0,T20
ussr_t_44_po,122.0,95.83,0.0,0.0,4.31,4.78,122.0,67.43,0.0,0.0,4.46,2.48,0.0,,,,,,Т-44(ПМ)
pe-2-31,120.0,100.0,0.15,0.13,4.8,4.96,0.0,,,,,,0.0,,,,,,Pe-2-31
ki_43_3_otsu,119.0,67.67,7.11,7.98,0.0,0.0,169.0,80.74,1.03,1.43,1.2,1.75,0.0,,,,,,Ki-43-III_otsu
it_m4a4_sherman,118.0,79.74,0.0,0.0,4.17,7.22,86.0,86.67,0.0,0.0,5.45,3.67,0.0,,,,,,Sherman_V
us_m18_hellcat,118.0,51.67,0.0,0.0,1.57,1.39,1137.0,54.66,0.0,0.0,2.02,1.56,11.0,100.0,0.0,0.0,1.0,1.0,M18_GMC
germ_panzerbefelhswagen_jagdpanther,117.0,61.11,0.0,0.0,6.73,7.43,93.0,43.14,0.0,0.0,1.39,1.23,0.0,,,,,,Bfw._Jagdpanther_G1
us_m1a2_sep2_abrams,117.0,73.98,0.0,0.0,3.77,3.81,3431.0,55.9,0.0,0.0,2.16,1.95,12.0,,,0.0,,1.0,M1A2_SEP_V2
us_m4a1_1942_sherman,117.0,63.33,0.0,0.0,2.81,2.07,70.0,100.0,0.0,0.0,4.41,3.41,0.0,,,,,,M4A1
jp_type_3_chi_nu_75cm_type_5,116.0,82.0,0.05,0.08,5.56,7.34,252.0,59.18,0.0,0.0,3.33,2.56,0.0,,,,,,Chi-Nu_II
fa_18e_block_2,116.0,61.11,5.3,2.87,0.83,0.38,537.0,63.0,1.61,2.04,0.79,1.01,18.0,50.0,2.0,2.0,1.0,1.0,F/A-18E
il_sabra_mk1,116.0,80.33,0.0,0.0,3.34,2.29,95.0,83.34,0.0,0.0,4.48,2.98,0.0,,,,,,Sabra_Mk.I
ussr_is_1,116.0,59.29,0.0,0.0,2.94,3.43,320.0,49.22,0.0,0.0,2.13,2.2,0.0,,,,,,IS-1
jp_type_90b_sm,116.0,47.78,0.0,0.0,0.73,0.75,259.0,52.61,0.0,0.0,2.65,2.7,0.0,,,,,,◍Type_90_(B)
ussr_su_100p,115.0,45.44,0.0,0.0,1.86,1.87,528.0,50.59,0.0,0.0,2.53,1.65,0.0,,,,,,SU-100P
it_leopard_2a4,114.0,69.45,0.0,0.0,4.38,4.83,257.0,53.98,0.0,0.0,1.64,1.42,0.0,,,,,,◔Leopard_2A4
la-7b-20,114.0,57.0,4.22,6.14,0.71,1.02,87.0,46.14,0.84,1.0,0.54,0.66,0.0,,,,,,La-7B-20
p-47d-28,114.0,77.45,1.83,1.91,3.47,3.02,22.0,100.0,0.0,1.27,1.67,1.33,37.0,0.0,2.0,2.0,0.0,0.0,P-47D-28
ussr_t_62m1,114.0,59.39,0.0,0.0,2.13,2.09,354.0,56.3,0.0,0.0,2.01,1.68,25.0,100.0,0.0,0.0,1.0,0.73,T-62M-1
sw_pzkpfw_IV_ausf_J,114.0,53.5,0.0,0.0,3.73,5.32,99.0,46.67,0.0,0.0,2.13,1.34,0.0,,,,,,Pz.IV
us_t1e1,114.0,48.15,0.0,0.0,2.25,1.35,74.0,45.98,0.0,0.0,2.02,3.38,0.0,,,,,,T1E1
f8f1,114.0,63.89,2.83,1.57,2.21,0.72,305.0,61.53,0.64,0.8,1.42,1.58,0.0,,,,,,F8F-1
pe-2-83,113.0,100.0,0.15,0.15,4.87,4.42,0.0,,,,,,0.0,,,,,,Pe-2-83
germ_pzkpfw_IV_ausf_F2,112.0,41.67,0.21,0.12,3.58,3.56,279.0,59.29,0.0,0.0,4.18,2.95,0.0,,,,,,Pz.IV_F2
fj_4b,112.0,51.17,1.42,1.38,0.0,0.0,18.0,100.0,3.0,,0.0,,0.0,,,,,,FJ-4B
ussr_kv_1s,112.0,54.44,0.0,0.0,2.99,3.25,159.0,74.94,0.0,0.0,1.55,0.92,0.0,,,,,,KV-1S
sw_pvkv_II,111.0,93.03,0.0,0.0,4.25,5.34,94.0,80.95,0.0,0.0,5.22,3.41,0.0,,,,,,Pvkv_II
germ_flakpz_I_Gepard,110.0,45.0,0.95,1.07,1.32,1.4,1512.0,32.66,0.22,0.17,0.8,0.64,2.0,,,0.0,,1.0,Gepard
ussr_t_72av_turms,110.0,59.44,0.0,0.0,3.05,2.08,1442.0,49.84,0.0,0.0,1.85,1.71,0.0,,,,,,T-72AV_(TURMS-T)
f-86f-2,109.0,56.3,0.84,1.05,0.11,0.11,151.0,50.25,1.64,2.54,0.35,0.53,0.0,,,,,,F-86F-2
su_30sm,108.0,56.43,3.25,3.26,0.12,0.11,464.0,60.01,1.02,1.35,1.33,1.76,55.0,86.6,1.23,1.0,1.43,1.22,Су-30СМ
us_t26e4_superpershing,108.0,76.31,0.15,0.15,3.99,4.67,414.0,68.84,0.0,0.0,4.58,2.51,0.0,,,,,,T26E1-1
f_16a_block_5_netherlands,108.0,43.48,1.75,0.98,0.0,0.0,18.0,50.0,0.0,0.0,0.0,0.0,0.0,,,,,,◘F-16A
it_c1_ariete_preserie,107.0,62.78,0.0,0.0,4.31,5.36,198.0,65.69,0.0,0.0,2.22,2.21,0.0,,,,,,Ariete_(P)
ki_61_1a_otsu_china,107.0,84.71,8.41,8.49,2.54,2.47,0.0,,,,,,23.0,94.74,0.11,0.11,1.11,1.11,Ki-61-I_otsu_(China)
jp_type_90b_camo,107.0,69.0,0.0,0.0,3.63,3.23,3176.0,52.61,0.0,0.0,2.28,1.78,0.0,,,,,,"Type_90_(B)_""Fuji"""
do_335a_1,106.0,98.53,1.08,0.9,12.25,4.61,39.0,38.51,0.48,0.86,1.44,1.93,0.0,,,,,,Do_335_A-1
ffvs_j22_b,106.0,50.83,2.21,1.37,0.25,0.63,13.0,,,0.0,,0.0,0.0,,,,,,J22-B
us_m4a3e8_76w_sherman,106.0,44.44,0.0,0.0,2.61,2.28,381.0,47.01,0.0,0.0,3.41,2.58,2.0,,,0.0,,1.0,M4A3_(76)_W
p-47d,105.0,85.64,1.34,1.12,4.41,3.83,30.0,63.34,0.34,0.4,0.42,0.36,21.0,,,,,,P-47D-25
uk_a_33_excelsior,104.0,100.0,0.0,0.0,7.84,8.13,195.0,67.95,0.0,0.0,4.78,4.92,0.0,,,,,,Excelsior
ussr_object_292,104.0,50.0,0.0,0.0,2.81,2.23,532.0,64.47,0.0,0.0,4.36,2.68,2.0,,,0.0,,1.0,Object_292
cn_type_58,104.0,82.67,0.0,0.0,3.23,3.31,109.0,88.98,0.0,0.0,7.35,2.71,0.0,,,,,,Т-34-85_Gai
uk_sherman_ic_firefly,103.0,56.14,0.0,0.0,6.85,5.48,74.0,93.33,0.0,0.0,3.1,3.71,0.0,,,,,,"Sherman_IC_""Trzyniec"""
ussr_t_72b_1989,103.0,50.0,0.0,0.0,2.05,1.9,282.0,39.96,0.0,0.0,1.97,1.42,0.0,,,,,,T-72B_(1989)
germ_kpz_70,103.0,42.83,0.0,0.0,1.23,1.33,1271.0,51.72,0.0,0.0,2.19,1.54,0.0,,,,,,KPz-70
av_8a,102.0,50.0,6.33,4.86,0.75,1.28,35.0,50.0,1.0,1.83,0.5,1.0,8.0,,,0.0,,0.0,AV-8A
p-51_a-36,102.0,,,3.35,,0.99,43.0,50.0,0.5,0.3,2.0,1.82,0.0,,,,,,A-36
il_2m_1943,101.0,95.0,1.89,1.74,7.25,6.75,0.0,,,,,,0.0,,,,,,IL-2M_(1943)
mig-21_bis_lazur,101.0,54.07,1.71,1.47,0.59,0.47,423.0,55.89,1.24,1.55,0.31,0.38,7.0,,,5.0,,0.0,"◊MiG-21_""Lazur-M"""
p-63a-10,101.0,94.2,1.91,1.34,1.1,0.89,218.0,51.13,0.53,0.48,0.93,0.81,0.0,,,,,,P-63A-10
it_pzkpfw_VI_ausf_e_tiger,100.0,50.0,0.13,0.09,3.54,2.89,174.0,69.56,0.0,0.0,6.82,4.56,0.0,,,,,,Tigris
cf_188a_canada,100.0,26.35,1.61,1.6,0.07,0.06,171.0,45.66,1.17,1.38,0.09,0.11,0.0,,,,,,CF-188A
germ_sdkfz_234_2,100.0,74.17,0.0,0.0,2.32,1.81,834.0,37.51,0.0,0.0,0.97,0.78,27.0,,,0.0,,0.93,Sd.Kfz.234/2
me_264,99.0,87.04,0.7,0.41,6.63,3.97,0.0,,,,,,0.0,,,,,,Me_264
f-104a,99.0,54.12,1.09,1.69,0.0,0.0,3.0,,,1.0,,0.0,0.0,,,,,,F-104A
p-51d-20-na_j26,98.0,54.17,1.99,1.34,0.35,0.37,64.0,0.0,0.98,0.9,0.0,0.0,0.0,,,,,,J26
germ_begleitpanzer_57,97.0,57.45,1.42,2.88,2.22,4.36,1495.0,50.88,0.21,0.15,1.63,1.18,19.0,100.0,0.0,0.0,2.0,2.0,Begleitpanzer_57
cn_vt_4,97.0,51.0,0.0,0.0,1.02,1.28,59.0,37.12,0.0,0.0,1.2,1.06,0.0,,,,,,VT4
sw_strv_m42_delat_torn,97.0,70.69,0.0,0.0,2.35,1.92,172.0,54.14,0.0,0.0,1.74,1.35,0.0,,,,,,Strv_m/42_DT
yak-9m,96.0,90.56,7.51,8.59,0.67,0.88,7.0,,,,,,0.0,,,,,,Golovachev's_Yak-9M
ussr_t_72b,95.0,49.22,0.0,0.0,1.66,1.87,232.0,22.29,0.0,0.0,2.3,1.64,0.0,,,,,,T-72B
sw_cv_90105_tml,95.0,78.18,0.0,0.0,2.18,1.44,1592.0,56.13,0.0,0.0,2.03,1.54,0.0,,,,,,CV_90105
jp_type_89b_i_go_otsu,94.0,100.0,0.27,0.46,4.97,9.31,24.0,,,0.0,,4.0,0.0,,,,,,I-Go_Ko
mig_23mf_germany,94.0,50.0,1.05,1.35,0.27,0.32,0.0,,,,,,0.0,,,,,,◊MiG-23MF
yak_2_kabb,93.0,100.0,2.27,2.37,4.87,5.18,0.0,,,,,,17.0,,,,,,Yak-2_KABB
sw_strv_m38,93.0,100.0,0.0,0.0,2.65,4.88,12.0,50.0,0.0,0.0,0.5,0.75,0.0,,,,,,Strv_m/38
mig-21_s,93.0,56.06,5.15,4.32,0.0,0.0,154.0,70.83,1.8,1.59,0.13,0.09,0.0,,,,,,MiG-21S_(R-13-300)
us_m4_t26,93.0,56.06,0.24,0.29,4.45,3.12,418.0,53.42,0.0,0.0,1.68,1.51,14.0,,,0.0,,1.29,M4/T26
germ_leopard_2a6,93.0,62.39,0.16,0.18,2.21,3.31,961.0,40.53,0.0,0.0,2.0,1.53,7.0,,,0.0,,1.86,Leopard_2A6
f4u-1c,93.0,89.74,3.53,1.66,0.1,0.05,55.0,10.87,2.15,2.22,1.72,1.66,0.0,,,,,,F4U-1C
ki_44_2_hei,92.0,67.04,8.43,4.33,0.18,0.06,1.0,100.0,1.0,,0.0,,0.0,,,,,,Ki-44-II_hei
f-4jk,92.0,21.52,0.79,0.79,0.02,0.02,121.0,37.41,1.0,0.89,0.5,0.47,1.0,,,,,,F-4J(UK)_Phantom_II
ar_2,91.0,100.0,0.56,0.55,10.16,10.04,0.0,,,,,,0.0,,,,,,Ar-2
uk_chieftain_900,91.0,51.92,0.0,0.0,2.75,2.87,94.0,85.56,0.0,0.0,2.68,2.3,0.0,,,,,,Chieftain_900
ussr_t_80u,91.0,59.89,0.0,0.0,1.21,1.24,1455.0,37.05,0.0,0.0,1.61,1.31,9.0,,,,,,T-80U
germ_leopard_I,90.0,58.34,0.0,0.0,2.32,1.9,720.0,34.69,0.0,0.0,1.29,0.81,0.0,,,,,,Leopard_I
germ_pzsfl_IVa_dickermax,90.0,42.26,0.0,0.0,1.05,1.47,74.0,,,0.0,,2.95,0.0,,,,,,Dicker_Max
germ_leopard_2a7v,89.0,72.73,0.25,0.29,3.84,4.29,1914.0,46.41,0.0,0.0,2.73,1.98,0.0,,,,,,Leopard_2A7V
sw_l_62_anti_II,89.0,81.2,0.77,0.85,1.84,1.91,123.0,55.56,0.02,0.01,3.72,1.18,0.0,,,,,,L-62_ANTI_II
la-7_dolgushin,88.0,85.44,5.34,6.28,1.22,1.36,70.0,71.07,4.17,14.83,0.87,3.0,0.0,,,,,,Dolgushin's_La-7
fr_amx_30_super,88.0,100.0,0.0,0.0,4.4,1.41,683.0,61.81,0.0,0.0,3.59,2.44,0.0,,,,,,AMX-30_Super
germ_vk_3002m,88.0,26.73,0.0,0.0,3.72,2.36,223.0,28.93,0.0,0.0,3.56,1.92,3.0,,,0.0,,0.0,VK_3002_(M)
ussr_btr_152d,87.0,59.26,1.53,3.96,0.26,0.74,312.0,26.26,0.92,0.67,0.03,0.02,0.0,,,,,,BTR-152D
ussr_zsu_23_4m4,86.0,39.47,2.87,2.38,0.78,0.64,396.0,34.77,0.94,0.51,0.0,0.0,0.0,,,,,,ZSU-23-4M4
ussr_is_3,86.0,50.0,0.42,0.75,2.12,3.53,285.0,61.09,0.0,0.0,3.37,2.25,0.0,,,,,,IS-3
ussr_zsu_57_2,86.0,30.95,0.07,0.03,4.14,1.97,770.0,39.99,0.05,0.01,2.02,1.14,33.0,90.0,0.0,0.0,1.0,1.0,ZSU-57-2
jp_type_90,86.0,45.55,0.0,0.0,0.97,1.02,724.0,57.92,0.0,0.0,1.8,1.82,0.0,,,,,,Type_90
it_c1_ariete_certezza,84.0,66.67,0.0,0.0,7.0,7.0,336.0,57.85,0.0,0.0,2.9,2.06,0.0,,,,,,Ariete_Сertezza
yak-9,84.0,66.67,5.53,2.85,0.0,0.0,41.0,,,1.61,,0.0,0.0,,,,,,Yak-9
fw-190a-1,82.0,100.0,6.9,5.97,1.73,1.43,68.0,71.74,1.55,3.15,0.0,0.0,24.0,,,1.88,,0.0,Fw_190_A-1
us_m4_sherman,82.0,28.67,0.0,0.0,3.02,4.56,160.0,51.11,0.0,0.0,4.76,3.99,0.0,,,,,,M4
us_m2a4_1st_armor_div,81.0,93.06,0.0,0.0,4.15,4.85,0.0,,,,,,0.0,,,,,,M2A4_(1st_Arm.Div.)
f_16c_block_52_aesa,81.0,46.53,2.87,3.39,0.25,0.45,970.0,58.11,0.81,0.93,0.73,0.87,41.0,45.56,0.61,0.51,0.54,0.48,F-16CM_PoBIT
mig_29_9_13,81.0,57.45,2.62,2.26,0.0,0.0,55.0,100.0,1.85,1.4,0.0,0.0,0.0,,,,,,MiG-29
germ_spz_oerlikon_raketenautomat,81.0,59.83,0.0,0.0,1.84,1.1,184.0,24.89,0.0,0.0,2.13,2.04,0.0,,,,,,Raketenautomat
f-89d,80.0,66.67,10.02,10.02,0.0,0.0,49.0,57.97,3.46,6.22,0.0,0.0,0.0,,,,,,F-89D
yak-1_early,80.0,100.0,6.57,5.64,1.84,1.61,29.0,0.0,2.0,2.0,0.0,0.0,0.0,,,,,,Yak-1
germ_pzh_2000,80.0,42.31,1.48,0.76,2.13,1.86,591.0,25.64,0.07,0.07,1.64,1.46,0.0,,,,,,PzH_2000
us_t14,79.0,79.49,0.12,0.19,3.94,4.67,580.0,66.18,0.0,0.0,5.2,4.29,0.0,,,,,,T14
cn_m36,79.0,79.63,0.0,0.0,1.63,1.61,160.0,69.76,0.0,0.0,2.07,1.4,0.0,,,,,,M36_GMC_(China)
la_174,78.0,80.0,6.0,7.5,0.6,0.8,0.0,,,,,,0.0,,,,,,La-174
la-5_type37_early,78.0,93.5,5.24,6.58,3.03,4.4,0.0,,,,,,0.0,,,,,,La-5
ussr_t_64_b_1984,78.0,83.33,0.0,0.0,3.76,4.25,343.0,41.22,0.0,0.0,1.96,2.09,0.0,,,,,,T-64B
sw_strv_74,78.0,82.74,0.0,0.0,2.85,2.38,330.0,40.49,0.0,0.0,1.36,0.87,0.0,,,,,,Strv_74
germ_pz_IV_L70_A,78.0,64.67,0.0,0.0,2.3,2.15,15.0,94.45,0.0,0.0,3.0,2.58,0.0,,,,,,Panzer_IV/70(A)
uk_a27m_cromwell_5,78.0,74.07,0.0,0.0,4.16,5.26,57.0,93.75,0.0,0.0,7.5,3.87,0.0,,,,,,Cromwell_V
bf_110g_4,78.0,82.14,0.55,0.66,2.82,3.24,0.0,,,,,,0.0,,,,,,Bf_110_G-4
f-4k,78.0,56.67,1.55,1.34,0.25,0.21,8.0,,,2.0,,0.0,0.0,,,,,,Phantom_FG.1
il_m109a1,78.0,0.0,0.32,0.21,1.94,1.44,27.0,,,0.0,,0.37,0.0,,,,,,Rochev
us_m60a3_tts,78.0,40.47,0.0,0.0,0.82,1.2,473.0,60.22,0.0,0.0,1.99,1.62,2.0,,,0.0,,1.0,M60A3_TTS
fr_amx_13_90,77.0,69.23,0.0,0.0,3.21,3.21,125.0,87.81,0.0,0.0,4.49,2.36,0.0,,,,,,AMX-13-90
yak-9k,76.0,58.89,2.35,2.38,0.2,0.16,779.0,61.13,0.18,0.23,2.15,2.33,0.0,,,,,,Yak-9K
us_m4a1_76w_sherman,76.0,60.71,0.0,0.0,2.02,1.88,258.0,62.51,0.0,0.0,3.72,3.53,0.0,,,,,,M4A1_(76)_W
f4u-1a,75.0,70.89,1.65,1.93,1.18,1.24,93.0,50.0,0.91,1.6,1.69,3.12,0.0,,,,,,F4U-1A
f9f-2,75.0,25.0,1.0,0.94,0.71,0.61,129.0,54.34,0.24,0.38,0.86,1.22,0.0,,,,,,F9F-2
us_m36b2,75.0,62.88,0.0,0.0,2.55,2.25,367.0,51.83,0.0,0.0,2.13,1.75,2.0,0.0,0.0,0.0,1.0,1.0,M36B2
bf-109f-2,74.0,56.35,7.98,6.41,2.25,1.83,22.0,0.0,0.0,0.0,1.0,1.0,0.0,,,,,,Bf_109_F-2
germ_pzkpfw_IV_ausf_G,74.0,71.21,0.0,0.0,2.34,2.09,130.0,26.94,0.0,0.0,3.31,1.94,0.0,,,,,,Pz.IV_G
firefly_mk1,73.0,100.0,2.77,1.66,8.47,5.06,3.0,,,0.0,,3.0,0.0,,,,,,Firefly_F_Mk_I
sw_strv_122b_plss,73.0,100.0,0.0,0.0,5.25,9.85,229.0,45.16,0.0,0.0,4.41,2.57,0.0,,,,,,Strv_122B_PLSS
germ_pzkpfw_VI_ausf_b_tiger_IIh_kwk46,73.0,67.39,0.0,0.0,7.67,7.28,283.0,88.99,0.02,0.02,8.14,6.69,0.0,,,,,,Tiger_II_(10.5_cm_Kw.K)
sw_t_28,73.0,100.0,0.0,0.0,3.5,3.57,5.0,,,0.0,,0.8,0.0,,,,,,T-28
cn_t_34_85_d_5t,73.0,82.72,0.0,0.0,3.75,4.16,120.0,92.89,0.0,0.0,3.57,1.8,0.0,,,,,,Т-34-85_(S-53)_(China)
ussr_t_55_am,73.0,35.56,0.0,0.0,0.96,0.9,465.0,53.08,0.0,0.0,2.17,2.1,7.0,,,0.0,,1.0,T-55AM-1
germ_nbfz_VI,72.0,100.0,0.0,0.0,3.86,7.72,0.0,,,,,,0.0,,,,,,Nb.Fz.
ussr_t_28,72.0,65.67,0.0,0.0,5.06,4.95,0.0,,,,,,0.0,,,,,,T-28
germ_jgdpz_IV_L48,72.0,98.21,0.0,0.0,4.34,4.19,182.0,33.21,0.0,0.0,6.04,4.38,19.0,,,0.0,,1.0,Jagdpanzer_IV
spitfire_lf_mk9e_iaf,72.0,17.71,1.83,1.58,1.29,0.88,69.0,50.0,1.09,1.09,1.22,1.22,0.0,,,,,,Spitfire_Mk.IX_(CW)_(Israel)
fr_amd_35_sa35,71.0,50.0,0.0,0.0,1.96,1.87,2.0,,,0.0,,1.0,0.0,,,,,,AMD.35_(SA35)
ussr_t_34_1941_l_11,70.0,76.96,0.0,0.0,2.98,3.3,147.0,68.97,0.0,0.0,5.44,4.06,0.0,,,,,,T-34_(1940)
us_t1e1_90,70.0,53.33,0.0,0.0,2.06,3.93,176.0,41.76,0.0,0.0,3.3,2.37,0.0,,,,,,T1E1_(90)
germ_le_kpz_m41,70.0,61.67,0.0,0.0,0.87,1.18,734.0,51.14,0.0,0.0,1.19,1.13,0.0,,,,,,leKPz_M41
a_10a_early,69.0,81.25,2.57,1.3,3.97,1.68,434.0,57.93,0.61,0.59,3.08,3.22,70.0,,,1.12,,3.63,A-10A
us_t25,69.0,100.0,0.0,0.0,8.95,6.77,85.0,88.0,0.0,0.0,3.9,2.36,27.0,,,,,,T25
cn_m1a2t,69.0,71.36,0.0,0.0,3.64,3.35,216.0,70.83,0.0,0.0,7.05,2.89,0.0,,,,,,M1A2T
ussr_bt_7_m,69.0,58.97,0.0,0.0,2.99,3.9,96.0,76.19,0.0,0.0,3.44,2.2,0.0,,,,,,BT-7M
fa_18a_raaf,69.0,19.44,1.22,1.22,0.0,0.0,50.0,72.81,1.25,1.77,0.0,0.0,21.0,,,1.0,,0.0,F/A-18A
us_m4a3e2_sherman_jumbo,69.0,32.0,0.32,0.29,0.1,0.09,289.0,55.6,0.0,0.0,3.97,2.69,0.0,,,,,,M4A3E2
a6m2_mod11,68.0,91.21,8.34,8.71,0.0,0.0,0.0,,,,,,0.0,,,,,,A6M2_mod._11
sw_t_80u,68.0,74.61,0.0,0.0,2.47,2.47,215.0,32.86,0.0,0.0,3.13,1.6,0.0,,,,,,T_80_U
ki_61_1a_otsu,68.0,40.0,3.2,4.26,0.8,1.14,0.0,,,,,,25.0,50.0,0.5,0.5,1.61,2.0,Ki-61-I_otsu
jp_type_98_ke_ni,67.0,100.0,0.0,0.0,4.14,9.37,25.0,50.0,0.0,0.0,1.15,2.52,0.0,,,,,,Ke-Ni
germ_flakpanzer_V_Coelian,67.0,50.0,0.07,0.23,2.87,1.92,635.0,64.81,0.89,0.75,3.65,3.08,8.0,0.0,1.0,,0.0,,Flakpanzer_341
uk_sherman_II,67.0,96.3,0.0,0.0,3.67,3.9,83.0,69.6,0.0,0.0,4.13,2.91,0.0,,,,,,Sherman_II
fr_amx_50,67.0,81.25,0.0,0.0,2.9,3.6,276.0,81.08,0.0,0.0,3.26,3.09,65.0,45.55,0.0,0.0,1.44,1.85,AMX-50_(TOA100)
ussr_t_34_1941,66.0,100.0,0.0,0.0,4.11,4.75,56.0,50.0,0.0,0.0,3.0,3.34,0.0,,,,,,T-34_(1941)
il_merkava_mk_2b_early,66.0,58.93,0.0,0.0,2.36,3.64,308.0,62.63,0.0,0.0,3.13,2.77,0.0,,,,,,Merkava_Mk.2B
mig_29smt_9_19,66.0,100.0,3.65,2.85,0.0,0.0,123.0,15.28,1.41,0.82,0.07,0.02,0.0,,,,,,MiG-29SMT
su_27sm,66.0,64.29,4.14,4.11,0.19,0.18,362.0,56.24,1.88,1.83,0.08,0.06,10.0,,,1.0,,0.0,Su-27SM
f6f-5n,66.0,100.0,2.5,1.66,1.66,1.1,89.0,82.67,0.73,0.37,3.59,1.77,0.0,,,,,,F6F-5N
ussr_t_64a_1971,66.0,45.56,0.0,0.0,2.89,2.38,916.0,48.61,0.0,0.0,2.59,1.92,36.0,100.0,0.0,0.0,4.08,2.87,T-64A_(1971)
sw_charioteer_mk_7,66.0,44.83,0.0,0.0,1.45,0.62,230.0,43.65,0.0,0.0,0.78,0.82,12.0,,,,,,Charioteer_Mk_VII
uk_a27m_cromwell_5_rp3,65.0,100.0,0.0,0.0,10.08,18.83,10.0,100.0,0.0,,2.5,,0.0,,,,,,Cromwell_V_(RP-3)
tornado_ids_de_mfg,65.0,67.19,0.36,0.29,5.66,4.9,0.0,,,,,,0.0,,,,,,◄Tornado_IDS_MFG
saab_t18b_1,65.0,100.0,4.92,2.85,13.92,7.91,0.0,,,,,,0.0,,,,,,T18B
sw_strf_90c,65.0,47.37,0.34,0.51,2.71,3.93,239.0,33.88,0.03,0.03,1.56,1.49,0.0,,,,,,Strf_9040C
cn_pgz_625_fb10,65.0,42.36,1.83,2.63,0.05,0.08,10.0,,,,,,0.0,,,,,,CS/SA5
uk_challenger_1,65.0,57.14,0.14,0.07,4.46,2.76,484.0,50.88,0.0,0.0,2.34,1.63,0.0,,,,,,Challenger_Mk.2
sw_strv121b_christian2,65.0,81.0,0.0,0.0,3.88,2.79,1007.0,53.18,0.0,0.0,2.83,1.8,0.0,,,,,,Christian_II
sw_a_34_comet,64.0,98.25,0.0,0.0,1.41,2.05,94.0,22.62,0.0,0.0,0.93,0.31,0.0,,,,,,Comet_I
thunderbolt_mk1,63.0,97.78,1.7,0.95,9.94,5.6,33.0,100.0,0.0,0.0,2.25,2.25,0.0,,,,,,Thunderbolt_Mk.1
av_8b_na,63.0,50.0,1.0,0.33,6.0,1.93,90.0,47.83,0.13,0.11,2.13,1.84,31.0,,,,,,AV-8B_(NA)
cn_m4a4_sherman_1st_ptg,63.0,99.04,0.0,0.0,4.9,4.93,26.0,100.0,0.0,0.0,2.54,2.54,0.0,,,,,,M4A4_(1st_PTG)_(China)
hellcat_fmk1,63.0,100.0,2.83,2.48,5.81,5.94,148.0,74.24,0.5,0.36,3.04,1.86,20.0,,,0.46,,1.15,Hellcat_Mk_II
i_29,63.0,100.0,4.23,5.33,0.11,0.0,0.0,,,,,,0.0,,,,,,I-29
germ_thyssen_henschel_tam_2ip,63.0,75.83,0.13,0.07,2.82,2.66,1852.0,43.7,0.0,0.0,1.79,1.33,0.0,,,,,,TAM_2IP
ussr_kv_8,63.0,64.29,0.0,0.0,3.59,3.1,212.0,46.56,0.0,0.0,4.21,2.23,0.0,,,,,,КВ-8
fr_sk105_a2,62.0,78.95,0.0,0.0,6.32,5.1,152.0,61.09,0.0,0.0,2.42,2.78,0.0,,,,,,SK-105A2
p-61c_1,62.0,77.22,1.1,0.82,4.34,3.05,28.0,,,0.79,,1.61,0.0,,,,,,P-61C-1
il_magach_6b_gal_batash,62.0,51.92,0.0,0.0,1.84,1.78,104.0,100.0,0.0,0.0,5.26,3.49,0.0,,,,,,Gal_Batash
f-5e,62.0,46.53,1.11,1.12,0.0,0.0,159.0,51.93,1.86,1.39,0.48,0.32,0.0,,,,,,F-5E
sw_pt_76b,62.0,50.0,0.0,0.0,1.24,1.08,253.0,41.17,0.0,0.0,1.11,0.79,0.0,,,,,,PT-76
jp_halftrack_m16,61.0,40.0,1.8,4.5,0.2,0.5,26.0,100.0,1.0,0.35,0.0,0.0,0.0,,,,,,M16_MGMC
p-47d_ussr,61.0,71.88,1.72,1.68,3.55,3.37,89.0,63.69,0.2,0.25,1.51,1.54,0.0,,,,,,P-47D-27
la-9,61.0,50.0,7.04,4.34,0.0,0.36,63.0,50.0,1.3,2.33,0.0,0.0,0.0,,,,,,La-9
fw-190d-9,61.0,29.44,4.03,4.55,0.24,0.24,251.0,49.72,0.55,0.54,0.64,0.62,2.0,,,,,,Fw_190_D-9
p-47d_30_china,61.0,61.9,2.45,2.02,0.55,0.34,28.0,53.03,0.41,0.64,0.95,1.4,0.0,,,,,,P-47D-30_(China)
sw_pbil_m40,61.0,100.0,0.0,0.0,4.37,1.63,0.0,,,,,,0.0,,,,,,Pbil_m/40
it_43m_turan_3,61.0,100.0,0.0,0.0,3.02,3.82,179.0,69.45,0.0,0.0,3.05,2.49,0.0,,,,,,Turan_III
ussr_pzkpfw_V,60.0,100.0,0.0,0.0,9.0,8.08,93.0,52.1,0.0,0.0,2.05,2.24,0.0,,,,,,T-V
it_m26_ariete,60.0,75.0,0.0,0.0,3.3,4.3,11.0,100.0,0.0,0.0,5.4,5.4,0.0,,,,,,"M26_""D.C.Ariete"""
it_m26a1_pershing,60.0,80.0,0.0,0.0,3.0,5.0,76.0,39.66,0.0,0.0,2.31,1.81,0.0,,,,,,M26A1
sw_kv_1_1942_fin,60.0,84.45,0.36,0.59,3.66,5.0,29.0,100.0,0.0,0.0,6.41,5.94,0.0,,,,,,KV-1_m1942
fa_18c_late,60.0,45.83,1.72,1.98,0.25,0.45,214.0,56.91,1.41,1.23,0.32,0.27,0.0,,,,,,F/A-18C_Late
ussr_t_62,60.0,50.0,0.0,0.0,2.44,3.4,249.0,26.95,0.0,0.0,3.97,2.1,0.0,,,,,,T-62
ussr_kv_2_zis_6,59.0,70.45,0.0,0.0,3.45,3.39,46.0,71.43,0.0,0.0,3.57,3.36,0.0,,,,,,KV-2_(ZiS-6)
fr_leopard_2a4nl_les,59.0,76.19,0.0,0.0,4.69,3.01,560.0,59.69,0.0,0.0,2.38,2.02,0.0,,,,,,Leopard_2_(OTCo)
ussr_su_100_1945,59.0,68.12,0.0,0.0,1.26,1.69,120.0,32.83,0.0,0.0,1.16,0.96,0.0,,,,,,SU-100
us_m24_chaffee,59.0,72.5,0.0,0.0,1.75,3.11,528.0,61.84,0.0,0.0,3.2,1.9,0.0,,,,,,M24
us_m44,59.0,47.73,0.0,0.0,0.91,1.32,110.0,0.0,0.0,0.0,4.42,2.42,0.0,,,,,,M44
us_m36,59.0,74.44,0.0,0.0,4.06,2.67,417.0,41.7,0.0,0.0,2.16,1.59,0.0,,,,,,M36_GMC
il-2m,58.0,91.67,1.29,1.5,4.19,4.99,4.0,,,,,,7.0,,,1.0,,4.0,IL-2M_type_3
jp_sub_i_ii_20mm,57.0,86.67,2.0,2.65,3.63,4.9,781.0,66.22,0.45,0.46,1.62,1.54,0.0,,,,,,SUB-I-II
ussr_kv_220,57.0,100.0,0.0,0.0,8.15,8.15,148.0,78.53,0.0,0.0,9.07,4.09,0.0,,,,,,KV-220
a6m3_zero,57.0,,,4.54,,0.0,24.0,,,,,,0.0,,,,,,A6M3
fw-190f-8,57.0,100.0,4.71,3.14,2.19,1.46,91.0,61.91,0.46,0.62,1.97,1.91,7.0,,,1.0,,1.0,Fw_190_F-8
il_magach_7c,57.0,51.92,0.0,0.0,1.38,1.57,57.0,100.0,0.0,0.0,4.02,4.68,0.0,,,,,,Magach_7C
germ_erprobungstrager_3_achs_turm,56.0,50.0,0.0,0.0,3.4,3.4,1368.0,42.11,0.0,0.0,2.58,1.56,0.0,,,,,,Turm_III
spitfire_mk5b,56.0,100.0,5.06,6.64,0.32,0.29,13.0,,,,,,0.0,,,,,,Spitfire_Mk_Vb/trop
it_pzkpfw_IV_ausf_G,56.0,100.0,0.0,0.0,2.67,3.33,29.0,100.0,0.0,0.0,4.78,3.04,0.0,,,,,,Pz.IV_G
germ_pzkpfw_38t_Marder_III_ausf_H,56.0,33.33,0.0,0.0,1.83,2.0,48.0,30.55,0.0,0.0,1.09,1.61,0.0,,,,,,Marder_III_H
germ_stug_III_ausf_G,56.0,45.45,0.0,0.0,1.73,1.61,284.0,37.11,0.0,0.0,1.71,1.63,0.0,,,,,,StuG_III_G
jp_type_61,56.0,28.89,0.0,0.0,2.02,2.35,276.0,59.56,0.0,0.0,3.88,1.91,0.0,,,,,,Type_61
mig_23m,56.0,100.0,3.23,1.02,0.0,0.0,43.0,0.0,2.0,0.95,0.0,0.0,28.0,,,,,,MiG-23M
su_34,56.0,91.67,6.33,4.5,1.67,1.42,378.0,58.92,0.49,0.48,0.96,0.95,58.0,,,1.72,,2.93,Су-34
pe-3,55.0,100.0,0.5,0.63,5.77,7.03,0.0,,,,,,0.0,,,,,,Pe-3
p-38j,55.0,9.09,1.55,0.62,1.0,0.79,0.0,,,,,,0.0,,,,,,P-38J-15
us_m3a3_bradley,55.0,45.24,0.23,0.21,0.77,0.93,329.0,47.84,0.0,0.0,0.81,0.71,9.0,,,,,,M3A3_Bradley
tornado_ids_de_wtd61,54.0,61.46,0.64,0.64,6.47,6.47,140.0,38.54,0.71,0.55,0.62,0.5,0.0,,,,,,◄Tornado_IDS_WTD61
us_m26_pershing,54.0,76.47,0.0,0.0,2.84,3.94,125.0,47.7,0.0,0.0,3.14,1.81,90.0,85.0,0.0,0.0,4.98,3.7,M26
ussr_su_85m,54.0,55.0,0.0,0.0,1.93,3.27,45.0,0.0,0.0,0.0,2.64,2.61,0.0,,,,,,SU-85M
mig_3_series_1_15_bk_pod,54.0,100.0,2.95,1.7,0.0,0.0,0.0,,,,,,0.0,,,,,,MiG-3-15_(BK)
ussr_t_28_1938,54.0,31.25,0.0,0.0,2.31,2.35,1.0,,,0.0,,2.0,0.0,,,,,,T-28_(1938)
ussr_t_90a,54.0,0.0,0.0,0.0,4.82,4.29,901.0,48.06,0.0,0.0,1.61,1.43,15.0,50.0,0.0,0.0,1.0,1.0,Т-90А
germ_kpz_t72m1,54.0,82.05,0.0,0.0,2.69,2.56,1058.0,42.3,0.0,0.0,2.06,1.68,0.0,,,,,,◊T-72M1
jp_st_a1,54.0,21.67,0.0,0.0,0.95,1.07,109.0,100.0,0.0,0.0,6.44,2.25,0.0,,,,,,ST-A1
il_merkava_mk_1,53.0,50.0,0.0,0.0,3.78,2.68,209.0,52.67,0.0,0.0,4.42,2.78,0.0,,,,,,Merkava_Mk.1
il_8_1944,53.0,100.0,1.79,1.17,6.64,3.81,98.0,100.0,0.75,0.3,4.69,2.0,0.0,,,,,,IL-8_(1944)
f-4m_fgr2,53.0,55.54,1.65,1.74,0.04,0.05,242.0,56.9,0.79,0.81,0.1,0.11,0.0,,,,,,Phantom_FGR.2
yak-3p,53.0,69.57,4.37,4.6,0.0,0.0,234.0,59.68,2.73,3.6,0.84,1.19,55.0,100.0,2.67,1.1,0.0,0.0,Yak-3P
sw_bt_42,53.0,54.32,0.0,0.0,1.94,2.28,57.0,50.0,0.0,0.0,1.64,1.64,0.0,,,,,,BT-42
germ_leopard_1a5,53.0,71.43,0.0,0.0,1.64,1.16,1291.0,41.9,0.0,0.0,1.42,1.21,15.0,88.46,0.0,0.0,2.46,2.36,Leopard_1A5
he-111h-16_winter,53.0,80.0,0.0,0.0,0.06,0.03,134.0,54.0,0.0,0.0,0.72,0.73,0.0,,,,,,He_111_H-16
spitfire_mk14c,52.0,100.0,11.5,11.5,0.0,0.0,7.0,,,,,,0.0,,,,,,Spitfire_F_Mk_XIVc
mig-15,52.0,75.0,4.5,6.0,0.42,0.55,44.0,21.05,2.79,2.55,0.13,0.08,0.0,,,,,,MiG-15bis
jp_type_3_ho_ni_I,52.0,100.0,0.0,0.0,4.72,6.42,0.0,,,,,,0.0,,,,,,Ho-Ni_I
ussr_t_28E,52.0,86.67,0.07,0.07,3.13,3.3,27.0,1.85,0.0,0.0,0.04,0.04,0.0,,,,,,T-28E
uk_chieftain_mk_5,52.0,100.0,0.0,0.0,3.73,3.23,41.0,100.0,0.0,0.0,1.0,1.5,0.0,,,,,,Chieftain_Mk_5
germ_jgdpz_38t,52.0,98.28,0.0,0.0,3.45,2.75,134.0,55.17,0.0,0.0,2.74,2.47,0.0,,,,,,Jagdpanzer_38(t)
p-47n-15,52.0,100.0,3.5,1.07,2.5,1.49,1.0,0.0,0.0,0.0,1.0,1.0,0.0,,,,,,P-47N-15
jp_type_5_na_to,52.0,40.0,0.2,0.12,1.0,1.12,98.0,66.67,0.0,0.0,5.54,4.1,0.0,,,,,,Na-To
mig_23ml,51.0,50.0,3.53,2.21,0.0,0.0,667.0,55.52,1.42,1.67,0.14,0.17,24.0,,,1.38,,0.0,MiG-23ML
germ_panzerjager_tiger_P_ferdinand,51.0,0.0,0.0,0.0,6.13,5.9,96.0,33.95,0.0,0.0,2.19,3.02,0.0,,,,,,Ferdinand
sea_fury_fb11,50.0,100.0,2.98,2.29,2.31,1.49,20.0,100.0,1.0,1.0,0.0,0.0,0.0,,,,,,Sea_Fury_FB_11
us_m26e1_pershing,50.0,100.0,0.0,0.0,7.13,5.65,91.0,89.1,0.0,0.0,7.27,6.74,0.0,,,,,,M26E1
il_merkava_mk_1b,50.0,53.85,0.0,0.0,2.85,2.79,217.0,73.42,0.0,0.0,2.3,2.25,0.0,,,,,,Merkava_Mk.1B
fr_msc,50.0,50.0,0.0,0.0,2.0,1.9,502.0,44.04,0.0,0.0,1.43,1.49,0.0,,,,,,MSC
f4u-1a_usmc,50.0,66.67,1.42,1.62,0.53,0.53,0.0,,,,,,0.0,,,,,,F4U-1A_(USMC)
b_239_finland,50.0,0.0,3.0,2.14,0.0,0.0,12.0,100.0,2.13,1.9,1.13,1.2,0.0,,,,,,B-239
i-153_m62_zhukovskiy,50.0,62.07,2.13,1.86,0.03,0.05,0.0,,,,,,0.0,,,,,,Zhukovsky's_I-153-M62
fa_18c_early,50.0,72.84,1.77,1.75,0.0,0.0,1057.0,50.86,0.8,0.93,0.29,0.35,22.0,,,0.91,,0.09,F/A-18C_Early
ki_44_2_hei_china,50.0,,,4.93,,0.04,24.0,100.0,2.59,4.0,0.15,0.17,2.0,,,,,,Ki-44-II_hei_(China)
jp_type_16_mcv_prot,50.0,60.53,0.0,0.0,0.38,0.43,332.0,63.67,0.0,0.0,1.9,1.28,0.0,,,,,,Type_16_(P)
tornado_ids_de_assta1,49.0,77.09,0.79,0.66,6.38,5.21,15.0,,,,,,0.0,,,,,,◄Tornado_IDS_ASSTA1
lagg-3-8,49.0,86.11,6.07,5.52,0.47,0.48,0.0,,,,,,0.0,,,,,,LaGG-3-8
ussr_m53_59,49.0,70.0,3.32,4.56,0.02,0.04,651.0,44.78,0.63,0.6,0.57,0.54,0.0,,,,,,M53/59
fr_amx_30_b2,49.0,96.0,0.0,0.0,3.3,3.12,220.0,72.63,0.0,0.0,3.08,2.11,0.0,,,,,,AMX-30B2
ussr_kv_1_L_11,49.0,100.0,0.0,0.0,5.09,4.15,61.0,85.19,0.0,0.0,5.16,5.46,0.0,,,,,,KV-1_(L-11)
fr_m26_pershing,48.0,56.25,0.75,0.68,2.41,2.35,167.0,62.4,0.0,0.0,2.54,1.77,44.0,100.0,0.0,0.0,1.41,1.19,M26
it_41m_turan_2,47.0,100.0,0.0,0.0,8.63,4.74,28.0,,,0.0,,7.89,0.0,,,,,,Turan_II
fr_m46_patton,47.0,75.84,0.0,0.0,3.09,3.95,18.0,70.0,0.0,0.0,4.27,4.93,0.0,,,,,,M46
sw_strv_m31,47.0,100.0,0.0,,2.08,,8.0,50.0,0.0,0.0,1.0,2.0,0.0,,,,,,Strv_m/31
uk_challenger_2_megatron,47.0,0.0,0.0,0.0,8.0,5.14,1062.0,60.41,0.0,0.0,2.08,1.65,0.0,,,,,,Challenger_2_OES
ussr_su_152,47.0,84.62,0.0,0.0,2.35,2.54,134.0,36.67,0.0,0.0,0.86,0.96,0.0,,,,,,SU-152
us_m41_walker_bulldog,47.0,0.0,0.0,0.0,2.11,1.89,562.0,65.38,0.0,0.0,1.97,1.2,0.0,,,,,,M41A1
uk_challenger_2e,46.0,79.17,0.0,0.0,3.63,3.63,228.0,54.05,0.0,0.0,2.6,1.65,0.0,,,,,,Challenger_2E
cn_m8_scott,46.0,100.0,0.0,0.0,3.73,6.04,4.0,,,0.0,,1.0,0.0,,,,,,M8_HMC_(China)
cn_mbt2000,46.0,50.0,0.0,0.0,3.32,3.38,237.0,43.56,0.0,0.0,2.22,2.05,8.0,,,0.0,,1.0,MBT-2000
ussr_t_35,46.0,25.56,0.0,0.0,2.07,2.03,0.0,,,,,,0.0,,,,,,T-35
uk_a_22f_mk_7_churchill_1944,46.0,33.33,0.0,0.0,4.04,6.33,226.0,84.02,0.0,0.0,4.9,4.35,0.0,,,,,,Churchill_VII
ussr_zsu_37_2,46.0,42.59,0.87,1.59,0.0,0.0,114.0,66.94,0.51,0.5,0.58,0.42,0.0,,,,,,ZSU-37-2
tornado_f3,46.0,57.58,0.89,1.0,0.0,0.0,92.0,60.59,1.34,1.63,0.06,0.05,25.0,,,1.0,,0.0,Tornado_F.3
spitfire_f24,45.0,100.0,2.85,2.85,4.4,4.4,85.0,100.0,3.18,3.72,4.32,5.56,0.0,,,,,,Spitfire_F_Mk_24
us_m26_t99,45.0,100.0,0.0,0.0,8.0,8.09,27.0,100.0,0.0,0.0,4.64,4.13,0.0,,,,,,M26_T99
b7a2_homare_23,45.0,100.0,2.14,2.0,7.19,6.79,30.0,100.0,3.81,1.22,4.81,0.0,23.0,,,,,,B7A2_(Homare_23)
us_m60_120s,45.0,100.0,0.0,0.0,2.0,1.2,359.0,50.47,0.0,0.0,2.26,1.81,0.0,,,,,,120S
f-82e,45.0,100.0,1.81,1.77,0.0,0.0,98.0,66.67,0.85,0.5,1.19,0.78,0.0,,,,,,F-82E
fa_18a_hug_2_raaf,44.0,46.0,1.62,2.4,0.0,0.0,0.0,,,,,,8.0,,,0.0,,0.0,AF/A-18A_Late
jp_type_93,44.0,50.0,1.6,2.84,0.0,0.0,152.0,50.0,1.11,1.2,0.0,0.0,0.0,,,,,,Type_93
cn_vt_4b,44.0,45.56,0.0,0.0,1.5,1.79,82.0,96.15,0.0,0.0,3.52,2.06,0.0,,,,,,VT4A1
ussr_2s19_m1,44.0,53.33,0.0,0.0,0.97,1.04,105.0,25.86,0.0,0.0,1.07,0.78,0.0,,,,,,2С19М1
he_115a_2_sweden,43.0,100.0,0.0,0.0,13.02,15.06,0.0,,,,,,0.0,,,,,,T_2
ussr_object_279,43.0,100.0,0.0,0.0,8.8,5.47,266.0,63.12,0.0,0.0,8.73,6.24,6.0,,,0.0,,2.0,Object_279
germ_t_34_747,43.0,69.34,0.0,0.0,3.94,7.11,45.0,100.0,0.0,0.0,10.5,3.93,0.0,,,,,,T_34_747_(r)
f_15c_golden_eagle,43.0,78.26,4.68,4.69,0.07,0.1,742.0,53.65,2.25,2.6,0.01,0.04,10.0,33.33,0.67,0.67,0.0,0.0,F-15C_Golden_Eagle
f-4s,43.0,92.86,6.36,2.83,0.93,0.26,885.0,48.8,1.26,1.36,0.26,0.29,0.0,,,,,,F-4S_Phantom_II
germ_m44,43.0,100.0,0.0,0.0,2.92,3.02,69.0,46.67,0.0,0.0,0.91,0.89,0.0,,,,,,M44
cn_type_64,43.0,50.0,0.0,0.0,1.35,2.17,66.0,81.25,0.0,0.0,5.04,3.74,0.0,,,,,,M64
f_16a_block_20_mlu,42.0,68.75,6.56,6.56,1.75,1.75,10.0,0.0,0.0,0.0,0.0,0.0,0.0,,,,,,F-16A_MLU_(China)
germ_pzkpfw_IV_ausf_F,42.0,100.0,0.0,0.0,7.0,7.0,50.0,0.0,0.0,0.0,6.41,3.92,0.0,,,,,,Pz.IV_F1
bf-110f-2,42.0,87.3,2.94,3.48,1.09,1.17,0.0,,,,,,0.0,,,,,,Bf_110_F-2
us_m1a1_hc_abrams,42.0,100.0,0.0,0.0,5.58,5.58,531.0,57.99,0.0,0.0,1.99,1.47,0.0,,,,,,M1A1_HC
germ_marder_df_105,42.0,0.0,0.0,0.0,3.0,4.67,263.0,34.96,0.0,0.0,2.77,1.82,90.0,56.11,0.0,0.0,1.84,1.94,DF105
jp_navy_120mm_spg,42.0,70.37,0.0,0.0,3.07,3.91,63.0,45.83,0.0,0.0,2.26,1.28,0.0,,,,,,Chi-Ha_LG
germ_panzerjager_tiger,42.0,100.0,0.0,0.0,5.69,2.96,290.0,45.85,0.0,0.0,2.97,2.89,0.0,,,,,,Jagdtiger
jp_type_81_tansam,42.0,2.0,1.58,1.09,0.0,0.0,36.0,0.0,0.0,0.0,0.0,0.0,0.0,,,,,,Type_81_(C)
germ_leopard_2a5_pso,42.0,70.56,0.0,0.0,1.57,2.1,956.0,45.8,0.0,0.0,1.53,1.49,0.0,,,,,,Leopard_2_PSO
ussr_is_2_1943,42.0,10.87,0.0,0.0,2.81,3.07,524.0,44.48,0.0,0.0,1.94,1.64,0.0,,,,,,IS-2
a_20g_30_ussr,41.0,100.0,0.19,0.09,7.38,6.06,60.0,23.68,0.2,0.13,1.2,1.03,28.0,100.0,1.0,0.5,0.0,0.0,A-20G-30
p-40e_ussr,41.0,93.33,5.27,4.43,0.87,0.75,0.0,,,,,,15.0,,,0.0,,0.07,P-40E-1
do_217e_2,41.0,98.04,0.02,0.01,7.86,3.55,19.0,,,0.0,,1.0,0.0,,,,,,Do_217_E-2
tempest_mk2,41.0,100.0,3.47,2.69,2.11,2.0,27.0,100.0,2.86,,0.43,,0.0,,,,,,Tempest_Mk_II
ussr_m4a2_76w_sherman,41.0,100.0,0.0,0.0,6.2,6.2,230.0,58.44,0.0,0.0,3.78,2.88,0.0,,,,,,M4A2
uk_chieftain_mk_3,41.0,100.0,0.0,0.0,4.68,2.98,67.0,,,0.0,,5.13,0.0,,,,,,Chieftain_Mk_3
fr_mars_15,41.0,73.08,0.0,0.0,1.73,1.73,99.0,71.61,0.0,0.0,1.83,1.8,0.0,,,,,,MARS_15
mosquito_fb_mk6_ash_norway,41.0,,,1.0,,2.9,0.0,,,,,,0.0,,,,,,◢Mosquito_FB.Mk.VI_ASH
uk_shir_2,41.0,41.67,0.0,0.0,2.63,4.0,121.0,82.38,0.0,0.0,5.45,4.07,0.0,,,,,,FV4030/3
mig-21_bis,41.0,50.0,2.5,1.3,1.0,0.3,2.0,100.0,0.0,0.0,0.0,0.0,0.0,,,,,,MiG-21bis
germ_pzsflk40_sturer_emil,41.0,84.67,0.0,0.0,3.8,3.14,29.0,0.0,0.0,0.0,1.97,1.97,0.0,,,,,,Sturer_Emil
jp_m41_walker_bulldog,41.0,,,0.0,,0.12,582.0,55.46,0.1,0.1,2.74,3.05,0.0,,,,,,M41A1
ussr_btr_zd,40.0,50.0,2.05,4.11,0.32,0.63,368.0,54.7,0.9,0.49,1.3,0.75,2.0,,,,,,BTR-ZD
ussr_su_122_54,40.0,50.0,0.0,0.0,2.66,2.72,181.0,64.93,0.0,0.0,4.54,2.05,0.0,,,,,,SU-122-54
jp_st_a2,40.0,100.0,0.0,0.0,2.9,4.26,53.0,,,0.0,,1.57,0.0,,,,,,ST-A2
fw-190a-5_cannons,40.0,85.71,2.62,2.67,1.71,1.27,11.0,,,1.0,,0.36,0.0,,,,,,Fw_190_A-5
ussr_zsu_23_4m2,40.0,51.79,0.7,1.36,0.39,0.79,185.0,38.87,0.97,1.3,0.23,0.35,0.0,,,,,,ЗСУ-23-4М2
mb_326k,39.0,,,14.0,,0.0,373.0,87.69,1.89,2.06,3.29,3.75,0.0,,,,,,MB-326K
germ_kv_1B_finland,39.0,,,0.0,,8.46,44.0,92.43,0.0,0.0,9.54,9.68,0.0,,,,,,KV-IB
la-15,39.0,50.0,4.0,8.0,0.5,1.0,38.0,64.1,2.18,2.1,0.35,0.5,0.0,,,,,,La-15
germ_pzkpfw_III_ausf_M,39.0,85.12,0.0,0.0,2.88,3.12,86.0,100.0,0.0,0.0,11.09,4.18,0.0,,,,,,Pz.III_M
ussr_t_80,39.0,83.33,0.0,0.0,2.23,2.7,0.0,,,,,,0.0,,,,,,T-80
ussr_is_4m,39.0,100.0,0.0,0.0,3.0,3.09,209.0,49.52,0.0,0.0,2.42,2.82,0.0,,,,,,IS-4M
us_t26e5,39.0,100.0,0.0,0.0,2.63,4.31,946.0,70.06,0.0,0.0,4.63,4.33,0.0,,,,,,T26E5
p-400,39.0,27.59,1.88,2.38,0.13,0.15,22.0,50.0,0.5,1.0,0.0,0.0,0.0,,,,,,P-400
f4u-4,39.0,100.0,2.0,1.7,0.0,0.05,322.0,60.42,0.35,0.26,1.22,0.84,0.0,,,,,,F4U-4
b_25j_20,39.0,66.67,0.7,0.2,1.5,0.82,0.0,,,,,,0.0,,,,,,B-25J-20
us_m22_locust,39.0,67.78,0.0,0.0,1.99,1.85,53.0,72.5,0.0,0.0,1.13,0.68,0.0,,,,,,M22
cn_m18_hellcat,39.0,0.0,0.0,0.0,3.31,3.85,142.0,74.1,0.0,0.0,2.74,1.76,0.0,,,,,,M18_GMC_(China)
sw_sav_m43_1944,39.0,0.0,0.0,0.0,1.67,1.15,0.0,,,,,,0.0,,,,,,Sav_m/43_(1944)
f_6c_pakistan,38.0,50.0,5.93,9.53,0.03,0.03,19.0,51.85,1.03,2.0,0.0,0.0,0.0,,,,,,F-6C
tempest_mkv,38.0,100.0,2.61,2.44,1.49,1.31,45.0,100.0,0.82,0.93,2.27,2.73,0.0,,,,,,Tempest_Mk_V
germ_panzerjager_1,38.0,100.0,0.0,0.0,4.81,2.83,29.0,,,0.0,,1.0,0.0,,,,,,Panzerjäger_I
b_26b_c,38.0,100.0,0.0,0.0,3.0,3.05,28.0,0.0,0.0,0.0,0.09,0.12,0.0,,,,,,B-26B
us_t30,38.0,50.0,0.5,0.73,3.06,4.91,26.0,50.0,0.0,0.0,1.09,2.86,0.0,,,,,,T30
bf-109f-4_usa,38.0,50.0,3.75,3.31,0.0,0.0,3.0,,,,,,9.0,,,1.0,,0.0,Bf_109_F-4
i-16_type17_china,38.0,,,1.95,,0.23,0.0,,,,,,0.0,,,,,,I-16_type_17_(China)
ussr_zis_30,38.0,,,0.0,,2.22,4.0,0.0,0.0,0.0,3.67,3.0,0.0,,,,,,ZiS-30
ussr_2s38,38.0,50.0,1.03,1.81,0.78,1.56,2132.0,52.16,0.1,0.09,1.11,0.98,6.0,,,0.0,,0.0,2S38
mig_29_9_12,38.0,51.96,1.82,1.82,0.0,0.0,46.0,100.0,1.0,0.46,0.15,0.04,0.0,,,,,,МиГ-29_(9-12)
it_m36b1,38.0,,,0.0,,1.0,39.0,,,0.0,,1.03,0.0,,,,,,M36B1
sw_pbv_501,38.0,0.0,0.0,0.0,0.0,0.27,435.0,53.0,0.0,0.0,1.73,1.14,0.0,,,,,,Pbv_501
a-20g,37.0,100.0,0.47,0.43,5.33,4.97,0.0,,,,,,0.0,,,,,,A-20G-25
fr_char_2c_bis,37.0,62.5,0.0,0.0,2.34,5.5,2.0,,,,,,0.0,,,,,,2C_bis
t2,37.0,97.78,10.47,10.47,0.98,1.03,94.0,59.42,1.62,2.04,0.6,0.7,2.0,,,2.0,,0.0,T-2
bf-109g-2,37.0,85.71,4.17,4.5,1.67,1.65,73.0,100.0,1.25,1.52,0.13,0.95,0.0,,,,,,Bf_109_G-2/trop
lagg-i-301,37.0,,,,,,0.0,,,,,,0.0,,,,,,I-301
fr_lorraine_40t,37.0,100.0,0.0,0.0,4.25,4.06,335.0,73.94,0.0,0.0,4.45,2.93,45.0,35.56,0.0,0.0,1.1,1.67,Lorraine_40t
a6m3_mod22_zero,37.0,83.33,4.0,2.23,0.0,0.0,22.0,84.63,1.93,2.26,0.33,0.36,0.0,,,,,,A6M3_mod._22
mig_23mld,37.0,92.86,3.64,1.81,0.93,0.44,176.0,58.77,2.1,1.64,0.06,0.03,4.0,,,2.0,,0.0,MiG-23MLD
us_m60a1_rise_passive_era,37.0,24.44,0.0,0.0,0.8,0.45,300.0,57.99,0.0,0.0,2.46,2.15,0.0,,,,,,M60A1_RISE_(P)
ussr_bmp_3,37.0,50.0,0.0,0.0,0.0,0.23,1246.0,50.05,0.0,0.0,1.71,1.36,48.0,76.47,0.0,0.0,1.0,0.46,BMP-3
spitfire_f22,36.0,100.0,2.18,2.18,7.15,7.15,38.0,50.0,0.06,0.05,0.94,0.86,0.0,,,,,,Spitfire_F_Mk_22
jp_m4a3e8_76w_sherman,36.0,75.0,0.08,0.17,3.58,5.17,209.0,74.25,0.01,0.01,4.91,3.54,0.0,,,,,,M4A3_(76)_W
ussr_kv_2_1939,36.0,100.0,0.0,0.0,5.1,3.68,69.0,65.56,0.0,0.0,2.44,3.31,0.0,,,,,,KV-2_(1939)
germ_sdkfz_6_2_flak36,36.0,0.0,2.0,2.0,0.0,0.0,1.0,,,,,,10.0,50.0,1.0,1.0,0.5,0.5,Sd.Kfz._6/2
me-410a-1,36.0,97.06,0.15,0.15,5.06,5.06,35.0,46.15,0.0,0.0,1.31,2.27,0.0,,,,,,Me_410_A-1
ki_61_2_early,36.0,,,1.0,,0.0,25.0,100.0,1.0,1.0,1.0,1.0,0.0,,,,,,Ki-61-II_Otsu_Kai
fw-190a-5_u2,36.0,81.82,3.36,5.08,1.91,0.92,29.0,0.0,0.07,0.15,0.76,1.6,0.0,,,,,,Fw_190_A-5/U2
yak-3u,36.0,16.67,3.02,1.78,0.0,0.0,115.0,92.78,5.12,12.2,1.13,2.33,0.0,,,,,,Yak-3U
us_xm1_gm,36.0,100.0,0.0,0.0,2.0,2.73,880.0,56.68,0.0,0.0,2.56,1.9,0.0,,,,,,XM1_(GM)
us_t95e1,36.0,100.0,0.0,0.0,4.86,3.15,323.0,66.4,0.0,0.0,2.42,2.03,0.0,,,,,,T95E1
sw_cv_90105,36.0,50.0,0.0,0.0,1.73,1.36,445.0,50.1,0.0,0.0,1.8,1.25,0.0,,,,,,CV_90105_TML
f_14b,36.0,0.0,1.0,1.0,0.0,0.0,280.0,48.95,0.92,1.12,0.2,0.22,9.0,,,,,,F-14B
cn_t_26_1940,35.0,100.0,0.0,0.0,4.3,4.85,0.0,,,,,,0.0,,,,,,T-26_(China)
yak-1b_luftwaffe,35.0,100.0,7.0,4.1,1.0,0.3,24.0,50.0,2.38,2.75,0.13,0.25,0.0,,,,,,Yak-1B
me-410b-1,35.0,98.04,0.96,0.5,3.88,2.12,0.0,,,,,,0.0,,,,,,Me_410_B-1
saab_jas39c_south_africa,35.0,50.0,1.04,2.08,0.0,0.0,132.0,49.87,1.44,1.83,0.0,0.0,0.0,,,,,,JAS39C
p-51d-20_china,35.0,100.0,1.08,1.34,0.0,0.0,13.0,50.0,0.0,0.0,1.0,0.5,0.0,,,,,,P-51D-20_(China)
uk_17_pdr_m10_achilles_norfolk_yeomanry,35.0,100.0,0.0,0.0,2.11,1.87,84.0,93.48,0.0,0.0,4.52,3.65,0.0,,,,,,Achilles_(65_Rg.)
us_rdf_lt,35.0,50.0,0.0,0.0,1.5,1.68,857.0,62.6,0.11,0.09,1.83,1.29,0.0,,,,,,RDF/LT
ussr_it_1,35.0,46.67,0.0,0.0,0.54,1.0,132.0,61.45,0.0,0.0,2.38,2.78,0.0,,,,,,IT-1
bv-155b-1,35.0,76.19,1.21,1.62,0.19,0.38,8.0,100.0,0.0,0.0,0.0,0.0,0.0,,,,,,BV_155_B-1
firebrand_tf4,34.0,100.0,1.07,1.0,3.0,2.9,30.0,100.0,0.0,0.0,1.77,1.77,0.0,,,,,,Firebrand_TF_Mk_IV
mosquito_fb_mk6,34.0,100.0,1.57,1.57,1.73,1.73,0.0,,,,,,0.0,,,,,,Mosquito_FB_Mk_VI
germ_kv_2_754r,34.0,50.0,0.0,0.0,2.59,5.18,19.0,,,0.0,,3.26,0.0,,,,,,KW_II_754_(r)
uk_vickers_mbt_mk_1,34.0,100.0,0.0,0.0,3.22,2.59,285.0,47.1,0.0,0.0,2.68,1.75,0.0,,,,,,Vickers_Mk.1
mb_157,34.0,50.0,6.43,7.93,0.5,0.25,132.0,75.36,2.86,11.13,0.43,2.04,0.0,,,,,,M.B.157
su_25k,34.0,,,1.0,,0.42,747.0,57.34,0.61,0.7,1.7,1.98,0.0,,,,,,Su-25K
p-39n,34.0,93.33,2.67,3.41,0.5,0.88,10.0,0.0,2.0,1.6,2.0,2.0,0.0,,,,,,P-39N-0
f_15e,34.0,33.33,1.67,0.88,2.67,1.13,661.0,61.89,0.77,1.0,1.81,2.38,6.0,,,1.0,,1.0,F-15E
p-36c,34.0,,,1.67,,0.0,0.0,,,,,,0.0,,,,,,P-36C
i-16_type27,34.0,,,2.63,,0.4,24.0,,,,,,0.0,,,,,,I-16_type_27
ussr_2s19_m2,34.0,50.0,0.0,0.0,0.5,0.5,70.0,25.0,0.0,0.0,1.55,1.52,0.0,,,,,,2С19М2
us_t92,34.0,66.67,0.3,0.17,1.0,0.56,350.0,50.36,0.0,0.0,1.03,0.78,0.0,,,,,,T92
us_m2a4,33.0,100.0,0.3,1.0,4.03,11.7,41.0,,,0.0,,8.11,0.0,,,,,,M2A4
ussr_is_1_kit_3rank,33.0,,,0.0,,2.0,154.0,59.05,0.0,0.0,2.09,2.03,0.0,,,,,,ИС-1_('45)
uk_rooikat_za_35,33.0,,,1.0,,1.0,183.0,41.72,0.06,0.04,4.48,1.75,0.0,,,,,,ZA-35
sb_2m_103c,33.0,52.5,0.53,3.0,1.93,21.0,0.0,,,,,,0.0,,,,,,SB_2M-103
p-51d-30_usaaf_korea,33.0,98.15,2.17,2.17,0.46,0.44,49.0,57.14,0.91,1.52,0.86,1.48,89.0,100.0,10.18,3.5,0.0,0.0,P-51D-30
sb2c_1c,33.0,100.0,0.0,,1.0,,0.0,,,,,,0.0,,,,,,SB2C-1C
us_m19,33.0,54.55,0.55,1.0,0.77,1.45,117.0,38.89,0.41,0.15,0.8,0.75,0.0,,,,,,M19A1
jp_type_3_chi_nu,33.0,61.9,0.0,0.0,1.9,2.9,91.0,,,0.0,,2.53,0.0,,,,,,Chi-Nu
germ_flakpanzer_IV_Wirbelwind,33.0,100.0,0.92,1.0,0.0,0.0,565.0,42.51,1.24,1.43,0.3,0.33,0.0,,,,,,Wirbelwind
germ_sdkfz_251_9,32.0,100.0,0.0,0.0,4.74,6.33,0.0,,,,,,0.0,,,,,,Sd.Kfz.251/9
ussr_kv_2_1940,32.0,100.0,0.8,0.61,6.2,4.27,0.0,,,,,,0.0,,,,,,KV-2_(1940)
mig_3_series_1_15,32.0,100.0,6.5,3.18,1.5,0.64,0.0,,,,,,0.0,,,,,,MiG-3-15
pe-3_early,32.0,100.0,0.67,0.78,2.11,2.44,2.0,,,,,,0.0,,,,,,Pe-3_(e)
us_m4a3e2_76w_sherman_jumbo,32.0,100.0,0.0,0.0,6.07,5.34,819.0,71.27,0.07,0.01,4.34,3.39,0.0,,,,,,M4A3E2_(76)_W
il_centurion_shot_kal_d,32.0,63.16,0.0,0.0,2.58,2.48,89.0,76.44,0.0,0.0,3.22,1.82,0.0,,,,,,Sho't_Kal_Dalet
f_16a_block_15_adf,32.0,57.69,5.42,5.1,0.42,0.37,89.0,66.67,2.39,1.92,0.0,0.0,6.0,,,,,,F-16A_ADF
p-51k,32.0,83.33,1.38,1.77,0.0,0.0,7.0,,,,,,0.0,,,,,,P-51K_(China)
fr_arl_44,32.0,100.0,0.0,0.0,3.0,1.27,242.0,53.11,0.0,0.0,1.9,1.56,0.0,,,,,,ARL-44
ussr_zsu_23_4,32.0,0.0,0.65,0.52,0.0,0.0,118.0,5.56,0.37,0.57,0.0,0.0,0.0,,,,,,ZSU-23-4
il_amx_13_75,32.0,50.0,0.0,0.0,0.67,1.33,254.0,45.67,0.0,0.0,2.9,1.61,0.0,,,,,,AMX-13_(Israel)
su-2_tss1,31.0,100.0,1.05,0.75,16.1,11.2,11.0,,,,,,0.0,,,,,,Su-2_TSS-1
tis_ma,31.0,56.67,0.9,1.0,4.17,4.88,120.0,65.5,0.32,0.23,7.67,6.86,16.0,,,0.0,,1.47,TIS_MA
beaufighter_mkx,31.0,100.0,3.0,2.67,4.0,3.52,16.0,,,0.0,,3.0,0.0,,,,,,Beaufighter_Mk_X
lagg-3-35,31.0,100.0,6.6,,1.5,,0.0,,,,,,0.0,,,,,,LaGG-3-35
bf-109e-4,31.0,,,2.71,,1.0,35.0,100.0,0.09,,0.0,,0.0,,,,,,Bf_109_E-4
douglas_ad_4_france,31.0,100.0,1.0,0.79,4.0,2.14,23.0,0.0,1.5,1.0,4.25,5.07,0.0,,,,,,AD-4
p-63c-5,31.0,16.67,2.67,0.77,0.0,2.42,92.0,64.29,1.21,1.4,1.04,1.06,0.0,,,,,,P-63C-5
btd-1,31.0,31.82,0.68,0.95,1.0,3.0,17.0,100.0,0.0,0.0,6.21,9.33,0.0,,,,,,BTD-1
ussr_t_80b,31.0,50.0,0.0,0.0,3.4,1.87,1169.0,53.19,0.0,0.0,1.78,1.59,4.0,50.0,0.0,0.0,1.0,2.0,T-80B
su-2_m82,30.0,100.0,1.56,1.03,6.72,4.31,0.0,,,,,,0.0,,,,,,Su-2_(M-82)
it_as_42_47,30.0,100.0,0.0,0.0,3.0,2.27,0.0,,,,,,0.0,,,,,,AS_42/47
douglas_ad_2,30.0,100.0,1.82,1.61,2.64,2.32,22.0,100.0,0.0,0.0,1.67,1.6,0.0,,,,,,AD-2
mosquito_tr_mk33,30.0,100.0,1.0,1.0,1.47,1.15,0.0,,,,,,0.0,,,,,,Mosquito_TR.Mk.33
spitfiremkii,30.0,100.0,6.26,6.26,0.26,0.26,17.0,100.0,2.0,2.0,0.0,0.0,0.0,,,,,,Spitfire_Mk_IIb
il_2_1941,30.0,100.0,1.15,1.17,1.0,1.92,20.0,,,1.0,,2.0,0.0,,,,,,IL-2_(1941)
germ_sturmpanzer_IV_brummbar,30.0,100.0,0.0,0.0,3.0,2.67,39.0,100.0,0.0,0.0,1.6,1.19,0.0,,,,,,Brummbär
sm_92,30.0,,,1.87,,0.53,10.0,71.43,0.0,0.0,0.0,0.0,0.0,,,,,,SM.92
p-47d_30_italy,30.0,0.0,1.0,0.97,1.0,0.5,109.0,100.0,0.0,0.0,2.48,1.61,49.0,50.0,0.5,0.83,0.5,0.83,P-47D-30
mosquito_nf_mk2,30.0,100.0,2.67,1.8,0.0,0.0,5.0,100.0,5.0,,0.0,,0.0,,,,,,Mosquito_NF.Mk.II
i_225,30.0,0.0,1.0,1.66,0.0,0.0,94.0,57.22,1.11,0.94,1.17,1.01,0.0,,,,,,I-225
firefly_mk4_netherlands,30.0,100.0,3.6,1.63,3.0,1.2,14.0,50.0,0.08,0.15,0.38,0.77,0.0,,,,,,◘Firefly_F.Mk.IV
il_aml_90,30.0,,,0.0,,0.14,146.0,31.39,0.0,0.0,1.42,0.84,0.0,,,,,,AML-90_(Israel)
tu-2_postwar_late,30.0,50.0,0.0,0.0,2.1,1.29,75.0,90.2,0.69,0.84,4.88,6.32,0.0,,,,,,Tu-2S-59
ki_10_1,29.0,,,,,,0.0,,,,,,0.0,,,,,,Ki-10-I
cn_ztl_11,29.0,,,0.0,,1.45,60.0,50.0,0.0,0.0,1.7,1.24,0.0,,,,,,ZLT11
it_semovente_m41m_90,29.0,,,0.0,,3.89,154.0,65.11,0.0,0.0,3.58,3.75,0.0,,,,,,90/53_M41M
saab_t18b_2,29.0,,,2.41,,2.05,0.0,,,,,,0.0,,,,,,T18B_(57)
p-38l,29.0,83.33,0.83,0.17,0.0,0.0,19.0,100.0,2.0,2.0,0.0,0.0,0.0,,,,,,P-38L-5-LO
ussr_is_7,28.0,100.0,0.04,0.1,6.73,8.3,68.0,90.91,0.0,0.0,8.55,7.83,0.0,,,,,,IS-7
uk_challenger_1_mk_3_gulf,28.0,100.0,0.0,0.0,8.21,8.21,709.0,73.87,0.0,0.0,4.58,2.51,0.0,,,,,,Challenger_DS
sw_lvkv_90c,28.0,50.0,1.13,2.26,1.74,3.47,152.0,29.88,0.59,0.79,0.58,0.67,0.0,,,,,,Lvkv_9040C
f_14a_iriaf,28.0,100.0,5.94,5.0,0.25,0.13,301.0,61.42,2.81,2.0,0.03,0.03,2.0,,,2.0,,0.0,F-14A_IRIAF
sw_leopard_2a6nl,28.0,100.0,0.0,0.0,3.04,3.81,4.0,0.0,0.0,0.0,1.5,2.25,0.0,,,,,,Leopard_2A6
fr_panhard_ebr_1954,28.0,50.0,0.0,0.0,2.5,2.5,71.0,100.0,0.0,0.0,6.6,4.24,0.0,,,,,,E.B.R._(1954)
germ_ru251,28.0,100.0,0.0,0.0,7.0,7.0,208.0,51.37,0.0,0.0,4.78,3.73,0.0,,,,,,Ru_251
us_m3_stuart,28.0,,,,,,10.0,,,0.0,,0.1,0.0,,,,,,M3_Stuart
it_leopard_bofors,28.0,0.0,1.0,1.0,0.75,0.75,129.0,83.61,0.27,0.16,2.43,1.08,0.0,,,,,,Leopard_40/70
it_p_26_40,28.0,100.0,0.0,0.0,2.33,2.43,137.0,76.72,0.0,0.0,7.0,9.56,0.0,,,,,,"P40_""G.C._Leoncello"""
fr_amx_elc_901,28.0,50.0,0.0,0.0,1.0,1.0,129.0,89.93,0.0,0.0,5.18,1.92,0.0,,,,,,ELC_901
us_t34,28.0,0.0,0.0,0.0,3.0,1.17,646.0,55.22,0.0,0.0,3.55,1.79,0.0,,,,,,T34
pe-8_m82,28.0,100.0,0.0,0.0,1.86,1.5,29.0,100.0,0.0,0.0,0.0,0.0,0.0,,,,,,Pe-8
yak-38m,28.0,,,1.0,,0.0,11.0,75.0,0.08,0.25,0.0,0.0,0.0,,,,,,Yak-38M
jp_m47_patton_II,28.0,,,0.0,,0.44,354.0,72.26,0.0,0.0,3.16,2.89,0.0,,,,,,M47
beaufighter_mk21,27.0,100.0,0.54,0.78,5.31,5.15,0.0,,,,,,0.0,,,,,,Beaufighter_Mk_21
alpha_jet_th_phase_1,27.0,66.67,0.8,5.53,4.0,0.36,155.0,52.33,0.34,0.48,1.06,1.46,0.0,,,,,,Alpha_Jet_TH
ussr_kv_7_u13,27.0,100.0,0.0,0.0,4.35,4.35,45.0,13.89,0.0,0.0,4.69,3.12,0.0,,,,,,KV-7_(U-13)
typhoon_mk1b,27.0,,,,,,63.0,80.0,1.13,1.06,2.85,2.46,0.0,,,,,,Typhoon_Mk_Ib
pe-3_bis,27.0,87.04,0.16,1.0,3.03,6.71,2.0,,,,,,0.0,,,,,,Pe-3bis
su_22m4,27.0,65.63,0.66,1.0,1.66,2.69,32.0,50.0,0.0,0.0,0.5,1.0,16.0,,,0.25,,1.5,◊Su-22M4
f_15a,27.0,0.0,1.0,1.12,2.0,1.0,108.0,46.87,1.11,0.89,0.04,0.05,0.0,,,,,,F-15A
mosquito_f_mk2_norway,27.0,,,,,,0.0,,,,,,0.0,,,,,,◢Mosquito_F.Mk.II
mosquito_fb_mk26_china,27.0,50.0,1.0,2.0,0.17,0.33,12.0,79.17,0.08,0.06,1.08,1.22,0.0,,,,,,Mosquito_FB.Mk.26
p-63c-5_ussr,27.0,53.57,1.82,1.82,0.21,0.21,31.0,100.0,1.89,1.15,4.44,3.15,0.0,,,,,,P-63C-5
cn_vt_5,27.0,79.17,0.0,0.0,1.83,1.58,303.0,55.87,0.0,0.0,1.34,1.48,0.0,,,,,,VT5
p-51b_7_sweden,27.0,,,1.83,,0.0,29.0,100.0,0.46,0.43,0.85,0.86,0.0,,,,,,J26_David
germ_flakpanzer_IV_Kugelblitz,27.0,,,1.0,,0.0,237.0,40.06,0.98,1.14,0.65,0.79,0.0,,,,,,Kugelblitz
ussr_t_72b3_arena_m,27.0,53.57,0.0,0.0,1.0,1.93,723.0,46.54,0.0,0.0,1.39,1.44,0.0,,,,,,Т-72Б3А
p-39n_su,27.0,50.0,2.23,4.46,0.0,0.0,5.0,,,1.0,,0.0,0.0,,,,,,Pokryshkin's_P-39N-0
fr_amx_30_ACRA,27.0,50.0,0.0,0.0,1.0,0.5,16.0,,,,,,0.0,,,,,,AMX-30_ACRA
cn_plz_05,27.0,50.0,0.0,0.0,0.72,0.36,146.0,69.45,0.0,0.0,3.2,1.95,0.0,,,,,,PLZ05
su_33,27.0,,,0.0,,0.0,715.0,49.36,1.56,1.23,0.15,0.14,35.0,100.0,2.0,1.67,0.0,0.0,Су-33
cn_m48a1_patton_III,27.0,50.0,0.0,0.0,0.5,0.5,92.0,66.19,0.0,0.0,2.03,1.1,0.0,,,,,,M48A1_(China)
fr_m4a1_sherman,27.0,15.55,0.0,0.0,0.21,0.63,33.0,100.0,0.0,0.0,2.0,2.33,0.0,,,,,,M4A1
jp_btr_3e1,27.0,29.41,0.0,0.0,0.29,0.29,247.0,72.03,0.0,0.0,1.43,0.98,0.0,,,,,,BTR-3E1
uk_challenger_2_bn,26.0,58.33,0.0,0.0,3.83,8.0,240.0,61.42,0.0,0.0,2.64,2.39,0.0,,,,,,Black_Night
it_semovente_m42_75_34,26.0,50.0,0.0,0.0,2.42,4.85,0.0,,,,,,0.0,,,,,,75/34_M42
uk_m3_stuart,26.0,,,0.0,,2.0,27.0,,,0.0,,0.0,0.0,,,,,,Stuart_I
us_t18_e2,26.0,100.0,0.0,,2.0,,12.0,100.0,0.0,0.0,6.0,6.0,0.0,,,,,,T18E2
lagg-3-11,26.0,100.0,4.11,4.77,0.56,0.38,0.0,,,,,,0.0,,,,,,LaGG-3-11
pv_2d,26.0,50.0,0.5,0.5,3.5,3.5,101.0,44.04,0.87,0.88,3.49,3.51,0.0,,,,,,PV-2D
hurricane_mk1c,26.0,100.0,2.17,1.92,1.0,0.92,9.0,,,0.0,,0.0,0.0,,,,,,Sea_Hurricane_Mk_IC
spitfire_ix_early,26.0,100.0,7.11,5.77,0.0,0.0,214.0,73.62,2.32,2.21,1.39,1.39,0.0,,,,,,Spitfire_F_Mk_IX
uk_marmon_herrington_mk_6_2pdr,26.0,,,,,,40.0,100.0,0.0,0.0,1.17,0.47,0.0,,,,,,SARC_MkVI_(2pdr)
cn_m4a1_76w_sherman,26.0,100.0,0.0,0.0,2.15,2.21,43.0,,,0.0,,8.12,0.0,,,,,,M4A1_(75)_W_(China)
germ_pzkpfw_35t,26.0,100.0,0.0,0.0,5.0,3.75,0.0,,,,,,0.0,,,,,,Pz.35(t)
p-63a-5_ussr,26.0,50.0,1.77,1.77,0.54,0.54,205.0,60.83,2.5,1.5,3.64,2.24,0.0,,,,,,P-63A-5
p-36g,26.0,100.0,3.0,1.85,1.29,0.5,0.0,,,,,,0.0,,,,,,P-36G
germ_wiesel_1_mk20,26.0,100.0,1.0,1.0,0.0,0.0,801.0,37.36,0.09,0.07,0.82,0.68,1.0,,,,,,Wiesel_1A4
ussr_su_85_1943,26.0,100.0,0.0,0.0,2.33,1.75,47.0,50.0,0.0,0.0,1.77,2.06,0.0,,,,,,SU-85
ussr_t_72b3_arena,26.0,21.43,0.0,0.0,0.79,1.3,784.0,45.77,0.0,0.0,2.37,1.46,18.0,,,0.0,,1.0,"Т-72Б3_""Арена"""
il_magach_6c,26.0,,,0.0,,0.0,0.0,,,,,,0.0,,,,,,Magach_6C
cn_m41_a3_walker_bulldog,26.0,50.0,0.0,0.0,0.46,0.92,41.0,33.33,0.0,0.0,3.63,4.15,0.0,,,,,,M41A3_(China)
a_10a_late,25.0,100.0,2.88,2.06,7.31,4.97,191.0,95.89,1.03,0.37,9.27,3.49,21.0,0.0,0.0,0.0,3.0,1.63,A-10A_Late
hurricanemkii_ussr,25.0,100.0,3.5,3.08,0.38,0.14,0.0,,,,,,0.0,,,,,,Hurricane_Mk_IIB
fw-190a-8,25.0,100.0,2.8,1.4,6.0,2.67,5.0,,,,,,0.0,,,,,,Fw_190_A-8
sw_ikv_72,25.0,26.92,0.0,0.0,1.69,2.04,12.0,,,,,,0.0,,,,,,Ikv_72
he_112b_0,25.0,,,1.0,,0.17,1.0,,,0.0,,0.0,0.0,,,,,,He_112_B-0
us_m1a2_sep_abrams,25.0,,,0.0,,3.0,1621.0,59.79,0.0,0.0,2.01,1.94,0.0,,,,,,M1A2_SEP
germ_mkpz_m48a2c,25.0,50.0,0.0,0.0,0.67,1.5,316.0,20.63,0.0,0.0,1.58,1.03,64.0,36.67,0.0,0.0,1.2,1.53,M48A2_C
sea_harrier_fa2,25.0,0.0,1.25,1.32,0.0,0.0,0.0,,,,,,0.0,,,,,,Sea_Harrier_FA_2
germ_radpanzer_90,25.0,50.0,0.0,0.0,1.0,1.06,366.0,62.4,0.0,0.0,3.21,1.81,0.0,,,,,,Radkampfwagen_90
tornado_f3_late,25.0,14.58,0.85,1.0,0.0,0.0,14.0,,,1.57,,0.0,0.0,,,,,,Tornado_F.3_Late
us_m1a2_sep2_abrams_trophy,24.0,95.0,0.05,0.08,9.55,9.88,402.0,59.64,0.0,0.0,2.07,1.73,0.0,,,,,,M1A2_(Trophy-HV)
cn_m8_greyhound,24.0,100.0,0.0,0.0,5.84,5.84,21.0,,,0.0,,1.71,0.0,,,,,,M8_LAC_(China)
germ_pzkpfw_III_ausf_E,24.0,83.34,0.15,0.1,5.0,3.5,0.0,,,,,,0.0,,,,,,Pz.III_E
ussr_t_34_1941_cast_turret,24.0,100.0,0.0,0.0,2.21,6.0,55.0,50.0,0.0,0.0,2.0,2.77,0.0,,,,,,T-34_(1st_Gv.T.Br.)
jp_type_5_ho_ri_production,24.0,100.0,0.0,0.0,6.71,6.71,1083.0,76.4,0.0,0.0,4.82,4.77,0.0,,,,,,Ho-Ri_Production
spitfire_mk5c,24.0,100.0,2.0,2.0,1.5,1.5,52.0,,,,,,39.0,,,3.29,,0.0,Spitfire_Mk_Vc/trop
p-63a-10_ussr,24.0,100.0,3.0,1.94,2.0,0.11,102.0,97.62,0.22,0.27,2.8,3.02,0.0,,,,,,P-63A-10
il_2_m82,24.0,100.0,1.25,1.25,2.04,2.04,7.0,8.33,0.92,1.0,0.92,1.0,0.0,,,,,,IL-2_M-82
germ_leopard_2a4m_can,24.0,50.0,0.0,0.0,3.5,3.5,1418.0,45.26,0.0,0.0,1.42,1.17,0.0,,,,,,Leopard_2A4M
c_3604,24.0,100.0,0.29,1.38,3.57,1.21,40.0,50.0,0.95,1.81,0.5,1.0,17.0,,,,,,◌С-3604
germ_kv_1_kwk_40,24.0,54.55,0.0,0.0,6.0,4.81,236.0,70.18,0.0,0.0,10.69,4.31,0.0,,,,,,KW_I_C_756_(r)
us_m3a1_stuart,24.0,,,,,,10.0,,,0.0,,1.0,0.0,,,,,,M3A1_Stuart
sb2c_5_thailand,24.0,100.0,0.38,0.38,2.29,2.29,95.0,57.78,1.36,1.2,4.59,4.06,0.0,,,,,,SB2C-5
it_2s1,24.0,,,0.0,,1.29,60.0,90.0,0.0,0.0,0.4,0.61,0.0,,,,,,◔2S1
harrier_frs1,24.0,16.67,1.67,0.81,0.5,0.24,4.0,50.0,0.5,1.0,0.0,0.0,0.0,,,,,,Sea_Harrier_FRS.1
fr_marder_df_105,24.0,50.0,0.0,0.0,1.07,1.32,104.0,57.67,0.0,0.0,2.88,3.04,0.0,,,,,,DF105
a6m2_zero,24.0,100.0,3.0,3.0,0.0,0.0,0.0,,,,,,9.0,,,,,,A6M2
us_m55,24.0,0.0,0.0,0.0,1.23,1.13,32.0,,,0.0,,3.14,0.0,,,,,,M55
il_zsu_57_2,24.0,,,0.27,,2.64,232.0,31.44,0.0,0.0,2.06,1.0,0.0,,,,,,ZSU-57-2_(Israel)
us_m10,24.0,,,0.0,,0.54,59.0,50.0,0.0,0.0,1.88,1.41,0.0,,,,,,M10_GMC
su-6_m71,23.0,66.67,0.3,0.69,4.17,5.75,70.0,71.0,0.9,0.77,2.63,2.06,2.0,0.0,0.0,0.0,2.0,2.0,Su-6_(M-71F)
uk_a_43_black_prince,23.0,100.0,0.0,0.0,4.0,4.0,30.0,95.83,0.0,0.0,5.83,4.5,0.0,,,,,,Black_Prince
it_pzh_2000_hu,23.0,37.5,2.33,4.67,1.08,2.67,83.0,50.0,0.11,0.1,2.05,1.75,0.0,,,,,,PzH_2000HU
uk_valentine_mk_11,23.0,100.0,0.0,,12.0,,9.0,100.0,0.0,0.0,0.83,1.25,0.0,,,,,,Valentine_XI
us_m1_abrams,23.0,100.0,0.0,0.0,2.21,2.21,1681.0,52.37,0.0,0.0,2.42,1.85,0.0,,,,,,M1_Abrams
me-262a-1a_u4,23.0,55.56,3.33,5.7,1.11,2.0,502.0,59.3,0.24,0.24,2.07,2.11,0.0,,,,,,Me_262_A-1/U4
vg_33,23.0,100.0,6.0,6.0,0.0,0.0,0.0,,,,,,0.0,,,,,,V.G.33C-1
uk_centurion_mk_10,23.0,,,,,,145.0,58.2,0.0,0.0,1.81,1.85,0.0,,,,,,Centurion_Mk_10
sw_strv_101,23.0,33.33,0.0,0.0,1.33,1.05,286.0,36.45,0.0,0.0,1.31,1.03,0.0,,,,,,Strv_101
us_m60,23.0,0.0,0.0,0.0,1.35,1.35,108.0,61.74,0.0,0.0,1.04,1.18,0.0,,,,,,M60
germ_sturmpanzer_II,23.0,,,0.0,,1.0,56.0,71.67,0.0,0.0,0.0,0.0,0.0,,,,,,Sturmpanzer_II
p-51d-5,23.0,50.0,0.88,1.04,2.0,0.92,6.0,,,0.0,,2.0,0.0,,,,,,P-51D-5
jp_type_87,23.0,5.0,0.95,1.0,0.0,0.0,409.0,36.83,0.23,0.11,1.86,0.87,0.0,,,,,,Type_87
ussr_2s25,23.0,,,0.0,,0.55,478.0,44.8,0.0,0.0,1.33,1.2,0.0,,,,,,2S25
us_m48a1_patton_III,23.0,0.0,0.0,0.0,0.0,0.0,97.0,52.73,0.0,0.0,1.25,1.0,0.0,,,,,,M48A1
us_m3_bradley,23.0,,,0.0,,0.0,575.0,54.52,0.0,0.0,1.42,1.01,0.0,,,,,,M3_Bradley
germ_panzerjager_tiger_P_elefant,22.0,100.0,0.0,0.0,5.8,7.0,12.0,,,0.0,,6.83,0.0,,,,,,Elefant
ussr_is_6,22.0,77.27,0.0,0.0,5.05,6.64,195.0,64.55,0.0,0.0,4.59,3.21,0.0,,,,,,IS-6
it_breda_52_autocannone,22.0,100.0,0.0,0.0,4.06,6.0,21.0,100.0,0.0,0.0,2.4,1.82,0.0,,,,,,Breda_90/53
i-153_m62,22.0,50.0,4.5,3.93,0.0,0.0,0.0,,,,,,0.0,,,,,,I-153_M-62
cn_ztz_96,22.0,,,0.0,,3.6,476.0,62.17,0.0,0.0,5.0,2.8,0.0,,,,,,ZTZ96
sw_t_55m,22.0,50.0,0.0,0.0,1.0,2.0,508.0,60.08,0.0,0.0,1.64,1.55,0.0,,,,,,T-55M
su_25,22.0,100.0,1.0,1.0,1.0,1.05,161.0,53.15,0.66,0.7,1.02,1.13,53.0,,,0.0,,0.0,Su-25
f-4j,22.0,,,1.54,,0.0,78.0,67.22,1.97,2.04,0.04,0.04,7.0,,,,,,F-4J_Phantom_II
f6f-5_france,22.0,100.0,1.57,1.44,3.0,2.17,158.0,90.48,1.25,1.08,3.35,2.81,0.0,,,,,,F6F-5
fa_18c_switzerland,22.0,,,1.09,,0.0,1105.0,54.39,1.11,1.26,0.05,0.05,46.0,,,0.5,,0.0,◌F/A-18C
sb_2m_105,22.0,,,0.0,,1.5,0.0,,,,,,0.0,,,,,,SB_2M-105
p-36a,22.0,,,,,,0.0,,,,,,0.0,,,,,,P-36A
f_20a,22.0,,,1.13,,0.13,144.0,63.82,0.69,1.03,0.28,0.39,2.0,,,0.0,,1.0,F-20A
jp_m44,22.0,100.0,0.0,0.0,1.23,1.23,83.0,35.0,0.0,0.0,0.87,1.26,0.0,,,,,,M44
ussr_asu_57,22.0,,,0.0,,0.0,142.0,48.41,0.0,0.0,1.45,0.81,0.0,,,,,,ASU-57
fr_amx_10rc,22.0,,,0.0,,0.05,99.0,43.1,0.0,0.0,2.78,1.53,0.0,,,,,,AMX-10RC
ju-288c,21.0,100.0,1.0,0.71,8.0,7.14,27.0,50.0,0.5,1.0,0.95,1.91,0.0,,,,,,Ju_288_C
sw_ikv_73,21.0,,,0.0,,4.07,13.0,,,0.0,,4.43,0.0,,,,,,Ikv_73
ussr_rbt_5,21.0,100.0,0.0,0.0,4.56,4.56,6.0,91.67,0.0,0.0,0.93,1.0,0.0,,,,,,RBT-5
germ_marder_clovis,21.0,50.0,0.0,0.0,3.02,6.03,61.0,26.09,0.0,0.0,2.98,2.43,0.0,,,,,,CLOVIS
su_17m4,21.0,100.0,0.0,,3.25,,36.0,100.0,0.0,0.0,2.42,1.35,62.0,78.89,1.53,1.57,0.97,1.0,Su-17M4
il_merkava_mk_3b,21.0,,,,,,179.0,49.24,0.0,0.0,1.8,1.75,0.0,,,,,,Merkava_Mk.3B
us_m1a2_sep3_abrams,21.0,94.44,0.0,0.0,3.62,3.82,365.0,72.64,0.0,0.0,2.6,1.73,0.0,,,,,,M1A2_SEPv3
il_merkava_mk_3c,21.0,,,0.0,,2.67,273.0,60.25,0.02,0.02,2.47,2.62,0.0,,,,,,Merkava_Mk.3C
p-38j_marge,21.0,100.0,1.0,1.46,1.0,1.46,0.0,,,,,,0.0,,,,,,Bong's_P-38J-15
it_stug_III_ausf_G,21.0,100.0,0.0,0.0,1.8,1.8,37.0,100.0,0.0,0.0,3.5,3.02,0.0,,,,,,StuG_III_G
mig-21_bison,21.0,50.0,1.38,1.88,0.0,0.0,225.0,52.33,0.97,1.69,0.02,0.04,17.0,,,,,,MiG-21_Bison
fr_m4a1_sherman_fl_10,21.0,,,0.0,,1.0,30.0,100.0,0.0,0.0,5.0,4.23,0.0,,,,,,M4A1_(FL10)
sw_pvkv_m43_1946,21.0,,,,,,50.0,6.67,0.0,0.0,0.5,0.54,0.0,,,,,,Pvkv_m/43_(1946)
uk_fv4202,21.0,,,0.0,,1.0,182.0,66.67,0.0,0.0,2.42,1.23,2.0,,,0.0,,0.0,FV4202
f_16a_block_10,21.0,0.0,1.0,0.67,2.0,0.53,154.0,78.07,1.17,0.83,3.15,2.06,0.0,,,,,,F-16A
me-410a-1_u2,21.0,100.0,0.0,0.18,1.0,0.82,0.0,,,,,,0.0,,,,,,Me_410_A-1/U2
uk_concept3_ngac,21.0,50.0,0.0,0.0,0.5,0.5,167.0,77.48,0.0,0.0,2.37,1.41,0.0,,,,,,Concept_3
fr_leopard_2a5nl,21.0,,,0.0,,1.0,15.0,50.0,0.0,0.0,0.6,1.13,0.0,,,,,,Leopard_2A5NL
fr_amx_32_105,21.0,100.0,0.0,0.0,1.67,1.67,437.0,55.58,0.0,0.0,1.88,1.67,0.0,,,,,,AMX-32_(105)
su_27,21.0,91.67,0.42,0.13,0.08,0.13,433.0,55.3,1.89,2.26,0.0,0.0,0.0,,,,,,Su-27
f-89b,20.0,100.0,12.05,12.05,0.0,0.0,130.0,82.22,1.1,1.0,0.99,1.0,0.0,,,,,,F-89B
ki_44_1_ep,20.0,,,1.27,,0.0,15.0,,,0.0,,0.0,0.0,,,,,,Ki-44-I_34
germ_leopard_2pl,20.0,100.0,0.0,0.0,3.7,3.33,1347.0,44.51,0.0,0.0,1.43,1.18,0.0,,,,,,Leopard_2_PL
saab_b18b,20.0,100.0,0.0,,6.7,,16.0,,,,,,0.0,,,,,,B18B
bf-109g-10,20.0,100.0,1.1,0.4,0.4,2.0,0.0,,,,,,11.0,,,1.27,,0.0,Bf_109_G-10
bf-109g-6_erla_finland,20.0,,,1.0,,0.0,41.0,90.91,1.28,2.05,0.59,0.95,0.0,,,,,,Bf_109_G-6_Erla
uk_as_90_mk_2,20.0,,,2.1,,2.0,87.0,75.86,0.76,0.59,6.43,5.06,0.0,,,,,,AS90
f4u-4b,20.0,73.08,1.92,1.0,0.0,0.0,357.0,78.01,0.7,0.6,2.82,2.3,19.0,,,7.0,,0.0,F4U-4B
cn_hq_17,20.0,53.57,0.61,1.0,0.0,0.0,54.0,,,,,,0.0,,,,,,HQ17
uk_fv438_swingfire,20.0,77.27,0.0,0.0,0.77,1.0,91.0,46.67,0.0,0.0,2.35,2.4,0.0,,,,,,Swingfire
mig-21_smt,20.0,0.0,1.0,0.75,0.0,0.0,245.0,70.72,2.26,2.73,0.32,0.39,21.0,,,,,,MiG-21SMT
f-5c,19.0,100.0,0.0,0.0,5.0,5.0,232.0,43.96,1.62,2.06,0.38,0.49,24.0,,,0.0,,0.0,F-5C
sw_strf_9056,19.0,100.0,0.0,0.0,2.0,2.0,130.0,40.38,0.17,0.15,1.4,1.19,0.0,,,,,,Strf_9040_BILL
ussr_t_44_122,19.0,,,0.0,,3.43,57.0,42.0,0.0,0.0,1.44,1.37,0.0,,,,,,T-44-122
bf-109g-2_finland,19.0,,,,,,53.0,100.0,1.92,1.53,1.32,0.93,0.0,,,,,,Bf_109_G-2
meteor_fmk8_iaf,19.0,,,1.0,,0.0,10.0,,,,,,0.0,,,,,,Meteor_F.8_(Israel)
uk_vickers_mk_11,19.0,100.0,0.0,0.0,1.0,1.0,167.0,74.94,0.0,0.0,3.4,1.89,0.0,,,,,,Vickers_Mk.11
bf-109e-1,19.0,,,2.68,,0.0,12.0,0.0,0.0,0.0,1.0,0.4,26.0,,,,,,Bf_109_E-1
harrier_t10,19.0,37.04,0.83,0.91,1.06,1.41,83.0,53.73,0.16,0.22,1.49,2.52,0.0,,,,,,Harrier_T.10
fr_m4a3_105_sherman,19.0,100.0,0.0,0.0,1.0,1.0,40.0,,,0.0,,2.37,0.0,,,,,,M4A3_(105)
it_zsu_57_2,19.0,50.0,0.5,0.06,0.5,0.17,211.0,50.72,0.0,0.0,1.64,0.94,0.0,,,,,,◔ZSU-57-2
fr_vcac_mephisto,19.0,,,0.0,,1.6,229.0,57.83,0.0,0.0,2.29,1.89,0.0,,,,,,MEPHISTO
bf-110g-2,19.0,,,1.06,,2.24,18.0,,,1.0,,1.28,0.0,,,,,,Bf_110_G-2
p-51c-10-nt,19.0,,,3.71,,0.0,72.0,54.17,0.69,1.04,0.58,0.96,0.0,,,,,,P-51C-10
h8k2,19.0,100.0,0.0,0.0,0.0,0.0,0.0,,,,,,0.0,,,,,,H8K2
germ_pzkpfw_III_ausf_B,18.0,100.0,0.0,,2.0,,0.0,,,,,,0.0,,,,,,Pz.III_B
mig-15bis_nr23_german,18.0,,,1.0,,1.0,95.0,84.78,1.49,1.71,0.36,0.42,0.0,,,,,,◊MiG-15bis
cn_t_34_85_zis_53_no215,18.0,100.0,0.0,0.0,3.0,3.67,0.0,,,,,,0.0,,,,,,T-34-85_No.215
it_44m_zrinyi_1,18.0,100.0,0.0,,2.0,,1.0,,,0.0,,3.0,0.0,,,,,,Zrinyi_I
us_m247,18.0,72.22,4.39,,1.56,,240.0,31.67,1.64,1.13,0.09,0.06,0.0,,,,,,M247
us_xm_8,18.0,,,0.0,,2.44,83.0,100.0,0.0,0.0,3.65,2.11,0.0,,,,,,XM8
su_25_558arz,18.0,0.0,2.0,1.94,5.0,4.19,164.0,90.83,0.02,0.02,4.5,3.4,0.0,,,,,,Su-25BM
sw_t_54_1951,18.0,100.0,0.0,0.0,2.0,1.06,159.0,24.37,0.0,0.0,1.67,1.1,0.0,,,,,,T-54
p-38e,18.0,50.0,1.0,2.0,0.0,0.0,0.0,,,,,,0.0,,,,,,P-38E
spitfire_ix_usa,18.0,,,1.29,,0.0,184.0,68.65,1.22,2.15,0.95,1.72,16.0,,,,,,Spitfire_LF_Mk_IXc
yak-9b,18.0,100.0,2.0,1.07,9.0,1.43,1.0,,,,,,0.0,,,,,,Yak-9B
mig-19pt,18.0,86.36,0.86,1.0,0.0,0.0,62.0,28.03,1.68,1.58,0.0,0.0,0.0,,,,,,MiG-19PT
p-47d_23_ra_china_rocaf,18.0,50.0,1.25,2.33,0.5,0.72,9.0,100.0,1.0,1.0,3.0,3.0,0.0,,,,,,P-47D-23-RA_(China)
germ_pzkpfw_38t_na,18.0,100.0,0.0,0.0,1.0,1.0,0.0,,,,,,0.0,,,,,,Pz.38(t)_n.A.
re_2000_ga,18.0,,,1.0,,0.0,0.0,,,,,,0.0,,,,,,Re.2000_G.A.
jp_type_74,18.0,0.0,0.0,0.0,1.75,1.33,456.0,58.27,0.0,0.0,2.6,2.18,0.0,,,,,,Type_74_(E)
cn_is_2_1944,18.0,,,0.0,,0.5,34.0,,,,,,0.0,,,,,,IS-2_(1944)_(China)
p_108a_serie2,18.0,,,0.0,,0.0,0.0,,,,,,0.0,,,,,,P.108A_serie_2
j_7e,17.0,66.67,11.0,33.0,0.7,2.0,0.0,,,,,,0.0,,,,,,J-7E
cn_cm11,17.0,,,,,,131.0,100.0,0.0,0.0,9.25,4.06,0.0,,,,,,CM11
uk_a25_mk_8,17.0,,,,,,6.0,50.0,0.0,0.0,1.5,3.0,0.0,,,,,,Harry_Hopkins_I
sw_strv_122,17.0,100.0,0.0,0.0,8.0,9.0,235.0,56.54,0.0,0.0,3.46,2.39,0.0,,,,,,Strv_122A
f6f-5n_france,17.0,100.0,1.0,1.0,1.0,1.0,22.0,,,0.0,,2.71,0.0,,,,,,F6F-5N
b7a2,17.0,100.0,1.0,,4.5,,6.0,50.0,0.5,1.0,0.5,1.0,0.0,,,,,,B7A2
germ_panzerjager_nashorn,17.0,0.0,0.0,,1.0,,25.0,41.67,0.0,0.0,2.0,1.28,0.0,,,,,,Nashorn
f-100d_france,17.0,50.0,0.83,1.0,0.0,0.0,0.0,,,,,,0.0,,,,,,F-100D
germ_leopard_2a4_pzbtl_123,17.0,50.0,0.0,0.0,2.5,5.0,1248.0,40.84,0.0,0.0,1.86,1.48,7.0,,,0.0,,1.0,Leopard_2_(PzBtl_123)
us_m4a3_105_sherman,17.0,,,0.0,,1.0,59.0,100.0,0.0,0.0,6.2,2.47,0.0,,,,,,M4A3_(105)
il_m_51_w,17.0,,,0.0,,1.65,169.0,56.67,0.0,0.0,3.32,1.93,0.0,,,,,,M-51_(W)
sw_lago_1,17.0,100.0,0.0,0.0,1.0,1.0,57.0,50.0,0.0,0.0,1.5,0.73,0.0,,,,,,Lago_I
ki_21_1hei,16.0,100.0,1.0,1.0,12.75,12.75,0.0,,,,,,0.0,,,,,,Ki-21-I_hei
a_6e_tram,16.0,100.0,1.0,1.0,2.0,2.0,115.0,38.09,0.41,0.49,4.38,5.2,66.0,76.04,1.0,0.31,1.51,1.07,A-6E_TRAM
uk_conqueror_mk_2,16.0,100.0,0.0,0.0,2.75,2.0,244.0,54.74,0.0,0.0,1.96,1.66,0.0,,,,,,Conqueror
cn_al_khalid_1,16.0,50.0,0.0,0.0,2.0,2.0,1286.0,55.71,0.0,0.0,1.77,1.44,0.0,,,,,,Al-Khalid-I
me-410b-6_r3,16.0,,,0.0,,2.5,2.0,,,,,,0.0,,,,,,Me_410_B-6/R3
f-105d,16.0,100.0,0.0,0.0,2.0,1.83,30.0,0.0,0.0,0.0,7.29,3.6,14.0,,,,,,F-105D
il_tcm_20,16.0,,,,,,20.0,0.0,0.0,0.0,0.0,0.0,0.0,,,,,,TCM-20
germ_flakpanzer_IV_Ostwind_2_net,16.0,100.0,3.0,,1.0,,215.0,28.05,0.97,1.14,0.0,0.0,0.0,,,,,,Ostwind_Ost
f-5e_switzerland,16.0,100.0,1.0,0.31,2.0,0.63,12.0,87.5,1.88,1.61,0.13,0.11,0.0,,,,,,◌F-5E
f-5a,16.0,,,,,,0.0,,,,,,0.0,,,,,,F-5A
uk_a30_sp_avenger,16.0,,,,,,129.0,71.43,0.0,0.0,4.09,4.29,0.0,,,,,,Avenger
sw_landsverk_ush_204_gk,16.0,,,,,,167.0,21.11,0.8,0.88,0.08,0.09,0.0,,,,,,U-SH_204_GK
spitfire_lf_mk9e_weisman,16.0,,,,,,116.0,88.22,0.93,0.67,3.0,2.03,5.0,,,0.0,,0.0,Weizman's_Spitfire_LF_Mk.IXe
cn_wz_305,15.0,100.0,7.0,,2.0,,291.0,62.81,0.82,0.38,2.6,1.21,0.0,,,,,,WZ305
cn_type_97_chi_ha,15.0,100.0,0.0,,3.0,,0.0,,,,,,0.0,,,,,,Chi-Ha_(China)
i_180,15.0,,,3.0,,0.0,30.0,39.29,0.39,0.53,0.61,1.0,0.0,,,,,,I-180S
me_210ca_1_hungary,15.0,100.0,3.0,2.6,2.0,2.0,39.0,100.0,5.9,,0.8,,0.0,,,,,,◔Me_210_Ca-1
uk_challenger_2_dorchester,15.0,50.0,0.0,0.0,3.5,3.5,193.0,45.56,0.0,0.0,1.69,1.15,0.0,,,,,,Challenger_2_(2F)
uk_challenger_II,15.0,66.67,0.0,0.0,2.3,3.5,539.0,50.39,0.0,0.0,1.69,1.43,0.0,,,,,,uk_challenger_ii_shop
jp_m36b2_jgsdf,15.0,100.0,0.0,0.0,2.0,2.0,258.0,53.92,0.0,0.0,1.35,1.31,0.0,,,,,,M36
jp_type_90b,15.0,50.0,0.0,0.0,4.0,4.0,655.0,48.93,0.0,0.0,1.58,1.53,0.0,,,,,,Type_90_(B)
ju-87d-5,15.0,,,1.0,,1.2,0.0,,,,,,0.0,,,,,,Ju_87_D-5
bf-109z,15.0,,,,,,16.0,0.0,1.0,1.31,2.0,1.38,0.0,,,,,,Bf_109_Z-1
it_sherman_vc_firefly,15.0,100.0,0.0,0.0,1.5,1.0,78.0,21.74,0.0,0.0,2.61,1.42,0.0,,,,,,Sherman_Vc
ju-188a-2,15.0,100.0,0.0,0.0,5.1,5.1,22.0,100.0,3.0,6.0,0.5,1.0,0.0,,,,,,Ju_188_A-2
lagg-3-34,15.0,100.0,2.4,2.4,0.0,0.0,0.0,,,,,,0.0,,,,,,LaGG-3-34
bf-109g-14,15.0,100.0,2.0,2.0,2.0,2.0,111.0,50.0,1.2,1.82,0.43,0.66,10.0,,,1.9,,0.0,Bf_109_G-14
bf-109g-6,15.0,,,7.2,,0.0,170.0,59.06,3.78,4.27,0.8,1.12,0.0,,,,,,Bf_109_G-6
ussr_kv_122,15.0,100.0,0.0,0.0,1.13,2.0,105.0,23.02,0.0,0.0,3.14,2.32,0.0,,,,,,KV-122
il_magach_3_idf,15.0,,,0.0,,1.0,20.0,0.0,0.0,0.0,1.0,1.86,0.0,,,,,,Magach_3
germ_pzkpfw_38t_ausf_A,15.0,100.0,0.0,,0.4,,0.0,,,,,,0.0,,,,,,Pz.38(t)_A
uk_chieftain_marksman,15.0,,,0.0,,1.0,111.0,67.93,0.48,0.58,1.01,1.33,0.0,,,,,,Chieftain_Marksman
spitfire_fr_mk14e_belgium,15.0,100.0,2.0,1.67,0.0,0.0,26.0,,,0.58,,0.0,0.0,,,,,,Spitfire_FR_Mk_XIVe
it_m109g,15.0,,,,,,1.0,,,,,,0.0,,,,,,M109G
sw_sav_m43_1946,15.0,33.33,0.0,0.0,0.7,1.0,2.0,,,0.0,,0.0,0.0,,,,,,Sav_m/43_(1946)
il_tiran_4,15.0,,,0.0,,1.0,17.0,,,,,,0.0,,,,,,Tiran_4
ussr_2s3m,15.0,50.0,0.0,0.0,1.04,2.2,106.0,8.67,0.0,0.0,2.21,1.2,0.0,,,,,,2S3M
sw_pvkv_m43_1963,15.0,5.0,0.0,0.0,1.1,0.87,126.0,63.89,0.0,0.0,0.72,0.69,0.0,,,,,,Pvkv_m/43_(1963)
il_m113_hvms,15.0,,,0.0,,1.0,52.0,100.0,0.0,0.0,2.78,1.31,0.0,,,,,,Bardelas/60mm_HVMS
germ_pzkpfw_III_ausf_J_L42,15.0,100.0,0.0,0.0,2.33,2.33,28.0,,,0.0,,3.07,0.0,,,,,,Pz.III_J
il_m109,15.0,,,0.0,,0.89,75.0,100.0,0.0,0.0,3.22,1.06,0.0,,,,,,M109_(Israel)
il_ss_11_halftrack,15.0,,,0.0,,1.0,43.0,81.82,0.0,0.0,1.55,1.46,0.0,,,,,,Zachlam_Tager
it_c13_t90,15.0,100.0,0.0,0.0,1.0,1.0,77.0,63.16,0.0,0.0,3.05,2.26,0.0,,,,,,C13_T90
germ_thyssen_henschel_tam,15.0,,,,,,765.0,43.46,0.0,0.0,1.53,1.3,0.0,,,,,,TAM
it_btr_80a_hungary,15.0,100.0,0.0,0.0,0.0,0.0,218.0,63.95,0.0,0.0,1.7,1.32,0.0,,,,,,◔BTR-80A
germ_sdkfz_234_1,15.0,,,,,,13.0,65.0,0.0,0.0,1.35,1.65,0.0,,,,,,Sd.Kfz.234/1
mig-17_cuba,14.0,100.0,9.0,9.0,6.0,6.0,16.0,,,2.0,,0.0,0.0,,,,,,MiG-17AS
q_5a,14.0,100.0,4.0,,9.0,,0.0,,,,,,0.0,,,,,,Q-5A
leo_451_late,14.0,50.0,0.5,0.5,5.5,5.5,0.0,,,,,,0.0,,,,,,LeO_451_late
fr_amx_32,14.0,100.0,0.0,,3.36,,237.0,53.53,0.0,0.0,2.58,2.05,0.0,,,,,,AMX-32
yak-4,14.0,100.0,0.0,0.0,5.67,5.6,0.0,,,,,,0.0,,,,,,Yak-4
ussr_object_140,14.0,50.0,0.0,0.0,2.5,2.5,70.0,55.68,0.0,0.0,3.02,2.51,0.0,,,,,,Object_140
us_m60a1,14.0,100.0,0.0,,2.0,,329.0,67.52,0.0,0.0,2.68,2.02,0.0,,,,,,M60A1_(AOS)
f4f-3,14.0,,,0.7,,2.0,10.0,,,1.0,,0.0,0.0,,,,,,F4F-3
germ_pz_IV_L70,14.0,60.0,0.2,0.3,5.0,8.3,192.0,34.66,0.0,0.0,2.19,1.37,0.0,,,,,,Panzer_IV/70(V)
corsair_fmk2,14.0,100.0,1.33,,1.33,,2.0,,,,,,0.0,,,,,,Corsair_F_Mk_II
il-2i,14.0,95.0,0.65,0.65,6.7,6.7,14.0,50.0,0.0,0.0,1.5,3.0,14.0,,,0.0,,1.0,IL-2_(1942)
ki_100_early,14.0,,,,,,96.0,80.0,1.56,0.98,9.46,5.93,9.0,100.0,0.0,0.0,1.0,1.0,Ki-100
it_sherman_VII,14.0,100.0,0.0,0.0,3.0,2.43,65.0,23.33,0.0,0.0,1.84,2.4,0.0,,,,,,M4_Tipo_IC
fw-190a-8_usa,14.0,,,1.0,,0.0,48.0,66.67,0.7,1.0,1.0,1.5,0.0,,,,,,Fw_190_A-8
su_25t,14.0,,,0.07,,0.93,179.0,61.55,0.29,0.38,3.79,4.9,0.0,,,,,,Su-25T
he-111h-2,14.0,100.0,0.0,,2.0,,0.0,,,,,,0.0,,,,,,He_111_H-3
gladiator_j8a,14.0,,,1.0,,0.0,0.0,,,,,,0.0,,,,,,J8A
us_m1_abrams_kvt,14.0,0.0,0.0,0.0,1.0,1.0,1795.0,55.48,0.0,0.0,3.15,2.59,0.0,,,,,,M1_KVT
harrier_gr1,14.0,86.11,0.88,0.78,0.65,0.48,58.0,50.0,0.26,0.44,0.97,1.15,0.0,,,,,,Harrier_GR.1
fr_1_fireball,14.0,,,1.0,,0.0,155.0,57.78,0.68,0.72,1.99,1.95,0.0,,,,,,FR-1_Fireball
cn_ztz_96b,14.0,50.0,0.0,0.0,0.86,0.86,300.0,68.62,0.0,0.0,2.46,2.33,0.0,,,,,,ZTZ96B
sw_bmp_2md,14.0,,,0.0,,1.0,64.0,61.54,0.0,0.0,3.54,1.88,0.0,,,,,,BMP-2MD
il_m48a1_patton_III,14.0,50.0,0.5,1.0,1.0,2.0,138.0,56.39,0.0,0.0,1.59,1.17,0.0,,,,,,Magach_1
spitfire_ix,14.0,,,,,,0.0,,,,,,85.0,38.89,7.28,2.25,0.0,0.0,Spitfire_LF_Mk_IX
p-47m-1-re,14.0,,,,,,93.0,76.06,0.36,0.5,2.15,2.85,0.0,,,,,,P-47M-1-RE
xf5u_1,14.0,,,,,,75.0,62.67,1.12,0.8,0.59,0.4,0.0,,,,,,XF5U-1
ju-88a-4_finland,14.0,0.0,0.0,0.0,1.21,1.21,0.0,,,,,,0.0,,,,,,Ju_88_A-4
i-153_m62_china,13.0,100.0,4.2,4.08,2.0,2.0,0.0,,,,,,0.0,,,,,,I-153_M-62_(China)
mig-15bis_nr23_china,13.0,,,,,,13.0,100.0,0.0,0.0,1.0,1.0,0.0,,,,,,J-2
cw_21,13.0,100.0,2.0,2.0,1.0,1.0,0.0,,,,,,0.0,,,,,,CW-21
spitfire_mk1,13.0,,,,,,0.0,,,,,,0.0,,,,,,Spitfire_Mk_Ia
p-43a-1_china,13.0,,,,,,0.0,,,,,,0.0,,,,,,P-43A-1_(China)
h-75m_china,13.0,100.0,3.08,3.08,0.0,0.0,3.0,,,1.0,,0.0,0.0,,,,,,H-75M_(China)
ki_43_3_ko,13.0,100.0,3.0,3.0,0.0,0.0,0.0,,,,,,0.0,,,,,,Ki-43-III_ko_(China)
su-11,13.0,,,,,,249.0,55.21,1.11,1.08,1.52,1.48,0.0,,,,,,Su-11
it_m14_41_47_40,13.0,,,0.0,,2.0,13.0,,,0.0,,1.0,0.0,,,,,,M14/41_(47/40)
j_8b,13.0,,,,,,15.0,75.0,1.0,1.1,0.75,0.8,0.0,,,,,,J-8B
il_centurion_shot_kal_gimel,13.0,100.0,0.0,0.0,3.67,3.82,171.0,55.5,0.0,0.0,2.44,2.63,0.0,,,,,,Sho't_Kal_Gimel
yak-17,13.0,,,,,,10.0,,,,,,0.0,,,,,,Yak-17
sw_strf_90b,13.0,,,,,,230.0,58.62,0.12,0.07,1.84,1.32,0.0,,,,,,Strf_9040B
ussr_t_54_1949,13.0,10.0,0.0,0.0,1.26,1.05,112.0,51.46,0.0,0.0,1.24,1.47,13.0,10.0,0.0,0.0,0.9,1.18,T-54_(1949)
fa_18a,13.0,,,0.0,,0.0,94.0,70.45,2.68,2.87,0.3,0.37,19.0,,,,,,F/A-18A
su_22m3,13.0,,,1.0,,0.0,224.0,59.56,0.22,0.2,0.54,0.37,0.0,,,,,,Su-22M3
sw_strv_m40l,13.0,,,,,,0.0,,,,,,0.0,,,,,,Strv_m/40L
p-63a-5,13.0,100.0,1.0,1.0,0.0,0.0,10.0,,,0.0,,0.2,0.0,,,,,,P-63A-5
uk_g6_spg,13.0,,,0.0,,0.77,2.0,,,0.0,,2.0,0.0,,,,,,G6
uk_crusader_mk_2,13.0,,,0.0,,1.0,0.0,,,,,,0.0,,,,,,Crusader_II
yak_141,13.0,100.0,1.0,1.0,0.0,0.0,39.0,50.0,1.75,3.5,0.0,0.0,0.0,,,,,,Yak-141
uk_churchill_na75,13.0,,,0.0,,1.0,25.0,100.0,0.0,0.0,1.0,1.2,0.0,,,,,,Churchill_NA75
ussr_btr_80a,13.0,,,,,,465.0,40.8,0.0,0.0,1.79,0.98,0.0,,,,,,BTR-80A
bf-109f-1,13.0,,,1.0,,0.0,43.0,,,1.7,,0.0,0.0,,,,,,Bf_109_F-1
uk_fv107_scimitar,13.0,100.0,0.0,0.0,0.0,0.15,134.0,63.56,0.0,0.0,1.14,1.31,0.0,,,,,,Scimitar
uk_armored_car_aec_mk_2,13.0,0.0,0.0,0.0,0.85,0.85,28.0,100.0,0.0,0.0,4.11,3.29,4.0,,,0.0,,1.0,AEC_Mk_II
us_xm1_chrysler,12.0,100.0,0.0,,4.0,,55.0,100.0,0.0,0.0,6.85,3.58,0.0,,,,,,XM1_(Chrysler)
so_4050_vautour_2a,12.0,50.0,0.0,0.0,4.0,4.0,0.0,,,,,,0.0,,,,,,S.O.4050_Vautour_IIA
re_2001_serie1_ep,12.0,100.0,3.17,3.17,0.17,0.17,0.0,,,,,,0.0,,,,,,Re.2001_gruppo_22
germ_pzkpfw_III_ausf_J,12.0,,,,,,0.0,,,,,,0.0,,,,,,Pz.III_J1
mc-202_d,12.0,,,,,,0.0,,,,,,0.0,,,,,,C._202D
so_4050_vautour_2b,12.0,50.0,0.0,0.0,3.5,3.5,0.0,,,,,,0.0,,,,,,S.O.4050_Vautour_IIB
fr_m36b2_cefeo,12.0,100.0,0.0,0.0,4.0,4.0,137.0,69.17,0.0,0.0,1.35,1.18,0.0,,,,,,M36B2
bb-1,12.0,100.0,2.82,3.0,9.36,10.1,3.0,33.33,0.0,0.0,1.33,1.33,0.0,,,,,,BB-1
uk_m4a5_ram_2,12.0,100.0,0.0,,1.0,,6.0,100.0,0.0,0.0,2.0,2.0,0.0,,,,,,Ram_II
etndard_4m,12.0,50.0,0.5,0.5,1.5,1.5,0.0,,,,,,0.0,,,,,,Etendard_IVM
ussr_object_120,12.0,55.56,0.1,0.03,2.0,1.53,139.0,51.2,0.0,0.0,1.91,2.62,6.0,,,,,,Object_120
cn_t_80ud_478be,12.0,50.0,0.0,0.0,1.5,1.5,85.0,53.13,0.0,0.0,2.14,1.35,0.0,,,,,,T-80UD/BE
spitfire_mk9c_4cannons,12.0,100.0,2.0,2.0,1.0,1.0,10.0,100.0,2.0,,5.0,,0.0,,,,,,Spitfire_F_Mk_IXc
spitfire_mk5c_notrop,12.0,100.0,1.5,1.5,1.0,1.0,13.0,100.0,2.0,1.54,1.6,1.23,0.0,,,,,,Spitfire_Mk_Vc
b_34,12.0,100.0,1.0,1.0,4.5,4.5,0.0,,,,,,0.0,,,,,,B-34
germ_flakpz_1a2_Gepard,12.0,,,2.0,,1.0,333.0,37.04,1.03,0.58,1.07,0.6,0.0,,,,,,Gepard_1A2
hunter_f6_holland,12.0,50.0,1.0,2.0,0.5,1.0,12.0,50.0,1.0,2.0,0.0,0.0,0.0,,,,,,◘Hunter_F.6
uk_a_22b_mk_3_churchill_1942,12.0,,,0.0,,1.0,8.0,,,0.0,,2.0,0.0,,,,,,Churchill_III
it_fiat_6616_cockerill,12.0,,,0.0,,1.0,152.0,70.16,0.0,0.0,2.42,1.36,0.0,,,,,,AUBL/74
p-47d_22_re_france,12.0,,,1.0,,0.0,74.0,65.91,0.12,0.19,1.78,2.14,0.0,,,,,,P-47D-22-RE
germ_stuh_III_ausf_G,12.0,,,,,,55.0,,,0.0,,3.33,0.0,,,,,,StuH_42_G
jp_st_a3,12.0,100.0,0.0,0.0,1.0,1.0,355.0,57.7,0.0,0.0,2.29,2.07,0.0,,,,,,ST-A3
germ_boxer_swatrinf,12.0,50.0,0.0,0.0,1.0,1.0,275.0,34.28,0.0,0.0,1.33,0.69,0.0,,,,,,sWaTrgInf
ussr_isu_122s,12.0,16.67,0.0,0.0,1.0,1.33,16.0,,,0.0,,2.06,0.0,,,,,,ISU-122S
me-262a-1a,11.0,100.0,4.0,,0.0,,16.0,50.0,0.0,0.0,0.0,0.0,0.0,,,,,,Me_262_A-1a
cn_type_69_2g,11.0,,,,,,45.0,,,0.0,,3.11,0.0,,,,,,T-69_II_G
germ_pzkpfw_VI_ausf_h1_tiger_animal_version,11.0,100.0,0.0,,5.5,,13.0,100.0,0.0,0.0,7.78,7.78,0.0,,,,,,␠Tiger
it_of_40_mtca,11.0,,,0.0,,4.64,905.0,68.84,0.0,0.0,4.57,3.14,56.0,21.67,0.0,0.0,1.98,1.98,OF-40_(MTCA)
ussr_t_60_1941,11.0,100.0,0.0,,1.0,,0.0,,,,,,0.0,,,,,,T-60
sw_strv_m42_eh,11.0,0.0,0.0,0.0,2.0,3.0,101.0,42.0,0.0,0.0,1.67,1.12,0.0,,,,,,Strv_m/42_EH
er-2_m105_mv3,11.0,100.0,0.0,0.0,1.73,1.73,6.0,,,0.0,,0.0,0.0,,,,,,Yer-2_(M-105)
sw_strv_104,11.0,,,0.0,,1.0,346.0,51.94,0.0,0.0,1.91,1.71,0.0,,,,,,Strv_104
fr_amx_elc_bis,11.0,,,0.0,,1.82,176.0,58.53,0.0,0.0,1.56,1.1,0.0,,,,,,ELC_bis
fr_amx_30_b2_brenus,11.0,100.0,0.0,0.0,3.0,3.0,331.0,66.65,0.0,0.0,2.6,1.96,0.0,,,,,,AMX-30B2_BRENUS
a-26b_10,11.0,,,0.0,,1.91,0.0,,,,,,0.0,,,,,,A-26B-10
tornado_gr1,11.0,83.33,0.83,1.0,0.0,0.0,70.0,50.0,0.0,0.0,1.14,2.28,0.0,,,,,,Tornado_GR.1
ussr_pt_76b,11.0,83.33,0.0,0.0,0.67,0.43,649.0,56.28,0.0,0.0,1.02,0.73,2.0,,,0.0,,0.0,PT-76B
yak-38,11.0,,,,,,39.0,33.33,0.7,0.1,0.0,0.0,0.0,,,,,,Yak-38
tornado_gr4,11.0,,,,,,23.0,44.0,0.92,1.18,0.44,0.58,0.0,,,,,,Tornado_GR.4
uk_ttd,11.0,,,,,,120.0,91.67,0.0,0.0,7.34,3.95,0.0,,,,,,TTD
jh_7a,10.0,100.0,1.0,1.0,6.0,6.0,24.0,88.24,0.21,0.21,1.24,1.24,11.0,,,0.0,,4.0,JH-7A
su-2_mv5,10.0,100.0,1.7,1.7,5.0,5.0,8.0,,,,,,0.0,,,,,,Su-2_MV-5
il-2m_mstitel,10.0,100.0,1.0,0.4,8.0,8.2,3.0,100.0,1.0,1.0,3.0,3.0,0.0,,,,,,"IL-2M_""Avenger"""
do_217e_4,10.0,100.0,0.0,0.0,7.0,7.0,0.0,,,,,,0.0,,,,,,Do_217_E-4
it_leopard_2a7_hungary,10.0,100.0,0.0,0.0,7.0,4.0,247.0,61.17,0.0,0.0,4.55,3.02,0.0,,,,,,Leopard_2A7HU
us_lav_ad,10.0,37.5,1.88,3.0,0.63,1.0,908.0,52.5,0.27,0.23,0.65,0.54,0.0,,,,,,LAV-AD
tu-2_postwar,10.0,,,0.0,,2.1,26.0,50.0,0.5,0.5,1.5,1.5,0.0,,,,,,Tu-2S-44
ki-27_otsu,10.0,,,,,,0.0,,,,,,0.0,,,,,,Ki-27_otsu
tu-2,10.0,50.0,0.0,0.0,1.67,3.33,78.0,77.5,0.0,0.0,2.18,2.54,15.0,,,,,,Tu-2S
do_217m_1,10.0,100.0,0.0,0.0,6.8,6.8,18.0,50.0,0.0,0.0,2.5,2.5,0.0,,,,,,Do_217_M-1
us_m1a1_aim_abrams,10.0,,,,,,1313.0,57.64,0.0,0.0,1.85,1.74,2.0,,,0.0,,0.0,M1A1_AIM
il-10_1946,10.0,50.0,0.5,0.9,1.06,2.0,21.0,,,,,,0.0,,,,,,IL-10_(1946)
wm_23,10.0,,,1.6,,0.0,12.0,100.0,2.0,1.82,1.0,0.77,0.0,,,,,,◔WM-23
a5m4,10.0,,,1.0,,0.6,0.0,,,,,,0.0,,,,,,A5M4
f-84f,10.0,66.67,1.25,1.25,0.0,0.0,82.0,43.83,0.12,0.17,0.74,0.94,0.0,,,,,,F-84F
uk_centurion_mk_1,10.0,100.0,0.0,0.0,2.0,2.0,71.0,100.0,0.0,0.0,6.13,5.78,0.0,,,,,,Centurion_Mk_1
sw_tgdgb_m40_lv,10.0,,,1.0,,0.0,45.0,0.0,0.78,0.27,3.22,2.06,0.0,,,,,,Lvtdgb_m/40
fr_leopard_2a6nl,10.0,,,,,,0.0,,,,,,0.0,,,,,,Leopard_2A6NL
ussr_object_775,10.0,,,,,,229.0,52.57,0.0,0.0,3.56,1.58,0.0,,,,,,Object_775
uk_boxer_crv_block2,10.0,,,0.0,,1.0,391.0,65.79,0.02,0.01,1.82,0.83,0.0,,,,,,CRV_Block_2
cn_m10,10.0,,,0.0,,1.22,15.0,,,0.0,,1.67,0.0,,,,,,M10_GMC_(China)
uk_a27m_cromwell_1,10.0,,,0.0,,1.0,75.0,92.0,0.0,0.0,4.75,5.25,0.0,,,,,,Cromwell_I
ussr_smk,10.0,100.0,0.0,0.0,1.0,1.0,0.0,,,,,,0.0,,,,,,SMK
fr_amx_40,10.0,0.0,0.0,0.0,2.0,2.0,265.0,47.45,0.0,0.0,1.7,1.49,2.0,,,0.0,,2.0,AMX-40
p-40c_china,10.0,,,0.0,,0.0,0.0,,,,,,0.0,,,,,,H-81A-2
re_2002_early,10.0,,,0.86,,0.0,42.0,0.0,0.0,0.0,0.85,0.43,0.0,,,,,,Re.2002_Early
tbf-1c,10.0,,,0.0,,1.0,0.0,,,,,,0.0,,,,,,TBF-1C
wellington_mk1c_late,10.0,,,0.0,,0.0,0.0,,,,,,0.0,,,,,,Wellington_Mk_Ic/L
f3f-2,10.0,,,0.0,,0.0,0.0,,,,,,0.0,,,,,,F3F-2
f_16a_block_15_adf_italy,9.0,,,,,,18.0,50.0,0.5,1.0,0.5,1.0,0.0,,,,,,F-16A_ADF
bf-109g-2_hungary,9.0,,,4.89,,0.0,0.0,,,,,,0.0,,,,,,◐Bf_109_G-2
us_m4a2_1944_germ,9.0,100.0,0.0,0.0,10.0,5.0,0.0,,,,,,0.0,,,,,,M4_748_(a)
us_m18_super_hellcat,9.0,,,0.0,,4.0,464.0,75.66,0.0,0.0,3.06,2.78,10.0,,,,,,Super_Hellcat
tu-2_early,9.0,,,0.0,,3.0,0.0,,,,,,0.0,,,,,,Tu-2
ussr_t_34_85_zis_53_kit_3rank,9.0,100.0,0.0,0.0,5.11,5.11,260.0,50.37,0.0,0.0,2.07,1.89,0.0,,,,,,Т-34-85_('45)
il-10,9.0,,,1.56,,4.33,28.0,100.0,0.0,0.0,8.0,0.67,0.0,,,,,,IL-10
us_t95,9.0,50.0,0.0,0.0,1.0,2.0,39.0,0.0,0.0,0.0,5.0,4.85,0.0,,,,,,T95
fr_leopard_2a4nl,9.0,,,0.0,,3.0,164.0,47.26,0.0,0.0,1.89,2.08,0.0,,,,,,Leopard_2A4NL
germ_pzkpfw_III_ausf_N,9.0,,,0.0,,2.0,28.0,100.0,0.0,0.0,7.87,6.39,0.0,,,,,,Pz.III_N
f-4e,9.0,100.0,4.78,4.78,2.78,2.78,417.0,51.13,1.42,1.68,0.28,0.33,14.0,,,0.91,,0.45,F-4E_Phantom_II
germ_flakpanzer_IV_Ostwind_2,9.0,0.0,1.0,1.0,0.44,0.44,322.0,26.09,0.88,0.54,0.2,0.15,2.0,100.0,1.0,,0.0,,Ostwind_II
us_t32,9.0,0.0,0.0,0.0,1.0,1.0,282.0,73.9,0.0,0.0,4.81,2.42,0.0,,,,,,T32
f_15c_msip2,9.0,0.0,1.33,1.25,0.0,0.19,291.0,69.17,2.5,1.95,0.16,0.16,42.0,,,1.33,,0.0,F-15C_MSIP_II
us_m46_patton,9.0,100.0,0.0,0.0,1.0,4.0,406.0,56.29,0.0,0.0,3.62,2.95,0.0,,,,,,M46
uk_a39_tortoise,9.0,0.0,0.0,0.0,1.0,1.0,2.0,,,0.0,,1.0,0.0,,,,,,Tortoise
it_m18_hellcat,9.0,,,0.0,,1.43,246.0,76.99,0.0,0.0,3.49,2.31,0.0,,,,,,M18
germ_pzkpfw_38t_Marder_III,9.0,,,,,,0.0,,,,,,0.0,,,,,,Marder_III
ussr_su_122,9.0,100.0,0.0,0.0,2.0,2.0,110.0,50.0,0.0,0.0,2.04,1.15,0.0,,,,,,SU-122
ffvs_j22_a,9.0,,,2.0,,0.0,30.0,100.0,0.0,0.0,0.0,0.0,0.0,,,,,,J22-A
cn_m24_chaffee,9.0,,,0.0,,0.0,65.0,100.0,0.0,0.0,4.0,1.46,0.0,,,,,,M24_(China)
ussr_gaz_mm_72k,9.0,100.0,0.0,0.0,1.78,1.78,5.0,,,,,,0.0,,,,,,GAZ-MM_(72-K)
su-6_am42,9.0,,,,,,43.0,85.71,0.79,0.64,1.21,0.83,0.0,,,,,,Su-6_(AM-42)
la-9_china,9.0,,,1.0,,0.0,11.0,,,,,,0.0,,,,,,La-9_(China)
b_25j_1,9.0,,,,,,0.0,,,,,,0.0,,,,,,B-25J-1
uk_eland_90_mk_7,9.0,,,,,,205.0,53.82,0.0,0.0,1.14,0.91,0.0,,,,,,Eland_90_Mk.7
jp_st_b1,9.0,,,0.0,,0.0,87.0,66.67,0.0,0.0,3.82,2.46,0.0,,,,,,STB-2
f_111c_raaf,9.0,,,,,,13.0,,,0.0,,1.0,0.0,,,,,,F-111C
cn_m4a4_sherman,9.0,,,0.0,,0.0,28.0,,,0.0,,2.72,0.0,,,,,,M4A4_(China)
ussr_t_50,9.0,,,0.0,,0.44,110.0,36.66,0.0,0.0,1.24,1.18,0.0,,,,,,T-50
yak_1_litvyak,8.0,100.0,5.0,,0.0,,0.0,,,,,,0.0,,,,,,Як-1_Литвяк
f-84b,8.0,100.0,1.0,1.0,5.0,4.38,63.0,35.06,0.65,0.9,1.7,2.65,0.0,,,,,,F-84B-26
mc-205_serie1,8.0,100.0,7.0,6.0,0.0,0.0,0.0,,,,,,0.0,,,,,,C._205_serie_1
germ_leopard_2_pt14,8.0,,,0.0,,3.0,46.0,50.0,0.0,0.0,3.67,2.84,0.0,,,,,,PT-16/T14_mod.
i-153p,8.0,,,2.0,,0.0,56.0,66.67,3.0,4.5,2.05,3.08,15.0,,,0.0,,0.0,I-153P
ussr_t_26_1940,8.0,100.0,0.0,0.0,3.5,3.5,0.0,,,,,,0.0,,,,,,T-26
ef_2000_typhoon_aesa,8.0,,,2.0,,0.0,339.0,72.86,2.04,2.4,0.17,0.2,0.0,,,,,,Typhoon_(AESA)
ussr_su_5_1,8.0,0.0,0.0,0.0,2.0,2.0,0.0,,,,,,0.0,,,,,,SU-5-1
ef_2000_fgr4,8.0,,,2.0,,0.0,77.0,38.89,0.89,1.04,0.0,0.0,0.0,,,,,,Typhoon_FGR.4
us_m1_ip_abrams,8.0,,,,,,612.0,47.55,0.0,0.0,2.14,1.96,0.0,,,,,,IPM1
us_xm_975_roland,8.0,0.0,2.0,2.0,0.0,0.0,130.0,23.46,2.35,1.27,0.0,0.0,0.0,,,,,,XM975
p-51d-10,8.0,100.0,1.0,,0.0,,58.0,26.19,2.52,2.52,0.62,0.62,9.0,,,4.0,,0.0,P-51D-10
vl_myrsky_2_late,8.0,,,,,,30.0,77.78,0.22,0.22,0.48,0.48,0.0,,,,,,VL_Myrsky_II
uk_a_34_comet,8.0,50.0,0.0,0.0,1.5,3.0,66.0,57.41,0.0,0.0,2.59,3.12,0.0,,,,,,Comet_I
typhoon_mk1b_late,8.0,,,4.0,,0.33,175.0,74.42,1.84,2.69,1.7,2.26,2.0,,,,,,Typhoon_Mk_Ib/L
f_16c_block_50,8.0,0.0,1.0,1.0,0.33,0.33,520.0,67.5,1.02,1.19,0.65,0.75,69.0,0.0,6.07,1.96,0.0,0.0,F-16C
fr_amx_30_dca,8.0,,,,,,315.0,43.52,0.26,0.16,1.06,0.64,0.0,,,,,,AMX-30_DCA
mig_21_bis_finland,8.0,50.0,0.5,1.0,0.0,0.0,35.0,66.67,1.0,1.0,0.0,0.0,0.0,,,,,,MiG-21bis
fokker_d21_serie3_finland,8.0,,,,,,8.0,,,,,,0.0,,,,,,Fokker_D.XXI-3
sw_ikv_103,8.0,50.0,0.0,0.0,0.63,1.25,81.0,46.3,0.0,0.0,0.46,0.97,0.0,,,,,,Ikv_103
av_8b_plus,8.0,0.0,1.0,1.0,0.0,0.0,65.0,35.71,1.05,1.1,0.82,1.13,31.0,,,1.0,,0.0,AV-8B_Plus
germ_thyssen_henschel_tam_2c,8.0,50.0,0.0,0.0,0.5,1.0,217.0,46.08,0.0,0.0,1.45,1.41,5.0,,,0.0,,0.0,TAM_2C
fr_m55,8.0,,,,,,0.0,,,,,,0.0,,,,,,M55
saab_ajs37,8.0,,,0.0,,0.0,68.0,100.0,1.54,0.98,3.88,2.65,0.0,,,,,,AJS37
saab_ja37,8.0,50.0,0.0,0.0,0.0,0.0,277.0,60.07,1.65,2.05,0.17,0.2,0.0,,,,,,JA37C
us_adats_bradley,8.0,50.0,0.0,0.0,0.0,0.0,702.0,42.52,0.81,0.43,0.51,0.27,0.0,,,,,,ADATS
saab_j35d,8.0,,,0.0,,0.0,55.0,55.34,1.16,1.94,0.06,0.08,14.0,,,1.0,,0.0,J35D
bf_109t_2,8.0,,,,,,0.0,,,,,,0.0,,,,,,Bf_109_T-2
ussr_to_55,7.0,,,,,,337.0,51.74,0.0,0.0,4.79,2.41,2.0,,,,,,TO-55
mosquito_fb_mk6_norway,7.0,,,1.71,,4.0,5.0,,,,,,0.0,,,,,,◢Mosquito_FB.Mk.VI
it_m15_42_contraereo,7.0,,,,,,287.0,45.56,1.83,1.34,0.26,0.18,0.0,,,,,,M42_Contraereo
p-47d_luftwaffe,7.0,50.0,1.36,2.71,0.5,1.0,0.0,,,,,,0.0,,,,,,P-47D
ki_43_2_late,7.0,100.0,2.0,2.0,0.0,0.0,12.0,,,1.0,,2.0,0.0,,,,,,Ki-43-II
lagg-3-66,7.0,,,1.0,,0.0,0.0,,,,,,0.0,,,,,,LaGG-3-66
fr_amx_30,7.0,,,0.0,,1.57,4.0,66.67,0.0,0.0,0.7,1.0,0.0,,,,,,AMX-30
firefly_mk5,7.0,100.0,2.0,2.0,4.0,4.0,56.0,100.0,2.61,1.65,2.5,1.51,0.0,,,,,,Firefly_FR_Mk_V
bf-109f-4_hungary,7.0,,,6.5,,0.0,55.0,85.0,1.65,1.78,1.0,1.38,0.0,,,,,,◐Bf_109_F-4
re_2000_heja_2,7.0,100.0,3.29,3.29,0.0,0.0,0.0,,,,,,0.0,,,,,,◔Héja_II
d_520_france,7.0,100.0,1.0,1.0,1.0,1.0,71.0,78.93,1.23,1.43,0.0,0.0,0.0,,,,,,D.520
it_m13_40_serie_1,7.0,,,,,,0.0,,,,,,0.0,,,,,,M13/40_(I)
uk_a30_challenger,7.0,50.0,0.0,0.0,1.5,3.0,99.0,63.89,0.0,0.0,2.82,2.18,0.0,,,,,,Challenger
il-10_1946_hungary,7.0,,,0.71,,0.71,15.0,,,0.0,,4.0,0.0,,,,,,◔IL-10
spitfire_mk5b_notrop,7.0,100.0,2.17,2.17,0.0,0.0,0.0,,,,,,12.0,,,2.0,,0.0,Spitfire_Mk_Vb
f_100f_china,7.0,,,,,,9.0,100.0,1.0,1.0,0.0,0.0,0.0,,,,,,F-100F_(China)
uk_sherman_vc_firefly_kit_3rank,7.0,100.0,0.0,0.0,1.4,1.0,92.0,64.94,0.0,0.0,3.87,2.47,0.0,,,,,,Firefly_(Overlord)
ussr_2s25m,7.0,,,,,,846.0,49.81,0.0,0.0,1.59,1.22,7.0,,,0.0,,1.0,2S25M
us_m1128_mgs,7.0,,,0.0,,1.0,520.0,55.54,0.0,0.0,2.09,1.81,0.0,,,,,,M1128
f1,7.0,,,1.0,,0.0,1.0,,,,,,0.0,,,,,,F-1
cn_pgz_09,7.0,,,,,,199.0,56.43,1.01,0.86,0.72,0.58,0.0,,,,,,PGZ09
cn_ztz_96a_prot,7.0,50.0,0.0,0.0,0.5,1.0,328.0,50.57,0.0,0.0,2.06,1.62,0.0,,,,,,ZTZ96A_(P)
mc200_serie7_italy,7.0,,,2.0,,0.0,0.0,,,,,,0.0,,,,,,C._200_serie_7
us_m901_itv,7.0,,,0.0,,0.0,29.0,,,0.0,,2.38,0.0,,,,,,M901
f-5a_thailand,6.0,66.67,0.3,0.4,5.3,6.4,50.0,66.67,0.7,1.0,0.3,0.5,0.0,,,,,,F-5A
uk_valentine_mk_9,6.0,100.0,0.0,,5.0,,9.0,,,0.0,,2.0,0.0,,,,,,Valentine_IX
mig_23bn,6.0,,,,,,25.0,50.0,0.05,0.05,1.37,2.64,0.0,,,,,,◊MiG-23BN
a_7e,6.0,100.0,0.0,0.0,3.0,2.83,21.0,100.0,0.0,0.0,1.76,1.76,0.0,,,,,,A-7E
f-84f_france,6.0,100.0,0.0,0.0,3.33,3.33,0.0,,,,,,0.0,,,,,,F-84F
sb2u-2,6.0,,,0.0,,1.0,0.0,,,,,,0.0,,,,,,SB2U-2
ju-88c-6,6.0,,,1.0,,1.0,0.0,,,,,,0.0,,,,,,Ju_88_C-6
us_m42_duster,6.0,,,1.0,,1.0,333.0,52.16,0.14,0.15,0.96,1.0,0.0,,,,,,M42
fr_amx_50_1950,6.0,,,0.0,,1.17,90.0,53.47,0.0,0.0,3.5,2.55,43.0,39.51,0.0,0.0,1.43,2.02,AMX-50_(TO90/930)
il_magach_5,6.0,100.0,0.0,0.0,2.0,2.0,79.0,81.76,0.0,0.0,2.46,3.5,0.0,,,,,,Magach_5
mig-21_f13,6.0,,,1.0,,0.0,42.0,50.0,1.5,3.0,0.0,0.0,0.0,,,,,,MiG-21F-13
tu_95m,6.0,,,,,,39.0,,,0.0,,0.03,24.0,,,0.2,,0.0,Ту-95М
fw-190a-5,6.0,,,,,,18.0,,,,,,0.0,,,,,,Fw_190_A-5/U12
fr_amd_35,6.0,,,,,,19.0,,,0.0,,2.0,0.0,,,,,,AMD.35
f-86k_late,6.0,,,,,,41.0,,,1.0,,0.35,0.0,,,,,,F-86K
fr_m4a4_sherman,6.0,,,0.0,,1.0,140.0,91.38,0.0,0.0,6.59,4.43,0.0,,,,,,M4A4
f-8e,6.0,100.0,2.0,2.0,0.0,0.0,0.0,,,,,,0.0,,,,,,F-8E
jp_type_99,6.0,,,0.0,,0.0,246.0,66.5,0.66,0.84,1.68,2.16,0.0,,,,,,Type_99
am_1_mauler,6.0,0.0,0.0,,0.0,,76.0,85.26,0.1,0.11,2.17,2.17,0.0,,,,,,AM-1
ki-49_2b,6.0,90.0,0.0,0.0,0.3,0.3,0.0,,,,,,0.0,,,,,,Ki-49-IIb
ki-27_otsu_ep,5.0,,,6.0,,0.0,0.0,,,,,,0.0,,,,,,Ki-27_otsu_Tachiarai
us_m4_sherman_promo,5.0,100.0,0.0,0.0,7.0,7.0,11.0,100.0,0.0,0.0,4.0,2.0,0.0,,,,,,M4
germ_pzkpfw_VI_tiger_P,5.0,,,0.0,,3.0,0.0,,,,,,0.0,,,,,,VK_45.01_(P)
spitfire_mk5b_italy,5.0,,,4.0,,0.0,43.0,,,1.46,,1.0,0.0,,,,,,Spitfire_Mk_Vb/trop
a6m5_zero,5.0,,,,,,18.0,,,1.67,,0.67,0.0,,,,,,A6M5
us_m46_patton_73_armor_bat,5.0,,,0.0,,2.0,227.0,69.11,0.0,0.0,4.7,2.77,0.0,,,,,,"M46_""Tiger"""
germ_pzkpfw_Maus,5.0,,,,,,479.0,51.32,0.0,0.0,5.17,4.48,12.0,,,,,,Maus
cn_type_65_aa,5.0,0.0,2.0,2.0,1.0,1.0,51.0,50.0,0.0,0.0,0.0,0.0,0.0,,,,,,Phòng_không_T-34
a_7d,5.0,,,0.0,,1.0,55.0,95.0,1.3,1.3,2.85,2.85,0.0,,,,,,A-7D
f_111f,5.0,,,0.0,,2.0,52.0,67.78,1.14,3.55,1.82,2.9,3.0,,,0.0,,0.0,F-111F
ju-88a-4,5.0,,,0.0,,2.4,0.0,,,,,,0.0,,,,,,Ju_88_A-4
uk_centurion_mk_5_avre_era,5.0,100.0,0.0,0.0,2.0,2.0,9.0,100.0,0.0,0.0,1.0,1.0,0.0,,,,,,Centurion_Mk.5_AVRE
pyorremyrsky,5.0,,,9.0,,0.0,115.0,100.0,5.13,6.2,3.62,4.37,0.0,,,,,,VL_Pyörremyrsky
bf-109e-3,5.0,,,1.8,,0.0,43.0,100.0,0.0,0.31,0.0,0.31,0.0,,,,,,Bf_109_E-3
jp_type_10_prototype,5.0,,,0.0,,1.0,424.0,59.79,0.0,0.0,2.39,1.72,0.0,,,,,,TKX_(P)
su-7bkl,5.0,,,0.0,,1.0,38.0,28.95,0.0,0.0,1.26,1.05,0.0,,,,,,Su-7BKL
us_m18_hellcat_black_cat,5.0,100.0,0.0,0.0,5.8,5.8,1042.0,77.15,0.0,0.0,2.96,2.76,3.0,100.0,0.0,0.0,7.0,7.0,"M18_""Black_Cat"""
h-75a-4_france,5.0,,,,,,0.0,,,,,,0.0,,,,,,H-75A-4
p-61a_1,4.0,100.0,4.0,4.0,7.0,7.0,17.0,100.0,1.0,0.43,2.0,1.43,0.0,,,,,,P-61A-11
it_c1_ariete,4.0,100.0,0.0,0.0,3.0,3.0,22.0,50.0,0.0,0.0,1.0,1.0,0.0,,,,,,Ariete
sw_bkan_1c,4.0,50.0,1.5,3.0,1.0,2.0,311.0,30.74,0.03,0.02,1.56,1.36,0.0,,,,,,Bkan_1C
he_100d_1,4.0,100.0,7.0,,0.0,,0.0,,,,,,0.0,,,,,,He_100_D-1
uk_ac4_thunderbolt,4.0,,,,,,90.0,44.74,0.0,0.0,2.68,2.39,20.0,100.0,0.0,0.0,4.0,4.0,A.C.IV
jp_m42_duster,4.0,,,,,,138.0,60.17,0.37,0.48,1.57,1.58,0.0,,,,,,M42
it_c1_ariete_pso,4.0,,,,,,78.0,91.38,0.0,0.0,3.28,2.31,0.0,,,,,,Ariete_PSO
cn_tor_m1,4.0,33.33,1.33,2.0,0.0,0.0,42.0,100.0,2.0,2.0,0.0,0.0,0.0,,,,,,Tor-M1
us_lvt_a1_m24,4.0,,,0.0,,5.0,9.0,,,,,,0.0,,,,,,LVT(A)(1)_(M24)
it_otobreda_sidam_25_mistral,4.0,,,,,,21.0,50.0,0.5,0.5,0.0,0.0,0.0,,,,,,SIDAM_25_(Mistral)
yak-30d,4.0,,,1.5,,0.0,0.0,,,,,,0.0,,,,,,Yak-30D
p-38g,4.0,,,,,,0.0,,,,,,0.0,,,,,,P-38G-1
fr_leclerc_s2,4.0,,,0.0,,2.0,52.0,80.0,0.0,0.0,3.0,1.08,0.0,,,,,,Leclerc_S2
cn_ztz_99_w,4.0,0.0,0.0,0.0,1.0,1.0,59.0,55.56,0.0,0.0,2.67,1.95,0.0,,,,,,ZTZ99-III
xp-50,4.0,,,2.0,,0.0,86.0,64.81,1.31,1.71,0.59,0.72,3.0,,,1.0,,0.0,XP-50
tu_14t,4.0,,,0.0,,1.0,33.0,0.0,0.0,0.0,0.0,0.0,0.0,,,,,,Tu-14T
it_m55,4.0,100.0,0.0,0.0,1.0,1.0,33.0,0.0,0.0,0.0,1.0,0.76,3.0,,,,,,M55
it_leopard_1a2,4.0,50.0,0.0,0.0,1.0,1.0,103.0,45.0,0.0,0.0,2.24,1.18,0.0,,,,,,Leopard_1A2
sw_strv_81,4.0,,,,,,91.0,71.33,0.0,0.0,1.71,0.95,0.0,,,,,,Strv_81
sw_pvkv_iv,4.0,,,0.0,,1.0,14.0,,,,,,0.0,,,,,,Pvkv_IV
fr_m3a3_stuart,4.0,,,,,,52.0,100.0,0.0,0.0,1.79,1.0,0.0,,,,,,M3A3_Stuart
uk_ajax,4.0,50.0,0.5,1.0,2.0,4.0,493.0,65.15,0.07,0.07,2.52,1.2,0.0,,,,,,Ajax
fokker_d21_mod20,4.0,,,,,,0.0,,,,,,0.0,,,,,,Fokker_D.XXI
it_of_40_mk_1,4.0,0.0,0.0,0.0,1.0,1.25,144.0,67.11,0.0,0.0,1.95,2.01,0.0,,,,,,OF-40
jp_type_95_so_ki,4.0,0.0,1.0,1.0,0.0,0.0,12.0,,,,,,0.0,,,,,,So-Ki
cn_ztz_88b,4.0,,,,,,179.0,67.79,0.0,0.0,3.02,3.65,0.0,,,,,,ZTZ88B
fr_leclerc_s1,4.0,,,,,,133.0,33.18,0.0,0.0,2.18,1.68,0.0,,,,,,Leclerc
morko_morane,4.0,,,,,,29.0,55.56,0.83,1.4,0.56,0.92,0.0,,,,,,Mörkö-Morane
ussr_isu_122,4.0,,,,,,13.0,,,0.0,,1.0,0.0,,,,,,ISU-122
cn_ztz_88a,4.0,,,0.0,,1.0,136.0,52.26,0.0,0.0,2.09,2.65,0.0,,,,,,ZTZ88A
bf-109a_1,4.0,,,0.0,,0.0,0.0,,,,,,0.0,,,,,,Flegel's_Bf_109_A
fr_amx_30_1972,4.0,,,,,,151.0,64.51,0.0,0.0,2.19,2.54,0.0,,,,,,AMX-30_(1972)
fw_190a_5_u14,4.0,,,,,,0.0,,,,,,0.0,,,,,,Fw_190_A-5/U14
j5n1,4.0,,,,,,0.0,,,,,,0.0,,,,,,J5N1
fr_somua_s35,4.0,,,0.0,,3.0,11.0,,,0.0,,1.0,0.0,,,,,,S.35
la-5fn_luftwaffe,3.0,100.0,22.0,,0.0,,26.0,50.0,0.5,1.0,0.0,0.0,0.0,,,,,,La-5FN
su_30mkm,3.0,100.0,7.0,,0.0,,361.0,60.41,1.09,1.11,1.25,1.39,0.0,,,,,,Su-30MKM
f-5e_fcu_thailand,3.0,66.67,0.7,0.7,7.0,7.0,166.0,82.86,2.55,1.83,2.36,1.7,0.0,,,,,,F-5E_FCU
i-16_type28,3.0,,,4.0,,1.0,3.0,,,,,,0.0,,,,,,I-16_type_28
alpha_jet_a_thailand,3.0,66.67,0.0,0.0,4.0,6.0,277.0,67.16,0.3,0.24,2.62,2.2,0.0,,,,,,Alpha_Jet_A
f-80a,3.0,100.0,1.0,,1.0,,71.0,0.0,2.25,1.88,2.0,2.08,0.0,,,,,,F-80A-5
fr_vab_santal,3.0,100.0,2.0,,1.0,,109.0,50.83,1.08,1.08,0.0,0.0,0.0,,,,,,SANTAL
douglas_ad_4,3.0,,,0.0,,3.0,46.0,50.0,0.5,0.17,2.0,1.16,0.0,,,,,,AD-4
bf-109k-4,3.0,100.0,4.5,5.0,0.0,0.0,112.0,46.81,3.45,1.9,1.52,0.89,20.0,,,3.9,,0.0,Bf_109_K-4
jp_type_2_ho_ni_2,3.0,,,0.0,,2.0,16.0,0.0,0.0,0.0,0.0,0.0,0.0,,,,,,Ho-Ni_II
me_210ca_1_40_mm_hungary,3.0,,,1.0,,2.0,12.0,,,0.0,,0.0,0.0,,,,,,◔Me_210_Ca-1_36.M
ki_84_ko,3.0,,,,,,67.0,100.0,2.77,1.92,2.57,1.65,0.0,,,,,,Ki-84_ko
meteor_nfmk13,3.0,,,1.0,,1.0,19.0,100.0,3.0,,3.21,,0.0,,,,,,Meteor_NF.13_(Israel)
j7w1,3.0,,,2.67,,0.0,385.0,69.29,0.81,0.74,2.24,2.05,0.0,,,,,,J7W1
yak-15_early,3.0,,,,,,66.0,87.82,2.85,4.36,0.46,1.11,0.0,,,,,,Yak-15P
md_450b_ouragan_iaf,3.0,,,1.0,,0.0,25.0,,,1.0,,0.0,0.0,,,,,,M.D.450B_Ouragan_(Israel)
rafale_c_f3,3.0,,,1.0,,0.0,160.0,79.28,2.32,3.1,0.29,0.35,0.0,,,,,,Rafale_C_F3
germ_flakpanzer_I_ausf_A,3.0,0.0,0.0,,2.33,,26.0,,,0.0,,1.82,0.0,,,,,,Flakpanzer_I
rafale_m_f3r,3.0,,,1.0,,0.0,119.0,57.99,1.81,1.99,0.54,0.65,20.0,,,3.0,,0.0,Rafale_M_F3-R
us_m4a3e2_sherman_jumbo_cobra_king,3.0,,,0.0,,1.0,147.0,55.52,0.0,0.0,1.96,2.36,0.0,,,,,,Cobra_King
ki_61_1a_hei,3.0,,,,,,9.0,,,,,,9.0,,,,,,Ki-61-I_hei
us_stingray,3.0,50.0,0.0,0.0,1.5,2.33,936.0,60.8,0.0,0.0,2.28,1.79,0.0,,,,,,Stingray
a7m1,3.0,,,1.33,,0.0,143.0,77.55,2.18,2.55,1.64,2.02,10.0,,,2.2,,0.0,A7M1_(NK9H)
do_335a_0,3.0,100.0,2.5,2.5,0.0,0.0,1.0,100.0,1.0,1.0,4.0,4.0,0.0,,,,,,Do_335_A-0
ussr_bmp_2m,3.0,50.0,0.0,0.0,0.0,0.0,1402.0,42.78,0.0,0.0,1.21,0.84,0.0,,,,,,BMP-2M
us_m1296_dragoon,3.0,,,,,,108.0,57.25,0.0,0.0,2.2,0.85,0.0,,,,,,M1296
spitfire_mk14e,3.0,,,,,,48.0,88.33,1.79,1.93,1.24,1.38,0.0,,,,,,Spitfire_F_Mk_XIVe
wellington_mk1c_luftwaffe,2.0,,,,,,0.0,,,,,,0.0,,,,,,Wellington_Mk_Ic
germ_flakpanzer_zerstorer_45,2.0,,,,,,155.0,34.44,0.68,0.72,0.35,0.39,0.0,,,,,,Zerstörer_45
b_25j_30_vvs_ussr,2.0,100.0,0.0,0.0,4.0,4.0,0.0,,,,,,0.0,,,,,,B-25J-30
sea_fury_fb51,2.0,,,,,,18.0,50.0,0.5,0.5,0.5,1.5,0.0,,,,,,◘Sea_Fury_FB.51
uk_ram_90mm_aa,2.0,,,0.0,,4.0,148.0,85.58,0.0,0.0,5.8,5.65,12.0,100.0,0.0,0.0,2.0,1.33,QF_3.7_Ram
pb4y-2,2.0,,,0.0,,1.0,0.0,,,,,,0.0,,,,,,PB4Y-2
spitfire_xvi,2.0,,,,,,0.0,,,,,,0.0,,,,,,Spitfire_F_Mk_XVI
il_centurion_mk_5_shot,2.0,,,,,,79.0,49.02,0.0,0.0,1.24,0.6,0.0,,,,,,Sho't
ussr_9a33bm3,2.0,,,,,,19.0,,,,,,0.0,,,,,,Оса-АКМ
yak-9p,2.0,100.0,3.0,3.0,0.0,0.0,57.0,64.71,2.41,,1.02,,0.0,,,,,,Yak-9P
re_2005_serie0,2.0,,,,,,9.0,,,,,,39.0,44.44,2.22,3.86,0.0,0.0,Re.2005_serie_0
cn_su_100_1945,2.0,,,,,,19.0,66.67,0.0,0.0,1.33,2.0,0.0,,,,,,SU-100_(China)
i-16_type24,2.0,,,2.0,,0.0,0.0,,,,,,0.0,,,,,,I-16_type_24
cn_is_2_1943,2.0,,,,,,73.0,0.0,0.0,0.0,2.37,1.62,0.0,,,,,,IS-2_(China)
ussr_pantsyr_s1,2.0,0.0,1.0,1.0,0.0,0.0,336.0,3.7,2.36,0.68,0.0,0.0,0.0,,,,,,Pantsir-S1
uk_a30_sp_avenger_kit_3rank,2.0,,,0.0,,2.0,94.0,80.95,0.0,0.0,4.04,3.26,0.0,,,,,,Avenger_(Overlord)
germ_stug_III_ausf_F,2.0,0.0,0.0,0.0,1.0,1.0,140.0,31.39,0.0,0.0,2.61,2.3,0.0,,,,,,StuG_III_F
sw_veak_40,2.0,0.0,1.0,1.0,0.0,0.0,234.0,20.2,0.15,0.07,0.8,0.39,0.0,,,,,,VEAK_40
it_vcc_80_hitfist_60,2.0,0.0,0.0,0.0,0.0,0.0,209.0,61.01,0.0,0.0,1.15,1.15,12.0,0.0,0.0,0.0,1.0,1.0,VCC-80/60
ki_43_2,2.0,,,,,,2.0,,,,,,23.0,100.0,0.0,0.0,1.0,1.0,Ki-43-II
b_24d,2.0,50.0,0.0,0.0,1.0,1.0,0.0,,,,,,0.0,,,,,,B-24D-25-CO
uk_centurion_mk_3,2.0,,,,,,133.0,57.83,0.0,0.0,1.59,1.66,0.0,,,,,,Centurion_Mk_3
wyvern_s4,2.0,100.0,1.0,1.0,8.0,8.0,209.0,85.56,1.43,0.75,6.5,3.35,0.0,,,,,,Wyvern_S4
bf_110g_4_hungary,2.0,,,,,,29.0,,,0.73,,2.18,0.0,,,,,,◐Bf_110_G-4
j8m1,2.0,100.0,0.0,0.0,1.0,1.0,73.0,58.67,1.31,5.73,0.24,1.0,0.0,,,,,,Ki-200
uk_fv221_caernarvon,2.0,,,0.0,,1.0,128.0,48.19,0.0,0.0,0.75,0.84,0.0,,,,,,Caernarvon
sw_ikv_91,2.0,50.0,0.0,0.0,0.5,1.0,337.0,46.98,0.0,0.0,1.8,1.16,0.0,,,,,,Ikv_91
la-11_china,2.0,,,,,,20.0,,,2.0,,0.0,0.0,,,,,,La-11_(China)
us_m60a2,2.0,,,,,,85.0,100.0,0.0,0.0,5.0,1.9,0.0,,,,,,M60A2
sw_landsverk_ush_405,2.0,,,0.0,,0.0,221.0,71.26,0.0,0.0,4.38,2.01,0.0,,,,,,U-SH_405
sm_91,2.0,,,,,,48.0,,,0.0,,0.52,0.0,,,,,,SM.91
germ_leopard_2a4,2.0,,,0.0,,0.0,1371.0,43.72,0.0,0.0,1.35,1.2,33.0,50.0,0.0,0.0,0.75,0.5,Leopard_2A4
uk_crusader_mk_2_the_saint,2.0,,,,,,39.0,100.0,0.0,0.0,2.48,2.37,0.0,,,,,,"Crusader_""The_Saint"""
sw_strv_m41_s2,2.0,100.0,0.0,0.0,0.0,0.0,23.0,,,0.0,,0.0,0.0,,,,,,Strv_m/41_S-II
jp_type_16,2.0,,,,,,215.0,60.75,0.0,0.0,2.45,1.95,0.0,,,,,,Type_16
t2_early,1.0,,,,,,3.0,100.0,3.0,3.0,0.0,0.0,0.0,,,,,,T-2_Early
tandem_mai,1.0,100.0,1.0,,2.0,,0.0,,,,,,0.0,,,,,,Tandem_MAI
su-8,1.0,100.0,1.0,1.0,5.0,5.0,0.0,,,,,,0.0,,,,,,Su-8
fr_amx_13_chaffee,1.0,100.0,0.0,0.0,2.0,2.0,0.0,,,,,,0.0,,,,,,AMX-13-M24
pe-2-1,1.0,100.0,0.0,0.0,4.0,4.0,13.0,,,0.0,,0.0,0.0,,,,,,Pe-2-1
it_kf_41,1.0,100.0,0.0,0.0,3.0,3.0,51.0,83.33,0.0,0.0,1.78,0.82,0.0,,,,,,KF41
lagg-3-23,1.0,100.0,2.0,2.0,1.0,1.0,0.0,,,,,,0.0,,,,,,LaGG-3-23
f-86f-40_japan,1.0,100.0,0.0,0.0,2.0,2.0,74.0,71.67,1.19,2.82,0.85,1.86,0.0,,,,,,F-86F-40_
it_semovente_breda_501,1.0,100.0,0.0,0.0,5.0,5.0,274.0,51.37,0.0,0.0,2.11,1.55,0.0,,,,,,Breda_501
a_4b,1.0,100.0,2.0,2.0,0.0,0.0,115.0,72.61,0.05,0.05,1.42,2.69,0.0,,,,,,A-4B
germ_mkpz_super_m48,1.0,,,,,,79.0,68.42,0.0,0.0,5.37,2.32,19.0,60.0,0.0,0.0,1.0,1.0,M48_Super
seafire_mk3_france,1.0,,,,,,6.0,100.0,1.0,0.6,1.0,1.2,0.0,,,,,,Seafire_LF_Mk.III
it_semovente_m43_75_46,1.0,100.0,0.0,0.0,3.0,3.0,0.0,,,,,,0.0,,,,,,75/46_M43
us_skink_aa,1.0,,,,,,253.0,47.5,1.2,1.29,0.0,0.0,0.0,,,,,,Skink
il_zsu_23_4,1.0,100.0,1.0,1.0,0.0,0.0,86.0,81.25,0.34,0.57,0.0,0.0,0.0,,,,,,ZSU-23-4_(Israel)
it_b1_centauro,1.0,,,,,,560.0,63.15,0.0,0.0,1.5,1.45,12.0,5.0,0.0,0.0,0.95,1.0,Centauro_I_105
yak-3_france,1.0,,,,,,115.0,86.73,4.02,6.11,1.51,2.71,12.0,,,,,,Yak-3
yak-9ut,1.0,,,,,,599.0,67.06,0.64,0.7,2.14,2.3,6.0,100.0,0.0,0.0,1.0,1.0,Yak-9UT
it_zsu_23_4,1.0,0.0,1.0,1.0,0.0,0.0,56.0,45.45,0.16,0.18,0.05,0.02,0.0,,,,,,◔ZSU-23-4
us_m10_booker_late,1.0,,,0.0,,1.0,870.0,56.93,0.0,0.0,1.45,1.34,0.0,,,,,,M10_Booker
germ_pzkpfw_IV_ausf_E,1.0,,,,,,28.0,,,0.0,,2.26,0.0,,,,,,Pz.IV_E
i-15bis_krasnolutsky,1.0,,,,,,0.0,,,,,,0.0,,,,,,Krasnolutsky's_I-15bis
it_of_40_mk_2a,1.0,,,,,,203.0,84.34,0.0,0.0,2.33,1.78,0.0,,,,,,OF-40_Mk.2A
sw_strv_103a,1.0,,,,,,230.0,47.62,0.0,0.0,2.69,1.98,12.0,,,0.0,,1.0,Strv_103A
p-26a_34_m2,1.0,,,1.0,,0.0,0.0,,,,,,0.0,,,,,,P-26A-34_M2
su_25sm3,1.0,0.0,1.0,1.0,0.0,0.0,30.0,100.0,1.4,1.4,2.2,2.2,0.0,,,,,,Su-25SM3
ussr_t_54_1951,1.0,,,0.0,,1.0,65.0,100.0,0.0,0.0,1.73,1.25,15.0,87.5,0.0,0.0,0.88,1.0,T-54_(1951)
su_24m,1.0,0.0,0.0,0.0,0.0,0.0,88.0,61.75,0.0,0.0,2.66,3.15,29.0,,,0.0,,1.2,Су-24М
fr_amx_m4,1.0,,,0.0,,1.0,708.0,73.47,0.0,0.0,3.15,2.59,74.0,100.0,0.0,0.0,2.93,1.54,AMX_M4
b6n1,0.0,,,,,,17.0,100.0,0.0,,1.0,,0.0,,,,,,B6N1_Model_11
hp52_hampden_tbmk1_ussr_utk1,0.0,,,,,,0.0,,,,,,0.0,,,,,,Hampden_TB_Mk_I
ki_32,0.0,,,,,,0.0,,,,,,0.0,,,,,,Ki-32
db_7,0.0,,,,,,0.0,,,,,,0.0,,,,,,DB-7
f-84g_thailand,0.0,,,,,,48.0,61.67,0.71,1.28,1.85,3.2,0.0,,,,,,F-84G-21-RE
p-39q_25_france,0.0,,,,,,3.0,,,,,,0.0,,,,,,P-39Q-25
ussr_object_248,0.0,,,,,,34.0,25.0,0.0,0.0,3.39,2.56,0.0,,,,,,Object_248
ki_43_1,0.0,,,,,,0.0,,,,,,0.0,,,,,,Ki-43-I
cn_m42_duster,0.0,,,,,,9.0,,,0.0,,0.0,0.0,,,,,,M42_(China)
b-29,0.0,,,,,,0.0,,,,,,11.0,,,,,,B-29A-BN
spitfire_lf_mk9c_cw_greece,0.0,,,,,,114.0,79.87,0.82,0.48,0.7,0.39,0.0,,,,,,Spitfire_LF_Mk.IXc_(CW)
ki_44_1,0.0,,,,,,0.0,,,,,,0.0,,,,,,Ki-44-I
yak-9t_france,0.0,,,,,,0.0,,,,,,0.0,,,,,,Challe's_Yak-9T
fw-190d-12,0.0,,,,,,0.0,,,,,,11.0,0.0,3.83,4.0,0.0,0.0,Fw_190_D-12
f_16a_block_10_iaf,0.0,,,,,,0.0,,,,,,2.0,,,1.0,,0.0,Netz
it_t_72m1,0.0,,,,,,395.0,68.44,0.0,0.0,3.08,3.12,0.0,,,,,,◔T-72M1
j1n1_mod11_early,0.0,,,,,,0.0,,,,,,0.0,,,,,,J1N1
beaufighter_mk6c,0.0,,,,,,0.0,,,,,,0.0,,,,,,Beaufighter_Mk_VIc
sbd-3,0.0,,,,,,0.0,,,,,,0.0,,,,,,SBD-3
fr_vbci2_mct30,0.0,,,,,,61.0,51.28,0.0,0.0,0.46,0.69,0.0,,,,,,VBCI-2_(MCT30)
b-17g_iaf,0.0,,,,,,0.0,,,,,,0.0,,,,,,B-17G_(Israel)
mirage_2000_5f,0.0,,,,,,63.0,37.78,1.83,1.6,0.43,0.35,0.0,,,,,,Mirage_2000-5F
harrier_frs1_early,0.0,,,,,,0.0,,,,,,0.0,,,,,,Sea_Harrier_FRS.1_(e)
so_4050_vautour_2a_iaf,0.0,,,,,,0.0,,,,,,0.0,,,,,,Vautour_IIA_IDF/AF
a-26b,0.0,,,,,,0.0,,,,,,0.0,,,,,,A-26B-50
jp_type_89,0.0,,,,,,305.0,70.74,0.0,0.0,3.47,2.37,0.0,,,,,,Type_89
us_m56_scorpion,0.0,,,,,,239.0,52.7,0.0,0.0,2.82,1.17,0.0,,,,,,M56
re_2001_cn,0.0,,,,,,14.0,59.09,0.55,0.0,0.36,0.0,0.0,,,,,,Re.2001_CN
il_merkava_mk_3_raam_segol,0.0,,,,,,685.0,54.76,0.0,0.0,3.39,2.25,21.0,,,0.0,,1.29,Ra'am_Sagol
ki_10_1_commander,0.0,,,,,,0.0,,,,,,0.0,,,,,,Ki-10-I_C
il-10_1946_china,0.0,,,,,,27.0,,,0.0,,7.0,0.0,,,,,,IL-10_(1946)_(China)
germ_pzkpfw_V_ersatz_m10,0.0,,,,,,15.0,,,0.0,,3.25,0.0,,,,,,Ersatz_M10
mc-202_ec,0.0,,,,,,64.0,51.79,1.16,2.21,1.52,2.96,0.0,,,,,,C._202EC
sm_79_1939_italy,0.0,,,,,,0.0,,,,,,0.0,,,,,,S.M.79_serie_8
su_6_single,0.0,,,,,,56.0,88.46,0.35,0.35,4.12,5.19,0.0,,,,,,Su-6
a6m6c,0.0,,,,,,53.0,87.78,2.12,2.06,1.71,1.73,0.0,,,,,,A6M6c
g_55_serie1,0.0,,,,,,22.0,93.75,1.81,0.47,0.94,0.87,0.0,,,,,,G.55_serie_1
saab_j21a_2,0.0,,,,,,5.0,,,,,,0.0,,,,,,J21A-2
p-63c-5_kingcobra_animal_version,0.0,,,,,,257.0,67.91,0.7,0.89,2.54,3.27,0.0,,,,,,␠Kingcobra
b-17g,0.0,,,,,,22.0,,,0.0,,0.0,0.0,,,,,,B-17G-60-VE
xp-55,0.0,,,,,,45.0,73.33,2.16,1.68,2.74,2.33,0.0,,,,,,XP-55
it_ab_43,0.0,,,,,,1.0,,,0.0,,3.0,0.0,,,,,,AB_43
p-39k_1,0.0,,,,,,0.0,,,,,,0.0,,,,,,P-39K-1
ki_61_1a_ko,0.0,,,,,,0.0,,,,,,0.0,,,,,,Ki-61-I_ko
jp_type_74_f,0.0,,,,,,275.0,59.95,0.0,0.0,2.83,2.47,0.0,,,,,,Type_74_(F)
f4u-7,0.0,,,,,,330.0,65.56,0.33,0.34,2.03,2.03,6.0,,,2.0,,2.0,F4U-7
f2a-1,0.0,,,,,,0.0,,,,,,0.0,,,,,,F2A-1
germ_flarakpz_1,0.0,,,,,,35.0,42.31,0.58,1.06,0.0,0.0,0.0,,,,,,FlaRakPz_1
pbj_1j,0.0,,,,,,0.0,,,,,,0.0,,,,,,PBJ-1J
jp_m60a3_tts,0.0,,,,,,39.0,100.0,0.0,0.0,6.0,3.75,0.0,,,,,,M60A3_TTS
sw_cv_90120,0.0,,,,,,180.0,50.0,0.0,0.0,2.33,2.42,0.0,,,,,,CV_90120
f8f1b_france,0.0,,,,,,140.0,84.37,1.41,0.98,2.87,2.47,0.0,,,,,,F8F-1B
typhoon_mk1a,0.0,,,,,,12.0,,,0.0,,0.0,0.0,,,,,,Typhoon_Mk_Ia
jp_type_16_mod,0.0,,,,,,170.0,69.7,0.0,0.0,3.95,2.14,0.0,,,,,,Type_16_(FPS)
harrier_gr3,0.0,,,,,,16.0,87.88,1.45,1.58,1.71,1.92,0.0,,,,,,Harrier_GR.3
uk_m3a1_stuart,0.0,,,,,,9.0,100.0,0.0,0.0,4.0,3.0,0.0,,,,,,Stuart_III
p-40e,0.0,,,,,,26.0,100.0,0.0,0.0,0.0,0.0,0.0,,,,,,P-40E-1
f2g-1,0.0,,,,,,260.0,67.44,0.95,0.79,2.32,1.95,0.0,,,,,,F2G-1
ta_154a_1,0.0,,,,,,17.0,0.0,1.0,1.0,0.0,0.0,0.0,,,,,,Ta_154_A-1
a6m5hei,0.0,,,,,,12.0,100.0,2.0,2.0,3.0,3.0,0.0,,,,,,A6M5_Hei
uk_a_22f_mk_7_churchill_crocodile,0.0,,,,,,87.0,80.73,0.0,0.0,4.73,3.42,0.0,,,,,,Churchill_Crocodile
us_m8a1,0.0,,,,,,1.0,,,0.0,,4.0,0.0,,,,,,M8A1_GMC
f2a-3,0.0,,,,,,0.0,,,,,,0.0,,,,,,F2A-3
sb2c_4,0.0,,,,,,17.0,,,,,,0.0,,,,,,SB2C-4
il_mim_72_chaparral,0.0,,,,,,41.0,100.0,0.6,1.0,0.0,0.0,0.0,,,,,,Imp.Chaparral_(Israel)
jaguar_gr1,0.0,,,,,,4.0,,,,,,0.0,,,,,,Jaguar_GR.1
germ_sdkfz_251_21,0.0,,,,,,110.0,21.13,1.25,1.28,0.23,0.24,0.0,,,,,,Sd.Kfz.251/21
n1k2_j,0.0,,,,,,12.0,,,2.5,,2.5,0.0,,,,,,N1K2-J
saab_a21a_3,0.0,,,,,,152.0,62.43,0.26,0.32,0.81,0.88,0.0,,,,,,A21A-3
il_2_37_1943,0.0,,,,,,0.0,,,,,,0.0,,,,,,IL-2-37
ki-83,0.0,,,,,,1.0,,,1.0,,1.0,0.0,,,,,,Ki-83
yak-23,0.0,,,,,,3.0,,,1.0,,0.0,0.0,,,,,,Yak-23
fr_vbci,0.0,,,,,,397.0,57.22,0.0,0.0,1.79,1.43,0.0,,,,,,VBCI
f-4f_late,0.0,,,,,,192.0,60.52,0.43,0.33,1.85,1.51,0.0,,,,,,◄F-4F
fr_pzkpfw_V_panther_dauphine,0.0,,,,,,7.0,,,,,,0.0,,,,,,Panther_«Dauphine»
mig_3_series_34,0.0,,,,,,0.0,,,,,,0.0,,,,,,MiG-3-34
md_454_mystere_4a,0.0,,,,,,6.0,,,,,,0.0,,,,,,Mystere_IVA
me-262a1_u1,0.0,,,,,,84.0,13.33,1.41,0.85,1.12,0.58,0.0,,,,,,Me_262_A-1a/U1
i-16_type10_china,0.0,,,,,,0.0,,,,,,0.0,,,,,,I-16_type_10_(China)
jp_type_5_chi_ri,0.0,,,,,,168.0,56.39,0.0,0.0,3.74,2.87,9.0,0.0,0.0,0.0,1.0,1.0,Chi-Ri_II
vb_10c1,0.0,,,,,,9.0,100.0,1.22,2.0,0.0,0.0,0.0,,,,,,VB.10C-1
fr_crusader_mk_2,0.0,,,,,,50.0,100.0,0.0,0.0,2.33,1.54,0.0,,,,,,Crusader_Mk.II
ki_10_2,0.0,,,,,,18.0,,,,,,0.0,,,,,,Ki-10-II
mig-17,0.0,,,,,,99.0,63.89,3.04,5.79,1.37,2.89,0.0,,,,,,MiG-17
saab_j21a_1,0.0,,,,,,17.0,,,1.18,,1.0,0.0,,,,,,J21A-1
it_m11_39,0.0,,,,,,0.0,,,,,,0.0,,,,,,M11/39
re_2000_j20,0.0,,,,,,0.0,,,,,,0.0,,,,,,J20
f7f1,0.0,,,,,,115.0,68.42,0.77,0.73,1.03,1.04,0.0,,,,,,F7F-1
sm_79_1943_italy,0.0,,,,,,0.0,,,,,,0.0,,,,,,S.M.79_bis/T.M
j_7d,0.0,,,,,,318.0,65.66,1.4,1.8,0.33,0.43,0.0,,,,,,J-7D
it_leopard_1a5,0.0,,,,,,432.0,68.5,0.0,0.0,2.19,2.13,0.0,,,,,,Leopard_1A5
p-51c-10_france,0.0,,,,,,10.0,100.0,1.2,1.0,1.0,1.0,0.0,,,,,,F-6C-10-NA
n1k2_jko,0.0,,,,,,23.0,100.0,0.77,,1.77,,0.0,,,,,,N1K2-Ja
il_magach_6_rocket,0.0,,,,,,110.0,55.56,0.0,0.0,4.66,2.39,0.0,,,,,,Magach_Hydra
bf-109e-3_japan,0.0,,,,,,30.0,17.86,1.82,2.06,0.82,1.0,0.0,,,,,,Bf_109_E-7
ussr_bmp_2,0.0,,,,,,563.0,52.17,0.0,0.0,1.41,0.95,18.0,100.0,0.0,0.0,1.0,1.0,BMP-2
us_m2_medium,0.0,,,,,,0.0,,,,,,0.0,,,,,,M2
f8f1b,0.0,,,,,,834.0,77.75,0.62,0.61,2.05,2.04,0.0,,,,,,F8F-1B
f2h-2,0.0,,,,,,185.0,83.71,3.06,1.52,1.11,0.58,0.0,,,,,,F2H-2
md_460,0.0,,,,,,30.0,50.0,1.5,1.5,1.35,1.35,0.0,,,,,,Super_Mystere_B2
su-7b,0.0,,,,,,39.0,35.0,0.65,0.65,0.83,0.83,0.0,,,,,,Su-7B
mc-202_italy,0.0,,,,,,36.0,50.0,0.22,0.27,0.0,0.0,0.0,,,,,,C._202
fiat_g50_seria7as_italy,0.0,,,,,,0.0,,,,,,0.0,,,,,,G.50_AS_serie_7
lancaster_mr7_france,0.0,,,,,,0.0,,,,,,0.0,,,,,,Lancaster_MR.7
it_ariete_amv_pt1,0.0,,,,,,69.0,54.55,0.0,0.0,2.89,5.07,0.0,,,,,,Ariete_AMV
fr_amx_13_dca_40,0.0,,,,,,282.0,55.54,0.05,0.05,1.38,1.09,0.0,,,,,,AMX-13_DCA_40
n1k1_ja,0.0,,,,,,0.0,,,,,,0.0,,,,,,N1K1-Ja
xf5f,0.0,,,,,,9.0,,,,,,0.0,,,,,,XF5F
do_217n_1,0.0,,,,,,0.0,,,,,,0.0,,,,,,Do_217_N-1
la_200_toriy,0.0,,,,,,81.0,3.33,0.57,0.92,4.57,1.29,0.0,,,,,,La-200
f_111a,0.0,,,,,,8.0,0.0,0.0,0.0,1.0,0.5,14.0,,,,,,F-111A
ussr_object_685,0.0,,,,,,484.0,51.75,0.0,0.0,1.51,1.2,0.0,,,,,,Object_685
a_10c,0.0,,,,,,68.0,70.56,0.48,0.6,4.25,5.15,18.0,,,,,,A-10C
db_3a_china,0.0,,,,,,0.0,,,,,,0.0,,,,,,DB-3A_(China)
germ_vilkas,0.0,,,,,,93.0,46.11,0.15,0.23,1.27,1.78,0.0,,,,,,Vilkas
alpha_jet_e,0.0,,,,,,36.0,100.0,0.0,0.0,1.56,1.37,0.0,,,,,,Alpha_Jet_E
p-40f_10,0.0,,,,,,21.0,30.0,0.7,0.47,1.0,1.0,12.0,,,1.0,,1.0,P-40F-10
jp_type_75,0.0,,,,,,78.0,59.33,0.78,0.54,3.75,3.54,0.0,,,,,,Type_75_SPH
spitfire_ix_ussr,0.0,,,,,,49.0,92.78,2.5,3.79,0.93,3.0,0.0,,,,,,Spitfire_Mk_IXc
tbd-1_1938,0.0,,,,,,4.0,,,0.0,,1.0,0.0,,,,,,TBD-1
cn_type_63_I,0.0,,,,,,102.0,26.98,0.0,0.0,1.19,0.6,0.0,,,,,,Type_63-I
seafire_mk17,0.0,,,,,,23.0,,,,,,0.0,,,,,,Seafire_F_Mk_XVII
sm_79_1941_italy,0.0,,,,,,0.0,,,,,,0.0,,,,,,S.M.79_AS
fr_amx_10p,0.0,,,,,,181.0,38.99,0.29,0.32,0.43,0.46,0.0,,,,,,AMX-10P
er-2_m105r_lu2b,0.0,,,,,,9.0,,,,,,0.0,,,,,,Yer-2_(M-105R)_LU
us_t77e1,0.0,,,,,,102.0,52.94,2.35,2.33,0.0,0.0,0.0,,,,,,T77E1
germ_leopard_2a4m_can_sm,0.0,,,,,,1602.0,46.06,0.0,0.0,1.5,1.29,0.0,,,,,,◍Leopard_2A4M
uk_olifant_mk_2,0.0,,,,,,153.0,90.0,0.0,0.0,4.54,2.58,0.0,,,,,,Olifant_Mk.2
jp_type_1_chi_he,0.0,,,,,,31.0,,,0.0,,2.36,0.0,,,,,,Chi-He
ussr_t_26_4,0.0,,,,,,0.0,,,,,,0.0,,,,,,T-26-4
it_fiat_6614_106sr,0.0,,,,,,185.0,87.43,0.0,0.0,4.55,2.13,0.0,,,,,,FIAT_6614
germ_m55,0.0,,,,,,68.0,100.0,0.0,0.0,4.28,1.53,0.0,,,,,,◄M55
us_m1a1_abrams,0.0,,,,,,1016.0,58.0,0.0,0.0,1.82,1.86,0.0,,,,,,M1A1
cn_gmc_cckw_353_m45_quad,0.0,,,,,,10.0,,,,,,0.0,,,,,,CCKW_353_(M45)
pbm_5a,0.0,,,,,,9.0,50.0,0.5,1.0,1.0,2.0,0.0,,,,,,"PBM-5A_""Mariner"""
ussr_t_80um2,0.0,,,,,,305.0,57.05,0.0,0.0,2.73,1.81,0.0,,,,,,T-80UM2
p-38l_1_china_rocaf,0.0,,,,,,80.0,50.0,0.52,0.73,0.83,1.47,0.0,,,,,,P-38L-1_(China)
ki_84_hei,0.0,,,,,,80.0,75.64,1.66,1.31,1.56,1.27,0.0,,,,,,Ki-84_hei
spitfiremkiia,0.0,,,,,,0.0,,,,,,0.0,,,,,,Spitfire_Mk_IIa
us_m47_patton_II,0.0,,,,,,276.0,56.62,0.0,0.0,2.17,1.41,0.0,,,,,,M47
il_2_1942_luftwaffe,0.0,,,,,,3.0,0.0,0.0,0.0,0.0,0.0,0.0,,,,,,IL-2_(1942)
er-2_ach30b_early,0.0,,,,,,0.0,,,,,,0.0,,,,,,Yer-2_(ACh-30B)_(e)
p-51b,0.0,,,,,,31.0,100.0,1.52,1.29,0.89,0.82,12.0,,,,,,Mustang_Mk_IA
mc-205_serie3,0.0,,,,,,0.0,,,,,,0.0,,,,,,C._205_serie_3
p-63c-5_france,0.0,,,,,,7.0,100.0,0.0,0.0,2.0,2.0,0.0,,,,,,P-63C-5
us_m50_ontos,0.0,,,,,,74.0,33.33,0.0,0.0,2.61,1.39,0.0,,,,,,M50
sw_cv_9035_dk,0.0,,,,,,66.0,59.52,0.0,0.0,2.69,1.88,0.0,,,,,,CV9035DK
yak-9p_hungary,0.0,,,,,,16.0,0.0,0.0,0.0,1.0,1.0,0.0,,,,,,◔Yak-9P
p-26b_35,0.0,,,,,,0.0,,,,,,0.0,,,,,,P-26B-35
he_112v_5,0.0,,,,,,0.0,,,,,,0.0,,,,,,He_112_V-5
buccaneer_s2b,0.0,,,,,,141.0,33.33,0.0,0.0,2.29,4.92,0.0,,,,,,Buccaneer_S.2B
germ_kanonenjagdpanzer,0.0,,,,,,75.0,50.0,0.0,0.0,1.09,0.97,0.0,,,,,,JPz_4-5
uk_charioteer_mk_7,0.0,,,,,,103.0,61.9,0.0,0.0,4.83,2.49,0.0,,,,,,Charioteer_Mk_VII
pe-2-205,0.0,,,,,,0.0,,,,,,0.0,,,,,,Pe-2-205
germ_bmp_1_ddr,0.0,,,,,,138.0,31.6,0.0,0.0,0.73,0.6,0.0,,,,,,SPz_BMP-1
hurricane_mk1_late_finland,0.0,,,,,,0.0,,,,,,0.0,,,,,,Hurricane_Mk_I/L
germ_leopard_2a5,0.0,,,,,,1495.0,42.58,0.0,0.0,1.39,1.36,0.0,,,,,,Leopard_2A5
fr_m4a4_cn_75_50,0.0,,,,,,142.0,36.67,0.0,0.0,2.32,1.52,0.0,,,,,,M4A4_(SA50)
ussr_bmd_4m2,0.0,,,,,,577.0,45.68,0.0,0.0,1.19,0.94,36.0,66.67,0.0,0.0,1.0,0.36,БМД-4M2
b-17e,0.0,,,,,,0.0,,,,,,0.0,,,,,,B-17E
b_52h,0.0,,,,,,100.0,52.17,0.0,0.0,2.43,3.21,0.0,,,,,,B-52H
tu-1,0.0,,,,,,16.0,100.0,0.0,0.4,1.8,1.6,0.0,,,,,,Tu-1
germ_wiesel_1_tow,0.0,,,,,,388.0,38.78,0.0,0.0,1.67,1.31,0.0,,,,,,Wiesel_1A2
spitfiremkiia_ep,0.0,,,,,,33.0,100.0,1.41,1.35,0.91,0.9,0.0,,,,,,Spitfire_Mk.IIa_Venture_I
i-15_1935_moscow,0.0,,,,,,0.0,,,,,,0.0,,,,,,I-15_M-25
sw_vickers_mk_e_45,0.0,,,,,,0.0,,,,,,0.0,,,,,,T-26E
sb2c_5_france,0.0,,,,,,32.0,100.0,0.43,0.5,6.14,3.03,0.0,,,,,,SB2C-5
fr_panhard_ebr_1951,0.0,,,,,,238.0,51.0,0.0,0.0,1.93,1.48,0.0,,,,,,E.B.R._(1951)
jp_type_87_rcv,0.0,,,,,,270.0,59.56,0.0,0.0,2.26,2.11,0.0,,,,,,Type_87_RCV
bf-110c-4,0.0,,,,,,0.0,,,,,,0.0,,,,,,Bf_110_C-7
f_14a_early,0.0,,,,,,192.0,58.61,1.46,1.25,0.09,0.08,0.0,,,,,,F-14A_Early
g5n1,0.0,,,,,,0.0,,,,,,0.0,,,,,,G5N1
fiat_cr42_j11,0.0,,,,,,0.0,,,,,,0.0,,,,,,J11
ki_67_1_otsu,0.0,,,,,,0.0,,,,,,0.0,,,,,,Ki-67-I_otsu
il_magach_2,0.0,,,,,,64.0,71.21,0.0,0.0,2.07,1.34,0.0,,,,,,Magach_2
su_17m2,0.0,,,,,,8.0,,,0.0,,1.0,0.0,,,,,,Su-17M2
us_m18_hellcat_black_cat_race,,,,,,,,,,,,,,,,,,,"""Racing""_M18"
it_semovente_m43_105,0.0,,,,,,0.0,,,,,,0.0,,,,,,105/25_M43
germ_panzerwerfer_42,0.0,,,,,,0.0,,,,,,0.0,,,,,,15_cm_Pz.W.42
fr_char_2c,0.0,,,,,,0.0,,,,,,0.0,,,,,,2C
ussr_zprk_2s6,0.0,,,,,,857.0,53.83,0.98,0.72,0.35,0.26,0.0,,,,,,2S6
germ_sturmmorser_sturmtiger,0.0,,,,,,51.0,50.0,0.0,0.0,1.5,1.6,0.0,,,,,,38_cm_Sturmmörser
it_semovente_l40,0.0,,,,,,0.0,,,,,,0.0,,,,,,47/32_L40
it_semovente_m41_75_18,0.0,,,,,,0.0,,,,,,0.0,,,,,,75/18_M41
it_semovente_m41_75_32,0.0,,,,,,0.0,,,,,,0.0,,,,,,75/32_M41
it_semovente_m43_75_34,0.0,,,,,,24.0,,,,,,0.0,,,,,,75/34_M43
ussr_buk_m3_launcher,,,,,,,,,,,,,,,,,,,"9К317М_""БУК-М3""_(СОУ)"
ussr_buk_m3_fcs,0.0,,,,,,76.0,83.62,0.54,0.25,0.0,0.0,0.0,,,0.0,,0.0,"9К317М_""БУК-М3""_(СОЦ)"
douglas_a_1h,0.0,,,,,,324.0,87.78,0.29,0.35,4.72,5.43,0.0,,,,,,A-1H
a-26c,0.0,,,,,,0.0,,,,,,0.0,,,,,,A-26C-45
a-26c-45-dt,0.0,,,,,,0.0,,,,,,0.0,,,,,,A-26C-45DT
a_29_hudson,0.0,,,,,,0.0,,,,,,0.0,,,,,,A-29
a-35b,0.0,,,,,,8.0,,,0.0,,0.0,0.0,,,,,,A-35B
a_4e_early,0.0,,,,,,383.0,64.4,0.09,0.1,2.4,1.85,4.0,,,0.0,,0.0,A-4E_Early
a_5c,0.0,,,,,,32.0,51.85,0.48,0.94,1.48,2.89,0.0,,,,,,A-5C
a_7e_thailand,0.0,,,,,,155.0,61.26,0.8,0.72,0.7,0.62,32.0,,,0.0,,0.0,A-7E
a_7k,0.0,,,,,,2.0,0.0,0.0,0.0,0.0,0.0,0.0,,,,,,A-7K
uk_ac1_sentinel,0.0,,,,,,13.0,,,0.0,,4.15,0.0,,,,,,A.C.I
uk_a_13_mk1_3rd_rtr,0.0,,,,,,0.0,,,,,,0.0,,,,,,A13_Mk_I_(3rd_R.T.R.)
uk_a_13_mk2_1939,0.0,,,,,,0.0,,,,,,0.0,,,,,,A13_Mk_II_1939
saab_a21rb,0.0,,,,,,103.0,68.89,0.26,0.43,0.33,0.25,0.0,,,,,,A21RB
vampire_fb5_j28b,0.0,,,,,,70.0,50.0,1.46,2.71,0.17,0.28,0.0,,,,,,A28B
saab_j29b,0.0,,,,,,78.0,36.31,0.0,0.0,0.35,0.28,0.0,,,,,,A29B
a2d,0.0,,,,,,641.0,68.12,0.17,0.15,2.09,1.85,0.0,,,,,,A2D-1
saab_a32a,0.0,,,,,,26.0,,,0.0,,2.29,0.0,,,,,,A32A
saab_a32a_red_adam,0.0,,,,,,0.0,,,,,,0.0,,,,,,A32A_Röd_Adam
a6m2_zero_usa,0.0,,,,,,1.0,,,,,,0.0,,,,,,A6M2
a6m2_n_zero,0.0,,,,,,0.0,,,,,,0.0,,,,,,A6M2-N
a6m3_mod22ko_zero,0.0,,,,,,51.0,100.0,3.16,,1.28,,0.0,,,,,,A6M3_mod._22Ko
a6m5ko,0.0,,,,,,142.0,61.97,1.75,2.83,2.08,3.44,0.0,,,,,,A6M5_Ko
a6m5otsu,0.0,,,,,,4.0,,,1.5,,2.0,0.0,,,,,,A6M5_otsu
a7he1,0.0,,,,,,0.0,,,,,,0.0,,,,,,A7He1
a7m2,0.0,,,,,,47.0,100.0,3.27,2.31,1.36,1.0,0.0,,,,,,A7M2
germ_a7v,0.0,,,,,,0.0,,,,,,0.0,,,,,,A7V
it_ab_41,0.0,,,,,,9.0,,,0.0,,1.22,12.0,,,0.0,,0.0,AB_41
uk_17_pdr_m10_achilles,0.0,,,,,,57.0,32.58,0.0,0.0,1.8,2.07,0.0,,,,,,Achilles
douglas_ad_4na_france,0.0,,,,,,37.0,56.52,0.0,0.0,0.2,0.26,0.0,,,,,,AD-4NA
uk_adats_m113a3,0.0,,,,,,103.0,46.43,1.43,0.92,0.64,0.42,0.0,,,,,,ADATS_(M113)
uk_armored_car_mk_2_aa,0.0,,,,,,18.0,,,,,,0.0,,,,,,AEC_AA
cn_hj_9,0.0,,,,,,368.0,60.76,0.0,0.0,2.63,1.99,0.0,,,,,,AFT09
us_ags_teledyne,0.0,,,,,,194.0,47.49,0.0,0.0,1.73,2.4,0.0,,,,,,AGS
aichi_e13a,,,,,,,,,,,,,,,,,,,Aichi_E13A1
saab_aj37,0.0,,,,,,125.0,55.79,0.49,0.62,0.59,0.61,0.0,,,,,,AJ37
saab_ajs37_early,0.0,,,,,,0.0,,,,,,0.0,,,,,,AJS37_(Early)
uk_alecto_mk_1,0.0,,,,,,21.0,,,,,,0.0,,,,,,Alecto_I
alpha_jet_a,0.0,,,,,,137.0,62.56,0.24,0.39,3.41,3.95,9.0,,,,,,Alpha_Jet_A
alpha_jet_a_jabog41,0.0,,,,,,22.0,73.08,0.0,0.0,0.58,0.85,0.0,,,,,,Alpha_Jet_A_(JaboG_41)
fr_amc_34,0.0,,,,,,0.0,,,,,,0.0,,,,,,AMC.34_YR
fr_amc_35,0.0,,,,,,11.0,,,,,,0.0,,,,,,AMC.35_(ACG.1)
fr_amd_35_kwk39,0.0,,,,,,66.0,100.0,0.0,0.0,2.67,1.53,0.0,,,,,,AMD.35_(PaK)
fr_aml_90,0.0,,,,,,98.0,50.0,0.0,0.0,1.5,1.46,0.0,,,,,,AML-90
fr_amr_35_zt3,0.0,,,,,,0.0,,,,,,0.0,,,,,,AMR.35_ZT3
amx,0.0,,,,,,29.0,80.95,0.24,0.0,2.79,4.88,0.0,,,,,,AMX
amx_a_1a_brazil,0.0,,,,,,15.0,100.0,0.0,0.0,3.0,2.53,14.0,50.0,0.04,0.08,1.54,2.92,AMX_A-1A
fr_amx_10m_acra,0.0,,,,,,47.0,92.31,0.0,0.0,2.52,1.32,0.0,,,,,,AMX-10M
fr_amx_13_75,0.0,,,,,,143.0,75.83,0.0,0.0,2.51,1.47,19.0,,,0.0,,0.0,AMX-13
fr_amx_13_fl_11,0.0,,,,,,87.0,100.0,0.0,0.0,3.33,2.48,0.0,,,,,,AMX-13_(FL11)
fr_amx_13_hot,0.0,,,,,,0.0,,,,,,0.0,,,,,,AMX-13_(HOT)
fr_amx_13_75_ss11,0.0,,,,,,0.0,,,,,,0.0,,,,,,AMX-13_(SS.11)
fr_amx_50_foch,0.0,,,,,,73.0,59.09,0.0,0.0,4.73,2.3,0.0,,,,,,AMX-50_Foch
fr_amx_50_surblinde,0.0,,,,,,8.0,,,0.0,,3.13,0.0,,,,,,AMX-50_Surblindé
cn_antelope_tc_1l_ads,0.0,,,,,,11.0,50.0,0.5,1.0,0.0,0.0,0.0,,,,,,Antelope
arado-196a-3,0.0,,,,,,0.0,,,,,,0.0,,,,,,Ar_196_A-3
arado-196a-5,0.0,,,,,,0.0,,,,,,0.0,,,,,,Ar_196_A-5
arado-234,0.0,,,,,,155.0,57.21,0.0,0.0,2.49,3.13,0.0,,,,,,Ar_234_B-2
arado-234c-3,0.0,,,,,,53.0,79.55,0.0,0.0,1.93,2.0,0.0,,,,,,Ar_234_C-3
uk_sp_17_pdr_valentine,0.0,,,,,,0.0,,,,,,0.0,,,,,,Archer
ariete,0.0,,,,,,117.0,25.0,4.23,3.63,3.28,2.64,33.0,25.0,0.93,1.23,0.25,0.4,Ariete
fr_arl_44_acl1,0.0,,,,,,81.0,,,0.0,,0.86,0.0,,,,,,ARL-44_(ACL-1)
it_as_42_metropolitana,0.0,,,,,,24.0,,,0.0,,2.2,12.0,,,0.0,,0.0,AS_42
sw_asrad_r,0.0,,,,,,36.0,0.0,2.39,2.39,0.0,0.0,0.0,,,,,,ASRAD-R
attaker_fb1,0.0,,,,,,0.0,,,,,,0.0,,,,,,Attacker_FB_1
attaker_fb2,0.0,,,,,,32.0,56.82,0.57,1.0,0.75,1.33,0.0,,,,,,Attacker_FB.2
f4u-6_au-1,0.0,,,,,,641.0,77.59,0.43,0.42,3.06,2.93,0.0,,,,,,AU-1
it_aubl_74_60_70m,0.0,,,,,,74.0,90.0,0.0,0.0,3.15,1.55,0.0,,,,,,AUBL/74_HVG
fr_amx_30_auf_1,0.0,,,,,,77.0,77.22,0.0,0.0,0.75,0.78,0.0,,,,,,AuF1
av_8b_plus_italy,0.0,,,,,,0.0,,,,,,0.0,,,,,,AV-8B_Plus
av_8s_thailand,0.0,,,,,,17.0,100.0,1.0,1.0,0.0,0.0,0.0,,,,,,AV-8S
av_8s_late_thailand,0.0,,,,,,0.0,,,,,,0.0,,,,,,AV-8S_Late
avenger_mk1,0.0,,,,,,0.0,,,,,,0.0,,,,,,Avenger_Mk_II
a_4n,0.0,,,,,,139.0,41.56,2.25,4.87,3.39,8.0,0.0,,,,,,Ayit
b_10b,0.0,,,,,,0.0,,,,,,0.0,,,,,,B-10B
b-17e_japan,0.0,,,,,,0.0,,,,,,0.0,,,,,,B-17E
b-17e_late,0.0,,,,,,0.0,,,,,,0.0,,,,,,B-17E/L
b_18a,0.0,,,,,,0.0,,,,,,0.0,,,,,,B-18A
b_26c_france,0.0,,,,,,0.0,,,,,,0.0,,,,,,B-26C
b-57,0.0,,,,,,0.0,,,,,,0.0,,,,,,B-57A
b-57b,0.0,,,,,,2.0,0.0,0.0,0.0,0.0,0.0,0.0,,,,,,B-57B
b_66b,0.0,,,,,,0.0,,,,,,0.0,,,,,,B-66B
br_20_dr,0.0,,,,,,0.0,,,,,,0.0,,,,,,B.R.20DR
br_20m_m1,0.0,,,,,,0.0,,,,,,0.0,,,,,,B.R.20M_M1
fr_b1_bis,0.0,,,,,,0.0,,,,,,0.0,,,,,,B1_bis
fr_b1_ter,0.0,,,,,,14.0,,,0.0,,2.0,0.0,,,,,,B1_ter
saab_b17a,0.0,,,,,,21.0,100.0,0.0,0.0,0.0,0.0,0.0,,,,,,B17A
saab_b17b,0.0,,,,,,0.0,,,,,,0.0,,,,,,B17B
saab_b18a,0.0,,,,,,0.0,,,,,,0.0,,,,,,B18A
b5n2,0.0,,,,,,0.0,,,,,,3.0,,,0.0,,1.0,B5N2
b6n2,0.0,,,,,,0.0,,,,,,0.0,,,,,,B6N2_Model_12
b6n2a,0.0,,,,,,0.0,,,,,,0.0,,,,,,B6N2a_Model_12Ko
ussr_ba_11,0.0,,,,,,0.0,,,,,,0.0,,,,,,BA-11
ba_65_k14_l,0.0,,,,,,0.0,,,,,,0.0,,,,,,Ba.65_(K.14)_L
ba_65_a80,0.0,,,,,,11.0,,,,,,0.0,,,,,,Ba.65_A.80
uk_badger,0.0,,,,,,27.0,50.0,0.0,0.0,0.71,0.53,0.0,,,,,,Badger
f_16d_block_40_barak_2,0.0,,,,,,32.0,100.0,0.29,0.29,2.23,2.23,0.0,,,,,,Barak_II
f_15a_iaf,0.0,,,,,,18.0,50.0,0.61,1.22,0.0,0.0,0.0,,,,,,Baz
f_15c_baz_msip,0.0,,,,,,0.0,,,,,,0.0,,,,,,Baz_Meshupar
be_6,0.0,,,,,,0.0,,,,,,1.0,,,1.0,,1.0,Be-6
beaufighter_mk1_40mm,0.0,,,,,,0.0,,,,,,0.0,,,,,,Beaufighter_Mk_I_(40-mm)
beaufort_mkviii,0.0,,,,,,0.0,,,,,,0.0,,,,,,Beaufort_Mk_VIII
germ_beutepanzer_mk_iv,0.0,,,,,,0.0,,,,,,0.0,,,,,,Beutepanzer_IV
bf-109b_2,0.0,,,,,,0.0,,,,,,0.0,,,,,,Bf_109_B-1
bf-109c_1,0.0,,,,,,0.0,,,,,,0.0,,,,,,Bf_109_C-1
bf-109c_1_promo,0.0,,,,,,0.0,,,,,,0.0,,,,,,Bf_109_C-1_Promo
bf-109e-7,0.0,,,,,,0.0,,,,,,0.0,,,,,,Bf_109_E-7/U2
bf-109g-14as,0.0,,,,,,0.0,,,,,,0.0,,,,,,Bf_109_G-14/AS
bf-109g-2_romania,0.0,,,,,,0.0,,,,,,0.0,,,,,,Bf_109_G-2
bf-109g-6_finland,0.0,,,,,,0.0,,,,,,0.0,,,,,,Bf_109_G-6
bf-110c-6,0.0,,,,,,0.0,,,,,,0.0,,,,,,Bf_110_C-6
bf2c_1,0.0,,,,,,0.0,,,,,,0.0,,,,,,BF2C-1
uk_t_90s_bheeshma,0.0,,,,,,323.0,73.5,0.0,0.0,3.64,2.05,0.0,,,,,,Bhishma_TWMP
bi,0.0,,,,,,41.0,63.33,1.27,1.88,0.0,0.0,0.0,,,,,,BI
blenheim_mkiv,0.0,,,,,,0.0,,,,,,0.0,,,,,,Blenheim_Mk_IV
jp_oplot_t,0.0,,,,,,504.0,58.72,0.0,0.0,1.85,1.51,0.0,,,,,,BM_Oplot-T
ussr_bm_13n,0.0,,,,,,0.0,,,,,,0.0,,,,,,BM-13N
ussr_bm_31_12,0.0,,,,,,54.0,100.0,0.0,0.0,0.5,0.29,0.0,,,,,,BM-31-12
ussr_bm_8_24,0.0,,,,,,0.0,,,,,,0.0,,,,,,BM-8-24
ussr_bmd_4,0.0,,,,,,36.0,80.77,0.0,0.0,2.46,1.71,0.0,,,,,,BMD-4
ussr_bmp_1,0.0,,,,,,182.0,42.51,0.0,0.0,1.04,0.53,0.0,,,,,,BMP-1
boomerang_mki,0.0,,,,,,0.0,,,,,,0.0,,,,,,Boomerang_Mk_I
boomerang_mkii,0.0,,,,,,0.0,,,,,,0.0,,,,,,Boomerang_Mk_II
boston_mk_1,0.0,,,,,,0.0,,,,,,0.0,,,,,,Boston_Mk_I
uk_bosvark,0.0,,,,,,33.0,0.0,0.0,0.0,0.47,0.38,0.0,,,,,,Bosvark
germ_boxer_3105,0.0,,,,,,108.0,54.06,0.0,0.0,1.3,1.08,0.0,,,,,,Boxer_MGS
br_693_ab2,0.0,,,,,,7.0,,,0.0,,0.2,0.0,,,,,,Br.693AB2
breda_88,0.0,,,,,,0.0,,,,,,0.0,,,,,,Breda_88_(P.XI)
brigand_b1,0.0,,,,,,0.0,,,,,,0.0,,,,,,Brigand_B_1
ussr_bt_7_1937_td,0.0,,,,,,0.0,,,,,,0.0,,,,,,BT-7_TD
ussr_bt_7a_f32,0.0,,,,,,52.0,97.37,0.0,0.0,3.17,2.81,0.0,,,,,,BT-7A_(F-32)
ussr_btr_152a,0.0,,,,,,136.0,30.83,0.27,0.27,0.23,0.23,0.0,,,,,,BTR-152A
buccaneer_s1,0.0,,,,,,19.0,100.0,0.0,0.0,1.6,1.6,0.0,,,,,,Buccaneer_S.1
buccaneer_s2,0.0,,,,,,16.0,100.0,0.0,0.0,1.25,1.25,0.0,,,,,,Buccaneer_S.2
bv-138c-1,0.0,,,,,,0.0,,,,,,0.0,,,,,,BV_138_C-1
bv-238,0.0,,,,,,0.0,,,,,,0.0,,,,,,BV_238
mc200_serie3_italy,0.0,,,,,,4.0,,,0.0,,0.0,0.0,,,,,,C._200_serie_3
mc200_serie3,0.0,,,,,,0.0,,,,,,0.0,,,,,,C._200_serie_3
mc200_serie7,0.0,,,,,,0.0,,,,,,0.0,,,,,,C._200_serie_7
mc-202,0.0,,,,,,0.0,,,,,,0.0,,,,,,C._202
mc-205_n2,0.0,,,,,,0.0,,,,,,0.0,,,,,,C._205N2
caudron_cr714,0.0,,,,,,0.0,,,,,,0.0,,,,,,C.R.714
it_c13_tua,0.0,,,,,,0.0,,,,,,0.0,,,,,,C13/TUA
germ_leopard_c2_mexas,0.0,,,,,,38.0,79.63,0.0,0.0,2.85,3.44,0.0,,,,,,C2A1
fr_lorraine_100,0.0,,,,,,52.0,66.67,0.0,0.0,0.75,0.85,0.0,,,,,,CA_Lorraine
canberra_bimk6,0.0,,,,,,1.0,,,,,,0.0,,,,,,Canberra_B_(I)_Mk_6
canberra_bmk2,0.0,,,,,,0.0,,,,,,0.0,,,,,,Canberra_B_Mk_2
pby-5a_raf,0.0,,,,,,0.0,,,,,,0.0,,,,,,Catalina_Mk_IIIa
fr_cckw_353_bofors,0.0,,,,,,36.0,,,0.0,,0.08,0.0,,,,,,CCKW_353_AA
us_ccvl,0.0,,,,,,204.0,72.5,0.0,0.0,5.17,3.56,0.0,,,,,,CCVL
it_sahariano,0.0,,,,,,0.0,,,,,,0.0,,,,,,Celere_Sahariano
it_b1_centauro_romor,0.0,,,,,,103.0,65.48,0.0,0.0,1.76,1.85,0.0,,,,,,Centauro_I_105_R
it_centauro_mgs_120,0.0,,,,,,89.0,82.41,0.0,0.0,2.91,2.36,0.0,,,,,,Centauro_I_120
it_centauro_2,0.0,,,,,,71.0,99.0,0.0,0.0,2.46,1.44,0.0,,,,,,Centauro_II_(P)
it_centauro_rgo_120,0.0,,,,,,193.0,65.83,0.0,0.0,2.65,2.01,0.0,,,,,,Centauro_RGO
uk_centurion_action_x,0.0,,,,,,24.0,100.0,0.0,0.0,3.0,2.09,0.0,,,,,,Centurion_Action_X
uk_centurion_mk_2,0.0,,,,,,206.0,71.71,0.0,0.0,4.25,2.62,0.0,,,,,,Centurion_Mk.2
uk_centurion_mk_5_raac,0.0,,,,,,39.0,100.0,0.0,0.0,4.5,2.63,0.0,,,,,,Centurion_Mk.5/1
uk_challenger_2_tes,0.0,,,,,,168.0,63.02,0.0,0.0,1.95,2.13,0.0,,,,,,Challenger_2_TES
uk_challenger_2_lep,0.0,,,,,,203.0,52.89,0.0,0.0,2.85,2.03,0.0,,,,,,Challenger_3_TD
uk_challenger_mk_3,0.0,,,,,,268.0,54.95,0.0,0.0,2.18,1.62,0.0,,,,,,Challenger_Mk.3
fr_bat_chat_25t,0.0,,,,,,170.0,93.01,0.0,0.0,5.5,3.18,0.0,,,,,,Char_25t
jp_type_97_kai,0.0,,,,,,15.0,,,,,,0.0,,,,,,Chi-Ha_Kai
jp_type_97_kai_td,0.0,,,,,,0.0,,,,,,0.0,,,,,,Chi-Ha_Kai_TD
jp_type_97_chi_ha_12cm,0.0,,,,,,0.0,,,,,,0.0,,,,,,Chi-Ha_Short_Gun
jp_type_1_chi_he_5th_regiment,0.0,,,,,,27.0,100.0,0.0,0.0,4.0,2.0,0.0,,,,,,Chi-He_(5th_Regiment)
uk_churchill_avre,0.0,,,,,,0.0,,,,,,0.0,,,,,,Churchill_AVRE_Petard
uk_a_22_mk_1_churchill_1941,0.0,,,,,,27.0,,,0.0,,1.9,0.0,,,,,,Churchill_I
f-86_cl_13_mk4_italy,0.0,,,,,,40.0,,,3.31,,2.38,0.0,,,,,,CL-13_Mk.4
germ_th_800_bismark,0.0,,,,,,129.0,73.28,0.0,0.0,6.1,3.24,0.0,,,,,,Class_3_(P)
us_sl_amraam_launcher,,,,,,,,,,,,,,,,,,,CLAWS_(СОУ)
us_sl_amraam_fcs,0.0,,,,,,209.0,68.87,1.12,1.1,0.0,0.0,0.0,,,,,,CLAWS_(СОЦ)
fr_marder_clovis,0.0,,,,,,187.0,64.67,0.0,0.0,2.56,2.65,0.0,,,,,,CLOVIS
cn_cm_25,0.0,,,,,,23.0,65.38,0.0,0.0,0.0,0.0,0.0,,,,,,CM25
cn_cm_34,0.0,,,,,,150.0,80.95,0.06,0.04,2.33,1.51,0.0,,,,,,CM34
it_fiat_cm52,0.0,,,,,,8.0,,,0.0,,0.0,0.0,,,,,,CM52
uk_a_34_comet_iron_duke,0.0,,,,,,2.0,,,,,,0.0,,,,,,"Comet_I_""Iron_Duke_IV"""
uk_fv4004_conway,0.0,,,,,,25.0,22.22,0.0,0.0,0.8,0.26,0.0,,,,,,Conway
cr_32,0.0,,,,,,5.0,,,,,,0.0,,,,,,CR.32
cr_32_bis,0.0,,,,,,0.0,,,,,,0.0,,,,,,CR.32_bis
cr_32_quater,0.0,,,,,,0.0,,,,,,0.0,,,,,,CR.32_quater
fiat_cr42,0.0,,,,,,0.0,,,,,,0.0,,,,,,CR.42
fiat_cr42_italy,0.0,,,,,,0.0,,,,,,0.0,,,,,,CR.42
uk_crusader_aa_mk_2_kit_3rank,0.0,,,,,,21.0,,,,,,0.0,,,,,,Crusader_AA_(Overlord)
uk_crusader_aa_mk_1,0.0,,,,,,76.0,100.0,0.0,0.0,2.18,1.82,0.0,,,,,,Crusader_AA_Mk_I
uk_crusader_aa_mk_2,0.0,,,,,,24.0,50.0,0.55,1.09,0.0,0.0,0.0,,,,,,Crusader_AA_Mk_II
uk_crusader_mk_3,0.0,,,,,,64.0,60.53,0.0,0.0,1.48,2.12,0.0,,,,,,Crusader_III
it_39m_csaba,0.0,,,,,,0.0,,,,,,0.0,,,,,,Csaba
sw_patria_amv_ctcv_105,0.0,,,,,,202.0,50.8,0.0,0.0,1.12,0.99,0.0,,,,,,CT-CV_105HP
jp_icv_prototype,0.0,,,,,,247.0,58.46,0.25,0.23,2.2,2.08,0.0,,,,,,CTWV_RCV
sw_cv_90_mk4,0.0,,,,,,65.0,50.0,0.0,0.0,1.13,1.2,0.0,,,,,,CV_90_Mk.IV
fr_cv_9035_nl,0.0,,,,,,55.0,50.0,0.0,0.0,0.85,1.04,0.0,,,,,,CV_9035NL
sw_cv_9030_fin,0.0,,,,,,273.0,63.93,0.0,0.0,1.35,1.15,0.0,,,,,,CV9030FIN
d_371,0.0,,,,,,0.0,,,,,,0.0,,,,,,D.371
d_371_hs9,0.0,,,,,,0.0,,,,,,0.0,,,,,,D.371_H.S.9
d_373,0.0,,,,,,0.0,,,,,,0.0,,,,,,D.373
d_500,0.0,,,,,,0.0,,,,,,0.0,,,,,,D.500
d_501,0.0,,,,,,0.0,,,,,,0.0,,,,,,D.501
d_510c,0.0,,,,,,0.0,,,,,,0.0,,,,,,D.510C
d_520,0.0,,,,,,0.0,,,,,,0.0,,,,,,D.520
d_521,0.0,,,,,,0.0,,,,,,0.0,,,,,,D.521
fr_renault_d2,0.0,,,,,,0.0,,,,,,0.0,,,,,,D2
d3a1,0.0,,,,,,0.0,,,,,,0.0,,,,,,D3A1
d4y1,0.0,,,,,,0.0,,,,,,0.0,,,,,,D4Y1
d4y2,0.0,,,,,,0.0,,,,,,0.0,,,,,,D4Y2
d4y3,0.0,,,,,,24.0,,,,,,0.0,,,,,,D4Y3_Ko
uk_daimler_mk_2,0.0,,,,,,1.0,,,0.0,,2.0,0.0,,,,,,Daimler_Mk_II
it_dardo_vcc,0.0,,,,,,113.0,24.81,0.0,0.0,2.09,2.09,81.0,33.33,0.0,0.0,2.28,1.76,Dardo
db_3b,0.0,,,,,,0.0,,,,,,0.0,,,,,,DB-3B
uk_desert_warrior,0.0,,,,,,72.0,90.0,0.0,0.0,1.3,0.46,0.0,,,,,,Desert_Warrior
do_17e_1,0.0,,,,,,0.0,,,,,,0.0,,,,,,Do_17_E-1
do_17z_2,0.0,,,,,,0.0,,,,,,0.0,,,,,,Do_17_Z-2
do_17z_7,0.0,,,,,,0.0,,,,,,0.0,,,,,,Do_17_Z-7
do_217j_1,0.0,,,,,,0.0,,,,,,0.0,,,,,,Do_217_J-1
do_217j_2,0.0,,,,,,0.0,,,,,,0.0,,,,,,Do_217_J-2
do_217k_1,0.0,,,,,,4.0,,,0.0,,0.0,0.0,,,,,,Do_217_K-1
do_217n_2,0.0,,,,,,0.0,,,,,,0.0,,,,,,Do_217_N-2
do_335b_2,0.0,,,,,,197.0,54.99,0.6,0.49,2.36,2.08,0.0,,,,,,Do_335_B-2
germ_pzkpfw_e_100,0.0,,,,,,10.0,100.0,0.0,0.0,6.9,6.9,0.0,,,,,,E-100
fr_panhard_ebr_1963,0.0,,,,,,63.0,50.0,0.0,0.0,3.0,2.0,0.0,,,,,,E.B.R._(1963)
e7k2,,,,,,,,,,,,,,,,,,,E7K2
e8n2,,,,,,,,,,,,,,,,,,,E8N2
fr_jaguar_ebrc,0.0,,,,,,602.0,47.59,0.07,0.07,1.03,0.98,0.0,,,,,,EBRC_Jaguar
us_efv_p1,0.0,,,,,,226.0,73.26,0.0,0.0,2.14,0.96,7.0,,,0.0,,1.0,EFV
il_eitan,0.0,,,,,,8.0,,,0.0,,0.88,0.0,,,,,,Eitan_(P)
sw_eldenhet_98,0.0,,,,,,9.0,100.0,1.0,1.0,0.0,0.0,0.0,,,,,,EldE_98
f_101c,0.0,,,,,,15.0,25.0,1.25,2.0,1.0,2.0,0.0,,,,,,F-101C
f-104g_belgium,0.0,,,,,,0.0,,,,,,0.0,,,,,,F-104G
f-104g_italy,0.0,,,,,,0.0,,,,,,0.0,,,,,,F-104G
f-104j,0.0,,,,,,0.0,,,,,,0.0,,,,,,F-104J
f-104s,0.0,,,,,,10.0,50.0,1.0,2.0,0.5,1.0,0.0,,,,,,F-104S
f-104s_cb,0.0,,,,,,47.0,15.79,0.0,0.0,0.5,0.4,0.0,,,,,,F-104S_TAF
f-104s_asa,0.0,,,,,,33.0,,,2.0,,0.0,0.0,,,,,,F-104S.ASA
f_106a_1972,0.0,,,,,,30.0,,,2.73,,0.0,0.0,,,,,,F-106A
f_117,0.0,,,,,,11.0,50.0,0.0,0.0,2.67,5.33,0.0,,,,,,F-117
f_14d,0.0,,,,,,73.0,36.0,0.91,0.71,0.0,0.0,0.0,,,,,,F-14D
f_15i_raam,0.0,,,,,,196.0,61.72,1.25,1.8,1.4,1.77,0.0,,,,,,F-15I_Ra’am
f_15j,0.0,,,,,,25.0,100.0,2.6,3.27,0.0,0.0,0.0,,,,,,F-15J
f_15j_kai,0.0,,,,,,79.0,64.51,2.5,2.69,0.04,0.04,0.0,,,,,,F-15J(M)
f_16a_block_15_belgium,0.0,,,,,,40.0,1.33,2.36,1.68,0.04,0.04,12.0,,,1.0,,0.0,F-16A
f_16a_block_15_ocu_thailand,0.0,,,,,,27.0,70.59,0.71,1.0,0.88,1.76,0.0,,,,,,F-16A_OCU
f_16a_block_15_ocu_belgium,0.0,,,,,,25.0,47.62,0.81,1.14,0.0,0.0,14.0,,,1.17,,0.0,F-16A_OCU
f_16aj,0.0,,,,,,87.0,50.0,0.35,0.43,0.03,0.02,0.0,,,,,,F-16AJ
f_16am_block_15_mlu_belgium,0.0,,,,,,27.0,50.0,0.73,0.73,0.0,0.0,20.0,,,,,,F-16AM
f_16c_block_40_barak_2,0.0,,,,,,0.0,,,,,,0.0,,,,,,F-16C_Barak_II
f_16i_sufa,0.0,,,,,,15.0,,,0.27,,0.13,0.0,,,,,,F-16I_Sufa
fa_18c_finland,0.0,,,,,,9.0,100.0,1.0,1.0,0.0,0.0,0.0,,,,,,F-18C
ef_2000a,0.0,,,,,,50.0,50.0,1.06,1.15,0.5,0.58,0.0,,,,,,F-2000A
ef_2000a_aesa,0.0,,,,,,112.0,64.82,1.73,3.3,1.2,2.5,0.0,,,,,,F-2000A_(AESA)
f_2a,0.0,,,,,,77.0,100.0,1.41,0.7,0.18,0.27,2.0,,,2.0,,0.0,F-2A
f_2a_adtw,0.0,,,,,,693.0,57.97,1.26,1.41,0.12,0.12,72.0,,,0.64,,0.55,F-2A_ADTW
f-4ej_adtw,0.0,,,,,,224.0,46.75,1.3,1.23,0.34,0.36,35.0,,,0.0,,0.0,F-4EJ_ADTW
f-4ej_kai,0.0,,,,,,22.0,50.0,1.0,2.0,0.0,0.0,0.0,,,,,,F-4EJ_Kai_Phantom_II
f-4ej,0.0,,,,,,24.0,,,0.0,,0.5,0.0,,,,,,F-4EJ_Phantom_II
f-5t_thailand,0.0,,,,,,17.0,100.0,0.0,0.0,2.86,1.76,0.0,,,,,,F-5T_SCU
f-5th_thailand,0.0,,,,,,66.0,90.2,2.47,1.84,0.0,0.0,0.0,,,,,,F-5TH_TCU
f-80,0.0,,,,,,48.0,54.35,0.13,0.13,0.46,0.48,0.0,,,,,,F-80C-10
f-84f_italy,0.0,,,,,,0.0,,,,,,0.0,,,,,,F-84F
f-84f_iaf,0.0,,,,,,0.0,,,,,,0.0,,,,,,F-84F_IAF
f-84g,0.0,,,,,,6.0,,,,,,0.0,,,,,,F-84G-21-RE
f-84g_italy,0.0,,,,,,21.0,,,,,,0.0,,,,,,F-84G-21-RE
f-84g_france,0.0,,,,,,7.0,100.0,0.0,0.0,1.0,1.0,0.0,,,,,,F-84G-26-RE
f-86a-5,0.0,,,,,,198.0,63.74,1.72,1.69,0.37,0.34,0.0,,,,,,F-86A-5
f-86f-25,0.0,,,,,,30.0,60.0,1.1,1.24,0.6,0.5,0.0,,,,,,F-86F-25
f-86f-30_japan,0.0,,,,,,141.0,82.22,1.82,2.08,0.85,1.05,0.0,,,,,,F-86F-30_
f-86f-35,0.0,,,,,,13.0,100.0,2.0,2.0,2.0,2.0,0.0,,,,,,F-86F-35
f-86f-40_japan_blue_impulse,0.0,,,,,,5.0,,,2.6,,1.6,0.0,,,,,,F-86F-40_JASDF
f-86k_late_italy,0.0,,,,,,0.0,,,,,,0.0,,,,,,F-86K
f-8e_fn,0.0,,,,,,0.0,,,,,,0.0,,,,,,F-8E(FN)
f_222_2,0.0,,,,,,0.0,,,,,,0.0,,,,,,F.222.2
fc_20_bis,0.0,,,,,,1.0,,,,,,0.0,,,,,,F.C.20_Bis
fa_18c_mlu_2_finland,0.0,,,,,,26.0,100.0,2.0,,0.0,,0.0,,,,,,F/A-18C_MLU_2
fa_18d_late_malaysia,0.0,,,,,,27.0,,,2.0,,0.0,0.0,,,,,,F/A-18D_Late
fa_18f_block_2_raaf,0.0,,,,,,2.0,,,,,,0.0,,,,,,F/A-18F
f11f_1_late,0.0,,,,,,3.0,100.0,5.0,,0.0,,0.0,,,,,,F11F-1
f1m2,0.0,,,,,,20.0,,,,,,0.0,,,,,,F1M2
f3d_1,0.0,,,,,,176.0,51.28,0.37,0.3,1.69,1.54,0.0,,,,,,F3D-1
f4d_1,0.0,,,,,,7.0,,,0.0,,0.0,0.0,,,,,,F4D-1
f4f-4,0.0,,,,,,0.0,,,,,,0.0,,,,,,F4F-4
f4u-1a_japan,0.0,,,,,,42.0,100.0,2.47,2.47,0.0,0.0,0.0,,,,,,F4U-1A
f4u-4b_vmf_214,0.0,,,,,,0.0,,,,,,0.0,,,,,,F4U-4B_VMF-214
f7f3,0.0,,,,,,48.0,100.0,0.3,0.34,3.94,4.3,0.0,,,,,,F7F-3
f9f-5,0.0,,,,,,27.0,,,1.33,,2.33,0.0,,,,,,F9F-5
f9f-8,0.0,,,,,,103.0,60.0,0.54,0.63,0.73,0.93,0.0,,,,,,F9F-8
uk_falcon,0.0,,,,,,247.0,57.22,0.81,0.43,2.38,1.29,0.0,,,,,,Falcon
fr_fcm_36,0.0,,,,,,0.0,,,,,,0.0,,,,,,FCM.36
ffa_p16,0.0,,,,,,0.0,,,,,,0.0,,,,,,FFA_P-16
b_48_firecrest,0.0,,,,,,6.0,,,,,,0.0,,,,,,Firecrest
it_fiat_6614_firos,0.0,,,,,,52.0,50.0,0.0,0.0,0.5,0.68,0.0,,,,,,FIROS_6
fj_4b_agm_12b,0.0,,,,,,6.0,100.0,1.0,1.0,2.0,2.0,0.0,,,,,,FJ-4B_VMF-232
germ_flakpanzer_38t_Gepard,0.0,,,,,,0.0,,,,,,0.0,,,,,,Flakpanzer_38
germ_flarakrad,0.0,,,,,,43.0,,,1.0,,0.0,0.0,,,,,,FlaRakRad
uk_fv721_fox,0.0,,,,,,229.0,61.56,0.0,0.0,2.27,1.81,0.0,,,,,,Fox
it_freccia,0.0,,,,,,89.0,64.7,0.0,0.0,1.15,1.13,8.0,,,0.0,,1.0,Freccia
it_freccia_hitfist_ows,0.0,,,,,,230.0,53.1,0.0,0.0,1.66,1.37,0.0,,,,,,Freccia_OWS_30
fr_samp_t_launcher,,,,,,,,,,,,,,,,,,,FSAF_SAMP/T_(Mamba)_(СОУ)
fr_samp_t_fcs,0.0,,,,,,77.0,52.38,1.62,1.89,0.0,0.0,0.0,,,,,,FSAF_SAMP/T_(Mamba)_(СОЦ)
it_samp_t_fcs,0.0,,,,,,56.0,50.0,1.0,1.0,0.0,0.0,0.0,,,,,,FSAF_SAMP/T_(СОЦ)
fury_mk1,0.0,,,,,,0.0,,,,,,0.0,,,,,,Fury_Mk_I
fury_mk2,0.0,,,,,,0.0,,,,,,0.0,,,,,,Fury_Mk_II
uk_fv4005,0.0,,,,,,56.0,50.0,0.0,0.0,2.4,2.35,0.0,,,,,,FV4005
fw-189a-1,0.0,,,,,,0.0,,,,,,0.0,,,,,,Fw_189_A-1
fw-190a-5_japan,0.0,,,,,,16.0,,,,,,0.0,,,,,,Fw_190_A-5
fw-190c,0.0,,,,,,0.0,,,,,,0.0,,,,,,Fw_190_C
fw-190d-13,0.0,,,,,,32.0,44.12,1.12,1.37,1.18,1.69,0.0,,,,,,Fw_190_D-13
fw-190d-9_ussr,0.0,,,,,,0.0,,,,,,9.0,,,3.0,,0.0,Fw_190_D-9
fw_200c_1,0.0,,,,,,10.0,,,,,,0.0,,,,,,Fw_200_C-1
fw_189c_0,0.0,,,,,,0.0,,,,,,0.0,,,,,,Fw_189_C
fiat_g50_seria7as,0.0,,,,,,0.0,,,,,,0.0,,,,,,G.50_AS_serie_7
fiat_g50_seria2,0.0,,,,,,0.0,,,,,,0.0,,,,,,G.50_serie_2
fiat_g50_seria2_italy,0.0,,,,,,0.0,,,,,,0.0,,,,,,G.50_serie_2
g_55_serie1_ss0,0.0,,,,,,22.0,,,,,,0.0,,,,,,G.55_sottoserie_0
g_55s,0.0,,,,,,27.0,100.0,1.43,1.17,1.0,1.0,2.0,,,1.0,,0.0,G.55S
g_56,0.0,,,,,,23.0,63.64,1.36,1.67,0.77,0.88,0.0,,,,,,G.56
fiat_g91_ps,0.0,,,,,,49.0,30.0,0.94,1.0,0.3,0.36,0.0,,,,,,G.91_pre-serie
fiat_g91_r1,0.0,,,,,,44.0,50.0,0.0,0.0,0.5,0.7,0.0,,,,,,G.91_R/1
fiat_g91_r4,0.0,,,,,,2.0,0.0,1.0,1.0,1.0,1.0,0.0,,,,,,G.91_R/4
fiat_g91_y,0.0,,,,,,8.0,100.0,4.5,,0.5,,0.0,,,,,,G.91_Y
fiat_g91_ys,0.0,,,,,,56.0,100.0,0.5,0.52,1.6,2.04,0.0,,,,,,G.91_YS
g4m1,0.0,,,,,,0.0,,,,,,0.0,,,,,,G4M1
g8n1,0.0,,,,,,48.0,66.67,1.0,3.0,0.0,0.0,0.0,,,,,,G8N1
f3f-2_galer,0.0,,,,,,41.0,100.0,1.75,1.75,0.0,0.0,0.0,,,,,,Galer's_F3F-2
germ_garford_putilov,0.0,,,,,,0.0,,,,,,0.0,,,,,,Garford-Beute
ussr_gaz_4m,0.0,,,,,,0.0,,,,,,0.0,,,,,,GAZ-AAA_(4M)
ussr_gaz_dshk,0.0,,,,,,0.0,,,,,,0.0,,,,,,GAZ-AAA_(DShK)
uk_vickers_gbt_155,0.0,,,,,,111.0,60.87,0.3,0.24,2.21,1.75,0.0,,,,,,GBT_155
il_m113a1_tow,0.0,,,,,,23.0,,,0.0,,0.0,0.0,,,,,,Giraf
gladiator_mk1_belgium,0.0,,,,,,0.0,,,,,,0.0,,,,,,Gladiator_Mk_I
gladiator_mk2,0.0,,,,,,0.0,,,,,,0.0,,,,,,Gladiator_Mk_II
gladiator_mk2_france,0.0,,,,,,0.0,,,,,,0.0,,,,,,Gladiator_Mk_IIF
gladiator_mk2_silver,0.0,,,,,,0.0,,,,,,0.0,,,,,,Gladiator_Mk_IIS
uk_mk1_grant,0.0,,,,,,0.0,,,,,,0.0,,,,,,Grant_I
uk_3_inch_gun_carrier,0.0,,,,,,0.0,,,,,,0.0,,,,,,Gun_Carrier_(3-in)
il_28_china,0.0,,,,,,0.0,,,,,,0.0,,,,,,H-5
h-75a-1_france,0.0,,,,,,0.0,,,,,,0.0,,,,,,H-75A-1
fr_hotchkiss_h35,0.0,,,,,,0.0,,,,,,0.0,,,,,,H.35
fr_hotchkiss_h39,0.0,,,,,,0.0,,,,,,0.0,,,,,,H.39
fr_hotchkiss_h39_cambronne,0.0,,,,,,0.0,,,,,,0.0,,,,,,"H.39_""Cambronne"""
hp_12,0.0,,,,,,0.0,,,,,,0.0,,,,,,H.P.12
h6k4,0.0,,,,,,0.0,,,,,,0.0,,,,,,H6K4
h8k3,0.0,,,,,,0.0,,,,,,0.0,,,,,,H8K3
jp_type_95_ha_go,0.0,,,,,,0.0,,,,,,0.0,,,,,,Ha-Go
jp_type_95_ha_go_commander,0.0,,,,,,0.0,,,,,,0.0,,,,,,Ha-Go_Commander
a5m4_hagiri,0.0,,,,,,0.0,,,,,,0.0,,,,,,Hagiri's_A5M4
halifax_mk3,0.0,,,,,,0.0,,,,,,0.0,,,,,,Halifax_B_Mk_IIIa
hp52_hampden_mk1_late,0.0,,,,,,0.0,,,,,,0.0,,,,,,Hampden_Mk_I
hp52_hampden_tbmk1,0.0,,,,,,0.0,,,,,,0.0,,,,,,Hampden_TB_Mk_I
harrier_gr7,0.0,,,,,,26.0,50.0,1.0,2.0,0.5,1.0,0.0,,,,,,Harrier_GR.7
intruder_mk_1,0.0,,,,,,0.0,,,,,,0.0,,,,,,Havoc_Mk_I
hawk_200,0.0,,,,,,59.0,50.0,0.5,1.0,2.15,4.3,0.0,,,,,,Hawk_200
hawk_200_rda,0.0,,,,,,8.0,100.0,3.0,3.0,0.0,0.0,0.0,,,,,,Hawk_200_RDA
h-75a-2_finland,0.0,,,,,,0.0,,,,,,0.0,,,,,,Hawk_H-75A-2
hawk_iii,0.0,,,,,,0.0,,,,,,0.0,,,,,,Hawk_III
he-111h-6,0.0,,,,,,0.0,,,,,,0.0,,,,,,He_111_H-6
he_112a_0,0.0,,,,,,0.0,,,,,,0.0,,,,,,He_112_A-0
he_112b_1_italy,0.0,,,,,,0.0,,,,,,0.0,,,,,,He_112_B-1/U2
he_112b_1,0.0,,,,,,0.0,,,,,,0.0,,,,,,He_112_B-1/U2
he_112b_2,0.0,,,,,,0.0,,,,,,0.0,,,,,,He_112_B-2/U2
he_115c_1,0.0,,,,,,0.0,,,,,,0.0,,,,,,He_115_C-1
he-162a-1,0.0,,,,,,0.0,,,,,,0.0,,,,,,He_162_A-1
he-162a-2,0.0,,,,,,117.0,44.44,1.21,1.44,0.1,0.09,0.0,,,,,,He_162_A-2
he-177a-3,0.0,,,,,,0.0,,,,,,0.0,,,,,,He_177_A-3
he-177a-5,0.0,,,,,,0.0,,,,,,0.0,,,,,,He_177_A-5
he_219a_7,0.0,,,,,,14.0,,,,,,0.0,,,,,,He_219_A-7
he51a1,0.0,,,,,,0.0,,,,,,0.0,,,,,,He_51_A-1
he51b1,0.0,,,,,,0.0,,,,,,0.0,,,,,,He_51_B-1
he51b_2w,0.0,,,,,,0.0,,,,,,0.0,,,,,,He_51_B-2/H
he51c1,0.0,,,,,,2.0,,,,,,0.0,,,,,,He_51_C-1
he51c1_late,0.0,,,,,,0.0,,,,,,0.0,,,,,,He_51_C-1/L
jp_pzkpfw_VI_ausf_e_tiger,0.0,,,,,,6.0,100.0,0.0,0.0,4.0,4.0,0.0,,,,,,Heavy_Tank_No.6
us_m18_hellcat_kit_3rank,0.0,,,,,,48.0,12.82,0.0,0.0,2.62,2.26,0.0,,,,,,Hellcat_(Hell)
marut_mk1,0.0,,,,,,2.0,100.0,0.0,0.0,0.0,0.0,0.0,,,,,,HF-24
go229_v3,0.0,,,,,,99.0,50.0,1.11,1.79,0.86,1.67,0.0,,,,,,Ho_229_V3
jp_type_2_ho_i,0.0,,,,,,0.0,,,,,,0.0,,,,,,Ho-I
jp_type_3_ho_ni_III,0.0,,,,,,5.0,,,0.0,,1.67,0.0,,,,,,Ho-Ni_III
jp_type_5_ho_ri_prototype,0.0,,,,,,69.0,85.65,0.0,0.0,4.58,3.25,0.0,,,,,,Ho-Ri_Prototype
jp_type_4_ho_ro,0.0,,,,,,69.0,66.67,0.0,0.0,3.32,3.81,0.0,,,,,,Ho-Ro
hornet_mk1,0.0,,,,,,14.0,50.0,1.5,1.5,0.5,0.5,0.0,,,,,,Hornet_Mk.I
hornet_mk3,0.0,,,,,,0.0,,,,,,0.0,,,,,,Hornet_Mk.III
il_m163_vulcan,0.0,,,,,,29.0,,,0.0,,0.0,0.0,,,,,,Hovet
cn_hq_11,0.0,,,,,,2.0,,,,,,0.0,,,,,,HQ11
hs-123a-1,0.0,,,,,,0.0,,,,,,0.0,,,,,,Hs_123_A-1
hs-129b-2,0.0,,,,,,0.0,,,,,,0.0,,,,,,Hs_129_B-2
hs-129b-2_romania_italy,0.0,,,,,,20.0,,,,,,0.0,,,,,,Hs_129_B-2_(Romania)
hs-129b-2_romania,0.0,,,,,,4.0,100.0,2.0,2.0,0.0,0.0,0.0,,,,,,Hs_129_B-2_(Romania)
hs-129b-3,0.0,,,,,,62.0,57.14,0.0,0.0,0.57,0.86,0.0,,,,,,Hs_129_B-3
us_hstv_l,0.0,,,,,,1870.0,57.03,0.0,0.0,1.6,1.41,1.0,,,0.0,,1.0,HSTV-L
hudson_mk_v,0.0,,,,,,0.0,,,,,,0.0,,,,,,Hudson_Mk_V
germ_hummel,0.0,,,,,,13.0,,,0.0,,1.55,0.0,,,,,,Hummel
il_hunter_afv,0.0,,,,,,0.0,,,,,,0.0,,,,,,Hunter_AFV
hunter_f1,0.0,,,,,,8.0,100.0,1.0,1.0,1.0,1.0,0.0,,,,,,Hunter_F.1
hunter_f6,0.0,,,,,,104.0,71.26,2.58,2.38,0.72,0.83,0.0,,,,,,Hunter_F.6
hunter_f9_rhodesia,0.0,,,,,,18.0,66.67,2.08,6.25,2.08,6.25,0.0,,,,,,Hunter_FGA.9
hurricane_mk1,0.0,,,,,,0.0,,,,,,0.0,,,,,,Hurricane_Mk_I/L
hurricanemkii,0.0,,,,,,0.0,,,,,,0.0,,,,,,Hurricane_Mk_IIB/Trop
hurricane_mk4,0.0,,,,,,0.0,,,,,,0.0,,,,,,Hurricane_Mk_IV
hurricane_mk1_late_ep,0.0,,,,,,0.0,,,,,,0.0,,,,,,Hurricane_Mk.I/L_FAA_M
i-15_1935,0.0,,,,,,0.0,,,,,,0.0,,,,,,I-15_M-22
i-15_1934,0.0,,,,,,0.0,,,,,,0.0,,,,,,I-15_WR
i-15bis,0.0,,,,,,0.0,,,,,,0.0,,,,,,I-15bis
i-16_type10,0.0,,,,,,0.0,,,,,,0.0,,,,,,I-16_type_10
i-16_type18,0.0,,,,,,0.0,,,,,,0.0,,,,,,I-16_type_18
i-16_type5,0.0,,,,,,0.0,,,,,,0.0,,,,,,I-16_type_5
ia_58a_pucara,0.0,,,,,,25.0,100.0,0.35,0.3,3.1,2.9,0.0,,,,,,IA.58A_Pucara
gladiator_j8a_iacobi,0.0,,,,,,0.0,,,,,,0.0,,,,,,Iacobi's_J8A
iar_81c,0.0,,,,,,0.0,,,,,,0.0,,,,,,IAR-81C
iar_93b,0.0,,,,,,31.0,100.0,0.67,2.0,2.56,3.0,0.0,,,,,,IAR-93B
jp_icv_ifv_prototype,0.0,,,,,,66.0,50.0,0.56,0.28,3.31,1.84,0.0,,,,,,ICV_(P)
sw_ikv_91_105,0.0,,,,,,297.0,55.5,0.12,0.09,3.11,2.56,0.0,,,,,,Ikv_91-105
il_28,0.0,,,,,,11.0,,,0.0,,0.0,0.0,,,,,,IL-28
il_28sh,0.0,,,,,,17.0,8.33,0.0,0.0,0.92,0.77,0.0,,,,,,IL-28Sh
il-4,0.0,,,,,,0.0,,,,,,0.0,,,,,,IL-4
us_mim_72_chaparral,0.0,,,,,,44.0,,,1.11,,0.0,0.0,,,,,,Imp.Chaparral
uk_a1e1_independent,0.0,,,,,,0.0,,,,,,0.0,,,,,,Independent
germ_iris_slm_launcher,,,,,,,,,,,,,,,,,,,IRIS-T_SLM_(СОУ)
germ_iris_slm_fcs,0.0,,,,,,284.0,29.88,3.6,2.05,0.0,0.0,0.0,,,,,,IRIS-T_SLM_(СОЦ)
ussr_is_2_1944_revenge,0.0,,,,,,17.0,100.0,0.0,0.0,2.58,2.58,0.0,,,,,,"IS-2_""Revenge"""
ussr_is_2_1944_321,0.0,,,,,,7.0,50.0,0.0,0.0,1.0,1.29,0.0,,,,,,IS-2_No.321
cn_is_2_1943_no402,0.0,,,,,,0.0,,,,,,0.0,,,,,,IS-2_No.402
ussr_isu_152,0.0,,,,,,31.0,,,0.0,,2.15,0.0,,,,,,ISU-152
it_semovente_m43_75_bersaglieri,,,,,,,,,,,,,,,,,,,it_semovente_m43_75_bersaglieri
sw_crotale_ng,0.0,,,,,,21.0,,,1.0,,0.0,0.0,,,,,,ItO_90M
fr_crotale_ng,0.0,,,,,,19.0,50.0,0.56,0.97,0.0,0.0,0.0,,,,,,ItO_90M
sw_itpsv_90,0.0,,,,,,1175.0,49.38,0.1,0.09,1.95,1.52,0.0,,,,,,ItPsV_Leopard
j_10a,0.0,,,,,,130.0,61.05,1.61,1.91,0.11,0.09,0.0,,,,,,J-10A
j_10c,0.0,,,,,,61.0,94.12,3.04,3.55,0.62,0.72,0.0,,,,,,J-10C
j_11,0.0,,,,,,33.0,79.17,2.67,3.58,0.0,0.0,11.0,,,,,,J-11
j_11a,0.0,,,,,,93.0,45.29,1.6,3.04,0.13,0.23,0.0,,,,,,J-11A
j_11b,0.0,,,,,,49.0,88.24,2.53,2.33,0.47,0.38,0.0,,,,,,J-11B
j_15t,0.0,,,,,,129.0,73.89,1.74,1.44,1.39,1.11,15.0,,,1.0,,0.53,J-15T
j_22m1a,0.0,,,,,,98.0,55.12,0.0,0.0,3.05,5.21,0.0,,,,,,J-22M1A
mig-17_china,0.0,,,,,,0.0,,,,,,0.0,,,,,,J-4
mig-19j_6a,0.0,,,,,,0.0,,,,,,0.0,,,,,,J-6A
j_7_mk2,0.0,,,,,,0.0,,,,,,0.0,,,,,,J-7II
j_8f,0.0,,,,,,10.0,100.0,1.0,1.0,0.0,0.0,0.0,,,,,,J-8F
saab_j21ra,0.0,,,,,,0.0,,,,,,0.0,,,,,,J21RA
saab_j29a,0.0,,,,,,37.0,,,2.0,,3.0,0.0,,,,,,J29A
saab_j29d,0.0,,,,,,0.0,,,,,,0.0,,,,,,J29D
saab_j29f,0.0,,,,,,0.0,,,,,,2.0,,,,,,J29F
j2m2,0.0,,,,,,22.0,100.0,4.46,,0.69,,0.0,,,,,,J2M2
j2m3,0.0,,,,,,39.0,100.0,3.0,3.0,0.0,0.0,0.0,,,,,,J2M3
j2m4_kai,0.0,,,,,,59.0,71.27,1.51,2.0,0.13,0.22,0.0,,,,,,J2M4_Kai
j2m5,0.0,,,,,,11.0,,,,,,0.0,,,,,,J2M5
j2m5_30mm,0.0,,,,,,90.0,64.2,1.14,1.35,1.66,1.76,0.0,,,,,,J2M5
saab_j32b,0.0,,,,,,0.0,,,,,,0.0,,,,,,J32B
hunter_f50_sweden,0.0,,,,,,0.0,,,,,,0.0,,,,,,J34
saab_j35a,0.0,,,,,,24.0,61.11,1.2,1.51,0.0,0.0,9.0,,,3.5,,0.0,J35A
j6b,0.0,,,,,,0.0,,,,,,0.0,,,,,,J6B
j6k1,0.0,,,,,,20.0,100.0,2.2,2.2,2.85,2.85,0.0,,,,,,J6K1
j9_early,0.0,,,,,,0.0,,,,,,0.0,,,,,,J9_Early
saab_ja37d,0.0,,,,,,69.0,42.54,0.87,0.97,0.0,0.0,0.0,,,,,,JA37D
saab_ja37di,0.0,,,,,,0.0,,,,,,0.0,,,,,,JA37DI
saab_ja37di_f21,0.0,,,,,,190.0,38.09,1.63,1.9,0.03,0.03,1.0,,,2.0,,0.0,JA37DI_F21
germ_jaguar_2,0.0,,,,,,89.0,29.44,0.0,0.0,1.54,1.04,0.0,,,,,,Jaguar_2
jaguar_a,0.0,,,,,,67.0,75.56,0.0,0.0,1.03,1.15,0.0,,,,,,Jaguar_A
jaguar_e,0.0,,,,,,0.0,,,,,,0.0,,,,,,Jaguar_E
jaguar_gr1a,0.0,,,,,,20.0,0.0,0.0,0.09,2.4,2.55,0.0,,,,,,Jaguar_GR.1A
jaguar_is,0.0,,,,,,37.0,86.84,0.87,1.0,0.55,0.57,43.0,32.69,0.33,0.65,1.0,1.65,Jaguar_IS
germ_sk105_a2,0.0,,,,,,85.0,33.33,0.0,0.0,4.0,0.77,0.0,,,,,,JaPz.K_A2
saab_jas39a,0.0,,,,,,56.0,35.66,0.79,1.16,0.42,0.61,0.0,,,,,,JAS39A
saab_jas39c,0.0,,,,,,89.0,36.78,1.24,1.26,0.03,0.07,0.0,,,,,,JAS39C
saab_jas39c_thailand,0.0,,,,,,66.0,52.78,1.0,2.19,0.14,0.27,9.0,,,,,,JAS39C
saab_jas39d,0.0,,,,,,54.0,84.07,0.44,0.46,0.03,0.04,8.0,,,1.0,,0.0,JAS39D
saab_jas39e,0.0,,,,,,438.0,63.49,1.28,1.34,1.14,1.2,0.0,,,,,,JAS39E
javelin_fmk9,0.0,,,,,,148.0,50.63,1.07,2.3,0.4,0.78,7.0,,,2.0,,0.0,Javelin_F.(A.W.)_Mk.9
jf_17,0.0,,,,,,112.0,47.83,1.55,1.49,0.36,0.46,0.0,,,,,,JF-17
jh_7,0.0,,,,,,0.0,,,,,,0.0,,,,,,JH-7
jh_7a_prototype,0.0,,,,,,46.0,75.0,0.25,0.08,2.75,2.21,0.0,,,,,,JH-7A_Prototype
jh_7a2,0.0,,,,,,0.0,,,,,,0.0,,,,,,JH-7A2
ju-388j,0.0,,,,,,0.0,,,,,,0.0,,,,,,Ju_388_J
ju-87b-2,0.0,,,,,,0.0,,,,,,0.0,,,,,,Ju_87_B-2
ju-87d-3_italy,0.0,,,,,,0.0,,,,,,0.0,,,,,,Ju_87_D-3
ju-87d-3,0.0,,,,,,0.0,,,,,,0.0,,,,,,Ju_87_D-3
ju-87g_1,0.0,,,,,,0.0,,,,,,0.0,,,,,,Ju_87_G-1
ju-87g_2,0.0,,,,,,0.0,,,,,,0.0,,,,,,Ju_87_G-2
ju-87r-2,0.0,,,,,,16.0,100.0,1.0,1.0,3.0,2.44,0.0,,,,,,Ju_87_R-2
ju-87r-2_italy,0.0,,,,,,31.0,15.87,0.0,0.0,0.0,0.0,0.0,,,,,,Ju_87_R-2
ju-87r-2_snake,0.0,,,,,,0.0,,,,,,0.0,,,,,,Ju_87_R-2_Libya
ju-88a-1,0.0,,,,,,0.0,,,,,,0.0,,,,,,Ju_88_A-1
jp_type_2_ka_mi,0.0,,,,,,38.0,50.0,0.0,0.0,3.45,6.9,0.0,,,,,,Ka-Mi
kfir_c2,0.0,,,,,,18.0,50.0,0.5,0.5,0.0,0.0,16.0,,,1.0,,0.0,Kfir_C.2
kfir_c7,0.0,,,,,,45.0,33.33,0.7,1.0,0.7,1.0,0.0,,,,,,Kfir_C.7
kfir_canard,0.0,,,,,,65.0,24.64,1.11,1.07,3.3,3.21,15.0,,,,,,Kfir_Canard
uk_khalid,0.0,,,,,,198.0,83.94,0.0,0.0,4.15,2.67,0.0,,,,,,Khalid
ussr_9p157,0.0,,,,,,189.0,27.21,0.0,0.0,2.21,1.16,0.0,,,,,,Khrizantema-S
ki_10_2_commander,0.0,,,,,,0.0,,,,,,0.0,,,,,,Ki-10-II_C
ki_100_2,0.0,,,,,,114.0,74.02,0.53,0.5,2.71,2.69,0.0,,,,,,Ki-100-II
ki_102_otsu,0.0,,,,,,0.0,,,,,,0.0,,,,,,Ki-102_otsu
ki_108,0.0,,,,,,0.0,,,,,,0.0,,,,,,Ki-108_Kai
ki_109,0.0,,,,,,44.0,54.55,0.0,0.0,3.18,6.0,0.0,,,,,,Ki-109
ki_21_1ko,0.0,,,,,,0.0,,,,,,0.0,,,,,,Ki-21-Ia
ki_44_2_otsu,0.0,,,,,,0.0,,,,,,0.0,,,,,,Ki-44-II_otsu
ki-45_hei,0.0,,,,,,0.0,,,,,,0.0,,,,,,Ki-45_hei
ki-45_ko,0.0,,,,,,0.0,,,,,,0.0,,,,,,Ki-45_ko
ki-45_otsu,0.0,,,,,,0.0,,,,,,0.0,,,,,,Ki-45_otsu
ki-45_tei,0.0,,,,,,0.0,,,,,,0.0,,,,,,Ki-45_tei
ki_48_2_otsu,0.0,,,,,,0.0,,,,,,0.0,,,,,,Ki-48-II_otsu
ki-49_1,0.0,,,,,,0.0,,,,,,0.0,,,,,,Ki-49-I
ki-49_2a,0.0,,,,,,0.0,,,,,,0.0,,,,,,Ki-49-IIa
ki-49_2b_late,0.0,,,,,,0.0,,,,,,0.0,,,,,,Ki-49-IIb/L
ki_61_1a_tei,0.0,,,,,,5.0,100.0,0.0,0.0,0.0,0.0,0.0,,,,,,Ki-61-I_tei
ki_61_1a_otsu_usa,0.0,,,,,,16.0,100.0,0.0,0.0,1.0,1.0,0.0,,,,,,Ki-61-Ib
ki_67_1_ko,0.0,,,,,,0.0,,,,,,0.0,,,,,,Ki-67-I_Ko
ki_84_otsu,0.0,,,,,,17.0,50.0,1.5,3.0,0.0,0.0,0.0,,,,,,Ki-84_otsu
ki_87,0.0,,,,,,10.0,100.0,0.0,0.0,1.0,1.0,0.0,,,,,,Ki-87
ki_94_2,0.0,,,,,,7.0,,,,,,0.0,,,,,,Ki-94-II
ki-96,0.0,,,,,,0.0,,,,,,0.0,,,,,,Ki-96
kitsuka,0.0,,,,,,118.0,97.27,0.08,0.08,3.22,3.19,0.0,,,,,,Kikka
kor_1,,,,,,,,,,,,,,,,,,,KOR-1
sw_kungstiger,0.0,,,,,,0.0,,,,,,0.0,,,,,,Kungstiger
f-4e_iaf,0.0,,,,,,85.0,71.59,0.78,0.9,2.07,2.41,2.0,,,0.0,,1.0,Kurnass
f-4e_kurnass_2000,0.0,,,,,,3.0,100.0,2.0,,1.0,,0.0,,,,,,Kurnass_2000
l_39za,0.0,,,,,,74.0,87.5,0.0,0.0,2.25,2.02,8.0,,,0.0,,0.25,L-39ZA_Albatros
l_39za_art_thailand,0.0,,,,,,153.0,91.62,0.47,0.68,4.5,6.44,0.0,,,,,,L-39ZA/ART_Albatros
it_l3_cc,0.0,,,,,,9.0,,,0.0,,0.0,0.0,,,,,,L3/33_CC
it_l6,0.0,,,,,,0.0,,,,,,0.0,,,,,,L6/40
it_l6_leone,0.0,,,,,,0.0,,,,,,0.0,,,,,,L6/40_(31_Rgt.)
la-11,0.0,,,,,,0.0,,,,,,0.0,,,,,,La-11
lagg-3-4,0.0,,,,,,0.0,,,,,,0.0,,,,,,LaGG-3-4
lancaster_mk1,0.0,,,,,,28.0,72.22,0.0,0.0,0.0,0.0,0.0,,,,,,Lancaster_B_Mk_I
lancaster_mk3,0.0,,,,,,15.0,50.0,0.0,0.0,1.17,2.33,0.0,,,,,,Lancaster_B_Mk_III
it_lancia3ro_100,0.0,,,,,,0.0,,,,,,0.0,,,,,,Lancia_3Ro_(100/17)
late_298d,0.0,,,,,,0.0,,,,,,0.0,,,,,,Late_298D
fr_leclerc_azur,0.0,,,,,,299.0,56.85,0.0,0.0,2.86,2.13,0.0,,,,,,Leclerc_AZUR
fr_leclerc_sxxi,0.0,,,,,,276.0,50.83,0.0,0.0,3.22,1.97,0.0,,,,,,Leclerc_SXXI
leo_451_early,0.0,,,,,,0.0,,,,,,0.0,,,,,,LeO_451_early
fr_leopard_1a5be,0.0,,,,,,19.0,81.82,0.0,0.0,1.36,1.36,0.0,,,,,,Leopard_1A5BE
sw_leopard_1a5no,0.0,,,,,,346.0,51.16,0.0,0.0,2.23,1.73,0.0,,,,,,Leopard_1A5NO2
sw_leopard_2a4_fin,0.0,,,,,,262.0,31.92,0.0,0.0,1.41,1.08,0.0,,,,,,Leopard_2A4
germ_leopard_2av,0.0,,,,,,71.0,90.0,0.0,0.0,3.06,2.11,0.0,,,,,,Leopard_2AV
jp_leopard_2ri,0.0,,,,,,58.0,54.71,0.0,0.0,1.93,1.89,0.0,,,,,,Leopard_2RI
uk_vickers_mk_6_aa_mk_1,0.0,,,,,,0.0,,,,,,0.0,,,,,,Light_AA_Mk_I
lightning_f53,0.0,,,,,,5.0,,,,,,0.0,,,,,,Lightning_F.53
lightning_f6,0.0,,,,,,1.0,100.0,2.0,2.0,0.0,0.0,7.0,,,2.0,,0.0,Lightning_F.6
lincoln_b2,0.0,,,,,,22.0,100.0,3.5,7.0,0.0,0.0,0.0,,,,,,Lincoln_B_Mk_II
fr_lorraine_155,0.0,,,,,,5.0,,,0.0,,1.0,0.0,,,,,,Lorraine_155_Mle.50
fr_lorraine_37l,0.0,,,,,,0.0,,,,,,0.0,,,,,,Lorraine_37L
us_losat_ccv,0.0,,,,,,36.0,0.0,0.0,0.0,0.0,0.0,0.0,,,,,,LOSAT
germ_sppz2_luchs_a2,0.0,,,,,,55.0,0.0,0.63,0.17,0.0,0.0,0.0,,,,,,Luchs_A2
sw_lvrbv_701,0.0,,,,,,8.0,100.0,0.4,,0.0,,0.0,,,,,,Lvrbv_701
us_lvt_a_4,0.0,,,,,,0.0,,,,,,0.0,,,,,,LVT(A)(4)
us_lvt_4_zis_2,0.0,,,,,,0.0,,,,,,0.0,,,,,,LVT(A)(4)_(ZIS-2)
cn_lvt_4_zis_2,0.0,,,,,,0.0,,,,,,0.0,,,,,,LVT(A)(4)_(ZiS-2)
fr_lvt_bofors,0.0,,,,,,13.0,,,0.0,,1.0,0.0,,,,,,LVT-4/40
m_346fa,0.0,,,,,,4.0,50.0,1.0,2.0,0.0,0.0,0.0,,,,,,M-346FA
mb_151c1,0.0,,,,,,0.0,,,,,,0.0,,,,,,M.B.151C.1
mb_152c1,0.0,,,,,,0.0,,,,,,0.0,,,,,,M.B.152C1
mb_162,0.0,,,,,,0.0,,,,,,0.0,,,,,,M.B.162
mb_174_a3,0.0,,,,,,0.0,,,,,,0.0,,,,,,M.B.174A-3
mb_175t,0.0,,,,,,0.0,,,,,,0.0,,,,,,M.B.175T
md_450b_barougan,0.0,,,,,,4.0,50.0,0.0,0.0,0.5,0.5,0.0,,,,,,M.D.450B_Barougan
md_450b_ouragan,0.0,,,,,,32.0,100.0,0.0,0.0,0.83,0.97,0.0,,,,,,M.D.450B_Ouragan
md_452_mystere_2a,0.0,,,,,,17.0,50.0,0.5,1.0,1.0,2.0,0.0,,,,,,M.D.452_IIA
md_452_mystere_2c_preproduction,0.0,,,,,,33.0,93.75,0.0,0.0,0.94,1.0,0.0,,,,,,M.D.452_IIC
ms_405c1,0.0,,,,,,0.0,,,,,,0.0,,,,,,M.S.405C1
ms_406c1,0.0,,,,,,0.0,,,,,,0.0,,,,,,M.S.406C1
ms_410c1,0.0,,,,,,0.0,,,,,,0.0,,,,,,M.S.410
fr_m10,0.0,,,,,,65.0,50.0,0.0,0.0,4.28,3.22,0.0,,,,,,M10_GMC
us_m103,0.0,,,,,,195.0,72.56,0.0,0.0,3.79,1.93,0.0,,,,,,M103
uk_m109a1,0.0,,,,,,39.0,0.0,0.0,0.0,1.5,0.48,0.0,,,,,,M109A1
us_m109a1,0.0,,,,,,104.0,32.5,0.05,0.02,1.1,0.48,0.0,,,,,,M109A1
germ_m109g,0.0,,,,,,57.0,0.0,0.0,0.0,1.0,0.32,0.0,,,,,,M109G
us_m1128_wolfpack,0.0,,,,,,872.0,55.2,0.0,0.0,1.49,1.0,0.0,,,,,,M1128_Wolfpack
it_m113a1_tow,0.0,,,,,,21.0,100.0,0.0,0.0,1.0,0.14,0.0,,,,,,M113A1_(TOW)
us_halftrack_m13,0.0,,,,,,0.0,,,,,,0.0,,,,,,M13_MGMC
it_m13_40_serie_2,0.0,,,,,,0.0,,,,,,0.0,,,,,,M13/40_(II)
it_m13_40_serie_3,0.0,,,,,,0.0,,,,,,0.0,,,,,,M13/40_(III)
it_m14_41,0.0,,,,,,5.0,,,0.0,,4.0,0.0,,,,,,M14/41
us_halftrack_m15,0.0,,,,,,0.0,,,,,,0.0,,,,,,M15_CGMC
it_m15_42,0.0,,,,,,17.0,100.0,0.0,0.0,1.0,2.0,0.0,,,,,,M15/42
us_halftrack_m16,0.0,,,,,,21.0,,,,,,0.0,,,,,,M16_MGMC
us_m163_vulcan,0.0,,,,,,274.0,50.67,0.35,0.28,0.0,0.0,0.0,,,,,,M163
jp_m163_vulcan,0.0,,,,,,177.0,70.05,0.83,1.22,0.19,0.28,0.0,,,,,,M163
jp_m19,0.0,,,,,,48.0,22.73,1.09,0.67,0.68,0.5,0.0,,,,,,M19A1
uk_m1a1_aim_abrams,0.0,,,,,,0.0,,,,,,0.0,,,,,,M1A1
uk_m1a2_sep3_abrams,0.0,,,,,,43.0,54.17,0.0,0.0,2.88,2.04,0.0,,,,,,M1A2
us_m24_chaffee_tl,0.0,,,,,,25.0,50.0,0.0,0.0,1.0,3.0,0.0,,,,,,M24_(TL)
us_m2a2,0.0,,,,,,0.0,,,,,,0.0,,,,,,M2A2
ussr_m3c,0.0,,,,,,0.0,,,,,,0.0,,,,,,M3_Medium
us_m3a1_stuart_usmc,0.0,,,,,,0.0,,,,,,0.0,,,,,,M3A1_(USMC)
it_m3a3_stuart,0.0,,,,,,19.0,100.0,0.0,0.0,1.0,1.0,0.0,,,,,,M3A3
cn_m_41d,0.0,,,,,,22.0,5.56,0.0,0.0,0.78,0.23,0.0,,,,,,M41D
it_semovente_m43_105_leoncello,0.0,,,,,,0.0,,,,,,0.0,,,,,,"M43_""G.C.Leoncello"""
fr_m44,0.0,,,,,,41.0,96.97,0.0,0.0,1.29,1.0,0.0,,,,,,M44
it_m44,0.0,,,,,,59.0,71.15,0.0,0.0,2.1,1.35,0.0,,,,,,M44
uk_m44,0.0,,,,,,3.0,,,,,,0.0,,,,,,M44
it_m47_105,0.0,,,,,,160.0,84.52,0.0,0.0,3.85,1.67,0.0,,,,,,M47_(105/55)
germ_mkpz_m48a2ga2,0.0,,,,,,387.0,36.64,0.0,0.0,1.88,1.32,0.0,,,,,,M48A2_G_A2
us_m4a2_1944,,,,,,,,,,,,,,,,,,,M4A2_(1944)
fr_m4a3e2_sherman_jumbo,0.0,,,,,,62.0,100.0,0.0,0.0,5.83,5.83,0.0,,,,,,M4A3E2
us_m4a5_ram_2,0.0,,,,,,0.0,,,,,,0.0,,,,,,M4A5
us_m551,0.0,,,,,,512.0,63.13,0.0,0.0,1.54,1.08,0.0,,,,,,M551
us_m551_76,0.0,,,,,,301.0,59.04,0.0,0.0,2.35,1.67,0.0,,,,,,M551(76)
us_m5a1_stuart_td,0.0,,,,,,0.0,,,,,,0.0,,,,,,M5A1_TD
us_m60a3_slep,0.0,,,,,,81.0,75.0,0.0,0.0,3.0,2.13,0.0,,,,,,M60_AMBT
it_m60a1_ariete,0.0,,,,,,0.0,,,,,,0.0,,,,,,"M60A1_""D.C.Ariete"""
us_m60a1_rise_mod,0.0,,,,,,29.0,39.39,0.0,0.0,1.33,1.33,0.0,,,,,,M60A1_Predator
us_m6a2e1,0.0,,,,,,66.0,50.0,0.0,0.0,4.72,4.23,0.0,,,,,,M6A2E1
us_m728,0.0,,,,,,3.0,100.0,0.0,0.0,4.0,4.0,0.0,,,,,,M728_CEV
us_m8_scott,0.0,,,,,,0.0,,,,,,0.0,,,,,,M8_HMC
us_m8_greyhound,0.0,,,,,,5.0,,,0.0,,1.0,0.0,,,,,,M8_LAC
il_machbet,0.0,,,,,,48.0,97.06,0.0,0.0,0.0,0.0,0.0,,,,,,Machbet
us_magach_3,0.0,,,,,,16.0,,,0.0,,1.0,0.0,,,,,,Magach_3_(ERA)
il_magach_3,0.0,,,,,,11.0,,,0.0,,1.43,0.0,,,,,,Magach_3_(ERA)
il_magach_6,0.0,,,,,,29.0,50.0,0.0,0.0,1.4,1.95,0.0,,,,,,Magach_6
il_magach_6a,0.0,,,,,,52.0,50.0,0.0,0.0,1.12,1.7,0.0,,,,,,Magach_6A
il_magach_6b,0.0,,,,,,55.0,50.0,0.0,0.0,2.44,2.18,0.0,,,,,,Magach_6B
il_magach_6b_gal,0.0,,,,,,111.0,58.11,0.0,0.0,1.6,1.69,0.0,,,,,,Magach_6B_Gal
il_magach_6m,0.0,,,,,,34.0,89.74,0.0,0.0,0.91,1.0,0.0,,,,,,Magach_6M
il_magach_6r,0.0,,,,,,84.0,91.67,0.0,0.0,3.5,2.41,0.0,,,,,,Magach_6R
fiat_cr42_marcolin,0.0,,,,,,0.0,,,,,,0.0,,,,,,Marcolin's_C.R.42_CN
fiat_cr42_marcolin_italy,0.0,,,,,,0.0,,,,,,0.0,,,,,,Marcolin's_C.R.42_CN
germ_marder_1a3,0.0,,,,,,316.0,34.8,0.0,0.0,0.98,0.68,0.0,,,,,,Marder_1A3
germ_marder_1a1,0.0,,,,,,336.0,24.12,0.09,0.08,0.73,0.69,0.0,,,,,,Marder_A1-
uk_mark_v,0.0,,,,,,0.0,,,,,,0.0,,,,,,Mark_V
martin_139wc,0.0,,,,,,0.0,,,,,,0.0,,,,,,Martin_139WC
maryland_mk1_france,0.0,,,,,,0.0,,,,,,0.0,,,,,,Martin_167-A3
f4f-4_martlet_mk4,0.0,,,,,,13.0,,,,,,0.0,,,,,,Martlet_Mk_IV
uk_matilda_hedgehog,0.0,,,,,,0.0,,,,,,0.0,,,,,,Matilda_Hedgehog
uk_a_12_mk_2_matilda_2,0.0,,,,,,0.0,,,,,,0.0,,,,,,Matilda_III
mb_326b,0.0,,,,,,155.0,84.76,0.0,0.0,5.09,5.35,4.0,,,0.0,,0.5,MB-326B
mb_5,0.0,,,,,,0.0,,,,,,9.0,,,,,,MB.5
mbr-2,0.0,,,,,,0.0,,,,,,0.0,,,,,,MBR-2-M-34
me-163b,0.0,,,,,,0.0,,,,,,0.0,,,,,,Me_163_B
me-163b-0,0.0,,,,,,0.0,,,,,,0.0,,,,,,Me_163_B-0
me_210_v22_japan,0.0,,,,,,0.0,,,,,,0.0,,,,,,Me_210_V22
me-262a-1a_early,0.0,,,,,,84.0,49.4,0.27,0.52,1.34,2.68,0.0,,,,,,Me_262_A-1a/Jabo
me-262a-2a,0.0,,,,,,56.0,86.9,1.92,2.43,1.44,2.61,0.0,,,,,,Me_262_A-2a
me-262c-1a,0.0,,,,,,0.0,,,,,,0.0,,,,,,Me_262_C-1a
me-262c-2b,0.0,,,,,,0.0,,,,,,0.0,,,,,,Me_262_C-2b
me-410a-1_u4,0.0,,,,,,78.0,0.0,0.0,0.0,1.57,0.94,0.0,,,,,,Me_410_A-1/U4
me-410b-1_u2,0.0,,,,,,0.0,,,,,,0.0,,,,,,Me_410_B-1/U2
me-410b-2_u4,0.0,,,,,,23.0,89.13,0.72,0.83,1.15,1.43,0.0,,,,,,Me_410_B-2/U4
us_merkava_mk_1,0.0,,,,,,54.0,50.0,0.0,0.0,1.58,1.75,0.0,,,,,,Merkava_Mk.1
us_merkava_mk_2b_late,0.0,,,,,,28.0,0.0,0.0,0.0,2.33,2.96,0.0,,,,,,Merkava_Mk.2B
us_merkava_mk_3d,0.0,,,,,,52.0,,,0.0,,3.89,0.0,,,,,,Merkava_Mk.3D
il_merkava_mk_4_lic,0.0,,,,,,81.0,38.19,0.0,0.0,3.35,4.22,0.0,,,,,,Merkava_Mk.4_LIC
il_merkava_mk_4b,0.0,,,,,,124.0,82.53,0.0,0.0,4.5,1.58,0.0,,,,,,Merkava_Mk.4B
il_merkava_mk_4m,0.0,,,,,,440.0,78.68,0.01,0.01,6.75,5.68,0.0,,,,,,Merkava_Mk.4M
meteor_fmk3,0.0,,,,,,76.0,25.0,0.17,0.37,0.68,0.87,0.0,,,,,,Meteor_F_Mk_3
meteor_fmk4_lw,0.0,,,,,,52.0,75.83,1.11,1.6,2.07,2.63,0.0,,,,,,Meteor_F_Mk_4_G.41F
meteor_fmk4_sw,0.0,,,,,,0.0,,,,,,0.0,,,,,,Meteor_F_Mk_4_G.41G
meteor_fmk8,0.0,,,,,,14.0,,,0.0,,0.0,0.0,,,,,,Meteor_F_Mk_8_G.41K
meteor_fmk8_belgium,0.0,,,,,,13.0,,,0.31,,0.85,0.0,,,,,,Meteor_F_Mk.8
meteor_fmk8_reaper,0.0,,,,,,10.0,88.89,0.0,0.0,0.9,1.0,0.0,,,,,,Meteor_F_Mk.8_Reaper
me_210a_1,0.0,,,,,,21.0,100.0,2.0,,0.0,,0.0,,,,,,Me_210_A-1
mig-15_ns23,0.0,,,,,,40.0,50.0,0.83,0.22,0.5,0.6,0.0,,,,,,MiG-15
mig-15bis_ish,0.0,,,,,,227.0,66.26,0.59,0.54,2.65,2.22,0.0,,,,,,MiG-15bis_ISH
mig-21_pfm,0.0,,,,,,11.0,50.0,0.33,0.67,0.0,0.0,0.0,,,,,,MiG-21PFM
mig_27k,0.0,,,,,,6.0,,,0.33,,1.33,30.0,100.0,0.0,0.0,0.0,0.0,MiG-27K
mig_27m,0.0,,,,,,39.0,16.67,0.0,0.0,0.33,0.67,12.0,0.0,0.0,0.0,1.0,1.0,MiG-27M
mig_29_9_12_sniper,0.0,,,,,,205.0,59.52,1.6,1.6,0.12,0.18,6.0,,,1.67,,0.0,MiG-29_Sniper
mig_29n,0.0,,,,,,41.0,50.0,1.27,1.43,0.0,0.0,0.0,,,,,,MiG-29N
mig-9,0.0,,,,,,6.0,,,,,,0.0,,,,,,MiG-9
mig-9_ussr,0.0,,,,,,30.0,50.0,1.0,1.57,0.0,0.0,0.0,,,,,,MiG-9_(l)
mirage_milan,0.0,,,,,,22.0,100.0,1.0,0.0,1.0,0.0,0.0,,,,,,Milan
mirage_2000c_s4,0.0,,,,,,46.0,32.5,0.33,0.48,0.33,0.48,4.0,,,1.0,,0.0,Mirage_2000C-S4
mirage_2000c_s5,0.0,,,,,,118.0,29.05,1.8,1.59,0.63,0.49,0.0,,,,,,Mirage_2000C-S5
mirage_2000d_r1,0.0,,,,,,0.0,,,,,,0.0,,,,,,Mirage_2000D-R1
mirage_2000d_rmv,0.0,,,,,,0.0,,,,,,0.0,,,,,,Mirage_2000D-RMV
mirage_4000,0.0,,,,,,89.0,74.22,1.6,2.11,0.59,0.8,0.0,,,,,,Mirage_4000
mirage_5ba,0.0,,,,,,4.0,,,,,,0.0,,,,,,Mirage_5BA
mirage_5f,0.0,,,,,,0.0,,,,,,0.0,,,,,,Mirage_5F
mirage_f1c,0.0,,,,,,16.0,,,0.0,,0.0,0.0,,,,,,Mirage_F1C
mirage_f1c_200,0.0,,,,,,699.0,54.34,1.25,1.47,0.23,0.29,76.0,50.0,5.38,1.76,0.0,0.0,Mirage_F1C-200
mirage_f1ct,0.0,,,,,,0.0,,,,,,28.0,,,1.11,,0.0,Mirage_F1CT
mirage_3c,0.0,,,,,,41.0,82.0,3.44,3.8,0.64,0.64,0.0,,,,,,Mirage_IIIC
mirage_3e,0.0,,,,,,20.0,100.0,1.54,1.23,0.0,0.0,0.0,,,,,,Mirage_IIIE
ussr_a_12_mk_2_matilda_2A_F96,0.0,,,,,,18.0,66.67,0.0,0.0,5.34,8.06,0.0,,,,,,MK-II_«Matilda»
germ_mkpz_m47,0.0,,,,,,0.0,,,,,,0.0,,,,,,mKPz_M47_G
mosquito_fb_mk18,0.0,,,,,,8.0,,,,,,0.0,,,,,,Mosquito_FB_Mk_XVIII
mosquito_b_mk16,0.0,,,,,,2.0,,,0.0,,0.0,0.0,,,,,,Mosquito_B.Mk.XVI
nc_223_3,0.0,,,,,,0.0,,,,,,0.0,,,,,,N.C.223.3
n1k1_kyuofu,0.0,,,,,,0.0,,,,,,0.0,,,,,,N1K1
il_namer_rcws_30,0.0,,,,,,219.0,53.88,0.03,0.04,1.01,1.21,0.0,,,,,,Namer_30
il_namer_tsrikhon,0.0,,,,,,38.0,56.25,0.0,0.0,1.13,1.74,0.0,,,,,,Namer_Tsrikhon
sw_nasams_fcs,0.0,,,,,,48.0,40.0,1.6,1.65,0.0,0.0,0.0,,,,,,NASAMS_3_(СОЦ)
us_nasams_fcs,0.0,,,,,,359.0,65.42,1.46,0.97,0.0,0.0,0.0,,,,,,NASAMS_3_(СОЦ)
fw-190a-8_france,0.0,,,,,,5.0,50.0,0.5,1.0,1.0,2.0,0.0,,,,,,NC.900
nesher,0.0,,,,,,0.0,,,,,,0.0,,,,,,Nesher
f_16a_block_10_netz_mod,0.0,,,,,,124.0,49.71,1.59,1.79,0.08,0.09,24.0,,,0.96,,0.0,Netz_(Mod)
nimrod_mk1,0.0,,,,,,0.0,,,,,,0.0,,,,,,Nimrod_Mk_I
nimrod_mk2,0.0,,,,,,0.0,,,,,,0.0,,,,,,Nimrod_Mk_II
sw_nomads,0.0,,,,,,0.0,,,,,,0.0,,,,,,NOMADS
cn_object_122tm,0.0,,,,,,138.0,68.68,0.0,0.0,4.77,3.0,0.0,,,,,,"Object_122MT_""MC"""
cn_object_211,0.0,,,,,,131.0,68.89,0.0,0.0,1.84,1.3,0.0,,,,,,Object_211
ussr_object_268,0.0,,,,,,218.0,52.67,0.02,0.02,3.07,2.58,0.0,,,,,,Object_268
uk_olifant_mk_1a,0.0,,,,,,661.0,64.74,0.09,0.1,4.48,5.37,0.0,,,,,,Olifant_Mk.1A
os2u_1,0.0,,,,,,0.0,,,,,,0.0,,,,,,OS2U-1
os2u_3,0.0,,,,,,0.0,,,,,,0.0,,,,,,OS2U-3
uk_9a33bm2,0.0,,,,,,42.0,50.0,1.5,3.0,0.0,0.0,0.0,,,,,,Osa-AK
it_9a33bm3,0.0,,,,,,0.0,,,,,,0.0,,,,,,Osa-AKM
it_otomatic,0.0,,,,,,88.0,70.0,0.81,0.65,2.39,2.0,0.0,,,,,,OTOMATIC
germ_wiesel_2_adwc,0.0,,,,,,139.0,28.5,1.14,1.59,0.0,0.0,0.0,,,,,,Ozelot
p-26a_33,0.0,,,,,,0.0,,,,,,0.0,,,,,,P-26A-33
p-26a_34,0.0,,,,,,0.0,,,,,,0.0,,,,,,P-26A-34
p-38k,0.0,,,,,,17.0,100.0,1.75,,2.0,,0.0,,,,,,P-38K
p-39q_15,0.0,,,,,,0.0,,,,,,0.0,,,,,,P-39Q-15
p-39q_5,0.0,,,,,,5.0,100.0,2.0,2.0,2.0,2.0,0.0,,,,,,P-39Q-5
p-40c,0.0,,,,,,0.0,,,,,,0.0,,,,,,P-40C
p-40e_td,0.0,,,,,,0.0,,,,,,0.0,,,,,,P-40E-1_TD
p-40f-5_france_ep,0.0,,,,,,0.0,,,,,,0.0,,,,,,P-40F-5_Lafayette
p-43a-1,0.0,,,,,,0.0,,,,,,0.0,,,,,,P-43A-1
p-47d_16_re_germany,0.0,,,,,,5.0,,,1.0,,1.0,0.0,,,,,,P-47D-16-RE
p-51a_tl,0.0,,,,,,53.0,31.25,0.69,0.55,0.75,0.83,0.0,,,,,,P-51A
p-51c-11-nt_japan,0.0,,,,,,0.0,,,,,,0.0,,,,,,P-51C-11-NT
p-51h-5_na,0.0,,,,,,123.0,50.89,0.77,1.64,1.03,2.25,10.0,,,3.0,,0.0,P-51H-5-NA
p-59a,0.0,,,,,,30.0,100.0,0.64,0.64,0.0,0.0,0.0,,,,,,P-59A
p-66,0.0,,,,,,0.0,,,,,,0.0,,,,,,P-66
p_108b_serie1,0.0,,,,,,0.0,,,,,,0.0,,,,,,P.108B_serie_1
p_108b_serie2,0.0,,,,,,0.0,,,,,,0.0,,,,,,P.108B_serie_2
fr_citroen_kegresse_p4t,0.0,,,,,,0.0,,,,,,0.0,,,,,,P.7.T_AA
p1y1_mod11,0.0,,,,,,22.0,100.0,0.0,,0.0,,0.0,,,,,,P1Y1_mod._11
it_p_40,0.0,,,,,,61.0,50.0,0.0,0.0,4.89,4.72,21.0,100.0,0.0,0.0,1.0,1.0,P40
d_510,0.0,,,,,,0.0,,,,,,0.0,,,,,,Pallier's_D.510
it_palmaria,0.0,,,,,,17.0,,,0.0,,2.0,0.0,,,,,,Palmaria
pb4y-2_france,0.0,,,,,,0.0,,,,,,0.0,,,,,,PB4Y-2
pbj_1h,0.0,,,,,,0.0,,,,,,0.0,,,,,,PBJ-1H
pbm_1,0.0,,,,,,0.0,,,,,,0.0,,,,,,"PBM-1_""Mariner"""
pbm_3,0.0,,,,,,0.0,,,,,,0.0,,,,,,"PBM-3_""Mariner"""
sw_pbv_301,0.0,,,,,,30.0,0.0,0.17,0.08,0.19,0.11,0.0,,,,,,Pbv_301
sw_pbv_302_bill,0.0,,,,,,131.0,46.67,0.0,0.0,1.19,1.3,0.0,,,,,,Pbv_302_(BILL)
pby-5,0.0,,,,,,0.0,,,,,,0.0,,,,,,PBY-5_Catalina
pby-5a,0.0,,,,,,0.0,,,,,,0.0,,,,,,PBY-5A_Catalina
pby-5a_ussr,0.0,,,,,,0.0,,,,,,0.0,,,,,,PBY-5A_Catalina
pby-5a_late_france,0.0,,,,,,0.0,,,,,,0.0,,,,,,PBY-5A_Late
pe-2-110,0.0,,,,,,0.0,,,,,,0.0,,,,,,Pe-2-110
cn_pgz_04a,0.0,,,,,,73.0,72.62,0.29,1.11,0.21,0.0,0.0,,,,,,PGZ04A
cn_pgz_88,0.0,,,,,,42.0,67.5,0.68,0.57,1.77,1.72,0.0,,,,,,PGZ88
ussr_type_65_aa,0.0,,,,,,9.0,,,,,,0.0,,,,,,Phòng_không_T-34
spitfire_ix_plagis,0.0,,,,,,11.0,,,0.89,,0.44,5.0,,,,,,Plagis'_Spitfire_LF_Mk_IXc
cn_plz_83,0.0,,,,,,33.0,0.0,0.0,0.0,1.38,1.38,0.0,,,,,,PLZ83
cn_plz_83_130,0.0,,,,,,72.0,100.0,0.5,0.15,3.1,2.2,0.0,,,,,,PLZ83-130
po-2,0.0,,,,,,0.0,,,,,,0.0,,,,,,Po-2
po-2_nw,,,,,,,,,,,,,,,,,,,Po-2_Night_Witch
po-2m,0.0,,,,,,0.0,,,,,,0.0,,,,,,Po-2M
potez_630,0.0,,,,,,0.0,,,,,,0.0,,,,,,Potez_630
potez_631,0.0,,,,,,0.0,,,,,,0.0,,,,,,Potez_631
potez_633,0.0,,,,,,0.0,,,,,,0.0,,,,,,Potez_633
spitfire_fr_mk14e,0.0,,,,,,0.0,,,,,,0.0,,,,,,Prendergast's_Spitfire_FR_Mk_XIVe
ussr_pt_76_57,0.0,,,,,,117.0,75.0,0.0,0.0,3.48,2.87,0.0,,,,,,PT-76-57
cn_ptl_02,0.0,,,,,,148.0,62.28,0.0,0.0,1.61,1.18,0.0,,,,,,PTL02
cn_ptz_89,0.0,,,,,,80.0,34.85,0.0,0.0,1.95,1.61,0.0,,,,,,PTZ89
germ_schutzenpanzer_puma,0.0,,,,,,242.0,57.78,0.0,0.0,2.8,1.07,0.0,,,,,,PUMA
germ_schutzenpanzer_puma_vjtf_mod,0.0,,,,,,8.0,,,0.0,,1.25,0.0,,,,,,Puma_u14
germ_schutzenpanzer_puma_vjtf,0.0,,,,,,399.0,32.51,0.0,0.0,0.96,0.86,0.0,,,,,,PUMA_VJTF
sw_pvkv_III,0.0,,,,,,44.0,,,0.0,,0.92,0.0,,,,,,Pvkv_III
sw_pvlvv_fm42,0.0,,,,,,3.0,,,,,,0.0,,,,,,Pvlvv_fm/42
sw_pvrbv_551,0.0,,,,,,97.0,47.92,0.0,0.0,2.34,1.51,0.0,,,,,,Pvrbv_551
germ_pzkpfw_38t_ausf_F,0.0,,,,,,0.0,,,,,,0.0,,,,,,Pz.38(t)_F
germ_pzkpfw_II_ausf_C_td,0.0,,,,,,0.0,,,,,,0.0,,,,,,Pz.II_C_TD
germ_pzkpfw_III_ausf_J_td,0.0,,,,,,0.0,,,,,,0.0,,,,,,Pz.III_J1_TD
it_pzkpfw_III_ausf_N,0.0,,,,,,13.0,,,0.0,,1.0,0.0,,,,,,Pz.III_N
germ_pzkpfw_III_ausf_L,0.0,,,,,,26.0,,,0.0,,1.46,9.0,100.0,0.0,0.0,2.0,1.2,Pz.III_L
germ_pzkpfw_II_ausf_C,0.0,,,,,,0.0,,,,,,0.0,,,,,,Pz.II_C
germ_pzkpfw_II_ausf_F,0.0,,,,,,0.0,,,,,,0.0,,,,,,Pz.II_F
germ_pzkpfw_II_ausf_H,0.0,,,,,,37.0,50.0,0.0,0.0,1.71,1.5,0.0,,,,,,Pz.II_H
germ_pzkpfw_II_ausf_C_DAK,0.0,,,,,,0.0,,,,,,0.0,,,,,,Pz.II_С_(DAK)
germ_infanterie_kampfpanzer_churchill,0.0,,,,,,0.0,,,,,,0.0,,,,,,Pz.Kpfw._Churchill
germ_amd_35_kwk,0.0,,,,,,0.0,,,,,,0.0,,,,,,Pz.Sp.Wg.P204(f)_KwK
germ_amd_35_kwk39,0.0,,,,,,18.0,100.0,0.0,0.0,2.6,2.17,0.0,,,,,,Pz.Sp.Wg.P204(f)_PaK
q_5_early,0.0,,,,,,0.0,,,,,,0.0,,,,,,Q-5_early
q_5l,0.0,,,,,,20.0,50.0,0.0,0.0,1.0,1.75,11.0,,,0.0,,0.0,Q-5L
quing_6,0.0,,,,,,0.0,,,,,,0.0,,,,,,Qing-6
cn_qn506,0.0,,,,,,34.0,53.33,0.0,0.0,0.46,0.53,0.0,,,,,,QN506
fr_renault_r39,0.0,,,,,,0.0,,,,,,0.0,,,,,,R.35_(SA38)
r2y2_v1,0.0,,,,,,0.0,,,,,,0.0,,,,,,R2Y2_Kai_V1
r2y2_v2,0.0,,,,,,0.0,,,,,,0.0,,,,,,R2Y2_Kai_V2
r2y2_kai,0.0,,,,,,18.0,,,0.0,,2.0,0.0,,,,,,R2Y2_Kai_V3
it_oto_r3_106sr,0.0,,,,,,98.0,95.56,0.0,0.0,3.6,1.45,0.0,,,,,,R3_T106_FA
it_oto_r3_t20_fa,0.0,,,,,,100.0,93.06,0.21,0.11,0.33,0.23,0.0,,,,,,R3_T20_FA-HS
germ_th_400,0.0,,,,,,160.0,47.0,0.0,0.0,1.57,1.26,0.0,,,,,,R400
germ_raketenjagdpanzer_2,0.0,,,,,,20.0,,,,,,0.0,,,,,,RakJPz_2
germ_raketenjagdpanzer_2_hot,0.0,,,,,,48.0,16.67,0.0,0.0,0.0,0.0,0.0,,,,,,RakJPz_2_(HOT)
uk_cruiser_ram_1,0.0,,,,,,46.0,100.0,0.0,0.0,4.78,2.92,0.0,,,,,,Ram_I
uk_tracked_rapier,0.0,,,,,,97.0,50.0,4.39,5.52,0.0,0.0,0.0,,,,,,Rapier
p-36a_rasmussen,0.0,,,,,,0.0,,,,,,0.0,,,,,,Rasmussen's_P-36A
uk_ratel_20,0.0,,,,,,27.0,50.0,0.0,0.0,0.64,0.97,0.0,,,,,,Ratel_20
uk_ratel_90,0.0,,,,,,92.0,87.86,0.0,0.0,3.46,2.1,0.0,,,,,,Ratel_90
re_2000_int,0.0,,,,,,0.0,,,,,,0.0,,,,,,Re.2000_serie_1
re_2001_cb,0.0,,,,,,4.0,,,,,,0.0,,,,,,Re.2001_CB
re_2001_serie1,0.0,,,,,,18.0,,,0.0,,0.0,0.0,,,,,,Re.2001_serie_1
re_2005_vdm,0.0,,,,,,41.0,90.0,1.43,1.08,1.97,1.69,0.0,,,,,,Re.2005_(VDM)
jp_type_95_heavy,0.0,,,,,,0.0,,,,,,0.0,,,,,,Ro-Go
jp_hiro_sha,0.0,,,,,,0.0,,,,,,0.0,,,,,,Ro-Go_Exp.
ro_43,,,,,,,,,,,,,,,,,,,Ro.43
ro_44,0.0,,,,,,0.0,,,,,,0.0,,,,,,Ro.44
ro_57_quadriarma,0.0,,,,,,7.0,,,,,,0.0,,,,,,Ro.57_Quadriarma
fr_amx_30_roland,0.0,,,,,,125.0,36.42,1.17,0.95,0.0,0.0,0.0,,,,,,Roland_1
uk_rooikat_105_td,0.0,,,,,,305.0,61.4,0.0,0.0,2.58,1.58,0.0,,,,,,Rooikat_105
uk_rooikat_76,0.0,,,,,,222.0,55.54,0.0,0.0,2.47,1.83,0.0,,,,,,Rooikat_Mk.1D
uk_rooikat_mttd,0.0,,,,,,81.0,77.59,0.0,0.0,5.69,3.29,0.0,,,,,,Rooikat_MTTD
s_81_ar125,0.0,,,,,,6.0,,,,,,0.0,,,,,,S.81
sm_79_1941,0.0,,,,,,0.0,,,,,,0.0,,,,,,S.M.79_AS
sm_79_iar,0.0,,,,,,0.0,,,,,,0.0,,,,,,S.M.79_B
sm_79_iar_italy,0.0,,,,,,0.0,,,,,,0.0,,,,,,S.M.79_B
sm_79_1942,0.0,,,,,,0.0,,,,,,0.0,,,,,,S.M.79_bis/N
sm_79_1943,0.0,,,,,,0.0,,,,,,0.0,,,,,,S.M.79_bis/T.M
sm_79_1936,0.0,,,,,,0.0,,,,,,0.0,,,,,,S.M.79_serie_1
sm_79_1936_italy,0.0,,,,,,0.0,,,,,,0.0,,,,,,S.M.79_serie_1
sm_79_1937,0.0,,,,,,0.0,,,,,,0.0,,,,,,S.M.79_serie_4
sm_79_1939,0.0,,,,,,0.0,,,,,,0.0,,,,,,S.M.79_serie_8
so_4050_vautour_2n,0.0,,,,,,0.0,,,,,,0.0,,,,,,S.O.4050_Vautour_IIN
so_4050_vautour_2n_late,0.0,,,,,,59.0,100.0,3.79,6.2,0.0,0.0,0.0,,,,,,S.O.4050_Vautour_IIN_(late)
so_8000_narval,0.0,,,,,,15.0,100.0,1.0,1.0,0.25,0.13,0.0,,,,,,S.O.8000_Narval
saab_b17bs,0.0,,,,,,0.0,,,,,,0.0,,,,,,S17BS
md_460_saar,0.0,,,,,,0.0,,,,,,0.0,,,,,,Sa'ar
saab_f35_wdns,0.0,,,,,,6.0,0.0,0.0,0.8,1.0,0.2,0.0,,,,,,Saab_F-35
saab_j35xs,0.0,,,,,,171.0,56.04,2.79,2.95,3.58,3.42,0.0,,,,,,Saab_J35XS
saab_105g,0.0,,,,,,101.0,69.94,0.04,0.04,3.16,2.78,0.0,,,,,,SAAB-105G
saab_105oe,0.0,,,,,,0.0,,,,,,0.0,,,,,,SAAB-105OE
sagittario_2,0.0,,,,,,41.0,100.0,3.08,3.5,2.92,2.5,2.0,,,3.0,,0.0,Sagittario_2
md_460_sambad,0.0,,,,,,0.0,,,,,,0.0,,,,,,Sambad
uk_sarc_mk4_a,0.0,,,,,,0.0,,,,,,0.0,,,,,,SARC_MkIVa
uk_marmon_herrington_mk_6_6pdr,0.0,,,,,,86.0,43.33,0.0,0.0,1.02,0.82,0.0,,,,,,SARC_MkVI_(6pdr)
fr_somua_sau40,0.0,,,,,,0.0,,,,,,0.0,,,,,,SAu_40
sb_2m_100,0.0,,,,,,0.0,,,,,,0.0,,,,,,SB_2M-100
sb_2m_103_mv3,0.0,,,,,,0.0,,,,,,0.0,,,,,,SB_2M-103_MV-3
sb_2m_103u,0.0,,,,,,0.0,,,,,,0.0,,,,,,SB_2M-103U
sb_2m_103u_mv3,0.0,,,,,,0.0,,,,,,0.0,,,,,,SB_2M-103U_MV-3
sb2u-3,0.0,,,,,,0.0,,,,,,0.0,,,,,,SB2U-3
scimitar_f1,0.0,,,,,,16.0,,,0.0,,0.0,0.0,,,,,,Scimitar_F_Mk.1
germ_sdkfz_221_s_pz_b_41,0.0,,,,,,0.0,,,,,,0.0,,,,,,Sd.Kfz.221_(s.Pz.B.41)
germ_sdkfz_222,0.0,,,,,,36.0,,,0.0,,0.39,0.0,,,,,,Sd.Kfz.222
germ_sdkfz_234_2_mod,0.0,,,,,,64.0,39.81,0.0,0.0,1.66,1.34,2.0,,,0.0,,0.0,"Sd.Kfz.234/2_""Biene"""
germ_sdkfz_234_2_td,0.0,,,,,,7.0,,,0.0,,1.0,0.0,,,,,,Sd.Kfz.234/2_TD
germ_sdkfz_234_3,0.0,,,,,,7.0,0.0,0.0,0.0,1.0,1.0,0.0,,,,,,Sd.Kfz.234/3
germ_sdkfz_234_4,0.0,,,,,,33.0,50.0,0.0,0.0,4.0,3.27,0.0,,,,,,Sd.Kfz.234/4
germ_sdkfz_251_10,0.0,,,,,,2.0,,,0.0,,1.0,0.0,,,,,,Sd.Kfz.251/10
germ_sdkfz_251_22,0.0,,,,,,39.0,50.0,0.0,0.0,3.42,2.9,0.0,,,,,,Sd.Kfz.251/22
germ_pzkpfw_38t_Aufklarungspanzer,0.0,,,,,,13.0,,,,,,0.0,,,,,,Sd.Kfz._140/1
gladiator_mk2_navy,0.0,,,,,,0.0,,,,,,0.0,,,,,,Sea_Gladiator_Mk_I
sea_hawk_fga6,0.0,,,,,,9.0,,,0.0,,0.0,0.0,,,,,,Sea_Hawk_FGA.6
sea_hawk_fga50_netherlands,0.0,,,,,,207.0,56.38,1.6,2.32,1.88,2.84,8.0,,,,,,Sea_Hawk_Mk.50
hurricane_mk1b,0.0,,,,,,0.0,,,,,,0.0,,,,,,Sea_Hurricane_Mk_IB
meteor_fmk3_navy,0.0,,,,,,92.0,48.62,0.9,1.73,0.85,1.6,0.0,,,,,,Sea_Meteor_F_Mk_3
sea_venom_faw20,0.0,,,,,,0.0,,,,,,0.0,,,,,,Sea_Venom_FAW_20
dh_110_sea_vixen,0.0,,,,,,33.0,90.0,3.63,1.5,0.0,0.0,3.0,,,1.0,,0.0,Sea_Vixen_F.A.W._Mk.2
seafire_fr47,0.0,,,,,,0.0,,,,,,0.0,,,,,,Seafire_FR_47
seafire_mk3,0.0,,,,,,0.0,,,,,,0.0,,,,,,Seafire_LF_Mk.III
shackleton_mr_mk_2,0.0,,,,,,0.0,,,,,,0.0,,,,,,Shackleton_MR.Mk.2
mirage_3cj,0.0,,,,,,9.0,100.0,1.5,2.0,0.5,1.0,0.0,,,,,,Shahak
mig-17_f5,0.0,,,,,,21.0,,,1.0,,0.0,0.0,,,,,,Shenyang_F-5
us_m4a3e8_76w_sherman_kit_3rank,0.0,,,,,,160.0,73.91,0.01,0.01,4.31,2.83,0.0,,,,,,Sherman_(Hell)
il_centurion_shot_kal_alef,0.0,,,,,,55.0,66.67,0.0,0.0,2.33,3.22,0.0,,,,,,Sho't_Kal_Alef
uk_centurion_shot_kal_d,0.0,,,,,,0.0,,,,,,0.0,,,,,,Sho't_Kal_Dalet
il_sholef,0.0,,,,,,29.0,0.0,0.0,0.0,3.0,2.66,0.0,,,,,,Sholef
ussr_9p149,0.0,,,,,,55.0,56.25,0.0,0.0,1.85,1.66,0.0,,,,,,Shturm-S
it_otobreda_sidam_25,0.0,,,,,,66.0,50.0,0.0,0.0,0.0,0.0,0.0,,,,,,SIDAM_25
saab_sk60b,0.0,,,,,,122.0,56.33,0.17,0.08,3.06,3.41,0.0,,,,,,SK60B
uk_skink_aa,0.0,,,,,,54.0,15.22,0.35,0.31,0.15,0.27,0.0,,,,,,Skink
us_skink_aa_kit_3rank,0.0,,,,,,21.0,54.55,0.83,1.5,0.08,0.14,0.0,,,,,,Skink_(Hell)
uk_sky_sabre_fcs,0.0,,,,,,91.0,61.11,1.98,2.06,0.0,0.0,0.0,,,,,,Sky_Sabre_(СОЦ)
soc_1,,,,,,,,,,,,,,,,,,,SOC-1
spitfire_mk18e,0.0,,,,,,70.0,100.0,1.0,1.2,4.3,5.2,0.0,,,,,,Spitfire_F_Mk_XVIIIe
spitfire_mk5b_float,0.0,,,,,,12.0,100.0,3.0,3.0,0.0,0.0,0.0,,,,,,Spitfire_Mk.Vb_(Float)
sw_stormpjas_fm43_44,0.0,,,,,,0.0,,,,,,0.0,,,,,,Spj_fm/43-44
il_spyder_aio,0.0,,,,,,83.0,27.5,1.1,0.87,0.0,0.0,0.0,,,,,,SPYDER
germ_spz_12_3,0.0,,,,,,24.0,50.0,0.0,0.0,1.0,2.0,0.0,,,,,,SPz_12-3_LGS
fr_saint_chamond,0.0,,,,,,12.0,,,0.0,,3.0,0.0,,,,,,St-Chamond
uk_t17e2,0.0,,,,,,0.0,,,,,,0.0,,,,,,Staghound_AA
jp_stingray,0.0,,,,,,268.0,64.28,0.0,0.0,1.76,1.71,0.0,,,,,,Stingray
stirling_mk1,0.0,,,,,,0.0,,,,,,0.0,,,,,,Stirling_B_Mk_I
stirling_mk3,0.0,,,,,,0.0,,,,,,0.0,,,,,,Stirling_B_Mk_III
uk_stormer_air_defence,0.0,,,,,,165.0,37.22,1.16,0.9,0.0,0.0,0.0,,,,,,Stormer_AD
uk_stormer_hvm,0.0,,,,,,4.0,0.0,0.0,0.0,0.0,0.0,0.0,,,,,,Stormer_HVM
strikemaster_mk88,0.0,,,,,,93.0,67.39,0.21,0.21,4.28,4.63,0.0,,,,,,Strikemaster_Mk.88
uk_fv102_striker,0.0,,,,,,27.0,50.0,0.0,0.0,0.5,0.25,0.0,,,,,,Striker
sw_strv_103_0,0.0,,,,,,85.0,50.0,0.0,0.0,3.9,3.21,0.0,,,,,,Strv_103-0
sw_strv_103c,0.0,,,,,,68.0,46.97,0.0,0.0,1.7,2.0,0.0,,,,,,Strv_103С
sw_strv_105,0.0,,,,,,333.0,67.83,0.0,0.0,2.41,2.07,0.0,,,,,,Strv_105
sw_strv_121,0.0,,,,,,475.0,51.58,0.0,0.0,2.18,1.73,0.0,,,,,,Strv_121
sw_strv_81_rb52,0.0,,,,,,1.0,,,0.0,,0.0,0.0,,,,,,Strv_81_(RB_52)
uk_centurion_mk_3_ss11,0.0,,,,,,0.0,,,,,,0.0,,,,,,Strv_81_(RB_52)
sw_strv_m39_td,0.0,,,,,,0.0,,,,,,0.0,,,,,,Strv_m/39_TD
sw_strv_m41_s1,0.0,,,,,,0.0,,,,,,0.0,,,,,,Strv_m/41_S-I
us_m5a1_stuart_canadian_5st_arm,0.0,,,,,,0.0,,,,,,0.0,,,,,,Stuart_VI_(5th_CAD)
germ_stug_III_ausf_A,0.0,,,,,,1.0,,,,,,0.0,,,,,,StuG_III_A
ussr_su_100Y,0.0,,,,,,9.0,,,,,,0.0,,,,,,SU-100Y
ussr_su_122P,0.0,,,,,,6.0,0.0,0.0,0.0,1.0,1.0,0.0,,,,,,SU-122P
su_25tm,0.0,,,,,,629.0,73.54,0.3,0.28,2.57,2.65,64.0,,,0.76,,0.76,Su-39
ussr_su_57,0.0,,,,,,16.0,,,0.0,,1.0,0.0,,,,,,SU-57
ussr_su_57b,0.0,,,,,,0.0,,,,,,0.0,,,,,,SU-57B
ussr_su_76d,0.0,,,,,,0.0,,,,,,0.0,,,,,,SU-76D
ussr_su_76m_1943,0.0,,,,,,2.0,,,0.0,,0.0,0.0,,,,,,SU-76M
ussr_su_76m_5st_kav_corps,0.0,,,,,,0.0,,,,,,0.0,,,,,,SU-76M_(5th_Gv.Kav.Corps)
su-7bmk,0.0,,,,,,23.0,,,0.64,,1.29,0.0,,,,,,Su-7BMK
ussr_su_85a,0.0,,,,,,0.0,,,,,,0.0,,,,,,SU-85A
su-9,0.0,,,,,,146.0,47.22,1.04,0.75,2.15,1.45,0.0,,,,,,Su-9
sunderland_mk3a,0.0,,,,,,0.0,,,,,,0.0,,,,,,Sunderland_Mk_IIIa
sunderland_mk5,0.0,,,,,,0.0,,,,,,0.0,,,,,,Sunderland_Mk_V
super_etendard_97,0.0,,,,,,31.0,50.79,0.2,0.94,2.76,6.94,0.0,,,,,,Super_Etendard
swift_f1,0.0,,,,,,125.0,52.88,0.86,2.73,0.08,0.13,0.0,,,,,,Swift_F.1
swift_f7,0.0,,,,,,110.0,56.61,1.54,1.76,1.35,1.53,0.0,,,,,,Swift_F.7
swordfish_mk1,0.0,,,,,,0.0,,,,,,0.0,,,,,,Swordfish_Mk_I
swordfish_mk2,0.0,,,,,,0.0,,,,,,0.0,,,,,,Swordfish_Mk_II
ussr_t_10a,0.0,,,,,,47.0,87.5,0.0,0.0,5.95,3.43,0.0,,,,,,T-10A
ussr_t_126sp,0.0,,,,,,0.0,,,,,,0.0,,,,,,T-126
cn_t_26_no531,0.0,,,,,,17.0,,,,,,0.0,,,,,,T-26_No.531
ussr_t_26E,0.0,,,,,,0.0,,,,,,0.0,,,,,,T-26E
ussr_t_26_1940_1st_GvTBr,0.0,,,,,,0.0,,,,,,0.0,,,,,,T-26_(1st_Gv.T.Br.)
ussr_t_34_1940_l_11,0.0,,,,,,0.0,,,,,,0.0,,,,,,T-34_(Prototype)
sw_t_50_fin,0.0,,,,,,0.0,,,,,,0.0,,,,,,T-50
ussr_t_70_1942,0.0,,,,,,0.0,,,,,,0.0,,,,,,T-70
sw_t_72m1,0.0,,,,,,366.0,65.06,0.0,0.0,2.54,2.38,0.0,,,,,,T-72M1
ussr_t_72m2_moderna,0.0,,,,,,268.0,71.41,0.0,0.0,4.81,3.0,0.0,,,,,,T-72M2_Moderna
ussr_pzkpfw_III_ausf_J_L42,0.0,,,,,,10.0,100.0,0.0,0.0,3.5,2.9,0.0,,,,,,T-III
us_t114,0.0,,,,,,51.0,100.0,0.0,0.0,7.0,3.18,0.0,,,,,,T114
us_t28,0.0,,,,,,0.0,,,,,,0.0,,,,,,T28
us_t32e1,0.0,,,,,,49.0,82.14,0.0,0.0,4.26,4.0,0.0,,,,,,T32E1
us_t54e1,0.0,,,,,,27.0,100.0,0.0,0.0,4.33,4.04,0.0,,,,,,T54E1
us_t54e2,0.0,,,,,,12.0,,,,,,0.0,,,,,,T54E2
us_t55e1,0.0,,,,,,96.0,80.21,0.0,0.0,6.73,3.0,0.0,,,,,,T55E1
us_t86,0.0,,,,,,82.0,52.22,0.0,0.0,2.29,1.82,0.0,,,,,,T86
ta-152c,0.0,,,,,,0.0,,,,,,0.0,,,,,,Ta_152_C-3
ta-152h-1,0.0,,,,,,2.0,,,,,,0.0,,,,,,Ta_152_H-1
jp_type_98_ta_se,0.0,,,,,,0.0,,,,,,0.0,,,,,,Ta-Se
ki_61_1a_hei_ep,0.0,,,,,,25.0,100.0,0.71,0.68,2.02,1.98,0.0,,,,,,Tada's_Ki-61-I_hei
jp_type_81_tansam_launcher,,,,,,,,,,,,,,,,,,,Tan-SAM_Kai_(СОУ)
jp_type_81_tansam_fcs,0.0,,,,,,21.0,42.86,0.57,0.83,0.0,0.0,0.0,,,,,,Tan-SAM_Kai_(СОЦ)
tb_3_m17_32,0.0,,,,,,0.0,,,,,,0.0,,,,,,TB-3M-17-32
tempest_mkv_luftwaffe,0.0,,,,,,25.0,70.83,1.83,2.42,1.0,1.25,0.0,,,,,,Tempest_Mk_V
tempest_mkv_vikkers,0.0,,,,,,0.0,,,,,,0.0,,,,,,Tempest_Mk_V_(Vickers_P)
f2a-1_thach,0.0,,,,,,0.0,,,,,,0.0,,,,,,Thach's_F2A-1
il_tiran_4_sh,0.0,,,,,,61.0,18.75,0.0,0.0,1.71,1.33,0.0,,,,,,Tiran_4S
il_tiran_6,0.0,,,,,,116.0,79.55,0.0,0.0,3.15,2.11,0.0,,,,,,Tiran_6
uk_tog_2,0.0,,,,,,19.0,100.0,0.0,0.0,5.5,3.1,0.0,,,,,,TOG_II
it_toldi_II_a,0.0,,,,,,0.0,,,,,,0.0,,,,,,Toldi_IIA
tornado_adv,0.0,,,,,,15.0,,,1.0,,0.0,9.0,,,1.0,,0.0,Tornado_ADV
tornado_ids_it,0.0,,,,,,26.0,0.0,0.0,0.0,1.0,0.5,0.0,,,,,,Tornado_IDS
tornado_ids_it_mod95,0.0,,,,,,0.0,,,,,,0.0,,,,,,Tornado_IDS_(1995)
tornado_ids_it_ret8,0.0,,,,,,14.0,100.0,0.0,0.0,3.0,3.0,0.0,,,,,,Tornado_IDS_MLU_(RET.8)
ussr_tor_m1,0.0,,,,,,48.0,,,1.2,,0.0,0.0,,,,,,Toр-M1
fr_tpk_641_vpc,0.0,,,,,,99.0,88.61,0.33,0.33,0.11,0.13,0.0,,,,,,TPK_6.41
tu_4,0.0,,,,,,0.0,,,,,,0.0,,,,,,Tu-4
gladiator_mk2_tuck,0.0,,,,,,0.0,,,,,,0.0,,,,,,Tuck's_Gladiator_Mk_II
it_40m_turan_1,0.0,,,,,,0.0,,,,,,0.0,,,,,,Turan_I
jp_type_03_chusam_fcs,0.0,,,,,,106.0,83.33,0.38,0.17,0.0,0.0,0.0,,,,,,Type_03_(СОЦ)
cn_type_59,0.0,,,,,,120.0,66.09,0.0,0.0,3.56,2.56,0.0,,,,,,Type_59
jp_type_60_atm,0.0,,,,,,7.0,100.0,0.0,0.0,1.0,1.0,0.0,,,,,,Type_60_ATM
jp_type_60_sprg,0.0,,,,,,278.0,67.5,0.0,0.0,2.74,1.85,0.0,,,,,,Type_60_SPRG_(C)
jp_type_61_mod,0.0,,,,,,204.0,58.45,0.0,0.0,1.58,1.59,0.0,,,,,,Type_61_(B)
ussr_type_62,0.0,,,,,,3.0,,,0.0,,3.0,0.0,,,,,,Type_62
cn_type_62,0.0,,,,,,126.0,60.0,0.0,0.0,1.11,1.1,0.0,,,,,,Type_62
cn_type_69,0.0,,,,,,197.0,74.47,0.0,0.0,5.59,3.33,0.0,,,,,,Type_69
cn_type_69_2a,0.0,,,,,,19.0,100.0,0.0,0.0,5.0,4.65,0.0,,,,,,Type_69-IIa
jp_type_74_c,0.0,,,,,,147.0,73.12,0.0,0.0,6.1,3.97,0.0,,,,,,Type_74_(C)
jp_type_74_mod_g_kai,0.0,,,,,,319.0,51.83,0.0,0.0,3.03,2.67,0.0,,,,,,Type_74_(G)
jp_type_74_red_star,0.0,,,,,,443.0,57.31,0.0,0.0,1.89,1.28,0.0,,,,,,Type_74_Red_Star
jp_type_75_mlrs,0.0,,,,,,14.0,,,0.0,,1.0,0.0,,,,,,Type_75_MLRS
jp_type_87_rcv_prot,0.0,,,,,,246.0,59.42,0.12,0.12,1.87,1.81,0.0,,,,,,Type_87_RCV_(P)
jp_type_94,0.0,,,,,,22.0,54.55,0.55,1.0,3.14,5.86,0.0,,,,,,Type_94
sw_udes_33,0.0,,,,,,131.0,51.03,0.0,0.0,1.01,1.01,0.0,,,,,,UDES_33
us_m551_football,,,,,,,,,,,,,,,,,,,us_m551_football
ussr_m551_football,,,,,,,,,,,,,,,,,,,ussr_m551_football
v_11g,0.0,,,,,,0.0,,,,,,0.0,,,,,,V-11
v_12d,0.0,,,,,,0.0,,,,,,0.0,,,,,,V-12D
v_156_b1,0.0,,,,,,0.0,,,,,,0.0,,,,,,V-156-B1
v_156_f,0.0,,,,,,0.0,,,,,,0.0,,,,,,V-156-F
uk_valentine_mk_1,0.0,,,,,,0.0,,,,,,0.0,,,,,,Valentine_I
vampire_fb5,0.0,,,,,,0.0,,,,,,0.0,,,,,,Vampire_F.B.5
vampire_fb52_finland,0.0,,,,,,59.0,53.33,0.0,0.0,0.0,0.0,0.0,,,,,,Vampire_FB_52A
vampire_fb52a_italy,0.0,,,,,,28.0,100.0,1.0,1.0,0.0,0.0,0.0,,,,,,Vampire_FB_52A
vb_10_02,0.0,,,,,,25.0,,,1.0,,0.86,2.0,,,1.0,,0.0,VB.10-02
it_vbc_pt2,0.0,,,,,,186.0,59.22,0.0,0.0,2.67,1.46,2.0,,,0.0,,2.0,VBC_(PT2)
it_vcc_80_hitfist_30,0.0,,,,,,33.0,0.0,0.0,0.0,4.09,2.25,0.0,,,,,,VCC-80/30
venom_fb4,0.0,,,,,,0.0,,,,,,0.0,,,,,,Venom_FB.4
fr_vextra_105,0.0,,,,,,119.0,40.19,0.0,0.0,2.03,0.9,0.0,,,,,,Vextra_105
uk_vfm_5,0.0,,,,,,148.0,57.86,0.0,0.0,2.87,2.33,0.0,,,,,,VFM5
uk_vickers_mbt_mk_3,0.0,,,,,,88.0,42.18,0.0,0.0,2.22,2.58,0.0,,,,,,Vickers_Mk.3
uk_vickers_mk7,0.0,,,,,,213.0,62.02,0.0,0.0,2.98,2.09,0.0,,,,,,Vickers_Mk.7
sw_vickers_mk_e_37,0.0,,,,,,0.0,,,,,,0.0,,,,,,Vickers_Mk.E
sw_k9_vidar,0.0,,,,,,73.0,59.52,0.0,0.0,2.99,1.86,0.0,,,,,,VIDAR
uk_vijayanta,0.0,,,,,,13.0,100.0,0.0,0.0,2.0,1.46,0.0,,,,,,Vijayanta
it_vrcc_centauro,0.0,,,,,,166.0,68.08,0.0,0.0,2.5,2.05,0.0,,,,,,VRCC
germ_vt_1_2,0.0,,,,,,40.0,40.0,0.0,0.0,3.0,2.65,0.0,,,,,,VT1-2
fr_amx_vtt_dca,0.0,,,,,,26.0,,,0.0,,0.0,0.0,,,,,,VTT_DCA
walrus_mk1,,,,,,,,,,,,,,,,,,,Walrus_Mk.I
uk_fv510_isv,0.0,,,,,,17.0,100.0,0.0,0.0,1.0,1.22,0.0,,,,,,Warrior
washington_b1,0.0,,,,,,0.0,,,,,,0.0,,,,,,Washington_B.Mk.I
welkin_fmk1,0.0,,,,,,0.0,,,,,,0.0,,,,,,Welkin_F.Mk.I
wellington_mk1c,0.0,,,,,,0.0,,,,,,0.0,,,,,,Wellington_Mk_Ic
wellington_mk3,0.0,,,,,,0.0,,,,,,0.0,,,,,,Wellington_Mk_III
wellington_mk10,0.0,,,,,,0.0,,,,,,0.0,,,,,,Wellington_Mk_X
whirlwind_mk1,0.0,,,,,,0.0,,,,,,0.0,,,,,,Whirlwind_Mk_I
whirlwind_p9,0.0,,,,,,17.0,,,,,,0.0,,,,,,Whirlwind_P.9
wirraway,0.0,,,,,,0.0,,,,,,0.0,,,,,,Wirraway
cn_wma_301,0.0,,,,,,93.0,51.45,0.0,0.0,2.97,1.72,6.0,,,0.0,,0.0,WMA301
cn_wz_141,0.0,,,,,,121.0,80.77,0.0,0.0,8.15,3.49,0.0,,,,,,WZ141-1
xa_38,0.0,,,,,,0.0,,,,,,48.0,12.5,0.81,0.65,2.69,1.15,XA-38
us_xm246,0.0,,,,,,1185.0,56.09,0.24,0.19,1.68,1.4,0.0,,,,,,XM246
us_xm_800t,0.0,,,,,,1455.0,63.19,0.0,0.0,1.42,1.22,0.0,,,,,,XM800T
p-38g_metal,0.0,,,,,,12.0,100.0,3.0,,0.0,,0.0,,,,,,XP-38G
yak-15,0.0,,,,,,0.0,,,,,,0.0,,,,,,Yak-15
yak-28b,0.0,,,,,,11.0,50.0,0.0,0.0,0.0,0.0,0.0,,,,,,Yak-28B
yak-3_vk107,0.0,,,,,,95.0,37.33,2.32,2.69,0.53,0.57,12.0,,,,,,Yak-3_(VK-107)
yak-3t,0.0,,,,,,19.0,100.0,0.0,0.0,1.89,1.89,0.0,,,,,,Yak-3T
er-2_ach30b_late,0.0,,,,,,0.0,,,,,,0.0,,,,,,Yer-2_(ACh-30B)_(l)
er-2_m105_tat,0.0,,,,,,0.0,,,,,,0.0,,,,,,Yer-2_(M-105)_TAT
er-2_m105r_tat,0.0,,,,,,0.0,,,,,,0.0,,,,,,Yer-2_(M-105R)_TAT
yp-38,0.0,,,,,,0.0,,,,,,0.0,,,,,,YP-38
uk_ystervark_spaa,0.0,,,,,,59.0,76.0,0.92,1.23,0.0,0.0,0.0,,,,,,Ystervark
z_1007_bis_serie3,0.0,,,,,,9.0,50.0,0.0,0.0,1.0,2.0,0.0,,,,,,Z.1007_bis_serie_3
z_1007_bis_serie5,0.0,,,,,,0.0,,,,,,0.0,,,,,,Z.1007_bis_serie_5
cn_zbd_04a,0.0,,,,,,296.0,59.16,0.0,0.0,1.53,1.38,0.0,,,,,,ZBD04A
cn_type_86,0.0,,,,,,65.0,43.18,0.0,0.0,1.43,0.58,0.0,,,,,,ZBD86
ussr_zis_12_94KM_1945,0.0,,,,,,85.0,90.0,0.69,0.16,4.64,2.37,0.0,,,,,,ZiS-12_(94-KM)
ussr_zis_43,0.0,,,,,,0.0,,,,,,0.0,,,,,,ZiS-43
it_40_43m_zrinyi_2,0.0,,,,,,0.0,,,,,,0.0,,,,,,Zrinyi_II
cn_zsd63_pg87,0.0,,,,,,97.0,38.5,0.65,0.86,0.55,0.77,0.0,,,,,,ZSD63/PG87
cn_zsl_92,0.0,,,,,,164.0,53.93,0.24,0.38,0.45,0.62,0.0,,,,,,ZSL92
ussr_zsu_37,0.0,,,,,,10.0,,,0.0,,0.0,0.0,,,,,,ZSU-37
sw_zsu_57_2,0.0,,,,,,217.0,28.37,0.0,0.0,1.96,1.2,0.0,,,,,,ZSU-57-2
uk_ratel_zt3,0.0,,,,,,499.0,61.81,0.06,0.06,3.55,3.4,0.0,,,,,,ZT3A2
cn_zts_63_1980,0.0,,,,,,97.0,58.34,0.0,0.0,1.15,1.0,2.0,,,0.0,,0.0,ZTS63
cn_ztz_59a,0.0,,,,,,37.0,,,0.0,,3.13,0.0,,,,,,ZTZ59A
cn_type_59d,0.0,,,,,,78.0,81.25,0.0,0.0,3.0,2.83,0.0,,,,,,ZTZ59D1
cn_ztz_96a,0.0,,,,,,132.0,41.3,0.0,0.0,2.1,1.7,0.0,,,,,,ZTZ96A
cn_ztz_99,0.0,,,,,,101.0,66.67,0.0,0.0,2.0,1.47,0.0,,,,,,ZTZ99-II
ussr_zut_37,0.0,,,,,,3.0,,,,,,0.0,,,,,,ZUT-37
ussr_bmd_4m,0.0,,,,,,699.0,44.88,0.0,0.0,2.98,1.31,15.0,100.0,0.0,0.0,2.0,2.0,БМД-4M
ussr_sdkfz_251_21_kit_3rank,0.0,,,,,,36.0,13.09,0.06,0.07,0.0,0.0,0.0,,,,,,Ганомаг_('45)
ussr_garford_putilov,0.0,,,,,,0.0,,,,,,0.0,,,,,,Гарфордъ
db_lk,0.0,,,,,,0.0,,,,,,0.0,,,,,,ДБ-ЛК
ussr_valentine_mk_9,0.0,,,,,,0.0,,,,,,0.0,,,,,,"МК-IX_""Valentine"""
mig_29kr_9_41r,0.0,,,,,,8.0,,,,,,0.0,,,,,,МиГ-29КР_(9-41Р)
mig_29m_9_15,0.0,,,,,,58.0,77.78,0.76,0.89,0.04,0.04,0.0,,,,,,МиГ-29М_(9-15)
ussr_pantsyr_sm_sv,0.0,,,,,,965.0,46.13,1.08,1.11,0.26,0.28,0.0,,,,,,Панцирь_СМ-СВ
germ_9a35_m,0.0,,,,,,18.0,50.0,1.0,1.4,0.0,0.0,0.0,,,,,,Стрела-10М
it_9a35_m,0.0,,,,,,6.0,50.0,0.5,1.0,0.0,0.0,0.0,,,,,,Стрела-10М
uk_9a35_m,0.0,,,,,,6.0,,,,,,0.0,,,,,,Стрела-10М
cn_t_62,0.0,,,,,,9.0,50.0,0.0,0.0,1.0,2.0,0.0,,,,,,Т-62_№545
ussr_t_90m_arena_m,0.0,,,,,,100.0,37.27,0.0,0.0,1.86,1.45,0.0,,,,,,Т-90М_(Арена-М)
yak_130_early,0.0,,,,,,144.0,49.71,0.12,0.14,2.56,3.26,0.0,,,,,,Як-130
p-47m-1-re_boxted,0.0,,,,,,26.0,40.0,0.38,0.65,0.03,0.05,42.0,50.0,1.0,2.0,0.57,1.14,⋠P-47M-1-RE
a6m2_zero_china,0.0,,,,,,109.0,86.17,1.77,1.98,1.35,1.54,0.0,,,,,,A6M2_(China)
a6m5_zero_china,,,,,,,,,,,,,,,,,,,A6M5_(China)
b_25j_30_china,0.0,,,,,,0.0,,,,,,0.0,,,,,,B-25J-30_(China)
cn_type_97_kai,0.0,,,,,,0.0,,,,,,0.0,,,,,,Chi-Ha_Kai_(China)
f-100a_china,0.0,,,,,,17.0,100.0,1.0,1.0,1.0,1.0,0.0,,,,,,F-100A_(China)
f-104a_china,0.0,,,,,,0.0,,,,,,0.0,,,,,,F-104A_(China)
f-104g_china,0.0,,,,,,0.0,,,,,,0.0,,,,,,F-104G_(China)
f_16a_block_72v_china,0.0,,,,,,0.0,,,,,,0.0,,,,,,F-16V_(China)
f_47n_25_re_china,0.0,,,,,,2.0,,,0.0,,1.0,0.0,,,,,,F-47N-25-RE_(China)
f-5a_china,0.0,,,,,,0.0,,,,,,0.0,,,,,,F-5A_(China)
f-5e_aidc,0.0,,,,,,26.0,66.67,0.0,0.0,0.3,0.5,0.0,,,,,,F-5E_(China)
f-84g_china,0.0,,,,,,0.0,,,,,,0.0,,,,,,F-84G-21-RE_(China)
f-84g-31-re_china,0.0,,,,,,47.0,72.22,0.28,0.23,1.39,1.32,0.0,,,,,,F-84G-31-RE_(China)
f-86f-30_china,0.0,,,,,,0.0,,,,,,0.0,,,,,,F-86F-30_(China)
f-86f-40_china,0.0,,,,,,0.0,,,,,,0.0,,,,,,F-86F-40_(China)
gladiator_mk1_china,0.0,,,,,,0.0,,,,,,0.0,,,,,,Gladiator_Mk_I_(China)
hs-123a-1_china,0.0,,,,,,0.0,,,,,,0.0,,,,,,Hs_123_A-1_(China)
i-15bis_china,0.0,,,,,,6.0,,,,,,0.0,,,,,,I-15bis_(China)
i-16_chung_28,0.0,,,,,,0.0,,,,,,0.0,,,,,,I-16_Chung_28_(China)
i-16_type5_1935_china,0.0,,,,,,0.0,,,,,,0.0,,,,,,I-16_type_5_(China)
cn_isu_122,0.0,,,,,,11.0,,,0.0,,1.0,0.0,,,,,,ISU-122_(China)
cn_isu_152,0.0,,,,,,25.0,,,0.0,,0.74,0.0,,,,,,ISU-152_(China)
ki-27_otsu_china,0.0,,,,,,0.0,,,,,,0.0,,,,,,Ki-27_otsu_(China)
ki-45_hei_tei_china,0.0,,,,,,0.0,,,,,,0.0,,,,,,Ki-45_hei/tei_(China)
ki_84_ko_china,0.0,,,,,,47.0,,,0.0,,2.0,0.0,,,,,,Ki-84_ko_(China)
cn_m113a1_tow,0.0,,,,,,50.0,55.26,0.0,0.0,0.32,0.38,0.0,,,,,,M113A1_(TOW)_(China)
cn_m3a3_stuart_1st_ptg,0.0,,,,,,10.0,50.0,0.0,0.0,2.5,2.5,0.0,,,,,,M3A3_(1st_PTG)_(China)
cn_m3a3_stuart,0.0,,,,,,16.0,,,,,,0.0,,,,,,M3A3_Stuart_(China)
cn_m55,0.0,,,,,,0.0,,,,,,0.0,,,,,,M55_(China)
cn_m5a1_stuart,0.0,,,,,,12.0,,,0.0,,1.75,0.0,,,,,,M5A1_(China)
cn_m60a3_tts,0.0,,,,,,48.0,10.53,0.0,0.0,3.87,3.82,0.0,,,,,,M60A3_TTS_(China)
mig-9_china,0.0,,,,,,0.0,,,,,,0.0,,,,,,MiG-9_(China)
mig-9_late_china,0.0,,,,,,0.0,,,,,,0.0,,,,,,MiG-9_(l)_(China)
mirage_2000_5ei,0.0,,,,,,72.0,60.91,2.22,3.18,0.0,0.0,0.0,,,,,,Mirage_2000-5Ei_(China)
p-40e_china,0.0,,,,,,0.0,,,,,,0.0,,,,,,P-40E-1_(China)
p-51c-11-nt_china,0.0,,,,,,74.0,50.0,0.3,0.78,1.37,1.7,0.0,,,,,,P-51C-11-NT_(China)
p1y1_mod11_china,0.0,,,,,,0.0,,,,,,0.0,,,,,,P1Y1_mod._11_(China)
pb4y-2_china,0.0,,,,,,0.0,,,,,,0.0,,,,,,PB4Y-2_(China)
cn_pt_76,0.0,,,,,,0.0,,,,,,0.0,,,,,,PT-76_(China)
sb_2m_103u_china,0.0,,,,,,0.0,,,,,,0.0,,,,,,SB_2M-103U_(China)
cn_sdkfz_222_early,0.0,,,,,,15.0,100.0,0.0,0.0,1.0,1.0,0.0,,,,,,Sd.Kfz.222_(China)
cn_su_76m_1943,0.0,,,,,,4.0,,,,,,0.0,,,,,,SU-76M_(China)
tu-2_postwar_china,0.0,,,,,,21.0,100.0,0.0,0.0,2.18,1.95,0.0,,,,,,Tu-2S-44_(China)
tu_4_china,0.0,,,,,,0.0,,,,,,0.0,,,,,,Tu-4_(China)
uk_challenger_II_yt_cup_2019,,,,,,,,,,,,,,,,,,,␙Challenger_2
germ_leopard_2a5_yt_cup_2019,0.0,,,,,,0.0,,,,,,0.0,,,,,,␙Leopard_2A5
us_m1a1_abrams_yt_cup_2019,0.0,,,,,,0.0,,,,,,0.0,,,,,,␙M1A1
md_460_yt_cup_2019,,,,,,,,,,,,,,,,,,,␙Super_Mystere_B2
ussr_t_80u_yt_cup_2019,0.0,,,,,,0.0,,,,,,0.0,,,,,,␙T-80U
f-86_canadair_german,0.0,,,,,,9.0,,,,,,0.0,,,,,,◄CL-13A_Mk_5
f-86_cl_13b_mk6,0.0,,,,,,56.0,100.0,4.08,4.6,0.0,0.0,0.0,,,,,,◄CL-13B_Mk.6
ef_2000_block_10,0.0,,,,,,139.0,54.9,1.26,2.11,0.26,0.46,8.0,,,0.0,,0.0,◄EF-2000
ef_2000_aesa,0.0,,,,,,447.0,54.78,1.63,2.12,0.37,0.47,20.0,,,3.0,,0.0,◄EF-2000_(AESA)
f-104g,0.0,,,,,,0.0,,,,,,0.0,,,,,,◄F-104G
f-4f,0.0,,,,,,58.0,47.06,1.01,1.76,2.54,4.5,0.0,,,,,,◄F-4F_Early
f-4f_kws_lv,0.0,,,,,,190.0,40.08,1.2,1.24,0.04,0.04,0.0,,,,,,◄F-4F_KWS_LV
f-84f_germany,0.0,,,,,,0.0,,,,,,0.0,,,,,,◄F-84F
f-86k_late_german,0.0,,,,,,35.0,,,0.3,,0.0,0.0,,,,,,◄F-86K
fiat_g91_r3,0.0,,,,,,12.0,88.89,1.57,2.0,0.9,2.0,0.0,,,,,,◄G.91_R/3
fiat_g91_r4_german,0.0,,,,,,102.0,50.62,0.47,0.61,0.34,0.5,0.0,,,,,,◄G.91_R/4
mig-21_sps_k,0.0,,,,,,98.0,81.11,2.03,1.63,0.19,0.19,0.0,,,,,,◄MiG-21_SPS-K
mig_29_9_12g,0.0,,,,,,75.0,53.57,0.82,1.0,0.09,0.08,0.0,,,,,,◄MiG-29G
sea_hawk_mk100,0.0,,,,,,21.0,,,,,,0.0,,,,,,◄Sea_Hawk_Mk.100
su_22m4_de_wtd61,0.0,,,,,,171.0,51.11,1.15,1.48,3.29,4.46,18.0,50.0,1.0,1.0,1.0,1.0,◄Su-22M4_WTD61
tornado_ids_de_assta3_sle,0.0,,,,,,12.0,100.0,0.0,0.0,1.9,1.75,11.0,,,0.0,,1.0,◄Tornado_IDS_SLE
il_28_german,0.0,,,,,,19.0,50.0,0.5,1.0,0.5,1.0,0.0,,,,,,◊IL-28
mig-17p_lim_5p,0.0,,,,,,7.0,100.0,2.0,,0.0,,0.0,,,,,,◊Lim-5P
mig-19s,0.0,,,,,,26.0,50.0,2.0,2.0,1.0,1.0,0.0,,,,,,◊MiG-19S
mig-21_bis_sau,0.0,,,,,,50.0,100.0,2.0,1.35,0.0,0.0,0.0,,,,,,◊MiG-21bis-SAU
mig-21_mf,0.0,,,,,,23.0,94.36,1.55,1.69,0.0,0.0,0.0,,,,,,◊MiG-21MF
mig_29_9_12_germany,0.0,,,,,,147.0,50.0,1.08,1.42,0.0,0.0,9.0,,,0.0,,0.0,◊MiG-29
germ_9a33bm3,0.0,,,,,,24.0,0.0,0.0,0.0,0.0,0.0,0.0,,,,,,◊Osa-AK
us_lvt_a_1_trb,0.0,,,,,,0.0,,,,,,0.0,,,,,,○LVT(A)(1)
p-36c_rb,0.0,,,,,,0.0,,,,,,0.0,,,,,,○P-36C
fa_18c_late_switzerland,0.0,,,,,,222.0,52.15,0.79,1.0,0.13,0.16,0.0,,,,,,◌F/A-18C_Late
hunter_f58_switzerland,0.0,,,,,,377.0,61.6,0.93,1.22,1.35,1.78,0.0,,,,,,◌Hunter_F.58
hunter_f58a_1971_switzerland,0.0,,,,,,4.0,,,,,,0.0,,,,,,◌Hunter_F.58A_(1971)
mirage_3s_c70_switzerland,0.0,,,,,,34.0,86.67,2.57,2.21,0.0,0.0,0.0,,,,,,◌Mirage_IIIS_C.70
uk_challenger_2_megatron_sm,0.0,,,,,,348.0,53.88,0.0,0.0,1.59,1.37,0.0,,,,,,◍Challenger_2_OES
cn_mbt2000_sm,0.0,,,,,,13.0,,,,,,0.0,,,,,,◍MBT-2000
fw_190f_8_hungary,0.0,,,,,,9.0,,,0.0,,1.0,0.0,,,,,,◔Fw_190_F-8
re_2000_heja_1,0.0,,,,,,0.0,,,,,,0.0,,,,,,◔Héja_I
il_28_hungary,0.0,,,,,,0.0,,,,,,0.0,,,,,,◔IL-28
saab_jas39c_hungary,0.0,,,,,,14.0,0.0,0.08,0.04,1.83,1.35,0.0,,,,,,◔JAS39EBS_HU_C
mig-15bis_nr23_hungary,0.0,,,,,,0.0,,,,,,0.0,,,,,,◔MiG-15bis
mig-17pf_hungary,0.0,,,,,,0.0,,,,,,0.0,,,,,,◔MiG-17PF
mig-21_bis_sau_hungary,0.0,,,,,,0.0,,,,,,0.0,,,,,,◔MiG-21bis-SAU
mig-21_mf_hungary,0.0,,,,,,40.0,100.0,3.0,3.0,0.5,0.5,0.0,,,,,,◔MiG-21MF
mig_23mf_hungary,0.0,,,,,,0.0,,,,,,0.0,,,,,,◔MiG-23MF
mig_29_9_12b_hungary,0.0,,,,,,25.0,71.88,1.72,2.56,0.0,0.0,0.0,,,,,,◔MiG-29
su_22m3_hungary,0.0,,,,,,0.0,,,,,,0.0,,,,,,◔Su-22M3
tu-2_postwar_late_hungary,0.0,,,,,,9.0,,,0.0,,0.0,0.0,,,,,,◔Tu-2S-59
wm_21,0.0,,,,,,0.0,,,,,,0.0,,,,,,◔WM-21
fokker_d21_netherlands,0.0,,,,,,0.0,,,,,,0.0,,,,,,◗Fokker_D.XXI
fokker_d23,0.0,,,,,,0.0,,,,,,0.0,,,,,,◗Fokker_D.XXIII
fokker_g1a,0.0,,,,,,0.0,,,,,,0.0,,,,,,◗Fokker_G.IA
f_16am_block_20_mlu_netherlands,0.0,,,,,,0.0,,,,,,0.0,,,,,,◘F-16AM
nf_5a_netherlands,0.0,,,,,,338.0,56.82,1.92,2.77,0.62,0.9,0.0,,,,,,◘NF-5A
sb_25j_netherlands,0.0,,,,,,0.0,,,,,,0.0,,,,,,◘SB-25J
kfir_c10_colombia,0.0,,,,,,103.0,68.52,2.19,3.22,0.0,0.0,0.0,,,,,,◡Kfir_C.10
f_16a_block_10_norway,0.0,,,,,,0.0,,,,,,6.0,,,0.0,,0.0,◢F-16A
f_16am_block_20_mlu_norway,0.0,,,,,,0.0,,,,,,9.0,,,,,,◢F-16AM
f-5ag_norway,0.0,,,,,,30.0,50.0,1.0,2.0,0.5,1.0,0.0,,,,,,◢F-5A(G)
hawk_209_indonesia,0.0,,,,,,21.0,,,0.0,,0.0,0.0,,,,,,◥Hawk_209
a_4e_late_iaf,0.0,,,,,,27.0,100.0,0.0,,1.16,,0.0,,,,,,A-4E_(Israel)
a_4e_early_iaf,0.0,,,,,,6.0,,,1.0,,1.0,0.0,,,,,,A-4E_Early_(M)_(Israel)
a_4h,0.0,,,,,,53.0,83.33,0.18,0.25,0.35,0.56,0.0,,,,,,A-4H_(Israel)
f-84f_israel_iaf,0.0,,,,,,0.0,,,,,,0.0,,,,,,F-84F_(Israel)
md_450b_ouragan_iaf_29,0.0,,,,,,0.0,,,,,,0.0,,,,,,M.D.450B_(29)_(Israel)
meteor_frmk9_iaf,0.0,,,,,,0.0,,,,,,0.0,,,,,,Meteor_FR.9_(Israel)
mig_21_2000_iaf,0.0,,,,,,0.0,,,,,,0.0,,,,,,MiG-21_2000_(Israel)
md_454_mystere_4a_iaf,0.0,,,,,,4.0,0.0,0.0,0.0,0.0,0.0,0.0,,,,,,Mystere_IVA_(Israel)
so_4050_vautour_2a_israel_iaf,0.0,,,,,,0.0,,,,,,0.0,,,,,,Vautour_IIA_(Israel)
so_4050_vautour_2n_iaf,0.0,,,,,,0.0,,,,,,0.0,,,,,,Vautour_IIN_(Israel)
