name,ab_battles,ab_win_rate,ab_air_frags_per_battle,ab_air_frags_per_death,ab_ground_frags_per_battle,ab_ground_frags_per_death,rb_battles,rb_win_rate,rb_air_frags_per_battle,rb_air_frags_per_death,rb_ground_frags_per_battle,rb_ground_frags_per_death,sb_battles,sb_win_rate,sb_air_frags_per_battle,sb_air_frags_per_death,sb_ground_frags_per_battle,sb_ground_frags_per_death,alt_name
germ_pzkpfw_III_ausf_F,941.0,92.02,0.1,0.12,6.96,12.31,59.0,53.92,0.0,0.0,4.27,8.03,0.0,,,,,,Pz.III_F
it_sherman_75_37,787.0,80.72,0.1,0.1,6.29,7.59,158.0,71.83,0.0,0.0,2.88,2.53,0.0,,,,,,Sherman_I_Composito
us_t58,632.0,68.56,0.05,0.04,5.82,5.62,1479.0,63.93,0.0,0.0,3.47,2.74,3.0,,,0.0,,1.0,T58
us_m1a1_hc_usmc_sm,532.0,60.28,0.03,0.03,2.7,2.39,1682.0,61.77,0.0,0.0,2.36,1.95,0.0,,,,,,◍M1A1_HC
germ_vsw_flak_41,529.0,80.23,0.12,0.13,4.81,5.25,47.0,23.81,0.0,0.0,6.71,4.86,0.0,,,,,,VFW
ussr_t_34_85_zis_53,524.0,68.61,0.02,0.02,2.72,3.44,515.0,29.71,0.0,0.0,2.89,1.62,20.0,,,0.0,,0.65,T-34-85
germ_pzkpfw_VI_ausf_b_tiger_IIp,509.0,68.89,0.07,0.07,5.03,6.02,1230.0,41.42,0.0,0.0,3.11,2.49,7.0,,,0.0,,1.57,Tiger_II_(P)
ussr_t_80bvm,476.0,60.85,0.03,0.05,1.71,1.83,4231.0,49.22,0.0,0.0,1.92,1.63,0.0,,,,,,T-80BVM
ussr_t_80ue1_sm,472.0,54.15,0.0,0.0,1.5,1.6,1622.0,49.58,0.0,0.0,1.37,1.17,11.0,,,0.0,,1.0,◍Т-80У-Е1
ussr_t_34_1941_57,452.0,59.79,0.03,0.03,2.89,2.36,343.0,41.67,0.0,0.0,3.29,2.11,6.0,,,,,,T-34-57
jp_type_4_chi_to_late,436.0,65.1,0.05,0.05,3.63,3.53,796.0,76.09,0.0,0.0,2.69,2.33,0.0,,,,,,Chi-To_Late
germ_kpz_70,393.0,60.19,0.07,0.05,2.06,1.47,1726.0,48.89,0.0,0.0,1.6,1.27,0.0,,,,,,KPz-70
ussr_kv_85,376.0,53.64,0.15,0.13,3.7,2.93,114.0,9.72,0.0,0.0,4.77,2.28,0.0,,,,,,KV-85
jp_type_4_chi_to,378.0,56.15,0.07,0.08,2.69,3.47,790.0,83.27,0.0,0.0,2.38,1.78,0.0,,,,,,Chi-To
jp_type_5_ho_ri_prototype,384.0,67.67,0.07,0.07,4.24,3.29,1991.0,57.56,0.0,0.0,2.96,2.25,0.0,,,,,,Ho-Ri_Prototype
ussr_t_54_1947,367.0,46.93,0.02,0.02,2.01,2.05,410.0,56.56,0.0,0.0,2.75,2.16,2.0,,,0.0,,0.0,T-54_(1947)
ussr_t_72a,350.0,52.43,0.04,0.04,3.0,2.63,1881.0,46.81,0.0,0.0,2.13,1.71,0.0,,,,,,T-72A
ussr_t_34_85_d_5t,368.0,63.88,0.0,0.0,3.62,3.59,644.0,59.71,0.0,0.0,2.95,1.71,0.0,,,,,,T-34-85_(D-5T)
ussr_kv_1_zis_5,355.0,62.11,0.06,0.09,3.23,4.65,136.0,32.58,0.0,0.0,9.9,6.28,0.0,,,,,,KV-1_(ZiS-5)
jp_type_3_chi_nu_75cm_type_5,348.0,59.53,0.05,0.05,4.27,4.09,928.0,84.11,0.0,0.0,3.2,2.15,0.0,,,,,,Chi-Nu_II
germ_sdkfz_9_flak37,340.0,72.44,0.29,0.33,6.52,7.49,15.0,,,0.0,,4.07,0.0,,,,,,"8,8_cm_Flak_37_Sfl."
su_30mk2v_venezuela,347.0,65.88,6.62,4.18,0.39,0.22,3893.0,50.0,1.05,1.18,0.33,0.39,92.0,100.0,5.24,2.75,1.86,0.89,Су-30МК2_AMV
yak-7b,334.0,92.14,3.31,4.13,2.05,2.54,24.0,50.0,1.83,1.83,0.33,0.33,4.0,,,,,,Yak-7B
sw_sav_fm48,330.0,66.93,0.09,0.06,5.28,3.51,523.0,44.54,0.0,0.0,4.56,2.64,0.0,,,,,,SAV_20.12.48
ussr_is_1,327.0,58.79,0.07,0.12,2.06,3.06,262.0,49.35,0.0,0.0,2.46,1.1,0.0,,,,,,IS-1
jp_m24_chaffee,334.0,73.14,0.15,0.11,8.51,4.16,1838.0,72.26,0.0,0.0,1.96,1.68,0.0,,,,,,M24
germ_pzkpfw_V_ausf_d_panther,331.0,58.12,0.0,0.0,2.26,2.63,501.0,30.74,0.0,0.0,2.25,1.52,16.0,,,,,,Panther_D
ussr_t_80uk,319.0,62.25,0.0,0.0,0.8,0.86,901.0,44.04,0.0,0.0,1.73,1.12,11.0,,,,,,T-80UK
germ_pzkpfw_VI_ausf_e_tiger,325.0,57.94,0.05,0.05,2.38,2.58,1268.0,40.31,0.0,0.0,2.9,2.0,5.0,,,,,,Tiger_E
germ_pzkpfw_VI_ausf_b_tiger_IIh,303.0,46.99,0.05,0.05,2.48,2.62,2074.0,45.02,0.0,0.0,2.69,2.31,0.0,,,,,,Tiger_II_(H)
germ_pzkpfw_VI_ausf_h1_tiger,314.0,54.38,0.0,0.0,2.74,3.09,765.0,38.85,0.0,0.0,2.79,2.05,0.0,,,,,,Tiger_H1
germ_panther_II,308.0,79.85,0.0,0.0,4.26,4.15,318.0,65.26,0.0,0.0,4.58,3.15,0.0,,,,,,Panther_II
ussr_kv_1e,297.0,86.5,0.08,0.12,7.35,10.76,165.0,47.78,0.0,0.0,7.42,3.92,0.0,,,,,,KV-1E
bf-109f-4_trop,291.0,70.58,5.2,6.73,0.38,0.49,42.0,100.0,2.5,4.0,0.0,0.0,0.0,,,,,,Bf_109_F-4/trop
ussr_is_4m,289.0,54.89,0.0,0.0,1.68,2.01,115.0,47.62,0.0,0.0,2.93,1.85,0.0,,,,,,IS-4M
ussr_t_34_85_zis_53_v80,277.0,91.48,0.0,0.0,7.64,8.21,198.0,61.12,0.0,0.0,3.36,2.71,0.0,,,,,,"Т-34-85_""Партизан"""
germ_pzkpfw_VI_ausf_h1_tiger_west,267.0,84.78,0.01,0.01,4.02,5.92,453.0,42.65,0.0,0.0,3.36,2.37,12.0,,,,,,Tiger_West
sw_t_34_1941,279.0,73.89,0.0,0.0,3.88,3.46,96.0,100.0,0.0,0.0,6.38,2.51,0.0,,,,,,T-34
us_halftrack_m3_75mm_gmc,290.0,79.66,0.11,0.15,5.09,6.19,0.0,,,,,,0.0,,,,,,M3_GMC
germ_panzerjager_panther,282.0,60.67,0.01,0.01,3.02,3.63,429.0,37.95,0.0,0.0,2.03,1.44,21.0,,,0.0,,1.76,Jagdpanther_G1
cn_type_58,270.0,81.88,0.0,0.0,4.33,3.48,211.0,65.37,0.0,0.0,2.46,2.14,0.0,,,,,,Т-34-85_Gai
bf-109f-4,267.0,68.04,4.99,7.67,0.36,0.52,271.0,81.68,2.28,4.21,0.71,1.27,0.0,,,,,,Bf_109_F-4
germ_leopard_I,263.0,61.1,0.0,0.0,2.05,1.83,955.0,29.31,0.0,0.0,0.93,0.81,26.0,0.0,0.0,0.0,1.0,1.0,Leopard_I
il-2m,264.0,88.08,1.15,1.23,4.29,4.55,32.0,,,0.17,,1.67,0.0,,,,,,IL-2M_type_3
germ_t_34_747,255.0,71.64,0.0,0.0,3.86,5.29,52.0,50.0,0.0,0.0,2.93,3.59,0.0,,,,,,T_34_747_(r)
us_m26e1_pershing,245.0,85.02,0.25,0.35,9.21,10.73,640.0,65.38,0.0,0.0,3.68,3.15,0.0,,,,,,M26E1
germ_panzerbefelhswagen_VI_P,261.0,80.22,0.0,0.01,8.58,9.36,186.0,34.18,0.0,0.0,5.25,3.08,0.0,,,,,,Pz.Bfw.VI_(P)
germ_leopard_1a5,256.0,56.55,0.0,0.0,1.56,1.39,870.0,46.09,0.0,0.0,1.54,1.24,59.0,54.17,0.0,0.0,2.63,2.5,Leopard_1A5
p-47d_ussr,260.0,78.48,1.5,0.99,8.49,5.56,71.0,40.48,0.6,0.28,2.62,1.82,0.0,,,,,,P-47D-27
la-7,252.0,86.42,4.11,4.83,1.85,2.16,60.0,88.73,1.69,2.86,0.27,0.98,0.0,,,,,,La-7
yak-1b,255.0,90.64,3.13,4.0,1.29,1.62,34.0,100.0,8.39,,1.79,,0.0,,,,,,Yak-1B
la-5_type37_early,254.0,78.94,3.4,5.04,0.8,1.18,0.0,,,,,,0.0,,,,,,La-5
germ_spz_oerlikon_raketenautomat,247.0,51.58,0.0,0.0,1.23,1.09,324.0,33.41,0.0,0.0,1.25,0.91,0.0,,,,,,Raketenautomat
ussr_t_34_1942,252.0,75.51,0.08,0.14,2.62,3.17,112.0,20.69,0.0,0.0,5.29,2.91,0.0,,,,,,T-34_(1942)
germ_leopard_I_a1,248.0,50.21,0.0,0.0,1.69,1.65,803.0,49.49,0.0,0.0,2.52,1.61,0.0,,,,,,Leopard_A1A1
ussr_object_435,240.0,53.81,0.0,0.0,1.89,1.74,330.0,48.02,0.0,0.0,1.79,1.54,0.0,,,,,,Object_435
germ_pzkpfw_VI_ausf_h1_tiger_east,230.0,76.26,0.01,0.01,4.54,5.78,341.0,45.22,0.0,0.0,3.37,2.57,0.0,,,,,,Tiger_Ost
us_m3a1_stuart,243.0,77.37,0.15,0.21,4.35,5.36,54.0,100.0,0.0,0.0,2.78,1.58,0.0,,,,,,M3A1_Stuart
germ_pzkpfw_VI_ausf_b_tiger_IIh_kwk46,236.0,87.42,0.0,0.0,5.66,5.47,307.0,54.87,0.0,0.0,4.55,3.07,4.0,100.0,0.0,0.0,2.0,2.0,Tiger_II_(10.5_cm_Kw.K)
fw-190a-4,244.0,51.66,4.96,3.9,0.29,0.24,115.0,44.09,2.45,2.54,0.92,0.87,0.0,,,,,,Fw_190_A-4
il_2m_1943,241.0,85.41,1.2,1.31,3.93,4.28,0.0,,,,,,0.0,,,,,,IL-2M_(1943)
ussr_t_34E_STZ,236.0,77.64,0.0,0.0,2.76,3.27,48.0,30.0,0.0,0.0,2.5,3.34,0.0,,,,,,T-34E_STZ
sw_strv_122b_plus,232.0,68.13,0.0,0.0,2.41,2.98,529.0,75.16,0.0,0.0,4.23,2.4,0.0,,,,,,Strv_122B+
us_m18_hellcat,239.0,64.82,0.03,0.03,2.18,1.92,1813.0,60.22,0.0,0.0,1.85,1.43,12.0,,,0.0,,3.0,M18_GMC
germ_pzkpfw_IV_ausf_C,231.0,90.04,0.0,0.0,6.52,9.48,6.0,,,0.0,,1.0,0.0,,,,,,Pz.IV_C
ussr_t_62,214.0,41.33,0.0,0.0,1.59,1.37,194.0,57.38,0.0,0.0,2.41,1.76,0.0,,,,,,T-62
do_335a_1,218.0,81.08,1.05,0.83,8.86,5.93,130.0,0.0,1.45,0.26,3.9,1.1,0.0,,,,,,Do_335_A-1
ussr_t_64a_1971,212.0,59.36,0.0,0.0,2.25,2.27,1078.0,48.33,0.0,0.0,2.2,1.74,23.0,100.0,0.0,0.0,2.73,2.73,T-64A_(1971)
it_m4a4_sherman,209.0,71.91,0.03,0.08,2.35,5.64,46.0,100.0,0.0,0.0,3.1,3.32,0.0,,,,,,Sherman_V
sw_strv_122b_plss,210.0,63.68,0.03,0.04,2.32,2.74,232.0,73.39,0.0,0.0,4.61,3.34,0.0,,,,,,Strv_122B_PLSS
a_20g_30_ussr,209.0,80.85,0.58,0.53,7.46,6.76,21.0,,,0.0,,0.0,0.0,,,,,,A-20G-30
sw_m24_chaffee_dk,207.0,68.01,0.27,0.19,4.69,3.86,313.0,58.07,0.0,0.0,2.0,1.36,0.0,,,,,,M24DK
ussr_t_55_amd_1,205.0,50.83,0.0,0.0,1.43,1.89,772.0,41.96,0.0,0.0,1.5,1.24,26.0,,,,,,T-55AMD-1
germ_marder_df_105,214.0,50.71,0.0,0.0,1.34,1.4,240.0,28.62,0.0,0.0,2.59,1.63,6.0,100.0,0.0,0.0,5.0,5.0,DF105
uk_a_33_excelsior,194.0,99.08,0.06,0.09,6.44,9.2,149.0,79.72,0.0,0.0,7.69,5.11,0.0,,,,,,Excelsior
la-5fn,207.0,55.5,4.78,3.89,0.42,0.37,110.0,50.0,2.81,1.3,0.46,0.55,0.0,,,,,,La-5FN
germ_pzkpfw_IV_ausf_F2,210.0,75.56,0.0,0.0,5.13,4.2,369.0,35.57,0.0,0.0,4.33,2.83,0.0,,,,,,Pz.IV_F2
germ_leopard_2k,197.0,61.79,0.0,0.0,1.93,2.14,971.0,54.95,0.03,0.0,2.35,2.02,0.0,,,,,,Leopard_2K
ussr_bmpt,192.0,51.83,0.13,0.16,1.13,1.45,1778.0,45.79,0.0,0.0,1.6,1.33,3.0,,,0.0,,1.0,БМПТ
mig_25pd,198.0,66.45,3.79,3.4,0.0,0.0,237.0,67.25,1.92,3.01,0.0,0.0,0.0,,,,,,МиГ-25ПД
ussr_zsu_57_2,187.0,29.64,0.1,0.04,1.48,1.27,1056.0,44.59,0.0,0.0,1.61,1.19,3.0,,,,,,ZSU-57-2
germ_leopard_2a7v,197.0,61.1,0.0,0.0,3.07,3.65,1628.0,50.88,0.0,0.0,2.29,1.95,0.0,,,,,,Leopard_2A7V
ussr_kv_1s,192.0,79.36,0.06,0.07,3.23,4.36,106.0,17.44,0.0,0.0,2.08,1.75,0.0,,,,,,KV-1S
jp_type_90b_camo,183.0,50.7,0.15,0.15,2.41,2.1,3411.0,51.82,0.0,0.0,2.41,1.82,31.0,19.44,0.0,0.0,0.83,0.62,"Type_90_(B)_""Fuji"""
ussr_t_34_1941,191.0,84.59,0.0,0.0,2.66,2.6,45.0,50.0,0.0,0.0,2.86,2.64,0.0,,,,,,T-34_(1941)
ussr_t_80u,189.0,60.45,0.0,0.0,1.09,1.6,884.0,52.44,0.0,0.0,1.67,1.33,0.0,,,,,,T-80U
sw_sherman_3_4,184.0,90.53,0.0,0.0,5.72,5.03,232.0,51.29,0.0,0.0,6.1,2.88,0.0,,,,,,Sherman_III/IV
ussr_t_44_100,170.0,48.77,0.06,0.04,4.2,2.52,1496.0,51.1,0.0,0.0,1.94,1.65,64.0,32.35,0.0,0.0,4.0,2.33,T-44-100
germ_thyssen_henschel_tam_2ip,167.0,75.99,0.04,0.03,3.11,2.35,899.0,49.97,0.0,0.0,2.05,1.62,5.0,,,0.0,,2.0,TAM_2IP
sw_t_34_85_zis_53,174.0,90.16,0.06,0.05,3.03,2.62,416.0,57.96,0.0,0.0,2.65,2.3,0.0,,,,,,T-34-85
fr_amx_50_surbaisse,179.0,60.56,0.0,0.0,5.1,3.74,338.0,70.09,0.0,0.0,3.94,2.95,0.0,,,,,,AMX-50_Surbaissé
i_185_m82,186.0,72.05,4.32,2.92,1.31,0.82,82.0,100.0,3.31,1.92,1.19,0.87,0.0,,,,,,I-185_(M-82)
ussr_t_72av_turms,166.0,42.86,0.0,0.0,1.25,1.09,1048.0,51.49,0.0,0.0,2.27,1.62,0.0,,,,,,T-72AV_(TURMS-T)
ussr_bmpt_72,168.0,48.39,0.07,0.04,1.45,0.87,1875.0,48.33,0.0,0.0,1.74,1.39,0.0,,,,,,БМПТ-72
ussr_t_54_1951,169.0,60.15,0.0,0.0,1.9,2.17,222.0,50.0,0.0,0.0,1.86,1.55,5.0,100.0,0.0,,1.0,,T-54_(1951)
ussr_t_10m,171.0,38.17,0.0,0.0,6.15,3.97,597.0,48.87,0.0,0.0,2.27,1.7,27.0,88.64,0.0,0.0,1.89,2.23,T-10M
f_6c_pakistan,163.0,67.74,5.49,5.61,0.15,0.17,58.0,90.32,3.81,4.64,1.74,2.79,0.0,,,,,,F-6C
germ_erprobungstrager_3_achs_turm,175.0,51.23,0.0,0.0,1.96,1.89,1917.0,45.2,0.04,0.0,2.77,1.84,0.0,,,,,,Turm_III
i_29,166.0,86.04,2.11,2.63,1.39,1.73,0.0,,,,,,0.0,,,,,,I-29
ussr_su_100p,163.0,59.56,0.0,0.0,2.55,2.72,460.0,34.26,0.0,0.0,2.23,1.33,0.0,,,,,,SU-100P
i_185_m71_standard,164.0,69.95,2.88,2.58,1.01,0.88,106.0,100.0,2.0,1.49,4.0,1.54,0.0,,,,,,I-185_(M-71)
cn_t_34_1942,162.0,83.64,0.0,0.0,4.22,3.77,53.0,100.0,0.0,0.0,5.33,3.34,0.0,,,,,,T-34_(1943)_(China)
ussr_object_906,160.0,47.78,0.0,0.0,1.72,1.21,1366.0,49.96,0.0,0.0,2.57,1.75,62.0,79.17,0.0,0.0,7.08,2.76,Object_906
yak-9b,175.0,90.09,3.34,3.58,8.76,9.35,2.0,,,,,,0.0,,,,,,Yak-9B
us_m6a1,155.0,41.03,0.04,0.01,5.29,3.39,133.0,53.79,0.0,0.0,3.68,2.39,0.0,,,,,,M6A1
germ_jgdpz_IV_L48,163.0,43.86,0.0,0.0,7.41,2.91,148.0,56.52,0.0,0.0,7.57,2.58,0.0,,,,,,Jagdpanzer_IV
germ_kpz_t72m1,166.0,74.68,0.0,0.0,3.67,3.32,938.0,46.09,0.0,0.0,1.86,1.7,0.0,,,,,,◊T-72M1
il_magach_5,162.0,67.46,0.06,0.05,4.08,3.74,67.0,41.67,0.0,0.0,1.43,1.95,0.0,,,,,,Magach_5
it_m24_chaffee,160.0,94.78,0.01,0.01,4.1,5.25,253.0,64.67,0.0,0.0,2.13,1.94,0.0,,,,,,M24
ussr_t_34_57_1943,164.0,78.17,0.06,0.05,3.86,3.48,213.0,48.9,0.0,0.0,3.22,2.19,0.0,,,,,,T-34-57_(1943)
us_m26_pershing,159.0,77.61,0.0,0.0,3.54,2.85,217.0,47.8,0.0,0.0,3.3,1.76,76.0,64.81,0.0,0.0,3.89,3.8,M26
ussr_t_54_1949,150.0,49.15,0.0,0.0,1.45,1.65,247.0,52.58,0.0,0.0,1.28,1.52,31.0,100.0,0.0,0.0,4.43,3.0,T-54_(1949)
ussr_kv_2_zis_6,156.0,66.54,0.03,0.08,4.45,6.55,41.0,50.0,0.0,0.0,3.5,3.94,0.0,,,,,,KV-2_(ZiS-6)
us_m24_chaffee,160.0,85.97,0.06,0.08,3.56,3.07,541.0,42.36,0.0,0.0,2.71,1.45,0.0,,,,,,M24
sw_pzkpfw_IV_ausf_J,142.0,85.05,0.0,0.0,3.55,3.8,190.0,42.43,0.0,0.0,1.04,0.98,0.0,,,,,,Pz.IV
ussr_kv_1_L_11,139.0,90.71,0.1,0.1,3.46,4.38,79.0,36.11,0.0,0.0,6.38,3.85,0.0,,,,,,KV-1_(L-11)
pe-3_bis,139.0,84.68,0.93,1.19,3.86,4.71,0.0,,,,,,0.0,,,,,,Pe-3bis
ussr_t_80ue1,137.0,47.74,0.0,0.0,1.79,1.75,4315.0,45.75,0.0,0.0,1.6,1.32,0.0,,,,,,Т-80U-Е1
us_m1a2_sep_abrams,140.0,52.15,0.0,0.0,1.58,2.15,1111.0,52.97,0.0,0.0,1.83,1.61,7.0,,,,,,M1A2_SEP
ussr_t_34_85_stp_s53,147.0,63.87,0.0,0.0,4.57,4.01,1411.0,50.75,0.0,0.0,2.71,2.24,0.0,,,,,,Т-34-85_(СТП)
jp_type_5_ho_ri_production,142.0,75.65,0.0,0.0,4.95,4.57,1981.0,79.75,0.0,0.0,4.46,4.55,0.0,,,,,,Ho-Ri_Production
ussr_is_2_1943,137.0,38.09,0.0,0.0,2.61,2.35,449.0,32.87,0.0,0.0,2.41,1.37,0.0,,,,,,IS-2
uk_a27m_cromwell_5,134.0,99.46,0.0,0.0,6.14,7.21,154.0,31.0,0.0,0.0,2.71,1.41,0.0,,,,,,Cromwell_V
us_m4a3e8_76w_sherman,136.0,67.89,0.0,0.0,1.53,2.21,794.0,60.22,0.0,0.0,2.49,2.35,9.0,,,0.0,,1.0,M4A3_(76)_W
mig_29m_9_15,139.0,48.39,1.76,1.33,0.16,0.12,335.0,51.17,0.59,0.57,0.42,0.4,15.0,,,1.0,,1.0,МиГ-29М_(9-15)
germ_panzerbefelhswagen_jagdpanther,133.0,77.18,0.0,0.0,5.46,6.16,36.0,14.71,0.0,0.0,1.76,2.34,4.0,100.0,0.0,0.0,3.0,3.0,Bfw._Jagdpanther_G1
ki_43_3_otsu,139.0,59.68,6.03,5.79,0.36,0.39,539.0,68.99,0.45,0.56,0.84,1.05,0.0,,,,,,Ki-43-III_otsu
us_t20,145.0,99.35,0.0,0.0,7.49,8.45,2820.0,64.54,0.0,0.0,4.01,3.57,50.0,100.0,0.0,0.0,7.5,6.34,T20
ussr_t_55a,136.0,50.0,0.0,0.0,2.43,2.19,1182.0,45.73,0.0,0.0,1.95,1.45,1.0,,,0.0,,1.0,T-55A
germ_panzerbefelhswagen_IV_ausf_J,135.0,97.58,0.0,0.0,4.53,4.15,185.0,38.79,0.0,0.0,1.98,1.61,0.0,,,,,,Pz.Bfw.IV
yak-9t,145.0,88.89,6.98,4.55,0.32,0.19,76.0,81.03,1.02,0.84,0.22,0.17,6.0,,,0.0,,0.0,Yak-9T
jp_navy_120mm_spg,137.0,68.59,0.0,0.0,4.99,2.46,153.0,86.56,0.0,0.0,3.59,2.33,0.0,,,,,,Chi-Ha_LG
uk_ram_90mm_aa,154.0,57.14,0.83,0.5,5.33,3.65,20.0,100.0,0.0,0.0,6.0,3.53,0.0,,,,,,QF_3.7_Ram
il_8_1944,137.0,68.82,1.83,1.56,4.3,3.62,91.0,32.14,0.3,0.27,1.86,1.81,0.0,,,,,,IL-8_(1944)
germ_panzerjager_tiger,129.0,47.5,0.26,0.22,3.83,3.94,385.0,31.97,0.0,0.0,2.0,1.62,0.0,,,,,,Jagdtiger
ussr_su_122_54,130.0,39.03,0.0,0.0,1.05,1.13,243.0,22.22,0.0,0.0,3.03,2.05,0.0,,,,,,SU-122-54
jp_m36b2_jgsdf,134.0,75.47,0.24,0.2,2.3,2.24,1958.0,64.61,0.0,0.0,1.58,1.44,0.0,,,,,,M36
ussr_t_34_100,122.0,94.57,0.0,0.0,5.55,3.87,295.0,61.85,0.0,0.0,3.03,2.36,17.0,0.0,0.0,0.0,1.0,1.0,T-34-100
pe-2-1,127.0,90.0,0.28,0.31,3.93,4.59,0.0,,,,,,0.0,,,,,,Pe-2-1
sw_strv_122,123.0,53.87,0.0,0.0,2.16,2.56,171.0,67.53,0.0,0.0,3.02,2.16,9.0,,,0.0,,0.0,Strv_122A
germ_le_kpz_m41,132.0,61.29,0.0,0.0,1.05,0.62,1018.0,41.41,0.0,0.0,1.13,0.91,0.0,,,,,,leKPz_M41
ussr_t_34_85E,121.0,90.32,0.0,0.0,8.79,7.72,300.0,65.96,0.0,0.0,4.8,3.57,0.0,,,,,,T-34-85E
ussr_is_2_1944,124.0,23.72,0.0,0.0,4.52,2.31,577.0,43.11,0.0,0.0,2.48,1.9,0.0,,,,,,IS-2_(1944)
ussr_kv_7_u13,131.0,73.89,0.09,0.06,5.0,5.09,155.0,51.92,0.0,0.0,4.75,4.57,0.0,,,,,,KV-7_(U-13)
us_m4a2_76w_sherman,124.0,55.64,0.0,0.0,1.95,1.97,733.0,57.84,0.0,0.0,2.35,2.22,0.0,,,,,,M4A2_(76)_W
germ_flakpanzer_IV_Ostwind,126.0,70.87,2.24,2.62,2.78,3.14,279.0,40.15,0.32,0.37,1.18,1.09,0.0,,,,,,Ostwind
germ_leopard_2a6,126.0,61.51,0.0,0.0,2.06,2.9,675.0,43.07,0.0,0.0,2.34,1.85,0.0,,,,,,Leopard_2A6
jp_type_5_chi_ri,127.0,69.2,0.15,0.18,1.65,1.9,825.0,68.44,0.0,0.0,2.22,1.91,0.0,,,,,,Chi-Ri_II
germ_pzkpfw_VI_ausf_b_tiger_IIh_sla,117.0,87.37,0.0,0.0,5.66,5.51,733.0,59.34,0.0,0.0,4.47,3.03,4.0,100.0,0.0,0.0,2.0,2.0,Tiger_II_(H)_Sla.16
cn_m36,121.0,74.73,0.06,0.05,1.83,1.74,44.0,66.67,0.0,0.0,4.33,2.11,0.0,,,,,,M36_GMC_(China)
germ_vk_3002m,118.0,53.89,0.0,0.0,3.96,4.28,296.0,39.48,0.0,0.0,4.84,2.23,0.0,,,,,,VK_3002_(M)
s_199,122.0,94.44,9.22,1.53,0.94,0.3,46.0,,,0.34,,0.34,0.0,,,,,,Sakeen
germ_mkpz_m48a2c,115.0,57.1,0.0,0.0,1.07,0.98,481.0,28.28,0.0,0.0,0.91,0.91,46.0,5.77,0.0,0.0,1.52,1.18,M48A2_C
cn_t_34_85_zis_53_no215,114.0,94.0,0.0,0.0,7.98,8.32,10.0,,,0.0,,2.0,0.0,,,,,,T-34-85_No.215
ussr_t_44_po,113.0,100.0,0.0,0.0,4.28,5.23,71.0,72.22,0.0,0.0,4.83,3.97,0.0,,,,,,Т-44(ПМ)
us_m1a1_abrams,111.0,70.0,0.0,0.0,1.7,1.97,1688.0,55.33,0.0,0.0,2.02,1.82,0.0,,,,,,M1A1
us_m3_lee,120.0,66.67,0.2,0.2,3.5,4.2,46.0,,,0.0,,2.1,0.0,,,,,,M3_Lee
yak-9,115.0,96.45,3.98,4.44,0.49,0.48,13.0,100.0,4.0,,0.0,,0.0,,,,,,Yak-9
me-410a-1,115.0,95.7,1.03,1.09,4.26,4.46,28.0,,,0.0,,0.8,0.0,,,,,,Me_410_A-1
fr_m26_pershing,108.0,44.68,0.03,0.04,2.41,3.66,95.0,42.48,0.0,0.0,4.43,3.14,0.0,,,,,,M26
us_m4a2_sherman,119.0,79.32,0.0,0.0,3.52,3.25,313.0,59.11,0.0,0.0,3.6,2.61,0.0,,,,,,M4A2
us_m1a2_abrams,112.0,44.09,0.0,0.0,1.28,1.42,1069.0,64.87,0.0,0.0,2.45,2.51,0.0,,,,,,M1A2_Abrams
us_lvt_a_1,102.0,97.63,0.05,0.1,6.37,10.66,19.0,,,0.0,,1.89,0.0,,,,,,LVT(A)(1)
ussr_t_62m1,116.0,50.0,0.0,0.0,3.42,2.33,562.0,53.46,0.0,0.0,1.53,1.47,0.0,,,,,,T-62M-1
me-410b-1,110.0,100.0,0.77,0.74,5.46,4.9,0.0,,,,,,0.0,,,,,,Me_410_B-1
us_m2a4_1st_armor_div,112.0,88.0,0.0,0.0,5.88,5.58,0.0,,,,,,0.0,,,,,,M2A4_(1st_Arm.Div.)
lagg-3-8,107.0,72.05,4.89,4.29,0.58,0.49,0.0,,,,,,0.0,,,,,,LaGG-3-8
sw_pvkv_II,110.0,78.93,0.0,0.0,3.96,5.33,84.0,50.0,0.0,0.0,4.0,2.83,0.0,,,,,,Pvkv_II
us_m1a1_hc_usmc,105.0,54.17,0.08,0.12,2.73,1.66,3393.0,58.98,0.0,0.0,1.83,1.72,29.0,0.0,0.0,0.0,3.0,1.12,M1A1_Click-Bait
us_t26e4_superpershing,105.0,55.8,0.06,0.11,2.33,3.58,629.0,58.33,0.0,0.0,3.92,3.63,0.0,,,,,,T26E1-1
us_m60a1_rise_passive_era,103.0,66.67,0.3,0.37,2.43,2.75,287.0,65.09,0.0,0.0,1.9,1.75,0.0,,,,,,M60A1_RISE_(P)
us_m36,109.0,71.51,0.0,0.0,2.27,2.42,347.0,66.19,0.0,0.0,5.25,2.54,0.0,,,,,,M36_GMC
f-84b,108.0,80.05,3.21,2.24,11.42,7.84,73.0,0.0,2.8,0.86,7.0,2.61,0.0,,,,,,F-84B-26
fw-190d-9,110.0,50.11,2.68,2.19,0.77,0.65,260.0,45.11,0.89,1.05,0.67,0.81,0.0,,,,,,Fw_190_D-9
il_m_51,109.0,100.0,0.0,0.0,4.0,1.05,617.0,45.62,0.0,0.0,2.71,1.32,0.0,,,,,,M-51
sw_t_28,106.0,73.06,0.0,0.0,5.42,3.88,2.0,,,,,,0.0,,,,,,T-28
us_m1a1_aim_abrams,105.0,71.4,0.03,0.04,1.83,3.31,1045.0,59.64,0.0,0.0,2.16,1.66,17.0,,,0.0,,2.0,M1A1_AIM
p-51_mk1a_usaaf,104.0,71.74,6.52,2.66,0.72,0.22,188.0,63.37,1.89,2.21,0.94,0.96,0.0,,,,,,P-51
ussr_t_44,102.0,59.25,0.0,0.0,3.39,3.22,466.0,35.18,0.0,0.0,1.65,1.63,21.0,50.0,0.0,0.0,0.5,1.42,T-44
ussr_kv_8,106.0,80.65,0.0,0.0,1.75,2.39,8.0,,,,,,0.0,,,,,,КВ-8
us_m36b2,102.0,83.33,0.0,0.0,2.29,1.85,354.0,69.25,0.0,0.0,1.98,1.59,0.0,,,,,,M36B2
ki_61_1a_otsu_china,102.0,83.18,5.79,5.46,1.59,1.61,10.0,,,,,,23.0,61.11,0.67,1.0,2.56,3.38,Ki-61-I_otsu_(China)
germ_kv_1_kwk_40,100.0,53.89,0.0,0.0,4.1,3.97,279.0,63.68,0.0,0.0,5.45,3.94,0.0,,,,,,KW_I_C_756_(r)
germ_jgdpz_38t,102.0,77.08,0.0,0.0,7.06,3.11,53.0,0.0,0.0,0.0,2.29,1.94,0.0,,,,,,Jagdpanzer_38(t)
ussr_zsu_29k,102.0,81.33,0.11,0.15,3.24,3.48,11.0,100.0,0.0,0.0,2.0,2.0,0.0,,,,,,YaG-10_(29-K)
sw_ikv_91,98.0,55.83,0.05,0.05,2.12,2.35,447.0,42.4,0.0,0.0,1.18,1.05,0.0,,,,,,Ikv_91
ussr_asu_85,103.0,42.31,0.0,0.0,0.89,0.92,250.0,53.37,0.0,0.0,2.3,1.41,0.0,,,,,,ASU-85
f-80a,101.0,85.43,1.73,1.79,3.25,3.4,67.0,,,2.21,,0.43,0.0,,,,,,F-80A-5
fw-190a-5_u2,100.0,81.72,3.25,2.19,1.29,0.94,11.0,,,0.0,,0.0,0.0,,,,,,Fw_190_A-5/U2
su_27sm,97.0,31.72,1.6,1.67,0.12,0.12,427.0,65.48,2.24,2.22,0.05,0.06,8.0,,,1.38,,0.0,Su-27SM
ussr_bmp_1,94.0,84.57,0.0,0.0,0.15,0.25,317.0,49.97,0.0,0.0,0.77,0.79,0.0,,,,,,BMP-1
hellcat_fmk1,99.0,97.74,2.61,2.59,4.22,4.19,0.0,,,,,,81.0,50.0,0.5,0.17,2.19,1.46,Hellcat_Mk_II
yak-9u,95.0,72.58,5.59,6.13,0.96,0.95,27.0,100.0,2.5,2.5,1.0,1.0,0.0,,,,,,Yak-9U
ussr_t_90m_2020,90.0,32.57,0.0,0.0,1.93,1.73,1548.0,47.74,0.0,0.0,1.96,1.66,11.0,100.0,0.0,0.0,0.09,0.09,T-90M
cn_t_34_85_d_5t,95.0,86.83,0.05,0.07,3.1,3.45,115.0,67.16,0.0,0.0,5.16,4.44,0.0,,,,,,Т-34-85_(S-53)_(China)
cn_m4a1_76w_sherman,93.0,53.33,0.2,0.08,3.13,2.92,24.0,,,,,,0.0,,,,,,M4A1_(75)_W_(China)
us_m41_walker_bulldog,91.0,85.56,0.1,0.13,2.33,2.56,775.0,57.29,0.0,0.0,1.2,0.94,0.0,,,,,,M41A1
il_centurion_shot_kal_alef,93.0,60.0,0.2,0.3,2.2,3.19,95.0,76.11,0.0,0.0,1.36,0.98,0.0,,,,,,Sho't_Kal_Alef
fr_sk105_a2,91.0,79.57,0.0,0.0,2.65,3.05,248.0,53.23,0.0,0.0,2.76,2.66,0.0,,,,,,SK-105A2
sw_kv_1_1942_fin,97.0,59.23,0.0,0.0,2.9,2.95,64.0,23.91,0.0,0.0,3.74,3.46,0.0,,,,,,KV-1_m1942
jp_m44,97.0,50.0,0.1,0.07,3.08,2.8,597.0,64.3,0.0,0.0,1.61,1.08,0.0,,,,,,M44
germ_kv_1B_finland,89.0,79.55,0.0,0.0,6.3,12.12,55.0,50.0,0.0,0.0,5.25,6.72,0.0,,,,,,KV-IB
yak-3,95.0,91.35,9.12,6.81,0.72,0.59,124.0,21.21,3.9,2.8,0.93,0.37,5.0,,,,,,Yak-3
us_t26e5,97.0,58.89,0.2,0.3,2.46,3.73,1156.0,57.24,0.0,0.0,3.62,2.72,0.0,,,,,,T26E5
uk_a17_mk_1_tetrarch,90.0,100.0,0.0,0.0,5.8,3.51,74.0,8.7,0.0,0.0,2.93,1.31,0.0,,,,,,Tetrarch_I
mig-21_s,90.0,56.06,3.04,3.04,0.11,0.11,102.0,48.04,1.33,2.18,0.02,0.4,16.0,,,,,,MiG-21S_(R-13-300)
bf-109g-2,97.0,57.5,2.01,1.81,0.53,0.47,65.0,81.67,0.92,0.25,1.47,1.43,0.0,,,,,,Bf_109_G-2/trop
jp_type_5_na_to,94.0,76.86,0.0,0.0,4.25,3.44,208.0,84.14,0.0,0.0,4.19,2.05,0.0,,,,,,Na-To
germ_pzh_2000,86.0,92.01,0.5,0.41,1.17,0.77,584.0,26.86,0.04,0.03,1.18,0.85,0.0,,,,,,PzH_2000
do_217e_2,92.0,95.16,0.37,0.32,6.61,5.96,40.0,50.0,0.0,0.0,0.5,1.0,0.0,,,,,,Do_217_E-2
germ_pzkpfw_VI_ausf_h1_tiger_animal_version,92.0,60.22,0.14,0.14,3.35,4.01,24.0,65.22,0.0,0.0,3.11,4.79,0.0,,,,,,␠Tiger
us_xm246,93.0,65.08,0.4,0.56,1.91,2.46,1338.0,59.14,0.23,0.19,1.68,1.39,0.0,,,,,,XM246
uk_chieftain_900,85.0,78.5,0.0,0.0,1.99,2.09,131.0,50.72,0.0,0.0,2.68,1.99,0.0,,,,,,Chieftain_900
sw_ikv_103,84.0,44.44,0.0,0.0,1.43,1.67,98.0,40.86,0.0,0.0,0.66,0.58,0.0,,,,,,Ikv_103
jp_m4a3e8_76w_sherman,92.0,86.03,0.3,0.21,3.71,3.21,1348.0,69.44,0.0,0.0,2.24,1.83,0.0,,,,,,M4A3_(76)_W
ussr_kv_220,85.0,91.67,0.0,0.0,5.54,3.63,106.0,88.02,0.0,0.0,8.61,7.67,0.0,,,,,,KV-220
ussr_is_2_1944_321,90.0,100.0,0.0,0.0,5.72,5.72,49.0,93.48,0.0,0.0,5.92,5.62,0.0,,,,,,IS-2_No.321
it_43m_turan_3,88.0,100.0,0.0,0.0,4.2,3.63,82.0,53.09,0.0,0.0,2.59,2.66,0.0,,,,,,Turan_III
uk_sherman_vc_firefly,85.0,51.08,0.0,0.0,2.68,3.05,262.0,48.33,0.0,0.0,3.09,1.73,0.0,,,,,,Sherman_Firefly
me_264,84.0,96.77,1.07,0.83,7.39,5.78,0.0,,,,,,0.0,,,,,,Me_264
yak-1_early,86.0,100.0,6.02,4.92,2.65,2.05,53.0,100.0,0.93,0.73,1.0,0.87,0.0,,,,,,Yak-1
ussr_9a35_m2,79.0,40.43,2.27,5.28,0.71,1.79,40.0,49.31,0.8,1.21,0.0,0.0,0.0,,,,,,Strela-10M2
f_15c_golden_eagle,82.0,61.91,2.21,2.04,0.25,0.19,244.0,51.47,2.1,1.7,0.14,0.14,8.0,,,1.6,,0.0,F-15C_Golden_Eagle
fr_lorraine_40t,87.0,7.69,0.0,0.0,4.08,2.07,398.0,64.14,0.0,0.0,2.4,2.6,0.0,,,,,,Lorraine_40t
ussr_btr_82at,75.0,50.0,0.11,0.11,0.87,1.0,706.0,49.28,0.0,0.0,1.45,1.32,0.0,,,,,,БТР-82АТ
yak_2_kabb,85.0,100.0,2.32,3.18,5.43,7.14,0.0,,,,,,11.0,100.0,1.0,1.0,2.0,1.27,Yak-2_KABB
yak-3_eremin,81.0,100.0,7.24,7.45,1.29,1.32,30.0,50.0,4.0,,2.5,,23.0,,,,,,Eremin's_Yak-3(e)
f4u-1c,84.0,69.54,2.75,1.91,0.79,0.56,47.0,,,0.0,,0.0,0.0,,,,,,F4U-1C
germ_pzkpfw_V_ausf_g_panther,81.0,64.1,0.0,0.0,1.37,1.62,508.0,36.54,0.0,0.0,1.98,1.45,0.0,,,,,,Panther_G
cn_type_97_chi_ha,75.0,100.0,0.17,0.25,6.27,10.25,0.0,,,,,,0.0,,,,,,Chi-Ha_(China)
il_magach_6_rocket,78.0,50.0,0.0,0.0,2.52,1.78,182.0,86.83,0.0,0.0,4.95,3.3,0.0,,,,,,Magach_Hydra
germ_waffentrager_krupp_steyr,84.0,77.98,0.0,0.0,2.16,2.25,185.0,33.04,0.0,0.0,1.58,1.93,0.0,,,,,,Waffenträger
fa_18c_late,79.0,48.08,1.58,1.12,0.13,0.06,174.0,64.43,0.92,0.85,0.12,0.11,0.0,,,,,,F/A-18C_Late
sw_pbv_501,78.0,17.5,0.07,0.07,1.1,0.85,502.0,44.27,0.0,0.0,1.27,0.97,0.0,,,,,,Pbv_501
fr_amx_30_b2_brenus,81.0,71.8,0.0,0.0,2.86,2.5,159.0,72.04,0.0,0.0,4.09,3.17,0.0,,,,,,AMX-30B2_BRENUS
fa_18e_block_2,79.0,57.78,2.24,2.04,0.24,0.18,558.0,68.15,1.06,1.02,0.66,0.61,43.0,0.0,3.0,1.16,0.0,0.0,F/A-18E
jp_type_3_chi_nu,83.0,67.34,0.0,0.0,4.54,4.84,275.0,93.24,0.0,0.0,3.03,1.67,0.0,,,,,,Chi-Nu
germ_panzerjager_tiger_P_ferdinand,77.0,68.93,0.19,0.31,2.09,3.15,301.0,32.08,0.0,0.0,3.12,1.9,0.0,,,,,,Ferdinand
ussr_t_34_1941_l_11,82.0,100.0,0.0,0.0,5.05,2.72,115.0,29.72,0.0,0.0,2.78,1.21,0.0,,,,,,T-34_(1940)
us_m1a2_sep2_abrams,78.0,38.51,0.0,0.0,0.91,0.68,1378.0,54.1,0.0,0.0,1.84,1.7,7.0,0.0,0.0,0.0,1.0,1.0,M1A2_SEP_V2
us_m18_hellcat_black_cat,84.0,82.22,0.2,0.23,4.42,5.03,1223.0,79.33,0.0,0.0,2.75,2.28,0.0,,,,,,"M18_""Black_Cat"""
cn_vt_4b,78.0,59.26,0.0,0.0,3.24,3.2,66.0,48.72,0.0,0.0,2.74,4.26,0.0,,,,,,VT4A1
germ_sturmpanzer_IV_brummbar,81.0,65.59,0.0,0.0,2.57,3.51,64.0,,,0.0,,3.22,0.0,,,,,,Brummbär
ussr_zsu_23_4m4,70.0,54.67,1.65,2.68,0.68,1.06,438.0,49.54,1.56,1.07,0.0,0.0,0.0,,,,,,ZSU-23-4M4
us_t29,83.0,53.75,0.0,0.0,7.98,9.37,1957.0,58.07,0.0,0.0,4.07,2.8,0.0,,,,,,T29
ussr_su_85m,77.0,50.0,0.0,0.0,2.03,2.42,45.0,50.0,0.0,0.0,1.6,1.93,0.0,,,,,,SU-85M
us_m1_ip_abrams,74.0,50.0,0.0,0.0,2.11,1.85,851.0,57.55,0.0,0.0,3.07,2.71,0.0,,,,,,IPM1
germ_pzkpfw_V_ausf_a_panther,76.0,31.03,0.0,0.0,5.38,3.42,658.0,37.44,0.0,0.0,1.46,1.57,0.0,,,,,,Panther_A
germ_marder_1a3,77.0,23.65,0.0,0.0,0.58,0.47,352.0,26.37,0.06,0.05,1.09,0.88,0.0,,,,,,Marder_1A3
saab_b3c,75.0,100.0,2.24,1.16,38.79,20.43,0.0,,,,,,0.0,,,,,,B3C
us_mk1_grant,80.0,66.67,0.3,0.5,3.3,5.0,32.0,35.29,0.0,0.0,0.32,0.32,0.0,,,,,,Grant_I
ussr_object_248,82.0,92.11,0.0,0.0,6.7,6.85,97.0,57.84,0.0,0.0,7.32,4.54,0.0,,,,,,Object_248
ussr_m53_59,77.0,28.49,2.7,4.08,0.17,0.31,631.0,38.56,0.84,0.71,0.57,0.49,3.0,,,,,,M53/59
f-4s,79.0,100.0,6.89,2.09,0.42,0.09,721.0,54.5,1.13,1.28,0.06,0.11,15.0,,,1.33,,0.0,F-4S_Phantom_II
germ_pzkpfw_Maus,75.0,85.63,0.0,0.0,5.95,11.15,993.0,48.61,0.0,0.0,4.22,4.01,0.0,,,,,,Maus
p-51d-20-na_j26,77.0,45.24,1.03,1.78,0.0,0.0,0.0,,,,,,0.0,,,,,,J26
germ_pzkpfw_IV_ausf_H,78.0,39.64,0.0,0.0,1.85,2.63,442.0,37.05,0.0,0.0,2.45,1.63,16.0,,,,,,Pz.IV_H
il_merkava_mk_2d,74.0,45.06,0.0,0.0,2.73,2.83,437.0,55.0,0.0,0.0,2.95,2.27,0.0,,,,,,Merkava_Mk.2D
germ_pzkpfw_IV_ausf_G,78.0,75.27,0.0,0.0,3.01,4.16,136.0,34.3,0.0,0.0,1.89,2.07,0.0,,,,,,Pz.IV_G
su_30mkk,72.0,100.0,18.67,3.09,0.0,0.16,1168.0,63.09,1.18,1.28,0.75,0.8,52.0,100.0,3.0,3.22,0.5,0.39,Su-30MKK_(China)
germ_begleitpanzer_57,71.0,74.11,0.7,0.91,2.39,3.24,1178.0,54.59,0.28,0.18,1.63,1.13,25.0,5.56,0.0,0.0,0.94,1.0,Begleitpanzer_57
uk_chieftain_mk_10,71.0,79.07,0.0,0.0,2.08,2.43,142.0,60.35,0.0,0.0,3.25,3.81,0.0,,,,,,Chieftain_Mk_10
f-5e,72.0,60.0,2.31,2.1,0.22,0.1,174.0,60.48,1.61,1.79,0.54,0.6,0.0,,,,,,F-5E
ussr_t_80ud,71.0,46.53,0.0,0.0,2.23,2.49,2381.0,47.83,0.0,0.0,1.71,1.44,0.0,,,,,,T-80UD
f8f1,81.0,38.1,1.99,1.97,1.04,1.59,415.0,48.47,0.41,0.24,2.06,1.11,17.0,,,0.0,,0.0,F8F-1
cn_m18_hellcat,70.0,78.71,0.0,0.0,2.83,2.22,270.0,68.6,0.0,0.0,2.05,2.14,0.0,,,,,,M18_GMC_(China)
p-40e_ussr,73.0,77.96,3.71,4.2,0.97,1.05,11.0,,,0.0,,1.0,0.0,,,,,,P-40E-1
germ_pz_IV_L70_A,69.0,100.0,0.0,0.0,3.89,2.64,67.0,0.0,0.0,0.0,5.75,1.58,0.0,,,,,,Panzer_IV/70(A)
us_m4a1_76w_sherman,72.0,56.4,0.0,0.0,2.05,2.13,362.0,60.63,0.0,0.0,5.06,2.43,3.0,,,,,,M4A1_(76)_W
jp_st_a2,79.0,38.33,0.23,0.21,1.21,1.47,410.0,71.7,0.0,0.0,3.87,2.11,0.0,,,,,,ST-A2
germ_sdkfz_234_2,75.0,75.4,0.0,0.0,0.96,1.31,932.0,43.66,0.0,0.0,1.15,1.0,0.0,,,,,,Sd.Kfz.234/2
ar_2,76.0,100.0,0.18,0.19,8.48,8.74,0.0,,,,,,0.0,,,,,,Ar-2
ki_43_1,70.0,100.0,9.07,5.07,0.93,0.17,0.0,,,,,,0.0,,,,,,Ki-43-I
jp_st_a1,78.0,42.5,0.28,0.32,2.1,2.27,783.0,62.41,0.0,0.0,2.3,1.42,0.0,,,,,,ST-A1
f-4j,72.0,62.5,2.19,2.35,0.29,0.28,125.0,53.76,1.16,1.03,0.01,0.01,0.0,,,,,,F-4J_Phantom_II
f-8e,68.0,57.5,2.13,1.54,0.0,0.0,53.0,50.0,2.0,4.0,0.0,0.0,0.0,,,,,,F-8E
il_merkava_mk_1,74.0,50.0,0.0,0.0,1.74,1.75,56.0,50.0,0.0,0.0,1.06,1.6,0.0,,,,,,Merkava_Mk.1
f6f-5n,73.0,47.54,1.03,1.67,0.7,1.03,134.0,54.41,0.35,0.42,0.75,0.74,0.0,,,,,,F6F-5N
us_m4a3e2_sherman_jumbo_cobra_king,69.0,78.57,0.0,0.0,2.93,2.58,124.0,41.75,0.0,0.0,3.68,2.29,0.0,,,,,,Cobra_King
ussr_t_72b,71.0,60.71,0.0,0.0,2.37,2.06,628.0,41.2,0.0,0.0,1.61,1.19,0.0,,,,,,T-72B
us_t95e1,79.0,96.8,0.0,0.0,2.06,1.28,367.0,49.3,0.0,0.0,1.44,1.28,0.0,,,,,,T95E1
mig_3_series_1_15,70.0,100.0,3.9,3.28,0.71,0.63,28.0,100.0,4.28,,0.0,,0.0,,,,,,MiG-3-15
ussr_su_85_1943,71.0,86.91,0.0,0.0,1.74,2.14,21.0,,,0.0,,3.0,0.0,,,,,,SU-85
b_239_finland,72.0,50.0,1.29,1.83,0.0,0.0,5.0,,,,,,0.0,,,,,,B-239
mig_27m,73.0,37.36,0.41,0.65,0.2,0.17,55.0,34.62,1.0,0.41,1.65,1.17,18.0,,,0.0,,1.0,MiG-27M
sw_t_54_1951,65.0,78.5,0.1,0.13,1.23,1.44,116.0,47.72,0.0,0.0,1.63,1.86,0.0,,,,,,T-54
jp_type_97_chi_ha,67.0,100.0,0.0,0.0,12.65,16.44,27.0,,,,,,0.0,,,,,,Chi-Ha
germ_flakpanzer_I_ausf_A,65.0,100.0,0.0,0.0,5.15,9.16,0.0,,,,,,0.0,,,,,,Flakpanzer_I
j_7d,70.0,57.02,3.11,2.4,0.0,0.0,221.0,86.7,2.94,2.17,1.06,0.7,0.0,,,,,,J-7D
ffvs_j22_b,67.0,50.0,2.65,2.11,0.0,0.0,14.0,,,,,,0.0,,,,,,J22-B
uk_matilda_hedgehog,63.0,66.67,0.3,0.5,4.7,7.0,0.0,,,,,,0.0,,,,,,Matilda_Hedgehog
sw_kungstiger,72.0,66.67,0.0,0.0,8.58,6.63,200.0,51.08,0.0,0.0,7.38,4.59,7.0,,,0.0,,1.57,Kungstiger
us_m2a4,64.0,100.0,0.07,0.11,3.52,4.27,69.0,15.38,0.0,0.0,4.46,2.2,0.0,,,,,,M2A4
ussr_t_90m_arena_m,60.0,85.0,0.0,0.0,2.26,2.17,998.0,50.07,0.0,0.0,1.92,1.61,0.0,,,,,,Т-90М_(Арена-М)
ussr_t_34E,65.0,70.43,0.0,0.0,2.06,4.67,23.0,100.0,0.0,0.0,6.0,3.0,0.0,,,,,,T-34E
il_magach_6b_gal,66.0,77.38,0.0,0.0,1.0,1.0,206.0,47.8,0.0,0.0,1.75,1.51,0.0,,,,,,Magach_6B_Gal
cn_m8_scott,60.0,100.0,0.12,0.36,3.5,6.4,20.0,,,0.0,,0.0,0.0,,,,,,M8_HMC_(China)
b_25j_30_vvs_ussr,62.0,93.55,0.13,0.18,2.85,3.01,0.0,,,,,,0.0,,,,,,B-25J-30
us_m18_super_hellcat,57.0,67.27,0.19,0.2,2.61,2.66,319.0,59.67,0.0,0.0,2.99,2.11,0.0,,,,,,Super_Hellcat
germ_leopard_2a4m_can_sm,64.0,67.92,0.0,0.0,2.06,3.04,1084.0,41.83,0.0,0.0,1.43,1.14,16.0,0.0,0.0,0.0,0.0,0.0,◍Leopard_2A4M
bf_110g_4,65.0,100.0,0.77,0.75,3.02,3.01,0.0,,,,,,0.0,,,,,,Bf_110_G-4
p-51d-30_usaaf_korea,65.0,74.64,1.97,1.32,0.82,0.47,184.0,56.71,1.37,1.76,1.33,1.5,68.0,100.0,9.0,3.0,0.0,0.0,P-51D-30
jp_sub_i_ii_20mm,69.0,80.95,0.84,1.32,1.07,1.47,1033.0,52.49,0.4,0.43,0.51,0.54,0.0,,,,,,SUB-I-II
mig_29_9_13,66.0,38.0,1.2,1.38,0.11,0.11,46.0,48.67,1.12,2.11,0.03,0.07,0.0,,,,,,MiG-29
germ_pzkpfw_III_ausf_E,65.0,100.0,0.05,0.38,4.73,9.25,68.0,0.0,0.0,0.0,2.42,1.32,0.0,,,,,,Pz.III_E
j_7e,64.0,50.0,2.87,2.53,0.0,0.0,43.0,0.0,5.57,5.57,0.29,0.29,0.0,,,,,,J-7E
il_sabra_mk1,65.0,50.0,0.0,0.0,1.57,1.88,40.0,50.0,0.0,0.0,2.73,4.83,0.0,,,,,,Sabra_Mk.I
p-51d-20-na,64.0,100.0,7.5,4.82,1.14,0.75,141.0,64.53,0.66,0.66,1.37,1.41,28.0,,,1.07,,0.0,P-51D-20-NA
la-5_type39,65.0,100.0,7.76,8.4,2.58,2.88,0.0,,,,,,0.0,,,,,,La-5F
us_t14,57.0,30.0,0.06,0.1,3.23,5.2,364.0,64.17,0.0,0.0,6.88,4.34,0.0,,,,,,T14
f_15c_msip2,60.0,40.48,1.56,1.46,0.48,0.35,247.0,63.03,2.14,2.38,0.14,0.18,11.0,,,2.18,,0.0,F-15C_MSIP_II
la-7_dolgushin,59.0,100.0,6.77,11.5,5.35,7.25,108.0,70.12,3.63,7.43,2.18,4.52,5.0,,,,,,Dolgushin's_La-7
it_pzkpfw_IV_ausf_G,62.0,100.0,0.0,0.0,4.61,4.7,75.0,83.03,0.0,0.0,2.1,1.74,0.0,,,,,,Pz.IV_G
cn_m24_chaffee,62.0,86.56,0.0,0.0,1.61,1.78,200.0,60.5,0.0,0.0,1.94,1.38,0.0,,,,,,M24_(China)
su_27,62.0,44.67,0.82,1.0,0.0,0.0,196.0,53.66,1.61,1.85,0.07,0.09,0.0,,,,,,Su-27
yak-9k,65.0,64.82,1.93,2.75,0.26,0.37,1123.0,60.94,0.35,0.34,2.02,1.89,17.0,,,,,,Yak-9K
germ_pzkpfw_II_ausf_H,62.0,86.9,0.24,0.42,8.74,12.64,63.0,0.0,0.0,0.0,7.4,2.83,0.0,,,,,,Pz.II_H
it_leopard_2a7_hungary,57.0,58.33,0.0,0.0,4.13,6.13,85.0,94.09,0.0,0.0,7.35,6.67,0.0,,,,,,Leopard_2A7HU
yak-30d,59.0,100.0,4.18,2.8,2.0,1.28,0.0,,,,,,0.0,,,,,,Yak-30D
fr_amx_13_90,59.0,67.36,0.0,0.0,2.31,2.13,124.0,78.26,0.0,0.0,4.87,3.48,0.0,,,,,,AMX-13-90
germ_leopard_a1a1_120,57.0,61.9,0.0,0.0,2.05,2.68,259.0,29.78,0.0,0.0,4.45,2.64,17.0,,,0.0,,1.0,Leopard_A1A1_(L/44)
vb_10c1,60.0,83.97,8.98,5.67,0.0,0.0,38.0,100.0,2.35,2.32,1.27,1.28,0.0,,,,,,VB.10C-1
f_16c_block_50,58.0,41.07,1.76,1.79,1.23,1.11,625.0,54.77,0.69,0.85,0.65,0.82,14.0,,,0.35,,0.05,F-16C
it_kf_41,55.0,41.67,0.0,0.0,1.74,1.68,77.0,66.34,0.0,0.0,0.69,0.75,0.0,,,,,,KF41
ussr_2s19_m1,62.0,53.21,0.0,0.0,1.04,1.6,194.0,51.18,0.01,0.01,1.14,0.71,5.0,,,0.0,,0.0,2С19М1
ussr_pzkpfw_V,60.0,100.0,0.0,0.0,6.58,5.23,90.0,60.42,0.0,0.0,1.44,1.98,0.0,,,,,,T-V
spitfire_mk5c_notrop,61.0,100.0,6.3,5.67,0.0,0.0,62.0,100.0,1.36,1.36,1.45,1.45,0.0,,,,,,Spitfire_Mk_Vc
i_225,58.0,50.0,2.84,1.93,0.11,0.06,78.0,81.88,2.57,2.17,0.67,0.58,0.0,,,,,,I-225
mb_157,59.0,73.08,10.85,10.23,0.0,0.0,30.0,91.67,2.83,4.5,1.33,2.0,0.0,,,,,,M.B.157
sw_l_62_anti_II,56.0,25.0,0.75,0.75,2.98,3.35,144.0,6.67,0.0,0.0,5.7,1.75,0.0,,,,,,L-62_ANTI_II
pe-2-83,59.0,100.0,0.29,0.37,2.98,4.4,37.0,100.0,0.0,0.0,0.71,0.35,0.0,,,,,,Pe-2-83
us_m1a2_sep3_abrams,59.0,98.33,0.0,0.0,6.78,10.28,2845.0,57.35,0.0,0.0,2.3,2.19,0.0,,,,,,M1A2_SEPv3
yak-9m,56.0,100.0,10.47,10.88,0.5,0.52,33.0,100.0,9.0,,3.0,,0.0,,,,,,Golovachev's_Yak-9M
p-51d-5,61.0,47.06,0.59,0.64,0.91,0.79,54.0,79.63,0.22,0.1,0.0,0.0,0.0,,,,,,P-51D-5
uk_m3_stuart,60.0,35.41,0.0,0.0,0.33,0.5,0.0,,,,,,0.0,,,,,,Stuart_I
germ_sdkfz_251_9,59.0,100.0,0.0,0.0,2.52,5.95,0.0,,,,,,0.0,,,,,,Sd.Kfz.251/9
it_palmaria,58.0,0.0,0.0,0.0,4.44,2.24,49.0,50.0,0.0,0.0,1.17,1.67,0.0,,,,,,Palmaria
germ_thyssen_henschel_tam,55.0,50.0,0.0,0.0,1.15,2.1,932.0,42.96,0.0,0.0,1.22,0.95,29.0,96.83,0.0,0.0,1.0,1.02,TAM
us_m60a1,55.0,43.33,0.0,0.0,1.0,0.89,511.0,55.34,0.0,0.0,1.66,1.4,0.0,,,,,,M60A1_(AOS)
la_174,56.0,71.43,4.9,6.8,0.6,0.8,0.0,,,,,,0.0,,,,,,La-174
us_m60_120s,51.0,53.7,0.0,0.0,1.36,2.17,342.0,47.43,0.0,0.0,1.57,1.25,0.0,,,,,,120S
av_8a,50.0,52.94,2.68,4.58,1.65,3.29,62.0,32.73,0.82,0.89,0.41,0.46,0.0,,,,,,AV-8A
us_m4a3e2_76w_sherman_jumbo,57.0,98.33,0.02,0.02,5.25,3.98,501.0,66.41,0.0,0.0,5.29,3.84,0.0,,,,,,M4A3E2_(76)_W
ussr_t_64_b_1984,55.0,0.0,0.0,0.0,2.6,1.74,722.0,42.52,0.0,0.0,1.9,1.54,0.0,,,,,,T-64B
tis_ma,55.0,98.92,0.52,0.47,5.32,5.11,18.0,50.0,0.5,0.5,6.58,6.58,81.0,96.0,0.82,0.74,5.61,6.79,TIS_MA
cn_is_2_1943,55.0,14.0,0.0,0.0,3.72,3.72,118.0,51.89,0.0,0.0,1.9,1.17,0.0,,,,,,IS-2_(China)
uk_vickers_mbt_mk_1,54.0,50.0,0.0,0.0,1.76,1.45,357.0,52.73,0.0,0.0,1.61,1.81,5.0,50.0,0.0,0.0,1.0,2.0,Vickers_Mk.1
ussr_su_152,55.0,100.0,0.0,0.0,5.5,2.4,96.0,38.33,0.0,0.0,1.23,1.45,0.0,,,,,,SU-152
cn_m1a2t,49.0,46.27,0.0,0.0,1.16,1.48,142.0,100.0,0.0,0.0,10.08,4.05,0.0,,,,,,M1A2T
su_34,57.0,50.0,1.68,1.38,0.35,0.79,452.0,60.8,0.34,0.39,2.51,2.71,36.0,,,0.52,,0.31,Су-34
sw_cv_90105_tml,49.0,90.91,0.0,0.0,3.03,2.7,968.0,60.8,0.0,0.0,2.63,2.0,0.0,,,,,,CV_90105
us_t25,51.0,100.0,0.0,0.0,6.75,2.94,127.0,50.0,0.0,0.0,7.25,4.79,21.0,0.0,0.0,,1.0,,T25
il_tiran_6,52.0,50.0,0.0,0.0,1.5,3.0,46.0,100.0,0.0,0.0,2.5,0.94,0.0,,,,,,Tiran_6
uk_sherman_ic_firefly,54.0,68.18,0.0,0.0,2.61,3.88,104.0,22.31,0.0,0.0,2.2,2.0,0.0,,,,,,"Sherman_IC_""Trzyniec"""
xp-50,55.0,100.0,3.62,2.42,0.0,0.0,40.0,50.0,2.75,2.02,0.5,0.04,0.0,,,,,,XP-50
it_m36b1,54.0,100.0,0.29,0.29,2.46,2.46,75.0,79.2,0.0,0.0,1.61,1.84,0.0,,,,,,M36B1
su_30sm,50.0,50.0,3.0,2.29,0.0,0.0,285.0,67.11,1.36,1.85,1.09,1.51,18.0,,,1.0,,0.33,Су-30СМ
us_m4_sherman,54.0,79.41,0.0,0.0,4.85,6.41,121.0,41.5,0.0,0.0,5.82,5.2,0.0,,,,,,M4
cn_type_64,51.0,12.5,0.0,0.0,2.89,2.47,31.0,59.38,0.0,0.0,3.11,2.78,0.0,,,,,,M64
jp_type_16_mod,49.0,50.0,0.0,0.0,0.5,0.36,765.0,64.92,0.0,0.0,2.44,1.77,0.0,,,,,,Type_16_(FPS)
su_30sm2,51.0,50.0,3.63,3.22,0.0,0.0,1104.0,60.65,1.06,1.25,1.4,1.67,30.0,,,0.36,,1.21,Су-30СМ2
it_m18_hellcat,52.0,100.0,0.0,0.0,2.52,2.52,318.0,69.66,0.0,0.0,1.87,1.75,0.0,,,,,,M18
us_m1_abrams,47.0,65.39,0.0,0.0,1.6,1.46,1156.0,52.37,0.0,0.0,2.39,1.84,0.0,,,,,,M1_Abrams
it_of_40_mtca,50.0,100.0,0.0,0.0,4.2,2.52,818.0,56.01,0.0,0.0,3.93,2.7,8.0,50.0,0.0,0.0,1.0,2.0,OF-40_(MTCA)
hurricane_mk1_late_finland,52.0,42.86,1.23,1.23,0.0,0.0,0.0,,,,,,0.0,,,,,,Hurricane_Mk_I/L
p-63c-5_ussr,47.0,100.0,0.87,0.79,4.45,3.86,10.0,,,0.0,,1.0,0.0,,,,,,P-63C-5
pe-2-31,49.0,100.0,0.0,0.0,3.68,3.92,0.0,,,,,,0.0,,,,,,Pe-2-31
spitfire_mk5c,50.0,100.0,4.26,3.78,0.0,0.0,24.0,,,0.79,,0.08,0.0,,,,,,Spitfire_Mk_Vc/trop
mig_23ml,46.0,61.54,2.69,1.82,0.0,0.0,437.0,57.92,1.7,1.75,0.11,0.11,32.0,,,1.36,,0.0,MiG-23ML
germ_pzkpfw_III_ausf_M,52.0,47.73,0.0,0.0,4.2,5.44,59.0,58.34,0.0,0.0,2.29,2.73,0.0,,,,,,Pz.III_M
yak-38m,48.0,100.0,2.77,1.28,1.0,0.46,28.0,0.0,0.0,0.0,0.0,0.0,0.0,,,,,,Yak-38M
germ_flakpz_I_Gepard,48.0,43.75,0.44,0.88,1.13,2.0,1387.0,36.89,0.27,0.19,1.23,0.85,0.0,,,,,,Gepard
us_t1e1,47.0,97.92,0.0,0.0,2.54,2.67,226.0,58.6,0.0,0.0,2.4,1.93,0.0,,,,,,T1E1
germ_pz_IV_L70,52.0,52.94,0.0,0.0,1.94,1.62,280.0,31.13,0.0,0.0,2.99,2.13,0.0,,,,,,Panzer_IV/70(V)
ussr_t_80b,48.0,89.47,0.0,0.0,1.63,1.38,1004.0,47.39,0.0,0.0,1.94,1.62,11.0,57.14,0.0,0.0,0.57,1.0,T-80B
us_t1e1_90,50.0,,,0.0,,2.68,167.0,36.99,0.0,0.0,4.15,3.04,0.0,,,,,,T1E1_(90)
f-86f-25,48.0,,,0.64,,0.32,29.0,0.0,1.77,1.56,1.85,1.61,0.0,,,,,,F-86F-25
f_16a_block_15_adf,47.0,50.0,1.88,1.04,0.5,0.08,66.0,50.0,1.8,1.06,0.0,0.0,23.0,,,1.19,,0.0,F-16A_ADF
us_m24_chaffee_tl,51.0,63.69,0.0,0.0,2.79,3.47,76.0,62.32,0.0,0.0,1.94,1.65,0.0,,,,,,M24_(TL)
ussr_pt_76b,46.0,,,0.0,,1.34,549.0,43.42,0.0,0.0,1.45,0.84,0.0,,,,,,PT-76B
c_3604,48.0,94.64,2.18,2.58,3.55,3.72,41.0,0.0,0.44,0.33,3.16,2.17,0.0,,,,,,◌С-3604
ussr_t_80um2,44.0,62.5,0.0,0.0,2.0,3.0,54.0,50.0,0.0,0.0,2.25,1.41,0.0,,,,,,T-80UM2
uk_sherman_II,43.0,100.0,0.0,0.0,4.71,4.81,19.0,,,0.0,,1.68,0.0,,,,,,Sherman_II
ussr_t_72b_1989,48.0,65.63,0.0,0.0,2.19,2.32,346.0,36.22,0.0,0.0,1.74,1.45,0.0,,,,,,T-72B_(1989)
mig_29smt_9_19,50.0,18.67,1.68,1.6,0.0,0.0,89.0,74.73,1.65,1.72,0.52,0.52,0.0,,,,,,MiG-29SMT
us_xm1_gm,48.0,64.71,0.0,0.0,2.53,1.4,924.0,66.1,0.0,0.0,3.77,2.54,0.0,,,,,,XM1_(GM)
f9f-8,45.0,,,0.96,,0.0,244.0,55.53,0.61,0.63,0.43,0.43,0.0,,,,,,F9F-8
yak-4,45.0,100.0,0.74,0.74,6.37,6.37,0.0,,,,,,0.0,,,,,,Yak-4
he_115a_2_sweden,46.0,100.0,0.87,0.87,8.94,8.94,0.0,,,,,,0.0,,,,,,T_2
spitfire_mk9c_4cannons,46.0,100.0,4.0,4.0,0.0,0.0,13.0,,,1.0,,1.0,11.0,,,0.0,,1.0,Spitfire_F_Mk_IXc
spitfire_ix_plagis,46.0,100.0,3.5,3.5,0.0,0.0,0.0,,,,,,0.0,,,,,,Plagis'_Spitfire_LF_Mk_IXc
spitfire_ix,46.0,100.0,3.5,3.5,0.0,0.0,33.0,,,,,,0.0,,,,,,Spitfire_LF_Mk_IX
a6m5otsu,46.0,0.0,7.35,3.67,0.52,0.26,117.0,56.34,0.88,1.66,0.76,1.56,0.0,,,,,,A6M5_otsu
cn_ptz_89,47.0,50.0,0.0,0.0,1.68,2.21,48.0,92.43,0.0,0.0,3.92,3.63,0.0,,,,,,PTZ89
vb_10_02,46.0,0.0,1.0,2.39,0.6,0.11,17.0,,,1.0,,1.0,0.0,,,,,,VB.10-02
f-4e,44.0,50.0,1.72,1.71,2.22,1.63,543.0,82.49,3.44,5.67,1.24,1.76,11.0,50.0,1.5,1.25,3.0,3.0,F-4E_Phantom_II
ussr_2s38,44.0,50.0,0.0,0.0,0.0,0.0,1228.0,45.97,0.11,0.08,1.21,0.88,0.0,,,,,,2S38
f4u-4,47.0,50.0,1.0,0.65,0.0,0.45,267.0,63.2,0.56,0.52,1.56,0.93,0.0,,,,,,F4U-4
cn_ztz_88b,47.0,82.5,0.0,0.0,3.68,3.68,193.0,59.88,0.0,0.0,1.45,1.38,0.0,,,,,,ZTZ88B
uk_centurion_mk_10,44.0,50.0,0.0,0.0,2.07,2.07,144.0,15.43,0.0,0.0,2.55,2.03,9.0,100.0,0.0,0.0,4.0,3.4,Centurion_Mk_10
p-39n,46.0,,,3.02,,0.72,33.0,50.0,0.67,1.16,0.5,1.0,0.0,,,,,,P-39N-0
ussr_2s3m,45.0,92.0,0.0,0.0,4.32,3.71,130.0,29.57,0.06,0.07,0.73,0.65,0.0,,,,,,2S3M
fr_amx_30_b2,46.0,67.39,0.0,0.0,1.33,2.11,174.0,55.75,0.0,0.0,2.25,2.73,3.0,,,,,,AMX-30B2
jp_type_95_so_ki,45.0,0.0,1.0,1.0,0.0,0.0,201.0,84.48,0.94,0.45,0.0,0.0,0.0,,,,,,So-Ki
jp_m42_duster,47.0,36.0,0.67,1.04,0.66,1.14,503.0,73.34,0.34,0.26,0.82,0.66,0.0,,,,,,M42
f-4c,42.0,78.57,3.5,2.21,0.57,0.3,54.0,69.89,1.65,1.92,1.74,1.06,0.0,,,,,,F-4C_Phantom_II
f-82e,45.0,83.33,1.17,1.73,0.27,0.17,127.0,65.38,0.08,0.09,0.77,0.89,0.0,,,,,,F-82E
ussr_bt_5,44.0,95.83,0.0,0.0,9.29,6.47,395.0,57.76,0.0,0.0,2.0,1.23,0.0,,,,,,BT-5
sw_strv121b_christian2,42.0,50.0,0.0,0.0,2.26,2.33,841.0,56.92,0.0,0.0,2.69,2.11,0.0,,,,,,Christian_II
fr_m4a1_sherman_fl_10,38.0,52.78,0.0,0.0,2.61,1.69,81.0,84.53,0.0,0.0,4.36,2.6,0.0,,,,,,M4A1_(FL10)
germ_hummel,48.0,100.0,0.0,0.0,3.06,2.01,57.0,5.56,0.0,0.0,3.52,2.65,0.0,,,,,,Hummel
it_2s1,47.0,100.0,0.0,0.0,1.0,1.06,42.0,76.92,0.0,0.0,1.15,0.91,0.0,,,,,,◔2S1
sw_ikv_91_105,45.0,77.42,0.0,0.0,1.18,1.18,170.0,46.48,0.0,0.0,0.65,0.83,0.0,,,,,,Ikv_91-105
fr_leclerc_s1,45.0,50.0,0.0,0.0,1.13,1.1,121.0,60.75,0.0,0.0,2.47,2.43,0.0,,,,,,Leclerc
fr_amx_m4,44.0,51.72,0.0,0.0,2.85,2.03,762.0,59.49,0.0,0.0,1.92,1.76,12.0,,,0.0,,2.9,AMX_M4
germ_pzkpfw_III_ausf_N,44.0,84.45,0.0,0.0,7.09,4.49,93.0,38.57,0.0,0.0,4.75,4.54,0.0,,,,,,Pz.III_N
ussr_bt_7_1937,42.0,95.83,0.0,0.0,9.63,9.25,135.0,65.47,0.0,0.0,2.4,1.54,0.0,,,,,,BT-7
germ_stug_III_ausf_F,44.0,100.0,0.0,0.0,8.0,4.55,24.0,25.0,0.0,0.0,4.5,6.0,0.0,,,,,,StuG_III_F
fr_amx_50,47.0,73.33,0.0,0.0,2.33,1.84,362.0,80.18,0.0,0.0,3.75,3.67,0.0,,,,,,AMX-50_(TOA100)
sw_strv_101,41.0,100.0,0.0,0.0,1.48,1.0,360.0,48.76,0.0,0.0,1.38,1.09,0.0,,,,,,Strv_101
lagg-3-35,41.0,100.0,4.19,3.62,1.12,1.03,0.0,,,,,,0.0,,,,,,LaGG-3-35
uk_fv107_scimitar,39.0,50.0,0.0,0.0,1.5,1.5,96.0,77.96,0.0,0.0,1.67,1.06,0.0,,,,,,Scimitar
fr_m36b2_cefeo,43.0,96.97,0.0,0.0,1.93,1.98,143.0,51.72,0.0,0.0,3.71,2.41,0.0,,,,,,M36B2
sw_ikv_72,42.0,65.63,0.0,0.0,1.41,2.13,0.0,,,,,,0.0,,,,,,Ikv_72
germ_mkpz_m48a2ga2,41.0,87.88,0.0,0.0,1.25,1.55,344.0,37.65,0.0,0.0,1.78,1.62,5.0,,,0.0,,1.0,M48A2_G_A2
yak-3u,39.0,10.53,1.03,1.0,0.0,0.0,89.0,88.33,4.35,4.95,0.0,0.0,0.0,,,,,,Yak-3U
b7a2,42.0,50.0,1.1,2.2,1.6,3.2,17.0,100.0,1.88,,4.94,,0.0,,,,,,B7A2
su-8,40.0,100.0,0.6,0.48,3.32,2.76,25.0,66.67,0.7,0.05,3.85,1.92,0.0,,,,,,Su-8
ki_61_1a_hei,40.0,0.0,2.0,2.67,0.0,0.0,35.0,65.63,1.0,2.0,0.66,1.0,0.0,,,,,,Ki-61-I_hei
p-51h-5_na,42.0,82.61,1.61,1.8,1.35,1.52,99.0,72.15,1.36,1.56,0.63,0.72,0.0,,,,,,P-51H-5-NA
germ_stug_III_ausf_G,43.0,100.0,0.0,0.0,1.94,1.09,215.0,18.92,0.0,0.0,4.64,2.18,0.0,,,,,,StuG_III_G
p-51d-20-na_iaf,41.0,100.0,3.0,0.92,0.0,0.4,16.0,,,0.5,,2.81,0.0,,,,,,P-51D-20-NA_(Israel)
il_magach_6b,39.0,100.0,0.0,0.0,3.0,1.53,61.0,78.5,0.0,0.0,2.36,4.32,0.0,,,,,,Magach_6B
f2h-2,43.0,79.71,2.29,2.62,0.19,0.3,120.0,67.69,1.45,1.93,1.04,1.37,5.0,,,,,,F2H-2
sw_sav_m43_1946,36.0,43.33,0.0,0.0,0.87,1.53,27.0,0.0,0.0,0.0,0.0,0.0,0.0,,,,,,Sav_m/43_(1946)
cn_m41_a3_walker_bulldog,41.0,58.97,0.0,0.0,1.89,1.61,47.0,80.0,0.0,0.0,3.2,2.08,0.0,,,,,,M41A3_(China)
nf_5a_netherlands,40.0,66.67,9.0,13.5,0.3,0.5,141.0,90.35,2.48,2.8,0.51,0.61,0.0,,,,,,◘NF-5A
t2,40.0,75.0,6.8,6.8,0.3,0.3,220.0,70.97,2.52,3.34,0.35,0.44,0.0,,,,,,T-2
mig-15,40.0,75.0,4.0,5.3,0.3,0.3,57.0,20.24,1.54,1.52,0.82,0.79,0.0,,,,,,MiG-15bis
p-63a-10_ussr,39.0,100.0,0.89,0.89,3.85,3.85,43.0,100.0,0.0,0.0,3.68,4.36,2.0,,,,,,P-63A-10
la-9,40.0,66.67,7.7,7.7,0.3,0.3,54.0,100.0,1.42,0.87,0.0,0.2,0.0,,,,,,La-9
it_breda_52_autocannone,42.0,66.67,0.3,0.19,6.27,6.22,111.0,58.94,0.0,0.0,2.65,2.49,0.0,,,,,,Breda_90/53
ussr_t_55_am,38.0,56.0,0.0,0.0,2.66,2.38,383.0,54.61,0.0,0.0,1.69,1.36,2.0,,,0.0,,1.0,T-55AM-1
p-47d_30_china,39.0,54.55,2.02,1.98,0.0,0.0,11.0,50.0,0.0,0.0,0.5,0.42,0.0,,,,,,P-47D-30_(China)
p-47d_30_italy,44.0,90.0,4.0,3.33,2.2,1.14,87.0,56.99,0.49,0.59,0.93,1.13,0.0,,,,,,P-47D-30
il_magach_6b_gal_batash,40.0,0.0,0.0,0.0,2.0,1.11,39.0,,,0.0,,2.34,0.0,,,,,,Gal_Batash
ussr_bmp_2,41.0,100.0,0.0,0.0,0.0,0.0,617.0,42.22,0.0,0.0,1.47,1.04,0.0,,,,,,BMP-2
us_xm_803,40.0,100.0,0.0,0.0,5.5,4.29,1845.0,58.31,0.0,0.0,2.1,1.87,0.0,,,,,,XM803
lagg-3-23,42.0,,,1.82,,0.68,3.0,,,1.0,,0.0,0.0,,,,,,LaGG-3-23
cn_m4a4_sherman,41.0,100.0,0.0,0.0,3.77,3.83,40.0,48.04,0.0,0.0,2.42,4.76,0.0,,,,,,M4A4_(China)
firefly_mk4_netherlands,39.0,43.75,2.25,1.98,1.5,1.0,79.0,97.02,0.57,0.54,2.73,2.86,0.0,,,,,,◘Firefly_F.Mk.IV
uk_challenger_1_mk_3_gulf,38.0,50.0,0.0,0.0,2.0,1.96,614.0,47.54,0.0,0.0,2.51,2.15,9.0,,,0.0,,0.33,Challenger_DS
bf-109g-6,39.0,66.67,1.3,1.15,0.3,0.15,45.0,100.0,4.98,2.97,0.65,0.2,0.0,,,,,,Bf_109_G-6
f8f1b,40.0,78.95,1.26,1.5,0.21,0.39,604.0,79.41,0.99,0.94,2.57,2.42,0.0,,,,,,F8F-1B
it_semovente_m41m_90,39.0,100.0,0.0,0.0,3.84,5.25,56.0,42.5,0.0,0.0,2.75,2.08,0.0,,,,,,90/53_M41M
fr_amx_13_fl_11,40.0,100.0,0.0,0.0,3.27,2.36,139.0,61.29,0.0,0.0,3.46,2.43,0.0,,,,,,AMX-13_(FL11)
b-29,37.0,82.05,0.06,0.1,6.25,6.67,0.0,,,,,,0.0,,,,,,B-29A-BN
us_m5a1_stuart,40.0,50.0,0.0,0.0,1.5,3.0,177.0,47.63,0.0,0.0,4.01,2.04,0.0,,,,,,M5A1
cn_ztz_88a,40.0,90.28,0.0,0.0,1.88,1.76,139.0,56.23,0.0,0.0,3.09,3.96,26.0,50.0,0.0,0.0,1.5,1.5,ZTZ88A
mc-205_serie1,40.0,75.0,6.35,4.61,0.0,0.0,0.0,,,,,,0.0,,,,,,C._205_serie_1
uk_a30_challenger,41.0,31.25,0.11,0.13,2.01,2.22,104.0,52.22,0.0,0.0,2.0,2.07,0.0,,,,,,Challenger
us_m103,39.0,50.0,0.0,0.0,1.37,2.73,250.0,40.2,0.0,0.0,1.78,1.43,0.0,,,,,,M103
us_m60a2,38.0,50.0,0.0,0.0,1.35,1.22,64.0,62.82,0.0,0.0,2.0,2.2,0.0,,,,,,M60A2
germ_flakpanzer_IV_Ostwind_2,40.0,27.78,0.92,1.11,0.28,0.37,375.0,18.9,0.27,0.26,0.08,0.08,5.0,,,,,,Ostwind_II
uk_a_13_mk1,36.0,100.0,0.0,0.0,8.16,7.88,0.0,,,,,,0.0,,,,,,A13_Mk_I
itp_m1,35.0,100.0,2.83,1.69,4.0,2.58,50.0,69.05,0.89,0.95,0.71,0.82,0.0,,,,,,ITP_(M-1)
it_c1_ariete_certezza,36.0,50.0,0.0,0.0,1.5,2.5,618.0,59.19,0.0,0.0,2.33,1.64,0.0,,,,,,Ariete_Сertezza
cn_pgz_625_fb10,34.0,40.2,1.22,2.09,0.0,0.0,101.0,69.35,1.26,0.94,0.82,0.56,0.0,,,,,,CS/SA5
jp_m47_patton_II,38.0,50.0,0.0,0.0,1.5,1.62,485.0,77.28,0.0,0.0,1.91,1.88,0.0,,,,,,M47
it_pzkpfw_VI_ausf_e_tiger,35.0,100.0,0.0,0.0,8.6,7.74,317.0,61.2,0.0,0.0,3.33,2.9,4.0,100.0,0.0,0.0,5.0,5.0,Tigris
f_14a_iriaf,36.0,98.39,5.68,5.77,0.0,0.0,346.0,59.92,1.77,2.6,0.15,0.22,11.0,,,0.6,,0.0,F-14A_IRIAF
cn_ztz_96a_prot,42.0,95.45,0.0,0.0,5.36,4.13,393.0,56.74,0.0,0.0,2.51,1.84,35.0,100.0,0.0,0.0,1.67,1.0,ZTZ96A_(P)
f4u-1d,36.0,100.0,1.84,1.84,4.48,4.48,41.0,0.0,1.0,0.91,2.0,1.56,0.0,,,,,,F4U-1D
p-51k,36.0,45.45,2.45,1.92,0.64,0.47,13.0,100.0,1.0,,0.0,,0.0,,,,,,P-51K_(China)
us_m8_scott,39.0,100.0,0.0,0.0,1.9,2.54,1.0,,,0.0,,1.0,0.0,,,,,,M8_HMC
germ_raketenjagdpanzer_2_hot,39.0,50.0,0.0,0.0,1.5,1.0,117.0,36.31,0.0,0.0,0.7,0.58,0.0,,,,,,RakJPz_2_(HOT)
us_m6a2e1,38.0,100.0,0.0,0.0,8.79,11.0,38.0,100.0,0.0,0.0,6.33,4.0,0.0,,,,,,M6A2E1
p-51d-20_china,36.0,100.0,1.7,1.7,0.0,0.0,65.0,100.0,0.0,0.0,1.88,0.61,0.0,,,,,,P-51D-20_(China)
sw_strv_103a,34.0,0.0,0.0,0.0,0.89,0.53,160.0,49.33,0.0,0.0,2.79,1.84,0.0,,,,,,Strv_103A
yak-3_france,37.0,100.0,11.03,5.57,0.0,0.0,111.0,64.42,2.05,3.91,0.96,1.59,22.0,,,,,,Yak-3
uk_crusader_mk_3,35.0,,,0.0,,2.71,95.0,54.67,0.0,0.0,3.34,2.08,0.0,,,,,,Crusader_III
us_m4a5_ram_2,39.0,52.56,0.0,0.0,2.48,2.6,12.0,50.0,0.0,0.0,1.0,1.5,0.0,,,,,,M4A5
f4u-4b,37.0,84.38,0.91,1.0,2.0,2.0,827.0,68.02,0.5,0.45,1.78,1.61,17.0,,,4.56,,0.0,F4U-4B
il_zsu_57_2,39.0,13.33,0.0,0.0,1.6,0.98,64.0,50.0,0.0,0.0,1.67,1.19,0.0,,,,,,ZSU-57-2_(Israel)
uk_a_34_comet,36.0,62.5,0.38,0.0,1.38,0.91,55.0,0.0,0.0,0.0,2.0,0.83,0.0,,,,,,Comet_I
jp_type_75,39.0,37.5,0.35,0.63,0.54,0.96,575.0,62.9,0.11,0.1,1.46,1.15,0.0,,,,,,Type_75_SPH
p-47d-28,35.0,100.0,3.0,0.83,4.0,2.44,140.0,53.12,1.65,2.55,0.86,1.33,0.0,,,,,,P-47D-28
saab_j29f,36.0,50.0,6.11,12.22,0.03,0.06,6.0,50.0,0.5,1.0,1.5,3.0,0.0,,,,,,J29F
yak_130_early,34.0,66.67,3.45,3.23,16.81,15.76,1079.0,58.02,0.09,0.08,2.43,2.55,13.0,,,0.0,,0.15,Як-130
germ_leopard_2a4,35.0,100.0,0.0,0.0,3.76,3.76,1151.0,49.72,0.0,0.0,1.57,1.38,26.0,50.0,0.0,0.0,1.4,2.0,Leopard_2A4
sw_strv_m39,36.0,100.0,0.0,0.0,6.25,6.25,0.0,,,,,,0.0,,,,,,Strv_m/39
germ_boxer_3105,32.0,53.13,0.0,0.0,2.06,2.56,44.0,0.0,0.0,0.0,3.36,3.2,0.0,,,,,,Boxer_MGS
cn_m10,35.0,100.0,0.0,0.0,4.38,3.21,59.0,100.0,0.0,0.0,2.92,1.18,0.0,,,,,,M10_GMC_(China)
spitfire_ix_early,36.0,100.0,2.53,4.28,2.0,3.5,105.0,74.21,1.34,2.29,1.2,2.26,0.0,,,,,,Spitfire_F_Mk_IX
fr_amd_35_sa35,35.0,100.0,0.0,0.0,3.0,1.75,0.0,,,,,,0.0,,,,,,AMD.35_(SA35)
jp_type_99,35.0,25.0,0.21,0.34,1.0,1.28,355.0,60.41,0.29,0.44,1.07,1.21,0.0,,,,,,Type_99
cn_object_211,36.0,50.0,0.0,0.0,2.0,2.0,68.0,50.0,0.0,0.0,1.0,0.71,0.0,,,,,,Object_211
germ_kv_2_754r,31.0,,,0.0,,1.0,28.0,,,0.0,,1.5,0.0,,,,,,KW_II_754_(r)
sw_strv_104,34.0,50.0,0.0,0.0,1.5,3.0,142.0,42.78,0.0,0.0,2.34,2.48,0.0,,,,,,Strv_104
ussr_btr_zd,34.0,0.0,1.45,1.88,0.68,0.88,284.0,58.53,0.8,0.58,0.97,0.73,0.0,,,,,,BTR-ZD
ussr_2s1,30.0,34.62,0.0,0.0,0.98,1.02,79.0,41.04,0.0,0.0,1.32,1.0,0.0,,,,,,2S1
f6f-3,33.0,100.0,0.6,0.58,6.5,6.45,147.0,71.11,0.48,0.34,2.99,2.12,0.0,,,,,,F6F-5
thunderbolt_mk1,34.0,100.0,1.38,1.29,3.38,3.35,41.0,97.44,0.0,0.0,2.0,1.67,0.0,,,,,,Thunderbolt_Mk.1
it_semovente_m43_105_leoncello,33.0,100.0,0.0,0.0,3.96,3.96,0.0,,,,,,0.0,,,,,,"M43_""G.C.Leoncello"""
mb_326k,33.0,66.67,4.3,5.89,1.7,2.56,58.0,87.12,2.1,1.88,5.08,2.8,0.0,,,,,,MB-326K
j_8b,35.0,100.0,5.3,2.97,0.0,0.0,47.0,65.0,2.44,4.86,0.0,0.0,0.0,,,,,,J-8B
uk_concept3_ngac,33.0,100.0,0.0,0.0,4.5,4.31,245.0,44.7,0.0,0.0,1.77,1.09,0.0,,,,,,Concept_3
it_p_26_40,33.0,100.0,0.0,0.0,3.11,2.82,26.0,100.0,0.0,0.0,9.0,4.57,0.0,,,,,,"P40_""G.C._Leoncello"""
ussr_t_72m2_moderna,31.0,50.0,0.0,0.0,1.0,1.27,203.0,58.13,0.06,0.06,3.84,3.65,0.0,,,,,,T-72M2_Moderna
p-63a-5_ussr,33.0,,,1.0,,0.52,159.0,64.44,1.17,1.09,2.79,2.55,0.0,,,,,,P-63A-5
jp_st_b1,34.0,100.0,0.0,0.0,1.0,1.12,389.0,64.63,0.0,0.0,2.55,1.73,0.0,,,,,,STB-2
jp_type_3_ka_chi,27.0,87.5,0.0,0.0,12.68,11.57,22.0,,,,,,0.0,,,,,,Ka-Chi
us_m18_hellcat_kit_3rank,28.0,100.0,0.02,0.02,5.48,5.48,118.0,56.99,0.0,0.0,1.8,1.68,0.0,,,,,,Hellcat_(Hell)
uk_shir_2,32.0,94.44,0.0,0.0,4.28,4.08,251.0,67.31,0.0,0.0,5.39,3.3,0.0,,,,,,FV4030/3
sb_2m_105,32.0,97.83,0.0,0.0,2.83,2.68,0.0,,,,,,0.0,,,,,,SB_2M-105
typhoon_mk1b_late,30.0,0.0,3.5,2.83,0.83,0.63,143.0,49.56,1.26,1.69,2.21,2.94,11.0,,,0.82,,1.0,Typhoon_Mk_Ib/L
su-6_m71,35.0,73.61,0.79,0.42,2.33,1.78,61.0,50.0,1.5,0.06,2.0,1.67,0.0,,,,,,Su-6_(M-71F)
jp_type_16,32.0,50.0,0.0,0.0,1.5,1.5,117.0,63.15,0.0,0.0,2.34,1.75,0.0,,,,,,Type_16
sm_92,34.0,100.0,1.0,1.35,0.0,0.94,30.0,,,,,,0.0,,,,,,SM.92
fr_arl_44,33.0,100.0,0.0,0.0,2.45,2.45,204.0,46.79,0.0,0.0,2.59,2.16,0.0,,,,,,ARL-44
germ_mkpz_super_m48,36.0,50.0,0.0,0.0,1.46,0.99,82.0,60.42,0.0,0.0,6.31,4.09,0.0,,,,,,M48_Super
do_335a_0,32.0,100.0,8.88,3.4,0.0,0.0,11.0,100.0,1.0,0.09,4.0,0.36,0.0,,,,,,Do_335_A-0
p-63a-10,32.0,4.17,1.0,1.0,0.13,0.45,209.0,60.21,0.12,0.15,0.57,0.6,0.0,,,,,,P-63A-10
cn_pt_76,33.0,,,0.0,,0.56,0.0,,,,,,0.0,,,,,,PT-76_(China)
su-2_m82,31.0,100.0,1.83,1.83,6.41,6.41,0.0,,,,,,0.0,,,,,,Su-2_(M-82)
hurricanemkii,32.0,100.0,4.35,3.88,1.77,1.66,20.0,,,0.0,,0.0,0.0,,,,,,Hurricane_Mk_IIB/Trop
firefly_mk1,34.0,100.0,1.78,1.68,5.34,5.12,0.0,,,,,,0.0,,,,,,Firefly_F_Mk_I
pe-3_early,31.0,100.0,1.13,1.08,2.81,3.08,0.0,,,,,,0.0,,,,,,Pe-3_(e)
it_ab_43,29.0,100.0,0.0,0.0,3.22,3.22,5.0,100.0,0.0,0.0,2.0,2.0,0.0,,,,,,AB_43
uk_a_22f_mk_7_churchill_1944,29.0,55.0,0.0,0.0,5.05,5.78,236.0,74.01,0.0,0.0,4.64,2.94,4.0,,,,,,Churchill_VII
fr_amx_13_chaffee,29.0,50.0,0.42,0.31,2.42,2.81,190.0,72.43,0.0,0.0,2.7,2.97,0.0,,,,,,AMX-13-M24
sm_91,35.0,63.34,1.1,1.02,0.94,0.96,0.0,,,,,,0.0,,,,,,SM.91
us_m44,33.0,,,0.0,,2.85,138.0,62.36,0.0,0.0,2.28,1.39,0.0,,,,,,M44
p-400,31.0,100.0,3.0,2.52,0.0,0.0,78.0,0.0,0.79,0.25,2.88,1.17,0.0,,,,,,P-400
it_stug_III_ausf_G,31.0,100.0,0.0,0.0,1.29,1.29,45.0,50.0,0.0,0.0,2.0,2.8,0.0,,,,,,StuG_III_G
fw-190f-8,30.0,0.0,1.0,1.25,0.0,0.0,257.0,53.03,0.64,0.66,0.99,0.97,0.0,,,,,,Fw_190_F-8
mosquito_fb_mk6_norway,30.0,50.0,1.23,2.15,0.52,0.92,68.0,50.0,0.0,0.0,0.08,0.08,0.0,,,,,,◢Mosquito_FB.Mk.VI
germ_panzerjager_nashorn,34.0,30.77,0.0,0.0,2.38,2.38,99.0,16.35,0.0,0.0,2.33,1.27,0.0,,,,,,Nashorn
il_m48a1_patton_III,29.0,50.0,0.0,0.0,1.5,1.42,89.0,50.0,0.0,0.0,1.0,0.64,0.0,,,,,,Magach_1
ussr_btr_152d,31.0,38.46,0.77,1.0,0.0,0.0,229.0,0.0,2.07,0.99,0.0,0.0,0.0,,,,,,BTR-152D
tu-2_postwar_late,31.0,72.22,0.0,0.0,0.0,0.0,48.0,100.0,0.0,0.0,6.25,2.28,14.0,,,,,,Tu-2S-59
sw_strv_81,31.0,100.0,0.0,0.0,0.0,0.0,138.0,42.86,0.0,0.0,1.11,0.86,0.0,,,,,,Strv_81
uk_valentine_mk_11,30.0,100.0,0.0,,9.0,,50.0,61.54,0.0,0.0,2.9,2.9,0.0,,,,,,Valentine_XI
cr_32,29.0,,,1.71,,1.71,0.0,,,,,,0.0,,,,,,CR.32
us_m26_t99,31.0,68.42,0.32,1.0,5.13,4.08,70.0,79.35,0.0,0.0,3.84,4.05,0.0,,,,,,M26_T99
it_centauro_rgo_120,28.0,62.5,0.0,0.0,1.75,3.25,229.0,48.98,0.0,0.0,2.49,1.95,0.0,,,,,,Centauro_RGO
firefly_mk5,32.0,100.0,1.19,1.19,9.69,9.69,11.0,100.0,0.0,0.0,1.0,1.0,0.0,,,,,,Firefly_FR_Mk_V
germ_pzkpfw_V_ausf_f_panther,29.0,100.0,0.0,0.0,7.0,6.57,391.0,41.57,0.0,0.0,2.71,2.49,0.0,,,,,,Panther_F
mig-17_f5,28.0,100.0,2.0,1.62,0.0,0.0,63.0,100.0,3.71,3.5,2.06,1.59,0.0,,,,,,Shenyang_F-5
ussr_su_100_1945,30.0,100.0,0.0,0.0,1.38,1.34,63.0,2.78,0.0,0.0,2.61,1.89,0.0,,,,,,SU-100
germ_radpanzer_90,29.0,100.0,0.0,0.0,3.0,1.47,642.0,56.43,0.0,0.0,1.72,1.32,0.0,,,,,,Radkampfwagen_90
bf-109f-4_usa,33.0,95.24,2.53,2.48,0.0,0.0,46.0,50.0,0.66,1.31,0.84,1.69,0.0,,,,,,Bf_109_F-4
mig-19j_6a,29.0,78.57,1.02,1.59,0.12,0.3,17.0,100.0,4.71,7.0,0.0,0.0,0.0,,,,,,J-6A
ta-152h-1,32.0,60.71,1.21,2.0,0.0,0.0,90.0,61.96,1.53,3.91,0.36,0.97,0.0,,,,,,Ta_152_H-1
germ_m55,30.0,100.0,0.0,0.0,1.0,1.0,88.0,0.0,0.0,0.0,6.0,1.08,0.0,,,,,,◄M55
mig_23m,31.0,,,1.64,,0.0,19.0,100.0,1.04,1.54,0.0,0.0,0.0,,,,,,MiG-23M
germ_panzerjager_tiger_P_elefant,29.0,100.0,0.0,0.0,7.0,7.75,20.0,33.33,0.0,0.0,2.0,2.0,4.0,100.0,0.0,,2.0,,Elefant
fr_crotale_ng,30.0,12.5,1.88,3.0,0.88,1.0,12.0,,,,,,0.0,,,,,,ItO_90M
bf_109t_2,31.0,100.0,2.61,3.31,2.65,3.38,39.0,50.0,0.63,1.25,1.13,2.25,0.0,,,,,,Bf_109_T-2
ussr_m4a2_76w_sherman,29.0,100.0,0.0,0.0,3.17,6.22,114.0,54.55,0.0,0.0,4.39,5.23,0.0,,,,,,M4A2
sw_t_72m1,32.0,63.64,0.0,0.0,2.09,2.83,512.0,57.76,0.0,0.0,2.24,1.96,0.0,,,,,,T-72M1
sw_lvkv_42,27.0,69.23,0.0,0.0,2.31,2.7,100.0,26.92,0.16,0.15,0.28,0.4,0.0,,,,,,Lvkv_42
fr_amx_13_75,28.0,35.71,0.0,0.0,1.93,3.0,257.0,56.42,0.0,0.0,1.43,1.48,0.0,,,,,,AMX-13
d_520,29.0,100.0,2.57,2.03,0.0,0.0,0.0,,,,,,0.0,,,,,,D.520
f_15e,27.0,92.5,1.07,1.07,0.98,0.98,615.0,65.6,0.78,0.93,2.49,2.95,28.0,,,1.47,,1.5,F-15E
bf-109g-6_erla_finland,27.0,,,1.59,,1.0,5.0,,,,,,0.0,,,,,,Bf_109_G-6_Erla
boomerang_mki,29.0,100.0,2.0,1.41,0.0,0.0,0.0,,,,,,0.0,,,,,,Boomerang_Mk_I
d_521,29.0,100.0,2.03,2.03,0.0,0.0,0.0,,,,,,0.0,,,,,,D.521
boomerang_mkii,29.0,100.0,1.0,1.0,0.0,0.0,0.0,,,,,,0.0,,,,,,Boomerang_Mk_II
cn_type_69_2g,27.0,,,0.0,,1.0,164.0,61.4,0.0,0.0,2.44,1.92,0.0,,,,,,T-69_II_G
fr_amx_elc_bis,30.0,50.0,0.0,0.0,0.78,1.14,348.0,60.4,0.0,0.0,1.73,1.82,0.0,,,,,,ELC_bis
mig-21_smt,30.0,100.0,1.36,1.23,0.0,0.0,126.0,72.04,3.44,2.81,0.35,0.26,0.0,,,,,,MiG-21SMT
fw-190a-5_cannons,30.0,0.0,1.5,2.0,0.0,0.0,0.0,,,,,,0.0,,,,,,Fw_190_A-5
fr_leclerc_s2,30.0,0.0,0.0,0.0,1.0,0.3,158.0,47.85,0.0,0.0,3.48,3.14,0.0,,,,,,Leclerc_S2
fr_m4a4_sherman,25.0,,,0.0,,4.7,74.0,91.36,0.0,0.0,5.18,3.69,0.0,,,,,,M4A4
er-2_m105_mv3,30.0,100.0,0.0,0.0,6.47,5.09,14.0,0.0,0.0,0.0,0.0,0.0,0.0,,,,,,Yer-2_(M-105)
a_10a_early,28.0,,,1.96,,0.96,276.0,56.27,0.65,0.75,4.04,4.62,0.0,,,,,,A-10A
it_pzh_2000_hu,25.0,50.0,0.8,1.24,2.1,2.59,19.0,,,0.0,,1.0,0.0,,,,,,PzH_2000HU
il_machbet,30.0,0.0,1.74,1.73,0.0,0.0,61.0,23.02,0.41,0.45,0.0,0.0,0.0,,,,,,Machbet
germ_leopard_2a4_pzbtl_123,25.0,,,0.0,,3.63,915.0,46.02,0.0,0.0,2.23,1.76,1.0,,,0.0,,1.0,Leopard_2_(PzBtl_123)
uk_fv721_fox,26.0,50.0,0.0,0.0,1.0,2.0,585.0,59.48,0.04,0.04,2.32,2.01,0.0,,,,,,Fox
ki_61_1a_otsu,29.0,45.0,1.05,1.46,0.65,0.38,51.0,66.67,0.3,0.5,1.0,1.5,0.0,,,,,,Ki-61-I_otsu
a_5c,29.0,53.57,0.54,1.0,0.0,0.0,67.0,30.21,0.74,0.8,1.54,1.87,0.0,,,,,,A-5C
us_m55,31.0,,,0.0,,3.0,32.0,50.0,0.0,0.0,0.5,0.91,0.0,,,,,,M55
yak-15_early,26.0,,,,,,84.0,100.0,2.78,2.54,0.35,0.31,0.0,,,,,,Yak-15P
sw_strv_74,26.0,100.0,0.0,0.0,2.33,1.11,283.0,43.2,0.0,0.0,1.85,1.41,0.0,,,,,,Strv_74
us_m42_duster,28.0,100.0,0.0,0.0,0.0,0.0,313.0,49.01,0.36,0.35,1.19,1.11,0.0,,,,,,M42
us_adats_bradley,27.0,12.5,0.13,0.23,0.0,0.0,627.0,50.28,0.7,0.58,0.3,0.25,7.0,0.0,1.0,1.0,0.0,0.0,ADATS
do_217e_4,29.0,,,0.0,,4.0,0.0,,,,,,0.0,,,,,,Do_217_E-4
morko_morane,28.0,100.0,12.91,12.91,0.0,0.0,36.0,45.65,0.59,1.17,0.46,0.91,0.0,,,,,,Mörkö-Morane
f-89b,26.0,100.0,2.14,2.45,1.0,1.0,105.0,62.17,0.81,1.63,0.91,1.69,0.0,,,,,,F-89B
f7f1,26.0,100.0,1.0,1.0,3.0,2.79,54.0,38.33,0.0,0.0,1.93,1.52,0.0,,,,,,F7F-1
uk_m4a5_ram_2,27.0,,,,,,25.0,55.56,0.0,0.0,1.9,2.07,0.0,,,,,,Ram_II
us_m10,29.0,100.0,0.0,0.0,8.0,8.0,113.0,29.84,0.0,0.0,0.94,1.02,0.0,,,,,,M10_GMC
sw_bt_42,29.0,82.14,0.0,0.0,4.11,4.71,16.0,,,0.0,,1.0,0.0,,,,,,BT-42
sw_strv_m31,29.0,100.0,0.0,0.0,4.88,4.48,0.0,,,,,,0.0,,,,,,Strv_m/31
f8u-2,24.0,47.06,1.08,2.06,0.0,0.0,99.0,51.77,0.85,1.32,0.09,0.15,0.0,,,,,,F8U-2
cn_t_26_1940,28.0,,,0.0,,2.0,15.0,,,0.0,,0.0,0.0,,,,,,T-26_(China)
fokker_d23,27.0,100.0,2.33,2.93,0.0,0.0,0.0,,,,,,0.0,,,,,,◗Fokker_D.XXIII
bf2c_1,28.0,0.0,1.35,1.18,1.0,0.64,23.0,,,0.0,,0.0,0.0,,,,,,BF2C-1
spitfire_mk9c_iaf,26.0,,,2.1,,0.0,22.0,100.0,3.5,,0.0,,0.0,,,,,,Spitfire_Mk_IXc_(Israel)
ussr_pantsyr_sm_sv,28.0,100.0,1.43,1.59,0.0,0.0,751.0,52.26,1.46,1.24,0.22,0.2,5.0,,,,,,Панцирь_СМ-СВ
f2g-1,27.0,100.0,1.0,,0.0,,178.0,41.49,0.76,0.62,3.35,2.49,0.0,,,,,,F2G-1
me-410a-1_u2,27.0,,,0.52,,0.0,4.0,,,0.0,,0.0,0.0,,,,,,Me_410_A-1/U2
f_16c_block_52_aesa,28.0,27.27,1.14,1.18,0.0,0.0,384.0,53.55,0.87,1.03,1.19,1.43,23.0,,,0.08,,0.08,F-16CM_PoBIT
ussr_asu_57,26.0,100.0,0.0,0.0,0.25,0.71,94.0,100.0,0.0,0.0,2.0,0.99,0.0,,,,,,ASU-57
il_amx_13_75,28.0,50.0,0.0,0.0,0.0,1.23,133.0,50.0,0.0,0.0,3.25,1.05,0.0,,,,,,AMX-13_(Israel)
sw_charioteer_mk_7,25.0,53.85,0.0,0.0,0.88,1.0,229.0,31.69,0.0,0.0,1.09,0.71,0.0,,,,,,Charioteer_Mk_VII
us_t32e1,26.0,50.0,0.0,0.0,3.0,3.0,83.0,26.85,0.0,0.0,1.99,2.09,0.0,,,,,,T32E1
fr_msc,20.0,50.0,0.0,0.0,2.5,2.5,409.0,70.87,0.0,0.0,3.26,2.63,15.0,,,0.0,,1.87,MSC
su-2_tss1,27.0,100.0,1.0,0.2,4.5,2.4,0.0,,,,,,0.0,,,,,,Su-2_TSS-1
me_210ca_1_hungary,31.0,100.0,1.77,1.09,4.05,3.22,0.0,,,,,,0.0,,,,,,◔Me_210_Ca-1
us_m48a1_patton_III,26.0,50.0,0.0,0.0,1.5,1.5,158.0,47.2,0.0,0.0,1.45,1.46,0.0,,,,,,M48A1
me-262a-1a_u4,27.0,57.15,1.83,2.13,2.11,0.99,763.0,57.22,0.48,0.69,1.74,2.49,1.0,,,0.0,,0.0,Me_262_A-1/U4
cn_m4a4_sherman_1st_ptg,25.0,0.0,0.0,0.0,0.25,2.25,4.0,,,0.0,,1.0,0.0,,,,,,M4A4_(1st_PTG)_(China)
germ_m109g,27.0,0.0,0.0,0.0,0.73,0.63,171.0,32.9,0.01,0.01,0.84,0.98,0.0,,,,,,M109G
germ_marder_1a1,27.0,100.0,0.0,0.0,0.0,0.0,494.0,33.48,0.01,0.01,0.6,0.57,0.0,,,,,,Marder_A1-
us_m3_bradley,24.0,50.0,0.0,0.0,0.41,0.35,574.0,56.35,0.05,0.05,1.45,1.21,0.0,,,,,,M3_Bradley
germ_wiesel_1_mk20,27.0,53.7,0.0,0.0,0.0,0.0,893.0,41.58,0.23,0.18,0.77,0.62,0.0,,,,,,Wiesel_1A4
vg_33,24.0,,,,,,22.0,100.0,1.0,0.82,0.0,0.0,0.0,,,,,,V.G.33C-1
jp_tkx_prot,23.0,61.54,0.0,0.0,5.38,5.38,834.0,59.75,0.0,0.0,2.09,1.71,0.0,,,,,,TKX
beaufighter_mk6c,26.0,100.0,1.18,2.0,3.0,3.0,21.0,,,0.0,,1.0,0.0,,,,,,Beaufighter_Mk_VIc
me_210ca_1_40_mm_hungary,30.0,72.23,1.2,0.46,2.67,2.09,10.0,100.0,1.0,1.0,2.6,2.6,13.0,,,,,,◔Me_210_Ca-1_36.M
hunter_f58_switzerland,25.0,100.0,12.0,4.57,0.0,0.0,306.0,67.95,2.18,2.64,1.89,2.23,0.0,,,,,,◌Hunter_F.58
germ_flarakpz_1,24.0,0.0,1.0,,0.0,,100.0,62.37,1.56,1.89,0.0,0.0,0.0,,,,,,FlaRakPz_1
f-84g_thailand,25.0,,,0.2,,0.8,19.0,64.45,0.35,0.67,0.97,1.47,0.0,,,,,,F-84G-21-RE
uk_17_pdr_m10_achilles_norfolk_yeomanry,24.0,100.0,0.0,0.0,4.87,4.62,59.0,83.33,0.84,0.48,4.64,3.03,0.0,,,,,,Achilles_(65_Rg.)
su_25,25.0,53.33,0.87,0.95,1.27,2.14,382.0,53.27,0.73,0.71,1.63,1.58,0.0,,,,,,Su-25
sw_pvkv_iv,26.0,,,0.0,,2.27,42.0,,,0.0,,0.47,0.0,,,,,,Pvkv_IV
us_m4a3e2_sherman_jumbo,25.0,100.0,0.0,0.0,3.0,3.0,445.0,58.44,0.0,0.0,2.43,2.15,0.0,,,,,,M4A3E2
la-7b-20,25.0,100.0,3.47,4.0,2.93,1.0,87.0,42.69,1.11,1.09,0.52,0.52,0.0,,,,,,La-7B-20
ki_61_1a_ko,25.0,,,2.22,,0.0,0.0,,,,,,0.0,,,,,,Ki-61-I_ko
cn_t_80ud_478be,26.0,93.75,0.0,0.0,2.13,2.38,153.0,56.33,0.0,0.0,1.86,1.69,0.0,,,,,,T-80UD/BE
ussr_is_3,26.0,50.0,0.0,0.0,1.0,2.67,224.0,62.58,0.0,0.0,3.16,2.49,0.0,,,,,,IS-3
sw_pvkv_m43_1946,26.0,,,0.0,,1.44,0.0,,,,,,0.0,,,,,,Pvkv_m/43_(1946)
il_zsu_23_4,24.0,,,,,,77.0,75.0,0.75,0.77,0.0,0.0,0.0,,,,,,ZSU-23-4_(Israel)
cn_ztz_96,26.0,50.0,0.0,0.0,2.0,0.92,307.0,62.87,0.0,0.0,3.27,3.03,0.0,,,,,,ZTZ96
us_m19,24.0,16.67,0.17,0.25,0.17,0.25,85.0,19.54,0.75,0.43,2.61,1.86,0.0,,,,,,M19A1
sw_a_34_comet,26.0,,,,,,65.0,11.46,0.0,0.0,0.78,0.79,0.0,,,,,,Comet_I
us_m1a2_sep2_abrams_trophy,21.0,98.61,0.0,0.0,4.03,4.17,2189.0,59.37,0.0,0.0,2.28,1.89,10.0,,,0.0,,1.0,M1A2_(Trophy-HV)
la-15,24.0,50.0,3.0,3.0,1.0,1.0,11.0,,,0.0,,0.0,0.0,,,,,,La-15
alpha_jet_a_thailand,24.0,50.0,1.0,1.0,2.5,2.5,174.0,79.05,0.4,0.31,2.61,1.94,15.0,,,1.0,,2.0,Alpha_Jet_A
fiat_g91_y,24.0,100.0,8.0,2.7,0.0,0.0,64.0,100.0,4.04,,0.55,,0.0,,,,,,G.91_Y
fw-190a-1,22.0,94.44,7.39,7.89,1.44,1.56,20.0,50.0,0.5,1.0,0.5,1.0,0.0,,,,,,Fw_190_A-1
p-51c-11-nt_china,24.0,,,1.0,,0.67,27.0,100.0,2.0,1.31,0.0,0.15,0.0,,,,,,P-51C-11-NT_(China)
a-26b_10,24.0,100.0,0.0,0.0,4.43,4.09,3.0,50.0,0.5,1.0,0.0,0.0,0.0,,,,,,A-26B-10
cf_188a_canada,22.0,100.0,3.46,3.46,0.0,0.0,234.0,49.96,1.4,1.56,0.15,0.15,9.0,,,1.0,,1.0,CF-188A
fiat_g91_ys,24.0,100.0,4.0,1.3,0.0,0.0,88.0,89.66,1.17,2.73,2.02,2.64,0.0,,,,,,G.91_YS
bf-109c_1,25.0,,,1.0,,1.0,0.0,,,,,,0.0,,,,,,Bf_109_C-1
bv-155b-1,25.0,100.0,1.0,1.0,0.0,0.0,7.0,,,2.0,,1.0,0.0,,,,,,BV_155_B-1
cn_lvt_4_zis_2,23.0,,,0.0,,1.0,8.0,,,0.0,,0.0,0.0,,,,,,LVT(A)(4)_(ZiS-2)
cn_type_97_kai,23.0,,,0.0,,1.39,2.0,,,0.0,,1.0,0.0,,,,,,Chi-Ha_Kai_(China)
il_aml_90,28.0,50.0,0.0,0.0,1.0,1.72,84.0,45.16,0.0,0.0,0.87,0.91,0.0,,,,,,AML-90_(Israel)
ffvs_j22_a,24.0,100.0,1.25,1.25,0.0,0.0,0.0,,,,,,0.0,,,,,,J22-A
p-63c-5_france,25.0,81.88,0.21,1.29,1.45,0.57,143.0,85.23,0.54,0.57,2.15,2.2,0.0,,,,,,P-63C-5
us_rdf_lt,24.0,,,0.0,,0.25,990.0,57.3,0.13,0.12,1.55,1.42,0.0,,,,,,RDF/LT
fr_lorraine_100,22.0,50.0,0.0,0.0,1.0,0.75,70.0,67.74,0.0,0.0,3.5,5.74,0.0,,,,,,CA_Lorraine
jp_type_74_c,22.0,100.0,0.0,0.0,2.0,1.0,437.0,59.68,0.0,0.0,2.38,1.53,0.0,,,,,,Type_74_(C)
saab_t18b_1,24.0,,,0.58,,2.08,14.0,50.0,0.0,0.93,0.0,0.0,0.0,,,,,,T18B
germ_sppz2_luchs_a2,23.0,0.0,0.0,0.0,1.0,1.0,73.0,0.0,0.63,0.22,0.0,0.2,0.0,,,,,,Luchs_A2
f-86f-2,25.0,,,0.38,,0.0,77.0,100.0,4.15,6.07,0.74,1.2,0.0,,,,,,F-86F-2
uk_fv438_swingfire,26.0,50.0,0.0,0.0,0.5,0.58,166.0,41.52,0.0,0.0,1.45,1.62,0.0,,,,,,Swingfire
ussr_t_72b3_arena,23.0,,,0.0,,0.62,426.0,45.42,0.0,0.0,1.59,1.41,11.0,100.0,0.0,0.0,1.0,1.0,"Т-72Б3_""Арена"""
ki_61_1a_hei_ep,23.0,50.0,2.5,5.0,0.0,0.0,1.0,,,0.0,,0.0,10.0,,,,,,Tada's_Ki-61-I_hei
germ_flakpanzer_IV_Wirbelwind,25.0,100.0,5.0,,1.0,,371.0,41.45,1.76,1.06,0.32,0.19,0.0,,,,,,Wirbelwind
germ_pzkpfw_III_ausf_B,22.0,100.0,0.0,,2.91,,43.0,82.5,0.0,0.0,2.33,1.85,0.0,,,,,,Pz.III_B
sw_strf_90c,20.0,50.0,1.0,1.0,3.0,2.06,228.0,63.16,0.06,0.06,1.77,1.7,0.0,,,,,,Strf_9040C
spitfire_f22,23.0,100.0,3.0,3.0,0.0,0.0,12.0,50.0,1.2,1.8,1.0,1.6,0.0,,,,,,Spitfire_F_Mk_22
pe-2-110,22.0,100.0,0.79,0.52,3.79,3.52,0.0,,,,,,0.0,,,,,,Pe-2-110
uk_cruiser_ram_1,21.0,16.67,0.17,0.08,2.5,2.75,33.0,,,0.0,,1.95,0.0,,,,,,Ram_I
pe-8_m82,22.0,100.0,0.0,0.0,2.21,2.21,24.0,11.11,0.1,0.17,0.0,0.0,0.0,,,,,,Pe-8
yak-3p,25.0,96.88,2.58,2.63,0.0,0.0,141.0,72.83,4.85,3.22,1.61,1.09,13.0,,,2.0,,0.0,Yak-3P
he_112b_0,24.0,100.0,1.86,1.33,0.0,0.0,18.0,,,,,,0.0,,,,,,He_112_B-0
f9f-2,22.0,,,0.0,,0.86,14.0,,,0.38,,0.0,0.0,,,,,,F9F-2
ussr_object_120,24.0,50.0,0.0,0.0,1.3,1.18,21.0,,,0.0,,3.25,0.0,,,,,,Object_120
germ_leopard_2pl,23.0,,,0.0,,0.91,772.0,36.84,0.0,0.0,1.6,1.35,21.0,0.0,0.0,0.0,1.0,0.06,Leopard_2_PL
us_m4a1_1942_sherman,23.0,100.0,0.0,0.0,1.4,1.4,68.0,70.59,0.0,0.0,3.0,1.25,0.0,,,,,,M4A1
cn_m55,22.0,28.57,0.0,0.0,1.29,1.86,8.0,,,,,,0.0,,,,,,M55_(China)
f-80,22.0,,,,,,10.0,,,,,,0.0,,,,,,F-80C-10
f-86a-5,22.0,,,0.0,,0.0,77.0,50.42,0.92,1.52,1.0,1.27,0.0,,,,,,F-86A-5
jp_type_1_chi_he,22.0,,,,,,153.0,100.0,0.0,0.0,5.06,1.96,0.0,,,,,,Chi-He
ki_100_2,23.0,,,0.3,,0.0,86.0,84.72,0.81,0.84,1.31,1.44,0.0,,,,,,Ki-100-II
bf-109g-2_hungary,23.0,,,6.35,,0.0,41.0,96.67,1.6,1.91,0.68,0.65,2.0,,,0.0,,0.0,◐Bf_109_G-2
pe-2-359,21.0,100.0,0.69,0.52,5.69,4.95,0.0,,,,,,0.0,,,,,,Pe-2-359
germ_sdkfz_222,22.0,100.0,0.0,0.0,3.52,3.45,96.0,72.23,0.0,0.0,2.71,1.63,0.0,,,,,,Sd.Kfz.222
ussr_t_35,24.0,100.0,0.0,0.0,5.86,3.83,0.0,,,,,,0.0,,,,,,T-35
us_m10_booker_late,22.0,,,0.0,,2.0,509.0,65.18,0.0,0.0,2.07,1.46,0.0,,,,,,M10_Booker
us_xm_8,22.0,100.0,0.0,0.0,3.0,3.0,21.0,,,0.0,,4.53,0.0,,,,,,XM8
it_leopard_2a4,20.0,50.0,0.0,0.0,2.65,5.3,169.0,53.67,0.0,0.0,3.06,1.58,0.0,,,,,,◔Leopard_2A4
ussr_zis_43,23.0,100.0,1.0,1.0,1.3,1.3,0.0,,,,,,0.0,,,,,,ZiS-43
f-105d,23.0,,,0.0,,2.5,13.0,33.33,0.85,0.19,0.0,0.0,2.0,,,,,,F-105D
ussr_kv_2_1939,23.0,,,,,,87.0,30.21,0.0,0.0,1.59,1.42,0.0,,,,,,KV-2_(1939)
germ_leopard_2a4m_can,21.0,,,0.0,,2.0,1194.0,47.94,0.0,0.0,1.74,1.53,0.0,,,,,,Leopard_2A4M
re_2001_cn,26.0,100.0,3.33,2.41,0.75,0.54,5.0,,,,,,0.0,,,,,,Re.2001_CN
sw_leopard_2a6nl,23.0,50.0,0.0,0.0,1.82,3.64,164.0,45.16,0.0,0.0,3.02,2.14,0.0,,,,,,Leopard_2A6
ussr_isu_152,26.0,94.0,0.26,0.25,4.52,5.75,9.0,,,0.0,,1.0,0.0,,,,,,ISU-152
p-39q_25_france,22.0,,,,,,68.0,96.3,0.61,0.85,0.89,1.2,11.0,,,1.0,,0.0,P-39Q-25
fr_tpk_641_vpc,21.0,100.0,1.0,,0.0,,65.0,100.0,0.0,1.0,1.0,0.04,0.0,,,,,,TPK_6.41
sw_strf_9056,22.0,,,0.0,,1.0,172.0,49.89,0.12,0.11,1.05,0.92,0.0,,,,,,Strf_9040_BILL
germ_pzkpfw_38t_Aufklarungspanzer,21.0,100.0,0.0,0.0,1.0,1.0,20.0,,,0.0,,1.0,0.0,,,,,,Sd.Kfz._140/1
mig-17_cuba,22.0,100.0,1.36,1.36,0.0,0.0,73.0,36.47,1.57,2.29,0.62,0.84,0.0,,,,,,MiG-17AS
sw_leopard_2a4_fin,21.0,47.62,0.0,0.0,1.0,1.95,334.0,58.95,0.0,0.0,1.94,1.57,0.0,,,,,,Leopard_2A4
us_m60a3_slep,22.0,,,,,,2.0,,,0.0,,1.0,0.0,,,,,,M60_AMBT
bf-109f-1,20.0,54.17,2.5,5.75,0.0,0.0,27.0,0.0,0.0,0.36,1.07,0.77,0.0,,,,,,Bf_109_F-1
germ_pzsfl_IVa_dickermax,23.0,,,,,,1.0,,,,,,0.0,,,,,,Dicker_Max
sw_strv_121,21.0,47.62,0.0,0.0,0.9,1.71,578.0,48.3,0.0,0.0,1.53,1.28,0.0,,,,,,Strv_121
cn_type_63_I,22.0,100.0,0.0,0.0,1.0,1.0,68.0,37.88,0.0,0.0,0.54,0.53,0.0,,,,,,Type_63-I
ussr_isu_122s,23.0,,,0.0,,1.65,0.0,,,,,,0.0,,,,,,ISU-122S
ussr_pt_76_57,22.0,100.0,0.0,0.0,1.0,1.0,55.0,66.67,0.0,0.0,5.83,4.02,15.0,,,0.0,,2.75,PT-76-57
p-47d_22_re,21.0,,,0.0,,0.0,29.0,100.0,1.0,1.0,0.8,0.8,0.0,,,,,,P-47D-22-RE
hurricanemkii_ussr,21.0,100.0,4.93,5.0,0.43,2.0,2.0,,,,,,0.0,,,,,,Hurricane_Mk_IIB
it_as_42_47,23.0,78.57,0.0,0.0,3.07,3.06,14.0,,,0.0,,2.0,0.0,,,,,,AS_42/47
us_m46_patton_73_armor_bat,20.0,50.0,0.0,0.0,1.5,3.0,386.0,67.07,0.02,0.02,3.36,2.5,0.0,,,,,,"M46_""Tiger"""
jp_type_4_ho_ro,21.0,,,,,,5.0,,,0.0,,0.0,0.0,,,,,,Ho-Ro
jp_type_89b_i_go_otsu,21.0,100.0,0.0,,4.0,,6.0,,,,,,0.0,,,,,,I-Go_Ko
bf-109f-2,17.0,100.0,14.29,8.71,2.86,1.71,7.0,,,0.0,,1.0,0.0,,,,,,Bf_109_F-2
spitfire_mk5b_notrop,23.0,100.0,2.53,3.44,0.78,1.0,0.0,,,,,,0.0,,,,,,Spitfire_Mk_Vb
pyorremyrsky,28.0,41.43,1.55,1.3,0.0,0.0,89.0,80.11,1.71,1.79,1.81,1.82,11.0,,,2.83,,0.0,VL_Pyörremyrsky
mig_3_series_34,21.0,,,3.11,,0.0,0.0,,,,,,0.0,,,,,,MiG-3-34
mig_23mld,21.0,50.0,0.81,1.57,0.0,0.0,359.0,75.89,3.52,9.92,0.02,0.02,73.0,,,2.54,,0.0,MiG-23MLD
bf-109b_2,21.0,,,2.4,,0.0,0.0,,,,,,0.0,,,,,,Bf_109_B-1
fr_amx_30_ACRA,21.0,,,,,,44.0,27.5,0.0,0.0,1.88,1.23,0.0,,,,,,AMX-30_ACRA
spitfire_mk5b,23.0,100.0,2.5,5.71,0.09,0.43,1.0,,,,,,0.0,,,,,,Spitfire_Mk_Vb/trop
sw_lago_1,21.0,100.0,0.0,0.0,1.0,1.0,12.0,50.0,0.0,0.0,1.5,3.0,0.0,,,,,,Lago_I
btd-1,24.0,0.0,0.0,0.0,2.0,1.44,8.0,,,0.0,,1.67,0.0,,,,,,BTD-1
cn_t_62,19.0,,,,,,14.0,,,,,,0.0,,,,,,Т-62_№545
bf-110g-2,22.0,,,0.0,,1.09,14.0,,,0.14,,1.14,0.0,,,,,,Bf_110_G-2
it_m3a3_stuart,21.0,,,0.0,,0.0,21.0,,,,,,0.0,,,,,,M3A3
ju-88a-1,20.0,100.0,0.0,0.0,8.0,4.0,0.0,,,,,,0.0,,,,,,Ju_88_A-1
bf_110g_4_hungary,22.0,76.92,0.77,0.63,4.0,3.69,65.0,53.76,0.25,0.53,1.08,2.24,0.0,,,,,,◐Bf_110_G-4
jp_type_97_chi_ha_12cm,21.0,100.0,0.0,,11.62,,25.0,100.0,0.0,0.0,3.0,3.0,0.0,,,,,,Chi-Ha_Short_Gun
pe-3,21.0,100.0,0.71,0.71,5.48,5.48,0.0,,,,,,0.0,,,,,,Pe-3
cn_mbt2000,16.0,66.67,0.3,0.3,2.7,2.7,146.0,45.74,0.0,0.0,1.64,1.64,0.0,,,,,,MBT-2000
fr_leopard_2a4nl,16.0,50.0,0.0,0.0,2.0,2.7,139.0,73.97,0.0,0.0,3.29,1.89,0.0,,,,,,Leopard_2A4NL
sw_bkan_1c,18.0,40.0,1.8,3.0,0.4,0.8,271.0,43.07,0.21,0.15,1.51,1.25,0.0,,,,,,Bkan_1C
er-2_m105r_lu2b,19.0,100.0,0.0,0.0,3.79,3.32,0.0,,,,,,0.0,,,,,,Yer-2_(M-105R)_LU
f-4m_fgr2,17.0,100.0,4.0,1.05,0.0,0.0,3.0,,,,,,0.0,,,,,,Phantom_FGR.2
su_17m4,22.0,33.33,0.71,1.06,0.88,1.29,0.0,,,,,,22.0,100.0,1.0,1.0,1.0,1.0,Su-17M4
jp_type_74_mod_g_kai,20.0,100.0,0.0,0.0,4.0,2.05,440.0,62.73,0.0,0.0,2.85,1.87,0.0,,,,,,Type_74_(G)
fr_amx_10rc,20.0,,,,,,221.0,48.96,0.0,0.0,1.64,1.48,0.0,,,,,,AMX-10RC
uk_challenger_mk_3,20.0,,,,,,108.0,52.78,0.0,0.0,2.75,2.2,5.0,50.0,0.0,0.0,0.5,1.0,Challenger_Mk.3
uk_ac1_sentinel,18.0,100.0,0.0,0.0,0.0,0.0,0.0,,,,,,0.0,,,,,,A.C.I
f-89d,21.0,,,,,,111.0,72.45,3.45,8.38,0.03,0.08,0.0,,,,,,F-89D
ki_43_2,18.0,,,,,,38.0,92.75,0.0,0.0,1.02,1.25,0.0,,,,,,Ki-43-II
ussr_t_34_1941_cast_turret,21.0,100.0,0.0,0.0,2.89,4.0,25.0,80.77,0.0,0.0,1.08,1.54,0.0,,,,,,T-34_(1st_Gv.T.Br.)
germ_sturmmorser_sturmtiger,19.0,100.0,0.0,0.0,2.0,1.28,36.0,50.0,0.0,0.0,0.87,1.36,0.0,,,,,,38_cm_Sturmmörser
uk_sp_17_pdr_valentine,18.0,50.0,0.5,1.0,0.5,1.0,0.0,,,,,,0.0,,,,,,Archer
f-4jk,18.0,100.0,2.0,1.72,0.0,0.0,59.0,76.09,0.5,0.38,0.09,0.07,0.0,,,,,,F-4J(UK)_Phantom_II
p-47d_22_re_france,21.0,100.0,1.56,1.42,9.61,8.69,27.0,82.5,0.1,0.1,0.55,0.6,0.0,,,,,,P-47D-22-RE
jp_type_75_mlrs,20.0,0.0,0.0,0.0,2.0,2.0,28.0,50.0,0.0,0.0,0.5,0.5,0.0,,,,,,Type_75_MLRS
cn_type_62,18.0,,,0.0,,1.06,142.0,59.79,0.0,0.0,1.31,1.11,20.0,,,0.0,,1.0,Type_62
xp-55,23.0,77.78,3.33,2.9,0.44,0.34,14.0,50.0,1.0,1.36,1.0,1.36,0.0,,,,,,XP-55
su-7bkl,18.0,0.0,1.0,0.93,1.0,1.0,79.0,0.0,0.86,0.7,1.43,1.16,0.0,,,,,,Su-7BKL
f_15a,19.0,100.0,0.0,0.0,1.0,1.0,142.0,58.47,1.26,1.67,0.19,0.25,0.0,,,,,,F-15A
i-16_type27,18.0,100.0,4.0,2.0,0.0,0.0,10.0,100.0,2.0,,6.0,,0.0,,,,,,I-16_type_27
germ_kanonenjagdpanzer,17.0,100.0,0.0,0.0,2.0,1.0,223.0,20.94,0.0,0.0,2.27,0.94,26.0,0.0,0.0,0.0,1.0,1.0,JPz_4-5
germ_raketenjagdpanzer_2,18.0,,,0.0,,0.0,21.0,16.67,0.0,0.0,1.0,0.75,0.0,,,,,,RakJPz_2
uk_centurion_mk_5_avre_era,17.0,,,0.0,,1.0,48.0,50.0,0.0,0.0,1.0,0.83,0.0,,,,,,Centurion_Mk.5_AVRE
sw_pvrbv_551,18.0,0.0,0.0,0.0,1.0,1.0,68.0,42.33,0.0,0.0,0.87,1.02,0.0,,,,,,Pvrbv_551
us_m1_abrams_kvt,18.0,,,0.0,,0.0,1019.0,59.03,0.0,0.0,2.67,2.13,0.0,,,,,,M1_KVT
cn_cm_34,20.0,100.0,0.0,0.0,3.0,1.5,239.0,51.84,0.0,0.0,1.68,1.35,19.0,66.67,0.0,0.0,2.3,1.72,CM34
germ_pzkpfw_35t,18.0,100.0,0.0,,1.78,,45.0,100.0,0.0,0.0,1.83,1.69,0.0,,,,,,Pz.35(t)
l_39za_art_thailand,17.0,100.0,1.0,1.53,1.63,1.0,905.0,69.98,0.26,0.31,3.89,4.55,0.0,,,,,,L-39ZA/ART_Albatros
fr_leopard_1a5be,18.0,,,0.0,,2.0,185.0,58.42,0.0,0.0,1.97,1.76,5.0,,,0.0,,0.0,Leopard_1A5BE
ju-87d-3_italy,20.0,66.67,0.3,0.3,2.0,2.0,0.0,,,,,,0.0,,,,,,Ju_87_D-3
ki_61_2_early,17.0,50.0,1.0,2.0,0.5,1.0,21.0,,,,,,0.0,,,,,,Ki-61-II_Otsu_Kai
p-39n_su,19.0,100.0,5.0,2.67,1.0,0.0,23.0,,,1.65,,1.0,0.0,,,,,,Pokryshkin's_P-39N-0
saab_a21rb,17.0,,,1.0,,0.0,8.0,100.0,1.0,1.0,1.0,1.0,0.0,,,,,,A21RB
fiat_g91_r4_german,18.0,,,1.0,,0.0,113.0,54.96,1.22,1.79,0.87,1.2,0.0,,,,,,◄G.91_R/4
p-51c-10-nt,17.0,,,,,,108.0,42.47,0.79,0.68,0.88,0.81,0.0,,,,,,P-51C-10
germ_flakpanzer_IV_Kugelblitz,20.0,0.0,0.0,0.0,0.0,0.0,373.0,38.7,0.82,0.62,0.41,0.31,0.0,,,,,,Kugelblitz
f3d_1,18.0,0.0,0.0,0.0,0.17,0.17,72.0,100.0,0.0,0.39,2.0,1.27,5.0,,,0.0,,1.0,F3D-1
bf-109a_1,17.0,,,2.0,,0.0,0.0,,,,,,0.0,,,,,,Flegel's_Bf_109_A
ussr_kv_2_1940,16.0,,,,,,12.0,50.0,0.0,0.0,1.0,2.0,0.0,,,,,,KV-2_(1940)
f-86k_late_italy,18.0,50.0,1.5,1.4,0.5,0.4,14.0,50.0,1.0,1.5,0.5,0.75,0.0,,,,,,F-86K
ussr_t_26_1940,17.0,,,,,,4.0,,,,,,0.0,,,,,,T-26
ta-152c,18.0,50.0,1.39,2.61,0.0,0.0,30.0,62.5,0.92,1.67,0.63,1.0,0.0,,,,,,Ta_152_C-3
us_mbt_70,15.0,100.0,0.0,0.0,2.36,2.36,1687.0,59.05,0.0,0.0,1.79,1.54,0.0,,,,,,MBT-70
germ_vilkas,16.0,50.0,0.0,0.0,0.84,1.69,151.0,53.54,0.0,0.0,0.84,0.99,0.0,,,,,,Vilkas
germ_m44,18.0,100.0,0.0,0.0,2.22,2.22,115.0,9.68,0.0,0.0,1.18,1.04,0.0,,,,,,M44
me-410b-1_u2,16.0,100.0,1.0,1.0,0.14,0.14,0.0,,,,,,0.0,,,,,,Me_410_B-1/U2
a5m4,16.0,,,,,,0.0,,,,,,0.0,,,,,,A5M4
fr_amx_13_dca_40,15.0,,,0.25,,0.0,200.0,66.52,0.08,0.09,1.26,1.34,0.0,,,,,,AMX-13_DCA_40
f2a-3,17.0,,,1.0,,0.0,15.0,,,0.0,,0.0,0.0,,,,,,F2A-3
p-26b_35,17.0,,,1.0,,0.0,0.0,,,,,,0.0,,,,,,P-26B-35
p-26a_34_m2,17.0,50.0,1.65,3.29,0.0,0.0,0.0,,,,,,0.0,,,,,,P-26A-34_M2
p-26a_33,17.0,50.0,0.74,1.47,0.0,0.0,0.0,,,,,,0.0,,,,,,P-26A-33
me-410b-2_u4,16.0,21.88,0.78,1.0,0.0,0.0,0.0,,,,,,0.0,,,,,,Me_410_B-2/U4
b7a2_homare_23,18.0,100.0,0.0,0.13,3.0,2.44,114.0,88.97,1.09,0.9,1.83,1.72,0.0,,,,,,B7A2_(Homare_23)
mig-19s,16.0,,,0.0,,0.0,3.0,,,,,,0.0,,,,,,◊MiG-19S
ussr_t_90a,18.0,,,0.0,,0.57,923.0,48.56,0.0,0.0,1.48,1.26,11.0,100.0,0.0,0.0,1.0,0.09,Т-90А
il_m_51_w,18.0,100.0,0.0,0.0,1.78,1.78,58.0,22.81,0.0,0.0,1.29,1.39,0.0,,,,,,M-51_(W)
ussr_zsu_23_4m2,16.0,0.0,0.25,0.25,0.0,0.0,87.0,20.7,0.61,0.73,0.19,0.24,0.0,,,,,,ЗСУ-23-4М2
cn_object_122tm,16.0,50.0,0.0,0.0,0.88,1.75,153.0,81.18,0.0,0.0,5.53,2.6,1.0,,,,,,"Object_122MT_""MC"""
hunter_f1,17.0,,,1.0,,2.0,76.0,100.0,2.93,2.0,0.4,0.04,0.0,,,,,,Hunter_F.1
saab_jas39d,16.0,,,1.81,,0.0,156.0,50.0,1.05,0.8,0.14,0.14,6.0,,,2.0,,1.5,JAS39D
mig-15bis_nr23_china,16.0,50.0,5.5,11.0,0.5,1.0,3.0,,,1.0,,0.0,0.0,,,,,,J-2
f1,16.0,50.0,5.0,10.0,0.5,1.0,109.0,65.45,2.44,5.31,0.08,0.16,0.0,,,,,,F-1
ia_58a_pucara,16.0,50.0,3.5,7.0,1.5,3.0,244.0,59.97,1.5,2.29,2.48,3.45,0.0,,,,,,IA.58A_Pucara
f_16am_block_20_mlu_netherlands,16.0,100.0,8.0,4.0,0.0,0.0,156.0,65.46,1.13,1.6,0.81,1.74,18.0,,,2.0,,0.0,◘F-16AM
us_ccvl,14.0,100.0,0.0,0.0,8.0,4.0,51.0,50.0,0.0,0.0,6.0,3.55,0.0,,,,,,CCVL
uk_a_13_mk2_1939,16.0,100.0,0.0,0.0,2.0,2.0,10.0,,,,,,0.0,,,,,,A13_Mk_II_1939
fr_leopard_2a4nl_les,12.0,66.67,0.0,0.0,2.0,3.0,638.0,52.82,0.0,0.0,2.13,1.54,0.0,,,,,,Leopard_2_(OTCo)
lagg-3-11,15.0,100.0,3.0,3.0,0.0,0.0,0.0,,,,,,0.0,,,,,,LaGG-3-11
uk_daimler_mk_2,15.0,,,0.0,,3.0,32.0,,,0.0,,0.84,0.0,,,,,,Daimler_Mk_II
jp_type_93,16.0,,,1.0,,1.0,67.0,4.76,1.0,0.91,0.0,0.0,0.0,,,,,,Type_93
uk_crusader_mk_2,15.0,,,0.0,,4.0,25.0,,,0.0,,1.0,0.0,,,,,,Crusader_II
f-86f-40_japan,16.0,50.0,1.0,2.0,1.0,2.0,43.0,100.0,2.97,7.44,0.67,0.0,0.0,,,,,,F-86F-40_
blenheim_mkiv,16.0,100.0,0.0,0.0,3.0,3.0,0.0,,,,,,0.0,,,,,,Blenheim_Mk_IV
ussr_is_6,16.0,30.0,0.0,0.0,1.9,2.19,62.0,25.64,0.0,0.0,5.48,3.83,7.0,50.0,0.0,0.0,1.0,2.0,IS-6
su_25t,17.0,66.67,0.7,1.0,2.7,1.5,151.0,93.23,0.25,0.2,6.44,4.55,0.0,,,,,,Su-25T
germ_flakpanzer_V_Coelian,17.0,,,,,,496.0,55.49,0.81,0.56,3.11,2.15,12.0,50.0,0.0,0.0,2.0,2.0,Flakpanzer_341
saab_a21a_3,14.0,,,1.33,,0.0,46.0,7.97,1.07,0.94,2.62,2.39,0.0,,,,,,A21A-3
p-40e,15.0,,,2.0,,0.0,50.0,70.59,0.59,0.4,0.35,0.28,0.0,,,,,,P-40E-1
us_m22_locust,14.0,,,0.0,,1.6,153.0,35.05,0.0,0.0,2.52,1.54,0.0,,,,,,M22
mig-21_f13,15.0,,,1.07,,0.13,54.0,42.33,1.56,1.65,0.0,0.0,0.0,,,,,,MiG-21F-13
mig-21_mf,17.0,,,0.06,,0.0,72.0,51.11,1.82,2.13,0.18,0.15,0.0,,,,,,◊MiG-21MF
germ_pzkpfw_e_100,13.0,100.0,0.0,0.0,7.43,6.0,0.0,,,,,,0.0,,,,,,E-100
ussr_is_7,18.0,100.0,0.0,0.0,12.0,12.0,58.0,89.26,0.0,0.0,6.65,5.83,3.0,100.0,0.0,0.0,1.0,1.0,IS-7
sw_pvkv_III,15.0,,,,,,14.0,,,0.0,,1.21,0.0,,,,,,Pvkv_III
il_2_1942_luftwaffe,16.0,100.0,1.0,1.0,2.0,2.0,0.0,,,,,,0.0,,,,,,IL-2_(1942)
uk_sarc_mk4_a,14.0,,,,,,0.0,,,,,,0.0,,,,,,SARC_MkIVa
germ_sdkfz_6_2_flak36,13.0,100.0,1.0,1.0,11.0,11.0,21.0,0.0,0.0,0.0,1.0,1.0,0.0,,,,,,Sd.Kfz._6/2
sw_ikv_73,15.0,100.0,0.0,0.0,5.0,5.0,20.0,,,0.0,,1.0,0.0,,,,,,Ikv_73
fr_jaguar_ebrc,12.0,50.0,0.5,0.5,2.5,2.5,289.0,73.61,0.0,0.0,2.25,1.32,0.0,,,,,,EBRC_Jaguar
fr_bat_chat_25t,16.0,,,0.0,,2.0,263.0,71.74,0.0,0.0,3.73,2.21,0.0,,,,,,Char_25t
uk_conqueror_mk_2,15.0,,,0.0,,3.0,295.0,45.13,0.0,0.0,1.82,1.44,8.0,50.0,0.0,0.0,2.5,5.0,Conqueror
lightning_f6,16.0,,,3.0,,0.0,37.0,50.0,1.05,1.65,1.5,2.57,0.0,,,,,,Lightning_F.6
av_8c,13.0,50.0,0.83,1.33,0.5,0.94,23.0,0.0,0.0,0.0,2.0,3.16,0.0,,,,,,AV-8C
us_t30,15.0,,,,,,66.0,49.09,0.0,0.0,3.13,2.47,0.0,,,,,,T30
germ_pzkpfw_38t_Marder_III_ausf_H,14.0,,,,,,37.0,0.0,0.0,0.0,0.72,0.85,0.0,,,,,,Marder_III_H
us_t86,15.0,,,0.0,,1.0,82.0,67.5,0.0,0.0,1.87,1.88,0.0,,,,,,T86
germ_bmp_1_ddr,16.0,,,,,,53.0,42.22,0.0,0.0,0.85,0.54,0.0,,,,,,SPz_BMP-1
il_mim_72_chaparral,18.0,7.41,0.22,0.33,0.07,0.11,11.0,90.91,1.82,2.0,0.0,0.0,0.0,,,,,,Imp.Chaparral_(Israel)
us_m1296_dragoon,15.0,,,0.0,,0.0,71.0,88.0,0.0,0.0,1.48,1.04,0.0,,,,,,M1296
a_6e_tram,15.0,,,3.0,,0.53,132.0,52.72,0.15,0.21,1.75,2.33,27.0,0.0,0.0,0.0,1.0,0.41,A-6E_TRAM
sb2u-3,15.0,50.0,1.0,2.0,1.0,2.0,1.0,,,,,,0.0,,,,,,SB2U-3
cn_m8_greyhound,13.0,100.0,0.0,,1.0,,36.0,100.0,0.0,0.0,2.0,1.14,0.0,,,,,,M8_LAC_(China)
sw_pvkv_m43_1963,12.0,50.0,0.0,0.0,2.5,4.5,43.0,,,0.0,,1.0,0.0,,,,,,Pvkv_m/43_(1963)
su-2_mv5,13.0,100.0,1.15,1.15,5.0,5.0,0.0,,,,,,0.0,,,,,,Su-2_MV-5
jp_m60a3_tts,15.0,,,0.0,,1.0,94.0,37.5,0.0,0.0,3.29,2.2,0.0,,,,,,M60A3_TTS
us_xm_975_roland,15.0,,,,,,38.0,50.0,0.0,0.0,0.0,0.0,0.0,,,,,,XM975
ussr_object_268,15.0,,,0.0,,3.07,195.0,33.33,0.0,0.0,3.8,2.04,0.0,,,,,,Object_268
germ_sdkfz_251_21,15.0,50.0,1.0,2.0,0.0,0.0,187.0,39.42,0.62,0.62,0.49,0.51,0.0,,,,,,Sd.Kfz.251/21
jh_7,15.0,,,1.0,,0.0,0.0,,,,,,0.0,,,,,,JH-7
fokker_d21_netherlands,15.0,0.0,1.53,1.53,0.0,0.0,0.0,,,,,,0.0,,,,,,◗Fokker_D.XXI
p-36a,15.0,,,2.38,,0.0,0.0,,,,,,0.0,,,,,,P-36A
fr_vcac_mephisto,15.0,,,0.0,,1.0,196.0,37.23,0.0,0.0,1.56,1.41,0.0,,,,,,MEPHISTO
h-75a-4_france,15.0,0.0,1.0,1.0,0.0,0.0,0.0,,,,,,0.0,,,,,,H-75A-4
b_24d,14.0,,,0.0,,1.0,0.0,,,,,,0.0,,,,,,B-24D-25-CO
sw_stormpjas_fm43_44,13.0,,,,,,0.0,,,,,,0.0,,,,,,Spj_fm/43-44
jp_type_74_red_star,13.0,,,0.0,,1.0,277.0,55.58,0.0,0.0,2.52,1.59,0.0,,,,,,Type_74_Red_Star
d_501,15.0,,,1.0,,0.0,0.0,,,,,,0.0,,,,,,D.501
uk_challenger_1,13.0,,,0.0,,1.8,166.0,22.22,0.0,0.0,6.74,2.24,4.0,,,0.0,,0.0,Challenger_Mk.2
spitfire_mk5b_italy,16.0,0.0,4.33,4.33,0.0,0.0,43.0,92.86,2.14,1.5,0.02,0.5,8.0,,,,,,Spitfire_Mk_Vb/trop
jp_type_89,16.0,,,0.0,,1.0,195.0,77.14,0.0,0.0,4.98,2.47,11.0,,,0.0,,0.0,Type_89
f-4k,13.0,,,1.0,,0.0,15.0,50.0,1.5,3.0,0.0,0.0,0.0,,,,,,Phantom_FG.1
tornado_f3,13.0,100.0,1.0,1.0,0.0,0.0,103.0,50.0,1.67,1.82,0.44,0.5,3.0,,,1.0,,0.0,Tornado_F.3
ussr_object_685,13.0,,,0.0,,0.0,295.0,49.82,0.0,0.0,1.77,1.75,0.0,,,,,,Object_685
beaufort_mkviii,14.0,,,0.0,,0.0,0.0,,,,,,0.0,,,,,,Beaufort_Mk_VIII
sw_strv_103c,15.0,,,,,,61.0,46.88,0.0,0.0,0.69,1.0,0.0,,,,,,Strv_103С
us_xm1_chrysler,10.0,100.0,0.0,0.0,8.0,8.0,1327.0,72.6,0.0,0.0,4.84,3.54,0.0,,,,,,XM1_(Chrysler)
typhoon_mk1b,16.0,90.48,6.09,3.51,4.23,2.44,83.0,83.97,1.02,1.68,2.1,3.18,0.0,,,,,,Typhoon_Mk_Ib
germ_spz_12_3,13.0,100.0,0.0,0.0,4.0,4.0,27.0,,,0.0,,1.44,0.0,,,,,,SPz_12-3_LGS
il_merkava_mk_4_lic,12.0,0.0,0.0,0.0,3.0,3.0,23.0,57.14,0.0,0.0,1.14,1.56,0.0,,,,,,Merkava_Mk.4_LIC
he_112v_5,12.0,,,2.42,,0.0,0.0,,,,,,0.0,,,,,,He_112_V-5
he51b1,12.0,,,2.67,,0.0,0.0,,,,,,0.0,,,,,,He_51_B-1
il_tiran_4_sh,14.0,,,,,,49.0,100.0,0.0,0.0,1.0,0.43,0.0,,,,,,Tiran_4S
sw_strf_90b,13.0,,,0.0,,1.0,171.0,60.26,0.04,0.03,1.57,1.61,0.0,,,,,,Strf_9040B
ussr_t_72b3_2011,11.0,,,0.0,,1.0,1129.0,52.77,0.0,0.0,2.05,1.76,0.0,,,,,,T-72B3
fw-190a-5,14.0,60.71,1.0,1.79,0.0,0.0,13.0,,,,,,0.0,,,,,,Fw_190_A-5/U12
germ_9a35_m,12.0,0.0,2.0,1.25,0.0,0.0,7.0,,,1.0,,0.0,0.0,,,,,,Стрела-10М
jp_type_3_ho_ni_I,13.0,100.0,0.0,0.0,1.0,1.0,35.0,100.0,0.0,0.0,2.29,1.2,0.0,,,,,,Ho-Ni_I
mig-17,12.0,,,,,,82.0,75.93,1.08,0.81,1.05,0.82,0.0,,,,,,MiG-17
su-7b,12.0,,,,,,88.0,28.79,0.4,0.46,0.63,0.85,0.0,,,,,,Su-7B
jp_halftrack_m16,14.0,,,,,,131.0,90.48,1.33,0.58,0.0,0.0,0.0,,,,,,M16_MGMC
it_freccia,12.0,100.0,0.0,0.0,1.0,1.0,10.0,100.0,0.0,0.0,4.0,1.06,0.0,,,,,,Freccia
us_halftrack_m15,12.0,,,0.0,,1.0,9.0,,,0.0,,0.0,0.0,,,,,,M15_CGMC
il-10_1946_hungary,12.0,100.0,1.0,1.0,1.0,0.67,9.0,100.0,0.0,0.0,3.4,2.33,0.0,,,,,,◔IL-10
ussr_pantsyr_s1,13.0,,,,,,451.0,35.47,0.98,0.92,0.09,0.09,0.0,,,,,,Pantsir-S1
sw_t_55m,14.0,10.71,0.0,0.0,1.79,2.0,175.0,54.19,0.0,0.0,1.67,2.09,0.0,,,,,,T-55M
ki_100_early,12.0,,,1.0,,0.0,73.0,82.59,1.07,0.91,1.31,1.64,0.0,,,,,,Ki-100
ussr_bmp_3,15.0,100.0,0.0,0.0,3.0,1.71,1593.0,49.01,0.0,0.0,1.15,1.07,0.0,,,,,,BMP-3
uk_a30_sp_avenger,14.0,,,,,,147.0,69.42,0.0,0.0,5.83,3.08,0.0,,,,,,Avenger
he_112a_0,15.0,,,1.56,,0.0,6.0,100.0,0.5,0.5,2.0,2.0,0.0,,,,,,He_112_A-0
ussr_is_1_kit_3rank,12.0,,,0.0,,1.09,97.0,51.67,0.0,0.0,1.05,1.29,0.0,,,,,,ИС-1_('45)
fa_18c_early,12.0,,,1.0,,0.0,1330.0,54.1,0.87,0.98,0.47,0.54,43.0,,,1.44,,0.29,F/A-18C_Early
il_hunter_afv,14.0,,,0.0,,0.0,0.0,,,,,,0.0,,,,,,Hunter_AFV
beaufighter_mk21,12.0,100.0,2.0,2.0,8.5,8.5,10.0,,,0.0,,1.0,0.0,,,,,,Beaufighter_Mk_21
uk_a_34_comet_iron_duke,14.0,100.0,0.0,0.0,5.0,10.0,4.0,,,0.0,,1.0,0.0,,,,,,"Comet_I_""Iron_Duke_IV"""
uk_a27m_cromwell_5_rp3,11.0,,,,,,24.0,,,0.0,,1.0,0.0,,,,,,Cromwell_V_(RP-3)
it_semovente_m41_75_32,12.0,,,,,,0.0,,,,,,0.0,,,,,,75/32_M41
germ_pzkpfw_38t_ausf_F,11.0,,,,,,0.0,,,,,,0.0,,,,,,Pz.38(t)_F
it_sherman_VII,13.0,,,0.0,,4.85,32.0,100.0,0.0,0.0,3.32,3.2,0.0,,,,,,M4_Tipo_IC
it_c1_ariete_preserie,10.0,100.0,0.0,0.0,3.38,3.38,176.0,49.27,0.0,0.0,2.38,1.93,0.0,,,,,,Ariete_(P)
ussr_t_28E,12.0,50.0,0.5,0.5,4.25,4.25,16.0,0.0,0.0,0.0,3.3,2.43,0.0,,,,,,T-28E
jp_type_94,11.0,,,,,,2.0,,,,,,0.0,,,,,,Type_94
pe-2-205,13.0,100.0,0.0,0.0,3.0,3.0,0.0,,,,,,0.0,,,,,,Pe-2-205
il_2_m82,13.0,100.0,1.0,1.0,2.0,1.08,0.0,,,,,,0.0,,,,,,IL-2_M-82
wm_23,13.0,50.0,2.5,5.0,1.5,3.0,0.0,,,,,,0.0,,,,,,◔WM-23
ussr_bt_7_m,13.0,,,0.0,,3.0,86.0,0.0,0.0,0.0,2.0,1.91,6.0,,,,,,BT-7M
it_leopard_1a5,11.0,100.0,0.0,0.0,3.0,3.0,63.0,77.78,0.0,0.0,2.52,2.33,5.0,,,0.0,,1.0,Leopard_1A5
germ_pzkpfw_V_ersatz_m10,12.0,100.0,0.0,,1.0,,26.0,,,0.0,,4.16,0.0,,,,,,Ersatz_M10
uk_a_13_mk2,14.0,100.0,0.0,0.0,3.63,3.63,35.0,100.0,0.0,0.0,3.94,2.31,0.0,,,,,,A13_Mk_II
jp_type_90b,13.0,,,0.0,,1.0,293.0,49.67,0.0,0.0,2.22,2.29,0.0,,,,,,Type_90_(B)
us_m3_stuart,14.0,,,0.0,,3.0,56.0,,,0.0,,1.33,0.0,,,,,,M3_Stuart
uk_a_22b_mk_3_churchill_1942,11.0,,,0.0,,1.18,10.0,75.0,0.0,0.0,1.75,1.64,0.0,,,,,,Churchill_III
il_magach_7c,12.0,,,0.0,,1.0,30.0,,,0.0,,6.0,0.0,,,,,,Magach_7C
sw_leopard_1a5no,11.0,100.0,0.0,0.0,2.0,2.0,417.0,41.17,0.0,0.0,2.62,1.77,0.0,,,,,,Leopard_1A5NO2
sw_pt_76b,13.0,50.0,0.0,0.0,1.0,1.77,192.0,33.3,0.0,0.0,0.61,0.49,0.0,,,,,,PT-76
uk_chieftain_mk_5,13.0,,,,,,138.0,58.01,0.0,0.0,3.42,3.5,0.0,,,,,,Chieftain_Mk_5
uk_chieftain_marksman,12.0,50.0,0.0,0.0,0.0,0.0,187.0,61.56,1.0,0.55,1.23,0.69,0.0,,,,,,Chieftain_Marksman
il_magach_2,10.0,50.0,0.0,0.0,1.7,3.4,0.0,,,,,,0.0,,,,,,Magach_2
il_magach_6c,12.0,0.0,0.0,0.0,1.0,1.0,35.0,15.38,0.0,0.0,2.96,2.83,0.0,,,,,,Magach_6C
uk_g6_spg,13.0,100.0,0.0,0.0,0.0,0.0,35.0,50.0,0.0,0.0,0.5,0.88,0.0,,,,,,G6
germ_flakpanzer_zerstorer_45,13.0,,,,,,240.0,17.8,0.65,0.51,0.31,0.23,0.0,,,,,,Zerstörer_45
sw_strv_m42_delat_torn,13.0,,,0.0,,0.0,146.0,46.83,0.0,0.0,1.42,1.36,0.0,,,,,,Strv_m/42_DT
uk_crusader_aa_mk_1,13.0,,,0.0,,0.0,197.0,0.0,0.1,0.03,1.81,0.61,0.0,,,,,,Crusader_AA_Mk_I
jp_type_98_ke_ni,13.0,,,0.0,,1.23,62.0,,,0.0,,3.67,0.0,,,,,,Ke-Ni
ussr_type_65_aa,13.0,100.0,0.0,,0.0,,0.0,,,,,,0.0,,,,,,Phòng_không_T-34
p-47d_16_re_germany,12.0,100.0,4.33,4.33,1.0,1.0,0.0,,,,,,0.0,,,,,,P-47D-16-RE
do_217m_1,12.0,100.0,0.0,0.0,4.42,4.42,0.0,,,,,,0.0,,,,,,Do_217_M-1
spitfire_fr_mk14e,10.0,,,5.0,,0.0,0.0,,,,,,0.0,,,,,,Prendergast's_Spitfire_FR_Mk_XIVe
us_m8a1,9.0,100.0,0.0,0.0,9.0,9.0,38.0,,,0.0,,2.45,0.0,,,,,,M8A1_GMC
do_217k_1,12.0,,,,,,15.0,,,0.0,,0.0,0.0,,,,,,Do_217_K-1
l_39za,11.0,,,1.0,,2.0,22.0,100.0,0.0,0.0,1.67,1.0,0.0,,,,,,L-39ZA_Albatros
bf-109g-2_romania,12.0,,,,,,0.0,,,,,,0.0,,,,,,Bf_109_G-2
cn_ztz_99_w,13.0,100.0,0.0,0.0,3.25,2.91,104.0,43.52,0.0,0.0,1.28,1.27,0.0,,,,,,ZTZ99-III
us_lav_ad,11.0,,,,,,763.0,49.03,0.4,0.35,0.5,0.41,0.0,,,,,,LAV-AD
cn_wz_1001,12.0,,,0.0,,2.18,136.0,59.17,0.0,0.0,4.64,2.62,0.0,,,,,,WZ1001(E)_LCT
uk_churchill_na75,12.0,100.0,0.0,,1.92,,0.0,,,,,,0.0,,,,,,Churchill_NA75
ki_44_2_hei,11.0,,,5.5,,0.63,97.0,92.47,0.73,0.36,1.05,0.55,0.0,,,,,,Ki-44-II_hei
uk_centurion_mk_3,12.0,50.0,0.0,0.0,1.0,2.0,187.0,33.09,0.0,0.0,2.05,1.09,0.0,,,,,,Centurion_Mk_3
su_24m,12.0,0.0,1.0,1.0,1.25,1.25,168.0,64.03,0.19,0.22,1.56,1.76,20.0,,,,,,Су-24М
fa_18a_raaf,10.0,100.0,2.0,1.86,0.0,0.0,59.0,26.92,1.4,2.17,0.71,1.42,0.0,,,,,,F/A-18A
mig_29_9_12,9.0,100.0,1.0,1.0,0.0,0.0,22.0,50.0,0.5,0.5,0.0,0.0,0.0,,,,,,МиГ-29_(9-12)
it_oto_r3_t20_fa,13.0,22.22,1.0,1.0,0.78,0.78,180.0,60.14,0.25,0.21,0.19,0.12,0.0,,,,,,R3_T20_FA-HS
i-16_type24,11.0,,,1.0,,1.0,0.0,,,,,,0.0,,,,,,I-16_type_24
yak-17,11.0,,,1.0,,0.0,0.0,,,,,,0.0,,,,,,Yak-17
sw_strv_m38,11.0,100.0,0.0,0.0,3.75,3.75,4.0,,,0.0,,1.75,0.0,,,,,,Strv_m/38
p-47d_23_ra_china_rocaf,10.0,,,1.75,,0.0,0.0,,,,,,0.0,,,,,,P-47D-23-RA_(China)
sw_strv_m40l,12.0,100.0,0.0,0.0,1.78,2.4,5.0,,,0.0,,1.0,0.0,,,,,,Strv_m/40L
fr_m4a1_sherman,9.0,,,0.0,,2.33,39.0,100.0,0.0,0.0,5.0,3.5,0.0,,,,,,M4A1
jp_btr_3e1,12.0,,,0.0,,0.0,220.0,62.67,0.0,0.0,1.31,1.1,0.0,,,,,,BTR-3E1
jp_type_87_rcv,12.0,,,,,,237.0,55.01,0.0,0.0,1.49,1.31,0.0,,,,,,Type_87_RCV
sw_strv_m42_eh,10.0,71.43,0.0,0.0,0.71,1.29,80.0,50.0,0.0,0.0,2.65,1.07,0.0,,,,,,Strv_m/42_EH
germ_pzkpfw_III_ausf_L,12.0,,,,,,48.0,0.0,0.0,0.0,2.0,2.76,0.0,,,,,,Pz.III_L
il_2_1941,12.0,,,,,,56.0,33.87,0.0,0.0,1.11,0.95,6.0,,,0.0,,0.0,IL-2_(1941)
jp_type_87_rcv_prot,12.0,,,0.0,,0.0,402.0,70.74,0.08,0.08,1.18,0.88,0.0,,,,,,Type_87_RCV_(P)
jf_17,12.0,,,,,,63.0,50.0,1.19,2.32,0.35,0.66,0.0,,,,,,JF-17
germ_nbfz_VI,10.0,100.0,0.0,0.0,6.1,12.2,0.0,,,,,,0.0,,,,,,Nb.Fz.
su_25tm,8.0,100.0,3.0,1.5,9.0,4.5,531.0,63.71,0.45,0.59,2.4,3.03,9.0,,,1.0,,1.0,Su-39
he-111h-6,10.0,100.0,0.0,0.0,5.0,5.0,0.0,,,,,,0.0,,,,,,He_111_H-6
ussr_object_279,12.0,100.0,0.0,0.0,6.43,6.43,108.0,67.9,0.0,0.0,3.68,3.22,14.0,,,0.0,,1.0,Object_279
ussr_smk,10.0,100.0,0.0,0.0,4.5,4.5,18.0,,,0.0,,2.67,0.0,,,,,,SMK
cn_ztz_99,11.0,100.0,0.0,0.0,3.25,3.25,174.0,44.83,0.0,0.0,1.82,1.71,0.0,,,,,,ZTZ99-II
cn_zsd63_pg87,10.0,0.0,1.0,,0.0,,96.0,13.46,0.48,0.57,0.0,0.08,0.0,,,,,,ZSD63/PG87
ussr_su_122,10.0,,,0.0,,2.0,37.0,34.38,0.0,0.0,1.31,1.31,0.0,,,,,,SU-122
uk_a_22_mk_1_churchill_1941,9.0,100.0,1.0,1.0,1.0,1.0,5.0,,,,,,0.0,,,,,,Churchill_I
p-51d-10,11.0,100.0,0.0,1.0,1.0,1.0,25.0,50.0,1.27,2.54,0.62,1.23,0.0,,,,,,P-51D-10
cn_al_khalid_1,8.0,50.0,0.0,0.0,3.0,3.0,999.0,50.93,0.0,0.0,1.95,1.58,42.0,87.3,0.0,0.0,1.11,1.09,Al-Khalid-I
sw_strv_103_0,9.0,,,0.0,,2.0,150.0,50.54,0.0,0.0,2.5,3.04,0.0,,,,,,Strv_103-0
cn_ztz_96b,8.0,50.0,0.0,0.0,1.5,3.0,786.0,65.69,0.0,0.0,2.92,2.45,0.0,,,,,,ZTZ96B
sb2c_5_thailand,11.0,,,0.0,,1.0,437.0,71.66,0.86,0.97,1.68,1.87,0.0,,,,,,SB2C-5
ussr_btr_152a,10.0,100.0,2.2,2.2,1.0,1.0,31.0,26.04,0.25,0.47,0.0,0.0,0.0,,,,,,BTR-152A
germ_leopard_2a5_pso,11.0,100.0,0.0,,3.0,,782.0,49.97,0.0,0.0,1.78,1.47,8.0,,,,,,Leopard_2_PSO
germ_boxer_swatrinf,11.0,,,,,,129.0,46.19,0.04,0.04,0.66,0.74,0.0,,,,,,sWaTrgInf
p-47d,9.0,61.11,0.94,1.0,2.0,2.11,16.0,,,0.25,,0.0,0.0,,,,,,P-47D-25
bf-109e-3,10.0,,,1.3,,0.0,51.0,100.0,0.48,0.27,0.9,0.63,0.0,,,,,,Bf_109_E-3
su_25k,10.0,,,,,,531.0,63.55,0.36,0.32,1.72,1.48,3.0,,,0.0,,0.0,Su-25K
hurricane_mk4,10.0,,,1.0,,0.0,1.0,,,,,,0.0,,,,,,Hurricane_Mk_IV
spitfire_mk14e,11.0,,,2.0,,0.0,10.0,100.0,1.0,1.0,1.0,1.0,0.0,,,,,,Spitfire_F_Mk_XIVe
us_m4_sherman_promo,11.0,,,,,,29.0,0.0,0.0,0.0,3.7,2.82,0.0,,,,,,M4
a-20g,11.0,,,,,,10.0,50.0,1.5,1.5,9.5,9.5,0.0,,,,,,A-20G-25
i-153_m62_china,11.0,0.0,1.0,1.0,0.0,0.0,0.0,,,,,,0.0,,,,,,I-153_M-62_(China)
sw_cv_90105,11.0,50.0,0.0,0.0,1.0,2.0,353.0,56.19,0.0,0.0,1.9,1.95,0.0,,,,,,CV_90105_TML
uk_sherman_vc_firefly_kit_3rank,7.0,100.0,0.0,0.0,1.2,1.25,50.0,100.0,0.0,0.0,2.25,1.0,0.0,,,,,,Firefly_(Overlord)
i-16_type10_china,11.0,0.0,1.0,1.0,0.0,0.0,0.0,,,,,,0.0,,,,,,I-16_type_10_(China)
sw_strv_105,11.0,,,,,,288.0,65.11,0.0,0.0,1.47,1.7,0.0,,,,,,Strv_105
us_m60a3_tts,9.0,50.0,0.0,0.0,0.5,1.0,428.0,47.25,0.0,0.0,1.92,1.47,0.0,,,,,,M60A3_TTS
ki-27_otsu,10.0,,,2.9,,0.0,0.0,,,,,,0.0,,,,,,Ki-27_otsu
mig-21_bis,10.0,,,0.0,,0.0,20.0,,,1.0,,0.0,0.0,,,,,,MiG-21bis
uk_as_90_mk_2,11.0,,,,,,123.0,50.0,0.0,0.0,1.35,2.1,0.0,,,,,,AS90
arado-196a-3,10.0,,,,,,0.0,,,,,,0.0,,,,,,Ar_196_A-3
b5n2,8.0,,,0.0,,8.0,19.0,,,,,,6.0,100.0,0.0,0.0,3.0,3.0,B5N2
j1n1_mod11_early,8.0,100.0,1.25,1.25,2.0,2.0,20.0,100.0,0.0,0.0,0.0,0.0,0.0,,,,,,J1N1
tandem_mai,8.0,100.0,1.0,1.0,3.0,3.0,0.0,,,,,,0.0,,,,,,Tandem_MAI
cn_type_65_aa,7.0,37.5,1.0,2.0,0.63,1.0,19.0,,,0.0,,0.0,0.0,,,,,,Phòng_không_T-34
germ_ru251,8.0,,,0.0,,2.0,304.0,47.01,0.0,0.0,4.04,2.61,0.0,,,,,,Ru_251
il-10,9.0,100.0,4.0,4.0,0.75,0.75,22.0,100.0,0.0,0.0,3.33,2.62,0.0,,,,,,IL-10
jp_type_10,9.0,,,0.0,,1.67,778.0,61.24,0.0,0.0,2.41,1.89,0.0,,,,,,Type_10
he51a1,8.0,,,,,,0.0,,,,,,0.0,,,,,,He_51_A-1
sagittario_2,10.0,0.0,2.0,1.8,0.0,0.0,10.0,,,,,,21.0,50.0,4.0,6.14,0.0,0.0,Sagittario_2
sw_zsu_57_2,9.0,81.25,0.0,0.0,1.0,1.5,281.0,50.11,0.0,0.0,1.39,0.8,0.0,,,,,,ZSU-57-2
a6m3_mod22_zero,10.0,,,3.1,,0.7,85.0,51.83,0.99,1.67,0.36,0.64,0.0,,,,,,A6M3_mod._22
cn_cm11,10.0,50.0,0.0,0.0,1.0,2.0,134.0,51.43,0.0,0.0,3.22,2.74,0.0,,,,,,CM11
mc-202_ec,12.0,0.0,4.8,2.18,0.0,0.0,23.0,100.0,0.0,,0.0,,0.0,,,,,,C._202EC
typhoon_mk1a,10.0,,,1.0,,0.0,0.0,,,,,,0.0,,,,,,Typhoon_Mk_Ia
p-51c-10_france,11.0,,,,,,0.0,,,,,,0.0,,,,,,F-6C-10-NA
a6m3_zero,10.0,,,3.4,,0.0,128.0,74.66,1.2,1.63,0.72,0.97,0.0,,,,,,A6M3
it_44m_zrinyi_1,8.0,,,,,,28.0,70.59,0.0,0.0,2.06,1.35,0.0,,,,,,Zrinyi_I
us_halftrack_m13,11.0,95.0,0.25,,0.0,,1.0,,,,,,0.0,,,,,,M13_MGMC
ussr_it_1,8.0,,,0.0,,0.0,129.0,89.29,0.0,0.0,5.36,1.94,0.0,,,,,,IT-1
germ_thyssen_henschel_tam_2c,11.0,100.0,0.0,0.0,2.0,0.22,410.0,48.97,0.0,0.0,1.58,1.47,0.0,,,,,,TAM_2C
he-111h-2,9.0,,,,,,0.0,,,,,,0.0,,,,,,He_111_H-3
f-5a_thailand,8.0,100.0,2.0,2.0,15.0,15.0,14.0,100.0,3.43,3.43,3.93,3.93,0.0,,,,,,F-5A
a_10a_late,8.0,100.0,3.0,3.0,7.0,7.0,263.0,52.25,1.72,1.94,6.51,6.88,1.0,,,0.0,,1.0,A-10A_Late
f-84g_france,8.0,,,,,,86.0,71.43,0.69,0.98,1.4,2.0,0.0,,,,,,F-84G-26-RE
q_5a,8.0,,,,,,11.0,100.0,0.0,0.0,1.0,1.0,0.0,,,,,,Q-5A
uk_9a35_m,7.0,0.0,3.0,,2.0,,0.0,,,,,,0.0,,,,,,Стрела-10М
la_200_toriy,8.0,,,4.0,,0.0,78.0,90.23,1.9,1.31,0.71,0.47,0.0,,,,,,La-200
j6k1,9.0,100.0,6.0,6.0,0.0,0.0,53.0,73.08,2.54,2.37,1.27,1.18,31.0,100.0,2.0,1.05,5.0,2.14,J6K1
f_2a_adtw,8.0,,,,,,642.0,61.4,1.42,1.75,0.57,0.67,29.0,,,1.29,,0.53,F-2A_ADTW
ki_32,7.0,,,0.0,,3.43,0.0,,,,,,0.0,,,,,,Ki-32
saab_jas39c_south_africa,7.0,100.0,5.71,5.71,0.0,0.0,162.0,54.95,1.0,1.39,0.03,0.02,2.0,,,1.0,,0.0,JAS39C
tu_14t,8.0,,,1.0,,4.0,0.0,,,,,,0.0,,,,,,Tu-14T
il_28sh,8.0,,,0.0,,3.0,6.0,,,0.0,,0.0,0.0,,,,,,IL-28Sh
saab_j29a,8.0,,,,,,54.0,29.63,0.93,1.17,0.11,0.11,0.0,,,,,,J29A
t2_early,8.0,,,,,,69.0,96.0,1.08,1.34,0.0,0.0,0.0,,,,,,T-2_Early
p-43a-1_china,8.0,,,,,,0.0,,,,,,0.0,,,,,,P-43A-1_(China)
mig-21_pfm,8.0,,,,,,0.0,,,,,,0.0,,,,,,MiG-21PFM
p-47n-15,8.0,,,,,,20.0,67.65,0.68,0.89,2.59,3.56,0.0,,,,,,P-47N-15
it_m13_40_serie_1,9.0,,,,,,0.0,,,,,,0.0,,,,,,M13/40_(I)
ki-83,8.0,100.0,3.0,3.0,0.0,0.0,0.0,,,,,,0.0,,,,,,Ki-83
it_m15_42_contraereo,9.0,0.0,4.33,6.0,0.44,1.0,198.0,47.1,1.36,1.73,0.47,0.59,0.0,,,,,,M42_Contraereo
su-11,8.0,50.0,1.0,2.0,0.5,1.0,273.0,56.74,0.65,0.75,0.87,1.02,0.0,,,,,,Su-11
ussr_t_80,8.0,50.0,0.0,0.0,2.5,2.5,48.0,11.9,0.0,0.0,1.0,1.0,0.0,,,,,,T-80
mig-17pf_hungary,8.0,0.0,2.0,2.0,1.0,1.0,4.0,,,1.0,,0.0,0.0,,,,,,◔MiG-17PF
il_28,8.0,,,0.0,,2.0,20.0,33.33,0.0,0.0,0.0,0.0,6.0,,,0.0,,0.0,IL-28
a6m6c,9.0,100.0,2.0,2.0,0.0,0.0,83.0,40.32,1.74,2.52,2.15,3.45,0.0,,,,,,A6M6c
welkin_fmk1,8.0,,,,,,0.0,,,,,,0.0,,,,,,Welkin_F.Mk.I
fr_m3a3_stuart,7.0,,,,,,38.0,58.33,0.0,0.0,2.79,2.46,0.0,,,,,,M3A3_Stuart
fr_amd_35_kwk39,7.0,,,0.0,,1.0,75.0,100.0,0.0,0.0,4.64,2.63,0.0,,,,,,AMD.35_(PaK)
saab_j21a_2,8.0,,,1.0,,0.0,26.0,100.0,2.96,,0.0,,0.0,,,,,,J21A-2
germ_pzsflk40_sturer_emil,8.0,,,,,,15.0,0.0,0.0,0.0,3.4,1.46,0.0,,,,,,Sturer_Emil
it_m26_ariete,9.0,,,,,,17.0,,,0.0,,1.4,3.0,100.0,0.0,0.0,3.0,3.0,"M26_""D.C.Ariete"""
sea_harrier_fa2,7.0,,,1.0,,0.0,39.0,50.0,0.38,0.44,0.38,0.44,0.0,,,,,,Sea_Harrier_FA_2
jp_type_97_kai,9.0,,,0.0,,1.0,120.0,100.0,0.0,0.0,7.83,1.74,0.0,,,,,,Chi-Ha_Kai
uk_a25_mk_8,7.0,,,0.0,,1.0,0.0,,,,,,0.0,,,,,,Harry_Hopkins_I
it_m109g,9.0,,,,,,67.0,57.41,0.0,0.0,0.43,0.47,0.0,,,,,,M109G
il-10_1946,8.0,,,,,,30.0,100.0,0.25,0.19,3.25,2.73,0.0,,,,,,IL-10_(1946)
uk_ttd,8.0,,,0.0,,1.0,144.0,70.7,0.0,0.0,5.41,4.43,0.0,,,,,,TTD
ussr_2s19_m2,8.0,,,0.0,,1.0,33.0,,,0.0,,1.13,0.0,,,,,,2С19М2
beaufighter_mkx,8.0,100.0,2.0,2.0,6.5,6.5,12.0,,,,,,0.0,,,,,,Beaufighter_Mk_X
bf-109g-2_finland,6.0,,,3.0,,0.5,28.0,100.0,3.29,3.29,0.54,0.54,0.0,,,,,,Bf_109_G-2
ki-96,9.0,,,,,,45.0,100.0,1.83,1.83,0.62,0.62,0.0,,,,,,Ki-96
cn_type_59d,9.0,,,0.0,,2.0,170.0,53.51,0.0,0.0,6.21,3.07,0.0,,,,,,ZTZ59D1
fr_crusader_mk_2,7.0,,,0.0,,1.0,29.0,,,0.0,,3.76,0.0,,,,,,Crusader_Mk.II
ki_44_2_hei_china,8.0,,,,,,0.0,,,,,,0.0,,,,,,Ki-44-II_hei_(China)
mig_29kr_9_41r,8.0,,,1.0,,0.0,37.0,86.96,1.86,1.94,0.0,0.0,0.0,,,,,,МиГ-29КР_(9-41Р)
ussr_9a33bm3,8.0,50.0,1.0,1.25,0.5,0.25,18.0,35.0,0.5,1.0,0.0,0.0,0.0,,,,,,Оса-АКМ
mirage_2000c_s4,8.0,,,,,,388.0,72.22,4.51,11.77,0.0,0.0,0.0,,,,,,Mirage_2000C-S4
jp_type_2_ho_i,9.0,,,,,,47.0,100.0,0.0,0.0,1.96,1.64,0.0,,,,,,Ho-I
ussr_t_72b3_arena_m,9.0,,,,,,346.0,51.21,0.0,0.0,2.07,1.59,21.0,100.0,0.0,0.0,1.88,0.4,Т-72Б3А
ussr_kv_122,8.0,,,,,,37.0,50.0,0.0,0.0,4.5,3.08,0.0,,,,,,KV-122
cn_ztz_99a,6.0,,,0.0,,3.0,283.0,69.63,0.0,0.0,3.46,2.5,0.0,,,,,,ZTZ99A
il_namer_rcws_30,9.0,0.0,0.0,0.0,0.0,0.0,179.0,59.29,0.04,0.05,1.03,1.05,0.0,,,,,,Namer_30
sb2c_5_france,7.0,,,0.0,,0.33,15.0,100.0,1.0,,4.45,,0.0,,,,,,SB2C-5
fr_char_2c_bis,9.0,,,,,,0.0,,,,,,0.0,,,,,,2C_bis
alpha_jet_a,8.0,,,,,,324.0,49.07,0.14,0.17,1.04,1.16,14.0,,,0.0,,2.0,Alpha_Jet_A
mirage_4000,8.0,,,,,,42.0,43.75,2.0,2.0,0.0,0.0,5.0,,,1.0,,0.0,Mirage_4000
hunter_f58a_1971_switzerland,8.0,,,,,,27.0,100.0,2.92,2.0,1.0,1.0,0.0,,,,,,◌Hunter_F.58A_(1971)
bf-110c-4,8.0,,,,,,0.0,,,,,,0.0,,,,,,Bf_110_C-7
cn_wz_141,8.0,,,0.0,,3.0,78.0,100.0,0.0,0.0,5.47,2.13,0.0,,,,,,WZ141-1
ussr_valentine_mk_9,8.0,,,,,,15.0,100.0,0.0,0.0,2.0,2.0,0.0,,,,,,"МК-IX_""Valentine"""
ju-87d-5,8.0,,,2.0,,1.88,25.0,,,0.76,,1.0,0.0,,,,,,Ju_87_D-5
i_180,7.0,100.0,3.0,3.0,2.0,2.0,15.0,,,1.0,,2.0,0.0,,,,,,I-180S
f6f-5n_france,8.0,,,2.0,,0.0,29.0,0.0,0.0,0.0,1.81,1.24,1.0,100.0,1.0,,2.0,,F6F-5N
cn_ztz_96a,9.0,100.0,0.0,0.0,2.25,2.43,199.0,46.65,0.0,0.0,1.34,1.3,0.0,,,,,,ZTZ96A
i-153_m62_zhukovskiy,7.0,100.0,2.0,2.0,1.0,1.0,0.0,,,,,,0.0,,,,,,Zhukovsky's_I-153-M62
cn_wz_305,6.0,,,,,,390.0,51.5,0.6,0.66,1.33,1.46,37.0,4.76,0.0,0.0,1.05,1.31,WZ305
uk_challenger_2_tes,8.0,50.0,0.0,0.0,1.0,2.0,207.0,49.82,0.0,0.0,1.47,1.63,0.0,,,,,,Challenger_2_TES
f4f-3,6.0,,,2.33,,0.0,0.0,,,,,,0.0,,,,,,F4F-3
mosquito_j30_sweden,6.0,,,1.0,,0.0,51.0,100.0,0.2,0.23,1.0,0.62,0.0,,,,,,Mosquito_J30
il_centurion_mk_5_shot,8.0,,,,,,45.0,88.0,0.0,0.0,2.36,2.14,0.0,,,,,,Sho't
cn_cm_25,6.0,,,,,,19.0,,,0.0,,0.0,0.0,,,,,,CM25
saab_t18b_2,6.0,,,0.5,,0.0,0.0,,,,,,0.0,,,,,,T18B_(57)
pby-5a,8.0,,,,,,0.0,,,,,,0.0,,,,,,PBY-5A_Catalina
spitfire_mk14c,8.0,,,6.0,,0.0,30.0,90.91,1.68,1.77,0.0,0.0,0.0,,,,,,Spitfire_F_Mk_XIVc
f-5e_switzerland,8.0,50.0,2.0,2.0,1.0,1.0,31.0,,,3.06,,0.0,0.0,,,,,,◌F-5E
yak-1b_luftwaffe,5.0,,,,,,107.0,91.82,4.85,44.78,0.38,3.0,0.0,,,,,,Yak-1B
germ_vt_1_2,4.0,100.0,0.0,0.0,4.0,4.0,37.0,,,0.0,,1.85,0.0,,,,,,VT1-2
su_22m4,8.0,50.0,0.5,0.5,2.0,2.0,0.0,,,,,,1.0,,,0.0,,3.0,◊Su-22M4
he_100d_1,5.0,,,,,,1.0,,,,,,0.0,,,,,,He_100_D-1
ms_410c1,6.0,,,,,,0.0,,,,,,0.0,,,,,,M.S.410
douglas_ad_4_france,7.0,,,,,,139.0,59.23,0.75,1.24,2.05,3.39,0.0,,,,,,AD-4
p-61c_1,7.0,83.33,0.17,0.29,3.67,3.43,66.0,38.0,0.8,0.34,0.38,0.24,0.0,,,,,,P-61C-1
sm_79_1943_italy,5.0,,,,,,0.0,,,,,,0.0,,,,,,S.M.79_bis/T.M
germ_pzkpfw_IV_ausf_J,5.0,50.0,0.0,0.0,0.7,1.4,74.0,58.93,0.0,0.0,2.39,1.7,0.0,,,,,,Pz.IV_J
jp_st_a3,6.0,25.0,0.0,0.0,1.5,2.0,429.0,65.56,0.0,0.0,2.2,1.78,0.0,,,,,,ST-A3
yak-9p,7.0,,,2.0,,1.0,12.0,100.0,1.0,1.0,1.0,1.0,0.0,,,,,,Yak-9P
fr_panhard_ebr_1963,8.0,50.0,0.0,0.0,1.0,1.0,54.0,50.0,0.0,0.0,2.35,1.84,0.0,,,,,,E.B.R._(1963)
i-153_m62,6.0,,,,,,0.0,,,,,,0.0,,,,,,I-153_M-62
mig_27k,6.0,,,,,,35.0,50.0,0.0,0.0,0.5,1.0,40.0,62.5,0.0,0.0,1.29,1.67,MiG-27K
jp_type_60_sprg,5.0,,,,,,649.0,55.71,0.0,0.0,1.74,1.6,0.0,,,,,,Type_60_SPRG_(C)
fr_arl_44_acl1,5.0,,,0.0,,0.0,6.0,,,0.0,,1.0,0.0,,,,,,ARL-44_(ACL-1)
i-15bis_krasnolutsky,6.0,,,,,,0.0,,,,,,0.0,,,,,,Krasnolutsky's_I-15bis
f4f-4,5.0,,,1.0,,0.0,0.0,,,,,,0.0,,,,,,F4F-4
us_t18_e2,5.0,100.0,0.0,,5.0,,50.0,64.52,0.0,0.0,9.32,6.06,0.0,,,,,,T18E2
d4y2,6.0,,,,,,0.0,,,,,,0.0,,,,,,D4Y2
uk_a_22f_mk_7_churchill_crocodile,5.0,100.0,0.0,,3.0,,79.0,50.0,0.0,0.0,3.14,4.26,0.0,,,,,,Churchill_Crocodile
iar_81c_db_605,8.0,50.0,6.0,7.67,0.0,0.0,10.0,,,1.83,,0.83,0.0,,,,,,IAR-81C_(DB_605)
uk_challenger_2_dorchester,5.0,,,0.0,,2.0,344.0,46.51,0.0,0.0,1.32,1.24,0.0,,,,,,Challenger_2_(2F)
ussr_rbt_5,5.0,100.0,0.0,,3.25,,25.0,71.88,0.0,0.0,0.41,0.72,0.0,,,,,,RBT-5
ro_57_quadriarma,6.0,,,0.0,,2.0,36.0,66.67,0.3,0.5,1.3,2.0,0.0,,,,,,Ro.57_Quadriarma
fw-190a-8,5.0,,,,,,25.0,,,,,,0.0,,,,,,Fw_190_A-8
tempest_mkv,4.0,,,2.0,,0.0,7.0,,,2.0,,0.0,0.0,,,,,,Tempest_Mk_V
a_7k,4.0,100.0,0.0,0.0,1.75,1.75,0.0,,,,,,0.0,,,,,,A-7K
il_merkava_mk_2b_early,6.0,0.0,0.0,0.0,2.5,1.7,131.0,60.42,0.0,0.0,4.47,3.75,0.0,,,,,,Merkava_Mk.2B
n1k1_ja,4.0,,,,,,7.0,,,,,,0.0,,,,,,N1K1-Ja
ki_84_ko,4.0,,,1.0,,0.0,12.0,85.72,1.29,1.5,0.41,0.5,0.0,,,,,,Ki-84_ko
bf-109f-4_hungary,5.0,,,,,,98.0,90.56,1.24,0.35,4.41,2.08,0.0,,,,,,◐Bf_109_F-4
p-38l,6.0,,,,,,5.0,,,,,,0.0,,,,,,P-38L-5-LO
fr_m4a3_105_sherman,4.0,100.0,0.0,0.0,1.0,1.0,61.0,,,0.0,,2.05,0.0,,,,,,M4A3_(105)
p-61a_1,7.0,37.5,1.0,1.0,0.0,0.0,1.0,,,0.0,,1.0,9.0,100.0,0.0,,2.0,,P-61A-11
av_8b_plus,4.0,0.0,1.0,1.0,0.0,0.0,63.0,50.0,1.36,0.91,1.27,0.89,0.0,,,,,,AV-8B_Plus
spitfire_fr_mk14e_belgium,4.0,,,1.0,,0.0,31.0,,,2.83,,1.83,0.0,,,,,,Spitfire_FR_Mk_XIVe
a6m5hei,4.0,,,1.0,,0.0,0.0,,,,,,0.0,,,,,,A6M5_Hei
il-10_1946_china,4.0,,,1.0,,0.0,10.0,70.0,0.0,0.0,1.1,1.7,0.0,,,,,,IL-10_(1946)_(China)
tempest_mk2,4.0,,,1.0,,0.0,91.0,76.34,1.47,2.37,0.65,0.97,0.0,,,,,,Tempest_Mk_II
it_of_40_mk_1,5.0,,,,,,215.0,60.74,0.0,0.0,3.08,1.92,0.0,,,,,,OF-40
il_magach_6,5.0,,,0.0,,0.0,0.0,,,,,,0.0,,,,,,Magach_6
il_magach_3_idf,5.0,,,0.0,,0.0,43.0,,,0.0,,1.0,0.0,,,,,,Magach_3
ussr_t_34_85_zis_53_kit_3rank,3.0,100.0,0.0,0.0,5.0,5.0,137.0,42.15,0.0,0.0,1.21,1.3,0.0,,,,,,Т-34-85_('45)
yak-15,0.0,,,,,,32.0,86.0,0.9,1.32,0.38,0.52,0.0,,,,,,Yak-15
uk_a_43_black_prince,3.0,,,,,,27.0,50.0,0.0,0.0,2.5,3.65,0.0,,,,,,Black_Prince
germ_pzkpfw_IV_ausf_F,4.0,100.0,0.0,,4.0,,19.0,,,0.0,,4.0,0.0,,,,,,Pz.IV_F1
d_500,5.0,,,,,,0.0,,,,,,0.0,,,,,,D.500
su_25_558arz,3.0,,,2.0,,0.0,71.0,50.37,0.06,0.07,2.59,2.6,14.0,,,0.0,,0.0,Su-25BM
sw_vickers_mk_e_37,5.0,,,0.0,,2.0,0.0,,,,,,0.0,,,,,,Vickers_Mk.E
f4u-1a,3.0,,,,,,28.0,,,,,,0.0,,,,,,F4U-1A
uk_centurion_mk_1,6.0,,,,,,315.0,56.59,0.0,0.0,2.79,2.61,0.0,,,,,,Centurion_Mk_1
re_2002_early,5.0,50.0,1.0,2.0,0.5,1.0,0.0,,,,,,0.0,,,,,,Re.2002_Early
it_ariete_amv_pt1,6.0,100.0,0.0,0.0,3.0,3.0,52.0,31.82,0.0,0.0,4.68,4.04,0.0,,,,,,Ariete_AMV
p-38l_1_china_rocaf,3.0,,,1.0,,0.0,26.0,100.0,2.3,1.0,0.6,1.0,0.0,,,,,,P-38L-1_(China)
bb-1,4.0,,,2.75,,3.0,112.0,80.11,2.03,3.67,5.39,11.17,0.0,,,,,,BB-1
mc200_serie3_italy,6.0,100.0,1.4,1.1,0.0,0.0,0.0,,,,,,0.0,,,,,,C._200_serie_3
p-38j,3.0,50.0,0.5,1.0,0.5,1.0,0.0,,,,,,1.0,,,,,,P-38J-15
su_17m2,5.0,,,,,,32.0,,,0.0,,0.47,0.0,,,,,,Su-17M2
d_373,5.0,,,,,,0.0,,,,,,0.0,,,,,,D.373
ussr_t_44_122,3.0,,,,,,111.0,50.54,0.0,0.0,2.68,2.06,0.0,,,,,,T-44-122
b-17g,4.0,,,,,,0.0,,,,,,0.0,,,,,,B-17G-60-VE
ms_406c1,5.0,,,1.0,,0.0,0.0,,,,,,0.0,,,,,,M.S.406C1
he-162a-2,5.0,,,1.0,,0.0,54.0,89.58,4.23,4.09,0.29,0.41,0.0,,,,,,He_162_A-2
d_371,5.0,,,,,,0.0,,,,,,0.0,,,,,,D.371
ussr_t_60_1941,3.0,,,0.0,,1.0,11.0,,,,,,0.0,,,,,,T-60
fr_somua_sm,3.0,,,0.0,,3.0,1001.0,64.7,0.0,0.0,3.19,2.38,0.0,,,,,,Somua_SM
spitfire_xvi,4.0,,,3.0,,1.0,20.0,0.0,3.0,1.0,0.0,0.0,0.0,,,,,,Spitfire_F_Mk_XVI
b-17e_late,3.0,,,0.0,,0.0,0.0,,,,,,0.0,,,,,,B-17E/L
germ_amd_35_kwk,4.0,100.0,0.0,0.0,0.0,0.0,14.0,,,0.0,,2.29,0.0,,,,,,Pz.Sp.Wg.P204(f)_KwK
re_2001_serie1,4.0,50.0,2.0,4.0,0.5,1.0,0.0,,,,,,0.0,,,,,,Re.2001_serie_1
uk_m44,4.0,100.0,0.0,0.0,4.0,4.0,54.0,50.0,0.0,0.0,0.16,0.29,0.0,,,,,,M44
mig-21_bis_lazur,4.0,,,1.0,,1.0,340.0,48.55,1.66,1.74,0.29,0.31,0.0,,,,,,"◊MiG-21_""Lazur-M"""
buccaneer_s2b,2.0,,,0.0,,2.0,3.0,,,,,,0.0,,,,,,Buccaneer_S.2B
db_7,3.0,,,,,,7.0,,,0.0,,0.0,0.0,,,,,,DB-7
cn_zsl_92,3.0,,,,,,102.0,81.16,0.0,0.0,0.84,0.68,0.0,,,,,,ZSL92
harrier_frs1,2.0,,,1.0,,1.0,23.0,50.0,0.5,0.67,0.0,0.0,0.0,,,,,,Sea_Harrier_FRS.1
ussr_ba_11,3.0,,,,,,15.0,0.0,0.0,0.0,2.0,2.0,0.0,,,,,,BA-11
douglas_ad_2,4.0,,,,,,77.0,43.68,0.11,0.13,0.59,0.63,0.0,,,,,,AD-2
re_2001_cb,4.0,,,,,,15.0,100.0,0.0,0.0,1.0,1.0,0.0,,,,,,Re.2001_CB
cn_m60a3_tts,4.0,,,,,,7.0,50.0,0.0,0.0,2.0,1.5,5.0,,,0.0,,2.0,M60A3_TTS_(China)
uk_m109a1,4.0,,,0.0,,2.0,27.0,100.0,0.0,0.0,1.0,1.0,0.0,,,,,,M109A1
us_skink_aa,4.0,,,1.0,,0.0,234.0,52.96,1.05,2.12,0.03,0.03,0.0,,,,,,Skink
fiat_cr42_j11,4.0,0.0,2.0,2.0,2.0,2.0,0.0,,,,,,0.0,,,,,,J11
sw_sav_m43_1944,2.0,,,,,,0.0,,,,,,0.0,,,,,,Sav_m/43_(1944)
re_2000_heja_2,2.0,,,,,,23.0,100.0,3.0,3.0,0.0,0.0,0.0,,,,,,◔Héja_II
mc-202_italy,4.0,100.0,4.0,4.0,1.0,1.0,0.0,,,,,,0.0,,,,,,C._202
saab_j21a_1,2.0,,,,,,10.0,,,1.0,,0.0,0.0,,,,,,J21A-1
mig_23mla,4.0,50.0,1.0,2.0,0.0,0.0,69.0,51.19,1.7,1.91,0.31,0.31,0.0,,,,,,◊MiG-23MLA
saab_b17a,4.0,0.0,0.0,0.0,2.0,2.0,0.0,,,,,,0.0,,,,,,B17A
us_stingray,4.0,,,0.0,,1.0,776.0,50.87,0.0,0.0,1.63,1.52,0.0,,,,,,Stingray
z_1007_bis_serie5,4.0,100.0,0.0,0.0,1.0,1.0,0.0,,,,,,0.0,,,,,,Z.1007_bis_serie_5
f4u-6_au-1,4.0,,,1.0,,0.0,199.0,65.37,0.42,0.42,2.91,2.85,0.0,,,,,,AU-1
a6m2_zero_usa,4.0,0.0,3.75,3.75,0.0,0.0,8.0,,,,,,0.0,,,,,,A6M2
cn_hj_9,4.0,,,0.0,,1.0,142.0,53.45,0.0,0.0,2.67,2.4,0.0,,,,,,AFT09
bf-109e-1,4.0,,,,,,43.0,96.67,1.9,1.58,0.93,0.97,0.0,,,,,,Bf_109_E-1
jp_type_61,3.0,,,,,,659.0,71.21,0.0,0.0,2.0,1.62,0.0,,,,,,Type_61
ussr_t_26_1940_1st_GvTBr,3.0,,,,,,5.0,0.0,0.0,0.0,1.0,1.0,22.0,,,0.0,,1.0,T-26_(1st_Gv.T.Br.)
us_m4_t26,2.0,,,0.0,,2.0,289.0,67.55,0.0,0.0,2.71,1.8,0.0,,,,,,M4/T26
us_t54e1,2.0,,,0.0,,2.0,75.0,61.03,0.0,0.0,1.86,1.8,0.0,,,,,,T54E1
uk_skink_aa,4.0,0.0,2.0,,0.0,,121.0,51.23,2.04,2.28,0.09,0.25,0.0,,,,,,Skink
jaguar_gr1a,2.0,,,,,,18.0,75.0,1.25,1.38,1.5,2.0,0.0,,,,,,Jaguar_GR.1A
germ_marder_clovis,2.0,,,0.0,,1.0,47.0,29.17,0.0,0.0,1.83,1.02,0.0,,,,,,CLOVIS
us_m60,2.0,,,,,,151.0,40.21,0.0,0.0,1.76,1.41,1.0,,,,,,M60
il_magach_6m,4.0,,,,,,35.0,43.33,0.0,0.0,1.0,1.4,0.0,,,,,,Magach_6M
fr_panhard_ebr_1951,4.0,,,0.0,,0.0,368.0,68.16,0.0,0.0,1.69,2.08,0.0,,,,,,E.B.R._(1951)
a6m2_zero,4.0,,,1.0,,0.0,15.0,,,0.0,,1.0,0.0,,,,,,A6M2
b6n1,2.0,,,0.0,,4.0,0.0,,,,,,0.0,,,,,,B6N1_Model_11
a6m2_zero_china,0.0,,,,,,2.0,,,,,,0.0,,,,,,A6M2_(China)
ki-45_ko,2.0,,,,,,0.0,,,,,,0.0,,,,,,Ki-45_ko
j2m5_30mm,0.0,,,,,,19.0,,,1.0,,0.0,0.0,,,,,,J2M5
uk_sky_sabre_fcs,1.0,,,2.0,,0.0,68.0,52.18,1.8,1.88,0.0,0.0,0.0,,,,,,Sky_Sabre_(СОЦ)
z_1007_bis_serie3,3.0,,,,,,0.0,,,,,,0.0,,,,,,Z.1007_bis_serie_3
j2m2,0.0,,,,,,117.0,100.0,2.94,2.52,1.48,1.27,0.0,,,,,,J2M2
p-40f-5_france_ep,1.0,,,2.0,,0.0,0.0,,,,,,0.0,,,,,,P-40F-5_Lafayette
jp_type_2_ho_ni_2,3.0,,,0.0,,2.0,13.0,100.0,0.0,0.0,1.0,1.0,0.0,,,,,,Ho-Ni_II
sw_lvkv_90c,1.0,0.0,1.0,,1.0,,351.0,55.38,1.24,0.81,1.71,1.15,0.0,,,,,,Lvkv_9040C
p-51_a-36,1.0,,,,,,52.0,1.92,1.27,1.26,2.23,2.09,0.0,,,,,,A-36
a7m1,2.0,,,,,,170.0,84.82,2.16,2.1,1.44,1.48,0.0,,,,,,A7M1_(NK9H)
cn_type_69,1.0,,,0.0,,2.0,166.0,53.74,0.0,0.0,2.94,2.6,0.0,,,,,,Type_69
il_merkava_mk_3b,3.0,,,,,,190.0,53.8,0.0,0.0,2.17,2.32,0.0,,,,,,Merkava_Mk.3B
ussr_2s25m,2.0,,,0.0,,1.0,1041.0,52.34,0.0,0.0,1.39,0.99,1.0,,,0.0,,1.0,2S25M
it_c1_ariete,3.0,,,,,,76.0,50.0,0.0,0.0,3.5,2.57,0.0,,,,,,Ariete
sw_itpsv_90,2.0,,,0.0,,2.0,1024.0,50.54,0.18,0.12,2.18,1.57,0.0,,,,,,ItPsV_Leopard
xa_38,3.0,,,0.0,,0.0,0.0,,,,,,39.0,,,0.0,,2.56,XA-38
germ_leopard_2a5,3.0,,,,,,697.0,47.1,0.0,0.0,1.8,1.36,0.0,,,,,,Leopard_2A5
mc-202_d,3.0,,,2.0,,0.0,0.0,,,,,,0.0,,,,,,C._202D
cn_pgz_88,1.0,,,,,,256.0,60.99,0.55,0.28,1.84,0.99,0.0,,,,,,PGZ88
sbd-3,1.0,0.0,0.0,0.0,0.0,0.0,0.0,,,,,,0.0,,,,,,SBD-3
uk_t_90s_bheeshma,0.0,,,,,,110.0,75.0,0.0,0.0,5.75,2.44,0.0,,,,,,Bhishma_TWMP
fr_b1_ter,2.0,,,,,,33.0,100.0,0.0,0.0,3.14,3.0,0.0,,,,,,B1_ter
uk_challenger_2_bn,0.0,,,,,,188.0,60.65,0.0,0.0,2.97,3.26,0.0,,,,,,Black_Night
germ_9a33bm3,2.0,,,,,,22.0,,,1.0,,0.0,0.0,,,,,,◊Osa-AK
f-5c,0.0,,,,,,206.0,52.03,0.89,1.24,0.31,0.45,0.0,,,,,,F-5C
fr_amx_30_auf_1,2.0,,,,,,72.0,50.0,0.36,0.26,1.25,1.37,0.0,,,,,,AuF1
f-84f_italy,2.0,,,0.0,,1.0,0.0,,,,,,0.0,,,,,,F-84F
a7m2,0.0,,,,,,192.0,67.13,1.74,1.74,1.45,1.46,0.0,,,,,,A7M2
a6m3_mod22ko_zero,0.0,,,,,,15.0,100.0,0.0,,0.0,,0.0,,,,,,A6M3_mod._22Ko
uk_a30_sp_avenger_kit_3rank,0.0,,,,,,130.0,70.37,0.0,0.0,3.45,1.63,0.0,,,,,,Avenger_(Overlord)
cn_su_100_1945,2.0,100.0,0.0,0.0,2.0,2.0,80.0,94.2,0.0,0.0,2.67,1.67,0.0,,,,,,SU-100_(China)
us_t34,2.0,100.0,0.0,0.0,0.0,0.0,942.0,57.93,0.0,0.0,2.51,1.8,5.0,,,0.0,,1.0,T34
fr_m10,2.0,,,0.0,,2.0,181.0,50.69,0.0,0.0,3.85,2.94,0.0,,,,,,M10_GMC
uk_charioteer_mk_7,2.0,100.0,0.0,0.0,1.0,1.0,165.0,51.08,0.0,0.0,2.8,2.35,0.0,,,,,,Charioteer_Mk_VII
caudron_cr714,2.0,,,2.0,,0.0,0.0,,,,,,0.0,,,,,,C.R.714
spitfiremkii,2.0,,,6.0,,0.0,0.0,,,,,,0.0,,,,,,Spitfire_Mk_IIb
a6m5ko,0.0,,,,,,221.0,68.35,1.46,1.38,1.74,1.6,0.0,,,,,,A6M5_Ko
brigand_b1,0.0,,,,,,0.0,,,,,,0.0,,,,,,Brigand_B_1
uk_fv4202,3.0,,,0.0,,4.0,144.0,36.21,0.0,0.0,3.22,1.5,0.0,,,,,,FV4202
il_merkava_mk_1b,0.0,,,,,,76.0,38.46,0.0,0.0,1.77,1.23,0.0,,,,,,Merkava_Mk.1B
it_zsu_57_2,2.0,,,,,,56.0,65.84,0.0,0.0,3.3,2.95,0.0,,,,,,◔ZSU-57-2
gladiator_j8a,0.0,,,,,,0.0,,,,,,0.0,,,,,,J8A
re_2005_serie0,2.0,,,,,,2.0,,,0.0,,2.0,0.0,,,,,,Re.2005_serie_0
f-86f-40_china,0.0,,,,,,31.0,100.0,2.0,,0.0,,0.0,,,,,,F-86F-40_(China)
fr_m4a4_cn_75_50,2.0,,,0.0,,1.0,172.0,51.84,0.0,0.0,1.47,1.58,0.0,,,,,,M4A4_(SA50)
uk_valentine_mk_1,2.0,,,,,,0.0,,,,,,0.0,,,,,,Valentine_I
fr_amx_elc_901,0.0,,,,,,40.0,100.0,0.0,0.0,4.1,2.58,0.0,,,,,,ELC_901
uk_a_12_mk_2_matilda_2,2.0,,,0.0,,0.5,18.0,72.22,0.0,0.0,1.72,2.08,0.0,,,,,,Matilda_III
b-17g_iaf,2.0,,,0.0,,0.0,0.0,,,,,,0.0,,,,,,B-17G_(Israel)
il-2m_mstitel,0.0,,,,,,34.0,100.0,0.73,0.33,3.18,1.96,0.0,,,,,,"IL-2M_""Avenger"""
tornado_ids_de_wtd61,0.0,,,,,,86.0,66.13,0.43,0.69,0.79,1.11,24.0,,,0.0,,0.0,◄Tornado_IDS_WTD61
tornado_ids_de_mfg,0.0,,,,,,0.0,,,,,,0.0,,,,,,◄Tornado_IDS_MFG
wm_21,0.0,,,,,,0.0,,,,,,0.0,,,,,,◔WM-21
us_m4a2_1944_germ,0.0,,,,,,6.0,,,0.0,,1.5,0.0,,,,,,M4_748_(a)
lagg-3-66,0.0,,,,,,0.0,,,,,,0.0,,,,,,LaGG-3-66
douglas_ad_4,0.0,,,,,,41.0,100.0,0.0,0.0,2.69,3.2,0.0,,,,,,AD-4
us_m247,0.0,,,,,,255.0,60.29,0.99,1.23,0.13,0.17,0.0,,,,,,M247
bf-110f-2,0.0,,,,,,0.0,,,,,,0.0,,,,,,Bf_110_F-2
il_magach_6a,0.0,,,,,,35.0,15.79,0.0,0.0,1.0,0.76,0.0,,,,,,Magach_6A
ki_21_1ko,0.0,,,,,,0.0,,,,,,0.0,,,,,,Ki-21-Ia
saab_b18b,0.0,,,,,,62.0,66.67,0.0,0.0,1.04,0.72,0.0,,,,,,B18B
fw_190a_5_u14,0.0,,,,,,0.0,,,,,,0.0,,,,,,Fw_190_A-5/U14
ussr_t_28,0.0,,,,,,68.0,75.0,0.0,0.0,6.97,4.22,0.0,,,,,,T-28
cr_32_quater,0.0,,,,,,0.0,,,,,,0.0,,,,,,CR.32_quater
er-2_ach30b_late,0.0,,,,,,0.0,,,,,,0.0,,,,,,Yer-2_(ACh-30B)_(l)
it_p_40,0.0,,,,,,0.0,,,,,,0.0,,,,,,P40
bf-109g-10,0.0,,,,,,36.0,0.0,1.0,,1.0,,0.0,,,,,,Bf_109_G-10
it_m13_40_serie_3,0.0,,,,,,6.0,,,,,,0.0,,,,,,M13/40_(III)
us_m4a3e8_76w_sherman_kit_3rank,0.0,,,,,,158.0,61.28,0.01,0.01,3.71,3.05,0.0,,,,,,Sherman_(Hell)
p-38e,0.0,,,,,,0.0,,,,,,0.0,,,,,,P-38E
germ_sturmpanzer_II,0.0,,,,,,6.0,,,0.0,,1.0,0.0,,,,,,Sturmpanzer_II
pv_2d,0.0,,,,,,9.0,26.66,0.32,0.5,1.32,2.0,0.0,,,,,,PV-2D
it_40m_turan_1,0.0,,,,,,17.0,11.11,0.0,0.0,2.22,2.38,0.0,,,,,,Turan_I
ussr_isu_122,0.0,,,,,,19.0,,,0.0,,2.44,0.0,,,,,,ISU-122
seafire_mk3_france,0.0,,,,,,32.0,100.0,0.75,0.75,1.0,0.13,0.0,,,,,,Seafire_LF_Mk.III
jp_stingray,0.0,,,,,,306.0,57.6,0.0,0.0,1.51,1.58,0.0,,,,,,Stingray
cn_m5a1_stuart,0.0,,,,,,0.0,,,,,,0.0,,,,,,M5A1_(China)
cn_m3a3_stuart,0.0,,,,,,0.0,,,,,,0.0,,,,,,M3A3_Stuart_(China)
it_m26a1_pershing,0.0,,,,,,60.0,45.16,0.0,0.0,1.6,1.66,5.0,,,0.0,,0.0,M26A1
ussr_t_26_4,0.0,,,,,,0.0,,,,,,0.0,,,,,,T-26-4
uk_a_13_mk1_3rd_rtr,0.0,,,,,,18.0,,,,,,0.0,,,,,,A13_Mk_I_(3rd_R.T.R.)
am_1_mauler,0.0,,,,,,179.0,60.17,0.54,0.88,1.66,1.86,0.0,,,,,,AM-1
p_108b_serie1,0.0,,,,,,0.0,,,,,,0.0,,,,,,P.108B_serie_1
us_m1128_wolfpack,0.0,,,,,,672.0,55.71,0.0,0.0,1.65,1.13,0.0,,,,,,M1128_Wolfpack
corsair_fmk2,0.0,,,,,,7.0,100.0,1.0,1.17,0.0,1.0,0.0,,,,,,Corsair_F_Mk_II
he51c1,0.0,,,,,,0.0,,,,,,0.0,,,,,,He_51_C-1
fr_amx_50_foch,0.0,,,,,,79.0,30.95,0.0,0.0,1.98,1.4,0.0,,,,,,AMX-50_Foch
it_ab_41,0.0,,,,,,24.0,,,0.0,,2.63,0.0,,,,,,AB_41
us_lvt_a1_m24,0.0,,,,,,12.0,0.0,0.0,0.0,1.0,1.0,0.0,,,,,,LVT(A)(1)_(M24)
la-5fn_luftwaffe,0.0,,,,,,8.0,,,1.0,,0.0,0.0,,,,,,La-5FN
a6m5_zero,0.0,,,,,,173.0,60.35,1.29,1.78,0.44,0.57,0.0,,,,,,A6M5
fr_cckw_353_bofors,0.0,,,,,,5.0,100.0,1.0,1.0,2.0,2.0,0.0,,,,,,CCKW_353_AA
jp_type_16_mcv_prot,0.0,,,,,,290.0,46.53,0.0,0.0,1.59,1.26,11.0,,,0.0,,0.0,Type_16_(P)
do_217j_2,0.0,,,,,,0.0,,,,,,0.0,,,,,,Do_217_J-2
spitfiremkiia,0.0,,,,,,3.0,,,,,,0.0,,,,,,Spitfire_Mk_IIa
fr_pzkpfw_V_panther_dauphine,0.0,,,,,,49.0,100.0,0.0,0.0,3.79,1.9,0.0,,,,,,Panther_«Dauphine»
ta_154a_1,0.0,,,,,,0.0,,,,,,0.0,,,,,,Ta_154_A-1
pb4y-2_france,0.0,,,,,,0.0,,,,,,0.0,,,,,,PB4Y-2
fokker_d21_serie3_finland,0.0,,,,,,0.0,,,,,,0.0,,,,,,Fokker_D.XXI-3
cn_is_2_1944,0.0,,,,,,42.0,,,0.0,,1.41,0.0,,,,,,IS-2_(1944)_(China)
ki_44_1_ep,0.0,,,,,,27.0,100.0,1.0,1.0,0.0,0.0,0.0,,,,,,Ki-44-I_34
f-8e_fn,0.0,,,,,,0.0,,,,,,0.0,,,,,,F-8E(FN)
germ_sdkfz_251_22,0.0,,,,,,27.0,,,0.0,,1.0,0.0,,,,,,Sd.Kfz.251/22
sw_tgdgb_m40_lv,0.0,,,,,,59.0,0.0,0.0,0.0,2.46,0.84,0.0,,,,,,Lvtdgb_m/40
it_m55,0.0,,,,,,16.0,,,0.0,,1.0,4.0,,,,,,M55
bf-109e-4,0.0,,,,,,6.0,,,,,,0.0,,,,,,Bf_109_E-4
it_semovente_breda_501,0.0,,,,,,41.0,100.0,0.0,0.0,2.89,2.34,0.0,,,,,,Breda_501
gladiator_mk2,1.0,,,1.0,,0.0,0.0,,,,,,0.0,,,,,,Gladiator_Mk_II
ms_405c1,0.0,,,,,,0.0,,,,,,0.0,,,,,,M.S.405C1
il_centurion_shot_kal_gimel,0.0,,,,,,1.0,100.0,0.0,0.0,2.0,2.0,0.0,,,,,,Sho't_Kal_Gimel
fr_amx_vtt_dca,0.0,,,,,,63.0,72.58,1.35,2.5,0.5,1.0,0.0,,,,,,VTT_DCA
md_450b_barougan,0.0,,,,,,31.0,50.0,1.5,1.2,1.5,1.2,0.0,,,,,,M.D.450B_Barougan
germ_sdkfz_221_s_pz_b_41,0.0,,,,,,25.0,100.0,0.0,0.0,2.0,1.96,0.0,,,,,,Sd.Kfz.221_(s.Pz.B.41)
su-9,0.0,,,,,,305.0,52.89,0.45,0.48,0.29,0.3,0.0,,,,,,Su-9
f4u-1a_usmc,0.0,,,,,,0.0,,,,,,0.0,,,,,,F4U-1A_(USMC)
saab_b17b,0.0,,,,,,23.0,0.0,0.0,0.0,0.0,0.0,0.0,,,,,,B17B
p-40f_10,0.0,,,,,,16.0,50.0,1.5,3.0,0.0,0.0,0.0,,,,,,P-40F-10
seafire_fr47,0.0,,,,,,2.0,,,1.0,,0.0,0.0,,,,,,Seafire_FR_47
jp_type_95_ha_go,0.0,,,,,,7.0,,,0.0,,0.0,0.0,,,,,,Ha-Go
spitfire_mk18e,0.0,,,,,,6.0,,,,,,0.0,,,,,,Spitfire_F_Mk_XVIIIe
us_t32,0.0,,,,,,336.0,51.91,0.0,0.0,3.33,2.25,0.0,,,,,,T32
uk_crusader_aa_mk_2_kit_3rank,0.0,,,,,,42.0,76.92,1.08,1.6,0.0,0.0,0.0,,,,,,Crusader_AA_(Overlord)
jp_type_61_mod,0.0,,,,,,107.0,71.3,0.0,0.0,2.63,1.82,0.0,,,,,,Type_61_(B)
iar_81c,0.0,,,,,,2.0,50.0,1.5,3.0,0.5,1.0,0.0,,,,,,IAR-81C
p1y1_mod11_china,0.0,,,,,,0.0,,,,,,0.0,,,,,,P1Y1_mod._11_(China)
mirage_5f,0.0,,,,,,24.0,50.0,0.79,1.13,0.29,0.29,0.0,,,,,,Mirage_5F
uk_ratel_90,0.0,,,,,,126.0,78.61,0.0,0.0,2.64,1.48,0.0,,,,,,Ratel_90
uk_crusader_mk_2_the_saint,0.0,,,,,,0.0,,,,,,0.0,,,,,,"Crusader_""The_Saint"""
me_210a_1,0.0,,,,,,35.0,,,0.0,,0.0,0.0,,,,,,Me_210_A-1
yak-9t_france,0.0,,,,,,24.0,,,,,,0.0,,,,,,Challe's_Yak-9T
germ_infanterie_kampfpanzer_churchill,0.0,,,,,,23.0,50.0,0.0,0.0,1.41,1.59,0.0,,,,,,Pz.Kpfw._Churchill
sw_strv_m41_s2,0.0,,,,,,24.0,,,0.0,,0.69,0.0,,,,,,Strv_m/41_S-II
germ_pzkpfw_38t_Marder_III,0.0,,,,,,0.0,,,,,,0.0,,,,,,Marder_III
p-63a-5,0.0,,,,,,62.0,100.0,2.91,1.71,1.09,0.7,0.0,,,,,,P-63A-5
cn_type_69_2a,0.0,,,,,,78.0,95.4,0.0,0.0,3.58,3.99,0.0,,,,,,Type_69-IIa
mig_3_series_1_15_bk_pod,0.0,,,,,,0.0,,,,,,0.0,,,,,,MiG-3-15_(BK)
f2a-1_thach,0.0,,,,,,0.0,,,,,,0.0,,,,,,Thach's_F2A-1
il_merkava_mk_4b,0.0,,,,,,16.0,28.57,0.0,0.0,2.86,2.17,0.0,,,,,,Merkava_Mk.4B
uk_3_inch_gun_carrier,0.0,,,,,,0.0,,,,,,0.0,,,,,,Gun_Carrier_(3-in)
f-104c,0.0,,,,,,0.0,,,,,,0.0,,,,,,F-104C
cn_vt_5,0.0,,,,,,225.0,50.84,0.0,0.0,1.39,1.32,0.0,,,,,,VT5
yak-9p_hungary,0.0,,,,,,0.0,,,,,,0.0,,,,,,◔Yak-9P
ussr_su_57b,0.0,,,,,,20.0,50.0,0.0,0.0,1.0,2.0,0.0,,,,,,SU-57B
d_520_france,0.0,,,,,,6.0,,,,,,0.0,,,,,,D.520
i-16_type18,0.0,,,,,,0.0,,,,,,0.0,,,,,,I-16_type_18
f-100d,0.0,,,,,,193.0,43.08,1.73,2.52,0.41,0.5,0.0,,,,,,F-100D
hurricane_mk1b,0.0,,,,,,0.0,,,,,,0.0,,,,,,Sea_Hurricane_Mk_IB
p-40e_china,0.0,,,,,,46.0,40.91,1.05,1.19,1.55,1.65,0.0,,,,,,P-40E-1_(China)
f-104a,0.0,,,,,,51.0,41.67,1.0,0.42,0.23,0.09,0.0,,,,,,F-104A
halifax_mk3,0.0,,,,,,0.0,,,,,,0.0,,,,,,Halifax_B_Mk_IIIa
uk_ac4_thunderbolt,0.0,,,,,,0.0,,,,,,4.0,,,,,,A.C.IV
f6f-5_france,0.0,,,,,,120.0,60.64,0.13,0.15,1.39,1.56,0.0,,,,,,F6F-5
yak-3_vk107,0.0,,,,,,7.0,36.11,0.92,1.67,0.05,0.17,14.0,,,,,,Yak-3_(VK-107)
it_otobreda_sidam_25,0.0,,,,,,28.0,50.0,0.5,0.9,0.4,0.75,0.0,,,,,,SIDAM_25
tu-2,0.0,,,,,,20.0,100.0,0.0,0.0,3.18,2.16,6.0,50.0,0.0,0.0,0.5,1.0,Tu-2S
germ_pzkpfw_II_ausf_C,0.0,,,,,,37.0,100.0,0.0,,2.5,,0.0,,,,,,Pz.II_C
it_m11_39,0.0,,,,,,0.0,,,,,,0.0,,,,,,M11/39
ju-87b-2,0.0,,,,,,76.0,54.44,0.41,0.6,0.17,0.23,0.0,,,,,,Ju_87_B-2
ki_43_3_ko,0.0,,,,,,0.0,,,,,,0.0,,,,,,Ki-43-III_ko_(China)
il_m163_vulcan,0.0,,,,,,0.0,,,,,,0.0,,,,,,Hovet
uk_challenger_II,0.0,,,,,,613.0,48.27,0.0,0.0,1.76,1.78,34.0,66.67,0.0,0.0,3.94,1.06,uk_challenger_ii_shop
i-15_1935,0.0,,,,,,0.0,,,,,,0.0,,,,,,I-15_M-22
la-11_china,0.0,,,,,,25.0,,,,,,0.0,,,,,,La-11_(China)
us_m46_patton,1.0,,,,,,618.0,56.81,0.0,0.0,2.05,2.21,0.0,,,,,,M46
j6b,0.0,,,,,,0.0,,,,,,0.0,,,,,,J6B
spitfire_ix_usa,0.0,,,,,,427.0,67.35,1.05,1.24,1.42,1.66,4.0,,,,,,Spitfire_LF_Mk_IXc
tornado_gr1,0.0,,,,,,0.0,,,,,,0.0,,,,,,Tornado_GR.1
g_55_serie1,0.0,,,,,,0.0,,,,,,0.0,,,,,,G.55_serie_1
p-36g,0.0,,,,,,0.0,,,,,,0.0,,,,,,P-36G
germ_wiesel_2_adwc,0.0,,,,,,83.0,39.85,1.19,1.56,0.0,0.0,0.0,,,,,,Ozelot
it_b1_centauro,0.0,,,,,,169.0,82.01,0.0,0.0,3.56,1.99,0.0,,,,,,Centauro_I_105
cn_ztz_59a,0.0,,,,,,57.0,72.73,0.0,0.0,1.55,2.37,7.0,100.0,0.0,0.0,2.0,2.0,ZTZ59A
md_450b_ouragan,0.0,,,,,,265.0,73.53,0.9,1.0,1.16,1.32,0.0,,,,,,M.D.450B_Ouragan
fokker_d21_mod20,0.0,,,,,,0.0,,,,,,0.0,,,,,,Fokker_D.XXI
uk_marmon_herrington_mk_6_6pdr,0.0,,,,,,71.0,18.75,0.0,0.0,2.19,0.89,0.0,,,,,,SARC_MkVI_(6pdr)
fw_190f_8_hungary,0.0,,,,,,0.0,,,,,,0.0,,,,,,◔Fw_190_F-8
il-2i,0.0,,,,,,0.0,,,,,,11.0,,,,,,IL-2_(1942)
spitfire_lf_mk9e_iaf,0.0,,,,,,9.0,,,,,,0.0,,,,,,Spitfire_Mk.IX_(CW)_(Israel)
ussr_bmd_4,0.0,,,,,,228.0,63.83,0.0,0.0,3.1,1.58,11.0,,,,,,BMD-4
germ_flakpz_1a2_Gepard,0.0,,,,,,484.0,31.54,0.81,0.59,0.39,0.35,0.0,,,,,,Gepard_1A2
fr_amx_40,0.0,,,,,,194.0,72.65,0.0,0.0,2.87,2.28,0.0,,,,,,AMX-40
bf-109g-14,0.0,,,,,,17.0,,,0.35,,0.1,0.0,,,,,,Bf_109_G-14
us_m50_ontos,0.0,,,,,,247.0,71.83,0.0,0.0,2.34,1.54,0.0,,,,,,M50
germ_flakpanzer_IV_Ostwind_2_net,0.0,,,,,,206.0,22.15,0.78,0.53,0.55,0.42,21.0,0.0,0.67,0.48,0.0,0.0,Ostwind_Ost
cn_m42_duster,0.0,,,,,,19.0,,,0.0,,0.0,0.0,,,,,,M42_(China)
germ_sdkfz_234_2_mod,0.0,,,,,,103.0,50.0,0.0,0.0,1.62,0.84,0.0,,,,,,"Sd.Kfz.234/2_""Biene"""
cn_is_2_1943_no402,0.0,,,,,,28.0,50.0,0.0,0.0,1.39,1.39,0.0,,,,,,IS-2_No.402
mig-19pt,0.0,,,,,,152.0,16.29,2.82,2.43,0.65,0.61,0.0,,,,,,MiG-19PT
f8f1b_france,0.0,,,,,,106.0,90.0,2.04,2.02,2.93,2.96,0.0,,,,,,F8F-1B
fr_amx_30_dca,0.0,,,,,,326.0,38.53,0.39,0.34,0.42,0.35,0.0,,,,,,AMX-30_DCA
he51c1_late,0.0,,,,,,0.0,,,,,,0.0,,,,,,He_51_C-1/L
fr_amx_32,0.0,,,,,,165.0,37.57,0.0,0.0,3.66,3.22,0.0,,,,,,AMX-32
re_2000_j20,0.0,,,,,,0.0,,,,,,0.0,,,,,,J20
mosquito_f_mk2_norway,0.0,,,,,,23.0,,,,,,0.0,,,,,,◢Mosquito_F.Mk.II
it_of_40_mk_2a,0.0,,,,,,90.0,40.37,0.0,0.0,3.19,2.62,0.0,,,,,,OF-40_Mk.2A
f3f-2,0.0,,,,,,0.0,,,,,,0.0,,,,,,F3F-2
ussr_t_50,0.0,,,,,,45.0,78.13,0.0,0.0,2.97,2.53,0.0,,,,,,T-50
su_33,2.0,50.0,1.5,1.5,0.5,0.5,357.0,32.98,1.44,1.02,0.01,0.01,5.0,,,1.0,,0.0,Су-33
ussr_2s25,0.0,,,,,,713.0,57.97,0.0,0.0,1.56,1.29,0.0,,,,,,2S25
la-9_china,0.0,,,,,,19.0,54.17,1.13,1.97,0.54,0.64,0.0,,,,,,La-9_(China)
uk_a27m_cromwell_1,0.0,,,,,,77.0,66.67,0.0,0.0,1.77,1.38,0.0,,,,,,Cromwell_I
germ_pzkpfw_III_ausf_J,0.0,,,,,,29.0,,,0.0,,2.83,0.0,,,,,,Pz.III_J1
mc-205_serie3,0.0,,,,,,48.0,100.0,3.31,2.0,2.1,0.0,0.0,,,,,,C._205_serie_3
f_106a_1972,0.0,,,,,,73.0,0.0,5.25,3.08,0.0,0.0,0.0,,,,,,F-106A
jp_type_90,0.0,,,,,,564.0,47.9,0.0,0.0,1.86,1.7,0.0,,,,,,Type_90
hunter_f6_holland,0.0,,,,,,36.0,50.0,1.0,2.0,1.0,2.0,0.0,,,,,,◘Hunter_F.6
us_sl_amraam_fcs,0.0,,,1.0,,0.0,180.0,55.63,1.3,1.05,0.0,0.0,0.0,,,,,,CLAWS_(СОЦ)
bf-109g-14as,0.0,,,,,,30.0,0.0,0.36,0.36,0.93,0.93,0.0,,,,,,Bf_109_G-14/AS
n1k2_jko,0.0,,,,,,131.0,82.26,0.7,0.71,1.18,1.17,0.0,,,,,,N1K2-Ja
hs-129b-3,0.0,,,,,,28.0,0.0,0.0,0.0,2.0,1.0,0.0,,,,,,Hs_129_B-3
tornado_gr4,0.0,,,,,,8.0,47.5,1.0,1.83,0.05,0.08,0.0,,,,,,Tornado_GR.4
p-47m-1-re,0.0,,,,,,77.0,84.0,1.12,1.23,2.17,2.24,0.0,,,,,,P-47M-1-RE
uk_vickers_mbt_mk_3,0.0,,,,,,219.0,47.98,0.0,0.0,1.16,0.96,0.0,,,,,,Vickers_Mk.3
germ_th_400,0.0,,,,,,141.0,36.75,0.0,0.0,1.47,0.93,0.0,,,,,,R400
ussr_btr_80a,0.0,,,,,,1194.0,49.38,0.0,0.0,1.06,0.89,0.0,,,,,,BTR-80A
germ_leopard_2_pt14,0.0,,,,,,49.0,43.75,0.0,0.0,5.06,4.36,0.0,,,,,,PT-16/T14_mod.
su_25sm3,0.0,,,,,,0.0,,,,,,18.0,,,0.0,,2.0,Su-25SM3
i-15_1934,0.0,,,,,,0.0,,,,,,0.0,,,,,,I-15_WR
mirage_3c,0.0,,,,,,72.0,86.93,2.55,2.86,0.06,0.09,0.0,,,,,,Mirage_IIIC
it_semovente_m43_75_46,0.0,,,,,,14.0,,,0.0,,1.0,0.0,,,,,,75/46_M43
yak-9ut,0.0,,,,,,203.0,79.64,1.13,0.98,2.84,2.6,50.0,100.0,0.0,0.0,2.57,1.84,Yak-9UT
fury_mk2,0.0,,,,,,0.0,,,,,,0.0,,,,,,Fury_Mk_II
us_m551,0.0,,,,,,425.0,56.84,0.0,0.0,1.39,0.81,0.0,,,,,,M551
fr_amc_34,0.0,,,,,,0.0,,,,,,0.0,,,,,,AMC.34_YR
ussr_zsu_23_4,0.0,,,,,,209.0,51.51,0.93,0.87,0.08,0.12,0.0,,,,,,ZSU-23-4
saab_b18a,0.0,,,,,,0.0,,,,,,0.0,,,,,,B18A
cn_isu_152,0.0,,,,,,29.0,100.0,0.0,0.0,1.0,0.64,0.0,,,,,,ISU-152_(China)
uk_m3a1_stuart,0.0,,,,,,13.0,,,,,,0.0,,,,,,Stuart_III
uk_bosvark,0.0,,,,,,21.0,50.0,0.17,0.17,0.17,0.17,0.0,,,,,,Bosvark
us_t92,0.0,,,,,,782.0,49.25,0.0,0.0,1.04,1.01,0.0,,,,,,T92
sm_79_1941_italy,0.0,,,,,,0.0,,,,,,0.0,,,,,,S.M.79_AS
uk_badger,0.0,,,,,,58.0,78.67,0.0,0.0,2.43,2.26,0.0,,,,,,Badger
us_m56_scorpion,2.0,100.0,0.0,0.0,2.0,4.0,251.0,46.24,0.0,0.0,2.53,0.88,0.0,,,,,,M56
pb4y-2,0.0,,,,,,0.0,,,,,,0.0,,,,,,PB4Y-2
jp_type_60_atm,0.0,,,,,,82.0,43.64,0.0,0.0,0.56,0.3,0.0,,,,,,Type_60_ATM
d4y3,0.0,,,,,,0.0,,,,,,0.0,,,,,,D4Y3_Ko
douglas_a_1h,0.0,,,,,,506.0,93.68,0.48,0.41,7.04,5.91,0.0,,,,,,A-1H
maryland_mk1_france,0.0,,,,,,0.0,,,,,,0.0,,,,,,Martin_167-A3
us_m18_hellcat_black_cat_race,,,,,,,,,,,,,,,,,,,"""Racing""_M18"
it_semovente_m43_105,0.0,,,,,,15.0,,,,,,0.0,,,,,,105/25_M43
germ_panzerwerfer_42,0.0,,,,,,3.0,,,,,,0.0,,,,,,15_cm_Pz.W.42
fr_char_2c,0.0,,,,,,0.0,,,,,,0.0,,,,,,2C
ussr_zprk_2s6,0.0,,,,,,642.0,47.91,0.48,0.49,0.47,0.46,0.0,,,,,,2S6
it_semovente_l40,0.0,,,,,,0.0,,,,,,0.0,,,,,,47/32_L40
it_semovente_m41_75_18,0.0,,,,,,6.0,,,0.0,,3.0,0.0,,,,,,75/18_M41
it_semovente_m42_75_34,0.0,,,,,,0.0,,,,,,0.0,,,,,,75/34_M42
it_semovente_m43_75_34,0.0,,,,,,0.0,,,,,,0.0,,,,,,75/34_M43
ussr_buk_m3_launcher,,,,,,,,,,,,,,,,,,,"9К317М_""БУК-М3""_(СОУ)"
ussr_buk_m3_fcs,0.0,,,,,,78.0,50.0,1.05,0.3,0.0,0.0,0.0,,,,,,"9К317М_""БУК-М3""_(СОЦ)"
a_10c,0.0,,,,,,31.0,100.0,1.32,1.32,8.29,8.29,0.0,,,,,,A-10C
a-26b,0.0,,,,,,0.0,,,,,,0.0,,,,,,A-26B-50
a-26c,0.0,,,,,,0.0,,,,,,0.0,,,,,,A-26C-45
a-26c-45-dt,0.0,,,,,,11.0,,,0.0,,0.0,0.0,,,,,,A-26C-45DT
a_29_hudson,0.0,,,,,,0.0,,,,,,0.0,,,,,,A-29
a-35b,0.0,,,,,,14.0,,,0.0,,0.0,0.0,,,,,,A-35B
a_4b,0.0,,,,,,199.0,71.06,0.07,0.12,2.36,3.28,0.0,,,,,,A-4B
a_4e_early,0.0,,,,,,378.0,55.82,0.4,0.38,2.22,2.14,0.0,,,,,,A-4E_Early
a_7d,0.0,,,,,,45.0,45.83,1.11,1.39,2.47,3.52,1.0,,,,,,A-7D
a_7e,0.0,,,,,,0.0,,,,,,0.0,,,,,,A-7E
a_7e_thailand,0.0,,,,,,0.0,,,,,,0.0,,,,,,A-7E
vampire_fb5_j28b,0.0,,,,,,42.0,,,2.39,,1.5,0.0,,,,,,A28B
saab_j29b,0.0,,,,,,32.0,13.33,0.38,2.83,1.04,3.33,0.0,,,,,,A29B
a2d,0.0,,,,,,542.0,63.63,0.22,0.23,1.68,1.68,22.0,,,0.6,,1.6,A2D-1
saab_a32a,0.0,,,,,,11.0,83.33,1.5,1.09,3.67,3.0,0.0,,,,,,A32A
saab_a32a_red_adam,0.0,,,,,,2.0,,,1.0,,1.0,0.0,,,,,,A32A_Röd_Adam
a6m2_mod11,0.0,,,,,,105.0,100.0,0.88,1.5,0.26,0.38,0.0,,,,,,A6M2_mod._11
a6m2_n_zero,0.0,,,,,,6.0,,,0.0,,0.0,0.0,,,,,,A6M2-N
a7he1,0.0,,,,,,0.0,,,,,,0.0,,,,,,A7He1
germ_a7v,0.0,,,,,,2.0,,,0.0,,3.0,0.0,,,,,,A7V
uk_17_pdr_m10_achilles,0.0,,,,,,41.0,,,0.0,,1.87,0.0,,,,,,Achilles
douglas_ad_4na_france,0.0,,,,,,42.0,0.0,0.0,,1.0,,0.0,,,,,,AD-4NA
uk_adats_m113a3,0.0,,,,,,147.0,48.85,1.79,1.35,0.48,0.38,0.0,,,,,,ADATS_(M113)
uk_armored_car_mk_2_aa,0.0,,,,,,29.0,,,0.0,,0.0,0.0,,,,,,AEC_AA
uk_armored_car_aec_mk_2,0.0,,,,,,85.0,45.67,0.0,0.0,2.29,2.33,0.0,,,,,,AEC_Mk_II
fa_18a_hug_2_raaf,0.0,,,,,,16.0,81.82,0.82,0.82,0.0,0.0,0.0,,,,,,AF/A-18A_Late
us_ags_teledyne,0.0,,,,,,72.0,48.72,0.0,0.0,3.67,2.91,0.0,,,,,,AGS
aichi_e13a,,,,,,,,,,,,,,,,,,,Aichi_E13A1
saab_aj37,0.0,,,,,,75.0,52.74,0.43,0.49,0.76,0.9,0.0,,,,,,AJ37
uk_ajax,0.0,,,,,,213.0,49.55,0.0,0.0,2.2,1.45,0.0,,,,,,Ajax
saab_ajs37,0.0,,,,,,50.0,100.0,0.0,0.0,2.13,2.13,3.0,,,,,,AJS37
saab_ajs37_early,0.0,,,,,,103.0,61.04,0.57,0.78,0.83,1.18,0.0,,,,,,AJS37_(Early)
uk_alecto_mk_1,0.0,,,,,,0.0,,,,,,0.0,,,,,,Alecto_I
alpha_jet_a_jabog41,0.0,,,,,,74.0,42.31,0.0,0.0,1.15,1.44,0.0,,,,,,Alpha_Jet_A_(JaboG_41)
alpha_jet_e,0.0,,,,,,37.0,100.0,0.33,0.13,1.67,0.5,0.0,,,,,,Alpha_Jet_E
alpha_jet_th_phase_1,0.0,,,,,,23.0,57.29,0.96,1.75,0.62,1.06,0.0,,,,,,Alpha_Jet_TH
fr_amc_35,0.0,,,,,,0.0,,,,,,0.0,,,,,,AMC.35_(ACG.1)
fr_amd_35,0.0,,,,,,17.0,,,0.0,,2.41,0.0,,,,,,AMD.35
fr_aml_90,0.0,,,,,,281.0,64.4,0.0,0.0,1.68,1.35,0.0,,,,,,AML-90
fr_amr_35_zt3,0.0,,,,,,0.0,,,,,,0.0,,,,,,AMR.35_ZT3
amx,0.0,,,,,,0.0,,,,,,0.0,,,,,,AMX
amx_a_1a_brazil,0.0,,,,,,12.0,,,0.0,,0.0,3.0,,,,,,AMX_A-1A
fr_amx_10m_acra,0.0,,,,,,22.0,100.0,0.0,0.0,4.0,2.0,0.0,,,,,,AMX-10M
fr_amx_10p,0.0,,,,,,344.0,61.9,0.54,0.52,0.6,0.58,0.0,,,,,,AMX-10P
fr_amx_13_hot,0.0,,,,,,16.0,50.0,0.0,0.0,1.0,2.0,0.0,,,,,,AMX-13_(HOT)
fr_amx_13_75_ss11,0.0,,,,,,48.0,100.0,0.0,0.0,3.25,2.12,0.0,,,,,,AMX-13_(SS.11)
fr_amx_30,0.0,,,,,,155.0,54.28,0.0,0.0,1.94,2.31,0.0,,,,,,AMX-30
fr_amx_30_1972,0.0,,,,,,387.0,52.93,0.0,0.0,2.07,1.48,0.0,,,,,,AMX-30_(1972)
fr_amx_30_super,0.0,,,,,,578.0,55.87,0.0,0.0,2.83,1.97,0.0,,,,,,AMX-30_Super
fr_amx_32_105,0.0,,,,,,167.0,54.2,0.0,0.0,2.97,2.47,0.0,,,,,,AMX-32_(105)
fr_amx_50_1950,0.0,,,,,,140.0,54.3,0.0,0.0,3.89,2.59,7.0,,,0.0,,3.0,AMX-50_(TO90/930)
fr_amx_50_surblinde,0.0,,,,,,4.0,100.0,0.0,0.0,4.0,3.75,0.0,,,,,,AMX-50_Surblindé
cn_antelope_tc_1l_ads,0.0,,,,,,21.0,50.0,0.0,0.0,0.0,0.0,0.0,,,,,,Antelope
arado-196a-5,0.0,,,,,,0.0,,,,,,0.0,,,,,,Ar_196_A-5
arado-234,0.0,,,,,,79.0,84.21,0.0,0.0,3.26,3.73,0.0,,,,,,Ar_234_B-2
arado-234c-3,0.0,,,,,,8.0,,,,,,0.0,,,,,,Ar_234_C-3
ariete,0.0,,,,,,200.0,65.86,2.73,4.73,1.57,2.48,14.0,,,4.8,,0.0,Ariete
it_c1_ariete_pso,0.0,,,,,,98.0,81.82,0.0,0.0,4.34,3.52,0.0,,,,,,Ariete_PSO
it_as_42_metropolitana,0.0,,,,,,0.0,,,,,,0.0,,,,,,AS_42
sw_asrad_r,0.0,,,,,,36.0,100.0,2.88,,0.0,,0.0,,,,,,ASRAD-R
attaker_fb1,0.0,,,,,,0.0,,,,,,0.0,,,,,,Attacker_FB_1
attaker_fb2,0.0,,,,,,0.0,,,,,,0.0,,,,,,Attacker_FB.2
it_fiat_6616_cockerill,0.0,,,,,,256.0,50.04,0.0,0.0,1.14,0.86,0.0,,,,,,AUBL/74
it_aubl_74_60_70m,0.0,,,,,,121.0,85.12,0.0,0.0,3.88,1.65,0.0,,,,,,AUBL/74_HVG
av_8b_na,0.0,,,,,,409.0,65.45,0.61,0.7,0.59,0.76,27.0,100.0,1.0,0.63,13.33,9.33,AV-8B_(NA)
av_8b_plus_italy,0.0,,,,,,9.0,,,2.0,,0.0,0.0,,,,,,AV-8B_Plus
av_8s_thailand,0.0,,,,,,34.0,,,0.06,,1.56,0.0,,,,,,AV-8S
av_8s_late_thailand,0.0,,,,,,9.0,100.0,1.0,1.0,0.0,0.0,0.0,,,,,,AV-8S_Late
avenger_mk1,0.0,,,,,,0.0,,,,,,0.0,,,,,,Avenger_Mk_II
a_4n,0.0,,,,,,115.0,88.17,3.14,3.55,7.43,7.74,0.0,,,,,,Ayit
b_10b,0.0,,,,,,0.0,,,,,,0.0,,,,,,B-10B
b-17e_japan,0.0,,,,,,0.0,,,,,,0.0,,,,,,B-17E
b-17e,0.0,,,,,,0.0,,,,,,0.0,,,,,,B-17E
b_18a,0.0,,,,,,0.0,,,,,,0.0,,,,,,B-18A
b_25j_1,0.0,,,,,,0.0,,,,,,0.0,,,,,,B-25J-1
b_25j_20,0.0,,,,,,0.0,,,,,,0.0,,,,,,B-25J-20
b_26b_c,0.0,,,,,,0.0,,,,,,0.0,,,,,,B-26B
b_26c_france,0.0,,,,,,0.0,,,,,,0.0,,,,,,B-26C
b_34,0.0,,,,,,4.0,100.0,0.0,0.0,3.0,3.0,0.0,,,,,,B-34
b_52h,0.0,,,,,,21.0,100.0,0.0,0.0,6.0,6.0,0.0,,,,,,B-52H
b-57,0.0,,,,,,0.0,,,,,,5.0,,,0.0,,0.0,B-57A
b-57b,0.0,,,,,,4.0,,,0.0,,1.0,1.0,,,,,,B-57B
b_66b,0.0,,,,,,0.0,,,,,,0.0,,,,,,B-66B
br_20_dr,0.0,,,,,,0.0,,,,,,0.0,,,,,,B.R.20DR
br_20m_m1,0.0,,,,,,0.0,,,,,,0.0,,,,,,B.R.20M_M1
fr_b1_bis,0.0,,,,,,31.0,,,0.0,,1.82,0.0,,,,,,B1_bis
b6n2,0.0,,,,,,0.0,,,,,,0.0,,,,,,B6N2_Model_12
b6n2a,0.0,,,,,,0.0,,,,,,0.0,,,,,,B6N2a_Model_12Ko
ba_65_k14_l,0.0,,,,,,0.0,,,,,,0.0,,,,,,Ba.65_(K.14)_L
ba_65_a80,0.0,,,,,,0.0,,,,,,0.0,,,,,,Ba.65_A.80
f_16d_block_40_barak_2,0.0,,,,,,36.0,95.0,0.66,1.3,0.8,1.4,0.0,,,,,,Barak_II
il_m113_hvms,0.0,,,,,,142.0,41.24,0.0,0.0,0.93,0.92,0.0,,,,,,Bardelas/60mm_HVMS
f_15a_iaf,0.0,,,,,,0.0,,,,,,0.0,,,,,,Baz
f_15c_baz_msip,0.0,,,,,,0.0,,,,,,0.0,,,,,,Baz_Meshupar
be_6,0.0,,,,,,0.0,,,,,,0.0,,,,,,Be-6
beaufighter_mk1_40mm,0.0,,,,,,0.0,,,,,,0.0,,,,,,Beaufighter_Mk_I_(40-mm)
germ_beutepanzer_mk_iv,0.0,,,,,,0.0,,,,,,0.0,,,,,,Beutepanzer_IV
bf-109c_1_promo,0.0,,,,,,0.0,,,,,,0.0,,,,,,Bf_109_C-1_Promo
bf-109e-3_japan,0.0,,,,,,40.0,60.0,1.2,2.0,0.0,0.0,0.0,,,,,,Bf_109_E-7
bf-109e-7,0.0,,,,,,0.0,,,,,,0.0,,,,,,Bf_109_E-7/U2
bf-109g-6_finland,0.0,,,,,,33.0,100.0,3.46,5.5,1.89,2.93,0.0,,,,,,Bf_109_G-6
bf-109k-4,0.0,,,,,,446.0,54.92,1.42,1.66,0.49,0.58,0.0,,,,,,Bf_109_K-4
bf-109z,0.0,,,,,,0.0,,,,,,0.0,,,,,,Bf_109_Z-1
bf-110c-6,0.0,,,,,,0.0,,,,,,0.0,,,,,,Bf_110_C-6
bi,0.0,,,,,,0.0,,,,,,0.0,,,,,,BI
jp_oplot_t,0.0,,,,,,316.0,64.27,0.0,0.0,2.87,2.08,0.0,,,,,,BM_Oplot-T
ussr_bm_13n,0.0,,,,,,34.0,44.44,0.0,0.0,1.11,1.11,0.0,,,,,,BM-13N
ussr_bm_31_12,0.0,,,,,,16.0,100.0,0.0,0.0,0.0,0.0,0.0,,,,,,BM-31-12
ussr_bm_8_24,0.0,,,,,,0.0,,,,,,0.0,,,,,,BM-8-24
ussr_bmp_2m,0.0,,,,,,1226.0,44.42,0.0,0.0,1.24,0.85,26.0,,,0.0,,1.0,BMP-2M
sw_bmp_2md,0.0,,,,,,188.0,61.94,0.0,0.0,1.14,0.67,0.0,,,,,,BMP-2MD
p-38j_marge,0.0,,,,,,37.0,100.0,5.0,,4.0,,27.0,100.0,2.0,1.84,2.24,2.0,Bong's_P-38J-15
boston_mk_1,0.0,,,,,,0.0,,,,,,0.0,,,,,,Boston_Mk_I
br_693_ab2,0.0,,,,,,0.0,,,,,,0.0,,,,,,Br.693AB2
breda_88,0.0,,,,,,0.0,,,,,,0.0,,,,,,Breda_88_(P.XI)
ussr_bt_7_1937_td,0.0,,,,,,0.0,,,,,,0.0,,,,,,BT-7_TD
ussr_bt_7a_f32,0.0,,,,,,117.0,62.96,0.0,0.0,1.89,1.82,0.0,,,,,,BT-7A_(F-32)
buccaneer_s1,0.0,,,,,,12.0,100.0,0.0,0.0,0.0,0.0,0.0,,,,,,Buccaneer_S.1
buccaneer_s2,0.0,,,,,,40.0,36.67,0.0,0.0,0.6,0.45,0.0,,,,,,Buccaneer_S.2
bv-138c-1,0.0,,,,,,0.0,,,,,,0.0,,,,,,BV_138_C-1
bv-238,0.0,,,,,,0.0,,,,,,0.0,,,,,,BV_238
mc200_serie3,0.0,,,,,,0.0,,,,,,0.0,,,,,,C._200_serie_3
mc200_serie7_italy,0.0,,,,,,0.0,,,,,,0.0,,,,,,C._200_serie_7
mc200_serie7,0.0,,,,,,0.0,,,,,,0.0,,,,,,C._200_serie_7
mc-202,0.0,,,,,,0.0,,,,,,0.0,,,,,,C._202
mc-205_n2,0.0,,,,,,68.0,68.42,2.21,4.0,0.0,0.0,0.0,,,,,,C._205N2
it_c13_t90,0.0,,,,,,44.0,0.0,0.0,0.0,1.46,0.84,0.0,,,,,,C13_T90
it_c13_tua,0.0,,,,,,0.0,,,,,,0.0,,,,,,C13/TUA
germ_leopard_c2_mexas,0.0,,,,,,30.0,50.0,0.0,0.0,2.5,2.51,0.0,,,,,,C2A1
uk_fv221_caernarvon,0.0,,,,,,166.0,73.8,0.0,0.0,1.94,1.11,10.0,0.0,0.0,0.0,3.8,3.8,Caernarvon
us_m4_sherman_calliope,0.0,,,,,,1.0,100.0,0.0,0.0,3.0,3.0,0.0,,,,,,Calliope
canberra_bimk6,0.0,,,,,,40.0,100.0,4.3,17.0,0.5,2.0,0.0,,,,,,Canberra_B_(I)_Mk_6
canberra_bmk2,0.0,,,,,,0.0,,,,,,0.0,,,,,,Canberra_B_Mk_2
pby-5a_raf,0.0,,,,,,0.0,,,,,,0.0,,,,,,Catalina_Mk_IIIa
cn_gmc_cckw_353_m45_quad,0.0,,,,,,19.0,,,1.0,,0.0,0.0,,,,,,CCKW_353_(M45)
it_sahariano,0.0,,,,,,0.0,,,,,,0.0,,,,,,Celere_Sahariano
it_b1_centauro_romor,0.0,,,,,,36.0,66.67,0.0,0.0,1.3,1.44,0.0,,,,,,Centauro_I_105_R
it_centauro_mgs_120,0.0,,,,,,29.0,62.5,0.0,0.0,1.73,2.42,0.0,,,,,,Centauro_I_120
it_centauro_2,0.0,,,,,,78.0,75.0,0.0,0.0,3.03,2.31,0.0,,,,,,Centauro_II_(P)
uk_centurion_action_x,0.0,,,,,,10.0,,,0.0,,1.0,0.0,,,,,,Centurion_Action_X
uk_centurion_mk_2,0.0,,,,,,98.0,48.1,0.0,0.0,2.61,2.2,0.0,,,,,,Centurion_Mk.2
uk_centurion_mk_5_raac,0.0,,,,,,40.0,100.0,0.0,0.0,3.69,2.11,0.0,,,,,,Centurion_Mk.5/1
uk_challenger_2_megatron,0.0,,,,,,402.0,60.13,0.0,0.0,3.8,1.68,0.0,,,,,,Challenger_2_OES
uk_challenger_2e,0.0,,,,,,204.0,53.26,0.0,0.0,3.25,1.69,0.0,,,,,,Challenger_2E
uk_challenger_2_lep,0.0,,,,,,174.0,47.85,0.0,0.0,1.51,0.99,0.0,,,,,,Challenger_3_TD
jp_type_97_kai_td,0.0,,,,,,0.0,,,,,,0.0,,,,,,Chi-Ha_Kai_TD
jp_type_1_chi_he_5th_regiment,0.0,,,,,,10.0,100.0,0.0,0.0,1.0,1.0,0.0,,,,,,Chi-He_(5th_Regiment)
uk_chieftain_mk_3,1.0,,,,,,276.0,51.66,0.0,0.0,1.62,1.61,0.0,,,,,,Chieftain_Mk_3
uk_churchill_avre,0.0,,,,,,0.0,,,,,,0.0,,,,,,Churchill_AVRE_Petard
f-86_cl_13_mk4_italy,0.0,,,,,,0.0,,,,,,0.0,,,,,,CL-13_Mk.4
germ_th_800_bismark,0.0,,,,,,0.0,,,,,,0.0,,,,,,Class_3_(P)
us_sl_amraam_launcher,,,,,,,,,,,,,,,,,,,CLAWS_(СОУ)
fr_marder_clovis,0.0,,,,,,255.0,57.81,0.0,0.0,2.07,1.98,5.0,,,0.0,,1.0,CLOVIS
it_fiat_cm52,0.0,,,,,,0.0,,,,,,0.0,,,,,,CM52
uk_fv4004_conway,0.0,,,,,,24.0,36.84,0.0,0.0,0.63,1.0,0.0,,,,,,Conway
cr_32_bis,0.0,,,,,,0.0,,,,,,0.0,,,,,,CR.32_bis
fiat_cr42,0.0,,,,,,0.0,,,,,,0.0,,,,,,CR.42
fiat_cr42_italy,0.0,,,,,,0.0,,,,,,0.0,,,,,,CR.42
uk_crusader_aa_mk_2,0.0,,,,,,29.0,43.75,0.63,0.83,0.0,0.0,0.0,,,,,,Crusader_AA_Mk_II
uk_boxer_crv_block2,0.0,,,,,,169.0,64.88,0.0,0.0,1.96,0.87,0.0,,,,,,CRV_Block_2
it_39m_csaba,0.0,,,,,,0.0,,,,,,0.0,,,,,,Csaba
sw_patria_amv_ctcv_105,0.0,,,,,,117.0,62.07,0.0,0.0,2.74,1.33,0.0,,,,,,CT-CV_105HP
jp_icv_prototype,0.0,,,,,,126.0,50.0,0.26,0.39,1.14,1.68,0.0,,,,,,CTWV_RCV
sw_cv_90_mk4,0.0,,,,,,107.0,80.11,0.0,0.0,1.14,0.71,0.0,,,,,,CV_90_Mk.IV
sw_cv_90120,0.0,,,,,,154.0,68.01,0.0,0.0,2.78,1.73,0.0,,,,,,CV_90120
fr_cv_9035_nl,0.0,,,,,,89.0,50.0,0.0,0.0,1.23,1.45,0.0,,,,,,CV_9035NL
sw_cv_9030_fin,0.0,,,,,,290.0,57.24,0.0,0.0,1.3,1.25,0.0,,,,,,CV9030FIN
sw_cv_9035_dk,0.0,,,,,,59.0,52.16,0.0,0.0,1.6,1.97,0.0,,,,,,CV9035DK
cw_21,0.0,,,,,,0.0,,,,,,0.0,,,,,,CW-21
d_371_hs9,0.0,,,,,,0.0,,,,,,0.0,,,,,,D.371_H.S.9
d_510c,0.0,,,,,,0.0,,,,,,0.0,,,,,,D.510C
fr_renault_d2,0.0,,,,,,9.0,,,0.0,,2.0,0.0,,,,,,D2
d3a1,0.0,,,,,,0.0,,,,,,0.0,,,,,,D3A1
d4y1,0.0,,,,,,0.0,,,,,,0.0,,,,,,D4Y1
it_dardo_vcc,0.0,,,,,,52.0,50.0,0.0,0.0,1.61,1.61,13.0,50.0,0.0,0.0,0.5,1.0,Dardo
db_3b,0.0,,,,,,0.0,,,,,,0.0,,,,,,DB-3B
uk_desert_warrior,0.0,,,,,,54.0,28.33,0.0,0.0,0.65,0.5,0.0,,,,,,Desert_Warrior
fr_marder_df_105,0.0,,,,,,369.0,56.03,0.0,0.0,2.32,1.79,0.0,,,,,,DF105
do_17e_1,0.0,,,,,,0.0,,,,,,0.0,,,,,,Do_17_E-1
do_17z_2,0.0,,,,,,0.0,,,,,,0.0,,,,,,Do_17_Z-2
do_17z_7,0.0,,,,,,0.0,,,,,,0.0,,,,,,Do_17_Z-7
do_217j_1,0.0,,,,,,0.0,,,,,,0.0,,,,,,Do_217_J-1
do_217n_1,0.0,,,,,,0.0,,,,,,0.0,,,,,,Do_217_N-1
do_217n_2,0.0,,,,,,0.0,,,,,,0.0,,,,,,Do_217_N-2
do_335b_2,0.0,,,,,,357.0,60.56,0.77,0.69,2.44,2.13,0.0,,,,,,Do_335_B-2
fr_panhard_ebr_1954,0.0,,,,,,148.0,62.53,0.0,0.0,3.61,2.1,20.0,,,0.0,,2.0,E.B.R._(1954)
e7k2,,,,,,,,,,,,,,,,,,,E7K2
e8n2,,,,,,,,,,,,,,,,,,,E8N2
us_efv_p1,0.0,,,,,,96.0,46.08,0.0,0.0,1.2,1.04,0.0,,,,,,EFV
il_eitan,0.0,,,,,,140.0,74.11,0.0,0.0,1.36,1.09,0.0,,,,,,Eitan_(P)
uk_eland_90_mk_7,0.0,,,,,,101.0,74.74,0.0,0.0,1.45,0.87,0.0,,,,,,Eland_90_Mk.7
sw_eldenhet_98,0.0,,,,,,0.0,,,,,,0.0,,,,,,EldE_98
etndard_4m,0.0,,,,,,13.0,100.0,2.0,0.6,1.0,0.3,0.0,,,,,,Etendard_IVM
f-100d_france,0.0,,,,,,28.0,52.94,2.29,1.5,0.71,1.5,0.0,,,,,,F-100D
f_101c,0.0,,,,,,17.0,100.0,1.0,,0.76,,0.0,,,,,,F-101C
f-104g_belgium,0.0,,,,,,0.0,,,,,,0.0,,,,,,F-104G
f-104g_italy,0.0,,,,,,0.0,,,,,,0.0,,,,,,F-104G
f-104j,0.0,,,,,,0.0,,,,,,0.0,,,,,,F-104J
f-104s,0.0,,,,,,0.0,,,,,,0.0,,,,,,F-104S
f-104s_cb,0.0,,,,,,81.0,35.63,0.64,0.69,2.79,3.0,0.0,,,,,,F-104S_TAF
f-104s_asa,0.0,,,,,,0.0,,,,,,0.0,,,,,,F-104S.ASA
f_111a,0.0,,,,,,28.0,50.0,0.5,0.5,2.5,2.5,2.0,,,0.0,,0.0,F-111A
f_111c_raaf,0.0,,,,,,18.0,50.0,0.5,1.0,0.5,1.0,0.0,,,,,,F-111C
f_111f,0.0,,,,,,21.0,30.77,1.0,0.76,0.0,0.0,0.0,,,,,,F-111F
f_117,0.0,,,,,,31.0,25.0,0.0,0.0,1.06,1.63,0.0,,,,,,F-117
f_14a_early,0.0,,,,,,67.0,33.33,1.23,1.02,0.0,0.0,5.0,,,0.0,,0.0,F-14A_Early
f_14b,0.0,,,,,,33.0,50.0,0.15,0.33,0.0,0.0,0.0,,,,,,F-14B
f_14d,0.0,,,,,,895.0,51.86,1.27,1.45,0.07,0.08,0.0,,,,,,F-14D
f_15i_raam,0.0,,,,,,28.0,62.5,1.0,0.35,0.56,1.18,0.0,,,,,,F-15I_Ra’am
f_15j,0.0,,,,,,11.0,95.0,1.0,1.1,0.0,0.0,0.0,,,,,,F-15J
f_15j_kai,0.0,,,,,,137.0,86.75,1.85,2.37,0.03,0.04,0.0,,,,,,F-15J(M)
f_16a_block_15_belgium,0.0,,,,,,41.0,100.0,0.5,0.63,2.9,3.6,0.0,,,,,,F-16A
f_16a_block_10,0.0,,,,,,146.0,71.88,0.67,0.9,1.84,2.65,0.0,,,,,,F-16A
f_16a_block_15_adf_italy,0.0,,,,,,18.0,,,,,,0.0,,,,,,F-16A_ADF
f_16a_block_15_ocu_thailand,0.0,,,,,,15.0,60.0,0.8,1.2,0.0,0.0,0.0,,,,,,F-16A_OCU
f_16a_block_15_ocu_belgium,0.0,,,,,,0.0,,,,,,0.0,,,,,,F-16A_OCU
f_16aj,0.0,,,,,,98.0,82.53,1.1,1.33,2.42,2.62,0.0,,,,,,F-16AJ
f_16am_block_15_mlu_belgium,0.0,,,,,,36.0,45.0,1.0,1.0,0.0,0.0,0.0,,,,,,F-16AM
f_16c_block_40_barak_2,0.0,,,,,,2.0,,,,,,0.0,,,,,,F-16C_Barak_II
f_16i_sufa,0.0,,,,,,0.0,,,,,,0.0,,,,,,F-16I_Sufa
fa_18c_finland,0.0,,,,,,27.0,50.0,1.35,1.35,0.0,0.0,0.0,,,,,,F-18C
ef_2000a,0.0,,,,,,4.0,,,,,,0.0,,,,,,F-2000A
ef_2000a_aesa,0.0,,,,,,24.0,96.67,4.03,4.07,1.02,1.03,4.0,,,1.0,,0.0,F-2000A_(AESA)
f_20a,0.0,,,,,,98.0,63.06,1.19,1.32,0.55,0.56,0.0,,,,,,F-20A
f_2a,0.0,,,,,,50.0,98.25,2.55,2.15,0.0,0.0,35.0,,,2.25,,0.0,F-2A
f-4ej_adtw,0.0,,,,,,469.0,52.19,2.15,2.6,0.77,0.93,6.0,,,0.0,,0.0,F-4EJ_ADTW
f-4ej_kai,0.0,,,,,,24.0,50.0,1.5,1.0,0.0,0.0,0.0,,,,,,F-4EJ_Kai_Phantom_II
f-4ej,0.0,,,,,,37.0,88.89,1.06,0.75,0.22,0.33,0.0,,,,,,F-4EJ_Phantom_II
f-5a,0.0,,,,,,0.0,,,,,,0.0,,,,,,F-5A
f-5e_fcu_thailand,0.0,,,,,,240.0,63.23,1.73,2.43,0.69,1.02,0.0,,,,,,F-5E_FCU
f-5t_thailand,0.0,,,,,,4.0,50.0,1.0,1.0,0.5,1.5,0.0,,,,,,F-5T_SCU
f-5th_thailand,0.0,,,,,,21.0,100.0,1.0,0.98,1.0,0.03,0.0,,,,,,F-5TH_TCU
f-84f_france,0.0,,,,,,94.0,55.36,0.09,0.15,0.7,1.17,0.0,,,,,,F-84F
f-84f,0.0,,,,,,96.0,66.45,0.36,0.29,0.64,0.57,0.0,,,,,,F-84F
f-84f_iaf,0.0,,,,,,0.0,,,,,,0.0,,,,,,F-84F_IAF
f-84g,0.0,,,,,,0.0,,,,,,0.0,,,,,,F-84G-21-RE
f-84g_italy,0.0,,,,,,7.0,,,0.0,,11.57,0.0,,,,,,F-84G-21-RE
f-86f-30_japan,0.0,,,,,,68.0,86.5,1.37,1.77,0.37,0.54,0.0,,,,,,F-86F-30_
f-86f-35,0.0,,,,,,109.0,75.27,0.45,0.61,0.91,0.75,0.0,,,,,,F-86F-35
f-86f-40_japan_blue_impulse,0.0,,,,,,25.0,50.0,0.0,0.0,0.0,0.0,0.0,,,,,,F-86F-40_JASDF
f-86k_late,0.0,,,,,,18.0,100.0,1.0,1.0,0.0,0.0,0.0,,,,,,F-86K
f_222_2,0.0,,,,,,0.0,,,,,,0.0,,,,,,F.222.2
fc_20_bis,0.0,,,,,,0.0,,,,,,0.0,,,,,,F.C.20_Bis
fa_18a,0.0,,,,,,133.0,71.56,1.21,1.3,0.43,0.47,41.0,,,2.37,,0.0,F/A-18A
fa_18c_mlu_2_finland,0.0,,,,,,82.0,50.0,1.1,2.06,0.46,0.85,0.0,,,,,,F/A-18C_MLU_2
fa_18d_late_malaysia,0.0,,,,,,34.0,100.0,1.0,1.0,0.34,0.34,0.0,,,,,,F/A-18D_Late
fa_18f_block_2_raaf,0.0,,,,,,5.0,100.0,0.0,0.0,0.0,0.0,0.0,,,,,,F/A-18F
f11f_1_late,0.0,,,,,,5.0,100.0,5.0,,0.0,,0.0,,,,,,F11F-1
f1m2,0.0,,,,,,0.0,,,,,,0.0,,,,,,F1M2
f2a-1,0.0,,,,,,0.0,,,,,,0.0,,,,,,F2A-1
f3h-2,0.0,,,,,,286.0,53.27,1.32,1.83,0.26,0.39,0.0,,,,,,F3H-2
f4d_1,0.0,,,,,,0.0,,,,,,0.0,,,,,,F4D-1
f4u-1a_japan,0.0,,,,,,17.0,100.0,1.54,2.0,0.62,1.0,7.0,,,2.57,,0.0,F4U-1A
f4u-4b_vmf_214,0.0,,,,,,8.0,,,1.0,,1.0,0.0,,,,,,F4U-4B_VMF-214
f4u-7,0.0,,,,,,152.0,75.27,0.86,1.14,3.02,3.39,6.0,100.0,2.0,2.0,4.0,4.0,F4U-7
f7f3,0.0,,,,,,63.0,41.02,0.39,0.73,1.38,2.44,0.0,,,,,,F7F-3
f9f-5,0.0,,,,,,1.0,,,1.0,,2.0,0.0,,,,,,F9F-5
uk_falcon,0.0,,,,,,333.0,51.72,0.58,0.45,1.75,1.43,5.0,,,,,,Falcon
fr_fcm_36,0.0,,,,,,5.0,,,0.0,,1.0,0.0,,,,,,FCM.36
ffa_p16,0.0,,,,,,0.0,,,,,,0.0,,,,,,FFA_P-16
it_fiat_6614_106sr,0.0,,,,,,301.0,71.04,0.0,0.0,2.59,1.81,5.0,100.0,0.0,0.0,2.0,2.0,FIAT_6614
it_fiat_6616_ub,1.0,,,0.0,,1.0,12.0,100.0,0.0,0.0,1.0,1.0,0.0,,,,,,FIAT_6616UB
firebrand_tf4,0.0,,,,,,84.0,68.42,0.0,0.0,1.04,0.86,0.0,,,,,,Firebrand_TF_Mk_IV
b_48_firecrest,0.0,,,,,,13.0,,,,,,0.0,,,,,,Firecrest
it_fiat_6614_firos,0.0,,,,,,10.0,,,0.0,,1.0,0.0,,,,,,FIROS_6
fj_4b,0.0,,,,,,4.0,100.0,0.0,0.0,1.0,1.0,0.0,,,,,,FJ-4B
fj_4b_agm_12b,0.0,,,,,,21.0,,,,,,0.0,,,,,,FJ-4B_VMF-232
germ_flakpanzer_38t_Gepard,0.0,,,,,,27.0,100.0,1.0,1.0,3.25,3.25,0.0,,,,,,Flakpanzer_38
germ_flarakrad,0.0,,,,,,64.0,50.0,2.0,0.72,0.0,0.0,0.0,,,,,,FlaRakRad
fr_1_fireball,0.0,,,,,,162.0,61.88,0.22,0.17,1.13,0.82,21.0,100.0,0.0,0.0,3.0,2.25,FR-1_Fireball
it_freccia_hitfist_ows,0.0,,,,,,210.0,59.67,0.01,0.01,2.1,1.37,0.0,,,,,,Freccia_OWS_30
fr_samp_t_launcher,,,,,,,,,,,,,,,,,,,FSAF_SAMP/T_(Mamba)_(СОУ)
fr_samp_t_fcs,0.0,,,,,,30.0,100.0,1.0,2.0,0.0,0.0,0.0,,,,,,FSAF_SAMP/T_(Mamba)_(СОЦ)
it_samp_t_fcs,0.0,,,,,,0.0,,,,,,0.0,,,,,,FSAF_SAMP/T_(СОЦ)
fury_mk1,0.0,,,,,,0.0,,,,,,0.0,,,,,,Fury_Mk_I
uk_fv4005,0.0,,,,,,118.0,41.67,0.0,0.0,1.99,1.23,0.0,,,,,,FV4005
fw-189a-1,0.0,,,,,,0.0,,,,,,0.0,,,,,,Fw_189_A-1
fw-190a-5_japan,0.0,,,,,,37.0,100.0,0.4,0.62,1.4,1.15,0.0,,,,,,Fw_190_A-5
fw-190a-8_usa,0.0,,,,,,4.0,100.0,1.0,,1.0,,0.0,,,,,,Fw_190_A-8
fw-190c,0.0,,,,,,0.0,,,,,,0.0,,,,,,Fw_190_C
fw-190d-12,0.0,,,,,,34.0,,,1.0,,1.0,0.0,,,,,,Fw_190_D-12
fw-190d-13,0.0,,,,,,73.0,50.0,1.83,0.8,1.33,1.2,0.0,,,,,,Fw_190_D-13
fw-190d-9_ussr,0.0,,,,,,16.0,50.0,1.5,,0.0,,0.0,,,,,,Fw_190_D-9
fw_200c_1,0.0,,,,,,2.0,,,,,,0.0,,,,,,Fw_200_C-1
fw_189c_0,0.0,,,,,,0.0,,,,,,0.0,,,,,,Fw_189_C
fiat_g50_seria7as_italy,0.0,,,,,,0.0,,,,,,0.0,,,,,,G.50_AS_serie_7
fiat_g50_seria7as,0.0,,,,,,0.0,,,,,,0.0,,,,,,G.50_AS_serie_7
fiat_g50_seria2,0.0,,,,,,0.0,,,,,,0.0,,,,,,G.50_serie_2
fiat_g50_seria2_italy,0.0,,,,,,0.0,,,,,,0.0,,,,,,G.50_serie_2
g_55_serie1_ss0,0.0,,,,,,20.0,100.0,0.0,0.0,0.0,0.0,0.0,,,,,,G.55_sottoserie_0
g_55s,0.0,,,,,,94.0,61.02,1.19,1.87,0.71,0.97,0.0,,,,,,G.55S
g_56,0.0,,,,,,29.0,96.88,0.75,0.41,0.25,0.16,0.0,,,,,,G.56
fiat_g91_ps,1.0,,,,,,4.0,100.0,1.0,1.0,0.0,0.0,0.0,,,,,,G.91_pre-serie
fiat_g91_r1,0.0,,,,,,16.0,100.0,0.0,0.0,0.0,0.0,0.0,,,,,,G.91_R/1
fiat_g91_r4,0.0,,,,,,6.0,,,,,,5.0,,,2.0,,0.0,G.91_R/4
g4m1,0.0,,,,,,0.0,,,,,,0.0,,,,,,G4M1
g5n1,0.0,,,,,,16.0,,,,,,0.0,,,,,,G5N1
g8n1,0.0,,,,,,134.0,50.0,1.13,1.45,0.08,0.13,0.0,,,,,,G8N1
f3f-2_galer,0.0,,,,,,0.0,,,,,,0.0,,,,,,Galer's_F3F-2
germ_garford_putilov,0.0,,,,,,0.0,,,,,,0.0,,,,,,Garford-Beute
ussr_gaz_4m,0.0,,,,,,11.0,,,,,,0.0,,,,,,GAZ-AAA_(4M)
ussr_gaz_dshk,0.0,,,,,,0.0,,,,,,0.0,,,,,,GAZ-AAA_(DShK)
ussr_gaz_mm_72k,0.0,,,,,,18.0,0.0,0.0,0.0,5.3,4.33,0.0,,,,,,GAZ-MM_(72-K)
uk_vickers_gbt_155,0.0,,,,,,6.0,100.0,0.0,0.0,2.0,0.4,0.0,,,,,,GBT_155
il_m113a1_tow,0.0,,,,,,65.0,62.5,0.0,0.0,2.29,2.26,0.0,,,,,,Giraf
gladiator_mk1_belgium,0.0,,,,,,0.0,,,,,,0.0,,,,,,Gladiator_Mk_I
gladiator_mk2_france,0.0,,,,,,0.0,,,,,,0.0,,,,,,Gladiator_Mk_IIF
gladiator_mk2_silver,0.0,,,,,,0.0,,,,,,0.0,,,,,,Gladiator_Mk_IIS
uk_mk1_grant,0.0,,,,,,0.0,,,,,,0.0,,,,,,Grant_I
il_28_china,0.0,,,,,,0.0,,,,,,0.0,,,,,,H-5
h-75a-1_france,0.0,,,,,,0.0,,,,,,0.0,,,,,,H-75A-1
p-40c_china,0.0,,,,,,0.0,,,,,,0.0,,,,,,H-81A-2
fr_hotchkiss_h35,0.0,,,,,,0.0,,,,,,0.0,,,,,,H.35
fr_hotchkiss_h39,0.0,,,,,,0.0,,,,,,0.0,,,,,,H.39
fr_hotchkiss_h39_cambronne,0.0,,,,,,0.0,,,,,,0.0,,,,,,"H.39_""Cambronne"""
hp_12,0.0,,,,,,0.0,,,,,,0.0,,,,,,H.P.12
h6k4,0.0,,,,,,0.0,,,,,,0.0,,,,,,H6K4
h8k2,0.0,,,,,,0.0,,,,,,0.0,,,,,,H8K2
h8k3,0.0,,,,,,0.0,,,,,,0.0,,,,,,H8K3
jp_type_95_ha_go_commander,0.0,,,,,,6.0,,,0.0,,1.0,0.0,,,,,,Ha-Go_Commander
a5m4_hagiri,0.0,,,,,,0.0,,,,,,0.0,,,,,,Hagiri's_A5M4
hp52_hampden_mk1_late,0.0,,,,,,0.0,,,,,,0.0,,,,,,Hampden_Mk_I
hp52_hampden_tbmk1,0.0,,,,,,0.0,,,,,,0.0,,,,,,Hampden_TB_Mk_I
hp52_hampden_tbmk1_ussr_utk1,0.0,,,,,,0.0,,,,,,0.0,,,,,,Hampden_TB_Mk_I
harrier_gr1,0.0,,,,,,37.0,50.0,0.0,0.0,0.69,1.38,0.0,,,,,,Harrier_GR.1
harrier_gr3,0.0,,,,,,22.0,31.25,0.69,0.65,1.0,1.0,0.0,,,,,,Harrier_GR.3
harrier_gr7,0.0,,,,,,0.0,,,,,,3.0,,,,,,Harrier_GR.7
harrier_t10,0.0,,,,,,40.0,,,0.0,,1.92,0.0,,,,,,Harrier_T.10
intruder_mk_1,0.0,,,,,,0.0,,,,,,0.0,,,,,,Havoc_Mk_I
hawk_200,0.0,,,,,,0.0,,,,,,0.0,,,,,,Hawk_200
hawk_200_rda,0.0,,,,,,0.0,,,,,,0.0,,,,,,Hawk_200_RDA
h-75a-2_finland,0.0,,,,,,0.0,,,,,,0.0,,,,,,Hawk_H-75A-2
hawk_iii,0.0,,,,,,0.0,,,,,,0.0,,,,,,Hawk_III
he-111h-16_winter,0.0,,,,,,92.0,21.93,0.0,0.0,1.03,0.97,0.0,,,,,,He_111_H-16
he_112b_1_italy,0.0,,,,,,0.0,,,,,,0.0,,,,,,He_112_B-1/U2
he_112b_1,0.0,,,,,,0.0,,,,,,0.0,,,,,,He_112_B-1/U2
he_112b_2,0.0,,,,,,0.0,,,,,,0.0,,,,,,He_112_B-2/U2
he_115c_1,0.0,,,,,,0.0,,,,,,0.0,,,,,,He_115_C-1
he-162a-1,0.0,,,,,,0.0,,,,,,0.0,,,,,,He_162_A-1
he-177a-3,0.0,,,,,,0.0,,,,,,0.0,,,,,,He_177_A-3
he-177a-5,0.0,,,,,,0.0,,,,,,0.0,,,,,,He_177_A-5
he_219a_7,0.0,,,,,,40.0,15.76,1.0,1.0,2.77,2.77,0.0,,,,,,He_219_A-7
he51b_2w,0.0,,,,,,0.0,,,,,,0.0,,,,,,He_51_B-2/H
jp_pzkpfw_VI_ausf_e_tiger,0.0,,,,,,29.0,91.67,0.0,0.0,4.29,4.29,0.0,,,,,,Heavy_Tank_No.6
marut_mk1,0.0,,,,,,18.0,,,3.0,,5.11,0.0,,,,,,HF-24
go229_v3,0.0,,,,,,78.0,43.86,1.05,1.47,2.74,4.47,0.0,,,,,,Ho_229_V3
jp_type_3_ho_ni_III,0.0,,,,,,35.0,100.0,0.0,0.0,4.67,2.0,0.0,,,,,,Ho-Ni_III
hornet_mk1,0.0,,,,,,0.0,,,,,,0.0,,,,,,Hornet_Mk.I
hornet_mk3,0.0,,,,,,4.0,,,,,,0.0,,,,,,Hornet_Mk.III
cn_hq_11,0.0,,,,,,19.0,0.0,1.0,1.0,0.0,0.0,0.0,,,,,,HQ11
cn_hq_17,0.0,,,,,,0.0,,,,,,0.0,,,,,,HQ17
hs-123a-1,0.0,,,,,,0.0,,,,,,0.0,,,,,,Hs_123_A-1
hs-129b-2,0.0,,,,,,0.0,,,,,,0.0,,,,,,Hs_129_B-2
hs-129b-2_romania_italy,0.0,,,,,,23.0,0.0,0.6,0.6,5.6,5.6,0.0,,,,,,Hs_129_B-2_(Romania)
hs-129b-2_romania,0.0,,,,,,4.0,100.0,2.0,2.0,2.0,2.0,0.0,,,,,,Hs_129_B-2_(Romania)
us_hstv_l,0.0,,,,,,1841.0,54.39,0.02,0.0,1.6,1.3,20.0,,,0.0,,0.58,HSTV-L
hudson_mk_v,0.0,,,,,,0.0,,,,,,0.0,,,,,,Hudson_Mk_V
hunter_f6,0.0,,,,,,67.0,85.71,2.29,3.72,1.47,2.22,0.0,,,,,,Hunter_F.6
hunter_f9_rhodesia,0.0,,,,,,21.0,100.0,2.2,,0.0,,0.0,,,,,,Hunter_FGA.9
hurricane_mk1,0.0,,,,,,0.0,,,,,,0.0,,,,,,Hurricane_Mk_I/L
hurricane_mk1_late_ep,0.0,,,,,,0.0,,,,,,0.0,,,,,,Hurricane_Mk.I/L_FAA_M
i-15_1935_moscow,0.0,,,,,,0.0,,,,,,0.0,,,,,,I-15_M-25
i-153p,0.0,,,,,,92.0,82.69,5.58,16.47,0.43,1.59,0.0,,,,,,I-153P
i-15bis,0.0,,,,,,9.0,,,0.0,,0.0,0.0,,,,,,I-15bis
i-16_type10,0.0,,,,,,0.0,,,,,,0.0,,,,,,I-16_type_10
i-16_type28,0.0,,,,,,0.0,,,,,,0.0,,,,,,I-16_type_28
i-16_type5,0.0,,,,,,66.0,100.0,6.83,10.52,1.6,2.38,0.0,,,,,,I-16_type_5
lagg-i-301,0.0,,,,,,0.0,,,,,,0.0,,,,,,I-301
gladiator_j8a_iacobi,0.0,,,,,,25.0,100.0,0.0,0.0,0.0,0.0,0.0,,,,,,Iacobi's_J8A
iar_93b,0.0,,,,,,2.0,0.0,1.5,1.5,3.0,3.0,0.0,,,,,,IAR-93B
jp_icv_ifv_prototype,0.0,,,,,,199.0,58.53,0.0,0.0,1.47,1.25,0.0,,,,,,ICV_(P)
il_2_37_1943,0.0,,,,,,0.0,,,,,,0.0,,,,,,IL-2-37
il-4,0.0,,,,,,0.0,,,,,,0.0,,,,,,IL-4
us_mim_72_chaparral,0.0,,,,,,52.0,100.0,1.13,0.99,0.0,0.0,0.0,,,,,,Imp.Chaparral
uk_a1e1_independent,0.0,,,,,,0.0,,,,,,0.0,,,,,,Independent
germ_iris_slm_launcher,,,,,,,,,,,,,,,,,,,IRIS-T_SLM_(СОУ)
germ_iris_slm_fcs,0.0,,,,,,230.0,41.2,2.69,2.04,0.0,0.0,0.0,,,,,,IRIS-T_SLM_(СОЦ)
ussr_is_2_1944_revenge,0.0,,,,,,83.0,100.0,0.0,0.0,6.89,2.85,0.0,,,,,,"IS-2_""Revenge"""
it_semovente_m43_75_bersaglieri,,,,,,,,,,,,,,,,,,,it_semovente_m43_75_bersaglieri
sw_crotale_ng,0.0,,,,,,23.0,0.0,1.0,0.35,0.0,0.0,0.0,,,,,,ItO_90M
j_10a,0.0,,,,,,147.0,72.02,1.45,2.23,0.06,0.07,0.0,,,,,,J-10A
j_10c,0.0,,,,,,31.0,100.0,3.03,3.03,1.5,1.5,0.0,,,,,,J-10C
j_11,0.0,,,,,,0.0,,,,,,0.0,,,,,,J-11
j_11a,0.0,,,,,,14.0,100.0,3.0,,0.0,,0.0,,,,,,J-11A
j_11b,0.0,,,,,,12.0,83.33,2.33,2.14,0.0,0.0,0.0,,,,,,J-11B
j_15t,0.0,,,,,,142.0,56.0,1.32,2.07,0.08,0.12,5.0,,,1.0,,0.0,J-15T
j_22m1a,0.0,,,,,,234.0,52.83,0.02,0.04,2.7,5.36,2.0,,,,,,J-22M1A
mig-17_china,0.0,,,,,,9.0,100.0,4.0,4.0,1.0,1.0,0.0,,,,,,J-4
j_7_mk2,0.0,,,,,,0.0,,,,,,0.0,,,,,,J-7II
j_8f,0.0,,,,,,0.0,,,,,,0.0,,,,,,J-8F
saab_j21ra,0.0,,,,,,52.0,64.82,1.0,1.0,0.27,0.27,0.0,,,,,,J21RA
p-51b_7_sweden,0.0,,,,,,33.0,,,1.0,,1.89,0.0,,,,,,J26_David
saab_j29d,0.0,,,,,,2.0,50.0,0.5,1.0,11.5,23.0,0.0,,,,,,J29D
j2m3,0.0,,,,,,231.0,52.59,0.93,1.07,0.3,0.35,0.0,,,,,,J2M3
j2m4_kai,0.0,,,,,,0.0,,,,,,0.0,,,,,,J2M4_Kai
j2m5,0.0,,,,,,0.0,,,,,,0.0,,,,,,J2M5
saab_j32b,0.0,,,,,,26.0,50.0,1.0,1.0,0.0,0.0,0.0,,,,,,J32B
hunter_f50_sweden,0.0,,,,,,0.0,,,,,,25.0,,,0.0,,0.0,J34
saab_j35a,0.0,,,,,,61.0,51.93,2.02,3.3,0.1,0.16,42.0,,,5.19,,0.0,J35A
saab_j35d,0.0,,,,,,0.0,,,,,,5.0,,,2.6,,0.0,J35D
j5n1,0.0,,,,,,75.0,,,1.0,,0.61,0.0,,,,,,J5N1
j7w1,0.0,,,,,,413.0,78.39,0.78,0.7,2.56,2.3,0.0,,,,,,J7W1
j9_early,0.0,,,,,,10.0,50.0,0.0,0.0,0.0,0.0,0.0,,,,,,J9_Early
saab_ja37,0.0,,,,,,238.0,65.6,1.8,2.63,0.09,0.16,17.0,,,1.0,,0.0,JA37C
saab_ja37d,0.0,,,,,,38.0,50.0,1.82,1.82,0.5,0.5,0.0,,,,,,JA37D
saab_ja37di,0.0,,,,,,0.0,,,,,,0.0,,,,,,JA37DI
saab_ja37di_f21,0.0,,,,,,126.0,68.42,1.36,1.2,0.09,0.1,27.0,,,1.1,,0.0,JA37DI_F21
germ_jaguar_2,0.0,,,,,,53.0,3.57,0.0,0.0,0.41,0.33,0.0,,,,,,Jaguar_2
jaguar_a,0.0,,,,,,0.0,,,,,,0.0,,,,,,Jaguar_A
jaguar_e,0.0,,,,,,20.0,50.0,0.5,1.0,2.0,4.0,0.0,,,,,,Jaguar_E
jaguar_gr1,0.0,,,,,,12.0,,,,,,0.0,,,,,,Jaguar_GR.1
jaguar_is,0.0,,,,,,100.0,42.15,0.2,0.28,0.63,0.94,0.0,,,,,,Jaguar_IS
germ_sk105_a2,0.0,,,,,,68.0,30.0,0.0,0.0,5.2,2.14,0.0,,,,,,JaPz.K_A2
saab_jas39a,0.0,,,,,,25.0,50.0,1.3,0.29,0.3,0.84,3.0,,,1.0,,0.0,JAS39A
saab_jas39c,0.0,,,,,,77.0,46.77,2.05,2.18,0.21,0.21,16.0,,,2.0,,1.0,JAS39C
saab_jas39c_thailand,0.0,,,,,,174.0,59.0,1.04,0.98,0.25,0.19,0.0,,,,,,JAS39C
saab_jas39e,0.0,,,,,,218.0,51.77,1.18,1.48,1.14,1.58,2.0,,,1.0,,0.0,JAS39E
javelin_fmk9,0.0,,,,,,118.0,38.0,1.6,1.96,1.5,1.85,0.0,,,,,,Javelin_F.(A.W.)_Mk.9
jh_7a,0.0,,,,,,0.0,,,,,,0.0,,,,,,JH-7A
jh_7a_prototype,0.0,,,,,,12.0,,,,,,0.0,,,,,,JH-7A_Prototype
jh_7a2,0.0,,,,,,16.0,100.0,1.0,1.0,0.0,0.0,0.0,,,,,,JH-7A2
ju-188a-2,0.0,,,,,,0.0,,,,,,0.0,,,,,,Ju_188_A-2
ju-288c,0.0,,,,,,97.0,34.76,0.33,0.44,0.63,0.88,4.0,50.0,0.0,0.0,1.38,2.75,Ju_288_C
ju-388j,0.0,,,,,,0.0,,,,,,0.0,,,,,,Ju_388_J
ju-87d-3,0.0,,,,,,16.0,50.0,0.0,0.0,0.5,1.0,0.0,,,,,,Ju_87_D-3
ju-87g_1,0.0,,,,,,22.0,,,0.0,,0.0,0.0,,,,,,Ju_87_G-1
ju-87g_2,0.0,,,,,,0.0,,,,,,0.0,,,,,,Ju_87_G-2
ju-87r-2,0.0,,,,,,0.0,,,,,,0.0,,,,,,Ju_87_R-2
ju-87r-2_italy,0.0,,,,,,0.0,,,,,,0.0,,,,,,Ju_87_R-2
ju-87r-2_snake,0.0,,,,,,15.0,50.0,0.0,0.0,0.5,1.0,0.0,,,,,,Ju_87_R-2_Libya
ju-88a-4_finland,0.0,,,,,,15.0,,,0.0,,1.0,0.0,,,,,,Ju_88_A-4
ju-88a-4,0.0,,,,,,0.0,,,,,,0.0,,,,,,Ju_88_A-4
ju-88c-6,0.0,,,,,,0.0,,,,,,0.0,,,,,,Ju_88_C-6
jp_type_2_ka_mi,0.0,,,,,,0.0,,,,,,0.0,,,,,,Ka-Mi
kfir_c2,0.0,,,,,,0.0,,,,,,0.0,,,,,,Kfir_C.2
kfir_c7,0.0,,,,,,14.0,,,,,,0.0,,,,,,Kfir_C.7
kfir_canard,0.0,,,,,,30.0,100.0,2.0,0.09,1.0,0.95,0.0,,,,,,Kfir_Canard
uk_khalid,0.0,,,,,,167.0,39.39,0.0,0.0,3.75,2.29,0.0,,,,,,Khalid
ussr_9p157,0.0,,,,,,70.0,50.0,0.0,0.0,1.44,1.65,0.0,,,,,,Khrizantema-S
ki_10_1,0.0,,,,,,0.0,,,,,,0.0,,,,,,Ki-10-I
ki_10_1_commander,0.0,,,,,,0.0,,,,,,0.0,,,,,,Ki-10-I_C
ki_10_2,0.0,,,,,,9.0,,,0.0,,0.0,0.0,,,,,,Ki-10-II
ki_10_2_commander,0.0,,,,,,0.0,,,,,,0.0,,,,,,Ki-10-II_C
ki_102_otsu,0.0,,,,,,0.0,,,,,,0.0,,,,,,Ki-102_otsu
ki_108,0.0,,,,,,20.0,100.0,0.0,,0.0,,0.0,,,,,,Ki-108_Kai
ki_109,0.0,,,,,,0.0,,,,,,0.0,,,,,,Ki-109
j8m1,0.0,,,,,,1.0,,,,,,0.0,,,,,,Ki-200
ki_21_1hei,0.0,,,,,,0.0,,,,,,0.0,,,,,,Ki-21-I_hei
ki-27_otsu_ep,0.0,,,,,,0.0,,,,,,0.0,,,,,,Ki-27_otsu_Tachiarai
ki_43_2_late,0.0,,,,,,18.0,,,,,,0.0,,,,,,Ki-43-II
ki_44_1,0.0,,,,,,6.0,,,,,,0.0,,,,,,Ki-44-I
ki_44_2_otsu,0.0,,,,,,36.0,100.0,0.0,0.0,2.0,1.0,0.0,,,,,,Ki-44-II_otsu
ki-45_hei,0.0,,,,,,0.0,,,,,,0.0,,,,,,Ki-45_hei
ki-45_otsu,0.0,,,,,,13.0,,,0.0,,0.0,0.0,,,,,,Ki-45_otsu
ki-45_tei,0.0,,,,,,0.0,,,,,,0.0,,,,,,Ki-45_tei
ki_48_2_otsu,0.0,,,,,,0.0,,,,,,0.0,,,,,,Ki-48-II_otsu
ki-49_1,0.0,,,,,,0.0,,,,,,0.0,,,,,,Ki-49-I
ki-49_2a,0.0,,,,,,0.0,,,,,,0.0,,,,,,Ki-49-IIa
ki-49_2b,0.0,,,,,,0.0,,,,,,0.0,,,,,,Ki-49-IIb
ki-49_2b_late,0.0,,,,,,19.0,,,0.0,,0.0,0.0,,,,,,Ki-49-IIb/L
ki_61_1a_tei,0.0,,,,,,59.0,96.74,1.74,3.17,1.95,3.28,0.0,,,,,,Ki-61-I_tei
ki_61_1a_otsu_usa,1.0,,,1.0,,0.0,0.0,,,,,,0.0,,,,,,Ki-61-Ib
ki_67_1_ko,0.0,,,,,,0.0,,,,,,0.0,,,,,,Ki-67-I_Ko
ki_67_1_otsu,0.0,,,,,,1.0,100.0,2.0,,2.0,,0.0,,,,,,Ki-67-I_otsu
ki_84_hei,0.0,,,,,,38.0,50.0,0.63,1.25,0.94,1.88,0.0,,,,,,Ki-84_hei
ki_84_otsu,0.0,,,,,,16.0,100.0,2.0,,1.0,,0.0,,,,,,Ki-84_otsu
ki_87,0.0,,,,,,0.0,,,,,,0.0,,,,,,Ki-87
ki_94_2,0.0,,,,,,0.0,,,,,,0.0,,,,,,Ki-94-II
kitsuka,0.0,,,,,,102.0,99.17,1.35,1.43,2.34,1.86,0.0,,,,,,Kikka
kor_1,,,,,,,,,,,,,,,,,,,KOR-1
f-4e_iaf,0.0,,,,,,97.0,48.49,1.39,1.6,1.31,2.15,0.0,,,,,,Kurnass
f-4e_kurnass_2000,0.0,,,,,,8.0,,,,,,0.0,,,,,,Kurnass_2000
it_l3_cc,0.0,,,,,,0.0,,,,,,0.0,,,,,,L3/33_CC
it_l6,0.0,,,,,,0.0,,,,,,0.0,,,,,,L6/40
it_l6_leone,0.0,,,,,,0.0,,,,,,0.0,,,,,,L6/40_(31_Rgt.)
la-11,0.0,,,,,,0.0,,,,,,0.0,,,,,,La-11
lagg-3-34,0.0,,,,,,0.0,,,,,,0.0,,,,,,LaGG-3-34
lagg-3-4,0.0,,,,,,0.0,,,,,,0.0,,,,,,LaGG-3-4
lancaster_mk1,0.0,,,,,,12.0,,,,,,0.0,,,,,,Lancaster_B_Mk_I
lancaster_mk3,0.0,,,,,,1.0,,,,,,0.0,,,,,,Lancaster_B_Mk_III
lancaster_mr7_france,0.0,,,,,,0.0,,,,,,0.0,,,,,,Lancaster_MR.7
it_lancia3ro_100,0.0,,,,,,0.0,,,,,,0.0,,,,,,Lancia_3Ro_(100/17)
late_298d,0.0,,,,,,0.0,,,,,,0.0,,,,,,Late_298D
fr_leclerc_azur,0.0,,,,,,54.0,30.65,0.0,0.0,2.08,1.64,0.0,,,,,,Leclerc_AZUR
fr_leclerc_sxxi,0.0,,,,,,244.0,67.05,0.0,0.0,3.62,2.55,0.0,,,,,,Leclerc_SXXI
leo_451_early,0.0,,,,,,0.0,,,,,,0.0,,,,,,LeO_451_early
leo_451_late,0.0,,,,,,0.0,,,,,,0.0,,,,,,LeO_451_late
it_leopard_1a2,0.0,,,,,,55.0,93.33,0.0,0.0,0.28,0.74,0.0,,,,,,Leopard_1A2
fr_leopard_2a5nl,0.0,,,,,,128.0,96.77,0.0,0.0,6.31,5.25,0.0,,,,,,Leopard_2A5NL
fr_leopard_2a6nl,0.0,,,,,,9.0,100.0,0.0,0.0,5.0,1.63,0.0,,,,,,Leopard_2A6NL
germ_leopard_2av,0.0,,,,,,118.0,92.57,0.0,0.0,7.0,3.87,0.0,,,,,,Leopard_2AV
jp_leopard_2ri,0.0,,,,,,533.0,64.3,0.0,0.0,2.33,3.16,0.0,,,,,,Leopard_2RI
it_leopard_bofors,0.0,,,,,,74.0,100.0,0.0,0.0,1.5,1.09,0.0,,,,,,Leopard_40/70
uk_vickers_mk_6_aa_mk_1,0.0,,,,,,16.0,,,0.0,,0.0,0.0,,,,,,Light_AA_Mk_I
lightning_f53,0.0,,,,,,4.0,,,1.0,,0.0,0.0,,,,,,Lightning_F.53
lincoln_b2,0.0,,,,,,0.0,,,,,,0.0,,,,,,Lincoln_B_Mk_II
fr_lorraine_155,0.0,,,,,,0.0,,,,,,0.0,,,,,,Lorraine_155_Mle.50
fr_lorraine_37l,0.0,,,,,,0.0,,,,,,0.0,,,,,,Lorraine_37L
us_losat_ccv,0.0,,,,,,165.0,46.15,0.0,0.0,2.6,2.4,0.0,,,,,,LOSAT
sw_lvrbv_701,0.0,,,,,,6.0,,,,,,0.0,,,,,,Lvrbv_701
us_lvt_a_4,0.0,,,,,,0.0,,,,,,0.0,,,,,,LVT(A)(4)
us_lvt_4_zis_2,0.0,,,,,,0.0,,,,,,0.0,,,,,,LVT(A)(4)_(ZIS-2)
fr_lvt_bofors,0.0,,,,,,0.0,,,,,,0.0,,,,,,LVT-4/40
m_346fa,0.0,,,,,,23.0,100.0,1.0,1.0,2.0,2.0,0.0,,,,,,M-346FA
mb_151c1,0.0,,,,,,0.0,,,,,,0.0,,,,,,M.B.151C.1
mb_152c1,0.0,,,,,,0.0,,,,,,0.0,,,,,,M.B.152C1
mb_162,0.0,,,,,,0.0,,,,,,0.0,,,,,,M.B.162
mb_174_a3,0.0,,,,,,0.0,,,,,,0.0,,,,,,M.B.174A-3
mb_175t,0.0,,,,,,0.0,,,,,,0.0,,,,,,M.B.175T
md_452_mystere_2a,0.0,,,,,,32.0,,,1.45,,0.45,0.0,,,,,,M.D.452_IIA
md_452_mystere_2c_preproduction,0.0,,,,,,26.0,50.0,0.0,0.69,0.0,0.69,0.0,,,,,,M.D.452_IIC
us_m109a1,0.0,,,,,,150.0,100.0,0.0,0.0,1.21,0.42,0.0,,,,,,M109A1
us_m1128_mgs,0.0,,,,,,507.0,46.68,0.0,0.0,1.16,1.09,0.0,,,,,,M1128
it_m113a1_tow,0.0,,,,,,92.0,52.27,0.0,0.0,0.99,1.37,0.0,,,,,,M113A1_(TOW)
it_m13_40_serie_2,0.0,,,,,,0.0,,,,,,0.0,,,,,,M13/40_(II)
it_m14_41,0.0,,,,,,0.0,,,,,,0.0,,,,,,M14/41
it_m14_41_47_40,0.0,,,,,,0.0,,,,,,0.0,,,,,,M14/41_(47/40)
it_m15_42,0.0,,,,,,0.0,,,,,,0.0,,,,,,M15/42
us_halftrack_m16,0.0,,,,,,31.0,0.0,1.71,1.08,0.0,0.0,0.0,,,,,,M16_MGMC
us_m163_vulcan,0.0,,,,,,487.0,36.73,0.48,0.52,0.15,0.16,0.0,,,,,,M163
jp_m163_vulcan,0.0,,,,,,282.0,78.05,1.14,1.27,0.19,0.22,0.0,,,,,,M163
jp_m19,0.0,,,,,,348.0,59.57,0.33,0.25,1.0,0.62,0.0,,,,,,M19A1
uk_m1a1_aim_abrams,0.0,,,,,,35.0,100.0,0.0,0.0,4.37,4.37,0.0,,,,,,M1A1
us_m1a1_hc_abrams,0.0,,,,,,415.0,67.19,0.0,0.0,3.61,3.37,0.0,,,,,,M1A1_HC
uk_m1a2_sep3_abrams,0.0,,,,,,655.0,61.27,0.06,0.05,3.29,3.17,0.0,,,,,,M1A2
us_m2_medium,0.0,,,,,,13.0,,,0.0,,0.0,0.0,,,,,,M2
us_m2a2,0.0,,,,,,0.0,,,,,,0.0,,,,,,M2A2
ussr_m3c,0.0,,,,,,0.0,,,,,,0.0,,,,,,M3_Medium
us_m3a1_stuart_usmc,0.0,,,,,,9.0,,,0.0,,1.25,0.0,,,,,,M3A1_(USMC)
us_m3a3_bradley,0.0,,,,,,337.0,25.28,0.0,0.0,0.74,0.53,0.0,,,,,,M3A3_Bradley
jp_m41_walker_bulldog,0.0,,,,,,621.0,59.54,0.0,0.0,1.76,1.32,0.0,,,,,,M41A1
cn_m_41d,0.0,,,,,,115.0,82.82,0.0,0.0,1.54,1.21,0.0,,,,,,M41D
fr_m44,0.0,,,,,,107.0,48.61,0.0,0.0,2.97,3.02,0.0,,,,,,M44
it_m44,0.0,,,,,,144.0,68.82,0.0,0.0,2.11,1.71,0.0,,,,,,M44
fr_m46_patton,0.0,,,,,,58.0,100.0,0.0,0.0,10.0,2.39,0.0,,,,,,M46
us_m47_patton_II,0.0,,,,,,365.0,54.96,0.0,0.0,1.76,1.32,5.0,,,0.0,,0.0,M47
it_m47_105,0.0,,,,,,21.0,50.0,0.0,0.0,2.5,2.65,0.0,,,,,,M47_(105/55)
us_m4a2_1944,,,,,,,,,,,,,,,,,,,M4A2_(1944)
us_m4a3_105_sherman,0.0,,,,,,80.0,0.0,0.0,0.0,7.06,2.85,0.0,,,,,,M4A3_(105)
fr_m4a3e2_sherman_jumbo,0.0,,,,,,85.0,100.0,0.0,0.0,5.29,2.67,0.0,,,,,,M4A3E2
fr_m55,0.0,,,,,,29.0,,,0.0,,0.0,0.0,,,,,,M55
us_m551_76,0.0,,,,,,190.0,72.03,0.0,0.0,3.62,2.1,0.0,,,,,,M551(76)
us_m5a1_stuart_td,0.0,,,,,,0.0,,,,,,0.0,,,,,,M5A1_TD
it_m60a1_ariete,0.0,,,,,,22.0,95.83,0.0,0.0,3.04,2.94,0.0,,,,,,"M60A1_""D.C.Ariete"""
us_m60a1_rise_mod,0.0,,,,,,109.0,61.51,0.0,0.0,3.45,1.95,0.0,,,,,,M60A1_Predator
us_m728,0.0,,,,,,4.0,50.0,0.0,0.0,1.0,2.0,0.0,,,,,,M728_CEV
us_m8_greyhound,0.0,,,,,,0.0,,,,,,0.0,,,,,,M8_LAC
us_m901_itv,0.0,,,,,,93.0,43.48,0.0,0.0,2.21,2.23,0.0,,,,,,M901
us_magach_3,0.0,,,,,,8.0,,,,,,0.0,,,,,,Magach_3_(ERA)
il_magach_3,0.0,,,,,,0.0,,,,,,0.0,,,,,,Magach_3_(ERA)
il_magach_6r,0.0,,,,,,88.0,78.23,0.0,0.0,1.89,2.05,0.0,,,,,,Magach_6R
fiat_cr42_marcolin,0.0,,,,,,0.0,,,,,,0.0,,,,,,Marcolin's_C.R.42_CN
fiat_cr42_marcolin_italy,0.0,,,,,,0.0,,,,,,0.0,,,,,,Marcolin's_C.R.42_CN
uk_mark_v,0.0,,,,,,0.0,,,,,,0.0,,,,,,Mark_V
fr_mars_15,0.0,,,,,,113.0,45.55,0.0,0.0,1.69,1.16,0.0,,,,,,MARS_15
martin_139wc,0.0,,,,,,0.0,,,,,,0.0,,,,,,Martin_139WC
f4f-4_martlet_mk4,0.0,,,,,,0.0,,,,,,0.0,,,,,,Martlet_Mk_IV
mb_326b,0.0,,,,,,25.0,100.0,0.4,1.0,3.63,7.75,72.0,74.07,0.46,0.85,4.09,6.76,MB-326B
mb_5,0.0,,,,,,140.0,85.61,3.27,9.45,1.24,2.98,0.0,,,,,,MB.5
mbr-2,0.0,,,,,,0.0,,,,,,0.0,,,,,,MBR-2-M-34
me-163b,0.0,,,,,,30.0,,,1.0,,0.0,0.0,,,,,,Me_163_B
me-163b-0,0.0,,,,,,0.0,,,,,,0.0,,,,,,Me_163_B-0
me_210_v22_japan,0.0,,,,,,0.0,,,,,,0.0,,,,,,Me_210_V22
me-262a-1a,0.0,,,,,,34.0,0.0,0.0,0.0,0.0,0.0,0.0,,,,,,Me_262_A-1a
me-262a-1a_early,0.0,,,,,,15.0,,,,,,0.0,,,,,,Me_262_A-1a/Jabo
me-262a1_u1,0.0,,,,,,210.0,30.34,0.39,0.38,0.59,0.56,0.0,,,,,,Me_262_A-1a/U1
me-262a-2a,0.0,,,,,,86.0,85.9,3.15,6.64,1.37,2.86,0.0,,,,,,Me_262_A-2a
me-262c-1a,0.0,,,,,,0.0,,,,,,0.0,,,,,,Me_262_C-1a
me-262c-2b,0.0,,,,,,3.0,,,,,,0.0,,,,,,Me_262_C-2b
me-410a-1_u4,0.0,,,,,,15.0,,,0.0,,0.48,0.0,,,,,,Me_410_A-1/U4
me-410b-6_r3,0.0,,,,,,7.0,,,0.0,,4.33,0.0,,,,,,Me_410_B-6/R3
us_merkava_mk_1,0.0,,,,,,26.0,50.0,0.0,0.0,1.54,2.93,0.0,,,,,,Merkava_Mk.1
us_merkava_mk_2b_late,0.0,,,,,,11.0,0.0,0.0,0.0,2.0,1.27,0.0,,,,,,Merkava_Mk.2B
il_merkava_mk_3c,0.0,,,,,,197.0,58.62,0.0,0.0,2.09,1.85,0.0,,,,,,Merkava_Mk.3C
us_merkava_mk_3d,0.0,,,,,,1.0,50.0,0.0,0.0,1.0,2.0,0.0,,,,,,Merkava_Mk.3D
il_merkava_mk_4m,0.0,,,,,,348.0,78.48,0.04,0.04,5.35,5.55,0.0,,,,,,Merkava_Mk.4M
meteor_fmk3,0.0,,,,,,59.0,85.42,0.13,0.14,1.38,1.08,0.0,,,,,,Meteor_F_Mk_3
meteor_fmk4_lw,0.0,,,,,,111.0,91.67,1.8,1.09,0.18,0.09,0.0,,,,,,Meteor_F_Mk_4_G.41F
meteor_fmk4_sw,0.0,,,,,,12.0,100.0,5.5,11.0,0.0,0.0,0.0,,,,,,Meteor_F_Mk_4_G.41G
meteor_fmk8,0.0,,,,,,23.0,100.0,0.0,,0.0,,0.0,,,,,,Meteor_F_Mk_8_G.41K
meteor_fmk8_belgium,0.0,,,,,,12.0,100.0,1.1,,2.1,,0.0,,,,,,Meteor_F_Mk.8
meteor_fmk8_reaper,0.0,,,,,,98.0,66.67,2.64,3.92,2.28,3.46,0.0,,,,,,Meteor_F_Mk.8_Reaper
mig-15_ns23,0.0,,,,,,106.0,59.36,1.79,2.65,0.23,0.3,0.0,,,,,,MiG-15
mig-15bis_ish,0.0,,,,,,91.0,82.44,0.1,0.09,2.68,2.45,0.0,,,,,,MiG-15bis_ISH
mig-21_bison,0.0,,,,,,182.0,62.99,1.58,1.53,0.04,0.05,3.0,,,1.0,,0.0,MiG-21_Bison
mig_21_bis_finland,0.0,,,,,,79.0,50.0,0.66,1.02,0.0,0.0,0.0,,,,,,MiG-21bis
mig_29_9_12_sniper,0.0,,,,,,189.0,53.51,2.11,1.45,0.06,0.05,13.0,,,1.91,,0.0,MiG-29_Sniper
mig_29n,0.0,,,,,,50.0,90.16,1.53,1.71,0.06,0.09,0.0,,,,,,MiG-29N
mig-9,0.0,,,,,,21.0,0.0,2.0,2.0,0.88,0.88,0.0,,,,,,MiG-9
mig-9_ussr,0.0,,,,,,17.0,100.0,2.0,2.0,0.0,0.0,0.0,,,,,,MiG-9_(l)
mirage_milan,0.0,,,,,,22.0,70.51,0.41,0.69,0.87,1.31,0.0,,,,,,Milan
mirage_2000_5f,0.0,,,,,,203.0,55.97,1.63,1.68,0.06,0.06,9.0,,,0.0,,0.0,Mirage_2000-5F
mirage_2000c_s5,0.0,,,,,,74.0,60.19,2.38,4.08,0.82,1.39,0.0,,,,,,Mirage_2000C-S5
mirage_2000d_r1,0.0,,,,,,0.0,,,,,,0.0,,,,,,Mirage_2000D-R1
mirage_2000d_rmv,0.0,,,,,,13.0,,,,,,14.0,,,0.0,,0.0,Mirage_2000D-RMV
mirage_5ba,0.0,,,,,,0.0,,,,,,0.0,,,,,,Mirage_5BA
mirage_f1c,0.0,,,,,,9.0,100.0,3.0,1.5,0.0,0.0,0.0,,,,,,Mirage_F1C
mirage_f1c_200,0.0,,,,,,512.0,54.72,1.11,0.99,0.15,0.13,43.0,,,2.17,,0.0,Mirage_F1C-200
mirage_f1ct,0.0,,,,,,0.0,,,,,,4.0,,,2.0,,0.0,Mirage_F1CT
mirage_3e,0.0,,,,,,56.0,63.89,1.61,1.92,0.0,0.0,0.0,,,,,,Mirage_IIIE
ussr_a_12_mk_2_matilda_2A_F96,0.0,,,,,,0.0,,,,,,0.0,,,,,,MK-II_«Matilda»
germ_mkpz_m47,0.0,,,,,,0.0,,,,,,0.0,,,,,,mKPz_M47_G
mosquito_fb_mk6,0.0,,,,,,11.0,100.0,4.0,,0.0,,0.0,,,,,,Mosquito_FB_Mk_VI
mosquito_fb_mk18,0.0,,,,,,0.0,,,,,,0.0,,,,,,Mosquito_FB_Mk_XVIII
mosquito_fb_mk26_china,0.0,,,,,,45.0,60.87,2.63,,1.7,,0.0,,,,,,Mosquito_FB.Mk.26
mosquito_tr_mk33,0.0,,,,,,0.0,,,,,,0.0,,,,,,Mosquito_TR.Mk.33
mosquito_b_mk16,0.0,,,,,,0.0,,,,,,0.0,,,,,,Mosquito_B.Mk.XVI
mosquito_nf_mk2,0.0,,,,,,2.0,100.0,5.0,,1.0,,0.0,,,,,,Mosquito_NF.Mk.II
p-51b,0.0,,,,,,70.0,58.77,1.78,1.56,0.97,0.68,81.0,50.0,8.1,6.32,0.3,0.72,Mustang_Mk_IA
md_454_mystere_4a,0.0,,,,,,0.0,,,,,,0.0,,,,,,Mystere_IVA
nc_223_3,0.0,,,,,,0.0,,,,,,0.0,,,,,,N.C.223.3
n1k1_kyuofu,0.0,,,,,,25.0,,,,,,0.0,,,,,,N1K1
n1k2_j,0.0,,,,,,27.0,100.0,1.19,1.09,1.9,1.83,0.0,,,,,,N1K2-J
il_namer_tsrikhon,0.0,,,,,,75.0,69.17,0.0,0.0,1.48,2.48,0.0,,,,,,Namer_Tsrikhon
sw_nasams_fcs,0.0,,,,,,66.0,60.61,1.46,1.55,0.0,0.0,0.0,,,,,,NASAMS_3_(СОЦ)
us_nasams_fcs,0.0,,,,,,295.0,53.31,1.76,1.42,0.0,0.0,0.0,,,,,,NASAMS_3_(СОЦ)
fw-190a-8_france,0.0,,,,,,0.0,,,,,,0.0,,,,,,NC.900
nesher,0.0,,,,,,0.0,,,,,,0.0,,,,,,Nesher
f_16a_block_10_iaf,0.0,,,,,,0.0,,,,,,0.0,,,,,,Netz
f_16a_block_10_netz_mod,0.0,,,,,,13.0,100.0,1.0,0.83,2.0,0.17,50.0,,,0.0,,4.0,Netz_(Mod)
nimrod_mk1,0.0,,,,,,0.0,,,,,,0.0,,,,,,Nimrod_Mk_I
nimrod_mk2,0.0,,,,,,0.0,,,,,,0.0,,,,,,Nimrod_Mk_II
sw_nomads,0.0,,,,,,8.0,0.0,2.0,2.0,0.0,0.0,0.0,,,,,,NOMADS
ussr_object_140,0.0,,,,,,235.0,64.06,0.0,0.0,5.22,2.6,0.0,,,,,,Object_140
ussr_object_292,0.0,,,,,,519.0,50.09,0.0,0.0,3.76,2.81,0.0,,,,,,Object_292
ussr_object_775,0.0,,,,,,426.0,43.19,0.0,0.0,1.7,1.34,0.0,,,,,,Object_775
uk_olifant_mk_1a,0.0,,,,,,355.0,56.85,0.03,0.03,3.38,3.4,0.0,,,,,,Olifant_Mk.1A
uk_olifant_mk_2,0.0,,,,,,172.0,77.68,0.0,0.0,3.84,2.79,0.0,,,,,,Olifant_Mk.2
cn_oplot_t,0.0,,,,,,207.0,65.18,0.0,0.0,2.42,1.74,3.0,,,0.0,,1.0,Oplot-M
os2u_1,0.0,,,,,,0.0,,,,,,0.0,,,,,,OS2U-1
os2u_3,0.0,,,,,,0.0,,,,,,0.0,,,,,,OS2U-3
uk_9a33bm2,0.0,,,,,,6.0,0.0,1.0,1.0,0.0,0.0,0.0,,,,,,Osa-AK
it_9a33bm3,0.0,,,,,,0.0,,,,,,0.0,,,,,,Osa-AKM
it_otomatic,0.0,,,,,,45.0,65.0,0.55,1.0,1.35,1.71,0.0,,,,,,OTOMATIC
p-26a_34,0.0,,,,,,0.0,,,,,,0.0,,,,,,P-26A-34
p-36c,0.0,,,,,,0.0,,,,,,0.0,,,,,,P-36C
p-38g,0.0,,,,,,0.0,,,,,,0.0,,,,,,P-38G-1
p-38k,0.0,,,,,,0.0,,,,,,0.0,,,,,,P-38K
p-39k_1,0.0,,,,,,0.0,,,,,,0.0,,,,,,P-39K-1
p-39q_15,0.0,,,,,,0.0,,,,,,0.0,,,,,,P-39Q-15
p-39q_5,0.0,,,,,,12.0,100.0,0.83,0.83,1.33,1.33,0.0,,,,,,P-39Q-5
p-40c,0.0,,,,,,0.0,,,,,,0.0,,,,,,P-40C
p-40e_td,0.0,,,,,,11.0,100.0,1.0,1.0,1.0,1.0,0.0,,,,,,P-40E-1_TD
p-43a-1,0.0,,,,,,0.0,,,,,,0.0,,,,,,P-43A-1
p-47d_luftwaffe,0.0,,,,,,16.0,,,,,,0.0,,,,,,P-47D
p-51a_tl,0.0,,,,,,1.0,,,0.0,,1.0,0.0,,,,,,P-51A
p-51c-11-nt_japan,0.0,,,,,,39.0,100.0,3.81,4.86,1.06,1.43,0.0,,,,,,P-51C-11-NT
p-59a,0.0,,,,,,27.0,,,1.2,,0.3,0.0,,,,,,P-59A
p-63c-5,0.0,,,,,,36.0,11.36,0.09,0.07,0.23,0.43,0.0,,,,,,P-63C-5
p-66,0.0,,,,,,0.0,,,,,,0.0,,,,,,P-66
p_108a_serie2,0.0,,,,,,0.0,,,,,,0.0,,,,,,P.108A_serie_2
p_108b_serie2,0.0,,,,,,0.0,,,,,,0.0,,,,,,P.108B_serie_2
fr_citroen_kegresse_p4t,0.0,,,,,,0.0,,,,,,0.0,,,,,,P.7.T_AA
p1y1_mod11,0.0,,,,,,0.0,,,,,,0.0,,,,,,P1Y1_mod._11
d_510,0.0,,,,,,0.0,,,,,,0.0,,,,,,Pallier's_D.510
germ_panzerjager_1,0.0,,,,,,1.0,0.0,0.0,0.0,1.0,1.0,0.0,,,,,,Panzerjäger_I
sw_pbil_m40,0.0,,,,,,0.0,,,,,,0.0,,,,,,Pbil_m/40
pbj_1h,0.0,,,,,,0.0,,,,,,0.0,,,,,,PBJ-1H
pbj_1j,0.0,,,,,,0.0,,,,,,0.0,,,,,,PBJ-1J
pbm_1,0.0,,,,,,0.0,,,,,,0.0,,,,,,"PBM-1_""Mariner"""
pbm_3,0.0,,,,,,0.0,,,,,,0.0,,,,,,"PBM-3_""Mariner"""
pbm_5a,0.0,,,,,,0.0,,,,,,0.0,,,,,,"PBM-5A_""Mariner"""
sw_pbv_301,0.0,,,,,,14.0,,,0.0,,0.0,0.0,,,,,,Pbv_301
sw_pbv_302_bill,0.0,,,,,,19.0,25.0,0.0,0.0,0.5,0.5,0.0,,,,,,Pbv_302_(BILL)
pby-5,0.0,,,,,,0.0,,,,,,0.0,,,,,,PBY-5_Catalina
pby-5a_ussr,0.0,,,,,,0.0,,,,,,0.0,,,,,,PBY-5A_Catalina
pby-5a_late_france,0.0,,,,,,0.0,,,,,,0.0,,,,,,PBY-5A_Late
cn_pgz_04a,0.0,,,,,,118.0,54.3,0.77,0.72,0.0,0.0,0.0,,,,,,PGZ04A
cn_pgz_09,0.0,,,,,,82.0,34.78,1.46,0.91,0.64,0.41,0.0,,,,,,PGZ09
cn_plz_05,0.0,,,,,,146.0,74.4,0.0,0.0,3.65,1.98,0.0,,,,,,PLZ05
cn_plz_83,0.0,,,,,,12.0,,,0.0,,0.0,0.0,,,,,,PLZ83
cn_plz_83_130,0.0,,,,,,50.0,48.04,0.0,0.0,1.96,2.97,0.0,,,,,,PLZ83-130
po-2,0.0,,,,,,0.0,,,,,,0.0,,,,,,Po-2
po-2_nw,,,,,,,,,,,,,,,,,,,Po-2_Night_Witch
po-2m,0.0,,,,,,0.0,,,,,,0.0,,,,,,Po-2M
potez_630,0.0,,,,,,0.0,,,,,,0.0,,,,,,Potez_630
potez_631,0.0,,,,,,22.0,,,0.0,,1.0,0.0,,,,,,Potez_631
potez_633,0.0,,,,,,0.0,,,,,,0.0,,,,,,Potez_633
cn_ptl_02,0.0,,,,,,92.0,89.13,0.0,0.0,1.76,0.96,5.0,100.0,0.0,,1.0,,PTL02
germ_schutzenpanzer_puma,0.0,,,,,,293.0,48.91,0.1,0.06,1.18,0.91,0.0,,,,,,PUMA
germ_schutzenpanzer_puma_vjtf_mod,0.0,,,,,,13.0,,,0.0,,0.31,0.0,,,,,,Puma_u14
germ_schutzenpanzer_puma_vjtf,0.0,,,,,,442.0,45.99,0.02,0.02,1.11,0.85,0.0,,,,,,PUMA_VJTF
sw_pvlvv_fm42,0.0,,,,,,0.0,,,,,,0.0,,,,,,Pvlvv_fm/42
germ_pzkpfw_38t_na,0.0,,,,,,0.0,,,,,,0.0,,,,,,Pz.38(t)_n.A.
germ_pzkpfw_38t_ausf_A,0.0,,,,,,7.0,,,0.0,,2.0,0.0,,,,,,Pz.38(t)_A
germ_pzkpfw_II_ausf_C_td,0.0,,,,,,0.0,,,,,,0.0,,,,,,Pz.II_C_TD
germ_pzkpfw_III_ausf_J_td,0.0,,,,,,0.0,,,,,,0.0,,,,,,Pz.III_J1_TD
it_pzkpfw_III_ausf_N,0.0,,,,,,27.0,,,0.0,,2.27,0.0,,,,,,Pz.III_N
germ_pzkpfw_III_ausf_J_L42,0.0,,,,,,35.0,,,0.0,,2.31,0.0,,,,,,Pz.III_J
germ_pzkpfw_II_ausf_F,0.0,,,,,,30.0,100.0,0.0,0.0,2.0,0.89,0.0,,,,,,Pz.II_F
germ_pzkpfw_II_ausf_C_DAK,0.0,,,,,,31.0,94.44,0.0,0.0,5.72,4.54,0.0,,,,,,Pz.II_С_(DAK)
germ_pzkpfw_IV_ausf_E,0.0,,,,,,22.0,0.0,0.0,0.0,1.0,1.0,0.0,,,,,,Pz.IV_E
germ_amd_35_kwk39,0.0,,,,,,65.0,0.0,0.0,0.0,5.4,2.45,0.0,,,,,,Pz.Sp.Wg.P204(f)_PaK
q_5_early,0.0,,,,,,0.0,,,,,,0.0,,,,,,Q-5_early
q_5l,0.0,,,,,,0.0,,,,,,19.0,,,0.0,,0.0,Q-5L
quing_6,0.0,,,,,,0.0,,,,,,0.0,,,,,,Qing-6
cn_qn506,0.0,,,,,,52.0,34.95,0.0,0.0,0.47,0.72,0.0,,,,,,QN506
fr_renault_r39,0.0,,,,,,0.0,,,,,,0.0,,,,,,R.35_(SA38)
r2y2_v1,0.0,,,,,,3.0,,,,,,0.0,,,,,,R2Y2_Kai_V1
r2y2_v2,0.0,,,,,,7.0,100.0,1.0,1.0,1.14,1.14,0.0,,,,,,R2Y2_Kai_V2
r2y2_kai,0.0,,,,,,29.0,67.86,0.93,1.06,2.0,2.03,0.0,,,,,,R2Y2_Kai_V3
it_oto_r3_106sr,0.0,,,,,,97.0,97.5,0.0,0.0,2.95,1.53,0.0,,,,,,R3_T106_FA
il_merkava_mk_3_raam_segol,0.0,,,,,,141.0,88.58,0.0,0.0,4.43,2.19,3.0,,,0.0,,1.0,Ra'am_Sagol
rafale_c_f3,0.0,,,,,,212.0,65.99,3.16,2.08,0.41,0.39,3.0,,,3.0,,0.0,Rafale_C_F3
rafale_m_f3r,0.0,,,,,,115.0,59.19,1.76,2.7,0.25,0.39,5.0,,,2.0,,0.0,Rafale_M_F3-R
uk_tracked_rapier,0.0,,,,,,12.0,0.0,1.0,1.0,0.0,0.0,0.0,,,,,,Rapier
p-36a_rasmussen,0.0,,,,,,0.0,,,,,,0.0,,,,,,Rasmussen's_P-36A
uk_ratel_20,0.0,,,,,,82.0,18.18,0.0,0.0,1.09,0.13,0.0,,,,,,Ratel_20
re_2000_ga,0.0,,,,,,0.0,,,,,,0.0,,,,,,Re.2000_G.A.
re_2000_int,0.0,,,,,,0.0,,,,,,0.0,,,,,,Re.2000_serie_1
re_2001_serie1_ep,0.0,,,,,,0.0,,,,,,0.0,,,,,,Re.2001_gruppo_22
re_2005_vdm,0.0,,,,,,45.0,98.09,2.43,2.53,1.91,2.17,0.0,,,,,,Re.2005_(VDM)
jp_type_95_heavy,0.0,,,,,,0.0,,,,,,0.0,,,,,,Ro-Go
jp_hiro_sha,0.0,,,,,,29.0,,,0.0,,1.0,0.0,,,,,,Ro-Go_Exp.
ro_43,,,,,,,,,,,,,,,,,,,Ro.43
ro_44,0.0,,,,,,0.0,,,,,,0.0,,,,,,Ro.44
il_m109a1,0.0,,,,,,15.0,,,,,,0.0,,,,,,Rochev
fr_amx_30_roland,0.0,,,,,,39.0,0.0,1.33,0.93,0.0,0.0,0.0,,,,,,Roland_1
uk_rooikat_105_td,0.0,,,,,,101.0,69.78,0.0,0.0,3.87,3.35,0.0,,,,,,Rooikat_105
uk_rooikat_76,0.0,,,,,,132.0,67.2,0.0,0.0,1.96,1.29,0.0,,,,,,Rooikat_Mk.1D
uk_rooikat_mttd,0.0,,,,,,236.0,76.41,0.0,0.0,3.2,2.55,0.0,,,,,,Rooikat_MTTD
fr_somua_s35,0.0,,,,,,1.0,,,0.0,,2.0,0.0,,,,,,S.35
s_81_ar125,0.0,,,,,,0.0,,,,,,0.0,,,,,,S.81
sm_79_1941,0.0,,,,,,0.0,,,,,,0.0,,,,,,S.M.79_AS
sm_79_iar,0.0,,,,,,0.0,,,,,,0.0,,,,,,S.M.79_B
sm_79_iar_italy,0.0,,,,,,0.0,,,,,,0.0,,,,,,S.M.79_B
sm_79_1942,0.0,,,,,,0.0,,,,,,0.0,,,,,,S.M.79_bis/N
sm_79_1943,0.0,,,,,,0.0,,,,,,0.0,,,,,,S.M.79_bis/T.M
sm_79_1936,0.0,,,,,,0.0,,,,,,0.0,,,,,,S.M.79_serie_1
sm_79_1936_italy,0.0,,,,,,0.0,,,,,,0.0,,,,,,S.M.79_serie_1
sm_79_1937,0.0,,,,,,0.0,,,,,,0.0,,,,,,S.M.79_serie_4
sm_79_1939,0.0,,,,,,0.0,,,,,,0.0,,,,,,S.M.79_serie_8
sm_79_1939_italy,0.0,,,,,,0.0,,,,,,0.0,,,,,,S.M.79_serie_8
so_4050_vautour_2a,0.0,,,,,,0.0,,,,,,0.0,,,,,,S.O.4050_Vautour_IIA
so_4050_vautour_2b,0.0,,,,,,0.0,,,,,,0.0,,,,,,S.O.4050_Vautour_IIB
so_4050_vautour_2n,0.0,,,,,,33.0,100.0,0.0,0.0,1.11,1.11,0.0,,,,,,S.O.4050_Vautour_IIN
so_4050_vautour_2n_late,0.0,,,,,,146.0,58.74,1.06,1.15,0.72,0.76,0.0,,,,,,S.O.4050_Vautour_IIN_(late)
so_8000_narval,0.0,,,,,,18.0,100.0,4.67,5.0,1.33,2.0,0.0,,,,,,S.O.8000_Narval
saab_b17bs,0.0,,,,,,0.0,,,,,,0.0,,,,,,S17BS
md_460_saar,0.0,,,,,,20.0,100.0,1.0,1.0,0.0,0.0,0.0,,,,,,Sa'ar
saab_f35_wdns,0.0,,,,,,12.0,,,0.0,,0.0,0.0,,,,,,Saab_F-35
saab_j35xs,0.0,,,,,,38.0,34.24,2.25,2.9,1.19,2.48,0.0,,,,,,Saab_J35XS
saab_105g,0.0,,,,,,219.0,50.36,0.26,0.3,1.72,1.98,0.0,,,,,,SAAB-105G
saab_105oe,0.0,,,,,,4.0,,,,,,0.0,,,,,,SAAB-105OE
md_460_sambad,0.0,,,,,,0.0,,,,,,0.0,,,,,,Sambad
fr_vab_santal,0.0,,,,,,69.0,0.0,2.0,1.71,0.0,0.0,0.0,,,,,,SANTAL
uk_marmon_herrington_mk_6_2pdr,0.0,,,,,,77.0,63.89,0.0,0.0,1.12,0.93,0.0,,,,,,SARC_MkVI_(2pdr)
fr_somua_sau40,0.0,,,,,,0.0,,,,,,0.0,,,,,,SAu_40
sb_2m_100,0.0,,,,,,0.0,,,,,,0.0,,,,,,SB_2M-100
sb_2m_103c,0.0,,,,,,0.0,,,,,,0.0,,,,,,SB_2M-103
sb_2m_103_mv3,0.0,,,,,,0.0,,,,,,0.0,,,,,,SB_2M-103_MV-3
sb_2m_103u,0.0,,,,,,0.0,,,,,,0.0,,,,,,SB_2M-103U
sb_2m_103u_mv3,0.0,,,,,,0.0,,,,,,0.0,,,,,,SB_2M-103U_MV-3
sb2c_1c,0.0,,,,,,7.0,,,0.0,,0.0,0.0,,,,,,SB2C-1C
sb2c_4,0.0,,,,,,0.0,,,,,,0.0,,,,,,SB2C-4
sb2u-2,0.0,,,,,,0.0,,,,,,0.0,,,,,,SB2U-2
scimitar_f1,0.0,,,,,,12.0,100.0,2.44,2.44,0.67,0.67,0.0,,,,,,Scimitar_F_Mk.1
uk_fv107_scimitar_mk2,0.0,,,,,,262.0,39.16,0.0,0.0,3.53,0.9,0.0,,,,,,Scimitar_Mk.2
germ_sdkfz_234_1,0.0,,,,,,96.0,57.83,0.0,0.0,2.96,3.11,0.0,,,,,,Sd.Kfz.234/1
germ_sdkfz_234_2_td,0.0,,,,,,57.0,41.11,0.0,0.0,0.79,0.94,0.0,,,,,,Sd.Kfz.234/2_TD
germ_sdkfz_234_3,0.0,,,,,,45.0,50.0,0.0,0.0,3.88,3.74,0.0,,,,,,Sd.Kfz.234/3
germ_sdkfz_234_4,0.0,,,,,,86.0,81.48,0.0,0.0,4.04,2.9,7.0,,,,,,Sd.Kfz.234/4
germ_sdkfz_251_10,0.0,,,,,,4.0,50.0,0.0,0.0,0.5,1.0,0.0,,,,,,Sd.Kfz.251/10
sea_fury_fb11,0.0,,,,,,11.0,100.0,1.67,1.8,0.0,0.0,9.0,,,1.0,,0.0,Sea_Fury_FB_11
gladiator_mk2_navy,0.0,,,,,,0.0,,,,,,0.0,,,,,,Sea_Gladiator_Mk_I
harrier_frs1_early,0.0,,,,,,5.0,100.0,2.0,2.0,0.0,0.0,0.0,,,,,,Sea_Harrier_FRS.1_(e)
sea_hawk_fga6,0.0,,,,,,41.0,68.52,0.3,0.39,1.36,1.67,0.0,,,,,,Sea_Hawk_FGA.6
sea_hawk_fga50_netherlands,0.0,,,,,,0.0,,,,,,14.0,,,3.0,,0.0,Sea_Hawk_Mk.50
hurricane_mk1c,0.0,,,,,,0.0,,,,,,0.0,,,,,,Sea_Hurricane_Mk_IC
meteor_fmk3_navy,0.0,,,,,,144.0,66.24,0.83,1.35,1.2,1.99,0.0,,,,,,Sea_Meteor_F_Mk_3
sea_venom_faw20,0.0,,,,,,0.0,,,,,,0.0,,,,,,Sea_Venom_FAW_20
dh_110_sea_vixen,0.0,,,,,,19.0,,,,,,0.0,,,,,,Sea_Vixen_F.A.W._Mk.2
seafire_mk17,0.0,,,,,,2.0,,,,,,0.0,,,,,,Seafire_F_Mk_XVII
seafire_mk3,0.0,,,,,,0.0,,,,,,0.0,,,,,,Seafire_LF_Mk.III
shackleton_mr_mk_2,0.0,,,,,,0.0,,,,,,0.0,,,,,,Shackleton_MR.Mk.2
mirage_3cj,0.0,,,,,,52.0,100.0,2.23,1.93,1.0,0.73,0.0,,,,,,Shahak
it_sherman_vc_firefly,0.0,,,,,,26.0,,,0.0,,1.23,0.0,,,,,,Sherman_Vc
il_centurion_shot_kal_d,0.0,,,,,,112.0,58.73,0.0,0.0,2.49,2.25,5.0,,,0.0,,2.0,Sho't_Kal_Dalet
uk_centurion_shot_kal_d,0.0,,,,,,0.0,,,,,,0.0,,,,,,Sho't_Kal_Dalet
il_sholef,0.0,,,,,,0.0,,,,,,0.0,,,,,,Sholef
ussr_9p149,0.0,,,,,,15.0,9.09,0.0,0.0,1.45,1.39,0.0,,,,,,Shturm-S
it_otobreda_sidam_25_mistral,0.0,,,,,,36.0,50.0,0.5,0.88,0.49,0.85,0.0,,,,,,SIDAM_25_(Mistral)
saab_sk60b,1.0,,,,,,132.0,63.44,0.28,0.29,2.15,2.66,0.0,,,,,,SK60B
us_skink_aa_kit_3rank,0.0,,,,,,64.0,43.06,1.08,1.25,0.0,0.0,0.0,,,,,,Skink_(Hell)
soc_1,,,,,,,,,,,,,,,,,,,SOC-1
spitfire_f24,0.0,,,,,,116.0,74.57,3.05,7.23,0.87,1.67,0.0,,,,,,Spitfire_F_Mk_24
spitfire_mk1,0.0,,,,,,4.0,,,,,,0.0,,,,,,Spitfire_Mk_Ia
spitfire_ix_ussr,0.0,,,,,,5.0,,,,,,0.0,,,,,,Spitfire_Mk_IXc
spitfiremkiia_ep,0.0,,,,,,20.0,,,1.0,,1.0,0.0,,,,,,Spitfire_Mk.IIa_Venture_I
spitfire_lf_mk9c_cw_greece,0.0,,,,,,14.0,100.0,1.0,1.0,0.0,0.8,0.0,,,,,,Spitfire_LF_Mk.IXc_(CW)
spitfire_mk5b_float,0.0,,,,,,0.0,,,,,,0.0,,,,,,Spitfire_Mk.Vb_(Float)
il_spyder_aio,0.0,,,,,,31.0,38.1,0.48,0.52,0.0,0.0,0.0,,,,,,SPYDER
fr_saint_chamond,0.0,,,,,,0.0,,,,,,0.0,,,,,,St-Chamond
uk_t17e2,0.0,,,,,,28.0,100.0,0.0,0.0,0.0,0.0,0.0,,,,,,Staghound_AA
stirling_mk1,0.0,,,,,,0.0,,,,,,0.0,,,,,,Stirling_B_Mk_I
stirling_mk3,0.0,,,,,,0.0,,,,,,0.0,,,,,,Stirling_B_Mk_III
uk_stormer_air_defence,0.0,,,,,,50.0,27.5,1.96,1.56,0.0,0.0,0.0,,,,,,Stormer_AD
uk_stormer_hvm,0.0,,,,,,30.0,0.0,0.0,0.0,0.0,0.0,0.0,,,,,,Stormer_HVM
strikemaster_mk88,0.0,,,,,,15.0,100.0,1.0,0.88,4.0,3.0,0.0,,,,,,Strikemaster_Mk.88
uk_fv102_striker,0.0,,,,,,19.0,,,0.0,,0.0,0.0,,,,,,Striker
sw_strv_81_rb52,0.0,,,,,,19.0,,,0.0,,1.0,0.0,,,,,,Strv_81_(RB_52)
uk_centurion_mk_3_ss11,0.0,,,,,,0.0,,,,,,0.0,,,,,,Strv_81_(RB_52)
sw_strv_m39_td,0.0,,,,,,0.0,,,,,,0.0,,,,,,Strv_m/39_TD
sw_strv_m41_s1,0.0,,,,,,0.0,,,,,,0.0,,,,,,Strv_m/41_S-I
us_m5a1_stuart_canadian_5st_arm,0.0,,,,,,0.0,,,,,,0.0,,,,,,Stuart_VI_(5th_CAD)
germ_stug_III_ausf_A,0.0,,,,,,11.0,,,,,,0.0,,,,,,StuG_III_A
germ_stuh_III_ausf_G,0.0,,,,,,17.0,,,0.0,,2.94,0.0,,,,,,StuH_42_G
ussr_su_100Y,0.0,,,,,,39.0,50.0,0.0,0.0,1.5,1.28,0.0,,,,,,SU-100Y
ussr_su_122P,0.0,,,,,,1.0,,,0.0,,3.0,0.0,,,,,,SU-122P
su_22m3,0.0,,,,,,168.0,60.4,0.04,0.1,1.02,0.5,0.0,,,,,,Su-22M3
su_30mkm,0.0,,,,,,271.0,69.2,1.36,1.58,1.68,1.88,4.0,0.0,1.0,0.5,3.0,1.5,Su-30MKM
ussr_su_5_1,0.0,,,,,,0.0,,,,,,0.0,,,,,,SU-5-1
ussr_su_57,0.0,,,,,,6.0,,,0.0,,0.0,0.0,,,,,,SU-57
su_6_single,0.0,,,,,,26.0,100.0,0.0,0.0,2.71,2.71,0.0,,,,,,Su-6
su-6_am42,0.0,,,,,,10.0,0.0,1.0,1.0,0.0,0.0,0.0,,,,,,Su-6_(AM-42)
ussr_su_76d,0.0,,,,,,0.0,,,,,,0.0,,,,,,SU-76D
ussr_su_76m_1943,0.0,,,,,,10.0,0.0,0.0,0.0,1.6,1.6,0.0,,,,,,SU-76M
ussr_su_76m_5st_kav_corps,0.0,,,,,,0.0,,,,,,0.0,,,,,,SU-76M_(5th_Gv.Kav.Corps)
su-7bmk,0.0,,,,,,4.0,0.0,0.0,0.0,1.0,1.0,0.0,,,,,,Su-7BMK
ussr_su_85a,0.0,,,,,,0.0,,,,,,0.0,,,,,,SU-85A
sunderland_mk3a,0.0,,,,,,0.0,,,,,,0.0,,,,,,Sunderland_Mk_IIIa
sunderland_mk5,0.0,,,,,,0.0,,,,,,0.0,,,,,,Sunderland_Mk_V
super_etendard_97,0.0,,,,,,15.0,,,,,,0.0,,,,,,Super_Etendard
md_460,0.0,,,,,,116.0,83.44,1.83,2.47,1.21,1.93,0.0,,,,,,Super_Mystere_B2
swift_f1,0.0,,,,,,102.0,65.16,1.23,1.62,0.51,0.59,0.0,,,,,,Swift_F.1
swift_f7,0.0,,,,,,16.0,,,1.0,,0.0,0.0,,,,,,Swift_F.7
swordfish_mk1,0.0,,,,,,0.0,,,,,,0.0,,,,,,Swordfish_Mk_I
swordfish_mk2,0.0,,,,,,0.0,,,,,,0.0,,,,,,Swordfish_Mk_II
sw_t_80u,0.0,,,,,,440.0,56.43,0.0,0.0,2.71,1.49,0.0,,,,,,T_80_U
ussr_t_10a,0.0,,,,,,61.0,58.83,0.0,0.0,2.57,2.84,0.0,,,,,,T-10A
ussr_t_126sp,0.0,,,,,,0.0,,,,,,0.0,,,,,,T-126
cn_t_26_no531,0.0,,,,,,0.0,,,,,,0.0,,,,,,T-26_No.531
sw_vickers_mk_e_45,0.0,,,,,,0.0,,,,,,0.0,,,,,,T-26E
ussr_t_26E,0.0,,,,,,0.0,,,,,,0.0,,,,,,T-26E
ussr_t_28_1938,0.0,,,,,,14.0,100.0,0.0,0.0,1.0,1.0,0.0,,,,,,T-28_(1938)
ussr_t_34_1940_l_11,0.0,,,,,,0.0,,,,,,0.0,,,,,,T-34_(Prototype)
sw_t_50_fin,0.0,,,,,,0.0,,,,,,0.0,,,,,,T-50
ussr_t_70_1942,0.0,,,,,,10.0,0.0,0.0,0.0,1.0,1.0,0.0,,,,,,T-70
ussr_pzkpfw_III_ausf_J_L42,0.0,,,,,,0.0,,,,,,0.0,,,,,,T-III
us_t114,0.0,,,,,,16.0,100.0,0.0,0.0,4.4,3.64,0.0,,,,,,T114
us_t28,0.0,,,,,,11.0,,,,,,4.0,0.0,0.0,0.0,3.0,3.0,T28
us_t54e2,1.0,,,,,,9.0,,,0.0,,1.67,0.0,,,,,,T54E2
us_t55e1,0.0,,,,,,84.0,90.0,0.0,0.0,5.7,1.92,0.0,,,,,,T55E1
us_t77e1,0.0,,,,,,85.0,100.0,3.0,1.58,0.0,0.0,0.0,,,,,,T77E1
us_t95,0.0,,,,,,31.0,10.42,0.0,0.0,1.95,2.16,0.0,,,,,,T95
jp_type_98_ta_se,0.0,,,,,,97.0,100.0,0.34,0.35,2.72,1.02,0.0,,,,,,Ta-Se
jp_type_81_tansam_launcher,,,,,,,,,,,,,,,,,,,Tan-SAM_Kai_(СОУ)
jp_type_81_tansam_fcs,0.0,,,,,,46.0,100.0,0.07,0.09,0.0,0.0,0.0,,,,,,Tan-SAM_Kai_(СОЦ)
tb_3_m17_32,0.0,,,,,,0.0,,,,,,0.0,,,,,,TB-3M-17-32
tbd-1_1938,0.0,,,,,,0.0,,,,,,0.0,,,,,,TBD-1
tbf-1c,0.0,,,,,,13.0,,,0.0,,1.0,0.0,,,,,,TBF-1C
il_tcm_20,0.0,,,,,,21.0,0.0,0.0,0.0,0.0,0.0,0.0,,,,,,TCM-20
tempest_mkv_luftwaffe,0.0,,,,,,41.0,43.75,1.28,2.64,0.84,1.64,0.0,,,,,,Tempest_Mk_V
tempest_mkv_vikkers,0.0,,,,,,13.0,100.0,0.0,,1.0,,0.0,,,,,,Tempest_Mk_V_(Vickers_P)
il_tiran_4,0.0,,,,,,80.0,70.0,0.0,0.0,1.63,1.23,0.0,,,,,,Tiran_4
jp_type_10_prototype,0.0,,,,,,337.0,52.72,0.0,0.0,2.22,1.82,0.0,,,,,,TKX_(P)
ussr_to_55,0.0,,,,,,138.0,100.0,0.0,0.0,9.35,4.51,0.0,,,,,,TO-55
uk_tog_2,0.0,,,,,,107.0,50.0,0.0,0.0,2.57,2.54,4.0,,,,,,TOG_II
it_toldi_II_a,0.0,,,,,,0.0,,,,,,0.0,,,,,,Toldi_IIA
cn_tor_m1,0.0,,,,,,0.0,,,,,,0.0,,,,,,Tor-M1
tornado_adv,0.0,,,,,,70.0,68.0,1.63,2.37,0.0,0.0,0.0,,,,,,Tornado_ADV
tornado_f3_late,0.0,,,,,,0.0,,,,,,0.0,,,,,,Tornado_F.3_Late
tornado_ids_it,0.0,,,,,,4.0,50.0,0.5,1.0,0.5,1.0,0.0,,,,,,Tornado_IDS
tornado_ids_it_mod95,0.0,,,,,,0.0,,,,,,0.0,,,,,,Tornado_IDS_(1995)
tornado_ids_it_ret8,0.0,,,,,,0.0,,,,,,0.0,,,,,,Tornado_IDS_MLU_(RET.8)
uk_a39_tortoise,0.0,,,,,,5.0,,,,,,0.0,,,,,,Tortoise
ussr_tor_m1,0.0,,,,,,26.0,,,,,,0.0,,,,,,Toр-M1
tu-1,0.0,,,,,,30.0,100.0,0.38,0.12,4.54,2.0,0.0,,,,,,Tu-1
tu-2_early,0.0,,,,,,1.0,100.0,0.0,0.0,2.0,2.0,0.0,,,,,,Tu-2
tu-2_postwar,0.0,,,,,,0.0,,,,,,0.0,,,,,,Tu-2S-44
tu_4,0.0,,,,,,0.0,,,,,,0.0,,,,,,Tu-4
gladiator_mk2_tuck,0.0,,,,,,0.0,,,,,,0.0,,,,,,Tuck's_Gladiator_Mk_II
it_41m_turan_2,0.0,,,,,,5.0,0.0,0.0,0.0,2.4,2.4,0.0,,,,,,Turan_II
jp_type_03_chusam_fcs,0.0,,,,,,24.0,,,0.17,,0.0,0.0,,,,,,Type_03_(СОЦ)
cn_type_59,0.0,,,,,,88.0,94.25,0.0,0.0,4.19,2.83,5.0,,,0.0,,1.0,Type_59
ussr_type_62,0.0,,,,,,14.0,0.0,0.0,0.0,3.0,1.21,0.0,,,,,,Type_62
jp_type_74,0.0,,,,,,433.0,52.56,0.0,0.0,1.75,1.71,0.0,,,,,,Type_74_(E)
jp_type_74_f,0.0,,,,,,159.0,79.65,0.0,0.0,2.39,1.57,0.0,,,,,,Type_74_(F)
jp_type_81_tansam,0.0,,,,,,22.0,0.0,1.42,1.42,0.0,0.0,0.0,,,,,,Type_81_(C)
jp_type_87,0.0,,,,,,447.0,48.7,0.15,0.13,0.89,0.65,0.0,,,,,,Type_87
ef_2000_typhoon_aesa,0.0,,,,,,276.0,74.48,2.55,4.82,0.16,0.29,0.0,,,,,,Typhoon_(AESA)
ef_2000_fgr4,0.0,,,,,,68.0,70.51,1.1,0.95,0.06,0.06,0.0,,,,,,Typhoon_FGR.4
sw_landsverk_ush_204_gk,0.0,,,,,,202.0,25.59,0.41,0.29,0.07,0.04,0.0,,,,,,U-SH_204_GK
sw_landsverk_ush_405,0.0,,,,,,312.0,54.01,0.0,0.0,2.4,1.46,0.0,,,,,,U-SH_405
sw_udes_33,0.0,,,,,,39.0,,,0.0,,0.0,0.0,,,,,,UDES_33
us_m551_football,,,,,,,,,,,,,,,,,,,us_m551_football
ussr_m551_football,,,,,,,,,,,,,,,,,,,ussr_m551_football
v_11g,0.0,,,,,,0.0,,,,,,0.0,,,,,,V-11
v_12d,0.0,,,,,,0.0,,,,,,0.0,,,,,,V-12D
v_156_b1,0.0,,,,,,19.0,,,0.0,,0.0,0.0,,,,,,V-156-B1
v_156_f,0.0,,,,,,0.0,,,,,,0.0,,,,,,V-156-F
uk_valentine_mk_9,0.0,,,,,,14.0,50.0,0.0,0.0,2.0,1.56,0.0,,,,,,Valentine_IX
vampire_fb5,0.0,,,,,,0.0,,,,,,0.0,,,,,,Vampire_F.B.5
vampire_fb52_finland,0.0,,,,,,9.0,0.0,0.0,0.0,0.0,0.0,0.0,,,,,,Vampire_FB_52A
vampire_fb52a_italy,1.0,100.0,2.0,2.0,0.0,0.0,14.0,,,1.0,,0.0,0.0,,,,,,Vampire_FB_52A
so_4050_vautour_2a_iaf,0.0,,,,,,36.0,100.0,3.0,3.0,0.0,0.0,0.0,,,,,,Vautour_IIA_IDF/AF
it_vbc_pt2,0.0,,,,,,118.0,56.22,0.0,0.0,1.75,1.05,5.0,100.0,0.0,0.0,2.0,2.0,VBC_(PT2)
fr_vbci,0.0,,,,,,165.0,76.12,0.13,0.11,2.53,1.99,0.0,,,,,,VBCI
fr_vbci2_mct30,0.0,,,,,,0.0,,,,,,0.0,,,,,,VBCI-2_(MCT30)
it_vcc_80_hitfist_30,0.0,,,,,,14.0,50.0,0.0,0.0,1.17,1.83,0.0,,,,,,VCC-80/30
it_vcc_80_hitfist_60,0.0,,,,,,144.0,47.31,0.19,0.1,2.31,1.31,5.0,,,0.0,,1.0,VCC-80/60
sw_veak_40,0.0,,,,,,140.0,39.58,0.0,0.0,0.43,0.23,0.0,,,,,,VEAK_40
venom_fb4,0.0,,,,,,62.0,100.0,2.35,3.65,1.24,1.89,0.0,,,,,,Venom_FB.4
fr_vextra_105,0.0,,,,,,112.0,54.39,0.0,0.0,0.94,0.61,0.0,,,,,,Vextra_105
uk_vfm_5,0.0,,,,,,176.0,81.45,0.0,0.0,3.15,2.41,0.0,,,,,,VFM5
uk_vickers_mk_11,0.0,,,,,,322.0,51.44,0.0,0.0,2.2,2.07,0.0,,,,,,Vickers_Mk.11
uk_vickers_mk7,0.0,,,,,,89.0,47.85,0.0,0.0,2.92,2.16,0.0,,,,,,Vickers_Mk.7
sw_k9_vidar,0.0,,,,,,154.0,72.65,0.0,0.0,2.43,1.38,0.0,,,,,,VIDAR
uk_vijayanta,0.0,,,,,,371.0,51.51,0.0,0.0,1.45,1.23,0.0,,,,,,Vijayanta
germ_pzkpfw_VI_tiger_P,0.0,,,,,,5.0,,,0.0,,2.0,0.0,,,,,,VK_45.01_(P)
vl_myrsky_2_late,0.0,,,,,,0.0,,,,,,0.0,,,,,,VL_Myrsky_II
it_vrcc_centauro,0.0,,,,,,200.0,48.55,0.0,0.0,1.85,1.76,0.0,,,,,,VRCC
cn_vt_4,0.0,,,,,,60.0,94.12,0.0,0.0,3.77,1.35,0.0,,,,,,VT4
walrus_mk1,,,,,,,,,,,,,,,,,,,Walrus_Mk.I
uk_fv510_isv,0.0,,,,,,132.0,65.52,0.0,0.0,2.16,1.24,0.0,,,,,,Warrior
washington_b1,0.0,,,,,,0.0,,,,,,0.0,,,,,,Washington_B.Mk.I
spitfire_lf_mk9e_weisman,0.0,,,,,,20.0,62.5,1.25,1.25,1.63,1.63,44.0,,,2.0,,3.33,Weizman's_Spitfire_LF_Mk.IXe
wellington_mk1c,0.0,,,,,,18.0,,,0.0,,0.0,0.0,,,,,,Wellington_Mk_Ic
wellington_mk1c_luftwaffe,0.0,,,,,,0.0,,,,,,0.0,,,,,,Wellington_Mk_Ic
wellington_mk1c_late,0.0,,,,,,0.0,,,,,,0.0,,,,,,Wellington_Mk_Ic/L
wellington_mk3,0.0,,,,,,0.0,,,,,,0.0,,,,,,Wellington_Mk_III
wellington_mk10,0.0,,,,,,0.0,,,,,,0.0,,,,,,Wellington_Mk_X
whirlwind_mk1,0.0,,,,,,13.0,,,,,,0.0,,,,,,Whirlwind_Mk_I
whirlwind_p9,0.0,,,,,,0.0,,,,,,0.0,,,,,,Whirlwind_P.9
germ_wiesel_1_tow,0.0,,,,,,398.0,59.98,0.0,0.0,1.66,1.45,0.0,,,,,,Wiesel_1A2
wirraway,0.0,,,,,,0.0,,,,,,0.0,,,,,,Wirraway
cn_wma_301,0.0,,,,,,33.0,50.0,0.0,0.0,0.5,2.39,0.0,,,,,,WMA301
wyvern_s4,0.0,,,,,,124.0,62.79,0.82,0.93,5.05,6.2,19.0,,,0.0,,1.88,Wyvern_S4
xf5f,0.0,,,,,,8.0,100.0,1.0,1.0,2.0,2.0,23.0,,,,,,XF5F
xf5u_1,0.0,,,,,,5.0,,,1.0,,0.0,0.0,,,,,,XF5U-1
us_xm_800t,0.0,,,,,,2314.0,59.35,0.03,0.02,1.65,1.4,0.0,,,,,,XM800T
p-38g_metal,0.0,,,,,,43.0,100.0,3.21,,3.54,,0.0,,,,,,XP-38G
yak_141,0.0,,,,,,118.0,47.2,0.96,1.23,0.0,0.0,11.0,,,2.0,,0.0,Yak-141
yak-23,0.0,,,,,,66.0,71.43,2.05,2.02,1.86,1.83,0.0,,,,,,Yak-23
yak-28b,0.0,,,,,,93.0,44.44,0.13,0.22,0.43,0.48,0.0,,,,,,Yak-28B
yak-38,0.0,,,,,,12.0,,,1.0,,0.0,0.0,,,,,,Yak-38
yak-3t,0.0,,,,,,39.0,65.0,1.65,1.6,0.65,0.79,0.0,,,,,,Yak-3T
er-2_ach30b_early,0.0,,,,,,0.0,,,,,,0.0,,,,,,Yer-2_(ACh-30B)_(e)
er-2_m105_tat,0.0,,,,,,0.0,,,,,,0.0,,,,,,Yer-2_(M-105)_TAT
er-2_m105r_tat,0.0,,,,,,0.0,,,,,,0.0,,,,,,Yer-2_(M-105R)_TAT
yp-38,0.0,,,,,,0.0,,,,,,0.0,,,,,,YP-38
uk_ystervark_spaa,0.0,,,,,,92.0,15.43,0.0,0.0,0.14,0.18,0.0,,,,,,Ystervark
uk_rooikat_za_35,0.0,,,,,,340.0,57.37,0.14,0.13,1.71,1.41,0.0,,,,,,ZA-35
il_ss_11_halftrack,0.0,,,,,,39.0,0.0,0.0,0.0,3.07,2.16,0.0,,,,,,Zachlam_Tager
cn_zbd_04a,0.0,,,,,,241.0,57.2,0.0,0.0,1.39,1.14,21.0,,,0.0,,1.0,ZBD04A
cn_type_86,0.0,,,,,,58.0,33.33,0.0,0.0,0.7,0.73,0.0,,,,,,ZBD86
ussr_zis_12_94KM_1945,0.0,,,,,,133.0,60.9,0.15,0.09,1.52,1.07,0.0,,,,,,ZiS-12_(94-KM)
ussr_zis_30,0.0,,,,,,48.0,59.38,0.0,0.0,1.41,1.26,0.0,,,,,,ZiS-30
cn_ztl_11,0.0,,,,,,56.0,65.79,0.0,0.0,1.0,0.79,0.0,,,,,,ZLT11
it_40_43m_zrinyi_2,0.0,,,,,,0.0,,,,,,0.0,,,,,,Zrinyi_II
ussr_zsu_37,0.0,,,,,,18.0,,,,,,0.0,,,,,,ZSU-37
ussr_zsu_37_2,0.0,,,,,,285.0,35.86,1.06,0.89,0.3,0.25,0.0,,,,,,ZSU-37-2
uk_ratel_zt3,0.0,,,,,,312.0,62.2,0.0,0.0,3.22,2.35,0.0,,,,,,ZT3A2
cn_zts_63_1980,0.0,,,,,,156.0,73.11,0.0,0.0,2.01,1.25,5.0,,,0.0,,1.0,ZTS63
ussr_zut_37,0.0,,,,,,0.0,,,,,,0.0,,,,,,ZUT-37
ussr_bmd_4m,0.0,,,,,,1973.0,45.49,0.0,0.0,1.47,1.19,0.0,,,,,,БМД-4M
ussr_bmd_4m2,0.0,,,,,,1001.0,45.5,0.0,0.0,1.2,0.95,3.0,100.0,0.0,0.0,2.0,2.0,БМД-4M2
ussr_sdkfz_251_21_kit_3rank,0.0,,,,,,31.0,0.0,0.26,0.23,0.0,0.0,0.0,,,,,,Ганомаг_('45)
ussr_garford_putilov,0.0,,,,,,0.0,,,,,,0.0,,,,,,Гарфордъ
db_lk,0.0,,,,,,0.0,,,,,,0.0,,,,,,ДБ-ЛК
it_9a35_m,0.0,,,,,,0.0,,,,,,0.0,,,,,,Стрела-10М
tu_95m,0.0,,,,,,8.0,0.0,1.0,1.0,0.0,0.0,0.0,,,,,,Ту-95М
yak_1_litvyak,0.0,,,,,,0.0,,,,,,0.0,,,,,,Як-1_Литвяк
p-47m-1-re_boxted,0.0,,,,,,13.0,33.33,0.33,0.15,0.67,1.0,0.0,,,,,,⋠P-47M-1-RE
a6m5_zero_china,,,,,,,,,,,,,,,,,,,A6M5_(China)
b_25j_30_china,0.0,,,,,,0.0,,,,,,0.0,,,,,,B-25J-30_(China)
db_3a_china,0.0,,,,,,0.0,,,,,,0.0,,,,,,DB-3A_(China)
f-100a_china,0.0,,,,,,67.0,79.49,4.24,4.74,1.03,0.55,0.0,,,,,,F-100A_(China)
f_100f_china,0.0,,,,,,0.0,,,,,,0.0,,,,,,F-100F_(China)
f-104a_china,0.0,,,,,,0.0,,,,,,0.0,,,,,,F-104A_(China)
f-104g_china,0.0,,,,,,0.0,,,,,,0.0,,,,,,F-104G_(China)
f_16a_block_20_mlu,0.0,,,,,,20.0,66.67,1.7,1.86,0.1,0.86,0.0,,,,,,F-16A_MLU_(China)
f_16a_block_72v_china,0.0,,,,,,52.0,50.0,1.28,2.53,0.24,0.46,0.0,,,,,,F-16V_(China)
f_47n_25_re_china,0.0,,,,,,4.0,100.0,1.0,1.0,1.0,1.0,0.0,,,,,,F-47N-25-RE_(China)
f-5a_china,0.0,,,,,,0.0,,,,,,0.0,,,,,,F-5A_(China)
f-5e_aidc,0.0,,,,,,0.0,,,,,,0.0,,,,,,F-5E_(China)
f-84g_china,0.0,,,,,,56.0,52.17,0.37,0.38,1.54,1.58,3.0,,,,,,F-84G-21-RE_(China)
f-84g-31-re_china,0.0,,,,,,0.0,,,,,,0.0,,,,,,F-84G-31-RE_(China)
f-86f-30_china,0.0,,,,,,48.0,100.0,1.53,1.8,0.83,0.9,0.0,,,,,,F-86F-30_(China)
gladiator_mk1_china,0.0,,,,,,0.0,,,,,,0.0,,,,,,Gladiator_Mk_I_(China)
h-75m_china,0.0,,,,,,15.0,100.0,5.0,5.0,0.0,0.0,0.0,,,,,,H-75M_(China)
hs-123a-1_china,0.0,,,,,,0.0,,,,,,0.0,,,,,,Hs_123_A-1_(China)
i-15bis_china,0.0,,,,,,19.0,,,1.0,,1.0,0.0,,,,,,I-15bis_(China)
i-16_chung_28,0.0,,,,,,0.0,,,,,,0.0,,,,,,I-16_Chung_28_(China)
i-16_type17_china,0.0,,,,,,0.0,,,,,,0.0,,,,,,I-16_type_17_(China)
i-16_type5_1935_china,0.0,,,,,,0.0,,,,,,0.0,,,,,,I-16_type_5_(China)
cn_isu_122,0.0,,,,,,0.0,,,,,,0.0,,,,,,ISU-122_(China)
ki-27_otsu_china,0.0,,,,,,0.0,,,,,,0.0,,,,,,Ki-27_otsu_(China)
ki-45_hei_tei_china,0.0,,,,,,0.0,,,,,,0.0,,,,,,Ki-45_hei/tei_(China)
ki_84_ko_china,0.0,,,,,,28.0,,,0.75,,0.81,4.0,,,,,,Ki-84_ko_(China)
cn_m113a1_tow,0.0,,,,,,98.0,41.18,0.0,0.0,1.88,1.52,0.0,,,,,,M113A1_(TOW)_(China)
cn_m3a3_stuart_1st_ptg,0.0,,,,,,0.0,,,,,,0.0,,,,,,M3A3_(1st_PTG)_(China)
cn_m48a1_patton_III,0.0,,,,,,90.0,44.64,0.0,0.0,2.64,2.53,0.0,,,,,,M48A1_(China)
mig-9_china,0.0,,,,,,10.0,,,1.0,,0.0,0.0,,,,,,MiG-9_(China)
mig-9_late_china,0.0,,,,,,0.0,,,,,,0.0,,,,,,MiG-9_(l)_(China)
mirage_2000_5ei,0.0,,,,,,52.0,97.5,1.63,1.34,0.18,0.18,0.0,,,,,,Mirage_2000-5Ei_(China)
pb4y-2_china,0.0,,,,,,0.0,,,,,,0.0,,,,,,PB4Y-2_(China)
sb_2m_103u_china,0.0,,,,,,0.0,,,,,,0.0,,,,,,SB_2M-103U_(China)
cn_sdkfz_222_early,0.0,,,,,,26.0,0.0,0.0,0.0,0.06,0.06,0.0,,,,,,Sd.Kfz.222_(China)
cn_su_76m_1943,0.0,,,,,,20.0,0.0,0.0,0.0,0.47,0.4,0.0,,,,,,SU-76M_(China)
tu-2_postwar_china,0.0,,,,,,47.0,100.0,0.0,0.0,3.23,3.45,0.0,,,,,,Tu-2S-44_(China)
tu_4_china,0.0,,,,,,0.0,,,,,,0.0,,,,,,Tu-4_(China)
uk_challenger_II_yt_cup_2019,,,,,,,,,,,,,,,,,,,␙Challenger_2
germ_leopard_2a5_yt_cup_2019,0.0,,,,,,0.0,,,,,,0.0,,,,,,␙Leopard_2A5
us_m1a1_abrams_yt_cup_2019,0.0,,,,,,0.0,,,,,,0.0,,,,,,␙M1A1
md_460_yt_cup_2019,,,,,,,,,,,,,,,,,,,␙Super_Mystere_B2
ussr_t_80u_yt_cup_2019,0.0,,,,,,0.0,,,,,,0.0,,,,,,␙T-80U
p-63c-5_kingcobra_animal_version,0.0,,,,,,113.0,65.16,0.6,0.96,2.62,4.34,0.0,,,,,,␠Kingcobra
f-86_canadair_german,0.0,,,,,,10.0,80.0,3.8,3.5,1.0,1.0,0.0,,,,,,◄CL-13A_Mk_5
f-86_cl_13b_mk6,0.0,,,,,,44.0,80.56,3.0,4.17,1.56,2.33,0.0,,,,,,◄CL-13B_Mk.6
ef_2000_block_10,0.0,,,,,,315.0,59.87,1.3,1.24,0.14,0.13,1.0,,,0.0,,0.0,◄EF-2000
ef_2000_aesa,0.0,,,,,,1009.0,60.39,2.0,2.55,0.39,0.51,0.0,,,,,,◄EF-2000_(AESA)
f-104g,0.0,,,,,,0.0,,,,,,0.0,,,,,,◄F-104G
f-4f_late,0.0,,,,,,189.0,56.14,0.4,0.5,2.41,2.93,15.0,100.0,2.0,1.0,2.0,1.0,◄F-4F
f-4f,0.0,,,,,,41.0,100.0,1.35,1.35,0.44,0.44,0.0,,,,,,◄F-4F_Early
f-4f_kws_lv,0.0,,,,,,134.0,37.9,1.22,1.28,0.18,0.19,3.0,,,0.0,,0.0,◄F-4F_KWS_LV
f-84f_germany,0.0,,,,,,10.0,50.0,0.0,0.0,1.5,3.0,0.0,,,,,,◄F-84F
f-86k_late_german,0.0,,,,,,7.0,0.0,1.0,0.8,0.0,0.0,0.0,,,,,,◄F-86K
fiat_g91_r3,0.0,,,,,,67.0,50.0,0.46,0.84,1.02,1.64,0.0,,,,,,◄G.91_R/3
mig-21_sps_k,0.0,,,,,,230.0,59.89,1.37,1.51,0.29,0.32,0.0,,,,,,◄MiG-21_SPS-K
mig_29_9_12g,0.0,,,,,,38.0,50.0,1.07,1.04,0.03,0.07,0.0,,,,,,◄MiG-29G
sea_hawk_mk100,0.0,,,,,,53.0,60.0,2.05,2.05,2.0,2.0,0.0,,,,,,◄Sea_Hawk_Mk.100
su_22m4_de_wtd61,0.0,,,,,,28.0,45.83,0.46,0.88,0.92,1.71,0.0,,,,,,◄Su-22M4_WTD61
tornado_ids_de_assta1,0.0,,,,,,45.0,50.0,0.05,0.04,0.49,0.71,15.0,,,0.0,,4.5,◄Tornado_IDS_ASSTA1
tornado_ids_de_assta3_sle,0.0,,,,,,9.0,33.33,0.3,0.3,0.0,0.0,0.0,,,,,,◄Tornado_IDS_SLE
il_28_german,0.0,,,,,,20.0,0.0,0.0,1.0,1.0,0.0,0.0,,,,,,◊IL-28
mig-17p_lim_5p,0.0,,,,,,67.0,67.5,2.65,3.15,1.0,0.98,0.0,,,,,,◊Lim-5P
mig-15bis_nr23_german,0.0,,,,,,31.0,100.0,1.81,1.48,1.5,1.32,0.0,,,,,,◊MiG-15bis
mig-21_bis_sau,0.0,,,,,,75.0,28.67,1.52,1.7,0.0,0.0,0.0,,,,,,◊MiG-21bis-SAU
mig_23bn,0.0,,,,,,44.0,50.0,0.5,0.32,1.64,1.31,0.0,,,,,,◊MiG-23BN
mig_23mf_germany,0.0,,,,,,0.0,,,,,,67.0,,,2.04,,0.0,◊MiG-23MF
mig_29_9_12_germany,0.0,,,,,,40.0,50.0,0.61,0.6,0.0,0.0,0.0,,,,,,◊MiG-29
su_22um3k,0.0,,,,,,27.0,50.0,0.13,0.08,2.63,2.38,0.0,,,,,,◊Su-22UM3K
us_lvt_a_1_trb,0.0,,,,,,0.0,,,,,,0.0,,,,,,○LVT(A)(1)
p-36c_rb,0.0,,,,,,0.0,,,,,,0.0,,,,,,○P-36C
fa_18c_switzerland,0.0,,,,,,1132.0,49.17,1.05,1.17,0.23,0.25,55.0,,,2.44,,0.0,◌F/A-18C
fa_18c_late_switzerland,0.0,,,,,,31.0,69.64,1.09,1.39,0.39,0.39,3.0,,,0.67,,0.0,◌F/A-18C_Late
mirage_3s_c70_switzerland,0.0,,,,,,65.0,80.95,2.33,3.0,0.05,0.05,0.0,,,,,,◌Mirage_IIIS_C.70
uk_challenger_2_megatron_sm,0.0,,,,,,179.0,54.39,0.0,0.0,1.16,1.0,0.0,,,,,,◍Challenger_2_OES
cn_mbt2000_sm,0.0,,,,,,24.0,,,0.0,,1.25,0.0,,,,,,◍MBT-2000
jp_type_90b_sm,0.0,,,,,,876.0,42.34,0.0,0.0,1.6,1.34,0.0,,,,,,◍Type_90_(B)
it_btr_80a_hungary,0.0,,,,,,38.0,82.0,0.0,0.0,1.2,1.1,0.0,,,,,,◔BTR-80A
re_2000_heja_1,0.0,,,,,,0.0,,,,,,0.0,,,,,,◔Héja_I
il_28_hungary,0.0,,,,,,0.0,,,,,,0.0,,,,,,◔IL-28
saab_jas39c_hungary,0.0,,,,,,63.0,91.67,2.03,2.2,8.06,5.15,0.0,,,,,,◔JAS39EBS_HU_C
mig-15bis_nr23_hungary,0.0,,,,,,0.0,,,,,,0.0,,,,,,◔MiG-15bis
mig-21_bis_sau_hungary,0.0,,,,,,5.0,40.0,1.0,1.3,0.0,0.0,10.0,,,1.0,,0.0,◔MiG-21bis-SAU
mig-21_mf_hungary,0.0,,,,,,32.0,95.24,1.9,2.0,0.0,0.0,0.0,,,,,,◔MiG-21MF
mig_23mf_hungary,0.0,,,,,,0.0,,,,,,0.0,,,,,,◔MiG-23MF
mig_29_9_12b_hungary,0.0,,,,,,18.0,50.0,0.63,0.7,0.0,0.0,0.0,,,,,,◔MiG-29
su_22m3_hungary,0.0,,,,,,0.0,,,,,,0.0,,,,,,◔Su-22M3
it_t_72m1,0.0,,,,,,223.0,70.39,0.0,0.0,4.72,3.79,0.0,,,,,,◔T-72M1
tu-2_postwar_late_hungary,0.0,,,,,,127.0,84.78,0.2,0.19,2.89,2.06,0.0,,,,,,◔Tu-2S-59
it_zsu_23_4,0.0,,,,,,31.0,0.0,1.0,1.0,0.0,0.0,0.0,,,,,,◔ZSU-23-4
fokker_g1a,0.0,,,,,,53.0,51.92,0.56,1.0,0.98,1.92,0.0,,,,,,◗Fokker_G.IA
f_16a_block_5_netherlands,0.0,,,,,,8.0,,,0.5,,0.5,0.0,,,,,,◘F-16A
sb_25j_netherlands,0.0,,,,,,0.0,,,,,,0.0,,,,,,◘SB-25J
sea_fury_fb51,0.0,,,,,,26.0,100.0,1.0,,1.0,,0.0,,,,,,◘Sea_Fury_FB.51
kfir_c10_colombia,0.0,,,,,,42.0,92.0,2.0,1.84,0.08,0.16,11.0,,,2.0,,0.0,◡Kfir_C.10
f_16a_block_10_norway,0.0,,,,,,15.0,100.0,0.08,0.13,3.17,3.25,0.0,,,,,,◢F-16A
f_16am_block_20_mlu_norway,0.0,,,,,,8.0,50.0,0.5,0.5,0.0,0.0,0.0,,,,,,◢F-16AM
f-5ag_norway,0.0,,,,,,3.0,,,,,,0.0,,,,,,◢F-5A(G)
mosquito_fb_mk6_ash_norway,0.0,,,,,,0.0,,,,,,0.0,,,,,,◢Mosquito_FB.Mk.VI_ASH
hawk_209_indonesia,0.0,,,,,,0.0,,,,,,0.0,,,,,,◥Hawk_209
a_4e_late_iaf,0.0,,,,,,0.0,,,,,,0.0,,,,,,A-4E_(Israel)
a_4e_early_iaf,0.0,,,,,,0.0,,,,,,0.0,,,,,,A-4E_Early_(M)_(Israel)
a_4h,0.0,,,,,,47.0,68.0,0.68,0.73,0.32,0.38,0.0,,,,,,A-4H_(Israel)
f-84f_israel_iaf,0.0,,,,,,0.0,,,,,,0.0,,,,,,F-84F_(Israel)
md_450b_ouragan_iaf_29,0.0,,,,,,0.0,,,,,,0.0,,,,,,M.D.450B_(29)_(Israel)
md_450b_ouragan_iaf,0.0,,,,,,30.0,0.0,0.44,0.67,1.89,1.19,0.0,,,,,,M.D.450B_Ouragan_(Israel)
il_m109,0.0,,,,,,14.0,50.0,0.0,0.0,0.54,1.07,0.0,,,,,,M109_(Israel)
meteor_fmk8_iaf,0.0,,,,,,0.0,,,,,,0.0,,,,,,Meteor_F.8_(Israel)
meteor_nfmk13,0.0,,,,,,25.0,,,,,,0.0,,,,,,Meteor_NF.13_(Israel)
meteor_frmk9_iaf,0.0,,,,,,0.0,,,,,,0.0,,,,,,Meteor_FR.9_(Israel)
mig_21_2000_iaf,0.0,,,,,,0.0,,,,,,0.0,,,,,,MiG-21_2000_(Israel)
md_454_mystere_4a_iaf,0.0,,,,,,0.0,,,,,,0.0,,,,,,Mystere_IVA_(Israel)
so_4050_vautour_2a_israel_iaf,0.0,,,,,,0.0,,,,,,0.0,,,,,,Vautour_IIA_(Israel)
so_4050_vautour_2n_iaf,0.0,,,,,,0.0,,,,,,0.0,,,,,,Vautour_IIN_(Israel)
