name,ab_battles,ab_win_rate,ab_air_frags_per_battle,ab_air_frags_per_death,ab_ground_frags_per_battle,ab_ground_frags_per_death,rb_battles,rb_win_rate,rb_air_frags_per_battle,rb_air_frags_per_death,rb_ground_frags_per_battle,rb_ground_frags_per_death,sb_battles,sb_win_rate,sb_air_frags_per_battle,sb_air_frags_per_death,sb_ground_frags_per_battle,sb_ground_frags_per_death,alt_name
germ_panzerbefelhswagen_VI_P,1183.0,88.32,0.01,0.07,6.66,9.85,184.0,60.0,0.0,0.0,4.48,3.48,0.0,,,,,,Pz.Bfw.VI_(P)
su_30mk2v_venezuela,844.0,59.95,6.0,5.03,0.33,0.25,1907.0,54.83,0.89,1.02,0.57,0.65,164.0,,,1.21,,0.36,Су-30МК2_AMV
ussr_t_34_1941_57,778.0,60.71,0.05,0.05,2.33,2.25,728.0,52.83,0.0,0.0,2.51,1.74,0.0,,,,,,T-34-57
germ_vsw_flak_41,606.0,92.3,0.09,0.1,5.21,8.52,227.0,53.1,0.0,0.0,4.72,3.32,17.0,,,0.0,,2.69,VFW
la-7,613.0,79.52,3.15,3.52,1.31,1.46,274.0,70.27,1.88,2.53,1.03,1.39,0.0,,,,,,La-7
ussr_kv_85,572.0,54.42,0.1,0.11,2.6,2.62,157.0,54.12,0.0,0.0,2.56,2.58,0.0,,,,,,KV-85
ussr_t_34_85E,545.0,89.4,0.0,0.0,5.51,5.56,553.0,63.71,0.0,0.0,5.96,5.5,0.0,,,,,,T-34-85E
ussr_kv_1e,540.0,78.41,0.03,0.03,5.42,6.01,232.0,73.16,0.0,0.0,6.53,4.72,0.0,,,,,,KV-1E
ussr_t_54_1947,502.0,53.59,0.1,0.1,3.32,3.3,317.0,59.15,0.0,0.0,2.72,1.41,14.0,,,0.0,,2.0,T-54_(1947)
sw_sav_fm48,491.0,69.55,0.05,0.04,4.62,3.23,618.0,53.18,0.0,0.0,4.44,2.41,0.0,,,,,,SAV_20.12.48
sw_t_34_85_zis_53,484.0,81.9,0.1,0.11,3.1,3.83,387.0,38.06,0.0,0.0,1.91,1.29,0.0,,,,,,T-34-85
germ_pzkpfw_VI_ausf_h1_tiger_west,448.0,66.33,0.05,0.05,4.02,6.87,380.0,50.06,0.0,0.0,3.08,3.32,0.0,,,,,,Tiger_West
ussr_t_34_85_zis_53,440.0,67.72,0.0,0.0,4.31,5.05,701.0,54.32,0.0,0.0,2.5,2.33,0.0,,,,,,T-34-85
il_m_51,451.0,85.13,0.2,0.14,6.15,3.42,1282.0,66.89,0.0,0.0,6.34,1.62,1.0,,,0.0,,1.0,M-51
germ_pzkpfw_V_ausf_d_panther,437.0,70.58,0.01,0.01,2.78,2.59,419.0,22.35,0.0,0.0,3.38,1.23,33.0,100.0,0.0,0.0,1.0,1.18,Panther_D
germ_pzkpfw_VI_ausf_e_tiger,425.0,66.22,0.07,0.08,4.09,4.19,1118.0,40.05,0.0,0.0,1.85,1.56,53.0,,,0.0,,2.47,Tiger_E
ussr_t_80uk,409.0,46.41,0.0,0.0,0.92,0.93,1741.0,45.06,0.0,0.0,1.51,1.18,0.0,,,,,,T-80UK
sw_t_34_1941,399.0,71.7,0.0,0.0,3.73,4.41,227.0,66.25,0.0,0.0,3.2,1.99,0.0,,,,,,T-34
ussr_object_906,387.0,51.84,0.0,0.0,2.0,1.73,1060.0,54.08,0.0,0.0,2.44,1.8,0.0,,,,,,Object_906
bf-109f-4,373.0,65.97,4.91,5.62,0.44,0.54,404.0,54.22,1.65,1.39,1.04,0.89,12.0,,,1.0,,0.0,Bf_109_F-4
ussr_t_34_85_zis_53_v80,366.0,80.17,0.0,0.0,4.56,5.71,442.0,74.29,0.0,0.0,5.56,3.35,0.0,,,,,,"Т-34-85_""Партизан"""
f3h-2,368.0,51.7,1.39,1.3,0.06,0.06,110.0,66.11,3.84,3.92,0.16,0.21,0.0,,,,,,F3H-2
i_185_m71_standard,360.0,66.23,2.71,2.29,0.63,0.54,138.0,66.95,0.89,0.7,1.21,0.89,0.0,,,,,,I-185_(M-71)
germ_sdkfz_9_flak37,366.0,71.77,0.21,0.28,6.94,9.2,248.0,48.05,0.0,0.0,1.93,1.91,0.0,,,,,,"8,8_cm_Flak_37_Sfl."
ussr_t_80ud,355.0,45.24,0.0,0.0,0.8,0.81,1976.0,51.69,0.0,0.0,1.55,1.35,48.0,50.0,0.0,0.0,0.52,0.67,T-80UD
us_m1a1_hc_usmc_sm,349.0,65.23,0.02,0.02,4.51,3.92,3454.0,57.06,0.0,0.0,2.51,1.98,0.0,,,,,,◍M1A1_HC
s_199,372.0,70.47,15.07,2.84,1.25,0.26,81.0,100.0,0.0,0.0,1.33,0.81,0.0,,,,,,Sakeen
la-5fn,341.0,64.7,5.37,4.55,0.41,0.35,169.0,53.22,3.36,3.5,1.01,1.06,0.0,,,,,,La-5FN
ussr_kv_1_zis_5,339.0,67.21,0.0,0.0,3.92,5.22,455.0,48.4,0.0,0.0,4.16,3.05,0.0,,,,,,KV-1_(ZiS-5)
yak-3,342.0,73.11,3.02,2.51,0.57,0.45,140.0,64.24,2.87,2.51,0.6,0.45,56.0,100.0,7.7,4.97,0.0,0.0,Yak-3
ussr_bt_5,327.0,67.69,0.0,0.0,3.11,3.96,68.0,44.44,0.0,0.0,3.66,4.67,0.0,,,,,,BT-5
germ_pzkpfw_VI_ausf_h1_tiger_east,322.0,61.2,0.03,0.04,3.86,6.08,323.0,46.18,0.0,0.0,2.79,3.12,0.0,,,,,,Tiger_Ost
germ_pzkpfw_III_ausf_F,345.0,92.19,0.0,0.0,6.56,11.51,42.0,100.0,0.0,0.0,11.0,3.76,0.0,,,,,,Pz.III_F
germ_pzkpfw_IV_ausf_C,310.0,77.39,0.06,0.16,7.92,18.35,0.0,,,,,,0.0,,,,,,Pz.IV_C
bf-109f-4_trop,319.0,67.19,4.64,4.45,0.51,0.52,68.0,100.0,2.82,2.72,0.91,0.8,0.0,,,,,,Bf_109_F-4/trop
su_22um3k,327.0,38.19,0.5,0.47,3.05,2.75,14.0,50.0,1.0,0.18,0.5,0.08,0.0,,,,,,◊Su-22UM3K
ussr_t_72b3_2011,328.0,43.61,0.04,0.04,0.69,0.75,1210.0,52.63,0.0,0.0,1.51,1.47,0.0,,,,,,T-72B3
germ_panzerbefelhswagen_IV_ausf_J,300.0,68.54,0.0,0.0,2.41,3.57,324.0,46.98,0.0,0.0,1.79,1.84,0.0,,,,,,Pz.Bfw.IV
germ_panzerjager_panther,293.0,62.72,0.0,0.0,2.68,2.68,299.0,41.84,0.0,0.0,2.45,1.46,0.0,,,,,,Jagdpanther_G1
germ_leopard_2k,288.0,54.63,0.0,0.0,2.88,2.29,1401.0,52.01,0.0,0.0,2.34,1.71,3.0,0.0,0.0,0.0,0.0,0.0,Leopard_2K
sw_sherman_3_4,293.0,72.64,0.03,0.03,4.3,4.15,672.0,59.15,0.0,0.0,4.21,3.06,0.0,,,,,,Sherman_III/IV
jp_m24_chaffee,300.0,66.35,0.15,0.15,3.42,3.36,563.0,67.46,0.0,0.0,2.13,1.81,0.0,,,,,,M24
jp_type_3_ka_chi,304.0,84.68,0.01,0.01,12.09,14.09,1.0,100.0,0.0,0.0,11.0,11.0,0.0,,,,,,Ka-Chi
f-100d,296.0,50.63,1.61,1.58,0.0,0.0,143.0,39.24,1.66,1.34,0.21,0.1,0.0,,,,,,F-100D
fw-190a-4,284.0,65.99,4.96,5.42,0.7,0.74,60.0,100.0,5.0,5.2,3.91,4.2,10.0,,,,,,Fw_190_A-4
ussr_t_34E_STZ,283.0,81.0,0.14,0.12,3.33,3.04,128.0,77.38,0.0,0.0,2.65,1.76,0.0,,,,,,T-34E_STZ
ussr_btr_82at,278.0,55.81,0.19,0.22,1.09,1.16,514.0,46.64,0.0,0.0,1.96,1.08,0.0,,,,,,БТР-82АТ
jp_type_4_chi_to_late,267.0,70.57,0.03,0.04,4.01,4.86,146.0,68.5,0.0,0.0,3.7,3.79,0.0,,,,,,Chi-To_Late
jp_type_4_chi_to,261.0,63.79,0.03,0.03,4.1,4.02,137.0,72.89,0.0,0.0,3.05,3.21,6.0,,,,,,Chi-To
germ_pzkpfw_VI_ausf_b_tiger_IIh_sla,265.0,57.11,0.0,0.0,3.15,3.46,1095.0,53.84,0.0,0.0,5.12,3.41,0.0,,,,,,Tiger_II_(H)_Sla.16
i_185_m82,264.0,55.92,3.61,2.48,0.63,0.47,92.0,93.75,0.06,0.34,2.06,0.61,0.0,,,,,,I-185_(M-82)
ussr_t_80ue1_sm,253.0,55.64,0.0,0.0,2.04,1.25,3845.0,49.51,0.0,0.0,1.45,1.17,0.0,,,,,,◍Т-80У-Е1
ussr_bmpt,264.0,51.2,0.25,0.25,1.51,1.51,2883.0,54.69,0.0,0.0,1.88,1.43,17.0,,,0.0,,1.0,БМПТ
yak-9u,260.0,69.57,3.24,3.95,0.37,0.44,43.0,,,2.58,,1.0,0.0,,,,,,Yak-9U
germ_pzkpfw_VI_ausf_h1_tiger,259.0,55.78,0.1,0.1,2.9,3.35,868.0,38.79,0.0,0.0,1.97,1.47,0.0,,,,,,Tiger_H1
ussr_bt_7_1937,247.0,68.23,0.0,0.0,3.38,3.01,77.0,100.0,0.0,0.0,9.6,4.76,0.0,,,,,,BT-7
f-86f-2,244.0,58.53,1.34,1.24,0.11,0.11,198.0,58.49,2.16,3.39,0.6,0.97,0.0,,,,,,F-86F-2
sw_lvkv_42,248.0,79.13,0.4,0.4,3.02,3.08,126.0,64.89,0.15,0.18,0.6,0.61,0.0,,,,,,Lvkv_42
germ_leopard_I,243.0,57.16,0.05,0.05,2.33,1.48,906.0,36.73,0.0,0.0,1.31,0.89,12.0,,,,,,Leopard_I
f-104a,233.0,53.84,1.19,1.58,0.0,0.0,18.0,,,1.0,,0.0,0.0,,,,,,F-104A
mig_23mf_germany,233.0,49.63,1.3,1.39,0.26,0.31,0.0,,,,,,0.0,,,,,,◊MiG-23MF
fj_4b,237.0,52.46,1.38,1.37,0.0,0.0,12.0,100.0,3.0,,0.0,,0.0,,,,,,FJ-4B
germ_panzerbefelhswagen_jagdpanther,227.0,81.88,0.0,0.0,7.0,6.62,52.0,50.0,0.0,0.0,1.0,1.24,0.0,,,,,,Bfw._Jagdpanther_G1
germ_pzkpfw_IV_ausf_J,232.0,53.55,0.0,0.0,1.47,1.87,176.0,50.0,0.0,0.0,2.78,1.77,0.0,,,,,,Pz.IV_J
su_30sm2,243.0,51.65,4.89,4.03,0.14,0.13,1304.0,59.93,1.29,1.57,0.9,1.09,47.0,98.67,1.16,1.08,2.05,1.99,Су-30СМ2
it_sherman_75_37,240.0,75.3,0.0,0.0,5.95,6.4,266.0,59.78,0.0,0.0,8.99,4.48,16.0,,,0.0,,2.0,Sherman_I_Composito
pe-2-359,232.0,98.99,0.39,0.34,6.32,5.68,13.0,100.0,0.0,0.0,0.85,0.85,0.0,,,,,,Pe-2-359
ussr_t_80bvm,218.0,58.81,0.0,0.0,1.98,1.76,4868.0,56.69,0.0,0.0,2.11,1.72,47.0,93.75,0.0,0.0,2.79,3.23,T-80BVM
germ_leopard_I_a1,238.0,46.48,0.0,0.0,1.46,1.22,933.0,37.93,0.0,0.0,1.97,2.04,2.0,0.0,0.0,0.0,2.0,1.0,Leopard_A1A1
sw_pvkv_II,215.0,85.35,0.0,0.0,3.72,5.79,149.0,86.67,0.0,0.0,6.21,2.88,0.0,,,,,,Pvkv_II
ussr_t_34_85_d_5t,228.0,60.8,0.0,0.0,3.06,3.32,870.0,49.42,0.0,0.0,2.39,1.74,0.0,,,,,,T-34-85_(D-5T)
us_t20,208.0,77.63,0.0,0.0,5.09,5.55,2585.0,71.95,0.0,0.01,5.29,5.25,53.0,52.94,0.0,0.0,3.59,2.92,T20
sw_m24_chaffee_dk,218.0,60.15,0.06,0.12,2.67,3.73,298.0,56.79,0.0,0.0,3.83,2.36,0.0,,,,,,M24DK
ussr_t_10m,216.0,58.9,0.14,0.14,3.62,3.53,396.0,57.87,0.0,0.0,3.43,2.62,0.0,,,,,,T-10M
f-4jk,204.0,55.8,1.71,1.6,0.09,0.07,86.0,60.0,1.0,0.52,0.8,0.34,1.0,,,,,,F-4J(UK)_Phantom_II
la-5_type39,210.0,68.35,4.61,5.89,0.54,0.63,0.0,,,,,,0.0,,,,,,La-5F
it_m4a4_sherman,202.0,65.79,0.0,0.0,3.8,6.53,125.0,71.95,0.0,0.0,4.74,2.65,0.0,,,,,,Sherman_V
la-7_dolgushin,194.0,75.13,4.1,7.78,0.77,0.95,163.0,61.95,3.23,9.65,0.96,2.61,1.0,,,2.0,,0.0,Dolgushin's_La-7
jp_type_3_chi_nu_75cm_type_5,201.0,79.13,0.09,0.17,4.75,6.79,330.0,59.79,0.0,0.0,2.94,2.49,0.0,,,,,,Chi-Nu_II
us_t58,204.0,73.7,0.0,0.0,4.91,3.83,626.0,64.23,0.0,0.0,4.41,3.11,0.0,,,,,,T58
ussr_zsu_29k,203.0,62.0,0.0,0.0,3.53,3.46,36.0,100.0,0.0,0.0,5.23,4.69,0.0,,,,,,YaG-10_(29-K)
mig-21_bis_lazur,196.0,53.67,1.76,1.59,0.76,0.69,160.0,52.87,1.83,1.82,0.15,0.15,0.0,,,,,,"◊MiG-21_""Lazur-M"""
germ_begleitpanzer_57,189.0,63.14,1.52,2.1,2.41,3.24,1710.0,53.27,0.12,0.09,1.75,1.27,43.0,79.14,0.15,0.15,1.4,1.41,Begleitpanzer_57
yak-9t,198.0,68.77,5.9,4.35,0.5,0.34,70.0,64.45,0.91,0.4,0.71,0.3,0.0,,,,,,Yak-9T
fr_amx_50_surbaisse,194.0,63.83,0.0,0.0,4.39,3.1,408.0,74.36,0.0,0.0,2.66,2.31,0.0,,,,,,AMX-50_Surbaissé
germ_leopard_a1a1_120,201.0,50.0,0.0,0.0,1.45,1.16,773.0,49.65,0.0,0.0,1.93,1.72,1.0,,,0.0,,2.0,Leopard_A1A1_(L/44)
ussr_t_34_100,189.0,87.14,0.0,0.0,4.1,3.34,383.0,55.49,0.0,0.0,4.18,2.6,21.0,7.14,0.0,0.0,0.29,1.0,T-34-100
us_m3_lee,204.0,61.86,0.2,0.2,3.5,3.75,81.0,50.0,0.0,0.0,3.59,2.18,0.0,,,,,,M3_Lee
yak-3_eremin,186.0,86.44,5.93,5.96,0.54,0.55,29.0,50.0,1.0,,0.5,,0.0,,,,,,Eremin's_Yak-3(e)
ussr_t_90m_2020,188.0,47.76,0.0,0.0,1.34,1.13,1755.0,54.37,0.0,0.0,2.11,1.69,12.0,100.0,0.0,0.0,1.0,1.0,T-90M
germ_pzkpfw_IV_ausf_H,189.0,71.96,0.0,0.0,3.19,4.29,459.0,38.35,0.0,0.0,1.92,1.39,51.0,0.0,0.0,0.0,2.0,1.41,Pz.IV_H
su_30sm,189.0,60.1,2.88,2.77,0.04,0.04,440.0,57.93,0.95,1.13,1.23,1.5,94.0,97.12,2.37,1.09,2.05,1.07,Су-30СМ
sw_pzkpfw_IV_ausf_J,179.0,70.91,0.0,0.0,3.35,4.09,87.0,33.33,0.0,0.0,2.78,2.06,0.0,,,,,,Pz.IV
ussr_is_1,177.0,63.62,0.0,0.0,2.74,3.8,372.0,58.38,0.0,0.0,2.75,2.28,0.0,,,,,,IS-1
yak-9m,178.0,75.86,7.19,6.0,0.4,0.4,6.0,,,2.0,,0.0,0.0,,,,,,Golovachev's_Yak-9M
ussr_t_34_57_1943,179.0,74.69,0.03,0.03,2.96,4.61,306.0,52.55,0.0,0.0,4.41,3.12,0.0,,,,,,T-34-57_(1943)
yak-7b,178.0,69.06,5.54,4.6,0.81,0.66,0.0,,,,,,0.0,,,,,,Yak-7B
us_t29,169.0,84.76,0.0,0.0,14.58,10.92,2283.0,60.98,0.0,0.0,4.04,2.98,0.0,,,,,,T29
ki_43_3_otsu,179.0,59.9,7.29,13.6,0.0,0.0,183.0,74.57,1.23,1.75,0.87,1.13,0.0,,,,,,Ki-43-III_otsu
cf_188a_canada,175.0,56.83,3.01,2.49,0.2,0.19,139.0,42.22,1.08,1.26,0.06,0.06,0.0,,,,,,CF-188A
mosquito_j30_sweden,181.0,56.22,3.19,1.99,0.18,0.13,154.0,58.34,1.13,0.86,1.11,0.43,0.0,,,,,,Mosquito_J30
us_m6a1,177.0,81.17,0.03,0.03,6.35,5.92,158.0,91.3,0.0,0.0,6.07,2.54,0.0,,,,,,M6A1
il_merkava_mk_2d,181.0,73.63,0.0,0.0,4.43,3.08,423.0,64.37,0.0,0.0,4.51,3.0,0.0,,,,,,Merkava_Mk.2D
ussr_t_34_1942,177.0,94.14,0.0,0.0,2.9,4.15,232.0,100.0,0.0,0.0,6.49,1.59,0.0,,,,,,T-34_(1942)
f-104c,184.0,49.4,1.03,1.15,0.0,0.0,0.0,,,,,,0.0,,,,,,F-104C
germ_pzsflk40_sturer_emil,156.0,72.15,0.0,0.0,2.93,3.41,33.0,5.88,0.0,0.0,4.91,4.21,0.0,,,,,,Sturer_Emil
cn_type_58,162.0,80.27,0.01,0.01,2.75,3.65,216.0,75.58,0.0,0.0,4.32,2.22,0.0,,,,,,Т-34-85_Gai
a_10a_early,161.0,68.34,2.78,1.53,2.97,1.65,484.0,59.92,0.37,0.44,3.37,4.01,87.0,100.0,0.67,0.77,3.93,3.09,A-10A
germ_pzkpfw_VI_ausf_b_tiger_IIh,169.0,50.01,0.0,0.0,3.13,5.09,1825.0,52.44,0.0,0.0,3.59,3.24,0.0,,,,,,Tiger_II_(H)
ussr_kv_1s,160.0,73.06,0.0,0.0,3.38,3.07,169.0,36.11,0.0,0.0,1.74,1.11,0.0,,,,,,KV-1S
it_m24_chaffee,163.0,83.22,0.07,0.12,6.65,6.67,254.0,70.73,0.02,0.02,1.75,1.45,0.0,,,,,,M24
ussr_zsu_57_2,150.0,43.75,0.13,0.04,3.33,1.71,943.0,38.77,0.04,0.01,2.21,1.24,33.0,8.33,0.0,0.0,1.13,1.02,ZSU-57-2
ki_61_1a_otsu_china,164.0,68.75,5.84,7.77,2.84,3.34,0.0,,,,,,42.0,77.27,0.5,0.5,1.5,1.5,Ki-61-I_otsu_(China)
ussr_t_72a,151.0,64.35,0.09,0.05,4.78,3.24,1774.0,51.47,0.0,0.0,2.42,1.94,0.0,,,,,,T-72A
su_30mkk,169.0,71.52,10.61,11.98,2.06,2.44,588.0,60.16,1.5,1.98,0.71,0.93,2.0,100.0,2.0,1.0,2.0,1.0,Su-30MKK_(China)
itp_m1,162.0,89.43,4.33,3.1,0.69,0.59,202.0,59.42,1.29,1.12,2.59,1.84,0.0,,,,,,ITP_(M-1)
ussr_t_55a,165.0,76.43,0.02,0.01,4.1,2.72,946.0,63.98,0.0,0.0,2.74,1.81,0.0,,,,,,T-55A
germ_pzh_2000,148.0,41.95,1.71,1.25,1.81,1.56,804.0,39.95,0.1,0.08,1.67,1.24,8.0,100.0,0.0,0.0,0.0,0.0,PzH_2000
germ_kpz_70,156.0,62.89,0.0,0.0,0.91,0.79,1680.0,51.83,0.0,0.0,2.19,1.63,6.0,0.0,0.0,0.0,0.5,0.5,KPz-70
ussr_9a35_m2,153.0,43.61,2.43,4.67,0.52,1.06,160.0,34.92,1.69,2.48,0.0,0.0,0.0,,,,,,Strela-10M2
cn_m36,147.0,75.61,0.01,0.01,1.92,2.1,175.0,78.19,0.0,0.0,2.22,1.51,0.0,,,,,,M36_GMC_(China)
fr_somua_sm,152.0,57.34,0.0,0.0,2.85,2.81,1742.0,70.45,0.0,0.0,3.61,2.6,1.0,100.0,0.0,0.0,2.0,2.0,Somua_SM
a_20g_30_ussr,140.0,88.51,0.13,0.09,8.71,7.48,56.0,0.0,0.0,0.0,1.16,0.67,24.0,100.0,1.0,0.5,0.0,0.0,A-20G-30
ki_44_2_hei_china,146.0,66.67,2.48,3.71,3.6,1.55,8.0,100.0,2.5,,0.0,,10.0,,,,,,Ki-44-II_hei_(China)
p-51_mk1a_usaaf,149.0,78.21,3.24,2.96,0.15,0.16,39.0,42.0,1.42,1.92,0.42,0.48,20.0,,,,,,P-51
ussr_t_80b,139.0,57.3,0.0,0.0,3.14,2.12,1024.0,50.53,0.0,0.0,1.66,1.53,15.0,55.56,0.0,0.0,1.11,1.57,T-80B
us_m41_walker_bulldog,140.0,51.37,0.0,0.0,1.68,1.64,513.0,74.33,0.0,0.0,2.39,1.32,0.0,,,,,,M41A1
ussr_su_100p,142.0,51.89,0.0,0.0,1.87,1.86,578.0,52.78,0.0,0.0,2.6,1.65,0.0,,,,,,SU-100P
yak-1b,147.0,95.33,7.73,7.61,1.71,1.85,126.0,43.89,3.68,2.43,1.18,0.61,0.0,,,,,,Yak-1B
f8u-2,155.0,50.63,1.77,1.61,0.0,0.0,155.0,54.97,1.89,2.93,1.15,1.83,0.0,,,,,,F8U-2
cn_vt_4,149.0,51.78,0.0,0.0,1.03,1.15,31.0,38.46,0.0,0.0,0.8,1.0,1.0,,,0.0,,1.0,VT4
us_m18_hellcat,147.0,54.0,0.0,0.0,1.91,1.68,1002.0,58.39,0.0,0.0,2.21,1.7,26.0,100.0,0.0,0.0,1.33,1.4,M18_GMC
uk_a_13_mk1,147.0,96.67,0.15,0.19,6.61,10.03,0.0,,,,,,0.0,,,,,,A13_Mk_I
yak-9,143.0,56.14,4.25,3.03,0.04,0.03,29.0,,,1.3,,0.0,0.0,,,,,,Yak-9
germ_flakpanzer_IV_Ostwind,146.0,59.08,2.09,3.37,1.64,2.6,329.0,45.17,1.17,0.7,0.86,0.52,0.0,,,,,,Ostwind
ussr_is_2_1944,146.0,43.67,0.0,0.0,1.27,1.31,491.0,42.48,0.0,0.0,1.85,1.75,1.0,100.0,0.0,0.0,3.0,3.0,IS-2_(1944)
ussr_kv_8,140.0,71.59,0.0,0.0,2.57,2.37,315.0,55.67,0.0,0.0,4.35,2.31,0.0,,,,,,КВ-8
germ_t_34_747,135.0,67.89,0.0,0.0,3.32,6.09,72.0,34.07,0.0,0.0,3.37,3.41,0.0,,,,,,T_34_747_(r)
f-4m_fgr2,137.0,65.33,2.21,2.27,0.17,0.17,243.0,62.98,0.94,1.05,0.19,0.22,0.0,,,,,,Phantom_FGR.2
pe-2-83,145.0,100.0,0.14,0.13,5.49,4.64,0.0,,,,,,0.0,,,,,,Pe-2-83
ussr_is_7,134.0,92.75,0.18,0.43,6.05,9.73,90.0,99.33,0.0,0.0,7.63,6.17,0.0,,,,,,IS-7
f_16a_block_5_netherlands,140.0,41.67,1.72,0.9,0.0,0.0,42.0,48.33,0.16,0.3,0.28,0.52,0.0,,,,,,◘F-16A
cn_t_34_1942,137.0,94.9,0.0,0.0,6.04,5.81,106.0,81.41,0.0,0.0,5.6,2.92,0.0,,,,,,T-34_(1943)_(China)
f-84f,129.0,54.41,1.08,1.1,0.0,0.0,28.0,27.5,0.38,0.45,0.86,1.08,0.0,,,,,,F-84F
cn_t_34_85_d_5t,130.0,77.11,0.0,0.0,2.71,3.07,197.0,79.44,0.0,0.0,3.17,1.64,0.0,,,,,,Т-34-85_(S-53)_(China)
p-47d_22_re,143.0,58.47,3.25,3.3,1.23,1.68,85.0,33.97,0.52,0.39,0.98,0.71,0.0,,,,,,P-47D-22-RE
f-4k,132.0,62.44,1.93,1.94,0.13,0.13,8.0,,,2.0,,0.0,0.0,,,,,,Phantom_FG.1
germ_pz_IV_L70,132.0,65.1,0.2,0.3,4.46,7.57,126.0,12.96,0.0,0.0,2.54,1.44,0.0,,,,,,Panzer_IV/70(V)
us_xm_803,138.0,60.78,0.0,0.0,2.62,2.59,2486.0,58.58,0.0,0.0,2.33,2.02,0.0,,,,,,XM803
germ_pzkpfw_V_ausf_g_panther,137.0,75.92,0.0,0.0,1.97,2.14,378.0,39.43,0.0,0.0,2.71,1.87,6.0,,,0.0,,0.0,Panther_G
ussr_t_44_po,129.0,100.0,0.0,0.0,4.13,4.71,75.0,42.86,0.0,0.0,4.86,4.04,0.0,,,,,,Т-44(ПМ)
la-7b-20,131.0,58.67,4.06,5.06,0.27,0.38,230.0,54.78,0.95,1.32,1.02,1.44,0.0,,,,,,La-7B-20
ussr_t_44,131.0,36.22,0.0,0.0,1.57,2.03,546.0,43.82,0.0,0.0,2.46,1.56,0.0,,,,,,T-44
il_2m_1943,129.0,95.0,1.94,1.57,6.68,5.36,27.0,,,0.79,,0.5,0.0,,,,,,IL-2M_(1943)
fw-190a-5_u2,124.0,64.64,2.66,3.78,1.18,0.96,76.0,8.06,0.27,0.34,0.8,0.98,0.0,,,,,,Fw_190_A-5/U2
ussr_t_80u,127.0,52.69,0.0,0.0,1.33,1.55,1462.0,46.46,0.0,0.0,1.73,1.39,19.0,100.0,0.0,0.0,2.0,2.0,T-80U
su_27sm,129.0,70.94,4.51,4.02,0.17,0.14,274.0,54.14,1.86,2.21,0.0,0.0,10.0,,,1.0,,0.0,Su-27SM
it_43m_turan_3,126.0,95.0,0.0,0.0,4.14,4.21,124.0,85.76,0.0,0.0,3.78,3.3,0.0,,,,,,Turan_III
germ_spz_oerlikon_raketenautomat,125.0,63.22,0.0,0.0,2.82,1.9,287.0,25.63,0.0,0.0,1.94,1.72,0.0,,,,,,Raketenautomat
mig_23mla,130.0,61.38,1.83,1.71,0.05,0.04,104.0,42.05,0.94,1.28,0.0,0.0,9.0,,,1.0,,0.0,◊MiG-23MLA
me_264,128.0,72.68,0.48,0.4,4.8,4.97,0.0,,,,,,0.0,,,,,,Me_264
cn_vt_5,117.0,57.36,0.0,0.0,1.32,1.24,355.0,62.97,0.0,0.0,1.44,1.44,1.0,,,0.0,,1.0,VT5
lagg-3-8,118.0,75.48,4.87,4.94,0.5,0.51,0.0,,,,,,0.0,,,,,,LaGG-3-8
cn_wz_1001,130.0,42.62,0.0,0.0,1.28,1.52,281.0,58.97,0.0,0.0,1.75,1.96,0.0,,,,,,WZ1001(E)_LCT
jp_type_16_mcv_prot,122.0,53.33,0.0,0.0,0.44,0.48,390.0,66.52,0.0,0.0,1.75,1.04,0.0,,,,,,Type_16_(P)
us_t14,121.0,68.59,0.05,0.1,4.87,6.35,812.0,66.46,0.0,0.0,5.22,4.38,11.0,,,0.0,,3.0,T14
p-47d,127.0,71.29,1.61,1.52,3.36,3.61,15.0,,,1.0,,2.0,6.0,,,,,,P-47D-25
uk_sherman_ic_firefly,125.0,74.44,0.0,0.0,7.66,6.23,82.0,54.17,0.0,0.0,4.18,4.56,0.0,,,,,,"Sherman_IC_""Trzyniec"""
yak-9k,120.0,57.22,3.36,2.53,0.2,0.16,1079.0,63.68,0.25,0.27,1.91,2.02,0.0,,,,,,Yak-9K
us_m4a3e8_76w_sherman,125.0,55.94,0.0,0.0,3.67,3.36,480.0,59.51,0.0,0.0,3.53,2.59,10.0,,,0.0,,1.0,M4A3_(76)_W
germ_flakpz_I_Gepard,122.0,49.67,1.43,1.49,1.63,1.7,1554.0,39.0,0.23,0.2,1.02,0.84,23.0,0.0,0.0,0.0,1.17,0.99,Gepard
ussr_btr_152d,122.0,60.84,1.63,4.3,0.21,0.68,426.0,36.99,1.02,0.69,0.02,0.01,0.0,,,,,,BTR-152D
mig_29_9_13,122.0,57.82,2.03,1.8,0.0,0.0,62.0,82.5,1.48,1.03,0.0,0.0,0.0,,,,,,MiG-29
jp_type_5_na_to,122.0,41.94,0.23,0.18,1.16,1.27,99.0,66.67,0.0,0.0,5.7,4.92,0.0,,,,,,Na-To
ussr_t_35,114.0,39.68,0.0,0.01,2.03,2.41,5.0,100.0,0.0,0.0,9.0,3.38,0.0,,,,,,T-35
pe-2-31,121.0,100.0,0.11,0.14,4.13,5.47,0.0,,,,,,0.0,,,,,,Pe-2-31
ki_44_2_hei,116.0,81.89,11.68,8.77,0.61,0.46,28.0,100.0,1.57,,1.21,,0.0,,,,,,Ki-44-II_hei
f6f-3,119.0,90.77,1.81,1.18,8.1,5.4,121.0,70.71,0.55,0.54,1.86,1.73,16.0,,,,,,F6F-5
sw_strv_m42_delat_torn,119.0,50.0,0.0,0.0,3.15,2.75,248.0,59.56,0.0,0.0,2.48,1.53,0.0,,,,,,Strv_m/42_DT
uk_a17_mk_1_tetrarch,118.0,97.14,0.2,0.5,3.89,9.1,1.0,,,0.0,,1.0,0.0,,,,,,Tetrarch_I
germ_waffentrager_krupp_steyr,126.0,51.48,0.03,0.01,2.18,2.74,80.0,35.55,0.0,0.0,1.38,1.79,0.0,,,,,,Waffenträger
f8f1,115.0,71.43,5.46,2.6,3.57,1.35,294.0,59.62,1.2,1.31,2.03,2.15,0.0,,,,,,F8F-1
ussr_m4a2_76w_sherman,111.0,94.25,0.0,0.0,5.66,5.95,185.0,68.04,0.0,0.0,4.95,4.02,0.0,,,,,,M4A2
do_335a_1,117.0,80.56,0.93,1.17,7.57,4.0,44.0,14.03,0.05,0.11,2.18,2.53,0.0,,,,,,Do_335_A-1
harrier_gr1,103.0,70.4,0.95,0.92,0.51,0.46,94.0,47.22,0.29,0.26,1.25,1.28,0.0,,,,,,Harrier_GR.1
su_34,111.0,77.78,3.94,4.89,0.76,1.33,388.0,59.26,0.48,0.5,1.2,1.28,46.0,,,1.26,,1.29,Су-34
ussr_t_72b_1989,105.0,49.38,0.0,0.0,2.18,1.64,217.0,52.03,0.0,0.0,1.75,1.29,0.0,,,,,,T-72B_(1989)
us_m36b2,114.0,60.89,0.0,0.0,2.15,1.95,420.0,50.31,0.0,0.0,2.6,1.74,10.0,0.0,0.0,0.0,1.0,1.0,M36B2
p-47d_ussr,111.0,80.0,1.85,1.44,3.1,2.23,125.0,64.29,0.27,0.3,2.03,1.68,0.0,,,,,,P-47D-27
p-47d-28,112.0,68.89,2.39,4.13,2.06,2.12,5.0,,,,,,7.0,0.0,2.0,2.0,0.0,0.0,P-47D-28
jp_halftrack_m16,113.0,39.05,1.73,3.6,0.13,0.3,20.0,,,0.0,,0.0,0.0,,,,,,M16_MGMC
sw_strv_74,111.0,68.39,0.0,0.0,2.56,2.47,212.0,44.88,0.0,0.0,2.22,1.12,0.0,,,,,,Strv_74
p-51d-20-na,113.0,57.69,7.37,10.27,0.68,0.88,208.0,64.45,1.1,1.3,1.77,2.04,0.0,,,,,,P-51D-20-NA
a_4b,101.0,53.13,2.0,1.69,0.0,0.0,69.0,65.0,0.27,0.32,0.95,1.58,0.0,,,,,,A-4B
p-51_a-36,112.0,79.17,2.51,2.14,2.71,1.32,7.0,0.0,1.0,0.57,2.0,2.0,0.0,,,,,,A-36
firefly_mk1,107.0,96.94,2.66,1.86,7.17,5.08,0.0,,,,,,0.0,,,,,,Firefly_F_Mk_I
sw_kv_1_1942_fin,106.0,63.78,0.27,0.57,2.75,5.17,42.0,100.0,0.0,0.0,7.73,7.21,0.0,,,,,,KV-1_m1942
ki_61_1a_otsu,106.0,100.0,11.43,6.86,3.57,1.71,0.0,,,,,,2.0,50.0,0.5,1.0,1.5,3.0,Ki-61-I_otsu
germ_pzkpfw_IV_ausf_F2,106.0,51.95,0.1,0.12,3.79,4.16,267.0,50.54,0.0,0.0,3.05,2.56,0.0,,,,,,Pz.IV_F2
yak-3p,105.0,50.0,2.41,2.68,0.0,0.0,187.0,53.89,2.79,3.5,0.94,1.21,13.0,100.0,4.0,1.71,0.0,0.0,Yak-3P
f4u-1d,110.0,82.14,2.26,1.9,5.4,4.64,29.0,50.0,1.42,1.34,2.38,2.22,0.0,,,,,,F4U-1D
i-153_m62,99.0,43.75,3.86,3.62,0.15,0.08,0.0,,,,,,0.0,,,,,,I-153_M-62
sw_strv_122b_plus,107.0,97.67,0.0,0.0,6.67,9.44,503.0,47.65,0.0,0.0,3.46,2.63,0.0,,,,,,Strv_122B+
yak_2_kabb,103.0,100.0,2.09,2.26,4.72,5.14,0.0,,,,,,11.0,,,,,,Yak-2_KABB
us_halftrack_m3_75mm_gmc,111.0,58.61,0.0,0.0,3.28,2.95,0.0,,,,,,0.0,,,,,,M3_GMC
av_8c,114.0,50.0,1.63,2.14,0.0,0.0,96.0,56.9,1.31,1.13,2.03,1.8,0.0,,,,,,AV-8C
uk_sherman_vc_firefly,113.0,50.0,0.12,0.08,1.86,2.83,164.0,60.21,0.0,0.0,4.33,3.28,0.0,,,,,,Sherman_Firefly
mig_25pd,107.0,40.13,2.44,2.64,0.0,0.0,300.0,66.36,2.68,3.13,0.0,0.0,0.0,,,,,,МиГ-25ПД
ussr_t_90a,101.0,24.8,0.0,0.0,2.68,2.52,1120.0,51.38,0.0,0.0,1.8,1.56,22.0,53.33,0.0,0.0,1.04,1.14,Т-90А
us_m4_sherman_calliope,115.0,100.0,0.0,0.0,5.72,5.72,99.0,79.17,0.0,0.0,2.64,2.44,0.0,,,,,,Calliope
germ_panther_II,106.0,83.6,0.0,0.0,4.4,4.93,244.0,72.15,0.0,0.0,5.4,3.57,17.0,,,0.0,,0.06,Panther_II
ussr_t_72b,96.0,51.14,0.0,0.0,1.89,2.08,389.0,39.09,0.0,0.0,2.53,1.73,0.0,,,,,,T-72B
ussr_t_55_am,101.0,43.11,0.0,0.0,0.87,0.98,515.0,52.42,0.0,0.0,2.46,1.68,1.0,,,,,,T-55AM-1
sw_strv_m39,102.0,100.0,0.0,0.0,5.89,4.94,0.0,,,,,,0.0,,,,,,Strv_m/39
f-4s,102.0,48.98,4.66,2.09,0.43,0.19,1342.0,52.58,1.1,1.24,0.35,0.39,0.0,,,,,,F-4S_Phantom_II
fw-190d-9,97.0,37.78,4.17,3.81,0.32,0.32,286.0,51.6,0.46,0.44,0.79,0.74,17.0,,,,,,Fw_190_D-9
fw-190a-1,100.0,100.0,6.42,6.77,0.6,0.52,61.0,55.3,2.38,2.5,1.14,1.04,15.0,,,2.0,,0.0,Fw_190_A-1
ussr_bt_7_m,99.0,78.47,0.0,0.0,4.16,2.5,107.0,52.78,0.0,0.0,3.78,2.33,0.0,,,,,,BT-7M
us_m4a2_sherman,100.0,100.0,0.0,0.0,8.25,5.28,163.0,62.12,0.0,0.0,6.15,5.29,0.0,,,,,,M4A2
cn_oplot_t,105.0,43.7,0.0,0.0,0.75,1.1,313.0,62.19,0.0,0.0,2.7,1.62,3.0,100.0,0.0,0.0,4.0,2.0,Oplot-M
us_m36,97.0,90.5,0.01,0.02,5.97,4.98,420.0,44.36,0.0,0.0,2.61,1.84,0.0,,,,,,M36_GMC
ar_2,96.0,100.0,0.54,0.48,10.75,9.78,11.0,100.0,0.0,0.0,2.0,2.0,0.0,,,,,,Ar-2
il_8_1944,93.0,100.0,1.41,1.01,6.01,3.91,94.0,98.86,0.29,0.11,3.82,1.93,11.0,,,0.0,,0.18,IL-8_(1944)
p-61c_1,96.0,88.61,1.67,1.09,5.15,3.47,35.0,100.0,0.0,0.22,1.0,0.67,0.0,,,,,,P-61C-1
ussr_t_55_amd_1,103.0,56.4,0.0,0.0,1.4,1.76,827.0,44.29,0.0,0.0,1.59,1.37,19.0,,,0.0,,4.0,T-55AMD-1
it_41m_turan_2,93.0,100.0,0.0,0.0,9.26,5.41,30.0,,,0.0,,7.88,0.0,,,,,,Turan_II
us_m5a1_stuart,102.0,63.14,0.12,0.22,1.55,2.46,33.0,37.5,0.0,0.0,1.58,1.33,0.0,,,,,,M5A1
p-63a-10,97.0,71.44,1.87,1.53,0.76,0.44,181.0,54.14,0.52,0.48,0.69,0.62,0.0,,,,,,P-63A-10
germ_pzkpfw_V_ausf_f_panther,95.0,62.18,0.0,0.0,2.95,4.66,261.0,44.16,0.0,0.0,3.94,2.67,0.0,,,,,,Panther_F
mig_29smt_9_19,92.0,95.58,3.89,2.7,0.09,0.05,200.0,37.09,1.08,1.16,0.0,0.0,0.0,,,,,,MiG-29SMT
ussr_asu_85,95.0,44.71,0.0,0.0,0.62,0.78,429.0,41.69,0.0,0.0,1.4,1.09,0.0,,,,,,ASU-85
ussr_t_44_100,92.0,77.38,0.45,0.14,3.95,2.28,761.0,49.92,0.0,0.0,2.39,1.73,58.0,42.0,0.0,0.0,2.32,2.43,T-44-100
ussr_t_72b3_arena,85.0,30.8,0.0,0.0,1.05,1.07,870.0,49.69,0.0,0.0,2.68,1.7,47.0,100.0,0.0,0.0,1.3,1.01,"Т-72Б3_""Арена"""
saab_t18b_1,89.0,92.22,4.37,2.28,12.69,6.4,0.0,,,,,,0.0,,,,,,T18B
fa_18e_block_2,92.0,49.44,3.28,3.07,0.1,0.06,241.0,50.6,1.8,2.62,1.16,1.85,3.0,50.0,2.0,2.0,1.0,1.0,F/A-18E
f_16c_block_52_aesa,91.0,46.67,2.31,2.6,0.05,0.05,492.0,51.14,0.96,1.1,0.49,0.53,22.0,,,0.0,,0.0,F-16CM_PoBIT
ffvs_j22_b,94.0,50.88,2.04,1.12,0.03,0.01,22.0,,,0.0,,0.0,0.0,,,,,,J22-B
germ_pzsfl_IVa_dickermax,90.0,41.11,0.0,0.0,1.14,1.62,92.0,,,0.0,,3.4,0.0,,,,,,Dicker_Max
harrier_t10,85.0,53.61,1.19,1.27,0.9,1.12,34.0,50.0,0.0,0.0,1.55,2.47,0.0,,,,,,Harrier_T.10
uk_a_13_mk2,90.0,96.0,0.0,0.0,6.5,10.78,14.0,,,0.0,,1.43,0.0,,,,,,A13_Mk_II
us_m2a4_1st_armor_div,87.0,75.0,0.0,0.0,3.86,3.79,8.0,100.0,0.0,0.0,10.0,3.57,0.0,,,,,,M2A4_(1st_Arm.Div.)
us_t25,85.0,97.14,0.0,0.0,5.15,5.49,98.0,100.0,0.0,0.0,4.92,2.26,29.0,,,,,,T25
sw_pt_76b,90.0,50.0,0.0,0.0,1.23,1.47,180.0,26.06,0.0,0.0,0.76,0.51,0.0,,,,,,PT-76
mosquito_fb_mk26_china,84.0,59.8,0.99,1.4,2.45,2.28,60.0,72.81,0.67,1.26,1.85,3.34,0.0,,,,,,Mosquito_FB.Mk.26
ussr_t_72av_turms,90.0,81.11,0.0,0.0,3.8,2.45,1215.0,50.09,0.0,0.0,2.24,1.89,2.0,100.0,0.0,0.0,3.0,3.0,T-72AV_(TURMS-T)
il_sabra_mk1,86.0,58.7,0.0,0.0,2.79,1.78,73.0,84.21,0.0,0.0,4.74,2.47,0.0,,,,,,Sabra_Mk.I
thunderbolt_mk1,84.0,97.78,2.13,1.12,9.77,4.9,29.0,100.0,0.32,0.32,2.53,2.53,0.0,,,,,,Thunderbolt_Mk.1
germ_leopard_2a4m_can,80.0,62.7,0.0,0.0,3.21,3.21,1220.0,41.76,0.0,0.0,1.66,1.29,0.0,,,,,,Leopard_2A4M
ussr_su_152,84.0,66.67,0.0,0.0,2.25,2.59,96.0,25.93,0.0,0.0,3.53,2.0,0.0,,,,,,SU-152
ussr_t_64_b_1984,85.0,58.34,0.0,0.0,3.18,3.79,416.0,45.04,0.0,0.0,1.97,1.88,14.0,100.0,0.0,0.0,4.0,4.0,T-64B
ussr_t_62m1,87.0,76.39,0.0,0.0,2.04,1.38,632.0,53.67,0.0,0.0,1.64,1.74,40.0,73.91,0.0,0.0,1.0,1.52,T-62M-1
germ_pzkpfw_VI_ausf_b_tiger_IIh_kwk46,84.0,54.49,0.0,0.0,5.17,8.71,346.0,69.92,0.04,0.04,5.89,5.13,0.0,,,,,,Tiger_II_(10.5_cm_Kw.K)
germ_pz_IV_L70_A,84.0,75.64,0.0,0.0,2.77,2.7,44.0,66.67,0.0,0.0,3.1,4.67,0.0,,,,,,Panzer_IV/70(A)
germ_pzkpfw_VI_ausf_h1_tiger_animal_version,72.0,98.78,0.02,0.18,4.27,9.6,49.0,100.0,0.0,0.0,7.5,7.5,0.0,,,,,,␠Tiger
yak-3u,81.0,31.94,3.23,2.46,0.0,0.0,191.0,77.95,4.0,10.79,0.79,2.12,0.0,,,,,,Yak-3U
tornado_ids_de_mfg,79.0,71.49,0.3,0.24,5.84,5.2,0.0,,,,,,0.0,,,,,,◄Tornado_IDS_MFG
ussr_pzkpfw_V,80.0,100.0,0.0,0.0,8.84,6.77,159.0,56.78,0.0,0.0,2.2,2.21,0.0,,,,,,T-V
germ_leopard_2a6,87.0,72.22,0.28,0.33,3.28,4.5,640.0,39.72,0.0,0.0,2.62,1.78,0.0,,,,,,Leopard_2A6
us_mbt_70,88.0,52.67,0.0,0.0,0.72,0.72,1111.0,55.79,0.0,0.0,2.13,1.59,0.0,,,,,,MBT-70
i_225,77.0,0.0,1.0,1.8,0.0,0.0,64.0,77.16,0.93,0.92,0.61,0.5,0.0,,,,,,I-225
p-51d-20-na_j26,86.0,54.39,2.04,1.41,0.34,0.27,78.0,0.0,0.65,0.43,0.0,0.0,0.0,,,,,,J26
us_t1e1,80.0,50.0,0.0,0.0,2.08,2.25,65.0,58.89,0.0,0.0,2.84,3.98,0.0,,,,,,T1E1
sw_a_34_comet,81.0,80.56,0.0,0.0,1.11,1.75,147.0,42.67,0.0,0.0,0.53,0.44,0.0,,,,,,Comet_I
germ_nbfz_VI,79.0,100.0,0.0,0.0,4.31,8.83,0.0,,,,,,0.0,,,,,,Nb.Fz.
spitfire_mk5b,80.0,100.0,5.79,5.62,0.0,0.0,8.0,,,,,,0.0,,,,,,Spitfire_Mk_Vb/trop
germ_leopard_2a7v,84.0,66.67,0.3,0.5,3.9,5.83,1527.0,44.01,0.0,0.0,3.34,2.49,0.0,,,,,,Leopard_2A7V
ussr_t_34_85_stp_s53,83.0,46.15,0.19,0.15,1.2,2.84,1224.0,54.11,0.0,0.0,2.41,2.32,1.0,100.0,0.0,,1.0,,Т-34-85_(СТП)
jp_type_90b_sm,85.0,54.86,0.0,0.0,0.7,0.73,198.0,53.73,0.0,0.0,2.0,2.19,0.0,,,,,,◍Type_90_(B)
av_8a,84.0,50.0,6.25,5.5,0.75,0.65,74.0,19.05,2.86,1.23,5.14,1.46,0.0,,,,,,AV-8A
pe-3,79.0,100.0,0.45,0.72,4.37,6.83,0.0,,,,,,0.0,,,,,,Pe-3
germ_pzkpfw_V_ausf_a_panther,82.0,48.89,0.0,0.0,1.43,2.64,478.0,52.1,0.0,0.0,3.96,1.86,0.0,,,,,,Panther_A
la-9,79.0,42.86,5.07,3.58,0.14,0.1,40.0,25.0,0.55,1.31,0.0,0.38,0.0,,,,,,La-9
yak-1_early,73.0,77.5,8.08,5.21,1.45,1.0,20.0,0.0,1.63,1.63,0.0,0.0,0.0,,,,,,Yak-1
fa_18a_raaf,78.0,43.52,1.53,0.92,0.0,0.0,70.0,70.51,1.26,1.78,0.0,0.0,27.0,,,1.0,,0.0,F/A-18A
uk_t_90s_bheeshma,69.0,53.85,0.0,0.0,3.19,2.54,390.0,70.56,0.0,0.0,3.0,1.68,0.0,,,,,,Bhishma_TWMP
ki_100_early,76.0,50.0,3.38,3.66,0.3,0.28,41.0,100.0,3.81,5.0,3.56,4.5,1.0,100.0,0.0,0.0,1.0,1.0,Ki-100
it_pzkpfw_IV_ausf_G,76.0,100.0,0.0,0.0,3.75,3.75,55.0,100.0,0.0,0.0,5.77,3.91,0.0,,,,,,Pz.IV_G
ussr_t_34E,80.0,100.0,0.0,0.0,2.93,2.63,16.0,50.0,0.0,0.0,1.0,3.47,0.0,,,,,,T-34E
p-38j,77.0,28.57,1.57,0.85,1.21,0.75,10.0,100.0,3.0,3.0,0.0,0.0,0.0,,,,,,P-38J-15
f9f-2,78.0,71.67,1.0,0.94,0.6,0.5,74.0,62.26,0.37,0.63,1.06,1.66,0.0,,,,,,F9F-2
lagg-3-11,72.0,82.89,3.04,2.9,0.37,0.41,0.0,,,,,,0.0,,,,,,LaGG-3-11
ussr_object_435,82.0,60.0,0.0,0.0,1.75,2.4,221.0,33.05,0.0,0.0,2.42,1.41,0.0,,,,,,Object_435
cn_ztz_99a,81.0,49.5,0.0,0.0,1.29,1.38,189.0,58.75,0.0,0.0,1.7,1.96,0.0,,,,,,ZTZ99A
us_m4a1_1942_sherman,79.0,36.67,0.0,0.0,1.61,1.77,65.0,100.0,0.0,0.0,6.0,3.23,0.0,,,,,,M4A1
ussr_su_85_1943,68.0,100.0,0.0,0.0,2.97,2.98,98.0,55.36,0.0,0.0,2.11,2.63,0.0,,,,,,SU-85
sw_charioteer_mk_7,76.0,0.0,0.0,0.0,1.14,0.59,209.0,32.72,0.0,0.0,1.01,0.64,15.0,,,,,,Charioteer_Mk_VII
us_t1e1_90,76.0,68.06,0.0,0.0,3.01,5.27,244.0,39.86,0.0,0.0,2.55,2.29,0.0,,,,,,T1E1_(90)
germ_marder_clovis,72.0,57.33,0.0,0.0,3.1,5.43,80.0,46.55,0.0,0.0,2.97,2.66,0.0,,,,,,CLOVIS
sw_t_28,75.0,,,0.0,,3.16,13.0,,,0.0,,1.62,0.0,,,,,,T-28
i-16_type27,68.0,31.25,1.91,1.5,0.3,0.28,7.0,,,,,,0.0,,,,,,I-16_type_27
ussr_kv_1_L_11,72.0,90.12,0.0,0.0,3.17,2.77,73.0,100.0,0.0,0.0,6.92,7.27,0.0,,,,,,KV-1_(L-11)
us_m60a3_tts,74.0,24.3,0.0,0.0,1.15,1.34,613.0,59.7,0.0,0.0,1.85,1.48,17.0,,,0.0,,1.0,M60A3_TTS
us_m3a3_bradley,75.0,34.57,0.25,0.39,0.75,0.93,334.0,51.35,0.0,0.0,0.82,0.78,0.0,,,,,,M3A3_Bradley
su_27,74.0,66.67,0.76,0.45,0.21,0.17,518.0,53.64,1.65,1.86,0.02,0.02,0.0,,,,,,Su-27
a6m2_mod11,75.0,90.48,8.45,8.85,0.0,0.0,0.0,,,,,,0.0,,,,,,A6M2_mod._11
mig_3_series_1_15,69.0,100.0,9.66,5.01,1.09,0.64,0.0,,,,,,0.0,,,,,,MiG-3-15
fa_18c_late,72.0,46.67,1.94,1.79,0.18,0.13,109.0,56.32,1.14,1.13,0.23,0.23,0.0,,,,,,F/A-18C_Late
fr_char_2c_bis,69.0,60.9,0.0,0.0,3.0,6.89,24.0,42.86,0.0,0.0,0.32,0.57,0.0,,,,,,2C_bis
hellcat_fmk1,71.0,100.0,4.13,2.11,4.55,4.01,72.0,88.1,0.7,0.32,5.26,1.71,32.0,100.0,0.0,0.26,2.0,1.95,Hellcat_Mk_II
i-153_m62_zhukovskiy,71.0,29.63,3.24,2.84,0.0,0.0,0.0,,,,,,0.0,,,,,,Zhukovsky's_I-153-M62
tornado_ids_de_assta1,68.0,66.67,0.53,0.42,6.28,5.3,10.0,,,,,,0.0,,,,,,◄Tornado_IDS_ASSTA1
tornado_ids_de_wtd61,68.0,59.65,0.62,0.62,6.0,6.0,199.0,53.9,0.39,0.42,0.45,0.48,0.0,,,,,,◄Tornado_IDS_WTD61
germ_kv_1_kwk_40,68.0,58.33,0.0,0.0,8.0,6.72,287.0,72.23,0.0,0.0,7.06,3.37,0.0,,,,,,KW_I_C_756_(r)
sw_strv_m38,71.0,100.0,0.0,0.0,3.49,4.27,9.0,,,0.0,,1.0,0.0,,,,,,Strv_m/38
germ_jgdpz_IV_L48,70.0,87.94,0.0,0.0,3.76,3.73,251.0,38.94,0.0,0.0,4.06,3.02,7.0,,,0.0,,1.0,Jagdpanzer_IV
ussr_su_85m,71.0,50.0,0.0,0.0,2.15,3.87,55.0,72.73,0.0,0.0,4.45,2.98,0.0,,,,,,SU-85M
germ_stug_III_ausf_G,70.0,31.75,0.0,0.0,2.0,1.73,289.0,36.85,0.0,0.0,1.42,1.43,0.0,,,,,,StuG_III_G
jp_type_87,68.0,24.6,0.72,0.92,0.08,0.11,557.0,52.38,0.19,0.11,1.51,0.94,0.0,,,,,,Type_87
us_mk1_grant,76.0,60.0,0.2,0.3,2.75,4.62,37.0,9.09,0.0,0.0,1.82,1.82,0.0,,,,,,Grant_I
ussr_t_28,67.0,76.09,0.0,0.0,5.6,4.52,5.0,,,0.0,,2.0,0.0,,,,,,T-28
jp_sub_i_ii_20mm,69.0,61.67,1.37,2.13,2.3,3.75,648.0,64.13,0.73,0.77,1.6,1.64,0.0,,,,,,SUB-I-II
sw_bt_42,68.0,55.13,0.0,0.0,3.12,3.27,36.0,50.0,0.0,0.0,1.75,1.52,0.0,,,,,,BT-42
germ_pzkpfw_III_ausf_M,68.0,79.33,0.0,0.0,2.78,2.61,43.0,100.0,0.0,0.0,11.67,4.35,0.0,,,,,,Pz.III_M
j_7e,68.0,66.67,11.0,33.0,0.7,2.0,6.0,,,,,,0.0,,,,,,J-7E
spitfiremkii,64.0,100.0,7.65,7.1,0.2,0.17,44.0,100.0,1.29,0.95,0.0,0.0,0.0,,,,,,Spitfire_Mk_IIb
us_m4a3e2_76w_sherman_jumbo,62.0,73.86,0.0,0.0,4.95,3.73,928.0,66.73,0.03,0.0,4.83,3.51,0.0,,,,,,M4A3E2_(76)_W
f4u-1c,69.0,91.23,3.6,1.95,0.08,0.05,71.0,0.0,3.0,2.72,2.36,1.54,0.0,,,,,,F4U-1C
saab_b3c,70.0,100.0,1.7,1.03,32.89,20.0,0.0,,,,,,0.0,,,,,,B3C
la_174,72.0,80.0,6.0,7.5,0.6,0.8,0.0,,,,,,0.0,,,,,,La-174
ussr_object_292,69.0,72.73,0.0,0.0,2.9,2.85,446.0,62.12,0.0,0.0,4.99,2.85,21.0,75.0,0.0,0.0,2.3,2.0,Object_292
germ_panzerjager_tiger_P_ferdinand,66.0,30.0,0.0,0.0,4.84,5.2,75.0,8.33,0.0,0.0,6.63,3.2,3.0,,,0.0,,1.5,Ferdinand
harrier_frs1,64.0,37.5,1.44,0.92,0.77,0.54,0.0,,,,,,0.0,,,,,,Sea_Harrier_FRS.1
typhoon_mk1b,63.0,100.0,6.5,6.0,1.0,1.0,63.0,56.67,0.63,1.0,1.27,1.87,10.0,,,0.0,,1.0,Typhoon_Mk_Ib
f_6c_pakistan,66.0,37.93,4.76,6.52,0.4,0.38,11.0,100.0,4.13,3.25,0.0,0.0,0.0,,,,,,F-6C
ussr_t_34_1941_l_11,67.0,77.89,0.0,0.0,2.77,3.19,162.0,55.98,0.0,0.0,5.6,4.22,0.0,,,,,,T-34_(1940)
f9f-8,57.0,37.49,1.66,1.75,0.0,0.0,91.0,57.44,1.13,1.18,0.34,0.39,0.0,,,,,,F9F-8
fr_lorraine_40t,61.0,61.67,0.0,0.0,2.3,2.59,538.0,72.92,0.0,0.0,3.5,3.41,59.0,37.78,0.0,0.0,1.34,1.47,Lorraine_40t
p-63c-5,62.0,47.22,1.94,1.84,0.28,0.89,57.0,73.34,1.44,1.24,1.4,1.1,0.0,,,,,,P-63C-5
us_m4_sherman,67.0,43.48,0.0,0.0,4.98,5.42,126.0,64.29,0.0,0.0,6.04,5.3,15.0,100.0,0.0,0.0,3.0,3.0,M4
jp_type_61,65.0,34.67,0.0,0.0,3.16,2.76,198.0,64.6,0.0,0.0,3.56,2.05,0.0,,,,,,Type_61
us_m60a1_rise_passive_era,64.0,38.46,0.0,0.0,0.51,0.3,452.0,62.42,0.0,0.0,2.68,2.13,0.0,,,,,,M60A1_RISE_(P)
uk_chieftain_mk_10,67.0,74.08,0.0,0.0,2.78,3.75,177.0,73.82,0.0,0.0,2.13,2.04,0.0,,,,,,Chieftain_Mk_10
germ_kv_1B_finland,61.0,,,0.0,,10.38,23.0,100.0,0.0,0.0,13.14,9.17,0.0,,,,,,KV-IB
us_m26e1_pershing,63.0,100.0,0.0,0.0,5.5,6.56,61.0,100.0,0.0,0.0,12.38,8.69,0.0,,,,,,M26E1
ussr_pt_76b,61.0,55.56,0.0,0.0,1.29,1.05,927.0,55.11,0.0,0.0,1.25,0.94,0.0,,,,,,PT-76B
mosquito_fb_mk6,62.0,96.19,1.98,2.17,2.05,2.2,0.0,,,,,,0.0,,,,,,Mosquito_FB_Mk_VI
ussr_t_28E,62.0,68.33,0.0,0.0,3.0,3.95,27.0,0.0,0.0,0.0,0.06,0.04,0.0,,,,,,T-28E
us_lvt_a_1,66.0,97.7,0.0,0.0,4.69,3.72,7.0,,,0.0,,1.57,0.0,,,,,,LVT(A)(1)
me-262a-1a_u4,61.0,52.08,3.44,6.28,0.9,2.0,526.0,56.41,0.5,0.47,2.14,2.08,0.0,,,,,,Me_262_A-1/U4
us_t30,62.0,76.32,0.24,0.31,4.82,4.33,29.0,,,0.0,,4.28,0.0,,,,,,T30
il-2m,66.0,94.74,0.47,0.7,5.69,6.82,34.0,88.1,1.64,1.14,7.0,5.36,0.0,,,,,,IL-2M_type_3
jp_type_90b_camo,70.0,62.5,0.0,0.0,2.02,1.87,2442.0,51.33,0.0,0.0,2.72,1.98,1.0,0.0,0.0,0.0,0.0,0.0,"Type_90_(B)_""Fuji"""
p-47n-15,65.0,100.0,5.0,1.28,3.4,2.36,30.0,73.64,0.73,0.74,0.98,1.0,0.0,,,,,,P-47N-15
bf_110g_4,66.0,68.75,0.35,0.49,2.04,2.92,0.0,,,,,,0.0,,,,,,Bf_110_G-4
it_leopard_2a4,66.0,70.37,0.0,0.0,4.04,4.76,258.0,52.12,0.0,0.0,1.69,1.58,0.0,,,,,,◔Leopard_2A4
mb_157,63.0,68.33,7.77,6.78,0.56,0.22,156.0,74.63,3.27,13.45,0.44,1.98,0.0,,,,,,M.B.157
us_m24_chaffee,60.0,51.11,0.0,0.0,2.08,2.19,575.0,56.16,0.0,0.0,3.26,2.13,0.0,,,,,,M24
germ_pzkpfw_VI_ausf_b_tiger_IIp,63.0,5.56,0.31,0.3,4.68,4.8,665.0,38.38,0.0,0.0,1.63,1.64,4.0,,,0.0,,4.0,Tiger_II_(P)
jp_type_97_chi_ha,66.0,100.0,0.14,0.28,6.97,12.78,0.0,,,,,,0.0,,,,,,Chi-Ha
mig-21_s,66.0,46.97,6.44,4.46,0.0,0.0,168.0,64.69,1.37,0.85,0.23,0.18,0.0,,,,,,MiG-21S_(R-13-300)
ki_61_2_early,61.0,50.0,1.86,3.7,0.0,0.0,15.0,,,,,,0.0,,,,,,Ki-61-II_Otsu_Kai
mig-15,63.0,50.0,4.0,5.0,0.29,0.38,40.0,27.27,0.36,0.83,0.0,0.0,0.0,,,,,,MiG-15bis
us_m1a2_sep2_abrams,62.0,98.41,0.0,0.0,5.22,3.88,1861.0,54.03,0.0,0.0,2.58,2.24,0.0,,,,,,M1A2_SEP_V2
fr_amd_35_sa35,63.0,50.0,0.0,0.0,1.35,1.43,15.0,,,0.0,,1.0,0.0,,,,,,AMD.35_(SA35)
f_20a,58.0,50.0,2.39,1.36,0.28,0.25,482.0,57.66,0.61,0.89,0.09,0.17,24.0,,,0.68,,0.0,F-20A
germ_le_kpz_m41,61.0,85.19,0.0,0.0,1.29,1.13,841.0,53.33,0.0,0.0,1.02,0.92,2.0,0.0,0.0,0.0,1.0,1.0,leKPz_M41
f-89d,64.0,66.67,10.02,10.02,0.0,0.0,29.0,86.96,3.48,4.35,0.0,0.0,0.0,,,,,,F-89D
sw_t_80u,64.0,86.96,0.0,0.0,2.73,2.73,209.0,38.58,0.0,0.0,3.5,1.81,0.0,,,,,,T_80_U
fr_amx_50,59.0,100.0,0.0,0.0,4.78,4.52,364.0,82.12,0.0,0.0,3.71,3.89,83.0,38.89,0.0,0.0,1.4,2.03,AMX-50_(TOA100)
ussr_t_62,62.0,60.0,0.0,0.0,2.24,3.14,277.0,54.3,0.0,0.0,3.63,2.34,0.0,,,,,,T-62
mig-21_bison,58.0,50.0,1.83,1.9,0.0,0.0,250.0,54.51,1.11,1.67,0.07,0.1,18.0,,,,,,MiG-21_Bison
p-400,60.0,62.78,2.59,2.94,0.24,0.18,44.0,50.0,0.59,1.18,0.09,0.18,0.0,,,,,,P-400
germ_vk_3002m,60.0,0.0,0.0,0.0,4.9,2.78,370.0,40.94,0.0,0.0,2.38,1.94,3.0,,,0.0,,0.0,VK_3002_(M)
us_t26e4_superpershing,59.0,83.33,0.16,0.32,6.26,4.49,356.0,83.2,0.0,0.0,6.37,2.6,0.0,,,,,,T26E1-1
bf-109e-4,56.0,100.0,4.88,5.75,2.02,2.47,13.0,100.0,0.09,,0.0,,0.0,,,,,,Bf_109_E-4
germ_pzkpfw_38t_Marder_III_ausf_H,60.0,36.54,0.0,0.0,1.6,1.55,16.0,25.92,0.0,0.0,0.78,1.17,0.0,,,,,,Marder_III_H
he-111h-16_winter,60.0,62.5,0.0,0.0,0.08,0.09,151.0,51.67,0.0,0.0,0.79,0.83,0.0,,,,,,He_111_H-16
a6m2_zero_china,56.0,58.89,1.7,2.6,1.62,2.48,104.0,75.5,1.67,1.98,1.45,1.74,0.0,,,,,,A6M2_(China)
tis_ma,56.0,51.33,0.56,0.62,3.98,4.76,98.0,100.0,0.07,0.05,5.25,4.28,28.0,100.0,1.08,0.92,4.73,4.12,TIS_MA
ussr_t_28_1938,57.0,43.48,0.0,0.0,2.07,3.23,14.0,,,0.0,,3.29,0.0,,,,,,T-28_(1938)
us_m4a1_76w_sherman,59.0,57.14,0.0,0.0,2.18,1.92,318.0,47.41,0.0,0.0,3.05,2.32,14.0,,,,,,M4A1_(76)_W
p-51c-11-nt_china,56.0,77.78,0.83,0.86,4.0,4.2,104.0,72.67,0.75,0.54,2.61,2.14,0.0,,,,,,P-51C-11-NT_(China)
fr_m46_patton,59.0,77.09,0.0,0.0,3.11,3.57,65.0,42.22,0.0,0.0,6.93,5.06,0.0,,,,,,M46
sw_strv121b_christian2,58.0,87.36,0.0,0.0,3.59,2.27,635.0,55.24,0.0,0.0,3.15,1.89,0.0,,,,,,Christian_II
uk_17_pdr_m10_achilles_norfolk_yeomanry,55.0,71.88,0.0,0.0,2.63,2.27,77.0,100.0,0.0,0.0,4.83,3.0,0.0,,,,,,Achilles_(65_Rg.)
bf-109f-2,56.0,76.92,4.96,2.36,1.73,0.9,27.0,0.0,0.5,0.52,0.83,0.68,0.0,,,,,,Bf_109_F-2
f-5e,56.0,50.0,1.17,1.0,0.0,0.0,197.0,47.8,1.13,1.17,0.36,0.36,0.0,,,,,,F-5E
sw_pbv_501,58.0,0.0,0.0,0.0,0.41,0.34,369.0,58.19,0.0,0.0,1.82,1.3,0.0,,,,,,Pbv_501
a-20g,57.0,100.0,0.48,0.41,7.11,6.32,1.0,,,1.0,,3.0,0.0,,,,,,A-20G-25
us_m1a1_hc_usmc,51.0,50.0,0.0,0.0,3.03,4.37,2422.0,57.92,0.0,0.0,2.67,1.96,22.0,0.0,0.0,0.0,2.0,0.04,M1A1_Click-Bait
spitfire_mk9c_iaf,62.0,20.0,5.04,3.04,1.08,0.57,9.0,,,,,,0.0,,,,,,Spitfire_Mk_IXc_(Israel)
germ_flakpanzer_IV_Wirbelwind,52.0,89.68,1.52,7.8,0.1,1.0,692.0,41.41,1.15,1.13,0.28,0.27,0.0,,,,,,Wirbelwind
cn_m1a2t,51.0,100.0,0.0,0.0,5.79,5.58,299.0,67.37,0.0,0.0,4.25,2.53,0.0,,,,,,M1A2T
fr_sk105_a2,54.0,82.5,0.0,0.0,4.55,4.43,339.0,60.06,0.0,0.0,1.84,1.98,0.0,,,,,,SK-105A2
germ_pzkpfw_IV_ausf_G,54.0,69.55,0.0,0.0,1.73,1.85,140.0,32.72,0.0,0.0,2.18,1.88,2.0,,,,,,Pz.IV_G
cn_m18_hellcat,55.0,36.84,0.0,0.0,3.63,3.67,180.0,71.38,0.0,0.0,1.92,1.34,0.0,,,,,,M18_GMC_(China)
b_25j_20,54.0,66.67,0.7,0.1,1.5,0.4,0.0,,,,,,0.0,,,,,,B-25J-20
mig_23bn,51.0,50.0,0.0,0.0,5.0,5.0,65.0,50.0,0.08,0.11,2.44,4.83,0.0,,,,,,◊MiG-23BN
su-2_m82,54.0,100.0,1.53,1.05,9.58,7.03,0.0,,,,,,3.0,,,,,,Su-2_(M-82)
uk_ram_90mm_aa,50.0,100.0,0.0,0.0,9.18,3.0,117.0,72.98,0.0,0.0,4.01,4.21,7.0,,,0.0,,2.0,QF_3.7_Ram
cn_t_34_85_zis_53_no215,50.0,100.0,0.0,0.0,4.19,3.63,5.0,100.0,0.0,0.0,5.6,5.6,0.0,,,,,,T-34-85_No.215
b7a2_homare_23,55.0,100.0,2.04,1.83,7.17,6.67,31.0,100.0,3.48,2.55,2.35,0.73,14.0,,,,,,B7A2_(Homare_23)
it_semovente_m41m_90,53.0,100.0,0.0,0.0,3.33,3.55,105.0,30.67,0.0,0.0,4.48,3.48,0.0,,,,,,90/53_M41M
su_33,52.0,64.29,1.36,1.36,0.0,0.0,802.0,48.61,1.58,1.3,0.13,0.12,16.0,100.0,2.5,1.63,0.0,0.0,Су-33
ussr_asu_57,53.0,100.0,0.0,0.0,0.0,0.0,240.0,49.9,0.0,0.0,1.21,0.88,0.0,,,,,,ASU-57
f_14a_iriaf,52.0,100.0,7.15,3.96,1.2,0.59,632.0,56.42,2.02,2.88,0.05,0.08,0.0,,,,,,F-14A_IRIAF
cn_m4a1_76w_sherman,52.0,53.33,0.0,0.0,2.33,2.12,81.0,100.0,0.0,0.0,6.89,3.95,0.0,,,,,,M4A1_(75)_W_(China)
p-51d-20-na_iaf,61.0,31.32,2.45,1.89,0.95,0.64,53.0,34.17,0.69,0.52,0.66,0.42,0.0,,,,,,P-51D-20-NA_(Israel)
us_m1_abrams_kvt,51.0,34.62,0.21,0.21,0.79,0.93,2122.0,55.8,0.0,0.0,2.95,2.49,0.0,,,,,,M1_KVT
ussr_zis_30,54.0,,,0.0,,2.35,19.0,100.0,0.0,0.0,4.54,3.5,0.0,,,,,,ZiS-30
la-5_type37_early,53.0,93.33,4.19,6.58,2.95,5.31,9.0,50.0,0.5,1.0,0.0,0.0,0.0,,,,,,La-5
firebrand_tf4,50.0,100.0,1.1,0.81,3.07,2.32,17.0,100.0,0.0,0.0,1.63,1.63,0.0,,,,,,Firebrand_TF_Mk_IV
uk_sherman_II,51.0,71.88,0.0,0.0,3.78,4.63,87.0,24.8,0.0,0.0,3.08,2.6,0.0,,,,,,Sherman_II
fr_marder_df_105,50.0,43.18,0.0,0.0,1.02,1.48,228.0,62.83,0.0,0.0,2.09,2.19,0.0,,,,,,DF105
ussr_zsu_37_2,52.0,38.33,0.6,1.11,0.0,0.0,198.0,59.67,0.48,0.35,0.45,0.27,0.0,,,,,,ZSU-37-2
us_m4a2_76w_sherman,57.0,53.97,0.0,0.0,2.12,1.73,430.0,71.31,0.0,0.0,3.8,2.41,0.0,,,,,,M4A2_(76)_W
germ_erprobungstrager_3_achs_turm,52.0,57.37,0.0,0.0,3.72,3.72,1049.0,43.33,0.0,0.0,3.43,1.72,0.0,,,,,,Turm_III
p-40e_ussr,50.0,82.22,4.22,4.13,0.85,0.82,13.0,100.0,0.0,0.0,1.0,1.0,21.0,,,0.0,,0.05,P-40E-1
fr_amx_13_90,55.0,87.3,0.0,0.0,3.48,3.48,162.0,72.29,0.0,0.0,3.1,2.12,0.0,,,,,,AMX-13-90
i_29,53.0,100.0,4.47,4.83,0.13,0.14,0.0,,,,,,0.0,,,,,,I-29
uk_vickers_mbt_mk_1,51.0,97.73,0.0,0.0,3.25,2.2,213.0,47.62,0.0,0.0,3.42,2.09,0.0,,,,,,Vickers_Mk.1
jp_st_a2,51.0,,,0.0,,3.5,39.0,,,0.0,,0.77,0.0,,,,,,ST-A2
i-16_type17_china,49.0,,,2.32,,0.57,0.0,,,,,,0.0,,,,,,I-16_type_17_(China)
sw_cv_90105_tml,50.0,100.0,0.0,0.0,2.57,1.97,2223.0,54.49,0.0,0.0,2.14,1.65,2.0,,,0.0,,2.0,CV_90105
f-4c,55.0,45.83,1.22,0.85,0.24,0.21,149.0,31.67,1.21,1.08,1.21,1.38,0.0,,,,,,F-4C_Phantom_II
bf-109f-1,48.0,100.0,3.57,1.65,3.0,0.9,32.0,,,2.22,,0.0,0.0,,,,,,Bf_109_F-1
cn_m8_greyhound,48.0,100.0,0.0,0.0,6.51,7.05,1.0,,,0.0,,1.0,0.0,,,,,,M8_LAC_(China)
su_22m4,46.0,50.0,0.67,0.96,2.55,3.42,14.0,,,,,,4.0,100.0,2.0,1.0,3.0,1.5,◊Su-22M4
a6m5_zero,48.0,85.19,3.88,3.84,0.0,0.0,40.0,100.0,1.86,1.86,0.5,0.5,0.0,,,,,,A6M5
ussr_kv_220,49.0,100.0,0.0,0.0,11.0,11.0,123.0,88.54,0.0,0.0,13.06,9.43,0.0,,,,,,KV-220
ussr_t_80,49.0,65.0,0.0,0.0,2.33,3.15,0.0,,,,,,0.0,,,,,,T-80
firefly_mk5,49.0,90.0,1.9,1.82,4.36,4.12,20.0,93.75,3.5,2.25,2.44,1.56,0.0,,,,,,Firefly_FR_Mk_V
us_m42_duster,47.0,50.0,0.7,1.12,0.73,1.0,336.0,57.66,0.35,0.2,1.37,0.81,0.0,,,,,,M42
jp_st_a1,51.0,58.0,0.0,0.0,0.83,1.04,112.0,80.95,0.0,0.0,5.1,1.82,0.0,,,,,,ST-A1
mig_23mld,49.0,44.44,2.37,1.38,0.44,0.23,172.0,68.19,1.59,1.4,0.07,0.05,0.0,,,,,,MiG-23MLD
alpha_jet_th_phase_1,48.0,50.0,2.5,5.32,2.0,0.91,92.0,54.32,0.44,0.8,1.04,1.54,0.0,,,,,,Alpha_Jet_TH
jp_m4a3e8_76w_sherman,47.0,54.17,0.0,0.0,3.04,3.94,286.0,70.06,0.06,0.06,3.37,3.01,0.0,,,,,,M4A3_(76)_W
cn_al_khalid_1,46.0,50.0,0.0,0.0,2.15,2.15,900.0,57.96,0.0,0.0,1.92,1.56,0.0,,,,,,Al-Khalid-I
ussr_is_1_kit_3rank,48.0,,,0.0,,2.5,114.0,56.6,0.0,0.0,2.59,2.38,11.0,,,,,,ИС-1_('45)
germ_jgdpz_38t,48.0,100.0,0.0,0.0,4.02,3.57,140.0,37.88,0.0,0.0,3.05,3.97,0.0,,,,,,Jagdpanzer_38(t)
ussr_t_34_1941,48.0,100.0,0.0,0.0,4.17,5.38,60.0,100.0,0.0,0.0,7.0,3.36,0.0,,,,,,T-34_(1941)
fr_mars_15,48.0,68.75,0.0,0.0,1.69,1.39,87.0,58.83,0.0,0.0,1.88,1.61,0.0,,,,,,MARS_15
ussr_t_72b3_arena_m,47.0,66.67,0.0,0.0,1.29,1.96,639.0,54.79,0.0,0.0,1.63,1.64,12.0,100.0,0.0,0.0,0.25,0.09,Т-72Б3А
germ_mkpz_m48a2c,47.0,50.0,0.2,0.19,0.81,1.21,484.0,30.94,0.0,0.0,1.43,1.11,70.0,38.9,0.0,0.0,1.04,1.54,M48A2_C
tornado_f3,48.0,59.53,0.91,1.0,0.0,0.0,253.0,53.97,1.18,1.38,0.08,0.08,14.0,,,1.0,,0.0,Tornado_F.3
uk_chieftain_900,51.0,53.33,0.0,0.0,2.5,2.4,73.0,81.67,0.0,0.0,3.13,2.85,0.0,,,,,,Chieftain_900
germ_radpanzer_90,46.0,70.59,0.0,0.0,1.12,1.24,524.0,63.53,0.0,0.0,3.15,1.81,0.0,,,,,,Radkampfwagen_90
fr_m4a1_sherman,47.0,27.78,0.0,0.0,0.29,0.48,105.0,37.78,0.0,0.0,1.31,1.35,0.0,,,,,,M4A1
su-2_tss1,44.0,100.0,1.32,0.86,18.2,11.92,19.0,,,,,,0.0,,,,,,Su-2_TSS-1
cn_wz_305,45.0,100.0,7.62,,2.0,,348.0,61.73,0.9,0.51,2.73,1.46,0.0,,,,,,WZ305
su-6_m71,48.0,88.89,1.1,1.3,4.98,3.92,80.0,57.5,0.95,0.66,1.98,1.42,0.0,,,,,,Su-6_(M-71F)
it_c1_ariete_preserie,50.0,63.73,0.0,0.0,3.43,5.58,175.0,53.22,0.0,0.0,1.88,1.36,0.0,,,,,,Ariete_(P)
f_16a_block_15_adf,46.0,78.0,5.98,5.98,0.22,0.22,137.0,57.89,1.96,1.68,0.0,0.0,1.0,,,,,,F-16A_ADF
t2,47.0,100.0,8.36,8.36,0.43,0.43,48.0,59.38,1.25,1.32,0.44,0.57,17.0,,,2.24,,0.0,T-2
germ_kpz_t72m1,46.0,95.24,0.0,0.0,2.29,1.87,1115.0,45.06,0.0,0.0,2.05,1.73,0.0,,,,,,◊T-72M1
fr_amx_30,44.0,28.57,0.0,0.0,1.79,1.2,8.0,66.67,0.0,0.0,0.7,1.0,1.0,,,0.0,,1.0,AMX-30
jp_btr_3e1,47.0,37.04,0.0,0.0,0.37,0.37,371.0,73.2,0.0,0.0,1.49,1.11,0.0,,,,,,BTR-3E1
f-105d,44.0,90.0,0.03,0.05,2.51,2.61,60.0,19.05,0.0,0.0,4.63,3.51,0.0,,,,,,F-105D
bf-109g-2,43.0,79.49,4.28,6.25,1.25,0.92,88.0,81.58,1.55,1.67,0.92,1.17,0.0,,,,,,Bf_109_G-2/trop
germ_flakpanzer_V_Coelian,45.0,50.0,0.5,0.54,2.25,1.09,727.0,59.91,0.62,0.5,3.3,2.56,8.0,0.0,1.0,,0.0,,Flakpanzer_341
c_3604,45.0,91.67,1.37,1.87,2.55,2.22,57.0,47.62,0.76,1.07,0.52,0.67,15.0,,,,,,◌С-3604
p-47d_23_ra_china_rocaf,45.0,61.11,1.65,2.43,3.35,2.33,0.0,,,,,,0.0,,,,,,P-47D-23-RA_(China)
b_26b_c,46.0,100.0,0.0,0.0,3.6,3.56,13.0,0.0,0.0,0.0,0.0,0.09,0.0,,,,,,B-26B
germ_flakpanzer_IV_Kugelblitz,43.0,75.0,2.25,1.76,1.0,0.57,363.0,48.55,0.86,1.03,0.7,0.81,1.0,,,,,,Kugelblitz
it_of_40_mk_2a,39.0,50.0,0.42,0.42,3.6,4.0,437.0,77.48,0.0,0.0,2.25,1.74,1.0,,,0.0,,1.0,OF-40_Mk.2A
mig_29_9_12,47.0,55.56,1.8,1.44,0.0,0.0,28.0,100.0,1.0,0.38,0.0,0.0,0.0,,,,,,МиГ-29_(9-12)
cn_ztz_96b,44.0,50.0,0.0,0.0,0.95,0.95,403.0,61.89,0.0,0.0,1.98,2.04,0.0,,,,,,ZTZ96B
jp_type_90,48.0,48.96,0.0,0.0,0.98,1.17,639.0,60.57,0.0,0.0,1.93,1.9,0.0,,,,,,Type_90
spitfire_mk14c,48.0,100.0,11.5,11.5,0.0,0.0,0.0,,,,,,0.0,,,,,,Spitfire_F_Mk_XIVc
cn_m4a4_sherman_1st_ptg,43.0,81.25,0.0,0.0,5.17,5.22,47.0,76.0,0.0,0.0,2.47,2.44,0.0,,,,,,M4A4_(1st_PTG)_(China)
sb_2m_105,42.0,54.17,0.08,0.06,2.47,1.98,0.0,,,,,,0.0,,,,,,SB_2M-105
la-15,46.0,33.33,3.11,5.2,0.33,0.6,34.0,50.0,2.0,1.47,0.5,0.23,0.0,,,,,,La-15
jp_type_93,46.0,45.83,1.71,3.25,0.0,0.0,98.0,43.89,0.68,1.25,0.0,0.0,0.0,,,,,,Type_93
germ_marder_df_105,43.0,0.0,0.0,0.0,6.0,5.67,191.0,66.29,0.0,0.0,4.61,2.24,104.0,59.69,0.0,0.0,1.73,1.78,DF105
p-47d_30_china,45.0,75.0,3.08,2.65,0.33,0.25,51.0,66.67,0.0,0.0,0.7,0.7,0.0,,,,,,P-47D-30_(China)
f-4j,45.0,50.0,1.3,1.6,0.5,0.09,146.0,53.51,1.35,1.55,0.14,0.18,3.0,,,,,,F-4J_Phantom_II
sw_ikv_73,43.0,100.0,0.0,0.0,9.0,5.07,23.0,,,0.0,,2.47,0.0,,,,,,Ikv_73
sw_strv_m31,41.0,100.0,0.0,,2.22,,2.0,,,,,,0.0,,,,,,Strv_m/31
p-39n,41.0,61.67,2.27,4.06,0.0,0.0,22.0,0.0,2.0,0.95,2.0,1.09,0.0,,,,,,P-39N-0
p-51d-20_china,43.0,80.0,1.3,1.45,2.02,0.69,21.0,50.0,0.0,0.0,1.0,2.0,0.0,,,,,,P-51D-20_(China)
p-63a-5_ussr,43.0,50.0,1.77,1.59,0.54,0.47,217.0,63.61,2.1,1.45,3.01,2.11,0.0,,,,,,P-63A-5
f6f-5n,46.0,88.24,2.41,1.54,1.35,0.61,40.0,100.0,0.8,0.4,4.25,2.13,0.0,,,,,,F6F-5N
sw_bkan_1c,42.0,50.0,1.5,1.5,1.0,1.0,321.0,42.0,0.09,0.07,1.66,1.5,0.0,,,,,,Bkan_1C
mig_3_series_1_15_bk_pod,43.0,100.0,1.34,1.34,0.37,0.37,0.0,,,,,,0.0,,,,,,MiG-3-15_(BK)
sb2c_1c,43.0,100.0,0.0,,1.0,,0.0,,,,,,0.0,,,,,,SB2C-1C
spitfire_lf_mk9e_iaf,46.0,10.26,1.78,0.67,0.71,0.39,44.0,50.0,1.0,2.0,1.3,0.94,0.0,,,,,,Spitfire_Mk.IX_(CW)_(Israel)
beaufighter_mkx,42.0,100.0,1.0,2.2,5.8,4.2,14.0,,,0.0,,3.0,0.0,,,,,,Beaufighter_Mk_X
uk_a_43_black_prince,41.0,100.0,0.0,0.0,4.0,4.0,67.0,66.67,0.0,0.0,6.36,3.6,0.0,,,,,,Black_Prince
bf-110f-2,41.0,100.0,2.87,2.72,3.07,3.22,0.0,,,,,,0.0,,,,,,Bf_110_F-2
uk_as_90_mk_2,43.0,,,1.77,,1.8,119.0,70.69,0.87,0.67,4.74,3.87,0.0,,,,,,AS90
f-86f-25,37.0,43.0,1.83,2.12,0.0,0.0,8.0,,,1.25,,0.25,0.0,,,,,,F-86F-25
p-39n_su,42.0,50.0,2.23,4.46,0.0,0.0,0.0,,,,,,0.0,,,,,,Pokryshkin's_P-39N-0
cn_ztz_99,38.0,45.45,0.0,0.0,1.17,1.26,198.0,61.32,0.0,0.0,1.78,1.54,1.0,,,,,,ZTZ99-II
us_lav_ad,40.0,47.37,1.61,3.05,0.53,1.0,974.0,49.31,0.22,0.18,0.72,0.61,0.0,,,,,,LAV-AD
it_pzkpfw_VI_ausf_e_tiger,45.0,50.0,0.0,0.0,2.93,2.65,160.0,60.65,0.0,0.0,7.26,4.96,11.0,,,,,,Tigris
ussr_t_26_1940,38.0,73.91,0.0,0.0,3.15,4.39,0.0,,,,,,0.0,,,,,,T-26
germ_flakpanzer_IV_Ostwind_2_net,37.0,100.0,4.55,,0.27,,212.0,21.94,1.17,1.0,0.0,0.0,0.0,,,,,,Ostwind_Ost
a6m3_zero,43.0,,,4.41,,0.0,11.0,100.0,2.0,2.0,0.0,0.0,0.0,,,,,,A6M3
sw_l_62_anti_II,49.0,71.43,0.49,0.6,1.03,1.14,158.0,25.83,0.27,0.12,4.03,1.51,0.0,,,,,,L-62_ANTI_II
p-38l,40.0,100.0,1.6,0.6,0.0,0.0,8.0,,,,,,0.0,,,,,,P-38L-5-LO
jp_type_74,40.0,0.0,0.0,0.0,1.21,1.11,591.0,50.67,0.0,0.0,2.08,1.76,0.0,,,,,,Type_74_(E)
saab_b18b,38.0,100.0,0.0,,6.69,,21.0,100.0,0.0,0.0,0.94,0.94,0.0,,,,,,B18B
il-2m_mstitel,37.0,100.0,0.82,0.59,5.68,6.1,4.0,100.0,1.0,0.75,3.0,2.5,0.0,,,,,,"IL-2M_""Avenger"""
ki_44_1_ep,40.0,100.0,3.23,1.93,0.0,0.0,30.0,,,0.46,,0.0,0.0,,,,,,Ki-44-I_34
jp_oplot_t,35.0,50.0,0.0,0.0,2.21,2.21,285.0,63.57,0.0,0.0,3.03,1.69,0.0,,,,,,BM_Oplot-T
germ_thyssen_henschel_tam_2ip,38.0,100.0,0.0,0.0,4.38,2.41,1760.0,45.1,0.0,0.0,1.89,1.45,0.0,,,,,,TAM_2IP
b_239_finland,42.0,0.0,2.61,1.83,0.0,0.0,26.0,100.0,1.9,1.17,1.1,1.29,0.0,,,,,,B-239
sw_pvkv_m43_1946,38.0,,,0.0,,1.5,73.0,61.11,0.0,0.0,1.83,0.88,0.0,,,,,,Pvkv_m/43_(1946)
cn_ztz_99_w,38.0,19.38,0.0,0.0,1.14,1.16,257.0,58.41,0.0,0.0,2.15,1.85,0.0,,,,,,ZTZ99-III
sw_strv_m42_eh,37.0,,,0.0,,7.13,124.0,27.01,0.0,0.0,2.43,1.36,0.0,,,,,,Strv_m/42_EH
jp_tkx_prot,46.0,58.34,0.0,0.0,4.31,4.09,384.0,64.61,0.0,0.0,4.01,2.39,0.0,,,,,,TKX
ussr_t_80ue1,37.0,47.92,0.0,0.0,2.38,2.8,2725.0,46.6,0.0,0.0,1.66,1.41,0.0,,,,,,Т-80U-Е1
germ_pzkpfw_38t_ausf_A,39.0,100.0,0.0,,2.04,,0.0,,,,,,0.0,,,,,,Pz.38(t)_A
jp_type_3_chi_nu,38.0,86.84,0.0,0.0,3.5,3.89,73.0,,,0.0,,2.53,0.0,,,,,,Chi-Nu
bf-110g-2,39.0,100.0,2.0,1.5,3.5,2.0,9.0,,,1.0,,1.11,0.0,,,,,,Bf_110_G-2
pe-8_m82,38.0,100.0,0.0,0.0,1.47,1.34,31.0,90.0,0.0,0.0,0.09,0.09,0.0,,,,,,Pe-8
us_m247,37.0,54.55,4.18,8.0,1.09,1.8,292.0,50.34,1.32,0.94,0.18,0.12,0.0,,,,,,M247
jp_type_3_ho_ni_I,39.0,100.0,0.0,,3.07,,0.0,,,,,,0.0,,,,,,Ho-Ni_I
saab_t18b_2,38.0,,,2.53,,2.0,0.0,,,,,,3.0,,,,,,T18B_(57)
germ_leopard_1a5,38.0,85.42,0.0,0.0,1.8,1.2,1593.0,43.4,0.0,0.0,1.53,1.27,43.0,44.75,0.0,0.0,2.14,2.08,Leopard_1A5
sw_landsverk_ush_405,35.0,50.0,0.0,0.0,1.0,0.37,385.0,52.04,0.0,0.0,2.33,2.08,0.0,,,,,,U-SH_405
ki-49_2b,36.0,60.0,0.0,0.0,0.4,0.4,0.0,,,,,,0.0,,,,,,Ki-49-IIb
f_16a_block_20_mlu,36.0,100.0,6.38,6.38,3.0,3.0,33.0,11.11,0.26,0.34,0.0,0.0,0.0,,,,,,F-16A_MLU_(China)
a_6e_tram,33.0,88.89,1.0,1.0,1.69,1.69,141.0,58.93,0.27,0.32,2.93,4.0,4.0,50.0,0.0,0.0,1.0,2.0,A-6E_TRAM
il_merkava_mk_2b_early,39.0,69.23,0.0,0.0,2.65,3.0,180.0,61.56,0.0,0.0,3.15,3.56,0.0,,,,,,Merkava_Mk.2B
yak-9b,36.0,100.0,2.5,1.46,5.4,2.29,6.0,,,1.0,,0.0,0.0,,,,,,Yak-9B
btd-1,36.0,,,1.22,,3.52,0.0,,,,,,0.0,,,,,,BTD-1
il_m_51_w,37.0,100.0,0.0,0.0,2.0,1.38,195.0,61.92,0.0,0.0,4.03,2.1,0.0,,,,,,M-51_(W)
mig_23m,40.0,100.0,4.0,1.43,0.0,0.0,69.0,16.67,1.35,0.96,0.0,0.0,7.0,,,,,,MiG-23M
bv-155b-1,38.0,62.5,1.05,1.52,0.33,0.7,1.0,,,1.0,,0.0,0.0,,,,,,BV_155_B-1
germ_sdkfz_234_2,41.0,87.18,0.0,0.0,1.68,1.45,979.0,43.14,0.0,0.0,0.99,0.84,26.0,,,0.0,,1.4,Sd.Kfz.234/2
he_100d_1,34.0,100.0,8.47,,0.0,,0.0,,,,,,0.0,,,,,,He_100_D-1
ussr_su_5_1,35.0,30.43,0.0,0.0,1.83,2.87,0.0,,,,,,0.0,,,,,,SU-5-1
cn_tor_m1,34.0,47.22,1.47,2.83,0.0,0.0,57.0,100.0,2.0,1.94,0.0,0.0,0.0,,,,,,Tor-M1
bf-109k-4,34.0,97.06,4.47,4.5,0.0,0.0,161.0,53.4,4.27,2.73,1.27,0.79,0.0,,,,,,Bf_109_K-4
il-2i,34.0,60.53,0.5,0.38,5.63,5.2,53.0,81.54,0.35,0.28,1.66,1.3,21.0,83.33,1.5,0.9,5.2,3.6,IL-2_(1942)
ussr_m53_59,38.0,57.14,1.76,2.33,0.0,0.0,611.0,46.05,0.55,0.48,0.6,0.52,0.0,,,,,,M53/59
cn_ztz_96,36.0,,,0.0,,2.4,496.0,63.91,0.0,0.0,4.01,2.74,0.0,,,,,,ZTZ96
bb-1,34.0,100.0,2.33,3.43,9.53,19.14,16.0,100.0,0.0,0.14,2.67,2.43,0.0,,,,,,BB-1
f4u-4b,35.0,100.0,3.0,2.93,0.0,0.0,434.0,78.32,0.88,0.82,2.82,2.64,1.0,,,,,,F4U-4B
bf_110g_4_hungary,32.0,77.27,1.55,1.82,0.59,0.64,40.0,100.0,0.42,0.46,2.25,1.79,0.0,,,,,,◐Bf_110_G-4
ussr_t_80um2,30.0,50.0,0.0,0.0,3.0,2.4,254.0,61.84,0.0,0.0,3.56,2.36,0.0,,,,,,T-80UM2
us_m1a2_abrams,40.0,46.88,0.0,0.0,2.28,1.47,750.0,45.77,0.0,0.0,3.08,2.15,0.0,,,,,,M1A2_Abrams
sw_ikv_103,34.0,51.45,0.0,0.0,0.56,0.93,102.0,53.68,0.0,0.0,0.98,0.88,0.0,,,,,,Ikv_103
jp_type_89b_i_go_otsu,39.0,100.0,0.23,0.38,4.68,8.67,30.0,,,0.0,,4.0,0.0,,,,,,I-Go_Ko
yak-1b_luftwaffe,34.0,100.0,5.0,2.36,0.31,0.08,39.0,53.13,2.38,3.84,0.61,1.06,0.0,,,,,,Yak-1B
fw-190a-8,35.0,100.0,3.14,2.61,6.0,1.0,15.0,,,,,,0.0,,,,,,Fw_190_A-8
fr_amx_30_b2,37.0,94.74,0.0,0.0,3.13,2.58,188.0,76.57,0.0,0.0,2.42,1.78,0.0,,,,,,AMX-30B2
ussr_2s19_m1,37.0,61.11,0.0,0.0,0.97,1.06,117.0,39.0,0.0,0.0,0.85,0.82,0.0,,,,,,2С19М1
il_m109a1,39.0,0.0,0.03,0.02,1.07,0.9,13.0,,,0.0,,0.0,0.0,,,,,,Rochev
ussr_2s1,41.0,56.25,0.0,0.0,1.2,0.86,180.0,47.11,0.22,0.19,1.5,1.14,0.0,,,,,,2S1
ussr_bmd_4m2,30.0,25.0,0.0,0.0,0.86,0.75,576.0,41.79,0.01,0.0,1.25,0.9,6.0,100.0,0.0,0.0,1.0,1.0,БМД-4M2
us_rdf_lt,33.0,100.0,1.0,,2.6,,398.0,60.61,0.05,0.04,2.46,1.47,0.0,,,,,,RDF/LT
f4f-3,34.0,,,0.83,,2.56,1.0,100.0,1.0,,0.0,,0.0,,,,,,F4F-3
it_p_26_40,32.0,71.74,0.0,0.0,2.09,3.09,131.0,63.74,0.0,0.0,7.57,11.55,0.0,,,,,,"P40_""G.C._Leoncello"""
spitfire_fr_mk14e_belgium,33.0,100.0,1.9,1.44,0.0,0.0,26.0,,,1.0,,0.0,0.0,,,,,,Spitfire_FR_Mk_XIVe
fw-190a-5_cannons,35.0,100.0,3.75,2.88,2.0,0.55,0.0,,,,,,0.0,,,,,,Fw_190_A-5
fr_amx_elc_901,36.0,55.56,0.0,0.0,1.42,1.25,174.0,97.44,0.0,0.0,9.95,2.31,0.0,,,,,,ELC_901
cn_type_64,36.0,62.5,0.0,0.0,1.63,2.42,52.0,100.0,0.0,0.0,6.33,4.06,0.0,,,,,,M64
mb_326k,36.0,,,14.0,,0.0,372.0,85.79,2.38,2.14,2.78,2.65,0.0,,,,,,MB-326K
cn_m8_scott,34.0,100.0,0.0,0.0,2.4,2.86,1.0,,,0.0,,1.0,0.0,,,,,,M8_HMC_(China)
a_10a_late,34.0,100.0,2.9,2.4,6.9,5.45,365.0,75.52,0.86,1.06,4.23,4.13,4.0,0.0,0.0,0.0,3.0,1.75,A-10A_Late
ussr_kv_7_u13,30.0,63.33,0.0,0.0,4.48,4.9,43.0,15.79,0.0,0.0,6.0,5.73,0.0,,,,,,KV-7_(U-13)
ju-88c-6,31.0,,,1.0,,1.0,0.0,,,,,,0.0,,,,,,Ju_88_C-6
germ_panzerjager_nashorn,33.0,0.0,0.0,0.0,1.29,2.0,14.0,0.0,0.0,0.0,2.4,1.5,0.0,,,,,,Nashorn
f4u-4,34.0,100.0,3.6,2.19,0.0,0.05,289.0,58.38,0.28,0.19,1.47,1.0,0.0,,,,,,F4U-4
ussr_smk,33.0,67.65,0.0,0.0,0.94,1.53,9.0,,,,,,0.0,,,,,,SMK
ussr_t_64a_1971,33.0,0.0,0.0,0.0,1.56,0.78,883.0,46.81,0.0,0.0,2.29,1.91,58.0,85.09,0.0,0.0,4.89,4.29,T-64A_(1971)
sw_tgdgb_m40_lv,31.0,,,1.0,,0.0,33.0,0.0,0.29,0.27,2.79,2.62,0.0,,,,,,Lvtdgb_m/40
p-51c-10-nt,34.0,,,3.8,,0.0,51.0,71.8,0.68,1.48,0.43,0.86,0.0,,,,,,P-51C-10
jp_m41_walker_bulldog,33.0,,,0.0,,0.09,409.0,44.15,0.05,0.05,2.21,2.37,0.0,,,,,,M41A1
us_m6a2e1,30.0,100.0,1.0,1.0,8.8,8.8,64.0,50.0,0.0,0.0,4.86,4.56,0.0,,,,,,M6A2E1
jp_type_10,38.0,50.0,0.0,0.0,3.65,3.77,368.0,60.46,0.0,0.0,4.3,2.3,0.0,,,,,,Type_10
f4u-1a,35.0,93.48,1.41,1.36,1.76,1.78,65.0,52.94,0.76,1.12,1.29,2.0,0.0,,,,,,F4U-1A
sw_leopard_2a6nl,31.0,90.67,0.0,0.0,2.53,3.65,95.0,8.93,0.0,0.0,2.19,1.26,0.0,,,,,,Leopard_2A6
i-16_type24,30.0,100.0,4.0,2.0,0.0,0.0,0.0,,,,,,0.0,,,,,,I-16_type_24
douglas_ad_4_france,32.0,75.0,1.7,1.79,0.4,1.28,36.0,83.34,0.51,0.71,2.51,3.29,0.0,,,,,,AD-4
spitfire_ix_usa,32.0,,,1.33,,0.0,203.0,63.03,1.07,1.46,1.1,1.45,11.0,,,,,,Spitfire_LF_Mk_IXc
f-82e,34.0,100.0,2.0,2.0,0.0,0.0,76.0,50.0,0.29,0.13,1.05,1.0,0.0,,,,,,F-82E
p-51k,32.0,91.67,1.33,1.24,0.0,0.0,0.0,,,,,,0.0,,,,,,P-51K_(China)
germ_panzerjager_tiger_P_elefant,31.0,100.0,0.0,0.0,5.8,5.94,37.0,,,0.0,,6.57,0.0,,,,,,Elefant
uk_a_33_excelsior,36.0,100.0,0.0,0.0,9.68,9.68,85.0,58.89,0.0,0.0,4.11,5.15,0.0,,,,,,Excelsior
fr_m26_pershing,27.0,62.5,0.49,0.35,2.08,2.0,204.0,56.67,0.0,0.0,2.86,1.48,40.0,100.0,0.0,0.0,2.0,1.41,M26
j7w1,30.0,,,1.91,,0.0,354.0,68.75,0.98,0.96,2.46,2.37,0.0,,,,,,J7W1
uk_a30_challenger,30.0,58.33,0.0,0.0,1.72,3.53,122.0,57.22,0.0,0.0,2.13,1.68,0.0,,,,,,Challenger
vg_33,31.0,100.0,2.93,3.21,0.0,0.0,0.0,,,,,,0.0,,,,,,V.G.33C-1
mosquito_nf_mk2,30.0,100.0,2.67,2.29,0.0,0.0,0.0,,,,,,0.0,,,,,,Mosquito_NF.Mk.II
germ_m44,33.0,100.0,0.0,0.0,3.06,3.31,80.0,50.88,0.0,0.0,0.73,0.71,0.0,,,,,,M44
us_m4a3e2_sherman_jumbo_cobra_king,29.0,,,0.0,,1.14,172.0,64.25,0.0,0.0,3.56,2.68,0.0,,,,,,Cobra_King
us_t92,31.0,61.54,0.21,0.21,0.85,1.0,607.0,50.53,0.0,0.0,1.27,0.96,0.0,,,,,,T92
p-36c,32.0,,,1.25,,0.0,0.0,,,,,,0.0,,,,,,P-36C
sw_strv_101,31.0,0.0,0.0,0.0,1.06,1.03,304.0,44.88,0.0,0.0,1.74,1.29,0.0,,,,,,Strv_101
uk_concept3_ngac,33.0,50.0,0.0,0.0,0.5,0.5,145.0,72.02,0.0,0.0,2.58,1.7,0.0,,,,,,Concept_3
beaufighter_mk21,30.0,100.0,1.5,1.23,5.93,5.33,11.0,,,,,,0.0,,,,,,Beaufighter_Mk_21
cn_t_26_1940,31.0,100.0,0.0,0.0,4.73,5.0,0.0,,,,,,0.0,,,,,,T-26_(China)
il_2_m82,30.0,100.0,1.57,1.57,2.8,2.8,35.0,22.5,0.93,0.84,1.03,0.9,0.0,,,,,,IL-2_M-82
cn_mbt2000,32.0,50.0,0.0,0.0,1.46,2.35,337.0,52.75,0.0,0.0,2.3,1.47,24.0,,,0.0,,1.0,MBT-2000
fr_m4a4_sherman,27.0,50.0,0.0,0.0,5.3,5.3,120.0,87.65,0.0,0.0,6.47,4.58,0.0,,,,,,M4A4
mosquito_tr_mk33,30.0,100.0,1.19,1.22,1.38,1.22,0.0,,,,,,0.0,,,,,,Mosquito_TR.Mk.33
sm_92,30.0,,,1.24,,0.68,25.0,,,1.0,,2.0,0.0,,,,,,SM.92
spitfire_ix_early,31.0,91.67,7.91,6.68,0.18,0.21,265.0,72.31,2.14,2.3,1.2,1.32,0.0,,,,,,Spitfire_F_Mk_IX
il_magach_6b_gal_batash,32.0,53.33,0.0,0.0,1.55,1.55,91.0,85.91,0.0,0.0,4.56,4.11,0.0,,,,,,Gal_Batash
it_stug_III_ausf_G,30.0,100.0,0.0,0.0,1.78,1.78,34.0,100.0,0.0,0.0,3.55,3.9,0.0,,,,,,StuG_III_G
us_m60_120s,32.0,100.0,0.0,0.0,2.0,2.0,324.0,53.58,0.0,0.0,2.68,2.84,1.0,,,0.0,,0.0,120S
cn_zts_63_1980,29.0,50.0,0.0,0.0,2.0,1.06,55.0,50.79,0.0,0.0,1.2,1.46,17.0,0.0,0.0,0.0,1.0,0.06,ZTS63
germ_leopard_2a5_pso,31.0,69.45,0.0,0.0,2.13,2.06,662.0,45.36,0.0,0.0,2.22,1.84,0.0,,,,,,Leopard_2_PSO
f_14b,32.0,0.0,1.0,1.0,0.0,0.0,164.0,47.75,1.22,1.53,0.12,0.12,24.0,,,,,,F-14B
jp_type_74_c,26.0,48.33,0.0,0.0,0.52,0.78,245.0,56.82,0.0,0.0,3.54,2.94,0.0,,,,,,Type_74_(C)
us_m26_t99,31.0,100.0,0.0,0.0,9.0,8.07,34.0,100.0,0.0,0.0,2.81,2.7,0.0,,,,,,M26_T99
pv_2d,30.0,50.0,0.5,0.5,3.5,3.5,150.0,41.13,0.8,0.84,3.4,3.58,12.0,,,1.09,,1.09,PV-2D
germ_pzkpfw_IV_ausf_F,27.0,75.0,0.0,0.0,5.05,5.4,232.0,19.58,0.0,0.0,3.94,2.38,0.0,,,,,,Pz.IV_F1
il_2_1941,29.0,100.0,3.0,2.2,2.57,2.76,3.0,,,,,,0.0,,,,,,IL-2_(1941)
uk_challenger_1,31.0,100.0,1.0,0.19,6.2,2.69,440.0,44.65,0.0,0.0,2.65,1.52,0.0,,,,,,Challenger_Mk.2
us_m18_hellcat_black_cat,28.0,100.0,0.0,0.0,4.4,6.44,1134.0,77.79,0.0,0.0,3.07,2.79,1.0,0.0,0.0,0.0,2.0,2.0,"M18_""Black_Cat"""
ju-88a-4,27.0,100.0,0.72,0.33,2.94,2.73,0.0,,,,,,0.0,,,,,,Ju_88_A-4
il_magach_7c,31.0,53.33,0.0,0.0,1.12,1.15,28.0,100.0,0.0,0.0,3.86,3.43,0.0,,,,,,Magach_7C
ussr_is_3,31.0,68.18,0.5,1.0,1.82,3.11,213.0,41.67,0.0,0.0,2.68,2.22,0.0,,,,,,IS-3
fw-190f-8,31.0,100.0,5.88,3.95,2.75,1.84,109.0,41.07,0.86,0.78,1.89,1.72,17.0,,,1.24,,1.24,Fw_190_F-8
ussr_bmp_2m,27.0,50.0,0.0,0.0,0.0,0.0,1443.0,45.1,0.0,0.0,1.19,0.84,1.0,,,0.0,,0.0,BMP-2M
typhoon_mk1b_late,28.0,71.43,3.0,3.5,1.3,1.5,201.0,75.07,1.94,2.23,2.17,2.26,10.0,,,,,,Typhoon_Mk_Ib/L
fw_190a_5_u14,27.0,100.0,5.0,3.61,0.0,0.0,0.0,,,,,,0.0,,,,,,Fw_190_A-5/U14
cn_ztl_11,28.0,,,0.0,,1.46,165.0,49.52,0.0,0.0,1.48,1.24,0.0,,,,,,ZLT11
us_stingray,26.0,50.0,0.0,0.0,1.85,2.67,936.0,62.03,0.0,0.0,2.04,1.78,0.0,,,,,,Stingray
bf-109g-2_finland,28.0,50.0,0.0,0.0,1.5,3.0,24.0,100.0,1.73,1.67,1.13,0.94,0.0,,,,,,Bf_109_G-2
germ_sturmpanzer_IV_brummbar,29.0,100.0,0.0,0.0,3.0,3.0,23.0,,,0.0,,1.0,1.0,,,0.0,,1.0,Brummbär
su_25t,28.0,,,0.11,,0.44,258.0,66.74,0.35,0.42,4.38,4.86,15.0,0.0,1.0,1.0,3.0,2.73,Su-25T
mig-21_bis,29.0,50.0,2.5,1.38,1.0,0.38,14.0,100.0,0.0,0.0,0.0,0.0,0.0,,,,,,MiG-21bis
us_m19,28.0,100.0,1.0,0.25,1.67,1.15,58.0,0.0,0.0,0.0,0.0,0.44,0.0,,,,,,M19A1
ussr_isu_122s,27.0,20.59,0.0,0.0,1.0,1.41,48.0,100.0,0.0,0.0,2.0,1.41,0.0,,,,,,ISU-122S
me-262a-1a,26.0,100.0,4.0,,0.0,,60.0,50.0,0.5,0.7,0.0,0.0,0.0,,,,,,Me_262_A-1a
ussr_kv_2_1939,27.0,100.0,0.0,0.0,6.67,3.35,86.0,85.0,0.0,0.0,4.69,2.73,0.0,,,,,,KV-2_(1939)
wm_23,26.0,,,1.17,,0.0,27.0,100.0,2.0,1.92,1.0,0.9,0.0,,,,,,◔WM-23
uk_chieftain_mk_5,29.0,100.0,0.0,0.0,4.0,3.71,95.0,87.5,0.0,0.0,3.98,3.59,0.0,,,,,,Chieftain_Mk_5
f3d_1,23.0,39.58,1.64,1.34,0.0,0.0,252.0,56.09,0.47,0.45,1.39,1.52,0.0,,,,,,F3D-1
fr_m4a3_105_sherman,28.0,50.0,0.0,0.0,1.0,1.3,54.0,,,0.0,,4.13,0.0,,,,,,M4A3_(105)
ussr_2s38,28.0,60.0,0.37,0.84,0.47,1.12,2034.0,54.05,0.09,0.09,1.16,0.93,21.0,,,0.0,,0.0,2S38
lightning_f6,23.0,79.49,1.0,1.0,0.0,0.0,40.0,80.0,1.6,1.91,1.1,1.36,21.0,,,1.86,,0.0,Lightning_F.6
uk_fv107_scimitar,28.0,100.0,0.0,0.0,0.0,0.58,111.0,62.7,0.0,0.0,1.6,1.66,0.0,,,,,,Scimitar
uk_a30_sp_avenger,27.0,,,,,,207.0,77.27,0.0,0.0,4.58,3.4,0.0,,,,,,Avenger
tbf-1c,27.0,,,0.0,,2.17,0.0,,,,,,0.0,,,,,,TBF-1C
sw_pvkv_m43_1963,27.0,0.0,0.0,0.0,1.0,0.26,102.0,65.0,0.0,0.0,0.9,1.21,0.0,,,,,,Pvkv_m/43_(1963)
b_25j_1,26.0,,,,,,0.0,,,,,,0.0,,,,,,B-25J-1
ki-27_otsu,25.0,,,,,,0.0,,,,,,0.0,,,,,,Ki-27_otsu
spitfire_xvi,26.0,80.0,2.8,3.5,1.0,1.3,3.0,,,,,,0.0,,,,,,Spitfire_F_Mk_XVI
it_as_42_47,27.0,,,0.0,,1.7,1.0,,,,,,0.0,,,,,,AS_42/47
germ_flakpz_1a2_Gepard,24.0,,,1.0,,0.86,328.0,33.6,1.12,0.6,1.07,0.58,0.0,,,,,,Gepard_1A2
il_merkava_mk_1b,28.0,59.09,0.0,0.0,2.41,2.35,195.0,58.55,0.0,0.0,2.17,2.35,0.0,,,,,,Merkava_Mk.1B
ussr_is_4m,27.0,,,0.0,,3.25,108.0,57.5,0.0,0.0,3.7,3.63,0.0,,,,,,IS-4M
ussr_zsu_23_4m4,26.0,8.33,3.33,3.5,0.83,0.88,419.0,31.62,0.69,0.49,0.05,0.05,1.0,100.0,1.0,1.0,0.0,0.0,ZSU-23-4M4
il_centurion_shot_kal_d,22.0,0.0,0.0,0.0,2.0,2.0,34.0,86.91,0.0,0.0,2.82,1.8,0.0,,,,,,Sho't_Kal_Dalet
f-100d_france,26.0,50.0,0.83,1.0,0.0,0.0,0.0,,,,,,0.0,,,,,,F-100D
firefly_mk4_netherlands,26.0,100.0,3.08,2.48,2.62,2.24,20.0,50.0,0.2,0.4,0.43,0.85,0.0,,,,,,◘Firefly_F.Mk.IV
ussr_bmpt_72,20.0,,,0.0,,3.4,1322.0,55.19,0.0,0.0,1.7,1.32,1.0,,,,,,БМПТ-72
ussr_2s19_m2,28.0,50.0,0.0,0.0,0.5,0.5,66.0,26.11,0.0,0.0,1.55,0.8,0.0,,,,,,2С19М2
ussr_is_2_1943,27.0,19.23,0.0,0.0,2.59,3.04,709.0,52.97,0.0,0.0,1.66,1.64,0.0,,,,,,IS-2
q_5a,26.0,100.0,4.0,,9.64,,14.0,53.57,0.0,0.0,0.54,1.0,0.0,,,,,,Q-5A
mig-17_cuba,26.0,100.0,9.0,9.0,6.0,6.0,1.0,,,2.0,,0.0,0.0,,,,,,MiG-17AS
me-410a-1,25.0,100.0,0.0,0.0,9.27,5.25,41.0,46.55,0.0,0.0,0.66,0.97,0.0,,,,,,Me_410_A-1
f_111f,25.0,60.0,0.4,0.22,6.2,4.58,31.0,50.0,2.0,4.0,1.37,2.73,0.0,,,,,,F-111F
fr_panhard_ebr_1954,27.0,75.0,0.0,0.0,2.25,2.25,71.0,82.35,0.0,0.0,4.89,4.8,0.0,,,,,,E.B.R._(1954)
it_m15_42_contraereo,24.0,50.0,1.5,3.0,0.5,1.0,249.0,35.59,2.19,1.42,0.42,0.23,0.0,,,,,,M42_Contraereo
f_15a,26.0,0.0,1.0,1.13,2.0,1.0,134.0,44.72,1.29,1.31,0.06,0.08,0.0,,,,,,F-15A
lagg-3-66,23.0,,,1.22,,0.0,0.0,,,,,,0.0,,,,,,LaGG-3-66
yak-17,24.0,0.0,2.0,2.0,0.0,0.0,0.0,,,,,,0.0,,,,,,Yak-17
it_2s1,25.0,,,0.0,,1.62,87.0,66.67,0.0,0.0,0.53,0.47,0.0,,,,,,◔2S1
he_112b_0,25.0,,,1.0,,0.0,0.0,,,,,,0.0,,,,,,He_112_B-0
p-63a-5,24.0,29.17,1.03,1.19,0.1,0.19,5.0,,,,,,0.0,,,,,,P-63A-5
xp-50,24.0,,,2.53,,0.0,60.0,80.25,1.32,1.71,0.71,0.92,0.0,,,,,,XP-50
il_tcm_20,25.0,,,,,,12.0,0.0,0.0,0.0,0.0,0.0,0.0,,,,,,TCM-20
germ_pzkpfw_38t_Marder_III,24.0,,,,,,10.0,,,0.0,,0.0,0.0,,,,,,Marder_III
bf-109g-14,23.0,100.0,1.25,2.0,1.17,2.0,101.0,47.83,1.51,2.09,0.43,0.56,12.0,,,1.92,,0.0,Bf_109_G-14
germ_thyssen_henschel_tam,24.0,0.0,0.0,,1.55,,1070.0,41.55,0.0,0.0,1.36,1.33,5.0,0.0,0.0,0.0,2.0,0.5,TAM
ussr_zsu_23_4,26.0,0.0,0.0,0.0,0.0,0.0,233.0,16.56,0.21,0.21,0.05,0.05,0.0,,,,,,ZSU-23-4
bf-109g-2_hungary,23.0,,,6.74,,0.0,0.0,,,,,,0.0,,,,,,◐Bf_109_G-2
me_210ca_1_hungary,22.0,100.0,3.0,3.0,2.05,2.05,9.0,100.0,5.6,,2.0,,0.0,,,,,,◔Me_210_Ca-1
jp_type_98_ke_ni,27.0,100.0,0.0,0.0,4.32,8.25,26.0,26.67,0.0,0.0,1.9,2.94,0.0,,,,,,Ke-Ni
us_m4a2_1944_germ,24.0,100.0,0.0,0.0,10.0,5.0,1.0,,,,,,0.0,,,,,,M4_748_(a)
us_m4_t26,27.0,93.75,0.06,0.3,7.38,2.7,269.0,53.26,0.0,0.0,1.74,1.34,23.0,100.0,0.0,0.0,3.0,2.25,M4/T26
sw_cv_90120,18.0,66.67,0.0,0.0,2.7,3.2,272.0,50.45,0.0,0.0,1.86,1.8,0.0,,,,,,CV_90120
sea_fury_fb51,22.0,72.22,2.11,2.07,0.0,0.0,45.0,50.0,0.5,0.63,0.5,2.05,0.0,,,,,,◘Sea_Fury_FB.51
yak-9p,23.0,77.08,4.29,2.88,0.0,0.0,88.0,68.52,2.31,,0.84,,0.0,,,,,,Yak-9P
ki_84_ko,23.0,,,,,,79.0,100.0,2.82,3.74,1.67,1.88,0.0,,,,,,Ki-84_ko
il-10_1946,23.0,53.13,0.59,1.08,1.19,2.18,10.0,,,,,,0.0,,,,,,IL-10_(1946)
cn_t_80ud_478be,24.0,50.0,0.0,0.0,1.5,1.5,71.0,78.13,0.0,0.0,1.63,1.12,6.0,,,0.0,,2.0,T-80UD/BE
p-63c-5_ussr,26.0,50.0,1.96,1.96,0.0,0.0,29.0,100.0,1.86,0.59,4.29,2.05,0.0,,,,,,P-63C-5
it_vcc_80_hitfist_60,22.0,25.0,0.0,0.0,0.75,1.25,271.0,65.54,0.0,0.0,1.15,1.19,12.0,0.0,0.0,0.0,1.0,1.0,VCC-80/60
f-8e,22.0,75.0,1.79,1.79,0.25,0.25,10.0,,,0.9,,0.0,0.0,,,,,,F-8E
i-153_m62_china,23.0,100.0,4.13,4.09,2.0,2.0,0.0,,,,,,0.0,,,,,,I-153_M-62_(China)
re_2001_serie1_ep,22.0,100.0,3.0,3.0,0.0,0.0,0.0,,,,,,0.0,,,,,,Re.2001_gruppo_22
cw_21,23.0,100.0,2.0,2.0,1.0,1.0,0.0,,,,,,0.0,,,,,,CW-21
f-5c,22.0,100.0,0.0,0.0,5.0,5.0,212.0,48.4,1.4,1.98,0.4,0.55,4.0,,,0.0,,0.0,F-5C
h-75m_china,23.0,100.0,3.09,3.09,0.0,0.0,3.0,,,1.0,,0.0,0.0,,,,,,H-75M_(China)
us_m3_stuart,23.0,100.0,0.0,0.0,4.0,3.8,0.0,,,,,,0.0,,,,,,M3_Stuart
il-10,23.0,50.0,0.5,1.16,1.83,3.53,12.0,,,0.0,,0.0,0.0,,,,,,IL-10
bf-109g-6_erla_finland,24.0,,,1.0,,0.0,65.0,77.16,1.82,2.26,0.63,0.64,0.0,,,,,,Bf_109_G-6_Erla
ki_43_3_ko,23.0,100.0,3.0,3.0,0.0,0.0,0.0,,,,,,0.0,,,,,,Ki-43-III_ko_(China)
su_25,24.0,100.0,1.0,1.0,1.0,1.83,344.0,49.55,0.57,0.5,1.3,1.25,18.0,,,0.0,,0.0,Su-25
f4u-1a_usmc,25.0,86.84,2.05,2.05,0.87,0.88,15.0,,,,,,0.0,,,,,,F4U-1A_(USMC)
fr_amx_30_super,28.0,100.0,0.0,0.0,3.0,0.69,572.0,67.07,0.0,0.0,3.69,2.82,0.0,,,,,,AMX-30_Super
f-4e,22.0,33.33,1.0,0.92,0.7,0.8,327.0,49.53,1.65,1.85,0.27,0.3,19.0,,,0.0,,1.03,F-4E_Phantom_II
cn_hq_17,24.0,41.67,0.69,1.0,0.0,0.0,23.0,,,,,,0.0,,,,,,HQ17
il_m109,21.0,,,0.0,,1.47,31.0,100.0,0.0,0.0,3.0,1.21,0.0,,,,,,M109_(Israel)
cn_m24_chaffee,22.0,,,0.0,,0.0,100.0,100.0,0.0,0.0,4.0,1.71,0.0,,,,,,M24_(China)
ussr_btr_80a,23.0,,,,,,617.0,52.38,0.0,0.0,1.19,0.82,0.0,,,,,,BTR-80A
ju-88a-4_finland,23.0,0.0,0.0,0.0,1.26,1.26,0.0,,,,,,0.0,,,,,,Ju_88_A-4
do_217e_4,23.0,100.0,0.0,0.0,6.02,6.02,0.0,,,,,,0.0,,,,,,Do_217_E-4
mc-202_d,22.0,,,,,,0.0,,,,,,0.0,,,,,,C._202D
f-89b,22.0,100.0,12.0,12.0,0.0,0.0,89.0,86.67,0.99,1.02,0.8,0.88,0.0,,,,,,F-89B
ki_44_1,20.0,,,,,,0.0,,,,,,0.0,,,,,,Ki-44-I
p-38j_marge,23.0,100.0,1.0,1.46,1.0,1.46,13.0,100.0,2.31,,1.08,,2.0,100.0,1.0,0.5,3.0,1.5,Bong's_P-38J-15
ussr_t_34_85_zis_53_kit_3rank,21.0,100.0,0.0,0.0,3.53,3.53,323.0,66.81,0.0,0.0,2.96,2.52,11.0,,,0.0,,2.09,Т-34-85_('45)
it_centauro_2,20.0,100.0,0.0,0.0,2.0,2.0,53.0,78.26,0.0,0.0,2.17,1.85,0.0,,,,,,Centauro_II_(P)
sw_pbil_m40,24.0,100.0,0.0,0.0,2.6,1.14,1.0,,,0.0,,2.0,0.0,,,,,,Pbil_m/40
il-10_1946_hungary,20.0,,,0.45,,0.86,8.0,,,0.0,,4.0,0.0,,,,,,◔IL-10
germ_kv_2_754r,23.0,90.91,0.0,0.0,2.0,3.4,67.0,3.33,0.0,0.0,8.63,4.07,0.0,,,,,,KW_II_754_(r)
mig-21_f13,21.0,100.0,2.0,1.57,0.0,0.0,33.0,,,,,,0.0,,,,,,MiG-21F-13
f6f-5_france,24.0,85.71,1.07,1.07,2.43,2.27,96.0,74.17,1.38,0.96,3.94,2.8,0.0,,,,,,F6F-5
sb2c_5_thailand,23.0,100.0,0.4,0.36,2.1,2.0,76.0,53.21,1.42,1.8,5.37,6.34,0.0,,,,,,SB2C-5
ussr_su_100_1945,23.0,74.36,0.0,0.0,1.27,1.83,219.0,54.06,0.0,0.0,1.92,1.29,0.0,,,,,,SU-100
uk_vickers_mk_11,23.0,100.0,0.0,0.0,1.0,1.0,232.0,86.89,0.0,0.0,2.86,1.86,0.0,,,,,,Vickers_Mk.11
yak-9p_hungary,20.0,,,1.67,,0.0,13.0,0.0,0.0,0.0,1.0,1.0,0.0,,,,,,◔Yak-9P
su_25sm3,21.0,16.67,0.83,0.84,0.17,0.16,29.0,100.0,1.4,1.4,2.2,2.2,0.0,,,,,,Su-25SM3
cn_ztz_96a_prot,22.0,50.0,0.0,0.0,0.64,1.27,526.0,50.0,0.0,0.0,1.99,1.58,6.0,100.0,0.0,0.0,1.0,1.0,ZTZ96A_(P)
sw_t_72m1,20.0,,,0.0,,1.47,441.0,63.13,0.0,0.0,2.17,1.99,0.0,,,,,,T-72M1
uk_ttd,21.0,19.23,0.0,0.0,0.19,0.19,127.0,81.33,0.0,0.0,5.51,3.3,0.0,,,,,,TTD
tu-2_postwar_late,24.0,30.77,0.0,0.0,1.23,1.23,133.0,79.5,0.63,0.73,4.32,5.08,0.0,,,,,,Tu-2S-59
f-84b,18.0,100.0,4.45,2.77,16.09,10.77,128.0,40.89,0.94,0.76,1.09,1.53,0.0,,,,,,F-84B-26
ki-27_otsu_ep,20.0,100.0,7.0,6.68,0.0,0.0,0.0,,,,,,0.0,,,,,,Ki-27_otsu_Tachiarai
spitfire_mk5b_italy,20.0,,,4.35,,0.0,16.0,,,1.25,,1.0,10.0,,,1.4,,0.0,Spitfire_Mk_Vb/trop
us_m26_pershing,22.0,100.0,0.0,0.0,2.17,2.17,134.0,49.4,0.0,0.0,3.33,2.0,98.0,83.89,0.0,0.0,4.74,3.24,M26
ki_10_1,22.0,,,,,,0.0,,,,,,0.0,,,,,,Ki-10-I
pe-3_early,22.0,100.0,0.8,0.86,2.4,2.0,9.0,,,,,,0.0,,,,,,Pe-3_(e)
corsair_fmk2,21.0,100.0,2.46,3.0,2.15,3.0,2.0,,,,,,0.0,,,,,,Corsair_F_Mk_II
germ_pzkpfw_III_ausf_E,24.0,54.17,0.45,0.5,5.44,5.81,0.0,,,,,,0.0,,,,,,Pz.III_E
do_217e_2,23.0,100.0,0.0,0.0,8.25,4.32,4.0,,,0.0,,1.0,0.0,,,,,,Do_217_E-2
us_m46_patton_73_armor_bat,20.0,100.0,0.0,0.0,4.0,2.75,357.0,75.65,0.02,0.02,3.38,2.37,0.0,,,,,,"M46_""Tiger"""
us_m8a1,16.0,63.34,0.1,0.15,3.55,5.6,69.0,66.67,0.0,0.0,4.36,2.85,0.0,,,,,,M8A1_GMC
f8f1b_france,19.0,72.22,3.22,3.14,0.0,0.0,78.0,98.86,0.79,0.72,3.27,3.14,0.0,,,,,,F8F-1B
us_m2a4,20.0,60.0,0.0,0.0,3.0,5.0,22.0,,,0.0,,3.59,0.0,,,,,,M2A4
tempest_mk2,21.0,100.0,1.33,1.54,4.0,1.14,12.0,,,,,,0.0,,,,,,Tempest_Mk_II
uk_fv4202,21.0,,,0.0,,1.0,176.0,55.94,0.0,0.0,2.18,1.14,10.0,,,0.0,,0.0,FV4202
germ_flakpanzer_IV_Ostwind_2,20.0,0.0,1.2,1.2,0.4,0.4,258.0,22.85,1.11,0.6,0.04,0.04,17.0,100.0,1.0,1.0,0.0,0.0,Ostwind_II
f8f1b,20.0,,,1.57,,0.0,995.0,78.39,0.7,0.59,2.13,1.85,0.0,,,,,,F8F-1B
hunter_f6,19.0,50.0,0.5,1.0,0.0,0.0,130.0,52.3,2.02,2.81,1.3,1.88,0.0,,,,,,Hunter_F.6
il_aml_90,21.0,,,0.0,,0.67,175.0,58.16,0.0,0.0,1.51,0.98,0.0,,,,,,AML-90_(Israel)
us_m4a3e2_sherman_jumbo,24.0,5.0,0.05,0.04,0.0,0.0,284.0,43.89,0.0,0.0,3.16,2.04,0.0,,,,,,M4A3E2
jp_type_74_red_star,18.0,40.47,0.0,0.0,0.24,0.24,488.0,57.64,0.0,0.0,1.75,1.36,0.0,,,,,,Type_74_Red_Star
cn_m41_a3_walker_bulldog,23.0,50.0,0.0,0.0,0.46,0.92,87.0,47.62,0.0,0.0,2.5,2.33,0.0,,,,,,M41A3_(China)
it_m26a1_pershing,18.0,100.0,0.0,0.0,4.4,4.4,52.0,53.33,0.0,0.0,2.1,1.83,0.0,,,,,,M26A1
uk_ac4_thunderbolt,19.0,100.0,0.0,0.0,3.0,3.08,168.0,53.89,0.0,0.0,2.61,1.5,13.0,100.0,0.0,0.0,4.0,4.0,A.C.IV
bf-109g-10,21.0,100.0,1.0,0.4,0.57,2.0,7.0,0.0,1.0,1.0,0.0,0.0,15.0,,,1.2,,0.0,Bf_109_G-10
ef_2000_typhoon_aesa,20.0,,,2.0,,0.0,267.0,68.09,2.26,2.04,0.18,0.2,5.0,0.0,1.0,1.0,1.0,1.0,Typhoon_(AESA)
yak-30d,19.0,100.0,2.0,1.81,1.0,0.44,0.0,,,,,,0.0,,,,,,Yak-30D
f6f-5n_france,21.0,100.0,1.0,1.0,1.0,1.0,6.0,50.0,0.0,0.0,1.5,1.75,0.0,,,,,,F6F-5N
pyorremyrsky,19.0,,,5.64,,0.0,175.0,100.0,4.96,4.59,3.16,3.02,3.0,,,0.67,,0.0,VL_Pyörremyrsky
tu_14t,19.0,100.0,0.25,0.21,1.25,1.05,7.0,33.33,0.0,0.0,0.0,0.0,0.0,,,,,,Tu-14T
bf-109f-4_hungary,18.0,100.0,11.0,10.8,0.0,0.0,73.0,85.0,1.65,2.42,1.0,3.19,0.0,,,,,,◐Bf_109_F-4
su_25k,20.0,,,1.0,,0.0,621.0,54.06,0.36,0.41,1.53,1.74,0.0,,,,,,Su-25K
f-5e_switzerland,19.0,100.0,1.0,0.42,1.0,0.42,51.0,65.0,1.65,1.48,0.35,0.29,0.0,,,,,,◌F-5E
f-5a,21.0,,,,,,0.0,,,,,,0.0,,,,,,F-5A
p-51d-30_usaaf_korea,21.0,100.0,2.65,2.7,0.0,0.0,136.0,58.78,1.4,1.95,1.03,1.57,85.0,79.17,11.92,3.24,0.0,0.0,P-51D-30
la-11_china,18.0,,,1.86,,0.0,8.0,,,2.0,,0.0,0.0,,,,,,La-11_(China)
it_m55,19.0,100.0,0.0,0.0,1.0,1.0,21.0,0.0,0.0,0.0,1.0,0.76,0.0,,,,,,M55
sw_strv_81,19.0,,,,,,147.0,46.02,0.0,0.0,0.88,0.76,0.0,,,,,,Strv_81
us_t34,20.0,0.0,0.0,0.0,3.0,1.07,550.0,51.83,0.0,0.0,3.95,1.86,0.0,,,,,,T34
it_zsu_57_2,19.0,50.0,0.5,0.25,0.5,1.0,207.0,68.06,0.0,0.0,1.57,0.85,0.0,,,,,,◔ZSU-57-2
ussr_object_140,21.0,12.5,0.0,0.0,1.69,1.69,259.0,51.8,0.0,0.0,2.88,2.33,1.0,,,,,,Object_140
bf-109e-3,20.0,,,2.55,,0.0,43.0,100.0,0.0,0.42,0.0,0.63,0.0,,,,,,Bf_109_E-3
jp_m44,21.0,100.0,0.0,0.0,1.4,1.4,88.0,46.67,0.0,0.0,1.17,1.17,0.0,,,,,,M44
cn_ztz_88b,19.0,,,,,,199.0,45.12,0.0,0.0,2.58,1.67,0.0,,,,,,ZTZ88B
cn_ztz_88a,19.0,,,0.0,,1.0,117.0,73.33,0.0,0.0,4.1,2.7,2.0,100.0,0.0,0.0,3.0,3.0,ZTZ88A
uk_valentine_mk_9,19.0,100.0,0.0,,4.95,,0.0,,,,,,0.0,,,,,,Valentine_IX
p-63a-10_ussr,19.0,,,,,,79.0,85.56,0.44,0.41,2.85,2.74,0.0,,,,,,P-63A-10
sw_strv_122b_plss,20.0,90.0,0.0,0.0,5.53,5.93,166.0,37.44,0.0,0.0,3.04,2.31,0.0,,,,,,Strv_122B_PLSS
us_m46_patton,18.0,100.0,0.0,0.0,3.82,4.19,645.0,60.05,0.0,0.0,3.47,2.55,0.0,,,,,,M46
uk_chieftain_mk_3,21.0,100.0,0.0,0.0,4.7,2.95,127.0,35.48,0.0,0.0,2.11,3.36,0.0,,,,,,Chieftain_Mk_3
uk_a_34_comet,19.0,50.0,0.0,0.0,1.34,2.68,97.0,66.67,0.0,0.0,1.95,1.71,0.0,,,,,,Comet_I
germ_pzkpfw_III_ausf_J_L42,18.0,91.67,0.0,0.0,2.64,2.89,13.0,,,0.0,,3.69,0.0,,,,,,Pz.III_J
us_m1_abrams,20.0,100.0,0.0,0.0,1.94,1.94,1811.0,53.94,0.0,0.0,2.38,1.93,2.0,100.0,0.0,0.0,4.0,4.0,M1_Abrams
a6m2_zero,20.0,,,5.0,,0.0,0.0,,,,,,1.0,,,,,,A6M2
sw_sav_m43_1946,18.0,,,0.0,,1.0,6.0,,,0.0,,0.5,0.0,,,,,,Sav_m/43_(1946)
ussr_t_44_122,17.0,,,0.0,,1.43,40.0,21.05,0.0,0.0,1.82,1.5,0.0,,,,,,T-44-122
su_17m4,20.0,100.0,0.0,,3.25,,51.0,50.0,0.5,0.02,1.0,0.17,67.0,53.89,1.03,1.02,1.07,1.01,Su-17M4
fr_arl_44,19.0,0.0,0.0,0.0,1.0,0.74,288.0,53.49,0.0,0.0,1.78,1.56,0.0,,,,,,ARL-44
re_2002_early,18.0,,,0.0,,0.0,12.0,0.0,0.0,0.0,0.4,0.2,0.0,,,,,,Re.2002_Early
wellington_mk1c_luftwaffe,17.0,,,1.0,,22.0,0.0,,,,,,0.0,,,,,,Wellington_Mk_Ic
f_47n_25_re_china,16.0,50.0,0.75,0.75,6.0,6.0,17.0,0.0,0.0,0.0,1.0,1.0,0.0,,,,,,F-47N-25-RE_(China)
he_115a_2_sweden,20.0,100.0,0.0,0.0,12.9,14.57,0.0,,,,,,0.0,,,,,,T_2
us_lvt_a1_m24,17.0,100.0,0.0,0.0,4.0,4.47,0.0,,,,,,0.0,,,,,,LVT(A)(1)_(M24)
fr_vab_santal,18.0,100.0,2.0,,1.0,,125.0,52.98,0.74,0.5,0.0,0.0,0.0,,,,,,SANTAL
me-410b-6_r3,18.0,,,0.0,,2.06,7.0,,,,,,0.0,,,,,,Me_410_B-6/R3
uk_challenger_2_megatron,19.0,,,,,,1066.0,53.33,0.0,0.0,2.37,1.87,0.0,,,,,,Challenger_2_OES
p-51d-10,17.0,100.0,1.0,4.0,0.0,0.0,43.0,8.0,3.08,3.48,0.4,0.56,13.0,,,4.0,,0.0,P-51D-10
d_520_france,18.0,85.71,2.29,2.29,0.43,0.43,109.0,60.89,1.27,2.03,0.0,0.0,0.0,,,,,,D.520
fr_amx_elc_bis,18.0,,,0.0,,1.5,328.0,55.57,0.0,0.0,1.31,1.11,0.0,,,,,,ELC_bis
germ_pzkpfw_Maus,18.0,,,,,,401.0,50.24,0.0,0.0,8.76,5.34,12.0,,,,,,Maus
p-47d_30_italy,19.0,,,1.32,,0.11,119.0,73.15,0.26,0.24,1.96,1.69,29.0,50.0,0.5,0.97,0.5,0.97,P-47D-30
jp_navy_120mm_spg,19.0,83.33,0.0,0.0,3.6,4.27,113.0,64.45,0.0,0.0,2.6,1.92,0.0,,,,,,Chi-Ha_LG
ki_43_2,17.0,,,1.4,,0.0,1.0,,,,,,21.0,100.0,0.0,0.0,1.0,1.0,Ki-43-II
ussr_pantsyr_s1,17.0,0.0,1.82,1.82,0.0,0.0,395.0,30.86,1.9,0.65,0.0,0.0,0.0,,,,,,Pantsir-S1
spitfire_mk1,17.0,100.0,15.44,,0.0,,0.0,,,,,,0.0,,,,,,Spitfire_Mk_Ia
p-51d-5,19.0,50.0,0.88,1.05,2.0,1.09,63.0,0.0,1.25,0.36,2.42,1.29,0.0,,,,,,P-51D-5
cn_plz_05,18.0,,,0.0,,0.61,162.0,53.17,0.0,0.0,2.12,2.02,0.0,,,,,,PLZ05
us_xm1_gm,18.0,100.0,0.0,0.0,2.0,2.11,1080.0,53.28,0.0,0.0,2.33,1.67,0.0,,,,,,XM1_(GM)
sw_veak_40,17.0,0.0,1.0,1.0,0.0,0.0,244.0,22.98,0.22,0.16,0.64,0.44,0.0,,,,,,VEAK_40
germ_stug_III_ausf_F,17.0,0.0,0.0,0.0,1.0,1.0,70.0,36.76,0.0,0.0,2.45,2.75,0.0,,,,,,StuG_III_F
sw_ikv_91,17.0,50.0,0.0,0.0,0.5,1.0,335.0,50.18,0.0,0.0,2.27,1.14,0.0,,,,,,Ikv_91
jp_st_a3,17.0,,,0.0,,1.0,249.0,55.09,0.0,0.0,2.8,2.21,0.0,,,,,,ST-A3
jp_st_b1,18.0,50.0,0.0,0.0,1.0,0.94,201.0,67.93,0.0,0.0,4.87,2.24,0.0,,,,,,STB-2
us_m10,19.0,,,0.0,,0.84,26.0,100.0,0.0,0.0,2.5,1.47,0.0,,,,,,M10_GMC
us_m1296_dragoon,18.0,,,,,,189.0,66.67,0.0,0.0,1.61,0.74,0.0,,,,,,M1296
wellington_mk1c_late,18.0,,,0.0,,0.0,0.0,,,,,,0.0,,,,,,Wellington_Mk_Ic/L
sw_strv_m41_s2,17.0,100.0,0.0,0.0,0.35,0.35,45.0,,,0.0,,0.07,0.0,,,,,,Strv_m/41_S-II
a7m1,17.0,,,1.0,,0.0,92.0,61.67,2.51,3.14,2.21,2.82,12.0,,,2.33,,0.0,A7M1_(NK9H)
uk_a27m_cromwell_5_rp3,20.0,100.0,0.0,0.0,10.22,16.63,7.0,,,0.0,,2.0,0.0,,,,,,Cromwell_V_(RP-3)
wyvern_s4,17.0,100.0,1.67,2.94,7.67,3.59,284.0,66.09,1.07,0.66,5.81,3.68,1.0,,,,,,Wyvern_S4
pe-3_bis,19.0,91.11,1.15,1.67,5.25,7.33,14.0,,,,,,0.0,,,,,,Pe-3bis
germ_leopard_2pl,16.0,92.86,0.0,0.0,3.71,4.0,1128.0,44.0,0.0,0.0,1.52,1.15,0.0,,,,,,Leopard_2_PL
a_7e,16.0,100.0,0.0,0.0,3.0,2.31,7.0,100.0,0.0,0.0,2.0,2.0,0.0,,,,,,A-7E
tu-2,17.0,50.0,0.0,0.0,1.65,3.29,76.0,92.82,0.0,0.0,3.12,2.63,8.0,,,0.0,,1.0,Tu-2S
germ_mkpz_super_m48,16.0,,,,,,186.0,80.06,0.0,0.0,6.45,3.44,36.0,18.75,0.0,0.0,1.0,1.07,M48_Super
ussr_2s25m,17.0,,,0.0,,2.0,718.0,50.56,0.0,0.0,1.76,1.25,0.0,,,,,,2S25M
il_centurion_mk_5_shot,16.0,100.0,0.0,0.0,1.0,1.0,91.0,21.01,0.0,0.0,2.84,0.96,0.0,,,,,,Sho't
a6m3_mod22_zero,19.0,,,,,,0.0,,,,,,0.0,,,,,,A6M3_mod._22
uk_centurion_mk_10,18.0,,,,,,118.0,58.21,0.0,0.0,1.7,1.96,0.0,,,,,,Centurion_Mk_10
it_44m_zrinyi_1,17.0,100.0,0.0,0.0,2.0,1.46,12.0,,,,,,0.0,,,,,,Zrinyi_I
p-51b_7_sweden,19.0,,,,,,71.0,100.0,1.21,0.87,1.11,0.85,0.0,,,,,,J26_David
us_m44,20.0,42.86,0.0,0.0,1.14,1.0,100.0,0.0,0.0,0.0,4.91,2.29,0.0,,,,,,M44
f_16a_block_10,18.0,0.0,1.0,0.75,2.0,0.5,192.0,68.37,1.12,0.93,2.3,1.64,0.0,,,,,,F-16A
p-26a_34_m2,16.0,,,2.19,,0.0,7.0,,,0.0,,0.0,0.0,,,,,,P-26A-34_M2
uk_a_22b_mk_3_churchill_1942,17.0,,,0.0,,1.0,14.0,0.0,0.0,0.0,3.0,1.75,0.0,,,,,,Churchill_III
uk_a27m_cromwell_5,20.0,56.95,0.0,0.0,2.3,3.88,19.0,,,0.0,,0.38,0.0,,,,,,Cromwell_V
uk_a27m_cromwell_1,17.0,,,0.0,,1.0,148.0,55.79,0.0,0.0,2.44,2.52,0.0,,,,,,Cromwell_I
su-6_am42,17.0,,,,,,74.0,50.0,2.93,1.88,1.17,0.98,0.0,,,,,,Su-6_(AM-42)
uk_shir_2,18.0,,,0.0,,2.0,291.0,67.05,0.0,0.0,3.52,3.42,0.0,,,,,,FV4030/3
sw_lago_1,18.0,100.0,0.0,0.0,1.0,1.0,66.0,,,0.0,,1.23,0.0,,,,,,Lago_I
fr_amx_30_1972,16.0,0.0,0.0,0.0,1.0,1.0,196.0,73.87,0.0,0.0,2.23,2.87,0.0,,,,,,AMX-30_(1972)
su_24m,16.0,0.0,0.0,0.0,0.0,0.38,124.0,59.89,0.0,0.0,3.63,3.55,9.0,,,,,,Су-24М
bf-110c-4,15.0,100.0,2.0,,8.0,,12.0,,,0.0,,1.0,0.0,,,,,,Bf_110_C-7
us_m3_bradley,17.0,,,0.0,,0.19,465.0,55.68,0.0,0.0,1.76,1.07,0.0,,,,,,M3_Bradley
ki_61_1a_otsu_usa,14.0,50.0,6.5,6.5,0.0,0.0,16.0,100.0,0.0,0.0,1.0,1.0,0.0,,,,,,Ki-61-Ib
germ_pzkpfw_VI_tiger_P,16.0,100.0,0.0,0.0,4.0,3.69,0.0,,,,,,0.0,,,,,,VK_45.01_(P)
p-61a_1,16.0,100.0,3.31,3.31,5.06,5.06,6.0,100.0,1.0,1.0,2.0,2.0,0.0,,,,,,P-61A-11
jp_m36b2_jgsdf,16.0,100.0,0.0,0.0,2.56,2.9,256.0,47.66,0.0,0.0,2.48,1.54,0.0,,,,,,M36
a_7d,15.0,100.0,0.0,0.0,2.0,1.67,45.0,94.44,1.33,1.33,2.83,2.83,0.0,,,,,,A-7D
buccaneer_s2,15.0,,,,,,27.0,76.0,0.0,0.0,1.44,1.36,0.0,,,,,,Buccaneer_S.2
b_34,17.0,100.0,1.0,1.0,3.88,3.88,0.0,,,,,,11.0,,,0.0,,2.0,B-34
fr_amx_13_fl_11,16.0,50.0,0.0,0.0,2.31,4.63,126.0,82.64,0.0,0.0,2.03,1.63,0.0,,,,,,AMX-13_(FL11)
us_t26e5,17.0,100.0,0.0,0.0,4.5,4.4,960.0,67.85,0.01,0.0,4.66,4.22,0.0,,,,,,T26E5
germ_th_400,15.0,,,0.0,,1.0,139.0,47.33,0.0,0.0,2.54,1.43,0.0,,,,,,R400
us_m1128_mgs,14.0,,,0.0,,0.96,698.0,57.14,0.0,0.0,1.66,1.45,0.0,,,,,,M1128
fr_amx_30_dca,15.0,42.86,1.14,2.0,0.43,0.86,418.0,52.45,0.2,0.14,0.91,0.64,0.0,,,,,,AMX-30_DCA
p-38g,16.0,,,,,,0.0,,,,,,0.0,,,,,,P-38G-1
f7f1,14.0,100.0,2.0,2.0,0.0,0.0,99.0,95.46,0.4,0.43,2.85,1.75,0.0,,,,,,F7F-1
a7m2,16.0,50.0,1.5,1.5,0.0,0.0,46.0,100.0,3.2,2.48,1.27,0.81,0.0,,,,,,A7M2
uk_conqueror_mk_2,16.0,100.0,0.0,0.0,2.19,2.19,199.0,57.21,0.0,0.0,3.48,2.46,0.0,,,,,,Conqueror
cn_m10,16.0,,,0.0,,1.2,15.0,,,0.0,,1.8,0.0,,,,,,M10_GMC_(China)
h-75a-4_france,16.0,,,,,,0.0,,,,,,0.0,,,,,,H-75A-4
cn_cm11,16.0,,,,,,116.0,96.55,0.0,0.0,8.84,3.79,0.0,,,,,,CM11
yak-4,14.0,,,0.0,,4.0,0.0,,,,,,0.0,,,,,,Yak-4
us_t18_e2,16.0,100.0,0.0,,2.0,,17.0,,,0.0,,5.41,0.0,,,,,,T18E2
douglas_ad_2,16.0,100.0,1.0,1.0,2.0,2.06,23.0,46.15,0.0,0.0,2.08,1.65,0.0,,,,,,AD-2
p-36g,16.0,100.0,3.0,2.75,1.58,1.44,0.0,,,,,,0.0,,,,,,P-36G
fa_18a_hug_2_raaf,17.0,55.0,1.65,3.0,0.0,0.0,0.0,,,,,,0.0,,,,,,AF/A-18A_Late
fw-190a-8_usa,15.0,,,1.0,,0.0,3.0,66.67,0.7,1.0,1.0,1.5,0.0,,,,,,Fw_190_A-8
fr_m4a1_sherman_fl_10,15.0,,,0.0,,1.0,67.0,95.83,0.0,0.0,8.36,6.49,0.0,,,,,,M4A1_(FL10)
germ_mkpz_m48a2ga2,13.0,50.0,0.0,0.0,3.33,3.33,315.0,27.75,0.0,0.0,1.98,1.37,0.0,,,,,,M48A2_G_A2
f2h-2,14.0,100.0,2.0,2.0,0.0,0.0,124.0,59.78,1.64,1.57,0.38,0.39,0.0,,,,,,F2H-2
il_magach_3_idf,13.0,50.0,0.0,0.0,1.0,1.0,28.0,2.56,0.0,0.0,1.25,1.47,0.0,,,,,,Magach_3
i-15bis_krasnolutsky,14.0,,,,,,0.0,,,,,,0.0,,,,,,Krasnolutsky's_I-15bis
fr_arl_44_acl1,14.0,83.33,0.0,0.0,2.08,2.25,63.0,,,0.0,,1.18,0.0,,,,,,ARL-44_(ACL-1)
us_m4a3_105_sherman,16.0,,,0.0,,1.0,49.0,,,0.0,,4.73,0.0,,,,,,M4A3_(105)
it_m36b1,16.0,,,,,,44.0,23.08,0.0,0.0,0.23,0.47,0.0,,,,,,M36B1
fr_1_fireball,15.0,,,1.0,,0.0,144.0,56.45,0.42,0.35,2.22,1.93,12.0,100.0,1.0,0.05,3.0,3.77,FR-1_Fireball
germ_leopard_2a4,13.0,0.0,0.0,0.0,1.18,1.0,1637.0,44.94,0.0,0.0,1.44,1.25,41.0,50.0,0.0,0.0,0.68,0.37,Leopard_2A4
b7a2,16.0,100.0,1.0,,4.5,,6.0,50.0,0.5,1.0,0.5,1.0,0.0,,,,,,B7A2
ussr_2s3m,15.0,50.0,0.0,0.0,1.04,2.08,133.0,36.67,0.0,0.0,2.46,1.5,0.0,,,,,,2S3M
p-47m-1-re,15.0,,,,,,172.0,68.06,0.2,0.32,1.53,2.0,0.0,,,,,,P-47M-1-RE
sw_sav_m43_1944,15.0,,,,,,0.0,,,,,,0.0,,,,,,Sav_m/43_(1944)
sw_landsverk_ush_204_gk,14.0,,,,,,192.0,48.61,0.69,0.68,0.07,0.08,0.0,,,,,,U-SH_204_GK
p-26b_35,14.0,,,,,,0.0,,,,,,0.0,,,,,,P-26B-35
xf5u_1,15.0,,,,,,109.0,78.89,1.04,0.79,0.35,0.29,0.0,,,,,,XF5U-1
cn_m4a4_sherman,15.0,,,0.0,,0.0,50.0,,,0.0,,2.67,0.0,,,,,,M4A4_(China)
j5n1,15.0,,,,,,10.0,100.0,0.0,0.0,1.0,1.0,0.0,,,,,,J5N1
f_16a_block_15_adf_italy,14.0,,,,,,23.0,50.0,0.5,1.0,0.5,1.0,1.0,,,2.0,,0.0,F-16A_ADF
ki_21_1hei,15.0,100.0,1.0,1.0,12.87,12.87,0.0,,,,,,0.0,,,,,,Ki-21-I_hei
mirage_f1c_200,11.0,50.0,6.13,7.0,2.13,2.38,989.0,54.9,1.12,1.38,0.42,0.5,101.0,100.0,8.5,1.9,0.0,0.0,Mirage_F1C-200
leo_451_late,16.0,50.0,0.5,0.5,6.5,6.5,0.0,,,,,,0.0,,,,,,LeO_451_late
t2_early,14.0,,,,,,25.0,100.0,2.73,2.73,0.0,0.0,0.0,,,,,,T-2_Early
yak-9ut,12.0,50.0,2.42,4.83,0.08,0.17,588.0,64.3,0.71,0.76,2.13,2.27,0.0,,,,,,Yak-9UT
mig-15_ns23,12.0,100.0,4.5,2.25,1.0,0.5,21.0,27.27,1.0,0.52,0.0,0.29,0.0,,,,,,MiG-15
us_m1_ip_abrams,14.0,,,,,,611.0,47.11,0.0,0.0,2.4,2.28,0.0,,,,,,IPM1
ussr_kv_2_zis_6,16.0,100.0,0.0,0.0,3.86,3.63,55.0,50.0,0.0,0.0,2.4,2.36,0.0,,,,,,KV-2_(ZiS-6)
ju-87d-5,15.0,,,1.0,,1.2,0.0,,,,,,0.0,,,,,,Ju_87_D-5
cn_pgz_625_fb10,16.0,44.44,1.28,2.33,0.0,0.0,49.0,50.0,0.7,0.45,0.5,0.34,0.0,,,,,,CS/SA5
f9f-5,11.0,54.17,2.58,2.22,0.0,0.0,7.0,,,,,,0.0,,,,,,F9F-5
bf-109c_1_promo,13.0,,,2.31,,0.0,0.0,,,,,,0.0,,,,,,Bf_109_C-1_Promo
bf-109z,15.0,,,,,,16.0,0.0,1.0,1.0,2.0,2.0,0.0,,,,,,Bf_109_Z-1
i-16_type10,13.0,100.0,2.0,2.0,0.0,0.0,0.0,,,,,,0.0,,,,,,I-16_type_10
i-16_type18,13.0,100.0,2.0,2.0,0.0,0.0,0.0,,,,,,0.0,,,,,,I-16_type_18
rafale_m_f3r,13.0,,,1.5,,0.0,98.0,70.99,2.34,2.46,0.43,0.5,21.0,,,2.9,,0.0,Rafale_M_F3-R
me-410b-1,16.0,100.0,1.0,0.75,3.5,2.5,26.0,50.0,0.0,0.0,0.0,0.0,0.0,,,,,,Me_410_B-1
il_magach_5,13.0,100.0,0.0,0.0,2.0,1.42,36.0,100.0,0.0,0.0,4.0,2.69,1.0,,,,,,Magach_5
lagg-3-34,15.0,100.0,2.4,2.4,0.0,0.0,0.0,,,,,,0.0,,,,,,LaGG-3-34
tempest_mkv,15.0,100.0,2.0,2.0,2.5,2.5,20.0,100.0,1.05,1.05,3.1,3.1,0.0,,,,,,Tempest_Mk_V
ussr_zsu_23_4m2,15.0,50.0,0.5,1.0,0.46,0.92,207.0,24.27,0.8,0.92,0.22,0.33,0.0,,,,,,ЗСУ-23-4М2
jp_type_10_prototype,13.0,,,0.0,,1.0,339.0,60.69,0.0,0.0,2.45,1.62,0.0,,,,,,TKX_(P)
mig_23ml,14.0,,,2.93,,0.71,620.0,54.99,1.46,1.64,0.24,0.26,9.0,,,1.0,,0.0,MiG-23ML
harrier_gr3,13.0,,,0.0,,0.54,35.0,89.74,1.15,1.26,1.77,1.96,0.0,,,,,,Harrier_GR.3
uk_a_22f_mk_7_churchill_1944,17.0,0.0,0.0,0.0,1.92,4.33,109.0,84.53,0.0,0.0,4.68,3.38,0.0,,,,,,Churchill_VII
jp_type_90b,13.0,,,,,,502.0,49.48,0.0,0.0,1.27,1.06,0.0,,,,,,Type_90_(B)
i-16_type5,12.0,,,1.0,,0.0,0.0,,,,,,0.0,,,,,,I-16_type_5
sw_leopard_1a5no,13.0,,,0.0,,1.38,581.0,54.04,0.0,0.0,2.45,2.14,0.0,,,,,,Leopard_1A5NO2
f_15e,16.0,0.0,1.0,0.88,1.0,1.13,588.0,56.31,0.96,1.13,1.63,1.94,13.0,0.0,0.0,0.0,1.0,0.08,F-15E
tornado_gr1,14.0,87.5,0.88,1.0,0.0,0.0,35.0,75.0,0.5,0.38,1.65,1.68,0.0,,,,,,Tornado_GR.1
b_18a,13.0,0.0,0.0,0.0,0.6,0.69,0.0,,,,,,0.0,,,,,,B-18A
il_magach_6c,15.0,,,0.0,,0.0,0.0,,,,,,0.0,,,,,,Magach_6C
yak-15,12.0,0.0,0.0,0.0,0.0,0.0,0.0,,,,,,0.0,,,,,,Yak-15
spitfire_lf_mk9e_weisman,15.0,,,,,,97.0,74.45,0.92,0.89,2.24,2.18,35.0,55.0,0.91,0.73,0.62,0.67,Weizman's_Spitfire_LF_Mk.IXe
uk_rooikat_za_35,14.0,,,,,,274.0,67.17,0.11,0.06,3.59,1.67,0.0,,,,,,ZA-35
f-5e_fcu_thailand,12.0,,,,,,144.0,83.41,2.51,1.31,2.54,1.32,0.0,,,,,,F-5E_FCU
spitfire_f24,15.0,100.0,2.7,4.46,4.3,1.43,130.0,94.87,2.73,2.6,5.57,5.18,0.0,,,,,,Spitfire_F_Mk_24
lagg-3-35,12.0,,,,,,0.0,,,,,,0.0,,,,,,LaGG-3-35
mosquito_fb_mk6_ash_norway,14.0,,,1.0,,3.0,0.0,,,,,,0.0,,,,,,◢Mosquito_FB.Mk.VI_ASH
f2a-3,12.0,0.0,4.5,4.5,0.5,0.5,0.0,,,,,,0.0,,,,,,F2A-3
it_leopard_bofors,14.0,0.0,1.0,1.0,1.0,1.0,154.0,83.06,0.13,0.05,2.93,1.33,0.0,,,,,,Leopard_40/70
f-4f_late,12.0,0.0,0.0,0.0,3.0,2.25,106.0,77.56,0.88,0.53,4.09,2.44,0.0,,,,,,◄F-4F
bf-109g-6,14.0,,,7.29,,0.0,93.0,51.19,3.0,5.16,1.06,1.89,0.0,,,,,,Bf_109_G-6
sw_t_54_1951,14.0,,,0.0,,1.0,215.0,35.13,0.0,0.0,1.45,0.94,0.0,,,,,,T-54
do_217n_1,12.0,100.0,0.5,0.5,2.0,2.0,0.0,,,,,,0.0,,,,,,Do_217_N-1
germ_pzkpfw_IV_ausf_E,13.0,,,,,,182.0,35.28,0.0,0.0,0.34,1.36,0.0,,,,,,Pz.IV_E
us_m60,14.0,0.0,0.0,0.0,1.0,1.0,129.0,60.13,0.0,0.0,1.76,1.3,0.0,,,,,,M60
f1,13.0,0.0,3.0,1.92,1.0,0.46,1.0,,,,,,0.0,,,,,,F-1
il_m113_hvms,13.0,,,0.0,,1.0,71.0,0.0,0.0,0.0,2.93,1.43,0.0,,,,,,Bardelas/60mm_HVMS
bf-109e-1,14.0,,,2.0,,0.0,33.0,79.49,1.35,1.0,0.12,0.14,31.0,,,,,,Bf_109_E-1
il_zsu_57_2,12.0,,,0.0,,1.67,187.0,11.79,0.0,0.0,1.77,0.7,0.0,,,,,,ZSU-57-2_(Israel)
uk_crusader_mk_2,14.0,,,0.0,,0.86,13.0,,,,,,0.0,,,,,,Crusader_II
us_m48a1_patton_III,14.0,0.0,0.0,0.0,0.0,0.0,111.0,50.0,0.0,0.0,1.19,1.32,1.0,,,0.0,,2.0,M48A1
am_1_mauler,13.0,0.0,0.0,,0.0,,241.0,66.28,0.32,0.35,1.8,1.89,0.0,,,,,,AM-1
av_8b_na,14.0,,,0.0,,0.0,54.0,59.26,0.02,0.01,0.93,0.8,39.0,,,0.5,,1.25,AV-8B_(NA)
so_4050_vautour_2a,12.0,50.0,0.0,0.0,4.0,4.0,0.0,,,,,,0.0,,,,,,S.O.4050_Vautour_IIA
f-80a,11.0,100.0,1.0,,2.0,,72.0,28.57,2.14,1.58,2.86,2.75,0.0,,,,,,F-80A-5
f-5a_thailand,12.0,50.0,2.5,2.5,2.5,2.5,48.0,66.67,0.7,1.0,0.3,0.5,0.0,,,,,,F-5A
so_4050_vautour_2b,12.0,50.0,0.0,0.0,3.5,3.5,0.0,,,,,,0.0,,,,,,S.O.4050_Vautour_IIB
sw_strf_90c,15.0,66.67,0.3,0.5,2.3,3.5,179.0,29.49,0.0,0.0,2.34,1.85,0.0,,,,,,Strf_9040C
uk_m3_stuart,13.0,,,0.0,,2.0,15.0,,,0.0,,0.0,0.0,,,,,,Stuart_I
ussr_object_268,11.0,100.0,0.0,0.0,2.0,2.0,266.0,52.83,0.0,0.0,2.93,2.11,0.0,,,,,,Object_268
cn_su_100_1945,12.0,,,,,,42.0,100.0,0.0,0.0,1.41,0.88,0.0,,,,,,SU-100_(China)
cn_zsl_92,11.0,,,,,,148.0,47.81,0.21,0.35,0.45,0.61,1.0,,,0.0,,0.0,ZSL92
us_t54e1,10.0,100.0,0.0,0.0,3.0,1.21,60.0,92.5,0.0,0.0,3.88,2.7,0.0,,,,,,T54E1
uk_marmon_herrington_mk_6_2pdr,13.0,,,,,,18.0,100.0,0.0,0.0,1.17,0.32,0.0,,,,,,SARC_MkVI_(2pdr)
jp_type_87_rcv_prot,11.0,0.0,2.0,2.0,1.0,1.0,251.0,55.22,0.07,0.05,2.32,1.71,0.0,,,,,,Type_87_RCV_(P)
etndard_4m,12.0,50.0,0.5,0.5,1.5,1.5,0.0,,,,,,0.0,,,,,,Etendard_IVM
us_t32,12.0,0.0,0.0,0.0,1.0,1.75,345.0,64.64,0.0,0.0,2.31,2.12,0.0,,,,,,T32
f-104j,12.0,50.0,1.5,3.0,0.0,0.0,4.0,0.0,1.0,1.0,0.0,0.0,0.0,,,,,,F-104J
ussr_t_34_1941_cast_turret,12.0,100.0,0.0,,2.0,,73.0,,,0.0,,2.88,0.0,,,,,,T-34_(1st_Gv.T.Br.)
rafale_c_f3,12.0,,,2.25,,0.0,215.0,74.48,2.38,3.76,0.25,0.28,0.0,,,,,,Rafale_C_F3
germ_flarakpz_1,11.0,100.0,1.0,,0.0,,74.0,73.81,0.9,0.57,0.0,0.0,0.0,,,,,,FlaRakPz_1
sw_zsu_57_2,11.0,,,0.0,,1.36,231.0,46.98,0.0,0.0,1.58,1.35,0.0,,,,,,ZSU-57-2
mosquito_f_mk2_norway,12.0,,,,,,0.0,,,,,,0.0,,,,,,◢Mosquito_F.Mk.II
hunter_f6_holland,12.0,50.0,1.0,2.0,0.5,1.0,12.0,50.0,1.0,2.0,0.0,0.0,0.0,,,,,,◘Hunter_F.6
us_m50_ontos,12.0,50.0,0.0,0.0,2.0,1.3,133.0,50.37,0.0,0.0,2.75,1.53,0.0,,,,,,M50
cn_is_2_1943,12.0,,,,,,92.0,39.21,0.0,0.0,1.39,1.44,0.0,,,,,,IS-2_(China)
ki_43_2_late,12.0,100.0,2.0,2.0,0.0,0.0,0.0,,,,,,0.0,,,,,,Ki-43-II
it_oto_r3_106sr,11.0,100.0,0.0,0.0,1.0,1.0,184.0,100.0,0.0,0.0,3.76,1.44,0.0,,,,,,R3_T106_FA
uk_fv438_swingfire,14.0,87.5,0.0,0.0,0.88,1.0,22.0,50.0,0.0,0.0,3.0,3.0,0.0,,,,,,Swingfire
germ_kanonenjagdpanzer,10.0,,,0.0,,1.0,54.0,64.29,0.0,0.0,2.17,1.83,0.0,,,,,,JPz_4-5
re_2005_serie0,11.0,,,,,,0.0,,,,,,39.0,40.63,2.38,4.0,0.0,0.0,Re.2005_serie_0
us_m22_locust,12.0,,,0.0,,1.0,62.0,50.0,0.0,0.0,1.08,0.72,0.0,,,,,,M22
f-86a-5,11.0,,,,,,142.0,62.02,1.18,1.76,0.31,0.49,0.0,,,,,,F-86A-5
it_fiat_6614_106sr,12.0,,,0.0,,0.0,141.0,59.85,0.0,0.0,3.0,1.6,1.0,,,0.0,,2.0,FIAT_6614
germ_wiesel_1_mk20,12.0,,,,,,1085.0,41.51,0.06,0.06,0.78,0.77,16.0,,,,,,Wiesel_1A4
f_111c_raaf,12.0,,,,,,11.0,,,0.0,,1.0,0.0,,,,,,F-111C
uk_a_12_mk_2_matilda_2,11.0,,,,,,0.0,,,,,,0.0,,,,,,Matilda_III
mig-15bis_nr23_china,12.0,,,,,,27.0,100.0,0.0,0.0,1.0,1.0,0.0,,,,,,J-2
b-29,10.0,100.0,0.0,0.0,6.0,4.0,0.0,,,,,,25.0,,,,,,B-29A-BN
p-43a-1_china,12.0,,,,,,0.0,,,,,,0.0,,,,,,P-43A-1_(China)
su-11,12.0,,,,,,252.0,60.23,0.91,0.9,1.53,1.52,0.0,,,,,,Su-11
a_10c,10.0,,,0.0,,2.0,99.0,56.17,0.37,0.48,3.98,4.93,15.0,,,,,,A-10C
hurricane_mk1c,12.0,,,,,,9.0,,,0.0,,0.0,0.0,,,,,,Sea_Hurricane_Mk_IC
us_mim_72_chaparral,10.0,50.0,1.0,2.0,0.5,1.0,29.0,,,0.73,,0.0,0.0,,,,,,Imp.Chaparral
me-410a-1_u4,10.0,100.0,2.0,2.0,0.0,0.0,37.0,,,0.0,,0.96,0.0,,,,,,Me_410_A-1/U4
a-35b,10.0,,,,,,7.0,,,0.0,,0.0,0.0,,,,,,A-35B
fr_leopard_2a4nl_les,12.0,50.0,0.0,0.0,4.5,2.36,226.0,59.62,0.0,0.0,2.55,2.0,0.0,,,,,,Leopard_2_(OTCo)
fa_18c_early,12.0,100.0,2.08,2.08,0.0,0.0,822.0,51.84,0.84,0.99,0.32,0.37,38.0,100.0,2.75,1.0,4.0,2.2,F/A-18C_Early
us_m3a1_stuart,12.0,,,,,,1.0,,,0.0,,1.0,0.0,,,,,,M3A1_Stuart
p-47d_luftwaffe,11.0,50.0,1.41,2.82,0.5,1.0,6.0,50.0,1.0,1.0,1.0,1.0,0.0,,,,,,P-47D
gladiator_j8a,12.0,,,1.0,,0.0,0.0,,,,,,0.0,,,,,,J8A
sw_strv_122,11.0,33.33,0.0,0.0,1.0,1.67,358.0,39.91,0.0,0.0,2.58,1.86,0.0,,,,,,Strv_122A
ju-188a-2,12.0,100.0,0.0,0.0,5.0,5.0,0.0,,,,,,0.0,,,,,,Ju_188_A-2
mig-9_late_china,11.0,,,1.0,,0.0,0.0,,,,,,0.0,,,,,,MiG-9_(l)_(China)
p-40e_china,10.0,,,,,,0.0,,,,,,0.0,,,,,,P-40E-1_(China)
jp_type_81_tansam,13.0,0.0,1.1,1.08,0.0,0.0,38.0,0.0,0.0,0.33,0.0,0.0,0.0,,,,,,Type_81_(C)
su_25_558arz,12.0,0.0,2.0,2.0,5.0,5.0,145.0,80.56,0.01,0.01,2.15,2.47,0.0,,,,,,Su-25BM
f_111a,10.0,,,0.0,,2.2,8.0,0.0,0.0,0.0,1.0,0.5,24.0,,,,,,F-111A
fa_18a,12.0,,,0.0,,0.0,125.0,72.72,2.26,2.26,0.59,0.61,16.0,,,1.0,,0.0,F/A-18A
su_22m3,12.0,,,1.0,,0.0,265.0,44.84,0.15,0.2,0.6,0.61,0.0,,,,,,Su-22M3
yak_141,12.0,100.0,1.0,1.0,0.0,0.0,49.0,50.0,1.06,2.06,0.0,0.0,0.0,,,,,,Yak-141
j_8b,12.0,,,,,,43.0,56.0,1.0,1.04,0.56,0.58,0.0,,,,,,J-8B
uk_churchill_na75,12.0,,,0.0,,1.0,20.0,100.0,0.0,0.0,1.0,1.6,0.0,,,,,,Churchill_NA75
fr_amx_m4,10.0,,,0.0,,1.6,887.0,74.91,0.0,0.0,2.82,2.46,66.0,100.0,0.0,0.0,3.0,1.48,AMX_M4
us_m55,12.0,0.0,0.0,0.0,1.14,0.89,74.0,100.0,0.0,0.0,5.0,3.45,0.0,,,,,,M55
uk_armored_car_aec_mk_2,12.0,0.0,0.0,0.0,0.92,0.92,13.0,100.0,0.0,0.0,4.14,4.14,0.0,,,,,,AEC_Mk_II
stirling_mk1,10.0,,,,,,0.0,,,,,,0.0,,,,,,Stirling_B_Mk_I
do_217n_2,10.0,,,1.0,,0.0,0.0,,,,,,0.0,,,,,,Do_217_N-2
uk_ajax,10.0,50.0,0.5,1.0,2.0,4.0,396.0,63.17,0.04,0.03,3.08,1.26,0.0,,,,,,Ajax
tu-2_early,11.0,,,0.36,,4.82,1.0,,,,,,0.0,,,,,,Tu-2
us_m1a1_hc_abrams,11.0,,,,,,401.0,44.88,0.0,0.0,2.0,1.63,0.0,,,,,,M1A1_HC
ki_61_1a_ko,9.0,,,,,,0.0,,,,,,0.0,,,,,,Ki-61-I_ko
germ_pzkpfw_V_ersatz_m10,8.0,,,,,,31.0,,,0.0,,4.14,0.0,,,,,,Ersatz_M10
ki_61_1a_tei,9.0,,,1.89,,0.0,4.0,100.0,0.0,0.0,0.0,0.0,0.0,,,,,,Ki-61-I_tei
ussr_t_54_1951,10.0,,,0.0,,1.0,124.0,85.83,0.0,0.0,1.99,1.1,1.0,100.0,0.0,0.0,3.0,3.0,T-54_(1951)
f4u-7,9.0,100.0,3.44,3.44,0.0,0.0,408.0,71.18,0.35,0.34,1.7,1.66,2.0,,,2.0,,0.0,F4U-7
us_xm246,8.0,70.0,0.3,0.6,1.0,1.6,1487.0,51.25,0.2,0.17,1.49,1.26,0.0,,,,,,XM246
mig-9_china,10.0,,,,,,0.0,,,,,,0.0,,,,,,MiG-9_(China)
germ_pzkpfw_III_ausf_N,9.0,,,0.0,,2.0,39.0,85.9,0.0,0.0,5.69,4.73,0.0,,,,,,Pz.III_N
ki_84_otsu,9.0,,,,,,10.0,100.0,2.0,2.0,2.0,2.0,0.0,,,,,,Ki-84_otsu
ussr_object_120,10.0,55.56,0.1,0.1,2.0,2.6,209.0,53.07,0.0,0.0,1.47,1.62,0.0,,,,,,Object_120
fr_amx_30_ACRA,11.0,50.0,0.0,0.0,1.0,0.57,1.0,,,,,,0.0,,,,,,AMX-30_ACRA
uk_charioteer_mk_7,9.0,,,0.0,,1.0,132.0,48.15,0.0,0.0,4.19,1.82,0.0,,,,,,Charioteer_Mk_VII
ussr_bmp_3,10.0,,,0.0,,0.8,1297.0,52.07,0.0,0.0,1.62,1.43,53.0,78.26,0.0,0.0,0.83,0.63,BMP-3
mc-205_serie3,9.0,,,1.0,,0.0,7.0,,,,,,0.0,,,,,,C._205_serie_3
cn_type_63_I,8.0,,,,,,100.0,31.35,0.0,0.0,0.98,0.72,0.0,,,,,,Type_63-I
it_of_40_mtca,6.0,100.0,0.0,0.0,13.0,3.88,1120.0,65.28,0.0,0.0,4.04,2.79,92.0,46.67,0.0,0.0,1.94,1.78,OF-40_(MTCA)
cn_type_59,9.0,,,0.0,,2.0,120.0,61.33,0.0,0.0,3.29,3.14,0.0,,,,,,Type_59
fr_msc,10.0,,,0.0,,2.0,655.0,42.2,0.0,0.0,1.71,1.41,0.0,,,,,,MSC
us_t95,9.0,50.0,0.0,0.0,1.0,2.0,36.0,,,0.0,,4.14,0.0,,,,,,T95
vb_10c1,8.0,,,,,,18.0,100.0,2.0,1.94,0.0,0.0,0.0,,,,,,VB.10C-1
jp_m42_duster,8.0,,,,,,78.0,41.67,0.46,0.53,2.01,1.84,0.0,,,,,,M42
xp-55,8.0,75.0,8.31,,0.0,,10.0,,,,,,0.0,,,,,,XP-55
germ_panzerjager_1,11.0,100.0,0.0,0.0,4.33,2.3,13.0,,,0.0,,1.0,0.0,,,,,,Panzerjäger_I
ussr_su_122_54,10.0,50.0,0.0,0.0,2.88,2.88,211.0,47.31,0.0,0.0,2.53,2.06,0.0,,,,,,SU-122-54
f_15c_golden_eagle,10.0,37.5,2.25,2.25,0.0,0.0,716.0,55.81,1.89,2.41,0.04,0.08,0.0,,,,,,F-15C_Golden_Eagle
il-10_1946_china,7.0,,,0.0,,1.88,17.0,50.0,0.0,0.0,2.0,4.0,0.0,,,,,,IL-10_(1946)_(China)
fr_marder_clovis,8.0,100.0,0.0,0.0,1.0,1.0,80.0,70.0,0.0,0.0,2.63,2.53,5.0,100.0,0.0,0.0,9.0,3.0,CLOVIS
germ_panzerjager_tiger,9.0,100.0,0.0,0.0,4.0,4.0,291.0,42.26,0.0,0.0,2.69,2.43,0.0,,,,,,Jagdtiger
germ_leopard_2a4_pzbtl_123,8.0,,,,,,838.0,45.32,0.0,0.0,2.26,1.51,0.0,,,,,,Leopard_2_(PzBtl_123)
us_m1a2_sep_abrams,10.0,,,0.0,,1.0,1054.0,56.26,0.0,0.0,2.17,2.17,0.0,,,,,,M1A2_SEP
saab_jas39c_south_africa,10.0,50.0,1.0,2.0,0.0,0.0,143.0,63.83,1.56,1.81,0.21,0.27,0.0,,,,,,JAS39C
tbd-1_1938,9.0,,,0.0,,5.22,20.0,100.0,1.0,0.03,5.0,1.08,0.0,,,,,,TBD-1
sea_harrier_fa2,10.0,0.0,1.67,1.8,0.0,0.0,0.0,,,,,,0.0,,,,,,Sea_Harrier_FA_2
mig-21_smt,10.0,0.0,1.0,1.0,0.0,0.0,237.0,63.07,2.48,3.44,0.4,0.57,11.0,,,,,,MiG-21SMT
tornado_f3_late,10.0,0.0,1.0,1.0,0.0,0.0,25.0,,,1.44,,0.0,0.0,,,,,,Tornado_F.3_Late
fr_amx_10rc,10.0,,,0.0,,0.0,86.0,13.33,0.0,0.0,3.33,1.34,0.0,,,,,,AMX-10RC
pbm_1,9.0,,,0.0,,0.0,0.0,,,,,,0.0,,,,,,"PBM-1_""Mariner"""
fw_190f_8_hungary,8.0,,,1.0,,0.0,0.0,,,,,,0.0,,,,,,◔Fw_190_F-8
yak_1_litvyak,8.0,100.0,5.0,,0.0,,0.0,,,,,,0.0,,,,,,Як-1_Литвяк
me_210a_1,7.0,,,,,,6.0,100.0,2.0,,0.0,,0.0,,,,,,Me_210_A-1
us_m18_super_hellcat,6.0,100.0,0.0,0.0,5.0,10.0,608.0,77.53,0.0,0.0,3.38,3.22,12.0,100.0,0.0,0.0,3.0,3.0,Super_Hellcat
bf_109t_2,7.0,100.0,3.29,3.29,2.0,2.0,0.0,,,,,,0.0,,,,,,Bf_109_T-2
ussr_su_76m_1943,7.0,100.0,0.0,0.0,4.86,4.86,16.0,,,0.0,,0.75,0.0,,,,,,SU-76M
jp_pzkpfw_VI_ausf_e_tiger,6.0,100.0,0.0,0.0,6.0,6.0,21.0,100.0,0.0,0.0,3.81,3.81,0.0,,,,,,Heavy_Tank_No.6
us_halftrack_m16,6.0,50.0,1.25,,0.5,,16.0,,,,,,0.0,,,,,,M16_MGMC
pe-2-110,8.0,100.0,0.0,0.0,2.0,4.0,10.0,,,,,,0.0,,,,,,Pe-2-110
ki_61_1a_hei_ep,7.0,,,,,,12.0,100.0,1.86,1.75,3.79,3.44,0.0,,,,,,Tada's_Ki-61-I_hei
j6k1,7.0,,,3.0,,0.29,7.0,,,0.0,,2.0,0.0,,,,,,J6K1
mig-15bis_nr23_german,9.0,,,1.0,,1.0,67.0,93.33,1.21,1.38,0.58,0.6,0.0,,,,,,◊MiG-15bis
i_180,8.0,100.0,2.75,2.75,0.38,0.38,30.0,72.22,0.72,0.87,0.72,0.87,0.0,,,,,,I-180S
it_semovente_breda_501,8.0,63.89,0.0,0.0,2.9,4.5,171.0,59.41,0.0,0.0,2.37,1.82,0.0,,,,,,Breda_501
germ_sdkfz_6_2_flak36,10.0,0.0,2.0,2.0,0.0,0.0,0.0,,,,,,40.0,36.67,0.94,0.94,0.36,0.36,Sd.Kfz._6/2
ussr_btr_zd,10.0,50.0,1.75,3.5,0.13,0.25,507.0,57.93,0.67,0.5,1.16,0.97,0.0,,,,,,BTR-ZD
spitfire_f22,11.0,100.0,2.0,2.4,7.3,4.38,48.0,57.14,0.41,0.62,1.44,1.86,0.0,,,,,,Spitfire_F_Mk_22
fr_m44,8.0,50.0,0.0,0.0,1.0,2.0,11.0,100.0,0.0,0.0,1.0,1.0,0.0,,,,,,M44
ef_2000_fgr4,8.0,,,2.0,,0.0,62.0,37.72,0.83,0.84,0.0,0.0,0.0,,,,,,Typhoon_FGR.4
germ_stug_III_ausf_A,6.0,0.0,0.0,0.0,3.0,1.5,23.0,26.67,0.0,0.0,0.27,0.27,0.0,,,,,,StuG_III_A
lagg-i-301,8.0,,,,,,0.0,,,,,,0.0,,,,,,I-301
yak-3_france,7.0,100.0,8.67,8.67,0.0,0.0,143.0,76.56,2.41,5.05,1.2,2.58,0.0,,,,,,Yak-3
mc-202_ec,8.0,,,,,,43.0,50.0,1.0,2.0,1.5,3.0,0.0,,,,,,C._202EC
il_2_37_1943,8.0,100.0,0.88,0.88,1.0,1.0,0.0,,,,,,0.0,,,,,,IL-2-37
vb_10_02,7.0,,,,,,11.0,,,0.91,,0.09,10.0,,,1.0,,0.0,VB.10-02
ki_61_1a_hei,8.0,50.0,2.0,2.0,0.0,0.0,0.0,,,,,,1.0,,,,,,Ki-61-I_hei
re_2001_serie1,8.0,,,,,,3.0,,,,,,0.0,,,,,,Re.2001_serie_1
seafire_mk3_france,8.0,,,1.0,,0.0,0.0,,,,,,0.0,,,,,,Seafire_LF_Mk.III
germ_sturmpanzer_II,9.0,,,0.0,,1.0,37.0,25.0,0.0,0.0,0.0,0.0,0.0,,,,,,Sturmpanzer_II
spitfiremkiia,8.0,,,,,,1.0,,,,,,0.0,,,,,,Spitfire_Mk_IIa
fr_amx_13_dca_40,7.0,0.0,0.0,0.0,0.0,0.0,309.0,59.5,0.18,0.17,1.44,1.39,0.0,,,,,,AMX-13_DCA_40
f3f-2,8.0,,,0.5,,0.0,0.0,,,,,,0.0,,,,,,F3F-2
us_xm_975_roland,7.0,0.0,1.0,1.0,0.0,0.0,113.0,38.27,1.65,1.17,0.0,0.0,0.0,,,,,,XM975
germ_pzkpfw_35t,8.0,50.0,0.0,0.0,3.0,0.6,0.0,,,,,,0.0,,,,,,Pz.35(t)
bf-109a_1,8.0,,,0.0,,0.0,0.0,,,,,,0.0,,,,,,Flegel's_Bf_109_A
us_t95e1,9.0,,,0.0,,1.0,282.0,64.92,0.0,0.0,2.25,2.16,0.0,,,,,,T95E1
us_adats_bradley,7.0,0.0,0.0,0.0,0.0,0.0,445.0,26.1,0.65,0.38,0.35,0.21,0.0,,,,,,ADATS
sb_2m_103c,7.0,,,,,,0.0,,,,,,0.0,,,,,,SB_2M-103
su-2_mv5,7.0,100.0,1.0,1.0,6.0,6.0,0.0,,,,,,0.0,,,,,,Su-2_MV-5
ju-288c,8.0,100.0,1.0,1.0,8.0,8.0,70.0,47.22,0.47,0.57,1.11,1.42,0.0,,,,,,Ju_288_C
ussr_kv_2_1940,8.0,100.0,1.0,0.13,5.0,4.13,4.0,100.0,0.0,0.0,4.0,4.0,0.0,,,,,,KV-2_(1940)
ussr_t_26_4,6.0,,,0.0,,2.0,0.0,,,,,,0.0,,,,,,T-26-4
brigand_b1,6.0,,,,,,0.0,,,,,,0.0,,,,,,Brigand_B_1
ussr_gaz_mm_72k,6.0,,,,,,23.0,60.61,0.0,0.0,0.63,1.0,0.0,,,,,,GAZ-MM_(72-K)
v_12d,6.0,,,,,,0.0,,,,,,0.0,,,,,,V-12D
ussr_to_55,7.0,100.0,0.0,0.0,1.0,1.0,460.0,57.48,0.0,0.0,4.44,2.65,18.0,,,0.0,,4.0,TO-55
jp_type_16_mod,6.0,,,0.0,,2.0,324.0,70.18,0.0,0.0,4.37,2.03,0.0,,,,,,Type_16_(FPS)
it_m109g,8.0,,,,,,10.0,,,0.0,,1.17,0.0,,,,,,M109G
germ_sdkfz_234_4,6.0,,,,,,44.0,15.0,0.0,0.0,4.03,3.18,1.0,,,0.0,,2.0,Sd.Kfz.234/4
mirage_3c,6.0,,,1.0,,0.0,57.0,100.0,3.81,4.24,1.02,1.2,0.0,,,,,,Mirage_IIIC
p-51b,6.0,,,,,,30.0,100.0,2.0,1.14,1.15,1.71,14.0,,,,,,Mustang_Mk_IA
il_magach_2,6.0,,,,,,88.0,70.84,0.0,0.0,2.01,1.44,0.0,,,,,,Magach_2
me-410a-1_u2,8.0,,,,,,0.0,,,,,,0.0,,,,,,Me_410_A-1/U2
uk_boxer_crv_block2,7.0,,,0.0,,1.0,445.0,57.8,0.0,0.0,1.58,0.76,0.0,,,,,,CRV_Block_2
ffvs_j22_a,7.0,,,2.0,,0.0,15.0,100.0,0.0,0.0,0.0,0.0,0.0,,,,,,J22-A
uk_fv4005,6.0,,,0.0,,1.0,131.0,39.44,0.0,0.0,2.32,2.0,0.0,,,,,,FV4005
sw_pvkv_III,6.0,100.0,0.0,0.0,2.0,2.0,44.0,50.0,0.0,0.0,0.5,0.5,0.0,,,,,,Pvkv_III
fokker_d21_serie3_finland,8.0,,,,,,2.0,,,,,,0.0,,,,,,Fokker_D.XXI-3
ussr_t_54_1949,10.0,50.0,0.0,0.0,1.3,1.1,124.0,46.55,0.0,0.0,1.7,1.42,31.0,21.43,0.0,0.0,0.82,1.04,T-54_(1949)
cn_pgz_09,7.0,,,,,,304.0,42.73,0.72,0.47,0.97,0.74,0.0,,,,,,PGZ09
hunter_f1,6.0,,,1.0,,0.0,23.0,69.57,0.98,1.57,0.7,1.0,0.0,,,,,,Hunter_F.1
pby-5,6.0,,,,,,0.0,,,,,,0.0,,,,,,PBY-5_Catalina
pby-5a,6.0,,,,,,0.0,,,,,,0.0,,,,,,PBY-5A_Catalina
sea_fury_fb11,9.0,100.0,3.0,2.0,4.0,2.7,5.0,100.0,1.0,,0.0,,0.0,,,,,,Sea_Fury_FB_11
it_pzh_2000_hu,7.0,50.0,1.57,,0.57,,110.0,48.95,0.48,0.36,2.25,2.19,0.0,,,,,,PzH_2000HU
sw_lvkv_90c,8.0,50.0,1.0,2.0,2.0,4.0,231.0,25.55,0.96,0.91,1.25,1.07,0.0,,,,,,Lvkv_9040C
d4y2,5.0,,,1.0,,2.0,0.0,,,,,,0.0,,,,,,D4Y2
do_217m_1,7.0,100.0,0.0,0.0,6.57,6.57,18.0,50.0,0.0,0.0,2.5,2.5,0.0,,,,,,Do_217_M-1
fr_m10,4.0,100.0,0.0,0.0,5.0,5.0,86.0,82.5,0.0,0.0,5.43,2.75,0.0,,,,,,M10_GMC
tu-2_postwar,7.0,,,0.0,,2.0,17.0,50.0,0.5,0.21,1.5,0.93,0.0,,,,,,Tu-2S-44
f-84f_france,6.0,100.0,0.0,0.0,3.33,3.33,0.0,,,,,,0.0,,,,,,F-84F
mosquito_fb_mk6_norway,6.0,100.0,3.0,2.33,0.0,2.67,18.0,,,,,,0.0,,,,,,◢Mosquito_FB.Mk.VI
mirage_2000_5f,6.0,,,2.0,,0.0,110.0,27.51,1.78,2.35,0.1,0.12,0.0,,,,,,Mirage_2000-5F
hurricane_mk4,5.0,,,,,,10.0,,,,,,0.0,,,,,,Hurricane_Mk_IV
pb4y-2,5.0,100.0,0.0,0.0,1.0,1.0,0.0,,,,,,0.0,,,,,,PB4Y-2
hurricanemkii_ussr,6.0,100.0,5.0,4.17,0.0,0.0,0.0,,,,,,0.0,,,,,,Hurricane_Mk_IIB
it_otobreda_sidam_25,5.0,0.0,1.0,1.0,0.0,0.0,31.0,50.0,0.0,0.0,0.0,0.0,0.0,,,,,,SIDAM_25
us_xm_8,7.0,,,0.0,,2.0,37.0,100.0,0.0,0.0,2.68,2.18,0.0,,,,,,XM8
fr_bat_chat_25t,5.0,,,0.0,,4.0,271.0,88.81,0.0,0.0,4.48,3.38,0.0,,,,,,Char_25t
bf-109e-3_japan,6.0,,,,,,30.0,11.9,2.21,2.59,0.64,0.59,0.0,,,,,,Bf_109_E-7
fr_amd_35,6.0,,,,,,16.0,,,,,,0.0,,,,,,AMD.35
f_16c_block_50,6.0,0.0,1.0,1.0,0.33,0.33,284.0,67.17,1.36,1.52,0.44,0.5,19.0,0.0,6.0,2.67,0.0,0.0,F-16C
f_15c_msip2,6.0,0.0,1.33,1.33,0.0,0.0,386.0,59.03,1.6,1.39,0.01,0.01,22.0,,,2.0,,0.0,F-15C_MSIP_II
it_leopard_1a2,2.0,50.0,0.0,0.0,1.0,1.0,121.0,40.83,0.0,0.0,3.23,1.6,0.0,,,,,,Leopard_1A2
f-86k_late,6.0,,,,,,11.0,,,1.0,,0.11,0.0,,,,,,F-86K
fa_18c_switzerland,7.0,,,1.0,,0.0,961.0,52.13,0.99,1.22,0.06,0.06,48.0,,,0.35,,0.0,◌F/A-18C
uk_challenger_mk_3,5.0,,,0.0,,1.0,226.0,52.76,0.0,0.0,2.15,1.37,0.0,,,,,,Challenger_Mk.3
av_8b_plus,6.0,0.0,1.0,1.0,0.0,0.0,41.0,36.36,0.91,1.19,0.5,0.89,11.0,,,1.0,,0.0,AV-8B_Plus
b_25j_30_china,6.0,,,,,,22.0,50.0,0.0,0.0,0.0,0.0,0.0,,,,,,B-25J-30_(China)
p-36a,7.0,,,,,,0.0,,,,,,0.0,,,,,,P-36A
il_tiran_4,7.0,,,0.0,,1.0,12.0,,,0.0,,1.0,0.0,,,,,,Tiran_4
us_m47_patton_II,5.0,100.0,0.0,0.0,3.0,3.0,256.0,41.06,0.0,0.0,2.93,1.52,0.0,,,,,,M47
yak-38m,6.0,,,0.0,,0.0,29.0,46.43,0.46,0.41,0.0,0.13,0.0,,,,,,Yak-38M
germ_pzkpfw_38t_na,6.0,75.0,0.0,0.0,0.75,1.0,0.0,,,,,,0.0,,,,,,Pz.38(t)_n.A.
uk_chieftain_marksman,7.0,,,0.0,,1.0,94.0,62.3,0.56,0.63,0.98,1.11,0.0,,,,,,Chieftain_Marksman
cn_is_2_1944,7.0,,,0.0,,0.0,27.0,33.33,0.0,0.0,1.89,2.06,0.0,,,,,,IS-2_(1944)_(China)
fr_vcac_mephisto,7.0,,,,,,278.0,66.24,0.0,0.0,2.07,1.64,0.0,,,,,,MEPHISTO
us_m10_booker_late,6.0,100.0,0.0,0.0,0.0,0.17,756.0,52.81,0.0,0.0,1.68,1.28,0.0,,,,,,M10_Booker
ussr_isu_122,6.0,,,,,,37.0,,,0.0,,1.54,0.0,,,,,,ISU-122
germ_ru251,4.0,,,0.0,,0.67,99.0,69.45,0.0,0.0,4.51,3.1,0.0,,,,,,Ru_251
cn_m48a1_patton_III,7.0,,,,,,152.0,69.05,0.0,0.0,2.14,1.26,0.0,,,,,,M48A1_(China)
d4y3,5.0,,,0.0,,3.0,9.0,,,,,,0.0,,,,,,D4Y3_Ko
uk_matilda_hedgehog,4.0,100.0,0.0,,6.0,,0.0,,,,,,0.0,,,,,,Matilda_Hedgehog
it_leopard_2a7_hungary,3.0,100.0,0.0,0.0,6.0,6.0,177.0,61.2,0.0,0.0,5.2,2.69,0.0,,,,,,Leopard_2A7HU
germ_sdkfz_251_9,6.0,100.0,0.0,0.0,4.33,4.33,0.0,,,,,,0.0,,,,,,Sd.Kfz.251/9
ussr_isu_152,4.0,,,,,,17.0,60.0,0.0,0.0,2.1,3.6,0.0,,,,,,ISU-152
ussr_su_122P,5.0,,,,,,6.0,,,0.0,,2.0,0.0,,,,,,SU-122P
su_6_single,4.0,,,0.0,,4.0,6.0,50.0,0.5,0.5,3.5,3.5,0.0,,,,,,Su-6
il_merkava_mk_3b,6.0,,,,,,69.0,62.5,0.0,0.0,2.33,1.28,0.0,,,,,,Merkava_Mk.3B
il_merkava_mk_1,8.0,50.0,0.0,0.0,3.0,2.87,188.0,64.17,0.0,0.0,4.95,2.63,0.0,,,,,,Merkava_Mk.1
tu-2_postwar_china,4.0,,,0.0,,1.0,18.0,100.0,0.0,0.0,2.0,1.56,0.0,,,,,,Tu-2S-44_(China)
ussr_kv_122,5.0,,,,,,192.0,36.36,0.0,0.0,2.97,1.67,0.0,,,,,,KV-122
il_merkava_mk_3c,6.0,,,0.0,,2.0,79.0,60.53,0.0,0.0,2.98,3.05,0.0,,,,,,Merkava_Mk.3C
xf5f,5.0,,,,,,1.0,100.0,1.0,1.0,1.0,1.0,0.0,,,,,,XF5F
p-47d_22_re_france,6.0,,,1.0,,0.0,58.0,57.78,0.14,0.15,2.08,2.2,0.0,,,,,,P-47D-22-RE
saab_j21a_2,4.0,50.0,0.13,0.25,0.5,1.0,24.0,,,,,,0.0,,,,,,J21A-2
us_nasams_fcs,5.0,,,,,,146.0,78.46,1.59,0.69,0.0,0.0,0.0,,,,,,NASAMS_3_(СОЦ)
saab_a21a_3,4.0,50.0,0.5,1.0,1.0,2.0,218.0,58.08,0.46,0.47,0.64,0.73,0.0,,,,,,A21A-3
er-2_m105r_lu2b,5.0,100.0,0.0,,1.6,,9.0,,,,,,0.0,,,,,,Yer-2_(M-105R)_LU
germ_vilkas,4.0,,,0.0,,1.0,136.0,26.67,0.0,0.0,1.78,1.47,0.0,,,,,,Vilkas
fr_leopard_2a5nl,6.0,,,,,,27.0,60.42,0.0,0.0,1.35,2.13,0.0,,,,,,Leopard_2A5NL
saab_j21a_1,4.0,,,0.25,,0.0,5.0,0.0,3.0,2.6,0.0,0.4,0.0,,,,,,J21A-1
i-15_1935,5.0,,,,,,0.0,,,,,,0.0,,,,,,I-15_M-22
it_of_40_mk_1,3.0,,,0.0,,2.0,196.0,65.93,0.0,0.0,2.42,2.46,0.0,,,,,,OF-40
fr_amx_32_105,6.0,100.0,0.0,0.0,1.0,1.0,454.0,56.23,0.0,0.0,1.75,1.51,0.0,,,,,,AMX-32_(105)
il_2_1942_luftwaffe,4.0,,,0.0,,0.0,12.0,28.57,0.07,0.04,0.07,0.04,0.0,,,,,,IL-2_(1942)
la-5fn_luftwaffe,4.0,100.0,22.0,,0.0,,34.0,50.0,0.56,1.12,0.0,0.0,10.0,,,,,,La-5FN
uk_khalid,2.0,100.0,0.0,0.0,11.0,11.0,215.0,68.9,0.0,0.0,3.99,2.75,0.0,,,,,,Khalid
j2m2,4.0,,,4.0,,1.0,38.0,100.0,5.0,,1.52,,0.0,,,,,,J2M2
j2m4_kai,4.0,,,2.0,,3.0,71.0,60.56,1.41,1.72,0.38,0.47,0.0,,,,,,J2M4_Kai
spitfire_mk5c,6.0,100.0,2.0,2.0,1.5,1.5,101.0,76.85,2.46,2.54,1.56,1.49,30.0,,,2.82,,0.0,Spitfire_Mk_Vc/trop
uk_challenger_2_bn,4.0,100.0,0.0,,3.0,,175.0,59.29,0.0,0.0,3.1,2.46,0.0,,,,,,Black_Night
it_m26_ariete,2.0,100.0,0.0,0.0,16.0,16.0,22.0,,,0.0,,4.33,0.0,,,,,,"M26_""D.C.Ariete"""
it_ariete_amv_pt1,3.0,50.0,0.0,0.0,1.5,3.0,47.0,54.55,0.0,0.0,2.54,4.32,0.0,,,,,,Ariete_AMV
mig-9,4.0,,,1.25,,1.0,11.0,50.0,0.0,0.0,0.5,1.0,0.0,,,,,,MiG-9
ms_410c1,4.0,50.0,1.25,2.5,0.0,0.0,0.0,,,,,,0.0,,,,,,M.S.410
ms_405c1,4.0,0.0,2.5,2.5,0.0,0.0,0.0,,,,,,0.0,,,,,,M.S.405C1
pbj_1j,4.0,,,0.0,,3.0,0.0,,,,,,0.0,,,,,,PBJ-1J
mig_3_series_34,4.0,100.0,10.75,10.75,1.0,1.0,0.0,,,,,,0.0,,,,,,MiG-3-34
il_28,4.0,,,,,,31.0,50.0,0.38,0.11,1.5,1.56,0.0,,,,,,IL-28
re_2005_vdm,3.0,,,2.0,,1.0,48.0,50.0,0.94,1.43,1.19,1.81,0.0,,,,,,Re.2005_(VDM)
us_m56_scorpion,4.0,100.0,0.0,0.0,2.0,2.0,288.0,62.03,0.0,0.0,2.83,1.04,0.0,,,,,,M56
g_55_serie1,3.0,,,,,,8.0,,,0.75,,1.5,0.0,,,,,,G.55_serie_1
fr_leclerc_s2,4.0,,,0.0,,2.0,115.0,55.5,0.0,0.0,1.88,1.12,0.0,,,,,,Leclerc_S2
a7he1,4.0,,,,,,0.0,,,,,,0.0,,,,,,A7He1
mig-21_bis_sau,4.0,0.0,0.0,0.0,1.0,1.0,35.0,100.0,1.88,1.0,0.0,0.0,0.0,,,,,,◊MiG-21bis-SAU
ms_406c1,4.0,0.0,1.0,,0.0,,0.0,,,,,,0.0,,,,,,M.S.406C1
us_t86,3.0,,,,,,69.0,70.83,0.0,0.0,2.71,2.35,0.0,,,,,,T86
j_7d,4.0,,,0.0,,1.0,663.0,66.24,1.57,2.2,0.37,0.52,0.0,,,,,,J-7D
it_freccia,3.0,,,,,,64.0,78.0,0.0,0.0,1.41,1.25,17.0,,,0.0,,1.0,Freccia
p-51h-5_na,4.0,,,,,,215.0,48.9,1.72,3.39,2.24,4.44,22.0,,,3.71,,0.0,P-51H-5-NA
spitfire_ix_ussr,4.0,,,1.0,,0.0,66.0,70.29,1.9,2.63,0.92,2.08,0.0,,,,,,Spitfire_Mk_IXc
fr_leclerc_s1,4.0,,,,,,152.0,33.68,0.0,0.0,2.42,1.58,0.0,,,,,,Leclerc
uk_challenger_1_mk_3_gulf,3.0,,,0.0,,2.0,685.0,69.98,0.0,0.0,4.45,2.5,0.0,,,,,,Challenger_DS
us_t54e2,3.0,,,0.0,,1.0,20.0,0.0,0.0,0.0,2.0,2.0,0.0,,,,,,T54E2
ussr_it_1,5.0,,,,,,230.0,57.66,0.0,0.0,1.99,1.73,2.0,50.0,0.0,0.0,1.5,1.5,IT-1
il_28sh,4.0,,,0.0,,2.0,26.0,50.0,0.0,0.0,0.5,1.0,0.0,,,,,,IL-28Sh
ta_154a_1,4.0,100.0,1.0,,0.0,,23.0,0.0,1.0,1.0,0.0,0.0,0.0,,,,,,Ta_154_A-1
germ_thyssen_henschel_tam_2c,5.0,50.0,0.0,0.0,0.5,1.0,313.0,46.81,0.0,0.0,1.92,1.37,18.0,50.0,0.0,0.0,0.5,0.06,TAM_2C
germ_sdkfz_234_1,3.0,50.0,0.0,0.0,0.0,0.0,23.0,100.0,0.2,0.05,5.43,3.0,0.0,,,,,,Sd.Kfz.234/1
pbj_1h,4.0,,,0.0,,0.0,0.0,,,,,,0.0,,,,,,PBJ-1H
il_amx_13_75,5.0,,,,,,189.0,57.06,0.0,0.0,2.14,2.04,1.0,,,,,,AMX-13_(Israel)
seafire_fr47,3.0,,,,,,0.0,,,,,,0.0,,,,,,Seafire_FR_47
mig-21_mf,4.0,,,0.0,,0.0,123.0,74.57,1.19,1.48,0.0,0.0,3.0,,,,,,◊MiG-21MF
il_sholef,2.0,0.0,0.0,0.0,1.0,0.5,26.0,61.11,0.61,0.61,2.11,2.11,0.0,,,,,,Sholef
p_108b_serie2,4.0,0.0,0.0,0.0,2.25,2.25,0.0,,,,,,0.0,,,,,,P.108B_serie_2
ussr_object_279,0.0,,,,,,436.0,69.38,0.0,0.0,7.37,5.51,23.0,66.67,0.0,0.0,2.7,2.03,Object_279
us_t28,2.0,0.0,0.0,0.0,3.0,3.0,0.0,,,,,,0.0,,,,,,T28
us_t114,2.0,100.0,0.0,0.0,3.0,3.0,37.0,100.0,0.0,0.0,5.0,3.9,0.0,,,,,,T114
beaufighter_mk6c,3.0,,,,,,0.0,,,,,,0.0,,,,,,Beaufighter_Mk_VIc
sw_strf_9056,4.0,100.0,0.0,0.0,2.0,2.0,152.0,65.0,0.03,0.04,2.43,1.38,65.0,28.57,0.0,0.0,1.3,1.07,Strf_9040_BILL
hunter_f58_switzerland,2.0,,,2.0,,0.0,474.0,63.77,1.1,1.06,1.34,1.33,0.0,,,,,,◌Hunter_F.58
av_8s_thailand,2.0,,,1.0,,0.0,2.0,100.0,1.0,1.0,0.0,0.0,0.0,,,,,,AV-8S
uk_17_pdr_m10_achilles,2.0,,,,,,59.0,52.12,0.0,0.0,1.57,2.34,0.0,,,,,,Achilles
it_sherman_VII,3.0,100.0,0.0,0.0,3.0,3.0,54.0,1.67,0.0,0.0,2.69,2.73,0.0,,,,,,M4_Tipo_IC
it_semovente_m43_75_46,3.0,100.0,0.0,0.0,3.0,3.0,0.0,,,,,,0.0,,,,,,75/46_M43
germ_flakpanzer_I_ausf_A,3.0,0.0,0.0,,2.0,,7.0,,,0.0,,2.57,0.0,,,,,,Flakpanzer_I
sw_strf_90b,4.0,,,,,,394.0,60.62,0.17,0.12,2.04,1.71,0.0,,,,,,Strf_9040B
n1k2_j,2.0,,,1.0,,0.0,19.0,,,2.5,,2.5,0.0,,,,,,N1K2-J
a-26b_10,3.0,,,0.0,,3.0,0.0,,,,,,0.0,,,,,,A-26B-10
meteor_fmk8_iaf,4.0,,,,,,26.0,,,0.0,,0.0,0.0,,,,,,Meteor_F.8_(Israel)
fr_amx_30_b2_brenus,3.0,100.0,0.0,0.0,3.0,3.0,404.0,72.72,0.0,0.0,2.25,1.91,0.0,,,,,,AMX-30B2_BRENUS
fr_m36b2_cefeo,2.0,,,0.0,,0.5,145.0,58.86,0.0,0.0,1.35,1.23,0.0,,,,,,M36B2
fr_m4a4_cn_75_50,2.0,,,,,,119.0,51.67,0.0,0.0,2.98,2.19,0.0,,,,,,M4A4_(SA50)
javelin_fmk9,2.0,50.0,0.5,1.0,0.0,0.0,43.0,53.22,1.44,2.45,1.03,1.65,21.0,,,3.14,,0.0,Javelin_F.(A.W.)_Mk.9
h8k2,4.0,100.0,0.0,0.0,0.0,0.0,0.0,,,,,,0.0,,,,,,H8K2
ussr_rbt_5,3.0,100.0,0.0,0.0,4.0,4.0,12.0,91.67,0.0,0.0,0.93,1.34,0.0,,,,,,RBT-5
it_otomatic,1.0,,,,,,128.0,45.06,0.68,0.63,1.26,1.14,0.0,,,,,,OTOMATIC
cn_type_69_2g,3.0,,,,,,133.0,50.13,0.0,0.0,2.85,2.8,0.0,,,,,,T-69_II_G
germ_pzkpfw_III_ausf_B,3.0,100.0,0.0,,2.0,,0.0,,,,,,0.0,,,,,,Pz.III_B
a6m5otsu,1.0,,,2.0,,0.0,22.0,,,1.11,,2.0,0.0,,,,,,A6M5_otsu
uk_m4a5_ram_2,3.0,,,,,,7.0,,,0.0,,2.14,0.0,,,,,,Ram_II
spitfire_mk5c_notrop,3.0,100.0,2.0,2.0,1.0,1.0,15.0,100.0,3.0,,2.0,,0.0,,,,,,Spitfire_Mk_Vc
uk_valentine_mk_11,3.0,,,,,,7.0,100.0,0.0,0.0,0.83,0.5,0.0,,,,,,Valentine_XI
f-84g_china,2.0,,,1.0,,1.0,11.0,100.0,0.0,0.0,1.0,0.17,0.0,,,,,,F-84G-21-RE_(China)
tempest_mkv_luftwaffe,1.0,0.0,2.0,2.0,0.0,0.0,53.0,58.7,1.57,2.15,0.78,1.0,0.0,,,,,,Tempest_Mk_V
spitfire_mk9c_4cannons,3.0,100.0,2.0,2.0,1.0,1.0,20.0,100.0,3.4,3.4,0.4,0.4,10.0,,,2.0,,0.0,Spitfire_F_Mk_IXc
sw_ikv_72,3.0,,,,,,61.0,,,0.0,,3.92,0.0,,,,,,Ikv_72
germ_sdkfz_251_21,1.0,,,1.0,,0.0,99.0,32.44,1.43,1.95,0.35,0.55,0.0,,,,,,Sd.Kfz.251/21
do_335a_0,2.0,100.0,2.5,2.5,0.0,0.0,13.0,100.0,1.0,1.0,4.0,4.0,0.0,,,,,,Do_335_A-0
cn_su_76m_1943,2.0,,,,,,0.0,,,,,,0.0,,,,,,SU-76M_(China)
re_2000_ga,3.0,,,1.0,,0.0,0.0,,,,,,0.0,,,,,,Re.2000_G.A.
fr_leopard_2a6nl,1.0,,,0.0,,0.0,0.0,,,,,,0.0,,,,,,Leopard_2A6NL
mig-19pt,3.0,,,1.0,,0.0,61.0,8.33,1.28,1.25,0.0,0.0,0.0,,,,,,MiG-19PT
germ_m55,1.0,,,,,,105.0,75.56,0.0,0.0,2.88,1.67,0.0,,,,,,◄M55
us_m60a2,2.0,,,,,,99.0,95.0,0.0,0.0,6.3,1.99,0.0,,,,,,M60A2
il_merkava_mk_4m,1.0,,,0.0,,1.0,519.0,75.47,0.05,0.05,6.69,6.0,0.0,,,,,,Merkava_Mk.4M
il_m48a1_patton_III,1.0,0.0,0.0,0.0,1.0,1.0,109.0,49.4,0.0,0.0,1.23,0.93,0.0,,,,,,Magach_1
fr_jaguar_ebrc,1.0,,,0.0,,1.0,575.0,51.56,0.04,0.04,0.89,0.78,0.0,,,,,,EBRC_Jaguar
fr_leclerc_azur,1.0,,,0.0,,1.0,247.0,58.1,0.0,0.0,2.62,1.95,0.0,,,,,,Leclerc_AZUR
p_108a_serie2,3.0,,,0.0,,0.0,0.0,,,,,,0.0,,,,,,P.108A_serie_2
it_breda_52_autocannone,2.0,100.0,0.0,,4.0,,0.0,,,,,,0.0,,,,,,Breda_90/53
wm_21,0.0,,,,,,0.0,,,,,,0.0,,,,,,◔WM-21
re_2000_heja_1,0.0,,,,,,0.0,,,,,,0.0,,,,,,◔Héja_I
fr_amx_50_foch,0.0,,,,,,106.0,100.0,0.0,0.0,4.92,1.69,0.0,,,,,,AMX-50_Foch
ussr_t_50,0.0,,,,,,114.0,38.11,0.0,0.0,2.15,2.12,0.0,,,,,,T-50
wellington_mk10,0.0,,,,,,0.0,,,,,,0.0,,,,,,Wellington_Mk_X
il_magach_6b,0.0,,,,,,85.0,73.08,0.0,0.0,3.79,2.01,0.0,,,,,,Magach_6B
vl_myrsky_2_late,2.0,,,,,,28.0,74.36,0.25,0.25,0.55,0.55,0.0,,,,,,VL_Myrsky_II
ussr_t_72m2_moderna,1.0,,,,,,207.0,73.28,0.0,0.0,5.64,3.63,1.0,,,,,,T-72M2_Moderna
il_zsu_23_4,1.0,100.0,1.0,1.0,0.0,0.0,111.0,93.33,0.22,0.38,0.06,0.05,0.0,,,,,,ZSU-23-4_(Israel)
it_b1_centauro,1.0,,,,,,684.0,69.51,0.0,0.0,1.76,1.75,12.0,5.0,0.0,0.0,0.95,1.0,Centauro_I_105
us_t32e1,0.0,,,,,,54.0,69.84,0.0,0.0,4.19,2.13,0.0,,,,,,T32E1
it_pzkpfw_III_ausf_N,0.0,,,,,,2.0,,,0.0,,1.0,0.0,,,,,,Pz.III_N
su-7b,1.0,,,,,,36.0,66.67,0.15,0.15,0.6,0.7,0.0,,,,,,Su-7B
us_m2_medium,0.0,,,,,,0.0,,,,,,0.0,,,,,,M2
it_zsu_23_4,1.0,0.0,1.0,1.0,0.0,0.0,74.0,7.95,0.08,0.07,0.0,0.0,0.0,,,,,,◔ZSU-23-4
it_m13_40_serie_1,2.0,,,,,,0.0,,,,,,0.0,,,,,,M13/40_(I)
it_m3a3_stuart,0.0,,,,,,7.0,100.0,0.0,0.0,1.0,1.0,0.0,,,,,,M3A3
re_2000_heja_2,0.0,,,,,,0.0,,,,,,0.0,,,,,,◔Héja_II
us_m1128_wolfpack,0.0,,,,,,681.0,50.39,0.0,0.0,1.52,1.03,0.0,,,,,,M1128_Wolfpack
il_tiran_4_sh,0.0,,,,,,66.0,0.0,0.0,0.0,2.48,1.07,0.0,,,,,,Tiran_4S
a_4e_early,0.0,,,,,,393.0,65.06,0.17,0.19,2.0,2.09,4.0,,,0.0,,0.0,A-4E_Early
uk_a25_mk_8,2.0,,,,,,0.0,,,,,,0.0,,,,,,Harry_Hopkins_I
cn_hq_11,1.0,,,,,,40.0,51.67,1.93,1.93,0.0,0.0,0.0,,,,,,HQ11
germ_leopard_2av,0.0,,,,,,133.0,90.72,0.0,0.0,3.17,2.08,0.0,,,,,,Leopard_2AV
fr_m55,1.0,,,0.0,,2.0,0.0,,,,,,0.0,,,,,,M55
jp_type_16,1.0,,,,,,126.0,38.57,0.0,0.0,2.7,1.68,0.0,,,,,,Type_16
ussr_zsu_37,0.0,,,,,,34.0,,,0.0,,0.0,0.0,,,,,,ZSU-37
b6n1,0.0,,,,,,2.0,,,,,,0.0,,,,,,B6N1_Model_11
hurricanemkii,0.0,,,,,,0.0,,,,,,0.0,,,,,,Hurricane_Mk_IIB/Trop
sb2u-2,0.0,,,,,,0.0,,,,,,0.0,,,,,,SB2U-2
hp52_hampden_tbmk1_ussr_utk1,0.0,,,,,,0.0,,,,,,0.0,,,,,,Hampden_TB_Mk_I
ussr_t_126sp,0.0,,,,,,8.0,,,0.0,,1.5,0.0,,,,,,T-126
germ_sdkfz_251_10,0.0,,,,,,19.0,,,0.0,,1.12,0.0,,,,,,Sd.Kfz.251/10
do_217k_1,0.0,,,,,,13.0,,,0.0,,0.0,0.0,,,,,,Do_217_K-1
p-39q_25_france,0.0,,,,,,3.0,,,,,,0.0,,,,,,P-39Q-25
ussr_object_248,0.0,,,,,,42.0,16.07,0.0,0.0,3.91,4.38,0.0,,,,,,Object_248
germ_flakpanzer_zerstorer_45,0.0,,,,,,194.0,16.94,1.3,0.9,0.19,0.19,0.0,,,,,,Zerstörer_45
cn_m42_duster,0.0,,,,,,37.0,50.0,0.83,0.35,0.83,0.35,0.0,,,,,,M42_(China)
sw_kungstiger,0.0,,,,,,14.0,,,,,,0.0,,,,,,Kungstiger
f_16a_block_10_iaf,0.0,,,,,,0.0,,,,,,17.0,,,1.0,,0.0,Netz
yak-9t_france,0.0,,,,,,0.0,,,,,,0.0,,,,,,Challe's_Yak-9T
meteor_nfmk13,0.0,,,,,,6.0,100.0,3.0,,3.67,,0.0,,,,,,Meteor_NF.13_(Israel)
sbd-3,0.0,,,,,,1.0,100.0,1.0,1.0,3.0,3.0,0.0,,,,,,SBD-3
il_merkava_mk_3_raam_segol,0.0,,,,,,334.0,53.61,0.0,0.0,3.89,2.44,10.0,,,0.0,,1.6,Ra'am_Sagol
z_1007_bis_serie5,0.0,,,,,,0.0,,,,,,0.0,,,,,,Z.1007_bis_serie_5
spitfire_mk14e,0.0,,,,,,8.0,100.0,2.0,2.0,1.0,1.0,0.0,,,,,,Spitfire_F_Mk_XIVe
so_4050_vautour_2a_iaf,0.0,,,,,,0.0,,,,,,0.0,,,,,,Vautour_IIA_IDF/AF
fokker_g1a,0.0,,,,,,0.0,,,,,,0.0,,,,,,◗Fokker_G.IA
it_m18_hellcat,0.0,,,,,,325.0,75.04,0.0,0.0,3.71,2.03,0.0,,,,,,M18
ki_10_1_commander,0.0,,,,,,0.0,,,,,,0.0,,,,,,Ki-10-I_C
fokker_d23,0.0,,,,,,0.0,,,,,,0.0,,,,,,◗Fokker_D.XXIII
ussr_is_6,0.0,,,,,,211.0,74.11,0.0,0.0,5.66,3.75,0.0,,,,,,IS-6
it_t_72m1,0.0,,,,,,583.0,68.65,0.0,0.0,3.2,3.01,0.0,,,,,,◔T-72M1
sm_79_1939_italy,0.0,,,,,,0.0,,,,,,0.0,,,,,,S.M.79_serie_8
il_centurion_shot_kal_gimel,0.0,,,,,,97.0,54.89,0.0,0.0,2.47,2.63,0.0,,,,,,Sho't_Kal_Gimel
jp_type_89,0.0,,,,,,370.0,65.47,0.0,0.0,2.59,2.5,0.0,,,,,,Type_89
pby-5a_ussr,0.0,,,,,,0.0,,,,,,0.0,,,,,,PBY-5A_Catalina
i-15bis_china,0.0,,,,,,0.0,,,,,,0.0,,,,,,I-15bis_(China)
mc200_serie3_italy,0.0,,,,,,19.0,59.09,0.0,0.0,0.0,0.0,0.0,,,,,,C._200_serie_3
ki_44_2_otsu,0.0,,,,,,0.0,,,,,,0.0,,,,,,Ki-44-II_otsu
p-63c-5_kingcobra_animal_version,0.0,,,,,,173.0,71.53,0.98,1.33,2.74,3.78,0.0,,,,,,␠Kingcobra
p-39k_1,0.0,,,,,,0.0,,,,,,0.0,,,,,,P-39K-1
typhoon_mk1a,0.0,,,,,,0.0,,,,,,0.0,,,,,,Typhoon_Mk_Ia
us_ccvl,0.0,,,,,,141.0,62.5,0.0,0.0,4.97,3.2,0.0,,,,,,CCVL
f2a-1,0.0,,,,,,0.0,,,,,,0.0,,,,,,F2A-1
uk_m109a1,0.0,,,,,,37.0,0.0,0.0,0.0,1.77,0.81,0.0,,,,,,M109A1
md_450b_ouragan_iaf,0.0,,,,,,11.0,,,,,,0.0,,,,,,M.D.450B_Ouragan_(Israel)
jp_m60a3_tts,0.0,,,,,,67.0,100.0,0.0,0.0,4.19,3.78,0.0,,,,,,M60A3_TTS
jp_type_74_f,0.0,,,,,,403.0,66.42,0.0,0.0,2.69,2.31,0.0,,,,,,Type_74_(F)
j2m5,0.0,,,,,,0.0,,,,,,0.0,,,,,,J2M5
j2m3,0.0,,,,,,41.0,100.0,3.0,2.14,0.0,0.0,0.0,,,,,,J2M3
ussr_su_57,0.0,,,,,,22.0,,,0.0,,1.0,0.0,,,,,,SU-57
harrier_frs1_early,0.0,,,,,,0.0,,,,,,0.0,,,,,,Sea_Harrier_FRS.1_(e)
it_btr_80a_hungary,0.0,,,,,,185.0,58.69,0.0,0.0,1.45,0.91,0.0,,,,,,◔BTR-80A
ussr_su_122,0.0,,,,,,139.0,67.95,0.0,0.0,4.58,2.03,0.0,,,,,,SU-122
hurricane_mk1,0.0,,,,,,10.0,100.0,1.1,,0.1,,5.0,,,2.0,,0.0,Hurricane_Mk_I/L
tu-1,0.0,,,,,,65.0,71.67,0.58,0.81,2.01,2.53,0.0,,,,,,Tu-1
jaguar_gr1,0.0,,,,,,7.0,,,0.0,,1.0,0.0,,,,,,Jaguar_GR.1
martin_139wc,0.0,,,,,,0.0,,,,,,0.0,,,,,,Martin_139WC
a6m5hei,0.0,,,,,,27.0,100.0,2.0,2.0,3.0,3.0,0.0,,,,,,A6M5_Hei
ki_84_hei,0.0,,,,,,60.0,83.34,1.92,1.62,1.35,1.01,0.0,,,,,,Ki-84_hei
uk_m3a1_stuart,0.0,,,,,,0.0,,,,,,0.0,,,,,,Stuart_III
yak-23,0.0,,,,,,0.0,,,,,,0.0,,,,,,Yak-23
it_semovente_m43_105_leoncello,0.0,,,,,,0.0,,,,,,0.0,,,,,,"M43_""G.C.Leoncello"""
p-66,0.0,,,,,,0.0,,,,,,0.0,,,,,,P-66
i-16_type10_china,0.0,,,,,,0.0,,,,,,0.0,,,,,,I-16_type_10_(China)
fr_pzkpfw_V_panther_dauphine,0.0,,,,,,13.0,,,0.0,,2.0,0.0,,,,,,Panther_«Dauphine»
md_454_mystere_4a,0.0,,,,,,31.0,100.0,3.0,3.0,3.0,3.0,0.0,,,,,,Mystere_IVA
ussr_9a33bm3,0.0,,,,,,34.0,12.5,1.25,1.0,0.0,0.0,1.0,,,1.0,,0.0,Оса-АКМ
hornet_mk3,0.0,,,,,,0.0,,,,,,0.0,,,,,,Hornet_Mk.III
ki_10_2,0.0,,,,,,22.0,,,,,,0.0,,,,,,Ki-10-II
jp_type_5_chi_ri,0.0,,,,,,200.0,70.17,0.0,0.0,4.75,3.92,0.0,,,,,,Chi-Ri_II
re_2000_j20,0.0,,,,,,0.0,,,,,,0.0,,,,,,J20
uk_a_22f_mk_7_churchill_crocodile,0.0,,,,,,19.0,57.14,0.0,0.0,2.14,1.97,0.0,,,,,,Churchill_Crocodile
ki-83,0.0,,,,,,0.0,,,,,,0.0,,,,,,Ki-83
p-51c-10_france,0.0,,,,,,25.0,100.0,1.4,1.33,1.3,1.33,0.0,,,,,,F-6C-10-NA
spitfire_ix,0.0,,,,,,1.0,,,,,,78.0,70.0,6.1,1.76,0.0,0.0,Spitfire_LF_Mk_IX
sw_strv_m40l,0.0,,,,,,13.0,,,0.0,,1.0,0.0,,,,,,Strv_m/40L
hurricane_mk1b,0.0,,,,,,0.0,,,,,,0.0,,,,,,Sea_Hurricane_Mk_IB
md_460,0.0,,,,,,19.0,,,,,,0.0,,,,,,Super_Mystere_B2
uk_centurion_mk_1,0.0,,,,,,116.0,81.48,0.0,0.0,4.4,4.78,0.0,,,,,,Centurion_Mk_1
it_fiat_cm52,0.0,,,,,,14.0,,,0.0,,0.0,0.0,,,,,,CM52
fiat_g50_seria7as_italy,0.0,,,,,,0.0,,,,,,0.0,,,,,,G.50_AS_serie_7
hawk_209_indonesia,0.0,,,,,,17.0,100.0,2.0,0.0,5.0,0.0,0.0,,,,,,◥Hawk_209
us_t55e1,0.0,,,,,,92.0,83.33,0.0,0.0,7.38,4.5,0.0,,,,,,T55E1
fr_amx_40,0.0,,,,,,288.0,64.6,0.0,0.0,1.96,1.72,17.0,,,0.0,,2.0,AMX-40
fokker_d21_mod20,0.0,,,,,,0.0,,,,,,0.0,,,,,,Fokker_D.XXI
germ_infanterie_kampfpanzer_churchill,0.0,,,,,,30.0,100.0,0.0,0.0,1.0,0.5,0.0,,,,,,Pz.Kpfw._Churchill
ki_43_1,0.0,,,,,,0.0,,,,,,0.0,,,,,,Ki-43-I
ussr_object_685,0.0,,,,,,326.0,55.96,0.0,0.0,2.55,1.78,0.0,,,,,,Object_685
seafire_mk3,0.0,,,,,,0.0,,,,,,0.0,,,,,,Seafire_LF_Mk.III
alpha_jet_e,0.0,,,,,,23.0,100.0,0.0,0.0,0.91,1.2,0.0,,,,,,Alpha_Jet_E
p-40f_10,0.0,,,,,,37.0,31.82,0.68,0.27,1.05,1.07,10.0,,,,,,P-40F-10
jp_type_75,0.0,,,,,,49.0,100.0,1.0,0.03,8.0,2.16,0.0,,,,,,Type_75_SPH
uk_a_34_comet_iron_duke,0.0,,,,,,33.0,50.0,0.0,0.0,1.65,1.57,0.0,,,,,,"Comet_I_""Iron_Duke_IV"""
bf-109f-4_usa,0.0,,,,,,5.0,,,,,,15.0,,,1.0,,0.0,Bf_109_F-4
sw_pvkv_iv,0.0,,,,,,24.0,,,0.0,,2.67,0.0,,,,,,Pvkv_IV
seafire_mk17,0.0,,,,,,12.0,,,,,,0.0,,,,,,Seafire_F_Mk_XVII
fr_amx_10p,0.0,,,,,,274.0,60.47,0.52,0.47,1.1,0.97,1.0,,,,,,AMX-10P
us_t77e1,0.0,,,,,,99.0,25.0,2.35,1.65,0.0,0.0,0.0,,,,,,T77E1
il_merkava_mk_4b,0.0,,,,,,115.0,82.5,0.0,0.0,4.57,2.27,0.0,,,,,,Merkava_Mk.4B
germ_leopard_2a4m_can_sm,0.0,,,,,,1835.0,44.21,0.0,0.0,1.6,1.31,0.0,,,,,,◍Leopard_2A4M
us_m109a1,0.0,,,,,,87.0,50.0,0.44,0.35,1.68,0.98,0.0,,,,,,M109A1
yak-38,0.0,,,,,,100.0,29.41,0.58,0.5,0.0,0.0,0.0,,,,,,Yak-38
uk_olifant_mk_2,0.0,,,,,,190.0,70.8,0.0,0.0,2.48,1.94,0.0,,,,,,Olifant_Mk.2
morko_morane,0.0,,,,,,25.0,44.12,0.82,1.38,0.56,1.0,0.0,,,,,,Mörkö-Morane
cn_gmc_cckw_353_m45_quad,0.0,,,,,,16.0,,,,,,0.0,,,,,,CCKW_353_(M45)
uk_ratel_90,0.0,,,,,,77.0,86.19,0.0,0.0,3.97,2.36,0.0,,,,,,Ratel_90
pbm_5a,0.0,,,,,,9.0,50.0,0.5,1.0,1.0,2.0,0.0,,,,,,"PBM-5A_""Mariner"""
p-63c-5_france,0.0,,,,,,37.0,100.0,0.26,0.25,2.39,2.35,0.0,,,,,,P-63C-5
p-39q_5,0.0,,,,,,0.0,,,,,,0.0,,,,,,P-39Q-5
la_200_toriy,0.0,,,,,,99.0,30.67,1.39,1.54,3.35,2.48,0.0,,,,,,La-200
er-2_ach30b_early,0.0,,,,,,0.0,,,,,,0.0,,,,,,Yer-2_(ACh-30B)_(e)
uk_fv721_fox,0.0,,,,,,168.0,57.64,0.0,0.0,1.98,1.91,5.0,,,,,,Fox
sm_91,0.0,,,,,,32.0,,,0.0,,0.32,0.0,,,,,,SM.91
su-7bkl,0.0,,,,,,50.0,83.33,0.0,0.0,1.53,1.38,0.0,,,,,,Su-7BKL
uk_crusader_aa_mk_2,0.0,,,,,,4.0,,,,,,0.0,,,,,,Crusader_AA_Mk_II
douglas_ad_4,0.0,,,,,,24.0,54.76,0.09,0.11,2.44,3.78,0.0,,,,,,AD-4
uk_fv221_caernarvon,0.0,,,,,,154.0,50.0,0.0,0.0,1.14,1.59,0.0,,,,,,Caernarvon
germ_sppz2_luchs_a2,0.0,,,,,,87.0,17.24,0.49,0.36,0.34,0.33,0.0,,,,,,Luchs_A2
he_112v_5,0.0,,,,,,0.0,,,,,,0.0,,,,,,He_112_V-5
buccaneer_s2b,0.0,,,,,,71.0,33.33,0.0,0.0,2.18,2.7,0.0,,,,,,Buccaneer_S.2B
sw_t_55m,0.0,,,,,,402.0,53.67,0.0,0.0,1.49,1.49,0.0,,,,,,T-55M
tornado_gr4,0.0,,,,,,0.0,,,,,,0.0,,,,,,Tornado_GR.4
a5m4,0.0,,,,,,0.0,,,,,,0.0,,,,,,A5M4
pe-2-205,0.0,,,,,,0.0,,,,,,0.0,,,,,,Pe-2-205
germ_bmp_1_ddr,0.0,,,,,,101.0,35.14,0.0,0.0,0.58,0.68,0.0,,,,,,SPz_BMP-1
hurricane_mk1_late_finland,0.0,,,,,,0.0,,,,,,0.0,,,,,,Hurricane_Mk_I/L
us_m1a1_abrams,0.0,,,,,,882.0,53.98,0.0,0.0,1.72,1.72,0.0,,,,,,M1A1
jp_type_99,0.0,,,,,,143.0,65.56,0.54,0.43,2.86,1.97,0.0,,,,,,Type_99
germ_leopard_2a5,0.0,,,,,,1007.0,39.48,0.0,0.0,1.7,1.53,0.0,,,,,,Leopard_2A5
germ_stuh_III_ausf_G,0.0,,,,,,25.0,,,0.0,,3.0,3.0,,,0.0,,1.0,StuH_42_G
b_52h,0.0,,,,,,102.0,74.14,0.0,0.0,1.52,1.75,0.0,,,,,,B-52H
i-15_1935_moscow,0.0,,,,,,0.0,,,,,,0.0,,,,,,I-15_M-25
fr_panhard_ebr_1951,0.0,,,,,,285.0,51.54,0.0,0.0,1.85,1.58,0.0,,,,,,E.B.R._(1951)
p-38e,0.0,,,,,,0.0,,,,,,0.0,,,,,,P-38E
uk_crusader_mk_2_the_saint,0.0,,,,,,26.0,100.0,0.0,0.0,2.16,2.05,0.0,,,,,,"Crusader_""The_Saint"""
jp_type_87_rcv,0.0,,,,,,258.0,75.06,0.0,0.0,2.56,1.79,0.0,,,,,,Type_87_RCV
uk_ystervark_spaa,0.0,,,,,,89.0,50.0,0.63,0.89,0.0,0.0,0.0,,,,,,Ystervark
f_14a_early,0.0,,,,,,141.0,75.45,1.28,1.05,0.03,0.04,0.0,,,,,,F-14A_Early
g5n1,0.0,,,,,,0.0,,,,,,0.0,,,,,,G5N1
he-111h-2,0.0,,,,,,0.0,,,,,,0.0,,,,,,He_111_H-3
fiat_cr42_j11,0.0,,,,,,0.0,,,,,,0.0,,,,,,J11
ju-87d-3,0.0,,,,,,10.0,100.0,0.0,0.0,1.3,1.3,0.0,,,,,,Ju_87_D-3
ju-88a-1,0.0,,,,,,0.0,,,,,,0.0,,,,,,Ju_88_A-1
ki_67_1_otsu,0.0,,,,,,0.0,,,,,,0.0,,,,,,Ki-67-I_otsu
lancaster_mr7_france,0.0,,,,,,0.0,,,,,,0.0,,,,,,Lancaster_MR.7
sw_strv_m39_td,0.0,,,,,,0.0,,,,,,0.0,,,,,,Strv_m/39_TD
su_17m2,0.0,,,,,,0.0,,,,,,0.0,,,,,,Su-17M2
pb4y-2_china,0.0,,,,,,0.0,,,,,,0.0,,,,,,PB4Y-2_(China)
us_m18_hellcat_black_cat_race,,,,,,,,,,,,,,,,,,,"""Racing""_M18"
it_semovente_m43_105,0.0,,,,,,14.0,,,,,,0.0,,,,,,105/25_M43
germ_panzerwerfer_42,0.0,,,,,,0.0,,,,,,0.0,,,,,,15_cm_Pz.W.42
fr_char_2c,0.0,,,,,,1.0,,,,,,0.0,,,,,,2C
ussr_2s25,0.0,,,,,,203.0,37.92,0.0,0.0,1.81,1.19,1.0,,,,,,2S25
ussr_zprk_2s6,0.0,,,,,,707.0,61.72,1.05,0.79,0.28,0.21,2.0,,,3.0,,0.0,2S6
germ_sturmmorser_sturmtiger,0.0,,,,,,57.0,50.0,0.0,0.0,1.39,2.33,0.0,,,,,,38_cm_Sturmmörser
it_semovente_l40,0.0,,,,,,0.0,,,,,,0.0,,,,,,47/32_L40
it_semovente_m41_75_18,0.0,,,,,,0.0,,,,,,0.0,,,,,,75/18_M41
it_semovente_m41_75_32,0.0,,,,,,0.0,,,,,,0.0,,,,,,75/32_M41
it_semovente_m42_75_34,0.0,,,,,,0.0,,,,,,0.0,,,,,,75/34_M42
it_semovente_m43_75_34,0.0,,,,,,13.0,,,,,,0.0,,,,,,75/34_M43
ussr_buk_m3_launcher,,,,,,,,,,,,,,,,,,,"9К317М_""БУК-М3""_(СОУ)"
ussr_buk_m3_fcs,0.0,,,,,,64.0,87.68,1.35,0.36,0.0,0.0,0.0,,,0.0,,0.0,"9К317М_""БУК-М3""_(СОЦ)"
douglas_a_1h,0.0,,,,,,392.0,90.51,0.39,0.46,5.12,6.15,0.0,,,,,,A-1H
a-26b,0.0,,,,,,0.0,,,,,,0.0,,,,,,A-26B-50
a-26c,0.0,,,,,,0.0,,,,,,0.0,,,,,,A-26C-45
a-26c-45-dt,0.0,,,,,,0.0,,,,,,0.0,,,,,,A-26C-45DT
a_29_hudson,0.0,,,,,,0.0,,,,,,0.0,,,,,,A-29
a_5c,0.0,,,,,,97.0,73.1,0.52,0.94,0.91,1.53,0.0,,,,,,A-5C
a_7e_thailand,0.0,,,,,,127.0,69.25,0.78,0.8,1.68,1.7,30.0,,,0.0,,0.0,A-7E
a_7k,0.0,,,,,,9.0,0.0,0.0,0.0,0.0,0.0,0.0,,,,,,A-7K
uk_ac1_sentinel,0.0,,,,,,2.0,,,0.0,,5.5,0.0,,,,,,A.C.I
uk_a_13_mk1_3rd_rtr,0.0,,,,,,11.0,100.0,0.0,0.0,3.0,1.29,0.0,,,,,,A13_Mk_I_(3rd_R.T.R.)
uk_a_13_mk2_1939,0.0,,,,,,0.0,,,,,,0.0,,,,,,A13_Mk_II_1939
saab_a21rb,0.0,,,,,,64.0,73.33,0.0,0.0,0.6,0.31,0.0,,,,,,A21RB
vampire_fb5_j28b,0.0,,,,,,31.0,50.0,2.0,4.0,0.0,0.0,0.0,,,,,,A28B
saab_j29b,0.0,,,,,,42.0,50.0,0.0,0.0,0.5,0.24,0.0,,,,,,A29B
a2d,0.0,,,,,,643.0,73.96,0.11,0.09,2.13,1.9,1.0,,,0.0,,2.0,A2D-1
saab_a32a,0.0,,,,,,23.0,50.0,1.0,1.4,2.55,3.8,0.0,,,,,,A32A
saab_a32a_red_adam,0.0,,,,,,8.0,50.0,0.5,0.15,1.0,0.85,0.0,,,,,,A32A_Röd_Adam
a6m2_zero_usa,0.0,,,,,,1.0,,,,,,0.0,,,,,,A6M2
a6m2_n_zero,0.0,,,,,,0.0,,,,,,0.0,,,,,,A6M2-N
a6m3_mod22ko_zero,0.0,,,,,,21.0,100.0,2.8,,1.7,,0.0,,,,,,A6M3_mod._22Ko
a6m5ko,0.0,,,,,,142.0,58.08,1.76,2.8,3.24,5.14,0.0,,,,,,A6M5_Ko
a6m6c,0.0,,,,,,74.0,72.78,1.67,2.43,1.31,2.28,0.0,,,,,,A6M6c
germ_a7v,0.0,,,,,,0.0,,,,,,0.0,,,,,,A7V
it_ab_41,0.0,,,,,,9.0,,,0.0,,1.22,26.0,,,0.0,,0.0,AB_41
it_ab_43,0.0,,,,,,7.0,100.0,0.0,0.0,1.0,1.0,0.0,,,,,,AB_43
douglas_ad_4na_france,0.0,,,,,,65.0,58.33,0.0,0.0,0.69,0.54,0.0,,,,,,AD-4NA
uk_adats_m113a3,0.0,,,,,,68.0,,,0.77,,0.36,0.0,,,,,,ADATS_(M113)
uk_armored_car_mk_2_aa,0.0,,,,,,19.0,93.75,0.0,0.0,0.0,0.0,0.0,,,,,,AEC_AA
cn_hj_9,0.0,,,,,,361.0,51.5,0.0,0.0,2.41,1.76,0.0,,,,,,AFT09
us_ags_teledyne,0.0,,,,,,253.0,50.42,0.0,0.0,1.94,2.21,0.0,,,,,,AGS
aichi_e13a,,,,,,,,,,,,,,,,,,,Aichi_E13A1
saab_aj37,0.0,,,,,,103.0,42.46,0.33,0.62,0.36,0.56,0.0,,,,,,AJ37
saab_ajs37,0.0,,,,,,36.0,100.0,2.0,1.63,2.16,1.68,0.0,,,,,,AJS37
saab_ajs37_early,,,,,,,,,,,,,,,,,,,AJS37_(Early)
uk_alecto_mk_1,0.0,,,,,,19.0,,,,,,0.0,,,,,,Alecto_I
alpha_jet_a_thailand,0.0,,,,,,254.0,69.46,0.24,0.22,2.26,2.49,0.0,,,,,,Alpha_Jet_A
alpha_jet_a,0.0,,,,,,168.0,59.78,0.07,0.11,2.72,2.77,5.0,,,,,,Alpha_Jet_A
alpha_jet_a_jabog41,0.0,,,,,,21.0,95.24,0.0,0.0,1.21,1.21,10.0,0.0,0.0,0.0,1.0,1.0,Alpha_Jet_A_(JaboG_41)
fr_amc_34,0.0,,,,,,0.0,,,,,,0.0,,,,,,AMC.34_YR
fr_amc_35,0.0,,,,,,0.0,,,,,,0.0,,,,,,AMC.35_(ACG.1)
fr_amd_35_kwk39,0.0,,,,,,69.0,100.0,0.0,0.0,2.92,2.1,0.0,,,,,,AMD.35_(PaK)
fr_aml_90,0.0,,,,,,93.0,55.0,0.0,0.0,3.55,2.48,0.0,,,,,,AML-90
fr_amr_35_zt3,0.0,,,,,,0.0,,,,,,0.0,,,,,,AMR.35_ZT3
amx,0.0,,,,,,6.0,100.0,0.83,,3.0,,0.0,,,,,,AMX
amx_a_1a_brazil,0.0,,,,,,4.0,50.0,0.0,0.0,0.5,1.0,49.0,27.27,0.48,0.21,2.2,2.07,AMX_A-1A
fr_amx_10m_acra,0.0,,,,,,145.0,82.32,0.0,0.0,2.24,1.18,0.0,,,,,,AMX-10M
fr_amx_13_75,0.0,,,,,,287.0,67.44,0.0,0.0,2.05,1.78,24.0,,,0.0,,0.0,AMX-13
fr_amx_13_hot,0.0,,,,,,10.0,,,,,,0.0,,,,,,AMX-13_(HOT)
fr_amx_13_75_ss11,0.0,,,,,,13.0,,,0.0,,4.0,0.0,,,,,,AMX-13_(SS.11)
fr_amx_13_chaffee,0.0,,,,,,0.0,,,,,,0.0,,,,,,AMX-13-M24
fr_amx_32,0.0,,,,,,224.0,50.71,0.0,0.0,2.78,2.22,0.0,,,,,,AMX-32
fr_amx_50_1950,0.0,,,,,,99.0,75.0,0.0,0.0,4.89,2.42,58.0,36.67,0.0,0.0,1.64,1.88,AMX-50_(TO90/930)
fr_amx_50_surblinde,0.0,,,,,,28.0,100.0,0.0,0.0,4.5,3.96,0.0,,,,,,AMX-50_Surblindé
cn_antelope_tc_1l_ads,0.0,,,,,,78.0,52.94,0.69,1.12,0.0,0.0,0.0,,,,,,Antelope
arado-196a-3,0.0,,,,,,0.0,,,,,,0.0,,,,,,Ar_196_A-3
arado-196a-5,0.0,,,,,,0.0,,,,,,0.0,,,,,,Ar_196_A-5
arado-234,0.0,,,,,,116.0,72.01,0.0,0.0,2.32,3.84,0.0,,,,,,Ar_234_B-2
arado-234c-3,0.0,,,,,,72.0,39.74,0.0,0.0,1.78,1.46,0.0,,,,,,Ar_234_C-3
uk_sp_17_pdr_valentine,0.0,,,,,,0.0,,,,,,0.0,,,,,,Archer
it_c1_ariete,0.0,,,,,,62.0,50.0,0.0,0.0,2.34,2.25,0.0,,,,,,Ariete
ariete,0.0,,,,,,106.0,51.32,4.19,3.68,3.7,3.13,48.0,50.0,0.87,1.17,0.5,0.65,Ariete
it_c1_ariete_pso,0.0,,,,,,73.0,77.22,0.0,0.0,2.3,2.09,0.0,,,,,,Ariete_PSO
it_c1_ariete_certezza,0.0,,,,,,184.0,59.7,0.0,0.0,3.13,2.15,0.0,,,,,,Ariete_Сertezza
it_as_42_metropolitana,0.0,,,,,,6.0,,,0.0,,1.0,24.0,,,0.0,,0.0,AS_42
sw_asrad_r,0.0,,,,,,95.0,12.78,2.35,2.52,0.0,0.0,0.0,,,,,,ASRAD-R
attaker_fb1,0.0,,,,,,6.0,,,2.0,,0.0,0.0,,,,,,Attacker_FB_1
attaker_fb2,0.0,,,,,,16.0,66.67,0.67,0.69,0.67,0.69,0.0,,,,,,Attacker_FB.2
f4u-6_au-1,0.0,,,,,,620.0,78.2,0.53,0.52,2.88,2.83,0.0,,,,,,AU-1
it_fiat_6616_cockerill,0.0,,,,,,152.0,43.75,0.0,0.0,4.44,1.49,0.0,,,,,,AUBL/74
it_aubl_74_60_70m,0.0,,,,,,52.0,,,0.0,,1.93,0.0,,,,,,AUBL/74_HVG
fr_amx_30_auf_1,0.0,,,,,,85.0,57.5,0.0,0.0,0.77,0.66,0.0,,,,,,AuF1
av_8b_plus_italy,0.0,,,,,,9.0,,,1.0,,0.0,10.0,,,1.0,,0.0,AV-8B_Plus
av_8s_late_thailand,0.0,,,,,,0.0,,,,,,0.0,,,,,,AV-8S_Late
uk_a30_sp_avenger_kit_3rank,0.0,,,,,,92.0,83.91,0.0,0.0,3.72,3.81,0.0,,,,,,Avenger_(Overlord)
avenger_mk1,0.0,,,,,,0.0,,,,,,0.0,,,,,,Avenger_Mk_II
a_4n,0.0,,,,,,247.0,68.02,2.54,6.35,4.6,11.75,0.0,,,,,,Ayit
b_10b,0.0,,,,,,0.0,,,,,,0.0,,,,,,B-10B
b-17e_japan,0.0,,,,,,0.0,,,,,,0.0,,,,,,B-17E
b-17e,0.0,,,,,,0.0,,,,,,0.0,,,,,,B-17E
b-17e_late,0.0,,,,,,0.0,,,,,,0.0,,,,,,B-17E/L
b-17g,0.0,,,,,,11.0,,,0.0,,0.0,0.0,,,,,,B-17G-60-VE
b_24d,0.0,,,,,,0.0,,,,,,0.0,,,,,,B-24D-25-CO
b_25j_30_vvs_ussr,0.0,,,,,,0.0,,,,,,0.0,,,,,,B-25J-30
b_26c_france,0.0,,,,,,0.0,,,,,,0.0,,,,,,B-26C
b-57,0.0,,,,,,6.0,,,0.0,,0.0,0.0,,,,,,B-57A
b-57b,0.0,,,,,,8.0,0.0,0.0,0.75,0.0,0.0,0.0,,,,,,B-57B
b_66b,0.0,,,,,,0.0,,,,,,10.0,,,,,,B-66B
br_20_dr,0.0,,,,,,0.0,,,,,,0.0,,,,,,B.R.20DR
br_20m_m1,0.0,,,,,,0.0,,,,,,0.0,,,,,,B.R.20M_M1
fr_b1_bis,0.0,,,,,,0.0,,,,,,0.0,,,,,,B1_bis
fr_b1_ter,0.0,,,,,,0.0,,,,,,0.0,,,,,,B1_ter
saab_b17a,0.0,,,,,,24.0,92.86,0.0,0.0,0.07,0.04,0.0,,,,,,B17A
saab_b17b,0.0,,,,,,0.0,,,,,,0.0,,,,,,B17B
saab_b18a,0.0,,,,,,0.0,,,,,,0.0,,,,,,B18A
b5n2,0.0,,,,,,0.0,,,,,,24.0,100.0,0.0,0.0,2.46,2.06,B5N2
b6n2,0.0,,,,,,0.0,,,,,,0.0,,,,,,B6N2_Model_12
b6n2a,0.0,,,,,,0.0,,,,,,0.0,,,,,,B6N2a_Model_12Ko
ussr_ba_11,0.0,,,,,,2.0,50.0,0.0,0.0,2.5,5.0,0.0,,,,,,BA-11
ba_65_k14_l,0.0,,,,,,0.0,,,,,,0.0,,,,,,Ba.65_(K.14)_L
ba_65_a80,0.0,,,,,,11.0,,,,,,0.0,,,,,,Ba.65_A.80
uk_badger,0.0,,,,,,51.0,32.35,0.0,0.0,1.68,0.75,1.0,,,0.0,,0.0,Badger
f_16d_block_40_barak_2,0.0,,,,,,77.0,92.14,0.44,0.48,1.3,1.4,0.0,,,,,,Barak_II
f_15a_iaf,0.0,,,,,,18.0,50.0,0.58,1.17,0.0,0.0,0.0,,,,,,Baz
f_15c_baz_msip,0.0,,,,,,0.0,,,,,,0.0,,,,,,Baz_Meshupar
be_6,0.0,,,,,,0.0,,,,,,0.0,,,,,,Be-6
beaufighter_mk1_40mm,0.0,,,,,,0.0,,,,,,0.0,,,,,,Beaufighter_Mk_I_(40-mm)
beaufort_mkviii,0.0,,,,,,0.0,,,,,,0.0,,,,,,Beaufort_Mk_VIII
germ_beutepanzer_mk_iv,0.0,,,,,,0.0,,,,,,0.0,,,,,,Beutepanzer_IV
bf-109b_2,0.0,,,,,,0.0,,,,,,0.0,,,,,,Bf_109_B-1
bf-109c_1,0.0,,,,,,0.0,,,,,,0.0,,,,,,Bf_109_C-1
bf-109e-7,0.0,,,,,,0.0,,,,,,0.0,,,,,,Bf_109_E-7/U2
bf-109g-14as,0.0,,,,,,0.0,,,,,,0.0,,,,,,Bf_109_G-14/AS
bf-109g-2_romania,0.0,,,,,,0.0,,,,,,0.0,,,,,,Bf_109_G-2
bf-109g-6_finland,0.0,,,,,,0.0,,,,,,0.0,,,,,,Bf_109_G-6
bf-110c-6,0.0,,,,,,0.0,,,,,,0.0,,,,,,Bf_110_C-6
bf2c_1,0.0,,,,,,0.0,,,,,,0.0,,,,,,BF2C-1
bi,0.0,,,,,,55.0,69.64,1.29,2.0,0.0,0.0,0.0,,,,,,BI
blenheim_mkiv,0.0,,,,,,0.0,,,,,,0.0,,,,,,Blenheim_Mk_IV
ussr_bm_13n,0.0,,,,,,0.0,,,,,,0.0,,,,,,BM-13N
ussr_bm_31_12,0.0,,,,,,6.0,90.0,0.0,0.0,0.1,0.1,0.0,,,,,,BM-31-12
ussr_bm_8_24,0.0,,,,,,0.0,,,,,,0.0,,,,,,BM-8-24
ussr_bmd_4,0.0,,,,,,84.0,86.67,0.0,0.0,4.73,1.39,6.0,,,0.0,,1.17,BMD-4
ussr_bmp_1,0.0,,,,,,258.0,45.72,0.0,0.0,1.06,0.53,0.0,,,,,,BMP-1
ussr_bmp_2,0.0,,,,,,744.0,51.31,0.0,0.0,1.25,1.0,19.0,,,0.0,,1.0,BMP-2
sw_bmp_2md,0.0,,,,,,89.0,100.0,0.0,0.0,3.71,0.86,0.0,,,,,,BMP-2MD
boomerang_mki,0.0,,,,,,0.0,,,,,,0.0,,,,,,Boomerang_Mk_I
boomerang_mkii,0.0,,,,,,0.0,,,,,,0.0,,,,,,Boomerang_Mk_II
boston_mk_1,0.0,,,,,,0.0,,,,,,0.0,,,,,,Boston_Mk_I
uk_bosvark,0.0,,,,,,48.0,0.0,0.0,0.0,0.0,0.0,0.0,,,,,,Bosvark
germ_boxer_3105,0.0,,,,,,188.0,51.85,0.0,0.0,1.25,1.27,0.0,,,,,,Boxer_MGS
br_693_ab2,0.0,,,,,,17.0,,,0.0,,0.73,0.0,,,,,,Br.693AB2
breda_88,0.0,,,,,,0.0,,,,,,0.0,,,,,,Breda_88_(P.XI)
ussr_bt_7_1937_td,0.0,,,,,,0.0,,,,,,0.0,,,,,,BT-7_TD
ussr_bt_7a_f32,0.0,,,,,,49.0,81.82,0.0,0.0,2.91,2.24,0.0,,,,,,BT-7A_(F-32)
ussr_btr_152a,0.0,,,,,,105.0,19.72,0.63,0.63,0.11,0.11,0.0,,,,,,BTR-152A
buccaneer_s1,0.0,,,,,,58.0,96.74,0.0,0.0,2.5,2.6,0.0,,,,,,Buccaneer_S.1
bv-138c-1,0.0,,,,,,0.0,,,,,,0.0,,,,,,BV_138_C-1
bv-238,0.0,,,,,,0.0,,,,,,0.0,,,,,,BV_238
mc200_serie3,0.0,,,,,,0.0,,,,,,0.0,,,,,,C._200_serie_3
mc200_serie7_italy,0.0,,,,,,0.0,,,,,,0.0,,,,,,C._200_serie_7
mc200_serie7,0.0,,,,,,0.0,,,,,,0.0,,,,,,C._200_serie_7
mc-202_italy,0.0,,,,,,25.0,25.0,0.28,0.35,0.0,0.0,0.0,,,,,,C._202
mc-202,0.0,,,,,,0.0,,,,,,0.0,,,,,,C._202
mc-205_serie1,0.0,,,,,,0.0,,,,,,0.0,,,,,,C._205_serie_1
mc-205_n2,0.0,,,,,,0.0,,,,,,0.0,,,,,,C._205N2
caudron_cr714,0.0,,,,,,0.0,,,,,,0.0,,,,,,C.R.714
it_c13_t90,0.0,,,,,,88.0,88.1,0.0,0.0,3.07,1.46,0.0,,,,,,C13_T90
it_c13_tua,0.0,,,,,,7.0,,,,,,0.0,,,,,,C13/TUA
germ_leopard_c2_mexas,0.0,,,,,,30.0,100.0,0.0,0.0,3.75,3.26,0.0,,,,,,C2A1
fr_lorraine_100,0.0,,,,,,59.0,85.42,0.0,0.0,1.6,0.95,0.0,,,,,,CA_Lorraine
canberra_bimk6,0.0,,,,,,14.0,,,,,,0.0,,,,,,Canberra_B_(I)_Mk_6
canberra_bmk2,0.0,,,,,,4.0,,,0.0,,1.0,0.0,,,,,,Canberra_B_Mk_2
pby-5a_raf,0.0,,,,,,0.0,,,,,,0.0,,,,,,Catalina_Mk_IIIa
fr_cckw_353_bofors,0.0,,,,,,27.0,,,0.0,,0.03,0.0,,,,,,CCKW_353_AA
it_sahariano,0.0,,,,,,0.0,,,,,,0.0,,,,,,Celere_Sahariano
it_b1_centauro_romor,0.0,,,,,,62.0,59.53,0.0,0.0,1.8,1.9,0.0,,,,,,Centauro_I_105_R
it_centauro_mgs_120,0.0,,,,,,58.0,65.91,0.0,0.0,1.58,1.99,0.0,,,,,,Centauro_I_120
it_centauro_rgo_120,0.0,,,,,,307.0,61.18,0.0,0.0,2.67,1.65,0.0,,,,,,Centauro_RGO
uk_centurion_action_x,0.0,,,,,,68.0,96.49,0.0,0.0,3.68,1.59,0.0,,,,,,Centurion_Action_X
uk_centurion_mk_3,0.0,,,,,,109.0,55.44,0.0,0.0,1.44,1.63,0.0,,,,,,Centurion_Mk_3
uk_centurion_mk_2,0.0,,,,,,165.0,87.02,0.0,0.0,4.58,2.54,0.0,,,,,,Centurion_Mk.2
uk_centurion_mk_5_avre_era,0.0,,,,,,18.0,100.0,0.0,0.0,1.0,1.17,0.0,,,,,,Centurion_Mk.5_AVRE
uk_centurion_mk_5_raac,0.0,,,,,,82.0,96.49,0.0,0.0,5.51,2.95,0.0,,,,,,Centurion_Mk.5/1
uk_challenger_2_dorchester,0.0,,,,,,161.0,35.51,0.0,0.0,2.61,1.23,0.0,,,,,,Challenger_2_(2F)
uk_challenger_2_tes,0.0,,,,,,113.0,71.67,0.0,0.0,2.61,3.24,0.0,,,,,,Challenger_2_TES
uk_challenger_2e,1.0,100.0,0.0,0.0,3.0,3.0,133.0,65.48,0.0,0.0,3.53,1.49,0.0,,,,,,Challenger_2E
uk_challenger_2_lep,0.0,,,,,,135.0,66.56,0.0,0.0,3.34,2.04,0.0,,,,,,Challenger_3_TD
jp_type_97_kai,0.0,,,,,,0.0,,,,,,0.0,,,,,,Chi-Ha_Kai
jp_type_97_kai_td,0.0,,,,,,0.0,,,,,,0.0,,,,,,Chi-Ha_Kai_TD
jp_type_97_chi_ha_12cm,0.0,,,,,,0.0,,,,,,0.0,,,,,,Chi-Ha_Short_Gun
jp_type_1_chi_he,0.0,,,,,,23.0,,,0.0,,3.61,0.0,,,,,,Chi-He
jp_type_1_chi_he_5th_regiment,0.0,,,,,,54.0,100.0,0.0,0.0,3.65,1.74,0.0,,,,,,Chi-He_(5th_Regiment)
uk_churchill_avre,0.0,,,,,,0.0,,,,,,0.0,,,,,,Churchill_AVRE_Petard
uk_a_22_mk_1_churchill_1941,0.0,,,,,,24.0,,,0.0,,2.13,0.0,,,,,,Churchill_I
f-86_cl_13_mk4_italy,0.0,,,,,,2.0,100.0,4.0,1.0,1.0,1.0,0.0,,,,,,CL-13_Mk.4
germ_th_800_bismark,0.0,,,,,,121.0,81.52,0.0,0.0,5.0,2.71,0.0,,,,,,Class_3_(P)
us_sl_amraam_launcher,,,,,,,,,,,,,,,,,,,CLAWS_(СОУ)
us_sl_amraam_fcs,0.0,,,,,,122.0,63.75,1.45,1.64,0.0,0.0,0.0,,,,,,CLAWS_(СОЦ)
cn_cm_25,0.0,,,,,,0.0,,,,,,0.0,,,,,,CM25
cn_cm_34,0.0,,,,,,109.0,57.1,0.0,0.0,1.57,1.21,3.0,100.0,0.0,0.0,5.0,2.5,CM34
uk_fv4004_conway,0.0,,,,,,32.0,92.86,0.0,0.0,1.89,0.94,0.0,,,,,,Conway
cr_32,0.0,,,,,,16.0,,,,,,0.0,,,,,,CR.32
cr_32_bis,0.0,,,,,,0.0,,,,,,0.0,,,,,,CR.32_bis
cr_32_quater,0.0,,,,,,11.0,,,,,,0.0,,,,,,CR.32_quater
fiat_cr42,0.0,,,,,,0.0,,,,,,0.0,,,,,,CR.42
fiat_cr42_italy,0.0,,,,,,0.0,,,,,,0.0,,,,,,CR.42
uk_crusader_aa_mk_2_kit_3rank,0.0,,,,,,19.0,50.0,1.0,2.0,0.0,0.0,0.0,,,,,,Crusader_AA_(Overlord)
uk_crusader_aa_mk_1,0.0,,,,,,41.0,100.0,0.0,0.0,2.06,1.41,0.0,,,,,,Crusader_AA_Mk_I
uk_crusader_mk_3,0.0,,,,,,114.0,55.72,0.0,0.0,1.74,2.23,0.0,,,,,,Crusader_III
fr_crusader_mk_2,0.0,,,,,,40.0,100.0,0.0,0.0,2.0,1.08,0.0,,,,,,Crusader_Mk.II
it_39m_csaba,0.0,,,,,,0.0,,,,,,0.0,,,,,,Csaba
sw_patria_amv_ctcv_105,0.0,,,,,,178.0,61.44,0.0,0.0,1.2,1.01,0.0,,,,,,CT-CV_105HP
jp_icv_prototype,0.0,,,,,,145.0,54.09,0.23,0.18,2.07,1.68,0.0,,,,,,CTWV_RCV
sw_cv_90_mk4,0.0,,,,,,77.0,41.67,0.0,0.0,1.08,1.31,0.0,,,,,,CV_90_Mk.IV
sw_cv_90105,0.0,,,,,,370.0,49.64,0.0,0.0,1.97,1.38,0.0,,,,,,CV_90105_TML
fr_cv_9035_nl,0.0,,,,,,109.0,62.5,0.0,0.0,2.3,1.61,0.0,,,,,,CV_9035NL
sw_cv_9030_fin,0.0,,,,,,266.0,59.79,0.0,0.0,1.27,1.18,0.0,,,,,,CV9030FIN
sw_cv_9035_dk,0.0,,,,,,129.0,59.08,0.0,0.0,2.19,1.69,0.0,,,,,,CV9035DK
d_371,0.0,,,,,,0.0,,,,,,0.0,,,,,,D.371
d_371_hs9,0.0,,,,,,0.0,,,,,,0.0,,,,,,D.371_H.S.9
d_373,0.0,,,,,,0.0,,,,,,0.0,,,,,,D.373
d_500,0.0,,,,,,0.0,,,,,,0.0,,,,,,D.500
d_501,0.0,,,,,,0.0,,,,,,0.0,,,,,,D.501
d_510c,0.0,,,,,,0.0,,,,,,0.0,,,,,,D.510C
d_520,0.0,,,,,,0.0,,,,,,0.0,,,,,,D.520
d_521,0.0,,,,,,0.0,,,,,,0.0,,,,,,D.521
fr_renault_d2,0.0,,,,,,0.0,,,,,,0.0,,,,,,D2
d3a1,0.0,,,,,,0.0,,,,,,0.0,,,,,,D3A1
d4y1,0.0,,,,,,0.0,,,,,,0.0,,,,,,D4Y1
uk_daimler_mk_2,0.0,,,,,,15.0,100.0,0.0,0.0,1.0,1.5,0.0,,,,,,Daimler_Mk_II
it_dardo_vcc,0.0,,,,,,52.0,8.12,0.0,0.0,2.44,2.33,64.0,20.17,0.0,0.0,1.89,1.78,Dardo
db_3b,0.0,,,,,,0.0,,,,,,0.0,,,,,,DB-3B
db_7,0.0,,,,,,2.0,,,,,,0.0,,,,,,DB-7
uk_desert_warrior,0.0,,,,,,65.0,41.5,0.0,0.0,0.34,0.27,0.0,,,,,,Desert_Warrior
do_17e_1,0.0,,,,,,0.0,,,,,,0.0,,,,,,Do_17_E-1
do_17z_2,0.0,,,,,,0.0,,,,,,0.0,,,,,,Do_17_Z-2
do_17z_7,0.0,,,,,,0.0,,,,,,0.0,,,,,,Do_17_Z-7
do_217j_1,0.0,,,,,,0.0,,,,,,0.0,,,,,,Do_217_J-1
do_217j_2,0.0,,,,,,0.0,,,,,,0.0,,,,,,Do_217_J-2
do_335b_2,0.0,,,,,,270.0,66.0,0.47,0.37,2.61,1.87,0.0,,,,,,Do_335_B-2
germ_pzkpfw_e_100,0.0,,,,,,0.0,,,,,,0.0,,,,,,E-100
fr_panhard_ebr_1963,0.0,,,,,,56.0,69.05,0.0,0.0,3.14,1.93,0.0,,,,,,E.B.R._(1963)
e7k2,,,,,,,,,,,,,,,,,,,E7K2
e8n2,,,,,,,,,,,,,,,,,,,E8N2
us_efv_p1,0.0,,,,,,194.0,76.6,0.0,0.0,2.62,1.0,0.0,,,,,,EFV
il_eitan,0.0,,,,,,28.0,3.03,0.0,0.0,3.39,1.89,0.0,,,,,,Eitan_(P)
uk_eland_90_mk_7,0.0,,,,,,100.0,85.26,0.0,0.0,1.28,0.95,1.0,,,,,,Eland_90_Mk.7
sw_eldenhet_98,0.0,,,,,,0.0,,,,,,0.0,,,,,,EldE_98
f_101c,,,,,,,,,,,,,,,,,,,F-101C
f-104g_belgium,0.0,,,,,,0.0,,,,,,0.0,,,,,,F-104G
f-104g_italy,0.0,,,,,,0.0,,,,,,0.0,,,,,,F-104G
f-104s,0.0,,,,,,10.0,50.0,1.0,2.0,0.5,1.0,3.0,,,,,,F-104S
f-104s_cb,0.0,,,,,,30.0,0.0,0.0,0.18,0.0,0.0,0.0,,,,,,F-104S_TAF
f-104s_asa,0.0,,,,,,9.0,,,,,,0.0,,,,,,F-104S.ASA
f_106a_1972,0.0,,,,,,15.0,0.0,3.0,2.25,1.0,0.75,0.0,,,,,,F-106A
f_117,0.0,,,,,,41.0,47.62,0.0,0.0,2.21,4.64,0.0,,,,,,F-117
f_14d,0.0,,,,,,2.0,,,0.0,,0.0,0.0,,,,,,F-14D
f_15i_raam,0.0,,,,,,170.0,64.89,0.79,0.9,1.84,1.81,0.0,,,,,,F-15I_Ra’am
f_15j,0.0,,,,,,69.0,71.74,2.93,3.21,0.0,0.0,0.0,,,,,,F-15J
f_15j_kai,0.0,,,,,,44.0,50.72,1.68,2.23,0.04,0.04,0.0,,,,,,F-15J(M)
f_16a_block_15_belgium,0.0,,,,,,15.0,2.56,1.92,1.92,0.08,0.08,27.0,,,1.0,,0.0,F-16A
f_16a_block_15_ocu_thailand,0.0,,,,,,32.0,50.0,0.5,1.0,1.5,3.0,0.0,,,,,,F-16A_OCU
f_16a_block_15_ocu_belgium,0.0,,,,,,90.0,43.43,0.72,0.9,0.0,0.0,34.0,,,1.67,,0.0,F-16A_OCU
f_16aj,0.0,,,,,,36.0,50.0,0.5,0.62,0.0,0.0,0.0,,,,,,F-16AJ
f_16am_block_15_mlu_belgium,0.0,,,,,,34.0,30.56,0.44,0.44,0.0,0.0,30.0,,,,,,F-16AM
f_16c_block_40_barak_2,0.0,,,,,,0.0,,,,,,0.0,,,,,,F-16C_Barak_II
f_16i_sufa,0.0,,,,,,59.0,50.0,0.65,0.59,0.48,0.36,0.0,,,,,,F-16I_Sufa
fa_18c_finland,0.0,,,,,,13.0,100.0,1.0,1.0,0.0,0.0,0.0,,,,,,F-18C
ef_2000a,0.0,,,,,,57.0,50.0,1.19,1.33,0.5,0.58,0.0,,,,,,F-2000A
ef_2000a_aesa,0.0,,,,,,114.0,62.04,1.37,2.35,1.82,3.38,0.0,,,,,,F-2000A_(AESA)
f_2a,0.0,,,,,,74.0,100.0,1.6,1.09,0.4,0.27,15.0,,,2.13,,0.0,F-2A
f_2a_adtw,0.0,,,,,,574.0,59.24,1.21,1.37,0.17,0.18,173.0,,,0.92,,1.01,F-2A_ADTW
f-4ej_adtw,0.0,,,,,,186.0,45.37,1.23,1.25,0.62,0.63,30.0,,,0.0,,0.0,F-4EJ_ADTW
f-4ej_kai,0.0,,,,,,34.0,50.0,1.0,2.0,0.0,0.0,0.0,,,,,,F-4EJ_Kai_Phantom_II
f-4ej,0.0,,,,,,55.0,55.56,0.67,0.62,0.56,0.62,0.0,,,,,,F-4EJ_Phantom_II
f-5t_thailand,0.0,,,,,,27.0,83.33,0.5,0.19,2.33,1.28,0.0,,,,,,F-5T_SCU
f-5th_thailand,0.0,,,,,,86.0,65.34,0.92,0.98,0.04,0.05,0.0,,,,,,F-5TH_TCU
f-80,0.0,,,,,,45.0,63.64,0.43,0.43,0.64,0.64,0.0,,,,,,F-80C-10
f-84f_italy,0.0,,,,,,0.0,,,,,,0.0,,,,,,F-84F
f-84f_iaf,0.0,,,,,,0.0,,,,,,0.0,,,,,,F-84F_IAF
f-84g,0.0,,,,,,0.0,,,,,,0.0,,,,,,F-84G-21-RE
f-84g_thailand,0.0,,,,,,91.0,56.45,0.83,1.28,1.51,2.47,0.0,,,,,,F-84G-21-RE
f-84g_italy,0.0,,,,,,28.0,100.0,0.0,0.0,1.0,0.43,0.0,,,,,,F-84G-21-RE
f-84g_france,0.0,,,,,,7.0,100.0,0.0,0.0,1.0,1.0,0.0,,,,,,F-84G-26-RE
f-86f-30_japan,0.0,,,,,,93.0,67.98,1.65,1.97,1.21,1.51,0.0,,,,,,F-86F-30_
f-86f-35,0.0,,,,,,9.0,100.0,1.56,1.56,1.56,1.56,0.0,,,,,,F-86F-35
f-86f-40_japan,0.0,,,,,,26.0,82.35,0.94,1.31,0.82,1.0,0.0,,,,,,F-86F-40_
f-86f-40_japan_blue_impulse,0.0,,,,,,22.0,0.0,2.0,2.47,1.57,1.8,0.0,,,,,,F-86F-40_JASDF
f-86k_late_italy,0.0,,,,,,0.0,,,,,,0.0,,,,,,F-86K
f-8e_fn,0.0,,,,,,6.0,,,,,,3.0,,,,,,F-8E(FN)
f_222_2,0.0,,,,,,0.0,,,,,,0.0,,,,,,F.222.2
fc_20_bis,0.0,,,,,,6.0,,,,,,0.0,,,,,,F.C.20_Bis
fa_18c_mlu_2_finland,0.0,,,,,,15.0,50.0,1.0,1.0,1.0,1.64,0.0,,,,,,F/A-18C_MLU_2
fa_18d_late_malaysia,0.0,,,,,,14.0,,,2.0,,0.0,0.0,,,,,,F/A-18D_Late
fa_18f_block_2_raaf,0.0,,,,,,0.0,,,,,,0.0,,,,,,F/A-18F
f11f_1_late,0.0,,,,,,12.0,,,0.75,,0.0,0.0,,,,,,F11F-1
f1m2,0.0,,,,,,22.0,,,,,,0.0,,,,,,F1M2
f2g-1,0.0,,,,,,305.0,65.29,1.47,1.04,3.01,2.15,0.0,,,,,,F2G-1
f4d_1,0.0,,,,,,12.0,,,,,,0.0,,,,,,F4D-1
f4f-4,0.0,,,,,,0.0,,,,,,0.0,,,,,,F4F-4
f4u-1a_japan,0.0,,,,,,27.0,100.0,2.19,2.19,0.0,0.0,0.0,,,,,,F4U-1A
f4u-4b_vmf_214,0.0,,,,,,0.0,,,,,,0.0,,,,,,F4U-4B_VMF-214
f7f3,0.0,,,,,,6.0,100.0,3.6,4.0,4.0,8.0,0.0,,,,,,F7F-3
uk_falcon,0.0,,,,,,181.0,44.95,0.57,0.33,2.35,1.34,0.0,,,,,,Falcon
fr_fcm_36,0.0,,,,,,0.0,,,,,,0.0,,,,,,FCM.36
ffa_p16,0.0,,,,,,0.0,,,,,,0.0,,,,,,FFA_P-16
b_48_firecrest,0.0,,,,,,0.0,,,,,,0.0,,,,,,Firecrest
uk_sherman_vc_firefly_kit_3rank,0.0,,,,,,106.0,56.39,0.0,0.0,3.39,3.27,0.0,,,,,,Firefly_(Overlord)
it_fiat_6614_firos,0.0,,,,,,52.0,50.0,0.0,0.0,0.93,1.07,0.0,,,,,,FIROS_6
fj_4b_agm_12b,0.0,,,,,,0.0,,,,,,0.0,,,,,,FJ-4B_VMF-232
germ_flakpanzer_38t_Gepard,0.0,,,,,,10.0,,,0.0,,0.0,0.0,,,,,,Flakpanzer_38
germ_flarakrad,0.0,,,,,,26.0,0.0,1.33,1.11,0.0,0.0,0.0,,,,,,FlaRakRad
it_freccia_hitfist_ows,0.0,,,,,,307.0,49.92,0.01,0.01,1.61,1.4,0.0,,,,,,Freccia_OWS_30
fr_samp_t_launcher,,,,,,,,,,,,,,,,,,,FSAF_SAMP/T_(Mamba)_(СОУ)
fr_samp_t_fcs,0.0,,,,,,34.0,76.92,0.95,0.77,0.0,0.0,0.0,,,,,,FSAF_SAMP/T_(Mamba)_(СОЦ)
it_samp_t_fcs,0.0,,,,,,61.0,50.0,1.0,0.89,0.0,0.0,0.0,,,,,,FSAF_SAMP/T_(СОЦ)
fury_mk1,0.0,,,,,,0.0,,,,,,0.0,,,,,,Fury_Mk_I
fury_mk2,0.0,,,,,,0.0,,,,,,0.0,,,,,,Fury_Mk_II
fw-189a-1,0.0,,,,,,0.0,,,,,,0.0,,,,,,Fw_189_A-1
fw-190a-5_japan,0.0,,,,,,26.0,100.0,3.0,3.0,3.0,3.0,0.0,,,,,,Fw_190_A-5
fw-190a-5,0.0,,,,,,18.0,,,,,,0.0,,,,,,Fw_190_A-5/U12
fw-190c,0.0,,,,,,0.0,,,,,,0.0,,,,,,Fw_190_C
fw-190d-12,0.0,,,,,,3.0,100.0,2.0,,0.0,,26.0,0.0,4.07,4.15,0.0,0.0,Fw_190_D-12
fw-190d-13,0.0,,,,,,89.0,52.22,1.47,1.19,1.22,1.22,0.0,,,,,,Fw_190_D-13
fw-190d-9_ussr,0.0,,,,,,0.0,,,,,,13.0,,,3.0,,0.0,Fw_190_D-9
fw_200c_1,0.0,,,,,,9.0,,,,,,0.0,,,,,,Fw_200_C-1
fw_189c_0,,,,,,,,,,,,,,,,,,,Fw_189_C
fiat_g50_seria7as,0.0,,,,,,0.0,,,,,,0.0,,,,,,G.50_AS_serie_7
fiat_g50_seria2,0.0,,,,,,0.0,,,,,,0.0,,,,,,G.50_serie_2
fiat_g50_seria2_italy,0.0,,,,,,0.0,,,,,,0.0,,,,,,G.50_serie_2
g_55_serie1_ss0,0.0,,,,,,7.0,,,,,,0.0,,,,,,G.55_sottoserie_0
g_55s,0.0,,,,,,42.0,,,1.44,,1.28,17.0,,,1.65,,0.65,G.55S
g_56,0.0,,,,,,85.0,55.77,1.67,1.85,0.77,0.85,0.0,,,,,,G.56
fiat_g91_ps,0.0,,,,,,34.0,12.5,1.0,1.0,0.13,0.13,0.0,,,,,,G.91_pre-serie
fiat_g91_r1,0.0,,,,,,14.0,50.0,0.0,0.0,0.5,0.5,0.0,,,,,,G.91_R/1
fiat_g91_r4,0.0,,,,,,0.0,,,,,,0.0,,,,,,G.91_R/4
fiat_g91_y,0.0,,,,,,20.0,60.71,3.41,6.79,0.0,0.0,0.0,,,,,,G.91_Y
fiat_g91_ys,0.0,,,,,,34.0,100.0,0.0,0.0,2.08,2.55,0.0,,,,,,G.91_YS
g4m1,0.0,,,,,,0.0,,,,,,0.0,,,,,,G4M1
uk_g6_spg,0.0,,,,,,44.0,33.33,0.3,0.5,1.0,1.5,0.0,,,,,,G6
g8n1,0.0,,,,,,26.0,66.67,1.0,3.0,0.0,0.0,0.0,,,,,,G8N1
f3f-2_galer,0.0,,,,,,24.0,100.0,1.64,1.64,0.0,0.0,0.0,,,,,,Galer's_F3F-2
germ_garford_putilov,0.0,,,,,,0.0,,,,,,0.0,,,,,,Garford-Beute
ussr_gaz_4m,0.0,,,,,,0.0,,,,,,0.0,,,,,,GAZ-AAA_(4M)
ussr_gaz_dshk,0.0,,,,,,0.0,,,,,,0.0,,,,,,GAZ-AAA_(DShK)
uk_vickers_gbt_155,0.0,,,,,,35.0,66.67,0.31,0.23,2.53,1.74,0.0,,,,,,GBT_155
il_m113a1_tow,0.0,,,,,,14.0,,,0.0,,0.0,0.0,,,,,,Giraf
gladiator_mk1_belgium,0.0,,,,,,0.0,,,,,,0.0,,,,,,Gladiator_Mk_I
gladiator_mk2,0.0,,,,,,0.0,,,,,,0.0,,,,,,Gladiator_Mk_II
gladiator_mk2_france,0.0,,,,,,0.0,,,,,,0.0,,,,,,Gladiator_Mk_IIF
gladiator_mk2_silver,0.0,,,,,,0.0,,,,,,0.0,,,,,,Gladiator_Mk_IIS
uk_mk1_grant,0.0,,,,,,0.0,,,,,,0.0,,,,,,Grant_I
uk_3_inch_gun_carrier,0.0,,,,,,11.0,,,,,,0.0,,,,,,Gun_Carrier_(3-in)
il_28_china,0.0,,,,,,0.0,,,,,,0.0,,,,,,H-5
h-75a-1_france,0.0,,,,,,0.0,,,,,,0.0,,,,,,H-75A-1
p-40c_china,0.0,,,,,,0.0,,,,,,0.0,,,,,,H-81A-2
fr_hotchkiss_h35,0.0,,,,,,0.0,,,,,,0.0,,,,,,H.35
fr_hotchkiss_h39,0.0,,,,,,0.0,,,,,,0.0,,,,,,H.39
fr_hotchkiss_h39_cambronne,0.0,,,,,,0.0,,,,,,0.0,,,,,,"H.39_""Cambronne"""
hp_12,0.0,,,,,,0.0,,,,,,0.0,,,,,,H.P.12
h6k4,0.0,,,,,,0.0,,,,,,0.0,,,,,,H6K4
h8k3,0.0,,,,,,0.0,,,,,,0.0,,,,,,H8K3
jp_type_95_ha_go,0.0,,,,,,0.0,,,,,,0.0,,,,,,Ha-Go
jp_type_95_ha_go_commander,0.0,,,,,,0.0,,,,,,0.0,,,,,,Ha-Go_Commander
a5m4_hagiri,0.0,,,,,,0.0,,,,,,0.0,,,,,,Hagiri's_A5M4
halifax_mk3,0.0,,,,,,0.0,,,,,,0.0,,,,,,Halifax_B_Mk_IIIa
hp52_hampden_mk1_late,0.0,,,,,,0.0,,,,,,0.0,,,,,,Hampden_Mk_I
hp52_hampden_tbmk1,0.0,,,,,,3.0,,,,,,0.0,,,,,,Hampden_TB_Mk_I
harrier_gr7,0.0,,,,,,0.0,,,,,,0.0,,,,,,Harrier_GR.7
intruder_mk_1,0.0,,,,,,0.0,,,,,,0.0,,,,,,Havoc_Mk_I
hawk_200,0.0,,,,,,57.0,50.0,0.5,1.0,2.17,4.34,0.0,,,,,,Hawk_200
hawk_200_rda,0.0,,,,,,0.0,,,,,,0.0,,,,,,Hawk_200_RDA
h-75a-2_finland,0.0,,,,,,0.0,,,,,,0.0,,,,,,Hawk_H-75A-2
hawk_iii,0.0,,,,,,0.0,,,,,,0.0,,,,,,Hawk_III
he-111h-6,0.0,,,,,,0.0,,,,,,0.0,,,,,,He_111_H-6
he_112a_0,0.0,,,,,,9.0,,,,,,0.0,,,,,,He_112_A-0
he_112b_1_italy,0.0,,,,,,0.0,,,,,,0.0,,,,,,He_112_B-1/U2
he_112b_1,0.0,,,,,,0.0,,,,,,0.0,,,,,,He_112_B-1/U2
he_112b_2,0.0,,,,,,0.0,,,,,,0.0,,,,,,He_112_B-2/U2
he_115c_1,0.0,,,,,,0.0,,,,,,0.0,,,,,,He_115_C-1
he-162a-1,0.0,,,,,,0.0,,,,,,0.0,,,,,,He_162_A-1
he-162a-2,0.0,,,,,,0.0,,,,,,0.0,,,,,,He_162_A-2
he-177a-3,0.0,,,,,,0.0,,,,,,0.0,,,,,,He_177_A-3
he-177a-5,0.0,,,,,,0.0,,,,,,0.0,,,,,,He_177_A-5
he_219a_7,0.0,,,,,,6.0,66.67,0.3,0.5,1.1,1.67,0.0,,,,,,He_219_A-7
he51a1,0.0,,,,,,0.0,,,,,,0.0,,,,,,He_51_A-1
he51b1,0.0,,,,,,0.0,,,,,,0.0,,,,,,He_51_B-1
he51b_2w,0.0,,,,,,0.0,,,,,,0.0,,,,,,He_51_B-2/H
he51c1,0.0,,,,,,15.0,,,,,,0.0,,,,,,He_51_C-1
he51c1_late,0.0,,,,,,0.0,,,,,,0.0,,,,,,He_51_C-1/L
us_m18_hellcat_kit_3rank,0.0,,,,,,99.0,57.06,0.0,0.0,2.65,2.17,0.0,,,,,,Hellcat_(Hell)
marut_mk1,0.0,,,,,,2.0,100.0,0.0,0.0,0.0,0.0,0.0,,,,,,HF-24
go229_v3,0.0,,,,,,101.0,41.18,1.19,1.46,0.5,0.74,0.0,,,,,,Ho_229_V3
jp_type_2_ho_i,0.0,,,,,,0.0,,,,,,0.0,,,,,,Ho-I
jp_type_2_ho_ni_2,0.0,,,,,,26.0,0.0,0.0,0.0,0.0,0.0,0.0,,,,,,Ho-Ni_II
jp_type_3_ho_ni_III,0.0,,,,,,0.0,,,,,,0.0,,,,,,Ho-Ni_III
jp_type_5_ho_ri_production,0.0,,,,,,818.0,63.39,0.0,0.0,4.46,4.25,0.0,,,,,,Ho-Ri_Production
jp_type_5_ho_ri_prototype,0.0,,,,,,25.0,100.0,0.0,0.0,4.67,2.55,1.0,,,,,,Ho-Ri_Prototype
jp_type_4_ho_ro,0.0,,,,,,66.0,66.67,0.0,0.0,3.41,5.14,0.0,,,,,,Ho-Ro
hornet_mk1,0.0,,,,,,0.0,,,,,,0.0,,,,,,Hornet_Mk.I
il_m163_vulcan,0.0,,,,,,57.0,,,0.0,,0.0,0.0,,,,,,Hovet
hs-123a-1,0.0,,,,,,0.0,,,,,,0.0,,,,,,Hs_123_A-1
hs-129b-2,0.0,,,,,,0.0,,,,,,0.0,,,,,,Hs_129_B-2
hs-129b-2_romania_italy,0.0,,,,,,16.0,,,,,,0.0,,,,,,Hs_129_B-2_(Romania)
hs-129b-2_romania,0.0,,,,,,8.0,100.0,2.0,2.0,0.0,0.0,0.0,,,,,,Hs_129_B-2_(Romania)
hs-129b-3,0.0,,,,,,79.0,56.55,0.0,0.0,0.53,0.75,0.0,,,,,,Hs_129_B-3
us_hstv_l,0.0,,,,,,1288.0,52.65,0.0,0.0,1.79,1.48,2.0,0.0,0.0,0.0,2.0,1.5,HSTV-L
hudson_mk_v,0.0,,,,,,0.0,,,,,,0.0,,,,,,Hudson_Mk_V
germ_hummel,0.0,,,,,,0.0,,,,,,0.0,,,,,,Hummel
il_hunter_afv,,,,,,,,,,,,,,,,,,,Hunter_AFV
hunter_f9_rhodesia,0.0,,,,,,0.0,,,,,,0.0,,,,,,Hunter_FGA.9
hurricane_mk1_late_ep,0.0,,,,,,0.0,,,,,,0.0,,,,,,Hurricane_Mk.I/L_FAA_M
i-15_1934,0.0,,,,,,0.0,,,,,,0.0,,,,,,I-15_WR
i-153p,0.0,,,,,,41.0,66.67,3.0,4.5,2.05,3.08,21.0,,,0.0,,0.0,I-153P
i-15bis,0.0,,,,,,0.0,,,,,,0.0,,,,,,I-15bis
i-16_type28,0.0,,,,,,18.0,100.0,1.0,1.0,1.0,1.0,0.0,,,,,,I-16_type_28
ia_58a_pucara,,,,,,,,,,,,,,,,,,,IA.58A_Pucara
gladiator_j8a_iacobi,0.0,,,,,,0.0,,,,,,0.0,,,,,,Iacobi's_J8A
iar_81c,0.0,,,,,,0.0,,,,,,0.0,,,,,,IAR-81C
iar_93b,0.0,,,,,,52.0,88.2,0.25,0.5,1.68,1.05,0.0,,,,,,IAR-93B
jp_icv_ifv_prototype,0.0,,,,,,31.0,50.0,0.14,0.05,1.23,1.16,0.0,,,,,,ICV_(P)
sw_ikv_91_105,0.0,,,,,,193.0,68.73,0.26,0.09,5.76,2.91,0.0,,,,,,Ikv_91-105
il-4,0.0,,,,,,0.0,,,,,,0.0,,,,,,IL-4
uk_a1e1_independent,0.0,,,,,,0.0,,,,,,0.0,,,,,,Independent
germ_iris_slm_launcher,,,,,,,,,,,,,,,,,,,IRIS-T_SLM_(СОУ)
germ_iris_slm_fcs,0.0,,,,,,212.0,43.18,3.5,2.67,0.0,0.0,0.0,,,,,,IRIS-T_SLM_(СОЦ)
ussr_is_2_1944_revenge,0.0,,,,,,25.0,50.0,0.0,0.0,1.9,1.69,0.0,,,,,,"IS-2_""Revenge"""
ussr_is_2_1944_321,0.0,,,,,,23.0,87.5,0.0,0.0,1.75,1.12,0.0,,,,,,IS-2_No.321
cn_is_2_1943_no402,0.0,,,,,,0.0,,,,,,0.0,,,,,,IS-2_No.402
it_semovente_m43_75_bersaglieri,,,,,,,,,,,,,,,,,,,it_semovente_m43_75_bersaglieri
sw_crotale_ng,0.0,,,,,,32.0,41.67,0.6,0.88,0.0,0.0,0.0,,,,,,ItO_90M
fr_crotale_ng,0.0,,,,,,12.0,50.0,0.67,0.95,0.0,0.0,0.0,,,,,,ItO_90M
sw_itpsv_90,0.0,,,,,,1324.0,47.32,0.09,0.08,2.23,1.66,0.0,,,,,,ItPsV_Leopard
j_10a,0.0,,,,,,235.0,62.58,1.77,1.69,0.14,0.14,5.0,,,1.0,,0.0,J-10A
j_10c,0.0,,,,,,64.0,90.0,3.32,3.36,0.4,0.28,0.0,,,,,,J-10C
j_11,0.0,,,,,,26.0,67.95,2.48,3.88,0.0,0.0,3.0,,,,,,J-11
j_11a,0.0,,,,,,77.0,20.29,1.34,1.74,0.05,0.1,7.0,,,2.0,,0.0,J-11A
j_11b,0.0,,,,,,99.0,55.26,1.71,1.46,0.3,0.2,0.0,,,,,,J-11B
j_15t,0.0,,,,,,87.0,57.9,1.33,1.48,0.64,0.46,0.0,,,,,,J-15T
j_22m1a,0.0,,,,,,0.0,,,,,,0.0,,,,,,J-22M1A
mig-17_china,0.0,,,,,,0.0,,,,,,0.0,,,,,,J-4
mig-19j_6a,0.0,,,,,,1.0,100.0,2.0,2.0,0.0,0.0,0.0,,,,,,J-6A
j_7_mk2,0.0,,,,,,4.0,50.0,1.0,2.0,0.5,1.0,0.0,,,,,,J-7II
j_8f,0.0,,,,,,8.0,100.0,1.0,1.0,0.0,0.0,0.0,,,,,,J-8F
j1n1_mod11_early,0.0,,,,,,0.0,,,,,,0.0,,,,,,J1N1
saab_j21ra,0.0,,,,,,0.0,,,,,,0.0,,,,,,J21RA
saab_j29a,0.0,,,,,,5.0,100.0,2.0,,2.0,,0.0,,,,,,J29A
saab_j29d,0.0,,,,,,0.0,,,,,,0.0,,,,,,J29D
saab_j29f,0.0,,,,,,0.0,,,,,,17.0,,,,,,J29F
j2m5_30mm,0.0,,,,,,56.0,82.67,0.56,0.75,1.21,1.31,0.0,,,,,,J2M5
saab_j32b,0.0,,,,,,0.0,,,,,,0.0,,,,,,J32B
hunter_f50_sweden,0.0,,,,,,4.0,,,1.0,,2.0,0.0,,,,,,J34
saab_j35a,0.0,,,,,,23.0,100.0,3.04,3.04,0.0,0.0,0.0,,,,,,J35A
saab_j35d,0.0,,,,,,12.0,50.0,1.0,2.0,0.0,0.0,14.0,,,1.0,,0.0,J35D
j6b,0.0,,,,,,0.0,,,,,,0.0,,,,,,J6B
j9_early,0.0,,,,,,12.0,100.0,2.0,2.0,1.0,1.0,0.0,,,,,,J9_Early
saab_ja37,0.0,,,,,,270.0,67.21,1.78,2.32,0.26,0.32,0.0,,,,,,JA37C
saab_ja37d,0.0,,,,,,136.0,49.05,1.19,1.31,0.1,0.1,0.0,,,,,,JA37D
saab_ja37di,0.0,,,,,,14.0,,,0.0,,0.0,0.0,,,,,,JA37DI
saab_ja37di_f21,0.0,,,,,,173.0,47.0,1.93,2.0,0.08,0.07,0.0,,,,,,JA37DI_F21
germ_jaguar_2,0.0,,,,,,147.0,33.33,0.0,0.0,2.14,1.38,0.0,,,,,,Jaguar_2
jaguar_a,0.0,,,,,,48.0,76.19,0.0,0.0,1.13,1.21,0.0,,,,,,Jaguar_A
jaguar_e,0.0,,,,,,0.0,,,,,,0.0,,,,,,Jaguar_E
jaguar_gr1a,0.0,,,,,,33.0,0.0,0.0,0.05,2.2,2.29,0.0,,,,,,Jaguar_GR.1A
jaguar_is,0.0,,,,,,33.0,75.0,0.75,1.0,0.0,0.0,13.0,9.09,0.09,0.18,1.0,1.18,Jaguar_IS
germ_sk105_a2,0.0,,,,,,206.0,46.87,0.0,0.0,3.58,1.26,0.0,,,,,,JaPz.K_A2
saab_jas39a,0.0,,,,,,131.0,42.06,0.82,1.05,0.78,0.95,0.0,,,,,,JAS39A
saab_jas39c,0.0,,,,,,69.0,45.4,1.09,1.62,0.29,0.57,0.0,,,,,,JAS39C
saab_jas39c_thailand,0.0,,,,,,43.0,72.92,1.0,1.22,0.09,0.14,0.0,,,,,,JAS39C
saab_jas39d,0.0,,,,,,13.0,100.0,0.0,0.0,0.0,0.0,0.0,,,,,,JAS39D
saab_jas39e,0.0,,,,,,365.0,55.31,1.12,1.06,0.78,0.77,0.0,,,,,,JAS39E
jf_17,0.0,,,,,,142.0,50.64,1.04,1.2,0.43,0.54,3.0,,,1.0,,0.0,JF-17
jh_7,0.0,,,,,,0.0,,,,,,0.0,,,,,,JH-7
jh_7a,0.0,,,,,,60.0,69.05,0.8,0.98,0.7,0.83,3.0,,,0.0,,4.0,JH-7A
jh_7a_prototype,0.0,,,,,,36.0,94.74,0.05,0.08,2.05,2.33,0.0,,,,,,JH-7A_Prototype
jh_7a2,,,,,,,,,,,,,,,,,,,JH-7A2
ju-388j,0.0,,,,,,0.0,,,,,,0.0,,,,,,Ju_388_J
ju-87b-2,0.0,,,,,,16.0,,,0.0,,1.33,0.0,,,,,,Ju_87_B-2
ju-87d-3_italy,0.0,,,,,,4.0,,,0.0,,0.0,0.0,,,,,,Ju_87_D-3
ju-87g_1,0.0,,,,,,0.0,,,,,,0.0,,,,,,Ju_87_G-1
ju-87g_2,0.0,,,,,,0.0,,,,,,0.0,,,,,,Ju_87_G-2
ju-87r-2,0.0,,,,,,21.0,100.0,1.0,1.0,3.0,2.29,0.0,,,,,,Ju_87_R-2
ju-87r-2_italy,0.0,,,,,,6.0,0.0,0.0,0.0,0.0,0.0,0.0,,,,,,Ju_87_R-2
ju-87r-2_snake,0.0,,,,,,11.0,100.0,0.0,0.0,0.36,0.36,0.0,,,,,,Ju_87_R-2_Libya
jp_type_2_ka_mi,0.0,,,,,,44.0,50.0,0.0,0.0,3.5,7.0,0.0,,,,,,Ka-Mi
it_kf_41,0.0,,,,,,53.0,,,0.0,,1.33,0.0,,,,,,KF41
kfir_c2,0.0,,,,,,14.0,50.0,0.5,0.5,0.0,0.0,15.0,,,1.0,,0.0,Kfir_C.2
kfir_c7,0.0,,,,,,21.0,33.33,0.7,1.0,0.7,1.0,0.0,,,,,,Kfir_C.7
kfir_canard,0.0,,,,,,22.0,0.0,1.0,1.0,3.0,3.0,8.0,,,,,,Kfir_Canard
ussr_9p157,0.0,,,,,,141.0,24.71,0.0,0.0,2.32,1.18,0.0,,,,,,Khrizantema-S
ki_10_2_commander,0.0,,,,,,0.0,,,,,,0.0,,,,,,Ki-10-II_C
ki_100_2,0.0,,,,,,73.0,81.25,1.56,0.87,1.63,1.19,0.0,,,,,,Ki-100-II
ki_102_otsu,0.0,,,,,,0.0,,,,,,0.0,,,,,,Ki-102_otsu
ki_108,0.0,,,,,,0.0,,,,,,0.0,,,,,,Ki-108_Kai
ki_109,0.0,,,,,,60.0,52.27,0.0,0.0,3.18,6.18,0.0,,,,,,Ki-109
j8m1,0.0,,,,,,132.0,58.28,1.29,5.66,0.24,1.0,0.0,,,,,,Ki-200
ki_21_1ko,0.0,,,,,,0.0,,,,,,0.0,,,,,,Ki-21-Ia
ki_32,0.0,,,,,,0.0,,,,,,0.0,,,,,,Ki-32
ki-45_hei,0.0,,,,,,0.0,,,,,,0.0,,,,,,Ki-45_hei
ki-45_ko,0.0,,,,,,0.0,,,,,,0.0,,,,,,Ki-45_ko
ki-45_otsu,0.0,,,,,,0.0,,,,,,0.0,,,,,,Ki-45_otsu
ki-45_tei,0.0,,,,,,1.0,,,0.0,,2.0,0.0,,,,,,Ki-45_tei
ki_48_2_otsu,0.0,,,,,,0.0,,,,,,0.0,,,,,,Ki-48-II_otsu
ki-49_1,0.0,,,,,,0.0,,,,,,0.0,,,,,,Ki-49-I
ki-49_2a,0.0,,,,,,0.0,,,,,,0.0,,,,,,Ki-49-IIa
ki-49_2b_late,0.0,,,,,,0.0,,,,,,0.0,,,,,,Ki-49-IIb/L
ki_67_1_ko,0.0,,,,,,0.0,,,,,,0.0,,,,,,Ki-67-I_Ko
ki_87,0.0,,,,,,11.0,100.0,0.0,0.0,1.0,1.0,0.0,,,,,,Ki-87
ki_94_2,0.0,,,,,,7.0,,,,,,0.0,,,,,,Ki-94-II
ki-96,0.0,,,,,,2.0,,,,,,0.0,,,,,,Ki-96
kitsuka,0.0,,,,,,119.0,71.53,0.0,0.0,2.28,2.06,0.0,,,,,,Kikka
kor_1,,,,,,,,,,,,,,,,,,,KOR-1
f-4e_iaf,0.0,,,,,,12.0,100.0,1.33,1.33,3.5,3.5,15.0,,,0.0,,1.0,Kurnass
f-4e_kurnass_2000,0.0,,,,,,1.0,100.0,2.0,,1.0,,0.0,,,,,,Kurnass_2000
l_39za,0.0,,,,,,143.0,76.39,0.4,0.15,2.15,1.15,17.0,,,0.0,,1.0,L-39ZA_Albatros
l_39za_art_thailand,0.0,,,,,,1.0,100.0,1.0,1.0,5.0,5.0,0.0,,,,,,L-39ZA/ART_Albatros
it_l3_cc,0.0,,,,,,8.0,,,0.0,,0.0,0.0,,,,,,L3/33_CC
it_l6,0.0,,,,,,0.0,,,,,,0.0,,,,,,L6/40
it_l6_leone,0.0,,,,,,0.0,,,,,,0.0,,,,,,L6/40_(31_Rgt.)
la-11,0.0,,,,,,0.0,,,,,,0.0,,,,,,La-11
lagg-3-23,0.0,,,,,,0.0,,,,,,0.0,,,,,,LaGG-3-23
lagg-3-4,0.0,,,,,,0.0,,,,,,0.0,,,,,,LaGG-3-4
lancaster_mk1,0.0,,,,,,9.0,100.0,0.0,0.0,0.0,0.0,0.0,,,,,,Lancaster_B_Mk_I
lancaster_mk3,0.0,,,,,,25.0,30.0,0.0,0.0,0.7,1.4,0.0,,,,,,Lancaster_B_Mk_III
it_lancia3ro_100,0.0,,,,,,0.0,,,,,,0.0,,,,,,Lancia_3Ro_(100/17)
late_298d,0.0,,,,,,0.0,,,,,,0.0,,,,,,Late_298D
fr_leclerc_sxxi,0.0,,,,,,282.0,52.17,0.0,0.0,2.39,1.51,0.0,,,,,,Leclerc_SXXI
leo_451_early,0.0,,,,,,0.0,,,,,,0.0,,,,,,LeO_451_early
it_leopard_1a5,0.0,,,,,,609.0,69.34,0.0,0.0,2.59,2.35,0.0,,,,,,Leopard_1A5
fr_leopard_1a5be,,,,,,,,,,,,,,,,,,,Leopard_1A5BE
sw_leopard_2a4_fin,0.0,,,,,,278.0,40.31,0.0,0.0,1.95,1.35,0.0,,,,,,Leopard_2A4
fr_leopard_2a4nl,0.0,,,,,,328.0,41.28,0.0,0.0,1.64,1.32,0.0,,,,,,Leopard_2A4NL
jp_leopard_2ri,0.0,,,,,,0.0,,,,,,0.0,,,,,,Leopard_2RI
uk_vickers_mk_6_aa_mk_1,0.0,,,,,,0.0,,,,,,0.0,,,,,,Light_AA_Mk_I
lightning_f53,0.0,,,,,,0.0,,,,,,0.0,,,,,,Lightning_F.53
lincoln_b2,0.0,,,,,,2.0,100.0,0.0,,1.0,,0.0,,,,,,Lincoln_B_Mk_II
fr_lorraine_155,0.0,,,,,,9.0,,,0.0,,1.0,0.0,,,,,,Lorraine_155_Mle.50
fr_lorraine_37l,0.0,,,,,,9.0,,,,,,0.0,,,,,,Lorraine_37L
us_losat_ccv,0.0,,,,,,41.0,21.74,0.0,0.0,1.17,0.67,0.0,,,,,,LOSAT
sw_lvrbv_701,0.0,,,,,,41.0,62.5,0.64,2.0,0.0,0.0,0.0,,,,,,Lvrbv_701
us_lvt_a_4,0.0,,,,,,0.0,,,,,,0.0,,,,,,LVT(A)(4)
us_lvt_4_zis_2,0.0,,,,,,0.0,,,,,,0.0,,,,,,LVT(A)(4)_(ZIS-2)
cn_lvt_4_zis_2,0.0,,,,,,0.0,,,,,,0.0,,,,,,LVT(A)(4)_(ZiS-2)
fr_lvt_bofors,0.0,,,,,,12.0,,,0.0,,1.0,0.0,,,,,,LVT-4/40
m_346fa,,,,,,,,,,,,,,,,,,,M-346FA
mb_151c1,0.0,,,,,,0.0,,,,,,0.0,,,,,,M.B.151C.1
mb_152c1,0.0,,,,,,0.0,,,,,,0.0,,,,,,M.B.152C1
mb_162,0.0,,,,,,0.0,,,,,,0.0,,,,,,M.B.162
mb_174_a3,0.0,,,,,,0.0,,,,,,0.0,,,,,,M.B.174A-3
mb_175t,0.0,,,,,,0.0,,,,,,0.0,,,,,,M.B.175T
md_450b_barougan,0.0,,,,,,4.0,50.0,0.0,0.0,0.5,1.0,0.0,,,,,,M.D.450B_Barougan
md_450b_ouragan,0.0,,,,,,86.0,100.0,0.07,0.13,0.98,1.91,0.0,,,,,,M.D.450B_Ouragan
md_452_mystere_2a,0.0,,,,,,7.0,50.0,0.5,1.0,1.0,2.0,0.0,,,,,,M.D.452_IIA
md_452_mystere_2c_preproduction,0.0,,,,,,18.0,,,,,,0.0,,,,,,M.D.452_IIC
us_m103,0.0,,,,,,274.0,62.16,0.0,0.0,2.76,1.74,0.0,,,,,,M103
germ_m109g,0.0,,,,,,67.0,0.0,0.0,0.0,0.74,0.36,0.0,,,,,,M109G
it_m11_39,0.0,,,,,,0.0,,,,,,0.0,,,,,,M11/39
it_m113a1_tow,0.0,,,,,,23.0,80.0,0.0,0.0,0.8,0.57,0.0,,,,,,M113A1_(TOW)
us_halftrack_m13,0.0,,,,,,1.0,,,0.0,,0.0,0.0,,,,,,M13_MGMC
it_m13_40_serie_2,0.0,,,,,,0.0,,,,,,0.0,,,,,,M13/40_(II)
it_m13_40_serie_3,0.0,,,,,,10.0,,,0.0,,1.0,0.0,,,,,,M13/40_(III)
it_m14_41,0.0,,,,,,0.0,,,,,,0.0,,,,,,M14/41
it_m14_41_47_40,0.0,,,,,,20.0,,,0.0,,1.0,0.0,,,,,,M14/41_(47/40)
us_halftrack_m15,0.0,,,,,,0.0,,,,,,0.0,,,,,,M15_CGMC
it_m15_42,0.0,,,,,,27.0,100.0,0.0,0.0,1.0,1.0,0.0,,,,,,M15/42
us_m163_vulcan,0.0,,,,,,271.0,50.37,0.61,0.61,0.0,0.0,0.0,,,,,,M163
jp_m163_vulcan,0.0,,,,,,185.0,67.28,0.73,1.08,0.16,0.25,0.0,,,,,,M163
jp_m19,0.0,,,,,,57.0,0.0,1.53,1.04,0.0,0.0,0.0,,,,,,M19A1
uk_m1a1_aim_abrams,,,,,,,,,,,,,,,,,,,M1A1
us_m1a1_aim_abrams,0.0,,,,,,1013.0,52.09,0.0,0.0,1.84,1.71,3.0,,,0.0,,0.0,M1A1_AIM
uk_m1a2_sep3_abrams,,,,,,,,,,,,,,,,,,,M1A2
us_m1a2_sep2_abrams_trophy,0.0,,,,,,2.0,,,0.0,,1.0,0.0,,,,,,M1A2_(Trophy-HV)
us_m1a2_sep3_abrams,0.0,,,,,,1.0,,,0.0,,2.0,0.0,,,,,,M1A2_SEPv3
us_m24_chaffee_tl,0.0,,,,,,36.0,56.14,0.0,0.0,1.12,1.84,0.0,,,,,,M24_(TL)
us_m2a2,0.0,,,,,,0.0,,,,,,0.0,,,,,,M2A2
ussr_m3c,0.0,,,,,,0.0,,,,,,0.0,,,,,,M3_Medium
us_m3a1_stuart_usmc,0.0,,,,,,16.0,100.0,0.0,0.0,6.0,6.0,0.0,,,,,,M3A1_(USMC)
fr_m3a3_stuart,0.0,,,,,,57.0,77.08,0.0,0.0,1.38,1.0,0.0,,,,,,M3A3_Stuart
us_m4_sherman_promo,0.0,,,,,,34.0,100.0,0.0,0.0,3.78,2.37,0.0,,,,,,M4
cn_m_41d,0.0,,,,,,0.0,,,,,,0.0,,,,,,M41D
it_m44,0.0,,,,,,67.0,75.0,0.0,0.0,2.7,1.35,0.0,,,,,,M44
uk_m44,0.0,,,,,,12.0,50.0,0.0,0.0,1.5,1.0,0.0,,,,,,M44
jp_m47_patton_II,1.0,,,0.0,,0.0,215.0,68.97,0.0,0.0,2.55,2.45,0.0,,,,,,M47
it_m47_105,0.0,,,,,,89.0,90.38,0.0,0.0,4.05,1.51,0.0,,,,,,M47_(105/55)
us_m4a2_1944,,,,,,,,,,,,,,,,,,,M4A2_(1944)
fr_m4a3e2_sherman_jumbo,0.0,,,,,,23.0,100.0,0.0,0.0,10.13,10.13,0.0,,,,,,M4A3E2
us_m4a5_ram_2,0.0,,,,,,0.0,,,,,,0.0,,,,,,M4A5
us_m551,0.0,,,,,,490.0,63.16,0.0,0.0,1.33,1.0,0.0,,,,,,M551
us_m551_76,0.0,,,,,,380.0,62.14,0.0,0.0,2.61,1.66,0.0,,,,,,M551(76)
us_m5a1_stuart_td,0.0,,,,,,0.0,,,,,,0.0,,,,,,M5A1_TD
us_m60a3_slep,0.0,,,,,,134.0,60.35,0.0,0.0,3.72,1.85,0.0,,,,,,M60_AMBT
it_m60a1_ariete,0.0,,,,,,0.0,,,,,,0.0,,,,,,"M60A1_""D.C.Ariete"""
us_m60a1,0.0,,,,,,298.0,60.33,0.0,0.0,2.67,1.57,0.0,,,,,,M60A1_(AOS)
us_m60a1_rise_mod,,,,,,,,,,,,,,,,,,,M60A1_Predator
us_m728,0.0,,,,,,17.0,100.0,0.0,0.0,3.0,2.71,0.0,,,,,,M728_CEV
us_m8_scott,0.0,,,,,,0.0,,,,,,0.0,,,,,,M8_HMC
us_m8_greyhound,0.0,,,,,,0.0,,,,,,0.0,,,,,,M8_LAC
us_m901_itv,0.0,,,,,,20.0,100.0,0.0,,1.0,,0.0,,,,,,M901
il_machbet,0.0,,,,,,41.0,88.24,0.0,0.0,0.0,0.0,0.0,,,,,,Machbet
us_magach_3,0.0,,,,,,17.0,,,0.0,,1.0,0.0,,,,,,Magach_3_(ERA)
il_magach_3,0.0,,,,,,47.0,50.0,0.0,0.0,2.5,2.61,0.0,,,,,,Magach_3_(ERA)
il_magach_6,0.0,,,,,,49.0,50.0,0.0,0.0,1.25,2.1,0.0,,,,,,Magach_6
il_magach_6a,0.0,,,,,,52.0,50.0,0.0,0.0,1.74,1.86,0.0,,,,,,Magach_6A
il_magach_6b_gal,0.0,,,,,,57.0,57.29,0.0,0.0,1.31,1.57,0.0,,,,,,Magach_6B_Gal
il_magach_6m,0.0,,,,,,29.0,100.0,0.0,0.0,1.0,2.0,0.0,,,,,,Magach_6M
il_magach_6r,0.0,,,,,,89.0,93.27,0.0,0.0,4.28,3.81,0.0,,,,,,Magach_6R
il_magach_6_rocket,0.0,,,,,,98.0,64.81,0.0,0.0,6.24,2.98,0.0,,,,,,Magach_Hydra
fiat_cr42_marcolin,0.0,,,,,,0.0,,,,,,0.0,,,,,,Marcolin's_C.R.42_CN
fiat_cr42_marcolin_italy,0.0,,,,,,0.0,,,,,,0.0,,,,,,Marcolin's_C.R.42_CN
germ_marder_1a3,0.0,,,,,,350.0,31.79,0.0,0.0,1.75,0.88,0.0,,,,,,Marder_1A3
germ_marder_1a1,0.0,,,,,,469.0,33.82,0.07,0.07,0.79,0.67,0.0,,,,,,Marder_A1-
uk_mark_v,0.0,,,,,,0.0,,,,,,0.0,,,,,,Mark_V
maryland_mk1_france,0.0,,,,,,0.0,,,,,,0.0,,,,,,Martin_167-A3
f4f-4_martlet_mk4,0.0,,,,,,0.0,,,,,,0.0,,,,,,Martlet_Mk_IV
mb_326b,0.0,,,,,,86.0,78.79,0.0,0.0,4.8,3.18,35.0,100.0,0.0,0.0,3.36,2.26,MB-326B
mb_5,0.0,,,,,,0.0,,,,,,13.0,,,,,,MB.5
mbr-2,0.0,,,,,,0.0,,,,,,0.0,,,,,,MBR-2-M-34
me-163b,0.0,,,,,,0.0,,,,,,0.0,,,,,,Me_163_B
me-163b-0,0.0,,,,,,0.0,,,,,,0.0,,,,,,Me_163_B-0
me_210_v22_japan,0.0,,,,,,0.0,,,,,,0.0,,,,,,Me_210_V22
me-262a-1a_early,0.0,,,,,,52.0,39.17,0.08,0.13,1.91,2.8,0.0,,,,,,Me_262_A-1a/Jabo
me-262a1_u1,0.0,,,,,,58.0,43.18,0.64,0.23,1.35,0.42,0.0,,,,,,Me_262_A-1a/U1
me-262a-2a,0.0,,,,,,65.0,46.38,1.35,2.53,1.29,3.12,0.0,,,,,,Me_262_A-2a
me-262c-1a,0.0,,,,,,0.0,,,,,,0.0,,,,,,Me_262_C-1a
me-262c-2b,0.0,,,,,,13.0,87.5,2.36,3.38,0.0,0.0,0.0,,,,,,Me_262_C-2b
me-410b-1_u2,0.0,,,,,,0.0,,,,,,0.0,,,,,,Me_410_B-1/U2
me-410b-2_u4,0.0,,,,,,9.0,72.22,0.28,0.56,1.39,2.11,0.0,,,,,,Me_410_B-2/U4
us_merkava_mk_1,0.0,,,,,,13.0,,,0.0,,3.0,0.0,,,,,,Merkava_Mk.1
us_merkava_mk_2b_late,0.0,,,,,,45.0,0.0,0.0,0.0,4.13,3.36,0.0,,,,,,Merkava_Mk.2B
us_merkava_mk_3d,0.0,,,,,,40.0,50.0,0.0,0.0,3.5,3.81,0.0,,,,,,Merkava_Mk.3D
il_merkava_mk_4_lic,0.0,,,,,,49.0,15.62,0.0,0.0,4.19,5.0,0.0,,,,,,Merkava_Mk.4_LIC
meteor_fmk3,0.0,,,,,,67.0,35.71,0.0,0.0,1.07,1.09,0.0,,,,,,Meteor_F_Mk_3
meteor_fmk4_lw,0.0,,,,,,49.0,92.22,1.24,1.48,2.3,2.53,0.0,,,,,,Meteor_F_Mk_4_G.41F
meteor_fmk4_sw,0.0,,,,,,0.0,,,,,,0.0,,,,,,Meteor_F_Mk_4_G.41G
meteor_fmk8,0.0,,,,,,0.0,,,,,,0.0,,,,,,Meteor_F_Mk_8_G.41K
meteor_fmk8_belgium,0.0,,,,,,17.0,,,2.0,,1.31,0.0,,,,,,Meteor_F_Mk.8
meteor_fmk8_reaper,0.0,,,,,,0.0,,,,,,0.0,,,,,,Meteor_F_Mk.8_Reaper
mig-15bis_ish,0.0,,,,,,176.0,75.39,0.5,0.41,3.07,2.43,0.0,,,,,,MiG-15bis_ISH
mig-17,0.0,,,,,,66.0,53.62,1.67,2.3,1.01,1.33,0.0,,,,,,MiG-17
mig_21_bis_finland,0.0,,,,,,72.0,58.33,0.75,1.0,0.0,0.0,0.0,,,,,,MiG-21bis
mig-21_pfm,0.0,,,,,,0.0,,,,,,0.0,,,,,,MiG-21PFM
mig_27k,0.0,,,,,,0.0,,,,,,19.0,100.0,0.0,0.0,0.23,0.08,MiG-27K
mig_27m,0.0,,,,,,50.0,33.33,0.0,0.0,1.05,1.98,5.0,0.0,0.0,0.0,1.0,1.0,MiG-27M
mig_29_9_12_sniper,0.0,,,,,,86.0,23.03,1.8,1.07,0.68,0.38,40.0,0.0,4.0,1.3,0.0,0.0,MiG-29_Sniper
mig_29n,0.0,,,,,,99.0,50.0,1.26,1.26,0.0,0.0,0.0,,,,,,MiG-29N
mig-9_ussr,0.0,,,,,,8.0,,,,,,0.0,,,,,,MiG-9_(l)
mirage_milan,0.0,,,,,,35.0,,,,,,0.0,,,,,,Milan
mirage_2000c_s4,0.0,,,,,,42.0,30.77,1.23,2.46,0.0,0.0,0.0,,,,,,Mirage_2000C-S4
mirage_2000c_s5,0.0,,,,,,43.0,25.0,2.13,1.56,1.13,0.75,0.0,,,,,,Mirage_2000C-S5
mirage_2000d_r1,0.0,,,,,,0.0,,,,,,0.0,,,,,,Mirage_2000D-R1
mirage_2000d_rmv,0.0,,,,,,0.0,,,,,,0.0,,,,,,Mirage_2000D-RMV
mirage_4000,0.0,,,,,,72.0,80.33,1.91,2.26,0.36,0.51,7.0,,,0.14,,0.0,Mirage_4000
mirage_5ba,0.0,,,,,,3.0,,,,,,0.0,,,,,,Mirage_5BA
mirage_5f,0.0,,,,,,0.0,,,,,,0.0,,,,,,Mirage_5F
mirage_f1c,0.0,,,,,,20.0,37.5,1.0,0.35,0.0,0.0,0.0,,,,,,Mirage_F1C
mirage_f1ct,0.0,,,,,,0.0,,,,,,28.0,,,1.89,,0.0,Mirage_F1CT
mirage_3e,0.0,,,,,,6.0,,,,,,0.0,,,,,,Mirage_IIIE
ussr_a_12_mk_2_matilda_2A_F96,0.0,,,,,,46.0,65.95,0.0,0.0,5.41,8.33,0.0,,,,,,MK-II_«Matilda»
germ_mkpz_m47,0.0,,,,,,6.0,,,,,,0.0,,,,,,mKPz_M47_G
mosquito_fb_mk18,0.0,,,,,,7.0,,,,,,0.0,,,,,,Mosquito_FB_Mk_XVIII
mosquito_b_mk16,0.0,,,,,,10.0,,,0.0,,0.0,0.0,,,,,,Mosquito_B.Mk.XVI
nc_223_3,0.0,,,,,,0.0,,,,,,0.0,,,,,,N.C.223.3
n1k1_kyuofu,0.0,,,,,,0.0,,,,,,0.0,,,,,,N1K1
n1k1_ja,0.0,,,,,,0.0,,,,,,0.0,,,,,,N1K1-Ja
n1k2_jko,0.0,,,,,,0.0,,,,,,0.0,,,,,,N1K2-Ja
il_namer_rcws_30,0.0,,,,,,131.0,34.67,0.0,0.0,0.74,0.89,0.0,,,,,,Namer_30
il_namer_tsrikhon,0.0,,,,,,51.0,100.0,0.0,0.0,4.07,1.82,0.0,,,,,,Namer_Tsrikhon
sw_nasams_fcs,0.0,,,,,,56.0,14.29,1.44,1.3,0.0,0.0,0.0,,,,,,NASAMS_3_(СОЦ)
fw-190a-8_france,0.0,,,,,,18.0,50.0,1.41,1.73,1.18,1.64,0.0,,,,,,NC.900
nesher,0.0,,,,,,4.0,50.0,0.5,1.0,0.0,0.0,0.0,,,,,,Nesher
f_16a_block_10_netz_mod,0.0,,,,,,503.0,52.95,1.04,1.4,0.22,0.24,67.0,,,0.9,,0.15,Netz_(Mod)
nimrod_mk1,0.0,,,,,,0.0,,,,,,0.0,,,,,,Nimrod_Mk_I
nimrod_mk2,0.0,,,,,,0.0,,,,,,0.0,,,,,,Nimrod_Mk_II
cn_object_122tm,0.0,,,,,,221.0,58.47,0.0,0.0,3.8,2.64,1.0,,,,,,"Object_122MT_""MC"""
cn_object_211,0.0,,,,,,117.0,51.11,0.0,0.0,1.76,1.59,0.0,,,,,,Object_211
ussr_object_775,0.0,,,,,,213.0,52.33,0.0,0.0,2.62,1.83,0.0,,,,,,Object_775
uk_olifant_mk_1a,0.0,,,,,,483.0,61.18,0.04,0.04,4.17,4.92,0.0,,,,,,Olifant_Mk.1A
os2u_1,0.0,,,,,,0.0,,,,,,0.0,,,,,,OS2U-1
os2u_3,0.0,,,,,,0.0,,,,,,0.0,,,,,,OS2U-3
uk_9a33bm2,0.0,,,,,,28.0,41.18,1.0,2.0,0.0,0.0,0.0,,,,,,Osa-AK
it_9a33bm3,0.0,,,,,,0.0,,,,,,0.0,,,,,,Osa-AKM
germ_wiesel_2_adwc,0.0,,,,,,153.0,27.94,1.61,2.32,0.0,0.0,0.0,,,,,,Ozelot
p-26a_33,0.0,,,,,,0.0,,,,,,0.0,,,,,,P-26A-33
p-26a_34,0.0,,,,,,0.0,,,,,,0.0,,,,,,P-26A-34
p-38k,0.0,,,,,,17.0,100.0,2.47,,2.0,,0.0,,,,,,P-38K
p-39q_15,0.0,,,,,,0.0,,,,,,0.0,,,,,,P-39Q-15
p-40c,0.0,,,,,,0.0,,,,,,0.0,,,,,,P-40C
p-40e,0.0,,,,,,42.0,100.0,0.0,0.0,0.0,0.0,0.0,,,,,,P-40E-1
p-40e_td,0.0,,,,,,0.0,,,,,,0.0,,,,,,P-40E-1_TD
p-40f-5_france_ep,0.0,,,,,,8.0,,,1.0,,1.0,0.0,,,,,,P-40F-5_Lafayette
p-43a-1,0.0,,,,,,0.0,,,,,,0.0,,,,,,P-43A-1
p-47d_16_re_germany,0.0,,,,,,0.0,,,,,,0.0,,,,,,P-47D-16-RE
p-51a_tl,0.0,,,,,,20.0,25.0,0.75,0.86,0.83,1.07,0.0,,,,,,P-51A
p-51c-11-nt_japan,0.0,,,,,,13.0,100.0,2.0,,2.0,,0.0,,,,,,P-51C-11-NT
p-59a,0.0,,,,,,76.0,81.33,0.66,0.67,0.28,0.29,0.0,,,,,,P-59A
p_108b_serie1,0.0,,,,,,0.0,,,,,,0.0,,,,,,P.108B_serie_1
fr_citroen_kegresse_p4t,0.0,,,,,,0.0,,,,,,0.0,,,,,,P.7.T_AA
p1y1_mod11,0.0,,,,,,28.0,100.0,0.0,,0.0,,0.0,,,,,,P1Y1_mod._11
it_p_40,0.0,,,,,,44.0,50.0,0.0,0.0,3.29,4.02,29.0,100.0,0.0,0.0,1.0,1.0,P40
d_510,0.0,,,,,,0.0,,,,,,0.0,,,,,,Pallier's_D.510
it_palmaria,,,,,,,,,,,,,,,,,,,Palmaria
pb4y-2_france,0.0,,,,,,0.0,,,,,,0.0,,,,,,PB4Y-2
pbm_3,0.0,,,,,,0.0,,,,,,0.0,,,,,,"PBM-3_""Mariner"""
sw_pbv_301,0.0,,,,,,45.0,0.0,0.45,0.3,0.48,0.2,0.0,,,,,,Pbv_301
sw_pbv_302_bill,0.0,,,,,,98.0,50.0,0.0,0.0,1.32,1.53,0.0,,,,,,Pbv_302_(BILL)
pby-5a_late_france,0.0,,,,,,0.0,,,,,,0.0,,,,,,PBY-5A_Late
pe-2-1,0.0,,,,,,0.0,,,,,,0.0,,,,,,Pe-2-1
cn_pgz_04a,0.0,,,,,,116.0,51.28,0.7,1.06,0.2,0.24,0.0,,,,,,PGZ04A
cn_pgz_88,0.0,,,,,,0.0,,,,,,0.0,,,,,,PGZ88
cn_type_65_aa,0.0,,,,,,79.0,66.03,0.0,0.0,0.0,0.0,0.0,,,,,,Phòng_không_T-34
ussr_type_65_aa,0.0,,,,,,11.0,,,0.0,,0.0,0.0,,,,,,Phòng_không_T-34
spitfire_ix_plagis,0.0,,,,,,32.0,100.0,2.0,0.81,2.0,0.81,20.0,,,,,,Plagis'_Spitfire_LF_Mk_IXc
cn_plz_83,0.0,,,,,,43.0,25.0,0.0,0.0,1.33,0.95,1.0,,,,,,PLZ83
cn_plz_83_130,0.0,,,,,,60.0,,,0.0,,2.67,0.0,,,,,,PLZ83-130
po-2,0.0,,,,,,0.0,,,,,,0.0,,,,,,Po-2
po-2_nw,,,,,,,,,,,,,,,,,,,Po-2_Night_Witch
po-2m,0.0,,,,,,0.0,,,,,,0.0,,,,,,Po-2M
potez_630,0.0,,,,,,0.0,,,,,,0.0,,,,,,Potez_630
potez_631,0.0,,,,,,0.0,,,,,,0.0,,,,,,Potez_631
potez_633,0.0,,,,,,0.0,,,,,,0.0,,,,,,Potez_633
spitfire_fr_mk14e,0.0,,,,,,0.0,,,,,,0.0,,,,,,Prendergast's_Spitfire_FR_Mk_XIVe
germ_leopard_2_pt14,0.0,,,,,,40.0,68.18,0.0,0.0,4.09,4.09,0.0,,,,,,PT-16/T14_mod.
ussr_pt_76_57,0.0,,,,,,137.0,70.39,0.0,0.0,3.51,2.19,1.0,,,,,,PT-76-57
cn_ptl_02,0.0,,,,,,165.0,52.56,0.0,0.0,1.53,1.24,0.0,,,,,,PTL02
cn_ptz_89,0.0,,,,,,144.0,45.64,0.0,0.0,2.23,1.51,0.0,,,,,,PTZ89
germ_schutzenpanzer_puma,0.0,,,,,,229.0,48.7,0.01,0.0,2.4,1.15,0.0,,,,,,PUMA
germ_schutzenpanzer_puma_vjtf_mod,,,,,,,,,,,,,,,,,,,Puma_u14
germ_schutzenpanzer_puma_vjtf,0.0,,,,,,367.0,36.0,0.0,0.0,1.2,0.89,10.0,0.0,0.0,0.0,0.0,1.56,PUMA_VJTF
sw_pvlvv_fm42,0.0,,,,,,8.0,,,0.0,,1.88,0.0,,,,,,Pvlvv_fm/42
sw_pvrbv_551,0.0,,,,,,100.0,41.67,0.0,0.0,2.05,1.55,0.0,,,,,,Pvrbv_551
germ_pzkpfw_38t_ausf_F,0.0,,,,,,0.0,,,,,,0.0,,,,,,Pz.38(t)_F
germ_pzkpfw_II_ausf_C_td,0.0,,,,,,0.0,,,,,,0.0,,,,,,Pz.II_C_TD
germ_pzkpfw_III_ausf_J_td,0.0,,,,,,0.0,,,,,,0.0,,,,,,Pz.III_J1_TD
germ_pzkpfw_III_ausf_J,0.0,,,,,,18.0,,,0.0,,3.3,0.0,,,,,,Pz.III_J1
germ_pzkpfw_III_ausf_L,0.0,,,,,,35.0,,,0.0,,0.88,35.0,87.5,0.0,0.0,1.75,0.85,Pz.III_L
germ_pzkpfw_II_ausf_C,0.0,,,,,,0.0,,,,,,0.0,,,,,,Pz.II_C
germ_pzkpfw_II_ausf_F,0.0,,,,,,0.0,,,,,,0.0,,,,,,Pz.II_F
germ_pzkpfw_II_ausf_H,0.0,,,,,,14.0,,,0.0,,0.57,0.0,,,,,,Pz.II_H
germ_pzkpfw_II_ausf_C_DAK,0.0,,,,,,22.0,,,0.0,,3.38,0.0,,,,,,Pz.II_С_(DAK)
germ_amd_35_kwk,0.0,,,,,,12.0,100.0,0.0,0.0,10.5,3.35,0.0,,,,,,Pz.Sp.Wg.P204(f)_KwK
germ_amd_35_kwk39,0.0,,,,,,11.0,100.0,0.0,0.0,2.64,2.64,0.0,,,,,,Pz.Sp.Wg.P204(f)_PaK
q_5_early,0.0,,,,,,0.0,,,,,,0.0,,,,,,Q-5_early
q_5l,0.0,,,,,,52.0,68.42,0.0,0.0,2.34,2.76,3.0,,,0.0,,0.0,Q-5L
quing_6,0.0,,,,,,0.0,,,,,,0.0,,,,,,Qing-6
cn_qn506,0.0,,,,,,87.0,64.0,0.0,0.0,1.38,0.94,0.0,,,,,,QN506
fr_renault_r39,0.0,,,,,,0.0,,,,,,0.0,,,,,,R.35_(SA38)
r2y2_v1,0.0,,,,,,4.0,100.0,0.0,0.0,1.0,1.0,0.0,,,,,,R2Y2_Kai_V1
r2y2_v2,0.0,,,,,,12.0,100.0,0.0,0.0,1.67,1.55,0.0,,,,,,R2Y2_Kai_V2
r2y2_kai,0.0,,,,,,24.0,,,0.0,,1.5,0.0,,,,,,R2Y2_Kai_V3
it_oto_r3_t20_fa,0.0,,,,,,97.0,83.33,0.24,0.16,0.39,0.3,0.0,,,,,,R3_T20_FA-HS
germ_raketenjagdpanzer_2,0.0,,,,,,27.0,,,0.0,,0.0,0.0,,,,,,RakJPz_2
germ_raketenjagdpanzer_2_hot,0.0,,,,,,18.0,,,0.0,,0.0,1.0,,,0.0,,0.0,RakJPz_2_(HOT)
uk_cruiser_ram_1,0.0,,,,,,51.0,97.06,0.0,0.0,4.82,2.97,0.0,,,,,,Ram_I
uk_tracked_rapier,0.0,,,,,,58.0,,,1.05,,0.0,0.0,,,,,,Rapier
p-36a_rasmussen,0.0,,,,,,0.0,,,,,,0.0,,,,,,Rasmussen's_P-36A
uk_ratel_20,0.0,,,,,,72.0,55.45,0.0,0.0,0.79,0.82,0.0,,,,,,Ratel_20
re_2000_int,0.0,,,,,,0.0,,,,,,0.0,,,,,,Re.2000_serie_1
re_2001_cb,0.0,,,,,,19.0,,,,,,0.0,,,,,,Re.2001_CB
re_2001_cn,0.0,,,,,,21.0,100.0,3.0,0.0,2.0,0.0,0.0,,,,,,Re.2001_CN
jp_type_95_heavy,0.0,,,,,,0.0,,,,,,0.0,,,,,,Ro-Go
jp_hiro_sha,0.0,,,,,,12.0,,,0.0,,0.0,0.0,,,,,,Ro-Go_Exp.
ro_43,,,,,,,,,,,,,,,,,,,Ro.43
ro_44,0.0,,,,,,0.0,,,,,,0.0,,,,,,Ro.44
ro_57_quadriarma,0.0,,,,,,0.0,,,,,,0.0,,,,,,Ro.57_Quadriarma
fr_amx_30_roland,0.0,,,,,,95.0,26.75,0.78,0.97,0.0,0.0,0.0,,,,,,Roland_1
uk_rooikat_105_td,0.0,,,,,,329.0,55.71,0.0,0.0,3.03,2.06,0.0,,,,,,Rooikat_105
uk_rooikat_76,0.0,,,,,,244.0,53.83,0.0,0.0,2.19,1.82,0.0,,,,,,Rooikat_Mk.1D
uk_rooikat_mttd,0.0,,,,,,131.0,85.56,0.0,0.0,4.83,2.5,0.0,,,,,,Rooikat_MTTD
fr_somua_s35,0.0,,,,,,0.0,,,,,,0.0,,,,,,S.35
s_81_ar125,0.0,,,,,,20.0,,,,,,0.0,,,,,,S.81
sm_79_1941,0.0,,,,,,0.0,,,,,,0.0,,,,,,S.M.79_AS
sm_79_1941_italy,0.0,,,,,,0.0,,,,,,0.0,,,,,,S.M.79_AS
sm_79_iar,0.0,,,,,,0.0,,,,,,0.0,,,,,,S.M.79_B
sm_79_iar_italy,0.0,,,,,,0.0,,,,,,0.0,,,,,,S.M.79_B
sm_79_1942,0.0,,,,,,0.0,,,,,,0.0,,,,,,S.M.79_bis/N
sm_79_1943,0.0,,,,,,0.0,,,,,,0.0,,,,,,S.M.79_bis/T.M
sm_79_1943_italy,0.0,,,,,,0.0,,,,,,0.0,,,,,,S.M.79_bis/T.M
sm_79_1936,0.0,,,,,,0.0,,,,,,0.0,,,,,,S.M.79_serie_1
sm_79_1936_italy,0.0,,,,,,0.0,,,,,,0.0,,,,,,S.M.79_serie_1
sm_79_1937,0.0,,,,,,0.0,,,,,,0.0,,,,,,S.M.79_serie_4
sm_79_1939,0.0,,,,,,0.0,,,,,,0.0,,,,,,S.M.79_serie_8
so_4050_vautour_2n,0.0,,,,,,0.0,,,,,,0.0,,,,,,S.O.4050_Vautour_IIN
so_4050_vautour_2n_late,0.0,,,,,,94.0,84.67,2.81,4.24,0.0,0.0,0.0,,,,,,S.O.4050_Vautour_IIN_(late)
so_8000_narval,0.0,,,,,,30.0,93.33,0.8,0.93,0.53,0.57,0.0,,,,,,S.O.8000_Narval
saab_b17bs,0.0,,,,,,0.0,,,,,,0.0,,,,,,S17BS
md_460_saar,0.0,,,,,,0.0,,,,,,0.0,,,,,,Sa'ar
saab_f35_wdns,0.0,,,,,,21.0,0.0,0.0,0.24,0.0,0.0,0.0,,,,,,Saab_F-35
saab_j35xs,0.0,,,,,,142.0,61.74,2.95,3.69,0.66,0.6,0.0,,,,,,Saab_J35XS
saab_105g,0.0,,,,,,178.0,72.09,0.18,0.2,3.02,2.72,0.0,,,,,,SAAB-105G
saab_105oe,0.0,,,,,,0.0,,,,,,0.0,,,,,,SAAB-105OE
sagittario_2,0.0,,,,,,42.0,100.0,3.5,3.82,2.43,2.06,17.0,,,3.71,,0.0,Sagittario_2
md_460_sambad,0.0,,,,,,0.0,,,,,,0.0,,,,,,Sambad
uk_sarc_mk4_a,0.0,,,,,,0.0,,,,,,0.0,,,,,,SARC_MkIVa
uk_marmon_herrington_mk_6_6pdr,0.0,,,,,,45.0,24.07,0.0,0.0,1.07,1.04,0.0,,,,,,SARC_MkVI_(6pdr)
fr_somua_sau40,0.0,,,,,,0.0,,,,,,0.0,,,,,,SAu_40
sb_2m_100,0.0,,,,,,0.0,,,,,,0.0,,,,,,SB_2M-100
sb_2m_103_mv3,0.0,,,,,,0.0,,,,,,0.0,,,,,,SB_2M-103_MV-3
sb_2m_103u,0.0,,,,,,0.0,,,,,,0.0,,,,,,SB_2M-103U
sb_2m_103u_mv3,0.0,,,,,,0.0,,,,,,0.0,,,,,,SB_2M-103U_MV-3
sb2c_4,0.0,,,,,,4.0,,,,,,0.0,,,,,,SB2C-4
sb2c_5_france,0.0,,,,,,28.0,71.43,0.21,0.28,6.11,4.63,0.0,,,,,,SB2C-5
sb2u-3,0.0,,,,,,0.0,,,,,,0.0,,,,,,SB2U-3
scimitar_f1,0.0,,,,,,27.0,100.0,1.0,0.78,2.0,1.56,0.0,,,,,,Scimitar_F_Mk.1
germ_sdkfz_221_s_pz_b_41,0.0,,,,,,0.0,,,,,,0.0,,,,,,Sd.Kfz.221_(s.Pz.B.41)
germ_sdkfz_222,0.0,,,,,,41.0,0.0,0.0,0.0,2.8,1.76,0.0,,,,,,Sd.Kfz.222
germ_sdkfz_234_2_mod,0.0,,,,,,44.0,70.37,0.0,0.0,3.27,2.22,17.0,,,0.0,,0.35,"Sd.Kfz.234/2_""Biene"""
germ_sdkfz_234_2_td,0.0,,,,,,7.0,,,0.0,,1.0,0.0,,,,,,Sd.Kfz.234/2_TD
germ_sdkfz_234_3,0.0,,,,,,0.0,,,,,,1.0,,,0.0,,1.0,Sd.Kfz.234/3
germ_sdkfz_251_22,0.0,,,,,,11.0,0.0,0.0,0.0,5.0,2.95,0.0,,,,,,Sd.Kfz.251/22
germ_pzkpfw_38t_Aufklarungspanzer,0.0,,,,,,20.0,,,0.0,,2.0,0.0,,,,,,Sd.Kfz._140/1
gladiator_mk2_navy,0.0,,,,,,0.0,,,,,,0.0,,,,,,Sea_Gladiator_Mk_I
sea_hawk_fga6,0.0,,,,,,28.0,,,0.0,,0.0,0.0,,,,,,Sea_Hawk_FGA.6
sea_hawk_fga50_netherlands,0.0,,,,,,257.0,50.59,1.19,1.59,1.09,1.45,11.0,,,3.0,,0.0,Sea_Hawk_Mk.50
meteor_fmk3_navy,0.0,,,,,,68.0,50.0,1.0,1.93,1.1,1.65,0.0,,,,,,Sea_Meteor_F_Mk_3
sea_venom_faw20,0.0,,,,,,0.0,,,,,,0.0,,,,,,Sea_Venom_FAW_20
dh_110_sea_vixen,0.0,,,,,,71.0,88.89,4.01,7.33,0.0,0.0,9.0,100.0,4.2,3.75,0.0,0.0,Sea_Vixen_F.A.W._Mk.2
shackleton_mr_mk_2,0.0,,,,,,0.0,,,,,,0.0,,,,,,Shackleton_MR.Mk.2
mirage_3cj,0.0,,,,,,39.0,100.0,1.86,2.0,0.86,1.0,0.0,,,,,,Shahak
mig-17_f5,0.0,,,,,,10.0,,,1.13,,0.0,0.0,,,,,,Shenyang_F-5
us_m4a3e8_76w_sherman_kit_3rank,0.0,,,,,,322.0,77.72,0.06,0.06,3.64,2.98,0.0,,,,,,Sherman_(Hell)
it_sherman_vc_firefly,0.0,,,,,,68.0,38.46,0.0,0.0,2.62,2.33,0.0,,,,,,Sherman_Vc
il_centurion_shot_kal_alef,0.0,,,,,,61.0,100.0,0.0,0.0,5.0,2.53,0.0,,,,,,Sho't_Kal_Alef
uk_centurion_shot_kal_d,0.0,,,,,,0.0,,,,,,0.0,,,,,,Sho't_Kal_Dalet
ussr_9p149,0.0,,,,,,68.0,67.34,0.0,0.0,1.54,1.6,0.0,,,,,,Shturm-S
it_otobreda_sidam_25_mistral,0.0,,,,,,36.0,93.75,1.0,0.96,0.19,0.13,0.0,,,,,,SIDAM_25_(Mistral)
saab_sk60b,0.0,,,,,,189.0,48.14,0.04,0.04,1.71,2.02,0.0,,,,,,SK60B
us_skink_aa,0.0,,,,,,283.0,45.3,1.27,1.2,0.0,0.0,0.0,,,,,,Skink
uk_skink_aa,0.0,,,,,,40.0,10.0,0.7,0.39,0.0,0.0,0.0,,,,,,Skink
us_skink_aa_kit_3rank,0.0,,,,,,96.0,64.29,1.24,1.54,0.26,0.3,0.0,,,,,,Skink_(Hell)
uk_sky_sabre_fcs,0.0,,,,,,104.0,51.85,2.0,1.7,0.0,0.0,0.0,,,,,,Sky_Sabre_(СОЦ)
jp_type_95_so_ki,0.0,,,,,,25.0,,,,,,0.0,,,,,,So-Ki
soc_1,,,,,,,,,,,,,,,,,,,SOC-1
spitfire_mk18e,0.0,,,,,,0.0,,,,,,0.0,,,,,,Spitfire_F_Mk_XVIIIe
spitfire_mk5b_notrop,0.0,,,,,,0.0,,,,,,22.0,,,2.0,,0.0,Spitfire_Mk_Vb
spitfiremkiia_ep,0.0,,,,,,23.0,100.0,1.24,1.24,0.76,0.76,0.0,,,,,,Spitfire_Mk.IIa_Venture_I
spitfire_lf_mk9c_cw_greece,0.0,,,,,,36.0,86.67,0.88,0.37,0.88,0.37,0.0,,,,,,Spitfire_LF_Mk.IXc_(CW)
spitfire_mk5b_float,0.0,,,,,,0.0,,,,,,0.0,,,,,,Spitfire_Mk.Vb_(Float)
sw_stormpjas_fm43_44,0.0,,,,,,13.0,,,,,,0.0,,,,,,Spj_fm/43-44
il_spyder_aio,0.0,,,,,,96.0,33.33,0.93,1.18,0.0,0.0,0.0,,,,,,SPYDER
germ_spz_12_3,0.0,,,,,,28.0,50.0,0.0,0.0,1.0,2.0,0.0,,,,,,SPz_12-3_LGS
fr_saint_chamond,0.0,,,,,,12.0,,,0.0,,3.0,0.0,,,,,,St-Chamond
uk_t17e2,0.0,,,,,,0.0,,,,,,0.0,,,,,,Staghound_AA
jp_stingray,0.0,,,,,,196.0,66.31,0.0,0.0,2.29,1.58,0.0,,,,,,Stingray
stirling_mk3,0.0,,,,,,0.0,,,,,,0.0,,,,,,Stirling_B_Mk_III
uk_stormer_air_defence,0.0,,,,,,192.0,44.56,1.26,1.13,0.17,0.16,0.0,,,,,,Stormer_AD
uk_stormer_hvm,0.0,,,,,,22.0,0.0,0.71,1.0,0.0,0.0,0.0,,,,,,Stormer_HVM
strikemaster_mk88,0.0,,,,,,78.0,78.95,0.16,0.13,3.95,4.82,0.0,,,,,,Strikemaster_Mk.88
uk_fv102_striker,0.0,,,,,,46.0,50.0,0.0,0.0,0.5,0.5,0.0,,,,,,Striker
sw_strv_103_0,0.0,,,,,,131.0,47.37,0.0,0.0,4.37,2.69,0.0,,,,,,Strv_103-0
sw_strv_103a,0.0,,,,,,359.0,52.12,0.0,0.0,2.28,1.94,12.0,,,0.0,,1.0,Strv_103A
sw_strv_103c,0.0,,,,,,96.0,39.02,0.0,0.0,1.82,2.04,0.0,,,,,,Strv_103С
sw_strv_104,0.0,,,,,,266.0,43.98,0.0,0.0,2.65,2.4,0.0,,,,,,Strv_104
sw_strv_105,0.0,,,,,,294.0,53.47,0.0,0.0,2.27,1.83,0.0,,,,,,Strv_105
sw_strv_121,0.0,,,,,,467.0,54.65,0.0,0.0,2.82,2.08,0.0,,,,,,Strv_121
sw_strv_81_rb52,0.0,,,,,,0.0,,,,,,0.0,,,,,,Strv_81_(RB_52)
uk_centurion_mk_3_ss11,0.0,,,,,,0.0,,,,,,0.0,,,,,,Strv_81_(RB_52)
sw_strv_m41_s1,0.0,,,,,,0.0,,,,,,0.0,,,,,,Strv_m/41_S-I
us_m5a1_stuart_canadian_5st_arm,0.0,,,,,,1.0,100.0,0.0,0.0,2.0,2.0,11.0,100.0,0.0,0.0,2.0,2.0,Stuart_VI_(5th_CAD)
ussr_su_100Y,0.0,,,,,,16.0,,,0.0,,1.0,0.0,,,,,,SU-100Y
su_30mkm,0.0,,,,,,347.0,60.43,1.5,1.55,1.1,1.13,9.0,,,1.0,,0.0,Su-30MKM
su_25tm,0.0,,,,,,398.0,73.36,0.26,0.26,2.62,2.66,60.0,,,0.72,,0.57,Su-39
ussr_su_57b,0.0,,,,,,12.0,,,0.0,,0.0,0.0,,,,,,SU-57B
ussr_su_76d,0.0,,,,,,0.0,,,,,,0.0,,,,,,SU-76D
ussr_su_76m_5st_kav_corps,0.0,,,,,,12.0,,,0.0,,1.0,0.0,,,,,,SU-76M_(5th_Gv.Kav.Corps)
su-7bmk,0.0,,,,,,0.0,,,,,,0.0,,,,,,Su-7BMK
su-8,0.0,,,,,,10.0,,,0.0,,2.3,0.0,,,,,,Su-8
ussr_su_85a,0.0,,,,,,0.0,,,,,,0.0,,,,,,SU-85A
su-9,0.0,,,,,,119.0,80.46,1.55,0.99,2.52,1.63,0.0,,,,,,Su-9
sunderland_mk3a,0.0,,,,,,0.0,,,,,,0.0,,,,,,Sunderland_Mk_IIIa
sunderland_mk5,0.0,,,,,,0.0,,,,,,0.0,,,,,,Sunderland_Mk_V
super_etendard_97,0.0,,,,,,14.0,50.0,0.0,,1.83,,0.0,,,,,,Super_Etendard
germ_boxer_swatrinf,3.0,50.0,0.0,0.0,1.0,1.0,261.0,36.28,0.0,0.0,1.99,1.06,0.0,,,,,,sWaTrgInf
swift_f1,0.0,,,,,,94.0,45.24,1.0,2.64,0.11,0.21,0.0,,,,,,Swift_F.1
swift_f7,0.0,,,,,,143.0,55.04,1.53,1.44,1.74,1.92,0.0,,,,,,Swift_F.7
swordfish_mk1,0.0,,,,,,0.0,,,,,,0.0,,,,,,Swordfish_Mk_I
swordfish_mk2,0.0,,,,,,0.0,,,,,,0.0,,,,,,Swordfish_Mk_II
ussr_t_10a,0.0,,,,,,131.0,81.03,0.0,0.0,6.86,3.48,0.0,,,,,,T-10A
cn_t_26_no531,0.0,,,,,,19.0,,,,,,0.0,,,,,,T-26_No.531
sw_vickers_mk_e_45,0.0,,,,,,0.0,,,,,,0.0,,,,,,T-26E
ussr_t_26E,0.0,,,,,,0.0,,,,,,0.0,,,,,,T-26E
ussr_t_26_1940_1st_GvTBr,0.0,,,,,,0.0,,,,,,0.0,,,,,,T-26_(1st_Gv.T.Br.)
ussr_t_34_1940_l_11,0.0,,,,,,0.0,,,,,,0.0,,,,,,T-34_(Prototype)
sw_t_50_fin,0.0,,,,,,0.0,,,,,,0.0,,,,,,T-50
ussr_t_60_1941,0.0,,,,,,0.0,,,,,,0.0,,,,,,T-60
ussr_t_70_1942,0.0,,,,,,0.0,,,,,,0.0,,,,,,T-70
ussr_pzkpfw_III_ausf_J_L42,0.0,,,,,,34.0,66.67,0.0,0.0,2.81,3.3,0.0,,,,,,T-III
ta-152c,0.0,,,,,,11.0,,,,,,0.0,,,,,,Ta_152_C-3
ta-152h-1,0.0,,,,,,33.0,0.0,2.14,2.0,0.0,0.0,0.0,,,,,,Ta_152_H-1
jp_type_98_ta_se,0.0,,,,,,13.0,,,0.0,,1.92,0.0,,,,,,Ta-Se
jp_type_81_tansam_launcher,,,,,,,,,,,,,,,,,,,Tan-SAM_Kai_(СОУ)
jp_type_81_tansam_fcs,0.0,,,,,,13.0,26.92,0.73,0.36,0.0,0.0,0.0,,,,,,Tan-SAM_Kai_(СОЦ)
tandem_mai,0.0,,,,,,0.0,,,,,,0.0,,,,,,Tandem_MAI
tb_3_m17_32,0.0,,,,,,0.0,,,,,,0.0,,,,,,TB-3M-17-32
tempest_mkv_vikkers,0.0,,,,,,12.0,,,0.58,,0.0,0.0,,,,,,Tempest_Mk_V_(Vickers_P)
f2a-1_thach,0.0,,,,,,0.0,,,,,,0.0,,,,,,Thach's_F2A-1
il_tiran_6,0.0,,,,,,77.0,92.86,0.0,0.0,4.07,2.81,0.0,,,,,,Tiran_6
uk_tog_2,0.0,,,,,,32.0,37.5,0.0,0.0,4.13,2.53,0.0,,,,,,TOG_II
it_toldi_II_a,0.0,,,,,,0.0,,,,,,0.0,,,,,,Toldi_IIA
tornado_adv,0.0,,,,,,15.0,,,1.0,,0.0,48.0,,,1.0,,0.0,Tornado_ADV
tornado_ids_it,0.0,,,,,,30.0,10.42,0.0,0.0,1.0,0.75,0.0,,,,,,Tornado_IDS
tornado_ids_it_mod95,0.0,,,,,,0.0,,,,,,0.0,,,,,,Tornado_IDS_(1995)
tornado_ids_it_ret8,0.0,,,,,,14.0,100.0,0.0,0.0,3.0,3.0,0.0,,,,,,Tornado_IDS_MLU_(RET.8)
uk_a39_tortoise,0.0,,,,,,0.0,,,,,,0.0,,,,,,Tortoise
ussr_tor_m1,0.0,,,,,,34.0,,,1.61,,0.0,0.0,,,,,,Toр-M1
fr_tpk_641_vpc,0.0,,,,,,66.0,100.0,0.5,0.52,0.0,0.0,0.0,,,,,,TPK_6.41
tu_4,0.0,,,,,,9.0,,,,,,0.0,,,,,,Tu-4
gladiator_mk2_tuck,0.0,,,,,,0.0,,,,,,0.0,,,,,,Tuck's_Gladiator_Mk_II
it_40m_turan_1,0.0,,,,,,2.0,,,0.0,,1.0,0.0,,,,,,Turan_I
jp_type_03_chusam_fcs,0.0,,,,,,26.0,100.0,0.0,0.0,0.0,0.0,0.0,,,,,,Type_03_(СОЦ)
jp_type_60_atm,0.0,,,,,,0.0,,,,,,0.0,,,,,,Type_60_ATM
jp_type_60_sprg,0.0,,,,,,181.0,73.94,0.0,0.0,5.07,2.03,0.0,,,,,,Type_60_SPRG_(C)
jp_type_61_mod,0.0,,,,,,105.0,54.67,0.0,0.0,1.65,1.97,0.0,,,,,,Type_61_(B)
ussr_type_62,0.0,,,,,,3.0,,,0.0,,3.0,0.0,,,,,,Type_62
cn_type_62,0.0,,,,,,60.0,85.97,0.0,0.0,2.65,2.16,0.0,,,,,,Type_62
cn_type_69,0.0,,,,,,131.0,71.33,0.0,0.0,5.99,4.22,0.0,,,,,,Type_69
cn_type_69_2a,0.0,,,,,,73.0,73.68,0.0,0.0,3.76,3.52,0.0,,,,,,Type_69-IIa
jp_type_74_mod_g_kai,0.0,,,,,,324.0,51.4,0.0,0.0,2.81,2.39,0.0,,,,,,Type_74_(G)
jp_type_75_mlrs,0.0,,,,,,0.0,,,,,,0.0,,,,,,Type_75_MLRS
jp_type_94,0.0,,,,,,21.0,54.76,0.45,0.9,3.05,5.76,0.0,,,,,,Type_94
sw_udes_33,0.0,,,,,,103.0,60.0,0.0,0.0,1.3,1.5,0.0,,,,,,UDES_33
uk_challenger_II,0.0,,,,,,414.0,54.21,0.0,0.0,1.94,1.64,0.0,,,,,,uk_challenger_ii_shop
us_m551_football,,,,,,,,,,,,,,,,,,,us_m551_football
ussr_m551_football,,,,,,,,,,,,,,,,,,,ussr_m551_football
v_11g,0.0,,,,,,0.0,,,,,,0.0,,,,,,V-11
v_156_b1,0.0,,,,,,0.0,,,,,,0.0,,,,,,V-156-B1
v_156_f,0.0,,,,,,0.0,,,,,,0.0,,,,,,V-156-F
uk_valentine_mk_1,0.0,,,,,,0.0,,,,,,0.0,,,,,,Valentine_I
vampire_fb5,0.0,,,,,,0.0,,,,,,0.0,,,,,,Vampire_F.B.5
vampire_fb52_finland,0.0,,,,,,29.0,64.29,0.0,0.0,0.29,0.13,0.0,,,,,,Vampire_FB_52A
vampire_fb52a_italy,0.0,,,,,,47.0,100.0,1.0,1.0,0.0,0.0,0.0,,,,,,Vampire_FB_52A
it_vbc_pt2,0.0,,,,,,124.0,56.25,0.0,0.0,2.95,1.9,17.0,,,0.0,,2.0,VBC_(PT2)
fr_vbci,0.0,,,,,,371.0,57.97,0.0,0.0,1.66,1.33,0.0,,,,,,VBCI
fr_vbci2_mct30,0.0,,,,,,44.0,66.03,0.0,0.0,0.96,1.58,0.0,,,,,,VBCI-2_(MCT30)
it_vcc_80_hitfist_30,0.0,,,,,,31.0,56.25,0.0,0.0,1.41,1.96,14.0,50.0,0.0,0.0,1.0,1.0,VCC-80/30
venom_fb4,0.0,,,,,,0.0,,,,,,0.0,,,,,,Venom_FB.4
fr_vextra_105,0.0,,,,,,202.0,64.42,0.0,0.0,1.51,1.01,0.0,,,,,,Vextra_105
uk_vfm_5,0.0,,,,,,126.0,53.73,0.0,0.0,2.37,2.0,0.0,,,,,,VFM5
uk_vickers_mbt_mk_3,0.0,,,,,,113.0,39.67,0.0,0.0,2.1,2.81,0.0,,,,,,Vickers_Mk.3
uk_vickers_mk7,0.0,,,,,,209.0,66.39,0.0,0.0,2.64,1.73,0.0,,,,,,Vickers_Mk.7
sw_vickers_mk_e_37,0.0,,,,,,0.0,,,,,,0.0,,,,,,Vickers_Mk.E
sw_k9_vidar,0.0,,,,,,96.0,23.65,0.0,0.0,1.89,1.06,0.0,,,,,,VIDAR
uk_vijayanta,0.0,,,,,,19.0,,,0.0,,1.37,0.0,,,,,,Vijayanta
it_vrcc_centauro,0.0,,,,,,222.0,67.49,0.0,0.0,2.35,1.55,0.0,,,,,,VRCC
germ_vt_1_2,0.0,,,,,,26.0,0.0,0.0,0.0,9.2,2.53,15.0,,,0.0,,2.0,VT1-2
cn_vt_4b,0.0,,,,,,129.0,95.18,0.0,0.0,6.18,2.54,0.0,,,,,,VT4A1
fr_amx_vtt_dca,0.0,,,,,,46.0,,,0.32,,0.0,0.0,,,,,,VTT_DCA
walrus_mk1,,,,,,,,,,,,,,,,,,,Walrus_Mk.I
uk_fv510_isv,0.0,,,,,,18.0,,,0.0,,1.0,0.0,,,,,,Warrior
washington_b1,,,,,,,,,,,,,,,,,,,Washington_B.Mk.I
welkin_fmk1,,,,,,,,,,,,,,,,,,,Welkin_F.Mk.I
wellington_mk1c,0.0,,,,,,0.0,,,,,,0.0,,,,,,Wellington_Mk_Ic
wellington_mk3,0.0,,,,,,0.0,,,,,,0.0,,,,,,Wellington_Mk_III
whirlwind_mk1,0.0,,,,,,4.0,,,0.0,,0.0,0.0,,,,,,Whirlwind_Mk_I
whirlwind_p9,0.0,,,,,,25.0,50.0,0.0,0.07,0.5,1.0,0.0,,,,,,Whirlwind_P.9
germ_wiesel_1_tow,0.0,,,,,,321.0,51.15,0.0,0.0,2.48,1.53,1.0,,,0.0,,2.0,Wiesel_1A2
wirraway,0.0,,,,,,0.0,,,,,,0.0,,,,,,Wirraway
cn_wma_301,0.0,,,,,,136.0,41.79,0.0,0.0,3.3,1.98,21.0,,,0.0,,0.0,WMA301
cn_wz_141,0.0,,,,,,135.0,67.86,0.0,0.0,6.89,2.92,0.0,,,,,,WZ141-1
xa_38,0.0,,,,,,0.0,,,,,,54.0,50.0,0.05,0.47,1.9,1.35,XA-38
us_xm1_chrysler,0.0,,,,,,0.0,,,,,,0.0,,,,,,XM1_(Chrysler)
us_xm_800t,0.0,,,,,,1855.0,59.71,0.0,0.0,1.27,1.12,0.0,,,,,,XM800T
p-38g_metal,0.0,,,,,,0.0,,,,,,0.0,,,,,,XP-38G
yak-15_early,0.0,,,,,,106.0,76.95,2.92,7.75,1.05,3.08,0.0,,,,,,Yak-15P
yak-28b,0.0,,,,,,29.0,56.25,0.0,0.0,0.0,0.0,0.0,,,,,,Yak-28B
yak-3_vk107,0.0,,,,,,130.0,66.66,1.95,3.6,0.59,1.18,14.0,,,3.0,,0.0,Yak-3_(VK-107)
yak-3t,0.0,,,,,,42.0,100.0,0.0,0.0,1.68,1.68,0.0,,,,,,Yak-3T
er-2_ach30b_late,0.0,,,,,,0.0,,,,,,0.0,,,,,,Yer-2_(ACh-30B)_(l)
er-2_m105_mv3,0.0,,,,,,6.0,,,0.0,,0.0,0.0,,,,,,Yer-2_(M-105)
er-2_m105_tat,0.0,,,,,,0.0,,,,,,0.0,,,,,,Yer-2_(M-105)_TAT
er-2_m105r_tat,0.0,,,,,,0.0,,,,,,0.0,,,,,,Yer-2_(M-105R)_TAT
yp-38,0.0,,,,,,0.0,,,,,,0.0,,,,,,YP-38
z_1007_bis_serie3,0.0,,,,,,9.0,50.0,0.0,0.0,1.0,2.0,0.0,,,,,,Z.1007_bis_serie_3
il_ss_11_halftrack,0.0,,,,,,17.0,100.0,0.0,0.0,1.67,1.44,0.0,,,,,,Zachlam_Tager
cn_zbd_04a,0.0,,,,,,341.0,60.38,0.0,0.0,1.38,1.29,0.0,,,,,,ZBD04A
cn_type_86,0.0,,,,,,28.0,14.29,0.0,0.0,0.86,0.5,0.0,,,,,,ZBD86
ussr_zis_12_94KM_1945,0.0,,,,,,132.0,73.58,0.2,0.13,2.61,2.27,0.0,,,,,,ZiS-12_(94-KM)
ussr_zis_43,0.0,,,,,,12.0,,,,,,0.0,,,,,,ZiS-43
it_40_43m_zrinyi_2,0.0,,,,,,2.0,,,,,,0.0,,,,,,Zrinyi_II
cn_zsd63_pg87,0.0,,,,,,100.0,48.33,0.69,0.92,0.41,0.63,0.0,,,,,,ZSD63/PG87
uk_ratel_zt3,0.0,,,,,,337.0,60.15,0.01,0.01,4.3,3.63,0.0,,,,,,ZT3A2
cn_ztz_59a,0.0,,,,,,84.0,50.0,0.0,0.0,4.15,4.48,1.0,,,0.0,,1.0,ZTZ59A
cn_type_59d,0.0,,,,,,75.0,94.74,0.0,0.0,3.11,1.7,0.0,,,,,,ZTZ59D1
cn_ztz_96a,0.0,,,,,,110.0,61.89,0.0,0.0,2.59,1.97,0.0,,,,,,ZTZ96A
ussr_zut_37,0.0,,,,,,22.0,,,0.0,,1.67,0.0,,,,,,ZUT-37
ussr_bmd_4m,0.0,,,,,,584.0,47.39,0.0,0.0,3.56,1.62,62.0,100.0,0.71,0.35,4.81,2.63,БМД-4M
ussr_sdkfz_251_21_kit_3rank,0.0,,,,,,81.0,9.42,0.05,0.06,0.01,0.01,0.0,,,,,,Ганомаг_('45)
ussr_garford_putilov,0.0,,,,,,0.0,,,,,,0.0,,,,,,Гарфордъ
db_lk,0.0,,,,,,0.0,,,,,,0.0,,,,,,ДБ-ЛК
ussr_valentine_mk_9,0.0,,,,,,4.0,,,0.0,,1.0,0.0,,,,,,"МК-IX_""Valentine"""
mig_29kr_9_41r,,,,,,,,,,,,,,,,,,,МиГ-29КР_(9-41Р)
mig_29m_9_15,0.0,,,,,,38.0,67.41,0.65,0.93,0.06,0.07,0.0,,,,,,МиГ-29М_(9-15)
ussr_pantsyr_sm_sv,0.0,,,,,,867.0,53.99,0.93,1.09,0.15,0.19,2.0,,,,,,Панцирь_СМ-СВ
germ_9a35_m,0.0,,,,,,51.0,66.67,1.36,1.75,0.0,0.0,0.0,,,,,,Стрела-10М
it_9a35_m,0.0,,,,,,11.0,,,,,,0.0,,,,,,Стрела-10М
uk_9a35_m,0.0,,,,,,12.0,,,,,,0.0,,,,,,Стрела-10М
cn_t_62,0.0,,,,,,28.0,50.0,0.0,0.0,0.9,1.75,0.0,,,,,,Т-62_№545
ussr_t_90m_arena_m,0.0,,,,,,0.0,,,,,,0.0,,,,,,Т-90М_(Арена-М)
tu_95m,0.0,,,,,,73.0,0.0,0.0,0.0,1.0,0.35,6.0,,,,,,Ту-95М
yak_130_early,0.0,,,,,,1.0,50.0,0.0,0.0,1.0,2.0,0.0,,,,,,Як-130
p-47m-1-re_boxted,0.0,,,,,,0.0,,,,,,12.0,50.0,1.0,2.0,0.5,1.0,⋠P-47M-1-RE
a6m5_zero_china,,,,,,,,,,,,,,,,,,,A6M5_(China)
cn_type_97_chi_ha,0.0,,,,,,0.0,,,,,,0.0,,,,,,Chi-Ha_(China)
cn_type_97_kai,0.0,,,,,,0.0,,,,,,0.0,,,,,,Chi-Ha_Kai_(China)
db_3a_china,0.0,,,,,,0.0,,,,,,0.0,,,,,,DB-3A_(China)
f-100a_china,0.0,,,,,,58.0,91.67,1.47,1.22,0.8,0.65,0.0,,,,,,F-100A_(China)
f_100f_china,1.0,,,,,,0.0,,,,,,0.0,,,,,,F-100F_(China)
f-104a_china,0.0,,,,,,0.0,,,,,,0.0,,,,,,F-104A_(China)
f-104g_china,0.0,,,,,,0.0,,,,,,0.0,,,,,,F-104G_(China)
f_16a_block_72v_china,,,,,,,,,,,,,,,,,,,F-16V_(China)
f-5a_china,0.0,,,,,,1.0,100.0,2.0,2.0,1.0,1.0,0.0,,,,,,F-5A_(China)
f-5e_aidc,0.0,,,,,,4.0,66.67,0.0,0.0,0.3,0.5,0.0,,,,,,F-5E_(China)
f-84g-31-re_china,0.0,,,,,,17.0,100.0,0.0,0.0,2.0,1.43,0.0,,,,,,F-84G-31-RE_(China)
f-86f-30_china,0.0,,,,,,0.0,,,,,,0.0,,,,,,F-86F-30_(China)
f-86f-40_china,0.0,,,,,,0.0,,,,,,0.0,,,,,,F-86F-40_(China)
gladiator_mk1_china,0.0,,,,,,0.0,,,,,,0.0,,,,,,Gladiator_Mk_I_(China)
hs-123a-1_china,0.0,,,,,,0.0,,,,,,0.0,,,,,,Hs_123_A-1_(China)
i-16_chung_28,0.0,,,,,,0.0,,,,,,0.0,,,,,,I-16_Chung_28_(China)
i-16_type5_1935_china,0.0,,,,,,0.0,,,,,,0.0,,,,,,I-16_type_5_(China)
cn_isu_122,0.0,,,,,,29.0,,,0.0,,1.0,0.0,,,,,,ISU-122_(China)
cn_isu_152,0.0,,,,,,38.0,,,0.0,,1.0,0.0,,,,,,ISU-152_(China)
ki-27_otsu_china,0.0,,,,,,0.0,,,,,,0.0,,,,,,Ki-27_otsu_(China)
ki-45_hei_tei_china,0.0,,,,,,0.0,,,,,,0.0,,,,,,Ki-45_hei/tei_(China)
ki_84_ko_china,0.0,,,,,,34.0,,,0.44,,1.89,0.0,,,,,,Ki-84_ko_(China)
la-9_china,0.0,,,,,,13.0,0.0,0.0,0.0,0.0,0.0,0.0,,,,,,La-9_(China)
cn_m113a1_tow,0.0,,,,,,81.0,50.0,0.0,0.0,1.5,1.0,0.0,,,,,,M113A1_(TOW)_(China)
cn_m3a3_stuart_1st_ptg,0.0,,,,,,0.0,,,,,,0.0,,,,,,M3A3_(1st_PTG)_(China)
cn_m3a3_stuart,0.0,,,,,,22.0,,,,,,0.0,,,,,,M3A3_Stuart_(China)
cn_m55,0.0,,,,,,0.0,,,,,,0.0,,,,,,M55_(China)
cn_m5a1_stuart,0.0,,,,,,0.0,,,,,,0.0,,,,,,M5A1_(China)
cn_m60a3_tts,0.0,,,,,,41.0,25.0,0.0,0.0,4.5,4.38,0.0,,,,,,M60A3_TTS_(China)
mirage_2000_5ei,0.0,,,,,,85.0,58.57,2.31,3.89,0.0,0.0,0.0,,,,,,Mirage_2000-5Ei_(China)
p-38l_1_china_rocaf,0.0,,,,,,44.0,50.0,0.5,0.33,1.0,1.67,0.0,,,,,,P-38L-1_(China)
p1y1_mod11_china,0.0,,,,,,0.0,,,,,,0.0,,,,,,P1Y1_mod._11_(China)
cn_pt_76,0.0,,,,,,0.0,,,,,,0.0,,,,,,PT-76_(China)
sb_2m_103u_china,0.0,,,,,,0.0,,,,,,0.0,,,,,,SB_2M-103U_(China)
cn_sdkfz_222_early,0.0,,,,,,33.0,,,0.0,,1.0,0.0,,,,,,Sd.Kfz.222_(China)
tu_4_china,0.0,,,,,,0.0,,,,,,0.0,,,,,,Tu-4_(China)
uk_challenger_II_yt_cup_2019,,,,,,,,,,,,,,,,,,,␙Challenger_2
germ_leopard_2a5_yt_cup_2019,0.0,,,,,,0.0,,,,,,0.0,,,,,,␙Leopard_2A5
us_m1a1_abrams_yt_cup_2019,0.0,,,,,,0.0,,,,,,0.0,,,,,,␙M1A1
md_460_yt_cup_2019,,,,,,,,,,,,,,,,,,,␙Super_Mystere_B2
ussr_t_80u_yt_cup_2019,0.0,,,,,,0.0,,,,,,0.0,,,,,,␙T-80U
f-86_canadair_german,0.0,,,,,,12.0,100.0,2.0,,1.2,,0.0,,,,,,◄CL-13A_Mk_5
f-86_cl_13b_mk6,0.0,,,,,,108.0,97.08,4.46,8.14,0.46,0.92,0.0,,,,,,◄CL-13B_Mk.6
ef_2000_block_10,0.0,,,,,,127.0,62.24,1.64,2.46,0.44,0.67,11.0,,,0.0,,0.0,◄EF-2000
ef_2000_aesa,0.0,,,,,,618.0,55.11,1.61,1.99,0.29,0.36,18.0,,,2.35,,0.0,◄EF-2000_(AESA)
f-104g,0.0,,,,,,12.0,50.0,0.5,1.0,0.0,0.0,0.0,,,,,,◄F-104G
f-4f,0.0,,,,,,92.0,42.22,0.62,1.11,1.7,2.98,0.0,,,,,,◄F-4F_Early
f-4f_kws_lv,0.0,,,,,,212.0,52.3,1.48,1.55,0.01,0.01,0.0,,,,,,◄F-4F_KWS_LV
f-84f_germany,0.0,,,,,,0.0,,,,,,0.0,,,,,,◄F-84F
f-86k_late_german,0.0,,,,,,7.0,,,0.0,,0.0,0.0,,,,,,◄F-86K
fiat_g91_r3,0.0,,,,,,72.0,80.21,1.09,1.17,0.84,1.17,0.0,,,,,,◄G.91_R/3
fiat_g91_r4_german,0.0,,,,,,117.0,59.88,0.97,1.02,0.21,0.26,0.0,,,,,,◄G.91_R/4
mig-21_sps_k,0.0,,,,,,64.0,88.46,2.24,1.66,0.0,0.0,0.0,,,,,,◄MiG-21_SPS-K
mig_29_9_12g,0.0,,,,,,128.0,52.22,0.97,0.96,0.11,0.11,0.0,,,,,,◄MiG-29G
sea_hawk_mk100,0.0,,,,,,29.0,,,,,,0.0,,,,,,◄Sea_Hawk_Mk.100
su_22m4_de_wtd61,0.0,,,,,,230.0,47.03,0.93,1.03,1.58,1.87,0.0,,,,,,◄Su-22M4_WTD61
tornado_ids_de_assta3_sle,0.0,,,,,,26.0,100.0,0.0,0.0,1.38,1.35,3.0,,,0.0,,1.0,◄Tornado_IDS_SLE
il_28_german,0.0,,,,,,25.0,,,,,,0.0,,,,,,◊IL-28
mig-17p_lim_5p,0.0,,,,,,11.0,100.0,1.27,1.0,0.73,1.0,0.0,,,,,,◊Lim-5P
mig-19s,0.0,,,,,,24.0,50.0,2.0,2.0,1.0,1.0,0.0,,,,,,◊MiG-19S
mig_29_9_12_germany,0.0,,,,,,145.0,49.0,0.84,1.4,0.0,0.0,4.0,,,2.0,,0.0,◊MiG-29
germ_9a33bm3,0.0,,,,,,14.0,0.0,1.0,0.07,0.0,0.0,0.0,,,,,,◊Osa-AK
us_lvt_a_1_trb,0.0,,,,,,0.0,,,,,,0.0,,,,,,○LVT(A)(1)
p-36c_rb,0.0,,,,,,0.0,,,,,,0.0,,,,,,○P-36C
fa_18c_late_switzerland,0.0,,,,,,196.0,47.24,0.65,0.84,0.14,0.18,0.0,,,,,,◌F/A-18C_Late
hunter_f58a_1971_switzerland,0.0,,,,,,28.0,50.0,0.0,0.0,0.5,0.5,0.0,,,,,,◌Hunter_F.58A_(1971)
mirage_3s_c70_switzerland,0.0,,,,,,21.0,50.0,1.75,1.23,0.88,0.27,2.0,,,,,,◌Mirage_IIIS_C.70
uk_challenger_2_megatron_sm,0.0,,,,,,274.0,72.75,0.0,0.0,2.95,1.22,0.0,,,,,,◍Challenger_2_OES
cn_mbt2000_sm,0.0,,,,,,3.0,,,,,,0.0,,,,,,◍MBT-2000
il_28_hungary,0.0,,,,,,0.0,,,,,,0.0,,,,,,◔IL-28
saab_jas39c_hungary,0.0,,,,,,11.0,50.0,0.55,1.09,0.64,1.27,11.0,,,,,,◔JAS39EBS_HU_C
me_210ca_1_40_mm_hungary,0.0,,,,,,21.0,,,,,,0.0,,,,,,◔Me_210_Ca-1_36.M
mig-15bis_nr23_hungary,0.0,,,,,,11.0,,,,,,0.0,,,,,,◔MiG-15bis
mig-17pf_hungary,0.0,,,,,,0.0,,,,,,0.0,,,,,,◔MiG-17PF
mig-21_bis_sau_hungary,0.0,,,,,,0.0,,,,,,0.0,,,,,,◔MiG-21bis-SAU
mig-21_mf_hungary,0.0,,,,,,40.0,100.0,2.77,3.0,0.27,0.41,0.0,,,,,,◔MiG-21MF
mig_23mf_hungary,0.0,,,,,,8.0,,,1.0,,0.0,0.0,,,,,,◔MiG-23MF
mig_29_9_12b_hungary,0.0,,,,,,1.0,100.0,2.0,2.0,0.0,0.0,0.0,,,,,,◔MiG-29
su_22m3_hungary,0.0,,,,,,0.0,,,,,,0.0,,,,,,◔Su-22M3
tu-2_postwar_late_hungary,0.0,,,,,,23.0,50.0,0.0,0.0,0.0,0.0,0.0,,,,,,◔Tu-2S-59
fokker_d21_netherlands,0.0,,,,,,0.0,,,,,,0.0,,,,,,◗Fokker_D.XXI
f_16am_block_20_mlu_netherlands,0.0,,,,,,0.0,,,,,,0.0,,,,,,◘F-16AM
nf_5a_netherlands,0.0,,,,,,226.0,60.53,2.03,3.52,0.76,1.34,0.0,,,,,,◘NF-5A
sb_25j_netherlands,0.0,,,,,,5.0,,,,,,0.0,,,,,,◘SB-25J
kfir_c10_colombia,0.0,,,,,,95.0,77.57,2.05,3.3,0.0,0.0,0.0,,,,,,◡Kfir_C.10
f_16a_block_10_norway,0.0,,,,,,0.0,,,,,,0.0,,,,,,◢F-16A
f_16am_block_20_mlu_norway,0.0,,,,,,0.0,,,,,,13.0,,,,,,◢F-16AM
f-5ag_norway,0.0,,,,,,26.0,50.0,1.1,2.19,0.5,1.0,0.0,,,,,,◢F-5A(G)
a_4e_late_iaf,0.0,,,,,,29.0,100.0,0.06,,1.31,,0.0,,,,,,A-4E_(Israel)
a_4e_early_iaf,0.0,,,,,,0.0,,,,,,0.0,,,,,,A-4E_Early_(M)_(Israel)
a_4h,0.0,,,,,,45.0,63.19,0.2,0.24,0.57,0.98,0.0,,,,,,A-4H_(Israel)
b-17g_iaf,0.0,,,,,,0.0,,,,,,0.0,,,,,,B-17G_(Israel)
f-84f_israel_iaf,0.0,,,,,,0.0,,,,,,0.0,,,,,,F-84F_(Israel)
il_mim_72_chaparral,0.0,,,,,,11.0,,,,,,0.0,,,,,,Imp.Chaparral_(Israel)
md_450b_ouragan_iaf_29,0.0,,,,,,0.0,,,,,,0.0,,,,,,M.D.450B_(29)_(Israel)
meteor_frmk9_iaf,0.0,,,,,,0.0,,,,,,0.0,,,,,,Meteor_FR.9_(Israel)
mig_21_2000_iaf,,,,,,,,,,,,,,,,,,,MiG-21_2000_(Israel)
md_454_mystere_4a_iaf,0.0,,,,,,4.0,0.0,0.0,0.0,0.0,0.0,0.0,,,,,,Mystere_IVA_(Israel)
so_4050_vautour_2a_israel_iaf,0.0,,,,,,0.0,,,,,,0.0,,,,,,Vautour_IIA_(Israel)
so_4050_vautour_2n_iaf,0.0,,,,,,0.0,,,,,,0.0,,,,,,Vautour_IIN_(Israel)
