name,ab_battles,ab_win_rate,ab_air_frags_per_battle,ab_air_frags_per_death,ab_ground_frags_per_battle,ab_ground_frags_per_death,rb_battles,rb_win_rate,rb_air_frags_per_battle,rb_air_frags_per_death,rb_ground_frags_per_battle,rb_ground_frags_per_death,sb_battles,sb_win_rate,sb_air_frags_per_battle,sb_air_frags_per_death,sb_ground_frags_per_battle,sb_ground_frags_per_death,alt_name
it_sherman_75_37,776.0,78.14,0.1,0.12,6.02,7.22,127.0,64.73,0.0,0.0,3.48,2.98,0.0,,,,,,Sherman_I_Composito
us_t58,743.0,65.18,0.06,0.04,5.3,4.63,1905.0,62.82,0.0,0.0,3.49,2.72,3.0,,,0.0,,1.0,T58
ussr_t_80bvm,642.0,56.69,0.03,0.05,1.58,1.79,5064.0,47.35,0.0,0.0,1.86,1.59,0.0,,,,,,T-80BVM
germ_pzkpfw_III_ausf_F,683.0,88.28,0.1,0.11,6.92,10.61,70.0,64.82,0.0,0.0,5.45,8.2,0.0,,,,,,Pz.III_F
ussr_t_80ue1_sm,588.0,52.39,0.0,0.0,1.48,1.53,2050.0,46.96,0.0,0.0,1.39,1.16,14.0,,,0.0,,1.0,◍Т-80У-Е1
germ_vsw_flak_41,505.0,78.71,0.11,0.12,4.31,4.7,49.0,22.67,0.0,0.0,7.09,5.77,3.0,,,0.0,,2.0,VFW
ussr_t_72a,463.0,53.66,0.07,0.07,2.59,2.32,2428.0,51.78,0.0,0.0,2.03,1.86,0.0,,,,,,T-72A
ussr_t_34_85_zis_53,471.0,69.01,0.02,0.02,2.8,3.85,617.0,38.04,0.0,0.0,2.17,1.59,21.0,,,0.0,,0.43,T-34-85
ussr_t_34_1941_57,465.0,56.14,0.02,0.02,2.19,2.28,375.0,39.2,0.0,0.0,2.75,1.91,2.0,,,,,,T-34-57
ussr_t_34_85_zis_53_v80,428.0,87.07,0.04,0.04,5.89,7.04,169.0,55.1,0.0,0.0,3.7,3.03,0.0,,,,,,"Т-34-85_""Партизан"""
jp_type_4_chi_to_late,422.0,60.12,0.08,0.06,3.54,3.31,742.0,72.29,0.0,0.0,2.59,2.32,0.0,,,,,,Chi-To_Late
germ_pzkpfw_VI_ausf_b_tiger_IIh,401.0,47.05,0.05,0.05,2.26,2.62,2281.0,46.79,0.0,0.0,2.81,2.44,0.0,,,,,,Tiger_II_(H)
ussr_kv_1_zis_5,408.0,60.55,0.03,0.03,3.06,4.13,155.0,26.55,0.0,0.0,6.4,4.54,0.0,,,,,,KV-1_(ZiS-5)
germ_pzkpfw_VI_ausf_h1_tiger_west,390.0,80.4,0.03,0.03,3.48,5.72,278.0,44.39,0.0,0.0,4.14,2.73,12.0,,,,,,Tiger_West
us_m1a1_hc_usmc_sm,411.0,58.4,0.0,0.0,2.8,2.31,2388.0,62.69,0.0,0.0,2.37,1.97,0.0,,,,,,◍M1A1_HC
germ_pzkpfw_VI_ausf_b_tiger_IIp,390.0,58.1,0.05,0.06,3.55,5.01,1054.0,42.49,0.0,0.0,2.4,2.09,6.0,,,0.0,,1.67,Tiger_II_(P)
ussr_kv_85,383.0,53.13,0.05,0.06,2.96,2.7,139.0,28.21,0.0,0.0,4.75,2.47,0.0,,,,,,KV-85
ussr_t_54_1947,363.0,50.57,0.02,0.02,2.26,2.19,385.0,55.73,0.0,0.0,2.89,2.45,0.0,,,,,,T-54_(1947)
su_30mk2v_venezuela,342.0,67.75,6.21,4.07,0.4,0.23,4594.0,49.84,0.98,1.07,0.35,0.39,146.0,100.0,6.35,2.46,1.65,0.66,Су-30МК2_AMV
germ_pzkpfw_VI_ausf_h1_tiger_east,336.0,77.33,0.05,0.05,3.97,5.72,230.0,47.53,0.0,0.0,3.85,3.0,0.0,,,,,,Tiger_Ost
jp_type_4_chi_to,338.0,57.66,0.13,0.15,2.62,3.14,669.0,79.43,0.0,0.0,2.35,1.91,0.0,,,,,,Chi-To
germ_kpz_70,346.0,50.72,0.07,0.05,1.65,1.03,1509.0,47.84,0.0,0.0,1.72,1.31,0.0,,,,,,KPz-70
cn_type_58,320.0,81.99,0.04,0.03,5.3,4.52,259.0,68.15,0.0,0.0,2.83,2.37,0.0,,,,,,Т-34-85_Gai
sw_sav_fm48,325.0,65.96,0.08,0.05,5.31,3.41,539.0,47.07,0.0,0.0,3.93,2.74,0.0,,,,,,SAV_20.12.48
ussr_t_44_100,306.0,44.73,0.09,0.07,3.22,2.43,1590.0,51.18,0.0,0.0,2.01,1.64,96.0,38.89,0.0,0.0,4.26,2.56,T-44-100
jp_type_3_chi_nu_75cm_type_5,324.0,70.98,0.05,0.05,4.96,5.04,904.0,78.07,0.0,0.0,3.38,2.51,0.0,,,,,,Chi-Nu_II
germ_pzkpfw_VI_ausf_h1_tiger,315.0,58.78,0.02,0.02,3.01,3.46,779.0,40.49,0.0,0.0,2.87,2.16,0.0,,,,,,Tiger_H1
ussr_zsu_57_2,298.0,33.55,0.14,0.09,1.45,1.12,971.0,45.24,0.01,0.0,1.41,1.11,3.0,,,,,,ZSU-57-2
germ_t_34_747,307.0,73.61,0.0,0.0,4.16,5.62,60.0,50.0,0.0,0.0,4.5,3.93,0.0,,,,,,T_34_747_(r)
us_m26e1_pershing,293.0,79.14,0.04,0.07,7.33,7.93,797.0,65.45,0.0,0.0,3.49,3.23,0.0,,,,,,M26E1
us_lvt_a_1,276.0,97.13,0.07,0.15,6.35,11.0,9.0,,,0.0,,2.0,0.0,,,,,,LVT(A)(1)
ussr_kv_1e,290.0,93.28,0.05,0.08,7.81,10.86,192.0,52.0,0.0,0.0,7.81,3.57,0.0,,,,,,KV-1E
sw_t_34_1941,292.0,65.11,0.01,0.01,3.62,3.52,89.0,81.82,0.0,0.0,5.18,1.99,0.0,,,,,,T-34
germ_thyssen_henschel_tam_2ip,281.0,69.72,0.06,0.06,3.01,2.45,952.0,48.65,0.0,0.0,1.88,1.46,0.0,,,,,,TAM_2IP
ussr_t_34_85_d_5t,294.0,70.99,0.0,0.0,5.28,4.91,671.0,56.7,0.0,0.0,3.0,1.67,0.0,,,,,,T-34-85_(D-5T)
germ_panther_II,284.0,86.21,0.0,0.0,5.1,4.61,367.0,64.28,0.0,0.0,4.78,3.04,0.0,,,,,,Panther_II
bf-109f-4_trop,279.0,74.75,5.33,7.25,0.23,0.33,8.0,100.0,4.0,,0.0,,0.0,,,,,,Bf_109_F-4/trop
la-7,270.0,89.86,3.95,4.7,1.9,2.23,23.0,59.72,1.63,1.7,0.02,0.1,0.0,,,,,,La-7
ussr_t_64a_1971,268.0,56.52,0.0,0.0,2.18,2.12,1430.0,49.0,0.0,0.0,2.14,1.84,20.0,100.0,0.0,0.0,2.25,2.15,T-64A_(1971)
germ_leopard_I,273.0,62.82,0.0,0.0,1.64,1.46,748.0,28.03,0.0,0.0,1.07,0.89,22.0,0.0,0.0,0.0,1.0,1.0,Leopard_I
bf-109f-4,263.0,72.69,5.77,7.15,0.33,0.35,214.0,81.86,3.22,5.62,0.88,1.53,0.0,,,,,,Bf_109_F-4
germ_sdkfz_9_flak37,269.0,70.57,0.23,0.24,5.85,6.0,5.0,,,0.0,,3.4,0.0,,,,,,"8,8_cm_Flak_37_Sfl."
ussr_t_80uk,268.0,65.5,0.0,0.0,0.65,0.68,1035.0,43.92,0.0,0.0,1.74,1.13,3.0,,,,,,T-80UK
germ_panzerbefelhswagen_VI_P,257.0,84.76,0.0,0.01,9.84,12.68,170.0,45.62,0.0,0.0,3.47,3.36,0.0,,,,,,Pz.Bfw.VI_(P)
us_m6a1,255.0,50.76,0.06,0.05,4.9,3.79,149.0,58.49,0.0,0.0,4.28,2.32,0.0,,,,,,M6A1
uk_a_33_excelsior,245.0,97.87,0.09,0.15,5.78,7.62,263.0,84.41,0.0,0.0,7.72,4.8,0.0,,,,,,Excelsior
germ_pzkpfw_V_ausf_d_panther,247.0,61.27,0.04,0.05,2.4,2.94,546.0,35.43,0.0,0.0,1.87,1.59,17.0,,,,,,Panther_D
ussr_is_1,250.0,64.55,0.05,0.11,2.89,3.26,278.0,50.24,0.0,0.0,2.22,1.08,0.0,,,,,,IS-1
ussr_bmpt,232.0,46.1,0.24,0.27,1.23,1.44,2266.0,44.32,0.0,0.0,1.51,1.26,3.0,,,0.0,,1.0,БМПТ
germ_pzkpfw_VI_ausf_e_tiger,246.0,58.24,0.03,0.03,2.65,2.74,1302.0,44.85,0.0,0.0,2.45,1.86,5.0,,,,,,Tiger_E
ussr_bmpt_72,225.0,51.29,0.07,0.04,1.66,0.89,2133.0,47.44,0.0,0.0,1.65,1.32,0.0,,,,,,БМПТ-72
ussr_t_62,234.0,46.77,0.0,0.0,1.6,1.61,313.0,57.91,0.0,0.0,2.15,1.73,0.0,,,,,,T-62
germ_panzerjager_panther,233.0,64.86,0.0,0.0,3.12,3.71,535.0,44.04,0.0,0.0,1.47,0.97,28.0,,,0.0,,1.64,Jagdpanther_G1
sw_m24_chaffee_dk,223.0,61.0,0.34,0.25,4.26,3.29,373.0,54.07,0.0,0.0,1.64,1.23,0.0,,,,,,M24DK
sw_pzkpfw_IV_ausf_J,218.0,75.61,0.0,0.0,2.42,2.75,249.0,44.43,0.0,0.0,0.87,0.86,0.0,,,,,,Pz.IV
germ_leopard_1a5,226.0,58.54,0.0,0.0,2.03,1.41,1069.0,45.44,0.0,0.0,1.51,1.29,45.0,50.0,0.0,0.0,2.5,2.42,Leopard_1A5
ussr_t_34E_STZ,225.0,85.71,0.0,0.0,3.15,3.41,61.0,50.0,0.0,0.0,2.96,4.67,0.0,,,,,,T-34E_STZ
ussr_object_906,217.0,44.33,0.0,0.0,1.55,1.22,1299.0,50.17,0.0,0.0,2.5,1.68,65.0,100.0,0.0,0.0,8.38,2.96,Object_906
germ_spz_oerlikon_raketenautomat,227.0,54.89,0.0,0.0,1.27,1.09,312.0,30.78,0.0,0.0,1.48,1.06,0.0,,,,,,Raketenautomat
il-2m,221.0,91.8,1.38,1.31,5.21,4.94,22.0,,,0.38,,2.5,1.0,,,1.0,,4.0,IL-2M_type_3
ussr_object_435,222.0,57.0,0.0,0.0,1.83,1.67,259.0,49.06,0.0,0.0,1.4,1.23,0.0,,,,,,Object_435
ussr_t_34_1942,219.0,83.27,0.06,0.09,3.11,3.06,150.0,37.93,0.0,0.0,3.74,1.83,0.0,,,,,,T-34_(1942)
us_halftrack_m3_75mm_gmc,219.0,88.44,0.07,0.11,6.1,5.57,0.0,,,,,,0.0,,,,,,M3_GMC
i_185_m71_standard,206.0,68.98,2.88,2.36,1.07,0.87,100.0,100.0,2.0,1.08,4.0,1.29,0.0,,,,,,I-185_(M-71)
la-5_type37_early,211.0,75.24,3.67,4.67,0.77,0.96,0.0,,,,,,0.0,,,,,,La-5
yak-7b,219.0,94.46,4.2,4.84,2.35,2.74,22.0,50.0,1.86,1.86,0.32,0.32,1.0,,,,,,Yak-7B
ussr_is_4m,216.0,68.6,0.0,0.0,1.76,2.01,128.0,47.28,0.0,0.0,2.26,1.98,0.0,,,,,,IS-4M
germ_pzkpfw_VI_ausf_b_tiger_IIh_kwk46,207.0,91.72,0.0,0.0,6.34,7.2,309.0,57.14,0.0,0.0,4.52,2.99,0.0,,,,,,Tiger_II_(10.5_cm_Kw.K)
jp_m24_chaffee,207.0,69.86,0.07,0.05,7.18,4.0,1503.0,66.84,0.0,0.0,1.85,1.62,0.0,,,,,,M24
sw_strv_122b_plus,203.0,77.68,0.0,0.0,2.95,3.22,548.0,66.39,0.0,0.0,3.18,2.16,0.0,,,,,,Strv_122B+
jp_type_90b_camo,196.0,48.22,0.2,0.17,1.61,1.83,3856.0,52.59,0.0,0.0,2.37,1.79,33.0,33.33,0.0,0.0,0.7,0.7,"Type_90_(B)_""Fuji"""
germ_leopard_2k,199.0,58.36,0.0,0.0,1.85,1.6,1311.0,54.73,0.01,0.0,2.18,1.86,0.0,,,,,,Leopard_2K
germ_leopard_I_a1,194.0,52.95,0.0,0.0,1.72,1.54,679.0,46.55,0.0,0.0,2.23,1.47,0.0,,,,,,Leopard_A1A1
it_m4a4_sherman,193.0,68.9,0.03,0.08,2.06,4.35,47.0,95.0,0.0,0.0,2.65,3.11,0.0,,,,,,Sherman_V
ussr_t_55_amd_1,191.0,51.81,0.0,0.0,1.82,1.93,939.0,42.53,0.0,0.0,1.35,1.2,17.0,,,,,,T-55AMD-1
uk_a27m_cromwell_5,184.0,94.47,0.0,0.0,5.26,6.78,138.0,45.67,0.0,0.0,2.69,1.4,0.0,,,,,,Cromwell_V
la-5fn,187.0,53.63,4.25,4.43,0.45,0.55,91.0,37.5,3.04,1.6,0.17,0.31,0.0,,,,,,La-5FN
ussr_t_72av_turms,188.0,43.75,0.0,0.0,1.35,1.45,1228.0,52.47,0.0,0.0,2.29,1.67,0.0,,,,,,T-72AV_(TURMS-T)
mig_25pd,191.0,79.79,6.45,5.13,0.0,0.0,212.0,66.96,1.78,2.64,0.0,0.0,0.0,,,,,,МиГ-25ПД
do_335a_1,187.0,89.25,0.86,0.48,12.52,6.36,133.0,15.83,0.53,0.25,2.19,1.04,0.0,,,,,,Do_335_A-1
ussr_t_34_85E,182.0,84.73,0.0,0.0,6.53,5.92,295.0,66.06,0.0,0.0,5.65,3.55,0.0,,,,,,T-34-85E
cn_t_34_1942,191.0,81.45,0.01,0.02,4.11,5.19,56.0,100.0,0.0,0.0,5.67,3.11,0.0,,,,,,T-34_(1943)_(China)
a_20g_30_ussr,187.0,84.24,0.55,0.51,7.21,6.94,45.0,27.78,0.28,0.1,0.0,0.0,0.0,,,,,,A-20G-30
us_m3a1_stuart,188.0,86.74,0.1,0.14,4.29,5.02,55.0,,,0.0,,1.85,0.0,,,,,,M3A1_Stuart
germ_pzkpfw_IV_ausf_C,183.0,94.08,0.04,0.05,9.38,11.34,1.0,,,0.0,,1.0,0.0,,,,,,Pz.IV_C
ussr_t_80ue1,175.0,50.0,0.0,0.0,2.07,2.2,4597.0,44.68,0.0,0.0,1.5,1.29,0.0,,,,,,Т-80U-Е1
yak-1b,181.0,94.68,3.24,4.07,1.45,1.77,25.0,69.7,2.95,,0.62,,0.0,,,,,,Yak-1B
germ_panzerbefelhswagen_jagdpanther,170.0,64.43,0.0,0.0,4.86,4.69,40.0,42.86,0.0,0.0,1.86,2.57,0.0,,,,,,Bfw._Jagdpanther_G1
p-47d_ussr,181.0,84.11,1.92,1.09,11.75,6.77,104.0,44.24,0.55,0.42,2.29,1.9,0.0,,,,,,P-47D-27
sw_sherman_3_4,172.0,76.66,0.0,0.0,5.22,4.95,242.0,57.22,0.0,0.0,6.14,3.09,0.0,,,,,,Sherman_III/IV
ussr_t_54_1951,174.0,67.14,0.0,0.0,2.14,2.27,201.0,50.0,0.0,0.0,1.89,1.55,0.0,,,,,,T-54_(1951)
ussr_t_10m,173.0,49.44,0.0,0.0,5.08,3.36,626.0,48.93,0.0,0.0,2.43,1.75,12.0,100.0,0.0,0.0,2.0,2.0,T-10M
ussr_t_34_100,167.0,88.29,0.02,0.04,4.56,4.03,301.0,64.63,0.0,0.0,2.82,2.33,27.0,0.0,0.0,0.0,1.0,1.0,T-34-100
fw-190a-4,173.0,57.34,5.49,4.59,0.43,0.36,113.0,49.46,1.97,1.85,1.08,0.84,0.0,,,,,,Fw_190_A-4
f_6c_pakistan,169.0,71.78,6.1,7.02,0.08,0.1,68.0,73.87,3.64,3.68,2.21,3.0,0.0,,,,,,F-6C
ussr_t_54_1949,166.0,49.6,0.0,0.0,1.34,1.68,328.0,51.43,0.0,0.0,1.08,1.39,45.0,100.0,0.0,0.0,4.75,2.68,T-54_(1949)
us_m1a1_hc_usmc,160.0,56.67,0.0,0.0,2.88,1.75,3985.0,59.89,0.0,0.0,1.91,1.79,19.0,,,0.0,,1.0,M1A1_Click-Bait
il_2m_1943,170.0,90.06,1.37,1.49,4.46,4.87,1.0,,,1.0,,6.0,0.0,,,,,,IL-2M_(1943)
ussr_t_34_1941,169.0,86.67,0.0,0.0,4.66,4.16,37.0,50.0,0.0,0.0,2.5,2.25,0.0,,,,,,T-34_(1941)
ussr_su_100p,167.0,60.59,0.0,0.0,2.22,2.67,380.0,28.59,0.0,0.0,2.03,1.78,0.0,,,,,,SU-100P
fr_m26_pershing,156.0,38.22,0.13,0.15,2.37,2.86,77.0,54.45,0.0,0.0,2.49,2.17,0.0,,,,,,M26
sw_t_34_85_zis_53,162.0,83.55,0.04,0.03,2.69,2.25,533.0,59.21,0.0,0.0,2.7,2.75,0.0,,,,,,T-34-85
ussr_kv_1s,159.0,82.0,0.08,0.09,3.47,4.73,161.0,29.23,0.0,0.0,2.19,1.91,0.0,,,,,,KV-1S
il_magach_5,156.0,83.34,0.05,0.05,4.64,4.76,62.0,41.67,0.0,0.0,1.13,2.0,0.0,,,,,,Magach_5
ussr_btr_82at,148.0,50.41,0.17,0.18,1.01,1.11,887.0,50.54,0.0,0.0,1.56,1.3,0.0,,,,,,БТР-82АТ
cn_type_97_chi_ha,147.0,100.0,0.14,0.26,6.2,10.24,0.0,,,,,,0.0,,,,,,Chi-Ha_(China)
i_29,155.0,92.06,3.02,3.33,1.95,2.17,0.0,,,,,,0.0,,,,,,I-29
ussr_t_90m_2020,150.0,38.51,0.0,0.0,1.94,1.84,1853.0,44.88,0.0,0.0,1.67,1.52,3.0,100.0,0.0,0.0,0.0,0.0,T-90M
sw_cv_90105_tml,144.0,74.72,0.0,0.0,2.54,2.28,998.0,59.12,0.0,0.0,2.57,1.95,0.0,,,,,,CV_90105
germ_panzerjager_tiger,149.0,52.78,0.28,0.18,4.31,5.34,417.0,33.85,0.0,0.0,1.85,1.5,0.0,,,,,,Jagdtiger
germ_vk_3002m,150.0,50.0,0.0,0.0,4.27,4.38,312.0,47.93,0.0,0.0,3.97,1.92,0.0,,,,,,VK_3002_(M)
fr_amx_50_surbaisse,154.0,76.11,0.0,0.0,4.68,3.43,400.0,69.83,0.0,0.0,3.83,2.81,0.0,,,,,,AMX-50_Surbaissé
us_m18_hellcat,160.0,62.86,0.04,0.03,1.94,1.66,1705.0,58.79,0.0,0.0,1.86,1.46,32.0,,,0.0,,2.43,M18_GMC
sw_strv_122b_plss,157.0,74.91,0.0,0.0,2.47,2.88,226.0,70.7,0.0,0.0,4.3,3.16,0.0,,,,,,Strv_122B_PLSS
jp_type_5_ho_ri_prototype,168.0,73.09,0.06,0.06,4.81,3.58,1300.0,57.64,0.0,0.0,3.47,2.67,0.0,,,,,,Ho-Ri_Prototype
ussr_kv_1_L_11,149.0,95.16,0.06,0.06,4.16,3.88,106.0,32.26,0.0,0.0,5.57,3.18,0.0,,,,,,KV-1_(L-11)
germ_mkpz_m48a2c,146.0,52.69,0.0,0.0,1.01,1.13,510.0,32.66,0.0,0.0,0.99,1.0,46.0,35.48,0.0,0.0,1.58,1.35,M48A2_C
jp_type_5_ho_ri_production,144.0,77.34,0.0,0.0,4.9,4.85,1940.0,84.76,0.0,0.0,4.43,4.68,0.0,,,,,,Ho-Ri_Production
us_t14,143.0,40.06,0.12,0.19,2.93,4.76,395.0,66.14,0.0,0.0,6.52,4.05,0.0,,,,,,T14
cn_t_34_85_zis_53_no215,140.0,92.33,0.0,0.0,6.5,7.17,5.0,,,0.0,,2.0,0.0,,,,,,T-34-85_No.215
us_m1a1_abrams,143.0,71.88,0.0,0.0,1.9,1.99,1918.0,57.03,0.0,0.0,1.93,1.82,0.0,,,,,,M1A1
i_185_m82,140.0,71.05,5.67,3.09,1.66,0.87,66.0,100.0,3.82,2.89,1.23,0.93,0.0,,,,,,I-185_(M-82)
ussr_t_44_po,139.0,97.31,0.03,0.03,4.05,5.06,89.0,50.0,0.0,0.0,4.75,3.61,0.0,,,,,,Т-44(ПМ)
it_m24_chaffee,142.0,89.25,0.01,0.01,3.44,4.34,211.0,53.44,0.0,0.0,1.8,1.86,0.0,,,,,,M24
pe-3_bis,141.0,93.28,0.91,0.95,5.52,5.23,0.0,,,,,,0.0,,,,,,Pe-3bis
us_m4a2_76w_sherman,138.0,66.38,0.0,0.0,1.95,1.82,653.0,60.35,0.0,0.0,2.42,2.22,0.0,,,,,,M4A2_(76)_W
ussr_zsu_23_4m4,128.0,50.07,1.65,2.41,0.57,0.84,492.0,50.28,1.36,0.93,0.02,0.02,0.0,,,,,,ZSU-23-4M4
ussr_is_2_1943,137.0,41.94,0.0,0.0,2.09,1.5,562.0,33.05,0.0,0.0,2.09,1.28,0.0,,,,,,IS-2
germ_pzh_2000,129.0,77.5,0.69,0.58,1.28,0.99,544.0,26.5,0.03,0.03,1.51,0.94,0.0,,,,,,PzH_2000
germ_pzkpfw_VI_ausf_b_tiger_IIh_sla,132.0,97.04,0.0,0.0,7.28,6.48,817.0,62.56,0.0,0.0,4.72,3.17,0.0,,,,,,Tiger_II_(H)_Sla.16
su_30mkk,120.0,85.42,10.45,3.28,0.06,0.03,1001.0,64.27,1.14,1.22,0.74,0.79,45.0,100.0,3.0,3.65,0.5,0.17,Su-30MKK_(China)
s_199,126.0,76.92,5.73,1.31,1.58,0.4,44.0,,,0.39,,0.39,0.0,,,,,,Sakeen
ussr_t_90m_arena_m,125.0,71.71,0.0,0.0,2.55,2.67,1100.0,47.15,0.0,0.0,1.98,1.58,0.0,,,,,,Т-90М_(Арена-М)
germ_pzkpfw_V_ausf_g_panther,126.0,65.27,0.0,0.0,1.4,1.76,539.0,40.79,0.0,0.0,1.83,1.53,0.0,,,,,,Panther_G
ussr_su_122_54,131.0,44.19,0.0,0.0,1.29,1.41,291.0,22.31,0.0,0.0,3.02,2.1,0.0,,,,,,SU-122-54
us_m1a2_abrams,129.0,43.23,0.0,0.0,1.34,1.43,1099.0,65.52,0.0,0.0,2.24,2.1,0.0,,,,,,M1A2_Abrams
ki_43_3_otsu,133.0,61.11,6.83,6.05,0.32,0.25,443.0,71.31,0.43,0.51,0.75,0.84,0.0,,,,,,Ki-43-III_otsu
germ_kpz_t72m1,131.0,78.33,0.0,0.0,3.14,2.77,1073.0,45.13,0.0,0.0,1.98,1.88,0.0,,,,,,◊T-72M1
cn_m1a2t,123.0,43.91,0.0,0.0,1.22,1.49,170.0,100.0,0.0,0.0,13.15,4.04,0.0,,,,,,M1A2T
germ_panzerbefelhswagen_IV_ausf_J,132.0,100.0,0.0,0.0,5.26,5.32,217.0,43.52,0.0,0.0,2.02,1.45,0.0,,,,,,Pz.Bfw.IV
germ_jgdpz_IV_L48,133.0,57.34,0.0,0.0,4.81,2.65,203.0,45.45,0.0,0.0,7.64,2.2,0.0,,,,,,Jagdpanzer_IV
us_m4a3e8_76w_sherman,130.0,68.37,0.0,0.0,1.76,2.15,803.0,59.13,0.0,0.0,2.27,2.26,9.0,,,0.0,,1.0,M4A3_(76)_W
cn_m36,123.0,85.48,0.06,0.05,1.75,1.53,96.0,62.82,0.0,0.0,3.27,1.83,0.0,,,,,,M36_GMC_(China)
germ_pzkpfw_IV_ausf_H,117.0,31.07,0.04,0.03,2.97,2.75,418.0,36.18,0.0,0.0,2.36,1.63,6.0,,,,,,Pz.IV_H
pe-2-1,121.0,91.94,0.29,0.31,4.28,4.87,1.0,,,0.0,,0.0,0.0,,,,,,Pe-2-1
ussr_t_34_57_1943,121.0,75.81,0.0,0.0,3.03,2.83,273.0,50.84,0.0,0.0,3.02,2.36,0.0,,,,,,T-34-57_(1943)
yak-9t,115.0,99.14,8.7,5.47,0.29,0.23,85.0,48.21,1.66,1.48,0.23,0.18,1.0,,,0.0,,0.0,Yak-9T
sw_ikv_91,118.0,53.5,0.03,0.03,1.47,1.61,472.0,43.97,0.0,0.0,1.11,1.15,0.0,,,,,,Ikv_91
uk_chieftain_mk_10,114.0,69.25,0.0,0.0,2.5,3.67,163.0,77.59,0.0,0.0,6.33,4.33,0.0,,,,,,Chieftain_Mk_10
ussr_kv_7_u13,118.0,84.83,0.08,0.06,6.54,5.0,105.0,51.56,0.0,0.0,3.82,4.37,0.0,,,,,,KV-7_(U-13)
germ_kv_1_kwk_40,117.0,53.89,0.0,0.0,3.78,4.39,238.0,66.07,0.0,0.0,7.77,4.43,0.0,,,,,,KW_I_C_756_(r)
ussr_t_55a,123.0,50.0,0.0,0.0,2.07,2.08,1160.0,46.97,0.0,0.0,1.8,1.38,0.0,,,,,,T-55A
sw_strv_122,121.0,61.72,0.0,0.0,2.8,2.99,188.0,53.17,0.0,0.0,2.68,1.87,4.0,,,0.0,,0.0,Strv_122A
ussr_9a35_m2,113.0,38.77,2.75,5.27,0.9,1.7,23.0,50.0,0.93,1.33,0.0,0.0,0.0,,,,,,Strela-10M2
yak-3_eremin,113.0,97.9,6.44,6.8,0.95,0.99,30.0,50.0,4.0,,2.5,,14.0,,,,,,Eremin's_Yak-3(e)
ussr_is_2_1944,117.0,3.85,0.0,0.0,5.16,2.12,501.0,40.67,0.0,0.0,2.4,1.88,3.0,,,0.0,,1.0,IS-2_(1944)
sw_pbv_501,112.0,11.67,0.05,0.05,1.2,0.69,462.0,42.7,0.0,0.0,1.24,0.84,0.0,,,,,,Pbv_501
lagg-3-8,114.0,73.12,5.62,3.91,0.89,0.57,0.0,,,,,,0.0,,,,,,LaGG-3-8
germ_waffentrager_krupp_steyr,115.0,87.74,0.04,0.06,2.61,2.9,161.0,35.62,0.0,0.0,1.82,2.29,0.0,,,,,,Waffenträger
us_m60a1_rise_passive_era,116.0,66.67,0.3,0.38,2.46,2.84,437.0,60.28,0.0,0.0,2.1,1.94,0.0,,,,,,M60A1_RISE_(P)
uk_chieftain_900,111.0,66.53,0.0,0.0,2.32,2.07,145.0,44.05,0.0,0.0,2.14,1.78,0.0,,,,,,Chieftain_900
us_m26_pershing,112.0,81.41,0.0,0.0,4.25,2.8,200.0,59.09,0.0,0.0,3.68,2.01,101.0,55.38,0.0,0.0,4.04,3.65,M26
cn_m4a1_76w_sherman,114.0,26.19,0.14,0.07,4.67,3.17,20.0,,,0.0,,3.17,0.0,,,,,,M4A1_(75)_W_(China)
cn_m18_hellcat,112.0,65.74,0.0,0.0,3.38,2.22,239.0,74.61,0.0,0.0,1.94,1.71,0.0,,,,,,M18_GMC_(China)
cn_m8_scott,106.0,100.0,0.18,0.33,3.56,5.94,32.0,100.0,0.0,0.0,2.0,0.19,0.0,,,,,,M8_HMC_(China)
us_xm1_chrysler,98.0,90.1,0.05,0.05,7.33,6.84,1798.0,66.84,0.0,0.0,4.45,3.64,0.0,,,,,,XM1_(Chrysler)
ussr_t_44,108.0,63.98,0.0,0.0,4.38,4.33,516.0,40.23,0.0,0.0,1.88,1.73,9.0,,,0.0,,1.44,T-44
p-51_mk1a_usaaf,112.0,68.97,6.43,2.8,0.69,0.28,217.0,67.59,1.41,1.56,1.15,1.38,0.0,,,,,,P-51
sw_ikv_103,110.0,43.46,0.0,0.0,1.39,1.66,141.0,35.97,0.0,0.0,0.71,0.72,0.0,,,,,,Ikv_103
germ_kv_1B_finland,107.0,73.72,0.0,0.0,6.5,14.47,51.0,51.52,0.0,0.0,5.35,8.68,0.0,,,,,,KV-IB
av_8a,102.0,58.03,2.61,3.56,1.78,2.61,12.0,16.67,0.83,0.83,0.17,0.17,0.0,,,,,,AV-8A
it_kf_41,102.0,46.8,0.0,0.0,1.87,1.83,98.0,56.5,0.0,0.0,0.78,0.98,0.0,,,,,,KF41
germ_pzkpfw_V_ausf_a_panther,101.0,39.31,0.0,0.0,5.11,3.92,691.0,41.14,0.0,0.0,1.39,1.5,0.0,,,,,,Panther_A
jp_type_3_ka_chi,96.0,82.92,0.03,0.03,11.43,12.35,28.0,,,0.0,,2.0,0.0,,,,,,Ka-Chi
la-7_dolgushin,98.0,98.39,7.43,11.47,4.96,6.91,80.0,61.19,3.09,6.39,1.66,3.5,0.0,,,,,,Dolgushin's_La-7
f-5e,100.0,51.85,2.06,2.0,0.16,0.1,251.0,59.19,1.61,1.8,0.41,0.47,0.0,,,,,,F-5E
jp_type_97_chi_ha,99.0,100.0,0.0,0.0,11.33,15.67,18.0,,,,,,0.0,,,,,,Chi-Ha
germ_begleitpanzer_57,100.0,62.96,0.6,0.85,2.08,2.99,1169.0,53.62,0.24,0.16,1.71,1.21,25.0,0.0,0.0,0.0,1.0,1.0,Begleitpanzer_57
germ_panzerjager_tiger_P_ferdinand,101.0,58.82,0.15,0.25,2.64,4.76,391.0,40.14,0.0,0.0,1.81,1.74,0.0,,,,,,Ferdinand
sw_strv121b_christian2,99.0,47.6,0.0,0.0,2.42,2.43,1121.0,54.99,0.0,0.0,2.5,1.94,0.0,,,,,,Christian_II
cn_vt_4b,99.0,46.19,0.0,0.0,1.61,1.95,43.0,55.07,0.0,0.0,2.44,3.55,0.0,,,,,,VT4A1
ussr_zsu_29k,101.0,84.52,0.08,0.08,3.45,3.3,11.0,100.0,0.0,0.0,2.0,2.0,0.0,,,,,,YaG-10_(29-K)
us_m60_120s,98.0,52.38,0.0,0.0,1.5,2.2,352.0,45.18,0.0,0.0,1.82,1.33,0.0,,,,,,120S
il_8_1944,105.0,76.15,2.31,1.79,5.02,3.97,47.0,26.32,0.19,0.14,1.91,1.73,0.0,,,,,,IL-8_(1944)
us_m2a4_1st_armor_div,101.0,94.67,0.0,0.0,5.78,6.53,9.0,,,0.0,,0.67,0.0,,,,,,M2A4_(1st_Arm.Div.)
f4u-1c,100.0,64.52,2.65,1.85,0.9,0.65,46.0,,,0.0,,0.0,0.0,,,,,,F4U-1C
jp_navy_120mm_spg,105.0,61.11,0.0,0.0,3.71,2.75,154.0,89.51,0.0,0.0,4.54,2.46,0.0,,,,,,Chi-Ha_LG
us_m1_ip_abrams,100.0,52.3,0.0,0.0,2.21,1.95,822.0,54.72,0.0,0.0,2.6,2.5,0.0,,,,,,IPM1
mig_29m_9_15,105.0,50.0,1.86,1.56,0.28,0.22,316.0,49.23,0.57,0.59,0.31,0.32,14.0,,,1.0,,1.0,МиГ-29М_(9-15)
me-410b-1,98.0,100.0,0.45,0.42,4.84,4.27,0.0,,,,,,0.0,,,,,,Me_410_B-1
sw_pvkv_II,101.0,90.65,0.0,0.0,5.75,6.21,99.0,50.0,0.0,0.0,4.03,2.83,0.0,,,,,,Pvkv_II
germ_erprobungstrager_3_achs_turm,105.0,51.39,0.0,0.0,2.17,2.15,1579.0,43.51,0.02,0.0,2.72,1.77,0.0,,,,,,Turm_III
ussr_t_34_85_stp_s53,104.0,55.38,0.0,0.0,3.64,3.31,1520.0,51.05,0.0,0.0,2.45,2.06,0.0,,,,,,Т-34-85_(СТП)
sw_t_28,97.0,65.0,0.0,0.0,5.55,3.3,12.0,,,,,,0.0,,,,,,T-28
us_m1a1_aim_abrams,97.0,68.82,0.0,0.0,1.64,3.39,1413.0,61.25,0.0,0.0,2.24,1.79,14.0,,,0.0,,2.0,M1A1_AIM
us_m2a4,93.0,100.0,0.19,0.46,3.9,7.82,43.0,0.0,0.0,0.0,5.67,2.27,0.0,,,,,,M2A4
germ_leopard_a1a1_120,93.0,50.0,0.0,0.0,2.08,2.8,249.0,29.09,0.0,0.0,4.25,3.09,7.0,,,0.0,,1.0,Leopard_A1A1_(L/44)
germ_marder_df_105,107.0,49.34,0.0,0.0,1.58,1.62,231.0,28.99,0.0,0.0,2.22,1.59,26.0,100.0,0.0,0.0,4.77,4.77,DF105
b_25j_30_vvs_ussr,91.0,84.89,0.25,0.34,2.41,2.67,0.0,,,,,,0.0,,,,,,B-25J-30
fr_sk105_a2,96.0,89.25,0.0,0.0,2.85,2.54,255.0,50.32,0.0,0.0,2.26,2.33,0.0,,,,,,SK-105A2
cn_t_34_85_d_5t,94.0,86.83,0.05,0.07,2.84,3.2,177.0,70.19,0.0,0.0,4.54,3.76,0.0,,,,,,Т-34-85_(S-53)_(China)
us_m1a2_sep_abrams,101.0,52.78,0.0,0.0,1.5,2.08,1301.0,55.0,0.0,0.0,1.81,1.59,7.0,,,,,,M1A2_SEP
germ_pzkpfw_IV_ausf_F2,104.0,68.26,0.0,0.0,5.46,5.02,296.0,33.45,0.0,0.0,5.28,3.49,0.0,,,,,,Pz.IV_F2
yak-9u,94.0,68.28,4.44,6.26,0.38,0.51,53.0,75.0,2.4,,1.3,,0.0,,,,,,Yak-9U
germ_flakpanzer_IV_Ostwind,96.0,66.67,2.39,3.22,2.61,3.3,225.0,35.73,0.48,0.38,1.35,0.83,0.0,,,,,,Ostwind
fr_m4a1_sherman_fl_10,94.0,63.24,0.0,0.0,4.11,2.89,72.0,100.0,0.0,0.0,4.0,2.14,0.0,,,,,,M4A1_(FL10)
ussr_t_80u,103.0,74.66,0.0,0.0,0.72,1.64,939.0,50.56,0.0,0.0,1.69,1.39,0.0,,,,,,T-80U
ussr_2s1,85.0,41.3,0.02,0.02,0.84,0.82,207.0,37.72,0.0,0.0,1.02,0.82,0.0,,,,,,2S1
il_centurion_shot_kal_alef,93.0,60.0,0.2,0.3,2.2,3.19,107.0,64.06,0.0,0.0,1.43,1.19,0.0,,,,,,Sho't_Kal_Alef
fr_msc,85.0,53.57,0.0,0.0,2.29,2.29,546.0,60.5,0.0,0.0,2.93,2.53,11.0,,,0.0,,1.82,MSC
germ_leopard_2a7v,102.0,62.36,0.0,0.0,2.99,3.46,1941.0,48.49,0.0,0.0,2.23,1.86,0.0,,,,,,Leopard_2A7V
germ_flakpz_I_Gepard,87.0,31.18,0.24,0.47,1.52,1.96,1490.0,35.43,0.23,0.16,1.09,0.75,0.0,,,,,,Gepard
us_m41_walker_bulldog,94.0,75.0,0.09,0.19,2.5,3.28,876.0,56.42,0.0,0.0,1.14,0.95,0.0,,,,,,M41A1
mig_23ml,86.0,63.04,2.68,2.21,0.0,0.0,462.0,58.47,1.61,1.65,0.09,0.09,26.0,,,1.77,,0.0,MiG-23ML
us_m1_abrams,87.0,65.94,0.0,0.0,1.77,1.66,1505.0,51.32,0.0,0.0,2.25,1.77,0.0,,,,,,M1_Abrams
uk_a17_mk_1_tetrarch,91.0,98.89,0.0,0.0,6.84,4.6,59.0,0.0,0.0,0.0,3.6,1.38,0.0,,,,,,Tetrarch_I
ussr_t_55_am,83.0,53.0,0.0,0.0,2.79,2.41,463.0,46.14,0.0,0.0,1.56,1.3,10.0,,,0.0,,1.0,T-55AM-1
germ_pz_IV_L70_A,89.0,95.45,0.0,0.0,4.86,4.05,80.0,25.0,0.0,0.0,4.86,2.23,0.0,,,,,,Panzer_IV/70(A)
sw_t_54_1951,88.0,66.67,0.21,0.21,1.39,1.49,212.0,46.75,0.0,0.0,1.38,1.59,0.0,,,,,,T-54
ussr_kv_2_zis_6,94.0,75.45,0.03,0.15,4.43,6.16,56.0,50.0,0.0,0.0,3.06,4.53,0.0,,,,,,KV-2_(ZiS-6)
ussr_t_80ud,91.0,51.15,0.0,0.0,2.67,2.5,2398.0,47.56,0.0,0.0,1.61,1.42,0.0,,,,,,T-80UD
yak-9b,90.0,94.31,4.09,3.95,9.66,9.11,8.0,,,0.0,,1.0,0.0,,,,,,Yak-9B
us_t20,92.0,100.0,0.0,0.0,7.76,6.59,2715.0,65.07,0.0,0.0,3.93,3.52,32.0,100.0,0.0,0.0,8.0,6.94,T20
yak-9,89.0,95.42,3.71,3.6,0.66,0.55,17.0,,,,,,0.0,,,,,,Yak-9
germ_leopard_2a4m_can_sm,85.0,59.38,0.0,0.0,1.41,1.41,1292.0,42.06,0.0,0.0,1.4,1.13,6.0,0.0,0.0,0.0,0.0,0.0,◍Leopard_2A4M
sw_sav_m43_1946,83.0,40.0,0.0,0.0,0.86,1.33,55.0,0.0,0.0,0.0,0.0,0.0,0.0,,,,,,Sav_m/43_(1946)
ussr_bmp_1,89.0,70.43,0.0,0.0,0.13,0.24,263.0,49.56,0.0,0.0,0.86,0.9,0.0,,,,,,BMP-1
yak-9m,83.0,96.67,8.11,9.28,0.52,0.58,33.0,100.0,8.06,1.0,2.65,0.0,0.0,,,,,,Golovachev's_Yak-9M
uk_sherman_II,82.0,95.97,0.01,0.02,4.57,5.4,23.0,,,0.0,,1.9,0.0,,,,,,Sherman_II
fw-190d-9,87.0,61.94,3.5,2.9,0.53,0.45,289.0,42.56,1.05,1.14,0.77,0.85,0.0,,,,,,Fw_190_D-9
f_15c_golden_eagle,88.0,62.37,2.25,1.94,0.23,0.19,244.0,53.57,2.5,2.18,0.2,0.2,34.0,,,1.67,,0.0,F-15C_Golden_Eagle
us_t26e4_superpershing,84.0,59.52,0.12,0.21,3.09,4.43,651.0,60.06,0.0,0.0,3.68,3.49,0.0,,,,,,T26E1-1
us_m18_super_hellcat,83.0,83.86,0.09,0.1,2.79,2.84,373.0,63.87,0.0,0.0,3.05,2.07,3.0,,,,,,Super_Hellcat
uk_sherman_vc_firefly,85.0,56.45,0.0,0.0,2.3,2.87,353.0,57.06,0.0,0.0,3.27,1.89,0.0,,,,,,Sherman_Firefly
germ_pzkpfw_VI_ausf_h1_tiger_animal_version,82.0,55.91,0.14,0.14,3.01,3.57,18.0,50.0,0.0,0.0,2.72,5.44,0.0,,,,,,␠Tiger
il_merkava_mk_2d,84.0,50.62,0.0,0.0,2.78,3.26,477.0,54.41,0.0,0.0,2.9,2.26,0.0,,,,,,Merkava_Mk.2D
fa_18c_late,85.0,50.0,1.84,1.37,0.29,0.21,130.0,68.6,0.77,0.63,0.28,0.2,0.0,,,,,,F/A-18C_Late
f-8e,82.0,66.05,2.07,1.39,0.32,0.15,46.0,50.0,1.64,3.28,0.0,0.0,0.0,,,,,,F-8E
germ_pzkpfw_V_ausf_f_panther,75.0,74.64,0.0,0.0,4.96,5.04,434.0,42.66,0.0,0.0,2.11,2.04,0.0,,,,,,Panther_F
us_m36b2,86.0,68.55,0.0,0.0,1.75,2.07,424.0,61.34,0.0,0.0,1.9,1.53,0.0,,,,,,M36B2
hellcat_fmk1,84.0,98.0,2.61,2.44,3.82,3.51,5.0,75.0,0.13,0.13,1.75,2.0,83.0,50.0,0.5,0.23,2.19,1.72,Hellcat_Mk_II
ussr_t_34E,81.0,64.25,0.0,0.0,2.09,4.71,5.0,100.0,0.0,0.0,1.0,1.0,0.0,,,,,,T-34E
saab_b3c,81.0,100.0,1.92,1.13,38.81,23.67,0.0,,,,,,0.0,,,,,,B3C
ussr_bt_7_1937,80.0,66.67,0.0,0.0,8.35,9.04,105.0,82.67,0.0,0.0,2.46,1.67,0.0,,,,,,BT-7
f_15c_msip2,80.0,52.69,1.25,1.01,0.91,0.68,198.0,59.84,1.95,2.0,0.11,0.13,11.0,,,0.75,,0.0,F-15C_MSIP_II
f-4c,77.0,53.97,2.26,1.46,0.24,0.11,37.0,54.86,1.6,2.5,0.56,0.62,0.0,,,,,,F-4C_Phantom_II
germ_jgdpz_38t,83.0,54.55,0.0,0.0,3.09,2.49,49.0,16.13,0.0,0.0,2.0,2.27,0.0,,,,,,Jagdpanzer_38(t)
su_27sm,81.0,34.95,1.88,1.9,0.13,0.13,298.0,69.09,2.56,3.08,0.02,0.03,15.0,,,1.0,,0.0,Su-27SM
uk_matilda_hedgehog,81.0,66.67,0.3,0.5,4.7,7.0,0.0,,,,,,0.0,,,,,,Matilda_Hedgehog
it_leopard_2a7_hungary,78.0,66.67,0.0,0.0,5.52,6.77,134.0,82.26,0.0,0.0,5.99,5.38,0.0,,,,,,Leopard_2A7HU
me-410a-1,80.0,95.7,1.04,1.0,4.96,4.77,30.0,50.0,0.0,0.0,1.4,1.26,0.0,,,,,,Me_410_A-1
us_t25,75.0,96.15,0.0,0.0,6.35,2.56,142.0,37.5,0.0,0.0,7.0,6.21,31.0,0.0,0.0,0.0,1.0,1.0,T25
yak-9k,75.0,65.28,3.73,4.63,0.0,0.15,1080.0,62.15,0.36,0.33,2.0,1.8,7.0,,,,,,Yak-9K
me_264,76.0,96.77,0.97,0.82,7.04,5.82,0.0,,,,,,0.0,,,,,,Me_264
cn_pgz_625_fb10,73.0,36.73,1.25,2.05,0.0,0.0,72.0,96.43,1.39,1.26,0.82,0.76,0.0,,,,,,CS/SA5
jp_m36b2_jgsdf,82.0,85.33,0.26,0.12,2.61,2.19,1290.0,66.93,0.0,0.0,1.93,1.6,0.0,,,,,,M36
ussr_t_72b,76.0,71.57,0.0,0.0,2.14,1.75,500.0,41.83,0.0,0.0,1.68,1.16,0.0,,,,,,T-72B
us_m4a2_sherman,78.0,88.33,0.32,0.44,4.91,5.57,370.0,57.22,0.0,0.0,4.08,3.18,0.0,,,,,,M4A2
ussr_m53_59,75.0,34.95,3.02,5.1,0.21,0.42,640.0,33.26,0.87,0.8,0.47,0.43,3.0,,,,,,M53/59
ussr_t_62m1,78.0,50.0,0.0,0.0,2.91,2.73,662.0,53.15,0.0,0.0,1.33,1.37,0.0,,,,,,T-62M-1
us_m1a2_sep2_abrams_trophy,69.0,87.22,0.1,0.23,5.07,7.01,2772.0,60.28,0.0,0.0,2.08,1.9,20.0,,,0.0,,0.94,M1A2_(Trophy-HV)
fa_18e_block_2,75.0,64.17,2.39,1.95,0.36,0.18,588.0,68.02,1.09,1.02,0.65,0.6,31.0,,,1.0,,0.0,F/A-18E
mig-21_s,78.0,57.02,2.87,2.63,0.08,0.06,76.0,44.45,2.07,2.75,0.1,0.62,11.0,,,,,,MiG-21S_(R-13-300)
us_m60a1,74.0,54.35,0.0,0.0,0.93,0.86,446.0,56.02,0.0,0.0,1.7,1.45,0.0,,,,,,M60A1_(AOS)
il_m_51,75.0,100.0,0.0,0.0,2.5,0.77,641.0,44.45,0.0,0.0,2.96,1.45,0.0,,,,,,M-51
yak_2_kabb,74.0,100.0,2.91,3.6,5.41,6.73,0.0,,,,,,1.0,,,1.0,,1.0,Yak-2_KABB
la-5_type39,70.0,93.52,6.44,7.26,2.36,2.92,0.0,,,,,,0.0,,,,,,La-5F
f-4e,71.0,50.0,2.11,1.66,2.0,1.64,362.0,70.14,2.75,4.01,1.15,1.45,26.0,50.0,1.73,3.46,3.0,6.0,F-4E_Phantom_II
yak-1_early,73.0,100.0,6.24,4.19,2.26,1.56,42.0,100.0,1.0,1.0,1.0,0.86,0.0,,,,,,Yak-1
uk_fv107_scimitar,69.0,50.0,0.0,0.0,1.5,1.5,121.0,75.48,0.0,0.0,2.53,1.2,0.0,,,,,,Scimitar
ussr_su_85m,75.0,50.0,0.0,0.0,2.26,2.45,83.0,50.0,0.0,0.0,1.53,1.83,0.0,,,,,,SU-85M
ussr_asu_85,76.0,45.83,0.0,0.0,0.94,0.76,198.0,40.47,0.0,0.0,2.15,1.25,0.0,,,,,,ASU-85
do_217e_2,69.0,100.0,0.3,0.25,5.99,5.35,42.0,50.0,0.0,0.0,0.5,1.0,0.0,,,,,,Do_217_E-2
ki_43_1,72.0,100.0,7.42,4.18,0.96,0.41,0.0,,,,,,0.0,,,,,,Ki-43-I
ussr_kv_8,75.0,86.46,0.0,0.0,1.78,2.08,22.0,50.0,0.0,0.0,4.5,3.05,0.0,,,,,,КВ-8
f6f-5n,71.0,34.78,1.59,1.73,0.64,0.85,140.0,49.03,0.55,0.64,0.76,0.88,0.0,,,,,,F6F-5N
us_m1a2_sep2_abrams,71.0,42.67,0.0,0.0,0.72,0.54,1681.0,57.4,0.0,0.0,1.84,1.68,15.0,0.0,0.0,0.0,1.0,1.0,M1A2_SEP_V2
su_30sm,69.0,48.0,3.52,2.63,0.0,0.0,358.0,61.15,1.06,1.48,1.08,1.48,34.0,,,1.0,,1.36,Су-30СМ
us_t1e1,69.0,82.64,0.0,0.0,2.14,2.03,168.0,54.76,0.0,0.0,2.14,2.98,0.0,,,,,,T1E1
germ_le_kpz_m41,75.0,45.16,0.0,0.0,0.52,0.33,1010.0,42.38,0.0,0.0,1.05,0.89,0.0,,,,,,leKPz_M41
f-84b,75.0,90.3,3.79,2.41,14.44,9.3,33.0,100.0,0.0,0.79,1.0,2.48,0.0,,,,,,F-84B-26
p-40e_ussr,69.0,72.58,3.71,4.67,0.79,0.99,11.0,,,0.0,,1.0,0.0,,,,,,P-40E-1
germ_flakpanzer_I_ausf_A,72.0,88.33,0.11,0.14,5.29,9.16,1.0,,,0.0,,0.0,0.0,,,,,,Flakpanzer_I
mig_3_series_1_15,68.0,100.0,5.59,5.09,0.87,0.84,22.0,100.0,4.14,,0.0,,0.0,,,,,,MiG-3-15
ussr_t_80um2,68.0,67.95,0.0,0.0,2.14,2.75,62.0,50.0,0.0,0.0,1.74,1.25,0.0,,,,,,T-80UM2
sw_kv_1_1942_fin,71.0,50.0,0.0,0.0,2.06,2.42,81.0,23.04,0.0,0.0,3.97,3.67,0.0,,,,,,KV-1_m1942
f_16c_block_50,70.0,53.23,1.4,1.4,1.6,1.6,604.0,57.6,0.68,0.91,0.78,1.05,21.0,,,1.19,,0.0,F-16C
jp_type_5_chi_ri,75.0,85.44,0.09,0.09,2.06,1.71,617.0,67.89,0.0,0.0,2.38,2.03,4.0,0.0,0.0,0.0,1.0,1.0,Chi-Ri_II
germ_thyssen_henschel_tam,68.0,50.0,0.0,0.0,1.09,2.19,885.0,41.28,0.0,0.0,1.54,1.12,14.0,100.0,0.0,0.0,1.0,1.0,TAM
sw_l_62_anti_II,70.0,6.25,0.94,0.79,3.34,3.05,173.0,20.67,0.0,0.0,4.06,1.54,0.0,,,,,,L-62_ANTI_II
fw-190a-5_u2,70.0,69.05,2.73,2.22,1.07,0.94,1.0,,,0.0,,0.0,0.0,,,,,,Fw_190_A-5/U2
ki_61_1a_otsu_china,76.0,83.34,7.05,4.98,2.1,1.53,10.0,,,,,,6.0,50.0,0.5,1.0,2.0,4.0,Ki-61-I_otsu_(China)
ussr_t_64_b_1984,69.0,0.0,0.0,0.0,2.2,1.44,546.0,46.81,0.0,0.0,1.87,1.49,0.0,,,,,,T-64B
us_m18_hellcat_kit_3rank,68.0,100.0,0.19,0.19,6.91,6.91,108.0,61.29,0.0,0.0,2.02,1.79,0.0,,,,,,Hellcat_(Hell)
us_m24_chaffee,71.0,92.5,0.08,0.1,4.17,3.91,531.0,47.48,0.0,0.0,3.22,1.54,0.0,,,,,,M24
p-51d-30_usaaf_korea,69.0,74.71,2.27,1.77,0.84,0.61,167.0,54.24,1.26,1.76,0.93,1.18,68.0,100.0,9.0,3.0,0.0,0.0,P-51D-30
il_magach_6_rocket,70.0,45.83,0.0,0.0,2.44,1.65,141.0,89.5,0.0,0.0,6.26,3.35,0.0,,,,,,Magach_Hydra
fr_amx_13_90,67.0,79.57,0.0,0.0,2.71,2.19,100.0,66.67,0.0,0.0,3.85,4.17,0.0,,,,,,AMX-13-90
us_m4a3e2_76w_sherman_jumbo,65.0,95.45,0.0,0.0,4.77,2.54,715.0,70.41,0.0,0.0,5.14,3.66,0.0,,,,,,M4A3E2_(76)_W
p-63c-5_ussr,63.0,100.0,0.84,0.75,5.7,4.95,39.0,100.0,0.7,0.6,3.3,3.15,0.0,,,,,,P-63C-5
yak-3,67.0,98.67,9.53,7.53,1.09,0.92,111.0,26.51,3.3,3.55,0.69,0.45,0.0,,,,,,Yak-3
f-80a,70.0,89.13,1.79,1.87,3.73,3.91,37.0,,,2.23,,0.41,0.0,,,,,,F-80A-5
bf_110g_4,63.0,100.0,0.72,0.69,3.15,2.79,0.0,,,,,,0.0,,,,,,Bf_110_G-4
jp_type_99,61.0,33.7,0.22,0.38,1.07,1.16,420.0,70.71,0.47,0.72,1.12,1.61,0.0,,,,,,Type_99
us_m4a1_76w_sherman,66.0,62.86,0.0,0.0,1.9,2.08,393.0,55.01,0.0,0.0,4.79,2.32,7.0,,,0.0,,2.0,M4A1_(76)_W
it_pzh_2000_hu,61.0,32.22,1.15,1.41,2.09,2.61,20.0,,,0.0,,1.14,0.0,,,,,,PzH_2000HU
i_225,62.0,50.0,3.06,2.1,0.16,0.09,67.0,45.65,2.61,2.14,1.17,0.89,0.0,,,,,,I-225
germ_leopard_2a6,69.0,64.31,0.0,0.0,1.85,2.43,826.0,43.57,0.0,0.0,2.13,1.72,0.0,,,,,,Leopard_2A6
germ_sturmpanzer_IV_brummbar,62.0,81.18,0.0,0.0,3.11,3.71,78.0,,,0.0,,3.46,0.0,,,,,,Brummbär
fr_leopard_2a4nl_les,57.0,67.26,0.0,0.0,1.93,2.64,778.0,54.96,0.0,0.0,2.1,1.64,0.0,,,,,,Leopard_2_(OTCo)
us_m4a3e2_sherman_jumbo_cobra_king,63.0,100.0,0.0,0.0,3.0,2.68,199.0,48.18,0.0,0.0,3.26,2.35,0.0,,,,,,Cobra_King
us_xm246,63.0,69.45,0.37,0.57,1.64,2.37,1593.0,56.79,0.25,0.21,1.63,1.4,0.0,,,,,,XM246
germ_leopard_2a4_pzbtl_123,58.0,,,0.0,,2.81,1290.0,45.47,0.0,0.0,1.88,1.59,11.0,,,0.0,,1.0,Leopard_2_(PzBtl_123)
jp_type_16_mod,62.0,50.0,0.0,0.0,0.5,0.36,731.0,64.16,0.0,0.0,2.33,1.73,0.0,,,,,,Type_16_(FPS)
us_xm_803,58.0,100.0,0.0,0.0,6.52,5.98,2351.0,58.23,0.0,0.0,2.06,1.85,0.0,,,,,,XM803
uk_challenger_1_mk_3_gulf,58.0,62.5,0.0,0.0,3.88,2.77,698.0,46.03,0.0,0.0,2.58,2.21,19.0,,,0.0,,0.68,Challenger_DS
us_t29,62.0,66.67,0.0,0.0,8.17,8.4,1478.0,59.7,0.0,0.0,4.52,2.81,0.0,,,,,,T29
germ_pzkpfw_IV_ausf_G,62.0,90.86,0.0,0.0,2.48,4.0,135.0,42.36,0.0,0.0,1.83,2.05,0.0,,,,,,Pz.IV_G
ussr_t_80b,61.0,100.0,0.0,0.0,2.19,1.65,1156.0,50.79,0.0,0.0,2.12,1.7,3.0,50.0,0.0,0.0,0.5,1.0,T-80B
ussr_pt_76b,60.0,,,0.0,,1.19,684.0,45.62,0.0,0.0,1.3,0.86,5.0,,,0.0,,0.0,PT-76B
us_m36,67.0,78.41,0.0,0.0,2.5,2.29,330.0,50.36,0.0,0.0,2.95,2.9,0.0,,,,,,M36_GMC
germ_marder_1a3,64.0,10.67,0.0,0.0,0.78,0.44,318.0,28.98,0.05,0.03,1.07,0.86,0.0,,,,,,Marder_1A3
p-51d-20-na,59.0,94.83,7.55,5.89,0.59,0.38,169.0,64.57,0.45,0.51,1.34,1.53,20.0,,,1.1,,0.0,P-51D-20-NA
cn_mbt2000,56.0,66.67,0.3,0.3,2.7,2.7,109.0,65.76,0.0,0.0,1.77,1.75,0.0,,,,,,MBT-2000
fr_leopard_2a4nl,56.0,50.0,0.0,0.0,2.0,2.7,82.0,86.36,0.0,0.0,3.82,2.56,0.0,,,,,,Leopard_2A4NL
f-4j,63.0,50.0,2.59,2.51,0.39,0.42,125.0,53.23,1.29,1.25,0.03,0.03,0.0,,,,,,F-4J_Phantom_II
uk_sherman_ic_firefly,59.0,90.91,0.0,0.0,3.05,3.56,107.0,26.45,0.0,0.0,1.72,1.39,0.0,,,,,,"Sherman_IC_""Trzyniec"""
jp_type_5_na_to,64.0,72.62,0.0,0.0,3.59,2.52,183.0,89.29,0.0,0.0,4.96,1.87,0.0,,,,,,Na-To
germ_pzkpfw_II_ausf_H,57.0,75.0,0.33,0.67,8.15,12.0,49.0,22.22,0.0,0.0,4.78,2.74,0.0,,,,,,Pz.II_H
us_m1a2_sep3_abrams,58.0,84.17,0.0,0.0,5.7,4.67,3449.0,57.57,0.0,0.0,2.11,2.03,0.0,,,,,,M1A2_SEPv3
ussr_kv_220,62.0,100.0,0.0,0.0,6.38,4.92,99.0,76.93,0.0,0.0,8.65,8.0,0.0,,,,,,KV-220
sw_strf_90c,56.0,50.0,0.91,0.9,3.18,2.21,343.0,56.93,0.08,0.08,1.7,1.56,0.0,,,,,,Strf_9040C
ussr_t_72b_1989,56.0,64.04,0.0,0.0,2.59,2.91,331.0,39.61,0.0,0.0,2.31,1.95,0.0,,,,,,T-72B_(1989)
p-47d_30_china,55.0,26.19,1.83,1.76,0.14,0.14,42.0,48.89,0.0,0.0,1.09,0.74,0.0,,,,,,P-47D-30_(China)
p-51d-20-na_iaf,56.0,79.17,2.38,1.16,0.46,0.38,16.0,,,0.5,,2.81,0.0,,,,,,P-51D-20-NA_(Israel)
jp_m47_patton_II,56.0,66.67,0.0,0.0,1.3,1.19,501.0,82.45,0.0,0.0,2.13,2.16,0.0,,,,,,M47
fr_m4a4_sherman,55.0,,,0.0,,4.63,79.0,91.36,0.0,0.0,5.35,3.5,0.0,,,,,,M4A4
f8f1,54.0,50.0,2.0,1.91,1.0,1.72,336.0,51.06,0.41,0.25,2.12,1.17,7.0,,,0.0,,0.0,F8F-1
us_t1e1_90,57.0,100.0,0.0,0.0,1.0,2.16,214.0,32.36,0.0,0.0,2.96,2.67,0.0,,,,,,T1E1_(90)
sw_charioteer_mk_7,54.0,54.35,0.0,0.0,1.04,1.01,246.0,30.36,0.0,0.0,1.37,0.76,0.0,,,,,,Charioteer_Mk_VII
sw_lvkv_42,54.0,55.0,0.0,0.0,2.85,2.85,144.0,36.96,0.24,0.35,0.58,0.79,0.0,,,,,,Lvkv_42
yak-30d,59.0,100.0,4.44,2.83,2.0,0.83,0.0,,,,,,0.0,,,,,,Yak-30D
fr_amx_30_b2_brenus,60.0,85.42,0.0,0.0,2.52,1.7,193.0,69.14,0.0,0.0,3.22,1.97,0.0,,,,,,AMX-30B2_BRENUS
jp_type_3_chi_nu,61.0,56.06,0.0,0.0,2.57,3.88,245.0,91.61,0.0,0.0,3.43,1.46,0.0,,,,,,Chi-Nu
su_30sm2,55.0,48.0,3.42,3.45,0.0,0.0,1133.0,60.41,1.07,1.29,1.62,1.97,7.0,,,0.0,,1.25,Су-30СМ2
pe-2-31,54.0,100.0,0.0,0.0,4.13,4.44,0.0,,,,,,0.0,,,,,,Pe-2-31
it_of_40_mtca,57.0,92.0,0.0,0.0,4.1,2.93,975.0,57.95,0.0,0.0,3.65,2.58,0.0,,,,,,OF-40_(MTCA)
it_43m_turan_3,59.0,100.0,0.0,0.0,3.37,3.2,79.0,50.0,0.0,0.0,2.96,2.74,0.0,,,,,,Turan_III
ussr_su_85_1943,58.0,85.33,0.0,0.0,2.42,2.47,37.0,,,0.0,,3.0,0.0,,,,,,SU-85
ffvs_j22_b,57.0,50.0,2.63,2.14,0.0,0.0,14.0,,,,,,0.0,,,,,,J22-B
it_pzkpfw_VI_ausf_e_tiger,52.0,100.0,0.0,0.0,10.1,8.06,307.0,64.77,0.0,0.0,4.05,3.17,0.0,,,,,,Tigris
yak-4,53.0,100.0,0.51,0.53,8.06,8.47,0.0,,,,,,0.0,,,,,,Yak-4
itp_m1,52.0,96.73,2.9,2.14,3.6,2.61,51.0,53.03,0.89,1.0,1.0,1.28,0.0,,,,,,ITP_(M-1)
f_16a_block_15_adf,56.0,50.0,1.43,1.42,0.5,0.35,82.0,50.0,1.56,0.8,0.0,0.0,22.0,,,1.14,,0.0,F-16A_ADF
jp_tkx_prot,51.0,56.52,0.0,0.0,5.72,5.72,1108.0,56.73,0.0,0.0,1.86,1.67,0.0,,,,,,TKX
us_m3_lee,60.0,66.67,0.2,0.2,3.5,4.2,29.0,,,0.0,,2.45,0.0,,,,,,M3_Lee
germ_pzkpfw_III_ausf_E,56.0,93.16,0.05,0.3,5.58,11.4,60.0,0.0,0.0,0.0,2.36,1.21,0.0,,,,,,Pz.III_E
ussr_t_34_1941_l_11,56.0,100.0,0.0,0.0,4.89,3.19,97.0,6.18,0.0,0.0,1.82,0.87,0.0,,,,,,T-34_(1940)
ussr_pzkpfw_V,54.0,100.0,0.0,0.0,7.06,6.39,103.0,72.82,0.0,0.0,2.12,1.73,0.0,,,,,,T-V
uk_a_13_mk1,51.0,98.28,0.0,0.0,9.33,7.3,0.0,,,,,,0.0,,,,,,A13_Mk_I
pe-2-83,54.0,100.0,0.57,0.52,3.7,3.52,20.0,100.0,0.0,0.0,0.4,0.14,0.0,,,,,,Pe-2-83
ussr_2s38,55.0,50.0,0.0,0.0,0.0,0.0,1574.0,47.85,0.09,0.08,1.16,0.87,0.0,,,,,,2S38
fr_amx_m4,52.0,20.69,0.0,0.0,3.59,2.0,838.0,63.5,0.0,0.0,1.99,1.9,16.0,,,0.0,,3.31,AMX_M4
f-86f-25,55.0,,,0.6,,0.27,44.0,0.0,1.77,1.36,1.85,1.5,0.0,,,,,,F-86F-25
f-4s,55.0,100.0,7.22,2.09,0.89,0.1,648.0,51.66,1.02,1.21,0.04,0.07,10.0,,,1.0,,0.0,F-4S_Phantom_II
it_c1_ariete_certezza,50.0,58.33,0.0,0.0,2.05,3.12,876.0,60.75,0.0,0.0,2.2,1.59,0.0,,,,,,Ariete_Сertezza
xp-50,52.0,100.0,2.76,1.47,0.0,0.0,33.0,50.0,0.0,0.43,0.0,0.0,9.0,,,2.0,,0.0,XP-50
fr_lorraine_40t,55.0,0.0,0.0,0.0,4.0,1.7,406.0,67.52,0.0,0.0,2.48,2.85,0.0,,,,,,Lorraine_40t
p-51d-20-na_j26,54.0,50.0,0.95,1.89,0.0,0.0,6.0,,,1.0,,0.0,0.0,,,,,,J26
sw_strv_74,49.0,100.0,0.0,0.0,3.11,1.43,320.0,51.72,0.0,0.0,2.17,1.42,0.0,,,,,,Strv_74
su-8,49.0,100.0,0.71,0.55,4.08,3.27,7.0,,,0.0,,1.86,0.0,,,,,,Su-8
il_magach_6b,52.0,100.0,0.0,0.0,3.0,1.44,53.0,63.22,0.0,0.0,2.37,4.07,0.0,,,,,,Magach_6B
bf-109f-2,45.0,100.0,15.64,9.24,3.27,1.53,24.0,,,0.0,,1.0,0.0,,,,,,Bf_109_F-2
fr_amx_13_chaffee,49.0,50.0,0.47,0.42,2.47,2.64,140.0,83.03,0.0,0.0,3.42,3.5,0.0,,,,,,AMX-13-M24
germ_pzkpfw_Maus,53.0,76.67,0.0,0.0,4.63,10.7,1138.0,49.92,0.0,0.0,4.57,3.97,0.0,,,,,,Maus
it_semovente_m41m_90,48.0,100.0,0.0,,3.52,,59.0,40.0,0.0,0.0,2.26,1.78,0.0,,,,,,90/53_M41M
it_pzkpfw_IV_ausf_G,52.0,100.0,0.0,0.0,3.32,3.48,39.0,92.16,0.0,0.0,2.12,1.48,0.0,,,,,,Pz.IV_G
f9f-8,52.0,,,0.96,,0.0,267.0,55.76,0.73,0.73,0.3,0.32,0.0,,,,,,F9F-8
he_115a_2_sweden,49.0,100.0,0.6,0.6,9.27,9.89,0.0,,,,,,0.0,,,,,,T_2
ussr_bt_5,54.0,6.67,0.0,0.0,9.03,5.58,479.0,53.99,0.0,0.0,1.88,1.2,0.0,,,,,,BT-5
bf-109g-6_erla_finland,48.0,,,2.09,,0.89,5.0,,,,,,0.0,,,,,,Bf_109_G-6_Erla
us_t26e5,49.0,50.0,0.2,0.3,2.44,3.71,1118.0,59.61,0.0,0.0,3.94,2.92,0.0,,,,,,T26E5
germ_mkpz_m48a2ga2,46.0,86.23,0.0,0.0,1.27,1.57,383.0,36.27,0.0,0.0,1.71,1.55,0.0,,,,,,M48A2_G_A2
germ_kv_2_754r,47.0,66.67,0.0,0.0,4.5,7.58,23.0,,,0.0,,2.52,0.0,,,,,,KW_II_754_(r)
f8u-2,46.0,46.91,1.27,2.33,0.0,0.0,92.0,51.61,0.82,1.28,0.18,0.24,0.0,,,,,,F8U-2
cn_type_64,52.0,8.33,0.0,0.0,3.14,2.4,21.0,42.86,0.0,0.0,3.41,4.21,0.0,,,,,,M64
uk_fv721_fox,46.0,50.0,0.0,0.0,1.0,2.0,665.0,60.07,0.04,0.04,2.04,1.85,0.0,,,,,,Fox
sw_strv_101,49.0,100.0,0.0,0.0,1.69,1.0,378.0,46.84,0.0,0.0,1.54,1.28,0.0,,,,,,Strv_101
tis_ma,48.0,98.41,0.77,0.6,4.52,3.81,45.0,68.23,0.33,0.43,6.64,9.2,120.0,84.41,0.86,0.82,5.17,5.81,TIS_MA
f4u-1d,45.0,95.7,2.43,2.09,4.56,4.06,27.0,0.0,1.0,1.47,2.0,1.94,0.0,,,,,,F4U-1D
f_15e,47.0,78.33,1.21,1.21,0.82,0.82,552.0,67.4,0.84,1.05,2.99,3.82,3.0,,,1.0,,1.0,F-15E
uk_vickers_mbt_mk_1,50.0,50.0,0.0,0.0,1.88,1.82,462.0,54.63,0.0,0.0,1.86,1.89,0.0,,,,,,Vickers_Mk.1
lagg-3-35,46.0,100.0,3.75,2.82,1.0,1.29,0.0,,,,,,0.0,,,,,,LaGG-3-35
bf-109g-2,50.0,54.26,1.74,1.74,0.45,0.45,48.0,83.33,0.83,0.17,1.33,1.5,0.0,,,,,,Bf_109_G-2/trop
sw_ikv_72,47.0,59.62,0.0,0.0,1.4,2.02,0.0,,,,,,0.0,,,,,,Ikv_72
yak-15_early,45.0,50.0,1.5,2.22,0.0,0.0,55.0,100.0,2.69,2.29,0.62,0.47,0.0,,,,,,Yak-15P
sw_strv_103a,47.0,0.0,0.0,0.0,0.91,0.63,176.0,59.68,0.0,0.0,3.08,1.76,0.0,,,,,,Strv_103A
p-63a-10_ussr,45.0,100.0,0.84,0.84,4.13,4.13,87.0,100.0,0.15,0.28,3.29,4.55,0.0,,,,,,P-63A-10
germ_boxer_3105,46.0,67.39,0.0,0.0,2.35,2.7,68.0,0.0,0.0,0.0,2.91,2.58,0.0,,,,,,Boxer_MGS
it_centauro_rgo_120,45.0,63.46,0.0,0.0,2.12,3.62,213.0,51.38,0.0,0.0,2.82,2.2,0.0,,,,,,Centauro_RGO
firefly_mk4_netherlands,44.0,3.33,2.4,1.65,1.4,0.88,81.0,97.02,0.71,0.56,2.32,3.05,0.0,,,,,,◘Firefly_F.Mk.IV
vb_10c1,48.0,48.08,5.52,3.52,0.0,0.0,35.0,100.0,2.43,2.71,0.7,1.0,0.0,,,,,,VB.10C-1
it_ab_43,44.0,100.0,0.0,0.0,3.86,3.86,7.0,100.0,0.0,0.0,2.0,2.0,0.0,,,,,,AB_43
uk_shir_2,42.0,80.95,0.0,0.0,2.83,2.65,248.0,79.73,0.0,0.0,6.55,3.52,0.0,,,,,,FV4030/3
fr_jaguar_ebrc,42.0,50.0,0.5,0.5,2.39,2.39,289.0,60.8,0.0,0.0,2.11,1.27,0.0,,,,,,EBRC_Jaguar
ussr_t_72m2_moderna,46.0,50.0,0.0,0.0,1.32,1.86,233.0,56.2,0.0,0.0,3.25,2.9,0.0,,,,,,T-72M2_Moderna
uk_a_34_comet,43.0,100.0,0.0,0.0,2.0,0.94,69.0,61.54,0.0,0.0,4.12,2.7,0.0,,,,,,Comet_I
tu-2_postwar_late,45.0,40.63,0.0,0.0,0.0,0.0,42.0,,,0.0,,2.44,24.0,85.0,0.0,0.0,1.6,1.9,Tu-2S-59
ki_61_1a_hei,44.0,0.0,2.0,2.14,0.0,0.0,35.0,59.62,1.15,2.38,0.46,0.67,0.0,,,,,,Ki-61-I_hei
p-51k,43.0,14.29,1.74,1.37,0.33,0.23,3.0,100.0,1.0,,0.0,,0.0,,,,,,P-51K_(China)
yak-38m,47.0,100.0,2.56,1.16,1.0,0.32,34.0,0.0,0.0,0.0,0.0,0.0,0.0,,,,,,Yak-38M
germ_radpanzer_90,44.0,,,0.0,,1.08,560.0,54.02,0.0,0.0,1.95,1.37,0.0,,,,,,Radkampfwagen_90
ussr_2s3m,45.0,62.07,0.0,0.0,3.07,2.65,192.0,39.18,0.09,0.13,0.91,1.0,0.0,,,,,,2S3M
us_m60a2,44.0,54.35,0.0,0.0,1.46,1.46,72.0,55.13,0.0,0.0,2.86,2.7,0.0,,,,,,M60A2
f-82e,46.0,88.1,1.12,1.6,0.0,0.0,72.0,66.74,0.05,0.05,0.77,1.01,0.0,,,,,,F-82E
fr_lorraine_100,42.0,50.0,0.0,0.0,1.0,0.86,61.0,64.29,0.0,0.0,2.54,4.16,0.0,,,,,,CA_Lorraine
f6f-3,41.0,93.89,0.55,0.47,7.07,6.26,115.0,82.04,0.72,0.41,4.65,2.72,0.0,,,,,,F6F-5
us_mk1_grant,47.0,80.39,0.18,0.5,2.76,5.0,9.0,14.29,0.0,0.0,0.0,0.0,0.0,,,,,,Grant_I
cn_m4a4_sherman_1st_ptg,43.0,47.73,0.14,0.06,1.91,2.75,9.0,50.0,0.0,0.0,2.17,4.33,0.0,,,,,,M4A4_(1st_PTG)_(China)
it_p_26_40,42.0,100.0,0.0,0.0,3.22,3.2,6.0,100.0,0.0,0.0,8.0,5.75,0.0,,,,,,"P40_""G.C._Leoncello"""
us_m3_bradley,42.0,50.0,0.0,0.0,0.31,0.28,508.0,57.73,0.02,0.02,1.48,1.27,0.0,,,,,,M3_Bradley
it_leopard_2a4,40.0,50.0,0.0,0.0,3.15,6.3,180.0,48.79,0.0,0.0,2.27,1.58,0.0,,,,,,◔Leopard_2A4
cf_188a_canada,41.0,100.0,3.65,3.65,0.0,0.0,343.0,49.02,1.27,1.6,0.15,0.18,1.0,,,1.0,,1.0,CF-188A
typhoon_mk1b_late,40.0,0.0,3.6,2.22,0.73,0.46,114.0,56.61,1.38,1.78,2.45,3.14,3.0,,,0.33,,1.0,Typhoon_Mk_Ib/L
b_239_finland,44.0,50.0,1.21,2.11,0.0,0.0,17.0,100.0,2.0,2.0,2.0,2.0,0.0,,,,,,B-239
ussr_su_152,44.0,100.0,0.0,0.0,5.5,2.74,153.0,39.09,0.0,0.0,1.44,1.42,0.0,,,,,,SU-152
il_m48a1_patton_III,41.0,50.0,0.0,0.0,1.5,2.15,55.0,66.67,0.0,0.0,1.33,0.78,0.0,,,,,,Magach_1
f4u-4,41.0,87.5,1.75,0.81,2.25,0.69,383.0,62.28,0.47,0.32,1.36,0.94,0.0,,,,,,F4U-4
mb_157,45.0,32.5,4.85,4.98,0.0,0.0,53.0,79.17,2.73,8.96,0.72,1.83,0.0,,,,,,M.B.157
mig_27m,44.0,30.7,0.58,0.95,0.03,0.03,73.0,41.3,1.0,0.68,1.59,1.31,26.0,,,0.0,,1.0,MiG-27M
yak-3u,42.0,4.9,0.89,1.19,0.0,0.0,80.0,100.0,5.12,5.12,0.27,0.27,0.0,,,,,,Yak-3U
germ_sdkfz_6_2_flak36,39.0,100.0,1.5,1.5,12.0,12.0,18.0,,,,,,0.0,,,,,,Sd.Kfz._6/2
uk_centurion_mk_10,43.0,50.0,0.0,0.0,2.17,2.48,183.0,20.0,0.0,0.0,1.84,1.41,0.0,,,,,,Centurion_Mk_10
uk_a_22f_mk_7_churchill_1944,39.0,53.57,0.0,0.0,5.32,7.65,404.0,72.49,0.0,0.0,4.83,3.31,0.0,,,,,,Churchill_VII
il_tiran_6,43.0,50.0,0.0,0.0,1.48,2.95,56.0,69.44,0.0,0.0,2.82,1.94,0.0,,,,,,Tiran_6
jp_m4a3e8_76w_sherman,43.0,87.5,0.23,0.14,4.06,3.63,922.0,72.55,0.0,0.0,2.7,2.08,0.0,,,,,,M4A3_(76)_W
mig-17_f5,41.0,100.0,2.0,1.71,0.0,0.0,71.0,100.0,3.36,3.61,2.3,2.02,0.0,,,,,,Shenyang_F-5
il_merkava_mk_1,44.0,50.0,0.0,0.0,1.88,1.89,55.0,50.0,0.0,0.0,0.83,1.98,0.0,,,,,,Merkava_Mk.1
us_xm1_gm,42.0,100.0,0.0,0.0,2.43,1.73,947.0,65.57,0.0,0.0,3.62,2.25,0.0,,,,,,XM1_(GM)
mig_29_9_13,43.0,33.33,1.49,1.79,0.18,0.18,34.0,63.33,1.2,1.6,0.5,0.6,0.0,,,,,,MiG-29
us_t95e1,42.0,100.0,0.0,0.0,2.25,1.44,372.0,48.01,0.0,0.0,1.47,1.38,0.0,,,,,,T95E1
cn_type_69_2g,40.0,,,0.0,,1.0,131.0,68.67,0.0,0.0,3.16,2.11,0.0,,,,,,T-69_II_G
p-51d-20_china,39.0,100.0,3.0,1.3,1.0,0.3,55.0,100.0,0.0,0.0,1.4,0.33,0.0,,,,,,P-51D-20_(China)
us_m18_hellcat_black_cat,42.0,91.23,0.08,0.15,4.55,5.15,1403.0,79.34,0.0,0.0,2.76,2.36,0.0,,,,,,"M18_""Black_Cat"""
sw_bkan_1c,38.0,45.0,1.65,3.0,0.45,0.9,264.0,32.63,0.45,0.22,1.94,1.24,0.0,,,,,,Bkan_1C
cn_is_2_1943,41.0,21.88,0.0,0.0,3.13,3.13,85.0,67.0,0.0,0.0,1.65,1.2,0.0,,,,,,IS-2_(China)
germ_stug_III_ausf_G,40.0,100.0,0.0,0.0,3.32,1.09,178.0,29.68,0.0,0.0,3.05,2.16,0.0,,,,,,StuG_III_G
f-4m_fgr2,40.0,100.0,4.0,1.12,0.0,0.0,25.0,37.5,0.0,0.0,0.0,0.0,0.0,,,,,,Phantom_FGR.2
uk_challenger_1,37.0,57.14,0.0,0.0,4.07,2.72,223.0,41.0,0.0,0.0,6.01,2.37,0.0,,,,,,Challenger_Mk.2
germ_sdkfz_234_2,43.0,84.85,0.0,0.0,1.0,1.23,947.0,42.92,0.0,0.0,1.14,0.98,0.0,,,,,,Sd.Kfz.234/2
uk_ac1_sentinel,38.0,100.0,0.0,0.0,0.42,0.21,0.0,,,,,,0.0,,,,,,A.C.I
c_3604,39.0,76.79,2.45,3.63,2.41,2.62,33.0,0.0,0.28,0.14,2.84,2.2,0.0,,,,,,◌С-3604
uk_cruiser_ram_1,39.0,34.21,0.34,0.25,1.97,2.25,44.0,100.0,0.0,0.0,5.0,2.17,0.0,,,,,,Ram_I
germ_pzkpfw_III_ausf_N,38.0,66.67,0.0,0.0,4.04,2.66,59.0,42.94,0.0,0.0,4.21,4.21,0.0,,,,,,Pz.III_N
f4u-4b,38.0,76.47,1.24,1.24,1.59,1.59,783.0,67.49,0.52,0.49,1.72,1.62,45.0,,,4.21,,0.0,F4U-4B
jp_m44,42.0,50.0,0.0,0.0,2.93,2.93,517.0,60.51,0.0,0.0,1.46,1.11,0.0,,,,,,M44
us_m4_sherman,40.0,56.25,0.0,0.0,3.94,7.25,146.0,41.43,0.0,0.0,4.31,3.84,0.0,,,,,,M4
fr_m4a1_sherman,36.0,,,0.0,,2.85,78.0,100.0,0.0,0.0,4.7,2.81,0.0,,,,,,M4A1
germ_kanonenjagdpanzer,37.0,100.0,0.0,0.0,2.0,1.0,155.0,9.41,0.0,0.0,2.8,0.98,22.0,0.0,0.0,0.0,1.0,1.0,JPz_4-5
uk_centurion_mk_5_avre_era,37.0,50.0,0.0,0.0,1.0,1.29,60.0,56.82,0.0,0.0,1.0,1.0,0.0,,,,,,Centurion_Mk.5_AVRE
b7a2,39.0,50.0,1.0,2.0,1.0,2.0,10.0,100.0,2.2,,4.6,,0.0,,,,,,B7A2
ussr_m4a2_76w_sherman,37.0,100.0,0.0,0.0,3.06,5.0,137.0,69.7,0.0,0.0,5.8,5.45,0.0,,,,,,M4A2
il_sabra_mk1,42.0,50.0,0.0,0.0,1.4,2.46,28.0,50.0,0.0,0.0,2.63,3.35,0.0,,,,,,Sabra_Mk.I
il_magach_6b_gal,41.0,80.7,0.0,0.0,1.0,1.0,251.0,47.31,0.0,0.0,1.78,1.45,0.0,,,,,,Magach_6B_Gal
ussr_su_100_1945,36.0,84.09,0.0,0.0,1.32,1.38,51.0,0.0,0.0,0.0,2.0,1.71,0.0,,,,,,SU-100
bf-109f-1,37.0,62.82,3.27,6.74,0.0,0.0,27.0,0.0,0.0,0.82,1.0,0.27,0.0,,,,,,Bf_109_F-1
jp_type_95_so_ki,39.0,0.0,1.0,1.0,0.0,0.0,172.0,100.0,1.43,0.86,0.0,0.0,0.0,,,,,,So-Ki
su_27,41.0,48.89,0.95,1.12,0.0,0.0,132.0,45.54,1.61,1.79,0.07,0.09,0.0,,,,,,Su-27
jp_type_74_c,37.0,100.0,0.0,0.0,2.0,1.0,420.0,61.7,0.0,0.0,2.59,1.63,0.0,,,,,,Type_74_(C)
germ_pzkpfw_IV_ausf_J,33.0,46.0,0.08,0.12,0.93,1.71,53.0,59.62,0.0,0.0,1.5,1.28,0.0,,,,,,Pz.IV_J
p-47d-28,38.0,100.0,3.0,0.85,9.75,3.83,129.0,48.71,1.75,2.38,1.04,1.39,2.0,,,,,,P-47D-28
p-39n,38.0,100.0,3.0,3.23,0.5,0.7,43.0,50.0,1.0,2.47,0.5,0.93,0.0,,,,,,P-39N-0
it_m26a1_pershing,32.0,75.0,0.0,0.0,3.17,4.17,67.0,45.16,0.0,0.0,1.6,1.66,0.0,,,,,,M26A1
cn_m10,38.0,100.0,0.0,0.0,4.38,3.65,57.0,100.0,0.0,0.0,2.25,1.03,0.0,,,,,,M10_GMC_(China)
av_8c,34.0,50.0,1.28,1.45,0.5,0.71,15.0,,,0.0,,3.47,0.0,,,,,,AV-8C
us_mbt_70,35.0,100.0,0.0,0.0,2.67,2.67,1933.0,60.55,0.0,0.0,1.78,1.56,0.0,,,,,,MBT-70
il_magach_2,34.0,54.45,0.0,0.0,1.43,2.73,0.0,,,,,,0.0,,,,,,Magach_2
it_m18_hellcat,39.0,100.0,0.0,0.0,2.9,2.19,275.0,64.27,0.0,0.0,2.27,1.94,0.0,,,,,,M18
vb_10_02,38.0,0.0,1.0,1.7,0.2,0.1,14.0,,,1.0,,1.0,0.0,,,,,,VB.10-02
fr_amx_13_dca_40,35.0,100.0,0.0,0.11,1.0,0.08,234.0,70.22,0.05,0.04,1.37,1.21,0.0,,,,,,AMX-13_DCA_40
us_m19,36.0,27.27,0.41,0.7,0.37,0.59,67.0,0.0,0.44,0.27,2.96,2.34,0.0,,,,,,M19A1
us_m4_sherman_calliope,36.0,100.0,0.1,0.1,8.1,8.1,24.0,86.36,0.0,0.0,6.23,6.23,0.0,,,,,,Calliope
uk_valentine_mk_11,34.0,94.45,0.05,1.0,8.55,19.0,13.0,50.0,0.0,0.0,3.0,3.0,0.0,,,,,,Valentine_XI
us_ccvl,34.0,100.0,0.0,0.0,8.0,4.0,39.0,,,0.0,,3.1,0.0,,,,,,CCVL
uk_m3_stuart,39.0,38.89,0.0,0.0,0.37,0.5,0.0,,,,,,0.0,,,,,,Stuart_I
p-51d-5,37.0,50.0,0.5,0.8,0.5,0.66,47.0,55.36,0.0,0.0,0.0,0.0,0.0,,,,,,P-51D-5
hurricane_mk1_late_finland,38.0,50.0,1.21,1.21,0.0,0.0,0.0,,,,,,0.0,,,,,,Hurricane_Mk_I/L
us_adats_bradley,34.0,17.24,0.12,0.21,0.0,0.0,712.0,49.46,0.75,0.55,0.41,0.3,7.0,0.0,1.0,1.0,0.0,0.0,ADATS
b-29,37.0,86.91,0.05,0.09,6.55,6.95,0.0,,,,,,0.0,,,,,,B-29A-BN
ussr_is_2_1944_321,40.0,100.0,0.0,0.0,6.2,6.2,24.0,88.46,0.0,0.0,5.09,5.09,0.0,,,,,,IS-2_No.321
su_34,36.0,50.0,2.88,3.47,0.73,1.28,460.0,61.55,0.32,0.38,1.61,1.73,44.0,,,0.3,,0.27,Су-34
a_10a_early,34.0,0.0,3.0,1.86,4.0,1.61,234.0,63.15,0.8,0.75,4.66,4.24,0.0,,,,,,A-10A
uk_17_pdr_m10_achilles_norfolk_yeomanry,34.0,100.0,0.0,0.0,3.77,3.26,23.0,100.0,0.71,0.08,4.21,1.75,0.0,,,,,,Achilles_(65_Rg.)
fr_amx_30_b2,36.0,89.13,0.0,0.0,1.33,1.56,124.0,67.24,0.0,0.0,2.46,2.48,3.0,,,,,,AMX-30B2
saab_a21rb,34.0,,,1.0,,0.29,17.0,100.0,1.0,0.62,1.0,1.0,0.0,,,,,,A21RB
i-16_type27,32.0,,,2.6,,0.0,10.0,100.0,2.0,,6.0,,0.0,,,,,,I-16_type_27
us_m22_locust,34.0,,,0.0,,1.58,152.0,19.64,0.0,0.0,3.03,1.37,0.0,,,,,,M22
cn_m24_chaffee,40.0,87.3,0.0,0.0,1.81,1.85,99.0,60.28,0.0,0.0,2.06,1.39,0.0,,,,,,M24_(China)
p-63a-10,35.0,5.0,1.0,1.0,0.15,1.06,282.0,58.04,0.26,0.35,0.71,0.85,0.0,,,,,,P-63A-10
uk_sherman_vc_firefly_kit_3rank,33.0,100.0,0.0,0.0,2.13,1.57,59.0,100.0,0.0,0.0,3.05,2.07,0.0,,,,,,Firefly_(Overlord)
mosquito_fb_mk6_norway,35.0,50.0,1.34,2.0,0.53,0.61,66.0,52.15,0.08,0.13,0.85,1.27,0.0,,,,,,◢Mosquito_FB.Mk.VI
ar_2,37.0,100.0,0.06,0.03,8.68,7.92,0.0,,,,,,0.0,,,,,,Ar-2
sw_pvkv_m43_1963,32.0,50.0,0.0,0.0,2.5,4.81,39.0,,,0.0,,1.0,0.0,,,,,,Pvkv_m/43_(1963)
j_7e,37.0,50.0,2.89,2.38,0.0,0.0,38.0,18.18,4.91,4.91,0.73,0.73,0.0,,,,,,J-7E
it_palmaria,37.0,0.0,0.0,0.0,4.31,2.31,71.0,50.0,0.0,0.0,1.5,2.08,0.0,,,,,,Palmaria
jp_type_16,35.0,70.45,0.0,0.0,1.7,1.7,203.0,60.26,0.0,0.0,2.1,1.7,0.0,,,,,,Type_16
ki_61_2_early,32.0,62.5,1.29,2.0,0.88,1.23,7.0,100.0,1.0,1.0,1.0,1.0,0.0,,,,,,Ki-61-II_Otsu_Kai
fr_leclerc_s1,36.0,50.0,0.0,0.0,1.0,1.0,183.0,55.38,0.0,0.0,2.77,2.32,0.0,,,,,,Leclerc
bf-109f-4_usa,32.0,84.62,2.11,2.36,0.0,0.0,43.0,50.0,0.58,1.17,0.58,1.17,0.0,,,,,,Bf_109_F-4
ussr_btr_zd,34.0,0.0,1.0,1.88,0.47,0.88,320.0,65.31,0.94,0.6,0.81,0.52,5.0,,,,,,BTR-ZD
ussr_2s19_m1,36.0,53.97,0.0,0.0,0.9,1.36,204.0,47.44,0.02,0.02,0.88,0.67,0.0,,,,,,2С19М1
f_14a_iriaf,34.0,96.55,5.48,5.69,0.0,0.0,339.0,58.54,1.92,2.31,0.12,0.17,16.0,,,2.0,,0.0,F-14A_IRIAF
it_c1_ariete_preserie,30.0,72.22,0.0,0.0,3.25,5.0,288.0,56.29,0.0,0.0,2.38,2.06,0.0,,,,,,Ariete_(P)
cn_ptz_89,35.0,50.0,0.0,0.0,1.65,2.33,67.0,98.49,0.0,0.0,5.22,3.7,0.0,,,,,,PTZ89
j_7d,37.0,59.26,2.91,2.19,0.0,0.0,137.0,90.65,3.01,2.88,0.95,0.57,0.0,,,,,,J-7D
f8f1b,34.0,92.31,1.31,1.3,0.08,0.07,782.0,77.26,0.95,0.88,2.44,2.23,0.0,,,,,,F8F-1B
cn_t_62,32.0,,,,,,22.0,,,,,,0.0,,,,,,Т-62_№545
germ_panzerjager_tiger_P_elefant,31.0,100.0,0.0,0.0,7.65,8.81,11.0,,,0.0,,2.0,0.0,,,,,,Elefant
spitfire_mk9c_4cannons,34.0,100.0,4.0,4.0,0.0,0.0,23.0,100.0,1.6,1.26,1.0,1.0,1.0,,,0.0,,1.0,Spitfire_F_Mk_IXc
thunderbolt_mk1,32.0,100.0,1.5,1.23,3.57,3.71,58.0,89.4,0.0,0.0,2.22,2.05,0.0,,,,,,Thunderbolt_Mk.1
spitfire_ix_plagis,34.0,100.0,3.5,3.5,0.0,0.0,0.0,,,,,,0.0,,,,,,Plagis'_Spitfire_LF_Mk_IXc
a6m5otsu,34.0,0.0,7.29,3.65,0.35,0.18,93.0,53.72,0.83,1.77,0.67,1.5,0.0,,,,,,A6M5_otsu
germ_sdkfz_251_9,34.0,100.0,0.0,0.0,2.13,4.0,0.0,,,,,,0.0,,,,,,Sd.Kfz.251/9
it_semovente_m43_105_leoncello,33.0,100.0,0.0,0.0,3.24,3.24,0.0,,,,,,0.0,,,,,,"M43_""G.C.Leoncello"""
spitfire_ix,34.0,100.0,3.5,3.5,0.0,0.0,38.0,50.0,0.63,1.25,0.13,0.25,8.0,0.0,5.0,2.5,0.0,0.0,Spitfire_LF_Mk_IX
spitfire_mk5c_notrop,35.0,100.0,6.06,6.06,0.0,0.0,77.0,100.0,2.43,2.4,1.93,1.8,0.0,,,,,,Spitfire_Mk_Vc
germ_pzkpfw_III_ausf_M,32.0,58.33,0.0,0.0,3.67,2.8,27.0,66.67,0.0,0.0,2.3,2.21,0.0,,,,,,Pz.III_M
spitfire_mk5c,34.0,100.0,4.35,4.35,0.0,0.0,25.0,100.0,2.57,1.3,3.71,0.78,4.0,,,,,,Spitfire_Mk_Vc/trop
fr_amx_13_fl_11,34.0,100.0,0.0,0.0,3.27,1.8,108.0,50.0,0.0,0.0,2.05,1.98,0.0,,,,,,AMX-13_(FL11)
fr_m36b2_cefeo,33.0,100.0,0.0,0.0,2.57,2.5,111.0,51.18,0.0,0.0,2.55,2.37,0.0,,,,,,M36B2
bf-109g-2_finland,31.0,,,4.27,,2.09,29.0,100.0,3.73,3.73,0.73,0.73,0.0,,,,,,Bf_109_G-2
ussr_asu_57,33.0,100.0,0.0,0.0,0.4,0.87,129.0,80.0,0.0,0.0,3.6,1.06,0.0,,,,,,ASU-57
cn_ztz_99a,29.0,66.67,0.0,0.0,4.17,4.58,287.0,72.89,0.0,0.0,3.39,2.53,0.0,,,,,,ZTZ99A
us_m42_duster,33.0,,,,,,399.0,51.62,0.34,0.29,1.1,0.89,0.0,,,,,,M42
sw_strv_81,32.0,100.0,0.0,0.0,0.26,0.26,163.0,35.42,0.0,0.0,0.99,0.88,0.0,,,,,,Strv_81
su-2_m82,31.0,100.0,2.44,2.44,5.6,5.6,0.0,,,,,,0.0,,,,,,Su-2_(M-82)
cr_32,31.0,,,1.88,,1.88,0.0,,,,,,0.0,,,,,,CR.32
ussr_is_3,30.0,45.45,0.0,0.0,1.41,2.56,194.0,49.12,0.0,0.0,2.56,2.57,0.0,,,,,,IS-3
mig_29_9_12,29.0,73.68,0.74,0.74,0.0,0.0,17.0,50.0,0.5,0.91,0.0,0.82,8.0,,,1.0,,0.0,МиГ-29_(9-12)
germ_pz_IV_L70,32.0,100.0,0.0,0.0,2.11,3.0,283.0,26.18,0.0,0.0,2.93,2.15,0.0,,,,,,Panzer_IV/70(V)
su-7bkl,31.0,0.0,1.0,0.76,1.0,0.8,103.0,0.0,0.72,0.52,1.34,0.99,0.0,,,,,,Su-7BKL
it_m36b1,33.0,100.0,0.25,0.16,2.49,1.55,63.0,89.17,0.0,0.0,1.7,1.9,0.0,,,,,,M36B1
ussr_t_72b3_arena,32.0,,,0.0,,0.73,522.0,50.36,0.0,0.0,1.86,1.58,13.0,100.0,0.0,0.0,2.4,2.4,"Т-72Б3_""Арена"""
su_25tm,28.0,100.0,3.0,1.5,9.0,4.5,503.0,65.32,0.4,0.53,2.9,3.68,20.0,,,0.0,,0.0,Su-39
uk_a_13_mk2_1939,30.0,100.0,0.0,0.0,11.0,11.0,7.0,,,,,,0.0,,,,,,A13_Mk_II_1939
cn_al_khalid_1,28.0,50.0,0.0,0.0,3.14,3.14,1121.0,52.88,0.0,0.0,2.07,1.63,33.0,84.32,0.0,0.0,1.14,1.14,Al-Khalid-I
cn_ztz_96b,28.0,50.0,0.0,0.0,1.89,3.79,863.0,61.68,0.0,0.0,2.9,2.48,0.0,,,,,,ZTZ96B
f-84g_thailand,30.0,,,0.0,,1.0,34.0,78.67,0.21,0.4,0.98,1.28,0.0,,,,,,F-84G-21-RE
bf-109g-6,31.0,66.67,1.3,1.15,0.3,0.15,30.0,100.0,2.97,2.97,0.2,0.2,0.0,,,,,,Bf_109_G-6
il_magach_6b_gal_batash,31.0,0.0,0.0,0.0,2.0,1.0,32.0,50.0,0.0,0.0,2.75,1.94,0.0,,,,,,Gal_Batash
it_stug_III_ausf_G,31.0,100.0,0.0,0.0,1.0,1.0,41.0,100.0,0.0,0.0,2.0,2.0,0.0,,,,,,StuG_III_G
fw-190f-8,31.0,0.0,1.0,1.33,0.0,0.0,253.0,52.67,0.77,0.89,1.07,1.18,0.0,,,,,,Fw_190_F-8
ussr_bmp_2,31.0,100.0,0.0,0.0,0.0,0.0,694.0,45.82,0.0,0.0,1.35,0.93,8.0,100.0,0.0,0.0,1.0,1.0,BMP-2
mc-205_serie1,29.0,100.0,11.89,10.33,0.0,0.0,0.0,,,,,,0.0,,,,,,C._205_serie_1
cn_type_65_aa,27.0,46.43,1.0,2.0,0.54,1.0,25.0,,,0.0,,1.0,0.0,,,,,,Phòng_không_T-34
cn_m4a4_sherman,30.0,100.0,0.0,0.0,4.05,4.05,18.0,50.0,0.0,0.0,2.5,5.0,0.0,,,,,,M4A4_(China)
f-4jk,28.0,100.0,2.0,1.79,0.0,0.0,31.0,88.46,0.42,0.27,0.0,0.0,0.0,,,,,,F-4J(UK)_Phantom_II
ussr_t_72b3_2011,27.0,50.0,0.0,0.0,1.5,2.67,1257.0,53.77,0.0,0.0,1.9,1.58,0.0,,,,,,T-72B3
la_174,35.0,71.43,4.9,6.8,0.6,0.8,0.0,,,,,,0.0,,,,,,La-174
a-26b_10,29.0,100.0,0.0,0.0,4.43,3.83,0.0,,,,,,0.0,,,,,,A-26B-10
su_25,27.0,82.35,1.24,1.05,1.18,1.29,396.0,48.88,0.86,0.85,1.76,1.72,0.0,,,,,,Su-25
fokker_d23,27.0,,,2.74,,0.0,0.0,,,,,,0.0,,,,,,◗Fokker_D.XXIII
spitfire_mk9c_iaf,27.0,,,1.33,,0.0,11.0,66.67,2.0,3.43,0.0,1.14,0.0,,,,,,Spitfire_Mk_IXc_(Israel)
us_m103,29.0,50.0,0.0,0.0,1.5,3.0,273.0,43.7,0.0,0.0,1.92,1.35,0.0,,,,,,M103
il_amx_13_75,26.0,,,0.0,,2.0,130.0,50.0,0.0,0.0,3.41,1.42,0.0,,,,,,AMX-13_(Israel)
sm_92,27.0,100.0,1.08,1.04,0.08,0.04,39.0,50.0,0.5,1.0,0.0,0.0,0.0,,,,,,SM.92
su-7b,27.0,,,0.0,,0.63,78.0,33.33,0.3,0.36,0.35,0.33,0.0,,,,,,Su-7B
us_m6a2e1,29.0,100.0,0.0,0.0,11.0,11.0,36.0,100.0,0.0,0.0,6.11,5.0,0.0,,,,,,M6A2E1
cn_m41_a3_walker_bulldog,31.0,33.33,0.0,0.0,1.12,1.11,30.0,100.0,0.0,0.0,3.75,1.89,0.0,,,,,,M41A3_(China)
ki_32,25.0,,,0.0,,4.59,0.0,,,,,,0.0,,,,,,Ki-32
er-2_m105_mv3,26.0,100.0,0.0,0.0,6.88,6.76,6.0,,,,,,0.0,,,,,,Yer-2_(M-105)
pe-2-110,27.0,100.0,1.0,0.35,4.0,3.19,0.0,,,,,,0.0,,,,,,Pe-2-110
uk_crusader_mk_3,28.0,,,0.0,,2.2,103.0,56.55,0.0,0.0,3.69,2.39,0.0,,,,,,Crusader_III
sw_leopard_2a4_fin,28.0,48.21,0.0,0.0,1.0,1.96,431.0,47.59,0.0,0.0,1.62,1.45,0.0,,,,,,Leopard_2A4
a5m4,26.0,50.0,1.0,1.75,0.0,0.0,0.0,,,,,,0.0,,,,,,A5M4
sw_stormpjas_fm43_44,27.0,,,0.0,,4.0,0.0,,,,,,0.0,,,,,,Spj_fm/43-44
me-410b-1_u2,27.0,92.5,0.93,0.78,0.4,0.46,0.0,,,,,,0.0,,,,,,Me_410_B-1/U2
me-410a-1_u2,27.0,,,1.19,,0.0,2.0,,,0.0,,0.0,0.0,,,,,,Me_410_A-1/U2
f9f-2,28.0,,,0.0,,0.93,36.0,,,0.56,,0.0,0.0,,,,,,F9F-2
saab_a21a_3,26.0,,,1.57,,0.0,86.0,10.56,1.28,0.88,2.25,1.88,0.0,,,,,,A21A-3
jp_st_a3,24.0,81.48,0.0,0.0,1.44,1.25,368.0,67.73,0.0,0.0,2.26,1.9,0.0,,,,,,ST-A3
p-63a-5_ussr,28.0,,,1.0,,0.69,101.0,61.78,1.18,1.18,2.53,2.47,0.0,,,,,,P-63A-5
sw_strv_121,28.0,48.21,0.0,0.0,0.93,1.79,702.0,46.49,0.0,0.0,1.54,1.35,0.0,,,,,,Strv_121
p-400,28.0,100.0,3.0,2.54,0.0,0.0,42.0,0.0,0.07,0.02,2.79,1.25,0.0,,,,,,P-400
mig-19s,26.0,,,0.0,,0.0,0.0,,,,,,0.0,,,,,,◊MiG-19S
ussr_btr_152d,28.0,50.0,0.7,1.0,0.0,0.0,198.0,3.62,1.33,0.68,0.0,0.0,0.0,,,,,,BTR-152D
ki_100_2,26.0,,,0.12,,0.0,89.0,70.7,0.52,0.61,1.57,1.53,0.0,,,,,,Ki-100-II
hurricanemkii,27.0,100.0,5.0,4.88,2.0,2.0,20.0,,,,,,0.0,,,,,,Hurricane_Mk_IIB/Trop
ki_43_2,26.0,,,,,,19.0,94.87,0.0,0.0,1.34,1.38,0.0,,,,,,Ki-43-II
l_39za,25.0,,,1.39,,2.39,8.0,100.0,0.0,0.0,2.0,0.67,0.0,,,,,,L-39ZA_Albatros
us_t32e1,26.0,50.0,0.0,0.0,3.0,3.0,103.0,36.9,0.0,0.0,2.0,1.9,0.0,,,,,,T32E1
pe-3_early,26.0,100.0,1.11,1.08,2.78,2.72,0.0,,,,,,0.0,,,,,,Pe-3_(e)
germ_pzkpfw_III_ausf_B,27.0,100.0,0.0,,2.96,,32.0,95.0,0.0,0.0,2.55,1.4,0.0,,,,,,Pz.III_B
pe-2-359,26.0,100.0,0.43,0.35,4.05,3.77,0.0,,,,,,0.0,,,,,,Pe-2-359
lagg-3-11,25.0,100.0,3.45,3.45,0.09,0.09,0.0,,,,,,0.0,,,,,,LaGG-3-11
fw-190a-1,27.0,80.77,6.5,8.23,1.31,1.69,9.0,50.0,0.5,1.0,0.5,1.0,0.0,,,,,,Fw_190_A-1
us_m48a1_patton_III,26.0,50.0,0.0,0.0,1.5,1.5,167.0,47.42,0.0,0.0,1.09,1.2,0.0,,,,,,M48A1
cn_type_62,26.0,,,0.0,,1.35,130.0,57.85,0.0,0.0,1.64,1.2,14.0,,,0.0,,1.0,Type_62
yak-17,25.0,,,1.19,,0.0,0.0,,,,,,0.0,,,,,,Yak-17
fr_amd_35_sa35,26.0,,,0.0,,1.0,0.0,,,,,,0.0,,,,,,AMD.35_(SA35)
sw_strv_104,26.0,50.0,0.0,0.0,1.5,2.6,203.0,46.89,0.0,0.0,2.34,2.09,0.0,,,,,,Strv_104
p-40e,25.0,,,1.96,,0.0,34.0,28.57,1.43,0.61,0.71,0.39,0.0,,,,,,P-40E-1
p-51c-10-nt,26.0,,,,,,92.0,34.95,1.1,1.06,0.63,0.61,0.0,,,,,,P-51C-10
f-80,27.0,,,,,,13.0,,,,,,0.0,,,,,,F-80C-10
p-47d_22_re,27.0,,,0.0,,0.0,29.0,100.0,0.53,0.53,0.27,0.27,0.0,,,,,,P-47D-22-RE
us_m8a1,25.0,100.0,0.0,0.0,9.0,9.0,41.0,,,0.0,,2.45,0.0,,,,,,M8A1_GMC
ussr_object_248,28.0,100.0,0.0,0.0,7.15,7.17,47.0,44.44,0.0,0.0,5.72,5.04,0.0,,,,,,Object_248
ussr_object_279,21.0,100.0,0.0,0.0,6.79,6.79,179.0,69.02,0.0,0.0,4.38,3.12,7.0,,,0.0,,1.0,Object_279
cn_ztz_88b,27.0,86.11,0.0,0.0,3.81,4.5,181.0,60.57,0.0,0.0,1.41,1.42,1.0,,,,,,ZTZ88B
uk_sp_17_pdr_valentine,26.0,50.0,0.5,1.0,0.5,1.0,0.0,,,,,,0.0,,,,,,Archer
f4u-1a,22.0,100.0,1.78,1.78,1.0,1.0,28.0,,,,,,0.0,,,,,,F4U-1A
jp_m42_duster,27.0,37.78,0.65,1.07,0.83,1.47,389.0,77.11,0.41,0.28,1.07,0.68,0.0,,,,,,M42
cn_type_97_kai,26.0,,,0.0,,1.35,0.0,,,,,,0.0,,,,,,Chi-Ha_Kai_(China)
mig_3_series_34,24.0,100.0,3.67,3.24,1.0,0.08,0.0,,,,,,0.0,,,,,,MiG-3-34
cn_m55,26.0,22.73,0.0,0.0,1.36,1.82,16.0,,,,,,0.0,,,,,,M55_(China)
germ_pzkpfw_38t_Marder_III_ausf_H,24.0,0.0,0.0,0.0,2.0,1.38,44.0,0.0,0.0,0.0,0.89,0.73,0.0,,,,,,Marder_III_H
sw_ikv_73,23.0,100.0,0.0,0.0,5.0,4.73,16.0,,,0.0,,1.0,0.0,,,,,,Ikv_73
su-2_mv5,23.0,100.0,1.09,1.09,4.13,4.13,8.0,,,,,,0.0,,,,,,Su-2_MV-5
f7f1,25.0,100.0,1.0,1.0,3.0,3.0,105.0,44.52,0.21,0.19,1.2,0.96,0.0,,,,,,F7F-1
su_25_558arz,22.0,,,1.65,,0.69,51.0,71.43,0.0,0.0,3.62,3.44,12.0,,,0.0,,0.0,Su-25BM
sw_strv_m39,25.0,100.0,0.0,0.0,3.67,3.67,0.0,,,,,,0.0,,,,,,Strv_m/39
sb_2m_105,25.0,97.06,0.0,0.0,2.76,2.67,0.0,,,,,,0.0,,,,,,SB_2M-105
cn_m8_greyhound,23.0,100.0,0.0,,1.39,,42.0,83.33,0.0,0.0,5.61,2.31,0.0,,,,,,M8_LAC_(China)
uk_daimler_mk_2,24.0,,,0.0,,3.39,38.0,,,0.0,,0.86,0.0,,,,,,Daimler_Mk_II
d_520,24.0,100.0,2.83,2.42,0.0,0.0,0.0,,,,,,0.0,,,,,,D.520
us_m26_t99,24.0,50.0,0.5,1.0,2.04,4.08,17.0,89.58,0.0,0.0,5.25,5.51,0.0,,,,,,M26_T99
us_m46_patton_73_armor_bat,24.0,50.0,0.0,0.0,1.5,3.0,302.0,65.29,0.0,0.0,3.29,2.47,0.0,,,,,,"M46_""Tiger"""
it_m26_ariete,21.0,66.67,0.0,0.0,3.91,5.86,23.0,100.0,0.0,0.0,3.78,2.03,0.0,,,,,,"M26_""D.C.Ariete"""
boomerang_mki,24.0,100.0,2.0,1.5,0.0,0.0,0.0,,,,,,0.0,,,,,,Boomerang_Mk_I
d_521,24.0,100.0,2.0,2.0,0.0,0.0,0.0,,,,,,0.0,,,,,,D.521
germ_sturmmorser_sturmtiger,24.0,,,0.0,,1.26,29.0,100.0,0.0,0.0,3.0,1.57,0.0,,,,,,38_cm_Sturmmörser
f-89b,25.0,100.0,2.56,2.45,1.0,0.82,71.0,73.47,0.88,2.14,0.84,1.82,0.0,,,,,,F-89B
l_39za_art_thailand,24.0,100.0,1.0,1.79,1.4,0.46,1272.0,75.66,0.23,0.3,4.1,4.89,0.0,,,,,,L-39ZA/ART_Albatros
uk_crusader_mk_2,24.0,,,0.0,,4.13,33.0,,,0.0,,1.0,0.0,,,,,,Crusader_II
er-2_m105r_lu2b,24.0,100.0,0.0,0.0,4.0,2.8,0.0,,,,,,0.0,,,,,,Yer-2_(M-105R)_LU
it_breda_52_autocannone,24.0,,,0.0,,4.17,98.0,54.89,0.0,0.0,2.33,2.55,0.0,,,,,,Breda_90/53
boomerang_mkii,24.0,100.0,1.0,1.0,0.0,0.0,0.0,,,,,,0.0,,,,,,Boomerang_Mk_II
germ_leopard_2a4,25.0,100.0,0.0,0.0,3.13,2.21,1240.0,48.73,0.0,0.0,1.61,1.36,14.0,,,0.0,,2.0,Leopard_2A4
ki_61_1a_otsu,23.0,,,1.26,,0.0,32.0,66.67,0.3,0.5,1.0,1.5,4.0,,,0.0,,1.0,Ki-61-I_otsu
do_335a_0,26.0,100.0,8.8,2.41,0.0,0.0,11.0,,,0.0,,0.0,0.0,,,,,,Do_335_A-0
sw_ikv_91_105,26.0,90.91,0.0,0.0,1.09,1.09,201.0,44.0,0.0,0.0,0.77,0.94,0.0,,,,,,Ikv_91-105
us_t86,24.0,,,0.0,,1.75,92.0,72.73,0.0,0.0,1.97,1.79,0.0,,,,,,T86
germ_sppz2_luchs_a2,25.0,0.0,0.0,0.0,1.0,1.0,66.0,0.0,0.0,0.05,0.0,0.14,0.0,,,,,,Luchs_A2
tornado_f3,23.0,100.0,0.94,0.94,0.0,0.0,44.0,50.0,1.7,1.7,0.36,0.36,13.0,,,1.0,,0.0,Tornado_F.3
saab_jas39d,24.0,,,1.62,,0.0,153.0,64.2,1.33,0.71,0.29,0.12,9.0,,,1.57,,0.29,JAS39D
us_rdf_lt,24.0,,,0.0,,0.0,1234.0,58.49,0.07,0.06,1.49,1.37,0.0,,,,,,RDF/LT
vg_33,24.0,100.0,8.0,,0.0,,18.0,100.0,1.0,1.0,0.0,0.0,0.0,,,,,,V.G.33C-1
uk_sarc_mk4_a,23.0,,,,,,0.0,,,,,,0.0,,,,,,SARC_MkIVa
he_112v_5,22.0,,,2.64,,0.0,0.0,,,,,,0.0,,,,,,He_112_V-5
uk_conqueror_mk_2,22.0,,,,,,322.0,40.05,0.0,0.0,1.99,1.55,1.0,,,,,,Conqueror
lagg-3-23,24.0,100.0,2.0,1.94,1.0,0.83,13.0,,,1.0,,0.0,0.0,,,,,,LaGG-3-23
he51b1,22.0,,,2.62,,0.0,0.0,,,,,,0.0,,,,,,He_51_B-1
germ_leopard_2a4m_can,24.0,,,0.0,,2.0,1761.0,44.86,0.0,0.0,1.68,1.4,0.0,,,,,,Leopard_2A4M
fr_leopard_1a5be,23.0,,,0.0,,2.0,131.0,59.47,0.0,0.0,2.55,2.15,0.0,,,,,,Leopard_1A5BE
germ_9a35_m,22.0,0.0,2.0,1.59,0.0,0.0,20.0,,,0.91,,0.0,0.0,,,,,,Стрела-10М
pe-8_m82,23.0,100.0,0.0,0.0,2.33,2.0,8.0,0.0,0.0,0.0,0.0,0.0,0.0,,,,,,Pe-8
germ_vilkas,23.0,50.0,0.0,0.0,0.74,1.48,189.0,55.48,0.0,0.0,0.74,0.74,0.0,,,,,,Vilkas
it_freccia,22.0,100.0,0.0,0.0,1.0,1.0,5.0,100.0,0.0,0.0,1.0,1.0,0.0,,,,,,Freccia
il-10_1946_hungary,22.0,100.0,1.0,1.0,1.0,0.82,0.0,,,,,,0.0,,,,,,◔IL-10
mig-21_f13,23.0,,,1.04,,0.09,17.0,,,0.0,,0.0,0.0,,,,,,MiG-21F-13
us_m4_t26,19.0,0.0,0.0,0.0,3.0,1.92,321.0,57.1,0.0,0.0,2.35,2.1,0.0,,,,,,M4/T26
germ_raketenjagdpanzer_2,23.0,,,0.0,,0.0,48.0,0.0,0.0,0.0,1.53,0.7,0.0,,,,,,RakJPz_2
me-410b-2_u4,23.0,30.43,0.7,1.0,0.0,0.0,0.0,,,,,,0.0,,,,,,Me_410_B-2/U4
p-63c-5_france,23.0,41.3,0.59,1.0,0.7,0.0,138.0,92.63,0.62,0.57,2.02,1.87,0.0,,,,,,P-63C-5
ussr_is_1_kit_3rank,22.0,,,0.0,,1.08,101.0,46.67,0.0,0.0,0.94,0.89,0.0,,,,,,ИС-1_('45)
sw_pvrbv_551,23.0,0.0,0.0,0.0,1.0,1.0,100.0,39.76,0.0,0.0,1.15,1.02,0.0,,,,,,Pvrbv_551
jp_type_1_chi_he,24.0,,,,,,160.0,100.0,0.0,0.0,5.06,2.3,0.0,,,,,,Chi-He
f-86a-5,24.0,,,0.0,,0.0,59.0,58.82,1.19,2.63,0.59,1.18,0.0,,,,,,F-86A-5
us_m1_abrams_kvt,23.0,,,0.0,,0.0,963.0,55.5,0.0,0.0,2.54,2.08,0.0,,,,,,M1_KVT
germ_pzkpfw_38t_ausf_F,21.0,,,,,,0.0,,,,,,0.0,,,,,,Pz.38(t)_F
jp_type_94,21.0,,,,,,12.0,,,,,,0.0,,,,,,Type_94
uk_challenger_2_bn,19.0,90.0,0.0,0.0,2.64,7.0,351.0,64.59,0.0,0.0,2.64,2.24,0.0,,,,,,Black_Night
jp_st_a1,25.0,50.0,0.5,0.5,3.0,3.0,521.0,67.7,0.0,0.0,2.89,1.61,0.0,,,,,,ST-A1
germ_sdkfz_222,23.0,100.0,0.0,0.0,3.57,3.57,149.0,64.75,0.0,0.0,2.73,1.65,0.0,,,,,,Sd.Kfz.222
jp_type_93,22.0,100.0,1.22,1.0,1.0,1.0,137.0,25.78,0.88,0.82,0.0,0.0,0.0,,,,,,Type_93
uk_m4a5_ram_2,23.0,,,,,,44.0,71.8,0.0,0.0,1.82,2.09,0.0,,,,,,Ram_II
jp_type_4_ho_ro,21.0,,,,,,11.0,,,0.0,,0.0,0.0,,,,,,Ho-Ro
la-7b-20,22.0,100.0,3.5,,2.88,,67.0,47.27,1.13,1.13,0.77,0.77,0.0,,,,,,La-7B-20
ussr_is_6,21.0,50.0,0.0,0.0,2.0,2.67,95.0,42.18,0.0,0.0,4.16,3.17,3.0,50.0,0.0,0.0,1.0,2.0,IS-6
fr_amx_13_75,23.0,45.45,0.0,0.0,1.64,3.0,265.0,56.87,0.0,0.0,1.22,1.28,0.0,,,,,,AMX-13
sw_leopard_1a5no,21.0,100.0,0.0,0.0,2.48,2.48,562.0,49.27,0.0,0.0,1.81,1.68,0.0,,,,,,Leopard_1A5NO2
sw_pvkv_iv,22.0,,,0.0,,1.73,38.0,,,0.0,,0.74,0.0,,,,,,Pvkv_IV
germ_pzkpfw_38t_Aufklarungspanzer,23.0,100.0,0.0,0.0,1.0,1.0,30.0,100.0,0.0,0.0,1.0,1.0,0.0,,,,,,Sd.Kfz._140/1
us_halftrack_m15,22.0,,,0.0,,1.0,0.0,,,,,,0.0,,,,,,M15_CGMC
fr_arl_44,23.0,100.0,0.0,0.0,1.74,1.74,201.0,55.61,0.0,0.0,2.77,2.14,0.0,,,,,,ARL-44
il_merkava_mk_2b_early,20.0,50.0,0.0,0.0,1.35,2.7,221.0,51.55,0.0,0.0,4.11,3.49,0.0,,,,,,Merkava_Mk.2B
fr_somua_sm,20.0,86.67,0.0,0.0,5.52,3.73,1128.0,61.62,0.0,0.0,3.29,2.45,0.0,,,,,,Somua_SM
me-262a-1a_u4,23.0,66.67,0.63,1.71,2.3,1.25,714.0,55.08,0.33,0.48,1.66,2.38,0.0,,,,,,Me_262_A-1/U4
cn_type_63_I,22.0,100.0,0.0,0.0,1.36,1.36,48.0,50.0,0.0,0.0,0.5,0.59,0.0,,,,,,Type_63-I
f-4k,22.0,,,1.0,,0.0,4.0,,,,,,0.0,,,,,,Phantom_FG.1
mig_23m,23.0,,,1.37,,0.0,3.0,100.0,1.0,1.0,0.0,0.0,5.0,,,1.0,,0.0,MiG-23M
us_m4a1_1942_sherman,23.0,100.0,0.0,0.0,1.8,1.4,44.0,87.5,0.0,0.0,1.88,1.29,0.0,,,,,,M4A1
il_merkava_mk_4_lic,21.0,0.0,0.0,0.0,3.0,3.0,55.0,64.29,0.0,0.0,2.16,1.79,0.0,,,,,,Merkava_Mk.4_LIC
hurricanemkii_ussr,21.0,100.0,4.57,4.38,1.24,2.0,0.0,,,,,,0.0,,,,,,Hurricane_Mk_IIB
hunter_f58_switzerland,22.0,100.0,12.6,3.5,0.0,0.0,313.0,67.67,2.09,2.59,1.71,2.08,0.0,,,,,,◌Hunter_F.58
tempest_mkv,19.0,,,2.29,,0.0,15.0,100.0,1.0,1.4,3.33,2.0,0.0,,,,,,Tempest_Mk_V
it_leopard_1a5,21.0,100.0,0.0,0.0,3.29,3.29,62.0,88.1,0.0,0.0,2.21,2.02,5.0,,,0.0,,1.0,Leopard_1A5
cn_ztz_88a,23.0,90.2,0.0,0.0,1.71,1.85,247.0,57.41,0.0,0.0,2.85,3.37,16.0,50.0,0.0,0.0,1.5,1.23,ZTZ88A
fa_18a_raaf,20.0,100.0,2.0,1.88,0.0,0.0,49.0,7.69,1.35,1.49,0.23,0.46,8.0,,,,,,F/A-18A
bf-109b_2,21.0,,,2.33,,0.0,0.0,,,,,,0.0,,,,,,Bf_109_B-1
jp_sub_i_ii_20mm,23.0,93.94,0.45,0.78,1.13,1.56,1013.0,62.03,0.35,0.36,0.64,0.64,0.0,,,,,,SUB-I-II
cn_t_26_1940,21.0,100.0,0.0,0.0,6.33,2.0,25.0,,,0.0,,0.0,0.0,,,,,,T-26_(China)
mig_23mld,21.0,,,1.76,,0.0,221.0,71.39,3.0,8.32,0.02,0.02,89.0,0.0,8.13,2.95,0.0,0.0,MiG-23MLD
germ_flakpanzer_V_Coelian,21.0,,,0.0,,3.8,512.0,57.77,0.77,0.53,3.02,2.05,0.0,,,,,,Flakpanzer_341
uk_a_22b_mk_3_churchill_1942,21.0,,,0.0,,1.29,26.0,50.0,0.0,0.0,1.65,1.65,0.0,,,,,,Churchill_III
cn_lvt_4_zis_2,22.0,,,0.0,,1.0,10.0,,,0.0,,0.2,0.0,,,,,,LVT(A)(4)_(ZiS-2)
fa_18c_early,21.0,,,1.0,,0.0,1480.0,53.46,0.84,0.95,0.35,0.41,48.0,,,1.45,,0.0,F/A-18C_Early
p-51h-5_na,24.0,92.31,1.65,1.65,1.23,1.23,127.0,72.58,1.38,1.58,0.65,0.73,0.0,,,,,,P-51H-5-NA
il_zsu_23_4,22.0,,,,,,83.0,55.56,0.56,1.0,0.0,0.0,0.0,,,,,,ZSU-23-4_(Israel)
mig-19j_6a,22.0,78.57,1.02,1.48,0.12,0.24,16.0,100.0,2.0,,0.0,,0.0,,,,,,J-6A
cn_pt_76,23.0,,,0.0,,0.27,0.0,,,,,,0.0,,,,,,PT-76_(China)
ussr_object_685,21.0,,,0.0,,0.0,352.0,50.63,0.0,0.0,1.94,1.96,0.0,,,,,,Object_685
ussr_it_1,19.0,100.0,0.0,0.0,2.0,0.44,141.0,83.06,0.0,0.0,5.0,2.91,0.0,,,,,,IT-1
nf_5a_netherlands,25.0,66.67,9.0,13.5,0.3,0.5,220.0,79.05,1.75,2.25,0.56,0.76,0.0,,,,,,◘NF-5A
uk_a27m_cromwell_5_rp3,20.0,,,,,,25.0,100.0,0.0,0.0,3.78,2.0,0.0,,,,,,Cromwell_V_(RP-3)
germ_pzkpfw_e_100,21.0,100.0,0.0,0.0,6.83,6.0,7.0,100.0,0.0,0.0,8.0,8.0,0.0,,,,,,E-100
t2,25.0,75.0,6.8,6.8,0.3,0.3,340.0,73.86,2.9,4.91,0.33,0.46,0.0,,,,,,T-2
mig-15,25.0,75.0,4.0,5.3,0.3,0.3,73.0,29.71,1.41,1.13,0.83,0.57,0.0,,,,,,MiG-15bis
sw_kungstiger,26.0,66.67,0.0,0.0,9.3,5.5,180.0,38.41,0.0,0.0,8.18,4.54,3.0,,,0.0,,1.0,Kungstiger
uk_a_22_mk_1_churchill_1941,19.0,100.0,1.0,1.0,1.0,1.0,0.0,,,,,,0.0,,,,,,Churchill_I
su_25k,19.0,,,1.0,,2.11,498.0,63.97,0.54,0.43,2.42,1.92,9.0,,,0.0,,0.0,Su-25K
la-9,25.0,66.67,7.7,7.7,0.3,0.3,82.0,100.0,1.68,0.77,0.0,0.0,0.0,,,,,,La-9
fr_vcac_mephisto,19.0,50.0,0.0,0.0,1.0,1.0,199.0,45.05,0.0,0.0,1.77,1.55,0.0,,,,,,MEPHISTO
f2g-1,21.0,100.0,1.0,,0.0,,204.0,54.46,0.63,0.56,2.48,2.04,0.0,,,,,,F2G-1
p-47d,19.0,28.95,0.97,1.0,1.53,1.58,29.0,63.34,0.12,0.31,0.49,0.39,0.0,,,,,,P-47D-25
he_112b_0,20.0,,,1.75,,0.0,23.0,,,,,,0.0,,,,,,He_112_B-0
tempest_mk2,18.0,100.0,4.25,1.81,0.0,0.0,81.0,92.47,2.24,3.6,0.27,0.47,0.0,,,,,,Tempest_Mk_II
us_m60a3_tts,19.0,50.0,0.0,0.0,0.5,1.0,484.0,44.44,0.0,0.0,2.02,1.32,0.0,,,,,,M60A3_TTS
fr_amx_10rc,20.0,,,,,,197.0,51.37,0.0,0.0,1.88,1.47,0.0,,,,,,AMX-10RC
germ_m55,21.0,100.0,0.0,0.0,1.0,1.0,64.0,0.0,0.0,0.0,1.0,0.82,0.0,,,,,,◄M55
saab_jas39c_south_africa,18.0,100.0,5.47,5.47,0.0,0.0,252.0,51.01,1.04,1.25,0.04,0.04,0.0,,,,,,JAS39C
j1n1_mod11_early,18.0,100.0,1.36,1.38,2.0,2.0,27.0,100.0,0.0,0.0,0.0,0.0,0.0,,,,,,J1N1
jp_type_89b_i_go_otsu,20.0,100.0,0.0,,4.0,,0.0,,,,,,0.0,,,,,,I-Go_Ko
us_m10_booker_late,20.0,,,0.0,,2.0,563.0,61.92,0.0,0.0,2.01,1.61,0.0,,,,,,M10_Booker
us_xm_8,20.0,100.0,0.0,0.0,3.0,3.0,7.0,,,0.0,,5.29,0.0,,,,,,XM8
uk_centurion_mk_3,18.0,,,0.0,,2.0,196.0,38.49,0.0,0.0,2.49,1.38,0.0,,,,,,Centurion_Mk_3
us_m4a3e2_sherman_jumbo,19.0,,,,,,476.0,63.06,0.0,0.0,2.69,2.41,0.0,,,,,,M4A3E2
fr_tpk_641_vpc,20.0,100.0,1.0,,0.0,,68.0,71.21,0.0,0.42,0.55,0.19,0.0,,,,,,TPK_6.41
sw_strf_9056,20.0,,,0.0,,1.0,181.0,50.32,0.05,0.03,1.11,0.94,0.0,,,,,,Strf_9040_BILL
mig-17,19.0,,,,,,153.0,69.09,1.78,1.72,1.39,1.32,0.0,,,,,,MiG-17
us_m60a3_slep,20.0,,,,,,4.0,100.0,0.0,0.0,1.0,1.0,0.0,,,,,,M60_AMBT
ussr_object_120,19.0,,,0.0,,1.22,47.0,,,0.0,,2.56,0.0,,,,,,Object_120
germ_hummel,21.0,100.0,0.0,0.0,2.75,1.89,86.0,21.05,0.0,0.0,5.32,2.54,0.0,,,,,,Hummel
spitfire_fr_mk14e_belgium,17.0,,,1.0,,0.0,16.0,,,,,,0.0,,,,,,Spitfire_FR_Mk_XIVe
jp_st_a2,22.0,45.24,0.09,0.06,1.09,1.86,280.0,83.08,0.0,0.0,4.56,2.26,0.0,,,,,,ST-A2
f_15a,19.0,100.0,0.0,0.0,1.0,1.0,172.0,54.85,1.03,1.42,0.17,0.24,0.0,,,,,,F-15A
jp_st_b1,20.0,100.0,0.0,0.0,1.0,1.1,354.0,67.44,0.0,0.0,2.37,1.64,0.0,,,,,,STB-2
mig-21_smt,20.0,100.0,1.28,1.21,0.0,0.0,128.0,86.02,4.16,3.67,0.49,0.4,0.0,,,,,,MiG-21SMT
cn_pgz_88,18.0,,,,,,270.0,64.96,0.65,0.39,2.13,1.3,0.0,,,,,,PGZ88
uk_9a35_m,17.0,0.0,3.59,,2.59,,7.0,,,,,,0.0,,,,,,Стрела-10М
mb_326k,22.0,66.67,4.3,5.21,1.7,2.07,119.0,88.78,1.96,1.24,5.05,3.38,0.0,,,,,,MB-326K
jp_type_97_chi_ha_12cm,18.0,100.0,0.0,,11.64,,31.0,100.0,0.0,0.0,2.86,2.86,0.0,,,,,,Chi-Ha_Short_Gun
germ_flarakpz_1,19.0,0.0,1.0,,0.0,,113.0,59.14,1.34,1.24,0.0,0.0,0.0,,,,,,FlaRakPz_1
ussr_kv_2_1940,19.0,,,0.0,,3.0,4.0,,,,,,0.0,,,,,,KV-2_(1940)
us_m5a1_stuart,20.0,50.0,0.0,0.0,1.5,3.0,149.0,53.76,0.0,0.0,4.26,2.53,0.0,,,,,,M5A1
sw_lvkv_90c,17.0,0.0,1.67,,1.0,,458.0,49.85,1.04,0.71,1.64,1.14,0.0,,,,,,Lvkv_9040C
fr_m3a3_stuart,17.0,100.0,0.0,0.0,2.0,2.0,39.0,35.48,0.0,0.0,2.74,2.48,0.0,,,,,,M3A3_Stuart
fr_amd_35_kwk39,17.0,,,0.0,,1.0,68.0,100.0,0.0,0.0,3.92,2.81,0.0,,,,,,AMD.35_(PaK)
yak-3p,18.0,100.0,2.75,2.62,0.0,0.0,124.0,70.84,5.58,5.03,2.15,1.88,26.0,,,2.13,,0.0,Yak-3P
uk_a25_mk_8,17.0,,,0.0,,1.0,1.0,50.0,0.0,0.0,1.5,3.0,0.0,,,,,,Harry_Hopkins_I
sea_harrier_fa2,17.0,,,1.0,,0.0,57.0,50.0,0.0,0.0,0.0,0.0,0.0,,,,,,Sea_Harrier_FA_2
ffvs_j22_a,19.0,100.0,1.32,1.32,0.0,0.0,0.0,,,,,,0.0,,,,,,J22-A
p-47d_23_ra_china_rocaf,17.0,,,1.83,,0.0,0.0,,,,,,0.0,,,,,,P-47D-23-RA_(China)
us_m8_scott,19.0,100.0,0.0,0.0,1.17,1.38,0.0,,,,,,0.0,,,,,,M8_HMC
fr_crusader_mk_2,17.0,50.0,0.0,0.0,1.0,1.24,19.0,,,0.0,,3.63,0.0,,,,,,Crusader_Mk.II
germ_leopard_2pl,19.0,,,0.0,,0.89,878.0,36.64,0.0,0.0,1.6,1.34,6.0,,,0.0,,0.0,Leopard_2_PL
a_5c,19.0,50.0,0.5,1.0,0.0,0.0,60.0,30.56,0.72,1.06,1.25,1.72,0.0,,,,,,A-5C
germ_flakpanzer_IV_Ostwind_2,20.0,50.0,0.85,1.29,0.5,0.59,490.0,25.85,0.37,0.39,0.15,0.16,5.0,,,,,,Ostwind_II
saab_t18b_1,19.0,,,0.37,,2.11,13.0,,,1.0,,0.0,0.0,,,,,,T18B
sw_lago_1,18.0,100.0,0.0,,1.47,,21.0,50.0,0.0,0.0,1.5,1.88,0.0,,,,,,Lago_I
bf-109a_1,17.0,,,2.0,,0.0,0.0,,,,,,0.0,,,,,,Flegel's_Bf_109_A
fr_crotale_ng,18.0,8.33,1.83,2.0,0.92,1.0,14.0,,,,,,0.0,,,,,,ItO_90M
cn_wz_305,16.0,,,3.0,,1.0,380.0,60.91,0.66,0.72,1.44,1.55,28.0,0.0,0.0,0.0,1.0,1.3,WZ305
il_machbet,18.0,0.0,1.53,1.53,0.0,0.0,49.0,15.38,0.19,0.21,0.0,0.0,0.0,,,,,,Machbet
ussr_t_26_1940,17.0,,,,,,4.0,,,,,,0.0,,,,,,T-26
us_m24_chaffee_tl,20.0,54.17,0.0,0.0,2.68,3.03,78.0,74.2,0.0,0.0,1.76,1.69,0.0,,,,,,M24_(TL)
p-39q_25_france,18.0,,,,,,62.0,96.55,0.78,0.86,1.03,1.19,1.0,,,1.0,,0.0,P-39Q-25
f4f-3,16.0,,,2.09,,0.0,0.0,,,,,,0.0,,,,,,F4F-3
mig-17_cuba,18.0,100.0,1.28,1.28,0.0,0.0,25.0,27.78,1.57,2.0,0.61,0.69,0.0,,,,,,MiG-17AS
ussr_pantsyr_sm_sv,18.0,100.0,1.62,2.0,0.0,0.0,820.0,50.65,1.38,1.12,0.15,0.12,0.0,,,,,,Панцирь_СМ-СВ
uk_a30_challenger,18.0,33.33,0.0,0.0,2.0,1.44,145.0,50.32,0.0,0.0,2.2,1.49,0.0,,,,,,Challenger
germ_stug_III_ausf_F,19.0,,,0.0,,3.0,1.0,,,,,,0.0,,,,,,StuG_III_F
mosquito_j30_sweden,16.0,,,1.0,,0.0,50.0,77.78,0.56,0.5,1.22,0.73,0.0,,,,,,Mosquito_J30
f2a-3,17.0,,,1.0,,0.0,1.0,,,0.0,,0.0,0.0,,,,,,F2A-3
cn_cm_25,16.0,,,,,,23.0,50.0,0.0,0.0,0.0,0.0,0.0,,,,,,CM25
ussr_pt_76_57,18.0,100.0,0.0,0.0,1.0,1.0,70.0,45.45,0.0,0.0,6.59,3.27,22.0,,,0.0,,3.97,PT-76-57
saab_t18b_2,16.0,,,0.19,,0.25,0.0,,,,,,0.0,,,,,,T18B_(57)
yak_130_early,21.0,66.67,3.38,3.2,16.76,15.92,1375.0,60.0,0.08,0.08,2.56,2.93,6.0,,,0.0,,0.33,Як-130
ki_61_1a_hei_ep,17.0,50.0,2.5,5.0,0.0,0.0,4.0,,,0.0,,0.0,1.0,,,,,,Tada's_Ki-61-I_hei
firefly_mk1,17.0,100.0,1.5,1.29,5.5,5.43,7.0,,,0.17,,2.0,0.0,,,,,,Firefly_F_Mk_I
ussr_t_28,15.0,100.0,0.0,,11.0,,29.0,100.0,0.0,0.0,7.75,3.88,0.0,,,,,,T-28
su-2_tss1,17.0,100.0,1.0,0.33,4.5,2.33,0.0,,,,,,0.0,,,,,,Su-2_TSS-1
p-47n-15,14.0,66.67,1.1,1.67,2.3,3.5,8.0,92.86,0.93,0.88,3.43,3.5,0.0,,,,,,P-47N-15
spitfire_f22,17.0,100.0,3.0,3.0,0.0,0.0,44.0,50.0,1.23,1.57,0.77,1.07,0.0,,,,,,Spitfire_F_Mk_22
uk_concept3_ngac,18.0,,,0.0,,4.17,323.0,50.57,0.0,0.0,1.61,0.96,0.0,,,,,,Concept_3
ki_44_2_hei,15.0,,,7.33,,1.0,92.0,80.65,0.38,0.21,0.57,0.34,0.0,,,,,,Ki-44-II_hei
he_100d_1,15.0,,,,,,0.0,,,,,,0.0,,,,,,He_100_D-1
blenheim_mkiv,16.0,100.0,0.0,0.0,3.0,3.0,0.0,,,,,,0.0,,,,,,Blenheim_Mk_IV
ussr_kv_2_1939,17.0,,,,,,53.0,37.5,0.0,0.0,1.63,1.82,0.0,,,,,,KV-2_(1939)
wm_23,15.0,100.0,3.0,3.0,0.0,0.0,0.0,,,,,,0.0,,,,,,◔WM-23
ki_61_1a_ko,16.0,,,,,,0.0,,,,,,0.0,,,,,,Ki-61-I_ko
sm_79_1943_italy,15.0,100.0,0.0,0.0,1.0,1.0,0.0,,,,,,0.0,,,,,,S.M.79_bis/T.M
ju-87d-3_italy,15.0,,,,,,0.0,,,,,,0.0,,,,,,Ju_87_D-3
ussr_t_72b3_arena_m,14.0,50.0,0.0,0.0,2.0,2.0,531.0,47.37,0.0,0.0,1.64,1.25,3.0,,,0.0,,0.0,Т-72Б3А
jp_type_74_red_star,16.0,,,0.0,,1.0,321.0,53.3,0.0,0.0,2.46,1.6,0.0,,,,,,Type_74_Red_Star
p-47d_30_italy,16.0,,,3.0,,1.0,91.0,51.61,0.37,0.35,0.77,0.8,2.0,,,,,,P-47D-30
jp_type_74_mod_g_kai,16.0,,,0.0,,1.0,440.0,61.31,0.0,0.0,2.45,1.88,0.0,,,,,,Type_74_(G)
ki-27_otsu,16.0,,,2.9,,0.0,0.0,,,,,,0.0,,,,,,Ki-27_otsu
uk_challenger_mk_3,17.0,,,,,,134.0,59.68,0.0,0.0,2.91,2.42,0.0,,,,,,Challenger_Mk.3
ussr_bmp_3,14.0,50.0,0.0,0.0,0.88,0.93,1889.0,50.91,0.0,0.0,1.27,1.2,8.0,100.0,0.0,0.0,2.0,2.0,BMP-3
germ_marder_1a1,17.0,100.0,0.0,0.0,0.0,0.0,615.0,38.76,0.02,0.02,0.7,0.67,0.0,,,,,,Marder_A1-
jp_type_60_sprg,16.0,100.0,0.0,0.0,0.44,0.44,686.0,58.65,0.0,0.0,1.56,1.68,0.0,,,,,,Type_60_SPRG_(C)
germ_wiesel_1_mk20,17.0,55.88,0.0,0.0,0.0,0.0,961.0,39.99,0.23,0.19,0.71,0.58,0.0,,,,,,Wiesel_1A4
fr_arl_44_acl1,15.0,,,0.0,,0.0,23.0,,,0.0,,1.91,0.0,,,,,,ARL-44_(ACL-1)
f4f-4,15.0,,,1.0,,0.0,0.0,,,,,,0.0,,,,,,F4F-4
cn_ztz_96a_prot,16.0,100.0,0.0,0.0,5.0,1.4,399.0,58.98,0.0,0.0,2.45,1.71,31.0,100.0,0.0,0.0,1.67,1.0,ZTZ96A_(P)
b5n2,14.0,100.0,0.0,0.0,7.33,7.64,27.0,,,,,,3.0,100.0,0.0,0.0,3.0,3.0,B5N2
yak-3_france,17.0,100.0,10.56,5.41,0.0,0.0,146.0,59.28,1.8,3.24,0.83,1.46,13.0,,,,,,Yak-3
sw_pvkv_III,15.0,,,,,,24.0,,,0.0,,1.04,0.0,,,,,,Pvkv_III
ussr_t_28E,14.0,50.0,0.5,0.33,4.25,4.17,12.0,0.0,0.0,0.0,3.17,2.05,0.0,,,,,,T-28E
tandem_mai,14.0,100.0,1.0,1.0,3.21,3.6,0.0,,,,,,0.0,,,,,,Tandem_MAI
p-51c-11-nt_china,16.0,,,1.0,,1.0,21.0,100.0,2.0,0.67,0.0,0.38,0.0,,,,,,P-51C-11-NT_(China)
uk_challenger_2e,12.0,66.67,0.0,0.0,3.3,3.0,319.0,57.59,0.0,0.0,2.72,1.73,0.0,,,,,,Challenger_2E
beaufighter_mk6c,17.0,100.0,1.4,2.0,3.0,3.0,13.0,,,0.0,,1.0,0.0,,,,,,Beaufighter_Mk_VIc
sw_bt_42,15.0,91.67,0.0,0.0,6.17,6.17,9.0,,,,,,0.0,,,,,,BT-42
ussr_btr_152a,14.0,100.0,2.2,2.2,1.0,1.0,13.0,47.22,0.47,0.92,0.0,0.0,0.0,,,,,,BTR-152A
re_2000_heja_2,13.0,100.0,3.38,3.38,0.0,0.0,28.0,100.0,3.0,3.0,0.0,0.0,0.0,,,,,,◔Héja_II
us_t30,15.0,,,,,,59.0,38.24,0.0,0.0,2.33,1.93,0.0,,,,,,T30
sw_sav_m43_1944,13.0,50.0,0.0,0.0,1.0,2.0,0.0,,,,,,0.0,,,,,,Sav_m/43_(1944)
mig_29smt_9_19,17.0,2.22,1.82,1.82,0.0,0.0,127.0,73.66,1.69,1.7,0.48,0.48,0.0,,,,,,MiG-29SMT
it_2s1,16.0,100.0,0.0,0.0,1.0,1.13,30.0,100.0,0.0,0.0,1.0,0.95,0.0,,,,,,◔2S1
fr_m4a3_105_sherman,14.0,100.0,0.0,0.0,1.0,1.0,61.0,,,0.0,,1.75,0.0,,,,,,M4A3_(105)
btd-1,13.0,50.0,0.5,0.3,0.5,1.7,16.0,,,0.0,,1.67,0.0,,,,,,BTD-1
fr_amx_32,14.0,27.78,0.0,0.0,1.44,2.0,302.0,46.49,0.0,0.0,3.39,3.1,0.0,,,,,,AMX-32
sw_strv_m42_eh,14.0,50.0,0.0,0.0,1.0,2.0,50.0,25.0,0.0,0.0,1.83,0.72,0.0,,,,,,Strv_m/42_EH
fr_amx_elc_bis,17.0,50.0,0.0,0.0,1.0,1.27,342.0,55.64,0.0,0.0,1.25,1.14,0.0,,,,,,ELC_bis
sw_zsu_57_2,15.0,81.25,0.0,0.0,1.0,1.5,268.0,40.78,0.0,0.0,1.18,0.87,0.0,,,,,,ZSU-57-2
saab_j29f,16.0,50.0,6.0,12.0,0.0,0.0,1.0,,,,,,0.0,,,,,,J29F
ussr_t_34_85_zis_53_kit_3rank,13.0,100.0,0.0,0.0,5.46,5.46,147.0,42.15,0.0,0.0,1.41,1.57,0.0,,,,,,Т-34-85_('45)
uk_ram_90mm_aa,18.0,50.0,1.0,0.47,5.5,3.47,91.0,96.43,0.0,0.0,5.7,4.38,0.0,,,,,,QF_3.7_Ram
jp_type_3_ho_ni_I,13.0,100.0,0.0,,1.85,,43.0,100.0,0.0,0.0,2.44,1.67,0.0,,,,,,Ho-Ni_I
germ_vt_1_2,14.0,100.0,0.0,0.0,4.0,4.0,56.0,50.0,0.0,0.0,3.25,2.06,0.0,,,,,,VT1-2
a_7k,14.0,100.0,0.0,0.0,1.21,1.21,0.0,,,,,,0.0,,,,,,A-7K
cn_object_211,16.0,50.0,0.0,0.0,2.0,2.0,85.0,90.0,0.0,0.0,2.6,0.7,0.0,,,,,,Object_211
firefly_mk5,15.0,100.0,1.0,1.33,9.17,6.44,17.0,100.0,0.0,,1.06,,0.0,,,,,,Firefly_FR_Mk_V
it_zsu_57_2,14.0,50.0,0.0,0.0,1.5,1.5,56.0,88.33,0.02,0.01,4.0,3.21,0.0,,,,,,◔ZSU-57-2
ki_84_ko,13.0,,,1.31,,0.0,0.0,,,,,,0.0,,,,,,Ki-84_ko
p-38j,13.0,50.0,0.5,1.0,0.5,1.0,0.0,,,,,,0.0,,,,,,P-38J-15
p-38l_1_china_rocaf,13.0,,,1.0,,0.0,40.0,100.0,3.75,1.0,0.25,1.0,0.0,,,,,,P-38L-1_(China)
bv-155b-1,15.0,100.0,1.0,1.0,0.0,0.0,5.0,100.0,0.0,0.4,0.0,0.0,0.0,,,,,,BV_155_B-1
cn_t_80ud_478be,15.0,,,,,,169.0,60.44,0.0,0.0,2.25,1.69,0.0,,,,,,T-80UD/BE
ki_100_early,14.0,,,1.0,,0.0,120.0,91.3,3.2,1.47,8.16,3.19,0.0,,,,,,Ki-100
b_24d,14.0,,,0.0,,1.0,0.0,,,,,,0.0,,,,,,B-24D-25-CO
bf-109c_1,15.0,,,1.0,,1.0,0.0,,,,,,0.0,,,,,,Bf_109_C-1
av_8b_plus,14.0,0.0,1.0,1.0,0.0,0.0,17.0,50.0,1.5,0.8,1.5,1.0,0.0,,,,,,AV-8B_Plus
a6m5hei,13.0,,,1.0,,0.0,0.0,,,,,,0.0,,,,,,A6M5_Hei
f_16c_block_52_aesa,15.0,0.0,1.0,1.0,0.0,0.0,483.0,56.43,0.85,1.0,1.04,1.25,41.0,,,0.24,,0.37,F-16CM_PoBIT
f2h-2,17.0,94.87,2.8,2.8,0.05,0.05,126.0,58.71,1.03,1.25,0.92,1.07,0.0,,,,,,F2H-2
ussr_t_60_1941,13.0,,,0.0,,1.0,9.0,,,,,,0.0,,,,,,T-60
sw_a_34_comet,15.0,,,,,,74.0,21.79,0.0,0.0,0.96,0.92,0.0,,,,,,Comet_I
ussr_zsu_23_4m2,15.0,0.0,0.0,0.17,0.0,0.0,72.0,8.87,0.82,0.89,0.11,0.11,0.0,,,,,,ЗСУ-23-4М2
b-17e_late,13.0,,,0.0,,0.0,0.0,,,,,,0.0,,,,,,B-17E/L
us_m3a3_bradley,12.0,,,0.0,,1.0,535.0,34.48,0.0,0.0,0.69,0.6,0.0,,,,,,M3A3_Bradley
us_m1296_dragoon,15.0,,,0.0,,0.0,66.0,100.0,0.0,0.0,1.38,0.99,0.0,,,,,,M1296
fr_leclerc_s2,15.0,,,0.0,,0.0,143.0,46.24,0.0,0.0,3.17,2.58,0.0,,,,,,Leclerc_S2
f-86f-2,15.0,,,0.0,,0.0,66.0,92.47,4.1,5.28,0.84,1.24,0.0,,,,,,F-86F-2
beaufighter_mk21,14.0,100.0,1.33,1.27,8.0,7.82,20.0,,,0.0,,1.0,0.0,,,,,,Beaufighter_Mk_21
germ_spz_12_3,13.0,100.0,0.0,0.0,4.0,4.0,27.0,,,0.0,,1.42,0.0,,,,,,SPz_12-3_LGS
ussr_t_35,13.0,,,0.0,,1.0,0.0,,,,,,0.0,,,,,,T-35
sw_strv_m31,14.0,,,0.0,,4.29,0.0,,,,,,0.0,,,,,,Strv_m/31
f-105d,14.0,,,0.0,,2.5,37.0,33.33,0.85,0.83,0.0,0.0,6.0,,,,,,F-105D
he51a1,13.0,,,,,,0.0,,,,,,0.0,,,,,,He_51_A-1
saab_j21a_1,12.0,,,,,,20.0,,,1.0,,0.0,0.0,,,,,,J21A-1
su_25t,14.0,,,1.0,,2.0,182.0,81.36,0.26,0.24,5.5,4.45,0.0,,,,,,Su-25T
n1k1_ja,12.0,,,,,,7.0,,,,,,0.0,,,,,,N1K1-Ja
sw_strf_90b,13.0,,,0.0,,1.0,218.0,52.73,0.05,0.05,1.85,1.7,0.0,,,,,,Strf_9040B
us_t54e1,12.0,,,0.0,,1.83,61.0,51.26,0.0,0.0,1.09,1.56,0.0,,,,,,T54E1
it_of_40_mk_1,12.0,0.0,0.0,0.0,1.0,1.0,216.0,73.28,0.0,0.0,3.55,2.15,0.0,,,,,,OF-40
fiat_g91_r4_german,14.0,,,1.0,,0.0,60.0,64.71,1.29,1.78,1.0,1.28,0.0,,,,,,◄G.91_R/4
il-10_1946_china,13.0,,,1.0,,0.0,11.0,68.18,0.0,0.0,1.09,1.73,0.0,,,,,,IL-10_(1946)_(China)
beaufort_mkviii,14.0,,,0.0,,0.0,0.0,,,,,,0.0,,,,,,Beaufort_Mk_VIII
bf-109g-2_hungary,13.0,,,6.0,,0.0,40.0,100.0,1.9,2.43,0.95,1.0,0.0,,,,,,◐Bf_109_G-2
la-15,15.0,50.0,3.0,3.0,1.0,1.0,13.0,,,0.0,,0.0,0.0,,,,,,La-15
uk_sky_sabre_fcs,11.0,,,2.0,,0.0,159.0,56.04,1.74,1.81,0.0,0.0,0.0,,,,,,Sky_Sabre_(СОЦ)
alpha_jet_a_thailand,15.0,50.0,1.0,1.0,2.5,2.5,191.0,74.35,0.19,0.15,2.73,2.74,1.0,,,1.0,,2.0,Alpha_Jet_A
fiat_g91_y,15.0,100.0,8.0,2.7,0.0,0.0,115.0,100.0,4.19,,0.43,,0.0,,,,,,G.91_Y
ussr_rbt_5,11.0,,,,,,15.0,66.67,0.0,0.0,0.67,1.0,0.0,,,,,,RBT-5
p-40f-5_france_ep,11.0,,,2.0,,0.27,0.0,,,,,,0.0,,,,,,P-40F-5_Lafayette
jp_type_10,12.0,,,0.0,,1.25,968.0,59.0,0.0,0.0,2.28,1.95,0.0,,,,,,Type_10
ussr_zis_43,13.0,100.0,1.0,1.0,1.54,1.54,0.0,,,,,,0.0,,,,,,ZiS-43
ussr_su_122,11.0,100.0,0.0,0.0,1.0,1.91,30.0,3.13,0.0,0.0,1.06,0.88,0.0,,,,,,SU-122
cn_type_69,11.0,,,0.0,,1.82,314.0,60.15,0.0,0.0,3.06,3.02,0.0,,,,,,Type_69
it_ab_41,12.0,100.0,0.0,,3.43,,14.0,,,0.0,,3.33,0.0,,,,,,AB_41
germ_pzkpfw_V_ersatz_m10,12.0,100.0,0.0,,1.0,,13.0,,,0.0,,4.0,0.0,,,,,,Ersatz_M10
sw_leopard_2a6nl,13.0,87.5,0.0,0.0,1.88,3.0,159.0,52.15,0.0,0.0,2.31,2.07,0.0,,,,,,Leopard_2A6
fiat_g91_ys,15.0,100.0,4.0,1.3,0.0,0.0,109.0,90.32,2.09,5.15,1.72,3.11,0.0,,,,,,G.91_YS
sw_strv_m38,11.0,100.0,0.0,,1.67,,0.0,,,,,,0.0,,,,,,Strv_m/38
ms_410c1,11.0,,,,,,0.0,,,,,,0.0,,,,,,M.S.410
il_magach_7c,12.0,,,0.0,,1.0,31.0,,,0.0,,3.58,0.0,,,,,,Magach_7C
jp_type_75,13.0,50.0,0.5,1.0,1.0,2.0,433.0,62.45,0.32,0.28,2.11,1.74,0.0,,,,,,Type_75_SPH
bf_109t_2,13.0,100.0,1.85,2.83,2.08,3.33,56.0,63.89,0.72,1.17,1.36,2.17,0.0,,,,,,Bf_109_T-2
uk_chieftain_mk_5,12.0,,,,,,158.0,47.56,0.0,0.0,3.55,2.99,0.0,,,,,,Chieftain_Mk_5
fr_amx_50,13.0,100.0,0.0,0.0,1.86,1.46,323.0,82.52,0.0,0.0,4.11,3.84,4.0,,,0.0,,2.0,AMX-50_(TOA100)
fr_amx_30_ACRA,12.0,,,,,,34.0,42.31,0.0,0.0,1.81,0.87,0.0,,,,,,AMX-30_ACRA
ussr_isu_122s,13.0,,,0.0,,2.0,10.0,,,,,,0.0,,,,,,ISU-122S
germ_pzsfl_IVa_dickermax,13.0,,,,,,0.0,,,,,,0.0,,,,,,Dicker_Max
il_magach_6c,12.0,0.0,0.0,0.0,1.0,1.0,8.0,0.0,0.0,0.0,2.33,2.2,0.0,,,,,,Magach_6C
it_fiat_6616_cockerill,11.0,50.0,0.0,0.0,1.0,1.43,263.0,50.86,0.0,0.0,1.18,0.95,0.0,,,,,,AUBL/74
spitfire_mk5b,12.0,100.0,1.83,,0.0,,11.0,,,,,,0.0,,,,,,Spitfire_Mk_Vb/trop
sbd-3,11.0,0.0,0.0,0.0,0.0,0.0,0.0,,,,,,0.0,,,,,,SBD-3
f3d_1,13.0,0.0,0.0,0.0,0.23,0.23,50.0,75.0,0.0,0.41,2.25,1.2,0.0,,,,,,F3D-1
it_semovente_m41_75_32,12.0,,,,,,0.0,,,,,,0.0,,,,,,75/32_M41
uk_t_90s_bheeshma,10.0,,,,,,110.0,80.39,0.0,0.0,5.82,2.36,0.0,,,,,,Bhishma_TWMP
spitfire_fr_mk14e,11.0,,,5.0,,0.0,0.0,,,,,,0.0,,,,,,Prendergast's_Spitfire_FR_Mk_XIVe
lagg-3-66,9.0,100.0,6.0,6.0,4.0,4.0,0.0,,,,,,0.0,,,,,,LaGG-3-66
i-153_m62_zhukovskiy,10.0,100.0,3.2,3.5,0.4,0.25,0.0,,,,,,0.0,,,,,,Zhukovsky's_I-153-M62
sw_strv_103_0,11.0,,,0.0,,2.0,85.0,50.54,0.0,0.0,2.1,3.06,0.0,,,,,,Strv_103-0
f-5c,10.0,,,,,,200.0,47.52,0.84,1.15,0.26,0.38,0.0,,,,,,F-5C
ussr_t_80,10.0,50.0,0.0,0.0,2.5,2.33,34.0,9.09,0.0,0.0,1.0,1.0,0.0,,,,,,T-80
uk_centurion_mk_1,10.0,100.0,0.0,0.0,3.6,3.6,303.0,52.74,0.0,0.0,2.21,2.14,0.0,,,,,,Centurion_Mk_1
ussr_isu_152,11.0,100.0,0.0,0.0,3.0,3.0,27.0,,,0.0,,1.36,0.0,,,,,,ISU-152
uk_a_13_mk2,11.0,50.0,0.0,0.0,4.0,8.0,50.0,100.0,0.0,0.0,3.89,1.59,0.0,,,,,,A13_Mk_II
bf2c_1,13.0,0.0,1.08,1.0,1.0,0.96,13.0,,,0.0,,0.0,0.0,,,,,,BF2C-1
ussr_t_44_122,11.0,,,,,,120.0,50.0,0.0,0.0,2.31,2.31,0.0,,,,,,T-44-122
il_zsu_57_2,11.0,,,0.0,,1.0,60.0,,,0.0,,1.21,0.0,,,,,,ZSU-57-2_(Israel)
us_m44,13.0,,,0.0,,2.33,112.0,67.74,0.0,0.0,2.33,1.48,0.0,,,,,,M44
i-16_type24,11.0,,,1.0,,1.0,0.0,,,,,,0.0,,,,,,I-16_type_24
gladiator_j8a,10.0,,,1.0,,0.0,0.0,,,,,,0.0,,,,,,J8A
beaufighter_mkx,11.0,100.0,1.33,1.27,4.0,3.82,10.0,,,,,,0.0,,,,,,Beaufighter_Mk_X
p-26a_33,12.0,50.0,0.63,1.25,0.0,0.0,0.0,,,,,,0.0,,,,,,P-26A-33
il_merkava_mk_1b,10.0,,,0.0,,1.7,133.0,43.48,0.0,0.0,2.35,1.51,0.0,,,,,,Merkava_Mk.1B
sw_pvkv_m43_1946,13.0,,,0.0,,1.63,0.0,,,,,,0.0,,,,,,Pvkv_m/43_(1946)
spitfire_ix_early,13.0,100.0,2.17,4.29,2.0,3.43,151.0,75.0,1.49,2.52,1.24,2.26,0.0,,,,,,Spitfire_F_Mk_IX
p-39n_su,11.0,,,2.67,,0.0,22.0,,,1.77,,1.0,0.0,,,,,,Pokryshkin's_P-39N-0
p-26b_35,12.0,,,1.0,,0.0,0.0,,,,,,0.0,,,,,,P-26B-35
p-26a_34_m2,12.0,50.0,1.29,2.58,0.0,0.0,0.0,,,,,,0.0,,,,,,P-26A-34_M2
bf-110g-2,12.0,,,0.0,,0.42,11.0,,,0.0,,1.64,0.0,,,,,,Bf_110_G-2
germ_pzkpfw_35t,12.0,100.0,0.0,,1.67,,46.0,100.0,0.0,0.0,1.71,1.45,0.0,,,,,,Pz.35(t)
it_m3a3_stuart,12.0,,,0.0,,0.0,11.0,,,,,,0.0,,,,,,M3A3
morko_morane,11.0,100.0,12.0,12.0,0.0,0.0,14.0,42.31,0.42,0.85,0.42,0.85,0.0,,,,,,Mörkö-Morane
uk_a_43_black_prince,10.0,,,,,,39.0,50.0,0.0,0.0,3.5,3.84,0.0,,,,,,Black_Prince
ussr_smk,10.0,100.0,0.0,0.0,4.5,4.5,8.0,,,0.0,,2.25,0.0,,,,,,SMK
pe-3,11.0,100.0,0.45,0.45,4.09,4.09,0.0,,,,,,0.0,,,,,,Pe-3
cn_zsd63_pg87,10.0,0.0,1.0,,0.0,,73.0,58.33,1.17,0.87,0.0,0.19,0.0,,,,,,ZSD63/PG87
uk_fv4004_conway,10.0,100.0,0.0,0.0,4.0,2.0,35.0,37.5,0.0,0.0,0.63,1.0,0.0,,,,,,Conway
a-20g,10.0,100.0,1.0,0.43,5.33,4.71,10.0,50.0,1.5,1.5,9.5,9.5,0.0,,,,,,A-20G-25
jp_type_81_tansam,8.0,30.0,1.4,2.0,0.0,0.0,52.0,0.0,1.42,1.42,0.0,0.0,0.0,,,,,,Type_81_(C)
il_centurion_shot_kal_d,8.0,100.0,0.0,0.0,3.0,2.17,130.0,51.28,0.0,0.0,2.11,1.59,0.0,,,,,,Sho't_Kal_Dalet
a7m1,9.0,,,1.0,,0.0,144.0,83.51,2.05,2.19,1.38,1.54,0.0,,,,,,A7M1_(NK9H)
p-51_a-36,8.0,,,2.0,,1.0,57.0,8.33,1.0,1.02,2.73,3.15,0.0,,,,,,A-36
a6m3_mod22_zero,8.0,100.0,5.0,3.5,0.0,0.0,124.0,57.07,1.36,1.97,0.3,0.45,0.0,,,,,,A6M3_mod._22
us_m551_76,9.0,,,0.0,,1.0,177.0,70.69,0.0,0.0,4.78,2.05,0.0,,,,,,M551(76)
p-61c_1,9.0,83.33,0.17,0.44,3.67,2.78,38.0,,,0.0,,0.17,0.0,,,,,,P-61C-1
cn_m48a1_patton_III,9.0,,,,,,78.0,41.67,0.0,0.0,1.36,1.05,0.0,,,,,,M48A1_(China)
spitfire_mk5b_notrop,10.0,100.0,2.83,2.83,1.0,1.0,0.0,,,,,,4.0,,,2.0,,0.0,Spitfire_Mk_Vb
ta-152h-1,12.0,87.5,1.75,2.0,0.0,0.0,110.0,57.53,1.94,3.91,0.41,0.89,0.0,,,,,,Ta_152_H-1
la-9_china,9.0,,,,,,9.0,50.0,1.25,1.94,0.5,0.19,0.0,,,,,,La-9_(China)
us_m60,9.0,,,0.0,,2.0,205.0,46.99,0.0,0.0,1.66,1.24,0.0,,,,,,M60
it_sherman_vc_firefly,9.0,100.0,0.0,0.0,1.0,1.0,16.0,,,0.0,,1.0,0.0,,,,,,Sherman_Vc
fw-190a-5_cannons,12.0,0.0,1.5,1.17,0.0,0.0,2.0,,,1.0,,0.0,0.0,,,,,,Fw_190_A-5
jp_type_90b_sm,8.0,30.0,0.0,0.0,0.7,0.7,797.0,42.87,0.0,0.0,1.77,1.55,0.0,,,,,,◍Type_90_(B)
mig-21_bis,10.0,,,0.0,,0.0,16.0,,,1.0,,0.0,0.0,,,,,,MiG-21bis
ussr_btr_80a,9.0,,,,,,1046.0,49.68,0.0,0.0,1.16,0.96,0.0,,,,,,BTR-80A
cn_object_122tm,12.0,50.0,0.0,0.0,0.8,1.6,168.0,73.12,0.0,0.0,6.43,3.08,0.0,,,,,,"Object_122MT_""MC"""
fr_somua_s35,9.0,,,0.0,,3.0,4.0,,,0.0,,1.0,0.0,,,,,,S.35
f-89d,10.0,,,,,,52.0,82.0,3.43,7.02,0.0,0.0,0.0,,,,,,F-89D
yak-1b_luftwaffe,9.0,,,,,,22.0,100.0,7.0,0.0,1.0,0.0,0.0,,,,,,Yak-1B
il_2_37_1943,8.0,,,1.0,,1.0,0.0,,,,,,0.0,,,,,,IL-2-37
buccaneer_s2b,9.0,,,0.0,,2.0,4.0,,,,,,0.0,,,,,,Buccaneer_S.2B
j_8b,12.0,100.0,7.0,3.88,0.0,0.0,19.0,53.33,2.27,4.53,0.0,0.0,0.0,,,,,,J-8B
harrier_frs1,9.0,,,1.0,,1.0,27.0,50.0,0.0,0.0,0.0,0.0,0.0,,,,,,Sea_Harrier_FRS.1
germ_ru251,9.0,,,0.0,,2.0,356.0,46.07,0.0,0.0,3.79,2.65,0.0,,,,,,Ru_251
ki_10_1,8.0,,,,,,0.0,,,,,,0.0,,,,,,Ki-10-I
ussr_object_268,10.0,,,0.0,,3.1,287.0,38.33,0.0,0.0,3.1,1.72,0.0,,,,,,Object_268
jp_type_75_mlrs,10.0,0.0,0.0,0.0,2.0,2.0,8.0,50.0,0.0,0.0,0.5,0.5,0.0,,,,,,Type_75_MLRS
ussr_kv_122,9.0,,,,,,60.0,50.0,0.0,0.0,4.33,3.45,0.0,,,,,,KV-122
ussr_pantsyr_s1,10.0,,,,,,600.0,33.6,1.07,0.93,0.09,0.09,0.0,,,,,,Pantsir-S1
it_44m_zrinyi_1,9.0,,,,,,27.0,100.0,0.0,0.0,1.25,1.0,0.0,,,,,,Zrinyi_I
jp_type_10_prototype,8.0,,,0.0,,1.0,487.0,53.82,0.0,0.0,2.26,1.84,0.0,,,,,,TKX_(P)
re_2002_early,8.0,,,2.0,,0.0,0.0,,,,,,0.0,,,,,,Re.2002_Early
fr_leopard_2a5nl,9.0,50.0,0.0,0.0,1.0,1.0,106.0,96.67,0.0,0.0,6.02,4.15,0.0,,,,,,Leopard_2A5NL
us_m1128_mgs,8.0,,,0.0,,1.0,568.0,48.54,0.0,0.0,1.16,1.09,0.0,,,,,,M1128
jaguar_gr1a,9.0,,,,,,26.0,89.47,1.68,1.43,1.74,2.0,0.0,,,,,,Jaguar_GR.1A
tornado_f3_late,8.0,,,1.0,,0.0,0.0,,,,,,0.0,,,,,,Tornado_F.3_Late
sm_79_1941_italy,8.0,100.0,0.0,0.0,1.0,1.0,0.0,,,,,,0.0,,,,,,S.M.79_AS
sb2c_5_france,9.0,,,0.0,,0.25,31.0,100.0,1.05,1.0,4.19,4.67,0.0,,,,,,SB2C-5
do_217e_4,11.0,,,,,,0.0,,,,,,0.0,,,,,,Do_217_E-4
he-111h-2,9.0,,,,,,0.0,,,,,,0.0,,,,,,He_111_H-3
mig-15bis_nr23_china,10.0,50.0,5.5,11.0,0.5,1.0,0.0,,,,,,0.0,,,,,,J-2
f1,10.0,50.0,5.0,10.0,0.5,1.0,83.0,78.7,3.62,5.95,0.0,0.01,0.0,,,,,,F-1
ia_58a_pucara,10.0,50.0,3.5,7.0,1.5,3.0,315.0,58.02,1.31,1.85,2.84,3.4,0.0,,,,,,IA.58A_Pucara
f_16am_block_20_mlu_netherlands,10.0,100.0,8.0,4.0,0.0,0.0,145.0,67.65,1.32,2.64,0.98,2.22,17.0,,,2.0,,0.0,◘F-16AM
yak-15,8.0,66.67,4.3,4.3,0.0,0.0,15.0,100.0,0.4,0.4,0.2,0.2,0.0,,,,,,Yak-15
germ_flakpanzer_IV_Wirbelwind,9.0,,,,,,396.0,35.61,1.45,0.89,0.32,0.2,0.0,,,,,,Wirbelwind
us_lav_ad,9.0,,,,,,871.0,51.98,0.38,0.35,0.44,0.39,0.0,,,,,,LAV-AD
lagg-3-34,6.0,50.0,1.5,3.0,0.0,0.0,0.0,,,,,,0.0,,,,,,LaGG-3-34
ussr_object_292,7.0,100.0,0.0,0.0,4.71,4.71,653.0,51.64,0.0,0.0,3.55,2.54,0.0,,,,,,Object_292
f-86k_late_italy,10.0,50.0,1.5,1.5,0.5,0.5,12.0,50.0,1.0,2.0,0.5,1.0,0.0,,,,,,F-86K
f-86f-40_japan,10.0,50.0,1.0,2.0,1.0,2.0,35.0,100.0,1.33,,1.67,,0.0,,,,,,F-86F-40_
p-38e,6.0,50.0,1.0,2.0,0.0,0.0,0.0,,,,,,0.0,,,,,,P-38E
us_xm_975_roland,8.0,0.0,2.0,2.0,0.0,0.0,47.0,77.27,0.0,0.0,0.0,0.0,0.0,,,,,,XM975
su-6_m71,10.0,100.0,1.0,0.13,3.0,1.63,45.0,,,0.0,,1.61,5.0,0.0,0.0,0.0,2.0,2.0,Su-6_(M-71F)
saab_j21a_2,9.0,,,0.22,,1.56,16.0,100.0,2.93,,0.0,,0.0,,,,,,J21A-2
germ_flakpz_1a2_Gepard,7.0,100.0,1.0,1.0,0.0,0.0,763.0,36.63,0.64,0.6,0.46,0.43,0.0,,,,,,Gepard_1A2
f4u-1a_usmc,7.0,100.0,3.0,3.0,0.0,0.0,5.0,,,,,,0.0,,,,,,F4U-1A_(USMC)
fw-190a-5,8.0,87.5,1.0,1.25,0.0,0.0,16.0,,,,,,0.0,,,,,,Fw_190_A-5/U12
p-63a-5,7.0,,,1.0,,0.0,41.0,100.0,3.33,1.83,1.0,0.66,0.0,,,,,,P-63A-5
uk_t17e2,7.0,,,,,,28.0,100.0,0.0,0.0,0.0,0.0,0.0,,,,,,Staghound_AA
uk_a30_sp_avenger,9.0,,,,,,226.0,63.72,0.0,0.0,4.63,2.24,0.0,,,,,,Avenger
ussr_9a33bm3,8.0,50.0,1.0,1.25,0.5,0.25,28.0,33.33,0.5,1.0,0.0,0.0,0.0,,,,,,Оса-АКМ
uk_chieftain_marksman,8.0,50.0,0.0,0.0,0.0,0.0,213.0,55.38,0.76,0.38,1.34,0.71,0.0,,,,,,Chieftain_Marksman
cn_ztz_96,9.0,50.0,0.0,0.0,1.0,0.57,370.0,63.44,0.0,0.0,3.56,3.0,0.0,,,,,,ZTZ96
germ_m109g,10.0,0.0,0.0,0.0,1.0,0.94,163.0,41.56,0.04,0.03,1.21,1.13,0.0,,,,,,M109G
ussr_buk_m3_fcs,7.0,,,,,,89.0,44.44,1.34,0.46,0.0,0.0,0.0,,,,,,"9К317М_""БУК-М3""_(СОЦ)"
il_2_1941,8.0,,,,,,30.0,18.18,0.0,0.0,1.0,1.0,1.0,,,0.0,,0.0,IL-2_(1941)
hunter_f1,9.0,,,1.0,,2.0,63.0,100.0,3.05,0.24,1.37,0.06,0.0,,,,,,Hunter_F.1
i_180,7.0,100.0,3.0,3.0,2.0,2.0,5.0,,,1.0,,2.0,0.0,,,,,,I-180S
meteor_fmk8_iaf,7.0,,,0.0,,2.0,12.0,0.0,0.0,0.0,0.0,0.0,0.0,,,,,,Meteor_F.8_(Israel)
it_as_42_metropolitana,7.0,100.0,0.0,0.0,4.0,4.0,7.0,,,0.0,,2.0,0.0,,,,,,AS_42
i-153p,6.0,,,2.0,,0.0,62.0,92.31,6.31,16.71,0.27,1.57,0.0,,,,,,I-153P
bf_110g_4_hungary,7.0,100.0,1.0,0.57,4.67,3.14,63.0,51.67,0.2,0.38,1.0,1.95,0.0,,,,,,◐Bf_110_G-4
us_m10,9.0,100.0,0.0,0.0,8.0,8.0,98.0,34.14,0.0,0.0,1.18,1.35,0.0,,,,,,M10_GMC
il-2i,6.0,,,2.0,,2.67,0.0,,,,,,20.0,,,,,,IL-2_(1942)
jp_m60a3_tts,7.0,,,0.0,,1.0,124.0,55.3,0.0,0.0,2.9,3.38,0.0,,,,,,M60A3_TTS
a_4h,7.0,,,0.0,,1.0,42.0,73.81,0.74,0.69,0.31,0.26,0.0,,,,,,A-4H_(Israel)
ki_67_1_ko,7.0,,,,,,0.0,,,,,,0.0,,,,,,Ki-67-I_Ko
saab_j21ra,7.0,,,0.0,,1.0,68.0,73.81,1.0,1.0,0.2,0.2,0.0,,,,,,J21RA
ta-152c,8.0,50.0,1.13,2.13,0.0,0.0,23.0,73.08,0.92,1.38,0.73,1.0,0.0,,,,,,Ta_152_C-3
it_as_42_47,8.0,,,,,,4.0,,,0.0,,2.0,0.0,,,,,,AS_42/47
cn_m3a3_stuart_1st_ptg,7.0,,,,,,0.0,,,,,,0.0,,,,,,M3A3_(1st_PTG)_(China)
it_c13_t90,7.0,100.0,0.0,,1.0,,58.0,37.96,0.0,0.0,2.57,1.27,0.0,,,,,,C13_T90
sw_strv_m41_s2,7.0,,,,,,6.0,,,0.0,,0.75,0.0,,,,,,Strv_m/41_S-II
sw_t_55m,6.0,40.0,0.0,0.0,1.2,2.0,273.0,57.22,0.0,0.0,1.64,1.83,0.0,,,,,,T-55M
p-47d_22_re_france,8.0,100.0,1.63,1.63,9.0,9.0,24.0,100.0,0.08,0.08,0.98,0.98,0.0,,,,,,P-47D-22-RE
ki_67_1_otsu,7.0,,,0.0,,1.0,0.0,,,,,,0.0,,,,,,Ki-67-I_otsu
he-162a-2,7.0,,,,,,32.0,100.0,4.22,4.1,0.0,0.0,0.0,,,,,,He_162_A-2
germ_m44,8.0,100.0,0.0,0.0,2.0,2.0,135.0,16.13,0.0,0.0,0.68,0.88,0.0,,,,,,M44
yak-9p_hungary,6.0,,,,,,0.0,,,,,,0.0,,,,,,◔Yak-9P
germ_marder_clovis,7.0,,,0.0,,1.0,68.0,40.48,0.0,0.0,1.6,1.17,0.0,,,,,,CLOVIS
il_m_51_w,8.0,100.0,0.0,0.0,2.0,2.0,38.0,7.41,0.0,0.0,1.67,1.47,0.0,,,,,,M-51_(W)
yak-9ut,7.0,,,,,,271.0,78.18,1.13,1.06,3.03,2.92,44.0,82.0,0.1,0.13,2.16,2.31,Yak-9UT
us_t92,7.0,,,0.0,,1.0,687.0,47.5,0.0,0.0,1.06,1.01,0.0,,,,,,T92
ussr_bmd_4m2,6.0,,,0.0,,0.0,1043.0,46.56,0.0,0.0,1.27,1.01,13.0,100.0,0.0,0.0,1.54,1.54,БМД-4M2
germ_flakpanzer_IV_Kugelblitz,8.0,0.0,0.0,0.0,0.0,0.0,336.0,32.07,1.05,0.8,0.32,0.22,0.0,,,,,,Kugelblitz
tu-2_postwar,7.0,,,0.0,,0.0,3.0,,,,,,0.0,,,,,,Tu-2S-44
tu-2_postwar_china,7.0,,,0.0,,1.0,62.0,100.0,0.0,0.0,3.1,3.71,0.0,,,,,,Tu-2S-44_(China)
welkin_fmk1,6.0,,,1.0,,0.0,0.0,,,,,,0.0,,,,,,Welkin_F.Mk.I
uk_a30_sp_avenger_kit_3rank,6.0,,,,,,154.0,80.95,0.0,0.0,3.81,1.71,0.0,,,,,,Avenger_(Overlord)
a6m2_zero,5.0,100.0,2.0,2.0,0.0,0.0,9.0,,,0.11,,1.0,4.0,,,,,,A6M2
il_centurion_shot_kal_gimel,5.0,100.0,0.0,0.0,1.5,1.5,9.0,60.0,0.0,0.0,1.6,1.6,0.0,,,,,,Sho't_Kal_Gimel
a6m3_zero,5.0,,,,,,123.0,63.37,1.43,1.62,1.1,1.19,0.0,,,,,,A6M3
uk_rooikat_za_35,5.0,,,,,,270.0,57.26,0.12,0.11,1.96,1.69,0.0,,,,,,ZA-35
germ_pzkpfw_IV_ausf_E,6.0,,,,,,27.0,,,0.0,,1.0,0.0,,,,,,Pz.IV_E
a6m2_mod11,5.0,,,,,,102.0,98.08,0.79,1.53,0.44,0.61,0.0,,,,,,A6M2_mod._11
germ_raketenjagdpanzer_2_hot,9.0,50.0,0.0,0.0,1.5,1.0,132.0,38.98,0.0,0.0,0.51,0.36,0.0,,,,,,RakJPz_2_(HOT)
us_skink_aa,5.0,,,,,,263.0,57.74,1.19,2.58,0.0,0.0,0.0,,,,,,Skink
ussr_object_775,5.0,,,,,,454.0,46.69,0.0,0.0,1.78,1.59,0.0,,,,,,Object_775
su_17m4,7.0,0.0,1.0,1.0,1.0,1.0,0.0,,,,,,2.0,100.0,1.0,1.0,1.0,1.0,Su-17M4
germ_pzkpfw_III_ausf_J,5.0,,,,,,35.0,,,0.0,,2.77,0.0,,,,,,Pz.III_J1
jp_type_61,5.0,,,0.0,,1.0,637.0,70.29,0.0,0.0,1.85,1.65,0.0,,,,,,Type_61
fr_amx_40,5.0,100.0,0.0,0.0,1.0,1.0,192.0,70.72,0.0,0.0,2.83,2.0,0.0,,,,,,AMX-40
ussr_2s25,5.0,,,0.0,,1.0,926.0,59.12,0.0,0.0,1.52,1.36,0.0,,,,,,2S25
mig_21_bis_finland,5.0,50.0,0.5,1.0,0.0,0.0,77.0,68.75,1.84,1.0,0.0,0.0,0.0,,,,,,MiG-21bis
jp_type_90,5.0,0.0,0.0,0.0,0.0,0.0,648.0,49.19,0.0,0.0,1.86,1.83,0.0,,,,,,Type_90
fr_amx_elc_901,6.0,,,,,,45.0,100.0,0.0,0.0,4.0,2.48,0.0,,,,,,ELC_901
mig_27k,6.0,,,,,,17.0,100.0,0.0,0.0,2.0,3.0,26.0,62.5,0.0,0.0,1.13,1.88,MiG-27K
saab_ajs37,5.0,,,0.0,,0.0,60.0,100.0,0.47,0.47,2.53,2.53,0.0,,,,,,AJS37
i-153_m62,6.0,,,,,,0.0,,,,,,0.0,,,,,,I-153_M-62
saab_ja37,5.0,50.0,0.0,0.0,0.0,0.0,293.0,59.39,1.73,2.25,0.05,0.08,27.0,,,0.93,,0.0,JA37C
saab_j35d,5.0,,,0.0,,0.0,10.0,50.0,1.4,2.8,0.5,1.0,0.0,,,,,,J35D
i-15bis_krasnolutsky,6.0,,,,,,0.0,,,,,,0.0,,,,,,Krasnolutsky's_I-15bis
mig-21_mf,7.0,,,0.0,,0.0,55.0,70.0,2.6,2.83,0.0,0.0,0.0,,,,,,◊MiG-21MF
us_t18_e2,5.0,100.0,0.0,,5.0,,53.0,96.67,0.0,0.0,9.63,5.76,0.0,,,,,,T18E2
uk_a_22f_mk_7_churchill_crocodile,5.0,100.0,0.0,,3.0,,90.0,52.69,0.0,0.0,3.11,4.23,0.0,,,,,,Churchill_Crocodile
il_2_1942_luftwaffe,6.0,100.0,1.0,1.0,2.0,2.0,0.0,,,,,,0.0,,,,,,IL-2_(1942)
cr_32_quater,4.0,,,1.0,,1.0,0.0,,,,,,0.0,,,,,,CR.32_quater
uk_challenger_2_dorchester,5.0,,,0.0,,2.0,358.0,44.5,0.0,0.0,1.05,1.06,0.0,,,,,,Challenger_2_(2F)
sea_fury_fb11,4.0,,,2.0,,0.0,21.0,100.0,1.25,1.27,0.0,0.0,0.0,,,,,,Sea_Fury_FB_11
il-10,6.0,100.0,4.0,4.0,1.2,1.2,30.0,100.0,0.0,0.0,4.68,4.68,0.0,,,,,,IL-10
fr_bat_chat_25t,6.0,,,0.0,,2.0,202.0,75.75,0.0,0.0,3.86,2.63,0.0,,,,,,Char_25t
fw-190a-8,5.0,,,,,,15.0,,,,,,0.0,,,,,,Fw_190_A-8
fr_cckw_353_bofors,4.0,,,,,,5.0,100.0,1.0,1.0,2.0,2.0,0.0,,,,,,CCKW_353_AA
uk_challenger_2_tes,5.0,,,,,,236.0,50.51,0.0,0.0,1.1,1.31,0.0,,,,,,Challenger_2_TES
jp_type_90b,5.0,,,,,,457.0,50.28,0.0,0.0,1.86,1.93,0.0,,,,,,Type_90_(B)
xp-55,5.0,100.0,3.0,3.0,0.0,0.0,25.0,50.0,1.0,1.55,1.0,1.55,0.0,,,,,,XP-55
sw_cv_90105,3.0,50.0,0.0,0.0,1.25,2.5,378.0,51.36,0.0,0.0,1.78,1.62,0.0,,,,,,CV_90105_TML
uk_crusader_mk_2_the_saint,4.0,,,,,,0.0,,,,,,0.0,,,,,,"Crusader_""The_Saint"""
il_tiran_4_sh,5.0,,,,,,36.0,100.0,0.0,0.0,1.0,0.3,0.0,,,,,,Tiran_4S
ussr_su_57b,4.0,,,0.0,,1.0,12.0,50.0,0.0,0.0,1.0,2.0,0.0,,,,,,SU-57B
firebrand_tf4,4.0,,,1.25,,1.75,66.0,70.37,0.0,0.0,0.94,0.73,0.0,,,,,,Firebrand_TF_Mk_IV
il_sholef,4.0,,,0.0,,1.0,0.0,,,,,,0.0,,,,,,Sholef
us_m50_ontos,4.0,,,0.0,,2.0,261.0,71.18,0.0,0.0,2.28,1.48,0.0,,,,,,M50
spitfiremkii,4.0,,,,,,0.0,,,,,,0.0,,,,,,Spitfire_Mk_IIb
hurricane_mk1c,4.0,,,3.0,,0.0,0.0,,,,,,0.0,,,,,,Sea_Hurricane_Mk_IC
lightning_f6,6.0,,,3.0,,0.0,17.0,50.0,1.0,1.31,1.5,2.23,0.0,,,,,,Lightning_F.6
germ_bmp_1_ddr,6.0,,,,,,60.0,9.52,0.0,0.0,0.63,0.22,0.0,,,,,,SPz_BMP-1
il_magach_6,5.0,,,0.0,,0.0,0.0,,,,,,0.0,,,,,,Magach_6
b7a2_homare_23,6.0,,,0.0,,3.0,89.0,83.16,1.47,1.14,1.97,1.66,0.0,,,,,,B7A2_(Homare_23)
il_magach_3_idf,5.0,,,0.0,,0.0,52.0,,,0.0,,0.81,0.0,,,,,,Magach_3
il_aml_90,4.0,,,,,,79.0,58.06,0.0,0.0,0.99,0.82,0.0,,,,,,AML-90_(Israel)
f-5a_thailand,5.0,100.0,2.0,2.0,15.0,15.0,11.0,100.0,3.27,3.27,5.0,5.0,0.0,,,,,,F-5A
a_10a_late,5.0,100.0,3.0,3.0,7.0,7.0,355.0,58.53,1.34,1.39,5.0,5.15,1.0,,,0.0,,1.0,A-10A_Late
f-84g_france,5.0,,,,,,36.0,78.79,0.81,1.09,1.73,2.32,0.0,,,,,,F-84G-26-RE
q_5a,5.0,,,,,,21.0,100.0,0.0,0.0,1.0,1.0,0.0,,,,,,Q-5A
i-16_type28,3.0,,,4.0,,1.0,0.0,,,,,,0.0,,,,,,I-16_type_28
germ_pzkpfw_IV_ausf_F,4.0,100.0,0.0,,4.0,,26.0,,,0.0,,4.0,0.0,,,,,,Pz.IV_F1
la_200_toriy,5.0,,,4.0,,0.0,49.0,97.5,1.88,1.24,0.98,0.65,0.0,,,,,,La-200
f_2a_adtw,5.0,,,,,,743.0,62.73,1.37,1.68,0.63,0.75,40.0,,,1.3,,0.9,F-2A_ADTW
ju-88a-1,6.0,100.0,0.0,0.0,8.0,4.0,0.0,,,,,,0.0,,,,,,Ju_88_A-1
tu_14t,5.0,,,1.0,,4.0,0.0,,,,,,0.0,,,,,,Tu-14T
il_28sh,5.0,,,0.0,,3.0,21.0,0.0,0.0,0.0,0.0,0.0,0.0,,,,,,IL-28Sh
saab_j29a,5.0,,,,,,69.0,25.4,1.08,1.29,0.1,0.1,0.0,,,,,,J29A
t2_early,5.0,,,,,,57.0,100.0,0.9,0.84,0.0,0.0,0.0,,,,,,T-2_Early
a6m2_zero_china,4.0,100.0,6.0,6.0,0.0,0.0,0.0,,,,,,0.0,,,,,,A6M2_(China)
j2m5_30mm,4.0,50.0,3.5,3.5,0.0,0.0,20.0,100.0,1.25,1.25,1.38,1.38,0.0,,,,,,J2M5
a_6e_tram,5.0,,,3.0,,1.0,111.0,50.0,0.11,0.16,1.46,1.77,10.0,0.0,0.0,0.0,1.0,0.06,A-6E_TRAM
mig-21_pfm,5.0,,,,,,0.0,,,,,,0.0,,,,,,MiG-21PFM
j2m2,4.0,100.0,4.0,4.0,0.0,0.0,92.0,100.0,3.17,2.47,1.34,1.31,0.0,,,,,,J2M2
ki-83,5.0,100.0,3.0,3.0,0.0,0.0,0.0,,,,,,0.0,,,,,,Ki-83
sb2u-3,5.0,,,,,,11.0,,,,,,0.0,,,,,,SB2U-3
su-11,5.0,50.0,1.0,2.0,0.5,1.0,230.0,66.64,1.12,1.24,1.35,1.53,0.0,,,,,,Su-11
p-51d-10,4.0,,,1.0,,1.0,26.0,50.0,1.3,2.2,1.0,1.6,0.0,,,,,,P-51D-10
mosquito_fb_mk26_china,3.0,,,1.0,,1.0,55.0,61.91,2.61,,1.42,,0.0,,,,,,Mosquito_FB.Mk.26
p-43a-1_china,5.0,,,,,,0.0,,,,,,0.0,,,,,,P-43A-1_(China)
mig-17pf_hungary,5.0,0.0,2.0,2.0,1.0,1.0,6.0,,,,,,0.0,,,,,,◔MiG-17PF
sea_fury_fb51,3.0,,,2.0,,0.0,16.0,100.0,1.0,,1.0,,0.0,,,,,,◘Sea_Fury_FB.51
il_28,5.0,,,0.0,,2.0,0.0,,,,,,16.0,,,0.0,,0.0,IL-28
sw_vickers_mk_e_37,4.0,,,0.0,,2.0,0.0,,,,,,0.0,,,,,,Vickers_Mk.E
b_25j_30_china,3.0,100.0,1.0,1.0,1.0,1.0,0.0,,,,,,0.0,,,,,,B-25J-30_(China)
germ_sdkfz_251_21,5.0,50.0,1.0,2.0,0.0,0.0,110.0,30.59,0.54,0.59,0.54,0.58,0.0,,,,,,Sd.Kfz.251/21
sagittario_2,5.0,0.0,2.0,2.0,0.0,0.0,1.0,,,,,,8.0,,,,,,Sagittario_2
germ_pzsflk40_sturer_emil,5.0,,,,,,24.0,0.0,0.0,0.0,3.4,4.13,0.0,,,,,,Sturer_Emil
fokker_d21_netherlands,5.0,0.0,2.0,2.0,0.0,0.0,0.0,,,,,,0.0,,,,,,◗Fokker_D.XXI
bf-109f-4_hungary,3.0,,,3.67,,0.0,43.0,50.0,0.5,0.2,1.0,2.9,0.0,,,,,,◐Bf_109_F-4
b_26b_c,3.0,,,0.0,,2.0,0.0,,,,,,0.0,,,,,,B-26B
p-36a,5.0,,,,,,0.0,,,,,,0.0,,,,,,P-36A
jh_7,5.0,,,1.0,,0.0,0.0,,,,,,0.0,,,,,,JH-7
ki_44_2_hei_china,4.0,100.0,3.0,3.0,1.0,1.0,2.0,100.0,2.0,1.0,1.0,0.0,0.0,,,,,,Ki-44-II_hei_(China)
f8f1b_france,3.0,0.0,3.0,3.0,0.0,0.0,86.0,96.43,2.22,1.85,3.17,2.69,0.0,,,,,,F8F-1B
h-75a-4_france,5.0,0.0,1.0,1.0,0.0,0.0,0.0,,,,,,0.0,,,,,,H-75A-4
b-17g,4.0,,,,,,0.0,,,,,,0.0,,,,,,B-17G-60-VE
uk_ttd,5.0,,,0.0,,1.0,204.0,63.77,0.0,0.0,5.07,3.96,0.0,,,,,,TTD
ussr_2s19_m2,5.0,,,0.0,,1.0,33.0,,,0.0,,1.27,0.0,,,,,,2С19М2
il-10_1946,5.0,,,,,,6.0,100.0,0.0,0.0,2.0,2.0,0.0,,,,,,IL-10_(1946)
mig_29kr_9_41r,5.0,,,1.0,,0.0,47.0,72.73,1.85,2.82,0.0,0.0,8.0,,,,,,МиГ-29КР_(9-41Р)
d_501,5.0,,,1.0,,0.0,0.0,,,,,,0.0,,,,,,D.501
mirage_2000c_s4,5.0,,,,,,467.0,72.1,4.35,11.31,0.0,0.0,0.0,,,,,,Mirage_2000C-S4
it_of_40_mk_2a,4.0,,,,,,111.0,29.88,0.0,0.0,5.05,2.75,0.0,,,,,,OF-40_Mk.2A
p-38l,3.0,,,,,,0.0,,,,,,0.0,,,,,,P-38L-5-LO
germ_panzerjager_nashorn,6.0,0.0,0.0,0.0,3.0,3.0,156.0,25.49,0.0,0.0,2.17,1.65,0.0,,,,,,Nashorn
ussr_t_90a,5.0,,,0.0,,0.0,960.0,50.33,0.0,0.0,1.53,1.26,13.0,100.0,0.0,0.0,1.0,0.77,Т-90А
uk_fv438_swingfire,6.0,50.0,0.0,0.0,0.5,0.5,173.0,61.95,0.0,0.0,1.96,1.87,0.0,,,,,,Swingfire
lancaster_mr7_france,3.0,,,,,,0.0,,,,,,0.0,,,,,,Lancaster_MR.7
germ_amd_35_kwk,4.0,100.0,0.0,0.0,0.0,0.0,22.0,,,0.0,,2.55,0.0,,,,,,Pz.Sp.Wg.P204(f)_KwK
alpha_jet_a,5.0,,,,,,374.0,49.12,0.2,0.22,0.93,0.96,34.0,,,0.0,,2.4,Alpha_Jet_A
mirage_4000,5.0,,,,,,62.0,72.22,2.31,1.77,0.0,0.0,15.0,,,1.0,,0.0,Mirage_4000
sw_strv_103c,5.0,,,,,,111.0,45.82,0.0,0.0,0.67,1.0,0.0,,,,,,Strv_103С
hunter_f58a_1971_switzerland,5.0,,,,,,20.0,100.0,3.0,,1.0,,0.0,,,,,,◌Hunter_F.58A_(1971)
it_c1_ariete,2.0,100.0,0.0,0.0,3.0,3.0,109.0,50.0,0.0,0.0,3.07,2.2,0.0,,,,,,Ariete
uk_challenger_2_lep,3.0,100.0,0.0,0.0,2.0,2.0,257.0,48.6,0.0,0.0,1.37,1.17,0.0,,,,,,Challenger_3_TD
db_7,3.0,,,,,,0.0,,,,,,0.0,,,,,,DB-7
it_c1_ariete_pso,2.0,,,,,,106.0,70.46,0.0,0.0,3.49,2.81,0.0,,,,,,Ariete_PSO
jp_type_2_ho_ni_2,2.0,,,0.0,,1.0,23.0,100.0,0.0,0.0,1.0,1.0,0.0,,,,,,Ho-Ni_II
us_m4a5_ram_2,5.0,83.33,0.0,0.0,1.83,2.25,3.0,,,0.0,,2.0,0.0,,,,,,M4A5
germ_nbfz_VI,4.0,100.0,0.0,0.0,6.0,12.0,0.0,,,,,,0.0,,,,,,Nb.Fz.
us_t34,2.0,100.0,0.0,0.0,5.0,5.0,874.0,57.65,0.0,0.0,2.77,1.87,0.0,,,,,,T34
cn_type_59,3.0,,,0.0,,2.0,130.0,84.37,0.0,0.0,4.33,2.89,0.0,,,,,,Type_59
cn_m_41d,3.0,,,0.0,,2.0,62.0,85.29,0.0,0.0,1.22,1.25,0.0,,,,,,M41D
it_otobreda_sidam_25_mistral,2.0,,,,,,17.0,50.0,0.5,1.0,0.5,1.0,0.0,,,,,,SIDAM_25_(Mistral)
jp_halftrack_m16,4.0,,,,,,128.0,66.67,1.13,0.54,0.0,0.0,0.0,,,,,,M16_MGMC
hurricane_mk4,4.0,,,1.0,,0.0,11.0,,,,,,0.0,,,,,,Hurricane_Mk_IV
cn_oplot_t,2.0,,,0.0,,1.0,277.0,70.46,0.0,0.0,3.05,1.71,3.0,,,0.0,,1.0,Oplot-M
cn_type_59d,3.0,50.0,0.5,1.0,2.5,5.0,228.0,70.24,0.0,0.0,6.7,2.88,0.0,,,,,,ZTZ59D1
ussr_t_26_1940_1st_GvTBr,3.0,,,,,,15.0,0.0,0.0,0.0,1.0,1.0,17.0,,,0.0,,1.0,T-26_(1st_Gv.T.Br.)
la-11_china,3.0,,,,,,25.0,,,,,,0.0,,,,,,La-11_(China)
il_mim_72_chaparral,4.0,,,,,,8.0,100.0,2.0,2.0,0.0,0.0,0.0,,,,,,Imp.Chaparral_(Israel)
i-15_1934,2.0,,,,,,0.0,,,,,,0.0,,,,,,I-15_WR
arado-196a-3,4.0,,,,,,0.0,,,,,,0.0,,,,,,Ar_196_A-3
il_hunter_afv,4.0,,,0.0,,0.0,0.0,,,,,,0.0,,,,,,Hunter_AFV
cn_sdkfz_222_early,2.0,100.0,0.0,,1.0,,29.0,3.85,0.0,0.0,0.35,0.35,0.0,,,,,,Sd.Kfz.222_(China)
he-111h-6,3.0,100.0,0.0,0.0,5.0,5.0,0.0,,,,,,0.0,,,,,,He_111_H-6
it_sherman_VII,3.0,,,0.0,,4.0,21.0,100.0,0.0,0.0,3.22,2.16,0.0,,,,,,M4_Tipo_IC
b6n1,2.0,,,0.0,,4.0,0.0,,,,,,0.0,,,,,,B6N1_Model_11
pe-2-205,3.0,,,,,,0.0,,,,,,0.0,,,,,,Pe-2-205
bf-110f-2,0.0,,,,,,0.0,,,,,,0.0,,,,,,Bf_110_F-2
sw_pbil_m40,1.0,,,0.0,,3.0,2.0,,,0.0,,1.0,0.0,,,,,,Pbil_m/40
ki-45_ko,2.0,,,,,,0.0,,,,,,0.0,,,,,,Ki-45_ko
ussr_is_7,2.0,,,,,,24.0,100.0,0.0,0.0,6.12,5.85,3.0,100.0,0.0,0.0,1.0,1.0,IS-7
it_semovente_m42_75_34,1.0,,,0.0,,3.0,0.0,,,,,,0.0,,,,,,75/34_M42
re_2001_cn,1.0,,,,,,14.0,71.43,0.0,0.0,0.29,0.29,0.0,,,,,,Re.2001_CN
me_210ca_1_40_mm_hungary,3.0,,,0.0,,2.0,4.0,100.0,1.0,1.0,3.0,3.0,3.0,,,,,,◔Me_210_Ca-1_36.M
ussr_bt_7_m,3.0,,,0.0,,3.0,82.0,33.33,0.0,0.0,1.43,1.33,0.0,,,,,,BT-7M
me_210ca_1_hungary,3.0,,,1.0,,3.33,0.0,,,,,,0.0,,,,,,◔Me_210_Ca-1
corsair_fmk2,2.0,,,,,,13.0,,,1.62,,1.38,0.0,,,,,,Corsair_F_Mk_II
il_2_m82,3.0,,,1.0,,1.0,0.0,,,,,,0.0,,,,,,IL-2_M-82
a7m2,2.0,,,,,,142.0,63.87,1.42,1.28,1.53,1.42,0.0,,,,,,A7M2
a6m3_mod22ko_zero,2.0,100.0,2.0,2.0,0.0,0.0,9.0,100.0,0.0,,0.0,,0.0,,,,,,A6M3_mod._22Ko
lagg-i-301,1.0,,,,,,0.0,,,,,,0.0,,,,,,I-301
it_m14_41_47_40,1.0,,,0.0,,1.0,0.0,,,,,,0.0,,,,,,M14/41_(47/40)
bf-109e-3,3.0,,,1.0,,0.0,43.0,100.0,0.38,0.22,0.44,0.38,0.0,,,,,,Bf_109_E-3
uk_crusader_aa_mk_1,3.0,,,0.0,,0.0,203.0,11.54,0.29,0.21,2.44,1.13,0.0,,,,,,Crusader_AA_Mk_I
sm_91,3.0,,,,,,0.0,,,,,,0.0,,,,,,SM.91
jp_type_98_ke_ni,3.0,,,0.0,,2.0,68.0,,,0.0,,4.5,0.0,,,,,,Ke-Ni
ussr_2s25m,2.0,,,0.0,,1.0,1191.0,51.78,0.0,0.0,1.54,1.1,11.0,,,0.0,,1.0,2S25M
a6m5ko,2.0,,,1.5,,0.0,145.0,73.75,1.81,1.38,2.26,1.97,0.0,,,,,,A6M5_Ko
us_m46_patton,1.0,,,0.0,,4.0,624.0,58.86,0.0,0.0,2.23,2.02,0.0,,,,,,M46
sw_pt_76b,3.0,,,0.0,,1.0,276.0,40.27,0.0,0.0,0.66,0.63,0.0,,,,,,PT-76
spitfire_mk5b_italy,3.0,,,,,,21.0,100.0,2.55,,0.0,,14.0,,,,,,Spitfire_Mk_Vb/trop
germ_mkpz_super_m48,4.0,50.0,0.0,0.0,0.5,0.5,116.0,46.67,0.0,0.0,2.5,3.07,0.0,,,,,,M48_Super
mig-19pt,1.0,,,,,,133.0,29.84,3.84,2.76,0.57,0.5,0.0,,,,,,MiG-19PT
ussr_gaz_mm_72k,1.0,100.0,0.0,0.0,1.0,1.0,8.0,0.0,0.0,0.0,5.33,5.33,0.0,,,,,,GAZ-MM_(72-K)
sw_strv_m40l,1.0,,,,,,0.0,,,,,,0.0,,,,,,Strv_m/40L
mc200_serie7_italy,1.0,,,3.0,,0.0,0.0,,,,,,0.0,,,,,,C._200_serie_7
uk_g6_spg,3.0,100.0,0.0,0.0,0.0,0.0,55.0,50.0,0.0,0.0,0.5,0.6,0.0,,,,,,G6
us_m55,4.0,,,,,,16.0,,,0.0,,0.97,0.0,,,,,,M55
ussr_t_50,1.0,,,0.0,,2.0,18.0,63.89,0.0,0.0,2.42,2.64,0.0,,,,,,T-50
f-86f-40_china,2.0,,,1.0,,0.0,28.0,,,,,,0.0,,,,,,F-86F-40_(China)
germ_flakpanzer_zerstorer_45,3.0,,,,,,221.0,20.48,0.6,0.41,0.33,0.24,0.0,,,,,,Zerstörer_45
sw_strv_m42_delat_torn,3.0,,,0.0,,0.0,148.0,38.92,0.0,0.0,1.37,1.25,0.0,,,,,,Strv_m/42_DT
uk_as_90_mk_2,3.0,,,,,,144.0,56.23,0.0,0.0,1.44,1.76,0.0,,,,,,AS90
ussr_zsu_23_4,1.0,,,,,,196.0,37.53,1.17,1.04,0.07,0.09,0.0,,,,,,ZSU-23-4
ussr_type_65_aa,3.0,100.0,0.0,,0.0,,0.0,,,,,,0.0,,,,,,Phòng_không_T-34
d4y2,1.0,,,,,,0.0,,,,,,0.0,,,,,,D4Y2
p-47d_16_re_germany,2.0,100.0,3.0,3.0,1.0,1.0,7.0,100.0,1.0,1.0,1.0,1.0,0.0,,,,,,P-47D-16-RE
do_217k_1,2.0,,,,,,5.0,,,0.0,,0.0,0.0,,,,,,Do_217_K-1
do_217m_1,2.0,100.0,0.0,0.0,4.0,4.0,0.0,,,,,,0.0,,,,,,Do_217_M-1
spitfire_mk1,0.0,,,,,,4.0,,,,,,0.0,,,,,,Spitfire_Mk_Ia
bf-109g-2_romania,2.0,,,,,,0.0,,,,,,0.0,,,,,,Bf_109_G-2
fw-190d-12,0.0,,,,,,14.0,,,1.0,,1.0,0.0,,,,,,Fw_190_D-12
cn_wz_1001,2.0,,,0.0,,3.0,95.0,48.33,0.0,0.0,5.22,3.19,0.0,,,,,,WZ1001(E)_LCT
sw_t_72m1,3.0,50.0,0.0,0.0,2.5,2.25,631.0,56.57,0.0,0.0,2.1,1.77,0.0,,,,,,T-72M1
uk_churchill_na75,2.0,100.0,0.0,,2.0,,0.0,,,,,,0.0,,,,,,Churchill_NA75
it_p_40,1.0,,,,,,1.0,,,0.0,,4.0,0.0,,,,,,P40
ussr_t_34_1941_cast_turret,2.0,,,,,,27.0,50.0,0.0,0.0,1.03,2.07,0.0,,,,,,T-34_(1st_Gv.T.Br.)
f6f-5n_france,1.0,,,2.0,,0.0,14.0,0.0,0.0,0.0,1.0,1.0,0.0,,,,,,F6F-5N
ussr_zis_30,0.0,,,,,,41.0,25.0,0.0,0.0,1.75,1.32,0.0,,,,,,ZiS-30
su_24m,2.0,,,,,,172.0,56.45,0.2,0.25,1.65,2.07,7.0,,,,,,Су-24М
brigand_b1,1.0,,,1.0,,1.0,0.0,,,,,,0.0,,,,,,Brigand_B_1
bb-1,2.0,,,2.5,,3.0,101.0,94.11,2.33,4.76,7.59,15.04,0.0,,,,,,BB-1
sw_itpsv_90,2.0,,,0.0,,2.0,1116.0,47.36,0.1,0.07,2.02,1.51,0.0,,,,,,ItPsV_Leopard
spitfire_xvi,1.0,,,1.0,,0.0,10.0,0.0,3.0,1.0,0.0,0.0,0.0,,,,,,Spitfire_F_Mk_XVI
sw_bmp_2md,0.0,,,,,,158.0,53.33,0.0,0.0,0.79,0.7,0.0,,,,,,BMP-2MD
jp_type_89,2.0,,,0.0,,1.0,226.0,73.93,0.0,0.0,5.19,2.31,1.0,,,0.0,,0.0,Type_89
su_33,0.0,,,,,,281.0,27.24,1.33,0.87,0.0,0.0,8.0,,,0.63,,0.0,Су-33
jp_btr_3e1,2.0,,,0.0,,0.0,288.0,62.43,0.0,0.0,1.44,1.19,0.0,,,,,,BTR-3E1
jp_type_87_rcv,2.0,,,,,,264.0,54.19,0.0,0.0,1.54,1.3,0.0,,,,,,Type_87_RCV
il_m109,0.0,,,,,,16.0,50.0,0.0,0.0,0.53,1.06,0.0,,,,,,M109_(Israel)
germ_pzkpfw_III_ausf_L,2.0,,,,,,53.0,,,0.0,,2.98,0.0,,,,,,Pz.III_L
jp_type_87_rcv_prot,2.0,,,0.0,,0.0,366.0,72.98,0.08,0.08,1.24,1.03,0.0,,,,,,Type_87_RCV_(P)
jf_17,2.0,,,,,,59.0,51.33,1.01,1.92,0.32,0.58,0.0,,,,,,JF-17
il-2m_mstitel,0.0,,,,,,19.0,100.0,0.0,0.0,1.5,1.06,0.0,,,,,,"IL-2M_""Avenger"""
bf-109g-10,0.0,,,,,,52.0,0.0,1.0,,1.0,,0.0,,,,,,Bf_109_G-10
tornado_ids_de_wtd61,0.0,,,,,,103.0,60.02,0.52,0.84,0.74,1.12,25.0,,,0.0,,0.0,◄Tornado_IDS_WTD61
wm_21,0.0,,,,,,0.0,,,,,,0.0,,,,,,◔WM-21
tornado_ids_de_mfg,0.0,,,,,,1.0,,,,,,0.0,,,,,,◄Tornado_IDS_MFG
il_merkava_mk_3_raam_segol,0.0,,,,,,168.0,80.16,0.0,0.0,4.81,2.09,3.0,,,0.0,,1.0,Ra'am_Sagol
bf-110c-4,0.0,,,,,,0.0,,,,,,0.0,,,,,,Bf_110_C-7
p-63c-5,0.0,,,,,,32.0,8.33,0.08,0.04,0.25,0.89,0.0,,,,,,P-63C-5
ki_21_1ko,0.0,,,,,,0.0,,,,,,0.0,,,,,,Ki-21-Ia
us_m247,0.0,,,,,,305.0,48.14,1.1,1.14,0.25,0.25,0.0,,,,,,M247
spitfire_mk14c,0.0,,,,,,22.0,90.91,1.59,1.68,0.0,0.0,0.0,,,,,,Spitfire_F_Mk_XIVc
saab_b18b,0.0,,,,,,101.0,66.67,0.0,0.0,0.84,0.58,0.0,,,,,,B18B
ussr_valentine_mk_9,0.0,,,,,,5.0,100.0,0.0,0.0,2.0,2.0,0.0,,,,,,"МК-IX_""Valentine"""
us_m4a3e8_76w_sherman_kit_3rank,0.0,,,,,,253.0,46.77,0.03,0.03,2.5,2.55,0.0,,,,,,Sherman_(Hell)
pv_2d,0.0,,,,,,22.0,33.33,0.7,1.0,2.7,4.0,0.0,,,,,,PV-2D
douglas_ad_2,0.0,,,,,,48.0,44.74,0.0,0.0,0.59,0.49,0.0,,,,,,AD-2
mc-202_ec,0.0,,,,,,17.0,100.0,0.0,,0.0,,0.0,,,,,,C._202EC
ussr_isu_122,0.0,,,,,,50.0,,,0.0,,1.93,0.0,,,,,,ISU-122
sb2c_5_thailand,1.0,,,,,,354.0,66.52,0.83,0.9,1.79,1.91,0.0,,,,,,SB2C-5
germ_sturmpanzer_II,0.0,,,,,,0.0,,,,,,0.0,,,,,,Sturmpanzer_II
us_lvt_a1_m24,0.0,,,,,,2.0,0.0,0.0,0.0,1.0,1.0,0.0,,,,,,LVT(A)(1)_(M24)
cn_m5a1_stuart,0.0,,,,,,0.0,,,,,,0.0,,,,,,M5A1_(China)
cn_zsl_92,1.0,,,,,,120.0,80.3,0.0,0.0,0.86,0.56,0.0,,,,,,ZSL92
uk_a_13_mk1_3rd_rtr,0.0,,,,,,19.0,,,,,,0.0,,,,,,A13_Mk_I_(3rd_R.T.R.)
it_40m_turan_1,0.0,,,,,,25.0,31.58,0.0,0.0,1.66,2.43,0.0,,,,,,Turan_I
a-26b,0.0,,,,,,0.0,,,,,,0.0,,,,,,A-26B-50
am_1_mauler,0.0,,,,,,245.0,67.07,0.3,0.36,1.99,2.46,0.0,,,,,,AM-1
cn_m60a3_tts,0.0,,,,,,29.0,100.0,0.0,0.0,8.78,3.18,0.0,,,,,,M60A3_TTS_(China)
us_m1128_wolfpack,0.0,,,,,,782.0,53.43,0.0,0.0,1.68,1.18,0.0,,,,,,M1128_Wolfpack
he51c1,0.0,,,,,,0.0,,,,,,0.0,,,,,,He_51_C-1
fr_amx_50_foch,0.0,,,,,,71.0,19.23,0.0,0.0,2.23,1.11,0.0,,,,,,AMX-50_Foch
ro_57_quadriarma,0.0,,,,,,39.0,66.67,0.3,0.5,1.3,2.0,0.0,,,,,,Ro.57_Quadriarma
la-5fn_luftwaffe,0.0,,,,,,18.0,,,1.0,,0.0,0.0,,,,,,La-5FN
mig_3_series_1_15_bk_pod,0.0,,,,,,0.0,,,,,,0.0,,,,,,MiG-3-15_(BK)
spitfiremkiia,0.0,,,,,,13.0,,,,,,0.0,,,,,,Spitfire_Mk_IIa
jp_type_2_ka_mi,0.0,,,,,,0.0,,,,,,0.0,,,,,,Ka-Mi
jp_type_16_mcv_prot,0.0,,,,,,380.0,47.63,0.0,0.0,1.76,1.25,1.0,,,0.0,,0.0,Type_16_(P)
fr_pzkpfw_V_panther_dauphine,0.0,,,,,,49.0,100.0,0.0,0.0,3.79,1.9,0.0,,,,,,Panther_«Dauphine»
cn_m3a3_stuart,0.0,,,,,,4.0,,,0.0,,1.0,0.0,,,,,,M3A3_Stuart_(China)
fokker_d21_serie3_finland,0.0,,,,,,0.0,,,,,,0.0,,,,,,Fokker_D.XXI-3
cn_is_2_1944,0.0,,,,,,25.0,,,0.0,,1.35,0.0,,,,,,IS-2_(1944)_(China)
f-8e_fn,0.0,,,,,,0.0,,,,,,0.0,,,,,,F-8E(FN)
germ_sdkfz_251_22,0.0,,,,,,24.0,,,0.0,,1.13,0.0,,,,,,Sd.Kfz.251/22
sw_tgdgb_m40_lv,0.0,,,,,,32.0,0.0,0.0,0.0,1.67,0.38,0.0,,,,,,Lvtdgb_m/40
bf-109e-4,0.0,,,,,,6.0,,,,,,0.0,,,,,,Bf_109_E-4
it_semovente_breda_501,0.0,,,,,,33.0,87.5,0.0,0.0,1.79,2.18,0.0,,,,,,Breda_501
wyvern_s4,0.0,,,,,,118.0,79.24,1.79,1.65,7.1,7.07,15.0,,,0.0,,1.93,Wyvern_S4
ussr_t_26_4,0.0,,,,,,0.0,,,,,,0.0,,,,,,T-26-4
gladiator_mk2,0.0,,,,,,0.0,,,,,,0.0,,,,,,Gladiator_Mk_II
cn_su_100_1945,0.0,,,,,,85.0,78.67,0.0,0.0,3.05,1.55,0.0,,,,,,SU-100_(China)
germ_sdkfz_221_s_pz_b_41,0.0,,,,,,15.0,100.0,0.0,0.0,2.0,1.93,0.0,,,,,,Sd.Kfz.221_(s.Pz.B.41)
fr_amx_vtt_dca,0.0,,,,,,66.0,67.31,1.31,2.33,0.67,1.0,0.0,,,,,,VTT_DCA
germ_leopard_2a5_pso,1.0,,,,,,909.0,51.42,0.0,0.0,1.86,1.49,8.0,,,,,,Leopard_2_PSO
tu_95m,0.0,,,,,,23.0,36.36,0.64,0.95,0.0,0.0,0.0,,,,,,Ту-95М
su-9,0.0,,,,,,256.0,57.43,0.46,0.48,0.19,0.2,0.0,,,,,,Su-9
douglas_ad_4,0.0,,,,,,67.0,84.92,0.24,0.17,2.95,2.97,0.0,,,,,,AD-4
ki_44_1,0.0,,,,,,0.0,,,,,,0.0,,,,,,Ki-44-I
seafire_fr47,0.0,,,,,,10.0,,,1.0,,0.7,0.0,,,,,,Seafire_FR_47
fr_m10,0.0,,,,,,162.0,44.12,0.0,0.0,4.16,4.3,0.0,,,,,,M10_GMC
jp_type_95_ha_go,0.0,,,,,,7.0,,,0.0,,0.0,0.0,,,,,,Ha-Go
uk_crusader_aa_mk_2_kit_3rank,0.0,,,,,,22.0,93.75,1.0,1.09,0.0,0.0,0.0,,,,,,Crusader_AA_(Overlord)
jp_type_61_mod,0.0,,,,,,77.0,90.0,0.0,0.0,4.23,2.06,0.0,,,,,,Type_61_(B)
germ_infanterie_kampfpanzer_churchill,0.0,,,,,,42.0,50.0,0.0,0.0,1.45,1.62,0.0,,,,,,Pz.Kpfw._Churchill
p1y1_mod11_china,0.0,,,,,,0.0,,,,,,0.0,,,,,,P1Y1_mod._11_(China)
ta_154a_1,0.0,,,,,,0.0,,,,,,0.0,,,,,,Ta_154_A-1
mirage_5f,0.0,,,,,,21.0,50.0,0.5,1.0,0.0,0.0,0.0,,,,,,Mirage_5F
uk_ratel_90,0.0,,,,,,124.0,91.94,0.0,0.0,3.42,1.73,0.0,,,,,,Ratel_90
caudron_cr714,0.0,,,,,,0.0,,,,,,0.0,,,,,,C.R.714
p-40f_10,0.0,,,,,,16.0,50.0,1.5,3.0,0.0,0.0,7.0,100.0,1.0,1.0,1.0,1.0,P-40F-10
germ_wiesel_2_adwc,0.0,,,,,,130.0,35.43,1.13,1.4,0.0,0.0,0.0,,,,,,Ozelot
il_merkava_mk_4b,0.0,,,,,,65.0,46.08,0.0,0.0,2.62,2.08,0.0,,,,,,Merkava_Mk.4B
p-36g,0.0,,,,,,0.0,,,,,,0.0,,,,,,P-36G
f-104c,0.0,,,,,,0.0,,,,,,0.0,,,,,,F-104C
cn_vt_5,0.0,,,,,,294.0,52.55,0.0,0.0,1.42,1.4,0.0,,,,,,VT5
us_t32,0.0,,,,,,317.0,44.9,0.0,0.0,5.08,2.4,0.0,,,,,,T32
a6m2_zero_usa,0.0,,,,,,8.0,,,,,,0.0,,,,,,A6M2
uk_3_inch_gun_carrier,0.0,,,,,,0.0,,,,,,0.0,,,,,,Gun_Carrier_(3-in)
a6m2_n_zero,0.0,,,,,,7.0,,,0.0,,0.0,0.0,,,,,,A6M2-N
yak-9t_france,0.0,,,,,,16.0,,,,,,0.0,,,,,,Challe's_Yak-9T
f-100d,0.0,,,,,,230.0,51.96,2.48,3.97,0.32,0.44,0.0,,,,,,F-100D
j6b,0.0,,,,,,0.0,,,,,,0.0,,,,,,J6B
me-262a1_u1,0.0,,,,,,147.0,26.9,0.27,0.39,0.54,0.37,0.0,,,,,,Me_262_A-1a/U1
hurricane_mk1b,0.0,,,,,,0.0,,,,,,0.0,,,,,,Sea_Hurricane_Mk_IB
p-40e_china,0.0,,,,,,35.0,45.83,1.08,1.06,1.63,1.53,0.0,,,,,,P-40E-1_(China)
mig_23mla,0.0,,,,,,51.0,51.67,1.63,1.6,0.1,0.06,0.0,,,,,,◊MiG-23MLA
f-104a,0.0,,,,,,11.0,,,0.0,,0.0,0.0,,,,,,F-104A
halifax_mk3,0.0,,,,,,0.0,,,,,,0.0,,,,,,Halifax_B_Mk_IIIa
f6f-5_france,0.0,,,,,,113.0,62.76,0.14,0.19,1.8,2.24,0.0,,,,,,F6F-5
yak-3_vk107,0.0,,,,,,18.0,50.0,1.5,3.0,0.0,0.0,13.0,,,,,,Yak-3_(VK-107)
d4y3,0.0,,,,,,0.0,,,,,,0.0,,,,,,D4Y3_Ko
tu-2,0.0,,,,,,34.0,100.0,0.0,0.0,4.05,3.42,6.0,50.0,0.0,0.0,0.5,1.0,Tu-2S
it_otobreda_sidam_25,0.0,,,,,,8.0,,,,,,0.0,,,,,,SIDAM_25
it_m11_39,0.0,,,,,,0.0,,,,,,0.0,,,,,,M11/39
ki_61_1a_tei,0.0,,,,,,72.0,97.41,1.9,3.54,1.69,3.05,0.0,,,,,,Ki-61-I_tei
i-16_type18,0.0,,,,,,0.0,,,,,,0.0,,,,,,I-16_type_18
ju-87b-2,0.0,,,,,,65.0,58.73,0.59,0.62,0.24,0.24,0.0,,,,,,Ju_87_B-2
bf-109e-1,0.0,,,,,,62.0,78.99,1.57,1.76,0.68,0.89,0.0,,,,,,Bf_109_E-1
seafire_mk3_france,0.0,,,,,,26.0,100.0,0.6,0.0,1.0,1.0,0.0,,,,,,Seafire_LF_Mk.III
ki_43_3_ko,0.0,,,,,,0.0,,,,,,0.0,,,,,,Ki-43-III_ko_(China)
us_m109a1,0.0,,,,,,144.0,100.0,0.0,0.0,1.3,0.64,0.0,,,,,,M109A1
mc-202_italy,0.0,,,,,,0.0,,,,,,0.0,,,,,,C._202
germ_pzkpfw_II_ausf_C,0.0,,,,,,19.0,100.0,0.0,,3.0,,0.0,,,,,,Pz.II_C
jp_m41_walker_bulldog,0.0,,,,,,531.0,65.73,0.01,0.01,1.98,1.8,0.0,,,,,,M41A1
tornado_gr1,0.0,,,,,,0.0,,,,,,0.0,,,,,,Tornado_GR.1
douglas_ad_4_france,0.0,,,,,,153.0,54.01,0.62,0.94,1.72,2.56,0.0,,,,,,AD-4
me_210a_1,0.0,,,,,,32.0,,,0.0,,0.0,0.0,,,,,,Me_210_A-1
it_b1_centauro,0.0,,,,,,168.0,94.83,0.0,0.0,3.79,1.74,0.0,,,,,,Centauro_I_105
cn_ztz_59a,0.0,,,,,,46.0,90.0,0.0,0.0,1.9,1.92,3.0,100.0,0.0,0.0,2.0,2.0,ZTZ59A
spitfire_lf_mk9e_iaf,0.0,,,,,,10.0,,,,,,0.0,,,,,,Spitfire_Mk.IX_(CW)_(Israel)
g_55_serie1,0.0,,,,,,18.0,100.0,1.0,0.5,0.0,0.0,0.0,,,,,,G.55_serie_1
uk_marmon_herrington_mk_6_6pdr,0.0,,,,,,74.0,37.5,0.0,0.0,2.0,1.68,0.0,,,,,,SARC_MkVI_(6pdr)
fw_190f_8_hungary,0.0,,,,,,0.0,,,,,,0.0,,,,,,◔Fw_190_F-8
ussr_bmd_4,0.0,,,,,,177.0,74.76,0.0,0.0,4.11,1.68,4.0,,,,,,BMD-4
tb_3_m17_32,0.0,,,,,,0.0,,,,,,0.0,,,,,,TB-3M-17-32
germ_pzkpfw_38t_Marder_III,0.0,,,,,,0.0,,,,,,0.0,,,,,,Marder_III
a6m5_zero,0.0,,,,,,147.0,58.07,1.78,1.95,0.57,0.6,0.0,,,,,,A6M5
it_ariete_amv_pt1,0.0,,,,,,56.0,0.0,0.0,0.0,7.5,4.5,0.0,,,,,,Ariete_AMV
us_m1a1_hc_abrams,0.0,,,,,,355.0,64.0,0.0,0.0,3.54,3.29,0.0,,,,,,M1A1_HC
germ_flakpanzer_IV_Ostwind_2_net,0.0,,,,,,142.0,22.15,0.75,0.56,0.74,0.65,28.0,0.0,0.72,0.46,0.0,0.0,Ostwind_Ost
cn_m42_duster,0.0,,,,,,36.0,0.0,0.0,0.0,1.86,1.0,0.0,,,,,,M42_(China)
cn_is_2_1943_no402,0.0,,,,,,41.0,50.0,0.0,0.0,1.44,1.44,0.0,,,,,,IS-2_No.402
yak-9p,0.0,,,,,,22.0,100.0,1.0,0.91,1.0,1.0,0.0,,,,,,Yak-9P
f4u-7,0.0,,,,,,150.0,80.65,0.55,0.59,3.16,2.85,36.0,61.54,2.35,2.35,3.23,3.23,F4U-7
fr_amx_30_dca,0.0,,,,,,297.0,45.64,0.43,0.31,0.54,0.41,0.0,,,,,,AMX-30_DCA
he51c1_late,0.0,,,,,,0.0,,,,,,0.0,,,,,,He_51_C-1/L
mosquito_f_mk2_norway,0.0,,,,,,13.0,,,,,,0.0,,,,,,◢Mosquito_F.Mk.II
uk_a27m_cromwell_1,0.0,,,,,,69.0,85.19,0.0,0.0,1.76,1.45,0.0,,,,,,Cromwell_I
f_106a_1972,0.0,,,,,,46.0,75.0,5.0,4.41,0.0,0.0,0.0,,,,,,F-106A
hunter_f6_holland,0.0,,,,,,36.0,50.0,1.0,2.0,1.0,2.0,0.0,,,,,,◘Hunter_F.6
fr_m4a4_cn_75_50,0.0,,,,,,141.0,57.74,0.0,0.0,1.41,1.79,0.0,,,,,,M4A4_(SA50)
us_m551,0.0,,,,,,661.0,55.5,0.0,0.0,1.01,0.81,0.0,,,,,,M551
tornado_gr4,0.0,,,,,,58.0,42.14,1.0,1.45,0.16,0.24,0.0,,,,,,Tornado_GR.4
n1k2_jko,0.0,,,,,,107.0,91.96,0.55,0.56,1.36,1.35,0.0,,,,,,N1K2-Ja
sb2c_1c,0.0,,,,,,0.0,,,,,,0.0,,,,,,SB2C-1C
he_112a_0,0.0,,,,,,14.0,100.0,0.14,0.14,2.36,2.36,0.0,,,,,,He_112_A-0
fr_m55,0.0,,,,,,28.0,,,,,,0.0,,,,,,M55
germ_leopard_2_pt14,0.0,,,,,,53.0,35.0,0.0,0.0,5.65,3.94,0.0,,,,,,PT-16/T14_mod.
us_m56_scorpion,0.0,,,,,,232.0,47.74,0.0,0.0,3.07,1.03,0.0,,,,,,M56
il_centurion_mk_5_shot,0.0,,,,,,51.0,64.29,0.0,0.0,2.52,1.97,0.0,,,,,,Sho't
mirage_3c,0.0,,,,,,18.0,78.57,2.57,3.21,0.0,0.0,0.0,,,,,,Mirage_IIIC
it_semovente_m43_75_46,0.0,,,,,,14.0,,,0.0,,1.0,0.0,,,,,,75/46_M43
germ_boxer_swatrinf,1.0,,,,,,228.0,41.74,0.03,0.03,0.73,0.65,0.0,,,,,,sWaTrgInf
mc-205_serie3,0.0,,,,,,43.0,100.0,3.44,,2.48,,0.0,,,,,,C._205_serie_3
fury_mk2,0.0,,,,,,0.0,,,,,,0.0,,,,,,Fury_Mk_II
fr_amc_34,0.0,,,,,,0.0,,,,,,0.0,,,,,,AMC.34_YR
cn_isu_152,0.0,,,,,,42.0,100.0,0.0,0.0,1.0,0.43,0.0,,,,,,ISU-152_(China)
uk_m3a1_stuart,0.0,,,,,,5.0,100.0,0.0,0.0,4.0,4.0,0.0,,,,,,Stuart_III
uk_bosvark,0.0,,,,,,52.0,39.58,0.5,0.56,0.5,0.56,0.0,,,,,,Bosvark
pb4y-2,0.0,,,,,,0.0,,,,,,0.0,,,,,,PB4Y-2
jp_type_60_atm,0.0,,,,,,122.0,51.85,0.0,0.0,0.78,0.54,0.0,,,,,,Type_60_ATM
sw_vickers_mk_e_45,0.0,,,,,,0.0,,,,,,0.0,,,,,,T-26E
douglas_a_1h,0.0,,,,,,546.0,91.11,0.45,0.38,6.62,5.68,0.0,,,,,,A-1H
h8k2,0.0,,,,,,0.0,,,,,,0.0,,,,,,H8K2
maryland_mk1_france,0.0,,,,,,0.0,,,,,,0.0,,,,,,Martin_167-A3
us_m18_hellcat_black_cat_race,,,,,,,,,,,,,,,,,,,"""Racing""_M18"
it_semovente_m43_105,0.0,,,,,,5.0,,,,,,0.0,,,,,,105/25_M43
germ_panzerwerfer_42,0.0,,,,,,3.0,,,,,,0.0,,,,,,15_cm_Pz.W.42
fr_char_2c,0.0,,,,,,0.0,,,,,,0.0,,,,,,2C
fr_char_2c_bis,0.0,,,,,,0.0,,,,,,0.0,,,,,,2C_bis
ussr_zprk_2s6,0.0,,,,,,856.0,48.73,0.63,0.63,0.42,0.41,0.0,,,,,,2S6
it_semovente_l40,0.0,,,,,,0.0,,,,,,0.0,,,,,,47/32_L40
it_semovente_m41_75_18,0.0,,,,,,3.0,,,0.0,,3.0,0.0,,,,,,75/18_M41
it_semovente_m43_75_34,0.0,,,,,,0.0,,,,,,0.0,,,,,,75/34_M43
ussr_buk_m3_launcher,,,,,,,,,,,,,,,,,,,"9К317М_""БУК-М3""_(СОУ)"
a_10c,0.0,,,,,,28.0,100.0,1.32,1.14,8.29,7.22,0.0,,,,,,A-10C
a-26c,0.0,,,,,,0.0,,,,,,0.0,,,,,,A-26C-45
a-26c-45-dt,0.0,,,,,,8.0,,,0.0,,0.0,0.0,,,,,,A-26C-45DT
a_29_hudson,0.0,,,,,,0.0,,,,,,0.0,,,,,,A-29
a-35b,0.0,,,,,,4.0,,,0.0,,0.0,0.0,,,,,,A-35B
a_4b,0.0,,,,,,297.0,65.64,0.11,0.17,1.82,2.57,0.0,,,,,,A-4B
a_4e_early,0.0,,,,,,367.0,57.26,0.33,0.29,2.31,2.06,0.0,,,,,,A-4E_Early
a_7d,0.0,,,,,,36.0,50.0,1.5,2.31,2.18,3.54,0.0,,,,,,A-7D
a_7e,0.0,,,,,,0.0,,,,,,0.0,,,,,,A-7E
a_7e_thailand,0.0,,,,,,0.0,,,,,,0.0,,,,,,A-7E
uk_ac4_thunderbolt,0.0,,,,,,0.0,,,,,,0.0,,,,,,A.C.IV
vampire_fb5_j28b,0.0,,,,,,26.0,,,2.0,,1.18,0.0,,,,,,A28B
saab_j29b,0.0,,,,,,11.0,0.0,0.0,0.0,1.0,0.0,0.0,,,,,,A29B
a2d,0.0,,,,,,475.0,57.56,0.28,0.28,1.67,1.6,34.0,,,0.65,,2.0,A2D-1
saab_a32a,0.0,,,,,,51.0,57.69,2.27,1.43,5.15,3.42,0.0,,,,,,A32A
saab_a32a_red_adam,0.0,,,,,,0.0,,,,,,0.0,,,,,,A32A_Röd_Adam
a6m6c,0.0,,,,,,82.0,68.33,1.57,2.82,2.34,4.32,0.0,,,,,,A6M6c
a7he1,0.0,,,,,,0.0,,,,,,0.0,,,,,,A7He1
germ_a7v,0.0,,,,,,0.0,,,,,,0.0,,,,,,A7V
uk_17_pdr_m10_achilles,0.0,,,,,,42.0,,,0.0,,2.11,0.0,,,,,,Achilles
douglas_ad_4na_france,0.0,,,,,,29.0,0.0,0.0,,1.0,,6.0,,,1.0,,3.0,AD-4NA
uk_adats_m113a3,0.0,,,,,,185.0,42.47,1.32,1.08,0.48,0.37,0.0,,,,,,ADATS_(M113)
uk_armored_car_mk_2_aa,0.0,,,,,,19.0,,,0.0,,0.0,0.0,,,,,,AEC_AA
uk_armored_car_aec_mk_2,0.0,,,,,,55.0,50.64,0.0,0.0,1.96,2.1,0.0,,,,,,AEC_Mk_II
fa_18a_hug_2_raaf,0.0,,,,,,20.0,50.0,0.5,0.5,0.0,0.0,8.0,,,0.0,,0.0,AF/A-18A_Late
cn_hj_9,0.0,,,,,,173.0,57.13,0.0,0.0,2.54,2.38,0.0,,,,,,AFT09
us_ags_teledyne,0.0,,,,,,128.0,58.28,0.0,0.0,4.96,2.46,0.0,,,,,,AGS
aichi_e13a,,,,,,,,,,,,,,,,,,,Aichi_E13A1
saab_aj37,0.0,,,,,,93.0,53.87,0.35,0.5,0.73,0.99,0.0,,,,,,AJ37
uk_ajax,0.0,,,,,,337.0,46.91,0.0,0.0,1.83,1.49,0.0,,,,,,Ajax
saab_ajs37_early,0.0,,,,,,77.0,61.58,0.67,0.82,0.88,1.17,0.0,,,,,,AJS37_(Early)
uk_alecto_mk_1,0.0,,,,,,0.0,,,,,,0.0,,,,,,Alecto_I
alpha_jet_a_jabog41,0.0,,,,,,78.0,46.77,0.0,0.0,0.85,1.16,0.0,,,,,,Alpha_Jet_A_(JaboG_41)
alpha_jet_e,0.0,,,,,,38.0,100.0,0.0,0.0,1.0,0.53,0.0,,,,,,Alpha_Jet_E
alpha_jet_th_phase_1,0.0,,,,,,6.0,50.0,1.25,2.5,0.58,1.17,0.0,,,,,,Alpha_Jet_TH
fr_amc_35,0.0,,,,,,4.0,,,,,,0.0,,,,,,AMC.35_(ACG.1)
fr_amd_35,0.0,,,,,,20.0,,,0.0,,2.55,0.0,,,,,,AMD.35
fr_aml_90,0.0,,,,,,240.0,67.02,0.0,0.0,2.13,1.11,0.0,,,,,,AML-90
fr_amr_35_zt3,0.0,,,,,,0.0,,,,,,0.0,,,,,,AMR.35_ZT3
amx,0.0,,,,,,0.0,,,,,,0.0,,,,,,AMX
amx_a_1a_brazil,0.0,,,,,,23.0,,,0.0,,0.0,3.0,,,,,,AMX_A-1A
fr_amx_10m_acra,0.0,,,,,,21.0,100.0,0.0,0.0,4.0,2.0,0.0,,,,,,AMX-10M
fr_amx_10p,0.0,,,,,,333.0,62.77,0.31,0.33,0.46,0.47,0.0,,,,,,AMX-10P
fr_amx_13_hot,0.0,,,,,,16.0,50.0,0.0,0.0,1.0,2.0,0.0,,,,,,AMX-13_(HOT)
fr_amx_13_75_ss11,0.0,,,,,,25.0,100.0,0.0,0.0,2.88,2.38,0.0,,,,,,AMX-13_(SS.11)
fr_amx_30,0.0,,,,,,160.0,54.01,0.0,0.0,1.71,2.06,0.0,,,,,,AMX-30
fr_amx_30_1972,0.0,,,,,,360.0,54.51,0.0,0.0,2.43,1.54,0.0,,,,,,AMX-30_(1972)
fr_amx_30_super,0.0,,,,,,551.0,54.14,0.0,0.0,3.69,2.32,0.0,,,,,,AMX-30_Super
fr_amx_32_105,0.0,,,,,,237.0,58.29,0.0,0.0,3.35,2.75,0.0,,,,,,AMX-32_(105)
fr_amx_50_1950,0.0,,,,,,155.0,64.52,0.0,0.0,4.62,2.81,16.0,,,0.0,,3.0,AMX-50_(TO90/930)
fr_amx_50_surblinde,0.0,,,,,,11.0,100.0,0.0,0.0,4.0,3.27,0.0,,,,,,AMX-50_Surblindé
cn_antelope_tc_1l_ads,0.0,,,,,,31.0,77.78,0.0,0.0,0.0,0.0,0.0,,,,,,Antelope
arado-196a-5,0.0,,,,,,0.0,,,,,,0.0,,,,,,Ar_196_A-5
arado-234,0.0,,,,,,42.0,88.46,0.0,0.0,3.04,4.2,0.0,,,,,,Ar_234_B-2
arado-234c-3,0.0,,,,,,15.0,,,0.0,,1.0,0.0,,,,,,Ar_234_C-3
ariete,0.0,,,,,,187.0,58.66,2.36,3.2,1.67,2.1,4.0,,,,,,Ariete
sw_asrad_r,0.0,,,,,,39.0,100.0,2.6,,0.0,,0.0,,,,,,ASRAD-R
attaker_fb1,0.0,,,,,,0.0,,,,,,0.0,,,,,,Attacker_FB_1
attaker_fb2,0.0,,,,,,6.0,100.0,1.0,1.0,1.0,1.0,0.0,,,,,,Attacker_FB.2
f4u-6_au-1,0.0,,,,,,240.0,66.49,0.45,0.5,2.99,3.24,0.0,,,,,,AU-1
it_aubl_74_60_70m,0.0,,,,,,193.0,75.37,0.0,0.0,3.38,1.37,0.0,,,,,,AUBL/74_HVG
fr_amx_30_auf_1,0.0,,,,,,75.0,50.0,0.25,0.21,1.1,1.42,0.0,,,,,,AuF1
av_8b_na,0.0,,,,,,551.0,63.45,0.38,0.47,0.99,1.31,49.0,100.0,1.0,0.34,13.33,6.41,AV-8B_(NA)
av_8b_plus_italy,0.0,,,,,,0.0,,,,,,0.0,,,,,,AV-8B_Plus
av_8s_thailand,0.0,,,,,,54.0,50.0,1.85,1.58,1.85,2.54,0.0,,,,,,AV-8S
av_8s_late_thailand,0.0,,,,,,9.0,100.0,1.0,1.0,0.0,0.0,0.0,,,,,,AV-8S_Late
avenger_mk1,0.0,,,,,,0.0,,,,,,0.0,,,,,,Avenger_Mk_II
a_4n,0.0,,,,,,104.0,77.42,2.21,2.04,6.33,6.16,0.0,,,,,,Ayit
b_10b,0.0,,,,,,0.0,,,,,,0.0,,,,,,B-10B
b-17e_japan,0.0,,,,,,0.0,,,,,,0.0,,,,,,B-17E
b-17e,0.0,,,,,,0.0,,,,,,0.0,,,,,,B-17E
b_18a,0.0,,,,,,0.0,,,,,,0.0,,,,,,B-18A
b_25j_1,0.0,,,,,,0.0,,,,,,0.0,,,,,,B-25J-1
b_25j_20,0.0,,,,,,0.0,,,,,,0.0,,,,,,B-25J-20
b_26c_france,0.0,,,,,,0.0,,,,,,0.0,,,,,,B-26C
b_34,0.0,,,,,,0.0,,,,,,0.0,,,,,,B-34
b_52h,0.0,,,,,,29.0,100.0,0.0,0.0,6.0,6.0,0.0,,,,,,B-52H
b-57,0.0,,,,,,1.0,,,0.0,,0.0,0.0,,,,,,B-57A
b-57b,0.0,,,,,,0.0,,,,,,0.0,,,,,,B-57B
b_66b,0.0,,,,,,0.0,,,,,,0.0,,,,,,B-66B
br_20_dr,0.0,,,,,,0.0,,,,,,0.0,,,,,,B.R.20DR
br_20m_m1,0.0,,,,,,0.0,,,,,,0.0,,,,,,B.R.20M_M1
fr_b1_bis,0.0,,,,,,38.0,,,0.0,,1.62,0.0,,,,,,B1_bis
fr_b1_ter,0.0,,,,,,26.0,100.0,0.0,0.0,3.0,2.88,0.0,,,,,,B1_ter
saab_b17a,0.0,,,,,,0.0,,,,,,0.0,,,,,,B17A
saab_b17b,0.0,,,,,,25.0,0.0,0.0,0.0,0.0,0.0,0.0,,,,,,B17B
saab_b18a,0.0,,,,,,0.0,,,,,,0.0,,,,,,B18A
b6n2,0.0,,,,,,0.0,,,,,,0.0,,,,,,B6N2_Model_12
b6n2a,0.0,,,,,,0.0,,,,,,0.0,,,,,,B6N2a_Model_12Ko
ussr_ba_11,0.0,,,,,,5.0,0.0,0.0,0.0,2.0,2.0,0.0,,,,,,BA-11
ba_65_k14_l,0.0,,,,,,0.0,,,,,,0.0,,,,,,Ba.65_(K.14)_L
ba_65_a80,0.0,,,,,,0.0,,,,,,0.0,,,,,,Ba.65_A.80
uk_badger,0.0,,,,,,45.0,86.67,0.0,0.0,2.83,1.72,0.0,,,,,,Badger
f_16d_block_40_barak_2,0.0,,,,,,66.0,92.2,0.77,1.37,1.0,1.55,0.0,,,,,,Barak_II
il_m113_hvms,0.0,,,,,,121.0,51.34,0.0,0.0,1.19,1.13,0.0,,,,,,Bardelas/60mm_HVMS
f_15a_iaf,0.0,,,,,,0.0,,,,,,0.0,,,,,,Baz
f_15c_baz_msip,0.0,,,,,,0.0,,,,,,0.0,,,,,,Baz_Meshupar
be_6,0.0,,,,,,0.0,,,,,,0.0,,,,,,Be-6
beaufighter_mk1_40mm,0.0,,,,,,0.0,,,,,,0.0,,,,,,Beaufighter_Mk_I_(40-mm)
germ_beutepanzer_mk_iv,0.0,,,,,,0.0,,,,,,0.0,,,,,,Beutepanzer_IV
bf-109c_1_promo,0.0,,,,,,0.0,,,,,,0.0,,,,,,Bf_109_C-1_Promo
bf-109e-3_japan,0.0,,,,,,31.0,50.0,1.0,2.0,0.0,0.0,0.0,,,,,,Bf_109_E-7
bf-109e-7,0.0,,,,,,0.0,,,,,,0.0,,,,,,Bf_109_E-7/U2
bf-109g-14,0.0,,,,,,48.0,76.19,1.29,0.9,1.07,0.58,0.0,,,,,,Bf_109_G-14
bf-109g-14as,0.0,,,,,,30.0,0.0,0.36,0.36,0.93,0.93,0.0,,,,,,Bf_109_G-14/AS
bf-109g-6_finland,0.0,,,,,,63.0,100.0,4.31,5.5,2.77,3.38,0.0,,,,,,Bf_109_G-6
bf-109k-4,0.0,,,,,,456.0,62.73,1.44,2.12,0.49,0.68,26.0,100.0,6.89,3.44,0.0,0.0,Bf_109_K-4
bf-109z,0.0,,,,,,13.0,,,2.0,,2.06,0.0,,,,,,Bf_109_Z-1
bf-110c-6,0.0,,,,,,0.0,,,,,,0.0,,,,,,Bf_110_C-6
bi,0.0,,,,,,0.0,,,,,,0.0,,,,,,BI
jp_oplot_t,0.0,,,,,,477.0,61.26,0.0,0.0,2.74,1.98,0.0,,,,,,BM_Oplot-T
ussr_bm_13n,0.0,,,,,,14.0,37.5,0.0,0.0,1.25,1.25,0.0,,,,,,BM-13N
ussr_bm_31_12,0.0,,,,,,125.0,96.85,0.0,0.0,0.17,0.14,0.0,,,,,,BM-31-12
ussr_bm_8_24,0.0,,,,,,0.0,,,,,,0.0,,,,,,BM-8-24
ussr_bmp_2m,0.0,,,,,,1552.0,44.57,0.0,0.0,1.29,0.85,19.0,,,0.0,,1.0,BMP-2M
p-38j_marge,0.0,,,,,,47.0,100.0,5.0,,4.0,,20.0,100.0,2.0,1.8,2.0,1.8,Bong's_P-38J-15
boston_mk_1,0.0,,,,,,0.0,,,,,,0.0,,,,,,Boston_Mk_I
br_693_ab2,0.0,,,,,,0.0,,,,,,0.0,,,,,,Br.693AB2
breda_88,0.0,,,,,,0.0,,,,,,0.0,,,,,,Breda_88_(P.XI)
ussr_bt_7_1937_td,0.0,,,,,,0.0,,,,,,0.0,,,,,,BT-7_TD
ussr_bt_7a_f32,0.0,,,,,,160.0,62.69,0.0,0.0,1.98,1.74,0.0,,,,,,BT-7A_(F-32)
buccaneer_s1,0.0,,,,,,22.0,100.0,0.0,0.0,0.09,0.09,0.0,,,,,,Buccaneer_S.1
buccaneer_s2,0.0,,,,,,51.0,22.0,0.0,0.0,1.12,0.65,0.0,,,,,,Buccaneer_S.2
bv-138c-1,0.0,,,,,,0.0,,,,,,0.0,,,,,,BV_138_C-1
bv-238,0.0,,,,,,0.0,,,,,,0.0,,,,,,BV_238
mc200_serie3_italy,0.0,,,,,,0.0,,,,,,0.0,,,,,,C._200_serie_3
mc200_serie3,0.0,,,,,,0.0,,,,,,0.0,,,,,,C._200_serie_3
mc200_serie7,0.0,,,,,,0.0,,,,,,0.0,,,,,,C._200_serie_7
mc-202,0.0,,,,,,0.0,,,,,,0.0,,,,,,C._202
mc-202_d,0.0,,,,,,0.0,,,,,,0.0,,,,,,C._202D
mc-205_n2,0.0,,,,,,28.0,88.89,2.44,4.0,0.0,0.0,0.0,,,,,,C._205N2
it_c13_tua,0.0,,,,,,0.0,,,,,,0.0,,,,,,C13/TUA
germ_leopard_c2_mexas,0.0,,,,,,61.0,50.0,0.0,0.0,2.42,2.54,0.0,,,,,,C2A1
uk_fv221_caernarvon,0.0,,,,,,153.0,59.17,0.0,0.0,2.67,1.71,0.0,,,,,,Caernarvon
canberra_bimk6,0.0,,,,,,68.0,100.0,4.3,17.0,0.5,2.0,0.0,,,,,,Canberra_B_(I)_Mk_6
canberra_bmk2,0.0,,,,,,0.0,,,,,,0.0,,,,,,Canberra_B_Mk_2
pby-5a_raf,0.0,,,,,,0.0,,,,,,0.0,,,,,,Catalina_Mk_IIIa
cn_gmc_cckw_353_m45_quad,0.0,,,,,,7.0,,,1.0,,0.0,0.0,,,,,,CCKW_353_(M45)
it_sahariano,0.0,,,,,,0.0,,,,,,0.0,,,,,,Celere_Sahariano
it_b1_centauro_romor,0.0,,,,,,43.0,59.81,0.0,0.0,1.53,2.29,0.0,,,,,,Centauro_I_105_R
it_centauro_mgs_120,0.0,,,,,,61.0,63.89,0.0,0.0,1.88,2.03,0.0,,,,,,Centauro_I_120
it_centauro_2,0.0,,,,,,124.0,69.05,0.0,0.0,3.05,2.34,0.0,,,,,,Centauro_II_(P)
uk_centurion_action_x,0.0,,,,,,14.0,,,0.0,,1.0,0.0,,,,,,Centurion_Action_X
uk_centurion_mk_2,0.0,,,,,,77.0,47.8,0.0,0.0,3.09,2.99,0.0,,,,,,Centurion_Mk.2
uk_centurion_mk_5_raac,0.0,,,,,,63.0,100.0,0.0,0.0,3.69,2.19,0.0,,,,,,Centurion_Mk.5/1
uk_challenger_2_megatron,0.0,,,,,,498.0,52.01,0.0,0.0,3.62,1.85,0.0,,,,,,Challenger_2_OES
uk_charioteer_mk_7,0.0,,,,,,197.0,44.12,0.0,0.0,2.94,2.13,0.0,,,,,,Charioteer_Mk_VII
jp_type_97_kai,0.0,,,,,,122.0,100.0,0.0,0.0,7.13,2.73,0.0,,,,,,Chi-Ha_Kai
jp_type_97_kai_td,0.0,,,,,,0.0,,,,,,0.0,,,,,,Chi-Ha_Kai_TD
jp_type_1_chi_he_5th_regiment,0.0,,,,,,6.0,100.0,0.0,0.0,1.0,1.0,0.0,,,,,,Chi-He_(5th_Regiment)
uk_chieftain_mk_3,0.0,,,,,,205.0,48.29,0.0,0.0,1.65,1.92,0.0,,,,,,Chieftain_Mk_3
uk_churchill_avre,0.0,,,,,,0.0,,,,,,0.0,,,,,,Churchill_AVRE_Petard
f-86_cl_13_mk4_italy,0.0,,,,,,13.0,33.34,2.67,4.67,1.48,2.83,0.0,,,,,,CL-13_Mk.4
germ_th_800_bismark,0.0,,,,,,9.0,,,0.0,,3.0,0.0,,,,,,Class_3_(P)
us_sl_amraam_launcher,,,,,,,,,,,,,,,,,,,CLAWS_(СОУ)
us_sl_amraam_fcs,0.0,,,,,,237.0,57.4,1.12,1.14,0.0,0.0,0.0,,,,,,CLAWS_(СОЦ)
fr_marder_clovis,0.0,,,,,,276.0,56.25,0.0,0.0,1.9,1.96,15.0,,,0.0,,1.0,CLOVIS
cn_cm11,0.0,,,,,,104.0,50.56,0.0,0.0,3.57,3.55,0.0,,,,,,CM11
cn_cm_34,0.0,,,,,,266.0,54.99,0.0,0.0,1.31,1.03,15.0,66.67,0.0,0.0,2.3,2.3,CM34
it_fiat_cm52,0.0,,,,,,3.0,,,,,,0.0,,,,,,CM52
uk_a_34_comet_iron_duke,0.0,,,,,,0.0,,,,,,0.0,,,,,,"Comet_I_""Iron_Duke_IV"""
cr_32_bis,0.0,,,,,,0.0,,,,,,0.0,,,,,,CR.32_bis
fiat_cr42,0.0,,,,,,0.0,,,,,,0.0,,,,,,CR.42
fiat_cr42_italy,0.0,,,,,,0.0,,,,,,0.0,,,,,,CR.42
uk_crusader_aa_mk_2,0.0,,,,,,40.0,59.62,0.77,1.0,0.06,0.11,0.0,,,,,,Crusader_AA_Mk_II
uk_boxer_crv_block2,0.0,,,,,,274.0,60.91,0.02,0.02,1.9,1.04,0.0,,,,,,CRV_Block_2
it_39m_csaba,0.0,,,,,,0.0,,,,,,0.0,,,,,,Csaba
sw_patria_amv_ctcv_105,0.0,,,,,,114.0,64.96,0.0,0.0,2.66,1.55,0.0,,,,,,CT-CV_105HP
jp_icv_prototype,0.0,,,,,,186.0,51.15,0.18,0.23,1.09,1.39,0.0,,,,,,CTWV_RCV
sw_cv_90_mk4,0.0,,,,,,115.0,69.35,0.0,0.0,1.05,0.72,0.0,,,,,,CV_90_Mk.IV
sw_cv_90120,0.0,,,,,,142.0,57.41,0.0,0.0,2.85,1.61,0.0,,,,,,CV_90120
fr_cv_9035_nl,0.0,,,,,,73.0,50.0,0.0,0.0,2.04,1.99,0.0,,,,,,CV_9035NL
sw_cv_9030_fin,0.0,,,,,,326.0,51.38,0.0,0.0,1.21,1.02,0.0,,,,,,CV9030FIN
sw_cv_9035_dk,0.0,,,,,,102.0,55.31,0.0,0.0,1.88,2.15,0.0,,,,,,CV9035DK
cw_21,0.0,,,,,,0.0,,,,,,0.0,,,,,,CW-21
d_371,0.0,,,,,,0.0,,,,,,0.0,,,,,,D.371
d_371_hs9,0.0,,,,,,2.0,,,1.0,,0.0,0.0,,,,,,D.371_H.S.9
d_373,0.0,,,,,,0.0,,,,,,0.0,,,,,,D.373
d_500,0.0,,,,,,0.0,,,,,,0.0,,,,,,D.500
d_510c,0.0,,,,,,0.0,,,,,,0.0,,,,,,D.510C
d_520_france,0.0,,,,,,15.0,,,,,,0.0,,,,,,D.520
fr_renault_d2,0.0,,,,,,19.0,,,0.0,,2.0,0.0,,,,,,D2
d3a1,0.0,,,,,,0.0,,,,,,0.0,,,,,,D3A1
d4y1,0.0,,,,,,0.0,,,,,,0.0,,,,,,D4Y1
it_dardo_vcc,0.0,,,,,,25.0,50.0,0.0,0.0,1.0,1.0,5.0,,,,,,Dardo
db_3b,0.0,,,,,,0.0,,,,,,0.0,,,,,,DB-3B
uk_desert_warrior,0.0,,,,,,53.0,0.0,0.0,0.0,0.41,0.35,0.0,,,,,,Desert_Warrior
fr_marder_df_105,0.0,,,,,,267.0,55.94,0.0,0.0,2.18,1.71,0.0,,,,,,DF105
do_17e_1,0.0,,,,,,0.0,,,,,,0.0,,,,,,Do_17_E-1
do_17z_2,0.0,,,,,,0.0,,,,,,0.0,,,,,,Do_17_Z-2
do_17z_7,0.0,,,,,,0.0,,,,,,0.0,,,,,,Do_17_Z-7
do_217j_1,0.0,,,,,,0.0,,,,,,0.0,,,,,,Do_217_J-1
do_217j_2,0.0,,,,,,0.0,,,,,,0.0,,,,,,Do_217_J-2
do_217n_1,0.0,,,,,,0.0,,,,,,0.0,,,,,,Do_217_N-1
do_217n_2,0.0,,,,,,0.0,,,,,,0.0,,,,,,Do_217_N-2
do_335b_2,0.0,,,,,,217.0,59.06,0.85,0.67,3.21,2.53,0.0,,,,,,Do_335_B-2
fr_panhard_ebr_1951,0.0,,,,,,437.0,73.15,0.0,0.0,1.61,1.68,0.0,,,,,,E.B.R._(1951)
fr_panhard_ebr_1954,0.0,,,,,,134.0,74.89,0.0,0.0,4.14,2.27,28.0,,,0.0,,1.87,E.B.R._(1954)
fr_panhard_ebr_1963,0.0,,,,,,0.0,,,,,,0.0,,,,,,E.B.R._(1963)
e7k2,,,,,,,,,,,,,,,,,,,E7K2
e8n2,,,,,,,,,,,,,,,,,,,E8N2
us_efv_p1,0.0,,,,,,142.0,48.33,0.0,0.0,1.08,0.79,0.0,,,,,,EFV
il_eitan,0.0,,,,,,146.0,62.69,0.0,0.0,1.14,0.93,0.0,,,,,,Eitan_(P)
uk_eland_90_mk_7,0.0,,,,,,139.0,60.83,0.0,0.0,1.38,1.09,0.0,,,,,,Eland_90_Mk.7
sw_eldenhet_98,0.0,,,,,,3.0,,,,,,0.0,,,,,,EldE_98
etndard_4m,0.0,,,,,,33.0,100.0,2.0,1.3,1.0,0.65,0.0,,,,,,Etendard_IVM
f-100d_france,0.0,,,,,,19.0,0.0,1.5,1.5,1.5,1.5,0.0,,,,,,F-100D
f_101c,0.0,,,,,,34.0,98.15,1.22,5.0,1.24,5.0,0.0,,,,,,F-101C
f-104g_belgium,0.0,,,,,,0.0,,,,,,0.0,,,,,,F-104G
f-104g_italy,0.0,,,,,,0.0,,,,,,0.0,,,,,,F-104G
f-104j,0.0,,,,,,0.0,,,,,,0.0,,,,,,F-104J
f-104s,0.0,,,,,,0.0,,,,,,0.0,,,,,,F-104S
f-104s_cb,0.0,,,,,,81.0,36.84,0.61,0.79,3.76,4.05,0.0,,,,,,F-104S_TAF
f-104s_asa,0.0,,,,,,8.0,,,1.0,,0.0,0.0,,,,,,F-104S.ASA
f_111a,0.0,,,,,,8.0,,,,,,0.0,,,,,,F-111A
f_111c_raaf,0.0,,,,,,25.0,50.0,0.5,1.0,0.5,1.0,0.0,,,,,,F-111C
f_111f,0.0,,,,,,20.0,0.0,1.0,1.0,0.21,0.21,0.0,,,,,,F-111F
f_117,0.0,,,,,,34.0,50.0,0.0,0.0,1.04,2.07,0.0,,,,,,F-117
f_14a_early,0.0,,,,,,93.0,39.74,1.1,0.98,0.0,0.0,13.0,,,0.0,,0.0,F-14A_Early
f_14b,0.0,,,,,,44.0,21.43,1.43,0.55,0.29,0.09,0.0,,,,,,F-14B
f_14d,0.0,,,,,,867.0,51.18,1.34,1.55,0.08,0.09,0.0,,,,,,F-14D
f_15i_raam,0.0,,,,,,52.0,77.45,1.46,0.85,1.63,1.65,0.0,,,,,,F-15I_Ra’am
f_15j,0.0,,,,,,3.0,75.0,1.25,1.25,0.0,0.0,0.0,,,,,,F-15J
f_15j_kai,0.0,,,,,,64.0,81.75,2.04,3.6,0.05,0.35,0.0,,,,,,F-15J(M)
f_16a_block_15_belgium,0.0,,,,,,17.0,100.0,0.5,0.5,3.0,3.0,0.0,,,,,,F-16A
f_16a_block_10,0.0,,,,,,138.0,68.23,0.64,0.8,1.1,1.47,0.0,,,,,,F-16A
f_16a_block_15_adf_italy,0.0,,,,,,15.0,,,,,,0.0,,,,,,F-16A_ADF
f_16a_block_15_ocu_thailand,0.0,,,,,,29.0,100.0,2.73,2.73,0.73,0.73,0.0,,,,,,F-16A_OCU
f_16a_block_15_ocu_belgium,0.0,,,,,,0.0,,,,,,0.0,,,,,,F-16A_OCU
f_16aj,0.0,,,,,,88.0,91.97,0.89,0.82,3.21,2.62,0.0,,,,,,F-16AJ
f_16am_block_15_mlu_belgium,0.0,,,,,,31.0,83.33,1.0,1.0,0.0,0.0,0.0,,,,,,F-16AM
f_16c_block_40_barak_2,0.0,,,,,,2.0,,,,,,0.0,,,,,,F-16C_Barak_II
f_16i_sufa,0.0,,,,,,0.0,,,,,,0.0,,,,,,F-16I_Sufa
fa_18c_finland,0.0,,,,,,55.0,50.0,1.29,1.32,0.0,0.0,0.0,,,,,,F-18C
ef_2000a,0.0,,,,,,0.0,,,,,,0.0,,,,,,F-2000A
ef_2000a_aesa,0.0,,,,,,51.0,81.58,3.68,4.72,0.76,0.72,0.0,,,,,,F-2000A_(AESA)
f_20a,0.0,,,,,,69.0,74.67,1.24,1.18,0.55,0.45,0.0,,,,,,F-20A
f_2a,0.0,,,,,,77.0,80.7,2.45,1.98,0.08,0.08,31.0,,,2.0,,0.0,F-2A
f-4ej_adtw,0.0,,,,,,333.0,59.0,2.58,2.45,0.68,0.69,16.0,,,0.0,,0.0,F-4EJ_ADTW
f-4ej_kai,0.0,,,,,,20.0,,,1.0,,0.0,0.0,,,,,,F-4EJ_Kai_Phantom_II
f-4ej,0.0,,,,,,43.0,90.2,1.09,0.95,0.21,0.33,0.0,,,,,,F-4EJ_Phantom_II
f-5a,0.0,,,,,,0.0,,,,,,0.0,,,,,,F-5A
f-5e_fcu_thailand,0.0,,,,,,345.0,64.77,1.85,2.6,0.89,1.26,0.0,,,,,,F-5E_FCU
f-5t_thailand,0.0,,,,,,11.0,,,0.0,,2.0,0.0,,,,,,F-5T_SCU
f-5th_thailand,0.0,,,,,,39.0,100.0,0.82,0.78,1.0,0.22,0.0,,,,,,F-5TH_TCU
p-51c-10_france,0.0,,,,,,0.0,,,,,,0.0,,,,,,F-6C-10-NA
f-84f_france,0.0,,,,,,50.0,51.5,0.03,0.06,0.56,0.9,0.0,,,,,,F-84F
f-84f_italy,0.0,,,,,,0.0,,,,,,0.0,,,,,,F-84F
f-84f,0.0,,,,,,100.0,73.98,0.35,0.27,0.98,0.88,0.0,,,,,,F-84F
f-84f_iaf,0.0,,,,,,0.0,,,,,,0.0,,,,,,F-84F_IAF
f-84g,0.0,,,,,,0.0,,,,,,0.0,,,,,,F-84G-21-RE
f-84g_italy,0.0,,,,,,7.0,,,0.0,,11.57,0.0,,,,,,F-84G-21-RE
f-86f-30_japan,0.0,,,,,,126.0,81.9,1.58,2.15,0.65,0.95,0.0,,,,,,F-86F-30_
f-86f-35,0.0,,,,,,83.0,86.42,0.24,0.34,0.8,0.47,0.0,,,,,,F-86F-35
f-86f-40_japan_blue_impulse,0.0,,,,,,23.0,65.38,1.38,0.0,1.23,0.0,0.0,,,,,,F-86F-40_JASDF
f-86k_late,0.0,,,,,,16.0,100.0,1.0,1.0,0.0,0.0,0.0,,,,,,F-86K
f_222_2,0.0,,,,,,0.0,,,,,,0.0,,,,,,F.222.2
fc_20_bis,0.0,,,,,,0.0,,,,,,0.0,,,,,,F.C.20_Bis
fa_18a,0.0,,,,,,135.0,70.89,1.24,1.2,0.24,0.22,41.0,,,2.45,,0.0,F/A-18A
fa_18c_mlu_2_finland,0.0,,,,,,84.0,50.0,0.95,1.66,0.59,1.05,0.0,,,,,,F/A-18C_MLU_2
fa_18d_late_malaysia,0.0,,,,,,82.0,92.47,1.17,1.17,0.44,0.44,0.0,,,,,,F/A-18D_Late
fa_18f_block_2_raaf,0.0,,,,,,20.0,50.0,1.0,1.0,1.5,1.5,0.0,,,,,,F/A-18F
f11f_1_late,0.0,,,,,,15.0,100.0,5.0,,0.0,,0.0,,,,,,F11F-1
f1m2,0.0,,,,,,0.0,,,,,,0.0,,,,,,F1M2
f2a-1,0.0,,,,,,0.0,,,,,,0.0,,,,,,F2A-1
f3f-2,0.0,,,,,,0.0,,,,,,0.0,,,,,,F3F-2
f3h-2,0.0,,,,,,274.0,56.15,1.29,1.94,0.37,0.58,0.0,,,,,,F3H-2
f4d_1,0.0,,,,,,6.0,100.0,1.5,1.5,0.0,0.0,0.0,,,,,,F4D-1
f4u-1a_japan,0.0,,,,,,10.0,100.0,1.0,1.0,0.75,0.3,0.0,,,,,,F4U-1A
f4u-4b_vmf_214,0.0,,,,,,4.0,,,1.0,,1.0,0.0,,,,,,F4U-4B_VMF-214
f7f3,0.0,,,,,,121.0,52.15,0.35,0.59,1.63,2.44,0.0,,,,,,F7F-3
f9f-5,0.0,,,,,,11.0,,,1.0,,2.73,0.0,,,,,,F9F-5
uk_falcon,0.0,,,,,,354.0,48.16,0.56,0.52,1.41,1.29,0.0,,,,,,Falcon
fr_fcm_36,0.0,,,,,,0.0,,,,,,0.0,,,,,,FCM.36
ffa_p16,0.0,,,,,,0.0,,,,,,0.0,,,,,,FFA_P-16
it_fiat_6614_106sr,0.0,,,,,,413.0,68.16,0.0,0.0,2.55,1.7,0.0,,,,,,FIAT_6614
it_fiat_6616_ub,0.0,,,,,,2.0,,,0.0,,1.0,0.0,,,,,,FIAT_6616UB
b_48_firecrest,0.0,,,,,,24.0,,,,,,0.0,,,,,,Firecrest
it_fiat_6614_firos,0.0,,,,,,30.0,100.0,0.0,0.0,1.9,0.98,0.0,,,,,,FIROS_6
fj_4b,0.0,,,,,,0.0,,,,,,0.0,,,,,,FJ-4B
fj_4b_agm_12b,0.0,,,,,,51.0,100.0,0.67,0.67,3.17,3.72,0.0,,,,,,FJ-4B_VMF-232
germ_flakpanzer_38t_Gepard,0.0,,,,,,45.0,100.0,1.0,0.86,3.86,3.25,0.0,,,,,,Flakpanzer_38
germ_flarakrad,0.0,,,,,,98.0,50.0,1.56,0.69,0.0,0.0,0.0,,,,,,FlaRakRad
fokker_d21_mod20,0.0,,,,,,0.0,,,,,,0.0,,,,,,Fokker_D.XXI
fr_1_fireball,0.0,,,,,,176.0,73.44,0.21,0.19,1.1,0.85,13.0,100.0,0.0,0.0,3.0,1.8,FR-1_Fireball
it_freccia_hitfist_ows,0.0,,,,,,261.0,51.92,0.01,0.01,2.07,1.34,0.0,,,,,,Freccia_OWS_30
fr_samp_t_launcher,,,,,,,,,,,,,,,,,,,FSAF_SAMP/T_(Mamba)_(СОУ)
fr_samp_t_fcs,0.0,,,,,,32.0,100.0,1.06,2.0,0.0,0.0,0.0,,,,,,FSAF_SAMP/T_(Mamba)_(СОЦ)
it_samp_t_fcs,0.0,,,,,,0.0,,,,,,0.0,,,,,,FSAF_SAMP/T_(СОЦ)
fury_mk1,0.0,,,,,,0.0,,,,,,0.0,,,,,,Fury_Mk_I
uk_fv4005,0.0,,,,,,154.0,30.93,0.0,0.0,2.48,1.23,0.0,,,,,,FV4005
uk_fv4202,0.0,,,,,,162.0,50.0,0.0,0.0,3.18,1.94,0.0,,,,,,FV4202
fw-189a-1,0.0,,,,,,0.0,,,,,,0.0,,,,,,Fw_189_A-1
fw-190a-5_japan,0.0,,,,,,31.0,100.0,0.67,0.67,1.67,1.67,0.0,,,,,,Fw_190_A-5
fw_190a_5_u14,0.0,,,,,,0.0,,,,,,0.0,,,,,,Fw_190_A-5/U14
fw-190a-8_usa,0.0,,,,,,3.0,100.0,1.0,,1.0,,0.0,,,,,,Fw_190_A-8
fw-190c,0.0,,,,,,0.0,,,,,,0.0,,,,,,Fw_190_C
fw-190d-13,0.0,,,,,,49.0,50.0,1.0,1.0,1.0,1.0,0.0,,,,,,Fw_190_D-13
fw-190d-9_ussr,0.0,,,,,,26.0,50.0,1.5,,0.0,,0.0,,,,,,Fw_190_D-9
fw_200c_1,0.0,,,,,,12.0,,,,,,0.0,,,,,,Fw_200_C-1
fw_189c_0,0.0,,,,,,0.0,,,,,,0.0,,,,,,Fw_189_C
fiat_g50_seria7as_italy,0.0,,,,,,0.0,,,,,,0.0,,,,,,G.50_AS_serie_7
fiat_g50_seria7as,0.0,,,,,,0.0,,,,,,0.0,,,,,,G.50_AS_serie_7
fiat_g50_seria2,0.0,,,,,,0.0,,,,,,0.0,,,,,,G.50_serie_2
fiat_g50_seria2_italy,0.0,,,,,,0.0,,,,,,0.0,,,,,,G.50_serie_2
g_55_serie1_ss0,0.0,,,,,,27.0,100.0,0.0,0.0,0.0,0.0,0.0,,,,,,G.55_sottoserie_0
g_55s,0.0,,,,,,105.0,63.98,0.94,1.05,0.9,1.02,0.0,,,,,,G.55S
g_56,0.0,,,,,,8.0,100.0,0.33,0.17,0.0,0.0,0.0,,,,,,G.56
fiat_g91_ps,0.0,,,,,,14.0,100.0,1.0,1.0,0.0,0.0,0.0,,,,,,G.91_pre-serie
fiat_g91_r1,0.0,,,,,,16.0,100.0,0.0,0.0,0.0,0.0,0.0,,,,,,G.91_R/1
fiat_g91_r4,0.0,,,,,,9.0,0.0,0.0,0.0,0.0,0.0,0.0,,,,,,G.91_R/4
g4m1,0.0,,,,,,0.0,,,,,,0.0,,,,,,G4M1
g5n1,0.0,,,,,,6.0,,,,,,0.0,,,,,,G5N1
g8n1,0.0,,,,,,82.0,50.0,1.05,1.33,0.13,0.2,0.0,,,,,,G8N1
f3f-2_galer,0.0,,,,,,0.0,,,,,,0.0,,,,,,Galer's_F3F-2
germ_garford_putilov,0.0,,,,,,0.0,,,,,,0.0,,,,,,Garford-Beute
ussr_gaz_4m,0.0,,,,,,9.0,,,,,,0.0,,,,,,GAZ-AAA_(4M)
ussr_gaz_dshk,0.0,,,,,,0.0,,,,,,0.0,,,,,,GAZ-AAA_(DShK)
uk_vickers_gbt_155,0.0,,,,,,26.0,100.0,0.0,0.0,2.0,1.47,0.0,,,,,,GBT_155
il_m113a1_tow,0.0,,,,,,73.0,50.0,0.0,0.0,1.78,1.92,0.0,,,,,,Giraf
gladiator_mk1_belgium,0.0,,,,,,0.0,,,,,,0.0,,,,,,Gladiator_Mk_I
gladiator_mk2_france,0.0,,,,,,0.0,,,,,,0.0,,,,,,Gladiator_Mk_IIF
gladiator_mk2_silver,0.0,,,,,,0.0,,,,,,0.0,,,,,,Gladiator_Mk_IIS
uk_mk1_grant,0.0,,,,,,0.0,,,,,,0.0,,,,,,Grant_I
il_28_china,0.0,,,,,,0.0,,,,,,0.0,,,,,,H-5
h-75a-1_france,0.0,,,,,,0.0,,,,,,0.0,,,,,,H-75A-1
p-40c_china,0.0,,,,,,9.0,,,0.0,,0.0,0.0,,,,,,H-81A-2
fr_hotchkiss_h35,0.0,,,,,,0.0,,,,,,0.0,,,,,,H.35
fr_hotchkiss_h39,0.0,,,,,,0.0,,,,,,0.0,,,,,,H.39
fr_hotchkiss_h39_cambronne,0.0,,,,,,0.0,,,,,,0.0,,,,,,"H.39_""Cambronne"""
hp_12,0.0,,,,,,0.0,,,,,,0.0,,,,,,H.P.12
h6k4,0.0,,,,,,0.0,,,,,,0.0,,,,,,H6K4
h8k3,0.0,,,,,,0.0,,,,,,0.0,,,,,,H8K3
jp_type_95_ha_go_commander,0.0,,,,,,0.0,,,,,,0.0,,,,,,Ha-Go_Commander
a5m4_hagiri,0.0,,,,,,0.0,,,,,,0.0,,,,,,Hagiri's_A5M4
hp52_hampden_mk1_late,0.0,,,,,,0.0,,,,,,0.0,,,,,,Hampden_Mk_I
hp52_hampden_tbmk1,0.0,,,,,,0.0,,,,,,0.0,,,,,,Hampden_TB_Mk_I
hp52_hampden_tbmk1_ussr_utk1,0.0,,,,,,0.0,,,,,,0.0,,,,,,Hampden_TB_Mk_I
harrier_gr1,0.0,,,,,,30.0,54.17,0.17,0.0,0.46,1.0,0.0,,,,,,Harrier_GR.1
harrier_gr3,0.0,,,,,,22.0,0.0,1.0,0.5,1.0,1.0,0.0,,,,,,Harrier_GR.3
harrier_gr7,0.0,,,,,,4.0,0.0,1.0,1.0,0.0,0.0,9.0,,,,,,Harrier_GR.7
harrier_t10,0.0,,,,,,69.0,50.0,0.63,0.26,0.35,1.33,0.0,,,,,,Harrier_T.10
intruder_mk_1,0.0,,,,,,0.0,,,,,,0.0,,,,,,Havoc_Mk_I
hawk_200,0.0,,,,,,0.0,,,,,,0.0,,,,,,Hawk_200
hawk_200_rda,0.0,,,,,,6.0,100.0,3.0,3.0,0.0,0.0,0.0,,,,,,Hawk_200_RDA
h-75a-2_finland,0.0,,,,,,0.0,,,,,,0.0,,,,,,Hawk_H-75A-2
hawk_iii,0.0,,,,,,0.0,,,,,,0.0,,,,,,Hawk_III
he-111h-16_winter,0.0,,,,,,117.0,39.14,0.0,0.0,1.13,0.92,0.0,,,,,,He_111_H-16
he_112b_1_italy,0.0,,,,,,0.0,,,,,,0.0,,,,,,He_112_B-1/U2
he_112b_1,0.0,,,,,,0.0,,,,,,0.0,,,,,,He_112_B-1/U2
he_112b_2,0.0,,,,,,7.0,,,,,,0.0,,,,,,He_112_B-2/U2
he_115c_1,0.0,,,,,,0.0,,,,,,0.0,,,,,,He_115_C-1
he-162a-1,0.0,,,,,,0.0,,,,,,0.0,,,,,,He_162_A-1
he-177a-3,0.0,,,,,,0.0,,,,,,0.0,,,,,,He_177_A-3
he-177a-5,0.0,,,,,,0.0,,,,,,0.0,,,,,,He_177_A-5
he_219a_7,0.0,,,,,,12.0,0.0,1.0,1.0,1.75,1.75,0.0,,,,,,He_219_A-7
he51b_2w,0.0,,,,,,0.0,,,,,,0.0,,,,,,He_51_B-2/H
jp_pzkpfw_VI_ausf_e_tiger,0.0,,,,,,19.0,70.83,0.0,0.0,4.15,4.15,0.0,,,,,,Heavy_Tank_No.6
marut_mk1,0.0,,,,,,16.0,,,3.0,,5.13,0.0,,,,,,HF-24
go229_v3,0.0,,,,,,61.0,27.78,1.44,2.0,3.17,5.0,0.0,,,,,,Ho_229_V3
jp_type_2_ho_i,0.0,,,,,,59.0,100.0,0.0,0.0,2.46,1.6,0.0,,,,,,Ho-I
jp_type_3_ho_ni_III,0.0,,,,,,61.0,100.0,0.0,0.0,4.5,2.71,0.0,,,,,,Ho-Ni_III
hornet_mk1,0.0,,,,,,0.0,,,,,,0.0,,,,,,Hornet_Mk.I
hornet_mk3,0.0,,,,,,0.0,,,,,,0.0,,,,,,Hornet_Mk.III
il_m163_vulcan,0.0,,,,,,3.0,,,0.0,,0.0,0.0,,,,,,Hovet
cn_hq_11,0.0,,,,,,20.0,0.0,1.0,1.0,0.0,0.0,0.0,,,,,,HQ11
cn_hq_17,0.0,,,,,,0.0,,,,,,0.0,,,,,,HQ17
hs-123a-1,0.0,,,,,,0.0,,,,,,0.0,,,,,,Hs_123_A-1
hs-129b-2,0.0,,,,,,0.0,,,,,,0.0,,,,,,Hs_129_B-2
hs-129b-2_romania_italy,0.0,,,,,,16.0,,,,,,0.0,,,,,,Hs_129_B-2_(Romania)
hs-129b-2_romania,0.0,,,,,,0.0,,,,,,0.0,,,,,,Hs_129_B-2_(Romania)
hs-129b-3,0.0,,,,,,22.0,0.0,0.0,0.0,0.0,0.0,0.0,,,,,,Hs_129_B-3
us_hstv_l,0.0,,,,,,2158.0,56.94,0.04,0.0,1.52,1.24,15.0,,,0.0,,1.0,HSTV-L
hudson_mk_v,0.0,,,,,,0.0,,,,,,0.0,,,,,,Hudson_Mk_V
hunter_f6,0.0,,,,,,127.0,74.14,2.5,3.32,1.57,1.96,0.0,,,,,,Hunter_F.6
hunter_f9_rhodesia,0.0,,,,,,50.0,91.0,2.12,7.89,0.59,6.44,0.0,,,,,,Hunter_FGA.9
hurricane_mk1,0.0,,,,,,0.0,,,,,,0.0,,,,,,Hurricane_Mk_I/L
hurricane_mk1_late_ep,0.0,,,,,,0.0,,,,,,0.0,,,,,,Hurricane_Mk.I/L_FAA_M
i-15_1935,0.0,,,,,,0.0,,,,,,0.0,,,,,,I-15_M-22
i-15_1935_moscow,0.0,,,,,,0.0,,,,,,0.0,,,,,,I-15_M-25
i-15bis,0.0,,,,,,0.0,,,,,,0.0,,,,,,I-15bis
i-16_type10,0.0,,,,,,0.0,,,,,,0.0,,,,,,I-16_type_10
i-16_type5,0.0,,,,,,29.0,100.0,6.64,7.27,1.68,1.82,0.0,,,,,,I-16_type_5
gladiator_j8a_iacobi,0.0,,,,,,22.0,100.0,0.0,0.0,0.0,0.0,0.0,,,,,,Iacobi's_J8A
iar_81c,0.0,,,,,,3.0,75.0,1.75,2.5,0.25,0.5,0.0,,,,,,IAR-81C
iar_81c_db_605,0.0,,,,,,3.0,,,1.67,,0.67,0.0,,,,,,IAR-81C_(DB_605)
iar_93b,0.0,,,,,,0.0,,,,,,0.0,,,,,,IAR-93B
jp_icv_ifv_prototype,0.0,,,,,,224.0,57.24,0.11,0.09,1.67,1.41,0.0,,,,,,ICV_(P)
il-4,0.0,,,,,,0.0,,,,,,0.0,,,,,,IL-4
us_mim_72_chaparral,0.0,,,,,,70.0,100.0,1.13,0.9,0.0,0.0,0.0,,,,,,Imp.Chaparral
uk_a1e1_independent,0.0,,,,,,0.0,,,,,,0.0,,,,,,Independent
germ_iris_slm_launcher,,,,,,,,,,,,,,,,,,,IRIS-T_SLM_(СОУ)
germ_iris_slm_fcs,0.0,,,,,,254.0,37.19,2.08,1.69,0.0,0.0,0.0,,,,,,IRIS-T_SLM_(СОЦ)
ussr_is_2_1944_revenge,0.0,,,,,,35.0,100.0,0.0,0.0,4.5,3.13,0.0,,,,,,"IS-2_""Revenge"""
it_semovente_m43_75_bersaglieri,,,,,,,,,,,,,,,,,,,it_semovente_m43_75_bersaglieri
sw_crotale_ng,0.0,,,,,,35.0,0.0,1.0,0.63,0.0,0.0,0.0,,,,,,ItO_90M
j_10a,0.0,,,,,,230.0,66.51,1.35,1.84,0.08,0.12,0.0,,,,,,J-10A
j_10c,0.0,,,,,,38.0,100.0,3.66,3.33,3.02,2.63,0.0,,,,,,J-10C
j_11,0.0,,,,,,10.0,50.0,0.83,1.0,0.0,0.0,0.0,,,,,,J-11
j_11a,0.0,,,,,,4.0,100.0,3.0,,0.0,,0.0,,,,,,J-11A
j_11b,0.0,,,,,,3.0,100.0,2.0,2.0,0.0,0.0,0.0,,,,,,J-11B
j_15t,0.0,,,,,,131.0,66.88,2.3,2.81,0.03,0.03,3.0,,,1.0,,0.0,J-15T
j_22m1a,0.0,,,,,,401.0,57.91,0.05,0.1,2.69,5.16,0.0,,,,,,J-22M1A
mig-17_china,0.0,,,,,,10.0,100.0,4.0,4.0,1.0,1.0,0.0,,,,,,J-4
j_7_mk2,0.0,,,,,,0.0,,,,,,0.0,,,,,,J-7II
j_8f,0.0,,,,,,0.0,,,,,,0.0,,,,,,J-8F
fiat_cr42_j11,0.0,,,,,,0.0,,,,,,0.0,,,,,,J11
re_2000_j20,0.0,,,,,,0.0,,,,,,0.0,,,,,,J20
p-51b_7_sweden,0.0,,,,,,20.0,,,0.75,,2.0,0.0,,,,,,J26_David
saab_j29d,0.0,,,,,,22.0,50.0,0.5,1.0,11.5,23.0,0.0,,,,,,J29D
j2m3,0.0,,,,,,244.0,52.59,0.83,0.96,0.27,0.3,0.0,,,,,,J2M3
j2m4_kai,0.0,,,,,,0.0,,,,,,0.0,,,,,,J2M4_Kai
j2m5,0.0,,,,,,0.0,,,,,,0.0,,,,,,J2M5
saab_j32b,0.0,,,,,,6.0,50.0,1.0,1.0,0.0,0.0,0.0,,,,,,J32B
hunter_f50_sweden,0.0,,,,,,0.0,,,,,,26.0,,,0.0,,0.0,J34
saab_j35a,0.0,,,,,,66.0,52.58,2.03,3.31,0.1,0.17,48.0,,,4.2,,0.0,J35A
j5n1,0.0,,,,,,49.0,,,1.38,,0.69,0.0,,,,,,J5N1
j6k1,0.0,,,,,,28.0,100.0,2.14,1.8,1.29,1.87,22.0,100.0,2.0,1.05,5.0,2.14,J6K1
j7w1,0.0,,,,,,429.0,78.25,0.77,0.76,2.41,2.35,0.0,,,,,,J7W1
j9_early,0.0,,,,,,22.0,50.0,0.63,0.45,0.0,0.0,0.0,,,,,,J9_Early
saab_ja37d,0.0,,,,,,49.0,50.0,1.63,1.81,0.41,0.41,0.0,,,,,,JA37D
saab_ja37di,0.0,,,,,,0.0,,,,,,0.0,,,,,,JA37DI
saab_ja37di_f21,0.0,,,,,,212.0,68.43,1.41,1.27,0.04,0.04,33.0,,,1.12,,0.0,JA37DI_F21
germ_jaguar_2,0.0,,,,,,25.0,0.0,0.0,0.0,0.48,0.48,0.0,,,,,,Jaguar_2
jaguar_a,0.0,,,,,,0.0,,,,,,0.0,,,,,,Jaguar_A
jaguar_e,0.0,,,,,,5.0,,,,,,0.0,,,,,,Jaguar_E
jaguar_gr1,0.0,,,,,,22.0,,,,,,0.0,,,,,,Jaguar_GR.1
jaguar_is,0.0,,,,,,134.0,39.89,0.32,0.42,0.62,0.86,0.0,,,,,,Jaguar_IS
germ_sk105_a2,0.0,,,,,,47.0,,,0.0,,2.4,0.0,,,,,,JaPz.K_A2
saab_jas39a,0.0,,,,,,51.0,62.5,1.23,0.57,0.48,0.69,0.0,,,,,,JAS39A
saab_jas39c,0.0,,,,,,58.0,50.0,1.69,2.1,0.08,0.08,16.0,,,2.0,,1.0,JAS39C
saab_jas39c_thailand,0.0,,,,,,57.0,36.02,0.93,0.93,0.19,0.09,0.0,,,,,,JAS39C
saab_jas39e,0.0,,,,,,218.0,53.57,1.08,1.12,0.65,0.67,0.0,,,,,,JAS39E
javelin_fmk9,0.0,,,,,,175.0,45.11,1.34,1.75,0.92,1.14,0.0,,,,,,Javelin_F.(A.W.)_Mk.9
jh_7a,0.0,,,,,,0.0,,,,,,0.0,,,,,,JH-7A
jh_7a_prototype,0.0,,,,,,0.0,,,,,,0.0,,,,,,JH-7A_Prototype
jh_7a2,0.0,,,,,,6.0,100.0,1.0,1.0,0.0,0.0,0.0,,,,,,JH-7A2
ju-188a-2,0.0,,,,,,0.0,,,,,,0.0,,,,,,Ju_188_A-2
ju-288c,0.0,,,,,,53.0,20.37,0.2,0.22,1.26,1.38,0.0,,,,,,Ju_288_C
ju-388j,0.0,,,,,,0.0,,,,,,0.0,,,,,,Ju_388_J
ju-87d-3,0.0,,,,,,36.0,50.0,0.0,0.0,0.5,1.0,0.0,,,,,,Ju_87_D-3
ju-87d-5,0.0,,,,,,28.0,,,0.46,,1.0,0.0,,,,,,Ju_87_D-5
ju-87g_1,0.0,,,,,,25.0,,,0.0,,0.0,0.0,,,,,,Ju_87_G-1
ju-87g_2,0.0,,,,,,0.0,,,,,,0.0,,,,,,Ju_87_G-2
ju-87r-2,0.0,,,,,,10.0,,,,,,0.0,,,,,,Ju_87_R-2
ju-87r-2_italy,0.0,,,,,,0.0,,,,,,0.0,,,,,,Ju_87_R-2
ju-87r-2_snake,0.0,,,,,,24.0,50.0,0.0,0.0,0.5,1.0,0.0,,,,,,Ju_87_R-2_Libya
ju-88a-4_finland,0.0,,,,,,25.0,,,0.0,,1.32,0.0,,,,,,Ju_88_A-4
ju-88a-4,0.0,,,,,,0.0,,,,,,0.0,,,,,,Ju_88_A-4
ju-88c-6,0.0,,,,,,0.0,,,,,,0.0,,,,,,Ju_88_C-6
kfir_c2,0.0,,,,,,0.0,,,,,,0.0,,,,,,Kfir_C.2
kfir_c7,0.0,,,,,,4.0,,,,,,0.0,,,,,,Kfir_C.7
kfir_canard,0.0,,,,,,24.0,0.0,0.5,0.02,1.0,0.98,0.0,,,,,,Kfir_Canard
uk_khalid,0.0,,,,,,100.0,20.37,0.0,0.0,4.37,2.42,0.0,,,,,,Khalid
ussr_9p157,0.0,,,,,,132.0,50.0,0.0,0.0,1.57,1.68,0.0,,,,,,Khrizantema-S
ki_10_1_commander,0.0,,,,,,0.0,,,,,,0.0,,,,,,Ki-10-I_C
ki_10_2,0.0,,,,,,19.0,,,0.0,,0.0,0.0,,,,,,Ki-10-II
ki_10_2_commander,0.0,,,,,,0.0,,,,,,0.0,,,,,,Ki-10-II_C
ki_102_otsu,0.0,,,,,,0.0,,,,,,0.0,,,,,,Ki-102_otsu
ki_108,0.0,,,,,,16.0,100.0,0.0,,0.0,,0.0,,,,,,Ki-108_Kai
ki_109,0.0,,,,,,0.0,,,,,,0.0,,,,,,Ki-109
j8m1,0.0,,,,,,11.0,,,,,,0.0,,,,,,Ki-200
ki_21_1hei,0.0,,,,,,0.0,,,,,,0.0,,,,,,Ki-21-I_hei
ki-27_otsu_ep,0.0,,,,,,0.0,,,,,,0.0,,,,,,Ki-27_otsu_Tachiarai
ki_43_2_late,0.0,,,,,,21.0,,,,,,0.0,,,,,,Ki-43-II
ki_44_1_ep,0.0,,,,,,17.0,100.0,1.0,1.0,0.0,0.0,0.0,,,,,,Ki-44-I_34
ki_44_2_otsu,0.0,,,,,,36.0,100.0,0.0,0.0,2.0,1.0,0.0,,,,,,Ki-44-II_otsu
ki-45_hei,0.0,,,,,,0.0,,,,,,0.0,,,,,,Ki-45_hei
ki-45_otsu,0.0,,,,,,23.0,,,0.0,,0.0,0.0,,,,,,Ki-45_otsu
ki-45_tei,0.0,,,,,,0.0,,,,,,0.0,,,,,,Ki-45_tei
ki_48_2_otsu,0.0,,,,,,0.0,,,,,,0.0,,,,,,Ki-48-II_otsu
ki-49_1,0.0,,,,,,0.0,,,,,,0.0,,,,,,Ki-49-I
ki-49_2a,0.0,,,,,,0.0,,,,,,0.0,,,,,,Ki-49-IIa
ki-49_2b,0.0,,,,,,0.0,,,,,,0.0,,,,,,Ki-49-IIb
ki-49_2b_late,0.0,,,,,,9.0,,,0.0,,0.0,0.0,,,,,,Ki-49-IIb/L
ki_61_1a_otsu_usa,0.0,,,,,,0.0,,,,,,0.0,,,,,,Ki-61-Ib
ki_84_hei,0.0,,,,,,49.0,56.67,1.8,3.13,1.87,3.27,0.0,,,,,,Ki-84_hei
ki_84_otsu,0.0,,,,,,24.0,100.0,1.74,,1.0,,0.0,,,,,,Ki-84_otsu
ki_87,0.0,,,,,,0.0,,,,,,0.0,,,,,,Ki-87
ki_94_2,0.0,,,,,,1.0,,,0.0,,0.0,0.0,,,,,,Ki-94-II
ki-96,0.0,,,,,,34.0,100.0,1.47,1.47,0.95,0.95,0.0,,,,,,Ki-96
kitsuka,0.0,,,,,,149.0,91.13,1.44,1.88,2.1,2.43,0.0,,,,,,Kikka
kor_1,,,,,,,,,,,,,,,,,,,KOR-1
f-4e_iaf,0.0,,,,,,107.0,58.34,1.33,1.65,1.06,1.6,0.0,,,,,,Kurnass
f-4e_kurnass_2000,0.0,,,,,,5.0,,,,,,0.0,,,,,,Kurnass_2000
it_l3_cc,0.0,,,,,,0.0,,,,,,0.0,,,,,,L3/33_CC
it_l6,0.0,,,,,,0.0,,,,,,0.0,,,,,,L6/40
it_l6_leone,0.0,,,,,,0.0,,,,,,0.0,,,,,,L6/40_(31_Rgt.)
la-11,0.0,,,,,,0.0,,,,,,0.0,,,,,,La-11
lagg-3-4,0.0,,,,,,0.0,,,,,,0.0,,,,,,LaGG-3-4
lancaster_mk1,0.0,,,,,,12.0,,,,,,0.0,,,,,,Lancaster_B_Mk_I
lancaster_mk3,0.0,,,,,,0.0,,,,,,0.0,,,,,,Lancaster_B_Mk_III
it_lancia3ro_100,0.0,,,,,,0.0,,,,,,0.0,,,,,,Lancia_3Ro_(100/17)
late_298d,0.0,,,,,,0.0,,,,,,0.0,,,,,,Late_298D
fr_leclerc_azur,0.0,,,,,,83.0,62.9,0.0,0.0,2.89,1.76,0.0,,,,,,Leclerc_AZUR
fr_leclerc_sxxi,0.0,,,,,,268.0,64.27,0.0,0.0,3.6,2.46,0.0,,,,,,Leclerc_SXXI
leo_451_early,0.0,,,,,,0.0,,,,,,0.0,,,,,,LeO_451_early
leo_451_late,0.0,,,,,,0.0,,,,,,0.0,,,,,,LeO_451_late
it_leopard_1a2,0.0,,,,,,74.0,70.0,0.0,0.0,1.0,1.06,0.0,,,,,,Leopard_1A2
germ_leopard_2a5,0.0,,,,,,740.0,45.38,0.0,0.0,1.57,1.32,0.0,,,,,,Leopard_2A5
fr_leopard_2a6nl,0.0,,,,,,12.0,,,0.0,,1.14,0.0,,,,,,Leopard_2A6NL
germ_leopard_2av,0.0,,,,,,70.0,100.0,0.0,0.0,5.82,3.07,0.0,,,,,,Leopard_2AV
jp_leopard_2ri,0.0,,,,,,642.0,61.67,0.0,0.0,2.09,2.21,0.0,,,,,,Leopard_2RI
it_leopard_bofors,0.0,,,,,,60.0,100.0,0.0,0.0,1.5,1.15,0.0,,,,,,Leopard_40/70
uk_vickers_mk_6_aa_mk_1,0.0,,,,,,9.0,,,0.0,,0.0,0.0,,,,,,Light_AA_Mk_I
lightning_f53,0.0,,,,,,7.0,,,,,,0.0,,,,,,Lightning_F.53
lincoln_b2,0.0,,,,,,0.0,,,,,,0.0,,,,,,Lincoln_B_Mk_II
fr_lorraine_155,0.0,,,,,,0.0,,,,,,0.0,,,,,,Lorraine_155_Mle.50
fr_lorraine_37l,0.0,,,,,,0.0,,,,,,0.0,,,,,,Lorraine_37L
us_losat_ccv,0.0,,,,,,8.0,,,0.0,,1.0,0.0,,,,,,LOSAT
sw_lvrbv_701,0.0,,,,,,16.0,,,,,,0.0,,,,,,Lvrbv_701
us_lvt_a_4,0.0,,,,,,0.0,,,,,,0.0,,,,,,LVT(A)(4)
us_lvt_4_zis_2,0.0,,,,,,0.0,,,,,,0.0,,,,,,LVT(A)(4)_(ZIS-2)
fr_lvt_bofors,0.0,,,,,,0.0,,,,,,0.0,,,,,,LVT-4/40
m_346fa,0.0,,,,,,32.0,59.09,1.0,1.82,0.45,0.55,0.0,,,,,,M-346FA
mb_151c1,0.0,,,,,,0.0,,,,,,0.0,,,,,,M.B.151C.1
mb_152c1,0.0,,,,,,0.0,,,,,,0.0,,,,,,M.B.152C1
mb_162,0.0,,,,,,0.0,,,,,,0.0,,,,,,M.B.162
mb_174_a3,0.0,,,,,,0.0,,,,,,0.0,,,,,,M.B.174A-3
mb_175t,0.0,,,,,,0.0,,,,,,0.0,,,,,,M.B.175T
md_450b_barougan,0.0,,,,,,41.0,50.0,1.5,0.72,1.5,0.72,0.0,,,,,,M.D.450B_Barougan
md_450b_ouragan,0.0,,,,,,167.0,73.72,0.82,0.9,1.01,1.14,0.0,,,,,,M.D.450B_Ouragan
md_452_mystere_2a,0.0,,,,,,33.0,,,1.38,,0.0,0.0,,,,,,M.D.452_IIA
md_452_mystere_2c_preproduction,0.0,,,,,,30.0,50.0,0.0,0.31,0.18,0.38,0.0,,,,,,M.D.452_IIC
ms_405c1,0.0,,,,,,0.0,,,,,,0.0,,,,,,M.S.405C1
ms_406c1,0.0,,,,,,0.0,,,,,,0.0,,,,,,M.S.406C1
uk_m109a1,0.0,,,,,,29.0,100.0,0.0,0.0,1.0,1.04,0.0,,,,,,M109A1
it_m109g,0.0,,,,,,54.0,50.0,0.0,0.0,0.5,0.71,0.0,,,,,,M109G
it_m113a1_tow,0.0,,,,,,66.0,50.0,0.0,0.0,0.99,1.54,0.0,,,,,,M113A1_(TOW)
us_halftrack_m13,0.0,,,,,,0.0,,,,,,0.0,,,,,,M13_MGMC
it_m13_40_serie_1,0.0,,,,,,0.0,,,,,,0.0,,,,,,M13/40_(I)
it_m13_40_serie_2,0.0,,,,,,0.0,,,,,,0.0,,,,,,M13/40_(II)
it_m13_40_serie_3,0.0,,,,,,3.0,,,,,,0.0,,,,,,M13/40_(III)
it_m14_41,0.0,,,,,,0.0,,,,,,0.0,,,,,,M14/41
it_m15_42,0.0,,,,,,0.0,,,,,,0.0,,,,,,M15/42
us_halftrack_m16,0.0,,,,,,11.0,0.0,1.5,0.94,0.0,0.0,0.0,,,,,,M16_MGMC
us_m163_vulcan,0.0,,,,,,532.0,38.49,0.55,0.56,0.17,0.17,0.0,,,,,,M163
jp_m163_vulcan,0.0,,,,,,326.0,81.73,1.04,1.05,0.18,0.19,0.0,,,,,,M163
jp_m19,0.0,,,,,,218.0,61.02,0.24,0.08,1.22,0.4,0.0,,,,,,M19A1
uk_m1a1_aim_abrams,0.0,,,,,,39.0,100.0,0.0,0.0,4.58,4.58,0.0,,,,,,M1A1
uk_m1a2_sep3_abrams,0.0,,,,,,781.0,61.68,0.04,0.04,2.94,2.75,0.0,,,,,,M1A2
us_m2_medium,0.0,,,,,,3.0,,,0.0,,0.0,0.0,,,,,,M2
us_m2a2,0.0,,,,,,0.0,,,,,,0.0,,,,,,M2A2
ussr_m3c,0.0,,,,,,0.0,,,,,,0.0,,,,,,M3_Medium
us_m3_stuart,0.0,,,,,,30.0,,,0.0,,1.27,0.0,,,,,,M3_Stuart
us_m3a1_stuart_usmc,0.0,,,,,,0.0,,,,,,0.0,,,,,,M3A1_(USMC)
us_m4_sherman_promo,1.0,,,,,,29.0,0.0,0.0,0.0,4.0,1.95,0.0,,,,,,M4
us_m4a2_1944_germ,0.0,,,,,,6.0,,,0.0,,1.5,0.0,,,,,,M4_748_(a)
it_m15_42_contraereo,0.0,,,,,,154.0,50.0,1.52,1.91,0.5,0.61,0.0,,,,,,M42_Contraereo
fr_m44,0.0,,,,,,96.0,57.14,0.0,0.0,3.79,2.68,0.0,,,,,,M44
it_m44,0.0,,,,,,116.0,64.95,0.0,0.0,1.88,1.77,0.0,,,,,,M44
uk_m44,0.0,,,,,,52.0,50.0,0.0,0.0,0.0,0.0,0.0,,,,,,M44
fr_m46_patton,0.0,,,,,,59.0,0.0,0.0,0.0,3.0,2.22,0.0,,,,,,M46
us_m47_patton_II,0.0,,,,,,419.0,56.92,0.0,0.0,1.9,1.49,0.0,,,,,,M47
it_m47_105,0.0,,,,,,39.0,56.06,0.0,0.0,2.32,2.68,0.0,,,,,,M47_(105/55)
us_m4a2_1944,,,,,,,,,,,,,,,,,,,M4A2_(1944)
us_m4a3_105_sherman,0.0,,,,,,79.0,0.0,0.0,0.0,7.25,2.33,0.0,,,,,,M4A3_(105)
fr_m4a3e2_sherman_jumbo,0.0,,,,,,61.0,95.65,0.0,0.0,4.48,2.22,0.0,,,,,,M4A3E2
it_m55,0.0,,,,,,20.0,,,0.0,,1.0,14.0,,,,,,M55
us_m5a1_stuart_td,0.0,,,,,,0.0,,,,,,0.0,,,,,,M5A1_TD
it_m60a1_ariete,0.0,,,,,,17.0,100.0,0.0,0.0,3.0,3.0,0.0,,,,,,"M60A1_""D.C.Ariete"""
us_m60a1_rise_mod,0.0,,,,,,128.0,55.32,0.0,0.0,2.94,1.91,0.0,,,,,,M60A1_Predator
us_m728,0.0,,,,,,0.0,,,,,,0.0,,,,,,M728_CEV
us_m8_greyhound,0.0,,,,,,7.0,,,0.0,,1.14,0.0,,,,,,M8_LAC
us_m901_itv,0.0,,,,,,88.0,47.83,0.0,0.0,1.85,2.65,0.0,,,,,,M901
us_magach_3,0.0,,,,,,4.0,,,,,,0.0,,,,,,Magach_3_(ERA)
il_magach_3,0.0,,,,,,0.0,,,,,,0.0,,,,,,Magach_3_(ERA)
il_magach_6a,0.0,,,,,,38.0,25.0,0.0,0.0,1.09,1.0,0.0,,,,,,Magach_6A
il_magach_6m,0.0,,,,,,12.0,30.0,0.0,0.0,1.0,1.56,0.0,,,,,,Magach_6M
il_magach_6r,0.0,,,,,,82.0,58.91,0.0,0.0,1.57,2.02,0.0,,,,,,Magach_6R
fiat_cr42_marcolin,0.0,,,,,,0.0,,,,,,0.0,,,,,,Marcolin's_C.R.42_CN
fiat_cr42_marcolin_italy,0.0,,,,,,0.0,,,,,,0.0,,,,,,Marcolin's_C.R.42_CN
uk_mark_v,0.0,,,,,,0.0,,,,,,0.0,,,,,,Mark_V
fr_mars_15,0.0,,,,,,70.0,45.55,0.0,0.0,1.54,1.88,0.0,,,,,,MARS_15
martin_139wc,0.0,,,,,,0.0,,,,,,0.0,,,,,,Martin_139WC
f4f-4_martlet_mk4,0.0,,,,,,0.0,,,,,,0.0,,,,,,Martlet_Mk_IV
uk_a_12_mk_2_matilda_2,0.0,,,,,,3.0,,,0.0,,1.0,0.0,,,,,,Matilda_III
mb_326b,0.0,,,,,,29.0,100.0,0.14,0.0,5.45,15.89,61.0,57.41,0.44,0.82,3.41,5.5,MB-326B
mb_5,0.0,,,,,,100.0,78.17,2.84,6.62,1.36,2.86,0.0,,,,,,MB.5
mbr-2,0.0,,,,,,0.0,,,,,,0.0,,,,,,MBR-2-M-34
me-163b,0.0,,,,,,29.0,,,1.0,,0.0,0.0,,,,,,Me_163_B
me-163b-0,0.0,,,,,,0.0,,,,,,0.0,,,,,,Me_163_B-0
me_210_v22_japan,0.0,,,,,,0.0,,,,,,0.0,,,,,,Me_210_V22
me-262a-1a,0.0,,,,,,26.0,0.0,0.0,0.0,0.0,0.0,0.0,,,,,,Me_262_A-1a
me-262a-1a_early,0.0,,,,,,15.0,,,,,,0.0,,,,,,Me_262_A-1a/Jabo
me-262a-2a,0.0,,,,,,89.0,84.45,2.73,5.59,1.1,2.36,0.0,,,,,,Me_262_A-2a
me-262c-1a,0.0,,,,,,0.0,,,,,,0.0,,,,,,Me_262_C-1a
me-262c-2b,0.0,,,,,,8.0,,,,,,0.0,,,,,,Me_262_C-2b
me-410a-1_u4,0.0,,,,,,9.0,0.0,0.0,0.0,1.0,1.0,0.0,,,,,,Me_410_A-1/U4
me-410b-6_r3,0.0,,,,,,6.0,,,0.0,,6.0,0.0,,,,,,Me_410_B-6/R3
us_merkava_mk_1,0.0,,,,,,36.0,50.0,0.0,0.0,1.83,2.65,0.0,,,,,,Merkava_Mk.1
us_merkava_mk_2b_late,0.0,,,,,,15.0,26.67,0.0,0.0,1.3,1.75,0.0,,,,,,Merkava_Mk.2B
il_merkava_mk_3b,0.0,,,,,,254.0,53.38,0.0,0.0,1.48,1.41,0.0,,,,,,Merkava_Mk.3B
il_merkava_mk_3c,0.0,,,,,,288.0,58.1,0.0,0.0,1.96,1.64,0.0,,,,,,Merkava_Mk.3C
us_merkava_mk_3d,0.0,,,,,,0.0,,,,,,0.0,,,,,,Merkava_Mk.3D
il_merkava_mk_4m,0.0,,,,,,493.0,83.69,0.07,0.07,5.98,6.41,0.0,,,,,,Merkava_Mk.4M
meteor_fmk3,0.0,,,,,,66.0,75.0,0.3,0.48,1.29,1.83,0.0,,,,,,Meteor_F_Mk_3
meteor_fmk4_lw,0.0,,,,,,76.0,92.0,1.07,0.73,0.28,0.27,0.0,,,,,,Meteor_F_Mk_4_G.41F
meteor_fmk4_sw,0.0,,,,,,6.0,100.0,5.5,11.0,0.0,0.0,0.0,,,,,,Meteor_F_Mk_4_G.41G
meteor_fmk8,0.0,,,,,,15.0,100.0,0.0,,0.0,,0.0,,,,,,Meteor_F_Mk_8_G.41K
meteor_fmk8_belgium,0.0,,,,,,11.0,100.0,2.44,2.44,1.0,1.0,0.0,,,,,,Meteor_F_Mk.8
meteor_fmk8_reaper,0.0,,,,,,58.0,66.67,2.61,3.87,2.26,3.43,0.0,,,,,,Meteor_F_Mk.8_Reaper
mig-15_ns23,0.0,,,,,,93.0,76.35,2.47,2.71,0.18,0.19,0.0,,,,,,MiG-15
mig-15bis_ish,0.0,,,,,,130.0,73.39,0.13,0.15,2.48,2.41,0.0,,,,,,MiG-15bis_ISH
mig-21_bison,0.0,,,,,,328.0,74.63,2.02,1.6,0.0,0.0,1.0,,,1.0,,0.0,MiG-21_Bison
mig_29_9_12_sniper,0.0,,,,,,272.0,49.76,1.93,1.45,0.05,0.05,1.0,,,2.0,,0.0,MiG-29_Sniper
mig_29n,0.0,,,,,,20.0,55.0,1.5,1.5,0.0,0.0,0.0,,,,,,MiG-29N
mig-9,0.0,,,,,,51.0,19.44,1.92,2.5,0.39,0.39,0.0,,,,,,MiG-9
mig-9_ussr,0.0,,,,,,12.0,100.0,2.0,2.0,0.0,0.0,0.0,,,,,,MiG-9_(l)
mirage_milan,0.0,,,,,,11.0,50.0,1.0,1.0,1.0,1.63,0.0,,,,,,Milan
mirage_2000_5f,0.0,,,,,,197.0,51.23,1.58,1.36,0.12,0.1,1.0,,,0.0,,0.0,Mirage_2000-5F
mirage_2000c_s5,0.0,,,,,,75.0,60.19,2.28,3.82,0.54,0.83,0.0,,,,,,Mirage_2000C-S5
mirage_2000d_r1,0.0,,,,,,0.0,,,,,,0.0,,,,,,Mirage_2000D-R1
mirage_2000d_rmv,0.0,,,,,,13.0,,,,,,10.0,,,0.0,,0.0,Mirage_2000D-RMV
mirage_5ba,0.0,,,,,,10.0,,,,,,0.0,,,,,,Mirage_5BA
mirage_f1c,0.0,,,,,,0.0,,,,,,0.0,,,,,,Mirage_F1C
mirage_f1c_200,0.0,,,,,,594.0,54.36,0.79,0.82,0.09,0.09,58.0,,,2.23,,0.0,Mirage_F1C-200
mirage_f1ct,0.0,,,,,,0.0,,,,,,0.0,,,,,,Mirage_F1CT
mirage_3e,0.0,,,,,,52.0,54.55,0.89,1.39,0.0,0.0,0.0,,,,,,Mirage_IIIE
ussr_a_12_mk_2_matilda_2A_F96,0.0,,,,,,0.0,,,,,,0.0,,,,,,MK-II_«Matilda»
germ_mkpz_m47,0.0,,,,,,0.0,,,,,,0.0,,,,,,mKPz_M47_G
mosquito_fb_mk6,0.0,,,,,,21.0,100.0,4.0,,0.0,,0.0,,,,,,Mosquito_FB_Mk_VI
mosquito_fb_mk18,0.0,,,,,,0.0,,,,,,0.0,,,,,,Mosquito_FB_Mk_XVIII
mosquito_tr_mk33,0.0,,,,,,0.0,,,,,,0.0,,,,,,Mosquito_TR.Mk.33
mosquito_b_mk16,0.0,,,,,,0.0,,,,,,0.0,,,,,,Mosquito_B.Mk.XVI
mosquito_nf_mk2,0.0,,,,,,12.0,100.0,5.75,,0.75,,0.0,,,,,,Mosquito_NF.Mk.II
p-51b,0.0,,,,,,101.0,66.67,1.64,1.76,1.11,1.08,45.0,50.0,9.0,6.09,0.5,0.97,Mustang_Mk_IA
md_454_mystere_4a,0.0,,,,,,0.0,,,,,,0.0,,,,,,Mystere_IVA
nc_223_3,0.0,,,,,,0.0,,,,,,0.0,,,,,,N.C.223.3
n1k1_kyuofu,0.0,,,,,,15.0,,,,,,0.0,,,,,,N1K1
n1k2_j,0.0,,,,,,14.0,100.0,1.09,0.92,1.55,1.46,0.0,,,,,,N1K2-J
il_namer_rcws_30,0.0,,,,,,265.0,55.13,0.03,0.05,1.08,1.15,0.0,,,,,,Namer_30
il_namer_tsrikhon,0.0,,,,,,88.0,59.53,0.0,0.0,1.56,2.95,0.0,,,,,,Namer_Tsrikhon
sw_nasams_fcs,0.0,,,,,,44.0,70.83,1.66,1.24,0.0,0.0,0.0,,,,,,NASAMS_3_(СОЦ)
us_nasams_fcs,0.0,,,,,,344.0,64.63,1.29,1.31,0.0,0.0,0.0,,,,,,NASAMS_3_(СОЦ)
fw-190a-8_france,0.0,,,,,,0.0,,,,,,0.0,,,,,,NC.900
nesher,0.0,,,,,,0.0,,,,,,0.0,,,,,,Nesher
f_16a_block_10_iaf,0.0,,,,,,0.0,,,,,,0.0,,,,,,Netz
f_16a_block_10_netz_mod,0.0,,,,,,56.0,58.57,2.04,2.07,0.69,0.58,30.0,,,0.0,,4.0,Netz_(Mod)
nimrod_mk1,0.0,,,,,,0.0,,,,,,0.0,,,,,,Nimrod_Mk_I
nimrod_mk2,0.0,,,,,,0.0,,,,,,0.0,,,,,,Nimrod_Mk_II
sw_nomads,0.0,,,,,,5.0,0.0,2.0,2.0,0.0,0.0,0.0,,,,,,NOMADS
ussr_object_140,0.0,,,,,,190.0,59.84,0.0,0.0,4.55,3.24,0.0,,,,,,Object_140
uk_olifant_mk_1a,0.0,,,,,,512.0,59.66,0.06,0.07,3.91,4.14,0.0,,,,,,Olifant_Mk.1A
uk_olifant_mk_2,0.0,,,,,,196.0,91.83,0.0,0.0,4.08,3.0,0.0,,,,,,Olifant_Mk.2
os2u_1,0.0,,,,,,0.0,,,,,,0.0,,,,,,OS2U-1
os2u_3,0.0,,,,,,0.0,,,,,,0.0,,,,,,OS2U-3
uk_9a33bm2,0.0,,,,,,11.0,0.0,1.0,1.0,0.0,0.0,0.0,,,,,,Osa-AK
it_9a33bm3,0.0,,,,,,0.0,,,,,,0.0,,,,,,Osa-AKM
it_otomatic,0.0,,,,,,34.0,100.0,1.08,1.12,0.92,0.65,0.0,,,,,,OTOMATIC
p-26a_34,0.0,,,,,,0.0,,,,,,0.0,,,,,,P-26A-34
p-36c,0.0,,,,,,0.0,,,,,,0.0,,,,,,P-36C
p-38g,0.0,,,,,,0.0,,,,,,0.0,,,,,,P-38G-1
p-38k,0.0,,,,,,4.0,,,,,,0.0,,,,,,P-38K
p-39k_1,0.0,,,,,,0.0,,,,,,0.0,,,,,,P-39K-1
p-39q_15,0.0,,,,,,0.0,,,,,,0.0,,,,,,P-39Q-15
p-39q_5,0.0,,,,,,42.0,100.0,0.94,0.94,1.13,1.13,0.0,,,,,,P-39Q-5
p-40c,0.0,,,,,,0.0,,,,,,0.0,,,,,,P-40C
p-40e_td,0.0,,,,,,11.0,100.0,1.0,1.0,1.0,1.0,0.0,,,,,,P-40E-1_TD
p-43a-1,0.0,,,,,,0.0,,,,,,0.0,,,,,,P-43A-1
p-47d_luftwaffe,0.0,,,,,,18.0,,,,,,0.0,,,,,,P-47D
p-47m-1-re,0.0,,,,,,108.0,75.56,1.1,1.25,1.76,2.05,0.0,,,,,,P-47M-1-RE
p-51a_tl,0.0,,,,,,1.0,,,1.0,,0.0,0.0,,,,,,P-51A
p-51c-11-nt_japan,0.0,,,,,,23.0,100.0,5.18,4.86,1.61,1.43,0.0,,,,,,P-51C-11-NT
p-59a,0.0,,,,,,28.0,100.0,2.0,1.75,0.0,0.0,0.0,,,,,,P-59A
p-61a_1,0.0,,,,,,21.0,100.0,1.0,0.14,2.0,0.73,16.0,100.0,0.0,,2.0,,P-61A-11
p-66,0.0,,,,,,0.0,,,,,,0.0,,,,,,P-66
p_108a_serie2,0.0,,,,,,0.0,,,,,,0.0,,,,,,P.108A_serie_2
p_108b_serie1,0.0,,,,,,0.0,,,,,,0.0,,,,,,P.108B_serie_1
p_108b_serie2,0.0,,,,,,0.0,,,,,,0.0,,,,,,P.108B_serie_2
fr_citroen_kegresse_p4t,0.0,,,,,,0.0,,,,,,0.0,,,,,,P.7.T_AA
p1y1_mod11,0.0,,,,,,0.0,,,,,,0.0,,,,,,P1Y1_mod._11
d_510,0.0,,,,,,0.0,,,,,,0.0,,,,,,Pallier's_D.510
germ_panzerjager_1,0.0,,,,,,7.0,,,0.0,,1.0,0.0,,,,,,Panzerjäger_I
pb4y-2_france,0.0,,,,,,0.0,,,,,,0.0,,,,,,PB4Y-2
pbj_1h,0.0,,,,,,0.0,,,,,,0.0,,,,,,PBJ-1H
pbj_1j,0.0,,,,,,0.0,,,,,,0.0,,,,,,PBJ-1J
pbm_1,0.0,,,,,,0.0,,,,,,0.0,,,,,,"PBM-1_""Mariner"""
pbm_3,0.0,,,,,,0.0,,,,,,0.0,,,,,,"PBM-3_""Mariner"""
pbm_5a,0.0,,,,,,0.0,,,,,,0.0,,,,,,"PBM-5A_""Mariner"""
sw_pbv_301,0.0,,,,,,14.0,,,0.0,,0.0,0.0,,,,,,Pbv_301
sw_pbv_302_bill,0.0,,,,,,22.0,0.0,0.0,0.0,0.04,0.04,0.0,,,,,,Pbv_302_(BILL)
pby-5,0.0,,,,,,0.0,,,,,,0.0,,,,,,PBY-5_Catalina
pby-5a,0.0,,,,,,0.0,,,,,,0.0,,,,,,PBY-5A_Catalina
pby-5a_ussr,0.0,,,,,,0.0,,,,,,0.0,,,,,,PBY-5A_Catalina
pby-5a_late_france,0.0,,,,,,0.0,,,,,,0.0,,,,,,PBY-5A_Late
cn_pgz_04a,0.0,,,,,,134.0,55.92,0.55,0.49,0.03,0.04,0.0,,,,,,PGZ04A
cn_pgz_09,0.0,,,,,,151.0,41.83,1.06,0.54,0.78,0.49,0.0,,,,,,PGZ09
cn_plz_05,0.0,,,,,,139.0,86.41,0.0,0.0,5.02,2.1,0.0,,,,,,PLZ05
cn_plz_83,0.0,,,,,,10.0,,,0.0,,0.0,0.0,,,,,,PLZ83
cn_plz_83_130,0.0,,,,,,45.0,50.0,0.0,0.0,2.0,2.45,0.0,,,,,,PLZ83-130
po-2,0.0,,,,,,0.0,,,,,,0.0,,,,,,Po-2
po-2_nw,,,,,,,,,,,,,,,,,,,Po-2_Night_Witch
po-2m,0.0,,,,,,0.0,,,,,,0.0,,,,,,Po-2M
potez_630,0.0,,,,,,0.0,,,,,,0.0,,,,,,Potez_630
potez_631,0.0,,,,,,13.0,,,0.0,,1.0,0.0,,,,,,Potez_631
potez_633,0.0,,,,,,0.0,,,,,,0.0,,,,,,Potez_633
cn_ptl_02,0.0,,,,,,162.0,68.75,0.0,0.0,1.87,0.94,5.0,100.0,0.0,,1.0,,PTL02
germ_schutzenpanzer_puma,0.0,,,,,,369.0,45.82,0.12,0.08,1.21,0.88,0.0,,,,,,PUMA
germ_schutzenpanzer_puma_vjtf_mod,0.0,,,,,,43.0,,,0.0,,0.63,0.0,,,,,,Puma_u14
germ_schutzenpanzer_puma_vjtf,0.0,,,,,,637.0,44.97,0.0,0.0,0.84,0.69,0.0,,,,,,PUMA_VJTF
sw_pvlvv_fm42,0.0,,,,,,0.0,,,,,,0.0,,,,,,Pvlvv_fm/42
germ_pzkpfw_38t_na,0.0,,,,,,0.0,,,,,,0.0,,,,,,Pz.38(t)_n.A.
germ_pzkpfw_38t_ausf_A,0.0,,,,,,15.0,,,0.0,,2.0,0.0,,,,,,Pz.38(t)_A
germ_pzkpfw_II_ausf_C_td,0.0,,,,,,0.0,,,,,,0.0,,,,,,Pz.II_C_TD
germ_pzkpfw_III_ausf_J_td,0.0,,,,,,0.0,,,,,,0.0,,,,,,Pz.III_J1_TD
it_pzkpfw_III_ausf_N,0.0,,,,,,28.0,,,0.0,,2.27,0.0,,,,,,Pz.III_N
germ_pzkpfw_III_ausf_J_L42,0.0,,,,,,55.0,,,0.0,,2.23,0.0,,,,,,Pz.III_J
germ_pzkpfw_II_ausf_F,0.0,,,,,,26.0,,,0.0,,0.63,0.0,,,,,,Pz.II_F
germ_pzkpfw_II_ausf_C_DAK,0.0,,,,,,22.0,100.0,0.0,0.0,6.05,5.82,0.0,,,,,,Pz.II_С_(DAK)
germ_amd_35_kwk39,0.0,,,,,,69.0,0.0,0.0,0.0,5.32,1.96,0.0,,,,,,Pz.Sp.Wg.P204(f)_PaK
q_5_early,0.0,,,,,,0.0,,,,,,0.0,,,,,,Q-5_early
q_5l,0.0,,,,,,0.0,,,,,,0.0,,,,,,Q-5L
quing_6,0.0,,,,,,0.0,,,,,,0.0,,,,,,Qing-6
cn_qn506,0.0,,,,,,39.0,63.79,0.0,0.0,0.53,0.79,0.0,,,,,,QN506
fr_renault_r39,0.0,,,,,,0.0,,,,,,0.0,,,,,,R.35_(SA38)
r2y2_v1,0.0,,,,,,0.0,,,,,,0.0,,,,,,R2Y2_Kai_V1
r2y2_v2,0.0,,,,,,9.0,100.0,1.0,1.0,1.11,1.11,0.0,,,,,,R2Y2_Kai_V2
r2y2_kai,0.0,,,,,,39.0,81.25,0.54,0.68,1.58,1.66,0.0,,,,,,R2Y2_Kai_V3
it_oto_r3_106sr,0.0,,,,,,124.0,74.11,0.0,0.0,2.21,1.71,0.0,,,,,,R3_T106_FA
it_oto_r3_t20_fa,0.0,,,,,,181.0,63.5,0.27,0.3,0.25,0.21,0.0,,,,,,R3_T20_FA-HS
germ_th_400,0.0,,,,,,141.0,29.3,0.0,0.0,1.68,0.87,0.0,,,,,,R400
rafale_c_f3,0.0,,,,,,212.0,58.3,2.19,1.94,0.7,0.66,4.0,,,0.0,,0.0,Rafale_C_F3
rafale_m_f3r,0.0,,,,,,99.0,48.12,1.76,2.61,0.31,0.51,0.0,,,,,,Rafale_M_F3-R
uk_tracked_rapier,0.0,,,,,,33.0,22.73,2.27,1.87,0.0,0.0,0.0,,,,,,Rapier
p-36a_rasmussen,0.0,,,,,,0.0,,,,,,0.0,,,,,,Rasmussen's_P-36A
uk_ratel_20,0.0,,,,,,79.0,100.0,0.0,0.0,1.0,0.25,0.0,,,,,,Ratel_20
re_2000_ga,0.0,,,,,,0.0,,,,,,0.0,,,,,,Re.2000_G.A.
re_2000_int,0.0,,,,,,0.0,,,,,,0.0,,,,,,Re.2000_serie_1
re_2001_cb,0.0,,,,,,8.0,100.0,0.0,0.0,1.0,1.0,0.0,,,,,,Re.2001_CB
re_2001_serie1_ep,0.0,,,,,,0.0,,,,,,0.0,,,,,,Re.2001_gruppo_22
re_2001_serie1,0.0,,,,,,0.0,,,,,,0.0,,,,,,Re.2001_serie_1
re_2005_vdm,0.0,,,,,,20.0,100.0,2.0,1.79,2.64,2.59,0.0,,,,,,Re.2005_(VDM)
re_2005_serie0,0.0,,,,,,14.0,100.0,1.0,0.04,5.0,2.04,0.0,,,,,,Re.2005_serie_0
jp_type_95_heavy,0.0,,,,,,0.0,,,,,,0.0,,,,,,Ro-Go
jp_hiro_sha,0.0,,,,,,21.0,,,0.0,,1.0,0.0,,,,,,Ro-Go_Exp.
ro_43,,,,,,,,,,,,,,,,,,,Ro.43
ro_44,0.0,,,,,,0.0,,,,,,0.0,,,,,,Ro.44
il_m109a1,0.0,,,,,,12.0,,,0.0,,1.0,0.0,,,,,,Rochev
fr_amx_30_roland,0.0,,,,,,42.0,5.56,1.2,0.9,0.0,0.0,0.0,,,,,,Roland_1
uk_rooikat_105_td,0.0,,,,,,161.0,61.01,0.0,0.0,3.44,2.57,0.0,,,,,,Rooikat_105
uk_rooikat_76,0.0,,,,,,96.0,81.72,0.0,0.0,2.73,1.34,0.0,,,,,,Rooikat_Mk.1D
uk_rooikat_mttd,0.0,,,,,,268.0,68.41,0.0,0.0,2.27,1.83,0.0,,,,,,Rooikat_MTTD
s_81_ar125,0.0,,,,,,0.0,,,,,,0.0,,,,,,S.81
sm_79_1941,0.0,,,,,,0.0,,,,,,0.0,,,,,,S.M.79_AS
sm_79_iar,0.0,,,,,,0.0,,,,,,0.0,,,,,,S.M.79_B
sm_79_iar_italy,0.0,,,,,,0.0,,,,,,0.0,,,,,,S.M.79_B
sm_79_1942,0.0,,,,,,0.0,,,,,,0.0,,,,,,S.M.79_bis/N
sm_79_1943,0.0,,,,,,0.0,,,,,,0.0,,,,,,S.M.79_bis/T.M
sm_79_1936,0.0,,,,,,0.0,,,,,,0.0,,,,,,S.M.79_serie_1
sm_79_1936_italy,0.0,,,,,,0.0,,,,,,0.0,,,,,,S.M.79_serie_1
sm_79_1937,0.0,,,,,,0.0,,,,,,0.0,,,,,,S.M.79_serie_4
sm_79_1939,0.0,,,,,,0.0,,,,,,0.0,,,,,,S.M.79_serie_8
sm_79_1939_italy,0.0,,,,,,0.0,,,,,,0.0,,,,,,S.M.79_serie_8
so_4050_vautour_2a,0.0,,,,,,0.0,,,,,,0.0,,,,,,S.O.4050_Vautour_IIA
so_4050_vautour_2b,0.0,,,,,,0.0,,,,,,0.0,,,,,,S.O.4050_Vautour_IIB
so_4050_vautour_2n,0.0,,,,,,27.0,100.0,0.0,0.0,1.09,1.09,0.0,,,,,,S.O.4050_Vautour_IIN
so_4050_vautour_2n_late,0.0,,,,,,151.0,58.15,1.41,1.77,0.69,0.81,0.0,,,,,,S.O.4050_Vautour_IIN_(late)
so_8000_narval,0.0,,,,,,5.0,,,,,,0.0,,,,,,S.O.8000_Narval
saab_b17bs,0.0,,,,,,0.0,,,,,,0.0,,,,,,S17BS
md_460_saar,0.0,,,,,,28.0,100.0,1.0,1.0,0.0,0.0,0.0,,,,,,Sa'ar
saab_f35_wdns,0.0,,,,,,12.0,,,0.0,,0.0,0.0,,,,,,Saab_F-35
saab_j35xs,0.0,,,,,,136.0,59.16,2.23,3.23,3.81,5.43,0.0,,,,,,Saab_J35XS
saab_105g,0.0,,,,,,172.0,63.49,0.45,0.32,3.99,3.32,0.0,,,,,,SAAB-105G
saab_105oe,0.0,,,,,,0.0,,,,,,0.0,,,,,,SAAB-105OE
md_460_sambad,0.0,,,,,,0.0,,,,,,0.0,,,,,,Sambad
fr_vab_santal,0.0,,,,,,70.0,0.0,2.5,1.32,0.0,0.0,0.0,,,,,,SANTAL
uk_marmon_herrington_mk_6_2pdr,0.0,,,,,,97.0,61.54,0.0,0.0,1.18,1.05,0.0,,,,,,SARC_MkVI_(2pdr)
fr_somua_sau40,0.0,,,,,,0.0,,,,,,0.0,,,,,,SAu_40
sb_2m_100,0.0,,,,,,0.0,,,,,,0.0,,,,,,SB_2M-100
sb_2m_103c,0.0,,,,,,0.0,,,,,,0.0,,,,,,SB_2M-103
sb_2m_103_mv3,0.0,,,,,,0.0,,,,,,0.0,,,,,,SB_2M-103_MV-3
sb_2m_103u,0.0,,,,,,0.0,,,,,,0.0,,,,,,SB_2M-103U
sb_2m_103u_mv3,0.0,,,,,,0.0,,,,,,0.0,,,,,,SB_2M-103U_MV-3
sb2c_4,0.0,,,,,,0.0,,,,,,0.0,,,,,,SB2C-4
sb2u-2,0.0,,,,,,0.0,,,,,,0.0,,,,,,SB2U-2
scimitar_f1,0.0,,,,,,3.0,,,,,,0.0,,,,,,Scimitar_F_Mk.1
uk_fv107_scimitar_mk2,0.0,,,,,,175.0,36.9,0.0,0.0,3.27,0.94,0.0,,,,,,Scimitar_Mk.2
germ_sdkfz_234_1,0.0,,,,,,151.0,58.08,0.0,0.0,2.86,3.15,0.0,,,,,,Sd.Kfz.234/1
germ_sdkfz_234_2_mod,0.0,,,,,,110.0,68.0,0.0,0.0,2.47,0.92,0.0,,,,,,"Sd.Kfz.234/2_""Biene"""
germ_sdkfz_234_2_td,0.0,,,,,,76.0,41.11,0.0,0.0,0.86,0.83,0.0,,,,,,Sd.Kfz.234/2_TD
germ_sdkfz_234_3,0.0,,,,,,62.0,43.89,0.0,0.0,3.62,3.82,0.0,,,,,,Sd.Kfz.234/3
germ_sdkfz_234_4,0.0,,,,,,114.0,66.3,0.0,0.0,3.55,3.03,13.0,,,,,,Sd.Kfz.234/4
germ_sdkfz_251_10,0.0,,,,,,0.0,,,,,,0.0,,,,,,Sd.Kfz.251/10
gladiator_mk2_navy,0.0,,,,,,0.0,,,,,,0.0,,,,,,Sea_Gladiator_Mk_I
harrier_frs1_early,0.0,,,,,,15.0,100.0,2.0,2.0,0.0,0.0,0.0,,,,,,Sea_Harrier_FRS.1_(e)
sea_hawk_fga6,0.0,,,,,,58.0,72.23,0.25,0.42,1.42,2.0,0.0,,,,,,Sea_Hawk_FGA.6
sea_hawk_fga50_netherlands,0.0,,,,,,13.0,100.0,1.0,1.0,4.0,4.0,9.0,,,,,,Sea_Hawk_Mk.50
meteor_fmk3_navy,0.0,,,,,,164.0,65.22,0.6,0.84,0.93,1.31,0.0,,,,,,Sea_Meteor_F_Mk_3
sea_venom_faw20,0.0,,,,,,0.0,,,,,,0.0,,,,,,Sea_Venom_FAW_20
dh_110_sea_vixen,0.0,,,,,,29.0,50.0,1.5,2.55,0.0,0.0,3.0,,,1.33,,0.0,Sea_Vixen_F.A.W._Mk.2
seafire_mk17,0.0,,,,,,3.0,,,2.0,,1.0,0.0,,,,,,Seafire_F_Mk_XVII
seafire_mk3,0.0,,,,,,0.0,,,,,,0.0,,,,,,Seafire_LF_Mk.III
shackleton_mr_mk_2,0.0,,,,,,0.0,,,,,,0.0,,,,,,Shackleton_MR.Mk.2
mirage_3cj,0.0,,,,,,42.0,100.0,2.24,2.24,1.0,1.0,0.0,,,,,,Shahak
uk_centurion_shot_kal_d,0.0,,,,,,0.0,,,,,,0.0,,,,,,Sho't_Kal_Dalet
ussr_9p149,0.0,,,,,,56.0,25.83,0.0,0.0,1.45,1.41,0.0,,,,,,Shturm-S
saab_sk60b,0.0,,,,,,158.0,37.63,0.32,0.17,1.54,1.65,0.0,,,,,,SK60B
uk_skink_aa,0.0,,,,,,89.0,67.65,2.15,2.45,0.0,0.0,0.0,,,,,,Skink
us_skink_aa_kit_3rank,0.0,,,,,,69.0,41.67,1.06,0.85,0.15,0.1,0.0,,,,,,Skink_(Hell)
soc_1,,,,,,,,,,,,,,,,,,,SOC-1
spitfire_f24,0.0,,,,,,96.0,72.58,3.8,10.1,0.78,1.9,0.0,,,,,,Spitfire_F_Mk_24
spitfire_mk14e,1.0,,,2.0,,0.0,18.0,80.0,0.9,1.0,0.9,1.0,0.0,,,,,,Spitfire_F_Mk_XIVe
spitfire_mk18e,0.0,,,,,,69.0,83.33,1.0,1.5,2.8,4.3,0.0,,,,,,Spitfire_F_Mk_XVIIIe
spitfire_ix_usa,0.0,,,,,,534.0,65.59,0.93,1.13,1.33,1.58,0.0,,,,,,Spitfire_LF_Mk_IXc
spitfire_ix_ussr,0.0,,,,,,15.0,,,,,,0.0,,,,,,Spitfire_Mk_IXc
spitfiremkiia_ep,0.0,,,,,,21.0,,,1.0,,1.0,0.0,,,,,,Spitfire_Mk.IIa_Venture_I
spitfire_lf_mk9c_cw_greece,0.0,,,,,,27.0,100.0,1.27,1.27,0.27,0.27,0.0,,,,,,Spitfire_LF_Mk.IXc_(CW)
spitfire_mk5b_float,0.0,,,,,,0.0,,,,,,0.0,,,,,,Spitfire_Mk.Vb_(Float)
il_spyder_aio,0.0,,,,,,59.0,68.26,0.95,1.57,0.0,0.0,0.0,,,,,,SPYDER
fr_saint_chamond,0.0,,,,,,0.0,,,,,,0.0,,,,,,St-Chamond
us_stingray,0.0,,,,,,974.0,52.26,0.0,0.0,1.65,1.49,0.0,,,,,,Stingray
jp_stingray,0.0,,,,,,353.0,58.94,0.0,0.0,1.64,1.55,0.0,,,,,,Stingray
stirling_mk1,0.0,,,,,,0.0,,,,,,0.0,,,,,,Stirling_B_Mk_I
stirling_mk3,0.0,,,,,,0.0,,,,,,0.0,,,,,,Stirling_B_Mk_III
uk_stormer_air_defence,0.0,,,,,,99.0,33.33,1.97,1.54,0.0,0.0,0.0,,,,,,Stormer_AD
uk_stormer_hvm,0.0,,,,,,46.0,11.76,0.12,0.06,0.0,0.0,0.0,,,,,,Stormer_HVM
strikemaster_mk88,0.0,,,,,,21.0,100.0,0.82,1.0,3.18,3.33,0.0,,,,,,Strikemaster_Mk.88
uk_fv102_striker,0.0,,,,,,21.0,,,0.0,,0.0,0.0,,,,,,Striker
sw_strv_105,1.0,,,,,,382.0,61.18,0.0,0.0,1.55,1.81,0.0,,,,,,Strv_105
sw_strv_81_rb52,0.0,,,,,,12.0,,,0.0,,1.0,0.0,,,,,,Strv_81_(RB_52)
uk_centurion_mk_3_ss11,0.0,,,,,,0.0,,,,,,0.0,,,,,,Strv_81_(RB_52)
sw_strv_m39_td,0.0,,,,,,0.0,,,,,,0.0,,,,,,Strv_m/39_TD
sw_strv_m41_s1,0.0,,,,,,0.0,,,,,,0.0,,,,,,Strv_m/41_S-I
us_m5a1_stuart_canadian_5st_arm,0.0,,,,,,0.0,,,,,,0.0,,,,,,Stuart_VI_(5th_CAD)
germ_stug_III_ausf_A,0.0,,,,,,1.0,,,,,,0.0,,,,,,StuG_III_A
germ_stuh_III_ausf_G,0.0,,,,,,10.0,,,0.0,,2.8,0.0,,,,,,StuH_42_G
ussr_su_100Y,0.0,,,,,,41.0,50.0,0.0,0.0,1.5,1.48,0.0,,,,,,SU-100Y
ussr_su_122P,0.0,,,,,,17.0,,,0.0,,3.0,0.0,,,,,,SU-122P
su_17m2,0.0,,,,,,28.0,100.0,0.0,0.0,1.0,0.88,0.0,,,,,,Su-17M2
su_22m3,0.0,,,,,,144.0,58.02,0.1,0.3,0.65,0.31,2.0,,,0.0,,0.0,Su-22M3
su_25sm3,0.0,,,,,,4.0,,,2.0,,0.0,21.0,,,0.0,,2.0,Su-25SM3
su_30mkm,0.0,,,,,,426.0,71.19,1.12,1.47,1.36,1.72,4.0,0.0,1.0,0.5,3.0,1.5,Su-30MKM
ussr_su_5_1,0.0,,,,,,0.0,,,,,,0.0,,,,,,SU-5-1
ussr_su_57,0.0,,,,,,16.0,,,0.0,,0.38,0.0,,,,,,SU-57
su_6_single,0.0,,,,,,71.0,100.0,0.21,0.28,3.95,4.33,0.0,,,,,,Su-6
su-6_am42,0.0,,,,,,25.0,42.16,0.6,1.0,0.96,0.73,0.0,,,,,,Su-6_(AM-42)
ussr_su_76d,0.0,,,,,,0.0,,,,,,0.0,,,,,,SU-76D
ussr_su_76m_1943,0.0,,,,,,6.0,0.0,0.0,0.0,1.33,1.33,0.0,,,,,,SU-76M
ussr_su_76m_5st_kav_corps,0.0,,,,,,0.0,,,,,,0.0,,,,,,SU-76M_(5th_Gv.Kav.Corps)
su-7bmk,0.0,,,,,,1.0,,,0.0,,0.0,0.0,,,,,,Su-7BMK
ussr_su_85a,0.0,,,,,,0.0,,,,,,0.0,,,,,,SU-85A
sunderland_mk3a,0.0,,,,,,0.0,,,,,,0.0,,,,,,Sunderland_Mk_IIIa
sunderland_mk5,0.0,,,,,,0.0,,,,,,0.0,,,,,,Sunderland_Mk_V
super_etendard_97,0.0,,,,,,16.0,100.0,1.25,1.25,5.0,5.0,0.0,,,,,,Super_Etendard
md_460,0.0,,,,,,86.0,92.66,2.22,2.85,0.94,1.48,0.0,,,,,,Super_Mystere_B2
swift_f1,0.0,,,,,,126.0,58.17,1.4,1.41,0.22,0.3,0.0,,,,,,Swift_F.1
swift_f7,0.0,,,,,,6.0,,,1.0,,0.0,0.0,,,,,,Swift_F.7
swordfish_mk1,0.0,,,,,,0.0,,,,,,0.0,,,,,,Swordfish_Mk_I
swordfish_mk2,0.0,,,,,,0.0,,,,,,0.0,,,,,,Swordfish_Mk_II
sw_t_80u,0.0,,,,,,459.0,50.58,0.0,0.0,2.22,1.44,0.0,,,,,,T_80_U
ussr_t_10a,0.0,,,,,,100.0,59.75,0.0,0.0,2.49,2.44,0.0,,,,,,T-10A
ussr_t_126sp,0.0,,,,,,0.0,,,,,,0.0,,,,,,T-126
cn_t_26_no531,0.0,,,,,,0.0,,,,,,0.0,,,,,,T-26_No.531
ussr_t_26E,0.0,,,,,,0.0,,,,,,0.0,,,,,,T-26E
ussr_t_28_1938,0.0,,,,,,4.0,100.0,0.0,0.0,1.0,1.0,0.0,,,,,,T-28_(1938)
ussr_t_34_1940_l_11,0.0,,,,,,0.0,,,,,,0.0,,,,,,T-34_(Prototype)
sw_t_50_fin,0.0,,,,,,0.0,,,,,,0.0,,,,,,T-50
ussr_t_70_1942,0.0,,,,,,6.0,0.0,0.0,0.0,1.0,1.0,0.0,,,,,,T-70
ussr_pzkpfw_III_ausf_J_L42,0.0,,,,,,0.0,,,,,,0.0,,,,,,T-III
us_t114,0.0,,,,,,33.0,,,0.0,,2.51,0.0,,,,,,T114
us_t28,0.0,,,,,,21.0,,,,,,0.0,,,,,,T28
us_t54e2,0.0,,,,,,16.0,,,0.0,,2.69,0.0,,,,,,T54E2
us_t55e1,0.0,,,,,,66.0,83.33,0.0,0.0,5.5,2.88,0.0,,,,,,T55E1
us_t77e1,0.0,,,,,,120.0,86.84,2.97,1.74,0.0,0.0,0.0,,,,,,T77E1
us_t95,0.0,,,,,,52.0,28.21,0.0,0.0,1.65,2.13,0.0,,,,,,T95
jp_type_98_ta_se,0.0,,,,,,103.0,100.0,0.25,0.08,2.52,1.2,0.0,,,,,,Ta-Se
germ_thyssen_henschel_tam_2c,0.0,,,,,,446.0,50.23,0.0,0.0,1.16,1.08,0.0,,,,,,TAM_2C
jp_type_81_tansam_launcher,,,,,,,,,,,,,,,,,,,Tan-SAM_Kai_(СОУ)
jp_type_81_tansam_fcs,0.0,,,,,,62.0,100.0,0.06,0.01,0.0,0.0,0.0,,,,,,Tan-SAM_Kai_(СОЦ)
tbd-1_1938,0.0,,,,,,0.0,,,,,,0.0,,,,,,TBD-1
tbf-1c,0.0,,,,,,3.0,,,0.0,,1.0,0.0,,,,,,TBF-1C
il_tcm_20,0.0,,,,,,12.0,0.0,0.0,0.0,0.0,0.0,0.0,,,,,,TCM-20
tempest_mkv_luftwaffe,0.0,,,,,,12.0,33.33,1.0,2.0,0.67,1.0,0.0,,,,,,Tempest_Mk_V
tempest_mkv_vikkers,0.0,,,,,,3.0,,,,,,0.0,,,,,,Tempest_Mk_V_(Vickers_P)
f2a-1_thach,0.0,,,,,,0.0,,,,,,0.0,,,,,,Thach's_F2A-1
il_tiran_4,0.0,,,,,,73.0,54.55,0.0,0.0,1.08,1.07,0.0,,,,,,Tiran_4
ussr_to_55,0.0,,,,,,171.0,89.3,0.0,0.0,6.63,3.76,0.0,,,,,,TO-55
uk_tog_2,0.0,,,,,,80.0,50.0,0.0,0.0,2.47,3.23,0.0,,,,,,TOG_II
it_toldi_II_a,0.0,,,,,,0.0,,,,,,0.0,,,,,,Toldi_IIA
cn_tor_m1,0.0,,,,,,0.0,,,,,,0.0,,,,,,Tor-M1
tornado_adv,0.0,,,,,,39.0,68.89,1.55,2.3,0.0,0.0,0.0,,,,,,Tornado_ADV
tornado_ids_it,0.0,,,,,,4.0,50.0,0.5,1.0,0.5,1.0,0.0,,,,,,Tornado_IDS
tornado_ids_it_mod95,0.0,,,,,,0.0,,,,,,0.0,,,,,,Tornado_IDS_(1995)
tornado_ids_it_ret8,0.0,,,,,,0.0,,,,,,0.0,,,,,,Tornado_IDS_MLU_(RET.8)
uk_a39_tortoise,0.0,,,,,,0.0,,,,,,0.0,,,,,,Tortoise
ussr_tor_m1,0.0,,,,,,21.0,,,,,,0.0,,,,,,Toр-M1
tu-1,0.0,,,,,,5.0,100.0,0.0,0.0,3.67,2.33,0.0,,,,,,Tu-1
tu-2_early,0.0,,,,,,0.0,,,,,,0.0,,,,,,Tu-2
tu_4,0.0,,,,,,0.0,,,,,,0.0,,,,,,Tu-4
gladiator_mk2_tuck,0.0,,,,,,0.0,,,,,,0.0,,,,,,Tuck's_Gladiator_Mk_II
it_41m_turan_2,0.0,,,,,,0.0,,,,,,0.0,,,,,,Turan_II
jp_type_03_chusam_fcs,0.0,,,,,,51.0,73.34,1.0,0.67,0.0,0.0,0.0,,,,,,Type_03_(СОЦ)
ussr_type_62,0.0,,,,,,8.0,0.0,0.0,0.0,3.0,1.5,0.0,,,,,,Type_62
cn_type_69_2a,0.0,,,,,,57.0,100.0,0.0,0.0,3.96,3.32,0.0,,,,,,Type_69-IIa
jp_type_74,0.0,,,,,,353.0,54.86,0.0,0.0,1.85,1.73,0.0,,,,,,Type_74_(E)
jp_type_74_f,0.0,,,,,,227.0,76.76,0.0,0.0,2.38,2.06,0.0,,,,,,Type_74_(F)
jp_type_87,0.0,,,,,,444.0,48.84,0.15,0.12,0.83,0.59,0.0,,,,,,Type_87
ef_2000_typhoon_aesa,0.0,,,,,,357.0,79.16,2.56,5.31,0.23,0.48,0.0,,,,,,Typhoon_(AESA)
ef_2000_fgr4,0.0,,,,,,90.0,69.36,1.09,0.9,0.12,0.12,0.0,,,,,,Typhoon_FGR.4
typhoon_mk1a,0.0,,,,,,4.0,,,0.0,,0.0,0.0,,,,,,Typhoon_Mk_Ia
typhoon_mk1b,0.0,,,,,,74.0,83.33,1.22,1.72,1.62,2.56,0.0,,,,,,Typhoon_Mk_Ib
sw_landsverk_ush_204_gk,0.0,,,,,,218.0,25.32,0.48,0.32,0.17,0.09,0.0,,,,,,U-SH_204_GK
sw_landsverk_ush_405,0.0,,,,,,339.0,38.16,0.0,0.0,2.23,1.81,0.0,,,,,,U-SH_405
sw_udes_33,0.0,,,,,,45.0,,,0.0,,0.26,0.0,,,,,,UDES_33
uk_challenger_II,0.0,,,,,,754.0,48.97,0.0,0.0,1.76,1.68,19.0,,,0.0,,0.0,uk_challenger_ii_shop
us_m551_football,,,,,,,,,,,,,,,,,,,us_m551_football
ussr_m551_football,,,,,,,,,,,,,,,,,,,ussr_m551_football
v_11g,0.0,,,,,,0.0,,,,,,0.0,,,,,,V-11
v_12d,0.0,,,,,,0.0,,,,,,0.0,,,,,,V-12D
v_156_b1,0.0,,,,,,16.0,,,0.0,,0.0,0.0,,,,,,V-156-B1
v_156_f,0.0,,,,,,0.0,,,,,,0.0,,,,,,V-156-F
uk_valentine_mk_1,0.0,,,,,,0.0,,,,,,0.0,,,,,,Valentine_I
uk_valentine_mk_9,0.0,,,,,,0.0,,,,,,0.0,,,,,,Valentine_IX
vampire_fb5,0.0,,,,,,0.0,,,,,,0.0,,,,,,Vampire_F.B.5
vampire_fb52_finland,0.0,,,,,,19.0,19.23,0.0,0.0,0.0,0.0,0.0,,,,,,Vampire_FB_52A
vampire_fb52a_italy,0.0,,,,,,12.0,,,1.0,,0.0,0.0,,,,,,Vampire_FB_52A
so_4050_vautour_2a_iaf,0.0,,,,,,16.0,100.0,3.0,3.0,0.0,0.0,0.0,,,,,,Vautour_IIA_IDF/AF
it_vbc_pt2,0.0,,,,,,105.0,50.0,0.1,0.04,1.93,1.09,5.0,100.0,0.0,0.0,2.0,2.0,VBC_(PT2)
fr_vbci,0.0,,,,,,186.0,64.59,0.15,0.13,3.25,2.55,0.0,,,,,,VBCI
fr_vbci2_mct30,0.0,,,,,,3.0,,,0.0,,1.33,0.0,,,,,,VBCI-2_(MCT30)
it_vcc_80_hitfist_30,0.0,,,,,,3.0,,,0.0,,1.0,0.0,,,,,,VCC-80/30
it_vcc_80_hitfist_60,0.0,,,,,,148.0,47.31,0.07,0.03,1.99,1.26,5.0,,,0.0,,1.0,VCC-80/60
sw_veak_40,0.0,,,,,,147.0,40.32,0.0,0.0,0.62,0.34,0.0,,,,,,VEAK_40
venom_fb4,0.0,,,,,,53.0,100.0,2.39,3.61,1.25,1.86,0.0,,,,,,Venom_FB.4
fr_vextra_105,0.0,,,,,,94.0,57.41,0.0,0.0,1.18,0.7,0.0,,,,,,Vextra_105
uk_vfm_5,0.0,,,,,,172.0,69.4,0.0,0.0,3.26,3.7,0.0,,,,,,VFM5
uk_vickers_mk_11,0.0,,,,,,319.0,52.42,0.0,0.0,2.45,2.0,0.0,,,,,,Vickers_Mk.11
uk_vickers_mbt_mk_3,0.0,,,,,,244.0,48.88,0.0,0.0,1.38,1.03,0.0,,,,,,Vickers_Mk.3
uk_vickers_mk7,0.0,,,,,,114.0,50.54,0.0,0.0,2.42,1.82,0.0,,,,,,Vickers_Mk.7
sw_k9_vidar,0.0,,,,,,151.0,71.48,0.0,0.0,2.18,1.6,0.0,,,,,,VIDAR
uk_vijayanta,0.0,,,,,,203.0,50.44,0.0,0.0,1.4,0.94,0.0,,,,,,Vijayanta
germ_pzkpfw_VI_tiger_P,0.0,,,,,,0.0,,,,,,0.0,,,,,,VK_45.01_(P)
vl_myrsky_2_late,0.0,,,,,,0.0,,,,,,0.0,,,,,,VL_Myrsky_II
pyorremyrsky,0.0,,,,,,90.0,78.74,1.44,2.09,1.43,1.97,1.0,,,,,,VL_Pyörremyrsky
it_vrcc_centauro,0.0,,,,,,199.0,47.95,0.0,0.0,2.32,1.71,0.0,,,,,,VRCC
cn_vt_4,0.0,,,,,,21.0,100.0,0.0,0.0,4.0,1.3,0.0,,,,,,VT4
walrus_mk1,,,,,,,,,,,,,,,,,,,Walrus_Mk.I
uk_fv510_isv,0.0,,,,,,109.0,73.22,0.0,0.0,1.68,1.13,0.0,,,,,,Warrior
washington_b1,0.0,,,,,,0.0,,,,,,0.0,,,,,,Washington_B.Mk.I
spitfire_lf_mk9e_weisman,0.0,,,,,,23.0,50.0,1.0,1.0,1.5,1.5,51.0,,,2.0,,3.33,Weizman's_Spitfire_LF_Mk.IXe
wellington_mk1c,0.0,,,,,,8.0,,,0.0,,0.0,0.0,,,,,,Wellington_Mk_Ic
wellington_mk1c_luftwaffe,0.0,,,,,,0.0,,,,,,0.0,,,,,,Wellington_Mk_Ic
wellington_mk1c_late,0.0,,,,,,0.0,,,,,,0.0,,,,,,Wellington_Mk_Ic/L
wellington_mk3,0.0,,,,,,0.0,,,,,,0.0,,,,,,Wellington_Mk_III
wellington_mk10,0.0,,,,,,0.0,,,,,,0.0,,,,,,Wellington_Mk_X
whirlwind_mk1,0.0,,,,,,23.0,,,,,,0.0,,,,,,Whirlwind_Mk_I
whirlwind_p9,0.0,,,,,,0.0,,,,,,0.0,,,,,,Whirlwind_P.9
germ_wiesel_1_tow,0.0,,,,,,583.0,42.85,0.0,0.0,1.66,1.45,0.0,,,,,,Wiesel_1A2
wirraway,0.0,,,,,,0.0,,,,,,0.0,,,,,,Wirraway
cn_wma_301,0.0,,,,,,72.0,67.92,0.0,0.0,2.93,3.04,0.0,,,,,,WMA301
cn_wz_141,0.0,,,,,,102.0,100.0,0.0,0.0,5.55,2.08,0.0,,,,,,WZ141-1
xa_38,0.0,,,,,,0.0,,,,,,46.0,,,0.0,,2.09,XA-38
xf5f,0.0,,,,,,10.0,,,,,,13.0,,,,,,XF5F
xf5u_1,0.0,,,,,,17.0,50.0,1.5,1.0,1.0,0.05,0.0,,,,,,XF5U-1
us_xm_800t,0.0,,,,,,2346.0,60.83,0.03,0.02,1.67,1.43,0.0,,,,,,XM800T
p-38g_metal,0.0,,,,,,50.0,100.0,3.49,,3.07,,0.0,,,,,,XP-38G
yak_141,0.0,,,,,,116.0,43.2,1.1,1.43,0.0,0.0,16.0,,,1.75,,0.0,Yak-141
yak-23,0.0,,,,,,47.0,77.78,2.17,2.11,2.0,1.95,0.0,,,,,,Yak-23
yak-28b,0.0,,,,,,101.0,33.33,0.0,0.0,0.32,0.29,0.0,,,,,,Yak-28B
yak-38,0.0,,,,,,4.0,,,0.0,,0.0,0.0,,,,,,Yak-38
yak-3t,0.0,,,,,,59.0,52.0,2.22,2.46,0.78,0.85,0.0,,,,,,Yak-3T
er-2_ach30b_early,0.0,,,,,,0.0,,,,,,0.0,,,,,,Yer-2_(ACh-30B)_(e)
er-2_ach30b_late,0.0,,,,,,0.0,,,,,,0.0,,,,,,Yer-2_(ACh-30B)_(l)
er-2_m105_tat,0.0,,,,,,0.0,,,,,,0.0,,,,,,Yer-2_(M-105)_TAT
er-2_m105r_tat,0.0,,,,,,0.0,,,,,,0.0,,,,,,Yer-2_(M-105R)_TAT
yp-38,0.0,,,,,,0.0,,,,,,0.0,,,,,,YP-38
uk_ystervark_spaa,0.0,,,,,,70.0,13.33,0.1,0.21,0.03,0.04,0.0,,,,,,Ystervark
z_1007_bis_serie3,0.0,,,,,,0.0,,,,,,0.0,,,,,,Z.1007_bis_serie_3
z_1007_bis_serie5,0.0,,,,,,0.0,,,,,,0.0,,,,,,Z.1007_bis_serie_5
il_ss_11_halftrack,0.0,,,,,,53.0,0.0,0.0,0.0,3.07,2.22,0.0,,,,,,Zachlam_Tager
cn_zbd_04a,0.0,,,,,,237.0,56.73,0.0,0.0,1.39,1.05,17.0,,,0.0,,1.0,ZBD04A
cn_type_86,0.0,,,,,,37.0,,,0.0,,0.87,0.0,,,,,,ZBD86
ussr_zis_12_94KM_1945,0.0,,,,,,150.0,53.85,0.33,0.25,1.65,1.34,0.0,,,,,,ZiS-12_(94-KM)
cn_ztl_11,0.0,,,,,,40.0,50.0,0.0,0.0,1.0,0.7,0.0,,,,,,ZLT11
it_40_43m_zrinyi_2,0.0,,,,,,0.0,,,,,,0.0,,,,,,Zrinyi_II
ussr_zsu_37,0.0,,,,,,28.0,,,0.0,,1.0,0.0,,,,,,ZSU-37
ussr_zsu_37_2,0.0,,,,,,275.0,45.43,1.05,1.01,0.36,0.39,0.0,,,,,,ZSU-37-2
uk_ratel_zt3,0.0,,,,,,349.0,65.9,0.0,0.0,3.33,2.73,0.0,,,,,,ZT3A2
cn_zts_63_1980,0.0,,,,,,135.0,74.89,0.0,0.0,1.45,1.16,0.0,,,,,,ZTS63
cn_ztz_96a,0.0,,,,,,206.0,46.65,0.0,0.0,1.21,1.17,0.0,,,,,,ZTZ96A
cn_ztz_99,1.0,,,,,,117.0,46.79,0.0,0.0,1.86,1.78,0.0,,,,,,ZTZ99-II
cn_ztz_99_w,1.0,,,0.0,,2.0,55.0,50.0,0.0,0.0,1.38,1.08,0.0,,,,,,ZTZ99-III
ussr_zut_37,0.0,,,,,,0.0,,,,,,0.0,,,,,,ZUT-37
ussr_bmd_4m,0.0,,,,,,1467.0,45.22,0.0,0.0,1.55,1.29,7.0,,,0.0,,1.0,БМД-4M
ussr_sdkfz_251_21_kit_3rank,0.0,,,,,,24.0,0.0,0.41,0.29,0.0,0.0,0.0,,,,,,Ганомаг_('45)
ussr_garford_putilov,0.0,,,,,,0.0,,,,,,0.0,,,,,,Гарфордъ
db_lk,0.0,,,,,,0.0,,,,,,0.0,,,,,,ДБ-ЛК
it_9a35_m,0.0,,,,,,0.0,,,,,,0.0,,,,,,Стрела-10М
yak_1_litvyak,0.0,,,,,,0.0,,,,,,0.0,,,,,,Як-1_Литвяк
p-47m-1-re_boxted,0.0,,,,,,28.0,23.61,0.55,0.62,0.83,1.0,3.0,,,1.0,,1.0,⋠P-47M-1-RE
a6m5_zero_china,,,,,,,,,,,,,,,,,,,A6M5_(China)
db_3a_china,0.0,,,,,,0.0,,,,,,0.0,,,,,,DB-3A_(China)
f-100a_china,0.0,,,,,,51.0,80.48,3.44,3.22,1.28,0.46,0.0,,,,,,F-100A_(China)
f_100f_china,0.0,,,,,,2.0,100.0,1.0,1.0,0.0,0.0,0.0,,,,,,F-100F_(China)
f-104a_china,0.0,,,,,,0.0,,,,,,0.0,,,,,,F-104A_(China)
f-104g_china,0.0,,,,,,0.0,,,,,,0.0,,,,,,F-104G_(China)
f_16a_block_20_mlu,0.0,,,,,,17.0,50.0,1.5,1.71,1.0,1.35,0.0,,,,,,F-16A_MLU_(China)
f_16a_block_72v_china,0.0,,,,,,38.0,50.0,1.13,2.26,0.09,0.17,0.0,,,,,,F-16V_(China)
f_47n_25_re_china,0.0,,,,,,0.0,,,,,,0.0,,,,,,F-47N-25-RE_(China)
f-5a_china,0.0,,,,,,0.0,,,,,,0.0,,,,,,F-5A_(China)
f-5e_aidc,0.0,,,,,,4.0,0.0,1.0,1.0,0.0,0.0,0.0,,,,,,F-5E_(China)
f-84g_china,0.0,,,,,,93.0,60.22,0.25,0.25,1.75,1.78,3.0,,,,,,F-84G-21-RE_(China)
f-84g-31-re_china,0.0,,,,,,6.0,100.0,0.0,0.0,2.0,2.0,0.0,,,,,,F-84G-31-RE_(China)
f-86f-30_china,0.0,,,,,,47.0,100.0,1.59,1.58,0.63,0.69,0.0,,,,,,F-86F-30_(China)
gladiator_mk1_china,0.0,,,,,,0.0,,,,,,0.0,,,,,,Gladiator_Mk_I_(China)
h-75m_china,0.0,,,,,,0.0,,,,,,0.0,,,,,,H-75M_(China)
hs-123a-1_china,0.0,,,,,,0.0,,,,,,0.0,,,,,,Hs_123_A-1_(China)
i-153_m62_china,1.0,0.0,1.0,1.0,0.0,0.0,0.0,,,,,,0.0,,,,,,I-153_M-62_(China)
i-15bis_china,0.0,,,,,,29.0,100.0,1.0,1.0,2.0,1.29,0.0,,,,,,I-15bis_(China)
i-16_chung_28,0.0,,,,,,0.0,,,,,,0.0,,,,,,I-16_Chung_28_(China)
i-16_type10_china,1.0,0.0,1.0,1.0,0.0,0.0,0.0,,,,,,0.0,,,,,,I-16_type_10_(China)
i-16_type17_china,0.0,,,,,,0.0,,,,,,0.0,,,,,,I-16_type_17_(China)
i-16_type5_1935_china,0.0,,,,,,0.0,,,,,,0.0,,,,,,I-16_type_5_(China)
cn_isu_122,0.0,,,,,,0.0,,,,,,0.0,,,,,,ISU-122_(China)
ki-27_otsu_china,0.0,,,,,,0.0,,,,,,0.0,,,,,,Ki-27_otsu_(China)
ki-45_hei_tei_china,0.0,,,,,,0.0,,,,,,0.0,,,,,,Ki-45_hei/tei_(China)
ki_84_ko_china,0.0,,,,,,10.0,,,0.67,,1.17,1.0,,,,,,Ki-84_ko_(China)
cn_m113a1_tow,0.0,,,,,,110.0,64.3,0.0,0.0,1.16,1.14,0.0,,,,,,M113A1_(TOW)_(China)
mig-9_china,0.0,,,,,,0.0,,,,,,0.0,,,,,,MiG-9_(China)
mig-9_late_china,0.0,,,,,,0.0,,,,,,0.0,,,,,,MiG-9_(l)_(China)
mirage_2000_5ei,0.0,,,,,,91.0,83.08,1.73,1.59,0.0,0.0,0.0,,,,,,Mirage_2000-5Ei_(China)
pb4y-2_china,0.0,,,,,,0.0,,,,,,0.0,,,,,,PB4Y-2_(China)
sb_2m_103u_china,0.0,,,,,,0.0,,,,,,0.0,,,,,,SB_2M-103U_(China)
cn_su_76m_1943,0.0,,,,,,34.0,0.0,0.0,0.0,0.64,0.6,0.0,,,,,,SU-76M_(China)
tu_4_china,0.0,,,,,,0.0,,,,,,0.0,,,,,,Tu-4_(China)
uk_challenger_II_yt_cup_2019,,,,,,,,,,,,,,,,,,,␙Challenger_2
germ_leopard_2a5_yt_cup_2019,0.0,,,,,,0.0,,,,,,0.0,,,,,,␙Leopard_2A5
us_m1a1_abrams_yt_cup_2019,0.0,,,,,,0.0,,,,,,0.0,,,,,,␙M1A1
md_460_yt_cup_2019,,,,,,,,,,,,,,,,,,,␙Super_Mystere_B2
ussr_t_80u_yt_cup_2019,0.0,,,,,,0.0,,,,,,0.0,,,,,,␙T-80U
p-63c-5_kingcobra_animal_version,0.0,,,,,,151.0,58.6,0.63,1.2,2.54,4.82,0.0,,,,,,␠Kingcobra
f-86_canadair_german,0.0,,,,,,30.0,50.0,3.33,3.14,1.21,1.16,0.0,,,,,,◄CL-13A_Mk_5
f-86_cl_13b_mk6,0.0,,,,,,56.0,52.78,2.94,5.72,1.56,3.11,0.0,,,,,,◄CL-13B_Mk.6
ef_2000_block_10,0.0,,,,,,369.0,54.82,1.27,1.22,0.16,0.16,11.0,,,0.18,,0.0,◄EF-2000
ef_2000_aesa,0.0,,,,,,843.0,61.12,1.93,2.35,0.47,0.58,0.0,,,,,,◄EF-2000_(AESA)
f-104g,0.0,,,,,,0.0,,,,,,0.0,,,,,,◄F-104G
f-4f_late,0.0,,,,,,256.0,45.03,0.46,0.58,1.29,1.57,12.0,100.0,2.0,1.0,2.0,1.0,◄F-4F
f-4f,0.0,,,,,,13.0,100.0,1.0,1.0,0.21,0.21,0.0,,,,,,◄F-4F_Early
f-4f_kws_lv,0.0,,,,,,126.0,40.83,1.12,1.27,0.14,0.15,0.0,,,,,,◄F-4F_KWS_LV
f-84f_germany,0.0,,,,,,8.0,50.0,0.0,0.0,1.5,3.0,0.0,,,,,,◄F-84F
f-86k_late_german,0.0,,,,,,30.0,0.0,1.27,0.67,0.0,0.0,0.0,,,,,,◄F-86K
fiat_g91_r3,0.0,,,,,,71.0,50.0,0.45,0.81,1.06,1.69,0.0,,,,,,◄G.91_R/3
mig-21_sps_k,0.0,,,,,,223.0,60.92,1.59,1.6,0.29,0.3,0.0,,,,,,◄MiG-21_SPS-K
mig_29_9_12g,0.0,,,,,,46.0,50.0,1.0,0.48,0.0,0.0,0.0,,,,,,◄MiG-29G
sea_hawk_mk100,0.0,,,,,,33.0,75.0,0.5,1.0,0.0,0.0,0.0,,,,,,◄Sea_Hawk_Mk.100
su_22m4_de_wtd61,0.0,,,,,,44.0,50.0,0.5,0.75,0.87,1.36,0.0,,,,,,◄Su-22M4_WTD61
tornado_ids_de_assta1,0.0,,,,,,60.0,50.0,0.0,0.0,0.47,0.62,45.0,,,0.0,,4.5,◄Tornado_IDS_ASSTA1
tornado_ids_de_assta3_sle,0.0,,,,,,9.0,33.33,0.3,0.3,0.0,0.0,0.0,,,,,,◄Tornado_IDS_SLE
il_28_german,0.0,,,,,,25.0,0.0,0.0,0.33,1.0,0.0,0.0,,,,,,◊IL-28
mig-17p_lim_5p,0.0,,,,,,34.0,50.0,3.05,3.38,1.0,0.81,0.0,,,,,,◊Lim-5P
mig-15bis_nr23_german,0.0,,,,,,29.0,100.0,1.8,1.42,1.47,1.29,0.0,,,,,,◊MiG-15bis
mig-21_bis_lazur,0.0,,,,,,329.0,48.07,1.51,1.63,0.34,0.39,0.0,,,,,,"◊MiG-21_""Lazur-M"""
mig-21_bis_sau,0.0,,,,,,49.0,14.44,1.79,1.97,0.0,0.0,0.0,,,,,,◊MiG-21bis-SAU
mig_23bn,0.0,,,,,,17.0,,,0.0,,1.67,0.0,,,,,,◊MiG-23BN
mig_23mf_germany,0.0,,,,,,6.0,0.0,1.0,1.0,0.0,0.0,57.0,,,1.71,,0.0,◊MiG-23MF
mig_29_9_12_germany,0.0,,,,,,40.0,50.0,0.73,0.92,0.0,0.0,8.0,,,0.0,,0.0,◊MiG-29
germ_9a33bm3,0.0,,,,,,26.0,0.0,0.0,0.73,0.0,0.0,0.0,,,,,,◊Osa-AK
su_22m4,0.0,,,,,,7.0,33.33,0.0,0.0,0.33,0.67,27.0,,,0.36,,2.27,◊Su-22M4
su_22um3k,0.0,,,,,,29.0,50.0,0.12,0.07,2.62,2.38,0.0,,,,,,◊Su-22UM3K
us_lvt_a_1_trb,0.0,,,,,,0.0,,,,,,0.0,,,,,,○LVT(A)(1)
p-36c_rb,0.0,,,,,,9.0,,,0.0,,0.0,0.0,,,,,,○P-36C
f-5e_switzerland,0.0,,,,,,25.0,,,3.82,,0.0,0.0,,,,,,◌F-5E
fa_18c_switzerland,0.0,,,,,,1471.0,51.07,1.08,1.22,0.18,0.2,83.0,,,1.8,,0.0,◌F/A-18C
fa_18c_late_switzerland,0.0,,,,,,42.0,51.79,0.73,1.08,0.16,0.15,1.0,,,0.0,,0.0,◌F/A-18C_Late
mirage_3s_c70_switzerland,0.0,,,,,,34.0,100.0,2.17,2.2,0.0,0.0,0.0,,,,,,◌Mirage_IIIS_C.70
uk_challenger_2_megatron_sm,0.0,,,,,,351.0,52.87,0.0,0.0,1.18,1.03,0.0,,,,,,◍Challenger_2_OES
cn_mbt2000_sm,0.0,,,,,,18.0,,,,,,0.0,,,,,,◍MBT-2000
it_btr_80a_hungary,0.0,,,,,,44.0,71.74,0.0,0.0,1.26,1.05,0.0,,,,,,◔BTR-80A
re_2000_heja_1,0.0,,,,,,0.0,,,,,,0.0,,,,,,◔Héja_I
il_28_hungary,0.0,,,,,,0.0,,,,,,0.0,,,,,,◔IL-28
saab_jas39c_hungary,0.0,,,,,,48.0,60.0,1.96,2.28,6.86,3.86,0.0,,,,,,◔JAS39EBS_HU_C
mig-15bis_nr23_hungary,0.0,,,,,,0.0,,,,,,0.0,,,,,,◔MiG-15bis
mig-21_bis_sau_hungary,0.0,,,,,,0.0,,,,,,0.0,,,,,,◔MiG-21bis-SAU
mig-21_mf_hungary,0.0,,,,,,22.0,100.0,2.0,2.0,0.0,0.0,0.0,,,,,,◔MiG-21MF
mig_23mf_hungary,0.0,,,,,,0.0,,,,,,0.0,,,,,,◔MiG-23MF
mig_29_9_12b_hungary,0.0,,,,,,7.0,50.0,0.5,0.83,0.0,0.0,0.0,,,,,,◔MiG-29
su_22m3_hungary,0.0,,,,,,0.0,,,,,,0.0,,,,,,◔Su-22M3
it_t_72m1,0.0,,,,,,232.0,81.04,0.0,0.0,4.83,3.57,0.0,,,,,,◔T-72M1
tu-2_postwar_late_hungary,0.0,,,,,,132.0,76.45,0.2,0.19,1.5,1.56,0.0,,,,,,◔Tu-2S-59
it_zsu_23_4,0.0,,,,,,25.0,,,0.82,,0.0,0.0,,,,,,◔ZSU-23-4
fokker_g1a,0.0,,,,,,45.0,63.46,0.56,1.0,1.0,1.79,0.0,,,,,,◗Fokker_G.IA
f_16a_block_5_netherlands,0.0,,,,,,14.0,,,1.0,,0.0,0.0,,,,,,◘F-16A
sb_25j_netherlands,0.0,,,,,,0.0,,,,,,0.0,,,,,,◘SB-25J
kfir_c10_colombia,0.0,,,,,,63.0,87.64,1.73,1.46,0.0,0.0,1.0,,,2.0,,0.0,◡Kfir_C.10
f_16a_block_10_norway,0.0,,,,,,5.0,100.0,0.0,0.0,3.0,3.0,0.0,,,,,,◢F-16A
f_16am_block_20_mlu_norway,0.0,,,,,,22.0,70.51,0.71,0.71,0.0,0.0,0.0,,,,,,◢F-16AM
f-5ag_norway,0.0,,,,,,12.0,,,,,,0.0,,,,,,◢F-5A(G)
mosquito_fb_mk6_ash_norway,0.0,,,,,,0.0,,,,,,0.0,,,,,,◢Mosquito_FB.Mk.VI_ASH
hawk_209_indonesia,0.0,,,,,,0.0,,,,,,0.0,,,,,,◥Hawk_209
a_4e_late_iaf,0.0,,,,,,0.0,,,,,,0.0,,,,,,A-4E_(Israel)
a_4e_early_iaf,0.0,,,,,,0.0,,,,,,0.0,,,,,,A-4E_Early_(M)_(Israel)
b-17g_iaf,0.0,,,,,,0.0,,,,,,0.0,,,,,,B-17G_(Israel)
f-84f_israel_iaf,0.0,,,,,,0.0,,,,,,0.0,,,,,,F-84F_(Israel)
md_450b_ouragan_iaf_29,0.0,,,,,,0.0,,,,,,0.0,,,,,,M.D.450B_(29)_(Israel)
md_450b_ouragan_iaf,0.0,,,,,,11.0,,,1.0,,1.0,0.0,,,,,,M.D.450B_Ouragan_(Israel)
meteor_nfmk13,0.0,,,,,,39.0,100.0,5.0,,1.8,,0.0,,,,,,Meteor_NF.13_(Israel)
meteor_frmk9_iaf,0.0,,,,,,0.0,,,,,,0.0,,,,,,Meteor_FR.9_(Israel)
mig_21_2000_iaf,0.0,,,,,,0.0,,,,,,0.0,,,,,,MiG-21_2000_(Israel)
md_454_mystere_4a_iaf,0.0,,,,,,0.0,,,,,,0.0,,,,,,Mystere_IVA_(Israel)
so_4050_vautour_2a_israel_iaf,0.0,,,,,,0.0,,,,,,0.0,,,,,,Vautour_IIA_(Israel)
so_4050_vautour_2n_iaf,0.0,,,,,,0.0,,,,,,0.0,,,,,,Vautour_IIN_(Israel)
