name,ab_battles,ab_win_rate,ab_air_frags_per_battle,ab_air_frags_per_death,ab_ground_frags_per_battle,ab_ground_frags_per_death,rb_battles,rb_win_rate,rb_air_frags_per_battle,rb_air_frags_per_death,rb_ground_frags_per_battle,rb_ground_frags_per_death,sb_battles,sb_win_rate,sb_air_frags_per_battle,sb_air_frags_per_death,sb_ground_frags_per_battle,sb_ground_frags_per_death,alt_name
germ_pzkpfw_III_ausf_F,932.0,90.96,0.1,0.18,6.55,12.49,45.0,0.0,0.0,0.0,3.94,2.7,0.0,,,,,,Pz.III_F
la-5fn,862.0,56.31,2.33,2.19,0.21,0.19,78.0,,,1.43,,0.29,0.0,,,,,,La-5FN
uk_ram_90mm_aa,774.0,65.17,0.49,0.36,4.97,3.9,24.0,100.0,0.0,0.0,3.47,2.38,17.0,,,0.0,,1.0,QF_3.7_Ram
i_185_m82,794.0,53.83,1.92,1.68,0.22,0.19,92.0,93.75,1.84,1.49,1.06,0.83,0.0,,,,,,I-185_(M-82)
la-7,701.0,59.99,2.82,2.84,0.75,0.77,121.0,87.02,2.98,3.31,0.97,1.07,0.0,,,,,,La-7
it_sherman_75_37,660.0,79.05,0.11,0.13,6.11,7.29,233.0,79.35,0.0,0.0,3.91,3.67,0.0,,,,,,Sherman_I_Composito
germ_vsw_flak_41,680.0,82.29,0.18,0.16,6.2,5.83,114.0,78.22,0.0,0.0,8.83,4.34,0.0,,,,,,VFW
yak-9t,594.0,52.33,2.36,2.28,0.1,0.11,30.0,93.75,0.94,1.0,0.06,0.13,0.0,,,,,,Yak-9T
su_30mk2v_venezuela,583.0,50.3,4.03,3.15,0.64,0.51,4088.0,50.52,1.19,1.34,0.3,0.35,106.0,100.0,5.68,2.1,1.29,0.49,Су-30МК2_AMV
i_185_m71_standard,523.0,54.08,1.55,1.76,0.2,0.24,52.0,,,1.08,,0.15,0.0,,,,,,I-185_(M-71)
iar_81c_db_605,516.0,54.63,5.32,4.86,0.26,0.21,198.0,100.0,3.33,8.62,1.35,3.45,0.0,,,,,,IAR-81C_(DB_605)
germ_pzkpfw_VI_ausf_e_tiger,488.0,58.35,0.05,0.05,2.85,3.51,545.0,32.97,0.0,0.0,2.59,2.1,4.0,100.0,0.0,0.0,1.0,1.0,Tiger_E
germ_panzerbefelhswagen_VI_P,487.0,73.57,0.1,0.14,4.32,5.61,112.0,25.81,0.0,0.0,8.04,5.18,0.0,,,,,,Pz.Bfw.VI_(P)
germ_pzkpfw_V_ausf_d_panther,429.0,61.59,0.0,0.0,2.49,1.79,417.0,36.33,0.0,0.0,2.51,1.64,0.0,,,,,,Panther_D
bf-109f-4,428.0,58.31,4.69,5.53,0.59,0.7,474.0,58.64,1.56,2.09,0.63,0.85,0.0,,,,,,Bf_109_F-4
us_m1a1_hc_usmc_sm,423.0,67.17,0.05,0.05,2.84,2.44,1713.0,59.34,0.03,0.0,2.53,1.96,0.0,,,,,,◍M1A1_HC
germ_pzkpfw_VI_ausf_h1_tiger,402.0,52.03,0.05,0.05,2.85,2.65,652.0,36.58,0.0,0.0,2.65,1.77,0.0,,,,,,Tiger_H1
us_halftrack_m3_75mm_gmc,403.0,67.37,0.14,0.17,4.89,6.28,9.0,,,,,,0.0,,,,,,M3_GMC
germ_pzkpfw_VI_ausf_b_tiger_IIp,392.0,85.39,0.02,0.02,6.15,5.72,1052.0,36.38,0.0,0.0,2.84,2.19,28.0,0.0,0.0,0.0,2.0,1.91,Tiger_II_(P)
il_2m_1943,386.0,69.08,0.9,1.11,2.99,3.58,0.0,,,,,,0.0,,,,,,IL-2M_(1943)
bf-109f-4_trop,368.0,61.15,4.02,5.1,0.62,0.78,108.0,93.33,2.18,2.02,1.07,0.77,0.0,,,,,,Bf_109_F-4/trop
ussr_t_34_1941_57,348.0,69.86,0.07,0.07,3.74,2.97,371.0,56.38,0.0,0.0,6.36,2.1,0.0,,,,,,T-34-57
us_m18_hellcat,340.0,61.43,0.0,0.0,2.77,2.32,2188.0,54.9,0.0,0.0,1.72,1.35,38.0,100.0,0.0,0.0,4.0,2.3,M18_GMC
germ_kpz_70,342.0,57.75,0.0,0.0,1.48,1.15,1974.0,52.06,0.0,0.0,1.61,1.39,0.0,,,,,,KPz-70
do_335a_1,346.0,86.06,0.85,0.74,7.29,6.32,166.0,48.5,2.86,2.54,2.85,2.07,0.0,,,,,,Do_335_A-1
fw-190a-4,336.0,45.84,3.07,2.68,0.16,0.15,201.0,42.55,1.87,1.65,0.62,0.55,0.0,,,,,,Fw_190_A-4
yak-9b,325.0,81.2,1.74,2.19,4.97,6.21,12.0,,,0.0,,1.0,0.0,,,,,,Yak-9B
s_199,328.0,65.59,7.36,2.22,0.49,0.12,13.0,0.0,1.0,0.5,1.0,0.5,0.0,,,,,,Sakeen
ussr_t_34_85_zis_53_v80,329.0,88.76,0.06,0.07,7.24,7.83,333.0,57.05,0.0,0.0,3.19,2.19,0.0,,,,,,"Т-34-85_""Партизан"""
germ_panzerjager_panther,324.0,59.94,0.05,0.08,2.43,3.07,341.0,36.84,0.0,0.0,2.39,2.1,0.0,,,,,,Jagdpanther_G1
yak-3,325.0,51.87,2.58,2.39,0.19,0.18,194.0,77.35,3.33,4.0,1.1,1.34,9.0,,,,,,Yak-3
germ_pzkpfw_IV_ausf_F2,319.0,65.19,0.04,0.04,3.98,3.5,434.0,43.54,0.0,0.0,3.62,2.32,0.0,,,,,,Pz.IV_F2
p-47d_ussr,299.0,77.32,1.31,1.08,6.15,5.06,174.0,67.35,0.28,0.15,1.68,1.2,0.0,,,,,,P-47D-27
ussr_kv_1e,301.0,73.84,0.22,0.18,6.9,5.85,337.0,60.15,0.01,0.01,5.89,4.36,0.0,,,,,,KV-1E
sw_t_34_1941,298.0,93.32,0.0,0.0,4.3,2.81,129.0,21.79,0.0,0.0,3.78,2.18,0.0,,,,,,T-34
us_t58,315.0,81.25,0.01,0.01,6.03,6.25,1100.0,63.35,0.0,0.0,3.68,3.05,0.0,,,,,,T58
yak-7b,274.0,89.13,2.76,3.27,1.68,1.98,0.0,,,,,,0.0,,,,,,Yak-7B
germ_pzkpfw_VI_ausf_h1_tiger_west,294.0,85.94,0.04,0.05,4.0,4.61,546.0,48.13,0.0,0.0,2.56,1.97,28.0,,,0.0,,0.0,Tiger_West
ussr_t_34_85_d_5t,279.0,73.18,0.0,0.0,4.48,2.9,640.0,46.53,0.0,0.0,3.42,1.99,0.0,,,,,,T-34-85_(D-5T)
us_t29,281.0,73.81,0.1,0.09,6.55,5.71,2560.0,57.22,0.0,0.0,3.23,2.64,0.0,,,,,,T29
sw_sav_fm48,262.0,76.85,0.13,0.07,5.15,3.48,304.0,49.09,0.0,0.0,6.71,2.46,0.0,,,,,,SAV_20.12.48
ussr_t_54_1947,252.0,47.14,0.0,0.0,3.13,2.25,371.0,49.89,0.0,0.0,1.51,1.44,35.0,100.0,0.0,0.0,6.0,1.46,T-54_(1947)
us_t95e1,254.0,40.54,0.0,0.0,1.47,1.24,170.0,73.44,0.0,0.0,3.05,1.34,0.0,,,,,,T95E1
il-2m,251.0,83.64,1.06,1.04,3.97,3.88,27.0,,,0.0,,1.0,0.0,,,,,,IL-2M_type_3
la-5_type37_early,242.0,75.55,3.16,4.8,0.87,1.33,0.0,,,,,,0.0,,,,,,La-5
germ_leopard_2a7v,248.0,62.34,0.02,0.03,2.95,5.06,1629.0,54.54,0.0,0.0,2.5,1.93,16.0,75.0,0.0,0.0,0.75,0.75,Leopard_2A7V
jp_m24_chaffee,237.0,65.49,0.15,0.08,4.08,3.34,652.0,61.22,0.0,0.0,2.47,2.32,0.0,,,,,,M24
us_m24_chaffee,243.0,69.0,0.0,0.0,2.52,2.43,761.0,54.29,0.0,0.0,3.35,1.95,0.0,,,,,,M24
ussr_t_34_1942,243.0,69.17,0.02,0.03,1.95,2.76,104.0,32.69,0.0,0.0,4.71,4.79,0.0,,,,,,T-34_(1942)
ussr_t_34_85_zis_53,232.0,72.86,0.13,0.12,3.99,4.61,422.0,47.49,0.0,0.0,2.97,1.93,0.0,,,,,,T-34-85
it_m4a4_sherman,230.0,59.41,0.04,0.05,3.56,4.97,37.0,100.0,0.0,0.0,5.25,5.84,0.0,,,,,,Sherman_V
ussr_t_80b,245.0,36.77,0.0,0.0,1.42,1.46,815.0,47.02,0.0,0.0,2.13,1.6,8.0,100.0,0.0,0.0,3.5,2.88,T-80B
us_m3a1_stuart,234.0,76.28,0.14,0.21,4.28,6.1,35.0,100.0,0.0,0.0,2.75,2.42,0.0,,,,,,M3A1_Stuart
germ_pzkpfw_VI_ausf_h1_tiger_east,236.0,68.29,0.0,0.0,4.11,5.27,464.0,52.91,0.0,0.0,2.56,2.3,0.0,,,,,,Tiger_Ost
cn_ztz_96a_prot,231.0,79.89,0.02,0.02,5.27,4.28,279.0,55.22,0.0,0.0,3.42,1.82,0.0,,,,,,ZTZ96A_(P)
ussr_t_34_85E,232.0,96.31,0.04,0.03,7.71,8.56,242.0,67.24,0.0,0.0,5.21,4.81,0.0,,,,,,T-34-85E
ussr_t_34E_STZ,225.0,64.76,0.0,0.0,2.15,2.42,51.0,0.0,0.0,0.0,1.0,3.24,0.0,,,,,,T-34E_STZ
yak-1b,212.0,87.97,3.78,3.52,0.97,0.96,122.0,100.0,5.92,,0.6,,0.0,,,,,,Yak-1B
yak-3p,225.0,48.95,1.57,1.68,0.12,0.11,397.0,64.4,1.82,2.35,0.56,0.75,0.0,,,,,,Yak-3P
jp_type_5_ho_ri_prototype,197.0,78.9,0.02,0.02,3.2,2.79,1073.0,57.63,0.0,0.0,2.9,2.19,9.0,100.0,0.0,0.0,2.0,2.0,Ho-Ri_Prototype
fr_amx_50_surbaisse,213.0,63.12,0.08,0.07,5.31,3.84,309.0,76.66,0.0,0.0,3.32,2.5,0.0,,,,,,AMX-50_Surbaissé
ussr_t_80uk,212.0,51.84,0.0,0.0,1.52,1.48,757.0,37.41,0.0,0.0,1.67,1.32,3.0,,,,,,T-80UK
f8f1,211.0,49.4,1.27,0.99,2.23,1.62,525.0,56.82,0.34,0.35,1.07,1.14,7.0,,,0.0,,0.0,F8F-1
it_breda_52_autocannone,212.0,73.95,0.29,0.44,7.56,10.64,149.0,70.78,0.0,0.0,2.72,1.81,0.0,,,,,,Breda_90/53
ussr_t_80u,206.0,53.82,0.0,0.0,1.99,1.78,893.0,52.47,0.0,0.0,1.71,1.31,31.0,100.0,0.0,0.0,1.94,1.88,T-80U
germ_panther_II,200.0,67.5,0.01,0.01,3.67,4.3,271.0,53.63,0.0,0.0,3.76,2.89,0.0,,,,,,Panther_II
pyorremyrsky,209.0,43.86,1.46,1.32,0.0,0.0,115.0,74.0,1.48,1.35,2.51,2.17,28.0,0.0,3.0,2.85,0.0,0.0,VL_Pyörremyrsky
do_217e_2,209.0,81.73,0.35,0.32,7.66,7.02,6.0,0.0,0.0,0.0,1.0,1.0,0.0,,,,,,Do_217_E-2
f-84b,204.0,54.55,1.93,1.92,3.09,3.04,104.0,0.0,2.18,0.99,5.36,2.09,0.0,,,,,,F-84B-26
ussr_kv_1_zis_5,210.0,64.29,0.17,0.31,2.88,5.34,154.0,98.89,0.0,0.0,16.17,5.66,12.0,,,,,,KV-1_(ZiS-5)
jp_type_4_chi_to_late,199.0,85.59,0.01,0.01,5.36,5.49,386.0,81.04,0.0,0.0,6.8,2.25,0.0,,,,,,Chi-To_Late
sw_sherman_3_4,198.0,87.86,0.0,0.0,8.52,6.34,254.0,43.32,0.0,0.0,5.24,3.27,4.0,,,,,,Sherman_III/IV
a_20g_30_ussr,196.0,91.76,0.4,0.36,8.61,7.05,0.0,,,,,,0.0,,,,,,A-20G-30
it_m24_chaffee,190.0,56.34,0.0,0.0,4.64,5.26,416.0,71.43,0.0,0.0,2.54,1.92,0.0,,,,,,M24
f-80a,192.0,56.13,1.43,1.52,1.38,1.41,70.0,71.11,1.95,2.16,0.02,0.33,0.0,,,,,,F-80A-5
ussr_t_34_85_stp_s53,189.0,87.36,0.0,0.0,3.73,4.17,855.0,47.28,0.0,0.0,2.69,1.64,24.0,,,0.0,,0.0,Т-34-85_(СТП)
germ_pzkpfw_V_ausf_f_panther,198.0,72.35,0.02,0.03,4.83,3.04,300.0,39.07,0.0,0.0,3.23,2.46,0.0,,,,,,Panther_F
ussr_is_4m,184.0,51.49,0.0,0.0,2.18,2.5,218.0,38.85,0.0,0.0,3.72,2.56,17.0,100.0,0.0,0.0,3.32,3.32,IS-4M
germ_pzkpfw_IV_ausf_C,182.0,80.68,0.01,0.01,5.04,8.95,29.0,,,0.0,,1.69,0.0,,,,,,Pz.IV_C
germ_t_34_747,187.0,66.84,0.0,0.0,4.25,3.97,57.0,44.67,0.0,0.0,2.58,2.79,0.0,,,,,,T_34_747_(r)
il_m_51,186.0,55.36,0.09,0.03,5.0,1.69,444.0,49.03,0.0,0.0,2.93,1.19,5.0,100.0,0.0,0.0,3.0,2.8,M-51
me_264,189.0,92.99,0.82,0.82,6.38,6.35,0.0,,,,,,0.0,,,,,,Me_264
uk_a30_challenger,177.0,48.85,0.51,0.75,1.77,2.81,139.0,58.5,0.0,0.0,1.98,1.85,0.0,,,,,,Challenger
ussr_kv_1s,177.0,47.04,0.02,0.05,1.97,2.51,70.0,0.0,0.0,0.0,3.54,2.58,0.0,,,,,,KV-1S
germ_sdkfz_9_flak37,159.0,79.47,0.48,0.52,9.18,11.03,18.0,0.0,0.0,0.0,4.0,3.06,0.0,,,,,,"8,8_cm_Flak_37_Sfl."
cn_t_34_85_zis_53_no215,172.0,82.31,0.05,0.06,8.08,8.6,0.0,,,,,,0.0,,,,,,T-34-85_No.215
germ_pzkpfw_IV_ausf_H,175.0,70.38,0.0,0.0,2.62,2.63,390.0,40.07,0.0,0.0,2.83,1.79,16.0,,,,,,Pz.IV_H
re_2001_cb,179.0,42.72,2.18,2.07,0.0,0.0,2.0,100.0,0.0,0.0,1.0,1.0,0.0,,,,,,Re.2001_CB
su_34,172.0,52.26,1.75,1.3,0.53,0.3,556.0,49.31,0.54,0.51,5.66,5.61,282.0,,,1.07,,1.13,Су-34
me-410a-1,170.0,74.61,0.48,0.49,2.64,2.57,10.0,,,0.0,,1.2,0.0,,,,,,Me_410_A-1
me-410b-1,170.0,83.6,0.62,0.62,2.79,2.8,0.0,,,,,,0.0,,,,,,Me_410_B-1
cn_type_58,163.0,91.61,0.0,0.0,4.85,4.72,95.0,78.05,0.0,0.0,3.72,3.46,0.0,,,,,,Т-34-85_Gai
rafale_c_f3,166.0,100.0,8.76,8.76,0.74,0.74,454.0,64.61,1.68,1.61,0.23,0.21,167.0,0.0,15.25,2.44,0.0,0.0,Rafale_C_F3
yak-9k,165.0,70.86,4.14,2.64,1.26,0.79,982.0,64.13,0.34,0.31,2.37,2.02,13.0,,,,,,Yak-9K
ussr_t_10m,160.0,61.29,0.0,0.0,8.95,5.6,453.0,56.85,0.0,0.0,2.33,2.25,45.0,76.92,0.0,0.0,1.96,2.59,T-10M
jp_type_4_chi_to,158.0,71.31,0.0,0.0,5.06,5.63,405.0,86.03,0.0,0.0,3.49,2.15,0.0,,,,,,Chi-To
germ_pzkpfw_VI_ausf_b_tiger_IIh_kwk46,158.0,68.44,0.0,0.0,4.14,4.61,252.0,56.24,0.0,0.0,5.56,3.67,4.0,100.0,0.0,0.0,2.0,2.0,Tiger_II_(10.5_cm_Kw.K)
germ_erprobungstrager_3_achs_turm,162.0,50.0,0.04,0.02,1.96,1.69,1536.0,42.19,0.02,0.0,3.08,1.92,0.0,,,,,,Turm_III
sw_strv_122b_plss,160.0,62.51,0.01,0.02,2.95,4.96,146.0,43.67,0.0,0.0,4.1,2.08,0.0,,,,,,Strv_122B_PLSS
germ_pzkpfw_V_ausf_g_panther,163.0,60.81,0.0,0.0,1.87,2.57,319.0,18.37,0.0,0.0,2.74,1.57,0.0,,,,,,Panther_G
germ_marder_df_105,153.0,50.94,0.14,0.12,1.3,1.54,335.0,33.5,0.0,0.0,1.63,1.24,77.0,61.23,0.0,0.0,1.28,1.18,DF105
germ_leopard_2a4m_can_sm,160.0,63.96,0.0,0.0,2.62,3.81,1015.0,44.52,0.0,0.0,1.39,1.22,18.0,0.0,0.0,0.0,0.0,0.0,◍Leopard_2A4M
ussr_t_34_100,164.0,84.91,0.0,0.0,4.92,2.93,402.0,60.6,0.0,0.0,4.52,3.12,6.0,,,0.0,,1.0,T-34-100
sw_t_34_85_zis_53,153.0,86.18,0.03,0.03,3.66,3.02,401.0,56.2,0.0,0.0,2.75,1.99,0.0,,,,,,T-34-85
us_m1a1_hc_usmc,156.0,54.78,0.32,0.23,2.85,2.14,2283.0,60.19,0.0,0.0,1.89,1.66,18.0,0.0,0.0,0.0,2.38,1.81,M1A1_Click-Bait
us_m4a2_sherman,150.0,82.8,0.0,0.0,5.24,2.49,243.0,69.62,0.0,0.0,4.78,2.68,0.0,,,,,,M4A2
germ_panzerbefelhswagen_jagdpanther,168.0,72.79,0.12,0.21,5.12,8.02,36.0,0.0,0.0,0.0,1.79,1.41,4.0,100.0,0.0,0.0,3.0,3.0,Bfw._Jagdpanther_G1
jp_st_a2,150.0,41.89,0.13,0.13,1.28,1.62,242.0,56.23,0.0,0.0,2.01,1.99,0.0,,,,,,ST-A2
sw_strv_122b_plus,145.0,67.12,0.0,0.0,3.53,6.51,364.0,66.64,0.0,0.0,2.92,1.98,0.0,,,,,,Strv_122B+
me_210ca_1_hungary,149.0,99.29,1.88,1.02,4.23,2.33,0.0,,,,,,0.0,,,,,,◔Me_210_Ca-1
germ_le_kpz_m41,145.0,72.62,0.0,0.0,1.24,1.1,862.0,40.18,0.0,0.0,0.96,0.84,0.0,,,,,,leKPz_M41
germ_leopard_2a6,146.0,69.84,0.0,0.0,2.76,3.15,726.0,51.86,0.0,0.0,1.89,1.66,12.0,0.0,0.0,0.0,0.0,0.0,Leopard_2A6
sw_m24_chaffee_dk,142.0,69.59,0.15,0.06,4.58,4.06,268.0,51.06,0.0,0.0,1.68,1.32,0.0,,,,,,M24DK
ussr_t_34_1941,145.0,92.46,0.0,0.0,2.76,3.24,51.0,50.0,0.0,0.0,2.79,2.13,0.0,,,,,,T-34_(1941)
germ_pzkpfw_VI_ausf_b_tiger_IIh,147.0,60.75,0.0,0.0,3.1,3.26,1595.0,49.23,0.0,0.0,2.66,2.35,0.0,,,,,,Tiger_II_(H)
germ_leopard_2k,145.0,52.41,0.0,0.0,1.22,1.76,948.0,50.58,0.02,0.01,2.88,2.23,0.0,,,,,,Leopard_2K
jp_st_a1,142.0,40.42,0.18,0.14,1.49,1.61,429.0,50.74,0.0,0.0,1.91,1.55,0.0,,,,,,ST-A1
ussr_object_248,142.0,82.53,0.0,0.0,5.17,6.1,139.0,98.67,0.0,0.0,12.49,5.79,0.0,,,,,,Object_248
il_sabra_mk1,145.0,57.53,0.0,0.0,2.82,2.0,181.0,58.6,0.03,0.02,3.02,3.35,0.0,,,,,,Sabra_Mk.I
ussr_object_906,147.0,67.04,0.0,0.0,2.87,2.19,1172.0,58.7,0.0,0.0,2.77,1.88,138.0,68.75,0.0,0.0,3.45,2.74,Object_906
sw_t_28,144.0,83.39,0.0,0.0,5.33,6.8,22.0,50.0,0.0,0.0,1.5,3.0,0.0,,,,,,T-28
ussr_bmpt,142.0,71.34,0.11,0.14,1.85,2.17,1322.0,47.22,0.0,0.0,1.53,1.25,11.0,100.0,0.0,0.0,1.0,1.0,БМПТ
ussr_t_34_57_1943,133.0,88.93,0.04,0.04,5.07,3.31,240.0,61.61,0.0,0.0,4.44,2.07,0.0,,,,,,T-34-57_(1943)
ar_2,137.0,78.33,0.35,0.47,8.14,10.35,7.0,,,,,,0.0,,,,,,Ar-2
bf-109f-4_usa,140.0,80.11,4.79,2.1,0.0,0.0,41.0,57.14,2.04,1.96,1.64,1.75,17.0,,,3.0,,0.0,Bf_109_F-4
ussr_t_80bvm,131.0,66.68,0.0,0.0,2.35,2.3,2715.0,51.16,0.0,0.0,2.21,1.77,0.0,,,,,,T-80BVM
germ_kpz_t72m1,130.0,45.27,0.1,0.09,3.35,2.63,1218.0,47.27,0.0,0.0,1.9,1.6,54.0,30.43,0.0,0.0,1.07,1.0,◊T-72M1
jp_type_5_ho_ri_production,127.0,92.8,0.0,0.0,4.84,3.27,1400.0,71.9,0.0,0.0,5.06,4.1,0.0,,,,,,Ho-Ri_Production
germ_mkpz_super_m48,133.0,54.3,0.0,0.0,2.42,1.76,157.0,69.52,0.0,0.0,5.81,4.11,82.0,48.84,0.0,0.0,1.78,1.67,M48_Super
germ_leopard_I,131.0,45.79,0.0,0.0,2.29,2.81,1374.0,31.97,0.0,0.0,0.93,0.82,0.0,,,,,,Leopard_I
f-5c,140.0,40.0,1.6,1.1,0.0,0.0,391.0,47.58,1.65,1.8,0.77,0.85,0.0,,,,,,F-5C
il_8_1944,131.0,83.87,1.85,1.77,4.37,4.15,113.0,50.0,0.34,0.44,1.66,2.81,0.0,,,,,,IL-8_(1944)
typhoon_mk1b,131.0,66.24,3.91,3.1,1.53,1.15,25.0,100.0,0.33,2.0,2.25,4.0,0.0,,,,,,Typhoon_Mk_Ib
la-5_type39,130.0,100.0,7.45,6.14,2.15,1.87,0.0,,,,,,0.0,,,,,,La-5F
germ_flakpanzer_IV_Ostwind,125.0,70.28,1.76,2.64,1.57,1.68,210.0,43.05,1.26,1.66,1.14,1.27,0.0,,,,,,Ostwind
bf-109g-2,129.0,80.77,6.11,3.18,2.03,1.09,126.0,66.0,1.99,2.81,2.75,3.79,0.0,,,,,,Bf_109_G-2/trop
germ_spz_oerlikon_raketenautomat,127.0,47.5,0.23,0.19,1.48,1.34,398.0,30.1,0.0,0.0,1.75,0.99,0.0,,,,,,Raketenautomat
ussr_is_7,133.0,100.0,0.0,0.0,11.08,13.59,243.0,61.18,0.0,0.0,5.43,4.06,0.0,,,,,,IS-7
f6f-5n,131.0,55.91,0.99,1.13,1.56,1.79,90.0,56.06,0.0,0.0,0.75,0.81,0.0,,,,,,F6F-5N
f4u-1c,132.0,51.18,1.66,1.81,0.23,0.22,28.0,0.0,1.0,1.78,0.0,1.11,0.0,,,,,,F4U-1C
i_29,128.0,80.91,1.9,2.35,0.69,0.87,0.0,,,,,,0.0,,,,,,I-29
ussr_is_3,130.0,95.29,0.0,0.0,6.11,2.73,327.0,59.58,0.0,0.0,3.18,3.48,0.0,,,,,,IS-3
me_210ca_1_40_mm_hungary,127.0,75.93,1.23,1.0,3.03,2.43,1.0,100.0,1.0,1.0,2.0,2.0,9.0,,,,,,◔Me_210_Ca-1_36.M
yak-3u,131.0,43.11,1.8,1.8,0.0,0.0,149.0,58.02,2.8,6.18,0.74,1.57,5.0,,,,,,Yak-3U
f4u-4b,126.0,50.0,0.93,1.08,0.55,0.68,657.0,66.36,0.93,0.79,1.96,1.65,2.0,,,,,,F4U-4B
us_t20,119.0,84.18,0.0,0.0,6.44,7.51,1988.0,73.7,0.0,0.0,4.48,3.69,123.0,85.34,0.0,0.0,5.26,4.46,T20
it_ariete_amv_pt1,130.0,84.48,0.18,0.18,4.19,4.37,62.0,58.82,0.0,0.0,3.24,2.67,0.0,,,,,,Ariete_AMV
su-6_m71,126.0,63.6,1.14,1.4,1.23,1.41,117.0,50.6,1.34,1.06,1.05,0.93,0.0,,,,,,Su-6_(M-71F)
germ_waffentrager_krupp_steyr,123.0,53.76,0.0,0.0,3.26,2.84,62.0,54.82,0.0,0.0,1.59,1.88,0.0,,,,,,Waffenträger
i_225,127.0,43.11,1.69,1.63,0.0,0.0,71.0,54.0,1.92,2.86,0.36,0.54,0.0,,,,,,I-225
ussr_kv_7_u13,125.0,79.33,0.0,0.0,3.16,4.04,109.0,63.11,0.0,0.0,5.22,4.69,0.0,,,,,,KV-7_(U-13)
germ_vk_3002m,123.0,58.05,0.0,0.0,3.34,3.44,247.0,47.32,0.0,0.0,3.38,2.49,0.0,,,,,,VK_3002_(M)
pe-2-1,121.0,79.19,0.28,0.31,3.25,4.29,0.0,,,,,,0.0,,,,,,Pe-2-1
us_xm_803,131.0,96.71,0.01,0.01,6.19,4.0,1258.0,60.81,0.0,0.0,2.34,2.18,0.0,,,,,,XM803
ussr_t_44_100,119.0,90.93,0.0,0.0,4.25,1.9,1139.0,49.24,0.0,0.0,2.05,1.8,43.0,,,0.0,,2.5,T-44-100
jp_type_5_chi_ri,114.0,75.88,0.07,0.12,1.88,2.17,349.0,41.08,0.0,0.0,4.07,2.28,0.0,,,,,,Chi-Ri_II
p-51d-20-na,121.0,78.19,3.3,2.75,2.39,1.77,185.0,59.8,0.86,0.82,1.5,1.42,20.0,,,1.5,,0.0,P-51D-20-NA
ussr_kv_85,111.0,68.89,0.22,0.08,7.35,7.14,110.0,71.43,0.0,0.0,5.67,3.15,0.0,,,,,,KV-85
xp-50,119.0,100.0,7.06,2.28,0.74,0.24,80.0,50.0,2.72,3.02,1.57,1.61,0.0,,,,,,XP-50
us_m10,118.0,100.0,0.0,0.0,8.13,6.0,124.0,45.83,0.0,0.0,1.97,2.95,0.0,,,,,,M10_GMC
xp-55,117.0,66.11,2.89,2.23,0.53,0.4,7.0,100.0,6.0,6.0,2.0,2.0,0.0,,,,,,XP-55
us_m1a1_aim_abrams,113.0,56.99,0.38,0.2,2.03,1.62,873.0,56.0,0.0,0.0,2.42,1.79,0.0,,,,,,M1A1_AIM
germ_pzkpfw_III_ausf_E,112.0,99.46,0.01,0.02,3.43,9.93,30.0,,,,,,0.0,,,,,,Pz.III_E
fw-190d-9,113.0,87.82,2.98,1.27,1.43,0.59,173.0,29.29,1.2,0.78,1.03,0.69,0.0,,,,,,Fw_190_D-9
ussr_zsu_29k,115.0,87.0,0.15,0.18,5.28,5.91,8.0,50.0,0.0,0.0,1.0,2.0,0.0,,,,,,YaG-10_(29-K)
fr_amx_50,114.0,57.43,0.0,0.0,3.1,2.89,473.0,73.95,0.0,0.0,2.64,2.55,52.0,58.34,0.0,0.0,1.69,1.91,AMX-50_(TOA100)
fw-190a-5_u2,111.0,87.63,2.23,1.45,1.22,0.78,54.0,7.14,0.43,0.16,1.07,0.28,0.0,,,,,,Fw_190_A-5/U2
su_27sm,112.0,42.79,1.79,1.85,0.08,0.08,522.0,60.4,1.36,1.5,0.02,0.02,25.0,,,1.48,,0.0,Su-27SM
germ_pzkpfw_V_ausf_a_panther,111.0,70.43,0.06,0.05,3.9,2.6,463.0,20.97,0.0,0.0,1.43,1.23,0.0,,,,,,Panther_A
p-47d_30_italy,108.0,100.0,5.25,1.96,4.5,1.6,75.0,87.88,1.64,1.19,4.07,2.78,45.0,50.0,1.0,2.0,1.0,2.0,P-47D-30
la-7b-20,115.0,50.0,2.1,2.57,0.13,0.35,185.0,41.45,1.25,1.18,1.05,0.96,0.0,,,,,,La-7B-20
fr_lorraine_40t,112.0,73.07,0.0,0.0,5.98,4.01,368.0,67.34,0.0,0.0,2.07,2.05,72.0,66.67,0.0,0.0,1.15,0.58,Lorraine_40t
ussr_t_72b,108.0,39.96,0.0,0.0,2.55,2.73,547.0,42.06,0.0,0.0,1.57,1.39,4.0,,,0.0,,1.0,T-72B
us_m26_pershing,105.0,91.67,0.0,0.0,6.21,6.01,202.0,74.46,0.0,0.0,2.83,2.76,47.0,100.0,0.0,0.0,4.3,3.0,M26
ussr_t_80ue1_sm,100.0,56.34,0.0,0.0,1.94,1.69,1222.0,47.11,0.0,0.0,1.33,1.14,15.0,0.0,0.0,0.0,1.0,1.0,◍Т-80У-Е1
us_m24_chaffee_tl,108.0,79.03,0.0,0.0,4.33,3.37,71.0,42.86,0.0,0.0,3.61,2.28,0.0,,,,,,M24_(TL)
it_semovente_m41m_90,110.0,66.45,0.36,0.55,2.56,3.65,67.0,12.5,0.0,0.0,4.48,4.04,0.0,,,,,,90/53_M41M
jp_m36b2_jgsdf,102.0,64.71,0.22,0.29,1.49,1.81,975.0,55.38,0.02,0.02,1.76,1.5,0.0,,,,,,M36
ussr_t_34_1941_l_11,107.0,97.04,0.0,0.0,4.54,2.26,174.0,76.34,0.0,0.0,5.86,2.21,0.0,,,,,,T-34_(1940)
ussr_t_55a,114.0,50.0,0.0,0.0,2.56,2.58,1266.0,49.49,0.0,0.0,2.07,1.77,1.0,,,0.0,,1.0,T-55A
us_m1a2_abrams,108.0,48.39,0.0,0.0,2.68,2.37,890.0,63.46,0.0,0.0,2.12,2.37,0.0,,,,,,M1A2_Abrams
ussr_t_72b_1989,105.0,50.97,0.0,0.0,1.8,2.1,307.0,33.53,0.0,0.0,1.39,1.11,0.0,,,,,,T-72B_(1989)
rafale_m_f3r,106.0,100.0,5.88,7.64,0.26,0.29,135.0,59.35,1.51,2.67,0.26,0.46,17.0,,,2.0,,0.0,Rafale_M_F3-R
us_m18_hellcat_kit_3rank,108.0,100.0,0.0,0.0,4.25,3.47,249.0,66.77,0.0,0.0,2.51,1.95,0.0,,,,,,Hellcat_(Hell)
f2h-2,105.0,44.18,1.01,1.35,0.43,0.56,119.0,72.53,1.68,2.41,1.5,2.25,18.0,,,,,,F2H-2
germ_sdkfz_251_9,103.0,100.0,0.0,0.0,4.09,11.29,0.0,,,,,,0.0,,,,,,Sd.Kfz.251/9
jp_m44,97.0,61.46,0.36,0.26,3.18,2.75,125.0,66.43,0.0,0.0,1.23,1.2,0.0,,,,,,M44
sw_kv_1_1942_fin,103.0,82.33,0.0,0.0,4.21,3.8,247.0,65.43,0.0,0.0,5.35,4.7,0.0,,,,,,KV-1_m1942
p-51d-5,100.0,56.9,0.7,0.59,1.54,1.09,63.0,28.57,0.21,0.21,0.0,0.0,0.0,,,,,,P-51D-5
sw_pvkv_II,102.0,88.17,0.0,0.0,5.19,3.97,115.0,50.0,0.0,0.0,3.38,3.15,0.0,,,,,,Pvkv_II
uk_centurion_mk_1,110.0,87.5,0.0,0.0,3.62,3.58,370.0,55.18,0.0,0.0,3.2,2.82,0.0,,,,,,Centurion_Mk_1
germ_leopard_1a5,94.0,50.72,0.0,0.0,1.1,1.28,765.0,46.59,0.0,0.0,1.53,1.2,107.0,50.0,0.0,0.0,1.58,1.74,Leopard_1A5
ki_43_3_otsu,107.0,57.06,6.47,4.78,0.19,0.22,319.0,61.74,0.73,1.15,1.65,2.33,0.0,,,,,,Ki-43-III_otsu
jp_type_97_chi_ha,100.0,100.0,0.0,0.0,10.39,15.44,24.0,,,0.0,,1.0,0.0,,,,,,Chi-Ha
jp_sub_i_ii_20mm,94.0,54.59,1.41,1.69,1.03,1.31,510.0,65.91,0.71,0.55,1.25,0.95,0.0,,,,,,SUB-I-II
us_m18_hellcat_black_cat,97.0,94.3,0.15,0.18,3.86,4.37,1038.0,76.58,0.0,0.0,2.76,2.33,0.0,,,,,,"M18_""Black_Cat"""
fr_amx_m4,101.0,55.91,0.07,0.07,1.9,2.59,543.0,56.11,0.0,0.0,2.42,1.89,36.0,,,0.0,,0.43,AMX_M4
ussr_t_72a,95.0,70.83,0.0,0.0,5.51,4.96,1222.0,40.54,0.0,0.0,2.32,1.86,4.0,,,,,,T-72A
mig_29smt_9_19,96.0,47.31,2.12,1.85,0.03,0.02,194.0,51.85,1.2,1.21,0.07,0.05,8.0,,,0.5,,0.0,MiG-29SMT
germ_sdkfz_234_2,97.0,58.34,0.0,0.0,0.94,1.56,862.0,49.54,0.0,0.0,1.22,0.91,3.0,,,0.0,,1.0,Sd.Kfz.234/2
ussr_bt_5,100.0,100.0,0.0,0.0,9.15,8.31,238.0,31.35,0.0,0.0,6.03,2.3,0.0,,,,,,BT-5
ussr_t_44_po,100.0,100.0,0.0,0.0,4.4,4.62,143.0,76.67,0.0,0.0,7.06,2.85,0.0,,,,,,Т-44(ПМ)
p-51h-5_na,95.0,66.67,2.17,1.9,1.58,0.88,204.0,48.71,1.09,1.17,1.32,1.49,0.0,,,,,,P-51H-5-NA
jp_m4a3e8_76w_sherman,89.0,56.69,0.15,0.14,2.94,3.47,660.0,57.79,0.0,0.0,1.9,2.72,0.0,,,,,,M4A3_(76)_W
er-2_m105_mv3,97.0,90.0,0.0,0.0,2.15,1.22,20.0,0.0,0.0,0.0,0.0,0.0,0.0,,,,,,Yer-2_(M-105)
ussr_object_279,99.0,77.78,0.0,0.0,7.26,7.21,88.0,69.45,0.0,0.0,4.53,3.26,2.0,,,0.0,,1.0,Object_279
uk_a_34_comet,95.0,54.6,0.52,1.56,1.51,4.5,61.0,2.78,0.0,0.0,2.58,1.94,0.0,,,,,,Comet_I
cn_ztz_88b,96.0,58.98,0.0,0.0,2.55,2.03,207.0,59.84,0.0,0.0,2.07,1.66,4.0,100.0,0.0,0.0,2.0,2.0,ZTZ88B
ussr_t_54_1949,93.0,48.91,0.0,0.0,1.76,2.06,124.0,42.26,0.0,0.0,1.95,2.07,182.0,87.34,0.0,0.0,3.15,2.27,T-54_(1949)
cn_vt_4b,89.0,65.91,0.0,0.0,4.35,4.33,92.0,53.09,0.0,0.0,1.73,2.36,0.0,,,,,,VT4A1
ussr_pzkpfw_V,100.0,100.0,0.1,0.07,6.49,4.78,127.0,16.25,0.0,0.0,4.26,2.55,0.0,,,,,,T-V
la-7_dolgushin,100.0,49.43,2.87,5.52,0.04,0.15,75.0,47.44,2.78,4.34,2.47,3.47,9.0,,,,,,Dolgushin's_La-7
germ_pzkpfw_IV_ausf_G,93.0,56.48,0.0,0.0,2.91,3.82,132.0,10.75,0.0,0.0,2.05,2.05,0.0,,,,,,Pz.IV_G
ussr_t_54_1951,90.0,61.33,0.0,0.0,1.68,1.69,157.0,48.17,0.0,0.0,1.5,1.33,30.0,61.54,0.0,0.0,0.9,1.21,T-54_(1951)
uk_a17_mk_1_tetrarch,93.0,84.41,0.0,0.0,4.04,3.11,43.0,56.25,0.0,0.0,0.53,0.5,0.0,,,,,,Tetrarch_I
re_2001_serie1,95.0,36.11,2.57,2.68,0.32,0.43,0.0,,,,,,0.0,,,,,,Re.2001_serie_1
mc-202_ec,92.0,0.0,6.13,2.2,0.0,0.0,1.0,,,,,,0.0,,,,,,C._202EC
germ_pzkpfw_III_ausf_M,93.0,68.33,0.0,0.0,3.32,4.52,62.0,42.86,0.0,0.0,3.2,3.34,0.0,,,,,,Pz.III_M
mig_27m,90.0,52.08,0.29,0.15,1.01,0.61,30.0,,,0.0,,1.0,0.0,,,,,,MiG-27M
germ_pzkpfw_VI_ausf_h1_tiger_animal_version,88.0,71.24,0.14,0.26,4.3,5.32,47.0,51.79,0.0,0.0,3.75,4.93,0.0,,,,,,␠Tiger
pe-3_bis,90.0,89.25,0.77,1.11,3.4,4.85,12.0,100.0,4.82,,1.0,,0.0,,,,,,Pe-3bis
bf_110g_4,92.0,93.55,1.48,1.11,3.76,2.97,12.0,10.0,0.0,0.0,0.1,0.1,0.0,,,,,,Bf_110_G-4
us_m1a2_sep3_abrams,94.0,85.17,0.0,0.0,4.72,7.0,1200.0,58.31,0.0,0.0,2.71,2.48,4.0,0.0,0.0,0.0,1.0,1.0,M1A2_SEPv3
germ_leopard_I_a1,83.0,49.0,0.0,0.0,1.98,1.8,1261.0,41.84,0.0,0.0,1.6,1.34,8.0,0.0,0.0,0.0,1.0,1.0,Leopard_A1A1
sm_92,90.0,93.94,0.94,0.73,6.45,3.06,4.0,,,,,,0.0,,,,,,SM.92
germ_pzkpfw_IV_ausf_J,94.0,59.32,0.0,0.0,1.71,3.42,106.0,31.03,0.0,0.0,3.16,1.82,11.0,,,0.0,,0.0,Pz.IV_J
us_t1e1_90,95.0,72.44,0.08,0.07,3.57,2.82,84.0,50.0,0.0,0.0,5.38,2.96,0.0,,,,,,T1E1_(90)
ussr_t_64a_1971,84.0,79.37,0.0,0.0,3.26,2.98,600.0,44.9,0.0,0.0,1.82,1.56,18.0,100.0,0.0,0.0,3.24,3.25,T-64A_(1971)
germ_hummel,87.0,100.0,0.0,0.0,3.33,2.95,11.0,35.42,0.0,0.0,1.06,1.56,0.0,,,,,,Hummel
mc-205_serie1,88.0,50.0,1.5,1.05,0.0,0.0,0.0,,,,,,0.0,,,,,,C._205_serie_1
jp_type_90b_camo,83.0,52.22,0.0,0.0,3.47,2.48,1632.0,52.12,0.0,0.0,2.7,1.91,30.0,0.0,0.0,0.0,1.0,0.62,"Type_90_(B)_""Fuji"""
mig_29m_9_15,92.0,43.75,3.28,2.04,0.0,0.0,649.0,49.01,0.76,0.76,0.3,0.29,39.0,,,0.21,,0.0,МиГ-29М_(9-15)
jp_type_3_chi_nu_75cm_type_5,81.0,62.22,0.0,0.0,4.05,4.29,376.0,75.68,0.02,0.02,3.99,3.42,0.0,,,,,,Chi-Nu_II
us_m8_scott,89.0,65.56,0.11,0.17,3.04,4.39,0.0,,,,,,0.0,,,,,,M8_HMC
us_xm246,85.0,87.1,0.17,0.57,1.86,3.07,1131.0,57.45,0.22,0.18,1.68,1.44,0.0,,,,,,XM246
sw_strv_122,88.0,59.35,0.0,0.0,2.45,2.95,258.0,63.73,0.0,0.0,3.22,2.31,0.0,,,,,,Strv_122A
spitfire_mk5c,87.0,55.99,2.45,2.29,0.44,0.47,27.0,100.0,3.21,1.0,0.16,0.0,0.0,,,,,,Spitfire_Mk_Vc/trop
us_m36,84.0,82.8,0.0,0.0,2.36,2.29,216.0,69.2,0.0,0.0,5.66,1.99,0.0,,,,,,M36_GMC
ussr_object_435,81.0,70.57,0.0,0.0,1.56,1.6,309.0,50.59,0.0,0.0,2.07,1.4,0.0,,,,,,Object_435
us_xm1_gm,87.0,25.27,0.0,0.0,1.28,1.23,1214.0,62.05,0.0,0.0,3.51,2.6,0.0,,,,,,XM1_(GM)
it_43m_turan_3,82.0,96.92,0.0,0.0,4.72,4.39,225.0,56.27,0.0,0.0,3.42,2.39,0.0,,,,,,Turan_III
us_m55,85.0,77.78,0.0,0.0,4.55,4.53,63.0,83.33,0.0,0.0,1.37,1.13,0.0,,,,,,M55
su_22m4,86.0,50.0,0.41,0.41,1.57,1.78,3.0,,,0.0,,2.0,0.0,,,,,,◊Su-22M4
mig_25pd,86.0,50.0,1.9,2.16,0.0,0.0,572.0,55.42,1.27,1.8,0.0,0.0,0.0,,,,,,МиГ-25ПД
us_halftrack_m13,85.0,56.45,0.94,2.27,0.35,0.88,1.0,,,,,,0.0,,,,,,M13_MGMC
ta-152h-1,82.0,39.88,1.45,2.04,0.0,0.0,12.0,,,,,,0.0,,,,,,Ta_152_H-1
it_pzkpfw_IV_ausf_G,81.0,98.33,0.0,0.0,4.71,4.63,105.0,94.14,0.0,0.0,2.91,2.29,0.0,,,,,,Pz.IV_G
jp_type_75,79.0,28.98,0.39,0.57,0.26,0.43,414.0,49.29,0.2,0.18,1.56,1.27,0.0,,,,,,Type_75_SPH
uk_sherman_ic_firefly,80.0,53.23,0.0,0.0,3.0,3.82,65.0,47.62,0.0,0.0,4.04,2.38,0.0,,,,,,"Sherman_IC_""Trzyniec"""
ussr_kv_8,78.0,89.42,0.0,0.0,3.52,3.75,6.0,100.0,0.0,0.0,3.83,3.83,0.0,,,,,,КВ-8
us_m4_sherman,81.0,100.0,0.0,0.0,6.33,5.44,129.0,,,0.0,,3.66,0.0,,,,,,M4
us_m26_t99,83.0,90.91,0.22,0.2,8.17,6.19,165.0,50.0,0.0,0.0,3.88,2.64,0.0,,,,,,M26_T99
fr_m26_pershing,84.0,55.81,0.14,0.14,2.57,3.3,195.0,60.45,0.0,0.0,3.26,3.76,8.0,,,0.0,,0.0,M26
it_c1_ariete_certezza,82.0,50.0,0.0,0.0,2.49,2.01,284.0,62.77,0.0,0.0,3.25,2.07,0.0,,,,,,Ariete_Сertezza
ussr_is_2_1944,76.0,74.24,0.0,0.0,2.83,3.75,485.0,55.09,0.0,0.0,3.48,2.77,0.0,,,,,,IS-2_(1944)
mig_3_series_1_15,78.0,100.0,5.34,3.42,1.41,0.8,2.0,,,,,,0.0,,,,,,MiG-3-15
uk_shir_2,79.0,63.98,0.0,0.0,5.74,5.65,323.0,61.06,0.0,0.0,5.01,3.91,0.0,,,,,,FV4030/3
ussr_kv_2_zis_6,70.0,73.33,0.07,0.04,5.27,4.21,25.0,0.0,0.0,0.0,3.0,2.8,0.0,,,,,,KV-2_(ZiS-6)
re_2001_cn,74.0,100.0,3.57,2.02,1.13,0.64,11.0,100.0,1.0,1.0,2.45,2.45,0.0,,,,,,Re.2001_CN
yak-9p,79.0,48.93,1.19,1.66,0.0,0.29,0.0,,,,,,0.0,,,,,,Yak-9P
f3d_1,80.0,50.0,0.5,0.7,0.3,0.3,89.0,85.71,0.29,0.16,2.79,1.95,18.0,,,0.0,,1.0,F3D-1
sw_pzkpfw_IV_ausf_J,77.0,90.22,0.0,0.0,4.22,4.22,106.0,0.0,0.0,0.0,3.25,1.5,0.0,,,,,,Pz.IV
su_33,79.0,50.0,1.4,1.23,0.38,0.34,1123.0,52.16,1.22,1.34,0.07,0.07,0.0,,,,,,Су-33
douglas_ad_2,79.0,93.75,3.09,2.17,5.63,2.09,95.0,50.0,0.5,0.52,0.88,0.86,0.0,,,,,,AD-2
us_m36b2,75.0,100.0,0.0,0.0,3.35,3.37,171.0,65.58,0.0,0.0,1.47,1.27,0.0,,,,,,M36B2
germ_pzh_2000,83.0,51.19,0.41,0.15,2.55,1.08,711.0,35.31,0.01,0.0,0.77,0.6,0.0,,,,,,PzH_2000
ussr_zsu_57_2,75.0,100.0,0.0,0.0,3.72,2.14,936.0,44.67,0.06,0.01,1.58,1.21,60.0,79.35,0.0,0.0,0.93,1.0,ZSU-57-2
ussr_is_1,67.0,76.74,0.0,0.0,2.58,2.97,243.0,70.32,0.0,0.0,3.19,2.26,0.0,,,,,,IS-1
us_m901_itv,75.0,33.33,0.0,0.0,1.0,0.8,103.0,58.93,0.0,0.0,1.33,1.19,0.0,,,,,,M901
us_m26e1_pershing,75.0,97.86,0.24,0.23,13.33,10.06,573.0,71.88,0.0,0.0,4.77,4.18,0.0,,,,,,M26E1
germ_flakpanzer_IV_Wirbelwind,74.0,48.96,2.24,2.93,0.56,0.8,282.0,36.79,2.49,1.75,0.17,0.1,0.0,,,,,,Wirbelwind
cn_t_34_85_d_5t,72.0,100.0,0.0,0.0,4.5,3.61,137.0,39.95,0.0,0.0,2.44,2.1,0.0,,,,,,Т-34-85_(S-53)_(China)
ussr_t_55_amd_1,69.0,65.6,0.0,0.0,1.88,2.66,560.0,42.95,0.0,0.0,1.31,1.23,6.0,,,,,,T-55AMD-1
fr_sk105_a2,72.0,94.62,0.0,0.0,6.76,4.48,283.0,59.15,0.0,0.0,2.41,1.92,0.0,,,,,,SK-105A2
us_m1a2_sep2_abrams_trophy,79.0,79.06,0.0,0.0,3.05,3.95,1233.0,58.22,0.0,0.0,2.4,2.07,4.0,,,,,,M1A2_(Trophy-HV)
ussr_isu_152,73.0,73.79,0.06,0.06,1.83,3.3,25.0,,,0.0,,2.28,0.0,,,,,,ISU-152
fw-190a-5,73.0,39.25,1.88,1.66,0.34,0.17,0.0,,,,,,0.0,,,,,,Fw_190_A-5/U12
us_m4a2_76w_sherman,69.0,0.0,0.0,0.0,3.3,1.91,502.0,48.17,0.0,0.0,2.8,2.28,0.0,,,,,,M4A2_(76)_W
ussr_su_122_54,68.0,53.86,0.0,0.0,1.51,1.13,204.0,47.2,0.0,0.0,3.51,1.57,0.0,,,,,,SU-122-54
mig_29_9_13,69.0,46.77,0.85,0.88,0.0,0.0,132.0,45.33,1.24,1.51,0.15,0.18,0.0,,,,,,MiG-29
spitfire_f24,75.0,79.66,2.51,2.57,3.17,3.2,304.0,65.09,1.4,2.26,1.59,2.59,0.0,,,,,,Spitfire_F_Mk_24
us_m4a5_ram_2,67.0,48.48,0.0,0.0,2.86,2.72,10.0,50.0,0.0,0.0,1.0,1.0,0.0,,,,,,M4A5
us_m1a2_sep2_abrams,69.0,85.0,0.0,0.0,3.15,1.47,1163.0,52.95,0.0,0.0,2.01,1.78,0.0,,,,,,M1A2_SEP_V2
ju-87d-3_italy,69.0,66.67,0.3,0.3,2.01,2.01,0.0,,,,,,0.0,,,,,,Ju_87_D-3
lagg-3-23,68.0,100.0,11.25,3.93,0.0,0.1,0.0,,,,,,0.0,,,,,,LaGG-3-23
ussr_kv_220,65.0,75.0,0.0,0.0,4.0,3.89,392.0,75.79,0.0,0.0,7.0,5.97,0.0,,,,,,KV-220
f_6c_pakistan,66.0,54.45,2.99,2.62,0.04,0.03,70.0,95.97,2.34,4.04,0.3,0.63,0.0,,,,,,F-6C
cn_t_34_1942,72.0,76.0,0.1,0.08,3.22,3.17,69.0,53.13,0.0,0.0,1.53,2.59,0.0,,,,,,T-34_(1943)_(China)
germ_pz_IV_L70_A,71.0,93.59,0.29,0.29,1.97,1.99,36.0,,,0.0,,1.0,0.0,,,,,,Panzer_IV/70(A)
sm_91,66.0,67.36,0.88,1.03,0.84,0.96,12.0,,,,,,0.0,,,,,,SM.91
spitfire_f22,72.0,80.71,1.91,1.96,4.37,4.44,12.0,100.0,1.0,2.0,2.0,4.0,0.0,,,,,,Spitfire_F_Mk_22
hellcat_fmk1,65.0,96.2,4.4,3.68,6.24,5.6,0.0,,,,,,69.0,66.67,0.3,0.31,2.3,2.56,Hellcat_Mk_II
firefly_mk1,68.0,100.0,2.38,1.88,5.25,2.57,24.0,,,0.67,,0.0,0.0,,,,,,Firefly_F_Mk_I
uk_sherman_vc_firefly,67.0,50.0,0.0,0.0,2.27,4.15,136.0,36.01,0.0,0.0,2.09,1.64,0.0,,,,,,Sherman_Firefly
il_magach_5,67.0,53.23,0.0,0.0,2.16,1.94,55.0,86.36,0.0,0.0,4.95,2.33,0.0,,,,,,Magach_5
germ_pz_IV_L70,67.0,0.0,0.0,0.0,1.32,0.86,238.0,42.12,0.0,0.0,1.49,1.48,18.0,,,,,,Panzer_IV/70(V)
sw_bt_42,67.0,88.71,0.0,0.0,2.39,4.54,38.0,50.0,0.0,0.0,1.64,2.44,0.0,,,,,,BT-42
germ_pzkpfw_VI_ausf_b_tiger_IIh_sla,64.0,61.11,0.0,0.0,4.16,3.21,661.0,53.84,0.0,0.0,4.99,3.67,4.0,100.0,0.0,0.0,2.0,2.0,Tiger_II_(H)_Sla.16
germ_begleitpanzer_57,69.0,70.83,0.37,0.16,2.81,1.73,1127.0,49.4,0.18,0.13,1.28,0.95,16.0,16.67,0.0,0.0,0.83,1.0,Begleitpanzer_57
ussr_su_85m,67.0,,,0.0,,4.5,8.0,,,0.0,,3.88,0.0,,,,,,SU-85M
us_m60a1,67.0,0.0,0.0,0.0,1.44,0.8,422.0,57.03,0.0,0.0,1.94,1.48,6.0,100.0,0.0,0.0,1.0,1.0,M60A1_(AOS)
yak_2_kabb,64.0,100.0,2.05,2.05,5.02,5.02,0.0,,,,,,22.0,100.0,1.0,1.0,2.0,1.91,Yak-2_KABB
yak-1_early,63.0,99.21,4.88,4.45,0.98,0.86,24.0,100.0,0.64,1.0,1.0,1.0,0.0,,,,,,Yak-1
f_15c_golden_eagle,64.0,56.25,3.59,3.38,0.04,0.02,890.0,58.75,1.66,1.98,0.09,0.1,47.0,,,1.21,,0.0,F-15C_Golden_Eagle
ussr_is_2_1944_321,60.0,100.0,0.0,0.0,4.53,4.53,84.0,100.0,0.0,0.0,8.2,3.58,0.0,,,,,,IS-2_No.321
fa_18e_block_2,64.0,54.84,2.23,2.2,0.13,0.1,565.0,57.42,1.1,1.32,0.22,0.25,37.0,0.0,3.0,1.26,0.0,0.0,F/A-18E
il_mim_72_chaparral,65.0,42.47,1.23,2.37,0.42,0.82,18.0,,,1.0,,0.0,0.0,,,,,,Imp.Chaparral_(Israel)
ussr_su_100p,62.0,100.0,0.0,0.0,3.15,2.87,319.0,72.07,0.0,0.0,4.26,1.98,0.0,,,,,,SU-100P
us_m1a2_sep_abrams,62.0,44.44,0.0,0.0,1.39,3.59,855.0,54.02,0.0,0.0,1.98,1.68,0.0,,,,,,M1A2_SEP
us_m3_stuart,66.0,35.71,0.0,0.0,1.93,2.45,56.0,,,0.0,,1.58,0.0,,,,,,M3_Stuart
jp_type_5_na_to,60.0,47.96,0.0,0.0,2.52,3.56,65.0,32.78,0.0,0.0,2.17,2.09,0.0,,,,,,Na-To
spitfire_xvi,66.0,47.06,4.18,2.34,1.35,0.7,6.0,,,1.0,,0.0,0.0,,,,,,Spitfire_F_Mk_XVI
il_zsu_57_2,64.0,24.19,0.0,0.0,1.19,1.45,109.0,33.33,0.0,0.0,1.2,0.72,0.0,,,,,,ZSU-57-2_(Israel)
b_239_finland,62.0,50.0,1.08,1.01,0.0,0.0,3.0,,,,,,0.0,,,,,,B-239
j_8b,61.0,84.78,3.62,2.23,0.0,0.0,57.0,97.37,5.08,7.31,0.0,0.0,0.0,,,,,,J-8B
yak-9m,63.0,100.0,8.17,7.65,0.06,0.08,0.0,,,,,,0.0,,,,,,Golovachev's_Yak-9M
ussr_bt_7_1937,66.0,100.0,0.0,0.0,4.85,2.45,104.0,44.84,0.0,0.0,3.37,4.12,0.0,,,,,,BT-7
ussr_is_2_1943,60.0,0.0,0.0,0.0,3.42,4.35,523.0,45.03,0.0,0.0,2.09,1.52,0.0,,,,,,IS-2
germ_jgdpz_IV_L48,56.0,,,0.0,,4.21,68.0,96.67,0.0,0.0,6.7,3.99,0.0,,,,,,Jagdpanzer_IV
yak-9u,60.0,89.79,6.44,5.55,1.02,0.69,68.0,100.0,2.04,1.97,0.4,0.38,0.0,,,,,,Yak-9U
su_30sm2,60.0,95.24,9.48,7.38,0.0,0.0,1570.0,52.93,1.14,1.26,0.52,0.56,457.0,100.0,7.28,1.43,1.0,0.34,Су-30СМ2
ussr_t_64_b_1984,65.0,28.57,0.0,0.0,1.89,2.0,521.0,39.88,0.0,0.0,1.58,1.41,0.0,,,,,,T-64B
f-82e,64.0,100.0,2.29,1.21,2.29,0.5,119.0,52.98,0.39,0.47,0.51,0.59,0.0,,,,,,F-82E
pe-2-83,59.0,100.0,0.0,0.0,3.82,4.74,12.0,100.0,0.0,0.0,1.0,0.83,0.0,,,,,,Pe-2-83
b_25j_30_vvs_ussr,63.0,98.39,0.16,0.23,5.27,4.76,60.0,50.0,0.48,0.32,1.05,0.8,0.0,,,,,,B-25J-30
us_m6a1,60.0,50.0,0.0,0.0,3.45,3.61,102.0,50.0,0.0,0.0,2.29,2.07,0.0,,,,,,M6A1
germ_kv_2_754r,62.0,50.0,0.5,0.89,4.78,7.87,13.0,,,0.0,,1.0,0.0,,,,,,KW_II_754_(r)
b7a2_homare_23,61.0,100.0,1.15,0.67,4.0,3.29,72.0,100.0,1.45,1.45,2.59,2.59,0.0,,,,,,B7A2_(Homare_23)
germ_panzerbefelhswagen_IV_ausf_J,62.0,71.47,0.0,0.0,3.63,4.85,217.0,42.79,0.0,0.0,2.33,1.92,0.0,,,,,,Pz.Bfw.IV
ussr_object_120,61.0,69.35,0.0,0.0,2.44,1.6,85.0,51.36,0.0,0.0,4.18,5.47,12.0,,,,,,Object_120
fr_m36b2_cefeo,60.0,62.9,0.0,0.0,1.27,1.81,199.0,47.85,0.0,0.0,2.08,1.15,0.0,,,,,,M36B2
ussr_2s19_m1,60.0,100.0,1.0,0.33,1.0,1.88,137.0,39.58,0.0,0.0,0.83,0.65,26.0,100.0,0.0,0.0,1.0,0.29,2С19М1
p-51b,61.0,56.14,3.48,3.98,0.29,0.4,71.0,56.67,1.28,1.06,0.82,0.68,83.0,22.5,7.25,5.84,0.0,0.0,Mustang_Mk_IA
f-5e_switzerland,60.0,50.0,2.38,1.44,1.0,0.44,17.0,0.0,1.0,1.0,2.0,2.0,0.0,,,,,,◌F-5E
la-9,62.0,55.0,1.34,1.43,0.43,0.43,158.0,36.94,0.76,0.89,0.3,0.41,0.0,,,,,,La-9
spitfire_mk14e,60.0,50.0,2.0,2.16,0.0,0.0,17.0,100.0,1.57,,0.0,,0.0,,,,,,Spitfire_F_Mk_XIVe
us_m44,59.0,54.17,0.0,0.0,2.63,3.74,100.0,10.42,0.0,0.0,2.91,0.69,0.0,,,,,,M44
fa_18c_late,58.0,50.0,1.14,1.02,0.0,0.0,147.0,52.9,1.29,1.6,0.22,0.25,18.0,,,2.5,,1.5,F/A-18C_Late
germ_kv_1_kwk_40,55.0,71.15,0.0,0.0,5.4,4.9,299.0,46.08,0.0,0.0,4.82,3.62,10.0,0.0,0.0,0.0,1.0,1.0,KW_I_C_756_(r)
us_m2a4_1st_armor_div,55.0,84.57,0.0,0.0,3.47,3.32,6.0,,,0.0,,3.0,0.0,,,,,,M2A4_(1st_Arm.Div.)
f_16c_block_52_aesa,57.0,50.0,1.5,1.62,0.26,0.22,285.0,48.03,0.88,0.74,1.65,1.41,3.0,,,0.0,,0.0,F-16CM_PoBIT
germ_panzerjager_nashorn,56.0,22.92,0.0,0.0,1.79,1.79,25.0,0.0,0.0,0.0,1.93,1.83,0.0,,,,,,Nashorn
tis_ma,59.0,84.62,1.19,0.97,6.16,6.01,364.0,83.72,0.77,0.67,7.95,6.6,102.0,100.0,0.92,1.12,6.82,8.37,TIS_MA
lagg-3-8,55.0,96.67,5.65,4.67,0.21,0.19,0.0,,,,,,0.0,,,,,,LaGG-3-8
yak-9,53.0,100.0,4.83,7.81,0.32,0.57,65.0,67.86,3.45,5.56,0.32,1.0,0.0,,,,,,Yak-9
yak-3_eremin,58.0,81.25,6.28,7.09,0.69,0.69,14.0,50.0,1.43,2.86,0.0,0.0,28.0,,,2.0,,0.0,Eremin's_Yak-3(e)
p-39n_su,59.0,67.59,3.79,6.17,0.28,0.0,33.0,0.0,1.0,1.17,1.0,0.72,0.0,,,,,,Pokryshkin's_P-39N-0
ussr_t_34_1941_cast_turret,54.0,97.41,0.0,0.0,2.5,3.71,50.0,89.81,0.0,0.0,1.33,1.57,0.0,,,,,,T-34_(1st_Gv.T.Br.)
ussr_t_44,55.0,48.33,0.0,0.0,1.14,2.45,258.0,43.15,0.0,0.0,3.57,2.13,40.0,45.83,0.0,0.0,0.54,1.03,T-44
ussr_t_62m1,53.0,69.23,0.0,0.0,3.85,2.9,460.0,48.55,0.0,0.0,2.12,1.37,10.0,100.0,0.0,0.0,2.0,2.0,T-62M-1
jp_type_3_chi_nu,52.0,95.83,0.0,0.0,9.75,4.86,97.0,96.11,0.0,0.0,3.0,2.72,0.0,,,,,,Chi-Nu
il_aml_90,54.0,50.0,0.0,0.0,1.0,1.76,91.0,50.0,0.0,0.0,0.94,1.26,0.0,,,,,,AML-90_(Israel)
spitfire_mk5c_notrop,54.0,60.87,2.35,1.48,0.0,0.0,15.0,100.0,0.0,0.0,2.0,2.0,0.0,,,,,,Spitfire_Mk_Vc
f_15c_msip2,55.0,45.45,2.02,2.83,0.0,0.0,389.0,54.58,1.17,1.62,0.08,0.14,72.0,,,1.41,,0.0,F-15C_MSIP_II
il_namer_rcws_30,57.0,21.26,0.0,0.0,0.61,1.0,254.0,62.35,0.0,0.0,0.86,0.77,0.0,,,,,,Namer_30
uk_m3_stuart,53.0,29.82,0.0,0.0,0.27,0.45,0.0,,,,,,0.0,,,,,,Stuart_I
j_7d,52.0,51.45,2.17,2.65,0.03,0.04,585.0,61.48,1.93,2.61,0.35,0.49,0.0,,,,,,J-7D
jp_m47_patton_II,53.0,50.0,0.0,0.0,1.54,2.87,303.0,55.08,0.0,0.0,1.88,1.55,0.0,,,,,,M47
il_merkava_mk_2b_early,55.0,0.0,0.0,0.0,2.94,1.96,58.0,95.67,0.0,0.0,4.22,3.47,0.0,,,,,,Merkava_Mk.2B
p-61a_1,56.0,48.15,1.0,1.3,0.0,0.0,0.0,,,,,,26.0,100.0,1.0,1.0,4.0,4.0,P-61A-11
f_14a_iriaf,54.0,95.16,6.31,6.31,0.08,0.08,574.0,50.09,1.28,2.03,0.08,0.14,30.0,,,0.95,,0.0,F-14A_IRIAF
germ_nbfz_VI,57.0,100.0,0.0,0.0,4.57,7.98,0.0,,,,,,0.0,,,,,,Nb.Fz.
cn_ztz_96a,54.0,66.13,0.0,0.0,2.06,3.39,97.0,49.17,0.0,0.0,1.75,1.84,0.0,,,,,,ZTZ96A
it_m15_42_contraereo,54.0,26.32,4.63,6.38,1.13,1.0,274.0,49.98,2.14,1.3,0.44,0.32,0.0,,,,,,M42_Contraereo
su_25t,53.0,56.52,0.86,1.0,3.92,3.83,180.0,66.93,0.47,0.43,3.35,2.26,34.0,,,1.0,,0.0,Su-25T
uk_a27m_cromwell_5,52.0,87.1,0.0,0.0,4.11,4.81,212.0,61.02,0.0,0.0,3.26,2.66,0.0,,,,,,Cromwell_V
germ_sdkfz_222,58.0,100.0,0.0,0.0,4.45,2.27,75.0,100.0,0.0,0.0,3.63,1.92,0.0,,,,,,Sd.Kfz.222
uk_a_13_mk2,55.0,80.65,0.0,0.0,3.17,4.54,19.0,,,0.0,,3.13,0.0,,,,,,A13_Mk_II
mig_23ml,55.0,,,1.58,,0.0,981.0,52.68,1.37,1.58,0.1,0.12,65.0,,,1.79,,0.0,MiG-23ML
il_merkava_mk_3b,55.0,50.0,0.0,0.0,2.22,2.56,302.0,74.06,0.0,0.0,2.55,2.62,0.0,,,,,,Merkava_Mk.3B
jf_17,52.0,88.89,2.67,1.68,0.77,0.86,160.0,50.87,1.42,1.97,0.41,0.59,0.0,,,,,,JF-17
us_t26e5,48.0,35.9,0.11,0.16,1.68,2.36,1305.0,57.92,0.0,0.0,2.88,2.78,0.0,,,,,,T26E5
he_112b_0,51.0,100.0,3.0,1.58,0.0,0.0,7.0,,,0.0,,0.0,0.0,,,,,,He_112_B-0
saab_b3c,51.0,100.0,2.0,1.77,31.13,27.65,0.0,,,,,,0.0,,,,,,B3C
uk_a_33_excelsior,48.0,100.0,0.0,0.0,5.7,9.59,90.0,98.08,0.0,0.0,9.1,8.19,0.0,,,,,,Excelsior
bf-109f-4_hungary,52.0,52.94,6.12,9.5,0.82,1.41,188.0,94.78,1.59,1.01,2.59,1.96,0.0,,,,,,◐Bf_109_F-4
cn_ztz_96,55.0,55.88,0.0,0.0,2.25,2.64,352.0,55.71,0.0,0.0,3.28,3.1,6.0,,,0.0,,1.0,ZTZ96
sw_kungstiger,48.0,66.67,0.0,0.0,8.84,8.84,73.0,73.34,0.0,0.0,4.1,3.67,4.0,,,0.0,,2.0,Kungstiger
uk_fv4202,55.0,,,0.0,,3.86,48.0,2.08,0.0,0.0,1.06,1.11,0.0,,,,,,FV4202
cn_m36,49.0,88.89,0.0,0.0,3.14,2.77,0.0,,,,,,0.0,,,,,,M36_GMC_(China)
uk_centurion_mk_3,52.0,50.0,0.0,0.0,1.21,2.42,82.0,50.0,0.0,0.0,1.75,1.73,5.0,,,0.0,,1.0,Centurion_Mk_3
jp_navy_120mm_spg,48.0,,,0.0,,2.69,81.0,87.37,0.0,0.0,3.63,2.74,0.0,,,,,,Chi-Ha_LG
fr_amx_elc_bis,53.0,53.23,0.0,0.0,1.13,1.24,307.0,57.28,0.0,0.0,2.21,2.54,14.0,0.0,0.0,0.0,0.0,0.0,ELC_bis
jp_type_2_ho_ni_2,54.0,100.0,0.0,0.0,3.72,2.89,0.0,,,,,,0.0,,,,,,Ho-Ni_II
us_t26e4_superpershing,50.0,67.95,0.0,0.0,2.96,3.98,481.0,56.71,0.0,0.0,2.55,2.78,0.0,,,,,,T26E1-1
cn_m4a1_76w_sherman,54.0,80.83,0.11,0.11,2.54,2.08,36.0,,,0.0,,1.89,0.0,,,,,,M4A1_(75)_W_(China)
wm_23,53.0,46.0,2.24,2.8,1.46,1.72,0.0,,,,,,0.0,,,,,,◔WM-23
it_of_40_mtca,56.0,66.67,0.0,0.0,4.21,2.02,740.0,62.12,0.0,0.0,4.51,3.45,14.0,50.0,0.0,0.0,1.0,2.0,OF-40_(MTCA)
it_2s1,48.0,100.0,0.0,0.0,1.0,0.53,43.0,0.0,0.0,0.0,1.14,0.85,0.0,,,,,,◔2S1
btd-1,51.0,0.0,0.0,0.0,1.92,1.06,37.0,50.0,0.0,0.0,1.0,1.17,7.0,,,0.0,,0.0,BTD-1
sea_fury_fb11,54.0,75.0,1.83,2.25,2.09,2.68,5.0,100.0,0.0,0.0,0.2,0.2,18.0,,,1.0,,0.0,Sea_Fury_FB_11
f7f1,51.0,,,0.9,,1.52,20.0,100.0,2.0,2.0,2.0,2.0,0.0,,,,,,F7F-1
us_m2a4,49.0,100.0,0.0,0.0,3.43,3.15,54.0,70.45,0.0,0.0,2.43,2.35,0.0,,,,,,M2A4
fr_amx_30_b2,48.0,50.0,0.0,0.0,1.83,2.66,221.0,52.47,0.0,0.0,1.36,1.29,0.0,,,,,,AMX-30B2
germ_m109g,50.0,20.97,0.0,0.0,1.06,1.65,99.0,15.9,0.0,0.0,0.35,0.37,0.0,,,,,,M109G
ussr_asu_85,47.0,53.79,0.0,0.0,0.96,1.53,165.0,25.0,0.0,0.0,2.45,1.3,0.0,,,,,,ASU-85
it_m26a1_pershing,51.0,60.0,0.0,0.0,3.38,3.65,63.0,31.94,0.0,0.0,1.57,1.44,13.0,,,0.0,,0.0,M26A1
mig_29kr_9_41r,52.0,50.0,1.68,2.54,0.11,0.11,122.0,60.87,1.4,1.14,0.12,0.09,4.0,,,2.0,,0.0,МиГ-29КР_(9-41Р)
uk_challenger_1,52.0,50.0,0.0,0.0,1.65,1.34,156.0,16.99,0.0,0.0,4.28,2.53,4.0,,,0.0,,0.0,Challenger_Mk.2
uk_charioteer_mk_7,52.0,100.0,0.0,0.0,2.23,1.93,171.0,52.38,0.0,0.0,3.52,2.09,0.0,,,,,,Charioteer_Mk_VII
mig-21_smt,50.0,0.0,1.0,0.64,0.0,0.0,318.0,47.69,1.32,1.57,0.1,0.12,16.0,,,1.33,,0.0,MiG-21SMT
germ_jgdpz_38t,44.0,100.0,0.0,0.0,10.57,4.57,7.0,0.0,0.0,0.0,2.0,2.0,0.0,,,,,,Jagdpanzer_38(t)
fr_m10,50.0,100.0,0.0,0.0,4.76,4.11,135.0,54.17,0.0,0.0,2.24,1.58,0.0,,,,,,M10_GMC
sw_strv_m40l,48.0,100.0,0.0,0.0,2.83,2.96,37.0,,,0.0,,0.65,0.0,,,,,,Strv_m/40L
spitfire_mk5b_italy,48.0,0.0,4.9,4.9,0.0,0.0,64.0,67.28,1.92,3.3,1.56,2.85,19.0,0.0,2.0,,0.0,,Spitfire_Mk_Vb/trop
ussr_t_90a,48.0,50.0,0.0,0.0,2.33,1.97,642.0,43.03,0.0,0.0,1.33,1.22,15.0,100.0,0.0,0.0,2.67,2.0,Т-90А
mig_29_9_12,50.0,27.27,1.14,1.03,0.05,0.05,38.0,50.0,1.29,1.3,0.0,0.0,17.0,,,,,,МиГ-29_(9-12)
ussr_object_268,49.0,22.5,0.0,0.0,1.25,2.15,112.0,42.18,0.0,0.0,2.12,3.02,0.0,,,,,,Object_268
p-63a-10_ussr,47.0,100.0,1.3,0.56,3.75,2.24,75.0,86.67,0.6,0.27,2.8,2.08,34.0,,,,,,P-63A-10
p-61c_1,48.0,,,1.26,,2.0,57.0,36.15,1.15,1.72,0.3,0.58,0.0,,,,,,P-61C-1
germ_stug_III_ausf_G,45.0,,,,,,171.0,9.09,0.0,0.0,6.54,2.76,0.0,,,,,,StuG_III_G
typhoon_mk1b_late,46.0,16.67,4.75,5.98,0.17,0.1,166.0,45.96,0.83,1.36,1.66,2.64,3.0,,,1.0,,1.0,Typhoon_Mk_Ib/L
p-51_mk1a_usaaf,47.0,100.0,4.27,2.93,1.0,0.2,60.0,87.93,3.34,3.75,0.21,0.36,0.0,,,,,,P-51
f_16c_block_50,46.0,45.45,1.43,1.74,0.0,0.0,561.0,46.92,1.16,1.02,0.45,0.4,250.0,0.0,6.52,1.27,0.25,0.06,F-16C
jp_st_b1,46.0,100.0,0.0,0.0,1.63,1.17,422.0,64.2,0.0,0.0,2.08,1.61,0.0,,,,,,STB-2
fr_amx_30_b2_brenus,43.0,50.0,0.0,0.0,2.84,3.2,113.0,73.72,0.0,0.0,3.15,2.99,0.0,,,,,,AMX-30B2_BRENUS
uk_conqueror_mk_2,48.0,50.0,0.0,0.0,2.36,3.9,84.0,77.04,0.0,0.0,4.43,3.15,12.0,50.0,0.0,0.0,2.5,3.0,Conqueror
ussr_t_80ud,50.0,80.56,0.0,0.0,3.94,4.75,1971.0,48.22,0.0,0.0,2.03,1.55,0.0,,,,,,T-80UD
us_m46_patton,49.0,80.0,0.0,0.0,4.3,2.74,264.0,57.55,0.0,0.0,1.96,1.79,0.0,,,,,,M46
germ_sturmpanzer_IV_brummbar,42.0,66.67,0.0,0.0,2.53,1.76,9.0,0.0,0.0,0.0,2.0,2.0,0.0,,,,,,Brummbär
spitfire_ix_early,43.0,50.0,4.03,4.5,0.99,1.29,31.0,,,0.33,,2.67,14.0,,,0.0,,0.0,Spitfire_F_Mk_IX
sw_pt_76b,45.0,51.85,0.0,0.0,0.97,1.21,119.0,26.3,0.0,0.0,0.47,0.42,0.0,,,,,,PT-76
uk_fv438_swingfire,44.0,33.33,0.0,0.0,0.67,0.72,56.0,0.0,0.0,0.0,0.59,0.88,0.0,,,,,,Swingfire
us_t34,47.0,90.63,0.0,0.0,0.97,1.32,853.0,55.99,0.0,0.0,2.21,1.67,13.0,,,0.0,,1.0,T34
vb_10c1,42.0,100.0,12.36,9.58,0.0,0.0,29.0,100.0,1.0,0.7,2.0,1.8,0.0,,,,,,VB.10C-1
it_as_42_47,43.0,61.76,0.0,0.0,2.85,2.56,17.0,,,0.0,,2.0,0.0,,,,,,AS_42/47
ussr_m53_59,41.0,47.06,1.89,3.79,0.46,0.97,353.0,35.07,1.07,0.36,0.48,0.24,0.0,,,,,,M53/59
bf_109t_2,42.0,100.0,3.88,3.88,3.1,3.1,0.0,,,,,,0.0,,,,,,Bf_109_T-2
sw_leopard_2a6nl,44.0,52.27,0.0,0.0,2.18,4.23,68.0,3.03,0.0,0.0,3.64,2.17,0.0,,,,,,Leopard_2A6
ussr_9a33bm3,46.0,50.0,2.0,4.0,0.0,0.0,112.0,35.18,0.77,0.96,0.0,0.0,0.0,,,,,,Оса-АКМ
il_merkava_mk_3c,47.0,58.33,0.0,0.0,2.61,2.61,159.0,44.24,0.0,0.0,2.79,2.09,4.0,0.0,0.0,0.0,1.0,1.0,Merkava_Mk.3C
fw-190a-1,45.0,62.5,2.63,4.37,0.33,0.58,50.0,100.0,1.0,1.0,2.0,2.0,0.0,,,,,,Fw_190_A-1
uk_challenger_2_tes,46.0,50.0,0.0,0.0,1.43,1.76,42.0,50.0,0.0,0.0,2.33,2.33,0.0,,,,,,Challenger_2_TES
fw-190a-5_cannons,43.0,100.0,2.4,2.73,1.07,0.58,27.0,,,,,,0.0,,,,,,Fw_190_A-5
sw_t_72m1,41.0,66.67,0.0,0.0,2.0,3.0,339.0,50.75,0.0,0.0,2.81,2.09,0.0,,,,,,T-72M1
germ_thyssen_henschel_tam_2c,43.0,91.18,0.0,0.0,2.09,0.82,211.0,43.87,0.0,0.0,2.22,1.88,63.0,22.46,0.0,0.0,0.83,0.77,TAM_2C
b7a2,48.0,50.0,1.42,2.48,3.46,6.2,3.0,100.0,2.0,,5.67,,0.0,,,,,,B7A2
it_leopard_2a7_hungary,46.0,54.9,0.0,0.0,3.21,5.74,94.0,71.67,0.0,0.0,5.42,5.04,0.0,,,,,,Leopard_2A7HU
us_m3_lee,38.0,66.67,0.2,0.2,3.5,4.2,32.0,50.0,0.0,0.0,2.33,1.8,0.0,,,,,,M3_Lee
p-51d-30_usaaf_korea,45.0,,,0.75,,1.18,86.0,57.86,1.53,2.33,0.53,0.64,0.0,,,,,,P-51D-30
ussr_it_1,47.0,41.59,0.0,0.0,0.7,1.17,211.0,48.36,0.0,0.0,1.98,1.49,6.0,,,0.0,,1.0,IT-1
us_adats_bradley,45.0,80.0,0.8,0.8,0.8,0.8,291.0,48.44,1.03,0.47,0.24,0.15,0.0,,,,,,ADATS
bf_110g_4_hungary,40.0,81.25,0.79,0.83,3.38,3.5,94.0,73.93,0.28,0.36,1.81,2.18,0.0,,,,,,◐Bf_110_G-4
mig_23mla,43.0,50.0,1.76,2.0,0.0,0.0,180.0,53.0,1.04,1.3,0.11,0.14,0.0,,,,,,◊MiG-23MLA
su_17m4,42.0,51.79,0.68,1.23,1.07,1.87,16.0,,,0.0,,1.0,49.0,100.0,1.0,0.71,1.38,1.41,Su-17M4
ffvs_j22_b,41.0,100.0,1.0,1.12,0.0,0.0,0.0,,,,,,0.0,,,,,,J22-B
germ_flakpanzer_IV_Kugelblitz,41.0,0.0,0.17,0.17,0.0,0.0,285.0,47.5,1.02,1.06,0.71,0.73,0.0,,,,,,Kugelblitz
it_m36b1,38.0,92.5,0.06,0.06,2.48,2.48,54.0,47.22,0.0,0.0,3.01,1.9,0.0,,,,,,M36B1
j_7e,38.0,39.13,2.15,2.22,0.0,0.0,4.0,0.0,4.0,4.0,0.0,0.0,0.0,,,,,,J-7E
ki_61_1a_otsu_china,40.0,94.0,2.2,2.29,0.26,0.27,0.0,,,,,,47.0,97.73,1.0,1.0,3.95,3.79,Ki-61-I_otsu_(China)
ussr_is_6,42.0,46.77,0.0,0.0,2.95,3.06,215.0,57.85,0.0,0.0,3.19,2.55,21.0,,,0.0,,1.0,IS-6
pe-2-205,40.0,89.29,0.11,0.1,3.75,3.7,0.0,,,,,,0.0,,,,,,Pe-2-205
p-51d-20_china,40.0,100.0,2.13,1.21,0.38,0.71,55.0,100.0,0.5,0.56,2.0,1.04,0.0,,,,,,P-51D-20_(China)
ussr_t_34E,42.0,93.75,0.0,0.0,2.31,2.71,99.0,96.3,0.0,0.0,6.15,3.46,0.0,,,,,,T-34E
su_30mkk,39.0,94.44,5.29,4.0,1.22,1.25,1948.0,61.33,1.38,1.67,0.38,0.46,148.0,100.0,6.0,0.87,1.0,0.17,Su-30MKK_(China)
it_pzkpfw_VI_ausf_e_tiger,40.0,100.0,0.0,0.0,19.25,5.72,248.0,66.27,0.0,0.0,6.14,4.86,4.0,100.0,0.0,0.0,5.0,5.0,Tigris
germ_leopard_2a5_pso,40.0,76.32,0.0,0.0,2.58,3.83,959.0,44.87,0.0,0.0,1.59,1.43,4.0,,,0.0,,0.0,Leopard_2_PSO
uk_churchill_na75,40.0,100.0,0.0,0.0,2.1,4.0,26.0,100.0,0.0,0.0,4.0,4.09,0.0,,,,,,Churchill_NA75
germ_panzerjager_tiger,40.0,0.0,0.0,0.0,2.71,2.23,384.0,35.84,0.0,0.0,2.6,2.14,0.0,,,,,,Jagdtiger
us_m4a3e8_76w_sherman,39.0,60.72,0.0,0.0,2.0,4.59,515.0,54.23,0.0,0.0,1.97,1.88,0.0,,,,,,M4A3_(76)_W
uk_challenger_mk_3,44.0,46.08,0.0,0.0,1.56,1.41,72.0,58.34,0.0,0.0,2.35,2.27,11.0,50.0,0.0,0.0,0.5,1.0,Challenger_Mk.3
j7w1,42.0,,,1.56,,0.0,490.0,76.52,0.9,0.69,2.9,2.16,0.0,,,,,,J7W1
fr_arl_44,39.0,100.0,0.0,0.0,2.0,1.2,254.0,47.63,0.0,0.0,2.57,1.54,0.0,,,,,,ARL-44
mig-21_f13,41.0,50.0,3.5,2.3,0.0,0.0,171.0,48.06,1.15,1.34,0.0,0.0,0.0,,,,,,MiG-21F-13
us_m60a2,40.0,,,0.0,,1.0,56.0,92.98,0.0,0.0,2.69,2.62,6.0,0.0,0.0,0.0,1.0,1.0,M60A2
us_stingray,41.0,92.11,0.0,0.0,0.84,0.88,688.0,46.89,0.0,0.0,1.82,1.46,0.0,,,,,,Stingray
f8f1b,39.0,83.33,1.28,1.35,2.65,2.42,611.0,77.96,0.63,0.53,2.23,1.88,0.0,,,,,,F8F-1B
i-16_type27,38.0,100.0,3.78,3.17,0.0,0.0,0.0,,,,,,0.0,,,,,,I-16_type_27
spitfiremkii,40.0,,,4.17,,0.0,15.0,,,,,,0.0,,,,,,Spitfire_Mk_IIb
germ_flakpz_I_Gepard,45.0,27.33,0.73,0.87,1.82,1.85,1285.0,34.43,0.24,0.19,1.06,0.85,8.0,0.0,0.0,0.0,0.0,0.0,Gepard
bf-109g-6,40.0,0.0,4.84,4.56,0.48,0.48,53.0,87.04,8.69,7.0,1.78,2.0,0.0,,,,,,Bf_109_G-6
lancaster_mk1,42.0,100.0,0.45,0.45,3.85,3.85,0.0,,,,,,0.0,,,,,,Lancaster_B_Mk_I
it_stug_III_ausf_G,39.0,96.67,0.0,0.0,2.05,1.77,66.0,33.95,0.0,0.0,1.91,2.01,0.0,,,,,,StuG_III_G
uk_chieftain_900,41.0,50.79,0.0,0.0,1.36,1.83,119.0,55.06,0.0,0.0,1.64,1.73,0.0,,,,,,Chieftain_900
he-162a-2,40.0,,,0.95,,0.0,232.0,47.96,2.11,2.74,0.53,0.7,0.0,,,,,,He_162_A-2
tu-2_postwar_late,40.0,75.0,0.0,0.0,0.94,0.5,148.0,100.0,0.27,0.3,6.53,4.76,10.0,100.0,0.0,,2.0,,Tu-2S-59
pe-3,38.0,100.0,1.71,1.71,6.74,6.74,0.0,,,,,,0.0,,,,,,Pe-3
us_m6a2e1,39.0,96.67,0.0,0.0,5.23,4.93,28.0,100.0,0.0,0.0,5.93,5.73,0.0,,,,,,M6A2E1
tempest_mkv,41.0,67.95,1.38,2.23,1.38,2.15,0.0,,,,,,0.0,,,,,,Tempest_Mk_V
ussr_t_35,36.0,100.0,0.0,0.0,8.0,5.75,0.0,,,,,,0.0,,,,,,T-35
c_3604,36.0,87.5,2.0,2.04,3.54,3.77,3.0,,,1.0,,2.0,0.0,,,,,,◌С-3604
cn_wz_1001,37.0,,,0.0,,1.7,82.0,64.39,0.0,0.0,3.54,1.99,0.0,,,,,,WZ1001(E)_LCT
fr_amx_30_auf_1,39.0,,,0.68,,1.0,14.0,,,0.0,,1.0,0.0,,,,,,AuF1
mig_29_9_12_germany,39.0,50.0,2.0,2.0,0.0,0.0,91.0,43.33,1.04,0.92,0.2,0.08,28.0,,,1.65,,0.0,◊MiG-29
uk_a_13_mk1,40.0,,,0.0,,3.83,0.0,,,,,,0.0,,,,,,A13_Mk_I
fr_amx_13_90,37.0,100.0,0.0,0.0,2.87,1.89,162.0,70.76,0.0,0.0,3.61,2.54,0.0,,,,,,AMX-13-90
a6m2_mod11,39.0,39.33,2.12,3.58,0.0,0.0,37.0,100.0,0.41,0.32,0.0,0.0,0.0,,,,,,A6M2_mod._11
pby-5a_ussr,38.0,100.0,0.58,1.0,5.0,5.0,0.0,,,,,,0.0,,,,,,PBY-5A_Catalina
p-40e_ussr,35.0,100.0,4.76,4.0,1.42,1.18,0.0,,,,,,0.0,,,,,,P-40E-1
thunderbolt_mk1,35.0,100.0,1.7,1.7,4.2,4.2,38.0,,,0.08,,1.84,0.0,,,,,,Thunderbolt_Mk.1
cn_ztz_99_w,35.0,100.0,0.0,0.0,3.21,2.95,122.0,51.07,0.0,0.0,1.73,1.43,0.0,,,,,,ZTZ99-III
p_108b_serie1,37.0,,,0.0,,3.8,0.0,,,,,,0.0,,,,,,P.108B_serie_1
il_merkava_mk_1,34.0,83.33,0.0,0.0,1.81,1.86,127.0,61.79,0.0,0.0,2.58,3.7,0.0,,,,,,Merkava_Mk.1
jp_type_74_mod_g_kai,38.0,64.29,0.0,0.0,2.9,2.9,126.0,51.18,0.0,0.0,3.01,1.88,0.0,,,,,,Type_74_(G)
uk_challenger_1_mk_3_gulf,39.0,54.9,0.0,0.0,1.78,2.04,474.0,56.22,0.0,0.0,3.23,2.41,0.0,,,,,,Challenger_DS
us_m4a1_76w_sherman,37.0,,,0.0,,4.12,317.0,49.01,0.0,0.0,3.66,2.74,0.0,,,,,,M4A1_(76)_W
go229_v3,37.0,50.0,1.36,1.65,0.0,0.0,176.0,67.74,1.0,1.41,3.39,4.92,0.0,,,,,,Ho_229_V3
mc-202_d,36.0,100.0,3.0,2.44,1.0,0.44,2.0,,,,,,0.0,,,,,,C._202D
mc-202_italy,38.0,55.0,2.38,3.2,0.33,0.37,0.0,,,,,,0.0,,,,,,C._202
uk_ratel_90,41.0,50.0,0.0,0.0,1.15,1.15,283.0,52.07,0.0,0.0,2.26,1.32,0.0,,,,,,Ratel_90
ussr_pt_76b,36.0,,,0.0,,2.6,471.0,47.31,0.0,0.0,1.36,0.83,0.0,,,,,,PT-76B
uk_fv107_scimitar_mk2,40.0,50.0,0.0,0.0,0.5,0.5,123.0,66.67,0.0,0.0,3.48,0.94,0.0,,,,,,Scimitar_Mk.2
jp_type_97_chi_ha_12cm,35.0,100.0,0.0,0.0,7.0,4.5,0.0,,,,,,0.0,,,,,,Chi-Ha_Short_Gun
us_m4a3e2_76w_sherman_jumbo,36.0,92.59,0.07,0.11,6.89,7.33,366.0,60.77,0.0,0.0,6.64,4.58,0.0,,,,,,M4A3E2_(76)_W
it_oto_r3_t20_fa,34.0,44.44,1.0,1.0,0.56,0.85,137.0,31.75,0.26,0.12,0.68,0.22,0.0,,,,,,R3_T20_FA-HS
us_m4a3e2_sherman_jumbo,35.0,64.74,0.35,0.69,1.52,2.19,247.0,50.49,0.0,0.0,5.46,2.09,0.0,,,,,,M4A3E2
ussr_bmp_3,33.0,100.0,0.0,0.0,2.6,1.87,873.0,39.64,0.0,0.0,1.0,0.92,12.0,,,0.0,,0.0,BMP-3
jaguar_is,36.0,46.67,1.0,1.0,0.0,0.0,17.0,50.0,0.0,0.0,0.5,1.0,0.0,,,,,,Jaguar_IS
us_m1_ip_abrams,34.0,50.0,0.0,0.0,0.96,1.68,637.0,63.12,0.0,0.0,3.82,3.42,0.0,,,,,,IPM1
f-84g_thailand,36.0,,,0.21,,0.0,0.0,,,,,,0.0,,,,,,F-84G-21-RE
germ_leopard_2av,39.0,12.5,0.0,0.0,0.5,0.33,213.0,64.31,0.0,0.0,5.01,3.36,0.0,,,,,,Leopard_2AV
j6k1,34.0,92.86,5.5,4.83,0.5,0.4,134.0,56.79,3.6,4.07,1.18,1.33,4.0,,,,,,J6K1
hunter_f58_switzerland,37.0,50.0,3.83,4.31,0.0,0.0,728.0,63.49,1.05,1.46,0.95,1.32,0.0,,,,,,◌Hunter_F.58
spitfire_mk5b_notrop,33.0,100.0,2.13,4.25,0.5,1.0,0.0,,,,,,0.0,,,,,,Spitfire_Mk_Vb
fr_amd_35_sa35,32.0,100.0,0.0,0.0,3.0,2.88,0.0,,,,,,0.0,,,,,,AMD.35_(SA35)
bf-109g-6_erla_finland,35.0,50.0,1.1,1.46,0.0,0.0,10.0,,,,,,0.0,,,,,,Bf_109_G-6_Erla
germ_flakpanzer_IV_Ostwind_2,32.0,0.0,1.0,1.0,0.0,0.0,182.0,11.56,0.61,0.37,0.23,0.05,11.0,20.0,0.8,1.0,0.0,0.0,Ostwind_II
bb-1,35.0,100.0,2.45,2.45,4.71,4.71,123.0,63.91,1.15,1.29,4.57,5.95,0.0,,,,,,BB-1
sb_2m_105,32.0,56.95,0.43,0.53,3.41,4.74,0.0,,,,,,0.0,,,,,,SB_2M-105
su-2_mv5,35.0,100.0,2.0,1.0,3.33,1.5,0.0,,,,,,0.0,,,,,,Su-2_MV-5
cn_t_80ud_478be,32.0,98.21,0.0,0.0,2.82,2.89,34.0,50.0,0.0,0.0,2.0,1.09,0.0,,,,,,T-80UD/BE
p-400,34.0,100.0,2.26,1.78,0.48,0.24,56.0,0.0,1.72,1.39,0.61,0.22,0.0,,,,,,P-400
ussr_m4a2_76w_sherman,33.0,70.0,0.0,0.0,4.5,4.33,148.0,57.62,0.0,0.0,4.18,4.81,0.0,,,,,,M4A2
us_t1e1,33.0,100.0,0.0,0.0,2.29,2.39,125.0,58.34,0.0,0.0,2.78,1.99,0.0,,,,,,T1E1
mig_23mld,33.0,37.78,0.8,1.29,0.0,0.0,210.0,48.99,2.24,4.05,0.0,0.0,44.0,,,1.32,,0.0,MiG-23MLD
saab_j21a_1,36.0,20.83,1.04,1.0,0.0,0.0,111.0,56.92,2.57,2.37,0.37,0.33,0.0,,,,,,J21A-1
f4u-4,31.0,100.0,2.5,1.11,0.33,0.55,83.0,100.0,1.71,1.14,2.43,1.53,0.0,,,,,,F4U-4
mig_23m,33.0,50.0,0.93,1.26,0.0,0.0,90.0,47.44,0.77,1.01,0.0,0.0,0.0,,,,,,MiG-23M
fr_leopard_1a5be,34.0,100.0,0.0,0.0,6.0,3.0,228.0,57.07,0.0,0.0,1.29,1.31,17.0,,,0.0,,0.24,Leopard_1A5BE
cn_ztz_99,31.0,100.0,0.0,0.0,2.71,2.57,176.0,48.59,0.0,0.0,2.2,1.57,0.0,,,,,,ZTZ99-II
cn_ztz_88a,31.0,62.28,0.0,0.0,1.92,2.75,108.0,83.33,0.0,0.0,3.66,4.01,16.0,100.0,0.0,0.0,2.8,2.25,ZTZ88A
pe-2-31,32.0,100.0,0.02,0.03,2.66,3.37,0.0,,,,,,0.0,,,,,,Pe-2-31
ta-152c,31.0,50.0,1.73,1.85,0.0,0.0,22.0,,,1.88,,0.88,0.0,,,,,,Ta_152_C-3
it_p_26_40,49.0,93.55,0.0,0.01,3.78,4.13,16.0,100.0,0.0,0.0,10.0,4.29,0.0,,,,,,"P40_""G.C._Leoncello"""
ussr_t_62,30.0,36.67,0.0,0.0,2.23,2.92,179.0,60.05,0.0,0.0,2.15,2.13,0.0,,,,,,T-62
d4y2,33.0,,,0.0,,3.0,0.0,,,,,,0.0,,,,,,D4Y2
germ_m44,33.0,62.96,0.0,0.0,1.94,2.67,92.0,0.0,0.0,0.0,3.04,1.48,0.0,,,,,,M44
jp_type_99,31.0,50.0,0.0,0.0,1.0,1.22,299.0,69.22,0.0,0.0,1.41,1.25,0.0,,,,,,Type_99
ussr_su_85_1943,31.0,100.0,0.0,0.0,2.16,2.38,6.0,,,0.0,,1.6,0.0,,,,,,SU-85
p-51d-20-na_j26,28.0,44.44,0.92,1.56,0.39,0.7,32.0,33.33,0.3,0.3,0.3,0.3,0.0,,,,,,J26
fr_panhard_ebr_1963,32.0,50.0,0.0,0.0,1.0,1.0,308.0,53.65,0.0,0.0,2.85,2.18,0.0,,,,,,E.B.R._(1963)
bf-109g-2_finland,34.0,20.83,1.33,1.33,0.42,0.42,24.0,66.67,1.33,1.33,0.33,0.33,0.0,,,,,,Bf_109_G-2
il_m113_hvms,34.0,0.0,0.0,0.0,1.0,0.5,133.0,39.33,0.0,0.0,1.64,1.44,0.0,,,,,,Bardelas/60mm_HVMS
germ_sdkfz_251_21,33.0,50.0,1.0,0.79,0.0,0.0,226.0,33.18,1.79,1.1,0.86,0.5,0.0,,,,,,Sd.Kfz.251/21
su_25,31.0,52.5,0.58,1.0,2.18,3.77,360.0,52.56,0.66,0.57,2.06,1.78,17.0,,,,,,Su-25
il_2_m82,31.0,100.0,1.0,1.0,1.22,1.19,0.0,,,,,,0.0,,,,,,IL-2_M-82
uk_sherman_II,31.0,100.0,0.0,0.0,2.25,1.0,16.0,56.25,0.0,0.0,3.31,5.55,0.0,,,,,,Sherman_II
z_1007_bis_serie5,31.0,100.0,0.0,0.0,1.17,1.3,0.0,,,,,,0.0,,,,,,Z.1007_bis_serie_5
a6m2_zero_usa,31.0,0.0,3.22,2.93,0.0,0.0,4.0,,,,,,0.0,,,,,,A6M2
ussr_type_65_aa,31.0,100.0,0.0,,0.1,,0.0,,,,,,0.0,,,,,,Phòng_không_T-34
germ_pzkpfw_II_ausf_H,25.0,75.0,0.3,0.5,9.8,19.5,55.0,,,0.0,,1.38,0.0,,,,,,Pz.II_H
bv-238,35.0,71.8,3.19,2.75,6.95,6.05,19.0,100.0,7.0,7.0,5.0,5.0,0.0,,,,,,BV_238
yak-4,30.0,100.0,0.4,0.32,5.67,5.32,0.0,,,,,,0.0,,,,,,Yak-4
p-47d_22_re_france,29.0,100.0,1.25,0.26,10.75,3.61,29.0,50.0,0.0,0.0,0.33,0.73,0.0,,,,,,P-47D-22-RE
tempest_mk2,32.0,51.54,0.88,1.62,0.91,1.8,40.0,50.0,0.95,1.0,1.45,1.55,0.0,,,,,,Tempest_Mk_II
it_lancia3ro_100,32.0,100.0,0.0,0.0,2.64,2.63,0.0,,,,,,0.0,,,,,,Lancia_3Ro_(100/17)
it_sherman_VII,30.0,100.0,0.0,0.0,1.0,5.82,10.0,100.0,0.0,0.0,3.0,3.0,0.0,,,,,,M4_Tipo_IC
p-51d-10,30.0,96.0,0.6,0.77,1.2,1.27,17.0,50.0,1.0,2.0,0.04,0.07,0.0,,,,,,P-51D-10
f-86a-5,33.0,50.0,1.75,1.75,0.5,0.5,93.0,74.49,2.3,1.35,1.75,0.96,0.0,,,,,,F-86A-5
germ_leopard_a1a1_120,30.0,100.0,0.0,0.0,2.22,2.22,211.0,64.52,0.0,0.0,4.28,2.3,31.0,88.24,0.0,0.0,1.44,1.35,Leopard_A1A1_(L/44)
il_merkava_mk_2d,27.0,50.0,0.0,0.0,1.69,2.6,284.0,46.77,0.0,0.0,4.3,2.67,0.0,,,,,,Merkava_Mk.2D
sw_strv_104,29.0,20.0,0.0,0.0,3.0,2.05,199.0,48.43,0.0,0.0,1.31,1.51,0.0,,,,,,Strv_104
su_24m,29.0,0.0,1.0,1.0,1.22,1.39,135.0,59.76,0.4,0.54,1.19,1.39,28.0,,,,,,Су-24М
sw_ikv_91_105,28.0,50.0,0.0,0.0,1.07,1.07,163.0,57.74,0.0,0.0,0.4,0.34,20.0,43.75,0.0,0.0,1.0,1.64,Ikv_91-105
f-5e,29.0,100.0,1.92,1.75,0.0,0.0,134.0,50.83,1.1,2.27,0.86,1.73,24.0,50.0,1.0,1.0,3.0,3.0,F-5E
fr_somua_sm,34.0,100.0,0.0,0.0,6.54,9.0,649.0,69.07,0.0,0.0,4.7,2.72,17.0,,,0.0,,1.0,Somua_SM
f-86f-25,33.0,50.0,1.94,1.81,0.69,0.65,12.0,,,,,,0.0,,,,,,F-86F-25
su_27,26.0,55.56,0.45,0.45,0.0,0.0,490.0,57.09,1.34,1.56,0.1,0.1,12.0,,,0.0,,0.0,Su-27
spitfire_mk14c,29.0,,,4.59,,0.0,10.0,,,,,,0.0,,,,,,Spitfire_F_Mk_XIVc
sw_strv_m31,28.0,100.0,0.0,0.0,4.05,4.05,0.0,,,,,,0.0,,,,,,Strv_m/31
germ_leopard_2a4,28.0,100.0,0.0,0.0,3.2,2.96,1153.0,50.13,0.0,0.0,1.61,1.38,113.0,34.27,0.0,0.0,1.03,1.34,Leopard_2A4
firefly_mk4_netherlands,28.0,100.0,2.33,1.71,0.83,0.85,34.0,100.0,0.97,0.97,2.65,2.65,0.0,,,,,,◘Firefly_F.Mk.IV
ussr_9a35_m2,28.0,50.0,0.7,,0.0,,57.0,19.17,2.18,1.39,0.0,0.0,0.0,,,,,,Strela-10M2
uk_vickers_mbt_mk_1,34.0,62.22,0.0,0.0,3.97,2.09,112.0,43.19,0.0,0.0,3.3,2.46,11.0,50.0,0.0,0.0,1.0,2.0,Vickers_Mk.1
p-51c-10_france,28.0,,,,,,0.0,,,,,,9.0,,,,,,F-6C-10-NA
us_mbt_70,34.0,0.0,0.0,0.0,2.2,2.29,1336.0,55.07,0.0,0.0,1.79,1.46,0.0,,,,,,MBT-70
f-8e,28.0,100.0,1.33,1.23,0.0,0.0,28.0,50.0,1.0,2.0,0.0,0.0,4.0,,,3.0,,0.0,F-8E
germ_stug_III_ausf_F,26.0,100.0,0.0,0.0,8.0,8.25,106.0,39.29,0.0,0.0,2.71,4.12,0.0,,,,,,StuG_III_F
f-4s,25.0,100.0,4.91,2.36,0.0,0.0,1070.0,50.98,1.15,1.29,0.15,0.2,26.0,,,1.77,,0.0,F-4S_Phantom_II
seafire_fr47,31.0,50.0,2.0,1.21,0.5,0.52,3.0,66.67,0.7,1.0,1.7,2.5,0.0,,,,,,Seafire_FR_47
us_t14,28.0,,,,,,366.0,57.12,0.0,0.0,6.22,4.61,0.0,,,,,,T14
it_c1_ariete_pso,29.0,,,,,,211.0,59.02,0.0,0.0,2.82,2.22,12.0,,,0.0,,1.0,Ariete_PSO
cn_m41_a3_walker_bulldog,27.0,95.45,0.0,0.0,3.14,3.04,45.0,2.17,0.0,0.0,3.2,2.1,0.0,,,,,,M41A3_(China)
hurricane_mk1c,30.0,100.0,5.7,2.93,0.0,0.0,0.0,,,,,,0.0,,,,,,Sea_Hurricane_Mk_IC
germ_boxer_swatrinf,29.0,,,0.0,,0.0,141.0,18.49,0.03,0.02,0.22,0.18,14.0,,,0.0,,1.0,sWaTrgInf
cn_m18_hellcat,27.0,96.83,0.0,0.0,2.5,2.5,85.0,57.41,0.0,0.0,3.02,2.6,0.0,,,,,,M18_GMC_(China)
us_m103,27.0,50.0,0.0,0.0,0.63,1.25,73.0,47.83,0.0,0.0,2.92,2.08,14.0,100.0,0.0,0.0,1.0,1.0,M103
pb4y-2_china,28.0,100.0,1.0,0.08,4.75,0.9,0.0,,,,,,0.0,,,,,,PB4Y-2_(China)
germ_kv_1B_finland,35.0,98.53,0.01,0.2,5.05,9.0,264.0,56.66,0.0,0.0,7.28,4.05,0.0,,,,,,KV-IB
f8u-2,28.0,50.0,6.5,2.38,0.0,0.0,451.0,37.98,1.05,1.1,0.08,0.08,21.0,,,,,,F8U-2
sw_ikv_73,28.0,98.08,0.0,0.0,5.23,5.37,20.0,50.0,0.0,0.0,1.6,1.81,0.0,,,,,,Ikv_73
ussr_t_44_122,28.0,70.0,0.27,0.45,3.01,4.3,112.0,77.69,0.0,0.0,3.92,3.55,3.0,,,0.0,,0.0,T-44-122
germ_pzkpfw_Maus,24.0,87.5,0.0,0.0,9.8,6.86,490.0,41.81,0.01,0.01,7.44,4.52,0.0,,,,,,Maus
cn_type_59d,26.0,,,0.0,,2.27,161.0,38.39,0.0,0.0,2.86,1.67,0.0,,,,,,ZTZ59D1
mc200_serie3_italy,27.0,100.0,3.22,2.87,0.0,0.0,0.0,,,,,,0.0,,,,,,C._200_serie_3
a6m6c,27.0,100.0,2.0,1.81,0.0,0.0,94.0,44.83,2.93,2.34,2.02,1.81,0.0,,,,,,A6M6c
re_2002_early,27.0,50.0,1.0,1.85,0.5,1.0,0.0,,,,,,0.0,,,,,,Re.2002_Early
caudron_cr714,28.0,,,1.57,,0.0,0.0,,,,,,0.0,,,,,,C.R.714
bf-110g-2,28.0,79.17,0.25,0.23,4.0,3.98,43.0,100.0,1.0,0.83,2.0,1.83,0.0,,,,,,Bf_110_G-2
hurricane_mk1_late_finland,25.0,0.0,1.0,1.0,0.0,0.0,0.0,,,,,,0.0,,,,,,Hurricane_Mk_I/L
fr_b1_ter,26.0,,,,,,8.0,100.0,0.0,0.0,3.0,2.5,0.0,,,,,,B1_ter
us_lav_ad,26.0,50.0,1.7,3.4,0.5,1.0,689.0,52.42,0.38,0.32,0.59,0.51,0.0,,,,,,LAV-AD
germ_flakpanzer_V_Coelian,27.0,80.77,0.19,0.19,2.12,2.12,397.0,48.45,1.13,0.57,3.86,1.97,12.0,50.0,0.0,0.0,2.0,2.0,Flakpanzer_341
jh_7,25.0,58.33,0.58,1.0,0.58,0.39,0.0,,,,,,0.0,,,,,,JH-7
uk_chieftain_mk_5,28.0,50.0,0.0,0.0,3.0,3.0,87.0,54.84,0.0,0.0,3.26,1.63,4.0,,,,,,Chieftain_Mk_5
uk_m44,26.0,62.5,0.0,0.0,1.48,1.81,27.0,50.0,0.0,0.0,0.5,1.0,0.0,,,,,,M44
it_m18_hellcat,25.0,100.0,0.0,0.0,1.5,1.43,247.0,61.29,0.0,0.0,4.14,2.37,0.0,,,,,,M18
p-51k,25.0,100.0,2.78,2.33,1.11,0.83,21.0,100.0,1.0,0.0,1.29,2.0,0.0,,,,,,P-51K_(China)
f-4e,26.0,100.0,3.0,1.46,1.0,0.04,831.0,75.04,2.57,3.71,0.65,0.86,53.0,,,1.32,,2.05,F-4E_Phantom_II
jp_type_61,28.0,51.28,0.0,0.0,1.02,1.36,304.0,65.89,0.0,0.0,2.34,1.82,0.0,,,,,,Type_61
uk_chieftain_mk_3,27.0,100.0,0.0,0.0,3.0,3.0,254.0,67.62,0.0,0.0,2.41,1.72,0.0,,,,,,Chieftain_Mk_3
it_fiat_6616_ub,27.0,,,0.0,,1.0,100.0,91.38,0.0,0.0,1.97,0.96,0.0,,,,,,FIAT_6616UB
f-4j,26.0,100.0,1.17,1.04,0.0,0.0,420.0,46.93,1.53,1.44,0.11,0.11,0.0,,,,,,F-4J_Phantom_II
il_centurion_mk_5_shot,25.0,,,,,,80.0,55.38,0.0,0.0,1.58,2.15,0.0,,,,,,Sho't
il_amx_13_75,25.0,50.0,0.0,0.0,0.0,0.0,53.0,14.29,0.0,0.0,2.07,0.86,28.0,100.0,0.0,0.0,3.0,1.67,AMX-13_(Israel)
germ_pzkpfw_III_ausf_N,24.0,100.0,0.0,0.0,10.0,5.0,79.0,47.5,0.0,0.0,6.03,4.19,0.0,,,,,,Pz.III_N
itp_m1,26.0,100.0,3.5,2.81,1.5,1.46,113.0,63.67,0.63,0.7,1.48,1.64,0.0,,,,,,ITP_(M-1)
n1k2_jko,26.0,100.0,2.0,1.31,0.0,0.0,55.0,44.74,0.86,0.84,0.67,0.83,0.0,,,,,,N1K2-Ja
su-7bkl,26.0,63.64,0.64,0.85,0.93,1.5,9.0,0.0,1.0,0.17,1.0,0.33,0.0,,,,,,Su-7BKL
ussr_bt_7_m,24.0,100.0,0.0,0.0,4.5,3.38,37.0,5.56,0.0,0.0,4.56,3.16,15.0,,,,,,BT-7M
mig-19pt,26.0,,,1.0,,0.0,245.0,48.47,1.21,1.68,0.35,0.45,0.0,,,,,,MiG-19PT
fw_190f_8_hungary,27.0,0.0,2.0,0.41,4.0,1.72,17.0,,,1.0,,2.0,0.0,,,,,,◔Fw_190_F-8
fr_amx_32_105,27.0,72.62,0.0,0.0,1.51,1.51,124.0,57.1,0.0,0.0,1.68,1.36,6.0,,,0.0,,2.0,AMX-32_(105)
mig-21_bis_sau,26.0,,,1.58,,0.0,60.0,26.0,1.76,1.08,0.56,0.3,0.0,,,,,,◊MiG-21bis-SAU
sw_t_55m,24.0,0.0,0.0,0.0,2.0,1.79,204.0,54.02,0.0,0.0,1.51,1.85,0.0,,,,,,T-55M
fr_m4a4_cn_75_50,26.0,,,0.0,,2.0,202.0,48.72,0.0,0.0,1.7,1.81,0.0,,,,,,M4A4_(SA50)
uk_a30_sp_avenger,25.0,100.0,0.0,,2.5,,64.0,33.33,0.0,0.0,5.78,3.35,0.0,,,,,,Avenger
yak-38m,26.0,19.23,1.31,1.46,0.0,0.0,2.0,,,0.0,,0.0,0.0,,,,,,Yak-38M
mc-205_serie3,28.0,,,1.0,,0.0,23.0,100.0,2.0,2.0,0.22,0.22,0.0,,,,,,C._205_serie_3
il_m_51_w,25.0,100.0,0.0,0.0,1.17,2.0,106.0,72.92,0.0,0.0,3.22,1.27,0.0,,,,,,M-51_(W)
uk_badger,25.0,50.0,0.0,0.0,0.5,0.08,59.0,32.46,0.0,0.0,1.38,0.81,0.0,,,,,,Badger
germ_pzkpfw_III_ausf_J,26.0,50.0,0.5,0.5,4.54,4.54,36.0,,,0.0,,6.0,0.0,,,,,,Pz.III_J1
fr_m4a4_sherman,25.0,100.0,0.0,0.0,4.84,4.84,9.0,100.0,0.0,0.0,4.43,4.43,0.0,,,,,,M4A4
z_1007_bis_serie3,24.0,,,,,,0.0,,,,,,0.0,,,,,,Z.1007_bis_serie_3
us_mk1_grant,20.0,66.67,0.3,0.5,3.3,5.0,37.0,50.0,0.0,0.0,0.92,1.38,0.0,,,,,,Grant_I
us_xm1_chrysler,26.0,50.0,0.0,0.0,2.5,2.5,417.0,63.59,0.0,0.0,3.71,2.69,0.0,,,,,,XM1_(Chrysler)
ussr_t_28E,24.0,,,,,,9.0,,,0.0,,1.11,0.0,,,,,,T-28E
p-47d_16_re_germany,23.0,100.0,5.43,5.22,1.0,1.0,5.0,,,0.0,,0.0,0.0,,,,,,P-47D-16-RE
us_lvt_a1_m24,25.0,,,0.0,,3.0,26.0,30.77,0.0,0.0,1.62,1.62,0.0,,,,,,LVT(A)(1)_(M24)
me-262a1_u1,25.0,0.0,3.0,3.0,0.0,0.0,347.0,49.54,1.26,1.27,0.99,0.99,0.0,,,,,,Me_262_A-1a/U1
mb_157,22.0,50.0,9.5,6.75,0.25,0.13,7.0,,,,,,0.0,,,,,,M.B.157
germ_pzkpfw_38t_Marder_III_ausf_H,26.0,50.0,0.0,0.0,2.69,5.38,41.0,88.24,0.0,0.0,2.41,1.8,0.0,,,,,,Marder_III_H
ussr_kv_2_1939,25.0,,,0.0,,3.14,75.0,44.44,0.0,0.0,1.77,1.09,0.0,,,,,,KV-2_(1939)
germ_m55,24.0,50.0,0.0,0.0,1.0,2.0,112.0,0.0,0.0,0.0,4.38,1.23,0.0,,,,,,◄M55
it_kf_41,25.0,,,1.0,,1.0,39.0,0.0,0.0,0.0,1.36,1.0,0.0,,,,,,KF41
p-47d_23_ra_china_rocaf,24.0,,,1.08,,1.17,10.0,,,0.0,,1.0,0.0,,,,,,P-47D-23-RA_(China)
fr_lorraine_100,26.0,50.0,0.0,0.0,1.0,1.0,133.0,55.91,0.0,0.0,1.84,1.89,0.0,,,,,,CA_Lorraine
fr_arl_44_acl1,25.0,,,,,,27.0,100.0,0.0,0.0,2.6,1.66,0.0,,,,,,ARL-44_(ACL-1)
us_m19,23.0,,,2.0,,0.0,84.0,74.31,1.13,1.01,0.56,0.48,0.0,,,,,,M19A1
us_m1a1_abrams,23.0,,,0.0,,1.0,818.0,58.67,0.0,0.0,2.14,2.0,0.0,,,,,,M1A1
hurricane_mk1b,25.0,50.0,0.5,1.0,0.5,0.96,0.0,,,,,,0.0,,,,,,Sea_Hurricane_Mk_IB
f-4c,24.0,,,,,,111.0,82.8,1.42,0.87,1.8,1.23,10.0,,,0.0,,0.0,F-4C_Phantom_II
ju-88a-1,22.0,100.0,0.0,0.0,9.64,8.28,0.0,,,,,,0.0,,,,,,Ju_88_A-1
ussr_t_72m2_moderna,24.0,100.0,0.0,0.0,2.67,3.33,100.0,55.37,0.1,0.06,4.62,3.01,0.0,,,,,,T-72M2_Moderna
d_500,23.0,,,,,,0.0,,,,,,0.0,,,,,,D.500
ussr_t_90m_arena_m,24.0,100.0,0.0,0.0,2.69,5.0,978.0,60.32,0.0,0.0,2.3,1.79,0.0,,,,,,Т-90М_(Арена-М)
a-26b,24.0,,,1.0,,3.25,46.0,52.08,2.44,1.58,4.25,3.08,0.0,,,,,,A-26B-50
us_m18_super_hellcat,25.0,76.47,0.0,0.0,2.12,2.82,277.0,62.24,0.0,0.0,3.16,2.32,8.0,,,0.0,,1.0,Super_Hellcat
cn_ptz_89,22.0,85.71,0.0,0.0,2.71,2.45,91.0,91.13,0.0,0.0,3.0,1.97,0.0,,,,,,PTZ89
ju-87d-5,22.0,,,1.59,,2.23,1.0,,,1.0,,1.0,0.0,,,,,,Ju_87_D-5
su-8,23.0,100.0,0.68,0.74,1.79,1.65,105.0,57.52,0.7,0.47,3.45,2.69,0.0,,,,,,Su-8
fa_18c_switzerland,24.0,50.0,1.0,0.33,0.0,0.0,1485.0,50.4,0.95,1.14,0.25,0.28,154.0,,,1.71,,0.0,◌F/A-18C
il_machbet,22.0,12.5,1.75,1.35,0.0,0.0,126.0,48.06,0.53,0.83,0.02,0.03,0.0,,,,,,Machbet
yak_130_early,24.0,100.0,5.0,1.14,18.0,1.73,736.0,50.13,0.15,0.14,2.15,2.04,2.0,,,0.0,,0.0,Як-130
p-51d-20-na_iaf,23.0,50.0,1.83,1.39,0.17,0.5,7.0,80.0,1.2,0.0,0.4,2.0,0.0,,,,,,P-51D-20-NA_(Israel)
ms_410c1,23.0,,,,,,0.0,,,,,,0.0,,,,,,M.S.410
it_fiat_6616_cockerill,24.0,0.0,0.0,0.0,4.0,1.87,242.0,61.25,0.0,0.0,2.0,0.87,0.0,,,,,,AUBL/74
sb2c_5_thailand,22.0,,,0.22,,1.0,270.0,70.31,1.03,1.25,4.21,6.19,0.0,,,,,,SB2C-5
ki_61_1a_otsu_usa,23.0,,,1.0,,0.0,0.0,,,,,,0.0,,,,,,Ki-61-Ib
a6m2_n_zero,23.0,45.65,1.0,1.91,0.0,0.0,12.0,,,1.0,,0.0,0.0,,,,,,A6M2-N
d_373,23.0,,,,,,0.0,,,,,,0.0,,,,,,D.373
jp_m42_duster,21.0,20.51,0.82,1.0,0.18,0.4,438.0,54.86,0.21,0.16,0.86,0.66,0.0,,,,,,M42
it_c1_ariete,23.0,,,,,,27.0,100.0,0.0,0.0,2.75,2.61,0.0,,,,,,Ariete
ussr_t_80ue1,27.0,63.08,0.0,0.0,2.12,2.12,3251.0,46.41,0.0,0.0,1.64,1.32,0.0,,,,,,Т-80U-Е1
ms_406c1,23.0,,,1.0,,0.0,0.0,,,,,,0.0,,,,,,M.S.406C1
d_371,23.0,,,,,,0.0,,,,,,0.0,,,,,,D.371
a6m2_zero,22.0,,,1.0,,0.0,2.0,,,0.0,,1.0,0.0,,,,,,A6M2
ki-45_ko,23.0,,,,,,0.0,,,,,,0.0,,,,,,Ki-45_ko
p-63c-5_france,22.0,67.95,0.78,1.8,0.73,0.8,127.0,76.39,0.91,0.85,2.91,2.15,0.0,,,,,,P-63C-5
germ_leopard_2a5,23.0,,,,,,893.0,51.26,0.0,0.0,2.55,1.91,11.0,0.0,0.0,0.0,0.4,0.4,Leopard_2A5
sw_a_34_comet,22.0,,,,,,44.0,0.0,0.0,0.0,1.7,1.32,0.0,,,,,,Comet_I
fr_amx_13_fl_11,22.0,,,0.0,,1.47,179.0,85.22,0.0,0.0,3.84,1.46,0.0,,,,,,AMX-13_(FL11)
germ_panzerjager_tiger_P_elefant,22.0,100.0,0.0,0.0,5.0,5.86,115.0,35.44,0.0,0.0,2.49,3.12,4.0,100.0,0.0,,2.0,,Elefant
morko_morane,20.0,100.0,12.36,11.17,0.0,0.0,30.0,27.27,1.0,1.55,0.27,0.55,0.0,,,,,,Mörkö-Morane
firefly_mk5,20.0,100.0,1.67,1.67,6.96,6.96,17.0,100.0,0.0,0.0,1.0,1.0,0.0,,,,,,Firefly_FR_Mk_V
cn_wz_141,21.0,,,0.0,,3.0,68.0,100.0,0.0,0.0,7.22,3.36,30.0,50.0,0.0,0.0,2.05,2.05,WZ141-1
it_m13_40_serie_1,21.0,,,0.0,,2.0,0.0,,,,,,0.0,,,,,,M13/40_(I)
f-84g_china,23.0,,,1.13,,1.93,0.0,,,,,,0.0,,,,,,F-84G-21-RE_(China)
cn_cm_34,20.0,100.0,0.0,0.0,3.0,1.5,71.0,71.57,0.0,0.0,2.34,2.16,4.0,,,0.0,,1.0,CM34
fr_amx_13_75,23.0,,,0.0,,2.39,238.0,68.11,0.0,0.0,1.6,1.24,0.0,,,,,,AMX-13
spitfire_mk5b,20.0,100.0,3.0,6.0,0.38,0.75,14.0,100.0,1.0,1.0,0.0,0.0,0.0,,,,,,Spitfire_Mk_Vb/trop
he_112a_0,20.0,,,1.5,,0.0,28.0,,,,,,0.0,,,,,,He_112_A-0
ki_44_2_hei,23.0,50.0,2.42,3.88,0.17,0.25,42.0,95.14,0.24,0.14,0.58,0.47,0.0,,,,,,Ki-44-II_hei
f3h-2,23.0,50.0,2.07,2.14,0.0,0.0,743.0,57.39,1.74,1.85,0.49,0.53,0.0,,,,,,F3H-2
cn_type_69_2a,23.0,70.0,0.0,0.0,1.4,1.22,74.0,47.78,0.0,0.0,1.58,2.1,0.0,,,,,,Type_69-IIa
us_m4_sherman_promo,22.0,,,0.0,,1.0,45.0,0.0,0.0,0.0,3.0,2.71,0.0,,,,,,M4
p-38e,24.0,100.0,1.71,1.0,0.0,0.0,0.0,,,,,,0.0,,,,,,P-38E
ussr_bmp_1,20.0,100.0,0.0,0.0,0.0,0.75,480.0,51.59,0.0,0.0,0.91,0.76,0.0,,,,,,BMP-1
f4u-1a,24.0,0.0,3.4,3.4,0.0,0.0,8.0,,,,,,0.0,,,,,,F4U-1A
su_17m2,22.0,,,0.0,,1.55,30.0,,,0.0,,0.4,0.0,,,,,,Su-17M2
ussr_2s3m,22.0,66.67,0.0,0.0,2.33,2.43,151.0,44.0,0.0,0.0,1.33,0.63,0.0,,,,,,2S3M
jp_type_89,22.0,,,0.0,,0.63,426.0,62.51,0.0,0.0,1.62,1.35,11.0,,,0.0,,0.0,Type_89
us_m5a1_stuart,21.0,50.0,0.0,0.0,1.5,1.15,163.0,55.27,0.0,0.0,3.03,2.0,0.0,,,,,,M5A1
pby-5a,22.0,100.0,1.33,,6.0,,0.0,,,,,,0.0,,,,,,PBY-5A_Catalina
bf-110c-4,20.0,,,,,,0.0,,,,,,0.0,,,,,,Bf_110_C-7
us_xm_975_roland,20.0,100.0,3.0,3.0,1.47,1.5,0.0,,,,,,0.0,,,,,,XM975
p_108b_serie2,22.0,,,0.0,,2.14,0.0,,,,,,0.0,,,,,,P.108B_serie_2
sb2u-3,20.0,50.0,1.0,2.0,1.0,2.0,0.0,,,,,,0.0,,,,,,SB2U-3
sw_sav_m43_1944,21.0,100.0,0.0,,2.0,,0.0,,,,,,0.0,,,,,,Sav_m/43_(1944)
p-36c,21.0,50.0,0.5,1.0,0.5,1.0,0.0,,,,,,0.0,,,,,,P-36C
uk_a_13_mk2_1939,22.0,100.0,0.0,0.0,2.45,2.45,20.0,,,0.0,,1.0,0.0,,,,,,A13_Mk_II_1939
f2a-1,21.0,,,1.0,,1.0,0.0,,,,,,0.0,,,,,,F2A-1
uk_centurion_mk_10,21.0,0.0,0.0,0.0,1.67,1.1,104.0,58.06,0.0,0.0,2.27,2.36,19.0,100.0,0.0,0.0,4.0,2.09,Centurion_Mk_10
p-36a,20.0,50.0,1.21,1.8,0.0,0.0,0.0,,,,,,0.0,,,,,,P-36A
cn_al_khalid_1,22.0,0.0,0.0,0.0,2.27,2.27,671.0,51.81,0.0,0.0,2.51,1.78,26.0,50.0,0.0,0.0,2.0,1.24,Al-Khalid-I
it_m109g,20.0,,,1.0,,1.0,51.0,8.33,0.0,0.0,0.92,0.81,0.0,,,,,,M109G
uk_challenger_II,23.0,0.0,0.0,0.0,3.33,3.33,224.0,57.11,0.0,0.0,2.52,2.51,55.0,66.67,0.0,0.0,3.81,2.87,uk_challenger_ii_shop
uk_a_22b_mk_3_churchill_1942,22.0,,,0.0,,1.0,60.0,100.0,0.0,0.0,2.73,1.81,0.0,,,,,,Churchill_III
bv-155b-1,20.0,100.0,1.0,1.0,0.0,0.0,26.0,,,2.0,,1.0,0.0,,,,,,BV_155_B-1
cn_object_122tm,23.0,0.0,0.0,0.0,1.63,1.38,217.0,60.1,0.0,0.0,2.71,1.84,1.0,,,,,,"Object_122MT_""MC"""
ussr_t_90m_2020,21.0,50.0,0.0,0.0,1.5,1.0,854.0,51.81,0.0,0.0,1.83,1.64,3.0,100.0,0.0,0.0,0.33,0.33,T-90M
ussr_t_72b3_arena_m,20.0,,,,,,210.0,35.31,0.0,0.0,1.32,0.92,32.0,100.0,0.0,0.0,1.88,1.0,Т-72Б3А
cn_mbt2000,22.0,0.0,0.0,0.0,1.0,1.0,120.0,47.58,0.0,0.0,1.38,1.63,5.0,,,0.0,,3.0,MBT-2000
su-7b,22.0,,,0.0,,0.0,145.0,27.2,0.7,0.69,1.52,1.54,0.0,,,,,,Su-7B
me-410b-6_r3,21.0,100.0,0.0,0.0,0.0,0.0,25.0,,,0.0,,4.64,17.0,,,1.0,,0.0,Me_410_B-6/R3
il_hunter_afv,20.0,,,0.0,,0.0,224.0,68.41,0.0,0.0,1.1,1.01,0.0,,,,,,Hunter_AFV
mb_326k,20.0,60.0,4.2,3.38,3.4,4.38,174.0,53.25,0.83,1.2,1.25,1.75,0.0,,,,,,MB-326K
su-2_m82,20.0,100.0,1.0,0.46,7.83,6.92,0.0,,,,,,0.0,,,,,,Su-2_(M-82)
he_115a_2_sweden,19.0,100.0,1.0,1.0,5.21,5.67,0.0,,,,,,0.0,,,,,,T_2
us_m4a3e2_sherman_jumbo_cobra_king,18.0,50.0,0.0,0.0,2.56,2.56,121.0,66.67,0.0,0.0,3.31,2.57,0.0,,,,,,Cobra_King
p-63c-5_ussr,19.0,100.0,1.0,1.0,2.0,2.0,59.0,56.52,1.26,1.86,1.07,1.66,0.0,,,,,,P-63C-5
ussr_t_26_1940_1st_GvTBr,21.0,,,,,,0.0,,,,,,21.0,,,0.0,,1.0,T-26_(1st_Gv.T.Br.)
pe-2-110,19.0,100.0,1.0,1.0,1.0,1.0,0.0,,,,,,0.0,,,,,,Pe-2-110
yak-3_france,19.0,72.73,9.09,5.09,0.0,0.0,38.0,100.0,3.76,3.78,1.1,1.09,7.0,,,,,,Yak-3
jp_type_97_kai,19.0,,,0.0,,1.0,20.0,,,0.0,,1.5,0.0,,,,,,Chi-Ha_Kai
germ_thyssen_henschel_tam_2ip,19.0,,,0.0,,1.58,560.0,54.91,0.0,0.0,2.78,2.15,11.0,,,0.0,,2.0,TAM_2IP
jp_type_2_ho_i,19.0,,,,,,3.0,,,,,,0.0,,,,,,Ho-I
us_m42_duster,20.0,100.0,0.0,0.0,0.0,0.13,157.0,40.94,1.2,0.79,2.16,1.44,0.0,,,,,,M42
bf-109g-14,20.0,,,0.3,,0.0,25.0,100.0,3.0,1.0,0.0,0.0,0.0,,,,,,Bf_109_G-14
germ_marder_1a3,18.0,50.0,0.0,0.0,0.46,0.92,344.0,37.59,0.08,0.08,1.14,1.13,0.0,,,,,,Marder_1A3
ussr_btr_82at,20.0,0.0,0.0,0.0,0.0,0.0,396.0,45.99,0.0,0.0,1.45,1.14,0.0,,,,,,БТР-82АТ
f6f-3,17.0,100.0,1.0,1.0,6.4,4.88,79.0,45.33,0.22,0.1,1.28,1.37,0.0,,,,,,F6F-5
pv_2d,20.0,,,1.0,,5.5,39.0,33.33,0.32,0.62,0.35,0.52,0.0,,,,,,PV-2D
alpha_jet_a,21.0,70.0,0.3,0.31,1.7,2.0,216.0,38.92,0.48,0.33,2.78,2.22,0.0,,,,,,Alpha_Jet_A
b-17g_iaf,20.0,,,0.5,,0.6,0.0,,,,,,0.0,,,,,,B-17G_(Israel)
a6m5_zero,19.0,50.0,1.75,3.5,0.0,0.0,106.0,59.26,0.47,0.58,0.5,0.74,0.0,,,,,,A6M5
iar_81c,21.0,,,9.17,,2.67,10.0,,,0.0,,1.0,0.0,,,,,,IAR-81C
germ_pzkpfw_38t_Aufklarungspanzer,20.0,100.0,0.0,,1.0,,0.0,,,,,,0.0,,,,,,Sd.Kfz._140/1
p-38l,18.0,,,,,,11.0,,,,,,0.0,,,,,,P-38L-5-LO
it_centauro_rgo_120,21.0,2.5,0.0,0.0,2.03,2.03,103.0,90.04,0.0,0.0,3.34,1.89,0.0,,,,,,Centauro_RGO
bf-109e-1,21.0,,,2.0,,0.75,51.0,11.11,1.0,0.3,0.28,0.24,0.0,,,,,,Bf_109_E-1
cn_m60a3_tts,20.0,,,,,,92.0,44.44,0.0,0.0,2.38,1.85,17.0,50.0,0.0,0.0,1.0,2.0,M60A3_TTS_(China)
spitfire_mk1,20.0,,,1.0,,0.0,25.0,,,1.0,,0.0,0.0,,,,,,Spitfire_Mk_Ia
germ_leopard_2pl,18.0,,,0.0,,1.0,1062.0,40.82,0.0,0.0,1.31,1.25,51.0,0.0,0.0,0.0,1.13,0.53,Leopard_2_PL
ki-96,18.0,,,1.0,,0.0,6.0,100.0,3.0,3.0,0.0,0.0,0.0,,,,,,Ki-96
it_vcc_80_hitfist_60,20.0,2.5,0.0,0.0,0.98,1.0,207.0,42.26,0.05,0.02,1.89,1.06,0.0,,,,,,VCC-80/60
sw_lago_1,18.0,,,0.0,,1.0,41.0,50.0,0.0,0.0,1.5,0.83,0.0,,,,,,Lago_I
sw_strv_m42_delat_torn,18.0,,,0.0,,0.06,124.0,44.44,0.0,0.0,1.98,1.31,5.0,100.0,0.0,0.0,3.0,2.6,Strv_m/42_DT
jp_type_87_rcv_prot,19.0,,,0.0,,0.53,442.0,68.96,0.04,0.04,1.09,0.93,0.0,,,,,,Type_87_RCV_(P)
us_m7,22.0,0.0,0.0,0.0,3.67,1.16,9.0,100.0,0.0,0.0,6.44,6.44,0.0,,,,,,M7
it_centauro_mgs_120,20.0,,,,,,31.0,50.0,0.0,0.0,2.36,3.23,0.0,,,,,,Centauro_I_120
saab_j29f,16.0,50.0,7.0,14.0,0.25,0.5,46.0,52.58,0.53,1.0,1.32,2.59,0.0,,,,,,J29F
a_10a_late,20.0,50.0,3.63,3.5,0.63,0.58,284.0,35.76,1.08,1.05,5.25,4.91,22.0,,,1.3,,5.5,A-10A_Late
it_semovente_m42_75_34,18.0,50.0,0.0,0.0,4.0,4.0,0.0,,,,,,0.0,,,,,,75/34_M42
spitfire_mk5b_float,20.0,50.0,3.0,3.0,0.0,0.0,0.0,,,,,,0.0,,,,,,Spitfire_Mk.Vb_(Float)
germ_pzkpfw_V_ersatz_m10,20.0,100.0,0.0,0.0,3.77,6.64,3.0,,,0.0,,5.5,0.0,,,,,,Ersatz_M10
a_6e_tram,17.0,,,3.0,,0.0,212.0,53.94,0.01,0.01,2.7,5.13,65.0,18.18,0.36,0.06,0.82,0.11,A-6E_TRAM
uk_centurion_mk_5_raac,18.0,100.0,0.0,0.0,2.0,2.0,30.0,0.0,0.0,0.0,4.0,2.62,0.0,,,,,,Centurion_Mk.5/1
it_m14_41_47_40,18.0,50.0,0.0,0.0,1.78,3.56,0.0,,,,,,0.0,,,,,,M14/41_(47/40)
germ_pzkpfw_IV_ausf_F,19.0,100.0,0.0,0.0,2.92,2.42,64.0,28.89,0.0,0.0,3.73,2.58,0.0,,,,,,Pz.IV_F1
jp_type_74,20.0,100.0,0.0,0.0,3.6,3.6,705.0,53.68,0.0,0.0,1.67,1.49,12.0,,,0.0,,2.0,Type_74_(E)
bf-109g-2_hungary,18.0,100.0,8.0,6.86,0.0,0.0,24.0,55.56,0.19,0.52,0.0,0.0,5.0,,,0.0,,0.0,◐Bf_109_G-2
il_sholef,18.0,100.0,0.0,0.0,2.0,2.0,34.0,,,0.0,,1.53,0.0,,,,,,Sholef
germ_flakpanzer_I_ausf_A,18.0,100.0,0.0,,2.59,,19.0,,,0.94,,1.0,0.0,,,,,,Flakpanzer_I
sw_strv_m38,19.0,100.0,0.0,0.0,3.5,3.5,27.0,50.0,0.0,0.0,0.05,0.53,0.0,,,,,,Strv_m/38
p-63a-10,17.0,,,1.0,,0.0,121.0,69.94,0.15,0.21,0.93,1.05,12.0,,,,,,P-63A-10
typhoon_mk1a,18.0,,,2.08,,0.0,0.0,,,,,,0.0,,,,,,Typhoon_Mk_Ia
uk_concept3_ngac,16.0,100.0,0.0,0.0,4.0,4.0,328.0,55.75,0.0,0.0,2.21,1.28,0.0,,,,,,Concept_3
cn_type_64,18.0,94.45,0.0,0.0,2.47,2.58,25.0,19.44,0.0,0.0,0.81,0.74,0.0,,,,,,M64
germ_raketenjagdpanzer_2_hot,15.0,50.0,0.0,0.0,1.5,1.0,29.0,50.0,0.0,0.0,0.83,1.45,0.0,,,,,,RakJPz_2_(HOT)
d_521,17.0,100.0,2.88,2.88,0.0,0.0,0.0,,,,,,0.0,,,,,,D.521
f-84f,18.0,50.0,0.5,0.8,0.3,0.5,60.0,61.11,0.0,0.0,1.22,1.5,0.0,,,,,,F-84F
uk_fv4005,18.0,,,,,,208.0,43.62,0.0,0.0,1.66,1.56,0.0,,,,,,FV4005
jp_type_89b_i_go_otsu,17.0,,,,,,26.0,,,,,,0.0,,,,,,I-Go_Ko
jp_oplot_t,18.0,,,0.0,,1.0,167.0,72.05,0.0,0.0,3.71,2.16,0.0,,,,,,BM_Oplot-T
p-39n,16.0,,,2.57,,1.0,14.0,50.0,0.0,0.0,0.5,1.0,0.0,,,,,,P-39N-0
p-47m-1-re,22.0,50.0,3.5,2.5,2.0,3.33,195.0,82.94,1.08,1.62,3.22,2.96,0.0,,,,,,P-47M-1-RE
md_450b_ouragan,18.0,,,1.22,,0.0,135.0,82.75,0.7,0.85,1.29,1.56,0.0,,,,,,M.D.450B_Ouragan
ussr_bmp_2,18.0,,,,,,711.0,46.11,0.01,0.01,1.47,1.13,0.0,,,,,,BMP-2
uk_ratel_20,20.0,50.0,0.5,0.5,0.5,0.5,58.0,23.46,0.0,0.0,1.04,0.79,0.0,,,,,,Ratel_20
uk_g6_spg,17.0,100.0,0.0,0.0,0.12,0.12,16.0,,,0.0,,1.06,0.0,,,,,,G6
cn_zts_63_1980,18.0,,,,,,133.0,70.14,0.0,0.0,2.48,1.33,16.0,100.0,0.0,0.0,2.0,1.27,ZTS63
us_xm_800t,19.0,100.0,1.0,,1.0,,2242.0,55.65,0.0,0.0,1.53,1.34,31.0,50.0,0.0,0.0,1.83,1.83,XM800T
uk_crusader_aa_mk_1,17.0,,,,,,79.0,0.0,0.0,0.0,0.4,0.4,0.0,,,,,,Crusader_AA_Mk_I
jp_type_98_ke_ni,17.0,,,0.0,,1.0,30.0,,,0.0,,2.0,0.0,,,,,,Ke-Ni
fr_char_2c_bis,17.0,,,,,,0.0,,,,,,0.0,,,,,,2C_bis
sw_strv_103c,16.0,100.0,0.0,,3.0,,17.0,0.0,0.0,0.0,1.0,1.0,0.0,,,,,,Strv_103С
ussr_kv_2_1940,17.0,100.0,1.0,0.89,3.43,2.79,42.0,50.0,0.0,0.0,0.62,1.23,0.0,,,,,,KV-2_(1940)
us_m56_scorpion,17.0,100.0,0.0,0.0,2.69,3.31,226.0,52.6,0.0,0.0,1.94,1.37,0.0,,,,,,M56
ussr_rbt_5,18.0,100.0,0.0,0.0,3.17,5.0,17.0,100.0,0.0,0.0,0.0,0.0,0.0,,,,,,RBT-5
sw_pvkv_iv,16.0,,,0.0,,2.5,63.0,50.0,0.0,0.0,0.5,0.1,0.0,,,,,,Pvkv_IV
mig-21_bis_lazur,17.0,,,1.0,,1.0,647.0,43.9,1.23,1.28,0.35,0.35,0.0,,,,,,"◊MiG-21_""Lazur-M"""
sw_strv121b_christian2,19.0,,,0.0,,2.75,644.0,58.26,0.0,0.0,3.13,2.23,0.0,,,,,,Christian_II
mig-9_ussr,17.0,,,,,,4.0,,,1.0,,0.5,0.0,,,,,,MiG-9_(l)
ki_100_2,16.0,,,1.0,,0.0,17.0,75.0,1.5,1.25,1.92,1.88,0.0,,,,,,Ki-100-II
fa_18c_early,19.0,50.0,1.3,1.22,0.0,0.0,1559.0,52.0,1.03,1.14,0.38,0.43,26.0,,,1.79,,1.0,F/A-18C_Early
fw-190a-5_japan,19.0,,,2.0,,0.0,62.0,80.0,1.47,1.67,1.13,1.0,0.0,,,,,,Fw_190_A-5
cn_m4a4_sherman,16.0,100.0,0.0,0.0,2.75,3.33,46.0,38.89,0.0,0.0,1.67,2.61,0.0,,,,,,M4A4_(China)
fr_vcac_mephisto,16.0,100.0,0.0,0.0,2.0,1.69,220.0,62.02,0.0,0.0,1.37,1.5,0.0,,,,,,MEPHISTO
cn_object_211,15.0,50.0,0.0,0.0,1.57,1.8,36.0,50.0,0.0,0.0,1.0,1.22,0.0,,,,,,Object_211
f_15a,18.0,33.33,1.33,2.0,0.0,0.0,203.0,37.33,1.18,0.87,0.13,0.05,0.0,,,,,,F-15A
jp_halftrack_m16,16.0,,,,,,41.0,61.91,0.0,0.14,0.0,0.0,0.0,,,,,,M16_MGMC
me-262a-1a_u4,19.0,0.0,9.15,4.0,1.0,0.0,732.0,46.49,0.68,0.75,3.35,3.62,1.0,,,0.0,,0.0,Me_262_A-1/U4
re_2005_vdm,19.0,,,2.9,,0.9,171.0,76.95,2.61,1.95,2.36,1.73,0.0,,,,,,Re.2005_(VDM)
d_520,16.0,100.0,1.0,1.0,0.0,0.0,0.0,,,,,,0.0,,,,,,D.520
mig-9,17.0,,,,,,54.0,50.0,0.45,0.45,4.84,4.84,0.0,,,,,,MiG-9
jp_st_a3,16.0,6.25,0.0,0.0,1.88,2.0,306.0,55.22,0.0,0.0,2.03,1.68,6.0,,,,,,ST-A3
xa_38,17.0,,,0.0,,0.0,0.0,,,,,,0.0,,,,,,XA-38
us_mim_72_chaparral,18.0,75.0,0.85,0.65,0.0,0.0,41.0,50.0,0.5,0.5,0.0,0.0,0.0,,,,,,Imp.Chaparral
la_174,20.0,69.45,4.93,9.2,0.23,0.43,2.0,,,,,,0.0,,,,,,La-174
il_tiran_4_sh,15.0,,,,,,32.0,100.0,0.0,0.0,1.0,0.58,0.0,,,,,,Tiran_4S
germ_pzkpfw_VI_tiger_P,17.0,,,0.0,,3.71,82.0,42.86,0.0,0.0,1.49,1.84,0.0,,,,,,VK_45.01_(P)
pe-3_early,15.0,,,1.0,,4.0,4.0,0.0,0.0,0.0,0.0,0.0,0.0,,,,,,Pe-3_(e)
il_centurion_shot_kal_alef,15.0,,,,,,60.0,83.33,0.0,0.0,1.19,1.17,0.0,,,,,,Sho't_Kal_Alef
do_217m_1,15.0,100.0,0.0,0.0,5.57,5.57,0.0,,,,,,0.0,,,,,,Do_217_M-1
ussr_pt_76_57,20.0,66.67,0.3,0.3,2.7,2.7,63.0,100.0,0.0,0.0,5.72,2.97,23.0,,,0.0,,1.87,PT-76-57
uk_a27m_cromwell_5_rp3,18.0,,,0.0,,3.83,3.0,,,0.0,,1.0,0.0,,,,,,Cromwell_V_(RP-3)
ussr_t_55_am,16.0,,,0.0,,2.31,264.0,39.72,0.0,0.0,3.24,1.82,0.0,,,,,,T-55AM-1
uk_challenger_2_dorchester,17.0,0.0,0.0,0.0,4.0,3.13,156.0,50.0,0.0,0.0,1.71,1.72,0.0,,,,,,Challenger_2_(2F)
germ_radpanzer_90,16.0,100.0,0.0,0.0,3.0,2.56,634.0,52.88,0.0,0.0,1.3,1.28,6.0,0.0,0.0,0.0,1.0,1.0,Radkampfwagen_90
germ_mkpz_m47,17.0,,,0.0,,1.0,0.0,,,,,,0.0,,,,,,mKPz_M47_G
ki_61_1a_otsu,14.0,75.0,1.56,2.08,0.75,0.67,30.0,66.67,0.3,0.5,1.0,1.5,0.0,,,,,,Ki-61-I_otsu
a6m3_mod22_zero,15.0,,,2.7,,0.2,25.0,23.08,1.54,1.77,0.38,0.62,0.0,,,,,,A6M3_mod._22
us_m41_walker_bulldog,16.0,,,0.0,,1.0,565.0,51.39,0.0,0.0,1.22,0.84,0.0,,,,,,M41A1
mig-19j_6a,15.0,66.67,8.0,4.33,2.7,1.33,46.0,100.0,6.17,7.0,0.0,0.0,0.0,,,,,,J-6A
spitfire_mk9c_4cannons,15.0,100.0,1.21,1.21,0.93,0.93,0.0,,,,,,47.0,81.25,0.81,0.67,1.63,1.42,Spitfire_F_Mk_IXc
jp_type_74_c,16.0,100.0,0.0,0.0,1.0,1.0,507.0,51.97,0.0,0.0,1.78,1.51,0.0,,,,,,Type_74_(C)
ussr_2s25,16.0,100.0,0.0,0.0,1.0,1.0,513.0,51.37,0.0,0.0,1.45,1.3,0.0,,,,,,2S25
f-86f-2,15.0,,,1.79,,0.0,58.0,90.15,1.26,1.54,0.41,0.5,0.0,,,,,,F-86F-2
cn_plz_83,16.0,,,0.0,,0.06,45.0,47.37,0.0,0.0,0.63,1.06,0.0,,,,,,PLZ83
fr_panhard_ebr_1951,16.0,,,0.0,,0.0,160.0,55.07,0.0,0.0,2.93,2.12,0.0,,,,,,E.B.R._(1951)
uk_as_90_mk_2,15.0,,,,,,132.0,,,0.0,,1.51,0.0,,,,,,AS90
it_leopard_1a5,16.0,,,,,,121.0,84.14,0.0,0.0,3.11,2.24,0.0,,,,,,Leopard_1A5
us_efv_p1,16.0,,,0.0,,0.0,64.0,87.36,0.0,0.0,2.54,2.4,0.0,,,,,,EFV
ussr_object_416,17.0,,,,,,45.0,82.5,0.0,0.0,6.21,3.2,0.0,,,,,,Объект_416
f-105d,14.0,,,0.0,,3.0,51.0,0.0,1.0,0.43,1.33,0.57,2.0,,,,,,F-105D
me_210a_1,16.0,100.0,1.0,1.0,5.33,4.69,3.0,,,0.0,,0.0,0.0,,,,,,Me_210_A-1
uk_challenger_2_megatron,19.0,100.0,0.0,0.0,7.0,3.5,397.0,67.95,0.0,0.0,2.81,1.61,0.0,,,,,,Challenger_2_OES
lagg-3-35,14.0,100.0,4.93,5.33,1.43,1.33,0.0,,,,,,0.0,,,,,,LaGG-3-35
it_m55,16.0,,,,,,18.0,,,0.0,,1.0,0.0,,,,,,M55
i-16_type5,16.0,,,1.81,,0.0,48.0,100.0,7.0,12.61,1.39,2.61,0.0,,,,,,I-16_type_5
lancaster_mk3,16.0,100.0,1.0,1.0,3.0,3.0,39.0,0.0,0.0,0.0,0.0,0.0,0.0,,,,,,Lancaster_B_Mk_III
mig-9_china,16.0,,,2.0,,1.0,41.0,,,1.0,,0.0,0.0,,,,,,MiG-9_(China)
fokker_d23,14.0,100.0,2.0,1.33,0.0,0.0,0.0,,,,,,0.0,,,,,,◗Fokker_D.XXIII
mig-15bis_nr23_german,16.0,,,1.0,,0.0,191.0,52.73,1.58,1.67,0.47,0.54,0.0,,,,,,◊MiG-15bis
do_335a_0,15.0,,,3.2,,0.6,45.0,100.0,1.0,0.65,5.65,3.65,0.0,,,,,,Do_335_A-0
cn_type_69,17.0,,,0.0,,1.79,64.0,51.19,0.0,0.0,1.94,2.73,0.0,,,,,,Type_69
mig-9_late_china,16.0,,,1.63,,0.31,0.0,,,,,,0.0,,,,,,MiG-9_(l)_(China)
g8n1,16.0,,,0.0,,1.25,50.0,50.0,1.15,1.35,0.0,0.0,0.0,,,,,,G8N1
sw_lvkv_42,15.0,100.0,0.0,,1.0,,97.0,50.0,0.86,0.39,1.77,0.96,0.0,,,,,,Lvkv_42
ki-83,16.0,100.0,1.0,1.0,0.0,0.0,4.0,,,2.0,,0.0,0.0,,,,,,Ki-83
a6m3_zero,14.0,,,2.33,,0.0,26.0,87.96,1.14,1.33,0.63,0.72,0.0,,,,,,A6M3
spitfire_mk18e,16.0,0.0,2.0,2.0,0.0,0.0,1.0,100.0,1.0,1.0,2.0,2.0,0.0,,,,,,Spitfire_F_Mk_XVIIIe
ussr_t_50,16.0,,,,,,144.0,66.99,0.0,0.0,4.03,1.86,0.0,,,,,,T-50
cn_m24_chaffee,14.0,100.0,0.0,0.0,1.5,2.0,246.0,67.3,0.0,0.0,1.83,1.29,0.0,,,,,,M24_(China)
germ_pzsfl_IVa_dickermax,16.0,100.0,0.0,0.0,3.0,3.0,69.0,18.63,0.0,0.0,3.88,2.8,0.0,,,,,,Dicker_Max
p-63a-5_ussr,14.0,,,0.29,,0.79,176.0,70.23,1.13,0.87,3.4,2.58,0.0,,,,,,P-63A-5
ussr_su_152,15.0,,,0.0,,1.25,80.0,,,0.0,,2.03,0.0,,,,,,SU-152
ussr_btr_152a,16.0,0.0,1.0,,0.0,,20.0,0.0,0.39,0.39,0.0,0.0,0.0,,,,,,BTR-152A
p-47d-28,15.0,,,2.2,,2.0,118.0,41.5,1.35,1.85,0.58,0.7,0.0,,,,,,P-47D-28
us_m4a1_1942_sherman,15.0,50.0,0.0,0.0,1.5,1.4,70.0,35.71,0.0,0.0,3.79,2.06,0.0,,,,,,M4A1
pbm_3,16.0,,,,,,0.0,,,,,,0.0,,,,,,"PBM-3_""Mariner"""
jp_tkx_prot,16.0,100.0,0.0,0.0,7.0,7.67,316.0,60.96,0.0,0.0,4.03,2.49,0.0,,,,,,TKX
us_m4a2_1944_germ,15.0,,,0.0,,2.0,0.0,,,,,,0.0,,,,,,M4_748_(a)
germ_9a33bm3,14.0,,,,,,49.0,0.0,2.95,1.48,0.0,0.0,0.0,,,,,,◊Osa-AK
sw_strf_90c,16.0,50.0,1.0,1.0,1.5,1.5,212.0,78.0,0.02,0.01,1.83,1.9,0.0,,,,,,Strf_9040C
sw_crotale_ng,16.0,100.0,2.0,,2.0,,15.0,,,1.0,,0.0,0.0,,,,,,ItO_90M
sw_strv_m39,13.0,100.0,0.0,0.0,6.17,6.17,0.0,,,,,,0.0,,,,,,Strv_m/39
germ_wiesel_2_adwc,15.0,,,,,,116.0,37.5,1.99,3.0,0.0,0.0,0.0,,,,,,Ozelot
shackleton_mr_mk_2,15.0,,,1.0,,1.0,0.0,,,,,,0.0,,,,,,Shackleton_MR.Mk.2
ussr_2s38,16.0,0.0,2.5,1.13,3.0,2.75,1001.0,46.8,0.16,0.09,1.36,0.84,9.0,100.0,0.0,0.0,0.0,0.0,2S38
mig-17_cuba,14.0,,,1.0,,0.0,238.0,47.99,1.43,1.96,0.76,1.02,0.0,,,,,,MiG-17AS
cn_su_100_1945,14.0,100.0,0.0,0.0,2.0,2.0,19.0,,,0.0,,3.0,0.0,,,,,,SU-100_(China)
ussr_isu_122,14.0,,,0.0,,1.33,23.0,,,0.0,,2.87,0.0,,,,,,ISU-122
su_30sm,13.0,0.0,2.0,2.15,0.0,0.0,465.0,55.33,1.11,1.4,0.87,1.11,54.0,,,1.0,,0.0,Су-30СМ
a6m2_zero_china,15.0,,,1.0,,0.0,18.0,,,,,,0.0,,,,,,A6M2_(China)
sw_leopard_1a5no,14.0,,,0.0,,1.5,278.0,48.61,0.0,0.0,2.72,1.88,0.0,,,,,,Leopard_1A5NO2
it_semovente_m43_75_46,15.0,100.0,0.0,0.0,0.73,0.69,0.0,,,,,,0.0,,,,,,75/46_M43
us_m4a3_105_sherman,16.0,,,0.0,,3.0,91.0,,,0.0,,3.15,0.0,,,,,,M4A3_(105)
mosquito_f_mk2_norway,14.0,,,1.36,,0.0,11.0,,,,,,0.0,,,,,,◢Mosquito_F.Mk.II
f-80,16.0,50.0,1.19,2.38,0.5,1.0,109.0,35.42,0.79,0.79,0.92,0.92,0.0,,,,,,F-80C-10
uk_valentine_mk_1,14.0,,,,,,0.0,,,,,,0.0,,,,,,Valentine_I
uk_a_12_mk_2_matilda_2,14.0,,,0.0,,0.5,43.0,69.23,0.0,0.0,1.62,2.46,0.0,,,,,,Matilda_III
f-89d,12.0,,,,,,229.0,67.61,2.47,5.8,0.08,0.23,0.0,,,,,,F-89D
il-2m_mstitel,13.0,75.0,1.47,1.73,4.63,5.17,47.0,94.0,1.0,1.0,3.14,3.14,0.0,,,,,,"IL-2M_""Avenger"""
il_2_1942_luftwaffe,12.0,100.0,1.0,1.0,1.5,1.67,0.0,,,,,,0.0,,,,,,IL-2_(1942)
it_otomatic,14.0,100.0,2.0,2.0,0.0,0.0,150.0,50.59,1.18,1.13,3.81,3.92,0.0,,,,,,OTOMATIC
fr_m4a1_sherman_fl_10,14.0,,,0.0,,3.43,160.0,57.21,0.0,0.0,3.45,2.06,0.0,,,,,,M4A1_(FL10)
f6f-5n_france,12.0,,,,,,28.0,0.0,0.0,0.0,3.0,1.18,33.0,100.0,1.0,4.0,2.0,2.0,F6F-5N
douglas_ad_4_france,12.0,,,,,,90.0,63.95,1.01,1.28,2.78,3.18,0.0,,,,,,AD-4
p-36g,14.0,,,,,,0.0,,,,,,0.0,,,,,,P-36G
uk_vickers_mk7,15.0,79.49,0.0,0.0,1.74,1.85,147.0,49.88,0.0,0.0,3.1,2.34,6.0,,,0.0,,2.0,Vickers_Mk.7
a-26b_10,15.0,100.0,1.0,1.0,9.33,9.33,20.0,50.0,0.65,1.3,0.05,0.1,0.0,,,,,,A-26B-10
vb_10_02,11.0,,,3.0,,0.0,8.0,41.67,0.4,0.93,1.25,1.36,0.0,,,,,,VB.10-02
germ_sturmmorser_sturmtiger,13.0,100.0,0.0,,1.31,,26.0,50.0,0.0,0.0,1.2,1.71,0.0,,,,,,38_cm_Sturmmörser
ussr_pantsyr_sm_sv,12.0,100.0,1.0,1.0,0.0,0.0,567.0,48.89,2.09,1.83,0.26,0.22,13.0,,,,,,Панцирь_СМ-СВ
g_55s,14.0,100.0,2.0,1.21,0.0,0.0,114.0,68.82,3.71,7.9,0.88,1.81,0.0,,,,,,G.55S
it_palmaria,11.0,,,0.0,,2.0,55.0,42.59,0.0,0.0,1.41,2.2,0.0,,,,,,Palmaria
jp_type_95_so_ki,11.0,,,,,,95.0,50.0,0.03,0.02,0.0,0.0,0.0,,,,,,So-Ki
p-47d_30_china,12.0,95.83,1.92,2.0,0.17,0.17,20.0,,,,,,0.0,,,,,,P-47D-30_(China)
p-51_a-36,14.0,100.0,3.0,3.0,1.07,1.07,39.0,,,0.85,,0.74,0.0,,,,,,A-36
fokker_d21_netherlands,12.0,33.33,1.0,1.0,0.0,0.0,0.0,,,,,,0.0,,,,,,◗Fokker_D.XXI
h-75a-4_france,12.0,33.33,1.33,1.33,0.0,0.0,0.0,,,,,,0.0,,,,,,H-75A-4
xf5u_1,14.0,,,1.0,,0.0,27.0,,,,,,0.0,,,,,,XF5U-1
saab_sk60b,13.0,,,,,,139.0,64.26,0.79,0.94,1.83,1.63,0.0,,,,,,SK60B
il_magach_6b_gal,12.0,80.0,0.0,0.0,1.6,1.6,222.0,47.33,0.0,0.0,1.51,1.5,0.0,,,,,,Magach_6B_Gal
p-63a-5,14.0,20.0,2.6,2.6,0.8,0.8,83.0,61.29,1.9,2.24,3.24,4.18,0.0,,,,,,P-63A-5
sw_t_80u,14.0,50.0,0.0,0.0,1.0,1.07,175.0,47.84,0.0,0.0,2.85,1.5,0.0,,,,,,T_80_U
he51c1,14.0,,,,,,0.0,,,,,,0.0,,,,,,He_51_C-1
ki_10_2,14.0,,,,,,0.0,,,,,,0.0,,,,,,Ki-10-II
d_501,12.0,100.0,1.0,1.0,0.0,0.0,0.0,,,,,,0.0,,,,,,D.501
p-40e,14.0,,,1.0,,1.0,18.0,100.0,0.0,0.0,0.0,0.0,0.0,,,,,,P-40E-1
p-40f_10,14.0,,,,,,12.0,50.0,0.5,0.5,1.5,1.5,0.0,,,,,,P-40F-10
us_rdf_lt,12.0,,,0.0,,1.0,720.0,52.92,0.15,0.14,1.74,1.27,0.0,,,,,,RDF/LT
sw_leopard_2a4_fin,14.0,50.0,0.0,0.0,0.5,1.0,263.0,68.15,0.0,0.0,2.04,2.22,0.0,,,,,,Leopard_2A4
f_14b,14.0,100.0,5.0,0.42,0.0,0.0,156.0,48.17,0.73,1.05,0.0,0.0,6.0,,,0.0,,0.0,F-14B
ki_10_1_commander,14.0,,,,,,0.0,,,,,,0.0,,,,,,Ki-10-I_C
germ_schutzenpanzer_puma_vjtf,14.0,,,0.0,,0.0,501.0,40.84,0.05,0.05,1.16,0.94,17.0,0.0,0.0,0.0,0.0,0.0,PUMA_VJTF
uk_a_34_comet_iron_duke,10.0,100.0,0.0,0.0,5.0,10.0,29.0,50.0,0.0,0.0,1.5,1.27,0.0,,,,,,"Comet_I_""Iron_Duke_IV"""
jp_type_3_ka_chi,13.0,,,,,,0.0,,,,,,0.0,,,,,,Ka-Chi
f4u-1d,10.0,100.0,1.8,1.5,4.4,3.7,37.0,5.0,0.95,0.21,1.9,1.0,0.0,,,,,,F4U-1D
mig-15,15.0,66.67,3.03,5.53,0.13,0.2,82.0,50.0,1.17,2.07,1.63,2.89,0.0,,,,,,MiG-15bis
lightning_f6,11.0,,,3.0,,0.0,22.0,50.0,1.1,2.2,1.1,2.2,0.0,,,,,,Lightning_F.6
ussr_t_10a,15.0,50.0,0.0,0.0,4.0,2.7,73.0,100.0,0.0,0.0,7.0,3.15,0.0,,,,,,T-10A
mirage_5f,12.0,100.0,1.2,1.2,3.0,3.0,75.0,60.0,1.08,1.13,0.93,0.98,0.0,,,,,,Mirage_5F
fr_crotale_ng,10.0,,,,,,5.0,,,,,,2.0,,,1.0,,0.0,ItO_90M
it_p_40,27.0,80.0,0.2,0.3,5.5,7.9,8.0,100.0,0.0,0.0,5.0,2.5,0.0,,,,,,P40
hurricanemkii_ussr,11.0,100.0,3.5,6.0,0.0,0.0,2.0,,,,,,0.0,,,,,,Hurricane_Mk_IIB
it_m26_ariete,11.0,100.0,0.0,0.0,3.0,6.0,29.0,,,0.0,,3.5,24.0,100.0,0.0,0.0,3.71,3.71,"M26_""D.C.Ariete"""
germ_pzkpfw_38t_Marder_III,13.0,,,0.0,,2.0,0.0,,,,,,0.0,,,,,,Marder_III
mig_3_series_34,11.0,,,,,,0.0,,,,,,0.0,,,,,,MiG-3-34
sw_sav_m43_1946,13.0,,,,,,1.0,,,0.0,,2.0,0.0,,,,,,Sav_m/43_(1946)
it_semovente_breda_501,13.0,100.0,0.0,0.0,2.64,2.69,110.0,100.0,0.0,0.0,4.95,3.09,0.0,,,,,,Breda_501
bf-109c_1,12.0,,,2.92,,0.75,0.0,,,,,,0.0,,,,,,Bf_109_C-1
ussr_kv_1_L_11,9.0,,,,,,89.0,85.19,0.0,0.0,7.37,3.05,0.0,,,,,,KV-1_(L-11)
germ_sdkfz_251_22,12.0,,,,,,1.0,,,0.0,,0.0,0.0,,,,,,Sd.Kfz.251/22
do_217e_4,10.0,,,0.0,,4.0,0.0,,,,,,0.0,,,,,,Do_217_E-4
sagittario_2,12.0,,,1.0,,0.0,43.0,66.67,1.07,1.45,1.38,1.92,56.0,14.29,7.36,8.32,0.0,0.0,Sagittario_2
ussr_bmpt_72,10.0,33.33,0.0,0.0,1.33,1.33,1197.0,48.05,0.0,0.0,1.67,1.3,0.0,,,,,,БМПТ-72
fr_amx_13_dca_40,14.0,35.71,0.64,1.0,0.64,1.0,123.0,55.91,0.21,0.11,0.89,0.48,0.0,,,,,,AMX-13_DCA_40
f-86k_late_italy,12.0,100.0,1.0,1.0,0.0,0.0,6.0,,,0.0,,0.0,0.0,,,,,,F-86K
fr_leclerc_s1,10.0,,,0.0,,1.0,102.0,82.44,0.0,0.0,4.43,2.38,0.0,,,,,,Leclerc
spitfire_ix,11.0,100.0,3.5,3.5,0.0,0.0,36.0,100.0,3.0,0.0,3.0,0.0,0.0,,,,,,Spitfire_LF_Mk_IX
mirage_3c,12.0,,,0.9,,0.0,263.0,64.21,1.63,2.31,0.22,0.31,0.0,,,,,,Mirage_IIIC
sw_pvlvv_fm42,13.0,,,,,,11.0,0.0,0.0,0.0,1.91,1.91,0.0,,,,,,Pvlvv_fm/42
bf-109f-2,13.0,,,1.0,,0.0,42.0,50.0,0.6,0.8,0.5,0.6,0.0,,,,,,Bf_109_F-2
a_5c,11.0,62.5,0.63,1.0,0.0,0.0,311.0,53.54,0.6,0.67,0.7,0.84,0.0,,,,,,A-5C
fr_leclerc_s2,10.0,,,0.0,,1.0,141.0,42.5,0.0,0.0,2.27,2.27,0.0,,,,,,Leclerc_S2
germ_flakpanzer_zerstorer_45,11.0,,,,,,254.0,13.46,0.71,0.63,0.14,0.12,0.0,,,,,,Zerstörer_45
germ_thyssen_henschel_tam,12.0,0.0,0.0,0.0,0.0,0.17,883.0,46.62,0.0,0.0,1.13,1.01,59.0,84.31,0.0,0.0,1.82,1.42,TAM
germ_pzkpfw_III_ausf_L,11.0,,,,,,36.0,0.0,0.0,0.0,2.0,5.0,0.0,,,,,,Pz.III_L
mosquito_fb_mk26_china,12.0,,,1.0,,3.0,0.0,,,,,,0.0,,,,,,Mosquito_FB.Mk.26
b_25j_30_china,12.0,,,1.0,,2.0,0.0,,,,,,0.0,,,,,,B-25J-30_(China)
stirling_mk3,11.0,,,0.0,,3.0,0.0,,,,,,0.0,,,,,,Stirling_B_Mk_III
uk_a_13_mk1_3rd_rtr,12.0,,,,,,0.0,,,,,,0.0,,,,,,A13_Mk_I_(3rd_R.T.R.)
ussr_t_72av_turms,10.0,,,,,,820.0,44.26,0.0,0.0,2.23,1.63,0.0,,,,,,T-72AV_(TURMS-T)
yak-9t_france,11.0,,,2.0,,0.0,23.0,,,,,,0.0,,,,,,Challe's_Yak-9T
vampire_fb52a_italy,12.0,100.0,2.0,2.0,0.0,0.0,7.0,,,,,,0.0,,,,,,Vampire_FB_52A
f9f-5,12.0,33.33,1.0,1.25,0.0,0.17,0.0,,,,,,0.0,,,,,,F9F-5
cn_cm11,10.0,50.0,0.0,0.0,1.0,2.0,83.0,73.73,0.0,0.0,3.35,3.27,6.0,,,0.0,,1.0,CM11
cn_pt_76,10.0,50.0,0.0,0.0,0.5,1.0,0.0,,,,,,0.0,,,,,,PT-76_(China)
bf2c_1,9.0,,,1.89,,0.0,10.0,,,0.0,,0.0,0.0,,,,,,BF2C-1
sw_pvkv_m43_1946,10.0,,,0.0,,0.8,14.0,,,,,,0.0,,,,,,Pvkv_m/43_(1946)
f_14a_early,12.0,,,0.33,,0.0,149.0,50.0,1.12,1.14,0.0,0.0,12.0,,,,,,F-14A_Early
germ_bmp_1_ddr,11.0,50.0,0.0,0.0,0.5,1.0,176.0,41.4,0.0,0.0,0.97,0.64,0.0,,,,,,SPz_BMP-1
fr_amx_10p,12.0,,,0.0,,0.0,375.0,52.78,0.66,0.61,0.47,0.43,0.0,,,,,,AMX-10P
mig-21_s,11.0,100.0,4.0,0.89,0.0,0.0,909.0,56.68,1.23,1.45,0.17,0.17,5.0,,,,,,MiG-21S_(R-13-300)
me-410a-1_u2,10.0,,,0.0,,0.0,0.0,,,,,,0.0,,,,,,Me_410_A-1/U2
t2,10.0,75.0,7.0,9.3,1.5,2.0,190.0,75.95,1.75,2.89,0.25,0.42,0.0,,,,,,T-2
intruder_mk_1,11.0,,,,,,0.0,,,,,,0.0,,,,,,Havoc_Mk_I
amx,10.0,100.0,1.0,1.0,4.0,4.0,0.0,,,,,,0.0,,,,,,AMX
il_28_china,10.0,,,1.0,,4.0,0.0,,,,,,0.0,,,,,,H-5
mirage_5ba,10.0,100.0,1.0,1.0,4.0,4.0,0.0,,,,,,0.0,,,,,,Mirage_5BA
f-104g_italy,10.0,100.0,2.0,2.0,4.0,4.0,0.0,,,,,,0.0,,,,,,F-104G
f-104s,10.0,100.0,1.0,1.0,3.0,3.0,0.0,,,,,,10.0,,,1.0,,0.0,F-104S
it_semovente_m43_105_leoncello,10.0,100.0,0.0,0.0,4.13,4.5,0.0,,,,,,0.0,,,,,,"M43_""G.C.Leoncello"""
tornado_ids_it,10.0,100.0,2.0,2.0,2.0,2.0,0.0,,,,,,0.0,,,,,,Tornado_IDS
la-15,11.0,56.67,1.67,4.0,0.13,0.33,26.0,,,1.0,,0.0,0.0,,,,,,La-15
mig-21_bis_sau_hungary,10.0,100.0,1.0,1.0,2.0,2.0,75.0,40.0,1.0,1.3,0.0,0.0,17.0,,,1.0,,0.0,◔MiG-21bis-SAU
f-86f-30_china,10.0,,,1.2,,1.0,15.0,100.0,2.0,2.0,1.0,1.0,2.0,,,1.0,,0.0,F-86F-30_(China)
jaguar_e,10.0,100.0,1.0,1.0,2.0,2.0,42.0,50.0,0.5,1.0,2.0,4.0,0.0,,,,,,Jaguar_E
meteor_fmk8_iaf,10.0,,,1.8,,1.0,57.0,50.0,1.35,1.78,0.85,1.08,0.0,,,,,,Meteor_F.8_(Israel)
f-5t_thailand,10.0,,,,,,48.0,50.0,1.08,1.97,0.56,1.0,0.0,,,,,,F-5T_SCU
fiat_cr42_j11,10.0,0.0,2.0,2.0,2.0,2.0,0.0,,,,,,0.0,,,,,,J11
er-2_m105r_lu2b,10.0,,,0.0,,1.4,0.0,,,,,,0.0,,,,,,Yer-2_(M-105R)_LU
ussr_zis_43,9.0,100.0,1.0,1.0,1.0,1.0,8.0,0.0,0.0,0.0,1.38,1.38,0.0,,,,,,ZiS-43
ro_57_quadriarma,9.0,,,0.0,,2.0,0.0,,,,,,0.0,,,,,,Ro.57_Quadriarma
hurricanemkii,9.0,100.0,2.8,3.67,1.0,0.92,18.0,,,0.0,,0.0,0.0,,,,,,Hurricane_Mk_IIB/Trop
meteor_frmk9_iaf,10.0,,,1.0,,1.0,23.0,100.0,1.0,1.0,1.0,1.0,0.0,,,,,,Meteor_FR.9_(Israel)
sw_strf_90b,9.0,,,0.0,,1.0,107.0,84.29,0.28,0.24,2.8,2.23,45.0,73.02,0.0,0.0,2.1,1.95,Strf_9040B
f-8e_fn,10.0,100.0,1.2,1.2,1.0,1.0,84.0,50.0,1.0,1.0,0.3,0.3,0.0,,,,,,F-8E(FN)
f-84f_italy,10.0,,,0.0,,1.0,0.0,,,,,,0.0,,,,,,F-84F
it_leopard_bofors,10.0,,,0.0,,2.0,190.0,97.53,0.0,0.0,2.24,1.28,0.0,,,,,,Leopard_40/70
us_m46_patton_73_armor_bat,10.0,50.0,0.5,1.0,1.0,2.0,498.0,61.22,0.0,0.0,2.75,2.29,0.0,,,,,,"M46_""Tiger"""
mig-21_mf_hungary,10.0,100.0,1.0,1.0,1.0,1.0,41.0,50.0,1.0,2.0,0.0,0.0,0.0,,,,,,◔MiG-21MF
fr_amx_10rc,9.0,,,,,,177.0,53.12,0.0,0.0,1.17,1.33,0.0,,,,,,AMX-10RC
cn_is_2_1943,8.0,0.0,0.0,0.0,4.5,4.5,74.0,0.0,0.0,0.0,3.31,0.77,0.0,,,,,,IS-2_(China)
fw_190a_5_u14,11.0,,,,,,0.0,,,,,,0.0,,,,,,Fw_190_A-5/U14
sw_ikv_72,9.0,,,,,,26.0,,,0.0,,2.79,0.0,,,,,,Ikv_72
he_100d_1,11.0,,,2.33,,0.0,1.0,,,,,,0.0,,,,,,He_100_D-1
tu_4_china,10.0,100.0,0.0,0.0,1.0,1.0,7.0,50.0,0.88,1.0,0.5,0.63,0.0,,,,,,Tu-4_(China)
f4u-7,11.0,,,2.0,,1.0,126.0,59.3,0.5,0.47,1.56,2.08,2.0,,,0.0,,0.0,F4U-7
f2a-3,9.0,,,1.0,,0.0,16.0,,,,,,0.0,,,,,,F2A-3
ussr_t_72b3_arena,10.0,,,0.0,,2.0,508.0,37.62,0.0,0.0,0.95,0.99,3.0,100.0,0.0,0.0,1.0,1.0,"Т-72Б3_""Арена"""
f2g-1,9.0,100.0,1.0,1.0,0.0,0.0,115.0,34.33,1.02,0.94,2.2,2.13,0.0,,,,,,F2G-1
sw_cv_90105,9.0,50.0,0.0,0.0,0.94,1.89,291.0,58.73,0.0,0.0,1.51,1.54,0.0,,,,,,CV_90105_TML
germ_panzerjager_tiger_P_ferdinand,9.0,,,,,,214.0,27.58,0.0,0.0,3.2,2.41,0.0,,,,,,Ferdinand
il-10_1946,11.0,,,1.0,,0.0,108.0,86.51,0.68,0.51,4.68,4.3,0.0,,,,,,IL-10_(1946)
ussr_btr_zd,9.0,,,,,,363.0,65.19,0.57,0.41,1.97,1.39,0.0,,,,,,BTR-ZD
sw_strv_105,9.0,,,,,,210.0,55.18,0.0,0.0,1.54,1.53,8.0,50.0,0.0,0.0,2.0,4.0,Strv_105
bf-109b_2,9.0,100.0,0.0,0.0,0.0,0.0,0.0,,,,,,0.0,,,,,,Bf_109_B-1
a-20g,9.0,,,,,,0.0,,,,,,0.0,,,,,,A-20G-25
p-47d_22_re,11.0,100.0,1.0,1.0,1.73,1.73,76.0,90.38,1.54,1.76,2.13,2.81,0.0,,,,,,P-47D-22-RE
jp_btr_3e1,9.0,,,0.0,,0.0,153.0,39.89,0.0,0.0,0.83,0.66,0.0,,,,,,BTR-3E1
leo_451_late,11.0,,,,,,20.0,50.0,0.5,1.0,4.0,8.0,0.0,,,,,,LeO_451_late
jp_type_87_rcv,9.0,,,,,,220.0,55.32,0.0,0.0,1.03,1.04,0.0,,,,,,Type_87_RCV
mig-21_mf,9.0,,,0.56,,0.0,318.0,59.55,1.48,1.87,0.28,0.33,16.0,,,,,,◊MiG-21MF
ussr_bmd_4,10.0,,,,,,455.0,44.85,0.0,0.0,1.62,1.33,14.0,100.0,0.0,0.0,6.0,3.0,BMD-4
p-51c-11-nt_japan,11.0,,,,,,23.0,95.83,1.18,1.7,0.19,1.3,0.0,,,,,,P-51C-11-NT
cn_m10,9.0,,,,,,41.0,100.0,0.0,0.0,4.0,1.2,0.0,,,,,,M10_GMC_(China)
saab_ja37di_f21,10.0,,,2.2,,0.2,522.0,51.12,1.01,1.11,0.24,0.25,93.0,,,1.05,,0.0,JA37DI_F21
b-29,8.0,100.0,0.0,0.0,4.0,4.0,0.0,,,,,,0.0,,,,,,B-29A-BN
d3a1,10.0,,,,,,0.0,,,,,,0.0,,,,,,D3A1
ki_43_1,7.0,,,8.0,,0.0,4.0,,,,,,0.0,,,,,,Ki-43-I
tempest_mkv_vikkers,10.0,100.0,1.0,1.0,1.0,1.0,30.0,100.0,0.86,0.8,1.29,1.47,0.0,,,,,,Tempest_Mk_V_(Vickers_P)
fr_bat_chat_25t,8.0,,,0.0,,2.0,255.0,51.22,0.0,0.0,3.67,2.37,16.0,,,,,,Char_25t
mig-15bis_nr23_china,10.0,50.0,4.5,3.0,0.5,0.25,4.0,100.0,0.0,0.5,1.0,0.5,0.0,,,,,,J-2
us_skink_aa,9.0,,,1.0,,0.0,181.0,43.33,0.48,0.62,0.23,0.24,0.0,,,,,,Skink
tu-2,10.0,,,1.0,,1.13,84.0,57.58,0.91,0.59,3.38,2.29,6.0,,,,,,Tu-2S
it_semovente_m41_75_32,9.0,,,,,,0.0,,,,,,0.0,,,,,,75/32_M41
jp_type_4_ho_ro,8.0,,,,,,26.0,33.33,0.0,0.0,0.3,0.24,0.0,,,,,,Ho-Ro
f4u-6_au-1,9.0,,,1.0,,0.0,138.0,86.76,1.24,1.23,3.71,3.58,0.0,,,,,,AU-1
ki_61_1a_ko,9.0,0.0,3.0,3.33,0.0,0.0,0.0,,,,,,0.0,,,,,,Ki-61-I_ko
ki_44_2_hei_china,8.0,,,,,,10.0,,,,,,0.0,,,,,,Ki-44-II_hei_(China)
jp_type_3_ho_ni_I,8.0,,,0.0,,1.0,50.0,50.0,0.0,0.0,1.5,1.0,0.0,,,,,,Ho-Ni_I
cn_type_63_I,8.0,,,,,,124.0,53.66,0.0,0.0,0.59,0.5,0.0,,,,,,Type_63-I
us_m4a3e8_76w_sherman_kit_3rank,10.0,,,,,,187.0,77.78,0.0,0.0,7.06,2.21,0.0,,,,,,Sherman_(Hell)
it_zsu_57_2,9.0,,,,,,122.0,80.43,0.0,0.0,3.14,1.25,0.0,,,,,,◔ZSU-57-2
yak-28b,9.0,,,0.0,,1.0,35.0,62.5,0.36,0.94,0.63,1.0,0.0,,,,,,Yak-28B
us_m22_locust,10.0,50.0,0.0,0.0,0.65,1.3,174.0,61.02,0.0,0.0,1.2,0.92,0.0,,,,,,M22
us_m2_medium,10.0,0.0,0.0,0.0,0.7,0.7,26.0,,,0.0,,0.0,0.0,,,,,,M2
uk_fv107_scimitar,10.0,,,0.0,,0.0,109.0,79.68,0.0,0.0,1.26,0.84,0.0,,,,,,Scimitar
us_m3_bradley,9.0,,,0.0,,0.0,466.0,67.84,0.06,0.06,1.85,1.33,0.0,,,,,,M3_Bradley
he_112b_1,9.0,,,,,,0.0,,,,,,0.0,,,,,,He_112_B-1/U2
uk_a39_tortoise,8.0,50.0,0.0,0.0,4.0,8.0,9.0,,,,,,0.0,,,,,,Tortoise
tu-2_postwar,9.0,100.0,0.0,0.0,4.0,3.22,12.0,0.0,0.0,0.0,2.25,2.25,0.0,,,,,,Tu-2S-44
ussr_valentine_mk_9,7.0,,,,,,11.0,100.0,0.0,0.0,2.0,2.0,0.0,,,,,,"МК-IX_""Valentine"""
do_217k_1,7.0,,,,,,9.0,,,0.0,,0.0,0.0,,,,,,Do_217_K-1
bf-109g-2_romania,7.0,,,,,,0.0,,,,,,0.0,,,,,,Bf_109_G-2
it_40m_turan_1,9.0,,,0.0,,2.0,31.0,39.47,0.0,0.0,1.55,2.63,0.0,,,,,,Turan_I
sw_k9_vidar,8.0,,,0.0,,2.0,55.0,61.11,0.0,0.0,3.39,1.81,0.0,,,,,,VIDAR
ussr_gaz_mm_72k,8.0,,,,,,23.0,,,0.44,,1.5,0.0,,,,,,GAZ-MM_(72-K)
i_180,9.0,100.0,1.0,1.89,2.0,0.22,11.0,50.0,1.0,1.55,1.0,2.0,0.0,,,,,,I-180S
su-2_tss1,7.0,,,0.0,,2.86,0.0,,,,,,0.0,,,,,,Su-2_TSS-1
us_m1128_wolfpack,8.0,,,0.0,,2.75,546.0,51.94,0.0,0.0,1.56,1.05,0.0,,,,,,M1128_Wolfpack
uk_m109a1,8.0,,,0.0,,2.25,1.0,,,0.0,,1.0,0.0,,,,,,M109A1
jp_m60a3_tts,7.0,,,0.0,,1.0,121.0,37.11,0.0,0.0,3.15,2.17,0.0,,,,,,M60A3_TTS
f8f1b_france,8.0,,,2.0,,0.0,168.0,82.8,1.06,1.45,1.94,2.56,0.0,,,,,,F8F-1B
ju-88a-4_finland,10.0,,,0.13,,2.88,3.0,,,0.0,,1.0,0.0,,,,,,Ju_88_A-4
fw-190d-12,8.0,100.0,1.0,1.0,0.0,0.0,34.0,,,0.4,,1.0,0.0,,,,,,Fw_190_D-12
fr_amx_elc_901,9.0,,,0.0,,1.0,131.0,58.33,0.0,0.0,3.17,1.45,0.0,,,,,,ELC_901
uk_a_22f_mk_7_churchill_1944,6.0,50.0,0.0,0.0,5.67,5.67,42.0,100.0,0.0,0.0,4.33,2.93,4.0,,,,,,Churchill_VII
md_450b_barougan,8.0,,,1.0,,0.0,0.0,,,,,,0.0,,,,,,M.D.450B_Barougan
uk_chieftain_mk_10,11.0,50.0,0.0,0.0,1.5,1.9,172.0,65.29,0.0,0.0,2.32,1.3,0.0,,,,,,Chieftain_Mk_10
cn_zsl_92,9.0,,,,,,124.0,52.17,0.0,0.0,0.86,0.81,0.0,,,,,,ZSL92
jp_type_90b,7.0,,,0.0,,1.0,228.0,52.17,0.0,0.0,1.53,1.74,0.0,,,,,,Type_90_(B)
yak-9p_hungary,8.0,,,2.88,,0.0,20.0,100.0,1.0,1.0,1.0,1.0,0.0,,,,,,◔Yak-9P
ki_100_early,8.0,50.0,1.25,1.75,0.0,0.0,40.0,88.24,0.88,0.4,2.65,2.15,0.0,,,,,,Ki-100
il_2_1941,8.0,,,,,,43.0,83.33,0.0,0.0,1.75,0.71,0.0,,,,,,IL-2_(1941)
sw_t_54_1951,7.0,100.0,0.0,,1.0,,174.0,47.41,0.0,0.0,1.24,1.23,0.0,,,,,,T-54
ki_84_ko,8.0,,,1.0,,0.0,31.0,57.78,1.0,1.83,0.62,1.17,3.0,,,,,,Ki-84_ko
uk_skink_aa,8.0,0.0,2.0,,0.0,,101.0,35.12,1.19,1.38,0.21,0.41,0.0,,,,,,Skink
boomerang_mkii,7.0,,,,,,0.0,,,,,,0.0,,,,,,Boomerang_Mk_II
la-9_china,8.0,,,,,,38.0,74.73,0.9,1.29,0.25,0.47,2.0,,,,,,La-9_(China)
he-111h-16_winter,9.0,,,0.0,,1.22,57.0,44.93,0.0,0.0,0.96,0.94,0.0,,,,,,He_111_H-16
ffvs_j22_a,8.0,,,,,,0.0,,,,,,0.0,,,,,,J22-A
boomerang_mki,7.0,,,1.0,,0.0,0.0,,,,,,0.0,,,,,,Boomerang_Mk_I
ki_61_2_early,8.0,50.0,1.25,1.75,0.0,0.0,30.0,,,,,,0.0,,,,,,Ki-61-II_Otsu_Kai
ki_61_1a_tei,8.0,0.0,1.5,1.25,0.0,0.0,0.0,,,,,,0.0,,,,,,Ki-61-I_tei
bf-109g-14as,9.0,0.0,3.0,3.0,0.0,0.0,8.0,,,0.2,,0.8,0.0,,,,,,Bf_109_G-14/AS
b-17g,8.0,,,,,,4.0,,,,,,0.0,,,,,,B-17G-60-VE
us_m247,8.0,,,,,,247.0,51.48,1.73,1.37,0.14,0.11,0.0,,,,,,M247
germ_marder_1a1,8.0,100.0,0.0,0.0,0.0,0.0,329.0,30.12,0.0,0.0,0.48,0.39,0.0,,,,,,Marder_A1-
j1n1_mod11_early,9.0,,,,,,0.0,,,,,,0.0,,,,,,J1N1
sw_strv_81,7.0,,,0.0,,0.0,245.0,45.85,0.0,0.0,1.17,1.03,0.0,,,,,,Strv_81
beaufighter_mk6c,5.0,100.0,1.0,,3.0,,3.0,,,0.0,,1.0,0.0,,,,,,Beaufighter_Mk_VIc
ussr_btr_152d,7.0,50.0,1.0,2.0,0.0,0.0,351.0,25.83,2.33,1.25,0.0,0.0,0.0,,,,,,BTR-152D
a6m3_mod22ko_zero,7.0,0.0,3.5,3.5,0.0,0.0,1.0,,,,,,0.0,,,,,,A6M3_mod._22Ko
i-16_type10,7.0,,,1.0,,0.0,0.0,,,,,,0.0,,,,,,I-16_type_10
jp_type_75_mlrs,6.0,0.0,0.0,0.0,2.0,2.0,14.0,50.0,0.0,0.0,0.5,0.5,0.0,,,,,,Type_75_MLRS
seafire_mk3,8.0,,,3.88,,0.0,6.0,,,0.0,,1.0,0.0,,,,,,Seafire_LF_Mk.III
fa_18a,8.0,90.0,1.8,2.0,0.0,0.0,200.0,53.47,2.01,1.9,0.32,0.32,55.0,,,1.9,,0.0,F/A-18A
i-153_m62_china,6.0,0.0,1.0,1.0,0.0,0.0,0.0,,,,,,0.0,,,,,,I-153_M-62_(China)
spitfire_mk9c_iaf,6.0,,,2.5,,0.0,35.0,100.0,3.9,,0.0,,0.0,,,,,,Spitfire_Mk_IXc_(Israel)
i-153_m62,7.0,,,1.0,,0.0,0.0,,,,,,0.0,,,,,,I-153_M-62
ussr_isu_122s,6.0,,,0.0,,1.0,66.0,0.0,0.0,0.0,1.0,0.56,0.0,,,,,,ISU-122S
i-16_type10_china,6.0,0.0,1.0,1.0,0.0,0.0,0.0,,,,,,0.0,,,,,,I-16_type_10_(China)
sw_cv_90120,8.0,,,,,,171.0,83.62,0.0,0.0,3.41,2.1,0.0,,,,,,CV_90120
germ_th_400,7.0,100.0,0.0,0.0,2.0,1.4,179.0,55.91,0.0,0.0,2.71,1.35,0.0,,,,,,R400
uk_crusader_mk_3,6.0,,,,,,36.0,50.0,0.0,0.0,3.5,2.65,0.0,,,,,,Crusader_III
uk_valentine_mk_11,5.0,,,,,,86.0,55.17,0.0,0.0,2.44,2.33,0.0,,,,,,Valentine_XI
mosquito_j30_sweden,6.0,,,3.0,,0.33,32.0,50.0,0.5,0.1,1.0,1.0,0.0,,,,,,Mosquito_J30
ia_58a_pucara,6.0,100.0,2.5,,1.0,,330.0,60.96,0.96,1.28,1.92,2.55,0.0,,,,,,IA.58A_Pucara
f-5a_thailand,6.0,100.0,6.0,6.0,21.0,21.0,68.0,54.48,1.89,2.31,0.47,0.67,0.0,,,,,,F-5A
jp_type_10,6.0,,,,,,515.0,57.3,0.0,0.0,3.21,2.01,0.0,,,,,,Type_10
fiat_g91_ys,6.0,50.0,3.0,3.0,0.5,0.5,32.0,100.0,0.0,0.0,3.0,2.16,0.0,,,,,,G.91_YS
hunter_f1,5.0,,,1.4,,1.2,99.0,100.0,4.8,13.09,0.09,0.39,0.0,,,,,,Hunter_F.1
a_10a_early,5.0,,,2.0,,1.0,418.0,47.36,0.57,0.75,3.16,4.09,244.0,6.35,1.09,0.23,9.87,2.2,A-10A
saab_t18b_1,6.0,,,,,,3.0,50.0,0.0,0.0,0.0,0.0,0.0,,,,,,T18B
bf-109e-3,6.0,,,3.33,,0.0,40.0,100.0,1.79,0.91,1.79,0.96,0.0,,,,,,Bf_109_E-3
cn_t_26_1940,5.0,,,0.0,,2.0,0.0,,,,,,0.0,,,,,,T-26_(China)
f_20a,6.0,,,2.5,,1.5,235.0,59.44,1.33,1.57,0.32,0.37,0.0,,,,,,F-20A
j_15t,6.0,50.0,1.5,1.5,0.0,0.0,309.0,62.42,1.56,2.21,0.69,0.85,5.0,,,1.0,,0.0,J-15T
uk_olifant_mk_1a,6.0,,,0.0,,2.0,186.0,69.18,0.0,0.0,2.56,2.38,0.0,,,,,,Olifant_Mk.1A
su-9,6.0,50.0,1.5,3.0,1.0,2.0,224.0,47.0,0.68,0.83,0.93,1.17,0.0,,,,,,Su-9
fiat_g91_ps,6.0,,,,,,0.0,,,,,,0.0,,,,,,G.91_pre-serie
p-47n-15,6.0,,,,,,44.0,50.0,0.47,0.34,1.85,1.73,0.0,,,,,,P-47N-15
sm_79_iar_italy,6.0,,,,,,0.0,,,,,,0.0,,,,,,S.M.79_B
uk_ratel_zt3,6.0,0.0,0.0,0.0,3.0,1.5,159.0,38.12,0.0,0.0,3.25,3.08,0.0,,,,,,ZT3A2
ussr_su_122,7.0,100.0,0.0,0.0,1.0,1.0,51.0,58.7,0.0,0.0,1.07,1.15,0.0,,,,,,SU-122
ussr_su_100_1945,6.0,100.0,0.0,0.0,1.0,1.0,112.0,32.1,0.0,0.0,1.33,1.15,0.0,,,,,,SU-100
cn_hj_9,6.0,,,0.0,,1.0,61.0,83.33,0.0,0.0,3.95,2.9,0.0,,,,,,AFT09
re_2005_serie0,7.0,,,,,,53.0,50.0,0.65,0.33,0.8,0.4,0.0,,,,,,Re.2005_serie_0
germ_flarakpz_1,5.0,,,,,,52.0,81.58,1.32,2.57,0.0,0.0,3.0,,,,,,FlaRakPz_1
p-63c-5_kingcobra_animal_version,6.0,,,1.0,,0.0,43.0,87.04,0.38,0.43,2.76,2.53,0.0,,,,,,␠Kingcobra
f_106a_1972,6.0,50.0,1.0,2.0,0.0,0.0,158.0,47.85,4.85,6.3,0.15,0.42,16.0,,,,,,F-106A
f9f-8,6.0,50.0,0.5,1.0,0.0,0.0,227.0,52.02,0.93,1.03,0.38,0.38,0.0,,,,,,F9F-8
il_magach_6m,6.0,,,,,,117.0,48.6,0.0,0.0,1.42,1.3,0.0,,,,,,Magach_6M
germ_wiesel_1_mk20,5.0,50.0,0.0,0.0,0.0,0.0,886.0,37.47,0.27,0.24,0.91,0.78,0.0,,,,,,Wiesel_1A4
sw_strv_m42_eh,6.0,100.0,0.0,0.0,0.33,0.33,64.0,50.0,0.0,0.0,3.22,2.9,0.0,,,,,,Strv_m/42_EH
cn_m1a2t,6.0,100.0,0.0,,4.0,,106.0,86.88,0.0,0.0,3.62,2.85,0.0,,,,,,M1A2T
tu-1,6.0,,,,,,94.0,84.84,0.39,0.37,3.22,2.69,0.0,,,,,,Tu-1
fr_msc,6.0,100.0,0.0,0.0,4.0,4.0,187.0,79.63,0.0,0.0,3.43,2.63,0.0,,,,,,MSC
fr_jaguar_ebrc,6.0,100.0,0.0,0.0,2.0,2.0,201.0,44.52,0.04,0.03,2.48,1.2,0.0,,,,,,EBRC_Jaguar
b_25j_20,6.0,100.0,3.25,3.25,5.5,5.5,0.0,,,,,,0.0,,,,,,B-25J-20
f-84g_italy,6.0,,,,,,10.0,50.0,0.5,1.0,12.0,24.0,0.0,,,,,,F-84G-21-RE
yak-3_vk107,6.0,,,,,,100.0,59.68,1.47,3.4,0.44,1.03,2.0,,,,,,Yak-3_(VK-107)
spitfiremkiia,6.0,100.0,5.0,5.0,1.0,1.0,11.0,,,,,,0.0,,,,,,Spitfire_Mk_IIa
uk_m1a1_aim_abrams,6.0,100.0,0.0,0.0,2.0,2.0,27.0,100.0,0.0,0.0,5.96,5.96,0.0,,,,,,M1A1
germ_flakpanzer_IV_Ostwind_2_net,6.0,,,,,,262.0,33.44,0.76,0.51,0.25,0.17,0.0,,,,,,Ostwind_Ost
germ_amd_35_kwk,6.0,,,,,,0.0,,,,,,0.0,,,,,,Pz.Sp.Wg.P204(f)_KwK
yak-3t,6.0,,,1.67,,0.0,21.0,100.0,1.0,1.0,1.0,1.0,24.0,,,,,,Yak-3T
f_16a_block_10,5.0,,,,,,286.0,75.48,0.88,1.03,2.15,2.59,0.0,,,,,,F-16A
mig-17_china,6.0,,,1.0,,0.0,0.0,,,,,,0.0,,,,,,J-4
it_centauro_2,6.0,,,0.0,,2.0,133.0,92.67,0.0,0.0,4.7,2.92,0.0,,,,,,Centauro_II_(P)
fw-190f-8,5.0,,,2.0,,0.0,548.0,50.43,1.21,1.23,0.58,0.58,0.0,,,,,,Fw_190_F-8
yak-9ut,6.0,100.0,1.0,1.0,0.0,0.0,104.0,43.23,0.78,0.76,2.64,2.37,14.0,100.0,0.0,0.0,2.0,1.0,Yak-9UT
b_26b_c,6.0,,,0.0,,3.0,0.0,,,,,,0.0,,,,,,B-26B
germ_flakpz_1a2_Gepard,6.0,,,0.5,,1.5,246.0,40.43,0.74,0.4,0.72,0.43,0.0,,,,,,Gepard_1A2
fr_amx_30_ACRA,4.0,,,,,,48.0,91.3,0.0,0.0,3.13,1.94,12.0,50.0,0.0,0.0,1.0,1.0,AMX-30_ACRA
il_magach_6b_gal_batash,4.0,,,0.0,,1.75,60.0,45.24,0.0,0.0,2.74,3.33,0.0,,,,,,Gal_Batash
f-86k_late_german,6.0,,,,,,0.0,,,,,,0.0,,,,,,◄F-86K
yak-15,5.0,,,,,,73.0,51.07,1.55,3.04,0.53,1.03,0.0,,,,,,Yak-15
q_5_early,6.0,,,1.0,,0.0,21.0,,,,,,0.0,,,,,,Q-5_early
f_14d,5.0,100.0,1.0,1.0,0.0,0.0,993.0,46.01,1.02,1.11,0.03,0.04,0.0,,,,,,F-14D
us_t92,6.0,,,0.0,,1.0,430.0,53.8,0.0,0.0,1.78,1.23,0.0,,,,,,T92
la_200_toriy,5.0,30.0,1.4,2.0,0.0,0.0,107.0,62.32,1.29,1.26,0.3,0.18,0.0,,,,,,La-200
saab_b17a,5.0,0.0,0.0,0.0,2.0,2.0,0.0,,,,,,0.0,,,,,,B17A
d4y3,6.0,,,,,,0.0,,,,,,0.0,,,,,,D4Y3_Ko
us_m551_76,6.0,,,,,,318.0,55.19,0.0,0.0,1.83,1.57,0.0,,,,,,M551(76)
us_m1296_dragoon,8.0,50.0,0.0,0.0,0.5,0.37,157.0,41.67,0.0,0.0,1.21,0.64,0.0,,,,,,M1296
it_m3a3_stuart,4.0,,,0.0,,0.0,11.0,,,,,,0.0,,,,,,M3A3
iar_93b,4.0,100.0,6.0,6.0,11.0,11.0,29.0,50.0,1.0,1.55,0.23,0.23,0.0,,,,,,IAR-93B
f1,4.0,50.0,4.5,9.0,1.0,2.0,44.0,61.56,1.33,2.41,1.19,1.93,0.0,,,,,,F-1
kfir_c10_colombia,4.0,100.0,6.0,6.0,1.0,1.0,75.0,58.33,1.41,2.27,0.25,0.35,125.0,100.0,12.37,2.79,0.0,0.0,◡Kfir_C.10
fokker_g1a,4.0,,,,,,5.0,,,,,,0.0,,,,,,◗Fokker_G.IA
fa_18c_finland,4.0,100.0,6.0,6.0,0.0,0.0,0.0,,,,,,0.0,,,,,,F-18C
j_11a,4.0,50.0,3.0,6.0,0.5,1.0,93.0,60.19,1.21,0.75,0.0,0.0,5.0,,,7.0,,0.0,J-11A
saab_b18b,4.0,50.0,1.0,2.0,4.5,9.0,34.0,100.0,0.0,1.0,0.0,0.0,0.0,,,,,,B18B
i-16_type28,4.0,,,2.0,,1.0,0.0,,,,,,0.0,,,,,,I-16_type_28
a6m5otsu,2.0,0.0,7.0,3.5,1.0,0.5,68.0,92.95,1.52,1.18,1.38,1.1,0.0,,,,,,A6M5_otsu
f_16xl,5.0,100.0,6.0,5.2,0.0,0.0,111.0,40.98,0.58,0.55,1.11,1.06,28.0,,,1.88,,0.0,F-16XL
germ_sturmpanzer_II,4.0,,,,,,46.0,84.62,0.0,0.0,0.0,0.18,0.0,,,,,,Sturmpanzer_II
fiat_g91_y,4.0,50.0,3.0,3.0,0.0,0.0,12.0,,,0.0,,1.0,0.0,,,,,,G.91_Y
f-4ej_adtw,5.0,,,1.4,,0.0,408.0,51.36,1.95,2.05,0.45,0.48,0.0,,,,,,F-4EJ_ADTW
us_t30,4.0,100.0,0.0,,5.0,,192.0,58.02,0.0,0.0,2.76,3.21,0.0,,,,,,T30
mig-15_ns23,4.0,50.0,1.5,3.0,0.5,1.0,47.0,82.9,4.75,3.43,0.06,0.4,0.0,,,,,,MiG-15
spitfire_ix_plagis,2.0,100.0,3.5,3.5,0.0,0.0,1.0,100.0,2.0,,0.0,,0.0,,,,,,Plagis'_Spitfire_LF_Mk_IXc
ju-88a-4,5.0,,,0.0,,2.0,0.0,,,,,,0.0,,,,,,Ju_88_A-4
su_25k,5.0,,,1.0,,1.0,891.0,54.38,0.65,0.7,1.65,1.78,24.0,,,0.0,,0.0,Su-25K
il_magach_6_rocket,2.0,50.0,0.0,0.0,2.0,2.0,262.0,86.87,0.0,0.0,4.69,2.93,0.0,,,,,,Magach_Hydra
us_t32e1,4.0,0.0,0.0,0.0,4.0,4.0,46.0,100.0,0.0,0.0,3.0,2.04,0.0,,,,,,T32E1
us_m47_patton_II,5.0,,,,,,99.0,47.62,0.0,0.0,2.3,1.36,13.0,,,0.0,,0.0,M47
re_2000_int,4.0,100.0,1.0,1.0,0.0,0.0,0.0,,,,,,0.0,,,,,,Re.2000_serie_1
wellington_mk1c,4.0,,,0.0,,1.0,7.0,,,0.0,,0.0,0.0,,,,,,Wellington_Mk_Ic
ki_43_3_ko,4.0,50.0,1.0,2.0,0.0,0.0,0.0,,,,,,0.0,,,,,,Ki-43-III_ko_(China)
su-7bmk,5.0,,,1.0,,1.0,57.0,9.67,0.11,0.12,1.13,1.16,0.0,,,,,,Su-7BMK
germ_mkpz_m48a2ga2,6.0,50.0,0.5,1.0,1.0,2.0,257.0,35.6,0.0,0.0,1.82,1.53,13.0,,,0.0,,1.0,M48A2_G_A2
ki_44_1,5.0,,,2.8,,0.0,31.0,50.0,0.6,1.0,0.0,0.0,0.0,,,,,,Ki-44-I
sb_25j_netherlands,4.0,,,1.0,,1.0,9.0,14.29,0.14,0.14,3.43,3.43,0.0,,,,,,◘SB-25J
yak-1b_luftwaffe,4.0,50.0,2.75,5.5,0.0,0.0,250.0,97.21,5.34,29.77,0.15,1.44,0.0,,,,,,Yak-1B
il-10_1946_hungary,4.0,100.0,2.0,2.0,0.0,0.0,77.0,77.69,0.2,0.33,3.79,5.06,0.0,,,,,,◔IL-10
it_pzkpfw_III_ausf_N,8.0,66.67,0.0,0.0,2.7,8.0,27.0,,,0.0,,1.0,0.0,,,,,,Pz.III_N
cn_mbt2000_sm,5.0,100.0,0.0,0.0,3.0,3.0,50.0,50.0,0.0,0.0,2.21,1.65,0.0,,,,,,◍MBT-2000
uk_chieftain_marksman,4.0,,,,,,99.0,67.86,1.36,0.59,1.21,0.54,0.0,,,,,,Chieftain_Marksman
gladiator_mk2,4.0,,,1.0,,0.0,0.0,,,,,,0.0,,,,,,Gladiator_Mk_II
it_sherman_vc_firefly,6.0,50.0,0.0,0.0,0.5,1.0,40.0,100.0,0.0,0.0,2.67,2.31,0.0,,,,,,Sherman_Vc
il_m48a1_patton_III,3.0,,,0.0,,1.0,94.0,50.0,0.0,0.0,1.0,0.84,0.0,,,,,,Magach_1
cn_ztz_96b,5.0,,,0.0,,2.0,572.0,66.19,0.0,0.0,3.29,2.55,0.0,,,,,,ZTZ96B
bf-109f-1,4.0,,,,,,45.0,0.0,0.0,0.0,1.2,0.68,0.0,,,,,,Bf_109_F-1
f-104a,5.0,,,,,,90.0,16.95,1.01,0.99,0.44,0.37,0.0,,,,,,F-104A
ussr_kv_122,4.0,0.0,0.0,0.0,1.0,1.0,12.0,100.0,0.0,0.0,3.0,2.67,0.0,,,,,,KV-122
sb2c_5_france,4.0,,,1.0,,0.0,21.0,100.0,0.0,0.0,4.5,5.56,0.0,,,,,,SB2C-5
ussr_bmp_2m,4.0,0.0,0.0,0.0,0.0,0.0,1020.0,44.64,0.02,0.0,1.08,0.84,7.0,,,0.0,,1.0,BMP-2M
germ_mkpz_m48a2c,3.0,,,0.0,,0.33,432.0,30.32,0.0,0.0,0.84,0.77,62.0,55.07,0.0,0.0,1.26,1.83,M48A2_C
it_l3_cc,4.0,,,0.0,,0.0,0.0,,,,,,0.0,,,,,,L3/33_CC
cr_32,3.0,,,,,,0.0,,,,,,0.0,,,,,,CR.32
p-51c-11-nt_china,3.0,,,1.0,,0.0,26.0,100.0,2.38,2.38,0.13,0.13,0.0,,,,,,P-51C-11-NT_(China)
he-111h-6,2.0,100.0,0.0,0.0,5.0,5.0,25.0,100.0,0.0,0.0,5.0,5.0,0.0,,,,,,He_111_H-6
germ_ru251,4.0,,,,,,55.0,0.0,0.0,0.0,6.08,3.04,0.0,,,,,,Ru_251
il_merkava_mk_4_lic,6.0,50.0,0.0,0.0,4.0,4.0,110.0,63.48,0.0,0.0,2.06,2.5,0.0,,,,,,Merkava_Mk.4_LIC
il_merkava_mk_4b,6.0,50.0,0.0,0.0,3.75,3.75,99.0,50.0,0.0,0.0,1.85,2.19,0.0,,,,,,Merkava_Mk.4B
ussr_ba_11,2.0,,,,,,57.0,10.71,0.0,0.0,3.46,2.01,0.0,,,,,,BA-11
seafire_mk3_france,3.0,,,,,,18.0,,,0.17,,0.0,0.0,,,,,,Seafire_LF_Mk.III
ussr_t_28,3.0,,,,,,61.0,64.71,0.0,0.0,5.79,3.5,0.0,,,,,,T-28
saab_j21a_2,3.0,,,1.0,,0.0,10.0,100.0,3.0,,0.0,,0.0,,,,,,J21A-2
lagg-i-301,4.0,,,2.0,,0.0,0.0,,,,,,0.0,,,,,,I-301
fr_tpk_641_vpc,2.0,,,,,,63.0,6.67,1.65,1.52,0.02,0.01,14.0,,,,,,TPK_6.41
mig_3_series_1_15_bk_pod,3.0,100.0,3.0,3.0,2.0,2.0,0.0,,,,,,0.0,,,,,,MiG-3-15_(BK)
j_10c,3.0,0.0,1.0,1.0,1.0,1.0,65.0,87.18,2.83,2.47,0.36,0.32,0.0,,,,,,J-10C
il-10,3.0,,,1.67,,2.0,44.0,100.0,1.0,0.2,2.0,1.16,0.0,,,,,,IL-10
us_t54e2,3.0,,,,,,0.0,,,,,,0.0,,,,,,T54E2
ki_61_1a_hei_ep,2.0,50.0,2.5,5.0,0.0,0.0,34.0,50.0,0.5,0.24,0.94,1.0,9.0,,,,,,Tada's_Ki-61-I_hei
me-410b-1_u2,3.0,,,,,,0.0,,,,,,0.0,,,,,,Me_410_B-1/U2
cn_t_62,3.0,,,,,,5.0,,,,,,0.0,,,,,,Т-62_№545
cn_m55,4.0,,,,,,0.0,,,,,,0.0,,,,,,M55_(China)
av_8a,3.0,,,0.0,,0.0,290.0,54.09,0.92,1.19,0.92,1.2,0.0,,,,,,AV-8A
spitfire_ix_usa,3.0,,,,,,210.0,57.62,1.06,1.07,1.59,1.58,17.0,,,,,,Spitfire_LF_Mk_IXc
tu_95m,3.0,,,,,,38.0,56.06,0.38,0.68,0.55,1.0,0.0,,,,,,Ту-95М
j_11b,3.0,,,,,,27.0,50.0,1.08,2.13,0.0,0.0,0.0,,,,,,J-11B
p-63c-5,4.0,,,,,,68.0,72.15,0.13,0.16,1.02,0.94,0.0,,,,,,P-63C-5
uk_vickers_mbt_mk_3,3.0,,,0.0,,0.0,89.0,69.1,0.0,0.0,2.55,2.09,0.0,,,,,,Vickers_Mk.3
uk_fv102_striker,3.0,,,,,,0.0,,,,,,0.0,,,,,,Striker
uk_rooikat_76,3.0,,,0.0,,0.0,190.0,58.85,0.0,0.0,1.28,0.84,0.0,,,,,,Rooikat_Mk.1D
cn_m_41d,3.0,100.0,0.0,0.0,1.0,1.0,191.0,60.81,0.0,0.0,1.52,1.12,0.0,,,,,,M41D
he-111h-2,4.0,,,,,,0.0,,,,,,0.0,,,,,,He_111_H-3
germ_stug_III_ausf_A,3.0,,,,,,36.0,50.0,0.0,0.0,1.94,1.75,0.0,,,,,,StuG_III_A
germ_pzkpfw_38t_ausf_F,3.0,,,,,,0.0,,,,,,0.0,,,,,,Pz.38(t)_F
f_16a_block_5_netherlands,2.0,,,3.0,,8.0,22.0,,,0.0,,0.55,0.0,,,,,,◘F-16A
nf_5a_netherlands,2.0,100.0,8.0,8.0,0.0,0.0,271.0,67.35,2.47,3.28,0.84,1.13,0.0,,,,,,◘NF-5A
av_8b_na,2.0,100.0,1.0,1.0,5.0,5.0,222.0,56.42,0.87,0.9,0.74,0.79,25.0,,,0.0,,4.96,AV-8B_(NA)
f-4f_kws_lv,2.0,,,4.0,,0.0,342.0,40.31,1.19,1.31,0.08,0.09,43.0,,,0.32,,0.0,◄F-4F_KWS_LV
q_5a,2.0,,,,,,0.0,,,,,,0.0,,,,,,Q-5A
il_merkava_mk_4m,5.0,58.34,0.0,0.0,3.75,9.5,543.0,74.64,0.02,0.04,5.26,6.0,0.0,,,,,,Merkava_Mk.4M
vg_33,2.0,,,,,,0.0,,,,,,0.0,,,,,,V.G.33C-1
ariete,2.0,,,4.0,,0.0,244.0,68.91,2.37,4.19,1.84,3.15,36.0,,,4.12,,0.0,Ariete
f_111a,2.0,,,,,,61.0,46.97,0.46,0.46,2.17,2.17,15.0,,,0.0,,0.0,F-111A
beaufighter_mk21,1.0,,,,,,0.0,,,,,,0.0,,,,,,Beaufighter_Mk_21
f-4jk,2.0,,,4.0,,0.0,260.0,45.94,1.23,1.35,0.29,0.3,0.0,,,,,,F-4J(UK)_Phantom_II
cn_m8_scott,1.0,100.0,0.0,,3.0,,0.0,,,,,,0.0,,,,,,M8_HMC_(China)
hp52_hampden_mk1_late,3.0,100.0,2.0,2.0,2.0,2.0,0.0,,,,,,0.0,,,,,,Hampden_Mk_I
t2_early,2.0,,,,,,111.0,78.28,1.76,2.72,0.28,0.37,0.0,,,,,,T-2_Early
f-5e_fcu_thailand,2.0,0.0,5.0,5.0,2.0,2.0,434.0,54.16,1.41,1.42,0.6,0.63,0.0,,,,,,F-5E_FCU
sw_vickers_mk_e_37,2.0,,,,,,0.0,,,,,,0.0,,,,,,Vickers_Mk.E
yak-23,2.0,50.0,1.5,3.0,0.5,1.0,44.0,12.5,1.8,1.26,0.23,0.15,0.0,,,,,,Yak-23
mig_23mf_germany,2.0,,,2.0,,0.0,0.0,,,,,,56.0,,,2.0,,0.0,◊MiG-23MF
fokker_d21_serie3_finland,4.0,,,4.0,,0.0,0.0,,,,,,0.0,,,,,,Fokker_D.XXI-3
su_25_558arz,2.0,100.0,3.0,3.0,1.0,1.0,183.0,38.49,0.17,0.16,1.53,1.54,0.0,,,,,,Su-25BM
il_tiran_6,1.0,50.0,0.0,0.0,1.5,3.0,55.0,71.21,0.0,0.0,2.86,2.72,0.0,,,,,,Tiran_6
p-51b_7_sweden,2.0,,,,,,46.0,,,1.44,,0.61,0.0,,,,,,J26_David
f_2a_adtw,2.0,,,2.0,,0.0,946.0,61.07,1.65,2.25,0.43,0.59,142.0,0.0,6.0,1.42,1.0,0.12,F-2A_ADTW
ki_61_1a_hei,1.0,,,,,,5.0,,,,,,0.0,,,,,,Ki-61-I_hei
saab_jas39e,2.0,,,,,,244.0,59.2,1.69,2.19,0.68,1.07,128.0,0.0,7.07,1.03,0.0,0.16,JAS39E
ussr_zsu_23_4m2,2.0,,,,,,131.0,35.32,0.47,0.49,0.03,0.05,0.0,,,,,,ЗСУ-23-4М2
mig-21_pfm,2.0,,,,,,0.0,,,,,,0.0,,,,,,MiG-21PFM
cn_is_2_1944,2.0,,,0.0,,3.5,33.0,100.0,0.0,0.0,2.04,1.96,0.0,,,,,,IS-2_(1944)_(China)
su-11,2.0,,,,,,141.0,59.68,0.58,0.59,0.71,0.77,0.0,,,,,,Su-11
germ_pzkpfw_35t,1.0,100.0,0.0,,2.0,,22.0,100.0,0.0,0.0,1.9,1.9,0.0,,,,,,Pz.35(t)
hurricane_mk4,1.0,,,1.0,,0.0,0.0,,,,,,0.0,,,,,,Hurricane_Mk_IV
p-51a_tl,2.0,50.0,0.5,0.5,0.5,0.5,71.0,2.08,1.92,0.42,3.67,1.0,0.0,,,,,,P-51A
f_15e,2.0,,,1.0,,0.0,1436.0,52.7,0.99,1.09,2.11,2.28,98.0,,,2.83,,2.45,F-15E
us_t77e1,2.0,,,,,,67.0,50.0,1.13,2.26,0.0,0.0,0.0,,,,,,T77E1
sw_ikv_103,2.0,0.0,0.0,0.0,1.0,1.0,25.0,50.0,0.0,0.0,0.23,0.23,0.0,,,,,,Ikv_103
germ_pzsflk40_sturer_emil,2.0,,,0.0,,1.5,20.0,,,0.0,,2.78,0.0,,,,,,Sturer_Emil
ki-27_otsu,3.0,100.0,2.33,2.33,0.0,0.0,0.0,,,,,,0.0,,,,,,Ki-27_otsu
il-2i,2.0,100.0,2.0,2.0,2.0,2.0,6.0,,,0.0,,2.17,18.0,100.0,1.0,1.0,5.0,5.0,IL-2_(1942)
su_22m3,2.0,,,,,,200.0,46.77,0.27,0.24,1.25,0.91,17.0,,,,,,Su-22M3
germ_sdkfz_6_2_flak36,2.0,,,,,,26.0,44.44,0.89,1.78,0.56,1.0,0.0,,,,,,Sd.Kfz._6/2
j_8f,2.0,,,1.0,,0.0,16.0,100.0,2.0,2.0,0.0,0.0,0.0,,,,,,J-8F
a5m4_hagiri,3.0,,,,,,0.0,,,,,,0.0,,,,,,Hagiri's_A5M4
saab_ja37di,2.0,,,,,,30.0,50.0,1.0,1.0,0.5,0.44,0.0,,,,,,JA37DI
uk_ttd,2.0,50.0,0.0,0.0,0.5,1.0,191.0,67.31,0.0,0.0,5.34,5.05,0.0,,,,,,TTD
do_217n_1,2.0,,,0.0,,0.0,0.0,,,,,,0.0,,,,,,Do_217_N-1
arado-196a-3,1.0,,,,,,0.0,,,,,,0.0,,,,,,Ar_196_A-3
it_44m_zrinyi_1,2.0,,,,,,143.0,52.69,0.0,0.0,2.72,2.17,0.0,,,,,,Zrinyi_I
f_101c,2.0,,,,,,39.0,39.58,0.33,0.29,1.88,1.88,0.0,,,,,,F-101C
f-86f-30_japan,2.0,,,,,,75.0,95.7,2.39,2.93,1.1,1.39,0.0,,,,,,F-86F-30_
mosquito_b_mk16,2.0,0.0,0.0,,5.0,,13.0,50.0,0.0,0.0,2.44,4.88,0.0,,,,,,Mosquito_B.Mk.XVI
ef_2000_fgr4,2.0,,,,,,88.0,51.28,1.74,1.79,0.0,0.0,0.0,,,,,,Typhoon_FGR.4
lagg-3-66,1.0,100.0,6.0,,6.0,,0.0,,,,,,0.0,,,,,,LaGG-3-66
beaufighter_mkx,0.0,,,,,,0.0,,,,,,0.0,,,,,,Beaufighter_Mk_X
pe-2-359,0.0,,,,,,0.0,,,,,,0.0,,,,,,Pe-2-359
pbj_1j,2.0,,,,,,0.0,,,,,,0.0,,,,,,PBJ-1J
f-89b,0.0,,,,,,145.0,49.34,0.29,0.57,0.73,1.33,0.0,,,,,,F-89B
pe-8_m82,0.0,,,,,,107.0,41.93,1.33,1.52,1.39,1.63,0.0,,,,,,Pe-8
mosquito_fb_mk6_norway,0.0,,,,,,40.0,50.0,0.0,0.0,0.0,0.0,0.0,,,,,,◢Mosquito_FB.Mk.VI
jp_stingray,1.0,,,0.0,,2.0,191.0,54.75,0.0,0.0,1.67,2.35,0.0,,,,,,Stingray
uk_t_90s_bheeshma,1.0,,,0.0,,1.0,124.0,58.55,0.0,0.0,3.75,2.85,0.0,,,,,,Bhishma_TWMP
jp_type_16_mcv_prot,1.0,,,,,,405.0,48.42,0.0,0.0,1.29,1.37,11.0,,,0.0,,0.0,Type_16_(P)
saab_a21a_3,2.0,,,1.0,,1.0,38.0,68.42,2.05,1.48,1.68,1.35,0.0,,,,,,A21A-3
p-26a_34_m2,0.0,,,,,,0.0,,,,,,0.0,,,,,,P-26A-34_M2
he_219a_7,2.0,,,2.0,,0.0,232.0,56.87,0.97,1.02,6.3,6.55,0.0,,,,,,He_219_A-7
p-26a_33,0.0,,,,,,0.0,,,,,,0.0,,,,,,P-26A-33
p-26b_35,0.0,,,,,,0.0,,,,,,0.0,,,,,,P-26B-35
b_25j_1,1.0,,,0.0,,1.0,0.0,,,,,,0.0,,,,,,B-25J-1
us_m551,2.0,,,,,,115.0,16.67,0.0,0.0,3.0,1.7,9.0,,,0.0,,0.0,M551
il_magach_3_idf,2.0,,,,,,17.0,0.0,0.0,0.0,3.0,1.55,0.0,,,,,,Magach_3
bv-138c-1,0.0,,,,,,0.0,,,,,,0.0,,,,,,BV_138_C-1
b_34,0.0,,,,,,19.0,100.0,0.0,0.0,3.0,3.0,0.0,,,,,,B-34
mig-21_bison,0.0,,,,,,576.0,52.06,1.12,1.48,0.11,0.18,28.0,,,1.0,,0.0,MiG-21_Bison
mc200_serie7_italy,0.0,,,,,,0.0,,,,,,0.0,,,,,,C._200_serie_7
sm_79_1943_italy,0.0,,,,,,0.0,,,,,,0.0,,,,,,S.M.79_bis/T.M
germ_pzkpfw_III_ausf_B,0.0,,,,,,30.0,94.44,0.0,0.0,2.72,0.98,0.0,,,,,,Pz.III_B
douglas_ad_4,0.0,,,,,,50.0,,,0.0,,2.0,0.0,,,,,,AD-4
il_magach_6a,0.0,,,,,,13.0,0.0,0.0,0.0,1.0,0.8,0.0,,,,,,Magach_6A
mig_21_bis_finland,0.0,,,,,,104.0,64.52,1.46,2.53,0.36,0.75,0.0,,,,,,MiG-21bis
sw_strv_103_0,0.0,,,,,,323.0,43.12,0.0,0.0,2.93,3.09,0.0,,,,,,Strv_103-0
p-39q_25_france,0.0,,,,,,60.0,84.52,1.4,1.67,0.8,0.99,18.0,,,0.61,,0.0,P-39Q-25
he-177a-3,0.0,,,,,,0.0,,,,,,0.0,,,,,,He_177_A-3
i-16_type24,0.0,,,,,,0.0,,,,,,0.0,,,,,,I-16_type_24
ussr_t_26_1940,0.0,,,,,,3.0,,,,,,0.0,,,,,,T-26
er-2_ach30b_late,0.0,,,,,,0.0,,,,,,0.0,,,,,,Yer-2_(ACh-30B)_(l)
re_2000_heja_2,0.0,,,,,,0.0,,,,,,0.0,,,,,,◔Héja_II
tu-2_postwar_late_hungary,0.0,,,,,,101.0,88.17,0.11,0.18,5.33,3.87,0.0,,,,,,◔Tu-2S-59
so_4050_vautour_2b,0.0,,,,,,0.0,,,,,,0.0,,,,,,S.O.4050_Vautour_IIB
so_4050_vautour_2a,0.0,,,,,,0.0,,,,,,0.0,,,,,,S.O.4050_Vautour_IIA
it_m13_40_serie_3,0.0,,,,,,0.0,,,,,,0.0,,,,,,M13/40_(III)
bf-109e-4,0.0,,,,,,0.0,,,,,,0.0,,,,,,Bf_109_E-4
fiat_g91_r3,0.0,,,,,,29.0,,,1.26,,0.11,0.0,,,,,,◄G.91_R/3
ki_21_1hei,0.0,,,,,,0.0,,,,,,0.0,,,,,,Ki-21-I_hei
it_semovente_m43_105,0.0,,,,,,22.0,,,,,,0.0,,,,,,105/25_M43
f-5e_aidc,0.0,,,,,,0.0,,,,,,0.0,,,,,,F-5E_(China)
it_oto_r3_106sr,0.0,,,,,,183.0,67.53,0.0,0.0,2.45,1.7,0.0,,,,,,R3_T106_FA
md_450b_ouragan_iaf,0.0,,,,,,48.0,22.73,0.73,0.76,1.18,0.8,0.0,,,,,,M.D.450B_Ouragan_(Israel)
tu-2_postwar_china,0.0,,,,,,0.0,,,,,,0.0,,,,,,Tu-2S-44_(China)
f-104j,0.0,,,,,,0.0,,,,,,0.0,,,,,,F-104J
p-40f-5_france_ep,0.0,,,,,,0.0,,,,,,0.0,,,,,,P-40F-5_Lafayette
uk_daimler_mk_2,0.0,,,,,,26.0,,,,,,0.0,,,,,,Daimler_Mk_II
hawk_200,0.0,,,,,,0.0,,,,,,0.0,,,,,,Hawk_200
a_7e,0.0,,,,,,20.0,50.0,0.0,0.0,1.25,2.5,0.0,,,,,,A-7E
cn_plz_05,0.0,,,,,,130.0,71.11,0.0,0.0,2.91,1.51,0.0,,,,,,PLZ05
am_1_mauler,0.0,,,,,,89.0,78.34,0.08,0.64,2.72,2.62,0.0,,,,,,AM-1
etndard_4m,0.0,,,,,,9.0,,,,,,0.0,,,,,,Etendard_IVM
meteor_nfmk13,0.0,,,,,,15.0,100.0,1.0,1.0,4.0,4.0,0.0,,,,,,Meteor_NF.13_(Israel)
us_t32,0.0,,,,,,209.0,52.17,0.0,0.0,3.55,2.13,0.0,,,,,,T32
p-51c-10-nt,0.0,,,,,,52.0,84.0,0.16,0.16,1.2,1.2,0.0,,,,,,P-51C-10
meteor_fmk3_navy,0.0,,,,,,78.0,96.77,2.97,5.26,1.07,2.63,0.0,,,,,,Sea_Meteor_F_Mk_3
firebrand_tf4,0.0,,,,,,37.0,65.15,0.0,0.0,1.25,1.1,0.0,,,,,,Firebrand_TF_Mk_IV
it_l6,0.0,,,,,,0.0,,,,,,0.0,,,,,,L6/40
sunderland_mk5,0.0,,,,,,0.0,,,,,,0.0,,,,,,Sunderland_Mk_V
mc-205_n2,0.0,,,,,,54.0,50.0,1.94,3.88,0.0,0.0,0.0,,,,,,C._205N2
cn_type_59,0.0,,,,,,52.0,100.0,0.0,0.0,1.55,1.03,42.0,83.33,0.0,0.0,2.6,1.56,Type_59
ussr_gaz_4m,0.0,,,,,,0.0,,,,,,0.0,,,,,,GAZ-AAA_(4M)
la-5fn_luftwaffe,0.0,,,,,,8.0,50.0,2.5,2.5,0.0,0.0,0.0,,,,,,La-5FN
fr_amx_50_foch,0.0,,,,,,46.0,66.67,0.0,0.0,1.28,1.23,0.0,,,,,,AMX-50_Foch
do_217j_2,0.0,,,,,,0.0,,,,,,0.0,,,,,,Do_217_J-2
saab_ajs37,0.0,,,,,,57.0,57.84,0.41,1.0,1.74,4.29,38.0,,,,,,AJS37
ta_154a_1,0.0,,,,,,0.0,,,,,,0.0,,,,,,Ta_154_A-1
pb4y-2_france,0.0,,,,,,0.0,,,,,,0.0,,,,,,PB4Y-2
it_freccia,0.0,,,,,,68.0,100.0,0.0,0.0,2.81,1.02,0.0,,,,,,Freccia
g_55_serie1,0.0,,,,,,1.0,,,,,,0.0,,,,,,G.55_serie_1
uk_a30_sp_avenger_kit_3rank,0.0,,,,,,38.0,,,0.0,,0.69,0.0,,,,,,Avenger_(Overlord)
ki_44_1_ep,0.0,,,,,,7.0,100.0,1.0,1.0,0.0,0.0,0.0,,,,,,Ki-44-I_34
sea_fury_fb51,0.0,,,,,,8.0,100.0,1.0,,1.0,,0.0,,,,,,◘Sea_Fury_FB.51
bf-109z,0.0,,,,,,0.0,,,,,,0.0,,,,,,Bf_109_Z-1
fr_1_fireball,0.0,,,,,,193.0,45.59,0.41,0.32,1.51,1.24,40.0,100.0,0.0,0.0,3.0,1.35,FR-1_Fireball
ms_405c1,0.0,,,,,,0.0,,,,,,0.0,,,,,,M.S.405C1
spitfire_fr_mk14e,0.0,,,,,,21.0,,,0.0,,0.0,0.0,,,,,,Prendergast's_Spitfire_FR_Mk_XIVe
mc200_serie7,0.0,,,,,,0.0,,,,,,0.0,,,,,,C._200_serie_7
it_m13_40_serie_2,0.0,,,,,,15.0,0.0,0.0,,1.0,,0.0,,,,,,M13/40_(II)
germ_sdkfz_221_s_pz_b_41,0.0,,,,,,9.0,100.0,0.0,0.0,1.89,1.89,0.0,,,,,,Sd.Kfz.221_(s.Pz.B.41)
sw_tgdgb_m40_lv,0.0,,,,,,68.0,30.86,0.0,0.0,1.84,1.4,0.0,,,,,,Lvtdgb_m/40
saab_ja37,0.0,,,,,,525.0,70.25,1.78,2.45,0.36,0.51,30.0,,,2.29,,0.0,JA37C
super_etendard_97,0.0,,,,,,12.0,,,,,,0.0,,,,,,Super_Etendard
cn_pgz_04a,0.0,,,,,,69.0,62.04,0.78,1.15,0.0,0.0,0.0,,,,,,PGZ04A
g_55_serie1_ss0,0.0,,,,,,14.0,,,1.0,,0.0,0.0,,,,,,G.55_sottoserie_0
p-43a-1_china,0.0,,,,,,0.0,,,,,,0.0,,,,,,P-43A-1_(China)
saab_b17b,0.0,,,,,,0.0,,,,,,0.0,,,,,,B17B
fw-190a-8,0.0,,,,,,18.0,,,,,,0.0,,,,,,Fw_190_A-8
ussr_zsu_23_4m4,0.0,,,,,,298.0,31.5,1.45,1.08,0.0,0.0,0.0,,,,,,ZSU-23-4M4
wm_21,0.0,,,,,,0.0,,,,,,0.0,,,,,,◔WM-21
hornet_mk3,0.0,,,,,,19.0,,,,,,0.0,,,,,,Hornet_Mk.III
jp_type_95_ha_go,0.0,,,,,,0.0,,,,,,0.0,,,,,,Ha-Go
saab_j21ra,0.0,,,,,,0.0,,,,,,0.0,,,,,,J21RA
saab_a21rb,0.0,,,,,,61.0,50.0,1.0,0.63,1.0,0.42,0.0,,,,,,A21RB
us_lvt_a_1,0.0,,,,,,12.0,,,0.0,,1.25,0.0,,,,,,LVT(A)(1)
ussr_bt_7a_f32,0.0,,,,,,76.0,99.14,0.0,0.0,5.57,4.74,0.0,,,,,,BT-7A_(F-32)
p-47d_luftwaffe,0.0,,,,,,20.0,,,1.37,,1.0,0.0,,,,,,P-47D
jp_type_61_mod,5.0,75.0,0.3,0.3,5.0,5.0,109.0,66.67,0.0,0.0,3.59,2.79,0.0,,,,,,Type_61_(B)
us_hstv_l,0.0,,,,,,1295.0,57.53,0.04,0.04,1.79,1.55,13.0,,,0.0,,0.0,HSTV-L
i-16_type18,0.0,,,,,,0.0,,,,,,0.0,,,,,,I-16_type_18
f_47n_25_re_china,0.0,,,,,,44.0,100.0,1.0,0.5,1.82,1.0,0.0,,,,,,F-47N-25-RE_(China)
germ_leopard_2a4_pzbtl_123,0.0,,,,,,969.0,51.98,0.0,0.0,2.73,1.9,0.0,,,,,,Leopard_2_(PzBtl_123)
us_t54e1,0.0,,,,,,50.0,0.0,0.0,0.0,3.0,2.7,0.0,,,,,,T54E1
av_8s_late_thailand,0.0,,,,,,0.0,,,,,,0.0,,,,,,AV-8S_Late
uk_3_inch_gun_carrier,0.0,,,,,,0.0,,,,,,0.0,,,,,,Gun_Carrier_(3-in)
f2a-1_thach,0.0,,,,,,0.0,,,,,,0.0,,,,,,Thach's_F2A-1
seafire_mk17,0.0,,,,,,23.0,,,,,,0.0,,,,,,Seafire_F_Mk_XVII
d_520_france,0.0,,,,,,2.0,,,,,,0.0,,,,,,D.520
it_m44,0.0,,,,,,167.0,69.09,0.0,0.0,2.8,2.23,0.0,,,,,,M44
us_m4_t26,0.0,,,,,,186.0,32.9,0.0,0.0,2.39,1.17,14.0,,,,,,M4/T26
ussr_t_60_1941,0.0,,,,,,0.0,,,,,,0.0,,,,,,T-60
spitfire_lf_mk9e_iaf,0.0,,,,,,19.0,,,,,,0.0,,,,,,Spitfire_Mk.IX_(CW)_(Israel)
it_fiat_6614_106sr,0.0,,,,,,301.0,88.82,0.0,0.0,3.22,1.76,13.0,100.0,0.0,0.0,1.92,1.92,FIAT_6614
corsair_fmk2,0.0,,,,,,0.0,,,,,,0.0,,,,,,Corsair_F_Mk_II
uk_ac4_thunderbolt,0.0,,,,,,27.0,,,0.0,,2.93,4.0,,,,,,A.C.IV
f6f-5_france,0.0,,,,,,63.0,50.0,0.0,0.0,1.0,0.68,0.0,,,,,,F6F-5
uk_sherman_vc_firefly_kit_3rank,0.0,,,,,,3.0,,,,,,0.0,,,,,,Firefly_(Overlord)
brigand_b1,0.0,,,,,,0.0,,,,,,0.0,,,,,,Brigand_B_1
he51b1,0.0,,,,,,0.0,,,,,,0.0,,,,,,He_51_B-1
f-86k_late,0.0,,,,,,23.0,,,1.0,,1.0,0.0,,,,,,F-86K
uk_fv221_caernarvon,0.0,,,,,,90.0,73.33,0.0,0.0,2.34,0.16,31.0,0.0,0.0,0.0,3.31,3.31,Caernarvon
f4u-1a_usmc,0.0,,,,,,0.0,,,,,,0.0,,,,,,F4U-1A_(USMC)
welkin_fmk1,0.0,,,,,,0.0,,,,,,0.0,,,,,,Welkin_F.Mk.I
f-4f_late,0.0,,,,,,88.0,74.07,0.07,0.1,4.15,3.83,12.0,,,0.0,,0.0,◄F-4F
ju-87b-2,0.0,,,,,,24.0,50.0,0.0,0.0,0.0,0.0,0.0,,,,,,Ju_87_B-2
us_m50_ontos,1.0,,,,,,190.0,56.83,0.0,0.0,1.8,1.57,0.0,,,,,,M50
a6m5ko,0.0,,,,,,156.0,84.43,1.73,1.31,2.61,1.88,0.0,,,,,,A6M5_Ko
yak-17,0.0,,,,,,0.0,,,,,,0.0,,,,,,Yak-17
il_m163_vulcan,0.0,,,,,,29.0,38.89,0.2,0.05,0.0,0.0,0.0,,,,,,Hovet
ussr_pantsyr_s1,0.0,,,,,,222.0,52.32,0.99,0.87,0.04,0.03,11.0,100.0,1.0,1.0,0.0,0.0,Pantsir-S1
germ_9a35_m,0.0,,,,,,12.0,,,,,,0.0,,,,,,Стрела-10М
il_merkava_mk_1b,0.0,,,,,,95.0,21.25,0.0,0.0,2.22,1.88,0.0,,,,,,Merkava_Mk.1B
i-15_1935,0.0,,,,,,0.0,,,,,,0.0,,,,,,I-15_M-22
fr_lvt_bofors,0.0,,,,,,15.0,,,,,,0.0,,,,,,LVT-4/40
mig-17,0.0,,,,,,52.0,100.0,2.78,2.78,0.11,0.11,0.0,,,,,,MiG-17
mig-21_bis,0.0,,,,,,117.0,53.0,1.46,1.69,0.0,0.0,0.0,,,,,,MiG-21bis
fr_m4a1_sherman,0.0,,,,,,15.0,,,0.0,,1.4,0.0,,,,,,M4A1
j6b,0.0,,,,,,0.0,,,,,,0.0,,,,,,J6B
bf-109g-10,0.0,,,,,,36.0,,,,,,0.0,,,,,,Bf_109_G-10
us_t25,1.0,100.0,0.0,0.0,4.0,4.0,80.0,,,0.0,,1.36,0.0,,,,,,T25
pb4y-2,0.0,,,,,,17.0,100.0,0.5,,0.0,,0.0,,,,,,PB4Y-2
gladiator_j8a,0.0,,,,,,0.0,,,,,,0.0,,,,,,J8A
do_17e_1,0.0,,,,,,0.0,,,,,,0.0,,,,,,Do_17_E-1
wyvern_s4,0.0,,,,,,240.0,56.35,1.03,1.16,6.34,7.1,78.0,100.0,10.0,3.5,6.06,2.11,Wyvern_S4
meteor_fmk4_lw,0.0,,,,,,41.0,100.0,2.67,1.67,1.0,0.67,0.0,,,,,,Meteor_F_Mk_4_G.41F
sbd-3,0.0,,,,,,0.0,,,,,,0.0,,,,,,SBD-3
fokker_d21_mod20,0.0,,,,,,0.0,,,,,,0.0,,,,,,Fokker_D.XXI
ju-188a-2,0.0,,,,,,22.0,50.0,0.0,0.0,1.68,3.36,0.0,,,,,,Ju_188_A-2
it_leopard_1a2,0.0,,,,,,123.0,66.9,0.0,0.0,0.92,0.74,0.0,,,,,,Leopard_1A2
f-86_cl_13_mk4_italy,0.0,,,,,,12.0,100.0,2.0,,3.0,,0.0,,,,,,CL-13_Mk.4
p-38j_marge,0.0,,,,,,0.0,,,,,,42.0,100.0,1.07,1.07,3.63,3.63,Bong's_P-38J-15
cn_vt_4,0.0,,,,,,66.0,59.26,0.0,0.0,2.38,1.37,0.0,,,,,,VT4
i-15_1934,0.0,,,,,,0.0,,,,,,0.0,,,,,,I-15_WR
p-38j,0.0,,,,,,2.0,100.0,4.0,4.0,5.5,5.5,27.0,100.0,0.45,0.45,1.14,1.14,P-38J-15
il_magach_2,0.0,,,,,,41.0,50.0,0.0,0.0,1.19,1.5,0.0,,,,,,Magach_2
il_28,0.0,,,,,,51.0,40.0,0.0,0.0,0.0,0.0,0.0,,,,,,IL-28
p-38l_1_china_rocaf,0.0,,,,,,1.0,100.0,1.0,1.0,1.0,1.0,0.0,,,,,,P-38L-1_(China)
us_m48a1_patton_III,0.0,,,,,,37.0,72.78,0.0,0.0,2.57,2.37,0.0,,,,,,M48A1
cn_m42_duster,0.0,,,,,,54.0,,,0.0,,0.0,0.0,,,,,,M42_(China)
germ_sdkfz_234_2_mod,0.0,,,,,,86.0,50.0,0.0,0.0,2.19,1.01,0.0,,,,,,"Sd.Kfz.234/2_""Biene"""
us_m60,0.0,,,,,,32.0,2.78,0.0,0.0,1.25,0.5,19.0,,,0.0,,1.0,M60
jp_type_1_chi_he,0.0,,,,,,48.0,16.67,0.0,0.0,2.38,1.75,0.0,,,,,,Chi-He
db_3a_china,0.0,,,,,,0.0,,,,,,0.0,,,,,,DB-3A_(China)
a7m1,0.0,,,,,,160.0,83.08,2.76,1.99,1.96,1.48,0.0,,,,,,A7M1_(NK9H)
germ_infanterie_kampfpanzer_churchill,0.0,,,,,,8.0,,,0.0,,1.0,0.0,,,,,,Pz.Kpfw._Churchill
re_2000_j20,0.0,,,,,,0.0,,,,,,0.0,,,,,,J20
f3f-2,0.0,,,,,,0.0,,,,,,0.0,,,,,,F3F-2
sw_pbv_301,0.0,,,,,,0.0,,,,,,0.0,,,,,,Pbv_301
p-38g,0.0,,,,,,0.0,,,,,,0.0,,,,,,P-38G-1
j_11,0.0,,,,,,14.0,50.0,1.33,2.14,0.0,0.0,0.0,,,,,,J-11
bf-109c_1_promo,0.0,,,,,,0.0,,,,,,0.0,,,,,,Bf_109_C-1_Promo
jp_type_90,0.0,,,,,,802.0,51.14,0.0,0.0,1.62,1.42,0.0,,,,,,Type_90
ki_102_otsu,0.0,,,,,,0.0,,,,,,0.0,,,,,,Ki-102_otsu
us_sl_amraam_fcs,0.0,,,1.0,,0.0,121.0,68.12,1.58,1.33,0.0,0.0,0.0,,,,,,CLAWS_(СОЦ)
germ_kanonenjagdpanzer,0.0,,,,,,182.0,41.16,0.0,0.0,2.43,1.63,0.0,,,,,,JPz_4-5
hs-129b-3,0.0,,,,,,53.0,0.0,0.0,0.0,2.2,1.06,0.0,,,,,,Hs_129_B-3
f-4ej,0.0,,,,,,97.0,57.74,1.51,1.76,0.03,0.03,0.0,,,,,,F-4EJ_Phantom_II
so_4050_vautour_2n_late,0.0,,,,,,83.0,60.14,2.47,3.39,1.0,1.31,0.0,,,,,,S.O.4050_Vautour_IIN_(late)
yak-15_early,0.0,,,,,,47.0,100.0,2.83,0.79,0.0,0.0,0.0,,,,,,Yak-15P
ussr_object_775,0.0,,,,,,198.0,42.96,0.0,0.0,1.79,1.16,4.0,100.0,0.0,0.0,5.0,2.5,Object_775
uk_fv510_isv,0.0,,,,,,59.0,50.0,0.0,0.0,2.17,1.41,0.0,,,,,,Warrior
su_25sm3,0.0,,,,,,42.0,68.57,0.92,1.33,1.94,2.75,3.0,,,3.0,,0.0,Su-25SM3
ussr_asu_57,0.0,,,,,,94.0,43.33,0.0,0.0,1.93,0.5,0.0,,,,,,ASU-57
ki_84_hei,0.0,,,,,,67.0,32.08,0.48,0.73,1.04,1.47,23.0,,,,,,Ki-84_hei
ussr_zsu_23_4,1.0,0.0,1.0,1.0,1.0,1.0,142.0,50.0,0.43,0.44,0.36,0.44,0.0,,,,,,ZSU-23-4
it_40_43m_zrinyi_2,0.0,,,,,,0.0,,,,,,0.0,,,,,,Zrinyi_II
mig_27k,0.0,,,,,,56.0,50.0,0.0,0.0,0.87,1.0,31.0,38.46,0.0,0.0,0.92,0.7,MiG-27K
fr_amc_34,0.0,,,,,,0.0,,,,,,0.0,,,,,,AMC.34_YR
beaufort_mkviii,0.0,,,,,,0.0,,,,,,0.0,,,,,,Beaufort_Mk_VIII
it_b1_centauro_romor,0.0,,,,,,47.0,100.0,0.0,0.0,3.15,1.99,0.0,,,,,,Centauro_I_105_R
saab_b18a,0.0,,,,,,23.0,,,0.0,,0.0,0.0,,,,,,B18A
uk_m3a1_stuart,0.0,,,,,,18.0,,,,,,0.0,,,,,,Stuart_III
ussr_su_76m_1943,0.0,,,,,,27.0,0.0,0.0,0.0,0.15,0.09,0.0,,,,,,SU-76M
il_m109a1,0.0,,,,,,20.0,,,0.0,,0.5,0.0,,,,,,Rochev
cn_zbd_04a,0.0,,,,,,74.0,66.67,0.0,0.0,2.71,2.68,0.0,,,,,,ZBD04A
uk_bosvark,0.0,,,,,,55.0,25.0,2.5,2.13,0.0,0.0,0.0,,,,,,Bosvark
he_112v_5,0.0,,,,,,0.0,,,,,,0.0,,,,,,He_112_V-5
germ_schutzenpanzer_puma,0.0,,,,,,213.0,48.06,0.0,0.0,1.34,1.0,0.0,,,,,,PUMA
sw_l_62_anti_II,0.0,,,,,,65.0,0.0,0.0,0.0,0.96,1.04,4.0,,,,,,L-62_ANTI_II
douglas_a_1h,0.0,,,,,,408.0,99.28,0.47,0.46,7.45,7.21,0.0,,,,,,A-1H
re_2000_heja_1,0.0,,,,,,0.0,,,,,,0.0,,,,,,◔Héja_I
us_m18_hellcat_black_cat_race,,,,,,,,,,,,,,,,,,,"""Racing""_M18"
us_m60_120s,0.0,,,,,,223.0,56.13,0.0,0.0,2.53,1.73,0.0,,,,,,120S
germ_panzerwerfer_42,0.0,,,,,,0.0,,,,,,0.0,,,,,,15_cm_Pz.W.42
fr_char_2c,0.0,,,,,,0.0,,,,,,0.0,,,,,,2C
ussr_2s1,0.0,,,,,,68.0,50.0,0.0,0.0,1.82,1.38,0.0,,,,,,2S1
ussr_2s25m,0.0,,,,,,900.0,49.72,0.0,0.0,1.15,0.93,12.0,,,,,,2S25M
ussr_zprk_2s6,0.0,,,,,,247.0,54.59,0.4,0.37,0.52,0.5,4.0,,,1.0,,0.0,2S6
ussr_2s19_m2,0.0,,,,,,94.0,44.7,0.24,0.17,0.76,0.54,0.0,,,,,,2С19М2
it_semovente_l40,0.0,,,,,,0.0,,,,,,0.0,,,,,,47/32_L40
it_semovente_m41_75_18,0.0,,,,,,0.0,,,,,,0.0,,,,,,75/18_M41
it_semovente_m43_75_34,1.0,,,,,,0.0,,,,,,0.0,,,,,,75/34_M43
ussr_buk_m3_launcher,,,,,,,,,,,,,,,,,,,"9К317М_""БУК-М3""_(СОУ)"
ussr_buk_m3_fcs,0.0,,,,,,45.0,41.02,0.61,0.32,0.0,0.0,0.0,,,,,,"9К317М_""БУК-М3""_(СОЦ)"
a_10c,0.0,,,,,,47.0,18.75,1.81,1.81,13.88,13.88,29.0,,,,,,A-10C
a-26c,0.0,,,,,,0.0,,,,,,0.0,,,,,,A-26C-45
a-26c-45-dt,0.0,,,,,,25.0,82.38,3.27,8.83,8.93,26.92,0.0,,,,,,A-26C-45DT
a_29_hudson,0.0,,,,,,0.0,,,,,,0.0,,,,,,A-29
a-35b,0.0,,,,,,16.0,,,0.0,,0.0,0.0,,,,,,A-35B
a_4b,0.0,,,,,,174.0,84.75,0.28,0.14,2.65,2.09,0.0,,,,,,A-4B
a_4e_early,0.0,,,,,,423.0,60.26,1.28,1.41,1.92,2.2,0.0,,,,,,A-4E_Early
a_4ptm_malaysia,0.0,,,,,,0.0,,,,,,0.0,,,,,,A-4PTM
a_7d,0.0,,,,,,70.0,50.0,0.09,0.1,3.64,3.03,27.0,,,0.0,,0.0,A-7D
a_7e_thailand,0.0,,,,,,0.0,,,,,,0.0,,,,,,A-7E
a_7e_greece,0.0,,,,,,6.0,,,1.0,,2.0,0.0,,,,,,A-7E
a_7h_greece,,,,,,,,,,,,,,,,,,,A-7H
a_7k,0.0,,,,,,64.0,61.37,0.0,0.0,2.84,3.31,0.0,,,,,,A-7K
uk_ac1_sentinel,0.0,,,,,,1.0,,,,,,0.0,,,,,,A.C.I
vampire_fb5_j28b,0.0,,,,,,42.0,50.0,1.0,2.33,1.5,2.83,0.0,,,,,,A28B
saab_j29b,0.0,,,,,,90.0,36.84,1.13,2.32,1.14,2.03,0.0,,,,,,A29B
a2d,0.0,,,,,,773.0,57.12,0.32,0.33,1.8,1.82,30.0,,,1.0,,2.5,A2D-1
saab_a32a,0.0,,,,,,20.0,100.0,1.0,1.0,2.87,2.87,0.0,,,,,,A32A
saab_a32a_red_adam,0.0,,,,,,21.0,0.0,1.0,1.0,2.11,1.48,0.0,,,,,,A32A_Röd_Adam
a5m4,0.0,,,,,,0.0,,,,,,0.0,,,,,,A5M4
a6m5hei,0.0,,,,,,0.0,,,,,,0.0,,,,,,A6M5_Hei
a7he1,0.0,,,,,,0.0,,,,,,0.0,,,,,,A7He1
a7m2,0.0,,,,,,101.0,72.86,2.36,3.02,1.75,2.48,0.0,,,,,,A7M2
germ_a7v,0.0,,,,,,2.0,,,0.0,,3.0,0.0,,,,,,A7V
it_ab_41,0.0,,,,,,15.0,,,0.0,,1.73,0.0,,,,,,AB_41
it_ab_43,0.0,,,,,,38.0,,,0.0,,1.38,0.0,,,,,,AB_43
uk_17_pdr_m10_achilles,0.0,,,,,,71.0,100.0,0.0,0.0,6.17,2.93,0.0,,,,,,Achilles
uk_17_pdr_m10_achilles_norfolk_yeomanry,0.0,,,,,,87.0,53.7,0.54,0.32,4.52,2.53,0.0,,,,,,Achilles_(65_Rg.)
douglas_ad_4na_france,0.0,,,,,,33.0,100.0,0.0,0.0,2.0,2.25,0.0,,,,,,AD-4NA
uk_adats_m113a3,0.0,,,,,,66.0,100.0,1.79,0.89,0.0,0.0,0.0,,,,,,ADATS_(M113)
uk_armored_car_mk_2_aa,0.0,,,,,,10.0,,,,,,0.0,,,,,,AEC_AA
uk_armored_car_aec_mk_2,0.0,,,,,,83.0,56.91,0.0,0.0,1.74,1.9,0.0,,,,,,AEC_Mk_II
fa_18a_hug_2_raaf,0.0,,,,,,32.0,96.59,1.0,1.04,0.04,0.04,0.0,,,,,,AF/A-18A_Late
us_ags_teledyne,0.0,,,,,,20.0,50.0,0.0,0.0,3.5,3.11,0.0,,,,,,AGS
aichi_e13a,,,,,,,,,,,,,,,,,,,Aichi_E13A1
saab_aj37,0.0,,,,,,127.0,58.51,0.45,0.29,0.6,0.67,0.0,,,,,,AJ37
uk_ajax,0.0,,,,,,207.0,68.22,0.0,0.0,1.71,1.18,18.0,50.0,0.0,0.0,2.5,1.7,Ajax
saab_ajs37_early,0.0,,,,,,55.0,50.67,0.87,1.14,0.17,0.32,0.0,,,,,,AJS37_(Early)
uk_alecto_mk_1,0.0,,,,,,0.0,,,,,,0.0,,,,,,Alecto_I
alpha_jet_a_thailand,0.0,,,,,,51.0,76.0,0.28,0.25,3.66,4.46,44.0,50.0,0.5,0.89,3.0,2.21,Alpha_Jet_A
alpha_jet_a_jabog41,0.0,,,,,,58.0,26.44,0.36,0.34,1.07,1.13,0.0,,,,,,Alpha_Jet_A_(JaboG_41)
alpha_jet_e,0.0,,,,,,28.0,100.0,1.0,0.63,3.5,2.25,0.0,,,,,,Alpha_Jet_E
alpha_jet_th_phase_1,0.0,,,,,,63.0,71.87,0.81,1.11,1.57,2.09,0.0,,,,,,Alpha_Jet_TH
fr_amc_35,0.0,,,,,,0.0,,,,,,0.0,,,,,,AMC.35_(ACG.1)
fr_amd_35,0.0,,,,,,49.0,100.0,0.0,0.0,1.41,0.63,0.0,,,,,,AMD.35
fr_amd_35_kwk39,0.0,,,,,,83.0,64.29,0.0,0.0,3.18,1.82,0.0,,,,,,AMD.35_(PaK)
fr_aml_90,0.0,,,,,,163.0,62.19,0.0,0.0,2.22,2.06,0.0,,,,,,AML-90
fr_amr_35_zt3,0.0,,,,,,0.0,,,,,,0.0,,,,,,AMR.35_ZT3
amx_a_1a_brazil,0.0,,,,,,13.0,,,0.0,,4.0,9.0,100.0,2.0,2.0,5.0,5.0,AMX_A-1A
fr_amx_10m_acra,0.0,,,,,,2.0,,,,,,0.0,,,,,,AMX-10M
fr_amx_13_hot,0.0,,,,,,0.0,,,,,,0.0,,,,,,AMX-13_(HOT)
fr_amx_13_75_ss11,0.0,,,,,,82.0,70.83,0.0,0.0,1.84,1.66,0.0,,,,,,AMX-13_(SS.11)
fr_amx_13_chaffee,0.0,,,,,,104.0,73.68,0.0,0.0,2.33,2.19,0.0,,,,,,AMX-13-M24
fr_amx_30,0.0,,,,,,64.0,60.71,0.0,0.0,1.99,1.64,0.0,,,,,,AMX-30
fr_amx_30_1972,0.0,,,,,,344.0,55.37,0.0,0.0,1.61,1.51,2.0,,,0.0,,2.0,AMX-30_(1972)
fr_amx_30_dca,0.0,,,,,,207.0,44.6,0.27,0.28,0.54,0.49,0.0,,,,,,AMX-30_DCA
fr_amx_30_super,0.0,,,,,,638.0,51.46,0.0,0.0,1.99,1.46,0.0,,,,,,AMX-30_Super
fr_amx_32,0.0,,,,,,80.0,100.0,0.0,0.0,1.67,2.01,0.0,,,,,,AMX-32
fr_amx_40,0.0,,,,,,313.0,66.6,0.0,0.0,2.24,1.73,0.0,,,,,,AMX-40
fr_amx_50_1950,0.0,,,,,,124.0,71.27,0.0,0.0,4.23,2.35,37.0,50.0,0.0,0.0,0.96,1.86,AMX-50_(TO90/930)
fr_amx_50_surblinde,0.0,,,,,,0.0,,,,,,0.0,,,,,,AMX-50_Surblindé
cn_antelope_tc_1l_ads,0.0,,,,,,0.0,,,,,,0.0,,,,,,Antelope
arado-196a-5,0.0,,,,,,0.0,,,,,,0.0,,,,,,Ar_196_A-5
arado-234,0.0,,,,,,187.0,56.58,0.0,0.0,4.18,5.11,0.0,,,,,,Ar_234_B-2
arado_234b_2_mt,0.0,,,,,,12.0,50.0,1.0,2.0,1.83,3.67,0.0,,,,,,Ar_234_B-2_(WB_151)
arado-234c-3,0.0,,,,,,34.0,48.81,0.0,0.0,2.41,2.89,0.0,,,,,,Ar_234_C-3
uk_sp_17_pdr_valentine,0.0,,,,,,0.0,,,,,,0.0,,,,,,Archer
it_c1_ariete_preserie,0.0,,,,,,31.0,0.0,0.0,0.0,4.57,2.3,0.0,,,,,,Ariete_(P)
uk_arjun_mk1,2.0,100.0,0.0,0.0,5.0,5.0,14.0,100.0,0.0,0.0,14.0,6.24,0.0,,,,,,Arjun_Mk_1
fr_arl_44_mod,0.0,,,,,,63.0,55.38,0.0,0.0,0.77,0.71,0.0,,,,,,ARL-44_Bayard
it_as_42_metropolitana,0.0,,,,,,17.0,,,,,,0.0,,,,,,AS_42
sw_asrad_r,0.0,,,,,,116.0,47.73,1.28,1.37,0.0,0.0,0.0,,,,,,ASRAD-R
attaker_fb1,0.0,,,,,,27.0,50.0,0.5,1.0,1.0,2.0,0.0,,,,,,Attacker_FB_1
attaker_fb2,0.0,,,,,,0.0,,,,,,0.0,,,,,,Attacker_FB.2
it_aubl_74_60_70m,0.0,,,,,,462.0,60.45,0.0,0.0,2.22,1.41,0.0,,,,,,AUBL/74_HVG
av_8b_plus,0.0,,,,,,152.0,50.0,1.06,1.04,0.49,0.44,27.0,,,1.82,,0.0,AV-8B_Plus
av_8b_plus_italy,0.0,,,,,,20.0,,,2.59,,0.0,0.0,,,,,,AV-8B_Plus
av_8c,0.0,,,,,,151.0,31.89,0.4,0.51,0.68,0.79,0.0,,,,,,AV-8C
av_8s_thailand,0.0,,,,,,0.0,,,,,,0.0,,,,,,AV-8S
avenger_mk1,0.0,,,,,,0.0,,,,,,0.0,,,,,,Avenger_Mk_II
a_4n,0.0,,,,,,91.0,82.69,1.12,1.43,4.63,6.61,0.0,,,,,,Ayit
b_10b,0.0,,,,,,0.0,,,,,,0.0,,,,,,B-10B
b-17e_japan,0.0,,,,,,0.0,,,,,,0.0,,,,,,B-17E
b-17e,0.0,,,,,,8.0,0.0,0.0,0.0,0.0,0.0,0.0,,,,,,B-17E
b-17e_late,0.0,,,,,,0.0,,,,,,0.0,,,,,,B-17E/L
b_18a,0.0,,,,,,0.0,,,,,,0.0,,,,,,B-18A
b_24d,0.0,,,,,,0.0,,,,,,0.0,,,,,,B-24D-25-CO
b_26c_france,0.0,,,,,,0.0,,,,,,0.0,,,,,,B-26C
b_52h,1.0,,,,,,37.0,,,0.0,,0.35,20.0,,,0.0,,0.0,B-52H
b-57,0.0,,,,,,13.0,0.0,0.0,0.0,0.0,0.0,14.0,,,0.0,,0.0,B-57A
b-57b,0.0,,,,,,67.0,,,0.0,,1.49,13.0,,,,,,B-57B
b_66b,0.0,,,,,,12.0,100.0,0.0,0.0,1.0,1.0,0.0,,,,,,B-66B
br_20_dr,0.0,,,,,,0.0,,,,,,0.0,,,,,,B.R.20DR
br_20m_m1,0.0,,,,,,0.0,,,,,,0.0,,,,,,B.R.20M_M1
fr_b1_bis,0.0,,,,,,0.0,,,,,,0.0,,,,,,B1_bis
b5n2,0.0,,,,,,26.0,50.0,0.0,0.0,0.5,1.0,0.0,,,,,,B5N2
b6n1,0.0,,,,,,0.0,,,,,,0.0,,,,,,B6N1_Model_11
b6n2,0.0,,,,,,0.0,,,,,,0.0,,,,,,B6N2_Model_12
b6n2a,0.0,,,,,,0.0,,,,,,0.0,,,,,,B6N2a_Model_12Ko
ba_65_k14_l,0.0,,,,,,0.0,,,,,,0.0,,,,,,Ba.65_(K.14)_L
ba_65_a80,0.0,,,,,,0.0,,,,,,0.0,,,,,,Ba.65_A.80
f_16d_block_40_barak_2,0.0,,,,,,107.0,76.59,0.87,1.08,1.08,1.41,0.0,,,,,,Barak_II
f_15a_iaf,0.0,,,,,,21.0,,,1.0,,0.0,0.0,,,,,,Baz
f_15c_baz_msip,0.0,,,,,,0.0,,,,,,0.0,,,,,,Baz_Meshupar
be_6,0.0,,,,,,0.0,,,,,,0.0,,,,,,Be-6
beaufighter_mk1_40mm,0.0,,,,,,0.0,,,,,,0.0,,,,,,Beaufighter_Mk_I_(40-mm)
germ_beutepanzer_mk_iv,0.0,,,,,,0.0,,,,,,0.0,,,,,,Beutepanzer_IV
bf-109e-3_japan,0.0,,,,,,43.0,66.0,2.74,2.0,0.04,0.0,0.0,,,,,,Bf_109_E-7
bf-109e-7,0.0,,,,,,0.0,,,,,,0.0,,,,,,Bf_109_E-7/U2
bf-109g-6_finland,0.0,,,,,,6.0,,,1.0,,1.0,0.0,,,,,,Bf_109_G-6
bf-109k-4,0.0,,,,,,233.0,57.97,2.48,1.88,0.33,0.22,0.0,,,,,,Bf_109_K-4
bf-110c-6,0.0,,,,,,9.0,,,0.0,,0.0,0.0,,,,,,Bf_110_C-6
bf-110f-2,0.0,,,,,,0.0,,,,,,0.0,,,,,,Bf_110_F-2
bi,0.0,,,,,,0.0,,,,,,0.0,,,,,,BI
sw_bkan_1c,0.0,,,,,,218.0,28.16,0.03,0.03,0.74,0.75,0.0,,,,,,Bkan_1C
uk_challenger_2_bn,0.0,,,,,,163.0,57.77,0.0,0.0,1.81,2.78,0.0,,,,,,Black_Night
uk_a_43_black_prince,0.0,,,,,,83.0,78.4,0.0,0.0,4.71,4.09,0.0,,,,,,Black_Prince
blenheim_mkiv,0.0,,,,,,0.0,,,,,,0.0,,,,,,Blenheim_Mk_IV
ussr_bm_13n,0.0,,,,,,24.0,20.59,0.0,0.0,1.0,1.0,0.0,,,,,,BM-13N
ussr_bm_31_12,0.0,,,,,,2.0,100.0,0.0,0.0,0.5,0.5,0.0,,,,,,BM-31-12
ussr_bm_8_24,0.0,,,,,,0.0,,,,,,0.0,,,,,,BM-8-24
sw_bmp_2md,0.0,,,,,,63.0,74.14,0.0,0.0,1.34,0.87,0.0,,,,,,BMP-2MD
boston_mk_1,0.0,,,,,,0.0,,,,,,0.0,,,,,,Boston_Mk_I
germ_boxer_3105,0.0,,,,,,93.0,39.86,0.0,0.0,1.03,0.99,0.0,,,,,,Boxer_MGS
br_693_ab2,0.0,,,,,,0.0,,,,,,0.0,,,,,,Br.693AB2
breda_88,0.0,,,,,,0.0,,,,,,0.0,,,,,,Breda_88_(P.XI)
ussr_bt_7_1937_td,0.0,,,,,,0.0,,,,,,0.0,,,,,,BT-7_TD
ussr_btr_80a,0.0,,,,,,629.0,49.91,0.0,0.0,1.14,1.07,0.0,,,,,,BTR-80A
buccaneer_s1,0.0,,,,,,0.0,,,,,,0.0,,,,,,Buccaneer_S.1
buccaneer_s2,0.0,,,,,,24.0,100.0,0.0,0.0,1.0,1.0,0.0,,,,,,Buccaneer_S.2
buccaneer_s2b,0.0,,,,,,0.0,,,,,,0.0,,,,,,Buccaneer_S.2B
mc200_serie3,0.0,,,,,,0.0,,,,,,0.0,,,,,,C._200_serie_3
mc-202,0.0,,,,,,0.0,,,,,,0.0,,,,,,C._202
it_c13_t90,0.0,,,,,,61.0,5.56,0.0,0.0,0.09,0.09,0.0,,,,,,C13_T90
it_c13_tua,0.0,,,,,,6.0,50.0,0.0,0.0,2.0,2.0,0.0,,,,,,C13/TUA
germ_leopard_c2_mexas,0.0,,,,,,24.0,58.33,0.0,0.0,1.42,1.81,0.0,,,,,,C2A1
ca_27_mk32_raaf,0.0,,,,,,9.0,100.0,5.88,,0.0,,0.0,,,,,,CA-27_Mk.32
ca_27_mk32_malaysia,0.0,,,,,,11.0,,,,,,0.0,,,,,,CA-27_Mk.32
us_m4_sherman_calliope,0.0,,,,,,8.0,50.0,0.0,0.0,4.0,8.0,0.0,,,,,,Calliope
canberra_bimk6,0.0,,,,,,1.0,,,,,,0.0,,,,,,Canberra_B_(I)_Mk_6
canberra_bmk2,0.0,,,,,,6.0,50.0,0.0,0.0,3.0,6.0,0.0,,,,,,Canberra_B_Mk_2
pby-5a_raf,0.0,,,,,,0.0,,,,,,0.0,,,,,,Catalina_Mk_IIIa
cn_gmc_cckw_353_m45_quad,0.0,,,,,,46.0,,,1.0,,0.0,0.0,,,,,,CCKW_353_(M45)
fr_cckw_353_bofors,0.0,,,,,,0.0,,,,,,0.0,,,,,,CCKW_353_AA
us_ccvl,0.0,,,,,,210.0,52.43,0.0,0.0,3.69,2.77,0.0,,,,,,CCVL
it_sahariano,0.0,,,,,,0.0,,,,,,0.0,,,,,,Celere_Sahariano
it_b1_centauro,0.0,,,,,,171.0,71.29,0.0,0.0,2.7,2.34,0.0,,,,,,Centauro_I_105
uk_centurion_action_x,0.0,,,,,,59.0,52.38,0.0,0.0,1.15,1.0,0.0,,,,,,Centurion_Action_X
uk_centurion_mk_2,0.0,,,,,,126.0,50.0,0.0,0.0,2.66,1.53,0.0,,,,,,Centurion_Mk.2
uk_centurion_mk_5_avre_era,0.0,,,,,,19.0,,,0.0,,0.0,0.0,,,,,,Centurion_Mk.5_AVRE
cf_188a_canada,0.0,,,,,,330.0,50.13,1.25,1.29,0.2,0.2,37.0,,,0.58,,0.15,CF-188A
uk_challenger_2e,0.0,,,,,,100.0,100.0,0.0,0.0,10.0,1.69,0.0,,,,,,Challenger_2E
uk_challenger_2_lep,0.0,,,,,,135.0,53.76,0.0,0.0,2.23,1.86,0.0,,,,,,Challenger_3_TD
sw_charioteer_mk_7,0.0,,,,,,178.0,44.42,0.0,0.0,1.12,1.24,14.0,,,0.0,,1.29,Charioteer_Mk_VII
jp_type_97_kai_td,0.0,,,,,,0.0,,,,,,0.0,,,,,,Chi-Ha_Kai_TD
jp_type_1_chi_he_5th_regiment,0.0,,,,,,28.0,0.0,0.0,0.0,1.0,1.0,0.0,,,,,,Chi-He_(5th_Regiment)
uk_churchill_avre,0.0,,,,,,0.0,,,,,,0.0,,,,,,Churchill_AVRE_Petard
uk_a_22f_mk_7_churchill_crocodile,0.0,,,,,,38.0,50.0,0.0,0.0,3.65,3.65,0.0,,,,,,Churchill_Crocodile
uk_a_22_mk_1_churchill_1941,0.0,,,,,,14.0,,,,,,0.0,,,,,,Churchill_I
germ_th_800_bismark,0.0,,,,,,29.0,52.08,0.0,0.0,2.66,3.98,0.0,,,,,,Class_3_(P)
us_sl_amraam_launcher,,,,,,,,,,,,,,,,,,,CLAWS_(СОУ)
fr_marder_clovis,0.0,,,,,,118.0,86.95,0.0,0.0,5.13,3.06,0.0,,,,,,CLOVIS
germ_marder_clovis,0.0,,,,,,28.0,21.21,0.0,0.0,1.83,2.15,0.0,,,,,,CLOVIS
cn_cm_25,0.0,,,,,,54.0,66.67,0.0,0.0,0.67,0.24,0.0,,,,,,CM25
it_fiat_cm52,0.0,,,,,,36.0,,,1.0,,0.0,0.0,,,,,,CM52
uk_fv4004_conway,0.0,,,,,,27.0,28.26,0.0,0.0,0.74,0.98,0.0,,,,,,Conway
cr_32_bis,0.0,,,,,,0.0,,,,,,0.0,,,,,,CR.32_bis
cr_32_quater,0.0,,,,,,0.0,,,,,,0.0,,,,,,CR.32_quater
fiat_cr42,0.0,,,,,,0.0,,,,,,0.0,,,,,,CR.42
fiat_cr42_italy,0.0,,,,,,0.0,,,,,,0.0,,,,,,CR.42
uk_a27m_cromwell_1,0.0,,,,,,84.0,69.45,0.0,0.0,1.51,1.56,0.0,,,,,,Cromwell_I
uk_crusader_mk_2_the_saint,0.0,,,,,,0.0,,,,,,0.0,,,,,,"Crusader_""The_Saint"""
uk_crusader_aa_mk_2_kit_3rank,0.0,,,,,,24.0,50.0,1.46,2.92,0.0,0.0,0.0,,,,,,Crusader_AA_(Overlord)
uk_crusader_aa_mk_2,0.0,,,,,,35.0,0.0,0.0,0.0,0.0,0.0,0.0,,,,,,Crusader_AA_Mk_II
uk_crusader_mk_2,0.0,,,,,,5.0,0.0,0.0,0.0,1.0,1.0,0.0,,,,,,Crusader_II
fr_crusader_mk_2,0.0,,,,,,5.0,,,0.0,,4.0,0.0,,,,,,Crusader_Mk.II
uk_boxer_crv_block2,0.0,,,,,,164.0,76.08,0.0,0.0,0.93,0.51,0.0,,,,,,CRV_Block_2
cn_pgz_625_fb10,0.0,,,,,,116.0,53.76,0.95,0.77,0.07,0.05,0.0,,,,,,CS/SA5
it_39m_csaba,0.0,,,,,,0.0,,,,,,0.0,,,,,,Csaba
sw_patria_amv_ctcv_105,0.0,,,,,,130.0,62.58,0.0,0.0,1.93,1.38,0.0,,,,,,CT-CV_105HP
jp_icv_prototype,0.0,,,,,,24.0,50.0,0.0,0.0,0.5,0.5,0.0,,,,,,CTWV_RCV
sw_cv_90_mk4,0.0,,,,,,106.0,54.04,0.0,0.0,1.25,0.79,0.0,,,,,,CV_90_Mk.IV
sw_cv_90105_tml,0.0,,,,,,1325.0,60.39,0.0,0.0,2.35,1.73,4.0,100.0,0.0,0.0,2.0,2.0,CV_90105
fr_cv_9035_nl,0.0,,,,,,178.0,50.0,0.0,0.0,0.6,0.59,0.0,,,,,,CV_9035NL
sw_cv_9030_fin,0.0,,,,,,145.0,71.36,0.0,0.0,1.4,1.36,0.0,,,,,,CV9030FIN
sw_cv_9035_dk,0.0,,,,,,11.0,,,0.0,,1.06,0.0,,,,,,CV9035DK
cw_21,0.0,,,,,,0.0,,,,,,0.0,,,,,,CW-21
d_371_hs9,0.0,,,,,,0.0,,,,,,23.0,,,,,,D.371_H.S.9
d_510c,0.0,,,,,,0.0,,,,,,0.0,,,,,,D.510C
fr_renault_d2,0.0,,,,,,0.0,,,,,,0.0,,,,,,D2
d4y1,0.0,,,,,,0.0,,,,,,0.0,,,,,,D4Y1
it_dardo_vcc,0.0,,,,,,198.0,50.68,0.0,0.0,1.57,1.33,26.0,50.0,0.0,0.0,0.5,1.0,Dardo
db_3b,0.0,,,,,,11.0,0.0,0.0,0.0,0.0,0.0,0.0,,,,,,DB-3B
db_7,0.0,,,,,,28.0,50.0,0.0,0.0,0.0,0.25,0.0,,,,,,DB-7
uk_desert_warrior,0.0,,,,,,30.0,100.0,0.0,0.0,1.0,0.75,0.0,,,,,,Desert_Warrior
fr_marder_df_105,0.0,,,,,,383.0,48.1,0.0,0.0,2.41,1.93,0.0,,,,,,DF105
do_17z_2,0.0,,,,,,0.0,,,,,,0.0,,,,,,Do_17_Z-2
do_17z_7,0.0,,,,,,0.0,,,,,,0.0,,,,,,Do_17_Z-7
do_217j_1,0.0,,,,,,14.0,,,0.0,,0.0,0.0,,,,,,Do_217_J-1
do_217n_2,0.0,,,,,,0.0,,,,,,0.0,,,,,,Do_217_N-2
do_335b_2,0.0,,,,,,453.0,59.18,1.59,1.72,1.68,1.81,0.0,,,,,,Do_335_B-2
germ_pzkpfw_e_100,0.0,,,,,,1.0,,,,,,0.0,,,,,,E-100
fr_panhard_ebr_1954,0.0,,,,,,120.0,70.56,0.0,0.0,4.4,2.89,0.0,,,,,,E.B.R._(1954)
e7k2,,,,,,,,,,,,,,,,,,,E7K2
e8n2,,,,,,,,,,,,,,,,,,,E8N2
il_eitan,0.0,,,,,,138.0,79.67,0.0,0.0,1.72,2.0,0.0,,,,,,Eitan_(P)
uk_eland_90_mk_7,0.0,,,,,,20.0,50.0,0.0,0.0,0.5,0.05,0.0,,,,,,Eland_90_Mk.7
sw_eldenhet_98,0.0,,,,,,0.0,,,,,,0.0,,,,,,EldE_98
fr_embt,0.0,,,,,,16.0,100.0,0.0,0.0,6.0,3.0,0.0,,,,,,EMBT
f-100d,0.0,,,,,,237.0,34.39,1.04,0.92,0.55,0.48,27.0,100.0,0.0,0.0,0.0,0.0,F-100D
f-100d_france,0.0,,,,,,11.0,100.0,3.0,,0.0,,0.0,,,,,,F-100D
f_102a_late,0.0,,,,,,0.0,,,,,,0.0,,,,,,F-102A
f_102a_greece,,,,,,,,,,,,,,,,,,,F-102A
f-104c,0.0,,,,,,42.0,50.0,0.0,0.0,0.0,0.0,0.0,,,,,,F-104C
f-104g_belgium,0.0,,,,,,0.0,,,,,,0.0,,,,,,F-104G
f-104s_cb,0.0,,,,,,60.0,45.37,0.97,0.85,1.0,1.0,0.0,,,,,,F-104S_TAF
f-104s_asa,0.0,,,,,,0.0,,,,,,0.0,,,,,,F-104S.ASA
f_111c_raaf,0.0,,,,,,0.0,,,,,,0.0,,,,,,F-111C
f_111f,0.0,,,,,,38.0,70.0,1.0,0.41,0.8,0.72,0.0,,,,,,F-111F
f_117,0.0,,,,,,6.0,0.0,0.0,0.0,0.83,0.83,0.0,,,,,,F-117
f_14d_vf_11,0.0,,,,,,0.0,,,,,,37.0,100.0,2.58,1.23,0.0,0.0,F-14D_(VF-11)
f_15i_raam,0.0,,,,,,86.0,100.0,3.0,1.72,2.36,1.44,12.0,,,1.0,,0.0,F-15I_Ra’am
f_15j,0.0,,,,,,31.0,58.82,1.32,2.47,0.0,0.0,0.0,,,,,,F-15J
f_15j_kai,0.0,,,,,,129.0,80.96,1.56,1.62,0.32,0.36,0.0,,,,,,F-15J(M)
f_16a_block_15_belgium,0.0,,,,,,30.0,100.0,0.5,0.97,2.81,2.94,0.0,,,,,,F-16A
f_16a_block_15_adf_italy,0.0,,,,,,6.0,,,,,,0.0,,,,,,F-16A_ADF
f_16a_block_15_adf,0.0,,,,,,104.0,50.0,2.06,2.36,0.34,0.24,120.0,0.0,6.47,1.78,0.0,0.0,F-16A_ADF
f_16a_block_15_ocu_thailand,0.0,,,,,,6.0,50.0,0.5,1.0,0.0,0.0,0.0,,,,,,F-16A_OCU
f_16a_block_15_ocu_belgium,0.0,,,,,,0.0,,,,,,0.0,,,,,,F-16A_OCU
f_16aj,0.0,,,,,,57.0,88.41,0.96,1.59,2.94,3.05,0.0,,,,,,F-16AJ
f_16am_block_15_mlu_belgium,0.0,,,,,,4.0,0.0,1.0,1.0,0.0,0.0,0.0,,,,,,F-16AM
f_16c_block_40_barak_2,0.0,,,,,,0.0,,,,,,0.0,,,,,,F-16C_Barak_II
f_16i_sufa,0.0,,,,,,37.0,100.0,1.0,1.0,1.86,1.86,0.0,,,,,,F-16I_Sufa
ef_2000a,0.0,,,,,,10.0,,,,,,0.0,,,,,,F-2000A
ef_2000a_aesa,0.0,,,,,,193.0,55.85,1.4,1.97,0.23,0.33,10.0,,,1.0,,0.0,F-2000A_(AESA)
f_2a,0.0,,,,,,203.0,81.03,2.39,2.79,0.09,0.12,86.0,,,2.0,,0.0,F-2A
f_4e_aup_greece,0.0,,,,,,0.0,,,,,,0.0,,,,,,F-4E_AUP_Phantom_II
f-4ej_kai,0.0,,,,,,52.0,50.0,1.41,1.0,0.0,0.0,0.0,,,,,,F-4EJ_Kai_Phantom_II
f-5a,0.0,,,,,,6.0,,,0.0,,0.0,0.0,,,,,,F-5A
f-5th_thailand,0.0,,,,,,0.0,,,,,,0.0,,,,,,F-5TH_TCU
f-84f_france,0.0,,,,,,144.0,72.04,0.12,0.19,0.53,0.83,0.0,,,,,,F-84F
f-84f_iaf,0.0,,,,,,0.0,,,,,,0.0,,,,,,F-84F_IAF
f-84g_greece,0.0,,,,,,1.0,,,,,,0.0,,,,,,F-84G-16-RE
f-84g,0.0,,,,,,0.0,,,,,,0.0,,,,,,F-84G-21-RE
f-84g_france,0.0,,,,,,166.0,63.4,0.48,0.64,3.89,4.61,0.0,,,,,,F-84G-26-RE
f_86em_greece,0.0,,,,,,0.0,,,,,,0.0,,,,,,F-86E(M)
f-86f-35,0.0,,,,,,75.0,74.19,3.25,0.76,0.63,0.62,0.0,,,,,,F-86F-35
f-86f-40_japan,0.0,,,,,,117.0,81.47,3.04,5.58,0.14,0.16,0.0,,,,,,F-86F-40_
f-86f-40_japan_blue_impulse,0.0,,,,,,10.0,,,,,,0.0,,,,,,F-86F-40_JASDF
f_222_2,0.0,,,,,,0.0,,,,,,0.0,,,,,,F.222.2
fc_20_bis,0.0,,,,,,0.0,,,,,,0.0,,,,,,F.C.20_Bis
fa_18a_raaf,0.0,,,,,,70.0,50.0,0.81,1.53,0.61,1.16,0.0,,,,,,F/A-18A
fa_18c_mlu_2_finland,0.0,,,,,,24.0,91.67,1.0,0.54,0.08,0.08,0.0,,,,,,F/A-18C_MLU_2
fa_18d_late_malaysia,0.0,,,,,,0.0,,,,,,17.0,,,1.0,,1.0,F/A-18D_Late
fa_18f_block_2_raaf,0.0,,,,,,29.0,90.63,0.47,0.5,0.0,0.0,0.0,,,,,,F/A-18F
f11f_1_late,0.0,,,,,,0.0,,,,,,0.0,,,,,,F11F-1
f1m2,0.0,,,,,,0.0,,,,,,0.0,,,,,,F1M2
f4d_1,0.0,,,,,,0.0,,,,,,0.0,,,,,,F4D-1
f4f-3,0.0,,,,,,0.0,,,,,,0.0,,,,,,F4F-3
f4f-4,0.0,,,,,,0.0,,,,,,0.0,,,,,,F4F-4
f4u-1a_japan,0.0,,,,,,28.0,100.0,1.96,3.0,0.04,1.0,28.0,,,2.82,,0.0,F4U-1A
f4u-4b_vmf_214,0.0,,,,,,0.0,,,,,,0.0,,,,,,F4U-4B_VMF-214
f7f3,0.0,,,,,,19.0,100.0,1.0,0.77,8.2,3.96,0.0,,,,,,F7F-3
f9f-2,0.0,,,,,,0.0,,,,,,0.0,,,,,,F9F-2
uk_falcon,0.0,,,,,,395.0,48.98,0.32,0.29,1.25,1.15,11.0,,,,,,Falcon
fr_fcm_36,0.0,,,,,,1.0,,,0.0,,1.0,0.0,,,,,,FCM.36
ffa_p16,0.0,,,,,,0.0,,,,,,0.0,,,,,,FFA_P-16
b_48_firecrest,0.0,,,,,,0.0,,,,,,0.0,,,,,,Firecrest
it_fiat_6614_firos,0.0,,,,,,36.0,,,0.0,,1.16,0.0,,,,,,FIROS_6
fj_4b,0.0,,,,,,27.0,100.0,0.0,0.0,1.0,0.4,0.0,,,,,,FJ-4B
fj_4b_agm_12b,0.0,,,,,,46.0,61.54,0.96,1.05,3.98,4.12,0.0,,,,,,FJ-4B_VMF-232
cn_fk_2000,0.0,,,,,,0.0,,,,,,0.0,,,,,,FK-2000
germ_flakpanzer_38t_Gepard,0.0,,,,,,0.0,,,,,,0.0,,,,,,Flakpanzer_38
germ_flarakrad,0.0,,,,,,103.0,,,0.49,,0.0,17.0,0.0,1.0,0.59,0.0,0.0,FlaRakRad
bf-109a_1,0.0,,,,,,0.0,,,,,,0.0,,,,,,Flegel's_Bf_109_A
uk_fv721_fox,0.0,,,,,,352.0,62.34,0.0,0.0,2.58,2.09,0.0,,,,,,Fox
it_freccia_hitfist_ows,0.0,,,,,,120.0,76.98,0.0,0.0,2.31,1.03,0.0,,,,,,Freccia_OWS_30
fr_samp_t_launcher,,,,,,,,,,,,,,,,,,,FSAF_SAMP/T_(Mamba)_(СОУ)
fr_samp_t_fcs,0.0,,,,,,35.0,92.86,1.57,0.98,0.0,0.0,2.0,,,1.0,,0.0,FSAF_SAMP/T_(Mamba)_(СОЦ)
it_samp_t_fcs,0.0,,,,,,0.0,,,,,,0.0,,,,,,FSAF_SAMP/T_(СОЦ)
fury_mk1,0.0,,,,,,0.0,,,,,,0.0,,,,,,Fury_Mk_I
fury_mk2,0.0,,,,,,0.0,,,,,,0.0,,,,,,Fury_Mk_II
fw-189a-1,0.0,,,,,,0.0,,,,,,0.0,,,,,,Fw_189_A-1
fw-190a-8_usa,0.0,,,,,,0.0,,,,,,0.0,,,,,,Fw_190_A-8
fw-190c,0.0,,,,,,0.0,,,,,,0.0,,,,,,Fw_190_C
fw-190d-13,0.0,,,,,,247.0,49.43,1.25,1.31,0.75,0.79,0.0,,,,,,Fw_190_D-13
fw-190d-9_ussr,0.0,,,,,,0.0,,,,,,0.0,,,,,,Fw_190_D-9
fw_200c_1,0.0,,,,,,0.0,,,,,,0.0,,,,,,Fw_200_C-1
fw_189c_0,0.0,,,,,,0.0,,,,,,0.0,,,,,,Fw_189_C
fiat_g50_seria7as_italy,0.0,,,,,,0.0,,,,,,0.0,,,,,,G.50_AS_serie_7
fiat_g50_seria7as,0.0,,,,,,0.0,,,,,,0.0,,,,,,G.50_AS_serie_7
fiat_g50_seria2,0.0,,,,,,0.0,,,,,,0.0,,,,,,G.50_serie_2
fiat_g50_seria2_italy,0.0,,,,,,0.0,,,,,,0.0,,,,,,G.50_serie_2
g_56,0.0,,,,,,53.0,61.76,1.21,1.11,0.94,0.89,0.0,,,,,,G.56
fiat_g91_r1,0.0,,,,,,0.0,,,,,,0.0,,,,,,G.91_R/1
fiat_g91_r4,0.0,,,,,,67.0,83.53,2.78,3.19,1.49,1.72,29.0,,,2.21,,0.0,G.91_R/4
g4m1,0.0,,,,,,0.0,,,,,,0.0,,,,,,G4M1
g5n1,0.0,,,,,,14.0,,,,,,0.0,,,,,,G5N1
f3f-2_galer,0.0,,,,,,0.0,,,,,,0.0,,,,,,Galer's_F3F-2
germ_garford_putilov,0.0,,,,,,0.0,,,,,,0.0,,,,,,Garford-Beute
ussr_gaz_dshk,0.0,,,,,,9.0,,,,,,0.0,,,,,,GAZ-AAA_(DShK)
uk_vickers_gbt_155,0.0,,,,,,0.0,,,,,,0.0,,,,,,GBT_155
il_m113a1_tow,0.0,,,,,,26.0,100.0,0.0,0.0,3.0,0.79,0.0,,,,,,Giraf
gladiator_mk1_belgium,0.0,,,,,,0.0,,,,,,0.0,,,,,,Gladiator_Mk_I
gladiator_mk2_france,0.0,,,,,,0.0,,,,,,0.0,,,,,,Gladiator_Mk_IIF
gladiator_mk2_silver,0.0,,,,,,0.0,,,,,,0.0,,,,,,Gladiator_Mk_IIS
uk_mk1_grant,0.0,,,,,,0.0,,,,,,0.0,,,,,,Grant_I
h-75a-1_france,0.0,,,,,,0.0,,,,,,0.0,,,,,,H-75A-1
p-40c_china,0.0,,,,,,0.0,,,,,,0.0,,,,,,H-81A-2
fr_hotchkiss_h35,0.0,,,,,,0.0,,,,,,0.0,,,,,,H.35
fr_hotchkiss_h39,0.0,,,,,,0.0,,,,,,0.0,,,,,,H.39
fr_hotchkiss_h39_cambronne,0.0,,,,,,0.0,,,,,,0.0,,,,,,"H.39_""Cambronne"""
hp_12,0.0,,,,,,0.0,,,,,,0.0,,,,,,H.P.12
h6k4,0.0,,,,,,0.0,,,,,,0.0,,,,,,H6K4
h8k2,0.0,,,,,,0.0,,,,,,0.0,,,,,,H8K2
h8k3,0.0,,,,,,0.0,,,,,,0.0,,,,,,H8K3
jp_type_95_ha_go_commander,0.0,,,,,,26.0,,,0.0,,1.08,0.0,,,,,,Ha-Go_Commander
halifax_mk3,0.0,,,,,,20.0,,,,,,0.0,,,,,,Halifax_B_Mk_IIIa
hp52_hampden_tbmk1,0.0,,,,,,0.0,,,,,,0.0,,,,,,Hampden_TB_Mk_I
hp52_hampden_tbmk1_ussr_utk1,0.0,,,,,,0.0,,,,,,0.0,,,,,,Hampden_TB_Mk_I
jp_harimau,0.0,,,,,,0.0,,,,,,0.0,,,,,,Harimau
harrier_gr1,0.0,,,,,,44.0,55.56,0.07,0.66,1.11,1.28,4.0,,,1.0,,0.0,Harrier_GR.1
harrier_gr3,0.0,,,,,,23.0,100.0,0.0,0.0,0.46,0.46,0.0,,,,,,Harrier_GR.3
harrier_gr7,0.0,,,,,,5.0,50.0,0.5,1.0,0.0,0.0,0.0,,,,,,Harrier_GR.7
harrier_t10,0.0,,,,,,13.0,,,,,,0.0,,,,,,Harrier_T.10
uk_a25_mk_8,0.0,,,,,,0.0,,,,,,0.0,,,,,,Harry_Hopkins_I
hawk_200_rda,0.0,,,,,,0.0,,,,,,7.0,,,,,,Hawk_200_RDA
h-75a-2_finland,0.0,,,,,,0.0,,,,,,0.0,,,,,,Hawk_H-75A-2
hawk_iii,0.0,,,,,,0.0,,,,,,0.0,,,,,,Hawk_III
hawk_t1a_early,0.0,,,,,,0.0,,,,,,0.0,,,,,,Hawk_T_Mk_1A
hawk_t1a,0.0,,,,,,0.0,,,,,,0.0,,,,,,Hawk_T_Mk_1A_(FRP)
he_112b_1_italy,0.0,,,,,,0.0,,,,,,0.0,,,,,,He_112_B-1/U2
he_112b_2,0.0,,,,,,0.0,,,,,,0.0,,,,,,He_112_B-2/U2
he_115c_1,0.0,,,,,,0.0,,,,,,0.0,,,,,,He_115_C-1
he-162a-1,0.0,,,,,,0.0,,,,,,0.0,,,,,,He_162_A-1
he-177a-5,0.0,,,,,,0.0,,,,,,0.0,,,,,,He_177_A-5
he51a1,0.0,,,,,,0.0,,,,,,0.0,,,,,,He_51_A-1
he51b_2w,0.0,,,,,,0.0,,,,,,0.0,,,,,,He_51_B-2/H
he51c1_late,0.0,,,,,,0.0,,,,,,0.0,,,,,,He_51_C-1/L
jp_pzkpfw_VI_ausf_e_tiger,0.0,,,,,,35.0,100.0,0.0,0.0,7.54,7.34,0.0,,,,,,Heavy_Tank_No.6
marut_mk1,0.0,,,,,,63.0,75.0,1.41,0.75,0.5,0.18,0.0,,,,,,HF-24
jp_type_3_ho_ni_III,0.0,,,,,,6.0,100.0,0.0,0.0,1.0,1.0,0.0,,,,,,Ho-Ni_III
hornet_mk1,0.0,,,,,,0.0,,,,,,0.0,,,,,,Hornet_Mk.I
cn_hq_11,0.0,,,,,,3.0,,,,,,0.0,,,,,,HQ11
cn_hq_17,0.0,,,,,,0.0,,,,,,0.0,,,,,,HQ17
hs-123a-1,0.0,,,,,,0.0,,,,,,0.0,,,,,,Hs_123_A-1
hs-129b-2,0.0,,,,,,0.0,,,,,,0.0,,,,,,Hs_129_B-2
hs-129b-2_romania_italy,0.0,,,,,,100.0,58.33,1.86,1.42,2.49,2.48,0.0,,,,,,Hs_129_B-2_(Romania)
hs-129b-2_romania,0.0,,,,,,27.0,100.0,2.0,2.0,2.0,2.0,0.0,,,,,,Hs_129_B-2_(Romania)
hudson_mk_v,0.0,,,,,,0.0,,,,,,0.0,,,,,,Hudson_Mk_V
hunter_f6,0.0,,,,,,13.0,100.0,0.0,,0.0,,0.0,,,,,,Hunter_F.6
hunter_f9_rhodesia,0.0,,,,,,4.0,,,,,,0.0,,,,,,Hunter_FGA.9
hurricane_mk1,0.0,,,,,,0.0,,,,,,0.0,,,,,,Hurricane_Mk_I/L
hurricane_mk1_late_ep,0.0,,,,,,0.0,,,,,,0.0,,,,,,Hurricane_Mk.I/L_FAA_M
i-15_1935_moscow,0.0,,,,,,0.0,,,,,,0.0,,,,,,I-15_M-25
i-153p,0.0,,,,,,69.0,77.92,4.08,14.76,0.42,1.06,0.0,,,,,,I-153P
i-15bis,0.0,,,,,,12.0,,,0.0,,0.0,0.0,,,,,,I-15bis
gladiator_j8a_iacobi,0.0,,,,,,0.0,,,,,,0.0,,,,,,Iacobi's_J8A
jp_icv_ifv_prototype,0.0,,,,,,74.0,50.0,0.0,0.0,1.22,0.86,0.0,,,,,,ICV_(P)
sw_ikv_91,0.0,,,,,,449.0,52.72,0.0,0.0,1.29,0.93,0.0,,,,,,Ikv_91
il_2_37_1943,0.0,,,,,,0.0,,,,,,0.0,,,,,,IL-2-37
il_28sh,0.0,,,,,,17.0,0.0,1.21,1.0,0.0,0.0,5.0,,,,,,IL-28Sh
il-4,0.0,,,,,,0.0,,,,,,0.0,,,,,,IL-4
uk_a1e1_independent,0.0,,,,,,0.0,,,,,,0.0,,,,,,Independent
germ_iris_slm_launcher,,,,,,,,,,,,,,,,,,,IRIS-T_SLM_(СОУ)
germ_iris_slm_fcs,0.0,,,,,,331.0,42.96,2.35,1.88,0.0,0.0,0.0,,,,,,IRIS-T_SLM_(СОЦ)
ussr_is_2_1944_revenge,1.0,,,,,,154.0,77.42,0.0,0.0,6.48,3.04,0.0,,,,,,"IS-2_""Revenge"""
cn_is_2_1943_no402,0.0,,,,,,2.0,,,0.0,,1.0,0.0,,,,,,IS-2_No.402
it_semovente_m43_75_bersaglieri,,,,,,,,,,,,,,,,,,,it_semovente_m43_75_bersaglieri
sw_itpsv_90,0.0,,,,,,1057.0,42.91,0.14,0.08,1.79,1.3,0.0,,,,,,ItPsV_Leopard
j_10a,0.0,,,,,,130.0,86.06,1.49,1.85,0.21,0.27,0.0,,,,,,J-10A
j_16,0.0,,,,,,1.0,100.0,3.0,3.0,0.0,0.0,0.0,,,,,,J-16
j_22m1a,0.0,,,,,,184.0,44.72,0.27,0.38,1.51,2.58,34.0,,,1.0,,6.38,J-22M1A
j_7_mk2,0.0,,,,,,7.0,50.0,0.5,1.0,0.0,0.0,0.0,,,,,,J-7II
saab_j29a,0.0,,,,,,0.0,,,,,,0.0,,,,,,J29A
saab_j29d,0.0,,,,,,2.0,,,3.0,,1.0,0.0,,,,,,J29D
j2m2,0.0,,,,,,65.0,100.0,4.45,4.45,1.0,1.0,0.0,,,,,,J2M2
j2m3,0.0,,,,,,61.0,78.57,1.32,1.39,0.14,0.18,0.0,,,,,,J2M3
j2m4_kai,0.0,,,,,,0.0,,,,,,0.0,,,,,,J2M4_Kai
j2m5,0.0,,,,,,24.0,0.0,0.0,0.0,0.0,0.0,0.0,,,,,,J2M5
j2m5_30mm,0.0,,,,,,11.0,,,1.0,,0.0,0.0,,,,,,J2M5
saab_j32b,0.0,,,,,,22.0,50.0,1.0,1.0,0.0,0.0,0.0,,,,,,J32B
hunter_f50_sweden,0.0,,,,,,21.0,0.0,1.0,1.0,0.0,0.0,0.0,,,,,,J34
saab_j35a,0.0,,,,,,275.0,54.42,1.96,2.74,0.23,0.33,43.0,,,5.15,,0.0,J35A
saab_j35d,0.0,,,,,,14.0,66.67,1.7,0.5,0.3,0.1,5.0,,,2.6,,0.0,J35D
saab_j35j,0.0,,,,,,0.0,,,,,,0.0,,,,,,J35J
j5n1,0.0,,,,,,23.0,,,0.38,,0.63,0.0,,,,,,J5N1
j9_early,0.0,,,,,,0.0,,,,,,0.0,,,,,,J9_Early
saab_ja37d,0.0,,,,,,69.0,32.35,1.59,1.23,0.0,0.0,23.0,,,3.39,,0.0,JA37D
germ_jaguar_2,0.0,,,,,,127.0,15.08,0.0,0.0,2.16,1.01,0.0,,,,,,Jaguar_2
jaguar_a,0.0,,,,,,0.0,,,,,,0.0,,,,,,Jaguar_A
jaguar_gr1,0.0,,,,,,5.0,100.0,0.0,0.0,1.0,1.0,0.0,,,,,,Jaguar_GR.1
jaguar_gr1a,0.0,,,,,,0.0,,,,,,0.0,,,,,,Jaguar_GR.1A
germ_sk105_a2,0.0,,,,,,155.0,38.82,0.0,0.0,2.8,1.44,0.0,,,,,,JaPz.K_A2
saab_jas39a,0.0,,,,,,57.0,92.86,3.79,2.16,1.07,0.65,16.0,,,1.0,,0.0,JAS39A
saab_jas39c,0.0,,,,,,136.0,58.12,1.21,1.3,0.27,0.28,0.0,,,,,,JAS39C
saab_jas39c_thailand,0.0,,,,,,683.0,63.84,1.15,1.46,0.15,0.2,0.0,,,,,,JAS39C
saab_jas39c_south_africa,0.0,,,,,,93.0,80.27,2.85,1.96,0.81,0.77,25.0,,,1.0,,0.0,JAS39C
saab_jas39d,0.0,,,,,,237.0,48.78,0.62,0.91,0.12,0.18,26.0,,,1.0,,2.0,JAS39D
javelin_fmk9,0.0,,,,,,91.0,79.17,2.08,2.13,1.25,1.26,0.0,,,,,,Javelin_F.(A.W.)_Mk.9
jh_7a,0.0,,,,,,0.0,,,,,,0.0,,,,,,JH-7A
jh_7a_prototype,0.0,,,,,,43.0,100.0,2.0,2.0,4.0,4.0,0.0,,,,,,JH-7A_Prototype
jh_7a2,0.0,,,,,,31.0,100.0,1.0,1.0,0.0,0.0,0.0,,,,,,JH-7A2
ju-288c,0.0,,,,,,386.0,42.41,0.53,0.63,0.22,0.24,86.0,50.0,0.0,0.66,1.38,0.57,Ju_288_C
ju-388j,0.0,,,,,,0.0,,,,,,0.0,,,,,,Ju_388_J
ju-87d-3,0.0,,,,,,14.0,100.0,0.0,0.0,2.0,2.0,0.0,,,,,,Ju_87_D-3
ju-87g_1,0.0,,,,,,0.0,,,,,,0.0,,,,,,Ju_87_G-1
ju-87g_2,0.0,,,,,,0.0,,,,,,0.0,,,,,,Ju_87_G-2
ju-87r-2,0.0,,,,,,0.0,,,,,,0.0,,,,,,Ju_87_R-2
ju-87r-2_italy,0.0,,,,,,2.0,,,,,,0.0,,,,,,Ju_87_R-2
ju-87r-2_snake,0.0,,,,,,0.0,,,,,,0.0,,,,,,Ju_87_R-2_Libya
ju-88c-6,0.0,,,,,,0.0,,,,,,0.0,,,,,,Ju_88_C-6
jp_type_2_ka_mi,0.0,,,,,,0.0,,,,,,0.0,,,,,,Ka-Mi
kfir_c2,0.0,,,,,,0.0,,,,,,0.0,,,,,,Kfir_C.2
kfir_c7,0.0,,,,,,21.0,,,,,,0.0,,,,,,Kfir_C.7
kfir_canard,0.0,,,,,,190.0,68.67,2.32,2.73,0.76,0.92,0.0,,,,,,Kfir_Canard
uk_khalid,0.0,,,,,,313.0,59.03,0.0,0.0,2.8,1.98,0.0,,,,,,Khalid
ussr_9p157,0.0,,,,,,58.0,5.56,0.0,0.0,2.26,1.53,0.0,,,,,,Khrizantema-S
ki_10_1,0.0,,,,,,0.0,,,,,,0.0,,,,,,Ki-10-I
ki_10_2_commander,0.0,,,,,,0.0,,,,,,0.0,,,,,,Ki-10-II_C
ki_108,0.0,,,,,,0.0,,,,,,0.0,,,,,,Ki-108_Kai
ki_109,0.0,,,,,,11.0,,,,,,0.0,,,,,,Ki-109
j8m1,0.0,,,,,,0.0,,,,,,0.0,,,,,,Ki-200
ki_21_1ko,0.0,,,,,,0.0,,,,,,0.0,,,,,,Ki-21-Ia
ki-27_otsu_ep,0.0,,,,,,0.0,,,,,,0.0,,,,,,Ki-27_otsu_Tachiarai
ki_32,0.0,,,,,,0.0,,,,,,0.0,,,,,,Ki-32
ki_43_2_late,0.0,,,,,,0.0,,,,,,0.0,,,,,,Ki-43-II
ki_43_2,0.0,,,,,,40.0,100.0,0.0,0.0,0.63,1.0,0.0,,,,,,Ki-43-II
ki_44_2_otsu,0.0,,,,,,0.0,,,,,,0.0,,,,,,Ki-44-II_otsu
ki-45_hei,0.0,,,,,,12.0,50.0,1.0,2.0,0.0,0.0,0.0,,,,,,Ki-45_hei
ki-45_otsu,0.0,,,,,,12.0,,,1.0,,0.0,0.0,,,,,,Ki-45_otsu
ki-45_tei,0.0,,,,,,15.0,,,,,,0.0,,,,,,Ki-45_tei
ki_48_2_otsu,0.0,,,,,,0.0,,,,,,0.0,,,,,,Ki-48-II_otsu
ki-49_1,0.0,,,,,,0.0,,,,,,0.0,,,,,,Ki-49-I
ki-49_2a,0.0,,,,,,12.0,,,,,,0.0,,,,,,Ki-49-IIa
ki-49_2b,0.0,,,,,,12.0,,,,,,0.0,,,,,,Ki-49-IIb
ki-49_2b_late,0.0,,,,,,14.0,,,0.0,,0.0,0.0,,,,,,Ki-49-IIb/L
ki_67_1_ko,0.0,,,,,,0.0,,,,,,0.0,,,,,,Ki-67-I_Ko
ki_67_1_otsu,0.0,,,,,,14.0,100.0,2.0,,2.0,,0.0,,,,,,Ki-67-I_otsu
ki_84_otsu,0.0,,,,,,9.0,,,,,,0.0,,,,,,Ki-84_otsu
ki_87,0.0,,,,,,0.0,,,,,,0.0,,,,,,Ki-87
ki_93_1_ko,0.0,,,,,,0.0,,,,,,0.0,,,,,,Ki-93-I_Ko
ki_94_2,0.0,,,,,,0.0,,,,,,0.0,,,,,,Ki-94-II
kitsuka,0.0,,,,,,96.0,69.87,1.12,0.8,2.02,1.04,0.0,,,,,,Kikka
kor_1,,,,,,,,,,,,,,,,,,,KOR-1
i-15bis_krasnolutsky,0.0,,,,,,0.0,,,,,,0.0,,,,,,Krasnolutsky's_I-15bis
f-4e_iaf,0.0,,,,,,61.0,9.38,1.66,1.08,1.13,1.31,27.0,50.0,0.5,0.5,3.5,3.5,Kurnass
f-4e_kurnass_2000,0.0,,,,,,13.0,,,,,,0.0,,,,,,Kurnass_2000
l_39za,0.0,,,,,,11.0,100.0,0.0,0.0,1.1,1.0,0.0,,,,,,L-39ZA_Albatros
l_39za_art_thailand,0.0,,,,,,463.0,69.99,0.25,0.3,4.22,4.74,0.0,,,,,,L-39ZA/ART_Albatros
it_l6_leone,0.0,,,,,,0.0,,,,,,0.0,,,,,,L6/40_(31_Rgt.)
la-11,0.0,,,,,,20.0,65.38,0.0,0.0,0.0,0.0,0.0,,,,,,La-11
lagg-3-11,0.0,,,,,,0.0,,,,,,0.0,,,,,,LaGG-3-11
lagg-3-34,0.0,,,,,,0.0,,,,,,0.0,,,,,,LaGG-3-34
lagg-3-4,0.0,,,,,,0.0,,,,,,0.0,,,,,,LaGG-3-4
lancaster_mr7_france,0.0,,,,,,0.0,,,,,,0.0,,,,,,Lancaster_MR.7
late_298d,0.0,,,,,,0.0,,,,,,0.0,,,,,,Late_298D
fr_leclerc_azur,0.0,,,,,,165.0,64.97,0.0,0.0,2.81,2.24,18.0,50.0,0.0,0.0,3.33,2.29,Leclerc_AZUR
fr_leclerc_sxxi,0.0,,,,,,188.0,59.18,0.0,0.0,3.41,2.25,0.0,,,,,,Leclerc_SXXI
leo_451_early,0.0,,,,,,0.0,,,,,,0.0,,,,,,LeO_451_early
fr_leopard_2a4nl_les,0.0,,,,,,708.0,53.55,0.0,0.0,2.13,1.53,0.0,,,,,,Leopard_2_(OTCo)
germ_leopard_2a4m_can,0.0,,,,,,1554.0,49.24,0.0,0.0,1.88,1.7,0.0,,,,,,Leopard_2A4M
fr_leopard_2a4nl,2.0,100.0,0.0,0.0,6.0,6.0,175.0,51.76,0.0,0.0,1.58,1.15,0.0,,,,,,Leopard_2A4NL
fr_leopard_2a5nl,0.0,,,,,,18.0,100.0,0.0,0.0,8.04,8.38,0.0,,,,,,Leopard_2A5NL
fr_leopard_2a6nl,0.0,,,,,,107.0,94.53,0.0,0.0,8.55,4.19,0.0,,,,,,Leopard_2A6NL
jp_leopard_2ri,1.0,,,,,,185.0,72.2,0.0,0.0,4.7,2.95,0.0,,,,,,Leopard_2RI
uk_vickers_mk_6_aa_mk_1,0.0,,,,,,2.0,,,,,,0.0,,,,,,Light_AA_Mk_I
lightning_f53,0.0,,,,,,23.0,100.0,1.0,1.0,1.0,0.78,0.0,,,,,,Lightning_F.53
lincoln_b2,0.0,,,,,,0.0,,,,,,0.0,,,,,,Lincoln_B_Mk_II
fr_lorraine_155,0.0,,,,,,0.0,,,,,,0.0,,,,,,Lorraine_155_Mle.50
fr_lorraine_37l,0.0,,,,,,0.0,,,,,,0.0,,,,,,Lorraine_37L
us_losat_ccv,0.0,,,,,,389.0,52.0,0.0,0.0,2.84,2.46,0.0,,,,,,LOSAT
germ_sppz2_luchs_a2,0.0,,,,,,68.0,20.0,0.86,0.72,0.11,0.15,0.0,,,,,,Luchs_A2
sw_lvkv_90c,0.0,,,,,,188.0,43.76,0.93,0.82,0.95,0.85,0.0,,,,,,Lvkv_9040C
sw_lvrbv_701,0.0,,,,,,0.0,,,,,,0.0,,,,,,Lvrbv_701
us_lvt_a_4,0.0,,,,,,0.0,,,,,,0.0,,,,,,LVT(A)(4)
us_lvt_4_zis_2,0.0,,,,,,0.0,,,,,,0.0,,,,,,LVT(A)(4)_(ZIS-2)
cn_lvt_4_zis_2,0.0,,,,,,38.0,84.78,0.0,0.0,1.93,1.93,0.0,,,,,,LVT(A)(4)_(ZiS-2)
m_346fa,0.0,,,,,,34.0,60.0,1.4,1.8,1.4,1.8,0.0,,,,,,M-346FA
mb_151c1,0.0,,,,,,0.0,,,,,,0.0,,,,,,M.B.151C.1
mb_152c1,0.0,,,,,,0.0,,,,,,0.0,,,,,,M.B.152C1
mb_162,0.0,,,,,,0.0,,,,,,0.0,,,,,,M.B.162
mb_174_a3,0.0,,,,,,0.0,,,,,,0.0,,,,,,M.B.174A-3
mb_175t,0.0,,,,,,0.0,,,,,,0.0,,,,,,M.B.175T
md_452_mystere_2a,0.0,,,,,,27.0,,,2.39,,1.0,0.0,,,,,,M.D.452_IIA
md_452_mystere_2c_preproduction,0.0,,,,,,8.0,,,1.0,,1.0,0.0,,,,,,M.D.452_IIC
us_m1_abrams,0.0,,,,,,1057.0,52.0,0.0,0.0,2.14,2.02,0.0,,,,,,M1_Abrams
us_m1_abrams_kvt,0.0,,,,,,1180.0,53.55,0.0,0.0,2.28,1.86,0.0,,,,,,M1_KVT
us_m10_booker_late,0.0,,,,,,684.0,58.49,0.0,0.0,1.72,1.51,0.0,,,,,,M10_Booker
us_m109a1,0.0,,,,,,110.0,78.74,0.0,0.0,0.71,0.47,0.0,,,,,,M109A1
it_m11_39,0.0,,,,,,0.0,,,,,,0.0,,,,,,M11/39
us_m1128_mgs,0.0,,,,,,450.0,47.78,0.0,0.0,1.93,1.09,0.0,,,,,,M1128
it_m113a1_tow,0.0,,,,,,92.0,52.38,0.0,0.0,0.74,0.41,0.0,,,,,,M113A1_(TOW)
it_m14_41,0.0,,,,,,0.0,,,,,,0.0,,,,,,M14/41
us_halftrack_m15,0.0,,,,,,26.0,,,0.0,,0.89,0.0,,,,,,M15_CGMC
it_m15_42,0.0,,,,,,0.0,,,,,,0.0,,,,,,M15/42
us_halftrack_m16,0.0,,,,,,67.0,0.0,1.72,1.3,0.0,0.0,0.0,,,,,,M16_MGMC
us_m163_vulcan,0.0,,,,,,156.0,60.57,0.72,0.82,0.18,0.2,0.0,,,,,,M163
jp_m163_vulcan,0.0,,,,,,124.0,45.74,0.96,0.81,0.08,0.11,0.0,,,,,,M163
jp_m19,0.0,,,,,,325.0,54.12,0.74,0.44,1.31,0.77,0.0,,,,,,M19A1
us_m1a1_hc_abrams,0.0,,,,,,479.0,82.47,0.0,0.0,4.57,3.75,0.0,,,,,,M1A1_HC
uk_m1a2_sep3_abrams,0.0,,,,,,321.0,66.7,0.01,0.01,3.24,2.67,0.0,,,,,,M1A2
us_m2a2,0.0,,,,,,0.0,,,,,,0.0,,,,,,M2A2
ussr_m3c,0.0,,,,,,0.0,,,,,,0.0,,,,,,M3_Medium
us_m3a1_stuart_usmc,0.0,,,,,,37.0,,,0.0,,1.33,0.0,,,,,,M3A1_(USMC)
us_m3a3_bradley,0.0,,,,,,136.0,42.06,0.0,0.0,1.44,0.63,0.0,,,,,,M3A3_Bradley
fr_m3a3_stuart,0.0,,,,,,6.0,,,0.0,,1.0,0.0,,,,,,M3A3_Stuart
jp_m41_walker_bulldog,0.0,,,,,,511.0,69.02,0.0,0.0,1.59,1.2,0.0,,,,,,M41A1
fr_m44,0.0,,,,,,95.0,40.97,0.0,0.0,0.59,0.85,0.0,,,,,,M44
fr_m46_patton,0.0,,,,,,70.0,78.57,0.0,0.0,5.82,3.76,0.0,,,,,,M46
it_m47_105,0.0,,,,,,69.0,72.22,0.0,0.0,1.5,0.87,0.0,,,,,,M47_(105/55)
us_m4a2_1944,,,,,,,,,,,,,,,,,,,M4A2_(1944)
fr_m4a3_105_sherman,0.0,,,,,,21.0,,,0.0,,2.24,0.0,,,,,,M4A3_(105)
fr_m4a3e2_sherman_jumbo,0.0,,,,,,75.0,10.0,0.0,0.0,3.85,2.41,0.0,,,,,,M4A3E2
ussr_m53_59_kit_4rank,0.0,,,,,,0.0,,,,,,0.0,,,,,,M53/59_(Будь_Готов!)
fr_m55,0.0,,,,,,64.0,100.0,0.0,0.0,6.2,3.82,0.0,,,,,,M55
us_m5a1_stuart_td,0.0,,,,,,0.0,,,,,,0.0,,,,,,M5A1_TD
us_m60a3_slep,0.0,,,,,,41.0,,,0.0,,2.2,0.0,,,,,,M60_AMBT
it_m60a1_ariete,0.0,,,,,,39.0,66.67,0.0,0.0,3.3,1.86,0.0,,,,,,"M60A1_""D.C.Ariete"""
us_m60a1_rise_mod,1.0,,,,,,0.0,,,,,,0.0,,,,,,M60A1_Predator
us_m60a1_rise_passive_era,0.0,,,,,,331.0,59.61,0.0,0.0,2.1,1.66,0.0,,,,,,M60A1_RISE_(P)
us_m60a3_tts,0.0,,,,,,278.0,51.03,0.0,0.0,1.94,1.67,0.0,,,,,,M60A3_TTS
us_m728,0.0,,,,,,32.0,90.0,0.0,0.0,3.64,3.11,0.0,,,,,,M728_CEV
us_m8_greyhound,0.0,,,,,,23.0,,,0.0,,2.48,0.0,,,,,,M8_LAC
us_m8a1,0.0,,,,,,0.0,,,,,,0.0,,,,,,M8A1_GMC
us_magach_3,0.0,,,,,,0.0,,,,,,0.0,,,,,,Magach_3_(ERA)
il_magach_3,0.0,,,,,,11.0,,,0.0,,1.0,0.0,,,,,,Magach_3_(ERA)
il_magach_6,0.0,,,,,,9.0,100.0,0.0,0.0,2.0,2.0,0.0,,,,,,Magach_6
il_magach_6b,0.0,,,,,,86.0,100.0,0.0,0.0,2.91,3.57,0.0,,,,,,Magach_6B
il_magach_6c,1.0,100.0,0.0,0.0,3.0,3.0,102.0,52.15,0.0,0.0,2.25,2.14,0.0,,,,,,Magach_6C
il_magach_6r,0.0,,,,,,125.0,91.67,0.0,0.0,2.82,2.18,0.0,,,,,,Magach_6R
il_magach_7c,0.0,,,,,,45.0,77.27,0.0,0.0,1.91,1.4,0.0,,,,,,Magach_7C
fiat_cr42_marcolin,0.0,,,,,,0.0,,,,,,0.0,,,,,,Marcolin's_C.R.42_CN
fiat_cr42_marcolin_italy,0.0,,,,,,0.0,,,,,,0.0,,,,,,Marcolin's_C.R.42_CN
uk_mark_v,0.0,,,,,,0.0,,,,,,0.0,,,,,,Mark_V
fr_mars_15,0.0,,,,,,194.0,45.7,0.0,0.0,1.42,1.13,0.0,,,,,,MARS_15
martin_139wc,0.0,,,,,,0.0,,,,,,0.0,,,,,,Martin_139WC
maryland_mk1_france,0.0,,,,,,0.0,,,,,,0.0,,,,,,Martin_167-A3
f4f-4_martlet_mk4,0.0,,,,,,0.0,,,,,,0.0,,,,,,Martlet_Mk_IV
uk_matilda_hedgehog,0.0,,,,,,0.0,,,,,,0.0,,,,,,Matilda_Hedgehog
mb_326b,0.0,,,,,,40.0,100.0,0.85,1.0,3.69,7.86,56.0,100.0,0.28,0.71,4.33,5.5,MB-326B
mb_5,0.0,,,,,,182.0,84.64,3.65,11.37,0.97,3.03,0.0,,,,,,MB.5
mbr-2,0.0,,,,,,0.0,,,,,,0.0,,,,,,MBR-2-M-34
me-163b,0.0,,,,,,10.0,0.0,1.0,1.0,0.0,0.0,0.0,,,,,,Me_163_B
me-163b-0,0.0,,,,,,0.0,,,,,,0.0,,,,,,Me_163_B-0
me_210_v22_japan,0.0,,,,,,0.0,,,,,,0.0,,,,,,Me_210_V22
me-262a-1a,0.0,,,,,,19.0,0.0,0.74,0.74,0.0,0.0,0.0,,,,,,Me_262_A-1a
me-262a-1a_early,0.0,,,,,,50.0,90.48,4.29,4.69,3.8,3.94,0.0,,,,,,Me_262_A-1a/Jabo
me-262a-2a,0.0,,,,,,67.0,50.0,0.81,0.91,1.38,2.17,0.0,,,,,,Me_262_A-2a
me-262c-1a,0.0,,,,,,0.0,,,,,,0.0,,,,,,Me_262_C-1a
me-262c-2b,0.0,,,,,,30.0,,,4.0,,0.0,0.0,,,,,,Me_262_C-2b
me-410a-1_u4,0.0,,,,,,24.0,,,0.0,,0.12,0.0,,,,,,Me_410_A-1/U4
me-410b-2_u4,0.0,,,,,,0.0,,,,,,0.0,,,,,,Me_410_B-2/U4
us_merkava_mk_1,0.0,,,,,,10.0,,,,,,0.0,,,,,,Merkava_Mk.1
us_merkava_mk_2b_late,0.0,,,,,,15.0,,,0.0,,1.0,0.0,,,,,,Merkava_Mk.2B
us_merkava_mk_3d,0.0,,,,,,5.0,50.0,0.0,0.0,1.0,2.0,0.0,,,,,,Merkava_Mk.3D
meteor_fmk3,0.0,,,,,,32.0,,,0.52,,0.3,0.0,,,,,,Meteor_F_Mk_3
meteor_fmk4_sw,0.0,,,,,,0.0,,,,,,0.0,,,,,,Meteor_F_Mk_4_G.41G
meteor_fmk8,0.0,,,,,,3.0,,,,,,0.0,,,,,,Meteor_F_Mk_8_G.41K
meteor_fmk8_belgium,0.0,,,,,,22.0,100.0,1.45,0.0,1.77,1.0,0.0,,,,,,Meteor_F_Mk.8
meteor_fmk8_reaper,0.0,,,,,,28.0,80.0,2.42,3.2,2.18,2.9,0.0,,,,,,Meteor_F_Mk.8_Reaper
mig-15bis_ish,0.0,,,,,,24.0,66.67,0.67,1.33,1.33,1.67,0.0,,,,,,MiG-15bis_ISH
mig_29_9_12_sniper,0.0,,,,,,314.0,63.22,1.33,1.66,0.2,0.23,104.0,0.0,4.74,1.13,0.0,0.0,MiG-29_Sniper
mig_29n,0.0,,,,,,126.0,67.28,1.16,1.75,0.16,0.26,0.0,,,,,,MiG-29N
mirage_milan,0.0,,,,,,52.0,100.0,0.47,0.38,1.55,1.32,0.0,,,,,,Milan
mirage_2000_5eg_mk2_greece,0.0,,,,,,12.0,50.0,1.5,3.0,0.0,0.0,0.0,,,,,,Mirage_2000-5EG
mirage_2000_5f,0.0,,,,,,151.0,59.52,2.3,3.16,0.01,0.02,3.0,,,0.0,,0.0,Mirage_2000-5F
mirage_2000c_s4,0.0,,,,,,0.0,,,,,,14.0,,,,,,Mirage_2000C-S4
mirage_2000c_s5,0.0,,,,,,237.0,54.82,1.87,2.95,0.72,1.08,0.0,,,,,,Mirage_2000C-S5
mirage_2000d_r1,0.0,,,,,,0.0,,,,,,0.0,,,,,,Mirage_2000D-R1
mirage_2000d_rmv,0.0,,,,,,0.0,,,,,,0.0,,,,,,Mirage_2000D-RMV
mirage_4000,0.0,,,,,,0.0,,,,,,0.0,,,,,,Mirage_4000
mirage_f1c,0.0,,,,,,123.0,78.28,2.12,1.44,0.11,0.11,0.0,,,,,,Mirage_F1C
mirage_f1c_200,0.0,,,,,,414.0,48.25,1.34,1.43,0.34,0.36,86.0,100.0,10.5,3.57,0.0,0.0,Mirage_F1C-200
mirage_f1cg_greece,0.0,,,,,,0.0,,,,,,0.0,,,,,,Mirage_F1CG
mirage_f1ct,0.0,,,,,,0.0,,,,,,4.0,,,2.0,,0.0,Mirage_F1CT
mirage_3e,0.0,,,,,,35.0,100.0,2.32,2.33,0.18,0.42,0.0,,,,,,Mirage_IIIE
ussr_a_12_mk_2_matilda_2A_F96,0.0,,,,,,0.0,,,,,,0.0,,,,,,MK-II_«Matilda»
mosquito_fb_mk6,0.0,,,,,,0.0,,,,,,0.0,,,,,,Mosquito_FB_Mk_VI
mosquito_fb_mk18,0.0,,,,,,0.0,,,,,,0.0,,,,,,Mosquito_FB_Mk_XVIII
mosquito_tr_mk33,0.0,,,,,,0.0,,,,,,0.0,,,,,,Mosquito_TR.Mk.33
mosquito_nf_mk2,0.0,,,,,,0.0,,,,,,0.0,,,,,,Mosquito_NF.Mk.II
md_454_mystere_4a,0.0,,,,,,17.0,,,,,,0.0,,,,,,Mystere_IVA
nc_223_3,0.0,,,,,,0.0,,,,,,0.0,,,,,,N.C.223.3
n1k1_kyuofu,0.0,,,,,,7.0,,,,,,0.0,,,,,,N1K1
n1k1_ja,0.0,,,,,,0.0,,,,,,0.0,,,,,,N1K1-Ja
n1k2_j,0.0,,,,,,10.0,100.0,1.0,1.0,2.0,2.0,0.0,,,,,,N1K2-J
il_namer_tsrikhon,0.0,,,,,,84.0,84.72,0.0,0.0,2.04,1.95,0.0,,,,,,Namer_Tsrikhon
sw_nasams_fcs,0.0,,,,,,51.0,51.04,1.44,1.94,0.0,0.0,0.0,,,,,,NASAMS_3_(СОЦ)
us_nasams_fcs,0.0,,,,,,132.0,56.25,3.14,1.31,0.0,0.0,0.0,,,,,,NASAMS_3_(СОЦ)
fw-190a-8_france,0.0,,,,,,24.0,100.0,2.21,,4.0,,0.0,,,,,,NC.900
nesher,0.0,,,,,,14.0,,,,,,0.0,,,,,,Nesher
f_16a_block_10_iaf,0.0,,,,,,57.0,50.0,0.63,1.0,0.5,0.87,20.0,,,2.5,,0.0,Netz
f_16a_block_10_netz_mod,0.0,,,,,,171.0,62.66,1.09,1.96,0.58,0.83,31.0,,,1.23,,1.54,Netz_(Mod)
nimrod_mk1,0.0,,,,,,0.0,,,,,,0.0,,,,,,Nimrod_Mk_I
nimrod_mk2,0.0,,,,,,0.0,,,,,,0.0,,,,,,Nimrod_Mk_II
sw_nomads,0.0,,,,,,0.0,,,,,,0.0,,,,,,NOMADS
ussr_object_140,0.0,,,,,,279.0,52.62,0.0,0.0,4.4,1.95,0.0,,,,,,Object_140
ussr_object_292,0.0,,,,,,403.0,58.11,0.0,0.0,4.0,2.25,0.0,,,,,,Object_292
ussr_object_685,0.0,,,,,,135.0,51.08,0.0,0.0,2.9,1.53,0.0,,,,,,Object_685
it_of_40_mk_1,0.0,,,,,,263.0,72.44,0.0,0.0,2.6,2.16,0.0,,,,,,OF-40
it_of_40_mk_2a,0.0,,,,,,120.0,63.82,0.0,0.0,1.63,1.72,12.0,,,0.0,,2.0,OF-40_Mk.2A
uk_olifant_mk_2,2.0,50.0,0.0,0.0,2.0,2.0,78.0,50.0,0.0,0.0,2.46,3.15,0.0,,,,,,Olifant_Mk.2
cn_oplot_t,0.0,,,,,,138.0,53.18,0.0,0.0,2.29,1.88,0.0,,,,,,Oplot-M
os2u_1,0.0,,,,,,0.0,,,,,,0.0,,,,,,OS2U-1
os2u_3,0.0,,,,,,0.0,,,,,,0.0,,,,,,OS2U-3
uk_9a33bm2,0.0,,,,,,13.0,100.0,1.0,1.0,0.0,0.0,0.0,,,,,,Osa-AK
it_9a33bm3,0.0,,,,,,0.0,,,,,,0.0,,,,,,Osa-AKM
p-26a_34,0.0,,,,,,0.0,,,,,,0.0,,,,,,P-26A-34
p-38k,0.0,,,,,,0.0,,,,,,0.0,,,,,,P-38K
p-39k_1,0.0,,,,,,0.0,,,,,,0.0,,,,,,P-39K-1
p-39q_15,,,,,,,,,,,,,,,,,,,P-39Q-15
p-39q_5,0.0,,,,,,6.0,100.0,0.0,0.0,2.0,2.0,0.0,,,,,,P-39Q-5
p-40c,0.0,,,,,,0.0,,,,,,0.0,,,,,,P-40C
p-40e_td,0.0,,,,,,0.0,,,,,,0.0,,,,,,P-40E-1_TD
p-43a-1,0.0,,,,,,0.0,,,,,,0.0,,,,,,P-43A-1
p-47d,0.0,,,,,,3.0,,,0.0,,0.0,0.0,,,,,,P-47D-25
p-59a,0.0,,,,,,93.0,79.71,1.86,1.97,1.56,1.6,0.0,,,,,,P-59A
p-66,0.0,,,,,,0.0,,,,,,0.0,,,,,,P-66
p_108a_serie2,0.0,,,,,,13.0,,,,,,0.0,,,,,,P.108A_serie_2
fr_citroen_kegresse_p4t,0.0,,,,,,0.0,,,,,,0.0,,,,,,P.7.T_AA
p1y1_mod11,0.0,,,,,,0.0,,,,,,0.0,,,,,,P1Y1_mod._11
d_510,0.0,,,,,,0.0,,,,,,0.0,,,,,,Pallier's_D.510
fr_pzkpfw_V_panther_dauphine,0.0,,,,,,0.0,,,,,,0.0,,,,,,Panther_«Dauphine»
germ_panzerjager_1,0.0,,,,,,2.0,0.0,0.0,0.0,1.0,1.0,0.0,,,,,,Panzerjäger_I
sw_pbil_m40,0.0,,,,,,0.0,,,,,,0.0,,,,,,Pbil_m/40
pbj_1h,0.0,,,,,,7.0,100.0,1.0,0.0,7.0,3.67,0.0,,,,,,PBJ-1H
pbm_1,0.0,,,,,,0.0,,,,,,0.0,,,,,,"PBM-1_""Mariner"""
pbm_5a,0.0,,,,,,0.0,,,,,,0.0,,,,,,"PBM-5A_""Mariner"""
sw_pbv_302_bill,0.0,,,,,,30.0,50.0,0.0,0.0,1.0,1.0,0.0,,,,,,Pbv_302_(BILL)
sw_pbv_501,0.0,,,,,,529.0,45.05,0.0,0.0,1.11,1.0,0.0,,,,,,Pbv_501
pby-5,0.0,,,,,,0.0,,,,,,0.0,,,,,,PBY-5_Catalina
pby-5a_late_france,0.0,,,,,,0.0,,,,,,0.0,,,,,,PBY-5A_Late
cn_pgz_09,0.0,,,,,,81.0,58.33,1.44,1.15,0.48,0.45,0.0,,,,,,PGZ09
cn_pgz_88,0.0,,,,,,103.0,28.89,0.26,0.14,1.0,0.39,0.0,,,,,,PGZ88
f-4k,0.0,,,,,,9.0,83.33,0.5,1.0,0.0,0.0,0.0,,,,,,Phantom_FG.1
f-4m_fgr2,0.0,,,,,,68.0,75.9,0.91,1.0,0.68,0.72,0.0,,,,,,Phantom_FGR.2
cn_type_65_aa,0.0,,,,,,6.0,,,0.0,,0.0,0.0,,,,,,Phòng_không_T-34
cn_plz_45,0.0,,,,,,0.0,,,,,,0.0,,,,,,PLZ45
cn_plz_83_130,0.0,,,,,,21.0,0.0,0.0,0.0,1.4,2.0,0.0,,,,,,PLZ83-130
po-2,0.0,,,,,,0.0,,,,,,0.0,,,,,,Po-2
po-2_nw,,,,,,,,,,,,,,,,,,,Po-2_Night_Witch
po-2m,0.0,,,,,,0.0,,,,,,0.0,,,,,,Po-2M
potez_630,0.0,,,,,,0.0,,,,,,0.0,,,,,,Potez_630
potez_631,0.0,,,,,,4.0,,,0.0,,1.0,0.0,,,,,,Potez_631
potez_633,0.0,,,,,,0.0,,,,,,0.0,,,,,,Potez_633
germ_leopard_2_pt14,0.0,,,,,,6.0,,,,,,0.0,,,,,,PT-16/T14_mod.
cn_ptl_02,0.0,,,,,,90.0,100.0,0.0,0.0,3.36,2.52,0.0,,,,,,PTL02
germ_schutzenpanzer_puma_vjtf_mod,0.0,,,,,,0.0,,,,,,0.0,,,,,,Puma_u14
sw_pvkv_III,0.0,,,,,,24.0,,,0.0,,0.21,0.0,,,,,,Pvkv_III
sw_pvkv_m43_1963,0.0,,,,,,8.0,,,,,,0.0,,,,,,Pvkv_m/43_(1963)
sw_pvrbv_551,0.0,,,,,,107.0,38.3,0.0,0.0,2.75,1.5,0.0,,,,,,Pvrbv_551
germ_pzkpfw_38t_na,0.0,,,,,,0.0,,,,,,0.0,,,,,,Pz.38(t)_n.A.
germ_pzkpfw_38t_ausf_A,0.0,,,,,,20.0,47.06,0.0,0.0,1.59,2.9,0.0,,,,,,Pz.38(t)_A
germ_pzkpfw_II_ausf_C_td,0.0,,,,,,0.0,,,,,,0.0,,,,,,Pz.II_C_TD
germ_pzkpfw_III_ausf_J_td,0.0,,,,,,0.0,,,,,,0.0,,,,,,Pz.III_J1_TD
germ_pzkpfw_III_ausf_J_L42,0.0,,,,,,0.0,,,,,,0.0,,,,,,Pz.III_J
germ_pzkpfw_II_ausf_C,0.0,,,,,,14.0,100.0,0.0,,2.0,,0.0,,,,,,Pz.II_C
germ_pzkpfw_II_ausf_F,0.0,,,,,,2.0,100.0,0.0,0.0,2.0,2.0,0.0,,,,,,Pz.II_F
germ_pzkpfw_II_ausf_C_DAK,0.0,,,,,,37.0,0.0,0.0,0.0,2.0,1.37,0.0,,,,,,Pz.II_С_(DAK)
germ_pzkpfw_IV_ausf_E,0.0,,,,,,41.0,0.0,0.0,0.0,1.27,2.17,0.0,,,,,,Pz.IV_E
germ_amd_35_kwk39,0.0,,,,,,51.0,,,0.0,,1.11,0.0,,,,,,Pz.Sp.Wg.P204(f)_PaK
it_pzh_2000,0.0,,,,,,0.0,,,,,,0.0,,,,,,PzH_2000
it_pzh_2000_hu,0.0,,,,,,54.0,100.0,0.0,0.0,6.23,2.79,0.0,,,,,,PzH_2000HU
q_5l,0.0,,,,,,0.0,,,,,,181.0,100.0,0.0,0.0,0.0,0.0,Q-5L
quing_6,0.0,,,,,,21.0,100.0,3.0,,0.0,,11.0,,,0.0,,0.0,Qing-6
cn_qn506,0.0,,,,,,94.0,30.3,0.0,0.0,0.85,0.94,0.0,,,,,,QN506
fr_renault_r39,0.0,,,,,,0.0,,,,,,0.0,,,,,,R.35_(SA38)
r2y2_v1,0.0,,,,,,19.0,,,,,,0.0,,,,,,R2Y2_Kai_V1
r2y2_v2,0.0,,,,,,13.0,,,1.0,,1.0,0.0,,,,,,R2Y2_Kai_V2
r2y2_kai,0.0,,,,,,0.0,,,,,,0.0,,,,,,R2Y2_Kai_V3
il_merkava_mk_3_raam_segol,1.0,,,0.0,,6.0,457.0,66.62,0.0,0.0,3.73,2.22,11.0,,,0.0,,1.0,Ra'am_Sagol
rafale_eg_greece,0.0,,,,,,5.0,,,1.0,,0.0,0.0,,,,,,Rafale_EG
germ_raketenjagdpanzer_2,0.0,,,,,,23.0,50.0,0.0,0.0,1.0,0.64,0.0,,,,,,RakJPz_2
uk_cruiser_ram_1,0.0,,,,,,0.0,,,,,,0.0,,,,,,Ram_I
uk_m4a5_ram_2,0.0,,,,,,2.0,,,,,,0.0,,,,,,Ram_II
uk_tracked_rapier,0.0,,,,,,8.0,,,,,,0.0,,,,,,Rapier
p-36a_rasmussen,0.0,,,,,,0.0,,,,,,0.0,,,,,,Rasmussen's_P-36A
re_2000_ga,0.0,,,,,,0.0,,,,,,0.0,,,,,,Re.2000_G.A.
re_2001_serie1_ep,0.0,,,,,,0.0,,,,,,0.0,,,,,,Re.2001_gruppo_22
jp_type_95_heavy,0.0,,,,,,22.0,,,0.0,,1.86,0.0,,,,,,Ro-Go
jp_hiro_sha,0.0,,,,,,3.0,,,0.0,,1.0,0.0,,,,,,Ro-Go_Exp.
ro_43,,,,,,,,,,,,,,,,,,,Ro.43
ro_44,0.0,,,,,,0.0,,,,,,0.0,,,,,,Ro.44
fr_amx_30_roland,0.0,,,,,,28.0,,,1.8,,0.0,0.0,,,,,,Roland_1
uk_rooikat_105_td,1.0,50.0,0.0,0.0,1.5,3.0,123.0,49.02,0.0,0.0,1.84,2.56,0.0,,,,,,Rooikat_105
uk_rooikat_mttd,0.0,,,,,,94.0,97.99,0.0,0.0,4.39,3.86,0.0,,,,,,Rooikat_MTTD
fr_somua_s35,0.0,,,,,,8.0,,,0.0,,2.0,0.0,,,,,,S.35
s_81_ar125,0.0,,,,,,0.0,,,,,,0.0,,,,,,S.81
sm_79_1941,0.0,,,,,,0.0,,,,,,0.0,,,,,,S.M.79_AS
sm_79_1941_italy,0.0,,,,,,0.0,,,,,,0.0,,,,,,S.M.79_AS
sm_79_iar,0.0,,,,,,0.0,,,,,,0.0,,,,,,S.M.79_B
sm_79_1942,0.0,,,,,,0.0,,,,,,0.0,,,,,,S.M.79_bis/N
sm_79_1943,0.0,,,,,,0.0,,,,,,0.0,,,,,,S.M.79_bis/T.M
sm_79_1936,0.0,,,,,,0.0,,,,,,0.0,,,,,,S.M.79_serie_1
sm_79_1936_italy,0.0,,,,,,0.0,,,,,,0.0,,,,,,S.M.79_serie_1
sm_79_1937,0.0,,,,,,0.0,,,,,,0.0,,,,,,S.M.79_serie_4
sm_79_1939,0.0,,,,,,0.0,,,,,,0.0,,,,,,S.M.79_serie_8
sm_79_1939_italy,0.0,,,,,,0.0,,,,,,0.0,,,,,,S.M.79_serie_8
so_4050_vautour_2n,0.0,,,,,,28.0,100.0,1.0,1.0,0.18,0.18,0.0,,,,,,S.O.4050_Vautour_IIN
so_8000_narval,0.0,,,,,,39.0,100.0,5.07,4.56,2.07,1.81,0.0,,,,,,S.O.8000_Narval
saab_b17bs,0.0,,,,,,0.0,,,,,,0.0,,,,,,S17BS
md_460_saar,0.0,,,,,,17.0,,,,,,0.0,,,,,,Sa'ar
saab_f35_wdns,0.0,,,,,,18.0,62.5,0.38,0.14,1.5,0.55,7.0,,,,,,Saab_F-35
saab_j35xs,0.0,,,,,,351.0,41.14,1.53,1.85,0.21,0.27,0.0,,,,,,Saab_J35XS
saab_105g,0.0,,,,,,642.0,51.83,0.85,0.99,1.09,1.27,0.0,,,,,,SAAB-105G
saab_105oe,0.0,,,,,,18.0,,,,,,0.0,,,,,,SAAB-105OE
md_460_sambad,0.0,,,,,,0.0,,,,,,0.0,,,,,,Sambad
fr_vab_santal,0.0,,,,,,118.0,7.14,2.21,1.3,0.0,0.0,0.0,,,,,,SANTAL
uk_sarc_mk4_a,0.0,,,,,,11.0,,,0.0,,1.13,0.0,,,,,,SARC_MkIVa
uk_marmon_herrington_mk_6_2pdr,0.0,,,,,,8.0,0.0,0.0,0.0,0.0,0.0,0.0,,,,,,SARC_MkVI_(2pdr)
uk_marmon_herrington_mk_6_6pdr,0.0,,,,,,83.0,57.14,0.0,0.0,0.66,0.47,0.0,,,,,,SARC_MkVI_(6pdr)
fr_somua_sau40,0.0,,,,,,0.0,,,,,,0.0,,,,,,SAu_40
sb_2m_100,0.0,,,,,,13.0,,,,,,0.0,,,,,,SB_2M-100
sb_2m_103c,0.0,,,,,,0.0,,,,,,0.0,,,,,,SB_2M-103
sb_2m_103_mv3,0.0,,,,,,0.0,,,,,,0.0,,,,,,SB_2M-103_MV-3
sb_2m_103u,0.0,,,,,,0.0,,,,,,0.0,,,,,,SB_2M-103U
sb_2m_103u_mv3,0.0,,,,,,0.0,,,,,,0.0,,,,,,SB_2M-103U_MV-3
sb2c_1c,0.0,,,,,,30.0,43.75,0.0,0.0,0.81,0.73,0.0,,,,,,SB2C-1C
sb2c_4,0.0,,,,,,2.0,0.0,0.0,0.0,0.0,0.0,0.0,,,,,,SB2C-4
sb2c_5_greece,0.0,,,,,,0.0,,,,,,0.0,,,,,,SB2C-5
sb2u-2,0.0,,,,,,17.0,,,0.0,,0.0,0.0,,,,,,SB2U-2
scimitar_f1,0.0,,,,,,41.0,78.67,2.37,3.36,0.49,0.68,0.0,,,,,,Scimitar_F_Mk.1
germ_sdkfz_234_1,0.0,,,,,,14.0,100.0,1.0,1.0,3.0,3.0,20.0,,,0.0,,1.0,Sd.Kfz.234/1
germ_sdkfz_234_2_td,0.0,,,,,,33.0,50.0,0.0,0.0,0.8,1.14,0.0,,,,,,Sd.Kfz.234/2_TD
germ_sdkfz_234_3,0.0,,,,,,92.0,58.54,0.0,0.0,3.88,3.01,0.0,,,,,,Sd.Kfz.234/3
germ_sdkfz_234_4,0.0,,,,,,131.0,92.58,0.0,0.0,3.54,1.67,0.0,,,,,,Sd.Kfz.234/4
germ_sdkfz_251_10,0.0,,,,,,5.0,50.0,0.0,0.0,0.5,1.0,0.0,,,,,,Sd.Kfz.251/10
se_203,0.0,,,,,,0.0,,,,,,0.0,,,,,,SE.203_Aquilon_203
gladiator_mk2_navy,0.0,,,,,,0.0,,,,,,0.0,,,,,,Sea_Gladiator_Mk_I
sea_harrier_fa2,0.0,,,,,,54.0,50.0,1.0,1.0,1.0,1.0,0.0,,,,,,Sea_Harrier_FA_2
harrier_frs1,0.0,,,,,,21.0,50.0,0.5,1.0,0.05,0.1,0.0,,,,,,Sea_Harrier_FRS.1
harrier_frs1_early,0.0,,,,,,0.0,,,,,,0.0,,,,,,Sea_Harrier_FRS.1_(e)
sea_hawk_fga6,0.0,,,,,,80.0,55.75,0.57,0.7,0.84,1.0,0.0,,,,,,Sea_Hawk_FGA.6
sea_hawk_fga50_netherlands,0.0,,,,,,13.0,50.0,1.04,2.08,1.46,2.92,30.0,,,2.9,,0.0,Sea_Hawk_Mk.50
sea_venom_faw20,0.0,,,,,,0.0,,,,,,0.0,,,,,,Sea_Venom_FAW_20
dh_110_sea_vixen,0.0,,,,,,55.0,54.63,1.53,3.33,0.0,0.0,0.0,,,,,,Sea_Vixen_F.A.W._Mk.2
mirage_3cj,0.0,,,,,,45.0,100.0,4.54,1.73,0.0,0.0,0.0,,,,,,Shahak
mig-17_f5,0.0,,,,,,20.0,88.24,2.76,1.0,0.24,1.0,0.0,,,,,,Shenyang_F-5
il_centurion_shot_kal_d,0.0,,,,,,50.0,21.43,0.0,0.0,2.21,2.73,11.0,,,0.0,,2.0,Sho't_Kal_Dalet
uk_centurion_shot_kal_d,0.0,,,,,,0.0,,,,,,0.0,,,,,,Sho't_Kal_Dalet
il_centurion_shot_kal_gimel,0.0,,,,,,34.0,0.0,0.0,0.0,5.43,2.3,0.0,,,,,,Sho't_Kal_Gimel
ussr_9p149,0.0,,,,,,34.0,70.0,0.0,0.0,1.1,1.0,0.0,,,,,,Shturm-S
it_otobreda_sidam_25,0.0,,,,,,96.0,38.1,0.38,0.42,0.77,1.1,0.0,,,,,,SIDAM_25
it_otobreda_sidam_25_mistral,0.0,,,,,,62.0,50.0,0.5,0.25,0.48,0.23,0.0,,,,,,SIDAM_25_(Mistral)
us_skink_aa_kit_3rank,0.0,,,,,,140.0,56.09,1.08,1.8,0.0,0.0,0.0,,,,,,Skink_(Hell)
uk_sky_sabre_fcs,0.0,,,,,,48.0,41.02,1.13,1.06,0.0,0.0,0.0,,,,,,Sky_Sabre_(СОЦ)
ussr_smk,0.0,,,,,,33.0,100.0,0.0,0.0,5.0,2.09,0.0,,,,,,SMK
soc_1,,,,,,,,,,,,,,,,,,,SOC-1
spitfire_fr_mk14e_belgium,0.0,,,,,,15.0,,,1.82,,1.36,0.0,,,,,,Spitfire_FR_Mk_XIVe
spitfire_ix_ussr,0.0,,,,,,23.0,100.0,2.25,1.63,0.0,0.0,0.0,,,,,,Spitfire_Mk_IXc
spitfiremkiia_ep,0.0,,,,,,0.0,,,,,,0.0,,,,,,Spitfire_Mk.IIa_Venture_I
spitfire_lf_mk9c_cw_greece,0.0,,,,,,38.0,100.0,3.0,1.48,3.0,2.02,0.0,,,,,,Spitfire_LF_Mk.IXc_(CW)
sw_stormpjas_fm43_44,0.0,,,,,,1.0,,,0.0,,1.0,0.0,,,,,,Spj_fm/43-44
il_spyder_aio,0.0,,,,,,48.0,60.87,0.37,0.33,0.0,0.0,0.0,,,,,,SPYDER
germ_spz_12_3,0.0,,,,,,356.0,69.75,0.18,0.16,3.21,2.8,0.0,,,,,,SPz_12-3_LGS
fr_saint_chamond,0.0,,,,,,0.0,,,,,,0.0,,,,,,St-Chamond
uk_t17e2,0.0,,,,,,21.0,100.0,0.0,0.0,0.0,0.0,0.0,,,,,,Staghound_AA
stirling_mk1,0.0,,,,,,0.0,,,,,,0.0,,,,,,Stirling_B_Mk_I
uk_stormer_air_defence,0.0,,,,,,18.0,,,,,,0.0,,,,,,Stormer_AD
uk_stormer_hvm,0.0,,,,,,0.0,,,,,,0.0,,,,,,Stormer_HVM
sw_strf_9056,0.0,,,,,,254.0,52.71,0.14,0.14,0.57,0.55,0.0,,,,,,Strf_9040_BILL
strikemaster_mk88,0.0,,,,,,36.0,100.0,1.0,0.73,3.33,3.0,0.0,,,,,,Strikemaster_Mk.88
sw_strv_101,0.0,,,,,,264.0,40.68,0.0,0.0,2.2,1.32,0.0,,,,,,Strv_101
sw_strv_103a,0.0,,,,,,153.0,38.83,0.0,0.0,2.4,2.72,0.0,,,,,,Strv_103A
sw_strv_121,0.0,,,,,,637.0,57.64,0.0,0.0,1.58,1.52,0.0,,,,,,Strv_121
sw_strv_74,0.0,,,,,,295.0,46.31,0.0,0.0,2.96,2.13,5.0,,,,,,Strv_74
sw_strv_81_rb52,0.0,,,,,,23.0,0.0,0.0,0.0,2.83,2.05,0.0,,,,,,Strv_81_(RB_52)
uk_centurion_mk_3_ss11,0.0,,,,,,0.0,,,,,,0.0,,,,,,Strv_81_(RB_52)
sw_strv_m39_td,0.0,,,,,,0.0,,,,,,0.0,,,,,,Strv_m/39_TD
sw_strv_m41_s1,0.0,,,,,,2.0,50.0,0.0,0.0,1.0,2.0,0.0,,,,,,Strv_m/41_S-I
sw_strv_m41_s2,0.0,,,,,,65.0,,,0.0,,0.89,0.0,,,,,,Strv_m/41_S-II
us_m5a1_stuart_canadian_5st_arm,0.0,,,,,,0.0,,,,,,0.0,,,,,,Stuart_VI_(5th_CAD)
germ_stuh_III_ausf_G,0.0,,,,,,25.0,0.0,0.0,0.0,3.82,3.64,0.0,,,,,,StuH_42_G
ussr_su_100Y,0.0,,,,,,53.0,65.0,0.0,0.0,2.0,1.4,0.0,,,,,,SU-100Y
ussr_su_122P,0.0,,,,,,21.0,,,0.0,,4.0,0.0,,,,,,SU-122P
su_30mkm,0.0,,,,,,441.0,60.15,1.3,1.75,0.56,0.75,206.0,0.0,6.0,0.79,1.0,0.09,Su-30MKM
su_25tm,0.0,,,,,,576.0,54.52,0.37,0.44,2.08,2.28,92.0,,,0.57,,1.38,Su-39
ussr_su_5_1,0.0,,,,,,5.0,,,,,,0.0,,,,,,SU-5-1
ussr_su_57,0.0,,,,,,11.0,,,0.0,,0.55,0.0,,,,,,SU-57
ussr_su_57b,0.0,,,,,,0.0,,,,,,0.0,,,,,,SU-57B
su_6_single,0.0,,,,,,31.0,98.15,0.0,0.0,0.98,1.0,0.0,,,,,,Su-6
su-6_am42,1.0,,,,,,6.0,,,1.0,,1.0,0.0,,,,,,Su-6_(AM-42)
ussr_su_76d,0.0,,,,,,0.0,,,,,,0.0,,,,,,SU-76D
ussr_su_76m_5st_kav_corps,0.0,,,,,,0.0,,,,,,0.0,,,,,,SU-76M_(5th_Gv.Kav.Corps)
ussr_su_85a,0.0,,,,,,0.0,,,,,,0.0,,,,,,SU-85A
sunderland_mk3a,0.0,,,,,,0.0,,,,,,0.0,,,,,,Sunderland_Mk_IIIa
md_460,0.0,,,,,,87.0,53.13,1.02,1.53,0.89,1.31,0.0,,,,,,Super_Mystere_B2
swift_f1,0.0,,,,,,46.0,65.91,1.52,2.59,1.68,3.05,0.0,,,,,,Swift_F.1
swift_f7,0.0,,,,,,17.0,,,0.67,,0.17,0.0,,,,,,Swift_F.7
swordfish_mk1,0.0,,,,,,0.0,,,,,,0.0,,,,,,Swordfish_Mk_I
swordfish_mk2,0.0,,,,,,0.0,,,,,,0.0,,,,,,Swordfish_Mk_II
ussr_t_126sp,0.0,,,,,,23.0,,,0.0,,2.78,0.0,,,,,,T-126
cn_t_26_no531,0.0,,,,,,0.0,,,,,,0.0,,,,,,T-26_No.531
ussr_t_26_4,0.0,,,,,,0.0,,,,,,0.0,,,,,,T-26-4
sw_vickers_mk_e_45,0.0,,,,,,0.0,,,,,,0.0,,,,,,T-26E
ussr_t_26E,0.0,,,,,,0.0,,,,,,0.0,,,,,,T-26E
ussr_t_28_1938,0.0,,,,,,10.0,100.0,0.0,0.0,1.0,1.0,0.0,,,,,,T-28_(1938)
ussr_t_34_1940_l_11,0.0,,,,,,0.0,,,,,,0.0,,,,,,T-34_(Prototype)
sw_t_50_fin,0.0,,,,,,0.0,,,,,,0.0,,,,,,T-50
cn_type_69_2g,0.0,,,,,,195.0,46.73,0.0,0.0,1.42,1.81,0.0,,,,,,T-69_II_G
ussr_t_70_1942,0.0,,,,,,14.0,,,0.0,,0.0,0.0,,,,,,T-70
ussr_t_72b3_2011,0.0,,,,,,630.0,49.19,0.0,0.0,1.74,1.71,0.0,,,,,,T-72B3
ussr_t_80,0.0,,,,,,17.0,0.0,0.0,0.0,1.0,1.75,0.0,,,,,,T-80
ussr_t_80um2,0.0,,,,,,208.0,48.49,0.0,0.0,1.73,1.57,0.0,,,,,,T-80UM2
ussr_pzkpfw_III_ausf_J_L42,0.0,,,,,,0.0,,,,,,0.0,,,,,,T-III
us_t114,0.0,,,,,,56.0,100.0,0.0,0.0,4.58,4.1,0.0,,,,,,T114
saab_t18b_2,0.0,,,,,,17.0,0.0,0.65,0.65,0.0,0.0,0.0,,,,,,T18B_(57)
us_t18_e2,0.0,,,,,,46.0,36.67,0.0,0.0,7.9,6.1,0.0,,,,,,T18E2
us_t28,0.0,,,,,,0.0,,,,,,4.0,0.0,0.0,0.0,3.0,3.0,T28
us_t55e1,0.0,,,,,,182.0,37.94,0.0,0.0,2.52,1.79,0.0,,,,,,T55E1
us_t86,1.0,100.0,0.0,0.0,3.0,3.0,107.0,71.3,0.0,0.0,2.25,2.14,0.0,,,,,,T86
us_t95,0.0,,,,,,14.0,,,,,,0.0,,,,,,T95
jp_type_98_ta_se,0.0,,,,,,7.0,,,0.43,,1.0,0.0,,,,,,Ta-Se
jp_type_81_tansam_launcher,0.0,,,,,,0.0,,,,,,0.0,,,,,,Tan-SAM_Kai_(СОУ)
jp_type_81_tansam_fcs,0.0,,,,,,13.0,,,0.17,,0.0,0.0,,,,,,Tan-SAM_Kai_(СОЦ)
tandem_mai,0.0,,,,,,0.0,,,,,,0.0,,,,,,Tandem_MAI
tb_3_m17_32,0.0,,,,,,0.0,,,,,,0.0,,,,,,TB-3M-17-32
tbd-1_1938,0.0,,,,,,2.0,100.0,0.0,0.0,5.0,5.0,0.0,,,,,,TBD-1
tbf-1c,0.0,,,,,,12.0,,,0.0,,1.0,0.0,,,,,,TBF-1C
il_tcm_20,0.0,,,,,,19.0,0.0,0.0,0.0,0.0,0.0,0.0,,,,,,TCM-20
tempest_mkv_luftwaffe,0.0,,,,,,74.0,68.45,1.74,2.67,1.83,2.33,0.0,,,,,,Tempest_Mk_V
il_tiran_4,0.0,,,,,,21.0,100.0,0.0,0.0,2.0,1.84,0.0,,,,,,Tiran_4
jp_type_10_prototype,0.0,,,,,,283.0,48.68,0.0,0.0,1.94,1.44,0.0,,,,,,TKX_(P)
ussr_to_55,0.0,,,,,,124.0,88.67,0.0,0.0,10.89,5.62,12.0,,,,,,TO-55
uk_tog_2,0.0,,,,,,90.0,65.48,0.0,0.0,4.09,2.9,4.0,,,,,,TOG_II
it_toldi_II_a,0.0,,,,,,0.0,,,,,,0.0,,,,,,Toldi_IIA
cn_tor_m1,0.0,,,,,,0.0,,,,,,0.0,,,,,,Tor-M1
tornado_adv,0.0,,,,,,68.0,58.98,2.52,2.58,0.0,0.0,16.0,,,0.19,,0.0,Tornado_ADV
tornado_f3,0.0,,,,,,103.0,53.01,1.62,2.77,0.19,0.33,0.0,,,,,,Tornado_F.3
tornado_f3_late,0.0,,,,,,0.0,,,,,,0.0,,,,,,Tornado_F.3_Late
tornado_gr1,0.0,,,,,,25.0,100.0,0.0,0.0,2.14,4.0,0.0,,,,,,Tornado_GR.1
tornado_gr4,0.0,,,,,,0.0,,,,,,0.0,,,,,,Tornado_GR.4
tornado_ids_it_mod95,0.0,,,,,,0.0,,,,,,0.0,,,,,,Tornado_IDS_(1995)
tornado_ids_it_ret8,0.0,,,,,,0.0,,,,,,0.0,,,,,,Tornado_IDS_MLU_(RET.8)
ussr_tor_m1,0.0,,,,,,3.0,,,2.0,,0.0,0.0,,,,,,Toр-M1
tu_14t,0.0,,,,,,8.0,100.0,1.0,1.0,0.0,0.0,0.0,,,,,,Tu-14T
tu-2_early,0.0,,,,,,1.0,100.0,0.0,0.0,2.0,2.0,0.0,,,,,,Tu-2
tu_4,0.0,,,,,,9.0,,,0.33,,0.33,0.0,,,,,,Tu-4
gladiator_mk2_tuck,0.0,,,,,,0.0,,,,,,0.0,,,,,,Tuck's_Gladiator_Mk_II
it_41m_turan_2,1.0,100.0,0.0,,5.0,,46.0,50.0,0.0,0.0,3.68,4.0,0.0,,,,,,Turan_II
jp_type_03_chusam_fcs,0.0,,,,,,2.0,,,0.0,,0.0,0.0,,,,,,Type_03_(СОЦ)
jp_type_16,0.0,,,,,,28.0,78.89,0.0,0.0,2.47,2.93,0.0,,,,,,Type_16
jp_type_16_mod,0.0,,,,,,435.0,60.11,0.0,0.0,2.39,1.65,0.0,,,,,,Type_16_(FPS)
jp_type_60_atm,0.0,,,,,,15.0,66.67,0.0,0.0,1.0,1.0,0.0,,,,,,Type_60_ATM
jp_type_60_sprg,0.0,,,,,,331.0,55.91,0.0,0.0,2.6,1.8,0.0,,,,,,Type_60_SPRG_(C)
ussr_type_62,0.0,,,,,,1.0,,,0.0,,1.0,6.0,,,,,,Type_62
cn_type_62,0.0,,,,,,139.0,47.42,0.0,0.0,0.67,0.65,1.0,,,0.0,,1.0,Type_62
jp_type_74_f,0.0,,,,,,149.0,62.5,0.0,0.0,2.03,1.92,0.0,,,,,,Type_74_(F)
jp_type_74_red_star,0.0,,,,,,288.0,64.14,0.0,0.0,2.55,1.6,0.0,,,,,,Type_74_Red_Star
jp_type_81_tansam,0.0,,,,,,47.0,0.0,0.57,0.57,0.0,0.0,0.0,,,,,,Type_81_(C)
jp_type_87,0.0,,,,,,484.0,41.93,0.24,0.22,0.78,0.71,0.0,,,,,,Type_87
jp_type_93,0.0,,,,,,43.0,43.48,1.43,1.27,0.0,0.0,0.0,,,,,,Type_93
jp_type_94,0.0,,,,,,0.0,,,,,,0.0,,,,,,Type_94
ef_2000_typhoon_aesa,0.0,,,,,,137.0,56.02,1.66,2.54,0.15,0.25,20.0,,,1.8,,0.4,Typhoon_(AESA)
sw_landsverk_ush_204_gk,0.0,,,,,,178.0,41.67,0.43,0.34,0.0,0.0,0.0,,,,,,U-SH_204_GK
sw_landsverk_ush_405,0.0,,,,,,182.0,49.06,0.0,0.0,1.77,1.06,0.0,,,,,,U-SH_405
sw_udes_33,0.0,,,,,,52.0,0.0,0.0,0.0,0.77,0.78,0.0,,,,,,UDES_33
us_m551_football,,,,,,,,,,,,,,,,,,,us_m551_football
ussr_m551_football,,,,,,,,,,,,,,,,,,,ussr_m551_football
v_11g,0.0,,,,,,0.0,,,,,,0.0,,,,,,V-11
v_12d,0.0,,,,,,0.0,,,,,,0.0,,,,,,V-12D
v_156_b1,0.0,,,,,,0.0,,,,,,0.0,,,,,,V-156-B1
v_156_f,0.0,,,,,,0.0,,,,,,0.0,,,,,,V-156-F
uk_valentine_mk_9,0.0,,,,,,67.0,41.94,0.0,0.0,1.93,1.88,0.0,,,,,,Valentine_IX
vampire_fb5,0.0,,,,,,0.0,,,,,,0.0,,,,,,Vampire_F.B.5
vampire_fb52_finland,0.0,,,,,,0.0,,,,,,0.0,,,,,,Vampire_FB_52A
so_4050_vautour_2a_iaf,0.0,,,,,,21.0,100.0,3.0,0.94,0.0,0.69,0.0,,,,,,Vautour_IIA_IDF/AF
it_vbc_pt2,0.0,,,,,,269.0,55.08,0.0,0.0,1.43,1.18,0.0,,,,,,VBC_(PT2)
fr_vbci,0.0,,,,,,133.0,78.77,0.0,0.0,2.63,1.7,0.0,,,,,,VBCI
fr_vbci2_mct30,0.0,,,,,,17.0,80.0,0.0,0.0,2.26,1.29,0.0,,,,,,VBCI-2_(MCT30)
it_vcc_80_hitfist_30,0.0,,,,,,114.0,57.02,0.0,0.0,1.03,1.26,0.0,,,,,,VCC-80/30
sw_veak_40,0.0,,,,,,86.0,50.0,0.52,0.48,0.5,0.47,0.0,,,,,,VEAK_40
venom_fb4,0.0,,,,,,50.0,,,3.0,,0.0,0.0,,,,,,Venom_FB.4
fr_vextra_105,0.0,,,,,,97.0,60.26,0.0,0.0,1.36,1.46,0.0,,,,,,Vextra_105
uk_vfm_5,0.0,,,,,,123.0,42.31,0.0,0.0,4.31,1.83,0.0,,,,,,VFM5
uk_vickers_mk_11,0.0,,,,,,259.0,58.59,0.0,0.0,2.14,1.85,0.0,,,,,,Vickers_Mk.11
uk_vijayanta,0.0,,,,,,274.0,65.55,0.0,0.0,3.48,2.31,0.0,,,,,,Vijayanta
germ_vilkas,0.0,,,,,,63.0,48.67,0.0,0.0,1.47,0.79,0.0,,,,,,Vilkas
vl_myrsky_2_late,0.0,,,,,,0.0,,,,,,0.0,,,,,,VL_Myrsky_II
it_vrcc_centauro,0.0,,,,,,102.0,50.74,0.0,0.0,2.26,1.8,0.0,,,,,,VRCC
germ_vt_1_2,0.0,,,,,,178.0,47.62,0.05,0.05,4.58,3.8,0.0,,,,,,VT1-2
cn_vt_5,0.0,,,,,,69.0,66.67,0.0,0.0,1.48,1.49,0.0,,,,,,VT5
fr_amx_vtt_dca,0.0,,,,,,17.0,100.0,1.0,1.0,0.0,0.0,0.0,,,,,,VTT_DCA
walrus_mk1,,,,,,,,,,,,,,,,,,,Walrus_Mk.I
washington_b1,0.0,,,,,,12.0,,,,,,0.0,,,,,,Washington_B.Mk.I
spitfire_lf_mk9e_weisman,0.0,,,,,,33.0,100.0,1.7,1.7,2.0,2.0,8.0,,,1.0,,0.0,Weizman's_Spitfire_LF_Mk.IXe
wellington_mk1c_luftwaffe,0.0,,,,,,0.0,,,,,,0.0,,,,,,Wellington_Mk_Ic
wellington_mk1c_late,0.0,,,,,,0.0,,,,,,0.0,,,,,,Wellington_Mk_Ic/L
wellington_mk3,0.0,,,,,,0.0,,,,,,0.0,,,,,,Wellington_Mk_III
wellington_mk10,0.0,,,,,,0.0,,,,,,0.0,,,,,,Wellington_Mk_X
whirlwind_mk1,0.0,,,,,,0.0,,,,,,0.0,,,,,,Whirlwind_Mk_I
whirlwind_p9,0.0,,,,,,0.0,,,,,,0.0,,,,,,Whirlwind_P.9
germ_wiesel_1_tow,0.0,,,,,,242.0,67.76,0.0,0.0,1.79,1.27,0.0,,,,,,Wiesel_1A2
wirraway,0.0,,,,,,0.0,,,,,,0.0,,,,,,Wirraway
cn_wma_301,0.0,,,,,,32.0,50.0,0.0,0.0,0.5,0.58,0.0,,,,,,WMA301
cn_wz_305,0.0,,,,,,201.0,32.3,0.11,0.1,0.82,0.78,39.0,96.0,0.16,0.13,1.48,1.4,WZ305
xf5f,0.0,,,,,,24.0,100.0,1.0,1.0,2.0,2.0,10.0,,,,,,XF5F
us_xm_8,0.0,,,,,,74.0,79.17,0.0,0.0,2.2,2.05,0.0,,,,,,XM8
p-38g_metal,0.0,,,,,,0.0,,,,,,0.0,,,,,,XP-38G
yak_141,0.0,,,,,,129.0,64.84,1.12,1.26,0.0,0.0,0.0,,,,,,Yak-141
yak-30d,0.0,,,,,,0.0,,,,,,0.0,,,,,,Yak-30D
yak-38,0.0,,,,,,54.0,57.89,1.16,0.85,0.0,0.0,5.0,,,1.0,,0.0,Yak-38
er-2_ach30b_early,0.0,,,,,,0.0,,,,,,0.0,,,,,,Yer-2_(ACh-30B)_(e)
er-2_m105_tat,0.0,,,,,,0.0,,,,,,0.0,,,,,,Yer-2_(M-105)_TAT
er-2_m105r_tat,0.0,,,,,,0.0,,,,,,0.0,,,,,,Yer-2_(M-105R)_TAT
yp-38,0.0,,,,,,0.0,,,,,,0.0,,,,,,YP-38
uk_ystervark_spaa,0.0,,,,,,68.0,70.24,0.14,0.09,0.13,0.08,0.0,,,,,,Ystervark
uk_rooikat_za_35,2.0,50.0,0.0,0.0,1.0,2.0,275.0,59.88,0.26,0.23,1.55,1.25,0.0,,,,,,ZA-35
il_ss_11_halftrack,0.0,,,,,,8.0,,,0.0,,0.88,0.0,,,,,,Zachlam_Tager
cn_type_86,0.0,,,,,,107.0,73.04,0.0,0.0,0.55,0.57,0.0,,,,,,ZBD86
i-153_m62_zhukovskiy,0.0,,,,,,0.0,,,,,,0.0,,,,,,Zhukovsky's_I-153-M62
ussr_zis_12_94KM_1945,0.0,,,,,,120.0,57.53,0.31,0.22,1.27,0.76,0.0,,,,,,ZiS-12_(94-KM)
ussr_zis_30,0.0,,,,,,15.0,100.0,0.0,0.0,1.11,1.11,0.0,,,,,,ZiS-30
cn_ztl_11,0.0,,,,,,20.0,100.0,0.0,0.0,1.0,1.0,0.0,,,,,,ZLT11
cn_zsd63_pg87,0.0,,,,,,58.0,0.0,0.38,0.31,0.0,0.0,0.0,,,,,,ZSD63/PG87
ussr_zsu_37,0.0,,,,,,36.0,,,0.0,,0.0,0.0,,,,,,ZSU-37
ussr_zsu_37_2,0.0,,,,,,297.0,34.94,0.38,0.46,0.3,0.36,0.0,,,,,,ZSU-37-2
sw_zsu_57_2,0.0,,,,,,323.0,46.61,0.0,0.0,1.26,1.04,0.0,,,,,,ZSU-57-2
cn_ztz_59a,0.0,,,,,,33.0,0.0,0.0,0.0,0.74,0.97,15.0,,,0.0,,2.0,ZTZ59A
cn_ztz_99a,0.0,,,,,,272.0,66.68,0.0,0.0,2.72,1.9,0.0,,,,,,ZTZ99A
ussr_zut_37,0.0,,,,,,0.0,,,,,,0.0,,,,,,ZUT-37
ussr_bmd_4m,0.0,,,,,,1573.0,41.63,0.02,0.01,1.56,1.12,22.0,,,,,,БМД-4M
ussr_bmd_4m2,0.0,,,,,,735.0,37.52,0.0,0.0,1.24,0.98,26.0,62.5,0.0,0.0,0.88,0.88,БМД-4M2
ussr_sdkfz_251_21_kit_3rank,0.0,,,,,,9.0,0.0,0.0,0.0,0.0,0.0,0.0,,,,,,Ганомаг_('45)
ussr_garford_putilov,0.0,,,,,,0.0,,,,,,0.0,,,,,,Гарфордъ
db_lk,0.0,,,,,,0.0,,,,,,0.0,,,,,,ДБ-ЛК
ussr_is_1_kit_3rank,1.0,100.0,0.0,,2.0,,37.0,,,0.0,,1.4,0.0,,,,,,ИС-1_('45)
ussr_is_2m_kit_4rank,0.0,,,,,,17.0,100.0,0.0,0.0,5.09,4.18,0.0,,,,,,ИС-2М_(Будь_Готов!)
mig_35,0.0,,,,,,1.0,,,1.0,,3.0,0.0,,,,,,МиГ-35
it_9a35_m,0.0,,,,,,0.0,,,,,,0.0,,,,,,Стрела-10М
uk_9a35_m,0.0,,,,,,25.0,0.0,1.55,1.49,0.0,0.0,0.0,,,,,,Стрела-10М
ussr_t_34_85_zis_53_kit_3rank,0.0,,,,,,89.0,11.59,0.0,0.0,2.79,2.47,0.0,,,,,,Т-34-85_('45)
ussr_t_44_kit_4rank,0.0,,,,,,12.0,,,0.0,,2.0,0.0,,,,,,Т-44_(Будь_Готов!)
yak_1_litvyak,0.0,,,,,,0.0,,,,,,0.0,,,,,,Як-1_Литвяк
p-47m-1-re_boxted,0.0,,,,,,28.0,55.26,0.11,0.05,0.76,1.05,0.0,,,,,,⋠P-47M-1-RE
a6m5_zero_china,,,,,,,,,,,,,,,,,,,A6M5_(China)
cn_type_97_chi_ha,0.0,,,,,,8.0,,,0.0,,0.0,0.0,,,,,,Chi-Ha_(China)
cn_type_97_kai,0.0,,,,,,25.0,,,0.0,,1.48,0.0,,,,,,Chi-Ha_Kai_(China)
f-100a_china,0.0,,,,,,62.0,66.67,4.0,4.45,0.3,0.83,0.0,,,,,,F-100A_(China)
f_100f_china,0.0,,,,,,0.0,,,,,,0.0,,,,,,F-100F_(China)
f-104a_china,0.0,,,,,,1.0,100.0,1.0,1.0,0.0,0.0,0.0,,,,,,F-104A_(China)
f-104g_china,0.0,,,,,,17.0,,,0.0,,1.0,0.0,,,,,,F-104G_(China)
f_16a_block_20_mlu,0.0,,,,,,259.0,69.37,1.71,3.28,0.04,0.14,10.0,,,,,,F-16A_MLU_(China)
f_16a_block_72v_china,0.0,,,,,,52.0,58.7,1.24,2.04,0.46,0.52,0.0,,,,,,F-16V_(China)
f-5a_china,0.0,,,,,,0.0,,,,,,0.0,,,,,,F-5A_(China)
f-84g-31-re_china,0.0,,,,,,0.0,,,,,,0.0,,,,,,F-84G-31-RE_(China)
f-86f-40_china,0.0,,,,,,11.0,100.0,2.0,,0.0,,0.0,,,,,,F-86F-40_(China)
gladiator_mk1_china,0.0,,,,,,0.0,,,,,,0.0,,,,,,Gladiator_Mk_I_(China)
h-75m_china,0.0,,,,,,53.0,100.0,5.63,5.63,0.0,0.0,0.0,,,,,,H-75M_(China)
hs-123a-1_china,0.0,,,,,,0.0,,,,,,0.0,,,,,,Hs_123_A-1_(China)
i-15bis_china,0.0,,,,,,0.0,,,,,,0.0,,,,,,I-15bis_(China)
i-16_chung_28,0.0,,,,,,0.0,,,,,,0.0,,,,,,I-16_Chung_28_(China)
i-16_type17_china,0.0,,,,,,9.0,,,0.0,,0.0,0.0,,,,,,I-16_type_17_(China)
i-16_type5_1935_china,0.0,,,,,,0.0,,,,,,0.0,,,,,,I-16_type_5_(China)
il-10_1946_china,0.0,,,,,,0.0,,,,,,0.0,,,,,,IL-10_(1946)_(China)
cn_isu_122,0.0,,,,,,0.0,,,,,,0.0,,,,,,ISU-122_(China)
cn_isu_152,0.0,,,,,,2.0,100.0,0.0,0.0,1.0,1.0,0.0,,,,,,ISU-152_(China)
ki-27_otsu_china,0.0,,,,,,0.0,,,,,,0.0,,,,,,Ki-27_otsu_(China)
ki-45_hei_tei_china,0.0,,,,,,0.0,,,,,,0.0,,,,,,Ki-45_hei/tei_(China)
ki_84_ko_china,0.0,,,,,,20.0,,,0.18,,0.24,51.0,100.0,9.0,4.5,2.0,1.0,Ki-84_ko_(China)
la-11_china,0.0,,,,,,0.0,,,,,,0.0,,,,,,La-11_(China)
cn_m113a1_tow,0.0,,,,,,22.0,0.0,0.0,0.0,1.83,0.66,0.0,,,,,,M113A1_(TOW)_(China)
cn_m3a3_stuart_1st_ptg,0.0,,,,,,0.0,,,,,,0.0,,,,,,M3A3_(1st_PTG)_(China)
cn_m3a3_stuart,0.0,,,,,,0.0,,,,,,0.0,,,,,,M3A3_Stuart_(China)
cn_m48a1_patton_III,0.0,,,,,,48.0,72.22,0.0,0.0,5.67,3.03,12.0,,,0.0,,1.0,M48A1_(China)
cn_m4a4_sherman_1st_ptg,0.0,,,,,,1.0,,,0.0,,1.0,0.0,,,,,,M4A4_(1st_PTG)_(China)
cn_m5a1_stuart,0.0,,,,,,0.0,,,,,,0.0,,,,,,M5A1_(China)
cn_m8_greyhound,0.0,,,,,,61.0,100.0,0.0,0.0,2.0,0.51,0.0,,,,,,M8_LAC_(China)
mirage_2000_5ei,0.0,,,,,,139.0,69.67,1.32,1.76,0.6,0.8,0.0,,,,,,Mirage_2000-5Ei_(China)
p-40e_china,0.0,,,,,,21.0,11.11,1.0,0.67,1.78,1.0,0.0,,,,,,P-40E-1_(China)
p1y1_mod11_china,0.0,,,,,,0.0,,,,,,0.0,,,,,,P1Y1_mod._11_(China)
sb_2m_103u_china,0.0,,,,,,0.0,,,,,,0.0,,,,,,SB_2M-103U_(China)
cn_sdkfz_222_early,0.0,,,,,,1.0,,,,,,0.0,,,,,,Sd.Kfz.222_(China)
cn_su_76m_1943,0.0,,,,,,0.0,,,,,,0.0,,,,,,SU-76M_(China)
uk_challenger_II_yt_cup_2019,,,,,,,,,,,,,,,,,,,␙Challenger_2
germ_leopard_2a5_yt_cup_2019,,,,,,,,,,,,,,,,,,,␙Leopard_2A5
us_m1a1_abrams_yt_cup_2019,,,,,,,,,,,,,,,,,,,␙M1A1
md_460_yt_cup_2019,,,,,,,,,,,,,,,,,,,␙Super_Mystere_B2
ussr_t_80u_yt_cup_2019,0.0,,,,,,0.0,,,,,,0.0,,,,,,␙T-80U
f-86_canadair_german,0.0,,,,,,64.0,76.19,1.87,1.54,0.79,0.84,0.0,,,,,,◄CL-13A_Mk_5
f-86_cl_13b_mk6,0.0,,,,,,184.0,78.4,2.15,2.24,1.38,1.53,0.0,,,,,,◄CL-13B_Mk.6
ef_2000_block_10,0.0,,,,,,702.0,55.27,1.29,1.3,0.15,0.15,7.0,,,1.0,,0.0,◄EF-2000
ef_2000_aesa,0.0,,,,,,1390.0,49.94,1.69,2.14,0.18,0.23,0.0,,,,,,◄EF-2000_(AESA)
germ_embt,0.0,,,,,,43.0,59.29,0.0,0.0,2.93,2.88,0.0,,,,,,◄EMBT
f-104g,0.0,,,,,,3.0,0.0,1.0,1.0,0.0,0.0,0.0,,,,,,◄F-104G
f-4f,0.0,,,,,,31.0,100.0,1.79,1.79,0.79,0.79,0.0,,,,,,◄F-4F_Early
f-84f_germany,0.0,,,,,,0.0,,,,,,0.0,,,,,,◄F-84F
fiat_g91_r4_german,0.0,,,,,,223.0,61.19,1.48,1.78,0.71,0.92,0.0,,,,,,◄G.91_R/4
mig-21_sps_k,0.0,,,,,,68.0,53.89,1.38,2.33,0.1,0.12,0.0,,,,,,◄MiG-21_SPS-K
mig_29_9_12g,0.0,,,,,,83.0,65.28,1.36,0.91,0.32,0.36,7.0,,,,,,◄MiG-29G
sea_hawk_mk100,0.0,,,,,,86.0,43.01,2.75,3.14,2.01,2.31,0.0,,,,,,◄Sea_Hawk_Mk.100
su_22m4_de_wtd61,0.0,,,,,,248.0,39.09,0.58,0.53,0.58,0.55,0.0,,,,,,◄Su-22M4_WTD61
tornado_ids_de_assta1,0.0,,,,,,189.0,53.44,0.66,0.76,0.97,1.19,15.0,,,1.0,,6.0,◄Tornado_IDS_ASSTA1
tornado_ids_de_mfg,0.0,,,,,,0.0,,,,,,0.0,,,,,,◄Tornado_IDS_MFG
tornado_ids_de_assta3_sle,0.0,,,,,,17.0,100.0,0.0,0.0,3.0,3.0,0.0,,,,,,◄Tornado_IDS_SLE
tornado_ids_de_wtd61,0.0,,,,,,58.0,86.67,0.8,0.56,1.54,0.78,17.0,,,1.0,,0.0,◄Tornado_IDS_WTD61
il_28_german,0.0,,,,,,2.0,,,0.0,,7.0,0.0,,,,,,◊IL-28
mig-17p_lim_5p,0.0,,,,,,81.0,100.0,2.24,2.24,1.0,1.0,0.0,,,,,,◊Lim-5P
mig-19s,0.0,,,,,,18.0,,,,,,0.0,,,,,,◊MiG-19S
mig_23bn,0.0,,,,,,156.0,62.12,0.59,0.57,1.38,1.3,0.0,,,,,,◊MiG-23BN
su_22um3k,0.0,,,,,,3.0,,,1.0,,2.0,0.0,,,,,,◊Su-22UM3K
us_lvt_a_1_trb,0.0,,,,,,0.0,,,,,,0.0,,,,,,○LVT(A)(1)
p-36c_rb,0.0,,,,,,0.0,,,,,,0.0,,,,,,○P-36C
fa_18c_late_switzerland,0.0,,,,,,39.0,100.0,1.65,1.3,0.46,0.43,2.0,,,1.0,,0.0,◌F/A-18C_Late
hunter_f58a_1971_switzerland,0.0,,,,,,45.0,100.0,1.73,2.58,0.21,0.23,0.0,,,,,,◌Hunter_F.58A_(1971)
mirage_3s_c70_switzerland,0.0,,,,,,70.0,64.2,1.48,1.94,0.52,0.6,0.0,,,,,,◌Mirage_IIIS_C.70
uk_challenger_2_megatron_sm,0.0,,,,,,87.0,78.85,0.0,0.0,2.34,1.52,0.0,,,,,,◍Challenger_2_OES
jp_type_90b_sm,0.0,,,,,,320.0,51.67,0.0,0.0,2.63,1.65,0.0,,,,,,◍Type_90_(B)
il_leopard_2a6_hel,0.0,,,,,,59.0,100.0,0.0,0.0,8.4,4.46,0.0,,,,,,◐Leopard_2HEL
il_9a33bm3,0.0,,,,,,0.0,,,,,,0.0,,,,,,◐Osa-AKM
il_tor_m1,0.0,,,,,,0.0,,,,,,0.0,,,,,,◐Tor-M1
it_btr_80a_hungary,0.0,,,,,,32.0,76.92,0.0,0.0,0.58,0.79,0.0,,,,,,◔BTR-80A
il_28_hungary,0.0,,,,,,0.0,,,,,,0.0,,,,,,◔IL-28
saab_jas39c_hungary,0.0,,,,,,117.0,100.0,0.79,0.59,2.92,2.1,6.0,,,3.0,,1.0,◔JAS39EBS_HU_C
it_leopard_2a4,0.0,,,,,,68.0,100.0,0.0,0.0,7.0,2.04,0.0,,,,,,◔Leopard_2A4
mig-15bis_nr23_hungary,0.0,,,,,,17.0,,,,,,0.0,,,,,,◔MiG-15bis
mig-17pf_hungary,0.0,,,,,,35.0,100.0,2.08,1.0,0.0,0.0,0.0,,,,,,◔MiG-17PF
mig_23mf_hungary,0.0,,,,,,0.0,,,,,,0.0,,,,,,◔MiG-23MF
mig_29_9_12b_hungary,0.0,,,,,,48.0,50.0,1.0,1.0,0.0,0.0,6.0,,,2.0,,0.0,◔MiG-29
su_22m3_hungary,0.0,,,,,,0.0,,,,,,0.0,,,,,,◔Su-22M3
it_t_72m1,0.0,,,,,,94.0,50.0,0.0,0.0,3.73,4.49,0.0,,,,,,◔T-72M1
it_zsu_23_4,0.0,,,,,,87.0,14.03,0.45,0.28,0.0,0.0,0.0,,,,,,◔ZSU-23-4
f_16am_block_20_mlu_netherlands,0.0,,,,,,109.0,85.07,0.84,0.9,1.33,1.29,46.0,,,1.84,,0.76,◘F-16AM
hunter_f6_holland,0.0,,,,,,17.0,,,1.0,,1.0,0.0,,,,,,◘Hunter_F.6
f_16a_block_10_norway,0.0,,,,,,20.0,100.0,0.24,1.0,3.47,5.0,0.0,,,,,,◢F-16A
f_16am_block_20_mlu_norway,0.0,,,,,,0.0,,,,,,0.0,,,,,,◢F-16AM
f-5ag_norway,0.0,,,,,,39.0,53.94,1.6,2.87,0.0,0.0,0.0,,,,,,◢F-5A(G)
mosquito_fb_mk6_ash_norway,0.0,,,,,,0.0,,,,,,0.0,,,,,,◢Mosquito_FB.Mk.VI_ASH
b_26b_indonesia_kalong,0.0,,,,,,0.0,,,,,,0.0,,,,,,◥B-26B
hawk_209_indonesia,0.0,,,,,,8.0,,,,,,0.0,,,,,,◥Hawk_209
a_4e_late_iaf,0.0,,,,,,101.0,66.67,2.13,2.12,1.58,1.57,0.0,,,,,,A-4E_(Israel)
a_4e_early_iaf,0.0,,,,,,0.0,,,,,,0.0,,,,,,A-4E_Early_(M)_(Israel)
a_4h,0.0,,,,,,0.0,,,,,,0.0,,,,,,A-4H_(Israel)
f-84f_israel_iaf,0.0,,,,,,0.0,,,,,,0.0,,,,,,F-84F_(Israel)
md_450b_ouragan_iaf_29,0.0,,,,,,0.0,,,,,,0.0,,,,,,M.D.450B_(29)_(Israel)
il_m109,0.0,,,,,,9.0,,,0.0,,0.0,0.0,,,,,,M109_(Israel)
mig_21_2000_iaf,0.0,,,,,,0.0,,,,,,0.0,,,,,,MiG-21_2000_(Israel)
md_454_mystere_4a_iaf,0.0,,,,,,0.0,,,,,,0.0,,,,,,Mystere_IVA_(Israel)
so_4050_vautour_2a_israel_iaf,0.0,,,,,,0.0,,,,,,0.0,,,,,,Vautour_IIA_(Israel)
so_4050_vautour_2n_iaf,0.0,,,,,,0.0,,,,,,0.0,,,,,,Vautour_IIN_(Israel)
il_zsu_23_4,0.0,,,,,,80.0,77.27,0.77,0.48,0.0,0.0,0.0,,,,,,ZSU-23-4_(Israel)
