name,ab_battles,ab_win_rate,ab_air_frags_per_battle,ab_air_frags_per_death,ab_ground_frags_per_battle,ab_ground_frags_per_death,rb_battles,rb_win_rate,rb_air_frags_per_battle,rb_air_frags_per_death,rb_ground_frags_per_battle,rb_ground_frags_per_death,sb_battles,sb_win_rate,sb_air_frags_per_battle,sb_air_frags_per_death,sb_ground_frags_per_battle,sb_ground_frags_per_death,alt_name
us_t58,808.0,64.28,0.05,0.03,4.94,4.48,2188.0,61.66,0.0,0.0,3.39,2.59,3.0,,,0.0,,1.0,T58
ussr_t_80bvm,709.0,55.95,0.02,0.05,1.54,1.78,5744.0,46.58,0.0,0.0,1.83,1.59,0.0,,,,,,T-80BVM
it_sherman_75_37,711.0,75.86,0.12,0.14,5.9,7.0,104.0,65.86,0.0,0.0,3.81,3.36,0.0,,,,,,Sherman_I_Composito
ussr_t_80ue1_sm,615.0,51.59,0.0,0.0,1.5,1.47,2334.0,44.48,0.0,0.0,1.38,1.13,17.0,,,0.0,,1.0,◍Т-80У-Е1
ussr_t_34_85_zis_53_v80,531.0,84.06,0.05,0.06,4.89,5.99,193.0,54.01,0.0,0.0,3.9,2.94,0.0,,,,,,"Т-34-85_""Партизан"""
germ_pzkpfw_III_ausf_F,559.0,85.13,0.1,0.12,6.82,9.69,66.0,72.58,0.0,0.0,6.78,8.53,0.0,,,,,,Pz.III_F
ussr_t_72a,524.0,55.09,0.09,0.09,2.58,2.18,2745.0,52.75,0.0,0.0,2.0,1.96,0.0,,,,,,T-72A
germ_pzkpfw_VI_ausf_h1_tiger_west,428.0,76.68,0.03,0.03,3.29,5.25,237.0,47.25,0.0,0.0,4.33,3.0,12.0,,,,,,Tiger_West
ussr_t_34_1941_57,435.0,55.63,0.01,0.01,2.15,2.24,402.0,40.1,0.0,0.0,2.61,1.75,0.0,,,,,,T-34-57
germ_vsw_flak_41,430.0,80.86,0.08,0.08,4.22,4.46,73.0,20.24,0.0,0.0,7.26,5.64,9.0,,,0.0,,2.0,VFW
germ_pzkpfw_VI_ausf_b_tiger_IIh,419.0,51.01,0.05,0.05,2.25,2.59,2306.0,49.07,0.01,0.01,3.05,2.64,0.0,,,,,,Tiger_II_(H)
ussr_t_34_85_zis_53,407.0,68.39,0.01,0.01,2.65,3.76,650.0,42.53,0.0,0.0,1.93,1.59,21.0,,,0.0,,0.14,T-34-85
ussr_t_44_100,384.0,51.8,0.11,0.09,2.73,2.23,1502.0,50.91,0.0,0.0,2.21,1.7,109.0,43.55,0.0,0.0,4.37,2.7,T-44-100
ussr_kv_1_zis_5,388.0,60.58,0.01,0.01,3.18,4.23,179.0,32.9,0.0,0.0,5.05,3.75,0.0,,,,,,KV-1_(ZiS-5)
germ_pzkpfw_VI_ausf_h1_tiger_east,375.0,77.24,0.06,0.06,3.78,5.71,217.0,49.46,0.0,0.0,3.85,3.26,0.0,,,,,,Tiger_Ost
su_30mk2v_venezuela,370.0,67.17,5.4,3.71,0.45,0.29,5263.0,49.16,0.97,1.05,0.35,0.39,177.0,100.0,6.46,1.98,1.73,0.54,Су-30МК2_AMV
us_lvt_a_1,357.0,97.23,0.09,0.2,6.45,11.62,8.0,,,0.0,,2.0,0.0,,,,,,LVT(A)(1)
jp_type_4_chi_to_late,378.0,60.28,0.12,0.09,3.91,3.35,642.0,68.17,0.0,0.0,2.66,2.49,5.0,0.0,0.0,0.0,2.0,2.0,Chi-To_Late
ussr_t_54_1947,358.0,54.84,0.02,0.02,2.56,2.35,350.0,54.36,0.0,0.0,2.84,2.44,0.0,,,,,,T-54_(1947)
ussr_kv_85,354.0,52.27,0.09,0.08,3.25,2.91,162.0,32.18,0.0,0.0,4.83,2.48,0.0,,,,,,KV-85
ussr_zsu_57_2,350.0,37.21,0.16,0.13,1.46,1.03,898.0,46.35,0.01,0.0,1.35,1.08,8.0,100.0,0.0,0.0,1.0,1.0,ZSU-57-2
germ_pzkpfw_VI_ausf_h1_tiger,330.0,59.4,0.02,0.02,2.84,3.58,837.0,42.92,0.0,0.0,2.68,2.16,0.0,,,,,,Tiger_H1
germ_thyssen_henschel_tam_2ip,314.0,62.56,0.09,0.09,2.75,2.11,1047.0,46.83,0.0,0.0,1.85,1.38,0.0,,,,,,TAM_2IP
us_m6a1,297.0,64.32,0.07,0.06,4.61,3.98,160.0,62.43,0.0,0.0,4.5,2.27,0.0,,,,,,M6A1
ussr_t_64a_1971,305.0,56.79,0.0,0.0,2.16,2.04,1564.0,51.44,0.0,0.0,2.16,1.88,26.0,100.0,0.0,0.0,2.0,1.7,T-64A_(1971)
cn_type_58,311.0,81.17,0.04,0.03,5.46,4.9,264.0,65.3,0.0,0.0,2.85,2.47,0.0,,,,,,Т-34-85_Gai
germ_panzerbefelhswagen_VI_P,293.0,87.04,0.01,0.01,10.51,14.24,156.0,44.28,0.0,0.0,3.5,3.57,0.0,,,,,,Pz.Bfw.VI_(P)
la-7,300.0,90.72,3.77,4.38,1.86,2.14,28.0,39.29,1.79,1.8,0.11,0.07,0.0,,,,,,La-7
sw_t_34_1941,302.0,63.07,0.01,0.01,3.75,3.8,88.0,27.27,0.0,0.0,4.0,1.93,0.0,,,,,,T-34
ussr_kv_1e,313.0,95.79,0.05,0.07,7.65,10.23,201.0,55.51,0.0,0.0,8.34,3.44,0.0,,,,,,KV-1E
germ_pzkpfw_VI_ausf_b_tiger_IIp,315.0,53.08,0.05,0.05,2.62,3.98,937.0,41.12,0.0,0.0,2.02,1.83,0.0,,,,,,Tiger_II_(P)
sw_sav_fm48,294.0,66.14,0.05,0.04,5.12,3.41,477.0,48.57,0.0,0.0,3.83,2.71,0.0,,,,,,SAV_20.12.48
jp_type_4_chi_to,304.0,59.0,0.17,0.2,2.81,3.09,544.0,74.2,0.0,0.0,2.37,2.05,1.0,0.0,0.0,0.0,1.0,1.0,Chi-To
bf-109f-4,282.0,74.68,6.24,6.37,0.42,0.37,196.0,83.33,4.46,6.4,1.19,1.69,0.0,,,,,,Bf_109_F-4
us_m1a1_hc_usmc_sm,300.0,58.2,0.0,0.0,2.93,2.41,2709.0,62.73,0.0,0.0,2.27,1.92,0.0,,,,,,◍M1A1_HC
germ_kpz_70,291.0,48.33,0.06,0.05,1.34,0.84,1345.0,47.33,0.0,0.0,1.79,1.36,0.0,,,,,,KPz-70
germ_t_34_747,293.0,75.76,0.0,0.0,4.08,5.14,65.0,65.0,0.0,0.0,5.9,4.84,0.0,,,,,,T_34_747_(r)
us_m26e1_pershing,285.0,79.14,0.05,0.07,7.34,7.96,828.0,67.28,0.0,0.0,3.25,3.23,0.0,,,,,,M26E1
bf-109f-4_trop,272.0,76.75,5.25,6.71,0.23,0.29,0.0,,,,,,0.0,,,,,,Bf_109_F-4/trop
ussr_t_34_85_d_5t,270.0,71.29,0.02,0.02,5.32,4.99,669.0,52.66,0.0,0.0,3.15,1.69,0.0,,,,,,T-34-85_(D-5T)
ussr_bmpt_72,252.0,50.51,0.07,0.04,1.6,0.91,2210.0,45.69,0.0,0.0,1.58,1.25,0.0,,,,,,БМПТ-72
germ_panther_II,259.0,90.08,0.0,0.0,5.48,4.93,373.0,64.89,0.0,0.0,5.17,3.25,0.0,,,,,,Panther_II
uk_a_33_excelsior,258.0,97.87,0.1,0.17,5.46,7.26,299.0,86.64,0.0,0.0,8.49,4.81,0.0,,,,,,Excelsior
ussr_object_906,244.0,42.9,0.0,0.0,1.64,1.36,1307.0,51.31,0.0,0.0,2.42,1.66,65.0,100.0,0.0,0.0,8.38,2.96,Object_906
ussr_bmpt,245.0,46.7,0.3,0.33,1.34,1.58,2524.0,43.25,0.0,0.0,1.45,1.2,3.0,,,0.0,,1.0,БМПТ
jp_type_3_chi_nu_75cm_type_5,259.0,76.38,0.04,0.04,5.33,5.43,744.0,78.31,0.0,0.0,4.88,4.19,0.0,,,,,,Chi-Nu_II
i_185_m71_standard,235.0,65.81,2.54,2.01,1.04,0.83,80.0,100.0,2.0,0.82,4.0,0.51,0.0,,,,,,I-185_(M-71)
sw_pzkpfw_IV_ausf_J,233.0,75.55,0.0,0.0,2.34,2.7,247.0,45.14,0.0,0.0,0.83,0.83,0.0,,,,,,Pz.IV
ussr_t_34_85E,220.0,81.42,0.01,0.01,4.85,4.98,314.0,65.97,0.0,0.0,5.35,3.37,0.0,,,,,,T-34-85E
germ_leopard_I,240.0,63.2,0.0,0.0,1.48,1.33,739.0,27.51,0.0,0.0,1.17,0.94,16.0,0.0,0.0,0.0,1.0,1.0,Leopard_I
germ_sdkfz_9_flak37,231.0,69.2,0.2,0.17,5.37,4.99,10.0,50.0,0.0,0.0,2.17,3.5,0.0,,,,,,"8,8_cm_Flak_37_Sfl."
sw_m24_chaffee_dk,226.0,54.12,0.3,0.22,3.69,2.96,372.0,55.55,0.0,0.0,1.72,1.17,0.0,,,,,,M24DK
uk_a27m_cromwell_5,221.0,91.13,0.0,0.0,4.91,6.72,141.0,60.67,0.0,0.0,2.97,1.62,0.0,,,,,,Cromwell_V
germ_leopard_2k,222.0,57.47,0.0,0.0,2.21,1.75,1473.0,53.46,0.0,0.0,2.13,1.78,0.0,,,,,,Leopard_2K
s_199,201.0,70.18,6.31,1.44,2.29,0.48,32.0,,,0.51,,0.51,0.0,,,,,,Sakeen
germ_pzkpfw_V_ausf_d_panther,221.0,62.37,0.04,0.05,2.31,2.95,568.0,39.34,0.0,0.0,1.79,1.65,12.0,,,,,,Panther_D
germ_pzkpfw_VI_ausf_e_tiger,217.0,59.69,0.01,0.01,2.72,2.78,1236.0,45.8,0.0,0.0,2.3,1.83,0.0,,,,,,Tiger_E
su_30mkk,197.0,78.81,9.28,3.71,0.14,0.08,978.0,62.24,1.16,1.25,0.62,0.65,46.0,100.0,3.0,3.11,0.33,0.07,Su-30MKK_(China)
la-5fn,211.0,57.81,3.46,4.63,0.44,0.66,78.0,37.5,3.04,1.77,0.17,0.19,0.0,,,,,,La-5FN
germ_leopard_I_a1,205.0,55.36,0.02,0.01,2.13,1.71,619.0,44.34,0.0,0.0,1.8,1.39,0.0,,,,,,Leopard_A1A1
sw_cv_90105_tml,200.0,70.49,0.0,0.0,2.39,2.06,1151.0,56.48,0.0,0.0,2.47,1.87,0.0,,,,,,CV_90105
ussr_t_80ue1,201.0,49.54,0.0,0.0,2.1,2.36,4736.0,43.7,0.0,0.0,1.47,1.3,0.0,,,,,,Т-80U-Е1
germ_panzerjager_panther,212.0,68.22,0.0,0.0,3.09,3.6,559.0,45.63,0.0,0.0,1.37,0.97,22.0,,,0.0,,1.77,Jagdpanther_G1
ussr_t_55_amd_1,201.0,52.05,0.0,0.0,1.9,1.77,1049.0,42.54,0.0,0.0,1.3,1.18,11.0,,,,,,T-55AMD-1
la-5_type37_early,205.0,74.28,3.88,4.83,0.88,1.07,0.0,,,,,,0.0,,,,,,La-5
ussr_object_435,203.0,57.26,0.0,0.0,1.97,1.75,236.0,47.58,0.0,0.0,1.3,1.1,0.0,,,,,,Object_435
germ_leopard_1a5,204.0,57.28,0.0,0.0,2.27,1.53,1204.0,43.72,0.0,0.0,1.44,1.26,39.0,50.0,0.0,0.0,2.5,2.13,Leopard_1A5
ussr_t_80uk,208.0,63.67,0.0,0.0,0.67,0.73,1159.0,41.43,0.0,0.0,1.63,1.13,0.0,,,,,,T-80UK
do_335a_1,195.0,87.9,0.72,0.36,12.86,6.61,135.0,26.39,0.6,0.39,1.73,0.95,0.0,,,,,,Do_335_A-1
cn_type_97_chi_ha,191.0,100.0,0.14,0.26,6.22,10.17,0.0,,,,,,0.0,,,,,,Chi-Ha_(China)
ussr_t_34E_STZ,200.0,83.72,0.0,0.0,3.23,3.31,64.0,50.0,0.0,0.0,2.41,4.46,0.0,,,,,,T-34E_STZ
ussr_t_62,200.0,37.1,0.0,0.0,1.99,1.99,358.0,60.53,0.0,0.0,2.11,1.73,0.0,,,,,,T-62
ussr_btr_82at,187.0,51.05,0.2,0.21,1.05,1.13,977.0,50.21,0.0,0.0,1.49,1.22,0.0,,,,,,БТР-82АТ
jp_type_90b_camo,193.0,48.29,0.16,0.12,1.74,1.88,4018.0,53.88,0.0,0.0,2.45,1.81,33.0,33.33,0.0,0.0,0.7,0.7,"Type_90_(B)_""Fuji"""
sw_strv_122b_plus,191.0,84.84,0.0,0.0,3.94,3.73,520.0,62.36,0.0,0.0,2.87,2.04,0.0,,,,,,Strv_122B+
il-2m,190.0,94.01,1.44,1.35,5.43,5.13,15.0,,,1.0,,5.0,7.0,,,1.0,,4.0,IL-2M_type_3
germ_spz_oerlikon_raketenautomat,189.0,57.37,0.0,0.0,1.19,1.01,320.0,32.8,0.0,0.0,1.55,1.14,0.0,,,,,,Raketenautomat
mig_25pd,181.0,78.01,6.66,5.6,0.0,0.0,201.0,69.8,1.85,2.4,0.0,0.0,0.0,,,,,,МиГ-25ПД
us_m1a1_hc_usmc,179.0,56.88,0.0,0.0,3.15,2.18,4653.0,60.33,0.0,0.0,1.95,1.81,17.0,,,0.0,,1.0,M1A1_Click-Bait
germ_pzkpfw_V_ausf_g_panther,173.0,67.13,0.0,0.0,1.6,1.86,533.0,42.68,0.0,0.0,1.71,1.57,0.0,,,,,,Panther_G
ussr_t_34_100,176.0,85.6,0.03,0.05,3.91,4.3,342.0,68.87,0.0,0.0,2.77,2.22,31.0,0.0,0.0,0.0,1.0,1.0,T-34-100
cn_t_34_1942,179.0,81.18,0.01,0.02,4.29,5.89,65.0,100.0,0.0,0.0,5.77,2.18,0.0,,,,,,T-34_(1943)_(China)
germ_pzkpfw_VI_ausf_b_tiger_IIh_kwk46,180.0,95.48,0.0,0.0,6.88,7.92,304.0,61.0,0.0,0.0,4.53,3.21,0.0,,,,,,Tiger_II_(10.5_cm_Kw.K)
germ_vk_3002m,172.0,50.83,0.0,0.0,4.38,4.3,300.0,53.84,0.0,0.0,3.4,1.67,0.0,,,,,,VK_3002_(M)
germ_panzerbefelhswagen_jagdpanther,181.0,61.29,0.0,0.0,4.81,4.53,47.0,39.28,0.0,0.0,1.89,2.5,0.0,,,,,,Bfw._Jagdpanther_G1
fr_m26_pershing,173.0,35.86,0.21,0.24,2.21,2.49,93.0,74.51,0.0,0.0,2.67,1.9,0.0,,,,,,M26
us_t14,168.0,51.67,0.15,0.22,2.88,5.3,442.0,65.78,0.0,0.0,6.11,3.78,0.0,,,,,,T14
ussr_t_34_1942,180.0,84.99,0.04,0.06,3.38,3.1,194.0,46.55,0.0,0.0,3.3,1.6,0.0,,,,,,T-34_(1942)
ussr_t_90m_2020,169.0,43.1,0.0,0.0,2.0,1.99,2109.0,41.61,0.0,0.0,1.61,1.45,0.0,,,,,,T-90M
ussr_is_1,179.0,62.03,0.04,0.07,3.12,3.33,312.0,51.53,0.0,0.0,2.14,1.15,0.0,,,,,,IS-1
cn_m1a2t,164.0,43.14,0.0,0.0,1.23,1.45,189.0,100.0,0.0,0.0,14.75,3.28,0.0,,,,,,M1A2T
jp_type_3_ka_chi,158.0,83.53,0.06,0.06,11.7,12.59,26.0,,,0.0,,2.0,0.0,,,,,,Ka-Chi
us_halftrack_m3_75mm_gmc,176.0,92.21,0.06,0.08,6.36,5.17,0.0,,,,,,0.0,,,,,,M3_GMC
ussr_t_72av_turms,170.0,45.33,0.0,0.0,1.39,1.85,1284.0,52.08,0.0,0.0,2.29,1.7,0.0,,,,,,T-72AV_(TURMS-T)
it_m4a4_sherman,174.0,68.27,0.03,0.08,2.04,4.03,46.0,88.1,0.0,0.0,2.69,3.28,0.0,,,,,,Sherman_V
sw_sherman_3_4,164.0,72.2,0.0,0.0,5.43,5.1,272.0,58.6,0.0,0.0,5.63,3.21,0.0,,,,,,Sherman_III/IV
i_185_m82,161.0,67.75,5.3,2.98,1.45,0.85,51.0,100.0,3.86,3.45,1.19,0.92,0.0,,,,,,I-185_(M-82)
a_20g_30_ussr,170.0,87.26,0.45,0.44,7.12,6.56,59.0,36.67,0.33,0.2,0.23,0.2,0.0,,,,,,A-20G-30
ussr_zsu_23_4m4,159.0,47.58,1.64,2.31,0.53,0.76,539.0,45.02,1.21,0.87,0.03,0.03,0.0,,,,,,ZSU-23-4M4
germ_pzh_2000,158.0,68.72,0.86,0.72,1.31,1.03,524.0,29.44,0.01,0.01,1.74,0.99,0.0,,,,,,PzH_2000
ussr_is_4m,168.0,77.2,0.0,0.0,1.84,2.02,162.0,47.63,0.0,0.0,2.25,2.09,0.0,,,,,,IS-4M
ussr_t_90m_arena_m,158.0,70.51,0.0,0.0,2.86,2.98,1089.0,46.88,0.0,0.0,1.97,1.54,0.0,,,,,,Т-90М_(Арена-М)
sw_t_34_85_zis_53,159.0,77.63,0.03,0.02,2.12,1.99,561.0,56.63,0.0,0.0,2.77,2.84,0.0,,,,,,T-34-85
germ_pzkpfw_IV_ausf_C,160.0,97.1,0.04,0.05,11.02,12.27,7.0,,,0.0,,0.57,0.0,,,,,,Pz.IV_C
jp_m24_chaffee,166.0,61.93,0.08,0.06,4.56,4.11,1115.0,60.63,0.0,0.0,1.86,1.72,1.0,0.0,0.0,0.0,0.0,0.0,M24
ussr_t_10m,157.0,50.0,0.0,0.0,4.87,2.8,624.0,47.35,0.0,0.0,2.56,1.88,6.0,100.0,0.0,0.0,2.0,2.0,T-10M
ussr_t_44_po,151.0,93.87,0.06,0.06,3.57,4.61,107.0,52.08,0.0,0.0,4.33,3.07,0.0,,,,,,Т-44(ПМ)
ussr_t_54_1949,158.0,41.0,0.0,0.0,1.19,1.59,392.0,51.77,0.0,0.0,1.04,1.26,52.0,100.0,0.0,0.0,4.75,2.76,T-54_(1949)
yak-7b,160.0,96.81,4.92,4.84,2.29,2.48,10.0,50.0,1.9,1.9,0.1,0.1,0.0,,,,,,Yak-7B
germ_pzkpfw_V_ausf_a_panther,144.0,49.16,0.0,0.0,4.6,3.72,676.0,40.81,0.0,0.0,1.39,1.51,0.0,,,,,,Panther_A
ussr_2s1,142.0,42.91,0.03,0.03,0.87,0.85,275.0,35.65,0.0,0.0,0.87,0.7,0.0,,,,,,2S1
fw-190a-4,153.0,67.88,5.23,4.89,0.43,0.39,113.0,51.61,1.84,1.38,1.22,0.83,0.0,,,,,,Fw_190_A-4
cn_t_34_85_zis_53_no215,150.0,90.92,0.0,0.0,5.39,7.08,0.0,,,,,,0.0,,,,,,T-34-85_No.215
ussr_t_34_1941,153.0,91.45,0.0,0.0,5.71,5.04,35.0,50.0,0.0,0.0,2.0,2.39,0.0,,,,,,T-34_(1941)
jp_type_5_ho_ri_production,148.0,81.64,0.0,0.0,4.79,5.11,1932.0,86.37,0.0,0.0,4.46,4.62,0.0,,,,,,Ho-Ri_Production
uk_chieftain_mk_10,144.0,61.18,0.0,0.0,2.89,4.53,201.0,81.04,0.0,0.0,6.7,4.06,0.0,,,,,,Chieftain_Mk_10
germ_panzerjager_tiger,150.0,65.0,0.21,0.14,5.16,5.63,426.0,35.88,0.0,0.0,1.84,1.67,0.0,,,,,,Jagdtiger
yak-9t,144.0,93.82,8.03,5.23,0.3,0.26,93.0,35.71,1.65,1.61,0.39,0.39,0.0,,,,,,Yak-9T
il_magach_5,154.0,86.21,0.04,0.04,4.71,4.8,54.0,47.73,0.0,0.0,1.16,2.25,0.0,,,,,,Magach_5
germ_pzkpfw_IV_ausf_H,142.0,30.71,0.06,0.04,3.46,2.71,394.0,35.46,0.0,0.0,2.2,1.53,0.0,,,,,,Pz.IV_H
germ_pzkpfw_VI_ausf_b_tiger_IIh_sla,141.0,98.92,0.0,0.0,6.86,6.07,827.0,61.36,0.0,0.0,4.92,3.45,0.0,,,,,,Tiger_II_(H)_Sla.16
ussr_su_100p,147.0,61.18,0.0,0.0,2.17,2.51,349.0,29.23,0.0,0.0,2.13,1.95,0.0,,,,,,SU-100P
ussr_kv_1s,152.0,52.99,0.08,0.08,3.27,3.79,201.0,37.81,0.0,0.0,2.15,1.99,0.0,,,,,,KV-1S
f_6c_pakistan,145.0,73.66,6.47,7.2,0.0,0.0,74.0,66.34,3.3,3.42,1.88,2.5,0.0,,,,,,F-6C
cn_m8_scott,138.0,100.0,0.2,0.33,3.65,5.85,27.0,100.0,0.0,0.0,2.0,0.21,0.0,,,,,,M8_HMC_(China)
germ_pzkpfw_V_ausf_f_panther,134.0,69.08,0.0,0.0,4.05,4.13,470.0,44.41,0.0,0.0,1.63,1.69,0.0,,,,,,Panther_F
cn_vt_4b,135.0,45.47,0.0,0.0,1.39,1.78,41.0,58.82,0.0,0.0,2.15,2.74,0.0,,,,,,VT4A1
i_29,142.0,95.77,3.54,3.97,2.19,2.45,0.0,,,,,,0.0,,,,,,I-29
fr_msc,131.0,53.93,0.0,0.0,2.24,2.24,638.0,53.12,0.0,0.0,2.44,2.23,5.0,,,0.0,,1.6,MSC
us_m4a2_76w_sherman,139.0,67.02,0.0,0.0,1.82,1.76,572.0,60.91,0.0,0.0,2.73,2.31,0.0,,,,,,M4A2_(76)_W
il_2m_1943,143.0,92.69,1.43,1.55,4.57,4.97,1.0,,,1.0,,6.0,0.0,,,,,,IL-2M_(1943)
fr_amx_50_surbaisse,139.0,86.11,0.0,0.0,4.54,3.16,411.0,72.06,0.0,0.0,3.98,2.84,0.0,,,,,,AMX-50_Surbaissé
germ_kpz_t72m1,137.0,74.3,0.0,0.0,2.63,2.65,1142.0,44.97,0.0,0.0,1.99,1.91,0.0,,,,,,◊T-72M1
yak-1b,140.0,96.95,3.77,4.46,1.69,1.97,28.0,71.43,2.74,,0.46,,0.0,,,,,,Yak-1B
ussr_t_54_1951,142.0,65.71,0.0,0.0,2.13,2.33,166.0,53.57,0.0,0.0,1.87,1.43,5.0,,,0.0,,1.0,T-54_(1951)
us_m1a2_abrams,136.0,48.49,0.0,0.0,1.6,1.57,1171.0,66.43,0.0,0.0,2.05,1.83,0.0,,,,,,M1A2_Abrams
la-7_dolgushin,128.0,96.24,7.6,11.29,4.44,6.39,59.0,60.12,2.75,5.54,1.44,2.93,0.0,,,,,,Dolgushin's_La-7
p-47d_ussr,140.0,85.96,2.06,1.23,12.94,8.48,104.0,51.57,0.41,0.39,1.93,1.94,0.0,,,,,,P-47D-27
yak-3_eremin,130.0,94.14,4.92,5.24,0.7,0.74,20.0,50.0,4.0,,2.5,,8.0,,,,,,Eremin's_Yak-3(e)
ussr_kv_1_L_11,132.0,100.0,0.0,0.0,5.09,3.62,111.0,37.37,0.0,0.0,5.42,3.01,0.0,,,,,,KV-1_(L-11)
germ_waffentrager_krupp_steyr,128.0,85.95,0.11,0.14,3.15,3.52,136.0,35.81,0.0,0.0,1.96,2.4,0.0,,,,,,Waffenträger
germ_mkpz_m48a2c,135.0,51.79,0.0,0.0,1.12,1.21,499.0,36.42,0.0,0.0,0.98,0.98,47.0,47.31,0.0,0.0,1.43,1.55,M48A2_C
jp_type_97_chi_ha,124.0,100.0,0.0,0.0,10.48,15.53,12.0,,,,,,0.0,,,,,,Chi-Ha
us_m3a1_stuart,139.0,91.19,0.09,0.11,4.37,4.86,54.0,,,0.0,,1.9,0.0,,,,,,M3A1_Stuart
us_m18_hellcat,132.0,58.87,0.05,0.03,1.93,1.65,1713.0,58.81,0.0,0.0,1.91,1.45,38.0,,,0.0,,2.0,M18_GMC
sw_strv_122b_plss,132.0,82.37,0.0,0.0,2.86,3.44,219.0,65.11,0.0,0.0,4.06,3.06,0.0,,,,,,Strv_122B_PLSS
sw_strv121b_christian2,123.0,45.67,0.0,0.0,2.54,2.5,1450.0,53.46,0.0,0.0,2.35,1.86,0.0,,,,,,Christian_II
ussr_su_122_54,128.0,47.42,0.0,0.0,1.42,1.72,307.0,27.15,0.0,0.0,2.73,2.03,0.0,,,,,,SU-122-54
ussr_9a35_m2,126.0,35.75,2.72,5.39,0.88,1.7,11.0,50.0,0.89,1.56,0.0,0.0,0.0,,,,,,Strela-10M2
ussr_t_55_am,119.0,52.31,0.0,0.0,2.67,2.26,504.0,43.38,0.0,0.0,1.53,1.34,10.0,,,0.0,,1.0,T-55AM-1
f-5e,120.0,51.61,2.1,1.92,0.11,0.07,282.0,58.31,1.66,1.78,0.33,0.38,0.0,,,,,,F-5E
germ_begleitpanzer_57,121.0,60.27,0.59,0.85,1.97,2.86,1185.0,51.39,0.23,0.15,1.75,1.21,25.0,0.0,0.0,0.0,1.0,1.0,Begleitpanzer_57
germ_flakpz_I_Gepard,118.0,32.9,0.25,0.38,1.56,1.84,1512.0,33.89,0.22,0.16,0.97,0.68,0.0,,,,,,Gepard
ussr_t_34_57_1943,120.0,72.58,0.0,0.0,2.97,2.89,292.0,53.28,0.0,0.0,3.31,2.58,0.0,,,,,,T-34-57_(1943)
us_xm1_chrysler,121.0,90.65,0.04,0.05,6.36,6.57,1741.0,67.22,0.0,0.0,4.43,3.52,0.0,,,,,,XM1_(Chrysler)
mig_23ml,116.0,60.35,2.78,2.4,0.0,0.0,478.0,57.79,1.52,1.66,0.08,0.08,21.0,,,1.95,,0.0,MiG-23ML
it_m24_chaffee,128.0,83.87,0.01,0.01,3.49,4.02,193.0,49.46,0.0,0.0,2.18,2.01,0.0,,,,,,M24
ussr_kv_7_u13,119.0,93.17,0.08,0.06,7.34,4.66,63.0,50.72,0.0,0.0,3.62,4.51,0.0,,,,,,KV-7_(U-13)
pe-3_bis,123.0,98.39,0.83,0.78,6.05,5.47,0.0,,,,,,0.0,,,,,,Pe-3bis
it_kf_41,118.0,51.08,0.0,0.0,1.97,1.94,105.0,53.72,0.0,0.0,0.92,1.35,0.0,,,,,,KF41
us_m1a1_abrams,122.0,72.84,0.0,0.0,2.0,1.96,1950.0,57.57,0.0,0.0,1.9,1.8,0.0,,,,,,M1A1
ussr_t_44,115.0,61.83,0.0,0.0,4.22,4.31,519.0,43.84,0.0,0.0,2.2,1.83,9.0,,,0.0,,1.0,T-44
av_8a,117.0,59.53,2.52,3.02,1.73,2.45,3.0,0.0,1.0,1.0,0.0,0.0,0.0,,,,,,AV-8A
germ_panzerbefelhswagen_IV_ausf_J,118.0,100.0,0.0,0.0,5.57,5.68,234.0,43.59,0.0,0.0,2.13,1.49,0.0,,,,,,Pz.Bfw.IV
germ_jgdpz_IV_L48,115.0,61.91,0.0,0.0,3.42,3.39,217.0,44.44,0.0,0.0,7.63,2.25,0.0,,,,,,Jagdpanzer_IV
ussr_is_2_1943,119.0,41.94,0.0,0.0,1.45,1.32,641.0,35.72,0.0,0.0,1.42,1.3,0.0,,,,,,IS-2
uk_chieftain_900,118.0,57.93,0.0,0.0,2.62,2.16,154.0,44.62,0.0,0.0,1.69,1.36,0.0,,,,,,Chieftain_900
us_m60_120s,112.0,54.3,0.0,0.0,1.65,2.17,308.0,43.7,0.0,0.0,2.17,1.46,0.0,,,,,,120S
lagg-3-8,114.0,72.05,5.62,3.97,0.86,0.55,0.0,,,,,,0.0,,,,,,LaGG-3-8
us_m26_pershing,112.0,79.86,0.0,0.0,4.02,2.52,183.0,60.97,0.0,0.0,3.76,2.0,108.0,57.53,0.0,0.0,4.13,3.64,M26
pe-2-1,114.0,93.87,0.33,0.34,4.26,4.77,7.0,,,0.0,,0.0,0.0,,,,,,Pe-2-1
germ_kv_1_kwk_40,114.0,55.56,0.0,0.0,4.03,4.57,248.0,63.45,0.0,0.0,8.44,4.62,0.0,,,,,,KW_I_C_756_(r)
us_m4a3e8_76w_sherman,114.0,63.8,0.0,0.0,1.84,2.55,709.0,57.99,0.0,0.0,2.18,2.21,7.0,,,0.0,,1.0,M4A3_(76)_W
uk_sherman_II,107.0,90.86,0.01,0.02,4.3,5.66,34.0,100.0,0.0,0.0,7.17,2.38,0.0,,,,,,Sherman_II
us_m1a2_sep2_abrams_trophy,104.0,84.78,0.13,0.26,5.24,7.17,3002.0,61.73,0.0,0.0,1.98,1.89,26.0,,,0.0,,0.68,M1A2_(Trophy-HV)
cn_m36,113.0,91.13,0.06,0.05,1.76,1.42,118.0,64.04,0.0,0.0,2.98,1.64,0.0,,,,,,M36_GMC_(China)
b_25j_30_vvs_ussr,107.0,80.7,0.34,0.45,2.06,2.42,0.0,,,,,,0.0,,,,,,B-25J-30
germ_leopard_a1a1_120,108.0,50.0,0.0,0.0,1.95,2.55,261.0,31.66,0.0,0.0,4.07,3.18,1.0,,,0.0,,1.0,Leopard_A1A1_(L/44)
ussr_is_2_1944,110.0,0.0,0.0,0.0,5.2,2.18,434.0,41.5,0.0,0.0,2.36,1.89,5.0,,,0.0,,1.0,IS-2_(1944)
us_m2a4,106.0,100.0,0.25,0.59,4.07,8.55,37.0,,,0.0,,3.5,0.0,,,,,,M2A4
la-5_type39,103.0,90.1,5.79,6.7,2.24,2.87,0.0,,,,,,0.0,,,,,,La-5F
f4u-1c,106.0,54.84,2.48,1.82,0.8,0.61,40.0,,,0.04,,0.0,0.0,,,,,,F4U-1C
me-410b-1,105.0,93.55,0.38,0.35,4.25,3.94,0.0,,,,,,0.0,,,,,,Me_410_B-1
cn_m18_hellcat,105.0,66.67,0.0,0.0,4.08,2.66,194.0,69.41,0.0,0.0,2.01,1.6,0.0,,,,,,M18_GMC_(China)
ki_43_3_otsu,109.0,59.52,6.75,5.3,0.33,0.2,376.0,71.54,0.43,0.45,0.94,0.92,0.0,,,,,,Ki-43-III_otsu
us_m1_abrams,102.0,63.8,0.0,0.0,1.89,1.83,1754.0,50.51,0.0,0.0,2.16,1.75,0.0,,,,,,M1_Abrams
germ_panzerjager_tiger_P_ferdinand,104.0,52.53,0.13,0.21,2.95,5.77,413.0,40.27,0.0,0.0,1.78,1.75,0.0,,,,,,Ferdinand
il_merkava_mk_2d,96.0,52.72,0.0,0.0,2.68,3.38,493.0,53.51,0.0,0.0,2.9,2.31,0.0,,,,,,Merkava_Mk.2D
sw_sav_m43_1946,100.0,38.18,0.0,0.0,0.85,1.24,59.0,0.0,0.0,0.0,0.0,0.0,0.0,,,,,,Sav_m/43_(1946)
cn_m4a1_76w_sherman,103.0,13.64,0.14,0.07,5.61,3.62,21.0,100.0,0.0,0.0,5.5,3.21,0.0,,,,,,M4A1_(75)_W_(China)
f-4c,95.0,40.15,1.57,1.19,0.0,0.0,31.0,55.0,1.73,2.83,0.3,0.42,0.0,,,,,,F-4C_Phantom_II
us_t26e4_superpershing,95.0,68.52,0.09,0.17,4.18,5.22,660.0,60.09,0.0,0.0,3.66,3.32,0.0,,,,,,T26E1-1
ussr_t_72b,96.0,67.83,0.0,0.0,1.94,1.79,422.0,42.91,0.0,0.0,1.77,1.15,0.0,,,,,,T-72B
us_m2a4_1st_armor_div,99.0,94.67,0.0,0.0,5.45,7.39,15.0,,,0.0,,0.8,0.0,,,,,,M2A4_(1st_Arm.Div.)
ussr_zsu_29k,103.0,85.81,0.07,0.07,3.58,3.39,17.0,100.0,0.0,0.0,2.0,2.65,0.0,,,,,,YaG-10_(29-K)
us_m60a1_rise_passive_era,102.0,63.05,0.23,0.28,2.33,2.8,488.0,56.02,0.0,0.0,2.08,2.01,0.0,,,,,,M60A1_RISE_(P)
germ_kv_1B_finland,105.0,77.22,0.0,0.0,6.19,14.63,61.0,51.23,0.0,0.0,5.77,10.07,0.0,,,,,,KV-IB
cn_pgz_625_fb10,95.0,37.9,1.27,2.1,0.0,0.0,61.0,100.0,1.5,1.47,0.82,0.86,0.0,,,,,,CS/SA5
p-51_mk1a_usaaf,100.0,53.85,5.87,3.06,0.54,0.23,204.0,65.98,1.28,1.49,1.27,1.5,0.0,,,,,,P-51
yak-9k,95.0,60.19,3.11,4.4,0.0,0.12,1013.0,63.01,0.36,0.31,2.12,1.74,1.0,,,,,,Yak-9K
yak-9u,97.0,70.97,4.86,6.25,0.18,0.22,55.0,75.0,2.38,,1.3,,0.0,,,,,,Yak-9U
yak-9m,96.0,93.01,7.47,8.65,0.42,0.46,22.0,100.0,7.67,1.0,2.5,0.0,0.0,,,,,,Golovachev's_Yak-9M
fr_m4a1_sherman_fl_10,94.0,63.24,0.0,0.0,4.11,3.4,80.0,100.0,0.0,0.0,3.75,1.91,0.0,,,,,,M4A1_(FL10)
sw_t_28,94.0,55.0,0.0,0.0,4.88,3.74,18.0,,,0.0,,2.0,0.0,,,,,,T-28
fr_leopard_2a4nl_les,87.0,65.08,0.0,0.0,1.89,2.54,988.0,55.54,0.0,0.0,2.16,1.72,0.0,,,,,,Leopard_2_(OTCo)
sw_pbv_501,97.0,3.45,0.01,0.01,1.12,0.46,457.0,42.14,0.0,0.0,1.16,0.79,0.0,,,,,,Pbv_501
us_m18_super_hellcat,88.0,85.48,0.08,0.09,2.67,2.86,396.0,67.45,0.0,0.0,2.94,2.07,7.0,,,,,,Super_Hellcat
us_m1a1_aim_abrams,92.0,65.67,0.0,0.0,1.4,3.22,1617.0,62.52,0.0,0.0,2.23,1.82,8.0,,,0.0,,2.0,M1A1_AIM
cn_t_34_85_d_5t,92.0,90.05,0.05,0.07,2.81,3.05,195.0,68.55,0.0,0.0,4.11,3.14,0.0,,,,,,Т-34-85_(S-53)_(China)
us_t25,90.0,80.56,0.0,0.0,4.5,2.23,130.0,27.27,0.0,0.0,6.36,5.62,31.0,0.0,0.0,0.0,1.0,1.0,T25
ussr_bt_7_1937,90.0,66.67,0.0,0.0,8.4,9.01,83.0,90.0,0.0,0.0,2.6,1.72,0.0,,,,,,BT-7
sw_strv_122,95.0,66.8,0.0,0.0,3.05,3.24,182.0,49.62,0.0,0.0,2.85,1.91,0.0,,,,,,Strv_122A
us_m1_ip_abrams,91.0,52.78,0.0,0.0,2.25,1.75,840.0,53.24,0.0,0.0,2.35,2.45,0.0,,,,,,IPM1
sw_t_54_1951,89.0,51.61,0.22,0.22,1.39,1.47,253.0,48.36,0.0,0.0,1.26,1.39,0.0,,,,,,T-54
germ_leopard_2a4m_can_sm,89.0,50.0,0.0,0.0,1.14,1.14,1395.0,43.38,0.0,0.0,1.37,1.15,0.0,,,,,,◍Leopard_2A4M
germ_pz_IV_L70_A,89.0,96.0,0.0,0.0,4.88,4.66,85.0,32.5,0.0,0.0,4.35,2.65,0.0,,,,,,Panzer_IV/70(A)
us_m41_walker_bulldog,89.0,60.0,0.15,0.19,2.65,2.94,921.0,55.56,0.0,0.0,1.11,0.92,0.0,,,,,,M41A1
it_pzh_2000_hu,84.0,37.46,1.25,1.68,1.89,2.68,24.0,,,0.0,,1.54,0.0,,,,,,PzH_2000HU
ussr_t_34E,86.0,66.94,0.0,0.0,2.13,4.48,17.0,72.73,0.0,0.0,1.27,1.27,0.0,,,,,,T-34E
saab_b3c,85.0,100.0,1.71,1.05,36.66,23.09,0.0,,,,,,0.0,,,,,,B3C
germ_erprobungstrager_3_achs_turm,87.0,51.39,0.0,0.0,2.16,2.16,1503.0,41.28,0.0,0.0,2.59,1.67,0.0,,,,,,Turm_III
p-51d-20-na_iaf,79.0,74.26,2.12,1.22,0.41,0.36,17.0,,,0.47,,2.53,0.0,,,,,,P-51D-20-NA_(Israel)
sw_ikv_103,90.0,42.61,0.0,0.0,1.38,1.68,143.0,36.51,0.0,0.0,0.77,0.89,0.0,,,,,,Ikv_103
fr_leopard_2a4nl,80.0,50.0,0.0,0.0,2.0,2.7,70.0,94.44,0.0,0.0,4.0,2.93,0.0,,,,,,Leopard_2A4NL
germ_flakpanzer_IV_Ostwind,86.0,50.0,2.59,3.83,2.42,3.45,189.0,34.91,0.49,0.52,1.48,0.74,0.0,,,,,,Ostwind
fr_sk105_a2,87.0,94.23,0.0,0.0,3.0,2.49,268.0,50.97,0.0,0.0,2.05,2.07,0.0,,,,,,SK-105A2
uk_sherman_vc_firefly,85.0,61.02,0.0,0.0,2.07,2.82,388.0,58.09,0.0,0.0,3.29,2.11,0.0,,,,,,Sherman_Firefly
cn_mbt2000,80.0,63.34,0.3,0.3,2.66,2.66,71.0,70.54,0.0,0.0,1.79,1.97,0.0,,,,,,MBT-2000
ussr_t_72b_1989,80.0,63.07,0.0,0.0,2.46,3.03,317.0,41.67,0.0,0.0,2.3,2.0,0.0,,,,,,T-72B_(1989)
ussr_t_55a,89.0,50.0,0.0,0.0,1.96,2.13,1187.0,49.02,0.0,0.0,1.83,1.42,0.0,,,,,,T-55A
sw_pvkv_II,86.0,98.4,0.0,0.0,6.41,6.29,83.0,51.33,0.0,0.0,4.0,2.96,0.0,,,,,,Pvkv_II
ussr_m53_59,81.0,41.4,2.73,5.05,0.27,0.52,659.0,29.07,0.85,0.8,0.41,0.39,3.0,,,,,,M53/59
germ_leopard_2a4_pzbtl_123,80.0,77.78,0.0,0.0,3.72,2.83,1532.0,45.28,0.0,0.0,1.7,1.46,17.0,,,0.0,,1.0,Leopard_2_(PzBtl_123)
me_264,79.0,100.0,0.91,0.79,6.86,5.8,0.0,,,,,,0.0,,,,,,Me_264
do_217e_2,78.0,95.16,0.29,0.26,5.47,5.39,36.0,50.0,0.0,0.0,0.5,1.0,0.0,,,,,,Do_217_E-2
bf-109f-2,75.0,100.0,18.24,8.82,3.76,1.54,25.0,,,0.0,,1.0,0.0,,,,,,Bf_109_F-2
us_xm_803,78.0,100.0,0.0,0.0,6.72,5.76,2597.0,58.04,0.0,0.0,2.08,1.88,0.0,,,,,,XM803
il_centurion_shot_kal_alef,86.0,60.0,0.2,0.3,2.18,3.13,100.0,63.94,0.0,0.0,1.43,1.21,0.0,,,,,,Sho't_Kal_Alef
sw_charioteer_mk_7,76.0,59.2,0.0,0.0,1.09,1.0,279.0,31.69,0.0,0.0,1.49,0.79,0.0,,,,,,Charioteer_Mk_VII
us_t1e1,76.0,73.46,0.0,0.0,1.9,1.62,120.0,54.48,0.0,0.0,2.09,3.27,0.0,,,,,,T1E1
f8f1,75.0,50.0,2.0,1.87,0.75,1.63,306.0,52.5,0.43,0.28,2.09,1.25,1.0,,,0.0,,0.0,F8F-1
il_8_1944,83.0,78.26,2.48,1.82,5.23,3.98,34.0,42.11,0.21,0.08,2.42,1.62,0.0,,,,,,IL-8_(1944)
uk_a17_mk_1_tetrarch,79.0,90.86,0.0,0.0,6.34,5.63,44.0,0.0,0.0,0.0,3.44,1.33,0.0,,,,,,Tetrarch_I
f_15c_msip2,77.0,55.33,1.18,0.94,1.03,0.63,208.0,58.57,1.74,1.68,0.07,0.08,22.0,,,0.5,,0.0,F-15C_MSIP_II
jp_tkx_prot,71.0,56.32,0.0,0.0,5.83,6.02,1197.0,55.98,0.0,0.0,1.91,1.71,0.0,,,,,,TKX
mig_3_series_1_15,74.0,100.0,6.03,5.54,1.04,1.01,16.0,100.0,3.93,,0.0,,0.0,,,,,,MiG-3-15
ussr_kv_2_zis_6,72.0,87.95,0.03,0.19,5.67,7.94,64.0,50.0,0.0,0.0,3.02,4.61,0.0,,,,,,KV-2_(ZiS-6)
fw-190d-9,79.0,70.0,4.01,3.24,0.39,0.32,278.0,39.58,1.09,1.11,0.89,0.86,0.0,,,,,,Fw_190_D-9
uk_fv107_scimitar,75.0,50.0,0.0,0.0,1.5,1.5,149.0,66.77,0.0,0.0,2.57,1.27,0.0,,,,,,Scimitar
f-8e,78.0,70.83,2.01,1.23,0.41,0.22,37.0,50.0,1.59,3.18,0.0,0.0,0.0,,,,,,F-8E
ussr_t_34_85_stp_s53,79.0,52.15,0.0,0.0,2.68,2.82,1512.0,50.91,0.0,0.0,2.35,1.97,0.0,,,,,,Т-34-85_(СТП)
p-63c-5_ussr,73.0,100.0,0.84,0.74,6.05,5.3,51.0,100.0,0.79,0.95,3.35,3.44,0.0,,,,,,P-63C-5
it_leopard_2a7_hungary,74.0,76.34,0.0,0.0,6.13,7.16,202.0,75.7,0.0,0.0,5.13,4.52,0.0,,,,,,Leopard_2A7HU
itp_m1,73.0,93.82,3.09,2.7,3.19,2.51,64.0,51.96,0.96,1.0,1.41,1.43,0.0,,,,,,ITP_(M-1)
me-410a-1,74.0,89.25,0.93,0.85,4.82,4.6,30.0,50.0,0.0,0.0,1.7,1.81,0.0,,,,,,Me_410_A-1
sw_strf_90c,71.0,50.0,0.74,0.81,2.98,2.41,386.0,53.08,0.1,0.1,1.6,1.43,0.0,,,,,,Strf_9040C
bf_110g_4,72.0,100.0,0.96,0.71,4.61,3.21,0.0,,,,,,0.0,,,,,,Bf_110_G-4
f_15c_golden_eagle,75.0,63.46,2.42,1.88,0.22,0.15,312.0,53.87,2.66,2.4,0.17,0.19,50.0,50.0,0.83,1.37,0.0,0.0,F-15C_Golden_Eagle
us_m60a1,74.0,63.79,0.0,0.0,0.95,0.86,423.0,55.8,0.0,0.0,1.68,1.49,0.0,,,,,,M60A1_(AOS)
uk_challenger_1_mk_3_gulf,71.0,71.15,0.0,0.0,4.4,3.23,761.0,48.27,0.0,0.0,2.79,2.33,25.0,,,0.0,,0.76,Challenger_DS
ussr_t_80ud,74.0,55.07,0.0,0.0,3.01,2.56,2403.0,48.32,0.0,0.0,1.57,1.43,0.0,,,,,,T-80UD
il_m_51,72.0,100.0,0.33,0.13,3.33,1.22,708.0,46.1,0.0,0.0,3.22,1.48,0.0,,,,,,M-51
ussr_bmp_1,76.0,57.78,0.0,0.0,0.1,0.18,265.0,48.91,0.0,0.0,0.88,0.94,0.0,,,,,,BMP-1
fr_m4a4_sherman,70.0,,,0.0,,4.31,83.0,96.3,0.0,0.0,5.39,3.72,0.0,,,,,,M4A4
jp_type_99,71.0,39.29,0.24,0.35,1.07,0.96,482.0,75.82,0.63,0.93,1.23,1.83,0.0,,,,,,Type_99
us_m1a2_sep3_abrams,69.0,76.67,0.0,0.0,4.08,4.42,3574.0,57.59,0.0,0.0,2.08,1.98,0.0,,,,,,M1A2_SEPv3
f-4e,74.0,56.52,2.57,1.94,2.02,1.64,318.0,64.0,2.26,2.86,1.1,1.25,32.0,50.0,1.77,3.5,3.0,5.63,F-4E_Phantom_II
us_m36b2,73.0,65.56,0.0,0.0,1.65,2.21,470.0,55.79,0.0,0.0,1.89,1.43,0.0,,,,,,M36B2
ussr_t_80u,73.0,79.68,0.0,0.0,0.72,1.99,1024.0,48.26,0.0,0.0,1.67,1.39,0.0,,,,,,T-80U
su_30sm,71.0,46.15,3.65,2.74,0.0,0.0,422.0,56.29,0.95,1.19,1.08,1.38,45.0,,,1.0,,1.41,Су-30СМ
germ_pzkpfw_VI_ausf_h1_tiger_animal_version,72.0,54.69,0.13,0.12,3.01,3.47,17.0,50.0,0.0,0.0,2.76,5.53,0.0,,,,,,␠Tiger
jp_type_5_ho_ri_prototype,83.0,80.61,0.05,0.05,5.41,3.69,826.0,55.8,0.0,0.0,4.24,3.21,0.0,,,,,,Ho-Ri_Prototype
sw_lvkv_42,68.0,53.85,0.0,0.0,2.81,2.81,154.0,42.59,0.29,0.53,0.64,1.05,0.0,,,,,,Lvkv_42
jp_navy_120mm_spg,75.0,59.26,0.0,0.0,3.38,2.82,125.0,86.51,0.0,0.0,4.86,2.51,0.0,,,,,,Chi-Ha_LG
sw_ikv_91,79.0,50.96,0.01,0.01,0.83,0.87,425.0,43.8,0.0,0.0,1.1,1.24,0.0,,,,,,Ikv_91
germ_pzkpfw_II_ausf_H,68.0,64.58,0.44,0.7,8.38,12.48,43.0,36.84,0.0,0.0,2.76,2.75,0.0,,,,,,Pz.II_H
p-47d_30_china,69.0,31.48,1.74,1.84,0.25,0.28,70.0,45.24,0.07,0.07,1.16,0.81,0.0,,,,,,P-47D-30_(China)
mig_29m_9_15,75.0,50.0,1.98,1.68,0.37,0.29,322.0,45.8,0.57,0.59,0.32,0.35,14.0,,,1.0,,1.0,МиГ-29М_(9-15)
ussr_t_80um2,70.0,72.99,0.0,0.0,2.33,2.81,66.0,50.0,0.0,0.0,1.59,1.32,0.0,,,,,,T-80UM2
fa_18e_block_2,68.0,64.29,2.54,1.91,0.41,0.16,629.0,66.9,1.09,1.09,0.65,0.65,28.0,,,1.0,,0.0,F/A-18E
us_m4a3e2_76w_sherman_jumbo,69.0,68.18,0.0,0.0,3.0,2.01,807.0,71.65,0.01,0.01,5.01,3.66,0.0,,,,,,M4A3E2_(76)_W
i_225,69.0,44.44,3.17,2.37,0.14,0.08,61.0,19.57,2.35,2.05,1.17,0.91,0.0,,,,,,I-225
germ_mkpz_m48a2ga2,64.0,73.19,0.0,0.0,1.4,1.83,407.0,36.34,0.0,0.0,1.62,1.51,0.0,,,,,,M48A2_G_A2
ussr_t_64_b_1984,67.0,50.0,0.0,0.0,1.63,1.78,442.0,48.84,0.0,0.0,1.9,1.49,0.0,,,,,,T-64B
sw_strv_74,65.0,100.0,0.0,0.0,3.04,1.57,344.0,54.52,0.0,0.0,2.54,1.51,0.0,,,,,,Strv_74
yak_2_kabb,67.0,100.0,3.14,3.55,5.63,6.26,0.0,,,,,,0.0,,,,,,Yak-2_KABB
p-40e_ussr,67.0,70.43,3.73,4.84,0.72,0.93,11.0,,,0.0,,1.0,0.0,,,,,,P-40E-1
yak-9b,71.0,96.84,4.31,3.73,9.94,8.23,14.0,,,0.0,,1.0,0.0,,,,,,Yak-9B
it_m26a1_pershing,57.0,75.0,0.0,0.0,3.09,4.09,73.0,45.16,0.0,0.0,1.56,1.63,0.0,,,,,,M26A1
su_27sm,70.0,40.38,2.01,2.01,0.16,0.16,220.0,72.99,2.65,3.21,0.01,0.01,18.0,,,1.0,,0.0,Su-27SM
yak-9,68.0,97.78,3.78,3.54,0.69,0.5,17.0,,,,,,0.0,,,,,,Yak-9
uk_sherman_ic_firefly,65.0,100.0,0.0,0.0,3.09,3.08,99.0,35.51,0.0,0.0,1.52,1.39,0.0,,,,,,"Sherman_IC_""Trzyniec"""
sw_l_62_anti_II,67.0,25.0,0.75,0.63,3.44,3.05,156.0,25.55,0.0,0.0,3.69,1.62,0.0,,,,,,L-62_ANTI_II
germ_jgdpz_38t,65.0,48.0,0.0,0.0,1.56,2.3,49.0,25.81,0.0,0.0,1.81,2.19,0.0,,,,,,Jagdpanzer_38(t)
fa_18c_late,68.0,50.0,1.93,1.44,0.37,0.26,126.0,65.38,0.78,0.6,0.45,0.32,0.0,,,,,,F/A-18C_Late
jp_m47_patton_II,64.0,66.67,0.0,0.0,1.3,1.28,516.0,80.37,0.0,0.0,2.26,2.24,0.0,,,,,,M47
f6f-5n,66.0,33.33,1.6,1.64,0.66,0.67,146.0,47.96,0.58,0.69,0.74,0.92,0.0,,,,,,F6F-5N
us_t1e1_90,63.0,100.0,0.0,0.0,1.43,2.02,212.0,30.11,0.0,0.0,3.66,2.71,0.0,,,,,,T1E1_(90)
yak-3,66.0,94.93,7.53,7.56,1.2,1.17,107.0,40.15,3.25,4.1,0.69,0.58,0.0,,,,,,Yak-3
ussr_t_62m1,64.0,60.78,0.0,0.0,3.73,3.82,690.0,52.51,0.0,0.0,1.25,1.3,0.0,,,,,,T-62M-1
us_m4a2_sherman,67.0,96.0,0.56,0.68,6.26,6.92,393.0,59.12,0.0,0.0,4.37,3.67,0.0,,,,,,M4A2
us_m1a2_sep2_abrams,62.0,39.33,0.0,0.0,0.63,0.48,2045.0,58.12,0.0,0.0,1.88,1.66,27.0,0.0,0.0,0.0,1.0,1.0,M1A2_SEP_V2
yak-4,62.0,100.0,0.37,0.4,8.72,9.4,0.0,,,,,,0.0,,,,,,Yak-4
us_m18_hellcat_kit_3rank,63.0,100.0,0.3,0.3,7.41,7.41,103.0,69.35,0.0,0.0,2.13,1.73,0.0,,,,,,Hellcat_(Hell)
ki_43_1,65.0,100.0,6.59,3.67,1.0,0.6,0.0,,,,,,0.0,,,,,,Ki-43-I
pe-2-31,62.0,100.0,0.0,0.0,4.88,4.36,0.0,,,,,,0.0,,,,,,Pe-2-31
fr_jaguar_ebrc,60.0,50.0,0.5,0.5,2.38,2.38,330.0,48.47,0.0,0.0,1.54,1.1,0.0,,,,,,EBRC_Jaguar
us_t29,59.0,93.94,0.0,0.0,10.22,6.49,1374.0,60.79,0.0,0.0,4.66,2.84,0.0,,,,,,T29
germ_radpanzer_90,59.0,66.67,0.0,0.0,2.0,1.1,489.0,52.78,0.0,0.0,2.12,1.41,0.0,,,,,,Radkampfwagen_90
germ_pzkpfw_IV_ausf_F2,65.0,63.04,0.0,0.0,5.8,5.22,258.0,37.2,0.0,0.0,5.97,3.81,0.0,,,,,,Pz.IV_F2
germ_pzkpfw_IV_ausf_J,58.0,45.99,0.08,0.13,0.94,1.66,49.0,48.08,0.0,0.0,1.23,0.94,0.0,,,,,,Pz.IV_J
p-51d-30_usaaf_korea,61.0,66.67,2.35,2.01,0.73,0.59,151.0,52.3,1.25,1.96,0.72,1.15,56.0,100.0,9.0,3.0,0.0,0.0,P-51D-30
it_pzkpfw_VI_ausf_e_tiger,63.0,100.0,0.0,0.0,9.94,8.3,277.0,71.32,0.0,0.0,6.14,3.5,0.0,,,,,,Tigris
germ_pzkpfw_IV_ausf_G,61.0,91.4,0.0,0.0,2.17,2.63,125.0,45.7,0.0,0.0,1.65,1.89,0.0,,,,,,Pz.IV_G
uk_matilda_hedgehog,63.0,66.67,0.3,0.5,4.7,7.0,0.0,,,,,,0.0,,,,,,Matilda_Hedgehog
uk_a_13_mk1,59.0,88.71,0.0,0.0,8.76,7.3,0.0,,,,,,0.0,,,,,,A13_Mk_I
p-51d-20-na,60.0,84.48,7.05,7.63,0.38,0.27,177.0,64.57,0.38,0.44,1.35,1.52,14.0,,,1.14,,0.0,P-51D-20-NA
f4u-1d,59.0,87.63,2.71,2.37,4.36,3.86,26.0,,,1.42,,1.63,0.0,,,,,,F4U-1D
f_16c_block_50,61.0,56.0,1.36,1.36,1.68,1.68,588.0,58.6,0.71,1.0,0.82,1.15,40.0,,,1.3,,0.0,F-16C
ussr_t_80b,60.0,100.0,0.0,0.0,2.54,1.78,1303.0,53.18,0.0,0.0,2.13,1.74,0.0,,,,,,T-80B
yak-1_early,61.0,100.0,6.02,3.55,1.86,1.06,30.0,,,1.02,,0.85,0.0,,,,,,Yak-1
f8u-2,56.0,47.31,1.39,2.23,0.0,0.0,99.0,44.62,0.86,1.17,0.31,0.31,0.0,,,,,,F8U-2
ussr_pt_76b,61.0,,,0.0,,0.96,776.0,47.39,0.0,0.0,1.22,0.85,11.0,,,0.0,,0.0,PT-76B
hellcat_fmk1,63.0,100.0,2.51,2.35,3.67,3.34,18.0,61.67,0.33,0.33,1.47,1.57,62.0,50.0,0.5,0.17,2.15,1.68,Hellcat_Mk_II
it_c1_ariete_certezza,55.0,61.81,0.0,0.0,2.3,3.3,812.0,62.47,0.0,0.0,2.45,1.84,0.0,,,,,,Ariete_Сertezza
us_m1a2_sep_abrams,65.0,53.7,0.0,0.0,1.39,2.01,1393.0,56.85,0.0,0.0,1.76,1.58,7.0,,,,,,M1A2_SEP
us_m4a1_76w_sherman,60.0,66.36,0.0,0.0,1.87,1.71,404.0,53.37,0.0,0.0,4.25,2.31,7.0,,,0.0,,2.0,M4A1_(76)_W
f6f-3,55.0,85.56,0.58,0.45,7.18,6.09,96.0,77.42,0.85,0.55,4.74,2.76,0.0,,,,,,F6F-5
uk_challenger_1,55.0,53.85,0.0,0.0,4.19,2.77,257.0,54.33,0.0,0.0,5.35,2.54,0.0,,,,,,Challenger_Mk.2
su-8,56.0,100.0,0.71,0.55,4.31,3.5,1.0,,,0.0,,1.0,0.0,,,,,,Su-8
germ_flakpanzer_I_ausf_A,59.0,85.42,0.14,0.18,5.06,8.41,7.0,,,0.0,,0.0,0.0,,,,,,Flakpanzer_I
germ_leopard_2a7v,61.0,61.67,0.0,0.0,3.04,3.4,2125.0,48.64,0.0,0.0,2.26,1.88,0.0,,,,,,Leopard_2A7V
germ_thyssen_henschel_tam,60.0,50.0,0.0,0.0,1.1,2.19,870.0,42.43,0.0,0.0,1.66,1.22,8.0,100.0,0.0,0.0,1.0,1.0,TAM
germ_pzkpfw_III_ausf_E,55.0,92.9,0.0,0.0,6.57,8.54,47.0,0.0,0.0,0.0,2.67,1.25,0.0,,,,,,Pz.III_E
fr_amx_13_chaffee,55.0,50.0,0.48,0.44,2.48,2.6,115.0,88.74,0.0,0.0,3.69,3.3,0.0,,,,,,AMX-13-M24
fw-190a-5_u2,58.0,69.05,2.34,2.43,0.64,0.74,0.0,,,,,,0.0,,,,,,Fw_190_A-5/U2
mig-21_s,57.0,60.53,2.47,2.35,0.0,0.0,79.0,68.18,2.42,2.72,0.11,0.7,11.0,,,,,,MiG-21S_(R-13-300)
ffvs_j22_b,56.0,50.0,2.73,2.06,0.0,0.0,13.0,,,,,,0.0,,,,,,J22-B
germ_le_kpz_m41,59.0,32.76,0.0,0.0,0.33,0.28,994.0,43.34,0.0,0.0,0.98,0.85,0.0,,,,,,leKPz_M41
fr_amx_13_90,58.0,88.1,0.0,0.0,2.82,2.23,81.0,59.65,0.0,0.0,2.45,4.37,0.0,,,,,,AMX-13-90
uk_shir_2,54.0,74.07,0.0,0.0,2.83,2.81,226.0,86.23,0.0,0.0,6.99,3.8,0.0,,,,,,FV4030/3
us_m24_chaffee,57.0,89.29,0.11,0.14,4.29,4.47,518.0,51.6,0.0,0.0,3.42,1.75,0.0,,,,,,M24
bf-109g-6_erla_finland,54.0,,,2.3,,0.79,5.0,,,,,,0.0,,,,,,Bf_109_G-6_Erla
it_leopard_2a4,52.0,50.0,0.0,0.0,3.35,6.69,196.0,61.57,0.0,0.0,2.41,1.65,0.0,,,,,,◔Leopard_2A4
pe-2-83,54.0,100.0,0.6,0.48,3.78,3.03,8.0,100.0,0.0,0.0,0.0,0.0,0.0,,,,,,Pe-2-83
ussr_su_85m,55.0,50.0,0.0,0.0,2.36,2.48,95.0,46.15,0.0,0.0,1.3,1.49,0.0,,,,,,SU-85M
fr_amx_m4,54.0,0.0,0.0,0.0,4.0,2.0,802.0,64.2,0.0,0.0,2.01,1.98,24.0,,,0.0,,2.95,AMX_M4
ussr_su_100_1945,51.0,72.73,0.0,0.0,1.35,1.39,48.0,10.0,0.0,0.0,0.9,1.5,0.0,,,,,,SU-100
ussr_kv_8,56.0,90.28,0.0,0.0,1.73,1.92,46.0,50.0,0.0,0.0,4.5,2.68,0.0,,,,,,КВ-8
jp_type_16_mod,56.0,50.0,0.0,0.0,0.5,0.34,668.0,63.26,0.0,0.0,2.31,1.69,0.0,,,,,,Type_16_(FPS)
p-63a-10_ussr,52.0,100.0,1.0,0.88,4.03,3.88,100.0,100.0,0.27,0.47,3.08,4.22,0.0,,,,,,P-63A-10
us_m4a3e2_sherman_jumbo_cobra_king,56.0,100.0,0.0,0.0,3.0,2.67,228.0,56.42,0.0,0.0,3.06,2.72,0.0,,,,,,Cobra_King
ussr_bt_5,53.0,0.0,0.0,0.0,8.58,5.74,516.0,51.84,0.0,0.0,1.77,1.19,0.0,,,,,,BT-5
av_8c,49.0,50.0,1.41,1.52,0.5,0.66,15.0,50.0,0.5,0.33,1.0,2.8,0.0,,,,,,AV-8C
yak-15_early,54.0,50.0,1.5,2.13,0.0,0.0,30.0,100.0,2.57,2.0,0.57,0.36,0.0,,,,,,Yak-15P
fr_lorraine_100,52.0,54.0,0.0,0.0,1.08,0.96,69.0,64.29,0.0,0.0,1.91,2.8,0.0,,,,,,CA_Lorraine
us_m19,50.0,32.14,0.43,0.7,0.47,0.68,65.0,0.0,0.32,0.3,2.36,2.25,0.0,,,,,,M19A1
uk_sherman_vc_firefly_kit_3rank,50.0,100.0,0.0,0.0,2.33,1.58,61.0,100.0,0.0,0.0,4.0,3.07,0.0,,,,,,Firefly_(Overlord)
sw_kv_1_1942_fin,55.0,50.0,0.0,0.0,2.08,2.56,83.0,31.5,0.0,0.0,4.25,3.89,0.0,,,,,,KV-1_m1942
us_t20,57.0,100.0,0.0,0.0,8.33,5.54,2626.0,65.92,0.0,0.0,3.88,3.51,25.0,,,0.0,,7.4,T20
i-16_type27,49.0,,,3.01,,0.0,9.0,100.0,2.0,,6.0,,0.0,,,,,,I-16_type_27
us_m4_t26,44.0,0.0,0.0,0.0,3.67,1.94,350.0,57.94,0.0,0.0,2.35,2.1,0.0,,,,,,M4/T26
ussr_asu_85,55.0,46.33,0.0,0.0,0.96,0.64,186.0,36.13,0.0,0.0,2.01,1.08,0.0,,,,,,ASU-85
germ_sdkfz_6_2_flak36,50.0,100.0,1.35,1.35,12.0,12.0,12.0,,,,,,0.0,,,,,,Sd.Kfz._6/2
he_115a_2_sweden,50.0,100.0,0.4,0.43,8.85,9.36,0.0,,,,,,0.0,,,,,,T_2
germ_sturmpanzer_IV_brummbar,53.0,91.95,0.0,0.0,3.34,3.6,71.0,100.0,0.0,0.0,1.0,3.37,0.0,,,,,,Brummbär
it_semovente_m41m_90,51.0,100.0,0.0,,3.14,,52.0,37.5,0.0,0.0,2.19,1.81,0.0,,,,,,90/53_M41M
sw_ikv_72,50.0,56.45,0.0,0.0,1.47,2.08,0.0,,,,,,0.0,,,,,,Ikv_72
fr_m4a1_sherman,49.0,,,0.0,,2.89,88.0,100.0,0.0,0.0,4.19,2.5,0.0,,,,,,M4A1
f_16a_block_15_adf,51.0,50.0,1.43,1.72,0.5,0.41,71.0,50.0,1.23,0.69,0.0,0.0,22.0,,,1.14,,0.0,F-16A_ADF
su_30sm2,52.0,46.15,3.4,3.4,0.0,0.0,1120.0,59.25,1.04,1.28,1.7,2.1,3.0,,,,,,Су-30СМ2
uk_a_22f_mk_7_churchill_1944,48.0,53.33,0.0,0.0,5.44,7.48,502.0,74.01,0.0,0.0,4.74,3.43,0.0,,,,,,Churchill_VII
us_xm246,54.0,69.65,0.37,0.57,1.64,2.36,1708.0,55.63,0.23,0.2,1.65,1.42,0.0,,,,,,XM246
uk_fv721_fox,50.0,50.0,0.0,0.0,1.0,2.0,681.0,61.36,0.04,0.04,1.92,1.84,0.0,,,,,,Fox
cn_ztz_99a,47.0,63.33,0.0,0.0,4.1,4.72,284.0,73.48,0.0,0.0,3.12,2.31,0.0,,,,,,ZTZ99A
ussr_object_279,45.0,100.0,0.0,0.0,5.98,5.98,218.0,76.4,0.0,0.0,6.36,3.31,3.0,,,0.0,,1.0,Object_279
il_magach_6_rocket,52.0,44.44,0.0,0.0,2.42,1.64,113.0,92.59,0.0,0.0,6.66,3.28,0.0,,,,,,Magach_Hydra
us_t26e5,49.0,50.0,0.2,0.3,2.44,3.71,1134.0,61.79,0.0,0.0,4.07,3.07,0.0,,,,,,T26E5
us_m60a2,48.0,63.79,0.0,0.0,1.57,1.6,87.0,57.69,0.0,0.0,3.77,2.81,0.0,,,,,,M60A2
fr_amx_13_dca_40,47.0,100.0,0.0,0.08,1.0,0.19,263.0,69.95,0.03,0.01,1.34,0.94,0.0,,,,,,AMX-13_DCA_40
us_m3_bradley,48.0,50.0,0.0,0.0,0.24,0.22,469.0,57.76,0.0,0.0,1.44,1.26,0.0,,,,,,M3_Bradley
typhoon_mk1b_late,47.0,0.0,3.6,2.38,0.73,0.54,102.0,61.49,1.3,1.78,2.18,2.9,0.0,,,,,,Typhoon_Mk_Ib/L
p-51d-20_china,48.0,100.0,3.43,1.55,1.0,0.32,48.0,100.0,0.0,0.0,1.0,0.11,0.0,,,,,,P-51D-20_(China)
uk_ac1_sentinel,48.0,100.0,0.0,0.0,0.54,0.27,3.0,,,0.0,,2.0,0.0,,,,,,A.C.I
ussr_pzkpfw_V,48.0,100.0,0.0,0.0,6.96,6.83,117.0,77.53,0.0,0.0,2.52,1.8,0.0,,,,,,T-V
it_m26_ariete,39.0,66.67,0.0,0.0,3.82,5.69,27.0,100.0,0.0,0.0,4.08,2.58,0.0,,,,,,"M26_""D.C.Ariete"""
it_c1_ariete_preserie,44.0,66.67,0.0,0.0,3.48,5.65,371.0,57.04,0.0,0.0,2.54,2.31,0.0,,,,,,Ariete_(P)
it_centauro_rgo_120,48.0,67.24,0.0,0.0,2.34,3.69,189.0,54.84,0.0,0.0,3.03,2.58,0.0,,,,,,Centauro_RGO
f4u-1a,43.0,95.56,2.53,2.25,0.96,0.91,32.0,50.0,1.5,3.0,2.5,5.0,0.0,,,,,,F4U-1A
ussr_t_72b3_2011,44.0,50.0,0.02,0.02,1.5,2.52,1311.0,52.07,0.0,0.0,1.73,1.45,0.0,,,,,,T-72B3
lagg-3-35,46.0,100.0,3.4,2.48,1.0,1.38,0.0,,,,,,0.0,,,,,,LaGG-3-35
ussr_is_3,43.0,47.06,0.0,0.0,1.31,2.18,189.0,44.28,0.0,0.0,2.62,2.42,0.0,,,,,,IS-3
firefly_mk4_netherlands,47.0,2.94,2.47,1.68,1.35,0.74,78.0,96.38,0.74,0.54,2.0,2.76,0.0,,,,,,◘Firefly_F.Mk.IV
germ_kanonenjagdpanzer,46.0,100.0,0.0,0.0,1.85,1.0,114.0,3.16,0.0,0.0,3.02,0.95,16.0,0.0,0.0,0.0,1.0,1.0,JPz_4-5
us_m36,49.0,71.05,0.0,0.0,1.84,1.75,283.0,49.14,0.0,0.0,2.95,3.12,0.0,,,,,,M36_GMC
uk_valentine_mk_11,45.0,84.26,0.14,1.0,7.92,18.75,1.0,,,,,,0.0,,,,,,Valentine_XI
sw_bkan_1c,45.0,36.54,1.52,3.0,0.37,0.9,236.0,28.25,0.5,0.27,1.92,1.19,0.0,,,,,,Bkan_1C
germ_kv_2_754r,47.0,66.67,0.0,0.0,4.43,11.0,21.0,,,0.0,,3.37,0.0,,,,,,KW_II_754_(r)
germ_leopard_2a6,48.0,63.34,0.0,0.0,1.61,2.23,972.0,44.72,0.0,0.0,1.91,1.6,0.0,,,,,,Leopard_2A6
germ_stug_III_ausf_G,45.0,93.55,0.0,0.0,3.6,2.33,173.0,31.99,0.0,0.0,2.85,2.12,0.0,,,,,,StuG_III_G
il_magach_2,46.0,57.02,0.0,0.0,1.34,2.47,0.0,,,,,,0.0,,,,,,Magach_2
f4u-4,46.0,93.75,1.88,1.23,2.75,0.96,454.0,60.11,0.39,0.31,1.15,0.92,0.0,,,,,,F4U-4
bf-109f-4_usa,44.0,73.08,2.01,2.4,0.0,0.0,42.0,,,,,,5.0,,,3.0,,0.0,Bf_109_F-4
uk_centurion_mk_5_avre_era,45.0,66.67,0.0,0.0,1.33,1.3,65.0,64.81,0.0,0.0,1.0,1.0,0.0,,,,,,Centurion_Mk.5_AVRE
it_ab_43,46.0,100.0,0.0,0.0,4.4,4.4,14.0,83.33,0.0,0.0,2.17,2.19,0.0,,,,,,AB_43
cf_188a_canada,44.0,100.0,3.24,3.24,0.0,0.0,422.0,47.88,1.14,1.39,0.16,0.21,0.0,,,,,,CF-188A
yak-30d,47.0,100.0,5.17,2.78,2.0,0.52,0.0,,,,,,0.0,,,,,,Yak-30D
germ_pzkpfw_III_ausf_N,44.0,66.67,0.0,0.0,4.04,2.62,41.0,47.44,0.0,0.0,4.03,4.03,0.0,,,,,,Pz.III_N
f4u-4b,44.0,58.82,1.47,1.47,0.59,0.59,720.0,67.17,0.5,0.47,1.72,1.59,67.0,,,3.97,,0.0,F4U-4B
it_of_40_mtca,46.0,89.47,0.0,0.0,3.92,2.93,1029.0,60.49,0.0,0.0,3.46,2.63,0.0,,,,,,OF-40_(MTCA)
us_mbt_70,44.0,100.0,0.0,0.0,2.71,2.71,1877.0,62.09,0.0,0.0,1.92,1.62,0.0,,,,,,MBT-70
tu-2_postwar_late,45.0,36.84,0.0,0.0,0.0,0.0,52.0,100.0,0.25,0.07,9.0,4.57,29.0,89.29,0.0,0.0,1.43,1.56,Tu-2S-59
uk_challenger_2_bn,41.0,80.21,0.0,0.0,2.63,5.17,467.0,67.03,0.0,0.0,2.39,2.06,0.0,,,,,,Black_Night
cn_m4a4_sherman_1st_ptg,44.0,93.75,0.13,0.08,2.92,3.32,13.0,50.0,0.0,0.0,2.1,4.2,0.0,,,,,,M4A4_(1st_PTG)_(China)
jp_m36b2_jgsdf,48.0,97.78,0.3,0.08,3.21,2.23,882.0,64.13,0.0,0.0,1.99,1.79,0.0,,,,,,M36
ussr_su_85_1943,46.0,80.7,0.0,0.0,2.72,2.96,47.0,0.0,0.0,0.0,3.33,2.98,0.0,,,,,,SU-85
us_m22_locust,42.0,50.0,0.0,0.0,3.0,1.9,148.0,12.12,0.0,0.0,3.43,1.34,0.0,,,,,,M22
uk_a_34_comet,46.0,100.0,0.0,0.0,2.0,0.87,70.0,72.92,0.0,0.0,3.43,3.78,0.0,,,,,,Comet_I
jp_type_74_c,43.0,100.0,0.0,0.0,2.0,1.0,397.0,60.97,0.0,0.0,2.49,1.75,0.0,,,,,,Type_74_(C)
f-84b,47.0,96.59,4.22,2.47,16.0,9.45,21.0,100.0,0.0,0.87,1.0,2.53,0.0,,,,,,F-84B-26
f_15e,43.0,74.0,1.26,1.26,0.78,0.78,625.0,68.32,0.88,1.15,2.88,3.76,14.0,,,1.0,,1.0,F-15E
ussr_2s38,44.0,,,,,,1906.0,50.06,0.09,0.09,1.08,0.85,0.0,,,,,,2S38
ki_61_2_early,42.0,53.57,1.39,2.0,0.75,0.96,9.0,100.0,1.0,1.0,1.0,1.0,0.0,,,,,,Ki-61-II_Otsu_Kai
p-51k,44.0,25.93,1.56,1.45,0.26,0.23,0.0,,,,,,0.0,,,,,,P-51K_(China)
it_p_26_40,43.0,100.0,0.0,0.0,3.07,3.18,0.0,,,,,,0.0,,,,,,"P40_""G.C._Leoncello"""
fr_somua_sm,39.0,84.85,0.0,0.0,5.95,3.8,1157.0,60.19,0.0,0.0,3.6,2.56,0.0,,,,,,Somua_SM
us_t95e1,42.0,100.0,0.0,0.0,2.47,1.43,337.0,53.05,0.0,0.0,1.85,1.64,0.0,,,,,,T95E1
xp-50,46.0,100.0,2.89,1.61,0.0,0.0,48.0,55.38,0.14,0.35,0.18,0.09,15.0,,,1.6,,0.0,XP-50
us_ccvl,42.0,100.0,0.0,0.0,8.0,4.0,46.0,100.0,0.0,0.0,3.2,2.74,0.0,,,,,,CCVL
ussr_kv_220,44.0,100.0,0.0,0.0,6.93,6.21,115.0,73.34,0.0,0.0,7.6,8.35,0.0,,,,,,KV-220
cn_al_khalid_1,40.0,50.0,0.0,0.0,3.18,3.18,1220.0,53.88,0.0,0.0,2.08,1.62,23.0,81.82,0.0,0.0,1.16,1.16,Al-Khalid-I
germ_boxer_3105,44.0,68.18,0.0,0.0,2.36,2.64,85.0,5.17,0.0,0.0,2.62,2.31,0.0,,,,,,Boxer_MGS
cn_ztz_96b,40.0,50.0,0.0,0.0,2.08,3.65,752.0,60.04,0.0,0.0,2.75,2.32,0.0,,,,,,ZTZ96B
bf-109f-1,42.0,70.43,4.53,7.0,0.0,0.0,25.0,,,1.0,,0.1,0.0,,,,,,Bf_109_F-1
il_magach_6b,44.0,100.0,0.0,0.0,3.0,1.37,41.0,59.42,0.0,0.0,2.32,4.3,0.0,,,,,,Magach_6B
cn_type_69_2g,42.0,,,0.0,,1.0,122.0,73.49,0.0,0.0,3.73,2.06,0.0,,,,,,T-69_II_G
ussr_2s3m,42.0,46.15,0.0,0.0,2.62,2.16,223.0,37.57,0.1,0.14,1.0,1.07,0.0,,,,,,2S3M
il_m48a1_patton_III,43.0,50.0,0.0,0.0,1.5,2.58,41.0,85.19,0.0,0.0,1.52,0.81,0.0,,,,,,Magach_1
sw_strv_103a,43.0,0.0,0.0,0.0,1.0,0.7,162.0,62.37,0.0,0.0,3.03,1.72,0.0,,,,,,Strv_103A
cn_type_65_aa,39.0,47.5,1.0,2.0,0.53,1.0,28.0,,,0.0,,1.0,0.0,,,,,,Phòng_không_T-34
sw_pvkv_m43_1963,40.0,50.0,0.0,0.0,2.29,4.5,27.0,,,0.0,,1.0,0.0,,,,,,Pvkv_m/43_(1963)
a_10a_early,40.0,0.0,3.0,1.66,4.0,1.82,290.0,59.92,0.87,0.8,4.21,3.65,0.0,,,,,,A-10A
ki_61_1a_hei,42.0,0.0,2.0,2.11,0.0,0.0,37.0,58.0,1.16,2.38,0.44,0.67,0.0,,,,,,Ki-61-I_hei
mig-17_f5,41.0,100.0,2.0,1.81,0.0,0.0,70.0,100.0,3.27,3.87,2.23,2.6,0.0,,,,,,Shenyang_F-5
ussr_t_34_1941_l_11,44.0,100.0,0.0,0.0,5.0,3.1,108.0,3.23,0.0,0.0,2.43,0.9,0.0,,,,,,T-34_(1940)
f-86f-25,43.0,,,0.5,,0.19,55.0,0.0,1.77,1.32,1.85,1.56,0.0,,,,,,F-86F-25
c_3604,40.0,62.5,3.02,4.63,2.0,2.5,21.0,0.0,0.05,0.03,2.47,2.26,0.0,,,,,,◌С-3604
f-4m_fgr2,40.0,100.0,4.0,1.12,0.0,0.0,67.0,38.89,0.22,0.25,0.0,0.0,0.0,,,,,,Phantom_FGR.2
jp_st_a3,38.0,71.11,0.0,0.0,1.27,1.47,313.0,65.57,0.0,0.0,2.23,1.96,0.0,,,,,,ST-A3
us_m4_sherman,40.0,50.0,0.0,0.0,2.8,5.6,158.0,43.23,0.0,0.0,3.36,2.99,0.0,,,,,,M4
sw_strv_101,41.0,100.0,0.0,0.0,1.95,1.0,350.0,44.09,0.0,0.0,1.63,1.35,0.0,,,,,,Strv_101
yak-3u,42.0,4.9,0.89,1.19,0.0,0.0,102.0,98.46,5.22,5.98,0.51,0.73,0.0,,,,,,Yak-3U
ussr_m4a2_76w_sherman,40.0,100.0,0.0,0.0,3.56,5.0,122.0,81.44,0.0,0.0,5.99,5.72,0.0,,,,,,M4A2
uk_cruiser_ram_1,39.0,34.21,0.34,0.25,1.97,1.79,42.0,100.0,0.0,0.0,5.0,2.71,0.0,,,,,,Ram_I
il_sabra_mk1,35.0,51.45,0.0,0.0,1.63,2.66,19.0,50.0,0.0,0.0,2.0,2.94,0.0,,,,,,Sabra_Mk.I
fr_amx_30_b2_brenus,42.0,100.0,0.0,0.0,2.3,1.44,202.0,64.01,0.0,0.0,2.78,1.59,0.0,,,,,,AMX-30B2_BRENUS
ussr_t_72m2_moderna,40.0,50.0,0.0,0.0,1.32,2.09,260.0,59.12,0.0,0.0,3.12,2.7,0.0,,,,,,T-72M2_Moderna
jp_type_5_na_to,43.0,56.25,0.0,0.0,1.31,2.18,133.0,96.67,0.0,0.0,5.84,1.89,0.0,,,,,,Na-To
germ_marder_1a3,43.0,3.51,0.0,0.0,0.93,0.46,288.0,29.02,0.02,0.01,0.95,0.8,0.0,,,,,,Marder_1A3
us_m4_sherman_calliope,37.0,100.0,0.1,0.1,8.1,8.1,42.0,73.53,0.0,0.0,5.97,5.55,0.0,,,,,,Calliope
jp_m4a3e8_76w_sherman,35.0,85.42,0.01,0.01,4.6,4.65,669.0,76.44,0.0,0.0,2.95,2.22,0.0,,,,,,M4A3_(76)_W
spitfire_mk9c_iaf,36.0,100.0,3.4,1.43,0.0,0.0,13.0,55.56,1.67,3.23,0.0,0.62,0.0,,,,,,Spitfire_Mk_IXc_(Israel)
bf-109g-2_finland,37.0,,,4.27,,2.09,32.0,100.0,4.0,3.68,1.0,1.0,0.0,,,,,,Bf_109_G-2
fr_lorraine_40t,40.0,0.0,0.0,0.0,4.1,1.63,397.0,70.16,0.0,0.0,2.54,2.9,5.0,0.0,0.0,0.0,1.0,1.0,Lorraine_40t
f9f-8,40.0,,,0.95,,0.0,271.0,55.39,0.78,0.74,0.28,0.28,0.0,,,,,,F9F-8
ussr_it_1,36.0,57.14,0.0,0.0,1.16,0.58,141.0,76.44,0.0,0.0,4.54,3.72,0.0,,,,,,IT-1
f-80a,42.0,96.05,1.89,1.95,4.05,4.19,21.0,,,1.6,,0.6,0.0,,,,,,F-80A-5
su_34,36.0,50.0,3.0,3.84,0.68,1.26,524.0,62.17,0.38,0.46,1.38,1.51,62.0,,,0.34,,0.59,Су-34
uk_vickers_mbt_mk_1,38.0,50.0,0.0,0.0,2.06,2.05,489.0,55.71,0.0,0.0,1.93,1.92,0.0,,,,,,Vickers_Mk.1
jp_type_5_chi_ri,40.0,95.83,0.02,0.01,2.33,1.68,432.0,64.64,0.0,0.0,2.66,2.13,10.0,0.0,0.0,0.0,1.0,1.0,Chi-Ri_II
us_xm1_gm,37.0,100.0,0.0,0.0,2.46,1.98,1064.0,64.23,0.0,0.0,3.3,2.16,0.0,,,,,,XM1_(GM)
uk_17_pdr_m10_achilles_norfolk_yeomanry,37.0,100.0,0.0,0.0,3.0,2.86,25.0,100.0,0.4,0.0,3.7,2.53,0.0,,,,,,Achilles_(65_Rg.)
it_pzkpfw_IV_ausf_G,40.0,100.0,0.0,0.0,3.16,3.36,29.0,100.0,0.0,0.0,2.64,1.47,0.0,,,,,,Pz.IV_G
jp_type_3_chi_nu,40.0,52.08,0.0,0.0,2.41,3.97,200.0,92.7,0.0,0.0,3.85,1.39,0.0,,,,,,Chi-Nu
us_adats_bradley,37.0,19.35,0.05,0.06,0.0,0.0,740.0,49.97,0.79,0.5,0.46,0.28,7.0,0.0,1.0,1.0,0.0,0.0,ADATS
su_25tm,36.0,100.0,3.0,1.5,9.0,4.5,497.0,62.33,0.36,0.45,3.14,3.97,30.0,,,0.0,,0.0,Su-39
f-4s,38.0,100.0,6.33,2.09,0.67,0.02,562.0,50.01,1.01,1.21,0.04,0.06,10.0,,,1.0,,0.0,F-4S_Phantom_II
su_25_558arz,34.0,,,1.61,,0.79,42.0,100.0,0.0,0.0,3.4,3.26,6.0,,,0.0,,0.0,Su-25BM
tis_ma,38.0,100.0,0.93,0.67,4.5,3.47,63.0,67.43,0.32,0.42,6.33,8.61,118.0,71.27,0.91,0.88,4.79,4.74,TIS_MA
pe-2-359,34.0,100.0,0.14,0.12,2.93,2.87,0.0,,,,,,0.0,,,,,,Pe-2-359
it_43m_turan_3,40.0,100.0,0.0,0.0,3.05,2.92,79.0,50.0,0.0,0.0,3.08,3.38,0.0,,,,,,Turan_III
fa_18c_early,33.0,50.0,1.5,1.08,0.0,0.0,1594.0,52.74,0.83,0.94,0.29,0.34,45.0,,,1.48,,0.0,F/A-18C_Early
p-51d-20-na_j26,38.0,50.0,0.92,1.79,0.0,0.0,14.0,,,1.0,,0.0,0.0,,,,,,J26
ar_2,35.0,100.0,0.13,0.1,8.63,7.64,0.0,,,,,,0.0,,,,,,Ar-2
germ_marder_df_105,44.0,45.37,0.0,0.0,1.91,1.93,261.0,28.01,0.0,0.0,1.81,1.41,40.0,87.72,0.0,0.0,3.96,4.34,DF105
il_merkava_mk_2b_early,32.0,50.0,0.0,0.0,1.53,2.56,247.0,51.45,0.0,0.0,3.69,3.03,0.0,,,,,,Merkava_Mk.2B
yak-38m,36.0,100.0,2.0,1.0,1.0,0.26,35.0,5.0,0.0,0.0,0.0,0.0,0.0,,,,,,Yak-38M
vb_10c1,37.0,29.55,3.25,2.71,0.0,0.0,35.0,100.0,1.91,2.55,0.43,1.0,0.0,,,,,,VB.10C-1
p-63a-10,35.0,12.5,1.0,1.0,0.38,1.58,303.0,55.81,0.33,0.44,0.75,0.95,0.0,,,,,,P-63A-10
p-47d-28,36.0,100.0,3.0,1.34,10.38,5.1,111.0,47.42,1.43,1.83,1.06,1.29,8.0,,,,,,P-47D-28
germ_pzkpfw_III_ausf_M,33.0,100.0,0.0,0.0,4.14,2.62,25.0,,,0.0,,1.63,0.0,,,,,,Pz.III_M
uk_centurion_mk_10,35.0,50.0,0.0,0.0,2.33,2.42,193.0,21.67,0.0,0.0,1.68,1.26,0.0,,,,,,Centurion_Mk_10
saab_a21rb,35.0,,,1.0,,0.29,26.0,86.36,1.0,0.58,0.86,0.92,0.0,,,,,,A21RB
su-7bkl,34.0,,,0.63,,0.79,104.0,0.0,0.52,0.33,1.02,0.64,0.0,,,,,,Su-7BKL
cn_t_62,34.0,,,,,,28.0,,,,,,0.0,,,,,,Т-62_№545
ussr_btr_zd,34.0,0.0,1.1,2.06,0.26,0.5,328.0,73.8,1.14,0.66,0.92,0.52,11.0,,,,,,BTR-ZD
mc-205_serie1,32.0,100.0,11.89,9.59,0.0,0.0,0.0,,,,,,0.0,,,,,,C._205_serie_1
germ_panzerjager_tiger_P_elefant,34.0,100.0,0.0,0.0,7.76,8.79,11.0,,,0.0,,2.0,0.0,,,,,,Elefant
uk_challenger_2e,30.0,66.67,0.0,0.0,3.3,4.0,394.0,59.77,0.0,0.0,2.42,1.64,0.0,,,,,,Challenger_2E
fr_amd_35_sa35,31.0,87.5,0.0,0.0,3.63,1.19,0.0,,,,,,0.0,,,,,,AMD.35_(SA35)
f-82e,34.0,88.1,1.12,1.23,0.0,0.0,58.0,73.91,0.3,0.3,0.83,1.11,0.0,,,,,,F-82E
saab_a21a_3,32.0,,,1.57,,0.0,103.0,10.56,1.48,0.83,1.95,1.45,0.0,,,,,,A21A-3
uk_a27m_cromwell_5_rp3,27.0,100.0,0.0,0.0,10.0,10.15,23.0,100.0,0.0,0.0,3.85,2.61,0.0,,,,,,Cromwell_V_(RP-3)
f_14a_iriaf,33.0,96.15,5.65,5.88,0.0,0.0,310.0,59.75,1.94,2.06,0.08,0.11,22.0,,,2.0,,0.0,F-14A_IRIAF
thunderbolt_mk1,32.0,100.0,1.54,1.23,5.0,4.35,62.0,88.89,0.0,0.0,2.33,2.13,0.0,,,,,,Thunderbolt_Mk.1
germ_pzkpfw_Maus,35.0,66.67,0.0,0.0,5.18,12.43,1084.0,48.39,0.0,0.0,4.77,4.05,0.0,,,,,,Maus
il_amx_13_75,32.0,,,0.0,,1.65,109.0,50.0,0.0,0.0,3.41,1.76,0.0,,,,,,AMX-13_(Israel)
b_239_finland,33.0,50.0,1.08,1.69,0.0,0.0,27.0,87.5,1.75,1.75,1.75,1.75,0.0,,,,,,B-239
tempest_mk2,30.0,100.0,4.7,2.03,0.0,0.0,68.0,98.39,2.57,3.5,0.18,0.21,0.0,,,,,,Tempest_Mk_II
mig_29_9_12,33.0,67.5,0.68,0.68,0.0,0.0,15.0,100.0,1.0,1.0,1.0,1.0,8.0,,,1.0,,0.0,МиГ-29_(9-12)
ki_61_1a_otsu_china,32.0,100.0,3.43,2.88,0.71,0.73,10.0,,,,,,0.0,,,,,,Ki-61-I_otsu_(China)
su-7b,31.0,,,0.0,,0.42,63.0,33.33,0.3,0.28,0.28,0.22,0.0,,,,,,Su-7B
mig_27m,35.0,38.46,0.79,1.31,0.0,0.0,85.0,43.1,1.0,0.87,1.57,1.4,23.0,,,0.0,,1.0,MiG-27M
jp_type_95_so_ki,33.0,0.0,1.0,1.0,0.0,0.0,145.0,100.0,1.5,1.04,0.0,0.0,0.0,,,,,,So-Ki
sw_strv_81,32.0,100.0,0.0,0.0,0.52,0.52,219.0,36.29,0.0,0.0,0.96,0.93,0.0,,,,,,Strv_81
su-2_m82,31.0,100.0,2.72,2.87,5.04,5.13,0.0,,,,,,0.0,,,,,,Su-2_(M-82)
germ_sdkfz_251_9,30.0,100.0,0.0,0.0,3.81,5.94,0.0,,,,,,0.0,,,,,,Sd.Kfz.251/9
l_39za,31.0,,,1.29,,2.29,8.0,,,0.0,,0.0,0.0,,,,,,L-39ZA_Albatros
f-4j,37.0,50.0,2.5,3.07,0.36,0.36,105.0,59.68,1.52,1.42,0.03,0.03,0.0,,,,,,F-4J_Phantom_II
p-39n,32.0,100.0,4.0,3.86,0.88,0.86,45.0,50.0,1.18,2.83,0.5,0.92,0.0,,,,,,P-39N-0
ussr_is_6,29.0,50.0,0.0,0.0,2.58,3.07,139.0,46.54,0.0,0.0,3.8,2.6,3.0,50.0,0.0,0.0,1.0,2.0,IS-6
lagg-3-11,31.0,100.0,4.0,4.0,0.41,0.41,0.0,,,,,,0.0,,,,,,LaGG-3-11
tempest_mkv,29.0,100.0,4.0,2.28,0.0,0.0,13.0,100.0,1.0,1.0,3.31,3.31,0.0,,,,,,Tempest_Mk_V
uk_centurion_mk_3,29.0,,,0.0,,2.0,186.0,43.33,0.0,0.0,2.67,1.46,0.0,,,,,,Centurion_Mk_3
yak-17,31.0,,,1.4,,0.0,6.0,,,,,,0.0,,,,,,Yak-17
bf-109g-2,34.0,56.39,1.95,1.95,0.43,0.43,37.0,100.0,1.13,,1.13,,0.0,,,,,,Bf_109_G-2/trop
a5m4,31.0,50.0,1.0,1.43,0.0,0.0,0.0,,,,,,0.0,,,,,,A5M4
sm_92,31.0,100.0,1.25,1.23,0.25,0.19,42.0,50.0,0.34,0.69,0.0,0.0,0.0,,,,,,SM.92
germ_pzkpfw_38t_Marder_III_ausf_H,30.0,11.11,0.0,0.0,2.39,2.14,38.0,0.0,0.0,0.0,1.0,0.82,0.0,,,,,,Marder_III_H
su_27,33.0,50.0,1.0,1.0,0.0,0.0,123.0,33.4,1.93,1.79,0.07,0.09,0.0,,,,,,Su-27
mosquito_fb_mk6_norway,32.0,50.0,1.46,1.96,0.5,0.43,55.0,52.3,0.15,0.28,1.5,2.53,0.0,,,,,,◢Mosquito_FB.Mk.VI
ki_32,30.0,,,0.0,,4.8,0.0,,,,,,0.0,,,,,,Ki-32
cn_m8_greyhound,29.0,100.0,0.0,,1.48,,51.0,83.33,0.0,0.0,5.61,2.9,0.0,,,,,,M8_LAC_(China)
us_m18_hellcat_black_cat,31.0,88.1,0.11,0.3,4.04,4.3,1433.0,78.1,0.0,0.0,2.77,2.41,0.0,,,,,,"M18_""Black_Cat"""
p-51d-5,31.0,50.0,0.5,0.84,0.5,0.84,38.0,43.18,0.0,0.0,0.0,0.0,0.0,,,,,,P-51D-5
sw_ikv_73,29.0,100.0,0.0,0.0,5.0,4.73,10.0,,,0.0,,1.0,0.0,,,,,,Ikv_73
er-2_m105_mv3,29.0,100.0,0.0,0.0,6.28,6.28,6.0,,,,,,0.0,,,,,,Yer-2_(M-105)
uk_a_13_mk2_1939,30.0,100.0,0.0,0.0,11.0,11.0,1.0,,,,,,0.0,,,,,,A13_Mk_II_1939
uk_conqueror_mk_2,28.0,100.0,0.0,,3.0,,302.0,42.16,0.0,0.0,2.16,1.73,1.0,,,,,,Conqueror
he_112v_5,28.0,,,2.5,,0.0,0.0,,,,,,0.0,,,,,,He_112_V-5
he51b1,28.0,,,2.62,,0.0,0.0,,,,,,0.0,,,,,,He_51_B-1
sw_lvkv_90c,27.0,15.38,1.62,3.0,1.23,3.5,516.0,44.06,0.95,0.69,1.44,1.01,0.0,,,,,,Lvkv_9040C
il_tiran_6,31.0,50.0,0.0,0.0,1.47,2.94,61.0,74.07,0.0,0.0,3.02,2.79,0.0,,,,,,Tiran_6
us_t86,28.0,,,0.0,,2.42,87.0,83.33,0.0,0.0,2.05,1.78,0.0,,,,,,T86
sw_stormpjas_fm43_44,28.0,,,0.0,,4.0,0.0,,,,,,0.0,,,,,,Spj_fm/43-44
il-10_1946_hungary,28.0,100.0,1.0,1.0,1.0,0.79,0.0,,,,,,0.0,,,,,,◔IL-10
ussr_is_1_kit_3rank,28.0,100.0,0.0,0.0,1.0,1.07,91.0,37.1,0.0,0.0,0.93,0.84,0.0,,,,,,ИС-1_('45)
ussr_btr_152d,28.0,100.0,0.4,,0.0,,207.0,8.69,0.98,0.5,0.0,0.0,0.0,,,,,,BTR-152D
cr_32,29.0,,,1.9,,1.9,0.0,,,,,,0.0,,,,,,CR.32
ki_44_2_hei,26.0,,,6.17,,0.81,68.0,76.0,0.23,0.15,0.38,0.27,0.0,,,,,,Ki-44-II_hei
su_25,29.0,94.74,1.42,1.11,1.37,1.03,388.0,47.77,0.83,0.82,1.67,1.62,0.0,,,,,,Su-25
cn_m10,30.0,100.0,0.0,0.0,4.67,3.98,48.0,100.0,0.0,0.0,2.0,1.09,0.0,,,,,,M10_GMC_(China)
cn_type_64,29.0,0.0,0.0,0.0,3.89,2.52,26.0,37.18,0.0,0.0,4.44,4.92,0.0,,,,,,M64
cn_is_2_1943,30.0,35.0,0.0,0.0,2.7,2.7,67.0,71.43,0.0,0.0,1.79,1.11,0.0,,,,,,IS-2_(China)
ussr_t_72b3_arena_m,26.0,50.0,0.0,0.0,1.96,1.96,709.0,43.57,0.0,0.0,1.23,1.01,0.0,,,,,,Т-72Б3А
f8f1b,29.0,100.0,1.57,1.35,0.0,0.0,840.0,77.3,0.84,0.77,2.36,2.16,0.0,,,,,,F8F-1B
spitfire_fr_mk14e_belgium,27.0,,,1.0,,0.0,10.0,,,,,,0.0,,,,,,Spitfire_FR_Mk_XIVe
mb_157,29.0,8.82,1.29,1.44,0.0,0.0,73.0,76.73,2.59,7.44,0.57,1.37,0.0,,,,,,M.B.157
fw-190f-8,28.0,0.0,1.0,1.57,0.0,0.0,240.0,52.51,0.93,1.15,1.11,1.36,0.0,,,,,,Fw_190_F-8
ussr_bmp_3,26.0,50.0,0.0,0.0,0.65,0.73,2023.0,51.57,0.0,0.0,1.32,1.23,20.0,100.0,0.0,0.0,1.79,1.79,BMP-3
su-2_mv5,27.0,100.0,1.08,1.0,4.04,3.96,14.0,,,,,,0.0,,,,,,Su-2_MV-5
b7a2,29.0,50.0,1.0,2.0,1.0,2.0,4.0,100.0,4.0,,4.0,,0.0,,,,,,B7A2
ussr_t_28E,25.0,77.78,0.22,0.17,3.78,3.83,5.0,,,0.0,,1.0,0.0,,,,,,T-28E
pe-2-110,27.0,100.0,1.0,0.12,4.0,2.73,0.0,,,,,,0.0,,,,,,Pe-2-110
la-7b-20,28.0,100.0,3.85,5.67,2.35,0.33,54.0,50.0,1.08,1.08,0.94,0.95,0.0,,,,,,La-7B-20
fokker_d23,28.0,,,2.54,,0.0,0.0,,,,,,0.0,,,,,,◗Fokker_D.XXIII
f-84g_thailand,28.0,,,,,,40.0,82.8,0.17,0.32,0.98,1.23,0.0,,,,,,F-84G-21-RE
re_2000_heja_2,25.0,100.0,3.64,3.64,0.0,0.0,22.0,100.0,3.0,3.0,0.0,0.0,0.0,,,,,,◔Héja_II
uk_a_22b_mk_3_churchill_1942,26.0,,,0.0,,1.24,32.0,50.0,0.0,0.0,1.65,1.65,0.0,,,,,,Churchill_III
germ_flakpanzer_V_Coelian,26.0,,,0.0,,3.82,505.0,58.81,0.75,0.46,3.33,2.02,0.0,,,,,,Flakpanzer_341
mig_29_9_13,30.0,38.89,1.71,2.1,0.23,0.23,33.0,76.67,1.47,1.6,0.77,0.87,0.0,,,,,,MiG-29
fr_m36b2_cefeo,27.0,100.0,0.0,0.0,2.6,2.6,95.0,48.39,0.0,0.0,2.05,2.14,0.0,,,,,,M36B2
me-410b-1_u2,27.0,92.5,0.93,0.78,0.4,0.46,0.0,,,,,,0.0,,,,,,Me_410_B-1/U2
btd-1,25.0,50.0,0.5,0.56,0.83,1.81,18.0,100.0,0.0,0.0,5.0,2.0,0.0,,,,,,BTD-1
me-410a-1_u2,27.0,100.0,1.0,1.41,0.0,0.0,0.0,,,,,,0.0,,,,,,Me_410_A-1/U2
ussr_su_152,29.0,100.0,0.0,0.0,5.55,5.0,191.0,37.86,0.0,0.0,1.37,1.39,0.0,,,,,,SU-152
mig_3_series_34,27.0,100.0,2.86,3.0,1.0,0.22,0.0,,,,,,0.0,,,,,,MiG-3-34
sw_sav_m43_1944,25.0,35.71,0.0,0.0,1.43,2.14,0.0,,,,,,0.0,,,,,,Sav_m/43_(1944)
ki_100_2,28.0,,,0.21,,0.0,83.0,61.02,0.43,0.46,1.61,1.63,0.0,,,,,,Ki-100-II
germ_pzkpfw_38t_ausf_F,26.0,,,,,,0.0,,,,,,0.0,,,,,,Pz.38(t)_F
jp_type_94,26.0,,,,,,18.0,,,,,,0.0,,,,,,Type_94
pe-3_early,26.0,100.0,1.04,1.04,2.7,2.62,0.0,,,,,,0.0,,,,,,Pe-3_(e)
jp_type_4_ho_ro,26.0,,,,,,12.0,,,0.0,,0.0,0.0,,,,,,Ho-Ro
su_25k,25.0,0.0,1.0,1.0,3.0,2.47,502.0,62.35,0.58,0.49,2.43,2.03,9.0,,,0.0,,0.0,Su-25K
p-47n-15,25.0,66.67,1.21,1.86,2.53,3.79,4.0,33.33,1.0,0.75,1.33,1.5,0.0,,,,,,P-47N-15
f-4jk,27.0,100.0,2.0,1.81,0.0,0.0,28.0,68.75,0.81,0.56,0.0,0.0,0.0,,,,,,F-4J(UK)_Phantom_II
uk_a25_mk_8,25.0,,,0.0,,1.19,7.0,50.0,0.0,0.0,1.5,3.0,0.0,,,,,,Harry_Hopkins_I
fr_arl_44,25.0,100.0,0.0,0.0,1.56,1.56,222.0,57.31,0.0,0.0,2.76,2.02,0.0,,,,,,ARL-44
it_freccia,26.0,100.0,0.0,0.0,1.0,1.0,29.0,90.91,0.0,0.0,1.47,1.36,6.0,,,0.0,,1.0,Freccia
vb_10_02,28.0,0.0,1.0,1.31,0.18,0.12,14.0,,,1.0,,1.0,0.0,,,,,,VB.10-02
us_m60a3_tts,25.0,50.0,0.0,0.0,0.5,1.0,520.0,43.99,0.0,0.0,2.0,1.22,0.0,,,,,,M60A3_TTS
us_m3a3_bradley,24.0,,,0.0,,1.0,587.0,39.88,0.0,0.0,0.67,0.65,0.0,,,,,,M3A3_Bradley
us_m42_duster,27.0,,,,,,423.0,50.73,0.33,0.28,1.05,0.9,0.0,,,,,,M42
us_m8a1,25.0,100.0,0.0,0.0,9.0,9.0,32.0,,,0.0,,2.86,0.0,,,,,,M8A1_GMC
saab_jas39c_south_africa,24.0,100.0,5.35,5.35,0.0,0.0,298.0,49.66,1.07,1.19,0.04,0.04,0.0,,,,,,JAS39C
j1n1_mod11_early,24.0,100.0,1.55,1.58,2.0,2.0,22.0,100.0,0.0,0.0,0.0,0.0,0.0,,,,,,J1N1
sw_strv_m39,23.0,100.0,0.0,0.0,3.74,3.89,0.0,,,,,,0.0,,,,,,Strv_m/39
germ_pzkpfw_III_ausf_B,25.0,100.0,0.0,,2.8,,26.0,100.0,0.0,0.0,3.0,1.03,0.0,,,,,,Pz.III_B
fw-190a-1,24.0,83.33,5.9,7.4,1.53,1.87,9.0,50.0,0.5,1.0,0.5,1.0,0.0,,,,,,Fw_190_A-1
sw_leopard_1a5no,25.0,100.0,0.0,0.0,2.48,2.48,576.0,47.43,0.0,0.0,1.66,1.57,0.0,,,,,,Leopard_1A5NO2
germ_leopard_2a4m_can,25.0,,,,,,1997.0,42.55,0.0,0.0,1.59,1.26,0.0,,,,,,Leopard_2A4M
il_magach_6b_gal_batash,26.0,0.0,0.0,0.0,2.0,1.13,33.0,50.0,0.0,0.0,2.9,1.84,0.0,,,,,,Gal_Batash
it_m18_hellcat,27.0,100.0,0.0,0.0,2.33,1.5,222.0,61.16,0.0,0.0,2.44,2.22,0.0,,,,,,M18
p-40e,26.0,,,1.96,,0.0,32.0,0.0,2.0,0.88,1.0,0.58,0.0,,,,,,P-40E-1
fr_amx_30_b2,26.0,100.0,0.0,0.0,1.32,1.27,142.0,68.28,0.0,0.0,2.49,1.98,3.0,,,,,,AMX-30B2
us_rdf_lt,24.0,,,0.0,,0.13,1440.0,58.98,0.05,0.04,1.43,1.3,0.0,,,,,,RDF/LT
mig-19s,26.0,,,0.0,,0.0,0.0,,,,,,0.0,,,,,,◊MiG-19S
germ_sdkfz_234_2,25.0,100.0,0.0,0.0,1.0,1.0,909.0,43.3,0.0,0.0,1.14,0.98,0.0,,,,,,Sd.Kfz.234/2
it_m36b1,26.0,100.0,0.11,0.04,2.78,1.04,46.0,93.33,0.0,0.0,1.82,1.93,0.0,,,,,,M36B1
tornado_f3,25.0,100.0,0.84,0.84,0.0,0.0,28.0,50.0,1.5,1.5,0.0,0.0,19.0,,,1.0,,0.0,Tornado_F.3
ussr_t_72b3_arena,26.0,,,0.0,,0.71,608.0,48.91,0.0,0.0,1.86,1.54,12.0,100.0,0.0,0.0,2.58,2.58,"Т-72Б3_""Арена"""
uk_a_22_mk_1_churchill_1941,24.0,100.0,1.0,1.0,1.0,1.0,0.0,,,,,,0.0,,,,,,Churchill_I
it_semovente_m43_105_leoncello,26.0,100.0,0.0,0.0,3.05,2.96,0.0,,,,,,0.0,,,,,,"M43_""G.C.Leoncello"""
germ_9a35_m,24.0,0.0,2.0,1.63,0.0,0.0,32.0,0.0,1.0,0.8,0.0,0.0,0.0,,,,,,Стрела-10М
fa_18a_raaf,23.0,100.0,2.0,1.65,0.0,0.0,53.0,0.0,1.39,1.24,0.0,0.0,14.0,,,,,,F/A-18A
fr_m3a3_stuart,23.0,100.0,0.0,0.0,2.0,2.0,36.0,17.86,0.0,0.0,2.57,2.29,0.0,,,,,,M3A3_Stuart
jp_type_16,26.0,81.58,0.0,0.0,1.82,1.82,225.0,59.14,0.0,0.0,2.02,1.72,0.0,,,,,,Type_16
it_breda_52_autocannone,24.0,,,0.0,,4.17,109.0,55.43,0.0,0.0,2.5,2.31,0.0,,,,,,Breda_90/53
fr_vcac_mephisto,23.0,50.0,0.0,0.0,1.0,1.0,214.0,47.03,0.0,0.0,1.97,1.71,0.0,,,,,,MEPHISTO
sea_harrier_fa2,23.0,,,1.0,,0.0,75.0,50.0,0.0,0.0,0.0,0.0,0.0,,,,,,Sea_Harrier_FA_2
germ_pz_IV_L70,26.0,100.0,0.0,,2.11,,314.0,23.66,0.0,0.0,2.5,2.01,0.0,,,,,,Panzer_IV/70(V)
er-2_m105r_lu2b,24.0,100.0,0.0,0.0,4.0,2.29,0.0,,,,,,0.0,,,,,,Yer-2_(M-105R)_LU
ussr_object_120,24.0,,,0.0,,1.88,53.0,,,0.0,,2.26,6.0,,,,,,Object_120
ki_61_1a_otsu,24.0,,,1.25,,0.1,17.0,,,,,,10.0,,,0.0,,1.0,Ki-61-I_otsu
he_112b_0,23.0,,,1.65,,0.0,20.0,,,,,,0.0,,,,,,He_112_B-0
hurricane_mk1_late_finland,26.0,50.0,1.08,1.08,0.0,0.0,0.0,,,,,,0.0,,,,,,Hurricane_Mk_I/L
it_stug_III_ausf_G,25.0,100.0,0.0,0.0,1.0,1.0,37.0,100.0,0.0,0.0,2.0,1.0,0.0,,,,,,StuG_III_G
p-400,24.0,,,2.75,,0.0,28.0,0.0,0.0,0.0,2.75,1.33,0.0,,,,,,P-400
germ_leopard_2a4,24.0,100.0,0.0,0.0,3.0,1.58,1290.0,47.32,0.0,0.0,1.58,1.34,14.0,50.0,0.0,0.0,0.75,1.79,Leopard_2A4
ussr_asu_57,25.0,,,0.0,,1.0,169.0,63.64,0.0,0.0,2.55,0.96,0.0,,,,,,ASU-57
b-29,25.0,95.46,0.04,0.07,7.04,7.34,0.0,,,,,,0.0,,,,,,B-29A-BN
uk_sarc_mk4_a,23.0,,,,,,0.0,,,,,,0.0,,,,,,SARC_MkIVa
uk_daimler_mk_2,24.0,,,0.0,,3.39,32.0,,,0.0,,0.83,0.0,,,,,,Daimler_Mk_II
uk_m3_stuart,23.0,,,,,,0.0,,,,,,0.0,,,,,,Stuart_I
cn_t_26_1940,22.0,100.0,0.5,,6.39,,25.0,,,0.0,,0.0,0.0,,,,,,T-26_(China)
uk_crusader_mk_2,24.0,,,0.0,,4.13,25.0,,,,,,0.0,,,,,,Crusader_II
il_merkava_mk_1,26.0,50.0,0.0,0.0,2.0,2.0,66.0,45.24,0.0,0.0,2.24,2.04,0.0,,,,,,Merkava_Mk.1
pe-8_m82,23.0,100.0,0.0,0.0,2.67,1.88,3.0,0.0,0.0,0.0,0.0,0.0,0.0,,,,,,Pe-8
il_merkava_mk_1b,20.0,50.0,0.0,0.0,1.75,2.19,157.0,44.44,0.0,0.0,2.47,1.82,0.0,,,,,,Merkava_Mk.1B
bf-109g-6,25.0,66.67,1.3,1.15,0.3,0.15,32.0,100.0,2.39,3.96,0.0,0.36,0.0,,,,,,Bf_109_G-6
spitfire_ix,24.0,100.0,3.5,3.5,0.0,0.0,32.0,50.0,0.63,1.25,0.13,0.25,22.0,0.0,5.5,2.36,0.0,0.0,Spitfire_LF_Mk_IX
p-47d_23_ra_china_rocaf,22.0,,,1.83,,0.0,9.0,100.0,1.0,1.8,2.2,3.8,0.0,,,,,,P-47D-23-RA_(China)
sw_cv_90105,20.0,50.0,0.0,0.0,1.93,2.14,391.0,49.68,0.0,0.0,1.68,1.47,0.0,,,,,,CV_90105_TML
sw_strv_104,23.0,,,0.0,,1.0,256.0,47.56,0.0,0.0,2.5,1.86,0.0,,,,,,Strv_104
cn_m55,22.0,0.0,0.0,0.0,1.67,1.67,14.0,,,,,,0.0,,,,,,M55_(China)
p-51c-10-nt,24.0,,,,,,75.0,27.96,1.36,1.31,0.46,0.44,0.0,,,,,,P-51C-10
jp_type_90,19.0,12.12,0.0,0.0,0.82,0.82,706.0,50.55,0.0,0.0,1.89,1.92,0.0,,,,,,Type_90
ussr_bmp_2,24.0,100.0,0.0,0.0,0.0,0.0,783.0,48.38,0.0,0.0,1.25,0.89,14.0,100.0,0.0,0.0,1.0,1.0,BMP-2
l_39za_art_thailand,23.0,,,2.0,,0.17,1406.0,78.95,0.25,0.31,4.32,5.22,0.0,,,,,,L-39ZA/ART_Albatros
ki_43_2,23.0,,,,,,7.0,100.0,0.0,0.0,1.71,1.71,0.0,,,,,,Ki-43-II
ussr_t_28,21.0,100.0,0.0,,11.0,,11.0,100.0,0.0,0.0,7.0,3.5,0.0,,,,,,T-28
us_t32e1,24.0,50.0,0.0,0.0,3.0,3.0,121.0,46.24,0.0,0.0,1.8,1.62,0.0,,,,,,T32E1
jp_type_3_ho_ni_I,21.0,100.0,0.0,0.0,2.53,6.0,42.0,100.0,0.0,0.0,2.44,2.08,0.0,,,,,,Ho-Ni_I
a-26b_10,23.0,100.0,0.0,0.0,4.55,3.91,0.0,,,,,,0.0,,,,,,A-26B-10
us_m103,24.0,50.0,0.0,0.0,1.5,3.0,260.0,47.91,0.0,0.0,2.02,1.33,0.0,,,,,,M103
wm_23,21.0,100.0,3.0,3.0,0.0,0.0,0.0,,,,,,0.0,,,,,,◔WM-23
il_centurion_shot_kal_d,20.0,100.0,0.0,0.0,3.0,2.58,138.0,50.0,0.0,0.0,1.88,1.42,0.0,,,,,,Sho't_Kal_Dalet
jp_type_81_tansam,20.0,40.91,1.18,2.0,0.0,0.0,62.0,0.0,1.0,1.0,0.0,0.0,0.0,,,,,,Type_81_(C)
us_m48a1_patton_III,24.0,50.0,0.0,0.0,1.5,1.5,188.0,50.69,0.0,0.0,1.03,1.12,0.0,,,,,,M48A1
cn_type_62,23.0,,,0.0,,1.39,136.0,56.24,0.0,0.0,1.58,1.17,8.0,,,0.0,,1.0,Type_62
a6m3_mod22_zero,20.0,100.0,5.0,2.95,0.0,0.0,137.0,61.1,1.54,2.11,0.28,0.36,0.0,,,,,,A6M3_mod._22
sm_79_1943_italy,21.0,100.0,0.0,0.0,1.0,1.0,0.0,,,,,,0.0,,,,,,S.M.79_bis/T.M
ju-87d-3_italy,21.0,,,,,,0.0,,,,,,0.0,,,,,,Ju_87_D-3
sw_pvkv_iv,22.0,,,0.0,,1.18,29.0,,,0.0,,0.74,0.0,,,,,,Pvkv_IV
us_halftrack_m15,22.0,,,0.0,,1.0,0.0,,,,,,0.0,,,,,,M15_CGMC
fr_leclerc_s1,24.0,50.0,0.0,0.0,1.0,1.0,233.0,52.78,0.0,0.0,2.9,2.25,0.0,,,,,,Leclerc
mig-21_f13,23.0,,,1.04,,0.09,20.0,,,0.0,,0.0,0.0,,,,,,MiG-21F-13
f2a-3,22.0,,,1.0,,0.0,0.0,,,,,,0.0,,,,,,F2A-3
cn_m48a1_patton_III,20.0,50.0,0.0,0.0,0.63,0.63,67.0,38.13,0.0,0.0,1.01,0.72,0.0,,,,,,M48A1_(China)
f-4k,22.0,,,1.0,,0.0,0.0,,,,,,0.0,,,,,,Phantom_FG.1
cn_type_63_I,22.0,100.0,0.0,0.0,1.9,1.9,61.0,16.67,0.0,0.0,0.83,0.48,0.0,,,,,,Type_63-I
sw_lago_1,21.0,100.0,0.0,,1.33,,30.0,50.0,0.0,0.0,1.5,1.5,0.0,,,,,,Lago_I
ussr_2s19_m1,24.0,55.56,0.0,0.0,0.7,1.33,174.0,45.13,0.02,0.02,0.68,0.67,0.0,,,,,,2С19М1
germ_wiesel_1_mk20,21.0,71.88,0.31,0.31,0.0,0.0,923.0,38.75,0.23,0.18,0.72,0.57,0.0,,,,,,Wiesel_1A4
jp_type_90b_sm,20.0,40.91,0.0,0.0,0.59,0.59,651.0,47.66,0.0,0.0,2.01,1.75,0.0,,,,,,◍Type_90_(B)
fr_arl_44_acl1,21.0,,,0.0,,0.0,43.0,,,0.0,,2.05,0.0,,,,,,ARL-44_(ACL-1)
saab_jas39d,23.0,,,1.6,,0.0,144.0,65.33,1.48,0.72,0.26,0.07,11.0,,,1.0,,0.0,JAS39D
cn_ztz_96a_prot,21.0,,,0.0,,1.0,392.0,58.78,0.0,0.0,2.65,1.69,25.0,100.0,0.0,0.0,1.67,1.0,ZTZ96A_(P)
uk_9a35_m,21.0,0.0,3.67,,2.67,,13.0,,,,,,0.0,,,,,,Стрела-10М
uk_t_90s_bheeshma,20.0,100.0,0.0,0.0,5.2,5.2,110.0,92.59,0.0,0.0,6.55,2.83,0.0,,,,,,Bhishma_TWMP
tandem_mai,20.0,100.0,1.0,1.0,3.3,3.55,0.0,,,,,,0.0,,,,,,Tandem_MAI
il_merkava_mk_4_lic,21.0,0.0,0.0,0.0,3.0,3.0,86.0,64.45,0.0,0.0,2.39,2.0,0.0,,,,,,Merkava_Mk.4_LIC
cn_ptz_89,23.0,50.0,0.0,0.0,1.5,2.54,79.0,100.0,0.0,0.0,6.0,3.61,0.0,,,,,,PTZ89
yak-3p,21.0,100.0,3.11,2.98,0.0,0.0,118.0,71.51,6.17,6.85,2.87,3.36,32.0,,,1.9,,0.0,Yak-3P
it_leopard_1a5,21.0,100.0,0.0,0.0,3.29,3.29,70.0,100.0,0.0,0.0,2.18,2.01,5.0,,,0.0,,1.0,Leopard_1A5
mig_23mld,21.0,,,1.94,,0.0,149.0,67.17,2.55,6.66,0.03,0.03,72.0,0.0,8.13,3.25,0.0,0.0,MiG-23MLD
fr_amd_35_kwk39,21.0,,,0.0,,1.0,61.0,100.0,0.0,0.0,3.29,2.64,0.0,,,,,,AMD.35_(PaK)
jp_m44,24.0,50.0,0.0,0.0,2.78,2.78,399.0,56.28,0.0,0.0,1.27,1.11,0.0,,,,,,M44
germ_vilkas,22.0,50.0,0.0,0.0,0.75,1.5,179.0,54.38,0.05,0.05,0.78,0.74,0.0,,,,,,Vilkas
sw_leopard_2a4_fin,22.0,50.0,0.0,0.0,1.0,2.0,497.0,47.29,0.0,0.0,1.41,1.35,0.0,,,,,,Leopard_2A4
uk_crusader_mk_3,22.0,,,0.0,,2.2,94.0,62.5,0.0,0.0,3.48,2.38,0.0,,,,,,Crusader_III
f9f-2,22.0,,,0.0,,1.0,56.0,16.67,0.83,0.53,1.0,0.14,0.0,,,,,,F9F-2
fr_crusader_mk_2,21.0,50.0,0.0,0.0,1.0,1.38,13.0,,,0.0,,3.46,0.0,,,,,,Crusader_Mk.II
fr_m4a3_105_sherman,20.0,100.0,0.0,0.0,1.0,1.0,52.0,,,0.0,,1.59,0.0,,,,,,M4A3_(105)
sw_strv_121,22.0,50.0,0.0,0.0,0.86,1.73,786.0,47.36,0.0,0.0,1.55,1.44,0.0,,,,,,Strv_121
sw_strv_m42_eh,20.0,50.0,0.0,0.0,1.0,2.0,32.0,0.0,0.0,0.0,1.67,0.61,0.0,,,,,,Strv_m/42_EH
me-410b-2_u4,22.0,31.82,0.68,1.0,0.0,0.0,0.0,,,,,,0.0,,,,,,Me_410_B-2/U4
cn_pgz_88,21.0,,,,,,257.0,65.19,0.66,0.42,2.31,1.47,0.0,,,,,,PGZ88
ussr_object_685,21.0,,,0.0,,0.0,396.0,52.06,0.0,0.0,1.92,1.92,0.0,,,,,,Object_685
fr_amx_10rc,20.0,,,0.0,,1.0,169.0,51.96,0.0,0.0,2.07,1.59,0.0,,,,,,AMX-10RC
jp_type_89b_i_go_otsu,19.0,100.0,0.0,0.0,4.26,9.0,0.0,,,,,,0.0,,,,,,I-Go_Ko
hurricanemkii,21.0,100.0,5.06,5.0,2.0,2.0,21.0,,,,,,0.0,,,,,,Hurricane_Mk_IIB/Trop
spitfire_mk9c_4cannons,22.0,100.0,4.0,4.0,0.0,0.0,24.0,100.0,1.5,1.21,1.0,1.0,0.0,,,,,,Spitfire_F_Mk_IXc
spitfire_ix_plagis,22.0,100.0,3.5,3.5,0.0,0.0,0.0,,,,,,0.0,,,,,,Plagis'_Spitfire_LF_Mk_IXc
a6m5otsu,22.0,0.0,7.0,3.5,0.0,0.0,65.0,54.83,0.88,1.91,0.64,1.53,0.0,,,,,,A6M5_otsu
uk_challenger_2_dorchester,17.0,50.0,0.0,0.0,3.5,2.67,333.0,43.85,0.0,0.0,0.96,1.03,0.0,,,,,,Challenger_2_(2F)
jp_type_10,16.0,50.0,0.0,0.0,5.0,5.0,1055.0,59.28,0.0,0.0,2.24,1.96,0.0,,,,,,Type_10
us_m26_t99,22.0,50.0,0.5,1.0,2.0,4.0,3.0,100.0,0.0,0.0,7.0,7.0,0.0,,,,,,M26_T99
jp_type_93,20.0,100.0,1.42,1.0,1.0,1.0,166.0,42.29,0.88,0.86,0.0,0.0,0.0,,,,,,Type_93
jp_type_90b,17.0,50.0,0.0,0.0,3.0,3.0,600.0,53.64,0.0,0.0,1.81,1.81,0.0,,,,,,Type_90_(B)
sw_strv_m38,18.0,100.0,0.0,0.0,1.94,5.0,0.0,,,,,,0.0,,,,,,Strv_m/38
germ_sturmmorser_sturmtiger,21.0,,,0.0,,1.13,37.0,100.0,0.0,0.0,3.0,2.0,0.0,,,,,,38_cm_Sturmmörser
fr_amx_13_fl_11,22.0,100.0,0.0,0.0,2.11,1.33,96.0,50.0,0.0,0.0,1.92,1.74,0.0,,,,,,AMX-13_(FL11)
fr_leopard_1a5be,21.0,,,0.0,,2.0,100.0,62.0,0.0,0.0,2.66,2.24,0.0,,,,,,Leopard_1A5BE
cn_m4a4_sherman,22.0,100.0,0.0,0.0,3.93,3.93,6.0,50.0,0.0,0.0,2.5,5.0,0.0,,,,,,M4A4_(China)
spitfire_mk5c,22.0,100.0,4.55,4.55,0.0,0.0,21.0,100.0,2.63,1.83,3.88,1.28,10.0,,,2.0,,0.0,Spitfire_Mk_Vc/trop
il_magach_6b_gal,23.0,87.18,0.0,0.0,1.0,1.0,267.0,49.72,0.0,0.0,1.79,1.51,0.0,,,,,,Magach_6B_Gal
p-38e,18.0,50.0,1.0,2.0,0.0,0.0,0.0,,,,,,0.0,,,,,,P-38E
spitfire_mk5c_notrop,22.0,100.0,6.0,6.0,0.0,0.0,69.0,100.0,2.31,,2.0,,0.0,,,,,,Spitfire_Mk_Vc
a6m5hei,19.0,,,1.0,,0.0,0.0,,,,,,0.0,,,,,,A6M5_Hei
ussr_t_60_1941,19.0,,,0.0,,1.0,3.0,,,,,,0.0,,,,,,T-60
p-47d_22_re,21.0,,,0.0,,0.0,29.0,100.0,0.38,0.38,0.19,0.19,0.0,,,,,,P-47D-22-RE
f-80,21.0,,,,,,13.0,,,,,,0.0,,,,,,F-80C-10
us_m4a1_1942_sherman,20.0,100.0,0.0,0.0,2.0,0.95,48.0,89.47,0.0,0.0,1.95,1.19,0.0,,,,,,M4A1
germ_pzkpfw_e_100,19.0,100.0,0.0,0.0,6.83,6.0,13.0,100.0,0.0,0.0,8.0,8.0,0.0,,,,,,E-100
us_mk1_grant,23.0,87.88,0.11,0.5,2.47,5.0,1.0,0.0,0.0,0.0,0.0,0.0,0.0,,,,,,Grant_I
he_100d_1,19.0,,,,,,0.0,,,,,,0.0,,,,,,He_100_D-1
uk_sp_17_pdr_valentine,20.0,50.0,0.5,1.0,0.5,1.0,0.0,,,,,,0.0,,,,,,Archer
bf-109b_2,19.0,,,2.05,,0.0,0.0,,,,,,0.0,,,,,,Bf_109_B-1
saab_j21a_1,18.0,,,,,,30.0,,,1.0,,0.08,0.0,,,,,,J21A-1
mig-17,19.0,,,,,,181.0,70.0,1.9,1.87,1.48,1.5,0.0,,,,,,MiG-17
cn_type_97_kai,20.0,,,0.0,,1.45,0.0,,,,,,0.0,,,,,,Chi-Ha_Kai_(China)
p-63a-5_ussr,21.0,,,1.0,,1.0,116.0,58.33,1.27,1.27,2.38,2.32,0.0,,,,,,P-63A-5
mosquito_j30_sweden,19.0,,,1.0,,0.0,52.0,66.67,0.76,0.71,1.33,0.87,0.0,,,,,,Mosquito_J30
germ_raketenjagdpanzer_2,20.0,,,0.0,,0.0,69.0,0.0,0.0,0.0,1.48,0.71,0.0,,,,,,RakJPz_2
it_of_40_mk_1,18.0,0.0,0.0,0.0,1.0,1.0,218.0,75.16,0.0,0.0,3.98,2.56,0.0,,,,,,OF-40
mig-21_smt,19.0,100.0,1.0,1.0,0.0,0.0,134.0,86.02,4.55,4.85,0.55,0.55,0.0,,,,,,MiG-21SMT
sw_pvrbv_551,20.0,0.0,0.0,0.0,1.0,1.0,107.0,43.22,0.0,0.0,1.35,1.23,0.0,,,,,,Pvrbv_551
saab_t18b_2,19.0,,,0.16,,0.37,0.0,,,,,,0.0,,,,,,T18B_(57)
us_m1_abrams_kvt,20.0,,,0.0,,0.0,1028.0,52.64,0.0,0.0,2.53,2.0,0.0,,,,,,M1_KVT
ussr_t_34_85_zis_53_kit_3rank,18.0,100.0,0.0,0.0,5.4,5.4,135.0,34.62,0.0,0.0,1.57,1.61,0.0,,,,,,Т-34-85_('45)
b5n2,18.0,100.0,0.0,0.0,7.2,7.5,23.0,,,,,,0.0,,,,,,B5N2
ussr_t_35,17.0,,,,,,0.0,,,,,,0.0,,,,,,T-35
lagg-3-66,18.0,100.0,6.0,6.0,4.0,4.0,0.0,,,,,,0.0,,,,,,LaGG-3-66
us_m3_lee,24.0,66.67,0.2,0.2,3.5,4.2,17.0,,,0.0,,3.3,0.0,,,,,,M3_Lee
ussr_rbt_5,17.0,,,,,,9.0,,,0.0,,1.0,0.0,,,,,,RBT-5
f7f1,19.0,100.0,1.0,1.0,3.0,3.0,141.0,46.61,0.31,0.28,0.97,0.78,0.0,,,,,,F7F-1
d_520,19.0,100.0,2.71,2.26,0.0,0.0,0.0,,,,,,0.0,,,,,,D.520
i-153_m62_zhukovskiy,17.0,100.0,3.32,3.45,0.18,0.1,0.0,,,,,,0.0,,,,,,Zhukovsky's_I-153-M62
sb_2m_105,18.0,100.0,0.0,0.0,3.0,2.67,0.0,,,,,,0.0,,,,,,SB_2M-105
us_m46_patton_73_armor_bat,19.0,50.0,0.0,0.0,1.5,3.0,291.0,62.62,0.0,0.0,3.31,2.41,0.0,,,,,,"M46_""Tiger"""
jp_type_97_chi_ha_12cm,18.0,100.0,0.0,,11.4,,32.0,100.0,0.0,0.0,2.86,2.86,0.0,,,,,,Chi-Ha_Short_Gun
lagg-3-23,18.0,100.0,2.0,2.11,1.0,1.0,13.0,,,1.0,,0.0,0.0,,,,,,LaGG-3-23
cn_wz_305,18.0,,,3.0,,1.0,336.0,62.22,0.6,0.65,1.42,1.55,22.0,0.0,0.0,0.0,1.0,1.41,WZ305
us_xm_8,18.0,100.0,0.0,0.0,3.0,2.83,12.0,100.0,0.0,0.0,4.75,2.9,0.0,,,,,,XM8
boomerang_mki,19.0,100.0,2.0,1.37,0.0,0.0,0.0,,,,,,0.0,,,,,,Boomerang_Mk_I
d_521,19.0,100.0,2.0,2.0,0.0,0.0,0.0,,,,,,0.0,,,,,,D.521
us_m4a3e2_sherman_jumbo,18.0,,,,,,433.0,63.99,0.0,0.0,2.91,2.55,0.0,,,,,,M4A3E2
sw_strf_9056,18.0,,,0.0,,1.0,181.0,46.02,0.11,0.06,1.24,0.95,0.0,,,,,,Strf_9040_BILL
f-89b,19.0,100.0,3.0,2.6,1.0,0.6,88.0,74.86,0.83,2.1,0.8,1.89,0.0,,,,,,F-89B
boomerang_mkii,19.0,100.0,1.0,1.0,0.0,0.0,0.0,,,,,,0.0,,,,,,Boomerang_Mk_II
p-38l_1_china_rocaf,18.0,,,1.22,,0.0,46.0,100.0,4.75,,0.0,,0.0,,,,,,P-38L-1_(China)
it_fiat_6616_cockerill,17.0,50.0,0.0,0.0,1.0,1.23,262.0,52.31,0.0,0.0,1.22,0.96,0.0,,,,,,AUBL/74
uk_challenger_mk_3,17.0,100.0,0.0,0.0,3.0,3.0,130.0,62.56,0.0,0.0,2.94,2.82,0.0,,,,,,Challenger_Mk.3
me-262a-1a_u4,18.0,66.67,0.63,0.63,2.3,2.3,664.0,52.87,0.25,0.35,1.73,2.39,0.0,,,,,,Me_262_A-1/U4
cn_cm_25,18.0,,,,,,29.0,50.0,0.0,0.0,0.0,0.0,0.0,,,,,,CM25
germ_sppz2_luchs_a2,19.0,0.0,0.0,0.0,1.0,1.0,62.0,0.0,0.0,0.0,0.0,0.09,0.0,,,,,,Luchs_A2
p-63c-5_france,19.0,18.42,0.82,1.0,0.21,0.0,115.0,94.87,0.62,0.6,1.96,1.9,0.0,,,,,,P-63C-5
vg_33,18.0,100.0,8.0,,0.0,,12.0,100.0,1.0,1.0,0.0,0.0,0.0,,,,,,V.G.33C-1
p-40f-5_france_ep,17.0,,,2.06,,0.53,0.0,,,,,,0.0,,,,,,P-40F-5_Lafayette
f-5c,16.0,,,,,,202.0,43.31,0.91,1.02,0.32,0.32,0.0,,,,,,F-5C
j_7e,19.0,50.0,2.5,2.1,0.0,0.0,20.0,40.0,3.0,3.0,1.0,1.0,0.0,,,,,,J-7E
ussr_t_80,16.0,55.56,0.0,0.0,1.78,2.17,16.0,0.0,0.0,0.0,1.0,1.0,0.0,,,,,,T-80
ussr_su_122,17.0,100.0,0.0,0.0,1.29,1.71,34.0,0.0,0.0,0.0,1.24,0.83,0.0,,,,,,SU-122
ussr_btr_152a,18.0,100.0,2.2,2.2,1.0,1.0,0.0,,,,,,0.0,,,,,,BTR-152A
uk_centurion_mk_1,16.0,100.0,0.0,0.0,3.27,3.27,314.0,48.49,0.0,0.0,2.08,1.79,0.0,,,,,,Centurion_Mk_1
mig_29smt_9_19,16.0,40.0,3.47,3.23,0.0,0.0,158.0,69.05,1.68,1.69,0.37,0.37,0.0,,,,,,MiG-29SMT
gladiator_j8a,16.0,,,1.0,,0.0,0.0,,,,,,0.0,,,,,,J8A
cn_oplot_t,14.0,40.0,0.0,0.0,1.6,1.38,292.0,76.38,0.0,0.0,3.39,1.68,3.0,,,0.0,,1.0,Oplot-M
ms_410c1,17.0,,,,,,0.0,,,,,,0.0,,,,,,M.S.410
f4f-3,17.0,,,2.09,,0.0,6.0,,,1.0,,0.0,0.0,,,,,,F4F-3
n1k1_ja,16.0,,,,,,7.0,,,,,,0.0,,,,,,N1K1-Ja
p-47d,18.0,19.44,0.97,1.0,1.44,1.5,52.0,64.59,0.19,0.29,0.54,0.56,0.0,,,,,,P-47D-25
fr_amx_32,17.0,20.83,0.0,0.0,1.67,2.08,385.0,53.83,0.0,0.0,2.76,2.86,0.0,,,,,,AMX-32
germ_leopard_2pl,17.0,,,0.0,,1.0,937.0,36.77,0.0,0.0,1.47,1.25,0.0,,,,,,Leopard_2_PL
fr_amx_50,15.0,100.0,0.0,0.0,1.86,1.86,275.0,86.54,0.0,0.0,5.24,4.38,10.0,50.0,0.0,0.0,1.0,2.0,AMX-50_(TOA100)
av_8b_plus,16.0,0.0,1.0,1.0,0.0,0.0,3.0,,,,,,0.0,,,,,,AV-8B_Plus
us_t54e1,17.0,,,0.0,,1.59,42.0,50.87,0.0,0.0,0.86,1.52,0.0,,,,,,T54E1
jp_st_b1,17.0,100.0,0.0,0.0,1.0,1.0,324.0,67.35,0.0,0.0,2.32,1.47,0.0,,,,,,STB-2
fr_amx_30_ACRA,16.0,,,0.0,,1.0,31.0,45.0,0.0,0.0,1.75,0.73,0.0,,,,,,AMX-30_ACRA
mig_23m,18.0,,,1.28,,0.0,0.0,,,,,,11.0,,,1.0,,0.0,MiG-23M
jp_type_1_chi_he,18.0,,,,,,146.0,100.0,0.0,0.0,5.04,2.29,0.0,,,,,,Chi-He
f-86a-5,18.0,,,0.0,,0.0,63.0,72.5,2.12,3.14,0.84,1.24,0.0,,,,,,F-86A-5
a-20g,15.0,100.0,1.0,0.69,5.11,4.85,10.0,50.0,1.5,1.5,9.5,9.5,0.0,,,,,,A-20G-25
germ_sdkfz_222,17.0,100.0,0.0,0.0,3.76,3.76,156.0,61.5,0.0,0.0,2.76,1.8,0.0,,,,,,Sd.Kfz.222
germ_flarakpz_1,17.0,,,,,,107.0,56.99,1.13,1.07,0.0,0.0,0.0,,,,,,FlaRakPz_1
fr_amx_13_75,17.0,50.0,0.0,0.0,1.5,3.0,237.0,60.7,0.0,0.0,1.42,1.11,3.0,,,0.0,,0.0,AMX-13
it_palmaria,19.0,0.0,0.0,0.0,3.71,2.14,83.0,50.0,0.0,0.0,1.76,2.46,0.0,,,,,,Palmaria
ki_84_ko,16.0,,,1.44,,0.0,4.0,,,,,,0.0,,,,,,Ki-84_ko
germ_pzkpfw_38t_Aufklarungspanzer,17.0,100.0,0.0,0.0,1.0,1.0,25.0,100.0,0.0,0.0,1.0,1.0,0.0,,,,,,Sd.Kfz._140/1
sw_t_55m,14.0,50.0,0.0,0.0,1.0,2.0,365.0,57.9,0.0,0.0,1.55,1.67,0.0,,,,,,T-55M
firebrand_tf4,15.0,,,1.2,,1.55,51.0,77.78,0.0,0.0,1.13,0.72,0.0,,,,,,Firebrand_TF_Mk_IV
us_m551_76,15.0,,,0.0,,1.0,211.0,70.67,0.0,0.0,4.76,1.79,0.0,,,,,,M551(76)
j_7d,18.0,50.0,1.5,1.12,0.0,0.0,120.0,85.7,2.86,3.23,0.79,0.44,0.0,,,,,,J-7D
p-51_a-36,15.0,,,4.14,,1.29,57.0,13.16,0.71,0.74,3.47,4.0,0.0,,,,,,A-36
b_24d,15.0,50.0,0.0,0.0,1.0,1.0,0.0,,,,,,0.0,,,,,,B-24D-25-CO
jp_type_74_red_star,16.0,,,0.0,,1.0,314.0,55.45,0.0,0.0,2.68,1.62,0.0,,,,,,Type_74_Red_Star
p-47d_30_italy,16.0,,,2.38,,0.88,86.0,51.61,0.29,0.24,0.73,0.75,8.0,,,,,,P-47D-30
la-9_china,15.0,,,2.0,,0.0,5.0,,,2.0,,0.0,0.0,,,,,,La-9_(China)
jp_type_74_mod_g_kai,16.0,,,0.0,,1.0,352.0,56.41,0.0,0.0,2.45,2.12,0.0,,,,,,Type_74_(G)
it_sherman_vc_firefly,15.0,100.0,0.0,0.0,1.0,1.0,11.0,,,0.0,,1.0,0.0,,,,,,Sherman_Vc
ussr_btr_80a,15.0,,,,,,829.0,50.84,0.0,0.0,1.1,0.97,0.0,,,,,,BTR-80A
jp_type_60_sprg,16.0,100.0,0.0,0.0,0.36,0.36,659.0,62.1,0.0,0.0,1.67,1.78,0.0,,,,,,Type_60_SPRG_(C)
f4f-4,16.0,,,1.0,,0.0,0.0,,,,,,0.0,,,,,,F4F-4
fr_somua_s35,15.0,,,0.0,,3.0,10.0,,,0.0,,1.0,0.0,,,,,,S.35
av_8b_na,12.0,50.0,1.0,0.7,6.0,4.0,589.0,63.01,0.26,0.36,1.4,1.76,51.0,100.0,1.0,0.27,13.33,5.61,AV-8B_(NA)
il_2_37_1943,14.0,,,1.0,,1.0,0.0,,,,,,0.0,,,,,,IL-2-37
uk_challenger_II,12.0,66.67,0.0,0.0,2.6,3.88,743.0,51.12,0.0,0.0,1.77,1.65,25.0,,,0.0,,0.0,uk_challenger_ii_shop
uk_a_13_mk2,14.0,50.0,0.0,0.0,3.36,6.71,50.0,100.0,0.0,0.0,3.88,1.29,0.0,,,,,,A13_Mk_II
hurricanemkii_ussr,16.0,100.0,4.5,4.29,1.75,2.0,0.0,,,,,,0.0,,,,,,Hurricane_Mk_IIB
germ_nbfz_VI,13.0,,,0.0,,4.0,0.0,,,,,,0.0,,,,,,Nb.Fz.
ki_10_1,14.0,,,,,,0.0,,,,,,0.0,,,,,,Ki-10-I
a6m3_zero,13.0,,,3.0,,0.0,100.0,47.62,1.51,1.65,1.35,1.42,0.0,,,,,,A6M3
cn_lvt_4_zis_2,16.0,,,0.0,,1.0,10.0,,,0.0,,0.2,0.0,,,,,,LVT(A)(4)_(ZiS-2)
sw_bt_42,15.0,70.83,0.0,0.0,3.08,3.08,13.0,,,,,,0.0,,,,,,BT-42
jp_m42_duster,16.0,40.74,0.61,1.11,0.96,1.83,303.0,64.88,0.47,0.28,1.2,0.67,0.0,,,,,,M42
a7m1,15.0,,,1.0,,0.0,114.0,77.36,2.14,2.66,1.44,1.88,0.0,,,,,,A7M1_(NK9H)
il_zsu_23_4,16.0,,,,,,74.0,54.55,0.55,1.0,0.0,0.0,0.0,,,,,,ZSU-23-4_(Israel)
jp_type_10_prototype,14.0,,,0.0,,1.0,604.0,55.49,0.0,0.0,2.09,1.76,0.0,,,,,,TKX_(P)
re_2002_early,14.0,,,2.0,,0.0,4.0,,,0.0,,1.0,0.0,,,,,,Re.2002_Early
sw_ikv_91_105,16.0,100.0,0.0,0.0,1.0,1.0,242.0,45.85,0.0,0.0,0.85,1.0,0.0,,,,,,Ikv_91-105
ussr_zsu_23_4m2,14.0,100.0,1.0,1.0,0.0,0.0,56.0,4.03,0.89,0.95,0.05,0.05,0.0,,,,,,ЗСУ-23-4М2
mig-19j_6a,16.0,90.0,0.9,1.0,0.0,0.0,22.0,100.0,2.0,,0.0,,0.0,,,,,,J-6A
us_m1128_mgs,14.0,,,0.0,,1.0,550.0,48.57,0.0,0.0,1.23,1.14,0.0,,,,,,M1128
ussr_2s25,13.0,,,0.0,,0.91,1052.0,58.81,0.0,0.0,1.56,1.4,0.0,,,,,,2S25
tornado_f3_late,14.0,,,1.0,,0.0,0.0,,,,,,0.0,,,,,,Tornado_F.3_Late
sm_79_1941_italy,14.0,100.0,0.0,0.0,1.0,1.0,0.0,,,,,,0.0,,,,,,S.M.79_AS
sbd-3,15.0,0.0,0.0,0.0,0.0,0.0,0.0,,,,,,0.0,,,,,,SBD-3
bf-110f-2,12.0,100.0,6.0,6.0,0.0,0.0,0.0,,,,,,0.0,,,,,,Bf_110_F-2
it_semovente_m42_75_34,12.0,50.0,0.0,0.0,2.0,3.71,0.0,,,,,,0.0,,,,,,75/34_M42
bf-109a_1,15.0,,,2.0,,0.0,0.0,,,,,,0.0,,,,,,Flegel's_Bf_109_A
uk_m4a5_ram_2,16.0,,,,,,49.0,80.7,0.0,0.0,1.82,2.18,0.0,,,,,,Ram_II
blenheim_mkiv,15.0,100.0,0.0,0.0,3.0,3.0,0.0,,,,,,0.0,,,,,,Blenheim_Mk_IV
germ_vt_1_2,14.0,100.0,0.0,0.0,4.0,4.0,88.0,46.19,0.0,0.0,2.97,2.21,0.0,,,,,,VT1-2
ussr_object_292,13.0,100.0,0.0,0.0,4.31,4.31,742.0,52.55,0.0,0.0,3.18,2.38,0.0,,,,,,Object_292
lagg-3-34,14.0,50.0,1.5,3.0,0.0,0.0,0.0,,,,,,0.0,,,,,,LaGG-3-34
ussr_t_26_1940,15.0,,,,,,4.0,,,,,,0.0,,,,,,T-26
jp_sub_i_ii_20mm,15.0,100.0,0.5,0.33,1.5,1.33,925.0,67.63,0.34,0.34,0.78,0.72,0.0,,,,,,SUB-I-II
sw_leopard_2a6nl,14.0,100.0,0.0,,2.0,,141.0,51.61,0.0,0.0,2.33,2.18,0.0,,,,,,Leopard_2A6
a_7k,14.0,100.0,0.0,0.0,1.21,1.21,0.0,,,,,,0.0,,,,,,A-7K
it_zsu_57_2,14.0,50.0,0.0,0.0,1.5,1.5,55.0,98.15,0.05,0.04,4.52,3.2,0.0,,,,,,◔ZSU-57-2
germ_flakpz_1a2_Gepard,13.0,100.0,1.0,1.0,0.0,0.0,880.0,36.43,0.64,0.59,0.46,0.41,0.0,,,,,,Gepard_1A2
p-38j,14.0,50.0,0.5,1.0,0.5,1.0,0.0,,,,,,0.0,,,,,,P-38J-15
ki_100_early,14.0,,,1.0,,0.0,126.0,91.75,3.29,1.86,8.52,4.15,0.0,,,,,,Ki-100
f2g-1,15.0,100.0,1.0,,0.0,,201.0,64.35,0.52,0.55,1.59,1.69,0.0,,,,,,F2G-1
f4u-1a_usmc,13.0,75.0,2.38,3.1,0.0,0.0,10.0,,,,,,0.0,,,,,,F4U-1A_(USMC)
sw_strf_90b,13.0,,,,,,243.0,52.22,0.07,0.06,2.01,1.69,0.0,,,,,,Strf_9040B
p-63a-5,13.0,,,1.0,,0.0,29.0,100.0,3.33,1.78,1.0,0.66,0.0,,,,,,P-63A-5
uk_t17e2,13.0,,,,,,29.0,,,,,,0.0,,,,,,Staghound_AA
cn_m24_chaffee,15.0,100.0,0.0,0.0,2.0,2.0,46.0,58.33,0.0,0.0,2.55,1.26,0.0,,,,,,M24_(China)
sw_a_34_comet,13.0,,,,,,75.0,20.69,0.0,0.0,1.04,0.99,0.0,,,,,,Comet_I
mig-21_bis,13.0,,,0.0,,0.0,16.0,,,1.0,,0.0,0.0,,,,,,MiG-21bis
cn_m41_a3_walker_bulldog,15.0,,,0.0,,1.0,19.0,,,0.0,,1.83,0.0,,,,,,M41A3_(China)
b-17e_late,14.0,,,0.0,,0.0,0.0,,,,,,0.0,,,,,,B-17E/L
ussr_buk_m3_fcs,13.0,,,,,,98.0,51.67,1.27,0.57,0.0,0.0,0.0,,,,,,"9К317М_""БУК-М3""_(СОЦ)"
germ_m55,15.0,,,0.0,,1.0,62.0,0.0,0.0,0.0,1.0,0.97,0.0,,,,,,◄M55
sw_zsu_57_2,14.0,100.0,0.0,,1.0,,261.0,37.29,0.0,0.0,1.08,0.98,0.0,,,,,,ZSU-57-2
ussr_is_2_1944_321,15.0,100.0,0.0,0.0,6.33,6.33,10.0,88.1,0.0,0.0,4.93,4.93,0.0,,,,,,IS-2_No.321
cn_ztz_88b,15.0,100.0,0.0,0.0,4.25,4.25,188.0,57.72,0.0,0.0,1.48,1.66,1.0,,,,,,ZTZ88B
ussr_object_248,14.0,100.0,0.0,0.0,6.57,7.0,27.0,77.78,0.0,0.0,3.11,4.54,0.0,,,,,,Object_248
uk_sky_sabre_fcs,13.0,,,2.0,,0.0,211.0,57.16,1.79,1.76,0.0,0.0,0.0,,,,,,Sky_Sabre_(СОЦ)
i-153p,12.0,,,2.0,,0.0,41.0,98.72,6.37,14.0,0.17,1.0,0.0,,,,,,I-153P
us_m10_booker_late,14.0,,,0.0,,2.0,572.0,58.75,0.0,0.0,1.92,1.62,0.0,,,,,,M10_Booker
f-105d,12.0,,,0.0,,2.0,61.0,33.33,0.73,0.69,0.0,0.0,18.0,,,,,,F-105D
cn_type_69,13.0,,,0.0,,1.69,363.0,66.06,0.0,0.0,3.25,3.05,0.0,,,,,,Type_69
he51a1,13.0,,,,,,0.0,,,,,,0.0,,,,,,He_51_A-1
fr_tpk_641_vpc,14.0,100.0,1.0,,0.0,,61.0,63.73,0.0,0.18,0.53,0.29,0.0,,,,,,TPK_6.41
us_m60a3_slep,14.0,,,,,,15.0,100.0,0.0,0.0,1.63,1.5,0.0,,,,,,M60_AMBT
jp_st_a2,13.0,50.0,0.0,0.0,1.36,2.73,207.0,86.31,0.0,0.0,4.78,2.58,0.0,,,,,,ST-A2
us_m60,13.0,,,0.0,,2.0,256.0,52.92,0.0,0.0,1.56,1.19,0.0,,,,,,M60
f_15a,14.0,100.0,0.0,0.0,1.0,1.0,205.0,54.31,0.86,1.16,0.14,0.2,0.0,,,,,,F-15A
yak-9p_hungary,12.0,,,1.0,,0.0,0.0,,,,,,0.0,,,,,,◔Yak-9P
spitfire_mk5b,12.0,,,,,,17.0,,,,,,0.0,,,,,,Spitfire_Mk_Vb/trop
il-10_1946_china,13.0,,,1.0,,0.0,8.0,50.0,0.0,0.0,1.0,2.0,0.0,,,,,,IL-10_(1946)_(China)
it_ab_41,12.0,100.0,0.0,,3.43,,8.0,,,0.0,,3.33,0.0,,,,,,AB_41
ussr_kv_2_1940,13.0,,,0.0,,3.0,0.0,,,,,,0.0,,,,,,KV-2_(1940)
a6m2_zero,11.0,100.0,2.0,2.0,0.0,0.0,5.0,,,0.6,,1.0,8.0,,,,,,A6M2
a6m2_mod11,11.0,,,,,,81.0,97.5,0.73,1.1,0.56,0.75,0.0,,,,,,A6M2_mod._11
il_centurion_shot_kal_gimel,11.0,100.0,0.0,0.0,2.2,2.2,28.0,74.24,0.0,0.0,1.82,1.57,0.0,,,,,,Sho't_Kal_Gimel
uk_rooikat_za_35,11.0,,,1.0,,1.0,224.0,57.92,0.09,0.09,2.11,1.79,0.0,,,,,,ZA-35
uk_a30_sp_avenger_kit_3rank,11.0,,,0.0,,1.4,146.0,88.1,0.0,0.0,3.89,1.94,0.0,,,,,,Avenger_(Overlord)
us_t30,13.0,,,,,,71.0,41.3,0.0,0.0,1.98,1.77,0.0,,,,,,T30
uk_chieftain_mk_5,12.0,,,,,,153.0,50.9,0.0,0.0,3.55,2.73,0.0,,,,,,Chieftain_Mk_5
us_m8_scott,13.0,100.0,0.0,0.0,1.0,1.0,0.0,,,,,,0.0,,,,,,M8_HMC
us_skink_aa,11.0,,,,,,300.0,60.75,1.26,2.66,0.0,0.0,0.0,,,,,,Skink
ffvs_j22_a,13.0,100.0,1.46,1.46,0.0,0.0,0.0,,,,,,0.0,,,,,,J22-A
germ_pzkpfw_III_ausf_J,11.0,,,,,,36.0,,,0.0,,2.69,0.0,,,,,,Pz.III_J1
germ_flakpanzer_IV_Ostwind_2,13.0,50.0,0.85,1.54,0.5,0.77,519.0,27.62,0.44,0.46,0.16,0.2,0.0,,,,,,Ostwind_II
ussr_object_775,11.0,,,,,,458.0,49.27,0.0,0.0,1.86,1.7,0.0,,,,,,Object_775
a_5c,13.0,,,1.0,,0.0,56.0,29.41,0.74,1.06,1.26,1.71,0.0,,,,,,A-5C
ussr_9a33bm3,12.0,50.0,1.0,1.25,0.5,0.25,40.0,31.25,0.44,0.9,0.0,0.0,0.0,,,,,,Оса-АКМ
f_16c_block_52_aesa,12.0,,,1.0,,0.08,598.0,58.0,0.83,0.93,0.98,1.13,72.0,37.78,0.63,0.32,0.87,0.48,F-16CM_PoBIT
fr_amx_40,11.0,100.0,0.0,0.0,1.0,1.0,220.0,68.03,0.0,0.0,2.5,1.67,0.0,,,,,,AMX-40
saab_t18b_1,13.0,,,0.08,,2.0,10.0,,,1.0,,0.0,0.0,,,,,,T18B
mig_21_bis_finland,11.0,50.0,0.5,1.0,0.0,0.0,57.0,76.32,2.33,1.0,0.0,0.0,0.0,,,,,,MiG-21bis
jp_type_61,11.0,,,0.0,,1.55,519.0,67.91,0.0,0.0,1.86,1.64,0.0,,,,,,Type_61
ki-27_otsu,13.0,,,2.86,,0.0,0.0,,,,,,0.0,,,,,,Ki-27_otsu
saab_ajs37,11.0,,,0.0,,0.0,62.0,100.0,0.47,0.47,2.53,2.53,0.0,,,,,,AJS37
saab_ja37,11.0,50.0,0.0,0.0,0.0,0.0,341.0,57.04,1.65,1.96,0.01,0.03,26.0,,,0.92,,0.0,JA37C
saab_j35d,11.0,,,0.0,,0.0,16.0,50.0,1.25,2.5,0.5,1.0,0.0,,,,,,J35D
beaufighter_mk21,11.0,100.0,1.0,1.0,7.5,7.18,26.0,,,0.0,,1.0,0.0,,,,,,Beaufighter_Mk_21
jp_st_a1,12.0,,,,,,378.0,72.15,0.0,0.0,3.38,1.74,0.0,,,,,,ST-A1
spitfire_fr_mk14e,11.0,,,5.0,,0.0,0.0,,,,,,0.0,,,,,,Prendergast's_Spitfire_FR_Mk_XIVe
germ_spz_12_3,12.0,100.0,0.0,0.0,4.0,4.0,23.0,,,0.0,,1.48,0.0,,,,,,SPz_12-3_LGS
sw_pvkv_III,12.0,,,,,,25.0,,,0.0,,1.0,0.0,,,,,,Pvkv_III
firefly_mk1,11.0,100.0,1.0,0.71,5.2,5.14,13.0,,,0.08,,2.0,0.0,,,,,,Firefly_F_Mk_I
fr_crotale_ng,12.0,12.5,1.75,2.0,0.88,1.0,15.0,,,,,,0.0,,,,,,ItO_90M
ussr_isu_152,11.0,100.0,0.0,0.0,3.0,3.0,45.0,,,0.0,,1.2,0.0,,,,,,ISU-152
sea_fury_fb11,10.0,100.0,3.0,2.2,0.0,0.0,27.0,100.0,1.2,1.21,0.0,0.0,0.0,,,,,,Sea_Fury_FB_11
sw_strv_103_0,11.0,,,0.0,,2.0,62.0,50.54,0.0,0.0,1.87,2.83,0.0,,,,,,Strv_103-0
cn_ztz_88a,12.0,100.0,0.0,0.0,2.0,2.0,302.0,59.5,0.0,0.0,2.75,2.72,10.0,50.0,0.0,0.0,1.5,1.5,ZTZ88A
ussr_kv_122,10.0,100.0,0.0,,2.0,,66.0,50.0,0.0,0.0,4.33,3.2,0.0,,,,,,KV-122
il_machbet,12.0,0.0,1.27,1.27,0.0,0.0,40.0,20.0,0.5,0.63,0.0,0.0,0.0,,,,,,Machbet
il-2i,11.0,,,2.0,,2.82,0.0,,,,,,19.0,,,,,,IL-2_(1942)
hunter_f58_switzerland,12.0,,,2.0,,0.0,357.0,63.74,1.89,2.28,1.56,1.88,0.0,,,,,,◌Hunter_F.58
ussr_t_44_122,11.0,,,,,,123.0,50.0,0.0,0.0,2.14,2.35,0.0,,,,,,T-44-122
p-39q_25_france,12.0,,,,,,55.0,96.15,0.83,0.87,1.04,1.1,0.0,,,,,,P-39Q-25
beaufighter_mkx,11.0,100.0,1.0,1.0,2.5,2.64,4.0,,,,,,0.0,,,,,,Beaufighter_Mk_X
il_magach_7c,11.0,,,0.0,,1.0,33.0,,,0.0,,3.44,0.0,,,,,,Magach_7C
uk_crusader_mk_2_the_saint,10.0,,,,,,0.0,,,,,,0.0,,,,,,"Crusader_""The_Saint"""
mig-17_cuba,12.0,100.0,1.0,1.0,0.0,0.0,10.0,22.22,1.28,1.36,0.72,0.64,0.0,,,,,,MiG-17AS
jp_type_75,11.0,,,,,,378.0,60.77,0.45,0.38,2.69,2.14,0.0,,,,,,Type_75_SPH
uk_a30_challenger,12.0,,,0.0,,1.17,156.0,48.06,0.0,0.0,2.3,1.29,0.0,,,,,,Challenger
fw-190a-5,10.0,,,2.0,,0.0,16.0,,,,,,0.0,,,,,,Fw_190_A-5/U12
it_2s1,12.0,100.0,0.0,0.0,1.0,1.0,19.0,100.0,0.0,0.0,1.0,0.93,0.0,,,,,,◔2S1
ussr_pantsyr_sm_sv,12.0,100.0,1.29,2.0,0.0,0.0,851.0,48.0,1.34,1.03,0.12,0.1,0.0,,,,,,Панцирь_СМ-СВ
germ_hummel,12.0,100.0,0.0,0.0,2.0,1.33,99.0,43.75,0.0,0.0,6.69,2.45,0.0,,,,,,Hummel
spitfire_mk5b_notrop,10.0,,,,,,0.0,,,,,,8.0,,,2.0,,0.0,Spitfire_Mk_Vb
us_m50_ontos,10.0,,,0.0,,1.7,254.0,62.03,0.0,0.0,2.63,1.47,0.0,,,,,,M50
spitfiremkii,10.0,,,,,,0.0,,,,,,0.0,,,,,,Spitfire_Mk_IIb
hurricane_mk1c,10.0,,,2.8,,0.0,0.0,,,,,,0.0,,,,,,Sea_Hurricane_Mk_IC
ussr_pt_76_57,12.0,100.0,0.0,0.0,1.0,1.0,103.0,52.78,0.0,0.0,6.21,3.07,22.0,,,0.0,,3.97,PT-76-57
germ_pzkpfw_35t,11.0,100.0,0.0,,2.91,,40.0,100.0,0.0,0.0,1.5,1.25,0.0,,,,,,Pz.35(t)
il_aml_90,10.0,,,0.0,,0.0,74.0,67.74,0.0,0.0,1.08,0.78,0.0,,,,,,AML-90_(Israel)
i-16_type28,9.0,,,4.0,,1.0,0.0,,,,,,0.0,,,,,,I-16_type_28
uk_a_43_black_prince,10.0,,,,,,52.0,50.0,0.0,0.0,4.28,3.95,0.0,,,,,,Black_Prince
ki_61_1a_hei_ep,11.0,50.0,2.5,5.0,0.0,0.0,4.0,,,0.0,,0.0,0.0,,,,,,Tada's_Ki-61-I_hei
su-2_tss1,11.0,100.0,1.0,0.56,4.5,2.56,0.0,,,,,,0.0,,,,,,Su-2_TSS-1
sw_strv_m31,9.0,100.0,0.0,0.0,1.0,4.88,0.0,,,,,,0.0,,,,,,Strv_m/31
cn_zsd63_pg87,10.0,0.0,1.0,,0.0,,65.0,40.0,1.2,1.25,0.82,0.54,0.0,,,,,,ZSD63/PG87
uk_fv4004_conway,10.0,100.0,0.0,0.0,4.0,2.0,41.0,28.85,0.0,0.0,0.71,1.0,0.0,,,,,,Conway
spitfire_f22,11.0,100.0,3.0,3.0,0.0,0.0,59.0,50.0,1.02,1.34,0.7,0.98,0.0,,,,,,Spitfire_F_Mk_22
tu-2_postwar,9.0,,,0.0,,0.67,9.0,,,,,,0.0,,,,,,Tu-2S-44
ussr_kv_2_1939,11.0,,,,,,38.0,79.17,0.0,0.0,2.71,2.42,0.0,,,,,,KV-2_(1939)
germ_pzkpfw_V_ersatz_m10,11.0,100.0,0.0,,1.0,,3.0,,,0.0,,4.0,0.0,,,,,,Ersatz_M10
us_xm_975_roland,9.0,0.0,2.0,2.0,0.0,0.0,49.0,85.29,0.0,0.0,0.0,0.0,0.0,,,,,,XM975
lagg-i-301,8.0,,,,,,0.0,,,,,,0.0,,,,,,I-301
bf-109f-4_hungary,9.0,,,4.56,,0.0,27.0,50.0,0.5,1.0,1.0,2.0,0.0,,,,,,◐Bf_109_F-4
ki_61_1a_ko,11.0,,,,,,0.0,,,,,,0.0,,,,,,Ki-61-I_ko
us_m109a1,8.0,,,0.0,,1.0,133.0,100.0,0.0,0.0,1.57,0.76,0.0,,,,,,M109A1
do_335a_0,11.0,,,1.27,,0.0,11.0,,,0.0,,0.0,0.0,,,,,,Do_335_A-0
il_magach_6c,11.0,0.0,0.0,0.0,1.0,1.0,5.0,,,,,,0.0,,,,,,Magach_6C
p-61c_1,11.0,75.0,0.25,0.73,3.5,2.09,33.0,,,0.21,,0.88,0.0,,,,,,P-61C-1
fr_leopard_2a5nl,9.0,50.0,0.0,0.0,1.0,1.0,76.0,95.83,0.0,0.0,6.24,3.63,0.0,,,,,,Leopard_2A5NL
p-38l,9.0,50.0,0.5,1.0,0.0,0.0,0.0,,,,,,0.0,,,,,,P-38L-5-LO
yak-9ut,9.0,,,,,,311.0,73.21,1.03,0.98,3.01,2.92,49.0,84.48,0.22,0.26,1.9,2.26,Yak-9UT
us_m6a2e1,13.0,100.0,0.0,0.0,11.0,11.0,30.0,100.0,0.0,0.0,6.0,4.88,0.0,,,,,,M6A2E1
cn_plz_05,8.0,50.0,0.0,0.0,0.5,0.5,145.0,88.46,0.0,0.0,5.54,2.11,0.0,,,,,,PLZ05
germ_marder_1a1,11.0,100.0,0.0,0.0,0.0,0.0,588.0,42.42,0.01,0.01,0.71,0.69,0.0,,,,,,Marder_A1-
it_c1_ariete,8.0,100.0,0.0,0.0,3.0,3.0,107.0,50.0,0.0,0.0,2.94,2.03,0.0,,,,,,Ariete
ussr_smk,10.0,100.0,0.0,0.0,4.5,4.5,2.0,,,0.0,,2.0,0.0,,,,,,SMK
yak-1b_luftwaffe,9.0,,,,,,21.0,,,0.0,,0.0,0.0,,,,,,Yak-1B
buccaneer_s2b,9.0,,,0.0,,2.0,16.0,,,,,,0.0,,,,,,Buccaneer_S.2B
p-51c-11-nt_china,10.0,,,1.0,,1.0,15.0,100.0,2.0,0.13,0.0,0.53,0.0,,,,,,P-51C-11-NT_(China)
harrier_frs1,9.0,,,1.0,,1.0,20.0,50.0,0.0,0.0,0.0,0.0,0.0,,,,,,Sea_Harrier_FRS.1
uk_concept3_ngac,10.0,,,,,,394.0,56.1,0.0,0.0,1.7,0.97,0.0,,,,,,Concept_3
germ_ru251,9.0,,,0.0,,2.0,342.0,47.23,0.0,0.0,3.62,2.51,0.0,,,,,,Ru_251
jp_type_2_ho_ni_2,8.0,,,0.0,,1.5,26.0,100.0,0.0,0.0,1.0,1.0,0.0,,,,,,Ho-Ni_II
sw_kungstiger,10.0,,,0.0,,5.0,141.0,28.43,0.0,0.0,8.54,4.52,3.0,,,0.0,,1.0,Kungstiger
it_c1_ariete_pso,8.0,,,,,,119.0,56.82,0.0,0.0,2.63,2.13,0.0,,,,,,Ariete_PSO
us_m24_chaffee_tl,10.0,,,0.0,,2.6,71.0,76.67,0.0,0.0,1.78,1.78,0.0,,,,,,M24_(TL)
it_otobreda_sidam_25_mistral,8.0,,,,,,6.0,,,,,,0.0,,,,,,SIDAM_25_(Mistral)
bv-155b-1,9.0,100.0,1.0,,0.0,,11.0,100.0,0.0,0.18,0.0,0.0,0.0,,,,,,BV_155_B-1
us_m44,8.0,50.0,0.0,0.0,0.5,1.0,90.0,62.9,0.0,0.0,2.6,1.58,0.0,,,,,,M44
it_44m_zrinyi_1,9.0,,,,,,33.0,100.0,0.0,0.0,1.25,1.0,0.0,,,,,,Zrinyi_I
p-39n_su,10.0,,,2.67,,0.0,22.0,,,1.57,,1.0,0.0,,,,,,Pokryshkin's_P-39N-0
cn_wz_1001,7.0,12.5,0.0,0.0,3.0,3.5,84.0,49.07,0.0,0.0,4.94,2.94,0.0,,,,,,WZ1001(E)_LCT
su_25t,9.0,,,,,,209.0,73.17,0.2,0.19,5.01,4.21,0.0,,,,,,Su-25T
jaguar_gr1a,9.0,,,,,,19.0,100.0,2.0,2.0,1.94,2.0,0.0,,,,,,Jaguar_GR.1A
bf-109c_1,9.0,,,,,,0.0,,,,,,0.0,,,,,,Bf_109_C-1
cn_pt_76,11.0,,,0.0,,0.11,0.0,,,,,,0.0,,,,,,PT-76_(China)
sb2c_5_france,9.0,,,0.0,,0.25,36.0,100.0,1.05,0.83,4.19,4.83,0.0,,,,,,SB2C-5
he-111h-2,9.0,,,,,,0.0,,,,,,0.0,,,,,,He_111_H-3
f-86f-2,9.0,,,0.0,,0.0,62.0,86.02,3.82,4.28,0.83,1.15,0.0,,,,,,F-86F-2
yak-15,8.0,66.67,4.3,4.3,0.0,0.0,9.0,100.0,0.0,0.0,0.0,0.0,0.0,,,,,,Yak-15
i_180,8.0,100.0,3.0,3.5,2.0,0.75,0.0,,,,,,0.0,,,,,,I-180S
sw_pbil_m40,7.0,,,0.0,,3.0,2.0,,,0.0,,1.0,0.0,,,,,,Pbil_m/40
cr_32_quater,8.0,,,1.0,,1.0,0.0,,,,,,0.0,,,,,,CR.32_quater
pe-3,8.0,100.0,0.43,0.43,3.29,3.29,0.0,,,,,,0.0,,,,,,Pe-3
it_m14_41_47_40,7.0,,,0.0,,1.71,0.0,,,,,,0.0,,,,,,M14/41_(47/40)
fr_cckw_353_bofors,8.0,,,,,,5.0,100.0,1.0,1.0,2.0,2.0,0.0,,,,,,CCKW_353_AA
cn_t_80ud_478be,9.0,,,,,,176.0,61.43,0.0,0.0,3.08,1.69,0.0,,,,,,T-80UD/BE
ussr_su_57b,8.0,,,0.0,,1.0,0.0,,,,,,0.0,,,,,,SU-57B
p-51h-5_na,10.0,100.0,1.79,1.79,1.0,1.0,130.0,69.36,1.31,1.6,0.65,0.76,0.0,,,,,,P-51H-5-NA
spitfire_lf_mk9e_iaf,5.0,,,1.0,,0.0,16.0,,,,,,0.0,,,,,,Spitfire_Mk.IX_(CW)_(Israel)
mig-19pt,7.0,,,1.0,,0.0,118.0,45.16,4.05,2.86,0.48,0.5,0.0,,,,,,MiG-19PT
ussr_gaz_mm_72k,7.0,100.0,0.0,0.0,1.0,1.0,0.0,,,,,,0.0,,,,,,GAZ-MM_(72-K)
sw_strv_m40l,7.0,,,,,,0.0,,,,,,0.0,,,,,,Strv_m/40L
mc200_serie7_italy,7.0,,,2.71,,0.0,0.0,,,,,,0.0,,,,,,C._200_serie_7
ussr_t_50,7.0,,,0.0,,2.0,1.0,,,0.0,,4.0,0.0,,,,,,T-50
ussr_zsu_23_4,7.0,,,,,,185.0,29.25,1.22,1.14,0.12,0.14,0.0,,,,,,ZSU-23-4
us_m1296_dragoon,9.0,,,0.0,,0.0,66.0,100.0,0.0,0.0,1.28,0.95,0.0,,,,,,M1296
il_2_1941,8.0,100.0,1.67,1.67,1.67,1.67,23.0,6.25,0.0,0.24,1.0,1.24,0.0,,,,,,IL-2_(1941)
fr_leclerc_s2,9.0,,,0.0,,0.0,134.0,45.7,0.0,0.0,2.92,2.16,0.0,,,,,,Leclerc_S2
spitfire_mk1,6.0,,,4.0,,0.0,3.0,,,,,,0.0,,,,,,Spitfire_Mk_Ia
mosquito_fb_mk26_china,7.0,,,1.0,,1.0,43.0,65.15,2.5,,0.99,,0.0,,,,,,Mosquito_FB.Mk.26
meteor_fmk8_iaf,7.0,,,0.0,,2.0,12.0,0.0,0.0,0.0,0.0,0.0,0.0,,,,,,Meteor_F.8_(Israel)
it_as_42_metropolitana,7.0,100.0,0.0,0.0,4.0,4.0,13.0,,,0.0,,2.0,0.0,,,,,,AS_42
fw-190d-12,6.0,,,1.0,,1.0,4.0,,,,,,0.0,,,,,,Fw_190_D-12
sea_fury_fb51,7.0,,,2.0,,0.0,11.0,100.0,1.0,1.0,1.11,2.0,0.0,,,,,,◘Sea_Fury_FB.51
us_m10,7.0,,,,,,95.0,35.21,0.0,0.0,1.39,1.43,0.0,,,,,,M10_GMC
jp_m60a3_tts,7.0,,,0.0,,1.0,115.0,60.9,0.0,0.0,3.1,3.86,0.0,,,,,,M60A3_TTS
b_25j_30_china,7.0,100.0,1.0,1.0,1.0,1.0,0.0,,,,,,0.0,,,,,,B-25J-30_(China)
beaufighter_mk6c,8.0,,,,,,7.0,,,0.0,,1.0,0.0,,,,,,Beaufighter_Mk_VIc
a_4h,7.0,,,0.0,,1.0,34.0,86.84,0.66,0.61,0.18,0.13,0.0,,,,,,A-4H_(Israel)
ki_67_1_ko,7.0,,,,,,0.0,,,,,,0.0,,,,,,Ki-67-I_Ko
saab_j21a_2,7.0,,,0.0,,2.0,10.0,100.0,2.88,,0.0,,0.0,,,,,,J21A-2
saab_j21ra,7.0,,,0.0,,1.0,63.0,77.78,1.0,1.0,0.2,0.2,0.0,,,,,,J21RA
ussr_zis_30,6.0,,,,,,23.0,,,0.0,,1.36,0.0,,,,,,ZiS-30
cn_m3a3_stuart_1st_ptg,7.0,,,,,,0.0,,,,,,0.0,,,,,,M3A3_(1st_PTG)_(China)
firefly_mk5,7.0,,,1.86,,1.0,22.0,100.0,0.0,0.0,1.05,1.0,0.0,,,,,,Firefly_FR_Mk_V
b_26b_c,7.0,,,0.0,,2.0,1.0,,,,,,0.0,,,,,,B-26B
sw_strv_m41_s2,7.0,,,,,,1.0,,,0.0,,1.0,0.0,,,,,,Strv_m/41_S-II
f8f1b_france,7.0,0.0,3.0,3.0,0.0,0.0,86.0,97.62,1.86,1.38,2.98,2.18,0.0,,,,,,F8F-1B
ki_67_1_otsu,7.0,,,0.0,,1.0,0.0,,,,,,0.0,,,,,,Ki-67-I_otsu
germ_leopard_2a5_pso,5.0,58.34,0.0,0.0,1.0,1.17,1008.0,51.77,0.0,0.0,1.88,1.5,6.0,,,,,,Leopard_2_PSO
beaufort_mkviii,8.0,,,0.0,,0.0,0.0,,,,,,0.0,,,,,,Beaufort_Mk_VIII
he-162a-2,7.0,,,,,,50.0,96.77,4.03,3.91,0.01,0.01,0.0,,,,,,He_162_A-2
it_c13_t90,7.0,100.0,0.0,,1.0,,58.0,44.44,0.0,0.0,2.22,1.61,0.0,,,,,,C13_T90
germ_pzsfl_IVa_dickermax,7.0,,,,,,0.0,,,,,,0.0,,,,,,Dicker_Max
il_sholef,7.0,,,0.0,,1.0,0.0,,,,,,0.0,,,,,,Sholef
fiat_g91_r4_german,8.0,,,1.0,,0.0,58.0,80.77,1.58,1.75,1.0,0.9,0.0,,,,,,◄G.91_R/4
la-11_china,6.0,,,,,,19.0,,,,,,0.0,,,,,,La-11_(China)
sw_bmp_2md,6.0,,,0.0,,1.0,121.0,51.11,0.0,0.0,0.72,0.76,0.0,,,,,,BMP-2MD
germ_marder_clovis,7.0,,,0.0,,1.0,60.0,50.0,0.0,0.0,1.5,1.37,0.0,,,,,,CLOVIS
us_t92,7.0,,,0.0,,1.0,556.0,50.7,0.0,0.0,1.47,1.12,0.0,,,,,,T92
ussr_bmd_4m2,7.0,,,0.0,,0.0,1029.0,47.71,0.0,0.0,1.25,1.01,28.0,84.21,0.0,0.0,1.37,1.32,БМД-4M2
lancaster_mr7_france,7.0,,,,,,0.0,,,,,,0.0,,,,,,Lancaster_MR.7
cn_sdkfz_222_early,7.0,100.0,0.0,,1.0,,30.0,23.33,0.0,0.0,0.3,0.3,0.0,,,,,,Sd.Kfz.222_(China)
tu-2_postwar_china,7.0,,,0.0,,1.0,48.0,100.0,0.0,0.0,2.25,3.72,0.0,,,,,,Tu-2S-44_(China)
bf-109g-2_hungary,7.0,,,6.0,,0.0,39.0,100.0,1.91,2.75,0.96,1.0,0.0,,,,,,◐Bf_109_G-2
ussr_zis_43,7.0,100.0,1.0,1.0,2.0,2.0,0.0,,,,,,0.0,,,,,,ZiS-43
it_as_42_47,6.0,100.0,0.0,0.0,3.0,3.0,0.0,,,,,,0.0,,,,,,AS_42/47
us_m5a1_stuart,8.0,50.0,0.0,0.0,1.5,3.0,128.0,59.68,0.0,0.0,3.9,2.56,0.0,,,,,,M5A1
germ_pzkpfw_IV_ausf_E,6.0,,,,,,21.0,,,0.0,,1.0,0.0,,,,,,Pz.IV_E
bf_110g_4_hungary,6.0,,,1.0,,1.0,56.0,52.08,0.12,0.23,1.0,1.94,0.0,,,,,,◐Bf_110_G-4
it_leopard_1a2,5.0,,,,,,94.0,44.89,0.0,0.0,1.35,1.26,0.0,,,,,,Leopard_1A2
ki_44_2_hei_china,5.0,100.0,3.0,3.0,1.0,1.0,8.0,100.0,2.86,1.0,1.0,0.0,0.0,,,,,,Ki-44-II_hei_(China)
uk_fv221_caernarvon,5.0,,,0.0,,1.0,137.0,51.43,0.0,0.0,2.74,1.84,0.0,,,,,,Caernarvon
ussr_isu_122s,7.0,,,0.0,,2.0,16.0,,,,,,0.0,,,,,,ISU-122S
welkin_fmk1,6.0,,,1.0,,0.0,0.0,,,,,,0.0,,,,,,Welkin_F.Mk.I
uk_g6_spg,5.0,,,0.0,,1.0,66.0,50.0,0.0,0.0,0.5,0.5,0.0,,,,,,G6
uk_chieftain_marksman,7.0,50.0,0.0,0.0,0.0,0.0,225.0,48.06,0.59,0.34,1.22,0.72,0.0,,,,,,Chieftain_Marksman
f2h-2,7.0,100.0,3.0,3.0,0.0,0.0,145.0,52.96,0.94,1.08,0.76,0.86,0.0,,,,,,F2H-2
fr_amx_elc_901,6.0,,,,,,47.0,100.0,0.0,0.0,3.67,2.54,0.0,,,,,,ELC_901
bf_109t_2,7.0,100.0,1.0,,1.0,,58.0,63.89,0.72,1.17,1.36,2.17,0.0,,,,,,Bf_109_T-2
i-153_m62,6.0,,,,,,0.0,,,,,,0.0,,,,,,I-153_M-62
f3d_1,7.0,0.0,0.0,0.0,0.29,0.29,43.0,60.0,0.0,0.19,1.9,1.39,0.0,,,,,,F3D-1
i-15bis_krasnolutsky,6.0,,,,,,0.0,,,,,,0.0,,,,,,Krasnolutsky's_I-15bis
it_semovente_m41_75_32,6.0,,,,,,0.0,,,,,,0.0,,,,,,75/32_M41
us_t18_e2,5.0,100.0,0.0,,5.0,,43.0,100.0,0.0,0.0,9.38,5.5,0.0,,,,,,T18E2
germ_panzerjager_1,4.0,100.0,0.0,0.0,3.5,3.5,13.0,,,0.0,,1.0,0.0,,,,,,Panzerjäger_I
us_lvt_a1_m24,4.0,,,,,,0.0,,,,,,0.0,,,,,,LVT(A)(1)_(M24)
it_m13_40_serie_1,4.0,,,,,,0.0,,,,,,0.0,,,,,,M13/40_(I)
fw-190a-8,5.0,,,,,,9.0,,,,,,0.0,,,,,,Fw_190_A-8
us_t34,5.0,100.0,0.0,0.0,5.0,5.0,827.0,60.51,0.0,0.0,3.03,1.94,0.0,,,,,,T34
bf2c_1,6.0,0.0,1.0,1.0,1.0,1.0,7.0,,,,,,0.0,,,,,,BF2C-1
ussr_object_268,5.0,,,0.0,,3.0,278.0,46.79,0.0,0.0,2.13,1.63,0.0,,,,,,Object_268
bf-109e-4,4.0,,,,,,5.0,,,,,,0.0,,,,,,Bf_109_E-4
uk_challenger_2_tes,5.0,,,,,,231.0,51.61,0.0,0.0,1.06,1.26,0.0,,,,,,Challenger_2_TES
uk_challenger_2_megatron,4.0,0.0,0.0,0.0,4.0,4.0,576.0,54.8,0.0,0.0,3.32,1.9,0.0,,,,,,Challenger_2_OES
p-26a_33,6.0,50.0,0.5,1.0,0.0,0.0,0.0,,,,,,0.0,,,,,,P-26A-33
il_zsu_57_2,6.0,,,0.0,,1.0,64.0,0.0,0.0,0.0,6.25,1.48,0.0,,,,,,ZSU-57-2_(Israel)
cn_vt_5,4.0,100.0,0.0,0.0,3.0,3.0,307.0,52.78,0.0,0.0,1.47,1.32,0.0,,,,,,VT5
i-16_type24,6.0,,,,,,0.0,,,,,,0.0,,,,,,I-16_type_24
uk_a39_tortoise,4.0,0.0,0.0,0.0,1.0,1.0,3.0,,,,,,0.0,,,,,,Tortoise
germ_stug_III_ausf_F,7.0,,,0.0,,3.0,2.0,,,0.0,,2.5,0.0,,,,,,StuG_III_F
uk_a30_sp_avenger,5.0,,,,,,245.0,61.35,0.0,0.0,4.47,2.4,0.0,,,,,,Avenger
p-26b_35,6.0,,,1.0,,0.0,0.0,,,,,,0.0,,,,,,P-26B-35
p-26a_34_m2,6.0,50.0,0.92,1.83,0.0,0.0,0.0,,,,,,0.0,,,,,,P-26A-34_M2
bf-110g-2,6.0,,,0.0,,0.0,8.0,,,0.0,,2.0,0.0,,,,,,Bf_110_G-2
re_2000_ga,4.0,,,1.0,,0.0,0.0,,,,,,0.0,,,,,,Re.2000_G.A.
cn_is_2_1944,4.0,,,0.0,,1.0,18.0,,,0.0,,1.55,0.0,,,,,,IS-2_(1944)_(China)
il_tiran_4_sh,5.0,,,,,,29.0,,,0.0,,0.32,0.0,,,,,,Tiran_4S
il_magach_6,5.0,,,0.0,,0.0,0.0,,,,,,0.0,,,,,,Magach_6
il_magach_3_idf,5.0,,,0.0,,0.0,44.0,,,0.0,,0.81,0.0,,,,,,Magach_3
uk_eland_90_mk_7,4.0,,,,,,157.0,49.37,0.0,0.0,1.29,1.16,0.0,,,,,,Eland_90_Mk.7
p_108a_serie2,4.0,,,0.0,,0.0,0.0,,,,,,0.0,,,,,,P.108A_serie_2
it_m3a3_stuart,6.0,,,0.0,,0.0,5.0,,,,,,0.0,,,,,,M3A3
sw_landsverk_ush_204_gk,4.0,,,,,,220.0,26.4,0.55,0.39,0.22,0.14,0.0,,,,,,U-SH_204_GK
fr_char_2c_bis,4.0,100.0,0.0,,2.0,,0.0,,,,,,0.0,,,,,,2C_bis
morko_morane,5.0,,,,,,8.0,35.71,0.36,0.71,0.36,0.71,0.0,,,,,,Mörkö-Morane
germ_pzkpfw_IV_ausf_F,4.0,100.0,0.0,,4.0,,22.0,,,0.0,,4.0,0.0,,,,,,Pz.IV_F1
a6m2_zero_china,4.0,100.0,6.0,6.0,0.0,0.0,0.0,,,,,,0.0,,,,,,A6M2_(China)
j2m5_30mm,4.0,50.0,3.5,3.5,0.0,0.0,42.0,85.71,1.14,1.02,1.61,1.33,0.0,,,,,,J2M5
j2m2,4.0,100.0,4.0,4.0,0.0,0.0,60.0,100.0,3.09,2.75,1.26,1.5,0.0,,,,,,J2M2
p-51d-10,4.0,,,1.0,,1.0,39.0,50.0,1.13,1.13,1.0,1.0,0.0,,,,,,P-51D-10
sw_vickers_mk_e_37,4.0,,,0.0,,2.0,0.0,,,,,,0.0,,,,,,Vickers_Mk.E
cn_ztz_96,4.0,50.0,0.0,0.0,1.0,2.0,399.0,63.08,0.0,0.0,3.68,3.01,0.0,,,,,,ZTZ96
mig_23mla,2.0,50.0,1.0,1.0,0.0,0.0,50.0,42.06,1.57,1.4,0.0,0.0,0.0,,,,,,◊MiG-23MLA
tu_95m,3.0,,,,,,37.0,40.0,0.52,0.66,0.0,0.0,2.0,,,1.0,,0.0,Ту-95М
f_16a_block_10,3.0,,,0.0,,1.0,139.0,68.6,0.67,0.75,1.0,1.16,0.0,,,,,,F-16A
bf-109e-1,3.0,,,1.67,,0.0,76.0,52.9,1.57,1.76,0.68,0.89,0.0,,,,,,Bf_109_E-1
us_m46_patton,4.0,,,0.0,,4.0,554.0,62.81,0.0,0.0,2.66,2.08,0.0,,,,,,M46
b-17g,4.0,,,,,,0.0,,,,,,0.0,,,,,,B-17G-60-VE
germ_flakpanzer_IV_Wirbelwind,4.0,,,,,,390.0,33.74,1.46,0.93,0.3,0.19,0.0,,,,,,Wirbelwind
us_m1a1_hc_abrams,3.0,,,,,,423.0,61.89,0.0,0.0,3.33,2.99,0.0,,,,,,M1A1_HC
fr_amx_elc_bis,5.0,,,0.0,,1.0,327.0,52.68,0.0,0.0,1.08,0.88,0.0,,,,,,ELC_bis
it_of_40_mk_2a,4.0,,,,,,117.0,34.57,0.0,0.0,4.97,2.59,0.0,,,,,,OF-40_Mk.2A
p-40c_china,3.0,,,0.0,,0.0,13.0,,,0.0,,0.0,0.0,,,,,,H-81A-2
mig_27k,5.0,,,,,,19.0,100.0,0.0,0.57,2.5,2.43,16.0,,,,,,MiG-27K
i-15_1934,4.0,,,,,,0.0,,,,,,0.0,,,,,,I-15_WR
h8k2,3.0,100.0,0.0,0.0,0.0,0.0,0.0,,,,,,0.0,,,,,,H8K2
germ_amd_35_kwk,4.0,100.0,0.0,0.0,0.0,0.0,22.0,,,0.0,,2.55,0.0,,,,,,Pz.Sp.Wg.P204(f)_KwK
germ_sdkfz_234_1,3.0,,,,,,164.0,59.65,0.0,0.0,2.8,3.05,0.0,,,,,,Sd.Kfz.234/1
f-89d,4.0,,,,,,44.0,86.67,3.2,5.56,0.0,0.0,0.0,,,,,,F-89D
cn_type_59d,3.0,50.0,0.5,1.0,2.5,5.0,258.0,68.52,0.0,0.0,5.77,2.42,0.0,,,,,,ZTZ59D1
uk_a_22f_mk_7_churchill_crocodile,4.0,100.0,0.0,,3.0,,114.0,55.16,0.0,0.0,3.05,4.23,0.0,,,,,,Churchill_Crocodile
fw-190d-9_ussr,3.0,100.0,3.0,3.0,0.0,0.0,29.0,50.0,1.5,,0.0,,0.0,,,,,,Fw_190_D-9
uk_challenger_2_lep,3.0,100.0,0.0,0.0,2.0,2.0,311.0,50.35,0.0,0.0,1.57,1.42,0.0,,,,,,Challenger_3_TD
re_2001_cn,3.0,,,,,,19.0,61.54,0.0,0.0,0.15,0.15,0.0,,,,,,Re.2001_CN
jp_type_98_ke_ni,2.0,100.0,0.0,,3.5,,58.0,,,0.0,,4.61,0.0,,,,,,Ke-Ni
yak-9p,3.0,100.0,4.0,4.0,0.0,0.0,25.0,100.0,1.0,0.8,1.0,0.92,0.0,,,,,,Yak-9P
cn_type_59,3.0,,,0.0,,2.0,157.0,78.62,0.0,0.0,4.02,3.06,0.0,,,,,,Type_59
cn_m_41d,3.0,,,0.0,,2.0,44.0,58.82,0.0,0.0,0.69,0.96,0.0,,,,,,M41D
jp_type_75_mlrs,4.0,0.0,0.0,0.0,2.0,2.0,6.0,,,0.0,,1.0,0.0,,,,,,Type_75_MLRS
p-36g,2.0,,,1.5,,0.0,0.0,,,,,,0.0,,,,,,P-36G
fr_amx_30_super,0.0,,,,,,558.0,53.67,0.0,0.0,4.05,2.43,0.0,,,,,,AMX-30_Super
p-40f_10,3.0,,,,,,16.0,50.0,1.5,3.0,0.0,0.0,13.0,100.0,1.0,1.0,1.0,1.0,P-40F-10
tu-2,2.0,,,,,,37.0,100.0,0.0,0.0,3.89,3.76,6.0,50.0,0.0,0.0,0.5,1.0,Tu-2S
ussr_pantsyr_s1,4.0,,,,,,679.0,32.83,1.1,0.93,0.08,0.08,0.0,,,,,,Pantsir-S1
il-10_1946,2.0,,,0.0,,1.0,0.0,,,,,,0.0,,,,,,IL-10_(1946)
ussr_t_26_1940_1st_GvTBr,3.0,,,,,,21.0,0.0,0.0,0.0,1.0,1.0,11.0,,,0.0,,1.0,T-26_(1st_Gv.T.Br.)
us_m55,2.0,0.0,0.0,0.0,1.0,1.0,11.0,,,0.0,,0.95,0.0,,,,,,M55
uk_boxer_crv_block2,2.0,,,0.0,,1.0,342.0,67.05,0.04,0.04,1.64,1.08,0.0,,,,,,CRV_Block_2
il_m109,3.0,,,,,,19.0,50.0,0.0,0.0,0.53,1.05,0.0,,,,,,M109_(Israel)
su_33,3.0,,,0.0,,0.0,338.0,33.6,1.22,0.85,0.0,0.0,12.0,,,0.75,,0.0,Су-33
he-111h-16_winter,2.0,,,0.0,,0.0,119.0,46.67,0.0,0.0,1.11,0.9,0.0,,,,,,He_111_H-16
saab_j29f,4.0,50.0,6.0,12.0,0.0,0.0,1.0,,,,,,0.0,,,,,,J29F
yak-3_france,5.0,100.0,8.75,4.9,0.0,0.0,139.0,56.24,1.45,2.88,0.54,1.13,13.0,,,,,,Yak-3
b6n1,2.0,,,0.0,,4.0,4.0,100.0,0.0,0.0,1.0,1.0,0.0,,,,,,B6N1_Model_11
su_22um3k,1.0,,,0.0,,3.0,29.0,50.0,0.12,0.07,2.62,2.38,0.0,,,,,,◊Su-22UM3K
mb_326k,2.0,,,2.0,,1.0,148.0,85.92,1.76,1.09,4.6,3.46,0.0,,,,,,MB-326K
ussr_is_7,2.0,,,,,,23.0,100.0,0.0,0.0,6.0,5.78,3.0,100.0,0.0,0.0,1.0,1.0,IS-7
jp_type_3_ho_ni_III,1.0,,,,,,73.0,100.0,0.0,0.0,4.36,2.71,0.0,,,,,,Ho-Ni_III
ki-45_ko,2.0,,,,,,0.0,,,,,,0.0,,,,,,Ki-45_ko
ussr_t_34_1941_cast_turret,1.0,,,,,,33.0,50.0,0.0,0.0,0.88,1.76,0.0,,,,,,T-34_(1st_Gv.T.Br.)
us_lav_ad,3.0,,,,,,858.0,52.92,0.34,0.33,0.44,0.41,0.0,,,,,,LAV-AD
corsair_fmk2,2.0,,,,,,13.0,,,1.62,,1.38,0.0,,,,,,Corsair_F_Mk_II
mig_3_series_1_15_bk_pod,0.0,,,,,,0.0,,,,,,0.0,,,,,,MiG-3-15_(BK)
a7m2,2.0,,,,,,108.0,62.47,1.18,1.07,1.64,1.53,0.0,,,,,,A7M2
a6m3_mod22ko_zero,2.0,100.0,2.0,2.0,0.0,0.0,3.0,100.0,0.0,,0.0,,0.0,,,,,,A6M3_mod._22Ko
sb_2m_103c,0.0,,,,,,0.0,,,,,,0.0,,,,,,SB_2M-103
cn_object_211,4.0,50.0,0.0,0.0,2.0,2.0,98.0,100.0,0.0,0.0,3.29,0.73,0.0,,,,,,Object_211
xp-55,3.0,100.0,3.33,3.33,0.0,0.0,47.0,50.0,1.29,1.65,1.29,1.65,0.0,,,,,,XP-55
mig-21_bis_lazur,1.0,,,1.0,,0.0,397.0,47.51,1.41,1.56,0.41,0.48,0.0,,,,,,"◊MiG-21_""Lazur-M"""
us_t55e1,1.0,,,0.0,,1.0,63.0,83.33,0.0,0.0,4.83,3.02,0.0,,,,,,T55E1
fr_marder_df_105,1.0,,,0.0,,1.0,227.0,57.6,0.0,0.0,2.13,1.71,0.0,,,,,,DF105
a6m5ko,2.0,,,1.5,,0.0,97.0,77.45,2.14,1.3,2.7,2.12,0.0,,,,,,A6M5_Ko
fa_18c_switzerland,1.0,,,1.0,,0.0,1682.0,51.8,1.08,1.24,0.15,0.17,104.0,,,1.37,,0.0,◌F/A-18C
it_m60a1_ariete,1.0,,,0.0,,1.0,17.0,100.0,0.0,0.0,3.0,3.0,0.0,,,,,,"M60A1_""D.C.Ariete"""
germ_leopard_2_pt14,1.0,,,0.0,,3.0,47.0,35.0,0.0,0.0,5.65,3.79,0.0,,,,,,PT-16/T14_mod.
cn_object_122tm,2.0,,,,,,158.0,59.14,0.0,0.0,7.59,3.57,0.0,,,,,,"Object_122MT_""MC"""
f-86f-40_china,2.0,,,1.0,,0.0,22.0,,,,,,0.0,,,,,,F-86F-40_(China)
germ_m109g,3.0,,,0.0,,1.0,148.0,45.33,0.04,0.03,1.21,1.09,0.0,,,,,,M109G
do_217e_4,3.0,,,,,,0.0,,,,,,0.0,,,,,,Do_217_E-4
hunter_f1,3.0,,,1.0,,2.0,55.0,100.0,3.09,0.36,1.36,0.09,0.0,,,,,,Hunter_F.1
us_m4a3_105_sherman,1.0,,,,,,70.0,0.0,0.0,0.0,7.0,2.11,0.0,,,,,,M4A3_(105)
d4y2,1.0,,,,,,0.0,,,,,,0.0,,,,,,D4Y2
b-17g_iaf,0.0,,,,,,0.0,,,,,,0.0,,,,,,B-17G_(Israel)
douglas_ad_2,0.0,,,,,,39.0,59.38,0.0,0.0,0.69,0.39,0.0,,,,,,AD-2
it_p_40,1.0,,,,,,1.0,,,0.0,,4.0,0.0,,,,,,P40
su-6_m71,2.0,,,0.0,,1.0,36.0,,,0.0,,1.56,11.0,0.0,0.0,0.0,2.0,2.0,Su-6_(M-71F)
germ_stuh_III_ausf_G,0.0,,,,,,6.0,,,0.0,,2.25,0.0,,,,,,StuH_42_G
il_2_m82,1.0,,,,,,0.0,,,,,,0.0,,,,,,IL-2_M-82
ta-152c,2.0,,,2.0,,0.0,11.0,92.86,0.93,1.0,0.93,1.0,0.0,,,,,,Ta_152_C-3
fr_leopard_2a6nl,0.0,,,,,,14.0,,,0.0,,1.33,0.0,,,,,,Leopard_2A6NL
ussr_2s25m,2.0,,,0.0,,1.0,1290.0,51.51,0.0,0.0,1.51,1.11,17.0,,,0.0,,1.0,2S25M
brigand_b1,1.0,,,1.0,,1.0,0.0,,,,,,0.0,,,,,,Brigand_B_1
ta-152h-1,2.0,,,,,,101.0,56.02,2.05,4.08,0.49,1.03,0.0,,,,,,Ta_152_H-1
spitfire_ix_early,1.0,,,4.0,,0.0,153.0,81.18,1.94,2.69,1.43,2.14,0.0,,,,,,Spitfire_F_Mk_IX
sw_pvkv_m43_1946,2.0,,,0.0,,1.0,0.0,,,,,,0.0,,,,,,Pvkv_m/43_(1946)
p-47d_22_re_france,2.0,100.0,1.0,1.0,9.0,9.0,25.0,100.0,0.0,0.0,1.25,1.25,0.0,,,,,,P-47D-22-RE
spitfire_xvi,1.0,,,1.0,,0.0,0.0,,,,,,0.0,,,,,,Spitfire_F_Mk_XVI
germ_flakpanzer_IV_Kugelblitz,2.0,0.0,0.0,0.0,0.0,0.0,301.0,26.66,1.13,0.83,0.4,0.22,0.0,,,,,,Kugelblitz
fr_amx_32_105,0.0,,,,,,302.0,57.24,0.0,0.0,2.99,2.39,0.0,,,,,,AMX-32_(105)
germ_m44,2.0,100.0,0.0,0.0,2.0,2.0,132.0,17.24,0.0,0.0,0.57,0.74,0.0,,,,,,M44
il_m_51_w,2.0,100.0,0.0,0.0,2.0,2.0,32.0,0.0,0.0,0.0,1.83,1.3,0.0,,,,,,M-51_(W)
yak-38,0.0,,,,,,9.0,,,0.0,,0.0,0.0,,,,,,Yak-38
sw_strv_m42_delat_torn,0.0,,,,,,125.0,33.55,0.0,0.0,1.32,1.3,0.0,,,,,,Strv_m/42_DT
fw-190a-5_cannons,2.0,0.0,1.5,1.5,0.0,0.0,8.0,,,1.0,,0.0,0.0,,,,,,Fw_190_A-5
il-2m_mstitel,0.0,,,,,,18.0,100.0,0.0,0.0,1.5,1.0,0.0,,,,,,"IL-2M_""Avenger"""
bf-109g-10,0.0,,,,,,46.0,0.0,1.0,,1.0,,0.0,,,,,,Bf_109_G-10
tornado_ids_de_wtd61,0.0,,,,,,128.0,58.05,0.67,1.02,0.87,1.28,19.0,,,0.0,,0.0,◄Tornado_IDS_WTD61
wm_21,0.0,,,,,,0.0,,,,,,0.0,,,,,,◔WM-21
tornado_ids_de_mfg,0.0,,,,,,7.0,,,,,,0.0,,,,,,◄Tornado_IDS_MFG
il_merkava_mk_3_raam_segol,0.0,,,,,,252.0,64.81,0.0,0.0,4.66,1.94,3.0,,,0.0,,1.0,Ra'am_Sagol
il_m109a1,0.0,,,,,,13.0,,,0.0,,1.0,0.0,,,,,,Rochev
ki_21_1ko,0.0,,,,,,0.0,,,,,,0.0,,,,,,Ki-21-Ia
p-63c-5,0.0,,,,,,31.0,0.0,0.0,0.0,0.17,1.15,0.0,,,,,,P-63C-5
us_m247,0.0,,,,,,335.0,45.51,1.18,1.04,0.28,0.26,0.0,,,,,,M247
il_2_1942_luftwaffe,0.0,,,,,,0.0,,,,,,0.0,,,,,,IL-2_(1942)
a_7e,0.0,,,,,,0.0,,,,,,0.0,,,,,,A-7E
ussr_valentine_mk_9,0.0,,,,,,0.0,,,,,,0.0,,,,,,"МК-IX_""Valentine"""
us_m4a3e8_76w_sherman_kit_3rank,0.0,,,,,,299.0,56.78,0.06,0.05,2.43,2.36,0.0,,,,,,Sherman_(Hell)
ussr_bt_7_m,0.0,,,,,,77.0,38.1,0.0,0.0,1.31,1.21,0.0,,,,,,BT-7M
db_7,0.0,,,,,,0.0,,,,,,0.0,,,,,,DB-7
pv_2d,0.0,,,,,,34.0,33.33,0.7,1.0,2.7,4.0,0.0,,,,,,PV-2D
mosquito_fb_mk6,0.0,,,,,,27.0,100.0,4.0,,0.0,,0.0,,,,,,Mosquito_FB_Mk_VI
it_t_72m1,0.0,,,,,,245.0,88.41,0.0,0.0,5.0,3.34,0.0,,,,,,◔T-72M1
mc-202_ec,0.0,,,,,,11.0,100.0,0.0,,0.0,,0.0,,,,,,C._202EC
fr_vbci2_mct30,0.0,,,,,,11.0,50.0,0.0,0.0,0.5,1.67,0.0,,,,,,VBCI-2_(MCT30)
cn_m5a1_stuart,0.0,,,,,,0.0,,,,,,0.0,,,,,,M5A1_(China)
cn_zsl_92,0.0,,,,,,120.0,75.76,0.0,0.0,0.9,0.51,0.0,,,,,,ZSL92
uk_a_13_mk1_3rd_rtr,0.0,,,,,,16.0,,,,,,0.0,,,,,,A13_Mk_I_(3rd_R.T.R.)
a-26b,0.0,,,,,,0.0,,,,,,0.0,,,,,,A-26B-50
am_1_mauler,0.0,,,,,,245.0,72.18,0.17,0.24,2.08,2.6,0.0,,,,,,AM-1
uk_crusader_aa_mk_1,0.0,,,,,,177.0,34.62,0.35,0.27,2.23,1.31,0.0,,,,,,Crusader_AA_Mk_I
us_m1128_wolfpack,0.0,,,,,,923.0,52.24,0.0,0.0,1.72,1.23,0.0,,,,,,M1128_Wolfpack
he51c1,0.0,,,,,,0.0,,,,,,0.0,,,,,,He_51_C-1
fr_amx_50_foch,0.0,,,,,,63.0,0.0,0.0,0.0,2.73,1.0,0.0,,,,,,AMX-50_Foch
it_40m_turan_1,0.0,,,,,,33.0,28.0,0.0,0.0,1.7,2.41,0.0,,,,,,Turan_I
sm_79_1939_italy,0.0,,,,,,0.0,,,,,,0.0,,,,,,S.M.79_serie_8
spitfiremkiia,0.0,,,,,,16.0,,,,,,0.0,,,,,,Spitfire_Mk_IIa
a6m6c,0.0,,,,,,65.0,83.33,1.4,2.91,2.25,4.68,0.0,,,,,,A6M6c
jp_type_2_ka_mi,0.0,,,,,,0.0,,,,,,0.0,,,,,,Ka-Mi
fr_pzkpfw_V_panther_dauphine,0.0,,,,,,37.0,100.0,0.0,0.0,3.72,1.87,0.0,,,,,,Panther_«Dauphine»
bf-109e-3,0.0,,,,,,41.0,100.0,0.52,0.31,0.36,0.31,0.0,,,,,,Bf_109_E-3
cn_m3a3_stuart,0.0,,,,,,4.0,,,0.0,,1.0,0.0,,,,,,M3A3_Stuart_(China)
a_7d,0.0,,,,,,39.0,50.0,1.5,3.0,2.0,4.0,0.0,,,,,,A-7D
fokker_d21_serie3_finland,0.0,,,,,,0.0,,,,,,0.0,,,,,,Fokker_D.XXI-3
germ_sdkfz_251_22,0.0,,,,,,18.0,,,0.0,,1.22,0.0,,,,,,Sd.Kfz.251/22
sw_tgdgb_m40_lv,0.0,,,,,,16.0,,,,,,0.0,,,,,,Lvtdgb_m/40
f_111f,0.0,,,,,,37.0,8.67,0.92,1.0,0.42,0.58,1.0,,,0.0,,1.0,F-111F
wyvern_s4,0.0,,,,,,104.0,84.92,2.41,2.06,8.17,7.3,19.0,,,0.79,,1.68,Wyvern_S4
gladiator_mk2,0.0,,,,,,0.0,,,,,,0.0,,,,,,Gladiator_Mk_II
p-43a-1_china,0.0,,,,,,0.0,,,,,,0.0,,,,,,P-43A-1_(China)
sw_cv_90120,0.0,,,,,,150.0,50.0,0.0,0.0,2.38,1.33,0.0,,,,,,CV_90120
it_semovente_breda_501,0.0,,,,,,53.0,66.67,0.0,0.0,2.38,2.07,0.0,,,,,,Breda_501
germ_sdkfz_221_s_pz_b_41,0.0,,,,,,9.0,100.0,0.0,0.0,2.0,1.89,0.0,,,,,,Sd.Kfz.221_(s.Pz.B.41)
fr_amx_vtt_dca,0.0,,,,,,64.0,70.0,1.25,2.22,0.7,1.0,0.0,,,,,,VTT_DCA
cn_su_100_1945,0.0,,,,,,81.0,56.0,0.0,0.0,3.66,1.56,0.0,,,,,,SU-100_(China)
ussr_t_26_4,0.0,,,,,,0.0,,,,,,0.0,,,,,,T-26-4
ki_44_1,0.0,,,,,,0.0,,,,,,0.0,,,,,,Ki-44-I
germ_wiesel_2_adwc,0.0,,,,,,136.0,31.67,0.95,1.13,0.0,0.0,0.0,,,,,,Ozelot
seafire_fr47,0.0,,,,,,10.0,,,1.0,,0.7,0.0,,,,,,Seafire_FR_47
jp_type_95_ha_go,0.0,,,,,,7.0,,,0.0,,0.0,0.0,,,,,,Ha-Go
uk_crusader_aa_mk_2_kit_3rank,0.0,,,,,,10.0,100.0,1.0,1.0,0.0,0.0,0.0,,,,,,Crusader_AA_(Overlord)
jp_type_61_mod,0.0,,,,,,72.0,96.08,0.0,0.0,4.34,2.33,0.0,,,,,,Type_61_(B)
germ_infanterie_kampfpanzer_churchill,0.0,,,,,,48.0,40.74,0.0,0.0,1.56,1.74,0.0,,,,,,Pz.Kpfw._Churchill
ta_154a_1,0.0,,,,,,0.0,,,,,,0.0,,,,,,Ta_154_A-1
p1y1_mod11_china,0.0,,,,,,0.0,,,,,,0.0,,,,,,P1Y1_mod._11_(China)
j6b,0.0,,,,,,0.0,,,,,,0.0,,,,,,J6B
caudron_cr714,0.0,,,,,,0.0,,,,,,0.0,,,,,,C.R.714
it_sherman_VII,0.0,,,,,,19.0,100.0,0.0,0.0,3.0,1.89,0.0,,,,,,M4_Tipo_IC
f6f-5_france,0.0,,,,,,123.0,64.78,0.22,0.3,1.84,2.37,0.0,,,,,,F6F-5
ussr_t_90a,0.0,,,,,,1024.0,52.13,0.0,0.0,1.51,1.24,12.0,100.0,0.0,0.0,1.0,1.0,Т-90А
il_merkava_mk_4b,0.0,,,,,,101.0,49.71,0.0,0.0,2.53,2.01,0.0,,,,,,Merkava_Mk.4B
f-104c,0.0,,,,,,0.0,,,,,,0.0,,,,,,F-104C
f-104a,0.0,,,,,,5.0,,,0.0,,0.0,0.0,,,,,,F-104A
us_t32,0.0,,,,,,288.0,35.63,0.0,0.0,5.97,2.37,0.0,,,,,,T32
fr_vbci,0.0,,,,,,167.0,59.1,0.14,0.12,3.05,2.76,0.0,,,,,,VBCI
a6m2_n_zero,0.0,,,,,,7.0,,,0.0,,0.0,0.0,,,,,,A6M2-N
yak-9t_france,0.0,,,,,,10.0,,,,,,0.0,,,,,,Challe's_Yak-9T
f-100d,0.0,,,,,,260.0,55.65,2.7,4.51,0.23,0.33,0.0,,,,,,F-100D
uk_3_inch_gun_carrier,0.0,,,,,,0.0,,,,,,0.0,,,,,,Gun_Carrier_(3-in)
me-262a1_u1,0.0,,,,,,118.0,30.1,0.43,0.6,0.63,0.33,0.0,,,,,,Me_262_A-1a/U1
p-40e_china,0.0,,,,,,23.0,41.67,1.17,1.1,1.75,1.55,0.0,,,,,,P-40E-1_(China)
germ_pzkpfw_38t_Marder_III,0.0,,,,,,0.0,,,,,,0.0,,,,,,Marder_III
douglas_ad_4,0.0,,,,,,107.0,76.28,0.31,0.2,2.85,2.66,0.0,,,,,,AD-4
halifax_mk3,0.0,,,,,,0.0,,,,,,0.0,,,,,,Halifax_B_Mk_IIIa
la-9,0.0,,,,,,90.0,100.0,1.66,0.78,0.0,0.0,0.0,,,,,,La-9
yak-3_vk107,0.0,,,,,,36.0,50.0,1.7,3.4,0.0,0.0,7.0,,,,,,Yak-3_(VK-107)
d4y3,0.0,,,,,,0.0,,,,,,0.0,,,,,,D4Y3_Ko
it_otobreda_sidam_25,0.0,,,,,,9.0,50.0,0.0,0.0,0.0,0.0,0.0,,,,,,SIDAM_25
it_m11_39,0.0,,,,,,0.0,,,,,,0.0,,,,,,M11/39
ki_61_1a_tei,0.0,,,,,,65.0,96.74,2.13,4.18,1.65,3.34,0.0,,,,,,Ki-61-I_tei
sm_91,0.0,,,,,,0.0,,,,,,0.0,,,,,,SM.91
mc-202_italy,0.0,,,,,,0.0,,,,,,0.0,,,,,,C._202
hurricane_mk1b,0.0,,,,,,0.0,,,,,,0.0,,,,,,Sea_Hurricane_Mk_IB
germ_pzkpfw_II_ausf_C,0.0,,,,,,7.0,,,,,,0.0,,,,,,Pz.II_C
jp_m41_walker_bulldog,0.0,,,,,,466.0,68.43,0.03,0.03,2.14,2.17,0.0,,,,,,M41A1
seafire_mk3_france,0.0,,,,,,26.0,100.0,0.47,0.0,1.0,1.0,0.0,,,,,,Seafire_LF_Mk.III
tornado_gr1,0.0,,,,,,10.0,50.0,0.0,0.0,1.5,3.0,0.0,,,,,,Tornado_GR.1
douglas_ad_4_france,0.0,,,,,,166.0,51.32,0.49,0.63,1.44,1.8,0.0,,,,,,AD-4
fiat_g50_seria7as_italy,0.0,,,,,,0.0,,,,,,0.0,,,,,,G.50_AS_serie_7
it_b1_centauro,0.0,,,,,,171.0,92.22,0.0,0.0,3.79,1.55,0.0,,,,,,Centauro_I_105
germ_pzsflk40_sturer_emil,0.0,,,,,,31.0,0.0,0.0,0.0,3.33,3.93,0.0,,,,,,Sturer_Emil
cn_ztz_59a,0.0,,,,,,47.0,90.0,0.0,0.0,1.9,1.94,3.0,100.0,0.0,0.0,2.0,2.0,ZTZ59A
bb-1,0.0,,,,,,64.0,97.22,2.42,4.2,7.25,10.09,0.0,,,,,,BB-1
yak_141,0.0,,,,,,90.0,42.63,1.22,1.52,0.0,0.0,16.0,,,1.75,,0.0,Yak-141
g_55_serie1,0.0,,,,,,23.0,100.0,1.23,0.5,0.23,0.0,0.0,,,,,,G.55_serie_1
uk_marmon_herrington_mk_6_6pdr,0.0,,,,,,70.0,52.94,0.0,0.0,1.52,2.18,0.0,,,,,,SARC_MkVI_(6pdr)
fw_190f_8_hungary,0.0,,,,,,5.0,,,0.0,,1.0,0.0,,,,,,◔Fw_190_F-8
ussr_bmd_4,0.0,,,,,,145.0,81.61,0.0,0.0,3.99,1.54,0.0,,,,,,BMD-4
it_ariete_amv_pt1,0.0,,,,,,65.0,0.0,0.0,0.0,7.06,4.57,0.0,,,,,,Ariete_AMV
tb_3_m17_32,0.0,,,,,,0.0,,,,,,0.0,,,,,,TB-3M-17-32
db_3a_china,0.0,,,,,,0.0,,,,,,0.0,,,,,,DB-3A_(China)
su_17m4,1.0,,,1.0,,1.0,0.0,,,,,,0.0,,,,,,Su-17M4
germ_flakpanzer_IV_Ostwind_2_net,0.0,,,,,,130.0,20.43,0.74,0.57,0.75,0.66,22.0,0.0,0.72,0.59,0.0,0.0,Ostwind_Ost
cn_m42_duster,0.0,,,,,,46.0,0.0,0.0,0.0,1.77,1.0,0.0,,,,,,M42_(China)
cn_is_2_1943_no402,0.0,,,,,,36.0,50.0,0.0,0.0,1.44,1.44,0.0,,,,,,IS-2_No.402
f4u-7,0.0,,,,,,140.0,79.3,0.41,0.42,3.09,2.59,52.0,63.16,2.45,2.24,3.47,3.16,F4U-7
la_200_toriy,0.0,,,,,,42.0,100.0,1.5,1.2,1.0,0.83,0.0,,,,,,La-200
fr_amx_30_dca,0.0,,,,,,257.0,47.12,0.42,0.28,0.74,0.53,0.0,,,,,,AMX-30_DCA
he51c1_late,0.0,,,,,,0.0,,,,,,0.0,,,,,,He_51_C-1/L
mosquito_f_mk2_norway,0.0,,,,,,7.0,,,,,,0.0,,,,,,◢Mosquito_F.Mk.II
germ_panzerjager_nashorn,0.0,,,,,,156.0,30.3,0.0,0.0,2.12,2.02,0.0,,,,,,Nashorn
uk_a27m_cromwell_1,0.0,,,,,,84.0,96.3,0.0,0.0,1.91,1.57,0.0,,,,,,Cromwell_I
f_106a_1972,0.0,,,,,,46.0,100.0,5.25,4.29,0.0,0.0,0.0,,,,,,F-106A
us_m551,0.0,,,,,,780.0,54.54,0.0,0.0,0.93,0.83,0.0,,,,,,M551
germ_leopard_2a5,0.0,,,,,,812.0,44.79,0.0,0.0,1.55,1.32,0.0,,,,,,Leopard_2A5
a_10c,0.0,,,,,,33.0,100.0,0.8,0.78,6.0,5.22,0.0,,,,,,A-10C
sb2c_1c,0.0,,,,,,0.0,,,,,,0.0,,,,,,SB2C-1C
tornado_gr4,0.0,,,,,,89.0,41.5,1.0,1.41,0.22,0.31,0.0,,,,,,Tornado_GR.4
n1k2_jko,0.0,,,,,,74.0,96.74,0.54,0.57,1.43,1.47,0.0,,,,,,N1K2-Ja
sw_cv_9035_dk,0.0,,,,,,119.0,57.85,0.0,0.0,2.2,2.26,0.0,,,,,,CV9035DK
us_m56_scorpion,0.0,,,,,,209.0,48.92,0.0,0.0,3.39,1.24,0.0,,,,,,M56
germ_bmp_1_ddr,0.0,,,,,,87.0,20.51,0.0,0.0,0.73,0.32,0.0,,,,,,SPz_BMP-1
it_semovente_m43_75_46,0.0,,,,,,11.0,,,0.0,,1.0,0.0,,,,,,75/46_M43
uk_ajax,0.0,,,,,,367.0,49.24,0.0,0.0,1.59,1.38,0.0,,,,,,Ajax
he_112a_0,0.0,,,,,,17.0,100.0,0.12,0.12,2.47,2.47,0.0,,,,,,He_112_A-0
sw_pt_76b,0.0,,,,,,299.0,42.34,0.0,0.0,0.75,0.77,0.0,,,,,,PT-76
fr_m55,0.0,,,,,,22.0,,,,,,0.0,,,,,,M55
il_centurion_mk_5_shot,0.0,,,,,,64.0,42.06,0.0,0.0,2.42,1.79,0.0,,,,,,Sho't
germ_boxer_swatrinf,0.0,,,,,,271.0,38.45,0.01,0.01,0.65,0.49,0.0,,,,,,sWaTrgInf
mc-205_serie3,0.0,,,,,,31.0,100.0,3.26,,2.32,,0.0,,,,,,C._205_serie_3
a6m5_zero,0.0,,,,,,145.0,55.06,1.97,2.04,0.64,0.61,0.0,,,,,,A6M5
mosquito_fb_mk6_ash_norway,0.0,,,,,,0.0,,,,,,0.0,,,,,,◢Mosquito_FB.Mk.VI_ASH
fr_amx_30_1972,0.0,,,,,,319.0,58.85,0.0,0.0,2.55,1.59,0.0,,,,,,AMX-30_(1972)
fr_amc_34,0.0,,,,,,0.0,,,,,,0.0,,,,,,AMC.34_YR
uk_charioteer_mk_7,0.0,,,,,,208.0,41.97,0.0,0.0,3.1,1.97,0.0,,,,,,Charioteer_Mk_VII
il_mim_72_chaparral,0.0,,,,,,7.0,100.0,2.0,2.0,0.0,0.0,0.0,,,,,,Imp.Chaparral_(Israel)
lightning_f6,0.0,,,,,,7.0,,,1.0,,2.0,0.0,,,,,,Lightning_F.6
pb4y-2,0.0,,,,,,0.0,,,,,,0.0,,,,,,PB4Y-2
jp_type_60_atm,0.0,,,,,,122.0,51.85,0.0,0.0,0.78,0.54,0.0,,,,,,Type_60_ATM
i-15_1935_moscow,0.0,,,,,,0.0,,,,,,0.0,,,,,,I-15_M-25
sw_vickers_mk_e_45,0.0,,,,,,0.0,,,,,,0.0,,,,,,T-26E
b7a2_homare_23,0.0,,,,,,64.0,86.54,1.92,1.42,2.42,1.92,0.0,,,,,,B7A2_(Homare_23)
fw_190a_5_u14,0.0,,,,,,0.0,,,,,,0.0,,,,,,Fw_190_A-5/U14
maryland_mk1_france,0.0,,,,,,0.0,,,,,,0.0,,,,,,Martin_167-A3
us_m18_hellcat_black_cat_race,,,,,,,,,,,,,,,,,,,"""Racing""_M18"
it_semovente_m43_105,0.0,,,,,,0.0,,,,,,0.0,,,,,,105/25_M43
germ_panzerwerfer_42,0.0,,,,,,2.0,,,,,,0.0,,,,,,15_cm_Pz.W.42
fr_char_2c,0.0,,,,,,0.0,,,,,,0.0,,,,,,2C
ussr_zprk_2s6,0.0,,,,,,978.0,48.56,0.71,0.71,0.37,0.36,0.0,,,,,,2S6
ussr_2s19_m2,0.0,,,,,,30.0,,,0.0,,1.11,0.0,,,,,,2С19М2
it_semovente_l40,0.0,,,,,,0.0,,,,,,0.0,,,,,,47/32_L40
it_semovente_m41_75_18,0.0,,,,,,0.0,,,,,,0.0,,,,,,75/18_M41
it_semovente_m43_75_34,0.0,,,,,,0.0,,,,,,0.0,,,,,,75/34_M43
ussr_buk_m3_launcher,,,,,,,,,,,,,,,,,,,"9К317М_""БУК-М3""_(СОУ)"
a_10a_late,0.0,,,,,,370.0,57.24,1.17,1.16,4.76,4.47,1.0,,,0.0,,1.0,A-10A_Late
douglas_a_1h,0.0,,,,,,501.0,89.54,0.41,0.36,6.09,5.51,0.0,,,,,,A-1H
a-26c,0.0,,,,,,0.0,,,,,,0.0,,,,,,A-26C-45
a-26c-45-dt,0.0,,,,,,2.0,,,0.0,,0.0,0.0,,,,,,A-26C-45DT
a_29_hudson,0.0,,,,,,0.0,,,,,,0.0,,,,,,A-29
a-35b,0.0,,,,,,0.0,,,,,,0.0,,,,,,A-35B
a_4b,0.0,,,,,,318.0,65.64,0.14,0.19,1.62,2.12,0.0,,,,,,A-4B
a_4e_early,0.0,,,,,,331.0,56.71,0.45,0.44,2.33,2.2,0.0,,,,,,A-4E_Early
a_6e_tram,0.0,,,,,,98.0,53.62,0.07,0.07,1.59,1.87,14.0,,,0.0,,0.0,A-6E_TRAM
a_7e_thailand,0.0,,,,,,6.0,,,1.0,,0.0,0.0,,,,,,A-7E
uk_ac4_thunderbolt,0.0,,,,,,0.0,,,,,,0.0,,,,,,A.C.IV
vampire_fb5_j28b,0.0,,,,,,22.0,,,1.27,,1.0,0.0,,,,,,A28B
saab_j29b,0.0,,,,,,12.0,0.0,0.0,0.0,0.0,0.0,0.0,,,,,,A29B
a2d,0.0,,,,,,529.0,55.39,0.29,0.28,1.69,1.58,40.0,,,0.73,,2.23,A2D-1
saab_a32a,0.0,,,,,,70.0,55.26,2.34,1.66,5.26,3.86,0.0,,,,,,A32A
saab_a32a_red_adam,0.0,,,,,,0.0,,,,,,0.0,,,,,,A32A_Röd_Adam
a6m2_zero_usa,0.0,,,,,,8.0,,,,,,0.0,,,,,,A6M2
a7he1,0.0,,,,,,0.0,,,,,,0.0,,,,,,A7He1
germ_a7v,0.0,,,,,,0.0,,,,,,0.0,,,,,,A7V
uk_17_pdr_m10_achilles,0.0,,,,,,45.0,,,0.0,,2.85,0.0,,,,,,Achilles
douglas_ad_4na_france,0.0,,,,,,17.0,0.0,0.0,,1.0,,12.0,,,1.0,,3.0,AD-4NA
uk_adats_m113a3,0.0,,,,,,194.0,48.92,1.14,0.82,0.39,0.25,0.0,,,,,,ADATS_(M113)
uk_armored_car_mk_2_aa,0.0,,,,,,7.0,,,0.0,,0.0,0.0,,,,,,AEC_AA
uk_armored_car_aec_mk_2,0.0,,,,,,49.0,49.17,0.0,0.0,1.8,2.39,0.0,,,,,,AEC_Mk_II
fa_18a_hug_2_raaf,0.0,,,,,,20.0,50.0,0.5,0.5,0.0,0.0,14.0,,,0.0,,0.0,AF/A-18A_Late
cn_hj_9,0.0,,,,,,156.0,65.41,0.0,0.0,2.93,2.73,0.0,,,,,,AFT09
us_ags_teledyne,0.0,,,,,,159.0,60.86,0.0,0.0,5.25,2.42,0.0,,,,,,AGS
aichi_e13a,,,,,,,,,,,,,,,,,,,Aichi_E13A1
saab_aj37,0.0,,,,,,109.0,53.87,0.31,0.47,0.69,0.96,0.0,,,,,,AJ37
saab_ajs37_early,0.0,,,,,,57.0,61.28,0.75,0.79,0.95,1.0,0.0,,,,,,AJS37_(Early)
uk_alecto_mk_1,0.0,,,,,,0.0,,,,,,0.0,,,,,,Alecto_I
alpha_jet_a_thailand,0.0,,,,,,194.0,74.89,0.17,0.14,3.03,3.22,0.0,,,,,,Alpha_Jet_A
alpha_jet_a,0.0,,,,,,349.0,52.7,0.19,0.18,1.21,0.94,46.0,,,0.0,,2.57,Alpha_Jet_A
alpha_jet_a_jabog41,0.0,,,,,,77.0,50.0,0.0,0.0,0.79,1.1,0.0,,,,,,Alpha_Jet_A_(JaboG_41)
alpha_jet_e,0.0,,,,,,33.0,100.0,0.0,0.0,1.0,0.89,0.0,,,,,,Alpha_Jet_E
alpha_jet_th_phase_1,0.0,,,,,,3.0,,,0.0,,2.0,0.0,,,,,,Alpha_Jet_TH
fr_amc_35,0.0,,,,,,10.0,,,,,,0.0,,,,,,AMC.35_(ACG.1)
fr_amd_35,0.0,,,,,,26.0,,,0.0,,2.19,0.0,,,,,,AMD.35
fr_aml_90,0.0,,,,,,195.0,63.93,0.0,0.0,2.17,1.06,0.0,,,,,,AML-90
fr_amr_35_zt3,0.0,,,,,,0.0,,,,,,0.0,,,,,,AMR.35_ZT3
amx,0.0,,,,,,6.0,100.0,0.0,,2.67,,0.0,,,,,,AMX
amx_a_1a_brazil,0.0,,,,,,30.0,100.0,0.0,0.0,2.0,0.36,3.0,,,,,,AMX_A-1A
fr_amx_10m_acra,0.0,,,,,,21.0,100.0,0.0,0.0,4.0,2.0,0.0,,,,,,AMX-10M
fr_amx_10p,0.0,,,,,,314.0,62.43,0.27,0.29,0.42,0.42,0.0,,,,,,AMX-10P
fr_amx_13_hot,0.0,,,,,,14.0,50.0,0.0,0.0,1.0,2.0,0.0,,,,,,AMX-13_(HOT)
fr_amx_13_75_ss11,0.0,,,,,,18.0,100.0,0.0,0.0,3.0,3.0,0.0,,,,,,AMX-13_(SS.11)
fr_amx_30,0.0,,,,,,138.0,53.07,0.0,0.0,1.72,1.92,0.0,,,,,,AMX-30
fr_amx_50_1950,0.0,,,,,,150.0,73.12,0.0,0.0,4.58,2.91,21.0,,,0.0,,3.0,AMX-50_(TO90/930)
fr_amx_50_surblinde,0.0,,,,,,17.0,100.0,0.0,0.0,4.0,3.18,0.0,,,,,,AMX-50_Surblindé
cn_antelope_tc_1l_ads,0.0,,,,,,32.0,78.95,0.0,0.0,0.0,0.0,0.0,,,,,,Antelope
arado-196a-3,0.0,,,,,,0.0,,,,,,0.0,,,,,,Ar_196_A-3
arado-196a-5,0.0,,,,,,0.0,,,,,,0.0,,,,,,Ar_196_A-5
arado-234,0.0,,,,,,29.0,72.22,0.0,0.0,2.28,3.83,0.0,,,,,,Ar_234_B-2
arado-234c-3,0.0,,,,,,21.0,,,0.0,,1.69,0.0,,,,,,Ar_234_C-3
ariete,0.0,,,,,,184.0,57.31,2.39,2.53,1.63,1.73,0.0,,,,,,Ariete
uk_as_90_mk_2,0.0,,,,,,175.0,55.52,0.0,0.0,1.82,1.87,0.0,,,,,,AS90
sw_asrad_r,0.0,,,,,,48.0,100.0,2.6,,0.0,,0.0,,,,,,ASRAD-R
attaker_fb1,0.0,,,,,,0.0,,,,,,0.0,,,,,,Attacker_FB_1
attaker_fb2,0.0,,,,,,23.0,94.45,0.92,1.0,1.13,1.25,0.0,,,,,,Attacker_FB.2
f4u-6_au-1,0.0,,,,,,285.0,70.11,0.45,0.53,2.9,3.41,0.0,,,,,,AU-1
it_aubl_74_60_70m,0.0,,,,,,247.0,71.53,0.0,0.0,3.02,1.15,0.0,,,,,,AUBL/74_HVG
fr_amx_30_auf_1,0.0,,,,,,70.0,50.0,0.25,0.19,1.1,1.37,0.0,,,,,,AuF1
av_8b_plus_italy,0.0,,,,,,0.0,,,,,,0.0,,,,,,AV-8B_Plus
av_8s_thailand,0.0,,,,,,56.0,50.0,1.73,2.3,1.73,2.96,0.0,,,,,,AV-8S
av_8s_late_thailand,0.0,,,,,,9.0,100.0,1.0,1.0,0.0,0.0,0.0,,,,,,AV-8S_Late
avenger_mk1,0.0,,,,,,0.0,,,,,,0.0,,,,,,Avenger_Mk_II
a_4n,0.0,,,,,,88.0,68.28,1.59,1.71,5.28,6.37,0.0,,,,,,Ayit
b_10b,0.0,,,,,,0.0,,,,,,0.0,,,,,,B-10B
b-17e_japan,0.0,,,,,,0.0,,,,,,0.0,,,,,,B-17E
b-17e,0.0,,,,,,0.0,,,,,,0.0,,,,,,B-17E
b_18a,0.0,,,,,,0.0,,,,,,0.0,,,,,,B-18A
b_25j_1,0.0,,,,,,0.0,,,,,,0.0,,,,,,B-25J-1
b_25j_20,0.0,,,,,,0.0,,,,,,0.0,,,,,,B-25J-20
b_26c_france,0.0,,,,,,0.0,,,,,,0.0,,,,,,B-26C
b_34,0.0,,,,,,0.0,,,,,,0.0,,,,,,B-34
b_52h,0.0,,,,,,30.0,100.0,0.0,0.0,6.0,6.0,0.0,,,,,,B-52H
b-57,0.0,,,,,,7.0,,,0.0,,0.0,0.0,,,,,,B-57A
b-57b,0.0,,,,,,0.0,,,,,,0.0,,,,,,B-57B
b_66b,0.0,,,,,,0.0,,,,,,0.0,,,,,,B-66B
br_20_dr,0.0,,,,,,0.0,,,,,,0.0,,,,,,B.R.20DR
br_20m_m1,0.0,,,,,,0.0,,,,,,0.0,,,,,,B.R.20M_M1
fr_b1_bis,0.0,,,,,,38.0,,,0.0,,1.41,0.0,,,,,,B1_bis
fr_b1_ter,0.0,,,,,,20.0,100.0,0.0,0.0,3.0,2.82,0.0,,,,,,B1_ter
saab_b17a,0.0,,,,,,0.0,,,,,,0.0,,,,,,B17A
saab_b17b,0.0,,,,,,19.0,0.0,0.0,0.0,0.0,0.0,0.0,,,,,,B17B
saab_b18a,0.0,,,,,,0.0,,,,,,0.0,,,,,,B18A
saab_b18b,0.0,,,,,,113.0,66.67,0.0,0.0,0.82,0.58,0.0,,,,,,B18B
b6n2,0.0,,,,,,0.0,,,,,,0.0,,,,,,B6N2_Model_12
b6n2a,0.0,,,,,,0.0,,,,,,0.0,,,,,,B6N2a_Model_12Ko
ussr_ba_11,0.0,,,,,,0.0,,,,,,0.0,,,,,,BA-11
ba_65_k14_l,0.0,,,,,,0.0,,,,,,0.0,,,,,,Ba.65_(K.14)_L
ba_65_a80,0.0,,,,,,0.0,,,,,,0.0,,,,,,Ba.65_A.80
uk_badger,0.0,,,,,,34.0,100.0,0.0,0.0,3.27,1.43,0.0,,,,,,Badger
f_16d_block_40_barak_2,0.0,,,,,,76.0,94.29,0.88,1.46,1.45,1.84,0.0,,,,,,Barak_II
il_m113_hvms,0.0,,,,,,98.0,64.52,0.0,0.0,1.39,1.32,0.0,,,,,,Bardelas/60mm_HVMS
f_15a_iaf,0.0,,,,,,0.0,,,,,,0.0,,,,,,Baz
f_15c_baz_msip,0.0,,,,,,0.0,,,,,,0.0,,,,,,Baz_Meshupar
be_6,0.0,,,,,,0.0,,,,,,0.0,,,,,,Be-6
beaufighter_mk1_40mm,0.0,,,,,,0.0,,,,,,0.0,,,,,,Beaufighter_Mk_I_(40-mm)
germ_beutepanzer_mk_iv,0.0,,,,,,0.0,,,,,,0.0,,,,,,Beutepanzer_IV
bf-109c_1_promo,0.0,,,,,,0.0,,,,,,0.0,,,,,,Bf_109_C-1_Promo
bf-109e-3_japan,0.0,,,,,,19.0,50.0,1.0,2.0,0.0,0.0,0.0,,,,,,Bf_109_E-7
bf-109e-7,0.0,,,,,,0.0,,,,,,0.0,,,,,,Bf_109_E-7/U2
bf-109g-14,0.0,,,,,,71.0,71.8,1.13,0.91,0.87,0.59,0.0,,,,,,Bf_109_G-14
bf-109g-14as,0.0,,,,,,21.0,0.0,0.45,0.45,0.91,0.91,0.0,,,,,,Bf_109_G-14/AS
bf-109g-2_romania,0.0,,,,,,0.0,,,,,,0.0,,,,,,Bf_109_G-2
bf-109g-6_finland,0.0,,,,,,71.0,100.0,4.34,5.48,2.82,3.4,0.0,,,,,,Bf_109_G-6
bf-109k-4,0.0,,,,,,459.0,66.44,1.5,2.36,0.51,0.78,26.0,100.0,6.89,3.44,0.0,0.0,Bf_109_K-4
bf-109z,0.0,,,,,,25.0,100.0,4.0,1.82,3.0,1.64,0.0,,,,,,Bf_109_Z-1
bf-110c-6,0.0,,,,,,0.0,,,,,,0.0,,,,,,Bf_110_C-6
bf-110c-4,0.0,,,,,,0.0,,,,,,0.0,,,,,,Bf_110_C-7
bi,0.0,,,,,,2.0,,,,,,0.0,,,,,,BI
jp_oplot_t,0.0,,,,,,550.0,60.91,0.0,0.0,2.59,1.8,0.0,,,,,,BM_Oplot-T
ussr_bm_13n,0.0,,,,,,2.0,0.0,0.0,0.0,2.0,2.0,0.0,,,,,,BM-13N
ussr_bm_31_12,0.0,,,,,,150.0,96.87,0.0,0.0,0.21,0.18,0.0,,,,,,BM-31-12
ussr_bm_8_24,0.0,,,,,,0.0,,,,,,0.0,,,,,,BM-8-24
ussr_bmp_2m,0.0,,,,,,1644.0,44.63,0.0,0.0,1.31,0.85,13.0,,,0.0,,1.0,BMP-2M
p-38j_marge,0.0,,,,,,46.0,100.0,5.0,,4.0,,14.0,100.0,2.0,2.0,2.0,2.0,Bong's_P-38J-15
boston_mk_1,0.0,,,,,,0.0,,,,,,0.0,,,,,,Boston_Mk_I
uk_bosvark,0.0,,,,,,68.0,31.82,0.43,0.5,0.61,0.68,0.0,,,,,,Bosvark
br_693_ab2,0.0,,,,,,0.0,,,,,,0.0,,,,,,Br.693AB2
breda_88,0.0,,,,,,0.0,,,,,,0.0,,,,,,Breda_88_(P.XI)
ussr_bt_7_1937_td,0.0,,,,,,0.0,,,,,,0.0,,,,,,BT-7_TD
ussr_bt_7a_f32,0.0,,,,,,173.0,63.44,0.0,0.0,2.34,1.95,0.0,,,,,,BT-7A_(F-32)
jp_btr_3e1,0.0,,,,,,280.0,63.77,0.0,0.0,1.51,1.23,0.0,,,,,,BTR-3E1
buccaneer_s1,0.0,,,,,,28.0,100.0,0.0,0.0,0.25,0.56,0.0,,,,,,Buccaneer_S.1
buccaneer_s2,0.0,,,,,,56.0,20.37,0.0,0.0,1.11,0.65,0.0,,,,,,Buccaneer_S.2
bv-138c-1,0.0,,,,,,0.0,,,,,,0.0,,,,,,BV_138_C-1
bv-238,0.0,,,,,,0.0,,,,,,0.0,,,,,,BV_238
mc200_serie3_italy,0.0,,,,,,0.0,,,,,,0.0,,,,,,C._200_serie_3
mc200_serie3,0.0,,,,,,0.0,,,,,,0.0,,,,,,C._200_serie_3
mc200_serie7,0.0,,,,,,0.0,,,,,,0.0,,,,,,C._200_serie_7
mc-202,0.0,,,,,,0.0,,,,,,0.0,,,,,,C._202
mc-202_d,0.0,,,,,,0.0,,,,,,0.0,,,,,,C._202D
mc-205_n2,0.0,,,,,,10.0,100.0,2.0,,0.0,,0.0,,,,,,C._205N2
it_c13_tua,0.0,,,,,,0.0,,,,,,0.0,,,,,,C13/TUA
germ_leopard_c2_mexas,0.0,,,,,,79.0,50.0,0.0,0.0,2.17,2.71,0.0,,,,,,C2A1
canberra_bimk6,0.0,,,,,,68.0,100.0,4.3,17.0,0.5,2.0,0.0,,,,,,Canberra_B_(I)_Mk_6
canberra_bmk2,0.0,,,,,,0.0,,,,,,0.0,,,,,,Canberra_B_Mk_2
pby-5a_raf,0.0,,,,,,0.0,,,,,,0.0,,,,,,Catalina_Mk_IIIa
cn_gmc_cckw_353_m45_quad,0.0,,,,,,1.0,,,1.0,,0.0,0.0,,,,,,CCKW_353_(M45)
it_sahariano,0.0,,,,,,0.0,,,,,,0.0,,,,,,Celere_Sahariano
it_b1_centauro_romor,0.0,,,,,,61.0,57.25,0.0,0.0,1.65,2.22,0.0,,,,,,Centauro_I_105_R
it_centauro_mgs_120,0.0,,,,,,81.0,64.59,0.0,0.0,1.99,2.06,0.0,,,,,,Centauro_I_120
it_centauro_2,0.0,,,,,,152.0,75.93,0.0,0.0,3.49,2.37,0.0,,,,,,Centauro_II_(P)
uk_centurion_action_x,0.0,,,,,,14.0,,,0.0,,1.0,0.0,,,,,,Centurion_Action_X
uk_centurion_mk_2,0.0,,,,,,104.0,53.06,0.0,0.0,3.0,2.89,0.0,,,,,,Centurion_Mk.2
uk_centurion_mk_5_raac,0.0,,,,,,61.0,100.0,0.0,0.0,3.92,2.48,0.0,,,,,,Centurion_Mk.5/1
fr_bat_chat_25t,0.0,,,,,,176.0,77.9,0.0,0.0,3.72,2.9,0.0,,,,,,Char_25t
jp_type_97_kai,0.0,,,,,,107.0,100.0,0.0,0.0,6.55,3.43,0.0,,,,,,Chi-Ha_Kai
jp_type_97_kai_td,0.0,,,,,,0.0,,,,,,0.0,,,,,,Chi-Ha_Kai_TD
jp_type_1_chi_he_5th_regiment,0.0,,,,,,0.0,,,,,,0.0,,,,,,Chi-He_(5th_Regiment)
uk_chieftain_mk_3,0.0,,,,,,161.0,50.0,0.0,0.0,1.66,2.01,0.0,,,,,,Chieftain_Mk_3
uk_churchill_avre,0.0,,,,,,0.0,,,,,,0.0,,,,,,Churchill_AVRE_Petard
uk_churchill_na75,0.0,,,,,,0.0,,,,,,0.0,,,,,,Churchill_NA75
f-86_cl_13_mk4_italy,0.0,,,,,,36.0,44.45,2.33,3.75,1.66,2.63,0.0,,,,,,CL-13_Mk.4
germ_th_800_bismark,0.0,,,,,,20.0,,,0.0,,2.83,0.0,,,,,,Class_3_(P)
us_sl_amraam_launcher,,,,,,,,,,,,,,,,,,,CLAWS_(СОУ)
us_sl_amraam_fcs,0.0,,,,,,274.0,59.93,1.23,1.18,0.0,0.0,0.0,,,,,,CLAWS_(СОЦ)
fr_marder_clovis,0.0,,,,,,306.0,57.82,0.02,0.02,2.03,2.13,18.0,,,0.0,,1.0,CLOVIS
cn_cm11,0.0,,,,,,108.0,58.7,0.0,0.0,4.1,4.46,0.0,,,,,,CM11
cn_cm_34,0.0,,,,,,261.0,56.91,0.0,0.0,1.06,0.95,15.0,66.67,0.0,0.0,2.3,2.3,CM34
it_fiat_cm52,0.0,,,,,,10.0,,,0.0,,0.0,0.0,,,,,,CM52
uk_a_34_comet_iron_duke,0.0,,,,,,0.0,,,,,,0.0,,,,,,"Comet_I_""Iron_Duke_IV"""
cr_32_bis,0.0,,,,,,0.0,,,,,,0.0,,,,,,CR.32_bis
fiat_cr42,0.0,,,,,,0.0,,,,,,0.0,,,,,,CR.42
fiat_cr42_italy,0.0,,,,,,0.0,,,,,,0.0,,,,,,CR.42
uk_crusader_aa_mk_2,0.0,,,,,,50.0,60.75,0.79,1.27,0.1,0.23,0.0,,,,,,Crusader_AA_Mk_II
it_39m_csaba,0.0,,,,,,0.0,,,,,,0.0,,,,,,Csaba
sw_patria_amv_ctcv_105,0.0,,,,,,104.0,67.83,0.0,0.0,2.68,1.78,0.0,,,,,,CT-CV_105HP
jp_icv_prototype,0.0,,,,,,170.0,52.31,0.14,0.14,1.04,1.23,0.0,,,,,,CTWV_RCV
sw_cv_90_mk4,0.0,,,,,,109.0,59.68,0.0,0.0,1.04,0.99,0.0,,,,,,CV_90_Mk.IV
fr_cv_9035_nl,0.0,,,,,,68.0,50.0,0.0,0.0,2.31,2.04,0.0,,,,,,CV_9035NL
sw_cv_9030_fin,0.0,,,,,,353.0,48.22,0.0,0.0,1.25,1.03,0.0,,,,,,CV9030FIN
cw_21,0.0,,,,,,0.0,,,,,,0.0,,,,,,CW-21
d_371,0.0,,,,,,0.0,,,,,,0.0,,,,,,D.371
d_371_hs9,0.0,,,,,,2.0,,,1.0,,0.0,0.0,,,,,,D.371_H.S.9
d_373,0.0,,,,,,0.0,,,,,,0.0,,,,,,D.373
d_500,0.0,,,,,,0.0,,,,,,0.0,,,,,,D.500
d_501,0.0,,,,,,0.0,,,,,,0.0,,,,,,D.501
d_510c,0.0,,,,,,0.0,,,,,,0.0,,,,,,D.510C
d_520_france,0.0,,,,,,18.0,,,,,,0.0,,,,,,D.520
fr_renault_d2,0.0,,,,,,25.0,,,0.0,,2.0,0.0,,,,,,D2
d3a1,0.0,,,,,,0.0,,,,,,0.0,,,,,,D3A1
d4y1,0.0,,,,,,0.0,,,,,,0.0,,,,,,D4Y1
it_dardo_vcc,0.0,,,,,,21.0,50.0,0.0,0.0,1.0,1.0,5.0,,,,,,Dardo
db_3b,0.0,,,,,,0.0,,,,,,0.0,,,,,,DB-3B
uk_desert_warrior,0.0,,,,,,62.0,0.0,0.0,0.0,0.68,0.47,0.0,,,,,,Desert_Warrior
do_17e_1,0.0,,,,,,0.0,,,,,,0.0,,,,,,Do_17_E-1
do_17z_2,0.0,,,,,,0.0,,,,,,0.0,,,,,,Do_17_Z-2
do_17z_7,0.0,,,,,,0.0,,,,,,0.0,,,,,,Do_17_Z-7
do_217j_1,0.0,,,,,,0.0,,,,,,0.0,,,,,,Do_217_J-1
do_217j_2,0.0,,,,,,0.0,,,,,,0.0,,,,,,Do_217_J-2
do_217k_1,0.0,,,,,,0.0,,,,,,0.0,,,,,,Do_217_K-1
do_217m_1,0.0,,,,,,0.0,,,,,,0.0,,,,,,Do_217_M-1
do_217n_1,0.0,,,,,,0.0,,,,,,0.0,,,,,,Do_217_N-1
do_217n_2,0.0,,,,,,0.0,,,,,,0.0,,,,,,Do_217_N-2
do_335b_2,0.0,,,,,,157.0,57.06,0.74,0.58,2.95,2.48,0.0,,,,,,Do_335_B-2
fr_panhard_ebr_1951,0.0,,,,,,422.0,75.79,0.0,0.0,1.67,1.45,0.0,,,,,,E.B.R._(1951)
fr_panhard_ebr_1954,0.0,,,,,,128.0,80.92,0.0,0.0,4.09,2.57,23.0,,,0.0,,1.87,E.B.R._(1954)
fr_panhard_ebr_1963,0.0,,,,,,0.0,,,,,,0.0,,,,,,E.B.R._(1963)
e7k2,,,,,,,,,,,,,,,,,,,E7K2
e8n2,,,,,,,,,,,,,,,,,,,E8N2
us_efv_p1,0.0,,,,,,168.0,48.62,0.0,0.0,1.15,0.73,0.0,,,,,,EFV
il_eitan,0.0,,,,,,141.0,63.23,0.0,0.0,0.9,0.82,0.0,,,,,,Eitan_(P)
sw_eldenhet_98,0.0,,,,,,3.0,,,,,,0.0,,,,,,EldE_98
etndard_4m,0.0,,,,,,42.0,100.0,2.0,1.23,1.0,0.62,0.0,,,,,,Etendard_IVM
f1,0.0,,,,,,53.0,86.72,4.04,6.19,0.0,0.0,0.0,,,,,,F-1
f-100d_france,0.0,,,,,,9.0,0.0,2.0,2.0,2.0,2.0,0.0,,,,,,F-100D
f_101c,0.0,,,,,,44.0,88.71,1.42,4.43,1.48,4.29,0.0,,,,,,F-101C
f-104g_belgium,0.0,,,,,,0.0,,,,,,0.0,,,,,,F-104G
f-104g_italy,0.0,,,,,,0.0,,,,,,0.0,,,,,,F-104G
f-104j,0.0,,,,,,0.0,,,,,,0.0,,,,,,F-104J
f-104s,0.0,,,,,,0.0,,,,,,0.0,,,,,,F-104S
f-104s_cb,0.0,,,,,,86.0,11.11,0.64,0.79,4.53,4.53,0.0,,,,,,F-104S_TAF
f-104s_asa,0.0,,,,,,14.0,,,1.0,,0.0,0.0,,,,,,F-104S.ASA
f_111a,0.0,,,,,,2.0,,,,,,0.0,,,,,,F-111A
f_111c_raaf,0.0,,,,,,26.0,48.08,0.48,0.96,0.48,0.96,0.0,,,,,,F-111C
f_117,0.0,,,,,,34.0,50.0,0.0,0.0,1.03,2.05,0.0,,,,,,F-117
f_14a_early,0.0,,,,,,95.0,43.01,1.05,0.98,0.0,0.0,13.0,,,0.0,,0.0,F-14A_Early
f_14b,0.0,,,,,,66.0,30.0,1.65,0.72,0.8,0.31,0.0,,,,,,F-14B
f_14d,0.0,,,,,,743.0,48.61,1.35,1.57,0.06,0.07,0.0,,,,,,F-14D
f_15i_raam,0.0,,,,,,68.0,84.31,1.59,1.38,1.68,1.87,0.0,,,,,,F-15I_Ra’am
f_15j,0.0,,,,,,14.0,50.0,1.5,1.5,0.0,0.0,0.0,,,,,,F-15J
f_15j_kai,0.0,,,,,,33.0,81.67,2.3,3.39,0.08,0.71,0.0,,,,,,F-15J(M)
f_16a_block_15_belgium,0.0,,,,,,8.0,,,1.0,,0.0,0.0,,,,,,F-16A
f_16a_block_15_adf_italy,0.0,,,,,,9.0,,,,,,0.0,,,,,,F-16A_ADF
f_16a_block_15_ocu_thailand,0.0,,,,,,35.0,100.0,2.5,2.5,0.63,0.63,0.0,,,,,,F-16A_OCU
f_16a_block_15_ocu_belgium,0.0,,,,,,0.0,,,,,,0.0,,,,,,F-16A_OCU
f_16aj,0.0,,,,,,72.0,88.1,0.65,0.47,3.01,2.43,0.0,,,,,,F-16AJ
f_16am_block_15_mlu_belgium,0.0,,,,,,21.0,100.0,1.0,1.0,0.0,0.0,0.0,,,,,,F-16AM
f_16c_block_40_barak_2,0.0,,,,,,0.0,,,,,,0.0,,,,,,F-16C_Barak_II
f_16i_sufa,0.0,,,,,,0.0,,,,,,0.0,,,,,,F-16I_Sufa
fa_18c_finland,0.0,,,,,,67.0,50.0,1.22,1.24,0.0,0.0,0.0,,,,,,F-18C
ef_2000a,0.0,,,,,,0.0,,,,,,0.0,,,,,,F-2000A
ef_2000a_aesa,0.0,,,,,,74.0,74.0,3.46,4.92,0.7,0.79,0.0,,,,,,F-2000A_(AESA)
f_20a,0.0,,,,,,59.0,78.95,1.44,1.25,0.46,0.29,0.0,,,,,,F-20A
f_2a,0.0,,,,,,96.0,79.76,2.4,1.97,0.11,0.1,37.0,,,2.0,,0.0,F-2A
f_2a_adtw,0.0,,,,,,818.0,63.07,1.39,1.75,0.54,0.66,46.0,,,1.46,,1.15,F-2A_ADTW
f-4ej_adtw,0.0,,,,,,245.0,61.11,2.71,2.03,0.64,0.5,18.0,,,0.0,,0.0,F-4EJ_ADTW
f-4ej_kai,0.0,,,,,,17.0,,,1.0,,0.0,0.0,,,,,,F-4EJ_Kai_Phantom_II
f-4ej,0.0,,,,,,53.0,85.51,1.13,1.15,0.22,0.35,0.0,,,,,,F-4EJ_Phantom_II
f-5a,0.0,,,,,,0.0,,,,,,0.0,,,,,,F-5A
f-5a_thailand,0.0,,,,,,13.0,100.0,3.0,3.0,5.0,5.0,0.0,,,,,,F-5A
f-5e_fcu_thailand,0.0,,,,,,400.0,61.01,1.63,2.2,0.78,1.05,0.0,,,,,,F-5E_FCU
f-5t_thailand,0.0,,,,,,13.0,,,0.0,,1.69,0.0,,,,,,F-5T_SCU
f-5th_thailand,0.0,,,,,,52.0,100.0,1.35,1.05,0.71,0.24,0.0,,,,,,F-5TH_TCU
p-51c-10_france,0.0,,,,,,0.0,,,,,,0.0,,,,,,F-6C-10-NA
f-84f_france,0.0,,,,,,43.0,50.0,0.0,0.0,0.5,0.73,0.0,,,,,,F-84F
f-84f_italy,0.0,,,,,,0.0,,,,,,0.0,,,,,,F-84F
f-84f,0.0,,,,,,82.0,73.33,0.29,0.18,1.06,1.02,0.0,,,,,,F-84F
f-84f_iaf,0.0,,,,,,0.0,,,,,,0.0,,,,,,F-84F_IAF
f-84g,0.0,,,,,,0.0,,,,,,0.0,,,,,,F-84G-21-RE
f-84g_italy,0.0,,,,,,7.0,,,0.0,,11.57,0.0,,,,,,F-84G-21-RE
f-84g_france,0.0,,,,,,8.0,93.33,0.94,1.2,2.0,2.4,0.0,,,,,,F-84G-26-RE
f-86f-30_japan,0.0,,,,,,168.0,74.14,1.65,2.42,0.77,1.16,0.0,,,,,,F-86F-30_
f-86f-35,0.0,,,,,,69.0,95.24,0.0,0.0,0.76,0.19,0.0,,,,,,F-86F-35
f-86f-40_japan,0.0,,,,,,47.0,93.94,0.96,4.0,1.64,3.0,0.0,,,,,,F-86F-40_
f-86f-40_japan_blue_impulse,0.0,,,,,,31.0,88.46,3.54,1.82,3.08,1.45,0.0,,,,,,F-86F-40_JASDF
f-86k_late,0.0,,,,,,7.0,100.0,1.0,1.0,0.0,0.0,0.0,,,,,,F-86K
f-86k_late_italy,0.0,,,,,,12.0,50.0,1.0,2.0,0.5,1.0,0.0,,,,,,F-86K
f-8e_fn,0.0,,,,,,0.0,,,,,,0.0,,,,,,F-8E(FN)
f_222_2,0.0,,,,,,0.0,,,,,,0.0,,,,,,F.222.2
fc_20_bis,0.0,,,,,,0.0,,,,,,0.0,,,,,,F.C.20_Bis
fa_18a,0.0,,,,,,114.0,69.65,1.24,1.27,0.18,0.1,33.0,,,2.44,,0.0,F/A-18A
fa_18c_mlu_2_finland,0.0,,,,,,80.0,50.0,0.83,1.44,0.7,1.27,0.0,,,,,,F/A-18C_MLU_2
fa_18d_late_malaysia,0.0,,,,,,86.0,91.95,1.32,1.32,0.61,0.61,0.0,,,,,,F/A-18D_Late
fa_18f_block_2_raaf,0.0,,,,,,38.0,50.0,1.0,1.18,1.41,1.59,0.0,,,,,,F/A-18F
f11f_1_late,0.0,,,,,,21.0,100.0,5.0,,0.0,,0.0,,,,,,F11F-1
f1m2,0.0,,,,,,0.0,,,,,,0.0,,,,,,F1M2
f2a-1,0.0,,,,,,0.0,,,,,,0.0,,,,,,F2A-1
f3f-2,0.0,,,,,,0.0,,,,,,0.0,,,,,,F3F-2
f3h-2,0.0,,,,,,261.0,56.84,1.35,2.09,0.47,0.73,0.0,,,,,,F3H-2
f4d_1,0.0,,,,,,13.0,100.0,1.71,1.71,0.0,0.0,0.0,,,,,,F4D-1
f4u-1a_japan,0.0,,,,,,13.0,100.0,1.0,1.0,0.0,0.0,0.0,,,,,,F4U-1A
f4u-4b_vmf_214,0.0,,,,,,0.0,,,,,,0.0,,,,,,F4U-4B_VMF-214
f6f-5n_france,1.0,,,2.0,,0.0,11.0,,,0.0,,1.3,10.0,,,5.0,,1.0,F6F-5N
f7f3,0.0,,,,,,130.0,61.83,0.29,0.44,1.72,2.34,0.0,,,,,,F7F-3
f9f-5,0.0,,,,,,17.0,,,1.0,,2.82,0.0,,,,,,F9F-5
uk_falcon,0.0,,,,,,341.0,49.02,0.52,0.51,1.22,1.19,0.0,,,,,,Falcon
fr_fcm_36,0.0,,,,,,0.0,,,,,,0.0,,,,,,FCM.36
ffa_p16,0.0,,,,,,0.0,,,,,,0.0,,,,,,FFA_P-16
it_fiat_6614_106sr,0.0,,,,,,464.0,69.42,0.0,0.0,2.7,1.73,0.0,,,,,,FIAT_6614
it_fiat_6616_ub,,,,,,,,,,,,,,,,,,,FIAT_6616UB
b_48_firecrest,0.0,,,,,,33.0,,,,,,0.0,,,,,,Firecrest
it_fiat_6614_firos,0.0,,,,,,42.0,100.0,0.0,0.0,1.94,0.98,0.0,,,,,,FIROS_6
fj_4b,0.0,,,,,,0.0,,,,,,0.0,,,,,,FJ-4B
fj_4b_agm_12b,0.0,,,,,,62.0,100.0,0.4,0.4,3.32,4.1,0.0,,,,,,FJ-4B_VMF-232
germ_flakpanzer_38t_Gepard,0.0,,,,,,42.0,100.0,1.0,0.88,3.82,3.32,0.0,,,,,,Flakpanzer_38
germ_flarakrad,0.0,,,,,,104.0,50.0,1.56,0.56,0.0,0.0,0.0,,,,,,FlaRakRad
fokker_d21_mod20,0.0,,,,,,0.0,,,,,,0.0,,,,,,Fokker_D.XXI
fr_1_fireball,0.0,,,,,,184.0,71.18,0.36,0.38,1.12,0.99,7.0,,,0.0,,1.29,FR-1_Fireball
it_freccia_hitfist_ows,0.0,,,,,,268.0,49.88,0.01,0.01,2.07,1.32,0.0,,,,,,Freccia_OWS_30
fr_samp_t_launcher,0.0,,,,,,0.0,,,,,,0.0,,,,,,FSAF_SAMP/T_(Mamba)_(СОУ)
fr_samp_t_fcs,0.0,,,,,,32.0,98.15,1.46,2.25,0.0,0.0,0.0,,,,,,FSAF_SAMP/T_(Mamba)_(СОЦ)
it_samp_t_fcs,0.0,,,,,,0.0,,,,,,0.0,,,,,,FSAF_SAMP/T_(СОЦ)
fury_mk1,0.0,,,,,,0.0,,,,,,0.0,,,,,,Fury_Mk_I
fury_mk2,0.0,,,,,,0.0,,,,,,0.0,,,,,,Fury_Mk_II
uk_fv4005,0.0,,,,,,176.0,30.45,0.0,0.0,2.4,1.28,0.0,,,,,,FV4005
uk_fv4202,0.0,,,,,,155.0,59.68,0.0,0.0,2.91,2.0,0.0,,,,,,FV4202
fw-189a-1,0.0,,,,,,0.0,,,,,,0.0,,,,,,Fw_189_A-1
fw-190a-5_japan,0.0,,,,,,23.0,,,,,,0.0,,,,,,Fw_190_A-5
fw-190a-8_usa,0.0,,,,,,0.0,,,,,,0.0,,,,,,Fw_190_A-8
fw-190c,0.0,,,,,,0.0,,,,,,0.0,,,,,,Fw_190_C
fw-190d-13,0.0,,,,,,67.0,56.25,1.13,1.0,1.13,1.0,0.0,,,,,,Fw_190_D-13
fw_200c_1,0.0,,,,,,18.0,,,,,,0.0,,,,,,Fw_200_C-1
fw_189c_0,0.0,,,,,,0.0,,,,,,0.0,,,,,,Fw_189_C
fiat_g50_seria7as,0.0,,,,,,0.0,,,,,,0.0,,,,,,G.50_AS_serie_7
fiat_g50_seria2,0.0,,,,,,0.0,,,,,,0.0,,,,,,G.50_serie_2
fiat_g50_seria2_italy,0.0,,,,,,0.0,,,,,,0.0,,,,,,G.50_serie_2
g_55_serie1_ss0,0.0,,,,,,22.0,100.0,0.0,0.0,0.0,0.0,0.0,,,,,,G.55_sottoserie_0
g_55s,0.0,,,,,,95.0,72.58,0.94,1.02,1.09,1.2,5.0,,,5.0,,0.0,G.55S
g_56,0.0,,,,,,0.0,,,,,,0.0,,,,,,G.56
fiat_g91_ps,0.0,,,,,,20.0,100.0,1.0,1.0,0.0,0.0,0.0,,,,,,G.91_pre-serie
fiat_g91_r1,0.0,,,,,,13.0,100.0,0.0,0.0,0.0,0.0,0.0,,,,,,G.91_R/1
fiat_g91_r4,0.0,,,,,,15.0,0.0,0.43,0.2,0.71,0.33,0.0,,,,,,G.91_R/4
fiat_g91_y,0.0,,,,,,125.0,100.0,4.34,,0.34,,0.0,,,,,,G.91_Y
fiat_g91_ys,0.0,,,,,,123.0,92.47,2.66,5.91,1.46,2.94,0.0,,,,,,G.91_YS
g4m1,0.0,,,,,,0.0,,,,,,0.0,,,,,,G4M1
g5n1,0.0,,,,,,0.0,,,,,,0.0,,,,,,G5N1
g8n1,0.0,,,,,,34.0,50.0,1.12,1.36,0.16,0.2,0.0,,,,,,G8N1
f3f-2_galer,0.0,,,,,,0.0,,,,,,0.0,,,,,,Galer's_F3F-2
germ_garford_putilov,0.0,,,,,,0.0,,,,,,0.0,,,,,,Garford-Beute
ussr_gaz_4m,0.0,,,,,,3.0,,,,,,0.0,,,,,,GAZ-AAA_(4M)
ussr_gaz_dshk,0.0,,,,,,0.0,,,,,,0.0,,,,,,GAZ-AAA_(DShK)
uk_vickers_gbt_155,0.0,,,,,,52.0,85.88,0.11,0.08,1.91,1.44,0.0,,,,,,GBT_155
il_m113a1_tow,0.0,,,,,,59.0,50.0,0.0,0.0,1.7,1.81,0.0,,,,,,Giraf
gladiator_mk1_belgium,0.0,,,,,,0.0,,,,,,0.0,,,,,,Gladiator_Mk_I
gladiator_mk2_france,0.0,,,,,,0.0,,,,,,0.0,,,,,,Gladiator_Mk_IIF
gladiator_mk2_silver,0.0,,,,,,0.0,,,,,,0.0,,,,,,Gladiator_Mk_IIS
uk_mk1_grant,0.0,,,,,,0.0,,,,,,0.0,,,,,,Grant_I
il_28_china,0.0,,,,,,0.0,,,,,,0.0,,,,,,H-5
h-75a-1_france,0.0,,,,,,0.0,,,,,,0.0,,,,,,H-75A-1
h-75a-4_france,0.0,,,,,,0.0,,,,,,0.0,,,,,,H-75A-4
fr_hotchkiss_h35,0.0,,,,,,0.0,,,,,,0.0,,,,,,H.35
fr_hotchkiss_h39,0.0,,,,,,0.0,,,,,,0.0,,,,,,H.39
fr_hotchkiss_h39_cambronne,0.0,,,,,,0.0,,,,,,0.0,,,,,,"H.39_""Cambronne"""
hp_12,0.0,,,,,,0.0,,,,,,0.0,,,,,,H.P.12
h6k4,0.0,,,,,,0.0,,,,,,0.0,,,,,,H6K4
h8k3,0.0,,,,,,0.0,,,,,,0.0,,,,,,H8K3
jp_type_95_ha_go_commander,0.0,,,,,,0.0,,,,,,0.0,,,,,,Ha-Go_Commander
a5m4_hagiri,0.0,,,,,,0.0,,,,,,0.0,,,,,,Hagiri's_A5M4
hp52_hampden_mk1_late,0.0,,,,,,0.0,,,,,,0.0,,,,,,Hampden_Mk_I
hp52_hampden_tbmk1,0.0,,,,,,0.0,,,,,,0.0,,,,,,Hampden_TB_Mk_I
hp52_hampden_tbmk1_ussr_utk1,0.0,,,,,,0.0,,,,,,0.0,,,,,,Hampden_TB_Mk_I
harrier_gr1,0.0,,,,,,30.0,79.17,1.17,0.0,0.21,1.0,0.0,,,,,,Harrier_GR.1
harrier_gr3,0.0,,,,,,23.0,0.0,1.0,0.48,1.0,1.0,0.0,,,,,,Harrier_GR.3
harrier_gr7,0.0,,,,,,10.0,0.0,1.0,1.0,0.5,0.5,9.0,,,,,,Harrier_GR.7
harrier_t10,0.0,,,,,,76.0,50.0,0.82,0.41,0.49,1.18,0.0,,,,,,Harrier_T.10
intruder_mk_1,0.0,,,,,,0.0,,,,,,0.0,,,,,,Havoc_Mk_I
hawk_200,0.0,,,,,,0.0,,,,,,0.0,,,,,,Hawk_200
hawk_200_rda,0.0,,,,,,12.0,100.0,3.0,3.0,0.0,0.0,0.0,,,,,,Hawk_200_RDA
h-75a-2_finland,0.0,,,,,,0.0,,,,,,0.0,,,,,,Hawk_H-75A-2
hawk_iii,0.0,,,,,,0.0,,,,,,0.0,,,,,,Hawk_III
he-111h-6,0.0,,,,,,0.0,,,,,,0.0,,,,,,He_111_H-6
he_112b_1_italy,0.0,,,,,,0.0,,,,,,0.0,,,,,,He_112_B-1/U2
he_112b_1,0.0,,,,,,0.0,,,,,,0.0,,,,,,He_112_B-1/U2
he_112b_2,0.0,,,,,,13.0,,,,,,0.0,,,,,,He_112_B-2/U2
he_115c_1,0.0,,,,,,0.0,,,,,,0.0,,,,,,He_115_C-1
he-162a-1,0.0,,,,,,0.0,,,,,,0.0,,,,,,He_162_A-1
he-177a-3,0.0,,,,,,0.0,,,,,,0.0,,,,,,He_177_A-3
he-177a-5,0.0,,,,,,0.0,,,,,,0.0,,,,,,He_177_A-5
he_219a_7,0.0,,,,,,6.0,0.0,1.0,1.0,1.67,1.67,0.0,,,,,,He_219_A-7
he51b_2w,0.0,,,,,,0.0,,,,,,0.0,,,,,,He_51_B-2/H
jp_pzkpfw_VI_ausf_e_tiger,0.0,,,,,,17.0,61.11,0.0,0.0,4.2,4.2,0.0,,,,,,Heavy_Tank_No.6
marut_mk1,0.0,,,,,,10.0,,,3.0,,5.2,0.0,,,,,,HF-24
go229_v3,0.0,,,,,,47.0,0.0,2.0,,4.0,,0.0,,,,,,Ho_229_V3
jp_type_2_ho_i,0.0,,,,,,62.0,100.0,0.0,0.0,2.52,1.63,0.0,,,,,,Ho-I
hornet_mk1,0.0,,,,,,0.0,,,,,,0.0,,,,,,Hornet_Mk.I
hornet_mk3,0.0,,,,,,0.0,,,,,,0.0,,,,,,Hornet_Mk.III
il_m163_vulcan,0.0,,,,,,9.0,,,0.0,,0.0,0.0,,,,,,Hovet
cn_hq_11,0.0,,,,,,26.0,25.0,1.0,1.0,0.0,0.0,0.0,,,,,,HQ11
cn_hq_17,0.0,,,,,,0.0,,,,,,0.0,,,,,,HQ17
hs-123a-1,0.0,,,,,,0.0,,,,,,0.0,,,,,,Hs_123_A-1
hs-129b-2,0.0,,,,,,0.0,,,,,,0.0,,,,,,Hs_129_B-2
hs-129b-2_romania_italy,0.0,,,,,,10.0,,,,,,0.0,,,,,,Hs_129_B-2_(Romania)
hs-129b-2_romania,0.0,,,,,,0.0,,,,,,0.0,,,,,,Hs_129_B-2_(Romania)
hs-129b-3,0.0,,,,,,22.0,0.0,0.0,0.0,0.0,0.0,0.0,,,,,,Hs_129_B-3
us_hstv_l,0.0,,,,,,2398.0,58.69,0.04,0.0,1.48,1.26,13.0,,,0.0,,1.0,HSTV-L
hudson_mk_v,0.0,,,,,,0.0,,,,,,0.0,,,,,,Hudson_Mk_V
il_hunter_afv,0.0,,,,,,0.0,,,,,,0.0,,,,,,Hunter_AFV
hunter_f6,0.0,,,,,,156.0,69.97,2.24,3.35,1.35,1.97,0.0,,,,,,Hunter_F.6
hunter_f9_rhodesia,0.0,,,,,,70.0,86.83,2.13,7.67,0.89,6.67,0.0,,,,,,Hunter_FGA.9
hurricane_mk1,0.0,,,,,,0.0,,,,,,0.0,,,,,,Hurricane_Mk_I/L
hurricane_mk4,0.0,,,,,,14.0,,,,,,0.0,,,,,,Hurricane_Mk_IV
hurricane_mk1_late_ep,0.0,,,,,,0.0,,,,,,0.0,,,,,,Hurricane_Mk.I/L_FAA_M
i-15_1935,0.0,,,,,,0.0,,,,,,0.0,,,,,,I-15_M-22
i-15bis,0.0,,,,,,0.0,,,,,,0.0,,,,,,I-15bis
i-16_type10,0.0,,,,,,0.0,,,,,,0.0,,,,,,I-16_type_10
i-16_type18,0.0,,,,,,0.0,,,,,,0.0,,,,,,I-16_type_18
i-16_type5,0.0,,,,,,10.0,100.0,5.2,5.2,1.4,1.4,0.0,,,,,,I-16_type_5
ia_58a_pucara,0.0,,,,,,361.0,57.34,1.06,1.34,2.95,3.35,0.0,,,,,,IA.58A_Pucara
gladiator_j8a_iacobi,0.0,,,,,,16.0,100.0,0.0,0.0,0.0,0.0,0.0,,,,,,Iacobi's_J8A
iar_81c,0.0,,,,,,14.0,93.75,1.5,1.69,0.5,0.56,0.0,,,,,,IAR-81C
iar_81c_db_605,0.0,,,,,,0.0,,,,,,0.0,,,,,,IAR-81C_(DB_605)
iar_93b,0.0,,,,,,0.0,,,,,,0.0,,,,,,IAR-93B
jp_icv_ifv_prototype,0.0,,,,,,210.0,53.96,0.27,0.2,1.9,1.53,0.0,,,,,,ICV_(P)
il-10,1.0,,,,,,36.0,100.0,0.0,0.0,5.48,5.48,0.0,,,,,,IL-10
il_28,0.0,,,,,,0.0,,,,,,20.0,,,0.0,,0.0,IL-28
il_28sh,0.0,,,,,,28.0,0.0,0.0,0.0,0.0,0.0,0.0,,,,,,IL-28Sh
il-4,0.0,,,,,,0.0,,,,,,0.0,,,,,,IL-4
us_mim_72_chaparral,0.0,,,,,,66.0,100.0,1.2,0.82,0.0,0.0,0.0,,,,,,Imp.Chaparral
uk_a1e1_independent,0.0,,,,,,0.0,,,,,,0.0,,,,,,Independent
germ_iris_slm_launcher,,,,,,,,,,,,,,,,,,,IRIS-T_SLM_(СОУ)
germ_iris_slm_fcs,0.0,,,,,,273.0,37.0,1.78,1.72,0.0,0.0,0.0,,,,,,IRIS-T_SLM_(СОЦ)
ussr_is_2_1944_revenge,0.0,,,,,,23.0,100.0,0.0,0.0,3.0,2.63,0.0,,,,,,"IS-2_""Revenge"""
ussr_isu_122,0.0,,,,,,67.0,,,0.0,,1.67,0.0,,,,,,ISU-122
it_semovente_m43_75_bersaglieri,,,,,,,,,,,,,,,,,,,it_semovente_m43_75_bersaglieri
sw_crotale_ng,0.0,,,,,,40.0,0.0,1.0,0.73,0.0,0.0,0.0,,,,,,ItO_90M
sw_itpsv_90,0.0,,,,,,1178.0,45.7,0.07,0.05,1.88,1.45,0.0,,,,,,ItPsV_Leopard
j_10a,0.0,,,,,,251.0,65.84,1.34,1.63,0.09,0.14,0.0,,,,,,J-10A
j_10c,0.0,,,,,,40.0,100.0,3.76,3.33,3.09,2.63,0.0,,,,,,J-10C
j_11,0.0,,,,,,12.0,50.0,0.75,1.0,0.0,0.0,0.0,,,,,,J-11
j_11a,0.0,,,,,,0.0,,,,,,0.0,,,,,,J-11A
j_11b,0.0,,,,,,3.0,100.0,2.0,2.0,0.0,0.0,0.0,,,,,,J-11B
j_15t,0.0,,,,,,122.0,75.48,3.28,3.55,0.23,0.23,9.0,,,1.0,,0.0,J-15T
mig-15bis_nr23_china,0.0,,,,,,0.0,,,,,,0.0,,,,,,J-2
j_22m1a,0.0,,,,,,468.0,60.31,0.05,0.1,2.83,5.16,0.0,,,,,,J-22M1A
mig-17_china,0.0,,,,,,10.0,100.0,4.0,4.0,1.0,1.0,0.0,,,,,,J-4
j_7_mk2,0.0,,,,,,0.0,,,,,,0.0,,,,,,J-7II
j_8b,0.0,,,,,,9.0,50.0,2.17,4.33,0.0,0.0,0.0,,,,,,J-8B
j_8f,0.0,,,,,,0.0,,,,,,0.0,,,,,,J-8F
fiat_cr42_j11,0.0,,,,,,0.0,,,,,,0.0,,,,,,J11
re_2000_j20,0.0,,,,,,0.0,,,,,,0.0,,,,,,J20
p-51b_7_sweden,0.0,,,,,,10.0,,,,,,0.0,,,,,,J26_David
saab_j29a,0.0,,,,,,85.0,29.63,1.09,1.7,0.11,0.74,0.0,,,,,,J29A
saab_j29d,0.0,,,,,,36.0,50.0,0.69,1.38,11.69,23.38,0.0,,,,,,J29D
j2m3,0.0,,,,,,247.0,52.36,0.77,0.89,0.2,0.21,0.0,,,,,,J2M3
j2m4_kai,0.0,,,,,,0.0,,,,,,0.0,,,,,,J2M4_Kai
j2m5,0.0,,,,,,3.0,,,,,,0.0,,,,,,J2M5
saab_j32b,0.0,,,,,,0.0,,,,,,0.0,,,,,,J32B
hunter_f50_sweden,0.0,,,,,,0.0,,,,,,20.0,,,0.0,,0.0,J34
saab_j35a,0.0,,,,,,71.0,55.07,1.94,3.06,0.13,0.19,50.0,,,4.0,,0.0,J35A
j5n1,0.0,,,,,,27.0,,,1.71,,0.71,0.0,,,,,,J5N1
j6k1,0.0,,,,,,24.0,100.0,2.14,1.56,1.29,2.78,15.0,,,1.0,,2.0,J6K1
j7w1,0.0,,,,,,432.0,80.38,0.77,0.76,2.36,2.32,0.0,,,,,,J7W1
j9_early,0.0,,,,,,28.0,50.0,0.79,0.81,0.0,0.0,0.0,,,,,,J9_Early
saab_ja37d,0.0,,,,,,47.0,50.0,1.45,1.83,0.31,0.31,0.0,,,,,,JA37D
saab_ja37di,0.0,,,,,,0.0,,,,,,0.0,,,,,,JA37DI
saab_ja37di_f21,0.0,,,,,,400.0,68.01,1.45,1.2,0.05,0.05,39.0,,,1.12,,0.0,JA37DI_F21
germ_jaguar_2,0.0,,,,,,30.0,0.0,0.0,0.0,0.55,0.55,0.0,,,,,,Jaguar_2
jaguar_a,0.0,,,,,,0.0,,,,,,0.0,,,,,,Jaguar_A
jaguar_e,0.0,,,,,,7.0,,,,,,0.0,,,,,,Jaguar_E
jaguar_gr1,0.0,,,,,,28.0,0.0,2.0,2.0,4.0,4.0,0.0,,,,,,Jaguar_GR.1
jaguar_is,0.0,,,,,,129.0,42.58,0.35,0.41,0.59,0.79,0.0,,,,,,Jaguar_IS
germ_sk105_a2,0.0,,,,,,42.0,,,0.0,,2.86,0.0,,,,,,JaPz.K_A2
saab_jas39a,0.0,,,,,,46.0,62.5,1.23,0.86,0.48,0.54,0.0,,,,,,JAS39A
saab_jas39c,0.0,,,,,,54.0,55.91,1.32,1.87,0.0,0.0,10.0,,,2.0,,1.0,JAS39C
saab_jas39c_thailand,0.0,,,,,,19.0,35.0,0.7,0.98,0.33,0.02,4.0,,,,,,JAS39C
saab_jas39e,0.0,,,,,,217.0,53.89,1.08,1.03,0.36,0.32,0.0,,,,,,JAS39E
javelin_fmk9,0.0,,,,,,223.0,52.72,1.13,1.55,0.55,0.7,0.0,,,,,,Javelin_F.(A.W.)_Mk.9
jf_17,0.0,,,,,,51.0,51.75,0.87,1.63,0.28,0.5,0.0,,,,,,JF-17
jh_7,0.0,,,,,,0.0,,,,,,0.0,,,,,,JH-7
jh_7a,0.0,,,,,,0.0,,,,,,0.0,,,,,,JH-7A
jh_7a_prototype,0.0,,,,,,0.0,,,,,,0.0,,,,,,JH-7A_Prototype
jh_7a2,0.0,,,,,,0.0,,,,,,0.0,,,,,,JH-7A2
ju-188a-2,0.0,,,,,,4.0,100.0,3.0,6.0,0.5,1.0,0.0,,,,,,Ju_188_A-2
ju-288c,0.0,,,,,,42.0,0.0,0.0,0.0,2.67,1.9,0.0,,,,,,Ju_288_C
ju-388j,0.0,,,,,,0.0,,,,,,0.0,,,,,,Ju_388_J
ju-87b-2,0.0,,,,,,55.0,62.22,0.83,0.78,0.33,0.3,0.0,,,,,,Ju_87_B-2
ju-87d-3,0.0,,,,,,36.0,50.0,0.0,0.0,0.5,1.0,0.0,,,,,,Ju_87_D-3
ju-87d-5,0.0,,,,,,28.0,,,0.25,,1.04,0.0,,,,,,Ju_87_D-5
ju-87g_1,0.0,,,,,,19.0,,,0.0,,0.0,0.0,,,,,,Ju_87_G-1
ju-87g_2,0.0,,,,,,0.0,,,,,,0.0,,,,,,Ju_87_G-2
ju-87r-2,0.0,,,,,,16.0,,,,,,0.0,,,,,,Ju_87_R-2
ju-87r-2_italy,0.0,,,,,,0.0,,,,,,0.0,,,,,,Ju_87_R-2
ju-87r-2_snake,0.0,,,,,,24.0,50.0,0.0,0.0,0.5,1.0,0.0,,,,,,Ju_87_R-2_Libya
ju-88a-1,0.0,,,,,,0.0,,,,,,0.0,,,,,,Ju_88_A-1
ju-88a-4_finland,0.0,,,,,,26.0,,,0.0,,1.3,0.0,,,,,,Ju_88_A-4
ju-88a-4,0.0,,,,,,0.0,,,,,,0.0,,,,,,Ju_88_A-4
ju-88c-6,0.0,,,,,,0.0,,,,,,0.0,,,,,,Ju_88_C-6
kfir_c2,0.0,,,,,,0.0,,,,,,0.0,,,,,,Kfir_C.2
kfir_c7,0.0,,,,,,0.0,,,,,,0.0,,,,,,Kfir_C.7
kfir_canard,0.0,,,,,,40.0,0.0,0.36,0.12,0.71,0.73,0.0,,,,,,Kfir_Canard
uk_khalid,0.0,,,,,,82.0,8.89,0.0,0.0,4.04,2.61,0.0,,,,,,Khalid
ussr_9p157,0.0,,,,,,173.0,50.0,0.0,0.0,1.56,1.46,0.0,,,,,,Khrizantema-S
ki_10_1_commander,0.0,,,,,,0.0,,,,,,0.0,,,,,,Ki-10-I_C
ki_10_2,0.0,,,,,,25.0,,,0.0,,0.0,0.0,,,,,,Ki-10-II
ki_10_2_commander,0.0,,,,,,0.0,,,,,,0.0,,,,,,Ki-10-II_C
ki_102_otsu,0.0,,,,,,0.0,,,,,,0.0,,,,,,Ki-102_otsu
ki_108,0.0,,,,,,10.0,,,,,,0.0,,,,,,Ki-108_Kai
ki_109,0.0,,,,,,0.0,,,,,,0.0,,,,,,Ki-109
j8m1,0.0,,,,,,17.0,,,,,,0.0,,,,,,Ki-200
ki_21_1hei,0.0,,,,,,0.0,,,,,,0.0,,,,,,Ki-21-I_hei
ki-27_otsu_ep,0.0,,,,,,0.0,,,,,,0.0,,,,,,Ki-27_otsu_Tachiarai
ki_43_2_late,0.0,,,,,,18.0,,,,,,0.0,,,,,,Ki-43-II
ki_44_1_ep,0.0,,,,,,14.0,100.0,1.0,1.0,0.0,0.0,0.0,,,,,,Ki-44-I_34
ki_44_2_otsu,0.0,,,,,,26.0,100.0,0.0,0.0,2.0,1.0,0.0,,,,,,Ki-44-II_otsu
ki-45_hei,0.0,,,,,,0.0,,,,,,0.0,,,,,,Ki-45_hei
ki-45_otsu,0.0,,,,,,26.0,,,0.0,,0.0,0.0,,,,,,Ki-45_otsu
ki-45_tei,0.0,,,,,,0.0,,,,,,0.0,,,,,,Ki-45_tei
ki_48_2_otsu,0.0,,,,,,0.0,,,,,,0.0,,,,,,Ki-48-II_otsu
ki-49_1,0.0,,,,,,0.0,,,,,,0.0,,,,,,Ki-49-I
ki-49_2a,0.0,,,,,,0.0,,,,,,0.0,,,,,,Ki-49-IIa
ki-49_2b,0.0,,,,,,0.0,,,,,,0.0,,,,,,Ki-49-IIb
ki-49_2b_late,0.0,,,,,,3.0,,,,,,0.0,,,,,,Ki-49-IIb/L
ki_61_1a_otsu_usa,0.0,,,,,,0.0,,,,,,0.0,,,,,,Ki-61-Ib
ki-83,0.0,,,,,,4.0,,,2.0,,1.0,0.0,,,,,,Ki-83
ki_84_hei,0.0,,,,,,66.0,55.56,2.08,3.78,2.14,3.89,0.0,,,,,,Ki-84_hei
ki_84_otsu,0.0,,,,,,28.0,100.0,1.74,0.0,1.0,1.0,0.0,,,,,,Ki-84_otsu
ki_87,0.0,,,,,,0.0,,,,,,0.0,,,,,,Ki-87
ki_94_2,0.0,,,,,,1.0,,,0.0,,0.0,0.0,,,,,,Ki-94-II
ki-96,0.0,,,,,,20.0,100.0,1.0,1.0,1.0,1.0,0.0,,,,,,Ki-96
kitsuka,0.0,,,,,,181.0,89.14,1.42,1.96,2.06,2.63,0.0,,,,,,Kikka
kor_1,,,,,,,,,,,,,,,,,,,KOR-1
f-4e_iaf,0.0,,,,,,112.0,55.81,1.18,1.55,0.88,1.16,0.0,,,,,,Kurnass
f-4e_kurnass_2000,0.0,,,,,,0.0,,,,,,0.0,,,,,,Kurnass_2000
it_l3_cc,0.0,,,,,,0.0,,,,,,0.0,,,,,,L3/33_CC
it_l6,0.0,,,,,,0.0,,,,,,0.0,,,,,,L6/40
it_l6_leone,0.0,,,,,,0.0,,,,,,0.0,,,,,,L6/40_(31_Rgt.)
la-11,0.0,,,,,,0.0,,,,,,0.0,,,,,,La-11
la-15,0.0,,,,,,16.0,,,0.0,,0.0,0.0,,,,,,La-15
la_174,0.0,,,,,,0.0,,,,,,0.0,,,,,,La-174
la-5fn_luftwaffe,0.0,,,,,,20.0,,,1.0,,0.0,0.0,,,,,,La-5FN
lagg-3-4,0.0,,,,,,0.0,,,,,,0.0,,,,,,LaGG-3-4
lancaster_mk1,0.0,,,,,,15.0,50.0,0.0,0.0,0.0,0.0,0.0,,,,,,Lancaster_B_Mk_I
lancaster_mk3,0.0,,,,,,0.0,,,,,,0.0,,,,,,Lancaster_B_Mk_III
it_lancia3ro_100,0.0,,,,,,0.0,,,,,,0.0,,,,,,Lancia_3Ro_(100/17)
late_298d,0.0,,,,,,0.0,,,,,,0.0,,,,,,Late_298D
fr_leclerc_azur,0.0,,,,,,98.0,78.49,0.0,0.0,3.85,1.98,0.0,,,,,,Leclerc_AZUR
fr_leclerc_sxxi,0.0,,,,,,275.0,60.73,0.0,0.0,3.51,2.45,0.0,,,,,,Leclerc_SXXI
leo_451_early,0.0,,,,,,0.0,,,,,,0.0,,,,,,LeO_451_early
leo_451_late,0.0,,,,,,0.0,,,,,,0.0,,,,,,LeO_451_late
germ_leopard_2av,0.0,,,,,,57.0,100.0,0.0,0.0,4.1,2.62,0.0,,,,,,Leopard_2AV
jp_leopard_2ri,0.0,,,,,,643.0,60.47,0.0,0.0,2.07,2.06,0.0,,,,,,Leopard_2RI
it_leopard_bofors,0.0,,,,,,63.0,30.0,0.3,0.08,2.1,1.31,0.0,,,,,,Leopard_40/70
uk_vickers_mk_6_aa_mk_1,0.0,,,,,,3.0,,,0.0,,0.0,0.0,,,,,,Light_AA_Mk_I
lightning_f53,0.0,,,,,,13.0,,,,,,0.0,,,,,,Lightning_F.53
lincoln_b2,0.0,,,,,,4.0,100.0,3.5,7.0,0.0,0.0,0.0,,,,,,Lincoln_B_Mk_II
fr_lorraine_155,0.0,,,,,,0.0,,,,,,0.0,,,,,,Lorraine_155_Mle.50
fr_lorraine_37l,0.0,,,,,,0.0,,,,,,0.0,,,,,,Lorraine_37L
us_losat_ccv,0.0,,,,,,17.0,,,0.0,,0.75,0.0,,,,,,LOSAT
sw_lvrbv_701,0.0,,,,,,22.0,,,,,,0.0,,,,,,Lvrbv_701
us_lvt_a_4,0.0,,,,,,0.0,,,,,,0.0,,,,,,LVT(A)(4)
us_lvt_4_zis_2,0.0,,,,,,0.0,,,,,,0.0,,,,,,LVT(A)(4)_(ZIS-2)
fr_lvt_bofors,0.0,,,,,,5.0,100.0,0.0,0.0,2.0,2.0,0.0,,,,,,LVT-4/40
m_346fa,0.0,,,,,,38.0,55.88,1.0,1.88,0.29,0.35,0.0,,,,,,M-346FA
mb_151c1,0.0,,,,,,0.0,,,,,,0.0,,,,,,M.B.151C.1
mb_152c1,0.0,,,,,,0.0,,,,,,0.0,,,,,,M.B.152C1
mb_162,0.0,,,,,,0.0,,,,,,0.0,,,,,,M.B.162
mb_174_a3,0.0,,,,,,0.0,,,,,,0.0,,,,,,M.B.174A-3
mb_175t,0.0,,,,,,0.0,,,,,,0.0,,,,,,M.B.175T
md_450b_barougan,0.0,,,,,,41.0,50.0,1.5,0.39,1.5,0.39,0.0,,,,,,M.D.450B_Barougan
md_450b_ouragan,0.0,,,,,,107.0,74.64,0.75,0.79,0.86,0.92,0.0,,,,,,M.D.450B_Ouragan
md_452_mystere_2a,0.0,,,,,,30.0,,,1.38,,0.0,0.0,,,,,,M.D.452_IIA
md_452_mystere_2c_preproduction,0.0,,,,,,36.0,50.0,0.0,0.08,0.29,0.33,0.0,,,,,,M.D.452_IIC
ms_405c1,0.0,,,,,,0.0,,,,,,0.0,,,,,,M.S.405C1
ms_406c1,0.0,,,,,,0.0,,,,,,0.0,,,,,,M.S.406C1
fr_m10,0.0,,,,,,141.0,47.22,0.0,0.0,4.63,4.73,0.0,,,,,,M10_GMC
uk_m109a1,0.0,,,,,,35.0,100.0,0.0,0.0,1.0,1.25,0.0,,,,,,M109A1
it_m109g,0.0,,,,,,34.0,36.36,0.0,0.0,0.64,0.83,0.0,,,,,,M109G
it_m113a1_tow,0.0,,,,,,43.0,50.0,0.0,0.0,0.98,1.54,0.0,,,,,,M113A1_(TOW)
us_halftrack_m13,0.0,,,,,,3.0,,,,,,0.0,,,,,,M13_MGMC
it_m13_40_serie_2,0.0,,,,,,0.0,,,,,,0.0,,,,,,M13/40_(II)
it_m13_40_serie_3,0.0,,,,,,0.0,,,,,,0.0,,,,,,M13/40_(III)
it_m14_41,0.0,,,,,,0.0,,,,,,0.0,,,,,,M14/41
it_m15_42,0.0,,,,,,0.0,,,,,,0.0,,,,,,M15/42
jp_halftrack_m16,0.0,,,,,,106.0,64.52,1.0,0.57,0.0,0.0,0.0,,,,,,M16_MGMC
us_halftrack_m16,0.0,,,,,,3.0,,,1.0,,0.0,0.0,,,,,,M16_MGMC
us_m163_vulcan,0.0,,,,,,520.0,38.4,0.55,0.55,0.15,0.16,0.0,,,,,,M163
jp_m163_vulcan,0.0,,,,,,340.0,80.75,1.04,1.05,0.2,0.21,0.0,,,,,,M163
jp_m19,0.0,,,,,,138.0,54.17,0.1,0.03,1.16,0.25,0.0,,,,,,M19A1
uk_m1a1_aim_abrams,0.0,,,,,,39.0,100.0,0.0,0.0,4.29,4.29,0.0,,,,,,M1A1
uk_m1a2_sep3_abrams,0.0,,,,,,735.0,63.53,0.02,0.02,2.69,2.43,0.0,,,,,,M1A2
us_m2_medium,0.0,,,,,,0.0,,,,,,0.0,,,,,,M2
us_m2a2,0.0,,,,,,0.0,,,,,,0.0,,,,,,M2A2
ussr_m3c,0.0,,,,,,0.0,,,,,,0.0,,,,,,M3_Medium
us_m3_stuart,0.0,,,,,,23.0,,,0.0,,0.98,0.0,,,,,,M3_Stuart
us_m3a1_stuart_usmc,0.0,,,,,,0.0,,,,,,0.0,,,,,,M3A1_(USMC)
us_m4_sherman_promo,0.0,,,,,,23.0,,,0.0,,1.69,0.0,,,,,,M4
us_m4a2_1944_germ,0.0,,,,,,2.0,,,0.0,,2.5,0.0,,,,,,M4_748_(a)
it_m15_42_contraereo,0.0,,,,,,138.0,53.47,1.57,1.95,0.54,0.55,0.0,,,,,,M42_Contraereo
fr_m44,0.0,,,,,,76.0,66.67,0.0,0.0,3.5,2.32,0.0,,,,,,M44
it_m44,0.0,,,,,,89.0,58.5,0.0,0.0,1.66,1.82,0.0,,,,,,M44
uk_m44,0.0,,,,,,43.0,50.0,0.0,0.0,0.0,0.0,0.0,,,,,,M44
fr_m46_patton,0.0,,,,,,56.0,15.0,0.0,0.0,2.55,2.1,0.0,,,,,,M46
us_m47_patton_II,0.0,,,,,,399.0,57.48,0.0,0.0,1.8,1.47,0.0,,,,,,M47
it_m47_105,0.0,,,,,,57.0,59.81,0.0,0.0,2.21,2.63,0.0,,,,,,M47_(105/55)
germ_mkpz_super_m48,0.0,,,,,,139.0,48.21,0.0,0.0,2.52,3.19,0.0,,,,,,M48_Super
us_m4a2_1944,,,,,,,,,,,,,,,,,,,M4A2_(1944)
fr_m4a3e2_sherman_jumbo,0.0,,,,,,58.0,82.61,0.0,0.0,3.63,2.39,0.0,,,,,,M4A3E2
fr_m4a4_cn_75_50,0.0,,,,,,146.0,58.93,0.0,0.0,1.35,1.89,0.0,,,,,,M4A4_(SA50)
us_m4a5_ram_2,0.0,,,,,,0.0,,,,,,0.0,,,,,,M4A5
it_m55,0.0,,,,,,23.0,,,0.0,,1.0,20.0,,,,,,M55
us_m5a1_stuart_td,0.0,,,,,,0.0,,,,,,0.0,,,,,,M5A1_TD
us_m60a1_rise_mod,0.0,,,,,,118.0,51.47,0.0,0.0,2.57,1.93,0.0,,,,,,M60A1_Predator
us_m728,0.0,,,,,,0.0,,,,,,0.0,,,,,,M728_CEV
us_m8_greyhound,0.0,,,,,,13.0,,,0.0,,1.46,0.0,,,,,,M8_LAC
us_m901_itv,0.0,,,,,,89.0,47.37,0.0,0.0,1.66,2.71,0.0,,,,,,M901
us_magach_3,0.0,,,,,,0.0,,,,,,0.0,,,,,,Magach_3_(ERA)
il_magach_3,0.0,,,,,,3.0,,,,,,0.0,,,,,,Magach_3_(ERA)
il_magach_6a,0.0,,,,,,32.0,30.56,0.0,0.0,1.11,1.0,0.0,,,,,,Magach_6A
il_magach_6m,0.0,,,,,,3.0,,,0.0,,1.67,0.0,,,,,,Magach_6M
il_magach_6r,0.0,,,,,,66.0,53.62,0.0,0.0,1.53,1.98,0.0,,,,,,Magach_6R
fiat_cr42_marcolin,0.0,,,,,,0.0,,,,,,0.0,,,,,,Marcolin's_C.R.42_CN
fiat_cr42_marcolin_italy,0.0,,,,,,0.0,,,,,,0.0,,,,,,Marcolin's_C.R.42_CN
uk_mark_v,0.0,,,,,,0.0,,,,,,0.0,,,,,,Mark_V
fr_mars_15,0.0,,,,,,60.0,45.86,0.0,0.0,1.47,2.11,0.0,,,,,,MARS_15
martin_139wc,0.0,,,,,,0.0,,,,,,0.0,,,,,,Martin_139WC
f4f-4_martlet_mk4,0.0,,,,,,3.0,,,,,,0.0,,,,,,Martlet_Mk_IV
uk_a_12_mk_2_matilda_2,0.0,,,,,,0.0,,,,,,0.0,,,,,,Matilda_III
mb_326b,0.0,,,,,,40.0,100.0,0.12,0.0,5.49,15.62,53.0,59.26,0.41,0.83,2.78,5.17,MB-326B
mb_5,0.0,,,,,,76.0,80.97,2.74,5.34,1.46,2.48,0.0,,,,,,MB.5
mbr-2,0.0,,,,,,0.0,,,,,,0.0,,,,,,MBR-2-M-34
me-163b,0.0,,,,,,24.0,,,,,,0.0,,,,,,Me_163_B
me-163b-0,0.0,,,,,,0.0,,,,,,0.0,,,,,,Me_163_B-0
me_210_v22_japan,0.0,,,,,,0.0,,,,,,0.0,,,,,,Me_210_V22
me-262a-1a,0.0,,,,,,18.0,,,,,,0.0,,,,,,Me_262_A-1a
me-262a-1a_early,0.0,,,,,,13.0,,,,,,0.0,,,,,,Me_262_A-1a/Jabo
me-262a-2a,0.0,,,,,,76.0,84.45,2.39,5.59,0.7,2.36,0.0,,,,,,Me_262_A-2a
me-262c-1a,0.0,,,,,,0.0,,,,,,0.0,,,,,,Me_262_C-1a
me-262c-2b,0.0,,,,,,11.0,,,,,,0.0,,,,,,Me_262_C-2b
me-410a-1_u4,0.0,,,,,,18.0,0.0,0.0,0.0,1.21,1.21,0.0,,,,,,Me_410_A-1/U4
me-410b-6_r3,0.0,,,,,,3.0,,,0.0,,6.0,0.0,,,,,,Me_410_B-6/R3
us_merkava_mk_1,0.0,,,,,,42.0,50.0,0.0,0.0,1.84,2.28,0.0,,,,,,Merkava_Mk.1
us_merkava_mk_2b_late,0.0,,,,,,15.0,26.67,0.0,0.0,1.3,1.75,0.0,,,,,,Merkava_Mk.2B
il_merkava_mk_3b,0.0,,,,,,276.0,57.89,0.0,0.0,1.38,1.27,0.0,,,,,,Merkava_Mk.3B
il_merkava_mk_3c,0.0,,,,,,324.0,59.76,0.0,0.0,2.01,1.6,0.0,,,,,,Merkava_Mk.3C
us_merkava_mk_3d,0.0,,,,,,4.0,,,,,,0.0,,,,,,Merkava_Mk.3D
il_merkava_mk_4m,0.0,,,,,,538.0,84.57,0.08,0.08,6.04,6.28,0.0,,,,,,Merkava_Mk.4M
meteor_fmk3,0.0,,,,,,75.0,72.22,0.37,0.58,1.24,1.78,0.0,,,,,,Meteor_F_Mk_3
meteor_fmk4_lw,0.0,,,,,,59.0,100.0,1.06,0.65,0.88,0.85,0.0,,,,,,Meteor_F_Mk_4_G.41F
meteor_fmk4_sw,0.0,,,,,,0.0,,,,,,0.0,,,,,,Meteor_F_Mk_4_G.41G
meteor_fmk8,0.0,,,,,,9.0,100.0,0.0,,0.0,,0.0,,,,,,Meteor_F_Mk_8_G.41K
meteor_fmk8_belgium,0.0,,,,,,15.0,100.0,2.55,2.55,1.0,1.0,0.0,,,,,,Meteor_F_Mk.8
meteor_fmk8_reaper,0.0,,,,,,34.0,66.67,2.54,3.78,2.23,3.39,0.0,,,,,,Meteor_F_Mk.8_Reaper
me_210a_1,0.0,,,,,,24.0,100.0,2.0,0.0,0.0,0.0,0.0,,,,,,Me_210_A-1
mig-15_ns23,0.0,,,,,,104.0,84.45,2.9,2.6,0.19,0.2,0.0,,,,,,MiG-15
mig-15,0.0,,,,,,90.0,31.61,1.4,1.1,0.73,0.51,0.0,,,,,,MiG-15bis
mig-15bis_ish,0.0,,,,,,162.0,69.68,0.15,0.16,2.39,2.25,0.0,,,,,,MiG-15bis_ISH
mig-21_bison,0.0,,,,,,307.0,74.72,2.09,1.55,0.0,0.0,1.0,,,1.0,,0.0,MiG-21_Bison
mig-21_pfm,0.0,,,,,,5.0,50.0,0.0,0.0,0.0,0.0,0.0,,,,,,MiG-21PFM
mig_29_9_12_sniper,0.0,,,,,,381.0,57.43,1.65,1.55,0.1,0.1,6.0,,,2.0,,0.0,MiG-29_Sniper
mig_29n,0.0,,,,,,22.0,47.06,1.47,1.36,0.0,0.0,0.0,,,,,,MiG-29N
mig-9,0.0,,,,,,70.0,24.31,1.69,2.29,0.29,0.29,0.0,,,,,,MiG-9
mig-9_ussr,0.0,,,,,,8.0,100.0,2.0,2.0,0.0,0.0,0.0,,,,,,MiG-9_(l)
mirage_milan,0.0,,,,,,6.0,100.0,1.0,1.0,1.5,2.0,0.0,,,,,,Milan
mirage_2000_5f,0.0,,,,,,198.0,51.61,1.54,1.3,0.19,0.16,0.0,,,,,,Mirage_2000-5F
mirage_2000c_s4,0.0,,,,,,389.0,71.27,4.2,11.0,0.01,0.04,0.0,,,,,,Mirage_2000C-S4
mirage_2000c_s5,0.0,,,,,,94.0,55.83,2.11,3.47,0.35,0.55,0.0,,,,,,Mirage_2000C-S5
mirage_2000d_r1,0.0,,,,,,0.0,,,,,,0.0,,,,,,Mirage_2000D-R1
mirage_2000d_rmv,0.0,,,,,,13.0,,,,,,4.0,,,0.0,,0.0,Mirage_2000D-RMV
mirage_4000,0.0,,,,,,80.0,79.17,2.19,1.65,0.0,0.0,18.0,,,1.0,,0.0,Mirage_4000
mirage_5ba,0.0,,,,,,16.0,,,,,,0.0,,,,,,Mirage_5BA
mirage_5f,0.0,,,,,,26.0,50.0,0.5,1.0,0.0,0.0,0.0,,,,,,Mirage_5F
mirage_f1c,0.0,,,,,,0.0,,,,,,0.0,,,,,,Mirage_F1C
mirage_f1c_200,0.0,,,,,,658.0,53.17,0.75,0.83,0.11,0.12,60.0,,,2.55,,0.0,Mirage_F1C-200
mirage_f1ct,0.0,,,,,,0.0,,,,,,0.0,,,,,,Mirage_F1CT
mirage_3c,0.0,,,,,,14.0,57.14,1.43,2.57,0.0,0.0,0.0,,,,,,Mirage_IIIC
mirage_3e,0.0,,,,,,52.0,68.18,0.89,1.26,0.0,0.0,0.0,,,,,,Mirage_IIIE
ussr_a_12_mk_2_matilda_2A_F96,0.0,,,,,,0.0,,,,,,0.0,,,,,,MK-II_«Matilda»
germ_mkpz_m47,0.0,,,,,,0.0,,,,,,0.0,,,,,,mKPz_M47_G
mosquito_fb_mk18,0.0,,,,,,0.0,,,,,,0.0,,,,,,Mosquito_FB_Mk_XVIII
mosquito_tr_mk33,0.0,,,,,,0.0,,,,,,0.0,,,,,,Mosquito_TR.Mk.33
mosquito_b_mk16,0.0,,,,,,1.0,,,,,,0.0,,,,,,Mosquito_B.Mk.XVI
mosquito_nf_mk2,0.0,,,,,,18.0,100.0,5.72,,0.5,,0.0,,,,,,Mosquito_NF.Mk.II
p-51b,0.0,,,,,,113.0,73.12,1.77,2.03,1.13,1.3,31.0,,,5.88,,1.0,Mustang_Mk_IA
md_454_mystere_4a,0.0,,,,,,0.0,,,,,,0.0,,,,,,Mystere_IVA
nc_223_3,0.0,,,,,,0.0,,,,,,0.0,,,,,,N.C.223.3
n1k1_kyuofu,0.0,,,,,,9.0,,,,,,0.0,,,,,,N1K1
n1k2_j,0.0,,,,,,7.0,100.0,1.0,0.71,1.0,1.0,0.0,,,,,,N1K2-J
il_namer_rcws_30,0.0,,,,,,304.0,56.51,0.04,0.04,1.16,1.23,0.0,,,,,,Namer_30
il_namer_tsrikhon,0.0,,,,,,78.0,57.78,0.0,0.0,1.76,3.15,0.0,,,,,,Namer_Tsrikhon
sw_nasams_fcs,0.0,,,,,,33.0,59.09,1.5,1.13,0.0,0.0,0.0,,,,,,NASAMS_3_(СОЦ)
us_nasams_fcs,0.0,,,,,,369.0,68.23,1.3,1.3,0.0,0.0,0.0,,,,,,NASAMS_3_(СОЦ)
fw-190a-8_france,0.0,,,,,,0.0,,,,,,0.0,,,,,,NC.900
nesher,0.0,,,,,,0.0,,,,,,0.0,,,,,,Nesher
f_16a_block_10_iaf,0.0,,,,,,1.0,,,1.0,,1.0,0.0,,,,,,Netz
f_16a_block_10_netz_mod,0.0,,,,,,62.0,54.62,2.06,2.77,0.37,0.39,18.0,,,0.0,,4.0,Netz_(Mod)
nimrod_mk1,0.0,,,,,,0.0,,,,,,0.0,,,,,,Nimrod_Mk_I
nimrod_mk2,0.0,,,,,,0.0,,,,,,0.0,,,,,,Nimrod_Mk_II
sw_nomads,0.0,,,,,,0.0,,,,,,0.0,,,,,,NOMADS
ussr_object_140,0.0,,,,,,164.0,52.85,0.0,0.0,4.23,3.4,0.0,,,,,,Object_140
uk_olifant_mk_1a,0.0,,,,,,595.0,63.23,0.08,0.1,4.07,4.5,0.0,,,,,,Olifant_Mk.1A
uk_olifant_mk_2,0.0,,,,,,200.0,97.9,0.0,0.0,4.09,2.69,0.0,,,,,,Olifant_Mk.2
os2u_1,0.0,,,,,,0.0,,,,,,0.0,,,,,,OS2U-1
os2u_3,0.0,,,,,,0.0,,,,,,0.0,,,,,,OS2U-3
uk_9a33bm2,0.0,,,,,,11.0,0.0,1.0,1.0,0.0,0.0,0.0,,,,,,Osa-AK
it_9a33bm3,0.0,,,,,,0.0,,,,,,0.0,,,,,,Osa-AKM
it_otomatic,0.0,,,,,,44.0,100.0,1.05,1.1,1.05,0.86,0.0,,,,,,OTOMATIC
p-26a_34,0.0,,,,,,0.0,,,,,,0.0,,,,,,P-26A-34
p-36a,0.0,,,,,,0.0,,,,,,0.0,,,,,,P-36A
p-36c,0.0,,,,,,0.0,,,,,,0.0,,,,,,P-36C
p-38g,0.0,,,,,,0.0,,,,,,0.0,,,,,,P-38G-1
p-38k,0.0,,,,,,4.0,,,,,,0.0,,,,,,P-38K
p-39k_1,0.0,,,,,,0.0,,,,,,0.0,,,,,,P-39K-1
p-39q_15,0.0,,,,,,0.0,,,,,,0.0,,,,,,P-39Q-15
p-39q_5,0.0,,,,,,55.0,100.0,1.18,1.18,1.32,1.32,0.0,,,,,,P-39Q-5
p-40c,0.0,,,,,,0.0,,,,,,0.0,,,,,,P-40C
p-40e_td,0.0,,,,,,11.0,100.0,1.0,1.0,1.0,1.0,0.0,,,,,,P-40E-1_TD
p-43a-1,0.0,,,,,,0.0,,,,,,0.0,,,,,,P-43A-1
p-47d_luftwaffe,0.0,,,,,,17.0,,,,,,0.0,,,,,,P-47D
p-47d_16_re_germany,0.0,,,,,,13.0,100.0,1.0,1.0,1.0,1.0,0.0,,,,,,P-47D-16-RE
p-47m-1-re,0.0,,,,,,119.0,73.34,0.99,1.21,1.51,1.99,0.0,,,,,,P-47M-1-RE
p-51a_tl,0.0,,,,,,11.0,,,1.0,,0.0,0.0,,,,,,P-51A
p-51c-11-nt_japan,0.0,,,,,,10.0,100.0,6.0,6.0,2.0,2.0,0.0,,,,,,P-51C-11-NT
p-59a,0.0,,,,,,26.0,100.0,2.0,1.75,0.0,0.0,0.0,,,,,,P-59A
p-61a_1,0.0,,,,,,33.0,100.0,1.0,0.26,2.0,0.82,14.0,100.0,0.0,,2.0,,P-61A-11
p-66,0.0,,,,,,0.0,,,,,,0.0,,,,,,P-66
p_108b_serie1,0.0,,,,,,0.0,,,,,,0.0,,,,,,P.108B_serie_1
p_108b_serie2,0.0,,,,,,0.0,,,,,,0.0,,,,,,P.108B_serie_2
fr_citroen_kegresse_p4t,0.0,,,,,,0.0,,,,,,0.0,,,,,,P.7.T_AA
p1y1_mod11,0.0,,,,,,0.0,,,,,,0.0,,,,,,P1Y1_mod._11
d_510,0.0,,,,,,0.0,,,,,,0.0,,,,,,Pallier's_D.510
pb4y-2_france,0.0,,,,,,0.0,,,,,,0.0,,,,,,PB4Y-2
pbj_1h,0.0,,,,,,0.0,,,,,,0.0,,,,,,PBJ-1H
pbj_1j,0.0,,,,,,0.0,,,,,,0.0,,,,,,PBJ-1J
pbm_1,0.0,,,,,,0.0,,,,,,0.0,,,,,,"PBM-1_""Mariner"""
pbm_3,0.0,,,,,,0.0,,,,,,0.0,,,,,,"PBM-3_""Mariner"""
pbm_5a,0.0,,,,,,0.0,,,,,,0.0,,,,,,"PBM-5A_""Mariner"""
sw_pbv_301,0.0,,,,,,9.0,,,0.0,,0.0,0.0,,,,,,Pbv_301
sw_pbv_302_bill,0.0,,,,,,45.0,10.53,0.0,0.0,0.25,0.19,0.0,,,,,,Pbv_302_(BILL)
pby-5,0.0,,,,,,0.0,,,,,,0.0,,,,,,PBY-5_Catalina
pby-5a,0.0,,,,,,0.0,,,,,,0.0,,,,,,PBY-5A_Catalina
pby-5a_ussr,0.0,,,,,,0.0,,,,,,0.0,,,,,,PBY-5A_Catalina
pby-5a_late_france,0.0,,,,,,0.0,,,,,,0.0,,,,,,PBY-5A_Late
pe-2-205,0.0,,,,,,0.0,,,,,,0.0,,,,,,Pe-2-205
cn_pgz_04a,0.0,,,,,,121.0,54.6,0.53,0.44,0.11,0.17,0.0,,,,,,PGZ04A
cn_pgz_09,0.0,,,,,,179.0,61.71,0.51,0.38,0.72,0.58,0.0,,,,,,PGZ09
ussr_type_65_aa,0.0,,,,,,4.0,,,,,,0.0,,,,,,Phòng_không_T-34
cn_plz_83,0.0,,,,,,12.0,,,0.0,,0.18,0.0,,,,,,PLZ83
cn_plz_83_130,0.0,,,,,,40.0,60.0,0.0,0.0,2.1,2.13,0.0,,,,,,PLZ83-130
po-2,0.0,,,,,,0.0,,,,,,0.0,,,,,,Po-2
po-2_nw,,,,,,,,,,,,,,,,,,,Po-2_Night_Witch
po-2m,0.0,,,,,,0.0,,,,,,0.0,,,,,,Po-2M
potez_630,0.0,,,,,,0.0,,,,,,0.0,,,,,,Potez_630
potez_631,0.0,,,,,,7.0,,,0.0,,1.0,0.0,,,,,,Potez_631
potez_633,0.0,,,,,,0.0,,,,,,0.0,,,,,,Potez_633
cn_ptl_02,0.0,,,,,,201.0,58.68,0.0,0.0,2.26,1.01,5.0,100.0,0.0,,1.0,,PTL02
germ_schutzenpanzer_puma,0.0,,,,,,387.0,43.53,0.09,0.07,1.2,0.89,0.0,,,,,,PUMA
germ_schutzenpanzer_puma_vjtf_mod,0.0,,,,,,68.0,,,0.0,,0.71,0.0,,,,,,Puma_u14
germ_schutzenpanzer_puma_vjtf,0.0,,,,,,675.0,44.1,0.0,0.0,0.76,0.66,0.0,,,,,,PUMA_VJTF
sw_pvlvv_fm42,0.0,,,,,,3.0,,,,,,0.0,,,,,,Pvlvv_fm/42
germ_pzkpfw_38t_na,0.0,,,,,,0.0,,,,,,0.0,,,,,,Pz.38(t)_n.A.
germ_pzkpfw_38t_ausf_A,0.0,,,,,,15.0,,,0.0,,2.0,0.0,,,,,,Pz.38(t)_A
germ_pzkpfw_II_ausf_C_td,0.0,,,,,,0.0,,,,,,0.0,,,,,,Pz.II_C_TD
germ_pzkpfw_III_ausf_J_td,0.0,,,,,,0.0,,,,,,0.0,,,,,,Pz.III_J1_TD
it_pzkpfw_III_ausf_N,0.0,,,,,,21.0,,,0.0,,2.2,0.0,,,,,,Pz.III_N
germ_pzkpfw_III_ausf_J_L42,0.0,,,,,,53.0,,,0.0,,2.21,0.0,,,,,,Pz.III_J
germ_pzkpfw_III_ausf_L,0.0,,,,,,51.0,,,0.0,,2.64,0.0,,,,,,Pz.III_L
germ_pzkpfw_II_ausf_F,0.0,,,,,,20.0,,,0.0,,0.5,0.0,,,,,,Pz.II_F
germ_pzkpfw_II_ausf_C_DAK,0.0,,,,,,20.0,100.0,0.0,0.0,6.18,5.9,0.0,,,,,,Pz.II_С_(DAK)
germ_amd_35_kwk39,0.0,,,,,,57.0,0.0,0.0,0.0,5.21,1.59,0.0,,,,,,Pz.Sp.Wg.P204(f)_PaK
q_5_early,0.0,,,,,,0.0,,,,,,0.0,,,,,,Q-5_early
q_5a,0.0,,,,,,27.0,100.0,0.0,0.0,1.0,1.0,0.0,,,,,,Q-5A
q_5l,0.0,,,,,,0.0,,,,,,0.0,,,,,,Q-5L
uk_ram_90mm_aa,0.0,,,,,,128.0,90.0,0.0,0.0,5.3,4.44,0.0,,,,,,QF_3.7_Ram
quing_6,0.0,,,,,,0.0,,,,,,0.0,,,,,,Qing-6
cn_qn506,0.0,,,,,,32.0,67.86,0.0,0.0,0.71,1.18,0.0,,,,,,QN506
fr_renault_r39,0.0,,,,,,0.0,,,,,,0.0,,,,,,R.35_(SA38)
r2y2_v1,0.0,,,,,,0.0,,,,,,0.0,,,,,,R2Y2_Kai_V1
r2y2_v2,0.0,,,,,,9.0,100.0,1.0,1.0,1.11,1.11,0.0,,,,,,R2Y2_Kai_V2
r2y2_kai,0.0,,,,,,37.0,82.0,0.52,0.5,1.6,1.52,0.0,,,,,,R2Y2_Kai_V3
it_oto_r3_106sr,0.0,,,,,,137.0,55.36,0.0,0.0,1.55,1.73,0.0,,,,,,R3_T106_FA
it_oto_r3_t20_fa,0.0,,,,,,170.0,67.53,0.24,0.26,0.32,0.22,0.0,,,,,,R3_T20_FA-HS
germ_th_400,0.0,,,,,,137.0,33.68,0.0,0.0,1.51,0.81,0.0,,,,,,R400
rafale_c_f3,0.0,,,,,,218.0,57.17,1.89,1.98,0.85,0.8,7.0,,,0.0,,0.0,Rafale_C_F3
rafale_m_f3r,0.0,,,,,,87.0,39.44,1.82,2.44,0.31,0.5,0.0,,,,,,Rafale_M_F3-R
germ_raketenjagdpanzer_2_hot,0.0,,,,,,132.0,43.82,0.0,0.0,0.49,0.35,0.0,,,,,,RakJPz_2_(HOT)
uk_tracked_rapier,0.0,,,,,,57.0,42.31,3.15,3.53,0.0,0.0,0.0,,,,,,Rapier
p-36a_rasmussen,0.0,,,,,,0.0,,,,,,0.0,,,,,,Rasmussen's_P-36A
uk_ratel_20,0.0,,,,,,69.0,100.0,0.0,0.0,1.0,0.34,0.0,,,,,,Ratel_20
uk_ratel_90,0.0,,,,,,117.0,91.67,0.0,0.0,3.68,2.13,0.0,,,,,,Ratel_90
re_2000_int,0.0,,,,,,0.0,,,,,,0.0,,,,,,Re.2000_serie_1
re_2001_cb,0.0,,,,,,1.0,100.0,0.0,0.0,1.0,1.0,0.0,,,,,,Re.2001_CB
re_2001_serie1_ep,0.0,,,,,,0.0,,,,,,0.0,,,,,,Re.2001_gruppo_22
re_2001_serie1,0.0,,,,,,5.0,,,0.0,,0.0,0.0,,,,,,Re.2001_serie_1
re_2005_vdm,0.0,,,,,,25.0,100.0,1.5,1.33,4.08,3.81,0.0,,,,,,Re.2005_(VDM)
re_2005_serie0,0.0,,,,,,22.0,100.0,1.0,0.17,5.0,2.17,0.0,,,,,,Re.2005_serie_0
jp_type_95_heavy,0.0,,,,,,0.0,,,,,,0.0,,,,,,Ro-Go
jp_hiro_sha,0.0,,,,,,15.0,,,0.0,,1.0,0.0,,,,,,Ro-Go_Exp.
ro_43,,,,,,,,,,,,,,,,,,,Ro.43
ro_44,0.0,,,,,,0.0,,,,,,0.0,,,,,,Ro.44
ro_57_quadriarma,0.0,,,,,,45.0,66.67,0.3,0.5,1.3,2.0,0.0,,,,,,Ro.57_Quadriarma
fr_amx_30_roland,0.0,,,,,,54.0,5.56,1.2,1.07,0.0,0.0,0.0,,,,,,Roland_1
uk_rooikat_105_td,0.0,,,,,,209.0,60.34,0.0,0.0,3.16,2.15,0.0,,,,,,Rooikat_105
uk_rooikat_76,0.0,,,,,,102.0,86.36,0.0,0.0,2.89,1.3,0.0,,,,,,Rooikat_Mk.1D
uk_rooikat_mttd,0.0,,,,,,247.0,67.68,0.0,0.0,2.28,1.94,0.0,,,,,,Rooikat_MTTD
s_81_ar125,0.0,,,,,,0.0,,,,,,0.0,,,,,,S.81
sm_79_1941,0.0,,,,,,0.0,,,,,,0.0,,,,,,S.M.79_AS
sm_79_iar,0.0,,,,,,0.0,,,,,,0.0,,,,,,S.M.79_B
sm_79_iar_italy,0.0,,,,,,0.0,,,,,,0.0,,,,,,S.M.79_B
sm_79_1942,0.0,,,,,,0.0,,,,,,0.0,,,,,,S.M.79_bis/N
sm_79_1943,0.0,,,,,,0.0,,,,,,0.0,,,,,,S.M.79_bis/T.M
sm_79_1936,0.0,,,,,,0.0,,,,,,0.0,,,,,,S.M.79_serie_1
sm_79_1936_italy,0.0,,,,,,0.0,,,,,,0.0,,,,,,S.M.79_serie_1
sm_79_1937,0.0,,,,,,0.0,,,,,,0.0,,,,,,S.M.79_serie_4
sm_79_1939,0.0,,,,,,0.0,,,,,,0.0,,,,,,S.M.79_serie_8
so_4050_vautour_2a,0.0,,,,,,0.0,,,,,,0.0,,,,,,S.O.4050_Vautour_IIA
so_4050_vautour_2b,0.0,,,,,,0.0,,,,,,0.0,,,,,,S.O.4050_Vautour_IIB
so_4050_vautour_2n,0.0,,,,,,19.0,100.0,0.0,0.0,1.0,1.0,0.0,,,,,,S.O.4050_Vautour_IIN
so_4050_vautour_2n_late,0.0,,,,,,136.0,56.67,1.58,1.99,0.66,0.79,0.0,,,,,,S.O.4050_Vautour_IIN_(late)
so_8000_narval,0.0,,,,,,0.0,,,,,,0.0,,,,,,S.O.8000_Narval
saab_b17bs,0.0,,,,,,0.0,,,,,,0.0,,,,,,S17BS
md_460_saar,0.0,,,,,,23.0,100.0,1.0,1.0,0.0,0.0,0.0,,,,,,Sa'ar
saab_f35_wdns,0.0,,,,,,11.0,,,0.0,,0.0,0.0,,,,,,Saab_F-35
saab_j35xs,0.0,,,,,,222.0,58.99,2.24,3.08,3.98,5.37,0.0,,,,,,Saab_J35XS
saab_105g,0.0,,,,,,146.0,68.65,0.78,0.5,6.18,4.6,0.0,,,,,,SAAB-105G
saab_105oe,0.0,,,,,,0.0,,,,,,0.0,,,,,,SAAB-105OE
sagittario_2,0.0,,,,,,0.0,,,,,,2.0,,,,,,Sagittario_2
md_460_sambad,0.0,,,,,,0.0,,,,,,0.0,,,,,,Sambad
fr_vab_santal,0.0,,,,,,78.0,0.0,2.5,1.0,0.0,0.0,0.0,,,,,,SANTAL
uk_marmon_herrington_mk_6_2pdr,0.0,,,,,,97.0,63.05,0.0,0.0,1.14,0.94,0.0,,,,,,SARC_MkVI_(2pdr)
fr_somua_sau40,0.0,,,,,,0.0,,,,,,0.0,,,,,,SAu_40
sb_2m_100,0.0,,,,,,0.0,,,,,,0.0,,,,,,SB_2M-100
sb_2m_103_mv3,0.0,,,,,,0.0,,,,,,0.0,,,,,,SB_2M-103_MV-3
sb_2m_103u,0.0,,,,,,0.0,,,,,,0.0,,,,,,SB_2M-103U
sb_2m_103u_mv3,0.0,,,,,,0.0,,,,,,0.0,,,,,,SB_2M-103U_MV-3
sb2c_4,0.0,,,,,,0.0,,,,,,0.0,,,,,,SB2C-4
sb2c_5_thailand,0.0,,,,,,271.0,64.26,0.9,0.95,2.07,2.17,0.0,,,,,,SB2C-5
sb2u-2,0.0,,,,,,0.0,,,,,,0.0,,,,,,SB2U-2
sb2u-3,0.0,,,,,,15.0,,,,,,0.0,,,,,,SB2U-3
scimitar_f1,0.0,,,,,,3.0,,,,,,0.0,,,,,,Scimitar_F_Mk.1
uk_fv107_scimitar_mk2,0.0,,,,,,110.0,39.58,0.0,0.0,3.19,0.9,0.0,,,,,,Scimitar_Mk.2
germ_sdkfz_234_2_mod,0.0,,,,,,107.0,78.26,0.0,0.0,2.65,1.02,0.0,,,,,,"Sd.Kfz.234/2_""Biene"""
germ_sdkfz_234_2_td,0.0,,,,,,80.0,44.62,0.0,0.0,0.86,0.86,0.0,,,,,,Sd.Kfz.234/2_TD
germ_sdkfz_234_3,0.0,,,,,,58.0,34.41,0.0,0.0,3.16,3.16,0.0,,,,,,Sd.Kfz.234/3
germ_sdkfz_234_4,0.0,,,,,,145.0,58.21,0.0,0.0,3.31,2.83,13.0,,,,,,Sd.Kfz.234/4
germ_sdkfz_251_10,0.0,,,,,,0.0,,,,,,0.0,,,,,,Sd.Kfz.251/10
germ_sdkfz_251_21,0.0,,,,,,91.0,21.61,0.46,0.45,0.51,0.5,0.0,,,,,,Sd.Kfz.251/21
gladiator_mk2_navy,0.0,,,,,,0.0,,,,,,0.0,,,,,,Sea_Gladiator_Mk_I
harrier_frs1_early,0.0,,,,,,16.0,100.0,2.0,2.0,0.0,0.0,0.0,,,,,,Sea_Harrier_FRS.1_(e)
sea_hawk_fga6,0.0,,,,,,52.0,72.23,0.25,0.42,1.42,2.0,0.0,,,,,,Sea_Hawk_FGA.6
sea_hawk_fga50_netherlands,0.0,,,,,,25.0,100.0,1.0,1.0,4.0,4.0,11.0,,,,,,Sea_Hawk_Mk.50
meteor_fmk3_navy,0.0,,,,,,151.0,63.82,0.63,0.96,0.75,1.15,0.0,,,,,,Sea_Meteor_F_Mk_3
sea_venom_faw20,0.0,,,,,,0.0,,,,,,0.0,,,,,,Sea_Venom_FAW_20
dh_110_sea_vixen,0.0,,,,,,35.0,50.0,1.5,2.16,0.0,0.0,9.0,,,1.11,,0.0,Sea_Vixen_F.A.W._Mk.2
seafire_mk17,0.0,,,,,,3.0,,,2.0,,1.0,0.0,,,,,,Seafire_F_Mk_XVII
seafire_mk3,0.0,,,,,,0.0,,,,,,0.0,,,,,,Seafire_LF_Mk.III
shackleton_mr_mk_2,0.0,,,,,,0.0,,,,,,0.0,,,,,,Shackleton_MR.Mk.2
mirage_3cj,0.0,,,,,,30.0,100.0,2.33,2.33,1.0,1.0,0.0,,,,,,Shahak
uk_centurion_shot_kal_d,0.0,,,,,,0.0,,,,,,0.0,,,,,,Sho't_Kal_Dalet
ussr_9p149,0.0,,,,,,95.0,29.49,0.0,0.0,1.44,1.47,0.0,,,,,,Shturm-S
saab_sk60b,0.0,,,,,,172.0,30.38,0.51,0.29,1.57,1.31,0.0,,,,,,SK60B
uk_skink_aa,0.0,,,,,,72.0,75.0,1.89,1.17,0.14,0.08,0.0,,,,,,Skink
us_skink_aa_kit_3rank,0.0,,,,,,77.0,37.04,1.13,1.13,0.13,0.09,0.0,,,,,,Skink_(Hell)
soc_1,,,,,,,,,,,,,,,,,,,SOC-1
spitfire_f24,0.0,,,,,,86.0,69.65,3.71,10.88,0.7,1.8,0.0,,,,,,Spitfire_F_Mk_24
spitfire_mk14c,0.0,,,,,,22.0,90.0,1.35,1.41,0.15,0.14,0.0,,,,,,Spitfire_F_Mk_XIVc
spitfire_mk14e,0.0,,,,,,19.0,61.11,0.71,1.0,0.71,1.0,0.0,,,,,,Spitfire_F_Mk_XIVe
spitfire_mk18e,0.0,,,,,,97.0,83.33,0.95,1.45,2.78,4.23,0.0,,,,,,Spitfire_F_Mk_XVIIIe
spitfire_ix_usa,0.0,,,,,,537.0,64.69,0.88,1.04,1.36,1.58,5.0,,,,,,Spitfire_LF_Mk_IXc
spitfire_ix_ussr,0.0,,,,,,21.0,,,,,,0.0,,,,,,Spitfire_Mk_IXc
spitfire_mk5b_italy,0.0,,,,,,9.0,100.0,2.0,,0.0,,14.0,,,,,,Spitfire_Mk_Vb/trop
spitfiremkiia_ep,0.0,,,,,,15.0,,,1.0,,1.0,0.0,,,,,,Spitfire_Mk.IIa_Venture_I
spitfire_lf_mk9c_cw_greece,0.0,,,,,,33.0,100.0,1.18,1.18,0.18,0.18,0.0,,,,,,Spitfire_LF_Mk.IXc_(CW)
spitfire_mk5b_float,0.0,,,,,,0.0,,,,,,0.0,,,,,,Spitfire_Mk.Vb_(Float)
il_spyder_aio,0.0,,,,,,78.0,68.94,1.05,1.82,0.0,0.0,0.0,,,,,,SPYDER
fr_saint_chamond,0.0,,,,,,0.0,,,,,,0.0,,,,,,St-Chamond
us_stingray,0.0,,,,,,1030.0,53.14,0.0,0.0,1.81,1.47,0.0,,,,,,Stingray
jp_stingray,0.0,,,,,,314.0,58.94,0.0,0.0,1.86,1.86,0.0,,,,,,Stingray
stirling_mk1,0.0,,,,,,0.0,,,,,,0.0,,,,,,Stirling_B_Mk_I
stirling_mk3,0.0,,,,,,0.0,,,,,,0.0,,,,,,Stirling_B_Mk_III
uk_stormer_air_defence,0.0,,,,,,119.0,32.22,2.01,1.64,0.0,0.0,0.0,,,,,,Stormer_AD
uk_stormer_hvm,0.0,,,,,,55.0,32.61,0.33,0.15,0.0,0.0,0.0,,,,,,Stormer_HVM
strikemaster_mk88,0.0,,,,,,45.0,87.45,0.53,0.5,3.01,3.54,0.0,,,,,,Strikemaster_Mk.88
uk_fv102_striker,0.0,,,,,,19.0,,,0.0,,0.0,0.0,,,,,,Striker
sw_strv_103c,0.0,,,,,,134.0,46.5,0.0,0.0,0.73,1.05,0.0,,,,,,Strv_103С
sw_strv_105,0.0,,,,,,446.0,56.0,0.0,0.0,1.48,1.73,0.0,,,,,,Strv_105
sw_strv_81_rb52,0.0,,,,,,9.0,,,0.0,,0.5,0.0,,,,,,Strv_81_(RB_52)
uk_centurion_mk_3_ss11,0.0,,,,,,0.0,,,,,,0.0,,,,,,Strv_81_(RB_52)
sw_strv_m39_td,0.0,,,,,,0.0,,,,,,0.0,,,,,,Strv_m/39_TD
sw_strv_m41_s1,0.0,,,,,,0.0,,,,,,0.0,,,,,,Strv_m/41_S-I
uk_m3a1_stuart,0.0,,,,,,7.0,100.0,0.0,0.0,4.0,4.0,0.0,,,,,,Stuart_III
us_m5a1_stuart_canadian_5st_arm,0.0,,,,,,0.0,,,,,,0.0,,,,,,Stuart_VI_(5th_CAD)
germ_stug_III_ausf_A,0.0,,,,,,0.0,,,,,,0.0,,,,,,StuG_III_A
germ_sturmpanzer_II,0.0,,,,,,0.0,,,,,,0.0,,,,,,Sturmpanzer_II
ussr_su_100Y,0.0,,,,,,40.0,50.0,0.0,0.0,1.5,1.5,0.0,,,,,,SU-100Y
su-11,0.0,,,,,,203.0,65.59,1.75,1.86,1.63,1.77,0.0,,,,,,Su-11
ussr_su_122P,0.0,,,,,,23.0,,,0.0,,2.94,0.0,,,,,,SU-122P
su_17m2,0.0,,,,,,24.0,100.0,0.0,0.0,1.0,1.0,0.0,,,,,,Su-17M2
su_22m3,0.0,,,,,,125.0,67.13,0.44,0.43,0.65,0.25,6.0,,,0.0,,0.0,Su-22M3
su_25sm3,0.0,,,,,,4.0,,,2.0,,0.0,18.0,,,0.0,,2.0,Su-25SM3
su_30mkm,0.0,,,,,,513.0,68.81,1.01,1.43,1.13,1.57,4.0,0.0,1.0,0.5,3.0,1.5,Su-30MKM
ussr_su_5_1,0.0,,,,,,0.0,,,,,,0.0,,,,,,SU-5-1
ussr_su_57,0.0,,,,,,16.0,,,0.0,,0.38,0.0,,,,,,SU-57
su_6_single,0.0,,,,,,90.0,100.0,0.26,0.34,4.1,4.65,0.0,,,,,,Su-6
su-6_am42,0.0,,,,,,31.0,45.37,0.57,1.0,1.02,0.73,0.0,,,,,,Su-6_(AM-42)
ussr_su_76d,0.0,,,,,,0.0,,,,,,0.0,,,,,,SU-76D
ussr_su_76m_1943,0.0,,,,,,0.0,,,,,,0.0,,,,,,SU-76M
ussr_su_76m_5st_kav_corps,0.0,,,,,,0.0,,,,,,0.0,,,,,,SU-76M_(5th_Gv.Kav.Corps)
su-7bmk,0.0,,,,,,7.0,,,0.0,,0.0,0.0,,,,,,Su-7BMK
ussr_su_85a,0.0,,,,,,0.0,,,,,,0.0,,,,,,SU-85A
su-9,0.0,,,,,,203.0,59.66,0.45,0.48,0.14,0.16,0.0,,,,,,Su-9
sunderland_mk3a,0.0,,,,,,0.0,,,,,,0.0,,,,,,Sunderland_Mk_IIIa
sunderland_mk5,0.0,,,,,,0.0,,,,,,0.0,,,,,,Sunderland_Mk_V
super_etendard_97,0.0,,,,,,19.0,100.0,1.1,1.1,5.6,5.6,0.0,,,,,,Super_Etendard
md_460,0.0,,,,,,75.0,87.87,2.19,2.58,0.74,0.92,0.0,,,,,,Super_Mystere_B2
swift_f1,0.0,,,,,,116.0,66.24,1.57,1.25,0.16,0.2,0.0,,,,,,Swift_F.1
swift_f7,0.0,,,,,,0.0,,,,,,0.0,,,,,,Swift_F.7
uk_fv438_swingfire,0.0,,,,,,167.0,61.95,0.0,0.0,1.89,1.84,0.0,,,,,,Swingfire
swordfish_mk1,0.0,,,,,,0.0,,,,,,0.0,,,,,,Swordfish_Mk_I
swordfish_mk2,0.0,,,,,,0.0,,,,,,0.0,,,,,,Swordfish_Mk_II
sw_t_80u,0.0,,,,,,426.0,49.63,0.0,0.0,2.24,1.4,0.0,,,,,,T_80_U
ussr_t_10a,0.0,,,,,,108.0,59.89,0.0,0.0,2.45,2.51,0.0,,,,,,T-10A
ussr_t_126sp,0.0,,,,,,0.0,,,,,,0.0,,,,,,T-126
t2,0.0,,,,,,398.0,77.51,3.06,5.85,0.3,0.45,0.0,,,,,,T-2
t2_early,0.0,,,,,,49.0,84.62,0.58,0.64,0.0,0.0,0.0,,,,,,T-2_Early
cn_t_26_no531,0.0,,,,,,0.0,,,,,,0.0,,,,,,T-26_No.531
ussr_t_26E,0.0,,,,,,0.0,,,,,,0.0,,,,,,T-26E
ussr_t_28_1938,0.0,,,,,,0.0,,,,,,0.0,,,,,,T-28_(1938)
ussr_t_34_1940_l_11,0.0,,,,,,0.0,,,,,,0.0,,,,,,T-34_(Prototype)
sw_t_50_fin,0.0,,,,,,0.0,,,,,,0.0,,,,,,T-50
ussr_t_70_1942,0.0,,,,,,0.0,,,,,,0.0,,,,,,T-70
sw_t_72m1,0.0,,,,,,716.0,53.97,0.0,0.0,1.95,1.76,0.0,,,,,,T-72M1
ussr_pzkpfw_III_ausf_J_L42,0.0,,,,,,5.0,100.0,0.0,0.0,2.0,2.0,0.0,,,,,,T-III
us_t114,0.0,,,,,,47.0,50.0,0.0,0.0,3.0,2.61,0.0,,,,,,T114
us_t28,0.0,,,,,,27.0,,,,,,0.0,,,,,,T28
us_t54e2,0.0,,,,,,22.0,,,0.0,,3.05,0.0,,,,,,T54E2
us_t77e1,0.0,,,,,,130.0,72.92,2.69,1.61,0.0,0.0,0.0,,,,,,T77E1
us_t95,0.0,,,,,,63.0,35.48,0.0,0.0,1.66,2.16,0.0,,,,,,T95
jp_type_98_ta_se,0.0,,,,,,86.0,100.0,0.26,0.1,2.5,1.26,0.0,,,,,,Ta-Se
germ_thyssen_henschel_tam_2c,0.0,,,,,,438.0,54.01,0.0,0.0,0.99,0.89,0.0,,,,,,TAM_2C
jp_type_81_tansam_launcher,,,,,,,,,,,,,,,,,,,Tan-SAM_Kai_(СОУ)
jp_type_81_tansam_fcs,0.0,,,,,,55.0,100.0,0.06,0.01,0.0,0.0,0.0,,,,,,Tan-SAM_Kai_(СОЦ)
tbd-1_1938,0.0,,,,,,0.0,,,,,,0.0,,,,,,TBD-1
tbf-1c,0.0,,,,,,0.0,,,,,,0.0,,,,,,TBF-1C
il_tcm_20,0.0,,,,,,12.0,0.0,0.0,0.0,0.0,0.0,0.0,,,,,,TCM-20
tempest_mkv_luftwaffe,0.0,,,,,,2.0,,,,,,0.0,,,,,,Tempest_Mk_V
tempest_mkv_vikkers,0.0,,,,,,0.0,,,,,,0.0,,,,,,Tempest_Mk_V_(Vickers_P)
f2a-1_thach,0.0,,,,,,0.0,,,,,,0.0,,,,,,Thach's_F2A-1
il_tiran_4,0.0,,,,,,65.0,50.0,0.0,0.0,0.99,0.8,0.0,,,,,,Tiran_4
ussr_to_55,0.0,,,,,,193.0,81.34,0.0,0.0,5.86,3.38,0.0,,,,,,TO-55
uk_tog_2,0.0,,,,,,51.0,50.0,0.0,0.0,2.36,3.44,0.0,,,,,,TOG_II
it_toldi_II_a,0.0,,,,,,0.0,,,,,,0.0,,,,,,Toldi_IIA
cn_tor_m1,0.0,,,,,,0.0,,,,,,0.0,,,,,,Tor-M1
tornado_adv,0.0,,,,,,21.0,70.37,1.44,2.17,0.0,0.0,0.0,,,,,,Tornado_ADV
tornado_ids_it,0.0,,,,,,4.0,50.0,0.5,1.0,0.5,1.0,0.0,,,,,,Tornado_IDS
tornado_ids_it_mod95,0.0,,,,,,0.0,,,,,,0.0,,,,,,Tornado_IDS_(1995)
tornado_ids_it_ret8,0.0,,,,,,0.0,,,,,,0.0,,,,,,Tornado_IDS_MLU_(RET.8)
ussr_tor_m1,0.0,,,,,,18.0,,,1.0,,0.0,0.0,,,,,,Toр-M1
uk_ttd,0.0,,,,,,234.0,64.09,0.0,0.0,5.23,3.98,0.0,,,,,,TTD
tu-1,0.0,,,,,,0.0,,,,,,0.0,,,,,,Tu-1
tu_14t,0.0,,,,,,3.0,0.0,0.0,0.0,1.0,1.0,0.0,,,,,,Tu-14T
tu-2_early,0.0,,,,,,0.0,,,,,,0.0,,,,,,Tu-2
tu_4,0.0,,,,,,0.0,,,,,,0.0,,,,,,Tu-4
gladiator_mk2_tuck,0.0,,,,,,0.0,,,,,,0.0,,,,,,Tuck's_Gladiator_Mk_II
it_41m_turan_2,0.0,,,,,,0.0,,,,,,0.0,,,,,,Turan_II
jp_type_03_chusam_fcs,0.0,,,,,,61.0,70.37,0.84,0.64,0.0,0.0,0.0,,,,,,Type_03_(СОЦ)
jp_type_16_mcv_prot,0.0,,,,,,403.0,49.37,0.0,0.0,1.9,1.33,0.0,,,,,,Type_16_(P)
ussr_type_62,0.0,,,,,,4.0,0.0,0.0,0.0,3.0,3.0,0.0,,,,,,Type_62
cn_type_69_2a,0.0,,,,,,43.0,100.0,0.0,0.0,4.19,2.61,0.0,,,,,,Type_69-IIa
jp_type_74,0.0,,,,,,365.0,57.02,0.0,0.0,2.03,1.85,0.0,,,,,,Type_74_(E)
jp_type_74_f,0.0,,,,,,247.0,74.3,0.0,0.0,2.37,2.26,0.0,,,,,,Type_74_(F)
jp_type_87,0.0,,,,,,429.0,45.79,0.15,0.1,0.8,0.55,0.0,,,,,,Type_87
jp_type_87_rcv,0.0,,,,,,293.0,56.33,0.0,0.0,1.54,1.34,0.0,,,,,,Type_87_RCV
jp_type_87_rcv_prot,0.0,,,,,,336.0,71.42,0.08,0.08,1.35,1.15,0.0,,,,,,Type_87_RCV_(P)
jp_type_89,0.0,,,,,,253.0,70.22,0.0,0.0,5.18,2.14,0.0,,,,,,Type_89
ef_2000_typhoon_aesa,0.0,,,,,,390.0,76.84,2.38,4.8,0.24,0.5,0.0,,,,,,Typhoon_(AESA)
ef_2000_fgr4,0.0,,,,,,94.0,58.6,1.1,1.1,0.12,0.12,0.0,,,,,,Typhoon_FGR.4
typhoon_mk1a,0.0,,,,,,10.0,,,0.0,,0.0,0.0,,,,,,Typhoon_Mk_Ia
typhoon_mk1b,0.0,,,,,,59.0,88.41,1.6,1.78,1.97,2.28,0.0,,,,,,Typhoon_Mk_Ib
sw_landsverk_ush_405,0.0,,,,,,311.0,38.16,0.0,0.0,2.36,1.95,0.0,,,,,,U-SH_405
sw_udes_33,0.0,,,,,,54.0,100.0,0.0,0.0,2.67,0.41,0.0,,,,,,UDES_33
us_m551_football,,,,,,,,,,,,,,,,,,,us_m551_football
ussr_m551_football,,,,,,,,,,,,,,,,,,,ussr_m551_football
v_11g,0.0,,,,,,0.0,,,,,,0.0,,,,,,V-11
v_12d,0.0,,,,,,0.0,,,,,,0.0,,,,,,V-12D
v_156_b1,0.0,,,,,,10.0,,,0.0,,0.0,0.0,,,,,,V-156-B1
v_156_f,0.0,,,,,,0.0,,,,,,0.0,,,,,,V-156-F
uk_valentine_mk_1,0.0,,,,,,0.0,,,,,,0.0,,,,,,Valentine_I
uk_valentine_mk_9,0.0,,,,,,0.0,,,,,,0.0,,,,,,Valentine_IX
vampire_fb5,0.0,,,,,,0.0,,,,,,0.0,,,,,,Vampire_F.B.5
vampire_fb52_finland,0.0,,,,,,25.0,28.95,0.0,0.0,0.0,0.0,0.0,,,,,,Vampire_FB_52A
vampire_fb52a_italy,0.0,,,,,,12.0,,,1.0,,0.0,0.0,,,,,,Vampire_FB_52A
so_4050_vautour_2a_iaf,0.0,,,,,,4.0,100.0,3.0,3.0,0.0,0.0,0.0,,,,,,Vautour_IIA_IDF/AF
it_vbc_pt2,0.0,,,,,,122.0,50.0,0.16,0.09,1.94,1.25,5.0,100.0,0.0,0.0,2.0,2.0,VBC_(PT2)
it_vcc_80_hitfist_30,0.0,,,,,,3.0,,,0.0,,1.0,0.0,,,,,,VCC-80/30
it_vcc_80_hitfist_60,0.0,,,,,,142.0,50.0,0.0,0.0,1.87,1.29,5.0,,,0.0,,1.0,VCC-80/60
sw_veak_40,0.0,,,,,,152.0,41.93,0.0,0.0,0.77,0.42,0.0,,,,,,VEAK_40
venom_fb4,0.0,,,,,,36.0,100.0,2.17,3.83,1.17,2.0,0.0,,,,,,Venom_FB.4
fr_vextra_105,0.0,,,,,,92.0,23.81,0.0,0.0,2.19,0.74,0.0,,,,,,Vextra_105
uk_vfm_5,0.0,,,,,,166.0,69.4,0.0,0.0,3.2,3.81,0.0,,,,,,VFM5
uk_vickers_mk_11,0.0,,,,,,299.0,51.88,0.0,0.0,2.61,1.91,0.0,,,,,,Vickers_Mk.11
uk_vickers_mbt_mk_3,0.0,,,,,,238.0,51.4,0.0,0.0,1.44,1.05,0.0,,,,,,Vickers_Mk.3
uk_vickers_mk7,0.0,,,,,,118.0,44.87,0.0,0.0,2.56,1.58,0.0,,,,,,Vickers_Mk.7
sw_k9_vidar,0.0,,,,,,133.0,83.98,0.0,0.0,3.18,1.86,0.0,,,,,,VIDAR
uk_vijayanta,0.0,,,,,,120.0,50.29,0.0,0.0,1.4,0.81,0.0,,,,,,Vijayanta
germ_pzkpfw_VI_tiger_P,0.0,,,,,,0.0,,,,,,0.0,,,,,,VK_45.01_(P)
vl_myrsky_2_late,0.0,,,,,,0.0,,,,,,0.0,,,,,,VL_Myrsky_II
pyorremyrsky,0.0,,,,,,78.0,86.23,1.3,1.93,1.37,1.91,0.0,,,,,,VL_Pyörremyrsky
it_vrcc_centauro,0.0,,,,,,201.0,49.06,0.0,0.0,2.5,1.91,0.0,,,,,,VRCC
cn_vt_4,0.0,,,,,,3.0,100.0,0.0,0.0,4.0,1.3,0.0,,,,,,VT4
walrus_mk1,,,,,,,,,,,,,,,,,,,Walrus_Mk.I
uk_fv510_isv,0.0,,,,,,97.0,74.08,0.0,0.0,1.36,1.06,0.0,,,,,,Warrior
washington_b1,0.0,,,,,,0.0,,,,,,0.0,,,,,,Washington_B.Mk.I
spitfire_lf_mk9e_weisman,0.0,,,,,,34.0,50.0,1.0,1.0,1.5,1.5,39.0,,,2.0,,3.33,Weizman's_Spitfire_LF_Mk.IXe
wellington_mk1c,0.0,,,,,,2.0,,,0.0,,0.0,0.0,,,,,,Wellington_Mk_Ic
wellington_mk1c_luftwaffe,0.0,,,,,,0.0,,,,,,0.0,,,,,,Wellington_Mk_Ic
wellington_mk1c_late,0.0,,,,,,0.0,,,,,,0.0,,,,,,Wellington_Mk_Ic/L
wellington_mk3,0.0,,,,,,0.0,,,,,,0.0,,,,,,Wellington_Mk_III
wellington_mk10,0.0,,,,,,0.0,,,,,,0.0,,,,,,Wellington_Mk_X
whirlwind_mk1,0.0,,,,,,28.0,,,,,,0.0,,,,,,Whirlwind_Mk_I
whirlwind_p9,0.0,,,,,,0.0,,,,,,0.0,,,,,,Whirlwind_P.9
germ_wiesel_1_tow,0.0,,,,,,659.0,41.34,0.0,0.0,1.42,1.23,0.0,,,,,,Wiesel_1A2
wirraway,0.0,,,,,,0.0,,,,,,0.0,,,,,,Wirraway
cn_wma_301,0.0,,,,,,80.0,76.67,0.0,0.0,2.95,3.03,0.0,,,,,,WMA301
cn_wz_141,0.0,,,,,,114.0,100.0,0.0,0.0,5.59,2.01,0.0,,,,,,WZ141-1
xa_38,0.0,,,,,,0.0,,,,,,45.0,,,0.0,,1.96,XA-38
xf5f,0.0,,,,,,14.0,,,,,,7.0,,,,,,XF5F
xf5u_1,0.0,,,,,,32.0,50.0,1.29,1.0,1.0,0.28,0.0,,,,,,XF5U-1
us_xm_800t,0.0,,,,,,2296.0,61.78,0.02,0.02,1.67,1.43,0.0,,,,,,XM800T
p-38g_metal,0.0,,,,,,50.0,100.0,3.43,,2.75,,0.0,,,,,,XP-38G
yak-23,0.0,,,,,,35.0,66.67,2.0,1.92,1.5,1.46,0.0,,,,,,Yak-23
yak-28b,0.0,,,,,,93.0,33.33,0.0,0.0,0.32,0.33,0.0,,,,,,Yak-28B
yak-3t,0.0,,,,,,72.0,50.0,2.23,2.47,0.88,0.97,0.0,,,,,,Yak-3T
er-2_ach30b_early,0.0,,,,,,0.0,,,,,,0.0,,,,,,Yer-2_(ACh-30B)_(e)
er-2_ach30b_late,0.0,,,,,,0.0,,,,,,0.0,,,,,,Yer-2_(ACh-30B)_(l)
er-2_m105_tat,0.0,,,,,,0.0,,,,,,0.0,,,,,,Yer-2_(M-105)_TAT
er-2_m105r_tat,0.0,,,,,,0.0,,,,,,0.0,,,,,,Yer-2_(M-105R)_TAT
yp-38,0.0,,,,,,0.0,,,,,,0.0,,,,,,YP-38
uk_ystervark_spaa,0.0,,,,,,62.0,40.0,0.4,0.43,0.0,0.0,0.0,,,,,,Ystervark
z_1007_bis_serie3,0.0,,,,,,0.0,,,,,,0.0,,,,,,Z.1007_bis_serie_3
z_1007_bis_serie5,0.0,,,,,,0.0,,,,,,0.0,,,,,,Z.1007_bis_serie_5
il_ss_11_halftrack,0.0,,,,,,55.0,0.0,0.0,0.0,3.45,2.26,0.0,,,,,,Zachlam_Tager
cn_zbd_04a,0.0,,,,,,231.0,59.08,0.0,0.0,1.56,1.23,11.0,,,0.0,,1.0,ZBD04A
cn_type_86,0.0,,,,,,31.0,100.0,0.0,0.0,1.0,0.74,0.0,,,,,,ZBD86
germ_flakpanzer_zerstorer_45,0.0,,,,,,203.0,18.55,0.54,0.36,0.32,0.23,0.0,,,,,,Zerstörer_45
ussr_zis_12_94KM_1945,0.0,,,,,,168.0,51.15,0.5,0.35,1.67,1.38,0.0,,,,,,ZiS-12_(94-KM)
cn_ztl_11,0.0,,,,,,36.0,50.0,0.0,0.0,1.0,0.7,0.0,,,,,,ZLT11
it_40_43m_zrinyi_2,0.0,,,,,,0.0,,,,,,0.0,,,,,,Zrinyi_II
ussr_zsu_37,0.0,,,,,,29.0,,,0.0,,1.0,0.0,,,,,,ZSU-37
ussr_zsu_37_2,0.0,,,,,,298.0,52.16,0.83,1.01,0.3,0.44,0.0,,,,,,ZSU-37-2
uk_ratel_zt3,0.0,,,,,,376.0,65.51,0.02,0.02,3.3,2.9,0.0,,,,,,ZT3A2
cn_zts_63_1980,0.0,,,,,,147.0,75.17,0.0,0.0,1.46,1.19,0.0,,,,,,ZTS63
cn_ztz_96a,0.0,,,,,,170.0,44.5,0.0,0.0,1.29,1.17,0.0,,,,,,ZTZ96A
cn_ztz_99,0.0,,,,,,73.0,49.29,0.0,0.0,2.0,1.86,0.0,,,,,,ZTZ99-II
cn_ztz_99_w,0.0,,,,,,35.0,50.0,0.0,0.0,1.5,0.76,0.0,,,,,,ZTZ99-III
ussr_zut_37,0.0,,,,,,0.0,,,,,,0.0,,,,,,ZUT-37
ussr_bmd_4m,0.0,,,,,,1156.0,45.18,0.0,0.0,1.55,1.33,7.0,,,0.0,,1.0,БМД-4M
ussr_sdkfz_251_21_kit_3rank,0.0,,,,,,20.0,0.0,0.64,0.39,0.0,0.0,0.0,,,,,,Ганомаг_('45)
ussr_garford_putilov,0.0,,,,,,0.0,,,,,,0.0,,,,,,Гарфордъ
db_lk,0.0,,,,,,0.0,,,,,,0.0,,,,,,ДБ-ЛК
mig_29kr_9_41r,0.0,,,,,,45.0,72.22,2.11,3.33,0.0,0.0,8.0,,,,,,МиГ-29КР_(9-41Р)
it_9a35_m,0.0,,,,,,0.0,,,,,,0.0,,,,,,Стрела-10М
su_24m,0.0,,,,,,170.0,54.52,0.22,0.24,1.81,2.53,1.0,,,,,,Су-24М
yak_1_litvyak,0.0,,,,,,0.0,,,,,,0.0,,,,,,Як-1_Литвяк
yak_130_early,0.0,,,,,,1443.0,60.88,0.08,0.09,2.55,3.09,2.0,,,0.0,,1.0,Як-130
p-47m-1-re_boxted,0.0,,,,,,45.0,26.85,0.47,0.61,0.78,1.0,9.0,,,1.0,,1.0,⋠P-47M-1-RE
a6m5_zero_china,,,,,,,,,,,,,,,,,,,A6M5_(China)
f-100a_china,0.0,,,,,,85.0,72.45,2.62,2.04,0.99,0.39,0.0,,,,,,F-100A_(China)
f_100f_china,0.0,,,,,,8.0,100.0,1.0,1.0,0.0,0.0,0.0,,,,,,F-100F_(China)
f-104a_china,0.0,,,,,,0.0,,,,,,0.0,,,,,,F-104A_(China)
f-104g_china,0.0,,,,,,0.0,,,,,,0.0,,,,,,F-104G_(China)
f_16a_block_20_mlu,0.0,,,,,,15.0,50.0,1.56,2.13,1.0,1.53,0.0,,,,,,F-16A_MLU_(China)
f_16a_block_72v_china,0.0,,,,,,26.0,50.0,1.03,2.07,0.0,0.0,0.0,,,,,,F-16V_(China)
f_47n_25_re_china,0.0,,,,,,0.0,,,,,,0.0,,,,,,F-47N-25-RE_(China)
f-5a_china,0.0,,,,,,0.0,,,,,,0.0,,,,,,F-5A_(China)
f-5e_aidc,0.0,,,,,,4.0,0.0,1.0,1.0,0.0,0.0,0.0,,,,,,F-5E_(China)
f-84g_china,0.0,,,,,,93.0,65.43,0.17,0.18,1.97,2.01,3.0,,,,,,F-84G-21-RE_(China)
f-84g-31-re_china,0.0,,,,,,16.0,77.78,0.11,0.08,1.67,1.75,0.0,,,,,,F-84G-31-RE_(China)
f-86f-30_china,0.0,,,,,,35.0,100.0,1.6,1.38,0.65,0.64,0.0,,,,,,F-86F-30_(China)
gladiator_mk1_china,0.0,,,,,,0.0,,,,,,0.0,,,,,,Gladiator_Mk_I_(China)
h-75m_china,0.0,,,,,,0.0,,,,,,0.0,,,,,,H-75M_(China)
hs-123a-1_china,0.0,,,,,,0.0,,,,,,0.0,,,,,,Hs_123_A-1_(China)
i-153_m62_china,0.0,,,,,,0.0,,,,,,0.0,,,,,,I-153_M-62_(China)
i-15bis_china,0.0,,,,,,31.0,100.0,1.0,1.0,2.0,1.33,0.0,,,,,,I-15bis_(China)
i-16_chung_28,0.0,,,,,,0.0,,,,,,0.0,,,,,,I-16_Chung_28_(China)
i-16_type10_china,0.0,,,,,,0.0,,,,,,0.0,,,,,,I-16_type_10_(China)
i-16_type17_china,0.0,,,,,,0.0,,,,,,0.0,,,,,,I-16_type_17_(China)
i-16_type5_1935_china,0.0,,,,,,0.0,,,,,,0.0,,,,,,I-16_type_5_(China)
cn_isu_122,0.0,,,,,,0.0,,,,,,0.0,,,,,,ISU-122_(China)
cn_isu_152,0.0,,,,,,41.0,,,0.0,,0.28,0.0,,,,,,ISU-152_(China)
ki-27_otsu_china,0.0,,,,,,0.0,,,,,,0.0,,,,,,Ki-27_otsu_(China)
ki_43_3_ko,0.0,,,,,,0.0,,,,,,0.0,,,,,,Ki-43-III_ko_(China)
ki-45_hei_tei_china,0.0,,,,,,0.0,,,,,,0.0,,,,,,Ki-45_hei/tei_(China)
ki_84_ko_china,0.0,,,,,,2.0,,,,,,10.0,100.0,7.0,7.0,1.0,1.0,Ki-84_ko_(China)
cn_m113a1_tow,0.0,,,,,,105.0,64.3,0.0,0.0,0.95,0.95,0.0,,,,,,M113A1_(TOW)_(China)
cn_m60a3_tts,0.0,,,,,,44.0,100.0,0.0,0.0,8.85,3.17,0.0,,,,,,M60A3_TTS_(China)
mig-9_china,0.0,,,,,,0.0,,,,,,0.0,,,,,,MiG-9_(China)
mig-9_late_china,0.0,,,,,,0.0,,,,,,0.0,,,,,,MiG-9_(l)_(China)
mirage_2000_5ei,0.0,,,,,,92.0,77.14,1.76,1.71,0.0,0.0,0.0,,,,,,Mirage_2000-5Ei_(China)
pb4y-2_china,0.0,,,,,,0.0,,,,,,0.0,,,,,,PB4Y-2_(China)
sb_2m_103u_china,0.0,,,,,,0.0,,,,,,0.0,,,,,,SB_2M-103U_(China)
cn_su_76m_1943,0.0,,,,,,35.0,0.0,0.0,0.0,0.7,0.72,0.0,,,,,,SU-76M_(China)
tu_4_china,0.0,,,,,,0.0,,,,,,0.0,,,,,,Tu-4_(China)
uk_challenger_II_yt_cup_2019,,,,,,,,,,,,,,,,,,,␙Challenger_2
germ_leopard_2a5_yt_cup_2019,0.0,,,,,,0.0,,,,,,0.0,,,,,,␙Leopard_2A5
us_m1a1_abrams_yt_cup_2019,0.0,,,,,,0.0,,,,,,0.0,,,,,,␙M1A1
md_460_yt_cup_2019,,,,,,,,,,,,,,,,,,,␙Super_Mystere_B2
ussr_t_80u_yt_cup_2019,0.0,,,,,,0.0,,,,,,0.0,,,,,,␙T-80U
p-63c-5_kingcobra_animal_version,0.0,,,,,,161.0,59.79,0.68,1.38,2.49,4.98,0.0,,,,,,␠Kingcobra
f-86_canadair_german,0.0,,,,,,36.0,50.0,3.2,3.05,1.23,1.19,0.0,,,,,,◄CL-13A_Mk_5
f-86_cl_13b_mk6,0.0,,,,,,59.0,50.0,2.89,5.79,1.58,3.16,0.0,,,,,,◄CL-13B_Mk.6
ef_2000_block_10,0.0,,,,,,421.0,51.81,1.28,1.24,0.17,0.17,17.0,,,0.12,,0.0,◄EF-2000
ef_2000_aesa,0.0,,,,,,699.0,59.19,1.8,2.16,0.48,0.58,0.0,,,,,,◄EF-2000_(AESA)
f-104g,0.0,,,,,,0.0,,,,,,0.0,,,,,,◄F-104G
f-4f_late,0.0,,,,,,295.0,44.71,0.5,0.64,0.87,1.08,0.0,,,,,,◄F-4F
f-4f,0.0,,,,,,1.0,100.0,1.0,1.0,0.0,0.0,0.0,,,,,,◄F-4F_Early
f-4f_kws_lv,0.0,,,,,,113.0,40.08,1.0,1.18,0.16,0.18,0.0,,,,,,◄F-4F_KWS_LV
f-84f_germany,0.0,,,,,,0.0,,,,,,0.0,,,,,,◄F-84F
f-86k_late_german,0.0,,,,,,42.0,0.0,1.27,0.77,0.0,0.0,0.0,,,,,,◄F-86K
fiat_g91_r3,0.0,,,,,,66.0,50.0,0.43,0.76,1.24,1.9,0.0,,,,,,◄G.91_R/3
mig-21_sps_k,0.0,,,,,,202.0,59.54,1.59,1.75,0.29,0.33,0.0,,,,,,◄MiG-21_SPS-K
mig_29_9_12g,0.0,,,,,,55.0,50.0,0.89,0.47,0.0,0.0,0.0,,,,,,◄MiG-29G
sea_hawk_mk100,0.0,,,,,,42.0,60.0,0.8,1.6,0.0,0.0,0.0,,,,,,◄Sea_Hawk_Mk.100
su_22m4_de_wtd61,0.0,,,,,,46.0,50.0,0.53,0.74,1.0,1.48,18.0,50.0,1.0,1.0,1.0,1.0,◄Su-22M4_WTD61
tornado_ids_de_assta1,0.0,,,,,,79.0,56.9,0.1,0.05,0.68,0.68,63.0,,,0.0,,4.5,◄Tornado_IDS_ASSTA1
tornado_ids_de_assta3_sle,0.0,,,,,,9.0,33.33,0.3,0.3,0.0,0.0,0.0,,,,,,◄Tornado_IDS_SLE
il_28_german,0.0,,,,,,23.0,11.11,0.11,0.38,0.89,0.13,0.0,,,,,,◊IL-28
mig-17p_lim_5p,0.0,,,,,,25.0,50.0,3.5,3.0,1.0,0.4,0.0,,,,,,◊Lim-5P
mig-15bis_nr23_german,0.0,,,,,,25.0,100.0,1.82,1.32,0.91,0.81,0.0,,,,,,◊MiG-15bis
mig-21_bis_sau,0.0,,,,,,29.0,0.0,2.0,2.0,0.0,0.0,0.0,,,,,,◊MiG-21bis-SAU
mig-21_mf,1.0,,,0.0,,0.0,38.0,100.0,5.0,3.13,0.0,0.0,0.0,,,,,,◊MiG-21MF
mig_23bn,0.0,,,,,,11.0,,,,,,0.0,,,,,,◊MiG-23BN
mig_23mf_germany,0.0,,,,,,6.0,0.0,1.0,1.0,0.0,0.0,46.0,,,1.6,,0.0,◊MiG-23MF
mig_29_9_12_germany,0.0,,,,,,42.0,50.0,0.64,0.64,0.0,0.0,14.0,,,0.0,,0.0,◊MiG-29
germ_9a33bm3,0.0,,,,,,29.0,0.0,0.0,0.55,0.0,0.0,0.0,,,,,,◊Osa-AK
su_22m4,0.0,,,,,,19.0,41.67,0.0,0.0,0.42,0.83,45.0,,,0.41,,2.18,◊Su-22M4
us_lvt_a_1_trb,0.0,,,,,,0.0,,,,,,0.0,,,,,,○LVT(A)(1)
p-36c_rb,0.0,,,,,,11.0,,,0.0,,0.0,0.0,,,,,,○P-36C
f-5e_switzerland,0.0,,,,,,13.0,,,4.0,,0.0,0.0,,,,,,◌F-5E
fa_18c_late_switzerland,0.0,,,,,,72.0,50.54,0.71,1.0,0.16,0.15,1.0,,,0.0,,0.0,◌F/A-18C_Late
hunter_f58a_1971_switzerland,0.0,,,,,,14.0,100.0,3.0,,1.0,,0.0,,,,,,◌Hunter_F.58A_(1971)
mirage_3s_c70_switzerland,0.0,,,,,,26.0,100.0,2.5,2.0,0.0,0.0,0.0,,,,,,◌Mirage_IIIS_C.70
uk_challenger_2_megatron_sm,0.0,,,,,,449.0,50.54,0.0,0.0,1.22,1.05,0.0,,,,,,◍Challenger_2_OES
cn_mbt2000_sm,0.0,,,,,,12.0,,,,,,0.0,,,,,,◍MBT-2000
it_btr_80a_hungary,0.0,,,,,,43.0,71.74,0.0,0.0,1.09,1.06,0.0,,,,,,◔BTR-80A
re_2000_heja_1,0.0,,,,,,0.0,,,,,,0.0,,,,,,◔Héja_I
il_28_hungary,0.0,,,,,,0.0,,,,,,0.0,,,,,,◔IL-28
saab_jas39c_hungary,0.0,,,,,,40.0,22.22,0.76,1.75,4.03,2.89,0.0,,,,,,◔JAS39EBS_HU_C
me_210ca_1_hungary,0.0,,,,,,8.0,100.0,6.0,,0.0,,0.0,,,,,,◔Me_210_Ca-1
me_210ca_1_40_mm_hungary,0.0,,,,,,0.0,,,,,,0.0,,,,,,◔Me_210_Ca-1_36.M
mig-15bis_nr23_hungary,0.0,,,,,,0.0,,,,,,0.0,,,,,,◔MiG-15bis
mig-17pf_hungary,0.0,,,,,,6.0,,,,,,0.0,,,,,,◔MiG-17PF
mig-21_bis_sau_hungary,0.0,,,,,,6.0,,,,,,0.0,,,,,,◔MiG-21bis-SAU
mig-21_mf_hungary,0.0,,,,,,21.0,100.0,2.0,2.0,0.0,0.0,0.0,,,,,,◔MiG-21MF
mig_23mf_hungary,0.0,,,,,,0.0,,,,,,0.0,,,,,,◔MiG-23MF
mig_29_9_12b_hungary,0.0,,,,,,14.0,50.0,1.5,2.2,0.0,0.0,0.0,,,,,,◔MiG-29
su_22m3_hungary,0.0,,,,,,0.0,,,,,,0.0,,,,,,◔Su-22M3
tu-2_postwar_late_hungary,0.0,,,,,,93.0,74.67,0.19,0.18,1.34,1.5,0.0,,,,,,◔Tu-2S-59
it_zsu_23_4,0.0,,,,,,29.0,100.0,1.0,0.71,0.0,0.0,0.0,,,,,,◔ZSU-23-4
fokker_d21_netherlands,0.0,,,,,,0.0,,,,,,0.0,,,,,,◗Fokker_D.XXI
fokker_g1a,0.0,,,,,,33.0,67.5,0.58,1.0,1.0,1.72,0.0,,,,,,◗Fokker_G.IA
f_16a_block_5_netherlands,0.0,,,,,,14.0,,,1.0,,0.0,0.0,,,,,,◘F-16A
f_16am_block_20_mlu_netherlands,0.0,,,,,,146.0,69.85,1.45,3.33,0.97,2.37,11.0,,,2.0,,0.0,◘F-16AM
hunter_f6_holland,0.0,,,,,,30.0,50.0,1.0,2.0,1.0,2.0,0.0,,,,,,◘Hunter_F.6
nf_5a_netherlands,0.0,,,,,,384.0,70.88,1.48,1.96,0.66,0.89,0.0,,,,,,◘NF-5A
sb_25j_netherlands,0.0,,,,,,0.0,,,,,,0.0,,,,,,◘SB-25J
kfir_c10_colombia,0.0,,,,,,67.0,77.96,1.44,1.27,0.0,0.0,0.0,,,,,,◡Kfir_C.10
f_16a_block_10_norway,0.0,,,,,,0.0,,,,,,0.0,,,,,,◢F-16A
f_16am_block_20_mlu_norway,0.0,,,,,,23.0,72.62,0.66,0.66,0.0,0.0,0.0,,,,,,◢F-16AM
f-5ag_norway,0.0,,,,,,12.0,,,,,,0.0,,,,,,◢F-5A(G)
hawk_209_indonesia,0.0,,,,,,0.0,,,,,,0.0,,,,,,◥Hawk_209
a_4e_late_iaf,0.0,,,,,,0.0,,,,,,0.0,,,,,,A-4E_(Israel)
a_4e_early_iaf,0.0,,,,,,0.0,,,,,,0.0,,,,,,A-4E_Early_(M)_(Israel)
f-84f_israel_iaf,0.0,,,,,,0.0,,,,,,0.0,,,,,,F-84F_(Israel)
md_450b_ouragan_iaf_29,0.0,,,,,,0.0,,,,,,0.0,,,,,,M.D.450B_(29)_(Israel)
md_450b_ouragan_iaf,0.0,,,,,,8.0,,,1.0,,0.63,0.0,,,,,,M.D.450B_Ouragan_(Israel)
meteor_nfmk13,0.0,,,,,,57.0,100.0,5.0,,1.8,,0.0,,,,,,Meteor_NF.13_(Israel)
meteor_frmk9_iaf,0.0,,,,,,0.0,,,,,,0.0,,,,,,Meteor_FR.9_(Israel)
mig_21_2000_iaf,0.0,,,,,,0.0,,,,,,0.0,,,,,,MiG-21_2000_(Israel)
md_454_mystere_4a_iaf,0.0,,,,,,0.0,,,,,,0.0,,,,,,Mystere_IVA_(Israel)
so_4050_vautour_2a_israel_iaf,0.0,,,,,,0.0,,,,,,0.0,,,,,,Vautour_IIA_(Israel)
so_4050_vautour_2n_iaf,0.0,,,,,,0.0,,,,,,0.0,,,,,,Vautour_IIN_(Israel)
