name,ab_battles,ab_win_rate,ab_air_frags_per_battle,ab_air_frags_per_death,ab_ground_frags_per_battle,ab_ground_frags_per_death,rb_battles,rb_win_rate,rb_air_frags_per_battle,rb_air_frags_per_death,rb_ground_frags_per_battle,rb_ground_frags_per_death,sb_battles,sb_win_rate,sb_air_frags_per_battle,sb_air_frags_per_death,sb_ground_frags_per_battle,sb_ground_frags_per_death,alt_name
germ_panzerbefelhswagen_VI_P,1041.0,88.7,0.02,0.1,7.14,10.72,152.0,47.89,0.0,0.0,4.48,3.24,0.0,,,,,,Pz.Bfw.VI_(P)
ussr_t_34_1941_57,736.0,58.85,0.02,0.03,2.14,2.18,580.0,44.65,0.0,0.0,2.58,1.6,0.0,,,,,,T-34-57
s_199,729.0,59.35,6.98,2.2,1.3,0.38,130.0,100.0,0.0,0.0,1.82,1.18,0.0,,,,,,Sakeen
su_30mk2v_venezuela,575.0,62.29,6.12,4.84,0.67,0.52,2613.0,53.0,0.88,0.98,0.48,0.54,74.0,100.0,6.0,1.86,1.0,0.24,Су-30МК2_AMV
sw_sav_fm48,555.0,66.61,0.08,0.07,4.58,3.24,464.0,63.53,0.0,0.0,4.93,2.5,0.0,,,,,,SAV_20.12.48
ussr_kv_85,523.0,56.01,0.1,0.11,2.6,2.74,89.0,56.47,0.0,0.0,3.81,3.25,0.0,,,,,,KV-85
il_m_51,524.0,74.29,0.17,0.07,4.94,2.03,1971.0,66.48,0.0,0.0,4.33,1.47,0.0,,,,,,M-51
germ_pzkpfw_III_ausf_F,523.0,85.64,0.04,0.04,6.69,10.62,83.0,100.0,0.0,0.0,15.47,5.63,0.0,,,,,,Pz.III_F
ussr_kv_1e,496.0,88.61,0.0,0.0,5.95,6.62,144.0,78.12,0.0,0.0,7.41,5.79,0.0,,,,,,KV-1E
germ_pzkpfw_V_ausf_d_panther,504.0,60.52,0.06,0.06,2.14,2.31,450.0,38.78,0.0,0.0,1.34,1.25,21.0,100.0,0.0,0.0,1.0,1.0,Panther_D
la-7,480.0,86.52,4.04,4.31,1.77,1.87,192.0,61.24,2.14,3.2,1.29,1.87,0.0,,,,,,La-7
ussr_t_34_85_zis_53,428.0,66.94,0.0,0.0,3.69,4.49,584.0,50.88,0.0,0.0,3.32,2.32,0.0,,,,,,T-34-85
germ_pzkpfw_VI_ausf_e_tiger,404.0,66.33,0.05,0.05,3.64,3.65,1162.0,41.05,0.0,0.0,1.77,1.51,33.0,,,0.0,,1.88,Tiger_E
it_sherman_75_37,420.0,78.29,0.05,0.08,6.37,7.32,233.0,58.33,0.0,0.0,7.15,5.21,20.0,,,,,,Sherman_I_Composito
germ_pzkpfw_VI_ausf_h1_tiger_west,399.0,64.86,0.08,0.08,4.42,6.82,418.0,49.01,0.0,0.0,3.14,3.09,0.0,,,,,,Tiger_West
ussr_t_54_1947,388.0,56.01,0.08,0.08,2.98,3.15,223.0,64.84,0.0,0.0,2.96,1.93,12.0,,,,,,T-54_(1947)
germ_vsw_flak_41,379.0,83.8,0.09,0.11,5.36,7.83,287.0,55.24,0.0,0.0,4.36,3.15,43.0,100.0,0.0,0.0,4.17,2.88,VFW
jp_type_3_ka_chi,386.0,88.17,0.06,0.06,12.52,15.04,0.0,,,,,,0.0,,,,,,Ka-Chi
su_30mkk,396.0,64.54,8.76,9.25,1.25,1.44,643.0,59.99,1.42,1.67,0.82,0.96,13.0,,,0.0,,0.0,Su-30MKK_(China)
ussr_t_72b3_2011,365.0,43.16,0.09,0.11,0.83,0.9,1285.0,50.94,0.0,0.0,1.57,1.49,0.0,,,,,,T-72B3
germ_pzkpfw_VI_ausf_h1_tiger,374.0,54.86,0.07,0.07,2.1,2.64,921.0,42.49,0.0,0.0,2.07,1.67,0.0,,,,,,Tiger_H1
ussr_t_34_85E,338.0,89.13,0.02,0.06,4.9,6.16,472.0,64.88,0.0,0.0,5.21,4.6,0.0,,,,,,T-34-85E
ussr_t_34_85_zis_53_v80,350.0,82.02,0.0,0.0,3.58,4.93,417.0,73.64,0.0,0.0,5.73,2.83,0.0,,,,,,"Т-34-85_""Партизан"""
sw_t_34_1941,340.0,70.08,0.01,0.01,3.8,4.29,153.0,66.84,0.0,0.0,2.33,2.41,0.0,,,,,,T-34
ussr_t_34_85_d_5t,339.0,56.88,0.02,0.02,3.04,2.66,568.0,49.43,0.0,0.0,2.94,2.11,0.0,,,,,,T-34-85_(D-5T)
us_t58,338.0,80.5,0.0,0.0,5.5,4.29,870.0,65.17,0.0,0.0,3.68,2.88,0.0,,,,,,T58
sw_t_34_85_zis_53,310.0,80.96,0.06,0.08,3.1,3.56,372.0,40.98,0.0,0.0,1.91,1.31,0.0,,,,,,T-34-85
ussr_bmpt,322.0,50.11,0.28,0.28,1.21,1.27,2666.0,46.65,0.0,0.0,1.53,1.3,3.0,,,0.0,,1.0,БМПТ
us_m3_lee,325.0,61.32,0.18,0.22,3.3,3.73,56.0,50.0,0.0,0.0,3.6,1.79,0.0,,,,,,M3_Lee
germ_pzkpfw_IV_ausf_C,296.0,70.63,0.07,0.19,6.31,16.27,4.0,,,0.0,,0.25,0.0,,,,,,Pz.IV_C
us_m1a1_hc_usmc_sm,300.0,71.53,0.0,0.0,5.03,4.73,2868.0,58.0,0.0,0.0,2.34,1.9,11.0,0.0,0.0,0.0,0.0,0.0,◍M1A1_HC
f-100d,285.0,49.49,1.75,1.93,0.0,0.0,238.0,59.96,1.01,1.16,0.28,0.24,0.0,,,,,,F-100D
germ_pzkpfw_VI_ausf_b_tiger_IIh_sla,293.0,62.38,0.0,0.0,3.13,2.72,932.0,58.84,0.0,0.0,5.06,3.89,0.0,,,,,,Tiger_II_(H)_Sla.16
ussr_btr_82at,289.0,53.94,0.2,0.22,1.09,1.14,489.0,43.87,0.0,0.0,2.09,1.28,0.0,,,,,,БТР-82АТ
germ_sdkfz_9_flak37,269.0,69.34,0.12,0.19,7.28,10.27,153.0,74.11,0.0,0.0,3.71,3.37,0.0,,,,,,"8,8_cm_Flak_37_Sfl."
ussr_kv_1_zis_5,282.0,71.34,0.0,0.0,4.17,5.83,381.0,46.42,0.0,0.0,4.14,3.0,0.0,,,,,,KV-1_(ZiS-5)
f8u-2,291.0,50.15,1.74,1.64,0.0,0.0,140.0,47.41,1.38,2.16,0.79,1.32,0.0,,,,,,F8U-2
germ_leopard_I_a1,276.0,41.57,0.0,0.0,1.89,1.44,679.0,36.46,0.0,0.0,1.78,1.61,0.0,,,,,,Leopard_A1A1
su_22um3k,273.0,50.16,0.53,0.49,3.3,3.0,21.0,50.0,1.0,0.09,0.5,0.04,0.0,,,,,,◊Su-22UM3K
f3h-2,261.0,50.13,1.13,1.31,0.01,0.01,133.0,73.89,3.47,3.32,0.54,0.71,0.0,,,,,,F3H-2
ussr_object_906,267.0,50.53,0.0,0.0,2.05,1.84,1006.0,50.95,0.0,0.0,2.38,1.86,4.0,,,0.0,,2.0,Object_906
ussr_t_80uk,257.0,46.96,0.0,0.0,1.16,1.61,2148.0,41.67,0.0,0.0,1.5,1.17,0.0,,,,,,T-80UK
germ_waffentrager_krupp_steyr,280.0,53.2,0.06,0.06,2.79,3.32,121.0,44.44,0.0,0.0,1.17,1.4,0.0,,,,,,Waffenträger
germ_pzkpfw_VI_ausf_h1_tiger_east,271.0,64.02,0.08,0.12,4.35,6.35,300.0,44.02,0.0,0.0,2.76,2.68,0.0,,,,,,Tiger_Ost
ussr_t_80ud,256.0,47.61,0.0,0.0,0.94,1.37,2514.0,51.58,0.0,0.0,1.57,1.44,25.0,50.0,0.0,0.0,0.5,0.68,T-80UD
sw_sherman_3_4,268.0,70.85,0.03,0.03,3.69,3.76,505.0,58.18,0.0,0.0,4.19,3.16,0.0,,,,,,Sherman_III/IV
il_merkava_mk_2d,266.0,64.97,0.0,0.0,3.98,2.98,303.0,63.12,0.0,0.0,4.5,3.3,0.0,,,,,,Merkava_Mk.2D
i_185_m71_standard,255.0,70.89,2.68,2.53,0.38,0.36,81.0,69.59,0.93,0.81,0.9,0.78,0.0,,,,,,I-185_(M-71)
ussr_t_55_amd_1,263.0,51.65,0.0,0.0,1.32,1.54,923.0,45.1,0.0,0.0,1.57,1.4,0.0,,,,,,T-55AMD-1
germ_pzkpfw_VI_ausf_b_tiger_IIh,258.0,51.45,0.0,0.0,2.35,2.97,1747.0,58.61,0.0,0.0,4.2,3.79,0.0,,,,,,Tiger_II_(H)
f-104c,248.0,49.67,1.23,1.33,0.0,0.0,0.0,,,,,,0.0,,,,,,F-104C
us_m4_sherman_calliope,257.0,100.0,0.06,0.06,7.61,7.61,86.0,88.06,0.0,0.0,3.29,3.19,0.0,,,,,,Calliope
bf-109f-4,249.0,69.47,6.39,6.12,0.63,0.61,305.0,55.94,1.44,1.47,1.47,1.44,22.0,,,,,,Bf_109_F-4
yak-3,245.0,82.35,3.23,2.5,0.75,0.58,165.0,70.84,3.0,2.87,1.12,1.07,43.0,100.0,7.57,4.82,0.0,0.0,Yak-3
su_30sm2,231.0,38.74,6.53,4.88,0.09,0.08,1139.0,61.23,1.28,1.53,1.04,1.22,46.0,82.67,0.86,0.86,1.85,1.85,Су-30СМ2
sw_m24_chaffee_dk,237.0,63.31,0.03,0.05,2.72,3.59,233.0,44.79,0.0,0.0,2.3,2.29,0.0,,,,,,M24DK
la-5fn,233.0,74.18,4.73,5.11,0.48,0.56,100.0,52.5,3.53,3.34,0.93,0.95,0.0,,,,,,La-5FN
jp_m24_chaffee,231.0,66.94,0.05,0.05,3.77,3.89,433.0,63.07,0.0,0.0,2.14,1.96,13.0,0.0,0.0,0.0,0.0,0.0,M24
ussr_t_34E_STZ,218.0,86.69,0.07,0.08,2.95,2.94,119.0,55.95,0.0,0.0,2.13,2.08,0.0,,,,,,T-34E_STZ
germ_pzkpfw_IV_ausf_H,219.0,69.02,0.0,0.0,3.98,4.1,348.0,41.49,0.0,0.0,2.22,1.41,54.0,,,0.0,,1.48,Pz.IV_H
yak-9u,216.0,81.31,3.79,3.65,0.49,0.47,16.0,,,,,,0.0,,,,,,Yak-9U
av_8c,217.0,48.86,1.66,2.25,0.01,0.01,63.0,74.71,1.08,0.92,1.25,1.08,0.0,,,,,,AV-8C
germ_leopard_a1a1_120,207.0,52.47,0.0,0.0,2.0,1.47,607.0,52.4,0.0,0.0,1.94,1.73,0.0,,,,,,Leopard_A1A1_(L/44)
bf-109f-4_trop,204.0,63.82,5.47,6.07,0.58,0.66,57.0,100.0,2.54,1.96,1.0,0.73,0.0,,,,,,Bf_109_F-4/trop
ussr_bt_5,193.0,84.76,0.0,0.0,5.08,5.54,65.0,44.44,0.0,0.0,3.66,4.78,0.0,,,,,,BT-5
jp_type_4_chi_to,198.0,69.9,0.03,0.03,5.67,4.42,150.0,90.67,0.0,0.0,4.46,3.03,19.0,0.0,0.0,0.0,1.0,1.0,Chi-To
jp_type_4_chi_to_late,198.0,78.73,0.2,0.16,5.23,5.43,168.0,72.06,0.0,0.0,3.48,2.8,13.0,0.0,0.0,0.0,2.0,2.0,Chi-To_Late
germ_leopard_2k,189.0,49.2,0.0,0.0,3.42,2.49,1207.0,52.86,0.0,0.0,2.55,1.77,0.0,,,,,,Leopard_2K
germ_panzerbefelhswagen_IV_ausf_J,188.0,72.12,0.0,0.0,2.84,4.1,303.0,49.54,0.0,0.0,1.99,1.92,0.0,,,,,,Pz.Bfw.IV
mig_23mla,202.0,54.06,1.96,1.64,0.15,0.1,67.0,49.33,0.89,1.2,0.0,0.0,22.0,,,1.0,,0.0,◊MiG-23MLA
germ_panzerjager_panther,191.0,62.51,0.0,0.0,3.4,2.73,269.0,37.89,0.0,0.0,1.37,1.22,0.0,,,,,,Jagdpanther_G1
p-47d_22_re,189.0,66.08,3.27,2.92,1.75,1.37,83.0,48.72,0.7,0.51,1.3,1.03,0.0,,,,,,P-47D-22-RE
la-5_type39,187.0,69.39,4.69,5.9,1.33,1.66,0.0,,,,,,0.0,,,,,,La-5F
ussr_t_80ue1_sm,181.0,71.26,0.0,0.0,3.87,2.55,3296.0,46.07,0.0,0.0,1.38,1.12,0.0,,,,,,◍Т-80У-Е1
us_m6a1,188.0,89.85,0.04,0.03,5.69,5.03,71.0,100.0,0.0,0.0,6.75,4.07,0.0,,,,,,M6A1
ussr_t_34_100,191.0,89.17,0.0,0.0,4.42,3.83,313.0,55.27,0.0,0.0,3.8,2.65,18.0,,,,,,T-34-100
ussr_t_10m,184.0,43.12,0.1,0.1,4.84,4.1,445.0,51.12,0.0,0.0,2.8,2.46,0.0,,,,,,T-10M
us_xm_803,189.0,50.0,0.0,0.0,2.25,2.03,2228.0,58.38,0.0,0.0,2.48,2.1,0.0,,,,,,XM803
ussr_t_34_57_1943,185.0,78.94,0.0,0.0,2.85,3.94,276.0,54.61,0.0,0.0,4.58,3.38,0.0,,,,,,T-34-57_(1943)
germ_pzkpfw_IV_ausf_J,179.0,60.79,0.0,0.0,1.51,2.15,125.0,16.67,0.0,0.0,1.93,0.98,12.0,,,0.0,,1.08,Pz.IV_J
pe-2-359,181.0,100.0,0.38,0.34,6.75,6.2,1.0,100.0,0.0,0.0,1.0,1.0,0.0,,,,,,Pe-2-359
us_t29,183.0,86.11,0.0,0.0,13.21,12.36,1680.0,59.65,0.0,0.0,4.15,3.18,0.0,,,,,,T29
sw_lvkv_42,169.0,72.94,0.47,0.46,2.99,2.93,109.0,74.94,0.03,0.04,0.87,0.66,0.0,,,,,,Lvkv_42
us_halftrack_m3_75mm_gmc,176.0,59.82,0.0,0.0,3.3,3.63,0.0,,,,,,0.0,,,,,,M3_GMC
cn_oplot_t,177.0,41.06,0.0,0.0,0.96,1.28,317.0,61.12,0.0,0.0,2.53,1.43,0.0,,,,,,Oplot-M
cn_ztz_99a,177.0,45.38,0.0,0.0,1.36,1.54,245.0,66.21,0.0,0.0,2.3,1.72,0.0,,,,,,ZTZ99A
i_185_m82,168.0,55.0,3.85,2.76,0.47,0.39,56.0,92.86,0.14,0.37,1.0,0.63,0.0,,,,,,I-185_(M-82)
sw_strv_122b_plus,173.0,100.0,0.0,0.0,5.15,7.03,398.0,51.24,0.0,0.0,3.99,3.16,0.0,,,,,,Strv_122B+
fr_amx_50_surbaisse,161.0,67.17,0.0,0.0,4.15,3.17,274.0,76.11,0.0,0.0,4.26,2.53,0.0,,,,,,AMX-50_Surbaissé
fw-190a-4,161.0,79.08,8.67,7.09,0.86,0.78,67.0,95.56,2.87,3.67,1.16,2.67,0.0,,,,,,Fw_190_A-4
it_m24_chaffee,160.0,94.0,0.0,0.0,6.31,5.34,306.0,60.45,0.02,0.02,1.74,1.5,0.0,,,,,,M24
us_m4a2_sherman,170.0,92.88,0.05,0.05,5.96,4.44,294.0,66.69,0.0,0.0,4.84,2.71,0.0,,,,,,M4A2
yak-9t,164.0,57.78,4.83,4.51,0.32,0.26,48.0,72.55,0.27,0.1,0.62,0.3,0.0,,,,,,Yak-9T
ussr_t_90m_2020,155.0,49.68,0.0,0.0,1.59,2.15,2211.0,50.58,0.0,0.0,2.1,1.71,0.0,,,,,,T-90M
ussr_t_34_1942,157.0,74.17,0.0,0.0,3.03,4.63,164.0,90.48,0.0,0.0,5.52,1.58,0.0,,,,,,T-34_(1942)
p-51d-20-na_iaf,169.0,46.81,1.96,1.64,0.63,0.49,37.0,28.57,0.71,0.22,0.71,0.48,0.0,,,,,,P-51D-20-NA_(Israel)
ussr_t_72a,168.0,57.94,0.16,0.09,4.14,2.57,1634.0,49.85,0.0,0.0,2.6,2.11,0.0,,,,,,T-72A
ussr_t_80bvm,157.0,56.89,0.0,0.0,2.45,2.24,5585.0,52.68,0.0,0.0,2.08,1.71,11.0,100.0,0.0,0.0,4.0,4.0,T-80BVM
mosquito_j30_sweden,149.0,42.5,2.59,1.83,0.17,0.1,69.0,65.0,0.79,0.67,0.52,0.17,0.0,,,,,,Mosquito_J30
jp_type_10,164.0,59.13,0.0,0.0,4.0,3.88,618.0,58.92,0.0,0.0,3.25,2.11,0.0,,,,,,Type_10
uk_a_13_mk1,153.0,73.57,0.11,0.14,5.2,8.62,0.0,,,,,,0.0,,,,,,A13_Mk_I
us_m5a1_stuart,156.0,58.49,0.07,0.14,1.58,2.68,52.0,50.0,0.0,0.0,1.19,1.14,0.0,,,,,,M5A1
uk_a17_mk_1_tetrarch,154.0,78.04,0.07,0.15,3.26,5.7,1.0,,,0.0,,1.0,0.0,,,,,,Tetrarch_I
germ_panther_II,156.0,87.6,0.0,0.0,5.24,4.36,212.0,69.18,0.0,0.0,5.17,4.34,4.0,,,0.0,,0.0,Panther_II
ussr_bt_7_1937,142.0,87.65,0.0,0.0,5.33,3.92,69.0,100.0,0.0,0.0,9.61,3.95,0.0,,,,,,BT-7
yak-7b,149.0,82.22,6.88,5.28,1.38,0.97,0.0,,,,,,0.0,,,,,,Yak-7B
ussr_2s1,159.0,48.83,0.04,0.03,1.0,0.87,184.0,41.11,0.08,0.07,1.33,0.83,0.0,,,,,,2S1
ussr_object_435,151.0,56.56,0.0,0.0,1.64,1.98,254.0,39.07,0.0,0.0,1.77,1.23,0.0,,,,,,Object_435
uk_chieftain_mk_10,151.0,65.0,0.0,0.0,3.28,4.9,150.0,74.89,0.0,0.0,2.64,2.19,0.0,,,,,,Chieftain_Mk_10
germ_pzkpfw_V_ausf_g_panther,149.0,68.28,0.0,0.0,1.89,1.63,375.0,36.96,0.0,0.0,2.25,1.56,4.0,,,0.0,,0.0,Panther_G
ussr_is_2_1944,145.0,47.67,0.0,0.0,1.73,1.52,534.0,47.36,0.0,0.0,2.01,1.75,0.0,,,,,,IS-2_(1944)
ussr_zsu_29k,140.0,80.89,0.0,0.0,3.65,3.58,0.0,,,,,,0.0,,,,,,YaG-10_(29-K)
ussr_t_55a,138.0,67.44,0.0,0.0,4.24,2.85,838.0,60.14,0.0,0.0,2.61,1.89,0.0,,,,,,T-55A
cn_wz_1001,140.0,43.78,0.0,0.0,1.14,1.36,254.0,64.29,0.0,0.0,1.75,1.85,0.0,,,,,,WZ1001(E)_LCT
ussr_t_44,145.0,40.55,0.0,0.0,1.13,1.57,587.0,48.94,0.0,0.0,3.07,1.83,4.0,,,0.0,,1.0,T-44
jp_type_3_chi_nu_75cm_type_5,135.0,83.01,0.06,0.09,5.47,7.06,259.0,59.55,0.0,0.0,3.18,2.5,0.0,,,,,,Chi-Nu_II
fj_4b,132.0,51.59,1.4,1.38,0.0,0.0,18.0,100.0,3.0,,0.0,,0.0,,,,,,FJ-4B
us_m1a2_abrams,151.0,71.25,0.02,0.02,3.03,2.34,983.0,54.63,0.0,0.0,2.44,2.1,0.0,,,,,,M1A2_Abrams
jp_type_97_chi_ha,148.0,100.0,0.18,0.3,7.32,12.96,0.0,,,,,,0.0,,,,,,Chi-Ha
mig_25pd,145.0,58.8,5.42,5.16,0.0,0.0,278.0,73.92,2.67,3.02,0.0,0.0,0.0,,,,,,МиГ-25ПД
ussr_9a35_m2,139.0,35.55,2.48,4.86,0.6,1.16,136.0,30.56,2.02,2.89,0.0,0.0,0.0,,,,,,Strela-10M2
us_lvt_a_1,152.0,97.27,0.04,0.07,5.15,5.89,7.0,,,,,,0.0,,,,,,LVT(A)(1)
jp_tkx_prot,147.0,63.05,0.0,0.0,4.38,4.27,667.0,65.15,0.0,0.0,2.68,2.14,0.0,,,,,,TKX
germ_panzerbefelhswagen_jagdpanther,132.0,64.67,0.0,0.0,6.88,7.52,89.0,44.44,0.0,0.0,1.35,1.21,0.0,,,,,,Bfw._Jagdpanther_G1
itp_m1,140.0,88.76,3.32,3.23,0.84,0.8,42.0,77.78,1.33,1.31,2.38,1.7,0.0,,,,,,ITP_(M-1)
germ_flakpanzer_IV_Ostwind,135.0,76.94,1.95,1.93,1.89,1.75,287.0,29.67,1.4,1.24,0.89,0.72,0.0,,,,,,Ostwind
it_m4a4_sherman,131.0,78.33,0.0,0.0,4.17,7.2,90.0,81.67,0.0,0.0,5.53,3.57,0.0,,,,,,Sherman_V
f-86f-2,129.0,56.3,0.87,1.07,0.11,0.11,161.0,51.12,1.72,2.66,0.39,0.59,0.0,,,,,,F-86F-2
ussr_asu_85,137.0,42.64,0.0,0.0,0.61,0.61,289.0,43.76,0.0,0.0,1.4,0.97,0.0,,,,,,ASU-85
ki_43_3_otsu,131.0,69.54,7.28,8.6,0.0,0.0,169.0,80.74,1.06,1.44,1.16,1.65,0.0,,,,,,Ki-43-III_otsu
ussr_t_44_100,142.0,53.12,0.03,0.02,3.84,3.08,867.0,47.69,0.0,0.0,2.25,1.76,67.0,42.0,0.0,0.0,2.82,2.85,T-44-100
us_mbt_70,141.0,48.15,0.0,0.0,0.88,0.84,1107.0,56.91,0.0,0.0,2.24,1.7,0.0,,,,,,MBT-70
su_30sm,126.0,56.72,3.23,3.23,0.12,0.11,452.0,60.03,1.0,1.32,1.34,1.75,62.0,87.67,1.42,1.03,1.56,1.22,Су-30СМ
ussr_t_34E,140.0,95.0,0.0,0.0,2.7,2.52,25.0,50.0,0.0,0.0,1.25,2.36,0.0,,,,,,T-34E
cn_t_34_1942,134.0,90.7,0.0,0.0,5.01,6.47,83.0,100.0,0.0,0.0,6.31,2.86,0.0,,,,,,T-34_(1943)_(China)
sw_pvkv_II,125.0,92.22,0.0,0.0,4.23,5.46,104.0,82.61,0.0,0.0,5.4,3.37,0.0,,,,,,Pvkv_II
us_t20,131.0,83.64,0.0,0.0,6.36,7.64,2462.0,71.18,0.0,0.0,4.71,4.63,21.0,50.0,0.0,0.0,3.0,3.0,T20
p-51d-20-na,134.0,62.56,8.11,15.88,0.64,1.12,103.0,71.8,1.4,1.47,1.52,1.69,0.0,,,,,,P-51D-20-NA
us_m1a1_hc_usmc,141.0,71.61,0.06,0.05,3.28,3.86,3557.0,59.92,0.0,0.0,2.5,2.07,7.0,,,0.0,,0.0,M1A1_Click-Bait
fr_somua_sm,130.0,67.26,0.0,0.0,4.77,3.71,863.0,73.83,0.0,0.0,4.02,2.99,0.0,,,,,,Somua_SM
germ_pzkpfw_V_ausf_f_panther,136.0,59.36,0.0,0.0,2.78,4.05,312.0,49.13,0.0,0.0,2.79,1.68,0.0,,,,,,Panther_F
f4u-1d,131.0,69.17,2.12,1.65,4.28,3.34,5.0,,,0.0,,1.0,0.0,,,,,,F4U-1D
uk_sherman_vc_firefly,128.0,50.0,0.06,0.06,2.04,3.04,139.0,60.8,0.0,0.0,5.27,3.12,0.0,,,,,,Sherman_Firefly
p-51_mk1a_usaaf,128.0,78.57,3.66,3.39,0.1,0.07,34.0,,,1.0,,0.0,25.0,,,,,,P-51
ussr_bmpt_72,142.0,61.67,0.0,0.0,2.79,3.06,1383.0,47.02,0.0,0.0,1.68,1.28,0.0,,,,,,БМПТ-72
sw_pzkpfw_IV_ausf_J,124.0,55.17,0.0,0.0,3.84,5.19,102.0,45.1,0.0,0.0,2.09,1.38,0.0,,,,,,Pz.IV
mig-21_bis_lazur,119.0,53.79,1.72,1.51,0.61,0.53,386.0,56.17,1.24,1.53,0.29,0.32,5.0,,,5.0,,0.0,"◊MiG-21_""Lazur-M"""
cf_188a_canada,118.0,27.78,1.74,1.64,0.08,0.07,144.0,45.65,1.19,1.38,0.08,0.09,0.0,,,,,,CF-188A
yak-3_eremin,126.0,94.35,6.0,6.44,0.52,0.55,20.0,75.0,1.0,1.0,0.75,1.0,0.0,,,,,,Eremin's_Yak-3(e)
ussr_is_1,122.0,60.64,0.0,0.0,2.98,3.54,315.0,50.32,0.0,0.0,2.25,2.26,0.0,,,,,,IS-1
ussr_t_34_85_stp_s53,129.0,49.23,0.2,0.25,1.22,1.95,1259.0,52.89,0.0,0.0,2.68,2.24,0.0,,,,,,Т-34-85_(СТП)
f-104a,117.0,53.84,1.1,1.7,0.0,0.0,5.0,,,1.0,,0.0,0.0,,,,,,F-104A
f6f-3,125.0,77.22,1.26,0.97,8.41,6.36,104.0,84.72,0.62,0.6,2.25,2.1,7.0,,,,,,F6F-5
saab_b3c,126.0,100.0,2.17,0.95,37.8,16.72,0.0,,,,,,0.0,,,,,,B3C
mig_23mf_germany,114.0,49.52,1.13,1.37,0.29,0.33,0.0,,,,,,0.0,,,,,,◊MiG-23MF
sw_strv_m39,124.0,100.0,0.0,0.0,4.18,4.58,0.0,,,,,,0.0,,,,,,Strv_m/39
us_m18_hellcat,120.0,51.67,0.0,0.0,1.65,1.44,1077.0,54.79,0.0,0.0,2.05,1.58,12.0,100.0,0.0,0.0,1.0,1.0,M18_GMC
germ_kpz_70,115.0,45.4,0.0,0.0,1.2,1.23,1301.0,51.63,0.0,0.0,2.21,1.56,0.0,,,,,,KPz-70
uk_a_13_mk2,123.0,75.14,0.0,0.0,4.25,6.74,3.0,,,0.0,,2.0,0.0,,,,,,A13_Mk_II
ussr_su_100p,119.0,45.89,0.0,0.0,1.82,1.84,526.0,51.71,0.0,0.0,2.56,1.65,0.0,,,,,,SU-100P
pe-2-31,120.0,100.0,0.15,0.13,4.5,5.11,0.0,,,,,,0.0,,,,,,Pe-2-31
us_mk1_grant,122.0,56.1,0.12,0.2,3.01,5.48,23.0,0.0,0.0,0.0,1.6,1.6,0.0,,,,,,Grant_I
germ_pzkpfw_V_ausf_a_panther,126.0,46.67,0.02,0.04,1.43,2.54,670.0,41.36,0.0,0.0,1.8,1.37,0.0,,,,,,Panther_A
f_16a_block_5_netherlands,116.0,44.0,1.73,0.97,0.0,0.0,20.0,50.0,0.0,0.0,0.0,0.0,0.0,,,,,,◘F-16A
f-4jk,110.0,25.96,0.89,0.89,0.03,0.03,116.0,40.4,1.0,0.88,0.54,0.49,1.0,,,,,,F-4J(UK)_Phantom_II
jp_type_90b_sm,118.0,50.0,0.0,0.0,0.72,0.74,250.0,52.02,0.0,0.0,2.65,2.75,0.0,,,,,,◍Type_90_(B)
us_m4a2_76w_sherman,125.0,31.33,0.0,0.0,2.1,1.32,498.0,65.46,0.0,0.0,2.6,2.3,0.0,,,,,,M4A2_(76)_W
p-47d-28,116.0,74.11,1.96,2.24,3.04,2.62,19.0,100.0,0.0,1.46,2.0,1.38,33.0,0.0,2.0,2.0,0.0,0.0,P-47D-28
it_leopard_2a4,117.0,68.34,0.0,0.0,4.37,4.88,259.0,53.98,0.0,0.0,1.66,1.44,0.0,,,,,,◔Leopard_2A4
spitfire_mk9c_iaf,120.0,51.03,5.57,2.41,1.63,0.74,18.0,56.25,0.56,1.0,0.0,0.0,0.0,,,,,,Spitfire_Mk_IXc_(Israel)
f8f1,115.0,69.44,3.75,1.66,3.07,0.81,294.0,61.83,0.72,0.89,1.46,1.65,0.0,,,,,,F8F-1
la-7b-20,115.0,57.0,4.22,5.8,0.65,0.88,99.0,47.46,0.82,0.98,0.59,0.73,0.0,,,,,,La-7B-20
uk_sherman_ic_firefly,112.0,56.14,0.0,0.0,7.72,5.86,75.0,89.29,0.0,0.0,3.29,4.04,0.0,,,,,,"Sherman_IC_""Trzyniec"""
ussr_kv_1s,114.0,58.89,0.0,0.0,3.11,3.15,155.0,69.6,0.0,0.0,1.67,0.94,0.0,,,,,,KV-1S
cn_vt_4,109.0,50.91,0.0,0.0,1.01,1.28,56.0,36.51,0.0,0.0,1.16,1.05,0.0,,,,,,VT4
us_m4a1_1942_sherman,115.0,58.89,0.0,0.0,2.54,2.0,73.0,100.0,0.0,0.0,4.41,3.44,0.0,,,,,,M4A1
pe-2-83,113.0,100.0,0.15,0.15,4.91,4.59,0.0,,,,,,0.0,,,,,,Pe-2-83
fa_18e_block_2,114.0,57.78,5.0,2.95,0.7,0.34,495.0,61.11,1.63,2.09,0.78,1.01,18.0,50.0,2.0,2.0,1.0,1.0,F/A-18E
cn_type_58,110.0,83.56,0.0,0.0,3.28,3.41,132.0,90.81,0.0,0.0,7.05,2.64,0.0,,,,,,Т-34-85_Gai
f-4c,119.0,48.0,1.38,0.98,0.1,0.06,181.0,40.0,1.1,1.48,0.78,1.23,0.0,,,,,,F-4C_Phantom_II
yak-1b,113.0,100.0,9.54,12.51,3.67,4.86,118.0,45.83,5.77,3.53,2.44,1.65,0.0,,,,,,Yak-1B
ussr_t_44_po,114.0,97.5,0.0,0.0,4.18,4.73,112.0,67.5,0.0,0.0,4.59,2.53,0.0,,,,,,Т-44(ПМ)
ffvs_j22_b,109.0,50.76,2.17,1.31,0.23,0.5,15.0,,,0.0,,0.0,0.0,,,,,,J22-B
germ_pzkpfw_VI_ausf_b_tiger_IIp,116.0,28.62,0.39,0.38,4.13,4.63,712.0,41.21,0.0,0.0,1.67,1.67,0.0,,,,,,Tiger_II_(P)
il_2m_1943,106.0,95.0,1.92,1.75,7.19,6.59,1.0,,,1.0,,0.0,0.0,,,,,,IL-2M_(1943)
germ_pzkpfw_IV_ausf_F2,110.0,42.86,0.18,0.12,3.79,3.58,278.0,55.95,0.0,0.0,3.85,2.92,0.0,,,,,,Pz.IV_F2
us_m4a3e8_76w_sherman,108.0,45.55,0.0,0.0,2.84,2.35,401.0,48.9,0.0,0.0,3.51,2.63,4.0,,,0.0,,1.0,M4A3_(76)_W
p-47d,107.0,84.62,1.36,1.19,4.41,3.93,24.0,62.5,0.35,0.5,0.35,0.57,19.0,,,,,,P-47D-25
ki_61_1a_otsu_china,107.0,83.75,8.69,8.65,2.64,2.52,0.0,,,,,,29.0,90.48,0.19,0.19,1.19,1.19,Ki-61-I_otsu_(China)
ussr_t_80ue1,116.0,44.89,0.0,0.0,2.63,2.07,3444.0,43.33,0.0,0.0,1.62,1.35,10.0,,,0.0,,0.0,Т-80U-Е1
germ_flakpz_I_Gepard,108.0,46.11,1.03,1.15,1.31,1.41,1506.0,33.9,0.21,0.17,0.8,0.66,4.0,,,0.0,,1.0,Gepard
ussr_t_72av_turms,108.0,63.61,0.0,0.0,3.3,2.2,1395.0,49.64,0.0,0.0,1.89,1.75,0.0,,,,,,T-72AV_(TURMS-T)
ussr_t_62m1,109.0,61.56,0.0,0.0,2.12,2.0,376.0,56.78,0.0,0.0,2.03,1.71,27.0,100.0,0.0,0.0,1.0,0.77,T-62M-1
germ_leopard_I,98.0,58.0,0.01,0.01,2.41,1.79,709.0,34.88,0.0,0.0,1.28,0.8,0.0,,,,,,Leopard_I
jp_type_90b_camo,105.0,69.0,0.0,0.0,3.51,3.11,3050.0,52.37,0.0,0.0,2.31,1.79,0.0,,,,,,"Type_90_(B)_""Fuji"""
il_sabra_mk1,108.0,79.31,0.0,0.0,3.35,2.23,92.0,84.62,0.0,0.0,4.61,2.94,0.0,,,,,,Sabra_Mk.I
p-63a-10,103.0,92.0,1.9,1.4,1.01,0.83,211.0,52.19,0.52,0.46,0.92,0.78,0.0,,,,,,P-63A-10
p-51_a-36,103.0,,,3.1,,1.02,37.0,50.0,0.5,0.3,2.0,1.88,0.0,,,,,,A-36
p-51d-20-na_j26,102.0,53.79,2.04,1.39,0.36,0.39,66.0,0.0,0.93,0.87,0.0,0.0,0.0,,,,,,J26
germ_begleitpanzer_57,99.0,57.45,1.49,2.96,2.29,4.45,1513.0,50.93,0.2,0.14,1.64,1.18,17.0,100.0,0.0,0.0,2.0,2.0,Begleitpanzer_57
sw_strv_m42_delat_torn,101.0,67.24,0.0,0.0,2.49,2.06,179.0,57.48,0.0,0.0,1.79,1.32,0.0,,,,,,Strv_m/42_DT
ussr_object_292,102.0,50.0,0.0,0.0,2.81,2.23,513.0,65.35,0.0,0.0,4.6,2.7,4.0,,,0.0,,1.0,Object_292
us_t1e1,107.0,48.0,0.0,0.0,2.19,1.38,70.0,46.11,0.0,0.0,2.05,3.58,0.0,,,,,,T1E1
do_335a_1,101.0,100.0,1.12,0.99,12.53,4.52,39.0,33.91,0.43,0.79,1.52,2.0,0.0,,,,,,Do_335_A-1
us_m1a2_sep2_abrams,105.0,77.32,0.0,0.0,3.78,3.93,3203.0,55.74,0.0,0.0,2.22,2.01,8.0,,,0.0,,1.0,M1A2_SEP_V2
it_c1_ariete_preserie,104.0,64.45,0.0,0.0,4.08,5.29,187.0,65.35,0.0,0.0,2.21,2.05,0.0,,,,,,Ariete_(P)
me_264,99.0,83.93,0.7,0.42,6.23,3.77,0.0,,,,,,0.0,,,,,,Me_264
germ_leopard_2a6,97.0,64.06,0.18,0.2,2.38,3.5,900.0,40.66,0.0,0.0,2.12,1.6,5.0,,,0.0,,1.8,Leopard_2A6
yak-9m,97.0,88.89,7.61,8.21,0.64,0.82,7.0,,,,,,0.0,,,,,,Golovachev's_Yak-9M
germ_leopard_2a7v,95.0,72.23,0.25,0.33,3.91,4.49,1835.0,46.19,0.0,0.0,2.84,2.05,0.0,,,,,,Leopard_2A7V
ar_2,95.0,100.0,0.53,0.52,10.15,10.02,0.0,,,,,,0.0,,,,,,Ar-2
av_8a,98.0,50.0,6.33,5.27,0.75,0.89,38.0,50.0,1.0,1.65,0.5,1.0,7.0,,,0.0,,0.0,AV-8A
ussr_btr_152d,93.0,59.77,1.54,4.03,0.26,0.76,319.0,27.59,0.95,0.69,0.02,0.01,0.0,,,,,,BTR-152D
f-4k,90.0,58.21,1.59,1.62,0.24,0.24,8.0,,,2.0,,0.0,0.0,,,,,,Phantom_FG.1
us_t26e4_superpershing,99.0,76.22,0.16,0.16,3.98,4.55,399.0,71.7,0.0,0.0,4.62,2.5,0.0,,,,,,T26E1-1
germ_pzsfl_IVa_dickermax,93.0,41.66,0.0,0.0,1.04,1.47,78.0,,,0.0,,2.89,0.0,,,,,,Dicker_Max
germ_sdkfz_234_2,98.0,71.3,0.0,0.0,2.02,1.53,844.0,38.77,0.0,0.0,0.96,0.79,26.0,,,0.0,,0.92,Sd.Kfz.234/2
yak_2_kabb,93.0,100.0,2.3,2.4,4.97,5.28,0.0,,,,,,17.0,,,,,,Yak-2_KABB
ki_44_2_hei,92.0,70.33,8.89,5.03,0.27,0.13,3.0,100.0,1.0,,0.0,,0.0,,,,,,Ki-44-II_hei
uk_a_33_excelsior,96.0,100.0,0.0,0.0,7.91,8.23,178.0,66.61,0.0,0.0,4.61,5.04,0.0,,,,,,Excelsior
sw_strv_m38,92.0,100.0,0.0,0.0,2.67,4.85,8.0,50.0,0.0,0.0,0.5,0.83,0.0,,,,,,Strv_m/38
it_pzkpfw_VI_ausf_e_tiger,94.0,50.0,0.1,0.06,3.46,2.77,176.0,67.33,0.0,0.0,6.56,4.47,0.0,,,,,,Tigris
yak-9,88.0,65.0,5.42,2.92,0.0,0.0,43.0,,,1.56,,0.0,0.0,,,,,,Yak-9
uk_chieftain_900,91.0,51.92,0.0,0.0,2.75,2.79,86.0,87.78,0.0,0.0,2.7,2.37,0.0,,,,,,Chieftain_900
mig-21_s,91.0,56.67,5.37,4.46,0.0,0.0,153.0,71.13,1.82,1.51,0.14,0.09,0.0,,,,,,MiG-21S_(R-13-300)
cn_m36,86.0,77.78,0.0,0.0,1.65,1.7,165.0,70.08,0.0,0.0,2.05,1.4,0.0,,,,,,M36_GMC_(China)
us_t14,87.0,78.53,0.1,0.17,4.04,4.76,596.0,65.83,0.0,0.0,5.22,4.32,0.0,,,,,,T14
mig_29_9_13,85.0,58.42,2.48,2.16,0.0,0.0,58.0,100.0,1.85,1.28,0.0,0.0,0.0,,,,,,MiG-29
ussr_t_80u,89.0,58.78,0.0,0.0,1.25,1.28,1446.0,37.99,0.0,0.0,1.62,1.31,11.0,,,,,,T-80U
la-7_dolgushin,87.0,82.67,5.37,6.88,1.03,1.11,78.0,69.49,3.87,13.46,0.86,2.86,0.0,,,,,,Dolgushin's_La-7
sw_strv_74,84.0,80.36,0.0,0.0,2.73,2.27,315.0,41.94,0.0,0.0,1.47,0.9,0.0,,,,,,Strv_74
f4u-1c,90.0,93.06,3.66,1.67,0.06,0.03,57.0,11.9,2.17,2.22,1.88,1.74,0.0,,,,,,F4U-1C
ussr_zsu_57_2,87.0,30.95,0.02,0.01,4.19,1.98,777.0,39.76,0.05,0.01,1.97,1.14,33.0,88.46,0.0,0.0,1.0,1.0,ZSU-57-2
ussr_t_72b_1989,92.0,50.0,0.0,0.0,2.08,1.96,270.0,43.96,0.0,0.0,2.05,1.42,0.0,,,,,,T-72B_(1989)
us_m36b2,83.0,61.81,0.0,0.0,2.55,2.2,360.0,52.4,0.0,0.0,2.25,1.76,4.0,0.0,0.0,0.0,1.0,1.0,M36B2
jp_type_89b_i_go_otsu,89.0,100.0,0.26,0.44,4.9,9.24,26.0,,,0.0,,4.0,0.0,,,,,,I-Go_Ko
fw-190a-1,85.0,100.0,6.69,5.82,1.63,1.33,69.0,71.74,1.55,3.24,0.0,0.0,24.0,,,1.88,,0.0,Fw_190_A-1
sw_l_62_anti_II,87.0,78.99,0.75,0.83,1.7,1.78,130.0,51.25,0.06,0.02,3.58,1.12,0.0,,,,,,L-62_ANTI_II
f-89d,84.0,66.67,10.01,10.01,0.0,0.0,45.0,60.87,3.43,6.04,0.0,0.0,0.0,,,,,,F-89D
su_27sm,78.0,64.57,4.15,4.02,0.19,0.18,359.0,55.69,1.78,1.84,0.05,0.05,10.0,,,1.0,,0.0,Su-27SM
fr_amx_13_90,81.0,71.43,0.0,0.0,3.27,3.27,130.0,87.38,0.0,0.0,4.44,2.31,0.0,,,,,,AMX-13-90
f_16c_block_52_aesa,82.0,46.15,2.83,3.28,0.23,0.39,903.0,56.54,0.81,0.9,0.73,0.84,33.0,47.14,0.61,0.41,0.53,0.38,F-16CM_PoBIT
ussr_t_72b,85.0,49.89,0.0,0.0,1.68,1.88,245.0,23.96,0.0,0.0,2.21,1.66,0.0,,,,,,T-72B
cn_t_34_85_d_5t,79.0,80.25,0.0,0.0,3.38,3.7,137.0,90.91,0.0,0.0,3.44,1.81,0.0,,,,,,Т-34-85_(S-53)_(China)
a_10a_early,77.0,79.63,2.58,1.32,3.83,1.62,445.0,59.48,0.55,0.55,3.14,3.37,78.0,100.0,2.0,1.11,8.0,3.66,A-10A
germ_spz_oerlikon_raketenautomat,81.0,60.5,0.0,0.0,2.05,1.22,203.0,26.72,0.0,0.0,2.09,2.06,0.0,,,,,,Raketenautomat
germ_pz_IV_L70_A,79.0,63.2,0.0,0.0,2.31,2.18,19.0,83.34,0.0,0.0,3.0,2.81,0.0,,,,,,Panzer_IV/70(A)
fr_amx_30_super,83.0,100.0,0.0,0.0,4.39,1.37,678.0,63.24,0.0,0.0,3.46,2.48,0.0,,,,,,AMX-30_Super
ussr_bt_7_m,77.0,61.91,0.0,0.0,3.12,3.78,97.0,76.39,0.0,0.0,3.48,2.19,0.0,,,,,,BT-7M
ussr_kv_8,74.0,66.67,0.0,0.0,3.27,2.88,221.0,46.89,0.0,0.0,4.3,2.24,0.0,,,,,,КВ-8
jp_type_90,82.0,45.98,0.0,0.0,0.91,0.96,714.0,58.48,0.0,0.0,1.78,1.79,0.0,,,,,,Type_90
firefly_mk1,77.0,100.0,2.8,1.69,8.43,5.03,1.0,,,0.0,,3.0,0.0,,,,,,Firefly_F_Mk_I
sw_t_28,77.0,100.0,0.0,0.0,4.0,3.63,5.0,,,0.0,,0.8,0.0,,,,,,T-28
ussr_t_64_b_1984,79.0,85.56,0.0,0.0,4.0,4.55,349.0,40.91,0.0,0.0,1.97,2.11,0.0,,,,,,T-64B
it_43m_turan_3,73.0,97.44,0.0,0.0,3.13,3.79,176.0,72.78,0.0,0.0,3.03,2.52,0.0,,,,,,Turan_III
f9f-2,79.0,28.33,1.0,0.94,0.67,0.57,123.0,55.01,0.26,0.43,0.9,1.32,0.0,,,,,,F9F-2
la_174,78.0,80.0,6.0,7.5,0.6,0.8,0.0,,,,,,0.0,,,,,,La-174
us_m4_t26,82.0,60.32,0.22,0.3,4.69,3.21,401.0,54.18,0.0,0.0,1.68,1.49,16.0,,,0.0,,1.5,M4/T26
yak-9k,76.0,57.78,2.41,2.34,0.2,0.16,812.0,62.08,0.19,0.24,2.1,2.33,0.0,,,,,,Yak-9K
fa_18a_raaf,75.0,23.89,1.28,1.28,0.0,0.0,54.0,72.22,1.22,1.75,0.0,0.0,21.0,,,1.0,,0.0,F/A-18A
us_m2a4_1st_armor_div,79.0,91.11,0.0,0.0,4.11,4.68,0.0,,,,,,0.0,,,,,,M2A4_(1st_Arm.Div.)
f-4m_fgr2,69.0,56.61,1.68,1.79,0.05,0.06,237.0,57.67,0.8,0.84,0.12,0.13,0.0,,,,,,Phantom_FGR.2
ki_61_1a_otsu,74.0,50.0,3.25,4.4,0.75,1.17,0.0,,,,,,23.0,50.0,0.5,0.57,1.61,2.14,Ki-61-I_otsu
bf_110g_4,77.0,79.31,0.47,0.53,2.55,2.9,0.0,,,,,,0.0,,,,,,Bf_110_G-4
germ_vk_3002m,80.0,24.71,0.0,0.0,3.79,2.23,246.0,29.45,0.0,0.0,3.43,1.83,3.0,,,0.0,,0.0,VK_3002_(M)
germ_pzkpfw_VI_ausf_b_tiger_IIh_kwk46,75.0,63.04,0.0,0.0,7.09,7.25,316.0,86.94,0.03,0.03,8.21,6.83,0.0,,,,,,Tiger_II_(10.5_cm_Kw.K)
sw_cv_90105_tml,81.0,80.9,0.0,0.0,2.25,1.52,1602.0,56.14,0.0,0.0,2.06,1.56,0.0,,,,,,CV_90105
il_m109a1,77.0,0.0,0.32,0.21,1.94,1.44,25.0,,,0.0,,0.32,0.0,,,,,,Rochev
us_m4a1_76w_sherman,76.0,59.26,0.0,0.0,2.02,1.88,271.0,60.51,0.0,0.0,3.51,3.3,1.0,,,,,,M4A1_(76)_W
us_m60a3_tts,76.0,39.74,0.0,0.0,0.84,1.3,485.0,60.53,0.0,0.0,1.97,1.58,4.0,,,0.0,,1.0,M60A3_TTS
saab_t18b_1,71.0,100.0,4.92,2.7,13.92,7.47,0.0,,,,,,0.0,,,,,,T18B
sw_t_80u,72.0,76.81,0.0,0.0,2.52,2.52,214.0,32.86,0.0,0.0,3.28,1.63,0.0,,,,,,T_80_U
ussr_is_3,78.0,51.39,0.43,0.78,2.1,3.59,275.0,62.14,0.0,0.0,3.41,2.35,0.0,,,,,,IS-3
us_m4_sherman,77.0,25.0,0.0,0.0,3.01,4.35,160.0,51.11,0.0,0.0,4.86,4.17,2.0,100.0,0.0,0.0,3.0,3.0,M4
ussr_t_55_am,72.0,34.44,0.0,0.0,0.88,0.86,473.0,52.52,0.0,0.0,2.18,2.06,5.0,,,0.0,,1.0,T-55AM-1
germ_nbfz_VI,73.0,100.0,0.0,0.0,3.98,7.87,0.0,,,,,,0.0,,,,,,Nb.Fz.
ussr_t_28,74.0,64.48,0.0,0.0,4.75,4.63,0.0,,,,,,0.0,,,,,,T-28
us_t25,73.0,100.0,0.0,0.0,8.45,6.73,90.0,96.0,0.0,0.0,3.96,2.17,27.0,,,,,,T25
ussr_t_34_1941_l_11,72.0,79.39,0.0,0.0,2.98,3.28,140.0,65.52,0.0,0.0,5.53,4.29,0.0,,,,,,T-34_(1940)
ussr_zsu_23_4m4,77.0,39.22,2.89,2.41,0.78,0.64,383.0,33.83,0.91,0.5,0.0,0.0,0.0,,,,,,ZSU-23-4M4
germ_pzh_2000,72.0,42.31,1.55,0.77,2.23,1.88,611.0,26.57,0.07,0.07,1.63,1.46,0.0,,,,,,PzH_2000
sw_pt_76b,68.0,50.0,0.0,0.0,1.26,1.12,244.0,38.39,0.0,0.0,1.03,0.74,0.0,,,,,,PT-76
yak-1_early,73.0,100.0,6.69,5.75,1.93,1.58,29.0,0.0,2.0,2.0,0.0,0.0,0.0,,,,,,Yak-1
mig_29smt_9_19,68.0,100.0,3.63,2.73,0.0,0.0,132.0,19.09,1.37,0.9,0.0,0.0,0.0,,,,,,MiG-29SMT
us_t1e1_90,70.0,53.33,0.0,0.0,2.21,4.27,185.0,41.28,0.0,0.0,3.1,2.31,0.0,,,,,,T1E1_(90)
su_34,64.0,84.38,5.94,4.9,1.63,1.54,388.0,58.93,0.49,0.47,0.93,0.91,54.0,,,1.66,,2.79,Су-34
thunderbolt_mk1,67.0,97.78,1.83,0.95,10.27,5.35,33.0,100.0,0.0,0.0,2.35,2.35,0.0,,,,,,Thunderbolt_Mk.1
sw_kv_1_1942_fin,66.0,82.22,0.31,0.55,3.61,5.04,31.0,100.0,0.0,0.0,6.73,5.94,0.0,,,,,,KV-1_m1942
spitfire_lf_mk9e_iaf,70.0,17.71,1.83,1.44,1.29,0.81,69.0,50.0,1.09,1.15,1.18,1.21,0.0,,,,,,Spitfire_Mk.IX_(CW)_(Israel)
sw_charioteer_mk_7,68.0,37.93,0.0,0.0,1.45,0.62,233.0,43.65,0.0,0.0,0.8,0.81,14.0,,,,,,Charioteer_Mk_VII
a6m2_mod11,68.0,91.21,8.34,8.71,0.0,0.0,0.0,,,,,,0.0,,,,,,A6M2_mod._11
fr_amd_35_sa35,69.0,50.0,0.0,0.0,1.87,1.84,4.0,,,0.0,,1.0,0.0,,,,,,AMD.35_(SA35)
germ_pzkpfw_IV_ausf_G,70.0,71.21,0.0,0.0,2.23,2.03,134.0,28.61,0.0,0.0,3.07,1.89,0.0,,,,,,Pz.IV_G
germ_le_kpz_m41,69.0,65.0,0.0,0.0,0.94,1.18,746.0,51.31,0.0,0.0,1.18,1.11,0.0,,,,,,leKPz_M41
fw-190d-9,65.0,30.0,4.02,4.44,0.26,0.26,248.0,50.61,0.56,0.55,0.61,0.6,4.0,,,,,,Fw_190_D-9
sw_a_34_comet,66.0,98.41,0.0,0.0,1.47,2.05,101.0,29.76,0.0,0.0,0.76,0.29,0.0,,,,,,Comet_I
it_c1_ariete_certezza,72.0,66.67,0.0,0.0,7.0,7.0,309.0,58.3,0.0,0.0,2.92,2.04,0.0,,,,,,Ariete_Сertezza
f4u-1a,69.0,73.67,1.6,1.83,1.27,1.32,95.0,50.0,0.86,1.48,1.61,2.95,0.0,,,,,,F4U-1A
ussr_t_62,64.0,50.0,0.0,0.0,2.34,3.36,257.0,30.84,0.0,0.0,4.1,2.13,0.0,,,,,,T-62
ussr_pzkpfw_V,64.0,100.0,0.0,0.0,9.12,8.2,97.0,51.9,0.0,0.0,2.14,2.32,0.0,,,,,,T-V
jp_sub_i_ii_20mm,62.0,83.33,1.98,2.64,3.62,4.8,751.0,66.36,0.49,0.51,1.65,1.6,0.0,,,,,,SUB-I-II
p-61c_1,64.0,79.9,1.09,0.84,4.3,3.16,26.0,100.0,0.0,0.78,1.0,1.56,0.0,,,,,,P-61C-1
fr_amx_50,65.0,82.69,0.0,0.0,3.06,3.71,286.0,81.08,0.0,0.0,3.13,3.23,71.0,44.44,0.0,0.0,1.5,1.85,AMX-50_(TOA100)
f6f-5n,67.0,100.0,2.5,1.73,1.66,1.03,87.0,86.0,0.76,0.38,3.77,1.82,0.0,,,,,,F6F-5N
sw_strv_122b_plss,67.0,100.0,0.0,0.0,5.38,9.76,218.0,45.71,0.0,0.0,4.29,2.6,0.0,,,,,,Strv_122B_PLSS
p-47d_ussr,63.0,71.88,1.72,1.62,3.55,3.23,91.0,63.69,0.2,0.25,1.62,1.62,0.0,,,,,,P-47D-27
la-9,63.0,50.0,7.04,4.24,0.0,0.28,62.0,45.65,1.15,2.33,0.0,0.0,0.0,,,,,,La-9
i_29,63.0,100.0,4.12,5.23,0.0,0.0,0.0,,,,,,0.0,,,,,,I-29
bf-109f-2,67.0,55.26,7.66,5.82,2.23,1.69,22.0,0.0,0.0,0.0,1.0,1.0,0.0,,,,,,Bf_109_F-2
germ_jgdpz_IV_L48,66.0,98.21,0.0,0.0,4.46,4.23,184.0,32.02,0.0,0.0,5.82,4.32,19.0,,,0.0,,1.0,Jagdpanzer_IV
uk_a27m_cromwell_5,69.0,74.0,0.0,0.0,4.1,5.16,46.0,100.0,0.0,0.0,8.83,4.05,0.0,,,,,,Cromwell_V
germ_pzkpfw_38t_Marder_III_ausf_H,62.0,33.33,0.0,0.0,1.76,1.83,42.0,30.3,0.0,0.0,1.07,1.64,0.0,,,,,,Marder_III_H
p-38j,61.0,9.09,1.55,0.63,1.0,0.78,0.0,,,,,,0.0,,,,,,P-38J-15
germ_flakpanzer_V_Coelian,65.0,50.0,0.07,0.29,2.82,1.77,672.0,64.81,0.86,0.73,3.63,3.07,8.0,0.0,1.0,,0.0,,Flakpanzer_341
ussr_su_85m,60.0,51.67,0.0,0.0,1.97,3.4,43.0,0.0,0.0,0.0,2.84,2.78,0.0,,,,,,SU-85M
il_merkava_mk_2b_early,64.0,59.62,0.0,0.0,2.42,3.69,285.0,63.17,0.0,0.0,3.18,2.91,0.0,,,,,,Merkava_Mk.2B
fa_18c_late,62.0,46.15,1.72,1.96,0.23,0.39,196.0,56.89,1.44,1.24,0.33,0.26,0.0,,,,,,F/A-18C_Late
jp_type_98_ke_ni,64.0,100.0,0.0,0.0,4.07,9.52,23.0,50.0,0.0,0.0,1.17,2.57,0.0,,,,,,Ke-Ni
la-5_type37_early,64.0,93.75,5.05,6.73,2.97,4.54,0.0,,,,,,0.0,,,,,,La-5
fr_sk105_a2,62.0,78.95,0.0,0.0,6.32,5.23,158.0,61.09,0.0,0.0,2.3,2.7,0.0,,,,,,SK-105A2
ussr_t_34_1941,64.0,100.0,0.0,0.0,4.17,4.88,57.0,50.0,0.0,0.0,3.0,3.11,0.0,,,,,,T-34_(1941)
germ_stug_III_ausf_G,60.0,45.45,0.0,0.0,2.0,1.61,294.0,37.56,0.0,0.0,1.69,1.6,0.0,,,,,,StuG_III_G
jp_type_16_mcv_prot,58.0,59.52,0.0,0.0,0.4,0.45,346.0,63.86,0.0,0.0,1.9,1.24,0.0,,,,,,Type_16_(P)
uk_sherman_II,63.0,100.0,0.0,0.0,3.94,3.93,88.0,66.4,0.0,0.0,3.93,2.95,0.0,,,,,,Sherman_II
ussr_t_90a,58.0,2.78,0.0,0.0,4.64,4.0,909.0,48.33,0.0,0.0,1.64,1.46,17.0,50.0,0.0,0.0,1.0,1.0,Т-90А
jp_halftrack_m16,61.0,40.0,1.8,4.5,0.2,0.5,26.0,100.0,1.0,0.27,0.0,0.0,0.0,,,,,,M16_MGMC
uk_challenger_1,62.0,64.29,0.29,0.1,4.75,2.91,489.0,50.05,0.0,0.0,2.42,1.61,0.0,,,,,,Challenger_Mk.2
yak-3p,57.0,66.67,4.12,4.18,0.0,0.0,223.0,58.96,2.83,3.55,0.84,1.1,55.0,100.0,2.67,1.1,0.0,0.0,Yak-3P
it_pzkpfw_IV_ausf_G,59.0,100.0,0.0,0.0,2.81,3.42,31.0,100.0,0.0,0.0,5.36,3.46,0.0,,,,,,Pz.IV_G
us_m4a3e2_sherman_jumbo,63.0,30.43,0.3,0.27,0.09,0.08,288.0,55.41,0.0,0.0,3.82,2.6,0.0,,,,,,M4A3E2
tornado_ids_de_mfg,61.0,69.64,0.34,0.26,5.61,4.74,0.0,,,,,,0.0,,,,,,◄Tornado_IDS_MFG
hellcat_fmk1,61.0,100.0,2.69,2.37,5.53,5.67,140.0,75.0,0.52,0.37,3.11,1.83,22.0,,,0.4,,1.33,Hellcat_Mk_II
germ_pzsflk40_sturer_emil,53.0,81.67,0.0,0.0,3.54,3.18,31.0,0.0,0.0,0.0,2.23,2.23,0.0,,,,,,Sturer_Emil
he-111h-16_winter,57.0,76.92,0.0,0.0,0.06,0.03,142.0,54.0,0.0,0.0,0.73,0.75,0.0,,,,,,He_111_H-16
pe-3,57.0,100.0,0.53,0.7,5.8,7.37,0.0,,,,,,0.0,,,,,,Pe-3
us_m36,59.0,77.78,0.0,0.0,4.5,3.04,422.0,41.34,0.0,0.0,2.25,1.62,0.0,,,,,,M36_GMC
us_m24_chaffee,59.0,68.18,0.0,0.0,1.66,2.97,547.0,60.64,0.0,0.0,3.17,1.9,0.0,,,,,,M24
us_m3a3_bradley,57.0,43.75,0.24,0.26,0.76,0.93,327.0,48.49,0.0,0.0,0.82,0.73,9.0,,,,,,M3A3_Bradley
it_41m_turan_2,54.0,100.0,0.0,0.0,8.58,4.98,30.0,,,0.0,,7.89,0.0,,,,,,Turan_II
cn_m1a2t,61.0,75.8,0.0,0.0,4.11,3.77,234.0,71.63,0.0,0.0,6.83,2.8,0.0,,,,,,M1A2T
us_m26e1_pershing,55.0,100.0,0.0,0.0,7.08,5.65,77.0,91.35,0.0,0.0,8.37,7.49,0.0,,,,,,M26E1
sw_strv121b_christian2,57.0,85.0,0.0,0.0,3.98,2.77,887.0,53.87,0.0,0.0,2.92,1.83,0.0,,,,,,Christian_II
il_magach_6b_gal_batash,59.0,51.92,0.0,0.0,1.84,1.79,99.0,100.0,0.0,0.0,5.26,3.58,0.0,,,,,,Gal_Batash
jp_type_61,56.0,28.89,0.0,0.0,2.22,2.48,265.0,60.13,0.0,0.0,3.97,1.97,0.0,,,,,,Type_61
sw_bt_42,56.0,54.94,0.0,0.0,2.17,2.48,53.0,50.0,0.0,0.0,1.64,1.62,0.0,,,,,,BT-42
jp_st_a1,56.0,26.11,0.0,0.0,0.93,1.07,102.0,100.0,0.0,0.0,6.22,2.17,0.0,,,,,,ST-A1
uk_a27m_cromwell_5_rp3,59.0,100.0,0.0,0.0,10.09,18.71,8.0,100.0,0.0,,2.38,,0.0,,,,,,Cromwell_V_(RP-3)
ussr_t_28_1938,56.0,35.0,0.0,0.0,2.25,2.46,2.0,,,0.0,,2.5,0.0,,,,,,T-28_(1938)
mig_23m,57.0,100.0,3.23,1.05,0.0,0.0,47.0,0.0,2.0,0.95,0.0,0.0,24.0,,,,,,MiG-23M
ussr_kv_220,55.0,100.0,0.0,0.0,8.53,8.53,143.0,79.52,0.0,0.0,9.32,4.24,0.0,,,,,,KV-220
spitfire_mk5b,55.0,100.0,5.25,6.6,0.24,0.19,13.0,,,,,,0.0,,,,,,Spitfire_Mk_Vb/trop
ussr_t_35,52.0,28.43,0.0,0.0,2.01,2.03,0.0,,,,,,0.0,,,,,,T-35
fr_amx_30_b2,53.0,96.3,0.0,0.0,3.28,3.0,210.0,73.63,0.0,0.0,3.03,2.08,0.0,,,,,,AMX-30B2
a6m3_zero,56.0,,,4.5,,0.0,23.0,,,,,,0.0,,,,,,A6M3
sw_pbil_m40,58.0,100.0,0.0,0.0,4.33,1.54,0.0,,,,,,0.0,,,,,,Pbil_m/40
fw-190f-8,57.0,100.0,5.0,3.31,2.32,1.52,90.0,54.76,0.57,0.67,2.02,1.92,7.0,,,1.0,,1.0,Fw_190_F-8
jp_type_5_na_to,54.0,40.0,0.2,0.11,1.0,1.11,104.0,66.67,0.0,0.0,5.54,4.32,0.0,,,,,,Na-To
av_8b_na,57.0,50.0,1.0,0.31,6.0,1.78,82.0,42.86,0.05,0.04,1.62,1.38,31.0,,,,,,AV-8B_(NA)
cn_m4a4_sherman_1st_ptg,57.0,98.96,0.0,0.0,4.97,5.01,25.0,100.0,0.0,0.0,2.54,2.43,0.0,,,,,,M4A4_(1st_PTG)_(China)
il-2m,55.0,90.79,1.26,1.51,4.15,5.04,7.0,100.0,1.0,1.0,2.0,2.0,5.0,,,1.0,,4.0,IL-2M_type_3
germ_t_34_747,48.0,68.24,0.0,0.0,3.77,7.07,41.0,,,0.0,,4.03,0.0,,,,,,T_34_747_(r)
ussr_su_152,52.0,82.74,0.0,0.0,2.3,2.55,127.0,36.17,0.0,0.0,1.01,1.11,0.0,,,,,,SU-152
p-47d_30_china,57.0,60.53,2.42,2.18,0.53,0.38,28.0,56.06,0.32,0.55,0.89,1.35,0.0,,,,,,P-47D-30_(China)
il_magach_7c,55.0,51.92,0.0,0.0,1.38,1.51,52.0,100.0,0.0,0.0,4.15,4.6,0.0,,,,,,Magach_7C
us_m41_walker_bulldog,50.0,3.53,0.0,0.0,2.11,1.88,531.0,66.0,0.0,0.0,2.1,1.25,0.0,,,,,,M41A1
lagg-3-8,49.0,86.11,6.0,5.45,0.47,0.48,0.0,,,,,,0.0,,,,,,LaGG-3-8
sw_strf_90c,57.0,48.24,0.35,0.54,2.79,4.01,236.0,34.32,0.03,0.03,1.65,1.54,0.0,,,,,,Strf_9040C
fr_m46_patton,51.0,78.03,0.0,0.0,3.13,3.91,21.0,73.08,0.0,0.0,4.69,5.23,0.0,,,,,,M46
cn_pgz_625_fb10,57.0,43.18,1.81,2.59,0.03,0.05,14.0,,,,,,0.0,,,,,,CS/SA5
il_8_1944,53.0,100.0,1.79,1.17,6.64,3.81,96.0,100.0,0.74,0.28,4.63,2.01,0.0,,,,,,IL-8_(1944)
p-47n-15,52.0,100.0,3.5,1.04,2.5,1.7,0.0,,,,,,0.0,,,,,,P-47N-15
ussr_su_100_1945,55.0,65.22,0.0,0.0,1.2,1.75,136.0,37.83,0.0,0.0,1.25,0.98,0.0,,,,,,SU-100
f-5e,56.0,46.53,1.04,1.08,0.0,0.0,169.0,51.93,1.78,1.37,0.45,0.32,0.0,,,,,,F-5E
tornado_f3,50.0,58.98,0.91,1.0,0.0,0.0,116.0,59.52,1.29,1.57,0.07,0.05,23.0,,,1.0,,0.0,Tornado_F.3
spitfire_mk14c,52.0,100.0,11.5,11.5,0.0,0.0,5.0,,,,,,0.0,,,,,,Spitfire_F_Mk_XIVc
mig-15,52.0,75.0,4.5,6.0,0.42,0.55,42.0,19.44,2.53,2.42,0.06,0.03,0.0,,,,,,MiG-15bis
f-4s,49.0,81.25,6.56,2.83,0.81,0.26,960.0,49.32,1.23,1.35,0.29,0.33,0.0,,,,,,F-4S_Phantom_II
uk_chieftain_mk_5,52.0,100.0,0.0,0.0,3.73,3.23,39.0,100.0,0.0,0.0,1.0,1.54,0.0,,,,,,Chieftain_Mk_5
b_239_finland,52.0,0.0,2.88,2.1,0.0,0.0,14.0,100.0,1.9,1.75,1.1,1.17,0.0,,,,,,B-239
germ_panzerjager_tiger_P_ferdinand,52.0,0.0,0.0,0.0,6.17,5.7,85.0,32.46,0.0,0.0,2.27,3.04,0.0,,,,,,Ferdinand
jp_type_3_ho_ni_I,52.0,100.0,0.0,0.0,4.55,6.42,0.0,,,,,,0.0,,,,,,Ho-Ni_I
ussr_t_28E,52.0,86.67,0.03,0.03,3.13,3.47,28.0,1.79,0.0,0.0,0.04,0.04,0.0,,,,,,T-28E
ussr_kv_2_zis_6,54.0,72.5,0.0,0.0,3.58,3.5,46.0,64.29,0.0,0.0,3.21,3.36,0.0,,,,,,KV-2_(ZiS-6)
mig_3_series_1_15_bk_pod,53.0,100.0,2.64,1.59,0.0,0.0,0.0,,,,,,0.0,,,,,,MiG-3-15_(BK)
ussr_kv_1_L_11,50.0,100.0,0.0,0.0,4.82,3.3,59.0,88.0,0.0,0.0,5.23,5.56,0.0,,,,,,KV-1_(L-11)
germ_pzkpfw_III_ausf_M,47.0,83.89,0.0,0.0,2.77,3.0,77.0,100.0,0.0,0.0,11.14,4.36,0.0,,,,,,Pz.III_M
jp_type_93,48.0,50.0,1.61,2.89,0.0,0.0,145.0,49.44,1.0,1.18,0.0,0.0,0.0,,,,,,Type_93
us_m44,53.0,47.5,0.0,0.0,0.9,1.25,109.0,0.0,0.0,0.0,4.63,2.47,0.0,,,,,,M44
germ_thyssen_henschel_tam_2ip,54.0,83.33,0.08,0.05,3.17,2.67,1830.0,43.52,0.0,0.0,1.77,1.33,0.0,,,,,,TAM_2IP
germ_jgdpz_38t,50.0,98.28,0.0,0.0,3.45,2.75,134.0,51.85,0.0,0.0,2.7,2.49,0.0,,,,,,Jagdpanzer_38(t)
tornado_ids_de_wtd61,50.0,63.1,0.66,0.66,6.32,6.32,140.0,38.18,0.66,0.49,0.57,0.43,0.0,,,,,,◄Tornado_IDS_WTD61
it_m26a1_pershing,52.0,83.33,0.0,0.0,3.17,4.83,74.0,42.59,0.0,0.0,2.33,1.79,0.0,,,,,,M26A1
us_m26_pershing,50.0,80.39,0.0,0.0,2.68,3.59,125.0,47.7,0.0,0.0,3.18,1.85,88.0,87.22,0.0,0.0,4.96,3.68,M26
ussr_m4a2_76w_sherman,45.0,100.0,0.0,0.0,6.64,6.64,227.0,58.44,0.0,0.0,3.84,2.99,0.0,,,,,,M4A2
b7a2_homare_23,47.0,100.0,1.96,1.85,7.09,6.73,28.0,100.0,3.79,1.22,4.89,0.0,23.0,,,,,,B7A2_(Homare_23)
i-153_m62_zhukovskiy,49.0,57.47,2.13,1.79,0.01,0.02,0.0,,,,,,0.0,,,,,,Zhukovsky's_I-153-M62
sea_fury_fb11,48.0,100.0,2.98,2.2,2.59,1.68,18.0,100.0,1.0,1.0,0.0,0.0,0.0,,,,,,Sea_Fury_FB_11
sw_strv_m31,47.0,100.0,0.0,,2.05,,6.0,50.0,0.0,0.0,1.0,2.0,0.0,,,,,,Strv_m/31
il_merkava_mk_1b,48.0,54.17,0.0,0.0,2.83,2.77,213.0,73.06,0.0,0.0,2.26,2.25,0.0,,,,,,Merkava_Mk.1B
fr_leopard_2a4nl_les,51.0,77.78,0.0,0.0,4.93,2.98,471.0,59.51,0.0,0.0,2.42,2.07,0.0,,,,,,Leopard_2_(OTCo)
f4u-1a_usmc,48.0,70.0,1.55,1.68,0.6,0.6,2.0,,,,,,0.0,,,,,,F4U-1A_(USMC)
fr_mars_15,45.0,70.0,0.0,0.0,1.7,1.7,103.0,71.61,0.0,0.0,1.83,1.81,0.0,,,,,,MARS_15
ussr_zsu_37_2,47.0,41.38,0.86,1.55,0.0,0.0,119.0,68.28,0.52,0.46,0.57,0.37,0.0,,,,,,ZSU-37-2
germ_kpz_t72m1,49.0,87.18,0.0,0.0,2.66,2.5,1064.0,42.18,0.0,0.0,2.04,1.67,0.0,,,,,,◊T-72M1
ki_44_2_hei_china,48.0,,,5.12,,0.04,22.0,100.0,2.53,4.0,0.03,0.17,4.0,,,,,,Ki-44-II_hei_(China)
ussr_t_64a_1971,53.0,36.67,0.0,0.0,2.77,2.21,900.0,48.24,0.0,0.0,2.57,1.9,36.0,100.0,0.0,0.0,4.69,3.3,T-64A_(1971)
ussr_2s19_m1,46.0,58.82,0.0,0.0,0.97,1.04,106.0,26.48,0.0,0.0,1.02,0.75,0.0,,,,,,2С19М1
tornado_ids_de_assta1,47.0,73.81,0.76,0.61,6.57,5.24,14.0,,,,,,0.0,,,,,,◄Tornado_IDS_ASSTA1
us_m26_t99,46.0,100.0,0.0,0.0,9.11,8.24,29.0,100.0,0.0,0.0,4.38,4.04,0.0,,,,,,M26_T99
germ_erprobungstrager_3_achs_turm,48.0,50.0,0.0,0.0,3.52,3.52,1323.0,42.29,0.0,0.0,2.75,1.58,0.0,,,,,,Turm_III
cn_mbt2000,46.0,50.0,0.0,0.0,3.1,3.38,249.0,44.97,0.0,0.0,2.22,1.8,10.0,,,0.0,,1.0,MBT-2000
germ_m44,46.0,100.0,0.0,0.0,2.93,3.02,73.0,46.91,0.0,0.0,0.92,0.87,0.0,,,,,,M44
us_m60_120s,45.0,100.0,0.0,0.0,2.0,1.33,353.0,50.02,0.0,0.0,2.36,1.99,0.0,,,,,,120S
f-82e,46.0,100.0,1.81,1.83,0.0,0.0,94.0,62.5,0.69,0.43,1.15,0.81,0.0,,,,,,F-82E
it_m26_ariete,50.0,75.0,0.0,0.0,3.3,4.3,11.0,100.0,0.0,0.0,5.25,5.25,0.0,,,,,,"M26_""D.C.Ariete"""
fw-190a-5_u2,42.0,76.92,3.38,4.86,1.62,0.79,36.0,0.0,0.1,0.18,0.77,1.45,0.0,,,,,,Fw_190_A-5/U2
yak-3u,42.0,19.7,2.81,1.79,0.0,0.0,121.0,91.11,5.0,11.62,1.08,2.24,0.0,,,,,,Yak-3U
ussr_m53_59,46.0,71.74,3.3,4.35,0.0,0.0,651.0,45.45,0.61,0.59,0.57,0.54,0.0,,,,,,M53/59
f_6c_pakistan,42.0,50.0,5.47,8.69,0.09,0.08,14.0,50.0,1.0,2.0,0.0,0.0,0.0,,,,,,F-6C
il_merkava_mk_1,47.0,50.0,0.0,0.0,3.78,2.71,203.0,54.0,0.0,0.0,4.42,2.79,0.0,,,,,,Merkava_Mk.1
ussr_zis_30,42.0,,,0.0,,2.36,4.0,0.0,0.0,0.0,3.0,1.5,0.0,,,,,,ZiS-30
ussr_t_80b,39.0,50.0,0.0,0.0,3.43,1.92,1129.0,52.69,0.0,0.0,1.74,1.57,6.0,50.0,0.0,0.0,1.0,2.0,T-80B
ussr_is_7,38.0,100.0,0.09,0.21,6.64,8.64,68.0,91.67,0.0,0.0,8.54,7.75,0.0,,,,,,IS-7
a-20g,41.0,100.0,0.47,0.4,5.73,5.03,0.0,,,,,,0.0,,,,,,A-20G-25
cn_m8_scott,44.0,100.0,0.0,0.0,3.53,5.46,4.0,,,0.0,,1.0,0.0,,,,,,M8_HMC_(China)
germ_kv_1B_finland,42.0,,,0.0,,8.52,38.0,95.0,0.0,0.0,9.82,9.65,0.0,,,,,,KV-IB
jp_st_a2,42.0,100.0,0.0,0.0,2.88,4.34,51.0,,,0.0,,1.53,0.0,,,,,,ST-A2
b_26b_c,41.0,100.0,0.0,0.0,3.0,3.18,26.0,0.0,0.0,0.0,0.0,0.04,0.0,,,,,,B-26B
spitfire_f24,43.0,100.0,2.85,2.85,4.4,4.4,88.0,100.0,3.26,3.63,4.56,5.58,0.0,,,,,,Spitfire_F_Mk_24
germ_marder_df_105,42.0,0.0,0.0,0.0,3.0,4.88,250.0,39.09,0.0,0.0,3.26,2.02,92.0,57.22,0.0,0.0,1.85,1.85,DF105
p-400,41.0,31.11,1.82,2.37,0.12,0.15,26.0,50.0,0.5,1.0,0.0,0.0,0.0,,,,,,P-400
fr_lorraine_40t,40.0,96.43,0.0,0.0,3.89,3.83,363.0,74.23,0.0,0.0,4.5,3.0,49.0,37.78,0.0,0.0,1.12,1.73,Lorraine_40t
b_25j_20,41.0,66.67,0.7,0.18,1.5,0.72,0.0,,,,,,0.0,,,,,,B-25J-20
cn_m18_hellcat,41.0,0.0,0.0,0.0,3.31,3.78,142.0,74.1,0.0,0.0,2.69,1.73,0.0,,,,,,M18_GMC_(China)
p-40e_ussr,41.0,90.0,5.0,4.42,0.83,0.75,0.0,,,,,,17.0,,,0.0,,0.06,P-40E-1
do_217e_2,40.0,100.0,0.0,0.0,8.0,3.5,17.0,,,0.0,,1.0,0.0,,,,,,Do_217_E-2
uk_challenger_2_megatron,43.0,0.0,0.0,0.0,8.0,5.33,1075.0,58.99,0.0,0.0,2.1,1.65,0.0,,,,,,Challenger_2_OES
uk_chieftain_mk_3,41.0,100.0,0.0,0.0,4.68,2.98,70.0,0.0,0.0,0.0,3.0,4.79,0.0,,,,,,Chieftain_Mk_3
fr_msc,44.0,50.0,0.0,0.0,2.0,1.89,506.0,42.27,0.0,0.0,1.4,1.43,0.0,,,,,,MSC
fa_18a_hug_2_raaf,42.0,50.0,1.59,2.43,0.0,0.0,0.0,,,,,,6.0,,,0.0,,0.0,AF/A-18A_Late
us_t30,40.0,50.0,0.5,0.62,3.06,4.62,22.0,50.0,0.0,0.0,1.06,3.11,0.0,,,,,,T30
fa_18c_early,44.0,74.67,1.79,1.77,0.0,0.0,983.0,51.21,0.78,0.91,0.31,0.37,24.0,,,0.91,,0.09,F/A-18C_Early
mig_29_9_12,40.0,51.96,1.82,1.74,0.0,0.0,44.0,100.0,1.0,0.42,0.0,0.0,0.0,,,,,,МиГ-29_(9-12)
germ_leopard_1a5,44.0,80.0,0.0,0.0,1.4,1.15,1310.0,42.15,0.0,0.0,1.44,1.22,16.0,76.67,0.0,0.0,2.4,2.4,Leopard_1A5
jp_m41_walker_bulldog,41.0,,,0.0,,0.13,570.0,54.61,0.1,0.1,2.72,3.02,0.0,,,,,,M41A1
sw_pbv_501,40.0,0.0,0.0,0.0,0.0,0.18,429.0,54.54,0.0,0.0,1.65,1.17,0.0,,,,,,Pbv_501
a_20g_30_ussr,40.0,100.0,0.16,0.09,7.71,6.44,58.0,18.42,0.16,0.1,1.18,0.97,28.0,100.0,1.0,0.5,0.0,0.0,A-20G-30
fr_char_2c_bis,39.0,62.5,0.0,0.0,2.5,5.5,5.0,50.0,0.0,0.0,0.5,1.0,0.0,,,,,,2C_bis
t2,39.0,98.04,9.94,9.94,0.86,0.91,77.0,58.76,1.5,1.69,0.6,0.69,4.0,,,2.0,,0.0,T-2
ussr_t_80,40.0,83.33,0.0,0.0,2.28,2.72,0.0,,,,,,0.0,,,,,,T-80
uk_a_22f_mk_7_churchill_1944,42.0,32.0,0.0,0.0,3.98,5.94,199.0,84.83,0.0,0.0,4.92,4.25,0.0,,,,,,Churchill_VII
cn_type_64,41.0,50.0,0.0,0.0,1.35,2.18,60.0,83.34,0.0,0.0,5.19,3.87,0.0,,,,,,M64
bv-155b-1,38.0,73.91,1.15,1.57,0.22,0.43,6.0,100.0,0.0,0.0,0.0,0.0,0.0,,,,,,BV_155_B-1
mb_326k,39.0,,,14.0,,0.0,387.0,87.05,1.92,2.05,3.27,3.61,0.0,,,,,,MB-326K
he_115a_2_sweden,41.0,100.0,0.0,0.0,13.02,15.06,0.0,,,,,,0.0,,,,,,T_2
la-15,39.0,50.0,4.0,8.0,0.5,1.0,38.0,64.1,2.18,2.1,0.35,0.5,0.0,,,,,,La-15
f_16a_block_20_mlu,40.0,75.0,6.69,6.69,2.0,2.0,10.0,0.0,0.0,0.0,0.0,0.0,0.0,,,,,,F-16A_MLU_(China)
germ_pzkpfw_IV_ausf_F,40.0,100.0,0.0,0.0,7.25,7.25,69.0,2.68,0.0,0.0,6.13,3.72,0.0,,,,,,Pz.IV_F1
bf-110f-2,40.0,89.47,2.94,3.37,1.17,1.24,0.0,,,,,,0.0,,,,,,Bf_110_F-2
fw-190a-5_cannons,40.0,89.47,2.79,2.76,1.84,1.23,9.0,,,1.0,,0.44,0.0,,,,,,Fw_190_A-5
sb2c_1c,37.0,100.0,0.0,,1.0,,0.0,,,,,,0.0,,,,,,SB2C-1C
germ_leopard_2a5_pso,40.0,73.89,0.0,0.0,1.65,2.13,911.0,46.09,0.0,0.0,1.61,1.52,0.0,,,,,,Leopard_2_PSO
ussr_is_2_1943,40.0,10.87,0.0,0.0,2.81,3.07,539.0,45.96,0.0,0.0,1.95,1.67,0.0,,,,,,IS-2
f_14b,38.0,0.0,1.0,1.0,0.0,0.0,269.0,48.88,0.91,1.1,0.19,0.21,11.0,,,,,,F-14B
us_m1a1_hc_abrams,40.0,100.0,0.0,0.0,5.58,5.58,491.0,55.75,0.0,0.0,1.94,1.43,0.0,,,,,,M1A1_HC
f_15c_golden_eagle,39.0,76.19,4.55,4.85,0.08,0.1,752.0,53.25,2.22,2.54,0.01,0.05,6.0,25.0,0.75,0.75,0.0,0.0,F-15C_Golden_Eagle
i-16_type17_china,38.0,,,2.02,,0.23,0.0,,,,,,0.0,,,,,,I-16_type_17_(China)
mig-21_bis,39.0,50.0,2.5,1.3,1.0,0.3,2.0,100.0,0.0,0.0,0.0,0.0,0.0,,,,,,MiG-21bis
uk_17_pdr_m10_achilles_norfolk_yeomanry,37.0,100.0,0.0,0.0,2.22,1.93,86.0,94.0,0.0,0.0,4.48,3.45,0.0,,,,,,Achilles_(65_Rg.)
f4u-4,38.0,100.0,2.0,1.77,0.0,0.0,307.0,60.25,0.33,0.24,1.25,0.86,0.0,,,,,,F4U-4
su-2_tss1,35.0,100.0,1.14,0.77,17.0,11.36,13.0,,,,,,0.0,,,,,,Su-2_TSS-1
beaufighter_mkx,35.0,100.0,3.0,2.61,4.0,3.65,16.0,,,0.0,,3.0,0.0,,,,,,Beaufighter_Mk_X
mig_3_series_1_15,34.0,100.0,7.0,3.0,1.0,0.5,0.0,,,,,,0.0,,,,,,MiG-3-15
fr_m26_pershing,40.0,57.14,0.79,0.68,2.5,2.35,177.0,59.13,0.0,0.0,2.5,1.74,48.0,100.0,0.0,0.0,1.41,1.24,M26
uk_vickers_mbt_mk_1,36.0,100.0,0.0,0.0,3.28,2.59,273.0,46.43,0.0,0.0,2.79,1.8,0.0,,,,,,Vickers_Mk.1
ussr_is_4m,38.0,100.0,0.0,0.0,3.0,3.1,204.0,49.52,0.0,0.0,2.36,2.85,0.0,,,,,,IS-4M
ussr_is_1_kit_3rank,36.0,,,0.0,,2.5,152.0,59.05,0.0,0.0,2.22,2.2,0.0,,,,,,ИС-1_('45)
ussr_zsu_23_4m2,38.0,50.0,0.69,1.38,0.42,0.85,184.0,35.53,0.92,1.15,0.2,0.28,0.0,,,,,,ЗСУ-23-4М2
jp_type_81_tansam,39.0,0.0,1.61,1.08,0.0,0.0,32.0,0.0,0.0,0.0,0.0,0.0,0.0,,,,,,Type_81_(C)
cn_vt_5,33.0,73.61,0.0,0.0,1.72,1.48,305.0,56.73,0.0,0.0,1.36,1.5,0.0,,,,,,VT5
mig_23mld,37.0,81.25,3.19,1.61,0.81,0.39,185.0,58.48,2.09,1.64,0.07,0.05,4.0,,,2.0,,0.0,MiG-23MLD
jp_m4a3e8_76w_sherman,35.0,75.0,0.04,0.08,3.5,5.0,216.0,73.55,0.02,0.02,4.82,3.5,0.0,,,,,,M4A3_(76)_W
spitfire_f22,36.0,100.0,2.18,2.18,7.15,7.15,36.0,50.0,0.06,0.05,0.94,0.95,0.0,,,,,,Spitfire_F_Mk_22
germ_pz_IV_L70,28.0,60.0,0.2,0.3,5.0,8.3,178.0,33.33,0.0,0.0,2.28,1.39,0.0,,,,,,Panzer_IV/70(V)
ki_61_2_early,36.0,,,1.0,,0.0,23.0,100.0,1.0,1.0,1.0,1.0,0.0,,,,,,Ki-61-II_Otsu_Kai
p-39n,35.0,86.67,2.6,3.29,0.43,0.76,10.0,0.0,2.0,1.6,2.0,2.0,0.0,,,,,,P-39N-0
mig_23ml,41.0,50.0,3.74,2.13,0.0,0.0,665.0,55.62,1.44,1.69,0.16,0.19,22.0,,,1.36,,0.0,MiG-23ML
jp_navy_120mm_spg,38.0,70.37,0.0,0.0,3.04,4.04,73.0,48.15,0.0,0.0,2.31,1.34,0.0,,,,,,Chi-Ha_LG
i_225,34.0,0.0,1.0,1.51,0.0,0.0,89.0,61.11,1.08,0.94,1.13,0.98,0.0,,,,,,I-225
ussr_2s38,36.0,50.0,1.03,1.96,0.78,1.6,2061.0,52.43,0.09,0.09,1.12,0.97,8.0,,,0.0,,0.0,2S38
jp_type_3_chi_nu,35.0,65.22,0.0,0.0,2.09,3.0,93.0,,,0.0,,2.62,0.0,,,,,,Chi-Nu
su-2_m82,34.0,100.0,1.7,1.08,7.55,4.63,0.0,,,,,,0.0,,,,,,Su-2_(M-82)
cn_t_26_1940,35.0,100.0,0.0,0.0,4.3,4.85,0.0,,,,,,0.0,,,,,,T-26_(China)
tempest_mkv,36.0,100.0,2.5,2.31,1.68,1.48,41.0,100.0,0.86,0.98,2.45,2.91,0.0,,,,,,Tempest_Mk_V
tempest_mk2,37.0,100.0,3.16,2.47,2.38,2.25,25.0,100.0,2.67,,0.5,,0.0,,,,,,Tempest_Mk_II
germ_panzerjager_1,36.0,100.0,0.0,0.0,4.79,2.58,27.0,,,0.0,,1.0,0.0,,,,,,Panzerjäger_I
mosquito_fb_mk6_ash_norway,37.0,,,1.0,,2.9,0.0,,,,,,0.0,,,,,,◢Mosquito_FB.Mk.VI_ASH
p-51d-20_china,35.0,100.0,1.09,1.34,0.0,0.0,12.0,50.0,0.0,0.0,1.0,0.67,0.0,,,,,,P-51D-20_(China)
saab_t18b_2,33.0,,,2.46,,2.04,0.0,,,,,,0.0,,,,,,T18B_(57)
uk_shir_2,37.0,40.0,0.0,0.0,2.65,3.86,140.0,77.41,0.0,0.0,4.85,4.02,0.0,,,,,,FV4030/3
it_m36b1,35.0,,,,,,37.0,,,0.0,,0.97,0.0,,,,,,M36B1
us_m60a1_rise_passive_era,35.0,23.08,0.0,0.0,0.77,0.34,308.0,58.86,0.0,0.0,2.57,2.16,0.0,,,,,,M60A1_RISE_(P)
uk_challenger_2e,38.0,80.95,0.0,0.0,3.57,3.57,205.0,56.87,0.0,0.0,2.82,1.66,0.0,,,,,,Challenger_2E
ussr_object_279,37.0,100.0,0.0,0.0,9.23,5.38,277.0,64.57,0.0,0.0,8.45,6.18,8.0,,,0.0,,2.0,Object_279
typhoon_mk1b,31.0,,,,,,57.0,77.78,1.03,1.03,2.72,2.33,0.0,,,,,,Typhoon_Mk_Ib
tis_ma,33.0,56.67,0.9,1.0,4.17,4.88,118.0,70.5,0.29,0.2,7.22,6.46,14.0,,,0.0,,1.54,TIS_MA
mosquito_fb_mk6,34.0,100.0,1.63,1.63,1.8,1.8,0.0,,,,,,0.0,,,,,,Mosquito_FB_Mk_VI
firebrand_tf4,33.0,100.0,1.03,1.0,3.03,2.97,28.0,100.0,0.0,0.0,1.77,1.77,0.0,,,,,,Firebrand_TF_Mk_IV
ussr_btr_zd,36.0,50.0,2.0,4.0,0.35,0.71,379.0,54.5,0.86,0.49,1.35,0.83,0.0,,,,,,BTR-ZD
germ_sdkfz_6_2_flak36,36.0,0.0,2.0,2.0,0.0,0.0,1.0,,,,,,14.0,50.0,1.0,1.0,0.5,0.5,Sd.Kfz._6/2
mb_157,34.0,50.0,6.43,7.93,0.5,0.25,130.0,74.95,2.92,11.71,0.44,2.08,0.0,,,,,,M.B.157
me-410a-1,34.0,100.0,0.13,0.13,5.19,5.19,35.0,46.15,0.0,0.0,1.19,2.07,0.0,,,,,,Me_410_A-1
us_t26e5,36.0,100.0,0.0,0.0,2.71,4.31,949.0,69.96,0.0,0.0,4.66,4.38,0.0,,,,,,T26E5
p-36c,34.0,,,1.6,,0.0,0.0,,,,,,0.0,,,,,,P-36C
harrier_frs1,30.0,22.73,1.64,0.84,0.5,0.25,4.0,50.0,0.5,1.0,0.0,0.0,0.0,,,,,,Sea_Harrier_FRS.1
fr_amx_elc_901,32.0,56.25,0.0,0.0,1.25,1.06,132.0,91.32,0.0,0.0,6.0,2.01,0.0,,,,,,ELC_901
ussr_t_72b3_arena,31.0,23.96,0.0,0.0,0.78,1.25,773.0,45.83,0.0,0.0,2.47,1.5,22.0,,,0.0,,1.0,"Т-72Б3_""Арена"""
sw_sav_m43_1944,36.0,0.0,0.0,0.0,1.0,1.0,0.0,,,,,,0.0,,,,,,Sav_m/43_(1944)
germ_flakpanzer_IV_Wirbelwind,34.0,100.0,0.96,1.0,0.0,0.0,587.0,43.01,1.21,1.36,0.3,0.32,0.0,,,,,,Wirbelwind
alpha_jet_th_phase_1,31.0,66.67,0.8,5.6,4.0,0.31,147.0,54.56,0.32,0.46,1.11,1.51,0.0,,,,,,Alpha_Jet_TH
bf-109g-2,35.0,89.47,4.39,4.55,1.79,1.71,79.0,100.0,1.17,1.57,0.33,1.0,0.0,,,,,,Bf_109_G-2/trop
f_16a_block_15_adf,32.0,63.33,5.5,5.5,0.37,0.37,95.0,65.0,2.3,1.83,0.0,0.0,6.0,,,,,,F-16A_ADF
germ_panzerjager_tiger,36.0,100.0,0.0,0.0,5.64,2.95,285.0,45.63,0.0,0.0,2.99,2.81,0.0,,,,,,Jagdtiger
it_semovente_m41m_90,32.0,,,0.0,,3.73,156.0,60.11,0.0,0.0,3.76,3.68,0.0,,,,,,90/53_M41M
p-63c-5,31.0,30.0,2.4,1.04,0.0,2.27,92.0,64.29,1.21,1.4,1.04,1.06,0.0,,,,,,P-63C-5
ussr_t_72b3_arena_m,31.0,53.13,0.0,0.0,1.0,1.94,707.0,48.21,0.0,0.0,1.42,1.47,0.0,,,,,,Т-72Б3А
us_xm1_gm,34.0,100.0,0.0,0.0,2.0,2.62,863.0,55.93,0.0,0.0,2.5,1.84,0.0,,,,,,XM1_(GM)
us_m22_locust,35.0,67.95,0.0,0.0,1.94,1.72,55.0,72.5,0.0,0.0,1.13,0.65,0.0,,,,,,M22
jp_btr_3e1,31.0,31.58,0.0,0.0,0.32,0.32,250.0,72.46,0.0,0.0,1.46,1.0,0.0,,,,,,BTR-3E1
douglas_ad_4_france,32.0,100.0,1.0,0.83,4.0,2.1,21.0,33.33,1.33,1.0,5.0,5.62,0.0,,,,,,AD-4
me-262a-1a_u4,29.0,54.55,3.36,5.92,1.09,2.0,516.0,58.91,0.24,0.25,1.98,2.02,0.0,,,,,,Me_262_A-1/U4
ussr_su_122_54,34.0,50.0,0.0,0.0,2.76,2.76,189.0,64.57,0.0,0.0,4.34,2.0,0.0,,,,,,SU-122-54
me-410b-1,32.0,100.0,1.0,0.5,3.94,1.97,0.0,,,,,,0.0,,,,,,Me_410_B-1
lagg-i-301,34.0,,,,,,0.0,,,,,,0.0,,,,,,I-301
cn_m4a1_76w_sherman,30.0,100.0,0.0,0.0,2.15,2.19,41.0,,,0.0,,8.0,0.0,,,,,,M4A1_(75)_W_(China)
p-51k,32.0,84.21,1.45,1.77,0.0,0.0,5.0,,,,,,0.0,,,,,,P-51K_(China)
ussr_2s19_m2,33.0,50.0,0.0,0.0,0.5,0.5,71.0,27.0,0.0,0.0,1.51,1.43,0.0,,,,,,2С19М2
us_rdf_lt,33.0,50.0,0.0,0.0,1.5,1.71,740.0,63.78,0.11,0.09,1.93,1.34,0.0,,,,,,RDF/LT
us_m19,33.0,63.64,0.64,0.91,0.95,1.27,108.0,40.47,0.39,0.12,0.83,0.7,0.0,,,,,,M19A1
fr_arl_44,32.0,100.0,0.0,0.0,3.0,1.12,240.0,54.18,0.0,0.0,1.91,1.59,0.0,,,,,,ARL-44
p-38l,31.0,100.0,1.0,0.17,0.0,0.0,17.0,100.0,2.0,2.0,0.0,0.0,0.0,,,,,,P-38L-5-LO
ussr_zsu_23_4,32.0,0.0,0.62,0.45,0.0,0.0,123.0,6.61,0.3,0.44,0.0,0.01,0.0,,,,,,ZSU-23-4
bf-109e-4,31.0,,,2.71,,1.0,32.0,100.0,0.09,,0.0,,0.0,,,,,,Bf_109_E-4
f_14a_iriaf,30.0,100.0,6.0,4.69,0.38,0.19,345.0,60.34,2.72,2.04,0.04,0.04,0.0,,,,,,F-14A_IRIAF
ussr_kv_2_1939,33.0,100.0,0.0,0.0,5.16,3.71,73.0,67.22,0.0,0.0,2.62,3.28,0.0,,,,,,KV-2_(1939)
fr_panhard_ebr_1954,30.0,56.25,0.0,0.0,2.44,2.44,66.0,100.0,0.0,0.0,6.6,4.6,0.0,,,,,,E.B.R._(1954)
us_m4a3e2_76w_sherman_jumbo,31.0,100.0,0.0,0.0,6.07,5.27,819.0,70.95,0.06,0.01,4.51,3.41,0.0,,,,,,M4A3E2_(76)_W
f_15e,32.0,33.33,1.67,0.88,2.67,1.13,622.0,61.19,0.77,1.01,1.8,2.36,2.0,,,1.0,,1.0,F-15E
mosquito_fb_mk26_china,30.0,50.0,1.0,2.0,0.23,0.45,16.0,75.0,0.15,0.17,1.05,1.33,0.0,,,,,,Mosquito_FB.Mk.26
harrier_t10,27.0,42.43,0.92,0.97,1.05,1.35,73.0,54.06,0.13,0.17,1.51,2.59,0.0,,,,,,Harrier_T.10
i-16_type27,31.0,,,2.65,,0.46,22.0,,,,,,0.0,,,,,,I-16_type_27
btd-1,31.0,27.78,0.72,0.95,1.0,2.95,13.0,100.0,0.0,0.0,5.75,10.0,0.0,,,,,,BTD-1
us_t92,32.0,66.67,0.3,0.19,1.0,0.64,371.0,50.36,0.0,0.0,1.06,0.82,0.0,,,,,,T92
pe-8_m82,30.0,100.0,0.0,0.0,1.67,1.41,27.0,100.0,0.0,0.0,0.0,0.0,0.0,,,,,,Pe-8
ussr_bmp_3,33.0,50.0,0.0,0.0,0.0,0.25,1230.0,50.41,0.0,0.0,1.71,1.37,48.0,70.59,0.0,0.0,0.88,0.39,BMP-3
it_as_42_47,30.0,100.0,0.0,0.0,3.0,2.15,0.0,,,,,,0.0,,,,,,AS_42/47
germ_leopard_2a4m_can,28.0,50.0,0.0,0.0,3.5,3.5,1409.0,44.77,0.0,0.0,1.43,1.18,0.0,,,,,,Leopard_2A4M
mosquito_tr_mk33,30.0,100.0,1.0,1.0,1.47,1.13,0.0,,,,,,0.0,,,,,,Mosquito_TR.Mk.33
il_2_1941,30.0,100.0,1.31,1.25,1.62,2.25,16.0,,,1.0,,2.0,0.0,,,,,,IL-2_(1941)
germ_sturmpanzer_IV_brummbar,31.0,100.0,0.0,0.0,3.0,2.67,39.0,100.0,0.0,0.0,1.69,1.21,0.0,,,,,,Brummbär
sm_92,30.0,,,1.8,,0.6,10.0,80.0,0.0,0.0,0.0,0.0,0.0,,,,,,SM.92
mosquito_nf_mk2,30.0,100.0,2.67,1.89,0.0,0.0,3.0,100.0,5.0,,0.0,,0.0,,,,,,Mosquito_NF.Mk.II
a6m3_mod22_zero,33.0,75.0,4.0,2.27,0.0,0.0,13.0,89.52,1.97,2.14,0.36,0.37,0.0,,,,,,A6M3_mod._22
germ_flakpanzer_IV_Kugelblitz,29.0,,,1.0,,0.0,249.0,41.83,0.98,1.16,0.69,0.83,0.0,,,,,,Kugelblitz
saab_jas39c_south_africa,31.0,50.0,1.0,2.0,0.0,0.0,143.0,51.35,1.43,1.83,0.09,0.11,0.0,,,,,,JAS39C
p-39n_su,29.0,50.0,2.23,4.46,0.0,0.0,4.0,,,1.0,,0.0,0.0,,,,,,Pokryshkin's_P-39N-0
firefly_mk4_netherlands,30.0,100.0,3.71,1.83,3.0,1.4,15.0,50.0,0.1,0.2,0.4,0.8,0.0,,,,,,◘Firefly_F.Mk.IV
us_t95e1,32.0,100.0,0.0,0.0,4.92,3.02,328.0,65.68,0.0,0.0,2.41,2.03,0.0,,,,,,T95E1
fr_m4a1_sherman,29.0,17.65,0.0,0.0,0.22,0.47,41.0,70.83,0.0,0.0,1.93,2.22,0.0,,,,,,M4A1
su_27,27.0,81.25,0.56,0.18,0.19,0.14,450.0,55.3,1.83,2.23,0.0,0.0,0.0,,,,,,Su-27
j_7e,25.0,66.67,11.0,33.0,0.7,2.0,0.0,,,,,,0.0,,,,,,J-7E
uk_a_43_black_prince,27.0,100.0,0.0,0.0,4.0,4.0,27.0,95.83,0.0,0.0,5.83,4.59,0.0,,,,,,Black_Prince
yak-1b_luftwaffe,31.0,100.0,7.5,3.9,1.0,0.2,25.0,50.0,2.25,3.17,0.25,0.5,0.0,,,,,,Yak-1B
sw_leopard_2a6nl,28.0,100.0,0.0,0.0,2.96,3.81,8.0,0.0,0.0,0.0,1.83,2.06,0.0,,,,,,Leopard_2A6
lagg-3-11,26.0,100.0,3.33,4.23,0.56,0.38,0.0,,,,,,0.0,,,,,,LaGG-3-11
ki_10_1,29.0,,,,,,0.0,,,,,,0.0,,,,,,Ki-10-I
pe-3_early,30.0,100.0,0.67,0.78,2.11,2.44,4.0,,,,,,0.0,,,,,,Pe-3_(e)
spitfiremkii,29.0,100.0,6.71,6.71,0.29,0.29,19.0,100.0,1.5,1.5,0.0,0.0,0.0,,,,,,Spitfire_Mk_IIb
uk_as_90_mk_2,26.0,,,2.0,,1.92,86.0,79.31,0.79,0.64,6.28,4.99,0.0,,,,,,AS90
il_centurion_shot_kal_d,30.0,52.63,0.0,0.0,2.47,2.38,83.0,79.63,0.0,0.0,3.31,1.8,0.0,,,,,,Sho't_Kal_Dalet
p-51d-30_usaaf_korea,30.0,100.0,2.19,2.28,0.46,0.41,45.0,55.77,0.87,1.48,0.85,1.48,85.0,100.0,10.5,3.5,0.0,0.0,P-51D-30
fr_marder_df_105,27.0,50.0,0.0,0.0,1.06,1.3,115.0,59.2,0.0,0.0,2.78,2.92,0.0,,,,,,DF105
ussr_su_85_1943,28.0,100.0,0.0,0.0,2.21,1.7,51.0,50.0,0.0,0.0,1.73,2.0,0.0,,,,,,SU-85
ussr_it_1,31.0,48.72,0.0,0.0,0.52,1.0,140.0,61.45,0.0,0.0,2.34,2.59,0.0,,,,,,IT-1
jp_type_87,27.0,12.5,0.88,1.0,0.0,0.0,426.0,38.61,0.21,0.1,1.89,0.88,0.0,,,,,,Type_87
a_10a_late,27.0,100.0,2.89,2.16,7.17,5.08,196.0,93.31,0.95,0.45,8.25,3.5,21.0,0.0,0.0,0.0,3.0,1.63,A-10A_Late
douglas_ad_2,29.0,100.0,1.82,1.59,2.64,2.31,18.0,100.0,0.0,0.0,1.77,1.77,0.0,,,,,,AD-2
germ_kv_2_754r,30.0,50.0,0.0,0.0,2.53,5.07,21.0,,,0.0,,3.16,0.0,,,,,,KW_II_754_(r)
fw-190a-8,27.0,100.0,2.8,1.59,6.0,2.35,7.0,,,,,,0.0,,,,,,Fw_190_A-8
germ_kv_1_kwk_40,26.0,54.55,0.0,0.0,6.41,5.5,237.0,71.93,0.0,0.0,10.59,4.14,0.0,,,,,,KW_I_C_756_(r)
cn_ztl_11,28.0,,,0.0,,1.43,72.0,50.0,0.0,0.0,1.67,1.23,0.0,,,,,,ZLT11
su_25k,30.0,,,1.0,,0.36,728.0,56.85,0.57,0.67,1.66,1.94,0.0,,,,,,Su-25K
uk_rooikat_za_35,30.0,,,1.0,,1.0,191.0,45.61,0.06,0.04,4.49,1.74,0.0,,,,,,ZA-35
us_m3_stuart,28.0,,,,,,8.0,,,0.0,,0.13,0.0,,,,,,M3_Stuart
it_p_26_40,28.0,100.0,0.0,0.0,2.35,2.41,147.0,74.5,0.0,0.0,7.23,10.03,0.0,,,,,,"P40_""G.C._Leoncello"""
germ_mkpz_m48a2c,27.0,50.0,0.0,0.0,0.71,1.5,332.0,21.6,0.0,0.0,1.64,1.07,64.0,36.67,0.0,0.0,1.2,1.53,M48A2_C
germ_radpanzer_90,27.0,50.0,0.0,0.0,1.0,1.06,364.0,63.32,0.0,0.0,3.35,1.83,0.0,,,,,,Radkampfwagen_90
ussr_asu_57,26.0,,,0.0,,0.0,143.0,48.41,0.0,0.0,1.45,0.83,0.0,,,,,,ASU-57
beaufighter_mk21,27.0,100.0,0.69,0.85,5.46,5.22,0.0,,,,,,0.0,,,,,,Beaufighter_Mk_21
sw_ikv_73,25.0,,,0.0,,4.18,13.0,,,0.0,,4.43,0.0,,,,,,Ikv_73
cn_m8_greyhound,26.0,100.0,0.0,0.0,6.05,6.05,17.0,,,0.0,,1.63,0.0,,,,,,M8_LAC_(China)
germ_marder_clovis,25.0,50.0,0.0,0.0,3.02,6.03,61.0,30.43,0.0,0.0,2.93,2.5,0.0,,,,,,CLOVIS
lagg-3-35,28.0,100.0,6.6,,1.5,,0.0,,,,,,0.0,,,,,,LaGG-3-35
pe-3_bis,27.0,87.04,0.16,1.0,3.03,6.71,4.0,,,,,,0.0,,,,,,Pe-3bis
us_t18_e2,27.0,100.0,0.0,,2.0,,10.0,100.0,0.0,0.0,5.8,5.8,0.0,,,,,,T18E2
il_2_m82,26.0,100.0,1.31,1.31,2.12,2.12,9.0,6.25,0.94,1.0,0.94,1.0,0.0,,,,,,IL-2_M-82
f_15a,27.0,0.0,1.0,1.12,2.0,1.0,106.0,47.67,1.2,0.97,0.02,0.02,0.0,,,,,,F-15A
p-47d_30_italy,28.0,0.0,1.0,1.0,1.0,0.5,114.0,100.0,0.0,0.05,2.53,1.6,45.0,50.0,0.5,0.82,0.5,0.82,P-47D-30
mig-21_bison,25.0,50.0,1.5,1.89,0.0,0.0,221.0,52.33,0.97,1.67,0.02,0.04,19.0,,,,,,MiG-21_Bison
sb2c_5_thailand,26.0,100.0,0.35,0.35,2.26,2.26,95.0,60.0,1.32,1.18,4.7,4.18,0.0,,,,,,SB2C-5
it_2s1,26.0,,,0.0,,1.44,64.0,90.91,0.0,0.0,0.45,0.58,0.0,,,,,,◔2S1
p-51b_7_sweden,27.0,,,1.83,,0.0,29.0,100.0,0.53,0.5,0.87,0.88,0.0,,,,,,J26_David
bf-109f-4_usa,31.0,50.0,4.0,3.38,0.0,0.0,4.0,,,,,,11.0,,,1.0,,0.0,Bf_109_F-4
harrier_gr1,22.0,83.33,0.91,0.84,0.61,0.49,63.0,50.0,0.24,0.41,1.02,1.16,0.0,,,,,,Harrier_GR.1
cn_vt_4b,32.0,46.67,0.0,0.0,1.52,1.79,86.0,96.15,0.0,0.0,3.52,2.06,0.0,,,,,,VT4A1
sw_cv_90105,30.0,50.0,0.0,0.0,1.67,1.25,438.0,50.25,0.0,0.0,1.83,1.24,0.0,,,,,,CV_90105_TML
f_20a,25.0,,,1.19,,0.19,153.0,63.82,0.74,1.1,0.24,0.35,2.0,,,0.0,,1.0,F-20A
il_aml_90,28.0,,,0.0,,0.23,150.0,35.83,0.0,0.0,1.37,0.83,0.0,,,,,,AML-90_(Israel)
us_m10,26.0,,,0.0,,0.54,52.0,56.67,0.0,0.0,1.73,1.4,0.0,,,,,,M10_GMC
tu-2_postwar_late,28.0,50.0,0.0,0.0,2.1,1.47,77.0,89.3,0.66,0.81,4.61,6.08,0.0,,,,,,Tu-2S-59
su-6_m71,25.0,66.67,0.3,0.95,4.17,5.0,74.0,67.5,0.92,0.77,2.44,1.96,0.0,,,,,,Su-6_(M-71F)
ki_44_1_ep,24.0,,,1.29,,0.0,17.0,,,0.0,,0.0,0.0,,,,,,Ki-44-I_34
i-153_m62,25.0,50.0,4.33,4.05,0.0,0.0,0.0,,,,,,0.0,,,,,,I-153_M-62
saab_b18b,24.0,100.0,0.0,,6.75,,16.0,,,,,,0.0,,,,,,B18B
pv_2d,26.0,50.0,0.5,0.5,3.5,3.5,115.0,43.94,0.86,0.87,3.47,3.54,0.0,,,,,,PV-2D
cn_ztz_96,25.0,,,0.0,,3.14,493.0,60.12,0.0,0.0,4.05,2.61,0.0,,,,,,ZTZ96
p-63c-5_ussr,26.0,50.0,1.96,1.96,0.0,0.0,31.0,100.0,1.89,1.05,4.44,2.95,0.0,,,,,,P-63C-5
p-36g,26.0,100.0,3.0,1.92,1.44,0.65,0.0,,,,,,0.0,,,,,,P-36G
p-63a-5_ussr,26.0,50.0,1.77,1.77,0.54,0.54,205.0,61.95,2.35,1.43,3.54,2.24,0.0,,,,,,P-63A-5
f-84f,20.0,61.11,1.27,1.27,0.0,0.0,79.0,44.96,0.14,0.22,0.7,0.9,0.0,,,,,,F-84F
us_t34,27.0,0.0,0.0,0.0,3.0,1.17,640.0,54.21,0.0,0.0,3.73,1.79,0.0,,,,,,T34
il_amx_13_75,28.0,50.0,0.0,0.0,0.67,1.33,254.0,48.45,0.0,0.0,2.55,1.59,0.0,,,,,,AMX-13_(Israel)
il_magach_6c,26.0,,,0.0,,0.0,0.0,,,,,,0.0,,,,,,Magach_6C
cn_m41_a3_walker_bulldog,26.0,50.0,0.0,0.0,0.46,0.92,49.0,33.33,0.0,0.0,3.27,3.83,0.0,,,,,,M41A3_(China)
germ_panzerjager_tiger_P_elefant,24.0,100.0,0.0,0.0,6.14,7.0,14.0,,,0.0,,6.83,0.0,,,,,,Elefant
uk_m3_stuart,26.0,,,0.0,,2.0,27.0,,,0.0,,0.0,0.0,,,,,,Stuart_I
us_m2a4,27.0,100.0,0.3,1.0,4.01,10.5,37.0,,,0.0,,7.7,0.0,,,,,,M2A4
it_leopard_bofors,26.0,0.0,1.0,1.0,0.81,0.81,127.0,85.83,0.25,0.14,2.6,1.25,0.0,,,,,,Leopard_40/70
uk_marmon_herrington_mk_6_2pdr,26.0,,,,,,35.0,100.0,0.0,0.0,1.17,0.46,0.0,,,,,,SARC_MkVI_(2pdr)
su_25,24.0,100.0,1.0,1.0,1.0,1.21,193.0,52.75,0.67,0.68,1.0,1.06,51.0,,,0.0,,0.0,Su-25
uk_centurion_mk_10,25.0,,,,,,148.0,58.44,0.0,0.0,1.81,1.87,0.0,,,,,,Centurion_Mk_10
he_112b_0,25.0,,,1.0,,0.08,1.0,,,0.0,,0.0,0.0,,,,,,He_112_B-0
sw_strv_101,24.0,0.0,0.0,0.0,1.25,1.04,285.0,35.88,0.0,0.0,1.32,1.03,0.0,,,,,,Strv_101
p-51c-10-nt,23.0,,,3.78,,0.0,68.0,55.77,0.67,1.07,0.6,1.0,0.0,,,,,,P-51C-10
jp_m44,24.0,100.0,0.0,0.0,1.23,1.23,85.0,33.89,0.0,0.0,0.81,1.15,0.0,,,,,,M44
bf-110g-2,23.0,,,1.16,,2.11,18.0,,,1.0,,1.28,0.0,,,,,,Bf_110_G-2
spitfire_mk5c,24.0,100.0,2.0,2.0,1.5,1.5,59.0,,,,,,38.0,,,3.29,,0.0,Spitfire_Mk_Vc/trop
su_22m4,25.0,60.71,0.61,1.0,1.61,2.79,28.0,50.0,0.0,0.0,0.5,1.0,10.0,,,0.17,,1.33,◊Su-22M4
us_m1_abrams,23.0,100.0,0.0,0.0,2.21,2.21,1672.0,52.47,0.0,0.0,2.42,1.86,0.0,,,,,,M1_Abrams
us_m3a1_stuart,24.0,,,,,,8.0,,,0.0,,1.0,0.0,,,,,,M3A1_Stuart
mosquito_f_mk2_norway,25.0,,,,,,0.0,,,,,,0.0,,,,,,◢Mosquito_F.Mk.II
it_stug_III_ausf_G,23.0,100.0,0.0,0.0,1.67,1.67,37.0,100.0,0.0,0.0,3.56,3.05,0.0,,,,,,StuG_III_G
sw_pvkv_m43_1946,23.0,,,,,,55.0,17.65,0.0,0.0,0.79,0.59,0.0,,,,,,Pvkv_m/43_(1946)
a6m2_zero,24.0,100.0,3.0,3.0,0.0,0.0,0.0,,,,,,9.0,,,,,,A6M2
uk_concept3_ngac,23.0,50.0,0.0,0.0,0.5,0.5,151.0,78.06,0.0,0.0,2.43,1.51,0.0,,,,,,Concept_3
su_33,23.0,66.67,1.0,0.12,0.0,0.0,718.0,48.32,1.62,1.27,0.16,0.15,33.0,100.0,2.0,1.74,0.0,0.0,Су-33
jp_type_74,22.0,0.0,0.0,0.0,1.5,1.25,468.0,57.42,0.0,0.0,2.57,2.13,0.0,,,,,,Type_74_(E)
germ_sdkfz_251_9,26.0,100.0,0.0,0.0,4.66,5.84,0.0,,,,,,0.0,,,,,,Sd.Kfz.251/9
ussr_kv_2_1940,27.0,100.0,0.75,0.62,5.25,4.24,0.0,,,,,,0.0,,,,,,KV-2_(1940)
ussr_kv_7_u13,25.0,100.0,0.0,0.0,4.46,4.46,41.0,9.38,0.0,0.0,4.84,3.08,0.0,,,,,,KV-7_(U-13)
ussr_t_34_1941_cast_turret,24.0,100.0,0.0,0.0,2.21,6.0,55.0,50.0,0.0,0.0,2.0,2.5,0.0,,,,,,T-34_(1st_Gv.T.Br.)
p-63a-10_ussr,23.0,,,2.0,,0.0,86.0,98.57,0.26,0.3,2.81,3.0,0.0,,,,,,P-63A-10
bf-109g-10,22.0,100.0,1.1,0.4,0.4,2.0,0.0,,,,,,13.0,,,1.23,,0.0,Bf_109_G-10
p-38j_marge,23.0,100.0,1.0,1.46,1.0,1.46,0.0,,,,,,0.0,,,,,,Bong's_P-38J-15
vg_33,23.0,100.0,6.0,6.0,0.0,0.0,0.0,,,,,,0.0,,,,,,V.G.33C-1
spitfire_ix_early,24.0,100.0,7.47,5.95,0.0,0.0,223.0,73.25,2.27,2.26,1.26,1.34,0.0,,,,,,Spitfire_F_Mk_IX
cn_hq_17,22.0,46.88,0.66,1.0,0.0,0.0,51.0,,,,,,0.0,,,,,,HQ17
us_m60,23.0,0.0,0.0,0.0,1.35,1.35,101.0,62.03,0.0,0.0,1.12,1.22,0.0,,,,,,M60
germ_wiesel_1_mk20,24.0,100.0,1.0,1.0,0.0,0.0,821.0,38.78,0.08,0.07,0.79,0.69,3.0,,,,,,Wiesel_1A4
us_m48a1_patton_III,23.0,0.0,0.0,0.0,0.0,0.0,93.0,52.27,0.0,0.0,1.27,1.03,0.0,,,,,,M48A1
uk_challenger_1_mk_3_gulf,24.0,100.0,0.0,0.0,8.25,8.25,689.0,74.43,0.0,0.0,4.61,2.51,0.0,,,,,,Challenger_DS
sw_lvkv_90c,24.0,50.0,1.09,2.18,1.71,3.41,156.0,28.87,0.62,0.83,0.64,0.75,0.0,,,,,,Lvkv_9040C
germ_ru251,24.0,100.0,0.0,0.0,7.0,7.0,189.0,51.9,0.0,0.0,4.83,3.81,0.0,,,,,,Ru_251
cn_al_khalid_1,20.0,50.0,0.0,0.0,2.0,2.0,1239.0,55.7,0.0,0.0,1.76,1.44,0.0,,,,,,Al-Khalid-I
bf-109g-6_erla_finland,21.0,,,1.0,,0.0,49.0,88.89,1.32,2.13,0.54,0.79,0.0,,,,,,Bf_109_G-6_Erla
f-4j,22.0,,,1.54,,0.0,82.0,63.89,1.87,1.96,0.06,0.06,7.0,,,,,,F-4J_Phantom_II
bf-109g-2_finland,21.0,,,,,,51.0,100.0,1.92,1.53,1.32,0.93,0.0,,,,,,Bf_109_G-2
spitfire_ix_usa,21.0,,,1.33,,0.0,174.0,68.38,1.22,2.13,0.97,1.72,14.0,,,,,,Spitfire_LF_Mk_IXc
f6f-5_france,22.0,100.0,1.57,1.44,3.0,2.17,150.0,91.59,1.27,1.06,3.57,2.85,0.0,,,,,,F6F-5
uk_vickers_mk_11,21.0,100.0,0.0,0.0,1.0,1.0,170.0,78.33,0.0,0.0,3.44,1.9,0.0,,,,,,Vickers_Mk.11
us_m1a2_sep_abrams,23.0,,,0.0,,2.91,1524.0,59.27,0.0,0.0,2.04,1.98,0.0,,,,,,M1A2_SEP
sb_2m_105,22.0,,,0.0,,1.58,0.0,,,,,,0.0,,,,,,SB_2M-105
il_m_51_w,20.0,,,0.0,,1.53,182.0,56.44,0.0,0.0,3.43,1.85,0.0,,,,,,M-51_(W)
sea_harrier_fa2,23.0,0.0,1.27,1.35,0.0,0.0,0.0,,,,,,0.0,,,,,,Sea_Harrier_FA_2
tornado_f3_late,23.0,11.36,0.89,1.0,0.0,0.0,16.0,,,1.63,,0.0,0.0,,,,,,Tornado_F.3_Late
yak-38m,24.0,,,1.0,,0.0,13.0,68.75,0.19,0.38,0.0,0.0,0.0,,,,,,Yak-38M
jp_m47_patton_II,24.0,,,0.0,,0.36,329.0,71.96,0.0,0.0,3.15,2.88,0.0,,,,,,M47
f-89b,21.0,100.0,12.05,12.05,0.0,0.0,124.0,83.89,1.11,1.0,0.95,0.95,0.0,,,,,,F-89B
cn_wz_305,19.0,100.0,7.0,,2.0,,301.0,63.78,0.83,0.4,2.63,1.24,0.0,,,,,,WZ305
c_3604,22.0,100.0,0.29,1.21,3.57,1.46,43.0,50.0,0.91,1.74,0.5,1.0,17.0,,,,,,◌С-3604
us_m247,20.0,72.22,4.39,,1.56,,238.0,33.45,1.66,1.15,0.09,0.06,0.0,,,,,,M247
su_17m4,21.0,100.0,0.0,,3.25,,40.0,100.0,0.0,0.0,2.42,1.24,62.0,75.56,1.47,1.5,0.97,1.0,Su-17M4
cn_t_80ud_478be,18.0,50.0,0.0,0.0,1.5,1.5,80.0,51.19,0.0,0.0,2.06,1.28,0.0,,,,,,T-80UD/BE
fr_m4a1_sherman_fl_10,21.0,,,0.0,,1.0,31.0,100.0,0.0,0.0,5.0,4.45,0.0,,,,,,M4A1_(FL10)
germ_pzkpfw_35t,23.0,100.0,0.0,0.0,5.0,3.57,0.0,,,,,,0.0,,,,,,Pz.35(t)
uk_fv4202,21.0,,,0.0,,1.0,180.0,66.67,0.0,0.0,2.42,1.17,4.0,,,0.0,,0.0,FV4202
germ_pzkpfw_38t_ausf_A,19.0,100.0,0.0,,0.86,,0.0,,,,,,0.0,,,,,,Pz.38(t)_A
germ_sturmpanzer_II,22.0,,,0.0,,1.0,54.0,65.0,0.0,0.0,0.0,0.0,0.0,,,,,,Sturmpanzer_II
us_m55,22.0,0.0,0.0,0.0,1.25,1.14,38.0,,,0.0,,3.25,0.0,,,,,,M55
il_zsu_57_2,22.0,,,0.2,,2.65,236.0,29.22,0.0,0.0,2.04,0.93,0.0,,,,,,ZSU-57-2_(Israel)
cn_plz_05,23.0,50.0,0.0,0.0,0.71,0.31,146.0,63.89,0.0,0.0,2.94,2.01,0.0,,,,,,PLZ05
fr_amx_30_ACRA,23.0,50.0,0.0,0.0,1.0,0.44,14.0,,,,,,0.0,,,,,,AMX-30_ACRA
cn_m48a1_patton_III,23.0,50.0,0.0,0.0,0.5,0.5,99.0,66.91,0.0,0.0,2.03,1.12,0.0,,,,,,M48A1_(China)
fr_amx_10rc,21.0,,,0.0,,0.0,101.0,41.07,0.0,0.0,2.8,1.46,0.0,,,,,,AMX-10RC
ju-288c,21.0,100.0,1.0,0.71,8.0,7.14,31.0,50.0,0.5,1.0,0.96,1.92,0.0,,,,,,Ju_288_C
germ_leopard_2pl,20.0,100.0,0.0,0.0,3.7,3.33,1325.0,44.87,0.0,0.0,1.45,1.19,0.0,,,,,,Leopard_2_PL
uk_challenger_2_bn,22.0,60.0,0.0,0.0,3.8,8.0,221.0,60.76,0.0,0.0,2.69,2.41,0.0,,,,,,Black_Night
it_semovente_m42_75_34,22.0,50.0,0.0,0.0,2.41,4.82,0.0,,,,,,0.0,,,,,,75/34_M42
f4f-3,18.0,,,0.75,,2.0,8.0,,,1.0,,0.0,0.0,,,,,,F4F-3
f6f-5n_france,19.0,100.0,1.0,1.0,1.0,1.0,19.0,,,0.0,,2.6,0.0,,,,,,F6F-5N
ussr_t_44_122,20.0,,,0.0,,3.46,52.0,41.3,0.0,0.0,1.33,1.18,0.0,,,,,,T-44-122
f-100d_france,19.0,50.0,0.83,1.0,0.0,0.0,0.0,,,,,,0.0,,,,,,F-100D
germ_panzerjager_nashorn,19.0,0.0,0.0,,1.0,,20.0,,,0.0,,1.17,0.0,,,,,,Nashorn
p-51d-5,21.0,50.0,0.88,1.05,2.0,1.09,10.0,,,0.0,,2.0,0.0,,,,,,P-51D-5
cn_ztz_96b,18.0,50.0,0.0,0.0,0.89,0.89,310.0,67.48,0.0,0.0,2.41,2.33,0.0,,,,,,ZTZ96B
uk_fv438_swingfire,20.0,77.27,0.0,0.0,0.77,1.0,78.0,46.25,0.0,0.0,2.43,2.45,0.0,,,,,,Swingfire
sw_lago_1,19.0,100.0,0.0,0.0,1.0,1.0,59.0,,,0.0,,0.72,0.0,,,,,,Lago_I
us_m3_bradley,21.0,,,0.0,,0.0,556.0,55.01,0.0,0.0,1.47,1.03,0.0,,,,,,M3_Bradley
f-5c,19.0,100.0,0.0,0.0,5.0,5.0,236.0,44.15,1.6,2.04,0.39,0.51,24.0,,,0.0,,0.0,F-5C
uk_valentine_mk_11,21.0,100.0,0.0,,12.0,,8.0,100.0,0.0,0.0,0.83,1.0,0.0,,,,,,Valentine_XI
a_6e_tram,18.0,100.0,1.0,1.0,2.0,2.0,117.0,39.29,0.39,0.49,4.2,5.12,56.0,72.62,0.86,0.28,1.44,1.15,A-6E_TRAM
hurricane_mk1c,21.0,100.0,2.0,2.0,1.0,1.0,9.0,,,0.0,,0.0,0.0,,,,,,Sea_Hurricane_Mk_IC
il-2i,18.0,87.5,0.63,0.63,6.25,6.25,12.0,50.0,0.0,0.0,1.5,3.0,16.0,,,0.0,,1.0,IL-2_(1942)
sw_ikv_72,21.0,22.73,0.0,0.0,1.64,2.04,18.0,,,,,,0.0,,,,,,Ikv_72
f4u-4b,19.0,80.77,2.23,1.33,0.0,0.0,363.0,79.02,0.72,0.63,2.85,2.36,15.0,,,6.0,,0.0,F4U-4B
il_tcm_20,18.0,,,,,,20.0,0.0,0.0,0.0,0.0,0.0,0.0,,,,,,TCM-20
f-5a,18.0,,,,,,0.0,,,,,,0.0,,,,,,F-5A
f_16a_block_10,19.0,0.0,1.0,0.77,2.0,0.46,148.0,77.0,1.18,0.83,3.17,2.05,0.0,,,,,,F-16A
uk_a30_sp_avenger,18.0,,,,,,125.0,75.0,0.0,0.0,4.71,4.16,0.0,,,,,,Avenger
bf-109e-1,19.0,,,2.65,,0.0,8.0,,,0.0,,0.0,30.0,,,,,,Bf_109_E-1
fr_m4a3_105_sherman,19.0,100.0,0.0,0.0,1.0,1.0,44.0,,,0.0,,2.55,0.0,,,,,,M4A3_(105)
fa_18c_switzerland,20.0,,,1.1,,0.0,1106.0,54.16,1.1,1.26,0.05,0.05,44.0,,,0.47,,0.0,◌F/A-18C
it_zsu_57_2,19.0,50.0,0.5,0.06,0.5,0.24,217.0,54.06,0.0,0.0,1.64,0.92,0.0,,,,,,◔ZSU-57-2
p-36a,20.0,,,,,,0.0,,,,,,0.0,,,,,,P-36A
ussr_pt_76b,16.0,70.0,0.0,0.0,0.8,0.78,657.0,56.33,0.0,0.0,1.06,0.76,0.0,,,,,,PT-76B
bf-109f-1,17.0,,,1.0,,0.0,43.0,,,1.77,,0.0,0.0,,,,,,Bf_109_F-1
cn_cm11,18.0,,,,,,129.0,100.0,0.0,0.0,9.3,4.11,0.0,,,,,,CM11
us_m4a2_1944_germ,15.0,100.0,0.0,0.0,10.0,5.0,0.0,,,,,,0.0,,,,,,M4_748_(a)
germ_pzkpfw_III_ausf_E,20.0,75.0,0.23,0.12,4.0,2.96,0.0,,,,,,0.0,,,,,,Pz.III_E
il_merkava_mk_3b,19.0,,,,,,162.0,48.49,0.0,0.0,1.83,1.73,0.0,,,,,,Merkava_Mk.3B
mig-15bis_nr23_german,18.0,,,1.0,,1.0,88.0,86.44,1.46,1.67,0.26,0.29,0.0,,,,,,◊MiG-15bis
bb-1,16.0,100.0,2.54,3.0,8.23,10.1,5.0,60.0,0.0,0.0,1.8,1.8,0.0,,,,,,BB-1
il_merkava_mk_3c,19.0,,,0.0,,2.63,240.0,59.9,0.01,0.01,2.48,2.71,0.0,,,,,,Merkava_Mk.3C
cn_t_34_85_zis_53_no215,18.0,100.0,0.0,0.0,3.0,3.44,0.0,,,,,,0.0,,,,,,T-34-85_No.215
sb_2m_103c,23.0,51.0,0.51,3.0,1.47,21.0,0.0,,,,,,0.0,,,,,,SB_2M-103
yak-9b,18.0,100.0,2.0,1.07,9.0,1.43,0.0,,,,,,0.0,,,,,,Yak-9B
p-47d_23_ra_china_rocaf,18.0,50.0,1.25,2.5,0.5,0.94,7.0,100.0,1.0,1.0,3.0,3.0,0.0,,,,,,P-47D-23-RA_(China)
us_m4a3_105_sherman,18.0,,,0.0,,1.0,62.0,100.0,0.0,0.0,6.2,2.67,0.0,,,,,,M4A3_(105)
me-410a-1_u2,19.0,100.0,0.0,0.0,1.0,1.0,0.0,,,,,,0.0,,,,,,Me_410_A-1/U2
fr_leopard_2a5nl,19.0,,,0.0,,1.0,15.0,50.0,0.0,0.0,0.75,1.4,0.0,,,,,,Leopard_2A5NL
fr_amx_32_105,19.0,100.0,0.0,0.0,1.63,1.63,430.0,55.88,0.0,0.0,1.86,1.66,0.0,,,,,,AMX-32_(105)
mig-17_cuba,16.0,100.0,9.0,9.0,6.0,6.0,14.0,,,2.0,,0.0,0.0,,,,,,MiG-17AS
q_5a,16.0,100.0,4.0,,9.0,,1.0,100.0,0.0,0.0,1.0,1.0,0.0,,,,,,Q-5A
germ_pzkpfw_VI_ausf_h1_tiger_animal_version,15.0,100.0,0.0,,4.93,,17.0,100.0,0.0,0.0,8.0,8.0,0.0,,,,,,␠Tiger
it_44m_zrinyi_1,17.0,100.0,0.0,,2.0,,0.0,,,,,,0.0,,,,,,Zrinyi_I
ki_100_early,16.0,,,,,,78.0,80.0,1.5,0.95,9.48,5.94,9.0,100.0,0.0,0.0,1.0,1.0,Ki-100
sw_strv_122,17.0,100.0,0.0,0.0,8.0,9.0,257.0,52.64,0.0,0.0,3.28,2.3,0.0,,,,,,Strv_122A
su_25t,16.0,,,0.19,,0.81,184.0,62.83,0.29,0.39,3.9,4.75,0.0,,,,,,Su-25T
b7a2,17.0,100.0,1.0,,4.5,,6.0,50.0,0.5,1.0,0.5,1.0,0.0,,,,,,B7A2
bf-109g-6,17.0,,,7.2,,0.0,165.0,58.78,3.72,4.19,0.84,1.2,0.0,,,,,,Bf_109_G-6
sw_t_54_1951,17.0,,,0.0,,1.0,170.0,25.48,0.0,0.0,1.64,1.08,0.0,,,,,,T-54
us_m1_abrams_kvt,16.0,0.0,0.0,0.0,1.0,1.0,1837.0,55.85,0.0,0.0,3.15,2.6,0.0,,,,,,M1_KVT
sw_pvkv_m43_1963,16.0,0.0,0.0,0.0,1.0,0.56,127.0,63.34,0.0,0.0,0.71,0.72,0.0,,,,,,Pvkv_m/43_(1963)
ussr_2s25,19.0,,,0.0,,0.56,422.0,44.62,0.0,0.0,1.33,1.2,0.0,,,,,,2S25
mig-21_smt,18.0,0.0,1.0,0.71,0.0,0.0,244.0,70.07,2.23,2.73,0.32,0.39,21.0,,,,,,MiG-21SMT
ju-88a-4_finland,16.0,0.0,0.0,0.0,1.31,1.31,0.0,,,,,,0.0,,,,,,Ju_88_A-4
ki_21_1hei,16.0,100.0,1.0,1.0,12.75,12.75,0.0,,,,,,0.0,,,,,,Ki-21-I_hei
i-153_m62_china,15.0,100.0,4.14,4.07,2.0,2.0,0.0,,,,,,0.0,,,,,,I-153_M-62_(China)
ussr_is_6,18.0,83.33,0.0,0.0,5.39,6.56,185.0,67.05,0.0,0.0,5.18,3.43,0.0,,,,,,IS-6
it_breda_52_autocannone,18.0,100.0,0.0,0.0,3.8,6.0,16.0,100.0,0.0,0.0,2.23,1.88,0.0,,,,,,Breda_90/53
cw_21,15.0,100.0,2.0,2.0,1.0,1.0,0.0,,,,,,0.0,,,,,,CW-21
us_lav_ad,14.0,41.67,1.75,3.0,0.58,1.0,928.0,52.41,0.26,0.22,0.65,0.55,0.0,,,,,,LAV-AD
h-75m_china,15.0,100.0,3.07,3.07,0.0,0.0,3.0,,,1.0,,0.0,0.0,,,,,,H-75M_(China)
hurricanemkii_ussr,19.0,100.0,3.67,3.27,0.33,0.11,0.0,,,,,,0.0,,,,,,Hurricane_Mk_IIB
ki_43_3_ko,15.0,100.0,3.0,3.0,0.0,0.0,0.0,,,,,,0.0,,,,,,Ki-43-III_ko_(China)
me-410b-6_r3,16.0,,,0.0,,2.42,4.0,,,,,,0.0,,,,,,Me_410_B-6/R3
sw_t_55m,18.0,50.0,0.0,0.0,1.0,2.0,510.0,59.74,0.0,0.0,1.63,1.55,0.0,,,,,,T-55M
sw_strf_9056,17.0,100.0,0.0,0.0,2.0,2.0,130.0,47.05,0.15,0.13,1.58,1.21,0.0,,,,,,Strf_9040_BILL
uk_conqueror_mk_2,16.0,100.0,0.0,0.0,2.5,2.0,242.0,52.46,0.0,0.0,2.04,1.71,0.0,,,,,,Conqueror
germ_flakpanzer_IV_Ostwind_2_net,16.0,100.0,3.0,,1.0,,219.0,28.05,0.95,1.07,0.0,0.0,0.0,,,,,,Ostwind_Ost
meteor_fmk8_iaf,17.0,,,1.0,,0.0,12.0,,,,,,0.0,,,,,,Meteor_F.8_(Israel)
sw_tgdgb_m40_lv,14.0,,,1.0,,0.0,45.0,0.0,0.64,0.27,3.36,2.29,0.0,,,,,,Lvtdgb_m/40
p-63a-5,14.0,100.0,1.0,1.0,0.0,0.0,8.0,,,0.0,,0.25,0.0,,,,,,P-63A-5
fr_vcac_mephisto,17.0,,,0.0,,1.75,226.0,59.37,0.0,0.0,2.27,1.87,0.0,,,,,,MEPHISTO
uk_fv107_scimitar,15.0,100.0,0.0,0.0,0.0,0.27,134.0,64.37,0.0,0.0,1.23,1.42,0.0,,,,,,Scimitar
h8k2,17.0,100.0,0.0,0.0,0.0,0.0,0.0,,,,,,0.0,,,,,,H8K2
spitfire_lf_mk9e_weisman,16.0,,,,,,117.0,88.61,0.93,0.68,2.93,2.0,7.0,,,0.0,,0.0,Weizman's_Spitfire_LF_Mk.IXe
ussr_rbt_5,17.0,100.0,0.0,0.0,4.38,4.38,6.0,91.67,0.0,0.0,0.93,1.0,0.0,,,,,,RBT-5
me_210ca_1_hungary,15.0,100.0,3.0,2.87,2.0,2.0,35.0,100.0,5.89,,0.89,,0.0,,,,,,◔Me_210_Ca-1
re_2001_serie1_ep,14.0,100.0,3.14,3.14,0.14,0.14,0.0,,,,,,0.0,,,,,,Re.2001_gruppo_22
mc-202_d,14.0,,,,,,0.0,,,,,,0.0,,,,,,C._202D
mig_23bn,12.0,50.0,0.0,0.0,5.0,5.0,29.0,50.0,0.05,0.05,1.43,2.77,0.0,,,,,,◊MiG-23BN
germ_pzkpfw_III_ausf_B,16.0,100.0,0.0,,2.0,,0.0,,,,,,0.0,,,,,,Pz.III_B
it_pzh_2000_hu,17.0,35.0,2.3,4.0,1.0,2.0,85.0,50.0,0.16,0.14,2.13,1.85,0.0,,,,,,PzH_2000HU
jp_type_5_ho_ri_production,18.0,100.0,0.0,0.0,6.33,6.33,1012.0,74.87,0.0,0.0,4.79,4.73,0.0,,,,,,Ho-Ri_Production
ussr_object_140,14.0,50.0,0.0,0.0,2.5,2.5,95.0,54.92,0.0,0.0,2.93,2.51,0.0,,,,,,Object_140
jp_m36b2_jgsdf,15.0,100.0,0.0,0.0,2.0,2.0,251.0,53.18,0.0,0.0,1.42,1.3,0.0,,,,,,M36
ju-87d-5,15.0,,,1.0,,1.2,0.0,,,,,,0.0,,,,,,Ju_87_D-5
bf-109z,15.0,,,,,,16.0,0.0,1.0,1.19,2.0,1.63,0.0,,,,,,Bf_109_Z-1
fw-190a-8_usa,15.0,,,1.0,,0.0,42.0,66.67,0.7,1.0,1.0,1.5,0.0,,,,,,Fw_190_A-8
ju-188a-2,15.0,100.0,0.0,0.0,5.1,5.1,18.0,100.0,3.0,6.0,0.5,1.0,0.0,,,,,,Ju_188_A-2
lagg-3-34,15.0,100.0,2.4,2.4,0.0,0.0,0.0,,,,,,0.0,,,,,,LaGG-3-34
b_34,14.0,100.0,1.0,1.0,4.33,4.33,0.0,,,,,,0.0,,,,,,B-34
us_m42_duster,12.0,50.0,0.5,0.88,1.0,1.0,325.0,54.0,0.18,0.16,1.13,1.02,0.0,,,,,,M42
us_xm_8,16.0,,,0.0,,2.38,78.0,100.0,0.0,0.0,3.48,2.09,0.0,,,,,,XM8
bf-109g-14,15.0,100.0,2.0,2.0,2.0,2.0,111.0,50.0,1.26,1.87,0.46,0.7,11.0,,,1.91,,0.0,Bf_109_G-14
uk_a_22b_mk_3_churchill_1942,14.0,,,0.0,,1.0,6.0,,,0.0,,2.0,0.0,,,,,,Churchill_III
il_magach_3_idf,15.0,,,0.0,,1.0,22.0,0.0,0.0,0.0,1.0,1.75,0.0,,,,,,Magach_3
spitfire_fr_mk14e_belgium,15.0,100.0,2.0,1.67,0.0,0.0,26.0,,,0.67,,0.0,0.0,,,,,,Spitfire_FR_Mk_XIVe
it_m109g,15.0,,,,,,1.0,,,,,,0.0,,,,,,M109G
mig-19pt,16.0,94.44,0.94,1.0,0.0,0.0,61.0,18.94,1.5,1.53,0.0,0.0,0.0,,,,,,MiG-19PT
fr_1_fireball,15.0,,,1.0,,0.0,147.0,57.11,0.66,0.68,2.11,2.0,0.0,,,,,,FR-1_Fireball
uk_chieftain_marksman,15.0,,,0.0,,1.0,104.0,67.93,0.5,0.61,1.03,1.37,0.0,,,,,,Chieftain_Marksman
germ_pzkpfw_III_ausf_J_L42,15.0,100.0,0.0,0.0,2.6,2.6,26.0,,,0.0,,3.12,0.0,,,,,,Pz.III_J
il_tiran_4,15.0,,,0.0,,1.0,17.0,,,,,,0.0,,,,,,Tiran_4
germ_pzkpfw_38t_na,16.0,100.0,0.0,0.0,1.0,1.0,0.0,,,,,,0.0,,,,,,Pz.38(t)_n.A.
il_m113_hvms,15.0,,,0.0,,1.0,52.0,100.0,0.0,0.0,3.0,1.26,0.0,,,,,,Bardelas/60mm_HVMS
re_2000_ga,16.0,,,1.0,,0.0,0.0,,,,,,0.0,,,,,,Re.2000_G.A.
il_m109,15.0,,,0.0,,1.09,75.0,100.0,0.0,0.0,3.22,1.07,0.0,,,,,,M109_(Israel)
p-47m-1-re,15.0,,,,,,98.0,74.89,0.35,0.48,2.14,2.8,0.0,,,,,,P-47M-1-RE
cn_is_2_1944,16.0,,,0.0,,0.44,30.0,,,,,,0.0,,,,,,IS-2_(1944)_(China)
ussr_isu_122s,14.0,25.0,0.0,0.0,1.0,1.5,20.0,,,0.0,,1.95,0.0,,,,,,ISU-122S
germ_thyssen_henschel_tam,15.0,,,,,,789.0,42.95,0.0,0.0,1.51,1.3,0.0,,,,,,TAM
p_108a_serie2,16.0,,,0.0,,0.0,0.0,,,,,,0.0,,,,,,P.108A_serie_2
xf5u_1,15.0,,,,,,79.0,66.67,1.16,0.79,0.55,0.35,0.0,,,,,,XF5U-1
sw_landsverk_ush_204_gk,15.0,,,,,,175.0,24.44,0.78,0.85,0.08,0.09,0.0,,,,,,U-SH_204_GK
me-262a-1a,13.0,100.0,4.0,,0.0,,20.0,50.0,0.13,0.18,0.0,0.0,0.0,,,,,,Me_262_A-1a
leo_451_late,14.0,50.0,0.5,0.5,5.5,5.5,0.0,,,,,,0.0,,,,,,LeO_451_late
sw_strv_m42_eh,13.0,0.0,0.0,0.0,2.0,5.0,109.0,41.36,0.0,0.0,1.71,1.17,0.0,,,,,,Strv_m/42_EH
corsair_fmk2,14.0,100.0,1.33,,1.33,,2.0,,,,,,0.0,,,,,,Corsair_F_Mk_II
it_sherman_VII,15.0,100.0,0.0,0.0,3.0,2.53,64.0,20.0,0.0,0.0,1.96,2.52,0.0,,,,,,M4_Tipo_IC
gladiator_j8a,14.0,,,1.0,,0.0,0.0,,,,,,0.0,,,,,,J8A
fr_amx_elc_bis,13.0,,,0.0,,1.69,196.0,59.15,0.0,0.0,1.56,1.12,0.0,,,,,,ELC_bis
sw_ikv_103,12.0,50.0,0.0,0.0,0.6,1.1,85.0,47.67,0.0,0.0,0.45,0.87,0.0,,,,,,Ikv_103
tornado_gr1,13.0,86.36,0.86,1.0,0.0,0.0,66.0,50.0,0.0,0.0,1.11,2.21,0.0,,,,,,Tornado_GR.1
tbf-1c,12.0,,,0.0,,1.0,0.0,,,,,,0.0,,,,,,TBF-1C
uk_a25_mk_8,15.0,,,,,,4.0,50.0,0.0,0.0,1.5,3.0,0.0,,,,,,Harry_Hopkins_I
il-2m_mstitel,12.0,100.0,1.0,0.5,8.0,8.17,3.0,100.0,1.0,1.0,3.0,3.0,0.0,,,,,,"IL-2M_""Avenger"""
mig-15bis_nr23_china,13.0,,,,,,15.0,100.0,0.0,0.0,1.0,1.0,0.0,,,,,,J-2
yak-4,13.0,100.0,0.0,0.0,5.0,5.33,0.0,,,,,,0.0,,,,,,Yak-4
p-43a-1_china,13.0,,,,,,0.0,,,,,,0.0,,,,,,P-43A-1_(China)
ki-27_otsu,12.0,,,,,,0.0,,,,,,0.0,,,,,,Ki-27_otsu
su-11,13.0,,,,,,250.0,56.44,1.06,1.06,1.54,1.52,0.0,,,,,,Su-11
ussr_su_5_1,11.0,5.0,0.0,0.0,1.95,2.1,0.0,,,,,,0.0,,,,,,SU-5-1
yak-17,13.0,,,,,,8.0,,,,,,0.0,,,,,,Yak-17
f-105d,14.0,100.0,0.0,0.0,2.0,1.83,32.0,0.0,0.0,0.0,7.25,3.95,12.0,,,,,,F-105D
wm_23,12.0,,,1.4,,0.0,14.0,100.0,2.0,1.85,1.0,0.81,0.0,,,,,,◔WM-23
j_8b,13.0,,,,,,19.0,70.83,1.0,1.08,0.71,0.75,0.0,,,,,,J-8B
ussr_kv_122,13.0,100.0,0.0,,1.0,,129.0,24.89,0.0,0.0,3.04,2.27,0.0,,,,,,KV-122
f-5e_switzerland,14.0,100.0,1.0,0.21,2.0,0.43,14.0,87.5,1.88,1.5,0.13,0.09,0.0,,,,,,◌F-5E
su_25_558arz,14.0,0.0,2.0,2.0,5.0,4.64,165.0,90.17,0.02,0.02,3.81,3.12,0.0,,,,,,Su-25BM
fa_18a,13.0,,,0.0,,0.0,91.0,71.56,2.63,2.9,0.34,0.43,21.0,,,1.0,,0.0,F/A-18A
su_22m3,13.0,,,1.0,,0.0,236.0,55.86,0.22,0.21,0.48,0.36,0.0,,,,,,Su-22M3
ussr_2s3m,13.0,50.0,0.0,0.0,1.04,2.08,98.0,10.67,0.0,0.0,2.28,1.27,0.0,,,,,,2S3M
uk_a27m_cromwell_1,12.0,,,0.0,,1.0,81.0,86.67,0.0,0.0,4.29,5.03,0.0,,,,,,Cromwell_I
ussr_smk,12.0,100.0,0.0,0.0,1.0,1.0,0.0,,,,,,0.0,,,,,,SMK
cn_m10,12.0,,,0.0,,1.27,15.0,,,0.0,,1.73,0.0,,,,,,M10_GMC_(China)
uk_crusader_mk_2,13.0,,,0.0,,1.0,0.0,,,,,,0.0,,,,,,Crusader_II
yak_141,13.0,100.0,1.0,1.0,0.0,0.0,45.0,50.0,1.6,3.2,0.0,0.0,0.0,,,,,,Yak-141
ussr_btr_80a,13.0,,,,,,481.0,42.82,0.0,0.0,1.65,0.93,0.0,,,,,,BTR-80A
uk_churchill_na75,13.0,,,0.0,,1.0,27.0,100.0,0.0,0.0,1.0,1.26,0.0,,,,,,Churchill_NA75
uk_armored_car_aec_mk_2,13.0,0.0,0.0,0.0,0.85,0.85,24.0,100.0,0.0,0.0,4.11,3.38,4.0,,,0.0,,1.0,AEC_Mk_II
wellington_mk1c_late,12.0,,,0.0,,0.0,0.0,,,,,,0.0,,,,,,Wellington_Mk_Ic/L
f_16a_block_15_adf_italy,11.0,,,,,,18.0,50.0,0.5,1.0,0.5,1.0,0.0,,,,,,F-16A_ADF
bf-109g-2_hungary,11.0,,,5.36,,0.0,0.0,,,,,,0.0,,,,,,◐Bf_109_G-2
cn_type_97_chi_ha,13.0,100.0,0.0,,3.0,,0.0,,,,,,0.0,,,,,,Chi-Ha_(China)
so_4050_vautour_2a,12.0,50.0,0.0,0.0,4.0,4.0,0.0,,,,,,0.0,,,,,,S.O.4050_Vautour_IIA
i_180,13.0,,,3.0,,0.0,30.0,39.29,0.39,0.6,0.61,1.0,0.0,,,,,,I-180S
so_4050_vautour_2b,12.0,50.0,0.0,0.0,3.5,3.5,0.0,,,,,,0.0,,,,,,S.O.4050_Vautour_IIB
tu-2,11.0,50.0,0.0,0.0,1.64,3.27,81.0,77.5,0.0,0.0,2.33,2.63,15.0,,,,,,Tu-2S
sw_bkan_1c,9.0,50.0,1.5,2.63,1.0,1.75,306.0,31.7,0.04,0.02,1.57,1.38,0.0,,,,,,Bkan_1C
il-10,11.0,,,1.64,,4.45,25.0,,,0.0,,0.0,0.0,,,,,,IL-10
uk_m4a5_ram_2,12.0,100.0,0.0,,1.0,,4.0,100.0,0.0,0.0,2.0,2.0,0.0,,,,,,Ram_II
etndard_4m,12.0,50.0,0.5,0.5,1.5,1.5,0.0,,,,,,0.0,,,,,,Etendard_IVM
il-10_1946,11.0,50.0,0.5,1.0,1.05,2.09,21.0,,,,,,0.0,,,,,,IL-10_(1946)
spitfire_mk5c_notrop,12.0,100.0,1.5,1.5,1.0,1.0,13.0,100.0,2.0,1.54,1.6,1.23,0.0,,,,,,Spitfire_Mk_Vc
firefly_mk5,11.0,100.0,2.0,2.0,4.0,4.0,54.0,100.0,2.88,1.81,2.65,1.56,0.0,,,,,,Firefly_FR_Mk_V
spitfire_mk9c_4cannons,12.0,100.0,2.0,2.0,1.0,1.0,8.0,100.0,2.0,,5.0,,0.0,,,,,,Spitfire_F_Mk_IXc
fr_amx_30,10.0,0.0,0.0,0.0,2.0,1.44,6.0,66.67,0.0,0.0,0.7,1.0,0.0,,,,,,AMX-30
he-111h-2,13.0,100.0,0.0,,2.0,,0.0,,,,,,0.0,,,,,,He_111_H-3
hunter_f6_holland,12.0,50.0,1.0,2.0,0.5,1.0,12.0,50.0,1.0,2.0,0.0,0.0,0.0,,,,,,◘Hunter_F.6
germ_flakpanzer_IV_Ostwind_2,11.0,0.0,1.0,1.0,0.55,0.55,302.0,23.98,1.04,0.56,0.18,0.13,4.0,100.0,1.0,,0.0,,Ostwind_II
p-38e,14.0,50.0,1.0,2.0,0.0,0.0,0.0,,,,,,0.0,,,,,,P-38E
p-47d_22_re_france,12.0,,,1.0,,0.0,74.0,62.5,0.14,0.19,1.86,2.19,0.0,,,,,,P-47D-22-RE
germ_pzkpfw_38t_Marder_III,11.0,,,,,,0.0,,,,,,0.0,,,,,,Marder_III
cn_m24_chaffee,11.0,,,0.0,,0.0,71.0,100.0,0.0,0.0,4.0,1.5,0.0,,,,,,M24_(China)
germ_boxer_swatrinf,12.0,50.0,0.0,0.0,1.0,1.0,270.0,33.61,0.0,0.0,1.42,0.74,0.0,,,,,,sWaTrgInf
il_ss_11_halftrack,13.0,,,0.0,,1.0,39.0,81.82,0.0,0.0,1.55,1.42,0.0,,,,,,Zachlam_Tager
su-6_am42,11.0,,,,,,48.0,80.0,1.13,0.85,1.13,0.8,0.0,,,,,,Su-6_(AM-42)
jp_st_a3,12.0,100.0,0.0,0.0,1.0,1.0,337.0,58.42,0.0,0.0,2.42,2.14,0.0,,,,,,ST-A3
it_c13_t90,13.0,100.0,0.0,0.0,1.0,1.0,82.0,68.42,0.0,0.0,3.42,2.1,0.0,,,,,,C13_T90
uk_ttd,11.0,,,,,,114.0,95.24,0.0,0.0,7.9,3.91,0.0,,,,,,TTD
it_btr_80a_hungary,13.0,100.0,0.0,0.0,0.0,0.0,223.0,63.95,0.0,0.0,1.71,1.28,0.0,,,,,,◔BTR-80A
b_25j_1,11.0,,,,,,0.0,,,,,,0.0,,,,,,B-25J-1
f_111c_raaf,11.0,,,,,,13.0,,,0.0,,1.0,0.0,,,,,,F-111C
ki-49_2b,10.0,78.57,0.0,0.0,0.36,0.36,0.0,,,,,,0.0,,,,,,Ki-49-IIb
cn_m4a4_sherman,11.0,,,0.0,,0.0,34.0,,,0.0,,2.68,0.0,,,,,,M4A4_(China)
germ_sdkfz_234_1,13.0,,,,,,9.0,68.75,0.0,0.0,1.31,1.69,0.0,,,,,,Sd.Kfz.234/1
fr_amx_32,12.0,100.0,0.0,,3.25,,235.0,53.17,0.0,0.0,2.59,2.1,0.0,,,,,,AMX-32
cn_type_69_2g,11.0,,,,,,51.0,,,0.0,,3.1,0.0,,,,,,T-69_II_G
it_of_40_mtca,11.0,,,0.0,,4.64,906.0,68.65,0.0,0.0,4.55,3.11,60.0,25.0,0.0,0.0,1.94,1.94,OF-40_(MTCA)
us_m1_ip_abrams,10.0,,,,,,617.0,47.09,0.0,0.0,2.1,1.94,0.0,,,,,,IPM1
us_m1a2_sep3_abrams,13.0,100.0,0.0,0.0,3.86,3.86,251.0,75.16,0.0,0.0,2.67,1.69,0.0,,,,,,M1A2_SEPv3
us_m60a1,12.0,100.0,0.0,,2.0,,320.0,66.69,0.0,0.0,2.75,1.98,0.0,,,,,,M60A1_(AOS)
ussr_t_26_1940,10.0,95.0,0.0,0.0,3.4,3.6,0.0,,,,,,0.0,,,,,,T-26
ef_2000_typhoon_aesa,10.0,,,2.0,,0.0,336.0,71.97,2.05,2.29,0.15,0.16,0.0,,,,,,Typhoon_(AESA)
it_m15_42_contraereo,10.0,50.0,1.5,3.0,0.5,1.0,290.0,45.29,1.82,1.32,0.28,0.19,0.0,,,,,,M42_Contraereo
it_sherman_vc_firefly,12.0,,,0.0,,1.0,83.0,21.74,0.0,0.0,2.61,1.42,0.0,,,,,,Sherman_Vc
a_4b,7.0,66.67,2.33,1.8,0.0,0.0,102.0,70.5,0.04,0.04,1.34,2.65,0.0,,,,,,A-4B
uk_a_34_comet,10.0,50.0,0.0,0.0,1.5,3.0,68.0,57.41,0.0,0.0,2.51,2.92,0.0,,,,,,Comet_I
fr_amx_30_dca,10.0,,,,,,328.0,43.62,0.25,0.15,1.04,0.61,0.0,,,,,,AMX-30_DCA
germ_leopard_2a4_pzbtl_123,13.0,50.0,0.0,0.0,2.5,5.0,1174.0,40.87,0.0,0.0,1.91,1.49,5.0,,,0.0,,1.0,Leopard_2_(PzBtl_123)
a-26b_10,11.0,,,0.0,,1.91,0.0,,,,,,0.0,,,,,,A-26B-10
ffvs_j22_a,11.0,,,2.0,,0.0,28.0,100.0,0.0,0.0,0.0,0.0,0.0,,,,,,J22-A
fr_amx_30_b2_brenus,11.0,100.0,0.0,0.0,3.0,3.0,330.0,68.08,0.0,0.0,2.56,1.97,0.0,,,,,,AMX-30B2_BRENUS
sw_bmp_2md,12.0,,,0.0,,1.0,68.0,72.73,0.0,0.0,3.73,1.71,0.0,,,,,,BMP-2MD
spitfire_ix,12.0,,,,,,0.0,,,,,,85.0,38.89,7.28,2.25,0.0,0.0,Spitfire_LF_Mk_IX
us_m1a2_sep2_abrams_trophy,12.0,100.0,0.0,0.0,11.0,11.0,286.0,59.58,0.0,0.0,2.04,1.71,0.0,,,,,,M1A2_(Trophy-HV)
f-84b,8.0,100.0,1.0,1.0,5.0,4.38,73.0,35.4,0.63,0.87,1.62,2.52,0.0,,,,,,F-84B-26
su-2_mv5,10.0,100.0,1.7,1.7,5.0,5.0,6.0,,,,,,0.0,,,,,,Su-2_MV-5
do_217e_4,10.0,100.0,0.0,0.0,7.0,7.0,0.0,,,,,,0.0,,,,,,Do_217_E-4
spitfire_mk1,11.0,,,,,,0.0,,,,,,0.0,,,,,,Spitfire_Mk_Ia
ussr_object_120,10.0,55.56,0.1,0.1,2.0,2.6,145.0,52.35,0.0,0.0,1.88,2.54,4.0,,,,,,Object_120
do_217m_1,10.0,100.0,0.0,0.0,6.8,6.8,18.0,50.0,0.0,0.0,2.5,2.5,0.0,,,,,,Do_217_M-1
ussr_t_34_85_zis_53_kit_3rank,10.0,100.0,0.0,0.0,4.6,4.6,279.0,52.6,0.0,0.0,2.2,2.01,0.0,,,,,,Т-34-85_('45)
he_100d_1,8.0,100.0,7.5,,0.0,,0.0,,,,,,0.0,,,,,,He_100_D-1
cn_tor_m1,8.0,40.0,1.4,2.4,0.0,0.0,45.0,100.0,2.0,2.0,0.0,0.0,0.0,,,,,,Tor-M1
p-47d_luftwaffe,9.0,50.0,1.39,2.78,0.5,1.0,0.0,,,,,,0.0,,,,,,P-47D
it_m14_41_47_40,11.0,,,0.0,,2.0,15.0,,,0.0,,1.0,0.0,,,,,,M14/41_(47/40)
uk_ajax,8.0,50.0,0.5,1.0,2.0,4.0,480.0,66.7,0.07,0.07,2.73,1.23,0.0,,,,,,Ajax
ki_43_2_late,9.0,100.0,2.0,2.0,0.0,0.0,10.0,,,1.0,,2.0,0.0,,,,,,Ki-43-II
il_centurion_shot_kal_gimel,11.0,100.0,0.0,0.0,3.6,3.78,163.0,54.7,0.0,0.0,2.45,2.66,0.0,,,,,,Sho't_Kal_Gimel
p-51d-10,10.0,100.0,1.0,,0.0,,52.0,21.43,2.62,2.62,0.52,0.52,11.0,,,4.0,,0.0,P-51D-10
sw_strf_90b,11.0,,,,,,231.0,59.52,0.11,0.06,1.9,1.35,0.0,,,,,,Strf_9040B
us_m46_patton,10.0,100.0,0.0,0.0,2.5,4.0,427.0,55.89,0.0,0.0,3.57,2.84,0.0,,,,,,M46
uk_a30_challenger,9.0,50.0,0.0,0.0,1.5,3.0,103.0,63.89,0.0,0.0,2.64,2.12,0.0,,,,,,Challenger
cn_ztz_99_w,8.0,0.0,0.0,0.0,1.33,1.33,76.0,54.76,0.0,0.0,2.48,1.91,0.0,,,,,,ZTZ99-III
ussr_t_54_1949,11.0,16.67,0.0,0.0,1.43,1.05,106.0,50.02,0.0,0.0,1.26,1.51,16.0,16.67,0.0,0.0,0.83,1.0,T-54_(1949)
sw_strv_m40l,11.0,,,,,,0.0,,,,,,0.0,,,,,,Strv_m/40L
uk_g6_spg,11.0,,,0.0,,0.73,2.0,,,0.0,,2.0,0.0,,,,,,G6
cn_ztz_96a_prot,9.0,50.0,0.0,0.0,0.5,1.0,354.0,50.44,0.0,0.0,2.03,1.57,0.0,,,,,,ZTZ96A_(P)
re_2002_early,10.0,,,0.29,,0.0,38.0,0.0,0.0,0.0,0.83,0.42,0.0,,,,,,Re.2002_Early
f3f-2,10.0,,,0.0,,0.0,0.0,,,,,,0.0,,,,,,F3F-2
us_xm1_chrysler,10.0,100.0,0.0,,4.0,,40.0,100.0,0.0,0.0,6.9,3.49,0.0,,,,,,XM1_(Chrysler)
uk_valentine_mk_9,8.0,100.0,0.0,,5.0,,7.0,,,0.0,,2.0,0.0,,,,,,Valentine_IX
germ_pzkpfw_III_ausf_J,10.0,,,,,,0.0,,,,,,0.0,,,,,,Pz.III_J1
fr_m36b2_cefeo,10.0,100.0,0.0,0.0,4.0,4.0,133.0,70.28,0.0,0.0,1.29,1.14,0.0,,,,,,M36B2
tu-2_early,9.0,,,0.0,,3.0,0.0,,,,,,0.0,,,,,,Tu-2
tu-2_postwar,9.0,,,0.0,,2.0,24.0,50.0,0.5,0.5,1.5,1.5,0.0,,,,,,Tu-2S-44
us_t95,9.0,50.0,0.0,0.0,1.0,2.0,39.0,0.0,0.0,0.0,5.0,4.83,0.0,,,,,,T95
bf-109k-4,7.0,100.0,4.75,5.0,0.0,0.0,107.0,49.04,3.76,2.14,1.63,0.97,18.0,,,3.89,,0.0,Bf_109_K-4
j7w1,7.0,,,2.2,,0.0,382.0,68.5,0.83,0.8,2.22,2.1,0.0,,,,,,J7W1
ju-88c-6,8.0,,,1.0,,1.0,0.0,,,,,,0.0,,,,,,Ju_88_C-6
mig-21_f13,8.0,,,1.0,,0.0,40.0,50.0,1.5,3.0,0.0,0.0,0.0,,,,,,MiG-21F-13
us_t32,9.0,0.0,0.0,0.0,1.0,1.0,284.0,76.04,0.0,0.0,4.34,2.39,0.0,,,,,,T32
it_fiat_6616_cockerill,10.0,,,0.0,,1.0,146.0,69.57,0.0,0.0,2.61,1.38,0.0,,,,,,AUBL/74
sw_sav_m43_1946,11.0,33.33,0.0,0.0,0.7,1.0,4.0,,,0.0,,0.25,0.0,,,,,,Sav_m/43_(1946)
germ_stuh_III_ausf_G,10.0,,,,,,52.0,,,0.0,,3.36,0.0,,,,,,StuH_42_G
am_1_mauler,8.0,0.0,0.0,,0.0,,94.0,82.18,0.13,0.14,1.98,2.01,0.0,,,,,,AM-1
jp_st_b1,9.0,,,0.0,,0.0,90.0,60.0,0.0,0.0,5.4,2.47,0.0,,,,,,STB-2
yak_1_litvyak,8.0,100.0,5.0,,0.0,,0.0,,,,,,0.0,,,,,,Як-1_Литвяк
ki-27_otsu_ep,7.0,,,6.0,,0.0,0.0,,,,,,0.0,,,,,,Ki-27_otsu_Tachiarai
germ_pzkpfw_VI_tiger_P,7.0,,,0.0,,3.29,0.0,,,,,,0.0,,,,,,VK_45.01_(P)
spitfire_mk5b_italy,7.0,,,4.0,,0.0,41.0,,,1.46,,1.0,0.0,,,,,,Spitfire_Mk_Vb/trop
a6m5_zero,7.0,,,,,,16.0,100.0,1.0,1.5,0.0,0.5,0.0,,,,,,A6M5
us_m46_patton_73_armor_bat,7.0,,,0.0,,2.33,225.0,69.67,0.0,0.0,4.56,2.72,0.0,,,,,,"M46_""Tiger"""
germ_pzkpfw_Maus,7.0,,,,,,474.0,53.26,0.0,0.0,5.34,4.56,12.0,,,,,,Maus
ef_2000_fgr4,8.0,,,2.0,,0.0,81.0,37.78,0.89,0.97,0.0,0.0,0.0,,,,,,Typhoon_FGR.4
ussr_t_60_1941,9.0,100.0,0.0,,1.0,,0.0,,,,,,0.0,,,,,,T-60
germ_flakpz_1a2_Gepard,9.0,,,1.0,,1.0,311.0,37.16,1.04,0.57,1.09,0.61,0.0,,,,,,Gepard_1A2
vl_myrsky_2_late,8.0,,,,,,30.0,77.78,0.22,0.22,0.48,0.48,0.0,,,,,,VL_Myrsky_II
sw_strv_104,9.0,,,0.0,,1.0,337.0,51.94,0.0,0.0,1.93,1.71,0.0,,,,,,Strv_104
ju-88a-4,7.0,,,0.0,,2.29,0.0,,,,,,0.0,,,,,,Ju_88_A-4
er-2_m105_mv3,9.0,100.0,0.0,0.0,1.44,1.44,6.0,,,0.0,,0.0,0.0,,,,,,Yer-2_(M-105)
ussr_2s25m,7.0,,,,,,804.0,50.62,0.0,0.0,1.64,1.21,5.0,,,0.0,,1.0,2S25M
bf-109e-3,7.0,,,1.86,,0.0,42.0,100.0,0.0,0.31,0.0,0.38,0.0,,,,,,Bf_109_E-3
us_m18_hellcat_black_cat,7.0,100.0,0.0,0.0,5.86,5.86,1027.0,77.47,0.0,0.0,2.99,2.75,3.0,100.0,0.0,0.0,7.0,7.0,"M18_""Black_Cat"""
fokker_d21_serie3_finland,8.0,,,,,,8.0,,,,,,0.0,,,,,,Fokker_D.XXI-3
il_m48a1_patton_III,10.0,50.0,0.5,1.0,1.0,2.0,136.0,55.0,0.0,0.0,1.55,1.12,0.0,,,,,,Magach_1
yak-38,9.0,,,,,,47.0,33.33,0.7,0.2,0.0,0.0,0.0,,,,,,Yak-38
germ_thyssen_henschel_tam_2c,8.0,50.0,0.0,0.0,0.5,1.0,229.0,45.56,0.0,0.0,1.44,1.4,7.0,,,0.0,,0.0,TAM_2C
tornado_gr4,9.0,,,,,,13.0,46.67,0.87,1.1,0.47,0.63,0.0,,,,,,Tornado_GR.4
h-75a-4_france,7.0,,,,,,0.0,,,,,,0.0,,,,,,H-75A-4
bf_109t_2,8.0,,,,,,0.0,,,,,,0.0,,,,,,Bf_109_T-2
jh_7a,8.0,100.0,1.0,1.0,6.0,6.0,30.0,84.21,0.29,0.29,1.16,1.16,11.0,,,0.0,,4.0,JH-7A
p-61a_1,6.0,100.0,4.0,4.0,7.0,7.0,13.0,100.0,1.0,0.5,2.0,1.5,0.0,,,,,,P-61A-11
fw_190a_5_u14,6.0,,,2.0,,0.0,0.0,,,,,,0.0,,,,,,Fw_190_A-5/U14
ussr_to_55,7.0,,,,,,357.0,54.72,0.0,0.0,4.83,2.37,4.0,,,,,,TO-55
mosquito_fb_mk6_norway,7.0,,,1.71,,4.0,7.0,,,,,,0.0,,,,,,◢Mosquito_FB.Mk.VI
uk_ac4_thunderbolt,6.0,,,,,,104.0,45.24,0.0,0.0,2.79,2.28,20.0,100.0,0.0,0.0,4.0,4.0,A.C.IV
us_m1a1_aim_abrams,8.0,,,,,,1218.0,56.59,0.0,0.0,1.84,1.76,2.0,,,0.0,,0.0,M1A1_AIM
jp_type_90b,9.0,50.0,0.0,0.0,4.0,4.0,638.0,48.65,0.0,0.0,1.51,1.46,0.0,,,,,,Type_90_(B)
ki_84_ko,5.0,,,,,,70.0,100.0,2.7,2.02,2.33,1.66,0.0,,,,,,Ki-84_ko
lagg-3-66,7.0,,,1.0,,0.0,0.0,,,,,,0.0,,,,,,LaGG-3-66
yak-30d,6.0,,,1.33,,0.0,0.0,,,,,,0.0,,,,,,Yak-30D
d_520_france,7.0,100.0,1.0,1.0,1.0,1.0,78.0,77.67,1.24,1.5,0.0,0.0,0.0,,,,,,D.520
pyorremyrsky,6.0,,,6.5,,0.0,119.0,100.0,5.28,6.52,3.72,4.6,0.0,,,,,,VL_Pyörremyrsky
p-38g,6.0,,,,,,0.0,,,,,,0.0,,,,,,P-38G-1
tu_14t,6.0,,,0.0,,1.0,27.0,0.0,0.0,0.0,0.0,0.0,0.0,,,,,,Tu-14T
uk_centurion_mk_1,8.0,100.0,0.0,0.0,2.0,2.0,77.0,100.0,0.0,0.0,6.0,5.89,0.0,,,,,,Centurion_Mk_1
xp-50,6.0,,,2.0,,0.0,78.0,69.26,1.31,1.71,0.61,0.73,1.0,,,1.0,,0.0,XP-50
f_100f_china,7.0,,,,,,7.0,100.0,1.0,1.0,0.0,0.0,0.0,,,,,,F-100F_(China)
fr_leopard_2a6nl,8.0,,,,,,0.0,,,,,,0.0,,,,,,Leopard_2A6NL
it_m55,6.0,100.0,0.0,0.0,1.0,1.0,33.0,0.0,0.0,0.0,1.0,0.7,1.0,,,,,,M55
sw_strv_81,6.0,,,,,,90.0,70.33,0.0,0.0,1.69,0.89,0.0,,,,,,Strv_81
uk_boxer_crv_block2,8.0,,,0.0,,1.0,390.0,65.57,0.02,0.01,1.79,0.81,0.0,,,,,,CRV_Block_2
ussr_object_775,8.0,,,,,,229.0,51.46,0.0,0.0,3.41,1.59,0.0,,,,,,Object_775
a5m4,8.0,,,1.0,,0.75,0.0,,,,,,0.0,,,,,,A5M4
f1,7.0,,,1.0,,0.0,1.0,,,,,,0.0,,,,,,F-1
cn_ztz_88b,6.0,,,,,,187.0,67.23,0.0,0.0,2.89,3.31,0.0,,,,,,ZTZ88B
cn_pgz_09,7.0,,,,,,216.0,53.29,0.98,0.81,0.75,0.58,0.0,,,,,,PGZ09
fr_amx_40,8.0,0.0,0.0,0.0,2.0,2.0,267.0,49.23,0.0,0.0,1.68,1.5,4.0,,,0.0,,2.0,AMX-40
p-40c_china,8.0,,,0.0,,0.0,0.0,,,,,,0.0,,,,,,H-81A-2
cn_ztz_88a,6.0,,,0.0,,1.0,138.0,53.69,0.0,0.0,2.28,2.52,0.0,,,,,,ZTZ88A
bf-109a_1,6.0,,,0.0,,0.0,0.0,,,,,,0.0,,,,,,Flegel's_Bf_109_A
fr_amx_30_1972,6.0,,,,,,158.0,66.18,0.0,0.0,2.2,2.59,0.0,,,,,,AMX-30_(1972)
j5n1,6.0,,,,,,0.0,,,,,,0.0,,,,,,J5N1
f-5a_thailand,6.0,66.67,0.3,0.4,5.3,6.4,54.0,66.67,0.7,1.0,0.3,0.5,0.0,,,,,,F-5A
us_m6a2e1,4.0,100.0,1.0,1.0,8.0,8.0,65.0,50.0,0.0,0.0,4.72,4.25,0.0,,,,,,M6A2E1
a_7e,6.0,100.0,0.0,0.0,3.0,2.83,20.0,100.0,0.0,0.0,1.8,1.8,0.0,,,,,,A-7E
uk_challenger_2_dorchester,9.0,50.0,0.0,0.0,3.5,3.5,192.0,42.22,0.0,0.0,1.97,1.17,0.0,,,,,,Challenger_2_(2F)
fr_vab_santal,5.0,100.0,2.0,,1.0,,114.0,48.48,1.05,1.01,0.0,0.0,0.0,,,,,,SANTAL
uk_challenger_II,9.0,66.67,0.0,0.0,2.3,3.5,517.0,51.18,0.0,0.0,1.75,1.44,0.0,,,,,,uk_challenger_ii_shop
f-84f_france,6.0,100.0,0.0,0.0,3.33,3.33,0.0,,,,,,0.0,,,,,,F-84F
it_semovente_breda_501,5.0,77.78,0.0,0.0,3.47,4.33,261.0,53.11,0.0,0.0,2.29,1.65,0.0,,,,,,Breda_501
fr_leopard_2a4nl,7.0,,,0.0,,3.0,177.0,45.51,0.0,0.0,1.86,2.02,0.0,,,,,,Leopard_2A4NL
germ_pzkpfw_III_ausf_N,7.0,,,0.0,,2.0,27.0,100.0,0.0,0.0,7.47,6.21,0.0,,,,,,Pz.III_N
rafale_c_f3,5.0,,,1.4,,0.0,162.0,80.11,2.35,3.17,0.26,0.3,0.0,,,,,,Rafale_C_F3
i-16_type24,4.0,,,2.0,,0.0,0.0,,,,,,0.0,,,,,,I-16_type_24
rafale_m_f3r,5.0,,,1.0,,0.0,117.0,57.12,1.82,2.05,0.54,0.63,22.0,,,3.0,,0.0,Rafale_M_F3-R
fr_amx_50_1950,6.0,,,0.0,,1.17,90.0,52.27,0.0,0.0,3.7,2.59,47.0,39.08,0.0,0.0,1.42,2.02,AMX-50_(TO90/930)
f-4e,7.0,100.0,4.71,4.71,2.71,2.71,419.0,50.95,1.48,1.75,0.25,0.3,12.0,,,0.36,,0.64,F-4E_Phantom_II
f_15c_msip2,6.0,0.0,1.33,1.33,0.0,0.0,303.0,69.42,2.47,1.88,0.14,0.14,40.0,,,1.43,,0.0,F-15C_MSIP_II
fr_amd_35,6.0,,,,,,19.0,,,0.0,,2.0,0.0,,,,,,AMD.35
f_16c_block_50,6.0,0.0,1.0,1.0,0.33,0.33,470.0,67.66,1.08,1.25,0.65,0.74,63.0,0.0,6.07,1.98,0.0,0.0,F-16C
us_m4a3e2_sherman_jumbo_cobra_king,5.0,,,0.0,,1.0,152.0,57.18,0.0,0.0,2.06,2.34,0.0,,,,,,Cobra_King
us_stingray,5.0,50.0,0.0,0.0,1.5,2.6,917.0,61.09,0.0,0.0,2.23,1.79,0.0,,,,,,Stingray
uk_a39_tortoise,7.0,0.0,0.0,0.0,1.0,1.0,2.0,,,0.0,,1.0,0.0,,,,,,Tortoise
ussr_su_122,7.0,100.0,0.0,0.0,2.0,2.0,112.0,50.0,0.0,0.0,2.07,1.23,0.0,,,,,,SU-122
f-86k_late,6.0,,,,,,37.0,,,1.0,,0.34,0.0,,,,,,F-86K
f-8e,6.0,100.0,2.0,2.0,0.0,0.0,0.0,,,,,,0.0,,,,,,F-8E
ussr_gaz_mm_72k,7.0,100.0,0.0,0.0,2.0,2.0,5.0,,,,,,0.0,,,,,,GAZ-MM_(72-K)
av_8b_plus,6.0,0.0,1.0,1.0,0.0,0.0,65.0,36.96,1.04,1.23,0.8,1.13,29.0,,,1.0,,0.0,AV-8B_Plus
ussr_isu_122,6.0,,,,,,13.0,,,0.0,,1.0,0.0,,,,,,ISU-122
la-9_china,7.0,,,1.0,,0.0,9.0,,,,,,0.0,,,,,,La-9_(China)
uk_eland_90_mk_7,7.0,,,,,,191.0,58.36,0.0,0.0,1.22,0.9,0.0,,,,,,Eland_90_Mk.7
ussr_bmp_2m,5.0,50.0,0.0,0.0,0.0,0.0,1388.0,42.79,0.0,0.0,1.23,0.84,0.0,,,,,,BMP-2M
us_m1296_dragoon,5.0,,,,,,118.0,56.67,0.0,0.0,2.1,0.84,0.0,,,,,,M1296
ussr_t_50,7.0,,,0.0,,0.29,111.0,37.55,0.0,0.0,1.29,1.4,0.0,,,,,,T-50
wellington_mk1c_luftwaffe,4.0,,,,,,0.0,,,,,,0.0,,,,,,Wellington_Mk_Ic
mc-205_serie1,6.0,,,5.0,,0.0,0.0,,,,,,0.0,,,,,,C._205_serie_1
us_m18_super_hellcat,6.0,,,,,,463.0,76.25,0.0,0.0,3.2,2.91,8.0,,,,,,Super_Hellcat
germ_leopard_2_pt14,6.0,,,0.0,,3.0,44.0,50.0,0.0,0.0,3.67,2.83,0.0,,,,,,PT-16/T14_mod.
it_leopard_2a7_hungary,6.0,,,0.0,,3.0,236.0,59.5,0.0,0.0,4.54,3.02,0.0,,,,,,Leopard_2A7HU
sb2u-2,6.0,,,0.0,,1.0,0.0,,,,,,0.0,,,,,,SB2U-2
i-153p,6.0,,,2.0,,0.0,54.0,66.67,3.0,4.5,2.05,3.08,17.0,,,0.0,,0.0,I-153P
uk_ram_90mm_aa,4.0,,,0.0,,4.0,135.0,83.97,0.0,0.0,5.58,5.45,10.0,100.0,0.0,0.0,2.0,1.4,QF_3.7_Ram
sea_fury_fb51,4.0,,,2.0,,0.0,22.0,50.0,0.5,0.56,0.5,1.78,0.0,,,,,,◘Sea_Fury_FB.51
us_lvt_a1_m24,4.0,,,0.0,,5.0,7.0,,,,,,0.0,,,,,,LVT(A)(1)_(M24)
spitfire_xvi,4.0,,,,,,0.0,,,,,,0.0,,,,,,Spitfire_F_Mk_XVI
a_7d,5.0,,,0.0,,1.0,53.0,95.0,1.3,1.3,2.85,2.85,0.0,,,,,,A-7D
il_centurion_mk_5_shot,4.0,,,,,,79.0,43.14,0.0,0.0,1.62,0.62,0.0,,,,,,Sho't
f_111f,5.0,,,0.0,,2.0,48.0,69.05,1.18,3.83,1.84,2.89,1.0,,,0.0,,0.0,F-111F
us_xm_975_roland,6.0,0.0,2.0,2.0,0.0,0.0,136.0,19.75,2.54,1.35,0.0,0.0,0.0,,,,,,XM975
cn_su_100_1945,4.0,,,,,,20.0,100.0,0.0,0.0,0.5,1.79,0.0,,,,,,SU-100_(China)
wyvern_s4,4.0,100.0,1.0,1.0,8.0,8.0,223.0,83.39,1.42,0.72,6.7,3.37,0.0,,,,,,Wyvern_S4
il-10_1946_hungary,5.0,,,0.6,,0.8,15.0,,,0.0,,4.0,0.0,,,,,,◔IL-10
cn_is_2_1943,4.0,,,,,,69.0,0.0,0.0,0.0,2.29,1.63,0.0,,,,,,IS-2_(China)
ussr_pantsyr_s1,4.0,0.0,1.25,1.25,0.0,0.0,337.0,7.41,2.25,0.65,0.0,0.0,0.0,,,,,,Pantsir-S1
fr_m4a4_sherman,5.0,,,0.0,,1.0,133.0,90.74,0.0,0.0,6.64,4.69,0.0,,,,,,M4A4
ki_43_2,4.0,,,1.0,,0.0,2.0,,,,,,25.0,100.0,0.0,0.0,1.0,1.0,Ki-43-II
germ_stug_III_ausf_F,4.0,0.0,0.0,0.0,1.0,1.0,135.0,33.61,0.0,0.0,2.54,2.39,0.0,,,,,,StuG_III_F
su-7bkl,5.0,,,0.0,,1.0,40.0,39.47,0.0,0.0,1.37,1.15,0.0,,,,,,Su-7BKL
us_m1128_mgs,5.0,,,0.0,,1.0,551.0,56.24,0.0,0.0,2.07,1.8,0.0,,,,,,M1128
sw_veak_40,4.0,0.0,1.0,1.0,0.0,0.0,242.0,18.87,0.17,0.08,0.74,0.36,0.0,,,,,,VEAK_40
it_vcc_80_hitfist_60,4.0,0.0,0.0,0.0,0.0,0.0,223.0,61.98,0.0,0.0,1.17,1.18,12.0,0.0,0.0,0.0,1.0,1.0,VCC-80/60
a7m1,4.0,,,1.0,,0.0,137.0,75.71,2.23,2.61,1.7,2.1,11.0,,,2.27,,0.0,A7M1_(NK9H)
bf_110g_4_hungary,4.0,,,,,,33.0,100.0,1.0,0.69,4.0,2.12,0.0,,,,,,◐Bf_110_G-4
mig_21_bis_finland,6.0,50.0,0.5,1.0,0.0,0.0,43.0,65.46,0.96,1.0,0.0,0.0,0.0,,,,,,MiG-21bis
sw_ikv_91,4.0,50.0,0.0,0.0,0.5,1.0,332.0,46.35,0.0,0.0,1.82,1.15,0.0,,,,,,Ikv_91
sw_landsverk_ush_405,4.0,,,0.0,,0.0,243.0,68.05,0.0,0.0,4.01,1.99,0.0,,,,,,U-SH_405
fr_m55,6.0,,,,,,0.0,,,,,,0.0,,,,,,M55
saab_ajs37,6.0,,,0.0,,0.0,64.0,100.0,1.58,1.05,3.81,2.52,0.0,,,,,,AJS37
saab_ja37,6.0,50.0,0.0,0.0,0.0,0.0,265.0,60.83,1.63,2.07,0.19,0.23,0.0,,,,,,JA37C
us_adats_bradley,6.0,50.0,0.0,0.0,0.0,0.0,658.0,40.54,0.8,0.42,0.48,0.25,0.0,,,,,,ADATS
saab_j35d,6.0,,,0.0,,0.0,49.0,55.77,1.15,1.96,0.04,0.06,14.0,,,1.0,,0.0,J35D
sw_strv_m41_s2,4.0,100.0,0.0,0.0,0.0,0.0,27.0,,,0.0,,0.0,0.0,,,,,,Strv_m/41_S-II
la-5fn_luftwaffe,4.0,100.0,22.0,,0.0,,30.0,50.0,0.5,1.0,0.0,0.0,0.0,,,,,,La-5FN
t2_early,3.0,,,,,,5.0,100.0,3.0,3.0,0.0,0.0,0.0,,,,,,T-2_Early
f-80a,3.0,100.0,1.0,,1.0,,73.0,0.0,2.28,1.96,2.11,2.22,0.0,,,,,,F-80A-5
fr_amx_13_fl_11,2.0,50.0,0.0,0.0,2.0,4.0,86.0,100.0,0.0,0.0,3.19,2.47,0.0,,,,,,AMX-13_(FL11)
germ_mkpz_super_m48,3.0,,,,,,85.0,77.78,0.0,0.0,5.89,2.57,21.0,42.86,0.0,0.0,1.0,1.0,M48_Super
bf-109f-4_hungary,5.0,,,6.5,,0.0,57.0,85.0,1.65,1.78,1.0,1.38,0.0,,,,,,◐Bf_109_F-4
it_m13_40_serie_1,5.0,,,,,,0.0,,,,,,0.0,,,,,,M13/40_(I)
it_m18_hellcat,5.0,,,0.0,,1.4,253.0,77.44,0.0,0.0,3.55,2.25,0.0,,,,,,M18
fr_leclerc_s2,4.0,,,0.0,,2.0,49.0,71.43,0.0,0.0,2.57,1.12,0.0,,,,,,Leclerc_S2
re_2000_heja_2,5.0,100.0,3.0,3.0,0.0,0.0,0.0,,,,,,0.0,,,,,,◔Héja_II
germ_pzkpfw_IV_ausf_E,3.0,,,,,,43.0,37.5,0.0,0.0,0.3,2.13,0.0,,,,,,Pz.IV_E
i-15bis_krasnolutsky,3.0,,,,,,0.0,,,,,,0.0,,,,,,Krasnolutsky's_I-15bis
it_of_40_mk_2a,3.0,,,,,,231.0,86.19,0.0,0.0,2.39,1.8,0.0,,,,,,OF-40_Mk.2A
fokker_d21_mod20,4.0,,,,,,0.0,,,,,,0.0,,,,,,Fokker_D.XXI
p-26a_34_m2,3.0,,,1.0,,0.0,0.0,,,,,,0.0,,,,,,P-26A-34_M2
fr_leclerc_s1,4.0,,,,,,129.0,33.18,0.0,0.0,2.24,1.63,0.0,,,,,,Leclerc
su_25sm3,3.0,0.0,1.0,1.0,0.0,0.0,31.0,100.0,1.4,1.4,2.2,2.2,0.0,,,,,,Su-25SM3
morko_morane,4.0,,,,,,29.0,50.0,0.85,1.37,0.6,0.93,0.0,,,,,,Mörkö-Morane
ussr_t_54_1951,3.0,,,0.0,,1.0,68.0,98.89,0.0,0.0,1.79,1.21,13.0,87.5,0.0,0.0,0.88,1.0,T-54_(1951)
mc200_serie7_italy,5.0,,,2.0,,0.0,0.0,,,,,,0.0,,,,,,C._200_serie_7
su_24m,3.0,0.0,0.0,0.0,0.0,0.0,88.0,60.95,0.0,0.0,2.89,3.25,28.0,,,0.0,,1.22,Су-24М
us_m901_itv,5.0,,,0.0,,0.0,28.0,,,0.0,,2.38,0.0,,,,,,M901
su_30mkm,3.0,100.0,7.0,,0.0,,358.0,60.3,1.14,1.15,1.2,1.33,0.0,,,,,,Su-30MKM
f-5e_fcu_thailand,3.0,66.67,0.7,0.7,7.0,7.0,159.0,85.48,2.7,1.8,2.59,1.7,0.0,,,,,,F-5E_FCU
alpha_jet_a_thailand,3.0,66.67,0.0,0.0,4.0,6.0,271.0,66.75,0.27,0.21,2.56,2.24,0.0,,,,,,Alpha_Jet_A
us_m4_sherman_promo,4.0,100.0,0.0,0.0,7.0,7.0,15.0,100.0,0.0,0.0,4.0,2.0,0.0,,,,,,M4
uk_t_90s_bheeshma,0.0,,,,,,328.0,73.78,0.0,0.0,3.55,2.03,0.0,,,,,,Bhishma_TWMP
buccaneer_s2,2.0,,,,,,18.0,100.0,0.0,0.0,1.22,1.22,0.0,,,,,,Buccaneer_S.2
meteor_nfmk13,3.0,,,1.0,,1.0,19.0,100.0,3.0,,3.21,,0.0,,,,,,Meteor_NF.13_(Israel)
it_semovente_m43_75_46,3.0,100.0,0.0,0.0,3.0,3.0,0.0,,,,,,0.0,,,,,,75/46_M43
germ_th_400,2.0,,,0.0,,1.0,153.0,47.67,0.0,0.0,1.75,1.34,0.0,,,,,,R400
mc-202_ec,2.0,,,,,,61.0,50.0,1.08,2.15,1.5,3.0,0.0,,,,,,C._202EC
md_450b_ouragan_iaf,3.0,,,1.0,,0.0,23.0,,,1.0,,0.0,0.0,,,,,,M.D.450B_Ouragan_(Israel)
il_magach_5,4.0,100.0,0.0,0.0,2.0,2.0,77.0,83.53,0.0,0.0,2.55,3.38,0.0,,,,,,Magach_5
germ_flakpanzer_I_ausf_A,3.0,0.0,0.0,,2.33,,24.0,,,0.0,,2.0,0.0,,,,,,Flakpanzer_I
re_2005_serie0,2.0,,,,,,7.0,,,,,,42.0,42.11,2.32,3.86,0.0,0.0,Re.2005_serie_0
mig-9_china,2.0,,,,,,0.0,,,,,,0.0,,,,,,MiG-9_(China)
mig-9_late_china,2.0,,,1.0,,0.0,0.0,,,,,,0.0,,,,,,MiG-9_(l)_(China)
tu_95m,4.0,,,,,,45.0,,,0.0,,0.08,20.0,,,0.08,,0.0,Ту-95М
fw-190a-5,4.0,,,,,,20.0,,,,,,0.0,,,,,,Fw_190_A-5/U12
spitfire_mk5b_notrop,4.0,100.0,2.0,2.0,0.0,0.0,0.0,,,,,,13.0,,,2.0,,0.0,Spitfire_Mk_Vb
jp_type_10_prototype,3.0,,,0.0,,1.0,401.0,60.78,0.0,0.0,2.42,1.71,0.0,,,,,,TKX_(P)
re_2001_serie1,2.0,,,,,,16.0,,,0.0,,0.0,0.0,,,,,,Re.2001_serie_1
ki_61_1a_hei,3.0,,,,,,7.0,,,,,,9.0,,,,,,Ki-61-I_hei
do_335a_0,3.0,100.0,2.5,2.5,0.0,0.0,3.0,100.0,1.0,1.0,4.0,4.0,0.0,,,,,,Do_335_A-0
sw_t_72m1,2.0,,,0.0,,1.0,367.0,64.85,0.0,0.0,2.51,2.35,0.0,,,,,,T-72M1
it_fiat_6614_106sr,2.0,,,0.0,,0.0,169.0,86.74,0.0,0.0,4.46,2.1,0.0,,,,,,FIAT_6614
germ_flakpanzer_zerstorer_45,2.0,,,,,,160.0,33.89,0.71,0.76,0.35,0.39,0.0,,,,,,Zerstörer_45
fr_m44,1.0,50.0,0.0,0.0,1.0,2.0,37.0,96.67,0.0,0.0,1.22,1.0,0.0,,,,,,M44
cn_type_65_aa,3.0,0.0,2.0,2.0,1.0,1.0,57.0,50.0,0.0,0.0,0.0,0.0,0.0,,,,,,Phòng_không_T-34
pb4y-2,2.0,,,0.0,,1.0,0.0,,,,,,0.0,,,,,,PB4Y-2
yak-9p,2.0,100.0,3.0,3.0,0.0,0.0,63.0,64.91,2.37,,0.99,,0.0,,,,,,Yak-9P
f8f1b_france,1.0,,,3.0,,0.0,138.0,87.03,1.41,0.99,3.01,2.6,0.0,,,,,,F8F-1B
uk_centurion_mk_5_avre_era,3.0,100.0,0.0,0.0,2.0,2.0,11.0,100.0,0.0,0.0,1.0,1.0,0.0,,,,,,Centurion_Mk.5_AVRE
typhoon_mk1b_late,4.0,,,4.0,,0.0,171.0,74.38,1.89,2.69,1.73,2.22,4.0,,,,,,Typhoon_Mk_Ib/L
uk_sherman_vc_firefly_kit_3rank,3.0,100.0,0.0,0.0,1.0,1.0,90.0,61.49,0.0,0.0,3.73,2.52,0.0,,,,,,Firefly_(Overlord)
f7f1,1.0,100.0,2.0,2.0,0.0,0.0,109.0,73.68,0.75,0.7,1.21,1.12,0.0,,,,,,F7F-1
f2h-2,1.0,100.0,2.0,2.0,0.0,0.0,172.0,82.96,3.04,1.54,1.08,0.56,0.0,,,,,,F2H-2
f8f1b,1.0,,,1.0,,0.0,862.0,77.22,0.64,0.63,2.06,2.02,0.0,,,,,,F8F-1B
fr_arl_44_acl1,1.0,,,,,,75.0,,,0.0,,0.83,0.0,,,,,,ARL-44_(ACL-1)
j8m1,2.0,100.0,0.0,0.0,1.0,1.0,81.0,58.82,1.29,5.76,0.24,1.0,0.0,,,,,,Ki-200
la-11_china,2.0,,,,,,20.0,,,2.0,,0.0,0.0,,,,,,La-11_(China)
it_leopard_1a2,2.0,50.0,0.0,0.0,1.0,1.0,101.0,48.89,0.0,0.0,2.49,1.24,0.0,,,,,,Leopard_1A2
us_m10_booker_late,1.0,,,0.0,,1.0,866.0,55.97,0.0,0.0,1.45,1.32,0.0,,,,,,M10_Booker
us_m60a2,2.0,,,,,,80.0,100.0,0.0,0.0,5.45,1.85,0.0,,,,,,M60A2
sm_91,2.0,,,,,,50.0,,,0.0,,0.48,0.0,,,,,,SM.91
p-26b_35,1.0,,,,,,0.0,,,,,,0.0,,,,,,P-26B-35
jp_type_99,3.0,,,0.0,,0.0,224.0,63.91,0.6,0.77,1.63,2.1,0.0,,,,,,Type_99
ussr_bmd_4m2,1.0,0.0,0.0,0.0,1.0,1.0,555.0,45.14,0.0,0.0,1.22,0.94,30.0,75.0,0.0,0.0,1.0,0.26,БМД-4M2
jp_type_16,2.0,,,,,,197.0,60.45,0.0,0.0,2.44,1.97,0.0,,,,,,Type_16
it_c1_ariete,2.0,100.0,0.0,0.0,3.0,3.0,27.0,50.0,0.0,0.0,1.5,1.5,0.0,,,,,,Ariete
b-29,0.0,,,,,,0.0,,,,,,13.0,,,,,,B-29A-BN
ussr_su_122P,0.0,,,,,,6.0,0.0,0.0,0.0,1.0,1.0,0.0,,,,,,SU-122P
ki_44_1,0.0,,,,,,0.0,,,,,,0.0,,,,,,Ki-44-I
f-86f-40_japan,1.0,100.0,0.0,0.0,2.0,2.0,70.0,73.89,1.17,2.73,0.85,1.77,0.0,,,,,,F-86F-40_
bf-109c_1_promo,0.0,,,,,,0.0,,,,,,0.0,,,,,,Bf_109_C-1_Promo
jp_m42_duster,2.0,,,,,,126.0,56.93,0.39,0.49,1.65,1.63,0.0,,,,,,M42
it_c1_ariete_pso,2.0,,,,,,73.0,91.95,0.0,0.0,3.14,2.3,0.0,,,,,,Ariete_PSO
i-16_type10,0.0,,,,,,0.0,,,,,,0.0,,,,,,I-16_type_10
it_otobreda_sidam_25_mistral,2.0,,,,,,23.0,50.0,0.5,0.5,0.0,0.0,0.0,,,,,,SIDAM_25_(Mistral)
i-16_type18,0.0,,,,,,0.0,,,,,,0.0,,,,,,I-16_type_18
seafire_mk3_france,1.0,,,,,,3.0,100.0,1.0,0.67,1.0,1.0,0.0,,,,,,Seafire_LF_Mk.III
yak-3_france,1.0,,,,,,116.0,85.12,3.81,6.14,1.48,2.77,10.0,,,,,,Yak-3
harrier_gr3,0.0,,,,,,20.0,84.62,1.34,1.5,1.65,1.93,0.0,,,,,,Harrier_GR.3
il_zsu_23_4,1.0,100.0,1.0,1.0,0.0,0.0,86.0,87.5,0.31,0.55,0.0,0.0,0.0,,,,,,ZSU-23-4_(Israel)
it_b1_centauro,1.0,,,,,,600.0,64.07,0.0,0.0,1.55,1.51,12.0,5.0,0.0,0.0,0.95,1.0,Centauro_I_105
it_zsu_23_4,1.0,0.0,1.0,1.0,0.0,0.0,57.0,36.36,0.16,0.18,0.05,0.02,0.0,,,,,,◔ZSU-23-4
us_nasams_fcs,0.0,,,,,,333.0,65.89,1.46,0.91,0.0,0.0,0.0,,,,,,NASAMS_3_(СОЦ)
sw_pvkv_iv,2.0,,,0.0,,1.0,12.0,,,,,,0.0,,,,,,Pvkv_IV
fr_m3a3_stuart,2.0,,,,,,54.0,98.15,0.0,0.0,1.81,1.0,0.0,,,,,,M3A3_Stuart
tbd-1_1938,0.0,,,,,,6.0,,,0.0,,1.0,0.0,,,,,,TBD-1
hunter_f6,0.0,,,,,,107.0,70.88,2.58,2.46,0.76,0.91,0.0,,,,,,Hunter_F.6
b_18a,0.0,,,,,,0.0,,,,,,0.0,,,,,,B-18A
jp_type_95_so_ki,2.0,0.0,1.0,1.0,0.0,0.0,15.0,,,,,,0.0,,,,,,So-Ki
cn_ztz_99,0.0,,,,,,108.0,68.34,0.0,0.0,1.82,1.46,0.0,,,,,,ZTZ99-II
lightning_f6,0.0,,,,,,2.0,100.0,2.0,2.0,0.0,0.0,9.0,,,2.0,,0.0,Lightning_F.6
yak-9p_hungary,0.0,,,,,,18.0,0.0,0.0,0.0,1.0,1.0,0.0,,,,,,◔Yak-9P
sw_leopard_1a5no,0.0,,,,,,360.0,52.67,0.0,0.0,2.3,1.81,0.0,,,,,,Leopard_1A5NO2
mc-205_serie3,0.0,,,,,,0.0,,,,,,0.0,,,,,,C._205_serie_3
it_of_40_mk_1,2.0,0.0,0.0,0.0,1.0,1.5,147.0,67.67,0.0,0.0,1.95,1.99,0.0,,,,,,OF-40
pbm_1,0.0,,,,,,0.0,,,,,,0.0,,,,,,"PBM-1_""Mariner"""
fr_amx_m4,1.0,,,0.0,,1.0,735.0,74.23,0.0,0.0,3.14,2.56,78.0,100.0,0.0,0.0,3.07,1.58,AMX_M4
fr_somua_s35,2.0,,,0.0,,3.0,9.0,,,0.0,,1.0,0.0,,,,,,S.35
b6n1,0.0,,,,,,15.0,100.0,0.0,,1.0,,0.0,,,,,,B6N1_Model_11
hp52_hampden_tbmk1_ussr_utk1,0.0,,,,,,0.0,,,,,,0.0,,,,,,Hampden_TB_Mk_I
ki_32,0.0,,,,,,0.0,,,,,,0.0,,,,,,Ki-32
db_7,0.0,,,,,,0.0,,,,,,0.0,,,,,,DB-7
f-84g_thailand,0.0,,,,,,54.0,56.67,0.79,1.38,1.78,3.17,0.0,,,,,,F-84G-21-RE
p-39q_25_france,0.0,,,,,,3.0,,,,,,0.0,,,,,,P-39Q-25
ussr_object_248,0.0,,,,,,37.0,23.33,0.0,0.0,3.43,2.83,0.0,,,,,,Object_248
cn_m42_duster,0.0,,,,,,9.0,,,0.0,,0.0,0.0,,,,,,M42_(China)
spitfire_lf_mk9c_cw_greece,0.0,,,,,,108.0,78.12,0.81,0.44,0.67,0.35,0.0,,,,,,Spitfire_LF_Mk.IXc_(CW)
yak-9t_france,0.0,,,,,,0.0,,,,,,0.0,,,,,,Challe's_Yak-9T
fw-190d-12,0.0,,,,,,0.0,,,,,,13.0,0.0,3.88,4.0,0.0,0.0,Fw_190_D-12
f_16a_block_10_iaf,0.0,,,,,,0.0,,,,,,4.0,,,1.0,,0.0,Netz
beaufighter_mk6c,0.0,,,,,,0.0,,,,,,0.0,,,,,,Beaufighter_Mk_VIc
pe-2-1,0.0,,,,,,11.0,,,0.0,,0.0,0.0,,,,,,Pe-2-1
it_t_72m1,0.0,,,,,,421.0,68.15,0.0,0.0,3.09,3.07,0.0,,,,,,◔T-72M1
sbd-3,0.0,,,,,,0.0,,,,,,0.0,,,,,,SBD-3
fr_vbci2_mct30,0.0,,,,,,57.0,56.41,0.0,0.0,0.51,0.75,0.0,,,,,,VBCI-2_(MCT30)
tu-2_postwar_china,0.0,,,,,,22.0,100.0,0.0,0.0,2.13,1.82,0.0,,,,,,Tu-2S-44_(China)
mirage_2000_5f,0.0,,,,,,60.0,32.78,1.82,1.68,0.38,0.33,0.0,,,,,,Mirage_2000-5F
so_4050_vautour_2a_iaf,0.0,,,,,,0.0,,,,,,0.0,,,,,,Vautour_IIA_IDF/AF
f-84g_china,0.0,,,,,,0.0,,,,,,0.0,,,,,,F-84G-21-RE_(China)
b-17g_iaf,0.0,,,,,,0.0,,,,,,0.0,,,,,,B-17G_(Israel)
a-26b,0.0,,,,,,0.0,,,,,,0.0,,,,,,A-26B-50
us_m56_scorpion,0.0,,,,,,242.0,53.81,0.0,0.0,2.7,1.15,0.0,,,,,,M56
re_2001_cn,0.0,,,,,,15.0,68.18,1.09,0.0,0.73,0.0,0.0,,,,,,Re.2001_CN
il_merkava_mk_3_raam_segol,0.0,,,,,,645.0,54.54,0.0,0.0,3.43,2.3,21.0,,,0.0,,1.29,Ra'am_Sagol
jp_type_89,0.0,,,,,,304.0,70.89,0.0,0.0,3.46,2.42,0.0,,,,,,Type_89
ki_10_1_commander,0.0,,,,,,0.0,,,,,,0.0,,,,,,Ki-10-I_C
il-10_1946_china,0.0,,,,,,23.0,,,0.0,,7.0,0.0,,,,,,IL-10_(1946)_(China)
germ_pzkpfw_V_ersatz_m10,0.0,,,,,,17.0,,,0.0,,3.41,0.0,,,,,,Ersatz_M10
harrier_frs1_early,0.0,,,,,,0.0,,,,,,0.0,,,,,,Sea_Harrier_FRS.1_(e)
sm_79_1939_italy,0.0,,,,,,0.0,,,,,,0.0,,,,,,S.M.79_serie_8
su_6_single,0.0,,,,,,46.0,86.36,0.35,0.35,4.08,5.1,0.0,,,,,,Su-6
a6m6c,0.0,,,,,,57.0,85.56,2.06,2.13,1.66,1.86,0.0,,,,,,A6M6c
g_55_serie1,0.0,,,,,,20.0,91.67,1.75,0.47,0.92,0.87,0.0,,,,,,G.55_serie_1
saab_j21a_2,0.0,,,,,,7.0,,,,,,0.0,,,,,,J21A-2
p-63c-5_kingcobra_animal_version,0.0,,,,,,251.0,67.74,0.73,0.94,2.55,3.34,0.0,,,,,,␠Kingcobra
b-17g,0.0,,,,,,22.0,,,0.0,,0.0,0.0,,,,,,B-17G-60-VE
ki_61_1a_ko,0.0,,,,,,0.0,,,,,,0.0,,,,,,Ki-61-I_ko
it_ab_43,0.0,,,,,,2.0,,,,,,0.0,,,,,,AB_43
p-39k_1,0.0,,,,,,0.0,,,,,,0.0,,,,,,P-39K-1
us_ccvl,0.0,,,,,,201.0,74.17,0.0,0.0,5.45,3.53,0.0,,,,,,CCVL
f2a-1,0.0,,,,,,0.0,,,,,,0.0,,,,,,F2A-1
xp-55,0.0,,,,,,37.0,83.33,2.5,1.79,3.33,2.57,0.0,,,,,,XP-55
f4u-7,0.0,,,,,,336.0,65.64,0.34,0.35,1.93,1.97,4.0,,,2.0,,2.0,F4U-7
ki_44_2_otsu,0.0,,,,,,0.0,,,,,,0.0,,,,,,Ki-44-II_otsu
germ_flarakpz_1,0.0,,,,,,39.0,50.0,0.65,0.94,0.0,0.0,0.0,,,,,,FlaRakPz_1
f2a-3,0.0,,,,,,0.0,,,,,,0.0,,,,,,F2A-3
pbj_1j,0.0,,,,,,0.0,,,,,,0.0,,,,,,PBJ-1J
jp_type_74_f,0.0,,,,,,281.0,61.45,0.0,0.0,2.81,2.5,0.0,,,,,,Type_74_(F)
jp_m60a3_tts,0.0,,,,,,44.0,100.0,0.0,0.0,6.0,3.78,0.0,,,,,,M60A3_TTS
sw_cv_90120,0.0,,,,,,185.0,50.0,0.0,0.0,2.27,2.39,0.0,,,,,,CV_90120
ki_61_1a_tei,0.0,,,,,,5.0,100.0,0.0,0.0,0.0,0.0,0.0,,,,,,Ki-61-I_tei
jp_type_16_mod,0.0,,,,,,185.0,68.72,0.0,0.0,4.12,2.16,0.0,,,,,,Type_16_(FPS)
uk_m3a1_stuart,0.0,,,,,,7.0,100.0,0.0,0.0,4.0,2.71,0.0,,,,,,Stuart_III
f2g-1,0.0,,,,,,261.0,68.22,1.03,0.85,2.44,2.04,0.0,,,,,,F2G-1
p-40e,0.0,,,,,,30.0,100.0,0.0,0.0,0.0,0.0,0.0,,,,,,P-40E-1
typhoon_mk1a,0.0,,,,,,10.0,,,0.0,,0.0,0.0,,,,,,Typhoon_Mk_Ia
ta_154a_1,0.0,,,,,,19.0,0.0,1.0,1.0,0.0,0.0,0.0,,,,,,Ta_154_A-1
us_m8a1,0.0,,,,,,3.0,,,0.0,,4.0,0.0,,,,,,M8A1_GMC
a6m5hei,0.0,,,,,,14.0,100.0,2.0,2.0,3.0,3.0,0.0,,,,,,A6M5_Hei
sb2c_4,0.0,,,,,,17.0,,,,,,0.0,,,,,,SB2C-4
vb_10c1,0.0,,,,,,9.0,100.0,1.44,2.0,0.0,0.0,0.0,,,,,,VB.10C-1
il_mim_72_chaparral,0.0,,,,,,37.0,100.0,0.54,1.0,0.0,0.0,0.0,,,,,,Imp.Chaparral_(Israel)
jaguar_gr1,0.0,,,,,,2.0,,,,,,0.0,,,,,,Jaguar_GR.1
germ_sdkfz_251_21,0.0,,,,,,106.0,22.92,1.29,1.4,0.24,0.3,0.0,,,,,,Sd.Kfz.251/21
il_2_37_1943,0.0,,,,,,0.0,,,,,,0.0,,,,,,IL-2-37
mig_3_series_34,0.0,,,,,,0.0,,,,,,0.0,,,,,,MiG-3-34
uk_a30_sp_avenger_kit_3rank,0.0,,,,,,84.0,80.95,0.0,0.0,4.04,3.42,0.0,,,,,,Avenger_(Overlord)
n1k2_j,0.0,,,,,,12.0,,,2.5,,2.5,0.0,,,,,,N1K2-J
it_semovente_m43_105_leoncello,0.0,,,,,,0.0,,,,,,0.0,,,,,,"M43_""G.C.Leoncello"""
saab_a21a_3,0.0,,,,,,164.0,59.75,0.28,0.34,0.8,0.9,0.0,,,,,,A21A-3
ki-83,0.0,,,,,,0.0,,,,,,0.0,,,,,,Ki-83
uk_a_22f_mk_7_churchill_crocodile,0.0,,,,,,76.0,82.14,0.0,0.0,4.94,3.38,0.0,,,,,,Churchill_Crocodile
yak-23,0.0,,,,,,3.0,,,1.0,,0.0,0.0,,,,,,Yak-23
fr_vbci,0.0,,,,,,405.0,57.4,0.0,0.0,1.77,1.41,0.0,,,,,,VBCI
f-4f_late,0.0,,,,,,172.0,60.82,0.47,0.36,2.01,1.63,0.0,,,,,,◄F-4F
fr_pzkpfw_V_panther_dauphine,0.0,,,,,,7.0,,,,,,0.0,,,,,,Panther_«Dauphine»
md_454_mystere_4a,0.0,,,,,,8.0,,,,,,0.0,,,,,,Mystere_IVA
me-262a1_u1,0.0,,,,,,76.0,11.11,1.38,0.72,1.1,0.48,0.0,,,,,,Me_262_A-1a/U1
i-16_type10_china,0.0,,,,,,0.0,,,,,,0.0,,,,,,I-16_type_10_(China)
jp_type_5_chi_ri,0.0,,,,,,172.0,59.17,0.0,0.0,3.83,2.95,7.0,0.0,0.0,0.0,1.0,1.0,Chi-Ri_II
fr_crusader_mk_2,0.0,,,,,,50.0,100.0,0.0,0.0,2.33,1.61,0.0,,,,,,Crusader_Mk.II
hornet_mk3,0.0,,,,,,0.0,,,,,,0.0,,,,,,Hornet_Mk.III
ki_10_2,0.0,,,,,,20.0,,,,,,0.0,,,,,,Ki-10-II
mig-17,0.0,,,,,,99.0,61.11,2.67,5.44,1.34,2.74,0.0,,,,,,MiG-17
saab_j21a_1,0.0,,,,,,15.0,,,1.2,,1.0,0.0,,,,,,J21A-1
us_t86,0.0,,,,,,84.0,55.56,0.0,0.0,2.52,1.88,0.0,,,,,,T86
re_2000_j20,0.0,,,,,,0.0,,,,,,0.0,,,,,,J20
j_7d,0.0,,,,,,347.0,66.75,1.4,1.81,0.34,0.45,0.0,,,,,,J-7D
it_leopard_1a5,0.0,,,,,,479.0,66.7,0.0,0.0,2.3,2.14,0.0,,,,,,Leopard_1A5
p-51c-10_france,0.0,,,,,,12.0,100.0,1.14,1.0,1.0,1.0,0.0,,,,,,F-6C-10-NA
n1k2_jko,0.0,,,,,,19.0,100.0,0.73,,1.73,,0.0,,,,,,N1K2-Ja
il_magach_6_rocket,0.0,,,,,,112.0,55.56,0.0,0.0,4.99,2.61,0.0,,,,,,Magach_Hydra
xf5f,0.0,,,,,,7.0,,,,,,0.0,,,,,,XF5F
bf-109e-3_japan,0.0,,,,,,30.0,15.63,1.97,2.17,0.84,1.0,0.0,,,,,,Bf_109_E-7
fr_amx_13_dca_40,0.0,,,,,,284.0,56.85,0.05,0.05,1.38,1.15,0.0,,,,,,AMX-13_DCA_40
ussr_bmp_2,0.0,,,,,,580.0,52.26,0.0,0.0,1.43,0.98,18.0,100.0,0.0,0.0,1.0,1.0,BMP-2
us_m2_medium,0.0,,,,,,0.0,,,,,,0.0,,,,,,M2
md_460,0.0,,,,,,28.0,50.0,1.5,1.5,1.32,1.32,0.0,,,,,,Super_Mystere_B2
su-7b,0.0,,,,,,39.0,41.67,0.58,0.58,0.83,0.83,0.0,,,,,,Su-7B
fiat_g50_seria7as_italy,0.0,,,,,,0.0,,,,,,0.0,,,,,,G.50_AS_serie_7
ki_84_hei,0.0,,,,,,74.0,79.49,1.73,1.39,1.52,1.23,0.0,,,,,,Ki-84_hei
a_10c,0.0,,,,,,68.0,70.56,0.48,0.57,4.55,5.25,20.0,,,,,,A-10C
ki_84_otsu,0.0,,,,,,15.0,50.0,1.5,3.0,0.0,0.0,0.0,,,,,,Ki-84_otsu
us_t55e1,0.0,,,,,,95.0,83.33,0.0,0.0,7.34,3.04,0.0,,,,,,T55E1
n1k1_ja,0.0,,,,,,0.0,,,,,,0.0,,,,,,N1K1-Ja
do_217n_1,0.0,,,,,,0.0,,,,,,0.0,,,,,,Do_217_N-1
ki_43_1,0.0,,,,,,0.0,,,,,,0.0,,,,,,Ki-43-I
f_111a,0.0,,,,,,8.0,0.0,0.0,0.0,1.0,0.5,16.0,,,,,,F-111A
ussr_object_685,0.0,,,,,,451.0,51.9,0.0,0.0,1.57,1.3,0.0,,,,,,Object_685
db_3a_china,0.0,,,,,,0.0,,,,,,0.0,,,,,,DB-3A_(China)
germ_vilkas,0.0,,,,,,95.0,42.78,0.13,0.21,1.37,1.76,0.0,,,,,,Vilkas
alpha_jet_e,0.0,,,,,,34.0,100.0,0.0,0.0,1.28,1.31,0.0,,,,,,Alpha_Jet_E
la_200_toriy,0.0,,,,,,81.0,2.78,0.73,0.92,4.73,1.63,0.0,,,,,,La-200
p-40f_10,0.0,,,,,,23.0,30.0,0.7,0.41,1.0,1.0,13.0,,,,,,P-40F-10
jp_type_75,0.0,,,,,,62.0,59.17,0.78,0.52,3.59,3.52,0.0,,,,,,Type_75_SPH
spitfire_ix_ussr,0.0,,,,,,51.0,90.56,2.46,3.72,0.93,3.0,0.0,,,,,,Spitfire_Mk_IXc
cn_type_63_I,0.0,,,,,,104.0,25.4,0.0,0.0,1.19,0.61,0.0,,,,,,Type_63-I
seafire_mk17,0.0,,,,,,24.0,,,,,,0.0,,,,,,Seafire_F_Mk_XVII
er-2_m105r_lu2b,0.0,,,,,,9.0,,,,,,0.0,,,,,,Yer-2_(M-105R)_LU
fr_amx_10p,0.0,,,,,,188.0,41.67,0.32,0.35,0.51,0.54,0.0,,,,,,AMX-10P
us_t77e1,0.0,,,,,,98.0,47.06,2.53,2.33,0.0,0.0,0.0,,,,,,T77E1
germ_leopard_2a4m_can_sm,0.0,,,,,,1655.0,45.87,0.0,0.0,1.5,1.28,0.0,,,,,,◍Leopard_2A4M
uk_olifant_mk_2,0.0,,,,,,151.0,90.0,0.0,0.0,3.99,2.58,0.0,,,,,,Olifant_Mk.2
jp_type_1_chi_he,0.0,,,,,,29.0,,,0.0,,2.5,0.0,,,,,,Chi-He
us_m1a1_abrams,0.0,,,,,,990.0,57.33,0.0,0.0,1.76,1.83,0.0,,,,,,M1A1
germ_m55,0.0,,,,,,77.0,95.0,0.0,0.0,3.95,1.53,0.0,,,,,,◄M55
lancaster_mr7_france,0.0,,,,,,0.0,,,,,,0.0,,,,,,Lancaster_MR.7
cn_gmc_cckw_353_m45_quad,0.0,,,,,,10.0,,,,,,0.0,,,,,,CCKW_353_(M45)
pbm_5a,0.0,,,,,,9.0,50.0,0.5,1.0,1.0,2.0,0.0,,,,,,"PBM-5A_""Mariner"""
p-38l_1_china_rocaf,0.0,,,,,,74.0,50.0,0.5,0.63,0.86,1.53,0.0,,,,,,P-38L-1_(China)
ussr_t_80um2,0.0,,,,,,303.0,58.94,0.0,0.0,3.03,1.92,0.0,,,,,,T-80UM2
uk_ratel_90,0.0,,,,,,88.0,86.92,0.0,0.0,3.42,1.96,0.0,,,,,,Ratel_90
uk_charioteer_mk_7,0.0,,,,,,105.0,61.9,0.0,0.0,5.0,2.49,0.0,,,,,,Charioteer_Mk_VII
p-63c-5_france,0.0,,,,,,7.0,100.0,0.0,0.0,2.0,2.0,0.0,,,,,,P-63C-5
spitfiremkiia,0.0,,,,,,1.0,,,,,,0.0,,,,,,Spitfire_Mk_IIa
us_m47_patton_II,0.0,,,,,,271.0,51.35,0.0,0.0,2.88,1.43,0.0,,,,,,M47
il_2_1942_luftwaffe,0.0,,,,,,3.0,0.0,0.0,0.0,0.0,0.0,0.0,,,,,,IL-2_(1942)
er-2_ach30b_early,0.0,,,,,,0.0,,,,,,0.0,,,,,,Yer-2_(ACh-30B)_(e)
p-51b,0.0,,,,,,31.0,100.0,1.56,1.33,0.96,0.93,12.0,,,,,,Mustang_Mk_IA
us_m50_ontos,0.0,,,,,,78.0,33.33,0.0,0.0,2.61,1.35,0.0,,,,,,M50
sw_cv_9035_dk,0.0,,,,,,68.0,64.29,0.0,0.0,2.49,1.87,0.0,,,,,,CV9035DK
uk_fv221_caernarvon,0.0,,,,,,132.0,48.86,0.0,0.0,0.79,0.88,0.0,,,,,,Caernarvon
il_28sh,0.0,,,,,,17.0,25.0,0.0,0.0,0.75,0.86,0.0,,,,,,IL-28Sh
he_112v_5,0.0,,,,,,0.0,,,,,,0.0,,,,,,He_112_V-5
buccaneer_s2b,0.0,,,,,,139.0,33.33,0.0,0.0,2.29,4.64,0.0,,,,,,Buccaneer_S.2B
germ_kanonenjagdpanzer,0.0,,,,,,74.0,50.0,0.0,0.0,1.09,1.1,0.0,,,,,,JPz_4-5
pe-2-205,0.0,,,,,,0.0,,,,,,0.0,,,,,,Pe-2-205
germ_bmp_1_ddr,0.0,,,,,,132.0,30.07,0.0,0.0,0.68,0.55,0.0,,,,,,SPz_BMP-1
hurricane_mk1_late_finland,0.0,,,,,,0.0,,,,,,0.0,,,,,,Hurricane_Mk_I/L
fr_m4a4_cn_75_50,0.0,,,,,,132.0,36.67,0.0,0.0,2.48,1.64,0.0,,,,,,M4A4_(SA50)
germ_leopard_2a5,0.0,,,,,,1442.0,42.33,0.0,0.0,1.4,1.38,0.0,,,,,,Leopard_2A5
b-17e,0.0,,,,,,0.0,,,,,,0.0,,,,,,B-17E
b_52h,0.0,,,,,,101.0,56.0,0.0,0.0,2.4,3.19,0.0,,,,,,B-52H
tu-1,0.0,,,,,,20.0,100.0,0.6,0.71,2.1,1.79,0.0,,,,,,Tu-1
germ_wiesel_1_tow,0.0,,,,,,390.0,38.84,0.0,0.0,1.75,1.39,0.0,,,,,,Wiesel_1A2
spitfiremkiia_ep,0.0,,,,,,35.0,100.0,1.38,1.32,0.83,0.82,0.0,,,,,,Spitfire_Mk.IIa_Venture_I
i-15_1935_moscow,0.0,,,,,,0.0,,,,,,0.0,,,,,,I-15_M-25
sw_vickers_mk_e_45,0.0,,,,,,0.0,,,,,,0.0,,,,,,T-26E
fr_panhard_ebr_1951,0.0,,,,,,236.0,51.0,0.0,0.0,1.95,1.49,0.0,,,,,,E.B.R._(1951)
uk_crusader_mk_2_the_saint,0.0,,,,,,39.0,100.0,0.0,0.0,2.44,2.37,0.0,,,,,,"Crusader_""The_Saint"""
jp_type_87_rcv,0.0,,,,,,269.0,60.46,0.0,0.0,2.28,2.13,0.0,,,,,,Type_87_RCV
bf-110c-4,0.0,,,,,,0.0,,,,,,0.0,,,,,,Bf_110_C-7
f_14a_early,0.0,,,,,,184.0,61.95,1.42,1.22,0.07,0.07,0.0,,,,,,F-14A_Early
g5n1,0.0,,,,,,0.0,,,,,,0.0,,,,,,G5N1
fiat_cr42_j11,0.0,,,,,,0.0,,,,,,0.0,,,,,,J11
ju-87d-3,0.0,,,,,,0.0,,,,,,0.0,,,,,,Ju_87_D-3
ki_67_1_otsu,0.0,,,,,,0.0,,,,,,0.0,,,,,,Ki-67-I_otsu
il_magach_2,0.0,,,,,,68.0,71.21,0.0,0.0,2.07,1.31,0.0,,,,,,Magach_2
su_17m2,0.0,,,,,,6.0,,,0.0,,1.0,0.0,,,,,,Su-17M2
us_m18_hellcat_black_cat_race,,,,,,,,,,,,,,,,,,,"""Racing""_M18"
it_semovente_m43_105,0.0,,,,,,1.0,,,,,,0.0,,,,,,105/25_M43
germ_panzerwerfer_42,0.0,,,,,,0.0,,,,,,0.0,,,,,,15_cm_Pz.W.42
fr_char_2c,0.0,,,,,,0.0,,,,,,0.0,,,,,,2C
ussr_zprk_2s6,0.0,,,,,,810.0,56.28,0.99,0.74,0.33,0.24,0.0,,,,,,2S6
germ_sturmmorser_sturmtiger,0.0,,,,,,51.0,50.0,0.0,0.0,1.5,1.75,0.0,,,,,,38_cm_Sturmmörser
it_semovente_l40,0.0,,,,,,0.0,,,,,,0.0,,,,,,47/32_L40
it_semovente_m41_75_18,0.0,,,,,,0.0,,,,,,0.0,,,,,,75/18_M41
it_semovente_m41_75_32,0.0,,,,,,0.0,,,,,,0.0,,,,,,75/32_M41
it_semovente_m43_75_34,0.0,,,,,,24.0,,,,,,0.0,,,,,,75/34_M43
ussr_buk_m3_launcher,,,,,,,,,,,,,,,,,,,"9К317М_""БУК-М3""_(СОУ)"
ussr_buk_m3_fcs,0.0,,,,,,70.0,82.41,0.5,0.27,0.0,0.0,0.0,,,0.0,,0.0,"9К317М_""БУК-М3""_(СОЦ)"
douglas_a_1h,0.0,,,,,,329.0,88.73,0.31,0.38,4.89,5.74,0.0,,,,,,A-1H
a-26c,0.0,,,,,,0.0,,,,,,0.0,,,,,,A-26C-45
a-26c-45-dt,0.0,,,,,,0.0,,,,,,0.0,,,,,,A-26C-45DT
a_29_hudson,0.0,,,,,,0.0,,,,,,0.0,,,,,,A-29
a-35b,0.0,,,,,,8.0,,,0.0,,0.0,0.0,,,,,,A-35B
a_4e_early,0.0,,,,,,389.0,63.35,0.1,0.12,2.33,1.92,4.0,,,0.0,,0.0,A-4E_Early
a_5c,0.0,,,,,,36.0,51.85,0.48,0.94,1.48,2.89,0.0,,,,,,A-5C
a_7e_thailand,0.0,,,,,,162.0,61.18,0.8,0.74,0.68,0.62,32.0,,,0.0,,0.0,A-7E
a_7k,0.0,,,,,,4.0,0.0,0.0,0.0,0.0,0.0,0.0,,,,,,A-7K
uk_ac1_sentinel,0.0,,,,,,11.0,,,0.0,,4.55,0.0,,,,,,A.C.I
uk_a_13_mk1_3rd_rtr,0.0,,,,,,0.0,,,,,,0.0,,,,,,A13_Mk_I_(3rd_R.T.R.)
uk_a_13_mk2_1939,0.0,,,,,,0.0,,,,,,0.0,,,,,,A13_Mk_II_1939
saab_a21rb,0.0,,,,,,101.0,70.24,0.21,0.3,0.36,0.25,0.0,,,,,,A21RB
vampire_fb5_j28b,0.0,,,,,,66.0,50.0,1.45,2.83,0.15,0.25,0.0,,,,,,A28B
saab_j29b,0.0,,,,,,73.0,36.54,0.0,0.0,0.35,0.26,0.0,,,,,,A29B
a2d,0.0,,,,,,638.0,69.0,0.16,0.14,2.1,1.85,0.0,,,,,,A2D-1
saab_a32a,0.0,,,,,,26.0,,,0.0,,2.29,0.0,,,,,,A32A
saab_a32a_red_adam,0.0,,,,,,0.0,,,,,,0.0,,,,,,A32A_Röd_Adam
a6m2_zero_usa,0.0,,,,,,1.0,,,,,,0.0,,,,,,A6M2
a6m2_n_zero,0.0,,,,,,0.0,,,,,,0.0,,,,,,A6M2-N
a6m3_mod22ko_zero,0.0,,,,,,47.0,100.0,3.17,,1.3,,0.0,,,,,,A6M3_mod._22Ko
a6m5ko,0.0,,,,,,141.0,61.97,1.72,2.76,2.21,3.66,0.0,,,,,,A6M5_Ko
a6m5otsu,0.0,,,,,,6.0,,,1.33,,2.0,0.0,,,,,,A6M5_otsu
a7he1,0.0,,,,,,0.0,,,,,,0.0,,,,,,A7He1
a7m2,0.0,,,,,,49.0,100.0,3.23,2.45,1.31,1.0,0.0,,,,,,A7M2
germ_a7v,0.0,,,,,,0.0,,,,,,0.0,,,,,,A7V
it_ab_41,0.0,,,,,,9.0,,,0.0,,1.22,14.0,,,0.0,,0.0,AB_41
uk_17_pdr_m10_achilles,0.0,,,,,,59.0,38.03,0.0,0.0,1.52,1.91,0.0,,,,,,Achilles
douglas_ad_4,1.0,,,0.0,,3.0,36.0,50.0,0.5,0.14,2.08,1.12,0.0,,,,,,AD-4
douglas_ad_4na_france,0.0,,,,,,40.0,54.17,0.0,0.0,0.19,0.25,0.0,,,,,,AD-4NA
uk_adats_m113a3,0.0,,,,,,97.0,45.83,1.42,0.92,0.67,0.43,0.0,,,,,,ADATS_(M113)
uk_armored_car_mk_2_aa,0.0,,,,,,16.0,,,,,,0.0,,,,,,AEC_AA
cn_hj_9,0.0,,,,,,370.0,58.86,0.0,0.0,2.6,1.96,0.0,,,,,,AFT09
us_ags_teledyne,0.0,,,,,,203.0,47.53,0.0,0.0,1.69,2.4,0.0,,,,,,AGS
aichi_e13a,,,,,,,,,,,,,,,,,,,Aichi_E13A1
saab_aj37,0.0,,,,,,124.0,54.57,0.47,0.61,0.56,0.59,0.0,,,,,,AJ37
saab_ajs37_early,0.0,,,,,,0.0,,,,,,0.0,,,,,,AJS37_(Early)
uk_alecto_mk_1,0.0,,,,,,23.0,,,,,,0.0,,,,,,Alecto_I
alpha_jet_a,0.0,,,,,,134.0,61.78,0.22,0.37,3.44,4.01,9.0,,,,,,Alpha_Jet_A
alpha_jet_a_jabog41,0.0,,,,,,18.0,75.0,0.0,0.0,0.58,0.83,0.0,,,,,,Alpha_Jet_A_(JaboG_41)
fr_amc_34,0.0,,,,,,0.0,,,,,,0.0,,,,,,AMC.34_YR
fr_amc_35,0.0,,,,,,9.0,,,,,,0.0,,,,,,AMC.35_(ACG.1)
fr_amd_35_kwk39,0.0,,,,,,68.0,100.0,0.0,0.0,2.67,1.47,0.0,,,,,,AMD.35_(PaK)
fr_aml_90,0.0,,,,,,98.0,50.0,0.0,0.0,1.5,1.56,0.0,,,,,,AML-90
fr_amr_35_zt3,0.0,,,,,,0.0,,,,,,0.0,,,,,,AMR.35_ZT3
amx,0.0,,,,,,25.0,84.21,0.26,0.0,2.84,5.0,0.0,,,,,,AMX
amx_a_1a_brazil,0.0,,,,,,13.0,100.0,0.0,0.0,3.0,2.46,16.0,50.0,0.04,0.07,1.54,2.67,AMX_A-1A
fr_amx_10m_acra,0.0,,,,,,59.0,91.67,0.0,0.0,2.45,1.31,0.0,,,,,,AMX-10M
fr_amx_13_75,0.0,,,,,,153.0,73.33,0.0,0.0,2.56,1.54,19.0,,,0.0,,0.0,AMX-13
fr_amx_13_hot,0.0,,,,,,0.0,,,,,,0.0,,,,,,AMX-13_(HOT)
fr_amx_13_75_ss11,0.0,,,,,,2.0,,,0.0,,4.0,0.0,,,,,,AMX-13_(SS.11)
fr_amx_13_chaffee,0.0,,,,,,0.0,,,,,,0.0,,,,,,AMX-13-M24
fr_amx_50_foch,0.0,,,,,,76.0,65.0,0.0,0.0,4.85,2.29,0.0,,,,,,AMX-50_Foch
fr_amx_50_surblinde,0.0,,,,,,11.0,,,0.0,,3.3,0.0,,,,,,AMX-50_Surblindé
cn_antelope_tc_1l_ads,0.0,,,,,,15.0,50.0,0.5,1.0,0.0,0.0,0.0,,,,,,Antelope
arado-196a-3,0.0,,,,,,0.0,,,,,,0.0,,,,,,Ar_196_A-3
arado-196a-5,0.0,,,,,,0.0,,,,,,0.0,,,,,,Ar_196_A-5
arado-234,0.0,,,,,,154.0,60.66,0.0,0.0,2.57,3.31,0.0,,,,,,Ar_234_B-2
arado-234c-3,0.0,,,,,,54.0,79.17,0.0,0.0,1.92,1.93,0.0,,,,,,Ar_234_C-3
uk_sp_17_pdr_valentine,0.0,,,,,,0.0,,,,,,0.0,,,,,,Archer
ariete,0.0,,,,,,104.0,25.93,4.42,3.74,3.57,2.87,35.0,28.33,0.9,1.2,0.28,0.43,Ariete
it_ariete_amv_pt1,0.0,,,,,,66.0,54.17,0.0,0.0,2.77,4.97,0.0,,,,,,Ariete_AMV
it_as_42_metropolitana,0.0,,,,,,20.0,,,0.0,,1.67,14.0,,,0.0,,0.0,AS_42
sw_asrad_r,0.0,,,,,,40.0,1.67,2.34,2.34,0.0,0.0,0.0,,,,,,ASRAD-R
attaker_fb1,0.0,,,,,,0.0,,,,,,0.0,,,,,,Attacker_FB_1
attaker_fb2,0.0,,,,,,28.0,57.5,0.58,1.0,0.73,1.27,0.0,,,,,,Attacker_FB.2
f4u-6_au-1,0.0,,,,,,646.0,77.9,0.43,0.42,3.08,2.99,0.0,,,,,,AU-1
it_aubl_74_60_70m,0.0,,,,,,68.0,93.75,0.0,0.0,3.38,1.68,0.0,,,,,,AUBL/74_HVG
fr_amx_30_auf_1,0.0,,,,,,79.0,73.89,0.0,0.0,0.82,0.84,0.0,,,,,,AuF1
av_8b_plus_italy,0.0,,,,,,0.0,,,,,,0.0,,,,,,AV-8B_Plus
av_8s_thailand,0.0,,,,,,15.0,100.0,1.0,1.0,0.0,0.0,0.0,,,,,,AV-8S
av_8s_late_thailand,0.0,,,,,,0.0,,,,,,0.0,,,,,,AV-8S_Late
avenger_mk1,0.0,,,,,,0.0,,,,,,0.0,,,,,,Avenger_Mk_II
a_4n,0.0,,,,,,153.0,46.69,2.34,5.53,3.65,9.39,0.0,,,,,,Ayit
b_10b,0.0,,,,,,0.0,,,,,,0.0,,,,,,B-10B
b-17e_japan,0.0,,,,,,0.0,,,,,,0.0,,,,,,B-17E
b-17e_late,0.0,,,,,,0.0,,,,,,0.0,,,,,,B-17E/L
b_24d,0.0,,,,,,0.0,,,,,,0.0,,,,,,B-24D-25-CO
b_25j_30_vvs_ussr,0.0,,,,,,0.0,,,,,,0.0,,,,,,B-25J-30
b_26c_france,0.0,,,,,,0.0,,,,,,0.0,,,,,,B-26C
b-57,0.0,,,,,,0.0,,,,,,0.0,,,,,,B-57A
b-57b,0.0,,,,,,2.0,0.0,0.0,0.0,0.0,0.0,0.0,,,,,,B-57B
b_66b,0.0,,,,,,0.0,,,,,,2.0,,,,,,B-66B
br_20_dr,0.0,,,,,,0.0,,,,,,0.0,,,,,,B.R.20DR
br_20m_m1,0.0,,,,,,0.0,,,,,,0.0,,,,,,B.R.20M_M1
fr_b1_bis,0.0,,,,,,0.0,,,,,,0.0,,,,,,B1_bis
fr_b1_ter,0.0,,,,,,12.0,,,0.0,,2.0,0.0,,,,,,B1_ter
saab_b17a,0.0,,,,,,21.0,100.0,0.0,0.0,0.0,0.0,0.0,,,,,,B17A
saab_b17b,0.0,,,,,,0.0,,,,,,0.0,,,,,,B17B
saab_b18a,0.0,,,,,,0.0,,,,,,0.0,,,,,,B18A
b5n2,0.0,,,,,,0.0,,,,,,5.0,,,0.0,,1.0,B5N2
b6n2,0.0,,,,,,0.0,,,,,,0.0,,,,,,B6N2_Model_12
b6n2a,0.0,,,,,,0.0,,,,,,0.0,,,,,,B6N2a_Model_12Ko
ussr_ba_11,0.0,,,,,,0.0,,,,,,0.0,,,,,,BA-11
ba_65_k14_l,0.0,,,,,,0.0,,,,,,0.0,,,,,,Ba.65_(K.14)_L
ba_65_a80,0.0,,,,,,11.0,,,,,,0.0,,,,,,Ba.65_A.80
uk_badger,0.0,,,,,,30.0,50.0,0.0,0.0,1.07,0.61,0.0,,,,,,Badger
f_16d_block_40_barak_2,0.0,,,,,,34.0,100.0,0.33,0.33,2.06,2.06,0.0,,,,,,Barak_II
f_15a_iaf,0.0,,,,,,20.0,50.0,0.6,1.2,0.0,0.0,0.0,,,,,,Baz
f_15c_baz_msip,0.0,,,,,,0.0,,,,,,0.0,,,,,,Baz_Meshupar
be_6,0.0,,,,,,0.0,,,,,,1.0,,,1.0,,1.0,Be-6
beaufighter_mk1_40mm,0.0,,,,,,0.0,,,,,,0.0,,,,,,Beaufighter_Mk_I_(40-mm)
beaufort_mkviii,0.0,,,,,,0.0,,,,,,0.0,,,,,,Beaufort_Mk_VIII
germ_beutepanzer_mk_iv,0.0,,,,,,0.0,,,,,,0.0,,,,,,Beutepanzer_IV
bf-109b_2,0.0,,,,,,0.0,,,,,,0.0,,,,,,Bf_109_B-1
bf-109c_1,0.0,,,,,,0.0,,,,,,0.0,,,,,,Bf_109_C-1
bf-109e-7,0.0,,,,,,0.0,,,,,,0.0,,,,,,Bf_109_E-7/U2
bf-109g-14as,0.0,,,,,,0.0,,,,,,0.0,,,,,,Bf_109_G-14/AS
bf-109g-2_romania,0.0,,,,,,0.0,,,,,,0.0,,,,,,Bf_109_G-2
bf-109g-6_finland,0.0,,,,,,0.0,,,,,,0.0,,,,,,Bf_109_G-6
bf-110c-6,0.0,,,,,,0.0,,,,,,0.0,,,,,,Bf_110_C-6
bf2c_1,0.0,,,,,,0.0,,,,,,0.0,,,,,,BF2C-1
bi,0.0,,,,,,43.0,61.76,1.24,1.89,0.0,0.0,0.0,,,,,,BI
blenheim_mkiv,0.0,,,,,,0.0,,,,,,0.0,,,,,,Blenheim_Mk_IV
jp_oplot_t,0.0,,,,,,470.0,58.6,0.0,0.0,1.84,1.48,0.0,,,,,,BM_Oplot-T
ussr_bm_13n,0.0,,,,,,0.0,,,,,,0.0,,,,,,BM-13N
ussr_bm_31_12,0.0,,,,,,44.0,100.0,0.0,0.0,0.47,0.27,0.0,,,,,,BM-31-12
ussr_bm_8_24,0.0,,,,,,0.0,,,,,,0.0,,,,,,BM-8-24
ussr_bmd_4,0.0,,,,,,41.0,88.46,0.0,0.0,3.12,1.7,0.0,,,,,,BMD-4
ussr_bmp_1,0.0,,,,,,184.0,43.58,0.0,0.0,1.05,0.49,0.0,,,,,,BMP-1
boomerang_mki,0.0,,,,,,0.0,,,,,,0.0,,,,,,Boomerang_Mk_I
boomerang_mkii,0.0,,,,,,0.0,,,,,,0.0,,,,,,Boomerang_Mk_II
boston_mk_1,0.0,,,,,,0.0,,,,,,0.0,,,,,,Boston_Mk_I
uk_bosvark,0.0,,,,,,35.0,0.0,0.0,0.0,0.33,0.29,0.0,,,,,,Bosvark
germ_boxer_3105,0.0,,,,,,119.0,53.73,0.0,0.0,1.28,1.1,0.0,,,,,,Boxer_MGS
br_693_ab2,0.0,,,,,,9.0,,,0.0,,0.43,0.0,,,,,,Br.693AB2
breda_88,0.0,,,,,,0.0,,,,,,0.0,,,,,,Breda_88_(P.XI)
brigand_b1,0.0,,,,,,0.0,,,,,,0.0,,,,,,Brigand_B_1
ussr_bt_7_1937_td,0.0,,,,,,0.0,,,,,,0.0,,,,,,BT-7_TD
ussr_bt_7a_f32,0.0,,,,,,44.0,100.0,0.0,0.0,3.18,2.77,0.0,,,,,,BT-7A_(F-32)
ussr_btr_152a,0.0,,,,,,138.0,30.83,0.32,0.32,0.23,0.23,0.0,,,,,,BTR-152A
buccaneer_s1,0.0,,,,,,22.0,100.0,0.0,0.0,1.73,1.73,0.0,,,,,,Buccaneer_S.1
bv-138c-1,0.0,,,,,,0.0,,,,,,0.0,,,,,,BV_138_C-1
bv-238,0.0,,,,,,0.0,,,,,,0.0,,,,,,BV_238
mc200_serie3_italy,0.0,,,,,,6.0,,,0.0,,0.0,0.0,,,,,,C._200_serie_3
mc200_serie3,0.0,,,,,,0.0,,,,,,0.0,,,,,,C._200_serie_3
mc200_serie7,0.0,,,,,,0.0,,,,,,0.0,,,,,,C._200_serie_7
mc-202_italy,0.0,,,,,,36.0,43.33,0.18,0.23,0.0,0.0,0.0,,,,,,C._202
mc-202,0.0,,,,,,0.0,,,,,,0.0,,,,,,C._202
mc-205_n2,0.0,,,,,,0.0,,,,,,0.0,,,,,,C._205N2
caudron_cr714,0.0,,,,,,0.0,,,,,,0.0,,,,,,C.R.714
it_c13_tua,0.0,,,,,,0.0,,,,,,0.0,,,,,,C13/TUA
germ_leopard_c2_mexas,0.0,,,,,,33.0,82.0,0.0,0.0,2.96,3.46,0.0,,,,,,C2A1
fr_lorraine_100,0.0,,,,,,49.0,70.83,0.0,0.0,0.81,0.85,0.0,,,,,,CA_Lorraine
canberra_bimk6,0.0,,,,,,3.0,,,,,,0.0,,,,,,Canberra_B_(I)_Mk_6
canberra_bmk2,0.0,,,,,,0.0,,,,,,0.0,,,,,,Canberra_B_Mk_2
pby-5a_raf,0.0,,,,,,0.0,,,,,,0.0,,,,,,Catalina_Mk_IIIa
fr_cckw_353_bofors,0.0,,,,,,38.0,,,0.0,,0.08,0.0,,,,,,CCKW_353_AA
it_sahariano,0.0,,,,,,0.0,,,,,,0.0,,,,,,Celere_Sahariano
it_b1_centauro_romor,0.0,,,,,,106.0,65.0,0.0,0.0,1.77,1.84,0.0,,,,,,Centauro_I_105_R
it_centauro_mgs_120,0.0,,,,,,86.0,80.56,0.0,0.0,2.79,2.29,0.0,,,,,,Centauro_I_120
it_centauro_2,0.0,,,,,,67.0,98.91,0.0,0.0,2.41,1.43,0.0,,,,,,Centauro_II_(P)
it_centauro_rgo_120,0.0,,,,,,202.0,64.58,0.0,0.0,2.7,1.96,0.0,,,,,,Centauro_RGO
uk_centurion_action_x,0.0,,,,,,28.0,100.0,0.0,0.0,3.0,1.82,0.0,,,,,,Centurion_Action_X
uk_centurion_mk_3,0.0,,,,,,135.0,55.06,0.0,0.0,1.52,1.65,0.0,,,,,,Centurion_Mk_3
uk_centurion_mk_2,0.0,,,,,,196.0,73.93,0.0,0.0,4.4,2.65,0.0,,,,,,Centurion_Mk.2
uk_centurion_mk_5_raac,0.0,,,,,,44.0,100.0,0.0,0.0,4.67,2.58,0.0,,,,,,Centurion_Mk.5/1
uk_challenger_2_tes,0.0,,,,,,154.0,66.35,0.0,0.0,2.14,2.3,0.0,,,,,,Challenger_2_TES
uk_challenger_2_lep,0.0,,,,,,195.0,55.56,0.0,0.0,2.91,1.95,0.0,,,,,,Challenger_3_TD
uk_challenger_mk_3,0.0,,,,,,267.0,56.34,0.0,0.0,2.19,1.55,0.0,,,,,,Challenger_Mk.3
fr_bat_chat_25t,0.0,,,,,,183.0,92.86,0.0,0.0,5.28,3.14,0.0,,,,,,Char_25t
jp_type_97_kai,0.0,,,,,,13.0,,,,,,0.0,,,,,,Chi-Ha_Kai
jp_type_97_kai_td,0.0,,,,,,0.0,,,,,,0.0,,,,,,Chi-Ha_Kai_TD
jp_type_97_chi_ha_12cm,0.0,,,,,,0.0,,,,,,0.0,,,,,,Chi-Ha_Short_Gun
jp_type_1_chi_he_5th_regiment,0.0,,,,,,33.0,100.0,0.0,0.0,4.0,2.0,0.0,,,,,,Chi-He_(5th_Regiment)
uk_churchill_avre,0.0,,,,,,0.0,,,,,,0.0,,,,,,Churchill_AVRE_Petard
uk_a_22_mk_1_churchill_1941,0.0,,,,,,29.0,,,0.0,,2.0,0.0,,,,,,Churchill_I
f-86_cl_13_mk4_italy,0.0,,,,,,34.0,,,3.21,,2.29,0.0,,,,,,CL-13_Mk.4
germ_th_800_bismark,0.0,,,,,,125.0,74.17,0.0,0.0,5.76,3.15,0.0,,,,,,Class_3_(P)
us_sl_amraam_launcher,,,,,,,,,,,,,,,,,,,CLAWS_(СОУ)
us_sl_amraam_fcs,0.0,,,,,,195.0,67.44,1.14,1.16,0.0,0.0,0.0,,,,,,CLAWS_(СОЦ)
fr_marder_clovis,0.0,,,,,,181.0,65.72,0.0,0.0,2.6,2.6,0.0,,,,,,CLOVIS
cn_cm_25,0.0,,,,,,19.0,68.18,0.0,0.0,0.0,0.0,0.0,,,,,,CM25
cn_cm_34,0.0,,,,,,141.0,76.54,0.04,0.03,2.26,1.46,0.0,,,,,,CM34
it_fiat_cm52,0.0,,,,,,8.0,,,0.0,,0.0,0.0,,,,,,CM52
uk_a_34_comet_iron_duke,0.0,,,,,,4.0,,,0.0,,1.0,0.0,,,,,,"Comet_I_""Iron_Duke_IV"""
uk_fv4004_conway,0.0,,,,,,26.0,41.67,0.0,0.0,0.85,0.29,0.0,,,,,,Conway
cr_32,0.0,,,,,,7.0,,,,,,0.0,,,,,,CR.32
cr_32_bis,0.0,,,,,,0.0,,,,,,0.0,,,,,,CR.32_bis
cr_32_quater,0.0,,,,,,1.0,,,,,,0.0,,,,,,CR.32_quater
fiat_cr42,0.0,,,,,,0.0,,,,,,0.0,,,,,,CR.42
fiat_cr42_italy,0.0,,,,,,0.0,,,,,,0.0,,,,,,CR.42
uk_crusader_aa_mk_2_kit_3rank,0.0,,,,,,19.0,,,,,,0.0,,,,,,Crusader_AA_(Overlord)
uk_crusader_aa_mk_1,0.0,,,,,,74.0,100.0,0.0,0.0,2.12,1.75,0.0,,,,,,Crusader_AA_Mk_I
uk_crusader_aa_mk_2,0.0,,,,,,20.0,50.0,0.5,1.0,0.0,0.0,0.0,,,,,,Crusader_AA_Mk_II
uk_crusader_mk_3,0.0,,,,,,75.0,58.0,0.0,0.0,1.57,2.19,0.0,,,,,,Crusader_III
it_39m_csaba,0.0,,,,,,0.0,,,,,,0.0,,,,,,Csaba
sw_patria_amv_ctcv_105,0.0,,,,,,202.0,50.8,0.0,0.0,1.06,1.01,0.0,,,,,,CT-CV_105HP
jp_icv_prototype,0.0,,,,,,247.0,57.68,0.26,0.24,2.19,2.09,0.0,,,,,,CTWV_RCV
sw_cv_90_mk4,0.0,,,,,,61.0,50.0,0.0,0.0,1.19,1.22,0.0,,,,,,CV_90_Mk.IV
fr_cv_9035_nl,0.0,,,,,,62.0,51.67,0.0,0.0,1.03,1.13,0.0,,,,,,CV_9035NL
sw_cv_9030_fin,0.0,,,,,,260.0,63.7,0.0,0.0,1.34,1.15,0.0,,,,,,CV9030FIN
d_371,0.0,,,,,,0.0,,,,,,0.0,,,,,,D.371
d_371_hs9,0.0,,,,,,0.0,,,,,,0.0,,,,,,D.371_H.S.9
d_373,0.0,,,,,,0.0,,,,,,0.0,,,,,,D.373
d_500,0.0,,,,,,0.0,,,,,,0.0,,,,,,D.500
d_501,0.0,,,,,,0.0,,,,,,0.0,,,,,,D.501
d_510c,0.0,,,,,,0.0,,,,,,0.0,,,,,,D.510C
d_520,0.0,,,,,,0.0,,,,,,0.0,,,,,,D.520
d_521,0.0,,,,,,0.0,,,,,,0.0,,,,,,D.521
fr_renault_d2,0.0,,,,,,0.0,,,,,,0.0,,,,,,D2
d3a1,0.0,,,,,,0.0,,,,,,0.0,,,,,,D3A1
d4y1,0.0,,,,,,0.0,,,,,,0.0,,,,,,D4Y1
d4y2,0.0,,,,,,0.0,,,,,,0.0,,,,,,D4Y2
d4y3,0.0,,,,,,22.0,,,,,,0.0,,,,,,D4Y3_Ko
uk_daimler_mk_2,0.0,,,,,,3.0,,,0.0,,2.0,0.0,,,,,,Daimler_Mk_II
it_dardo_vcc,0.0,,,,,,117.0,23.1,0.0,0.0,2.15,2.15,75.0,32.0,0.0,0.0,2.26,1.76,Dardo
db_3b,0.0,,,,,,0.0,,,,,,0.0,,,,,,DB-3B
uk_desert_warrior,0.0,,,,,,71.0,80.0,0.0,0.0,1.1,0.39,0.0,,,,,,Desert_Warrior
do_17e_1,0.0,,,,,,0.0,,,,,,0.0,,,,,,Do_17_E-1
do_17z_2,0.0,,,,,,0.0,,,,,,0.0,,,,,,Do_17_Z-2
do_17z_7,0.0,,,,,,0.0,,,,,,0.0,,,,,,Do_17_Z-7
do_217j_1,0.0,,,,,,0.0,,,,,,0.0,,,,,,Do_217_J-1
do_217j_2,0.0,,,,,,0.0,,,,,,0.0,,,,,,Do_217_J-2
do_217k_1,0.0,,,,,,6.0,,,0.0,,0.0,0.0,,,,,,Do_217_K-1
do_217n_2,0.0,,,,,,0.0,,,,,,0.0,,,,,,Do_217_N-2
do_335b_2,0.0,,,,,,212.0,55.41,0.63,0.51,2.38,2.0,0.0,,,,,,Do_335_B-2
germ_pzkpfw_e_100,0.0,,,,,,8.0,100.0,0.0,0.0,6.88,6.88,0.0,,,,,,E-100
fr_panhard_ebr_1963,0.0,,,,,,63.0,50.0,0.0,0.0,3.0,2.0,0.0,,,,,,E.B.R._(1963)
e7k2,,,,,,,,,,,,,,,,,,,E7K2
e8n2,,,,,,,,,,,,,,,,,,,E8N2
fr_jaguar_ebrc,0.0,,,,,,597.0,47.99,0.07,0.07,0.98,0.95,0.0,,,,,,EBRC_Jaguar
us_efv_p1,0.0,,,,,,222.0,75.83,0.0,0.0,2.25,0.98,5.0,,,0.0,,1.0,EFV
il_eitan,0.0,,,,,,8.0,,,0.0,,1.13,0.0,,,,,,Eitan_(P)
sw_eldenhet_98,0.0,,,,,,7.0,100.0,1.0,1.0,0.0,0.0,0.0,,,,,,EldE_98
f_101c,0.0,,,,,,11.0,18.75,1.19,1.75,0.75,1.5,0.0,,,,,,F-101C
f-104g_belgium,0.0,,,,,,0.0,,,,,,0.0,,,,,,F-104G
f-104g_italy,0.0,,,,,,0.0,,,,,,0.0,,,,,,F-104G
f-104j,0.0,,,,,,0.0,,,,,,0.0,,,,,,F-104J
f-104s,0.0,,,,,,10.0,50.0,1.0,2.0,0.5,1.0,0.0,,,,,,F-104S
f-104s_cb,0.0,,,,,,45.0,11.76,0.0,0.0,0.38,0.27,0.0,,,,,,F-104S_TAF
f-104s_asa,0.0,,,,,,29.0,,,2.0,,0.0,0.0,,,,,,F-104S.ASA
f_106a_1972,0.0,,,,,,28.0,,,2.69,,0.0,0.0,,,,,,F-106A
f_117,0.0,,,,,,13.0,50.0,0.0,0.0,2.4,4.8,0.0,,,,,,F-117
f_14d,0.0,,,,,,55.0,33.85,0.85,0.62,0.0,0.0,0.0,,,,,,F-14D
f_15i_raam,0.0,,,,,,196.0,60.34,1.19,1.68,1.52,1.92,0.0,,,,,,F-15I_Ra’am
f_15j,0.0,,,,,,27.0,100.0,2.6,3.08,0.0,0.0,0.0,,,,,,F-15J
f_15j_kai,0.0,,,,,,77.0,63.27,2.46,2.56,0.04,0.04,0.0,,,,,,F-15J(M)
f_16a_block_15_belgium,0.0,,,,,,38.0,1.33,2.36,1.73,0.04,0.04,14.0,,,1.0,,0.0,F-16A
f_16a_block_15_ocu_thailand,0.0,,,,,,29.0,64.71,0.65,1.0,1.06,2.12,0.0,,,,,,F-16A_OCU
f_16a_block_15_ocu_belgium,0.0,,,,,,31.0,44.44,0.79,1.11,0.0,0.0,18.0,,,1.29,,0.0,F-16A_OCU
f_16aj,0.0,,,,,,81.0,50.0,0.36,0.44,0.04,0.03,0.0,,,,,,F-16AJ
f_16am_block_15_mlu_belgium,0.0,,,,,,27.0,50.0,0.73,0.73,0.0,0.0,24.0,,,,,,F-16AM
f_16c_block_40_barak_2,0.0,,,,,,0.0,,,,,,0.0,,,,,,F-16C_Barak_II
f_16i_sufa,0.0,,,,,,17.0,,,0.35,,0.12,0.0,,,,,,F-16I_Sufa
fa_18c_finland,0.0,,,,,,11.0,100.0,1.0,1.0,0.0,0.0,0.0,,,,,,F-18C
ef_2000a,0.0,,,,,,56.0,50.0,1.1,1.17,0.5,0.58,0.0,,,,,,F-2000A
ef_2000a_aesa,0.0,,,,,,108.0,66.0,1.62,3.05,1.26,2.64,0.0,,,,,,F-2000A_(AESA)
f_2a,0.0,,,,,,76.0,100.0,1.39,0.68,0.23,0.29,4.0,,,2.0,,0.0,F-2A
f_2a_adtw,0.0,,,,,,666.0,57.99,1.26,1.39,0.13,0.13,88.0,,,0.65,,0.58,F-2A_ADTW
f-4ej_adtw,0.0,,,,,,233.0,48.97,1.3,1.28,0.38,0.41,33.0,,,0.0,,0.0,F-4EJ_ADTW
f-4ej_kai,0.0,,,,,,26.0,50.0,1.0,2.0,0.0,0.0,0.0,,,,,,F-4EJ_Kai_Phantom_II
f-4ej,0.0,,,,,,24.0,,,0.0,,0.5,0.0,,,,,,F-4EJ_Phantom_II
f-5t_thailand,0.0,,,,,,17.0,100.0,0.0,0.0,2.86,1.76,0.0,,,,,,F-5T_SCU
f-5th_thailand,0.0,,,,,,70.0,85.88,2.25,1.68,0.01,0.01,0.0,,,,,,F-5TH_TCU
f-80,0.0,,,,,,51.0,56.0,0.18,0.18,0.48,0.5,0.0,,,,,,F-80C-10
f-84f_italy,0.0,,,,,,0.0,,,,,,0.0,,,,,,F-84F
f-84f_iaf,0.0,,,,,,0.0,,,,,,0.0,,,,,,F-84F_IAF
f-84g,0.0,,,,,,4.0,,,,,,0.0,,,,,,F-84G-21-RE
f-84g_italy,0.0,,,,,,23.0,,,0.0,,0.0,0.0,,,,,,F-84G-21-RE
f-84g_france,0.0,,,,,,7.0,100.0,0.0,0.0,1.0,1.0,0.0,,,,,,F-84G-26-RE
f-86a-5,0.0,,,,,,194.0,63.74,1.61,1.69,0.36,0.38,0.0,,,,,,F-86A-5
f-86f-25,0.0,,,,,,30.0,60.0,1.1,1.24,0.6,0.5,0.0,,,,,,F-86F-25
f-86f-30_japan,0.0,,,,,,135.0,80.56,1.8,2.2,0.9,1.23,0.0,,,,,,F-86F-30_
f-86f-35,0.0,,,,,,13.0,100.0,2.0,2.0,2.0,2.0,0.0,,,,,,F-86F-35
f-86f-40_japan_blue_impulse,0.0,,,,,,7.0,0.0,2.0,2.43,1.0,1.43,0.0,,,,,,F-86F-40_JASDF
f-86k_late_italy,0.0,,,,,,0.0,,,,,,0.0,,,,,,F-86K
f-8e_fn,0.0,,,,,,0.0,,,,,,0.0,,,,,,F-8E(FN)
f_222_2,0.0,,,,,,0.0,,,,,,0.0,,,,,,F.222.2
fc_20_bis,0.0,,,,,,3.0,,,,,,0.0,,,,,,F.C.20_Bis
fa_18c_mlu_2_finland,0.0,,,,,,22.0,100.0,2.0,,0.0,,0.0,,,,,,F/A-18C_MLU_2
fa_18d_late_malaysia,0.0,,,,,,27.0,,,2.0,,0.0,0.0,,,,,,F/A-18D_Late
fa_18f_block_2_raaf,0.0,,,,,,0.0,,,,,,0.0,,,,,,F/A-18F
f11f_1_late,0.0,,,,,,1.0,100.0,5.0,,0.0,,0.0,,,,,,F11F-1
f1m2,0.0,,,,,,22.0,,,,,,0.0,,,,,,F1M2
f3d_1,0.0,,,,,,190.0,51.28,0.41,0.34,1.59,1.5,0.0,,,,,,F3D-1
f4d_1,0.0,,,,,,7.0,,,0.0,,0.0,0.0,,,,,,F4D-1
f4f-4,0.0,,,,,,0.0,,,,,,0.0,,,,,,F4F-4
f4u-1a_japan,0.0,,,,,,42.0,100.0,2.43,2.43,0.0,0.0,0.0,,,,,,F4U-1A
f4u-4b_vmf_214,0.0,,,,,,0.0,,,,,,0.0,,,,,,F4U-4B_VMF-214
f7f3,0.0,,,,,,38.0,100.0,0.3,0.35,3.93,4.38,0.0,,,,,,F7F-3
f9f-5,0.0,,,,,,25.0,,,2.0,,2.0,0.0,,,,,,F9F-5
f9f-8,0.0,,,,,,101.0,60.0,0.59,0.69,0.65,0.86,0.0,,,,,,F9F-8
uk_falcon,0.0,,,,,,240.0,57.78,0.81,0.44,2.37,1.35,0.0,,,,,,Falcon
fr_fcm_36,0.0,,,,,,0.0,,,,,,0.0,,,,,,FCM.36
ffa_p16,0.0,,,,,,0.0,,,,,,0.0,,,,,,FFA_P-16
b_48_firecrest,0.0,,,,,,4.0,,,,,,0.0,,,,,,Firecrest
it_fiat_6614_firos,0.0,,,,,,54.0,50.0,0.0,0.0,0.5,0.7,0.0,,,,,,FIROS_6
fj_4b_agm_12b,0.0,,,,,,0.0,,,,,,0.0,,,,,,FJ-4B_VMF-232
germ_flakpanzer_38t_Gepard,0.0,,,,,,0.0,,,,,,0.0,,,,,,Flakpanzer_38
germ_flarakrad,0.0,,,,,,41.0,,,1.0,,0.0,0.0,,,,,,FlaRakRad
uk_fv721_fox,0.0,,,,,,213.0,60.45,0.0,0.0,2.33,1.82,0.0,,,,,,Fox
it_freccia,0.0,,,,,,82.0,64.87,0.0,0.0,1.14,1.11,8.0,,,0.0,,1.0,Freccia
it_freccia_hitfist_ows,0.0,,,,,,234.0,52.44,0.0,0.0,1.66,1.39,0.0,,,,,,Freccia_OWS_30
fr_samp_t_launcher,,,,,,,,,,,,,,,,,,,FSAF_SAMP/T_(Mamba)_(СОУ)
fr_samp_t_fcs,0.0,,,,,,69.0,50.88,1.55,1.7,0.0,0.0,0.0,,,,,,FSAF_SAMP/T_(Mamba)_(СОЦ)
it_samp_t_fcs,0.0,,,,,,56.0,50.0,1.0,1.0,0.0,0.0,0.0,,,,,,FSAF_SAMP/T_(СОЦ)
fury_mk1,0.0,,,,,,0.0,,,,,,0.0,,,,,,Fury_Mk_I
fury_mk2,0.0,,,,,,0.0,,,,,,0.0,,,,,,Fury_Mk_II
uk_fv4005,0.0,,,,,,64.0,50.0,0.0,0.0,2.53,2.31,0.0,,,,,,FV4005
fw-189a-1,0.0,,,,,,0.0,,,,,,0.0,,,,,,Fw_189_A-1
fw-190a-5_japan,0.0,,,,,,18.0,,,,,,0.0,,,,,,Fw_190_A-5
fw-190c,0.0,,,,,,0.0,,,,,,0.0,,,,,,Fw_190_C
fw-190d-13,0.0,,,,,,40.0,44.74,1.16,1.31,1.16,1.56,0.0,,,,,,Fw_190_D-13
fw-190d-9_ussr,0.0,,,,,,0.0,,,,,,11.0,,,3.0,,0.0,Fw_190_D-9
fw_200c_1,0.0,,,,,,9.0,,,,,,0.0,,,,,,Fw_200_C-1
fw_189c_0,0.0,,,,,,0.0,,,,,,0.0,,,,,,Fw_189_C
fiat_g50_seria7as,0.0,,,,,,0.0,,,,,,0.0,,,,,,G.50_AS_serie_7
fiat_g50_seria2,0.0,,,,,,0.0,,,,,,0.0,,,,,,G.50_serie_2
fiat_g50_seria2_italy,0.0,,,,,,0.0,,,,,,0.0,,,,,,G.50_serie_2
g_55_serie1_ss0,0.0,,,,,,20.0,,,,,,0.0,,,,,,G.55_sottoserie_0
g_55s,0.0,,,,,,31.0,100.0,1.6,1.13,1.0,0.97,4.0,,,1.0,,0.0,G.55S
g_56,0.0,,,,,,31.0,61.54,1.54,1.79,0.81,0.89,0.0,,,,,,G.56
fiat_g91_ps,0.0,,,,,,51.0,27.78,0.94,1.0,0.28,0.33,0.0,,,,,,G.91_pre-serie
fiat_g91_r1,0.0,,,,,,40.0,50.0,0.0,0.0,0.5,0.68,0.0,,,,,,G.91_R/1
fiat_g91_r4,0.0,,,,,,0.0,,,,,,0.0,,,,,,G.91_R/4
fiat_g91_y,0.0,,,,,,5.0,100.0,4.4,,0.4,,0.0,,,,,,G.91_Y
fiat_g91_ys,0.0,,,,,,48.0,100.0,0.48,0.5,1.61,2.09,0.0,,,,,,G.91_YS
g4m1,0.0,,,,,,0.0,,,,,,0.0,,,,,,G4M1
g8n1,0.0,,,,,,48.0,66.67,1.0,3.0,0.0,0.0,0.0,,,,,,G8N1
f3f-2_galer,0.0,,,,,,42.0,100.0,1.64,1.64,0.0,0.0,0.0,,,,,,Galer's_F3F-2
germ_garford_putilov,0.0,,,,,,0.0,,,,,,0.0,,,,,,Garford-Beute
ussr_gaz_4m,0.0,,,,,,0.0,,,,,,0.0,,,,,,GAZ-AAA_(4M)
ussr_gaz_dshk,0.0,,,,,,0.0,,,,,,0.0,,,,,,GAZ-AAA_(DShK)
uk_vickers_gbt_155,0.0,,,,,,101.0,61.91,0.3,0.25,2.23,1.77,0.0,,,,,,GBT_155
il_m113a1_tow,0.0,,,,,,23.0,,,0.0,,0.0,0.0,,,,,,Giraf
gladiator_mk1_belgium,0.0,,,,,,0.0,,,,,,0.0,,,,,,Gladiator_Mk_I
gladiator_mk2,0.0,,,,,,0.0,,,,,,0.0,,,,,,Gladiator_Mk_II
gladiator_mk2_france,0.0,,,,,,0.0,,,,,,0.0,,,,,,Gladiator_Mk_IIF
gladiator_mk2_silver,0.0,,,,,,0.0,,,,,,0.0,,,,,,Gladiator_Mk_IIS
uk_mk1_grant,0.0,,,,,,0.0,,,,,,0.0,,,,,,Grant_I
uk_3_inch_gun_carrier,0.0,,,,,,0.0,,,,,,0.0,,,,,,Gun_Carrier_(3-in)
il_28_china,0.0,,,,,,0.0,,,,,,0.0,,,,,,H-5
h-75a-1_france,0.0,,,,,,0.0,,,,,,0.0,,,,,,H-75A-1
fr_hotchkiss_h35,0.0,,,,,,0.0,,,,,,0.0,,,,,,H.35
fr_hotchkiss_h39,0.0,,,,,,0.0,,,,,,0.0,,,,,,H.39
fr_hotchkiss_h39_cambronne,0.0,,,,,,0.0,,,,,,0.0,,,,,,"H.39_""Cambronne"""
hp_12,0.0,,,,,,0.0,,,,,,0.0,,,,,,H.P.12
h6k4,0.0,,,,,,0.0,,,,,,0.0,,,,,,H6K4
h8k3,0.0,,,,,,0.0,,,,,,0.0,,,,,,H8K3
jp_type_95_ha_go,0.0,,,,,,0.0,,,,,,0.0,,,,,,Ha-Go
jp_type_95_ha_go_commander,0.0,,,,,,0.0,,,,,,0.0,,,,,,Ha-Go_Commander
a5m4_hagiri,0.0,,,,,,0.0,,,,,,0.0,,,,,,Hagiri's_A5M4
halifax_mk3,0.0,,,,,,0.0,,,,,,0.0,,,,,,Halifax_B_Mk_IIIa
hp52_hampden_mk1_late,0.0,,,,,,0.0,,,,,,0.0,,,,,,Hampden_Mk_I
hp52_hampden_tbmk1,0.0,,,,,,1.0,,,,,,0.0,,,,,,Hampden_TB_Mk_I
harrier_gr7,0.0,,,,,,22.0,50.0,1.0,2.0,0.5,1.0,0.0,,,,,,Harrier_GR.7
intruder_mk_1,0.0,,,,,,0.0,,,,,,0.0,,,,,,Havoc_Mk_I
hawk_200,0.0,,,,,,61.0,50.0,0.5,1.0,2.14,4.28,0.0,,,,,,Hawk_200
hawk_200_rda,0.0,,,,,,6.0,100.0,3.0,3.0,0.0,0.0,0.0,,,,,,Hawk_200_RDA
h-75a-2_finland,0.0,,,,,,0.0,,,,,,0.0,,,,,,Hawk_H-75A-2
hawk_iii,0.0,,,,,,0.0,,,,,,0.0,,,,,,Hawk_III
he-111h-6,0.0,,,,,,0.0,,,,,,0.0,,,,,,He_111_H-6
he_112a_0,0.0,,,,,,0.0,,,,,,0.0,,,,,,He_112_A-0
he_112b_1_italy,0.0,,,,,,0.0,,,,,,0.0,,,,,,He_112_B-1/U2
he_112b_1,0.0,,,,,,0.0,,,,,,0.0,,,,,,He_112_B-1/U2
he_112b_2,0.0,,,,,,0.0,,,,,,0.0,,,,,,He_112_B-2/U2
he_115c_1,0.0,,,,,,0.0,,,,,,0.0,,,,,,He_115_C-1
he-162a-1,0.0,,,,,,0.0,,,,,,0.0,,,,,,He_162_A-1
he-162a-2,0.0,,,,,,99.0,44.44,1.21,1.41,0.1,0.09,0.0,,,,,,He_162_A-2
he-177a-3,0.0,,,,,,0.0,,,,,,0.0,,,,,,He_177_A-3
he-177a-5,0.0,,,,,,0.0,,,,,,0.0,,,,,,He_177_A-5
he_219a_7,0.0,,,,,,12.0,,,,,,0.0,,,,,,He_219_A-7
he51a1,0.0,,,,,,0.0,,,,,,0.0,,,,,,He_51_A-1
he51b1,0.0,,,,,,0.0,,,,,,0.0,,,,,,He_51_B-1
he51b_2w,0.0,,,,,,0.0,,,,,,0.0,,,,,,He_51_B-2/H
he51c1,0.0,,,,,,4.0,,,,,,0.0,,,,,,He_51_C-1
he51c1_late,0.0,,,,,,0.0,,,,,,0.0,,,,,,He_51_C-1/L
jp_pzkpfw_VI_ausf_e_tiger,0.0,,,,,,8.0,100.0,0.0,0.0,4.0,4.0,0.0,,,,,,Heavy_Tank_No.6
us_m18_hellcat_kit_3rank,0.0,,,,,,52.0,23.08,0.0,0.0,2.46,2.19,0.0,,,,,,Hellcat_(Hell)
marut_mk1,0.0,,,,,,2.0,100.0,0.0,0.0,0.0,0.0,0.0,,,,,,HF-24
go229_v3,0.0,,,,,,99.0,50.0,1.12,1.77,0.81,1.57,0.0,,,,,,Ho_229_V3
jp_type_2_ho_i,0.0,,,,,,0.0,,,,,,0.0,,,,,,Ho-I
jp_type_2_ho_ni_2,1.0,,,0.0,,2.0,18.0,0.0,0.0,0.0,0.0,0.0,0.0,,,,,,Ho-Ni_II
jp_type_3_ho_ni_III,0.0,,,,,,1.0,,,0.0,,1.0,0.0,,,,,,Ho-Ni_III
jp_type_5_ho_ri_prototype,0.0,,,,,,63.0,88.02,0.0,0.0,4.53,3.1,0.0,,,,,,Ho-Ri_Prototype
jp_type_4_ho_ro,0.0,,,,,,75.0,66.67,0.0,0.0,3.34,3.91,0.0,,,,,,Ho-Ro
hornet_mk1,0.0,,,,,,10.0,50.0,1.5,1.5,0.5,0.5,0.0,,,,,,Hornet_Mk.I
il_m163_vulcan,0.0,,,,,,31.0,,,0.0,,0.0,0.0,,,,,,Hovet
cn_hq_11,0.0,,,,,,5.0,,,,,,0.0,,,,,,HQ11
hs-123a-1,0.0,,,,,,0.0,,,,,,0.0,,,,,,Hs_123_A-1
hs-129b-2,0.0,,,,,,0.0,,,,,,0.0,,,,,,Hs_129_B-2
hs-129b-2_romania_italy,0.0,,,,,,21.0,,,,,,0.0,,,,,,Hs_129_B-2_(Romania)
hs-129b-2_romania,0.0,,,,,,6.0,100.0,2.0,2.0,0.0,0.0,0.0,,,,,,Hs_129_B-2_(Romania)
hs-129b-3,0.0,,,,,,62.0,57.14,0.0,0.0,0.5,0.79,0.0,,,,,,Hs_129_B-3
us_hstv_l,0.0,,,,,,1736.0,56.36,0.0,0.0,1.62,1.4,1.0,,,0.0,,1.0,HSTV-L
hudson_mk_v,0.0,,,,,,0.0,,,,,,0.0,,,,,,Hudson_Mk_V
germ_hummel,0.0,,,,,,8.0,,,0.0,,1.38,0.0,,,,,,Hummel
il_hunter_afv,0.0,,,,,,0.0,,,,,,0.0,,,,,,Hunter_AFV
hunter_f1,0.0,,,,,,10.0,95.0,0.95,1.0,0.95,1.0,0.0,,,,,,Hunter_F.1
hunter_f9_rhodesia,0.0,,,,,,12.0,66.67,2.15,6.5,2.15,6.5,0.0,,,,,,Hunter_FGA.9
hurricane_mk1,0.0,,,,,,0.0,,,,,,0.0,,,,,,Hurricane_Mk_I/L
hurricanemkii,0.0,,,,,,0.0,,,,,,0.0,,,,,,Hurricane_Mk_IIB/Trop
hurricane_mk4,0.0,,,,,,0.0,,,,,,0.0,,,,,,Hurricane_Mk_IV
hurricane_mk1_late_ep,0.0,,,,,,0.0,,,,,,0.0,,,,,,Hurricane_Mk.I/L_FAA_M
i-15_1935,0.0,,,,,,0.0,,,,,,0.0,,,,,,I-15_M-22
i-15_1934,0.0,,,,,,0.0,,,,,,0.0,,,,,,I-15_WR
i-15bis,0.0,,,,,,0.0,,,,,,0.0,,,,,,I-15bis
i-16_type28,1.0,,,4.0,,1.0,5.0,,,,,,0.0,,,,,,I-16_type_28
i-16_type5,0.0,,,,,,0.0,,,,,,0.0,,,,,,I-16_type_5
ia_58a_pucara,0.0,,,,,,15.0,100.0,0.19,0.19,2.5,2.5,0.0,,,,,,IA.58A_Pucara
gladiator_j8a_iacobi,0.0,,,,,,0.0,,,,,,0.0,,,,,,Iacobi's_J8A
iar_81c,0.0,,,,,,0.0,,,,,,0.0,,,,,,IAR-81C
iar_93b,0.0,,,,,,33.0,100.0,0.55,2.0,2.64,3.0,0.0,,,,,,IAR-93B
jp_icv_ifv_prototype,0.0,,,,,,58.0,50.0,0.5,0.25,3.22,1.82,0.0,,,,,,ICV_(P)
sw_ikv_91_105,0.0,,,,,,289.0,58.83,0.16,0.1,3.72,2.76,0.0,,,,,,Ikv_91-105
il_28,0.0,,,,,,9.0,,,0.0,,0.0,0.0,,,,,,IL-28
il-4,0.0,,,,,,0.0,,,,,,0.0,,,,,,IL-4
us_mim_72_chaparral,0.0,,,,,,44.0,,,1.04,,0.0,0.0,,,,,,Imp.Chaparral
uk_a1e1_independent,0.0,,,,,,0.0,,,,,,0.0,,,,,,Independent
germ_iris_slm_launcher,,,,,,,,,,,,,,,,,,,IRIS-T_SLM_(СОУ)
germ_iris_slm_fcs,0.0,,,,,,269.0,30.9,3.65,2.06,0.0,0.0,0.0,,,,,,IRIS-T_SLM_(СОЦ)
ussr_is_2_1944_revenge,0.0,,,,,,17.0,95.45,0.0,0.0,2.41,2.41,0.0,,,,,,"IS-2_""Revenge"""
ussr_is_2_1944_321,0.0,,,,,,10.0,66.67,0.0,0.0,1.33,1.22,0.0,,,,,,IS-2_No.321
cn_is_2_1943_no402,0.0,,,,,,0.0,,,,,,0.0,,,,,,IS-2_No.402
ussr_isu_152,0.0,,,,,,27.0,,,0.0,,2.27,0.0,,,,,,ISU-152
it_semovente_m43_75_bersaglieri,,,,,,,,,,,,,,,,,,,it_semovente_m43_75_bersaglieri
sw_crotale_ng,0.0,,,,,,19.0,,,1.0,,0.0,0.0,,,,,,ItO_90M
fr_crotale_ng,0.0,,,,,,15.0,50.0,0.57,0.96,0.0,0.0,0.0,,,,,,ItO_90M
sw_itpsv_90,0.0,,,,,,1162.0,49.11,0.09,0.08,2.01,1.54,0.0,,,,,,ItPsV_Leopard
j_10a,0.0,,,,,,146.0,62.14,1.65,1.83,0.12,0.1,0.0,,,,,,J-10A
j_10c,0.0,,,,,,63.0,94.12,3.04,3.55,0.62,0.65,0.0,,,,,,J-10C
j_11,0.0,,,,,,33.0,79.17,2.67,3.58,0.0,0.0,11.0,,,,,,J-11
j_11a,0.0,,,,,,91.0,41.95,1.5,2.77,0.13,0.23,0.0,,,,,,J-11A
j_11b,0.0,,,,,,55.0,82.35,2.41,2.14,0.35,0.29,0.0,,,,,,J-11B
j_15t,0.0,,,,,,126.0,70.56,1.68,1.41,1.28,1.01,13.0,,,1.0,,0.62,J-15T
j_22m1a,0.0,,,,,,77.0,55.6,0.0,0.0,3.13,5.36,0.0,,,,,,J-22M1A
mig-17_china,0.0,,,,,,0.0,,,,,,0.0,,,,,,J-4
mig-19j_6a,0.0,,,,,,0.0,,,,,,0.0,,,,,,J-6A
j_7_mk2,0.0,,,,,,0.0,,,,,,0.0,,,,,,J-7II
j_8f,0.0,,,,,,10.0,100.0,1.0,1.0,0.0,0.0,0.0,,,,,,J-8F
j1n1_mod11_early,0.0,,,,,,0.0,,,,,,0.0,,,,,,J1N1
saab_j21ra,0.0,,,,,,0.0,,,,,,0.0,,,,,,J21RA
saab_j29a,0.0,,,,,,31.0,,,2.0,,3.0,0.0,,,,,,J29A
saab_j29d,0.0,,,,,,0.0,,,,,,0.0,,,,,,J29D
saab_j29f,0.0,,,,,,0.0,,,,,,4.0,,,,,,J29F
j2m2,0.0,,,,,,24.0,100.0,4.6,,0.8,,0.0,,,,,,J2M2
j2m3,0.0,,,,,,39.0,100.0,3.0,3.0,0.0,0.0,0.0,,,,,,J2M3
j2m4_kai,0.0,,,,,,62.0,70.56,1.53,1.97,0.16,0.25,0.0,,,,,,J2M4_Kai
j2m5,0.0,,,,,,9.0,,,,,,0.0,,,,,,J2M5
j2m5_30mm,0.0,,,,,,82.0,67.9,0.99,1.25,1.47,1.66,0.0,,,,,,J2M5
saab_j32b,0.0,,,,,,0.0,,,,,,0.0,,,,,,J32B
hunter_f50_sweden,0.0,,,,,,0.0,,,,,,0.0,,,,,,J34
saab_j35a,0.0,,,,,,18.0,59.53,1.17,1.37,0.0,0.0,5.0,,,3.25,,0.0,J35A
j6b,0.0,,,,,,0.0,,,,,,0.0,,,,,,J6B
j6k1,0.0,,,,,,16.0,100.0,2.13,2.13,2.69,2.69,0.0,,,,,,J6K1
j9_early,0.0,,,,,,0.0,,,,,,0.0,,,,,,J9_Early
saab_ja37d,0.0,,,,,,83.0,43.19,0.9,0.99,0.0,0.0,0.0,,,,,,JA37D
saab_ja37di,0.0,,,,,,1.0,,,0.0,,0.0,0.0,,,,,,JA37DI
saab_ja37di_f21,0.0,,,,,,188.0,41.8,1.62,1.95,0.06,0.05,0.0,,,,,,JA37DI_F21
germ_jaguar_2,0.0,,,,,,95.0,31.39,0.0,0.0,1.68,1.12,0.0,,,,,,Jaguar_2
jaguar_a,0.0,,,,,,66.0,75.86,0.0,0.0,1.06,1.16,0.0,,,,,,Jaguar_A
jaguar_e,0.0,,,,,,0.0,,,,,,0.0,,,,,,Jaguar_E
jaguar_gr1a,0.0,,,,,,22.0,0.0,0.0,0.08,2.33,2.46,0.0,,,,,,Jaguar_GR.1A
jaguar_is,0.0,,,,,,37.0,91.18,0.91,1.0,0.56,0.48,39.0,31.25,0.31,0.63,1.0,1.63,Jaguar_IS
germ_sk105_a2,0.0,,,,,,100.0,33.33,0.0,0.0,4.2,0.89,0.0,,,,,,JaPz.K_A2
saab_jas39a,0.0,,,,,,64.0,36.06,0.77,1.11,0.45,0.62,0.0,,,,,,JAS39A
saab_jas39c,0.0,,,,,,87.0,37.93,1.21,1.26,0.07,0.14,0.0,,,,,,JAS39C
saab_jas39c_thailand,0.0,,,,,,64.0,54.17,1.0,2.05,0.14,0.26,7.0,,,,,,JAS39C
saab_jas39d,0.0,,,,,,48.0,86.8,0.4,0.42,0.03,0.05,6.0,,,1.0,,0.0,JAS39D
saab_jas39e,0.0,,,,,,438.0,62.55,1.28,1.3,1.11,1.15,0.0,,,,,,JAS39E
javelin_fmk9,0.0,,,,,,130.0,50.68,1.1,2.38,0.43,0.84,9.0,,,2.22,,0.0,Javelin_F.(A.W.)_Mk.9
jf_17,0.0,,,,,,115.0,48.03,1.45,1.43,0.35,0.44,0.0,,,,,,JF-17
jh_7,0.0,,,,,,0.0,,,,,,0.0,,,,,,JH-7
jh_7a_prototype,0.0,,,,,,46.0,83.33,0.17,0.08,2.17,2.21,0.0,,,,,,JH-7A_Prototype
jh_7a2,0.0,,,,,,0.0,,,,,,0.0,,,,,,JH-7A2
ju-388j,0.0,,,,,,0.0,,,,,,0.0,,,,,,Ju_388_J
ju-87b-2,0.0,,,,,,2.0,,,0.0,,1.0,0.0,,,,,,Ju_87_B-2
ju-87d-3_italy,0.0,,,,,,0.0,,,,,,0.0,,,,,,Ju_87_D-3
ju-87g_1,0.0,,,,,,0.0,,,,,,0.0,,,,,,Ju_87_G-1
ju-87g_2,0.0,,,,,,0.0,,,,,,0.0,,,,,,Ju_87_G-2
ju-87r-2,0.0,,,,,,18.0,100.0,1.0,1.0,3.0,2.39,0.0,,,,,,Ju_87_R-2
ju-87r-2_italy,0.0,,,,,,27.0,14.03,0.0,0.0,0.0,0.0,0.0,,,,,,Ju_87_R-2
ju-87r-2_snake,0.0,,,,,,0.0,,,,,,0.0,,,,,,Ju_87_R-2_Libya
ju-88a-1,0.0,,,,,,0.0,,,,,,0.0,,,,,,Ju_88_A-1
jp_type_2_ka_mi,0.0,,,,,,42.0,50.0,0.0,0.0,3.45,6.91,0.0,,,,,,Ka-Mi
it_kf_41,0.0,,,,,,49.0,92.86,0.0,0.0,1.86,0.75,0.0,,,,,,KF41
kfir_c2,0.0,,,,,,18.0,50.0,0.5,0.5,0.0,0.0,16.0,,,1.0,,0.0,Kfir_C.2
kfir_c7,0.0,,,,,,45.0,33.33,0.7,1.0,0.7,1.0,0.0,,,,,,Kfir_C.7
kfir_canard,0.0,,,,,,57.0,23.81,1.15,1.12,3.49,3.42,15.0,,,,,,Kfir_Canard
uk_khalid,0.0,,,,,,196.0,83.94,0.0,0.0,4.22,2.71,0.0,,,,,,Khalid
ussr_9p157,0.0,,,,,,177.0,24.67,0.0,0.0,2.31,1.15,0.0,,,,,,Khrizantema-S
ki_10_2_commander,0.0,,,,,,0.0,,,,,,0.0,,,,,,Ki-10-II_C
ki_100_2,0.0,,,,,,105.0,73.67,0.5,0.49,2.6,2.5,0.0,,,,,,Ki-100-II
ki_102_otsu,0.0,,,,,,0.0,,,,,,0.0,,,,,,Ki-102_otsu
ki_108,0.0,,,,,,0.0,,,,,,0.0,,,,,,Ki-108_Kai
ki_109,0.0,,,,,,50.0,54.17,0.0,0.0,3.21,6.08,0.0,,,,,,Ki-109
ki_21_1ko,0.0,,,,,,0.0,,,,,,0.0,,,,,,Ki-21-Ia
ki-45_hei,0.0,,,,,,0.0,,,,,,0.0,,,,,,Ki-45_hei
ki-45_ko,0.0,,,,,,0.0,,,,,,0.0,,,,,,Ki-45_ko
ki-45_otsu,0.0,,,,,,0.0,,,,,,0.0,,,,,,Ki-45_otsu
ki-45_tei,0.0,,,,,,0.0,,,,,,0.0,,,,,,Ki-45_tei
ki_48_2_otsu,0.0,,,,,,0.0,,,,,,0.0,,,,,,Ki-48-II_otsu
ki-49_1,0.0,,,,,,0.0,,,,,,0.0,,,,,,Ki-49-I
ki-49_2a,0.0,,,,,,0.0,,,,,,0.0,,,,,,Ki-49-IIa
ki-49_2b_late,0.0,,,,,,0.0,,,,,,0.0,,,,,,Ki-49-IIb/L
ki_61_1a_otsu_usa,0.0,,,,,,18.0,100.0,0.0,0.0,1.0,1.0,0.0,,,,,,Ki-61-Ib
ki_67_1_ko,0.0,,,,,,0.0,,,,,,0.0,,,,,,Ki-67-I_Ko
ki_87,0.0,,,,,,10.0,100.0,0.0,0.0,1.0,1.0,0.0,,,,,,Ki-87
ki_94_2,0.0,,,,,,7.0,,,,,,0.0,,,,,,Ki-94-II
ki-96,0.0,,,,,,0.0,,,,,,0.0,,,,,,Ki-96
kitsuka,0.0,,,,,,110.0,99.09,0.03,0.03,3.23,3.09,0.0,,,,,,Kikka
kor_1,,,,,,,,,,,,,,,,,,,KOR-1
sw_kungstiger,0.0,,,,,,2.0,,,,,,0.0,,,,,,Kungstiger
f-4e_iaf,0.0,,,,,,74.0,73.33,0.82,0.95,2.17,2.5,4.0,,,0.0,,1.0,Kurnass
f-4e_kurnass_2000,0.0,,,,,,3.0,100.0,2.0,,1.0,,0.0,,,,,,Kurnass_2000
l_39za,0.0,,,,,,81.0,85.42,0.0,0.0,2.31,2.02,10.0,,,0.0,,0.4,L-39ZA_Albatros
l_39za_art_thailand,0.0,,,,,,109.0,93.27,0.49,0.72,4.51,6.53,0.0,,,,,,L-39ZA/ART_Albatros
it_l3_cc,0.0,,,,,,9.0,,,0.0,,0.0,0.0,,,,,,L3/33_CC
it_l6,0.0,,,,,,0.0,,,,,,0.0,,,,,,L6/40
it_l6_leone,0.0,,,,,,0.0,,,,,,0.0,,,,,,L6/40_(31_Rgt.)
la-11,0.0,,,,,,0.0,,,,,,0.0,,,,,,La-11
lagg-3-23,0.0,,,,,,0.0,,,,,,0.0,,,,,,LaGG-3-23
lagg-3-4,0.0,,,,,,0.0,,,,,,0.0,,,,,,LaGG-3-4
lancaster_mk1,0.0,,,,,,24.0,75.0,0.0,0.0,0.0,0.0,0.0,,,,,,Lancaster_B_Mk_I
lancaster_mk3,0.0,,,,,,17.0,50.0,0.0,0.0,1.17,2.33,0.0,,,,,,Lancaster_B_Mk_III
it_lancia3ro_100,0.0,,,,,,0.0,,,,,,0.0,,,,,,Lancia_3Ro_(100/17)
late_298d,0.0,,,,,,0.0,,,,,,0.0,,,,,,Late_298D
fr_leclerc_azur,0.0,,,,,,296.0,58.52,0.0,0.0,2.88,2.13,0.0,,,,,,Leclerc_AZUR
fr_leclerc_sxxi,0.0,,,,,,262.0,50.83,0.0,0.0,3.15,1.93,0.0,,,,,,Leclerc_SXXI
leo_451_early,0.0,,,,,,0.0,,,,,,0.0,,,,,,LeO_451_early
fr_leopard_1a5be,0.0,,,,,,15.0,88.89,0.0,0.0,1.44,1.44,0.0,,,,,,Leopard_1A5BE
sw_leopard_2a4_fin,0.0,,,,,,247.0,31.7,0.0,0.0,1.48,1.1,0.0,,,,,,Leopard_2A4
germ_leopard_2a4,0.0,,,,,,1395.0,44.03,0.0,0.0,1.34,1.21,33.0,50.0,0.0,0.0,0.88,0.43,Leopard_2A4
germ_leopard_2av,0.0,,,,,,74.0,89.51,0.0,0.0,3.02,2.08,0.0,,,,,,Leopard_2AV
jp_leopard_2ri,0.0,,,,,,43.0,53.75,0.0,0.0,1.93,1.93,0.0,,,,,,Leopard_2RI
uk_vickers_mk_6_aa_mk_1,0.0,,,,,,0.0,,,,,,0.0,,,,,,Light_AA_Mk_I
lightning_f53,0.0,,,,,,3.0,,,,,,0.0,,,,,,Lightning_F.53
lincoln_b2,0.0,,,,,,18.0,100.0,3.5,7.0,0.0,0.0,0.0,,,,,,Lincoln_B_Mk_II
fr_lorraine_155,0.0,,,,,,5.0,,,0.0,,1.0,0.0,,,,,,Lorraine_155_Mle.50
fr_lorraine_37l,0.0,,,,,,0.0,,,,,,0.0,,,,,,Lorraine_37L
us_losat_ccv,0.0,,,,,,36.0,0.0,0.0,0.0,0.13,0.13,0.0,,,,,,LOSAT
germ_sppz2_luchs_a2,0.0,,,,,,57.0,0.0,0.56,0.17,0.0,0.0,0.0,,,,,,Luchs_A2
sw_lvrbv_701,0.0,,,,,,10.0,92.86,0.36,,0.0,,0.0,,,,,,Lvrbv_701
us_lvt_a_4,0.0,,,,,,0.0,,,,,,0.0,,,,,,LVT(A)(4)
us_lvt_4_zis_2,0.0,,,,,,0.0,,,,,,0.0,,,,,,LVT(A)(4)_(ZIS-2)
cn_lvt_4_zis_2,0.0,,,,,,0.0,,,,,,0.0,,,,,,LVT(A)(4)_(ZiS-2)
fr_lvt_bofors,0.0,,,,,,13.0,,,0.0,,1.0,0.0,,,,,,LVT-4/40
m_346fa,0.0,,,,,,0.0,,,,,,0.0,,,,,,M-346FA
mb_151c1,0.0,,,,,,0.0,,,,,,0.0,,,,,,M.B.151C.1
mb_152c1,0.0,,,,,,0.0,,,,,,0.0,,,,,,M.B.152C1
mb_162,0.0,,,,,,0.0,,,,,,0.0,,,,,,M.B.162
mb_174_a3,0.0,,,,,,0.0,,,,,,0.0,,,,,,M.B.174A-3
mb_175t,0.0,,,,,,0.0,,,,,,0.0,,,,,,M.B.175T
md_450b_barougan,0.0,,,,,,4.0,50.0,0.0,0.0,0.5,1.0,0.0,,,,,,M.D.450B_Barougan
md_450b_ouragan,0.0,,,,,,40.0,100.0,0.0,0.0,0.83,1.04,0.0,,,,,,M.D.450B_Ouragan
md_452_mystere_2a,0.0,,,,,,15.0,50.0,0.5,1.0,1.0,2.0,0.0,,,,,,M.D.452_IIA
md_452_mystere_2c_preproduction,0.0,,,,,,28.0,100.0,0.0,0.0,1.0,1.0,0.0,,,,,,M.D.452_IIC
ms_405c1,0.0,,,,,,0.0,,,,,,0.0,,,,,,M.S.405C1
ms_406c1,0.0,,,,,,0.0,,,,,,0.0,,,,,,M.S.406C1
ms_410c1,0.0,,,,,,0.0,,,,,,0.0,,,,,,M.S.410
fr_m10,0.0,,,,,,67.0,50.0,0.0,0.0,4.28,3.13,0.0,,,,,,M10_GMC
us_m103,0.0,,,,,,201.0,72.31,0.0,0.0,3.79,1.95,0.0,,,,,,M103
uk_m109a1,0.0,,,,,,41.0,0.0,0.0,0.0,1.63,0.48,0.0,,,,,,M109A1
us_m109a1,0.0,,,,,,104.0,38.64,0.14,0.05,1.18,0.53,0.0,,,,,,M109A1
germ_m109g,0.0,,,,,,59.0,0.0,0.0,0.0,0.88,0.32,0.0,,,,,,M109G
it_m11_39,0.0,,,,,,0.0,,,,,,0.0,,,,,,M11/39
us_m1128_wolfpack,0.0,,,,,,844.0,54.98,0.0,0.0,1.5,1.01,0.0,,,,,,M1128_Wolfpack
it_m113a1_tow,0.0,,,,,,21.0,100.0,0.0,0.0,1.0,0.24,0.0,,,,,,M113A1_(TOW)
us_halftrack_m13,0.0,,,,,,0.0,,,,,,0.0,,,,,,M13_MGMC
it_m13_40_serie_2,0.0,,,,,,0.0,,,,,,0.0,,,,,,M13/40_(II)
it_m13_40_serie_3,0.0,,,,,,0.0,,,,,,0.0,,,,,,M13/40_(III)
it_m14_41,0.0,,,,,,3.0,,,0.0,,4.0,0.0,,,,,,M14/41
us_halftrack_m15,0.0,,,,,,0.0,,,,,,0.0,,,,,,M15_CGMC
it_m15_42,0.0,,,,,,17.0,100.0,0.0,0.0,1.0,1.6,0.0,,,,,,M15/42
us_halftrack_m16,0.0,,,,,,22.0,,,,,,0.0,,,,,,M16_MGMC
us_m163_vulcan,0.0,,,,,,266.0,52.22,0.39,0.32,0.0,0.0,0.0,,,,,,M163
jp_m163_vulcan,0.0,,,,,,174.0,69.45,0.82,1.26,0.19,0.3,0.0,,,,,,M163
jp_m19,0.0,,,,,,51.0,19.23,1.23,0.78,0.58,0.46,0.0,,,,,,M19A1
uk_m1a1_aim_abrams,0.0,,,,,,0.0,,,,,,0.0,,,,,,M1A1
uk_m1a2_sep3_abrams,0.0,,,,,,29.0,55.56,0.0,0.0,2.73,2.0,0.0,,,,,,M1A2
us_m24_chaffee_tl,0.0,,,,,,27.0,50.0,0.0,0.0,1.0,2.82,0.0,,,,,,M24_(TL)
us_m2a2,0.0,,,,,,0.0,,,,,,0.0,,,,,,M2A2
ussr_m3c,0.0,,,,,,0.0,,,,,,0.0,,,,,,M3_Medium
us_m3a1_stuart_usmc,0.0,,,,,,2.0,,,,,,0.0,,,,,,M3A1_(USMC)
it_m3a3_stuart,0.0,,,,,,19.0,100.0,0.0,0.0,1.0,1.0,0.0,,,,,,M3A3
cn_m_41d,0.0,,,,,,19.0,0.0,0.0,0.0,0.86,0.23,0.0,,,,,,M41D
it_m44,0.0,,,,,,55.0,72.92,0.0,0.0,2.19,1.3,0.0,,,,,,M44
uk_m44,0.0,,,,,,5.0,,,,,,0.0,,,,,,M44
it_m47_105,0.0,,,,,,155.0,87.18,0.0,0.0,4.0,1.66,0.0,,,,,,M47_(105/55)
germ_mkpz_m48a2ga2,0.0,,,,,,379.0,36.76,0.0,0.0,1.89,1.31,0.0,,,,,,M48A2_G_A2
us_m4a2_1944,,,,,,,,,,,,,,,,,,,M4A2_(1944)
fr_m4a3e2_sherman_jumbo,0.0,,,,,,56.0,100.0,0.0,0.0,6.1,6.1,0.0,,,,,,M4A3E2
us_m4a5_ram_2,0.0,,,,,,0.0,,,,,,0.0,,,,,,M4A5
us_m551,0.0,,,,,,508.0,63.84,0.0,0.0,1.55,1.07,0.0,,,,,,M551
us_m551_76,0.0,,,,,,304.0,59.13,0.0,0.0,2.41,1.68,0.0,,,,,,M551(76)
us_m5a1_stuart_td,0.0,,,,,,0.0,,,,,,0.0,,,,,,M5A1_TD
us_m60a3_slep,0.0,,,,,,85.0,75.0,0.0,0.0,3.0,2.0,0.0,,,,,,M60_AMBT
it_m60a1_ariete,0.0,,,,,,0.0,,,,,,0.0,,,,,,"M60A1_""D.C.Ariete"""
us_m60a1_rise_mod,0.0,,,,,,23.0,40.74,0.0,0.0,1.33,1.33,0.0,,,,,,M60A1_Predator
us_m728,0.0,,,,,,7.0,100.0,0.0,0.0,3.6,3.6,0.0,,,,,,M728_CEV
us_m8_scott,0.0,,,,,,0.0,,,,,,0.0,,,,,,M8_HMC
us_m8_greyhound,0.0,,,,,,3.0,,,0.0,,1.0,0.0,,,,,,M8_LAC
il_machbet,0.0,,,,,,52.0,92.11,0.0,0.0,0.0,0.0,0.0,,,,,,Machbet
us_magach_3,0.0,,,,,,18.0,,,0.0,,1.0,0.0,,,,,,Magach_3_(ERA)
il_magach_3,0.0,,,,,,12.0,,,0.0,,1.67,0.0,,,,,,Magach_3_(ERA)
il_magach_6,0.0,,,,,,33.0,50.0,0.0,0.0,1.33,1.95,0.0,,,,,,Magach_6
il_magach_6a,0.0,,,,,,54.0,50.0,0.0,0.0,1.19,1.7,0.0,,,,,,Magach_6A
il_magach_6b,0.0,,,,,,60.0,55.0,0.0,0.0,2.5,2.11,0.0,,,,,,Magach_6B
il_magach_6b_gal,0.0,,,,,,93.0,58.01,0.0,0.0,1.64,1.68,0.0,,,,,,Magach_6B_Gal
il_magach_6m,0.0,,,,,,30.0,91.67,0.0,0.0,0.93,1.0,0.0,,,,,,Magach_6M
il_magach_6r,0.0,,,,,,84.0,92.54,0.0,0.0,3.55,2.48,0.0,,,,,,Magach_6R
fiat_cr42_marcolin,0.0,,,,,,0.0,,,,,,0.0,,,,,,Marcolin's_C.R.42_CN
fiat_cr42_marcolin_italy,0.0,,,,,,0.0,,,,,,0.0,,,,,,Marcolin's_C.R.42_CN
germ_marder_1a3,0.0,,,,,,330.0,34.63,0.0,0.0,1.07,0.69,0.0,,,,,,Marder_1A3
germ_marder_1a1,0.0,,,,,,361.0,24.56,0.09,0.08,0.73,0.68,0.0,,,,,,Marder_A1-
uk_mark_v,0.0,,,,,,0.0,,,,,,0.0,,,,,,Mark_V
martin_139wc,0.0,,,,,,0.0,,,,,,0.0,,,,,,Martin_139WC
maryland_mk1_france,0.0,,,,,,0.0,,,,,,0.0,,,,,,Martin_167-A3
f4f-4_martlet_mk4,0.0,,,,,,11.0,,,,,,0.0,,,,,,Martlet_Mk_IV
uk_matilda_hedgehog,0.0,,,,,,0.0,,,,,,0.0,,,,,,Matilda_Hedgehog
uk_a_12_mk_2_matilda_2,0.0,,,,,,0.0,,,,,,0.0,,,,,,Matilda_III
mb_326b,0.0,,,,,,149.0,82.54,0.0,0.0,5.05,4.99,6.0,,,0.0,,0.67,MB-326B
mb_5,0.0,,,,,,0.0,,,,,,11.0,,,,,,MB.5
mbr-2,0.0,,,,,,0.0,,,,,,0.0,,,,,,MBR-2-M-34
me-163b,0.0,,,,,,0.0,,,,,,0.0,,,,,,Me_163_B
me-163b-0,0.0,,,,,,0.0,,,,,,0.0,,,,,,Me_163_B-0
me_210_v22_japan,0.0,,,,,,0.0,,,,,,0.0,,,,,,Me_210_V22
me-262a-1a_early,0.0,,,,,,82.0,47.78,0.25,0.48,1.5,2.83,0.0,,,,,,Me_262_A-1a/Jabo
me-262a-2a,0.0,,,,,,61.0,82.14,1.73,2.56,1.52,2.68,0.0,,,,,,Me_262_A-2a
me-262c-1a,0.0,,,,,,0.0,,,,,,0.0,,,,,,Me_262_C-1a
me-262c-2b,0.0,,,,,,0.0,,,,,,0.0,,,,,,Me_262_C-2b
me-410a-1_u4,0.0,,,,,,72.0,0.0,0.0,0.0,1.4,0.89,0.0,,,,,,Me_410_A-1/U4
me-410b-1_u2,0.0,,,,,,0.0,,,,,,0.0,,,,,,Me_410_B-1/U2
me-410b-2_u4,0.0,,,,,,22.0,88.64,0.7,0.82,1.16,1.45,0.0,,,,,,Me_410_B-2/U4
us_merkava_mk_1,0.0,,,,,,52.0,50.0,0.0,0.0,1.58,1.85,0.0,,,,,,Merkava_Mk.1
us_merkava_mk_2b_late,0.0,,,,,,28.0,0.0,0.0,0.0,2.33,2.96,0.0,,,,,,Merkava_Mk.2B
us_merkava_mk_3d,0.0,,,,,,50.0,,,0.0,,3.9,0.0,,,,,,Merkava_Mk.3D
il_merkava_mk_4_lic,0.0,,,,,,73.0,32.64,0.0,0.0,3.5,4.38,0.0,,,,,,Merkava_Mk.4_LIC
il_merkava_mk_4b,0.0,,,,,,113.0,84.49,0.0,0.0,4.71,1.62,0.0,,,,,,Merkava_Mk.4B
il_merkava_mk_4m,0.0,,,,,,440.0,77.42,0.01,0.01,6.72,5.61,0.0,,,,,,Merkava_Mk.4M
meteor_fmk3,0.0,,,,,,74.0,23.08,0.15,0.31,0.68,0.81,0.0,,,,,,Meteor_F_Mk_3
meteor_fmk4_lw,0.0,,,,,,48.0,80.83,1.11,1.5,2.22,2.63,0.0,,,,,,Meteor_F_Mk_4_G.41F
meteor_fmk4_sw,0.0,,,,,,0.0,,,,,,0.0,,,,,,Meteor_F_Mk_4_G.41G
meteor_fmk8,0.0,,,,,,12.0,,,0.0,,0.0,0.0,,,,,,Meteor_F_Mk_8_G.41K
meteor_fmk8_belgium,0.0,,,,,,15.0,,,0.53,,1.0,0.0,,,,,,Meteor_F_Mk.8
meteor_fmk8_reaper,0.0,,,,,,10.0,88.89,0.0,0.0,0.9,1.0,0.0,,,,,,Meteor_F_Mk.8_Reaper
me_210a_1,0.0,,,,,,19.0,100.0,2.0,,0.0,,0.0,,,,,,Me_210_A-1
mig-15_ns23,0.0,,,,,,38.0,50.0,0.83,0.24,0.5,0.57,0.0,,,,,,MiG-15
mig-15bis_ish,0.0,,,,,,223.0,65.49,0.59,0.53,2.67,2.18,0.0,,,,,,MiG-15bis_ISH
mig-21_pfm,0.0,,,,,,9.0,50.0,0.43,0.86,0.0,0.0,0.0,,,,,,MiG-21PFM
mig_27k,0.0,,,,,,4.0,,,0.5,,1.0,28.0,100.0,0.0,0.0,0.0,0.0,MiG-27K
mig_27m,0.0,,,,,,41.0,21.43,0.0,0.0,0.5,1.0,12.0,0.0,0.0,0.0,1.0,1.0,MiG-27M
mig_29_9_12_sniper,0.0,,,,,,189.0,59.47,1.63,1.54,0.12,0.21,4.0,,,1.5,,0.0,MiG-29_Sniper
mig_29n,0.0,,,,,,49.0,50.0,1.24,1.43,0.0,0.0,0.0,,,,,,MiG-29N
mig-9,0.0,,,,,,4.0,,,,,,0.0,,,,,,MiG-9
mig-9_ussr,0.0,,,,,,26.0,,,1.8,,0.0,0.0,,,,,,MiG-9_(l)
mirage_milan,0.0,,,,,,24.0,,,0.0,,0.0,0.0,,,,,,Milan
mirage_2000c_s4,0.0,,,,,,42.0,30.56,0.31,0.47,0.31,0.47,4.0,,,1.0,,0.0,Mirage_2000C-S4
mirage_2000c_s5,0.0,,,,,,109.0,26.84,1.84,1.61,0.7,0.54,0.0,,,,,,Mirage_2000C-S5
mirage_2000d_r1,0.0,,,,,,0.0,,,,,,0.0,,,,,,Mirage_2000D-R1
mirage_2000d_rmv,0.0,,,,,,0.0,,,,,,0.0,,,,,,Mirage_2000D-RMV
mirage_4000,0.0,,,,,,91.0,72.56,1.64,2.18,0.61,0.82,0.0,,,,,,Mirage_4000
mirage_5ba,0.0,,,,,,2.0,,,,,,0.0,,,,,,Mirage_5BA
mirage_5f,0.0,,,,,,0.0,,,,,,0.0,,,,,,Mirage_5F
mirage_f1c,0.0,,,,,,18.0,0.0,1.0,0.06,0.0,0.0,0.0,,,,,,Mirage_F1C
mirage_f1c_200,0.0,,,,,,722.0,54.38,1.24,1.47,0.26,0.32,80.0,50.0,5.38,1.74,0.0,0.0,Mirage_F1C-200
mirage_f1ct,0.0,,,,,,0.0,,,,,,28.0,,,1.21,,0.0,Mirage_F1CT
mirage_3c,0.0,,,,,,43.0,86.0,3.72,4.12,0.7,0.72,0.0,,,,,,Mirage_IIIC
mirage_3e,0.0,,,,,,16.0,100.0,1.45,1.27,0.0,0.0,0.0,,,,,,Mirage_IIIE
ussr_a_12_mk_2_matilda_2A_F96,0.0,,,,,,22.0,66.67,0.0,0.0,5.34,8.05,0.0,,,,,,MK-II_«Matilda»
germ_mkpz_m47,0.0,,,,,,0.0,,,,,,0.0,,,,,,mKPz_M47_G
mosquito_fb_mk18,0.0,,,,,,8.0,,,,,,0.0,,,,,,Mosquito_FB_Mk_XVIII
mosquito_b_mk16,0.0,,,,,,4.0,,,0.0,,0.0,0.0,,,,,,Mosquito_B.Mk.XVI
nc_223_3,0.0,,,,,,0.0,,,,,,0.0,,,,,,N.C.223.3
n1k1_kyuofu,0.0,,,,,,0.0,,,,,,0.0,,,,,,N1K1
il_namer_rcws_30,0.0,,,,,,210.0,53.4,0.02,0.02,0.97,1.14,0.0,,,,,,Namer_30
il_namer_tsrikhon,0.0,,,,,,40.0,57.14,0.0,0.0,1.43,1.71,0.0,,,,,,Namer_Tsrikhon
sw_nasams_fcs,0.0,,,,,,48.0,37.5,1.63,1.55,0.0,0.0,0.0,,,,,,NASAMS_3_(СОЦ)
fw-190a-8_france,0.0,,,,,,5.0,50.0,0.5,1.0,1.0,2.0,0.0,,,,,,NC.900
nesher,0.0,,,,,,0.0,,,,,,0.0,,,,,,Nesher
f_16a_block_10_netz_mod,0.0,,,,,,142.0,50.15,1.52,1.72,0.1,0.12,30.0,,,0.91,,0.0,Netz_(Mod)
nimrod_mk1,0.0,,,,,,0.0,,,,,,0.0,,,,,,Nimrod_Mk_I
nimrod_mk2,0.0,,,,,,0.0,,,,,,0.0,,,,,,Nimrod_Mk_II
sw_nomads,,,,,,,,,,,,,,,,,,,NOMADS
cn_object_122tm,0.0,,,,,,150.0,67.49,0.0,0.0,4.62,2.97,0.0,,,,,,"Object_122MT_""MC"""
cn_object_211,0.0,,,,,,133.0,67.78,0.0,0.0,1.76,1.29,0.0,,,,,,Object_211
ussr_object_268,0.0,,,,,,229.0,52.67,0.02,0.02,3.12,2.54,0.0,,,,,,Object_268
uk_olifant_mk_1a,0.0,,,,,,648.0,64.64,0.08,0.09,4.43,5.35,0.0,,,,,,Olifant_Mk.1A
os2u_1,0.0,,,,,,0.0,,,,,,0.0,,,,,,OS2U-1
os2u_3,0.0,,,,,,0.0,,,,,,0.0,,,,,,OS2U-3
uk_9a33bm2,0.0,,,,,,42.0,50.0,1.5,3.0,0.0,0.0,0.0,,,,,,Osa-AK
it_9a33bm3,0.0,,,,,,0.0,,,,,,0.0,,,,,,Osa-AKM
it_otomatic,0.0,,,,,,96.0,64.67,0.79,0.63,2.33,1.95,0.0,,,,,,OTOMATIC
germ_wiesel_2_adwc,0.0,,,,,,144.0,27.94,1.24,1.69,0.0,0.0,0.0,,,,,,Ozelot
p-26a_33,0.0,,,,,,0.0,,,,,,0.0,,,,,,P-26A-33
p-26a_34,0.0,,,,,,0.0,,,,,,0.0,,,,,,P-26A-34
p-38k,0.0,,,,,,19.0,100.0,1.83,,2.0,,0.0,,,,,,P-38K
p-39q_15,0.0,,,,,,0.0,,,,,,0.0,,,,,,P-39Q-15
p-39q_5,0.0,,,,,,2.0,,,,,,0.0,,,,,,P-39Q-5
p-40c,0.0,,,,,,0.0,,,,,,0.0,,,,,,P-40C
p-40e_td,0.0,,,,,,0.0,,,,,,0.0,,,,,,P-40E-1_TD
p-40f-5_france_ep,0.0,,,,,,0.0,,,,,,0.0,,,,,,P-40F-5_Lafayette
p-43a-1,0.0,,,,,,0.0,,,,,,0.0,,,,,,P-43A-1
p-47d_16_re_germany,0.0,,,,,,3.0,,,1.0,,1.0,0.0,,,,,,P-47D-16-RE
p-51a_tl,0.0,,,,,,47.0,31.25,0.69,0.57,0.75,0.85,0.0,,,,,,P-51A
p-51c-11-nt_japan,0.0,,,,,,0.0,,,,,,0.0,,,,,,P-51C-11-NT
p-51h-5_na,0.0,,,,,,126.0,50.89,0.97,1.89,1.26,2.56,10.0,,,3.0,,0.0,P-51H-5-NA
p-59a,0.0,,,,,,28.0,100.0,0.64,0.64,0.0,0.0,0.0,,,,,,P-59A
p-66,0.0,,,,,,0.0,,,,,,0.0,,,,,,P-66
p_108b_serie1,0.0,,,,,,0.0,,,,,,0.0,,,,,,P.108B_serie_1
p_108b_serie2,0.0,,,,,,0.0,,,,,,0.0,,,,,,P.108B_serie_2
fr_citroen_kegresse_p4t,0.0,,,,,,0.0,,,,,,0.0,,,,,,P.7.T_AA
p1y1_mod11,0.0,,,,,,26.0,100.0,0.0,,0.0,,0.0,,,,,,P1Y1_mod._11
it_p_40,0.0,,,,,,61.0,50.0,0.0,0.0,4.89,4.85,23.0,100.0,0.0,0.0,1.0,1.0,P40
d_510,0.0,,,,,,0.0,,,,,,0.0,,,,,,Pallier's_D.510
it_palmaria,0.0,,,,,,13.0,,,0.0,,2.0,0.0,,,,,,Palmaria
pb4y-2_france,0.0,,,,,,0.0,,,,,,0.0,,,,,,PB4Y-2
pbj_1h,0.0,,,,,,0.0,,,,,,0.0,,,,,,PBJ-1H
pbm_3,0.0,,,,,,0.0,,,,,,0.0,,,,,,"PBM-3_""Mariner"""
sw_pbv_301,0.0,,,,,,36.0,0.0,0.25,0.1,0.28,0.12,0.0,,,,,,Pbv_301
sw_pbv_302_bill,0.0,,,,,,129.0,47.78,0.0,0.0,1.21,1.32,0.0,,,,,,Pbv_302_(BILL)
pby-5,0.0,,,,,,0.0,,,,,,0.0,,,,,,PBY-5_Catalina
pby-5a,0.0,,,,,,0.0,,,,,,0.0,,,,,,PBY-5A_Catalina
pby-5a_ussr,0.0,,,,,,0.0,,,,,,0.0,,,,,,PBY-5A_Catalina
pby-5a_late_france,0.0,,,,,,0.0,,,,,,0.0,,,,,,PBY-5A_Late
pe-2-110,0.0,,,,,,0.0,,,,,,0.0,,,,,,Pe-2-110
cn_pgz_04a,0.0,,,,,,78.0,70.51,0.32,1.05,0.15,0.0,0.0,,,,,,PGZ04A
cn_pgz_88,0.0,,,,,,33.0,66.67,0.7,0.56,1.78,1.71,0.0,,,,,,PGZ88
ussr_type_65_aa,0.0,,,,,,7.0,,,,,,0.0,,,,,,Phòng_không_T-34
spitfire_ix_plagis,0.0,,,,,,15.0,,,0.91,,0.64,7.0,,,,,,Plagis'_Spitfire_LF_Mk_IXc
cn_plz_83,0.0,,,,,,31.0,0.0,0.0,0.0,1.41,1.41,0.0,,,,,,PLZ83
cn_plz_83_130,0.0,,,,,,74.0,100.0,0.5,0.11,3.13,2.2,0.0,,,,,,PLZ83-130
po-2,0.0,,,,,,0.0,,,,,,0.0,,,,,,Po-2
po-2_nw,,,,,,,,,,,,,,,,,,,Po-2_Night_Witch
po-2m,0.0,,,,,,0.0,,,,,,0.0,,,,,,Po-2M
potez_630,0.0,,,,,,0.0,,,,,,0.0,,,,,,Potez_630
potez_631,0.0,,,,,,0.0,,,,,,0.0,,,,,,Potez_631
potez_633,0.0,,,,,,0.0,,,,,,0.0,,,,,,Potez_633
spitfire_fr_mk14e,0.0,,,,,,0.0,,,,,,0.0,,,,,,Prendergast's_Spitfire_FR_Mk_XIVe
ussr_pt_76_57,0.0,,,,,,104.0,72.62,0.0,0.0,3.24,2.81,0.0,,,,,,PT-76-57
cn_ptl_02,0.0,,,,,,146.0,60.89,0.0,0.0,1.59,1.17,0.0,,,,,,PTL02
cn_ptz_89,0.0,,,,,,84.0,37.18,0.0,0.0,1.88,1.55,0.0,,,,,,PTZ89
germ_schutzenpanzer_puma,0.0,,,,,,250.0,53.78,0.0,0.0,2.64,1.09,0.0,,,,,,PUMA
germ_schutzenpanzer_puma_vjtf_mod,0.0,,,,,,2.0,,,0.0,,1.0,0.0,,,,,,Puma_u14
germ_schutzenpanzer_puma_vjtf,0.0,,,,,,384.0,32.2,0.0,0.0,0.96,0.84,0.0,,,,,,PUMA_VJTF
sw_pvkv_III,0.0,,,,,,44.0,,,0.0,,0.9,0.0,,,,,,Pvkv_III
sw_pvlvv_fm42,0.0,,,,,,1.0,,,,,,0.0,,,,,,Pvlvv_fm/42
sw_pvrbv_551,0.0,,,,,,99.0,44.79,0.0,0.0,2.27,1.45,0.0,,,,,,Pvrbv_551
germ_pzkpfw_38t_ausf_F,0.0,,,,,,0.0,,,,,,0.0,,,,,,Pz.38(t)_F
germ_pzkpfw_II_ausf_C_td,0.0,,,,,,0.0,,,,,,0.0,,,,,,Pz.II_C_TD
germ_pzkpfw_III_ausf_J_td,0.0,,,,,,0.0,,,,,,0.0,,,,,,Pz.III_J1_TD
it_pzkpfw_III_ausf_N,0.0,,,,,,13.0,,,0.0,,1.0,0.0,,,,,,Pz.III_N
germ_pzkpfw_III_ausf_L,0.0,,,,,,26.0,,,0.0,,1.3,13.0,100.0,0.0,0.0,2.0,1.14,Pz.III_L
germ_pzkpfw_II_ausf_C,0.0,,,,,,0.0,,,,,,0.0,,,,,,Pz.II_C
germ_pzkpfw_II_ausf_F,0.0,,,,,,0.0,,,,,,0.0,,,,,,Pz.II_F
germ_pzkpfw_II_ausf_H,0.0,,,,,,31.0,50.0,0.0,0.0,1.6,1.44,0.0,,,,,,Pz.II_H
germ_pzkpfw_II_ausf_C_DAK,0.0,,,,,,0.0,,,,,,0.0,,,,,,Pz.II_С_(DAK)
germ_infanterie_kampfpanzer_churchill,0.0,,,,,,0.0,,,,,,0.0,,,,,,Pz.Kpfw._Churchill
germ_amd_35_kwk,0.0,,,,,,0.0,,,,,,0.0,,,,,,Pz.Sp.Wg.P204(f)_KwK
germ_amd_35_kwk39,0.0,,,,,,16.0,100.0,0.0,0.0,2.6,2.44,0.0,,,,,,Pz.Sp.Wg.P204(f)_PaK
q_5_early,0.0,,,,,,0.0,,,,,,0.0,,,,,,Q-5_early
q_5l,0.0,,,,,,22.0,50.0,0.0,0.0,1.0,1.77,11.0,,,0.0,,0.0,Q-5L
quing_6,0.0,,,,,,0.0,,,,,,0.0,,,,,,Qing-6
cn_qn506,0.0,,,,,,38.0,55.56,0.0,0.0,0.43,0.57,0.0,,,,,,QN506
fr_renault_r39,0.0,,,,,,0.0,,,,,,0.0,,,,,,R.35_(SA38)
r2y2_v1,0.0,,,,,,0.0,,,,,,0.0,,,,,,R2Y2_Kai_V1
r2y2_v2,0.0,,,,,,0.0,,,,,,0.0,,,,,,R2Y2_Kai_V2
r2y2_kai,0.0,,,,,,18.0,,,0.0,,2.0,0.0,,,,,,R2Y2_Kai_V3
it_oto_r3_106sr,0.0,,,,,,104.0,100.0,0.0,0.0,3.75,1.48,0.0,,,,,,R3_T106_FA
it_oto_r3_t20_fa,0.0,,,,,,94.0,95.83,0.21,0.11,0.28,0.19,0.0,,,,,,R3_T20_FA-HS
germ_raketenjagdpanzer_2,0.0,,,,,,22.0,,,,,,0.0,,,,,,RakJPz_2
germ_raketenjagdpanzer_2_hot,0.0,,,,,,46.0,14.28,0.0,0.0,0.0,0.0,0.0,,,,,,RakJPz_2_(HOT)
uk_cruiser_ram_1,0.0,,,,,,47.0,97.5,0.0,0.0,4.55,2.98,0.0,,,,,,Ram_I
uk_tracked_rapier,0.0,,,,,,93.0,50.0,4.57,5.06,0.0,0.0,0.0,,,,,,Rapier
p-36a_rasmussen,0.0,,,,,,0.0,,,,,,0.0,,,,,,Rasmussen's_P-36A
uk_ratel_20,0.0,,,,,,29.0,50.0,0.0,0.0,0.62,0.97,0.0,,,,,,Ratel_20
re_2000_int,0.0,,,,,,0.0,,,,,,0.0,,,,,,Re.2000_serie_1
re_2001_cb,0.0,,,,,,6.0,,,,,,0.0,,,,,,Re.2001_CB
re_2005_vdm,0.0,,,,,,41.0,83.33,1.37,1.14,1.77,1.64,0.0,,,,,,Re.2005_(VDM)
jp_type_95_heavy,0.0,,,,,,0.0,,,,,,0.0,,,,,,Ro-Go
jp_hiro_sha,0.0,,,,,,0.0,,,,,,0.0,,,,,,Ro-Go_Exp.
ro_43,,,,,,,,,,,,,,,,,,,Ro.43
ro_44,0.0,,,,,,0.0,,,,,,0.0,,,,,,Ro.44
ro_57_quadriarma,0.0,,,,,,5.0,,,,,,0.0,,,,,,Ro.57_Quadriarma
fr_amx_30_roland,0.0,,,,,,122.0,33.64,1.06,0.91,0.0,0.0,0.0,,,,,,Roland_1
uk_rooikat_105_td,0.0,,,,,,298.0,61.07,0.0,0.0,2.63,1.69,0.0,,,,,,Rooikat_105
uk_rooikat_76,0.0,,,,,,211.0,55.68,0.0,0.0,2.58,1.9,0.0,,,,,,Rooikat_Mk.1D
uk_rooikat_mttd,0.0,,,,,,79.0,81.03,0.0,0.0,5.69,3.16,0.0,,,,,,Rooikat_MTTD
s_81_ar125,0.0,,,,,,8.0,,,,,,0.0,,,,,,S.81
sm_79_1941,0.0,,,,,,0.0,,,,,,0.0,,,,,,S.M.79_AS
sm_79_1941_italy,0.0,,,,,,0.0,,,,,,0.0,,,,,,S.M.79_AS
sm_79_iar,0.0,,,,,,0.0,,,,,,0.0,,,,,,S.M.79_B
sm_79_iar_italy,0.0,,,,,,0.0,,,,,,0.0,,,,,,S.M.79_B
sm_79_1942,0.0,,,,,,0.0,,,,,,0.0,,,,,,S.M.79_bis/N
sm_79_1943,0.0,,,,,,0.0,,,,,,0.0,,,,,,S.M.79_bis/T.M
sm_79_1943_italy,0.0,,,,,,0.0,,,,,,0.0,,,,,,S.M.79_bis/T.M
sm_79_1936,0.0,,,,,,0.0,,,,,,0.0,,,,,,S.M.79_serie_1
sm_79_1936_italy,0.0,,,,,,0.0,,,,,,0.0,,,,,,S.M.79_serie_1
sm_79_1937,0.0,,,,,,0.0,,,,,,0.0,,,,,,S.M.79_serie_4
sm_79_1939,0.0,,,,,,0.0,,,,,,0.0,,,,,,S.M.79_serie_8
so_4050_vautour_2n,0.0,,,,,,0.0,,,,,,0.0,,,,,,S.O.4050_Vautour_IIN
so_4050_vautour_2n_late,0.0,,,,,,64.0,100.0,3.69,5.94,0.0,0.0,0.0,,,,,,S.O.4050_Vautour_IIN_(late)
so_8000_narval,0.0,,,,,,17.0,100.0,0.9,0.94,0.4,0.24,0.0,,,,,,S.O.8000_Narval
saab_b17bs,0.0,,,,,,0.0,,,,,,0.0,,,,,,S17BS
md_460_saar,0.0,,,,,,0.0,,,,,,0.0,,,,,,Sa'ar
saab_f35_wdns,0.0,,,,,,6.0,0.0,0.0,0.8,1.0,0.2,0.0,,,,,,Saab_F-35
saab_j35xs,0.0,,,,,,143.0,56.3,2.86,3.02,3.37,3.05,0.0,,,,,,Saab_J35XS
saab_105g,0.0,,,,,,104.0,71.22,0.02,0.02,3.17,2.7,0.0,,,,,,SAAB-105G
saab_105oe,0.0,,,,,,0.0,,,,,,0.0,,,,,,SAAB-105OE
sagittario_2,0.0,,,,,,42.0,100.0,3.07,3.25,2.8,2.25,4.0,,,3.0,,0.0,Sagittario_2
md_460_sambad,0.0,,,,,,0.0,,,,,,0.0,,,,,,Sambad
uk_sarc_mk4_a,0.0,,,,,,0.0,,,,,,0.0,,,,,,SARC_MkIVa
uk_marmon_herrington_mk_6_6pdr,0.0,,,,,,80.0,40.0,0.0,0.0,1.07,0.87,0.0,,,,,,SARC_MkVI_(6pdr)
fr_somua_sau40,0.0,,,,,,0.0,,,,,,0.0,,,,,,SAu_40
sb_2m_100,0.0,,,,,,0.0,,,,,,0.0,,,,,,SB_2M-100
sb_2m_103_mv3,0.0,,,,,,0.0,,,,,,0.0,,,,,,SB_2M-103_MV-3
sb_2m_103u,0.0,,,,,,0.0,,,,,,0.0,,,,,,SB_2M-103U
sb_2m_103u_mv3,0.0,,,,,,0.0,,,,,,0.0,,,,,,SB_2M-103U_MV-3
sb2c_5_france,0.0,,,,,,33.0,100.0,0.33,0.45,5.44,3.03,0.0,,,,,,SB2C-5
sb2u-3,0.0,,,,,,0.0,,,,,,0.0,,,,,,SB2U-3
scimitar_f1,0.0,,,,,,18.0,,,0.0,,0.0,0.0,,,,,,Scimitar_F_Mk.1
germ_sdkfz_221_s_pz_b_41,0.0,,,,,,0.0,,,,,,0.0,,,,,,Sd.Kfz.221_(s.Pz.B.41)
germ_sdkfz_222,0.0,,,,,,36.0,0.0,0.0,0.0,2.5,0.56,0.0,,,,,,Sd.Kfz.222
germ_sdkfz_234_2_mod,0.0,,,,,,63.0,38.89,0.0,0.0,1.54,1.27,4.0,,,0.0,,0.0,"Sd.Kfz.234/2_""Biene"""
germ_sdkfz_234_2_td,0.0,,,,,,7.0,,,0.0,,1.0,0.0,,,,,,Sd.Kfz.234/2_TD
germ_sdkfz_234_3,0.0,,,,,,5.0,0.0,0.0,0.0,1.0,1.0,0.0,,,,,,Sd.Kfz.234/3
germ_sdkfz_234_4,0.0,,,,,,31.0,,,0.0,,3.18,0.0,,,,,,Sd.Kfz.234/4
germ_sdkfz_251_10,0.0,,,,,,4.0,,,0.0,,1.0,0.0,,,,,,Sd.Kfz.251/10
germ_sdkfz_251_22,0.0,,,,,,33.0,50.0,0.0,0.0,3.5,3.06,0.0,,,,,,Sd.Kfz.251/22
germ_pzkpfw_38t_Aufklarungspanzer,0.0,,,,,,13.0,,,,,,0.0,,,,,,Sd.Kfz._140/1
gladiator_mk2_navy,0.0,,,,,,0.0,,,,,,0.0,,,,,,Sea_Gladiator_Mk_I
sea_hawk_fga6,0.0,,,,,,11.0,,,0.0,,0.0,0.0,,,,,,Sea_Hawk_FGA.6
sea_hawk_fga50_netherlands,0.0,,,,,,214.0,56.14,1.54,2.15,1.71,2.46,8.0,,,,,,Sea_Hawk_Mk.50
hurricane_mk1b,0.0,,,,,,0.0,,,,,,0.0,,,,,,Sea_Hurricane_Mk_IB
meteor_fmk3_navy,0.0,,,,,,90.0,48.62,0.87,1.66,0.89,1.67,0.0,,,,,,Sea_Meteor_F_Mk_3
sea_venom_faw20,0.0,,,,,,0.0,,,,,,0.0,,,,,,Sea_Venom_FAW_20
dh_110_sea_vixen,0.0,,,,,,33.0,96.67,3.97,1.5,0.0,0.0,1.0,,,1.0,,0.0,Sea_Vixen_F.A.W._Mk.2
seafire_fr47,0.0,,,,,,0.0,,,,,,0.0,,,,,,Seafire_FR_47
seafire_mk3,0.0,,,,,,0.0,,,,,,0.0,,,,,,Seafire_LF_Mk.III
shackleton_mr_mk_2,0.0,,,,,,0.0,,,,,,0.0,,,,,,Shackleton_MR.Mk.2
mirage_3cj,0.0,,,,,,13.0,100.0,1.63,2.0,0.63,1.0,0.0,,,,,,Shahak
mig-17_f5,0.0,,,,,,21.0,,,1.0,,0.0,0.0,,,,,,Shenyang_F-5
us_m4a3e8_76w_sherman_kit_3rank,0.0,,,,,,176.0,75.42,0.01,0.01,4.34,2.89,0.0,,,,,,Sherman_(Hell)
il_centurion_shot_kal_alef,0.0,,,,,,57.0,66.67,0.0,0.0,2.33,3.18,0.0,,,,,,Sho't_Kal_Alef
uk_centurion_shot_kal_d,0.0,,,,,,0.0,,,,,,0.0,,,,,,Sho't_Kal_Dalet
il_sholef,0.0,,,,,,29.0,0.0,0.0,0.0,3.0,2.66,0.0,,,,,,Sholef
ussr_9p149,0.0,,,,,,45.0,59.52,0.0,0.0,1.87,1.71,0.0,,,,,,Shturm-S
it_otobreda_sidam_25,0.0,,,,,,65.0,50.0,0.0,0.0,0.0,0.0,0.0,,,,,,SIDAM_25
saab_sk60b,0.0,,,,,,126.0,56.0,0.1,0.0,2.96,3.29,0.0,,,,,,SK60B
us_skink_aa,0.0,,,,,,254.0,48.56,1.21,1.3,0.0,0.0,0.0,,,,,,Skink
uk_skink_aa,0.0,,,,,,52.0,11.9,0.38,0.33,0.12,0.21,0.0,,,,,,Skink
us_skink_aa_kit_3rank,0.0,,,,,,27.0,57.58,0.97,1.68,0.14,0.23,0.0,,,,,,Skink_(Hell)
uk_sky_sabre_fcs,0.0,,,,,,91.0,61.11,2.06,2.06,0.0,0.0,0.0,,,,,,Sky_Sabre_(СОЦ)
soc_1,,,,,,,,,,,,,,,,,,,SOC-1
spitfire_mk14e,1.0,,,,,,44.0,90.74,1.91,2.03,1.3,1.42,0.0,,,,,,Spitfire_F_Mk_XIVe
spitfire_mk18e,0.0,,,,,,56.0,100.0,1.0,1.2,4.3,5.2,0.0,,,,,,Spitfire_F_Mk_XVIIIe
spitfire_mk5b_float,0.0,,,,,,10.0,100.0,3.0,3.0,0.0,0.0,0.0,,,,,,Spitfire_Mk.Vb_(Float)
sw_stormpjas_fm43_44,0.0,,,,,,0.0,,,,,,0.0,,,,,,Spj_fm/43-44
il_spyder_aio,0.0,,,,,,86.0,23.33,1.09,0.87,0.0,0.0,0.0,,,,,,SPYDER
germ_spz_12_3,0.0,,,,,,28.0,50.0,0.0,0.0,1.0,2.0,0.0,,,,,,SPz_12-3_LGS
fr_saint_chamond,0.0,,,,,,12.0,,,0.0,,3.0,0.0,,,,,,St-Chamond
uk_t17e2,0.0,,,,,,0.0,,,,,,0.0,,,,,,Staghound_AA
jp_stingray,0.0,,,,,,263.0,65.39,0.0,0.0,1.71,1.62,0.0,,,,,,Stingray
stirling_mk1,0.0,,,,,,0.0,,,,,,0.0,,,,,,Stirling_B_Mk_I
stirling_mk3,0.0,,,,,,0.0,,,,,,0.0,,,,,,Stirling_B_Mk_III
uk_stormer_air_defence,0.0,,,,,,173.0,39.44,1.2,0.96,0.02,0.02,0.0,,,,,,Stormer_AD
uk_stormer_hvm,0.0,,,,,,4.0,0.0,0.0,,0.0,,0.0,,,,,,Stormer_HVM
strikemaster_mk88,0.0,,,,,,87.0,66.67,0.2,0.18,4.4,4.72,0.0,,,,,,Strikemaster_Mk.88
uk_fv102_striker,0.0,,,,,,29.0,50.0,0.0,0.0,0.5,0.31,0.0,,,,,,Striker
sw_strv_103_0,0.0,,,,,,94.0,50.0,0.0,0.0,3.95,3.23,0.0,,,,,,Strv_103-0
sw_strv_103a,0.0,,,,,,243.0,48.0,0.0,0.0,2.7,2.0,12.0,,,0.0,,1.0,Strv_103A
sw_strv_103c,0.0,,,,,,68.0,45.45,0.0,0.0,1.76,2.03,0.0,,,,,,Strv_103С
sw_strv_105,0.0,,,,,,326.0,66.83,0.0,0.0,2.43,2.05,0.0,,,,,,Strv_105
sw_strv_121,0.0,,,,,,445.0,51.57,0.0,0.0,2.33,1.78,0.0,,,,,,Strv_121
sw_strv_81_rb52,0.0,,,,,,0.0,,,,,,0.0,,,,,,Strv_81_(RB_52)
uk_centurion_mk_3_ss11,0.0,,,,,,0.0,,,,,,0.0,,,,,,Strv_81_(RB_52)
sw_strv_m39_td,0.0,,,,,,0.0,,,,,,0.0,,,,,,Strv_m/39_TD
sw_strv_m41_s1,0.0,,,,,,0.0,,,,,,0.0,,,,,,Strv_m/41_S-I
us_m5a1_stuart_canadian_5st_arm,0.0,,,,,,0.0,,,,,,0.0,,,,,,Stuart_VI_(5th_CAD)
germ_stug_III_ausf_A,0.0,,,,,,3.0,0.0,0.0,0.0,1.0,1.0,0.0,,,,,,StuG_III_A
ussr_su_100Y,0.0,,,,,,9.0,,,,,,0.0,,,,,,SU-100Y
su_25tm,0.0,,,,,,585.0,73.99,0.3,0.28,2.64,2.68,62.0,,,0.82,,0.82,Su-39
ussr_su_57,0.0,,,,,,18.0,,,0.0,,1.0,0.0,,,,,,SU-57
ussr_su_57b,0.0,,,,,,0.0,,,,,,0.0,,,,,,SU-57B
ussr_su_76d,0.0,,,,,,0.0,,,,,,0.0,,,,,,SU-76D
ussr_su_76m_1943,0.0,,,,,,4.0,,,0.0,,0.0,0.0,,,,,,SU-76M
ussr_su_76m_5st_kav_corps,0.0,,,,,,0.0,,,,,,0.0,,,,,,SU-76M_(5th_Gv.Kav.Corps)
su-7bmk,0.0,,,,,,21.0,,,0.75,,1.5,0.0,,,,,,Su-7BMK
su-8,0.0,,,,,,0.0,,,,,,0.0,,,,,,Su-8
ussr_su_85a,0.0,,,,,,0.0,,,,,,0.0,,,,,,SU-85A
su-9,0.0,,,,,,142.0,51.11,1.17,0.8,2.29,1.47,0.0,,,,,,Su-9
sunderland_mk3a,0.0,,,,,,0.0,,,,,,0.0,,,,,,Sunderland_Mk_IIIa
sunderland_mk5,0.0,,,,,,0.0,,,,,,0.0,,,,,,Sunderland_Mk_V
super_etendard_97,0.0,,,,,,27.0,50.0,0.18,1.0,2.68,7.17,0.0,,,,,,Super_Etendard
swift_f1,0.0,,,,,,130.0,50.66,0.92,2.77,0.08,0.13,0.0,,,,,,Swift_F.1
swift_f7,0.0,,,,,,118.0,55.87,1.53,1.73,1.53,1.69,0.0,,,,,,Swift_F.7
swordfish_mk1,0.0,,,,,,0.0,,,,,,0.0,,,,,,Swordfish_Mk_I
swordfish_mk2,0.0,,,,,,0.0,,,,,,0.0,,,,,,Swordfish_Mk_II
ussr_t_10a,0.0,,,,,,51.0,92.5,0.0,0.0,6.93,3.54,0.0,,,,,,T-10A
ussr_t_126sp,0.0,,,,,,0.0,,,,,,0.0,,,,,,T-126
cn_t_26_no531,0.0,,,,,,19.0,,,,,,0.0,,,,,,T-26_No.531
ussr_t_26_4,0.0,,,,,,0.0,,,,,,0.0,,,,,,T-26-4
ussr_t_26E,0.0,,,,,,0.0,,,,,,0.0,,,,,,T-26E
ussr_t_26_1940_1st_GvTBr,0.0,,,,,,0.0,,,,,,0.0,,,,,,T-26_(1st_Gv.T.Br.)
ussr_t_34_1940_l_11,0.0,,,,,,0.0,,,,,,0.0,,,,,,T-34_(Prototype)
sw_t_50_fin,0.0,,,,,,0.0,,,,,,0.0,,,,,,T-50
ussr_t_70_1942,0.0,,,,,,0.0,,,,,,0.0,,,,,,T-70
ussr_t_72m2_moderna,0.0,,,,,,247.0,72.09,0.0,0.0,4.97,3.2,0.0,,,,,,T-72M2_Moderna
ussr_pzkpfw_III_ausf_J_L42,0.0,,,,,,10.0,100.0,0.0,0.0,3.83,3.1,0.0,,,,,,T-III
us_t114,0.0,,,,,,47.0,100.0,0.0,0.0,7.0,3.32,0.0,,,,,,T114
us_t28,0.0,,,,,,0.0,,,,,,0.0,,,,,,T28
us_t32e1,0.0,,,,,,49.0,84.62,0.0,0.0,4.32,4.11,0.0,,,,,,T32E1
us_t54e1,0.0,,,,,,31.0,100.0,0.0,0.0,4.14,3.7,0.0,,,,,,T54E1
us_t54e2,0.0,,,,,,14.0,,,,,,0.0,,,,,,T54E2
ta-152c,0.0,,,,,,0.0,,,,,,0.0,,,,,,Ta_152_C-3
ta-152h-1,0.0,,,,,,5.0,0.0,2.0,,0.0,,0.0,,,,,,Ta_152_H-1
jp_type_98_ta_se,0.0,,,,,,0.0,,,,,,0.0,,,,,,Ta-Se
ki_61_1a_hei_ep,0.0,,,,,,23.0,100.0,0.75,0.75,2.08,2.08,0.0,,,,,,Tada's_Ki-61-I_hei
jp_type_81_tansam_launcher,,,,,,,,,,,,,,,,,,,Tan-SAM_Kai_(СОУ)
jp_type_81_tansam_fcs,0.0,,,,,,23.0,39.13,0.61,0.8,0.0,0.0,0.0,,,,,,Tan-SAM_Kai_(СОЦ)
tandem_mai,0.0,,,,,,0.0,,,,,,0.0,,,,,,Tandem_MAI
tb_3_m17_32,0.0,,,,,,0.0,,,,,,0.0,,,,,,TB-3M-17-32
tempest_mkv_luftwaffe,0.0,,,,,,31.0,67.86,1.93,2.43,1.0,1.21,0.0,,,,,,Tempest_Mk_V
tempest_mkv_vikkers,0.0,,,,,,0.0,,,,,,0.0,,,,,,Tempest_Mk_V_(Vickers_P)
f2a-1_thach,0.0,,,,,,0.0,,,,,,0.0,,,,,,Thach's_F2A-1
il_tiran_4_sh,0.0,,,,,,63.0,17.31,0.0,0.0,1.81,1.35,0.0,,,,,,Tiran_4S
il_tiran_6,0.0,,,,,,107.0,80.83,0.0,0.0,3.25,2.06,0.0,,,,,,Tiran_6
uk_tog_2,0.0,,,,,,21.0,100.0,0.0,0.0,4.75,2.79,0.0,,,,,,TOG_II
it_toldi_II_a,0.0,,,,,,0.0,,,,,,0.0,,,,,,Toldi_IIA
tornado_adv,0.0,,,,,,15.0,,,1.0,,0.0,13.0,,,1.0,,0.0,Tornado_ADV
tornado_ids_it,0.0,,,,,,26.0,0.0,0.0,0.0,1.0,0.5,0.0,,,,,,Tornado_IDS
tornado_ids_it_mod95,0.0,,,,,,0.0,,,,,,0.0,,,,,,Tornado_IDS_(1995)
tornado_ids_it_ret8,0.0,,,,,,14.0,100.0,0.0,0.0,3.0,3.0,0.0,,,,,,Tornado_IDS_MLU_(RET.8)
ussr_tor_m1,0.0,,,,,,50.0,,,1.33,,0.0,0.0,,,,,,Toр-M1
fr_tpk_641_vpc,0.0,,,,,,90.0,90.83,0.32,0.32,0.09,0.11,0.0,,,,,,TPK_6.41
tu_4,0.0,,,,,,0.0,,,,,,0.0,,,,,,Tu-4
gladiator_mk2_tuck,0.0,,,,,,0.0,,,,,,0.0,,,,,,Tuck's_Gladiator_Mk_II
it_40m_turan_1,0.0,,,,,,0.0,,,,,,0.0,,,,,,Turan_I
jp_type_03_chusam_fcs,0.0,,,,,,93.0,86.23,0.37,0.16,0.0,0.0,0.0,,,,,,Type_03_(СОЦ)
cn_type_59,0.0,,,,,,115.0,65.51,0.0,0.0,3.53,2.64,0.0,,,,,,Type_59
jp_type_60_atm,0.0,,,,,,7.0,100.0,0.0,0.0,1.0,1.0,0.0,,,,,,Type_60_ATM
jp_type_60_sprg,0.0,,,,,,264.0,69.64,0.0,0.0,3.22,1.88,0.0,,,,,,Type_60_SPRG_(C)
jp_type_61_mod,0.0,,,,,,190.0,57.86,0.0,0.0,1.59,1.54,0.0,,,,,,Type_61_(B)
ussr_type_62,0.0,,,,,,3.0,,,0.0,,3.0,0.0,,,,,,Type_62
cn_type_62,0.0,,,,,,110.0,64.21,0.0,0.0,1.22,1.21,0.0,,,,,,Type_62
cn_type_69,0.0,,,,,,188.0,74.13,0.0,0.0,5.4,3.39,0.0,,,,,,Type_69
cn_type_69_2a,0.0,,,,,,23.0,100.0,0.0,0.0,5.0,4.42,0.0,,,,,,Type_69-IIa
jp_type_74_c,0.0,,,,,,159.0,69.95,0.0,0.0,5.78,3.98,0.0,,,,,,Type_74_(C)
jp_type_74_mod_g_kai,0.0,,,,,,330.0,52.39,0.0,0.0,2.95,2.61,0.0,,,,,,Type_74_(G)
jp_type_74_red_star,0.0,,,,,,439.0,56.83,0.0,0.0,1.85,1.28,0.0,,,,,,Type_74_Red_Star
jp_type_75_mlrs,0.0,,,,,,12.0,,,0.0,,1.0,0.0,,,,,,Type_75_MLRS
jp_type_87_rcv_prot,0.0,,,,,,250.0,59.19,0.12,0.12,1.96,1.82,0.0,,,,,,Type_87_RCV_(P)
jp_type_94,0.0,,,,,,24.0,54.17,0.54,1.0,3.13,5.88,0.0,,,,,,Type_94
sw_udes_33,0.0,,,,,,131.0,51.03,0.0,0.0,1.01,1.01,0.0,,,,,,UDES_33
us_m551_football,,,,,,,,,,,,,,,,,,,us_m551_football
ussr_m551_football,,,,,,,,,,,,,,,,,,,ussr_m551_football
v_11g,0.0,,,,,,0.0,,,,,,0.0,,,,,,V-11
v_12d,0.0,,,,,,0.0,,,,,,0.0,,,,,,V-12D
v_156_b1,0.0,,,,,,0.0,,,,,,0.0,,,,,,V-156-B1
v_156_f,0.0,,,,,,0.0,,,,,,0.0,,,,,,V-156-F
uk_valentine_mk_1,0.0,,,,,,0.0,,,,,,0.0,,,,,,Valentine_I
vampire_fb5,0.0,,,,,,0.0,,,,,,0.0,,,,,,Vampire_F.B.5
vampire_fb52_finland,0.0,,,,,,55.0,53.7,0.0,0.0,0.0,0.0,0.0,,,,,,Vampire_FB_52A
vampire_fb52a_italy,0.0,,,,,,32.0,100.0,1.0,1.0,0.0,0.0,0.0,,,,,,Vampire_FB_52A
vb_10_02,0.0,,,,,,25.0,,,1.0,,0.75,4.0,,,1.0,,0.0,VB.10-02
it_vbc_pt2,0.0,,,,,,188.0,58.67,0.0,0.0,2.74,1.43,4.0,,,0.0,,2.0,VBC_(PT2)
it_vcc_80_hitfist_30,0.0,,,,,,33.0,0.0,0.0,0.0,4.09,2.25,0.0,,,,,,VCC-80/30
venom_fb4,0.0,,,,,,0.0,,,,,,0.0,,,,,,Venom_FB.4
fr_vextra_105,0.0,,,,,,124.0,43.38,0.0,0.0,1.94,0.91,0.0,,,,,,Vextra_105
uk_vfm_5,0.0,,,,,,138.0,57.54,0.0,0.0,2.88,2.31,0.0,,,,,,VFM5
uk_vickers_mbt_mk_3,0.0,,,,,,80.0,40.13,0.0,0.0,2.24,2.7,0.0,,,,,,Vickers_Mk.3
uk_vickers_mk7,0.0,,,,,,213.0,65.35,0.0,0.0,2.9,2.09,0.0,,,,,,Vickers_Mk.7
sw_vickers_mk_e_37,0.0,,,,,,0.0,,,,,,0.0,,,,,,Vickers_Mk.E
sw_k9_vidar,0.0,,,,,,75.0,54.13,0.0,0.0,2.73,1.7,0.0,,,,,,VIDAR
uk_vijayanta,0.0,,,,,,15.0,100.0,0.0,0.0,2.0,1.47,0.0,,,,,,Vijayanta
it_vrcc_centauro,0.0,,,,,,180.0,66.83,0.0,0.0,2.32,1.82,0.0,,,,,,VRCC
germ_vt_1_2,0.0,,,,,,30.0,40.0,0.0,0.0,3.0,2.61,2.0,,,0.0,,2.0,VT1-2
fr_amx_vtt_dca,0.0,,,,,,28.0,,,0.0,,0.0,0.0,,,,,,VTT_DCA
walrus_mk1,,,,,,,,,,,,,,,,,,,Walrus_Mk.I
uk_fv510_isv,0.0,,,,,,15.0,100.0,0.0,0.0,1.0,1.25,0.0,,,,,,Warrior
washington_b1,0.0,,,,,,0.0,,,,,,0.0,,,,,,Washington_B.Mk.I
welkin_fmk1,0.0,,,,,,0.0,,,,,,0.0,,,,,,Welkin_F.Mk.I
wellington_mk1c,0.0,,,,,,0.0,,,,,,0.0,,,,,,Wellington_Mk_Ic
wellington_mk3,0.0,,,,,,0.0,,,,,,0.0,,,,,,Wellington_Mk_III
wellington_mk10,0.0,,,,,,0.0,,,,,,0.0,,,,,,Wellington_Mk_X
whirlwind_mk1,0.0,,,,,,0.0,,,,,,0.0,,,,,,Whirlwind_Mk_I
whirlwind_p9,0.0,,,,,,18.0,,,1.0,,1.0,0.0,,,,,,Whirlwind_P.9
wirraway,0.0,,,,,,0.0,,,,,,0.0,,,,,,Wirraway
cn_wma_301,0.0,,,,,,93.0,45.65,0.0,0.0,3.29,1.77,8.0,,,0.0,,0.0,WMA301
cn_wz_141,0.0,,,,,,124.0,80.77,0.0,0.0,8.0,3.45,0.0,,,,,,WZ141-1
xa_38,0.0,,,,,,0.0,,,,,,53.0,20.0,0.65,0.63,2.55,1.26,XA-38
us_xm246,0.0,,,,,,1195.0,55.94,0.23,0.19,1.66,1.38,0.0,,,,,,XM246
us_xm_800t,0.0,,,,,,1447.0,63.38,0.0,0.0,1.4,1.2,0.0,,,,,,XM800T
p-38g_metal,0.0,,,,,,10.0,100.0,3.0,,0.0,,0.0,,,,,,XP-38G
yak-15,0.0,,,,,,0.0,,,,,,0.0,,,,,,Yak-15
yak-15_early,1.0,,,,,,74.0,86.91,2.84,5.58,0.52,1.67,0.0,,,,,,Yak-15P
yak-28b,0.0,,,,,,13.0,50.0,0.0,0.0,0.0,0.0,0.0,,,,,,Yak-28B
yak-3_vk107,0.0,,,,,,101.0,38.67,2.33,2.55,0.59,0.64,12.0,,,,,,Yak-3_(VK-107)
yak-3t,0.0,,,,,,21.0,100.0,0.0,0.0,1.91,1.91,0.0,,,,,,Yak-3T
yak-9ut,0.0,,,,,,609.0,66.55,0.66,0.71,2.16,2.3,4.0,100.0,0.0,0.0,1.0,1.0,Yak-9UT
er-2_ach30b_late,0.0,,,,,,0.0,,,,,,0.0,,,,,,Yer-2_(ACh-30B)_(l)
er-2_m105_tat,0.0,,,,,,0.0,,,,,,0.0,,,,,,Yer-2_(M-105)_TAT
er-2_m105r_tat,0.0,,,,,,0.0,,,,,,0.0,,,,,,Yer-2_(M-105R)_TAT
yp-38,0.0,,,,,,0.0,,,,,,0.0,,,,,,YP-38
uk_ystervark_spaa,0.0,,,,,,61.0,73.91,0.91,1.19,0.0,0.0,0.0,,,,,,Ystervark
z_1007_bis_serie3,0.0,,,,,,9.0,50.0,0.0,0.0,1.0,2.0,0.0,,,,,,Z.1007_bis_serie_3
z_1007_bis_serie5,0.0,,,,,,0.0,,,,,,0.0,,,,,,Z.1007_bis_serie_5
cn_zbd_04a,0.0,,,,,,297.0,59.49,0.0,0.0,1.51,1.35,0.0,,,,,,ZBD04A
cn_type_86,0.0,,,,,,59.0,37.5,0.0,0.0,1.28,0.5,0.0,,,,,,ZBD86
ussr_zis_12_94KM_1945,0.0,,,,,,80.0,85.56,0.59,0.16,4.2,2.44,0.0,,,,,,ZiS-12_(94-KM)
ussr_zis_43,0.0,,,,,,0.0,,,,,,0.0,,,,,,ZiS-43
it_40_43m_zrinyi_2,0.0,,,,,,0.0,,,,,,0.0,,,,,,Zrinyi_II
cn_zsd63_pg87,0.0,,,,,,96.0,39.83,0.64,0.84,0.53,0.75,0.0,,,,,,ZSD63/PG87
cn_zsl_92,0.0,,,,,,156.0,53.93,0.22,0.37,0.44,0.61,0.0,,,,,,ZSL92
ussr_zsu_37,0.0,,,,,,10.0,,,0.0,,0.0,0.0,,,,,,ZSU-37
sw_zsu_57_2,0.0,,,,,,223.0,28.57,0.0,0.0,1.98,1.21,0.0,,,,,,ZSU-57-2
uk_ratel_zt3,0.0,,,,,,479.0,62.17,0.05,0.05,3.63,3.44,0.0,,,,,,ZT3A2
cn_zts_63_1980,0.0,,,,,,90.0,58.34,0.0,0.0,1.15,1.1,4.0,,,0.0,,0.0,ZTS63
cn_ztz_59a,0.0,,,,,,35.0,,,0.0,,3.29,0.0,,,,,,ZTZ59A
cn_type_59d,0.0,,,,,,76.0,85.42,0.0,0.0,3.0,2.54,0.0,,,,,,ZTZ59D1
cn_ztz_96a,0.0,,,,,,134.0,42.0,0.0,0.0,2.13,1.73,0.0,,,,,,ZTZ96A
ussr_zut_37,0.0,,,,,,5.0,,,,,,0.0,,,,,,ZUT-37
ussr_bmd_4m,0.0,,,,,,662.0,45.29,0.0,0.0,3.06,1.34,21.0,100.0,0.25,0.13,2.88,2.19,БМД-4M
ussr_sdkfz_251_21_kit_3rank,0.0,,,,,,42.0,11.46,0.05,0.06,0.0,0.0,0.0,,,,,,Ганомаг_('45)
ussr_garford_putilov,0.0,,,,,,0.0,,,,,,0.0,,,,,,Гарфордъ
db_lk,0.0,,,,,,0.0,,,,,,0.0,,,,,,ДБ-ЛК
ussr_valentine_mk_9,0.0,,,,,,0.0,,,,,,0.0,,,,,,"МК-IX_""Valentine"""
mig_29kr_9_41r,0.0,,,,,,6.0,,,,,,0.0,,,,,,МиГ-29КР_(9-41Р)
mig_29m_9_15,0.0,,,,,,50.0,79.63,0.76,0.92,0.02,0.02,0.0,,,,,,МиГ-29М_(9-15)
ussr_9a33bm3,0.0,,,,,,19.0,,,,,,0.0,,,,,,Оса-АКМ
ussr_pantsyr_sm_sv,0.0,,,,,,957.0,46.65,1.05,1.1,0.25,0.27,0.0,,,,,,Панцирь_СМ-СВ
germ_9a35_m,0.0,,,,,,23.0,50.0,1.0,1.57,0.0,0.0,0.0,,,,,,Стрела-10М
it_9a35_m,0.0,,,,,,4.0,50.0,0.5,1.0,0.0,0.0,0.0,,,,,,Стрела-10М
uk_9a35_m,0.0,,,,,,8.0,,,,,,0.0,,,,,,Стрела-10М
cn_t_62,0.0,,,,,,9.0,50.0,0.0,0.0,1.0,2.0,0.0,,,,,,Т-62_№545
ussr_t_90m_arena_m,0.0,,,,,,73.0,36.41,0.0,0.0,1.85,1.47,0.0,,,,,,Т-90М_(Арена-М)
yak_130_early,0.0,,,,,,105.0,49.16,0.11,0.13,2.45,3.14,0.0,,,,,,Як-130
p-47m-1-re_boxted,0.0,,,,,,20.0,41.67,0.4,0.69,0.0,0.0,38.0,50.0,1.0,2.0,0.53,1.05,⋠P-47M-1-RE
a6m2_zero_china,0.0,,,,,,116.0,84.96,1.77,2.0,1.39,1.61,0.0,,,,,,A6M2_(China)
a6m5_zero_china,,,,,,,,,,,,,,,,,,,A6M5_(China)
b_25j_30_china,0.0,,,,,,0.0,,,,,,0.0,,,,,,B-25J-30_(China)
cn_type_97_kai,0.0,,,,,,0.0,,,,,,0.0,,,,,,Chi-Ha_Kai_(China)
f-100a_china,0.0,,,,,,22.0,100.0,1.11,1.0,1.0,0.94,0.0,,,,,,F-100A_(China)
f-104a_china,0.0,,,,,,0.0,,,,,,0.0,,,,,,F-104A_(China)
f-104g_china,0.0,,,,,,0.0,,,,,,0.0,,,,,,F-104G_(China)
f_16a_block_72v_china,0.0,,,,,,0.0,,,,,,0.0,,,,,,F-16V_(China)
f_47n_25_re_china,0.0,,,,,,4.0,,,0.0,,1.0,0.0,,,,,,F-47N-25-RE_(China)
f-5a_china,0.0,,,,,,0.0,,,,,,0.0,,,,,,F-5A_(China)
f-5e_aidc,0.0,,,,,,26.0,66.67,0.0,0.0,0.3,0.5,0.0,,,,,,F-5E_(China)
f-84g-31-re_china,0.0,,,,,,43.0,75.0,0.25,0.2,1.38,1.3,0.0,,,,,,F-84G-31-RE_(China)
f-86f-30_china,0.0,,,,,,0.0,,,,,,0.0,,,,,,F-86F-30_(China)
f-86f-40_china,0.0,,,,,,0.0,,,,,,0.0,,,,,,F-86F-40_(China)
gladiator_mk1_china,0.0,,,,,,0.0,,,,,,0.0,,,,,,Gladiator_Mk_I_(China)
hs-123a-1_china,0.0,,,,,,0.0,,,,,,0.0,,,,,,Hs_123_A-1_(China)
i-15bis_china,0.0,,,,,,4.0,,,,,,0.0,,,,,,I-15bis_(China)
i-16_chung_28,0.0,,,,,,0.0,,,,,,0.0,,,,,,I-16_Chung_28_(China)
i-16_type5_1935_china,0.0,,,,,,0.0,,,,,,0.0,,,,,,I-16_type_5_(China)
cn_isu_122,0.0,,,,,,13.0,,,0.0,,1.0,0.0,,,,,,ISU-122_(China)
cn_isu_152,0.0,,,,,,26.0,,,0.0,,0.73,0.0,,,,,,ISU-152_(China)
ki-27_otsu_china,0.0,,,,,,0.0,,,,,,0.0,,,,,,Ki-27_otsu_(China)
ki-45_hei_tei_china,0.0,,,,,,0.0,,,,,,0.0,,,,,,Ki-45_hei/tei_(China)
ki_84_ko_china,0.0,,,,,,44.0,,,0.0,,2.0,0.0,,,,,,Ki-84_ko_(China)
cn_m113a1_tow,0.0,,,,,,53.0,55.26,0.0,0.0,0.47,0.46,0.0,,,,,,M113A1_(TOW)_(China)
cn_m3a3_stuart_1st_ptg,0.0,,,,,,6.0,50.0,0.0,0.0,2.5,2.5,0.0,,,,,,M3A3_(1st_PTG)_(China)
cn_m3a3_stuart,0.0,,,,,,18.0,,,,,,0.0,,,,,,M3A3_Stuart_(China)
cn_m55,0.0,,,,,,0.0,,,,,,0.0,,,,,,M55_(China)
cn_m5a1_stuart,0.0,,,,,,11.0,,,0.0,,1.82,0.0,,,,,,M5A1_(China)
cn_m60a3_tts,0.0,,,,,,46.0,10.53,0.0,0.0,3.87,3.92,0.0,,,,,,M60A3_TTS_(China)
mirage_2000_5ei,0.0,,,,,,75.0,59.23,2.3,3.68,0.0,0.0,0.0,,,,,,Mirage_2000-5Ei_(China)
p-40e_china,0.0,,,,,,0.0,,,,,,0.0,,,,,,P-40E-1_(China)
p-51c-11-nt_china,0.0,,,,,,81.0,50.0,0.29,0.66,1.53,1.75,0.0,,,,,,P-51C-11-NT_(China)
p1y1_mod11_china,0.0,,,,,,0.0,,,,,,0.0,,,,,,P1Y1_mod._11_(China)
pb4y-2_china,0.0,,,,,,0.0,,,,,,0.0,,,,,,PB4Y-2_(China)
cn_pt_76,0.0,,,,,,0.0,,,,,,0.0,,,,,,PT-76_(China)
sb_2m_103u_china,0.0,,,,,,0.0,,,,,,0.0,,,,,,SB_2M-103U_(China)
cn_sdkfz_222_early,0.0,,,,,,15.0,100.0,0.0,0.0,1.0,1.0,0.0,,,,,,Sd.Kfz.222_(China)
cn_su_76m_1943,0.0,,,,,,2.0,,,,,,0.0,,,,,,SU-76M_(China)
tu_4_china,0.0,,,,,,0.0,,,,,,0.0,,,,,,Tu-4_(China)
uk_challenger_II_yt_cup_2019,,,,,,,,,,,,,,,,,,,␙Challenger_2
germ_leopard_2a5_yt_cup_2019,0.0,,,,,,0.0,,,,,,0.0,,,,,,␙Leopard_2A5
us_m1a1_abrams_yt_cup_2019,0.0,,,,,,0.0,,,,,,0.0,,,,,,␙M1A1
md_460_yt_cup_2019,,,,,,,,,,,,,,,,,,,␙Super_Mystere_B2
ussr_t_80u_yt_cup_2019,0.0,,,,,,0.0,,,,,,0.0,,,,,,␙T-80U
f-86_canadair_german,0.0,,,,,,9.0,,,,,,0.0,,,,,,◄CL-13A_Mk_5
f-86_cl_13b_mk6,0.0,,,,,,60.0,100.0,4.14,5.0,0.0,0.0,0.0,,,,,,◄CL-13B_Mk.6
ef_2000_block_10,0.0,,,,,,135.0,55.46,1.32,2.23,0.32,0.56,6.0,,,0.0,,0.0,◄EF-2000
ef_2000_aesa,0.0,,,,,,459.0,54.68,1.66,2.11,0.36,0.47,20.0,,,3.0,,0.0,◄EF-2000_(AESA)
f-104g,0.0,,,,,,0.0,,,,,,0.0,,,,,,◄F-104G
f-4f,0.0,,,,,,64.0,45.61,0.97,1.68,2.48,4.34,0.0,,,,,,◄F-4F_Early
f-4f_kws_lv,0.0,,,,,,190.0,41.19,1.23,1.28,0.03,0.03,0.0,,,,,,◄F-4F_KWS_LV
f-84f_germany,0.0,,,,,,0.0,,,,,,0.0,,,,,,◄F-84F
f-86k_late_german,0.0,,,,,,31.0,,,0.28,,0.0,0.0,,,,,,◄F-86K
fiat_g91_r3,0.0,,,,,,20.0,86.36,1.43,1.6,0.88,1.6,0.0,,,,,,◄G.91_R/3
fiat_g91_r4_german,0.0,,,,,,106.0,51.85,0.54,0.69,0.3,0.46,0.0,,,,,,◄G.91_R/4
mig-21_sps_k,0.0,,,,,,93.0,83.18,2.07,1.55,0.18,0.16,0.0,,,,,,◄MiG-21_SPS-K
mig_29_9_12g,0.0,,,,,,81.0,53.57,0.86,1.0,0.11,0.1,0.0,,,,,,◄MiG-29G
sea_hawk_mk100,0.0,,,,,,23.0,,,,,,0.0,,,,,,◄Sea_Hawk_Mk.100
su_22m4_de_wtd61,0.0,,,,,,169.0,51.11,1.15,1.45,3.05,4.12,12.0,50.0,1.0,1.0,1.0,1.0,◄Su-22M4_WTD61
tornado_ids_de_assta3_sle,0.0,,,,,,14.0,100.0,0.0,0.0,1.75,1.64,11.0,,,0.0,,1.0,◄Tornado_IDS_SLE
il_28_german,0.0,,,,,,19.0,50.0,0.5,1.0,0.5,1.0,0.0,,,,,,◊IL-28
mig-17p_lim_5p,0.0,,,,,,6.0,100.0,2.0,,0.0,,0.0,,,,,,◊Lim-5P
mig-19s,0.0,,,,,,26.0,50.0,2.0,2.0,1.0,1.0,0.0,,,,,,◊MiG-19S
mig-21_bis_sau,0.0,,,,,,52.0,100.0,2.0,1.32,0.0,0.0,0.0,,,,,,◊MiG-21bis-SAU
mig-21_mf,0.0,,,,,,35.0,89.78,1.47,1.64,0.0,0.0,0.0,,,,,,◊MiG-21MF
mig_29_9_12_germany,0.0,,,,,,153.0,50.0,1.02,1.39,0.0,0.0,7.0,,,0.0,,0.0,◊MiG-29
germ_9a33bm3,0.0,,,,,,22.0,,,0.0,,0.0,0.0,,,,,,◊Osa-AK
us_lvt_a_1_trb,0.0,,,,,,0.0,,,,,,0.0,,,,,,○LVT(A)(1)
p-36c_rb,0.0,,,,,,0.0,,,,,,0.0,,,,,,○P-36C
fa_18c_late_switzerland,0.0,,,,,,220.0,51.45,0.77,0.98,0.14,0.17,0.0,,,,,,◌F/A-18C_Late
hunter_f58_switzerland,0.0,,,,,,363.0,62.29,1.01,1.19,1.4,1.72,0.0,,,,,,◌Hunter_F.58
hunter_f58a_1971_switzerland,0.0,,,,,,6.0,50.0,0.0,0.0,0.5,0.5,0.0,,,,,,◌Hunter_F.58A_(1971)
mirage_3s_c70_switzerland,0.0,,,,,,32.0,84.62,2.5,2.21,0.0,0.0,0.0,,,,,,◌Mirage_IIIS_C.70
uk_challenger_2_megatron_sm,0.0,,,,,,348.0,54.77,0.0,0.0,1.65,1.35,0.0,,,,,,◍Challenger_2_OES
cn_mbt2000_sm,0.0,,,,,,13.0,,,,,,0.0,,,,,,◍MBT-2000
fw_190f_8_hungary,0.0,,,,,,7.0,,,0.0,,1.0,0.0,,,,,,◔Fw_190_F-8
re_2000_heja_1,0.0,,,,,,0.0,,,,,,0.0,,,,,,◔Héja_I
il_28_hungary,0.0,,,,,,0.0,,,,,,0.0,,,,,,◔IL-28
saab_jas39c_hungary,0.0,,,,,,12.0,0.0,0.1,0.05,2.0,1.41,0.0,,,,,,◔JAS39EBS_HU_C
me_210ca_1_40_mm_hungary,1.0,,,1.0,,2.0,12.0,,,0.0,,0.0,0.0,,,,,,◔Me_210_Ca-1_36.M
mig-15bis_nr23_hungary,0.0,,,,,,0.0,,,,,,0.0,,,,,,◔MiG-15bis
mig-17pf_hungary,0.0,,,,,,0.0,,,,,,0.0,,,,,,◔MiG-17PF
mig-21_bis_sau_hungary,0.0,,,,,,0.0,,,,,,0.0,,,,,,◔MiG-21bis-SAU
mig-21_mf_hungary,0.0,,,,,,40.0,100.0,3.0,3.0,0.44,0.44,0.0,,,,,,◔MiG-21MF
mig_23mf_hungary,0.0,,,,,,0.0,,,,,,0.0,,,,,,◔MiG-23MF
mig_29_9_12b_hungary,0.0,,,,,,21.0,75.0,1.75,2.5,0.0,0.0,0.0,,,,,,◔MiG-29
su_22m3_hungary,0.0,,,,,,0.0,,,,,,0.0,,,,,,◔Su-22M3
tu-2_postwar_late_hungary,0.0,,,,,,10.0,,,0.0,,0.0,0.0,,,,,,◔Tu-2S-59
wm_21,0.0,,,,,,0.0,,,,,,0.0,,,,,,◔WM-21
fokker_d21_netherlands,0.0,,,,,,0.0,,,,,,0.0,,,,,,◗Fokker_D.XXI
fokker_d23,0.0,,,,,,0.0,,,,,,0.0,,,,,,◗Fokker_D.XXIII
fokker_g1a,0.0,,,,,,0.0,,,,,,0.0,,,,,,◗Fokker_G.IA
f_16am_block_20_mlu_netherlands,0.0,,,,,,0.0,,,,,,0.0,,,,,,◘F-16AM
nf_5a_netherlands,0.0,,,,,,323.0,57.33,1.95,2.92,0.64,0.98,0.0,,,,,,◘NF-5A
sb_25j_netherlands,0.0,,,,,,0.0,,,,,,0.0,,,,,,◘SB-25J
kfir_c10_colombia,0.0,,,,,,105.0,68.52,2.19,3.22,0.0,0.0,0.0,,,,,,◡Kfir_C.10
f_16a_block_10_norway,0.0,,,,,,0.0,,,,,,4.0,,,0.0,,0.0,◢F-16A
f_16am_block_20_mlu_norway,0.0,,,,,,0.0,,,,,,11.0,,,,,,◢F-16AM
f-5ag_norway,0.0,,,,,,30.0,50.0,1.0,2.0,0.5,1.0,0.0,,,,,,◢F-5A(G)
hawk_209_indonesia,0.0,,,,,,20.0,,,0.0,,0.0,0.0,,,,,,◥Hawk_209
a_4e_late_iaf,0.0,,,,,,29.0,100.0,0.0,,1.16,,0.0,,,,,,A-4E_(Israel)
a_4e_early_iaf,0.0,,,,,,4.0,,,1.0,,1.0,0.0,,,,,,A-4E_Early_(M)_(Israel)
a_4h,0.0,,,,,,51.0,79.49,0.18,0.25,0.39,0.63,0.0,,,,,,A-4H_(Israel)
f-84f_israel_iaf,0.0,,,,,,0.0,,,,,,0.0,,,,,,F-84F_(Israel)
md_450b_ouragan_iaf_29,0.0,,,,,,0.0,,,,,,0.0,,,,,,M.D.450B_(29)_(Israel)
meteor_frmk9_iaf,0.0,,,,,,0.0,,,,,,0.0,,,,,,Meteor_FR.9_(Israel)
mig_21_2000_iaf,,,,,,,,,,,,,,,,,,,MiG-21_2000_(Israel)
md_454_mystere_4a_iaf,0.0,,,,,,4.0,0.0,0.0,0.0,0.0,0.0,0.0,,,,,,Mystere_IVA_(Israel)
so_4050_vautour_2a_israel_iaf,0.0,,,,,,0.0,,,,,,0.0,,,,,,Vautour_IIA_(Israel)
so_4050_vautour_2n_iaf,0.0,,,,,,0.0,,,,,,0.0,,,,,,Vautour_IIN_(Israel)
