name,ab_battles,ab_win_rate,ab_air_frags_per_battle,ab_air_frags_per_death,ab_ground_frags_per_battle,ab_ground_frags_per_death,rb_battles,rb_win_rate,rb_air_frags_per_battle,rb_air_frags_per_death,rb_ground_frags_per_battle,rb_ground_frags_per_death,sb_battles,sb_win_rate,sb_air_frags_per_battle,sb_air_frags_per_death,sb_ground_frags_per_battle,sb_ground_frags_per_death,alt_name
us_t58,816.0,65.45,0.03,0.03,4.52,4.29,2159.0,61.49,0.0,0.0,3.28,2.49,3.0,,,0.0,,1.0,T58
ussr_t_34_85_zis_53_v80,649.0,84.75,0.07,0.08,4.22,5.64,222.0,52.63,0.0,0.0,4.69,2.8,0.0,,,,,,"Т-34-85_""Партизан"""
ussr_t_80bvm,616.0,54.48,0.0,0.02,1.59,1.82,6388.0,45.47,0.0,0.0,1.85,1.61,0.0,,,,,,T-80BVM
it_sherman_75_37,586.0,73.5,0.12,0.15,6.29,7.29,89.0,61.29,0.0,0.0,4.18,3.65,0.0,,,,,,Sherman_I_Composito
ussr_t_72a,548.0,54.77,0.1,0.1,2.5,2.07,2828.0,52.75,0.0,0.0,2.04,2.01,0.0,,,,,,T-72A
germ_pzkpfw_III_ausf_F,491.0,80.66,0.1,0.12,6.65,9.02,65.0,87.1,0.0,0.0,9.43,9.24,0.0,,,,,,Pz.III_F
s_199,470.0,65.64,6.4,1.65,2.25,0.52,21.0,,,0.44,,0.78,0.0,,,,,,Sakeen
us_lvt_a_1,459.0,96.5,0.14,0.3,6.35,11.84,14.0,,,,,,0.0,,,,,,LVT(A)(1)
germ_pzkpfw_VI_ausf_h1_tiger_west,451.0,75.84,0.06,0.06,3.68,5.89,241.0,50.8,0.0,0.0,4.05,2.99,8.0,,,,,,Tiger_West
germ_panzerbefelhswagen_VI_P,426.0,89.92,0.03,0.05,8.45,14.7,127.0,40.32,0.0,0.0,3.73,3.86,0.0,,,,,,Pz.Bfw.VI_(P)
ussr_t_80ue1_sm,465.0,54.98,0.0,0.0,1.75,1.67,2771.0,40.4,0.0,0.0,1.35,1.1,11.0,,,0.0,,1.0,◍Т-80У-Е1
ussr_t_44_100,435.0,52.21,0.09,0.09,2.65,2.36,1289.0,50.94,0.0,0.0,2.36,1.77,113.0,50.0,0.0,0.0,4.35,3.18,T-44-100
su_30mk2v_venezuela,413.0,62.36,4.46,3.27,0.48,0.35,5934.0,47.96,0.97,1.05,0.35,0.37,196.0,100.0,6.62,1.48,1.48,0.33,Су-30МК2_AMV
ussr_t_34_1941_57,413.0,55.32,0.0,0.0,2.08,2.23,469.0,40.1,0.0,0.0,2.46,1.58,0.0,,,,,,T-34-57
ussr_t_34_85_zis_53,398.0,68.34,0.0,0.0,2.52,3.7,624.0,48.68,0.0,0.0,1.95,1.68,16.0,,,0.0,,0.0,T-34-85
ussr_kv_1_zis_5,397.0,64.14,0.0,0.0,3.53,4.59,216.0,42.72,0.0,0.0,4.02,3.6,0.0,,,,,,KV-1_(ZiS-5)
su_30mkk,374.0,69.79,7.14,4.47,0.23,0.18,1075.0,59.34,1.15,1.29,0.45,0.51,40.0,,,2.2,,0.0,Su-30MKK_(China)
germ_pzkpfw_VI_ausf_b_tiger_IIh,397.0,53.72,0.02,0.02,2.12,2.52,2073.0,51.65,0.01,0.01,3.26,2.72,0.0,,,,,,Tiger_II_(H)
germ_pzkpfw_VI_ausf_h1_tiger_east,382.0,75.86,0.08,0.09,4.04,5.52,187.0,45.05,0.0,0.0,3.98,3.39,0.0,,,,,,Tiger_Ost
germ_pzkpfw_VI_ausf_h1_tiger,369.0,57.14,0.02,0.02,2.8,3.63,883.0,48.98,0.0,0.0,2.57,2.14,0.0,,,,,,Tiger_H1
germ_vsw_flak_41,382.0,81.49,0.09,0.09,4.59,5.13,134.0,32.37,0.0,0.0,7.32,4.86,20.0,100.0,0.0,0.0,4.0,2.0,VFW
us_m6a1,352.0,72.83,0.1,0.09,4.27,3.74,168.0,69.2,0.0,0.0,4.86,2.59,0.0,,,,,,M6A1
sw_sav_fm48,347.0,63.3,0.05,0.04,4.45,3.37,394.0,59.94,0.0,0.0,5.31,2.86,0.0,,,,,,SAV_20.12.48
la-7,341.0,90.83,3.75,4.52,1.87,2.25,68.0,26.85,2.18,2.54,0.43,0.46,0.0,,,,,,La-7
ussr_t_54_1947,323.0,60.32,0.01,0.01,2.76,2.64,317.0,58.27,0.0,0.0,2.7,2.38,0.0,,,,,,T-54_(1947)
sw_t_34_1941,317.0,62.05,0.04,0.05,3.58,3.83,81.0,18.63,0.0,0.0,3.12,2.1,0.0,,,,,,T-34
ussr_t_64a_1971,318.0,60.09,0.0,0.0,2.39,2.1,1553.0,54.1,0.0,0.0,2.22,1.96,38.0,100.0,0.0,0.0,2.0,1.35,T-64A_(1971)
bf-109f-4,306.0,71.04,8.13,5.91,0.66,0.43,184.0,79.44,5.22,6.27,1.76,2.35,5.0,,,,,,Bf_109_F-4
ussr_t_34_85_d_5t,294.0,69.15,0.05,0.05,5.27,4.92,607.0,48.23,0.0,0.0,3.34,1.92,0.0,,,,,,T-34-85_(D-5T)
ussr_bmpt_72,294.0,53.76,0.01,0.0,1.91,1.24,2267.0,41.58,0.0,0.0,1.58,1.19,0.0,,,,,,БМПТ-72
ussr_kv_85,302.0,52.15,0.11,0.1,3.18,2.89,185.0,53.62,0.0,0.0,5.35,2.27,0.0,,,,,,KV-85
ussr_t_34_85E,289.0,80.91,0.04,0.07,3.34,4.71,420.0,67.23,0.0,0.0,4.92,3.12,0.0,,,,,,T-34-85E
ussr_zsu_57_2,299.0,43.59,0.25,0.18,1.53,1.13,833.0,46.3,0.01,0.0,1.48,1.08,18.0,96.43,0.0,0.0,1.0,1.0,ZSU-57-2
germ_pzkpfw_V_ausf_d_panther,278.0,64.82,0.05,0.06,2.16,2.73,562.0,44.93,0.0,0.0,1.72,1.75,8.0,,,0.0,,1.0,Panther_D
germ_thyssen_henschel_tam_2ip,287.0,59.26,0.11,0.11,2.4,2.01,1264.0,44.59,0.0,0.0,1.96,1.38,0.0,,,,,,TAM_2IP
germ_pzkpfw_VI_ausf_e_tiger,265.0,58.55,0.0,0.0,2.77,2.81,1163.0,43.61,0.0,0.0,1.91,1.68,0.0,,,,,,Tiger_E
jp_type_3_ka_chi,255.0,84.41,0.07,0.1,11.73,13.64,17.0,,,0.0,,2.0,0.0,,,,,,Ka-Chi
i_185_m71_standard,260.0,69.22,2.55,2.1,0.98,0.81,53.0,,,0.68,,0.14,0.0,,,,,,I-185_(M-71)
sw_cv_90105_tml,255.0,58.22,0.0,0.0,1.88,1.56,1400.0,56.2,0.0,0.0,2.17,1.68,0.0,,,,,,CV_90105
ussr_bmpt,256.0,48.36,0.33,0.34,1.38,1.57,2744.0,41.43,0.0,0.0,1.33,1.15,3.0,,,0.0,,1.0,БМПТ
ussr_kv_1e,256.0,99.35,0.01,0.01,7.57,9.39,186.0,70.32,0.0,0.0,8.87,4.36,0.0,,,,,,KV-1E
sw_m24_chaffee_dk,248.0,58.13,0.17,0.16,2.82,2.72,326.0,66.48,0.0,0.0,2.66,1.22,0.0,,,,,,M24DK
cn_type_58,253.0,78.37,0.04,0.03,5.11,4.79,212.0,62.14,0.0,0.0,2.98,2.69,0.0,,,,,,Т-34-85_Gai
ussr_object_906,247.0,42.72,0.0,0.0,1.63,1.48,1335.0,52.37,0.0,0.0,2.28,1.67,65.0,100.0,0.0,0.0,8.47,2.85,Object_906
bf-109f-4_trop,241.0,71.96,5.93,6.41,0.43,0.41,2.0,,,1.0,,0.0,0.0,,,,,,Bf_109_F-4/trop
ussr_btr_82at,236.0,52.38,0.26,0.26,1.13,1.15,931.0,48.96,0.0,0.0,1.48,1.24,0.0,,,,,,БТР-82АТ
ussr_t_80ue1,235.0,49.72,0.0,0.0,2.3,2.3,4894.0,41.97,0.0,0.0,1.44,1.28,5.0,,,0.0,,0.0,Т-80U-Е1
ussr_t_55_amd_1,230.0,52.93,0.0,0.0,1.77,1.54,1222.0,41.39,0.0,0.0,1.19,1.14,2.0,,,,,,T-55AMD-1
germ_pzkpfw_V_ausf_g_panther,231.0,66.44,0.0,0.0,1.79,1.93,521.0,39.29,0.0,0.0,1.4,1.55,0.0,,,,,,Panther_G
ussr_2s1,227.0,49.82,0.06,0.06,0.83,0.75,348.0,30.33,0.0,0.0,0.6,0.51,0.0,,,,,,2S1
uk_a_33_excelsior,230.0,97.71,0.06,0.12,5.42,7.41,338.0,89.91,0.0,0.0,8.96,4.94,0.0,,,,,,Excelsior
germ_panther_II,230.0,95.16,0.0,0.0,6.08,4.95,325.0,69.02,0.0,0.0,4.97,3.65,0.0,,,,,,Panther_II
germ_pzkpfw_V_ausf_a_panther,221.0,58.74,0.02,0.02,3.31,2.9,717.0,38.26,0.0,0.0,1.34,1.46,0.0,,,,,,Panther_A
uk_a27m_cromwell_5,228.0,84.79,0.0,0.0,4.7,6.12,181.0,76.68,0.0,0.0,3.4,2.04,0.0,,,,,,Cromwell_V
jp_type_4_chi_to_late,234.0,67.82,0.21,0.14,4.84,3.53,474.0,66.93,0.0,0.0,3.28,2.91,14.0,0.0,0.0,0.0,2.0,2.0,Chi-To_Late
us_m1a1_hc_usmc,215.0,61.41,0.0,0.0,3.15,2.83,6045.0,61.22,0.0,0.0,2.0,1.86,5.0,,,0.0,,1.0,M1A1_Click-Bait
germ_pzkpfw_VI_ausf_b_tiger_IIp,224.0,47.62,0.02,0.02,1.69,2.62,861.0,38.88,0.0,0.0,1.45,1.39,0.0,,,,,,Tiger_II_(P)
la-5fn,216.0,65.16,3.17,4.67,0.55,0.83,61.0,21.43,3.79,1.71,0.0,0.0,0.0,,,,,,La-5FN
germ_pzkpfw_V_ausf_f_panther,208.0,63.54,0.0,0.0,3.67,3.45,468.0,44.02,0.0,0.0,1.51,1.41,0.0,,,,,,Panther_F
us_m1a1_hc_usmc_sm,217.0,65.47,0.0,0.0,3.73,3.3,3214.0,63.31,0.0,0.0,2.09,1.78,2.0,0.0,0.0,0.0,0.0,0.0,◍M1A1_HC
germ_leopard_2k,215.0,56.76,0.0,0.0,2.55,2.02,1596.0,52.54,0.0,0.0,2.16,1.74,0.0,,,,,,Leopard_2K
sw_strv_122b_plus,210.0,93.95,0.0,0.0,4.64,4.38,462.0,59.23,0.0,0.0,2.83,2.07,0.0,,,,,,Strv_122B+
cn_m1a2t,202.0,41.24,0.0,0.0,1.29,1.5,192.0,81.25,0.0,0.0,11.77,2.77,0.0,,,,,,M1A2T
ussr_t_34_100,199.0,83.77,0.03,0.05,3.64,4.48,377.0,74.04,0.0,0.0,3.01,2.18,31.0,0.0,0.0,0.0,1.0,1.0,T-34-100
germ_pzkpfw_VI_ausf_b_tiger_IIh_sla,193.0,93.06,0.0,0.0,6.11,5.32,865.0,58.72,0.0,0.0,5.02,3.86,0.0,,,,,,Tiger_II_(H)_Sla.16
sw_sherman_3_4,198.0,65.21,0.01,0.01,5.2,5.27,283.0,62.94,0.0,0.0,5.28,3.41,0.0,,,,,,Sherman_III/IV
sw_pzkpfw_IV_ausf_J,207.0,65.82,0.0,0.0,2.11,2.89,199.0,43.66,0.0,0.0,0.79,0.79,0.0,,,,,,Pz.IV
germ_vk_3002m,192.0,47.94,0.0,0.0,4.15,4.03,241.0,53.1,0.0,0.0,3.29,2.16,0.0,,,,,,VK_3002_(M)
us_t14,192.0,62.21,0.23,0.35,2.39,4.59,477.0,64.52,0.0,0.0,5.38,3.8,0.0,,,,,,T14
germ_pzh_2000,194.0,57.61,0.94,0.75,1.39,1.03,515.0,33.36,0.01,0.01,1.91,1.15,0.0,,,,,,PzH_2000
do_335a_1,195.0,87.93,0.79,0.37,13.21,6.49,109.0,39.79,0.69,0.68,1.2,0.8,0.0,,,,,,Do_335_A-1
germ_panzerjager_panther,188.0,67.68,0.0,0.0,2.75,3.0,560.0,45.85,0.0,0.0,1.37,1.14,13.0,,,0.0,,1.62,Jagdpanther_G1
jp_type_4_chi_to,196.0,68.7,0.18,0.21,3.33,3.55,355.0,69.53,0.0,0.0,2.88,2.56,10.0,0.0,0.0,0.0,1.0,1.0,Chi-To
germ_pzkpfw_IV_ausf_H,182.0,41.43,0.06,0.04,3.67,2.56,382.0,40.27,0.0,0.0,2.13,1.37,4.0,,,0.0,,3.0,Pz.IV_H
ussr_t_44_po,182.0,86.83,0.06,0.06,3.91,4.15,134.0,57.33,0.0,0.0,3.87,2.19,0.0,,,,,,Т-44(ПМ)
germ_t_34_747,196.0,79.62,0.0,0.0,3.88,3.97,67.0,74.07,0.0,0.0,6.52,4.91,0.0,,,,,,T_34_747_(r)
i_185_m82,184.0,69.62,5.21,2.63,1.13,0.56,39.0,96.43,3.93,3.41,1.07,1.06,0.0,,,,,,I-185_(M-82)
cn_vt_4b,182.0,45.99,0.0,0.0,1.41,1.81,32.0,68.75,0.0,0.0,1.25,2.36,0.0,,,,,,VT4A1
germ_waffentrager_krupp_steyr,174.0,76.25,0.16,0.24,3.44,4.66,123.0,39.08,0.0,0.0,1.83,2.11,0.0,,,,,,Waffenträger
il_merkava_mk_2d,175.0,55.51,0.0,0.0,2.88,3.43,516.0,51.6,0.0,0.0,3.12,2.36,0.0,,,,,,Merkava_Mk.2D
us_m26e1_pershing,194.0,84.71,0.05,0.06,7.83,7.81,751.0,69.48,0.0,0.0,3.23,3.52,0.0,,,,,,M26E1
germ_spz_oerlikon_raketenautomat,176.0,60.31,0.0,0.0,0.93,0.84,309.0,25.92,0.0,0.0,1.84,1.26,0.0,,,,,,Raketenautomat
germ_leopard_I,180.0,65.43,0.0,0.0,1.48,1.66,780.0,29.73,0.0,0.0,1.28,0.98,7.0,0.0,0.0,0.0,1.0,1.0,Leopard_I
fr_msc,171.0,54.54,0.0,0.0,2.17,2.18,670.0,52.76,0.0,0.0,2.12,2.01,0.0,,,,,,MSC
germ_sdkfz_9_flak37,186.0,71.12,0.16,0.1,6.11,5.39,36.0,60.22,0.0,0.0,2.82,3.29,0.0,,,,,,"8,8_cm_Flak_37_Sfl."
ussr_object_435,177.0,56.7,0.0,0.0,2.03,1.68,250.0,43.42,0.0,0.0,1.26,0.95,0.0,,,,,,Object_435
us_m1a2_abrams,169.0,52.9,0.0,0.0,2.05,1.9,1368.0,67.31,0.0,0.0,1.86,1.61,0.0,,,,,,M1A2_Abrams
cn_type_97_chi_ha,177.0,100.0,0.09,0.25,5.71,10.0,0.0,,,,,,0.0,,,,,,Chi-Ha_(China)
la-5_type37_early,177.0,78.09,4.93,5.19,1.39,1.36,0.0,,,,,,0.0,,,,,,La-5
ussr_t_90m_2020,174.0,50.0,0.0,0.0,2.01,2.38,2524.0,39.11,0.0,0.0,1.59,1.41,0.0,,,,,,T-90M
jp_type_97_chi_ha,165.0,100.0,0.02,0.03,9.98,15.08,3.0,,,,,,0.0,,,,,,Chi-Ha
ussr_zsu_23_4m4,172.0,42.57,1.85,2.17,0.54,0.65,585.0,36.59,0.97,0.83,0.03,0.03,0.0,,,,,,ZSU-23-4M4
fr_m26_pershing,170.0,41.5,0.39,0.44,2.0,2.18,105.0,81.95,0.0,0.0,3.16,1.53,1.0,100.0,0.0,0.0,1.0,1.0,M26
yak-9t,164.0,80.91,7.42,4.69,0.3,0.24,81.0,44.05,1.51,1.57,0.64,0.64,0.0,,,,,,Yak-9T
germ_pzkpfw_IV_ausf_C,157.0,93.33,0.04,0.05,11.29,14.28,16.0,,,0.0,,0.25,0.0,,,,,,Pz.IV_C
germ_kpz_70,178.0,45.3,0.04,0.02,1.1,0.83,1261.0,48.09,0.0,0.0,1.83,1.41,0.0,,,,,,KPz-70
jp_type_90b_camo,172.0,48.48,0.05,0.04,2.04,2.13,4128.0,55.29,0.0,0.0,2.57,1.85,30.0,33.33,0.0,0.0,0.7,0.7,"Type_90_(B)_""Fuji"""
uk_chieftain_mk_10,156.0,57.64,0.0,0.0,3.68,5.65,216.0,80.75,0.0,0.0,6.12,2.89,0.0,,,,,,Chieftain_Mk_10
p-51d-20-na_iaf,150.0,67.07,1.9,1.34,0.37,0.25,17.0,,,0.24,,1.53,0.0,,,,,,P-51D-20-NA_(Israel)
f-4c,152.0,41.72,1.5,1.13,0.0,0.0,69.0,59.17,1.55,3.14,0.41,0.79,0.0,,,,,,F-4C_Phantom_II
germ_leopard_1a5,159.0,54.14,0.0,0.0,2.49,1.49,1223.0,40.97,0.0,0.0,1.41,1.25,28.0,,,0.0,,1.79,Leopard_1A5
mig_25pd,155.0,74.09,7.03,6.74,0.0,0.0,167.0,72.52,2.17,2.49,0.0,0.0,0.0,,,,,,МиГ-25ПД
sw_strv121b_christian2,151.0,43.41,0.0,0.0,2.62,2.59,1908.0,51.72,0.0,0.0,2.11,1.74,0.0,,,,,,Christian_II
us_m1a2_sep2_abrams_trophy,149.0,84.19,0.14,0.25,5.65,7.28,2852.0,61.96,0.0,0.0,1.99,1.88,26.0,,,0.0,,0.58,M1A2_(Trophy-HV)
germ_leopard_I_a1,155.0,54.4,0.02,0.02,2.22,1.67,507.0,40.14,0.0,0.0,1.51,1.31,0.0,,,,,,Leopard_A1A1
ussr_t_55_am,150.0,53.01,0.0,0.0,2.56,2.09,514.0,44.91,0.0,0.0,1.75,1.67,16.0,,,0.0,,1.0,T-55AM-1
ussr_t_34E_STZ,151.0,78.43,0.0,0.0,3.17,3.32,86.0,50.36,0.0,0.0,2.21,4.02,0.0,,,,,,T-34E_STZ
la-5_type39,141.0,79.29,5.13,6.66,2.15,2.91,0.0,,,,,,0.0,,,,,,La-5F
cn_t_34_1942,147.0,73.93,0.01,0.02,4.42,6.54,82.0,100.0,0.0,0.0,6.2,1.67,0.0,,,,,,T-34_(1943)_(China)
f-5e,141.0,50.11,2.0,1.88,0.0,0.0,232.0,53.9,1.74,1.66,0.24,0.25,0.0,,,,,,F-5E
cn_m8_scott,142.0,100.0,0.16,0.25,3.83,6.12,18.0,100.0,0.0,0.0,2.0,0.33,0.0,,,,,,M8_HMC_(China)
cn_t_34_85_zis_53_no215,139.0,87.46,0.0,0.0,4.58,5.57,0.0,,,,,,0.0,,,,,,T-34-85_No.215
uk_sherman_II,136.0,83.44,0.01,0.02,4.13,6.13,61.0,88.89,0.0,0.0,5.07,2.98,0.0,,,,,,Sherman_II
germ_begleitpanzer_57,139.0,64.89,0.69,0.86,1.81,2.25,1236.0,48.1,0.26,0.17,1.68,1.18,26.0,,,,,,Begleitpanzer_57
germ_flakpz_I_Gepard,137.0,30.72,0.23,0.24,1.6,1.44,1531.0,29.73,0.23,0.17,0.82,0.62,0.0,,,,,,Gepard
la-7_dolgushin,138.0,96.24,7.38,10.65,3.57,5.22,35.0,65.22,2.85,4.26,1.48,2.11,0.0,,,,,,Dolgushin's_La-7
jp_type_5_ho_ri_production,140.0,91.85,0.0,0.0,6.07,6.19,1948.0,87.88,0.0,0.0,4.53,4.52,0.0,,,,,,Ho-Ri_Production
ussr_t_72b,136.0,59.68,0.0,0.0,1.72,1.58,308.0,35.21,0.0,0.0,2.35,1.28,0.0,,,,,,T-72B
mig_23ml,133.0,59.68,2.82,2.75,0.0,0.0,488.0,57.34,1.35,1.6,0.05,0.06,22.0,,,1.95,,0.0,MiG-23ML
fr_leopard_2a4nl_les,131.0,66.31,0.0,0.0,2.21,2.68,1220.0,56.65,0.0,0.0,2.17,1.82,0.0,,,,,,Leopard_2_(OTCo)
ussr_t_10m,137.0,32.0,0.0,0.0,4.69,2.43,623.0,46.36,0.0,0.0,2.73,2.07,0.0,,,,,,T-10M
ussr_t_90m_arena_m,139.0,66.4,0.0,0.0,2.99,3.13,932.0,45.28,0.0,0.0,1.98,1.45,0.0,,,,,,Т-90М_(Арена-М)
ussr_t_80uk,140.0,58.46,0.0,0.0,0.93,1.37,1365.0,40.08,0.0,0.0,1.57,1.14,0.0,,,,,,T-80UK
germ_pzkpfw_VI_ausf_b_tiger_IIh_kwk46,137.0,96.77,0.0,0.0,7.94,7.81,224.0,73.55,0.0,0.0,5.05,3.6,0.0,,,,,,Tiger_II_(10.5_cm_Kw.K)
jp_tkx_prot,125.0,55.38,0.0,0.0,5.58,5.75,1261.0,56.82,0.0,0.0,2.11,1.83,0.0,,,,,,TKX
jp_type_3_chi_nu_75cm_type_5,143.0,73.63,0.01,0.01,5.68,7.19,428.0,69.56,0.0,0.0,5.25,4.5,0.0,,,,,,Chi-Nu_II
fw-190a-4,132.0,80.0,8.0,5.95,0.88,0.64,105.0,52.69,1.43,1.28,1.21,1.12,0.0,,,,,,Fw_190_A-4
us_xm1_chrysler,128.0,93.89,0.03,0.05,5.55,6.57,1317.0,74.11,0.0,0.0,4.86,3.63,0.0,,,,,,XM1_(Chrysler)
ussr_t_34_57_1943,129.0,65.27,0.0,0.0,2.53,3.18,301.0,57.78,0.0,0.0,3.38,2.76,0.0,,,,,,T-34-57_(1943)
ussr_t_72b_1989,123.0,56.34,0.0,0.0,2.2,2.76,256.0,44.68,0.0,0.0,2.35,2.0,0.0,,,,,,T-72B_(1989)
us_m2a4,126.0,100.0,0.34,0.77,4.17,10.45,44.0,,,0.0,,6.11,0.0,,,,,,M2A4
yak-3_eremin,129.0,94.14,4.31,4.69,0.56,0.6,7.0,91.67,1.5,1.0,1.25,1.0,0.0,,,,,,Eremin's_Yak-3(e)
sw_t_34_85_zis_53,130.0,71.35,0.0,0.0,1.67,1.79,543.0,50.68,0.0,0.0,2.54,2.53,0.0,,,,,,T-34-85
ussr_9a35_m2,128.0,30.16,2.68,5.67,0.79,1.59,6.0,,,,,,0.0,,,,,,Strela-10M2
ussr_t_44,125.0,55.91,0.0,0.0,3.49,3.63,413.0,48.25,0.0,0.0,3.35,2.26,15.0,,,0.0,,1.0,T-44
us_m4a2_76w_sherman,127.0,65.64,0.0,0.0,1.46,1.51,478.0,59.55,0.0,0.0,3.43,2.53,0.0,,,,,,M4A2_(76)_W
us_t29,114.0,92.38,0.0,0.0,9.1,6.13,1409.0,61.74,0.0,0.0,4.57,2.93,0.0,,,,,,T29
ussr_su_100p,128.0,53.66,0.0,0.0,2.03,2.21,388.0,35.55,0.0,0.0,2.21,2.05,0.0,,,,,,SU-100P
ussr_t_72av_turms,127.0,47.8,0.0,0.0,1.67,2.19,1367.0,50.11,0.0,0.0,2.16,1.72,0.0,,,,,,T-72AV_(TURMS-T)
germ_kpz_t72m1,125.0,70.92,0.0,0.0,2.27,2.48,1228.0,45.31,0.0,0.0,2.05,1.94,0.0,,,,,,◊T-72M1
bf-109f-2,116.0,94.67,17.88,8.45,3.86,1.61,25.0,,,0.0,,1.0,0.0,,,,,,Bf_109_F-2
f8u-2,111.0,45.7,1.63,2.17,0.0,0.0,111.0,39.78,0.92,1.1,0.31,0.29,0.0,,,,,,F8U-2
il-2m,124.0,97.23,1.53,1.41,5.65,5.22,4.0,,,,,,16.0,,,1.0,,4.0,IL-2M_type_3
it_m4a4_sherman,121.0,67.75,0.01,0.02,2.14,3.69,41.0,86.67,0.0,0.0,2.7,3.05,0.0,,,,,,Sherman_V
cn_pgz_625_fb10,116.0,33.06,1.53,2.33,0.07,0.11,34.0,100.0,1.77,2.11,0.69,1.0,0.0,,,,,,CS/SA5
yak-7b,118.0,99.28,5.98,5.01,1.88,1.86,0.0,,,,,,0.0,,,,,,Yak-7B
yak-1b,118.0,99.46,4.86,5.8,2.18,2.63,49.0,82.61,4.8,9.0,1.45,4.0,0.0,,,,,,Yak-1B
ussr_su_122_54,119.0,49.57,0.0,0.0,1.64,2.07,243.0,27.9,0.0,0.0,2.51,2.35,0.0,,,,,,SU-122-54
us_m4_t26,111.0,16.67,0.15,0.08,3.64,2.13,413.0,57.03,0.0,0.0,2.18,1.96,1.0,,,0.0,,1.0,M4/T26
us_xm_803,112.0,92.02,0.0,0.0,6.64,5.18,2702.0,59.71,0.0,0.0,2.25,2.02,0.0,,,,,,XM803
ussr_is_1,122.0,57.4,0.01,0.02,3.28,3.23,372.0,51.19,0.0,0.0,1.6,1.33,0.0,,,,,,IS-1
sw_sav_m43_1946,118.0,36.77,0.0,0.0,0.8,1.17,45.0,0.0,0.0,0.0,0.0,0.0,0.0,,,,,,Sav_m/43_(1946)
germ_panzerbefelhswagen_jagdpanther,122.0,56.9,0.0,0.0,4.69,4.36,72.0,38.63,0.0,0.0,1.76,2.05,0.0,,,,,,Bfw._Jagdpanther_G1
us_halftrack_m3_75mm_gmc,119.0,85.93,0.03,0.03,6.14,4.79,0.0,,,,,,0.0,,,,,,M3_GMC
ussr_kv_1_L_11,119.0,100.0,0.0,0.0,5.83,3.94,124.0,51.88,0.0,0.0,4.5,3.06,0.0,,,,,,KV-1_(L-11)
f4u-1c,113.0,52.69,2.22,1.71,0.65,0.51,31.0,0.0,2.0,0.83,0.0,0.0,0.0,,,,,,F4U-1C
germ_panzerjager_tiger,116.0,87.5,0.08,0.05,5.75,5.44,419.0,39.96,0.0,0.0,2.16,2.3,0.0,,,,,,Jagdtiger
ussr_t_62,122.0,28.0,0.0,0.0,2.22,2.13,317.0,48.43,0.0,0.0,2.41,1.72,0.0,,,,,,T-62
it_m26a1_pershing,106.0,76.82,0.0,0.01,3.07,4.44,86.0,41.4,0.0,0.0,1.52,1.6,0.0,,,,,,M26A1
sw_strv_122b_plss,112.0,90.0,0.0,0.0,3.23,5.44,210.0,57.22,0.0,0.0,4.79,2.93,0.0,,,,,,Strv_122B_PLSS
yak-9k,110.0,60.49,2.67,4.19,0.0,0.1,864.0,64.34,0.35,0.25,2.4,1.72,0.0,,,,,,Yak-9K
ussr_t_34_1942,116.0,73.43,0.01,0.01,3.41,2.95,224.0,36.02,0.0,0.0,4.84,1.34,0.0,,,,,,T-34_(1942)
germ_jgdpz_IV_L48,111.0,66.67,0.0,0.0,3.34,4.3,209.0,58.0,0.0,0.0,6.8,2.72,1.0,,,0.0,,1.0,Jagdpanzer_IV
ussr_t_54_1949,115.0,25.56,0.0,0.0,1.15,1.66,388.0,52.82,0.0,0.0,1.14,1.29,57.0,100.0,0.0,0.0,4.8,2.77,T-54_(1949)
av_8a,109.0,64.04,2.53,2.15,1.47,2.23,6.0,50.0,1.0,2.0,0.5,1.0,3.0,,,0.0,,0.0,AV-8A
jp_type_10,98.0,65.84,0.0,0.0,4.8,4.33,1125.0,59.63,0.0,0.0,2.08,1.94,0.0,,,,,,Type_10
ussr_t_34E,105.0,74.46,0.0,0.0,1.93,3.45,35.0,62.5,0.0,0.0,1.38,1.38,0.0,,,,,,T-34E
il_m_51,103.0,100.0,1.0,0.21,11.3,1.93,992.0,49.09,0.0,0.0,3.52,1.45,0.0,,,,,,M-51
us_t1e1,103.0,61.29,0.0,0.0,1.82,1.26,66.0,52.22,0.0,0.0,2.18,3.48,0.0,,,,,,T1E1
ussr_t_34_1941,112.0,98.39,0.0,0.0,5.93,5.44,35.0,50.0,0.0,0.0,2.67,3.35,0.0,,,,,,T-34_(1941)
fr_amx_50_surbaisse,109.0,98.89,0.0,0.0,4.69,2.8,409.0,80.82,0.0,0.0,3.79,2.87,0.0,,,,,,AMX-50_Surbaissé
us_m4_sherman_calliope,92.0,100.0,0.22,0.17,8.86,7.91,64.0,66.67,0.0,0.0,5.4,4.99,0.0,,,,,,Calliope
us_m2a4_1st_armor_div,104.0,93.06,0.0,0.0,4.09,6.9,16.0,,,0.0,,0.81,0.0,,,,,,M2A4_(1st_Arm.Div.)
i_29,108.0,100.0,4.48,4.57,2.44,2.63,0.0,,,,,,0.0,,,,,,I-29
us_m60_120s,108.0,53.09,0.0,0.0,1.81,1.89,286.0,51.65,0.0,0.0,2.38,1.58,0.0,,,,,,120S
germ_pzkpfw_IV_ausf_J,100.0,47.19,0.05,0.09,1.02,1.68,60.0,34.48,0.0,0.0,1.03,0.71,1.0,,,0.0,,2.0,Pz.IV_J
f8f1,102.0,56.67,1.38,1.34,0.72,1.23,341.0,59.04,0.43,0.32,1.93,1.35,0.0,,,,,,F8F-1
us_m1a2_sep2_abrams,100.0,39.2,0.0,0.0,1.04,0.93,2954.0,59.05,0.0,0.0,1.83,1.64,43.0,0.0,0.0,0.0,1.0,1.0,M1A2_SEP_V2
a_20g_30_ussr,111.0,93.33,0.41,0.26,7.4,5.89,75.0,41.67,0.34,0.34,0.53,0.66,0.0,,,,,,A-20G-30
it_m24_chaffee,102.0,85.22,0.0,0.0,3.49,3.77,184.0,38.19,0.0,0.0,2.95,2.03,0.0,,,,,,M24
us_t26e4_superpershing,105.0,72.0,0.08,0.13,4.31,5.84,661.0,61.83,0.0,0.0,3.6,2.9,0.0,,,,,,T26E1-1
av_8c,96.0,47.83,1.4,1.72,0.41,0.51,15.0,50.0,0.21,0.4,0.75,1.6,0.0,,,,,,AV-8C
us_m4a2_sherman,94.0,98.4,0.68,0.81,6.54,7.72,377.0,64.31,0.0,0.0,4.23,3.59,0.0,,,,,,M4A2
sw_strf_90c,98.0,46.54,0.55,0.61,2.64,2.79,328.0,45.0,0.1,0.11,1.53,1.47,0.0,,,,,,Strf_9040C
ussr_is_2_1944,102.0,18.0,0.0,0.0,3.76,2.21,350.0,47.94,0.0,0.0,2.48,1.89,5.0,,,0.0,,1.0,IS-2_(1944)
it_pzh_2000_hu,101.0,39.19,1.6,2.57,1.78,2.87,41.0,50.0,0.0,0.0,1.44,1.32,0.0,,,,,,PzH_2000HU
il_2m_1943,103.0,97.26,1.65,1.71,5.8,6.01,1.0,,,1.0,,6.0,0.0,,,,,,IL-2M_(1943)
germ_leopard_a1a1_120,101.0,47.83,0.0,0.0,1.93,2.04,303.0,44.44,0.0,0.0,3.49,2.69,0.0,,,,,,Leopard_A1A1_(L/44)
cn_ztz_99a,92.0,59.03,0.0,0.0,3.45,4.14,275.0,77.78,0.0,0.0,4.02,1.95,0.0,,,,,,ZTZ99A
saab_b3c,96.0,100.0,1.61,0.94,36.98,21.55,0.0,,,,,,0.0,,,,,,B3C
fr_leopard_2a4nl,97.0,50.0,0.0,0.0,2.06,2.77,83.0,100.0,0.0,0.0,3.56,3.0,0.0,,,,,,Leopard_2A4NL
it_kf_41,102.0,64.29,0.0,0.0,2.36,2.15,111.0,52.58,0.0,0.0,1.11,1.85,0.0,,,,,,KF41
cn_m18_hellcat,99.0,66.67,0.0,0.0,4.08,3.44,165.0,63.59,0.0,0.0,2.09,1.51,0.0,,,,,,M18_GMC_(China)
us_m1a2_sep3_abrams,95.0,75.32,0.0,0.0,3.16,4.19,3165.0,57.62,0.0,0.0,2.09,1.95,0.0,,,,,,M1A2_SEPv3
it_c1_ariete_certezza,93.0,66.05,0.0,0.0,4.03,4.73,718.0,64.78,0.0,0.0,2.8,2.1,0.0,,,,,,Ariete_Сertezza
lagg-3-8,101.0,71.51,5.83,4.3,0.76,0.48,0.0,,,,,,0.0,,,,,,LaGG-3-8
germ_mkpz_m48a2c,101.0,52.63,0.0,0.0,1.25,1.52,451.0,33.35,0.0,0.0,0.95,0.92,56.0,61.83,0.0,0.0,1.41,1.82,M48A2_C
cn_mbt2000,95.0,62.12,0.3,0.23,2.65,2.49,44.0,83.33,0.0,0.0,1.93,2.42,0.0,,,,,,MBT-2000
b_25j_30_vvs_ussr,100.0,79.52,0.36,0.47,2.16,2.52,0.0,,,,,,0.0,,,,,,B-25J-30
germ_kv_1_kwk_40,98.0,53.33,0.0,0.0,3.78,5.14,272.0,58.81,0.0,0.0,9.03,4.85,0.0,,,,,,KW_I_C_756_(r)
germ_panzerbefelhswagen_IV_ausf_J,95.0,100.0,0.0,0.0,5.82,6.25,242.0,44.98,0.0,0.0,2.27,1.55,0.0,,,,,,Pz.Bfw.IV
ussr_t_72b3_2011,87.0,48.57,0.08,0.1,1.37,2.27,1294.0,50.56,0.0,0.0,1.69,1.44,0.0,,,,,,T-72B3
it_m26_ariete,87.0,69.92,0.0,0.0,3.61,5.15,25.0,100.0,0.0,0.0,4.53,3.15,0.0,,,,,,"M26_""D.C.Ariete"""
f_6c_pakistan,98.0,75.0,6.88,7.56,0.0,0.0,84.0,56.13,2.04,2.72,1.3,1.81,0.0,,,,,,F-6C
me-410b-1,93.0,86.21,0.32,0.32,4.03,4.15,0.0,,,,,,0.0,,,,,,Me_410_B-1
yak-9u,88.0,77.59,5.39,5.79,0.0,0.0,48.0,75.0,2.38,,1.3,,0.0,,,,,,Yak-9U
ussr_is_3,86.0,45.51,0.08,0.1,1.53,2.28,222.0,41.27,0.0,0.0,2.84,2.23,0.0,,,,,,IS-3
us_m18_hellcat,97.0,51.75,0.03,0.02,1.34,1.53,1739.0,58.07,0.0,0.0,1.95,1.48,41.0,,,0.0,,1.77,M18_GMC
f6f-3,86.0,75.56,0.77,0.58,7.85,6.25,103.0,76.88,0.98,0.66,4.39,2.48,0.0,,,,,,F6F-5
uk_a17_mk_1_tetrarch,86.0,76.34,0.0,0.0,5.42,5.58,23.0,,,0.0,,1.23,0.0,,,,,,Tetrarch_I
ussr_is_2_1943,92.0,46.15,0.0,0.0,1.0,1.31,669.0,38.67,0.0,0.0,1.38,1.38,0.0,,,,,,IS-2
ussr_bt_7_1937,86.0,80.0,0.0,0.0,8.14,8.68,46.0,100.0,0.0,0.0,2.53,2.14,0.0,,,,,,BT-7
jp_m24_chaffee,95.0,68.7,0.06,0.04,3.88,5.0,589.0,57.17,0.0,0.0,2.03,1.96,10.0,0.0,0.0,0.0,0.0,0.0,M24
uk_sherman_vc_firefly,87.0,62.64,0.0,0.0,1.68,2.6,386.0,57.62,0.0,0.0,2.77,2.15,0.0,,,,,,Sherman_Firefly
germ_leopard_2a4_pzbtl_123,87.0,61.11,0.0,0.0,2.99,3.38,1857.0,44.99,0.0,0.0,1.6,1.37,26.0,,,0.0,,1.0,Leopard_2_(PzBtl_123)
f4u-1d,83.0,77.96,2.94,2.53,4.21,3.58,28.0,,,1.42,,1.63,0.0,,,,,,F4U-1D
germ_pzkpfw_IV_ausf_F2,81.0,50.0,0.0,0.0,5.15,4.57,238.0,53.76,0.0,0.0,6.35,3.85,0.0,,,,,,Pz.IV_F2
germ_pzkpfw_IV_ausf_G,82.0,83.87,0.0,0.0,2.06,2.16,104.0,42.47,0.0,0.0,1.97,2.1,0.0,,,,,,Pz.IV_G
ussr_m53_59,85.0,45.16,2.88,5.4,0.36,0.69,634.0,30.27,0.75,0.75,0.43,0.41,3.0,,,,,,M53/59
yak-9m,87.0,93.01,6.87,7.55,0.45,0.48,4.0,100.0,3.67,1.0,1.0,0.0,0.0,,,,,,Golovachev's_Yak-9M
p-47d_30_china,81.0,46.67,1.72,1.6,0.39,0.39,102.0,44.44,0.17,0.17,1.18,0.93,0.0,,,,,,P-47D-30_(China)
germ_leopard_2a4m_can_sm,85.0,50.0,0.0,0.0,1.14,1.14,1458.0,45.53,0.0,0.0,1.38,1.17,0.0,,,,,,◍Leopard_2A4M
us_m18_super_hellcat,89.0,87.57,0.07,0.06,2.66,3.15,462.0,70.19,0.0,0.0,2.48,2.0,16.0,,,,,,Super_Hellcat
f4u-1a,79.0,82.64,2.23,2.32,0.84,0.91,34.0,50.0,1.5,3.0,2.5,5.0,0.0,,,,,,F4U-1A
sw_charioteer_mk_7,83.0,71.51,0.0,0.0,1.39,1.0,272.0,38.62,0.0,0.0,1.27,0.76,0.0,,,,,,Charioteer_Mk_VII
p-51d-20-na,78.0,73.56,7.29,10.82,0.33,0.52,145.0,67.28,0.36,0.6,1.44,1.18,5.0,,,1.4,,0.0,P-51D-20-NA
germ_pz_IV_L70_A,84.0,96.0,0.0,0.0,4.72,4.39,72.0,48.28,0.0,0.0,3.83,3.08,0.0,,,,,,Panzer_IV/70(A)
p-51_mk1a_usaaf,82.0,35.42,5.69,3.09,0.35,0.15,143.0,65.05,1.18,1.29,1.35,1.15,0.0,,,,,,P-51
ussr_is_4m,90.0,89.92,0.0,0.0,2.13,2.26,175.0,47.4,0.0,0.0,2.45,2.61,0.0,,,,,,IS-4M
fr_m4a1_sherman_fl_10,83.0,66.07,0.0,0.0,4.56,4.56,90.0,100.0,0.0,0.0,3.75,1.75,0.0,,,,,,M4A1_(FL10)
uk_challenger_1_mk_3_gulf,81.0,82.26,0.0,0.0,5.5,4.6,850.0,54.15,0.0,0.0,3.32,2.46,24.0,,,0.0,,0.88,Challenger_DS
il_sabra_mk1,78.0,62.35,0.0,0.0,2.08,2.63,40.0,63.34,0.0,0.0,2.82,3.0,0.0,,,,,,Sabra_Mk.I
us_m1_abrams,85.0,64.59,0.0,0.0,2.11,2.11,1879.0,51.67,0.0,0.0,2.13,1.78,0.0,,,,,,M1_Abrams
ussr_su_100_1945,78.0,59.09,0.0,0.0,1.34,1.38,44.0,16.67,0.0,0.0,0.83,1.0,0.0,,,,,,SU-100
uk_challenger_1,78.0,52.27,0.0,0.0,4.16,2.98,304.0,58.19,0.0,0.0,4.45,2.51,0.0,,,,,,Challenger_Mk.2
yak-1_early,78.0,100.0,5.34,2.82,0.6,0.25,23.0,,,1.43,,1.0,0.0,,,,,,Yak-1
ussr_t_54_1951,86.0,65.35,0.0,0.0,2.21,2.34,99.0,67.86,0.0,0.0,1.87,1.56,14.0,50.0,0.0,0.0,0.5,1.0,T-54_(1951)
pe-2-1,83.0,94.64,0.3,0.3,4.24,4.51,16.0,,,0.0,,0.0,0.0,,,,,,Pe-2-1
fr_somua_sm,75.0,76.67,0.0,0.0,5.29,4.02,1130.0,60.94,0.0,0.0,3.89,2.69,0.0,,,,,,Somua_SM
cn_m36,82.0,98.39,0.02,0.02,1.92,1.34,154.0,64.59,0.0,0.0,2.7,1.55,0.0,,,,,,M36_GMC_(China)
us_m41_walker_bulldog,79.0,30.77,0.12,0.19,2.27,2.5,933.0,58.8,0.0,0.0,1.14,0.9,0.0,,,,,,M41A1
itp_m1,77.0,93.82,3.91,3.7,2.36,1.9,63.0,50.98,0.8,1.0,1.82,2.07,0.0,,,,,,ITP_(M-1)
uk_chieftain_900,78.0,54.35,0.0,0.0,2.78,2.42,160.0,48.39,0.0,0.0,1.24,1.08,0.0,,,,,,Chieftain_900
fr_m4a4_sherman,78.0,,,0.0,,3.55,114.0,100.0,0.0,0.0,5.09,4.2,0.0,,,,,,M4A4
us_t25,79.0,66.67,0.0,0.0,3.92,2.36,103.0,17.86,0.0,0.0,5.75,4.88,31.0,0.0,0.0,0.0,1.0,1.0,T25
me_264,77.0,100.0,0.81,0.68,6.88,5.59,0.0,,,,,,0.0,,,,,,Me_264
ussr_object_279,74.0,100.0,0.0,0.0,6.13,5.88,252.0,76.67,0.0,0.0,8.81,4.07,3.0,,,0.0,,1.0,Object_279
uk_a_13_mk1,74.0,71.13,0.0,0.0,7.27,6.33,0.0,,,,,,0.0,,,,,,A13_Mk_I
jp_type_99,77.0,68.75,0.08,0.23,1.13,0.67,510.0,80.51,0.72,1.0,1.4,1.97,0.0,,,,,,Type_99
ussr_t_34_85_stp_s53,74.0,51.18,0.03,0.04,1.74,2.09,1401.0,50.35,0.0,0.0,2.29,1.88,0.0,,,,,,Т-34-85_(СТП)
i-16_type27,74.0,,,2.95,,0.0,14.0,,,,,,0.0,,,,,,I-16_type_27
ussr_kv_2_zis_6,80.0,74.53,0.01,0.06,4.36,4.29,67.0,58.62,0.0,0.0,3.28,4.39,0.0,,,,,,KV-2_(ZiS-6)
sw_lvkv_42,76.0,50.0,0.0,0.0,2.8,2.93,163.0,59.26,0.28,0.45,1.03,1.2,0.0,,,,,,Lvkv_42
us_m4a3e8_76w_sherman,80.0,54.62,0.0,0.0,1.94,2.69,526.0,52.67,0.0,0.0,2.21,2.15,0.0,,,,,,M4A3_(76)_W
ussr_kv_7_u13,81.0,97.83,0.02,0.02,6.69,4.02,37.0,50.0,0.0,0.0,2.5,3.8,0.0,,,,,,KV-7_(U-13)
jp_m47_patton_II,73.0,66.67,0.0,0.0,1.3,1.28,542.0,75.6,0.0,0.0,2.54,2.37,0.0,,,,,,M47
sw_pbv_501,76.0,0.0,0.0,0.0,1.25,0.58,416.0,41.31,0.0,0.0,1.45,0.9,0.0,,,,,,Pbv_501
do_217e_2,74.0,88.22,0.27,0.27,5.26,5.49,27.0,50.0,0.0,0.0,0.5,1.0,0.0,,,,,,Do_217_E-2
germ_erprobungstrager_3_achs_turm,74.0,51.39,0.0,0.0,2.22,2.22,1408.0,39.21,0.0,0.0,2.46,1.57,0.0,,,,,,Turm_III
uk_sherman_ic_firefly,73.0,100.0,0.0,0.0,2.9,2.9,79.0,60.51,0.0,0.0,1.53,1.58,0.0,,,,,,"Sherman_IC_""Trzyniec"""
germ_panzerjager_tiger_P_ferdinand,75.0,43.48,0.07,0.11,3.75,6.83,390.0,40.09,0.0,0.0,1.73,1.88,0.0,,,,,,Ferdinand
us_m1a1_abrams,77.0,71.76,0.0,0.0,2.0,1.95,1718.0,59.9,0.0,0.0,2.02,1.9,0.0,,,,,,M1A1
us_m60a1_rise_passive_era,77.0,48.67,0.13,0.2,1.67,2.3,497.0,53.75,0.0,0.0,2.05,1.92,0.0,,,,,,M60A1_RISE_(P)
it_leopard_2a7_hungary,72.0,90.23,0.0,0.0,7.14,6.87,254.0,68.98,0.0,0.0,3.89,3.57,0.0,,,,,,Leopard_2A7HU
pe-3_bis,75.0,100.0,0.81,0.73,6.66,5.81,0.0,,,,,,0.0,,,,,,Pe-3bis
bf_110g_4,71.0,100.0,1.28,1.12,5.7,4.53,0.0,,,,,,0.0,,,,,,Bf_110_G-4
us_m26_pershing,79.0,66.32,0.0,0.0,3.07,3.47,182.0,68.49,0.0,0.0,3.42,1.78,121.0,58.6,0.0,0.0,3.95,3.55,M26
germ_radpanzer_90,72.0,66.67,0.0,0.0,2.0,1.18,509.0,51.97,0.0,0.0,2.27,1.47,0.0,,,,,,Radkampfwagen_90
sw_t_54_1951,75.0,53.57,0.2,0.2,1.52,1.52,251.0,40.77,0.0,0.0,1.03,1.12,0.0,,,,,,T-54
it_c1_ariete_preserie,66.0,65.05,0.0,0.0,4.17,5.97,414.0,56.89,0.0,0.0,2.96,2.91,0.0,,,,,,Ariete_(P)
yak-3,65.0,96.38,6.63,7.15,1.74,1.72,101.0,49.24,3.34,4.05,0.87,1.05,3.0,,,0.0,,0.0,Yak-3
pe-2-31,67.0,100.0,0.0,0.0,7.52,4.64,0.0,,,,,,0.0,,,,,,Pe-2-31
spitfire_mk9c_iaf,66.0,78.57,4.04,1.54,1.07,0.17,22.0,52.78,1.31,2.68,0.0,0.36,0.0,,,,,,Spitfire_Mk_IXc_(Israel)
us_mbt_70,66.0,89.58,0.0,0.0,2.57,2.52,1616.0,64.53,0.0,0.0,2.19,1.74,0.0,,,,,,MBT-70
fa_18e_block_2,69.0,77.78,5.67,2.01,1.22,0.25,711.0,63.42,1.14,1.32,0.65,0.79,20.0,,,1.0,,0.0,F/A-18E
fr_sk105_a2,70.0,100.0,0.0,0.0,3.25,2.49,250.0,55.59,0.0,0.0,2.22,2.06,0.0,,,,,,SK-105A2
ussr_t_64_b_1984,71.0,57.69,0.0,0.0,2.58,2.34,325.0,51.81,0.0,0.0,1.83,1.5,0.0,,,,,,T-64B
it_pzkpfw_VI_ausf_e_tiger,65.0,92.31,0.08,0.07,9.62,7.58,210.0,82.48,0.0,0.0,7.73,4.36,0.0,,,,,,Tigris
yak_2_kabb,66.0,100.0,3.1,2.9,5.73,5.31,0.0,,,,,,0.0,,,,,,Yak-2_KABB
uk_challenger_2e,64.0,66.67,0.0,0.0,3.54,4.07,460.0,60.33,0.0,0.0,2.04,1.65,0.0,,,,,,Challenger_2E
sw_t_28,70.0,59.68,0.0,0.0,3.68,3.7,23.0,,,0.0,,2.0,0.0,,,,,,T-28
f_15c_msip2,70.0,58.33,1.23,0.94,1.33,0.67,191.0,57.98,1.62,1.55,0.09,0.1,40.0,,,0.5,,0.0,F-15C_MSIP_II
ussr_t_62m1,68.0,69.41,0.0,0.0,3.45,4.2,671.0,51.16,0.0,0.0,1.31,1.26,1.0,,,0.0,,0.0,T-62M-1
bf-109f-4_usa,65.0,55.77,1.96,2.51,0.0,0.0,41.0,,,,,,7.0,,,3.0,,0.0,Bf_109_F-4
cn_m4a1_76w_sherman,71.0,12.5,0.13,0.09,5.65,3.91,31.0,100.0,0.0,0.0,6.0,5.02,0.0,,,,,,M4A1_(75)_W_(China)
uk_sherman_vc_firefly_kit_3rank,67.0,100.0,0.0,0.0,2.2,1.41,68.0,100.0,0.0,0.0,5.05,3.59,0.0,,,,,,Firefly_(Overlord)
ussr_t_80u,67.0,81.72,0.0,0.0,0.75,1.61,1225.0,44.17,0.0,0.0,1.63,1.43,0.0,,,,,,T-80U
mig_3_series_1_15,68.0,100.0,6.16,6.09,1.5,1.49,7.0,100.0,3.83,,0.0,,0.0,,,,,,MiG-3-15
fr_jaguar_ebrc,66.0,50.0,0.5,0.5,2.39,2.39,401.0,42.65,0.01,0.01,1.45,1.02,0.0,,,,,,EBRC_Jaguar
us_m1a1_aim_abrams,68.0,60.42,0.0,0.0,1.44,3.56,1872.0,64.15,0.0,0.0,2.11,1.76,0.0,,,,,,M1A1_AIM
ussr_kv_1s,73.0,18.98,0.01,0.02,2.51,2.89,227.0,48.87,0.0,0.0,1.98,1.8,0.0,,,,,,KV-1S
p-47d_ussr,72.0,91.18,2.21,1.33,14.6,9.74,109.0,51.57,0.26,0.27,1.53,1.71,0.0,,,,,,P-47D-27
us_m19,64.0,43.55,0.53,0.89,0.72,1.13,87.0,13.64,0.37,0.44,1.15,1.22,0.0,,,,,,M19A1
p-63c-5_ussr,67.0,100.0,0.69,0.61,5.23,4.57,60.0,100.0,0.79,1.18,3.35,3.07,0.0,,,,,,P-63C-5
uk_challenger_2_bn,62.0,69.33,0.0,0.0,2.98,5.69,553.0,64.31,0.0,0.0,1.96,1.96,0.0,,,,,,Black_Night
uk_shir_2,63.0,62.9,0.0,0.0,2.71,3.52,155.0,88.16,0.0,0.0,7.56,3.74,0.0,,,,,,FV4030/3
us_m1_ip_abrams,67.0,54.45,0.0,0.0,2.23,1.48,774.0,53.12,0.0,0.0,2.41,2.49,0.0,,,,,,IPM1
us_t1e1_90,64.0,72.92,0.0,0.0,1.19,1.84,190.0,36.89,0.0,0.0,4.16,2.94,0.0,,,,,,T1E1_(90)
us_m18_hellcat_kit_3rank,63.0,100.0,0.3,0.3,7.41,7.41,71.0,60.71,0.0,0.0,2.52,2.2,0.0,,,,,,Hellcat_(Hell)
f_15c_golden_eagle,64.0,75.0,3.65,2.35,0.11,0.06,458.0,66.93,2.71,3.0,0.13,0.15,68.0,50.0,0.63,1.11,0.0,0.0,F-15C_Golden_Eagle
germ_jgdpz_38t,63.0,60.35,0.0,0.0,1.84,2.26,52.0,54.84,0.0,0.0,2.08,2.23,0.0,,,,,,Jagdpanzer_38(t)
cn_t_34_85_d_5t,65.0,97.85,0.02,0.03,4.24,4.29,182.0,73.61,0.0,0.0,3.61,2.06,0.0,,,,,,Т-34-85_(S-53)_(China)
germ_pzkpfw_II_ausf_H,63.0,59.52,0.4,0.68,8.24,13.04,59.0,50.0,0.0,0.0,1.89,2.54,0.0,,,,,,Pz.II_H
uk_a_22f_mk_7_churchill_1944,61.0,52.3,0.0,0.0,5.2,8.03,530.0,76.19,0.0,0.0,4.73,3.76,0.0,,,,,,Churchill_VII
f6f-5n,61.0,26.47,1.79,1.44,0.72,0.64,136.0,50.32,0.39,0.48,0.62,0.87,0.0,,,,,,F6F-5N
me-410a-1,62.0,81.04,0.79,0.62,4.79,4.26,34.0,50.0,0.0,0.0,1.84,2.68,0.0,,,,,,Me_410_A-1
ussr_zsu_29k,66.0,97.42,0.01,0.01,3.56,3.55,11.0,100.0,0.0,0.0,2.0,3.18,0.0,,,,,,YaG-10_(29-K)
cn_oplot_t,55.0,42.38,0.0,0.0,1.48,1.47,326.0,71.31,0.0,0.0,3.14,1.58,3.0,,,0.0,,1.0,Oplot-M
fr_m4a1_sherman,61.0,,,0.0,,2.71,79.0,100.0,0.0,0.0,3.32,1.91,0.0,,,,,,M4A1
sw_strv_74,62.0,100.0,0.0,0.0,3.27,2.28,368.0,57.45,0.0,0.0,2.46,1.44,0.0,,,,,,Strv_74
germ_kv_1B_finland,62.0,78.57,0.0,0.0,6.0,17.85,74.0,53.76,0.0,0.0,6.29,10.79,0.0,,,,,,KV-IB
pe-2-359,55.0,100.0,0.0,0.0,3.59,3.48,0.0,,,,,,0.0,,,,,,Pe-2-359
it_leopard_2a4,57.0,61.29,0.0,0.0,3.81,6.42,192.0,63.29,0.0,0.0,2.55,1.66,0.0,,,,,,◔Leopard_2A4
p-40e_ussr,61.0,75.27,4.13,4.73,0.81,0.94,4.0,,,0.0,,1.0,0.0,,,,,,P-40E-1
germ_pzkpfw_III_ausf_E,59.0,93.39,0.0,0.0,7.26,8.05,24.0,0.0,0.0,0.0,2.0,1.0,0.0,,,,,,Pz.III_E
germ_pzkpfw_VI_ausf_h1_tiger_animal_version,62.0,58.41,0.11,0.13,2.92,3.75,8.0,50.0,0.0,0.0,3.44,6.88,0.0,,,,,,␠Tiger
ki_43_3_otsu,62.0,43.33,5.93,4.29,0.27,0.12,301.0,69.17,0.47,0.55,1.21,1.39,0.0,,,,,,Ki-43-III_otsu
germ_flakpanzer_IV_Ostwind,64.0,51.0,2.36,3.83,2.19,3.48,184.0,36.46,1.35,0.96,1.82,0.8,0.0,,,,,,Ostwind
sw_ikv_72,59.0,50.0,0.05,0.05,1.63,2.1,0.0,,,,,,0.0,,,,,,Ikv_72
yak-4,60.0,100.0,0.1,0.13,9.0,9.7,0.0,,,,,,0.0,,,,,,Yak-4
f-4e,58.0,74.0,3.68,2.83,2.34,1.83,355.0,54.95,1.44,1.48,0.75,0.74,48.0,50.0,1.77,3.33,3.0,3.75,F-4E_Phantom_II
sw_strv_122,61.0,77.78,0.0,0.0,3.66,3.53,148.0,61.43,0.0,0.0,3.61,2.55,0.0,,,,,,Strv_122A
us_m22_locust,57.0,62.12,0.0,0.0,2.53,2.31,120.0,24.44,0.0,0.0,2.97,1.07,0.0,,,,,,M22
il_merkava_mk_2b_early,55.0,50.0,0.0,0.0,1.58,2.68,331.0,50.78,0.0,0.0,2.95,2.51,0.0,,,,,,Merkava_Mk.2B
hellcat_fmk1,57.0,100.0,3.24,2.62,5.0,3.86,58.0,64.04,0.32,0.32,1.77,1.82,26.0,50.0,0.5,0.03,2.5,1.97,Hellcat_Mk_II
su_30sm,59.0,44.12,4.26,2.87,0.0,0.0,527.0,52.65,0.99,1.22,1.0,1.23,39.0,,,1.0,,1.33,Су-30СМ
f4u-4b,56.0,50.0,1.52,1.52,0.04,0.04,610.0,66.26,0.55,0.47,2.06,1.63,84.0,,,4.2,,0.0,F4U-4B
cn_m4a4_sherman_1st_ptg,54.0,96.43,0.07,0.09,3.05,3.56,18.0,50.0,0.0,0.0,2.1,4.2,0.0,,,,,,M4A4_(1st_PTG)_(China)
pe-2-83,54.0,100.0,0.42,0.34,4.24,2.82,4.0,100.0,0.0,0.0,0.0,0.0,0.0,,,,,,Pe-2-83
us_m60a1,59.0,77.42,0.0,0.0,1.21,0.88,412.0,55.75,0.0,0.0,1.66,1.58,0.0,,,,,,M60A1_(AOS)
fa_18c_early,54.0,50.0,1.5,1.23,0.0,0.0,1750.0,52.09,0.86,1.02,0.22,0.26,32.0,,,1.28,,0.0,F/A-18C_Early
us_m4a3e2_76w_sherman_jumbo,58.0,60.0,0.0,0.0,2.35,2.45,869.0,72.86,0.04,0.03,4.55,3.59,0.0,,,,,,M4A3E2_(76)_W
p-63a-10_ussr,56.0,100.0,1.45,1.09,3.34,2.64,149.0,97.37,0.42,0.49,2.96,4.02,0.0,,,,,,P-63A-10
fw-190d-9,56.0,62.9,4.35,4.17,0.16,0.12,257.0,38.19,0.97,0.86,1.12,0.92,0.0,,,,,,Fw_190_D-9
typhoon_mk1b_late,55.0,0.0,4.22,2.51,0.56,0.49,99.0,69.14,1.3,2.11,1.71,2.6,0.0,,,,,,Typhoon_Mk_Ib/L
lagg-3-35,55.0,100.0,5.5,2.38,1.5,1.68,0.0,,,,,,0.0,,,,,,LaGG-3-35
yak-9,56.0,100.0,3.56,3.17,0.89,0.33,15.0,,,,,,0.0,,,,,,Yak-9
jp_type_90,52.0,28.33,0.0,0.0,1.27,1.32,832.0,52.82,0.0,0.0,1.84,1.87,0.0,,,,,,Type_90
bf-109g-6_erla_finland,55.0,,,2.82,,0.68,1.0,,,,,,0.0,,,,,,Bf_109_G-6_Erla
il_magach_5,65.0,95.0,0.02,0.02,4.93,4.93,38.0,57.02,0.0,0.0,1.26,2.89,0.0,,,,,,Magach_5
us_t20,50.0,95.56,0.0,0.0,4.88,4.19,2481.0,66.34,0.0,0.0,3.82,3.45,15.0,,,0.0,,9.0,T20
ussr_bt_5,53.0,40.0,0.0,0.0,8.25,6.52,454.0,50.0,0.0,0.0,1.63,1.88,0.0,,,,,,BT-5
fr_amd_35_sa35,53.0,61.54,0.0,0.0,2.81,1.36,0.0,,,,,,0.0,,,,,,AMD.35_(SA35)
uk_a27m_cromwell_5_rp3,51.0,100.0,0.0,0.0,9.98,17.27,18.0,100.0,0.0,0.0,3.65,3.64,0.0,,,,,,Cromwell_V_(RP-3)
germ_sdkfz_6_2_flak36,52.0,89.47,1.42,1.42,10.74,10.74,3.0,,,,,,0.0,,,,,,Sd.Kfz._6/2
us_m3a1_stuart,58.0,95.79,0.04,0.06,4.28,4.51,47.0,,,0.0,,1.79,0.0,,,,,,M3A1_Stuart
jp_navy_120mm_spg,54.0,72.92,0.0,0.0,3.76,2.87,70.0,78.47,0.0,0.0,5.67,2.74,0.0,,,,,,Chi-Ha_LG
ussr_t_80ud,55.0,53.57,0.0,0.0,3.15,2.03,2553.0,50.13,0.0,0.0,1.59,1.53,0.0,,,,,,T-80UD
ussr_it_1,52.0,45.83,0.0,0.0,0.88,0.73,145.0,67.53,0.0,0.0,3.9,4.46,0.0,,,,,,IT-1
ki_61_2_early,51.0,53.57,1.39,2.0,0.75,0.81,17.0,100.0,1.0,1.0,1.0,1.0,0.0,,,,,,Ki-61-II_Otsu_Kai
ffvs_j22_b,53.0,50.0,2.88,1.96,0.0,0.59,4.0,,,,,,0.0,,,,,,J22-B
sw_l_62_anti_II,54.0,81.25,0.75,0.63,3.19,2.84,114.0,36.51,0.0,0.0,2.39,1.62,0.0,,,,,,L-62_ANTI_II
us_m4_sherman,50.0,51.11,0.0,0.0,2.21,4.33,155.0,56.13,0.0,0.0,2.49,2.13,0.0,,,,,,M4
uk_valentine_mk_11,50.0,83.95,0.15,1.0,8.97,18.64,1.0,,,0.0,,3.0,0.0,,,,,,Valentine_XI
fr_amx_13_chaffee,53.0,55.36,0.43,0.43,2.43,2.5,48.0,96.08,0.0,0.0,3.93,3.48,0.0,,,,,,AMX-13-M24
cn_type_65_aa,51.0,39.29,1.18,2.0,0.61,1.0,23.0,,,0.0,,1.0,0.0,,,,,,Phòng_không_T-34
sw_pvkv_II,56.0,100.0,0.0,0.0,7.79,5.89,59.0,51.96,0.0,0.0,4.03,2.96,0.0,,,,,,Pvkv_II
uk_fv107_scimitar,54.0,50.0,0.0,0.0,1.5,1.5,166.0,66.67,0.0,0.0,2.41,1.18,0.0,,,,,,Scimitar
germ_stug_III_ausf_G,50.0,70.97,0.0,0.0,3.6,2.62,174.0,30.37,0.0,0.0,2.5,1.94,0.0,,,,,,StuG_III_G
sw_ikv_91,54.0,50.0,0.0,0.0,0.54,0.54,401.0,44.92,0.0,0.0,1.15,1.27,0.0,,,,,,Ikv_91
su-8,52.0,100.0,0.68,0.52,4.48,3.68,0.0,,,,,,0.0,,,,,,Su-8
ussr_t_80b,52.0,100.0,0.0,0.0,2.73,1.69,1472.0,56.93,0.0,0.0,2.07,1.71,0.0,,,,,,T-80B
tempest_mk2,48.0,100.0,5.11,2.48,0.0,0.0,53.0,95.16,2.99,4.1,0.0,0.0,0.0,,,,,,Tempest_Mk_II
p-51d-30_usaaf_korea,52.0,65.97,2.31,1.96,0.62,0.55,106.0,44.01,1.16,1.58,0.6,0.86,34.0,100.0,7.83,3.29,0.0,0.0,P-51D-30
sw_ikv_103,54.0,37.86,0.0,0.0,1.3,1.79,125.0,28.61,0.0,0.0,0.98,1.18,0.0,,,,,,Ikv_103
sw_cv_90105,47.0,50.0,0.0,0.0,1.97,2.06,422.0,50.27,0.0,0.0,1.45,1.26,0.0,,,,,,CV_90105_TML
f4u-4,49.0,100.0,2.0,1.38,3.14,1.04,487.0,61.81,0.34,0.31,0.95,0.86,0.0,,,,,,F4U-4
jp_st_a3,49.0,73.61,0.0,0.0,1.17,1.38,302.0,61.02,0.0,0.0,2.12,1.93,0.0,,,,,,ST-A3
fr_amx_13_dca_40,52.0,100.0,0.0,0.0,1.0,0.3,294.0,64.48,0.04,0.02,1.45,0.71,0.0,,,,,,AMX-13_DCA_40
he_115a_2_sweden,50.0,100.0,0.18,0.2,8.56,8.95,0.0,,,,,,0.0,,,,,,T_2
su_25_558arz,49.0,,,1.59,,0.81,59.0,100.0,0.0,0.0,6.2,3.83,0.0,,,,,,Su-25BM
uk_a_13_mk2,43.0,50.0,0.0,0.0,2.76,5.18,32.0,100.0,0.0,0.0,3.71,0.87,0.0,,,,,,A13_Mk_II
i_225,51.0,38.89,3.39,2.58,0.28,0.08,68.0,18.82,2.28,1.4,1.09,0.74,0.0,,,,,,I-225
us_m36b2,51.0,65.08,0.0,0.0,1.8,2.5,490.0,48.6,0.0,0.0,1.96,1.41,0.0,,,,,,M36B2
a_10a_early,48.0,0.0,3.0,1.34,4.0,2.07,382.0,51.68,1.03,0.95,3.62,3.05,0.0,,,,,,A-10A
f_16c_block_50,50.0,59.38,1.28,1.28,1.78,1.78,638.0,61.42,0.79,1.05,0.91,1.19,65.0,,,1.52,,0.0,F-16C
f_16a_block_15_adf,49.0,50.0,1.43,2.34,0.5,0.44,78.0,50.0,1.17,0.76,0.0,0.0,15.0,,,1.2,,0.0,F-16A_ADF
germ_mkpz_m48a2ga2,51.0,67.71,0.0,0.0,1.37,1.75,405.0,37.17,0.0,0.0,1.54,1.41,0.0,,,,,,M48A2_G_A2
il_m48a1_patton_III,46.0,50.0,0.09,0.17,1.41,2.83,68.0,77.32,0.0,0.0,1.38,1.03,0.0,,,,,,Magach_1
p-51d-20_china,48.0,100.0,2.7,1.3,0.7,0.18,53.0,100.0,0.0,0.0,1.0,0.1,0.0,,,,,,P-51D-20_(China)
ussr_pt_76b,50.0,,,0.0,,0.75,872.0,50.11,0.0,0.0,0.95,0.76,18.0,,,0.0,,0.0,PT-76B
ussr_asu_85,46.0,38.89,0.0,0.0,0.72,0.53,189.0,28.44,0.0,0.0,1.79,0.9,0.0,,,,,,ASU-85
ussr_kv_220,45.0,100.0,0.0,0.0,6.08,6.08,156.0,70.84,0.0,0.0,6.99,6.81,0.0,,,,,,KV-220
sw_strv_m39,44.0,100.0,0.0,0.0,3.27,3.94,0.0,,,,,,0.0,,,,,,Strv_m/39
c_3604,45.0,44.74,3.39,5.25,1.05,1.52,10.0,0.0,0.0,0.0,2.0,2.0,0.0,,,,,,◌С-3604
mig-21_s,48.0,60.53,2.97,2.71,0.0,0.0,108.0,63.34,1.88,2.3,0.1,0.45,5.0,,,,,,MiG-21S_(R-13-300)
sw_lvkv_90c,45.0,29.55,1.57,3.0,1.55,3.85,438.0,42.65,0.91,0.59,1.53,0.87,0.0,,,,,,Lvkv_9040C
us_t95e1,47.0,100.0,0.0,0.0,3.33,2.29,251.0,62.93,0.0,0.0,2.69,1.86,0.0,,,,,,T95E1
firefly_mk4_netherlands,47.0,2.94,2.47,1.35,1.35,0.45,56.0,96.43,0.89,0.63,1.32,2.13,0.0,,,,,,◘Firefly_F.Mk.IV
uk_centurion_mk_5_avre_era,47.0,86.67,0.0,0.0,1.73,1.52,38.0,72.22,0.0,0.0,1.0,1.0,0.0,,,,,,Centurion_Mk.5_AVRE
ussr_t_28E,45.0,66.67,0.33,0.29,3.22,3.33,1.0,50.0,0.0,0.0,0.0,0.0,0.0,,,,,,T-28E
germ_kv_2_754r,46.0,62.75,0.0,0.0,4.09,11.59,22.0,,,0.0,,4.36,0.0,,,,,,KW_II_754_(r)
jp_m4a3e8_76w_sherman,46.0,69.23,0.18,0.33,4.62,5.94,403.0,76.71,0.0,0.0,3.41,2.52,0.0,,,,,,M4A3_(76)_W
mig_23mla,36.0,50.0,1.23,1.19,0.15,0.14,32.0,36.11,1.33,1.19,0.0,0.0,8.0,,,1.0,,0.0,◊MiG-23MLA
it_semovente_m41m_90,48.0,100.0,0.0,,2.87,,44.0,23.68,0.0,0.0,2.24,2.28,0.0,,,,,,90/53_M41M
il_magach_2,46.0,57.02,0.0,0.0,1.34,2.47,0.0,,,,,,0.0,,,,,,Magach_2
germ_sdkfz_251_9,44.0,100.0,0.0,0.0,5.65,8.93,0.0,,,,,,0.0,,,,,,Sd.Kfz.251/9
cf_188a_canada,46.0,88.33,2.7,2.8,0.0,0.0,465.0,46.78,1.1,1.3,0.19,0.25,0.0,,,,,,CF-188A
f-8e,48.0,80.7,1.84,1.12,0.61,0.32,19.0,50.0,1.31,2.62,0.0,0.0,0.0,,,,,,F-8E
sw_sav_m43_1944,43.0,16.67,0.0,0.0,1.73,2.0,0.0,,,,,,0.0,,,,,,Sav_m/43_(1944)
ussr_bmp_3,43.0,50.0,0.0,0.0,0.39,0.48,1893.0,52.07,0.0,0.0,1.42,1.32,39.0,100.0,0.0,0.0,1.67,1.65,BMP-3
tu-2_postwar_late,45.0,16.67,0.0,0.0,0.0,0.18,89.0,92.31,0.61,0.33,7.99,5.67,23.0,89.29,0.0,0.0,1.43,1.47,Tu-2S-59
uk_challenger_2_dorchester,42.0,50.0,0.0,0.0,3.5,3.22,276.0,45.9,0.0,0.0,0.89,0.97,0.0,,,,,,Challenger_2_(2F)
cn_al_khalid_1,44.0,50.0,0.0,0.0,3.2,3.2,1357.0,55.62,0.0,0.0,2.03,1.51,2.0,100.0,0.0,0.0,1.0,1.0,Al-Khalid-I
jp_type_90b,42.0,50.0,0.0,0.0,3.62,3.62,758.0,52.98,0.0,0.0,1.78,1.76,0.0,,,,,,Type_90_(B)
cn_ztz_96b,44.0,50.0,0.0,0.0,2.14,3.57,575.0,63.32,0.0,0.0,2.65,2.18,0.0,,,,,,ZTZ96B
sw_pvkv_m43_1963,46.0,50.0,0.0,0.0,2.22,4.39,27.0,62.5,0.0,0.0,1.0,0.95,0.0,,,,,,Pvkv_m/43_(1963)
il_merkava_mk_1b,42.0,50.0,0.0,0.0,2.77,2.56,195.0,53.67,0.0,0.0,2.65,2.36,0.0,,,,,,Merkava_Mk.1B
fa_18c_late,45.0,50.0,2.21,1.85,0.61,0.52,165.0,63.55,0.94,0.8,0.56,0.45,0.0,,,,,,F/A-18C_Late
us_m4a1_76w_sherman,46.0,75.63,0.0,0.0,1.74,1.32,352.0,51.62,0.0,0.0,3.68,2.73,4.0,,,0.0,,2.0,M4A1_(76)_W
us_m3a3_bradley,42.0,,,0.0,,1.0,575.0,48.39,0.0,0.0,0.64,0.65,0.0,,,,,,M3A3_Bradley
ussr_is_6,42.0,50.0,0.0,0.0,3.13,4.39,199.0,60.99,0.0,0.0,2.56,2.42,3.0,50.0,0.0,0.0,1.0,2.0,IS-6
f_15e,43.0,59.38,1.4,1.4,0.66,0.66,768.0,69.85,0.92,1.24,2.59,3.51,30.0,,,1.0,,1.0,F-15E
ussr_t_80um2,46.0,78.34,0.0,0.0,2.48,2.58,105.0,51.2,0.0,0.0,1.61,1.35,0.0,,,,,,T-80UM2
tempest_mkv,42.0,100.0,3.82,2.47,0.0,0.0,26.0,100.0,0.88,0.83,3.0,2.89,0.0,,,,,,Tempest_Mk_V
ki_44_2_hei,42.0,100.0,2.0,5.0,0.0,0.57,37.0,64.59,0.06,0.06,0.11,0.11,0.0,,,,,,Ki-44-II_hei
it_p_26_40,43.0,100.0,0.0,0.0,2.67,2.84,4.0,100.0,0.0,0.0,4.0,4.0,0.0,,,,,,"P40_""G.C._Leoncello"""
p-63a-10,42.0,,,0.98,,1.69,321.0,50.69,0.44,0.57,0.77,1.0,0.0,,,,,,P-63A-10
av_8b_na,39.0,50.0,1.0,0.7,6.0,4.0,549.0,67.27,0.34,0.4,2.46,2.7,59.0,100.0,1.0,0.06,14.0,3.65,AV-8B_(NA)
uk_challenger_II,39.0,66.67,0.0,0.0,2.39,3.62,713.0,52.77,0.0,0.0,1.69,1.56,24.0,,,0.0,,0.0,uk_challenger_ii_shop
ussr_su_85m,43.0,65.91,0.0,0.0,2.25,2.45,91.0,34.41,0.0,0.0,1.12,1.15,0.0,,,,,,SU-85M
a6m3_mod22_zero,40.0,97.5,4.6,2.63,0.0,0.0,155.0,67.13,1.69,2.11,0.32,0.38,0.0,,,,,,A6M3_mod._22
yak-15_early,44.0,50.0,1.5,2.13,0.0,0.0,14.0,,,0.22,,0.0,0.0,,,,,,Yak-15P
fr_lorraine_100,44.0,58.33,0.0,0.0,1.17,1.17,88.0,60.71,0.0,0.0,1.1,1.13,0.0,,,,,,CA_Lorraine
germ_kanonenjagdpanzer,43.0,100.0,0.0,0.0,1.71,1.0,89.0,2.38,0.0,0.0,3.14,0.83,7.0,0.0,0.0,0.0,1.0,1.0,JPz_4-5
us_m4a1_1942_sherman,38.0,100.0,0.0,0.0,5.0,1.04,55.0,92.0,0.0,0.0,1.96,1.33,0.0,,,,,,M4A1
us_m3_lee,36.0,61.67,0.15,0.23,2.93,3.53,6.0,,,0.0,,4.0,0.0,,,,,,M3_Lee
la-7b-20,38.0,87.5,5.25,8.38,1.35,1.38,34.0,50.0,1.04,1.04,0.94,0.96,0.0,,,,,,La-7B-20
sw_bkan_1c,43.0,32.69,1.33,3.0,0.33,1.0,229.0,21.64,0.52,0.29,1.85,1.14,0.0,,,,,,Bkan_1C
us_xm1_gm,40.0,100.0,0.0,0.0,2.32,2.65,1142.0,63.12,0.0,0.0,3.17,2.2,0.0,,,,,,XM1_(GM)
it_of_40_mtca,43.0,83.33,0.0,0.0,3.58,2.87,1086.0,62.04,0.0,0.0,3.66,2.8,8.0,0.0,0.0,0.0,2.0,2.0,OF-40_(MTCA)
us_m3_bradley,42.0,50.0,0.0,0.0,0.22,0.18,503.0,59.9,0.0,0.0,1.34,1.19,0.0,,,,,,M3_Bradley
mc-205_serie1,40.0,100.0,11.0,8.36,0.0,0.0,0.0,,,,,,0.0,,,,,,C._205_serie_1
su_30sm2,40.0,39.47,3.89,3.45,0.0,0.0,1204.0,58.04,1.04,1.28,1.64,2.02,3.0,,,,,,Су-30СМ2
sw_strv_m38,38.0,100.0,0.0,0.0,2.17,5.5,11.0,50.0,0.0,0.0,0.5,0.42,0.0,,,,,,Strv_m/38
il_8_1944,43.0,85.72,2.86,2.0,5.59,4.19,47.0,81.25,0.56,0.17,3.81,1.68,0.0,,,,,,IL-8_(1944)
il_centurion_shot_kal_d,38.0,100.0,0.0,0.0,3.0,2.76,149.0,47.78,0.0,0.0,1.67,1.39,0.0,,,,,,Sho't_Kal_Dalet
p-51k,39.0,41.67,1.17,1.47,0.23,0.23,7.0,,,,,,0.0,,,,,,P-51K_(China)
btd-1,39.0,50.0,0.5,0.86,0.92,1.86,31.0,89.29,0.0,0.0,6.25,9.14,0.0,,,,,,BTD-1
cn_m48a1_patton_III,38.0,50.0,0.0,0.0,0.54,0.54,70.0,38.24,0.0,0.0,1.44,0.69,0.0,,,,,,M48A1_(China)
germ_le_kpz_m41,41.0,15.38,0.0,0.0,0.15,0.3,904.0,45.42,0.0,0.0,1.02,0.92,0.0,,,,,,leKPz_M41
uk_ac1_sentinel,42.0,100.0,0.0,0.0,0.62,0.31,12.0,,,0.0,,2.0,0.0,,,,,,A.C.I
jp_type_89b_i_go_otsu,36.0,100.0,0.11,0.55,5.2,10.65,0.0,,,,,,0.0,,,,,,I-Go_Ko
uk_cruiser_ram_1,40.0,40.63,0.41,0.24,1.78,1.61,37.0,100.0,0.0,0.0,5.0,3.17,0.0,,,,,,Ram_I
bf-109g-2_finland,39.0,,,4.08,,1.92,41.0,100.0,4.0,2.74,1.0,1.0,0.0,,,,,,Bf_109_G-2
jp_type_81_tansam,37.0,37.5,1.35,1.7,0.0,0.0,81.0,,,1.0,,0.0,0.0,,,,,,Type_81_(C)
ussr_t_55a,44.0,50.0,0.0,0.0,1.83,2.1,1243.0,50.38,0.0,0.0,1.85,1.5,0.0,,,,,,T-55A
jp_type_90b_sm,37.0,42.5,0.0,0.0,0.58,0.58,350.0,53.32,0.0,0.0,2.3,2.01,0.0,,,,,,◍Type_90_(B)
ussr_bmp_1,43.0,49.21,0.0,0.0,0.0,0.0,262.0,47.09,0.0,0.0,0.78,0.92,0.0,,,,,,BMP-1
ussr_pzkpfw_V,37.0,100.0,0.0,0.0,6.96,6.96,94.0,85.8,0.0,0.0,3.08,2.11,0.0,,,,,,T-V
us_ccvl,40.0,100.0,0.0,0.0,8.0,4.0,79.0,92.86,0.0,0.0,3.79,2.32,0.0,,,,,,CCVL
germ_nbfz_VI,34.0,100.0,0.0,0.0,4.17,4.77,0.0,,,,,,0.0,,,,,,Nb.Fz.
re_2000_heja_2,37.0,100.0,3.78,3.78,0.0,0.0,13.0,100.0,3.0,3.0,0.0,0.0,0.0,,,,,,◔Héja_II
fr_amx_m4,40.0,0.0,0.0,0.0,4.0,2.0,700.0,65.64,0.0,0.0,2.27,2.29,42.0,100.0,0.0,0.0,3.0,2.28,AMX_M4
uk_centurion_mk_3,39.0,,,0.0,,1.81,154.0,54.84,0.0,0.0,2.65,1.56,0.0,,,,,,Centurion_Mk_3
p-38e,36.0,50.0,1.0,2.0,0.0,0.0,0.0,,,,,,0.0,,,,,,P-38E
ussr_kv_8,39.0,100.0,0.0,0.0,1.83,1.83,89.0,50.0,0.0,0.0,4.3,2.44,0.0,,,,,,КВ-8
bf-110f-2,34.0,91.11,5.2,5.6,0.08,0.13,0.0,,,,,,0.0,,,,,,Bf_110_F-2
ussr_t_28,34.0,100.0,0.0,0.0,10.89,11.67,0.0,,,,,,0.0,,,,,,T-28
saab_jas39c_south_africa,36.0,91.67,4.68,4.77,0.0,0.0,286.0,44.41,1.16,1.3,0.04,0.04,0.0,,,,,,JAS39C
germ_sturmpanzer_IV_brummbar,40.0,91.31,0.04,0.07,3.47,3.76,48.0,100.0,0.0,0.0,1.0,2.41,0.0,,,,,,Brummbär
uk_17_pdr_m10_achilles_norfolk_yeomanry,37.0,100.0,0.0,0.0,1.84,1.9,28.0,100.0,0.0,0.0,2.83,3.38,0.0,,,,,,Achilles_(65_Rg.)
us_m60a3_tts,36.0,46.43,0.0,0.0,0.54,0.92,515.0,46.61,0.0,0.0,1.88,1.33,0.0,,,,,,M60A3_TTS
us_adats_bradley,37.0,32.26,0.03,0.03,0.0,0.0,831.0,50.38,0.84,0.48,0.53,0.29,5.0,0.0,1.0,1.0,0.0,0.0,ADATS
su_25tm,36.0,100.0,3.0,1.5,9.0,4.5,631.0,58.23,0.3,0.39,3.04,3.94,43.0,,,0.05,,0.05,Su-39
ki_43_1,39.0,100.0,5.22,3.69,1.0,0.77,0.0,,,,,,0.0,,,,,,Ki-43-I
yak-9b,39.0,100.0,3.95,2.85,8.65,5.62,19.0,,,0.0,,1.14,0.0,,,,,,Yak-9B
bf-109f-1,37.0,79.71,5.57,8.69,0.0,0.0,27.0,,,1.0,,0.0,0.0,,,,,,Bf_109_F-1
germ_flakpanzer_I_ausf_A,39.0,76.67,0.23,0.31,4.73,7.38,18.0,,,0.0,,0.13,0.0,,,,,,Flakpanzer_I
su_27sm,39.0,44.12,2.18,2.18,0.21,0.21,213.0,74.74,2.75,3.15,0.06,0.05,18.0,,,1.0,,0.0,Su-27SM
ussr_2s38,37.0,,,0.0,,1.0,2314.0,52.26,0.12,0.11,1.07,0.89,0.0,,,,,,2S38
fw-190a-1,35.0,89.13,5.72,6.7,1.43,1.65,7.0,50.0,1.0,1.57,0.0,0.0,0.0,,,,,,Fw_190_A-1
germ_leopard_2a6,36.0,56.67,0.0,0.0,1.02,1.67,1209.0,47.07,0.0,0.0,1.64,1.46,6.0,,,0.0,,2.0,Leopard_2A6
germ_pzkpfw_38t_Marder_III_ausf_H,34.0,28.7,0.0,0.0,2.09,2.65,46.0,9.26,0.0,0.0,1.08,0.92,0.0,,,,,,Marder_III_H
ussr_t_72b3_arena_m,36.0,50.0,0.0,0.0,1.83,1.83,905.0,40.7,0.0,0.0,1.06,1.04,0.0,,,,,,Т-72Б3А
ussr_btr_zd,36.0,6.9,1.45,3.33,0.0,0.0,318.0,78.01,1.19,0.57,1.11,0.54,18.0,,,,,,BTR-ZD
il_amx_13_75,35.0,,,0.0,,1.43,78.0,30.95,0.0,0.0,4.55,2.12,0.0,,,,,,AMX-13_(Israel)
fw-190f-8,33.0,100.0,2.8,1.64,1.4,0.21,196.0,67.99,1.07,1.23,1.78,1.68,0.0,,,,,,Fw_190_F-8
ar_2,35.0,100.0,0.5,0.41,8.75,7.74,0.0,,,,,,0.0,,,,,,Ar-2
fw-190a-5_u2,37.0,68.42,2.42,2.76,0.42,0.44,0.0,,,,,,0.0,,,,,,Fw_190_A-5/U2
us_m60a2,37.0,69.57,0.0,0.0,1.7,1.7,117.0,70.97,0.0,0.0,3.53,2.27,0.0,,,,,,M60A2
p-47n-15,34.0,66.67,1.21,1.4,2.53,2.3,8.0,0.0,0.75,0.75,1.0,1.0,0.0,,,,,,P-47N-15
germ_sdkfz_234_2,31.0,94.44,0.0,0.0,3.11,3.11,836.0,42.99,0.0,0.0,1.19,0.97,3.0,,,0.0,,1.0,Sd.Kfz.234/2
jp_type_3_ho_ni_I,32.0,100.0,0.0,0.0,3.39,6.0,30.0,100.0,0.0,0.0,2.5,2.5,0.0,,,,,,Ho-Ni_I
ussr_rbt_5,33.0,100.0,0.0,0.0,5.88,5.88,3.0,,,,,,0.0,,,,,,RBT-5
su_25k,33.0,0.0,1.0,1.0,3.0,2.08,510.0,60.73,0.68,0.63,2.43,2.17,9.0,,,0.0,,0.0,Su-25K
sw_kv_1_1942_fin,36.0,78.57,0.57,0.18,3.43,3.09,67.0,48.46,0.0,0.0,4.54,4.54,0.0,,,,,,KV-1_m1942
hurricanemkii_ussr,31.0,100.0,3.92,3.51,1.61,1.4,0.0,,,,,,0.0,,,,,,Hurricane_Mk_IIB
uk_vickers_mbt_mk_1,35.0,50.0,0.0,0.0,2.17,2.09,502.0,55.6,0.0,0.0,1.77,1.62,0.0,,,,,,Vickers_Mk.1
sw_t_55m,32.0,50.0,0.0,0.0,1.0,2.0,461.0,57.95,0.0,0.0,1.45,1.54,0.0,,,,,,T-55M
germ_flakpanzer_V_Coelian,33.0,50.0,0.0,0.0,3.5,3.68,464.0,59.13,0.81,0.46,3.84,2.2,0.0,,,,,,Flakpanzer_341
su_34,34.0,50.0,3.0,3.48,0.68,1.05,555.0,60.66,0.42,0.53,1.24,1.4,75.0,,,0.76,,1.24,Су-34
germ_pzkpfw_III_ausf_N,37.0,66.67,0.0,0.0,4.0,2.22,34.0,50.0,0.0,0.0,3.13,3.13,0.0,,,,,,Pz.III_N
uk_fv721_fox,36.0,50.0,0.0,0.0,1.0,2.0,618.0,62.73,0.01,0.02,1.86,1.82,0.0,,,,,,Fox
us_rdf_lt,33.0,50.0,0.0,0.0,1.44,0.67,1758.0,60.76,0.04,0.04,1.33,1.23,0.0,,,,,,RDF/LT
germ_thyssen_henschel_tam,37.0,50.0,0.0,0.0,1.09,2.18,729.0,42.92,0.0,0.0,1.77,1.34,0.0,,,,,,TAM
ussr_2s3m,36.0,17.65,0.0,0.0,1.65,1.86,236.0,34.39,0.08,0.12,1.11,1.05,0.0,,,,,,2S3M
uk_matilda_hedgehog,36.0,66.67,0.3,0.5,4.7,7.0,0.0,,,,,,0.0,,,,,,Matilda_Hedgehog
uk_a25_mk_8,33.0,,,0.0,,1.2,16.0,50.0,0.0,0.0,1.5,3.0,0.0,,,,,,Harry_Hopkins_I
fr_vcac_mephisto,32.0,50.0,0.0,0.0,1.0,1.0,237.0,50.05,0.0,0.0,2.21,1.77,0.0,,,,,,MEPHISTO
p-51_a-36,31.0,,,4.44,,1.13,55.0,36.84,0.55,0.53,2.61,2.95,0.0,,,,,,A-36
sw_stormpjas_fm43_44,33.0,,,0.0,,4.0,0.0,,,,,,0.0,,,,,,Spj_fm/43-44
ussr_2s25,31.0,,,0.0,,0.73,1139.0,54.28,0.0,0.0,1.51,1.38,0.0,,,,,,2S25
jp_type_74_c,35.0,100.0,0.0,0.0,2.0,1.0,304.0,61.64,0.0,0.0,2.93,2.03,0.0,,,,,,Type_74_(C)
ussr_m4a2_76w_sherman,32.0,100.0,0.0,0.0,3.7,5.0,142.0,80.87,0.0,0.0,4.99,5.52,0.0,,,,,,M4A2
it_semovente_m42_75_34,30.0,50.0,0.0,0.0,2.29,4.38,0.0,,,,,,0.0,,,,,,75/34_M42
uk_conqueror_mk_2,32.0,100.0,0.0,,3.0,,255.0,48.26,0.0,0.0,2.44,2.0,1.0,,,,,,Conqueror
sb_2m_103c,30.0,54.44,0.54,3.0,2.2,21.0,0.0,,,,,,0.0,,,,,,SB_2M-103
f-4m_fgr2,33.0,100.0,4.0,1.18,0.0,0.0,145.0,42.27,0.46,0.49,0.0,0.0,0.0,,,,,,Phantom_FGR.2
ki_61_1a_otsu_china,32.0,100.0,3.6,2.77,0.8,0.57,6.0,,,,,,0.0,,,,,,Ki-61-I_otsu_(China)
yak-38m,32.0,100.0,2.0,0.86,1.0,0.07,35.0,9.09,0.0,0.0,0.0,0.0,0.0,,,,,,Yak-38M
thunderbolt_mk1,31.0,100.0,1.0,0.97,7.3,5.1,62.0,89.4,0.0,0.0,1.95,1.87,0.0,,,,,,Thunderbolt_Mk.1
f_14a_iriaf,31.0,96.15,5.5,5.73,0.0,0.0,266.0,63.22,2.36,1.85,0.05,0.05,29.0,,,2.0,,0.0,F-14A_IRIAF
it_centauro_rgo_120,33.0,67.5,0.0,0.0,2.65,4.0,154.0,62.1,0.0,0.0,3.21,3.03,0.0,,,,,,Centauro_RGO
p-39n,30.0,100.0,4.41,4.91,0.94,1.0,38.0,50.0,2.0,4.0,0.5,0.87,0.0,,,,,,P-39N-0
wm_23,30.0,100.0,3.0,2.74,0.0,0.0,0.0,,,,,,0.0,,,,,,◔WM-23
fa_18a_raaf,31.0,75.0,1.75,1.5,0.0,0.0,47.0,0.0,1.44,1.4,0.0,0.0,23.0,,,,,,F/A-18A
a5m4,31.0,50.0,1.0,1.26,0.0,0.0,0.0,,,,,,0.0,,,,,,A5M4
sm_92,31.0,100.0,1.29,1.55,0.24,0.19,42.0,50.0,0.22,0.44,0.0,0.0,0.0,,,,,,SM.92
germ_wiesel_1_mk20,30.0,100.0,0.88,0.88,0.0,0.0,774.0,35.49,0.21,0.15,0.84,0.57,0.0,,,,,,Wiesel_1A4
il-10_1946_hungary,31.0,100.0,1.0,1.0,1.0,0.84,0.0,,,,,,0.0,,,,,,◔IL-10
spitfire_fr_mk14e_belgium,31.0,,,1.0,,0.0,6.0,,,0.0,,0.0,0.0,,,,,,Spitfire_FR_Mk_XIVe
spitfire_lf_mk9e_iaf,28.0,,,1.46,,0.46,30.0,50.0,1.0,1.0,1.5,1.5,0.0,,,,,,Spitfire_Mk.IX_(CW)_(Israel)
us_m4a3e2_sherman_jumbo,29.0,61.11,0.39,0.56,0.17,0.17,344.0,65.41,0.0,0.0,3.6,2.8,0.0,,,,,,M4A3E2
it_m36b1,30.0,,,0.0,,0.27,35.0,100.0,0.0,0.0,2.27,2.02,0.0,,,,,,M36B1
it_ab_43,32.0,100.0,0.0,0.0,4.95,4.95,19.0,0.0,0.0,0.0,3.0,2.18,0.0,,,,,,AB_43
fr_amx_13_90,31.0,98.25,0.0,0.0,3.21,2.33,73.0,60.19,0.0,0.0,2.45,4.19,0.0,,,,,,AMX-13-90
uk_challenger_2_megatron,27.0,0.0,0.0,0.0,6.46,4.0,702.0,64.31,0.0,0.0,2.52,1.93,0.0,,,,,,Challenger_2_OES
fr_m36b2_cefeo,30.0,100.0,0.0,0.0,2.8,2.8,102.0,48.39,0.0,0.0,1.43,1.85,0.0,,,,,,M36B2
fr_arl_44,30.0,100.0,0.0,0.0,1.7,1.7,250.0,60.22,0.0,0.0,2.82,1.67,0.0,,,,,,ARL-44
fr_m3a3_stuart,31.0,100.0,0.0,0.0,2.0,2.0,27.0,20.83,0.0,0.0,2.21,2.0,0.0,,,,,,M3A3_Stuart
mig-17_f5,32.0,100.0,2.0,1.83,0.0,0.0,55.0,100.0,3.15,4.04,2.24,2.89,0.0,,,,,,Shenyang_F-5
p-47d-28,30.0,100.0,1.93,1.52,9.0,6.37,73.0,53.33,0.97,1.16,1.12,1.16,22.0,0.0,2.0,2.0,0.0,0.0,P-47D-28
sea_harrier_fa2,30.0,0.0,1.0,1.0,0.0,0.0,69.0,50.0,0.0,0.0,0.0,0.0,0.0,,,,,,Sea_Harrier_FA_2
me-410a-1_u2,30.0,100.0,1.0,1.46,0.0,0.0,0.0,,,,,,0.0,,,,,,Me_410_A-1/U2
fr_amx_50,29.0,100.0,0.0,0.0,1.67,1.67,250.0,92.26,0.0,0.0,6.51,4.26,21.0,50.0,0.0,0.0,1.07,2.0,AMX-50_(TOA100)
spitfire_mk5b,28.0,100.0,3.3,3.3,1.0,1.0,20.0,,,,,,0.0,,,,,,Spitfire_Mk_Vb/trop
fr_amx_30_ACRA,28.0,,,0.0,,1.0,20.0,0.0,0.0,0.0,2.0,0.2,0.0,,,,,,AMX-30_ACRA
us_m36,30.0,58.77,0.0,0.0,1.02,1.42,243.0,49.44,0.0,0.0,2.66,3.02,0.0,,,,,,M36_GMC
er-2_m105_mv3,29.0,100.0,0.0,0.0,5.38,5.38,6.0,,,,,,0.0,,,,,,Yer-2_(M-105)
lagg-3-11,30.0,100.0,4.6,4.6,0.6,0.6,0.0,,,,,,0.0,,,,,,LaGG-3-11
a6m3_zero,27.0,,,4.5,,0.0,58.0,34.35,1.61,1.6,1.61,1.58,0.0,,,,,,A6M3
ussr_t_80,28.0,52.78,0.0,0.0,1.53,2.33,7.0,0.0,0.0,0.0,1.0,1.0,0.0,,,,,,T-80
il_centurion_shot_kal_alef,35.0,60.0,0.2,0.3,2.2,2.8,74.0,62.05,0.0,0.0,1.37,1.15,0.0,,,,,,Sho't_Kal_Alef
germ_flakpz_1a2_Gepard,28.0,100.0,1.0,1.2,0.0,0.2,873.0,38.81,0.74,0.62,0.46,0.39,0.0,,,,,,Gepard_1A2
sw_pvkv_iv,29.0,,,0.0,,1.0,20.0,,,0.0,,0.75,0.0,,,,,,Pvkv_IV
f4u-1a_usmc,27.0,57.69,1.54,2.74,0.0,0.0,10.0,,,,,,0.0,,,,,,F4U-1A_(USMC)
us_m44,26.0,50.0,0.0,0.0,0.68,1.36,97.0,35.48,0.0,0.0,2.66,1.43,0.0,,,,,,M44
ussr_t_60_1941,28.0,100.0,0.0,0.0,1.0,1.0,0.0,,,,,,0.0,,,,,,T-60
fr_m4a3_105_sherman,29.0,100.0,0.0,0.0,1.0,1.0,26.0,,,0.0,,1.51,0.0,,,,,,M4A3_(105)
uk_a_34_comet,30.0,100.0,0.0,0.0,2.0,1.0,70.0,70.14,0.0,0.0,3.05,4.72,0.0,,,,,,Comet_I
sw_strv_m42_eh,29.0,43.1,0.0,0.0,1.14,2.0,16.0,0.0,0.0,0.0,1.67,0.5,0.0,,,,,,Strv_m/42_EH
jp_type_95_so_ki,29.0,0.0,1.0,1.0,0.0,0.0,74.0,100.0,1.56,1.44,0.0,0.0,0.0,,,,,,So-Ki
sw_strv_103a,31.0,0.0,0.0,0.0,1.0,0.86,176.0,64.9,0.0,0.0,2.79,1.67,0.0,,,,,,Strv_103A
ki_32,29.0,,,0.0,,4.84,0.0,,,,,,0.0,,,,,,Ki-32
germ_pzkpfw_III_ausf_M,29.0,100.0,0.0,0.0,3.6,2.42,59.0,100.0,0.0,0.0,10.0,1.64,0.0,,,,,,Pz.III_M
i-153_m62_zhukovskiy,27.0,92.59,2.97,3.19,0.07,0.11,0.0,,,,,,0.0,,,,,,Zhukovsky's_I-153-M62
us_m24_chaffee,32.0,90.0,0.1,0.13,3.52,5.27,473.0,64.73,0.0,0.0,3.5,2.07,0.0,,,,,,M24
ussr_object_120,28.0,,,0.0,,1.42,45.0,,,0.0,,1.73,15.0,,,,,,Object_120
us_m1a2_sep_abrams,31.0,57.41,0.0,0.0,1.22,2.83,1724.0,60.62,0.0,0.0,1.7,1.55,5.0,,,,,,M1A2_SEP
hurricane_mk1c,26.0,100.0,2.4,2.16,1.0,0.21,0.0,,,,,,0.0,,,,,,Sea_Hurricane_Mk_IC
spitfiremkii,26.0,100.0,2.4,2.4,0.0,0.0,9.0,,,1.0,,1.0,0.0,,,,,,Spitfire_Mk_IIb
jp_type_16_mod,31.0,50.0,0.0,0.0,0.5,0.34,491.0,60.63,0.0,0.0,2.23,1.6,0.0,,,,,,Type_16_(FPS)
cn_plz_05,26.0,50.0,0.0,0.0,0.62,0.62,167.0,92.26,0.0,0.0,5.98,1.9,0.0,,,,,,PLZ05
mig_29smt_9_19,25.0,100.0,4.6,4.37,0.0,0.0,169.0,44.32,1.69,1.48,0.17,0.1,0.0,,,,,,MiG-29SMT
ussr_object_292,26.0,100.0,0.0,0.0,4.33,4.33,827.0,54.4,0.0,0.0,2.58,2.25,0.0,,,,,,Object_292
firebrand_tf4,26.0,100.0,1.4,1.11,2.6,1.61,42.0,,,0.0,,1.33,0.0,,,,,,Firebrand_TF_Mk_IV
ussr_is_1_kit_3rank,27.0,100.0,0.0,0.0,1.0,1.1,76.0,32.8,0.0,0.0,1.09,0.98,0.0,,,,,,ИС-1_('45)
it_fiat_6616_cockerill,26.0,50.0,0.0,0.0,1.0,1.17,288.0,52.31,0.0,0.0,1.19,0.95,0.0,,,,,,AUBL/74
p-47d_23_ra_china_rocaf,27.0,,,1.53,,0.0,20.0,100.0,1.0,1.43,2.57,3.43,0.0,,,,,,P-47D-23-RA_(China)
he_112b_0,27.0,,,1.56,,0.3,11.0,,,,,,0.0,,,,,,He_112_B-0
cn_wz_1001,25.0,38.46,0.0,0.0,2.08,2.54,93.0,49.65,0.0,0.0,4.6,2.56,0.0,,,,,,WZ1001(E)_LCT
sw_strv_101,29.0,100.0,0.0,0.0,1.61,1.0,319.0,42.57,0.0,0.0,1.52,1.34,0.0,,,,,,Strv_101
p-51d-5,28.0,,,0.88,,0.62,20.0,19.23,0.0,0.0,0.0,0.0,0.0,,,,,,P-51D-5
saab_a21a_3,28.0,,,1.8,,0.0,106.0,25.56,1.27,0.59,1.35,0.8,0.0,,,,,,A21A-3
it_m18_hellcat,26.0,,,0.0,,1.29,207.0,59.91,0.0,0.0,2.57,2.52,0.0,,,,,,M18
yak-1b_luftwaffe,23.0,100.0,5.4,3.0,1.0,0.6,23.0,,,0.0,,0.0,0.0,,,,,,Yak-1B
us_m4a3e2_sherman_jumbo_cobra_king,29.0,100.0,0.0,0.0,3.0,3.33,213.0,60.19,0.0,0.0,3.09,3.08,0.0,,,,,,Cobra_King
mig_23mld,25.0,,,2.31,,0.0,36.0,55.0,1.59,3.25,0.0,0.0,51.0,0.0,8.13,3.55,0.0,0.0,MiG-23MLD
jp_type_5_chi_ri,26.0,100.0,0.0,0.0,2.82,1.62,243.0,57.07,0.0,0.0,2.81,2.29,19.0,0.0,0.0,0.0,1.0,1.0,Chi-Ri_II
it_breda_52_autocannone,26.0,100.0,0.0,0.0,6.0,4.85,101.0,60.43,0.0,0.0,2.66,1.88,0.0,,,,,,Breda_90/53
germ_leopard_2a7v,28.0,61.11,0.0,0.0,2.78,3.28,2273.0,49.97,0.0,0.0,2.36,1.88,0.0,,,,,,Leopard_2A7V
fr_amx_32,25.0,52.5,0.0,0.0,2.6,2.08,436.0,61.9,0.0,0.0,2.46,2.53,0.0,,,,,,AMX-32
ki_61_1a_hei,28.0,0.0,2.0,1.88,0.0,0.0,33.0,50.0,1.25,2.5,0.28,0.56,0.0,,,,,,Ki-61-I_hei
uk_centurion_mk_1,25.0,100.0,0.0,0.0,2.8,2.8,267.0,46.79,0.0,0.0,2.15,1.93,0.0,,,,,,Centurion_Mk_1
jp_m36b2_jgsdf,26.0,,,0.0,,1.82,486.0,59.83,0.0,0.0,1.93,1.79,0.0,,,,,,M36
ussr_t_72m2_moderna,28.0,50.0,0.0,0.0,1.39,2.79,340.0,55.55,0.0,0.0,2.52,2.38,0.0,,,,,,T-72M2_Moderna
us_t26e5,31.0,75.0,0.1,0.3,2.25,3.8,1099.0,64.39,0.0,0.0,4.24,3.34,0.0,,,,,,T26E5
xp-50,27.0,100.0,2.9,1.59,0.0,0.0,93.0,49.09,0.46,0.37,0.45,0.34,23.0,,,1.39,,0.0,XP-50
su-7b,27.0,,,0.0,,0.36,34.0,21.43,0.55,0.38,0.43,0.28,0.0,,,,,,Su-7B
su-7bkl,27.0,,,0.48,,0.75,85.0,0.0,0.26,0.17,0.79,0.6,0.0,,,,,,Su-7BKL
it_sherman_vc_firefly,25.0,100.0,0.0,0.0,1.05,1.0,5.0,,,0.0,,1.33,0.0,,,,,,Sherman_Vc
mig_29_9_12,26.0,50.0,0.5,0.5,0.0,0.0,26.0,100.0,1.0,0.88,1.0,0.88,8.0,,,1.0,,0.0,МиГ-29_(9-12)
sw_lago_1,26.0,100.0,0.0,,1.27,,43.0,50.0,0.0,0.0,1.5,1.48,0.0,,,,,,Lago_I
fr_arl_44_acl1,26.0,,,0.0,,0.0,70.0,,,0.0,,1.87,0.0,,,,,,ARL-44_(ACL-1)
cn_ztz_96a_prot,26.0,,,0.0,,1.0,355.0,56.1,0.0,0.0,2.93,1.71,10.0,100.0,0.0,0.0,1.67,1.0,ZTZ96A_(P)
f-4s,26.0,,,2.04,,0.0,429.0,47.65,1.1,1.25,0.04,0.05,5.0,,,1.0,,0.0,F-4S_Phantom_II
ussr_t_35,25.0,,,,,,0.0,,,,,,0.0,,,,,,T-35
a-20g,24.0,100.0,1.0,0.82,4.56,4.5,10.0,50.0,1.5,1.5,9.5,9.5,0.0,,,,,,A-20G-25
germ_pzkpfw_III_ausf_B,25.0,100.0,0.0,,2.48,,9.0,,,0.0,,0.44,0.0,,,,,,Pz.III_B
us_mk1_grant,23.0,73.33,0.0,0.0,2.73,6.75,0.0,,,,,,0.0,,,,,,Grant_I
sw_pbil_m40,22.0,100.0,0.0,0.0,5.0,2.76,2.0,,,0.0,,1.0,0.0,,,,,,Pbil_m/40
pe-3_early,25.0,100.0,1.05,1.05,2.26,2.23,0.0,,,,,,0.0,,,,,,Pe-3_(e)
us_t86,25.0,,,0.0,,3.31,67.0,90.28,0.0,0.0,2.43,1.95,0.0,,,,,,T86
uk_rooikat_za_35,23.0,,,1.0,,1.0,172.0,45.91,0.05,0.05,2.73,1.91,0.0,,,,,,ZA-35
germ_leopard_2a4m_can,25.0,,,,,,2135.0,42.61,0.0,0.0,1.5,1.17,0.0,,,,,,Leopard_2A4M
cn_type_69_2g,27.0,,,0.0,,1.0,73.0,80.77,0.0,0.0,4.53,2.16,0.0,,,,,,T-69_II_G
saab_a21rb,26.0,,,1.0,,0.4,42.0,63.54,0.98,0.88,0.44,0.63,0.0,,,,,,A21RB
cn_t_62,27.0,,,,,,25.0,,,,,,0.0,,,,,,Т-62_№545
fr_amx_30_super,22.0,100.0,0.0,0.0,4.11,1.76,549.0,52.71,0.0,0.0,4.73,2.48,0.0,,,,,,AMX-30_Super
germ_leopard_2a5_pso,23.0,53.03,0.0,0.0,0.85,1.42,1123.0,50.55,0.0,0.0,1.68,1.52,0.0,,,,,,Leopard_2_PSO
it_of_40_mk_1,26.0,0.0,0.0,0.0,1.0,1.0,187.0,75.06,0.0,0.0,4.14,2.84,0.0,,,,,,OF-40
la-9_china,24.0,,,1.42,,0.0,12.0,,,,,,0.0,,,,,,La-9_(China)
jp_type_61,23.0,50.0,0.0,0.0,1.0,1.58,418.0,58.07,0.0,0.0,1.84,1.57,0.0,,,,,,Type_61
jp_type_3_chi_nu,25.0,50.0,0.0,0.0,1.5,1.5,114.0,100.0,0.0,0.0,6.0,1.43,0.0,,,,,,Chi-Nu
pe-2-110,25.0,,,0.0,,2.48,0.0,,,,,,0.0,,,,,,Pe-2-110
germ_boxer_3105,26.0,80.77,0.0,0.0,2.62,2.62,79.0,10.87,0.0,0.0,2.33,1.98,0.0,,,,,,Boxer_MGS
lagg-3-66,23.0,100.0,6.0,6.0,4.0,4.0,0.0,,,,,,0.0,,,,,,LaGG-3-66
germ_ru251,23.0,100.0,0.0,0.0,7.0,4.67,302.0,48.43,0.0,0.0,3.74,2.5,0.0,,,,,,Ru_251
cn_t_26_1940,24.0,100.0,0.28,,5.61,,16.0,,,0.0,,0.0,0.0,,,,,,T-26_(China)
ki_10_1,23.0,,,,,,0.0,,,,,,0.0,,,,,,Ki-10-I
f-5c,24.0,,,,,,195.0,40.05,1.13,1.2,0.35,0.35,0.0,,,,,,F-5C
su_25,24.0,100.0,1.44,1.11,1.39,1.03,274.0,43.39,0.78,0.9,1.45,1.69,4.0,,,0.0,,0.0,Su-25
ussr_kv_2_1940,23.0,100.0,0.67,0.17,7.0,3.78,0.0,,,,,,0.0,,,,,,KV-2_(1940)
mig_3_series_1_15_bk_pod,21.0,100.0,3.78,1.89,0.0,0.0,0.0,,,,,,0.0,,,,,,MiG-3-15_(BK)
sm_79_1943_italy,24.0,100.0,0.0,0.0,1.0,1.0,0.0,,,,,,0.0,,,,,,S.M.79_bis/T.M
ju-87d-3_italy,24.0,,,,,,0.0,,,,,,0.0,,,,,,Ju_87_D-3
il_magach_6b,26.0,,,0.0,,1.14,23.0,54.76,0.0,0.0,2.61,4.86,0.0,,,,,,Magach_6B
f-82e,25.0,100.0,1.0,1.2,0.0,0.0,66.0,80.77,0.77,0.62,0.85,1.0,0.0,,,,,,F-82E
ki_61_1a_otsu,24.0,16.67,2.5,1.65,0.83,0.55,8.0,,,,,,19.0,,,0.0,,1.0,Ki-61-I_otsu
er-2_m105r_lu2b,24.0,,,0.0,,1.82,0.0,,,,,,0.0,,,,,,Yer-2_(M-105R)_LU
p-400,24.0,0.0,3.0,2.92,0.0,0.0,3.0,0.0,0.0,0.0,2.0,2.0,0.0,,,,,,P-400
cn_m55,25.0,0.0,0.0,0.0,1.67,1.67,13.0,,,,,,0.0,,,,,,M55_(China)
jp_type_10_prototype,23.0,,,0.0,,1.0,706.0,55.45,0.0,0.0,1.97,1.63,0.0,,,,,,TKX_(P)
re_2002_early,23.0,,,1.91,,0.0,17.0,0.0,0.0,0.0,1.0,0.85,0.0,,,,,,Re.2002_Early
us_m1128_mgs,23.0,,,0.0,,1.0,502.0,49.87,0.0,0.0,1.59,1.32,0.0,,,,,,M1128
sw_a_34_comet,22.0,,,0.0,,2.0,81.0,20.69,0.0,0.0,1.42,1.18,0.0,,,,,,Comet_I
cn_type_63_I,24.0,100.0,0.0,0.0,1.96,1.96,94.0,41.67,0.0,0.0,1.0,0.48,0.0,,,,,,Type_63-I
tornado_f3_late,23.0,40.0,0.6,1.0,0.0,0.0,0.0,,,,,,0.0,,,,,,Tornado_F.3_Late
fr_amx_10rc,24.0,,,0.0,,1.0,82.0,57.58,0.0,0.0,2.25,1.64,0.0,,,,,,AMX-10RC
il_aml_90,22.0,,,0.0,,0.0,66.0,66.67,0.0,0.0,1.37,0.79,0.0,,,,,,AML-90_(Israel)
fr_somua_s35,24.0,,,0.0,,3.0,19.0,,,0.0,,1.0,0.0,,,,,,S.35
f-84b,24.0,100.0,4.54,2.5,17.08,9.5,16.0,83.33,0.17,0.5,1.0,1.3,3.0,,,,,,F-84B-26
tandem_mai,24.0,100.0,1.0,1.0,3.04,3.6,0.0,,,,,,0.0,,,,,,Tandem_MAI
uk_t_90s_bheeshma,23.0,100.0,0.0,0.0,4.25,4.25,148.0,87.35,0.0,0.0,5.92,2.89,0.0,,,,,,Bhishma_TWMP
cn_m8_greyhound,24.0,100.0,0.0,,1.58,,68.0,83.33,0.0,0.0,5.61,3.0,0.0,,,,,,M8_LAC_(China)
lagg-i-301,21.0,,,,,,0.0,,,,,,0.0,,,,,,I-301
uk_a_22b_mk_3_churchill_1942,24.0,,,0.0,,1.3,41.0,50.0,0.0,0.0,1.65,1.65,0.0,,,,,,Churchill_III
sw_strf_90b,22.0,,,,,,302.0,53.55,0.09,0.09,2.08,1.68,0.0,,,,,,Strf_9040B
mig_29m_9_15,28.0,50.0,2.32,2.08,0.43,0.38,306.0,42.03,0.56,0.58,0.28,0.3,10.0,,,1.0,,1.0,МиГ-29М_(9-15)
p-47d,22.0,36.36,1.0,1.0,2.32,2.32,86.0,65.34,0.23,0.25,0.57,0.58,5.0,,,,,,P-47D-25
sw_strv_104,23.0,,,0.0,,1.0,327.0,53.63,0.0,0.0,2.09,1.65,0.0,,,,,,Strv_104
a6m5hei,23.0,,,1.0,,0.0,0.0,,,,,,0.0,,,,,,A6M5_Hei
f-4jk,23.0,75.0,1.5,1.43,0.0,0.0,44.0,6.67,1.0,0.71,0.06,0.06,0.0,,,,,,F-4J(UK)_Phantom_II
mig_3_series_34,24.0,100.0,2.86,3.0,1.0,0.25,0.0,,,,,,0.0,,,,,,MiG-3-34
av_8b_plus,23.0,0.0,1.0,1.0,0.0,0.0,12.0,50.0,0.33,0.08,0.67,0.97,8.0,,,1.0,,0.0,AV-8B_Plus
f-86f-25,25.0,,,0.5,,0.0,52.0,25.0,1.67,1.23,1.58,1.42,0.0,,,,,,F-86F-25
sw_strv_81,24.0,100.0,0.0,0.0,0.87,0.87,242.0,42.94,0.0,0.0,0.96,1.05,0.0,,,,,,Strv_81
su-2_m82,23.0,100.0,2.63,2.94,3.89,3.88,0.0,,,,,,0.0,,,,,,Su-2_(M-82)
ussr_t_34_85_zis_53_kit_3rank,21.0,100.0,0.0,0.0,5.61,5.61,122.0,28.49,0.0,0.0,1.61,1.59,0.0,,,,,,Т-34-85_('45)
j1n1_mod11_early,23.0,100.0,1.53,1.56,2.0,2.0,13.0,100.0,0.0,0.0,0.0,0.0,0.0,,,,,,J1N1
l_39za,23.0,,,1.44,,2.44,16.0,100.0,0.0,0.0,1.2,0.5,0.0,,,,,,L-39ZA_Albatros
i-153p,21.0,,,2.0,,0.0,36.0,100.0,5.96,,0.19,,0.0,,,,,,I-153P
he_112v_5,23.0,,,2.57,,0.0,0.0,,,,,,0.0,,,,,,He_112_V-5
he51b1,23.0,,,2.73,,0.0,0.0,,,,,,0.0,,,,,,He_51_B-1
yak-17,23.0,,,1.59,,0.0,15.0,,,,,,0.0,,,,,,Yak-17
uk_centurion_mk_10,24.0,50.0,0.0,0.0,2.46,2.46,181.0,27.58,0.0,0.0,1.5,1.2,0.0,,,,,,Centurion_Mk_10
yak-3u,24.0,10.42,1.28,1.7,0.0,0.0,117.0,96.54,4.95,6.14,0.97,1.16,0.0,,,,,,Yak-3U
p-47d_22_re,20.0,100.0,2.0,2.0,5.0,5.0,41.0,95.4,0.37,0.34,0.37,0.32,0.0,,,,,,P-47D-22-RE
il_magach_6_rocket,25.0,38.89,0.0,0.0,2.11,1.47,94.0,80.77,0.0,0.0,6.03,2.95,0.0,,,,,,Magach_Hydra
ki_44_2_hei_china,19.0,100.0,3.0,3.18,1.0,0.18,19.0,100.0,2.81,3.0,0.91,0.33,0.0,,,,,,Ki-44-II_hei_(China)
ussr_btr_152d,23.0,87.5,0.75,2.0,0.0,0.0,239.0,13.4,0.52,0.29,0.03,0.02,0.0,,,,,,BTR-152D
spitfire_mk5b_notrop,21.0,100.0,2.2,2.2,0.0,0.0,0.0,,,,,,8.0,,,2.0,,0.0,Spitfire_Mk_Vb
germ_leopard_2a4,22.0,,,0.0,,0.55,1341.0,46.19,0.0,0.0,1.59,1.32,16.0,50.0,0.0,0.0,0.63,1.2,Leopard_2A4
tornado_f3,22.0,100.0,0.83,0.83,0.0,0.0,18.0,,,,,,27.0,,,1.0,,0.0,Tornado_F.3
sw_ikv_73,22.0,100.0,0.0,0.0,5.0,4.6,1.0,,,0.0,,1.0,0.0,,,,,,Ikv_73
germ_panzerjager_tiger_P_elefant,23.0,100.0,0.0,0.0,7.85,8.75,8.0,,,0.0,,2.0,0.0,,,,,,Elefant
su-2_mv5,21.0,100.0,1.0,0.9,3.37,3.33,23.0,,,,,,0.0,,,,,,Su-2_MV-5
yak-3p,21.0,100.0,4.95,4.73,0.0,0.0,147.0,71.73,5.98,7.45,2.99,3.97,32.0,100.0,2.0,1.74,0.0,0.0,Yak-3P
a6m2_mod11,20.0,,,,,,39.0,95.45,0.7,0.9,0.76,0.95,0.0,,,,,,A6M2_mod._11
bf-109g-2,21.0,56.25,2.8,3.55,0.55,0.74,30.0,100.0,2.0,1.0,0.0,1.0,0.0,,,,,,Bf_109_G-2/trop
germ_pzkpfw_III_ausf_J,20.0,,,,,,26.0,,,0.0,,2.65,0.0,,,,,,Pz.III_J1
il_centurion_shot_kal_gimel,20.0,100.0,0.0,0.0,2.79,2.79,75.0,69.3,0.0,0.0,2.07,1.99,0.0,,,,,,Sho't_Kal_Gimel
gladiator_j8a,21.0,,,1.0,,0.0,0.0,,,,,,0.0,,,,,,J8A
a6m2_zero,20.0,100.0,2.25,2.25,0.0,0.0,3.0,,,1.0,,1.0,8.0,,,,,,A6M2
il_magach_6b_gal_batash,20.0,0.0,0.0,0.0,2.0,1.63,49.0,50.0,0.0,0.0,2.9,1.96,0.0,,,,,,Gal_Batash
f-104c,16.0,53.33,1.54,1.67,0.0,0.0,0.0,,,,,,0.0,,,,,,F-104C
ussr_zsu_23_4m2,21.0,88.46,0.88,1.0,0.0,0.0,76.0,13.44,0.95,1.18,0.07,0.12,0.0,,,,,,ЗСУ-23-4М2
mosquito_fb_mk6_norway,23.0,50.0,1.25,1.42,0.25,0.05,32.0,53.33,0.22,0.4,2.17,3.68,0.0,,,,,,◢Mosquito_FB.Mk.VI
jp_st_a2,20.0,62.5,0.0,0.0,1.93,3.1,94.0,95.65,0.0,0.0,5.6,2.77,0.0,,,,,,ST-A2
ussr_object_775,20.0,,,,,,419.0,56.39,0.0,0.0,2.44,1.78,0.0,,,,,,Object_775
f2a-3,22.0,,,1.0,,0.0,0.0,,,,,,0.0,,,,,,F2A-3
fr_amx_40,20.0,65.0,0.0,0.0,1.25,1.45,282.0,59.7,0.0,0.0,2.19,1.4,0.0,,,,,,AMX-40
mig_21_bis_finland,20.0,50.0,0.5,1.0,0.0,0.0,30.0,100.0,3.7,,0.0,,0.0,,,,,,MiG-21bis
cn_pgz_88,21.0,,,,,,234.0,65.95,0.68,0.47,2.44,1.67,0.0,,,,,,PGZ88
saab_ajs37,20.0,,,0.0,,0.0,58.0,100.0,0.57,0.64,3.0,3.25,0.0,,,,,,AJS37
saab_ja37,20.0,50.0,0.0,0.0,0.0,0.0,377.0,55.35,1.71,1.8,0.0,0.0,17.0,,,0.88,,0.0,JA37C
saab_j35d,20.0,,,0.0,,0.0,34.0,50.4,1.21,2.28,0.46,0.89,0.0,,,,,,J35D
us_m8a1,21.0,100.0,0.0,0.0,9.0,9.0,14.0,,,0.0,,3.0,0.0,,,,,,M8A1_GMC
germ_pzkpfw_38t_ausf_F,21.0,,,,,,0.0,,,,,,0.0,,,,,,Pz.38(t)_F
firefly_mk1,19.0,100.0,1.3,0.87,5.5,4.73,21.0,,,0.05,,2.35,0.0,,,,,,Firefly_F_Mk_I
jp_type_4_ho_ro,21.0,,,,,,14.0,,,0.0,,0.14,0.0,,,,,,Ho-Ro
jp_type_94,21.0,,,,,,19.0,,,,,,0.0,,,,,,Type_94
sea_fury_fb11,19.0,100.0,3.0,2.58,0.0,0.0,31.0,94.83,1.14,1.26,0.0,0.0,0.0,,,,,,Sea_Fury_FB_11
uk_a_22_mk_1_churchill_1941,21.0,100.0,1.0,1.0,1.0,1.0,0.0,,,,,,0.0,,,,,,Churchill_I
uk_a_13_mk2_1939,21.0,100.0,0.0,0.0,11.0,11.0,0.0,,,,,,0.0,,,,,,A13_Mk_II_1939
ussr_kv_122,19.0,100.0,0.0,0.0,1.75,2.0,53.0,50.0,0.0,0.0,4.0,3.15,0.0,,,,,,KV-122
cn_type_64,20.0,,,0.0,,2.2,62.0,49.24,0.0,0.0,4.26,4.13,0.0,,,,,,M64
saab_j21a_1,20.0,,,1.0,,0.0,38.0,,,1.0,,0.31,0.0,,,,,,J21A-1
mb_157,20.0,8.82,1.29,1.44,0.0,0.0,113.0,76.35,2.56,7.08,0.35,0.97,0.0,,,,,,M.B.157
f9f-8,22.0,,,0.92,,0.0,253.0,53.55,0.85,0.71,0.44,0.35,0.0,,,,,,F9F-8
f-4k,20.0,,,0.83,,0.0,0.0,,,,,,0.0,,,,,,Phantom_FG.1
jp_type_5_na_to,22.0,50.0,0.0,0.0,0.5,1.42,71.0,100.0,0.0,0.0,7.0,2.24,0.0,,,,,,Na-To
vb_10c1,20.0,8.82,1.38,1.38,0.0,0.0,35.0,100.0,1.22,1.5,0.04,1.0,0.0,,,,,,VB.10C-1
beaufighter_mk21,18.0,100.0,0.46,0.61,5.62,5.94,24.0,,,0.0,,1.0,0.0,,,,,,Beaufighter_Mk_21
uk_9a35_m,20.0,0.0,3.7,,2.7,,14.0,,,,,,0.0,,,,,,Стрела-10М
jp_sub_i_ii_20mm,18.0,100.0,2.0,,3.0,,869.0,74.76,0.34,0.3,1.02,0.86,0.0,,,,,,SUB-I-II
cr_32,20.0,,,1.95,,1.95,0.0,,,,,,0.0,,,,,,CR.32
su_22um3k,16.0,93.33,0.94,0.27,4.54,2.77,14.0,50.0,0.0,0.0,2.5,2.5,0.0,,,,,,◊Su-22UM3K
il_2_37_1943,19.0,,,1.0,,1.0,0.0,,,,,,0.0,,,,,,IL-2-37
bf-109f-4_hungary,18.0,,,5.28,,0.0,22.0,50.0,0.5,1.0,1.0,2.0,0.0,,,,,,◐Bf_109_F-4
sw_leopard_2a6nl,19.0,100.0,0.0,,2.0,,83.0,50.38,0.0,0.0,2.48,2.59,0.0,,,,,,Leopard_2A6
he_100d_1,19.0,,,,,,0.0,,,,,,0.0,,,,,,He_100_D-1
bf-109e-4,17.0,,,,,,7.0,,,,,,0.0,,,,,,Bf_109_E-4
bf-109b_2,19.0,,,2.05,,0.0,0.0,,,,,,0.0,,,,,,Bf_109_B-1
sw_leopard_1a5no,20.0,100.0,0.0,0.0,2.63,2.63,518.0,42.92,0.0,0.0,1.55,1.29,0.0,,,,,,Leopard_1A5NO2
us_xm_975_roland,18.0,0.0,2.0,2.0,0.0,0.0,55.0,89.58,0.0,0.0,0.0,0.0,0.0,,,,,,XM975
fr_amd_35_kwk39,20.0,,,0.0,,1.0,50.0,100.0,0.0,0.0,5.0,2.96,0.0,,,,,,AMD.35_(PaK)
yak-30d,22.0,100.0,5.67,2.96,2.0,0.21,0.0,,,,,,0.0,,,,,,Yak-30D
it_freccia,20.0,100.0,0.0,0.0,1.0,1.0,71.0,80.0,0.0,0.0,1.37,1.27,15.0,,,0.0,,1.0,Freccia
it_zsu_57_2,18.0,50.0,0.0,0.0,1.5,0.95,68.0,71.74,0.04,0.03,3.53,2.42,0.0,,,,,,◔ZSU-57-2
fr_amx_30_b2_brenus,20.0,100.0,0.0,0.0,1.0,1.38,228.0,62.34,0.0,0.0,2.3,1.53,0.0,,,,,,AMX-30B2_BRENUS
mosquito_j30_sweden,19.0,,,1.0,,0.0,38.0,50.0,1.0,0.75,1.5,1.0,0.0,,,,,,Mosquito_J30
fr_crusader_mk_2,20.0,50.0,0.0,0.0,1.0,1.4,10.0,,,0.0,,1.3,0.0,,,,,,Crusader_Mk.II
p-63a-5,19.0,,,1.0,,0.0,26.0,,,0.92,,0.36,0.0,,,,,,P-63A-5
a7m1,19.0,,,1.32,,0.0,93.0,73.77,2.42,2.83,1.52,1.87,0.0,,,,,,A7M1_(NK9H)
sw_bt_42,19.0,57.89,0.0,0.0,1.11,1.11,29.0,50.0,0.0,0.0,2.0,1.86,0.0,,,,,,BT-42
fr_leopard_2a5nl,18.0,70.0,0.0,0.0,1.0,1.0,36.0,100.0,0.0,0.0,6.67,3.21,0.0,,,,,,Leopard_2A5NL
mig-21_smt,19.0,100.0,1.0,1.0,0.0,0.0,176.0,78.47,4.15,5.45,0.45,0.59,0.0,,,,,,MiG-21SMT
germ_marder_1a3,21.0,0.0,0.0,0.0,1.0,0.45,245.0,29.77,0.0,0.0,0.98,0.84,0.0,,,,,,Marder_1A3
su_33,17.0,,,0.0,,0.0,379.0,42.52,1.06,0.86,0.0,0.0,16.0,,,0.81,,0.0,Су-33
germ_pzkpfw_35t,17.0,100.0,0.0,0.0,4.93,5.0,23.0,,,0.0,,1.0,0.0,,,,,,Pz.35(t)
l_39za_art_thailand,20.0,,,2.0,,0.2,1311.0,80.66,0.25,0.32,4.45,5.48,0.0,,,,,,L-39ZA/ART_Albatros
fokker_d23,19.0,,,2.32,,0.0,0.0,,,,,,0.0,,,,,,◗Fokker_D.XXIII
f-84g_thailand,19.0,,,,,,40.0,96.67,0.03,0.05,1.3,1.35,0.0,,,,,,F-84G-21-RE
il_merkava_mk_1,17.0,50.0,0.0,0.0,3.25,2.34,118.0,47.44,0.0,0.0,2.63,2.24,0.0,,,,,,Merkava_Mk.1
sw_strf_9056,18.0,,,0.0,,1.0,161.0,29.78,0.22,0.15,1.34,0.97,0.0,,,,,,Strf_9040_BILL
b_239_finland,20.0,50.0,1.0,1.2,0.0,0.0,27.0,87.5,1.75,1.75,1.75,1.75,0.0,,,,,,B-239
us_xm_8,18.0,100.0,0.0,0.0,3.0,2.83,41.0,100.0,0.0,0.0,4.69,2.35,0.0,,,,,,XM8
pe-8_m82,19.0,,,0.0,,1.4,10.0,,,,,,0.0,,,,,,Pe-8
ussr_su_85_1943,22.0,85.0,0.0,0.0,3.2,3.5,47.0,0.0,0.0,0.0,3.33,2.98,0.0,,,,,,SU-85
uk_a30_sp_avenger_kit_3rank,18.0,,,0.0,,1.75,135.0,98.81,0.0,0.0,4.43,2.23,0.0,,,,,,Avenger_(Overlord)
me-410b-1_u2,19.0,87.5,0.88,0.67,0.67,0.7,0.0,,,,,,0.0,,,,,,Me_410_B-1/U2
ussr_t_34_1941_l_11,19.0,,,0.0,,3.0,137.0,16.67,0.0,0.0,2.99,1.2,0.0,,,,,,T-34_(1940)
sb_2m_105,18.0,100.0,0.0,0.0,3.0,2.33,0.0,,,,,,0.0,,,,,,SB_2M-105
p-38l_1_china_rocaf,18.0,,,1.22,,0.0,76.0,88.17,3.85,3.44,0.11,1.0,0.0,,,,,,P-38L-1_(China)
n1k1_ja,18.0,,,,,,2.0,,,,,,0.0,,,,,,N1K1-Ja
p-51d-20-na_j26,20.0,50.0,0.75,1.14,0.0,0.07,25.0,,,1.05,,0.0,0.0,,,,,,J26
p-38l,17.0,50.0,0.5,0.8,0.0,0.0,6.0,100.0,2.0,2.0,0.0,0.0,0.0,,,,,,P-38L-5-LO
saab_t18b_2,19.0,,,0.16,,0.37,0.0,,,,,,0.0,,,,,,T18B_(57)
ussr_buk_m3_fcs,18.0,,,,,,102.0,66.13,1.38,0.55,0.0,0.0,0.0,,,,,,"9К317М_""БУК-М3""_(СОЦ)"
ki_100_2,19.0,,,0.32,,0.0,90.0,59.76,0.53,0.58,2.24,2.27,0.0,,,,,,Ki-100-II
i-16_type28,17.0,,,4.0,,1.0,0.0,,,,,,0.0,,,,,,I-16_type_28
it_c1_ariete,17.0,100.0,0.0,0.0,3.0,3.0,89.0,50.0,0.0,0.0,2.94,1.66,0.0,,,,,,Ariete
sw_strv_m31,17.0,100.0,0.0,0.0,1.3,4.71,5.0,50.0,0.0,0.0,1.0,2.0,0.0,,,,,,Strv_m/31
p-40f-5_france_ep,17.0,,,2.06,,0.53,0.0,,,,,,0.0,,,,,,P-40F-5_Lafayette
jp_type_98_ke_ni,14.0,100.0,0.0,0.0,4.64,7.29,36.0,50.0,0.0,0.0,1.08,3.97,0.0,,,,,,Ke-Ni
us_m18_hellcat_black_cat,21.0,91.67,0.08,0.3,3.99,4.3,1306.0,78.25,0.0,0.0,2.87,2.57,0.0,,,,,,"M18_""Black_Cat"""
cn_wz_305,18.0,,,3.0,,1.0,289.0,62.19,0.55,0.5,1.53,1.38,13.0,,,0.0,,1.88,WZ305
uk_m3_stuart,17.0,,,0.0,,2.0,1.0,,,0.0,,0.0,0.0,,,,,,Stuart_I
it_c1_ariete_pso,17.0,,,,,,139.0,53.45,0.0,0.0,2.51,1.87,0.0,,,,,,Ariete_PSO
it_m14_41_47_40,16.0,,,0.0,,1.88,0.0,,,,,,0.0,,,,,,M14/41_(47/40)
germ_9a35_m,18.0,0.0,2.0,1.83,0.0,0.0,34.0,0.0,1.0,0.81,0.0,0.0,0.0,,,,,,Стрела-10М
it_otobreda_sidam_25_mistral,17.0,,,,,,3.0,,,,,,0.0,,,,,,SIDAM_25_(Mistral)
ms_410c1,17.0,,,,,,0.0,,,,,,0.0,,,,,,M.S.410
f8f1b,18.0,,,1.41,,0.0,864.0,80.12,0.65,0.62,2.19,2.08,0.0,,,,,,F8F-1B
uk_crusader_mk_2_the_saint,17.0,,,,,,4.0,,,0.0,,2.0,0.0,,,,,,"Crusader_""The_Saint"""
it_pzkpfw_IV_ausf_G,19.0,100.0,0.0,0.0,2.31,2.63,23.0,100.0,0.0,0.0,4.0,1.74,0.0,,,,,,Pz.IV_G
b_24d,18.0,50.0,0.0,0.0,1.0,1.0,0.0,,,,,,0.0,,,,,,B-24D-25-CO
us_skink_aa,17.0,,,,,,361.0,51.67,1.23,2.04,0.0,0.0,0.0,,,,,,Skink
ussr_su_122,17.0,100.0,0.0,0.0,1.69,1.71,62.0,3.7,0.0,0.0,1.52,1.01,0.0,,,,,,SU-122
mig-19pt,16.0,55.56,0.72,1.25,0.0,0.0,87.0,73.33,3.87,3.37,0.23,0.48,0.0,,,,,,MiG-19PT
us_t54e1,17.0,,,0.0,,1.59,26.0,51.43,0.0,0.0,0.77,1.46,0.0,,,,,,T54E1
vb_10_02,17.0,0.0,1.0,1.0,0.18,0.18,24.0,,,1.0,,1.0,0.0,,,,,,VB.10-02
ussr_zsu_23_4,16.0,0.0,1.0,1.0,0.0,0.0,155.0,14.52,1.28,1.33,0.12,0.14,0.0,,,,,,ZSU-23-4
ussr_gaz_mm_72k,16.0,100.0,0.0,0.0,1.13,1.13,0.0,,,,,,0.0,,,,,,GAZ-MM_(72-K)
cn_cm_25,18.0,,,,,,46.0,50.0,0.0,0.0,0.0,0.0,0.0,,,,,,CM25
sw_strv_m40l,16.0,,,,,,0.0,,,,,,0.0,,,,,,Strv_m/40L
ussr_t_50,16.0,,,0.0,,1.5,14.0,41.67,0.0,0.0,0.85,0.99,0.0,,,,,,T-50
mc200_serie7_italy,16.0,,,2.31,,0.0,0.0,,,,,,0.0,,,,,,C._200_serie_7
p-63c-5_france,17.0,8.82,0.91,1.0,0.0,0.0,67.0,100.0,0.64,0.63,1.99,1.95,0.0,,,,,,P-63C-5
sm_79_1941_italy,17.0,100.0,0.0,0.0,1.0,1.0,0.0,,,,,,0.0,,,,,,S.M.79_AS
ussr_btr_80a,17.0,,,,,,523.0,50.31,0.0,0.0,1.43,1.11,0.0,,,,,,BTR-80A
germ_pzkpfw_e_100,17.0,100.0,0.0,0.0,6.6,6.0,22.0,100.0,0.0,0.0,7.82,7.82,0.0,,,,,,E-100
germ_panzerjager_1,14.0,100.0,0.0,0.0,4.54,4.35,23.0,,,0.0,,1.0,0.0,,,,,,Panzerjäger_I
spitfire_mk1,15.0,,,4.0,,0.0,0.0,,,,,,0.0,,,,,,Spitfire_Mk_Ia
jp_type_2_ho_ni_2,16.0,,,0.0,,1.75,19.0,100.0,0.0,0.0,1.0,1.0,0.0,,,,,,Ho-Ni_II
us_m5a1_stuart,14.0,62.5,0.0,0.0,2.0,3.5,103.0,61.29,0.0,0.0,2.88,2.2,0.0,,,,,,M5A1
f4f-3,17.0,,,2.09,,0.0,15.0,,,1.0,,0.0,0.0,,,,,,F4F-3
ki_84_ko,16.0,,,1.44,,0.0,16.0,,,2.0,,1.0,0.0,,,,,,Ki-84_ko
us_m551_76,16.0,,,0.0,,1.0,266.0,61.46,0.0,0.0,4.01,1.63,0.0,,,,,,M551(76)
us_xm246,21.0,71.67,0.42,0.62,1.72,2.42,1659.0,55.08,0.24,0.2,1.7,1.47,0.0,,,,,,XM246
ussr_zis_30,15.0,,,,,,21.0,0.0,0.0,0.0,3.75,2.29,0.0,,,,,,ZiS-30
p-40e,17.0,,,1.94,,0.0,17.0,0.0,2.0,2.0,1.0,1.0,0.0,,,,,,P-40E-1
fw-190a-5,15.0,,,2.0,,0.0,9.0,,,,,,0.0,,,,,,Fw_190_A-5/U12
uk_t17e2,16.0,,,,,,20.0,,,,,,0.0,,,,,,Staghound_AA
us_m1a1_hc_abrams,14.0,100.0,0.0,0.0,4.5,4.5,574.0,60.92,0.0,0.0,2.9,2.59,0.0,,,,,,M1A1_HC
p-47d_30_italy,16.0,0.0,1.0,1.25,1.0,0.5,84.0,62.9,0.26,0.21,1.04,0.97,22.0,50.0,0.5,1.0,0.5,1.0,P-47D-30
it_43m_turan_3,18.0,100.0,0.0,0.0,3.1,2.88,86.0,50.0,0.0,0.0,3.48,3.45,0.0,,,,,,Turan_III
sw_bmp_2md,15.0,,,0.0,,1.0,63.0,38.0,0.0,0.0,1.04,1.24,0.0,,,,,,BMP-2MD
mig-19s,17.0,,,0.0,,0.0,0.0,,,,,,0.0,,,,,,◊MiG-19S
yak-9p_hungary,16.0,,,1.0,,0.0,0.0,,,,,,0.0,,,,,,◔Yak-9P
fr_amx_30_b2,17.0,100.0,0.0,0.0,1.35,1.35,185.0,70.11,0.0,0.0,2.62,1.57,3.0,,,,,,AMX-30B2
il_2_1941,15.0,100.0,1.27,1.27,1.0,1.0,29.0,0.0,0.0,0.65,1.0,1.65,0.0,,,,,,IL-2_(1941)
jp_type_60_sprg,16.0,100.0,0.0,0.0,0.36,0.36,563.0,64.95,0.0,0.0,1.69,1.86,0.0,,,,,,Type_60_SPRG_(C)
f4f-4,16.0,,,1.0,,0.0,0.0,,,,,,0.0,,,,,,F4F-4
f_16a_block_20_mlu,12.0,50.0,6.0,6.0,1.0,1.0,8.0,50.0,1.56,3.13,1.0,2.0,0.0,,,,,,F-16A_MLU_(China)
b5n2,16.0,100.0,0.0,0.0,7.2,7.31,14.0,,,,,,0.0,,,,,,B5N2
i_180,14.0,,,3.29,,0.0,4.0,,,0.0,,1.0,0.0,,,,,,I-180S
it_semovente_m43_105_leoncello,15.0,100.0,0.0,0.0,2.42,2.4,0.0,,,,,,0.0,,,,,,"M43_""G.C.Leoncello"""
lagg-3-23,15.0,100.0,2.0,2.0,1.0,1.0,13.0,,,1.0,,0.0,0.0,,,,,,LaGG-3-23
tu-2_postwar,15.0,,,0.0,,1.6,18.0,,,,,,0.0,,,,,,Tu-2S-44
uk_sp_17_pdr_valentine,16.0,50.0,0.5,1.0,0.5,1.0,0.0,,,,,,0.0,,,,,,Archer
germ_marder_df_105,15.0,50.0,0.0,0.0,3.5,3.5,294.0,33.1,0.0,0.0,1.42,1.22,60.0,75.6,0.0,0.0,3.18,3.89,DF105
jp_type_97_chi_ha_12cm,15.0,,,,,,14.0,100.0,0.0,0.0,2.75,2.75,0.0,,,,,,Chi-Ha_Short_Gun
ussr_t_44_122,14.0,,,0.0,,3.0,123.0,50.0,0.0,0.0,2.06,2.26,0.0,,,,,,T-44-122
p-63c-5,14.0,,,0.63,,2.25,31.0,50.0,1.0,0.18,0.0,1.32,0.0,,,,,,P-63C-5
fw-190a-5_cannons,12.0,50.0,1.2,1.0,0.7,0.58,17.0,,,1.0,,0.06,0.0,,,,,,Fw_190_A-5
f-105d,15.0,,,,,,80.0,36.23,0.67,0.53,0.0,0.0,32.0,,,,,,F-105D
it_leopard_1a5,16.0,100.0,0.0,0.0,3.42,3.42,75.0,98.39,0.0,0.0,2.03,2.03,5.0,,,0.0,,1.0,Leopard_1A5
it_44m_zrinyi_1,15.0,100.0,0.0,,2.0,,31.0,100.0,0.0,0.0,1.75,1.25,0.0,,,,,,Zrinyi_I
us_halftrack_m15,16.0,,,0.0,,1.0,0.0,,,,,,0.0,,,,,,M15_CGMC
germ_pzsfl_IVa_dickermax,12.0,50.0,0.0,0.0,1.0,2.0,2.0,,,,,,0.0,,,,,,Dicker_Max
f_16c_block_52_aesa,14.0,,,2.42,,0.83,852.0,59.08,0.85,0.94,0.88,0.95,114.0,39.11,0.61,0.5,0.73,0.65,F-16CM_PoBIT
f9f-2,15.0,0.0,1.0,0.13,0.0,0.87,99.0,33.52,0.54,0.5,0.77,0.27,0.0,,,,,,F9F-2
mig-21_bis,15.0,,,0.0,,0.0,7.0,,,1.0,,0.0,0.0,,,,,,MiG-21bis
it_stug_III_ausf_G,16.0,100.0,0.0,0.0,1.0,1.0,40.0,100.0,0.0,0.0,2.0,1.65,0.0,,,,,,StuG_III_G
yak-9ut,15.0,,,,,,344.0,70.1,0.9,0.94,2.83,2.9,47.0,84.48,0.22,0.26,1.41,1.81,Yak-9UT
uk_g6_spg,14.0,,,0.0,,1.0,63.0,50.0,0.0,0.0,0.5,0.5,0.0,,,,,,G6
ussr_asu_57,16.0,,,0.0,,1.0,241.0,55.83,0.0,0.0,1.96,0.8,0.0,,,,,,ASU-57
sbd-3,15.0,0.0,0.0,0.0,0.0,0.0,0.0,,,,,,0.0,,,,,,SBD-3
fr_char_2c_bis,13.0,66.67,0.0,,1.67,,0.0,,,,,,0.0,,,,,,2C_bis
germ_pzkpfw_Maus,17.0,57.14,0.0,0.0,6.0,14.57,927.0,45.3,0.0,0.0,5.11,4.32,0.0,,,,,,Maus
il_merkava_mk_4_lic,15.0,0.0,0.0,0.0,3.0,3.0,147.0,63.18,0.0,0.0,2.39,2.19,0.0,,,,,,Merkava_Mk.4_LIC
uk_sarc_mk4_a,15.0,,,,,,0.0,,,,,,0.0,,,,,,SARC_MkIVa
uk_daimler_mk_2,15.0,,,0.0,,3.67,20.0,,,0.0,,0.75,0.0,,,,,,Daimler_Mk_II
ussr_kv_2_1939,13.0,100.0,0.0,0.0,4.5,3.25,34.0,78.57,0.0,0.0,2.5,2.68,0.0,,,,,,KV-2_(1939)
it_as_42_47,13.0,100.0,0.0,0.0,3.0,2.92,0.0,,,,,,0.0,,,,,,AS_42/47
germ_vt_1_2,14.0,100.0,0.0,0.0,4.0,4.0,132.0,44.08,0.0,0.0,2.92,2.53,0.0,,,,,,VT1-2
jp_type_93,14.0,100.0,1.42,,1.0,,209.0,47.21,1.13,1.13,0.0,0.0,0.0,,,,,,Type_93
lagg-3-34,14.0,50.0,1.5,3.0,0.0,0.0,0.0,,,,,,0.0,,,,,,LaGG-3-34
a_7k,14.0,100.0,0.0,0.0,1.21,1.21,0.0,,,,,,0.0,,,,,,A-7K
cn_vt_5,13.0,100.0,0.0,0.0,2.46,2.46,313.0,54.67,0.0,0.0,1.54,1.31,0.0,,,,,,VT5
uk_a39_tortoise,13.0,0.0,0.0,0.0,1.0,1.0,3.0,,,,,,0.0,,,,,,Tortoise
uk_crusader_mk_2,15.0,,,0.0,,4.2,16.0,,,,,,0.0,,,,,,Crusader_II
p-38j,14.0,50.0,0.5,1.0,0.5,1.0,0.0,,,,,,0.0,,,,,,P-38J-15
p-51c-10-nt,15.0,,,,,,52.0,24.73,1.39,1.56,0.3,0.42,0.0,,,,,,P-51C-10
su_27,15.0,,,1.0,,0.0,113.0,31.39,2.35,2.11,0.02,0.02,0.0,,,,,,Su-27
re_2000_ga,13.0,,,1.0,,0.0,0.0,,,,,,0.0,,,,,,Re.2000_G.A.
spitfire_ix,15.0,100.0,3.5,3.5,0.0,0.0,14.0,50.0,0.63,1.25,0.13,0.25,38.0,0.0,5.5,2.19,0.0,0.0,Spitfire_LF_Mk_IX
cn_is_2_1944,13.0,,,0.0,,1.0,25.0,,,0.0,,1.0,0.0,,,,,,IS-2_(1944)_(China)
b-17e_late,14.0,,,0.0,,0.0,0.0,,,,,,0.0,,,,,,B-17E/L
uk_eland_90_mk_7,13.0,,,,,,188.0,39.43,0.0,0.0,1.1,1.2,0.0,,,,,,Eland_90_Mk.7
p_108a_serie2,13.0,,,0.0,,0.0,0.0,,,,,,0.0,,,,,,P.108A_serie_2
sw_landsverk_ush_204_gk,13.0,,,,,,196.0,20.43,0.82,0.71,0.2,0.14,0.0,,,,,,U-SH_204_GK
ussr_t_72b3_arena,15.0,,,0.0,,1.0,771.0,45.28,0.0,0.0,1.83,1.39,12.0,100.0,0.0,0.0,2.58,2.58,"Т-72Б3_""Арена"""
ki_43_2,14.0,,,,,,3.0,100.0,0.0,0.0,2.0,2.0,0.0,,,,,,Ki-43-II
pe-3,12.0,100.0,0.0,0.0,3.67,3.67,0.0,,,,,,0.0,,,,,,Pe-3
uk_sky_sabre_fcs,13.0,,,2.0,,0.0,240.0,57.34,1.63,1.88,0.0,0.0,0.0,,,,,,Sky_Sabre_(СОЦ)
tis_ma,15.0,100.0,1.0,0.44,4.0,2.11,112.0,62.37,0.31,0.4,6.68,8.57,113.0,58.34,0.87,0.72,4.78,3.76,TIS_MA
cn_type_69,13.0,,,0.0,,1.69,414.0,70.13,0.01,0.0,3.67,3.0,0.0,,,,,,Type_69
cn_m10,14.0,100.0,0.0,0.0,4.5,4.91,40.0,100.0,0.0,0.0,2.0,1.13,0.0,,,,,,M10_GMC_(China)
cn_type_62,14.0,,,0.0,,1.64,180.0,54.3,0.0,0.0,1.37,0.88,0.0,,,,,,Type_62
mig-21_bis_lazur,11.0,50.0,1.5,1.05,0.5,0.05,505.0,48.35,1.23,1.47,0.5,0.64,5.0,,,5.0,,0.0,"◊MiG-21_""Lazur-M"""
tu_95m,12.0,,,,,,47.0,40.0,0.52,0.63,0.0,0.0,19.0,,,0.9,,0.0,Ту-95М
bf-109e-1,12.0,,,2.33,,0.0,87.0,28.67,1.12,1.4,0.7,0.88,0.0,,,,,,Bf_109_E-1
uk_challenger_mk_3,14.0,100.0,0.0,0.0,3.25,3.25,155.0,64.84,0.0,0.0,2.9,3.02,0.0,,,,,,Challenger_Mk.3
mig-21_f13,14.0,,,1.0,,0.0,25.0,50.0,1.5,1.2,0.0,0.0,0.0,,,,,,MiG-21F-13
a-26b_10,14.0,100.0,0.0,0.0,6.0,3.71,0.0,,,,,,0.0,,,,,,A-26B-10
us_m60,13.0,,,0.0,,2.0,285.0,54.02,0.0,0.0,1.35,1.08,0.0,,,,,,M60
il-10_1946_china,13.0,,,1.0,,0.0,26.0,50.0,0.0,0.0,1.0,4.81,0.0,,,,,,IL-10_(1946)_(China)
p-40c_china,12.0,,,0.0,,0.0,13.0,,,0.0,,0.0,0.0,,,,,,H-81A-2
ussr_object_685,14.0,,,0.0,,0.0,478.0,51.51,0.0,0.0,1.71,1.72,0.0,,,,,,Object_685
us_m42_duster,15.0,,,,,,448.0,50.43,0.28,0.25,1.02,0.92,0.0,,,,,,M42
h8k2,12.0,100.0,0.0,0.0,0.0,0.0,0.0,,,,,,0.0,,,,,,H8K2
sw_zsu_57_2,13.0,,,,,,256.0,35.25,0.0,0.0,1.17,1.14,0.0,,,,,,ZSU-57-2
saab_jas39d,14.0,,,1.27,,0.0,121.0,65.33,1.22,0.77,0.26,0.07,20.0,,,1.0,,0.0,JAS39D
germ_sdkfz_234_1,12.0,,,,,,128.0,56.53,0.0,0.0,2.29,2.57,0.0,,,,,,Sd.Kfz.234/1
b-29,13.0,100.0,0.0,0.0,7.46,7.46,0.0,,,,,,0.0,,,,,,B-29A-BN
tornado_ids_de_mfg,10.0,50.0,0.5,0.5,6.0,6.0,10.0,,,,,,0.0,,,,,,◄Tornado_IDS_MFG
f-80a,13.0,100.0,2.0,2.0,5.0,5.0,11.0,0.0,2.0,1.43,1.0,0.71,0.0,,,,,,F-80A-5
tornado_ids_de_wtd61,10.0,50.0,0.5,0.5,7.5,7.5,174.0,53.45,0.82,1.11,1.01,1.37,10.0,,,0.0,,0.0,◄Tornado_IDS_WTD61
it_m13_40_serie_1,12.0,,,,,,0.0,,,,,,0.0,,,,,,M13/40_(I)
meteor_fmk8_iaf,11.0,,,0.0,,2.0,12.0,0.0,0.0,0.0,0.0,0.0,0.0,,,,,,Meteor_F.8_(Israel)
it_ab_41,12.0,100.0,0.0,,3.43,,5.0,,,,,,0.0,,,,,,AB_41
germ_leopard_2_pt14,11.0,,,0.0,,3.1,33.0,20.0,0.0,0.0,6.6,3.11,0.0,,,,,,PT-16/T14_mod.
il_magach_7c,11.0,,,0.0,,2.09,42.0,100.0,0.0,0.0,4.06,3.85,0.0,,,,,,Magach_7C
p-36g,11.0,,,1.91,,0.0,0.0,,,,,,0.0,,,,,,P-36G
germ_vilkas,13.0,50.0,0.0,0.0,0.69,1.38,163.0,53.01,0.15,0.15,0.95,0.88,0.0,,,,,,Vilkas
jp_type_16,12.0,100.0,0.0,0.0,2.0,2.0,271.0,58.68,0.0,0.0,1.78,1.78,0.0,,,,,,Type_16
mig-17,13.0,,,,,,183.0,80.95,3.25,2.96,1.45,1.55,0.0,,,,,,MiG-17
sw_leopard_2a4_fin,13.0,50.0,0.0,0.0,1.0,2.0,497.0,45.13,0.0,0.0,1.23,1.14,0.0,,,,,,Leopard_2A4
it_leopard_1a2,12.0,,,,,,115.0,42.64,0.0,0.0,1.27,1.19,0.0,,,,,,Leopard_1A2
uk_fv221_caernarvon,12.0,,,0.0,,1.0,130.0,39.25,0.0,0.0,2.48,1.83,0.0,,,,,,Caernarvon
it_2s1,11.0,,,,,,18.0,,,0.0,,0.92,0.0,,,,,,◔2S1
sw_strv_121,13.0,50.0,0.0,0.0,0.77,1.54,832.0,49.08,0.0,0.0,1.62,1.56,0.0,,,,,,Strv_121
us_m55,11.0,0.0,0.0,0.0,1.0,1.0,1.0,,,0.0,,1.0,0.0,,,,,,M55
me-410b-2_u4,13.0,50.0,0.5,1.0,0.0,0.0,3.0,100.0,1.0,1.0,1.0,1.0,0.0,,,,,,Me_410_B-2/U4
it_c13_t90,11.0,100.0,0.0,0.0,1.0,1.0,61.0,54.3,0.0,0.0,2.11,2.31,0.0,,,,,,C13_T90
germ_flakpanzer_IV_Wirbelwind,10.0,,,1.0,,0.0,368.0,36.65,1.47,1.17,0.27,0.21,0.0,,,,,,Wirbelwind
mig_23m,12.0,,,0.75,,0.0,0.0,,,,,,26.0,,,1.07,,0.0,MiG-23M
us_t92,11.0,,,0.0,,0.64,391.0,52.6,0.0,0.0,1.59,1.03,0.0,,,,,,T92
he-111h-16_winter,11.0,100.0,0.0,0.0,0.0,0.0,106.0,54.19,0.0,0.0,0.99,0.79,0.0,,,,,,He_111_H-16
hurricanemkii,12.0,100.0,5.29,,2.0,,17.0,,,,,,0.0,,,,,,Hurricane_Mk_IIB/Trop
beaufighter_mkx,11.0,100.0,1.0,1.0,2.5,2.64,0.0,,,,,,0.0,,,,,,Beaufighter_Mk_X
b7a2,12.0,,,,,,4.0,100.0,4.0,,4.0,,0.0,,,,,,B7A2
ussr_isu_152,11.0,100.0,0.0,0.0,3.0,3.0,66.0,,,0.0,,1.16,0.0,,,,,,ISU-152
germ_pzkpfw_IV_ausf_F,10.0,100.0,0.0,0.0,4.67,5.2,16.0,0.0,0.0,0.0,3.0,3.81,0.0,,,,,,Pz.IV_F1
mosquito_fb_mk26_china,10.0,,,1.0,,1.0,34.0,67.95,2.48,0.0,1.12,1.0,0.0,,,,,,Mosquito_FB.Mk.26
us_lvt_a1_m24,11.0,,,,,,5.0,,,0.0,,3.0,0.0,,,,,,LVT(A)(1)_(M24)
germ_sturmmorser_sturmtiger,12.0,,,0.0,,1.0,47.0,100.0,0.0,0.0,3.0,1.69,0.0,,,,,,38_cm_Sturmmörser
fr_leopard_1a5be,12.0,,,0.0,,2.0,92.0,62.78,0.0,0.0,2.36,1.88,0.0,,,,,,Leopard_1A5BE
il-2i,11.0,,,2.0,,2.82,6.0,50.0,0.0,0.0,1.5,3.0,10.0,,,,,,IL-2_(1942)
il_tiran_6,13.0,50.0,0.0,0.0,1.43,2.86,90.0,68.91,0.0,0.0,2.66,2.87,0.0,,,,,,Tiran_6
jp_type_75,11.0,,,,,,333.0,59.57,0.68,0.57,3.57,2.86,0.0,,,,,,Type_75_SPH
us_m109a1,11.0,,,0.0,,1.0,127.0,100.0,0.0,0.0,2.4,0.85,0.0,,,,,,M109A1
ussr_9a33bm3,11.0,,,,,,42.0,,,0.88,,0.0,0.0,,,,,,Оса-АКМ
fa_18c_switzerland,10.0,,,1.0,,0.0,1762.0,52.8,1.05,1.2,0.14,0.15,120.0,,,1.04,,0.0,◌F/A-18C
germ_leopard_2pl,12.0,,,0.0,,1.0,1091.0,38.67,0.0,0.0,1.36,1.13,0.0,,,,,,Leopard_2_PL
us_m50_ontos,11.0,,,0.0,,1.64,217.0,48.78,0.0,0.0,2.85,1.62,0.0,,,,,,M50
f-80,12.0,,,,,,11.0,50.0,0.0,0.0,0.5,0.5,0.0,,,,,,F-80C-10
uk_a_43_black_prince,10.0,,,,,,68.0,50.0,0.0,0.0,4.4,4.14,0.0,,,,,,Black_Prince
uk_fv4004_conway,10.0,100.0,0.0,0.0,4.0,2.0,41.0,28.85,0.0,0.0,0.71,1.0,0.0,,,,,,Conway
douglas_ad_2,9.0,,,3.0,,2.0,39.0,87.5,0.0,0.0,1.28,0.54,0.0,,,,,,AD-2
jp_m42_duster,10.0,,,,,,226.0,60.45,0.49,0.35,1.37,0.86,0.0,,,,,,M42
germ_stuh_III_ausf_G,9.0,,,,,,16.0,,,0.0,,3.2,0.0,,,,,,StuH_42_G
he51a1,11.0,,,,,,0.0,,,,,,0.0,,,,,,He_51_A-1
cn_is_2_1943,12.0,50.0,0.0,0.0,2.0,2.0,54.0,44.44,0.0,0.0,2.78,1.19,0.0,,,,,,IS-2_(China)
fr_lorraine_40t,13.0,0.0,0.0,0.0,5.0,1.62,371.0,70.32,0.0,0.0,2.61,2.86,15.0,3.57,0.0,0.0,1.04,1.14,Lorraine_40t
f_16a_block_10,10.0,,,0.0,,1.0,190.0,73.33,0.77,0.73,1.24,1.08,0.0,,,,,,F-16A
cn_type_97_kai,11.0,,,0.0,,1.45,0.0,,,,,,0.0,,,,,,Chi-Ha_Kai_(China)
fr_leopard_2a6nl,9.0,,,,,,14.0,,,,,,0.0,,,,,,Leopard_2A6NL
ussr_su_152,11.0,100.0,0.0,,6.0,,203.0,35.21,0.0,0.0,1.22,1.24,0.0,,,,,,SU-152
jp_st_b1,11.0,100.0,0.0,0.0,1.0,1.0,257.0,67.58,0.0,0.0,2.37,1.42,0.0,,,,,,STB-2
germ_raketenjagdpanzer_2,11.0,,,0.0,,0.0,72.0,0.0,0.0,0.0,1.42,0.65,0.0,,,,,,RakJPz_2
uk_boxer_crv_block2,10.0,,,0.0,,1.0,400.0,65.75,0.04,0.04,1.37,1.06,0.0,,,,,,CRV_Block_2
uk_crusader_mk_3,12.0,,,0.0,,2.0,65.0,72.67,0.0,0.0,2.9,2.06,0.0,,,,,,Crusader_III
fr_amx_32_105,9.0,100.0,0.0,0.0,1.89,1.89,403.0,55.41,0.0,0.0,2.49,1.89,0.0,,,,,,AMX-32_(105)
la-11_china,9.0,,,,,,10.0,,,,,,0.0,,,,,,La-11_(China)
sw_strv_m42_delat_torn,9.0,100.0,0.0,0.0,1.0,1.0,114.0,43.09,0.0,0.0,2.0,1.54,0.0,,,,,,Strv_m/42_DT
sw_pvrbv_551,11.0,0.0,0.0,0.0,1.0,1.0,109.0,46.77,0.0,0.0,1.75,1.51,0.0,,,,,,Pvrbv_551
yak-38,9.0,,,,,,18.0,,,0.0,,0.0,0.0,,,,,,Yak-38
mosquito_fb_mk6_ash_norway,8.0,,,,,,0.0,,,,,,0.0,,,,,,◢Mosquito_FB.Mk.VI_ASH
us_m1_abrams_kvt,11.0,,,0.0,,0.0,1122.0,50.98,0.0,0.0,2.73,2.19,0.0,,,,,,M1_KVT
buccaneer_s2b,9.0,,,0.0,,2.0,31.0,,,,,,0.0,,,,,,Buccaneer_S.2B
il_merkava_mk_3b,8.0,,,,,,294.0,62.39,0.0,0.0,1.38,1.26,0.0,,,,,,Merkava_Mk.3B
il_merkava_mk_3c,8.0,,,0.0,,3.0,401.0,62.01,0.02,0.02,2.07,1.63,0.0,,,,,,Merkava_Mk.3C
harrier_frs1,9.0,,,1.0,,1.0,11.0,50.0,0.0,0.0,0.0,0.0,0.0,,,,,,Sea_Harrier_FRS.1
d_520,10.0,,,2.0,,0.0,0.0,,,,,,0.0,,,,,,D.520
f7f1,10.0,,,,,,182.0,50.38,0.46,0.44,0.56,0.45,0.0,,,,,,F7F-1
us_m46_patton_73_armor_bat,10.0,50.0,0.0,0.0,1.5,3.0,279.0,65.01,0.0,0.0,3.49,2.57,0.0,,,,,,"M46_""Tiger"""
jp_type_5_ho_ri_prototype,11.0,100.0,0.0,0.0,7.0,3.92,294.0,59.66,0.0,0.0,4.93,3.71,0.0,,,,,,Ho-Ri_Prototype
fr_amx_13_fl_11,9.0,,,,,,93.0,65.63,0.0,0.0,2.39,1.45,0.0,,,,,,AMX-13_(FL11)
us_t34,8.0,100.0,0.0,0.0,5.0,5.0,741.0,61.0,0.0,0.0,3.01,1.89,0.0,,,,,,T34
d_521,10.0,100.0,2.0,2.0,0.0,0.0,0.0,,,,,,0.0,,,,,,D.521
boomerang_mki,10.0,,,1.0,,0.0,0.0,,,,,,0.0,,,,,,Boomerang_Mk_I
fr_tpk_641_vpc,9.0,,,,,,85.0,64.23,0.05,0.05,0.46,0.41,0.0,,,,,,TPK_6.41
boomerang_mkii,10.0,,,,,,0.0,,,,,,0.0,,,,,,Boomerang_Mk_II
f-89b,10.0,,,2.0,,0.0,133.0,80.6,0.78,1.66,0.91,1.93,0.0,,,,,,F-89B
su_25t,9.0,,,,,,219.0,58.94,0.06,0.09,4.12,4.27,0.0,,,,,,Su-25T
jaguar_gr1a,9.0,,,,,,19.0,100.0,2.0,2.0,1.94,2.0,0.0,,,,,,Jaguar_GR.1A
germ_sppz2_luchs_a2,10.0,0.0,0.0,0.0,1.0,1.0,52.0,0.0,0.0,0.0,0.0,0.0,0.0,,,,,,Luchs_A2
ussr_zsu_37_2,8.0,50.0,0.5,1.0,0.0,0.0,263.0,44.07,0.51,0.84,0.32,0.54,0.0,,,,,,ZSU-37-2
he-111h-2,9.0,100.0,0.0,,2.0,,0.0,,,,,,0.0,,,,,,He_111_H-3
vg_33,9.0,100.0,8.0,,0.0,,3.0,100.0,1.0,1.0,0.0,0.0,0.0,,,,,,V.G.33C-1
yak-15,8.0,66.67,4.3,4.3,0.0,0.0,0.0,,,,,,0.0,,,,,,Yak-15
cr_32_quater,8.0,,,1.0,,1.0,0.0,,,,,,0.0,,,,,,CR.32_quater
ussr_t_90a,7.0,,,,,,1022.0,52.09,0.0,0.0,1.53,1.24,18.0,100.0,0.0,0.0,1.0,1.0,Т-90А
tu-2,8.0,,,,,,41.0,98.33,0.0,0.0,3.4,3.34,8.0,50.0,0.0,0.0,0.5,1.0,Tu-2S
fr_cckw_353_bofors,8.0,,,,,,3.0,100.0,1.0,1.0,2.0,2.0,0.0,,,,,,CCKW_353_AA
fa_18a_hug_2_raaf,6.0,10.0,1.9,1.9,0.0,0.0,20.0,50.0,0.5,0.5,0.0,0.0,23.0,,,0.0,,0.0,AF/A-18A_Late
ussr_btr_152a,9.0,100.0,3.0,3.0,1.0,1.0,14.0,11.11,0.05,0.04,0.05,0.04,0.0,,,,,,BTR-152A
uk_chieftain_mk_5,7.0,100.0,0.0,0.0,3.0,3.0,134.0,51.35,0.0,0.0,3.69,1.99,0.0,,,,,,Chieftain_Mk_5
mig_23mf_germany,6.0,50.0,0.6,1.0,0.0,0.0,6.0,0.0,1.0,1.0,0.0,0.0,23.0,,,1.33,,0.0,◊MiG-23MF
il-10_1946,8.0,,,0.0,,1.0,0.0,,,,,,0.0,,,,,,IL-10_(1946)
us_m46_patton,7.0,,,0.0,,4.0,427.0,67.78,0.0,0.0,3.14,2.52,0.0,,,,,,M46
ussr_su_57b,8.0,,,0.0,,1.0,0.0,,,,,,0.0,,,,,,SU-57B
f-86f-2,7.0,50.0,0.5,0.4,0.0,0.0,60.0,77.41,3.34,3.38,0.68,0.8,0.0,,,,,,F-86F-2
jp_type_74_red_star,9.0,,,0.0,,1.0,347.0,55.32,0.0,0.0,2.83,1.56,0.0,,,,,,Type_74_Red_Star
il_m109,7.0,,,,,,21.0,50.0,0.0,0.0,0.5,1.0,0.0,,,,,,M109_(Israel)
jp_type_74_mod_g_kai,9.0,,,0.0,,1.0,224.0,51.27,0.0,0.0,2.74,2.49,0.0,,,,,,Type_74_(G)
jp_type_1_chi_he,9.0,,,,,,95.0,100.0,0.0,0.0,5.5,2.58,0.0,,,,,,Chi-He
f-86a-5,9.0,,,0.0,,0.0,98.0,69.64,2.43,3.16,0.88,1.18,0.0,,,,,,F-86A-5
us_m26_t99,8.0,80.0,0.2,0.33,3.9,4.5,0.0,,,,,,0.0,,,,,,M26_T99
germ_sdkfz_222,8.0,100.0,0.0,0.0,4.0,4.0,134.0,59.17,0.0,0.0,2.99,1.64,0.0,,,,,,Sd.Kfz.222
it_as_42_metropolitana,7.0,100.0,0.0,0.0,4.0,4.0,25.0,,,0.0,,2.14,0.0,,,,,,AS_42
fw-190d-12,7.0,,,1.0,,1.0,0.0,,,,,,0.0,,,,,,Fw_190_D-12
sea_fury_fb51,7.0,,,2.0,,0.0,6.0,100.0,1.0,1.0,2.0,2.0,0.0,,,,,,◘Sea_Fury_FB.51
sw_strv_103_0,8.0,,,0.0,,2.0,38.0,50.0,0.0,0.0,1.4,2.3,0.0,,,,,,Strv_103-0
b_25j_30_china,7.0,100.0,1.0,1.0,1.0,1.0,0.0,,,,,,0.0,,,,,,B-25J-30_(China)
a_4h,7.0,,,0.0,,1.0,30.0,100.0,0.35,0.32,0.05,0.0,0.0,,,,,,A-4H_(Israel)
germ_flarakpz_1,8.0,,,,,,80.0,52.15,0.82,0.98,0.0,0.0,0.0,,,,,,FlaRakPz_1
ki_67_1_ko,7.0,,,,,,0.0,,,,,,0.0,,,,,,Ki-67-I_Ko
p-36c,6.0,,,2.0,,0.0,0.0,,,,,,0.0,,,,,,P-36C
saab_j21a_2,7.0,,,0.0,,2.0,1.0,,,,,,0.0,,,,,,J21A-2
saab_j21ra,7.0,,,0.0,,1.0,36.0,83.34,1.0,1.0,0.15,0.15,0.0,,,,,,J21RA
fr_amx_13_75,8.0,,,,,,196.0,73.6,0.0,0.0,1.95,1.05,12.0,,,0.0,,0.0,AMX-13
firefly_mk5,7.0,,,1.86,,1.0,29.0,100.0,0.07,0.07,1.19,1.07,0.0,,,,,,Firefly_FR_Mk_V
jp_st_a1,7.0,0.0,0.0,0.0,1.0,1.0,240.0,83.87,0.0,0.0,4.95,1.94,0.0,,,,,,ST-A1
ki_100_early,8.0,,,1.0,,0.0,145.0,92.41,3.7,1.84,11.13,5.14,0.0,,,,,,Ki-100
b_26b_c,7.0,,,0.0,,2.0,10.0,0.0,0.0,0.0,0.75,0.75,0.0,,,,,,B-26B
germ_pzkpfw_38t_Aufklarungspanzer,8.0,100.0,0.0,0.0,1.0,1.0,16.0,100.0,0.0,0.0,1.0,1.0,0.0,,,,,,Sd.Kfz._140/1
cn_m3a3_stuart_1st_ptg,7.0,,,,,,16.0,50.0,0.0,0.0,2.5,2.5,0.0,,,,,,M3A3_(1st_PTG)_(China)
sw_strv_m41_s2,7.0,,,,,,1.0,,,0.0,,1.0,0.0,,,,,,Strv_m/41_S-II
p-39n_su,7.0,,,,,,21.0,,,,,,0.0,,,,,,Pokryshkin's_P-39N-0
f8f1b_france,7.0,0.0,3.0,3.0,0.0,0.0,119.0,89.52,1.39,0.94,2.47,1.71,0.0,,,,,,F8F-1B
mig_29_9_13,7.0,,,,,,27.0,80.56,1.44,1.56,0.64,0.72,0.0,,,,,,MiG-29
fr_marder_df_105,7.0,,,0.0,,1.0,182.0,55.34,0.0,0.0,2.24,2.05,0.0,,,,,,DF105
f-100d,4.0,50.0,1.5,3.0,0.0,0.0,266.0,58.29,2.38,4.29,0.09,0.21,0.0,,,,,,F-100D
ki_67_1_otsu,7.0,,,0.0,,1.0,0.0,,,,,,0.0,,,,,,Ki-67-I_otsu
he-162a-2,7.0,,,,,,124.0,81.18,3.03,3.17,0.04,0.04,0.0,,,,,,He_162_A-2
il_sholef,7.0,,,0.0,,1.0,1.0,,,0.0,,3.0,0.0,,,,,,Sholef
p-61c_1,7.0,,,1.0,,1.29,33.0,,,0.47,,1.85,0.0,,,,,,P-61C-1
ussr_bmp_2,9.0,100.0,0.0,0.0,0.0,0.0,787.0,48.27,0.0,0.0,1.12,0.86,23.0,100.0,0.0,0.0,1.0,1.0,BMP-2
p-36a,6.0,,,,,,0.0,,,,,,0.0,,,,,,P-36A
spitfire_ix_early,6.0,100.0,3.6,3.67,0.0,0.0,135.0,87.2,2.41,2.43,1.98,1.97,0.0,,,,,,Spitfire_F_Mk_IX
germ_marder_clovis,7.0,,,0.0,,1.0,64.0,36.54,0.0,0.0,1.92,1.37,0.0,,,,,,CLOVIS
ussr_2s19_m1,9.0,58.34,0.0,0.0,0.6,1.5,136.0,40.64,0.02,0.02,1.0,0.88,0.0,,,,,,2С19М1
lancaster_mr7_france,7.0,,,,,,0.0,,,,,,0.0,,,,,,Lancaster_MR.7
ussr_bmd_4m2,7.0,,,0.0,,0.0,975.0,48.77,0.0,0.0,1.11,0.93,56.0,73.21,0.0,0.0,1.25,1.11,БМД-4M2
i-153_m62,8.0,,,2.75,,0.0,0.0,,,,,,0.0,,,,,,I-153_M-62
sb2c_5_france,7.0,,,0.0,,0.0,35.0,100.0,1.06,0.88,4.31,5.5,0.0,,,,,,SB2C-5
cn_sdkfz_222_early,7.0,100.0,0.0,,1.0,,30.0,53.33,0.0,0.0,0.43,0.43,0.0,,,,,,Sd.Kfz.222_(China)
tu-2_postwar_china,7.0,,,0.0,,1.0,31.0,100.0,0.0,0.0,3.0,3.97,0.0,,,,,,Tu-2S-44_(China)
tornado_ids_de_assta1,5.0,100.0,1.0,1.0,5.0,5.0,70.0,60.0,0.15,0.06,0.72,0.69,78.0,,,0.0,,4.5,◄Tornado_IDS_ASSTA1
spitfire_fr_mk14e,7.0,,,5.0,,0.0,0.0,,,,,,0.0,,,,,,Prendergast's_Spitfire_FR_Mk_XIVe
spitfire_f24,5.0,,,,,,54.0,76.09,3.3,10.5,1.03,2.06,0.0,,,,,,Spitfire_F_Mk_24
su_22m4,5.0,100.0,1.0,1.0,2.0,2.0,37.0,45.24,0.0,0.0,0.45,0.9,72.0,,,0.44,,2.12,◊Su-22M4
mosquito_fb_mk6,5.0,100.0,1.0,1.0,1.0,1.0,23.0,100.0,4.0,,0.0,,0.0,,,,,,Mosquito_FB_Mk_VI
f-5e_switzerland,5.0,100.0,1.0,1.0,2.0,2.0,0.0,,,,,,0.0,,,,,,◌F-5E
mosquito_tr_mk33,5.0,,,,,,0.0,,,,,,0.0,,,,,,Mosquito_TR.Mk.33
beaufighter_mk6c,6.0,,,,,,0.0,,,,,,0.0,,,,,,Beaufighter_Mk_VIc
j_7e,7.0,,,2.0,,0.0,12.0,50.0,2.0,2.0,1.0,1.0,0.0,,,,,,J-7E
cn_lvt_4_zis_2,7.0,,,0.0,,1.0,8.0,,,0.0,,0.25,0.0,,,,,,LVT(A)(4)_(ZiS-2)
me-410b-6_r3,5.0,,,,,,0.0,,,,,,0.0,,,,,,Me_410_B-6/R3
bf_110g_4_hungary,6.0,,,1.0,,1.0,40.0,53.13,0.0,0.0,1.06,2.0,0.0,,,,,,◐Bf_110_G-4
la-9,5.0,,,2.8,,1.0,84.0,100.0,2.05,1.02,0.0,0.0,0.0,,,,,,La-9
germ_pzkpfw_IV_ausf_E,6.0,,,,,,15.0,,,0.0,,1.21,0.0,,,,,,Pz.IV_E
il_zsu_57_2,5.0,,,1.0,,2.75,100.0,26.92,0.0,0.0,3.82,1.68,0.0,,,,,,ZSU-57-2_(Israel)
bf-109g-6,9.0,66.67,1.3,1.3,0.3,0.3,63.0,68.57,3.46,5.72,0.57,0.86,0.0,,,,,,Bf_109_G-6
mig_27m,8.0,50.0,1.0,2.0,0.0,0.0,72.0,50.0,0.98,1.0,1.48,1.52,14.0,,,0.0,,1.0,MiG-27M
ki-27_otsu,6.0,,,,,,0.0,,,,,,0.0,,,,,,Ki-27_otsu
il_zsu_23_4,7.0,,,,,,79.0,46.49,0.42,0.79,0.0,0.0,0.0,,,,,,ZSU-23-4_(Israel)
mosquito_nf_mk2,5.0,,,,,,27.0,100.0,5.48,,0.33,,0.0,,,,,,Mosquito_NF.Mk.II
hurricane_mk1_late_finland,8.0,50.0,1.0,1.0,0.0,0.0,0.0,,,,,,0.0,,,,,,Hurricane_Mk_I/L
sw_ikv_91_105,7.0,100.0,0.0,0.0,1.0,1.0,261.0,49.65,0.0,0.0,0.91,1.11,0.0,,,,,,Ikv_91-105
welkin_fmk1,6.0,,,1.0,,0.0,0.0,,,,,,0.0,,,,,,Welkin_F.Mk.I
bv-155b-1,6.0,,,,,,20.0,100.0,0.0,0.1,0.0,0.0,0.0,,,,,,BV_155_B-1
mig-19j_6a,7.0,100.0,1.0,1.0,0.0,0.0,27.0,100.0,2.0,,0.0,,0.0,,,,,,J-6A
germ_pzkpfw_38t_na,5.0,100.0,0.0,0.0,1.0,1.0,0.0,,,,,,0.0,,,,,,Pz.38(t)_n.A.
fr_leclerc_s1,6.0,50.0,0.0,0.0,1.0,1.0,283.0,53.19,0.0,0.0,2.93,2.14,0.0,,,,,,Leclerc
germ_pzkpfw_III_ausf_J_L42,5.0,,,,,,39.0,,,0.0,,2.27,0.0,,,,,,Pz.III_J
me-262a-1a_u4,9.0,66.67,0.57,0.57,2.3,2.3,568.0,53.12,0.24,0.31,2.04,2.59,0.0,,,,,,Me_262_A-1/U4
cn_m41_a3_walker_bulldog,6.0,,,,,,7.0,100.0,0.0,,3.0,,0.0,,,,,,M41A3_(China)
fr_amx_elc_901,6.0,,,,,,69.0,94.45,0.0,0.0,2.51,2.45,0.0,,,,,,ELC_901
tornado_gr4,5.0,,,,,,134.0,41.38,0.99,1.36,0.28,0.37,0.0,,,,,,Tornado_GR.4
jh_7a,4.0,100.0,1.0,1.0,6.0,6.0,0.0,,,,,,0.0,,,,,,JH-7A
blenheim_mkiv,6.0,100.0,0.0,0.0,3.0,3.0,0.0,,,,,,0.0,,,,,,Blenheim_Mk_IV
b-17g_iaf,5.0,,,0.0,,4.0,0.0,,,,,,0.0,,,,,,B-17G_(Israel)
ussr_t_34_1941_cast_turret,4.0,100.0,0.0,,2.0,,48.0,50.0,0.0,0.0,1.05,2.1,0.0,,,,,,T-34_(1st_Gv.T.Br.)
ussr_t_26_1940,6.0,,,,,,4.0,,,,,,0.0,,,,,,T-26
il_m109a1,4.0,,,,,,22.0,,,0.0,,1.0,0.0,,,,,,Rochev
ussr_object_268,5.0,,,0.0,,3.0,257.0,48.72,0.0,0.0,1.81,1.69,0.0,,,,,,Object_268
mosquito_f_mk2_norway,4.0,,,,,,0.0,,,,,,0.0,,,,,,◢Mosquito_F.Mk.II
it_leopard_bofors,4.0,0.0,1.0,1.0,0.0,0.0,80.0,52.38,0.31,0.16,1.39,1.2,0.0,,,,,,Leopard_40/70
cn_m4a4_sherman,6.0,100.0,0.0,0.0,3.0,3.0,0.0,,,,,,0.0,,,,,,M4A4_(China)
ussr_t_28_1938,3.0,,,,,,0.0,,,,,,0.0,,,,,,T-28_(1938)
i-16_type17_china,4.0,,,1.0,,0.0,0.0,,,,,,0.0,,,,,,I-16_type_17_(China)
f2g-1,6.0,100.0,1.0,,0.0,,202.0,64.03,0.53,0.51,1.57,1.54,0.0,,,,,,F2G-1
uk_a30_sp_avenger,5.0,,,,,,231.0,74.17,0.0,0.0,5.15,3.4,0.0,,,,,,Avenger
j_7d,6.0,,,1.0,,0.0,112.0,72.47,2.03,3.22,0.29,0.25,0.0,,,,,,J-7D
uk_a30_challenger,5.0,,,0.0,,1.0,165.0,45.7,0.0,0.0,3.16,1.5,0.0,,,,,,Challenger
cn_m24_chaffee,6.0,100.0,0.0,0.0,2.0,2.0,29.0,,,0.0,,0.98,0.0,,,,,,M24_(China)
jp_m41_walker_bulldog,4.0,,,0.0,,0.0,459.0,67.81,0.06,0.06,2.3,2.65,0.0,,,,,,M41A1
bf-109c_1,6.0,,,,,,0.0,,,,,,0.0,,,,,,Bf_109_C-1
il_ss_11_halftrack,4.0,,,0.0,,1.0,46.0,0.0,0.0,0.0,4.0,2.41,0.0,,,,,,Zachlam_Tager
fr_m55,4.0,,,,,,13.0,,,,,,0.0,,,,,,M55
us_m901_itv,4.0,,,0.0,,0.0,79.0,50.0,0.0,0.0,1.33,2.67,0.0,,,,,,M901
germ_m55,6.0,,,,,,55.0,0.0,0.0,0.0,1.0,1.04,0.0,,,,,,◄M55
it_btr_80a_hungary,4.0,100.0,0.0,0.0,0.0,0.0,67.0,76.44,0.0,0.0,1.16,1.06,0.0,,,,,,◔BTR-80A
bf-109a_1,6.0,,,2.0,,0.0,0.0,,,,,,0.0,,,,,,Flegel's_Bf_109_A
su-2_tss1,2.0,100.0,1.0,0.5,17.0,8.5,0.0,,,,,,0.0,,,,,,Su-2_TSS-1
ussr_object_248,5.0,100.0,0.0,0.0,4.8,5.33,21.0,86.67,0.0,0.0,2.67,3.62,0.0,,,,,,Object_248
us_m4_sherman_promo,3.0,100.0,0.0,0.0,7.0,7.0,14.0,,,0.0,,1.44,0.0,,,,,,M4
a6m2_zero_china,4.0,100.0,6.0,6.0,0.0,0.0,3.0,100.0,2.0,2.0,1.0,1.0,0.0,,,,,,A6M2_(China)
j2m5_30mm,4.0,50.0,3.5,3.5,0.0,0.0,82.0,71.74,1.35,1.08,2.09,1.6,0.0,,,,,,J2M5
us_t32e1,6.0,50.0,0.0,0.0,3.0,3.0,111.0,53.76,0.0,0.0,2.11,1.9,0.0,,,,,,T32E1
j2m2,4.0,100.0,4.0,4.0,0.0,0.0,28.0,100.0,3.57,4.0,1.21,2.0,0.0,,,,,,J2M2
me_210ca_1_40_mm_hungary,4.0,,,1.0,,2.0,9.0,,,0.0,,0.0,0.0,,,,,,◔Me_210_Ca-1_36.M
us_m10_booker_late,5.0,,,0.0,,2.0,629.0,55.6,0.0,0.0,1.74,1.65,0.0,,,,,,M10_Booker
us_m103,6.0,50.0,0.0,0.0,1.5,3.0,224.0,55.28,0.0,0.0,2.28,1.38,0.0,,,,,,M103
me_210ca_1_hungary,4.0,,,1.0,,1.75,26.0,100.0,6.0,,0.0,,0.0,,,,,,◔Me_210_Ca-1
ussr_2s19_m2,3.0,,,,,,27.0,0.0,0.0,0.0,2.0,1.38,0.0,,,,,,2С19М2
cn_ztl_11,3.0,,,0.0,,2.0,10.0,50.0,0.0,0.0,1.0,0.78,0.0,,,,,,ZLT11
us_m48a1_patton_III,6.0,50.0,0.0,0.0,1.5,1.5,204.0,51.06,0.0,0.0,0.95,0.94,0.0,,,,,,M48A1
it_sherman_VII,3.0,,,0.0,,2.0,32.0,50.0,0.0,0.0,2.22,2.0,0.0,,,,,,M4_Tipo_IC
cn_ztz_96,4.0,50.0,0.0,0.0,1.0,2.0,374.0,69.8,0.0,0.0,6.17,4.43,0.0,,,,,,ZTZ96
us_m60a3_slep,5.0,,,,,,28.0,100.0,0.0,0.0,2.29,2.16,0.0,,,,,,M60_AMBT
douglas_ad_4_france,3.0,,,0.0,,2.0,164.0,39.88,0.55,0.54,1.6,1.45,0.0,,,,,,AD-4
germ_sturmpanzer_II,3.0,,,0.0,,1.0,8.0,100.0,0.0,0.0,0.0,0.0,0.0,,,,,,Sturmpanzer_II
douglas_ad_4,4.0,,,0.0,,3.0,146.0,58.98,0.48,0.31,2.57,2.21,0.0,,,,,,AD-4
it_of_40_mk_2a,4.0,,,,,,111.0,38.1,0.0,0.0,4.2,2.46,0.0,,,,,,OF-40_Mk.2A
f_15a,5.0,100.0,0.0,0.0,1.0,1.0,229.0,48.32,0.6,0.75,0.11,0.15,0.0,,,,,,F-15A
i-15_1934,4.0,,,,,,0.0,,,,,,0.0,,,,,,I-15_WR
spitfire_mk14e,4.0,,,,,,34.0,57.94,0.67,1.0,0.67,1.0,0.0,,,,,,Spitfire_F_Mk_XIVe
ju-288c,2.0,,,0.0,,5.0,35.0,,,0.0,,2.0,0.0,,,,,,Ju_288_C
it_m15_42_contraereo,3.0,,,,,,120.0,46.49,1.83,1.75,0.43,0.35,0.0,,,,,,M42_Contraereo
cn_type_59d,3.0,50.0,0.5,1.0,2.5,5.0,253.0,65.86,0.0,0.0,4.62,2.63,0.0,,,,,,ZTZ59D1
us_t18_e2,3.0,100.0,0.0,,5.0,,33.0,100.0,0.0,0.0,8.05,5.85,0.0,,,,,,T18E2
fr_crotale_ng,3.0,50.0,1.0,2.0,0.5,1.0,33.0,50.0,0.56,1.13,0.0,0.0,0.0,,,,,,ItO_90M
fw-190d-9_ussr,3.0,100.0,3.0,3.0,0.0,0.0,20.0,50.0,1.5,,0.0,,0.0,,,,,,Fw_190_D-9
uk_challenger_2_lep,3.0,100.0,0.0,0.0,2.0,2.0,326.0,54.11,0.0,0.0,1.74,1.77,0.0,,,,,,Challenger_3_TD
yak-9p,3.0,100.0,4.0,4.0,0.0,0.0,19.0,100.0,1.0,0.74,1.0,0.89,0.0,,,,,,Yak-9P
cn_ptz_89,5.0,50.0,0.0,0.0,1.5,2.67,87.0,100.0,0.0,0.0,5.63,3.11,0.0,,,,,,PTZ89
re_2001_cn,3.0,,,,,,28.0,56.82,0.0,0.0,0.09,0.09,0.0,,,,,,Re.2001_CN
sb2u-2,2.0,,,0.0,,1.0,0.0,,,,,,0.0,,,,,,SB2U-2
cn_type_59,3.0,,,0.0,,2.0,213.0,69.34,0.0,0.0,3.58,3.01,0.0,,,,,,Type_59
uk_marmon_herrington_mk_6_2pdr,2.0,,,,,,83.0,60.72,0.0,0.0,1.23,0.84,0.0,,,,,,SARC_MkVI_(2pdr)
il_magach_6b_gal,4.0,100.0,0.0,0.0,1.0,1.0,292.0,53.57,0.0,0.0,1.65,1.43,0.0,,,,,,Magach_6B_Gal
cn_m_41d,3.0,,,0.0,,2.0,38.0,11.76,0.0,0.0,0.26,0.69,0.0,,,,,,M41D
p-40f_10,3.0,,,,,,4.0,50.0,1.5,3.0,0.0,0.0,19.0,100.0,1.0,1.0,1.0,1.0,P-40F-10
us_t30,4.0,,,,,,85.0,43.33,0.0,0.0,1.64,1.8,0.0,,,,,,T30
germ_pz_IV_L70,4.0,,,,,,344.0,26.74,0.0,0.0,1.99,1.57,0.0,,,,,,Panzer_IV/70(V)
us_m8_scott,4.0,100.0,0.0,,1.0,,0.0,,,,,,0.0,,,,,,M8_HMC
ffvs_j22_a,4.0,100.0,2.0,2.0,0.0,0.0,6.0,,,0.0,,0.0,0.0,,,,,,J22-A
f-104a,2.0,50.0,1.0,2.0,0.0,0.0,0.0,,,,,,0.0,,,,,,F-104A
a_5c,4.0,,,,,,37.0,45.45,0.59,1.09,0.86,1.55,0.0,,,,,,A-5C
it_m60a1_ariete,3.0,,,0.0,,1.0,9.0,100.0,0.0,0.0,3.0,3.0,0.0,,,,,,"M60A1_""D.C.Ariete"""
germ_flakpanzer_IV_Ostwind_2,4.0,50.0,1.0,2.0,0.5,1.0,542.0,28.01,0.49,0.52,0.21,0.25,0.0,,,,,,Ostwind_II
saab_t18b_1,4.0,,,0.0,,2.25,1.0,,,1.0,,0.0,0.0,,,,,,T18B
f3h-2,2.0,50.0,0.5,1.0,0.0,0.0,259.0,56.93,1.36,2.09,0.58,0.88,0.0,,,,,,F3H-2
germ_amd_35_kwk,4.0,100.0,0.0,0.0,0.0,0.0,14.0,,,0.0,,2.86,0.0,,,,,,Pz.Sp.Wg.P204(f)_KwK
jp_halftrack_m16,2.0,,,,,,73.0,64.52,0.71,0.57,0.0,0.0,0.0,,,,,,M16_MGMC
cn_zsd63_pg87,4.0,0.0,1.0,,0.0,,92.0,37.14,1.07,1.53,0.72,0.85,0.0,,,,,,ZSD63/PG87
uk_chieftain_mk_3,1.0,100.0,0.0,0.0,4.0,4.0,105.0,50.0,0.0,0.0,2.01,2.34,0.0,,,,,,Chieftain_Mk_3
germ_spz_12_3,3.0,100.0,0.0,0.0,4.0,4.0,17.0,,,0.0,,1.29,0.0,,,,,,SPz_12-3_LGS
spitfire_mk9c_4cannons,4.0,100.0,4.0,4.0,0.0,0.0,24.0,100.0,1.5,1.38,2.23,1.38,0.0,,,,,,Spitfire_F_Mk_IXc
cn_ztz_88b,3.0,100.0,0.0,0.0,4.0,4.0,181.0,55.75,0.0,0.0,2.01,2.75,1.0,,,,,,ZTZ88B
spitfire_ix_plagis,4.0,100.0,3.5,3.5,0.0,0.0,1.0,100.0,1.0,,1.0,,0.0,,,,,,Plagis'_Spitfire_LF_Mk_IXc
a6m5otsu,4.0,0.0,7.0,3.5,0.0,0.0,39.0,50.0,1.13,2.28,0.5,1.0,0.0,,,,,,A6M5_otsu
mb_326k,2.0,,,2.0,,1.0,194.0,83.01,1.46,1.26,2.98,3.7,0.0,,,,,,MB-326K
ussr_is_7,2.0,,,,,,30.0,100.0,0.0,0.0,6.0,6.13,3.0,100.0,0.0,0.0,1.0,1.0,IS-7
jp_type_3_ho_ni_III,2.0,,,,,,80.0,100.0,0.0,0.0,4.35,2.7,0.0,,,,,,Ho-Ni_III
sw_pvkv_III,3.0,,,,,,26.0,,,0.0,,0.88,0.0,,,,,,Pvkv_III
ussr_bt_7_m,1.0,,,0.0,,4.0,79.0,48.89,0.0,0.0,1.65,1.25,0.0,,,,,,BT-7M
uk_m4a5_ram_2,3.0,,,,,,49.0,86.91,0.0,0.0,1.88,2.16,0.0,,,,,,Ram_II
us_m10,3.0,,,,,,91.0,27.42,0.0,0.0,1.99,1.59,0.0,,,,,,M10_GMC
sw_vickers_mk_e_37,3.0,,,0.0,,2.0,0.0,,,,,,0.0,,,,,,Vickers_Mk.E
jp_m60a3_tts,3.0,,,0.0,,1.0,78.0,64.17,0.0,0.0,3.03,4.56,0.0,,,,,,M60A3_TTS
hunter_f58_switzerland,3.0,,,2.0,,0.0,444.0,59.69,1.24,1.54,1.25,1.59,0.0,,,,,,◌Hunter_F.58
corsair_fmk2,2.0,,,,,,13.0,,,1.62,,1.38,0.0,,,,,,Corsair_F_Mk_II
cn_ztz_88a,3.0,100.0,0.0,0.0,2.0,2.0,315.0,61.45,0.0,0.0,2.39,2.64,10.0,50.0,0.0,0.0,1.5,1.5,ZTZ88A
fw-190a-8,3.0,,,,,,0.0,,,,,,0.0,,,,,,Fw_190_A-8
a7m2,2.0,,,,,,68.0,62.04,0.97,0.98,1.7,1.53,0.0,,,,,,A7M2
a6m3_mod22ko_zero,2.0,100.0,2.0,2.0,0.0,0.0,13.0,100.0,2.56,,1.0,,0.0,,,,,,A6M3_mod._22Ko
uk_challenger_2_tes,3.0,,,,,,237.0,51.97,0.0,0.0,1.1,1.34,0.0,,,,,,Challenger_2_TES
il_machbet,3.0,0.0,1.0,1.0,0.0,0.0,34.0,0.0,1.0,1.0,0.0,0.0,0.0,,,,,,Machbet
us_m3_stuart,1.0,,,,,,20.0,,,0.0,,0.55,0.0,,,,,,M3_Stuart
p-39q_25_france,3.0,,,,,,29.0,96.47,0.93,0.96,1.0,1.05,0.0,,,,,,P-39Q-25
mig-17_cuba,3.0,100.0,1.0,1.0,0.0,0.0,4.0,,,2.0,,0.0,0.0,,,,,,MiG-17AS
us_t55e1,2.0,,,0.0,,1.0,62.0,73.34,0.0,0.0,3.19,3.15,0.0,,,,,,T55E1
spitfire_mk5c,4.0,100.0,5.0,5.0,0.0,0.0,22.0,100.0,2.56,2.78,3.89,2.56,19.0,,,2.0,,0.0,Spitfire_Mk_Vc/trop
bb-1,1.0,100.0,3.0,3.0,10.0,10.0,22.0,100.0,2.4,5.5,7.23,8.33,0.0,,,,,,BB-1
a6m5ko,2.0,,,1.5,,0.0,71.0,78.13,2.41,1.93,2.71,2.56,0.0,,,,,,A6M5_Ko
ussr_pantsyr_sm_sv,3.0,,,,,,933.0,42.28,1.23,1.01,0.15,0.12,0.0,,,,,,Панцирь_СМ-СВ
germ_hummel,3.0,,,0.0,,1.67,103.0,87.5,0.0,0.0,6.88,2.01,0.0,,,,,,Hummel
germ_m44,1.0,,,,,,95.0,16.0,0.0,0.0,0.56,0.75,0.0,,,,,,M44
ussr_pt_76_57,3.0,100.0,0.0,0.0,1.0,1.0,165.0,55.83,0.0,0.0,5.59,2.87,21.0,,,0.0,,3.97,PT-76-57
cn_object_122tm,2.0,,,,,,134.0,42.42,0.0,0.0,7.13,3.7,0.0,,,,,,"Object_122MT_""MC"""
f-86f-40_china,2.0,,,1.0,,0.0,13.0,,,,,,0.0,,,,,,F-86F-40_(China)
il_magach_6c,2.0,0.0,0.0,0.0,1.0,1.0,5.0,,,,,,0.0,,,,,,Magach_6C
sm_91,1.0,,,,,,1.0,,,0.0,,1.0,0.0,,,,,,SM.91
spitfire_mk5c_notrop,4.0,100.0,6.0,6.0,0.0,0.0,51.0,100.0,2.27,2.0,1.87,1.0,0.0,,,,,,Spitfire_Mk_Vc
il_magach_6,3.0,,,0.0,,0.0,0.0,,,,,,0.0,,,,,,Magach_6
il_tiran_4_sh,3.0,,,,,,20.0,,,0.0,,0.15,0.0,,,,,,Tiran_4S
il_magach_3_idf,3.0,,,0.0,,0.0,29.0,,,0.0,,0.8,0.0,,,,,,Magach_3
bf_109t_2,1.0,,,,,,37.0,70.83,0.71,1.0,1.42,2.0,0.0,,,,,,Bf_109_T-2
us_m4a3_105_sherman,2.0,,,,,,59.0,,,0.0,,1.76,0.0,,,,,,M4A3_(105)
ki_61_1a_hei_ep,2.0,50.0,2.5,5.0,0.0,0.0,9.0,100.0,0.0,0.0,1.0,0.56,0.0,,,,,,Tada's_Ki-61-I_hei
spitfire_f22,2.0,100.0,3.0,3.0,0.0,0.0,78.0,50.0,0.91,1.05,0.65,0.8,0.0,,,,,,Spitfire_F_Mk_22
it_p_40,1.0,,,,,,6.0,,,0.0,,3.17,0.0,,,,,,P40
germ_pzkpfw_V_ersatz_m10,2.0,100.0,0.0,,1.0,,0.0,,,,,,0.0,,,,,,Ersatz_M10
b-17g,2.0,,,,,,0.0,,,,,,0.0,,,,,,B-17G-60-VE
ki_61_1a_ko,2.0,,,,,,0.0,,,,,,0.0,,,,,,Ki-61-I_ko
fr_mars_15,0.0,,,,,,27.0,51.59,0.0,0.0,1.58,2.56,0.0,,,,,,MARS_15
uk_fv4202,0.0,,,,,,146.0,46.15,0.0,0.0,2.04,1.59,0.0,,,,,,FV4202
brigand_b1,1.0,,,1.0,,1.0,0.0,,,,,,0.0,,,,,,Brigand_B_1
spitfire_xvi,1.0,,,1.0,,0.0,0.0,,,,,,0.0,,,,,,Spitfire_F_Mk_XVI
do_335a_0,2.0,,,1.0,,0.0,7.0,,,0.0,,0.0,0.0,,,,,,Do_335_A-0
p-63a-5_ussr,3.0,,,1.0,,1.0,144.0,51.61,1.69,1.56,2.29,2.27,0.0,,,,,,P-63A-5
germ_marder_1a1,2.0,,,0.0,,0.0,478.0,43.81,0.01,0.01,0.7,0.74,0.0,,,,,,Marder_A1-
typhoon_mk1a,0.0,,,,,,19.0,,,0.0,,0.0,0.0,,,,,,Typhoon_Mk_Ia
d4y2,0.0,,,,,,0.0,,,,,,0.0,,,,,,D4Y2
bf-109g-2_hungary,0.0,,,,,,22.0,100.0,2.21,,1.21,,0.0,,,,,,◐Bf_109_G-2
db_7,0.0,,,,,,0.0,,,,,,0.0,,,,,,DB-7
bf-109g-10,0.0,,,,,,28.0,0.0,1.0,,1.0,,0.0,,,,,,Bf_109_G-10
b6n1,0.0,,,,,,13.0,100.0,0.0,0.0,1.0,1.0,0.0,,,,,,B6N1_Model_11
wm_21,0.0,,,,,,0.0,,,,,,0.0,,,,,,◔WM-21
ki_21_1ko,0.0,,,,,,0.0,,,,,,0.0,,,,,,Ki-21-Ia
a_7e,0.0,,,,,,3.0,100.0,0.0,0.0,1.0,1.0,0.0,,,,,,A-7E
spitfire_lf_mk9c_cw_greece,0.0,,,,,,58.0,98.08,1.1,1.09,0.33,0.33,0.0,,,,,,Spitfire_LF_Mk.IXc_(CW)
p-51c-11-nt_china,1.0,,,1.0,,1.0,15.0,,,0.53,,0.87,0.0,,,,,,P-51C-11-NT_(China)
p-51d-10,0.0,,,,,,66.0,50.0,1.59,1.59,1.0,1.0,0.0,,,,,,P-51D-10
us_m4a3e8_76w_sherman_kit_3rank,0.0,,,,,,289.0,55.36,0.08,0.06,2.34,2.05,0.0,,,,,,Sherman_(Hell)
ki-45_ko,0.0,,,,,,0.0,,,,,,0.0,,,,,,Ki-45_ko
b7a2_homare_23,0.0,,,,,,28.0,100.0,3.82,1.75,4.18,2.0,0.0,,,,,,B7A2_(Homare_23)
il_merkava_mk_3_raam_segol,0.0,,,,,,452.0,51.54,0.0,0.0,3.98,1.81,3.0,,,0.0,,1.0,Ra'am_Sagol
ussr_su_5_1,0.0,,,,,,0.0,,,,,,0.0,,,,,,SU-5-1
beaufort_mkviii,0.0,,,,,,0.0,,,,,,0.0,,,,,,Beaufort_Mk_VIII
sb2c_5_thailand,0.0,,,,,,173.0,60.99,1.25,1.12,2.98,2.72,0.0,,,,,,SB2C-5
it_t_72m1,0.0,,,,,,226.0,90.2,0.0,0.0,4.68,3.1,0.0,,,,,,◔T-72M1
mc-202_ec,0.0,,,,,,19.0,75.0,1.25,3.0,1.08,2.75,0.0,,,,,,C._202EC
fr_vbci2_mct30,0.0,,,,,,36.0,39.39,0.0,0.0,0.37,1.01,0.0,,,,,,VBCI-2_(MCT30)
cn_m5a1_stuart,0.0,,,,,,3.0,,,0.0,,1.0,0.0,,,,,,M5A1_(China)
meteor_nfmk13,0.0,,,,,,50.0,100.0,4.67,,2.0,,0.0,,,,,,Meteor_NF.13_(Israel)
cn_zsl_92,0.0,,,,,,136.0,62.01,0.04,0.02,0.75,0.46,0.0,,,,,,ZSL92
uk_a_13_mk1_3rd_rtr,0.0,,,,,,7.0,,,,,,0.0,,,,,,A13_Mk_I_(3rd_R.T.R.)
a-26b,0.0,,,,,,0.0,,,,,,0.0,,,,,,A-26B-50
am_1_mauler,0.0,,,,,,204.0,84.28,0.06,0.09,3.0,2.98,0.0,,,,,,AM-1
uk_crusader_aa_mk_1,0.0,,,,,,140.0,69.23,0.35,0.27,2.54,2.04,0.0,,,,,,Crusader_AA_Mk_I
us_m1128_wolfpack,0.0,,,,,,1039.0,53.62,0.0,0.0,1.62,1.2,0.0,,,,,,M1128_Wolfpack
p-26a_33,0.0,,,,,,0.0,,,,,,0.0,,,,,,P-26A-33
he51c1,0.0,,,,,,0.0,,,,,,0.0,,,,,,He_51_C-1
fr_amx_50_foch,0.0,,,,,,55.0,0.0,0.0,0.0,3.0,1.21,0.0,,,,,,AMX-50_Foch
sm_79_1939_italy,0.0,,,,,,0.0,,,,,,0.0,,,,,,S.M.79_serie_8
a6m6c,0.0,,,,,,50.0,85.72,1.48,2.68,1.96,3.84,0.0,,,,,,A6M6c
germ_wiesel_2_adwc,0.0,,,,,,118.0,28.44,0.79,0.94,0.0,0.0,0.0,,,,,,Ozelot
jp_type_2_ka_mi,0.0,,,,,,0.0,,,,,,0.0,,,,,,Ka-Mi
fr_pzkpfw_V_panther_dauphine,0.0,,,,,,19.0,100.0,0.0,0.0,3.78,1.9,0.0,,,,,,Panther_«Dauphine»
ju-87d-5,0.0,,,,,,19.0,,,0.0,,1.05,0.0,,,,,,Ju_87_D-5
bf-109e-3,0.0,,,,,,42.0,100.0,0.54,0.32,0.0,0.0,0.0,,,,,,Bf_109_E-3
a_7d,0.0,,,,,,42.0,,,,,,0.0,,,,,,A-7D
cn_m3a3_stuart,0.0,,,,,,4.0,,,0.0,,1.0,0.0,,,,,,M3A3_Stuart_(China)
germ_sdkfz_251_22,0.0,,,,,,33.0,50.0,0.0,0.0,3.06,2.04,0.0,,,,,,Sd.Kfz.251/22
f_111f,0.0,,,,,,51.0,23.12,0.77,1.0,0.79,1.28,9.0,,,0.0,,0.11,F-111F
it_40m_turan_1,0.0,,,,,,30.0,28.0,0.0,0.0,1.54,2.2,0.0,,,,,,Turan_I
f6f-5_france,0.0,,,,,,137.0,66.76,0.33,0.45,1.91,2.54,0.0,,,,,,F6F-5
saab_b18b,0.0,,,,,,105.0,66.67,0.0,0.0,0.79,0.51,0.0,,,,,,B18B
gladiator_mk2,0.0,,,,,,0.0,,,,,,0.0,,,,,,Gladiator_Mk_II
p-43a-1_china,0.0,,,,,,0.0,,,,,,0.0,,,,,,P-43A-1_(China)
pyorremyrsky,0.0,,,,,,68.0,97.83,1.58,1.89,1.5,1.93,0.0,,,,,,VL_Pyörremyrsky
sw_cv_90120,0.0,,,,,,163.0,37.5,0.0,0.0,2.8,1.35,0.0,,,,,,CV_90120
it_semovente_breda_501,0.0,,,,,,115.0,53.97,0.0,0.0,2.48,1.9,0.0,,,,,,Breda_501
fr_amx_vtt_dca,0.0,,,,,,57.0,86.36,1.05,1.44,0.86,1.0,0.0,,,,,,VTT_DCA
md_450b_ouragan_iaf,0.0,,,,,,12.0,,,1.0,,0.0,0.0,,,,,,M.D.450B_Ouragan_(Israel)
i-16_type24,1.0,,,,,,0.0,,,,,,0.0,,,,,,I-16_type_24
uk_m3a1_stuart,0.0,,,,,,16.0,100.0,0.0,0.0,4.0,4.0,0.0,,,,,,Stuart_III
cn_su_100_1945,0.0,,,,,,83.0,22.73,0.0,0.0,4.09,1.69,0.0,,,,,,SU-100_(China)
j6b,0.0,,,,,,0.0,,,,,,0.0,,,,,,J6B
ki_44_1,0.0,,,,,,0.0,,,,,,0.0,,,,,,Ki-44-I
seafire_fr47,0.0,,,,,,10.0,,,1.0,,0.7,0.0,,,,,,Seafire_FR_47
yak-3_france,0.0,,,,,,137.0,65.05,2.39,3.06,0.63,0.77,16.0,,,,,,Yak-3
il_mim_72_chaparral,0.0,,,,,,23.0,100.0,1.0,1.0,0.0,0.0,0.0,,,,,,Imp.Chaparral_(Israel)
uk_crusader_aa_mk_2_kit_3rank,0.0,,,,,,7.0,100.0,1.0,1.0,0.0,0.0,0.0,,,,,,Crusader_AA_(Overlord)
il_m_51_w,0.0,,,,,,29.0,50.0,0.0,0.0,2.5,2.03,0.0,,,,,,M-51_(W)
ta_154a_1,0.0,,,,,,0.0,,,,,,0.0,,,,,,Ta_154_A-1
sb2c_4,0.0,,,,,,2.0,,,,,,0.0,,,,,,SB2C-4
fokker_d21_serie3_finland,0.0,,,,,,0.0,,,,,,0.0,,,,,,Fokker_D.XXI-3
p1y1_mod11_china,0.0,,,,,,0.0,,,,,,0.0,,,,,,P1Y1_mod._11_(China)
caudron_cr714,0.0,,,,,,0.0,,,,,,0.0,,,,,,C.R.714
germ_infanterie_kampfpanzer_churchill,0.0,,,,,,40.0,38.64,0.0,0.0,1.61,1.66,0.0,,,,,,Pz.Kpfw._Churchill
bf-110g-2,0.0,,,,,,8.0,,,0.0,,2.0,0.0,,,,,,Bf_110_G-2
sw_kungstiger,1.0,,,0.0,,5.0,65.0,0.0,0.0,0.0,10.63,4.85,3.0,,,0.0,,1.0,Kungstiger
germ_stug_III_ausf_F,0.0,,,,,,24.0,20.0,0.0,0.0,2.58,1.95,0.0,,,,,,StuG_III_F
il_2_m82,0.0,,,,,,0.0,,,,,,0.0,,,,,,IL-2_M-82
il_merkava_mk_4b,0.0,,,,,,164.0,58.28,0.0,0.0,2.56,1.98,0.0,,,,,,Merkava_Mk.4B
p-51h-5_na,0.0,,,,,,139.0,60.75,0.88,1.2,0.42,0.58,3.0,,,,,,P-51H-5-NA
fr_vbci,0.0,,,,,,165.0,55.0,0.08,0.06,2.87,2.59,0.0,,,,,,VBCI
a6m2_n_zero,0.0,,,,,,7.0,,,0.0,,0.0,0.0,,,,,,A6M2-N
germ_pzkpfw_38t_Marder_III,0.0,,,,,,0.0,,,,,,0.0,,,,,,Marder_III
germ_flakpanzer_IV_Kugelblitz,0.0,,,,,,231.0,26.98,1.12,0.78,0.43,0.22,0.0,,,,,,Kugelblitz
me-262a1_u1,0.0,,,,,,92.0,38.54,1.43,1.17,1.11,0.61,0.0,,,,,,Me_262_A-1a/U1
p-40e_china,0.0,,,,,,8.0,,,1.0,,1.0,0.0,,,,,,P-40E-1_(China)
halifax_mk3,0.0,,,,,,0.0,,,,,,0.0,,,,,,Halifax_B_Mk_IIIa
i-16_type10_china,0.0,,,,,,0.0,,,,,,0.0,,,,,,I-16_type_10_(China)
yak-3_vk107,0.0,,,,,,62.0,45.83,1.73,3.29,0.04,0.04,0.0,,,,,,Yak-3_(VK-107)
xf5u_1,0.0,,,,,,50.0,50.0,1.13,1.0,1.0,0.49,0.0,,,,,,XF5U-1
d4y3,0.0,,,,,,5.0,,,,,,0.0,,,,,,D4Y3_Ko
ussr_t_26_4,0.0,,,,,,0.0,,,,,,0.0,,,,,,T-26-4
it_m11_39,0.0,,,,,,0.0,,,,,,0.0,,,,,,M11/39
it_otobreda_sidam_25,0.0,,,,,,25.0,50.0,0.0,0.0,0.0,0.0,0.0,,,,,,SIDAM_25
ki_61_1a_tei,0.0,,,,,,32.0,100.0,2.21,4.31,1.39,2.85,0.0,,,,,,Ki-61-I_tei
us_m24_chaffee_tl,1.0,,,0.0,,1.0,50.0,84.13,0.0,0.0,1.76,1.86,0.0,,,,,,M24_(TL)
wyvern_s4,0.0,,,,,,69.0,95.43,2.78,2.4,8.01,6.7,19.0,,,1.11,,1.63,Wyvern_S4
mc-202_italy,0.0,,,,,,9.0,100.0,0.25,0.25,0.0,0.0,0.0,,,,,,C._202
jp_type_87,0.0,,,,,,396.0,33.74,0.26,0.14,0.98,0.57,0.0,,,,,,Type_87
ussr_t_26_1940_1st_GvTBr,0.0,,,,,,25.0,0.0,0.0,0.0,1.0,1.0,9.0,,,,,,T-26_(1st_Gv.T.Br.)
seafire_mk3_france,0.0,,,,,,28.0,100.0,0.09,0.19,1.0,1.13,0.0,,,,,,Seafire_LF_Mk.III
p-47d_22_re_france,0.0,,,,,,40.0,100.0,0.0,0.0,1.3,1.3,0.0,,,,,,P-47D-22-RE
fr_amx_elc_bis,0.0,,,,,,274.0,50.65,0.0,0.0,1.06,0.82,0.0,,,,,,ELC_bis
tornado_gr1,0.0,,,,,,28.0,50.0,0.0,0.0,1.5,3.0,0.0,,,,,,Tornado_GR.1
germ_pzsflk40_sturer_emil,0.0,,,,,,44.0,0.0,0.0,0.0,2.7,3.33,0.0,,,,,,Sturer_Emil
fiat_g50_seria7as_italy,0.0,,,,,,0.0,,,,,,0.0,,,,,,G.50_AS_serie_7
it_b1_centauro,0.0,,,,,,187.0,79.91,0.0,0.0,2.29,1.12,0.0,,,,,,Centauro_I_105
germ_pzkpfw_II_ausf_C,0.0,,,,,,0.0,,,,,,0.0,,,,,,Pz.II_C
cn_ztz_59a,0.0,,,,,,49.0,100.0,0.0,0.0,2.0,2.0,3.0,100.0,0.0,0.0,2.0,2.0,ZTZ59A
g_55_serie1,0.0,,,,,,33.0,100.0,1.52,0.73,0.55,0.18,0.0,,,,,,G.55_serie_1
la_200_toriy,0.0,,,,,,46.0,100.0,0.2,1.13,1.0,0.7,0.0,,,,,,La-200
morko_morane,0.0,,,,,,9.0,,,1.0,,1.0,0.0,,,,,,Mörkö-Morane
it_ariete_amv_pt1,0.0,,,,,,76.0,0.0,0.0,0.0,7.06,4.02,0.0,,,,,,Ariete_AMV
fw_190f_8_hungary,0.0,,,,,,14.0,,,0.0,,1.0,0.0,,,,,,◔Fw_190_F-8
germ_flakpanzer_IV_Ostwind_2_net,0.0,,,,,,130.0,26.61,0.94,0.92,0.49,0.45,13.0,0.0,1.0,0.69,0.0,0.0,Ostwind_Ost
tb_3_m17_32,0.0,,,,,,0.0,,,,,,0.0,,,,,,TB-3M-17-32
yak_141,0.0,,,,,,46.0,41.67,1.24,1.69,0.0,0.0,11.0,,,1.64,,0.0,Yak-141
db_3a_china,0.0,,,,,,0.0,,,,,,0.0,,,,,,DB-3A_(China)
germ_pzkpfw_38t_ausf_A,0.0,,,,,,14.0,,,0.0,,2.0,0.0,,,,,,Pz.38(t)_A
fokker_d21_mod20,0.0,,,,,,0.0,,,,,,0.0,,,,,,Fokker_D.XXI
p-47d_16_re_germany,0.0,,,,,,22.0,100.0,1.0,1.0,1.0,1.0,0.0,,,,,,P-47D-16-RE
cn_m42_duster,0.0,,,,,,56.0,0.0,0.0,0.0,1.56,1.0,0.0,,,,,,M42_(China)
sw_pvkv_m43_1946,0.0,,,,,,3.0,,,0.0,,0.0,0.0,,,,,,Pvkv_m/43_(1946)
cn_is_2_1943_no402,0.0,,,,,,30.0,50.0,0.0,0.0,1.43,1.43,0.0,,,,,,IS-2_No.402
it_semovente_m43_75_46,0.0,,,,,,2.0,,,0.0,,1.0,0.0,,,,,,75/46_M43
f4u-7,0.0,,,,,,158.0,73.55,0.28,0.23,3.26,2.41,64.0,68.18,2.66,2.16,3.82,2.89,F4U-7
jp_m44,0.0,,,,,,226.0,55.35,0.0,0.0,1.19,1.35,0.0,,,,,,M44
he51c1_late,0.0,,,,,,0.0,,,,,,0.0,,,,,,He_51_C-1/L
fr_amx_30_dca,0.0,,,,,,213.0,45.38,0.38,0.27,0.99,0.73,0.0,,,,,,AMX-30_DCA
sb2c_1c,0.0,,,,,,0.0,,,,,,0.0,,,,,,SB2C-1C
uk_a27m_cromwell_1,0.0,,,,,,128.0,96.54,0.0,0.0,2.57,2.19,0.0,,,,,,Cromwell_I
f_106a_1972,0.0,,,,,,52.0,100.0,5.25,3.7,0.0,0.0,0.0,,,,,,F-106A
us_m56_scorpion,0.0,,,,,,211.0,49.62,0.0,0.0,3.66,1.41,0.0,,,,,,M56
us_m551,0.0,,,,,,783.0,58.1,0.0,0.0,0.93,0.89,0.0,,,,,,M551
a_10c,0.0,,,,,,33.0,68.75,0.56,0.81,3.31,4.75,0.0,,,,,,A-10C
us_m6a2e1,0.0,,,,,,41.0,100.0,0.0,0.0,6.0,4.61,0.0,,,,,,M6A2E1
n1k2_jko,0.0,,,,,,45.0,100.0,0.53,0.36,1.63,1.5,0.0,,,,,,N1K2-Ja
sw_cv_9035_dk,0.0,,,,,,151.0,60.54,0.0,0.0,2.72,2.39,0.0,,,,,,CV9035DK
germ_bmp_1_ddr,0.0,,,,,,116.0,24.24,0.0,0.0,0.78,0.46,0.0,,,,,,SPz_BMP-1
uk_ajax,0.0,,,,,,421.0,51.38,0.0,0.0,1.64,1.3,0.0,,,,,,Ajax
il_centurion_mk_5_shot,0.0,,,,,,85.0,37.65,0.0,0.0,1.84,1.4,0.0,,,,,,Sho't
germ_leopard_2a5,0.0,,,,,,1043.0,44.54,0.0,0.0,1.53,1.35,0.0,,,,,,Leopard_2A5
he_112a_0,0.0,,,,,,17.0,100.0,0.12,0.12,2.47,2.47,0.0,,,,,,He_112_A-0
sw_pt_76b,0.0,,,,,,326.0,44.56,0.0,0.0,0.94,0.9,0.0,,,,,,PT-76
f2h-2,0.0,,,,,,194.0,54.57,1.05,0.93,0.6,0.56,0.0,,,,,,F2H-2
germ_boxer_swatrinf,0.0,,,,,,334.0,38.28,0.01,0.01,0.69,0.41,0.0,,,,,,sWaTrgInf
mc-205_serie3,0.0,,,,,,13.0,100.0,2.6,,1.7,,0.0,,,,,,C._205_serie_3
a6m5_zero,0.0,,,,,,110.0,52.5,2.31,2.09,0.76,0.52,0.0,,,,,,A6M5
fr_amx_30_1972,0.0,,,,,,265.0,61.05,0.0,0.0,2.43,1.52,0.0,,,,,,AMX-30_(1972)
uk_charioteer_mk_7,0.0,,,,,,214.0,49.5,0.0,0.0,3.33,1.81,0.0,,,,,,Charioteer_Mk_VII
ussr_bmp_2m,0.0,,,,,,1697.0,45.4,0.0,0.0,1.19,0.83,4.0,,,0.0,,1.0,BMP-2M
b-17e,0.0,,,,,,0.0,,,,,,0.0,,,,,,B-17E
lightning_f6,0.0,,,,,,0.0,,,,,,0.0,,,,,,Lightning_F.6
germ_wiesel_1_tow,0.0,,,,,,593.0,41.74,0.0,0.0,1.25,1.04,0.0,,,,,,Wiesel_1A2
pb4y-2,0.0,,,,,,0.0,,,,,,0.0,,,,,,PB4Y-2
spitfiremkiia_ep,0.0,,,,,,8.0,,,1.0,,1.0,0.0,,,,,,Spitfire_Mk.IIa_Venture_I
i-15_1935_moscow,0.0,,,,,,0.0,,,,,,0.0,,,,,,I-15_M-25
sw_vickers_mk_e_45,0.0,,,,,,0.0,,,,,,0.0,,,,,,T-26E
fw_190a_5_u14,0.0,,,,,,0.0,,,,,,0.0,,,,,,Fw_190_A-5/U14
maryland_mk1_france,0.0,,,,,,0.0,,,,,,0.0,,,,,,Martin_167-A3
us_m18_hellcat_black_cat_race,,,,,,,,,,,,,,,,,,,"""Racing""_M18"
it_semovente_m43_105,0.0,,,,,,0.0,,,,,,0.0,,,,,,105/25_M43
germ_panzerwerfer_42,0.0,,,,,,0.0,,,,,,0.0,,,,,,15_cm_Pz.W.42
fr_char_2c,0.0,,,,,,0.0,,,,,,0.0,,,,,,2C
ussr_2s25m,0.0,,,,,,1295.0,49.99,0.0,0.0,1.42,1.15,26.0,,,0.0,,1.0,2S25M
ussr_zprk_2s6,0.0,,,,,,1164.0,48.09,0.77,0.75,0.34,0.33,0.0,,,,,,2S6
it_semovente_l40,0.0,,,,,,0.0,,,,,,0.0,,,,,,47/32_L40
it_semovente_m41_75_18,0.0,,,,,,0.0,,,,,,0.0,,,,,,75/18_M41
it_semovente_m41_75_32,0.0,,,,,,0.0,,,,,,0.0,,,,,,75/32_M41
it_semovente_m43_75_34,0.0,,,,,,0.0,,,,,,0.0,,,,,,75/34_M43
ussr_buk_m3_launcher,,,,,,,,,,,,,,,,,,,"9К317М_""БУК-М3""_(СОУ)"
a_10a_late,0.0,,,,,,363.0,69.13,1.55,0.93,7.67,3.68,0.0,,,,,,A-10A_Late
douglas_a_1h,0.0,,,,,,404.0,87.47,0.33,0.31,5.45,5.24,0.0,,,,,,A-1H
a-26c,0.0,,,,,,0.0,,,,,,0.0,,,,,,A-26C-45
a-26c-45-dt,0.0,,,,,,0.0,,,,,,0.0,,,,,,A-26C-45DT
a_29_hudson,0.0,,,,,,0.0,,,,,,0.0,,,,,,A-29
a-35b,0.0,,,,,,0.0,,,,,,0.0,,,,,,A-35B
a_4b,0.0,,,,,,326.0,68.77,0.15,0.17,1.4,1.55,0.0,,,,,,A-4B
a_4e_early,0.0,,,,,,280.0,60.23,0.4,0.39,2.52,2.19,0.0,,,,,,A-4E_Early
a_6e_tram,0.0,,,,,,97.0,45.45,0.36,0.36,2.47,2.63,55.0,100.0,2.0,0.17,2.0,0.17,A-6E_TRAM
a_7e_thailand,0.0,,,,,,23.0,50.0,1.0,0.83,1.0,0.23,0.0,,,,,,A-7E
uk_ac4_thunderbolt,0.0,,,,,,1.0,,,0.0,,1.0,0.0,,,,,,A.C.IV
vampire_fb5_j28b,0.0,,,,,,30.0,50.0,1.03,0.7,0.5,0.95,0.0,,,,,,A28B
saab_j29b,0.0,,,,,,30.0,21.67,0.0,0.0,0.2,0.18,0.0,,,,,,A29B
a2d,0.0,,,,,,618.0,57.6,0.3,0.27,1.89,1.66,37.0,,,0.76,,2.52,A2D-1
saab_a32a,0.0,,,,,,69.0,50.0,2.5,1.72,5.59,3.99,0.0,,,,,,A32A
saab_a32a_red_adam,0.0,,,,,,0.0,,,,,,0.0,,,,,,A32A_Röd_Adam
a6m2_zero_usa,0.0,,,,,,5.0,,,,,,0.0,,,,,,A6M2
a7he1,0.0,,,,,,0.0,,,,,,0.0,,,,,,A7He1
germ_a7v,0.0,,,,,,0.0,,,,,,0.0,,,,,,A7V
uk_17_pdr_m10_achilles,0.0,,,,,,66.0,0.0,0.0,0.0,4.71,3.47,0.0,,,,,,Achilles
douglas_ad_4na_france,0.0,,,,,,10.0,60.0,0.0,0.0,1.0,1.0,14.0,,,1.0,,3.0,AD-4NA
uk_adats_m113a3,0.0,,,,,,173.0,50.0,1.01,0.67,0.39,0.24,0.0,,,,,,ADATS_(M113)
uk_armored_car_mk_2_aa,0.0,,,,,,18.0,50.0,0.1,0.2,0.5,0.8,0.0,,,,,,AEC_AA
uk_armored_car_aec_mk_2,0.0,,,,,,45.0,65.38,0.0,0.0,2.58,2.75,0.0,,,,,,AEC_Mk_II
cn_hj_9,0.0,,,,,,179.0,72.78,0.0,0.0,2.97,2.93,0.0,,,,,,AFT09
us_ags_teledyne,0.0,,,,,,186.0,71.15,0.0,0.0,5.05,2.24,0.0,,,,,,AGS
aichi_e13a,,,,,,,,,,,,,,,,,,,Aichi_E13A1
saab_aj37,0.0,,,,,,130.0,53.66,0.32,0.34,0.77,0.9,0.0,,,,,,AJ37
saab_ajs37_early,0.0,,,,,,28.0,54.17,0.93,0.93,1.08,1.08,0.0,,,,,,AJS37_(Early)
uk_alecto_mk_1,0.0,,,,,,0.0,,,,,,0.0,,,,,,Alecto_I
alpha_jet_a_thailand,0.0,,,,,,235.0,70.75,0.19,0.17,2.89,3.39,0.0,,,,,,Alpha_Jet_A
alpha_jet_a,0.0,,,,,,260.0,59.3,0.19,0.15,1.66,1.13,48.0,,,0.0,,2.89,Alpha_Jet_A
alpha_jet_a_jabog41,0.0,,,,,,62.0,50.0,0.0,0.0,0.63,1.03,0.0,,,,,,Alpha_Jet_A_(JaboG_41)
alpha_jet_e,0.0,,,,,,40.0,100.0,0.0,0.0,1.35,1.29,0.0,,,,,,Alpha_Jet_E
alpha_jet_th_phase_1,0.0,,,,,,38.0,54.76,0.39,0.23,1.17,1.38,0.0,,,,,,Alpha_Jet_TH
fr_amc_34,0.0,,,,,,0.0,,,,,,0.0,,,,,,AMC.34_YR
fr_amc_35,0.0,,,,,,19.0,,,,,,0.0,,,,,,AMC.35_(ACG.1)
fr_amd_35,0.0,,,,,,27.0,,,0.0,,1.81,0.0,,,,,,AMD.35
fr_aml_90,0.0,,,,,,141.0,59.78,0.0,0.0,2.2,0.95,0.0,,,,,,AML-90
fr_amr_35_zt3,0.0,,,,,,0.0,,,,,,0.0,,,,,,AMR.35_ZT3
amx,0.0,,,,,,20.0,83.33,0.0,0.0,2.77,4.43,0.0,,,,,,AMX
amx_a_1a_brazil,0.0,,,,,,33.0,100.0,0.0,0.0,2.36,1.06,3.0,,,,,,AMX_A-1A
fr_amx_10m_acra,0.0,,,,,,18.0,100.0,0.0,0.0,4.0,2.0,0.0,,,,,,AMX-10M
fr_amx_10p,0.0,,,,,,289.0,58.07,0.24,0.29,0.36,0.4,0.0,,,,,,AMX-10P
fr_amx_13_hot,0.0,,,,,,0.0,,,,,,0.0,,,,,,AMX-13_(HOT)
fr_amx_13_75_ss11,0.0,,,,,,13.0,100.0,0.0,0.0,3.0,3.0,0.0,,,,,,AMX-13_(SS.11)
fr_amx_30,0.0,,,,,,87.0,53.64,0.0,0.0,1.81,1.74,0.0,,,,,,AMX-30
fr_amx_50_1950,0.0,,,,,,136.0,83.33,0.0,0.0,3.83,2.64,30.0,50.0,0.0,0.0,1.0,2.94,AMX-50_(TO90/930)
fr_amx_50_surblinde,0.0,,,,,,17.0,,,0.0,,3.0,0.0,,,,,,AMX-50_Surblindé
cn_antelope_tc_1l_ads,0.0,,,,,,21.0,82.35,0.0,0.0,0.0,0.0,0.0,,,,,,Antelope
arado-196a-3,0.0,,,,,,0.0,,,,,,0.0,,,,,,Ar_196_A-3
arado-196a-5,0.0,,,,,,0.0,,,,,,0.0,,,,,,Ar_196_A-5
arado-234,0.0,,,,,,34.0,50.0,0.0,0.0,2.82,3.36,0.0,,,,,,Ar_234_B-2
arado-234c-3,0.0,,,,,,30.0,,,0.0,,1.95,0.0,,,,,,Ar_234_C-3
ariete,0.0,,,,,,177.0,58.06,3.0,3.16,1.66,1.77,8.0,0.0,1.0,1.0,0.0,0.0,Ariete
uk_as_90_mk_2,0.0,,,,,,147.0,40.65,0.0,0.0,2.79,2.82,0.0,,,,,,AS90
sw_asrad_r,0.0,,,,,,48.0,100.0,2.54,,0.0,,0.0,,,,,,ASRAD-R
attaker_fb1,0.0,,,,,,0.0,,,,,,0.0,,,,,,Attacker_FB_1
attaker_fb2,0.0,,,,,,50.0,78.57,0.86,1.14,1.26,1.76,0.0,,,,,,Attacker_FB.2
f4u-6_au-1,0.0,,,,,,362.0,77.08,0.44,0.5,2.86,3.28,0.0,,,,,,AU-1
it_aubl_74_60_70m,0.0,,,,,,270.0,66.67,0.0,0.0,2.66,1.0,0.0,,,,,,AUBL/74_HVG
fr_amx_30_auf_1,0.0,,,,,,45.0,71.43,0.06,0.04,0.55,0.94,0.0,,,,,,AuF1
av_8b_plus_italy,0.0,,,,,,0.0,,,,,,0.0,,,,,,AV-8B_Plus
av_8s_thailand,0.0,,,,,,46.0,65.91,1.5,2.68,1.18,2.36,0.0,,,,,,AV-8S
av_8s_late_thailand,0.0,,,,,,5.0,100.0,1.0,1.0,0.0,0.0,0.0,,,,,,AV-8S_Late
avenger_mk1,0.0,,,,,,0.0,,,,,,0.0,,,,,,Avenger_Mk_II
a_4n,0.0,,,,,,69.0,50.0,1.26,1.89,3.88,6.06,0.0,,,,,,Ayit
b_10b,0.0,,,,,,0.0,,,,,,0.0,,,,,,B-10B
b-17e_japan,0.0,,,,,,0.0,,,,,,0.0,,,,,,B-17E
b_18a,0.0,,,,,,0.0,,,,,,0.0,,,,,,B-18A
b_25j_1,0.0,,,,,,0.0,,,,,,0.0,,,,,,B-25J-1
b_25j_20,0.0,,,,,,0.0,,,,,,0.0,,,,,,B-25J-20
b_26c_france,0.0,,,,,,0.0,,,,,,0.0,,,,,,B-26C
b_34,0.0,,,,,,0.0,,,,,,0.0,,,,,,B-34
b_52h,0.0,,,,,,24.0,100.0,0.0,0.0,6.0,3.45,0.0,,,,,,B-52H
b-57,0.0,,,,,,10.0,,,0.0,,0.0,0.0,,,,,,B-57A
b-57b,0.0,,,,,,0.0,,,,,,0.0,,,,,,B-57B
b_66b,0.0,,,,,,0.0,,,,,,0.0,,,,,,B-66B
br_20_dr,0.0,,,,,,0.0,,,,,,0.0,,,,,,B.R.20DR
br_20m_m1,0.0,,,,,,0.0,,,,,,0.0,,,,,,B.R.20M_M1
fr_b1_bis,0.0,,,,,,26.0,,,0.0,,1.21,0.0,,,,,,B1_bis
fr_b1_ter,0.0,,,,,,15.0,,,0.0,,2.33,0.0,,,,,,B1_ter
saab_b17a,0.0,,,,,,0.0,,,,,,0.0,,,,,,B17A
saab_b17b,0.0,,,,,,10.0,0.0,0.0,0.0,0.0,0.0,0.0,,,,,,B17B
saab_b18a,0.0,,,,,,0.0,,,,,,0.0,,,,,,B18A
b6n2,0.0,,,,,,0.0,,,,,,0.0,,,,,,B6N2_Model_12
b6n2a,0.0,,,,,,0.0,,,,,,0.0,,,,,,B6N2a_Model_12Ko
ussr_ba_11,0.0,,,,,,0.0,,,,,,0.0,,,,,,BA-11
ba_65_k14_l,0.0,,,,,,0.0,,,,,,0.0,,,,,,Ba.65_(K.14)_L
ba_65_a80,0.0,,,,,,0.0,,,,,,0.0,,,,,,Ba.65_A.80
uk_badger,0.0,,,,,,23.0,66.67,0.0,0.0,1.25,1.08,0.0,,,,,,Badger
f_16d_block_40_barak_2,0.0,,,,,,82.0,94.84,0.76,1.19,2.0,2.31,0.0,,,,,,Barak_II
il_m113_hvms,0.0,,,,,,58.0,79.03,0.0,0.0,1.68,1.63,0.0,,,,,,Bardelas/60mm_HVMS
f_15a_iaf,0.0,,,,,,0.0,,,,,,0.0,,,,,,Baz
f_15c_baz_msip,0.0,,,,,,0.0,,,,,,0.0,,,,,,Baz_Meshupar
be_6,0.0,,,,,,0.0,,,,,,0.0,,,,,,Be-6
beaufighter_mk1_40mm,0.0,,,,,,0.0,,,,,,0.0,,,,,,Beaufighter_Mk_I_(40-mm)
germ_beutepanzer_mk_iv,0.0,,,,,,0.0,,,,,,0.0,,,,,,Beutepanzer_IV
bf-109c_1_promo,0.0,,,,,,0.0,,,,,,0.0,,,,,,Bf_109_C-1_Promo
bf-109e-3_japan,0.0,,,,,,12.0,,,,,,0.0,,,,,,Bf_109_E-7
bf-109e-7,0.0,,,,,,0.0,,,,,,0.0,,,,,,Bf_109_E-7/U2
bf-109g-14,0.0,,,,,,91.0,67.5,0.95,0.97,0.63,0.57,0.0,,,,,,Bf_109_G-14
bf-109g-14as,0.0,,,,,,3.0,0.0,1.0,1.0,0.5,0.5,0.0,,,,,,Bf_109_G-14/AS
bf-109g-2_romania,0.0,,,,,,0.0,,,,,,0.0,,,,,,Bf_109_G-2
bf-109g-6_finland,0.0,,,,,,55.0,100.0,5.21,5.71,3.59,3.88,0.0,,,,,,Bf_109_G-6
bf-109k-4,0.0,,,,,,421.0,68.75,1.58,2.63,0.58,0.94,32.0,100.0,6.89,3.58,0.0,0.0,Bf_109_K-4
bf-109z,0.0,,,,,,35.0,100.0,4.0,1.87,3.0,1.04,0.0,,,,,,Bf_109_Z-1
bf-110c-6,0.0,,,,,,0.0,,,,,,0.0,,,,,,Bf_110_C-6
bf-110c-4,0.0,,,,,,0.0,,,,,,0.0,,,,,,Bf_110_C-7
bf2c_1,0.0,,,,,,0.0,,,,,,0.0,,,,,,BF2C-1
bi,0.0,,,,,,11.0,,,,,,0.0,,,,,,BI
jp_oplot_t,0.0,,,,,,684.0,58.63,0.0,0.0,2.07,1.55,0.0,,,,,,BM_Oplot-T
ussr_bm_13n,0.0,,,,,,0.0,,,,,,0.0,,,,,,BM-13N
ussr_bm_31_12,0.0,,,,,,169.0,96.5,0.0,0.0,0.4,0.32,0.0,,,,,,BM-31-12
ussr_bm_8_24,0.0,,,,,,0.0,,,,,,0.0,,,,,,BM-8-24
ussr_bmd_4,0.0,,,,,,115.0,83.33,0.0,0.0,3.28,1.36,0.0,,,,,,BMD-4
p-38j_marge,0.0,,,,,,25.0,100.0,5.0,,4.0,,5.0,100.0,2.0,2.0,2.0,2.0,Bong's_P-38J-15
boston_mk_1,0.0,,,,,,0.0,,,,,,0.0,,,,,,Boston_Mk_I
uk_bosvark,0.0,,,,,,69.0,18.52,0.35,0.4,0.83,0.89,0.0,,,,,,Bosvark
br_693_ab2,0.0,,,,,,0.0,,,,,,0.0,,,,,,Br.693AB2
breda_88,0.0,,,,,,0.0,,,,,,0.0,,,,,,Breda_88_(P.XI)
ussr_bt_7_1937_td,0.0,,,,,,0.0,,,,,,0.0,,,,,,BT-7_TD
ussr_bt_7a_f32,0.0,,,,,,163.0,71.83,0.0,0.0,2.76,2.51,0.0,,,,,,BT-7A_(F-32)
jp_btr_3e1,0.0,,,,,,296.0,63.83,0.0,0.0,1.42,1.16,0.0,,,,,,BTR-3E1
buccaneer_s1,0.0,,,,,,28.0,100.0,0.0,0.0,0.33,0.71,0.0,,,,,,Buccaneer_S.1
buccaneer_s2,0.0,,,,,,38.0,5.56,0.0,0.0,1.44,0.75,0.0,,,,,,Buccaneer_S.2
bv-138c-1,0.0,,,,,,0.0,,,,,,0.0,,,,,,BV_138_C-1
bv-238,0.0,,,,,,0.0,,,,,,0.0,,,,,,BV_238
mc200_serie3_italy,0.0,,,,,,0.0,,,,,,0.0,,,,,,C._200_serie_3
mc200_serie3,0.0,,,,,,0.0,,,,,,0.0,,,,,,C._200_serie_3
mc200_serie7,0.0,,,,,,0.0,,,,,,0.0,,,,,,C._200_serie_7
mc-202,0.0,,,,,,0.0,,,,,,0.0,,,,,,C._202
mc-202_d,0.0,,,,,,0.0,,,,,,0.0,,,,,,C._202D
mc-205_n2,0.0,,,,,,0.0,,,,,,0.0,,,,,,C._205N2
it_c13_tua,0.0,,,,,,0.0,,,,,,0.0,,,,,,C13/TUA
germ_leopard_c2_mexas,0.0,,,,,,88.0,50.0,0.0,0.0,1.96,2.74,0.0,,,,,,C2A1
canberra_bimk6,0.0,,,,,,60.0,88.24,3.29,13.0,0.59,1.94,0.0,,,,,,Canberra_B_(I)_Mk_6
canberra_bmk2,0.0,,,,,,0.0,,,,,,0.0,,,,,,Canberra_B_Mk_2
pby-5a_raf,0.0,,,,,,0.0,,,,,,0.0,,,,,,Catalina_Mk_IIIa
cn_gmc_cckw_353_m45_quad,0.0,,,,,,7.0,,,,,,0.0,,,,,,CCKW_353_(M45)
it_sahariano,0.0,,,,,,0.0,,,,,,0.0,,,,,,Celere_Sahariano
it_b1_centauro_romor,0.0,,,,,,57.0,57.94,0.0,0.0,1.82,2.32,0.0,,,,,,Centauro_I_105_R
it_centauro_mgs_120,0.0,,,,,,93.0,67.86,0.0,0.0,2.28,2.21,0.0,,,,,,Centauro_I_120
it_centauro_2,0.0,,,,,,147.0,86.29,0.0,0.0,3.63,2.31,0.0,,,,,,Centauro_II_(P)
uk_centurion_action_x,0.0,,,,,,21.0,,,0.0,,1.76,0.0,,,,,,Centurion_Action_X
uk_centurion_mk_2,0.0,,,,,,148.0,59.69,0.0,0.0,3.0,2.77,0.0,,,,,,Centurion_Mk.2
uk_centurion_mk_5_raac,0.0,,,,,,57.0,100.0,0.0,0.0,4.5,2.77,0.0,,,,,,Centurion_Mk.5/1
yak-9t_france,0.0,,,,,,1.0,,,,,,0.0,,,,,,Challe's_Yak-9T
fr_bat_chat_25t,0.0,,,,,,144.0,78.95,0.0,0.0,3.6,3.31,0.0,,,,,,Char_25t
jp_type_97_kai,0.0,,,,,,73.0,100.0,0.0,0.0,6.48,4.2,0.0,,,,,,Chi-Ha_Kai
jp_type_97_kai_td,0.0,,,,,,0.0,,,,,,0.0,,,,,,Chi-Ha_Kai_TD
jp_type_1_chi_he_5th_regiment,0.0,,,,,,0.0,,,,,,0.0,,,,,,Chi-He_(5th_Regiment)
uk_chieftain_marksman,0.0,,,,,,242.0,40.0,0.28,0.23,1.08,0.82,0.0,,,,,,Chieftain_Marksman
uk_churchill_avre,0.0,,,,,,0.0,,,,,,0.0,,,,,,Churchill_AVRE_Petard
uk_a_22f_mk_7_churchill_crocodile,0.0,,,,,,146.0,60.81,0.0,0.0,3.24,4.05,0.0,,,,,,Churchill_Crocodile
uk_churchill_na75,0.0,,,,,,1.0,,,0.0,,1.0,0.0,,,,,,Churchill_NA75
f-86_cl_13_mk4_italy,0.0,,,,,,66.0,45.56,2.27,3.57,1.73,2.64,0.0,,,,,,CL-13_Mk.4
germ_th_800_bismark,0.0,,,,,,52.0,100.0,0.0,0.0,14.67,2.97,0.0,,,,,,Class_3_(P)
us_sl_amraam_launcher,,,,,,,,,,,,,,,,,,,CLAWS_(СОУ)
us_sl_amraam_fcs,0.0,,,,,,327.0,67.27,1.25,1.13,0.0,0.0,0.0,,,,,,CLAWS_(СОЦ)
fr_marder_clovis,0.0,,,,,,288.0,57.62,0.04,0.05,2.17,2.37,18.0,,,0.0,,1.0,CLOVIS
cn_cm11,0.0,,,,,,108.0,74.27,0.0,0.0,4.73,5.43,0.0,,,,,,CM11
cn_cm_34,0.0,,,,,,220.0,69.48,0.05,0.03,1.89,1.26,15.0,66.67,0.0,0.0,2.3,2.3,CM34
it_fiat_cm52,0.0,,,,,,23.0,,,0.0,,0.0,0.0,,,,,,CM52
uk_a_34_comet_iron_duke,0.0,,,,,,0.0,,,,,,0.0,,,,,,"Comet_I_""Iron_Duke_IV"""
uk_concept3_ngac,1.0,,,,,,442.0,63.15,0.0,0.0,1.44,1.01,0.0,,,,,,Concept_3
cr_32_bis,0.0,,,,,,0.0,,,,,,0.0,,,,,,CR.32_bis
fiat_cr42,0.0,,,,,,0.0,,,,,,0.0,,,,,,CR.42
fiat_cr42_italy,0.0,,,,,,0.0,,,,,,0.0,,,,,,CR.42
uk_crusader_aa_mk_2,0.0,,,,,,56.0,63.98,0.85,1.48,0.1,0.23,0.0,,,,,,Crusader_AA_Mk_II
it_39m_csaba,0.0,,,,,,0.0,,,,,,0.0,,,,,,Csaba
sw_patria_amv_ctcv_105,0.0,,,,,,104.0,58.62,0.0,0.0,2.46,1.9,0.0,,,,,,CT-CV_105HP
jp_icv_prototype,0.0,,,,,,145.0,61.5,0.1,0.09,1.26,1.19,0.0,,,,,,CTWV_RCV
sw_cv_90_mk4,0.0,,,,,,105.0,47.31,0.0,0.0,0.95,1.08,0.0,,,,,,CV_90_Mk.IV
fr_cv_9035_nl,0.0,,,,,,52.0,50.0,0.0,0.0,1.96,2.03,0.0,,,,,,CV_9035NL
sw_cv_9030_fin,0.0,,,,,,403.0,48.22,0.0,0.0,1.22,1.12,0.0,,,,,,CV9030FIN
cw_21,0.0,,,,,,0.0,,,,,,0.0,,,,,,CW-21
d_371,0.0,,,,,,0.0,,,,,,0.0,,,,,,D.371
d_371_hs9,0.0,,,,,,2.0,,,1.0,,0.0,0.0,,,,,,D.371_H.S.9
d_373,0.0,,,,,,0.0,,,,,,0.0,,,,,,D.373
d_500,0.0,,,,,,0.0,,,,,,0.0,,,,,,D.500
d_501,0.0,,,,,,0.0,,,,,,0.0,,,,,,D.501
d_510c,0.0,,,,,,0.0,,,,,,0.0,,,,,,D.510C
d_520_france,0.0,,,,,,24.0,100.0,1.0,1.0,0.0,0.0,0.0,,,,,,D.520
fr_renault_d2,0.0,,,,,,24.0,,,0.0,,2.0,0.0,,,,,,D2
d3a1,0.0,,,,,,0.0,,,,,,0.0,,,,,,D3A1
d4y1,0.0,,,,,,0.0,,,,,,0.0,,,,,,D4Y1
it_dardo_vcc,0.0,,,,,,10.0,40.0,0.0,0.0,1.0,1.0,33.0,50.0,0.0,0.0,2.25,1.85,Dardo
db_3b,0.0,,,,,,0.0,,,,,,0.0,,,,,,DB-3B
uk_desert_warrior,0.0,,,,,,69.0,30.43,0.0,0.0,1.09,0.49,0.0,,,,,,Desert_Warrior
do_17e_1,0.0,,,,,,0.0,,,,,,0.0,,,,,,Do_17_E-1
do_17z_2,0.0,,,,,,0.0,,,,,,0.0,,,,,,Do_17_Z-2
do_17z_7,0.0,,,,,,0.0,,,,,,0.0,,,,,,Do_17_Z-7
do_217e_4,0.0,,,,,,0.0,,,,,,0.0,,,,,,Do_217_E-4
do_217j_1,0.0,,,,,,0.0,,,,,,0.0,,,,,,Do_217_J-1
do_217j_2,0.0,,,,,,0.0,,,,,,0.0,,,,,,Do_217_J-2
do_217k_1,0.0,,,,,,0.0,,,,,,0.0,,,,,,Do_217_K-1
do_217m_1,0.0,,,,,,0.0,,,,,,0.0,,,,,,Do_217_M-1
do_217n_1,0.0,,,,,,0.0,,,,,,0.0,,,,,,Do_217_N-1
do_217n_2,0.0,,,,,,0.0,,,,,,0.0,,,,,,Do_217_N-2
do_335b_2,0.0,,,,,,108.0,54.41,0.63,0.5,2.73,2.7,0.0,,,,,,Do_335_B-2
fr_panhard_ebr_1951,0.0,,,,,,359.0,71.3,0.0,0.0,1.7,1.37,0.0,,,,,,E.B.R._(1951)
fr_panhard_ebr_1954,0.0,,,,,,109.0,90.42,0.0,0.0,4.75,2.99,14.0,,,0.0,,1.86,E.B.R._(1954)
fr_panhard_ebr_1963,0.0,,,,,,0.0,,,,,,0.0,,,,,,E.B.R._(1963)
e7k2,,,,,,,,,,,,,,,,,,,E7K2
e8n2,,,,,,,,,,,,,,,,,,,E8N2
us_efv_p1,0.0,,,,,,220.0,51.44,0.0,0.0,1.45,0.76,6.0,,,0.0,,1.0,EFV
il_eitan,0.0,,,,,,99.0,62.12,0.0,0.0,0.74,0.68,0.0,,,,,,Eitan_(P)
sw_eldenhet_98,0.0,,,,,,12.0,100.0,1.0,1.0,0.0,0.0,0.0,,,,,,EldE_98
etndard_4m,0.0,,,,,,40.0,100.0,2.0,1.33,1.0,0.67,0.0,,,,,,Etendard_IVM
f1,0.0,,,,,,32.0,96.33,4.57,5.74,0.0,0.0,0.0,,,,,,F-1
f-100d_france,0.0,,,,,,0.0,,,,,,0.0,,,,,,F-100D
f_101c,0.0,,,,,,53.0,74.19,1.65,3.94,1.84,4.13,0.0,,,,,,F-101C
f-104g_belgium,0.0,,,,,,0.0,,,,,,0.0,,,,,,F-104G
f-104g_italy,0.0,,,,,,0.0,,,,,,0.0,,,,,,F-104G
f-104j,0.0,,,,,,0.0,,,,,,0.0,,,,,,F-104J
f-104s,0.0,,,,,,0.0,,,,,,0.0,,,,,,F-104S
f-104s_cb,0.0,,,,,,79.0,27.78,0.28,0.58,3.94,4.13,0.0,,,,,,F-104S_TAF
f-104s_asa,0.0,,,,,,29.0,,,1.26,,0.0,0.0,,,,,,F-104S.ASA
f_111a,0.0,,,,,,0.0,,,,,,0.0,,,,,,F-111A
f_111c_raaf,0.0,,,,,,21.0,45.24,0.45,0.9,0.45,0.9,0.0,,,,,,F-111C
f_117,0.0,,,,,,36.0,50.0,0.0,0.0,1.07,2.14,0.0,,,,,,F-117
f_14a_early,0.0,,,,,,108.0,50.0,1.07,0.99,0.04,0.03,13.0,,,0.0,,0.0,F-14A_Early
f_14b,0.0,,,,,,111.0,39.71,1.41,1.16,0.68,0.52,0.0,,,,,,F-14B
f_14d,0.0,,,,,,564.0,47.5,1.4,1.58,0.03,0.04,0.0,,,,,,F-14D
f_15i_raam,0.0,,,,,,106.0,78.47,1.58,2.08,1.13,1.61,0.0,,,,,,F-15I_Ra’am
f_15j,0.0,,,,,,16.0,50.0,1.5,1.5,0.0,0.0,0.0,,,,,,F-15J
f_15j_kai,0.0,,,,,,42.0,67.43,2.18,3.11,0.08,0.54,0.0,,,,,,F-15J(M)
f_16a_block_15_belgium,0.0,,,,,,18.0,0.0,3.0,1.05,0.0,0.0,0.0,,,,,,F-16A
f_16a_block_15_adf_italy,0.0,,,,,,0.0,,,,,,0.0,,,,,,F-16A_ADF
f_16a_block_15_ocu_thailand,0.0,,,,,,36.0,100.0,1.96,1.96,0.4,0.4,0.0,,,,,,F-16A_OCU
f_16a_block_15_ocu_belgium,0.0,,,,,,0.0,,,,,,0.0,,,,,,F-16A_OCU
f_16aj,0.0,,,,,,86.0,73.21,0.17,0.2,1.86,1.67,0.0,,,,,,F-16AJ
f_16am_block_15_mlu_belgium,0.0,,,,,,22.0,100.0,1.0,1.0,0.0,0.0,0.0,,,,,,F-16AM
f_16c_block_40_barak_2,0.0,,,,,,0.0,,,,,,0.0,,,,,,F-16C_Barak_II
f_16i_sufa,0.0,,,,,,0.0,,,,,,0.0,,,,,,F-16I_Sufa
fa_18c_finland,0.0,,,,,,58.0,50.0,1.24,1.26,0.0,0.0,0.0,,,,,,F-18C
ef_2000a,0.0,,,,,,0.0,,,,,,0.0,,,,,,F-2000A
ef_2000a_aesa,0.0,,,,,,95.0,62.07,3.33,5.46,0.72,0.96,0.0,,,,,,F-2000A_(AESA)
f_20a,0.0,,,,,,43.0,90.0,1.3,0.95,0.43,0.23,0.0,,,,,,F-20A
f_2a,0.0,,,,,,128.0,85.83,2.25,1.82,0.08,0.07,34.0,,,1.85,,0.0,F-2A
f_2a_adtw,0.0,,,,,,971.0,59.66,1.35,1.78,0.28,0.39,42.0,,,1.55,,1.27,F-2A_ADTW
f-4ej_adtw,0.0,,,,,,145.0,49.22,2.55,1.45,0.31,0.21,21.0,,,0.0,,0.0,F-4EJ_ADTW
f-4ej_kai,0.0,,,,,,11.0,,,1.0,,0.0,0.0,,,,,,F-4EJ_Kai_Phantom_II
f-4ej,0.0,,,,,,47.0,84.85,1.14,1.34,0.18,0.25,0.0,,,,,,F-4EJ_Phantom_II
f-4j,0.0,,,,,,77.0,70.97,1.9,1.81,0.03,0.03,0.0,,,,,,F-4J_Phantom_II
f-5a,0.0,,,,,,0.0,,,,,,0.0,,,,,,F-5A
f-5a_thailand,0.0,,,,,,15.0,,,,,,0.0,,,,,,F-5A
f-5e_fcu_thailand,0.0,,,,,,430.0,56.85,1.13,1.5,0.65,0.87,0.0,,,,,,F-5E_FCU
f-5t_thailand,0.0,,,,,,13.0,,,0.0,,1.69,0.0,,,,,,F-5T_SCU
f-5th_thailand,0.0,,,,,,70.0,100.0,1.92,1.63,0.46,0.24,0.0,,,,,,F-5TH_TCU
p-51c-10_france,0.0,,,,,,0.0,,,,,,0.0,,,,,,F-6C-10-NA
f-84f_france,0.0,,,,,,31.0,50.0,0.0,0.0,0.5,0.5,0.0,,,,,,F-84F
f-84f_italy,0.0,,,,,,0.0,,,,,,0.0,,,,,,F-84F
f-84f,0.0,,,,,,76.0,55.91,0.03,0.02,1.25,1.42,0.0,,,,,,F-84F
f-84f_iaf,0.0,,,,,,0.0,,,,,,0.0,,,,,,F-84F_IAF
f-84g,0.0,,,,,,7.0,,,,,,0.0,,,,,,F-84G-21-RE
f-84g_italy,0.0,,,,,,3.0,,,0.0,,10.5,0.0,,,,,,F-84G-21-RE
f-84g_france,0.0,,,,,,0.0,,,,,,0.0,,,,,,F-84G-26-RE
f-86f-30_japan,0.0,,,,,,224.0,67.18,1.7,2.39,0.84,1.19,0.0,,,,,,F-86F-30_
f-86f-35,0.0,,,,,,48.0,91.67,0.0,0.0,0.58,0.09,0.0,,,,,,F-86F-35
f-86f-40_japan,0.0,,,,,,67.0,86.02,1.06,4.0,1.45,3.0,0.0,,,,,,F-86F-40_
f-86f-40_japan_blue_impulse,0.0,,,,,,25.0,100.0,4.6,5.0,4.0,4.2,0.0,,,,,,F-86F-40_JASDF
f-86k_late,0.0,,,,,,10.0,,,1.0,,0.5,0.0,,,,,,F-86K
f-86k_late_italy,0.0,,,,,,2.0,50.0,1.0,2.0,0.5,1.0,0.0,,,,,,F-86K
f-89d,0.0,,,,,,49.0,85.33,3.17,4.12,0.0,0.0,0.0,,,,,,F-89D
f-8e_fn,0.0,,,,,,0.0,,,,,,0.0,,,,,,F-8E(FN)
f_222_2,0.0,,,,,,0.0,,,,,,0.0,,,,,,F.222.2
fc_20_bis,0.0,,,,,,0.0,,,,,,0.0,,,,,,F.C.20_Bis
fa_18a,0.0,,,,,,110.0,59.7,1.61,1.58,0.0,0.0,17.0,,,2.0,,0.0,F/A-18A
fa_18c_mlu_2_finland,0.0,,,,,,77.0,59.44,0.97,1.35,0.66,1.48,0.0,,,,,,F/A-18C_MLU_2
fa_18d_late_malaysia,0.0,,,,,,82.0,87.3,1.44,1.51,0.71,0.66,0.0,,,,,,F/A-18D_Late
fa_18f_block_2_raaf,0.0,,,,,,45.0,50.0,1.0,1.18,1.41,1.59,0.0,,,,,,F/A-18F
f11f_1_late,0.0,,,,,,29.0,100.0,5.0,,0.0,,0.0,,,,,,F11F-1
f1m2,0.0,,,,,,0.0,,,,,,0.0,,,,,,F1M2
f2a-1,0.0,,,,,,0.0,,,,,,0.0,,,,,,F2A-1
f3d_1,0.0,,,,,,52.0,53.85,0.0,0.0,1.96,1.69,0.0,,,,,,F3D-1
f3f-2,0.0,,,,,,0.0,,,,,,0.0,,,,,,F3F-2
f4d_1,0.0,,,,,,13.0,100.0,1.71,1.71,0.0,0.0,0.0,,,,,,F4D-1
f4u-1a_japan,0.0,,,,,,22.0,100.0,1.19,1.14,0.0,0.0,0.0,,,,,,F4U-1A
f4u-4b_vmf_214,0.0,,,,,,0.0,,,,,,0.0,,,,,,F4U-4B_VMF-214
f6f-5n_france,0.0,,,,,,15.0,,,0.0,,2.67,14.0,,,5.0,,1.0,F6F-5N
f7f3,0.0,,,,,,135.0,80.64,0.24,0.31,2.27,2.46,0.0,,,,,,F7F-3
f9f-5,0.0,,,,,,28.0,,,1.04,,2.8,0.0,,,,,,F9F-5
uk_falcon,0.0,,,,,,322.0,46.72,0.57,0.48,1.35,1.08,0.0,,,,,,Falcon
fr_fcm_36,0.0,,,,,,0.0,,,,,,0.0,,,,,,FCM.36
ffa_p16,0.0,,,,,,0.0,,,,,,0.0,,,,,,FFA_P-16
it_fiat_6614_106sr,0.0,,,,,,519.0,69.62,0.0,0.0,2.64,1.76,0.0,,,,,,FIAT_6614
b_48_firecrest,0.0,,,,,,35.0,,,,,,0.0,,,,,,Firecrest
it_fiat_6614_firos,0.0,,,,,,39.0,100.0,0.0,0.0,1.94,0.98,0.0,,,,,,FIROS_6
fj_4b,0.0,,,,,,3.0,,,,,,0.0,,,,,,FJ-4B
fj_4b_agm_12b,0.0,,,,,,80.0,93.94,0.39,0.41,2.85,3.5,0.0,,,,,,FJ-4B_VMF-232
germ_flakpanzer_38t_Gepard,0.0,,,,,,31.0,100.0,1.0,0.88,3.82,3.32,0.0,,,,,,Flakpanzer_38
germ_flarakrad,0.0,,,,,,96.0,50.0,1.56,0.63,0.0,0.0,0.0,,,,,,FlaRakRad
fr_1_fireball,0.0,,,,,,205.0,62.54,0.59,0.61,1.15,1.09,7.0,,,0.0,,1.29,FR-1_Fireball
it_freccia_hitfist_ows,0.0,,,,,,225.0,48.92,0.0,0.0,2.13,1.3,0.0,,,,,,Freccia_OWS_30
fr_samp_t_launcher,0.0,,,,,,0.0,,,,,,0.0,,,,,,FSAF_SAMP/T_(Mamba)_(СОУ)
fr_samp_t_fcs,0.0,,,,,,64.0,81.48,2.11,2.4,0.0,0.0,0.0,,,,,,FSAF_SAMP/T_(Mamba)_(СОЦ)
it_samp_t_fcs,0.0,,,,,,0.0,,,,,,0.0,,,,,,FSAF_SAMP/T_(СОЦ)
fury_mk1,0.0,,,,,,0.0,,,,,,0.0,,,,,,Fury_Mk_I
fury_mk2,0.0,,,,,,0.0,,,,,,0.0,,,,,,Fury_Mk_II
uk_fv4005,0.0,,,,,,151.0,33.5,0.0,0.0,2.44,1.53,0.0,,,,,,FV4005
fw-189a-1,0.0,,,,,,0.0,,,,,,0.0,,,,,,Fw_189_A-1
fw-190a-5_japan,0.0,,,,,,14.0,,,,,,0.0,,,,,,Fw_190_A-5
fw-190a-8_usa,0.0,,,,,,12.0,66.67,0.7,1.0,1.0,1.5,0.0,,,,,,Fw_190_A-8
fw-190c,0.0,,,,,,0.0,,,,,,0.0,,,,,,Fw_190_C
fw-190d-13,0.0,,,,,,60.0,73.08,1.08,1.0,1.38,1.27,0.0,,,,,,Fw_190_D-13
fw_200c_1,0.0,,,,,,24.0,,,,,,0.0,,,,,,Fw_200_C-1
fw_189c_0,0.0,,,,,,0.0,,,,,,0.0,,,,,,Fw_189_C
fiat_g50_seria7as,0.0,,,,,,0.0,,,,,,0.0,,,,,,G.50_AS_serie_7
fiat_g50_seria2,0.0,,,,,,0.0,,,,,,0.0,,,,,,G.50_serie_2
fiat_g50_seria2_italy,0.0,,,,,,0.0,,,,,,0.0,,,,,,G.50_serie_2
g_55_serie1_ss0,0.0,,,,,,22.0,100.0,0.0,0.0,0.0,0.0,0.0,,,,,,G.55_sottoserie_0
g_55s,0.0,,,,,,75.0,83.33,0.94,1.0,1.18,1.27,7.0,,,5.0,,0.0,G.55S
g_56,0.0,,,,,,0.0,,,,,,0.0,,,,,,G.56
fiat_g91_ps,0.0,,,,,,23.0,100.0,1.0,1.0,0.0,0.0,0.0,,,,,,G.91_pre-serie
fiat_g91_r1,0.0,,,,,,14.0,72.22,0.0,0.0,0.28,0.56,0.0,,,,,,G.91_R/1
fiat_g91_r4,0.0,,,,,,22.0,0.0,0.71,0.45,0.86,0.55,0.0,,,,,,G.91_R/4
fiat_g91_y,0.0,,,,,,116.0,100.0,4.58,,0.4,,0.0,,,,,,G.91_Y
fiat_g91_ys,0.0,,,,,,101.0,100.0,2.75,5.53,1.43,2.85,0.0,,,,,,G.91_YS
g4m1,0.0,,,,,,0.0,,,,,,0.0,,,,,,G4M1
g5n1,0.0,,,,,,0.0,,,,,,0.0,,,,,,G5N1
g8n1,0.0,,,,,,0.0,,,,,,0.0,,,,,,G8N1
f3f-2_galer,0.0,,,,,,3.0,,,,,,0.0,,,,,,Galer's_F3F-2
germ_garford_putilov,0.0,,,,,,0.0,,,,,,0.0,,,,,,Garford-Beute
ussr_gaz_4m,0.0,,,,,,0.0,,,,,,0.0,,,,,,GAZ-AAA_(4M)
ussr_gaz_dshk,0.0,,,,,,0.0,,,,,,0.0,,,,,,GAZ-AAA_(DShK)
uk_vickers_gbt_155,0.0,,,,,,104.0,75.39,0.16,0.13,1.94,1.67,0.0,,,,,,GBT_155
il_m113a1_tow,0.0,,,,,,32.0,50.0,0.0,0.0,1.39,1.62,0.0,,,,,,Giraf
gladiator_mk1_belgium,0.0,,,,,,0.0,,,,,,0.0,,,,,,Gladiator_Mk_I
gladiator_mk2_france,0.0,,,,,,0.0,,,,,,0.0,,,,,,Gladiator_Mk_IIF
gladiator_mk2_silver,0.0,,,,,,0.0,,,,,,0.0,,,,,,Gladiator_Mk_IIS
uk_mk1_grant,0.0,,,,,,0.0,,,,,,0.0,,,,,,Grant_I
uk_3_inch_gun_carrier,0.0,,,,,,0.0,,,,,,0.0,,,,,,Gun_Carrier_(3-in)
il_28_china,0.0,,,,,,0.0,,,,,,0.0,,,,,,H-5
h-75a-1_france,0.0,,,,,,0.0,,,,,,0.0,,,,,,H-75A-1
h-75a-4_france,0.0,,,,,,0.0,,,,,,0.0,,,,,,H-75A-4
fr_hotchkiss_h35,0.0,,,,,,0.0,,,,,,0.0,,,,,,H.35
fr_hotchkiss_h39,0.0,,,,,,0.0,,,,,,0.0,,,,,,H.39
fr_hotchkiss_h39_cambronne,0.0,,,,,,0.0,,,,,,0.0,,,,,,"H.39_""Cambronne"""
hp_12,0.0,,,,,,0.0,,,,,,0.0,,,,,,H.P.12
h6k4,0.0,,,,,,0.0,,,,,,0.0,,,,,,H6K4
h8k3,0.0,,,,,,0.0,,,,,,0.0,,,,,,H8K3
jp_type_95_ha_go,0.0,,,,,,6.0,,,0.0,,0.0,0.0,,,,,,Ha-Go
jp_type_95_ha_go_commander,0.0,,,,,,0.0,,,,,,0.0,,,,,,Ha-Go_Commander
a5m4_hagiri,0.0,,,,,,0.0,,,,,,0.0,,,,,,Hagiri's_A5M4
hp52_hampden_mk1_late,0.0,,,,,,0.0,,,,,,0.0,,,,,,Hampden_Mk_I
hp52_hampden_tbmk1,0.0,,,,,,0.0,,,,,,0.0,,,,,,Hampden_TB_Mk_I
hp52_hampden_tbmk1_ussr_utk1,0.0,,,,,,0.0,,,,,,0.0,,,,,,Hampden_TB_Mk_I
harrier_gr1,0.0,,,,,,35.0,100.0,2.0,,0.0,,0.0,,,,,,Harrier_GR.1
harrier_gr3,0.0,,,,,,17.0,0.0,1.0,0.29,1.0,1.0,0.0,,,,,,Harrier_GR.3
harrier_gr7,0.0,,,,,,28.0,23.68,1.0,1.47,0.5,0.74,9.0,,,,,,Harrier_GR.7
harrier_t10,0.0,,,,,,103.0,50.0,0.71,0.59,0.74,1.07,0.0,,,,,,Harrier_T.10
intruder_mk_1,0.0,,,,,,0.0,,,,,,0.0,,,,,,Havoc_Mk_I
hawk_200,0.0,,,,,,0.0,,,,,,0.0,,,,,,Hawk_200
hawk_200_rda,0.0,,,,,,21.0,100.0,3.0,3.0,0.0,0.0,0.0,,,,,,Hawk_200_RDA
h-75a-2_finland,0.0,,,,,,0.0,,,,,,0.0,,,,,,Hawk_H-75A-2
hawk_iii,0.0,,,,,,0.0,,,,,,0.0,,,,,,Hawk_III
he-111h-6,0.0,,,,,,0.0,,,,,,0.0,,,,,,He_111_H-6
he_112b_1_italy,0.0,,,,,,0.0,,,,,,0.0,,,,,,He_112_B-1/U2
he_112b_1,0.0,,,,,,0.0,,,,,,0.0,,,,,,He_112_B-1/U2
he_112b_2,0.0,,,,,,13.0,,,,,,0.0,,,,,,He_112_B-2/U2
he_115c_1,0.0,,,,,,0.0,,,,,,0.0,,,,,,He_115_C-1
he-162a-1,0.0,,,,,,0.0,,,,,,0.0,,,,,,He_162_A-1
he-177a-3,0.0,,,,,,0.0,,,,,,0.0,,,,,,He_177_A-3
he-177a-5,0.0,,,,,,0.0,,,,,,0.0,,,,,,He_177_A-5
he_219a_7,0.0,,,,,,7.0,,,,,,0.0,,,,,,He_219_A-7
he51b_2w,0.0,,,,,,0.0,,,,,,0.0,,,,,,He_51_B-2/H
jp_pzkpfw_VI_ausf_e_tiger,0.0,,,,,,17.0,61.11,0.0,0.0,4.2,4.2,0.0,,,,,,Heavy_Tank_No.6
marut_mk1,0.0,,,,,,1.0,,,3.0,,6.0,0.0,,,,,,HF-24
go229_v3,0.0,,,,,,42.0,50.0,1.0,2.0,1.5,3.0,0.0,,,,,,Ho_229_V3
jp_type_2_ho_i,0.0,,,,,,48.0,100.0,0.0,0.0,2.74,1.56,0.0,,,,,,Ho-I
hornet_mk1,0.0,,,,,,18.0,50.0,1.5,1.5,0.5,0.5,0.0,,,,,,Hornet_Mk.I
hornet_mk3,0.0,,,,,,0.0,,,,,,0.0,,,,,,Hornet_Mk.III
il_m163_vulcan,0.0,,,,,,18.0,,,0.0,,0.0,0.0,,,,,,Hovet
cn_hq_11,0.0,,,,,,17.0,50.0,1.0,1.0,0.0,0.0,0.0,,,,,,HQ11
cn_hq_17,0.0,,,,,,8.0,,,,,,0.0,,,,,,HQ17
hs-123a-1,0.0,,,,,,0.0,,,,,,0.0,,,,,,Hs_123_A-1
hs-129b-2,0.0,,,,,,0.0,,,,,,0.0,,,,,,Hs_129_B-2
hs-129b-2_romania_italy,0.0,,,,,,1.0,,,,,,0.0,,,,,,Hs_129_B-2_(Romania)
hs-129b-2_romania,0.0,,,,,,0.0,,,,,,0.0,,,,,,Hs_129_B-2_(Romania)
hs-129b-3,0.0,,,,,,32.0,23.68,0.0,0.0,0.24,0.26,0.0,,,,,,Hs_129_B-3
us_hstv_l,0.0,,,,,,2745.0,62.15,0.04,0.0,1.49,1.3,5.0,,,0.0,,1.0,HSTV-L
hudson_mk_v,0.0,,,,,,0.0,,,,,,0.0,,,,,,Hudson_Mk_V
il_hunter_afv,0.0,,,,,,0.0,,,,,,0.0,,,,,,Hunter_AFV
hunter_f1,0.0,,,,,,34.0,100.0,3.88,0.5,1.88,0.5,0.0,,,,,,Hunter_F.1
hunter_f6,0.0,,,,,,168.0,60.51,1.6,2.54,0.82,1.34,0.0,,,,,,Hunter_F.6
hunter_f9_rhodesia,0.0,,,,,,88.0,77.15,2.24,7.08,1.48,6.46,0.0,,,,,,Hunter_FGA.9
hurricane_mk1,0.0,,,,,,0.0,,,,,,0.0,,,,,,Hurricane_Mk_I/L
hurricane_mk4,0.0,,,,,,14.0,,,,,,0.0,,,,,,Hurricane_Mk_IV
hurricane_mk1_late_ep,0.0,,,,,,0.0,,,,,,0.0,,,,,,Hurricane_Mk.I/L_FAA_M
i-15_1935,0.0,,,,,,0.0,,,,,,0.0,,,,,,I-15_M-22
i-15bis,0.0,,,,,,0.0,,,,,,0.0,,,,,,I-15bis
i-16_type10,0.0,,,,,,0.0,,,,,,0.0,,,,,,I-16_type_10
i-16_type18,0.0,,,,,,0.0,,,,,,0.0,,,,,,I-16_type_18
i-16_type5,0.0,,,,,,0.0,,,,,,0.0,,,,,,I-16_type_5
ia_58a_pucara,0.0,,,,,,341.0,64.59,0.87,0.83,3.79,3.65,0.0,,,,,,IA.58A_Pucara
gladiator_j8a_iacobi,0.0,,,,,,7.0,100.0,0.0,0.0,0.0,0.0,0.0,,,,,,Iacobi's_J8A
iar_81c,0.0,,,,,,17.0,100.0,1.29,1.29,0.71,0.71,0.0,,,,,,IAR-81C
iar_81c_db_605,0.0,,,,,,0.0,,,,,,0.0,,,,,,IAR-81C_(DB_605)
iar_93b,0.0,,,,,,0.0,,,,,,0.0,,,,,,IAR-93B
jp_icv_ifv_prototype,0.0,,,,,,172.0,50.97,0.51,0.33,2.45,1.71,0.0,,,,,,ICV_(P)
il-10,0.0,,,,,,46.0,100.0,0.0,0.0,6.39,6.39,0.0,,,,,,IL-10
il_2_1942_luftwaffe,0.0,,,,,,0.0,,,,,,0.0,,,,,,IL-2_(1942)
il_28,0.0,,,,,,9.0,,,0.0,,0.0,20.0,,,0.0,,0.0,IL-28
il_28sh,0.0,,,,,,41.0,0.0,0.0,0.0,0.17,0.09,0.0,,,,,,IL-28Sh
il-2m_mstitel,0.0,,,,,,9.0,100.0,0.0,0.0,1.5,1.0,0.0,,,,,,"IL-2M_""Avenger"""
il-4,0.0,,,,,,0.0,,,,,,0.0,,,,,,IL-4
us_mim_72_chaparral,0.0,,,,,,56.0,,,0.83,,0.0,0.0,,,,,,Imp.Chaparral
uk_a1e1_independent,0.0,,,,,,0.0,,,,,,0.0,,,,,,Independent
germ_iris_slm_launcher,,,,,,,,,,,,,,,,,,,IRIS-T_SLM_(СОУ)
germ_iris_slm_fcs,0.0,,,,,,322.0,37.23,1.87,1.97,0.0,0.0,0.0,,,,,,IRIS-T_SLM_(СОЦ)
ussr_is_2_1944_revenge,0.0,,,,,,21.0,100.0,0.0,0.0,3.0,2.8,0.0,,,,,,"IS-2_""Revenge"""
ussr_is_2_1944_321,0.0,,,,,,0.0,,,,,,0.0,,,,,,IS-2_No.321
ussr_isu_122,0.0,,,,,,78.0,,,0.0,,1.47,0.0,,,,,,ISU-122
ussr_isu_122s,0.0,,,,,,18.0,,,,,,0.0,,,,,,ISU-122S
it_semovente_m43_75_bersaglieri,,,,,,,,,,,,,,,,,,,it_semovente_m43_75_bersaglieri
sw_crotale_ng,0.0,,,,,,33.0,0.0,1.0,0.97,0.0,0.0,0.0,,,,,,ItO_90M
sw_itpsv_90,0.0,,,,,,1311.0,46.17,0.08,0.06,1.68,1.38,0.0,,,,,,ItPsV_Leopard
j_10a,0.0,,,,,,233.0,61.61,1.28,1.82,0.08,0.13,0.0,,,,,,J-10A
j_10c,0.0,,,,,,35.0,100.0,4.44,3.67,3.89,2.5,0.0,,,,,,J-10C
j_11,0.0,,,,,,12.0,50.0,0.75,1.0,0.0,0.0,0.0,,,,,,J-11
j_11a,0.0,,,,,,16.0,50.0,2.5,5.0,0.0,0.0,0.0,,,,,,J-11A
j_11b,0.0,,,,,,13.0,100.0,2.5,2.5,0.75,0.75,0.0,,,,,,J-11B
j_15t,0.0,,,,,,120.0,88.71,4.1,4.2,0.76,0.78,18.0,,,1.0,,0.0,J-15T
mig-15bis_nr23_china,0.0,,,,,,0.0,,,,,,0.0,,,,,,J-2
j_22m1a,0.0,,,,,,503.0,60.84,0.05,0.1,2.75,5.05,0.0,,,,,,J-22M1A
mig-17_china,0.0,,,,,,7.0,100.0,4.0,4.0,1.0,1.0,0.0,,,,,,J-4
j_7_mk2,0.0,,,,,,0.0,,,,,,0.0,,,,,,J-7II
j_8b,0.0,,,,,,0.0,,,,,,0.0,,,,,,J-8B
j_8f,0.0,,,,,,3.0,,,,,,0.0,,,,,,J-8F
fiat_cr42_j11,0.0,,,,,,0.0,,,,,,0.0,,,,,,J11
re_2000_j20,0.0,,,,,,0.0,,,,,,0.0,,,,,,J20
p-51b_7_sweden,0.0,,,,,,5.0,,,,,,0.0,,,,,,J26_David
saab_j29a,0.0,,,,,,88.0,22.22,1.33,2.22,0.0,1.83,0.0,,,,,,J29A
saab_j29d,0.0,,,,,,41.0,50.0,0.69,1.38,11.69,23.38,0.0,,,,,,J29D
saab_j29f,0.0,,,,,,1.0,,,,,,0.0,,,,,,J29F
j2m3,0.0,,,,,,185.0,50.47,0.64,0.78,0.13,0.14,0.0,,,,,,J2M3
j2m4_kai,0.0,,,,,,3.0,50.0,1.17,2.33,0.0,0.0,0.0,,,,,,J2M4_Kai
j2m5,0.0,,,,,,12.0,,,,,,0.0,,,,,,J2M5
saab_j32b,0.0,,,,,,0.0,,,,,,0.0,,,,,,J32B
hunter_f50_sweden,0.0,,,,,,0.0,,,,,,11.0,,,0.0,,0.0,J34
saab_j35a,0.0,,,,,,73.0,60.87,1.76,2.81,0.14,0.21,50.0,,,3.48,,0.0,J35A
j5n1,0.0,,,,,,7.0,,,,,,0.0,,,,,,J5N1
j6k1,0.0,,,,,,28.0,100.0,2.42,1.83,2.42,3.08,6.0,,,1.0,,2.0,J6K1
j7w1,0.0,,,,,,463.0,78.73,0.72,0.68,2.38,2.23,0.0,,,,,,J7W1
j9_early,0.0,,,,,,28.0,50.0,0.94,1.12,0.0,0.0,0.0,,,,,,J9_Early
saab_ja37d,0.0,,,,,,30.0,50.0,1.21,1.79,0.21,0.21,0.0,,,,,,JA37D
saab_ja37di,0.0,,,,,,0.0,,,,,,0.0,,,,,,JA37DI
saab_ja37di_f21,0.0,,,,,,499.0,56.25,1.31,1.07,0.05,0.05,40.0,,,1.26,,0.0,JA37DI_F21
germ_jaguar_2,0.0,,,,,,55.0,0.0,0.0,0.0,0.44,0.44,0.0,,,,,,Jaguar_2
jaguar_a,0.0,,,,,,14.0,50.0,0.0,0.0,0.5,1.0,0.0,,,,,,Jaguar_A
jaguar_e,0.0,,,,,,7.0,,,,,,0.0,,,,,,Jaguar_E
jaguar_gr1,0.0,,,,,,30.0,0.0,2.0,2.0,4.0,4.0,0.0,,,,,,Jaguar_GR.1
jaguar_is,0.0,,,,,,103.0,47.42,0.44,0.56,0.56,0.76,12.0,50.0,0.5,1.0,1.0,1.5,Jaguar_IS
germ_sk105_a2,0.0,,,,,,37.0,,,0.0,,2.32,0.0,,,,,,JaPz.K_A2
saab_jas39a,0.0,,,,,,51.0,62.5,1.23,1.08,0.48,0.43,0.0,,,,,,JAS39A
saab_jas39c,0.0,,,,,,66.0,48.92,0.93,1.54,0.0,0.0,1.0,,,2.0,,1.0,JAS39C
saab_jas39c_thailand,0.0,,,,,,24.0,61.11,0.83,1.67,0.17,0.0,13.0,,,,,,JAS39C
saab_jas39e,0.0,,,,,,204.0,64.05,1.28,1.12,0.37,0.33,0.0,,,,,,JAS39E
javelin_fmk9,0.0,,,,,,271.0,53.06,0.98,1.65,0.31,0.49,0.0,,,,,,Javelin_F.(A.W.)_Mk.9
jf_17,0.0,,,,,,44.0,53.33,0.84,1.5,0.24,0.5,0.0,,,,,,JF-17
jh_7,0.0,,,,,,0.0,,,,,,0.0,,,,,,JH-7
jh_7a_prototype,0.0,,,,,,6.0,,,0.0,,1.0,0.0,,,,,,JH-7A_Prototype
jh_7a2,0.0,,,,,,0.0,,,,,,0.0,,,,,,JH-7A2
ju-188a-2,0.0,,,,,,22.0,100.0,3.0,6.0,0.5,1.0,0.0,,,,,,Ju_188_A-2
ju-388j,0.0,,,,,,0.0,,,,,,0.0,,,,,,Ju_388_J
ju-87b-2,0.0,,,,,,27.0,75.0,1.5,0.86,0.75,0.43,0.0,,,,,,Ju_87_B-2
ju-87d-3,0.0,,,,,,32.0,50.0,0.0,0.0,0.5,1.0,0.0,,,,,,Ju_87_D-3
ju-87g_1,0.0,,,,,,10.0,,,0.0,,0.0,0.0,,,,,,Ju_87_G-1
ju-87g_2,0.0,,,,,,0.0,,,,,,0.0,,,,,,Ju_87_G-2
ju-87r-2,0.0,,,,,,16.0,,,,,,0.0,,,,,,Ju_87_R-2
ju-87r-2_italy,0.0,,,,,,8.0,33.33,0.0,0.0,0.0,0.0,0.0,,,,,,Ju_87_R-2
ju-87r-2_snake,0.0,,,,,,15.0,50.0,0.0,0.0,0.5,1.0,0.0,,,,,,Ju_87_R-2_Libya
ju-88a-1,0.0,,,,,,0.0,,,,,,0.0,,,,,,Ju_88_A-1
ju-88a-4_finland,0.0,,,,,,25.0,,,0.0,,1.32,0.0,,,,,,Ju_88_A-4
ju-88a-4,0.0,,,,,,0.0,,,,,,0.0,,,,,,Ju_88_A-4
ju-88c-6,0.0,,,,,,0.0,,,,,,0.0,,,,,,Ju_88_C-6
kfir_c2,0.0,,,,,,0.0,,,,,,0.0,,,,,,Kfir_C.2
kfir_c7,0.0,,,,,,0.0,,,,,,0.0,,,,,,Kfir_C.7
kfir_canard,0.0,,,,,,65.0,8.33,0.33,0.22,0.73,0.53,0.0,,,,,,Kfir_Canard
uk_khalid,0.0,,,,,,92.0,41.67,0.0,0.0,3.78,2.13,0.0,,,,,,Khalid
ussr_9p157,0.0,,,,,,224.0,47.62,0.0,0.0,1.6,1.42,0.0,,,,,,Khrizantema-S
ki_10_1_commander,0.0,,,,,,0.0,,,,,,0.0,,,,,,Ki-10-I_C
ki_10_2,0.0,,,,,,23.0,,,0.0,,0.0,0.0,,,,,,Ki-10-II
ki_10_2_commander,0.0,,,,,,0.0,,,,,,0.0,,,,,,Ki-10-II_C
ki_102_otsu,0.0,,,,,,0.0,,,,,,0.0,,,,,,Ki-102_otsu
ki_108,0.0,,,,,,1.0,,,,,,0.0,,,,,,Ki-108_Kai
ki_109,0.0,,,,,,0.0,,,,,,0.0,,,,,,Ki-109
j8m1,0.0,,,,,,26.0,,,,,,0.0,,,,,,Ki-200
ki_21_1hei,0.0,,,,,,0.0,,,,,,0.0,,,,,,Ki-21-I_hei
ki-27_otsu_ep,0.0,,,,,,0.0,,,,,,0.0,,,,,,Ki-27_otsu_Tachiarai
ki_43_2_late,0.0,,,,,,17.0,,,1.0,,1.63,0.0,,,,,,Ki-43-II
ki_44_1_ep,0.0,,,,,,5.0,,,1.0,,0.0,0.0,,,,,,Ki-44-I_34
ki_44_2_otsu,0.0,,,,,,8.0,100.0,0.0,0.0,2.0,1.0,0.0,,,,,,Ki-44-II_otsu
ki-45_hei,0.0,,,,,,0.0,,,,,,0.0,,,,,,Ki-45_hei
ki-45_otsu,0.0,,,,,,19.0,,,0.0,,0.0,0.0,,,,,,Ki-45_otsu
ki-45_tei,0.0,,,,,,0.0,,,,,,0.0,,,,,,Ki-45_tei
ki_48_2_otsu,0.0,,,,,,0.0,,,,,,0.0,,,,,,Ki-48-II_otsu
ki-49_1,0.0,,,,,,0.0,,,,,,0.0,,,,,,Ki-49-I
ki-49_2a,0.0,,,,,,0.0,,,,,,0.0,,,,,,Ki-49-IIa
ki-49_2b,0.0,,,,,,0.0,,,,,,0.0,,,,,,Ki-49-IIb
ki-49_2b_late,0.0,,,,,,0.0,,,,,,0.0,,,,,,Ki-49-IIb/L
ki_61_1a_otsu_usa,0.0,,,,,,0.0,,,,,,0.0,,,,,,Ki-61-Ib
ki-83,0.0,,,,,,10.0,,,1.9,,1.0,0.0,,,,,,Ki-83
ki_84_hei,0.0,,,,,,96.0,54.0,2.1,3.46,2.24,3.66,0.0,,,,,,Ki-84_hei
ki_84_otsu,0.0,,,,,,33.0,100.0,1.64,0.5,1.0,1.0,0.0,,,,,,Ki-84_otsu
ki_87,0.0,,,,,,0.0,,,,,,0.0,,,,,,Ki-87
ki_94_2,0.0,,,,,,1.0,,,0.0,,0.0,0.0,,,,,,Ki-94-II
ki-96,0.0,,,,,,4.0,100.0,0.0,0.0,1.0,1.0,0.0,,,,,,Ki-96
kitsuka,0.0,,,,,,214.0,83.33,1.12,1.41,2.15,2.6,0.0,,,,,,Kikka
kor_1,,,,,,,,,,,,,,,,,,,KOR-1
i-15bis_krasnolutsky,0.0,,,,,,0.0,,,,,,0.0,,,,,,Krasnolutsky's_I-15bis
f-4e_iaf,0.0,,,,,,128.0,54.3,0.94,1.16,0.87,1.12,0.0,,,,,,Kurnass
f-4e_kurnass_2000,0.0,,,,,,0.0,,,,,,0.0,,,,,,Kurnass_2000
it_l3_cc,0.0,,,,,,0.0,,,,,,0.0,,,,,,L3/33_CC
it_l6,0.0,,,,,,0.0,,,,,,0.0,,,,,,L6/40
it_l6_leone,0.0,,,,,,0.0,,,,,,0.0,,,,,,L6/40_(31_Rgt.)
la-11,0.0,,,,,,0.0,,,,,,0.0,,,,,,La-11
la-15,0.0,,,,,,16.0,,,0.0,,0.0,0.0,,,,,,La-15
la_174,0.0,,,,,,0.0,,,,,,0.0,,,,,,La-174
la-5fn_luftwaffe,0.0,,,,,,18.0,,,1.0,,0.0,0.0,,,,,,La-5FN
lagg-3-4,0.0,,,,,,0.0,,,,,,0.0,,,,,,LaGG-3-4
lancaster_mk1,0.0,,,,,,24.0,50.0,0.0,0.0,0.0,0.0,0.0,,,,,,Lancaster_B_Mk_I
lancaster_mk3,0.0,,,,,,0.0,,,,,,0.0,,,,,,Lancaster_B_Mk_III
it_lancia3ro_100,0.0,,,,,,0.0,,,,,,0.0,,,,,,Lancia_3Ro_(100/17)
late_298d,0.0,,,,,,0.0,,,,,,0.0,,,,,,Late_298D
us_lav_ad,0.0,,,,,,815.0,53.52,0.34,0.35,0.46,0.44,0.0,,,,,,LAV-AD
fr_leclerc_azur,0.0,,,,,,148.0,79.03,0.0,0.0,4.22,2.04,0.0,,,,,,Leclerc_AZUR
fr_leclerc_s2,0.0,,,,,,130.0,49.38,0.0,0.0,2.6,1.58,0.0,,,,,,Leclerc_S2
fr_leclerc_sxxi,0.0,,,,,,340.0,56.59,0.0,0.0,3.29,2.37,0.0,,,,,,Leclerc_SXXI
leo_451_early,0.0,,,,,,0.0,,,,,,0.0,,,,,,LeO_451_early
leo_451_late,0.0,,,,,,0.0,,,,,,0.0,,,,,,LeO_451_late
germ_leopard_2av,0.0,,,,,,34.0,100.0,0.0,0.0,2.4,2.12,0.0,,,,,,Leopard_2AV
jp_leopard_2ri,0.0,,,,,,527.0,59.51,0.0,0.0,2.04,1.97,0.0,,,,,,Leopard_2RI
uk_vickers_mk_6_aa_mk_1,0.0,,,,,,0.0,,,,,,0.0,,,,,,Light_AA_Mk_I
lightning_f53,0.0,,,,,,22.0,,,,,,0.0,,,,,,Lightning_F.53
lincoln_b2,0.0,,,,,,22.0,100.0,3.5,7.0,0.0,0.0,0.0,,,,,,Lincoln_B_Mk_II
fr_lorraine_155,0.0,,,,,,0.0,,,,,,0.0,,,,,,Lorraine_155_Mle.50
fr_lorraine_37l,0.0,,,,,,0.0,,,,,,0.0,,,,,,Lorraine_37L
us_losat_ccv,0.0,,,,,,27.0,,,0.0,,0.55,0.0,,,,,,LOSAT
sw_lvrbv_701,0.0,,,,,,28.0,,,,,,0.0,,,,,,Lvrbv_701
us_lvt_a_4,0.0,,,,,,0.0,,,,,,0.0,,,,,,LVT(A)(4)
us_lvt_4_zis_2,0.0,,,,,,0.0,,,,,,0.0,,,,,,LVT(A)(4)_(ZIS-2)
fr_lvt_bofors,0.0,,,,,,9.0,100.0,0.0,0.0,2.0,2.0,0.0,,,,,,LVT-4/40
sw_tgdgb_m40_lv,0.0,,,,,,17.0,,,0.0,,1.0,0.0,,,,,,Lvtdgb_m/40
m_346fa,0.0,,,,,,44.0,50.0,1.0,2.0,0.05,0.09,0.0,,,,,,M-346FA
mb_151c1,0.0,,,,,,0.0,,,,,,0.0,,,,,,M.B.151C.1
mb_152c1,0.0,,,,,,0.0,,,,,,0.0,,,,,,M.B.152C1
mb_162,0.0,,,,,,0.0,,,,,,0.0,,,,,,M.B.162
mb_174_a3,0.0,,,,,,0.0,,,,,,0.0,,,,,,M.B.174A-3
mb_175t,0.0,,,,,,0.0,,,,,,0.0,,,,,,M.B.175T
md_450b_barougan,0.0,,,,,,27.0,,,0.0,,0.0,0.0,,,,,,M.D.450B_Barougan
md_450b_ouragan,0.0,,,,,,21.0,85.0,0.45,0.48,0.48,0.57,0.0,,,,,,M.D.450B_Ouragan
md_452_mystere_2a,0.0,,,,,,30.0,50.0,0.5,1.26,1.0,0.53,0.0,,,,,,M.D.452_IIA
md_452_mystere_2c_preproduction,0.0,,,,,,51.0,55.77,0.0,0.0,0.42,0.5,0.0,,,,,,M.D.452_IIC
ms_405c1,0.0,,,,,,0.0,,,,,,0.0,,,,,,M.S.405C1
ms_406c1,0.0,,,,,,0.0,,,,,,0.0,,,,,,M.S.406C1
fr_m10,0.0,,,,,,94.0,50.0,0.0,0.0,4.67,5.69,0.0,,,,,,M10_GMC
uk_m109a1,0.0,,,,,,38.0,100.0,0.0,0.0,1.0,1.36,0.0,,,,,,M109A1
germ_m109g,0.0,,,,,,122.0,46.19,0.06,0.03,1.31,0.76,0.0,,,,,,M109G
it_m109g,0.0,,,,,,16.0,0.0,0.0,0.0,1.0,1.0,0.0,,,,,,M109G
it_m113a1_tow,0.0,,,,,,28.0,50.0,0.0,0.0,1.0,0.92,0.0,,,,,,M113A1_(TOW)
us_m1296_dragoon,0.0,,,,,,58.0,88.89,0.0,0.0,1.11,0.91,0.0,,,,,,M1296
us_halftrack_m13,0.0,,,,,,3.0,,,,,,0.0,,,,,,M13_MGMC
it_m13_40_serie_2,0.0,,,,,,0.0,,,,,,0.0,,,,,,M13/40_(II)
it_m13_40_serie_3,0.0,,,,,,0.0,,,,,,0.0,,,,,,M13/40_(III)
it_m14_41,0.0,,,,,,8.0,,,0.0,,4.0,0.0,,,,,,M14/41
it_m15_42,0.0,,,,,,8.0,,,0.0,,3.0,0.0,,,,,,M15/42
us_halftrack_m16,0.0,,,,,,0.0,,,,,,0.0,,,,,,M16_MGMC
us_m163_vulcan,0.0,,,,,,453.0,36.78,0.53,0.48,0.13,0.12,0.0,,,,,,M163
jp_m163_vulcan,0.0,,,,,,299.0,75.59,0.95,1.01,0.24,0.25,0.0,,,,,,M163
jp_m19,0.0,,,,,,57.0,16.67,0.0,0.0,1.0,0.04,0.0,,,,,,M19A1
uk_m1a1_aim_abrams,0.0,,,,,,25.0,100.0,0.0,0.0,4.22,4.22,0.0,,,,,,M1A1
uk_m1a2_sep3_abrams,0.0,,,,,,618.0,61.48,0.0,0.0,2.54,2.14,0.0,,,,,,M1A2
us_m2_medium,0.0,,,,,,0.0,,,,,,0.0,,,,,,M2
us_m247,0.0,,,,,,356.0,40.68,1.28,1.05,0.29,0.25,0.0,,,,,,M247
us_m2a2,0.0,,,,,,0.0,,,,,,0.0,,,,,,M2A2
ussr_m3c,0.0,,,,,,0.0,,,,,,0.0,,,,,,M3_Medium
us_m3a1_stuart_usmc,0.0,,,,,,0.0,,,,,,0.0,,,,,,M3A1_(USMC)
it_m3a3_stuart,0.0,,,,,,1.0,100.0,0.0,0.0,1.0,1.0,0.0,,,,,,M3A3
us_m4a2_1944_germ,0.0,,,,,,0.0,,,,,,0.0,,,,,,M4_748_(a)
fr_m44,0.0,,,,,,62.0,95.83,0.0,0.0,1.59,1.48,0.0,,,,,,M44
it_m44,0.0,,,,,,69.0,53.23,0.0,0.0,1.47,1.86,0.0,,,,,,M44
uk_m44,0.0,,,,,,25.0,50.0,0.0,0.0,0.0,0.0,0.0,,,,,,M44
fr_m46_patton,0.0,,,,,,49.0,31.58,0.0,0.0,2.03,1.93,0.0,,,,,,M46
us_m47_patton_II,0.0,,,,,,351.0,55.89,0.0,0.0,1.7,1.45,0.0,,,,,,M47
it_m47_105,0.0,,,,,,74.0,60.26,0.0,0.0,2.37,2.52,0.0,,,,,,M47_(105/55)
germ_mkpz_super_m48,0.0,,,,,,141.0,39.72,0.0,0.0,2.48,2.94,1.0,100.0,0.0,0.0,1.0,1.0,M48_Super
us_m4a2_1944,,,,,,,,,,,,,,,,,,,M4A2_(1944)
fr_m4a3e2_sherman_jumbo,0.0,,,,,,58.0,78.26,0.0,0.0,3.11,3.24,0.0,,,,,,M4A3E2
fr_m4a4_cn_75_50,0.0,,,,,,168.0,62.69,0.0,0.0,1.63,1.89,0.0,,,,,,M4A4_(SA50)
us_m4a5_ram_2,0.0,,,,,,0.0,,,,,,0.0,,,,,,M4A5
it_m55,0.0,,,,,,24.0,,,0.0,,1.0,28.0,,,,,,M55
us_m5a1_stuart_td,0.0,,,,,,0.0,,,,,,0.0,,,,,,M5A1_TD
us_m60a1_rise_mod,0.0,,,,,,121.0,45.05,0.0,0.0,2.2,1.95,0.0,,,,,,M60A1_Predator
us_m728,0.0,,,,,,0.0,,,,,,0.0,,,,,,M728_CEV
us_m8_greyhound,0.0,,,,,,22.0,,,0.0,,1.45,0.0,,,,,,M8_LAC
us_magach_3,0.0,,,,,,0.0,,,,,,0.0,,,,,,Magach_3_(ERA)
il_magach_3,0.0,,,,,,12.0,,,0.0,,1.0,0.0,,,,,,Magach_3_(ERA)
il_magach_6a,0.0,,,,,,28.0,57.14,0.0,0.0,1.14,1.26,0.0,,,,,,Magach_6A
il_magach_6m,0.0,,,,,,15.0,57.41,0.0,0.0,0.59,1.18,0.0,,,,,,Magach_6M
il_magach_6r,0.0,,,,,,54.0,45.24,0.0,0.0,1.71,2.22,0.0,,,,,,Magach_6R
fiat_cr42_marcolin,0.0,,,,,,0.0,,,,,,0.0,,,,,,Marcolin's_C.R.42_CN
fiat_cr42_marcolin_italy,0.0,,,,,,0.0,,,,,,0.0,,,,,,Marcolin's_C.R.42_CN
uk_mark_v,0.0,,,,,,0.0,,,,,,0.0,,,,,,Mark_V
martin_139wc,0.0,,,,,,0.0,,,,,,0.0,,,,,,Martin_139WC
f4f-4_martlet_mk4,0.0,,,,,,12.0,,,,,,0.0,,,,,,Martlet_Mk_IV
uk_a_12_mk_2_matilda_2,0.0,,,,,,0.0,,,,,,0.0,,,,,,Matilda_III
mb_326b,0.0,,,,,,74.0,99.43,0.04,0.0,4.9,13.72,38.0,63.89,0.36,0.75,2.42,4.35,MB-326B
mb_5,0.0,,,,,,38.0,83.85,2.55,3.81,1.65,2.31,0.0,,,,,,MB.5
mbr-2,0.0,,,,,,0.0,,,,,,0.0,,,,,,MBR-2-M-34
me-163b,0.0,,,,,,15.0,,,,,,0.0,,,,,,Me_163_B
me-163b-0,0.0,,,,,,0.0,,,,,,0.0,,,,,,Me_163_B-0
me_210_v22_japan,0.0,,,,,,0.0,,,,,,0.0,,,,,,Me_210_V22
me-262a-1a,0.0,,,,,,17.0,50.0,0.0,0.0,0.0,0.0,0.0,,,,,,Me_262_A-1a
me-262a-1a_early,0.0,,,,,,31.0,50.0,0.5,1.0,2.5,5.0,0.0,,,,,,Me_262_A-1a/Jabo
me-262a-2a,0.0,,,,,,57.0,91.11,3.0,4.79,0.44,2.0,0.0,,,,,,Me_262_A-2a
me-262c-1a,0.0,,,,,,0.0,,,,,,0.0,,,,,,Me_262_C-1a
me-262c-2b,0.0,,,,,,11.0,,,,,,0.0,,,,,,Me_262_C-2b
me-410a-1_u4,0.0,,,,,,43.0,0.0,0.0,0.0,1.48,1.37,0.0,,,,,,Me_410_A-1/U4
us_merkava_mk_1,0.0,,,,,,45.0,50.0,0.0,0.0,1.95,1.76,0.0,,,,,,Merkava_Mk.1
us_merkava_mk_2b_late,0.0,,,,,,23.0,22.22,0.0,0.0,1.5,1.88,0.0,,,,,,Merkava_Mk.2B
us_merkava_mk_3d,0.0,,,,,,21.0,,,,,,0.0,,,,,,Merkava_Mk.3D
il_merkava_mk_4m,0.0,,,,,,622.0,84.64,0.08,0.08,6.09,6.28,0.0,,,,,,Merkava_Mk.4M
meteor_fmk3,0.0,,,,,,81.0,59.62,0.49,0.81,1.03,1.75,0.0,,,,,,Meteor_F_Mk_3
meteor_fmk4_lw,0.0,,,,,,51.0,89.58,0.75,0.84,1.6,1.84,0.0,,,,,,Meteor_F_Mk_4_G.41F
meteor_fmk4_sw,0.0,,,,,,0.0,,,,,,0.0,,,,,,Meteor_F_Mk_4_G.41G
meteor_fmk8,0.0,,,,,,4.0,,,0.0,,0.0,0.0,,,,,,Meteor_F_Mk_8_G.41K
meteor_fmk8_belgium,0.0,,,,,,21.0,100.0,2.55,2.33,1.0,0.92,0.0,,,,,,Meteor_F_Mk.8
meteor_fmk8_reaper,0.0,,,,,,0.0,,,,,,0.0,,,,,,Meteor_F_Mk.8_Reaper
me_210a_1,0.0,,,,,,22.0,100.0,2.0,0.0,0.0,0.0,0.0,,,,,,Me_210_A-1
mig-15_ns23,0.0,,,,,,91.0,92.86,3.48,2.01,0.17,0.31,0.0,,,,,,MiG-15
mig-15,0.0,,,,,,93.0,32.8,1.96,1.36,0.81,0.55,0.0,,,,,,MiG-15bis
mig-15bis_ish,0.0,,,,,,211.0,74.32,0.23,0.23,2.3,2.39,0.0,,,,,,MiG-15bis_ISH
mig-21_bison,0.0,,,,,,303.0,71.6,1.97,1.45,0.0,0.0,0.0,,,,,,MiG-21_Bison
mig-21_pfm,0.0,,,,,,14.0,50.0,0.04,0.07,0.0,0.0,0.0,,,,,,MiG-21PFM
mig_27k,0.0,,,,,,20.0,100.0,0.0,0.56,2.5,2.19,11.0,,,,,,MiG-27K
mig_29_9_12_sniper,0.0,,,,,,444.0,54.29,1.52,1.64,0.13,0.14,15.0,,,2.0,,0.0,MiG-29_Sniper
mig_29n,0.0,,,,,,23.0,0.0,1.0,1.09,0.0,0.0,0.0,,,,,,MiG-29N
mig-9,0.0,,,,,,84.0,24.36,1.67,2.27,0.19,0.19,0.0,,,,,,MiG-9
mig-9_ussr,0.0,,,,,,18.0,50.0,1.0,1.14,0.0,0.0,0.0,,,,,,MiG-9_(l)
mirage_milan,0.0,,,,,,11.0,100.0,1.0,,1.18,,0.0,,,,,,Milan
mirage_2000_5f,0.0,,,,,,185.0,60.1,1.69,1.34,0.37,0.28,0.0,,,,,,Mirage_2000-5F
mirage_2000c_s4,0.0,,,,,,252.0,63.87,2.9,7.44,0.18,0.24,0.0,,,,,,Mirage_2000C-S4
mirage_2000c_s5,0.0,,,,,,105.0,50.5,1.62,2.34,0.01,0.01,0.0,,,,,,Mirage_2000C-S5
mirage_2000d_r1,0.0,,,,,,0.0,,,,,,0.0,,,,,,Mirage_2000D-R1
mirage_2000d_rmv,0.0,,,,,,4.0,,,,,,0.0,,,,,,Mirage_2000D-RMV
mirage_4000,0.0,,,,,,83.0,88.71,1.95,1.49,0.02,0.02,18.0,,,1.0,,0.0,Mirage_4000
mirage_5ba,0.0,,,,,,25.0,,,,,,0.0,,,,,,Mirage_5BA
mirage_5f,0.0,,,,,,16.0,50.0,0.5,1.0,0.0,0.0,0.0,,,,,,Mirage_5F
mirage_f1c,0.0,,,,,,0.0,,,,,,0.0,,,,,,Mirage_F1C
mirage_f1c_200,0.0,,,,,,707.0,54.42,0.95,1.02,0.14,0.15,60.0,,,2.52,,0.0,Mirage_F1C-200
mirage_f1ct,0.0,,,,,,0.0,,,,,,8.0,,,1.0,,0.0,Mirage_F1CT
mirage_3c,0.0,,,,,,21.0,50.0,1.19,2.38,0.0,0.0,0.0,,,,,,Mirage_IIIC
mirage_3e,0.0,,,,,,52.0,88.64,1.41,1.16,0.0,0.0,0.0,,,,,,Mirage_IIIE
ussr_a_12_mk_2_matilda_2A_F96,0.0,,,,,,0.0,,,,,,0.0,,,,,,MK-II_«Matilda»
germ_mkpz_m47,0.0,,,,,,0.0,,,,,,0.0,,,,,,mKPz_M47_G
mosquito_fb_mk18,0.0,,,,,,0.0,,,,,,0.0,,,,,,Mosquito_FB_Mk_XVIII
mosquito_b_mk16,0.0,,,,,,1.0,,,,,,0.0,,,,,,Mosquito_B.Mk.XVI
p-51b,0.0,,,,,,95.0,84.41,1.53,1.92,0.81,1.05,13.0,,,4.57,,1.0,Mustang_Mk_IA
md_454_mystere_4a,0.0,,,,,,0.0,,,,,,0.0,,,,,,Mystere_IVA
nc_223_3,0.0,,,,,,0.0,,,,,,0.0,,,,,,N.C.223.3
n1k1_kyuofu,0.0,,,,,,0.0,,,,,,0.0,,,,,,N1K1
n1k2_j,0.0,,,,,,0.0,,,,,,0.0,,,,,,N1K2-J
il_namer_rcws_30,0.0,,,,,,331.0,58.22,0.06,0.09,1.2,1.37,0.0,,,,,,Namer_30
il_namer_tsrikhon,0.0,,,,,,67.0,61.4,0.0,0.0,1.65,2.69,0.0,,,,,,Namer_Tsrikhon
sw_nasams_fcs,0.0,,,,,,31.0,62.5,1.5,2.0,0.0,0.0,0.0,,,,,,NASAMS_3_(СОЦ)
us_nasams_fcs,0.0,,,,,,414.0,67.4,1.25,1.27,0.0,0.0,0.0,,,,,,NASAMS_3_(СОЦ)
germ_panzerjager_nashorn,0.0,,,,,,160.0,38.77,0.0,0.0,1.89,2.06,0.0,,,,,,Nashorn
fw-190a-8_france,0.0,,,,,,0.0,,,,,,0.0,,,,,,NC.900
nesher,0.0,,,,,,0.0,,,,,,0.0,,,,,,Nesher
f_16a_block_10_iaf,0.0,,,,,,3.0,,,1.0,,1.0,0.0,,,,,,Netz
f_16a_block_10_netz_mod,0.0,,,,,,65.0,54.29,2.02,3.11,0.34,0.44,0.0,,,,,,Netz_(Mod)
nimrod_mk1,0.0,,,,,,0.0,,,,,,0.0,,,,,,Nimrod_Mk_I
nimrod_mk2,0.0,,,,,,0.0,,,,,,0.0,,,,,,Nimrod_Mk_II
sw_nomads,0.0,,,,,,0.0,,,,,,0.0,,,,,,NOMADS
ussr_object_140,0.0,,,,,,114.0,49.2,0.0,0.0,3.53,3.07,0.0,,,,,,Object_140
cn_object_211,0.0,,,,,,126.0,98.55,0.0,0.0,3.64,0.9,0.0,,,,,,Object_211
uk_olifant_mk_1a,0.0,,,,,,661.0,66.09,0.1,0.13,4.37,5.06,0.0,,,,,,Olifant_Mk.1A
uk_olifant_mk_2,0.0,,,,,,200.0,97.1,0.0,0.0,5.54,2.29,0.0,,,,,,Olifant_Mk.2
os2u_1,0.0,,,,,,0.0,,,,,,0.0,,,,,,OS2U-1
os2u_3,0.0,,,,,,0.0,,,,,,0.0,,,,,,OS2U-3
uk_9a33bm2,0.0,,,,,,11.0,0.0,1.0,1.0,0.0,0.0,0.0,,,,,,Osa-AK
it_9a33bm3,0.0,,,,,,0.0,,,,,,0.0,,,,,,Osa-AKM
it_otomatic,0.0,,,,,,53.0,100.0,1.04,1.08,1.32,1.4,0.0,,,,,,OTOMATIC
p-26a_34,0.0,,,,,,0.0,,,,,,0.0,,,,,,P-26A-34
p-26a_34_m2,0.0,,,,,,0.0,,,,,,0.0,,,,,,P-26A-34_M2
p-26b_35,0.0,,,,,,0.0,,,,,,0.0,,,,,,P-26B-35
p-38g,0.0,,,,,,0.0,,,,,,0.0,,,,,,P-38G-1
p-38k,0.0,,,,,,6.0,,,,,,0.0,,,,,,P-38K
p-39k_1,0.0,,,,,,0.0,,,,,,0.0,,,,,,P-39K-1
p-39q_15,0.0,,,,,,0.0,,,,,,0.0,,,,,,P-39Q-15
p-39q_5,0.0,,,,,,70.0,100.0,1.36,1.36,1.46,1.46,0.0,,,,,,P-39Q-5
p-40c,0.0,,,,,,0.0,,,,,,0.0,,,,,,P-40C
p-40e_td,0.0,,,,,,4.0,100.0,1.0,1.0,1.0,1.0,0.0,,,,,,P-40E-1_TD
p-43a-1,0.0,,,,,,0.0,,,,,,0.0,,,,,,P-43A-1
p-47d_luftwaffe,0.0,,,,,,8.0,,,,,,0.0,,,,,,P-47D
p-47m-1-re,0.0,,,,,,127.0,72.04,0.65,0.91,1.55,2.23,0.0,,,,,,P-47M-1-RE
p-51a_tl,0.0,,,,,,38.0,,,0.63,,0.28,0.0,,,,,,P-51A
p-51c-11-nt_japan,0.0,,,,,,0.0,,,,,,0.0,,,,,,P-51C-11-NT
p-59a,0.0,,,,,,22.0,100.0,2.0,1.75,0.0,0.0,0.0,,,,,,P-59A
p-61a_1,0.0,,,,,,50.0,100.0,1.0,0.27,2.29,0.96,13.0,100.0,0.0,,2.0,,P-61A-11
p-66,0.0,,,,,,0.0,,,,,,0.0,,,,,,P-66
p_108b_serie1,0.0,,,,,,0.0,,,,,,0.0,,,,,,P.108B_serie_1
p_108b_serie2,0.0,,,,,,0.0,,,,,,0.0,,,,,,P.108B_serie_2
fr_citroen_kegresse_p4t,0.0,,,,,,0.0,,,,,,0.0,,,,,,P.7.T_AA
p1y1_mod11,0.0,,,,,,0.0,,,,,,0.0,,,,,,P1Y1_mod._11
d_510,0.0,,,,,,0.0,,,,,,0.0,,,,,,Pallier's_D.510
it_palmaria,0.0,,,,,,89.0,50.0,0.0,0.0,2.44,2.74,0.0,,,,,,Palmaria
ussr_pantsyr_s1,0.0,,,,,,637.0,26.66,1.42,0.9,0.05,0.05,0.0,,,,,,Pantsir-S1
pb4y-2_france,0.0,,,,,,0.0,,,,,,0.0,,,,,,PB4Y-2
pbj_1h,0.0,,,,,,0.0,,,,,,0.0,,,,,,PBJ-1H
pbj_1j,0.0,,,,,,0.0,,,,,,0.0,,,,,,PBJ-1J
pbm_1,0.0,,,,,,0.0,,,,,,0.0,,,,,,"PBM-1_""Mariner"""
pbm_3,0.0,,,,,,0.0,,,,,,0.0,,,,,,"PBM-3_""Mariner"""
pbm_5a,0.0,,,,,,0.0,,,,,,0.0,,,,,,"PBM-5A_""Mariner"""
sw_pbv_301,0.0,,,,,,0.0,,,,,,0.0,,,,,,Pbv_301
sw_pbv_302_bill,0.0,,,,,,80.0,22.22,0.0,0.0,0.59,0.48,0.0,,,,,,Pbv_302_(BILL)
pby-5,0.0,,,,,,0.0,,,,,,0.0,,,,,,PBY-5_Catalina
pby-5a,0.0,,,,,,0.0,,,,,,0.0,,,,,,PBY-5A_Catalina
pby-5a_ussr,0.0,,,,,,0.0,,,,,,0.0,,,,,,PBY-5A_Catalina
pby-5a_late_france,0.0,,,,,,0.0,,,,,,0.0,,,,,,PBY-5A_Late
pe-2-205,0.0,,,,,,0.0,,,,,,0.0,,,,,,Pe-2-205
cn_pgz_04a,0.0,,,,,,93.0,65.33,0.27,0.33,0.33,0.25,0.0,,,,,,PGZ04A
cn_pgz_09,0.0,,,,,,198.0,72.48,0.67,0.68,0.72,0.74,0.0,,,,,,PGZ09
ussr_type_65_aa,0.0,,,,,,13.0,,,,,,0.0,,,,,,Phòng_không_T-34
cn_plz_83,0.0,,,,,,15.0,0.0,0.0,0.0,1.0,0.4,0.0,,,,,,PLZ83
cn_plz_83_130,0.0,,,,,,37.0,100.0,0.23,0.08,2.55,1.77,0.0,,,,,,PLZ83-130
po-2,0.0,,,,,,0.0,,,,,,0.0,,,,,,Po-2
po-2_nw,,,,,,,,,,,,,,,,,,,Po-2_Night_Witch
po-2m,0.0,,,,,,0.0,,,,,,0.0,,,,,,Po-2M
potez_630,0.0,,,,,,0.0,,,,,,0.0,,,,,,Potez_630
potez_631,0.0,,,,,,0.0,,,,,,0.0,,,,,,Potez_631
potez_633,0.0,,,,,,0.0,,,,,,0.0,,,,,,Potez_633
cn_ptl_02,0.0,,,,,,246.0,58.89,0.0,0.0,2.29,1.24,5.0,100.0,0.0,,1.0,,PTL02
germ_schutzenpanzer_puma,0.0,,,,,,328.0,55.69,0.04,0.04,1.78,0.94,0.0,,,,,,PUMA
germ_schutzenpanzer_puma_vjtf_mod,0.0,,,,,,89.0,,,0.0,,0.85,0.0,,,,,,Puma_u14
germ_schutzenpanzer_puma_vjtf,0.0,,,,,,684.0,41.62,0.0,0.0,0.75,0.67,0.0,,,,,,PUMA_VJTF
pv_2d,0.0,,,,,,50.0,33.94,0.71,0.98,2.8,3.98,0.0,,,,,,PV-2D
sw_pvlvv_fm42,0.0,,,,,,11.0,,,,,,0.0,,,,,,Pvlvv_fm/42
germ_pzkpfw_II_ausf_C_td,0.0,,,,,,0.0,,,,,,0.0,,,,,,Pz.II_C_TD
germ_pzkpfw_III_ausf_J_td,0.0,,,,,,0.0,,,,,,0.0,,,,,,Pz.III_J1_TD
it_pzkpfw_III_ausf_N,0.0,,,,,,3.0,,,0.0,,2.0,0.0,,,,,,Pz.III_N
germ_pzkpfw_III_ausf_L,0.0,,,,,,41.0,,,0.0,,1.9,0.0,,,,,,Pz.III_L
germ_pzkpfw_II_ausf_F,0.0,,,,,,9.0,,,0.0,,0.78,0.0,,,,,,Pz.II_F
germ_pzkpfw_II_ausf_C_DAK,0.0,,,,,,11.0,100.0,0.0,0.0,7.0,6.27,0.0,,,,,,Pz.II_С_(DAK)
germ_amd_35_kwk39,0.0,,,,,,45.0,0.0,0.0,0.0,5.1,0.91,0.0,,,,,,Pz.Sp.Wg.P204(f)_PaK
q_5_early,0.0,,,,,,0.0,,,,,,0.0,,,,,,Q-5_early
q_5a,0.0,,,,,,23.0,100.0,0.0,0.0,1.0,1.0,0.0,,,,,,Q-5A
q_5l,0.0,,,,,,0.0,,,,,,0.0,,,,,,Q-5L
uk_ram_90mm_aa,0.0,,,,,,169.0,74.14,0.0,0.0,5.57,4.75,8.0,,,0.0,,1.0,QF_3.7_Ram
quing_6,0.0,,,,,,0.0,,,,,,0.0,,,,,,Qing-6
cn_qn506,0.0,,,,,,25.0,71.74,0.0,0.0,0.93,1.57,0.0,,,,,,QN506
fr_renault_r39,0.0,,,,,,0.0,,,,,,0.0,,,,,,R.35_(SA38)
r2y2_v1,0.0,,,,,,0.0,,,,,,0.0,,,,,,R2Y2_Kai_V1
r2y2_v2,0.0,,,,,,8.0,100.0,1.0,1.0,1.0,1.0,0.0,,,,,,R2Y2_Kai_V2
r2y2_kai,0.0,,,,,,20.0,97.06,0.29,0.18,1.41,1.21,0.0,,,,,,R2Y2_Kai_V3
it_oto_r3_106sr,0.0,,,,,,148.0,62.1,0.0,0.0,1.85,1.63,0.0,,,,,,R3_T106_FA
it_oto_r3_t20_fa,0.0,,,,,,178.0,69.55,0.21,0.18,0.4,0.25,0.0,,,,,,R3_T20_FA-HS
germ_th_400,0.0,,,,,,155.0,33.69,0.0,0.0,1.35,0.78,0.0,,,,,,R400
rafale_c_f3,0.0,,,,,,205.0,69.75,2.22,3.2,0.91,1.05,7.0,,,0.0,,0.0,Rafale_C_F3
rafale_m_f3r,0.0,,,,,,80.0,38.33,1.84,2.11,0.24,0.38,0.0,,,,,,Rafale_M_F3-R
germ_raketenjagdpanzer_2_hot,0.0,,,,,,116.0,38.98,0.0,0.0,0.27,0.18,0.0,,,,,,RakJPz_2_(HOT)
uk_tracked_rapier,0.0,,,,,,101.0,45.45,3.32,4.75,0.0,0.0,0.0,,,,,,Rapier
p-36a_rasmussen,0.0,,,,,,0.0,,,,,,0.0,,,,,,Rasmussen's_P-36A
uk_ratel_20,0.0,,,,,,46.0,100.0,0.0,0.0,1.0,0.52,0.0,,,,,,Ratel_20
uk_ratel_90,0.0,,,,,,106.0,91.32,0.0,0.0,3.98,2.58,0.0,,,,,,Ratel_90
re_2000_int,0.0,,,,,,0.0,,,,,,0.0,,,,,,Re.2000_serie_1
re_2001_cb,0.0,,,,,,0.0,,,,,,0.0,,,,,,Re.2001_CB
re_2001_serie1_ep,0.0,,,,,,0.0,,,,,,0.0,,,,,,Re.2001_gruppo_22
re_2001_serie1,0.0,,,,,,14.0,,,0.0,,0.0,0.0,,,,,,Re.2001_serie_1
re_2005_vdm,0.0,,,,,,38.0,100.0,1.67,1.58,3.3,3.23,0.0,,,,,,Re.2005_(VDM)
re_2005_serie0,0.0,,,,,,31.0,100.0,1.0,0.17,5.0,2.17,0.0,,,,,,Re.2005_serie_0
jp_type_95_heavy,0.0,,,,,,0.0,,,,,,0.0,,,,,,Ro-Go
jp_hiro_sha,0.0,,,,,,6.0,,,0.0,,1.0,0.0,,,,,,Ro-Go_Exp.
ro_43,,,,,,,,,,,,,,,,,,,Ro.43
ro_44,0.0,,,,,,0.0,,,,,,0.0,,,,,,Ro.44
ro_57_quadriarma,0.0,,,,,,30.0,66.67,0.3,0.5,1.3,2.0,0.0,,,,,,Ro.57_Quadriarma
fr_amx_30_roland,0.0,,,,,,78.0,26.04,1.49,1.45,0.0,0.0,0.0,,,,,,Roland_1
uk_rooikat_105_td,0.0,,,,,,269.0,54.23,0.0,0.0,2.47,1.81,0.0,,,,,,Rooikat_105
uk_rooikat_76,0.0,,,,,,148.0,82.01,0.0,0.0,2.7,1.32,0.0,,,,,,Rooikat_Mk.1D
uk_rooikat_mttd,0.0,,,,,,181.0,63.7,0.0,0.0,2.79,2.51,0.0,,,,,,Rooikat_MTTD
s_81_ar125,0.0,,,,,,0.0,,,,,,0.0,,,,,,S.81
sm_79_1941,0.0,,,,,,0.0,,,,,,0.0,,,,,,S.M.79_AS
sm_79_iar,0.0,,,,,,0.0,,,,,,0.0,,,,,,S.M.79_B
sm_79_iar_italy,0.0,,,,,,0.0,,,,,,0.0,,,,,,S.M.79_B
sm_79_1942,0.0,,,,,,0.0,,,,,,0.0,,,,,,S.M.79_bis/N
sm_79_1943,0.0,,,,,,0.0,,,,,,0.0,,,,,,S.M.79_bis/T.M
sm_79_1936,0.0,,,,,,0.0,,,,,,0.0,,,,,,S.M.79_serie_1
sm_79_1936_italy,0.0,,,,,,0.0,,,,,,0.0,,,,,,S.M.79_serie_1
sm_79_1937,0.0,,,,,,0.0,,,,,,0.0,,,,,,S.M.79_serie_4
sm_79_1939,0.0,,,,,,0.0,,,,,,0.0,,,,,,S.M.79_serie_8
so_4050_vautour_2a,0.0,,,,,,0.0,,,,,,0.0,,,,,,S.O.4050_Vautour_IIA
so_4050_vautour_2b,0.0,,,,,,0.0,,,,,,0.0,,,,,,S.O.4050_Vautour_IIB
so_4050_vautour_2n,0.0,,,,,,10.0,100.0,0.0,0.0,1.0,1.0,0.0,,,,,,S.O.4050_Vautour_IIN
so_4050_vautour_2n_late,0.0,,,,,,96.0,54.17,2.01,2.51,0.7,0.78,0.0,,,,,,S.O.4050_Vautour_IIN_(late)
so_8000_narval,0.0,,,,,,0.0,,,,,,0.0,,,,,,S.O.8000_Narval
saab_b17bs,0.0,,,,,,0.0,,,,,,0.0,,,,,,S17BS
md_460_saar,0.0,,,,,,14.0,100.0,1.0,1.0,0.0,0.0,0.0,,,,,,Sa'ar
saab_f35_wdns,0.0,,,,,,4.0,0.0,0.0,0.0,1.0,0.33,0.0,,,,,,Saab_F-35
saab_j35xs,0.0,,,,,,374.0,57.94,2.21,2.92,3.96,5.16,0.0,,,,,,Saab_J35XS
saab_105g,0.0,,,,,,119.0,69.01,0.86,0.59,6.23,4.74,0.0,,,,,,SAAB-105G
saab_105oe,0.0,,,,,,0.0,,,,,,0.0,,,,,,SAAB-105OE
sagittario_2,0.0,,,,,,3.0,,,,,,0.0,,,,,,Sagittario_2
md_460_sambad,0.0,,,,,,0.0,,,,,,0.0,,,,,,Sambad
fr_vab_santal,0.0,,,,,,84.0,0.0,2.33,0.83,0.0,0.0,0.0,,,,,,SANTAL
uk_marmon_herrington_mk_6_6pdr,0.0,,,,,,95.0,51.92,0.0,0.0,1.37,2.17,0.0,,,,,,SARC_MkVI_(6pdr)
fr_somua_sau40,0.0,,,,,,0.0,,,,,,0.0,,,,,,SAu_40
sb_2m_100,0.0,,,,,,0.0,,,,,,0.0,,,,,,SB_2M-100
sb_2m_103_mv3,0.0,,,,,,0.0,,,,,,0.0,,,,,,SB_2M-103_MV-3
sb_2m_103u,0.0,,,,,,0.0,,,,,,0.0,,,,,,SB_2M-103U
sb_2m_103u_mv3,0.0,,,,,,0.0,,,,,,0.0,,,,,,SB_2M-103U_MV-3
sb2u-3,0.0,,,,,,15.0,,,,,,0.0,,,,,,SB2U-3
scimitar_f1,0.0,,,,,,3.0,,,,,,0.0,,,,,,Scimitar_F_Mk.1
uk_fv107_scimitar_mk2,0.0,,,,,,31.0,,,0.0,,0.8,0.0,,,,,,Scimitar_Mk.2
germ_sdkfz_221_s_pz_b_41,0.0,,,,,,0.0,,,,,,0.0,,,,,,Sd.Kfz.221_(s.Pz.B.41)
germ_sdkfz_234_2_mod,0.0,,,,,,102.0,65.22,0.0,0.0,2.91,1.13,0.0,,,,,,"Sd.Kfz.234/2_""Biene"""
germ_sdkfz_234_2_td,0.0,,,,,,66.0,47.1,0.0,0.0,0.84,0.86,0.0,,,,,,Sd.Kfz.234/2_TD
germ_sdkfz_234_3,0.0,,,,,,49.0,19.89,0.0,0.0,2.27,2.27,0.0,,,,,,Sd.Kfz.234/3
germ_sdkfz_234_4,0.0,,,,,,166.0,53.33,0.0,0.0,3.31,2.53,12.0,,,,,,Sd.Kfz.234/4
germ_sdkfz_251_10,0.0,,,,,,0.0,,,,,,0.0,,,,,,Sd.Kfz.251/10
germ_sdkfz_251_21,0.0,,,,,,109.0,14.29,0.52,0.47,0.51,0.45,0.0,,,,,,Sd.Kfz.251/21
gladiator_mk2_navy,0.0,,,,,,0.0,,,,,,0.0,,,,,,Sea_Gladiator_Mk_I
harrier_frs1_early,0.0,,,,,,16.0,100.0,2.0,2.0,0.0,0.0,0.0,,,,,,Sea_Harrier_FRS.1_(e)
sea_hawk_fga6,0.0,,,,,,43.0,69.7,0.27,0.45,1.36,2.0,0.0,,,,,,Sea_Hawk_FGA.6
sea_hawk_fga50_netherlands,0.0,,,,,,50.0,76.47,1.35,2.05,3.65,5.05,20.0,,,,,,Sea_Hawk_Mk.50
hurricane_mk1b,0.0,,,,,,0.0,,,,,,0.0,,,,,,Sea_Hurricane_Mk_IB
meteor_fmk3_navy,0.0,,,,,,123.0,58.98,0.85,1.47,0.66,1.07,0.0,,,,,,Sea_Meteor_F_Mk_3
sea_venom_faw20,0.0,,,,,,0.0,,,,,,0.0,,,,,,Sea_Venom_FAW_20
dh_110_sea_vixen,0.0,,,,,,48.0,50.0,1.5,1.94,0.0,0.0,17.0,,,1.06,,0.0,Sea_Vixen_F.A.W._Mk.2
seafire_mk17,0.0,,,,,,4.0,,,2.0,,1.0,0.0,,,,,,Seafire_F_Mk_XVII
seafire_mk3,0.0,,,,,,0.0,,,,,,0.0,,,,,,Seafire_LF_Mk.III
shackleton_mr_mk_2,0.0,,,,,,0.0,,,,,,0.0,,,,,,Shackleton_MR.Mk.2
mirage_3cj,0.0,,,,,,12.0,100.0,2.83,2.83,1.0,1.0,0.0,,,,,,Shahak
uk_centurion_shot_kal_d,0.0,,,,,,0.0,,,,,,0.0,,,,,,Sho't_Kal_Dalet
ussr_9p149,0.0,,,,,,135.0,35.38,0.0,0.0,1.43,1.36,0.0,,,,,,Shturm-S
saab_sk60b,0.0,,,,,,174.0,27.15,0.95,0.51,2.15,1.33,0.0,,,,,,SK60B
uk_skink_aa,0.0,,,,,,54.0,46.15,0.62,0.28,0.38,0.31,0.0,,,,,,Skink
us_skink_aa_kit_3rank,0.0,,,,,,76.0,46.77,1.02,1.26,0.11,0.08,0.0,,,,,,Skink_(Hell)
ussr_smk,1.0,100.0,0.0,0.0,5.0,5.0,0.0,,,,,,0.0,,,,,,SMK
soc_1,,,,,,,,,,,,,,,,,,,SOC-1
spitfire_mk14c,0.0,,,,,,22.0,87.5,0.88,1.0,0.5,0.44,0.0,,,,,,Spitfire_F_Mk_XIVc
spitfire_mk18e,0.0,,,,,,119.0,87.25,0.96,1.39,3.14,4.46,0.0,,,,,,Spitfire_F_Mk_XVIIIe
spitfire_ix_usa,0.0,,,,,,485.0,63.98,0.95,1.22,1.31,1.64,14.0,,,,,,Spitfire_LF_Mk_IXc
spitfiremkiia,0.0,,,,,,16.0,,,,,,0.0,,,,,,Spitfire_Mk_IIa
spitfire_ix_ussr,0.0,,,,,,33.0,100.0,3.0,,1.75,,0.0,,,,,,Spitfire_Mk_IXc
spitfire_mk5b_italy,0.0,,,,,,5.0,,,1.0,,1.0,12.0,,,,,,Spitfire_Mk_Vb/trop
spitfire_mk5b_float,0.0,,,,,,6.0,100.0,3.0,3.0,0.0,0.0,0.0,,,,,,Spitfire_Mk.Vb_(Float)
il_spyder_aio,0.0,,,,,,97.0,77.22,1.03,1.6,0.0,0.0,0.0,,,,,,SPYDER
fr_saint_chamond,0.0,,,,,,0.0,,,,,,0.0,,,,,,St-Chamond
us_stingray,0.0,,,,,,1003.0,57.2,0.0,0.0,2.08,1.51,0.0,,,,,,Stingray
jp_stingray,0.0,,,,,,285.0,56.71,0.0,0.0,2.24,2.2,0.0,,,,,,Stingray
stirling_mk1,0.0,,,,,,0.0,,,,,,0.0,,,,,,Stirling_B_Mk_I
stirling_mk3,0.0,,,,,,0.0,,,,,,0.0,,,,,,Stirling_B_Mk_III
uk_stormer_air_defence,0.0,,,,,,138.0,22.22,1.81,1.35,0.0,0.0,0.0,,,,,,Stormer_AD
uk_stormer_hvm,0.0,,,,,,55.0,46.3,0.46,0.22,0.0,0.0,0.0,,,,,,Stormer_HVM
strikemaster_mk88,0.0,,,,,,92.0,80.26,0.39,0.34,2.93,3.57,0.0,,,,,,Strikemaster_Mk.88
uk_fv102_striker,0.0,,,,,,15.0,,,0.0,,0.0,0.0,,,,,,Striker
sw_strv_103c,0.0,,,,,,134.0,46.5,0.0,0.0,0.82,1.15,0.0,,,,,,Strv_103С
sw_strv_105,0.0,,,,,,449.0,55.55,0.0,0.0,1.58,1.71,0.0,,,,,,Strv_105
sw_strv_81_rb52,0.0,,,,,,12.0,,,0.0,,0.0,0.0,,,,,,Strv_81_(RB_52)
uk_centurion_mk_3_ss11,0.0,,,,,,0.0,,,,,,0.0,,,,,,Strv_81_(RB_52)
sw_strv_m39_td,0.0,,,,,,0.0,,,,,,0.0,,,,,,Strv_m/39_TD
sw_strv_m41_s1,0.0,,,,,,0.0,,,,,,0.0,,,,,,Strv_m/41_S-I
us_m5a1_stuart_canadian_5st_arm,0.0,,,,,,0.0,,,,,,0.0,,,,,,Stuart_VI_(5th_CAD)
germ_stug_III_ausf_A,0.0,,,,,,0.0,,,,,,0.0,,,,,,StuG_III_A
ussr_su_100Y,0.0,,,,,,24.0,50.0,0.0,0.0,1.5,1.5,0.0,,,,,,SU-100Y
su-11,0.0,,,,,,178.0,59.87,2.11,2.13,1.77,1.84,0.0,,,,,,Su-11
ussr_su_122P,0.0,,,,,,26.0,0.0,0.0,0.0,1.0,2.7,0.0,,,,,,SU-122P
su_17m2,0.0,,,,,,23.0,100.0,0.0,0.0,1.0,1.0,0.0,,,,,,Su-17M2
su_17m4,0.0,,,,,,0.0,,,,,,12.0,100.0,1.5,1.5,1.0,1.0,Su-17M4
su_22m3,0.0,,,,,,106.0,83.33,0.83,0.49,0.79,0.2,6.0,,,0.0,,0.0,Su-22M3
su_25sm3,0.0,,,,,,4.0,,,2.0,,0.0,9.0,,,0.0,,2.0,Su-25SM3
su_30mkm,0.0,,,,,,582.0,66.76,0.97,1.35,1.11,1.55,0.0,,,,,,Su-30MKM
ussr_su_57,0.0,,,,,,16.0,,,0.0,,0.38,0.0,,,,,,SU-57
su_6_single,0.0,,,,,,104.0,100.0,0.36,0.41,4.55,5.17,0.0,,,,,,Su-6
su-6_am42,0.0,,,,,,31.0,55.83,0.46,0.79,1.07,1.0,0.0,,,,,,Su-6_(AM-42)
su-6_m71,0.0,,,,,,23.0,,,0.0,,1.0,18.0,0.0,0.0,0.0,2.0,2.0,Su-6_(M-71F)
ussr_su_76d,0.0,,,,,,0.0,,,,,,0.0,,,,,,SU-76D
ussr_su_76m_1943,0.0,,,,,,0.0,,,,,,0.0,,,,,,SU-76M
ussr_su_76m_5st_kav_corps,0.0,,,,,,0.0,,,,,,0.0,,,,,,SU-76M_(5th_Gv.Kav.Corps)
su-7bmk,0.0,,,,,,18.0,,,0.13,,0.25,0.0,,,,,,Su-7BMK
ussr_su_85a,0.0,,,,,,0.0,,,,,,0.0,,,,,,SU-85A
su-9,0.0,,,,,,141.0,58.61,0.33,0.34,0.36,0.4,0.0,,,,,,Su-9
sunderland_mk3a,0.0,,,,,,0.0,,,,,,0.0,,,,,,Sunderland_Mk_IIIa
sunderland_mk5,0.0,,,,,,0.0,,,,,,0.0,,,,,,Sunderland_Mk_V
super_etendard_97,0.0,,,,,,31.0,87.72,0.91,1.03,5.26,6.13,0.0,,,,,,Super_Etendard
md_460,0.0,,,,,,71.0,73.35,1.88,2.16,0.73,0.81,0.0,,,,,,Super_Mystere_B2
swift_f1,0.0,,,,,,84.0,77.96,1.49,1.12,0.06,0.07,0.0,,,,,,Swift_F.1
swift_f7,0.0,,,,,,0.0,,,,,,0.0,,,,,,Swift_F.7
uk_fv438_swingfire,0.0,,,,,,180.0,61.4,0.0,0.0,1.95,1.98,0.0,,,,,,Swingfire
swordfish_mk1,0.0,,,,,,0.0,,,,,,0.0,,,,,,Swordfish_Mk_I
swordfish_mk2,0.0,,,,,,0.0,,,,,,0.0,,,,,,Swordfish_Mk_II
sw_t_80u,0.0,,,,,,309.0,47.71,0.0,0.0,2.07,1.35,0.0,,,,,,T_80_U
ussr_t_10a,0.0,,,,,,95.0,58.28,0.0,0.0,2.16,2.72,0.0,,,,,,T-10A
ussr_t_126sp,0.0,,,,,,0.0,,,,,,0.0,,,,,,T-126
t2,0.0,,,,,,431.0,85.5,3.25,7.13,0.2,0.39,0.0,,,,,,T-2
t2_early,0.0,,,,,,26.0,50.0,0.0,0.55,0.0,0.0,0.0,,,,,,T-2_Early
cn_t_26_no531,0.0,,,,,,0.0,,,,,,0.0,,,,,,T-26_No.531
ussr_t_26E,0.0,,,,,,0.0,,,,,,0.0,,,,,,T-26E
ussr_t_34_1940_l_11,0.0,,,,,,0.0,,,,,,0.0,,,,,,T-34_(Prototype)
sw_t_50_fin,0.0,,,,,,0.0,,,,,,0.0,,,,,,T-50
ussr_t_70_1942,0.0,,,,,,0.0,,,,,,0.0,,,,,,T-70
sw_t_72m1,0.0,,,,,,727.0,54.1,0.0,0.0,2.03,1.98,0.0,,,,,,T-72M1
cn_t_80ud_478be,0.0,,,,,,157.0,62.06,0.0,0.0,3.6,1.79,0.0,,,,,,T-80UD/BE
ussr_pzkpfw_III_ausf_J_L42,0.0,,,,,,13.0,100.0,0.0,0.0,2.38,2.38,0.0,,,,,,T-III
us_t114,0.0,,,,,,69.0,50.0,0.0,0.0,3.0,2.35,0.0,,,,,,T114
us_t28,0.0,,,,,,22.0,,,,,,0.0,,,,,,T28
us_t32,0.0,,,,,,213.0,24.39,0.0,0.0,7.5,2.48,0.0,,,,,,T32
us_t54e2,0.0,,,,,,20.0,,,0.0,,3.45,0.0,,,,,,T54E2
us_t77e1,0.0,,,,,,128.0,64.52,2.29,1.62,0.0,0.0,0.0,,,,,,T77E1
us_t95,0.0,,,,,,61.0,50.0,0.0,0.0,1.46,2.39,0.0,,,,,,T95
ta-152c,0.0,,,,,,3.0,100.0,1.0,1.0,1.0,1.0,0.0,,,,,,Ta_152_C-3
ta-152h-1,0.0,,,,,,68.0,51.59,2.26,3.93,0.59,1.09,0.0,,,,,,Ta_152_H-1
jp_type_98_ta_se,0.0,,,,,,41.0,100.0,0.42,0.15,2.25,1.42,0.0,,,,,,Ta-Se
germ_thyssen_henschel_tam_2c,0.0,,,,,,373.0,59.36,0.0,0.0,1.17,0.9,1.0,,,0.0,,0.0,TAM_2C
jp_type_81_tansam_launcher,,,,,,,,,,,,,,,,,,,Tan-SAM_Kai_(СОУ)
jp_type_81_tansam_fcs,0.0,,,,,,36.0,100.0,0.11,0.02,0.0,0.0,0.0,,,,,,Tan-SAM_Kai_(СОЦ)
tbd-1_1938,0.0,,,,,,0.0,,,,,,0.0,,,,,,TBD-1
tbf-1c,0.0,,,,,,0.0,,,,,,0.0,,,,,,TBF-1C
il_tcm_20,0.0,,,,,,10.0,0.0,0.0,0.0,0.0,0.0,0.0,,,,,,TCM-20
tempest_mkv_luftwaffe,0.0,,,,,,4.0,,,,,,0.0,,,,,,Tempest_Mk_V
tempest_mkv_vikkers,0.0,,,,,,0.0,,,,,,0.0,,,,,,Tempest_Mk_V_(Vickers_P)
f2a-1_thach,0.0,,,,,,0.0,,,,,,0.0,,,,,,Thach's_F2A-1
il_tiran_4,0.0,,,,,,32.0,50.0,0.0,0.0,1.0,0.79,0.0,,,,,,Tiran_4
ussr_to_55,0.0,,,,,,206.0,61.67,0.0,0.0,4.55,2.99,0.0,,,,,,TO-55
uk_tog_2,0.0,,,,,,29.0,50.0,0.0,0.0,2.85,4.15,0.0,,,,,,TOG_II
it_toldi_II_a,0.0,,,,,,0.0,,,,,,0.0,,,,,,Toldi_IIA
cn_tor_m1,0.0,,,,,,3.0,,,,,,0.0,,,,,,Tor-M1
tornado_adv,0.0,,,,,,0.0,,,,,,0.0,,,,,,Tornado_ADV
tornado_ids_it,0.0,,,,,,0.0,,,,,,0.0,,,,,,Tornado_IDS
tornado_ids_it_mod95,0.0,,,,,,0.0,,,,,,0.0,,,,,,Tornado_IDS_(1995)
tornado_ids_it_ret8,0.0,,,,,,0.0,,,,,,0.0,,,,,,Tornado_IDS_MLU_(RET.8)
ussr_tor_m1,0.0,,,,,,19.0,0.0,2.0,1.0,0.0,0.0,0.0,,,,,,Toр-M1
uk_ttd,0.0,,,,,,239.0,56.57,0.0,0.0,4.86,3.95,0.0,,,,,,TTD
tu-1,0.0,,,,,,5.0,100.0,0.0,0.0,1.6,2.0,0.0,,,,,,Tu-1
tu_14t,0.0,,,,,,22.0,0.0,0.0,0.0,0.42,0.42,0.0,,,,,,Tu-14T
tu-2_early,0.0,,,,,,4.0,100.0,0.5,1.0,2.5,5.0,0.0,,,,,,Tu-2
tu_4,0.0,,,,,,0.0,,,,,,0.0,,,,,,Tu-4
gladiator_mk2_tuck,0.0,,,,,,0.0,,,,,,0.0,,,,,,Tuck's_Gladiator_Mk_II
it_41m_turan_2,0.0,,,,,,0.0,,,,,,0.0,,,,,,Turan_II
jp_type_03_chusam_fcs,0.0,,,,,,101.0,57.41,0.64,0.56,0.0,0.0,0.0,,,,,,Type_03_(СОЦ)
jp_type_16_mcv_prot,0.0,,,,,,424.0,52.62,0.0,0.0,1.74,1.43,0.0,,,,,,Type_16_(P)
jp_type_60_atm,0.0,,,,,,101.0,56.67,0.0,0.0,0.89,0.66,0.0,,,,,,Type_60_ATM
jp_type_61_mod,0.0,,,,,,125.0,81.58,0.0,0.0,3.17,2.04,0.0,,,,,,Type_61_(B)
ussr_type_62,0.0,,,,,,4.0,0.0,0.0,0.0,3.0,3.0,0.0,,,,,,Type_62
cn_type_69_2a,0.0,,,,,,23.0,100.0,0.0,0.0,5.0,2.47,0.0,,,,,,Type_69-IIa
jp_type_74,0.0,,,,,,389.0,56.54,0.0,0.0,2.15,2.06,0.0,,,,,,Type_74_(E)
jp_type_74_f,0.0,,,,,,256.0,65.7,0.0,0.0,2.55,2.21,0.0,,,,,,Type_74_(F)
jp_type_75_mlrs,0.0,,,,,,15.0,,,0.0,,1.0,0.0,,,,,,Type_75_MLRS
jp_type_87_rcv,0.0,,,,,,313.0,59.95,0.0,0.0,1.66,1.46,0.0,,,,,,Type_87_RCV
jp_type_87_rcv_prot,0.0,,,,,,318.0,63.92,0.07,0.08,1.46,1.35,0.0,,,,,,Type_87_RCV_(P)
jp_type_89,0.0,,,,,,282.0,63.82,0.0,0.0,3.5,1.76,0.0,,,,,,Type_89
ef_2000_typhoon_aesa,0.0,,,,,,400.0,75.06,2.23,4.36,0.25,0.49,0.0,,,,,,Typhoon_(AESA)
ef_2000_fgr4,0.0,,,,,,80.0,55.38,1.1,1.45,0.12,0.12,0.0,,,,,,Typhoon_FGR.4
typhoon_mk1b,0.0,,,,,,52.0,98.49,2.19,2.01,3.3,2.94,0.0,,,,,,Typhoon_Mk_Ib
sw_landsverk_ush_405,0.0,,,,,,239.0,51.77,0.0,0.0,3.58,2.13,0.0,,,,,,U-SH_405
sw_udes_33,0.0,,,,,,57.0,95.45,0.0,0.0,2.09,0.84,0.0,,,,,,UDES_33
us_m551_football,,,,,,,,,,,,,,,,,,,us_m551_football
ussr_m551_football,,,,,,,,,,,,,,,,,,,ussr_m551_football
v_11g,0.0,,,,,,0.0,,,,,,0.0,,,,,,V-11
v_12d,0.0,,,,,,0.0,,,,,,0.0,,,,,,V-12D
v_156_b1,0.0,,,,,,1.0,,,0.0,,0.0,0.0,,,,,,V-156-B1
v_156_f,0.0,,,,,,0.0,,,,,,0.0,,,,,,V-156-F
uk_valentine_mk_1,0.0,,,,,,0.0,,,,,,0.0,,,,,,Valentine_I
uk_valentine_mk_9,0.0,,,,,,8.0,,,0.0,,2.0,0.0,,,,,,Valentine_IX
vampire_fb5,0.0,,,,,,0.0,,,,,,0.0,,,,,,Vampire_F.B.5
vampire_fb52_finland,0.0,,,,,,36.0,42.42,0.0,0.0,0.0,0.0,0.0,,,,,,Vampire_FB_52A
vampire_fb52a_italy,0.0,,,,,,3.0,,,1.0,,0.0,0.0,,,,,,Vampire_FB_52A
so_4050_vautour_2a_iaf,0.0,,,,,,0.0,,,,,,0.0,,,,,,Vautour_IIA_IDF/AF
it_vbc_pt2,0.0,,,,,,126.0,52.0,0.12,0.09,1.91,1.46,5.0,100.0,0.0,0.0,2.0,2.0,VBC_(PT2)
it_vcc_80_hitfist_30,0.0,,,,,,6.0,0.0,0.0,0.0,4.0,1.4,0.0,,,,,,VCC-80/30
it_vcc_80_hitfist_60,0.0,,,,,,151.0,50.0,0.0,0.0,1.55,1.12,5.0,,,0.0,,1.0,VCC-80/60
sw_veak_40,0.0,,,,,,165.0,40.0,0.0,0.0,1.05,0.58,0.0,,,,,,VEAK_40
venom_fb4,0.0,,,,,,18.0,100.0,2.67,3.33,1.67,2.0,0.0,,,,,,Venom_FB.4
fr_vextra_105,0.0,,,,,,104.0,0.0,0.0,0.0,2.46,0.74,0.0,,,,,,Vextra_105
uk_vfm_5,0.0,,,,,,183.0,69.48,0.0,0.0,2.9,3.63,0.0,,,,,,VFM5
uk_vickers_mk_11,0.0,,,,,,234.0,51.43,0.0,0.0,2.52,1.82,0.0,,,,,,Vickers_Mk.11
uk_vickers_mbt_mk_3,0.0,,,,,,214.0,53.24,0.0,0.0,1.5,1.11,0.0,,,,,,Vickers_Mk.3
uk_vickers_mk7,0.0,,,,,,140.0,34.85,0.0,0.0,2.65,1.33,0.0,,,,,,Vickers_Mk.7
sw_k9_vidar,0.0,,,,,,100.0,100.0,0.0,0.0,4.5,2.14,0.0,,,,,,VIDAR
uk_vijayanta,0.0,,,,,,33.0,50.0,0.0,0.0,1.83,0.69,0.0,,,,,,Vijayanta
germ_pzkpfw_VI_tiger_P,0.0,,,,,,0.0,,,,,,0.0,,,,,,VK_45.01_(P)
vl_myrsky_2_late,0.0,,,,,,0.0,,,,,,0.0,,,,,,VL_Myrsky_II
it_vrcc_centauro,0.0,,,,,,144.0,58.22,0.0,0.0,3.26,2.79,0.0,,,,,,VRCC
cn_vt_4,0.0,,,,,,9.0,50.0,0.0,0.0,2.0,1.3,0.0,,,,,,VT4
walrus_mk1,,,,,,,,,,,,,,,,,,,Walrus_Mk.I
uk_fv510_isv,0.0,,,,,,51.0,77.78,0.0,0.0,1.17,1.14,0.0,,,,,,Warrior
washington_b1,0.0,,,,,,0.0,,,,,,0.0,,,,,,Washington_B.Mk.I
spitfire_lf_mk9e_weisman,0.0,,,,,,53.0,68.75,1.0,0.94,2.19,1.94,20.0,,,2.0,,4.0,Weizman's_Spitfire_LF_Mk.IXe
wellington_mk1c,0.0,,,,,,0.0,,,,,,0.0,,,,,,Wellington_Mk_Ic
wellington_mk1c_luftwaffe,0.0,,,,,,0.0,,,,,,0.0,,,,,,Wellington_Mk_Ic
wellington_mk1c_late,0.0,,,,,,0.0,,,,,,0.0,,,,,,Wellington_Mk_Ic/L
wellington_mk3,0.0,,,,,,0.0,,,,,,0.0,,,,,,Wellington_Mk_III
wellington_mk10,0.0,,,,,,0.0,,,,,,0.0,,,,,,Wellington_Mk_X
whirlwind_mk1,0.0,,,,,,21.0,,,,,,0.0,,,,,,Whirlwind_Mk_I
whirlwind_p9,0.0,,,,,,0.0,,,,,,0.0,,,,,,Whirlwind_P.9
wirraway,0.0,,,,,,0.0,,,,,,0.0,,,,,,Wirraway
cn_wma_301,0.0,,,,,,103.0,78.83,0.0,0.0,2.35,2.45,0.0,,,,,,WMA301
cn_wz_141,0.0,,,,,,113.0,100.0,0.0,0.0,6.59,2.26,0.0,,,,,,WZ141-1
xa_38,0.0,,,,,,0.0,,,,,,31.0,,,0.0,,0.8,XA-38
xf5f,0.0,,,,,,23.0,,,,,,0.0,,,,,,XF5F
us_xm_800t,0.0,,,,,,2161.0,62.58,0.0,0.0,1.61,1.4,0.0,,,,,,XM800T
p-38g_metal,0.0,,,,,,32.0,100.0,3.42,,1.37,,0.0,,,,,,XP-38G
xp-55,0.0,,,,,,73.0,52.56,1.53,1.74,1.6,1.8,0.0,,,,,,XP-55
yak-23,0.0,,,,,,11.0,66.67,1.33,1.25,1.0,1.0,0.0,,,,,,Yak-23
yak-28b,0.0,,,,,,56.0,24.44,0.0,0.0,0.22,0.25,0.0,,,,,,Yak-28B
yak-3t,0.0,,,,,,68.0,44.44,2.19,2.28,1.02,1.13,0.0,,,,,,Yak-3T
er-2_ach30b_early,0.0,,,,,,0.0,,,,,,0.0,,,,,,Yer-2_(ACh-30B)_(e)
er-2_ach30b_late,0.0,,,,,,0.0,,,,,,0.0,,,,,,Yer-2_(ACh-30B)_(l)
er-2_m105_tat,0.0,,,,,,0.0,,,,,,0.0,,,,,,Yer-2_(M-105)_TAT
er-2_m105r_tat,0.0,,,,,,0.0,,,,,,0.0,,,,,,Yer-2_(M-105R)_TAT
yp-38,0.0,,,,,,0.0,,,,,,0.0,,,,,,YP-38
uk_ystervark_spaa,0.0,,,,,,45.0,85.0,0.85,0.75,0.0,0.0,0.0,,,,,,Ystervark
z_1007_bis_serie3,0.0,,,,,,0.0,,,,,,0.0,,,,,,Z.1007_bis_serie_3
z_1007_bis_serie5,0.0,,,,,,0.0,,,,,,0.0,,,,,,Z.1007_bis_serie_5
cn_zbd_04a,0.0,,,,,,210.0,58.14,0.0,0.0,1.73,1.43,2.0,,,0.0,,1.0,ZBD04A
cn_type_86,0.0,,,,,,48.0,100.0,0.0,0.0,2.0,1.0,0.0,,,,,,ZBD86
germ_flakpanzer_zerstorer_45,0.0,,,,,,174.0,22.36,0.41,0.34,0.28,0.25,0.0,,,,,,Zerstörer_45
ussr_zis_12_94KM_1945,0.0,,,,,,173.0,60.35,0.57,0.4,2.49,1.88,0.0,,,,,,ZiS-12_(94-KM)
ussr_zis_43,0.0,,,,,,0.0,,,,,,0.0,,,,,,ZiS-43
it_40_43m_zrinyi_2,0.0,,,,,,0.0,,,,,,0.0,,,,,,Zrinyi_II
ussr_zsu_37,0.0,,,,,,38.0,,,0.0,,0.63,0.0,,,,,,ZSU-37
uk_ratel_zt3,0.0,,,,,,458.0,62.07,0.05,0.05,3.14,3.11,0.0,,,,,,ZT3A2
cn_zts_63_1980,0.0,,,,,,177.0,67.9,0.0,0.0,1.21,1.09,0.0,,,,,,ZTS63
cn_ztz_96a,0.0,,,,,,123.0,46.03,0.0,0.0,1.33,1.41,0.0,,,,,,ZTZ96A
cn_ztz_99,0.0,,,,,,33.0,50.0,0.0,0.0,1.9,1.5,0.0,,,,,,ZTZ99-II
cn_ztz_99_w,0.0,,,,,,22.0,,,0.0,,0.2,0.0,,,,,,ZTZ99-III
ussr_zut_37,0.0,,,,,,0.0,,,,,,0.0,,,,,,ZUT-37
ussr_bmd_4m,0.0,,,,,,1022.0,45.86,0.0,0.0,1.52,1.32,7.0,,,0.0,,1.0,БМД-4M
ussr_sdkfz_251_21_kit_3rank,0.0,,,,,,11.0,0.0,1.0,0.22,0.0,0.0,0.0,,,,,,Ганомаг_('45)
ussr_garford_putilov,0.0,,,,,,0.0,,,,,,0.0,,,,,,Гарфордъ
db_lk,0.0,,,,,,0.0,,,,,,0.0,,,,,,ДБ-ЛК
ussr_valentine_mk_9,0.0,,,,,,0.0,,,,,,0.0,,,,,,"МК-IX_""Valentine"""
mig_29kr_9_41r,0.0,,,,,,42.0,55.56,2.44,4.67,0.0,0.0,8.0,,,,,,МиГ-29КР_(9-41Р)
it_9a35_m,0.0,,,,,,4.0,50.0,0.5,1.0,0.0,0.0,0.0,,,,,,Стрела-10М
su_24m,0.0,,,,,,137.0,57.27,0.2,0.16,2.08,3.19,3.0,,,0.0,,1.0,Су-24М
yak_1_litvyak,0.0,,,,,,0.0,,,,,,0.0,,,,,,Як-1_Литвяк
yak_130_early,0.0,,,,,,1279.0,58.57,0.1,0.12,2.7,3.4,0.0,,,,,,Як-130
p-47m-1-re_boxted,0.0,,,,,,72.0,29.01,0.41,0.57,0.59,0.78,23.0,50.0,1.0,1.28,0.9,1.22,⋠P-47M-1-RE
a6m5_zero_china,,,,,,,,,,,,,,,,,,,A6M5_(China)
f-100a_china,0.0,,,,,,83.0,67.86,2.39,2.04,0.82,0.39,0.0,,,,,,F-100A_(China)
f_100f_china,0.0,,,,,,17.0,100.0,1.0,1.0,0.0,0.0,0.0,,,,,,F-100F_(China)
f-104a_china,0.0,,,,,,0.0,,,,,,0.0,,,,,,F-104A_(China)
f-104g_china,0.0,,,,,,0.0,,,,,,0.0,,,,,,F-104G_(China)
f_16a_block_72v_china,0.0,,,,,,14.0,50.0,1.0,2.0,0.0,0.0,0.0,,,,,,F-16V_(China)
f_47n_25_re_china,0.0,,,,,,0.0,,,,,,0.0,,,,,,F-47N-25-RE_(China)
f-5a_china,0.0,,,,,,0.0,,,,,,0.0,,,,,,F-5A_(China)
f-5e_aidc,0.0,,,,,,4.0,0.0,1.0,1.0,0.0,0.0,0.0,,,,,,F-5E_(China)
f-84g_china,0.0,,,,,,74.0,73.15,0.02,0.02,2.13,2.16,3.0,,,,,,F-84G-21-RE_(China)
f-84g-31-re_china,0.0,,,,,,34.0,63.89,0.31,0.26,1.58,1.64,0.0,,,,,,F-84G-31-RE_(China)
f-86f-30_china,0.0,,,,,,22.0,100.0,1.91,1.0,0.55,0.38,0.0,,,,,,F-86F-30_(China)
gladiator_mk1_china,0.0,,,,,,0.0,,,,,,0.0,,,,,,Gladiator_Mk_I_(China)
h-75m_china,0.0,,,,,,0.0,,,,,,0.0,,,,,,H-75M_(China)
hs-123a-1_china,0.0,,,,,,0.0,,,,,,0.0,,,,,,Hs_123_A-1_(China)
i-153_m62_china,0.0,,,,,,0.0,,,,,,0.0,,,,,,I-153_M-62_(China)
i-15bis_china,0.0,,,,,,31.0,100.0,1.0,1.0,2.0,1.53,0.0,,,,,,I-15bis_(China)
i-16_chung_28,0.0,,,,,,0.0,,,,,,0.0,,,,,,I-16_Chung_28_(China)
i-16_type5_1935_china,0.0,,,,,,0.0,,,,,,0.0,,,,,,I-16_type_5_(China)
cn_isu_122,0.0,,,,,,0.0,,,,,,0.0,,,,,,ISU-122_(China)
cn_isu_152,0.0,,,,,,43.0,,,0.0,,0.37,0.0,,,,,,ISU-152_(China)
ki-27_otsu_china,0.0,,,,,,0.0,,,,,,0.0,,,,,,Ki-27_otsu_(China)
ki_43_3_ko,0.0,,,,,,0.0,,,,,,0.0,,,,,,Ki-43-III_ko_(China)
ki-45_hei_tei_china,0.0,,,,,,0.0,,,,,,0.0,,,,,,Ki-45_hei/tei_(China)
ki_84_ko_china,0.0,,,,,,14.0,,,,,,14.0,100.0,7.0,7.0,1.0,1.0,Ki-84_ko_(China)
cn_m113a1_tow,0.0,,,,,,101.0,64.3,0.0,0.0,0.55,0.55,0.0,,,,,,M113A1_(TOW)_(China)
cn_m60a3_tts,0.0,,,,,,71.0,100.0,0.0,0.0,8.85,2.73,0.0,,,,,,M60A3_TTS_(China)
mig-9_china,0.0,,,,,,0.0,,,,,,0.0,,,,,,MiG-9_(China)
mig-9_late_china,0.0,,,,,,0.0,,,,,,0.0,,,,,,MiG-9_(l)_(China)
mirage_2000_5ei,0.0,,,,,,87.0,60.0,2.0,2.22,0.0,0.0,0.0,,,,,,Mirage_2000-5Ei_(China)
pb4y-2_china,0.0,,,,,,0.0,,,,,,0.0,,,,,,PB4Y-2_(China)
cn_pt_76,0.0,,,,,,0.0,,,,,,0.0,,,,,,PT-76_(China)
sb_2m_103u_china,0.0,,,,,,0.0,,,,,,0.0,,,,,,SB_2M-103U_(China)
cn_su_76m_1943,0.0,,,,,,35.0,0.0,0.0,0.0,1.0,1.0,0.0,,,,,,SU-76M_(China)
tu_4_china,0.0,,,,,,0.0,,,,,,0.0,,,,,,Tu-4_(China)
uk_challenger_II_yt_cup_2019,,,,,,,,,,,,,,,,,,,␙Challenger_2
germ_leopard_2a5_yt_cup_2019,0.0,,,,,,0.0,,,,,,0.0,,,,,,␙Leopard_2A5
us_m1a1_abrams_yt_cup_2019,0.0,,,,,,0.0,,,,,,0.0,,,,,,␙M1A1
md_460_yt_cup_2019,,,,,,,,,,,,,,,,,,,␙Super_Mystere_B2
ussr_t_80u_yt_cup_2019,0.0,,,,,,0.0,,,,,,0.0,,,,,,␙T-80U
p-63c-5_kingcobra_animal_version,0.0,,,,,,187.0,64.17,0.7,1.37,2.58,4.98,0.0,,,,,,␠Kingcobra
f-86_canadair_german,0.0,,,,,,36.0,50.0,3.2,3.05,1.23,1.19,0.0,,,,,,◄CL-13A_Mk_5
f-86_cl_13b_mk6,0.0,,,,,,48.0,50.0,2.88,4.71,1.42,1.76,0.0,,,,,,◄CL-13B_Mk.6
ef_2000_block_10,0.0,,,,,,420.0,50.1,1.3,1.4,0.18,0.19,26.0,,,0.08,,0.0,◄EF-2000
ef_2000_aesa,0.0,,,,,,544.0,56.99,1.58,2.0,0.41,0.51,0.0,,,,,,◄EF-2000_(AESA)
f-104g,0.0,,,,,,0.0,,,,,,0.0,,,,,,◄F-104G
f-4f_late,0.0,,,,,,355.0,46.54,0.4,0.48,0.69,0.81,0.0,,,,,,◄F-4F
f-4f,0.0,,,,,,0.0,,,,,,0.0,,,,,,◄F-4F_Early
f-4f_kws_lv,0.0,,,,,,109.0,33.85,0.89,1.03,0.17,0.19,0.0,,,,,,◄F-4F_KWS_LV
f-84f_germany,0.0,,,,,,0.0,,,,,,0.0,,,,,,◄F-84F
f-86k_late_german,0.0,,,,,,59.0,10.71,1.21,0.77,0.0,0.0,0.0,,,,,,◄F-86K
fiat_g91_r3,0.0,,,,,,33.0,50.0,0.3,0.44,1.5,2.2,0.0,,,,,,◄G.91_R/3
fiat_g91_r4_german,0.0,,,,,,59.0,73.53,1.18,1.13,0.74,0.52,0.0,,,,,,◄G.91_R/4
mig-21_sps_k,0.0,,,,,,161.0,59.79,1.59,2.05,0.28,0.37,0.0,,,,,,◄MiG-21_SPS-K
mig_29_9_12g,0.0,,,,,,46.0,50.0,0.66,0.51,0.0,0.0,0.0,,,,,,◄MiG-29G
sea_hawk_mk100,0.0,,,,,,42.0,58.33,0.83,1.67,0.0,0.0,0.0,,,,,,◄Sea_Hawk_Mk.100
su_22m4_de_wtd61,0.0,,,,,,78.0,50.0,0.81,0.95,2.5,2.98,45.0,50.0,1.0,1.0,1.0,1.0,◄Su-22M4_WTD61
tornado_ids_de_assta3_sle,0.0,,,,,,0.0,,,,,,0.0,,,,,,◄Tornado_IDS_SLE
il_28_german,0.0,,,,,,24.0,50.0,0.5,0.58,0.5,0.42,0.0,,,,,,◊IL-28
mig-17p_lim_5p,0.0,,,,,,14.0,,,3.0,,0.0,0.0,,,,,,◊Lim-5P
mig-15bis_nr23_german,0.0,,,,,,41.0,84.85,1.95,1.73,1.22,1.41,0.0,,,,,,◊MiG-15bis
mig-21_bis_sau,0.0,,,,,,20.0,,,,,,0.0,,,,,,◊MiG-21bis-SAU
mig-21_mf,0.0,,,,,,26.0,100.0,5.0,3.13,0.0,0.0,0.0,,,,,,◊MiG-21MF
mig_23bn,0.0,,,,,,11.0,,,,,,0.0,,,,,,◊MiG-23BN
mig_29_9_12_germany,0.0,,,,,,59.0,50.0,0.93,0.93,0.0,0.0,23.0,,,0.0,,0.0,◊MiG-29
germ_9a33bm3,0.0,,,,,,27.0,0.0,0.0,0.26,0.0,0.0,0.0,,,,,,◊Osa-AK
us_lvt_a_1_trb,0.0,,,,,,0.0,,,,,,0.0,,,,,,○LVT(A)(1)
p-36c_rb,0.0,,,,,,11.0,,,0.0,,0.0,0.0,,,,,,○P-36C
fa_18c_late_switzerland,0.0,,,,,,139.0,52.15,0.8,1.07,0.19,0.21,0.0,,,,,,◌F/A-18C_Late
hunter_f58a_1971_switzerland,0.0,,,,,,6.0,100.0,3.0,,1.0,,0.0,,,,,,◌Hunter_F.58A_(1971)
mirage_3s_c70_switzerland,0.0,,,,,,22.0,96.88,2.88,4.0,0.0,0.0,0.0,,,,,,◌Mirage_IIIS_C.70
uk_challenger_2_megatron_sm,0.0,,,,,,464.0,50.0,0.0,0.0,1.26,1.12,0.0,,,,,,◍Challenger_2_OES
cn_mbt2000_sm,0.0,,,,,,3.0,,,,,,0.0,,,,,,◍MBT-2000
re_2000_heja_1,0.0,,,,,,0.0,,,,,,0.0,,,,,,◔Héja_I
il_28_hungary,0.0,,,,,,0.0,,,,,,0.0,,,,,,◔IL-28
saab_jas39c_hungary,0.0,,,,,,35.0,11.11,0.38,0.9,2.74,2.07,0.0,,,,,,◔JAS39EBS_HU_C
mig-15bis_nr23_hungary,0.0,,,,,,0.0,,,,,,0.0,,,,,,◔MiG-15bis
mig-17pf_hungary,0.0,,,,,,6.0,,,,,,0.0,,,,,,◔MiG-17PF
mig-21_bis_sau_hungary,0.0,,,,,,7.0,,,,,,0.0,,,,,,◔MiG-21bis-SAU
mig-21_mf_hungary,0.0,,,,,,21.0,100.0,2.0,2.0,0.0,0.0,0.0,,,,,,◔MiG-21MF
mig_23mf_hungary,0.0,,,,,,0.0,,,,,,0.0,,,,,,◔MiG-23MF
mig_29_9_12b_hungary,0.0,,,,,,30.0,50.0,1.5,3.0,0.0,0.0,0.0,,,,,,◔MiG-29
su_22m3_hungary,0.0,,,,,,0.0,,,,,,0.0,,,,,,◔Su-22M3
tu-2_postwar_late_hungary,0.0,,,,,,53.0,75.98,0.12,0.12,1.42,1.59,0.0,,,,,,◔Tu-2S-59
it_zsu_23_4,0.0,,,,,,44.0,100.0,0.67,0.6,0.08,0.02,0.0,,,,,,◔ZSU-23-4
fokker_d21_netherlands,0.0,,,,,,0.0,,,,,,0.0,,,,,,◗Fokker_D.XXI
fokker_g1a,0.0,,,,,,15.0,81.82,0.64,1.0,1.0,1.44,0.0,,,,,,◗Fokker_G.IA
f_16a_block_5_netherlands,0.0,,,,,,14.0,,,1.0,,0.0,0.0,,,,,,◘F-16A
f_16am_block_20_mlu_netherlands,0.0,,,,,,129.0,76.74,1.77,3.92,1.02,1.57,8.0,,,2.0,,0.0,◘F-16AM
hunter_f6_holland,0.0,,,,,,12.0,50.0,1.0,2.0,1.0,2.0,0.0,,,,,,◘Hunter_F.6
nf_5a_netherlands,0.0,,,,,,562.0,59.55,1.57,2.13,0.78,1.04,0.0,,,,,,◘NF-5A
sb_25j_netherlands,0.0,,,,,,0.0,,,,,,0.0,,,,,,◘SB-25J
kfir_c10_colombia,0.0,,,,,,60.0,69.45,1.3,1.35,0.0,0.0,0.0,,,,,,◡Kfir_C.10
f_16a_block_10_norway,0.0,,,,,,0.0,,,,,,4.0,,,0.0,,0.0,◢F-16A
f_16am_block_20_mlu_norway,0.0,,,,,,24.0,74.44,0.61,0.61,0.0,0.0,0.0,,,,,,◢F-16AM
f-5ag_norway,0.0,,,,,,21.0,,,,,,0.0,,,,,,◢F-5A(G)
hawk_209_indonesia,0.0,,,,,,3.0,,,0.0,,0.0,0.0,,,,,,◥Hawk_209
a_4e_late_iaf,0.0,,,,,,0.0,,,,,,0.0,,,,,,A-4E_(Israel)
a_4e_early_iaf,0.0,,,,,,8.0,,,1.0,,1.0,0.0,,,,,,A-4E_Early_(M)_(Israel)
f-84f_israel_iaf,0.0,,,,,,0.0,,,,,,0.0,,,,,,F-84F_(Israel)
md_450b_ouragan_iaf_29,0.0,,,,,,0.0,,,,,,0.0,,,,,,M.D.450B_(29)_(Israel)
meteor_frmk9_iaf,0.0,,,,,,0.0,,,,,,0.0,,,,,,Meteor_FR.9_(Israel)
mig_21_2000_iaf,0.0,,,,,,0.0,,,,,,0.0,,,,,,MiG-21_2000_(Israel)
md_454_mystere_4a_iaf,0.0,,,,,,0.0,,,,,,0.0,,,,,,Mystere_IVA_(Israel)
so_4050_vautour_2a_israel_iaf,0.0,,,,,,0.0,,,,,,0.0,,,,,,Vautour_IIA_(Israel)
so_4050_vautour_2n_iaf,0.0,,,,,,0.0,,,,,,0.0,,,,,,Vautour_IIN_(Israel)
