name,ab_battles,ab_win_rate,ab_air_frags_per_battle,ab_air_frags_per_death,ab_ground_frags_per_battle,ab_ground_frags_per_death,rb_battles,rb_win_rate,rb_air_frags_per_battle,rb_air_frags_per_death,rb_ground_frags_per_battle,rb_ground_frags_per_death,sb_battles,sb_win_rate,sb_air_frags_per_battle,sb_air_frags_per_death,sb_ground_frags_per_battle,sb_ground_frags_per_death,alt_name
germ_panzerbefelhswagen_VI_P,1190.0,88.29,0.01,0.07,6.62,9.83,186.0,61.11,0.0,0.0,4.52,3.55,0.0,,,,,,Pz.Bfw.VI_(P)
su_30mk2v_venezuela,848.0,59.73,5.93,5.01,0.3,0.24,1900.0,54.91,0.88,1.02,0.57,0.66,170.0,,,1.14,,0.37,Су-30МК2_AMV
ussr_t_34_1941_57,781.0,61.07,0.04,0.04,2.34,2.27,739.0,53.61,0.0,0.0,2.53,1.75,0.0,,,,,,T-34-57
germ_vsw_flak_41,635.0,92.8,0.09,0.1,5.21,8.57,229.0,53.43,0.0,0.0,4.74,3.33,15.0,,,0.0,,2.6,VFW
la-7,616.0,79.47,3.14,3.52,1.3,1.45,281.0,71.52,1.86,2.53,0.99,1.36,0.0,,,,,,La-7
ussr_t_34_85E,566.0,88.92,0.0,0.0,5.46,5.52,565.0,64.32,0.0,0.0,6.03,5.56,0.0,,,,,,T-34-85E
ussr_kv_85,571.0,54.75,0.1,0.11,2.6,2.61,165.0,54.22,0.0,0.0,2.54,2.49,0.0,,,,,,KV-85
ussr_kv_1e,546.0,77.69,0.03,0.03,5.39,5.96,246.0,73.5,0.0,0.0,6.47,4.74,0.0,,,,,,KV-1E
ussr_t_54_1947,512.0,53.52,0.1,0.09,3.35,3.31,324.0,58.48,0.0,0.0,2.78,1.42,16.0,,,0.0,,2.0,T-54_(1947)
sw_t_34_85_zis_53,489.0,81.71,0.1,0.1,3.09,3.78,388.0,38.06,0.0,0.0,1.92,1.3,0.0,,,,,,T-34-85
sw_sav_fm48,490.0,69.39,0.05,0.04,4.59,3.19,622.0,52.76,0.0,0.0,4.61,2.43,0.0,,,,,,SAV_20.12.48
germ_pzkpfw_VI_ausf_h1_tiger_west,450.0,66.89,0.04,0.04,4.02,6.95,371.0,50.24,0.0,0.0,3.1,3.36,0.0,,,,,,Tiger_West
ussr_t_34_85_zis_53,444.0,67.72,0.0,0.0,4.38,5.1,708.0,54.45,0.0,0.0,2.47,2.32,0.0,,,,,,T-34-85
germ_pzkpfw_VI_ausf_e_tiger,427.0,66.25,0.07,0.08,4.11,4.23,1118.0,40.23,0.0,0.0,1.84,1.56,54.0,,,0.0,,2.53,Tiger_E
germ_pzkpfw_V_ausf_d_panther,431.0,71.56,0.01,0.01,2.86,2.62,418.0,22.18,0.0,0.0,3.55,1.25,34.0,100.0,0.0,0.0,1.0,1.27,Panther_D
il_m_51,436.0,85.97,0.2,0.14,6.44,3.47,1225.0,67.09,0.0,0.0,6.4,1.63,2.0,,,0.0,,1.0,M-51
sw_t_34_1941,408.0,71.97,0.0,0.0,3.7,4.41,226.0,65.93,0.0,0.0,3.26,1.99,0.0,,,,,,T-34
ussr_t_80uk,414.0,47.24,0.0,0.0,0.92,0.92,1687.0,45.51,0.0,0.0,1.51,1.18,0.0,,,,,,T-80UK
ussr_object_906,399.0,52.03,0.0,0.0,1.99,1.72,1081.0,54.39,0.0,0.0,2.43,1.78,0.0,,,,,,Object_906
bf-109f-4,383.0,65.41,4.92,5.54,0.42,0.51,413.0,55.21,1.7,1.39,1.07,0.89,13.0,,,1.0,,0.0,Bf_109_F-4
ussr_t_34_85_zis_53_v80,376.0,80.29,0.0,0.0,4.62,5.73,447.0,74.13,0.0,0.0,5.57,3.4,0.0,,,,,,"Т-34-85_""Партизан"""
i_185_m71_standard,368.0,66.45,2.67,2.25,0.67,0.57,138.0,68.06,0.89,0.67,1.32,0.91,0.0,,,,,,I-185_(M-71)
f3h-2,372.0,51.7,1.39,1.29,0.06,0.06,110.0,65.56,3.84,3.91,0.12,0.15,0.0,,,,,,F3H-2
us_m1a1_hc_usmc_sm,354.0,65.13,0.02,0.02,4.5,3.91,3548.0,57.05,0.0,0.0,2.5,1.98,0.0,,,,,,◍M1A1_HC
germ_sdkfz_9_flak37,363.0,72.05,0.21,0.27,6.9,9.01,251.0,46.93,0.0,0.0,1.89,1.85,0.0,,,,,,"8,8_cm_Flak_37_Sfl."
ussr_kv_1_zis_5,347.0,66.66,0.0,0.0,3.9,5.16,469.0,48.4,0.0,0.0,4.19,3.05,0.0,,,,,,KV-1_(ZiS-5)
la-5fn,347.0,63.93,5.36,4.49,0.4,0.34,170.0,53.22,3.39,3.54,1.06,1.11,0.0,,,,,,La-5FN
ussr_t_80ud,355.0,45.24,0.0,0.0,0.78,0.79,1960.0,51.76,0.0,0.0,1.55,1.34,49.0,50.0,0.0,0.0,0.52,0.68,T-80UD
ussr_bt_5,336.0,66.86,0.0,0.0,3.07,3.87,68.0,44.44,0.0,0.0,3.66,4.66,0.0,,,,,,BT-5
germ_pzkpfw_IV_ausf_C,327.0,77.57,0.06,0.17,8.11,18.78,0.0,,,,,,0.0,,,,,,Pz.IV_C
germ_pzkpfw_VI_ausf_h1_tiger_east,331.0,61.98,0.02,0.03,3.81,6.02,319.0,46.18,0.0,0.0,2.87,3.18,0.0,,,,,,Tiger_Ost
bf-109f-4_trop,327.0,66.65,4.65,4.43,0.49,0.49,69.0,100.0,2.86,2.76,0.91,0.8,0.0,,,,,,Bf_109_F-4/trop
yak-3,339.0,72.42,3.04,2.56,0.55,0.43,138.0,64.13,2.86,2.5,0.58,0.42,54.0,100.0,7.78,4.89,0.0,0.0,Yak-3
s_199,347.0,72.14,16.12,2.92,1.24,0.26,75.0,100.0,0.0,0.0,1.29,0.72,0.0,,,,,,Sakeen
germ_pzkpfw_III_ausf_F,329.0,92.39,0.0,0.0,6.51,11.58,40.0,100.0,0.0,0.0,11.0,3.76,0.0,,,,,,Pz.III_F
su_22um3k,321.0,38.19,0.5,0.48,2.96,2.73,13.0,50.0,1.0,0.2,0.5,0.09,0.0,,,,,,◊Su-22UM3K
germ_panzerjager_panther,302.0,62.44,0.0,0.0,2.63,2.68,306.0,42.4,0.0,0.0,2.6,1.48,0.0,,,,,,Jagdpanther_G1
germ_leopard_2k,297.0,55.04,0.01,0.01,2.87,2.28,1426.0,52.06,0.0,0.0,2.33,1.7,4.0,0.0,0.0,0.0,0.0,0.0,Leopard_2K
germ_panzerbefelhswagen_IV_ausf_J,305.0,67.87,0.0,0.0,2.38,3.49,322.0,46.8,0.0,0.0,1.77,1.83,0.0,,,,,,Pz.Bfw.IV
ussr_t_72b3_2011,315.0,43.85,0.04,0.04,0.73,0.86,1219.0,52.73,0.0,0.0,1.51,1.46,0.0,,,,,,T-72B3
sw_sherman_3_4,294.0,73.32,0.03,0.03,4.4,4.23,678.0,59.06,0.0,0.0,4.26,3.09,0.0,,,,,,Sherman_III/IV
ussr_t_34E_STZ,288.0,81.0,0.14,0.12,3.34,3.01,132.0,79.17,0.0,0.0,2.78,1.75,0.0,,,,,,T-34E_STZ
fw-190a-4,288.0,64.74,4.92,5.4,0.66,0.7,58.0,100.0,5.2,5.2,4.2,4.2,11.0,,,,,,Fw_190_A-4
jp_m24_chaffee,294.0,66.26,0.15,0.15,3.42,3.36,565.0,67.76,0.0,0.0,2.14,1.81,0.0,,,,,,M24
jp_type_3_ka_chi,293.0,84.15,0.01,0.01,12.08,14.05,2.0,100.0,0.0,0.0,11.0,11.0,0.0,,,,,,Ka-Chi
f-100d,292.0,50.63,1.58,1.55,0.0,0.0,137.0,35.71,1.78,1.37,0.19,0.09,0.0,,,,,,F-100D
jp_type_4_chi_to_late,272.0,70.15,0.02,0.03,3.96,4.64,142.0,68.16,0.0,0.0,3.75,3.87,0.0,,,,,,Chi-To_Late
jp_type_4_chi_to,268.0,63.79,0.04,0.04,3.99,3.93,136.0,71.78,0.0,0.0,2.94,3.16,5.0,,,,,,Chi-To
ussr_btr_82at,279.0,55.81,0.19,0.21,1.1,1.17,520.0,46.94,0.0,0.0,1.93,1.07,0.0,,,,,,БТР-82АТ
ussr_t_80ue1_sm,261.0,54.93,0.0,0.0,1.96,1.22,3922.0,49.6,0.0,0.0,1.46,1.18,0.0,,,,,,◍Т-80У-Е1
germ_pzkpfw_VI_ausf_b_tiger_IIh_sla,266.0,56.88,0.0,0.0,3.16,3.54,1126.0,53.7,0.0,0.0,5.07,3.38,0.0,,,,,,Tiger_II_(H)_Sla.16
i_185_m82,264.0,55.58,3.61,2.5,0.6,0.45,94.0,88.89,0.11,0.35,2.0,0.62,0.0,,,,,,I-185_(M-82)
ussr_bt_7_1937,254.0,66.98,0.0,0.0,3.36,2.97,73.0,100.0,0.0,0.0,9.5,4.84,0.0,,,,,,BT-7
f-86f-2,253.0,58.71,1.37,1.25,0.11,0.11,206.0,58.91,2.21,3.45,0.61,0.99,0.0,,,,,,F-86F-2
germ_leopard_I,251.0,57.16,0.05,0.05,2.31,1.51,914.0,36.91,0.0,0.0,1.32,0.9,13.0,,,,,,Leopard_I
sw_lvkv_42,251.0,79.57,0.39,0.39,3.02,3.1,128.0,63.22,0.17,0.21,0.59,0.63,0.0,,,,,,Lvkv_42
yak-9u,256.0,69.01,3.27,4.04,0.36,0.43,45.0,,,2.58,,1.0,0.0,,,,,,Yak-9U
germ_pzkpfw_VI_ausf_h1_tiger,256.0,56.0,0.1,0.1,3.07,3.4,867.0,38.38,0.0,0.0,1.97,1.47,0.0,,,,,,Tiger_H1
f-104a,242.0,53.84,1.2,1.57,0.0,0.0,19.0,,,1.0,,0.0,0.0,,,,,,F-104A
ussr_bmpt,257.0,51.2,0.24,0.24,1.54,1.52,2916.0,55.09,0.0,0.0,1.9,1.43,19.0,,,0.0,,1.0,БМПТ
mig_23mf_germany,241.0,49.63,1.32,1.37,0.25,0.28,0.0,,,,,,0.0,,,,,,◊MiG-23MF
germ_panzerbefelhswagen_jagdpanther,236.0,81.62,0.0,0.0,6.94,6.43,50.0,50.0,0.0,0.0,1.0,1.25,0.0,,,,,,Bfw._Jagdpanther_G1
fj_4b,241.0,52.46,1.37,1.37,0.0,0.0,11.0,100.0,3.0,,0.0,,0.0,,,,,,FJ-4B
germ_pzkpfw_IV_ausf_J,236.0,52.16,0.0,0.0,1.47,1.86,178.0,50.0,0.0,0.0,2.68,1.78,0.0,,,,,,Pz.IV_J
us_t20,221.0,77.53,0.0,0.0,4.96,5.3,2620.0,72.02,0.0,0.01,5.33,5.27,55.0,55.56,0.0,0.0,3.83,2.97,T20
sw_pvkv_II,226.0,84.44,0.0,0.0,3.7,5.68,148.0,87.78,0.0,0.0,6.34,2.91,0.0,,,,,,Pvkv_II
ussr_t_80bvm,228.0,58.97,0.0,0.0,1.96,1.74,4865.0,56.79,0.0,0.0,2.1,1.71,50.0,94.0,0.0,0.0,2.8,3.22,T-80BVM
su_30sm2,234.0,51.99,4.87,4.0,0.15,0.14,1315.0,60.12,1.29,1.57,0.91,1.1,46.0,100.0,1.2,1.08,2.12,2.0,Су-30СМ2
pe-2-359,228.0,98.99,0.38,0.33,6.25,5.63,13.0,100.0,0.0,0.0,0.85,0.85,0.0,,,,,,Pe-2-359
ussr_t_34_85_d_5t,225.0,61.3,0.0,0.0,3.07,3.38,884.0,49.48,0.0,0.0,2.37,1.73,0.0,,,,,,T-34-85_(D-5T)
it_sherman_75_37,230.0,75.14,0.0,0.0,5.97,6.33,266.0,60.89,0.0,0.0,8.98,4.47,16.0,,,0.0,,2.0,Sherman_I_Composito
f-4jk,212.0,58.18,1.74,1.63,0.1,0.08,81.0,60.0,1.0,0.52,0.8,0.31,0.0,,,,,,F-4J(UK)_Phantom_II
la-7_dolgushin,206.0,74.89,4.05,7.75,0.79,0.97,171.0,61.78,3.19,9.46,0.97,2.62,2.0,,,2.0,,0.0,Dolgushin's_La-7
sw_m24_chaffee_dk,219.0,60.15,0.07,0.12,2.71,3.74,298.0,59.02,0.0,0.0,4.16,2.35,0.0,,,,,,M24DK
germ_leopard_I_a1,228.0,46.67,0.0,0.0,1.45,1.2,947.0,38.06,0.0,0.0,2.0,2.06,4.0,0.0,0.0,0.0,2.0,1.0,Leopard_A1A1
jp_type_3_chi_nu_75cm_type_5,204.0,77.88,0.1,0.17,4.56,6.63,334.0,59.52,0.0,0.0,2.89,2.48,0.0,,,,,,Chi-Nu_II
it_m4a4_sherman,208.0,65.2,0.0,0.0,3.81,6.43,124.0,70.83,0.0,0.0,4.54,2.66,0.0,,,,,,Sherman_V
ussr_t_10m,215.0,59.13,0.13,0.13,3.59,3.53,393.0,57.69,0.0,0.0,3.46,2.64,0.0,,,,,,T-10M
germ_begleitpanzer_57,198.0,63.38,1.5,2.03,2.4,3.15,1727.0,53.46,0.12,0.09,1.76,1.27,50.0,77.42,0.14,0.15,1.36,1.37,Begleitpanzer_57
la-5_type39,210.0,68.35,4.63,5.91,0.48,0.56,0.0,,,,,,0.0,,,,,,La-5F
us_t58,203.0,74.08,0.0,0.0,4.87,3.81,617.0,63.73,0.0,0.0,4.49,3.11,0.0,,,,,,T58
mig-21_bis_lazur,199.0,53.67,1.76,1.6,0.78,0.71,148.0,52.57,1.89,1.95,0.16,0.17,0.0,,,,,,"◊MiG-21_""Lazur-M"""
ussr_zsu_29k,202.0,61.17,0.0,0.0,3.42,3.36,39.0,100.0,0.0,0.0,5.5,5.0,0.0,,,,,,YaG-10_(29-K)
fr_amx_50_surbaisse,196.0,63.56,0.0,0.0,4.47,3.09,422.0,74.07,0.0,0.0,2.52,2.3,0.0,,,,,,AMX-50_Surbaissé
yak-9t,197.0,68.77,6.25,4.36,0.51,0.34,76.0,64.58,0.96,0.44,0.77,0.35,0.0,,,,,,Yak-9T
ussr_t_34_100,192.0,86.97,0.0,0.0,4.07,3.32,388.0,55.68,0.0,0.0,4.2,2.6,24.0,12.5,0.0,0.0,0.5,1.6,T-34-100
ussr_is_1,184.0,63.73,0.0,0.0,2.79,3.79,381.0,58.94,0.0,0.0,2.77,2.26,0.0,,,,,,IS-1
sw_pzkpfw_IV_ausf_J,184.0,71.46,0.0,0.0,3.34,3.97,83.0,32.61,0.0,0.0,2.83,2.11,0.0,,,,,,Pz.IV
yak-9m,183.0,76.55,7.12,5.94,0.37,0.37,6.0,,,2.0,,0.0,0.0,,,,,,Golovachev's_Yak-9M
ussr_t_34_57_1943,182.0,75.11,0.03,0.03,2.97,4.62,312.0,52.38,0.0,0.0,4.39,3.08,0.0,,,,,,T-34-57_(1943)
germ_leopard_a1a1_120,195.0,50.0,0.0,0.0,1.39,1.14,785.0,49.73,0.0,0.0,1.94,1.72,2.0,,,0.0,,2.0,Leopard_A1A1_(L/44)
yak-3_eremin,186.0,86.93,6.03,5.95,0.52,0.52,28.0,50.0,1.0,,0.5,,0.0,,,,,,Eremin's_Yak-3(e)
us_t29,179.0,83.1,0.0,0.0,14.09,10.4,2347.0,61.17,0.0,0.0,4.03,2.97,0.0,,,,,,T29
cf_188a_canada,179.0,59.05,3.11,2.56,0.21,0.2,150.0,42.06,1.05,1.21,0.07,0.07,0.0,,,,,,CF-188A
germ_pzkpfw_IV_ausf_H,185.0,72.8,0.0,0.0,3.03,4.29,463.0,38.12,0.0,0.0,1.96,1.39,50.0,0.0,0.0,0.0,2.0,1.44,Pz.IV_H
yak-7b,180.0,68.39,5.4,4.62,0.76,0.66,0.0,,,,,,0.0,,,,,,Yak-7B
ussr_t_90m_2020,186.0,47.43,0.0,0.0,1.34,1.14,1740.0,54.55,0.0,0.0,2.1,1.68,14.0,100.0,0.0,0.0,1.0,1.0,T-90M
ki_43_3_otsu,179.0,58.24,7.12,13.64,0.0,0.0,186.0,74.4,1.24,1.71,0.87,1.11,0.0,,,,,,Ki-43-III_otsu
su_30sm,184.0,60.49,2.87,2.75,0.04,0.04,431.0,57.64,0.94,1.12,1.23,1.5,93.0,98.0,2.44,1.12,2.1,1.05,Су-30СМ
us_m6a1,176.0,79.89,0.03,0.03,6.37,5.99,163.0,90.28,0.0,0.0,6.06,2.44,0.0,,,,,,M6A1
mosquito_j30_sweden,179.0,57.89,3.39,2.07,0.18,0.13,161.0,58.7,1.14,0.81,1.15,0.46,0.0,,,,,,Mosquito_J30
ussr_t_34_1942,175.0,94.82,0.0,0.0,2.91,4.13,239.0,100.0,0.0,0.0,6.54,1.62,0.0,,,,,,T-34_(1942)
us_m3_lee,188.0,61.89,0.2,0.2,3.5,3.75,79.0,50.0,0.0,0.0,3.64,2.35,0.0,,,,,,M3_Lee
cn_type_58,167.0,80.27,0.01,0.01,2.81,3.71,215.0,74.47,0.0,0.0,3.98,2.2,0.0,,,,,,Т-34-85_Gai
il_merkava_mk_2d,176.0,74.22,0.0,0.0,4.49,3.16,436.0,64.65,0.0,0.0,4.5,2.99,0.0,,,,,,Merkava_Mk.2D
germ_pzsflk40_sturer_emil,167.0,71.68,0.0,0.0,2.92,3.42,35.0,5.56,0.0,0.0,4.88,4.22,0.0,,,,,,Sturer_Emil
a_10a_early,166.0,66.67,2.78,1.54,2.83,1.58,486.0,60.01,0.38,0.44,3.38,3.97,86.0,100.0,0.63,0.73,3.75,3.01,A-10A
ussr_zsu_57_2,160.0,47.45,0.14,0.05,3.12,1.65,968.0,39.29,0.03,0.01,2.2,1.25,35.0,11.54,0.0,0.0,1.19,1.04,ZSU-57-2
ussr_kv_1s,164.0,73.89,0.0,0.0,3.33,3.0,173.0,35.56,0.0,0.0,1.78,1.14,0.0,,,,,,KV-1S
f-104c,174.0,49.6,1.03,1.14,0.0,0.0,0.0,,,,,,0.0,,,,,,F-104C
ussr_t_72a,159.0,66.34,0.09,0.05,4.73,3.27,1808.0,51.61,0.0,0.0,2.41,1.93,0.0,,,,,,T-72A
germ_pzkpfw_VI_ausf_b_tiger_IIh,165.0,50.01,0.0,0.0,3.23,5.17,1826.0,51.57,0.0,0.0,3.56,3.18,0.0,,,,,,Tiger_II_(H)
cn_m36,153.0,75.06,0.01,0.01,1.96,2.13,175.0,78.47,0.0,0.0,2.22,1.51,0.0,,,,,,M36_GMC_(China)
germ_pzh_2000,155.0,41.86,1.71,1.33,1.81,1.57,803.0,40.84,0.1,0.08,1.78,1.24,9.0,100.0,0.0,0.0,0.0,0.0,PzH_2000
a_20g_30_ussr,151.0,88.22,0.13,0.1,8.68,7.55,56.0,0.0,0.0,0.0,1.15,0.63,22.0,100.0,1.0,0.5,0.0,0.0,A-20G-30
it_m24_chaffee,161.0,82.11,0.08,0.13,6.63,6.73,253.0,70.31,0.02,0.02,1.73,1.43,0.0,,,,,,M24
ussr_t_80b,149.0,56.96,0.0,0.0,3.08,2.11,1042.0,50.56,0.0,0.0,1.67,1.53,16.0,60.0,0.0,0.0,1.1,1.53,T-80B
us_m41_walker_bulldog,148.0,55.05,0.0,0.0,1.64,1.63,522.0,74.46,0.0,0.0,2.39,1.31,0.0,,,,,,M41A1
germ_kpz_70,155.0,64.0,0.0,0.0,0.9,0.79,1706.0,51.81,0.0,0.0,2.19,1.64,7.0,0.0,0.0,0.0,0.57,0.57,KPz-70
ki_61_1a_otsu_china,159.0,67.5,5.53,7.4,2.8,3.27,0.0,,,,,,42.0,77.27,0.55,0.55,1.55,1.55,Ki-61-I_otsu_(China)
itp_m1,158.0,90.54,4.74,3.28,0.7,0.59,217.0,59.23,1.3,1.12,2.61,1.86,0.0,,,,,,ITP_(M-1)
ki_44_2_hei_china,150.0,66.67,2.55,3.56,3.58,1.65,7.0,100.0,2.0,,0.0,,10.0,,,,,,Ki-44-II_hei_(China)
ussr_9a35_m2,153.0,44.44,2.44,4.63,0.51,1.03,158.0,36.51,1.61,2.38,0.0,0.0,0.0,,,,,,Strela-10M2
ussr_t_55a,157.0,78.1,0.02,0.01,4.12,2.72,959.0,63.96,0.0,0.0,2.75,1.81,0.0,,,,,,T-55A
fr_somua_sm,152.0,57.82,0.0,0.0,2.76,2.77,1830.0,70.07,0.0,0.0,3.6,2.58,2.0,100.0,0.0,0.0,2.0,2.0,Somua_SM
ussr_su_100p,147.0,52.45,0.0,0.0,1.92,1.82,586.0,52.72,0.0,0.0,2.6,1.66,0.0,,,,,,SU-100P
germ_t_34_747,142.0,66.89,0.0,0.0,3.14,6.0,82.0,36.67,0.0,0.0,3.39,3.3,0.0,,,,,,T_34_747_(r)
p-51_mk1a_usaaf,149.0,78.47,3.36,2.98,0.17,0.18,44.0,41.82,1.44,1.99,0.42,0.51,19.0,,,,,,P-51
su_30mkk,158.0,72.28,10.71,12.26,2.13,2.55,596.0,60.13,1.5,1.98,0.69,0.9,4.0,100.0,2.0,1.0,2.0,1.0,Su-30MKK_(China)
f-4m_fgr2,142.0,65.68,2.23,2.29,0.17,0.18,237.0,63.81,0.95,1.07,0.19,0.22,0.0,,,,,,Phantom_FGR.2
ussr_kv_8,143.0,70.08,0.0,0.0,2.56,2.27,319.0,56.23,0.0,0.0,4.35,2.29,0.0,,,,,,КВ-8
f-84f,138.0,54.19,1.08,1.1,0.0,0.0,30.0,26.19,0.36,0.43,0.81,1.02,0.0,,,,,,F-84F
ussr_is_7,140.0,93.05,0.17,0.41,6.11,9.74,94.0,99.33,0.0,0.0,7.43,6.15,0.0,,,,,,IS-7
cn_t_34_85_d_5t,137.0,76.45,0.0,0.0,2.69,3.16,194.0,79.44,0.0,0.0,3.14,1.65,0.0,,,,,,Т-34-85_(S-53)_(China)
yak-1b,146.0,95.33,7.53,7.48,1.53,1.72,126.0,44.45,3.64,2.44,1.11,0.56,0.0,,,,,,Yak-1B
yak-9,145.0,54.48,4.08,3.02,0.05,0.04,27.0,,,1.26,,0.0,0.0,,,,,,Yak-9
us_m18_hellcat,146.0,54.56,0.0,0.0,1.91,1.69,1028.0,58.71,0.0,0.0,2.2,1.71,28.0,100.0,0.0,0.0,1.43,1.38,M18_GMC
uk_a_13_mk1,145.0,97.78,0.15,0.19,6.66,10.07,0.0,,,,,,0.0,,,,,,A13_Mk_I
germ_flakpanzer_IV_Ostwind,144.0,58.8,2.1,3.42,1.64,2.64,326.0,45.72,1.18,0.69,0.87,0.51,0.0,,,,,,Ostwind
cn_vt_4,146.0,51.84,0.0,0.0,1.04,1.16,29.0,38.89,0.0,0.0,0.78,1.0,2.0,,,0.0,,1.0,VT4
ussr_is_2_1944,144.0,43.67,0.0,0.0,1.24,1.3,487.0,42.72,0.0,0.0,1.83,1.74,2.0,100.0,0.0,0.0,3.0,3.0,IS-2_(1944)
cn_t_34_1942,138.0,94.28,0.0,0.0,6.08,5.82,109.0,79.49,0.0,0.0,5.49,2.92,0.0,,,,,,T-34_(1943)_(China)
f-4k,135.0,62.59,1.94,1.95,0.12,0.12,8.0,,,2.0,,0.0,0.0,,,,,,Phantom_FG.1
f_16a_block_5_netherlands,139.0,40.0,1.74,0.9,0.0,0.0,42.0,48.33,0.19,0.37,0.31,0.58,0.0,,,,,,◘F-16A
pe-2-83,141.0,100.0,0.13,0.12,5.66,4.66,0.0,,,,,,0.0,,,,,,Pe-2-83
germ_pz_IV_L70,133.0,67.04,0.19,0.28,4.33,7.26,122.0,11.11,0.0,0.0,2.59,1.45,0.0,,,,,,Panzer_IV/70(V)
ussr_t_44_po,132.0,100.0,0.0,0.0,4.05,4.62,72.0,42.31,0.0,0.0,4.96,4.11,0.0,,,,,,Т-44(ПМ)
fw-190a-5_u2,129.0,63.19,2.61,3.75,1.09,0.97,79.0,8.89,0.28,0.34,0.82,0.97,0.0,,,,,,Fw_190_A-5/U2
us_xm_803,133.0,62.45,0.0,0.0,2.69,2.67,2522.0,58.49,0.0,0.0,2.31,2.01,0.0,,,,,,XM803
f8u-2,146.0,50.67,1.77,1.57,0.0,0.0,154.0,55.53,1.93,3.0,1.15,1.82,0.0,,,,,,F8U-2
cn_vt_5,125.0,57.04,0.0,0.0,1.31,1.23,359.0,63.35,0.0,0.0,1.45,1.43,2.0,,,0.0,,1.0,VT5
il_2m_1943,130.0,95.0,1.98,1.57,6.72,5.33,31.0,,,0.77,,0.6,0.0,,,,,,IL-2M_(1943)
lagg-3-8,124.0,74.05,4.76,4.96,0.5,0.51,0.0,,,,,,0.0,,,,,,LaGG-3-8
la-7b-20,131.0,58.67,4.06,5.0,0.25,0.35,236.0,55.61,0.97,1.37,1.07,1.52,0.0,,,,,,La-7B-20
germ_pzkpfw_V_ausf_g_panther,133.0,75.68,0.0,0.0,1.98,2.21,379.0,39.62,0.0,0.0,2.74,1.91,6.0,,,0.0,,0.0,Panther_G
ussr_t_44,131.0,36.0,0.0,0.0,1.62,2.08,538.0,43.26,0.0,0.0,2.46,1.55,0.0,,,,,,T-44
it_43m_turan_3,127.0,95.0,0.0,0.0,4.16,4.2,120.0,86.81,0.0,0.0,3.88,3.28,0.0,,,,,,Turan_III
p-47d_22_re,136.0,57.98,3.25,3.3,1.26,1.71,88.0,32.72,0.5,0.39,1.02,0.7,0.0,,,,,,P-47D-22-RE
germ_spz_oerlikon_raketenautomat,127.0,64.45,0.0,0.0,2.86,1.9,290.0,24.52,0.0,0.0,1.97,1.69,0.0,,,,,,Raketenautomat
jp_type_16_mcv_prot,124.0,53.33,0.0,0.0,0.43,0.47,384.0,66.3,0.0,0.0,1.7,1.03,0.0,,,,,,Type_16_(P)
us_t14,123.0,67.95,0.05,0.1,4.93,6.46,839.0,66.17,0.0,0.0,5.21,4.36,12.0,,,0.0,,3.0,T14
su_27sm,127.0,72.13,4.56,4.07,0.17,0.14,271.0,53.59,1.85,2.24,0.0,0.0,10.0,,,1.0,,0.0,Su-27SM
ussr_t_80u,129.0,52.14,0.0,0.0,1.33,1.55,1479.0,47.18,0.0,0.0,1.73,1.39,20.0,100.0,0.0,0.0,1.86,1.86,T-80U
me_264,125.0,71.39,0.45,0.38,4.69,5.37,0.0,,,,,,0.0,,,,,,Me_264
yak-9k,122.0,55.56,3.34,2.56,0.2,0.16,1092.0,63.87,0.26,0.28,1.91,1.99,0.0,,,,,,Yak-9K
ussr_t_35,118.0,41.68,0.0,0.01,2.05,2.48,7.0,100.0,0.0,0.0,9.0,3.6,0.0,,,,,,T-35
harrier_gr1,112.0,70.04,0.95,0.93,0.51,0.46,98.0,47.22,0.33,0.28,1.33,1.3,0.0,,,,,,Harrier_GR.1
uk_sherman_ic_firefly,122.0,76.67,0.0,0.0,7.62,6.19,85.0,53.7,0.0,0.0,4.27,4.49,0.0,,,,,,"Sherman_IC_""Trzyniec"""
us_m4a3e8_76w_sherman,122.0,58.17,0.0,0.0,3.91,3.61,484.0,59.79,0.0,0.0,3.51,2.58,10.0,,,0.0,,1.0,M4A3_(76)_W
ussr_t_72b_1989,112.0,46.3,0.0,0.0,2.08,1.63,219.0,52.62,0.0,0.0,1.72,1.28,0.0,,,,,,T-72B_(1989)
jp_type_5_na_to,120.0,42.57,0.23,0.18,1.16,1.27,93.0,66.67,0.0,0.0,5.7,4.95,0.0,,,,,,Na-To
ussr_m4a2_76w_sherman,114.0,94.52,0.0,0.0,5.77,5.92,194.0,68.25,0.0,0.0,4.99,4.03,0.0,,,,,,M4A2
germ_flakpz_I_Gepard,120.0,50.22,1.45,1.5,1.65,1.72,1570.0,38.96,0.24,0.2,1.03,0.85,27.0,0.0,0.0,0.0,1.31,0.98,Gepard
mig_23mla,126.0,62.17,1.81,1.7,0.04,0.04,104.0,42.05,0.94,1.28,0.0,0.0,8.0,,,1.0,,0.0,◊MiG-23MLA
mig_29_9_13,120.0,58.1,2.0,1.77,0.0,0.0,63.0,81.58,1.39,1.05,0.0,0.0,0.0,,,,,,MiG-29
cn_wz_1001,124.0,42.35,0.0,0.0,1.28,1.52,282.0,58.75,0.0,0.0,1.75,1.95,0.0,,,,,,WZ1001(E)_LCT
ussr_btr_152d,120.0,61.24,1.61,4.31,0.2,0.67,433.0,37.17,1.06,0.69,0.03,0.01,0.0,,,,,,BTR-152D
a_4b,109.0,52.94,2.0,1.69,0.0,0.0,69.0,66.11,0.3,0.33,1.04,1.52,0.0,,,,,,A-4B
p-47d,122.0,71.02,1.63,1.53,3.39,3.63,16.0,,,1.0,,2.0,5.0,,,,,,P-47D-25
f8f1,115.0,70.0,5.37,2.69,3.43,1.39,293.0,59.29,1.23,1.33,2.05,2.16,0.0,,,,,,F8F-1
i-153_m62,106.0,44.12,3.79,3.61,0.16,0.09,0.0,,,,,,0.0,,,,,,I-153_M-62
f6f-3,116.0,91.36,1.84,1.22,8.09,5.34,121.0,69.04,0.57,0.55,1.83,1.7,16.0,,,,,,F6F-5
su_34,112.0,78.79,3.91,4.87,0.73,1.33,383.0,59.35,0.49,0.5,1.24,1.33,46.0,,,1.24,,1.1,Су-34
pe-2-31,117.0,100.0,0.11,0.13,4.16,5.5,0.0,,,,,,0.0,,,,,,Pe-2-31
ki_44_2_hei,116.0,83.56,11.86,9.03,0.64,0.49,31.0,100.0,1.53,,1.2,,0.0,,,,,,Ki-44-II_hei
uk_a17_mk_1_tetrarch,115.0,98.1,0.21,0.52,3.94,9.25,1.0,,,0.0,,1.0,0.0,,,,,,Tetrarch_I
do_335a_1,114.0,80.56,1.05,1.18,7.15,3.89,47.0,12.04,0.0,0.0,2.25,2.53,0.0,,,,,,Do_335_A-1
p-47d_ussr,111.0,80.0,1.83,1.4,3.19,2.28,127.0,64.88,0.26,0.29,2.05,1.71,0.0,,,,,,P-47D-27
sw_strv_m42_delat_torn,116.0,50.0,0.0,0.0,3.15,2.77,252.0,60.04,0.0,0.0,2.55,1.57,0.0,,,,,,Strv_m/42_DT
us_m36b2,112.0,62.56,0.0,0.0,2.14,1.93,428.0,50.31,0.0,0.0,2.63,1.75,10.0,0.0,0.0,0.0,1.0,1.0,M36B2
p-47d-28,111.0,68.53,2.42,4.32,2.0,2.04,4.0,,,,,,5.0,,,2.0,,0.0,P-47D-28
germ_pzkpfw_IV_ausf_F2,107.0,52.36,0.1,0.12,3.77,4.14,266.0,50.54,0.0,0.0,3.1,2.53,0.0,,,,,,Pz.IV_F2
sw_kv_1_1942_fin,107.0,62.11,0.28,0.58,2.65,5.22,40.0,100.0,0.0,0.0,7.88,7.5,0.0,,,,,,KV-1_m1942
yak-3p,107.0,50.0,2.4,2.67,0.0,0.0,188.0,53.89,2.77,3.49,0.98,1.25,9.0,100.0,4.0,1.83,0.0,0.0,Yak-3P
ussr_t_72b,102.0,50.41,0.0,0.0,1.88,2.06,402.0,39.94,0.0,0.0,2.55,1.73,0.0,,,,,,T-72B
firefly_mk1,107.0,96.94,2.58,1.83,6.98,5.02,0.0,,,,,,0.0,,,,,,Firefly_F_Mk_I
yak_2_kabb,105.0,100.0,2.09,2.28,4.68,5.13,0.0,,,,,,10.0,,,,,,Yak-2_KABB
jp_halftrack_m16,110.0,38.63,1.72,3.48,0.11,0.27,19.0,,,0.0,,0.0,0.0,,,,,,M16_MGMC
ki_61_1a_otsu,107.0,100.0,11.43,7.14,3.57,1.81,0.0,,,,,,0.0,,,,,,Ki-61-I_otsu
sw_strv_122b_plus,105.0,96.83,0.0,0.0,6.64,9.41,510.0,47.46,0.0,0.0,3.41,2.59,0.0,,,,,,Strv_122B+
sw_strv_74,110.0,68.39,0.0,0.0,2.56,2.52,204.0,45.3,0.0,0.0,2.29,1.14,0.0,,,,,,Strv_74
p-51d-20-na,109.0,57.6,7.38,9.78,0.7,0.87,219.0,64.86,1.09,1.25,1.78,1.99,0.0,,,,,,P-51D-20-NA
germ_waffentrager_krupp_steyr,115.0,51.19,0.02,0.01,2.12,2.71,79.0,35.0,0.0,0.0,1.39,1.81,0.0,,,,,,Waffenträger
p-51_a-36,108.0,75.93,2.57,2.28,2.41,1.3,7.0,0.0,1.0,0.71,2.0,1.86,0.0,,,,,,A-36
f4u-1d,106.0,82.72,2.26,1.9,5.41,4.67,32.0,50.0,1.39,1.29,2.39,2.18,0.0,,,,,,F4U-1D
ussr_t_90a,104.0,26.4,0.0,0.0,2.47,2.35,1140.0,51.63,0.0,0.0,1.81,1.56,28.0,56.0,0.0,0.0,1.08,1.26,Т-90А
ussr_t_55_am,102.0,44.22,0.0,0.0,0.91,1.02,519.0,52.42,0.0,0.0,2.49,1.68,2.0,,,,,,T-55AM-1
fw-190d-9,99.0,37.78,4.23,3.77,0.32,0.32,285.0,51.6,0.46,0.44,0.83,0.77,17.0,,,,,,Fw_190_D-9
mig_25pd,105.0,38.8,2.27,2.41,0.0,0.0,301.0,65.51,2.7,3.14,0.0,0.0,0.0,,,,,,МиГ-25ПД
germ_panther_II,102.0,84.16,0.0,0.0,4.44,4.97,242.0,72.43,0.0,0.0,5.41,3.57,17.0,,,0.0,,0.06,Panther_II
us_m4a2_sherman,98.0,100.0,0.0,0.0,8.46,5.27,156.0,58.71,0.0,0.0,6.12,5.47,0.0,,,,,,M4A2
us_halftrack_m3_75mm_gmc,105.0,58.73,0.0,0.0,3.3,2.92,0.0,,,,,,0.0,,,,,,M3_GMC
fw-190a-1,99.0,100.0,6.35,6.86,0.5,0.47,59.0,56.82,2.5,2.5,1.23,1.13,14.0,,,2.0,,0.0,Fw_190_A-1
ussr_bt_7_m,99.0,80.56,0.0,0.0,4.33,2.52,109.0,52.78,0.0,0.0,3.78,2.3,0.0,,,,,,BT-7M
ussr_t_72b3_arena,92.0,31.44,0.0,0.0,1.06,1.08,877.0,49.57,0.0,0.0,2.68,1.72,50.0,100.0,0.0,0.0,1.3,1.02,"Т-72Б3_""Арена"""
sw_strv_m39,100.0,100.0,0.0,0.0,6.14,4.98,0.0,,,,,,0.0,,,,,,Strv_m/39
us_m4_sherman_calliope,103.0,100.0,0.0,0.0,5.49,5.49,98.0,78.33,0.0,0.0,2.66,2.47,0.0,,,,,,Calliope
f-4s,100.0,47.09,4.61,2.06,0.41,0.18,1360.0,52.61,1.09,1.23,0.35,0.39,0.0,,,,,,F-4S_Phantom_II
germ_pzkpfw_VI_ausf_h1_tiger_animal_version,84.0,98.47,0.02,0.18,4.22,9.44,52.0,100.0,0.0,0.0,7.44,7.44,0.0,,,,,,␠Tiger
il_8_1944,95.0,100.0,1.37,0.99,5.96,3.87,98.0,97.05,0.25,0.1,3.73,1.91,12.0,,,0.0,,0.17,IL-8_(1944)
uk_sherman_vc_firefly,105.0,50.0,0.11,0.08,1.89,2.88,170.0,60.21,0.0,0.0,4.25,3.25,0.0,,,,,,Sherman_Firefly
av_8c,105.0,50.0,1.63,2.13,0.0,0.0,99.0,55.17,1.33,1.15,2.12,1.88,0.0,,,,,,AV-8C
us_m36,96.0,90.5,0.01,0.02,5.97,5.37,420.0,44.75,0.0,0.0,2.62,1.84,0.0,,,,,,M36_GMC
harrier_t10,90.0,53.87,1.19,1.28,0.89,1.11,33.0,50.0,0.0,0.0,1.56,2.33,0.0,,,,,,Harrier_T.10
ar_2,95.0,100.0,0.55,0.49,10.85,9.89,12.0,100.0,0.0,0.0,2.0,2.0,0.0,,,,,,Ar-2
it_41m_turan_2,94.0,100.0,0.0,0.0,9.63,5.48,28.0,,,0.0,,7.86,0.0,,,,,,Turan_II
mig_29smt_9_19,93.0,95.58,3.95,2.8,0.09,0.05,205.0,37.88,1.07,1.18,0.0,0.0,0.0,,,,,,MiG-29SMT
ussr_t_44_100,92.0,78.57,0.46,0.15,3.83,2.2,764.0,50.27,0.0,0.0,2.38,1.73,59.0,42.0,0.0,0.0,2.34,2.42,T-44-100
germ_pzkpfw_V_ausf_f_panther,94.0,62.18,0.0,0.0,2.9,4.65,261.0,43.98,0.0,0.0,3.96,2.72,0.0,,,,,,Panther_F
saab_t18b_1,91.0,90.0,4.17,2.14,12.21,6.03,0.0,,,,,,0.0,,,,,,T18B
p-61c_1,95.0,88.61,1.7,1.1,5.12,3.43,36.0,100.0,0.0,0.17,1.0,0.64,0.0,,,,,,P-61C-1
germ_leopard_2a4m_can,86.0,62.12,0.0,0.0,3.18,3.18,1204.0,41.84,0.0,0.0,1.67,1.3,0.0,,,,,,Leopard_2A4M
us_t25,88.0,96.19,0.0,0.0,4.8,5.25,98.0,96.0,0.0,0.0,5.0,2.32,29.0,,,,,,T25
f_16c_block_52_aesa,91.0,46.67,2.25,2.56,0.04,0.04,471.0,51.12,0.98,1.15,0.47,0.5,23.0,,,0.0,,0.0,F-16CM_PoBIT
p-63a-10,94.0,69.22,1.87,1.55,0.71,0.42,185.0,54.6,0.52,0.48,0.69,0.62,0.0,,,,,,P-63A-10
ussr_asu_85,93.0,45.0,0.0,0.0,0.62,0.79,440.0,42.12,0.0,0.0,1.37,1.09,0.0,,,,,,ASU-85
us_m2a4_1st_armor_div,88.0,75.0,0.0,0.0,4.03,3.76,10.0,100.0,0.0,0.0,10.0,3.75,0.0,,,,,,M2A4_(1st_Arm.Div.)
fa_18e_block_2,91.0,49.44,3.16,3.07,0.07,0.04,232.0,50.1,1.8,2.64,1.18,1.9,0.0,,,,,,F/A-18E
mosquito_fb_mk26_china,87.0,61.41,1.03,1.39,2.63,2.33,63.0,72.5,0.66,1.23,1.81,3.25,0.0,,,,,,Mosquito_FB.Mk.26
germ_pzsfl_IVa_dickermax,91.0,41.66,0.0,0.0,1.16,1.64,92.0,,,0.0,,3.5,0.0,,,,,,Dicker_Max
cn_oplot_t,97.0,43.73,0.0,0.0,0.74,1.09,313.0,62.14,0.0,0.0,2.69,1.63,6.0,100.0,0.0,0.0,4.0,2.0,Oplot-M
uk_a_13_mk2,89.0,97.33,0.0,0.0,6.59,11.05,14.0,,,0.0,,1.43,0.0,,,,,,A13_Mk_II
ussr_su_152,86.0,65.56,0.0,0.0,2.25,2.57,95.0,26.54,0.0,0.0,3.61,2.03,0.0,,,,,,SU-152
il_sabra_mk1,87.0,56.52,0.0,0.0,2.63,1.73,73.0,83.33,0.0,0.0,4.72,2.46,0.0,,,,,,Sabra_Mk.I
ffvs_j22_b,91.0,50.93,2.01,1.11,0.0,0.0,22.0,,,0.0,,0.0,0.0,,,,,,J22-B
thunderbolt_mk1,86.0,97.78,2.15,1.13,9.69,4.86,30.0,100.0,0.37,0.37,2.53,2.53,0.0,,,,,,Thunderbolt_Mk.1
germ_pzkpfw_VI_ausf_b_tiger_IIh_kwk46,85.0,55.13,0.0,0.0,5.12,8.52,346.0,68.25,0.04,0.04,5.7,5.07,0.0,,,,,,Tiger_II_(10.5_cm_Kw.K)
yak-3u,84.0,32.67,3.34,2.58,0.0,0.0,196.0,77.67,3.99,10.52,0.78,2.05,0.0,,,,,,Yak-3U
ussr_t_64_b_1984,86.0,56.55,0.0,0.0,3.06,3.69,425.0,45.65,0.0,0.0,1.98,1.85,16.0,100.0,0.0,0.0,4.0,4.0,T-64B
ussr_t_55_amd_1,95.0,56.67,0.0,0.0,1.4,1.77,837.0,44.37,0.0,0.0,1.58,1.36,22.0,,,0.0,,4.0,T-55AMD-1
ussr_pzkpfw_V,83.0,100.0,0.0,0.0,8.67,6.74,159.0,57.0,0.0,0.0,2.21,2.2,0.0,,,,,,T-V
us_m5a1_stuart,94.0,63.2,0.12,0.22,1.55,2.47,33.0,34.62,0.0,0.0,1.62,1.33,0.0,,,,,,M5A1
germ_pz_IV_L70_A,85.0,75.64,0.0,0.0,2.74,2.69,45.0,66.67,0.0,0.0,3.1,4.67,0.0,,,,,,Panzer_IV/70(A)
i_225,82.0,0.0,1.0,1.86,0.0,0.0,62.0,78.21,0.92,0.92,0.58,0.45,0.0,,,,,,I-225
uk_t_90s_bheeshma,77.0,54.29,0.0,0.0,3.18,2.54,398.0,70.56,0.0,0.0,2.86,1.66,0.0,,,,,,Bhishma_TWMP
ussr_t_62m1,86.0,78.06,0.0,0.0,2.03,1.39,650.0,53.36,0.0,0.0,1.63,1.73,41.0,72.92,0.0,0.0,1.0,1.54,T-62M-1
ussr_su_85_1943,76.0,98.46,0.01,0.01,2.94,2.92,103.0,55.17,0.0,0.0,2.14,2.64,0.0,,,,,,SU-85
ussr_t_72av_turms,87.0,81.36,0.0,0.0,3.79,2.47,1230.0,50.17,0.0,0.0,2.25,1.88,4.0,100.0,0.0,0.0,3.0,3.0,T-72AV_(TURMS-T)
sw_pt_76b,88.0,50.0,0.0,0.0,1.23,1.52,181.0,25.83,0.0,0.0,0.75,0.5,0.0,,,,,,PT-76
tornado_ids_de_mfg,83.0,71.25,0.3,0.25,5.88,5.28,0.0,,,,,,0.0,,,,,,◄Tornado_IDS_MFG
yak-1_early,78.0,75.0,8.13,5.06,1.3,0.9,18.0,0.0,1.63,1.63,0.0,0.0,0.0,,,,,,Yak-1
germ_nbfz_VI,80.0,100.0,0.0,0.0,4.33,8.78,0.0,,,,,,0.0,,,,,,Nb.Fz.
us_t1e1,81.0,50.0,0.0,0.0,2.09,2.34,66.0,59.77,0.0,0.0,2.87,3.96,0.0,,,,,,T1E1
sw_a_34_comet,81.0,78.89,0.0,0.0,1.09,1.72,153.0,42.95,0.0,0.0,0.54,0.47,0.0,,,,,,Comet_I
us_m60a3_tts,74.0,25.0,0.0,0.0,1.17,1.32,629.0,59.48,0.0,0.0,1.85,1.48,17.0,,,0.0,,1.0,M60A3_TTS
lagg-3-11,76.0,82.75,3.04,2.91,0.36,0.4,0.0,,,,,,0.0,,,,,,LaGG-3-11
i-16_type27,74.0,31.48,1.96,1.49,0.3,0.27,6.0,,,,,,0.0,,,,,,I-16_type_27
pe-3,79.0,100.0,0.44,0.73,4.31,7.02,0.0,,,,,,0.0,,,,,,Pe-3
spitfire_mk5b,80.0,100.0,5.8,5.41,0.0,0.0,7.0,,,,,,0.0,,,,,,Spitfire_Mk_Vb/trop
germ_leopard_2a6,83.0,72.5,0.29,0.33,3.32,4.54,642.0,39.87,0.0,0.0,2.62,1.78,0.0,,,,,,Leopard_2A6
it_pzkpfw_IV_ausf_G,77.0,100.0,0.0,0.0,3.78,3.73,56.0,100.0,0.0,0.0,5.94,3.95,0.0,,,,,,Pz.IV_G
fa_18a_raaf,78.0,46.08,1.56,0.88,0.0,0.0,73.0,71.16,1.26,1.76,0.0,0.0,27.0,,,1.0,,0.0,F/A-18A
us_mbt_70,83.0,54.67,0.0,0.0,0.73,0.73,1127.0,55.93,0.0,0.0,2.12,1.59,0.0,,,,,,MBT-70
p-51d-20-na_j26,82.0,54.63,2.04,1.43,0.33,0.27,80.0,0.0,0.63,0.4,0.0,0.0,0.0,,,,,,J26
mig_3_series_1_15,73.0,100.0,9.71,5.08,1.09,0.64,0.0,,,,,,0.0,,,,,,MiG-3-15
germ_leopard_2a7v,80.0,66.67,0.3,0.5,3.94,5.88,1519.0,44.0,0.0,0.0,3.36,2.52,0.0,,,,,,Leopard_2A7V
ki_100_early,77.0,50.0,3.38,3.66,0.3,0.28,46.0,100.0,3.67,5.0,3.44,4.6,0.0,,,,,,Ki-100
ussr_kv_1_L_11,74.0,89.74,0.0,0.0,3.1,2.7,76.0,100.0,0.0,0.0,7.0,7.36,0.0,,,,,,KV-1_(L-11)
p-38j,77.0,33.33,1.53,0.86,1.27,0.75,11.0,100.0,3.0,3.0,0.0,0.0,0.0,,,,,,P-38J-15
ussr_t_34_85_stp_s53,80.0,45.83,0.19,0.14,1.2,2.89,1218.0,54.16,0.0,0.0,2.4,2.32,2.0,100.0,0.0,,1.0,,Т-34-85_(СТП)
fr_char_2c_bis,72.0,60.9,0.0,0.0,3.07,7.05,25.0,43.33,0.0,0.0,0.33,0.6,0.0,,,,,,2C_bis
germ_marder_clovis,74.0,59.0,0.0,0.0,3.11,5.34,81.0,46.67,0.0,0.0,2.92,2.56,0.0,,,,,,CLOVIS
la-9,78.0,42.86,4.88,3.45,0.17,0.12,37.0,22.22,0.44,1.25,0.0,0.5,0.0,,,,,,La-9
germ_pzkpfw_V_ausf_a_panther,79.0,48.89,0.0,0.0,1.43,2.63,472.0,52.53,0.0,0.0,4.01,1.87,0.0,,,,,,Panther_A
us_t1e1_90,75.0,69.72,0.0,0.0,3.07,5.38,248.0,40.75,0.0,0.0,2.54,2.29,0.0,,,,,,T1E1_(90)
sw_charioteer_mk_7,76.0,0.0,0.0,0.0,1.18,0.64,204.0,32.91,0.0,0.0,1.01,0.62,15.0,,,,,,Charioteer_Mk_VII
jp_type_90b_sm,80.0,55.07,0.0,0.0,0.7,0.72,181.0,53.77,0.0,0.0,2.0,2.18,0.0,,,,,,◍Type_90_(B)
germ_kv_1_kwk_40,71.0,57.02,0.0,0.0,7.84,6.63,301.0,71.54,0.0,0.0,6.89,3.3,0.0,,,,,,KW_I_C_756_(r)
ussr_t_28,70.0,78.26,0.0,0.0,5.89,4.68,6.0,,,0.0,,2.0,0.0,,,,,,T-28
hellcat_fmk1,72.0,100.0,4.21,2.08,4.12,3.77,62.0,90.28,0.77,0.33,5.72,1.71,32.0,100.0,0.0,0.25,2.0,1.95,Hellcat_Mk_II
us_m4a3e2_76w_sherman_jumbo,67.0,72.67,0.0,0.0,4.87,3.71,946.0,66.68,0.03,0.0,4.87,3.51,0.0,,,,,,M4A3E2_(76)_W
fa_18c_late,73.0,46.67,1.98,1.79,0.18,0.13,105.0,56.88,1.09,1.13,0.23,0.23,0.0,,,,,,F/A-18C_Late
ussr_t_34E,77.0,100.0,0.0,0.0,2.96,2.66,17.0,,,0.0,,3.47,0.0,,,,,,T-34E
f9f-2,77.0,74.14,1.0,0.94,0.55,0.43,69.0,61.98,0.38,0.64,1.04,1.64,0.0,,,,,,F9F-2
jp_type_87,71.0,24.94,0.72,0.91,0.08,0.1,565.0,52.9,0.18,0.1,1.48,0.93,0.0,,,,,,Type_87
su_27,74.0,68.18,0.77,0.48,0.2,0.17,509.0,54.01,1.66,1.84,0.02,0.02,0.0,,,,,,Su-27
sw_t_28,74.0,,,0.0,,3.04,14.0,,,0.0,,1.57,0.0,,,,,,T-28
germ_jgdpz_IV_L48,71.0,87.11,0.0,0.0,3.68,3.67,261.0,39.61,0.0,0.0,4.17,2.97,6.0,,,0.0,,1.0,Jagdpanzer_IV
f9f-8,65.0,37.94,1.66,1.73,0.0,0.0,90.0,57.67,1.15,1.19,0.33,0.37,0.0,,,,,,F9F-8
us_m4a1_1942_sherman,76.0,35.42,0.0,0.0,1.59,1.79,64.0,100.0,0.0,0.0,5.67,3.13,0.0,,,,,,M4A1
av_8a,79.0,54.17,5.73,5.1,0.68,0.6,80.0,20.83,2.75,1.23,4.91,1.49,0.0,,,,,,AV-8A
i-153_m62_zhukovskiy,72.0,27.78,3.26,2.86,0.0,0.0,0.0,,,,,,0.0,,,,,,Zhukovsky's_I-153-M62
ussr_su_85m,71.0,50.0,0.0,0.0,2.15,3.87,57.0,81.82,0.0,0.0,4.55,2.92,0.0,,,,,,SU-85M
germ_stug_III_ausf_G,71.0,30.3,0.0,0.0,2.02,1.77,288.0,37.03,0.0,0.0,1.42,1.43,0.0,,,,,,StuG_III_G
us_m3a3_bradley,74.0,32.71,0.25,0.39,0.71,0.89,343.0,51.92,0.0,0.0,0.83,0.79,0.0,,,,,,M3A3_Bradley
tornado_ids_de_wtd61,71.0,60.0,0.6,0.6,5.92,5.92,195.0,54.46,0.37,0.41,0.45,0.48,0.0,,,,,,◄Tornado_IDS_WTD61
a6m2_mod11,73.0,89.61,8.58,9.02,0.0,0.0,0.0,,,,,,0.0,,,,,,A6M2_mod._11
tornado_ids_de_assta1,71.0,66.67,0.52,0.41,6.26,5.32,10.0,,,,,,0.0,,,,,,◄Tornado_IDS_ASSTA1
sw_strv_m38,71.0,99.14,0.0,0.0,3.49,4.18,11.0,,,0.0,,1.0,0.0,,,,,,Strv_m/38
cn_ztz_99a,76.0,52.0,0.0,0.0,1.33,1.41,183.0,58.42,0.0,0.0,1.71,1.97,0.0,,,,,,ZTZ99A
ussr_object_435,76.0,60.53,0.0,0.0,1.75,2.42,222.0,32.5,0.0,0.0,2.46,1.42,0.0,,,,,,Object_435
fr_lorraine_40t,65.0,61.58,0.0,0.0,2.34,2.58,552.0,72.51,0.0,0.0,3.47,3.41,61.0,39.44,0.0,0.0,1.37,1.48,Lorraine_40t
spitfiremkii,67.0,100.0,7.75,6.9,0.15,0.13,47.0,100.0,1.33,0.96,0.0,0.0,0.0,,,,,,Spitfire_Mk_IIb
germ_kv_1B_finland,64.0,50.0,0.0,0.0,4.5,10.03,24.0,100.0,0.0,0.0,13.17,8.57,0.0,,,,,,KV-IB
p-63c-5,65.0,48.25,1.91,1.85,0.31,0.8,53.0,73.81,1.45,1.24,1.43,1.11,0.0,,,,,,P-63C-5
harrier_frs1,66.0,38.0,1.42,0.92,0.78,0.56,0.0,,,,,,0.0,,,,,,Sea_Harrier_FRS.1
germ_pzkpfw_III_ausf_M,68.0,78.47,0.0,0.0,2.73,2.57,40.0,100.0,0.0,0.0,11.5,4.35,0.0,,,,,,Pz.III_M
jp_sub_i_ii_20mm,68.0,60.0,1.28,2.04,2.18,3.67,642.0,64.02,0.74,0.77,1.6,1.63,0.0,,,,,,SUB-I-II
sw_bt_42,68.0,55.13,0.0,0.0,3.12,3.27,37.0,50.0,0.0,0.0,2.0,1.5,0.0,,,,,,BT-42
germ_panzerjager_tiger_P_ferdinand,66.0,32.5,0.0,0.0,4.74,5.27,76.0,10.61,0.0,0.0,6.21,3.13,5.0,,,0.0,,1.5,Ferdinand
ussr_pt_76b,64.0,55.26,0.0,0.0,1.31,1.04,942.0,55.2,0.0,0.0,1.27,0.94,0.0,,,,,,PT-76B
us_m60a1_rise_passive_era,65.0,37.18,0.0,0.0,0.6,0.34,471.0,62.38,0.0,0.0,2.66,2.12,0.0,,,,,,M60A1_RISE_(P)
j_7e,67.0,66.67,11.0,33.0,0.7,2.0,7.0,,,,,,0.0,,,,,,J-7E
typhoon_mk1b,65.0,100.0,6.33,5.93,1.0,1.0,64.0,56.67,0.63,1.0,1.2,1.8,10.0,,,0.0,,1.0,Typhoon_Mk_Ib
f4u-1c,67.0,90.74,3.52,1.99,0.09,0.05,74.0,0.0,3.27,2.74,2.18,1.44,0.0,,,,,,F4U-1C
jp_type_61,65.0,36.11,0.0,0.0,3.21,2.82,194.0,64.6,0.0,0.0,3.54,2.06,0.0,,,,,,Type_61
us_mk1_grant,70.0,60.0,0.2,0.3,2.75,4.61,38.0,18.18,0.0,0.0,2.09,2.09,0.0,,,,,,Grant_I
mosquito_fb_mk6,63.0,96.19,1.96,2.2,2.03,2.23,0.0,,,,,,0.0,,,,,,Mosquito_FB_Mk_VI
ussr_t_28E,63.0,66.67,0.0,0.0,2.98,3.93,27.0,0.0,0.0,0.0,0.0,0.0,0.0,,,,,,T-28E
me-262a-1a_u4,63.0,52.0,3.44,6.28,0.88,2.0,520.0,56.46,0.54,0.5,2.17,2.08,0.0,,,,,,Me_262_A-1/U4
f_6c_pakistan,65.0,37.5,4.71,6.25,0.41,0.38,13.0,100.0,4.22,3.14,0.0,0.0,0.0,,,,,,F-6C
us_m26e1_pershing,64.0,100.0,0.0,0.0,5.4,6.59,66.0,100.0,0.0,0.0,12.58,8.66,0.0,,,,,,M26E1
us_t30,63.0,77.5,0.23,0.3,4.83,4.35,31.0,,,0.0,,4.58,0.0,,,,,,T30
us_m4_sherman,65.0,45.65,0.0,0.0,5.22,5.54,121.0,64.29,0.0,0.0,5.93,5.42,16.0,100.0,0.0,0.0,3.0,3.0,M4
f_20a,61.0,50.0,2.4,1.37,0.25,0.25,494.0,57.66,0.61,0.87,0.09,0.16,26.0,,,0.78,,0.0,F-20A
ussr_t_34_1941_l_11,65.0,78.33,0.0,0.0,2.76,3.06,167.0,56.44,0.0,0.0,5.61,4.2,0.0,,,,,,T-34_(1940)
us_m24_chaffee,62.0,50.0,0.0,0.0,2.08,2.19,569.0,56.07,0.0,0.0,3.27,2.15,0.0,,,,,,M24
saab_b3c,66.0,100.0,1.69,1.03,32.88,20.03,0.0,,,,,,0.0,,,,,,B3C
bf-109e-4,59.0,100.0,4.86,6.06,2.02,2.59,12.0,100.0,0.09,,0.0,,0.0,,,,,,Bf_109_E-4
fr_amx_50,60.0,98.33,0.0,0.0,4.77,4.58,382.0,81.3,0.0,0.0,3.7,3.89,86.0,38.89,0.0,0.0,1.41,2.02,AMX-50_(TOA100)
mig-21_bison,60.0,50.0,1.85,1.89,0.0,0.0,254.0,54.88,1.13,1.65,0.07,0.1,17.0,,,,,,MiG-21_Bison
ki_61_2_early,61.0,50.0,1.82,3.7,0.0,0.0,14.0,,,,,,0.0,,,,,,Ki-61-II_Otsu_Kai
uk_chieftain_mk_10,64.0,74.51,0.0,0.0,2.79,3.74,177.0,73.32,0.0,0.0,2.11,2.08,0.0,,,,,,Chieftain_Mk_10
ussr_object_292,66.0,72.73,0.0,0.0,2.83,2.85,453.0,61.56,0.0,0.0,4.96,2.86,26.0,75.0,0.0,0.0,2.3,2.33,Object_292
us_m1a1_hc_usmc,56.0,50.0,0.0,0.0,3.03,4.44,2410.0,57.69,0.0,0.0,2.66,1.94,25.0,0.0,0.0,0.0,2.0,0.07,M1A1_Click-Bait
p-400,60.0,63.33,2.64,3.05,0.23,0.16,44.0,50.0,0.59,1.18,0.09,0.18,0.0,,,,,,P-400
p-47n-15,63.0,100.0,5.0,1.29,3.4,2.48,35.0,72.5,0.7,0.72,0.97,1.0,0.0,,,,,,P-47N-15
germ_pzkpfw_VI_ausf_b_tiger_IIp,62.0,3.7,0.3,0.29,4.69,4.77,656.0,38.32,0.0,0.0,1.64,1.65,7.0,,,0.0,,4.0,Tiger_II_(P)
germ_le_kpz_m41,61.0,86.54,0.0,0.0,1.32,1.13,850.0,53.06,0.0,0.0,1.0,0.91,3.0,0.0,0.0,0.0,1.0,1.0,leKPz_M41
la_174,66.0,80.0,6.0,7.5,0.6,0.8,0.0,,,,,,0.0,,,,,,La-174
a6m2_zero_china,58.0,58.21,1.72,2.71,1.65,2.6,100.0,75.27,1.67,1.98,1.46,1.76,0.0,,,,,,A6M2_(China)
us_t26e4_superpershing,59.0,83.33,0.16,0.34,6.5,4.53,353.0,83.33,0.0,0.0,6.37,2.62,0.0,,,,,,T26E1-1
us_lvt_a_1,63.0,97.62,0.0,0.0,4.72,3.71,8.0,,,0.0,,1.63,0.0,,,,,,LVT(A)(1)
tis_ma,58.0,52.0,0.54,0.6,3.97,4.82,97.0,100.0,0.09,0.07,5.24,4.35,34.0,100.0,1.1,1.0,4.83,4.35,TIS_MA
mb_157,62.0,72.5,7.98,6.66,0.6,0.22,155.0,75.59,3.35,13.32,0.42,1.82,0.0,,,,,,M.B.157
il-2m,63.0,95.83,0.46,0.65,5.8,7.03,37.0,85.56,1.6,1.13,7.3,5.77,0.0,,,,,,IL-2M_type_3
ussr_t_28_1938,58.0,43.75,0.0,0.0,2.08,3.3,13.0,,,0.0,,3.38,0.0,,,,,,T-28_(1938)
us_m1a2_sep2_abrams,61.0,100.0,0.0,0.0,5.35,3.85,1804.0,53.73,0.0,0.0,2.6,2.25,0.0,,,,,,M1A2_SEP_V2
bf-109f-2,57.0,80.77,4.73,2.18,1.65,0.84,28.0,0.0,0.67,0.59,0.78,0.64,0.0,,,,,,Bf_109_F-2
bf_110g_4,63.0,67.39,0.35,0.47,2.02,2.83,0.0,,,,,,0.0,,,,,,Bf_110_G-4
germ_vk_3002m,60.0,0.0,0.0,0.0,4.89,2.79,380.0,40.94,0.0,0.0,2.35,1.91,3.0,,,0.0,,0.0,VK_3002_(M)
cn_m1a2t,55.0,100.0,0.0,0.0,5.88,5.62,299.0,67.09,0.0,0.0,4.19,2.54,0.0,,,,,,M1A2T
fr_amd_35_sa35,61.0,50.0,0.0,0.0,1.3,1.38,15.0,,,0.0,,1.0,0.0,,,,,,AMD.35_(SA35)
germ_flakpanzer_IV_Wirbelwind,56.0,88.1,1.61,8.0,0.11,1.0,697.0,41.1,1.15,1.12,0.28,0.27,0.0,,,,,,Wirbelwind
p-51c-11-nt_china,57.0,79.49,0.84,0.87,4.08,4.26,105.0,73.61,0.76,0.54,2.68,2.19,0.0,,,,,,P-51C-11-NT_(China)
uk_ram_90mm_aa,54.0,100.0,0.0,0.0,9.25,2.97,122.0,72.32,0.0,0.0,3.91,4.1,8.0,,,0.0,,2.0,QF_3.7_Ram
it_leopard_2a4,62.0,70.59,0.0,0.0,4.02,4.79,253.0,51.57,0.0,0.0,1.69,1.58,0.0,,,,,,◔Leopard_2A4
cn_t_34_85_zis_53_no215,54.0,100.0,0.0,0.0,4.39,3.72,6.0,100.0,0.0,0.0,5.5,5.5,0.0,,,,,,T-34-85_No.215
ussr_t_62,60.0,62.0,0.0,0.0,2.24,3.14,273.0,55.19,0.0,0.0,3.62,2.36,0.0,,,,,,T-62
mig-15,61.0,45.83,3.92,4.83,0.27,0.36,39.0,25.0,0.3,0.78,0.0,0.0,0.0,,,,,,MiG-15bis
uk_17_pdr_m10_achilles_norfolk_yeomanry,57.0,70.0,0.0,0.0,2.6,2.24,74.0,100.0,0.0,0.0,4.85,2.94,0.0,,,,,,Achilles_(65_Rg.)
germ_pzkpfw_38t_Marder_III_ausf_H,59.0,36.54,0.0,0.0,1.57,1.57,14.0,25.0,0.0,0.0,0.75,1.13,0.0,,,,,,Marder_III_H
f-5e,57.0,50.0,1.19,1.0,0.0,0.0,199.0,47.8,1.05,1.15,0.34,0.36,0.0,,,,,,F-5E
he-111h-16_winter,59.0,60.53,0.0,0.0,0.08,0.09,150.0,51.33,0.0,0.0,0.81,0.85,0.0,,,,,,He_111_H-16
mig_23bn,54.0,50.0,0.0,0.0,5.0,5.0,67.0,50.0,0.08,0.11,2.53,5.0,0.0,,,,,,◊MiG-23BN
it_semovente_m41m_90,54.0,100.0,0.0,0.0,3.71,3.67,100.0,29.14,0.0,0.0,4.52,3.49,0.0,,,,,,90/53_M41M
us_m4a1_76w_sherman,58.0,57.69,0.0,0.0,2.23,1.94,319.0,46.74,0.0,0.0,3.12,2.34,15.0,,,,,,M4A1_(76)_W
su_33,54.0,64.45,1.33,1.37,0.0,0.0,792.0,48.61,1.58,1.29,0.12,0.11,15.0,100.0,2.67,1.57,0.0,0.0,Су-33
f-89d,60.0,66.67,10.02,10.02,0.0,0.0,28.0,89.13,3.5,4.22,0.0,0.0,0.0,,,,,,F-89D
jp_type_97_chi_ha,61.0,100.0,0.13,0.27,6.95,12.67,0.0,,,,,,0.0,,,,,,Chi-Ha
fr_sk105_a2,55.0,80.0,0.0,0.0,4.28,4.25,346.0,60.15,0.0,0.0,1.84,1.96,0.0,,,,,,SK-105A2
sw_t_80u,60.0,87.88,0.0,0.0,2.75,2.75,209.0,38.8,0.0,0.0,3.46,1.82,0.0,,,,,,T_80_U
jp_type_90b_camo,63.0,62.0,0.0,0.0,1.89,1.75,2383.0,51.37,0.0,0.0,2.77,1.99,2.0,0.0,0.0,0.0,0.0,0.0,"Type_90_(B)_""Fuji"""
sw_strv121b_christian2,57.0,86.91,0.0,0.0,3.54,2.28,658.0,55.3,0.0,0.0,3.15,1.89,0.0,,,,,,Christian_II
cn_m18_hellcat,55.0,38.89,0.0,0.0,3.72,3.63,182.0,71.48,0.0,0.0,1.88,1.31,0.0,,,,,,M18_GMC_(China)
sw_pbv_501,57.0,0.0,0.0,0.0,0.43,0.41,373.0,58.06,0.0,0.0,1.83,1.33,0.0,,,,,,Pbv_501
mig-21_s,61.0,45.0,6.51,4.34,0.0,0.0,172.0,64.03,1.34,0.83,0.23,0.18,0.0,,,,,,MiG-21S_(R-13-300)
a-20g,56.0,100.0,0.5,0.43,7.11,6.3,2.0,,,1.0,,3.0,0.0,,,,,,A-20G-25
fr_m46_patton,57.0,77.54,0.0,0.0,3.15,3.57,70.0,41.67,0.0,0.0,6.69,4.96,0.0,,,,,,M46
us_m1_abrams_kvt,53.0,38.46,0.23,0.23,0.75,0.91,2152.0,55.72,0.0,0.0,2.93,2.47,0.0,,,,,,M1_KVT
ussr_asu_57,54.0,100.0,0.0,0.0,0.0,0.0,250.0,49.9,0.0,0.0,1.21,0.88,0.0,,,,,,ASU-57
su-2_m82,54.0,100.0,1.57,1.08,9.78,7.23,0.0,,,,,,4.0,,,,,,Su-2_(M-82)
f_14a_iriaf,53.0,100.0,7.15,3.96,1.2,0.59,652.0,56.78,1.92,2.92,0.05,0.09,0.0,,,,,,F-14A_IRIAF
firebrand_tf4,52.0,100.0,1.1,0.8,3.05,2.27,15.0,100.0,0.0,0.0,1.57,1.57,0.0,,,,,,Firebrand_TF_Mk_IV
cn_m4a1_76w_sherman,53.0,50.0,0.0,0.0,2.44,2.12,85.0,100.0,0.0,0.0,6.89,3.78,0.0,,,,,,M4A1_(75)_W_(China)
germ_pzkpfw_IV_ausf_G,55.0,67.27,0.0,0.0,1.57,1.83,141.0,32.72,0.0,0.0,2.17,1.87,3.0,,,,,,Pz.IV_G
b_25j_20,55.0,66.67,0.7,0.09,1.5,0.38,0.0,,,,,,0.0,,,,,,B-25J-20
b7a2_homare_23,54.0,100.0,2.08,1.78,7.17,6.62,33.0,100.0,3.42,3.08,2.12,1.0,13.0,,,,,,B7A2_(Homare_23)
uk_sherman_II,52.0,71.88,0.0,0.0,4.09,4.68,86.0,25.77,0.0,0.0,3.0,2.53,0.0,,,,,,Sherman_II
fr_marder_df_105,52.0,43.48,0.0,0.0,1.02,1.5,237.0,63.24,0.0,0.0,2.02,2.11,0.0,,,,,,DF105
ussr_zsu_37_2,52.0,38.33,0.57,1.04,0.0,0.0,207.0,57.67,0.49,0.36,0.42,0.26,0.0,,,,,,ZSU-37-2
ussr_zis_30,53.0,,,0.0,,2.35,20.0,100.0,0.0,0.0,4.57,3.59,0.0,,,,,,ZiS-30
bf-109f-1,50.0,100.0,3.63,1.76,3.0,1.0,32.0,,,2.22,,0.0,0.0,,,,,,Bf_109_F-1
p-40e_ussr,51.0,80.56,4.1,4.1,0.83,0.82,14.0,100.0,0.0,0.0,1.0,1.0,20.0,,,0.0,,0.0,P-40E-1
la-5_type37_early,52.0,94.64,4.29,6.67,2.99,5.38,10.0,50.0,0.5,1.0,0.0,0.0,0.0,,,,,,La-5
uk_vickers_mbt_mk_1,51.0,97.73,0.0,0.0,3.2,2.17,208.0,48.41,0.0,0.0,3.46,2.12,0.0,,,,,,Vickers_Mk.1
it_of_40_mk_2a,45.0,50.0,0.43,0.43,3.67,4.0,450.0,76.25,0.0,0.0,2.21,1.74,2.0,,,0.0,,1.0,OF-40_Mk.2A
us_m42_duster,49.0,50.0,0.72,1.16,0.72,1.0,343.0,57.33,0.36,0.21,1.37,0.79,0.0,,,,,,M42
spitfire_mk9c_iaf,56.0,16.67,5.33,3.09,1.08,0.53,8.0,,,,,,0.0,,,,,,Spitfire_Mk_IXc_(Israel)
jp_st_a2,51.0,,,0.0,,3.3,38.0,,,0.0,,0.73,0.0,,,,,,ST-A2
cn_m8_greyhound,49.0,100.0,0.0,0.0,6.53,7.22,0.0,,,,,,0.0,,,,,,M8_LAC_(China)
germ_erprobungstrager_3_achs_turm,51.0,60.0,0.0,0.0,3.77,3.77,1034.0,43.26,0.0,0.0,3.49,1.73,0.0,,,,,,Turm_III
a6m5_zero,49.0,86.67,3.99,3.92,0.0,0.0,43.0,100.0,1.83,1.83,0.5,0.5,0.0,,,,,,A6M5
i-16_type17_china,50.0,,,2.28,,0.55,0.0,,,,,,0.0,,,,,,I-16_type_17_(China)
sw_cv_90105_tml,50.0,100.0,0.0,0.0,2.54,1.98,2305.0,54.33,0.0,0.0,2.14,1.66,2.0,,,0.0,,2.0,CV_90105
su_22m4,49.0,50.83,0.67,0.96,2.59,3.5,14.0,,,,,,6.0,100.0,2.0,1.0,3.0,1.5,◊Su-22M4
jp_m4a3e8_76w_sherman,48.0,50.0,0.0,0.0,2.95,3.88,285.0,70.18,0.06,0.06,3.41,3.0,0.0,,,,,,M4A3_(76)_W
ussr_kv_220,49.0,100.0,0.0,0.0,11.0,11.0,121.0,90.63,0.0,0.0,14.25,9.63,0.0,,,,,,KV-220
ussr_t_80,49.0,65.0,0.0,0.0,2.32,3.07,0.0,,,,,,0.0,,,,,,T-80
i_29,51.0,100.0,4.53,4.79,0.17,0.17,0.0,,,,,,0.0,,,,,,I-29
firefly_mk5,49.0,90.0,1.9,1.82,4.36,4.12,18.0,87.5,3.0,2.0,2.13,1.5,0.0,,,,,,Firefly_FR_Mk_V
germ_radpanzer_90,47.0,72.22,0.0,0.0,1.11,1.22,546.0,63.5,0.0,0.0,3.12,1.8,0.0,,,,,,Radkampfwagen_90
mig_23mld,49.0,42.31,2.31,1.38,0.42,0.21,166.0,69.52,1.55,1.36,0.07,0.05,0.0,,,,,,MiG-23MLD
su-2_tss1,46.0,100.0,1.35,0.87,18.31,11.87,19.0,,,,,,0.0,,,,,,Su-2_TSS-1
alpha_jet_th_phase_1,48.0,50.0,2.5,5.32,2.0,0.91,87.0,54.32,0.45,0.81,1.03,1.53,0.0,,,,,,Alpha_Jet_TH
cn_al_khalid_1,48.0,50.0,0.0,0.0,2.17,2.17,892.0,57.94,0.0,0.0,1.94,1.57,0.0,,,,,,Al-Khalid-I
germ_jgdpz_38t,48.0,100.0,0.0,0.0,3.98,3.61,137.0,37.3,0.0,0.0,3.08,4.03,0.0,,,,,,Jagdpanzer_38(t)
ussr_t_34_1941,48.0,100.0,0.0,0.0,4.04,5.33,60.0,100.0,0.0,0.0,7.0,3.36,0.0,,,,,,T-34_(1941)
ussr_t_72b3_arena_m,48.0,66.67,0.0,0.0,1.29,1.93,641.0,54.79,0.0,0.0,1.64,1.63,14.0,100.0,0.0,0.0,0.4,0.17,Т-72Б3А
germ_mkpz_m48a2c,48.0,50.0,0.2,0.18,0.81,1.2,490.0,30.83,0.0,0.0,1.39,1.11,75.0,39.14,0.0,0.0,1.04,1.52,M48A2_C
tornado_f3,48.0,59.53,0.91,1.0,0.0,0.0,264.0,53.64,1.18,1.36,0.08,0.08,13.0,,,1.0,,0.0,Tornado_F.3
cn_wz_305,46.0,100.0,7.62,,2.0,,348.0,60.62,0.89,0.51,2.72,1.48,0.0,,,,,,WZ305
bf-109g-2,45.0,74.36,4.18,6.28,1.12,0.83,89.0,80.0,1.58,1.67,0.93,1.17,0.0,,,,,,Bf_109_G-2/trop
fr_amx_13_90,51.0,88.33,0.0,0.0,3.5,3.5,168.0,70.81,0.0,0.0,3.02,2.11,0.0,,,,,,AMX-13-90
ussr_is_1_kit_3rank,48.0,,,0.0,,2.5,107.0,56.05,0.0,0.0,2.64,2.39,12.0,,,,,,ИС-1_('45)
f-86f-25,42.0,42.73,1.81,2.07,0.0,0.0,7.0,,,1.14,,0.14,0.0,,,,,,F-86F-25
germ_flakpanzer_IV_Kugelblitz,45.0,72.22,2.17,1.86,1.0,0.67,374.0,48.61,0.85,1.0,0.69,0.8,2.0,,,,,,Kugelblitz
fr_mars_15,48.0,68.75,0.0,0.0,1.69,1.38,82.0,58.34,0.0,0.0,1.91,1.64,0.0,,,,,,MARS_15
fr_amx_30,46.0,30.0,0.0,0.0,1.73,1.2,7.0,,,0.0,,1.0,2.0,,,0.0,,1.0,AMX-30
jp_st_a1,49.0,60.42,0.0,0.0,0.83,1.04,114.0,76.19,0.0,0.0,4.53,1.82,0.0,,,,,,ST-A1
us_m4a2_76w_sherman,52.0,55.0,0.0,0.0,2.18,1.77,421.0,71.84,0.0,0.0,3.93,2.41,0.0,,,,,,M4A2_(76)_W
fr_m4a1_sherman,47.0,28.73,0.0,0.0,0.3,0.52,110.0,38.54,0.0,0.0,1.33,1.33,0.0,,,,,,M4A1
cn_m4a4_sherman_1st_ptg,44.0,78.75,0.0,0.0,5.02,5.07,48.0,76.0,0.0,0.0,2.51,2.41,0.0,,,,,,M4A4_(1st_PTG)_(China)
f-105d,45.0,90.63,0.03,0.05,2.54,2.64,61.0,21.43,0.0,0.0,4.32,3.31,0.0,,,,,,F-105D
f_16a_block_15_adf,46.0,78.0,5.98,5.98,0.22,0.22,135.0,58.45,1.93,1.69,0.0,0.0,0.0,,,,,,F-16A_ADF
sb_2m_105,44.0,55.13,0.09,0.08,2.45,2.03,0.0,,,,,,0.0,,,,,,SB_2M-105
germ_kpz_t72m1,46.0,95.24,0.0,0.0,2.29,1.83,1118.0,45.06,0.0,0.0,2.06,1.75,0.0,,,,,,◊T-72M1
p-51d-20-na_iaf,53.0,29.17,2.54,1.93,1.02,0.68,54.0,34.17,0.69,0.54,0.66,0.41,0.0,,,,,,P-51D-20-NA_(Israel)
cn_ztz_99,42.0,45.83,0.0,0.0,1.16,1.26,205.0,60.43,0.0,0.0,1.78,1.55,2.0,,,,,,ZTZ99-II
cn_ztz_96b,45.0,50.0,0.0,0.0,0.95,0.96,412.0,61.72,0.0,0.0,1.95,2.01,0.0,,,,,,ZTZ96B
t2,46.0,100.0,8.04,8.04,0.39,0.39,47.0,60.0,1.23,1.31,0.4,0.54,17.0,,,2.24,,0.0,T-2
germ_flakpanzer_V_Coelian,45.0,50.0,0.5,0.58,2.25,1.1,718.0,59.8,0.61,0.49,3.3,2.53,8.0,0.0,1.0,,0.0,,Flakpanzer_341
c_3604,45.0,90.91,1.49,2.01,2.51,2.3,56.0,47.5,0.75,1.0,0.53,0.63,14.0,,,,,,◌С-3604
sw_strv_m31,43.0,98.15,0.0,0.0,2.28,7.0,3.0,,,,,,0.0,,,,,,Strv_m/31
jp_oplot_t,40.0,50.0,0.0,0.0,2.23,2.23,280.0,63.22,0.0,0.0,3.22,1.71,0.0,,,,,,BM_Oplot-T
p-39n,43.0,60.0,2.27,4.24,0.0,0.0,22.0,0.0,2.0,1.0,2.0,1.05,0.0,,,,,,P-39N-0
p-47d_23_ra_china_rocaf,45.0,61.11,1.65,2.43,3.35,2.33,0.0,,,,,,0.0,,,,,,P-47D-23-RA_(China)
bf-110f-2,42.0,100.0,2.87,2.72,3.2,3.33,0.0,,,,,,0.0,,,,,,Bf_110_F-2
germ_marder_df_105,44.0,0.0,0.0,0.0,6.0,5.67,184.0,66.5,0.0,0.0,4.67,2.24,112.0,60.1,0.0,0.0,1.73,1.78,DF105
jp_btr_3e1,46.0,38.46,0.0,0.0,0.38,0.38,378.0,73.48,0.0,0.0,1.5,1.12,0.0,,,,,,BTR-3E1
su-6_m71,46.0,90.91,1.17,1.38,5.04,3.74,79.0,57.5,0.95,0.63,1.98,1.32,0.0,,,,,,Su-6_(M-71F)
ussr_t_26_1940,41.0,75.0,0.0,0.0,3.27,4.46,0.0,,,,,,0.0,,,,,,T-26
b_26b_c,45.0,100.0,0.0,0.0,3.67,3.56,12.0,0.0,0.0,0.0,0.0,0.1,0.0,,,,,,B-26B
germ_flakpanzer_IV_Ostwind_2_net,41.0,100.0,4.67,,0.25,,208.0,21.84,1.19,1.02,0.0,0.0,0.0,,,,,,Ostwind_Ost
f-4c,50.0,45.55,1.21,0.84,0.25,0.23,145.0,30.83,1.26,1.07,1.29,1.4,0.0,,,,,,F-4C_Phantom_II
sw_bkan_1c,43.0,50.0,1.5,1.42,1.0,0.94,323.0,42.4,0.1,0.08,1.66,1.49,0.0,,,,,,Bkan_1C
sw_ikv_73,43.0,100.0,0.0,0.0,9.33,5.27,24.0,,,0.0,,2.39,0.0,,,,,,Ikv_73
il-2m_mstitel,40.0,100.0,0.8,0.58,5.63,5.98,5.0,100.0,1.0,0.6,3.0,2.2,0.0,,,,,,"IL-2M_""Avenger"""
uk_a_43_black_prince,42.0,100.0,0.0,0.0,4.0,4.0,75.0,63.16,0.0,0.0,6.82,3.61,0.0,,,,,,Black_Prince
uk_chieftain_900,47.0,53.57,0.0,0.0,2.5,2.39,74.0,78.33,0.0,0.0,3.1,2.81,0.0,,,,,,Chieftain_900
p-47d_30_china,44.0,77.27,3.18,2.75,0.32,0.23,54.0,66.67,0.0,0.0,0.7,0.7,0.0,,,,,,P-47D-30_(China)
f-4j,44.0,50.0,1.3,1.62,0.5,0.09,157.0,53.51,1.33,1.54,0.15,0.19,2.0,,,,,,F-4J_Phantom_II
p-63a-5_ussr,43.0,50.0,1.79,1.56,0.5,0.47,220.0,63.49,2.12,1.47,3.0,2.12,0.0,,,,,,P-63A-5
mig_3_series_1_15_bk_pod,43.0,100.0,1.38,1.38,0.35,0.35,0.0,,,,,,0.0,,,,,,MiG-3-15_(BK)
mig_29_9_12,45.0,55.95,1.79,1.42,0.0,0.0,26.0,100.0,1.0,0.38,0.0,0.0,0.0,,,,,,МиГ-29_(9-12)
saab_b18b,40.0,100.0,0.0,,6.69,,23.0,100.0,0.0,0.0,0.89,0.89,0.0,,,,,,B18B
it_c1_ariete_preserie,46.0,63.54,0.0,0.0,3.35,5.63,179.0,53.22,0.0,0.0,1.92,1.37,0.0,,,,,,Ariete_(P)
us_lav_ad,41.0,47.5,1.63,3.1,0.53,1.0,971.0,49.29,0.22,0.18,0.73,0.62,0.0,,,,,,LAV-AD
beaufighter_mkx,42.0,100.0,1.0,2.21,5.8,4.25,12.0,,,0.0,,3.0,0.0,,,,,,Beaufighter_Mk_X
germ_thyssen_henschel_tam_2ip,40.0,100.0,0.0,0.0,4.35,2.48,1773.0,45.26,0.0,0.0,1.91,1.47,0.0,,,,,,TAM_2IP
jp_type_93,44.0,45.65,1.72,3.26,0.0,0.0,95.0,43.89,0.7,1.3,0.0,0.0,0.0,,,,,,Type_93
p-51d-20_china,43.0,77.78,1.33,1.45,2.24,0.69,22.0,50.0,0.0,0.0,1.0,2.0,0.0,,,,,,P-51D-20_(China)
p-39n_su,42.0,50.0,2.21,4.42,0.0,0.0,0.0,,,,,,0.0,,,,,,Pokryshkin's_P-39N-0
sw_pvkv_m43_1946,40.0,,,0.0,,1.67,72.0,64.71,0.0,0.0,1.91,0.87,0.0,,,,,,Pvkv_m/43_(1946)
cn_ztz_99_w,40.0,21.18,0.0,0.0,1.13,1.15,272.0,58.17,0.0,0.0,2.15,1.88,0.0,,,,,,ZTZ99-III
ussr_t_80um2,36.0,50.0,0.0,0.0,3.0,2.4,252.0,61.99,0.0,0.0,3.56,2.37,0.0,,,,,,T-80UM2
jp_type_90,45.0,50.0,0.0,0.0,1.0,1.19,639.0,60.53,0.0,0.0,1.95,1.91,0.0,,,,,,Type_90
p-38l,41.0,100.0,1.67,0.63,0.0,0.0,8.0,,,,,,0.0,,,,,,P-38L-5-LO
jp_type_74,41.0,0.0,0.0,0.0,1.21,1.11,603.0,50.81,0.0,0.0,2.04,1.73,0.0,,,,,,Type_74_(E)
sb2c_1c,43.0,100.0,0.0,,1.0,,0.0,,,,,,0.0,,,,,,SB2C-1C
ussr_t_80ue1,39.0,49.17,0.0,0.0,2.29,2.88,2725.0,46.81,0.0,0.0,1.66,1.41,0.0,,,,,,Т-80U-Е1
la-15,44.0,30.56,2.94,4.85,0.31,0.55,31.0,50.0,2.0,1.43,0.5,0.21,0.0,,,,,,La-15
uk_as_90_mk_2,42.0,,,1.77,,1.8,122.0,68.39,0.87,0.65,4.57,3.67,0.0,,,,,,AS90
pe-8_m82,39.0,100.0,0.0,0.0,1.44,1.33,33.0,87.88,0.0,0.0,0.11,0.12,0.0,,,,,,Pe-8
sw_landsverk_ush_405,38.0,50.0,0.0,0.0,1.0,0.39,395.0,51.84,0.0,0.0,2.31,2.08,0.0,,,,,,U-SH_405
spitfire_mk14c,44.0,100.0,11.5,11.5,0.0,0.0,0.0,,,,,,0.0,,,,,,Spitfire_F_Mk_XIVc
sw_strv_m42_eh,39.0,,,0.0,,7.18,125.0,26.19,0.0,0.0,2.46,1.38,0.0,,,,,,Strv_m/42_EH
ki_44_1_ep,40.0,100.0,3.21,2.0,0.0,0.0,30.0,,,0.48,,0.0,0.0,,,,,,Ki-44-I_34
a_6e_tram,37.0,87.65,1.06,1.02,1.64,1.63,147.0,59.36,0.27,0.31,2.9,3.94,3.0,,,,,,A-6E_TRAM
jp_type_3_chi_nu,39.0,87.72,0.0,0.0,3.53,3.89,69.0,,,0.0,,2.4,0.0,,,,,,Chi-Nu
a6m3_zero,41.0,,,4.39,,0.0,12.0,100.0,1.75,1.75,0.0,0.0,0.0,,,,,,A6M3
bf_110g_4_hungary,36.0,75.0,1.58,1.83,0.54,0.58,41.0,100.0,0.38,0.44,2.15,1.76,0.0,,,,,,◐Bf_110_G-4
f6f-5n,43.0,87.5,2.44,1.55,1.31,0.58,38.0,100.0,0.79,0.39,4.16,2.08,0.0,,,,,,F6F-5N
ussr_bmd_4m2,35.0,26.67,0.0,0.0,0.87,0.73,584.0,41.72,0.02,0.0,1.24,0.89,6.0,100.0,0.0,0.0,1.0,1.0,БМД-4M2
ki-49_2b,38.0,59.52,0.0,0.0,0.4,0.4,0.0,,,,,,0.0,,,,,,Ki-49-IIb
us_m247,38.0,50.0,4.14,8.27,0.91,1.82,306.0,51.03,1.29,0.94,0.18,0.13,0.0,,,,,,M247
germ_pzkpfw_38t_ausf_A,39.0,100.0,0.0,,2.21,,0.0,,,,,,0.0,,,,,,Pz.38(t)_A
bf-110g-2,39.0,100.0,2.0,1.57,3.5,1.9,8.0,,,1.0,,1.0,0.0,,,,,,Bf_110_G-2
spitfire_lf_mk9e_iaf,43.0,8.33,1.83,0.63,0.58,0.28,40.0,50.0,1.0,2.07,1.25,0.9,0.0,,,,,,Spitfire_Mk.IX_(CW)_(Israel)
f_16a_block_20_mlu,37.0,100.0,6.32,6.32,3.0,3.0,32.0,12.35,0.29,0.38,0.0,0.0,0.0,,,,,,F-16A_MLU_(China)
he_100d_1,36.0,100.0,8.56,,0.0,,0.0,,,,,,0.0,,,,,,He_100_D-1
cn_tor_m1,36.0,47.37,1.47,2.84,0.0,0.0,56.0,100.0,2.0,1.89,0.0,0.0,0.0,,,,,,Tor-M1
il-2i,36.0,60.53,0.5,0.37,5.63,5.12,59.0,80.0,0.37,0.3,1.66,1.3,29.0,83.33,1.5,1.8,5.2,6.2,IL-2_(1942)
bb-1,36.0,100.0,2.31,3.43,9.25,19.14,17.0,100.0,0.0,0.25,2.67,2.25,0.0,,,,,,BB-1
germ_leopard_1a5,38.0,83.33,0.0,0.0,1.81,1.28,1612.0,43.36,0.0,0.0,1.53,1.27,50.0,44.05,0.0,0.0,2.13,2.05,Leopard_1A5
sw_ikv_103,36.0,51.39,0.0,0.0,0.58,0.98,100.0,55.98,0.0,0.0,1.09,0.93,0.0,,,,,,Ikv_103
jp_type_3_ho_ni_I,38.0,100.0,0.0,,2.87,,0.0,,,,,,0.0,,,,,,Ho-Ni_I
ussr_su_5_1,36.0,31.25,0.0,0.0,1.81,2.88,0.0,,,,,,0.0,,,,,,SU-5-1
it_pzkpfw_VI_ausf_e_tiger,41.0,50.0,0.0,0.0,2.85,2.65,159.0,59.81,0.0,0.0,7.37,4.98,12.0,,,,,,Tigris
bf-109k-4,36.0,94.44,4.36,4.53,0.0,0.0,168.0,54.04,4.3,2.79,1.23,0.77,0.0,,,,,,Bf_109_K-4
ussr_kv_7_u13,33.0,62.08,0.0,0.0,4.33,4.9,43.0,15.79,0.0,0.0,6.37,5.81,0.0,,,,,,KV-7_(U-13)
saab_t18b_2,38.0,,,2.5,,2.0,0.0,,,,,,4.0,,,,,,T18B_(57)
yak-9b,37.0,100.0,2.55,1.49,5.36,2.37,7.0,,,1.0,,0.0,0.0,,,,,,Yak-9B
btd-1,37.0,,,1.26,,3.48,1.0,,,0.0,,2.0,0.0,,,,,,BTD-1
f4u-4b,36.0,100.0,3.0,2.8,0.0,0.0,437.0,77.59,0.89,0.82,2.81,2.62,1.0,,,4.0,,0.0,F4U-4B
b_239_finland,40.0,0.0,2.61,1.65,0.0,0.0,27.0,100.0,1.9,1.12,1.1,1.32,0.0,,,,,,B-239
il_m_51_w,37.0,100.0,0.0,0.0,2.0,1.38,192.0,62.54,0.0,0.0,4.03,2.11,0.0,,,,,,M-51_(W)
yak-1b_luftwaffe,35.0,100.0,5.11,2.39,0.28,0.08,41.0,52.94,2.44,3.82,0.63,1.06,0.0,,,,,,Yak-1B
fr_m26_pershing,31.0,56.25,0.43,0.31,2.14,2.04,201.0,55.9,0.0,0.0,2.91,1.44,38.0,100.0,0.0,0.0,2.0,1.44,M26
it_p_26_40,34.0,69.57,0.0,0.0,2.13,3.14,126.0,63.61,0.0,0.0,7.57,11.22,0.0,,,,,,"P40_""G.C._Leoncello"""
cn_ztz_96,36.0,,,0.0,,2.38,493.0,63.91,0.0,0.0,4.13,2.77,0.0,,,,,,ZTZ96
bv-155b-1,37.0,60.53,1.0,1.5,0.34,0.73,2.0,,,1.0,,0.0,0.0,,,,,,BV_155_B-1
us_m6a2e1,32.0,100.0,1.0,1.0,8.88,8.88,62.0,50.0,0.0,0.0,4.92,4.38,0.0,,,,,,M6A2E1
us_rdf_lt,34.0,100.0,1.0,,2.55,,389.0,60.57,0.04,0.04,2.47,1.47,0.0,,,,,,RDF/LT
jp_tkx_prot,39.0,57.41,0.0,0.0,4.34,4.1,376.0,64.75,0.0,0.0,4.09,2.41,0.0,,,,,,TKX
fw-190a-8,35.0,100.0,3.17,2.8,6.0,0.87,15.0,,,,,,0.0,,,,,,Fw_190_A-8
il_merkava_mk_2b_early,37.0,70.83,0.0,0.0,2.71,2.92,173.0,61.0,0.0,0.0,3.09,3.56,0.0,,,,,,Merkava_Mk.2B
spitfire_fr_mk14e_belgium,34.0,100.0,2.0,1.42,0.0,0.0,25.0,,,1.0,,0.0,0.0,,,,,,Spitfire_FR_Mk_XIVe
ju-88c-6,33.0,,,1.0,,1.0,0.0,,,,,,0.0,,,,,,Ju_88_C-6
sw_tgdgb_m40_lv,33.0,,,0.93,,0.07,34.0,0.0,0.28,0.27,2.74,2.58,0.0,,,,,,Lvtdgb_m/40
f4f-3,34.0,,,0.83,,2.56,2.0,100.0,1.0,,0.0,,0.0,,,,,,F4F-3
i-16_type24,32.0,100.0,4.0,2.0,0.0,0.0,0.0,,,,,,0.0,,,,,,I-16_type_24
ussr_m53_59,36.0,55.0,1.55,2.0,0.0,0.0,608.0,46.81,0.56,0.48,0.61,0.51,0.0,,,,,,M53/59
mig_23m,37.0,100.0,4.0,1.44,0.0,0.0,70.0,17.33,1.32,0.95,0.0,0.0,6.0,,,,,,MiG-23M
ussr_smk,33.0,66.67,0.0,0.0,0.94,1.56,10.0,,,,,,0.0,,,,,,SMK
jp_type_74_c,30.0,48.48,0.0,0.0,0.52,0.77,250.0,57.06,0.0,0.0,3.44,2.85,0.0,,,,,,Type_74_(C)
cn_m8_scott,33.0,100.0,0.0,0.0,2.37,2.68,0.0,,,,,,0.0,,,,,,M8_HMC_(China)
fr_amx_30_b2,35.0,94.44,0.0,0.0,3.14,2.56,182.0,76.89,0.0,0.0,2.4,1.77,0.0,,,,,,AMX-30B2
sw_leopard_2a6nl,32.0,88.67,0.0,0.0,2.49,3.76,106.0,10.92,0.0,0.0,2.17,1.26,0.0,,,,,,Leopard_2A6
fr_m4a4_sherman,30.0,50.0,0.0,0.0,5.74,5.74,118.0,88.82,0.0,0.0,6.61,4.57,0.0,,,,,,M4A4
fw-190a-5_cannons,34.0,100.0,3.86,2.88,2.0,0.5,0.0,,,,,,0.0,,,,,,Fw_190_A-5
us_m4a3e2_sherman_jumbo_cobra_king,31.0,,,0.0,,1.16,171.0,64.56,0.0,0.0,3.72,2.77,0.0,,,,,,Cobra_King
sw_l_62_anti_II,41.0,64.29,0.47,0.56,1.41,1.5,158.0,22.5,0.31,0.13,4.09,1.53,0.0,,,,,,L-62_ANTI_II
ussr_bmpt_72,26.0,42.86,0.0,0.0,0.9,3.12,1353.0,55.66,0.0,0.0,1.7,1.32,2.0,,,,,,БМПТ-72
ussr_t_64a_1971,33.0,0.0,0.0,0.0,1.56,0.78,892.0,47.01,0.0,0.0,2.3,1.91,64.0,84.17,0.0,0.0,4.82,4.25,T-64A_(1971)
ussr_2s19_m1,35.0,61.76,0.0,0.0,0.97,1.06,118.0,41.22,0.0,0.0,0.84,0.82,0.0,,,,,,2С19М1
germ_sdkfz_234_2,37.0,89.74,0.0,0.0,1.68,1.49,979.0,43.36,0.0,0.0,1.0,0.84,27.0,,,0.0,,1.67,Sd.Kfz.234/2
jp_m41_walker_bulldog,33.0,,,0.0,,0.1,399.0,43.65,0.05,0.05,2.19,2.34,0.0,,,,,,M41A1
germ_panzerjager_tiger_P_elefant,31.0,100.0,0.0,0.0,5.76,5.89,40.0,,,0.0,,6.38,0.0,,,,,,Elefant
j7w1,31.0,,,1.91,,0.0,360.0,68.59,0.98,0.96,2.46,2.39,0.0,,,,,,J7W1
uk_a30_challenger,31.0,60.15,0.0,0.0,1.73,3.53,122.0,58.05,0.0,0.0,2.14,1.64,0.0,,,,,,Challenger
douglas_ad_4_france,32.0,70.0,1.75,1.86,0.0,1.14,42.0,82.22,0.49,0.68,2.45,3.23,0.0,,,,,,AD-4
mosquito_nf_mk2,31.0,100.0,2.67,2.29,0.0,0.04,0.0,,,,,,0.0,,,,,,Mosquito_NF.Mk.II
fr_amx_elc_901,34.0,55.88,0.0,0.0,1.44,1.26,180.0,96.3,0.0,0.0,9.75,2.32,0.0,,,,,,ELC_901
germ_panzerjager_nashorn,33.0,0.0,0.0,0.0,1.29,1.83,15.0,0.0,0.0,0.0,2.33,1.53,0.0,,,,,,Nashorn
f4u-4,33.0,100.0,3.6,2.2,0.0,0.05,293.0,58.5,0.27,0.19,1.45,1.0,0.0,,,,,,F4U-4
cn_type_64,34.0,63.33,0.0,0.0,1.63,2.5,53.0,100.0,0.0,0.0,6.33,3.97,0.0,,,,,,M64
p-51k,32.0,90.0,1.2,1.21,0.0,0.0,4.0,66.67,1.0,1.0,2.3,2.3,0.0,,,,,,P-51K_(China)
p-51c-10-nt,33.0,,,3.89,,0.0,52.0,73.61,0.7,1.47,0.43,0.85,0.0,,,,,,P-51C-10
us_m1a2_abrams,36.0,43.75,0.0,0.0,2.31,1.54,754.0,45.39,0.0,0.0,3.12,2.14,0.0,,,,,,M1A2_Abrams
jp_type_89b_i_go_otsu,35.0,100.0,0.22,0.36,4.65,8.55,29.0,,,0.0,,4.0,0.0,,,,,,I-Go_Ko
germ_pzkpfw_IV_ausf_F,29.0,66.67,0.0,0.0,4.1,4.57,247.0,20.85,0.0,0.0,3.64,2.24,0.0,,,,,,Pz.IV_F1
a_10a_late,33.0,100.0,2.9,2.45,6.85,5.53,384.0,74.16,0.88,1.09,4.19,4.18,3.0,,,0.0,,2.0,A-10A_Late
ju-88a-4,29.0,100.0,0.75,0.36,2.95,2.74,0.0,,,,,,0.0,,,,,,Ju_88_A-4
spitfire_ix_usa,32.0,,,1.33,,0.0,207.0,63.18,1.08,1.45,1.11,1.45,10.0,,,,,,Spitfire_LF_Mk_IXc
f3d_1,27.0,38.89,1.6,1.33,0.0,0.0,253.0,56.73,0.45,0.44,1.4,1.54,0.0,,,,,,F3D-1
it_stug_III_ausf_G,30.0,100.0,0.0,0.0,1.83,1.83,34.0,100.0,0.0,0.0,3.53,3.93,0.0,,,,,,StuG_III_G
us_t92,31.0,61.54,0.21,0.21,0.85,1.0,628.0,50.53,0.0,0.0,1.28,0.97,0.0,,,,,,T92
sw_strv_101,31.0,0.0,0.0,0.0,1.06,1.03,302.0,45.12,0.0,0.0,1.8,1.31,0.0,,,,,,Strv_101
lightning_f6,27.0,78.57,1.0,1.0,0.0,0.0,43.0,77.27,1.55,1.92,1.05,1.33,21.0,,,1.86,,0.0,Lightning_F.6
il_m109a1,35.0,0.0,0.0,0.0,1.0,0.87,13.0,,,0.0,,0.0,0.0,,,,,,Rochev
cn_zts_63_1980,30.0,50.0,0.0,0.0,2.0,0.98,54.0,50.0,0.0,0.0,1.2,1.45,18.0,0.0,0.0,0.0,1.0,0.11,ZTS63
mb_326k,33.0,,,14.0,,0.0,373.0,85.6,2.38,2.14,2.76,2.61,0.0,,,,,,MB-326K
beaufighter_mk21,30.0,100.0,1.53,1.27,5.87,5.33,12.0,,,,,,0.0,,,,,,Beaufighter_Mk_21
cn_t_26_1940,30.0,100.0,0.0,0.0,4.63,4.93,0.0,,,,,,0.0,,,,,,T-26_(China)
il_2_m82,30.0,100.0,1.6,1.6,2.87,2.87,37.0,23.81,0.9,0.82,1.0,0.88,0.0,,,,,,IL-2_M-82
sw_cv_90120,24.0,66.67,0.0,0.0,2.7,3.2,276.0,50.45,0.0,0.0,1.85,1.76,0.0,,,,,,CV_90120
vg_33,31.0,100.0,2.61,3.0,0.0,0.0,0.0,,,,,,0.0,,,,,,V.G.33C-1
mosquito_tr_mk33,30.0,100.0,1.25,1.28,1.44,1.28,0.0,,,,,,0.0,,,,,,Mosquito_TR.Mk.33
us_m18_hellcat_black_cat,29.0,100.0,0.0,0.0,4.33,6.44,1147.0,77.86,0.0,0.0,3.08,2.8,2.0,0.0,0.0,0.0,2.0,2.0,"M18_""Black_Cat"""
sm_92,30.0,,,1.21,,0.67,27.0,,,1.0,,1.88,0.0,,,,,,SM.92
us_stingray,28.0,50.0,0.0,0.0,1.89,2.66,949.0,61.88,0.0,0.0,2.03,1.78,0.0,,,,,,Stingray
il_centurion_shot_kal_d,26.0,1.45,0.0,0.0,2.01,2.01,32.0,85.9,0.0,0.0,2.81,1.82,0.0,,,,,,Sho't_Kal_Dalet
f-82e,32.0,100.0,2.0,2.0,0.0,0.0,73.0,50.0,0.28,0.12,1.03,1.0,0.0,,,,,,F-82E
p-36c,31.0,,,1.22,,0.0,0.0,,,,,,0.0,,,,,,P-36C
ussr_bmp_2m,29.0,50.0,0.0,0.0,0.0,0.0,1445.0,45.39,0.0,0.0,1.18,0.84,2.0,,,0.0,,0.0,BMP-2M
fw_190a_5_u14,28.0,100.0,5.0,3.64,0.0,0.0,0.0,,,,,,0.0,,,,,,Fw_190_A-5/U14
f4u-1a,32.0,94.7,1.39,1.33,1.8,1.82,64.0,55.88,0.74,1.09,1.29,2.0,0.0,,,,,,F4U-1A
il_2_1941,29.0,100.0,3.07,2.32,2.53,2.72,3.0,,,,,,0.0,,,,,,IL-2_(1941)
germ_flakpz_1a2_Gepard,26.0,,,1.0,,0.87,340.0,33.96,1.12,0.61,1.05,0.57,0.0,,,,,,Gepard_1A2
spitfire_ix_early,30.0,91.11,7.97,6.67,0.19,0.22,265.0,72.15,2.16,2.34,1.2,1.33,0.0,,,,,,Spitfire_F_Mk_IX
germ_m44,31.0,100.0,0.0,0.0,3.0,3.27,78.0,50.93,0.0,0.0,0.72,0.7,0.0,,,,,,M44
uk_concept3_ngac,31.0,50.0,0.0,0.0,0.5,0.5,149.0,70.24,0.0,0.0,2.44,1.69,0.0,,,,,,Concept_3
ussr_2s1,35.0,57.14,0.0,0.0,1.23,0.87,180.0,47.11,0.24,0.2,1.57,1.19,0.0,,,,,,2S1
ussr_isu_122s,28.0,20.59,0.0,0.0,1.0,1.41,51.0,100.0,0.0,0.0,2.0,1.4,0.0,,,,,,ISU-122S
typhoon_mk1b_late,28.0,71.43,3.0,3.5,1.3,1.5,194.0,74.71,1.96,2.24,2.17,2.26,10.0,,,,,,Typhoon_Mk_Ib/L
pv_2d,29.0,50.0,0.5,0.5,3.5,3.5,151.0,40.57,0.8,0.84,3.41,3.59,14.0,,,1.17,,1.17,PV-2D
jp_type_10,32.0,50.0,0.0,0.0,3.67,3.67,359.0,60.49,0.0,0.0,4.38,2.33,0.0,,,,,,Type_10
cn_ztl_11,28.0,,,0.0,,1.5,173.0,49.52,0.0,0.0,1.46,1.22,0.0,,,,,,ZLT11
uk_challenger_1,29.0,100.0,1.0,0.2,6.2,2.77,439.0,44.98,0.0,0.0,2.66,1.52,0.0,,,,,,Challenger_Mk.2
il_magach_6b_gal_batash,30.0,53.57,0.0,0.0,1.56,1.56,96.0,84.09,0.0,0.0,4.44,4.13,0.0,,,,,,Gal_Batash
wm_23,27.0,,,1.21,,0.0,27.0,100.0,2.0,1.92,1.0,0.9,0.0,,,,,,◔WM-23
bf-109g-2_finland,28.0,50.0,0.0,0.0,1.5,3.0,22.0,100.0,1.71,1.71,1.07,0.94,0.0,,,,,,Bf_109_G-2
su_25t,28.0,,,0.12,,0.42,267.0,66.86,0.35,0.41,4.39,4.8,17.0,0.0,1.0,1.0,3.0,2.75,Su-25T
us_m60_120s,30.0,100.0,0.0,0.0,2.0,2.0,320.0,53.77,0.0,0.0,2.71,2.89,2.0,,,0.0,,0.0,120S
us_m19,28.0,100.0,1.0,0.25,1.67,1.15,57.0,0.0,0.05,0.02,0.0,0.41,0.0,,,,,,M19A1
fw-190f-8,29.0,100.0,6.0,3.89,2.86,1.83,112.0,41.07,0.86,0.77,1.99,1.74,17.0,,,1.24,,1.24,Fw_190_F-8
f_14b,30.0,0.0,1.0,1.0,0.0,0.0,157.0,47.64,1.24,1.61,0.12,0.11,24.0,,,,,,F-14B
germ_leopard_2a5_pso,30.0,66.67,0.0,0.0,2.17,2.08,654.0,45.04,0.0,0.0,2.25,1.86,0.0,,,,,,Leopard_2_PSO
me-262a-1a,27.0,100.0,4.0,,0.0,,64.0,50.0,0.5,0.7,0.0,0.0,0.0,,,,,,Me_262_A-1a
us_m26_t99,29.0,100.0,0.0,0.0,9.0,7.88,34.0,100.0,0.0,0.0,2.74,2.57,0.0,,,,,,M26_T99
ki-27_otsu,26.0,,,,,,0.0,,,,,,0.0,,,,,,Ki-27_otsu
cn_mbt2000,30.0,50.0,0.0,0.0,1.31,2.23,338.0,53.08,0.0,0.0,2.32,1.47,26.0,,,0.0,,1.0,MBT-2000
il_magach_7c,29.0,53.57,0.0,0.0,1.09,1.12,28.0,100.0,0.0,0.0,4.0,3.43,0.0,,,,,,Magach_7C
germ_sturmpanzer_IV_brummbar,28.0,100.0,0.0,0.0,3.0,3.0,22.0,,,0.0,,1.0,2.0,,,0.0,,1.0,Brummbär
ussr_is_3,29.0,70.0,0.5,1.0,1.75,2.88,217.0,39.63,0.0,0.0,2.67,2.18,0.0,,,,,,IS-3
uk_a30_sp_avenger,27.0,,,,,,209.0,77.57,0.0,0.0,4.67,3.37,0.0,,,,,,Avenger
tbf-1c,27.0,,,0.0,,2.17,0.0,,,,,,0.0,,,,,,TBF-1C
sw_pvkv_m43_1963,27.0,0.0,0.0,0.0,1.0,0.22,99.0,65.0,0.0,0.0,0.92,1.25,0.0,,,,,,Pvkv_m/43_(1963)
b_25j_1,27.0,,,,,,0.0,,,,,,0.0,,,,,,B-25J-1
me_210ca_1_hungary,24.0,100.0,3.0,2.91,2.05,2.07,7.0,100.0,5.5,,2.0,,0.0,,,,,,◔Me_210_Ca-1
uk_a_33_excelsior,31.0,100.0,0.0,0.0,9.8,9.8,77.0,58.79,0.0,0.0,4.12,5.23,0.0,,,,,,Excelsior
spitfire_xvi,26.0,80.0,2.8,3.5,1.0,1.3,4.0,,,,,,0.0,,,,,,Spitfire_F_Mk_XVI
sea_fury_fb51,24.0,70.0,2.1,2.07,0.0,0.0,45.0,50.0,0.5,0.67,0.5,2.11,0.0,,,,,,◘Sea_Fury_FB.51
us_m8a1,21.0,62.67,0.12,0.18,3.52,5.62,75.0,66.67,0.0,0.0,4.34,2.8,0.0,,,,,,M8A1_GMC
it_m15_42_contraereo,25.0,50.0,1.5,3.0,0.5,1.0,242.0,34.17,2.19,1.4,0.45,0.23,0.0,,,,,,M42_Contraereo
lagg-3-66,25.0,,,1.24,,0.0,0.0,,,,,,0.0,,,,,,LaGG-3-66
ussr_kv_2_1939,27.0,100.0,0.0,0.0,7.0,3.21,87.0,86.11,0.0,0.0,4.82,2.64,0.0,,,,,,KV-2_(1939)
f-100d_france,26.0,50.0,0.83,1.0,0.0,0.0,0.0,,,,,,0.0,,,,,,F-100D
it_vcc_80_hitfist_60,24.0,28.57,0.0,0.0,0.79,1.4,269.0,65.22,0.0,0.0,1.15,1.2,12.0,0.0,0.0,0.0,1.0,1.0,VCC-80/60
firefly_mk4_netherlands,26.0,100.0,3.08,2.54,2.62,2.29,20.0,50.0,0.2,0.4,0.43,0.85,0.0,,,,,,◘Firefly_F.Mk.IV
p-63a-5,25.0,22.92,1.09,1.25,0.23,0.31,5.0,,,,,,0.0,,,,,,P-63A-5
xp-50,25.0,,,2.6,,0.0,61.0,80.87,1.34,1.73,0.73,0.96,0.0,,,,,,XP-50
germ_pzkpfw_38t_Marder_III,25.0,,,,,,11.0,,,0.0,,0.0,0.0,,,,,,Marder_III
fr_m4a3_105_sherman,27.0,50.0,0.0,0.0,1.0,1.3,54.0,,,0.0,,4.22,0.0,,,,,,M4A3_(105)
ussr_2s38,27.0,63.33,0.3,0.68,0.5,1.08,2081.0,54.08,0.09,0.09,1.16,0.92,22.0,,,0.0,,0.0,2S38
bf-109g-14,25.0,100.0,1.17,2.0,1.0,2.0,101.0,47.1,1.53,2.09,0.42,0.54,13.0,,,1.92,,0.0,Bf_109_G-14
uk_fv107_scimitar,27.0,100.0,0.0,0.0,0.0,0.61,111.0,60.98,0.0,0.0,1.73,1.71,0.0,,,,,,Scimitar
germ_thyssen_henschel_tam,25.0,0.0,0.0,,1.58,,1090.0,41.18,0.0,0.0,1.36,1.33,7.0,0.0,0.0,0.0,2.0,0.8,TAM
bf-109g-2_hungary,24.0,,,6.79,,0.0,0.0,,,,,,0.0,,,,,,◐Bf_109_G-2
me-410a-1,25.0,100.0,0.0,0.0,9.82,5.29,40.0,46.43,0.0,0.0,0.64,0.93,0.0,,,,,,Me_410_A-1
f_111f,25.0,60.0,0.4,0.22,6.2,4.58,29.0,50.0,2.0,4.0,1.39,2.79,1.0,,,,,,F-111F
it_as_42_47,26.0,,,0.0,,1.64,2.0,,,,,,0.0,,,,,,AS_42/47
ki_84_ko,24.0,,,,,,80.0,100.0,2.83,3.87,1.64,1.88,0.0,,,,,,Ki-84_ko
il-10_1946,24.0,53.13,0.59,1.07,1.19,2.12,9.0,,,,,,0.0,,,,,,IL-10_(1946)
it_2s1,25.0,,,0.0,,1.62,89.0,65.97,0.0,0.0,0.57,0.43,0.0,,,,,,◔2S1
ussr_zsu_23_4m4,26.0,12.5,3.25,3.5,0.88,1.0,424.0,31.66,0.7,0.5,0.05,0.05,2.0,100.0,1.0,1.0,0.0,0.0,ZSU-23-4M4
he_112b_0,25.0,,,1.0,,0.0,0.0,,,,,,0.0,,,,,,He_112_B-0
uk_chieftain_mk_5,27.0,100.0,0.0,0.0,4.0,3.69,101.0,86.11,0.0,0.0,3.84,3.64,0.0,,,,,,Chieftain_Mk_5
il_tcm_20,25.0,,,,,,12.0,0.0,0.0,0.0,0.0,0.0,0.0,,,,,,TCM-20
il_m109,23.0,,,0.0,,1.43,28.0,100.0,0.0,0.0,3.0,1.23,0.0,,,,,,M109_(Israel)
ussr_is_2_1943,26.0,20.83,0.0,0.0,2.48,2.96,723.0,53.46,0.0,0.0,1.62,1.63,0.0,,,,,,IS-2
q_5a,25.0,100.0,4.0,,9.64,,15.0,53.33,0.0,0.0,0.53,1.0,0.0,,,,,,Q-5A
mig-17_cuba,25.0,100.0,9.0,9.0,6.0,6.0,0.0,,,,,,0.0,,,,,,MiG-17AS
f-84b,21.0,100.0,4.5,2.75,16.92,10.96,131.0,39.22,1.06,0.76,1.08,1.38,0.0,,,,,,F-84B-26
us_m4a2_1944_germ,24.0,100.0,0.0,0.0,10.0,5.0,2.0,,,,,,0.0,,,,,,M4_748_(a)
re_2001_serie1_ep,23.0,100.0,3.0,3.0,0.0,0.0,0.0,,,,,,0.0,,,,,,Re.2001_gruppo_22
us_m4_t26,24.0,100.0,0.0,,7.86,,267.0,53.07,0.0,0.0,1.72,1.32,26.0,100.0,0.0,0.0,3.67,2.41,M4/T26
ki_44_1,22.0,,,,,,0.0,,,,,,0.0,,,,,,Ki-44-I
ussr_t_34_85_zis_53_kit_3rank,22.0,100.0,0.0,0.0,3.6,3.6,316.0,67.76,0.0,0.0,3.02,2.55,12.0,,,0.0,,2.17,Т-34-85_('45)
it_centauro_2,22.0,100.0,0.0,0.0,2.0,2.0,54.0,76.81,0.0,0.0,2.19,1.93,0.0,,,,,,Centauro_II_(P)
f_15a,25.0,0.0,1.0,1.14,2.0,1.0,134.0,44.39,1.29,1.33,0.07,0.1,0.0,,,,,,F-15A
il_merkava_mk_1b,26.0,60.0,0.0,0.0,2.4,2.33,192.0,57.55,0.0,0.0,2.23,2.37,0.0,,,,,,Merkava_Mk.1B
cn_t_80ud_478be,24.0,50.0,0.0,0.0,1.5,1.5,72.0,79.41,0.0,0.0,1.71,1.13,7.0,,,0.0,,2.0,T-80UD/BE
yak-17,25.0,0.0,2.0,2.0,0.0,0.0,0.0,,,,,,0.0,,,,,,Yak-17
yak-9p,24.0,77.08,4.29,2.82,0.0,0.0,86.0,69.23,2.31,,0.83,,0.0,,,,,,Yak-9P
il-10_1946_hungary,22.0,,,0.5,,0.83,7.0,,,0.0,,4.0,0.0,,,,,,◔IL-10
ussr_is_4m,26.0,,,0.0,,3.36,103.0,60.0,0.0,0.0,4.25,3.73,0.0,,,,,,IS-4M
f-4e,23.0,33.33,1.0,0.93,0.7,0.82,314.0,49.53,1.67,1.85,0.27,0.29,20.0,,,0.0,,1.06,F-4E_Phantom_II
mig-21_bis,28.0,50.0,2.5,1.42,1.0,0.42,14.0,100.0,0.0,0.0,0.0,0.0,0.0,,,,,,MiG-21bis
yak-9p_hungary,22.0,,,1.8,,0.0,12.0,0.0,0.0,0.0,1.0,1.0,0.0,,,,,,◔Yak-9P
ussr_2s19_m2,26.0,50.0,0.0,0.0,0.5,0.5,65.0,25.59,0.0,0.0,1.56,0.74,0.0,,,,,,2С19М2
cn_m24_chaffee,23.0,,,0.0,,0.0,99.0,100.0,0.0,0.0,4.0,1.81,0.0,,,,,,M24_(China)
sw_t_72m1,22.0,,,0.0,,1.44,454.0,62.02,0.0,0.0,2.15,1.96,0.0,,,,,,T-72M1
jp_type_74_red_star,21.0,39.58,0.0,0.0,0.25,0.25,495.0,57.68,0.0,0.0,1.76,1.38,0.0,,,,,,Type_74_Red_Star
i-153_m62_china,23.0,100.0,4.13,4.09,2.0,2.0,0.0,,,,,,0.0,,,,,,I-153_M-62_(China)
cw_21,23.0,100.0,2.0,2.0,1.0,1.0,0.0,,,,,,0.0,,,,,,CW-21
f-5c,23.0,100.0,0.05,0.05,4.76,4.76,213.0,49.06,1.4,1.98,0.4,0.56,2.0,,,0.0,,0.0,F-5C
fr_panhard_ebr_1954,25.0,76.47,0.0,0.0,2.24,2.24,73.0,80.39,0.0,0.0,4.68,4.67,0.0,,,,,,E.B.R._(1954)
h-75m_china,23.0,100.0,3.09,3.09,0.0,0.0,3.0,,,1.0,,0.0,0.0,,,,,,H-75M_(China)
us_m3_stuart,23.0,100.0,0.0,0.0,4.0,3.82,0.0,,,,,,0.0,,,,,,M3_Stuart
il-10,23.0,50.0,0.5,1.16,1.83,3.53,11.0,,,0.0,,0.0,0.0,,,,,,IL-10
ki_43_3_ko,23.0,100.0,3.0,3.0,0.0,0.0,0.0,,,,,,0.0,,,,,,Ki-43-III_ko_(China)
f8f1b_france,21.0,70.0,3.2,3.13,0.0,0.0,76.0,98.81,0.68,0.69,3.24,3.19,0.0,,,,,,F8F-1B
germ_kv_2_754r,22.0,95.0,0.0,0.0,2.0,3.2,75.0,8.48,0.0,0.0,8.1,4.01,0.0,,,,,,KW_II_754_(r)
mig-21_f13,22.0,100.0,2.0,1.59,0.0,0.0,33.0,,,,,,0.0,,,,,,MiG-21F-13
f-8e,24.0,73.08,1.81,1.81,0.27,0.27,11.0,,,0.91,,0.0,0.0,,,,,,F-8E
hunter_f6,21.0,50.0,0.5,1.0,0.0,0.0,129.0,50.58,2.02,2.87,1.37,2.02,0.0,,,,,,Hunter_F.6
su_25sm3,22.0,16.67,0.83,0.85,0.17,0.15,28.0,100.0,1.4,1.4,2.2,2.2,0.0,,,,,,Su-25SM3
ussr_btr_80a,23.0,,,,,,637.0,53.0,0.0,0.0,1.18,0.83,0.0,,,,,,BTR-80A
uk_ttd,22.0,21.43,0.0,0.0,0.21,0.21,134.0,80.11,0.0,0.0,5.3,3.21,0.0,,,,,,TTD
ussr_zsu_23_4,25.0,0.0,0.0,0.0,0.0,0.0,245.0,17.23,0.24,0.23,0.05,0.05,0.0,,,,,,ZSU-23-4
ki-27_otsu_ep,21.0,100.0,7.0,6.7,0.0,0.0,0.0,,,,,,0.0,,,,,,Ki-27_otsu_Tachiarai
mc-202_d,22.0,,,,,,1.0,,,1.0,,0.0,0.0,,,,,,C._202D
it_m26a1_pershing,20.0,100.0,0.0,0.0,4.44,4.44,50.0,53.57,0.0,0.0,2.11,1.93,0.0,,,,,,M26A1
f-89b,22.0,100.0,11.38,11.38,0.06,0.06,84.0,85.83,1.01,1.09,0.79,0.88,0.0,,,,,,F-89B
spitfire_mk5b_italy,21.0,,,4.38,,0.0,14.0,,,1.18,,1.0,11.0,,,1.4,,0.0,Spitfire_Mk_Vb/trop
us_m46_patton_73_armor_bat,21.0,100.0,0.0,0.0,4.0,2.75,375.0,76.03,0.02,0.02,3.39,2.34,0.0,,,,,,"M46_""Tiger"""
bf-109g-6_erla_finland,23.0,,,1.0,,0.0,65.0,77.16,1.89,2.29,0.66,0.66,0.0,,,,,,Bf_109_G-6_Erla
su_25,23.0,100.0,1.0,1.0,1.0,1.87,361.0,49.08,0.56,0.49,1.33,1.28,15.0,,,0.0,,0.0,Su-25
us_m2a4,21.0,66.67,0.0,0.0,3.33,5.0,22.0,,,0.0,,3.36,0.0,,,,,,M2A4
p-63c-5_ussr,24.0,50.0,2.0,2.0,0.0,0.0,27.0,100.0,1.83,0.52,4.17,1.9,0.0,,,,,,P-63C-5
bf-109f-4_hungary,20.0,100.0,11.0,10.83,0.0,0.0,75.0,85.0,1.65,2.44,1.0,3.26,0.0,,,,,,◐Bf_109_F-4
la-11_china,20.0,,,1.88,,0.0,7.0,,,2.0,,0.0,0.0,,,,,,La-11_(China)
germ_flakpanzer_IV_Ostwind_2,21.0,0.0,1.2,1.2,0.4,0.4,263.0,22.96,1.13,0.61,0.04,0.04,18.0,100.0,1.0,1.0,0.0,0.0,Ostwind_II
f8f1b,21.0,,,1.6,,0.0,1002.0,78.77,0.7,0.58,2.15,1.83,0.0,,,,,,F8F-1B
cn_hq_17,23.0,41.67,0.69,1.0,0.0,0.0,20.0,,,,,,0.0,,,,,,HQ17
cn_ztz_96a_prot,22.0,50.0,0.0,0.0,0.64,1.27,541.0,50.0,0.0,0.0,2.01,1.57,7.0,100.0,0.0,0.0,1.0,1.0,ZTZ96A_(P)
ju-88a-4_finland,23.0,0.0,0.0,0.0,1.26,1.26,0.0,,,,,,0.0,,,,,,Ju_88_A-4
jp_type_98_ke_ni,24.0,100.0,0.0,0.0,4.37,8.0,26.0,23.33,0.0,0.0,1.9,2.88,0.0,,,,,,Ke-Ni
do_217e_4,22.0,100.0,0.0,0.0,5.92,5.92,0.0,,,,,,0.0,,,,,,Do_217_E-4
uk_ac4_thunderbolt,20.0,100.0,0.0,0.0,3.0,3.08,168.0,53.89,0.0,0.0,2.65,1.47,12.0,100.0,0.0,0.0,4.0,4.0,A.C.IV
corsair_fmk2,21.0,100.0,2.5,3.0,2.21,3.0,2.0,,,,,,0.0,,,,,,Corsair_F_Mk_II
p-38j_marge,22.0,100.0,1.0,1.5,1.0,1.5,14.0,100.0,2.36,,1.14,,4.0,100.0,1.0,0.5,3.0,1.5,Bong's_P-38J-15
yak-30d,20.0,100.0,2.0,1.82,1.0,0.47,0.0,,,,,,0.0,,,,,,Yak-30D
sw_pbil_m40,22.0,100.0,0.0,0.0,2.0,1.0,2.0,,,0.0,,2.0,0.0,,,,,,Pbil_m/40
f4u-1a_usmc,23.0,88.89,2.11,2.11,0.89,0.89,16.0,,,,,,0.0,,,,,,F4U-1A_(USMC)
pyorremyrsky,20.0,,,5.64,,0.0,179.0,100.0,4.89,4.52,3.09,2.94,4.0,,,0.5,,0.0,VL_Pyörremyrsky
tu_14t,20.0,100.0,0.25,0.25,1.25,1.05,7.0,50.0,0.0,0.0,0.0,0.0,0.0,,,,,,Tu-14T
tempest_mk2,21.0,100.0,1.0,1.54,4.0,0.89,11.0,,,,,,0.0,,,,,,Tempest_Mk_II
f6f-5_france,22.0,85.71,1.0,1.0,2.36,2.2,93.0,75.0,1.35,0.92,3.95,2.79,0.0,,,,,,F6F-5
uk_fv4202,21.0,,,0.0,,1.0,177.0,54.78,0.0,0.0,2.18,1.15,10.0,,,0.0,,0.0,FV4202
sb2c_5_thailand,22.0,100.0,0.42,0.38,2.11,2.0,75.0,53.33,1.44,1.83,5.38,6.38,0.0,,,,,,SB2C-5
ussr_su_100_1945,22.0,74.36,0.0,0.0,1.19,1.82,230.0,54.94,0.0,0.0,1.98,1.34,0.0,,,,,,SU-100
uk_vickers_mk_11,22.0,100.0,0.0,0.0,1.0,1.0,236.0,85.68,0.0,0.0,2.73,1.85,0.0,,,,,,Vickers_Mk.11
it_m55,20.0,100.0,0.0,0.0,1.0,1.0,21.0,0.0,0.0,0.0,1.0,0.71,0.0,,,,,,M55
ussr_t_44_122,19.0,,,0.0,,1.5,38.0,18.42,0.0,0.0,1.89,1.55,0.0,,,,,,T-44-122
it_zsu_57_2,20.0,50.0,0.5,0.2,0.5,1.0,206.0,68.39,0.0,0.0,1.57,0.86,0.0,,,,,,◔ZSU-57-2
il_aml_90,21.0,,,0.0,,0.67,174.0,56.37,0.0,0.0,1.59,1.02,0.0,,,,,,AML-90_(Israel)
cn_ztz_88b,20.0,,,,,,194.0,44.35,0.0,0.0,2.6,1.69,0.0,,,,,,ZTZ88B
cn_ztz_88a,20.0,,,0.0,,1.0,117.0,75.33,0.0,0.0,4.18,2.69,4.0,100.0,0.0,0.0,3.0,3.0,ZTZ88A
f_47n_25_re_china,18.0,50.0,0.72,0.72,5.94,5.94,18.0,0.0,0.0,0.0,1.0,1.0,0.0,,,,,,F-47N-25-RE_(China)
us_m26_pershing,21.0,100.0,0.0,0.0,2.17,2.17,140.0,50.0,0.0,0.0,3.38,1.96,99.0,82.22,0.0,0.0,4.64,3.27,M26
ki_10_1,21.0,,,,,,0.0,,,,,,0.0,,,,,,Ki-10-I
pe-3_early,21.0,100.0,0.79,0.86,2.43,2.0,9.0,,,,,,0.0,,,,,,Pe-3_(e)
ef_2000_typhoon_aesa,20.0,,,2.0,,0.0,260.0,67.46,2.26,2.04,0.18,0.2,6.0,0.0,1.0,1.0,1.0,1.0,Typhoon_(AESA)
germ_pzkpfw_III_ausf_J_L42,19.0,89.47,0.0,0.0,2.58,2.89,12.0,,,0.0,,3.75,0.0,,,,,,Pz.III_J
f-5e_switzerland,20.0,94.44,0.94,0.45,0.94,0.45,54.0,64.29,1.64,1.48,0.36,0.3,0.0,,,,,,◌F-5E
su_25k,20.0,,,1.0,,0.0,625.0,54.03,0.34,0.4,1.51,1.7,0.0,,,,,,Su-25K
sw_sav_m43_1946,19.0,,,0.0,,1.0,6.0,,,0.0,,0.5,0.0,,,,,,Sav_m/43_(1946)
sw_strv_81,20.0,,,,,,158.0,46.2,0.0,0.0,0.88,0.77,0.0,,,,,,Strv_81
us_t34,20.0,0.0,0.0,0.0,3.0,1.07,545.0,51.78,0.01,0.01,3.94,1.88,0.0,,,,,,T34
bf-109e-3,20.0,,,2.55,,0.0,42.0,100.0,0.0,0.39,0.0,0.61,0.0,,,,,,Bf_109_E-3
re_2002_early,19.0,,,0.0,,0.0,10.0,0.0,0.0,0.0,0.25,0.13,0.0,,,,,,Re.2002_Early
tu-2_postwar_late,22.0,29.17,0.0,0.0,1.17,1.17,139.0,79.17,0.63,0.73,4.35,5.11,0.0,,,,,,Tu-2S-59
wellington_mk1c_luftwaffe,18.0,,,1.0,,22.0,0.0,,,,,,0.0,,,,,,Wellington_Mk_Ic
uk_valentine_mk_9,19.0,100.0,0.0,,4.95,,0.0,,,,,,0.0,,,,,,Valentine_IX
us_lvt_a1_m24,18.0,100.0,0.0,0.0,4.0,4.44,0.0,,,,,,0.0,,,,,,LVT(A)(1)_(M24)
us_m46_patton,19.0,100.0,0.0,0.0,3.89,4.24,671.0,60.5,0.0,0.0,3.46,2.56,0.0,,,,,,M46
bf-109g-10,20.0,100.0,1.0,0.4,0.67,2.0,8.0,0.0,1.0,1.0,0.0,0.0,15.0,,,1.2,,0.0,Bf_109_G-10
p-51d-10,18.0,100.0,1.0,4.0,0.0,0.0,45.0,9.62,3.06,3.54,0.42,0.62,13.0,,,4.0,,0.0,P-51D-10
do_217e_2,21.0,100.0,0.0,0.0,8.29,4.33,3.0,,,0.0,,1.0,0.0,,,,,,Do_217_E-2
uk_a_34_comet,19.0,50.0,0.0,0.0,1.34,2.68,101.0,67.24,0.0,0.0,1.95,1.61,0.0,,,,,,Comet_I
f6f-5n_france,20.0,,,1.0,,1.0,8.0,50.0,0.17,0.1,1.5,1.7,0.0,,,,,,F6F-5N
f-5a,20.0,,,,,,0.0,,,,,,0.0,,,,,,F-5A
p-51d-30_usaaf_korea,20.0,100.0,2.69,2.74,0.0,0.0,148.0,59.47,1.47,2.05,1.07,1.64,81.0,77.27,11.73,3.03,0.0,0.0,P-51D-30
ki_43_2,18.0,,,1.44,,0.0,0.0,,,,,,20.0,,,,,,Ki-43-II
spitfire_mk1,18.0,100.0,15.4,,0.0,,0.0,,,,,,0.0,,,,,,Spitfire_Mk_Ia
sw_veak_40,18.0,0.0,1.0,1.0,0.0,0.0,239.0,21.78,0.24,0.17,0.66,0.45,0.0,,,,,,VEAK_40
germ_stug_III_ausf_F,18.0,0.0,0.0,0.0,1.0,1.0,64.0,37.5,0.0,0.0,2.41,2.77,0.0,,,,,,StuG_III_F
ussr_object_140,20.0,9.38,0.0,0.0,1.72,1.72,271.0,52.0,0.0,0.0,2.87,2.33,2.0,,,,,,Object_140
sw_ikv_91,18.0,50.0,0.0,0.0,0.5,1.0,332.0,49.54,0.0,0.0,2.36,1.15,0.0,,,,,,Ikv_91
jp_st_a3,18.0,,,0.0,,1.0,240.0,54.63,0.0,0.0,2.84,2.21,0.0,,,,,,ST-A3
fr_arl_44,19.0,0.0,0.0,0.0,1.0,0.79,289.0,52.94,0.0,0.0,1.78,1.56,0.0,,,,,,ARL-44
jp_m44,20.0,100.0,0.0,0.0,1.43,1.43,85.0,48.89,0.0,0.0,1.25,1.25,0.0,,,,,,M44
us_m4a3e2_sherman_jumbo,21.0,0.0,0.0,0.0,0.0,0.0,278.0,44.14,0.0,0.0,3.3,2.05,0.0,,,,,,M4A3E2
bf-110c-4,17.0,100.0,2.0,,8.0,,14.0,,,0.0,,1.0,0.0,,,,,,Bf_110_C-7
cn_m41_a3_walker_bulldog,21.0,50.0,0.0,0.0,0.45,0.91,88.0,50.0,0.0,0.0,2.61,2.14,0.0,,,,,,M41A3_(China)
sw_strv_m41_s2,18.0,100.0,0.0,0.0,0.39,0.39,48.0,,,0.0,,0.13,0.0,,,,,,Strv_m/41_S-II
a7m1,18.0,,,1.0,,0.0,95.0,60.83,2.52,3.18,2.21,2.84,13.0,,,2.38,,0.0,A7M1_(NK9H)
ki_61_1a_otsu_usa,16.0,50.0,6.5,6.5,0.0,0.0,16.0,100.0,0.0,0.0,1.0,1.0,0.0,,,,,,Ki-61-Ib
fr_vab_santal,18.0,100.0,2.0,,1.0,,125.0,53.57,0.71,0.47,0.0,0.0,0.0,,,,,,SANTAL
p-63a-10_ussr,19.0,,,,,,83.0,84.72,0.45,0.42,2.85,2.72,0.0,,,,,,P-63A-10
sw_strv_122b_plss,19.0,86.67,0.0,0.0,5.13,5.73,160.0,37.21,0.0,0.0,2.93,2.26,0.0,,,,,,Strv_122B_PLSS
a_7e,17.0,100.0,0.0,0.0,3.0,2.29,6.0,100.0,0.0,0.0,2.0,2.0,0.0,,,,,,A-7E
germ_leopard_2pl,17.0,89.29,0.0,0.0,3.57,4.0,1125.0,43.87,0.0,0.0,1.52,1.16,0.0,,,,,,Leopard_2_PL
me-410b-6_r3,18.0,,,0.0,,2.06,7.0,,,,,,0.0,,,,,,Me_410_B-6/R3
d_520_france,18.0,85.71,2.36,2.36,0.36,0.36,108.0,60.89,1.28,2.11,0.0,0.0,0.0,,,,,,D.520
germ_pzkpfw_III_ausf_E,21.0,52.38,0.47,0.5,5.79,6.0,0.0,,,,,,0.0,,,,,,Pz.III_E
germ_mkpz_super_m48,17.0,,,,,,198.0,79.11,0.0,0.0,6.3,3.46,39.0,20.59,0.0,0.0,1.02,1.08,M48_Super
us_m1_abrams,19.0,100.0,0.0,0.0,1.93,1.93,1830.0,54.07,0.0,0.0,2.38,1.93,4.0,100.0,0.0,0.0,4.0,4.0,M1_Abrams
fr_amx_elc_bis,18.0,,,0.0,,1.5,340.0,55.35,0.0,0.0,1.3,1.11,0.0,,,,,,ELC_bis
fr_amx_30_super,23.0,100.0,0.0,0.0,2.8,0.59,560.0,67.23,0.0,0.0,3.74,2.84,0.0,,,,,,AMX-30_Super
il_centurion_mk_5_shot,17.0,100.0,0.0,0.0,1.0,1.0,91.0,22.22,0.0,0.0,2.78,1.04,0.0,,,,,,Sho't
a6m2_zero,19.0,,,5.0,,0.0,0.0,,,,,,0.0,,,,,,A6M2
f7f1,16.0,100.0,2.0,2.0,0.0,0.13,104.0,94.78,0.4,0.4,2.82,1.73,0.0,,,,,,F7F-1
germ_pzkpfw_Maus,18.0,,,,,,400.0,49.28,0.0,0.0,9.02,5.36,12.0,,,,,,Maus
it_44m_zrinyi_1,17.0,100.0,0.0,0.0,2.0,1.5,13.0,,,,,,0.0,,,,,,Zrinyi_I
p-26a_34_m2,17.0,,,2.24,,0.0,8.0,,,0.0,,0.0,0.0,,,,,,P-26A-34_M2
ussr_pantsyr_s1,18.0,0.0,1.83,1.83,0.0,0.0,401.0,33.51,1.87,0.66,0.0,0.0,0.0,,,,,,Pantsir-S1
p-51d-5,18.0,50.0,0.88,1.05,2.0,1.1,69.0,0.0,1.31,0.37,2.54,1.28,0.0,,,,,,P-51D-5
cn_plz_05,18.0,,,0.0,,0.67,166.0,53.57,0.0,0.0,2.04,2.02,0.0,,,,,,PLZ05
us_xm1_gm,18.0,100.0,0.0,0.0,2.0,2.11,1128.0,53.37,0.0,0.0,2.35,1.68,0.0,,,,,,XM1_(GM)
jp_st_b1,18.0,50.0,0.0,0.0,1.0,1.06,211.0,69.71,0.0,0.0,4.93,2.23,0.0,,,,,,STB-2
su_17m4,19.0,100.0,0.0,,3.25,,52.0,50.0,1.5,0.1,3.0,0.33,68.0,52.22,1.0,0.97,1.1,1.02,Su-17M4
fr_amx_30_1972,17.0,0.0,0.0,0.0,1.0,1.0,201.0,74.15,0.0,0.0,2.21,2.84,0.0,,,,,,AMX-30_(1972)
su_24m,17.0,0.0,0.0,0.0,0.0,0.35,127.0,59.33,0.0,0.0,3.66,3.57,8.0,,,,,,Су-24М
us_m1296_dragoon,18.0,,,,,,191.0,66.11,0.0,0.0,1.62,0.74,0.0,,,,,,M1296
wellington_mk1c_late,18.0,,,0.0,,0.0,0.0,,,,,,0.0,,,,,,Wellington_Mk_Ic/L
mirage_f1c_200,14.0,50.0,6.3,7.0,2.2,2.4,1025.0,55.04,1.11,1.38,0.43,0.5,107.0,100.0,8.29,1.87,0.0,0.0,Mirage_F1C-200
wyvern_s4,17.0,100.0,1.67,2.94,7.67,3.59,282.0,65.25,1.06,0.67,5.82,3.74,2.0,,,,,,Wyvern_S4
tu-2,17.0,50.0,0.0,0.0,1.65,3.29,76.0,92.53,0.0,0.0,3.13,2.66,8.0,,,0.0,,1.0,Tu-2S
a_7d,16.0,100.0,0.0,0.0,2.0,1.69,43.0,93.75,1.38,1.38,2.81,2.81,0.0,,,,,,A-7D
uk_challenger_2_megatron,18.0,,,,,,1082.0,53.09,0.0,0.0,2.37,1.88,0.0,,,,,,Challenger_2_OES
uk_chieftain_mk_3,19.0,100.0,0.0,0.0,4.67,3.0,133.0,37.11,0.0,0.0,2.06,3.29,0.0,,,,,,Chieftain_Mk_3
buccaneer_s2,16.0,,,,,,27.0,72.0,0.0,0.0,1.44,1.36,0.0,,,,,,Buccaneer_S.2
f9f-5,14.0,56.67,2.52,2.23,0.0,0.0,6.0,,,,,,0.0,,,,,,F9F-5
germ_th_400,16.0,,,0.0,,1.0,138.0,47.33,0.0,0.0,2.57,1.42,0.0,,,,,,R400
ussr_2s25m,17.0,,,0.0,,2.0,708.0,50.23,0.0,0.0,1.79,1.25,0.0,,,,,,2S25M
us_m1128_mgs,16.0,,,0.0,,0.93,699.0,57.22,0.0,0.0,1.63,1.42,0.0,,,,,,M1128
fr_amx_30_dca,16.0,43.75,1.13,2.0,0.44,0.88,418.0,52.86,0.2,0.14,0.91,0.66,0.0,,,,,,AMX-30_DCA
germ_mkpz_m48a2ga2,15.0,50.0,0.0,0.0,3.38,3.38,308.0,27.22,0.0,0.0,1.98,1.37,0.0,,,,,,M48A2_G_A2
p-47d_30_italy,18.0,,,1.33,,0.06,116.0,71.57,0.27,0.27,1.89,1.81,27.0,50.0,0.5,1.0,0.5,1.0,P-47D-30
uk_conqueror_mk_2,16.0,100.0,0.0,0.0,2.19,2.19,198.0,57.31,0.0,0.0,3.53,2.49,0.0,,,,,,Conqueror
jp_navy_120mm_spg,18.0,85.71,0.0,0.0,3.71,4.29,112.0,67.78,0.0,0.0,2.6,1.98,0.0,,,,,,Chi-Ha_LG
uk_a_22b_mk_3_churchill_1942,17.0,,,0.0,,1.0,17.0,0.0,0.0,0.0,3.0,1.6,0.0,,,,,,Churchill_III
il_magach_3_idf,15.0,50.0,0.0,0.0,1.0,1.0,29.0,4.76,0.0,0.0,1.21,1.42,0.0,,,,,,Magach_3
uk_a27m_cromwell_1,17.0,,,0.0,,1.0,155.0,55.5,0.0,0.0,2.46,2.34,0.0,,,,,,Cromwell_I
germ_leopard_2a4,15.0,0.0,0.0,0.0,1.25,1.0,1656.0,45.08,0.0,0.0,1.45,1.25,45.0,50.0,0.0,0.0,0.77,0.37,Leopard_2A4
su-6_am42,17.0,,,,,,76.0,50.0,2.93,1.92,1.17,1.14,0.0,,,,,,Su-6_(AM-42)
us_m10,18.0,,,0.0,,0.83,25.0,100.0,0.0,0.0,3.0,1.47,0.0,,,,,,M10_GMC
us_m3_bradley,17.0,,,0.0,,0.31,465.0,55.68,0.0,0.0,1.78,1.07,0.0,,,,,,M3_Bradley
he_115a_2_sweden,18.0,100.0,0.0,0.0,12.67,14.5,0.0,,,,,,0.0,,,,,,T_2
yak-4,15.0,,,0.0,,3.5,0.0,,,,,,0.0,,,,,,Yak-4
germ_pzkpfw_VI_tiger_P,16.0,100.0,0.0,0.0,4.0,3.69,0.0,,,,,,0.0,,,,,,VK_45.01_(P)
p-61a_1,16.0,100.0,3.31,3.31,5.06,5.06,6.0,100.0,1.0,1.0,2.0,2.0,0.0,,,,,,P-61A-11
jp_m36b2_jgsdf,16.0,100.0,0.0,0.0,2.75,3.2,261.0,47.47,0.0,0.0,2.55,1.55,0.0,,,,,,M36
b_34,16.0,100.0,1.0,1.0,3.88,3.88,0.0,,,,,,12.0,,,0.0,,2.0,B-34
fr_amx_13_fl_11,16.0,50.0,0.0,0.0,2.31,4.63,127.0,81.6,0.0,0.0,1.9,1.6,0.0,,,,,,AMX-13_(FL11)
a6m3_mod22_zero,17.0,,,,,,0.0,,,,,,0.0,,,,,,A6M3_mod._22
uk_centurion_mk_10,17.0,,,,,,114.0,57.88,0.0,0.0,1.66,1.96,0.0,,,,,,Centurion_Mk_10
p-38g,16.0,,,,,,0.0,,,,,,0.0,,,,,,P-38G-1
a7m2,16.0,50.0,1.5,1.5,0.0,0.0,44.0,100.0,3.2,2.46,1.27,0.81,0.0,,,,,,A7M2
f_16a_block_10,17.0,0.0,1.0,0.73,2.0,0.55,201.0,68.22,1.08,0.92,2.2,1.59,0.0,,,,,,F-16A
f2h-2,15.0,100.0,2.0,1.93,0.0,0.0,126.0,60.07,1.64,1.55,0.38,0.38,0.0,,,,,,F2H-2
fr_arl_44_acl1,15.0,86.67,0.0,0.0,2.26,2.4,62.0,,,0.0,,1.22,0.0,,,,,,ARL-44_(ACL-1)
i-15bis_krasnolutsky,15.0,,,,,,0.0,,,,,,0.0,,,,,,Krasnolutsky's_I-15bis
i-16_type5,14.0,,,1.0,,0.0,0.0,,,,,,0.0,,,,,,I-16_type_5
uk_shir_2,17.0,,,,,,312.0,66.93,0.0,0.0,3.5,3.36,0.0,,,,,,FV4030/3
cn_m10,16.0,,,0.0,,1.2,15.0,,,0.0,,1.8,0.0,,,,,,M10_GMC_(China)
sw_lago_1,17.0,100.0,0.0,0.0,1.0,1.0,66.0,,,0.0,,1.25,0.0,,,,,,Lago_I
sw_landsverk_ush_204_gk,15.0,,,,,,189.0,51.11,0.71,0.68,0.06,0.07,0.0,,,,,,U-SH_204_GK
p-26b_35,15.0,,,,,,0.0,,,,,,0.0,,,,,,P-26B-35
h-75a-4_france,16.0,,,,,,0.0,,,,,,0.0,,,,,,H-75A-4
pe-3_bis,17.0,92.86,1.21,1.73,5.44,7.27,14.0,,,,,,0.0,,,,,,Pe-3bis
bf-109c_1_promo,14.0,,,2.36,,0.0,0.0,,,,,,0.0,,,,,,Bf_109_C-1_Promo
i-16_type10,14.0,100.0,2.0,2.0,0.0,0.0,0.0,,,,,,0.0,,,,,,I-16_type_10
i-16_type18,14.0,100.0,2.0,2.0,0.0,0.0,0.0,,,,,,0.0,,,,,,I-16_type_18
rafale_m_f3r,14.0,,,1.5,,0.0,94.0,71.33,2.33,2.45,0.44,0.52,20.0,,,2.9,,0.0,Rafale_M_F3-R
us_t26e5,16.0,100.0,0.0,0.0,4.5,4.29,958.0,67.89,0.01,0.0,4.71,4.2,0.0,,,,,,T26E5
il_magach_5,14.0,100.0,0.0,0.0,2.0,1.54,33.0,100.0,0.0,0.0,4.0,2.58,2.0,,,,,,Magach_5
us_xm246,10.0,66.67,0.33,0.67,1.0,1.67,1528.0,50.83,0.2,0.16,1.48,1.24,0.0,,,,,,XM246
jp_type_10_prototype,14.0,,,0.0,,1.0,342.0,60.13,0.0,0.0,2.4,1.59,0.0,,,,,,TKX_(P)
p-51b_7_sweden,17.0,,,,,,74.0,100.0,1.29,0.9,1.16,0.86,0.0,,,,,,J26_David
fr_m4a1_sherman_fl_10,15.0,,,0.0,,1.0,72.0,94.23,0.0,0.0,7.93,6.29,0.0,,,,,,M4A1_(FL10)
harrier_gr3,14.0,,,0.0,,0.5,36.0,90.12,1.14,1.25,1.78,1.96,0.0,,,,,,Harrier_GR.3
jp_type_90b,14.0,,,,,,495.0,49.35,0.0,0.0,1.27,1.03,0.0,,,,,,Type_90_(B)
sw_leopard_1a5no,14.0,,,0.0,,1.43,608.0,54.04,0.0,0.0,2.47,2.14,0.0,,,,,,Leopard_1A5NO2
ussr_2s3m,15.0,50.0,0.0,0.0,1.05,2.09,142.0,38.67,0.0,0.0,2.4,1.48,0.0,,,,,,2S3M
b_18a,14.0,0.0,0.0,0.0,0.55,0.64,0.0,,,,,,0.0,,,,,,B-18A
cn_m4a4_sherman,15.0,,,0.0,,0.0,49.0,,,0.0,,2.67,0.0,,,,,,M4A4_(China)
j5n1,15.0,,,,,,11.0,100.0,0.0,0.0,1.0,1.0,0.0,,,,,,J5N1
f_16a_block_15_adf_italy,14.0,,,,,,23.0,50.0,0.5,1.0,0.5,1.0,2.0,,,2.0,,0.0,F-16A_ADF
uk_a27m_cromwell_5_rp3,17.0,100.0,0.0,0.0,10.25,16.14,8.0,,,0.0,,2.0,0.0,,,,,,Cromwell_V_(RP-3)
cn_cm11,15.0,,,,,,116.0,94.83,0.0,0.0,8.71,3.75,0.0,,,,,,CM11
t2_early,14.0,,,,,,26.0,100.0,2.67,2.67,0.0,0.0,0.0,,,,,,T-2_Early
f-5e_fcu_thailand,13.0,,,,,,145.0,83.41,2.51,1.24,2.54,1.27,0.0,,,,,,F-5E_FCU
us_t18_e2,15.0,100.0,0.0,,2.0,,20.0,,,0.0,,5.37,0.0,,,,,,T18E2
yak-9ut,14.0,50.0,2.43,4.86,0.14,0.29,582.0,64.38,0.72,0.76,2.14,2.27,0.0,,,,,,Yak-9UT
mig-15_ns23,14.0,100.0,4.43,2.21,1.0,0.5,22.0,25.0,1.0,0.57,0.0,0.24,0.0,,,,,,MiG-15
douglas_ad_2,15.0,100.0,1.0,1.0,2.0,2.07,24.0,41.67,0.0,0.0,2.08,1.59,0.0,,,,,,AD-2
us_m1_ip_abrams,14.0,,,,,,611.0,47.3,0.0,0.0,2.48,2.33,0.0,,,,,,IPM1
us_t54e1,12.0,100.0,0.0,0.0,3.0,1.25,63.0,90.48,0.0,0.0,3.83,2.66,0.0,,,,,,T54E1
lagg-3-35,13.0,,,,,,0.0,,,,,,0.0,,,,,,LaGG-3-35
f2a-3,13.0,0.0,4.4,4.4,0.4,0.4,0.0,,,,,,0.0,,,,,,F2A-3
p-36g,15.0,100.0,3.0,2.8,1.58,1.47,0.0,,,,,,0.0,,,,,,P-36G
fw-190a-8_usa,15.0,,,1.0,,0.0,0.0,,,,,,0.0,,,,,,Fw_190_A-8
us_m44,17.0,41.67,0.0,0.0,1.17,1.0,100.0,0.0,0.0,0.0,4.91,2.27,0.0,,,,,,M44
mig_23ml,14.0,,,3.14,,0.79,618.0,55.16,1.46,1.64,0.24,0.27,8.0,,,1.0,,0.0,MiG-23ML
do_217n_1,13.0,100.0,0.46,0.46,2.0,2.0,0.0,,,,,,0.0,,,,,,Do_217_N-1
uk_a_12_mk_2_matilda_2,12.0,,,,,,0.0,,,,,,0.0,,,,,,Matilda_III
uk_a27m_cromwell_5,17.0,56.06,0.0,0.0,2.17,3.73,19.0,,,0.0,,0.15,0.0,,,,,,Cromwell_V
it_m36b1,15.0,,,,,,45.0,21.43,0.0,0.0,0.21,0.43,0.0,,,,,,M36B1
us_m4a3_105_sherman,15.0,,,0.0,,1.0,49.0,,,0.0,,4.77,0.0,,,,,,M4A3_(105)
fr_1_fireball,15.0,,,1.0,,0.0,146.0,56.22,0.43,0.36,2.19,1.91,15.0,100.0,1.0,0.08,3.5,3.63,FR-1_Fireball
b7a2,15.0,100.0,1.0,,4.5,,6.0,50.0,0.5,1.0,0.5,1.0,0.0,,,,,,B7A2
germ_kanonenjagdpanzer,12.0,,,0.0,,1.0,55.0,66.67,0.0,0.0,2.36,1.88,0.0,,,,,,JPz_4-5
il_zsu_57_2,13.0,,,0.0,,1.46,182.0,10.37,0.0,0.0,1.76,0.69,0.0,,,,,,ZSU-57-2_(Israel)
p-47m-1-re,15.0,,,,,,179.0,68.06,0.22,0.31,1.55,1.97,0.0,,,,,,P-47M-1-RE
tornado_gr1,14.0,87.5,0.88,1.0,0.0,0.0,36.0,77.5,0.55,0.4,1.78,1.63,0.0,,,,,,Tornado_GR.1
sw_sav_m43_1944,15.0,,,,,,0.0,,,,,,0.0,,,,,,Sav_m/43_(1944)
xf5u_1,15.0,,,,,,109.0,79.45,1.03,0.78,0.34,0.28,0.0,,,,,,XF5U-1
yak-15,14.0,0.0,0.0,0.0,0.0,0.0,0.0,,,,,,0.0,,,,,,Yak-15
ki_21_1hei,14.0,100.0,1.0,1.0,13.0,13.0,0.0,,,,,,0.0,,,,,,Ki-21-I_hei
f-80a,12.0,100.0,1.14,2.0,2.29,4.0,71.0,42.86,1.86,1.42,2.71,2.67,0.0,,,,,,F-80A-5
ussr_object_268,12.0,100.0,0.0,0.0,2.0,2.0,272.0,51.16,0.0,0.0,2.75,1.92,0.0,,,,,,Object_268
cn_zsl_92,12.0,,,,,,150.0,47.2,0.2,0.35,0.44,0.6,2.0,,,0.0,,0.0,ZSL92
ju-87d-5,14.0,,,1.0,,1.14,0.0,,,,,,0.0,,,,,,Ju_87_D-5
bf-109z,14.0,,,,,,16.0,0.0,1.0,1.0,2.0,2.0,0.0,,,,,,Bf_109_Z-1
jp_type_87_rcv_prot,12.0,0.0,2.0,2.0,1.0,1.0,247.0,55.44,0.07,0.05,2.3,1.72,0.0,,,,,,Type_87_RCV_(P)
fa_18a_hug_2_raaf,15.0,55.56,1.67,3.0,0.0,0.0,0.0,,,,,,0.0,,,,,,AF/A-18A_Late
sw_zsu_57_2,12.0,,,0.0,,1.42,228.0,48.13,0.0,0.0,1.57,1.34,0.0,,,,,,ZSU-57-2
germ_flarakpz_1,12.0,100.0,1.0,,0.0,,77.0,72.73,0.95,0.61,0.0,0.0,0.0,,,,,,FlaRakPz_1
lagg-3-34,14.0,100.0,2.36,2.36,0.0,0.0,0.0,,,,,,0.0,,,,,,LaGG-3-34
f-4f_late,13.0,20.0,0.0,0.0,3.2,2.44,110.0,78.59,0.91,0.54,4.14,2.47,0.0,,,,,,◄F-4F
ussr_zsu_23_4m2,14.0,50.0,0.5,1.0,0.46,0.92,212.0,23.71,0.8,0.92,0.22,0.34,0.0,,,,,,ЗСУ-23-4М2
tempest_mkv,14.0,100.0,2.0,2.0,2.5,2.5,20.0,100.0,1.05,1.05,3.1,3.1,0.0,,,,,,Tempest_Mk_V
germ_pzkpfw_IV_ausf_E,13.0,,,,,,195.0,35.15,0.0,0.0,0.35,1.31,0.0,,,,,,Pz.IV_E
f1,13.0,0.0,3.0,1.92,1.0,0.46,1.0,,,,,,0.0,,,,,,F-1
it_oto_r3_106sr,12.0,100.0,0.0,0.0,1.0,1.0,188.0,100.0,0.0,0.0,3.86,1.48,0.0,,,,,,R3_T106_FA
il_m113_hvms,13.0,,,0.0,,1.0,75.0,0.0,0.0,0.0,2.68,1.43,0.0,,,,,,Bardelas/60mm_HVMS
f-86a-5,12.0,,,,,,139.0,62.02,1.19,1.79,0.31,0.5,0.0,,,,,,F-86A-5
re_2005_serie0,12.0,,,,,,0.0,,,,,,37.0,40.0,2.4,4.0,0.0,0.0,Re.2005_serie_0
uk_crusader_mk_2,13.0,,,0.0,,0.85,14.0,,,,,,0.0,,,,,,Crusader_II
il_magach_6c,14.0,,,0.0,,0.0,0.0,,,,,,0.0,,,,,,Magach_6C
am_1_mauler,13.0,0.0,0.0,,0.0,,255.0,65.23,0.34,0.36,1.79,1.88,0.0,,,,,,AM-1
spitfire_lf_mk9e_weisman,14.0,,,,,,93.0,74.17,0.91,0.9,2.2,2.22,35.0,55.0,0.91,0.73,0.62,0.92,Weizman's_Spitfire_LF_Mk.IXe
uk_rooikat_za_35,14.0,,,,,,291.0,66.76,0.1,0.05,3.59,1.67,0.0,,,,,,ZA-35
leo_451_late,14.0,50.0,0.5,0.5,6.64,6.64,0.0,,,,,,0.0,,,,,,LeO_451_late
so_4050_vautour_2a,12.0,50.0,0.0,0.0,4.0,4.0,0.0,,,,,,0.0,,,,,,S.O.4050_Vautour_IIA
it_of_40_mtca,9.0,100.0,0.0,0.0,14.0,4.38,1151.0,64.74,0.0,0.0,3.98,2.77,95.0,48.33,0.0,0.0,1.96,1.77,OF-40_(MTCA)
b-29,11.0,100.0,0.0,0.0,6.18,4.0,0.0,,,,,,25.0,,,,,,B-29A-BN
f-5a_thailand,12.0,50.0,2.5,2.5,2.5,2.5,48.0,66.67,0.7,1.0,0.3,0.5,0.0,,,,,,F-5A
so_4050_vautour_2b,12.0,50.0,0.0,0.0,3.5,3.5,0.0,,,,,,0.0,,,,,,S.O.4050_Vautour_IIB
cn_su_100_1945,12.0,,,,,,43.0,100.0,0.0,0.0,1.39,0.89,0.0,,,,,,SU-100_(China)
a_10c,11.0,,,0.0,,2.0,102.0,57.28,0.4,0.5,4.3,5.11,14.0,,,,,,A-10C
us_mim_72_chaparral,11.0,25.0,1.5,2.0,0.75,1.0,28.0,,,0.64,,0.0,0.0,,,,,,Imp.Chaparral
ussr_kv_2_zis_6,14.0,100.0,0.0,0.0,3.83,3.57,57.0,50.0,0.0,0.0,2.39,2.34,0.0,,,,,,KV-2_(ZiS-6)
me-410a-1_u4,11.0,100.0,2.0,2.0,0.0,0.0,35.0,,,0.0,,0.96,0.0,,,,,,Me_410_A-1/U4
cn_pgz_625_fb10,14.0,43.75,1.25,2.25,0.0,0.0,53.0,50.0,0.77,0.5,0.5,0.34,0.0,,,,,,CS/SA5
a-35b,11.0,,,,,,6.0,,,0.0,,0.0,0.0,,,,,,A-35B
mosquito_fb_mk6_ash_norway,13.0,,,1.0,,3.0,0.0,,,,,,0.0,,,,,,◢Mosquito_FB.Mk.VI_ASH
etndard_4m,12.0,50.0,0.5,0.5,1.5,1.5,0.0,,,,,,0.0,,,,,,Etendard_IVM
us_t32,12.0,0.0,0.0,0.0,1.0,1.75,347.0,63.71,0.0,0.0,2.25,2.1,0.0,,,,,,T32
f-104j,12.0,50.0,1.5,3.0,0.0,0.0,5.0,0.0,1.0,1.0,0.0,0.0,0.0,,,,,,F-104J
rafale_c_f3,12.0,,,2.25,,0.0,218.0,74.7,2.41,3.75,0.24,0.27,0.0,,,,,,Rafale_C_F3
ussr_t_34_1941_cast_turret,12.0,100.0,0.0,0.0,2.0,1.0,74.0,,,0.0,,2.88,0.0,,,,,,T-34_(1st_Gv.T.Br.)
me-410b-1,14.0,100.0,1.0,0.79,3.43,2.57,28.0,50.0,0.0,0.0,0.0,0.0,0.0,,,,,,Me_410_B-1
germ_pzkpfw_V_ersatz_m10,10.0,,,,,,33.0,,,0.0,,4.08,0.0,,,,,,Ersatz_M10
mosquito_f_mk2_norway,12.0,,,,,,0.0,,,,,,0.0,,,,,,◢Mosquito_F.Mk.II
it_leopard_bofors,13.0,0.0,1.0,1.0,1.0,1.0,158.0,81.95,0.13,0.05,2.87,1.33,0.0,,,,,,Leopard_40/70
hunter_f6_holland,12.0,50.0,1.0,2.0,0.5,1.0,12.0,50.0,1.0,2.0,0.0,0.0,0.0,,,,,,◘Hunter_F.6
us_m50_ontos,12.0,50.0,0.0,0.0,2.0,1.3,137.0,53.91,0.0,0.0,2.77,1.57,0.0,,,,,,M50
cn_is_2_1943,12.0,,,,,,95.0,40.69,0.0,0.0,1.35,1.43,0.0,,,,,,IS-2_(China)
ki_43_2_late,12.0,100.0,2.0,2.0,0.0,0.0,0.0,,,,,,0.0,,,,,,Ki-43-II
bf-109g-6,13.0,,,7.17,,0.0,91.0,51.23,2.89,5.13,1.06,1.92,0.0,,,,,,Bf_109_G-6
sw_t_54_1951,13.0,,,0.0,,1.0,218.0,36.24,0.0,0.0,1.42,0.93,0.0,,,,,,T-54
p-40e_china,11.0,,,,,,0.0,,,,,,0.0,,,,,,P-40E-1_(China)
f_111a,11.0,,,0.0,,2.09,8.0,0.0,0.0,0.0,1.0,0.5,24.0,,,,,,F-111A
us_m60,13.0,0.0,0.0,0.0,1.0,1.0,137.0,60.36,0.0,0.0,1.75,1.29,0.0,,,,,,M60
uk_a_22f_mk_7_churchill_1944,14.0,0.0,0.0,0.0,1.64,4.0,109.0,84.0,0.0,0.0,4.7,3.34,0.0,,,,,,Churchill_VII
bf-109e-1,13.0,,,2.0,,0.0,35.0,78.57,1.3,1.0,0.13,0.16,30.0,,,,,,Bf_109_E-1
f_15e,14.0,0.0,1.0,0.71,1.0,0.86,598.0,56.08,0.97,1.13,1.63,1.9,14.0,0.0,0.0,0.0,1.0,0.14,F-15E
it_fiat_6614_106sr,12.0,,,0.0,,0.0,143.0,60.15,0.0,0.0,2.96,1.59,2.0,,,0.0,,2.0,FIAT_6614
fr_amx_m4,11.0,,,0.0,,1.55,889.0,74.77,0.0,0.0,2.83,2.45,67.0,100.0,0.0,0.0,3.05,1.49,AMX_M4
germ_wiesel_1_mk20,12.0,,,,,,1071.0,41.24,0.06,0.05,0.78,0.76,17.0,,,,,,Wiesel_1A4
us_m48a1_patton_III,13.0,0.0,0.0,0.0,0.0,0.0,117.0,50.0,0.0,0.0,1.18,1.32,2.0,,,0.0,,2.0,M48A1
f_111c_raaf,12.0,,,,,,10.0,,,0.0,,1.0,0.0,,,,,,F-111C
stirling_mk1,11.0,,,0.0,,1.0,0.0,,,,,,0.0,,,,,,Stirling_B_Mk_I
av_8b_na,13.0,,,0.0,,0.0,54.0,60.19,0.03,0.03,0.91,0.79,41.0,,,0.5,,1.33,AV-8B_(NA)
do_217n_2,11.0,,,1.0,,0.0,0.0,,,,,,0.0,,,,,,Do_217_N-2
uk_m3_stuart,12.0,,,0.0,,2.0,14.0,,,0.0,,0.0,0.0,,,,,,Stuart_I
spitfire_f24,13.0,100.0,2.7,4.6,4.3,0.96,135.0,93.59,2.7,2.54,5.6,5.16,0.0,,,,,,Spitfire_F_Mk_24
ki_61_1a_ko,10.0,,,,,,0.0,,,,,,0.0,,,,,,Ki-61-I_ko
uk_marmon_herrington_mk_6_2pdr,12.0,,,,,,16.0,100.0,0.0,0.0,1.0,0.27,0.0,,,,,,SARC_MkVI_(2pdr)
jp_m42_duster,9.0,,,,,,79.0,40.91,0.45,0.53,2.01,1.86,0.0,,,,,,M42
ki_61_1a_tei,10.0,,,1.8,,0.0,3.0,100.0,0.0,0.0,0.0,0.0,0.0,,,,,,Ki-61-I_tei
p-47d_luftwaffe,11.0,50.0,1.41,2.82,0.5,1.0,8.0,50.0,1.13,1.13,1.0,1.0,0.0,,,,,,P-47D
f4u-7,10.0,100.0,3.4,3.4,0.0,0.0,415.0,71.73,0.35,0.34,1.72,1.64,3.0,,,2.0,,0.0,F4U-7
il-10_1946_china,9.0,,,0.0,,1.8,18.0,75.0,0.0,0.0,3.0,4.0,0.0,,,,,,IL-10_(1946)_(China)
sw_strv_122,11.0,35.71,0.0,0.0,1.07,1.86,362.0,39.91,0.0,0.0,2.56,1.85,0.0,,,,,,Strv_122A
mig-9_late_china,11.0,,,1.0,,0.0,0.0,,,,,,0.0,,,,,,MiG-9_(l)_(China)
germ_leopard_2a4_pzbtl_123,9.0,,,,,,833.0,45.63,0.0,0.0,2.27,1.51,0.0,,,,,,Leopard_2_(PzBtl_123)
germ_pzkpfw_III_ausf_N,10.0,,,0.0,,2.0,41.0,83.33,0.0,0.0,5.5,4.57,0.0,,,,,,Pz.III_N
ki_84_otsu,10.0,,,,,,11.0,100.0,1.67,2.0,2.0,2.0,0.0,,,,,,Ki-84_otsu
us_m22_locust,12.0,,,0.0,,1.0,63.0,50.0,0.0,0.0,1.14,0.77,0.0,,,,,,M22
mc-205_serie3,10.0,,,1.0,,0.0,8.0,,,,,,0.0,,,,,,C._205_serie_3
mig-15bis_nr23_china,11.0,,,,,,27.0,100.0,0.0,0.0,1.0,1.0,0.0,,,,,,J-2
us_m18_super_hellcat,8.0,100.0,0.0,0.0,5.0,10.0,623.0,78.03,0.0,0.0,3.4,3.23,13.0,100.0,0.0,0.0,3.0,3.0,Super_Hellcat
uk_ajax,10.0,50.0,0.5,1.0,2.0,4.0,394.0,62.55,0.03,0.03,3.06,1.26,0.0,,,,,,Ajax
cn_type_63_I,9.0,,,,,,102.0,32.54,0.0,0.0,0.97,0.74,0.0,,,,,,Type_63-I
us_halftrack_m16,8.0,50.0,1.3,,0.5,,15.0,,,,,,0.0,,,,,,M16_MGMC
jp_pzkpfw_VI_ausf_e_tiger,8.0,100.0,0.0,0.0,6.0,6.0,22.0,100.0,0.0,0.0,3.76,3.76,0.0,,,,,,Heavy_Tank_No.6
p-43a-1_china,11.0,,,,,,0.0,,,,,,0.0,,,,,,P-43A-1_(China)
su-11,11.0,,,,,,251.0,60.55,0.91,0.89,1.52,1.5,0.0,,,,,,Su-11
hurricane_mk1c,11.0,,,,,,9.0,,,0.0,,0.0,0.0,,,,,,Sea_Hurricane_Mk_IC
fr_leopard_2a4nl_les,11.0,50.0,0.0,0.0,4.5,2.42,223.0,59.62,0.0,0.0,2.58,2.0,0.0,,,,,,Leopard_2_(OTCo)
vb_10c1,9.0,,,,,,20.0,100.0,2.0,1.89,0.0,0.0,0.0,,,,,,VB.10C-1
xp-55,9.0,72.22,8.11,,0.0,,9.0,,,,,,0.0,,,,,,XP-55
fa_18c_early,11.0,100.0,2.0,2.0,0.0,0.0,834.0,51.84,0.85,1.0,0.31,0.37,43.0,100.0,2.75,1.0,4.0,2.1,F/A-18C_Early
ussr_t_54_1951,10.0,,,0.0,,1.0,129.0,84.5,0.0,0.0,2.03,1.14,2.0,100.0,0.0,0.0,3.0,3.0,T-54_(1951)
us_m3a1_stuart,11.0,,,,,,2.0,,,0.0,,1.0,0.0,,,,,,M3A1_Stuart
germ_stug_III_ausf_A,8.0,0.0,0.0,0.0,3.0,1.5,25.0,28.13,0.0,0.0,0.28,0.28,0.0,,,,,,StuG_III_A
gladiator_j8a,11.0,,,1.0,,0.0,0.0,,,,,,0.0,,,,,,J8A
fr_marder_clovis,9.0,100.0,0.0,0.0,1.0,1.0,68.0,70.0,0.0,0.0,2.65,2.52,10.0,100.0,0.0,0.0,9.0,3.0,CLOVIS
mig-9_china,10.0,,,,,,0.0,,,,,,0.0,,,,,,MiG-9_(China)
ju-188a-2,11.0,100.0,0.0,0.0,5.0,5.0,0.0,,,,,,0.0,,,,,,Ju_188_A-2
jp_type_81_tansam,11.0,0.0,1.0,1.0,0.0,0.0,40.0,0.0,0.0,0.57,0.0,0.0,0.0,,,,,,Type_81_(C)
su_25_558arz,11.0,0.0,2.0,2.0,5.0,5.0,142.0,80.39,0.0,0.0,2.1,2.44,0.0,,,,,,Su-25BM
it_leopard_1a2,6.0,41.67,0.0,0.0,1.15,1.15,126.0,41.94,0.0,0.0,3.21,1.61,0.0,,,,,,Leopard_1A2
ussr_object_120,10.0,55.56,0.1,0.1,2.0,2.6,220.0,53.07,0.0,0.0,1.44,1.56,0.0,,,,,,Object_120
fa_18a,11.0,,,0.0,,0.0,131.0,70.87,2.17,2.18,0.6,0.63,15.0,,,1.0,,0.0,F/A-18A
uk_fv438_swingfire,12.0,92.86,0.0,0.0,0.93,1.0,19.0,50.0,0.0,0.0,3.0,3.0,0.0,,,,,,Swingfire
su_22m3,11.0,,,1.0,,0.0,259.0,44.32,0.15,0.21,0.61,0.64,0.0,,,,,,Su-22M3
uk_charioteer_mk_7,10.0,,,0.0,,1.0,133.0,48.15,0.0,0.0,4.06,1.76,0.0,,,,,,Charioteer_Mk_VII
yak_141,11.0,100.0,1.0,1.0,0.0,0.0,50.0,50.0,1.06,2.0,0.0,0.0,0.0,,,,,,Yak-141
ussr_bmp_3,10.0,,,0.0,,0.9,1324.0,52.17,0.0,0.0,1.6,1.43,56.0,79.17,0.0,0.0,0.88,0.66,BMP-3
j_8b,11.0,,,,,,44.0,53.85,1.0,1.04,0.54,0.56,0.0,,,,,,J-8B
uk_churchill_na75,11.0,,,0.0,,1.0,20.0,100.0,0.0,0.0,1.0,1.65,0.0,,,,,,Churchill_NA75
us_m55,11.0,0.0,0.0,0.0,1.0,0.75,76.0,100.0,0.0,0.0,5.0,3.43,0.0,,,,,,M55
uk_armored_car_aec_mk_2,11.0,0.0,0.0,0.0,1.0,1.0,13.0,100.0,0.0,0.0,4.17,4.17,0.0,,,,,,AEC_Mk_II
fw_190f_8_hungary,9.0,,,1.0,,0.0,0.0,,,,,,0.0,,,,,,◔Fw_190_F-8
me_210a_1,8.0,,,,,,5.0,100.0,2.0,,0.0,,0.0,,,,,,Me_210_A-1
bf_109t_2,8.0,100.0,3.38,3.38,2.0,2.0,0.0,,,,,,0.0,,,,,,Bf_109_T-2
ussr_su_76m_1943,8.0,100.0,0.0,0.0,4.88,4.88,16.0,,,0.0,,0.75,0.0,,,,,,SU-76M
tu-2_early,10.0,,,0.4,,5.0,2.0,,,,,,0.0,,,,,,Tu-2
sw_strf_90c,12.0,66.67,0.3,0.5,2.3,3.5,176.0,29.32,0.0,0.0,2.37,1.87,0.0,,,,,,Strf_9040C
us_m1a1_hc_abrams,10.0,,,,,,400.0,44.04,0.0,0.0,2.02,1.66,0.0,,,,,,M1A1_HC
ki_61_1a_hei_ep,8.0,,,,,,10.0,100.0,2.0,1.86,4.0,3.57,0.0,,,,,,Tada's_Ki-61-I_hei
j6k1,8.0,,,3.0,,0.25,8.0,,,0.0,,2.0,0.0,,,,,,J6K1
cn_type_59,9.0,,,0.0,,2.0,123.0,59.33,0.0,0.0,3.21,3.17,0.0,,,,,,Type_59
us_t95,9.0,50.0,0.0,0.0,1.0,2.0,35.0,,,0.0,,4.17,0.0,,,,,,T95
ussr_su_122_54,9.0,50.0,0.0,0.0,2.83,2.83,217.0,45.65,0.0,0.0,2.24,2.05,0.0,,,,,,SU-122-54
vb_10_02,8.0,,,,,,12.0,,,0.83,,0.17,10.0,,,1.0,,0.0,VB.10-02
seafire_mk3_france,8.0,,,1.0,,0.0,0.0,,,,,,0.0,,,,,,Seafire_LF_Mk.III
tbd-1_1938,9.0,,,0.0,,5.22,22.0,100.0,1.0,0.05,5.0,1.15,0.0,,,,,,TBD-1
fr_amx_13_dca_40,8.0,0.0,0.0,0.0,0.0,0.0,315.0,59.32,0.2,0.19,1.42,1.39,0.0,,,,,,AMX-13_DCA_40
us_xm_975_roland,8.0,0.0,1.0,1.0,0.0,0.0,108.0,39.74,1.56,1.16,0.0,0.0,0.0,,,,,,XM975
us_adats_bradley,8.0,0.0,0.0,0.0,0.0,0.0,448.0,25.1,0.63,0.37,0.34,0.21,0.0,,,,,,ADATS
pbm_1,9.0,,,0.0,,0.0,0.0,,,,,,0.0,,,,,,"PBM-1_""Mariner"""
sb_2m_103c,8.0,,,,,,0.0,,,,,,0.0,,,,,,SB_2M-103
yak_1_litvyak,8.0,100.0,5.0,,0.0,,0.0,,,,,,0.0,,,,,,Як-1_Литвяк
fr_m10,6.0,100.0,0.0,0.0,5.0,5.0,85.0,85.0,0.0,0.0,5.48,2.71,0.0,,,,,,M10_GMC
pe-2-110,8.0,100.0,0.0,0.0,2.0,4.0,10.0,,,,,,0.0,,,,,,Pe-2-110
ussr_t_26_4,7.0,,,0.0,,2.0,0.0,,,,,,0.0,,,,,,T-26-4
ussr_gaz_mm_72k,7.0,,,,,,25.0,61.11,0.0,0.0,0.63,1.0,0.0,,,,,,GAZ-MM_(72-K)
i_180,8.0,100.0,2.75,2.75,0.38,0.38,29.0,73.53,0.74,0.86,0.74,0.86,0.0,,,,,,I-180S
v_12d,7.0,,,,,,0.0,,,,,,0.0,,,,,,V-12D
it_semovente_breda_501,8.0,63.89,0.0,0.0,2.9,4.5,169.0,59.64,0.0,0.0,2.36,1.83,0.0,,,,,,Breda_501
fr_msc,9.0,,,0.0,,2.0,674.0,42.53,0.0,0.0,1.74,1.42,0.0,,,,,,MSC
fr_m44,8.0,50.0,0.0,0.0,1.0,2.0,9.0,100.0,0.0,0.0,1.0,1.0,0.0,,,,,,M44
ef_2000_fgr4,8.0,,,2.0,,0.0,59.0,36.11,0.84,0.9,0.0,0.0,0.0,,,,,,Typhoon_FGR.4
jp_type_16_mod,7.0,,,0.0,,2.0,341.0,70.18,0.0,0.0,4.3,1.91,0.0,,,,,,Type_16_(FPS)
lagg-i-301,8.0,,,5.0,,0.0,0.0,,,,,,0.0,,,,,,I-301
germ_sdkfz_234_4,7.0,,,,,,48.0,17.78,0.0,0.0,3.82,3.15,2.0,,,0.0,,2.0,Sd.Kfz.234/4
f_15c_golden_eagle,9.0,28.57,2.0,2.0,0.0,0.0,706.0,55.98,1.89,2.42,0.04,0.08,0.0,,,,,,F-15C_Golden_Eagle
yak-3_france,8.0,100.0,8.43,8.43,0.0,0.0,145.0,76.0,2.3,4.84,1.16,2.49,0.0,,,,,,Yak-3
mc-202_ec,8.0,,,,,,41.0,50.0,1.0,2.0,1.5,3.0,0.0,,,,,,C._202EC
il_2_37_1943,8.0,100.0,0.88,0.88,1.0,1.0,0.0,,,,,,0.0,,,,,,IL-2-37
germ_panzerjager_tiger,9.0,100.0,0.0,0.0,4.0,4.0,295.0,41.7,0.0,0.0,2.69,2.43,0.0,,,,,,Jagdtiger
p-51b,7.0,,,,,,31.0,100.0,2.0,0.86,1.08,1.71,13.0,,,,,,Mustang_Mk_IA
ki_61_1a_hei,8.0,50.0,2.0,2.0,0.0,0.0,0.0,,,,,,0.0,,,,,,Ki-61-I_hei
il_magach_2,7.0,,,,,,85.0,71.43,0.0,0.0,2.06,1.43,0.0,,,,,,Magach_2
re_2001_serie1,8.0,,,,,,2.0,,,,,,0.0,,,,,,Re.2001_serie_1
us_m1a2_sep_abrams,9.0,,,0.0,,1.0,1035.0,56.02,0.0,0.0,2.17,2.17,0.0,,,,,,M1A2_SEP
uk_fv4005,7.0,,,0.0,,1.0,134.0,38.89,0.0,0.0,2.33,1.97,0.0,,,,,,FV4005
saab_jas39c_south_africa,9.0,50.0,1.0,2.0,0.0,0.0,140.0,64.38,1.55,1.81,0.21,0.27,0.0,,,,,,JAS39C
spitfiremkiia,8.0,,,,,,1.0,,,,,,0.0,,,,,,Spitfire_Mk_IIa
sw_pvkv_III,7.0,100.0,0.0,0.0,2.0,2.0,45.0,50.0,0.0,0.0,0.5,0.67,0.0,,,,,,Pvkv_III
f3f-2,8.0,,,0.63,,0.0,0.0,,,,,,0.0,,,,,,F3F-2
fr_amx_30_ACRA,10.0,50.0,0.0,0.0,1.0,0.67,0.0,,,,,,0.0,,,,,,AMX-30_ACRA
sea_harrier_fa2,9.0,0.0,1.75,1.89,0.0,0.0,0.0,,,,,,0.0,,,,,,Sea_Harrier_FA_2
ussr_t_54_1949,7.0,,,0.0,,1.0,131.0,46.55,0.0,0.0,1.73,1.39,34.0,23.33,0.0,0.0,0.83,1.08,T-54_(1949)
tornado_f3_late,9.0,0.0,1.0,1.0,0.0,0.0,25.0,,,1.44,,0.0,0.0,,,,,,Tornado_F.3_Late
hunter_f1,7.0,,,1.0,,0.0,24.0,68.75,0.98,1.58,0.69,1.0,0.0,,,,,,Hunter_F.1
bf-109a_1,8.0,,,0.0,,0.0,0.0,,,,,,0.0,,,,,,Flegel's_Bf_109_A
germ_pzkpfw_35t,8.0,33.33,0.0,0.0,2.33,0.67,0.0,,,,,,0.0,,,,,,Pz.35(t)
fr_amx_10rc,9.0,,,0.0,,0.0,84.0,10.71,0.0,0.0,3.43,1.31,0.0,,,,,,AMX-10RC
pby-5,7.0,,,,,,0.0,,,,,,0.0,,,,,,PBY-5_Catalina
pby-5a,7.0,,,,,,0.0,,,,,,0.0,,,,,,PBY-5A_Catalina
su-2_mv5,7.0,100.0,1.0,1.0,6.0,6.0,0.0,,,,,,0.0,,,,,,Su-2_MV-5
it_leopard_2a7_hungary,5.0,100.0,0.0,0.0,6.75,6.75,173.0,60.8,0.0,0.0,5.27,2.67,0.0,,,,,,Leopard_2A7HU
uk_khalid,4.0,100.0,0.0,0.0,11.5,11.5,219.0,67.79,0.0,0.0,4.01,2.72,0.0,,,,,,Khalid
d4y2,6.0,,,1.0,,2.0,0.0,,,,,,0.0,,,,,,D4Y2
mig-15bis_nr23_german,8.0,,,1.0,,1.0,66.0,95.0,1.25,1.4,0.64,0.65,0.0,,,,,,◊MiG-15bis
brigand_b1,7.0,,,,,,0.0,,,,,,0.0,,,,,,Brigand_B_1
hurricane_mk4,6.0,,,,,,11.0,,,,,,0.0,,,,,,Hurricane_Mk_IV
germ_panzerjager_1,9.0,100.0,0.0,0.0,4.2,2.25,12.0,,,0.0,,1.0,0.0,,,,,,Panzerjäger_I
pb4y-2,6.0,100.0,0.0,0.0,1.0,1.0,0.0,,,,,,0.0,,,,,,PB4Y-2
it_otobreda_sidam_25,6.0,0.0,1.0,1.0,0.0,0.0,29.0,50.0,0.0,0.0,0.0,0.0,0.0,,,,,,SIDAM_25
ussr_to_55,7.0,100.0,0.0,0.0,1.0,1.0,464.0,57.05,0.0,0.0,4.34,2.7,20.0,,,0.0,,4.0,TO-55
fr_bat_chat_25t,6.0,,,0.0,,4.0,274.0,88.33,0.0,0.0,4.22,3.4,0.0,,,,,,Char_25t
mirage_3c,7.0,,,1.0,,0.0,58.0,100.0,3.75,4.16,1.02,1.2,0.0,,,,,,Mirage_IIIC
germ_sturmpanzer_II,8.0,,,0.0,,1.0,35.0,22.0,0.0,0.0,0.0,0.0,0.0,,,,,,Sturmpanzer_II
ffvs_j22_a,7.0,,,2.0,,0.0,14.0,100.0,0.0,0.0,0.0,0.0,0.0,,,,,,J22-A
uk_challenger_mk_3,6.0,,,0.0,,1.0,226.0,52.43,0.0,0.0,2.17,1.37,0.0,,,,,,Challenger_Mk.3
us_m47_patton_II,6.0,100.0,0.0,0.0,3.0,3.0,254.0,41.41,0.0,0.0,2.86,1.52,0.0,,,,,,M47
mig-21_smt,9.0,0.0,1.0,1.0,0.0,0.0,235.0,61.95,2.53,3.48,0.42,0.59,10.0,,,,,,MiG-21SMT
cn_pgz_09,7.0,,,,,,310.0,42.31,0.71,0.48,0.99,0.76,0.0,,,,,,PGZ09
it_of_40_mk_1,5.0,50.0,0.0,0.0,1.0,1.5,203.0,65.37,0.0,0.0,2.45,2.49,0.0,,,,,,OF-40
us_t95e1,8.0,,,0.0,,1.0,274.0,65.19,0.0,0.0,2.23,2.16,0.0,,,,,,T95E1
germ_ru251,6.0,,,0.0,,0.75,99.0,70.14,0.0,0.0,4.5,3.04,0.0,,,,,,Ru_251
d4y3,6.0,,,0.0,,3.17,8.0,,,,,,0.0,,,,,,D4Y3_Ko
ussr_object_279,3.0,66.67,0.0,0.0,8.7,13.0,453.0,69.17,0.0,0.0,7.24,5.46,26.0,66.67,0.0,0.0,2.7,2.06,Object_279
uk_matilda_hedgehog,5.0,100.0,0.0,,6.0,,0.0,,,,,,0.0,,,,,,Matilda_Hedgehog
ju-288c,7.0,100.0,1.0,1.0,8.0,8.0,75.0,44.74,0.45,0.55,1.21,1.4,0.0,,,,,,Ju_288_C
ussr_kv_2_1940,7.0,,,0.0,,4.0,5.0,100.0,0.0,0.0,4.0,4.0,0.0,,,,,,KV-2_(1940)
ussr_isu_152,5.0,,,,,,19.0,58.33,0.0,0.0,2.17,3.42,0.0,,,,,,ISU-152
it_m26_ariete,4.0,100.0,0.0,0.0,16.0,16.0,24.0,,,0.0,,4.43,0.0,,,,,,"M26_""D.C.Ariete"""
su_6_single,5.0,,,0.0,,4.0,6.0,50.0,0.5,0.5,3.5,3.5,0.0,,,,,,Su-6
f-84f_france,6.0,100.0,0.0,0.0,3.33,3.33,0.0,,,,,,0.0,,,,,,F-84F
mosquito_fb_mk6_norway,6.0,100.0,3.0,2.5,0.0,2.0,18.0,,,,,,0.0,,,,,,◢Mosquito_FB.Mk.VI
mirage_2000_5f,6.0,,,2.0,,0.0,117.0,29.36,1.81,2.41,0.08,0.09,0.0,,,,,,Mirage_2000-5F
av_8s_thailand,3.0,,,1.0,,0.0,1.0,100.0,1.0,1.0,0.0,0.0,0.0,,,,,,AV-8S
germ_sdkfz_6_2_flak36,8.0,0.0,2.0,2.0,0.0,0.0,0.0,,,,,,41.0,34.92,0.94,0.94,0.34,0.34,Sd.Kfz._6/2
ussr_btr_zd,8.0,50.0,1.67,3.33,0.0,0.0,524.0,58.03,0.64,0.49,1.13,0.96,1.0,,,,,,BTR-ZD
tu-2_postwar_china,5.0,,,0.0,,1.0,19.0,100.0,0.0,0.0,2.17,1.53,0.0,,,,,,Tu-2S-44_(China)
hurricanemkii_ussr,6.0,100.0,5.0,4.17,0.0,0.0,0.0,,,,,,0.0,,,,,,Hurricane_Mk_IIB
it_m109g,7.0,,,,,,11.0,,,0.0,,1.14,0.0,,,,,,M109G
bf-109e-3_japan,6.0,,,,,,29.0,11.9,2.21,2.59,0.64,0.59,0.0,,,,,,Bf_109_E-7
fr_amd_35,6.0,,,,,,17.0,,,,,,0.0,,,,,,AMD.35
saab_j21a_2,5.0,50.0,0.2,0.4,0.5,1.0,25.0,,,,,,0.0,,,,,,J21A-2
me-410a-1_u2,7.0,,,,,,0.0,,,,,,0.0,,,,,,Me_410_A-1/U2
saab_a21a_3,5.0,50.0,0.5,1.0,1.0,2.0,218.0,59.75,0.46,0.45,0.62,0.7,0.0,,,,,,A21A-3
uk_boxer_crv_block2,7.0,,,0.0,,1.0,455.0,57.63,0.0,0.0,1.54,0.77,0.0,,,,,,CRV_Block_2
f_15c_msip2,6.0,0.0,1.33,1.33,0.0,0.0,382.0,58.34,1.57,1.38,0.02,0.02,22.0,,,2.05,,0.0,F-15C_MSIP_II
f-86k_late,6.0,,,,,,9.0,,,1.0,,0.06,0.0,,,,,,F-86K
f_16c_block_50,6.0,0.0,1.0,1.0,0.33,0.33,281.0,67.17,1.36,1.54,0.43,0.49,17.0,0.0,6.0,2.67,0.0,0.0,F-16C
av_8b_plus,6.0,0.0,1.0,1.0,0.0,0.0,40.0,35.71,0.9,1.16,0.5,0.88,10.0,,,1.0,,0.0,AV-8B_Plus
b_25j_30_china,6.0,,,,,,24.0,50.0,0.0,0.0,0.0,0.0,0.0,,,,,,B-25J-30_(China)
germ_vilkas,5.0,,,0.0,,1.0,139.0,26.39,0.0,0.0,1.78,1.43,0.0,,,,,,Vilkas
fokker_d21_serie3_finland,7.0,,,,,,1.0,,,,,,0.0,,,,,,Fokker_D.XXI-3
yak-38m,6.0,,,0.0,,0.0,30.0,46.43,0.46,0.38,0.0,0.18,0.0,,,,,,Yak-38M
saab_j21a_1,5.0,,,0.4,,0.0,5.0,0.0,3.0,2.8,0.0,0.2,0.0,,,,,,J21A-1
germ_pzkpfw_38t_na,6.0,66.67,0.0,0.0,0.67,1.0,0.0,,,,,,0.0,,,,,,Pz.38(t)_n.A.
us_m10_booker_late,6.0,100.0,0.0,0.0,0.0,0.17,736.0,52.86,0.0,0.0,1.73,1.28,0.0,,,,,,M10_Booker
ussr_isu_122,6.0,,,,,,40.0,,,0.0,,1.56,0.0,,,,,,ISU-122
il_2_1942_luftwaffe,5.0,,,0.2,,0.2,15.0,31.25,0.13,0.08,0.13,0.08,0.0,,,,,,IL-2_(1942)
it_pzh_2000_hu,6.0,50.0,1.5,,0.5,,114.0,48.5,0.48,0.37,2.26,2.19,0.0,,,,,,PzH_2000HU
uk_challenger_2_bn,4.0,,,,,,183.0,59.29,0.0,0.0,3.06,2.43,0.0,,,,,,Black_Night
do_217m_1,6.0,100.0,0.0,0.0,6.5,6.5,18.0,50.0,0.0,0.0,2.5,2.5,0.0,,,,,,Do_217_M-1
tu-2_postwar,6.0,,,0.0,,2.0,16.0,50.0,0.5,0.14,1.5,0.79,0.0,,,,,,Tu-2S-44
ussr_su_122P,5.0,,,,,,6.0,,,0.0,,2.0,0.0,,,,,,SU-122P
it_ariete_amv_pt1,4.0,50.0,0.0,0.0,1.5,3.0,48.0,54.55,0.0,0.0,2.49,4.19,0.0,,,,,,Ariete_AMV
spitfire_f22,8.0,100.0,2.0,2.5,7.3,3.65,54.0,57.14,0.45,0.67,1.44,1.91,0.0,,,,,,Spitfire_F_Mk_22
us_xm_8,6.0,,,0.0,,2.0,33.0,100.0,0.0,0.0,2.63,2.19,0.0,,,,,,XM8
ussr_kv_122,5.0,,,,,,193.0,38.09,0.0,0.0,2.88,1.71,0.0,,,,,,KV-122
re_2005_vdm,4.0,,,2.0,,1.0,49.0,50.0,0.94,1.43,1.19,1.81,0.0,,,,,,Re.2005_(VDM)
xf5f,5.0,,,,,,2.0,100.0,1.0,1.0,1.0,1.0,0.0,,,,,,XF5F
g_55_serie1,4.0,,,,,,7.0,,,0.86,,1.71,0.0,,,,,,G.55_serie_1
p-47d_22_re_france,5.0,,,1.0,,0.0,57.0,57.14,0.13,0.13,2.09,2.16,0.0,,,,,,P-47D-22-RE
us_nasams_fcs,5.0,,,,,,131.0,80.22,1.62,0.69,0.0,0.0,0.0,,,,,,NASAMS_3_(СОЦ)
us_t86,4.0,,,,,,67.0,71.93,0.0,0.0,2.72,2.39,0.0,,,,,,T86
it_freccia,4.0,,,,,,66.0,76.89,0.0,0.0,1.45,1.22,18.0,,,0.0,,1.0,Freccia
er-2_m105r_lu2b,5.0,100.0,0.0,,1.6,,9.0,,,,,,0.0,,,,,,Yer-2_(M-105R)_LU
fa_18c_switzerland,6.0,,,1.0,,0.0,939.0,52.38,1.0,1.22,0.07,0.07,48.0,,,0.35,,0.0,◌F/A-18C
p-36a,6.0,,,,,,0.0,,,,,,0.0,,,,,,P-36A
uk_challenger_1_mk_3_gulf,4.0,,,0.0,,2.0,692.0,68.98,0.0,0.0,4.39,2.5,0.0,,,,,,Challenger_DS
il_tiran_4,6.0,,,0.0,,1.0,12.0,,,0.0,,1.0,0.0,,,,,,Tiran_4
us_t54e2,4.0,,,0.0,,1.0,21.0,0.0,0.0,0.0,2.0,2.0,0.0,,,,,,T54E2
germ_thyssen_henschel_tam_2c,4.0,50.0,0.0,0.0,0.5,1.0,326.0,47.31,0.0,0.0,1.96,1.37,20.0,50.0,0.0,0.0,0.5,0.09,TAM_2C
germ_sdkfz_234_1,4.0,50.0,0.0,0.0,0.0,0.0,30.0,100.0,0.23,0.07,5.53,3.09,0.0,,,,,,Sd.Kfz.234/1
i-15_1935,5.0,,,,,,0.0,,,,,,0.0,,,,,,I-15_M-22
uk_chieftain_marksman,6.0,,,0.0,,1.0,99.0,61.89,0.56,0.62,0.97,1.08,0.0,,,,,,Chieftain_Marksman
cn_is_2_1944,6.0,,,0.0,,0.0,31.0,35.0,0.0,0.0,2.05,2.2,0.0,,,,,,IS-2_(1944)_(China)
fr_vcac_mephisto,6.0,,,,,,280.0,66.12,0.0,0.0,2.05,1.62,0.0,,,,,,MEPHISTO
seafire_fr47,4.0,,,,,,0.0,,,,,,0.0,,,,,,Seafire_FR_47
cn_m48a1_patton_III,6.0,,,,,,158.0,69.05,0.0,0.0,2.17,1.26,0.0,,,,,,M48A1_(China)
la-5fn_luftwaffe,4.0,100.0,22.0,,0.0,,34.0,50.0,0.56,1.12,0.0,0.0,10.0,,,,,,La-5FN
j2m2,4.0,,,4.0,,1.0,39.0,100.0,5.04,,1.57,,0.0,,,,,,J2M2
j2m4_kai,4.0,,,2.0,,3.0,72.0,58.89,1.4,1.7,0.4,0.48,0.0,,,,,,J2M4_Kai
germ_sdkfz_251_9,5.0,100.0,0.0,0.0,4.2,4.2,0.0,,,,,,0.0,,,,,,Sd.Kfz.251/9
sw_lvkv_90c,6.0,50.0,1.0,2.0,2.0,4.0,236.0,24.78,0.98,0.91,1.27,1.06,0.0,,,,,,Lvkv_9040C
us_t28,3.0,0.0,0.0,0.0,3.0,3.0,0.0,,,,,,0.0,,,,,,T28
us_t114,3.0,100.0,0.0,0.0,3.0,3.0,37.0,100.0,0.0,0.0,4.75,3.98,0.0,,,,,,T114
il_merkava_mk_3b,5.0,,,,,,67.0,66.67,0.0,0.0,2.5,1.28,0.0,,,,,,Merkava_Mk.3B
mig-9,4.0,,,1.25,,1.0,13.0,50.0,0.0,0.0,0.5,1.0,0.0,,,,,,MiG-9
uk_17_pdr_m10_achilles,3.0,,,0.0,,2.0,62.0,51.36,0.0,0.0,1.64,2.41,0.0,,,,,,Achilles
ms_410c1,4.0,50.0,1.25,2.5,0.0,0.0,0.0,,,,,,0.0,,,,,,M.S.410
ms_405c1,4.0,0.0,2.5,2.5,0.0,0.0,0.0,,,,,,0.0,,,,,,M.S.405C1
pbj_1j,4.0,,,0.0,,3.0,0.0,,,,,,0.0,,,,,,PBJ-1J
mig_3_series_34,4.0,100.0,10.75,10.75,1.0,1.0,0.0,,,,,,0.0,,,,,,MiG-3-34
il_28,4.0,,,,,,36.0,50.0,0.4,0.13,1.5,1.5,0.0,,,,,,IL-28
us_m56_scorpion,4.0,100.0,0.0,0.0,2.0,2.0,293.0,61.94,0.0,0.0,2.82,1.04,0.0,,,,,,M56
il_merkava_mk_3c,5.0,,,0.0,,2.0,81.0,60.53,0.0,0.0,2.92,2.91,0.0,,,,,,Merkava_Mk.3C
a7he1,4.0,,,,,,0.0,,,,,,0.0,,,,,,A7He1
n1k2_j,3.0,,,1.0,,0.0,21.0,,,2.5,,2.5,0.0,,,,,,N1K2-J
mig-21_bis_sau,4.0,0.0,0.0,0.0,1.0,1.0,34.0,100.0,1.88,1.0,0.0,0.0,0.0,,,,,,◊MiG-21bis-SAU
ms_406c1,4.0,0.0,1.0,,0.0,,0.0,,,,,,0.0,,,,,,M.S.406C1
j_7d,4.0,,,0.0,,1.0,689.0,66.48,1.6,2.24,0.37,0.53,0.0,,,,,,J-7D
p-51h-5_na,4.0,,,,,,221.0,48.9,1.76,3.39,2.29,4.44,22.0,,,3.83,,0.0,P-51H-5-NA
spitfire_ix_ussr,4.0,,,1.0,,0.0,70.0,67.03,1.86,2.53,0.96,2.0,0.0,,,,,,Spitfire_Mk_IXc
fr_m36b2_cefeo,3.0,,,0.0,,0.67,149.0,57.69,0.0,0.0,1.38,1.25,0.0,,,,,,M36B2
fr_leopard_2a5nl,5.0,,,,,,27.0,60.42,0.0,0.0,1.35,2.13,0.0,,,,,,Leopard_2A5NL
ta_154a_1,4.0,100.0,1.0,,0.0,,23.0,0.0,1.0,1.0,0.0,0.0,0.0,,,,,,Ta_154_A-1
il_28sh,4.0,,,0.0,,2.0,26.0,50.0,0.0,0.0,0.5,1.0,0.0,,,,,,IL-28Sh
pbj_1h,4.0,,,0.0,,0.0,0.0,,,,,,0.0,,,,,,PBJ-1H
fr_m4a4_cn_75_50,3.0,,,,,,123.0,53.89,0.0,0.0,2.98,2.21,0.0,,,,,,M4A4_(SA50)
javelin_fmk9,3.0,50.0,0.5,1.0,0.0,0.0,39.0,52.5,1.44,2.48,1.11,1.82,21.0,,,3.14,,0.0,Javelin_F.(A.W.)_Mk.9
fr_amx_32_105,5.0,100.0,0.0,0.0,1.0,1.0,468.0,56.13,0.0,0.0,1.74,1.5,0.0,,,,,,AMX-32_(105)
mig-21_mf,4.0,,,0.0,,0.0,126.0,73.09,1.15,1.46,0.0,0.0,4.0,,,,,,◊MiG-21MF
il_sholef,4.0,0.0,0.0,0.0,1.0,0.5,25.0,66.67,0.67,0.67,2.0,2.0,0.0,,,,,,Sholef
p_108b_serie2,4.0,0.0,0.0,0.0,2.25,2.25,0.0,,,,,,0.0,,,,,,P.108B_serie_2
sea_fury_fb11,6.0,100.0,3.0,2.0,4.0,2.7,4.0,100.0,1.0,,0.0,,0.0,,,,,,Sea_Fury_FB_11
it_otomatic,2.0,,,,,,132.0,45.24,0.69,0.64,1.23,1.05,0.0,,,,,,OTOMATIC
beaufighter_mk6c,3.0,,,,,,0.0,,,,,,0.0,,,,,,Beaufighter_Mk_VIc
hunter_f58_switzerland,3.0,,,2.0,,0.0,489.0,64.11,1.09,1.04,1.32,1.29,0.0,,,,,,◌Hunter_F.58
it_sherman_VII,3.0,100.0,0.0,0.0,3.0,3.0,52.0,0.0,0.0,0.0,2.74,2.74,0.0,,,,,,M4_Tipo_IC
it_semovente_m43_75_46,3.0,100.0,0.0,0.0,3.0,3.0,0.0,,,,,,0.0,,,,,,75/46_M43
germ_flakpanzer_I_ausf_A,3.0,0.0,0.0,,2.0,,6.0,,,0.0,,2.67,0.0,,,,,,Flakpanzer_I
fr_leclerc_s2,4.0,,,0.0,,2.0,119.0,56.43,0.0,0.0,1.85,1.12,0.0,,,,,,Leclerc_S2
a-26b_10,3.0,,,0.0,,3.0,0.0,,,,,,0.0,,,,,,A-26B-10
us_m1128_wolfpack,1.0,,,0.0,,1.0,682.0,49.93,0.0,0.0,1.51,1.03,0.0,,,,,,M1128_Wolfpack
fr_leclerc_s1,4.0,,,,,,155.0,34.25,0.0,0.0,2.44,1.6,0.0,,,,,,Leclerc
ussr_it_1,4.0,,,,,,237.0,57.85,0.0,0.0,1.98,1.71,4.0,50.0,0.0,0.0,1.5,1.5,IT-1
il_amx_13_75,4.0,,,,,,182.0,54.83,0.0,0.0,2.19,2.03,2.0,,,,,,AMX-13_(Israel)
spitfire_mk5c,4.0,100.0,2.0,2.0,1.5,1.5,105.0,76.67,2.36,2.49,1.5,1.47,29.0,,,2.65,,0.0,Spitfire_Mk_Vc/trop
wm_21,1.0,,,0.0,,3.0,0.0,,,,,,0.0,,,,,,◔WM-21
re_2000_heja_1,1.0,100.0,1.0,1.0,2.0,2.0,0.0,,,,,,0.0,,,,,,◔Héja_I
a6m5otsu,2.0,,,2.0,,0.0,24.0,,,1.1,,2.0,0.0,,,,,,A6M5_otsu
sw_strf_9056,3.0,100.0,0.0,0.0,2.0,2.0,156.0,65.0,0.02,0.03,2.47,1.37,74.0,28.57,0.0,0.0,1.3,1.08,Strf_9040_BILL
ussr_t_50,1.0,,,0.0,,3.0,115.0,38.67,0.0,0.0,2.25,2.13,0.0,,,,,,T-50
il_merkava_mk_1,5.0,50.0,0.0,0.0,2.75,3.15,189.0,64.17,0.0,0.0,4.98,2.65,0.0,,,,,,Merkava_Mk.1
fr_amx_50_foch,1.0,,,,,,109.0,92.31,0.0,0.0,5.15,1.67,0.0,,,,,,AMX-50_Foch
f-84g_china,2.0,,,1.0,,1.0,12.0,100.0,0.0,0.0,1.0,0.29,0.0,,,,,,F-84G-21-RE_(China)
wellington_mk10,1.0,,,0.0,,2.0,0.0,,,,,,0.0,,,,,,Wellington_Mk_X
il_magach_6b,1.0,50.0,0.0,0.0,1.5,3.0,86.0,75.0,0.0,0.0,3.94,2.06,0.0,,,,,,Magach_6B
tempest_mkv_luftwaffe,2.0,0.0,2.0,2.0,0.0,0.0,54.0,56.52,1.54,2.15,0.76,1.0,0.0,,,,,,Tempest_Mk_V
sw_strf_90b,3.0,,,,,,405.0,60.6,0.17,0.13,2.07,1.78,0.0,,,,,,Strf_9040B
germ_sdkfz_251_21,2.0,,,1.0,,0.0,100.0,33.04,1.41,1.96,0.36,0.57,0.0,,,,,,Sd.Kfz.251/21
it_pzkpfw_III_ausf_N,1.0,,,0.0,,2.0,2.0,,,0.0,,1.0,0.0,,,,,,Pz.III_N
do_335a_0,2.0,100.0,2.5,2.5,0.0,0.0,13.0,100.0,1.0,1.0,4.0,4.0,0.0,,,,,,Do_335_A-0
us_t32e1,1.0,,,,,,57.0,66.67,0.0,0.0,4.06,2.1,0.0,,,,,,T32E1
meteor_fmk8_iaf,3.0,,,,,,27.0,100.0,0.0,0.0,0.0,0.0,0.0,,,,,,Meteor_F.8_(Israel)
cn_su_76m_1943,2.0,,,,,,0.0,,,,,,0.0,,,,,,SU-76M_(China)
us_m2_medium,1.0,,,0.0,,1.0,0.0,,,,,,0.0,,,,,,M2
us_m551,0.0,,,,,,486.0,63.16,0.0,0.0,1.3,1.0,0.0,,,,,,M551
it_m3a3_stuart,1.0,100.0,0.0,0.0,1.0,1.0,6.0,100.0,0.0,0.0,1.0,1.0,0.0,,,,,,M3A3
re_2000_heja_2,1.0,,,,,,0.0,,,,,,0.0,,,,,,◔Héja_II
fr_amx_30_b2_brenus,3.0,100.0,0.0,0.0,3.0,3.0,402.0,73.18,0.0,0.0,2.23,1.92,0.0,,,,,,AMX-30B2_BRENUS
fr_leopard_2a6nl,2.0,,,0.0,,0.0,0.0,,,,,,0.0,,,,,,Leopard_2A6NL
germ_m55,2.0,,,,,,103.0,74.71,0.0,0.0,2.87,1.7,0.0,,,,,,◄M55
il_tiran_4_sh,1.0,,,0.0,,1.0,65.0,0.0,0.0,0.0,2.55,1.03,0.0,,,,,,Tiran_4S
us_m60a2,2.0,,,,,,105.0,93.18,0.0,0.0,6.0,1.93,0.0,,,,,,M60A2
il_merkava_mk_4m,2.0,,,0.0,,1.5,535.0,75.79,0.05,0.05,6.73,6.07,0.0,,,,,,Merkava_Mk.4M
il_m48a1_patton_III,2.0,0.0,0.0,0.0,1.0,1.0,106.0,49.38,0.0,0.0,1.18,0.93,0.0,,,,,,Magach_1
fr_jaguar_ebrc,2.0,,,0.0,,1.0,570.0,51.73,0.04,0.04,0.88,0.77,0.0,,,,,,EBRC_Jaguar
fr_leclerc_azur,2.0,,,0.0,,1.0,245.0,58.63,0.0,0.0,2.6,1.92,0.0,,,,,,Leclerc_AZUR
a_4e_early,1.0,,,,,,397.0,65.5,0.17,0.2,2.01,2.11,4.0,,,0.0,,0.0,A-4E_Early
h8k2,3.0,100.0,0.0,0.0,0.0,0.0,0.0,,,,,,0.0,,,,,,H8K2
germ_leopard_2av,1.0,,,,,,139.0,90.72,0.0,0.0,3.25,2.09,0.0,,,,,,Leopard_2AV
ussr_zsu_37,1.0,,,,,,40.0,,,0.0,,0.0,0.0,,,,,,ZSU-37
ussr_rbt_5,2.0,100.0,0.0,0.0,4.0,4.0,15.0,91.67,0.0,0.0,0.93,1.27,0.0,,,,,,RBT-5
cn_type_69_2g,2.0,,,,,,137.0,48.84,0.0,0.0,2.92,2.8,0.0,,,,,,T-69_II_G
germ_pzkpfw_III_ausf_B,2.0,100.0,0.0,,2.0,,0.0,,,,,,0.0,,,,,,Pz.III_B
ussr_bmd_4m,0.0,,,,,,604.0,47.68,0.0,0.0,3.56,1.63,67.0,100.0,0.73,0.35,4.91,2.62,БМД-4M
uk_rooikat_105_td,0.0,,,,,,329.0,55.71,0.0,0.0,3.03,2.06,0.0,,,,,,Rooikat_105
uk_m4a5_ram_2,2.0,,,,,,8.0,,,0.0,,2.25,0.0,,,,,,Ram_II
spitfire_mk5c_notrop,2.0,100.0,2.0,2.0,1.0,1.0,17.0,100.0,3.0,,2.0,,0.0,,,,,,Spitfire_Mk_Vc
uk_valentine_mk_11,2.0,,,,,,5.0,100.0,0.0,0.0,0.2,0.2,0.0,,,,,,Valentine_XI
germ_9a35_m,0.0,,,,,,55.0,65.69,1.38,1.78,0.0,0.0,0.0,,,,,,Стрела-10М
spitfire_mk9c_4cannons,2.0,100.0,2.0,2.0,1.0,1.0,22.0,100.0,3.45,3.45,0.45,0.45,10.0,,,2.0,,0.0,Spitfire_F_Mk_IXc
vl_myrsky_2_late,1.0,,,,,,27.0,72.22,0.28,0.28,0.6,0.6,0.0,,,,,,VL_Myrsky_II
ussr_t_72m2_moderna,1.0,,,,,,216.0,71.61,0.0,0.0,5.53,3.59,2.0,,,,,,T-72M2_Moderna
er-2_m105_mv3,0.0,,,,,,6.0,,,0.0,,0.0,0.0,,,,,,Yer-2_(M-105)
sw_ikv_72,2.0,,,,,,62.0,,,0.0,,3.92,0.0,,,,,,Ikv_72
il_zsu_23_4,1.0,100.0,1.0,1.0,0.0,0.0,113.0,92.31,0.22,0.35,0.07,0.06,0.0,,,,,,ZSU-23-4_(Israel)
it_b1_centauro,1.0,,,,,,687.0,69.57,0.0,0.0,1.76,1.76,12.0,5.0,0.0,0.0,0.95,1.0,Centauro_I_105
jp_type_5_chi_ri,0.0,,,,,,203.0,71.17,0.0,0.0,4.82,4.0,0.0,,,,,,Chi-Ri_II
su-7b,1.0,,,,,,36.0,68.33,0.12,0.12,0.62,0.73,0.0,,,,,,Su-7B
f-86f-40_japan_blue_impulse,0.0,,,,,,24.0,0.0,2.0,2.5,1.57,1.81,0.0,,,,,,F-86F-40_JASDF
it_zsu_23_4,1.0,0.0,1.0,1.0,0.0,0.0,77.0,7.35,0.09,0.08,0.0,0.0,0.0,,,,,,◔ZSU-23-4
re_2000_ga,2.0,,,1.0,,0.0,0.0,,,,,,0.0,,,,,,Re.2000_G.A.
sw_pvkv_iv,0.0,,,,,,25.0,,,0.0,,2.7,0.0,,,,,,Pvkv_IV
alpha_jet_a_thailand,0.0,,,,,,256.0,70.23,0.25,0.23,2.25,2.49,0.0,,,,,,Alpha_Jet_A
mig-19pt,2.0,,,1.0,,0.0,63.0,10.26,1.28,1.25,0.0,0.0,0.0,,,,,,MiG-19PT
uk_fv221_caernarvon,0.0,,,,,,154.0,50.0,0.0,0.0,1.15,1.64,0.0,,,,,,Caernarvon
p_108a_serie2,2.0,,,0.0,,0.0,0.0,,,,,,0.0,,,,,,P.108A_serie_2
cn_hq_11,1.0,,,,,,43.0,53.03,1.87,1.87,0.0,0.0,0.0,,,,,,HQ11
fr_m55,1.0,,,0.0,,2.0,0.0,,,,,,0.0,,,,,,M55
jp_type_16,1.0,,,,,,124.0,38.89,0.0,0.0,2.72,1.68,0.0,,,,,,Type_16
b6n1,0.0,,,,,,1.0,,,,,,0.0,,,,,,B6N1_Model_11
hurricanemkii,0.0,,,,,,0.0,,,,,,0.0,,,,,,Hurricane_Mk_IIB/Trop
sb2u-2,0.0,,,,,,0.0,,,,,,0.0,,,,,,SB2U-2
hp52_hampden_tbmk1_ussr_utk1,0.0,,,,,,0.0,,,,,,0.0,,,,,,Hampden_TB_Mk_I
ussr_t_126sp,0.0,,,,,,9.0,,,0.0,,1.89,0.0,,,,,,T-126
germ_sdkfz_251_10,0.0,,,,,,21.0,,,0.0,,1.11,0.0,,,,,,Sd.Kfz.251/10
do_217k_1,0.0,,,,,,13.0,,,0.0,,0.0,0.0,,,,,,Do_217_K-1
ussr_object_248,0.0,,,,,,42.0,15.52,0.0,0.0,3.95,4.52,0.0,,,,,,Object_248
p-39q_25_france,0.0,,,,,,3.0,,,,,,0.0,,,,,,P-39Q-25
germ_flakpanzer_zerstorer_45,0.0,,,,,,195.0,15.83,1.37,0.92,0.18,0.18,0.0,,,,,,Zerstörer_45
fr_char_2c,0.0,,,,,,2.0,,,,,,0.0,,,,,,2C
cn_m42_duster,0.0,,,,,,41.0,45.0,0.85,0.35,0.85,0.35,0.0,,,,,,M42_(China)
sw_kungstiger,0.0,,,,,,16.0,,,0.0,,6.0,0.0,,,,,,Kungstiger
f_16a_block_10_iaf,0.0,,,,,,0.0,,,,,,19.0,,,0.97,,0.0,Netz
d4y1,0.0,,,,,,0.0,,,,,,0.0,,,,,,D4Y1
il_merkava_mk_3_raam_segol,0.0,,,,,,311.0,53.52,0.0,0.0,3.93,2.42,9.0,,,0.0,,1.67,Ra'am_Sagol
yak-9t_france,0.0,,,,,,0.0,,,,,,0.0,,,,,,Challe's_Yak-9T
meteor_nfmk13,0.0,,,,,,5.0,100.0,3.0,,3.8,,0.0,,,,,,Meteor_NF.13_(Israel)
sbd-3,0.0,,,,,,2.0,100.0,1.0,1.0,3.0,3.0,0.0,,,,,,SBD-3
z_1007_bis_serie5,0.0,,,,,,0.0,,,,,,0.0,,,,,,Z.1007_bis_serie_5
spitfire_mk14e,0.0,,,,,,6.0,100.0,2.0,2.0,1.0,1.0,0.0,,,,,,Spitfire_F_Mk_XIVe
so_4050_vautour_2a_iaf,0.0,,,,,,0.0,,,,,,0.0,,,,,,Vautour_IIA_IDF/AF
fokker_g1a,0.0,,,,,,0.0,,,,,,0.0,,,,,,◗Fokker_G.IA
it_m18_hellcat,0.0,,,,,,330.0,73.93,0.0,0.0,3.66,1.97,0.0,,,,,,M18
ki_10_1_commander,0.0,,,,,,0.0,,,,,,0.0,,,,,,Ki-10-I_C
fokker_d23,0.0,,,,,,0.0,,,,,,0.0,,,,,,◗Fokker_D.XXIII
ussr_is_6,0.0,,,,,,220.0,74.11,0.0,0.0,5.66,3.73,0.0,,,,,,IS-6
sm_79_1939_italy,0.0,,,,,,0.0,,,,,,0.0,,,,,,S.M.79_serie_8
jp_type_89,0.0,,,,,,378.0,65.38,0.0,0.0,2.56,2.5,0.0,,,,,,Type_89
pby-5a_ussr,0.0,,,,,,0.0,,,,,,0.0,,,,,,PBY-5A_Catalina
i-15bis_china,0.0,,,,,,0.0,,,,,,0.0,,,,,,I-15bis_(China)
mc200_serie3_italy,0.0,,,,,,20.0,58.33,0.0,0.0,0.0,0.0,0.0,,,,,,C._200_serie_3
ki_44_2_otsu,0.0,,,,,,0.0,,,,,,0.0,,,,,,Ki-44-II_otsu
p-63c-5_kingcobra_animal_version,0.0,,,,,,164.0,71.31,0.99,1.34,2.73,3.78,0.0,,,,,,␠Kingcobra
p-39k_1,0.0,,,,,,0.0,,,,,,0.0,,,,,,P-39K-1
it_t_72m1,0.0,,,,,,595.0,68.65,0.0,0.0,3.18,3.0,0.0,,,,,,◔T-72M1
typhoon_mk1a,0.0,,,,,,0.0,,,,,,0.0,,,,,,Typhoon_Mk_Ia
us_ccvl,0.0,,,,,,137.0,61.67,0.0,0.0,4.94,3.17,0.0,,,,,,CCVL
f2a-1,0.0,,,,,,0.0,,,,,,0.0,,,,,,F2A-1
uk_m109a1,0.0,,,,,,38.0,0.0,0.0,0.0,1.77,0.83,0.0,,,,,,M109A1
md_450b_ouragan_iaf,0.0,,,,,,10.0,,,,,,0.0,,,,,,M.D.450B_Ouragan_(Israel)
jp_m60a3_tts,0.0,,,,,,67.0,100.0,0.0,0.0,4.06,3.76,0.0,,,,,,M60A3_TTS
jp_type_74_f,0.0,,,,,,415.0,66.82,0.0,0.0,2.68,2.3,0.0,,,,,,Type_74_(F)
j2m5,0.0,,,,,,0.0,,,,,,0.0,,,,,,J2M5
j2m3,0.0,,,,,,41.0,100.0,3.0,2.1,0.0,0.0,0.0,,,,,,J2M3
ussr_su_57,0.0,,,,,,22.0,,,0.0,,1.0,0.0,,,,,,SU-57
it_btr_80a_hungary,0.0,,,,,,181.0,58.1,0.0,0.0,1.4,0.87,0.0,,,,,,◔BTR-80A
ussr_su_122,0.0,,,,,,141.0,68.59,0.0,0.0,4.64,2.1,0.0,,,,,,SU-122
harrier_frs1_early,0.0,,,,,,0.0,,,,,,0.0,,,,,,Sea_Harrier_FRS.1_(e)
hurricane_mk1,0.0,,,,,,11.0,100.0,1.18,,0.18,,6.0,,,2.0,,0.0,Hurricane_Mk_I/L
tu-1,0.0,,,,,,72.0,71.36,0.56,0.78,2.03,2.52,0.0,,,,,,Tu-1
jaguar_gr1,0.0,,,,,,8.0,,,0.0,,1.0,0.0,,,,,,Jaguar_GR.1
martin_139wc,0.0,,,,,,0.0,,,,,,0.0,,,,,,Martin_139WC
a6m5hei,0.0,,,,,,28.0,100.0,2.0,2.0,3.0,3.0,0.0,,,,,,A6M5_Hei
yak-23,0.0,,,,,,0.0,,,,,,0.0,,,,,,Yak-23
ki_84_hei,0.0,,,,,,61.0,82.05,1.89,1.63,1.3,1.0,0.0,,,,,,Ki-84_hei
it_semovente_m43_105_leoncello,0.0,,,,,,0.0,,,,,,0.0,,,,,,"M43_""G.C.Leoncello"""
uk_m3a1_stuart,0.0,,,,,,0.0,,,,,,0.0,,,,,,Stuart_III
i-16_type10_china,0.0,,,,,,0.0,,,,,,0.0,,,,,,I-16_type_10_(China)
p-66,0.0,,,,,,0.0,,,,,,0.0,,,,,,P-66
fr_pzkpfw_V_panther_dauphine,0.0,,,,,,13.0,,,0.0,,2.17,0.0,,,,,,Panther_«Dauphine»
md_454_mystere_4a,0.0,,,,,,33.0,100.0,3.0,3.0,3.0,3.0,0.0,,,,,,Mystere_IVA
ussr_9a33bm3,0.0,,,,,,36.0,11.11,1.22,1.0,0.0,0.0,2.0,,,1.0,,0.0,Оса-АКМ
hornet_mk3,0.0,,,,,,0.0,,,,,,0.0,,,,,,Hornet_Mk.III
ki_10_2,0.0,,,,,,21.0,,,,,,0.0,,,,,,Ki-10-II
re_2000_j20,0.0,,,,,,0.0,,,,,,0.0,,,,,,J20
fr_amx_40,0.0,,,,,,296.0,65.85,0.0,0.0,1.97,1.71,18.0,,,0.0,,2.0,AMX-40
ki-83,0.0,,,,,,0.0,,,,,,0.0,,,,,,Ki-83
spitfire_ix,0.0,,,,,,2.0,,,,,,77.0,70.0,6.1,1.7,0.0,0.0,Spitfire_LF_Mk_IX
p-51c-10_france,0.0,,,,,,26.0,100.0,1.4,1.33,1.3,1.33,0.0,,,,,,F-6C-10-NA
uk_a_22f_mk_7_churchill_crocodile,0.0,,,,,,16.0,50.0,0.0,0.0,1.67,1.94,0.0,,,,,,Churchill_Crocodile
sw_strv_m40l,0.0,,,,,,14.0,,,0.0,,1.0,0.0,,,,,,Strv_m/40L
hurricane_mk1b,0.0,,,,,,0.0,,,,,,0.0,,,,,,Sea_Hurricane_Mk_IB
md_460,0.0,,,,,,20.0,,,,,,0.0,,,,,,Super_Mystere_B2
it_fiat_cm52,0.0,,,,,,14.0,,,0.0,,0.0,0.0,,,,,,CM52
fiat_g50_seria7as_italy,0.0,,,,,,0.0,,,,,,0.0,,,,,,G.50_AS_serie_7
uk_centurion_mk_1,0.0,,,,,,117.0,79.63,0.0,0.0,4.12,4.52,0.0,,,,,,Centurion_Mk_1
hawk_209_indonesia,0.0,,,,,,16.0,100.0,2.0,0.0,5.0,0.0,0.0,,,,,,◥Hawk_209
fokker_d21_mod20,0.0,,,,,,0.0,,,,,,0.0,,,,,,Fokker_D.XXI
us_t55e1,0.0,,,,,,90.0,81.67,0.0,0.0,7.22,4.61,0.0,,,,,,T55E1
germ_infanterie_kampfpanzer_churchill,0.0,,,,,,33.0,100.0,0.0,0.0,1.0,0.5,0.0,,,,,,Pz.Kpfw._Churchill
ki_43_1,0.0,,,,,,0.0,,,,,,0.0,,,,,,Ki-43-I
ussr_object_685,0.0,,,,,,331.0,56.05,0.0,0.0,2.54,1.79,0.0,,,,,,Object_685
alpha_jet_e,0.0,,,,,,21.0,100.0,0.0,0.0,0.86,1.2,0.0,,,,,,Alpha_Jet_E
p-40f_10,0.0,,,,,,38.0,36.36,0.64,0.27,1.09,1.13,10.0,,,,,,P-40F-10
jp_type_75,0.0,,,,,,53.0,100.0,1.0,0.05,8.0,2.15,0.0,,,,,,Type_75_SPH
seafire_mk3,0.0,,,,,,0.0,,,,,,0.0,,,,,,Seafire_LF_Mk.III
uk_a_34_comet_iron_duke,0.0,,,,,,36.0,50.0,0.0,0.0,1.75,1.6,0.0,,,,,,"Comet_I_""Iron_Duke_IV"""
bf-109f-4_usa,0.0,,,,,,5.0,,,,,,15.0,,,1.0,,0.0,Bf_109_F-4
seafire_mk17,0.0,,,,,,11.0,,,,,,0.0,,,,,,Seafire_F_Mk_XVII
fr_amx_10p,0.0,,,,,,287.0,59.91,0.52,0.48,1.09,0.99,2.0,,,,,,AMX-10P
it_m13_40_serie_1,1.0,,,,,,0.0,,,,,,0.0,,,,,,M13/40_(I)
us_t77e1,0.0,,,,,,101.0,28.57,2.31,1.64,0.0,0.0,0.0,,,,,,T77E1
il_merkava_mk_4b,0.0,,,,,,117.0,80.42,0.0,0.0,4.46,2.31,0.0,,,,,,Merkava_Mk.4B
yak-38,0.0,,,,,,103.0,29.63,0.57,0.49,0.0,0.0,0.0,,,,,,Yak-38
germ_leopard_2a4m_can_sm,0.0,,,,,,1845.0,44.01,0.0,0.0,1.61,1.31,0.0,,,,,,◍Leopard_2A4M
us_m109a1,0.0,,,,,,84.0,50.0,0.46,0.37,1.71,0.99,0.0,,,,,,M109A1
uk_olifant_mk_2,0.0,,,,,,191.0,68.3,0.0,0.0,2.52,1.9,0.0,,,,,,Olifant_Mk.2
morko_morane,0.0,,,,,,24.0,43.75,0.81,1.35,0.56,1.0,0.0,,,,,,Mörkö-Morane
cn_gmc_cckw_353_m45_quad,0.0,,,,,,16.0,,,,,,0.0,,,,,,CCKW_353_(M45)
pbm_5a,0.0,,,,,,9.0,50.0,0.5,1.0,1.0,2.0,0.0,,,,,,"PBM-5A_""Mariner"""
uk_ratel_90,0.0,,,,,,74.0,88.1,0.0,0.0,4.03,2.35,0.0,,,,,,Ratel_90
p-63c-5_france,0.0,,,,,,45.0,98.89,0.29,0.27,2.41,2.34,0.0,,,,,,P-63C-5
kitsuka,0.0,,,,,,121.0,70.67,0.0,0.0,2.27,1.99,0.0,,,,,,Kikka
p-39q_5,0.0,,,,,,0.0,,,,,,0.0,,,,,,P-39Q-5
la_200_toriy,0.0,,,,,,101.0,32.05,1.41,1.62,3.26,2.51,0.0,,,,,,La-200
er-2_ach30b_early,0.0,,,,,,0.0,,,,,,0.0,,,,,,Yer-2_(ACh-30B)_(e)
uk_fv721_fox,0.0,,,,,,180.0,57.76,0.0,0.0,1.96,1.89,6.0,,,,,,Fox
sm_91,0.0,,,,,,30.0,,,0.0,,0.31,0.0,,,,,,SM.91
su-7bkl,0.0,,,,,,52.0,81.25,0.0,0.0,1.47,1.35,0.0,,,,,,Su-7BKL
uk_crusader_aa_mk_2,0.0,,,,,,4.0,,,,,,0.0,,,,,,Crusader_AA_Mk_II
douglas_ad_4,0.0,,,,,,25.0,54.76,0.09,0.1,2.44,3.6,0.0,,,,,,AD-4
he_112v_5,0.0,,,,,,0.0,,,,,,0.0,,,,,,He_112_V-5
germ_sppz2_luchs_a2,0.0,,,,,,87.0,18.39,0.48,0.37,0.35,0.34,0.0,,,,,,Luchs_A2
ussr_btr_152a,0.0,,,,,,102.0,21.94,0.69,0.69,0.1,0.1,0.0,,,,,,BTR-152A
cn_zsd63_pg87,0.0,,,,,,105.0,49.17,0.71,0.95,0.4,0.62,0.0,,,,,,ZSD63/PG87
buccaneer_s2b,0.0,,,,,,66.0,33.33,0.0,0.0,2.2,2.53,0.0,,,,,,Buccaneer_S.2B
us_skink_aa,0.0,,,,,,291.0,44.97,1.27,1.15,0.0,0.0,0.0,,,,,,Skink
sw_t_55m,0.0,,,,,,392.0,53.2,0.0,0.0,1.46,1.47,0.0,,,,,,T-55M
tornado_gr4,0.0,,,,,,0.0,,,,,,0.0,,,,,,Tornado_GR.4
a5m4,0.0,,,,,,0.0,,,,,,0.0,,,,,,A5M4
pe-2-205,0.0,,,,,,0.0,,,,,,0.0,,,,,,Pe-2-205
germ_bmp_1_ddr,0.0,,,,,,97.0,36.23,0.0,0.0,0.61,0.72,0.0,,,,,,SPz_BMP-1
hurricane_mk1_late_finland,0.0,,,,,,0.0,,,,,,0.0,,,,,,Hurricane_Mk_I/L
jp_type_99,0.0,,,,,,143.0,66.67,0.55,0.41,3.0,1.94,0.0,,,,,,Type_99
us_m1a1_abrams,0.0,,,,,,881.0,53.98,0.0,0.0,1.74,1.74,0.0,,,,,,M1A1
germ_leopard_2a5,0.0,,,,,,983.0,39.3,0.0,0.0,1.71,1.53,0.0,,,,,,Leopard_2A5
germ_stuh_III_ausf_G,0.0,,,,,,23.0,,,0.0,,3.0,4.0,,,0.0,,1.0,StuH_42_G
b_52h,0.0,,,,,,103.0,74.75,0.0,0.0,1.45,1.68,0.0,,,,,,B-52H
i-15_1935_moscow,0.0,,,,,,0.0,,,,,,0.0,,,,,,I-15_M-25
fr_panhard_ebr_1951,0.0,,,,,,289.0,51.54,0.0,0.0,1.76,1.58,0.0,,,,,,E.B.R._(1951)
p-38e,0.0,,,,,,0.0,,,,,,0.0,,,,,,P-38E
uk_crusader_mk_2_the_saint,0.0,,,,,,24.0,100.0,0.0,0.0,2.11,2.0,0.0,,,,,,"Crusader_""The_Saint"""
jp_type_87_rcv,0.0,,,,,,257.0,74.72,0.0,0.0,2.54,1.73,0.0,,,,,,Type_87_RCV
uk_ystervark_spaa,0.0,,,,,,93.0,50.0,0.58,0.83,0.0,0.0,0.0,,,,,,Ystervark
f_14a_early,0.0,,,,,,142.0,75.64,1.26,1.06,0.03,0.05,0.0,,,,,,F-14A_Early
g5n1,0.0,,,,,,0.0,,,,,,0.0,,,,,,G5N1
he-111h-2,0.0,,,,,,0.0,,,,,,0.0,,,,,,He_111_H-3
fiat_cr42_j11,0.0,,,,,,0.0,,,,,,0.0,,,,,,J11
ju-87d-3,0.0,,,,,,11.0,100.0,0.0,0.0,1.36,1.36,0.0,,,,,,Ju_87_D-3
ju-88a-1,0.0,,,,,,0.0,,,,,,0.0,,,,,,Ju_88_A-1
ki_67_1_otsu,0.0,,,,,,0.0,,,,,,0.0,,,,,,Ki-67-I_otsu
lancaster_mr7_france,0.0,,,,,,0.0,,,,,,0.0,,,,,,Lancaster_MR.7
sw_strv_m39_td,0.0,,,,,,0.0,,,,,,0.0,,,,,,Strv_m/39_TD
su_17m2,0.0,,,,,,0.0,,,,,,0.0,,,,,,Su-17M2
pb4y-2_china,0.0,,,,,,0.0,,,,,,0.0,,,,,,PB4Y-2_(China)
us_m18_hellcat_black_cat_race,,,,,,,,,,,,,,,,,,,"""Racing""_M18"
it_semovente_m43_105,0.0,,,,,,15.0,,,,,,0.0,,,,,,105/25_M43
germ_panzerwerfer_42,0.0,,,,,,0.0,,,,,,0.0,,,,,,15_cm_Pz.W.42
ussr_2s25,0.0,,,,,,200.0,37.5,0.0,0.0,1.85,1.2,2.0,,,,,,2S25
ussr_zprk_2s6,0.0,,,,,,714.0,61.91,1.04,0.8,0.29,0.22,4.0,,,3.0,,0.0,2S6
germ_sturmmorser_sturmtiger,0.0,,,,,,58.0,50.0,0.0,0.0,1.43,2.35,0.0,,,,,,38_cm_Sturmmörser
it_semovente_l40,0.0,,,,,,0.0,,,,,,0.0,,,,,,47/32_L40
it_semovente_m41_75_18,0.0,,,,,,0.0,,,,,,0.0,,,,,,75/18_M41
it_semovente_m41_75_32,0.0,,,,,,0.0,,,,,,0.0,,,,,,75/32_M41
it_semovente_m42_75_34,0.0,,,,,,0.0,,,,,,0.0,,,,,,75/34_M42
it_semovente_m43_75_34,0.0,,,,,,12.0,,,,,,0.0,,,,,,75/34_M43
ussr_buk_m3_launcher,,,,,,,,,,,,,,,,,,,"9К317М_""БУК-М3""_(СОУ)"
ussr_buk_m3_fcs,0.0,,,,,,65.0,89.13,1.38,0.36,0.0,0.0,0.0,,,0.0,,0.0,"9К317М_""БУК-М3""_(СОЦ)"
douglas_a_1h,0.0,,,,,,401.0,90.26,0.38,0.46,5.1,6.12,0.0,,,,,,A-1H
a-26b,0.0,,,,,,0.0,,,,,,0.0,,,,,,A-26B-50
a-26c,0.0,,,,,,0.0,,,,,,0.0,,,,,,A-26C-45
a-26c-45-dt,0.0,,,,,,0.0,,,,,,0.0,,,,,,A-26C-45DT
a_29_hudson,0.0,,,,,,0.0,,,,,,0.0,,,,,,A-29
a_5c,0.0,,,,,,102.0,74.17,0.54,0.98,0.85,1.41,0.0,,,,,,A-5C
a_7e_thailand,0.0,,,,,,125.0,70.63,0.79,0.81,1.85,1.86,28.0,,,0.0,,0.0,A-7E
a_7k,0.0,,,,,,9.0,0.0,0.0,0.0,0.0,0.0,0.0,,,,,,A-7K
uk_ac1_sentinel,0.0,,,,,,3.0,,,0.0,,5.67,0.0,,,,,,A.C.I
uk_a_13_mk1_3rd_rtr,0.0,,,,,,13.0,100.0,0.0,0.0,3.0,1.31,0.0,,,,,,A13_Mk_I_(3rd_R.T.R.)
uk_a_13_mk2_1939,0.0,,,,,,0.0,,,,,,0.0,,,,,,A13_Mk_II_1939
saab_a21rb,0.0,,,,,,60.0,71.43,0.0,0.0,0.57,0.3,0.0,,,,,,A21RB
vampire_fb5_j28b,0.0,,,,,,31.0,50.0,2.0,3.85,0.0,0.0,0.0,,,,,,A28B
saab_j29b,0.0,,,,,,39.0,50.0,0.0,0.0,0.5,0.24,0.0,,,,,,A29B
a2d,0.0,,,,,,643.0,74.25,0.11,0.09,2.13,1.91,2.0,,,0.0,,2.0,A2D-1
saab_a32a,0.0,,,,,,24.0,50.0,1.0,1.38,2.58,3.75,0.0,,,,,,A32A
saab_a32a_red_adam,0.0,,,,,,13.0,50.0,0.5,0.2,1.0,0.73,0.0,,,,,,A32A_Röd_Adam
a6m2_zero_usa,0.0,,,,,,1.0,,,,,,0.0,,,,,,A6M2
a6m2_n_zero,0.0,,,,,,0.0,,,,,,0.0,,,,,,A6M2-N
a6m3_mod22ko_zero,0.0,,,,,,19.0,100.0,2.78,,1.67,,0.0,,,,,,A6M3_mod._22Ko
a6m5ko,0.0,,,,,,143.0,57.52,1.77,2.78,3.33,5.19,0.0,,,,,,A6M5_Ko
a6m6c,0.0,,,,,,72.0,73.89,1.64,2.39,1.3,2.27,0.0,,,,,,A6M6c
germ_a7v,0.0,,,,,,0.0,,,,,,0.0,,,,,,A7V
it_ab_41,0.0,,,,,,9.0,,,0.0,,1.22,26.0,,,0.0,,0.0,AB_41
it_ab_43,0.0,,,,,,7.0,100.0,0.0,0.0,1.0,1.0,0.0,,,,,,AB_43
douglas_ad_4na_france,0.0,,,,,,67.0,60.42,0.0,0.0,0.85,0.61,0.0,,,,,,AD-4NA
uk_adats_m113a3,0.0,,,,,,67.0,,,0.8,,0.35,0.0,,,,,,ADATS_(M113)
uk_armored_car_mk_2_aa,0.0,,,,,,20.0,88.89,0.0,0.0,0.0,0.0,0.0,,,,,,AEC_AA
cn_hj_9,0.0,,,,,,360.0,50.84,0.0,0.0,2.41,1.76,0.0,,,,,,AFT09
us_ags_teledyne,0.0,,,,,,252.0,50.42,0.0,0.0,2.0,2.24,0.0,,,,,,AGS
aichi_e13a,,,,,,,,,,,,,,,,,,,Aichi_E13A1
saab_aj37,0.0,,,,,,103.0,42.46,0.33,0.6,0.38,0.59,0.0,,,,,,AJ37
saab_ajs37,0.0,,,,,,34.0,100.0,2.0,1.67,2.06,1.67,0.0,,,,,,AJS37
saab_ajs37_early,,,,,,,,,,,,,,,,,,,AJS37_(Early)
uk_alecto_mk_1,0.0,,,,,,18.0,,,,,,0.0,,,,,,Alecto_I
alpha_jet_a,0.0,,,,,,170.0,59.46,0.06,0.09,2.65,2.68,5.0,,,,,,Alpha_Jet_A
alpha_jet_a_jabog41,0.0,,,,,,24.0,93.33,0.0,0.0,1.2,1.2,11.0,0.0,0.0,0.0,1.0,0.91,Alpha_Jet_A_(JaboG_41)
fr_amc_34,0.0,,,,,,0.0,,,,,,0.0,,,,,,AMC.34_YR
fr_amc_35,0.0,,,,,,0.0,,,,,,0.0,,,,,,AMC.35_(ACG.1)
fr_amd_35_kwk39,0.0,,,,,,69.0,100.0,0.0,0.0,3.0,2.14,0.0,,,,,,AMD.35_(PaK)
fr_aml_90,0.0,,,,,,94.0,55.45,0.0,0.0,3.35,2.51,0.0,,,,,,AML-90
fr_amr_35_zt3,0.0,,,,,,0.0,,,,,,0.0,,,,,,AMR.35_ZT3
amx,0.0,,,,,,5.0,100.0,1.0,,3.0,,0.0,,,,,,AMX
amx_a_1a_brazil,0.0,,,,,,6.0,50.0,0.0,0.0,0.5,1.0,54.0,28.26,0.52,0.23,2.17,2.03,AMX_A-1A
fr_amx_10m_acra,0.0,,,,,,150.0,82.93,0.0,0.0,2.33,1.17,0.0,,,,,,AMX-10M
fr_amx_13_75,0.0,,,,,,296.0,67.99,0.0,0.0,2.04,1.79,25.0,,,0.0,,0.0,AMX-13
fr_amx_13_hot,0.0,,,,,,11.0,,,,,,0.0,,,,,,AMX-13_(HOT)
fr_amx_13_75_ss11,0.0,,,,,,14.0,,,0.0,,4.0,0.0,,,,,,AMX-13_(SS.11)
fr_amx_13_chaffee,0.0,,,,,,1.0,100.0,0.0,0.0,2.0,2.0,0.0,,,,,,AMX-13-M24
fr_amx_32,0.0,,,,,,230.0,50.71,0.0,0.0,2.79,2.2,0.0,,,,,,AMX-32
fr_amx_50_1950,0.0,,,,,,102.0,77.78,0.0,0.0,4.94,2.4,60.0,37.78,0.0,0.0,1.62,1.88,AMX-50_(TO90/930)
fr_amx_50_surblinde,0.0,,,,,,30.0,100.0,0.0,0.0,4.42,3.94,0.0,,,,,,AMX-50_Surblindé
cn_antelope_tc_1l_ads,0.0,,,,,,81.0,52.78,0.71,1.17,0.0,0.0,0.0,,,,,,Antelope
arado-196a-3,0.0,,,,,,0.0,,,,,,0.0,,,,,,Ar_196_A-3
arado-196a-5,0.0,,,,,,0.0,,,,,,0.0,,,,,,Ar_196_A-5
arado-234,0.0,,,,,,107.0,73.48,0.0,0.0,2.36,3.95,0.0,,,,,,Ar_234_B-2
arado-234c-3,0.0,,,,,,71.0,39.33,0.0,0.0,1.79,1.48,0.0,,,,,,Ar_234_C-3
uk_sp_17_pdr_valentine,0.0,,,,,,0.0,,,,,,0.0,,,,,,Archer
it_c1_ariete,0.0,,,,,,65.0,50.0,0.0,0.0,2.44,2.28,0.0,,,,,,Ariete
ariete,0.0,,,,,,113.0,54.5,3.95,3.6,3.52,3.07,49.0,51.67,0.85,1.15,0.52,0.67,Ariete
it_c1_ariete_pso,0.0,,,,,,79.0,76.11,0.0,0.0,2.32,2.11,0.0,,,,,,Ariete_PSO
it_c1_ariete_certezza,0.0,,,,,,182.0,59.37,0.0,0.0,3.15,2.21,0.0,,,,,,Ariete_Сertezza
it_as_42_metropolitana,0.0,,,,,,5.0,,,0.0,,1.0,24.0,,,0.0,,0.0,AS_42
sw_asrad_r,0.0,,,,,,97.0,12.78,2.39,2.48,0.0,0.0,0.0,,,,,,ASRAD-R
attaker_fb1,0.0,,,,,,7.0,,,2.0,,0.0,0.0,,,,,,Attacker_FB_1
attaker_fb2,0.0,,,,,,16.0,66.67,0.67,0.69,0.67,0.69,0.0,,,,,,Attacker_FB.2
f4u-6_au-1,0.0,,,,,,617.0,78.27,0.55,0.53,2.87,2.81,0.0,,,,,,AU-1
it_fiat_6616_cockerill,0.0,,,,,,155.0,39.58,0.0,0.0,4.56,1.48,0.0,,,,,,AUBL/74
it_aubl_74_60_70m,0.0,,,,,,52.0,,,0.0,,1.88,0.0,,,,,,AUBL/74_HVG
fr_amx_30_auf_1,0.0,,,,,,84.0,56.25,0.0,0.0,0.77,0.66,0.0,,,,,,AuF1
av_8b_plus_italy,0.0,,,,,,10.0,,,1.0,,0.0,10.0,,,1.0,,0.0,AV-8B_Plus
av_8s_late_thailand,0.0,,,,,,0.0,,,,,,0.0,,,,,,AV-8S_Late
uk_a30_sp_avenger_kit_3rank,0.0,,,,,,94.0,84.37,0.0,0.0,3.71,3.76,0.0,,,,,,Avenger_(Overlord)
avenger_mk1,0.0,,,,,,0.0,,,,,,0.0,,,,,,Avenger_Mk_II
a_4n,0.0,,,,,,244.0,68.34,2.57,6.37,4.69,11.84,0.0,,,,,,Ayit
b_10b,0.0,,,,,,0.0,,,,,,0.0,,,,,,B-10B
b-17e_japan,0.0,,,,,,0.0,,,,,,0.0,,,,,,B-17E
b-17e,0.0,,,,,,0.0,,,,,,0.0,,,,,,B-17E
b-17e_late,0.0,,,,,,0.0,,,,,,0.0,,,,,,B-17E/L
b-17g,0.0,,,,,,10.0,,,0.0,,0.0,0.0,,,,,,B-17G-60-VE
b_24d,0.0,,,,,,0.0,,,,,,0.0,,,,,,B-24D-25-CO
b_25j_30_vvs_ussr,0.0,,,,,,0.0,,,,,,0.0,,,,,,B-25J-30
b_26c_france,0.0,,,,,,0.0,,,,,,0.0,,,,,,B-26C
b-57,0.0,,,,,,7.0,,,0.0,,0.0,0.0,,,,,,B-57A
b-57b,0.0,,,,,,8.0,0.0,0.0,0.75,0.0,0.0,0.0,,,,,,B-57B
b_66b,0.0,,,,,,0.0,,,,,,10.0,,,,,,B-66B
br_20_dr,0.0,,,,,,0.0,,,,,,0.0,,,,,,B.R.20DR
br_20m_m1,0.0,,,,,,0.0,,,,,,0.0,,,,,,B.R.20M_M1
fr_b1_bis,0.0,,,,,,0.0,,,,,,0.0,,,,,,B1_bis
fr_b1_ter,0.0,,,,,,0.0,,,,,,0.0,,,,,,B1_ter
saab_b17a,0.0,,,,,,25.0,85.71,0.0,0.0,0.14,0.07,0.0,,,,,,B17A
saab_b17b,0.0,,,,,,0.0,,,,,,0.0,,,,,,B17B
saab_b18a,0.0,,,,,,0.0,,,,,,0.0,,,,,,B18A
b5n2,0.0,,,,,,0.0,,,,,,25.0,100.0,0.0,0.0,2.43,2.05,B5N2
b6n2,0.0,,,,,,0.0,,,,,,0.0,,,,,,B6N2_Model_12
b6n2a,0.0,,,,,,0.0,,,,,,0.0,,,,,,B6N2a_Model_12Ko
ussr_ba_11,0.0,,,,,,4.0,50.0,0.0,0.0,2.5,5.0,0.0,,,,,,BA-11
ba_65_k14_l,0.0,,,,,,0.0,,,,,,0.0,,,,,,Ba.65_(K.14)_L
ba_65_a80,0.0,,,,,,10.0,,,,,,0.0,,,,,,Ba.65_A.80
uk_badger,0.0,,,,,,54.0,33.33,0.0,0.0,1.64,0.76,2.0,,,0.0,,0.0,Badger
f_16d_block_40_barak_2,0.0,,,,,,81.0,91.84,0.43,0.48,1.28,1.4,0.0,,,,,,Barak_II
f_15a_iaf,0.0,,,,,,17.0,50.0,0.56,1.12,0.0,0.0,0.0,,,,,,Baz
f_15c_baz_msip,0.0,,,,,,0.0,,,,,,0.0,,,,,,Baz_Meshupar
be_6,0.0,,,,,,0.0,,,,,,0.0,,,,,,Be-6
beaufighter_mk1_40mm,0.0,,,,,,0.0,,,,,,0.0,,,,,,Beaufighter_Mk_I_(40-mm)
beaufort_mkviii,0.0,,,,,,0.0,,,,,,0.0,,,,,,Beaufort_Mk_VIII
germ_beutepanzer_mk_iv,0.0,,,,,,0.0,,,,,,0.0,,,,,,Beutepanzer_IV
bf-109b_2,0.0,,,,,,0.0,,,,,,0.0,,,,,,Bf_109_B-1
bf-109c_1,0.0,,,,,,0.0,,,,,,0.0,,,,,,Bf_109_C-1
bf-109e-7,0.0,,,,,,0.0,,,,,,0.0,,,,,,Bf_109_E-7/U2
bf-109g-14as,0.0,,,,,,0.0,,,,,,0.0,,,,,,Bf_109_G-14/AS
bf-109g-2_romania,0.0,,,,,,0.0,,,,,,0.0,,,,,,Bf_109_G-2
bf-109g-6_finland,0.0,,,,,,1.0,100.0,3.0,3.0,2.0,2.0,0.0,,,,,,Bf_109_G-6
bf-110c-6,0.0,,,,,,0.0,,,,,,0.0,,,,,,Bf_110_C-6
bf2c_1,0.0,,,,,,0.0,,,,,,0.0,,,,,,BF2C-1
bi,0.0,,,,,,54.0,68.52,1.26,2.0,0.0,0.0,0.0,,,,,,BI
blenheim_mkiv,0.0,,,,,,0.0,,,,,,0.0,,,,,,Blenheim_Mk_IV
ussr_bm_13n,0.0,,,,,,0.0,,,,,,0.0,,,,,,BM-13N
ussr_bm_31_12,0.0,,,,,,8.0,83.33,0.0,0.0,0.17,0.17,0.0,,,,,,BM-31-12
ussr_bm_8_24,0.0,,,,,,0.0,,,,,,0.0,,,,,,BM-8-24
ussr_bmd_4,0.0,,,,,,88.0,84.38,0.0,0.0,4.72,1.41,7.0,,,0.0,,1.29,BMD-4
ussr_bmp_1,0.0,,,,,,261.0,47.38,0.0,0.0,1.05,0.54,0.0,,,,,,BMP-1
ussr_bmp_2,0.0,,,,,,764.0,51.25,0.0,0.0,1.25,1.01,19.0,,,0.0,,1.0,BMP-2
sw_bmp_2md,0.0,,,,,,88.0,100.0,0.0,0.0,3.71,0.84,0.0,,,,,,BMP-2MD
boomerang_mki,0.0,,,,,,0.0,,,,,,0.0,,,,,,Boomerang_Mk_I
boomerang_mkii,0.0,,,,,,0.0,,,,,,0.0,,,,,,Boomerang_Mk_II
boston_mk_1,0.0,,,,,,0.0,,,,,,0.0,,,,,,Boston_Mk_I
uk_bosvark,0.0,,,,,,47.0,0.0,0.0,0.0,0.0,0.0,0.0,,,,,,Bosvark
germ_boxer_3105,0.0,,,,,,195.0,51.85,0.0,0.0,1.26,1.29,0.0,,,,,,Boxer_MGS
br_693_ab2,0.0,,,,,,17.0,,,0.0,,0.73,0.0,,,,,,Br.693AB2
breda_88,0.0,,,,,,0.0,,,,,,0.0,,,,,,Breda_88_(P.XI)
it_breda_52_autocannone,1.0,100.0,0.0,,4.0,,0.0,,,,,,0.0,,,,,,Breda_90/53
ussr_bt_7_1937_td,0.0,,,,,,0.0,,,,,,0.0,,,,,,BT-7_TD
ussr_bt_7a_f32,0.0,,,,,,51.0,77.27,0.0,0.0,3.0,2.19,0.0,,,,,,BT-7A_(F-32)
buccaneer_s1,0.0,,,,,,62.0,95.65,0.0,0.0,2.59,2.73,0.0,,,,,,Buccaneer_S.1
bv-138c-1,0.0,,,,,,0.0,,,,,,0.0,,,,,,BV_138_C-1
bv-238,0.0,,,,,,0.0,,,,,,0.0,,,,,,BV_238
mc200_serie3,0.0,,,,,,0.0,,,,,,0.0,,,,,,C._200_serie_3
mc200_serie7_italy,0.0,,,,,,0.0,,,,,,0.0,,,,,,C._200_serie_7
mc200_serie7,0.0,,,,,,0.0,,,,,,0.0,,,,,,C._200_serie_7
mc-202_italy,0.0,,,,,,23.0,23.68,0.29,0.37,0.0,0.0,0.0,,,,,,C._202
mc-202,0.0,,,,,,0.0,,,,,,0.0,,,,,,C._202
mc-205_serie1,0.0,,,,,,0.0,,,,,,0.0,,,,,,C._205_serie_1
mc-205_n2,0.0,,,,,,0.0,,,,,,0.0,,,,,,C._205N2
caudron_cr714,0.0,,,,,,0.0,,,,,,0.0,,,,,,C.R.714
it_c13_t90,0.0,,,,,,89.0,90.48,0.0,0.0,3.14,1.44,0.0,,,,,,C13_T90
it_c13_tua,0.0,,,,,,9.0,50.0,0.0,0.0,0.5,1.0,0.0,,,,,,C13/TUA
germ_leopard_c2_mexas,0.0,,,,,,30.0,100.0,0.0,0.0,3.73,3.17,0.0,,,,,,C2A1
fr_lorraine_100,0.0,,,,,,63.0,85.42,0.0,0.0,1.65,0.94,0.0,,,,,,CA_Lorraine
canberra_bimk6,0.0,,,,,,14.0,,,,,,0.0,,,,,,Canberra_B_(I)_Mk_6
canberra_bmk2,0.0,,,,,,4.0,,,0.0,,1.0,0.0,,,,,,Canberra_B_Mk_2
pby-5a_raf,0.0,,,,,,0.0,,,,,,0.0,,,,,,Catalina_Mk_IIIa
fr_cckw_353_bofors,0.0,,,,,,26.0,,,0.0,,0.0,0.0,,,,,,CCKW_353_AA
it_sahariano,0.0,,,,,,0.0,,,,,,0.0,,,,,,Celere_Sahariano
it_b1_centauro_romor,0.0,,,,,,60.0,59.53,0.0,0.0,1.83,2.0,0.0,,,,,,Centauro_I_105_R
it_centauro_mgs_120,0.0,,,,,,57.0,65.22,0.0,0.0,1.57,1.99,0.0,,,,,,Centauro_I_120
it_centauro_rgo_120,0.0,,,,,,318.0,60.63,0.0,0.0,2.66,1.65,0.0,,,,,,Centauro_RGO
uk_centurion_action_x,0.0,,,,,,71.0,94.17,0.0,0.0,3.58,1.59,0.0,,,,,,Centurion_Action_X
uk_centurion_mk_3,0.0,,,,,,105.0,56.78,0.0,0.0,1.46,1.63,0.0,,,,,,Centurion_Mk_3
uk_centurion_mk_2,0.0,,,,,,165.0,87.61,0.0,0.0,4.62,2.53,0.0,,,,,,Centurion_Mk.2
uk_centurion_mk_5_avre_era,0.0,,,,,,19.0,100.0,0.0,0.0,1.0,1.21,0.0,,,,,,Centurion_Mk.5_AVRE
uk_centurion_mk_5_raac,0.0,,,,,,85.0,94.17,0.0,0.0,5.36,2.93,0.0,,,,,,Centurion_Mk.5/1
uk_challenger_2_dorchester,0.0,,,,,,161.0,35.51,0.0,0.0,2.7,1.22,0.0,,,,,,Challenger_2_(2F)
uk_challenger_2_tes,0.0,,,,,,114.0,71.67,0.0,0.0,2.6,3.23,0.0,,,,,,Challenger_2_TES
uk_challenger_2e,0.0,,,,,,134.0,64.29,0.0,0.0,3.51,1.46,0.0,,,,,,Challenger_2E
uk_challenger_2_lep,0.0,,,,,,138.0,66.56,0.0,0.0,3.24,2.04,0.0,,,,,,Challenger_3_TD
jp_type_97_kai,0.0,,,,,,0.0,,,,,,0.0,,,,,,Chi-Ha_Kai
jp_type_97_kai_td,0.0,,,,,,0.0,,,,,,0.0,,,,,,Chi-Ha_Kai_TD
jp_type_97_chi_ha_12cm,0.0,,,,,,0.0,,,,,,0.0,,,,,,Chi-Ha_Short_Gun
jp_type_1_chi_he,0.0,,,,,,22.0,,,0.0,,3.73,0.0,,,,,,Chi-He
jp_type_1_chi_he_5th_regiment,0.0,,,,,,54.0,100.0,0.0,0.0,3.65,1.74,0.0,,,,,,Chi-He_(5th_Regiment)
uk_churchill_avre,0.0,,,,,,0.0,,,,,,0.0,,,,,,Churchill_AVRE_Petard
uk_a_22_mk_1_churchill_1941,0.0,,,,,,22.0,,,0.0,,2.14,0.0,,,,,,Churchill_I
f-86_cl_13_mk4_italy,0.0,,,,,,2.0,100.0,4.0,,1.0,,0.0,,,,,,CL-13_Mk.4
germ_th_800_bismark,0.0,,,,,,120.0,83.7,0.0,0.0,5.17,2.72,0.0,,,,,,Class_3_(P)
us_sl_amraam_launcher,,,,,,,,,,,,,,,,,,,CLAWS_(СОУ)
us_sl_amraam_fcs,0.0,,,,,,121.0,63.26,1.47,1.66,0.0,0.0,0.0,,,,,,CLAWS_(СОЦ)
cn_cm_25,0.0,,,,,,0.0,,,,,,0.0,,,,,,CM25
cn_cm_34,0.0,,,,,,108.0,56.17,0.0,0.0,1.59,1.2,6.0,100.0,0.0,0.0,5.0,2.5,CM34
uk_fv4004_conway,0.0,,,,,,35.0,90.0,0.0,0.0,1.97,1.02,0.0,,,,,,Conway
cr_32,0.0,,,,,,16.0,,,,,,0.0,,,,,,CR.32
cr_32_bis,0.0,,,,,,0.0,,,,,,0.0,,,,,,CR.32_bis
cr_32_quater,0.0,,,,,,11.0,,,,,,0.0,,,,,,CR.32_quater
fiat_cr42,0.0,,,,,,0.0,,,,,,0.0,,,,,,CR.42
fiat_cr42_italy,0.0,,,,,,0.0,,,,,,0.0,,,,,,CR.42
uk_crusader_aa_mk_2_kit_3rank,0.0,,,,,,21.0,50.0,1.0,2.0,0.0,0.0,0.0,,,,,,Crusader_AA_(Overlord)
uk_crusader_aa_mk_1,0.0,,,,,,41.0,100.0,0.0,0.0,2.06,1.38,0.0,,,,,,Crusader_AA_Mk_I
uk_crusader_mk_3,0.0,,,,,,113.0,55.93,0.0,0.0,1.75,2.3,0.0,,,,,,Crusader_III
fr_crusader_mk_2,0.0,,,,,,38.0,100.0,0.0,0.0,2.0,1.04,0.0,,,,,,Crusader_Mk.II
it_39m_csaba,0.0,,,,,,0.0,,,,,,0.0,,,,,,Csaba
sw_patria_amv_ctcv_105,0.0,,,,,,177.0,61.49,0.0,0.0,1.21,1.01,0.0,,,,,,CT-CV_105HP
jp_icv_prototype,0.0,,,,,,138.0,54.09,0.21,0.17,1.97,1.6,0.0,,,,,,CTWV_RCV
sw_cv_90_mk4,0.0,,,,,,85.0,41.32,0.0,0.0,1.06,1.26,0.0,,,,,,CV_90_Mk.IV
sw_cv_90105,0.0,,,,,,364.0,49.83,0.0,0.0,1.97,1.41,0.0,,,,,,CV_90105_TML
fr_cv_9035_nl,0.0,,,,,,115.0,63.34,0.0,0.0,2.39,1.61,0.0,,,,,,CV_9035NL
sw_cv_9030_fin,0.0,,,,,,269.0,58.68,0.0,0.0,1.25,1.17,0.0,,,,,,CV9030FIN
sw_cv_9035_dk,0.0,,,,,,136.0,58.22,0.0,0.0,2.15,1.67,0.0,,,,,,CV9035DK
d_371,0.0,,,,,,0.0,,,,,,0.0,,,,,,D.371
d_371_hs9,0.0,,,,,,0.0,,,,,,0.0,,,,,,D.371_H.S.9
d_373,0.0,,,,,,0.0,,,,,,0.0,,,,,,D.373
d_500,0.0,,,,,,0.0,,,,,,0.0,,,,,,D.500
d_501,0.0,,,,,,0.0,,,,,,0.0,,,,,,D.501
d_510c,0.0,,,,,,0.0,,,,,,0.0,,,,,,D.510C
d_520,0.0,,,,,,0.0,,,,,,0.0,,,,,,D.520
d_521,0.0,,,,,,0.0,,,,,,0.0,,,,,,D.521
fr_renault_d2,0.0,,,,,,0.0,,,,,,0.0,,,,,,D2
d3a1,0.0,,,,,,0.0,,,,,,0.0,,,,,,D3A1
uk_daimler_mk_2,0.0,,,,,,16.0,100.0,0.0,0.0,1.0,1.5,0.0,,,,,,Daimler_Mk_II
it_dardo_vcc,0.0,,,,,,50.0,8.41,0.0,0.0,2.46,2.34,65.0,19.3,0.0,0.0,1.85,1.78,Dardo
db_3b,0.0,,,,,,0.0,,,,,,0.0,,,,,,DB-3B
db_7,0.0,,,,,,3.0,,,,,,0.0,,,,,,DB-7
uk_desert_warrior,0.0,,,,,,68.0,39.5,0.0,0.0,0.36,0.29,0.0,,,,,,Desert_Warrior
do_17e_1,0.0,,,,,,0.0,,,,,,0.0,,,,,,Do_17_E-1
do_17z_2,0.0,,,,,,0.0,,,,,,0.0,,,,,,Do_17_Z-2
do_17z_7,0.0,,,,,,0.0,,,,,,0.0,,,,,,Do_17_Z-7
do_217j_1,0.0,,,,,,0.0,,,,,,0.0,,,,,,Do_217_J-1
do_217j_2,0.0,,,,,,0.0,,,,,,0.0,,,,,,Do_217_J-2
do_335b_2,0.0,,,,,,278.0,66.08,0.46,0.36,2.62,1.87,0.0,,,,,,Do_335_B-2
germ_pzkpfw_e_100,0.0,,,,,,1.0,,,0.0,,1.0,0.0,,,,,,E-100
fr_panhard_ebr_1963,0.0,,,,,,55.0,71.43,0.0,0.0,3.14,1.91,0.0,,,,,,E.B.R._(1963)
e7k2,,,,,,,,,,,,,,,,,,,E7K2
e8n2,,,,,,,,,,,,,,,,,,,E8N2
us_efv_p1,0.0,,,,,,197.0,75.64,0.0,0.0,2.64,0.99,0.0,,,,,,EFV
il_eitan,0.0,,,,,,32.0,5.56,0.0,0.0,3.22,1.85,0.0,,,,,,Eitan_(P)
uk_eland_90_mk_7,0.0,,,,,,92.0,85.26,0.0,0.0,1.28,0.98,2.0,,,,,,Eland_90_Mk.7
sw_eldenhet_98,0.0,,,,,,0.0,,,,,,0.0,,,,,,EldE_98
f_101c,,,,,,,,,,,,,,,,,,,F-101C
f-104g_belgium,0.0,,,,,,0.0,,,,,,0.0,,,,,,F-104G
f-104g_italy,0.0,,,,,,0.0,,,,,,0.0,,,,,,F-104G
f-104s,0.0,,,,,,10.0,50.0,1.0,2.0,0.5,1.0,4.0,,,,,,F-104S
f-104s_cb,0.0,,,,,,29.0,0.0,0.0,0.19,0.0,0.0,0.0,,,,,,F-104S_TAF
f-104s_asa,0.0,,,,,,8.0,,,,,,0.0,,,,,,F-104S.ASA
f_106a_1972,0.0,,,,,,18.0,11.11,2.43,1.93,0.77,0.6,0.0,,,,,,F-106A
f_117,0.0,,,,,,41.0,47.62,0.0,0.0,2.21,4.64,0.0,,,,,,F-117
f_14d,0.0,,,,,,1.0,,,0.0,,0.0,0.0,,,,,,F-14D
f_15i_raam,0.0,,,,,,161.0,66.22,0.73,0.83,1.86,1.81,0.0,,,,,,F-15I_Ra’am
f_15j,0.0,,,,,,71.0,70.83,2.9,3.24,0.0,0.0,0.0,,,,,,F-15J
f_15j_kai,0.0,,,,,,41.0,50.76,1.67,2.24,0.05,0.05,0.0,,,,,,F-15J(M)
f_16a_block_15_belgium,0.0,,,,,,14.0,2.78,1.92,1.92,0.08,0.08,28.0,,,1.0,,0.0,F-16A
f_16a_block_15_ocu_thailand,0.0,,,,,,32.0,50.0,0.5,1.0,1.5,3.0,0.0,,,,,,F-16A_OCU
f_16a_block_15_ocu_belgium,0.0,,,,,,97.0,43.72,0.73,0.9,0.0,0.0,33.0,,,1.7,,0.0,F-16A_OCU
f_16aj,0.0,,,,,,33.0,50.0,0.5,0.66,0.0,0.0,0.0,,,,,,F-16AJ
f_16am_block_15_mlu_belgium,0.0,,,,,,31.0,29.41,0.41,0.41,0.0,0.0,29.0,,,,,,F-16AM
f_16c_block_40_barak_2,0.0,,,,,,0.0,,,,,,0.0,,,,,,F-16C_Barak_II
f_16i_sufa,0.0,,,,,,63.0,50.0,0.66,0.62,0.48,0.38,0.0,,,,,,F-16I_Sufa
fa_18c_finland,0.0,,,,,,12.0,100.0,1.0,1.0,0.0,0.0,0.0,,,,,,F-18C
ef_2000a,0.0,,,,,,56.0,50.0,1.18,1.32,0.5,0.58,0.0,,,,,,F-2000A
ef_2000a_aesa,0.0,,,,,,114.0,61.11,1.38,2.33,1.8,3.33,0.0,,,,,,F-2000A_(AESA)
f_2a,0.0,,,,,,74.0,100.0,1.6,1.14,0.4,0.24,16.0,,,2.13,,0.0,F-2A
f_2a_adtw,0.0,,,,,,572.0,59.69,1.21,1.38,0.18,0.2,179.0,,,0.95,,1.07,F-2A_ADTW
f-4ej_adtw,0.0,,,,,,181.0,44.58,1.2,1.23,0.62,0.64,28.0,,,0.0,,0.0,F-4EJ_ADTW
f-4ej_kai,0.0,,,,,,34.0,50.0,1.0,2.0,0.0,0.0,0.0,,,,,,F-4EJ_Kai_Phantom_II
f-4ej,0.0,,,,,,60.0,56.0,0.68,0.63,0.56,0.62,0.0,,,,,,F-4EJ_Phantom_II
f-5t_thailand,0.0,,,,,,29.0,66.67,1.0,0.28,1.67,1.17,0.0,,,,,,F-5T_SCU
f-5th_thailand,0.0,,,,,,88.0,65.4,0.91,0.97,0.04,0.05,0.0,,,,,,F-5TH_TCU
f-80,0.0,,,,,,43.0,64.29,0.45,0.45,0.64,0.64,0.0,,,,,,F-80C-10
f-84f_italy,0.0,,,,,,0.0,,,,,,0.0,,,,,,F-84F
f-84f_iaf,0.0,,,,,,0.0,,,,,,0.0,,,,,,F-84F_IAF
f-84g,0.0,,,,,,0.0,,,,,,0.0,,,,,,F-84G-21-RE
f-84g_thailand,0.0,,,,,,94.0,57.28,0.84,1.28,1.45,2.34,0.0,,,,,,F-84G-21-RE
f-84g_italy,0.0,,,,,,29.0,100.0,0.0,0.0,1.0,0.47,0.0,,,,,,F-84G-21-RE
f-84g_france,0.0,,,,,,10.0,93.75,0.0,0.0,0.94,0.94,0.0,,,,,,F-84G-26-RE
f-86f-30_japan,0.0,,,,,,91.0,66.2,1.61,1.92,1.22,1.51,0.0,,,,,,F-86F-30_
f-86f-35,0.0,,,,,,8.0,100.0,1.5,1.5,1.5,1.5,0.0,,,,,,F-86F-35
f-86f-40_japan,0.0,,,,,,23.0,84.38,0.94,1.25,0.84,1.0,0.0,,,,,,F-86F-40_
f-86k_late_italy,0.0,,,,,,0.0,,,,,,0.0,,,,,,F-86K
f-8e_fn,0.0,,,,,,6.0,,,,,,4.0,,,,,,F-8E(FN)
f_222_2,0.0,,,,,,0.0,,,,,,0.0,,,,,,F.222.2
fc_20_bis,0.0,,,,,,6.0,,,,,,0.0,,,,,,F.C.20_Bis
fa_18c_mlu_2_finland,0.0,,,,,,17.0,50.0,1.0,1.0,1.0,1.58,0.0,,,,,,F/A-18C_MLU_2
fa_18d_late_malaysia,0.0,,,,,,13.0,,,2.0,,0.0,0.0,,,,,,F/A-18D_Late
fa_18f_block_2_raaf,0.0,,,,,,0.0,,,,,,0.0,,,,,,F/A-18F
f11f_1_late,0.0,,,,,,13.0,,,0.77,,0.0,0.0,,,,,,F11F-1
f1m2,0.0,,,,,,21.0,,,,,,0.0,,,,,,F1M2
f2g-1,0.0,,,,,,309.0,65.52,1.48,1.04,3.0,2.13,0.0,,,,,,F2G-1
f4d_1,0.0,,,,,,13.0,,,,,,0.0,,,,,,F4D-1
f4f-4,0.0,,,,,,0.0,,,,,,0.0,,,,,,F4F-4
f4u-1a_japan,0.0,,,,,,27.0,100.0,2.2,2.2,0.0,0.0,0.0,,,,,,F4U-1A
f4u-4b_vmf_214,0.0,,,,,,0.0,,,,,,0.0,,,,,,F4U-4B_VMF-214
f7f3,0.0,,,,,,8.0,100.0,3.33,4.0,4.0,8.0,0.0,,,,,,F7F-3
uk_falcon,0.0,,,,,,181.0,44.06,0.55,0.31,2.31,1.32,0.0,,,,,,Falcon
fr_fcm_36,0.0,,,,,,0.0,,,,,,0.0,,,,,,FCM.36
ffa_p16,0.0,,,,,,0.0,,,,,,0.0,,,,,,FFA_P-16
b_48_firecrest,0.0,,,,,,0.0,,,,,,0.0,,,,,,Firecrest
uk_sherman_vc_firefly_kit_3rank,0.0,,,,,,107.0,56.72,0.0,0.0,3.33,3.27,0.0,,,,,,Firefly_(Overlord)
it_fiat_6614_firos,0.0,,,,,,51.0,50.0,0.0,0.0,1.07,1.11,0.0,,,,,,FIROS_6
fj_4b_agm_12b,0.0,,,,,,0.0,,,,,,0.0,,,,,,FJ-4B_VMF-232
germ_flakpanzer_38t_Gepard,0.0,,,,,,11.0,,,0.0,,0.0,0.0,,,,,,Flakpanzer_38
germ_flarakrad,0.0,,,,,,25.0,0.0,1.25,1.11,0.0,0.0,0.0,,,,,,FlaRakRad
it_freccia_hitfist_ows,0.0,,,,,,317.0,49.36,0.01,0.01,1.6,1.39,0.0,,,,,,Freccia_OWS_30
fr_samp_t_launcher,,,,,,,,,,,,,,,,,,,FSAF_SAMP/T_(Mamba)_(СОУ)
fr_samp_t_fcs,0.0,,,,,,32.0,73.08,0.93,0.7,0.0,0.0,0.0,,,,,,FSAF_SAMP/T_(Mamba)_(СОЦ)
it_samp_t_fcs,0.0,,,,,,59.0,50.0,1.0,0.83,0.0,0.0,0.0,,,,,,FSAF_SAMP/T_(СОЦ)
fury_mk1,0.0,,,,,,0.0,,,,,,0.0,,,,,,Fury_Mk_I
fury_mk2,0.0,,,,,,0.0,,,,,,0.0,,,,,,Fury_Mk_II
fw-189a-1,0.0,,,,,,0.0,,,,,,0.0,,,,,,Fw_189_A-1
fw-190a-5_japan,0.0,,,,,,27.0,100.0,3.0,3.0,3.0,3.0,0.0,,,,,,Fw_190_A-5
fw-190a-5,0.0,,,,,,17.0,,,,,,0.0,,,,,,Fw_190_A-5/U12
fw-190c,0.0,,,,,,0.0,,,,,,0.0,,,,,,Fw_190_C
fw-190d-12,0.0,,,,,,4.0,100.0,2.0,,0.0,,27.0,0.0,4.07,4.15,0.0,0.0,Fw_190_D-12
fw-190d-13,0.0,,,,,,92.0,52.22,1.52,1.2,1.22,1.18,0.0,,,,,,Fw_190_D-13
fw-190d-9_ussr,0.0,,,,,,0.0,,,,,,13.0,,,3.0,,0.0,Fw_190_D-9
fw_200c_1,0.0,,,,,,9.0,,,,,,0.0,,,,,,Fw_200_C-1
fw_189c_0,,,,,,,,,,,,,,,,,,,Fw_189_C
fiat_g50_seria7as,0.0,,,,,,0.0,,,,,,0.0,,,,,,G.50_AS_serie_7
fiat_g50_seria2,0.0,,,,,,0.0,,,,,,0.0,,,,,,G.50_serie_2
fiat_g50_seria2_italy,0.0,,,,,,0.0,,,,,,0.0,,,,,,G.50_serie_2
g_55_serie1_ss0,0.0,,,,,,6.0,,,,,,0.0,,,,,,G.55_sottoserie_0
g_55s,0.0,,,,,,43.0,,,1.46,,1.31,18.0,,,1.72,,0.72,G.55S
g_56,0.0,,,,,,90.0,55.56,1.64,1.82,0.76,0.84,0.0,,,,,,G.56
fiat_g91_ps,0.0,,,,,,32.0,10.53,1.0,1.0,0.11,0.11,0.0,,,,,,G.91_pre-serie
fiat_g91_r1,0.0,,,,,,12.0,50.0,0.0,0.0,0.5,0.5,0.0,,,,,,G.91_R/1
fiat_g91_r4,0.0,,,,,,0.0,,,,,,0.0,,,,,,G.91_R/4
fiat_g91_y,0.0,,,,,,24.0,62.5,3.4,6.75,0.0,0.0,0.0,,,,,,G.91_Y
fiat_g91_ys,0.0,,,,,,33.0,100.0,0.0,0.0,2.2,2.6,0.0,,,,,,G.91_YS
g4m1,0.0,,,,,,0.0,,,,,,0.0,,,,,,G4M1
uk_g6_spg,0.0,,,,,,47.0,30.77,0.35,0.54,1.08,1.54,0.0,,,,,,G6
g8n1,0.0,,,,,,24.0,66.67,1.0,3.0,0.0,0.0,0.0,,,,,,G8N1
f3f-2_galer,0.0,,,,,,23.0,100.0,1.67,1.64,0.07,0.0,0.0,,,,,,Galer's_F3F-2
germ_garford_putilov,0.0,,,,,,0.0,,,,,,0.0,,,,,,Garford-Beute
ussr_gaz_4m,0.0,,,,,,0.0,,,,,,0.0,,,,,,GAZ-AAA_(4M)
ussr_gaz_dshk,0.0,,,,,,0.0,,,,,,0.0,,,,,,GAZ-AAA_(DShK)
uk_vickers_gbt_155,0.0,,,,,,30.0,66.67,0.31,0.23,2.56,1.74,0.0,,,,,,GBT_155
il_m113a1_tow,0.0,,,,,,13.0,,,0.0,,0.0,0.0,,,,,,Giraf
gladiator_mk1_belgium,0.0,,,,,,0.0,,,,,,0.0,,,,,,Gladiator_Mk_I
gladiator_mk2,0.0,,,,,,0.0,,,,,,0.0,,,,,,Gladiator_Mk_II
gladiator_mk2_france,0.0,,,,,,0.0,,,,,,0.0,,,,,,Gladiator_Mk_IIF
gladiator_mk2_silver,0.0,,,,,,0.0,,,,,,0.0,,,,,,Gladiator_Mk_IIS
uk_mk1_grant,0.0,,,,,,0.0,,,,,,0.0,,,,,,Grant_I
uk_3_inch_gun_carrier,0.0,,,,,,12.0,,,,,,0.0,,,,,,Gun_Carrier_(3-in)
il_28_china,0.0,,,,,,0.0,,,,,,0.0,,,,,,H-5
h-75a-1_france,0.0,,,,,,0.0,,,,,,0.0,,,,,,H-75A-1
p-40c_china,0.0,,,,,,0.0,,,,,,0.0,,,,,,H-81A-2
fr_hotchkiss_h35,0.0,,,,,,0.0,,,,,,0.0,,,,,,H.35
fr_hotchkiss_h39,0.0,,,,,,0.0,,,,,,0.0,,,,,,H.39
fr_hotchkiss_h39_cambronne,0.0,,,,,,0.0,,,,,,0.0,,,,,,"H.39_""Cambronne"""
hp_12,0.0,,,,,,0.0,,,,,,0.0,,,,,,H.P.12
h6k4,0.0,,,,,,0.0,,,,,,0.0,,,,,,H6K4
h8k3,0.0,,,,,,0.0,,,,,,0.0,,,,,,H8K3
jp_type_95_ha_go,0.0,,,,,,0.0,,,,,,0.0,,,,,,Ha-Go
jp_type_95_ha_go_commander,0.0,,,,,,0.0,,,,,,0.0,,,,,,Ha-Go_Commander
a5m4_hagiri,0.0,,,,,,0.0,,,,,,0.0,,,,,,Hagiri's_A5M4
halifax_mk3,0.0,,,,,,0.0,,,,,,0.0,,,,,,Halifax_B_Mk_IIIa
hp52_hampden_mk1_late,0.0,,,,,,0.0,,,,,,0.0,,,,,,Hampden_Mk_I
hp52_hampden_tbmk1,0.0,,,,,,3.0,,,,,,0.0,,,,,,Hampden_TB_Mk_I
harrier_gr7,0.0,,,,,,1.0,,,0.0,,1.0,0.0,,,,,,Harrier_GR.7
uk_a25_mk_8,1.0,,,,,,0.0,,,,,,0.0,,,,,,Harry_Hopkins_I
intruder_mk_1,0.0,,,,,,0.0,,,,,,0.0,,,,,,Havoc_Mk_I
hawk_200,0.0,,,,,,55.0,50.0,0.5,1.0,2.2,4.39,0.0,,,,,,Hawk_200
hawk_200_rda,0.0,,,,,,0.0,,,,,,0.0,,,,,,Hawk_200_RDA
h-75a-2_finland,0.0,,,,,,0.0,,,,,,0.0,,,,,,Hawk_H-75A-2
hawk_iii,0.0,,,,,,0.0,,,,,,0.0,,,,,,Hawk_III
he-111h-6,0.0,,,,,,0.0,,,,,,0.0,,,,,,He_111_H-6
he_112a_0,0.0,,,,,,10.0,,,,,,0.0,,,,,,He_112_A-0
he_112b_1_italy,0.0,,,,,,0.0,,,,,,0.0,,,,,,He_112_B-1/U2
he_112b_1,0.0,,,,,,0.0,,,,,,0.0,,,,,,He_112_B-1/U2
he_112b_2,0.0,,,,,,0.0,,,,,,0.0,,,,,,He_112_B-2/U2
he_115c_1,0.0,,,,,,0.0,,,,,,0.0,,,,,,He_115_C-1
he-162a-1,0.0,,,,,,0.0,,,,,,0.0,,,,,,He_162_A-1
he-162a-2,0.0,,,,,,0.0,,,,,,0.0,,,,,,He_162_A-2
he-177a-3,0.0,,,,,,0.0,,,,,,0.0,,,,,,He_177_A-3
he-177a-5,0.0,,,,,,0.0,,,,,,0.0,,,,,,He_177_A-5
he_219a_7,0.0,,,,,,8.0,66.67,0.3,0.5,1.15,1.75,0.0,,,,,,He_219_A-7
he51a1,0.0,,,,,,0.0,,,,,,0.0,,,,,,He_51_A-1
he51b1,0.0,,,,,,0.0,,,,,,0.0,,,,,,He_51_B-1
he51b_2w,0.0,,,,,,0.0,,,,,,0.0,,,,,,He_51_B-2/H
he51c1,0.0,,,,,,15.0,,,,,,0.0,,,,,,He_51_C-1
he51c1_late,0.0,,,,,,0.0,,,,,,0.0,,,,,,He_51_C-1/L
us_m18_hellcat_kit_3rank,0.0,,,,,,103.0,57.22,0.0,0.0,2.58,2.18,0.0,,,,,,Hellcat_(Hell)
marut_mk1,0.0,,,,,,2.0,100.0,0.0,0.0,0.0,0.0,0.0,,,,,,HF-24
go229_v3,0.0,,,,,,101.0,38.24,1.19,1.41,0.5,0.68,0.0,,,,,,Ho_229_V3
jp_type_2_ho_i,0.0,,,,,,0.0,,,,,,0.0,,,,,,Ho-I
jp_type_2_ho_ni_2,0.0,,,,,,25.0,0.0,0.0,0.0,0.0,0.0,0.0,,,,,,Ho-Ni_II
jp_type_3_ho_ni_III,0.0,,,,,,0.0,,,,,,0.0,,,,,,Ho-Ni_III
jp_type_5_ho_ri_production,0.0,,,,,,829.0,63.0,0.0,0.0,4.45,4.22,0.0,,,,,,Ho-Ri_Production
jp_type_5_ho_ri_prototype,0.0,,,,,,23.0,100.0,0.0,0.0,4.5,2.55,2.0,,,,,,Ho-Ri_Prototype
jp_type_4_ho_ro,0.0,,,,,,63.0,66.67,0.0,0.0,3.41,5.14,0.0,,,,,,Ho-Ro
hornet_mk1,0.0,,,,,,0.0,,,,,,0.0,,,,,,Hornet_Mk.I
il_m163_vulcan,0.0,,,,,,58.0,,,0.0,,0.0,0.0,,,,,,Hovet
hs-123a-1,0.0,,,,,,0.0,,,,,,0.0,,,,,,Hs_123_A-1
hs-129b-2,0.0,,,,,,0.0,,,,,,0.0,,,,,,Hs_129_B-2
hs-129b-2_romania_italy,0.0,,,,,,15.0,,,,,,0.0,,,,,,Hs_129_B-2_(Romania)
hs-129b-2_romania,0.0,,,,,,8.0,100.0,2.0,2.0,0.0,0.0,0.0,,,,,,Hs_129_B-2_(Romania)
hs-129b-3,0.0,,,,,,81.0,56.55,0.0,0.0,0.54,0.75,0.0,,,,,,Hs_129_B-3
us_hstv_l,0.0,,,,,,1290.0,52.49,0.0,0.0,1.8,1.49,3.0,0.0,0.0,0.0,2.0,1.67,HSTV-L
hudson_mk_v,0.0,,,,,,0.0,,,,,,0.0,,,,,,Hudson_Mk_V
germ_hummel,0.0,,,,,,0.0,,,,,,0.0,,,,,,Hummel
hunter_f9_rhodesia,0.0,,,,,,0.0,,,,,,0.0,,,,,,Hunter_FGA.9
hurricane_mk1_late_ep,0.0,,,,,,0.0,,,,,,0.0,,,,,,Hurricane_Mk.I/L_FAA_M
i-15_1934,0.0,,,,,,0.0,,,,,,0.0,,,,,,I-15_WR
i-153p,0.0,,,,,,40.0,66.67,3.0,4.5,2.05,3.08,20.0,,,,,,I-153P
i-15bis,0.0,,,,,,0.0,,,,,,0.0,,,,,,I-15bis
i-16_type28,0.0,,,,,,19.0,100.0,1.0,1.0,1.0,1.0,0.0,,,,,,I-16_type_28
ia_58a_pucara,,,,,,,,,,,,,,,,,,,IA.58A_Pucara
gladiator_j8a_iacobi,0.0,,,,,,0.0,,,,,,0.0,,,,,,Iacobi's_J8A
iar_81c,0.0,,,,,,0.0,,,,,,0.0,,,,,,IAR-81C
iar_93b,0.0,,,,,,55.0,87.33,0.24,0.46,1.62,0.99,0.0,,,,,,IAR-93B
jp_icv_ifv_prototype,0.0,,,,,,28.0,50.0,0.1,0.03,1.0,1.11,0.0,,,,,,ICV_(P)
sw_ikv_91_105,0.0,,,,,,184.0,69.83,0.27,0.09,5.93,2.9,0.0,,,,,,Ikv_91-105
il-4,0.0,,,,,,0.0,,,,,,0.0,,,,,,IL-4
uk_a1e1_independent,0.0,,,,,,0.0,,,,,,0.0,,,,,,Independent
germ_iris_slm_launcher,,,,,,,,,,,,,,,,,,,IRIS-T_SLM_(СОУ)
germ_iris_slm_fcs,0.0,,,,,,212.0,45.45,3.34,2.69,0.0,0.0,0.0,,,,,,IRIS-T_SLM_(СОЦ)
ussr_is_2_1944_revenge,0.0,,,,,,26.0,50.0,0.0,0.0,1.95,1.76,0.0,,,,,,"IS-2_""Revenge"""
ussr_is_2_1944_321,0.0,,,,,,23.0,87.5,0.0,0.0,1.75,1.12,0.0,,,,,,IS-2_No.321
cn_is_2_1943_no402,0.0,,,,,,0.0,,,,,,0.0,,,,,,IS-2_No.402
it_semovente_m43_75_bersaglieri,,,,,,,,,,,,,,,,,,,it_semovente_m43_75_bersaglieri
sw_crotale_ng,0.0,,,,,,35.0,40.47,0.61,0.86,0.0,0.0,0.0,,,,,,ItO_90M
fr_crotale_ng,0.0,,,,,,14.0,50.0,0.71,0.96,0.0,0.0,0.0,,,,,,ItO_90M
sw_itpsv_90,0.0,,,,,,1346.0,47.25,0.09,0.08,2.26,1.67,0.0,,,,,,ItPsV_Leopard
j_10a,0.0,,,,,,240.0,62.82,1.8,1.73,0.14,0.14,6.0,,,1.0,,0.0,J-10A
j_10c,0.0,,,,,,64.0,90.0,3.32,3.36,0.3,0.22,0.0,,,,,,J-10C
j_11,0.0,,,,,,25.0,65.28,2.44,3.96,0.0,0.0,2.0,,,,,,J-11
j_11a,0.0,,,,,,75.0,18.62,1.36,1.72,0.05,0.09,8.0,,,2.0,,0.0,J-11A
j_11b,0.0,,,,,,100.0,57.5,1.78,1.46,0.34,0.22,0.0,,,,,,J-11B
j_15t,0.0,,,,,,85.0,57.9,1.33,1.49,0.57,0.43,0.0,,,,,,J-15T
j_22m1a,0.0,,,,,,0.0,,,,,,0.0,,,,,,J-22M1A
mig-17_china,0.0,,,,,,0.0,,,,,,0.0,,,,,,J-4
mig-19j_6a,0.0,,,,,,2.0,100.0,2.0,2.0,0.0,0.0,0.0,,,,,,J-6A
j_7_mk2,0.0,,,,,,5.0,50.0,1.1,2.2,0.5,1.0,0.0,,,,,,J-7II
j_8f,0.0,,,,,,7.0,100.0,1.0,1.0,0.0,0.0,0.0,,,,,,J-8F
j1n1_mod11_early,0.0,,,,,,0.0,,,,,,0.0,,,,,,J1N1
saab_j21ra,0.0,,,,,,0.0,,,,,,0.0,,,,,,J21RA
saab_j29a,0.0,,,,,,6.0,100.0,2.0,,2.0,,0.0,,,,,,J29A
saab_j29d,0.0,,,,,,0.0,,,,,,0.0,,,,,,J29D
saab_j29f,0.0,,,,,,0.0,,,,,,18.0,,,,,,J29F
j2m5_30mm,0.0,,,,,,53.0,83.33,0.54,0.73,1.23,1.31,0.0,,,,,,J2M5
saab_j32b,0.0,,,,,,0.0,,,,,,0.0,,,,,,J32B
hunter_f50_sweden,0.0,,,,,,5.0,,,1.0,,2.0,0.0,,,,,,J34
saab_j35a,0.0,,,,,,26.0,97.62,2.99,2.99,0.0,0.0,0.0,,,,,,J35A
saab_j35d,0.0,,,,,,11.0,50.0,1.0,2.0,0.0,0.0,13.0,,,1.0,,0.0,J35D
j6b,0.0,,,,,,0.0,,,,,,0.0,,,,,,J6B
j9_early,0.0,,,,,,12.0,100.0,2.0,2.0,1.0,1.0,0.0,,,,,,J9_Early
saab_ja37,0.0,,,,,,275.0,67.46,1.8,2.33,0.26,0.33,0.0,,,,,,JA37C
saab_ja37d,0.0,,,,,,138.0,49.08,1.18,1.33,0.11,0.13,0.0,,,,,,JA37D
saab_ja37di,0.0,,,,,,15.0,,,0.0,,0.0,0.0,,,,,,JA37DI
saab_ja37di_f21,0.0,,,,,,181.0,47.21,1.95,2.0,0.08,0.07,0.0,,,,,,JA37DI_F21
germ_jaguar_2,0.0,,,,,,152.0,32.22,0.0,0.0,2.1,1.36,0.0,,,,,,Jaguar_2
jaguar_a,0.0,,,,,,45.0,76.67,0.0,0.0,1.14,1.23,0.0,,,,,,Jaguar_A
jaguar_e,0.0,,,,,,0.0,,,,,,0.0,,,,,,Jaguar_E
jaguar_gr1a,0.0,,,,,,33.0,0.0,0.0,0.05,2.2,2.29,0.0,,,,,,Jaguar_GR.1A
jaguar_is,0.0,,,,,,32.0,66.67,0.67,1.0,0.0,0.0,11.0,5.0,0.05,0.1,1.0,1.1,Jaguar_IS
germ_sk105_a2,0.0,,,,,,212.0,47.06,0.0,0.0,3.56,1.28,0.0,,,,,,JaPz.K_A2
saab_jas39a,0.0,,,,,,136.0,42.86,0.83,1.07,0.8,0.98,0.0,,,,,,JAS39A
saab_jas39c,0.0,,,,,,71.0,46.32,1.1,1.63,0.3,0.59,0.0,,,,,,JAS39C
saab_jas39c_thailand,0.0,,,,,,42.0,73.61,1.0,1.2,0.08,0.12,0.0,,,,,,JAS39C
saab_jas39d,0.0,,,,,,12.0,100.0,0.0,0.0,0.0,0.0,0.0,,,,,,JAS39D
saab_jas39e,0.0,,,,,,355.0,54.89,1.12,1.06,0.74,0.73,0.0,,,,,,JAS39E
jf_17,0.0,,,,,,144.0,51.19,1.01,1.2,0.45,0.56,4.0,,,1.0,,0.0,JF-17
jh_7,0.0,,,,,,0.0,,,,,,0.0,,,,,,JH-7
jh_7a,0.0,,,,,,61.0,69.05,0.84,1.02,0.7,0.83,2.0,,,0.0,,4.0,JH-7A
jh_7a_prototype,0.0,,,,,,36.0,95.0,0.08,0.13,2.05,2.42,0.0,,,,,,JH-7A_Prototype
jh_7a2,,,,,,,,,,,,,,,,,,,JH-7A2
ju-388j,0.0,,,,,,0.0,,,,,,0.0,,,,,,Ju_388_J
ju-87b-2,0.0,,,,,,17.0,,,0.0,,1.33,0.0,,,,,,Ju_87_B-2
ju-87d-3_italy,0.0,,,,,,5.0,,,0.0,,0.0,0.0,,,,,,Ju_87_D-3
ju-87g_1,0.0,,,,,,0.0,,,,,,0.0,,,,,,Ju_87_G-1
ju-87g_2,0.0,,,,,,0.0,,,,,,0.0,,,,,,Ju_87_G-2
ju-87r-2,0.0,,,,,,20.0,100.0,1.0,1.0,3.0,2.25,0.0,,,,,,Ju_87_R-2
ju-87r-2_italy,0.0,,,,,,5.0,0.0,0.0,0.0,0.0,0.0,0.0,,,,,,Ju_87_R-2
ju-87r-2_snake,0.0,,,,,,12.0,100.0,0.0,0.0,0.33,0.33,0.0,,,,,,Ju_87_R-2_Libya
jp_type_2_ka_mi,0.0,,,,,,42.0,50.0,0.0,0.0,3.5,7.0,0.0,,,,,,Ka-Mi
it_kf_41,0.0,,,,,,53.0,,,0.0,,1.38,0.0,,,,,,KF41
kfir_c2,0.0,,,,,,12.0,50.0,0.5,0.5,0.0,0.0,14.0,,,1.0,,0.0,Kfir_C.2
kfir_c7,0.0,,,,,,18.0,33.33,0.7,1.0,0.7,1.0,0.0,,,,,,Kfir_C.7
kfir_canard,0.0,,,,,,20.0,0.0,1.0,1.0,3.0,3.0,7.0,,,,,,Kfir_Canard
ussr_9p157,0.0,,,,,,136.0,25.29,0.0,0.0,2.34,1.2,0.0,,,,,,Khrizantema-S
ki_10_2_commander,0.0,,,,,,0.0,,,,,,0.0,,,,,,Ki-10-II_C
ki_100_2,0.0,,,,,,72.0,83.33,1.66,0.89,1.56,1.08,0.0,,,,,,Ki-100-II
ki_102_otsu,0.0,,,,,,0.0,,,,,,0.0,,,,,,Ki-102_otsu
ki_108,0.0,,,,,,0.0,,,,,,0.0,,,,,,Ki-108_Kai
ki_109,0.0,,,,,,59.0,52.38,0.0,0.0,3.19,6.19,0.0,,,,,,Ki-109
j8m1,0.0,,,,,,130.0,58.57,1.26,5.71,0.24,1.0,0.0,,,,,,Ki-200
ki_21_1ko,0.0,,,,,,0.0,,,,,,0.0,,,,,,Ki-21-Ia
ki_32,0.0,,,,,,0.0,,,,,,0.0,,,,,,Ki-32
ki-45_hei,0.0,,,,,,0.0,,,,,,0.0,,,,,,Ki-45_hei
ki-45_ko,0.0,,,,,,0.0,,,,,,0.0,,,,,,Ki-45_ko
ki-45_otsu,0.0,,,,,,0.0,,,,,,0.0,,,,,,Ki-45_otsu
ki-45_tei,0.0,,,,,,2.0,,,0.0,,2.0,0.0,,,,,,Ki-45_tei
ki_48_2_otsu,0.0,,,,,,0.0,,,,,,0.0,,,,,,Ki-48-II_otsu
ki-49_1,0.0,,,,,,0.0,,,,,,0.0,,,,,,Ki-49-I
ki-49_2a,0.0,,,,,,0.0,,,,,,0.0,,,,,,Ki-49-IIa
ki-49_2b_late,0.0,,,,,,0.0,,,,,,0.0,,,,,,Ki-49-IIb/L
ki_67_1_ko,0.0,,,,,,0.0,,,,,,0.0,,,,,,Ki-67-I_Ko
ki_87,0.0,,,,,,9.0,100.0,0.0,0.0,1.0,1.0,0.0,,,,,,Ki-87
ki_94_2,0.0,,,,,,6.0,,,,,,0.0,,,,,,Ki-94-II
ki-96,0.0,,,,,,2.0,,,,,,0.0,,,,,,Ki-96
kor_1,,,,,,,,,,,,,,,,,,,KOR-1
f-4e_iaf,0.0,,,,,,11.0,100.0,1.4,1.4,3.6,3.6,15.0,,,0.0,,1.0,Kurnass
f-4e_kurnass_2000,0.0,,,,,,0.0,,,,,,0.0,,,,,,Kurnass_2000
l_39za,0.0,,,,,,147.0,75.0,0.43,0.16,2.1,1.07,18.0,,,0.0,,1.0,L-39ZA_Albatros
l_39za_art_thailand,0.0,,,,,,0.0,,,,,,0.0,,,,,,L-39ZA/ART_Albatros
it_l3_cc,0.0,,,,,,7.0,,,0.0,,0.0,0.0,,,,,,L3/33_CC
it_l6,0.0,,,,,,0.0,,,,,,0.0,,,,,,L6/40
it_l6_leone,0.0,,,,,,0.0,,,,,,0.0,,,,,,L6/40_(31_Rgt.)
la-11,0.0,,,,,,0.0,,,,,,0.0,,,,,,La-11
lagg-3-23,0.0,,,,,,0.0,,,,,,0.0,,,,,,LaGG-3-23
lagg-3-4,0.0,,,,,,0.0,,,,,,0.0,,,,,,LaGG-3-4
lancaster_mk1,0.0,,,,,,9.0,100.0,0.0,0.0,0.0,0.0,0.0,,,,,,Lancaster_B_Mk_I
lancaster_mk3,0.0,,,,,,25.0,30.0,0.0,0.0,0.7,1.4,0.0,,,,,,Lancaster_B_Mk_III
it_lancia3ro_100,0.0,,,,,,0.0,,,,,,0.0,,,,,,Lancia_3Ro_(100/17)
late_298d,0.0,,,,,,0.0,,,,,,0.0,,,,,,Late_298D
fr_leclerc_sxxi,0.0,,,,,,285.0,52.39,0.0,0.0,2.38,1.5,0.0,,,,,,Leclerc_SXXI
leo_451_early,0.0,,,,,,0.0,,,,,,0.0,,,,,,LeO_451_early
it_leopard_1a5,0.0,,,,,,611.0,69.7,0.0,0.0,2.63,2.37,0.0,,,,,,Leopard_1A5
sw_leopard_2a4_fin,0.0,,,,,,287.0,40.97,0.0,0.0,1.97,1.38,0.0,,,,,,Leopard_2A4
fr_leopard_2a4nl,0.0,,,,,,343.0,41.16,0.0,0.0,1.63,1.3,0.0,,,,,,Leopard_2A4NL
jp_leopard_2ri,0.0,,,,,,0.0,,,,,,0.0,,,,,,Leopard_2RI
uk_vickers_mk_6_aa_mk_1,0.0,,,,,,0.0,,,,,,0.0,,,,,,Light_AA_Mk_I
lightning_f53,0.0,,,,,,0.0,,,,,,0.0,,,,,,Lightning_F.53
lincoln_b2,0.0,,,,,,3.0,100.0,0.0,,1.0,,0.0,,,,,,Lincoln_B_Mk_II
fr_lorraine_155,0.0,,,,,,9.0,,,0.0,,1.0,0.0,,,,,,Lorraine_155_Mle.50
fr_lorraine_37l,0.0,,,,,,10.0,,,,,,0.0,,,,,,Lorraine_37L
us_losat_ccv,0.0,,,,,,42.0,21.74,0.0,0.0,1.17,0.67,0.0,,,,,,LOSAT
sw_lvrbv_701,0.0,,,,,,42.0,64.28,0.65,2.0,0.0,0.0,0.0,,,,,,Lvrbv_701
us_lvt_a_4,0.0,,,,,,0.0,,,,,,0.0,,,,,,LVT(A)(4)
us_lvt_4_zis_2,0.0,,,,,,0.0,,,,,,0.0,,,,,,LVT(A)(4)_(ZIS-2)
cn_lvt_4_zis_2,0.0,,,,,,0.0,,,,,,0.0,,,,,,LVT(A)(4)_(ZiS-2)
fr_lvt_bofors,0.0,,,,,,11.0,,,0.0,,1.0,0.0,,,,,,LVT-4/40
m_346fa,,,,,,,,,,,,,,,,,,,M-346FA
mb_151c1,0.0,,,,,,0.0,,,,,,0.0,,,,,,M.B.151C.1
mb_152c1,0.0,,,,,,0.0,,,,,,0.0,,,,,,M.B.152C1
mb_162,0.0,,,,,,0.0,,,,,,0.0,,,,,,M.B.162
mb_174_a3,0.0,,,,,,0.0,,,,,,0.0,,,,,,M.B.174A-3
mb_175t,0.0,,,,,,0.0,,,,,,0.0,,,,,,M.B.175T
md_450b_barougan,0.0,,,,,,4.0,50.0,0.0,0.0,0.5,1.0,0.0,,,,,,M.D.450B_Barougan
md_450b_ouragan,0.0,,,,,,92.0,100.0,0.09,0.14,1.0,1.9,0.0,,,,,,M.D.450B_Ouragan
md_452_mystere_2a,0.0,,,,,,7.0,50.0,0.5,1.0,1.0,2.0,0.0,,,,,,M.D.452_IIA
md_452_mystere_2c_preproduction,0.0,,,,,,18.0,,,,,,0.0,,,,,,M.D.452_IIC
us_m103,0.0,,,,,,281.0,60.73,0.0,0.0,2.57,1.71,0.0,,,,,,M103
germ_m109g,0.0,,,,,,66.0,0.0,0.0,0.0,0.74,0.35,0.0,,,,,,M109G
it_m11_39,0.0,,,,,,0.0,,,,,,0.0,,,,,,M11/39
it_m113a1_tow,0.0,,,,,,23.0,80.0,0.0,0.0,0.8,0.57,0.0,,,,,,M113A1_(TOW)
us_halftrack_m13,0.0,,,,,,2.0,,,0.0,,0.0,0.0,,,,,,M13_MGMC
it_m13_40_serie_2,0.0,,,,,,0.0,,,,,,0.0,,,,,,M13/40_(II)
it_m13_40_serie_3,0.0,,,,,,11.0,,,0.0,,1.0,0.0,,,,,,M13/40_(III)
it_m14_41,0.0,,,,,,0.0,,,,,,0.0,,,,,,M14/41
it_m14_41_47_40,0.0,,,,,,20.0,,,0.0,,1.0,0.0,,,,,,M14/41_(47/40)
us_halftrack_m15,0.0,,,,,,0.0,,,,,,0.0,,,,,,M15_CGMC
it_m15_42,0.0,,,,,,27.0,100.0,0.0,0.0,1.0,1.0,0.0,,,,,,M15/42
us_m163_vulcan,0.0,,,,,,267.0,47.87,0.62,0.63,0.0,0.0,0.0,,,,,,M163
jp_m163_vulcan,0.0,,,,,,182.0,66.45,0.68,1.02,0.15,0.24,0.0,,,,,,M163
jp_m19,0.0,,,,,,57.0,0.0,1.53,1.09,0.0,0.0,0.0,,,,,,M19A1
uk_m1a1_aim_abrams,,,,,,,,,,,,,,,,,,,M1A1
us_m1a1_aim_abrams,0.0,,,,,,1017.0,51.94,0.0,0.0,1.84,1.69,4.0,,,0.0,,0.0,M1A1_AIM
uk_m1a2_sep3_abrams,,,,,,,,,,,,,,,,,,,M1A2
us_m1a2_sep2_abrams_trophy,0.0,,,,,,0.0,,,,,,0.0,,,,,,M1A2_(Trophy-HV)
us_m1a2_sep3_abrams,0.0,,,,,,0.0,,,,,,0.0,,,,,,M1A2_SEPv3
us_m24_chaffee_tl,0.0,,,,,,39.0,56.67,0.0,0.0,1.13,1.85,0.0,,,,,,M24_(TL)
us_m2a2,0.0,,,,,,0.0,,,,,,0.0,,,,,,M2A2
ussr_m3c,0.0,,,,,,0.0,,,,,,0.0,,,,,,M3_Medium
us_m3a1_stuart_usmc,0.0,,,,,,18.0,100.0,0.0,0.0,6.0,6.0,0.0,,,,,,M3A1_(USMC)
fr_m3a3_stuart,0.0,,,,,,55.0,76.09,0.0,0.0,1.35,1.0,0.0,,,,,,M3A3_Stuart
us_m4_sherman_promo,0.0,,,,,,35.0,100.0,0.0,0.0,3.74,2.4,0.0,,,,,,M4
cn_m_41d,0.0,,,,,,0.0,,,,,,0.0,,,,,,M41D
it_m44,0.0,,,,,,72.0,72.22,0.0,0.0,2.53,1.3,0.0,,,,,,M44
uk_m44,0.0,,,,,,15.0,50.0,0.0,0.0,1.25,0.85,0.0,,,,,,M44
jp_m47_patton_II,0.0,,,,,,209.0,68.75,0.0,0.0,2.5,2.4,0.0,,,,,,M47
it_m47_105,0.0,,,,,,83.0,91.67,0.0,0.0,4.19,1.55,0.0,,,,,,M47_(105/55)
us_m4a2_1944,,,,,,,,,,,,,,,,,,,M4A2_(1944)
fr_m4a3e2_sherman_jumbo,0.0,,,,,,26.0,97.22,0.0,0.0,9.56,9.74,0.0,,,,,,M4A3E2
us_m4a5_ram_2,0.0,,,,,,0.0,,,,,,0.0,,,,,,M4A5
us_m551_76,0.0,,,,,,392.0,62.0,0.0,0.0,2.6,1.66,0.0,,,,,,M551(76)
us_m5a1_stuart_td,0.0,,,,,,0.0,,,,,,0.0,,,,,,M5A1_TD
us_m60a3_slep,0.0,,,,,,139.0,60.0,0.0,0.0,3.83,1.91,0.0,,,,,,M60_AMBT
it_m60a1_ariete,0.0,,,,,,0.0,,,,,,0.0,,,,,,"M60A1_""D.C.Ariete"""
us_m60a1,0.0,,,,,,300.0,59.41,0.0,0.0,2.65,1.55,0.0,,,,,,M60A1_(AOS)
us_m60a1_rise_mod,,,,,,,,,,,,,,,,,,,M60A1_Predator
us_m728,0.0,,,,,,17.0,100.0,0.0,0.0,3.0,2.71,0.0,,,,,,M728_CEV
us_m8_scott,0.0,,,,,,0.0,,,,,,0.0,,,,,,M8_HMC
us_m8_greyhound,0.0,,,,,,0.0,,,,,,0.0,,,,,,M8_LAC
us_m901_itv,0.0,,,,,,20.0,100.0,0.0,,1.0,,0.0,,,,,,M901
il_machbet,0.0,,,,,,40.0,87.5,0.0,0.0,0.0,0.0,0.0,,,,,,Machbet
us_magach_3,0.0,,,,,,16.0,,,0.0,,1.0,0.0,,,,,,Magach_3_(ERA)
il_magach_3,0.0,,,,,,49.0,50.0,0.0,0.0,2.5,2.63,0.0,,,,,,Magach_3_(ERA)
il_magach_6,0.0,,,,,,51.0,50.0,0.0,0.0,1.25,2.04,0.0,,,,,,Magach_6
il_magach_6a,0.0,,,,,,52.0,50.0,0.0,0.0,1.79,1.89,0.0,,,,,,Magach_6A
il_magach_6b_gal,0.0,,,,,,61.0,57.84,0.0,0.0,1.31,1.62,0.0,,,,,,Magach_6B_Gal
il_magach_6m,0.0,,,,,,30.0,100.0,0.0,0.0,1.0,2.09,0.0,,,,,,Magach_6M
il_magach_6r,0.0,,,,,,88.0,93.27,0.0,0.0,4.27,3.87,0.0,,,,,,Magach_6R
il_magach_6_rocket,0.0,,,,,,95.0,66.67,0.0,0.0,6.2,2.98,0.0,,,,,,Magach_Hydra
fiat_cr42_marcolin,0.0,,,,,,0.0,,,,,,0.0,,,,,,Marcolin's_C.R.42_CN
fiat_cr42_marcolin_italy,0.0,,,,,,0.0,,,,,,0.0,,,,,,Marcolin's_C.R.42_CN
germ_marder_1a3,0.0,,,,,,350.0,31.26,0.0,0.0,1.78,0.9,0.0,,,,,,Marder_1A3
germ_marder_1a1,0.0,,,,,,472.0,34.37,0.07,0.07,0.79,0.67,0.0,,,,,,Marder_A1-
uk_mark_v,0.0,,,,,,0.0,,,,,,0.0,,,,,,Mark_V
maryland_mk1_france,0.0,,,,,,0.0,,,,,,0.0,,,,,,Martin_167-A3
f4f-4_martlet_mk4,0.0,,,,,,0.0,,,,,,0.0,,,,,,Martlet_Mk_IV
mb_326b,0.0,,,,,,84.0,79.37,0.0,0.0,4.83,3.07,37.0,100.0,0.0,0.0,3.5,2.4,MB-326B
mb_5,0.0,,,,,,1.0,100.0,4.0,4.0,5.0,5.0,13.0,,,,,,MB.5
mbr-2,0.0,,,,,,0.0,,,,,,0.0,,,,,,MBR-2-M-34
me-163b,0.0,,,,,,0.0,,,,,,0.0,,,,,,Me_163_B
me-163b-0,0.0,,,,,,0.0,,,,,,0.0,,,,,,Me_163_B-0
me_210_v22_japan,0.0,,,,,,0.0,,,,,,0.0,,,,,,Me_210_V22
me-262a-1a_early,0.0,,,,,,50.0,38.6,0.06,0.11,1.95,2.84,0.0,,,,,,Me_262_A-1a/Jabo
me-262a1_u1,0.0,,,,,,60.0,50.0,0.55,0.21,1.33,0.44,0.0,,,,,,Me_262_A-1a/U1
me-262a-2a,0.0,,,,,,66.0,43.94,1.36,2.63,1.25,3.19,0.0,,,,,,Me_262_A-2a
me-262c-1a,0.0,,,,,,0.0,,,,,,0.0,,,,,,Me_262_C-1a
me-262c-2b,0.0,,,,,,15.0,85.19,2.24,3.44,0.0,0.0,0.0,,,,,,Me_262_C-2b
me-410b-1_u2,0.0,,,,,,0.0,,,,,,0.0,,,,,,Me_410_B-1/U2
me-410b-2_u4,0.0,,,,,,8.0,75.0,0.25,0.5,1.44,2.13,0.0,,,,,,Me_410_B-2/U4
us_merkava_mk_1,0.0,,,,,,11.0,,,0.0,,3.0,0.0,,,,,,Merkava_Mk.1
us_merkava_mk_2b_late,0.0,,,,,,46.0,0.0,0.0,0.0,4.31,3.46,0.0,,,,,,Merkava_Mk.2B
us_merkava_mk_3d,0.0,,,,,,41.0,50.0,0.0,0.0,3.5,3.87,0.0,,,,,,Merkava_Mk.3D
il_merkava_mk_4_lic,0.0,,,,,,50.0,14.44,0.0,0.0,4.29,4.94,0.0,,,,,,Merkava_Mk.4_LIC
meteor_fmk3,0.0,,,,,,67.0,38.1,0.0,0.0,1.12,1.16,0.0,,,,,,Meteor_F_Mk_3
meteor_fmk4_lw,0.0,,,,,,49.0,93.33,1.28,1.58,2.29,2.55,0.0,,,,,,Meteor_F_Mk_4_G.41F
meteor_fmk4_sw,0.0,,,,,,0.0,,,,,,0.0,,,,,,Meteor_F_Mk_4_G.41G
meteor_fmk8,0.0,,,,,,0.0,,,,,,0.0,,,,,,Meteor_F_Mk_8_G.41K
meteor_fmk8_belgium,0.0,,,,,,18.0,,,2.0,,1.31,0.0,,,,,,Meteor_F_Mk.8
meteor_fmk8_reaper,0.0,,,,,,0.0,,,,,,0.0,,,,,,Meteor_F_Mk.8_Reaper
mig-15bis_ish,0.0,,,,,,174.0,76.92,0.5,0.41,3.08,2.43,0.0,,,,,,MiG-15bis_ISH
mig-17,0.0,,,,,,63.0,53.03,1.63,2.04,1.0,1.2,0.0,,,,,,MiG-17
mig_21_bis_finland,0.0,,,,,,75.0,58.0,0.76,1.04,0.0,0.0,0.0,,,,,,MiG-21bis
mig-21_pfm,0.0,,,,,,0.0,,,,,,0.0,,,,,,MiG-21PFM
mig_27k,0.0,,,,,,0.0,,,,,,21.0,100.0,0.0,0.0,0.43,0.14,MiG-27K
mig_27m,0.0,,,,,,48.0,35.0,0.0,0.0,1.1,2.06,4.0,0.0,0.0,0.0,1.0,1.0,MiG-27M
mig_29_9_12_sniper,0.0,,,,,,78.0,18.75,1.83,1.08,0.75,0.41,40.0,0.0,4.0,1.3,0.0,0.0,MiG-29_Sniper
mig_29n,0.0,,,,,,100.0,50.0,1.25,1.25,0.0,0.0,0.0,,,,,,MiG-29N
mig-9_ussr,0.0,,,,,,7.0,,,,,,0.0,,,,,,MiG-9_(l)
mirage_milan,0.0,,,,,,36.0,,,,,,0.0,,,,,,Milan
mirage_2000c_s4,0.0,,,,,,44.0,35.9,1.33,2.62,0.0,0.0,0.0,,,,,,Mirage_2000C-S4
mirage_2000c_s5,0.0,,,,,,38.0,28.57,2.0,1.57,1.0,0.71,0.0,,,,,,Mirage_2000C-S5
mirage_2000d_r1,0.0,,,,,,0.0,,,,,,0.0,,,,,,Mirage_2000D-R1
mirage_2000d_rmv,0.0,,,,,,1.0,,,,,,0.0,,,,,,Mirage_2000D-RMV
mirage_4000,0.0,,,,,,71.0,82.0,1.91,2.2,0.33,0.44,8.0,,,0.25,,0.0,Mirage_4000
mirage_5ba,0.0,,,,,,4.0,,,,,,0.0,,,,,,Mirage_5BA
mirage_5f,0.0,,,,,,0.0,,,,,,0.0,,,,,,Mirage_5F
mirage_f1c,0.0,,,,,,20.0,40.0,1.0,0.45,0.0,0.0,0.0,,,,,,Mirage_F1C
mirage_f1ct,0.0,,,,,,0.0,,,,,,28.0,,,1.95,,0.0,Mirage_F1CT
mirage_3e,0.0,,,,,,7.0,,,,,,0.0,,,,,,Mirage_IIIE
ussr_a_12_mk_2_matilda_2A_F96,0.0,,,,,,46.0,65.95,0.0,0.0,5.41,8.33,0.0,,,,,,MK-II_«Matilda»
germ_mkpz_m47,0.0,,,,,,7.0,,,,,,0.0,,,,,,mKPz_M47_G
mosquito_fb_mk18,0.0,,,,,,6.0,,,,,,0.0,,,,,,Mosquito_FB_Mk_XVIII
mosquito_b_mk16,0.0,,,,,,10.0,,,0.0,,0.0,0.0,,,,,,Mosquito_B.Mk.XVI
nc_223_3,0.0,,,,,,0.0,,,,,,0.0,,,,,,N.C.223.3
n1k1_kyuofu,0.0,,,,,,0.0,,,,,,0.0,,,,,,N1K1
n1k1_ja,0.0,,,,,,0.0,,,,,,0.0,,,,,,N1K1-Ja
n1k2_jko,0.0,,,,,,0.0,,,,,,0.0,,,,,,N1K2-Ja
il_namer_rcws_30,0.0,,,,,,128.0,34.33,0.0,0.0,0.72,0.89,0.0,,,,,,Namer_30
il_namer_tsrikhon,0.0,,,,,,52.0,100.0,0.0,0.0,4.13,1.91,0.0,,,,,,Namer_Tsrikhon
sw_nasams_fcs,0.0,,,,,,56.0,13.33,1.41,1.3,0.0,0.0,0.0,,,,,,NASAMS_3_(СОЦ)
fw-190a-8_france,0.0,,,,,,19.0,50.0,1.55,1.82,1.23,1.59,0.0,,,,,,NC.900
nesher,0.0,,,,,,4.0,50.0,0.5,1.0,0.0,0.0,0.0,,,,,,Nesher
f_16a_block_10_netz_mod,0.0,,,,,,539.0,53.23,1.01,1.37,0.22,0.25,70.0,,,0.9,,0.15,Netz_(Mod)
nimrod_mk1,0.0,,,,,,0.0,,,,,,0.0,,,,,,Nimrod_Mk_I
nimrod_mk2,0.0,,,,,,0.0,,,,,,0.0,,,,,,Nimrod_Mk_II
cn_object_122tm,0.0,,,,,,222.0,58.47,0.0,0.0,4.01,2.62,2.0,,,,,,"Object_122MT_""MC"""
cn_object_211,0.0,,,,,,124.0,50.37,0.0,0.0,1.78,1.6,0.0,,,,,,Object_211
ussr_object_775,0.0,,,,,,216.0,52.71,0.0,0.0,2.59,1.85,0.0,,,,,,Object_775
uk_olifant_mk_1a,0.0,,,,,,471.0,61.18,0.04,0.04,4.15,4.89,0.0,,,,,,Olifant_Mk.1A
os2u_1,0.0,,,,,,0.0,,,,,,0.0,,,,,,OS2U-1
os2u_3,0.0,,,,,,0.0,,,,,,0.0,,,,,,OS2U-3
uk_9a33bm2,0.0,,,,,,28.0,41.18,0.94,1.88,0.0,0.0,0.0,,,,,,Osa-AK
it_9a33bm3,0.0,,,,,,0.0,,,,,,0.0,,,,,,Osa-AKM
germ_wiesel_2_adwc,0.0,,,,,,147.0,26.83,1.6,2.34,0.0,0.0,0.0,,,,,,Ozelot
p-26a_33,0.0,,,,,,0.0,,,,,,0.0,,,,,,P-26A-33
p-26a_34,0.0,,,,,,0.0,,,,,,0.0,,,,,,P-26A-34
p-38k,0.0,,,,,,17.0,100.0,2.47,,2.0,,0.0,,,,,,P-38K
p-39q_15,0.0,,,,,,0.0,,,,,,0.0,,,,,,P-39Q-15
p-40c,0.0,,,,,,0.0,,,,,,0.0,,,,,,P-40C
p-40e,0.0,,,,,,42.0,100.0,0.0,0.0,0.0,0.0,0.0,,,,,,P-40E-1
p-40e_td,0.0,,,,,,0.0,,,,,,0.0,,,,,,P-40E-1_TD
p-40f-5_france_ep,0.0,,,,,,9.0,,,1.0,,1.0,0.0,,,,,,P-40F-5_Lafayette
p-43a-1,0.0,,,,,,0.0,,,,,,0.0,,,,,,P-43A-1
p-47d_16_re_germany,0.0,,,,,,0.0,,,,,,0.0,,,,,,P-47D-16-RE
p-51a_tl,0.0,,,,,,20.0,22.73,0.77,0.85,0.86,1.08,0.0,,,,,,P-51A
p-51c-11-nt_japan,0.0,,,,,,14.0,100.0,2.0,,2.0,,0.0,,,,,,P-51C-11-NT
p-59a,0.0,,,,,,79.0,79.73,0.65,0.66,0.3,0.31,0.0,,,,,,P-59A
p_108b_serie1,0.0,,,,,,0.0,,,,,,0.0,,,,,,P.108B_serie_1
fr_citroen_kegresse_p4t,0.0,,,,,,0.0,,,,,,0.0,,,,,,P.7.T_AA
p1y1_mod11,0.0,,,,,,27.0,100.0,0.0,,0.0,,0.0,,,,,,P1Y1_mod._11
it_p_40,0.0,,,,,,44.0,50.0,0.0,0.0,3.15,3.9,28.0,100.0,0.0,0.0,1.0,1.0,P40
d_510,0.0,,,,,,0.0,,,,,,0.0,,,,,,Pallier's_D.510
it_palmaria,,,,,,,,,,,,,,,,,,,Palmaria
pb4y-2_france,0.0,,,,,,0.0,,,,,,0.0,,,,,,PB4Y-2
pbm_3,0.0,,,,,,0.0,,,,,,0.0,,,,,,"PBM-3_""Mariner"""
sw_pbv_301,0.0,,,,,,44.0,0.0,0.48,0.32,0.5,0.21,0.0,,,,,,Pbv_301
sw_pbv_302_bill,0.0,,,,,,94.0,50.0,0.0,0.0,1.33,1.53,0.0,,,,,,Pbv_302_(BILL)
pby-5a_late_france,0.0,,,,,,0.0,,,,,,0.0,,,,,,PBY-5A_Late
pe-2-1,0.0,,,,,,0.0,,,,,,0.0,,,,,,Pe-2-1
cn_pgz_04a,0.0,,,,,,115.0,49.68,0.7,1.02,0.22,0.26,0.0,,,,,,PGZ04A
cn_pgz_88,,,,,,,,,,,,,,,,,,,PGZ88
cn_type_65_aa,0.0,,,,,,82.0,66.03,0.0,0.0,0.04,0.02,0.0,,,,,,Phòng_không_T-34
ussr_type_65_aa,0.0,,,,,,12.0,,,0.0,,0.0,0.0,,,,,,Phòng_không_T-34
spitfire_ix_plagis,0.0,,,,,,33.0,100.0,2.0,0.88,2.0,0.88,21.0,,,,,,Plagis'_Spitfire_LF_Mk_IXc
cn_plz_83,0.0,,,,,,47.0,27.78,0.0,0.0,1.39,0.95,2.0,,,,,,PLZ83
cn_plz_83_130,0.0,,,,,,58.0,,,0.0,,2.81,0.0,,,,,,PLZ83-130
po-2,0.0,,,,,,0.0,,,,,,0.0,,,,,,Po-2
po-2_nw,,,,,,,,,,,,,,,,,,,Po-2_Night_Witch
po-2m,0.0,,,,,,0.0,,,,,,0.0,,,,,,Po-2M
potez_630,0.0,,,,,,0.0,,,,,,0.0,,,,,,Potez_630
potez_631,0.0,,,,,,0.0,,,,,,0.0,,,,,,Potez_631
potez_633,0.0,,,,,,0.0,,,,,,0.0,,,,,,Potez_633
spitfire_fr_mk14e,0.0,,,,,,0.0,,,,,,0.0,,,,,,Prendergast's_Spitfire_FR_Mk_XIVe
germ_leopard_2_pt14,0.0,,,,,,40.0,72.73,0.0,0.0,4.09,4.02,0.0,,,,,,PT-16/T14_mod.
ussr_pt_76_57,0.0,,,,,,139.0,70.17,0.0,0.0,3.51,2.2,2.0,,,,,,PT-76-57
cn_ptl_02,0.0,,,,,,168.0,52.56,0.0,0.0,1.51,1.24,0.0,,,,,,PTL02
cn_ptz_89,0.0,,,,,,151.0,46.42,0.0,0.0,2.23,1.54,0.0,,,,,,PTZ89
germ_schutzenpanzer_puma,0.0,,,,,,231.0,49.78,0.03,0.01,2.37,1.15,0.0,,,,,,PUMA
germ_schutzenpanzer_puma_vjtf_mod,,,,,,,,,,,,,,,,,,,Puma_u14
germ_schutzenpanzer_puma_vjtf,0.0,,,,,,369.0,35.92,0.0,0.0,1.21,0.89,12.0,0.0,0.0,0.0,0.0,1.4,PUMA_VJTF
sw_pvlvv_fm42,0.0,,,,,,9.0,,,0.0,,1.89,0.0,,,,,,Pvlvv_fm/42
sw_pvrbv_551,0.0,,,,,,97.0,39.01,0.0,0.0,1.87,1.55,0.0,,,,,,Pvrbv_551
germ_pzkpfw_38t_ausf_F,0.0,,,,,,0.0,,,,,,0.0,,,,,,Pz.38(t)_F
germ_pzkpfw_II_ausf_C_td,0.0,,,,,,0.0,,,,,,0.0,,,,,,Pz.II_C_TD
germ_pzkpfw_III_ausf_J_td,0.0,,,,,,0.0,,,,,,0.0,,,,,,Pz.III_J1_TD
germ_pzkpfw_III_ausf_J,0.0,,,,,,20.0,,,0.0,,3.27,0.0,,,,,,Pz.III_J1
germ_pzkpfw_III_ausf_L,0.0,,,,,,36.0,,,0.0,,0.9,36.0,87.5,0.0,0.0,1.75,0.81,Pz.III_L
germ_pzkpfw_II_ausf_C,0.0,,,,,,0.0,,,,,,0.0,,,,,,Pz.II_C
germ_pzkpfw_II_ausf_F,0.0,,,,,,0.0,,,,,,0.0,,,,,,Pz.II_F
germ_pzkpfw_II_ausf_H,0.0,,,,,,14.0,,,0.0,,0.5,0.0,,,,,,Pz.II_H
germ_pzkpfw_II_ausf_C_DAK,0.0,,,,,,24.0,,,0.0,,3.36,0.0,,,,,,Pz.II_С_(DAK)
germ_amd_35_kwk,0.0,,,,,,14.0,100.0,0.0,0.0,11.0,3.59,0.0,,,,,,Pz.Sp.Wg.P204(f)_KwK
germ_amd_35_kwk39,0.0,,,,,,10.0,100.0,0.0,0.0,2.6,2.6,0.0,,,,,,Pz.Sp.Wg.P204(f)_PaK
q_5_early,0.0,,,,,,0.0,,,,,,0.0,,,,,,Q-5_early
q_5l,0.0,,,,,,53.0,68.42,0.0,0.0,2.34,2.79,2.0,,,0.0,,0.0,Q-5L
quing_6,0.0,,,,,,0.0,,,,,,0.0,,,,,,Qing-6
cn_qn506,0.0,,,,,,91.0,65.39,0.0,0.0,1.52,1.0,0.0,,,,,,QN506
fr_renault_r39,0.0,,,,,,0.0,,,,,,0.0,,,,,,R.35_(SA38)
r2y2_v1,0.0,,,,,,5.0,100.0,0.0,0.0,1.0,1.0,0.0,,,,,,R2Y2_Kai_V1
r2y2_v2,0.0,,,,,,13.0,100.0,0.0,0.0,1.6,1.5,0.0,,,,,,R2Y2_Kai_V2
r2y2_kai,0.0,,,,,,26.0,,,0.0,,1.47,0.0,,,,,,R2Y2_Kai_V3
it_oto_r3_t20_fa,0.0,,,,,,99.0,81.95,0.25,0.16,0.39,0.3,0.0,,,,,,R3_T20_FA-HS
germ_raketenjagdpanzer_2,0.0,,,,,,27.0,,,0.0,,0.0,0.0,,,,,,RakJPz_2
germ_raketenjagdpanzer_2_hot,0.0,,,,,,17.0,,,0.0,,0.0,2.0,,,0.0,,0.0,RakJPz_2_(HOT)
uk_cruiser_ram_1,0.0,,,,,,50.0,96.88,0.0,0.0,4.94,2.97,0.0,,,,,,Ram_I
uk_tracked_rapier,0.0,,,,,,57.0,,,1.05,,0.0,0.0,,,,,,Rapier
p-36a_rasmussen,0.0,,,,,,0.0,,,,,,0.0,,,,,,Rasmussen's_P-36A
uk_ratel_20,0.0,,,,,,78.0,56.41,0.0,0.0,0.85,0.84,0.0,,,,,,Ratel_20
re_2000_int,0.0,,,,,,0.0,,,,,,0.0,,,,,,Re.2000_serie_1
re_2001_cb,0.0,,,,,,19.0,,,,,,0.0,,,,,,Re.2001_CB
re_2001_cn,0.0,,,,,,22.0,100.0,3.0,0.0,2.0,0.0,0.0,,,,,,Re.2001_CN
jp_type_95_heavy,0.0,,,,,,0.0,,,,,,0.0,,,,,,Ro-Go
jp_hiro_sha,0.0,,,,,,13.0,,,0.0,,0.0,0.0,,,,,,Ro-Go_Exp.
ro_43,,,,,,,,,,,,,,,,,,,Ro.43
ro_44,0.0,,,,,,0.0,,,,,,0.0,,,,,,Ro.44
ro_57_quadriarma,0.0,,,,,,0.0,,,,,,0.0,,,,,,Ro.57_Quadriarma
fr_amx_30_roland,0.0,,,,,,91.0,26.39,0.78,0.99,0.0,0.0,0.0,,,,,,Roland_1
uk_rooikat_76,0.0,,,,,,254.0,53.93,0.0,0.0,2.14,1.79,0.0,,,,,,Rooikat_Mk.1D
uk_rooikat_mttd,0.0,,,,,,137.0,84.22,0.0,0.0,4.65,2.44,0.0,,,,,,Rooikat_MTTD
fr_somua_s35,0.0,,,,,,0.0,,,,,,0.0,,,,,,S.35
s_81_ar125,0.0,,,,,,20.0,,,,,,0.0,,,,,,S.81
sm_79_1941,0.0,,,,,,0.0,,,,,,0.0,,,,,,S.M.79_AS
sm_79_1941_italy,0.0,,,,,,0.0,,,,,,0.0,,,,,,S.M.79_AS
sm_79_iar,0.0,,,,,,0.0,,,,,,0.0,,,,,,S.M.79_B
sm_79_iar_italy,0.0,,,,,,0.0,,,,,,0.0,,,,,,S.M.79_B
sm_79_1942,0.0,,,,,,0.0,,,,,,0.0,,,,,,S.M.79_bis/N
sm_79_1943,0.0,,,,,,0.0,,,,,,0.0,,,,,,S.M.79_bis/T.M
sm_79_1943_italy,0.0,,,,,,0.0,,,,,,0.0,,,,,,S.M.79_bis/T.M
sm_79_1936,0.0,,,,,,0.0,,,,,,0.0,,,,,,S.M.79_serie_1
sm_79_1936_italy,0.0,,,,,,0.0,,,,,,0.0,,,,,,S.M.79_serie_1
sm_79_1937,0.0,,,,,,0.0,,,,,,0.0,,,,,,S.M.79_serie_4
sm_79_1939,0.0,,,,,,0.0,,,,,,0.0,,,,,,S.M.79_serie_8
so_4050_vautour_2n,0.0,,,,,,0.0,,,,,,0.0,,,,,,S.O.4050_Vautour_IIN
so_4050_vautour_2n_late,0.0,,,,,,95.0,83.0,2.69,4.19,0.0,0.0,0.0,,,,,,S.O.4050_Vautour_IIN_(late)
so_8000_narval,0.0,,,,,,30.0,93.33,0.8,0.93,0.53,0.6,0.0,,,,,,S.O.8000_Narval
saab_b17bs,0.0,,,,,,0.0,,,,,,0.0,,,,,,S17BS
md_460_saar,0.0,,,,,,0.0,,,,,,0.0,,,,,,Sa'ar
saab_f35_wdns,0.0,,,,,,23.0,0.0,0.0,0.22,0.0,0.0,0.0,,,,,,Saab_F-35
saab_j35xs,0.0,,,,,,151.0,62.18,2.84,3.66,0.37,0.38,0.0,,,,,,Saab_J35XS
saab_105g,0.0,,,,,,187.0,71.87,0.19,0.21,2.99,2.69,0.0,,,,,,SAAB-105G
saab_105oe,0.0,,,,,,0.0,,,,,,0.0,,,,,,SAAB-105OE
sagittario_2,0.0,,,,,,41.0,100.0,3.5,3.82,2.43,2.06,19.0,,,3.71,,0.0,Sagittario_2
md_460_sambad,0.0,,,,,,0.0,,,,,,0.0,,,,,,Sambad
uk_sarc_mk4_a,0.0,,,,,,0.0,,,,,,0.0,,,,,,SARC_MkIVa
uk_marmon_herrington_mk_6_6pdr,0.0,,,,,,43.0,25.93,0.0,0.0,1.07,1.05,0.0,,,,,,SARC_MkVI_(6pdr)
fr_somua_sau40,0.0,,,,,,0.0,,,,,,0.0,,,,,,SAu_40
sb_2m_100,0.0,,,,,,0.0,,,,,,0.0,,,,,,SB_2M-100
sb_2m_103_mv3,0.0,,,,,,0.0,,,,,,0.0,,,,,,SB_2M-103_MV-3
sb_2m_103u,0.0,,,,,,0.0,,,,,,0.0,,,,,,SB_2M-103U
sb_2m_103u_mv3,0.0,,,,,,0.0,,,,,,0.0,,,,,,SB_2M-103U_MV-3
sb2c_4,0.0,,,,,,3.0,,,,,,0.0,,,,,,SB2C-4
sb2c_5_france,0.0,,,,,,29.0,70.0,0.2,0.24,6.03,4.72,0.0,,,,,,SB2C-5
sb2u-3,0.0,,,,,,0.0,,,,,,0.0,,,,,,SB2U-3
scimitar_f1,0.0,,,,,,27.0,100.0,1.0,0.78,2.0,1.56,0.0,,,,,,Scimitar_F_Mk.1
germ_sdkfz_221_s_pz_b_41,0.0,,,,,,0.0,,,,,,0.0,,,,,,Sd.Kfz.221_(s.Pz.B.41)
germ_sdkfz_222,0.0,,,,,,42.0,0.0,0.0,0.0,2.8,1.94,0.0,,,,,,Sd.Kfz.222
germ_sdkfz_234_2_mod,0.0,,,,,,46.0,71.93,0.0,0.0,3.31,2.21,19.0,,,0.0,,0.39,"Sd.Kfz.234/2_""Biene"""
germ_sdkfz_234_2_td,0.0,,,,,,7.0,,,0.0,,1.0,0.0,,,,,,Sd.Kfz.234/2_TD
germ_sdkfz_234_3,0.0,,,,,,0.0,,,,,,2.0,,,0.0,,1.0,Sd.Kfz.234/3
germ_sdkfz_251_22,0.0,,,,,,14.0,0.0,0.0,0.0,5.5,2.86,0.0,,,,,,Sd.Kfz.251/22
germ_pzkpfw_38t_Aufklarungspanzer,0.0,,,,,,20.0,,,0.0,,2.0,0.0,,,,,,Sd.Kfz._140/1
gladiator_mk2_navy,0.0,,,,,,0.0,,,,,,0.0,,,,,,Sea_Gladiator_Mk_I
sea_hawk_fga6,0.0,,,,,,29.0,,,0.0,,0.0,0.0,,,,,,Sea_Hawk_FGA.6
sea_hawk_fga50_netherlands,0.0,,,,,,252.0,52.01,1.21,1.6,1.2,1.55,12.0,,,3.0,,0.0,Sea_Hawk_Mk.50
meteor_fmk3_navy,0.0,,,,,,66.0,50.0,1.0,1.93,1.1,1.61,0.0,,,,,,Sea_Meteor_F_Mk_3
sea_venom_faw20,0.0,,,,,,0.0,,,,,,0.0,,,,,,Sea_Venom_FAW_20
dh_110_sea_vixen,0.0,,,,,,72.0,88.89,4.01,7.33,0.0,0.0,11.0,100.0,4.33,3.89,0.0,0.0,Sea_Vixen_F.A.W._Mk.2
shackleton_mr_mk_2,0.0,,,,,,0.0,,,,,,0.0,,,,,,Shackleton_MR.Mk.2
mirage_3cj,0.0,,,,,,41.0,100.0,1.86,2.0,0.86,1.0,0.0,,,,,,Shahak
mig-17_f5,0.0,,,,,,10.0,,,1.13,,0.0,0.0,,,,,,Shenyang_F-5
us_m4a3e8_76w_sherman_kit_3rank,0.0,,,,,,335.0,76.53,0.06,0.06,3.6,2.96,0.0,,,,,,Sherman_(Hell)
it_sherman_vc_firefly,0.0,,,,,,66.0,41.67,0.0,0.0,2.58,2.43,0.0,,,,,,Sherman_Vc
il_centurion_shot_kal_alef,0.0,,,,,,62.0,100.0,0.0,0.0,5.0,2.49,0.0,,,,,,Sho't_Kal_Alef
uk_centurion_shot_kal_d,0.0,,,,,,0.0,,,,,,0.0,,,,,,Sho't_Kal_Dalet
il_centurion_shot_kal_gimel,0.0,,,,,,91.0,55.95,0.0,0.0,2.52,2.65,0.0,,,,,,Sho't_Kal_Gimel
ussr_9p149,0.0,,,,,,74.0,64.0,0.0,0.0,1.26,1.33,0.0,,,,,,Shturm-S
it_otobreda_sidam_25_mistral,0.0,,,,,,41.0,87.04,0.92,0.89,0.28,0.22,0.0,,,,,,SIDAM_25_(Mistral)
saab_sk60b,0.0,,,,,,191.0,48.14,0.04,0.04,1.64,1.95,0.0,,,,,,SK60B
uk_skink_aa,0.0,,,,,,42.0,15.0,0.6,0.33,0.0,0.0,0.0,,,,,,Skink
us_skink_aa_kit_3rank,0.0,,,,,,102.0,64.4,1.25,1.53,0.26,0.3,0.0,,,,,,Skink_(Hell)
uk_sky_sabre_fcs,0.0,,,,,,106.0,50.0,1.95,1.71,0.0,0.0,0.0,,,,,,Sky_Sabre_(СОЦ)
jp_type_95_so_ki,0.0,,,,,,25.0,,,,,,0.0,,,,,,So-Ki
soc_1,,,,,,,,,,,,,,,,,,,SOC-1
spitfire_mk18e,0.0,,,,,,0.0,,,,,,0.0,,,,,,Spitfire_F_Mk_XVIIIe
spitfire_mk5b_notrop,0.0,,,,,,0.0,,,,,,22.0,,,2.0,,0.0,Spitfire_Mk_Vb
spitfiremkiia_ep,0.0,,,,,,21.0,100.0,1.19,1.19,0.75,0.75,0.0,,,,,,Spitfire_Mk.IIa_Venture_I
spitfire_lf_mk9c_cw_greece,0.0,,,,,,32.0,88.89,0.9,0.36,0.9,0.36,0.0,,,,,,Spitfire_LF_Mk.IXc_(CW)
spitfire_mk5b_float,0.0,,,,,,0.0,,,,,,0.0,,,,,,Spitfire_Mk.Vb_(Float)
sw_stormpjas_fm43_44,0.0,,,,,,14.0,,,,,,0.0,,,,,,Spj_fm/43-44
il_spyder_aio,0.0,,,,,,95.0,35.56,0.92,1.19,0.0,0.0,0.0,,,,,,SPYDER
germ_spz_12_3,0.0,,,,,,28.0,50.0,0.0,0.0,1.0,2.0,0.0,,,,,,SPz_12-3_LGS
fr_saint_chamond,0.0,,,,,,12.0,,,0.0,,3.0,0.0,,,,,,St-Chamond
uk_t17e2,0.0,,,,,,0.0,,,,,,0.0,,,,,,Staghound_AA
jp_stingray,0.0,,,,,,190.0,65.83,0.0,0.0,2.34,1.58,0.0,,,,,,Stingray
stirling_mk3,0.0,,,,,,0.0,,,,,,0.0,,,,,,Stirling_B_Mk_III
uk_stormer_air_defence,0.0,,,,,,195.0,44.33,1.25,1.12,0.18,0.17,0.0,,,,,,Stormer_AD
uk_stormer_hvm,0.0,,,,,,24.0,0.0,0.72,1.0,0.0,0.0,0.0,,,,,,Stormer_HVM
strikemaster_mk88,0.0,,,,,,77.0,79.82,0.13,0.11,3.84,4.73,0.0,,,,,,Strikemaster_Mk.88
uk_fv102_striker,0.0,,,,,,46.0,50.0,0.0,0.0,0.5,0.5,0.0,,,,,,Striker
sw_strv_103_0,0.0,,,,,,130.0,47.22,0.0,0.0,4.42,2.64,0.0,,,,,,Strv_103-0
sw_strv_103a,0.0,,,,,,364.0,52.35,0.0,0.0,2.26,1.93,12.0,,,0.0,,1.0,Strv_103A
sw_strv_103c,0.0,,,,,,96.0,38.33,0.0,0.0,1.84,2.04,0.0,,,,,,Strv_103С
sw_strv_104,0.0,,,,,,263.0,43.83,0.0,0.0,2.68,2.44,0.0,,,,,,Strv_104
sw_strv_105,0.0,,,,,,291.0,51.94,0.0,0.0,2.22,1.8,0.0,,,,,,Strv_105
sw_strv_121,0.0,,,,,,473.0,54.74,0.0,0.0,2.84,2.1,0.0,,,,,,Strv_121
sw_strv_81_rb52,0.0,,,,,,0.0,,,,,,0.0,,,,,,Strv_81_(RB_52)
uk_centurion_mk_3_ss11,0.0,,,,,,0.0,,,,,,0.0,,,,,,Strv_81_(RB_52)
sw_strv_m41_s1,0.0,,,,,,0.0,,,,,,0.0,,,,,,Strv_m/41_S-I
us_m5a1_stuart_canadian_5st_arm,0.0,,,,,,2.0,100.0,0.0,0.0,2.0,2.0,12.0,100.0,0.0,0.0,2.0,2.0,Stuart_VI_(5th_CAD)
ussr_su_100Y,0.0,,,,,,17.0,,,0.0,,1.0,0.0,,,,,,SU-100Y
su_30mkm,0.0,,,,,,343.0,60.39,1.53,1.59,1.11,1.14,10.0,,,1.0,,0.0,Su-30MKM
su_25tm,0.0,,,,,,401.0,72.84,0.24,0.25,2.61,2.67,62.0,,,0.69,,0.52,Su-39
ussr_su_57b,0.0,,,,,,13.0,,,0.0,,0.0,0.0,,,,,,SU-57B
ussr_su_76d,0.0,,,,,,0.0,,,,,,0.0,,,,,,SU-76D
ussr_su_76m_5st_kav_corps,0.0,,,,,,13.0,,,0.0,,1.0,0.0,,,,,,SU-76M_(5th_Gv.Kav.Corps)
su-7bmk,0.0,,,,,,0.0,,,,,,0.0,,,,,,Su-7BMK
su-8,0.0,,,,,,11.0,,,0.0,,2.36,0.0,,,,,,Su-8
ussr_su_85a,0.0,,,,,,0.0,,,,,,0.0,,,,,,SU-85A
su-9,0.0,,,,,,118.0,80.46,1.49,0.96,2.51,1.65,0.0,,,,,,Su-9
sunderland_mk3a,0.0,,,,,,0.0,,,,,,0.0,,,,,,Sunderland_Mk_IIIa
sunderland_mk5,0.0,,,,,,0.0,,,,,,0.0,,,,,,Sunderland_Mk_V
super_etendard_97,0.0,,,,,,14.0,50.0,0.0,,1.8,,0.0,,,,,,Super_Etendard
germ_boxer_swatrinf,0.0,,,,,,258.0,36.15,0.0,0.0,2.02,1.07,0.0,,,,,,sWaTrgInf
swift_f1,0.0,,,,,,92.0,45.24,1.0,2.57,0.13,0.25,0.0,,,,,,Swift_F.1
swift_f7,0.0,,,,,,138.0,54.76,1.52,1.42,1.8,1.96,0.0,,,,,,Swift_F.7
swordfish_mk1,0.0,,,,,,0.0,,,,,,0.0,,,,,,Swordfish_Mk_I
swordfish_mk2,0.0,,,,,,0.0,,,,,,0.0,,,,,,Swordfish_Mk_II
ussr_t_10a,0.0,,,,,,138.0,79.31,0.0,0.0,6.85,3.51,0.0,,,,,,T-10A
cn_t_26_no531,0.0,,,,,,18.0,,,,,,0.0,,,,,,T-26_No.531
sw_vickers_mk_e_45,0.0,,,,,,0.0,,,,,,0.0,,,,,,T-26E
ussr_t_26E,0.0,,,,,,0.0,,,,,,0.0,,,,,,T-26E
ussr_t_26_1940_1st_GvTBr,0.0,,,,,,0.0,,,,,,0.0,,,,,,T-26_(1st_Gv.T.Br.)
ussr_t_34_1940_l_11,0.0,,,,,,0.0,,,,,,0.0,,,,,,T-34_(Prototype)
sw_t_50_fin,0.0,,,,,,0.0,,,,,,0.0,,,,,,T-50
ussr_t_60_1941,0.0,,,,,,0.0,,,,,,0.0,,,,,,T-60
ussr_t_70_1942,0.0,,,,,,0.0,,,,,,0.0,,,,,,T-70
ussr_pzkpfw_III_ausf_J_L42,0.0,,,,,,36.0,65.79,0.0,0.0,2.76,3.33,0.0,,,,,,T-III
ta-152c,0.0,,,,,,12.0,,,,,,0.0,,,,,,Ta_152_C-3
ta-152h-1,0.0,,,,,,35.0,0.0,2.13,2.0,0.0,0.0,0.0,,,,,,Ta_152_H-1
jp_type_98_ta_se,0.0,,,,,,14.0,,,0.0,,2.0,0.0,,,,,,Ta-Se
jp_type_81_tansam_launcher,,,,,,,,,,,,,,,,,,,Tan-SAM_Kai_(СОУ)
jp_type_81_tansam_fcs,0.0,,,,,,12.0,25.0,0.75,0.32,0.0,0.0,0.0,,,,,,Tan-SAM_Kai_(СОЦ)
tandem_mai,0.0,,,,,,0.0,,,,,,0.0,,,,,,Tandem_MAI
tb_3_m17_32,0.0,,,,,,0.0,,,,,,0.0,,,,,,TB-3M-17-32
tempest_mkv_vikkers,0.0,,,,,,13.0,,,0.62,,0.0,0.0,,,,,,Tempest_Mk_V_(Vickers_P)
f2a-1_thach,0.0,,,,,,0.0,,,,,,0.0,,,,,,Thach's_F2A-1
il_tiran_6,0.0,,,,,,74.0,90.0,0.0,0.0,3.87,2.79,0.0,,,,,,Tiran_6
uk_tog_2,0.0,,,,,,33.0,35.29,0.0,0.0,4.06,2.55,0.0,,,,,,TOG_II
it_toldi_II_a,0.0,,,,,,0.0,,,,,,0.0,,,,,,Toldi_IIA
tornado_adv,0.0,,,,,,15.0,,,1.0,,0.0,49.0,,,1.0,,0.0,Tornado_ADV
tornado_ids_it,0.0,,,,,,30.0,14.58,0.0,0.0,1.0,0.81,0.0,,,,,,Tornado_IDS
tornado_ids_it_mod95,0.0,,,,,,0.0,,,,,,0.0,,,,,,Tornado_IDS_(1995)
tornado_ids_it_ret8,0.0,,,,,,13.0,100.0,0.0,0.0,3.0,3.0,0.0,,,,,,Tornado_IDS_MLU_(RET.8)
uk_a39_tortoise,0.0,,,,,,0.0,,,,,,0.0,,,,,,Tortoise
ussr_tor_m1,0.0,,,,,,32.0,,,1.65,,0.0,0.0,,,,,,Toр-M1
fr_tpk_641_vpc,0.0,,,,,,66.0,100.0,0.56,0.59,0.0,0.0,0.0,,,,,,TPK_6.41
tu_4,0.0,,,,,,10.0,,,,,,0.0,,,,,,Tu-4
gladiator_mk2_tuck,0.0,,,,,,0.0,,,,,,0.0,,,,,,Tuck's_Gladiator_Mk_II
it_40m_turan_1,0.0,,,,,,2.0,,,0.0,,1.0,0.0,,,,,,Turan_I
jp_type_03_chusam_fcs,0.0,,,,,,25.0,100.0,0.0,0.0,0.0,0.0,0.0,,,,,,Type_03_(СОЦ)
jp_type_60_atm,0.0,,,,,,0.0,,,,,,0.0,,,,,,Type_60_ATM
jp_type_60_sprg,0.0,,,,,,179.0,73.76,0.0,0.0,5.13,2.03,0.0,,,,,,Type_60_SPRG_(C)
jp_type_61_mod,0.0,,,,,,97.0,55.0,0.0,0.0,1.64,2.02,0.0,,,,,,Type_61_(B)
ussr_type_62,0.0,,,,,,3.0,,,0.0,,3.0,0.0,,,,,,Type_62
cn_type_62,0.0,,,,,,60.0,86.84,0.0,0.0,2.73,2.22,0.0,,,,,,Type_62
cn_type_69,0.0,,,,,,128.0,70.67,0.0,0.0,5.98,4.23,0.0,,,,,,Type_69
cn_type_69_2a,0.0,,,,,,79.0,72.37,0.0,0.0,3.68,3.43,0.0,,,,,,Type_69-IIa
jp_type_74_mod_g_kai,0.0,,,,,,327.0,51.67,0.0,0.0,2.79,2.36,0.0,,,,,,Type_74_(G)
jp_type_75_mlrs,0.0,,,,,,0.0,,,,,,0.0,,,,,,Type_75_MLRS
jp_type_94,0.0,,,,,,20.0,55.0,0.45,0.9,3.05,5.75,0.0,,,,,,Type_94
sw_udes_33,0.0,,,,,,100.0,59.73,0.0,0.0,1.34,1.55,0.0,,,,,,UDES_33
uk_challenger_II,0.0,,,,,,410.0,54.5,0.0,0.0,1.97,1.67,0.0,,,,,,uk_challenger_ii_shop
us_m551_football,,,,,,,,,,,,,,,,,,,us_m551_football
ussr_m551_football,,,,,,,,,,,,,,,,,,,ussr_m551_football
v_11g,0.0,,,,,,0.0,,,,,,0.0,,,,,,V-11
v_156_b1,0.0,,,,,,0.0,,,,,,0.0,,,,,,V-156-B1
v_156_f,0.0,,,,,,0.0,,,,,,0.0,,,,,,V-156-F
uk_valentine_mk_1,0.0,,,,,,0.0,,,,,,0.0,,,,,,Valentine_I
vampire_fb5,0.0,,,,,,0.0,,,,,,0.0,,,,,,Vampire_F.B.5
vampire_fb52_finland,0.0,,,,,,28.0,71.43,0.0,0.0,0.43,0.19,0.0,,,,,,Vampire_FB_52A
vampire_fb52a_italy,0.0,,,,,,46.0,100.0,1.0,1.0,0.0,0.0,0.0,,,,,,Vampire_FB_52A
it_vbc_pt2,0.0,,,,,,121.0,55.42,0.0,0.0,2.98,2.03,18.0,,,0.0,,2.0,VBC_(PT2)
fr_vbci,0.0,,,,,,367.0,57.79,0.0,0.0,1.65,1.33,0.0,,,,,,VBCI
fr_vbci2_mct30,0.0,,,,,,47.0,66.03,0.0,0.0,1.02,1.69,0.0,,,,,,VBCI-2_(MCT30)
it_vcc_80_hitfist_30,0.0,,,,,,36.0,57.41,0.0,0.0,1.39,1.85,16.0,50.0,0.0,0.0,1.0,1.0,VCC-80/30
venom_fb4,0.0,,,,,,0.0,,,,,,0.0,,,,,,Venom_FB.4
fr_vextra_105,0.0,,,,,,211.0,63.65,0.0,0.0,1.52,1.0,0.0,,,,,,Vextra_105
uk_vfm_5,0.0,,,,,,125.0,54.29,0.0,0.0,2.35,2.0,0.0,,,,,,VFM5
uk_vickers_mbt_mk_3,0.0,,,,,,122.0,40.17,0.0,0.0,2.08,2.78,0.0,,,,,,Vickers_Mk.3
uk_vickers_mk7,0.0,,,,,,210.0,66.72,0.0,0.0,2.62,1.72,0.0,,,,,,Vickers_Mk.7
sw_vickers_mk_e_37,0.0,,,,,,0.0,,,,,,0.0,,,,,,Vickers_Mk.E
sw_k9_vidar,0.0,,,,,,98.0,22.51,0.0,0.0,1.9,1.01,0.0,,,,,,VIDAR
uk_vijayanta,0.0,,,,,,20.0,,,0.0,,1.35,0.0,,,,,,Vijayanta
it_vrcc_centauro,0.0,,,,,,229.0,67.67,0.0,0.0,2.31,1.55,0.0,,,,,,VRCC
germ_vt_1_2,0.0,,,,,,30.0,0.0,0.0,0.0,9.5,2.55,16.0,,,0.0,,2.0,VT1-2
cn_vt_4b,0.0,,,,,,131.0,96.49,0.0,0.0,6.68,2.59,0.0,,,,,,VT4A1
fr_amx_vtt_dca,0.0,,,,,,48.0,,,0.36,,0.0,0.0,,,,,,VTT_DCA
walrus_mk1,,,,,,,,,,,,,,,,,,,Walrus_Mk.I
uk_fv510_isv,0.0,,,,,,20.0,,,0.0,,0.86,0.0,,,,,,Warrior
welkin_fmk1,,,,,,,,,,,,,,,,,,,Welkin_F.Mk.I
wellington_mk1c,0.0,,,,,,0.0,,,,,,0.0,,,,,,Wellington_Mk_Ic
wellington_mk3,0.0,,,,,,0.0,,,,,,0.0,,,,,,Wellington_Mk_III
whirlwind_mk1,0.0,,,,,,5.0,,,0.0,,0.0,0.0,,,,,,Whirlwind_Mk_I
whirlwind_p9,0.0,,,,,,25.0,50.0,0.0,0.07,0.5,1.0,0.0,,,,,,Whirlwind_P.9
germ_wiesel_1_tow,0.0,,,,,,315.0,51.15,0.0,0.0,2.45,1.51,2.0,,,0.0,,2.0,Wiesel_1A2
wirraway,0.0,,,,,,0.0,,,,,,0.0,,,,,,Wirraway
cn_wma_301,0.0,,,,,,141.0,42.08,0.0,0.0,3.26,1.97,22.0,,,0.0,,0.0,WMA301
cn_wz_141,0.0,,,,,,136.0,67.86,0.0,0.0,6.89,2.92,0.0,,,,,,WZ141-1
xa_38,0.0,,,,,,0.0,,,,,,58.0,50.0,0.05,0.46,1.9,1.36,XA-38
us_xm1_chrysler,0.0,,,,,,0.0,,,,,,0.0,,,,,,XM1_(Chrysler)
us_xm_800t,0.0,,,,,,1913.0,59.44,0.0,0.0,1.28,1.12,0.0,,,,,,XM800T
p-38g_metal,0.0,,,,,,0.0,,,,,,0.0,,,,,,XP-38G
yak-15_early,0.0,,,,,,108.0,76.95,2.9,7.73,1.08,3.12,0.0,,,,,,Yak-15P
yak-28b,0.0,,,,,,30.0,56.25,0.0,0.0,0.0,0.0,0.0,,,,,,Yak-28B
yak-3_vk107,0.0,,,,,,137.0,66.86,1.97,3.63,0.59,1.17,14.0,,,3.0,,0.0,Yak-3_(VK-107)
yak-3t,0.0,,,,,,43.0,100.0,0.0,0.0,1.68,1.68,0.0,,,,,,Yak-3T
er-2_ach30b_late,0.0,,,,,,0.0,,,,,,0.0,,,,,,Yer-2_(ACh-30B)_(l)
er-2_m105_tat,0.0,,,,,,0.0,,,,,,0.0,,,,,,Yer-2_(M-105)_TAT
er-2_m105r_tat,0.0,,,,,,0.0,,,,,,0.0,,,,,,Yer-2_(M-105R)_TAT
yp-38,0.0,,,,,,0.0,,,,,,0.0,,,,,,YP-38
z_1007_bis_serie3,0.0,,,,,,9.0,50.0,0.0,0.0,1.0,2.0,0.0,,,,,,Z.1007_bis_serie_3
il_ss_11_halftrack,0.0,,,,,,16.0,100.0,0.0,0.0,1.64,1.44,0.0,,,,,,Zachlam_Tager
cn_zbd_04a,0.0,,,,,,346.0,60.25,0.0,0.0,1.37,1.29,0.0,,,,,,ZBD04A
cn_type_86,0.0,,,,,,26.0,15.38,0.0,0.0,0.85,0.5,0.0,,,,,,ZBD86
ussr_zis_12_94KM_1945,0.0,,,,,,138.0,72.94,0.19,0.13,2.6,2.28,0.0,,,,,,ZiS-12_(94-KM)
ussr_zis_43,0.0,,,,,,13.0,,,,,,0.0,,,,,,ZiS-43
it_40_43m_zrinyi_2,0.0,,,,,,2.0,,,,,,0.0,,,,,,Zrinyi_II
uk_ratel_zt3,0.0,,,,,,327.0,59.62,0.0,0.0,4.29,3.62,0.0,,,,,,ZT3A2
cn_ztz_59a,0.0,,,,,,92.0,50.65,0.0,0.0,4.02,4.47,2.0,,,0.0,,1.0,ZTZ59A
cn_type_59d,0.0,,,,,,76.0,92.5,0.0,0.0,3.08,1.72,0.0,,,,,,ZTZ59D1
cn_ztz_96a,0.0,,,,,,110.0,61.55,0.0,0.0,2.57,1.98,0.0,,,,,,ZTZ96A
ussr_zut_37,0.0,,,,,,24.0,,,0.0,,1.62,0.0,,,,,,ZUT-37
ussr_sdkfz_251_21_kit_3rank,0.0,,,,,,85.0,10.42,0.06,0.07,0.03,0.02,0.0,,,,,,Ганомаг_('45)
ussr_garford_putilov,0.0,,,,,,0.0,,,,,,0.0,,,,,,Гарфордъ
db_lk,0.0,,,,,,0.0,,,,,,0.0,,,,,,ДБ-ЛК
ussr_valentine_mk_9,0.0,,,,,,5.0,,,0.0,,1.0,0.0,,,,,,"МК-IX_""Valentine"""
mig_29kr_9_41r,,,,,,,,,,,,,,,,,,,МиГ-29КР_(9-41Р)
mig_29m_9_15,0.0,,,,,,39.0,65.56,0.63,0.91,0.07,0.09,0.0,,,,,,МиГ-29М_(9-15)
ussr_pantsyr_sm_sv,0.0,,,,,,862.0,54.61,0.93,1.09,0.15,0.19,4.0,,,,,,Панцирь_СМ-СВ
it_9a35_m,0.0,,,,,,13.0,,,,,,0.0,,,,,,Стрела-10М
uk_9a35_m,0.0,,,,,,12.0,,,,,,0.0,,,,,,Стрела-10М
cn_t_62,0.0,,,,,,27.0,50.0,0.0,0.0,0.89,1.73,0.0,,,,,,Т-62_№545
ussr_t_90m_arena_m,,,,,,,,,,,,,,,,,,,Т-90М_(Арена-М)
tu_95m,0.0,,,,,,76.0,0.0,0.0,0.0,1.0,0.36,5.0,,,,,,Ту-95М
yak_130_early,0.0,,,,,,0.0,,,,,,0.0,,,,,,Як-130
p-47m-1-re_boxted,0.0,,,,,,0.0,,,,,,10.0,50.0,1.0,2.0,0.5,1.0,⋠P-47M-1-RE
a6m5_zero_china,,,,,,,,,,,,,,,,,,,A6M5_(China)
cn_type_97_chi_ha,0.0,,,,,,0.0,,,,,,0.0,,,,,,Chi-Ha_(China)
cn_type_97_kai,0.0,,,,,,0.0,,,,,,0.0,,,,,,Chi-Ha_Kai_(China)
db_3a_china,0.0,,,,,,0.0,,,,,,0.0,,,,,,DB-3A_(China)
f-100a_china,0.0,,,,,,64.0,90.58,1.48,1.24,0.78,0.63,0.0,,,,,,F-100A_(China)
f_100f_china,0.0,,,,,,0.0,,,,,,0.0,,,,,,F-100F_(China)
f-104a_china,0.0,,,,,,0.0,,,,,,0.0,,,,,,F-104A_(China)
f-104g_china,0.0,,,,,,0.0,,,,,,0.0,,,,,,F-104G_(China)
f_16a_block_72v_china,,,,,,,,,,,,,,,,,,,F-16V_(China)
f-5a_china,0.0,,,,,,2.0,100.0,2.0,2.0,1.0,1.0,0.0,,,,,,F-5A_(China)
f-5e_aidc,0.0,,,,,,2.0,66.67,0.0,0.0,0.3,0.5,0.0,,,,,,F-5E_(China)
f-84g-31-re_china,0.0,,,,,,15.0,100.0,0.0,0.0,2.0,1.33,0.0,,,,,,F-84G-31-RE_(China)
f-86f-30_china,0.0,,,,,,0.0,,,,,,0.0,,,,,,F-86F-30_(China)
f-86f-40_china,0.0,,,,,,0.0,,,,,,0.0,,,,,,F-86F-40_(China)
gladiator_mk1_china,0.0,,,,,,0.0,,,,,,0.0,,,,,,Gladiator_Mk_I_(China)
hs-123a-1_china,0.0,,,,,,0.0,,,,,,0.0,,,,,,Hs_123_A-1_(China)
i-16_chung_28,0.0,,,,,,0.0,,,,,,0.0,,,,,,I-16_Chung_28_(China)
i-16_type5_1935_china,0.0,,,,,,0.0,,,,,,0.0,,,,,,I-16_type_5_(China)
cn_isu_122,0.0,,,,,,30.0,,,0.0,,1.0,0.0,,,,,,ISU-122_(China)
cn_isu_152,0.0,,,,,,40.0,100.0,0.0,0.0,1.0,0.97,0.0,,,,,,ISU-152_(China)
ki-27_otsu_china,0.0,,,,,,0.0,,,,,,0.0,,,,,,Ki-27_otsu_(China)
ki-45_hei_tei_china,0.0,,,,,,0.0,,,,,,0.0,,,,,,Ki-45_hei/tei_(China)
ki_84_ko_china,0.0,,,,,,33.0,,,0.47,,1.82,0.0,,,,,,Ki-84_ko_(China)
la-9_china,0.0,,,,,,16.0,0.0,0.0,0.0,0.0,0.0,0.0,,,,,,La-9_(China)
cn_m113a1_tow,0.0,,,,,,85.0,50.0,0.0,0.0,1.5,1.0,0.0,,,,,,M113A1_(TOW)_(China)
cn_m3a3_stuart_1st_ptg,0.0,,,,,,0.0,,,,,,0.0,,,,,,M3A3_(1st_PTG)_(China)
cn_m3a3_stuart,0.0,,,,,,21.0,,,,,,0.0,,,,,,M3A3_Stuart_(China)
cn_m55,0.0,,,,,,0.0,,,,,,0.0,,,,,,M55_(China)
cn_m5a1_stuart,0.0,,,,,,0.0,,,,,,0.0,,,,,,M5A1_(China)
cn_m60a3_tts,0.0,,,,,,42.0,33.33,0.0,0.0,4.29,4.3,0.0,,,,,,M60A3_TTS_(China)
mirage_2000_5ei,0.0,,,,,,88.0,56.89,2.23,3.73,0.0,0.0,0.0,,,,,,Mirage_2000-5Ei_(China)
p-38l_1_china_rocaf,0.0,,,,,,42.0,50.0,0.5,0.29,1.0,1.65,0.0,,,,,,P-38L-1_(China)
p1y1_mod11_china,0.0,,,,,,0.0,,,,,,0.0,,,,,,P1Y1_mod._11_(China)
cn_pt_76,0.0,,,,,,0.0,,,,,,0.0,,,,,,PT-76_(China)
sb_2m_103u_china,0.0,,,,,,0.0,,,,,,0.0,,,,,,SB_2M-103U_(China)
cn_sdkfz_222_early,0.0,,,,,,34.0,,,0.0,,1.0,0.0,,,,,,Sd.Kfz.222_(China)
tu_4_china,0.0,,,,,,0.0,,,,,,0.0,,,,,,Tu-4_(China)
uk_challenger_II_yt_cup_2019,,,,,,,,,,,,,,,,,,,␙Challenger_2
germ_leopard_2a5_yt_cup_2019,0.0,,,,,,0.0,,,,,,0.0,,,,,,␙Leopard_2A5
us_m1a1_abrams_yt_cup_2019,0.0,,,,,,0.0,,,,,,0.0,,,,,,␙M1A1
md_460_yt_cup_2019,,,,,,,,,,,,,,,,,,,␙Super_Mystere_B2
ussr_t_80u_yt_cup_2019,0.0,,,,,,0.0,,,,,,0.0,,,,,,␙T-80U
f-86_canadair_german,0.0,,,,,,12.0,100.0,2.0,,1.33,,0.0,,,,,,◄CL-13A_Mk_5
f-86_cl_13b_mk6,0.0,,,,,,115.0,96.39,4.4,8.29,0.48,1.01,0.0,,,,,,◄CL-13B_Mk.6
ef_2000_block_10,0.0,,,,,,132.0,62.47,1.65,2.44,0.43,0.66,12.0,,,0.0,,0.0,◄EF-2000
ef_2000_aesa,0.0,,,,,,626.0,55.2,1.6,1.99,0.28,0.35,18.0,,,2.1,,0.0,◄EF-2000_(AESA)
f-104g,0.0,,,,,,15.0,50.0,0.5,1.0,0.0,0.0,0.0,,,,,,◄F-104G
f-4f,0.0,,,,,,91.0,42.22,0.58,1.04,1.62,2.83,0.0,,,,,,◄F-4F_Early
f-4f_kws_lv,0.0,,,,,,213.0,52.67,1.5,1.57,0.01,0.01,0.0,,,,,,◄F-4F_KWS_LV
f-84f_germany,0.0,,,,,,0.0,,,,,,0.0,,,,,,◄F-84F
f-86k_late_german,0.0,,,,,,6.0,,,0.0,,0.0,0.0,,,,,,◄F-86K
fiat_g91_r3,0.0,,,,,,76.0,80.0,1.08,1.16,0.84,1.16,0.0,,,,,,◄G.91_R/3
fiat_g91_r4_german,0.0,,,,,,114.0,60.5,0.97,1.02,0.21,0.26,0.0,,,,,,◄G.91_R/4
mig-21_sps_k,0.0,,,,,,63.0,84.62,2.18,1.79,0.0,0.0,0.0,,,,,,◄MiG-21_SPS-K
mig_29_9_12g,0.0,,,,,,131.0,52.22,0.97,0.92,0.11,0.11,0.0,,,,,,◄MiG-29G
sea_hawk_mk100,0.0,,,,,,29.0,,,,,,0.0,,,,,,◄Sea_Hawk_Mk.100
su_22m4_de_wtd61,0.0,,,,,,232.0,46.61,0.91,1.01,1.45,1.72,0.0,,,,,,◄Su-22M4_WTD61
tornado_ids_de_assta3_sle,0.0,,,,,,26.0,100.0,0.0,0.0,1.38,1.35,2.0,,,0.0,,1.0,◄Tornado_IDS_SLE
il_28_german,0.0,,,,,,25.0,,,,,,0.0,,,,,,◊IL-28
mig-17p_lim_5p,0.0,,,,,,11.0,100.0,1.18,1.0,0.82,1.0,0.0,,,,,,◊Lim-5P
mig-19s,0.0,,,,,,23.0,50.0,2.0,2.0,1.0,1.0,0.0,,,,,,◊MiG-19S
mig_29_9_12_germany,0.0,,,,,,141.0,49.0,0.84,1.42,0.0,0.0,7.0,,,1.83,,0.0,◊MiG-29
germ_9a33bm3,0.0,,,,,,14.0,0.0,1.0,0.14,0.0,0.0,0.0,,,,,,◊Osa-AK
us_lvt_a_1_trb,0.0,,,,,,0.0,,,,,,0.0,,,,,,○LVT(A)(1)
p-36c_rb,0.0,,,,,,0.0,,,,,,0.0,,,,,,○P-36C
fa_18c_late_switzerland,0.0,,,,,,193.0,47.24,0.64,0.83,0.14,0.18,0.0,,,,,,◌F/A-18C_Late
hunter_f58a_1971_switzerland,0.0,,,,,,30.0,50.0,0.0,0.0,0.5,0.5,0.0,,,,,,◌Hunter_F.58A_(1971)
mirage_3s_c70_switzerland,0.0,,,,,,23.0,50.0,1.6,1.23,0.8,0.31,3.0,,,,,,◌Mirage_IIIS_C.70
uk_challenger_2_megatron_sm,0.0,,,,,,259.0,73.4,0.0,0.0,3.0,1.22,0.0,,,,,,◍Challenger_2_OES
cn_mbt2000_sm,0.0,,,,,,2.0,,,,,,0.0,,,,,,◍MBT-2000
il_28_hungary,0.0,,,,,,0.0,,,,,,0.0,,,,,,◔IL-28
saab_jas39c_hungary,0.0,,,,,,13.0,50.0,0.58,1.17,1.0,2.0,12.0,,,,,,◔JAS39EBS_HU_C
me_210ca_1_40_mm_hungary,0.0,,,,,,22.0,,,,,,0.0,,,,,,◔Me_210_Ca-1_36.M
mig-15bis_nr23_hungary,0.0,,,,,,12.0,,,,,,0.0,,,,,,◔MiG-15bis
mig-17pf_hungary,0.0,,,,,,0.0,,,,,,0.0,,,,,,◔MiG-17PF
mig-21_bis_sau_hungary,0.0,,,,,,0.0,,,,,,0.0,,,,,,◔MiG-21bis-SAU
mig-21_mf_hungary,0.0,,,,,,39.0,100.0,2.76,3.0,0.24,0.38,0.0,,,,,,◔MiG-21MF
mig_23mf_hungary,0.0,,,,,,9.0,,,1.0,,0.0,0.0,,,,,,◔MiG-23MF
mig_29_9_12b_hungary,0.0,,,,,,0.0,,,,,,0.0,,,,,,◔MiG-29
su_22m3_hungary,0.0,,,,,,0.0,,,,,,0.0,,,,,,◔Su-22M3
tu-2_postwar_late_hungary,0.0,,,,,,24.0,50.0,0.0,0.0,0.0,0.0,0.0,,,,,,◔Tu-2S-59
fokker_d21_netherlands,0.0,,,,,,0.0,,,,,,0.0,,,,,,◗Fokker_D.XXI
f_16am_block_20_mlu_netherlands,0.0,,,,,,0.0,,,,,,0.0,,,,,,◘F-16AM
nf_5a_netherlands,0.0,,,,,,219.0,60.87,2.04,3.58,0.77,1.37,0.0,,,,,,◘NF-5A
sb_25j_netherlands,0.0,,,,,,5.0,,,,,,0.0,,,,,,◘SB-25J
kfir_c10_colombia,0.0,,,,,,89.0,79.49,2.03,3.33,0.0,0.0,0.0,,,,,,◡Kfir_C.10
f_16a_block_10_norway,0.0,,,,,,0.0,,,,,,0.0,,,,,,◢F-16A
f_16am_block_20_mlu_norway,0.0,,,,,,1.0,,,1.0,,1.0,13.0,,,,,,◢F-16AM
f-5ag_norway,0.0,,,,,,26.0,50.0,1.1,2.2,0.5,1.0,0.0,,,,,,◢F-5A(G)
a_4e_late_iaf,0.0,,,,,,28.0,100.0,0.07,,1.33,,0.0,,,,,,A-4E_(Israel)
a_4e_early_iaf,0.0,,,,,,0.0,,,,,,0.0,,,,,,A-4E_Early_(M)_(Israel)
a_4h,0.0,,,,,,42.0,61.59,0.21,0.25,0.6,1.02,0.0,,,,,,A-4H_(Israel)
b-17g_iaf,0.0,,,,,,0.0,,,,,,0.0,,,,,,B-17G_(Israel)
f-84f_israel_iaf,0.0,,,,,,0.0,,,,,,0.0,,,,,,F-84F_(Israel)
il_mim_72_chaparral,0.0,,,,,,9.0,,,,,,0.0,,,,,,Imp.Chaparral_(Israel)
md_450b_ouragan_iaf_29,0.0,,,,,,0.0,,,,,,0.0,,,,,,M.D.450B_(29)_(Israel)
meteor_frmk9_iaf,0.0,,,,,,0.0,,,,,,0.0,,,,,,Meteor_FR.9_(Israel)
mig_21_2000_iaf,,,,,,,,,,,,,,,,,,,MiG-21_2000_(Israel)
md_454_mystere_4a_iaf,0.0,,,,,,4.0,0.0,0.0,0.0,0.0,0.0,0.0,,,,,,Mystere_IVA_(Israel)
so_4050_vautour_2a_israel_iaf,0.0,,,,,,0.0,,,,,,0.0,,,,,,Vautour_IIA_(Israel)
so_4050_vautour_2n_iaf,0.0,,,,,,0.0,,,,,,0.0,,,,,,Vautour_IIN_(Israel)
