name,ab_battles,ab_win_rate,ab_air_frags_per_battle,ab_air_frags_per_death,ab_ground_frags_per_battle,ab_ground_frags_per_death,rb_battles,rb_win_rate,rb_air_frags_per_battle,rb_air_frags_per_death,rb_ground_frags_per_battle,rb_ground_frags_per_death,sb_battles,sb_win_rate,sb_air_frags_per_battle,sb_air_frags_per_death,sb_ground_frags_per_battle,sb_ground_frags_per_death,alt_name
us_t58,785.0,65.81,0.03,0.03,4.46,4.24,2088.0,61.74,0.0,0.0,3.23,2.47,3.0,,,0.0,,1.0,T58
ussr_t_34_85_zis_53_v80,665.0,86.01,0.07,0.08,4.08,5.68,243.0,53.98,0.0,0.0,5.04,2.72,0.0,,,,,,"Т-34-85_""Партизан"""
it_sherman_75_37,581.0,73.65,0.12,0.15,6.35,7.36,96.0,61.83,0.0,0.0,4.32,3.85,0.0,,,,,,Sherman_I_Composito
s_199,559.0,65.05,6.36,1.72,2.15,0.54,28.0,,,0.11,,0.92,0.0,,,,,,Sakeen
ussr_t_80bvm,551.0,55.28,0.0,0.01,1.72,1.91,6495.0,45.2,0.0,0.0,1.87,1.63,0.0,,,,,,T-80BVM
germ_pzkpfw_III_ausf_F,531.0,79.6,0.1,0.12,6.48,8.95,67.0,91.4,0.0,0.0,10.62,9.24,0.0,,,,,,Pz.III_F
ussr_t_72a,518.0,54.42,0.11,0.1,2.5,2.1,2764.0,52.3,0.0,0.0,2.06,2.01,0.0,,,,,,T-72A
germ_panzerbefelhswagen_VI_P,498.0,90.05,0.03,0.06,8.51,14.44,118.0,40.32,0.0,0.0,3.71,3.75,0.0,,,,,,Pz.Bfw.VI_(P)
us_lvt_a_1,463.0,97.31,0.14,0.29,6.44,11.93,17.0,,,,,,0.0,,,,,,LVT(A)(1)
germ_pzkpfw_VI_ausf_h1_tiger_west,449.0,75.08,0.07,0.07,3.83,6.12,243.0,49.62,0.0,0.0,3.86,3.05,5.0,,,,,,Tiger_West
su_30mkk,430.0,66.31,6.09,4.67,0.27,0.22,1069.0,58.93,1.16,1.29,0.42,0.47,38.0,,,1.81,,0.0,Su-30MKK_(China)
su_30mk2v_venezuela,429.0,59.13,3.96,3.29,0.48,0.4,5916.0,47.86,0.96,1.05,0.35,0.38,187.0,100.0,6.58,1.5,1.42,0.26,Су-30МК2_AMV
ussr_t_44_100,429.0,52.9,0.08,0.08,2.7,2.51,1200.0,50.61,0.0,0.0,2.39,1.79,110.0,50.0,0.0,0.0,4.27,3.23,T-44-100
ussr_t_34_1941_57,424.0,55.45,0.0,0.0,2.06,2.21,481.0,39.48,0.0,0.0,2.48,1.57,0.0,,,,,,T-34-57
ussr_t_34_85_zis_53,413.0,68.67,0.0,0.0,2.5,3.65,601.0,49.82,0.0,0.0,2.05,1.74,15.0,,,0.0,,0.0,T-34-85
ussr_t_80ue1_sm,410.0,57.48,0.0,0.0,1.85,1.75,2878.0,39.49,0.0,0.0,1.35,1.09,8.0,,,0.0,,1.0,◍Т-80У-Е1
ussr_kv_1_zis_5,390.0,65.62,0.0,0.0,3.74,4.76,233.0,44.33,0.0,0.0,4.02,3.61,0.0,,,,,,KV-1_(ZiS-5)
germ_pzkpfw_VI_ausf_h1_tiger,388.0,55.41,0.02,0.02,2.69,3.37,896.0,48.45,0.0,0.0,2.45,2.12,0.0,,,,,,Tiger_H1
germ_pzkpfw_VI_ausf_b_tiger_IIh,383.0,54.4,0.01,0.01,2.12,2.49,1976.0,53.21,0.01,0.01,3.45,2.87,0.0,,,,,,Tiger_II_(H)
germ_pzkpfw_VI_ausf_h1_tiger_east,372.0,76.22,0.09,0.1,4.11,5.55,183.0,43.76,0.0,0.0,3.93,3.36,0.0,,,,,,Tiger_Ost
sw_sav_fm48,368.0,61.78,0.05,0.05,4.5,3.4,383.0,62.64,0.0,0.0,5.53,2.81,0.0,,,,,,SAV_20.12.48
us_m6a1,359.0,74.12,0.1,0.09,4.14,3.78,158.0,68.1,0.0,0.0,4.56,3.17,0.0,,,,,,M6A1
la-7,351.0,91.99,3.88,4.64,1.93,2.3,86.0,30.16,2.13,2.6,0.5,0.59,0.0,,,,,,La-7
germ_vsw_flak_41,349.0,81.46,0.09,0.1,4.81,5.58,160.0,38.17,0.0,0.0,7.13,4.49,26.0,100.0,0.0,0.0,4.0,2.0,VFW
ussr_t_34_85_d_5t,326.0,67.59,0.05,0.05,5.18,4.65,566.0,48.35,0.0,0.0,3.45,2.04,0.0,,,,,,T-34-85_(D-5T)
ussr_t_54_1947,319.0,61.09,0.02,0.02,2.81,2.74,307.0,58.05,0.0,0.0,2.66,2.41,0.0,,,,,,T-54_(1947)
germ_pzkpfw_V_ausf_d_panther,311.0,62.93,0.06,0.07,2.12,2.63,554.0,46.19,0.0,0.0,1.71,1.75,8.0,,,0.0,,1.0,Panther_D
sw_t_34_1941,310.0,63.51,0.04,0.05,3.55,3.91,81.0,25.83,0.0,0.0,2.92,2.2,0.0,,,,,,T-34
ussr_bmpt_72,310.0,54.97,0.0,0.0,1.98,1.38,2266.0,40.46,0.0,0.0,1.59,1.18,0.0,,,,,,БМПТ-72
ussr_t_64a_1971,304.0,61.51,0.0,0.0,2.58,2.18,1495.0,54.08,0.0,0.0,2.27,1.97,41.0,100.0,0.0,0.0,2.0,1.38,T-64A_(1971)
ussr_t_34_85E,302.0,82.49,0.05,0.1,3.27,4.79,446.0,67.77,0.0,0.0,4.94,3.14,0.0,,,,,,T-34-85E
bf-109f-4,298.0,71.56,8.79,5.82,0.78,0.46,182.0,78.61,5.24,5.84,2.1,2.53,8.0,,,,,,Bf_109_F-4
ussr_kv_85,292.0,52.24,0.11,0.09,3.16,2.83,183.0,57.5,0.0,0.0,5.55,2.25,0.0,,,,,,KV-85
germ_pzkpfw_VI_ausf_e_tiger,289.0,57.69,0.0,0.0,2.75,2.78,1157.0,42.63,0.0,0.0,1.79,1.64,0.0,,,,,,Tiger_E
jp_type_3_ka_chi,283.0,83.37,0.08,0.11,11.37,14.12,14.0,,,0.0,,2.0,0.0,,,,,,Ka-Chi
germ_thyssen_henschel_tam_2ip,272.0,59.02,0.12,0.12,2.35,2.01,1391.0,43.86,0.0,0.0,1.95,1.37,0.0,,,,,,TAM_2IP
ussr_zsu_57_2,272.0,45.21,0.24,0.17,1.67,1.2,805.0,46.67,0.01,0.0,1.53,1.07,23.0,91.18,0.0,0.0,1.0,1.0,ZSU-57-2
i_185_m71_standard,263.0,71.36,2.55,2.15,0.93,0.78,43.0,,,0.65,,0.08,0.0,,,,,,I-185_(M-71)
sw_cv_90105_tml,262.0,51.98,0.0,0.0,1.82,1.5,1482.0,56.05,0.0,0.0,2.13,1.65,0.0,,,,,,CV_90105
ussr_kv_1e,255.0,100.0,0.0,0.0,7.28,8.48,175.0,73.06,0.0,0.0,8.79,5.01,0.0,,,,,,KV-1E
ussr_bmpt,255.0,48.31,0.33,0.34,1.37,1.53,2760.0,40.48,0.0,0.0,1.32,1.14,3.0,,,0.0,,1.0,БМПТ
ussr_t_55_amd_1,253.0,53.04,0.0,0.0,1.66,1.41,1261.0,41.14,0.0,0.0,1.17,1.14,0.0,,,,,,T-55AMD-1
sw_m24_chaffee_dk,252.0,60.7,0.14,0.13,2.75,2.73,312.0,66.38,0.0,0.0,2.71,1.26,0.0,,,,,,M24DK
ussr_2s1,251.0,49.28,0.07,0.07,0.82,0.76,353.0,29.19,0.0,0.0,0.61,0.53,0.0,,,,,,2S1
ussr_t_80ue1,246.0,49.72,0.0,0.0,2.34,2.24,4929.0,41.42,0.0,0.0,1.44,1.27,8.0,,,0.0,,0.0,Т-80U-Е1
ussr_btr_82at,245.0,52.61,0.26,0.26,1.14,1.15,901.0,48.42,0.0,0.0,1.53,1.25,0.0,,,,,,БТР-82АТ
germ_pzkpfw_V_ausf_g_panther,243.0,62.29,0.0,0.0,1.75,1.89,516.0,38.07,0.0,0.0,1.4,1.56,0.0,,,,,,Panther_G
ussr_object_906,239.0,42.95,0.0,0.0,1.67,1.56,1339.0,52.42,0.0,0.0,2.19,1.67,56.0,100.0,0.0,0.0,8.5,2.76,Object_906
germ_pzkpfw_V_ausf_a_panther,239.0,53.36,0.03,0.04,2.59,2.67,723.0,37.74,0.0,0.0,1.36,1.45,0.0,,,,,,Panther_A
us_m1a1_hc_usmc,238.0,63.18,0.01,0.01,3.15,3.13,6299.0,61.78,0.0,0.0,2.05,1.89,2.0,,,0.0,,1.0,M1A1_Click-Bait
bf-109f-4_trop,234.0,69.97,6.21,6.63,0.49,0.47,8.0,100.0,2.0,1.0,1.0,0.3,0.0,,,,,,Bf_109_F-4/trop
cn_type_58,234.0,79.88,0.04,0.03,5.32,4.75,183.0,61.22,0.0,0.0,3.03,2.72,0.0,,,,,,Т-34-85_Gai
germ_pzkpfw_V_ausf_f_panther,229.0,59.67,0.0,0.0,2.98,2.72,461.0,43.91,0.0,0.0,1.54,1.37,0.0,,,,,,Panther_F
germ_panther_II,225.0,97.1,0.0,0.0,6.25,4.92,302.0,70.75,0.0,0.0,5.05,3.99,0.0,,,,,,Panther_II
uk_a_33_excelsior,221.0,97.71,0.05,0.1,5.54,7.38,342.0,88.3,0.0,0.0,8.55,5.04,0.0,,,,,,Excelsior
germ_pzkpfw_VI_ausf_b_tiger_IIh_sla,219.0,90.64,0.0,0.0,5.93,5.19,881.0,58.32,0.0,0.0,5.05,3.98,0.0,,,,,,Tiger_II_(H)_Sla.16
uk_a27m_cromwell_5,216.0,83.18,0.0,0.0,4.6,5.97,186.0,78.19,0.0,0.0,3.92,2.22,0.0,,,,,,Cromwell_V
la-5fn,214.0,67.1,3.27,4.76,0.58,0.85,57.0,0.0,4.75,1.59,0.0,0.07,0.0,,,,,,La-5FN
sw_strv_122b_plus,213.0,95.89,0.0,0.0,4.74,4.48,450.0,57.95,0.0,0.0,2.88,2.16,0.0,,,,,,Strv_122B+
us_m1a1_hc_usmc_sm,209.0,69.31,0.0,0.0,4.06,3.71,3289.0,63.01,0.0,0.0,2.04,1.75,5.0,0.0,0.0,0.0,0.0,0.0,◍M1A1_HC
germ_pzkpfw_VI_ausf_b_tiger_IIp,209.0,47.0,0.01,0.01,1.63,2.49,843.0,38.87,0.0,0.0,1.35,1.32,0.0,,,,,,Tiger_II_(P)
germ_leopard_2k,208.0,55.64,0.0,0.0,2.81,2.14,1593.0,52.4,0.0,0.0,2.21,1.76,0.0,,,,,,Leopard_2K
germ_waffentrager_krupp_steyr,204.0,71.95,0.17,0.25,3.63,4.91,126.0,39.73,0.0,0.0,1.73,2.0,0.0,,,,,,Waffenträger
cn_m1a2t,203.0,40.7,0.0,0.0,1.4,1.58,186.0,75.0,0.0,0.0,10.63,2.8,0.0,,,,,,M1A2T
germ_vk_3002m,201.0,46.56,0.0,0.0,3.9,3.62,223.0,44.53,0.0,0.0,3.84,2.12,0.0,,,,,,VK_3002_(M)
ussr_t_34_100,200.0,85.39,0.03,0.05,3.78,4.46,372.0,73.64,0.0,0.0,3.05,2.19,31.0,0.0,0.0,0.0,1.0,1.0,T-34-100
jp_type_4_chi_to_late,199.0,71.68,0.28,0.17,5.45,3.65,397.0,66.19,0.0,0.0,3.48,3.12,17.0,0.0,0.0,0.0,2.0,2.0,Chi-To_Late
sw_sherman_3_4,198.0,66.5,0.01,0.01,4.99,5.19,289.0,62.94,0.0,0.0,4.98,3.42,0.0,,,,,,Sherman_III/IV
germ_pzkpfw_IV_ausf_H,198.0,46.9,0.06,0.04,3.63,2.49,376.0,43.16,0.0,0.0,2.13,1.35,10.0,,,0.0,,2.25,Pz.IV_H
il_merkava_mk_2d,196.0,56.7,0.0,0.0,3.16,3.6,508.0,51.66,0.0,0.0,3.27,2.42,0.0,,,,,,Merkava_Mk.2D
us_t14,194.0,64.63,0.25,0.38,2.26,4.33,489.0,63.87,0.0,0.0,5.19,3.82,0.0,,,,,,T14
germ_pzkpfw_IV_ausf_C,193.0,89.86,0.05,0.07,10.56,13.87,18.0,,,0.0,,0.28,0.0,,,,,,Pz.IV_C
germ_panzerjager_panther,190.0,66.06,0.0,0.0,2.62,2.72,541.0,44.91,0.0,0.0,1.37,1.19,10.0,,,0.0,,1.5,Jagdpanther_G1
i_185_m82,190.0,66.4,5.17,2.72,0.9,0.45,35.0,96.43,3.21,2.82,1.14,1.12,0.0,,,,,,I-185_(M-82)
us_m1a2_abrams,188.0,54.03,0.01,0.01,2.21,2.07,1421.0,67.28,0.0,0.0,1.88,1.62,0.0,,,,,,M1A2_Abrams
germ_pzh_2000,187.0,55.29,0.99,0.75,1.45,1.05,490.0,32.5,0.01,0.01,2.09,1.27,0.0,,,,,,PzH_2000
do_335a_1,185.0,89.66,0.83,0.37,13.61,6.41,97.0,45.7,0.76,0.79,0.95,0.78,0.0,,,,,,Do_335_A-1
ussr_t_44_po,185.0,86.02,0.06,0.06,4.05,4.15,144.0,58.34,0.0,0.0,3.77,2.2,0.0,,,,,,Т-44(ПМ)
cn_vt_4b,185.0,44.92,0.0,0.0,1.44,1.85,32.0,80.0,0.0,0.0,1.4,2.36,0.0,,,,,,VT4A1
sw_pzkpfw_IV_ausf_J,183.0,64.0,0.0,0.0,2.19,3.0,193.0,45.48,0.0,0.0,0.76,0.78,0.0,,,,,,Pz.IV
jp_type_97_chi_ha,177.0,100.0,0.04,0.06,9.59,14.17,0.0,,,,,,0.0,,,,,,Chi-Ha
jp_type_4_chi_to,175.0,72.57,0.16,0.2,3.95,3.66,284.0,71.37,0.0,0.0,3.21,2.76,13.0,0.0,0.0,0.0,1.0,1.0,Chi-To
fr_msc,175.0,54.24,0.0,0.0,2.15,2.15,659.0,52.05,0.0,0.0,2.09,1.98,0.0,,,,,,MSC
yak-9t,172.0,76.08,7.05,4.42,0.32,0.25,72.0,49.4,1.41,1.46,0.67,0.68,0.0,,,,,,Yak-9T
germ_spz_oerlikon_raketenautomat,172.0,59.54,0.0,0.0,0.81,0.73,290.0,24.98,0.0,0.0,1.92,1.36,0.0,,,,,,Raketenautomat
p-51d-20-na_iaf,170.0,66.25,1.88,1.4,0.38,0.25,17.0,,,0.06,,1.12,0.0,,,,,,P-51D-20-NA_(Israel)
ussr_object_435,169.0,56.05,0.0,0.0,2.04,1.66,268.0,41.79,0.0,0.0,1.27,0.91,0.0,,,,,,Object_435
uk_chieftain_mk_10,168.0,53.87,0.0,0.0,3.85,5.99,213.0,78.6,0.0,0.0,5.92,2.54,0.0,,,,,,Chieftain_Mk_10
germ_t_34_747,167.0,80.38,0.0,0.0,3.8,3.72,66.0,75.0,0.0,0.0,6.58,4.84,0.0,,,,,,T_34_747_(r)
ussr_zsu_23_4m4,163.0,42.34,1.99,2.1,0.57,0.62,591.0,36.89,0.95,0.81,0.03,0.03,0.0,,,,,,ZSU-23-4M4
fr_m26_pershing,163.0,42.9,0.45,0.5,2.0,2.16,111.0,78.4,0.0,0.0,3.11,1.48,4.0,100.0,0.0,0.0,1.0,1.0,M26
la-5_type37_early,162.0,81.01,5.37,5.42,1.62,1.56,0.0,,,,,,0.0,,,,,,La-5
ussr_t_90m_2020,162.0,50.0,0.0,0.0,2.02,2.67,2603.0,38.95,0.0,0.0,1.61,1.42,0.0,,,,,,T-90M
cn_type_97_chi_ha,161.0,100.0,0.08,0.24,5.38,9.73,0.0,,,,,,0.0,,,,,,Chi-Ha_(China)
germ_leopard_I,161.0,63.11,0.0,0.0,1.47,1.85,794.0,30.91,0.0,0.0,1.34,0.98,4.0,0.0,0.0,0.0,1.0,1.0,Leopard_I
f-4c,160.0,40.75,1.45,1.12,0.0,0.0,85.0,58.17,1.49,2.97,0.44,0.85,0.0,,,,,,F-4C_Phantom_II
la-5_type39,156.0,76.64,4.94,6.62,2.16,2.93,0.0,,,,,,0.0,,,,,,La-5F
us_m1a2_sep2_abrams_trophy,152.0,84.19,0.14,0.23,6.32,7.67,2682.0,61.53,0.0,0.0,2.0,1.88,23.0,,,0.0,,0.52,M1A2_(Trophy-HV)
germ_sdkfz_9_flak37,152.0,70.22,0.12,0.07,6.41,5.78,45.0,66.85,0.0,0.0,3.18,3.57,0.0,,,,,,"8,8_cm_Flak_37_Sfl."
sw_strv121b_christian2,151.0,43.41,0.0,0.0,2.62,2.59,2007.0,51.47,0.0,0.0,2.02,1.71,0.0,,,,,,Christian_II
germ_leopard_I_a1,149.0,51.2,0.02,0.02,2.29,1.66,462.0,39.78,0.0,0.0,1.52,1.27,0.0,,,,,,Leopard_A1A1
us_t29,146.0,89.65,0.0,0.0,8.6,5.98,1425.0,61.55,0.0,0.0,4.51,2.96,0.0,,,,,,T29
ussr_t_55_am,146.0,51.61,0.0,0.0,2.52,2.05,494.0,46.69,0.0,0.0,1.81,1.79,19.0,,,0.0,,1.0,T-55AM-1
ussr_t_34E_STZ,145.0,77.74,0.0,0.0,3.19,3.14,99.0,50.97,0.0,0.0,2.2,3.89,0.0,,,,,,T-34E_STZ
jp_tkx_prot,143.0,56.99,0.0,0.0,5.5,5.67,1264.0,57.42,0.0,0.0,2.17,1.85,0.0,,,,,,TKX
mig_25pd,143.0,72.47,7.33,7.03,0.0,0.0,171.0,72.68,2.19,2.54,0.0,0.0,0.0,,,,,,МиГ-25ПД
us_m26e1_pershing,143.0,87.91,0.04,0.04,8.1,7.63,707.0,70.59,0.0,0.0,3.41,3.85,0.0,,,,,,M26E1
germ_leopard_1a5,143.0,53.85,0.0,0.0,2.57,1.64,1198.0,40.5,0.0,0.0,1.42,1.26,25.0,,,0.0,,1.72,Leopard_1A5
germ_kpz_70,141.0,43.77,0.03,0.01,1.02,0.92,1248.0,48.57,0.0,0.0,1.87,1.43,0.0,,,,,,KPz-70
uk_sherman_II,140.0,83.44,0.01,0.02,4.12,6.11,69.0,90.74,0.0,0.0,4.81,2.93,0.0,,,,,,Sherman_II
f-5e,140.0,47.96,1.85,1.77,0.0,0.0,212.0,54.55,1.71,1.63,0.2,0.21,0.0,,,,,,F-5E
fr_leopard_2a4nl_les,140.0,66.34,0.0,0.0,2.32,2.73,1280.0,56.39,0.0,0.0,2.17,1.84,0.0,,,,,,Leopard_2_(OTCo)
jp_type_90b_camo,140.0,48.97,0.05,0.03,2.06,2.2,4096.0,55.62,0.0,0.0,2.58,1.85,21.0,33.33,0.0,0.0,0.7,0.7,"Type_90_(B)_""Fuji"""
mig_23ml,138.0,59.68,2.97,2.92,0.0,0.0,523.0,57.44,1.31,1.57,0.05,0.06,22.0,,,1.95,,0.0,MiG-23ML
ussr_t_72b,138.0,54.95,0.0,0.0,1.51,1.5,282.0,31.64,0.0,0.0,2.44,1.33,0.0,,,,,,T-72B
f8u-2,138.0,46.78,1.7,2.16,0.0,0.0,111.0,38.17,0.93,1.04,0.29,0.25,0.0,,,,,,F8U-2
germ_flakpz_I_Gepard,138.0,30.81,0.23,0.24,1.56,1.34,1529.0,29.04,0.24,0.18,0.78,0.61,0.0,,,,,,Gepard
cn_t_34_1942,137.0,74.09,0.01,0.02,4.6,6.88,87.0,100.0,0.0,0.0,6.2,1.68,0.0,,,,,,T-34_(1943)_(China)
la-7_dolgushin,136.0,96.24,7.25,9.97,3.38,4.76,32.0,60.0,2.68,4.31,1.4,2.13,0.0,,,,,,Dolgushin's_La-7
cn_t_34_85_zis_53_no215,135.0,85.37,0.0,0.0,4.68,5.46,0.0,,,,,,0.0,,,,,,T-34-85_No.215
cn_m8_scott,135.0,100.0,0.14,0.2,3.95,6.4,15.0,100.0,0.0,0.0,2.0,0.42,0.0,,,,,,M8_HMC_(China)
ussr_t_72b_1989,135.0,53.12,0.0,0.0,2.14,2.65,255.0,45.57,0.0,0.0,2.35,1.97,0.0,,,,,,T-72B_(1989)
jp_type_5_ho_ri_production,132.0,92.66,0.0,0.0,6.3,6.49,1955.0,87.81,0.0,0.0,4.52,4.53,0.0,,,,,,Ho-Ri_Production
germ_begleitpanzer_57,132.0,63.28,0.74,0.96,1.89,2.48,1235.0,47.87,0.26,0.18,1.62,1.18,29.0,,,,,,Begleitpanzer_57
us_xm1_chrysler,131.0,94.52,0.02,0.05,5.39,6.57,1143.0,77.58,0.0,0.0,5.17,3.65,0.0,,,,,,XM1_(Chrysler)
us_m4_sherman_calliope,131.0,100.0,0.19,0.15,8.62,7.88,72.0,70.12,0.0,0.0,5.38,5.01,0.0,,,,,,Calliope
ussr_t_10m,130.0,26.0,0.0,0.0,4.73,2.51,628.0,46.18,0.0,0.0,2.73,2.11,0.0,,,,,,T-10M
ussr_t_34_57_1943,129.0,64.25,0.0,0.0,2.59,3.38,289.0,58.61,0.0,0.0,3.41,2.83,0.0,,,,,,T-34-57_(1943)
us_m4_t26,129.0,19.05,0.17,0.1,3.59,2.25,441.0,57.22,0.0,0.0,2.09,1.87,4.0,,,0.0,,1.0,M4/T26
jp_type_10,128.0,66.03,0.0,0.0,4.78,4.25,1131.0,58.87,0.0,0.0,2.07,1.89,0.0,,,,,,Type_10
ussr_t_44,128.0,54.3,0.0,0.0,3.2,3.43,392.0,48.04,0.0,0.0,3.56,2.34,17.0,,,0.0,,1.0,T-44
us_m2a4,127.0,100.0,0.33,0.84,4.1,10.97,50.0,,,0.0,,6.81,0.0,,,,,,M2A4
fw-190a-4,127.0,83.87,9.48,6.54,0.94,0.65,99.0,57.53,1.49,1.28,1.18,1.16,0.0,,,,,,Fw_190_A-4
us_xm_803,126.0,86.31,0.0,0.0,6.24,5.05,2680.0,59.71,0.0,0.0,2.28,2.04,0.0,,,,,,XM803
us_m4a2_76w_sherman,126.0,63.87,0.0,0.0,1.47,1.47,462.0,58.81,0.0,0.0,3.45,2.57,0.0,,,,,,M4A2_(76)_W
bf-109f-2,125.0,90.67,17.32,8.48,3.82,1.67,24.0,,,0.0,,1.0,0.0,,,,,,Bf_109_F-2
germ_pzkpfw_VI_ausf_b_tiger_IIh_kwk46,124.0,98.71,0.0,0.0,8.78,7.84,206.0,77.2,0.0,0.0,5.54,4.13,0.0,,,,,,Tiger_II_(10.5_cm_Kw.K)
yak-3_eremin,124.0,94.14,4.2,4.65,0.52,0.56,6.0,100.0,1.0,1.0,1.0,1.0,0.0,,,,,,Eremin's_Yak-3(e)
ussr_t_90m_arena_m,124.0,67.46,0.0,0.0,3.18,3.34,854.0,43.75,0.0,0.0,1.97,1.42,0.0,,,,,,Т-90М_(Арена-М)
il_m_51,124.0,92.31,0.77,0.21,9.58,2.0,1112.0,50.24,0.0,0.0,3.57,1.46,0.0,,,,,,M-51
ussr_9a35_m2,122.0,29.51,2.71,5.67,0.76,1.53,13.0,50.0,1.25,2.5,0.0,0.0,0.0,,,,,,Strela-10M2
it_m26a1_pershing,121.0,77.2,0.0,0.01,3.06,4.51,89.0,39.44,0.0,0.0,1.74,1.7,0.0,,,,,,M26A1
yak-7b,121.0,99.28,6.16,5.06,1.67,1.56,0.0,,,,,,0.0,,,,,,Yak-7B
sw_t_34_85_zis_53,121.0,70.06,0.0,0.0,1.63,1.86,529.0,48.35,0.0,0.0,2.43,2.42,0.0,,,,,,T-34-85
ussr_su_100p,120.0,50.6,0.0,0.0,2.01,2.05,413.0,37.43,0.0,0.0,2.25,2.07,0.0,,,,,,SU-100P
cn_pgz_625_fb10,119.0,31.99,1.58,2.36,0.07,0.11,25.0,100.0,1.7,2.17,0.6,1.0,0.0,,,,,,CS/SA5
us_m4a2_sherman,119.0,95.77,0.68,0.81,6.48,7.61,362.0,65.53,0.0,0.0,4.11,3.49,0.0,,,,,,M4A2
f4u-1c,117.0,54.3,2.17,1.64,0.58,0.45,31.0,12.5,1.88,1.02,0.13,0.07,0.0,,,,,,F4U-1C
us_t1e1,117.0,55.91,0.0,0.0,1.86,1.19,53.0,50.0,0.0,0.0,1.99,3.56,0.0,,,,,,T1E1
ussr_t_80uk,117.0,58.0,0.0,0.0,1.03,1.56,1483.0,39.53,0.0,0.0,1.57,1.14,0.0,,,,,,T-80UK
yak-1b,115.0,99.46,5.41,6.89,2.41,3.08,61.0,84.62,5.28,9.0,1.75,4.0,0.0,,,,,,Yak-1B
av_8c,115.0,47.14,1.49,1.82,0.36,0.42,18.0,56.86,0.31,0.5,0.78,1.41,0.0,,,,,,AV-8C
cn_ztz_99a,115.0,58.29,0.0,0.0,3.26,3.94,265.0,78.19,0.0,0.0,4.08,1.87,0.0,,,,,,ZTZ99A
ussr_t_72av_turms,115.0,48.63,0.0,0.0,1.75,2.22,1410.0,49.96,0.0,0.0,2.1,1.71,0.0,,,,,,T-72AV_(TURMS-T)
us_m1a2_sep2_abrams,115.0,39.2,0.0,0.0,1.21,1.1,3296.0,59.03,0.0,0.0,1.82,1.65,43.0,0.0,0.0,0.0,1.0,1.0,M1A2_SEP_V2
ussr_t_34E,114.0,76.08,0.0,0.0,1.91,3.04,41.0,60.87,0.0,0.0,1.39,1.39,0.0,,,,,,T-34E
it_m4a4_sherman,113.0,70.8,0.0,0.0,2.71,3.83,39.0,85.48,0.0,0.0,2.79,3.1,0.0,,,,,,Sherman_V
ussr_su_122_54,113.0,50.65,0.0,0.0,1.69,2.12,217.0,34.85,0.0,0.0,2.92,2.41,0.0,,,,,,SU-122-54
germ_pzkpfw_IV_ausf_J,113.0,47.93,0.05,0.09,1.06,1.71,66.0,24.14,0.0,0.0,1.14,0.68,4.0,,,0.0,,1.25,Pz.IV_J
jp_type_3_chi_nu_75cm_type_5,112.0,77.69,0.0,0.0,5.9,7.46,342.0,67.48,0.0,0.0,5.26,4.53,0.0,,,,,,Chi-Nu_II
germ_kpz_t72m1,111.0,70.12,0.0,0.0,2.23,2.6,1225.0,44.72,0.0,0.0,2.1,1.92,0.0,,,,,,◊T-72M1
ussr_is_1,111.0,56.99,0.0,0.0,3.31,3.03,384.0,50.78,0.0,0.0,1.43,1.38,0.0,,,,,,IS-1
f8f1,111.0,48.72,1.71,1.28,0.74,1.01,356.0,57.79,0.38,0.32,1.64,1.35,0.0,,,,,,F8F-1
yak-9k,110.0,59.45,2.57,4.23,0.0,0.0,842.0,64.03,0.33,0.24,2.47,1.8,0.0,,,,,,Yak-9K
sw_sav_m43_1946,109.0,35.71,0.0,0.0,0.79,1.11,42.0,0.0,0.0,0.0,0.0,0.0,0.0,,,,,,Sav_m/43_(1946)
sw_strv_122b_plss,108.0,93.23,0.0,0.0,3.4,6.41,219.0,54.89,0.0,0.0,4.57,2.73,0.0,,,,,,Strv_122B_PLSS
ussr_kv_1_L_11,108.0,100.0,0.0,0.0,6.18,3.93,125.0,58.33,0.0,0.0,3.87,3.08,0.0,,,,,,KV-1_(L-11)
it_m24_chaffee,107.0,85.22,0.0,0.0,3.5,3.78,186.0,39.36,0.0,0.0,2.95,2.03,0.0,,,,,,M24
us_halftrack_m3_75mm_gmc,107.0,84.45,0.01,0.01,5.94,4.78,0.0,,,,,,0.0,,,,,,M3_GMC
sw_strf_90c,107.0,45.4,0.52,0.54,2.66,2.92,309.0,43.81,0.09,0.1,1.5,1.45,0.0,,,,,,Strf_9040C
il-2m,106.0,98.62,1.62,1.5,5.77,5.34,1.0,,,,,,19.0,,,1.0,,4.0,IL-2M_type_3
germ_jgdpz_IV_L48,106.0,68.89,0.0,0.0,3.44,4.5,206.0,52.0,0.0,0.0,8.42,2.98,4.0,,,0.0,,1.0,Jagdpanzer_IV
germ_panzerbefelhswagen_jagdpanther,105.0,55.17,0.0,0.0,4.51,4.47,81.0,38.0,0.0,0.0,1.71,1.85,0.0,,,,,,Bfw._Jagdpanther_G1
av_8a,105.0,65.63,2.58,2.0,1.63,2.33,12.0,50.0,1.0,2.0,0.5,1.0,6.0,,,0.0,,0.0,AV-8A
it_c1_ariete_certezza,105.0,67.9,0.0,0.0,4.64,5.17,735.0,61.85,0.0,0.0,2.71,2.11,0.0,,,,,,Ariete_Сertezza
ussr_t_72b3_2011,105.0,47.96,0.08,0.11,1.33,2.15,1290.0,50.52,0.0,0.0,1.71,1.44,0.0,,,,,,T-72B3
germ_panzerjager_tiger,104.0,95.0,0.03,0.02,6.1,5.35,427.0,41.32,0.0,0.0,2.33,2.55,0.0,,,,,,Jagdtiger
saab_b3c,102.0,100.0,1.85,0.92,40.26,20.68,0.0,,,,,,0.0,,,,,,B3C
it_m26_ariete,102.0,70.53,0.0,0.0,3.57,5.04,25.0,100.0,0.0,0.0,4.65,3.81,0.0,,,,,,"M26_""D.C.Ariete"""
fr_amx_50_surbaisse,102.0,95.56,0.0,0.0,4.31,2.8,376.0,83.94,0.0,0.0,4.06,2.88,0.0,,,,,,AMX-50_Surbaissé
us_m1a2_sep3_abrams,101.0,77.87,0.0,0.0,3.24,4.17,2867.0,57.85,0.0,0.0,2.11,1.95,0.0,,,,,,M1A2_SEPv3
ussr_t_34_1941,101.0,100.0,0.0,0.0,5.86,5.46,36.0,50.0,0.0,0.0,2.67,3.6,0.0,,,,,,T-34_(1941)
ussr_is_3,101.0,44.25,0.1,0.14,1.59,2.37,241.0,41.27,0.0,0.0,2.9,2.13,0.0,,,,,,IS-3
ussr_t_34_1942,100.0,67.74,0.0,0.0,3.46,3.0,226.0,34.52,0.0,0.0,5.06,1.3,0.0,,,,,,T-34_(1942)
us_m2a4_1st_armor_div,99.0,95.43,0.0,0.0,4.05,7.05,16.0,,,0.0,,0.81,0.0,,,,,,M2A4_(1st_Arm.Div.)
i_29,99.0,100.0,4.61,4.87,2.24,2.59,0.0,,,,,,0.0,,,,,,I-29
ussr_t_54_1949,99.0,22.94,0.0,0.0,1.14,1.6,381.0,52.82,0.0,0.0,1.14,1.24,52.0,100.0,0.0,0.0,5.0,2.72,T-54_(1949)
ussr_is_2_1944,99.0,22.22,0.0,0.0,3.5,2.17,346.0,48.31,0.0,0.0,2.53,1.89,5.0,,,0.0,,1.0,IS-2_(1944)
it_pzh_2000_hu,98.0,37.95,1.67,2.63,1.7,2.63,47.0,50.0,0.0,0.0,1.54,1.32,0.0,,,,,,PzH_2000HU
us_t26e4_superpershing,98.0,76.67,0.06,0.1,4.57,6.18,653.0,61.16,0.0,0.0,3.84,2.86,0.0,,,,,,T26E1-1
us_m60_120s,98.0,52.78,0.0,0.0,1.84,1.87,279.0,51.88,0.0,0.0,2.37,1.62,0.0,,,,,,120S
germ_leopard_a1a1_120,98.0,50.0,0.0,0.0,2.05,1.94,328.0,48.72,0.0,0.0,3.18,2.48,0.0,,,,,,Leopard_A1A1_(L/44)
f6f-3,97.0,73.12,0.85,0.66,8.02,6.26,109.0,74.46,0.94,0.67,4.01,2.44,0.0,,,,,,F6F-5
yak-9u,96.0,81.04,5.29,5.36,0.06,0.04,48.0,75.0,2.38,,1.3,,0.0,,,,,,Yak-9U
fr_leopard_2a4nl,96.0,50.0,0.0,0.0,2.06,2.79,87.0,100.0,0.0,0.0,3.0,3.07,0.0,,,,,,Leopard_2A4NL
cn_m18_hellcat,96.0,66.67,0.0,0.0,4.08,3.68,152.0,62.1,0.0,0.0,2.1,1.55,0.0,,,,,,M18_GMC_(China)
uk_a17_mk_1_tetrarch,95.0,71.51,0.0,0.0,5.0,5.37,17.0,,,0.0,,1.17,0.0,,,,,,Tetrarch_I
germ_kv_1_kwk_40,94.0,51.61,0.0,0.0,3.54,4.93,280.0,57.86,0.0,0.0,9.68,4.95,0.0,,,,,,KW_I_C_756_(r)
germ_pzkpfw_IV_ausf_F2,94.0,50.0,0.0,0.0,5.15,4.36,223.0,56.56,0.0,0.0,6.48,3.95,0.0,,,,,,Pz.IV_F2
ussr_t_62,94.0,25.0,0.0,0.0,2.32,2.21,295.0,42.73,0.0,0.0,2.8,1.81,0.0,,,,,,T-62
f4u-1d,93.0,74.73,2.88,2.42,4.34,3.61,28.0,,,1.16,,1.42,0.0,,,,,,F4U-1D
il_2m_1943,92.0,99.19,1.7,1.75,6.18,6.36,1.0,,,1.0,,6.0,0.0,,,,,,IL-2M_(1943)
ussr_bt_7_1937,92.0,82.61,0.0,0.0,7.93,8.13,36.0,100.0,0.0,0.0,2.36,2.59,0.0,,,,,,BT-7
cn_mbt2000,92.0,61.91,0.3,0.22,2.64,2.47,53.0,81.56,0.0,0.0,1.96,2.34,0.0,,,,,,MBT-2000
a_20g_30_ussr,92.0,94.29,0.32,0.18,7.24,5.62,81.0,42.59,0.36,0.37,0.64,0.76,0.0,,,,,,A-20G-30
lagg-3-8,91.0,74.73,6.1,4.72,0.7,0.44,0.0,,,,,,0.0,,,,,,LaGG-3-8
germ_pzkpfw_IV_ausf_G,91.0,80.65,0.0,0.0,2.03,2.14,100.0,39.78,0.0,0.0,2.25,2.1,0.0,,,,,,Pz.IV_G
f4u-1a,90.0,79.01,2.19,2.41,0.8,0.91,37.0,50.0,1.4,2.8,2.5,5.0,0.0,,,,,,F4U-1A
p-51d-20-na,89.0,70.56,7.42,11.1,0.34,0.6,130.0,68.29,0.45,0.66,1.39,1.05,2.0,,,2.0,,0.0,P-51D-20-NA
it_kf_41,89.0,64.67,0.0,0.0,2.43,2.19,106.0,55.27,0.0,0.0,1.23,1.97,0.0,,,,,,KF41
germ_panzerbefelhswagen_IV_ausf_J,89.0,97.58,0.0,0.0,5.64,6.22,235.0,44.89,0.0,0.0,2.29,1.65,0.0,,,,,,Pz.Bfw.IV
b_25j_30_vvs_ussr,88.0,80.07,0.34,0.44,2.18,2.5,0.0,,,,,,0.0,,,,,,B-25J-30
germ_mkpz_m48a2c,88.0,53.13,0.0,0.0,1.24,1.54,403.0,30.33,0.0,0.0,1.0,0.94,62.0,66.67,0.0,0.0,1.46,1.87,M48A2_C
me-410b-1,87.0,86.21,0.36,0.33,4.02,4.0,0.0,,,,,,0.0,,,,,,Me_410_B-1
il_sabra_mk1,87.0,67.9,0.0,0.0,2.33,2.69,52.0,64.59,0.0,0.0,2.78,3.02,0.0,,,,,,Sabra_Mk.I
p-47d_30_china,86.0,50.0,1.77,1.58,0.44,0.44,103.0,44.62,0.22,0.26,1.21,1.09,0.0,,,,,,P-47D-30_(China)
yak-1_early,86.0,100.0,5.24,2.98,0.36,0.2,23.0,,,1.82,,1.0,0.0,,,,,,Yak-1
uk_sherman_vc_firefly,86.0,62.1,0.0,0.0,1.72,2.63,372.0,57.62,0.0,0.0,2.67,2.18,0.0,,,,,,Sherman_Firefly
ussr_su_100_1945,86.0,58.34,0.0,0.0,1.33,1.4,42.0,23.33,0.0,0.0,0.77,0.98,0.0,,,,,,SU-100
germ_leopard_2a4_pzbtl_123,86.0,59.8,0.0,0.0,2.93,3.43,1880.0,44.86,0.0,0.0,1.59,1.36,29.0,,,0.0,,1.0,Leopard_2_(PzBtl_123)
fr_somua_sm,84.0,76.09,0.0,0.0,5.31,4.04,1053.0,62.38,0.0,0.0,4.0,2.78,0.0,,,,,,Somua_SM
uk_challenger_1,84.0,52.0,0.0,0.0,4.2,3.08,323.0,58.32,0.0,0.0,4.05,2.39,0.0,,,,,,Challenger_Mk.2
ussr_object_279,83.0,100.0,0.0,0.0,6.67,5.81,247.0,74.73,0.0,0.0,9.2,4.45,3.0,,,0.0,,1.0,Object_279
uk_a_13_mk1,83.0,65.32,0.0,0.0,6.58,5.55,0.0,,,,,,0.0,,,,,,A13_Mk_I
sw_charioteer_mk_7,83.0,76.34,0.0,0.0,1.48,1.0,272.0,39.36,0.0,0.0,1.16,0.75,0.0,,,,,,Charioteer_Mk_VII
ussr_is_2_1943,83.0,46.0,0.0,0.0,1.02,1.44,656.0,40.02,0.0,0.0,1.41,1.42,0.0,,,,,,IS-2
ussr_m53_59,82.0,46.24,2.97,5.66,0.33,0.63,623.0,31.18,0.77,0.74,0.44,0.42,3.0,,,,,,M53/59
p-51_mk1a_usaaf,82.0,33.33,5.95,3.62,0.33,0.12,122.0,64.79,1.19,1.25,1.39,1.01,0.0,,,,,,P-51
germ_leopard_2a4m_can_sm,82.0,50.0,0.0,0.0,1.14,1.14,1477.0,46.0,0.0,0.0,1.38,1.19,0.0,,,,,,◍Leopard_2A4M
uk_challenger_1_mk_3_gulf,81.0,87.1,0.0,0.0,6.15,5.24,865.0,56.1,0.0,0.0,3.48,2.46,21.0,,,0.0,,1.0,Challenger_DS
ussr_t_34_85_stp_s53,81.0,50.97,0.05,0.07,1.52,1.81,1366.0,50.18,0.0,0.0,2.3,1.87,0.0,,,,,,Т-34-85_(СТП)
us_m18_hellcat,81.0,50.0,0.0,0.0,1.05,1.35,1766.0,57.49,0.0,0.0,1.95,1.49,38.0,,,0.0,,1.72,M18_GMC
itp_m1,80.0,93.82,3.99,3.93,2.1,1.83,52.0,50.0,0.81,1.0,2.0,2.15,0.0,,,,,,ITP_(M-1)
yak-3,80.0,96.38,6.26,6.14,1.76,1.67,104.0,54.86,3.3,3.86,1.07,1.2,6.0,,,0.17,,0.0,Yak-3
i-16_type27,80.0,,,2.88,,0.0,19.0,,,,,,0.0,,,,,,I-16_type_27
uk_chieftain_900,78.0,52.17,0.0,0.0,2.96,2.55,155.0,50.0,0.0,0.0,1.24,1.01,0.0,,,,,,Chieftain_900
germ_pz_IV_L70_A,78.0,95.45,0.0,0.0,4.73,4.06,66.0,51.72,0.0,0.0,3.72,3.13,0.0,,,,,,Panzer_IV/70(A)
spitfire_mk9c_iaf,78.0,79.41,4.56,1.57,1.32,0.23,25.0,52.38,1.19,2.48,0.0,0.32,0.0,,,,,,Spitfire_Mk_IXc_(Israel)
us_mbt_70,78.0,83.33,0.0,0.0,2.42,2.35,1547.0,64.45,0.0,0.0,2.24,1.76,0.0,,,,,,MBT-70
f_6c_pakistan,77.0,75.0,6.87,7.64,0.0,0.0,83.0,55.05,1.95,2.64,0.95,1.29,0.0,,,,,,F-6C
it_c1_ariete_preserie,77.0,61.83,0.0,0.0,4.35,6.16,418.0,56.82,0.0,0.0,3.03,3.14,0.0,,,,,,Ariete_(P)
me_264,77.0,100.0,0.81,0.64,7.1,5.43,0.0,,,,,,0.0,,,,,,Me_264
fr_m4a1_sherman_fl_10,77.0,70.45,0.0,0.0,5.25,5.25,85.0,100.0,0.0,0.0,3.75,1.86,0.0,,,,,,M4A1_(FL10)
yak-9m,77.0,93.01,6.94,7.9,0.49,0.54,2.0,100.0,1.0,1.0,0.0,0.0,0.0,,,,,,Golovachev's_Yak-9M
us_m41_walker_bulldog,77.0,25.0,0.09,0.16,2.22,2.42,918.0,58.58,0.0,0.0,1.18,0.91,0.0,,,,,,M41A1
uk_challenger_2e,76.0,66.67,0.0,0.0,3.6,4.06,465.0,59.65,0.0,0.0,1.88,1.63,0.0,,,,,,Challenger_2E
pe-2-31,76.0,100.0,0.04,0.03,7.8,4.75,0.0,,,,,,0.0,,,,,,Pe-2-31
jp_m24_chaffee,76.0,67.96,0.0,0.0,3.42,4.81,472.0,56.04,0.0,0.0,2.05,1.99,13.0,0.0,0.0,0.0,0.0,0.0,M24
jp_m47_patton_II,76.0,66.67,0.0,0.0,1.3,1.28,547.0,75.25,0.0,0.0,2.63,2.41,0.0,,,,,,M47
us_t25,76.0,69.23,0.0,0.0,5.0,2.61,91.0,14.0,0.0,0.0,5.56,4.86,31.0,0.0,0.0,0.0,1.0,1.0,T25
fr_m4a4_sherman,75.0,,,0.0,,3.32,120.0,100.0,0.0,0.0,5.35,4.44,0.0,,,,,,M4A4
jp_type_99,75.0,75.0,0.0,0.14,1.14,0.61,516.0,81.24,0.75,1.01,1.44,1.95,0.0,,,,,,Type_99
it_pzkpfw_VI_ausf_e_tiger,74.0,86.54,0.13,0.11,9.33,7.1,199.0,84.41,0.0,0.0,8.06,4.59,0.0,,,,,,Tigris
germ_erprobungstrager_3_achs_turm,74.0,50.0,0.0,0.0,2.33,2.33,1409.0,38.62,0.0,0.0,2.42,1.56,0.0,,,,,,Turm_III
cn_oplot_t,74.0,42.13,0.0,0.0,1.44,1.48,331.0,71.66,0.0,0.0,2.99,1.49,3.0,,,0.0,,1.0,Oplot-M
bf-109f-4_usa,74.0,50.0,2.04,2.59,0.0,0.0,35.0,,,,,,7.0,,,3.0,,0.0,Bf_109_F-4
yak_2_kabb,73.0,100.0,3.19,2.84,5.92,5.18,0.0,,,,,,0.0,,,,,,Yak-2_KABB
sw_lvkv_42,73.0,50.0,0.0,0.0,2.75,2.88,160.0,64.81,0.25,0.39,1.16,1.17,0.0,,,,,,Lvkv_42
us_m1_abrams,73.0,64.29,0.0,0.0,2.17,2.17,1915.0,51.96,0.0,0.0,2.14,1.78,0.0,,,,,,M1_Abrams
do_217e_2,72.0,88.22,0.23,0.23,5.56,5.37,24.0,50.0,0.0,0.0,0.5,1.0,0.0,,,,,,Do_217_E-2
bf_110g_4,72.0,100.0,1.3,1.15,5.78,4.68,0.0,,,,,,0.0,,,,,,Bf_110_G-4
ussr_t_62m1,72.0,71.18,0.0,0.0,3.05,4.14,625.0,52.18,0.0,0.0,1.4,1.29,4.0,,,0.0,,0.0,T-62M-1
cn_m36,72.0,100.0,0.0,0.0,1.97,1.3,164.0,66.4,0.0,0.0,2.81,1.38,0.0,,,,,,M36_GMC_(China)
pe-2-1,71.0,97.0,0.3,0.3,4.27,4.42,19.0,,,0.0,,0.0,0.0,,,,,,Pe-2-1
us_m18_super_hellcat,71.0,91.75,0.04,0.04,2.65,3.22,472.0,71.06,0.0,0.0,2.41,1.95,19.0,,,,,,Super_Hellcat
pe-2-359,70.0,100.0,0.05,0.04,4.01,3.83,0.0,,,,,,0.0,,,,,,Pe-2-359
fa_18e_block_2,70.0,83.33,6.72,2.07,1.56,0.29,734.0,63.28,1.13,1.36,0.67,0.85,17.0,,,1.0,,0.0,F/A-18E
uk_sherman_ic_firefly,70.0,100.0,0.0,0.0,2.96,2.96,79.0,72.47,0.0,0.0,1.72,1.73,0.0,,,,,,"Sherman_IC_""Trzyniec"""
it_leopard_2a7_hungary,69.0,94.87,0.0,0.0,7.5,6.39,268.0,67.64,0.0,0.0,3.87,3.36,0.0,,,,,,Leopard_2A7HU
fr_sk105_a2,69.0,100.0,0.0,0.0,3.97,2.76,229.0,57.21,0.0,0.0,2.33,2.16,0.0,,,,,,SK-105A2
germ_radpanzer_90,69.0,66.67,0.0,0.0,2.0,1.18,513.0,51.87,0.0,0.0,2.24,1.5,0.0,,,,,,Radkampfwagen_90
sw_pbv_501,69.0,0.0,0.0,0.0,1.29,0.64,411.0,42.51,0.0,0.0,1.56,0.94,0.0,,,,,,Pbv_501
uk_challenger_2_bn,68.0,67.26,0.0,0.0,3.09,6.02,563.0,63.31,0.0,0.0,1.79,1.9,0.0,,,,,,Black_Night
ussr_t_54_1951,68.0,66.35,0.0,0.0,2.21,2.36,89.0,73.21,0.0,0.0,1.92,1.62,17.0,62.5,0.0,0.0,0.63,1.0,T-54_(1951)
us_m4a3e8_76w_sherman,67.0,51.61,0.0,0.0,1.95,2.72,466.0,51.09,0.0,0.0,2.27,2.16,0.0,,,,,,M4A3_(76)_W
ussr_t_80u,67.0,81.72,0.0,0.0,0.77,1.43,1318.0,42.75,0.0,0.0,1.63,1.44,0.0,,,,,,T-80U
uk_shir_2,66.0,58.06,0.0,0.0,2.66,3.71,142.0,88.23,0.0,0.0,8.19,3.96,0.0,,,,,,FV4030/3
ussr_is_4m,66.0,93.98,0.0,0.0,2.23,2.3,197.0,46.93,0.0,0.0,2.54,2.7,0.0,,,,,,IS-4M
germ_panzerjager_tiger_P_ferdinand,66.0,36.96,0.03,0.04,4.12,6.98,361.0,40.89,0.0,0.0,1.74,1.95,0.0,,,,,,Ferdinand
us_m19,66.0,46.77,0.56,0.95,0.76,1.23,98.0,17.36,0.38,0.44,1.11,1.16,0.0,,,,,,M19A1
ussr_t_64_b_1984,66.0,65.63,0.0,0.0,2.84,2.65,307.0,50.55,0.0,0.0,1.82,1.54,0.0,,,,,,T-64B
us_t1e1_90,66.0,69.3,0.0,0.0,1.21,1.81,173.0,37.89,0.0,0.0,4.3,2.97,0.0,,,,,,T1E1_(90)
ussr_kv_2_zis_6,65.0,71.74,0.0,0.0,3.91,2.73,68.0,63.79,0.0,0.0,3.38,4.31,0.0,,,,,,KV-2_(ZiS-6)
uk_sherman_vc_firefly_kit_3rank,65.0,100.0,0.0,0.0,2.24,1.41,70.0,100.0,0.0,0.0,4.88,3.63,0.0,,,,,,Firefly_(Overlord)
it_leopard_2a4,64.0,62.9,0.0,0.0,4.03,6.47,196.0,63.38,0.0,0.0,2.59,1.65,0.0,,,,,,◔Leopard_2A4
mig_3_series_1_15,64.0,100.0,6.14,6.14,1.56,1.56,4.0,100.0,3.67,,0.0,,0.0,,,,,,MiG-3-15
sw_t_28,64.0,60.71,0.0,0.0,3.39,3.78,23.0,,,0.0,,2.0,0.0,,,,,,T-28
il_merkava_mk_2b_early,64.0,50.0,0.0,0.0,1.68,2.93,351.0,52.19,0.0,0.0,2.83,2.46,0.0,,,,,,Merkava_Mk.2B
us_m18_hellcat_kit_3rank,63.0,100.0,0.3,0.3,7.41,7.41,63.0,55.36,0.0,0.0,2.57,2.36,0.0,,,,,,Hellcat_(Hell)
pe-3_bis,63.0,100.0,0.71,0.73,6.4,5.94,0.0,,,,,,0.0,,,,,,Pe-3bis
uk_a_22f_mk_7_churchill_1944,63.0,50.54,0.0,0.0,5.11,8.35,524.0,76.05,0.0,0.0,4.74,3.93,0.0,,,,,,Churchill_VII
fr_jaguar_ebrc,63.0,50.0,0.5,0.5,2.38,2.38,420.0,41.27,0.02,0.02,1.41,0.99,0.0,,,,,,EBRC_Jaguar
us_t20,63.0,91.67,0.0,0.0,5.21,4.65,2432.0,66.8,0.0,0.0,3.84,3.48,9.0,,,,,,T20
sw_t_54_1951,63.0,53.33,0.19,0.19,1.52,1.52,242.0,40.56,0.0,0.0,1.03,1.1,0.0,,,,,,T-54
us_m60a1_rise_passive_era,63.0,40.67,0.1,0.16,1.36,2.06,486.0,53.07,0.0,0.0,2.1,1.89,0.0,,,,,,M60A1_RISE_(P)
f6f-5n,63.0,26.67,1.97,1.41,0.85,0.67,136.0,50.97,0.34,0.41,0.64,0.88,0.0,,,,,,F6F-5N
us_m1a1_aim_abrams,62.0,58.98,0.0,0.0,1.55,3.67,1916.0,64.4,0.0,0.0,2.05,1.73,0.0,,,,,,M1A1_AIM
mig_23mla,62.0,50.0,1.46,1.32,0.17,0.14,26.0,27.78,1.33,1.11,0.0,0.0,11.0,,,1.0,,0.0,◊MiG-23MLA
f_15c_msip2,62.0,51.28,1.02,0.91,1.41,0.68,187.0,59.6,1.68,1.57,0.12,0.13,46.0,,,0.5,,0.0,F-15C_MSIP_II
us_m1a1_abrams,62.0,71.11,0.0,0.0,2.0,1.94,1610.0,60.51,0.0,0.0,2.09,1.98,0.0,,,,,,M1A1
ussr_kv_7_u13,61.0,100.0,0.0,0.0,6.43,3.89,30.0,50.0,0.0,0.0,2.35,3.25,0.0,,,,,,KV-7_(U-13)
uk_a_13_mk2,61.0,50.0,0.0,0.0,2.67,4.88,26.0,100.0,0.0,0.0,3.5,0.58,0.0,,,,,,A13_Mk_II
germ_jgdpz_38t,61.0,65.52,0.0,0.0,2.0,2.29,56.0,59.68,0.0,0.0,2.32,2.35,0.0,,,,,,Jagdpanzer_38(t)
jp_type_90,61.0,31.16,0.0,0.0,1.27,1.33,870.0,53.01,0.0,0.0,1.81,1.87,0.0,,,,,,Type_90
germ_pzkpfw_II_ausf_H,60.0,59.52,0.4,0.77,8.24,14.14,68.0,50.0,0.0,0.0,1.85,2.42,0.0,,,,,,Pz.II_H
cn_m4a4_sherman_1st_ptg,60.0,96.88,0.06,0.09,3.17,3.56,21.0,50.0,0.0,0.0,2.1,4.2,0.0,,,,,,M4A4_(1st_PTG)_(China)
me-410a-1,60.0,83.33,0.68,0.52,4.8,4.31,34.0,50.0,0.0,0.0,1.86,3.06,0.0,,,,,,Me_410_A-1
pe-2-83,60.0,100.0,0.4,0.27,4.62,2.89,4.0,100.0,0.0,0.0,0.0,0.0,0.0,,,,,,Pe-2-83
cn_m4a1_76w_sherman,60.0,11.36,0.07,0.04,5.7,3.87,37.0,100.0,0.0,0.0,6.0,5.56,0.0,,,,,,M4A1_(75)_W_(China)
ussr_kv_1s,60.0,14.03,0.0,0.0,2.27,2.58,227.0,55.32,0.0,0.0,1.85,1.7,0.0,,,,,,KV-1S
germ_pzkpfw_III_ausf_E,59.0,92.63,0.0,0.0,7.37,7.32,18.0,0.0,0.0,0.0,2.0,1.0,0.0,,,,,,Pz.III_E
hellcat_fmk1,59.0,100.0,3.18,2.67,5.41,4.34,71.0,64.4,0.31,0.31,1.81,1.86,19.0,,,0.0,,1.86,Hellcat_Mk_II
f4u-4b,59.0,50.0,1.46,1.46,0.04,0.04,562.0,66.58,0.53,0.44,2.21,1.66,81.0,,,4.22,,0.0,F4U-4B
us_m22_locust,59.0,63.1,0.0,0.0,2.46,2.47,103.0,37.78,0.0,0.0,2.83,1.08,0.0,,,,,,M22
sw_ikv_72,59.0,50.0,0.05,0.05,1.58,2.0,0.0,,,,,,0.0,,,,,,Ikv_72
cn_t_34_85_d_5t,59.0,100.0,0.0,0.0,4.59,4.59,168.0,78.06,0.0,0.0,3.45,1.87,0.0,,,,,,Т-34-85_(S-53)_(China)
fa_18c_early,59.0,50.0,1.5,1.29,0.0,0.0,1755.0,52.07,0.87,1.04,0.21,0.26,29.0,,,1.3,,0.0,F/A-18C_Early
sw_strv_74,59.0,100.0,0.0,0.0,3.37,2.47,385.0,56.32,0.0,0.0,2.35,1.33,0.0,,,,,,Strv_74
p-63c-5_ussr,58.0,100.0,0.66,0.6,5.02,4.56,63.0,100.0,0.79,1.16,3.35,3.06,0.0,,,,,,P-63C-5
f-4e,58.0,76.79,3.82,3.22,2.41,2.03,386.0,52.08,1.23,1.33,0.57,0.61,48.0,50.0,1.77,3.33,3.0,3.75,F-4E_Phantom_II
f_15c_golden_eagle,58.0,76.28,3.87,2.73,0.02,0.01,502.0,67.27,2.61,3.07,0.11,0.14,68.0,44.12,0.68,1.11,0.0,0.0,F-15C_Golden_Eagle
fr_m4a1_sherman,58.0,,,0.0,,2.71,70.0,100.0,0.0,0.0,3.14,1.84,0.0,,,,,,M4A1
ussr_asu_85,58.0,38.18,0.0,0.0,0.66,0.51,188.0,25.75,0.0,0.0,1.62,0.85,0.0,,,,,,ASU-85
uk_a27m_cromwell_5_rp3,57.0,100.0,0.0,0.0,9.98,17.86,20.0,100.0,0.0,0.0,3.45,3.85,0.0,,,,,,Cromwell_V_(RP-3)
p-40e_ussr,57.0,78.5,4.2,4.69,0.84,0.95,1.0,,,,,,0.0,,,,,,P-40E-1
ussr_zsu_29k,57.0,100.0,0.0,0.0,3.4,3.4,8.0,,,0.0,,3.63,0.0,,,,,,YaG-10_(29-K)
ussr_bt_5,57.0,47.83,0.0,0.0,8.22,6.7,391.0,50.0,0.0,0.0,1.63,2.28,0.0,,,,,,BT-5
us_m1_ip_abrams,57.0,55.56,0.0,0.0,2.17,1.37,762.0,53.67,0.0,0.0,2.48,2.49,0.0,,,,,,IPM1
germ_kv_1B_finland,56.0,81.48,0.0,0.0,5.92,16.77,75.0,57.53,0.0,0.0,6.5,10.63,0.0,,,,,,KV-IB
us_m26_pershing,56.0,66.67,0.0,0.0,3.27,3.87,176.0,73.01,0.0,0.0,3.78,1.73,121.0,58.6,0.0,0.0,4.0,3.6,M26
fr_amd_35_sa35,56.0,59.38,0.0,0.0,2.66,1.45,0.0,,,,,,0.0,,,,,,AMD.35_(SA35)
sw_cv_90105,56.0,50.0,0.0,0.0,1.92,2.0,418.0,49.81,0.0,0.0,1.53,1.27,0.0,,,,,,CV_90105_TML
germ_sdkfz_6_2_flak36,55.0,77.27,1.5,1.5,9.27,9.27,0.0,,,,,,0.0,,,,,,Sd.Kfz._6/2
lagg-3-35,55.0,100.0,7.0,2.46,2.0,1.86,0.0,,,,,,0.0,,,,,,LaGG-3-35
ussr_it_1,55.0,46.49,0.0,0.0,0.82,0.82,146.0,64.3,0.0,0.0,3.61,4.38,0.0,,,,,,IT-1
us_m4_sherman,55.0,50.0,0.0,0.0,1.9,3.83,150.0,57.31,0.0,0.0,2.46,2.06,0.0,,,,,,M4
yak-4,54.0,100.0,0.09,0.13,9.18,9.96,0.0,,,,,,0.0,,,,,,Yak-4
sw_strv_122,54.0,85.29,0.0,0.0,4.41,4.49,138.0,65.56,0.0,0.0,4.13,2.92,0.0,,,,,,Strv_122A
ki_43_3_otsu,54.0,42.31,5.38,3.88,0.19,0.08,271.0,70.72,0.47,0.57,1.34,1.64,0.0,,,,,,Ki-43-III_otsu
yak-9,54.0,100.0,3.5,3.18,1.0,0.28,13.0,,,,,,0.0,,,,,,Yak-9
uk_valentine_mk_11,53.0,85.56,0.14,1.0,9.27,18.64,1.0,,,0.0,,3.0,0.0,,,,,,Valentine_XI
sw_strv_m39,53.0,100.0,0.0,0.0,3.28,4.0,0.0,,,,,,0.0,,,,,,Strv_m/39
germ_pzkpfw_VI_ausf_h1_tiger_animal_version,53.0,59.82,0.05,0.08,2.8,3.76,5.0,50.0,0.0,0.0,3.7,7.4,0.0,,,,,,␠Tiger
p-63a-10_ussr,53.0,100.0,1.56,1.24,3.32,2.3,160.0,96.82,0.47,0.57,2.98,3.84,0.0,,,,,,P-63A-10
typhoon_mk1b_late,53.0,0.0,4.86,2.56,0.43,0.44,107.0,70.32,1.35,2.23,1.68,2.6,0.0,,,,,,Typhoon_Mk_Ib/L
tempest_mk2,53.0,100.0,5.05,2.65,0.09,0.07,47.0,95.16,3.1,4.3,0.0,0.0,0.0,,,,,,Tempest_Mk_II
germ_stug_III_ausf_G,53.0,65.52,0.0,0.0,3.67,2.38,181.0,29.7,0.0,0.0,2.42,1.9,0.0,,,,,,StuG_III_G
us_m4a3e2_76w_sherman_jumbo,53.0,50.0,0.0,0.0,1.69,2.95,881.0,73.48,0.05,0.03,4.4,3.58,0.0,,,,,,M4A3E2_(76)_W
p-47d_ussr,52.0,94.64,2.32,1.39,15.67,10.44,109.0,51.57,0.21,0.22,1.33,1.59,0.0,,,,,,P-47D-27
fw-190d-9,52.0,58.06,4.6,4.52,0.1,0.05,247.0,38.96,0.91,0.79,1.12,0.94,0.0,,,,,,Fw_190_D-9
bf-109g-6_erla_finland,52.0,,,3.16,,0.63,1.0,,,,,,0.0,,,,,,Bf_109_G-6_Erla
f4u-4,52.0,100.0,2.0,1.38,3.14,1.04,485.0,62.58,0.34,0.31,0.89,0.82,0.0,,,,,,F4U-4
jp_st_a3,52.0,76.54,0.0,0.0,1.15,1.34,321.0,59.53,0.0,0.0,2.11,1.92,0.0,,,,,,ST-A3
ussr_kv_220,51.0,100.0,0.0,0.0,6.02,6.02,170.0,70.37,0.0,0.0,6.93,6.17,0.0,,,,,,KV-220
su_30sm,51.0,42.86,4.43,2.9,0.0,0.0,538.0,52.24,1.01,1.28,1.02,1.28,36.0,,,1.0,,1.33,Су-30СМ
us_m3_lee,51.0,61.21,0.16,0.25,2.95,3.6,1.0,,,,,,0.0,,,,,,M3_Lee
jp_navy_120mm_spg,51.0,71.88,0.0,0.0,3.53,3.08,51.0,81.48,0.0,0.0,6.54,2.95,0.0,,,,,,Chi-Ha_LG
ki_61_2_early,51.0,53.85,1.42,2.0,0.77,0.78,17.0,100.0,1.0,1.0,1.0,1.0,0.0,,,,,,Ki-61-II_Otsu_Kai
cn_type_65_aa,50.0,40.74,1.19,2.0,0.59,1.0,23.0,,,0.0,,1.0,0.0,,,,,,Phòng_không_T-34
ffvs_j22_b,50.0,50.0,2.5,1.96,0.0,0.79,1.0,,,,,,0.0,,,,,,J22-B
us_m60a1,50.0,82.26,0.0,0.0,1.31,0.91,409.0,54.89,0.0,0.0,1.72,1.69,0.0,,,,,,M60A1_(AOS)
us_m4a1_1942_sherman,50.0,100.0,0.0,0.0,5.0,1.2,56.0,96.15,0.0,0.0,2.04,1.33,0.0,,,,,,M4A1
su_25_558arz,49.0,,,1.59,,0.81,72.0,100.0,0.0,0.0,6.5,3.87,0.0,,,,,,Su-25BM
sw_lvkv_90c,49.0,32.0,1.52,2.88,1.56,3.75,378.0,43.09,0.87,0.59,1.49,0.78,0.0,,,,,,Lvkv_9040C
ussr_t_80ud,49.0,50.0,0.0,0.0,3.27,2.16,2630.0,50.77,0.0,0.0,1.6,1.56,0.0,,,,,,T-80UD
germ_flakpanzer_IV_Ostwind,49.0,66.0,2.03,3.5,1.86,3.15,188.0,27.08,1.71,1.14,1.73,0.82,0.0,,,,,,Ostwind
sw_sav_m43_1944,49.0,16.67,0.0,0.0,1.73,1.84,0.0,,,,,,0.0,,,,,,Sav_m/43_(1944)
ussr_bmp_3,49.0,50.0,0.0,0.0,0.34,0.42,1872.0,51.79,0.0,0.0,1.43,1.31,47.0,100.0,0.0,0.0,1.67,1.56,BMP-3
av_8b_na,48.0,50.0,1.0,0.7,6.0,4.0,505.0,66.21,0.32,0.38,2.54,2.84,56.0,,,0.0,,3.22,AV-8B_(NA)
mig-21_s,48.0,62.28,3.42,3.04,0.0,0.0,113.0,63.77,1.85,2.25,0.08,0.35,2.0,,,,,,MiG-21S_(R-13-300)
a_10a_early,48.0,0.0,3.0,1.27,4.0,2.0,406.0,51.35,1.07,0.98,3.62,3.01,2.0,,,1.0,,3.0,A-10A
il_merkava_mk_1b,48.0,50.0,0.0,0.0,2.91,2.66,194.0,55.28,0.0,0.0,2.73,2.44,0.0,,,,,,Merkava_Mk.1B
sw_l_62_anti_II,48.0,100.0,0.75,0.63,3.0,2.68,109.0,42.59,0.0,0.0,1.73,1.54,0.0,,,,,,L-62_ANTI_II
il_m48a1_patton_III,48.0,50.0,0.15,0.29,1.35,2.71,83.0,74.84,0.0,0.0,1.38,1.05,0.0,,,,,,Magach_1
p-51d-20_china,48.0,100.0,2.55,1.26,0.64,0.15,50.0,100.0,0.0,0.0,1.0,0.1,0.0,,,,,,P-51D-20_(China)
us_m3a3_bradley,48.0,,,0.0,,1.0,552.0,49.96,0.0,0.0,0.66,0.63,1.0,,,,,,M3A3_Bradley
he_115a_2_sweden,47.0,100.0,0.12,0.14,9.4,9.91,0.0,,,,,,0.0,,,,,,T_2
fr_amx_13_chaffee,47.0,56.0,0.44,0.44,2.44,2.44,17.0,100.0,0.0,0.0,4.07,3.53,0.0,,,,,,AMX-13-M24
germ_sdkfz_251_9,47.0,100.0,0.0,0.0,5.27,8.59,0.0,,,,,,0.0,,,,,,Sd.Kfz.251/9
la-7b-20,47.0,80.0,5.35,7.45,1.2,1.27,26.0,50.0,0.86,0.86,0.9,0.94,0.0,,,,,,La-7B-20
jp_m4a3e8_76w_sherman,47.0,70.37,0.17,0.32,4.67,5.94,330.0,76.44,0.0,0.0,3.89,2.69,0.0,,,,,,M4A3_(76)_W
us_t95e1,47.0,100.0,0.0,0.0,3.67,2.66,238.0,65.74,0.0,0.0,2.87,1.93,0.0,,,,,,T95E1
p-51d-30_usaaf_korea,47.0,70.83,2.21,1.86,0.67,0.59,88.0,43.78,1.05,1.44,0.55,0.82,28.0,100.0,7.33,3.42,0.0,0.0,P-51D-30
su-8,46.0,100.0,0.64,0.52,4.42,3.82,0.0,,,,,,0.0,,,,,,Su-8
germ_kv_2_754r,46.0,60.84,0.0,0.0,3.91,10.7,24.0,,,0.0,,4.13,0.0,,,,,,KW_II_754_(r)
germ_nbfz_VI,46.0,100.0,0.0,0.0,4.33,5.68,0.0,,,,,,0.0,,,,,,Nb.Fz.
tempest_mkv,46.0,100.0,3.64,2.53,0.12,0.05,35.0,100.0,0.83,0.83,2.85,2.95,0.0,,,,,,Tempest_Mk_V
c_3604,46.0,44.74,3.39,5.17,1.05,1.47,7.0,0.0,0.0,0.0,2.0,2.0,0.0,,,,,,◌С-3604
ussr_t_80b,46.0,100.0,0.0,0.0,2.85,1.65,1506.0,57.3,0.0,0.0,2.03,1.7,0.0,,,,,,T-80B
fr_amx_13_dca_40,46.0,100.0,0.0,0.0,1.0,0.33,307.0,63.1,0.04,0.02,1.43,0.69,0.0,,,,,,AMX-13_DCA_40
sw_ikv_91,46.0,50.0,0.0,0.0,0.5,0.5,389.0,45.48,0.0,0.0,1.19,1.29,0.0,,,,,,Ikv_91
jp_type_89b_i_go_otsu,45.0,100.0,0.15,0.54,5.31,10.5,0.0,,,,,,0.0,,,,,,I-Go_Ko
ussr_is_6,45.0,55.56,0.0,0.0,3.47,4.81,225.0,60.96,0.0,0.0,2.65,2.39,3.0,50.0,0.0,0.0,1.0,2.0,IS-6
a6m3_mod22_zero,45.0,95.45,4.55,2.61,0.0,0.0,141.0,71.1,1.69,2.08,0.28,0.34,0.0,,,,,,A6M3_mod._22
uk_fv107_scimitar,45.0,50.0,0.0,0.0,1.5,1.5,168.0,62.9,0.0,0.0,2.11,1.15,0.0,,,,,,Scimitar
i_225,45.0,33.33,3.33,2.62,0.33,0.08,69.0,17.2,2.15,1.34,1.12,0.77,0.0,,,,,,I-225
f_16a_block_15_adf,45.0,50.0,1.38,2.48,0.5,0.48,75.0,50.0,1.17,0.79,0.0,0.0,12.0,,,1.25,,0.0,F-16A_ADF
firefly_mk4_netherlands,45.0,0.0,2.6,1.35,1.33,0.35,35.0,100.0,1.0,1.0,1.0,1.0,0.0,,,,,,◘Firefly_F.Mk.IV
p-63a-10,45.0,,,0.98,,1.79,319.0,49.13,0.51,0.63,0.81,1.03,0.0,,,,,,P-63A-10
jp_type_90b_sm,45.0,42.03,0.0,0.0,0.58,0.58,287.0,54.31,0.0,0.0,2.55,2.27,0.0,,,,,,◍Type_90_(B)
tu-2_postwar_late,45.0,16.67,0.0,0.0,0.0,0.21,98.0,89.58,0.59,0.48,7.39,6.52,22.0,89.29,0.0,0.0,1.43,1.47,Tu-2S-59
sw_strv_m38,44.0,100.0,0.0,0.0,2.19,5.85,14.0,50.0,0.0,0.0,0.5,0.61,0.0,,,,,,Strv_m/38
sw_pvkv_II,44.0,100.0,0.0,0.0,8.23,5.39,50.0,52.38,0.0,0.0,4.14,3.1,0.0,,,,,,Pvkv_II
il_centurion_shot_kal_d,44.0,100.0,0.0,0.0,3.0,2.79,148.0,46.77,0.0,0.0,1.8,1.45,0.0,,,,,,Sho't_Kal_Dalet
germ_mkpz_m48a2ga2,44.0,65.38,0.0,0.0,1.35,1.69,416.0,38.04,0.0,0.0,1.56,1.43,0.0,,,,,,M48A2_G_A2
uk_centurion_mk_5_avre_era,44.0,87.5,0.0,0.0,1.75,1.55,29.0,76.67,0.0,0.0,1.0,1.0,0.0,,,,,,Centurion_Mk.5_AVRE
us_m36b2,44.0,59.26,0.0,0.0,1.54,2.36,491.0,47.9,0.0,0.0,2.0,1.44,0.0,,,,,,M36B2
ussr_pt_76b,44.0,,,0.0,,0.65,872.0,50.75,0.0,0.0,0.92,0.73,18.0,,,0.0,,0.0,PT-76B
cn_m48a1_patton_III,44.0,50.0,0.0,0.0,0.53,0.53,79.0,44.44,0.0,0.0,1.56,0.7,0.0,,,,,,M48A1_(China)
bf-110f-2,43.0,87.04,4.78,5.33,0.12,0.19,0.0,,,,,,0.0,,,,,,Bf_110_F-2
ussr_t_28,43.0,95.46,0.0,0.0,10.08,9.5,0.0,,,,,,0.0,,,,,,T-28
us_m3a1_stuart,43.0,98.75,0.01,0.02,4.29,4.36,45.0,,,0.0,,1.69,0.0,,,,,,M3A1_Stuart
us_xm1_gm,43.0,100.0,0.0,0.0,2.19,2.69,1155.0,63.01,0.0,0.0,3.14,2.26,0.0,,,,,,XM1_(GM)
cf_188a_canada,43.0,78.33,2.4,2.5,0.0,0.0,456.0,46.78,1.07,1.28,0.2,0.26,0.0,,,,,,CF-188A
ki_44_2_hei,43.0,100.0,2.0,4.42,0.0,0.48,28.0,64.1,0.0,0.0,0.07,0.07,0.0,,,,,,Ki-44-II_hei
jp_type_81_tansam,43.0,32.61,1.43,1.61,0.0,0.0,84.0,,,1.0,,0.0,0.0,,,,,,Type_81_(C)
it_p_26_40,43.0,100.0,0.0,0.0,2.56,2.72,8.0,100.0,0.0,0.0,5.0,5.0,0.0,,,,,,"P40_""G.C._Leoncello"""
germ_sdkfz_234_2,43.0,89.58,0.0,0.0,2.83,2.73,783.0,41.92,0.0,0.0,1.19,0.95,6.0,,,0.0,,1.0,Sd.Kfz.234/2
uk_challenger_2_dorchester,42.0,50.0,0.0,0.0,3.5,3.5,268.0,46.43,0.0,0.0,0.89,0.97,0.0,,,,,,Challenger_2_(2F)
su_30sm2,42.0,33.33,4.73,3.66,0.0,0.0,1218.0,58.37,1.06,1.28,1.57,1.9,3.0,,,,,,Су-30СМ2
ussr_t_28E,42.0,73.68,0.26,0.23,3.0,3.14,4.0,12.5,0.0,0.0,0.0,0.0,0.0,,,,,,T-28E
uk_challenger_II,42.0,66.67,0.0,0.0,2.39,3.61,692.0,53.31,0.0,0.0,1.65,1.51,21.0,,,0.0,,0.0,uk_challenger_ii_shop
jp_type_90b,42.0,50.0,0.0,0.0,3.64,3.64,803.0,52.31,0.0,0.0,1.79,1.76,0.0,,,,,,Type_90_(B)
cn_al_khalid_1,42.0,50.0,0.0,0.0,3.21,3.21,1448.0,55.54,0.0,0.0,1.99,1.47,0.0,,,,,,Al-Khalid-I
cn_ztz_96b,42.0,50.0,0.0,0.0,2.17,3.6,513.0,64.39,0.0,0.0,2.61,2.15,0.0,,,,,,ZTZ96B
it_semovente_m41m_90,42.0,100.0,0.0,,2.5,,51.0,30.7,0.0,0.0,2.68,2.7,0.0,,,,,,90/53_M41M
f_16c_block_50,42.0,52.56,1.16,1.16,1.58,1.58,689.0,62.47,0.81,1.05,0.9,1.17,77.0,0.0,7.0,1.7,0.0,0.0,F-16C
sw_ikv_103,42.0,39.09,0.0,0.0,1.3,1.74,118.0,27.96,0.0,0.0,1.02,1.29,0.0,,,,,,Ikv_103
p-38e,42.0,50.0,1.0,2.0,0.0,0.0,0.0,,,,,,0.0,,,,,,P-38E
btd-1,42.0,50.0,0.5,1.0,0.93,1.86,34.0,91.18,0.0,0.0,6.38,9.14,0.0,,,,,,BTD-1
us_m4a1_76w_sherman,42.0,75.0,0.0,0.0,1.66,1.24,338.0,53.4,0.0,0.0,3.79,2.89,4.0,,,0.0,,2.0,M4A1_(76)_W
il_magach_2,42.0,57.84,0.0,0.0,1.26,2.29,0.0,,,,,,0.0,,,,,,Magach_2
f_15e,41.0,52.56,1.47,1.47,0.58,0.58,812.0,69.36,0.88,1.2,2.42,3.33,30.0,,,1.0,,1.0,F-15E
fa_18c_late,41.0,50.0,2.11,2.04,0.57,0.65,184.0,63.96,0.98,0.88,0.57,0.46,0.0,,,,,,F/A-18C_Late
ussr_pzkpfw_V,40.0,100.0,0.0,0.0,7.3,7.3,78.0,89.33,0.0,0.0,3.29,2.11,0.0,,,,,,T-V
re_2000_heja_2,40.0,100.0,3.62,3.62,0.0,0.0,10.0,100.0,3.0,3.0,0.0,0.0,0.0,,,,,,◔Héja_II
ussr_su_85m,40.0,65.91,0.0,0.0,2.11,2.53,90.0,29.57,0.0,0.0,1.14,1.06,0.0,,,,,,SU-85M
sw_pvkv_m43_1963,40.0,50.0,0.0,0.0,2.22,4.44,36.0,61.91,0.0,0.0,0.91,0.89,0.0,,,,,,Pvkv_m/43_(1963)
p-51k,40.0,50.0,1.13,1.47,0.23,0.23,10.0,,,,,,0.0,,,,,,P-51K_(China)
fw-190f-8,40.0,100.0,3.29,1.6,1.57,0.26,180.0,69.6,1.02,1.15,2.0,1.77,0.0,,,,,,Fw_190_F-8
us_m60a3_tts,40.0,45.98,0.0,0.0,0.54,0.89,502.0,48.16,0.0,0.0,1.83,1.36,0.0,,,,,,M60A3_TTS
germ_le_kpz_m41,40.0,17.31,0.0,0.0,0.17,0.31,846.0,46.43,0.0,0.0,1.04,0.95,0.0,,,,,,leKPz_M41
saab_jas39c_south_africa,39.0,86.67,4.18,4.39,0.0,0.0,252.0,44.09,1.22,1.39,0.03,0.03,0.0,,,,,,JAS39C
yak-15_early,39.0,50.0,1.5,2.13,0.0,0.0,18.0,100.0,2.0,0.0,0.0,0.0,0.0,,,,,,Yak-15P
f-8e,39.0,86.46,1.87,1.12,0.73,0.38,13.0,50.0,1.1,2.2,0.0,0.0,0.0,,,,,,F-8E
germ_kanonenjagdpanzer,39.0,100.0,0.0,0.0,1.7,1.0,87.0,9.52,0.0,0.0,2.71,0.79,4.0,,,0.0,,1.0,JPz_4-5
us_m3_bradley,39.0,50.0,0.0,0.0,0.18,0.13,518.0,59.55,0.0,0.0,1.28,1.15,0.0,,,,,,M3_Bradley
mc-205_serie1,38.0,100.0,11.0,8.14,0.0,0.0,0.0,,,,,,0.0,,,,,,C._205_serie_1
jp_type_3_ho_ni_I,38.0,100.0,0.0,0.0,3.55,6.0,24.0,100.0,0.0,0.0,2.8,2.8,0.0,,,,,,Ho-Ni_I
hurricanemkii_ussr,38.0,100.0,3.83,3.36,1.5,1.25,0.0,,,,,,0.0,,,,,,Hurricane_Mk_IIB
bf-109g-2_finland,38.0,,,4.33,,2.08,46.0,100.0,3.67,2.42,1.0,0.95,0.0,,,,,,Bf_109_G-2
sw_t_55m,38.0,50.0,0.0,0.0,1.0,2.0,467.0,58.82,0.0,0.0,1.47,1.53,0.0,,,,,,T-55M
germ_pzkpfw_38t_Marder_III_ausf_H,38.0,29.36,0.0,0.0,2.03,2.63,49.0,14.81,0.0,0.0,1.13,1.01,0.0,,,,,,Marder_III_H
fr_lorraine_100,38.0,59.52,0.0,0.0,1.19,1.19,94.0,55.36,0.0,0.0,0.86,0.89,0.0,,,,,,CA_Lorraine
ussr_btr_zd,38.0,12.07,1.62,3.64,0.05,0.21,333.0,77.74,1.17,0.54,1.17,0.55,18.0,,,,,,BTR-ZD
ar_2,37.0,100.0,0.6,0.5,9.08,8.02,0.0,,,,,,0.0,,,,,,Ar-2
uk_cruiser_ram_1,37.0,50.0,0.5,0.27,1.5,1.44,36.0,100.0,0.0,0.0,5.0,3.89,0.0,,,,,,Ram_I
ussr_t_80um2,37.0,80.39,0.0,0.0,2.56,2.56,146.0,51.05,0.0,0.0,1.6,1.36,0.0,,,,,,T-80UM2
sw_bkan_1c,37.0,30.43,1.3,3.0,0.3,1.0,230.0,20.63,0.48,0.27,1.75,1.12,0.0,,,,,,Bkan_1C
uk_17_pdr_m10_achilles_norfolk_yeomanry,37.0,100.0,0.0,0.0,1.45,1.48,32.0,100.0,0.0,0.0,2.83,3.48,0.0,,,,,,Achilles_(65_Rg.)
it_of_40_mtca,37.0,77.78,0.0,0.0,3.44,2.98,1071.0,61.93,0.0,0.0,3.81,2.88,11.0,0.0,0.0,0.0,2.0,2.0,OF-40_(MTCA)
p-51_a-36,37.0,,,4.58,,1.16,57.0,44.74,0.47,0.42,2.13,2.36,0.0,,,,,,A-36
p-47n-15,37.0,66.67,1.21,1.33,2.53,2.08,8.0,0.0,0.75,0.75,1.0,1.0,0.0,,,,,,P-47N-15
ussr_kv_8,37.0,100.0,0.0,0.0,2.25,2.25,115.0,50.0,0.0,0.0,4.03,2.35,0.0,,,,,,КВ-8
il_amx_13_75,37.0,,,0.0,,1.35,89.0,24.88,0.0,0.0,4.54,2.08,0.0,,,,,,AMX-13_(Israel)
ussr_2s25,37.0,,,0.0,,0.7,1132.0,52.31,0.0,0.0,1.46,1.36,0.0,,,,,,2S25
us_adats_bradley,37.0,37.1,0.03,0.03,0.0,0.0,870.0,49.67,0.87,0.49,0.54,0.3,2.0,0.0,1.0,1.0,0.0,0.0,ADATS
it_semovente_m42_75_34,36.0,50.0,0.0,0.0,2.32,4.47,0.0,,,,,,0.0,,,,,,75/34_M42
ussr_rbt_5,36.0,100.0,0.0,0.0,5.64,5.64,0.0,,,,,,0.0,,,,,,RBT-5
su_25k,36.0,0.0,1.0,1.0,3.0,1.96,520.0,59.79,0.7,0.67,2.38,2.21,9.0,,,0.0,,0.0,Su-25K
sb_2m_103c,36.0,53.33,0.53,3.0,1.9,21.0,0.0,,,,,,0.0,,,,,,SB_2M-103
uk_centurion_mk_3,36.0,,,0.0,,1.79,143.0,57.53,0.0,0.0,2.5,1.58,0.0,,,,,,Centurion_Mk_3
fw-190a-1,36.0,89.13,5.46,6.43,1.48,1.7,13.0,60.0,1.42,2.6,0.0,0.0,1.0,,,1.0,,0.0,Fw_190_A-1
ussr_t_72b3_arena_m,36.0,50.0,0.0,0.0,1.83,1.83,948.0,40.46,0.0,0.0,1.06,1.07,0.0,,,,,,Т-72Б3А
us_rdf_lt,36.0,50.0,0.0,0.0,1.46,0.85,1800.0,61.49,0.04,0.04,1.29,1.18,0.0,,,,,,RDF/LT
uk_ac1_sentinel,36.0,100.0,0.0,0.0,0.72,0.36,15.0,,,0.0,,2.43,0.0,,,,,,A.C.I
il_8_1944,35.0,90.91,3.09,1.89,5.97,4.05,53.0,100.0,0.75,0.2,4.69,1.73,0.0,,,,,,IL-8_(1944)
germ_flakpanzer_V_Coelian,35.0,50.0,0.0,0.0,3.42,3.63,448.0,61.14,0.83,0.49,3.98,2.37,0.0,,,,,,Flakpanzer_341
fr_vcac_mephisto,35.0,50.0,0.0,0.0,1.0,1.11,234.0,50.05,0.0,0.0,2.3,1.83,0.0,,,,,,MEPHISTO
us_m44,35.0,50.0,0.0,0.0,0.75,1.5,105.0,25.81,0.0,0.0,2.76,1.36,0.0,,,,,,M44
spitfire_lf_mk9e_iaf,35.0,,,1.65,,0.53,37.0,50.0,1.13,1.13,1.25,1.25,0.0,,,,,,Spitfire_Mk.IX_(CW)_(Israel)
us_m4a3e2_sherman_jumbo,35.0,58.33,0.42,0.54,0.21,0.21,314.0,65.61,0.0,0.0,3.98,2.89,0.0,,,,,,M4A3E2
su_25tm,34.0,100.0,3.0,1.5,9.0,4.5,689.0,56.83,0.31,0.4,2.89,3.74,51.0,,,0.1,,0.1,Su-39
us_ccvl,34.0,100.0,0.0,0.0,8.0,4.0,101.0,90.59,0.0,0.0,3.84,2.31,0.0,,,,,,CCVL
uk_challenger_2_megatron,34.0,0.0,0.0,0.0,6.57,4.25,724.0,66.49,0.0,0.0,2.42,1.94,0.0,,,,,,Challenger_2_OES
fr_amx_m4,34.0,0.0,0.0,0.0,4.0,2.0,679.0,66.1,0.0,0.0,2.45,2.37,48.0,100.0,0.0,0.0,3.0,2.0,AMX_M4
ussr_2s38,34.0,,,0.0,,1.0,2421.0,52.39,0.12,0.12,1.05,0.91,0.0,,,,,,2S38
su_34,34.0,50.0,3.0,3.89,0.68,0.89,545.0,59.87,0.43,0.54,1.22,1.36,81.0,,,1.0,,1.6,Су-34
germ_leopard_2a6,34.0,56.67,0.0,0.0,0.98,1.6,1272.0,47.95,0.0,0.0,1.6,1.44,9.0,,,0.0,,1.89,Leopard_2A6
germ_wiesel_1_mk20,34.0,100.0,1.0,1.0,0.0,0.0,729.0,34.89,0.19,0.14,0.88,0.59,0.0,,,,,,Wiesel_1A4
thunderbolt_mk1,33.0,100.0,1.15,0.97,7.85,5.4,63.0,90.67,0.0,0.0,1.96,1.98,0.0,,,,,,Thunderbolt_Mk.1
ussr_m4a2_76w_sherman,33.0,100.0,0.0,0.0,3.82,5.0,158.0,77.56,0.0,0.0,5.02,5.04,0.0,,,,,,M4A2
yak-9b,33.0,100.0,3.69,2.46,7.31,4.09,18.0,,,0.0,,1.14,0.0,,,,,,Yak-9B
bf-109f-1,33.0,83.34,5.9,9.0,0.0,0.0,29.0,,,1.0,,0.0,0.0,,,,,,Bf_109_F-1
uk_a25_mk_8,33.0,,,0.0,,1.24,18.0,50.0,0.0,0.0,1.5,3.0,0.0,,,,,,Harry_Hopkins_I
f-104c,33.0,52.08,1.45,1.57,0.0,0.0,0.0,,,,,,0.0,,,,,,F-104C
f4u-1a_usmc,33.0,56.25,1.44,2.59,0.0,0.0,10.0,,,,,,0.0,,,,,,F4U-1A_(USMC)
fr_amx_50,33.0,50.0,0.0,0.0,2.0,4.0,253.0,92.47,0.0,0.0,6.45,4.21,29.0,50.0,0.0,0.0,1.21,1.98,AMX-50_(TOA100)
it_m36b1,33.0,,,0.0,,0.27,36.0,100.0,0.0,0.0,2.29,2.02,0.0,,,,,,M36B1
uk_conqueror_mk_2,32.0,100.0,0.0,,3.0,,261.0,51.41,0.0,0.0,2.47,2.03,1.0,,,,,,Conqueror
fr_amx_13_90,32.0,92.11,0.0,0.0,3.29,2.4,64.0,62.22,0.0,0.0,2.44,3.95,0.0,,,,,,AMX-13-90
il_magach_5,32.0,100.0,0.0,0.0,5.0,5.0,37.0,59.65,0.0,0.0,1.35,3.33,0.0,,,,,,Magach_5
a6m3_zero,32.0,,,5.2,,0.0,49.0,30.5,1.68,1.62,1.74,1.67,0.0,,,,,,A6M3
ki_61_1a_otsu_china,32.0,100.0,3.64,2.98,0.82,0.57,3.0,,,,,,0.0,,,,,,Ki-61-I_otsu_(China)
cn_wz_1001,32.0,39.58,0.0,0.0,1.96,2.38,115.0,58.4,0.0,0.0,3.53,2.35,0.0,,,,,,WZ1001(E)_LCT
spitfire_mk5b,32.0,100.0,3.36,3.36,1.0,1.0,20.0,,,,,,0.0,,,,,,Spitfire_Mk_Vb/trop
yak-38m,32.0,,,0.84,,0.0,35.0,36.36,0.0,0.0,0.0,0.0,0.0,,,,,,Yak-38M
fr_amx_30_ACRA,32.0,,,0.0,,0.88,19.0,,,0.0,,0.0,0.0,,,,,,AMX-30_ACRA
cn_plz_05,32.0,50.0,0.0,0.0,0.63,0.63,183.0,90.05,0.0,0.0,5.67,1.83,0.0,,,,,,PLZ05
f_14a_iriaf,31.0,96.15,5.62,5.85,0.0,0.0,261.0,63.52,2.49,1.87,0.04,0.04,26.0,,,2.0,,0.0,F-14A_IRIAF
ki_43_1,31.0,100.0,4.65,3.75,1.0,0.83,0.0,,,,,,0.0,,,,,,Ki-43-I
p-39n,31.0,100.0,4.35,4.71,0.95,1.0,35.0,50.0,2.3,4.25,0.5,0.83,0.0,,,,,,P-39N-0
mig_29smt_9_19,31.0,100.0,4.42,4.22,0.0,0.0,172.0,34.64,1.53,1.21,0.17,0.1,0.0,,,,,,MiG-29SMT
sw_pbil_m40,31.0,100.0,0.0,0.0,5.0,2.59,2.0,,,0.0,,1.0,0.0,,,,,,Pbil_m/40
germ_sturmpanzer_IV_brummbar,31.0,95.0,0.05,0.08,3.65,3.8,43.0,100.0,0.0,0.0,1.23,2.3,0.0,,,,,,Brummbär
uk_vickers_mbt_mk_1,31.0,50.0,0.0,0.0,2.22,2.05,481.0,55.2,0.0,0.0,1.71,1.53,0.0,,,,,,Vickers_Mk.1
fw-190a-5_u2,31.0,71.88,2.53,2.89,0.41,0.43,0.0,,,,,,0.0,,,,,,Fw_190_A-5/U2
wm_23,31.0,100.0,3.0,2.62,0.0,0.0,0.0,,,,,,0.0,,,,,,◔WM-23
fr_arl_44,31.0,100.0,0.0,0.0,1.63,1.58,255.0,61.83,0.0,0.0,2.73,1.63,0.0,,,,,,ARL-44
fa_18a_raaf,31.0,60.0,1.6,1.4,0.0,0.0,38.0,0.0,1.5,1.49,0.0,0.0,26.0,,,,,,F/A-18A
us_m60a2,31.0,72.5,0.0,0.0,1.73,1.73,129.0,79.03,0.0,0.0,3.73,2.03,0.0,,,,,,M60A2
a5m4,31.0,50.0,1.0,1.23,0.0,0.12,0.0,,,,,,0.0,,,,,,A5M4
sm_92,31.0,100.0,1.31,1.74,0.25,0.26,42.0,55.36,0.2,0.39,0.0,0.0,0.0,,,,,,SM.92
sw_stormpjas_fm43_44,31.0,,,0.0,,4.0,0.0,,,,,,0.0,,,,,,Spj_fm/43-44
fr_amx_30_super,31.0,100.0,0.0,0.0,4.33,1.74,547.0,53.04,0.0,0.0,4.83,2.49,0.0,,,,,,AMX-30_Super
ussr_t_60_1941,31.0,100.0,0.0,0.0,1.0,1.0,0.0,,,,,,0.0,,,,,,T-60
ussr_bmp_1,31.0,46.3,0.0,0.0,0.0,0.0,261.0,46.31,0.0,0.0,0.73,0.9,0.0,,,,,,BMP-1
sw_kv_1_1942_fin,30.0,100.0,1.0,0.32,3.86,3.36,67.0,48.46,0.0,0.0,4.54,4.54,0.0,,,,,,KV-1_m1942
germ_flakpanzer_I_ausf_A,30.0,70.83,0.28,0.4,4.41,7.8,23.0,,,0.0,,0.32,0.0,,,,,,Flakpanzer_I
i-153_m62_zhukovskiy,30.0,93.65,2.69,2.88,0.06,0.1,0.0,,,,,,0.0,,,,,,Zhukovsky's_I-153-M62
su_27sm,30.0,42.86,2.21,2.21,0.14,0.14,246.0,72.84,2.58,2.97,0.07,0.06,16.0,,,1.0,,0.0,Su-27SM
mig_3_series_1_15_bk_pod,30.0,100.0,4.08,2.04,0.0,0.0,0.0,,,,,,0.0,,,,,,MiG-3-15_(BK)
fr_m36b2_cefeo,30.0,100.0,0.0,0.0,3.0,3.0,108.0,50.0,0.0,0.0,1.34,1.7,0.0,,,,,,M36B2
f-4m_fgr2,30.0,100.0,4.0,1.23,0.0,0.0,170.0,43.16,0.5,0.53,0.0,0.0,0.0,,,,,,Phantom_FGR.2
p-47d-28,30.0,100.0,1.78,1.46,8.67,6.54,62.0,53.7,0.87,1.06,1.12,1.1,28.0,0.0,2.0,2.0,0.0,0.0,P-47D-28
uk_fv721_fox,30.0,50.0,0.0,0.0,1.0,2.0,568.0,62.93,0.01,0.01,1.96,1.81,0.0,,,,,,Fox
sea_harrier_fa2,30.0,0.0,1.0,1.0,0.0,0.0,60.0,50.0,0.0,0.0,0.0,0.0,0.0,,,,,,Sea_Harrier_FA_2
spitfire_fr_mk14e_belgium,30.0,,,1.0,,0.0,8.0,,,0.0,,0.0,0.0,,,,,,Spitfire_FR_Mk_XIVe
hurricane_mk1c,30.0,100.0,2.29,2.14,1.0,0.29,0.0,,,,,,0.0,,,,,,Sea_Hurricane_Mk_IC
ussr_2s3m,30.0,6.67,0.0,0.0,1.33,1.85,229.0,30.74,0.06,0.1,1.11,1.02,0.0,,,,,,2S3M
spitfiremkii,30.0,100.0,2.29,2.29,0.0,0.0,12.0,,,1.0,,1.0,0.0,,,,,,Spitfire_Mk_IIb
ussr_t_55a,30.0,50.0,0.0,0.0,1.83,2.17,1215.0,50.81,0.0,0.0,1.9,1.55,0.0,,,,,,T-55A
us_m36,30.0,56.14,0.0,0.0,0.95,1.4,244.0,49.8,0.0,0.0,2.59,2.94,0.0,,,,,,M36_GMC
us_mk1_grant,29.0,69.44,0.0,0.0,2.86,6.82,0.0,,,,,,0.0,,,,,,Grant_I
er-2_m105_mv3,29.0,100.0,0.0,0.0,4.76,4.76,5.0,,,,,,0.0,,,,,,Yer-2_(M-105)
ussr_object_292,29.0,100.0,0.0,0.0,4.33,4.33,833.0,55.03,0.0,0.0,2.53,2.29,0.0,,,,,,Object_292
uk_rooikat_za_35,29.0,,,1.0,,1.0,159.0,40.11,0.04,0.04,3.18,1.95,0.0,,,,,,ZA-35
firebrand_tf4,29.0,100.0,1.25,1.09,2.75,1.8,39.0,,,,,,0.0,,,,,,Firebrand_TF_Mk_IV
germ_flakpz_1a2_Gepard,29.0,100.0,1.0,1.2,0.0,0.2,838.0,40.4,0.79,0.62,0.45,0.37,0.0,,,,,,Gepard_1A2
il-10_1946_hungary,29.0,100.0,1.0,1.0,1.0,0.79,0.0,,,,,,0.0,,,,,,◔IL-10
me-410a-1_u2,29.0,100.0,0.88,1.37,0.13,0.04,0.0,,,,,,0.0,,,,,,Me_410_A-1/U2
it_m18_hellcat,29.0,,,0.0,,1.26,218.0,59.36,0.0,0.0,2.61,2.59,0.0,,,,,,M18
jp_type_61,29.0,50.0,0.0,0.0,1.0,1.64,402.0,55.94,0.0,0.0,1.82,1.58,0.0,,,,,,Type_61
jp_type_74_c,29.0,100.0,0.0,0.0,2.0,1.0,267.0,63.49,0.0,0.0,3.45,2.15,0.0,,,,,,Type_74_(C)
yak-1b_luftwaffe,28.0,100.0,6.43,4.0,1.0,0.5,23.0,,,0.0,,0.0,0.0,,,,,,Yak-1B
fr_amx_32,28.0,58.7,0.0,0.0,2.7,2.08,437.0,63.19,0.0,0.0,2.39,2.43,0.0,,,,,,AMX-32
mig_23mld,28.0,,,2.31,,0.0,27.0,52.42,1.43,1.86,0.0,0.0,46.0,0.0,8.13,3.52,0.0,0.0,MiG-23MLD
germ_pzkpfw_III_ausf_N,28.0,,,0.0,,2.0,34.0,50.0,0.0,0.0,3.13,3.13,0.0,,,,,,Pz.III_N
uk_centurion_mk_1,28.0,100.0,0.0,0.0,2.7,2.7,235.0,52.56,0.0,0.0,2.37,2.17,0.0,,,,,,Centurion_Mk_1
fr_m3a3_stuart,28.0,100.0,0.0,0.0,2.0,2.0,28.0,33.33,0.0,0.0,2.0,1.83,0.0,,,,,,M3A3_Stuart
sw_pvkv_iv,28.0,,,0.0,,1.0,17.0,,,0.0,,0.91,0.0,,,,,,Pvkv_IV
ussr_object_120,28.0,,,0.0,,1.42,44.0,50.0,0.0,0.0,2.5,1.81,17.0,,,,,,Object_120
it_fiat_6616_cockerill,28.0,50.0,0.0,0.0,1.0,1.15,291.0,52.8,0.0,0.0,1.14,0.92,0.0,,,,,,AUBL/74
fr_m4a3_105_sherman,28.0,100.0,0.0,0.0,1.0,1.0,20.0,,,0.0,,1.39,0.0,,,,,,M4A3_(105)
it_sherman_vc_firefly,28.0,100.0,0.0,0.0,1.05,1.0,9.0,0.0,0.0,0.0,2.0,2.0,0.0,,,,,,Sherman_Vc
sw_strv_m42_eh,28.0,42.86,0.0,0.0,1.14,2.0,17.0,20.0,0.0,0.0,1.2,0.62,0.0,,,,,,Strv_m/42_EH
germ_thyssen_henschel_tam,28.0,50.0,0.0,0.0,1.0,2.0,670.0,42.76,0.0,0.0,1.81,1.35,0.0,,,,,,TAM
sw_a_34_comet,28.0,,,0.0,,2.0,86.0,19.64,0.0,0.0,1.42,1.1,0.0,,,,,,Comet_I
jp_type_95_so_ki,28.0,0.0,1.0,1.0,0.0,0.0,53.0,100.0,1.57,1.63,0.0,0.0,0.0,,,,,,So-Ki
uk_matilda_hedgehog,27.0,66.67,0.3,0.5,4.7,7.0,0.0,,,,,,0.0,,,,,,Matilda_Hedgehog
f-4s,27.0,,,2.0,,0.0,395.0,46.41,1.15,1.29,0.04,0.05,2.0,,,1.0,,0.0,F-4S_Phantom_II
a-20g,27.0,100.0,1.0,0.84,4.48,4.44,6.0,50.0,1.5,1.5,9.5,9.5,0.0,,,,,,A-20G-25
it_centauro_rgo_120,27.0,70.59,0.0,0.0,2.76,4.0,148.0,66.94,0.0,0.0,2.94,2.93,0.0,,,,,,Centauro_RGO
lagg-3-11,27.0,100.0,4.82,4.82,0.68,0.68,0.0,,,,,,0.0,,,,,,LaGG-3-11
ussr_t_80,27.0,60.53,0.0,0.0,1.34,2.14,4.0,0.0,0.0,0.0,1.0,1.0,0.0,,,,,,T-80
lagg-i-301,27.0,,,,,,0.0,,,,,,0.0,,,,,,I-301
ussr_is_1_kit_3rank,27.0,100.0,0.0,0.0,1.0,1.14,79.0,32.8,0.0,0.0,1.19,1.06,0.0,,,,,,ИС-1_('45)
germ_leopard_2a5_pso,27.0,52.38,0.0,0.0,0.94,1.63,1115.0,50.22,0.0,0.0,1.65,1.53,0.0,,,,,,Leopard_2_PSO
he_112b_0,27.0,,,1.44,,0.3,8.0,,,,,,0.0,,,,,,He_112_B-0
uk_a_34_comet,27.0,100.0,0.0,0.0,2.0,1.0,74.0,69.75,0.0,0.0,3.03,4.66,0.0,,,,,,Comet_I
la-9_china,27.0,,,1.33,,0.0,15.0,,,,,,0.0,,,,,,La-9_(China)
il_aml_90,27.0,,,0.0,,0.0,72.0,61.11,0.0,0.0,1.43,0.8,0.0,,,,,,AML-90_(Israel)
ki_32,26.0,,,0.0,,5.06,0.0,,,,,,0.0,,,,,,Ki-32
it_ab_43,26.0,100.0,0.0,0.0,5.11,5.11,19.0,0.0,0.0,0.0,3.0,2.18,0.0,,,,,,AB_43
germ_pzkpfw_III_ausf_M,26.0,100.0,0.0,0.0,3.0,2.31,69.0,100.0,0.0,0.0,10.33,1.72,0.0,,,,,,Pz.III_M
germ_ru251,26.0,100.0,0.0,0.0,7.0,5.67,319.0,49.58,0.0,0.0,3.7,2.52,0.0,,,,,,Ru_251
ki_10_1,26.0,,,,,,0.0,,,,,,0.0,,,,,,Ki-10-I
ussr_kv_2_1940,26.0,100.0,0.67,0.38,7.0,3.83,0.0,,,,,,0.0,,,,,,KV-2_(1940)
jp_type_5_chi_ri,26.0,100.0,0.0,0.0,2.82,1.62,205.0,55.1,0.0,0.0,2.86,2.38,22.0,0.0,0.0,0.0,1.0,1.0,Chi-Ri_II
jp_m36b2_jgsdf,26.0,,,0.0,,1.82,397.0,59.46,0.0,0.0,1.86,1.76,0.0,,,,,,M36
p-47d_22_re,26.0,100.0,2.55,1.81,5.0,4.1,51.0,92.22,0.36,0.32,0.46,0.37,0.0,,,,,,P-47D-22-RE
mig-17_f5,26.0,100.0,2.0,1.8,0.0,0.0,52.0,100.0,3.03,4.05,2.13,2.88,0.0,,,,,,Shenyang_F-5
re_2002_early,26.0,,,1.91,,0.0,23.0,0.0,0.0,0.0,1.0,0.78,0.0,,,,,,Re.2002_Early
us_m1128_mgs,26.0,,,0.0,,1.0,462.0,50.73,0.0,0.0,1.73,1.45,0.0,,,,,,M1128
mig_29_9_12,26.0,50.0,0.5,0.5,0.0,0.0,29.0,100.0,1.0,0.78,1.0,0.78,8.0,,,1.0,,0.0,МиГ-29_(9-12)
tornado_f3_late,26.0,43.75,0.56,1.0,0.0,0.0,0.0,,,,,,0.0,,,,,,Tornado_F.3_Late
ussr_t_35,25.0,,,,,,0.0,,,,,,0.0,,,,,,T-35
firefly_mk1,25.0,100.0,1.31,0.89,5.85,4.69,21.0,,,0.05,,2.35,0.0,,,,,,Firefly_F_Mk_I
germ_pzkpfw_III_ausf_B,25.0,100.0,0.0,,2.36,,6.0,,,0.0,,0.17,0.0,,,,,,Pz.III_B
sea_fury_fb11,25.0,100.0,2.98,2.59,0.19,0.09,31.0,94.83,1.07,1.2,0.0,0.0,0.0,,,,,,Sea_Fury_FB_11
pe-3_early,25.0,100.0,0.84,0.86,2.21,2.18,0.0,,,,,,0.0,,,,,,Pe-3_(e)
lagg-3-66,25.0,100.0,6.0,6.0,4.0,4.0,0.0,,,,,,0.0,,,,,,LaGG-3-66
us_t86,25.0,,,0.0,,3.31,66.0,85.42,0.0,0.0,2.4,1.89,0.0,,,,,,T86
sw_strf_90b,25.0,,,,,,302.0,51.88,0.09,0.09,2.06,1.66,0.0,,,,,,Strf_9040B
p-47d,25.0,44.0,1.0,1.0,2.64,2.64,92.0,65.48,0.24,0.28,0.54,0.57,8.0,,,,,,P-47D-25
ki_61_1a_otsu,25.0,25.0,2.25,1.71,0.75,0.67,5.0,,,,,,22.0,,,0.0,,1.0,Ki-61-I_otsu
p-47d_23_ra_china_rocaf,25.0,,,1.6,,0.0,23.0,100.0,1.0,1.35,2.65,3.35,0.0,,,,,,P-47D-23-RA_(China)
saab_a21a_3,25.0,,,2.14,,0.0,104.0,31.18,1.15,0.51,1.23,0.66,0.0,,,,,,A21A-3
p-51d-5,25.0,,,0.87,,0.57,14.0,10.0,0.0,0.0,0.0,0.0,0.0,,,,,,P-51D-5
sw_strv_103a,25.0,0.0,0.0,0.0,1.0,1.0,175.0,63.73,0.0,0.0,2.75,1.69,0.0,,,,,,Strv_103A
jp_type_3_chi_nu,25.0,50.0,0.0,0.0,1.3,1.55,88.0,100.0,0.0,0.0,8.0,1.4,0.0,,,,,,Chi-Nu
i-153p,24.0,,,2.0,,0.0,35.0,100.0,5.67,,0.17,,0.0,,,,,,I-153P
cn_t_26_1940,24.0,100.0,0.24,,5.52,,13.0,,,0.0,,0.0,0.0,,,,,,T-26_(China)
f-5c,24.0,,,,,,201.0,38.92,1.22,1.3,0.36,0.37,4.0,,,0.0,,0.0,F-5C
it_breda_52_autocannone,24.0,100.0,0.0,0.0,5.14,4.91,93.0,64.3,0.0,0.0,2.67,1.78,0.0,,,,,,Breda_90/53
germ_leopard_2a7v,24.0,75.0,0.0,0.0,3.31,3.25,2299.0,50.24,0.0,0.0,2.39,1.88,0.0,,,,,,Leopard_2A7V
germ_leopard_2a4m_can,24.0,,,,,,2113.0,43.57,0.0,0.0,1.49,1.16,0.0,,,,,,Leopard_2A4M
p-400,24.0,0.0,2.5,2.79,0.0,0.0,0.0,,,,,,0.0,,,,,,P-400
xp-50,24.0,100.0,3.29,1.59,0.0,0.0,108.0,48.0,0.53,0.47,0.49,0.42,23.0,,,1.39,,0.0,XP-50
us_m1a2_sep_abrams,24.0,55.56,0.0,0.0,1.18,3.25,1848.0,61.55,0.0,0.0,1.69,1.55,2.0,,,,,,M1A2_SEP
ki_44_2_hei_china,24.0,100.0,3.0,3.25,1.0,0.14,25.0,100.0,2.68,3.5,0.76,0.17,0.0,,,,,,Ki-44-II_hei_(China)
jp_type_10_prototype,24.0,,,0.0,,1.0,702.0,55.39,0.0,0.0,1.96,1.63,0.0,,,,,,TKX_(P)
su-7b,24.0,,,0.0,,0.36,33.0,14.28,0.7,0.44,0.68,0.42,0.0,,,,,,Su-7B
su-7bkl,24.0,,,0.39,,0.71,76.0,0.0,0.22,0.14,0.84,0.67,0.0,,,,,,Su-7BKL
sw_lago_1,24.0,100.0,0.0,,1.29,,48.0,50.0,0.0,0.0,1.5,1.38,0.0,,,,,,Lago_I
fr_amx_10rc,24.0,,,0.0,,0.7,63.0,63.04,0.0,0.0,2.43,1.67,0.0,,,,,,AMX-10RC
fr_arl_44_acl1,24.0,,,0.0,,0.0,77.0,,,0.0,,1.87,0.0,,,,,,ARL-44_(ACL-1)
fr_somua_s35,24.0,,,0.0,,3.0,22.0,,,0.0,,1.0,0.0,,,,,,S.35
cn_ztz_96a_prot,24.0,,,0.0,,1.0,319.0,55.41,0.0,0.0,2.83,1.68,5.0,100.0,0.0,0.0,1.67,1.0,ZTZ96A_(P)
ussr_t_34_85_zis_53_kit_3rank,23.0,100.0,0.0,0.0,5.75,5.75,121.0,26.88,0.0,0.0,1.62,1.56,0.0,,,,,,Т-34-85_('45)
uk_t_90s_bheeshma,23.0,100.0,0.0,0.0,4.25,4.25,163.0,84.29,0.0,0.0,5.6,2.77,0.0,,,,,,Bhishma_TWMP
su_22um3k,23.0,79.17,0.8,0.34,3.93,2.8,8.0,50.0,0.0,0.0,2.5,2.5,0.0,,,,,,◊Su-22UM3K
jp_type_98_ke_ni,23.0,100.0,0.0,0.0,4.38,8.2,30.0,50.0,0.0,0.0,1.06,3.58,0.0,,,,,,Ke-Ni
germ_pzkpfw_III_ausf_J,23.0,,,,,,23.0,,,0.0,,2.65,0.0,,,,,,Pz.III_J1
bf-109e-4,23.0,,,,,,13.0,,,,,,0.0,,,,,,Bf_109_E-4
su_25,23.0,100.0,1.41,1.06,1.41,1.03,246.0,43.41,0.78,0.94,1.33,1.62,11.0,,,0.0,,0.0,Su-25
il_centurion_shot_kal_gimel,23.0,100.0,0.0,0.0,2.95,2.95,98.0,69.02,0.0,0.0,2.14,2.04,0.0,,,,,,Sho't_Kal_Gimel
ki_61_1a_hei,23.0,0.0,2.0,1.78,0.0,0.0,33.0,50.0,1.31,2.62,0.23,0.46,0.0,,,,,,Ki-61-I_hei
saab_a21rb,23.0,,,1.0,,0.5,50.0,57.29,0.93,0.88,0.25,0.5,0.0,,,,,,A21RB
f-82e,23.0,100.0,1.06,1.25,0.0,0.0,72.0,86.54,0.96,0.69,0.87,0.85,0.0,,,,,,F-82E
sw_strv_104,23.0,,,0.0,,1.0,339.0,51.97,0.0,0.0,2.12,1.66,0.0,,,,,,Strv_104
germ_pzsfl_IVa_dickermax,23.0,40.0,0.0,0.0,1.0,1.7,5.0,,,,,,0.0,,,,,,Dicker_Max
ussr_zsu_23_4m2,23.0,81.25,0.88,1.13,0.06,0.13,88.0,19.46,0.94,1.21,0.1,0.16,0.0,,,,,,ЗСУ-23-4М2
jp_st_a2,23.0,67.39,0.0,0.0,2.07,3.09,80.0,95.0,0.0,0.0,5.34,2.82,0.0,,,,,,ST-A2
ussr_object_775,23.0,,,,,,398.0,56.07,0.0,0.0,2.66,1.8,0.0,,,,,,Object_775
sw_strv_101,23.0,100.0,0.0,0.0,1.53,1.0,297.0,40.5,0.0,0.0,1.56,1.32,0.0,,,,,,Strv_101
it_of_40_mk_1,23.0,0.0,0.0,0.0,1.0,1.0,177.0,75.81,0.0,0.0,4.05,2.86,0.0,,,,,,OF-40
f-4jk,23.0,60.0,1.2,1.17,0.0,0.0,50.0,5.13,1.0,0.78,0.05,0.05,0.0,,,,,,F-4J(UK)_Phantom_II
spitfire_mk5b_notrop,23.0,100.0,2.14,2.14,0.0,0.0,0.0,,,,,,8.0,,,2.0,,0.0,Spitfire_Mk_Vb
fr_amx_40,23.0,56.52,0.0,0.0,1.35,1.52,293.0,56.47,0.0,0.0,2.11,1.39,0.0,,,,,,AMX-40
mig_21_bis_finland,23.0,50.0,0.5,1.0,0.0,0.0,31.0,100.0,3.7,,0.0,,0.0,,,,,,MiG-21bis
cn_type_63_I,23.0,100.0,0.0,0.0,2.0,2.0,103.0,43.33,0.0,0.0,0.97,0.46,0.0,,,,,,Type_63-I
germ_pzkpfw_35t,23.0,100.0,0.0,0.0,4.94,5.0,17.0,,,0.0,,1.0,0.0,,,,,,Pz.35(t)
su_33,23.0,,,0.0,,0.0,391.0,44.64,1.09,0.85,0.01,0.01,22.0,100.0,2.0,1.0,0.0,0.0,Су-33
saab_ajs37,23.0,,,0.0,,0.0,62.0,100.0,0.79,0.72,4.14,3.53,0.0,,,,,,AJS37
saab_ja37,23.0,50.0,0.0,0.0,0.0,0.0,373.0,56.13,1.68,1.76,0.0,0.0,14.0,,,0.86,,0.0,JA37C
saab_j35d,23.0,,,0.0,,0.0,48.0,51.22,1.23,2.23,0.43,0.82,0.0,,,,,,J35D
pe-2-110,22.0,,,0.0,,2.41,0.0,,,,,,0.0,,,,,,Pe-2-110
a6m2_mod11,22.0,,,,,,27.0,93.75,0.7,0.86,0.89,1.05,0.0,,,,,,A6M2_mod._11
ussr_kv_122,22.0,100.0,0.0,0.0,1.6,2.0,48.0,42.86,0.0,0.0,3.79,3.23,0.0,,,,,,KV-122
a6m2_zero,22.0,100.0,2.32,2.32,0.0,0.0,3.0,,,1.0,,1.0,8.0,,,,,,A6M2
sm_79_1943_italy,22.0,100.0,0.0,0.0,1.0,1.0,0.0,,,,,,0.0,,,,,,S.M.79_bis/T.M
ju-87d-3_italy,22.0,,,,,,0.0,,,,,,0.0,,,,,,Ju_87_D-3
ussr_t_72m2_moderna,22.0,50.0,0.0,0.0,1.5,3.0,360.0,55.18,0.0,0.0,2.46,2.26,0.0,,,,,,T-72M2_Moderna
il_magach_6b_gal_batash,22.0,50.0,0.0,0.0,2.5,1.88,59.0,64.29,0.0,0.0,3.5,2.04,0.0,,,,,,Gal_Batash
er-2_m105r_lu2b,22.0,,,0.0,,1.78,0.0,,,,,,0.0,,,,,,Yer-2_(M-105R)_LU
a6m5hei,22.0,,,1.0,,0.0,0.0,,,,,,0.0,,,,,,A6M5_Hei
cn_m55,22.0,0.0,0.0,0.0,1.33,1.33,11.0,,,,,,0.0,,,,,,M55_(China)
us_m1a1_hc_abrams,22.0,100.0,0.0,0.0,5.2,5.2,622.0,60.22,0.0,0.0,2.58,2.23,0.0,,,,,,M1A1_HC
av_8b_plus,22.0,0.0,1.0,1.0,0.0,0.0,27.0,50.0,0.83,0.31,0.8,0.91,13.0,,,1.0,,0.0,AV-8B_Plus
jp_type_16_mod,22.0,50.0,0.0,0.0,0.5,0.35,441.0,59.88,0.0,0.0,2.2,1.6,0.0,,,,,,Type_16_(FPS)
germ_leopard_2a4,22.0,,,0.0,,0.55,1358.0,46.16,0.0,0.0,1.59,1.3,21.0,50.0,0.0,0.0,0.68,1.11,Leopard_2A4
tornado_f3,22.0,100.0,0.8,0.8,0.0,0.0,24.0,,,,,,27.0,,,1.0,,0.0,Tornado_F.3
f-84b,21.0,100.0,4.4,2.18,16.8,8.43,16.0,50.0,0.5,0.5,1.33,1.2,3.0,,,,,,F-84B-26
f_16a_block_20_mlu,21.0,50.0,6.0,6.0,1.0,1.0,8.0,50.0,1.56,3.13,1.0,2.0,0.0,,,,,,F-16A_MLU_(China)
beaufighter_mk21,21.0,100.0,0.44,0.57,5.5,5.81,21.0,,,0.0,,1.0,0.0,,,,,,Beaufighter_Mk_21
jp_sub_i_ii_20mm,21.0,100.0,2.0,2.0,3.46,5.0,878.0,76.95,0.32,0.28,1.13,0.94,0.0,,,,,,SUB-I-II
su-2_mv5,21.0,100.0,1.05,0.95,3.37,3.33,26.0,,,,,,0.0,,,,,,Su-2_MV-5
tandem_mai,21.0,100.0,1.0,1.0,3.05,3.6,0.0,,,,,,0.0,,,,,,Tandem_MAI
cn_m8_greyhound,21.0,100.0,0.0,,1.67,,71.0,83.33,0.0,0.0,5.61,2.98,0.0,,,,,,M8_LAC_(China)
il_merkava_mk_1,21.0,50.0,0.0,0.0,3.93,2.64,141.0,47.92,0.0,0.0,2.92,2.28,0.0,,,,,,Merkava_Mk.1
us_m4a3e2_sherman_jumbo_cobra_king,21.0,,,0.0,,3.67,204.0,59.86,0.0,0.0,3.01,3.11,0.0,,,,,,Cobra_King
yak-3p,21.0,100.0,5.74,5.48,0.0,0.0,174.0,68.1,5.45,7.38,2.93,4.05,38.0,100.0,2.0,1.58,0.0,0.0,Yak-3P
us_xm_975_roland,21.0,0.0,2.0,2.0,0.0,0.0,59.0,82.69,0.23,0.18,0.0,0.0,0.0,,,,,,XM975
gladiator_j8a,21.0,,,1.0,,0.0,0.0,,,,,,0.0,,,,,,J8A
cn_type_69_2g,21.0,,,0.0,,1.0,64.0,85.0,0.0,0.0,5.2,2.29,0.0,,,,,,T-69_II_G
uk_a_22b_mk_3_churchill_1942,21.0,,,0.0,,1.35,43.0,50.0,0.0,0.0,1.65,1.65,0.0,,,,,,Churchill_III
cn_t_62,21.0,,,,,,22.0,,,,,,0.0,,,,,,Т-62_№545
it_zsu_57_2,21.0,50.0,0.0,0.0,1.5,0.75,82.0,68.59,0.03,0.03,3.37,2.28,0.0,,,,,,◔ZSU-57-2
mig_3_series_34,21.0,100.0,2.86,3.0,1.0,0.29,0.0,,,,,,0.0,,,,,,MiG-3-34
ussr_btr_152d,21.0,50.0,1.0,2.0,0.0,0.0,246.0,14.32,0.45,0.29,0.04,0.02,0.0,,,,,,BTR-152D
fr_leopard_2a5nl,21.0,70.0,0.0,0.0,1.0,1.0,26.0,100.0,0.0,0.0,6.42,3.06,0.0,,,,,,Leopard_2A5NL
cn_pgz_88,21.0,,,,,,231.0,63.36,0.66,0.49,2.32,1.69,0.0,,,,,,PGZ88
sw_strv_81,21.0,100.0,0.0,0.0,1.0,1.0,236.0,45.73,0.0,0.0,0.93,1.09,0.0,,,,,,Strv_81
su-2_m82,20.0,100.0,2.56,2.92,4.06,4.08,0.0,,,,,,0.0,,,,,,Su-2_(M-82)
j1n1_mod11_early,20.0,100.0,1.63,1.67,2.0,2.0,10.0,100.0,0.0,0.0,0.0,0.0,0.0,,,,,,J1N1
germ_panzerjager_1,20.0,100.0,0.0,0.0,4.63,4.0,26.0,,,0.0,,1.0,0.0,,,,,,Panzerjäger_I
l_39za,20.0,,,1.54,,2.54,21.0,100.0,0.0,0.0,1.75,0.84,1.0,,,0.0,,0.0,L-39ZA_Albatros
bf-109f-4_hungary,20.0,,,5.35,,0.0,25.0,50.0,0.5,1.33,1.0,2.0,0.0,,,,,,◐Bf_109_F-4
germ_boxer_3105,20.0,90.0,0.0,0.0,2.8,2.8,77.0,14.29,0.0,0.0,2.05,1.65,0.0,,,,,,Boxer_MGS
he_112v_5,20.0,,,2.55,,0.0,0.0,,,,,,0.0,,,,,,He_112_V-5
he51b1,20.0,,,2.67,,0.0,0.0,,,,,,0.0,,,,,,He_51_B-1
cn_type_64,20.0,,,0.0,,2.05,72.0,55.8,0.0,0.0,4.19,3.92,0.0,,,,,,M64
yak-17,20.0,,,1.73,,0.0,18.0,,,,,,0.0,,,,,,Yak-17
us_m5a1_stuart,20.0,59.09,0.0,0.0,1.86,3.36,95.0,60.75,0.0,0.0,2.48,2.01,0.0,,,,,,M5A1
saab_j21a_1,20.0,,,1.0,,0.0,38.0,,,1.0,,0.4,0.0,,,,,,J21A-1
il_magach_6b,20.0,,,0.0,,1.18,20.0,51.52,0.0,0.0,2.77,4.21,0.0,,,,,,Magach_6B
us_m24_chaffee,20.0,100.0,0.0,0.0,2.83,4.71,461.0,69.03,0.0,0.0,3.42,2.11,0.0,,,,,,M24
f-4k,20.0,,,0.8,,0.0,0.0,,,,,,0.0,,,,,,Phantom_FG.1
p-38l,20.0,50.0,0.5,0.62,0.0,0.0,9.0,100.0,2.0,2.0,0.0,0.0,0.0,,,,,,P-38L-5-LO
sw_ikv_73,19.0,100.0,0.0,0.0,5.0,4.5,0.0,,,,,,0.0,,,,,,Ikv_73
il_2_37_1943,19.0,,,1.0,,1.0,0.0,,,,,,0.0,,,,,,IL-2-37
sw_leopard_2a6nl,19.0,100.0,0.0,,2.0,,66.0,50.0,0.0,0.0,2.56,2.73,0.0,,,,,,Leopard_2A6
it_m14_41_47_40,19.0,,,0.0,,1.89,0.0,,,,,,0.0,,,,,,M14/41_(47/40)
bf-109g-2,19.0,50.0,2.79,3.94,0.79,1.0,36.0,100.0,2.0,1.33,0.0,1.0,0.0,,,,,,Bf_109_G-2/trop
fw-190a-5_cannons,19.0,50.0,1.29,1.0,0.79,0.66,20.0,,,1.0,,0.2,0.0,,,,,,Fw_190_A-5
mosquito_j30_sweden,19.0,,,1.21,,0.0,38.0,50.0,1.0,0.63,1.5,1.0,0.0,,,,,,Mosquito_J30
ussr_su_122,19.0,100.0,0.0,0.0,1.74,1.74,72.0,8.93,0.0,0.0,1.61,1.01,0.0,,,,,,SU-122
mig-19pt,19.0,66.67,0.79,1.2,0.0,0.0,76.0,81.48,3.91,3.69,0.2,0.49,0.0,,,,,,MiG-19PT
f2a-3,19.0,,,1.0,,0.0,0.0,,,,,,0.0,,,,,,F2A-3
a7m1,19.0,,,1.32,,0.0,109.0,73.15,2.42,2.83,1.44,1.79,0.0,,,,,,A7M1_(NK9H)
p-63a-5,19.0,,,1.0,,0.0,26.0,,,0.68,,0.28,0.0,,,,,,P-63A-5
ussr_zsu_23_4,19.0,0.0,1.0,1.0,0.0,0.0,144.0,8.06,1.3,1.42,0.12,0.14,0.0,,,,,,ZSU-23-4
ussr_gaz_mm_72k,19.0,100.0,0.0,0.0,1.26,1.26,0.0,,,,,,0.0,,,,,,GAZ-MM_(72-K)
mig-21_smt,19.0,,,0.95,,0.0,189.0,74.17,3.82,5.45,0.41,0.59,2.0,,,,,,MiG-21SMT
sw_bt_42,19.0,50.0,0.0,0.0,0.05,0.11,39.0,50.0,0.0,0.0,1.88,1.61,0.0,,,,,,BT-42
ussr_t_50,19.0,,,0.0,,1.26,23.0,36.66,0.0,0.0,0.82,0.94,0.0,,,,,,T-50
mc200_serie7_italy,19.0,,,2.26,,0.0,0.0,,,,,,0.0,,,,,,C._200_serie_7
f-86f-25,19.0,,,0.5,,0.0,55.0,50.0,1.17,1.12,0.83,1.25,0.0,,,,,,F-86F-25
sw_strv_m40l,19.0,,,,,,0.0,,,,,,0.0,,,,,,Strv_m/40L
us_m8a1,18.0,100.0,0.0,0.0,9.0,9.0,8.0,,,0.0,,3.0,0.0,,,,,,M8A1_GMC
germ_pzkpfw_38t_ausf_F,18.0,,,,,,0.0,,,,,,0.0,,,,,,Pz.38(t)_F
jp_type_4_ho_ro,18.0,,,,,,17.0,,,0.0,,0.29,0.0,,,,,,Ho-Ro
jp_type_94,18.0,,,,,,19.0,,,,,,0.0,,,,,,Type_94
spitfire_mk1,18.0,,,4.0,,0.0,0.0,,,,,,0.0,,,,,,Spitfire_Mk_Ia
uk_a_22_mk_1_churchill_1941,18.0,100.0,1.0,1.0,1.0,1.0,0.0,,,,,,0.0,,,,,,Churchill_I
uk_a_13_mk2_1939,18.0,100.0,0.0,0.0,11.0,11.0,0.0,,,,,,0.0,,,,,,A13_Mk_II_1939
sw_strf_9056,18.0,,,0.0,,1.0,156.0,23.98,0.26,0.17,1.37,0.94,0.0,,,,,,Strf_9040_BILL
yak-3u,18.0,16.67,1.44,1.96,0.0,0.0,117.0,96.54,4.87,6.23,1.15,1.38,0.0,,,,,,Yak-3U
uk_centurion_mk_10,18.0,50.0,0.0,0.0,2.44,2.44,171.0,28.92,0.0,0.0,1.46,1.23,0.0,,,,,,Centurion_Mk_10
us_xm_8,18.0,100.0,0.0,0.0,3.0,2.83,53.0,100.0,0.0,0.0,4.59,2.3,0.0,,,,,,XM8
ussr_zis_30,18.0,,,,,,18.0,0.0,0.0,0.0,3.75,2.44,0.0,,,,,,ZiS-30
uk_a30_sp_avenger_kit_3rank,18.0,,,0.0,,1.75,131.0,100.0,0.0,0.0,4.53,2.35,0.0,,,,,,Avenger_(Overlord)
f_16c_block_52_aesa,18.0,50.0,2.5,2.67,0.5,0.87,976.0,60.75,0.86,0.97,0.82,0.93,121.0,40.93,0.63,0.6,0.69,0.73,F-16CM_PoBIT
p-38l_1_china_rocaf,18.0,,,1.22,,0.0,79.0,83.33,3.47,2.83,0.16,1.0,0.0,,,,,,P-38L-1_(China)
sb_2m_105,18.0,,,0.0,,2.17,0.0,,,,,,0.0,,,,,,SB_2M-105
sw_bmp_2md,18.0,,,0.0,,1.0,46.0,34.78,0.0,0.0,1.19,1.57,0.0,,,,,,BMP-2MD
fr_amx_30_b2,18.0,100.0,0.0,0.0,1.75,1.75,199.0,69.46,0.0,0.0,2.72,1.65,3.0,,,,,,AMX-30B2
il_2_1941,18.0,100.0,1.22,1.22,0.83,0.83,29.0,0.0,0.0,0.76,1.0,1.76,0.0,,,,,,IL-2_(1941)
ussr_buk_m3_fcs,18.0,,,,,,99.0,70.97,1.31,0.53,0.0,0.0,0.0,,,,,,"9К317М_""БУК-М3""_(СОЦ)"
i-16_type28,17.0,,,4.0,,1.0,0.0,,,,,,0.0,,,,,,I-16_type_28
uk_9a35_m,17.0,0.0,3.82,,2.82,,14.0,,,,,,0.0,,,,,,Стрела-10М
germ_panzerjager_tiger_P_elefant,17.0,100.0,0.0,0.0,8.18,8.18,5.0,,,0.0,,2.0,0.0,,,,,,Elefant
cr_32,17.0,,,2.0,,2.0,0.0,,,,,,0.0,,,,,,CR.32
it_c1_ariete,17.0,100.0,0.0,0.0,3.0,3.0,79.0,50.0,0.0,0.0,2.9,1.63,0.0,,,,,,Ariete
i_180,17.0,,,3.24,,0.0,7.0,,,0.0,,1.0,0.0,,,,,,I-180S
sw_strv_m31,17.0,100.0,0.0,0.0,1.46,3.75,8.0,50.0,0.0,0.0,1.0,2.0,0.0,,,,,,Strv_m/31
fokker_d23,17.0,,,2.24,,0.0,0.0,,,,,,0.0,,,,,,◗Fokker_D.XXIII
p-40f-5_france_ep,17.0,,,2.06,,0.53,0.0,,,,,,0.0,,,,,,P-40F-5_Lafayette
he_100d_1,17.0,,,,,,0.0,,,,,,0.0,,,,,,He_100_D-1
uk_m3_stuart,17.0,,,0.0,,2.0,4.0,,,0.0,,0.0,0.0,,,,,,Stuart_I
it_c1_ariete_pso,17.0,,,,,,144.0,54.84,0.0,0.0,2.52,1.82,0.0,,,,,,Ariete_PSO
ussr_t_44_122,17.0,,,0.0,,3.0,118.0,50.0,0.0,0.0,1.9,2.17,0.0,,,,,,T-44-122
sw_leopard_1a5no,17.0,100.0,0.0,0.0,2.77,2.77,470.0,43.59,0.0,0.0,1.64,1.25,0.0,,,,,,Leopard_1A5NO2
bf-109b_2,17.0,,,2.06,,0.0,0.0,,,,,,0.0,,,,,,Bf_109_B-1
it_otobreda_sidam_25_mistral,17.0,,,,,,3.0,,,,,,0.0,,,,,,SIDAM_25_(Mistral)
fr_amd_35_kwk39,17.0,,,0.0,,1.0,45.0,100.0,0.0,0.0,5.0,3.02,0.0,,,,,,AMD.35_(PaK)
p-63c-5,17.0,,,0.45,,2.45,35.0,50.0,0.92,0.41,0.32,1.27,0.0,,,,,,P-63C-5
il_centurion_shot_kal_alef,17.0,,,,,,59.0,62.67,0.0,0.0,1.3,1.11,0.0,,,,,,Sho't_Kal_Alef
mig-21_bis_lazur,17.0,50.0,1.5,1.15,0.5,0.15,547.0,49.69,1.2,1.45,0.52,0.66,8.0,,,5.0,,0.0,"◊MiG-21_""Lazur-M"""
ms_410c1,17.0,,,,,,0.0,,,,,,0.0,,,,,,M.S.410
uk_crusader_mk_2_the_saint,17.0,,,,,,7.0,,,0.0,,2.0,0.0,,,,,,"Crusader_""The_Saint"""
it_freccia,17.0,100.0,0.0,0.0,1.0,1.0,83.0,76.09,0.0,0.0,1.32,1.27,17.0,,,0.0,,1.0,Freccia
us_skink_aa,17.0,,,,,,373.0,50.05,1.17,1.82,0.0,0.0,0.0,,,,,,Skink
fw-190a-5,17.0,,,2.0,,0.0,6.0,,,,,,0.0,,,,,,Fw_190_A-5/U12
mosquito_fb_mk6_norway,17.0,50.0,1.0,1.44,0.0,0.0,28.0,53.92,0.26,0.47,2.55,4.32,0.0,,,,,,◢Mosquito_FB.Mk.VI
fr_amx_30_b2_brenus,17.0,,,0.0,,1.4,234.0,61.41,0.0,0.0,2.21,1.57,0.0,,,,,,AMX-30B2_BRENUS
fr_crusader_mk_2,17.0,50.0,0.0,0.0,1.0,1.47,9.0,,,0.0,,0.63,0.0,,,,,,Crusader_Mk.II
n1k1_ja,17.0,,,,,,0.0,,,,,,0.0,,,,,,N1K1-Ja
p-47d_30_italy,17.0,0.0,1.0,1.0,1.0,0.53,86.0,67.74,0.24,0.2,1.2,1.04,28.0,50.0,0.5,1.0,0.5,1.0,P-47D-30
us_t54e1,17.0,,,0.0,,1.59,19.0,50.0,0.0,0.0,0.71,1.42,0.0,,,,,,T54E1
uk_g6_spg,17.0,,,0.0,,1.0,54.0,50.0,0.0,0.0,0.5,0.5,0.0,,,,,,G6
jp_type_5_na_to,17.0,50.0,0.0,0.0,0.5,0.95,56.0,100.0,0.0,0.0,7.0,2.27,0.0,,,,,,Na-To
sm_79_1941_italy,17.0,100.0,0.0,0.0,1.0,1.0,0.0,,,,,,0.0,,,,,,S.M.79_AS
ussr_btr_80a,17.0,,,,,,472.0,48.46,0.0,0.0,1.59,1.15,0.0,,,,,,BTR-80A
l_39za_art_thailand,17.0,,,2.0,,0.06,1226.0,81.29,0.27,0.35,4.48,5.65,0.0,,,,,,L-39ZA/ART_Albatros
fr_char_2c_bis,16.0,66.67,0.0,,1.67,,0.0,,,,,,0.0,,,,,,2C_bis
ussr_kv_2_1939,16.0,100.0,0.0,0.0,4.33,3.5,35.0,75.0,0.0,0.0,2.38,2.77,0.0,,,,,,KV-2_(1939)
it_as_42_47,16.0,100.0,0.0,0.0,3.0,2.75,0.0,,,,,,0.0,,,,,,AS_42/47
jp_type_2_ho_ni_2,16.0,,,0.0,,1.75,16.0,100.0,0.0,0.0,1.0,1.0,0.0,,,,,,Ho-Ni_II
jp_type_93,16.0,100.0,1.42,1.0,1.0,0.0,222.0,47.49,1.22,1.15,0.0,0.0,0.0,,,,,,Type_93
f-84g_thailand,16.0,,,,,,37.0,100.0,0.0,0.0,1.33,1.33,0.0,,,,,,F-84G-21-RE
us_m551_76,16.0,,,0.0,,1.0,270.0,57.43,0.0,0.0,3.58,1.64,0.0,,,,,,M551(76)
pe-8_m82,16.0,,,0.0,,1.4,13.0,,,,,,0.0,,,,,,Pe-8
ussr_t_34_1941_l_11,16.0,,,0.0,,3.0,149.0,23.12,0.0,0.0,3.23,1.38,0.0,,,,,,T-34_(1940)
it_pzkpfw_IV_ausf_G,16.0,100.0,0.0,0.0,2.36,2.36,15.0,,,0.0,,1.88,0.0,,,,,,Pz.IV_G
uk_a39_tortoise,16.0,0.0,0.0,0.0,1.0,1.0,3.0,,,,,,0.0,,,,,,Tortoise
b_24d,16.0,50.0,0.0,0.0,1.0,1.0,0.0,,,,,,0.0,,,,,,B-24D-25-CO
me-410b-1_u2,16.0,83.33,0.83,0.58,0.89,0.88,0.0,,,,,,0.0,,,,,,Me_410_B-1/U2
us_t26e5,16.0,100.0,0.0,,2.0,,1103.0,65.17,0.0,0.0,4.25,3.48,0.0,,,,,,T26E5
il_magach_6_rocket,16.0,33.33,0.0,0.0,1.92,1.39,96.0,77.56,0.0,0.0,6.05,2.87,0.0,,,,,,Magach_Hydra
uk_t17e2,16.0,,,,,,17.0,,,,,,0.0,,,,,,Staghound_AA
mb_157,16.0,3.33,1.17,1.17,0.0,0.0,128.0,76.89,2.54,6.95,0.33,0.91,0.0,,,,,,M.B.157
f9f-8,16.0,,,0.9,,0.0,236.0,53.55,0.77,0.64,0.52,0.49,0.0,,,,,,F9F-8
re_2000_ga,16.0,,,1.0,,0.0,0.0,,,,,,0.0,,,,,,Re.2000_G.A.
yak-9p_hungary,16.0,,,1.0,,0.0,0.0,,,,,,0.0,,,,,,◔Yak-9P
vb_10c1,16.0,3.33,1.37,1.37,0.0,0.0,35.0,100.0,1.16,,0.0,,0.0,,,,,,VB.10C-1
cn_is_2_1944,16.0,,,0.0,,1.0,29.0,,,,,,0.0,,,,,,IS-2_(1944)_(China)
saab_t18b_2,16.0,,,0.0,,0.44,0.0,,,,,,0.0,,,,,,T18B_(57)
jp_type_60_sprg,16.0,100.0,0.0,0.0,0.36,0.36,545.0,65.59,0.0,0.0,1.68,1.84,0.0,,,,,,Type_60_SPRG_(C)
uk_eland_90_mk_7,16.0,,,,,,199.0,38.76,0.0,0.0,1.06,1.2,0.0,,,,,,Eland_90_Mk.7
p_108a_serie2,16.0,,,0.0,,0.0,0.0,,,,,,0.0,,,,,,P.108A_serie_2
ki_100_2,16.0,,,0.38,,0.0,100.0,61.19,0.59,0.63,2.55,2.55,0.0,,,,,,Ki-100-II
sw_landsverk_ush_204_gk,16.0,,,,,,185.0,17.74,0.86,0.78,0.17,0.13,0.0,,,,,,U-SH_204_GK
pe-3,15.0,100.0,0.08,0.08,4.25,4.25,0.0,,,,,,0.0,,,,,,Pe-3
it_semovente_m43_105_leoncello,15.0,100.0,0.0,0.0,2.42,2.4,0.0,,,,,,0.0,,,,,,"M43_""G.C.Leoncello"""
lagg-3-23,15.0,100.0,2.0,2.0,1.0,1.0,13.0,,,1.0,,0.0,0.0,,,,,,LaGG-3-23
tu-2_postwar,15.0,,,0.0,,1.6,19.0,,,,,,0.0,,,,,,Tu-2S-44
cn_wz_305,15.0,,,3.0,,1.0,275.0,62.39,0.55,0.45,1.65,1.31,8.0,,,0.0,,2.0,WZ305
jp_type_97_chi_ha_12cm,15.0,,,,,,11.0,100.0,0.0,0.0,2.67,2.67,0.0,,,,,,Chi-Ha_Short_Gun
germ_marder_df_105,15.0,,,,,,307.0,35.44,0.0,0.0,1.36,1.2,72.0,73.66,0.0,0.0,3.05,3.72,DF105
germ_9a35_m,15.0,0.0,2.0,2.0,0.0,0.0,34.0,0.0,1.0,0.79,0.0,0.0,0.0,,,,,,Стрела-10М
il_magach_7c,15.0,50.0,0.0,0.0,2.0,2.25,46.0,100.0,0.0,0.0,4.38,3.96,0.0,,,,,,Magach_7C
b_239_finland,15.0,50.0,1.0,1.1,0.0,0.0,27.0,87.5,1.75,1.75,1.75,1.75,0.0,,,,,,B-239
f-105d,15.0,,,,,,80.0,36.23,0.67,0.53,0.0,0.0,35.0,,,,,,F-105D
ki_84_ko,15.0,,,1.47,,0.0,24.0,,,1.83,,1.0,0.0,,,,,,Ki-84_ko
it_44m_zrinyi_1,15.0,100.0,0.0,,2.0,,26.0,100.0,0.0,0.0,2.0,1.28,0.0,,,,,,Zrinyi_I
f8f1b,15.0,,,1.5,,0.0,868.0,80.47,0.61,0.59,2.14,2.06,0.0,,,,,,F8F-1B
bf-109e-1,15.0,,,2.47,,0.0,81.0,28.67,1.12,1.44,0.7,0.87,1.0,,,,,,Bf_109_E-1
mig-21_bis,15.0,,,,,,4.0,,,1.0,,0.0,0.0,,,,,,MiG-21bis
f-100d,15.0,50.0,1.62,2.4,0.0,0.0,270.0,58.44,2.2,3.91,0.11,0.23,0.0,,,,,,F-100D
f9f-2,15.0,0.0,1.0,0.33,0.0,0.67,110.0,34.92,0.46,0.46,0.72,0.32,0.0,,,,,,F9F-2
yak-9ut,15.0,,,,,,366.0,70.0,0.89,0.91,2.82,2.83,45.0,85.0,0.22,0.27,1.33,1.63,Yak-9UT
p-51d-20-na_j26,15.0,50.0,0.5,1.0,0.0,0.29,31.0,,,1.04,,0.0,0.0,,,,,,J26
vb_10_02,15.0,0.0,1.0,1.0,0.07,0.07,30.0,,,1.0,,1.0,0.0,,,,,,VB.10-02
germ_flakpanzer_IV_Wirbelwind,15.0,100.0,1.0,1.0,0.0,0.0,371.0,37.24,1.45,1.26,0.27,0.23,0.0,,,,,,Wirbelwind
cn_cm_25,15.0,,,,,,52.0,50.0,0.0,0.0,0.0,0.0,0.0,,,,,,CM25
germ_marder_1a3,15.0,0.0,0.0,0.0,1.0,0.44,261.0,32.69,0.0,0.0,0.96,0.83,0.0,,,,,,Marder_1A3
p-40c_china,15.0,,,0.0,,0.0,13.0,,,0.0,,0.0,0.0,,,,,,H-81A-2
p-63c-5_france,15.0,3.33,0.97,1.0,0.0,0.0,47.0,100.0,0.66,0.66,1.96,1.96,0.0,,,,,,P-63C-5
sbd-3,15.0,0.0,0.0,0.0,0.0,0.0,0.0,,,,,,0.0,,,,,,SBD-3
h8k2,15.0,100.0,0.0,0.0,0.0,0.0,0.0,,,,,,0.0,,,,,,H8K2
germ_sdkfz_234_1,15.0,,,,,,114.0,55.56,0.0,0.0,2.05,2.4,0.0,,,,,,Sd.Kfz.234/1
germ_pzkpfw_e_100,14.0,100.0,0.0,0.0,6.0,6.0,25.0,100.0,0.0,0.0,7.72,7.72,0.0,,,,,,E-100
germ_vt_1_2,14.0,100.0,0.0,0.0,4.0,4.0,134.0,43.9,0.0,0.0,2.93,2.65,0.0,,,,,,VT1-2
lagg-3-34,14.0,50.0,1.5,3.0,0.0,0.0,0.0,,,,,,0.0,,,,,,LaGG-3-34
germ_leopard_2_pt14,14.0,,,0.0,,3.08,26.0,0.0,0.0,0.0,8.0,3.11,0.0,,,,,,PT-16/T14_mod.
meteor_fmk8_iaf,14.0,,,0.0,,2.0,12.0,0.0,0.0,0.0,0.0,0.0,0.0,,,,,,Meteor_F.8_(Israel)
cn_vt_5,14.0,100.0,0.0,0.0,2.43,2.43,299.0,55.44,0.0,0.0,1.49,1.3,0.0,,,,,,VT5
f4f-3,14.0,,,2.09,,0.0,18.0,,,1.0,,0.0,0.0,,,,,,F4F-3
p-36g,14.0,,,1.71,,0.0,0.0,,,,,,0.0,,,,,,P-36G
tu_95m,14.0,,,,,,50.0,40.0,0.52,0.63,0.0,0.0,22.0,,,0.69,,0.0,Ту-95М
p-40e,14.0,,,1.93,,0.0,11.0,0.0,2.0,2.0,1.0,1.0,0.0,,,,,,P-40E-1
it_2s1,14.0,,,,,,23.0,100.0,0.0,0.0,2.0,0.86,0.0,,,,,,◔2S1
p-38j,14.0,50.0,0.5,1.0,0.5,1.0,0.0,,,,,,0.0,,,,,,P-38J-15
us_m60,14.0,0.0,0.0,0.0,2.0,2.0,284.0,53.91,0.0,0.0,1.28,1.11,0.0,,,,,,M60
us_m55,14.0,0.0,0.0,0.0,1.0,1.0,0.0,,,,,,0.0,,,,,,M55
it_c13_t90,14.0,100.0,0.0,0.0,1.0,1.0,62.0,62.78,0.0,0.0,2.15,2.37,0.0,,,,,,C13_T90
it_43m_turan_3,14.0,100.0,0.0,0.0,2.88,2.71,94.0,51.52,0.0,0.0,3.55,3.35,0.0,,,,,,Turan_III
mig-19s,14.0,,,0.0,,0.0,0.0,,,,,,0.0,,,,,,◊MiG-19S
spitfire_ix,14.0,,,,,,11.0,50.0,0.63,1.25,0.13,0.25,44.0,0.0,5.5,2.16,0.0,0.0,Spitfire_LF_Mk_IX
us_t92,14.0,,,0.0,,0.5,352.0,52.87,0.0,0.0,1.58,1.01,0.0,,,,,,T92
b-17e_late,14.0,,,0.0,,0.0,0.0,,,,,,0.0,,,,,,B-17E/L
he-111h-16_winter,14.0,100.0,0.0,0.0,0.0,0.0,101.0,56.67,0.0,0.0,0.97,0.76,0.0,,,,,,He_111_H-16
f4f-4,14.0,,,1.0,,0.0,0.0,,,,,,0.0,,,,,,F4F-4
b5n2,13.0,100.0,0.0,0.0,7.2,7.08,11.0,,,,,,0.0,,,,,,B5N2
uk_sky_sabre_fcs,13.0,,,2.0,,0.0,233.0,56.69,1.54,1.99,0.0,0.0,0.0,,,,,,Sky_Sabre_(СОЦ)
germ_pzkpfw_IV_ausf_F,13.0,100.0,0.0,0.0,5.33,5.5,18.0,0.0,0.0,0.0,3.33,3.75,0.0,,,,,,Pz.IV_F1
uk_sp_17_pdr_valentine,13.0,50.0,0.5,1.0,0.5,1.0,0.0,,,,,,0.0,,,,,,Archer
mosquito_fb_mk26_china,13.0,,,1.0,,1.0,29.0,68.34,2.54,0.0,1.22,1.0,0.0,,,,,,Mosquito_FB.Mk.26
cn_type_69,13.0,,,0.0,,1.69,415.0,70.87,0.01,0.0,3.83,2.91,0.0,,,,,,Type_69
a_7k,13.0,100.0,0.0,0.0,1.15,1.15,0.0,,,,,,0.0,,,,,,A-7K
mig_29m_9_15,13.0,50.0,2.58,2.42,0.5,0.47,287.0,43.64,0.58,0.62,0.24,0.26,7.0,,,1.0,,1.0,МиГ-29М_(9-15)
us_halftrack_m15,13.0,,,0.0,,1.0,0.0,,,,,,0.0,,,,,,M15_CGMC
yak-30d,13.0,,,3.0,,0.0,0.0,,,,,,0.0,,,,,,Yak-30D
it_leopard_1a5,13.0,100.0,0.0,0.0,3.56,3.56,86.0,94.24,0.0,0.0,1.93,2.06,3.0,,,0.0,,1.0,Leopard_1A5
it_stug_III_ausf_G,13.0,100.0,0.0,0.0,1.0,1.0,41.0,100.0,0.0,0.0,2.0,1.78,0.0,,,,,,StuG_III_G
fa_18c_switzerland,13.0,,,1.0,,0.0,1731.0,53.39,1.05,1.2,0.14,0.15,116.0,,,1.01,,0.0,◌F/A-18C
ussr_asu_57,13.0,,,0.0,,1.0,249.0,53.17,0.0,0.0,2.01,0.72,0.0,,,,,,ASU-57
mosquito_fb_mk6_ash_norway,13.0,,,,,,0.0,,,,,,0.0,,,,,,◢Mosquito_FB.Mk.VI_ASH
sw_zsu_57_2,13.0,,,,,,252.0,31.37,0.0,0.0,1.2,1.14,0.0,,,,,,ZSU-57-2
tornado_ids_de_mfg,12.0,50.0,0.5,0.5,6.0,6.0,10.0,,,,,,0.0,,,,,,◄Tornado_IDS_MFG
tornado_ids_de_wtd61,12.0,50.0,0.5,0.5,7.5,7.5,177.0,48.27,0.87,1.06,1.07,1.31,7.0,,,0.0,,0.0,◄Tornado_IDS_WTD61
beaufighter_mkx,12.0,100.0,1.29,1.17,2.71,2.75,0.0,,,,,,0.0,,,,,,Beaufighter_Mk_X
il_merkava_mk_4_lic,12.0,0.0,0.0,0.0,3.0,3.0,160.0,62.86,0.0,0.0,2.37,2.28,0.0,,,,,,Merkava_Mk.4_LIC
uk_sarc_mk4_a,12.0,,,,,,0.0,,,,,,0.0,,,,,,SARC_MkIVa
uk_daimler_mk_2,12.0,,,0.0,,3.83,17.0,,,0.0,,0.71,0.0,,,,,,Daimler_Mk_II
it_m13_40_serie_1,12.0,,,,,,0.0,,,,,,0.0,,,,,,M13/40_(I)
douglas_ad_2,12.0,100.0,3.0,3.0,3.0,2.2,39.0,96.88,0.0,0.0,1.38,0.61,0.0,,,,,,AD-2
it_ab_41,12.0,100.0,0.0,,3.43,,2.0,,,,,,0.0,,,,,,AB_41
germ_stuh_III_ausf_G,12.0,,,,,,23.0,,,0.0,,3.88,0.0,,,,,,StuH_42_G
fa_18a_hug_2_raaf,12.0,25.0,1.75,1.75,0.0,0.0,18.0,50.0,0.5,0.5,0.0,0.0,26.0,,,0.0,,0.0,AF/A-18A_Late
jp_type_16,12.0,100.0,0.0,0.0,2.0,2.0,287.0,58.79,0.0,0.0,1.78,1.79,0.0,,,,,,Type_16
it_leopard_1a2,12.0,,,,,,117.0,43.46,0.0,0.0,1.24,1.1,0.0,,,,,,Leopard_1A2
uk_fv221_caernarvon,12.0,,,0.0,,1.0,123.0,36.75,0.0,0.0,2.3,1.78,0.0,,,,,,Caernarvon
fr_leopard_2a6nl,12.0,,,,,,14.0,,,,,,0.0,,,,,,Leopard_2A6NL
uk_crusader_mk_2,12.0,,,0.0,,4.25,13.0,,,,,,0.0,,,,,,Crusader_II
ussr_t_72b3_arena,12.0,,,0.0,,1.0,815.0,42.69,0.0,0.0,1.82,1.32,12.0,100.0,0.0,0.0,2.58,2.58,"Т-72Б3_""Арена"""
a-26b_10,12.0,,,0.0,,3.08,0.0,,,,,,0.0,,,,,,A-26B-10
p-51c-10-nt,12.0,,,,,,50.0,23.12,1.35,1.58,0.29,0.47,0.0,,,,,,P-51C-10
fr_amx_32_105,12.0,100.0,0.0,0.0,1.92,1.92,425.0,54.62,0.0,0.0,2.35,1.82,0.0,,,,,,AMX-32_(105)
mig_23m,12.0,,,0.5,,0.0,0.0,,,,,,31.0,,,1.07,,0.0,MiG-23M
il-10_1946_china,12.0,,,1.0,,0.0,26.0,50.0,0.0,0.0,1.0,5.46,0.0,,,,,,IL-10_(1946)_(China)
su_27,12.0,,,1.0,,0.0,115.0,33.42,2.48,2.22,0.02,0.02,0.0,,,,,,Su-27
sw_strv_m42_delat_torn,12.0,100.0,0.0,0.0,1.0,1.0,112.0,46.55,0.0,0.0,2.01,1.54,0.0,,,,,,Strv_m/42_DT
yak-38,12.0,,,,,,21.0,,,0.0,,0.0,0.0,,,,,,Yak-38
spitfire_f24,11.0,100.0,3.3,3.3,4.7,4.7,48.0,80.44,3.04,10.15,1.2,2.08,0.0,,,,,,Spitfire_F_Mk_24
ki_43_2,11.0,,,,,,0.0,,,,,,0.0,,,,,,Ki-43-II
ussr_isu_152,11.0,100.0,0.0,0.0,3.0,3.0,68.0,,,0.0,,1.24,0.0,,,,,,ISU-152
il_merkava_mk_3b,11.0,,,,,,296.0,62.17,0.0,0.0,1.41,1.31,0.0,,,,,,Merkava_Mk.3B
il_merkava_mk_3c,11.0,,,0.0,,3.0,423.0,61.82,0.02,0.02,2.05,1.64,0.0,,,,,,Merkava_Mk.3C
us_lvt_a1_m24,11.0,,,,,,8.0,,,0.0,,3.0,0.0,,,,,,LVT(A)(1)_(M24)
us_t34,11.0,100.0,0.0,0.0,5.0,5.0,718.0,60.33,0.0,0.0,3.01,1.86,0.0,,,,,,T34
cn_m10,11.0,100.0,0.0,0.0,5.0,5.25,36.0,100.0,0.0,0.0,2.0,1.25,0.0,,,,,,M10_GMC_(China)
cn_type_62,11.0,,,0.0,,1.82,196.0,55.27,0.0,0.0,1.27,0.82,0.0,,,,,,Type_62
il-2i,11.0,,,2.0,,2.82,12.0,50.0,0.0,0.0,1.5,3.0,9.0,,,,,,IL-2_(1942)
jp_type_75,11.0,,,,,,322.0,59.79,0.73,0.62,3.74,3.04,0.0,,,,,,Type_75_SPH
uk_challenger_mk_3,11.0,100.0,0.0,0.0,3.25,3.25,175.0,64.65,0.0,0.0,2.77,2.94,0.0,,,,,,Challenger_Mk.3
ussr_su_85_1943,11.0,100.0,0.0,,3.43,,43.0,0.0,0.0,0.0,3.33,2.97,0.0,,,,,,SU-85
mig-21_f13,11.0,,,1.0,,0.0,28.0,50.0,1.5,1.62,0.0,0.0,0.0,,,,,,MiG-21F-13
us_m109a1,11.0,,,0.0,,1.0,125.0,100.0,0.0,0.0,3.0,0.85,0.0,,,,,,M109A1
ussr_9a33bm3,11.0,,,,,,45.0,,,0.88,,0.0,0.0,,,,,,Оса-АКМ
us_m50_ontos,11.0,,,0.0,,1.64,197.0,47.69,0.0,0.0,3.02,1.58,0.0,,,,,,M50
ussr_zsu_37_2,11.0,50.0,0.5,1.0,0.0,0.0,242.0,44.07,0.48,0.79,0.33,0.55,0.0,,,,,,ZSU-37-2
ussr_object_685,11.0,,,0.0,,0.0,515.0,51.15,0.0,0.0,1.6,1.6,0.0,,,,,,Object_685
us_m42_duster,11.0,,,,,,452.0,52.42,0.26,0.24,0.99,0.92,0.0,,,,,,M42
saab_jas39d,11.0,,,1.0,,0.0,115.0,65.33,1.1,0.77,0.26,0.07,23.0,,,1.0,,0.0,JAS39D
b-29,10.0,100.0,0.0,0.0,7.3,7.3,0.0,,,,,,0.0,,,,,,B-29A-BN
f-80a,10.0,100.0,2.0,2.0,5.0,5.0,14.0,0.0,2.0,1.6,1.0,0.8,0.0,,,,,,F-80A-5
uk_a_43_black_prince,10.0,,,,,,73.0,58.33,0.0,0.0,5.0,4.42,0.0,,,,,,Black_Prince
ussr_t_90a,10.0,,,,,,1019.0,51.21,0.0,0.0,1.54,1.25,21.0,100.0,0.0,0.0,1.0,1.0,Т-90А
uk_fv4004_conway,10.0,100.0,0.0,0.0,4.0,2.0,36.0,28.26,0.0,0.0,0.72,1.0,0.0,,,,,,Conway
jp_m42_duster,10.0,,,,,,220.0,61.56,0.48,0.34,1.44,0.92,0.0,,,,,,M42
uk_chieftain_mk_5,10.0,100.0,0.0,0.0,3.0,3.0,118.0,53.75,0.0,0.0,3.82,1.82,0.0,,,,,,Chieftain_Mk_5
germ_vilkas,10.0,50.0,0.0,0.0,0.6,1.2,151.0,52.04,0.18,0.19,0.95,0.96,0.0,,,,,,Vilkas
mig_23mf_germany,10.0,50.0,0.67,1.0,0.0,0.0,6.0,0.0,1.0,1.0,0.0,0.0,16.0,,,1.25,,0.0,◊MiG-23MF
us_m46_patton,10.0,,,0.0,,4.0,397.0,68.08,0.0,0.0,3.29,2.7,0.0,,,,,,M46
sw_leopard_2a4_fin,10.0,50.0,0.0,0.0,1.0,2.0,469.0,44.38,0.0,0.0,1.2,1.06,0.0,,,,,,Leopard_2A4
mig-17,10.0,,,,,,174.0,80.95,3.39,3.79,1.38,1.82,0.0,,,,,,MiG-17
f-86f-2,10.0,50.0,0.5,1.0,0.0,0.0,69.0,70.74,2.72,3.25,0.57,0.72,0.0,,,,,,F-86F-2
f_16a_block_10,10.0,,,0.0,,1.0,201.0,75.27,0.76,0.69,1.34,1.12,0.0,,,,,,F-16A
sw_strv_121,10.0,50.0,0.0,0.0,0.85,1.7,804.0,48.88,0.0,0.0,1.65,1.58,0.0,,,,,,Strv_121
me-410b-2_u4,10.0,50.0,0.5,1.0,0.0,0.0,6.0,100.0,1.0,1.0,1.0,1.0,0.0,,,,,,Me_410_B-2/U4
uk_boxer_crv_block2,10.0,,,0.0,,1.0,401.0,66.9,0.04,0.04,1.4,1.05,0.0,,,,,,CRV_Block_2
la-11_china,10.0,,,,,,10.0,,,,,,0.0,,,,,,La-11_(China)
hurricanemkii,9.0,100.0,5.0,,2.0,,14.0,,,,,,0.0,,,,,,Hurricane_Mk_IIB/Trop
b7a2,9.0,,,,,,4.0,100.0,4.0,,4.0,,0.0,,,,,,B7A2
us_m26_t99,9.0,100.0,0.0,0.0,5.33,6.14,0.0,,,,,,0.0,,,,,,M26_T99
buccaneer_s2b,9.0,,,0.0,,2.0,43.0,33.33,0.0,0.0,2.2,6.67,0.0,,,,,,Buccaneer_S.2B
harrier_frs1,9.0,,,1.0,,1.0,8.0,50.0,0.0,0.0,0.0,0.0,0.0,,,,,,Sea_Harrier_FRS.1
fr_amx_13_fl_11,9.0,,,,,,82.0,75.0,0.0,0.0,2.84,1.69,0.0,,,,,,AMX-13_(FL11)
us_m18_hellcat_black_cat,9.0,100.0,0.0,,3.89,,1252.0,78.75,0.0,0.0,2.9,2.61,0.0,,,,,,"M18_""Black_Cat"""
il_m109a1,9.0,0.0,1.0,1.0,4.0,4.0,25.0,,,0.0,,1.0,0.0,,,,,,Rochev
tis_ma,9.0,100.0,1.0,0.25,4.0,1.5,118.0,62.69,0.31,0.4,7.03,9.0,101.0,50.98,0.84,0.64,4.35,3.23,TIS_MA
fr_tpk_641_vpc,9.0,,,,,,97.0,64.48,0.07,0.06,0.44,0.45,0.0,,,,,,TPK_6.41
p-36c,9.0,,,2.0,,0.0,0.0,,,,,,0.0,,,,,,P-36C
germ_sturmmorser_sturmtiger,9.0,,,0.0,,1.0,47.0,100.0,0.0,0.0,3.0,1.69,0.0,,,,,,38_cm_Sturmmörser
fr_leopard_1a5be,9.0,,,0.0,,2.0,90.0,63.98,0.0,0.0,2.03,1.83,0.0,,,,,,Leopard_1A5BE
ussr_t_28_1938,9.0,,,0.0,,2.0,0.0,,,,,,0.0,,,,,,T-28_(1938)
germ_leopard_2pl,9.0,,,0.0,,1.0,1139.0,39.38,0.0,0.0,1.35,1.1,0.0,,,,,,Leopard_2_PL
ussr_su_152,9.0,100.0,0.0,0.0,3.0,3.0,198.0,34.19,0.0,0.0,1.13,1.15,0.0,,,,,,SU-152
il_m109,9.0,,,,,,30.0,50.0,0.0,0.0,0.5,1.0,0.0,,,,,,M109_(Israel)
su_25t,9.0,,,,,,227.0,53.94,0.08,0.11,3.15,4.15,0.0,,,,,,Su-25T
p-36a,9.0,,,,,,0.0,,,,,,0.0,,,,,,P-36A
jaguar_gr1a,9.0,,,,,,16.0,100.0,2.0,2.0,1.93,2.0,0.0,,,,,,Jaguar_GR.1A
he-111h-2,9.0,100.0,0.0,,2.0,,0.0,,,,,,0.0,,,,,,He_111_H-3
f-80,9.0,,,,,,8.0,50.0,0.0,0.0,0.5,0.5,0.0,,,,,,F-80C-10
su-2_tss1,8.0,100.0,1.0,0.5,17.0,8.5,0.0,,,,,,0.0,,,,,,Su-2_TSS-1
yak-15,8.0,66.67,4.3,4.3,0.0,0.0,0.0,,,,,,0.0,,,,,,Yak-15
germ_pzkpfw_Maus,8.0,50.0,0.0,0.0,6.0,12.0,845.0,43.77,0.0,0.0,5.27,4.46,0.0,,,,,,Maus
cr_32_quater,8.0,,,1.0,,1.0,0.0,,,,,,0.0,,,,,,CR.32_quater
mosquito_fb_mk6,8.0,100.0,1.0,1.0,1.13,1.13,20.0,100.0,4.0,,0.0,,0.0,,,,,,Mosquito_FB_Mk_VI
mosquito_tr_mk33,8.0,100.0,1.0,,2.0,,0.0,,,,,,0.0,,,,,,Mosquito_TR.Mk.33
tu-2,8.0,,,,,,44.0,93.33,0.0,0.0,3.28,3.23,11.0,50.0,0.0,0.0,0.5,1.0,Tu-2S
fr_cckw_353_bofors,8.0,,,,,,1.0,,,0.0,,0.0,0.0,,,,,,CCKW_353_AA
he51a1,8.0,,,,,,0.0,,,,,,0.0,,,,,,He_51_A-1
ussr_btr_152a,8.0,,,,,,27.0,18.52,0.13,0.11,0.13,0.11,0.0,,,,,,BTR-152A
la-9,8.0,,,2.5,,1.0,79.0,96.77,1.98,1.11,0.0,0.0,0.0,,,,,,La-9
cn_is_2_1943,8.0,,,,,,52.0,22.22,0.0,0.0,3.0,1.24,0.0,,,,,,IS-2_(China)
il-10_1946,8.0,,,0.0,,1.0,3.0,,,,,,0.0,,,,,,IL-10_(1946)
ussr_su_57b,8.0,,,0.0,,1.0,0.0,,,,,,0.0,,,,,,SU-57B
il_zsu_57_2,8.0,,,0.86,,2.86,120.0,31.25,0.0,0.0,3.5,1.67,0.0,,,,,,ZSU-57-2_(Israel)
cn_type_97_kai,8.0,,,0.0,,1.25,0.0,,,,,,0.0,,,,,,Chi-Ha_Kai_(China)
mosquito_nf_mk2,8.0,,,1.0,,0.0,28.0,100.0,5.46,,0.32,,0.0,,,,,,Mosquito_NF.Mk.II
jp_st_b1,8.0,100.0,0.0,0.0,1.0,1.0,224.0,67.33,0.0,0.0,2.39,1.46,0.0,,,,,,STB-2
germ_raketenjagdpanzer_2,8.0,,,0.0,,0.0,66.0,0.0,0.0,0.0,1.48,0.67,0.0,,,,,,RakJPz_2
germ_pzkpfw_38t_na,8.0,100.0,0.0,0.0,1.0,1.0,0.0,,,,,,0.0,,,,,,Pz.38(t)_n.A.
spitfire_ix_early,8.0,100.0,3.14,3.25,0.0,0.0,137.0,88.1,2.61,2.46,2.13,1.91,0.0,,,,,,Spitfire_F_Mk_IX
germ_pzkpfw_III_ausf_J_L42,8.0,,,,,,36.0,,,0.0,,2.18,0.0,,,,,,Pz.III_J
sw_pvrbv_551,8.0,0.0,0.0,0.0,1.0,1.0,104.0,47.85,0.0,0.0,1.85,1.6,0.0,,,,,,Pvrbv_551
tornado_gr4,8.0,,,,,,137.0,41.38,0.99,1.33,0.3,0.4,0.0,,,,,,Tornado_GR.4
us_m1_abrams_kvt,8.0,,,0.0,,0.0,1217.0,50.72,0.0,0.0,2.76,2.23,0.0,,,,,,M1_KVT
vg_33,7.0,100.0,8.0,,0.0,,0.0,,,,,,0.0,,,,,,V.G.33C-1
jh_7a,7.0,100.0,1.0,1.0,6.0,6.0,3.0,100.0,0.0,0.0,2.0,2.0,0.0,,,,,,JH-7A
ussr_t_34_1941_cast_turret,7.0,100.0,0.0,,2.0,,48.0,50.0,0.0,0.0,1.05,2.1,0.0,,,,,,T-34_(1st_Gv.T.Br.)
it_as_42_metropolitana,7.0,100.0,0.0,0.0,4.0,4.0,28.0,,,0.0,,2.14,0.0,,,,,,AS_42
fw-190d-12,7.0,,,1.0,,1.0,0.0,,,,,,0.0,,,,,,Fw_190_D-12
d_520,7.0,,,2.0,,0.0,0.0,,,,,,0.0,,,,,,D.520
f7f1,7.0,,,,,,192.0,50.38,0.52,0.5,0.4,0.35,0.0,,,,,,F7F-1
us_m46_patton_73_armor_bat,7.0,50.0,0.0,0.0,1.5,3.0,287.0,63.93,0.0,0.0,3.67,2.63,0.0,,,,,,"M46_""Tiger"""
sea_fury_fb51,7.0,,,2.0,,0.0,5.0,100.0,1.0,1.0,2.0,2.0,0.0,,,,,,◘Sea_Fury_FB.51
b_25j_30_china,7.0,100.0,1.0,1.0,1.0,1.0,0.0,,,,,,0.0,,,,,,B-25J-30_(China)
mosquito_f_mk2_norway,7.0,,,,,,0.0,,,,,,0.0,,,,,,◢Mosquito_F.Mk.II
d_521,7.0,100.0,2.0,2.0,0.0,0.0,0.0,,,,,,0.0,,,,,,D.521
a_4h,7.0,,,0.0,,1.0,29.0,100.0,0.2,0.16,0.05,0.0,0.0,,,,,,A-4H_(Israel)
ki_67_1_ko,7.0,,,,,,0.0,,,,,,0.0,,,,,,Ki-67-I_Ko
it_leopard_bofors,7.0,0.0,1.0,1.0,0.0,0.0,94.0,55.39,0.31,0.17,1.27,1.14,0.0,,,,,,Leopard_40/70
saab_j21a_2,7.0,,,0.0,,2.0,0.0,,,,,,0.0,,,,,,J21A-2
boomerang_mki,7.0,,,1.0,,0.0,0.0,,,,,,0.0,,,,,,Boomerang_Mk_I
saab_j21ra,7.0,,,0.0,,1.0,27.0,86.67,1.0,1.0,0.12,0.12,0.0,,,,,,J21RA
firefly_mk5,7.0,,,1.86,,1.0,32.0,100.0,0.19,0.15,1.41,1.15,0.0,,,,,,Firefly_FR_Mk_V
me-410b-6_r3,7.0,,,,,,0.0,,,,,,0.0,,,,,,Me_410_B-6/R3
b_26b_c,7.0,,,0.0,,2.0,13.0,0.0,0.0,0.0,0.55,0.55,0.0,,,,,,B-26B
il_tiran_6,7.0,50.0,0.0,0.0,1.38,2.75,100.0,68.97,0.0,0.0,2.57,2.83,0.0,,,,,,Tiran_6
i-16_type17_china,7.0,,,1.0,,0.0,0.0,,,,,,0.0,,,,,,I-16_type_17_(China)
cn_m3a3_stuart_1st_ptg,7.0,,,,,,18.0,50.0,0.0,0.0,2.5,2.5,0.0,,,,,,M3A3_(1st_PTG)_(China)
p-39n_su,7.0,,,,,,22.0,,,1.0,,0.0,0.0,,,,,,Pokryshkin's_P-39N-0
f8f1b_france,7.0,0.0,3.0,3.0,0.0,0.0,137.0,86.29,1.25,0.78,2.27,1.49,0.0,,,,,,F8F-1B
sw_strv_m41_s2,7.0,,,,,,1.0,,,0.0,,1.0,0.0,,,,,,Strv_m/41_S-II
mig_29_9_13,7.0,,,,,,27.0,83.33,1.38,1.48,0.55,0.62,0.0,,,,,,MiG-29
fr_lorraine_40t,7.0,100.0,0.0,0.0,5.0,2.5,350.0,69.73,0.0,0.0,2.73,2.71,20.0,11.76,0.0,0.0,1.09,1.41,Lorraine_40t
boomerang_mkii,7.0,,,,,,0.0,,,,,,0.0,,,,,,Boomerang_Mk_II
fr_marder_df_105,7.0,,,0.0,,1.0,173.0,58.03,0.0,0.0,2.2,2.25,0.0,,,,,,DF105
ki_67_1_otsu,7.0,,,0.0,,1.0,0.0,,,,,,0.0,,,,,,Ki-67-I_otsu
jp_st_a1,7.0,0.0,0.0,0.0,1.0,1.0,217.0,86.29,0.0,0.0,5.13,2.07,0.0,,,,,,ST-A1
he-162a-2,7.0,,,,,,151.0,75.81,2.76,2.93,0.05,0.05,0.0,,,,,,He_162_A-2
f-89b,7.0,,,2.0,,0.0,145.0,79.93,0.79,1.52,0.93,1.81,0.0,,,,,,F-89B
il_sholef,7.0,,,0.0,,1.0,4.0,,,0.0,,3.0,0.0,,,,,,Sholef
p-61c_1,7.0,,,1.0,,1.29,35.0,,,0.53,,2.03,0.0,,,,,,P-61C-1
bv-155b-1,7.0,,,,,,23.0,100.0,0.0,0.09,0.0,0.0,0.0,,,,,,BV_155_B-1
germ_sppz2_luchs_a2,7.0,0.0,0.0,0.0,1.0,1.0,49.0,0.0,0.0,0.0,0.0,0.0,0.0,,,,,,Luchs_A2
germ_marder_clovis,7.0,,,0.0,,1.0,61.0,30.77,0.0,0.0,1.94,1.35,0.0,,,,,,CLOVIS
il_ss_11_halftrack,7.0,,,0.0,,1.0,44.0,50.0,0.0,0.0,1.5,2.26,0.0,,,,,,Zachlam_Tager
jp_m41_walker_bulldog,7.0,,,0.0,,0.0,465.0,67.16,0.07,0.07,2.41,2.83,0.0,,,,,,M41A1
lancaster_mr7_france,7.0,,,,,,0.0,,,,,,0.0,,,,,,Lancaster_MR.7
fr_m55,7.0,,,,,,10.0,,,,,,0.0,,,,,,M55
us_m901_itv,7.0,,,0.0,,0.0,78.0,50.0,0.0,0.0,1.33,2.71,0.0,,,,,,M901
ussr_bmd_4m2,7.0,,,0.0,,0.0,932.0,49.39,0.0,0.0,1.07,0.92,64.0,75.0,0.0,0.0,1.23,1.03,БМД-4M2
it_btr_80a_hungary,7.0,100.0,0.0,0.0,0.0,0.0,83.0,79.02,0.0,0.0,1.27,1.07,0.0,,,,,,◔BTR-80A
cn_sdkfz_222_early,7.0,100.0,0.0,,1.0,,30.0,63.33,0.0,0.0,0.53,0.53,0.0,,,,,,Sd.Kfz.222_(China)
tu-2_postwar_china,7.0,,,0.0,,1.0,30.0,100.0,0.0,0.0,2.5,3.66,0.0,,,,,,Tu-2S-44_(China)
tornado_ids_de_assta1,6.0,100.0,1.0,1.0,5.0,5.0,64.0,61.76,0.18,0.07,0.79,0.73,72.0,,,0.0,,4.5,◄Tornado_IDS_ASSTA1
su_22m4,6.0,100.0,1.0,1.0,2.0,2.0,43.0,45.83,0.0,0.0,0.46,0.92,75.0,,,0.4,,2.0,◊Su-22M4
f-5e_switzerland,6.0,100.0,1.0,1.0,2.0,2.0,0.0,,,,,,0.0,,,,,,◌F-5E
beaufighter_mk6c,6.0,,,,,,0.0,,,,,,0.0,,,,,,Beaufighter_Mk_VIc
ussr_2s19_m2,6.0,,,,,,21.0,0.0,0.0,0.0,2.0,1.43,0.0,,,,,,2С19М2
cn_ztl_11,6.0,,,0.0,,2.0,4.0,,,0.0,,1.0,0.0,,,,,,ZLT11
it_sherman_VII,6.0,,,0.0,,2.5,35.0,50.0,0.0,0.0,2.04,2.11,0.0,,,,,,M4_Tipo_IC
ki-27_otsu,6.0,,,,,,0.0,,,,,,0.0,,,,,,Ki-27_otsu
bf_110g_4_hungary,6.0,,,1.0,,1.0,37.0,53.85,0.0,0.0,1.08,2.0,0.0,,,,,,◐Bf_110_G-4
germ_pzkpfw_IV_ausf_E,6.0,,,,,,15.0,,,0.0,,1.43,0.0,,,,,,Pz.IV_E
douglas_ad_4_france,6.0,,,0.0,,2.0,141.0,37.9,0.57,0.59,1.63,1.89,0.0,,,,,,AD-4
us_xm246,6.0,66.67,0.3,0.5,1.3,2.0,1637.0,55.46,0.24,0.2,1.71,1.48,0.0,,,,,,XM246
germ_sturmpanzer_II,6.0,,,0.0,,1.0,14.0,100.0,0.0,0.0,0.0,0.0,0.0,,,,,,Sturmpanzer_II
jp_type_74_red_star,6.0,,,0.0,,1.0,354.0,55.32,0.0,0.0,2.83,1.54,0.0,,,,,,Type_74_Red_Star
welkin_fmk1,6.0,,,1.0,,0.0,0.0,,,,,,0.0,,,,,,Welkin_F.Mk.I
fr_leclerc_s1,6.0,50.0,0.0,0.0,1.0,1.0,284.0,52.65,0.0,0.0,2.83,2.04,0.0,,,,,,Leclerc
jp_type_74_mod_g_kai,6.0,,,0.0,,1.0,200.0,49.63,0.0,0.0,2.77,2.6,0.0,,,,,,Type_74_(G)
uk_crusader_mk_3,6.0,,,0.0,,1.0,63.0,72.67,0.0,0.0,2.9,2.11,0.0,,,,,,Crusader_III
jp_type_1_chi_he,6.0,,,,,,78.0,100.0,0.0,0.0,4.75,2.46,0.0,,,,,,Chi-He
cn_m41_a3_walker_bulldog,6.0,,,,,,16.0,70.0,0.0,0.0,3.48,3.8,0.0,,,,,,M41A3_(China)
f-86a-5,6.0,,,0.0,,0.0,119.0,69.56,2.48,3.15,0.85,1.11,0.0,,,,,,F-86A-5
fr_amx_elc_901,6.0,,,,,,75.0,95.56,0.0,0.0,2.47,2.42,0.0,,,,,,ELC_901
ju-288c,5.0,,,0.0,,5.0,29.0,,,0.0,,2.0,0.0,,,,,,Ju_288_C
us_m4_sherman_promo,5.0,100.0,0.0,0.0,7.0,7.0,11.0,,,0.0,,1.44,0.0,,,,,,M4
b-17g_iaf,5.0,,,0.0,,4.0,0.0,,,,,,0.0,,,,,,B-17G_(Israel)
germ_sdkfz_222,5.0,100.0,0.0,0.0,4.0,4.0,125.0,57.84,0.0,0.0,3.08,1.59,0.0,,,,,,Sd.Kfz.222
sw_strv_103_0,5.0,,,0.0,,2.0,37.0,50.0,0.0,0.0,1.35,2.14,0.0,,,,,,Strv_103-0
jp_type_5_ho_ri_prototype,5.0,100.0,0.0,0.0,7.0,4.33,200.0,60.76,0.0,0.0,5.09,3.8,0.0,,,,,,Ho-Ri_Prototype
ussr_object_268,5.0,,,0.0,,3.0,230.0,50.0,0.0,0.0,2.0,1.83,0.0,,,,,,Object_268
sb2u-2,5.0,,,0.0,,1.0,0.0,,,,,,0.0,,,,,,SB2U-2
germ_flarakpz_1,5.0,,,,,,69.0,50.57,0.71,0.95,0.0,0.0,0.0,,,,,,FlaRakPz_1
fr_amx_13_75,5.0,,,,,,184.0,76.21,0.0,0.0,2.1,1.03,15.0,,,0.0,,0.0,AMX-13
uk_marmon_herrington_mk_6_2pdr,5.0,,,,,,76.0,59.09,0.0,0.0,1.29,0.79,0.0,,,,,,SARC_MkVI_(2pdr)
ki_100_early,5.0,,,1.0,,0.0,158.0,91.11,3.68,1.72,12.51,5.53,0.0,,,,,,Ki-100
germ_pzkpfw_38t_Aufklarungspanzer,5.0,100.0,0.0,0.0,1.0,1.0,13.0,100.0,0.0,0.0,1.0,1.0,0.0,,,,,,Sd.Kfz._140/1
uk_a30_sp_avenger,5.0,,,,,,218.0,77.67,0.0,0.0,5.65,3.68,0.0,,,,,,Avenger
uk_a30_challenger,5.0,,,0.0,,1.0,165.0,50.54,0.0,0.0,3.55,1.69,0.0,,,,,,Challenger
f-104a,5.0,50.0,1.0,2.0,0.0,0.0,0.0,,,,,,0.0,,,,,,F-104A
ussr_bmp_2,5.0,100.0,0.0,0.0,0.0,0.0,753.0,48.37,0.0,0.0,1.21,0.89,26.0,100.0,0.0,0.0,1.0,1.0,BMP-2
f3h-2,5.0,50.0,0.6,1.2,0.0,0.0,260.0,57.09,1.35,2.02,0.59,0.87,0.0,,,,,,F3H-2
ussr_2s19_m1,5.0,50.0,0.0,0.0,0.5,1.0,117.0,39.42,0.03,0.02,1.07,0.9,0.0,,,,,,2С19М1
i-153_m62,5.0,,,2.75,,0.0,0.0,,,,,,0.0,,,,,,I-153_M-62
sb2c_5_france,5.0,,,0.0,,0.0,35.0,100.0,1.08,0.88,4.15,5.5,0.0,,,,,,SB2C-5
jp_halftrack_m16,5.0,,,,,,66.0,66.13,0.74,0.64,0.0,0.0,0.0,,,,,,M16_MGMC
uk_chieftain_mk_3,4.0,100.0,0.0,0.0,4.0,4.0,88.0,50.0,0.0,0.0,2.26,2.45,0.0,,,,,,Chieftain_Mk_3
spitfire_fr_mk14e,4.0,,,5.0,,0.0,0.0,,,,,,0.0,,,,,,Prendergast's_Spitfire_FR_Mk_XIVe
a6m2_zero_china,4.0,100.0,6.0,6.0,0.0,0.0,6.0,100.0,2.0,2.0,1.0,1.0,0.0,,,,,,A6M2_(China)
j2m5_30mm,4.0,50.0,3.5,3.5,0.0,0.0,90.0,69.23,1.42,1.19,2.25,1.82,0.0,,,,,,J2M5
j2m2,4.0,100.0,4.0,4.0,0.0,0.0,22.0,100.0,3.45,,1.0,,0.0,,,,,,J2M2
ussr_bt_7_m,4.0,50.0,0.0,0.0,3.0,5.5,78.0,56.99,0.0,0.0,1.76,1.3,0.0,,,,,,BT-7M
me_210ca_1_40_mm_hungary,4.0,,,1.0,,2.0,11.0,,,0.0,,0.0,0.0,,,,,,◔Me_210_Ca-1_36.M
me_210ca_1_hungary,4.0,,,1.0,,1.75,32.0,100.0,6.0,,0.0,,0.0,,,,,,◔Me_210_Ca-1
us_m3_stuart,4.0,,,,,,23.0,,,0.0,,0.48,0.0,,,,,,M3_Stuart
j_7e,4.0,,,2.0,,0.0,12.0,50.0,2.0,2.0,1.0,1.0,0.0,,,,,,J-7E
cn_lvt_4_zis_2,4.0,,,0.0,,1.0,5.0,,,0.0,,0.4,0.0,,,,,,LVT(A)(4)_(ZiS-2)
bb-1,4.0,100.0,3.0,3.0,10.0,10.0,15.0,100.0,2.25,6.0,7.88,9.0,0.0,,,,,,BB-1
cn_ztz_96,4.0,50.0,0.0,0.0,1.0,2.0,366.0,68.73,0.0,0.0,6.47,4.46,0.0,,,,,,ZTZ96
il_zsu_23_4,4.0,,,,,,76.0,46.82,0.39,0.7,0.0,0.0,0.0,,,,,,ZSU-23-4_(Israel)
sw_ikv_91_105,4.0,100.0,0.0,0.0,1.0,1.0,257.0,49.54,0.0,0.0,0.94,1.13,0.0,,,,,,Ikv_91-105
germ_m44,4.0,100.0,0.0,0.0,2.0,2.0,86.0,13.68,0.0,0.0,0.7,0.77,0.0,,,,,,M44
it_of_40_mk_2a,4.0,,,,,,111.0,43.01,0.0,0.0,4.1,2.41,0.0,,,,,,OF-40_Mk.2A
mig-19j_6a,4.0,100.0,1.0,1.0,0.0,0.0,24.0,100.0,2.0,,0.0,,0.0,,,,,,J-6A
douglas_ad_4,4.0,,,0.0,,3.0,156.0,53.21,0.54,0.33,2.53,2.12,0.0,,,,,,AD-4
i-15_1934,4.0,,,,,,0.0,,,,,,0.0,,,,,,I-15_WR
bf_109t_2,4.0,,,,,,28.0,77.78,0.78,1.0,1.56,2.0,0.0,,,,,,Bf_109_T-2
spitfire_mk14e,4.0,,,,,,44.0,59.03,0.71,1.06,0.71,1.06,0.0,,,,,,Spitfire_F_Mk_XIVe
spitfire_f22,3.0,100.0,2.3,2.3,7.0,7.0,77.0,50.0,0.9,0.89,0.62,0.74,0.0,,,,,,Spitfire_F_Mk_22
blenheim_mkiv,3.0,100.0,0.0,0.0,3.0,3.0,0.0,,,,,,0.0,,,,,,Blenheim_Mk_IV
it_m15_42_contraereo,3.0,,,,,,131.0,49.12,1.97,1.61,0.44,0.28,0.0,,,,,,M42_Contraereo
cn_type_59d,3.0,50.0,0.5,1.0,2.5,5.0,230.0,65.86,0.0,0.0,3.99,2.71,0.0,,,,,,ZTZ59D1
fr_crotale_ng,3.0,50.0,1.0,2.0,0.5,1.0,39.0,50.0,0.55,1.09,0.0,0.0,0.0,,,,,,ItO_90M
fw-190d-9_ussr,3.0,100.0,3.0,3.0,0.0,0.0,17.0,50.0,1.5,,0.0,,0.0,,,,,,Fw_190_D-9
uk_challenger_2_lep,3.0,100.0,0.0,0.0,2.0,2.0,328.0,56.26,0.0,0.0,1.83,1.8,0.0,,,,,,Challenger_3_TD
us_t18_e2,3.0,100.0,0.0,,2.0,,30.0,100.0,0.0,0.0,7.4,5.94,0.0,,,,,,T18E2
yak-9p,3.0,100.0,4.0,4.0,0.0,0.0,16.0,100.0,1.0,0.69,1.0,0.88,0.0,,,,,,Yak-9P
ussr_t_26_1940,3.0,,,,,,2.0,,,,,,0.0,,,,,,T-26
re_2001_cn,3.0,,,,,,28.0,56.0,0.0,0.0,0.08,0.08,0.0,,,,,,Re.2001_CN
corsair_fmk2,3.0,,,,,,10.0,,,1.8,,1.5,0.0,,,,,,Corsair_F_Mk_II
cn_type_59,3.0,,,0.0,,2.0,223.0,64.95,0.0,0.0,3.47,2.98,0.0,,,,,,Type_59
cn_m4a4_sherman,3.0,100.0,0.0,0.0,3.0,3.0,0.0,,,,,,0.0,,,,,,M4A4_(China)
cn_m_41d,3.0,,,0.0,,2.0,38.0,5.26,0.0,0.0,0.32,0.65,0.0,,,,,,M41D
p-40f_10,3.0,,,,,,0.0,,,,,,20.0,100.0,1.0,1.0,1.0,1.0,P-40F-10
fr_mars_15,3.0,,,,,,23.0,59.52,0.0,0.0,1.74,2.71,0.0,,,,,,MARS_15
f2g-1,3.0,100.0,1.0,,0.0,,193.0,64.03,0.53,0.49,1.55,1.49,0.0,,,,,,F2G-1
j_7d,3.0,,,1.0,,0.0,121.0,69.4,1.77,3.14,0.16,0.2,0.0,,,,,,J-7D
uk_fv4202,3.0,,,0.0,,1.0,148.0,48.08,0.0,0.0,2.11,1.5,0.0,,,,,,FV4202
us_t30,3.0,,,,,,83.0,43.33,0.0,0.0,1.42,1.79,0.0,,,,,,T30
it_m60a1_ariete,3.0,,,0.0,,1.0,6.0,100.0,0.0,0.0,3.0,3.0,0.0,,,,,,"M60A1_""D.C.Ariete"""
cn_m24_chaffee,3.0,100.0,0.0,0.0,2.0,2.0,30.0,,,0.0,,1.05,0.0,,,,,,M24_(China)
bf-109c_1,3.0,,,,,,0.0,,,,,,0.0,,,,,,Bf_109_C-1
il_magach_6c,3.0,,,0.0,,0.0,5.0,,,,,,0.0,,,,,,Magach_6C
germ_m55,3.0,,,,,,52.0,0.0,0.0,0.0,1.0,1.09,0.0,,,,,,◄M55
bf-109a_1,3.0,,,2.0,,0.0,0.0,,,,,,0.0,,,,,,Flegel's_Bf_109_A
cn_zsd63_pg87,3.0,,,,,,105.0,37.65,1.06,1.57,0.74,0.93,0.0,,,,,,ZSD63/PG87
ussr_object_248,2.0,100.0,0.0,,4.0,,20.0,100.0,0.0,0.0,2.0,2.85,0.0,,,,,,Object_248
mb_326k,2.0,,,2.0,,1.0,220.0,81.7,1.39,1.34,3.04,3.77,0.0,,,,,,MB-326K
ussr_is_7,2.0,,,,,,31.0,100.0,0.0,0.0,5.0,6.91,3.0,100.0,0.0,0.0,1.0,1.0,IS-7
jp_type_3_ho_ni_III,2.0,,,,,,73.0,100.0,0.0,0.0,4.35,2.76,0.0,,,,,,Ho-Ni_III
us_m10_booker_late,2.0,,,0.0,,2.0,662.0,55.89,0.0,0.0,1.66,1.62,0.0,,,,,,M10_Booker
a7m2,2.0,,,,,,59.0,61.11,0.93,0.95,1.7,1.44,0.0,,,,,,A7M2
a6m3_mod22ko_zero,2.0,100.0,2.0,2.0,0.0,0.0,19.0,100.0,2.92,,1.0,,0.0,,,,,,A6M3_mod._22Ko
us_t55e1,2.0,,,0.0,,1.0,62.0,73.34,0.0,0.0,3.19,3.24,0.0,,,,,,T55E1
us_m60a3_slep,2.0,,,,,,33.0,100.0,0.0,0.0,2.4,2.4,0.0,,,,,,M60_AMBT
spitfire_mk5c,2.0,100.0,2.0,2.0,1.5,1.5,22.0,100.0,2.56,2.5,3.89,3.5,22.0,,,2.0,,0.0,Spitfire_Mk_Vc/trop
a6m5ko,2.0,,,1.5,,0.0,71.0,71.88,2.28,2.08,2.49,2.68,0.0,,,,,,A6M5_Ko
mig_27m,2.0,50.0,1.0,2.0,0.0,0.0,66.0,50.0,0.98,1.0,1.48,1.53,11.0,,,0.0,,1.0,MiG-27M
hurricane_mk1_late_finland,2.0,50.0,1.0,1.0,0.0,0.0,0.0,,,,,,0.0,,,,,,Hurricane_Mk_I/L
cn_object_122tm,2.0,,,,,,130.0,35.09,0.0,0.0,7.1,3.52,0.0,,,,,,"Object_122MT_""MC"""
f-86f-40_china,2.0,,,1.0,,0.0,9.0,,,,,,0.0,,,,,,F-86F-40_(China)
sm_91,2.0,,,,,,4.0,,,0.0,,1.0,0.0,,,,,,SM.91
f_15a,2.0,100.0,0.0,0.0,1.0,1.0,216.0,45.74,0.54,0.63,0.1,0.14,0.0,,,,,,F-15A
us_m4a3_105_sherman,2.0,,,,,,58.0,100.0,0.0,0.0,6.33,1.72,0.0,,,,,,M4A3_(105)
b7a2_homare_23,1.0,,,1.0,,4.0,22.0,100.0,3.91,1.5,4.45,2.0,1.0,,,,,,B7A2_(Homare_23)
mig-15bis_nr23_german,1.0,,,1.0,,1.0,50.0,88.1,2.03,2.04,0.96,1.19,0.0,,,,,,◊MiG-15bis
sb2c_5_thailand,1.0,,,,,,162.0,61.01,1.33,1.25,3.21,3.06,0.0,,,,,,SB2C-5
uk_m4a5_ram_2,1.0,100.0,0.0,,1.0,,48.0,87.78,0.0,0.0,1.89,2.15,0.0,,,,,,Ram_II
it_p_40,1.0,,,,,,10.0,,,0.0,,3.56,0.0,,,,,,P40
il_magach_6b_gal,1.0,100.0,0.0,0.0,1.0,1.0,282.0,56.1,0.0,0.0,1.62,1.44,0.0,,,,,,Magach_6B_Gal
spitfire_mk9c_4cannons,1.0,100.0,2.0,2.0,1.0,1.0,26.0,100.0,1.57,1.33,2.59,1.4,0.0,,,,,,Spitfire_F_Mk_IXc
germ_pz_IV_L70,1.0,,,,,,330.0,29.16,0.0,0.0,1.92,1.46,0.0,,,,,,Panzer_IV/70(V)
il_m_51_w,1.0,,,0.0,,2.0,36.0,50.0,0.0,0.0,2.58,2.01,0.0,,,,,,M-51_(W)
us_m8_scott,1.0,100.0,0.0,,1.0,,0.0,,,,,,0.0,,,,,,M8_HMC
il_2_m82,1.0,100.0,1.0,1.0,1.0,1.0,0.0,,,,,,0.0,,,,,,IL-2_M-82
ffvs_j22_a,1.0,100.0,2.0,2.0,0.0,0.0,9.0,,,0.0,,0.0,0.0,,,,,,J22-A
a_5c,1.0,,,,,,28.0,50.0,0.56,1.13,0.69,1.38,0.0,,,,,,A-5C
brigand_b1,1.0,,,1.0,,1.0,0.0,,,,,,0.0,,,,,,Brigand_B_1
germ_flakpanzer_IV_Ostwind_2,1.0,50.0,1.0,2.0,0.5,1.0,540.0,27.86,0.52,0.54,0.24,0.26,0.0,,,,,,Ostwind_II
spitfire_xvi,1.0,,,1.0,,0.0,0.0,,,,,,0.0,,,,,,Spitfire_F_Mk_XVI
saab_t18b_1,1.0,,,0.0,,3.0,0.0,,,,,,0.0,,,,,,T18B
sb2c_1c,1.0,,,,,,0.0,,,,,,0.0,,,,,,SB2C-1C
f_14b,1.0,,,,,,136.0,41.74,1.33,1.2,0.61,0.54,0.0,,,,,,F-14B
spitfire_mk5c_notrop,1.0,100.0,1.0,1.0,1.0,1.0,45.0,100.0,2.22,2.0,1.89,1.6,0.0,,,,,,Spitfire_Mk_Vc
us_m48a1_patton_III,1.0,0.0,0.0,0.0,0.0,0.0,210.0,52.67,0.0,0.0,0.97,0.9,0.0,,,,,,M48A1
us_m10,1.0,,,0.0,,0.0,92.0,24.19,0.0,0.0,2.01,1.54,0.0,,,,,,M10_GMC
germ_amd_35_kwk,1.0,100.0,0.0,0.0,0.0,0.0,11.0,,,0.0,,3.0,0.0,,,,,,Pz.Sp.Wg.P204(f)_KwK
typhoon_mk1a,0.0,,,,,,22.0,,,0.0,,0.0,0.0,,,,,,Typhoon_Mk_Ia
d4y2,0.0,,,,,,0.0,,,,,,0.0,,,,,,D4Y2
bf-109g-2_hungary,0.0,,,,,,19.0,100.0,2.0,,1.0,,0.0,,,,,,◐Bf_109_G-2
db_7,0.0,,,,,,0.0,,,,,,0.0,,,,,,DB-7
b6n1,0.0,,,,,,16.0,100.0,0.0,0.0,1.0,1.0,0.0,,,,,,B6N1_Model_11
wm_21,0.0,,,,,,0.0,,,,,,0.0,,,,,,◔WM-21
ki_21_1ko,0.0,,,,,,0.0,,,,,,0.0,,,,,,Ki-21-Ia
a_7e,0.0,,,,,,6.0,100.0,0.0,0.0,1.17,1.17,0.0,,,,,,A-7E
beaufort_mkviii,0.0,,,,,,0.0,,,,,,0.0,,,,,,Beaufort_Mk_VIII
spitfire_lf_mk9c_cw_greece,0.0,,,,,,72.0,95.69,1.07,1.04,0.33,0.31,0.0,,,,,,Spitfire_LF_Mk.IXc_(CW)
p-51c-11-nt_china,0.0,,,,,,15.0,,,0.93,,1.27,0.0,,,,,,P-51C-11-NT_(China)
us_m4a3e8_76w_sherman_kit_3rank,0.0,,,,,,278.0,54.9,0.08,0.06,2.53,2.02,0.0,,,,,,Sherman_(Hell)
ki-45_ko,0.0,,,,,,0.0,,,,,,0.0,,,,,,Ki-45_ko
ussr_su_5_1,0.0,,,,,,0.0,,,,,,0.0,,,,,,SU-5-1
il_merkava_mk_3_raam_segol,0.0,,,,,,529.0,52.25,0.0,0.0,3.94,1.85,6.0,,,0.0,,1.0,Ra'am_Sagol
it_t_72m1,0.0,,,,,,248.0,87.08,0.0,0.0,4.41,2.95,0.0,,,,,,◔T-72M1
mc-202_ec,0.0,,,,,,25.0,57.14,1.64,2.86,1.57,2.86,0.0,,,,,,C._202EC
fr_vbci2_mct30,0.0,,,,,,45.0,38.09,0.0,0.0,0.36,0.9,0.0,,,,,,VBCI-2_(MCT30)
cn_m5a1_stuart,0.0,,,,,,6.0,,,0.0,,1.33,0.0,,,,,,M5A1_(China)
meteor_nfmk13,0.0,,,,,,50.0,100.0,4.33,,2.2,,0.0,,,,,,Meteor_NF.13_(Israel)
sw_vickers_mk_e_37,0.0,,,,,,0.0,,,,,,0.0,,,,,,Vickers_Mk.E
cn_zsl_92,0.0,,,,,,151.0,56.17,0.05,0.04,0.67,0.48,0.0,,,,,,ZSL92
uk_a_13_mk1_3rd_rtr,0.0,,,,,,4.0,,,,,,0.0,,,,,,A13_Mk_I_(3rd_R.T.R.)
a-26b,0.0,,,,,,0.0,,,,,,0.0,,,,,,A-26B-50
am_1_mauler,0.0,,,,,,184.0,86.28,0.04,0.06,3.09,3.03,0.0,,,,,,AM-1
germ_wiesel_2_adwc,0.0,,,,,,116.0,32.2,0.71,0.96,0.0,0.0,0.0,,,,,,Ozelot
uk_crusader_aa_mk_1,0.0,,,,,,136.0,80.77,0.35,0.27,2.52,2.21,0.0,,,,,,Crusader_AA_Mk_I
us_m1128_wolfpack,0.0,,,,,,1039.0,53.37,0.0,0.0,1.6,1.17,0.0,,,,,,M1128_Wolfpack
p-26a_33,0.0,,,,,,0.0,,,,,,0.0,,,,,,P-26A-33
he51c1,0.0,,,,,,0.0,,,,,,0.0,,,,,,He_51_C-1
fr_amx_50_foch,0.0,,,,,,55.0,0.0,0.0,0.0,3.38,1.35,0.0,,,,,,AMX-50_Foch
sm_79_1939_italy,0.0,,,,,,0.0,,,,,,0.0,,,,,,S.M.79_serie_8
a6m6c,0.0,,,,,,41.0,90.48,1.62,2.53,1.97,3.26,0.0,,,,,,A6M6c
jp_type_2_ka_mi,0.0,,,,,,0.0,,,,,,0.0,,,,,,Ka-Mi
fr_pzkpfw_V_panther_dauphine,0.0,,,,,,13.0,100.0,0.0,0.0,4.0,2.0,0.0,,,,,,Panther_«Dauphine»
ju-87d-5,0.0,,,,,,16.0,,,0.0,,1.06,0.0,,,,,,Ju_87_D-5
bf-109e-3,0.0,,,,,,41.0,100.0,0.54,0.35,0.0,0.0,0.0,,,,,,Bf_109_E-3
a_7d,0.0,,,,,,47.0,,,,,,0.0,,,,,,A-7D
b-17g,0.0,,,,,,3.0,,,0.0,,0.0,0.0,,,,,,B-17G-60-VE
cn_vt_4,0.0,,,,,,16.0,50.0,0.0,0.0,2.0,1.25,0.0,,,,,,VT4
cn_m3a3_stuart,0.0,,,,,,4.0,,,0.0,,1.0,0.0,,,,,,M3A3_Stuart_(China)
f6f-5_france,0.0,,,,,,145.0,68.06,0.38,0.51,1.93,2.54,0.0,,,,,,F6F-5
f_111f,0.0,,,,,,51.0,32.8,0.68,1.0,1.02,1.43,9.0,,,0.0,,0.11,F-111F
it_40m_turan_1,0.0,,,,,,27.0,31.82,0.0,0.0,1.43,2.18,0.0,,,,,,Turan_I
fw-190a-8,0.0,,,,,,0.0,,,,,,0.0,,,,,,Fw_190_A-8
saab_b18b,0.0,,,,,,93.0,66.67,0.0,0.0,0.76,0.49,0.0,,,,,,B18B
gladiator_mk2,0.0,,,,,,0.0,,,,,,0.0,,,,,,Gladiator_Mk_II
p-43a-1_china,0.0,,,,,,0.0,,,,,,0.0,,,,,,P-43A-1_(China)
pyorremyrsky,0.0,,,,,,70.0,97.83,1.88,2.65,1.77,2.54,0.0,,,,,,VL_Pyörremyrsky
sw_cv_90120,0.0,,,,,,160.0,31.48,0.0,0.0,2.96,1.53,0.0,,,,,,CV_90120
i-16_type24,0.0,,,,,,0.0,,,,,,0.0,,,,,,I-16_type_24
it_semovente_breda_501,0.0,,,,,,149.0,53.4,0.0,0.0,2.35,1.8,0.0,,,,,,Breda_501
fr_amx_vtt_dca,0.0,,,,,,51.0,100.0,1.0,1.0,1.0,1.0,0.0,,,,,,VTT_DCA
md_450b_ouragan_iaf,0.0,,,,,,15.0,,,1.0,,0.0,0.0,,,,,,M.D.450B_Ouragan_(Israel)
uk_m3a1_stuart,0.0,,,,,,19.0,100.0,0.0,0.0,4.0,3.84,0.0,,,,,,Stuart_III
cn_su_100_1945,0.0,,,,,,75.0,10.53,0.0,0.0,4.16,1.78,0.0,,,,,,SU-100_(China)
j6b,0.0,,,,,,0.0,,,,,,0.0,,,,,,J6B
ki_44_1,0.0,,,,,,0.0,,,,,,0.0,,,,,,Ki-44-I
yak-3_france,0.0,,,,,,142.0,69.35,2.79,3.27,0.74,0.82,19.0,,,,,,Yak-3
il_mim_72_chaparral,0.0,,,,,,29.0,100.0,1.0,1.0,0.0,0.0,0.0,,,,,,Imp.Chaparral_(Israel)
bf-110g-2,0.0,,,,,,9.0,,,0.11,,1.89,0.0,,,,,,Bf_110_G-2
uk_crusader_aa_mk_2_kit_3rank,0.0,,,,,,9.0,,,,,,0.0,,,,,,Crusader_AA_(Overlord)
ta_154a_1,0.0,,,,,,0.0,,,,,,0.0,,,,,,Ta_154_A-1
sb2c_4,0.0,,,,,,5.0,,,,,,0.0,,,,,,SB2C-4
vl_myrsky_2_late,0.0,,,,,,0.0,,,,,,0.0,,,,,,VL_Myrsky_II
p1y1_mod11_china,0.0,,,,,,0.0,,,,,,0.0,,,,,,P1Y1_mod._11_(China)
caudron_cr714,0.0,,,,,,0.0,,,,,,0.0,,,,,,C.R.714
ki_61_1a_ko,0.0,,,,,,0.0,,,,,,0.0,,,,,,Ki-61-I_ko
sw_kungstiger,0.0,,,,,,47.0,0.0,0.0,0.0,9.4,4.95,3.0,,,0.0,,1.0,Kungstiger
germ_infanterie_kampfpanzer_churchill,0.0,,,,,,34.0,36.84,0.0,0.0,1.63,1.68,0.0,,,,,,Pz.Kpfw._Churchill
germ_stug_III_ausf_F,0.0,,,,,,36.0,25.0,0.0,0.0,2.58,1.94,0.0,,,,,,StuG_III_F
il_merkava_mk_4b,0.0,,,,,,177.0,63.0,0.0,0.0,2.59,1.94,0.0,,,,,,Merkava_Mk.4B
fokker_d21_serie3_finland,0.0,,,,,,0.0,,,,,,0.0,,,,,,Fokker_D.XXI-3
fr_vbci,0.0,,,,,,176.0,53.87,0.06,0.04,2.73,2.45,0.0,,,,,,VBCI
a6m2_n_zero,0.0,,,,,,4.0,,,0.0,,0.0,0.0,,,,,,A6M2-N
germ_flakpanzer_IV_Kugelblitz,0.0,,,,,,211.0,24.92,1.17,0.8,0.47,0.24,0.0,,,,,,Kugelblitz
me-262a1_u1,0.0,,,,,,93.0,38.54,1.71,1.3,1.23,0.67,0.0,,,,,,Me_262_A-1a/U1
p-40e_china,0.0,,,,,,5.0,,,,,,0.0,,,,,,P-40E-1_(China)
halifax_mk3,0.0,,,,,,0.0,,,,,,0.0,,,,,,Halifax_B_Mk_IIIa
germ_pzkpfw_38t_Marder_III,0.0,,,,,,0.0,,,,,,0.0,,,,,,Marder_III
i-16_type10_china,0.0,,,,,,0.0,,,,,,0.0,,,,,,I-16_type_10_(China)
yak-3_vk107,0.0,,,,,,73.0,40.74,1.87,3.26,0.15,0.15,2.0,,,,,,Yak-3_(VK-107)
p-51h-5_na,0.0,,,,,,138.0,60.75,0.79,1.07,0.42,0.61,3.0,,,,,,P-51H-5-NA
xf5u_1,0.0,,,,,,57.0,50.0,1.11,0.97,1.0,0.55,0.0,,,,,,XF5U-1
d4y3,0.0,,,,,,8.0,,,,,,0.0,,,,,,D4Y3_Ko
it_m11_39,0.0,,,,,,0.0,,,,,,0.0,,,,,,M11/39
it_otobreda_sidam_25,0.0,,,,,,31.0,50.0,0.0,0.0,0.0,0.0,0.0,,,,,,SIDAM_25
ki_61_1a_tei,0.0,,,,,,23.0,100.0,2.09,4.0,1.18,2.4,0.0,,,,,,Ki-61-I_tei
bf-109g-6,0.0,,,,,,88.0,70.5,3.47,5.21,0.55,0.78,0.0,,,,,,Bf_109_G-6
ussr_t_26_4,0.0,,,,,,0.0,,,,,,0.0,,,,,,T-26-4
mc-202_italy,0.0,,,,,,12.0,92.86,0.14,0.14,0.0,0.0,0.0,,,,,,C._202
p-47d_22_re_france,0.0,,,,,,44.0,100.0,0.0,0.0,1.3,1.3,0.0,,,,,,P-47D-22-RE
jp_type_87,0.0,,,,,,367.0,32.08,0.27,0.14,1.05,0.57,0.0,,,,,,Type_87
wyvern_s4,0.0,,,,,,63.0,98.39,2.91,2.41,8.52,6.72,16.0,,,1.31,,1.56,Wyvern_S4
pv_2d,0.0,,,,,,66.0,34.66,0.72,0.96,2.93,3.97,0.0,,,,,,PV-2D
ussr_t_26_1940_1st_GvTBr,0.0,,,,,,23.0,0.0,0.0,0.0,1.0,1.0,8.0,,,,,,T-26_(1st_Gv.T.Br.)
seafire_mk3_france,0.0,,,,,,26.0,100.0,0.22,0.24,1.0,1.12,0.0,,,,,,Seafire_LF_Mk.III
fr_amx_elc_bis,0.0,,,,,,255.0,51.08,0.0,0.0,1.08,0.85,0.0,,,,,,ELC_bis
tornado_gr1,0.0,,,,,,36.0,50.0,0.0,0.0,1.5,3.0,0.0,,,,,,Tornado_GR.1
germ_pzsflk40_sturer_emil,0.0,,,,,,48.0,0.0,0.0,0.0,2.91,3.42,0.0,,,,,,Sturer_Emil
fiat_g50_seria7as_italy,0.0,,,,,,0.0,,,,,,0.0,,,,,,G.50_AS_serie_7
it_b1_centauro,0.0,,,,,,207.0,75.63,0.0,0.0,2.13,1.06,0.0,,,,,,Centauro_I_105
ussr_pantsyr_sm_sv,0.0,,,,,,959.0,41.57,1.21,1.03,0.16,0.14,0.0,,,,,,Панцирь_СМ-СВ
cn_ztz_59a,0.0,,,,,,46.0,100.0,0.0,0.0,2.0,2.13,3.0,100.0,0.0,0.0,2.0,2.0,ZTZ59A
la_200_toriy,0.0,,,,,,48.0,100.0,0.0,1.38,1.0,0.68,0.0,,,,,,La-200
germ_pzkpfw_II_ausf_C,0.0,,,,,,0.0,,,,,,0.0,,,,,,Pz.II_C
it_ariete_amv_pt1,0.0,,,,,,81.0,0.0,0.0,0.0,7.0,3.79,0.0,,,,,,Ariete_AMV
fokker_d21_mod20,0.0,,,,,,0.0,,,,,,0.0,,,,,,Fokker_D.XXI
germ_flakpanzer_IV_Ostwind_2_net,0.0,,,,,,132.0,26.34,0.98,1.05,0.42,0.37,10.0,0.0,1.0,0.6,0.0,0.0,Ostwind_Ost
it_semovente_m43_75_46,0.0,,,,,,0.0,,,,,,0.0,,,,,,75/46_M43
do_335a_0,0.0,,,,,,4.0,,,0.0,,0.0,0.0,,,,,,Do_335_A-0
tb_3_m17_32,0.0,,,,,,0.0,,,,,,0.0,,,,,,TB-3M-17-32
yak_141,0.0,,,,,,31.0,42.38,1.26,1.77,0.0,0.0,8.0,,,1.5,,0.0,Yak-141
db_3a_china,0.0,,,,,,0.0,,,,,,0.0,,,,,,DB-3A_(China)
germ_pzkpfw_38t_ausf_A,0.0,,,,,,11.0,,,0.0,,2.0,0.0,,,,,,Pz.38(t)_A
morko_morane,0.0,,,,,,11.0,,,1.0,,1.0,0.0,,,,,,Mörkö-Morane
p-47d_16_re_germany,0.0,,,,,,23.0,100.0,1.0,1.0,1.0,1.0,0.0,,,,,,P-47D-16-RE
cn_hq_17,0.0,,,,,,14.0,,,,,,0.0,,,,,,HQ17
cn_m42_duster,0.0,,,,,,56.0,0.0,0.0,0.0,1.56,1.0,0.0,,,,,,M42_(China)
cn_is_2_1943_no402,0.0,,,,,,24.0,50.0,0.0,0.0,1.42,1.42,0.0,,,,,,IS-2_No.402
us_t77e1,0.0,,,,,,127.0,61.29,2.19,1.67,0.0,0.0,0.0,,,,,,T77E1
f4u-7,0.0,,,,,,174.0,69.4,0.31,0.25,3.25,2.42,66.0,68.18,2.66,2.15,3.82,2.83,F4U-7
jp_m44,0.0,,,,,,179.0,55.24,0.0,0.0,1.19,1.46,0.0,,,,,,M44
he51c1_late,0.0,,,,,,0.0,,,,,,0.0,,,,,,He_51_C-1/L
fr_amx_30_dca,0.0,,,,,,198.0,45.38,0.38,0.28,1.14,0.8,0.0,,,,,,AMX-30_DCA
uk_a27m_cromwell_1,0.0,,,,,,129.0,96.54,0.0,0.0,2.88,2.73,0.0,,,,,,Cromwell_I
p-63a-5_ussr,0.0,,,,,,153.0,51.61,2.04,1.67,2.6,2.3,0.0,,,,,,P-63A-5
f_106a_1972,0.0,,,,,,57.0,100.0,5.25,3.62,0.0,0.0,0.0,,,,,,F-106A
us_m56_scorpion,0.0,,,,,,213.0,50.69,0.0,0.0,3.91,1.46,0.0,,,,,,M56
us_m551,0.0,,,,,,750.0,59.03,0.0,0.0,1.01,0.94,0.0,,,,,,M551
a_10c,0.0,,,,,,38.0,75.0,0.75,0.89,4.65,5.33,0.0,,,,,,A-10C
us_m6a2e1,0.0,,,,,,45.0,100.0,0.0,0.0,6.0,4.46,0.0,,,,,,M6A2E1
me-262a-1a_u4,0.0,,,,,,530.0,53.52,0.25,0.31,2.11,2.58,0.0,,,,,,Me_262_A-1/U4
sw_cv_9035_dk,0.0,,,,,,149.0,61.67,0.0,0.0,2.81,2.44,0.0,,,,,,CV9035DK
n1k2_jko,0.0,,,,,,40.0,100.0,0.53,0.18,1.68,1.45,0.0,,,,,,N1K2-Ja
germ_bmp_1_ddr,0.0,,,,,,125.0,25.33,0.0,0.0,0.78,0.5,0.0,,,,,,SPz_BMP-1
uk_ajax,0.0,,,,,,440.0,52.15,0.01,0.01,1.67,1.26,0.0,,,,,,Ajax
he_112a_0,0.0,,,,,,16.0,100.0,0.06,0.06,2.5,2.5,0.0,,,,,,He_112_A-0
sw_pt_76b,0.0,,,,,,331.0,45.11,0.0,0.0,0.97,0.9,0.0,,,,,,PT-76
germ_leopard_2a5,0.0,,,,,,1130.0,44.01,0.0,0.0,1.52,1.34,0.0,,,,,,Leopard_2A5
f2h-2,0.0,,,,,,204.0,59.41,1.25,0.96,0.68,0.56,0.0,,,,,,F2H-2
germ_boxer_swatrinf,0.0,,,,,,342.0,38.81,0.01,0.01,0.71,0.41,0.0,,,,,,sWaTrgInf
a6m5_zero,0.0,,,,,,98.0,50.0,2.46,2.09,0.76,0.47,0.0,,,,,,A6M5
fr_amx_30_1972,0.0,,,,,,245.0,61.05,0.0,0.0,2.36,1.52,0.0,,,,,,AMX-30_(1972)
uk_charioteer_mk_7,0.0,,,,,,201.0,54.34,0.0,0.0,3.47,1.83,0.0,,,,,,Charioteer_Mk_VII
ussr_bmp_2m,0.0,,,,,,1689.0,44.96,0.0,0.0,1.14,0.83,1.0,,,0.0,,1.0,BMP-2M
b-17e,0.0,,,,,,0.0,,,,,,0.0,,,,,,B-17E
lightning_f6,0.0,,,,,,0.0,,,,,,0.0,,,,,,Lightning_F.6
germ_wiesel_1_tow,0.0,,,,,,546.0,41.79,0.0,0.0,1.23,0.99,0.0,,,,,,Wiesel_1A2
pb4y-2,0.0,,,,,,0.0,,,,,,0.0,,,,,,PB4Y-2
spitfiremkiia_ep,0.0,,,,,,6.0,,,1.0,,1.0,0.0,,,,,,Spitfire_Mk.IIa_Venture_I
i-15_1935_moscow,0.0,,,,,,0.0,,,,,,0.0,,,,,,I-15_M-25
sw_vickers_mk_e_45,0.0,,,,,,0.0,,,,,,0.0,,,,,,T-26E
fr_panhard_ebr_1951,0.0,,,,,,337.0,68.4,0.0,0.0,1.66,1.36,0.0,,,,,,E.B.R._(1951)
fw_190a_5_u14,0.0,,,,,,0.0,,,,,,0.0,,,,,,Fw_190_A-5/U14
maryland_mk1_france,0.0,,,,,,0.0,,,,,,0.0,,,,,,Martin_167-A3
us_m18_hellcat_black_cat_race,,,,,,,,,,,,,,,,,,,"""Racing""_M18"
it_semovente_m43_105,0.0,,,,,,0.0,,,,,,0.0,,,,,,105/25_M43
germ_panzerwerfer_42,0.0,,,,,,0.0,,,,,,0.0,,,,,,15_cm_Pz.W.42
fr_char_2c,0.0,,,,,,0.0,,,,,,0.0,,,,,,2C
ussr_2s25m,0.0,,,,,,1274.0,48.8,0.0,0.0,1.36,1.14,29.0,,,0.0,,1.0,2S25M
ussr_zprk_2s6,0.0,,,,,,1194.0,47.47,0.77,0.73,0.35,0.33,0.0,,,,,,2S6
it_semovente_l40,0.0,,,,,,0.0,,,,,,0.0,,,,,,47/32_L40
it_semovente_m41_75_18,0.0,,,,,,0.0,,,,,,0.0,,,,,,75/18_M41
it_semovente_m41_75_32,0.0,,,,,,0.0,,,,,,0.0,,,,,,75/32_M41
it_semovente_m43_75_34,0.0,,,,,,3.0,,,,,,0.0,,,,,,75/34_M43
ussr_buk_m3_launcher,,,,,,,,,,,,,,,,,,,"9К317М_""БУК-М3""_(СОУ)"
a_10a_late,0.0,,,,,,338.0,72.78,1.59,0.78,8.65,3.46,2.0,,,0.0,,2.0,A-10A_Late
douglas_a_1h,0.0,,,,,,384.0,87.08,0.29,0.29,5.15,5.14,0.0,,,,,,A-1H
a-26c,0.0,,,,,,0.0,,,,,,0.0,,,,,,A-26C-45
a-26c-45-dt,0.0,,,,,,0.0,,,,,,0.0,,,,,,A-26C-45DT
a_29_hudson,0.0,,,,,,0.0,,,,,,0.0,,,,,,A-29
a-35b,0.0,,,,,,0.0,,,,,,0.0,,,,,,A-35B
a_4b,0.0,,,,,,325.0,68.36,0.16,0.17,1.35,1.36,0.0,,,,,,A-4B
a_4e_early,0.0,,,,,,271.0,62.19,0.39,0.38,2.53,2.1,0.0,,,,,,A-4E_Early
a_6e_tram,0.0,,,,,,91.0,45.45,0.5,0.5,3.04,3.16,70.0,100.0,2.0,0.21,2.0,0.21,A-6E_TRAM
a_7e_thailand,0.0,,,,,,35.0,60.0,1.0,0.82,0.82,0.27,0.0,,,,,,A-7E
uk_ac4_thunderbolt,0.0,,,,,,1.0,,,0.0,,1.0,0.0,,,,,,A.C.IV
vampire_fb5_j28b,0.0,,,,,,36.0,50.0,0.92,0.64,0.4,0.88,0.0,,,,,,A28B
saab_j29b,0.0,,,,,,37.0,21.79,0.0,0.0,0.2,0.2,0.0,,,,,,A29B
a2d,0.0,,,,,,631.0,59.05,0.3,0.26,1.96,1.69,31.0,,,0.8,,2.59,A2D-1
saab_a32a,0.0,,,,,,69.0,50.0,2.5,1.84,5.59,4.14,0.0,,,,,,A32A
saab_a32a_red_adam,0.0,,,,,,0.0,,,,,,0.0,,,,,,A32A_Röd_Adam
a6m2_zero_usa,0.0,,,,,,2.0,,,,,,0.0,,,,,,A6M2
a6m5otsu,0.0,,,,,,24.0,50.0,1.25,2.5,0.5,1.0,0.0,,,,,,A6M5_otsu
a7he1,0.0,,,,,,0.0,,,,,,0.0,,,,,,A7He1
germ_a7v,0.0,,,,,,0.0,,,,,,0.0,,,,,,A7V
uk_17_pdr_m10_achilles,0.0,,,,,,74.0,0.0,0.0,0.0,4.2,3.47,0.0,,,,,,Achilles
douglas_ad_4na_france,0.0,,,,,,10.0,100.0,0.0,0.0,0.6,0.6,14.0,,,1.0,,3.0,AD-4NA
uk_adats_m113a3,0.0,,,,,,161.0,50.0,1.01,0.66,0.41,0.25,0.0,,,,,,ADATS_(M113)
uk_armored_car_mk_2_aa,0.0,,,,,,21.0,50.0,0.1,0.2,0.5,0.8,0.0,,,,,,AEC_AA
uk_armored_car_aec_mk_2,0.0,,,,,,47.0,80.0,0.0,0.0,2.8,2.86,0.0,,,,,,AEC_Mk_II
cn_hj_9,0.0,,,,,,191.0,74.21,0.0,0.0,3.03,2.85,0.0,,,,,,AFT09
us_ags_teledyne,0.0,,,,,,190.0,68.28,0.0,0.0,4.69,2.15,0.0,,,,,,AGS
aichi_e13a,,,,,,,,,,,,,,,,,,,Aichi_E13A1
saab_aj37,0.0,,,,,,134.0,55.81,0.34,0.32,0.92,0.94,0.0,,,,,,AJ37
saab_ajs37_early,0.0,,,,,,19.0,50.0,1.0,1.0,1.0,1.0,0.0,,,,,,AJS37_(Early)
uk_alecto_mk_1,0.0,,,,,,0.0,,,,,,0.0,,,,,,Alecto_I
alpha_jet_a_thailand,0.0,,,,,,232.0,72.47,0.23,0.2,2.94,3.35,0.0,,,,,,Alpha_Jet_A
alpha_jet_a,0.0,,,,,,227.0,61.42,0.21,0.17,1.87,1.34,45.0,,,0.0,,3.0,Alpha_Jet_A
alpha_jet_a_jabog41,0.0,,,,,,56.0,50.0,0.0,0.0,0.55,1.03,0.0,,,,,,Alpha_Jet_A_(JaboG_41)
alpha_jet_e,0.0,,,,,,41.0,100.0,0.0,0.0,1.35,1.33,0.0,,,,,,Alpha_Jet_E
alpha_jet_th_phase_1,0.0,,,,,,58.0,53.33,0.4,0.27,1.25,1.39,0.0,,,,,,Alpha_Jet_TH
fr_amc_34,0.0,,,,,,0.0,,,,,,0.0,,,,,,AMC.34_YR
fr_amc_35,0.0,,,,,,22.0,,,,,,0.0,,,,,,AMC.35_(ACG.1)
fr_amd_35,0.0,,,,,,27.0,,,0.0,,1.7,0.0,,,,,,AMD.35
fr_aml_90,0.0,,,,,,132.0,58.33,0.0,0.0,2.2,0.94,0.0,,,,,,AML-90
fr_amr_35_zt3,0.0,,,,,,0.0,,,,,,0.0,,,,,,AMR.35_ZT3
amx,0.0,,,,,,26.0,77.78,0.0,0.0,2.72,4.6,0.0,,,,,,AMX
amx_a_1a_brazil,0.0,,,,,,33.0,100.0,0.0,0.0,2.4,1.35,3.0,,,,,,AMX_A-1A
fr_amx_10m_acra,0.0,,,,,,14.0,100.0,0.0,0.0,4.0,1.75,0.0,,,,,,AMX-10M
fr_amx_10p,0.0,,,,,,270.0,54.84,0.25,0.31,0.36,0.41,0.0,,,,,,AMX-10P
fr_amx_13_hot,0.0,,,,,,0.0,,,,,,0.0,,,,,,AMX-13_(HOT)
fr_amx_13_75_ss11,0.0,,,,,,8.0,,,,,,0.0,,,,,,AMX-13_(SS.11)
fr_amx_30,0.0,,,,,,66.0,53.75,0.0,0.0,1.83,1.68,0.0,,,,,,AMX-30
fr_amx_50_1950,0.0,,,,,,125.0,83.87,0.0,0.0,3.72,2.64,32.0,50.0,0.0,0.0,0.88,2.69,AMX-50_(TO90/930)
fr_amx_50_surblinde,0.0,,,,,,17.0,,,0.0,,3.0,0.0,,,,,,AMX-50_Surblindé
cn_antelope_tc_1l_ads,0.0,,,,,,15.0,89.29,0.0,0.0,0.0,0.0,0.0,,,,,,Antelope
arado-196a-3,0.0,,,,,,0.0,,,,,,0.0,,,,,,Ar_196_A-3
arado-196a-5,0.0,,,,,,0.0,,,,,,0.0,,,,,,Ar_196_A-5
arado-234,0.0,,,,,,42.0,50.0,0.0,0.0,2.94,3.38,0.0,,,,,,Ar_234_B-2
arado-234c-3,0.0,,,,,,32.0,100.0,0.0,0.0,4.0,2.12,0.0,,,,,,Ar_234_C-3
ariete,0.0,,,,,,163.0,58.06,3.2,3.33,1.68,1.75,11.0,0.0,1.0,1.0,0.0,0.0,Ariete
uk_as_90_mk_2,0.0,,,,,,133.0,40.65,0.05,0.05,3.07,3.06,0.0,,,,,,AS90
sw_asrad_r,0.0,,,,,,43.0,100.0,2.4,,0.0,,0.0,,,,,,ASRAD-R
attaker_fb1,0.0,,,,,,0.0,,,,,,0.0,,,,,,Attacker_FB_1
attaker_fb2,0.0,,,,,,56.0,75.0,0.81,1.13,1.23,1.79,0.0,,,,,,Attacker_FB.2
f4u-6_au-1,0.0,,,,,,387.0,77.8,0.44,0.49,2.88,3.26,0.0,,,,,,AU-1
it_aubl_74_60_70m,0.0,,,,,,264.0,66.67,0.0,0.0,2.53,0.99,0.0,,,,,,AUBL/74_HVG
fr_amx_30_auf_1,0.0,,,,,,36.0,78.57,0.01,0.01,0.55,0.9,0.0,,,,,,AuF1
av_8b_plus_italy,0.0,,,,,,0.0,,,,,,0.0,,,,,,AV-8B_Plus
av_8s_thailand,0.0,,,,,,46.0,70.0,1.44,2.48,1.04,2.08,0.0,,,,,,AV-8S
av_8s_late_thailand,0.0,,,,,,2.0,100.0,1.0,1.0,0.0,0.0,0.0,,,,,,AV-8S_Late
avenger_mk1,0.0,,,,,,0.0,,,,,,0.0,,,,,,Avenger_Mk_II
a_4n,0.0,,,,,,60.0,45.68,1.42,1.99,3.78,5.87,0.0,,,,,,Ayit
b_10b,0.0,,,,,,0.0,,,,,,0.0,,,,,,B-10B
b-17e_japan,0.0,,,,,,0.0,,,,,,0.0,,,,,,B-17E
b_18a,0.0,,,,,,0.0,,,,,,0.0,,,,,,B-18A
b_25j_1,0.0,,,,,,0.0,,,,,,0.0,,,,,,B-25J-1
b_25j_20,0.0,,,,,,0.0,,,,,,0.0,,,,,,B-25J-20
b_26c_france,0.0,,,,,,0.0,,,,,,0.0,,,,,,B-26C
b_34,0.0,,,,,,0.0,,,,,,0.0,,,,,,B-34
b_52h,0.0,,,,,,35.0,50.0,0.0,0.0,3.0,3.13,0.0,,,,,,B-52H
b-57,0.0,,,,,,10.0,,,0.0,,0.0,0.0,,,,,,B-57A
b-57b,0.0,,,,,,0.0,,,,,,0.0,,,,,,B-57B
b_66b,0.0,,,,,,0.0,,,,,,0.0,,,,,,B-66B
br_20_dr,0.0,,,,,,0.0,,,,,,0.0,,,,,,B.R.20DR
br_20m_m1,0.0,,,,,,0.0,,,,,,0.0,,,,,,B.R.20M_M1
fr_b1_bis,0.0,,,,,,21.0,,,0.0,,1.14,0.0,,,,,,B1_bis
fr_b1_ter,0.0,,,,,,13.0,,,0.0,,2.0,0.0,,,,,,B1_ter
saab_b17a,0.0,,,,,,0.0,,,,,,0.0,,,,,,B17A
saab_b17b,0.0,,,,,,7.0,0.0,0.0,0.0,0.0,0.0,0.0,,,,,,B17B
saab_b18a,0.0,,,,,,0.0,,,,,,0.0,,,,,,B18A
b6n2,0.0,,,,,,0.0,,,,,,0.0,,,,,,B6N2_Model_12
b6n2a,0.0,,,,,,0.0,,,,,,0.0,,,,,,B6N2a_Model_12Ko
ussr_ba_11,0.0,,,,,,0.0,,,,,,0.0,,,,,,BA-11
ba_65_k14_l,0.0,,,,,,0.0,,,,,,0.0,,,,,,Ba.65_(K.14)_L
ba_65_a80,0.0,,,,,,0.0,,,,,,0.0,,,,,,Ba.65_A.80
uk_badger,0.0,,,,,,22.0,50.0,0.0,0.0,0.4,0.94,0.0,,,,,,Badger
f_16d_block_40_barak_2,0.0,,,,,,79.0,94.84,0.67,1.0,2.25,2.5,0.0,,,,,,Barak_II
il_m113_hvms,0.0,,,,,,55.0,83.87,0.0,0.0,1.87,1.68,0.0,,,,,,Bardelas/60mm_HVMS
f_15a_iaf,0.0,,,,,,0.0,,,,,,0.0,,,,,,Baz
f_15c_baz_msip,0.0,,,,,,0.0,,,,,,0.0,,,,,,Baz_Meshupar
be_6,0.0,,,,,,0.0,,,,,,0.0,,,,,,Be-6
beaufighter_mk1_40mm,0.0,,,,,,0.0,,,,,,0.0,,,,,,Beaufighter_Mk_I_(40-mm)
germ_beutepanzer_mk_iv,0.0,,,,,,0.0,,,,,,0.0,,,,,,Beutepanzer_IV
bf-109c_1_promo,0.0,,,,,,0.0,,,,,,0.0,,,,,,Bf_109_C-1_Promo
bf-109e-3_japan,0.0,,,,,,12.0,,,,,,0.0,,,,,,Bf_109_E-7
bf-109e-7,0.0,,,,,,0.0,,,,,,0.0,,,,,,Bf_109_E-7/U2
bf-109g-10,0.0,,,,,,22.0,0.0,1.0,,1.0,,0.0,,,,,,Bf_109_G-10
bf-109g-14,0.0,,,,,,91.0,65.91,0.91,1.04,0.57,0.59,0.0,,,,,,Bf_109_G-14
bf-109g-14as,0.0,,,,,,0.0,,,,,,0.0,,,,,,Bf_109_G-14/AS
bf-109g-2_romania,0.0,,,,,,0.0,,,,,,0.0,,,,,,Bf_109_G-2
bf-109g-6_finland,0.0,,,,,,47.0,100.0,5.71,5.71,4.0,4.0,0.0,,,,,,Bf_109_G-6
bf-109k-4,0.0,,,,,,384.0,67.3,1.53,2.51,0.68,0.98,38.0,100.0,6.89,3.67,0.0,0.0,Bf_109_K-4
bf-109z,0.0,,,,,,36.0,100.0,4.0,1.88,3.0,1.0,0.0,,,,,,Bf_109_Z-1
bf-110c-6,0.0,,,,,,0.0,,,,,,0.0,,,,,,Bf_110_C-6
bf-110c-4,0.0,,,,,,0.0,,,,,,0.0,,,,,,Bf_110_C-7
bf2c_1,0.0,,,,,,0.0,,,,,,0.0,,,,,,BF2C-1
bi,0.0,,,,,,14.0,,,,,,0.0,,,,,,BI
jp_oplot_t,0.0,,,,,,711.0,56.88,0.0,0.0,1.99,1.56,0.0,,,,,,BM_Oplot-T
ussr_bm_13n,0.0,,,,,,0.0,,,,,,0.0,,,,,,BM-13N
ussr_bm_31_12,0.0,,,,,,181.0,96.5,0.0,0.0,0.48,0.37,0.0,,,,,,BM-31-12
ussr_bm_8_24,0.0,,,,,,0.0,,,,,,0.0,,,,,,BM-8-24
ussr_bmd_4,0.0,,,,,,101.0,83.91,0.0,0.0,2.94,1.36,0.0,,,,,,BMD-4
p-38j_marge,0.0,,,,,,16.0,100.0,5.0,,4.0,,2.0,,,2.0,,2.0,Bong's_P-38J-15
boston_mk_1,0.0,,,,,,0.0,,,,,,0.0,,,,,,Boston_Mk_I
uk_bosvark,0.0,,,,,,72.0,16.67,0.31,0.36,0.85,0.9,0.0,,,,,,Bosvark
br_693_ab2,0.0,,,,,,0.0,,,,,,0.0,,,,,,Br.693AB2
breda_88,0.0,,,,,,0.0,,,,,,0.0,,,,,,Breda_88_(P.XI)
ussr_bt_7_1937_td,0.0,,,,,,0.0,,,,,,0.0,,,,,,BT-7_TD
ussr_bt_7a_f32,0.0,,,,,,157.0,76.67,0.0,0.0,2.97,2.63,0.0,,,,,,BT-7A_(F-32)
jp_btr_3e1,0.0,,,,,,291.0,63.65,0.0,0.0,1.39,1.13,0.0,,,,,,BTR-3E1
buccaneer_s1,0.0,,,,,,25.0,100.0,0.0,0.0,0.4,0.83,0.0,,,,,,Buccaneer_S.1
buccaneer_s2,0.0,,,,,,31.0,0.0,0.0,0.0,1.6,0.81,0.0,,,,,,Buccaneer_S.2
bv-138c-1,0.0,,,,,,0.0,,,,,,0.0,,,,,,BV_138_C-1
bv-238,0.0,,,,,,0.0,,,,,,0.0,,,,,,BV_238
mc200_serie3_italy,0.0,,,,,,0.0,,,,,,0.0,,,,,,C._200_serie_3
mc200_serie3,0.0,,,,,,0.0,,,,,,0.0,,,,,,C._200_serie_3
mc200_serie7,0.0,,,,,,0.0,,,,,,0.0,,,,,,C._200_serie_7
mc-202,0.0,,,,,,0.0,,,,,,0.0,,,,,,C._202
mc-202_d,0.0,,,,,,0.0,,,,,,0.0,,,,,,C._202D
mc-205_serie3,0.0,,,,,,7.0,100.0,2.0,,1.14,,0.0,,,,,,C._205_serie_3
mc-205_n2,0.0,,,,,,0.0,,,,,,0.0,,,,,,C._205N2
it_c13_tua,0.0,,,,,,0.0,,,,,,0.0,,,,,,C13/TUA
germ_leopard_c2_mexas,0.0,,,,,,85.0,50.0,0.0,0.0,1.92,2.84,0.0,,,,,,C2A1
canberra_bimk6,0.0,,,,,,48.0,85.71,3.07,12.14,0.61,1.93,0.0,,,,,,Canberra_B_(I)_Mk_6
canberra_bmk2,0.0,,,,,,0.0,,,,,,0.0,,,,,,Canberra_B_Mk_2
pby-5a_raf,0.0,,,,,,0.0,,,,,,0.0,,,,,,Catalina_Mk_IIIa
cn_gmc_cckw_353_m45_quad,0.0,,,,,,10.0,,,,,,0.0,,,,,,CCKW_353_(M45)
it_sahariano,0.0,,,,,,0.0,,,,,,0.0,,,,,,Celere_Sahariano
it_b1_centauro_romor,0.0,,,,,,51.0,62.7,0.0,0.0,1.87,2.36,0.0,,,,,,Centauro_I_105_R
it_centauro_mgs_120,0.0,,,,,,102.0,67.78,0.0,0.0,2.39,2.25,0.0,,,,,,Centauro_I_120
it_centauro_2,0.0,,,,,,133.0,88.71,0.0,0.0,3.56,2.15,0.0,,,,,,Centauro_II_(P)
uk_centurion_action_x,0.0,,,,,,19.0,,,0.0,,1.95,0.0,,,,,,Centurion_Action_X
uk_centurion_mk_2,0.0,,,,,,166.0,62.56,0.0,0.0,3.0,2.63,0.0,,,,,,Centurion_Mk.2
uk_centurion_mk_5_raac,0.0,,,,,,54.0,100.0,0.0,0.0,5.0,2.86,0.0,,,,,,Centurion_Mk.5/1
yak-9t_france,0.0,,,,,,0.0,,,,,,0.0,,,,,,Challe's_Yak-9T
uk_challenger_2_tes,0.0,,,,,,247.0,52.2,0.0,0.0,1.13,1.35,0.0,,,,,,Challenger_2_TES
fr_bat_chat_25t,0.0,,,,,,134.0,76.32,0.0,0.0,3.39,3.28,0.0,,,,,,Char_25t
jp_type_97_kai,0.0,,,,,,61.0,100.0,0.0,0.0,6.25,4.57,0.0,,,,,,Chi-Ha_Kai
jp_type_97_kai_td,0.0,,,,,,0.0,,,,,,0.0,,,,,,Chi-Ha_Kai_TD
jp_type_1_chi_he_5th_regiment,0.0,,,,,,0.0,,,,,,0.0,,,,,,Chi-He_(5th_Regiment)
uk_chieftain_marksman,0.0,,,,,,235.0,41.34,0.26,0.24,1.03,0.84,0.0,,,,,,Chieftain_Marksman
uk_churchill_avre,0.0,,,,,,0.0,,,,,,0.0,,,,,,Churchill_AVRE_Petard
uk_a_22f_mk_7_churchill_crocodile,0.0,,,,,,158.0,63.23,0.0,0.0,3.44,4.04,0.0,,,,,,Churchill_Crocodile
uk_churchill_na75,0.0,,,,,,4.0,,,0.0,,1.0,0.0,,,,,,Churchill_NA75
f-86_cl_13_mk4_italy,0.0,,,,,,75.0,45.56,2.27,3.63,1.73,2.69,0.0,,,,,,CL-13_Mk.4
germ_th_800_bismark,0.0,,,,,,67.0,100.0,0.0,0.0,14.0,3.09,0.0,,,,,,Class_3_(P)
us_sl_amraam_launcher,,,,,,,,,,,,,,,,,,,CLAWS_(СОУ)
us_sl_amraam_fcs,0.0,,,,,,333.0,69.74,1.21,1.05,0.0,0.0,0.0,,,,,,CLAWS_(СОЦ)
fr_marder_clovis,0.0,,,,,,281.0,57.91,0.04,0.05,2.24,2.43,16.0,,,0.0,,1.0,CLOVIS
cn_cm11,0.0,,,,,,107.0,79.1,0.0,0.0,4.93,5.61,0.0,,,,,,CM11
cn_cm_34,0.0,,,,,,213.0,73.63,0.07,0.04,2.17,1.35,9.0,66.67,0.0,0.0,2.3,2.3,CM34
it_fiat_cm52,0.0,,,,,,26.0,,,0.0,,0.0,0.0,,,,,,CM52
uk_a_34_comet_iron_duke,0.0,,,,,,0.0,,,,,,0.0,,,,,,"Comet_I_""Iron_Duke_IV"""
uk_concept3_ngac,0.0,,,,,,433.0,62.23,0.0,0.0,1.42,1.04,0.0,,,,,,Concept_3
cr_32_bis,0.0,,,,,,0.0,,,,,,0.0,,,,,,CR.32_bis
fiat_cr42,0.0,,,,,,0.0,,,,,,0.0,,,,,,CR.42
fiat_cr42_italy,0.0,,,,,,0.0,,,,,,0.0,,,,,,CR.42
uk_crusader_aa_mk_2,0.0,,,,,,56.0,63.98,0.85,1.48,0.1,0.23,0.0,,,,,,Crusader_AA_Mk_II
it_39m_csaba,0.0,,,,,,0.0,,,,,,0.0,,,,,,Csaba
sw_patria_amv_ctcv_105,0.0,,,,,,109.0,52.17,0.0,0.0,2.22,1.87,0.0,,,,,,CT-CV_105HP
jp_icv_prototype,0.0,,,,,,152.0,63.5,0.11,0.09,1.42,1.27,0.0,,,,,,CTWV_RCV
sw_cv_90_mk4,0.0,,,,,,104.0,46.77,0.0,0.0,0.97,1.08,0.0,,,,,,CV_90_Mk.IV
fr_cv_9035_nl,0.0,,,,,,54.0,50.0,0.0,0.0,1.69,1.86,0.0,,,,,,CV_9035NL
sw_cv_9030_fin,0.0,,,,,,415.0,48.22,0.0,0.0,1.21,1.12,0.0,,,,,,CV9030FIN
cw_21,0.0,,,,,,0.0,,,,,,0.0,,,,,,CW-21
d_371,0.0,,,,,,0.0,,,,,,0.0,,,,,,D.371
d_371_hs9,0.0,,,,,,2.0,,,1.0,,0.0,0.0,,,,,,D.371_H.S.9
d_373,0.0,,,,,,0.0,,,,,,0.0,,,,,,D.373
d_500,0.0,,,,,,0.0,,,,,,0.0,,,,,,D.500
d_501,0.0,,,,,,0.0,,,,,,0.0,,,,,,D.501
d_510c,0.0,,,,,,0.0,,,,,,0.0,,,,,,D.510C
d_520_france,0.0,,,,,,27.0,100.0,1.0,1.0,0.0,0.0,0.0,,,,,,D.520
fr_renault_d2,0.0,,,,,,21.0,,,0.0,,2.0,0.0,,,,,,D2
d3a1,0.0,,,,,,0.0,,,,,,0.0,,,,,,D3A1
d4y1,0.0,,,,,,0.0,,,,,,0.0,,,,,,D4Y1
it_dardo_vcc,0.0,,,,,,28.0,40.0,0.0,0.0,1.05,1.03,43.0,50.0,0.0,0.0,2.32,1.81,Dardo
db_3b,0.0,,,,,,0.0,,,,,,0.0,,,,,,DB-3B
uk_desert_warrior,0.0,,,,,,74.0,43.48,0.0,0.0,1.17,0.46,0.0,,,,,,Desert_Warrior
do_17e_1,0.0,,,,,,0.0,,,,,,0.0,,,,,,Do_17_E-1
do_17z_2,0.0,,,,,,0.0,,,,,,0.0,,,,,,Do_17_Z-2
do_17z_7,0.0,,,,,,0.0,,,,,,0.0,,,,,,Do_17_Z-7
do_217e_4,0.0,,,,,,0.0,,,,,,0.0,,,,,,Do_217_E-4
do_217j_1,0.0,,,,,,0.0,,,,,,0.0,,,,,,Do_217_J-1
do_217j_2,0.0,,,,,,0.0,,,,,,0.0,,,,,,Do_217_J-2
do_217k_1,0.0,,,,,,0.0,,,,,,0.0,,,,,,Do_217_K-1
do_217m_1,0.0,,,,,,0.0,,,,,,0.0,,,,,,Do_217_M-1
do_217n_1,0.0,,,,,,0.0,,,,,,0.0,,,,,,Do_217_N-1
do_217n_2,0.0,,,,,,0.0,,,,,,0.0,,,,,,Do_217_N-2
do_335b_2,0.0,,,,,,106.0,53.23,0.64,0.5,2.69,2.66,0.0,,,,,,Do_335_B-2
fr_panhard_ebr_1954,0.0,,,,,,104.0,93.14,0.0,0.0,5.06,2.93,11.0,,,0.0,,1.82,E.B.R._(1954)
fr_panhard_ebr_1963,0.0,,,,,,0.0,,,,,,0.0,,,,,,E.B.R._(1963)
e7k2,,,,,,,,,,,,,,,,,,,E7K2
e8n2,,,,,,,,,,,,,,,,,,,E8N2
us_efv_p1,0.0,,,,,,232.0,54.56,0.0,0.0,1.53,0.83,9.0,,,0.0,,1.0,EFV
il_eitan,0.0,,,,,,81.0,64.04,0.0,0.0,0.74,0.72,0.0,,,,,,Eitan_(P)
sw_eldenhet_98,0.0,,,,,,15.0,100.0,1.0,1.0,0.0,0.0,0.0,,,,,,EldE_98
germ_pzkpfw_V_ersatz_m10,0.0,,,,,,0.0,,,,,,0.0,,,,,,Ersatz_M10
etndard_4m,0.0,,,,,,37.0,100.0,2.0,1.52,1.0,0.76,0.0,,,,,,Etendard_IVM
f1,0.0,,,,,,25.0,100.0,4.8,5.45,0.0,0.0,0.0,,,,,,F-1
f-100d_france,0.0,,,,,,0.0,,,,,,0.0,,,,,,F-100D
f_101c,0.0,,,,,,54.0,66.13,1.66,3.58,1.81,3.68,0.0,,,,,,F-101C
f-104g_belgium,0.0,,,,,,0.0,,,,,,0.0,,,,,,F-104G
f-104g_italy,0.0,,,,,,0.0,,,,,,0.0,,,,,,F-104G
f-104j,0.0,,,,,,0.0,,,,,,0.0,,,,,,F-104J
f-104s,0.0,,,,,,0.0,,,,,,0.0,,,,,,F-104S
f-104s_cb,0.0,,,,,,75.0,33.33,0.11,0.48,3.14,3.66,0.0,,,,,,F-104S_TAF
f-104s_asa,0.0,,,,,,35.0,,,1.35,,0.0,0.0,,,,,,F-104S.ASA
f_111a,0.0,,,,,,0.0,,,,,,0.0,,,,,,F-111A
f_111c_raaf,0.0,,,,,,18.0,44.44,0.44,0.89,0.44,0.89,0.0,,,,,,F-111C
f_117,0.0,,,,,,34.0,50.0,0.0,0.0,1.05,2.1,0.0,,,,,,F-117
f_14a_early,0.0,,,,,,120.0,50.0,1.04,1.01,0.05,0.05,11.0,,,0.0,,0.0,F-14A_Early
f_14d,0.0,,,,,,491.0,46.52,1.41,1.53,0.02,0.03,0.0,,,,,,F-14D
f_15i_raam,0.0,,,,,,117.0,77.16,1.55,2.27,1.03,1.48,0.0,,,,,,F-15I_Ra’am
f_15j,0.0,,,,,,16.0,50.0,1.5,1.5,0.0,0.0,0.0,,,,,,F-15J
f_15j_kai,0.0,,,,,,57.0,69.05,2.31,3.18,0.06,0.48,0.0,,,,,,F-15J(M)
f_16a_block_15_belgium,0.0,,,,,,24.0,0.0,3.0,1.14,0.0,0.0,0.0,,,,,,F-16A
f_16a_block_15_adf_italy,0.0,,,,,,0.0,,,,,,0.0,,,,,,F-16A_ADF
f_16a_block_15_ocu_thailand,0.0,,,,,,39.0,100.0,1.86,1.86,0.36,0.36,0.0,,,,,,F-16A_OCU
f_16a_block_15_ocu_belgium,0.0,,,,,,0.0,,,,,,0.0,,,,,,F-16A_OCU
f_16aj,0.0,,,,,,92.0,67.86,0.13,0.15,1.56,1.32,0.0,,,,,,F-16AJ
f_16am_block_15_mlu_belgium,0.0,,,,,,20.0,100.0,1.0,1.0,0.0,0.0,0.0,,,,,,F-16AM
f_16c_block_40_barak_2,0.0,,,,,,0.0,,,,,,0.0,,,,,,F-16C_Barak_II
f_16i_sufa,0.0,,,,,,0.0,,,,,,0.0,,,,,,F-16I_Sufa
fa_18c_finland,0.0,,,,,,49.0,50.0,1.2,1.23,0.0,0.0,0.0,,,,,,F-18C
ef_2000a,0.0,,,,,,1.0,50.0,0.5,1.0,0.5,1.0,0.0,,,,,,F-2000A
ef_2000a_aesa,0.0,,,,,,96.0,56.9,3.03,5.39,0.57,0.82,0.0,,,,,,F-2000A_(AESA)
f_20a,0.0,,,,,,45.0,85.56,1.06,0.84,0.54,0.3,0.0,,,,,,F-20A
f_2a,0.0,,,,,,132.0,86.29,2.06,1.69,0.07,0.07,28.0,,,1.83,,0.0,F-2A
f_2a_adtw,0.0,,,,,,1007.0,58.98,1.34,1.71,0.24,0.32,39.0,,,1.63,,1.32,F-2A_ADTW
f-4ej_adtw,0.0,,,,,,120.0,46.27,2.28,1.22,0.17,0.11,18.0,,,0.0,,0.0,F-4EJ_ADTW
f-4ej_kai,0.0,,,,,,11.0,,,1.0,,0.0,0.0,,,,,,F-4EJ_Kai_Phantom_II
f-4ej,0.0,,,,,,44.0,82.46,1.16,1.47,0.16,0.26,0.0,,,,,,F-4EJ_Phantom_II
f-4j,0.0,,,,,,70.0,75.81,2.1,2.0,0.03,0.03,0.0,,,,,,F-4J_Phantom_II
f-5a,0.0,,,,,,0.0,,,,,,0.0,,,,,,F-5A
f-5a_thailand,0.0,,,,,,18.0,,,,,,0.0,,,,,,F-5A
f-5e_fcu_thailand,0.0,,,,,,417.0,56.73,1.09,1.44,0.7,0.92,0.0,,,,,,F-5E_FCU
f-5t_thailand,0.0,,,,,,13.0,,,0.0,,1.69,0.0,,,,,,F-5T_SCU
f-5th_thailand,0.0,,,,,,76.0,100.0,2.03,1.82,0.41,0.24,0.0,,,,,,F-5TH_TCU
p-51c-10_france,0.0,,,,,,0.0,,,,,,0.0,,,,,,F-6C-10-NA
f-84f_france,0.0,,,,,,25.0,50.0,0.0,0.0,0.5,0.5,0.0,,,,,,F-84F
f-84f_italy,0.0,,,,,,0.0,,,,,,0.0,,,,,,F-84F
f-84f,0.0,,,,,,81.0,49.77,0.0,0.01,1.29,1.52,0.0,,,,,,F-84F
f-84f_iaf,0.0,,,,,,0.0,,,,,,0.0,,,,,,F-84F_IAF
f-84g,0.0,,,,,,9.0,,,,,,0.0,,,,,,F-84G-21-RE
f-84g_italy,0.0,,,,,,4.0,,,,,,0.0,,,,,,F-84G-21-RE
f-84g_france,0.0,,,,,,0.0,,,,,,0.0,,,,,,F-84G-26-RE
f-86f-30_japan,0.0,,,,,,230.0,68.79,1.8,2.34,0.84,1.12,0.0,,,,,,F-86F-30_
f-86f-35,0.0,,,,,,39.0,88.89,0.0,0.0,0.44,0.06,0.0,,,,,,F-86F-35
f-86f-40_japan,0.0,,,,,,69.0,82.8,1.06,4.19,1.35,3.0,0.0,,,,,,F-86F-40_
f-86f-40_japan_blue_impulse,0.0,,,,,,26.0,100.0,4.6,4.67,4.0,3.83,0.0,,,,,,F-86F-40_JASDF
f-86k_late,0.0,,,,,,16.0,,,1.0,,0.5,0.0,,,,,,F-86K
f-86k_late_italy,0.0,,,,,,0.0,,,,,,0.0,,,,,,F-86K
f-89d,0.0,,,,,,55.0,81.48,3.13,4.33,0.0,0.0,0.0,,,,,,F-89D
f-8e_fn,0.0,,,,,,0.0,,,,,,0.0,,,,,,F-8E(FN)
f_222_2,0.0,,,,,,0.0,,,,,,0.0,,,,,,F.222.2
fc_20_bis,0.0,,,,,,0.0,,,,,,0.0,,,,,,F.C.20_Bis
fa_18a,0.0,,,,,,107.0,58.18,1.83,1.81,0.0,0.0,14.0,,,2.0,,0.0,F/A-18A
fa_18c_mlu_2_finland,0.0,,,,,,73.0,64.44,1.07,1.26,0.61,1.54,0.0,,,,,,F/A-18C_MLU_2
fa_18d_late_malaysia,0.0,,,,,,80.0,85.19,1.51,1.64,0.72,0.57,0.0,,,,,,F/A-18D_Late
fa_18f_block_2_raaf,0.0,,,,,,45.0,50.0,1.0,1.18,1.41,1.59,0.0,,,,,,F/A-18F
f11f_1_late,0.0,,,,,,27.0,100.0,5.0,,0.0,,0.0,,,,,,F11F-1
f1m2,0.0,,,,,,0.0,,,,,,0.0,,,,,,F1M2
f2a-1,0.0,,,,,,0.0,,,,,,0.0,,,,,,F2A-1
f3d_1,0.0,,,,,,61.0,53.13,0.02,0.01,2.0,1.84,0.0,,,,,,F3D-1
f3f-2,0.0,,,,,,0.0,,,,,,0.0,,,,,,F3F-2
f4d_1,0.0,,,,,,13.0,100.0,1.71,1.71,0.0,0.0,0.0,,,,,,F4D-1
f4u-1a_japan,0.0,,,,,,28.0,100.0,1.32,1.24,0.0,0.0,0.0,,,,,,F4U-1A
f4u-4b_vmf_214,0.0,,,,,,0.0,,,,,,0.0,,,,,,F4U-4B_VMF-214
f6f-5n_france,0.0,,,,,,21.0,,,0.0,,2.6,14.0,,,5.0,,1.0,F6F-5N
f7f3,0.0,,,,,,141.0,87.1,0.24,0.29,2.53,2.65,0.0,,,,,,F7F-3
f9f-5,0.0,,,,,,34.0,,,1.04,,2.8,0.0,,,,,,F9F-5
uk_falcon,0.0,,,,,,320.0,46.72,0.62,0.47,1.5,1.06,0.0,,,,,,Falcon
fr_fcm_36,0.0,,,,,,0.0,,,,,,0.0,,,,,,FCM.36
ffa_p16,0.0,,,,,,0.0,,,,,,0.0,,,,,,FFA_P-16
it_fiat_6614_106sr,0.0,,,,,,509.0,69.6,0.0,0.0,2.66,1.79,0.0,,,,,,FIAT_6614
b_48_firecrest,0.0,,,,,,34.0,,,,,,0.0,,,,,,Firecrest
it_fiat_6614_firos,0.0,,,,,,41.0,100.0,0.0,0.0,1.94,0.98,0.0,,,,,,FIROS_6
fj_4b,0.0,,,,,,3.0,,,,,,0.0,,,,,,FJ-4B
fj_4b_agm_12b,0.0,,,,,,77.0,93.94,0.39,0.41,2.85,3.5,0.0,,,,,,FJ-4B_VMF-232
germ_flakpanzer_38t_Gepard,0.0,,,,,,27.0,100.0,1.0,0.88,3.88,3.34,0.0,,,,,,Flakpanzer_38
germ_flarakrad,0.0,,,,,,88.0,50.0,1.56,0.65,0.0,0.0,0.0,,,,,,FlaRakRad
fr_1_fireball,0.0,,,,,,212.0,60.98,0.67,0.71,1.16,1.15,7.0,,,0.0,,1.29,FR-1_Fireball
it_freccia_hitfist_ows,0.0,,,,,,222.0,48.92,0.0,0.0,2.06,1.31,0.0,,,,,,Freccia_OWS_30
fr_samp_t_launcher,0.0,,,,,,0.0,,,,,,0.0,,,,,,FSAF_SAMP/T_(Mamba)_(СОУ)
fr_samp_t_fcs,0.0,,,,,,76.0,77.2,2.26,2.38,0.0,0.0,0.0,,,,,,FSAF_SAMP/T_(Mamba)_(СОЦ)
it_samp_t_fcs,0.0,,,,,,1.0,,,,,,0.0,,,,,,FSAF_SAMP/T_(СОЦ)
fury_mk1,0.0,,,,,,0.0,,,,,,0.0,,,,,,Fury_Mk_I
fury_mk2,0.0,,,,,,0.0,,,,,,0.0,,,,,,Fury_Mk_II
uk_fv4005,0.0,,,,,,142.0,33.5,0.0,0.0,2.44,1.65,0.0,,,,,,FV4005
fw-189a-1,0.0,,,,,,0.0,,,,,,0.0,,,,,,Fw_189_A-1
fw-190a-5_japan,0.0,,,,,,11.0,,,,,,0.0,,,,,,Fw_190_A-5
fw-190a-8_usa,0.0,,,,,,21.0,66.67,0.7,1.0,1.0,1.5,0.0,,,,,,Fw_190_A-8
fw-190c,0.0,,,,,,0.0,,,,,,0.0,,,,,,Fw_190_C
fw-190d-13,0.0,,,,,,54.0,73.08,1.08,1.0,1.38,1.27,0.0,,,,,,Fw_190_D-13
fw_200c_1,0.0,,,,,,24.0,,,,,,0.0,,,,,,Fw_200_C-1
fw_189c_0,0.0,,,,,,0.0,,,,,,0.0,,,,,,Fw_189_C
fiat_g50_seria7as,0.0,,,,,,0.0,,,,,,0.0,,,,,,G.50_AS_serie_7
fiat_g50_seria2,0.0,,,,,,0.0,,,,,,0.0,,,,,,G.50_serie_2
fiat_g50_seria2_italy,0.0,,,,,,0.0,,,,,,0.0,,,,,,G.50_serie_2
g_55_serie1,0.0,,,,,,36.0,100.0,1.58,0.73,0.6,0.18,0.0,,,,,,G.55_serie_1
g_55_serie1_ss0,0.0,,,,,,22.0,100.0,0.0,0.0,0.0,0.0,0.0,,,,,,G.55_sottoserie_0
g_55s,0.0,,,,,,69.0,86.56,1.06,1.1,1.18,1.23,7.0,,,5.0,,0.0,G.55S
g_56,0.0,,,,,,0.0,,,,,,0.0,,,,,,G.56
fiat_g91_ps,0.0,,,,,,26.0,95.83,0.96,1.0,0.04,0.08,0.0,,,,,,G.91_pre-serie
fiat_g91_r1,0.0,,,,,,17.0,55.56,0.0,0.0,0.44,0.89,0.0,,,,,,G.91_R/1
fiat_g91_r4,0.0,,,,,,22.0,0.0,0.71,0.45,0.86,0.55,0.0,,,,,,G.91_R/4
fiat_g91_y,0.0,,,,,,102.0,100.0,4.52,,0.37,,0.0,,,,,,G.91_Y
fiat_g91_ys,0.0,,,,,,98.0,100.0,2.49,4.69,1.51,2.66,0.0,,,,,,G.91_YS
g4m1,0.0,,,,,,0.0,,,,,,0.0,,,,,,G4M1
g5n1,0.0,,,,,,0.0,,,,,,0.0,,,,,,G5N1
g8n1,0.0,,,,,,6.0,66.67,1.0,3.0,0.0,0.0,0.0,,,,,,G8N1
f3f-2_galer,0.0,,,,,,7.0,,,,,,0.0,,,,,,Galer's_F3F-2
germ_garford_putilov,0.0,,,,,,0.0,,,,,,0.0,,,,,,Garford-Beute
ussr_gaz_4m,0.0,,,,,,0.0,,,,,,0.0,,,,,,GAZ-AAA_(4M)
ussr_gaz_dshk,0.0,,,,,,0.0,,,,,,0.0,,,,,,GAZ-AAA_(DShK)
uk_vickers_gbt_155,0.0,,,,,,118.0,72.76,0.17,0.14,1.95,1.72,0.0,,,,,,GBT_155
il_m113a1_tow,0.0,,,,,,26.0,50.0,0.0,0.0,1.23,1.43,0.0,,,,,,Giraf
gladiator_mk1_belgium,0.0,,,,,,0.0,,,,,,0.0,,,,,,Gladiator_Mk_I
gladiator_mk2_france,0.0,,,,,,0.0,,,,,,0.0,,,,,,Gladiator_Mk_IIF
gladiator_mk2_silver,0.0,,,,,,0.0,,,,,,0.0,,,,,,Gladiator_Mk_IIS
uk_mk1_grant,0.0,,,,,,0.0,,,,,,0.0,,,,,,Grant_I
uk_3_inch_gun_carrier,0.0,,,,,,0.0,,,,,,0.0,,,,,,Gun_Carrier_(3-in)
il_28_china,0.0,,,,,,0.0,,,,,,0.0,,,,,,H-5
h-75a-1_france,0.0,,,,,,0.0,,,,,,0.0,,,,,,H-75A-1
h-75a-4_france,0.0,,,,,,0.0,,,,,,0.0,,,,,,H-75A-4
fr_hotchkiss_h35,0.0,,,,,,0.0,,,,,,0.0,,,,,,H.35
fr_hotchkiss_h39,0.0,,,,,,0.0,,,,,,0.0,,,,,,H.39
fr_hotchkiss_h39_cambronne,0.0,,,,,,0.0,,,,,,0.0,,,,,,"H.39_""Cambronne"""
hp_12,0.0,,,,,,0.0,,,,,,0.0,,,,,,H.P.12
h6k4,0.0,,,,,,0.0,,,,,,0.0,,,,,,H6K4
h8k3,0.0,,,,,,0.0,,,,,,0.0,,,,,,H8K3
jp_type_95_ha_go,0.0,,,,,,3.0,,,0.0,,0.0,0.0,,,,,,Ha-Go
jp_type_95_ha_go_commander,0.0,,,,,,0.0,,,,,,0.0,,,,,,Ha-Go_Commander
a5m4_hagiri,0.0,,,,,,0.0,,,,,,0.0,,,,,,Hagiri's_A5M4
hp52_hampden_mk1_late,0.0,,,,,,0.0,,,,,,0.0,,,,,,Hampden_Mk_I
hp52_hampden_tbmk1,0.0,,,,,,0.0,,,,,,0.0,,,,,,Hampden_TB_Mk_I
hp52_hampden_tbmk1_ussr_utk1,0.0,,,,,,0.0,,,,,,0.0,,,,,,Hampden_TB_Mk_I
harrier_gr1,0.0,,,,,,39.0,100.0,2.0,1.0,0.0,1.0,0.0,,,,,,Harrier_GR.1
harrier_gr3,0.0,,,,,,14.0,0.0,1.0,0.14,1.0,1.0,0.0,,,,,,Harrier_GR.3
harrier_gr7,0.0,,,,,,34.0,27.27,1.0,1.55,0.5,0.77,9.0,,,,,,Harrier_GR.7
harrier_t10,0.0,,,,,,109.0,50.0,0.68,0.66,0.8,1.08,0.0,,,,,,Harrier_T.10
intruder_mk_1,0.0,,,,,,0.0,,,,,,0.0,,,,,,Havoc_Mk_I
hawk_200,0.0,,,,,,0.0,,,,,,0.0,,,,,,Hawk_200
hawk_200_rda,0.0,,,,,,24.0,100.0,3.0,3.0,0.0,0.0,0.0,,,,,,Hawk_200_RDA
h-75a-2_finland,0.0,,,,,,0.0,,,,,,0.0,,,,,,Hawk_H-75A-2
hawk_iii,0.0,,,,,,0.0,,,,,,0.0,,,,,,Hawk_III
he-111h-6,0.0,,,,,,0.0,,,,,,0.0,,,,,,He_111_H-6
he_112b_1_italy,0.0,,,,,,0.0,,,,,,0.0,,,,,,He_112_B-1/U2
he_112b_1,0.0,,,,,,0.0,,,,,,0.0,,,,,,He_112_B-1/U2
he_112b_2,0.0,,,,,,13.0,,,,,,0.0,,,,,,He_112_B-2/U2
he_115c_1,0.0,,,,,,0.0,,,,,,0.0,,,,,,He_115_C-1
he-162a-1,0.0,,,,,,0.0,,,,,,0.0,,,,,,He_162_A-1
he-177a-3,0.0,,,,,,0.0,,,,,,0.0,,,,,,He_177_A-3
he-177a-5,0.0,,,,,,0.0,,,,,,0.0,,,,,,He_177_A-5
he_219a_7,0.0,,,,,,10.0,,,,,,0.0,,,,,,He_219_A-7
he51b_2w,0.0,,,,,,0.0,,,,,,0.0,,,,,,He_51_B-2/H
jp_pzkpfw_VI_ausf_e_tiger,0.0,,,,,,16.0,53.33,0.0,0.0,4.24,4.24,0.0,,,,,,Heavy_Tank_No.6
marut_mk1,0.0,,,,,,0.0,,,,,,0.0,,,,,,HF-24
go229_v3,0.0,,,,,,45.0,50.0,1.0,2.0,1.5,3.0,0.0,,,,,,Ho_229_V3
jp_type_2_ho_i,0.0,,,,,,39.0,100.0,0.0,0.0,2.88,1.6,0.0,,,,,,Ho-I
hornet_mk1,0.0,,,,,,24.0,50.0,1.5,1.5,0.5,0.5,0.0,,,,,,Hornet_Mk.I
hornet_mk3,0.0,,,,,,0.0,,,,,,0.0,,,,,,Hornet_Mk.III
il_m163_vulcan,0.0,,,,,,21.0,,,0.0,,0.0,0.0,,,,,,Hovet
cn_hq_11,0.0,,,,,,14.0,50.0,1.0,1.0,0.0,0.0,0.0,,,,,,HQ11
hs-123a-1,0.0,,,,,,0.0,,,,,,0.0,,,,,,Hs_123_A-1
hs-129b-2,0.0,,,,,,0.0,,,,,,0.0,,,,,,Hs_129_B-2
hs-129b-2_romania_italy,0.0,,,,,,0.0,,,,,,0.0,,,,,,Hs_129_B-2_(Romania)
hs-129b-2_romania,0.0,,,,,,0.0,,,,,,0.0,,,,,,Hs_129_B-2_(Romania)
hs-129b-3,0.0,,,,,,36.0,27.27,0.0,0.0,0.27,0.34,0.0,,,,,,Hs_129_B-3
us_hstv_l,0.0,,,,,,2795.0,62.97,0.03,0.0,1.5,1.33,2.0,,,0.0,,1.0,HSTV-L
hudson_mk_v,0.0,,,,,,0.0,,,,,,0.0,,,,,,Hudson_Mk_V
germ_hummel,0.0,,,,,,103.0,87.5,0.0,0.0,6.88,1.78,0.0,,,,,,Hummel
il_hunter_afv,0.0,,,,,,0.0,,,,,,0.0,,,,,,Hunter_AFV
hunter_f1,0.0,,,,,,30.0,100.0,3.88,,1.88,,0.0,,,,,,Hunter_F.1
hunter_f6,0.0,,,,,,167.0,64.16,1.68,2.34,0.71,1.1,0.0,,,,,,Hunter_F.6
hunter_f9_rhodesia,0.0,,,,,,88.0,74.7,2.16,7.08,1.64,6.46,0.0,,,,,,Hunter_FGA.9
hurricane_mk1,0.0,,,,,,0.0,,,,,,0.0,,,,,,Hurricane_Mk_I/L
hurricane_mk4,0.0,,,,,,14.0,,,,,,0.0,,,,,,Hurricane_Mk_IV
hurricane_mk1_late_ep,0.0,,,,,,0.0,,,,,,0.0,,,,,,Hurricane_Mk.I/L_FAA_M
i-15_1935,0.0,,,,,,0.0,,,,,,0.0,,,,,,I-15_M-22
i-15bis,0.0,,,,,,0.0,,,,,,0.0,,,,,,I-15bis
i-16_type10,0.0,,,,,,0.0,,,,,,0.0,,,,,,I-16_type_10
i-16_type18,0.0,,,,,,0.0,,,,,,0.0,,,,,,I-16_type_18
i-16_type5,0.0,,,,,,0.0,,,,,,0.0,,,,,,I-16_type_5
ia_58a_pucara,0.0,,,,,,317.0,70.4,0.8,0.77,3.72,3.64,0.0,,,,,,IA.58A_Pucara
gladiator_j8a_iacobi,0.0,,,,,,4.0,100.0,0.0,0.0,0.0,0.0,0.0,,,,,,Iacobi's_J8A
iar_81c,0.0,,,,,,17.0,100.0,1.29,1.29,0.71,0.71,0.0,,,,,,IAR-81C
iar_81c_db_605,0.0,,,,,,0.0,,,,,,0.0,,,,,,IAR-81C_(DB_605)
iar_93b,0.0,,,,,,0.0,,,,,,0.0,,,,,,IAR-93B
jp_icv_ifv_prototype,0.0,,,,,,159.0,50.32,0.55,0.36,2.55,1.77,0.0,,,,,,ICV_(P)
il-10,0.0,,,,,,45.0,100.0,0.0,0.0,6.8,6.8,0.0,,,,,,IL-10
il_2_1942_luftwaffe,0.0,,,,,,0.0,,,,,,0.0,,,,,,IL-2_(1942)
il_28,0.0,,,,,,12.0,,,0.0,,0.0,17.0,,,0.0,,0.0,IL-28
il_28sh,0.0,,,,,,45.0,0.0,0.0,0.0,0.21,0.17,0.0,,,,,,IL-28Sh
il-2m_mstitel,0.0,,,,,,6.0,100.0,0.0,0.0,1.5,1.0,0.0,,,,,,"IL-2M_""Avenger"""
il-4,0.0,,,,,,0.0,,,,,,0.0,,,,,,IL-4
us_mim_72_chaparral,0.0,,,,,,50.0,,,0.78,,0.0,0.0,,,,,,Imp.Chaparral
uk_a1e1_independent,0.0,,,,,,0.0,,,,,,0.0,,,,,,Independent
germ_iris_slm_launcher,,,,,,,,,,,,,,,,,,,IRIS-T_SLM_(СОУ)
germ_iris_slm_fcs,0.0,,,,,,336.0,37.61,1.92,1.96,0.0,0.0,0.0,,,,,,IRIS-T_SLM_(СОЦ)
ussr_is_2_1944_revenge,0.0,,,,,,21.0,100.0,0.0,0.0,2.93,2.78,0.0,,,,,,"IS-2_""Revenge"""
ussr_is_2_1944_321,0.0,,,,,,0.0,,,,,,0.0,,,,,,IS-2_No.321
ussr_isu_122,0.0,,,,,,74.0,,,0.0,,1.41,0.0,,,,,,ISU-122
ussr_isu_122s,0.0,,,,,,18.0,,,,,,0.0,,,,,,ISU-122S
it_semovente_m43_75_bersaglieri,,,,,,,,,,,,,,,,,,,it_semovente_m43_75_bersaglieri
sw_crotale_ng,0.0,,,,,,31.0,0.0,1.0,1.0,0.0,0.0,0.0,,,,,,ItO_90M
sw_itpsv_90,0.0,,,,,,1302.0,46.42,0.08,0.07,1.65,1.36,0.0,,,,,,ItPsV_Leopard
j_10a,0.0,,,,,,211.0,61.0,1.3,1.93,0.07,0.11,0.0,,,,,,J-10A
j_10c,0.0,,,,,,32.0,100.0,4.56,3.61,3.97,2.25,0.0,,,,,,J-10C
j_11,0.0,,,,,,12.0,50.0,0.75,1.0,0.0,0.0,0.0,,,,,,J-11
j_11a,0.0,,,,,,22.0,50.0,2.5,5.0,0.0,0.0,0.0,,,,,,J-11A
j_11b,0.0,,,,,,16.0,100.0,2.6,2.6,0.8,0.8,0.0,,,,,,J-11B
j_15t,0.0,,,,,,117.0,93.55,4.27,4.18,1.05,0.93,21.0,,,1.0,,0.0,J-15T
mig-15bis_nr23_china,0.0,,,,,,0.0,,,,,,0.0,,,,,,J-2
j_22m1a,0.0,,,,,,487.0,60.68,0.05,0.1,2.75,5.07,0.0,,,,,,J-22M1A
mig-17_china,0.0,,,,,,4.0,100.0,4.0,4.0,1.0,1.0,0.0,,,,,,J-4
j_7_mk2,0.0,,,,,,0.0,,,,,,0.0,,,,,,J-7II
j_8b,0.0,,,,,,0.0,,,,,,0.0,,,,,,J-8B
j_8f,0.0,,,,,,3.0,,,,,,0.0,,,,,,J-8F
fiat_cr42_j11,0.0,,,,,,0.0,,,,,,0.0,,,,,,J11
re_2000_j20,0.0,,,,,,0.0,,,,,,0.0,,,,,,J20
p-51b_7_sweden,0.0,,,,,,7.0,,,,,,0.0,,,,,,J26_David
saab_j29a,0.0,,,,,,85.0,16.67,1.5,2.28,0.0,2.22,0.0,,,,,,J29A
saab_j29d,0.0,,,,,,41.0,50.0,0.69,1.38,11.69,23.38,0.0,,,,,,J29D
saab_j29f,0.0,,,,,,1.0,,,,,,0.0,,,,,,J29F
j2m3,0.0,,,,,,157.0,50.3,0.61,0.74,0.11,0.12,0.0,,,,,,J2M3
j2m4_kai,0.0,,,,,,8.0,50.0,1.33,2.17,0.0,0.0,0.0,,,,,,J2M4_Kai
j2m5,0.0,,,,,,15.0,,,,,,0.0,,,,,,J2M5
saab_j32b,0.0,,,,,,0.0,,,,,,0.0,,,,,,J32B
hunter_f50_sweden,0.0,,,,,,0.0,,,,,,8.0,,,,,,J34
saab_j35a,0.0,,,,,,78.0,60.9,1.69,2.6,0.13,0.21,49.0,,,3.5,,0.0,J35A
j5n1,0.0,,,,,,4.0,,,,,,0.0,,,,,,J5N1
j6k1,0.0,,,,,,31.0,100.0,2.42,1.83,2.79,3.27,3.0,,,1.0,,2.0,J6K1
j7w1,0.0,,,,,,482.0,77.55,0.74,0.68,2.34,2.2,0.0,,,,,,J7W1
j9_early,0.0,,,,,,25.0,50.0,0.94,1.26,0.0,0.0,0.0,,,,,,J9_Early
saab_ja37d,0.0,,,,,,26.0,50.0,1.13,1.76,0.16,0.16,0.0,,,,,,JA37D
saab_ja37di,0.0,,,,,,0.0,,,,,,0.0,,,,,,JA37DI
saab_ja37di_f21,0.0,,,,,,516.0,50.5,1.29,1.15,0.05,0.05,40.0,,,1.26,,0.0,JA37DI_F21
germ_jaguar_2,0.0,,,,,,63.0,0.0,0.0,0.0,0.47,0.43,0.0,,,,,,Jaguar_2
jaguar_a,0.0,,,,,,20.0,50.0,0.0,0.0,0.5,1.0,0.0,,,,,,Jaguar_A
jaguar_e,0.0,,,,,,7.0,,,,,,0.0,,,,,,Jaguar_E
jaguar_gr1,0.0,,,,,,30.0,0.0,2.0,2.0,4.0,4.0,0.0,,,,,,Jaguar_GR.1
jaguar_is,0.0,,,,,,92.0,53.23,0.51,0.63,0.6,0.77,18.0,50.0,0.5,1.0,1.0,1.64,Jaguar_IS
germ_sk105_a2,0.0,,,,,,31.0,,,0.0,,1.23,0.0,,,,,,JaPz.K_A2
saab_jas39a,0.0,,,,,,48.0,62.5,1.23,1.08,0.48,0.43,0.0,,,,,,JAS39A
saab_jas39c,0.0,,,,,,71.0,46.77,0.96,1.51,0.0,0.0,0.0,,,,,,JAS39C
saab_jas39c_thailand,0.0,,,,,,33.0,61.91,0.86,2.0,0.18,0.17,16.0,,,,,,JAS39C
saab_jas39e,0.0,,,,,,210.0,65.61,1.33,1.17,0.47,0.44,0.0,,,,,,JAS39E
javelin_fmk9,0.0,,,,,,277.0,53.75,0.96,1.73,0.25,0.44,0.0,,,,,,Javelin_F.(A.W.)_Mk.9
jf_17,0.0,,,,,,42.0,54.76,0.86,1.59,0.16,0.53,0.0,,,,,,JF-17
jh_7,0.0,,,,,,0.0,,,,,,0.0,,,,,,JH-7
jh_7a_prototype,0.0,,,,,,11.0,,,0.0,,1.22,0.0,,,,,,JH-7A_Prototype
jh_7a2,0.0,,,,,,0.0,,,,,,0.0,,,,,,JH-7A2
ju-188a-2,0.0,,,,,,28.0,100.0,3.0,6.0,0.5,1.0,0.0,,,,,,Ju_188_A-2
ju-388j,0.0,,,,,,0.0,,,,,,0.0,,,,,,Ju_388_J
ju-87b-2,0.0,,,,,,18.0,100.0,2.0,0.55,1.0,0.27,0.0,,,,,,Ju_87_B-2
ju-87d-3,0.0,,,,,,26.0,50.0,0.0,0.0,0.5,1.0,0.0,,,,,,Ju_87_D-3
ju-87g_1,0.0,,,,,,7.0,,,0.0,,0.0,0.0,,,,,,Ju_87_G-1
ju-87g_2,0.0,,,,,,0.0,,,,,,0.0,,,,,,Ju_87_G-2
ju-87r-2,0.0,,,,,,16.0,,,,,,0.0,,,,,,Ju_87_R-2
ju-87r-2_italy,0.0,,,,,,14.0,33.33,0.0,0.0,0.0,0.0,0.0,,,,,,Ju_87_R-2
ju-87r-2_snake,0.0,,,,,,12.0,50.0,0.0,0.0,0.5,1.0,0.0,,,,,,Ju_87_R-2_Libya
ju-88a-1,0.0,,,,,,0.0,,,,,,0.0,,,,,,Ju_88_A-1
ju-88a-4_finland,0.0,,,,,,22.0,,,0.0,,1.38,0.0,,,,,,Ju_88_A-4
ju-88a-4,0.0,,,,,,0.0,,,,,,0.0,,,,,,Ju_88_A-4
ju-88c-6,0.0,,,,,,0.0,,,,,,0.0,,,,,,Ju_88_C-6
kfir_c2,0.0,,,,,,0.0,,,,,,0.0,,,,,,Kfir_C.2
kfir_c7,0.0,,,,,,0.0,,,,,,0.0,,,,,,Kfir_C.7
kfir_canard,0.0,,,,,,74.0,19.3,0.53,0.42,1.47,1.28,0.0,,,,,,Kfir_Canard
uk_khalid,0.0,,,,,,100.0,56.67,0.0,0.0,3.93,2.16,0.0,,,,,,Khalid
ussr_9p157,0.0,,,,,,227.0,47.3,0.0,0.0,1.61,1.4,0.0,,,,,,Khrizantema-S
ki_10_1_commander,0.0,,,,,,0.0,,,,,,0.0,,,,,,Ki-10-I_C
ki_10_2,0.0,,,,,,20.0,,,0.0,,0.0,0.0,,,,,,Ki-10-II
ki_10_2_commander,0.0,,,,,,0.0,,,,,,0.0,,,,,,Ki-10-II_C
ki_102_otsu,0.0,,,,,,0.0,,,,,,0.0,,,,,,Ki-102_otsu
ki_108,0.0,,,,,,0.0,,,,,,0.0,,,,,,Ki-108_Kai
ki_109,0.0,,,,,,0.0,,,,,,0.0,,,,,,Ki-109
j8m1,0.0,,,,,,26.0,,,,,,0.0,,,,,,Ki-200
ki_21_1hei,0.0,,,,,,0.0,,,,,,0.0,,,,,,Ki-21-I_hei
ki-27_otsu_ep,0.0,,,,,,0.0,,,,,,0.0,,,,,,Ki-27_otsu_Tachiarai
ki_43_2_late,0.0,,,,,,17.0,,,1.0,,1.73,0.0,,,,,,Ki-43-II
ki_44_1_ep,0.0,,,,,,3.0,,,1.0,,0.0,0.0,,,,,,Ki-44-I_34
ki_44_2_otsu,0.0,,,,,,2.0,100.0,0.0,0.0,2.0,1.0,0.0,,,,,,Ki-44-II_otsu
ki-45_hei,0.0,,,,,,0.0,,,,,,0.0,,,,,,Ki-45_hei
ki-45_otsu,0.0,,,,,,16.0,,,0.0,,0.0,0.0,,,,,,Ki-45_otsu
ki-45_tei,0.0,,,,,,0.0,,,,,,0.0,,,,,,Ki-45_tei
ki_48_2_otsu,0.0,,,,,,0.0,,,,,,0.0,,,,,,Ki-48-II_otsu
ki-49_1,0.0,,,,,,0.0,,,,,,0.0,,,,,,Ki-49-I
ki-49_2a,0.0,,,,,,0.0,,,,,,0.0,,,,,,Ki-49-IIa
ki-49_2b,0.0,,,,,,0.0,,,,,,0.0,,,,,,Ki-49-IIb
ki-49_2b_late,0.0,,,,,,0.0,,,,,,0.0,,,,,,Ki-49-IIb/L
ki_61_1a_otsu_usa,0.0,,,,,,2.0,,,,,,0.0,,,,,,Ki-61-Ib
ki-83,0.0,,,,,,10.0,,,1.9,,1.0,0.0,,,,,,Ki-83
ki_84_hei,0.0,,,,,,105.0,53.57,1.98,3.23,2.12,3.42,0.0,,,,,,Ki-84_hei
ki_84_otsu,0.0,,,,,,34.0,95.83,1.54,0.78,0.92,0.89,0.0,,,,,,Ki-84_otsu
ki_87,0.0,,,,,,0.0,,,,,,0.0,,,,,,Ki-87
ki_94_2,0.0,,,,,,1.0,,,0.0,,0.0,0.0,,,,,,Ki-94-II
ki-96,0.0,,,,,,1.0,100.0,0.0,0.0,1.0,1.0,0.0,,,,,,Ki-96
kitsuka,0.0,,,,,,218.0,83.33,0.97,1.11,2.3,2.7,0.0,,,,,,Kikka
kor_1,,,,,,,,,,,,,,,,,,,KOR-1
i-15bis_krasnolutsky,0.0,,,,,,0.0,,,,,,0.0,,,,,,Krasnolutsky's_I-15bis
f-4e_iaf,0.0,,,,,,137.0,52.69,0.84,1.01,0.9,1.16,0.0,,,,,,Kurnass
f-4e_kurnass_2000,0.0,,,,,,0.0,,,,,,0.0,,,,,,Kurnass_2000
it_l3_cc,0.0,,,,,,0.0,,,,,,0.0,,,,,,L3/33_CC
it_l6,0.0,,,,,,0.0,,,,,,0.0,,,,,,L6/40
it_l6_leone,0.0,,,,,,0.0,,,,,,0.0,,,,,,L6/40_(31_Rgt.)
la-11,0.0,,,,,,0.0,,,,,,0.0,,,,,,La-11
la-15,0.0,,,,,,16.0,,,0.0,,0.0,0.0,,,,,,La-15
la_174,0.0,,,,,,0.0,,,,,,0.0,,,,,,La-174
la-5fn_luftwaffe,0.0,,,,,,15.0,,,1.0,,0.0,0.0,,,,,,La-5FN
lagg-3-4,0.0,,,,,,0.0,,,,,,0.0,,,,,,LaGG-3-4
lancaster_mk1,0.0,,,,,,30.0,50.0,0.0,0.0,0.0,0.0,0.0,,,,,,Lancaster_B_Mk_I
lancaster_mk3,0.0,,,,,,0.0,,,,,,0.0,,,,,,Lancaster_B_Mk_III
it_lancia3ro_100,0.0,,,,,,0.0,,,,,,0.0,,,,,,Lancia_3Ro_(100/17)
late_298d,0.0,,,,,,0.0,,,,,,0.0,,,,,,Late_298D
us_lav_ad,0.0,,,,,,800.0,54.7,0.35,0.34,0.49,0.45,0.0,,,,,,LAV-AD
fr_leclerc_azur,0.0,,,,,,190.0,79.47,0.0,0.0,4.29,2.09,0.0,,,,,,Leclerc_AZUR
fr_leclerc_s2,0.0,,,,,,119.0,49.31,0.0,0.0,2.56,1.53,0.0,,,,,,Leclerc_S2
fr_leclerc_sxxi,0.0,,,,,,361.0,54.67,0.0,0.0,3.19,2.36,0.0,,,,,,Leclerc_SXXI
leo_451_early,0.0,,,,,,0.0,,,,,,0.0,,,,,,LeO_451_early
leo_451_late,0.0,,,,,,0.0,,,,,,0.0,,,,,,LeO_451_late
germ_leopard_2av,0.0,,,,,,34.0,92.86,0.0,0.0,2.0,2.0,0.0,,,,,,Leopard_2AV
jp_leopard_2ri,0.0,,,,,,461.0,58.97,0.0,0.0,2.05,1.99,0.0,,,,,,Leopard_2RI
uk_vickers_mk_6_aa_mk_1,0.0,,,,,,0.0,,,,,,0.0,,,,,,Light_AA_Mk_I
lightning_f53,0.0,,,,,,23.0,,,,,,0.0,,,,,,Lightning_F.53
lincoln_b2,0.0,,,,,,28.0,100.0,3.5,7.0,0.0,0.0,0.0,,,,,,Lincoln_B_Mk_II
fr_lorraine_155,0.0,,,,,,0.0,,,,,,0.0,,,,,,Lorraine_155_Mle.50
fr_lorraine_37l,0.0,,,,,,0.0,,,,,,0.0,,,,,,Lorraine_37L
us_losat_ccv,0.0,,,,,,30.0,,,0.0,,0.55,0.0,,,,,,LOSAT
sw_lvrbv_701,0.0,,,,,,25.0,,,,,,0.0,,,,,,Lvrbv_701
us_lvt_a_4,0.0,,,,,,0.0,,,,,,0.0,,,,,,LVT(A)(4)
us_lvt_4_zis_2,0.0,,,,,,0.0,,,,,,0.0,,,,,,LVT(A)(4)_(ZIS-2)
fr_lvt_bofors,0.0,,,,,,9.0,100.0,0.0,0.0,2.0,2.0,0.0,,,,,,LVT-4/40
sw_tgdgb_m40_lv,0.0,,,,,,20.0,,,0.0,,1.0,0.0,,,,,,Lvtdgb_m/40
m_346fa,0.0,,,,,,44.0,50.0,1.0,2.0,0.05,0.09,0.0,,,,,,M-346FA
mb_151c1,0.0,,,,,,0.0,,,,,,0.0,,,,,,M.B.151C.1
mb_152c1,0.0,,,,,,0.0,,,,,,0.0,,,,,,M.B.152C1
mb_162,0.0,,,,,,0.0,,,,,,0.0,,,,,,M.B.162
mb_174_a3,0.0,,,,,,0.0,,,,,,0.0,,,,,,M.B.174A-3
mb_175t,0.0,,,,,,0.0,,,,,,0.0,,,,,,M.B.175T
md_450b_barougan,0.0,,,,,,26.0,,,0.0,,0.0,0.0,,,,,,M.D.450B_Barougan
md_450b_ouragan,0.0,,,,,,4.0,100.0,0.33,0.33,0.33,0.33,0.0,,,,,,M.D.450B_Ouragan
md_452_mystere_2a,0.0,,,,,,30.0,50.0,0.5,1.26,1.0,0.84,0.0,,,,,,M.D.452_IIA
md_452_mystere_2c_preproduction,0.0,,,,,,54.0,60.34,0.0,0.0,0.48,0.6,0.0,,,,,,M.D.452_IIC
ms_405c1,0.0,,,,,,0.0,,,,,,0.0,,,,,,M.S.405C1
ms_406c1,0.0,,,,,,0.0,,,,,,0.0,,,,,,M.S.406C1
fr_m10,0.0,,,,,,78.0,,,0.0,,6.33,0.0,,,,,,M10_GMC
us_m103,0.0,,,,,,218.0,56.39,0.0,0.0,2.31,1.38,0.0,,,,,,M103
uk_m109a1,0.0,,,,,,38.0,,,0.0,,1.36,0.0,,,,,,M109A1
germ_m109g,0.0,,,,,,110.0,46.11,0.07,0.03,1.33,0.67,0.0,,,,,,M109G
it_m109g,0.0,,,,,,13.0,,,0.0,,1.0,0.0,,,,,,M109G
it_m113a1_tow,0.0,,,,,,27.0,,,0.0,,0.67,0.0,,,,,,M113A1_(TOW)
us_m1296_dragoon,0.0,,,,,,63.0,76.47,0.0,0.0,1.41,0.9,0.0,,,,,,M1296
us_halftrack_m13,0.0,,,,,,3.0,,,,,,0.0,,,,,,M13_MGMC
it_m13_40_serie_2,0.0,,,,,,0.0,,,,,,0.0,,,,,,M13/40_(II)
it_m13_40_serie_3,0.0,,,,,,0.0,,,,,,0.0,,,,,,M13/40_(III)
it_m14_41,0.0,,,,,,9.0,,,0.0,,4.0,0.0,,,,,,M14/41
it_m15_42,0.0,,,,,,9.0,,,0.0,,3.0,0.0,,,,,,M15/42
us_halftrack_m16,0.0,,,,,,0.0,,,,,,0.0,,,,,,M16_MGMC
us_m163_vulcan,0.0,,,,,,409.0,36.56,0.46,0.43,0.11,0.1,0.0,,,,,,M163
jp_m163_vulcan,0.0,,,,,,279.0,75.22,0.87,0.97,0.23,0.26,0.0,,,,,,M163
jp_m19,0.0,,,,,,44.0,,,0.0,,0.0,0.0,,,,,,M19A1
uk_m1a1_aim_abrams,0.0,,,,,,20.0,100.0,0.0,0.0,4.2,4.2,0.0,,,,,,M1A1
uk_m1a2_sep3_abrams,0.0,,,,,,561.0,61.4,0.0,0.0,2.53,2.08,0.0,,,,,,M1A2
us_m2_medium,0.0,,,,,,0.0,,,,,,0.0,,,,,,M2
us_m24_chaffee_tl,0.0,,,,,,44.0,87.04,0.0,0.0,1.77,2.18,0.0,,,,,,M24_(TL)
us_m247,0.0,,,,,,359.0,39.14,1.34,1.06,0.26,0.22,0.0,,,,,,M247
us_m2a2,0.0,,,,,,0.0,,,,,,0.0,,,,,,M2A2
ussr_m3c,0.0,,,,,,0.0,,,,,,0.0,,,,,,M3_Medium
us_m3a1_stuart_usmc,0.0,,,,,,0.0,,,,,,0.0,,,,,,M3A1_(USMC)
it_m3a3_stuart,0.0,,,,,,4.0,100.0,0.0,0.0,1.0,1.0,0.0,,,,,,M3A3
us_m4a2_1944_germ,0.0,,,,,,0.0,,,,,,0.0,,,,,,M4_748_(a)
fr_m44,0.0,,,,,,62.0,93.94,0.0,0.0,1.58,1.25,0.0,,,,,,M44
it_m44,0.0,,,,,,66.0,51.61,0.0,0.0,1.37,1.76,0.0,,,,,,M44
uk_m44,0.0,,,,,,19.0,,,0.0,,0.0,0.0,,,,,,M44
fr_m46_patton,0.0,,,,,,43.0,34.09,0.0,0.0,1.84,1.92,0.0,,,,,,M46
us_m47_patton_II,0.0,,,,,,330.0,54.38,0.0,0.0,1.74,1.44,0.0,,,,,,M47
it_m47_105,0.0,,,,,,82.0,64.37,0.0,0.0,2.78,2.48,0.0,,,,,,M47_(105/55)
germ_mkpz_super_m48,0.0,,,,,,142.0,39.72,0.0,0.0,2.27,2.42,4.0,100.0,0.0,0.0,1.0,1.0,M48_Super
us_m4a2_1944,,,,,,,,,,,,,,,,,,,M4A2_(1944)
fr_m4a3e2_sherman_jumbo,0.0,,,,,,60.0,78.26,0.0,0.0,3.41,3.9,0.0,,,,,,M4A3E2
fr_m4a4_cn_75_50,0.0,,,,,,182.0,62.69,0.0,0.0,1.7,1.79,0.0,,,,,,M4A4_(SA50)
us_m4a5_ram_2,0.0,,,,,,0.0,,,,,,0.0,,,,,,M4A5
it_m55,0.0,,,,,,26.0,,,0.0,,0.67,27.0,,,,,,M55
us_m5a1_stuart_td,0.0,,,,,,0.0,,,,,,0.0,,,,,,M5A1_TD
us_m60a1_rise_mod,0.0,,,,,,121.0,43.44,0.0,0.0,2.09,1.92,0.0,,,,,,M60A1_Predator
jp_m60a3_tts,0.0,,,,,,67.0,66.67,0.0,0.0,2.98,5.0,0.0,,,,,,M60A3_TTS
us_m728,0.0,,,,,,0.0,,,,,,0.0,,,,,,M728_CEV
us_m8_greyhound,0.0,,,,,,23.0,,,0.0,,1.43,0.0,,,,,,M8_LAC
il_machbet,0.0,,,,,,35.0,0.0,1.0,1.0,0.0,0.0,0.0,,,,,,Machbet
il_magach_3_idf,0.0,,,,,,23.0,,,0.0,,0.75,0.0,,,,,,Magach_3
us_magach_3,0.0,,,,,,0.0,,,,,,0.0,,,,,,Magach_3_(ERA)
il_magach_3,0.0,,,,,,15.0,,,0.0,,1.27,0.0,,,,,,Magach_3_(ERA)
il_magach_6,0.0,,,,,,1.0,,,0.0,,1.0,0.0,,,,,,Magach_6
il_magach_6a,0.0,,,,,,25.0,57.14,0.0,0.0,1.14,1.42,0.0,,,,,,Magach_6A
il_magach_6m,0.0,,,,,,21.0,59.72,0.0,0.0,0.62,1.14,0.0,,,,,,Magach_6M
il_magach_6r,0.0,,,,,,54.0,39.39,0.0,0.0,1.91,2.4,0.0,,,,,,Magach_6R
fiat_cr42_marcolin,0.0,,,,,,0.0,,,,,,0.0,,,,,,Marcolin's_C.R.42_CN
fiat_cr42_marcolin_italy,0.0,,,,,,0.0,,,,,,0.0,,,,,,Marcolin's_C.R.42_CN
germ_marder_1a1,0.0,,,,,,430.0,41.67,0.01,0.01,0.68,0.74,0.0,,,,,,Marder_A1-
uk_mark_v,0.0,,,,,,0.0,,,,,,0.0,,,,,,Mark_V
martin_139wc,0.0,,,,,,0.0,,,,,,0.0,,,,,,Martin_139WC
f4f-4_martlet_mk4,0.0,,,,,,15.0,,,,,,0.0,,,,,,Martlet_Mk_IV
uk_a_12_mk_2_matilda_2,0.0,,,,,,0.0,,,,,,0.0,,,,,,Matilda_III
mb_326b,0.0,,,,,,97.0,98.94,0.0,0.0,4.85,12.84,34.0,64.71,0.35,0.71,2.35,4.12,MB-326B
mb_5,0.0,,,,,,32.0,82.61,2.48,3.6,1.65,2.3,0.0,,,,,,MB.5
mbr-2,0.0,,,,,,0.0,,,,,,0.0,,,,,,MBR-2-M-34
me-163b,0.0,,,,,,12.0,,,,,,0.0,,,,,,Me_163_B
me-163b-0,0.0,,,,,,0.0,,,,,,0.0,,,,,,Me_163_B-0
me_210_v22_japan,0.0,,,,,,0.0,,,,,,0.0,,,,,,Me_210_V22
me-262a-1a,0.0,,,,,,20.0,50.0,0.0,0.0,0.0,0.0,0.0,,,,,,Me_262_A-1a
me-262a-1a_early,0.0,,,,,,38.0,50.0,0.5,1.0,2.5,5.0,0.0,,,,,,Me_262_A-1a/Jabo
me-262a-2a,0.0,,,,,,53.0,93.61,3.12,4.31,0.43,1.77,0.0,,,,,,Me_262_A-2a
me-262c-1a,0.0,,,,,,0.0,,,,,,0.0,,,,,,Me_262_C-1a
me-262c-2b,0.0,,,,,,11.0,,,,,,0.0,,,,,,Me_262_C-2b
me-410a-1_u4,0.0,,,,,,54.0,0.0,0.0,0.0,1.46,1.28,0.0,,,,,,Me_410_A-1/U4
us_merkava_mk_1,0.0,,,,,,54.0,50.0,0.0,0.0,1.97,1.54,0.0,,,,,,Merkava_Mk.1
us_merkava_mk_2b_late,0.0,,,,,,26.0,17.78,0.0,0.0,1.8,2.1,0.0,,,,,,Merkava_Mk.2B
us_merkava_mk_3d,0.0,,,,,,27.0,,,,,,0.0,,,,,,Merkava_Mk.3D
il_merkava_mk_4m,0.0,,,,,,620.0,85.09,0.07,0.07,6.26,6.41,0.0,,,,,,Merkava_Mk.4M
meteor_fmk3,0.0,,,,,,78.0,58.34,0.5,0.83,0.97,1.63,0.0,,,,,,Meteor_F_Mk_3
meteor_fmk4_lw,0.0,,,,,,45.0,88.1,0.57,0.82,1.83,2.09,0.0,,,,,,Meteor_F_Mk_4_G.41F
meteor_fmk4_sw,0.0,,,,,,0.0,,,,,,0.0,,,,,,Meteor_F_Mk_4_G.41G
meteor_fmk8,0.0,,,,,,7.0,,,0.0,,0.0,0.0,,,,,,Meteor_F_Mk_8_G.41K
meteor_fmk8_belgium,0.0,,,,,,24.0,100.0,2.55,1.87,1.0,0.73,0.0,,,,,,Meteor_F_Mk.8
meteor_fmk8_reaper,0.0,,,,,,0.0,,,,,,0.0,,,,,,Meteor_F_Mk.8_Reaper
me_210a_1,0.0,,,,,,22.0,100.0,2.0,0.0,0.0,0.0,0.0,,,,,,Me_210_A-1
mig-15_ns23,0.0,,,,,,88.0,100.0,3.61,1.83,0.11,0.31,0.0,,,,,,MiG-15
mig-15,0.0,,,,,,92.0,31.72,2.18,1.43,0.73,0.47,0.0,,,,,,MiG-15bis
mig-15bis_ish,0.0,,,,,,213.0,75.88,0.23,0.23,2.32,2.4,0.0,,,,,,MiG-15bis_ISH
mig-17_cuba,0.0,,,,,,7.0,,,2.0,,0.0,0.0,,,,,,MiG-17AS
mig-21_bison,0.0,,,,,,324.0,67.01,1.76,1.43,0.0,0.0,0.0,,,,,,MiG-21_Bison
mig-21_pfm,0.0,,,,,,17.0,50.0,0.12,0.24,0.0,0.0,0.0,,,,,,MiG-21PFM
mig_27k,0.0,,,,,,20.0,100.0,0.0,0.56,2.5,2.19,11.0,,,,,,MiG-27K
mig_29_9_12_sniper,0.0,,,,,,462.0,55.26,1.42,1.59,0.14,0.15,17.0,,,1.88,,0.0,MiG-29_Sniper
mig_29n,0.0,,,,,,26.0,0.0,1.0,1.19,0.0,0.0,0.0,,,,,,MiG-29N
mig-9,0.0,,,,,,80.0,27.54,1.63,2.3,0.09,0.09,0.0,,,,,,MiG-9
mig-9_ussr,0.0,,,,,,24.0,50.0,1.0,1.4,0.0,0.0,0.0,,,,,,MiG-9_(l)
mirage_milan,0.0,,,,,,11.0,100.0,1.0,,1.18,,0.0,,,,,,Milan
mirage_2000_5f,0.0,,,,,,172.0,65.63,1.85,1.36,0.45,0.32,0.0,,,,,,Mirage_2000-5F
mirage_2000c_s4,0.0,,,,,,207.0,61.4,2.46,6.24,0.23,0.3,1.0,,,1.0,,0.0,Mirage_2000C-S4
mirage_2000c_s5,0.0,,,,,,113.0,49.71,1.58,2.2,0.05,0.05,0.0,,,,,,Mirage_2000C-S5
mirage_2000d_r1,0.0,,,,,,0.0,,,,,,0.0,,,,,,Mirage_2000D-R1
mirage_2000d_rmv,0.0,,,,,,1.0,,,,,,0.0,,,,,,Mirage_2000D-RMV
mirage_4000,0.0,,,,,,77.0,93.55,1.86,1.39,0.06,0.06,16.0,,,1.0,,0.0,Mirage_4000
mirage_5ba,0.0,,,,,,25.0,,,,,,0.0,,,,,,Mirage_5BA
mirage_5f,0.0,,,,,,10.0,,,,,,0.0,,,,,,Mirage_5F
mirage_f1c,0.0,,,,,,0.0,,,,,,0.0,,,,,,Mirage_F1C
mirage_f1c_200,0.0,,,,,,716.0,54.69,1.02,1.07,0.15,0.16,59.0,50.0,5.0,2.45,0.0,0.0,Mirage_F1C-200
mirage_f1ct,0.0,,,,,,0.0,,,,,,11.0,,,1.0,,0.0,Mirage_F1CT
mirage_3c,0.0,,,,,,24.0,50.0,1.17,2.33,0.0,0.0,0.0,,,,,,Mirage_IIIC
mirage_3e,0.0,,,,,,52.0,95.45,1.55,1.16,0.0,0.0,0.0,,,,,,Mirage_IIIE
ussr_a_12_mk_2_matilda_2A_F96,0.0,,,,,,0.0,,,,,,0.0,,,,,,MK-II_«Matilda»
germ_mkpz_m47,0.0,,,,,,0.0,,,,,,0.0,,,,,,mKPz_M47_G
mosquito_fb_mk18,0.0,,,,,,0.0,,,,,,0.0,,,,,,Mosquito_FB_Mk_XVIII
mosquito_b_mk16,0.0,,,,,,1.0,,,,,,0.0,,,,,,Mosquito_B.Mk.XVI
p-51b,0.0,,,,,,89.0,89.25,1.45,1.71,0.75,0.92,7.0,,,4.25,,1.0,Mustang_Mk_IA
md_454_mystere_4a,0.0,,,,,,0.0,,,,,,0.0,,,,,,Mystere_IVA
nc_223_3,0.0,,,,,,0.0,,,,,,0.0,,,,,,N.C.223.3
n1k1_kyuofu,0.0,,,,,,0.0,,,,,,0.0,,,,,,N1K1
n1k2_j,0.0,,,,,,3.0,,,,,,0.0,,,,,,N1K2-J
il_namer_rcws_30,0.0,,,,,,337.0,58.27,0.07,0.1,1.22,1.42,0.0,,,,,,Namer_30
il_namer_tsrikhon,0.0,,,,,,55.0,58.77,0.0,0.0,1.54,2.62,0.0,,,,,,Namer_Tsrikhon
sw_nasams_fcs,0.0,,,,,,31.0,63.89,1.53,2.3,0.0,0.0,0.0,,,,,,NASAMS_3_(СОЦ)
us_nasams_fcs,0.0,,,,,,434.0,65.64,1.27,1.24,0.0,0.0,0.0,,,,,,NASAMS_3_(СОЦ)
germ_panzerjager_nashorn,0.0,,,,,,145.0,38.63,0.0,0.0,1.89,1.98,0.0,,,,,,Nashorn
fw-190a-8_france,0.0,,,,,,0.0,,,,,,0.0,,,,,,NC.900
nesher,0.0,,,,,,0.0,,,,,,0.0,,,,,,Nesher
f_16a_block_10_iaf,0.0,,,,,,3.0,,,1.0,,1.0,0.0,,,,,,Netz
f_16a_block_10_netz_mod,0.0,,,,,,69.0,53.75,2.02,3.24,0.3,0.38,0.0,,,,,,Netz_(Mod)
nimrod_mk1,0.0,,,,,,0.0,,,,,,0.0,,,,,,Nimrod_Mk_I
nimrod_mk2,0.0,,,,,,0.0,,,,,,0.0,,,,,,Nimrod_Mk_II
sw_nomads,0.0,,,,,,0.0,,,,,,0.0,,,,,,NOMADS
ussr_object_140,0.0,,,,,,93.0,47.73,0.0,0.0,3.53,2.98,0.0,,,,,,Object_140
cn_object_211,0.0,,,,,,135.0,94.87,0.0,0.0,3.43,0.97,0.0,,,,,,Object_211
uk_olifant_mk_1a,0.0,,,,,,669.0,66.63,0.1,0.13,4.42,5.17,0.0,,,,,,Olifant_Mk.1A
uk_olifant_mk_2,0.0,,,,,,197.0,97.1,0.0,0.0,6.09,2.18,0.0,,,,,,Olifant_Mk.2
os2u_1,0.0,,,,,,0.0,,,,,,0.0,,,,,,OS2U-1
os2u_3,0.0,,,,,,0.0,,,,,,0.0,,,,,,OS2U-3
uk_9a33bm2,0.0,,,,,,14.0,13.64,1.14,1.55,0.0,0.0,0.0,,,,,,Osa-AK
it_9a33bm3,0.0,,,,,,0.0,,,,,,0.0,,,,,,Osa-AKM
it_otomatic,0.0,,,,,,53.0,100.0,1.03,1.07,1.48,1.57,0.0,,,,,,OTOMATIC
p-26a_34,0.0,,,,,,0.0,,,,,,0.0,,,,,,P-26A-34
p-26a_34_m2,0.0,,,,,,0.0,,,,,,0.0,,,,,,P-26A-34_M2
p-26b_35,0.0,,,,,,0.0,,,,,,0.0,,,,,,P-26B-35
p-38g,0.0,,,,,,0.0,,,,,,0.0,,,,,,P-38G-1
p-38k,0.0,,,,,,9.0,,,,,,0.0,,,,,,P-38K
p-39k_1,0.0,,,,,,0.0,,,,,,0.0,,,,,,P-39K-1
p-39q_15,0.0,,,,,,0.0,,,,,,0.0,,,,,,P-39Q-15
p-39q_25_france,0.0,,,,,,14.0,100.0,1.0,1.0,1.0,1.0,0.0,,,,,,P-39Q-25
p-39q_5,0.0,,,,,,66.0,100.0,1.42,1.42,1.44,1.44,0.0,,,,,,P-39Q-5
p-40c,0.0,,,,,,0.0,,,,,,0.0,,,,,,P-40C
p-40e_td,0.0,,,,,,1.0,,,1.0,,1.0,0.0,,,,,,P-40E-1_TD
p-43a-1,0.0,,,,,,0.0,,,,,,0.0,,,,,,P-43A-1
p-47d_luftwaffe,0.0,,,,,,5.0,,,,,,0.0,,,,,,P-47D
p-47m-1-re,0.0,,,,,,126.0,72.04,0.61,0.78,1.68,2.33,0.0,,,,,,P-47M-1-RE
p-51a_tl,0.0,,,,,,47.0,,,0.53,,0.32,0.0,,,,,,P-51A
p-51c-11-nt_japan,0.0,,,,,,0.0,,,,,,0.0,,,,,,P-51C-11-NT
p-51d-10,0.0,,,,,,75.0,50.0,1.65,1.65,1.0,1.0,0.0,,,,,,P-51D-10
p-59a,0.0,,,,,,22.0,100.0,2.0,1.75,0.0,0.0,0.0,,,,,,P-59A
p-61a_1,0.0,,,,,,53.0,100.0,1.0,0.24,2.29,0.97,10.0,100.0,0.0,,2.0,,P-61A-11
p-66,0.0,,,,,,0.0,,,,,,0.0,,,,,,P-66
p_108b_serie1,0.0,,,,,,0.0,,,,,,0.0,,,,,,P.108B_serie_1
p_108b_serie2,0.0,,,,,,0.0,,,,,,0.0,,,,,,P.108B_serie_2
fr_citroen_kegresse_p4t,0.0,,,,,,0.0,,,,,,0.0,,,,,,P.7.T_AA
p1y1_mod11,0.0,,,,,,0.0,,,,,,0.0,,,,,,P1Y1_mod._11
d_510,0.0,,,,,,0.0,,,,,,0.0,,,,,,Pallier's_D.510
it_palmaria,0.0,,,,,,86.0,50.0,0.0,0.0,2.58,2.72,0.0,,,,,,Palmaria
ussr_pantsyr_s1,0.0,,,,,,623.0,24.05,1.52,0.9,0.05,0.05,0.0,,,,,,Pantsir-S1
pb4y-2_france,0.0,,,,,,0.0,,,,,,0.0,,,,,,PB4Y-2
pbj_1h,0.0,,,,,,0.0,,,,,,0.0,,,,,,PBJ-1H
pbj_1j,0.0,,,,,,0.0,,,,,,0.0,,,,,,PBJ-1J
pbm_1,0.0,,,,,,0.0,,,,,,0.0,,,,,,"PBM-1_""Mariner"""
pbm_3,0.0,,,,,,0.0,,,,,,0.0,,,,,,"PBM-3_""Mariner"""
pbm_5a,0.0,,,,,,0.0,,,,,,0.0,,,,,,"PBM-5A_""Mariner"""
sw_pbv_301,0.0,,,,,,0.0,,,,,,0.0,,,,,,Pbv_301
sw_pbv_302_bill,0.0,,,,,,89.0,24.07,0.0,0.0,0.65,0.52,0.0,,,,,,Pbv_302_(BILL)
pby-5,0.0,,,,,,0.0,,,,,,0.0,,,,,,PBY-5_Catalina
pby-5a,0.0,,,,,,0.0,,,,,,0.0,,,,,,PBY-5A_Catalina
pby-5a_ussr,0.0,,,,,,0.0,,,,,,0.0,,,,,,PBY-5A_Catalina
pby-5a_late_france,0.0,,,,,,0.0,,,,,,0.0,,,,,,PBY-5A_Late
pe-2-205,0.0,,,,,,0.0,,,,,,0.0,,,,,,Pe-2-205
cn_pgz_04a,0.0,,,,,,80.0,71.33,0.15,0.31,0.41,0.29,0.0,,,,,,PGZ04A
cn_pgz_09,0.0,,,,,,200.0,73.36,0.75,0.79,0.72,0.77,0.0,,,,,,PGZ09
ussr_type_65_aa,0.0,,,,,,16.0,,,,,,0.0,,,,,,Phòng_không_T-34
spitfire_ix_plagis,0.0,,,,,,1.0,100.0,1.0,,1.0,,0.0,,,,,,Plagis'_Spitfire_LF_Mk_IXc
cn_plz_83,0.0,,,,,,21.0,0.0,0.0,0.0,1.43,0.67,0.0,,,,,,PLZ83
cn_plz_83_130,0.0,,,,,,40.0,100.0,0.29,0.13,2.64,1.9,0.0,,,,,,PLZ83-130
po-2,0.0,,,,,,0.0,,,,,,0.0,,,,,,Po-2
po-2_nw,,,,,,,,,,,,,,,,,,,Po-2_Night_Witch
po-2m,0.0,,,,,,0.0,,,,,,0.0,,,,,,Po-2M
potez_630,0.0,,,,,,0.0,,,,,,0.0,,,,,,Potez_630
potez_631,0.0,,,,,,0.0,,,,,,0.0,,,,,,Potez_631
potez_633,0.0,,,,,,0.0,,,,,,0.0,,,,,,Potez_633
ussr_pt_76_57,0.0,,,,,,162.0,53.92,0.0,0.0,5.64,2.93,18.0,,,0.0,,3.96,PT-76-57
cn_ptl_02,0.0,,,,,,239.0,62.37,0.0,0.0,2.29,1.3,3.0,100.0,0.0,,1.0,,PTL02
cn_ptz_89,0.0,,,,,,91.0,100.0,0.0,0.0,5.63,3.01,0.0,,,,,,PTZ89
germ_schutzenpanzer_puma,0.0,,,,,,297.0,60.26,0.03,0.03,2.09,0.95,0.0,,,,,,PUMA
germ_schutzenpanzer_puma_vjtf_mod,0.0,,,,,,86.0,,,0.0,,0.95,0.0,,,,,,Puma_u14
germ_schutzenpanzer_puma_vjtf,0.0,,,,,,677.0,40.25,0.0,0.0,0.76,0.68,0.0,,,,,,PUMA_VJTF
sw_pvkv_III,0.0,,,,,,26.0,,,0.0,,0.88,0.0,,,,,,Pvkv_III
sw_pvkv_m43_1946,0.0,,,,,,8.0,0.0,0.0,0.0,0.0,0.0,0.0,,,,,,Pvkv_m/43_(1946)
sw_pvlvv_fm42,0.0,,,,,,11.0,,,,,,0.0,,,,,,Pvlvv_fm/42
germ_pzkpfw_II_ausf_C_td,0.0,,,,,,0.0,,,,,,0.0,,,,,,Pz.II_C_TD
germ_pzkpfw_III_ausf_J_td,0.0,,,,,,0.0,,,,,,0.0,,,,,,Pz.III_J1_TD
it_pzkpfw_III_ausf_N,0.0,,,,,,4.0,,,0.0,,1.0,0.0,,,,,,Pz.III_N
germ_pzkpfw_III_ausf_L,0.0,,,,,,38.0,,,0.0,,1.62,0.0,,,,,,Pz.III_L
germ_pzkpfw_II_ausf_F,0.0,,,,,,6.0,,,0.0,,1.0,0.0,,,,,,Pz.II_F
germ_pzkpfw_II_ausf_C_DAK,0.0,,,,,,8.0,100.0,0.0,0.0,7.0,6.0,0.0,,,,,,Pz.II_С_(DAK)
germ_amd_35_kwk39,0.0,,,,,,39.0,0.0,0.0,0.0,5.0,0.71,0.0,,,,,,Pz.Sp.Wg.P204(f)_PaK
q_5_early,0.0,,,,,,0.0,,,,,,0.0,,,,,,Q-5_early
q_5a,0.0,,,,,,20.0,100.0,0.0,0.0,1.0,1.0,0.0,,,,,,Q-5A
q_5l,0.0,,,,,,0.0,,,,,,0.0,,,,,,Q-5L
uk_ram_90mm_aa,0.0,,,,,,195.0,74.17,0.0,0.0,5.56,4.99,11.0,,,0.0,,1.0,QF_3.7_Ram
quing_6,0.0,,,,,,0.0,,,,,,0.0,,,,,,Qing-6
cn_qn506,0.0,,,,,,23.0,75.0,0.0,0.0,1.0,1.65,0.0,,,,,,QN506
fr_renault_r39,0.0,,,,,,0.0,,,,,,0.0,,,,,,R.35_(SA38)
r2y2_v1,0.0,,,,,,0.0,,,,,,0.0,,,,,,R2Y2_Kai_V1
r2y2_v2,0.0,,,,,,5.0,100.0,1.0,1.0,1.0,1.0,0.0,,,,,,R2Y2_Kai_V2
r2y2_kai,0.0,,,,,,14.0,100.0,0.0,0.0,1.07,1.07,0.0,,,,,,R2Y2_Kai_V3
it_oto_r3_106sr,0.0,,,,,,149.0,66.16,0.0,0.0,2.08,1.66,0.0,,,,,,R3_T106_FA
it_oto_r3_t20_fa,0.0,,,,,,179.0,73.72,0.17,0.15,0.47,0.31,0.0,,,,,,R3_T20_FA-HS
germ_th_400,0.0,,,,,,169.0,34.81,0.0,0.0,1.31,0.75,0.0,,,,,,R400
rafale_c_f3,0.0,,,,,,187.0,73.83,2.41,3.31,0.9,1.0,7.0,,,0.0,,0.0,Rafale_C_F3
rafale_m_f3r,0.0,,,,,,80.0,38.33,1.94,1.99,0.24,0.31,0.0,,,,,,Rafale_M_F3-R
germ_raketenjagdpanzer_2_hot,0.0,,,,,,111.0,35.21,0.0,0.0,0.22,0.15,0.0,,,,,,RakJPz_2_(HOT)
uk_tracked_rapier,0.0,,,,,,110.0,46.0,3.52,5.29,0.0,0.0,0.0,,,,,,Rapier
p-36a_rasmussen,0.0,,,,,,0.0,,,,,,0.0,,,,,,Rasmussen's_P-36A
uk_ratel_20,0.0,,,,,,40.0,100.0,0.0,0.0,1.0,0.64,0.0,,,,,,Ratel_20
uk_ratel_90,0.0,,,,,,92.0,94.79,0.0,0.0,4.03,2.67,0.0,,,,,,Ratel_90
re_2000_int,0.0,,,,,,0.0,,,,,,0.0,,,,,,Re.2000_serie_1
re_2001_cb,0.0,,,,,,0.0,,,,,,0.0,,,,,,Re.2001_CB
re_2001_serie1_ep,0.0,,,,,,0.0,,,,,,0.0,,,,,,Re.2001_gruppo_22
re_2001_serie1,0.0,,,,,,17.0,,,0.0,,0.0,0.0,,,,,,Re.2001_serie_1
re_2005_vdm,0.0,,,,,,44.0,100.0,1.64,1.57,3.17,3.12,0.0,,,,,,Re.2005_(VDM)
re_2005_serie0,0.0,,,,,,34.0,100.0,1.0,0.17,5.0,2.17,0.0,,,,,,Re.2005_serie_0
jp_type_95_heavy,0.0,,,,,,0.0,,,,,,0.0,,,,,,Ro-Go
jp_hiro_sha,0.0,,,,,,3.0,,,,,,0.0,,,,,,Ro-Go_Exp.
ro_43,,,,,,,,,,,,,,,,,,,Ro.43
ro_44,0.0,,,,,,0.0,,,,,,0.0,,,,,,Ro.44
ro_57_quadriarma,0.0,,,,,,24.0,66.67,0.3,0.5,1.3,2.0,0.0,,,,,,Ro.57_Quadriarma
fr_amx_30_roland,0.0,,,,,,87.0,35.42,1.68,1.51,0.0,0.0,0.0,,,,,,Roland_1
uk_rooikat_105_td,0.0,,,,,,284.0,54.55,0.0,0.0,2.42,1.65,0.0,,,,,,Rooikat_105
uk_rooikat_76,0.0,,,,,,167.0,77.49,0.0,0.0,2.69,1.35,0.0,,,,,,Rooikat_Mk.1D
uk_rooikat_mttd,0.0,,,,,,155.0,62.36,0.0,0.0,2.99,2.72,0.0,,,,,,Rooikat_MTTD
s_81_ar125,0.0,,,,,,0.0,,,,,,0.0,,,,,,S.81
sm_79_1941,0.0,,,,,,0.0,,,,,,0.0,,,,,,S.M.79_AS
sm_79_iar,0.0,,,,,,0.0,,,,,,0.0,,,,,,S.M.79_B
sm_79_iar_italy,0.0,,,,,,0.0,,,,,,0.0,,,,,,S.M.79_B
sm_79_1942,0.0,,,,,,0.0,,,,,,0.0,,,,,,S.M.79_bis/N
sm_79_1943,0.0,,,,,,0.0,,,,,,0.0,,,,,,S.M.79_bis/T.M
sm_79_1936,0.0,,,,,,0.0,,,,,,0.0,,,,,,S.M.79_serie_1
sm_79_1936_italy,0.0,,,,,,0.0,,,,,,0.0,,,,,,S.M.79_serie_1
sm_79_1937,0.0,,,,,,0.0,,,,,,0.0,,,,,,S.M.79_serie_4
sm_79_1939,0.0,,,,,,0.0,,,,,,0.0,,,,,,S.M.79_serie_8
so_4050_vautour_2a,0.0,,,,,,0.0,,,,,,0.0,,,,,,S.O.4050_Vautour_IIA
so_4050_vautour_2b,0.0,,,,,,0.0,,,,,,0.0,,,,,,S.O.4050_Vautour_IIB
so_4050_vautour_2n,0.0,,,,,,7.0,100.0,0.0,0.0,1.0,1.0,0.0,,,,,,S.O.4050_Vautour_IIN
so_4050_vautour_2n_late,0.0,,,,,,79.0,55.56,2.2,2.93,0.67,0.82,0.0,,,,,,S.O.4050_Vautour_IIN_(late)
so_8000_narval,0.0,,,,,,0.0,,,,,,0.0,,,,,,S.O.8000_Narval
saab_b17bs,0.0,,,,,,0.0,,,,,,0.0,,,,,,S17BS
md_460_saar,0.0,,,,,,11.0,100.0,1.0,1.0,0.0,0.0,0.0,,,,,,Sa'ar
saab_f35_wdns,0.0,,,,,,2.0,0.0,0.0,0.0,1.0,1.0,0.0,,,,,,Saab_F-35
saab_j35xs,0.0,,,,,,400.0,57.48,2.26,2.96,4.14,5.36,0.0,,,,,,Saab_J35XS
saab_105g,0.0,,,,,,99.0,68.47,0.86,0.59,6.31,4.8,0.0,,,,,,SAAB-105G
saab_105oe,0.0,,,,,,0.0,,,,,,0.0,,,,,,SAAB-105OE
sagittario_2,0.0,,,,,,6.0,,,,,,0.0,,,,,,Sagittario_2
md_460_sambad,0.0,,,,,,0.0,,,,,,0.0,,,,,,Sambad
fr_vab_santal,0.0,,,,,,79.0,0.0,2.0,0.76,0.0,0.0,0.0,,,,,,SANTAL
uk_marmon_herrington_mk_6_6pdr,0.0,,,,,,104.0,51.72,0.0,0.0,1.33,2.0,0.0,,,,,,SARC_MkVI_(6pdr)
fr_somua_sau40,0.0,,,,,,0.0,,,,,,0.0,,,,,,SAu_40
sb_2m_100,0.0,,,,,,0.0,,,,,,0.0,,,,,,SB_2M-100
sb_2m_103_mv3,0.0,,,,,,0.0,,,,,,0.0,,,,,,SB_2M-103_MV-3
sb_2m_103u,0.0,,,,,,0.0,,,,,,0.0,,,,,,SB_2M-103U
sb_2m_103u_mv3,0.0,,,,,,0.0,,,,,,0.0,,,,,,SB_2M-103U_MV-3
sb2u-3,0.0,,,,,,15.0,,,,,,0.0,,,,,,SB2U-3
scimitar_f1,0.0,,,,,,2.0,,,,,,0.0,,,,,,Scimitar_F_Mk.1
uk_fv107_scimitar_mk2,0.0,,,,,,13.0,,,0.0,,0.9,0.0,,,,,,Scimitar_Mk.2
germ_sdkfz_221_s_pz_b_41,0.0,,,,,,0.0,,,,,,0.0,,,,,,Sd.Kfz.221_(s.Pz.B.41)
germ_sdkfz_234_2_mod,0.0,,,,,,109.0,62.0,0.0,0.0,2.86,1.19,0.0,,,,,,"Sd.Kfz.234/2_""Biene"""
germ_sdkfz_234_2_td,0.0,,,,,,59.0,48.33,0.0,0.0,0.87,0.84,0.0,,,,,,Sd.Kfz.234/2_TD
germ_sdkfz_234_3,0.0,,,,,,46.0,15.05,0.0,0.0,1.97,1.97,0.0,,,,,,Sd.Kfz.234/3
germ_sdkfz_234_4,0.0,,,,,,154.0,53.72,0.0,0.0,3.31,2.63,9.0,,,,,,Sd.Kfz.234/4
germ_sdkfz_251_10,0.0,,,,,,0.0,,,,,,0.0,,,,,,Sd.Kfz.251/10
germ_sdkfz_251_21,0.0,,,,,,117.0,13.39,0.54,0.48,0.51,0.44,0.0,,,,,,Sd.Kfz.251/21
germ_sdkfz_251_22,0.0,,,,,,39.0,50.0,0.0,0.0,3.18,2.22,0.0,,,,,,Sd.Kfz.251/22
gladiator_mk2_navy,0.0,,,,,,0.0,,,,,,0.0,,,,,,Sea_Gladiator_Mk_I
harrier_frs1_early,0.0,,,,,,14.0,100.0,2.0,2.0,0.0,0.0,0.0,,,,,,Sea_Harrier_FRS.1_(e)
sea_hawk_fga6,0.0,,,,,,37.0,66.67,0.3,0.5,1.3,2.0,0.0,,,,,,Sea_Hawk_FGA.6
sea_hawk_fga50_netherlands,0.0,,,,,,59.0,75.0,1.41,2.11,3.51,4.91,22.0,,,,,,Sea_Hawk_Mk.50
hurricane_mk1b,0.0,,,,,,0.0,,,,,,0.0,,,,,,Sea_Hurricane_Mk_IB
meteor_fmk3_navy,0.0,,,,,,111.0,57.58,0.89,1.6,0.63,1.06,0.0,,,,,,Sea_Meteor_F_Mk_3
sea_venom_faw20,0.0,,,,,,0.0,,,,,,0.0,,,,,,Sea_Venom_FAW_20
dh_110_sea_vixen,0.0,,,,,,48.0,50.0,1.5,1.94,0.0,0.0,17.0,,,1.06,,0.0,Sea_Vixen_F.A.W._Mk.2
seafire_mk17,0.0,,,,,,7.0,,,2.0,,1.0,0.0,,,,,,Seafire_F_Mk_XVII
seafire_fr47,0.0,,,,,,10.0,,,1.0,,0.7,0.0,,,,,,Seafire_FR_47
seafire_mk3,0.0,,,,,,0.0,,,,,,0.0,,,,,,Seafire_LF_Mk.III
shackleton_mr_mk_2,0.0,,,,,,0.0,,,,,,0.0,,,,,,Shackleton_MR.Mk.2
mirage_3cj,0.0,,,,,,6.0,100.0,3.0,3.0,1.0,1.0,0.0,,,,,,Shahak
il_centurion_mk_5_shot,0.0,,,,,,88.0,37.65,0.0,0.0,1.65,1.32,0.0,,,,,,Sho't
uk_centurion_shot_kal_d,0.0,,,,,,0.0,,,,,,0.0,,,,,,Sho't_Kal_Dalet
ussr_9p149,0.0,,,,,,141.0,40.21,0.0,0.0,1.46,1.33,0.0,,,,,,Shturm-S
saab_sk60b,0.0,,,,,,169.0,31.99,0.94,0.55,2.36,1.23,0.0,,,,,,SK60B
uk_skink_aa,0.0,,,,,,51.0,23.08,0.15,0.24,0.38,0.26,0.0,,,,,,Skink
us_skink_aa_kit_3rank,0.0,,,,,,70.0,50.0,1.0,1.31,0.12,0.09,0.0,,,,,,Skink_(Hell)
ussr_smk,0.0,,,,,,0.0,,,,,,0.0,,,,,,SMK
soc_1,,,,,,,,,,,,,,,,,,,SOC-1
spitfire_mk14c,0.0,,,,,,22.0,92.31,0.92,1.0,0.62,0.53,0.0,,,,,,Spitfire_F_Mk_XIVc
spitfire_mk18e,0.0,,,,,,140.0,89.16,0.97,1.37,3.31,4.57,0.0,,,,,,Spitfire_F_Mk_XVIIIe
spitfire_ix_usa,0.0,,,,,,459.0,64.81,1.03,1.34,1.25,1.6,17.0,,,,,,Spitfire_LF_Mk_IXc
spitfiremkiia,0.0,,,,,,16.0,,,,,,0.0,,,,,,Spitfire_Mk_IIa
spitfire_ix_ussr,0.0,,,,,,34.0,100.0,3.0,,1.29,,0.0,,,,,,Spitfire_Mk_IXc
spitfire_mk5b_italy,0.0,,,,,,11.0,,,1.0,,1.0,9.0,,,,,,Spitfire_Mk_Vb/trop
spitfire_mk5b_float,0.0,,,,,,12.0,100.0,3.0,3.0,0.0,0.0,0.0,,,,,,Spitfire_Mk.Vb_(Float)
il_spyder_aio,0.0,,,,,,98.0,74.69,0.96,1.59,0.0,0.0,0.0,,,,,,SPYDER
germ_spz_12_3,0.0,,,,,,14.0,,,0.0,,1.36,0.0,,,,,,SPz_12-3_LGS
fr_saint_chamond,0.0,,,,,,0.0,,,,,,0.0,,,,,,St-Chamond
us_stingray,0.0,,,,,,988.0,57.94,0.0,0.0,2.13,1.53,0.0,,,,,,Stingray
jp_stingray,0.0,,,,,,283.0,56.71,0.0,0.0,2.29,2.32,0.0,,,,,,Stingray
stirling_mk1,0.0,,,,,,0.0,,,,,,0.0,,,,,,Stirling_B_Mk_I
stirling_mk3,0.0,,,,,,0.0,,,,,,0.0,,,,,,Stirling_B_Mk_III
uk_stormer_air_defence,0.0,,,,,,140.0,18.89,1.72,1.2,0.0,0.0,0.0,,,,,,Stormer_AD
uk_stormer_hvm,0.0,,,,,,52.0,52.08,0.52,0.25,0.0,0.0,0.0,,,,,,Stormer_HVM
strikemaster_mk88,0.0,,,,,,106.0,79.71,0.37,0.33,2.93,3.63,0.0,,,,,,Strikemaster_Mk.88
uk_fv102_striker,0.0,,,,,,15.0,,,0.0,,0.0,0.0,,,,,,Striker
sw_strv_103c,0.0,,,,,,131.0,46.5,0.0,0.0,0.92,1.2,0.0,,,,,,Strv_103С
sw_strv_105,0.0,,,,,,451.0,55.82,0.0,0.0,1.64,1.74,0.0,,,,,,Strv_105
sw_strv_81_rb52,0.0,,,,,,12.0,,,0.0,,0.0,0.0,,,,,,Strv_81_(RB_52)
uk_centurion_mk_3_ss11,0.0,,,,,,0.0,,,,,,0.0,,,,,,Strv_81_(RB_52)
sw_strv_m39_td,0.0,,,,,,0.0,,,,,,0.0,,,,,,Strv_m/39_TD
sw_strv_m41_s1,0.0,,,,,,0.0,,,,,,0.0,,,,,,Strv_m/41_S-I
us_m5a1_stuart_canadian_5st_arm,0.0,,,,,,0.0,,,,,,0.0,,,,,,Stuart_VI_(5th_CAD)
germ_stug_III_ausf_A,0.0,,,,,,0.0,,,,,,0.0,,,,,,StuG_III_A
ussr_su_100Y,0.0,,,,,,18.0,50.0,0.0,0.0,1.5,1.5,0.0,,,,,,SU-100Y
su-11,0.0,,,,,,181.0,57.56,2.16,2.17,1.8,1.85,0.0,,,,,,Su-11
ussr_su_122P,0.0,,,,,,29.0,0.0,0.0,0.0,1.0,2.48,0.0,,,,,,SU-122P
su_17m2,0.0,,,,,,26.0,100.0,0.0,0.0,1.0,1.0,0.0,,,,,,Su-17M2
su_17m4,0.0,,,,,,3.0,100.0,0.0,0.0,3.0,3.0,18.0,100.0,1.64,1.64,1.0,1.0,Su-17M4
su_22m3,0.0,,,,,,110.0,87.96,0.87,0.51,0.84,0.18,6.0,,,0.0,,0.0,Su-22M3
su_25sm3,0.0,,,,,,4.0,,,2.0,,0.0,6.0,,,0.0,,2.0,Su-25SM3
su_30mkm,0.0,,,,,,555.0,66.13,0.96,1.34,1.15,1.59,0.0,,,,,,Su-30MKM
ussr_su_57,0.0,,,,,,14.0,,,0.0,,0.5,0.0,,,,,,SU-57
su_6_single,0.0,,,,,,116.0,100.0,0.4,0.45,4.46,5.25,0.0,,,,,,Su-6
su-6_am42,0.0,,,,,,34.0,70.83,0.31,0.57,1.37,1.43,0.0,,,,,,Su-6_(AM-42)
su-6_m71,0.0,,,,,,22.0,,,0.0,,1.0,18.0,0.0,0.0,0.0,2.0,2.0,Su-6_(M-71F)
ussr_su_76d,0.0,,,,,,0.0,,,,,,0.0,,,,,,SU-76D
ussr_su_76m_1943,0.0,,,,,,0.0,,,,,,0.0,,,,,,SU-76M
ussr_su_76m_5st_kav_corps,0.0,,,,,,0.0,,,,,,0.0,,,,,,SU-76M_(5th_Gv.Kav.Corps)
su-7bmk,0.0,,,,,,24.0,,,0.26,,0.53,0.0,,,,,,Su-7BMK
ussr_su_85a,0.0,,,,,,0.0,,,,,,0.0,,,,,,SU-85A
su-9,0.0,,,,,,131.0,57.68,0.35,0.33,0.54,0.54,0.0,,,,,,Su-9
sunderland_mk3a,0.0,,,,,,0.0,,,,,,0.0,,,,,,Sunderland_Mk_IIIa
sunderland_mk5,0.0,,,,,,0.0,,,,,,0.0,,,,,,Sunderland_Mk_V
super_etendard_97,0.0,,,,,,34.0,82.58,0.85,1.02,5.02,6.25,0.0,,,,,,Super_Etendard
md_460,0.0,,,,,,74.0,68.51,1.8,2.08,0.87,0.95,0.0,,,,,,Super_Mystere_B2
swift_f1,0.0,,,,,,76.0,77.96,1.45,1.1,0.04,0.04,0.0,,,,,,Swift_F.1
swift_f7,0.0,,,,,,0.0,,,,,,0.0,,,,,,Swift_F.7
uk_fv438_swingfire,0.0,,,,,,181.0,61.08,0.0,0.0,1.97,1.92,0.0,,,,,,Swingfire
swordfish_mk1,0.0,,,,,,0.0,,,,,,0.0,,,,,,Swordfish_Mk_I
swordfish_mk2,0.0,,,,,,0.0,,,,,,0.0,,,,,,Swordfish_Mk_II
sw_t_80u,0.0,,,,,,287.0,45.59,0.0,0.0,2.06,1.35,0.0,,,,,,T_80_U
ussr_t_10a,0.0,,,,,,84.0,57.13,0.0,0.0,2.13,2.82,0.0,,,,,,T-10A
ussr_t_126sp,0.0,,,,,,0.0,,,,,,0.0,,,,,,T-126
t2,0.0,,,,,,394.0,83.94,3.14,6.82,0.24,0.41,0.0,,,,,,T-2
t2_early,0.0,,,,,,23.0,50.0,0.0,0.53,0.0,0.0,0.0,,,,,,T-2_Early
cn_t_26_no531,0.0,,,,,,0.0,,,,,,0.0,,,,,,T-26_No.531
ussr_t_26E,0.0,,,,,,0.0,,,,,,0.0,,,,,,T-26E
ussr_t_34_1940_l_11,0.0,,,,,,0.0,,,,,,0.0,,,,,,T-34_(Prototype)
sw_t_50_fin,0.0,,,,,,0.0,,,,,,0.0,,,,,,T-50
ussr_t_70_1942,0.0,,,,,,0.0,,,,,,0.0,,,,,,T-70
sw_t_72m1,0.0,,,,,,716.0,54.22,0.0,0.0,2.12,2.05,0.0,,,,,,T-72M1
cn_t_80ud_478be,0.0,,,,,,144.0,59.92,0.0,0.0,3.8,1.85,0.0,,,,,,T-80UD/BE
ussr_pzkpfw_III_ausf_J_L42,0.0,,,,,,13.0,100.0,0.0,0.0,2.38,2.38,0.0,,,,,,T-III
us_t114,0.0,,,,,,72.0,50.0,0.0,0.0,3.0,2.47,0.0,,,,,,T114
us_t28,0.0,,,,,,19.0,,,,,,0.0,,,,,,T28
us_t32,0.0,,,,,,205.0,28.61,0.0,0.0,7.55,2.57,0.0,,,,,,T32
us_t32e1,0.0,,,,,,107.0,56.45,0.0,0.0,2.28,2.14,0.0,,,,,,T32E1
us_t54e2,0.0,,,,,,17.0,,,0.0,,3.82,0.0,,,,,,T54E2
us_t95,0.0,,,,,,56.0,53.79,0.0,0.0,1.4,2.77,0.0,,,,,,T95
ta-152c,0.0,,,,,,3.0,100.0,1.0,1.0,1.0,1.0,0.0,,,,,,Ta_152_C-3
ta-152h-1,0.0,,,,,,52.0,50.0,2.38,3.93,0.63,1.1,0.0,,,,,,Ta_152_H-1
jp_type_98_ta_se,0.0,,,,,,26.0,100.0,0.33,0.1,2.33,1.56,0.0,,,,,,Ta-Se
ki_61_1a_hei_ep,0.0,,,,,,12.0,100.0,0.0,0.0,1.0,0.67,0.0,,,,,,Tada's_Ki-61-I_hei
germ_thyssen_henschel_tam_2c,0.0,,,,,,343.0,60.11,0.0,0.0,1.24,0.93,3.0,,,0.0,,0.0,TAM_2C
jp_type_81_tansam_launcher,,,,,,,,,,,,,,,,,,,Tan-SAM_Kai_(СОУ)
jp_type_81_tansam_fcs,0.0,,,,,,29.0,83.33,0.17,0.2,0.0,0.0,0.0,,,,,,Tan-SAM_Kai_(СОЦ)
tbd-1_1938,0.0,,,,,,0.0,,,,,,0.0,,,,,,TBD-1
tbf-1c,0.0,,,,,,0.0,,,,,,0.0,,,,,,TBF-1C
il_tcm_20,0.0,,,,,,7.0,0.0,0.0,0.0,0.0,0.0,0.0,,,,,,TCM-20
tempest_mkv_luftwaffe,0.0,,,,,,4.0,,,,,,0.0,,,,,,Tempest_Mk_V
tempest_mkv_vikkers,0.0,,,,,,0.0,,,,,,0.0,,,,,,Tempest_Mk_V_(Vickers_P)
f2a-1_thach,0.0,,,,,,0.0,,,,,,0.0,,,,,,Thach's_F2A-1
il_tiran_4,0.0,,,,,,23.0,50.0,0.0,0.0,1.0,0.73,0.0,,,,,,Tiran_4
il_tiran_4_sh,0.0,,,,,,18.0,50.0,0.0,0.0,0.5,0.09,0.0,,,,,,Tiran_4S
ussr_to_55,0.0,,,,,,213.0,55.75,0.0,0.0,4.28,2.93,0.0,,,,,,TO-55
uk_tog_2,0.0,,,,,,29.0,50.0,0.0,0.0,3.25,4.5,0.0,,,,,,TOG_II
it_toldi_II_a,0.0,,,,,,0.0,,,,,,0.0,,,,,,Toldi_IIA
cn_tor_m1,0.0,,,,,,6.0,,,,,,0.0,,,,,,Tor-M1
tornado_adv,0.0,,,,,,0.0,,,,,,0.0,,,,,,Tornado_ADV
tornado_ids_it,0.0,,,,,,0.0,,,,,,0.0,,,,,,Tornado_IDS
tornado_ids_it_mod95,0.0,,,,,,0.0,,,,,,0.0,,,,,,Tornado_IDS_(1995)
tornado_ids_it_ret8,0.0,,,,,,0.0,,,,,,0.0,,,,,,Tornado_IDS_MLU_(RET.8)
ussr_tor_m1,0.0,,,,,,21.0,0.0,2.0,1.0,0.0,0.0,0.0,,,,,,Toр-M1
uk_ttd,0.0,,,,,,230.0,58.88,0.0,0.0,5.09,3.83,0.0,,,,,,TTD
tu-1,0.0,,,,,,6.0,100.0,0.0,0.0,1.67,2.0,0.0,,,,,,Tu-1
tu_14t,0.0,,,,,,28.0,0.0,0.0,0.0,0.33,0.33,0.0,,,,,,Tu-14T
tu-2_early,0.0,,,,,,4.0,100.0,0.5,1.0,2.5,5.0,0.0,,,,,,Tu-2
tu_4,0.0,,,,,,0.0,,,,,,0.0,,,,,,Tu-4
gladiator_mk2_tuck,0.0,,,,,,0.0,,,,,,0.0,,,,,,Tuck's_Gladiator_Mk_II
it_41m_turan_2,0.0,,,,,,0.0,,,,,,0.0,,,,,,Turan_II
jp_type_03_chusam_fcs,0.0,,,,,,119.0,57.94,0.64,0.52,0.0,0.0,0.0,,,,,,Type_03_(СОЦ)
jp_type_16_mcv_prot,0.0,,,,,,411.0,52.94,0.0,0.0,1.6,1.44,0.0,,,,,,Type_16_(P)
jp_type_60_atm,0.0,,,,,,74.0,69.52,0.0,0.0,0.97,0.81,0.0,,,,,,Type_60_ATM
jp_type_61_mod,0.0,,,,,,142.0,77.5,0.0,0.0,2.79,2.0,0.0,,,,,,Type_61_(B)
ussr_type_62,0.0,,,,,,3.0,0.0,0.0,0.0,3.0,3.0,0.0,,,,,,Type_62
cn_type_69_2a,0.0,,,,,,17.0,100.0,0.0,0.0,5.0,2.47,0.0,,,,,,Type_69-IIa
jp_type_74,0.0,,,,,,394.0,57.46,0.0,0.0,2.18,2.12,0.0,,,,,,Type_74_(E)
jp_type_74_f,0.0,,,,,,250.0,64.52,0.0,0.0,2.56,2.23,0.0,,,,,,Type_74_(F)
jp_type_75_mlrs,0.0,,,,,,18.0,,,0.0,,1.0,0.0,,,,,,Type_75_MLRS
jp_type_87_rcv,0.0,,,,,,295.0,60.0,0.0,0.0,1.72,1.49,0.0,,,,,,Type_87_RCV
jp_type_87_rcv_prot,0.0,,,,,,307.0,62.58,0.07,0.08,1.45,1.41,0.0,,,,,,Type_87_RCV_(P)
jp_type_89,0.0,,,,,,279.0,63.01,0.0,0.0,3.02,1.72,0.0,,,,,,Type_89
ef_2000_typhoon_aesa,0.0,,,,,,401.0,74.55,2.2,4.13,0.25,0.47,0.0,,,,,,Typhoon_(AESA)
ef_2000_fgr4,0.0,,,,,,72.0,49.46,1.14,1.48,0.1,0.1,0.0,,,,,,Typhoon_FGR.4
typhoon_mk1b,0.0,,,,,,59.0,100.0,2.19,1.91,3.54,2.94,0.0,,,,,,Typhoon_Mk_Ib
sw_landsverk_ush_405,0.0,,,,,,213.0,58.87,0.0,0.0,4.17,2.16,0.0,,,,,,U-SH_405
sw_udes_33,0.0,,,,,,63.0,85.71,0.0,0.0,1.86,0.91,0.0,,,,,,UDES_33
us_m551_football,,,,,,,,,,,,,,,,,,,us_m551_football
ussr_m551_football,,,,,,,,,,,,,,,,,,,ussr_m551_football
v_11g,0.0,,,,,,0.0,,,,,,0.0,,,,,,V-11
v_12d,0.0,,,,,,0.0,,,,,,0.0,,,,,,V-12D
v_156_b1,0.0,,,,,,0.0,,,,,,0.0,,,,,,V-156-B1
v_156_f,0.0,,,,,,0.0,,,,,,0.0,,,,,,V-156-F
uk_valentine_mk_1,0.0,,,,,,0.0,,,,,,0.0,,,,,,Valentine_I
uk_valentine_mk_9,0.0,,,,,,9.0,,,0.0,,2.0,0.0,,,,,,Valentine_IX
vampire_fb5,0.0,,,,,,0.0,,,,,,0.0,,,,,,Vampire_F.B.5
vampire_fb52_finland,0.0,,,,,,43.0,44.67,0.0,0.0,0.0,0.0,0.0,,,,,,Vampire_FB_52A
vampire_fb52a_italy,0.0,,,,,,0.0,,,,,,0.0,,,,,,Vampire_FB_52A
so_4050_vautour_2a_iaf,0.0,,,,,,0.0,,,,,,0.0,,,,,,Vautour_IIA_IDF/AF
it_vbc_pt2,0.0,,,,,,135.0,52.98,0.11,0.09,2.03,1.59,3.0,100.0,0.0,0.0,2.0,2.0,VBC_(PT2)
it_vcc_80_hitfist_30,0.0,,,,,,12.0,0.0,0.0,0.0,4.0,1.63,0.0,,,,,,VCC-80/30
it_vcc_80_hitfist_60,0.0,,,,,,158.0,50.0,0.0,0.0,1.43,0.99,3.0,,,0.0,,1.0,VCC-80/60
sw_veak_40,0.0,,,,,,160.0,39.51,0.0,0.0,1.11,0.61,0.0,,,,,,VEAK_40
venom_fb4,0.0,,,,,,12.0,,,,,,0.0,,,,,,Venom_FB.4
fr_vextra_105,0.0,,,,,,110.0,0.0,0.0,0.0,2.56,0.79,0.0,,,,,,Vextra_105
uk_vfm_5,0.0,,,,,,181.0,68.67,0.0,0.0,2.76,3.59,0.0,,,,,,VFM5
uk_vickers_mk_11,0.0,,,,,,206.0,50.84,0.0,0.0,2.55,1.83,0.0,,,,,,Vickers_Mk.11
uk_vickers_mbt_mk_3,0.0,,,,,,200.0,54.32,0.0,0.0,1.51,1.15,0.0,,,,,,Vickers_Mk.3
uk_vickers_mk7,0.0,,,,,,154.0,34.85,0.0,0.0,2.63,1.32,0.0,,,,,,Vickers_Mk.7
sw_k9_vidar,0.0,,,,,,95.0,97.92,0.0,0.0,4.63,2.21,0.0,,,,,,VIDAR
uk_vijayanta,0.0,,,,,,19.0,,,0.0,,0.61,0.0,,,,,,Vijayanta
germ_pzkpfw_VI_tiger_P,0.0,,,,,,0.0,,,,,,0.0,,,,,,VK_45.01_(P)
it_vrcc_centauro,0.0,,,,,,126.0,58.22,0.0,0.0,3.26,2.89,0.0,,,,,,VRCC
walrus_mk1,,,,,,,,,,,,,,,,,,,Walrus_Mk.I
uk_fv510_isv,0.0,,,,,,47.0,73.33,0.0,0.0,1.2,1.14,0.0,,,,,,Warrior
washington_b1,0.0,,,,,,0.0,,,,,,0.0,,,,,,Washington_B.Mk.I
spitfire_lf_mk9e_weisman,0.0,,,,,,56.0,87.5,1.0,0.75,3.13,2.13,13.0,,,,,,Weizman's_Spitfire_LF_Mk.IXe
wellington_mk1c,0.0,,,,,,0.0,,,,,,0.0,,,,,,Wellington_Mk_Ic
wellington_mk1c_luftwaffe,0.0,,,,,,0.0,,,,,,0.0,,,,,,Wellington_Mk_Ic
wellington_mk1c_late,0.0,,,,,,0.0,,,,,,0.0,,,,,,Wellington_Mk_Ic/L
wellington_mk3,0.0,,,,,,0.0,,,,,,0.0,,,,,,Wellington_Mk_III
wellington_mk10,0.0,,,,,,0.0,,,,,,0.0,,,,,,Wellington_Mk_X
whirlwind_mk1,0.0,,,,,,18.0,,,,,,0.0,,,,,,Whirlwind_Mk_I
whirlwind_p9,0.0,,,,,,0.0,,,,,,0.0,,,,,,Whirlwind_P.9
wirraway,0.0,,,,,,0.0,,,,,,0.0,,,,,,Wirraway
cn_wma_301,0.0,,,,,,110.0,77.25,0.0,0.0,2.23,2.1,0.0,,,,,,WMA301
cn_wz_141,0.0,,,,,,114.0,100.0,0.0,0.0,6.8,2.46,0.0,,,,,,WZ141-1
xa_38,0.0,,,,,,0.0,,,,,,26.0,0.0,1.0,0.03,2.0,0.65,XA-38
xf5f,0.0,,,,,,24.0,,,,,,0.0,,,,,,XF5F
us_xm_800t,0.0,,,,,,2093.0,63.26,0.0,0.0,1.62,1.41,0.0,,,,,,XM800T
p-38g_metal,0.0,,,,,,26.0,100.0,3.42,,0.9,,0.0,,,,,,XP-38G
xp-55,0.0,,,,,,77.0,54.67,1.63,1.76,1.75,1.91,0.0,,,,,,XP-55
yak-23,0.0,,,,,,5.0,,,1.0,,1.0,0.0,,,,,,Yak-23
yak-28b,0.0,,,,,,41.0,22.22,0.0,0.0,0.2,0.23,0.0,,,,,,Yak-28B
yak-3t,0.0,,,,,,63.0,43.75,2.17,2.27,1.08,1.21,0.0,,,,,,Yak-3T
er-2_ach30b_early,0.0,,,,,,0.0,,,,,,0.0,,,,,,Yer-2_(ACh-30B)_(e)
er-2_ach30b_late,0.0,,,,,,0.0,,,,,,0.0,,,,,,Yer-2_(ACh-30B)_(l)
er-2_m105_tat,0.0,,,,,,0.0,,,,,,0.0,,,,,,Yer-2_(M-105)_TAT
er-2_m105r_tat,0.0,,,,,,0.0,,,,,,0.0,,,,,,Yer-2_(M-105R)_TAT
yp-38,0.0,,,,,,0.0,,,,,,0.0,,,,,,YP-38
uk_ystervark_spaa,0.0,,,,,,40.0,100.0,1.0,0.86,0.0,0.0,0.0,,,,,,Ystervark
z_1007_bis_serie3,0.0,,,,,,0.0,,,,,,0.0,,,,,,Z.1007_bis_serie_3
z_1007_bis_serie5,0.0,,,,,,0.0,,,,,,0.0,,,,,,Z.1007_bis_serie_5
cn_zbd_04a,0.0,,,,,,205.0,57.93,0.0,0.0,1.73,1.45,0.0,,,,,,ZBD04A
cn_type_86,0.0,,,,,,55.0,100.0,0.0,0.0,2.14,0.96,0.0,,,,,,ZBD86
germ_flakpanzer_zerstorer_45,0.0,,,,,,161.0,23.71,0.4,0.36,0.27,0.25,0.0,,,,,,Zerstörer_45
ussr_zis_12_94KM_1945,0.0,,,,,,171.0,65.52,0.64,0.4,2.87,1.93,0.0,,,,,,ZiS-12_(94-KM)
ussr_zis_43,0.0,,,,,,0.0,,,,,,0.0,,,,,,ZiS-43
it_40_43m_zrinyi_2,0.0,,,,,,0.0,,,,,,0.0,,,,,,Zrinyi_II
ussr_zsu_37,0.0,,,,,,35.0,,,0.0,,0.63,0.0,,,,,,ZSU-37
uk_ratel_zt3,0.0,,,,,,475.0,61.59,0.05,0.05,3.15,3.17,0.0,,,,,,ZT3A2
cn_zts_63_1980,0.0,,,,,,175.0,68.33,0.0,0.0,1.16,0.98,0.0,,,,,,ZTS63
cn_ztz_88a,0.0,,,,,,309.0,60.81,0.0,0.0,2.39,2.79,6.0,50.0,0.0,0.0,1.5,1.5,ZTZ88A
cn_ztz_88b,0.0,,,,,,165.0,57.85,0.0,0.0,2.41,3.3,1.0,,,,,,ZTZ88B
cn_ztz_96a,0.0,,,,,,110.0,46.67,0.0,0.0,1.38,1.52,0.0,,,,,,ZTZ96A
cn_ztz_99,0.0,,,,,,27.0,50.0,0.0,0.0,1.75,1.25,0.0,,,,,,ZTZ99-II
cn_ztz_99_w,0.0,,,,,,22.0,,,0.0,,0.06,0.0,,,,,,ZTZ99-III
ussr_zut_37,0.0,,,,,,0.0,,,,,,0.0,,,,,,ZUT-37
ussr_bmd_4m,0.0,,,,,,999.0,45.89,0.0,0.0,1.5,1.29,7.0,,,0.0,,1.0,БМД-4M
ussr_sdkfz_251_21_kit_3rank,0.0,,,,,,8.0,,,0.0,,0.0,0.0,,,,,,Ганомаг_('45)
ussr_garford_putilov,0.0,,,,,,0.0,,,,,,0.0,,,,,,Гарфордъ
db_lk,0.0,,,,,,0.0,,,,,,0.0,,,,,,ДБ-ЛК
ussr_valentine_mk_9,0.0,,,,,,0.0,,,,,,0.0,,,,,,"МК-IX_""Valentine"""
mig_29kr_9_41r,0.0,,,,,,44.0,50.0,2.5,5.0,0.0,0.0,8.0,,,,,,МиГ-29КР_(9-41Р)
it_9a35_m,0.0,,,,,,6.0,50.0,0.5,1.0,0.0,0.0,0.0,,,,,,Стрела-10М
su_24m,0.0,,,,,,129.0,58.42,0.18,0.13,2.09,3.25,8.0,,,0.0,,1.33,Су-24М
yak_1_litvyak,0.0,,,,,,0.0,,,,,,0.0,,,,,,Як-1_Литвяк
yak_130_early,0.0,,,,,,1158.0,57.17,0.11,0.14,2.72,3.39,0.0,,,,,,Як-130
p-47m-1-re_boxted,0.0,,,,,,80.0,30.0,0.41,0.57,0.53,0.7,29.0,50.0,1.0,1.38,0.75,1.19,⋠P-47M-1-RE
a6m5_zero_china,,,,,,,,,,,,,,,,,,,A6M5_(China)
f-100a_china,0.0,,,,,,80.0,57.14,1.74,2.04,0.31,0.39,0.0,,,,,,F-100A_(China)
f_100f_china,0.0,,,,,,20.0,100.0,1.0,1.0,0.0,0.0,0.0,,,,,,F-100F_(China)
f-104a_china,0.0,,,,,,0.0,,,,,,0.0,,,,,,F-104A_(China)
f-104g_china,0.0,,,,,,0.0,,,,,,0.0,,,,,,F-104G_(China)
f_16a_block_72v_china,0.0,,,,,,11.0,50.0,1.0,2.0,0.0,0.0,0.0,,,,,,F-16V_(China)
f_47n_25_re_china,0.0,,,,,,0.0,,,,,,0.0,,,,,,F-47N-25-RE_(China)
f-5a_china,0.0,,,,,,0.0,,,,,,0.0,,,,,,F-5A_(China)
f-5e_aidc,0.0,,,,,,10.0,28.57,0.57,0.57,0.13,0.21,0.0,,,,,,F-5E_(China)
f-84g_china,0.0,,,,,,65.0,77.78,0.0,0.0,2.25,2.25,3.0,,,,,,F-84G-21-RE_(China)
f-84g-31-re_china,0.0,,,,,,40.0,61.9,0.33,0.29,1.5,1.56,0.0,,,,,,F-84G-31-RE_(China)
f-86f-30_china,0.0,,,,,,18.0,100.0,2.0,1.0,0.44,0.22,0.0,,,,,,F-86F-30_(China)
gladiator_mk1_china,0.0,,,,,,0.0,,,,,,0.0,,,,,,Gladiator_Mk_I_(China)
h-75m_china,0.0,,,,,,0.0,,,,,,0.0,,,,,,H-75M_(China)
hs-123a-1_china,0.0,,,,,,0.0,,,,,,0.0,,,,,,Hs_123_A-1_(China)
i-153_m62_china,0.0,,,,,,0.0,,,,,,0.0,,,,,,I-153_M-62_(China)
i-15bis_china,0.0,,,,,,30.0,100.0,1.0,1.0,2.0,1.67,0.0,,,,,,I-15bis_(China)
i-16_chung_28,0.0,,,,,,0.0,,,,,,0.0,,,,,,I-16_Chung_28_(China)
i-16_type5_1935_china,0.0,,,,,,0.0,,,,,,0.0,,,,,,I-16_type_5_(China)
cn_isu_122,0.0,,,,,,0.0,,,,,,0.0,,,,,,ISU-122_(China)
cn_isu_152,0.0,,,,,,41.0,,,0.0,,0.44,0.0,,,,,,ISU-152_(China)
ki-27_otsu_china,0.0,,,,,,0.0,,,,,,0.0,,,,,,Ki-27_otsu_(China)
ki_43_3_ko,0.0,,,,,,0.0,,,,,,0.0,,,,,,Ki-43-III_ko_(China)
ki-45_hei_tei_china,0.0,,,,,,0.0,,,,,,0.0,,,,,,Ki-45_hei/tei_(China)
ki_84_ko_china,0.0,,,,,,20.0,,,,,,14.0,100.0,7.0,7.0,1.0,1.0,Ki-84_ko_(China)
cn_m113a1_tow,0.0,,,,,,96.0,61.83,0.0,0.0,0.43,0.38,0.0,,,,,,M113A1_(TOW)_(China)
cn_m60a3_tts,0.0,,,,,,78.0,93.33,0.0,0.0,7.93,2.82,0.0,,,,,,M60A3_TTS_(China)
mig-9_china,0.0,,,,,,0.0,,,,,,0.0,,,,,,MiG-9_(China)
mig-9_late_china,0.0,,,,,,0.0,,,,,,0.0,,,,,,MiG-9_(l)_(China)
mirage_2000_5ei,0.0,,,,,,88.0,60.0,2.0,2.22,0.0,0.0,0.0,,,,,,Mirage_2000-5Ei_(China)
pb4y-2_china,0.0,,,,,,0.0,,,,,,0.0,,,,,,PB4Y-2_(China)
cn_pt_76,0.0,,,,,,0.0,,,,,,0.0,,,,,,PT-76_(China)
sb_2m_103u_china,0.0,,,,,,0.0,,,,,,0.0,,,,,,SB_2M-103U_(China)
cn_su_76m_1943,0.0,,,,,,32.0,0.0,0.0,0.0,1.0,1.0,0.0,,,,,,SU-76M_(China)
tu_4_china,0.0,,,,,,0.0,,,,,,0.0,,,,,,Tu-4_(China)
uk_challenger_II_yt_cup_2019,,,,,,,,,,,,,,,,,,,␙Challenger_2
germ_leopard_2a5_yt_cup_2019,0.0,,,,,,0.0,,,,,,0.0,,,,,,␙Leopard_2A5
us_m1a1_abrams_yt_cup_2019,0.0,,,,,,0.0,,,,,,0.0,,,,,,␙M1A1
md_460_yt_cup_2019,,,,,,,,,,,,,,,,,,,␙Super_Mystere_B2
ussr_t_80u_yt_cup_2019,0.0,,,,,,0.0,,,,,,0.0,,,,,,␙T-80U
p-63c-5_kingcobra_animal_version,0.0,,,,,,199.0,64.3,0.69,1.33,2.58,4.83,0.0,,,,,,␠Kingcobra
f-86_canadair_german,0.0,,,,,,36.0,50.0,3.2,3.05,1.23,1.19,0.0,,,,,,◄CL-13A_Mk_5
f-86_cl_13b_mk6,0.0,,,,,,49.0,50.0,2.88,4.54,1.42,1.54,0.0,,,,,,◄CL-13B_Mk.6
ef_2000_block_10,0.0,,,,,,407.0,50.5,1.29,1.43,0.18,0.2,29.0,,,0.07,,0.0,◄EF-2000
ef_2000_aesa,0.0,,,,,,509.0,55.94,1.49,1.94,0.41,0.52,0.0,,,,,,◄EF-2000_(AESA)
f-104g,0.0,,,,,,0.0,,,,,,0.0,,,,,,◄F-104G
f-4f_late,0.0,,,,,,366.0,46.37,0.37,0.43,0.7,0.81,0.0,,,,,,◄F-4F
f-4f,0.0,,,,,,0.0,,,,,,0.0,,,,,,◄F-4F_Early
f-4f_kws_lv,0.0,,,,,,115.0,31.71,0.86,0.98,0.16,0.18,0.0,,,,,,◄F-4F_KWS_LV
f-84f_germany,0.0,,,,,,0.0,,,,,,0.0,,,,,,◄F-84F
f-86k_late_german,0.0,,,,,,63.0,10.71,1.21,0.73,0.0,0.0,0.0,,,,,,◄F-86K
fiat_g91_r3,0.0,,,,,,18.0,50.0,0.3,0.4,1.65,2.35,0.0,,,,,,◄G.91_R/3
fiat_g91_r4_german,0.0,,,,,,58.0,66.67,1.03,1.02,0.67,0.52,0.0,,,,,,◄G.91_R/4
mig-21_sps_k,0.0,,,,,,155.0,61.08,1.6,2.14,0.28,0.38,0.0,,,,,,◄MiG-21_SPS-K
mig_29_9_12g,0.0,,,,,,40.0,50.0,0.58,0.54,0.0,0.0,0.0,,,,,,◄MiG-29G
sea_hawk_mk100,0.0,,,,,,42.0,58.33,0.83,1.67,0.0,0.0,0.0,,,,,,◄Sea_Hawk_Mk.100
su_22m4_de_wtd61,0.0,,,,,,92.0,50.0,0.93,1.06,3.03,3.54,51.0,50.0,1.0,1.0,1.0,1.0,◄Su-22M4_WTD61
tornado_ids_de_assta3_sle,0.0,,,,,,0.0,,,,,,0.0,,,,,,◄Tornado_IDS_SLE
il_28_german,0.0,,,,,,24.0,50.0,0.5,0.58,0.5,0.42,0.0,,,,,,◊IL-28
mig-17p_lim_5p,0.0,,,,,,13.0,,,,,,0.0,,,,,,◊Lim-5P
mig-21_bis_sau,0.0,,,,,,18.0,,,,,,0.0,,,,,,◊MiG-21bis-SAU
mig-21_mf,0.0,,,,,,24.0,,,2.86,,0.0,0.0,,,,,,◊MiG-21MF
mig_23bn,0.0,,,,,,11.0,,,,,,0.0,,,,,,◊MiG-23BN
mig_29_9_12_germany,0.0,,,,,,66.0,50.0,1.0,1.0,0.0,0.0,26.0,,,0.0,,0.0,◊MiG-29
germ_9a33bm3,0.0,,,,,,25.0,0.0,0.0,0.16,0.0,0.0,0.0,,,,,,◊Osa-AK
us_lvt_a_1_trb,0.0,,,,,,0.0,,,,,,0.0,,,,,,○LVT(A)(1)
p-36c_rb,0.0,,,,,,11.0,,,0.0,,0.0,0.0,,,,,,○P-36C
fa_18c_late_switzerland,0.0,,,,,,166.0,52.69,0.84,1.1,0.2,0.23,0.0,,,,,,◌F/A-18C_Late
hunter_f58_switzerland,0.0,,,,,,462.0,58.58,1.05,1.27,1.11,1.42,0.0,,,,,,◌Hunter_F.58
hunter_f58a_1971_switzerland,0.0,,,,,,6.0,100.0,3.0,,1.0,,0.0,,,,,,◌Hunter_F.58A_(1971)
mirage_3s_c70_switzerland,0.0,,,,,,25.0,89.47,2.66,3.25,0.0,0.0,0.0,,,,,,◌Mirage_IIIS_C.70
uk_challenger_2_megatron_sm,0.0,,,,,,464.0,50.0,0.0,0.0,1.27,1.15,0.0,,,,,,◍Challenger_2_OES
cn_mbt2000_sm,0.0,,,,,,2.0,,,,,,0.0,,,,,,◍MBT-2000
fw_190f_8_hungary,0.0,,,,,,17.0,,,0.0,,1.0,0.0,,,,,,◔Fw_190_F-8
re_2000_heja_1,0.0,,,,,,0.0,,,,,,0.0,,,,,,◔Héja_I
il_28_hungary,0.0,,,,,,0.0,,,,,,0.0,,,,,,◔IL-28
saab_jas39c_hungary,0.0,,,,,,36.0,9.52,0.37,0.69,2.97,2.35,0.0,,,,,,◔JAS39EBS_HU_C
mig-15bis_nr23_hungary,0.0,,,,,,0.0,,,,,,0.0,,,,,,◔MiG-15bis
mig-17pf_hungary,0.0,,,,,,6.0,,,,,,0.0,,,,,,◔MiG-17PF
mig-21_bis_sau_hungary,0.0,,,,,,7.0,,,,,,0.0,,,,,,◔MiG-21bis-SAU
mig-21_mf_hungary,0.0,,,,,,21.0,100.0,2.0,2.0,0.0,0.0,0.0,,,,,,◔MiG-21MF
mig_23mf_hungary,0.0,,,,,,0.0,,,,,,0.0,,,,,,◔MiG-23MF
mig_29_9_12b_hungary,0.0,,,,,,36.0,50.0,1.5,3.0,0.0,0.0,0.0,,,,,,◔MiG-29
su_22m3_hungary,0.0,,,,,,0.0,,,,,,0.0,,,,,,◔Su-22M3
tu-2_postwar_late_hungary,0.0,,,,,,41.0,76.19,0.09,0.09,1.45,1.56,0.0,,,,,,◔Tu-2S-59
it_zsu_23_4,0.0,,,,,,52.0,90.0,0.63,0.63,0.07,0.02,0.0,,,,,,◔ZSU-23-4
fokker_d21_netherlands,0.0,,,,,,0.0,,,,,,0.0,,,,,,◗Fokker_D.XXI
fokker_g1a,0.0,,,,,,9.0,93.75,0.69,1.0,1.0,1.17,0.0,,,,,,◗Fokker_G.IA
f_16a_block_5_netherlands,0.0,,,,,,13.0,,,1.0,,0.0,0.0,,,,,,◘F-16A
f_16am_block_20_mlu_netherlands,0.0,,,,,,113.0,78.28,1.83,4.13,1.04,1.55,8.0,,,2.0,,0.0,◘F-16AM
hunter_f6_holland,0.0,,,,,,6.0,50.0,1.0,2.0,1.0,2.0,0.0,,,,,,◘Hunter_F.6
nf_5a_netherlands,0.0,,,,,,591.0,57.6,1.55,2.07,0.76,1.02,0.0,,,,,,◘NF-5A
sb_25j_netherlands,0.0,,,,,,0.0,,,,,,0.0,,,,,,◘SB-25J
kfir_c10_colombia,0.0,,,,,,63.0,65.28,1.38,1.73,0.0,0.0,0.0,,,,,,◡Kfir_C.10
f_16a_block_10_norway,0.0,,,,,,0.0,,,,,,6.0,,,0.0,,0.0,◢F-16A
f_16am_block_20_mlu_norway,0.0,,,,,,22.0,76.19,0.62,0.62,0.0,0.0,0.0,,,,,,◢F-16AM
f-5ag_norway,0.0,,,,,,24.0,,,,,,0.0,,,,,,◢F-5A(G)
hawk_209_indonesia,0.0,,,,,,6.0,,,0.0,,0.0,0.0,,,,,,◥Hawk_209
a_4e_late_iaf,0.0,,,,,,2.0,100.0,0.0,,1.0,,0.0,,,,,,A-4E_(Israel)
a_4e_early_iaf,0.0,,,,,,10.0,,,1.0,,1.0,0.0,,,,,,A-4E_Early_(M)_(Israel)
f-84f_israel_iaf,0.0,,,,,,0.0,,,,,,0.0,,,,,,F-84F_(Israel)
md_450b_ouragan_iaf_29,0.0,,,,,,0.0,,,,,,0.0,,,,,,M.D.450B_(29)_(Israel)
meteor_frmk9_iaf,0.0,,,,,,0.0,,,,,,0.0,,,,,,Meteor_FR.9_(Israel)
mig_21_2000_iaf,0.0,,,,,,0.0,,,,,,0.0,,,,,,MiG-21_2000_(Israel)
md_454_mystere_4a_iaf,0.0,,,,,,0.0,,,,,,0.0,,,,,,Mystere_IVA_(Israel)
so_4050_vautour_2a_israel_iaf,0.0,,,,,,0.0,,,,,,0.0,,,,,,Vautour_IIA_(Israel)
so_4050_vautour_2n_iaf,0.0,,,,,,0.0,,,,,,0.0,,,,,,Vautour_IIN_(Israel)
