name,ab_battles,ab_win_rate,ab_air_frags_per_battle,ab_air_frags_per_death,ab_ground_frags_per_battle,ab_ground_frags_per_death,rb_battles,rb_win_rate,rb_air_frags_per_battle,rb_air_frags_per_death,rb_ground_frags_per_battle,rb_ground_frags_per_death,sb_battles,sb_win_rate,sb_air_frags_per_battle,sb_air_frags_per_death,sb_ground_frags_per_battle,sb_ground_frags_per_death,alt_name
germ_pzkpfw_III_ausf_F,1131.0,92.89,0.1,0.16,6.96,13.32,35.0,10.71,0.0,0.0,3.64,4.21,0.0,,,,,,Pz.III_F
it_sherman_75_37,738.0,82.12,0.1,0.12,6.4,7.65,215.0,80.69,0.0,0.0,2.89,2.94,0.0,,,,,,Sherman_I_Composito
uk_ram_90mm_aa,570.0,61.5,0.68,0.44,5.22,3.76,7.0,100.0,0.0,0.0,2.0,2.17,5.0,,,0.0,,1.0,QF_3.7_Ram
germ_vsw_flak_41,536.0,86.57,0.15,0.15,6.05,5.95,78.0,70.59,0.0,0.0,8.82,4.05,0.0,,,,,,VFW
germ_pzkpfw_VI_ausf_b_tiger_IIp,507.0,85.22,0.03,0.03,6.7,6.08,1243.0,37.2,0.0,0.0,3.06,2.4,12.0,,,0.0,,1.57,Tiger_II_(P)
su_30mk2v_venezuela,525.0,52.82,5.25,3.81,0.54,0.42,3636.0,49.99,1.15,1.33,0.32,0.39,81.0,100.0,4.71,2.53,1.54,0.8,Су-30МК2_AMV
la-5fn,521.0,55.25,3.95,2.99,0.31,0.24,99.0,100.0,2.5,1.36,2.0,0.56,0.0,,,,,,La-5FN
i_185_m82,513.0,58.14,2.85,2.16,0.52,0.37,99.0,100.0,3.33,1.37,1.33,0.82,0.0,,,,,,I-185_(M-82)
us_m1a1_hc_usmc_sm,445.0,67.76,0.04,0.04,2.89,2.44,1512.0,60.19,0.02,0.0,2.53,1.95,0.0,,,,,,◍M1A1_HC
germ_pzkpfw_VI_ausf_e_tiger,452.0,55.85,0.05,0.05,2.34,2.73,929.0,33.7,0.0,0.0,2.83,2.03,5.0,,,,,,Tiger_E
la-7,462.0,71.61,3.59,4.06,1.32,1.53,124.0,90.21,2.35,3.2,0.69,1.15,0.0,,,,,,La-7
ussr_t_34_1941_57,420.0,66.18,0.06,0.05,3.63,2.81,308.0,43.24,0.0,0.0,4.62,2.43,6.0,,,,,,T-34-57
ussr_t_34_85_zis_53,415.0,72.6,0.01,0.02,3.35,3.84,377.0,39.14,0.0,0.0,3.5,1.88,11.0,,,0.0,,1.0,T-34-85
germ_pzkpfw_V_ausf_d_panther,435.0,58.45,0.0,0.0,2.08,1.98,437.0,31.38,0.0,0.0,2.6,1.65,5.0,,,,,,Panther_D
jp_type_5_ho_ri_prototype,390.0,66.18,0.05,0.05,3.24,2.87,1868.0,57.99,0.0,0.0,2.78,2.12,0.0,,,,,,Ho-Ri_Prototype
us_t58,379.0,76.58,0.04,0.04,6.01,6.14,1196.0,65.4,0.0,0.0,3.52,2.76,0.0,,,,,,T58
yak-7b,379.0,89.48,3.05,3.79,1.65,2.06,16.0,50.0,1.81,1.81,0.5,0.5,4.0,,,,,,Yak-7B
us_halftrack_m3_75mm_gmc,374.0,71.47,0.14,0.2,4.81,6.54,0.0,,,,,,0.0,,,,,,M3_GMC
germ_kpz_70,360.0,63.34,0.01,0.01,1.94,1.48,2030.0,50.94,0.0,0.0,1.52,1.29,0.0,,,,,,KPz-70
germ_pzkpfw_VI_ausf_h1_tiger,368.0,51.4,0.01,0.01,2.63,2.41,672.0,37.53,0.0,0.0,2.78,1.93,0.0,,,,,,Tiger_H1
us_m18_hellcat,361.0,63.25,0.0,0.0,2.51,2.16,2084.0,57.87,0.0,0.0,1.76,1.38,10.0,,,0.0,,2.75,M18_GMC
ussr_t_34_85_d_5t,339.0,71.59,0.0,0.0,3.97,2.84,573.0,51.74,0.0,0.0,3.41,1.92,0.0,,,,,,T-34-85_(D-5T)
yak-9t,366.0,63.63,3.57,3.33,0.2,0.15,35.0,100.0,1.0,0.92,0.0,0.0,6.0,,,0.0,,0.0,Yak-9T
sw_sav_fm48,337.0,71.43,0.15,0.1,4.83,3.35,420.0,49.28,0.0,0.0,5.55,2.4,0.0,,,,,,SAV_20.12.48
germ_panzerjager_panther,337.0,60.41,0.02,0.02,2.69,3.08,350.0,35.1,0.0,0.0,2.5,2.12,7.0,,,0.0,,1.29,Jagdpanther_G1
jp_m24_chaffee,326.0,78.58,0.2,0.1,8.76,3.65,1323.0,67.11,0.0,0.0,2.43,2.03,0.0,,,,,,M24
germ_panzerbefelhswagen_VI_P,344.0,74.7,0.03,0.05,5.13,6.16,156.0,20.37,0.0,0.0,7.41,3.21,0.0,,,,,,Pz.Bfw.VI_(P)
jp_type_4_chi_to_late,309.0,79.53,0.01,0.01,4.49,4.76,588.0,79.81,0.0,0.0,4.69,2.4,0.0,,,,,,Chi-To_Late
il_2m_1943,332.0,78.84,0.97,1.09,3.61,4.01,0.0,,,,,,0.0,,,,,,IL-2M_(1943)
bf-109f-4,332.0,61.89,5.16,7.21,0.59,0.75,402.0,65.22,1.77,2.81,0.68,1.07,0.0,,,,,,Bf_109_F-4
yak-9b,318.0,83.55,2.09,2.39,6.12,7.0,0.0,,,,,,0.0,,,,,,Yak-9B
p-47d_ussr,310.0,78.89,1.36,1.05,6.83,5.13,116.0,48.77,0.48,0.14,2.05,1.14,0.0,,,,,,P-47D-27
ussr_t_54_1947,299.0,45.08,0.0,0.0,2.28,2.15,425.0,52.29,0.0,0.0,1.63,1.61,18.0,,,0.0,,0.44,T-54_(1947)
fw-190a-4,304.0,46.82,4.71,3.54,0.26,0.2,177.0,42.01,2.26,2.46,0.75,0.78,0.0,,,,,,Fw_190_A-4
bf-109f-4_trop,301.0,64.11,4.93,6.33,0.6,0.78,90.0,100.0,2.63,2.8,0.15,0.11,0.0,,,,,,Bf_109_F-4/trop
sw_t_34_1941,299.0,87.42,0.0,0.0,3.85,2.99,106.0,48.0,0.0,0.0,6.1,2.64,0.0,,,,,,T-34
germ_pzkpfw_IV_ausf_F2,302.0,71.81,0.0,0.0,4.41,3.49,477.0,46.17,0.0,0.0,3.55,2.42,0.0,,,,,,Pz.IV_F2
i_185_m71_standard,315.0,65.62,2.38,2.48,0.61,0.62,97.0,100.0,2.0,1.56,4.0,1.4,0.0,,,,,,I-185_(M-71)
germ_panther_II,283.0,76.8,0.01,0.01,3.84,4.22,267.0,60.65,0.0,0.0,4.12,3.18,0.0,,,,,,Panther_II
ussr_kv_1_zis_5,277.0,68.14,0.16,0.3,3.28,5.81,123.0,80.3,0.0,0.0,17.05,7.16,12.0,,,,,,KV-1_(ZiS-5)
ussr_t_34_1942,279.0,72.87,0.05,0.08,2.27,3.1,98.0,13.79,0.0,0.0,5.95,4.49,0.0,,,,,,T-34_(1942)
jp_type_4_chi_to,265.0,66.83,0.01,0.01,4.48,5.01,624.0,83.32,0.0,0.0,2.95,1.93,0.0,,,,,,Chi-To
la-5_type37_early,274.0,80.93,3.52,5.09,0.92,1.34,0.0,,,,,,0.0,,,,,,La-5
yak-1b,270.0,86.35,3.1,3.63,1.03,1.21,111.0,100.0,6.86,,1.07,,0.0,,,,,,Yak-1B
do_335a_1,278.0,81.97,1.22,1.05,7.93,6.42,148.0,28.85,2.54,1.24,3.32,1.39,0.0,,,,,,Do_335_A-1
germ_pzkpfw_IV_ausf_C,265.0,85.53,0.0,0.0,4.3,8.51,11.0,,,0.0,,1.0,0.0,,,,,,Pz.IV_C
ussr_t_80uk,265.0,52.74,0.0,0.0,1.23,1.19,811.0,40.11,0.0,0.0,1.57,1.17,11.0,,,,,,T-80UK
il-2m,264.0,87.36,1.11,1.16,4.05,4.21,32.0,,,0.07,,1.3,0.0,,,,,,IL-2M_type_3
germ_sdkfz_9_flak37,256.0,73.48,0.31,0.41,7.9,10.2,27.0,,,0.0,,3.38,0.0,,,,,,"8,8_cm_Flak_37_Sfl."
ussr_kv_1e,250.0,75.22,0.15,0.13,7.08,7.19,224.0,52.83,0.0,0.0,6.45,4.31,0.0,,,,,,KV-1E
ussr_is_1,240.0,66.09,0.05,0.07,2.0,2.72,258.0,54.95,0.0,0.0,2.03,1.36,0.0,,,,,,IS-1
ussr_is_4m,246.0,50.89,0.0,0.0,2.06,2.47,156.0,41.59,0.0,0.0,3.32,2.01,0.0,,,,,,IS-4M
us_m3a1_stuart,242.0,75.08,0.14,0.22,4.25,5.78,54.0,100.0,0.0,0.0,2.8,2.02,0.0,,,,,,M3A1_Stuart
ussr_t_34_85_zis_53_v80,252.0,90.61,0.0,0.0,8.12,8.43,298.0,57.08,0.0,0.0,2.98,2.33,0.0,,,,,,"Т-34-85_""Партизан"""
it_m4a4_sherman,245.0,62.73,0.01,0.01,3.0,5.87,32.0,100.0,0.0,0.0,3.82,4.5,0.0,,,,,,Sherman_V
jp_type_3_chi_nu_75cm_type_5,223.0,61.78,0.01,0.02,4.3,4.63,541.0,84.34,0.0,0.0,3.89,2.59,0.0,,,,,,Chi-Nu_II
germ_leopard_2a7v,240.0,63.23,0.0,0.0,2.84,4.47,1245.0,54.94,0.0,0.0,2.58,2.01,0.0,,,,,,Leopard_2A7V
ussr_t_34E_STZ,234.0,68.45,0.0,0.0,2.29,2.53,53.0,0.0,0.0,0.0,1.0,1.96,0.0,,,,,,T-34E_STZ
ussr_t_80u,236.0,52.92,0.0,0.0,1.84,1.58,976.0,53.75,0.0,0.0,1.79,1.37,2.0,100.0,0.0,0.0,3.0,3.0,T-80U
germ_marder_df_105,228.0,53.81,0.0,0.0,0.89,1.04,280.0,36.34,0.0,0.0,2.22,1.44,24.0,53.03,0.0,0.0,1.0,1.0,DF105
ussr_t_80bvm,219.0,65.95,0.01,0.01,2.11,2.18,3030.0,51.39,0.0,0.0,2.14,1.75,0.0,,,,,,T-80BVM
ussr_t_80ue1_sm,218.0,56.05,0.0,0.0,1.72,1.71,1301.0,49.46,0.0,0.0,1.36,1.16,3.0,0.0,0.0,0.0,1.0,1.0,◍Т-80У-Е1
ussr_kv_85,228.0,51.29,0.2,0.09,4.65,5.2,109.0,21.43,0.0,0.0,5.36,2.09,0.0,,,,,,KV-85
germ_spz_oerlikon_raketenautomat,215.0,46.57,0.0,0.0,0.89,1.0,443.0,33.63,0.0,0.0,1.2,0.83,0.0,,,,,,Raketenautomat
sw_strv_122b_plus,220.0,71.28,0.0,0.0,2.85,4.29,424.0,73.41,0.0,0.0,4.29,2.28,0.0,,,,,,Strv_122B+
sw_sherman_3_4,220.0,96.34,0.0,0.0,5.46,4.69,260.0,45.53,0.0,0.0,5.5,2.87,0.0,,,,,,Sherman_III/IV
germ_t_34_747,210.0,67.51,0.0,0.0,3.51,4.04,45.0,52.67,0.0,0.0,2.58,3.48,0.0,,,,,,T_34_747_(r)
ussr_t_34_85_stp_s53,214.0,78.76,0.0,0.0,4.22,3.56,1122.0,47.92,0.0,0.0,2.53,2.0,12.0,,,0.0,,0.0,Т-34-85_(СТП)
germ_pzkpfw_VI_ausf_b_tiger_IIh_kwk46,211.0,73.44,0.0,0.0,4.86,4.9,273.0,52.58,0.0,0.0,4.97,3.22,4.0,100.0,0.0,0.0,2.0,2.0,Tiger_II_(10.5_cm_Kw.K)
cn_type_58,206.0,86.67,0.0,0.0,4.56,3.58,142.0,67.38,0.0,0.0,2.5,2.63,0.0,,,,,,Т-34-85_Gai
germ_erprobungstrager_3_achs_turm,209.0,50.0,0.0,0.0,1.91,1.74,1844.0,42.2,0.05,0.0,2.99,1.9,0.0,,,,,,Turm_III
us_t29,218.0,61.33,0.05,0.05,6.69,7.43,2675.0,57.25,0.0,0.0,3.49,2.65,0.0,,,,,,T29
us_m24_chaffee,210.0,80.68,0.0,0.0,2.87,2.4,705.0,52.69,0.0,0.0,2.39,1.66,0.0,,,,,,M24
germ_pzkpfw_VI_ausf_h1_tiger_west,212.0,89.53,0.0,0.0,4.39,5.99,628.0,45.52,0.0,0.0,2.52,1.95,16.0,,,0.0,,0.0,Tiger_West
sw_m24_chaffee_dk,199.0,75.58,0.06,0.04,4.3,4.04,255.0,56.46,0.0,0.0,2.01,1.39,0.0,,,,,,M24DK
sw_strv_122b_plss,195.0,60.74,0.03,0.04,2.64,4.1,177.0,64.39,0.0,0.0,5.18,2.82,0.0,,,,,,Strv_122B_PLSS
it_m24_chaffee,198.0,75.3,0.0,0.0,3.94,5.05,362.0,69.7,0.0,0.0,2.3,1.89,0.0,,,,,,M24
iar_81c_db_605,222.0,53.82,5.29,5.25,0.19,0.17,101.0,100.0,3.5,7.9,1.56,3.38,0.0,,,,,,IAR-81C_(DB_605)
germ_leopard_I,186.0,49.2,0.0,0.0,2.49,2.71,1355.0,32.6,0.0,0.0,0.85,0.77,12.0,0.0,0.0,0.0,1.0,1.0,Leopard_I
fr_amx_50_surbaisse,199.0,59.68,0.0,0.0,5.26,3.78,315.0,74.49,0.0,0.0,3.32,2.61,0.0,,,,,,AMX-50_Surbaissé
germ_pzkpfw_VI_ausf_b_tiger_IIh,187.0,56.11,0.01,0.01,2.79,2.61,1686.0,46.54,0.0,0.0,2.73,2.35,0.0,,,,,,Tiger_II_(H)
germ_pzkpfw_VI_ausf_h1_tiger_east,196.0,70.85,0.0,0.0,4.73,5.61,480.0,51.36,0.0,0.0,2.91,2.29,0.0,,,,,,Tiger_Ost
s_199,199.0,76.67,8.13,1.93,0.6,0.21,20.0,,,0.1,,0.1,0.0,,,,,,Sakeen
a_20g_30_ussr,190.0,88.0,0.39,0.31,8.29,6.36,5.0,,,0.0,,0.0,0.0,,,,,,A-20G-30
f-84b,193.0,61.49,2.25,2.15,5.58,5.3,111.0,0.0,2.44,0.96,6.33,2.45,0.0,,,,,,F-84B-26
germ_leopard_1a5,182.0,47.82,0.0,0.0,1.13,1.35,675.0,46.32,0.0,0.0,1.62,1.18,73.0,53.23,0.0,0.0,2.09,2.23,Leopard_1A5
jp_type_5_chi_ri,185.0,58.84,0.17,0.2,1.83,2.07,730.0,61.89,0.0,0.0,2.92,1.87,0.0,,,,,,Chi-Ri_II
yak-3,198.0,62.57,5.63,4.04,0.35,0.21,170.0,50.16,4.12,3.23,1.22,1.08,9.0,,,,,,Yak-3
us_t95e1,195.0,63.83,0.0,0.0,1.48,1.11,246.0,68.46,0.0,0.0,3.05,1.3,0.0,,,,,,T95E1
us_t20,179.0,95.44,0.0,0.0,7.08,8.36,2525.0,69.65,0.0,0.0,4.17,3.6,90.0,88.1,0.0,0.0,5.43,5.14,T20
ussr_t_34_1941,181.0,85.41,0.0,0.0,2.21,2.71,61.0,50.0,0.0,0.0,2.78,2.44,0.0,,,,,,T-34_(1941)
ussr_t_10m,178.0,32.79,0.0,0.0,6.28,4.38,523.0,53.76,0.0,0.0,2.25,1.96,40.0,77.78,0.0,0.0,1.78,2.39,T-10M
germ_leopard_2k,172.0,55.23,0.0,0.0,1.52,2.15,898.0,51.44,0.05,0.01,2.45,2.1,0.0,,,,,,Leopard_2K
germ_leopard_I_a1,170.0,48.57,0.0,0.0,1.8,1.6,1048.0,48.36,0.0,0.0,2.29,1.55,0.0,,,,,,Leopard_A1A1
jp_m36b2_jgsdf,171.0,65.06,0.21,0.26,1.61,1.88,1831.0,61.01,0.02,0.02,1.57,1.5,0.0,,,,,,M36
sw_t_34_85_zis_53,171.0,90.48,0.06,0.06,3.25,2.99,388.0,55.29,0.0,0.0,2.42,1.85,0.0,,,,,,T-34-85
germ_le_kpz_m41,170.0,63.44,0.0,0.0,1.28,1.02,867.0,41.2,0.0,0.0,1.14,0.89,0.0,,,,,,leKPz_M41
jp_st_a2,170.0,38.46,0.21,0.21,1.23,1.35,405.0,58.45,0.0,0.0,2.49,2.0,0.0,,,,,,ST-A2
ussr_t_34_57_1943,167.0,79.67,0.06,0.05,5.09,3.69,204.0,51.24,0.0,0.0,3.87,1.93,0.0,,,,,,T-34-57_(1943)
f-80a,167.0,67.9,1.58,1.63,2.2,2.29,65.0,100.0,2.33,2.39,0.0,0.46,0.0,,,,,,F-80A-5
germ_kpz_t72m1,159.0,64.63,0.06,0.06,3.82,3.0,1091.0,48.56,0.0,0.0,1.82,1.57,13.0,9.09,0.0,0.0,1.0,1.0,◊T-72M1
jp_type_5_ho_ri_production,162.0,83.01,0.0,0.0,5.19,4.01,1965.0,74.17,0.0,0.0,4.41,4.25,0.0,,,,,,Ho-Ri_Production
ussr_t_72a,155.0,51.52,0.0,0.0,3.55,3.04,1286.0,40.75,0.0,0.0,2.28,1.71,0.0,,,,,,T-72A
us_m4a2_sherman,155.0,84.41,0.0,0.0,4.88,2.82,231.0,66.24,0.0,0.0,3.43,2.41,0.0,,,,,,M4A2
f8f1,161.0,44.16,1.5,1.31,1.95,1.38,587.0,54.13,0.35,0.31,1.27,1.07,19.0,,,0.0,,0.0,F8F-1
il_m_51,159.0,89.29,0.03,0.01,4.69,1.6,481.0,44.78,0.0,0.0,2.86,1.19,0.0,,,,,,M-51
germ_leopard_2a6,150.0,66.13,0.0,0.0,2.36,2.9,668.0,51.1,0.0,0.0,2.31,1.86,0.0,,,,,,Leopard_2A6
ussr_bmpt,153.0,64.43,0.02,0.03,1.48,1.83,1437.0,46.48,0.0,0.0,1.53,1.31,0.0,,,,,,БМПТ
jp_st_a1,155.0,41.54,0.24,0.25,1.73,1.76,779.0,56.76,0.0,0.0,2.01,1.58,0.0,,,,,,ST-A1
germ_pzkpfw_IV_ausf_H,148.0,57.63,0.0,0.0,1.66,2.34,469.0,39.73,0.0,0.0,2.52,1.58,27.0,,,,,,Pz.IV_H
i_29,142.0,80.21,1.85,2.42,0.82,1.13,0.0,,,,,,0.0,,,,,,I-29
cn_t_34_85_zis_53_no215,148.0,85.65,0.02,0.03,8.86,7.91,10.0,,,0.0,,2.0,0.0,,,,,,T-34-85_No.215
ussr_object_435,139.0,70.23,0.0,0.0,2.1,1.94,387.0,44.78,0.0,0.0,2.09,1.49,0.0,,,,,,Object_435
ussr_t_55_amd_1,139.0,53.71,0.0,0.0,1.34,2.15,658.0,41.2,0.0,0.0,1.37,1.19,16.0,,,,,,T-55AMD-1
do_217e_2,148.0,87.38,0.31,0.29,6.98,6.54,12.0,50.0,0.0,0.0,0.5,1.0,0.0,,,,,,Do_217_E-2
ussr_t_54_1951,138.0,53.1,0.0,0.0,1.74,1.98,170.0,50.0,0.0,0.0,1.8,1.47,14.0,85.71,0.0,0.0,1.0,1.0,T-54_(1951)
il_8_1944,139.0,72.85,1.84,1.72,4.28,4.01,157.0,50.0,0.39,0.36,1.76,1.69,0.0,,,,,,IL-8_(1944)
ussr_object_248,143.0,81.51,0.0,0.0,5.97,6.6,146.0,82.18,0.0,0.0,10.98,4.56,0.0,,,,,,Object_248
me-410a-1,143.0,87.57,0.67,0.82,3.13,3.78,18.0,,,0.0,,1.22,0.0,,,,,,Me_410_A-1
ussr_kv_2_zis_6,141.0,65.76,0.02,0.02,4.03,4.47,25.0,,,0.0,,2.96,0.0,,,,,,KV-2_(ZiS-6)
ussr_t_34_85E,145.0,97.93,0.02,0.01,9.58,9.71,303.0,64.88,0.0,0.0,4.8,4.19,0.0,,,,,,T-34-85E
ussr_kv_1s,130.0,57.6,0.01,0.03,2.34,3.25,88.0,0.0,0.0,0.0,3.03,1.6,0.0,,,,,,KV-1S
mig_25pd,129.0,55.43,2.45,2.5,0.0,0.0,380.0,60.15,1.63,2.63,0.0,0.0,0.0,,,,,,МиГ-25ПД
bf-109g-2,133.0,59.62,3.31,2.05,1.31,0.8,111.0,63.89,1.7,1.57,2.61,2.69,0.0,,,,,,Bf_109_G-2/trop
ar_2,136.0,91.45,0.33,0.4,7.7,9.13,3.0,,,,,,0.0,,,,,,Ar-2
cn_ztz_96a_prot,138.0,84.6,0.02,0.02,5.33,4.2,295.0,58.24,0.0,0.0,2.46,1.83,11.0,,,,,,ZTZ96A_(P)
ussr_t_64a_1971,127.0,66.38,0.0,0.0,2.67,2.76,679.0,46.73,0.0,0.0,2.0,1.59,25.0,100.0,0.0,0.0,2.96,2.96,T-64A_(1971)
il_sabra_mk1,135.0,56.99,0.0,0.0,2.48,1.94,130.0,58.48,0.03,0.02,3.07,3.91,0.0,,,,,,Sabra_Mk.I
pyorremyrsky,138.0,42.54,1.42,1.3,0.0,0.0,94.0,80.65,1.81,1.6,2.44,2.02,25.0,0.0,3.0,2.95,0.0,0.0,VL_Pyörremyrsky
germ_vk_3002m,128.0,55.17,0.0,0.0,3.32,3.67,255.0,34.6,0.0,0.0,4.86,2.58,0.0,,,,,,VK_3002_(M)
jp_sub_i_ii_20mm,129.0,66.4,1.24,1.59,1.1,1.47,909.0,56.65,0.59,0.54,0.75,0.67,0.0,,,,,,SUB-I-II
germ_pzkpfw_V_ausf_g_panther,130.0,57.9,0.0,0.0,1.6,2.01,446.0,24.84,0.0,0.0,2.53,1.44,0.0,,,,,,Panther_G
germ_jgdpz_IV_L48,124.0,0.0,0.0,0.0,15.14,3.76,112.0,95.24,0.0,0.0,7.29,3.38,0.0,,,,,,Jagdpanzer_IV
jp_m4a3e8_76w_sherman,128.0,68.52,0.33,0.25,3.23,3.23,1271.0,66.3,0.0,0.0,1.94,1.84,0.0,,,,,,M4A3_(76)_W
jp_m44,126.0,56.55,0.21,0.2,3.2,2.95,365.0,68.59,0.0,0.0,1.57,1.1,0.0,,,,,,M44
pe-2-1,124.0,86.94,0.28,0.32,3.51,4.19,0.0,,,,,,0.0,,,,,,Pe-2-1
ussr_t_54_1949,121.0,43.82,0.0,0.0,1.67,2.0,188.0,52.17,0.0,0.0,1.53,1.7,67.0,100.0,0.0,0.0,3.73,2.18,T-54_(1949)
ussr_t_80b,133.0,55.36,0.0,0.0,1.3,1.19,892.0,46.76,0.0,0.0,2.01,1.56,11.0,57.14,0.0,0.0,0.57,1.0,T-80B
germ_flakpanzer_IV_Ostwind,125.0,80.45,1.73,2.3,2.14,2.48,289.0,40.04,0.95,0.94,1.31,1.33,0.0,,,,,,Ostwind
yak-3p,129.0,52.4,1.94,1.96,0.15,0.14,266.0,66.87,3.23,2.79,1.17,1.01,0.0,,,,,,Yak-3P
me-410b-1,124.0,92.96,0.77,0.78,4.94,4.62,0.0,,,,,,0.0,,,,,,Me_410_B-1
fw-190d-9,118.0,61.49,2.83,1.71,1.19,0.67,207.0,38.93,0.91,0.83,0.86,0.81,0.0,,,,,,Fw_190_D-9
jp_navy_120mm_spg,114.0,77.78,0.0,0.0,6.88,2.52,108.0,86.29,0.0,0.0,3.32,2.76,0.0,,,,,,Chi-Ha_LG
yak-9k,123.0,61.43,1.62,1.73,0.58,0.49,1086.0,63.6,0.38,0.32,2.35,1.83,25.0,,,,,,Yak-9K
ussr_su_122_54,115.0,45.89,0.0,0.0,1.16,0.97,160.0,35.93,0.0,0.0,2.33,1.66,0.0,,,,,,SU-122-54
ussr_su_100p,112.0,79.58,0.0,0.0,3.0,2.71,417.0,59.97,0.0,0.0,3.82,1.42,0.0,,,,,,SU-100P
uk_a_33_excelsior,107.0,100.0,0.0,0.0,6.32,10.16,110.0,87.5,0.0,0.0,9.53,8.0,0.0,,,,,,Excelsior
pe-3_bis,110.0,78.76,0.86,1.31,2.9,4.43,0.0,,,,,,0.0,,,,,,Pe-3bis
me_264,118.0,95.56,0.96,0.77,6.66,5.65,0.0,,,,,,0.0,,,,,,Me_264
sw_t_28,112.0,84.73,0.0,0.0,4.81,5.08,0.0,,,,,,0.0,,,,,,T-28
me_210ca_1_hungary,120.0,99.0,1.75,1.02,3.79,2.6,0.0,,,,,,0.0,,,,,,◔Me_210_Ca-1
sw_kv_1_1942_fin,109.0,69.25,0.0,0.0,3.49,3.43,148.0,51.15,0.0,0.0,4.78,4.19,0.0,,,,,,KV-1_m1942
ussr_is_2_1943,108.0,50.0,0.0,0.0,3.71,3.96,489.0,39.47,0.0,0.0,2.75,1.5,0.0,,,,,,IS-2
us_m36,112.0,75.81,0.0,0.0,2.17,2.48,267.0,77.5,0.0,0.0,7.19,2.41,0.0,,,,,,M36_GMC
ussr_is_2_1944_321,109.0,100.0,0.0,0.0,5.28,5.15,86.0,95.46,0.0,0.0,6.8,4.54,0.0,,,,,,IS-2_No.321
jp_type_90b_camo,106.0,53.57,0.09,0.04,3.64,2.39,2341.0,52.82,0.0,0.0,2.51,1.85,26.0,0.0,0.0,0.0,1.0,0.5,"Type_90_(B)_""Fuji"""
yak-9,105.0,95.71,4.32,6.72,0.36,0.58,36.0,87.5,3.75,6.0,0.13,1.0,0.0,,,,,,Yak-9
us_m26_pershing,109.0,83.19,0.0,0.0,4.35,4.33,227.0,67.74,0.0,0.0,2.69,2.24,51.0,73.08,0.0,0.0,3.54,3.0,M26
germ_waffentrager_krupp_steyr,113.0,56.67,0.0,0.0,2.43,2.07,150.0,46.09,0.0,0.0,1.46,1.71,0.0,,,,,,Waffenträger
us_m3_lee,102.0,66.67,0.2,0.2,3.5,4.2,53.0,50.0,0.0,0.0,2.4,1.76,0.0,,,,,,M3_Lee
us_m1a1_aim_abrams,109.0,64.41,0.22,0.18,2.19,2.79,863.0,58.13,0.0,0.0,2.36,1.77,10.0,,,0.0,,2.0,M1A1_AIM
sw_strv_122,103.0,59.54,0.0,0.0,2.29,2.64,208.0,75.13,0.0,0.0,3.26,2.54,9.0,,,0.0,,0.0,Strv_122A
germ_leopard_2a4m_can_sm,112.0,65.8,0.0,0.0,2.45,3.8,1057.0,44.07,0.0,0.0,1.42,1.17,29.0,0.0,0.0,0.0,0.0,0.0,◍Leopard_2A4M
uk_a30_challenger,115.0,38.81,0.28,0.42,1.79,2.53,101.0,51.61,0.0,0.0,2.18,2.22,0.0,,,,,,Challenger
us_m1a1_hc_usmc,111.0,55.83,0.32,0.24,3.06,2.12,3077.0,60.13,0.0,0.0,1.81,1.64,21.0,0.0,0.0,0.0,2.38,1.66,M1A1_Click-Bait
ussr_kv_7_u13,107.0,64.46,0.0,0.0,3.44,5.19,167.0,51.74,0.0,0.0,4.38,3.75,0.0,,,,,,KV-7_(U-13)
us_m1a2_sep_abrams,102.0,47.62,0.0,0.0,1.59,2.3,985.0,53.92,0.0,0.0,1.89,1.63,0.0,,,,,,M1A2_SEP
ussr_t_44_100,109.0,70.94,0.0,0.0,4.92,2.37,1275.0,49.49,0.0,0.0,1.87,1.64,32.0,0.0,0.0,0.0,4.33,2.59,T-44-100
ki_43_3_otsu,100.0,55.43,6.51,5.62,0.24,0.3,468.0,65.0,0.47,0.61,1.22,1.53,0.0,,,,,,Ki-43-III_otsu
f_6c_pakistan,107.0,61.23,4.4,3.86,0.21,0.18,48.0,100.0,2.71,5.17,0.58,1.08,0.0,,,,,,F-6C
ussr_is_2_1944,105.0,58.33,0.0,0.0,3.25,3.15,573.0,48.89,0.0,0.0,2.93,2.41,0.0,,,,,,IS-2_(1944)
fw-190a-5_u2,107.0,98.39,3.76,1.98,1.68,0.9,45.0,0.0,0.75,0.18,1.75,0.29,0.0,,,,,,Fw_190_A-5/U2
ussr_t_44_po,102.0,100.0,0.0,0.0,5.0,5.07,86.0,73.53,0.0,0.0,5.68,3.32,0.0,,,,,,Т-44(ПМ)
it_43m_turan_3,104.0,98.57,0.0,0.0,5.13,4.19,180.0,57.66,0.0,0.0,2.63,2.15,0.0,,,,,,Turan_III
germ_pzkpfw_IV_ausf_G,103.0,55.75,0.0,0.0,3.1,3.95,125.0,22.2,0.0,0.0,2.15,2.51,0.0,,,,,,Pz.IV_G
su_34,114.0,50.4,1.74,1.23,0.43,0.26,550.0,54.68,0.39,0.45,4.25,4.83,146.0,,,1.0,,0.68,Су-34
us_m18_hellcat_black_cat,104.0,90.46,0.21,0.23,3.95,4.41,1044.0,80.7,0.0,0.0,2.86,2.35,0.0,,,,,,"M18_""Black_Cat"""
ussr_object_906,102.0,54.57,0.0,0.0,2.29,1.44,1361.0,53.76,0.0,0.0,2.54,1.81,65.0,59.38,0.0,0.0,3.77,2.9,Object_906
us_m1a2_abrams,101.0,27.2,0.0,0.0,1.92,1.77,1069.0,62.46,0.0,0.0,2.49,2.8,0.0,,,,,,M1A2_Abrams
cn_vt_4b,104.0,66.0,0.0,0.0,4.33,4.16,82.0,48.72,0.0,0.0,2.83,4.4,0.0,,,,,,VT4A1
la-5_type39,104.0,100.0,7.57,7.35,2.58,2.52,0.0,,,,,,0.0,,,,,,La-5F
germ_pzkpfw_VI_ausf_b_tiger_IIh_sla,99.0,69.17,0.0,0.0,4.75,4.65,643.0,54.89,0.0,0.0,4.89,3.39,4.0,100.0,0.0,0.0,2.0,2.0,Tiger_II_(H)_Sla.16
jp_type_5_na_to,99.0,68.77,0.0,0.0,3.59,3.98,140.0,61.11,0.0,0.0,2.72,2.44,0.0,,,,,,Na-To
mig_29m_9_15,97.0,44.44,1.74,1.61,0.02,0.01,484.0,52.37,0.66,0.62,0.37,0.34,31.0,,,0.0,,0.0,МиГ-29М_(9-15)
germ_pzkpfw_VI_ausf_h1_tiger_animal_version,102.0,75.81,0.08,0.11,4.87,4.73,29.0,71.74,0.0,0.0,3.22,4.5,0.0,,,,,,␠Tiger
germ_pzkpfw_V_ausf_f_panther,108.0,88.64,0.0,0.0,6.13,3.57,361.0,40.69,0.0,0.0,3.32,2.57,0.0,,,,,,Panther_F
germ_mkpz_super_m48,104.0,50.64,0.0,0.0,2.04,1.35,131.0,70.13,0.0,0.0,7.75,4.13,24.0,50.0,0.0,0.0,1.59,1.59,M48_Super
ussr_t_62,93.0,33.75,0.0,0.0,1.83,1.38,142.0,55.24,0.0,0.0,2.2,2.02,0.0,,,,,,T-62
p-51d-20-na,99.0,91.96,5.87,3.1,2.3,1.29,121.0,60.65,0.97,0.88,1.41,1.32,20.0,,,1.25,,0.0,P-51D-20-NA
ussr_kv_8,98.0,77.88,0.0,0.0,2.5,3.32,0.0,,,,,,0.0,,,,,,КВ-8
f6f-5n,101.0,51.67,1.06,1.29,1.35,1.31,131.0,57.74,0.02,0.03,0.7,0.63,0.0,,,,,,F6F-5N
ussr_t_55a,98.0,50.0,0.0,0.0,2.75,2.4,1200.0,46.83,0.0,0.0,2.07,1.61,1.0,,,0.0,,1.0,T-55A
hellcat_fmk1,95.0,94.82,2.98,2.96,5.14,5.1,0.0,,,,,,79.0,59.81,0.38,0.25,2.26,1.98,Hellcat_Mk_II
germ_pzkpfw_III_ausf_E,99.0,100.0,0.04,0.14,3.5,10.45,45.0,0.0,0.0,0.0,1.2,1.0,0.0,,,,,,Pz.III_E
p-47d_30_italy,100.0,95.83,4.92,2.58,3.79,1.25,103.0,76.35,1.21,1.15,2.68,2.23,28.0,50.0,1.0,2.0,1.0,2.0,P-47D-30
ussr_t_62m1,97.0,50.0,0.0,0.0,3.44,2.62,505.0,52.71,0.0,0.0,1.95,1.47,0.0,,,,,,T-62M-1
f4u-1c,100.0,68.51,2.11,1.84,0.44,0.35,36.0,,,1.4,,1.0,0.0,,,,,,F4U-1C
germ_sdkfz_234_2,99.0,69.45,0.0,0.0,0.95,1.39,817.0,49.11,0.0,0.0,1.2,0.95,0.0,,,,,,Sd.Kfz.234/2
germ_jgdpz_38t,94.0,100.0,0.0,0.0,11.05,4.08,30.0,0.0,0.0,0.0,3.0,3.0,0.0,,,,,,Jagdpanzer_38(t)
me_210ca_1_40_mm_hungary,100.0,74.17,1.06,0.74,2.5,2.26,10.0,100.0,1.0,1.0,2.6,2.6,17.0,,,,,,◔Me_210_Ca-1_36.M
ussr_kv_220,94.0,88.33,0.0,0.0,4.76,3.41,255.0,83.27,0.0,0.0,7.93,6.9,0.0,,,,,,KV-220
us_m36b2,95.0,91.94,0.0,0.0,2.49,2.1,241.0,70.52,0.0,0.0,1.73,1.54,0.0,,,,,,M36B2
p-51d-5,96.0,53.45,0.62,0.42,1.24,0.87,61.0,70.37,0.37,0.3,0.0,0.0,0.0,,,,,,P-51D-5
ussr_t_72b,99.0,36.17,0.0,0.0,2.33,2.21,687.0,40.69,0.0,0.0,1.58,1.36,0.0,,,,,,T-72B
jp_type_3_chi_nu,91.0,78.34,0.0,0.0,5.98,4.83,167.0,93.33,0.0,0.0,2.62,2.16,0.0,,,,,,Chi-Nu
ussr_asu_85,91.0,49.03,0.0,0.0,0.88,1.14,227.0,34.76,0.0,0.0,2.26,1.69,0.0,,,,,,ASU-85
germ_panzerbefelhswagen_IV_ausf_J,90.0,80.91,0.0,0.0,3.76,4.65,178.0,42.11,0.0,0.0,2.32,1.83,0.0,,,,,,Pz.Bfw.IV
us_xm246,90.0,76.52,0.29,0.55,2.11,2.95,1237.0,58.12,0.22,0.18,1.75,1.48,0.0,,,,,,XM246
xp-50,95.0,100.0,6.75,2.56,0.46,0.11,68.0,50.0,2.91,3.26,1.31,0.9,0.0,,,,,,XP-50
sw_pvkv_II,92.0,76.88,0.0,0.0,3.95,4.71,89.0,50.0,0.0,0.0,3.74,3.2,0.0,,,,,,Pvkv_II
uk_a17_mk_1_tetrarch,91.0,98.33,0.0,0.0,4.9,2.64,67.0,18.18,0.0,0.0,1.98,0.81,0.0,,,,,,Tetrarch_I
ki_61_1a_otsu_china,105.0,85.14,5.09,6.68,1.32,1.8,0.0,,,,,,51.0,84.78,0.87,1.0,3.43,3.7,Ki-61-I_otsu_(China)
ussr_zsu_29k,89.0,84.33,0.16,0.23,3.23,4.31,8.0,50.0,0.0,0.0,1.0,2.0,0.0,,,,,,YaG-10_(29-K)
su-6_m71,95.0,65.9,0.98,0.92,1.85,1.81,92.0,50.0,1.35,0.56,1.47,1.46,0.0,,,,,,Su-6_(M-71F)
jp_type_75,94.0,35.25,0.32,0.56,0.41,0.71,631.0,58.49,0.08,0.07,1.36,1.08,0.0,,,,,,Type_75_SPH
germ_pzkpfw_V_ausf_a_panther,94.0,47.85,0.0,0.0,3.9,2.54,497.0,24.38,0.0,0.0,1.51,1.49,0.0,,,,,,Panther_A
us_m24_chaffee_tl,94.0,67.56,0.0,0.0,2.87,3.71,59.0,61.11,0.0,0.0,2.17,1.91,0.0,,,,,,M24_(TL)
cn_t_34_1942,86.0,85.42,0.0,0.0,4.1,3.53,76.0,85.29,0.0,0.0,4.38,3.32,0.0,,,,,,T-34_(1943)_(China)
yak-1_early,88.0,99.46,5.18,5.24,1.5,1.53,48.0,100.0,0.81,0.94,1.0,0.94,0.0,,,,,,Yak-1
fr_lorraine_40t,91.0,71.88,0.0,0.0,7.38,3.6,385.0,61.2,0.0,0.0,2.09,2.14,18.0,77.78,0.0,0.0,1.0,0.19,Lorraine_40t
p-51h-5_na,91.0,68.75,1.77,1.99,1.46,1.44,145.0,60.46,1.04,1.13,0.86,1.0,0.0,,,,,,P-51H-5-NA
ussr_t_34_1941_l_11,90.0,100.0,0.0,0.0,4.78,2.34,165.0,54.72,0.0,0.0,3.9,1.69,0.0,,,,,,T-34_(1940)
germ_sdkfz_251_9,89.0,100.0,0.0,0.0,3.31,8.61,0.0,,,,,,0.0,,,,,,Sd.Kfz.251/9
us_m2a4_1st_armor_div,86.0,86.56,0.0,0.0,4.76,4.57,0.0,,,,,,0.0,,,,,,M2A4_(1st_Arm.Div.)
ussr_t_34_100,94.0,99.07,0.0,0.0,5.87,3.12,345.0,60.74,0.0,0.0,3.22,2.53,3.0,,,,,,T-34-100
cn_m36,85.0,79.57,0.0,0.0,2.68,2.35,13.0,,,0.0,,2.4,0.0,,,,,,M36_GMC_(China)
ussr_is_3,97.0,96.0,0.0,0.0,6.7,2.69,322.0,66.1,0.0,0.0,3.26,2.38,0.0,,,,,,IS-3
su_27sm,89.0,33.33,1.59,1.73,0.04,0.04,494.0,59.5,1.47,1.71,0.04,0.05,21.0,,,1.82,,0.0,Su-27SM
mig_27m,88.0,40.32,0.15,0.15,0.66,0.49,33.0,,,0.0,,1.0,4.0,,,0.0,,1.0,MiG-27M
yak_2_kabb,84.0,100.0,1.95,2.05,5.6,5.94,0.0,,,,,,25.0,100.0,1.0,1.0,2.0,1.68,Yak-2_KABB
sw_kungstiger,85.0,66.67,0.0,0.0,8.6,7.71,136.0,67.83,0.0,0.0,5.5,3.79,4.0,,,0.0,,2.0,Kungstiger
fr_amx_30_b2_brenus,84.0,54.17,0.0,0.0,2.94,3.14,124.0,80.9,0.0,0.0,3.92,3.76,0.0,,,,,,AMX-30B2_BRENUS
germ_kv_1_kwk_40,83.0,56.67,0.0,0.0,4.28,3.87,291.0,52.06,0.0,0.0,5.0,3.43,0.0,,,,,,KW_I_C_756_(r)
germ_hummel,89.0,100.0,0.0,0.0,3.11,2.9,35.0,14.17,0.0,0.0,1.95,2.12,0.0,,,,,,Hummel
lagg-3-8,82.0,87.1,5.89,4.72,0.42,0.37,0.0,,,,,,0.0,,,,,,LaGG-3-8
us_m4a2_76w_sherman,83.0,23.81,0.0,0.0,2.59,1.97,733.0,54.08,0.0,0.0,2.83,2.41,0.0,,,,,,M4A2_(76)_W
uk_m3_stuart,84.0,32.22,0.0,0.0,0.29,0.47,0.0,,,,,,0.0,,,,,,Stuart_I
fr_sk105_a2,81.0,82.53,0.0,0.0,4.93,3.86,258.0,57.1,0.0,0.0,2.86,2.49,0.0,,,,,,SK-105A2
it_breda_52_autocannone,97.0,68.89,0.3,0.5,6.66,10.48,151.0,59.95,0.0,0.0,2.65,1.99,0.0,,,,,,Breda_90/53
f4u-4b,85.0,66.07,0.86,1.04,1.18,1.31,736.0,68.02,0.66,0.56,1.89,1.56,0.0,,,,,,F4U-4B
bf-109f-4_usa,86.0,80.11,2.6,2.31,0.0,0.0,46.0,50.0,0.74,1.33,0.88,1.53,12.0,,,3.0,,0.0,Bf_109_F-4
ussr_kv_1_L_11,77.0,79.86,0.23,0.23,3.69,4.2,87.0,77.78,0.0,0.0,6.0,3.33,0.0,,,,,,KV-1_(L-11)
cn_t_34_85_d_5t,81.0,94.2,0.0,0.0,4.1,3.97,90.0,37.82,0.0,0.0,3.7,3.3,0.0,,,,,,Т-34-85_(S-53)_(China)
uk_sherman_vc_firefly,79.0,48.92,0.0,0.0,2.52,3.42,185.0,36.49,0.0,0.0,2.13,1.53,0.0,,,,,,Sherman_Firefly
f2h-2,83.0,59.88,1.62,1.91,0.34,0.45,131.0,76.34,1.79,2.35,1.21,1.64,18.0,,,,,,F2H-2
us_m1a2_sep3_abrams,78.0,100.0,0.0,0.0,7.0,11.0,1731.0,56.16,0.0,0.0,2.54,2.39,0.0,,,,,,M1A2_SEPv3
mc-205_serie1,84.0,50.0,1.61,1.05,0.0,0.0,0.0,,,,,,0.0,,,,,,C._205_serie_1
j_7d,81.0,54.84,2.72,3.13,0.01,0.02,425.0,69.35,2.11,2.46,0.49,0.53,0.0,,,,,,J-7D
it_pzkpfw_IV_ausf_G,81.0,99.19,0.0,0.0,5.01,4.94,115.0,85.22,0.0,0.0,2.34,2.02,0.0,,,,,,Pz.IV_G
ussr_zsu_57_2,76.0,100.0,0.0,0.0,4.0,1.68,1073.0,42.17,0.03,0.0,1.69,1.24,14.0,92.42,0.0,0.0,0.93,1.0,ZSU-57-2
jp_type_97_chi_ha,80.0,100.0,0.0,0.0,12.46,14.26,26.0,,,0.0,,1.0,0.0,,,,,,Chi-Ha
mig_3_series_1_15,79.0,100.0,3.77,2.16,1.1,0.7,14.0,100.0,4.73,,0.0,,0.0,,,,,,MiG-3-15
us_m6a1,77.0,34.21,0.0,0.0,4.37,3.25,126.0,50.0,0.0,0.0,2.52,2.44,0.0,,,,,,M6A1
us_m26e1_pershing,73.0,94.44,0.31,0.44,12.52,12.81,642.0,70.2,0.0,0.0,4.54,3.69,0.0,,,,,,M26E1
ta-152h-1,79.0,50.59,1.51,2.11,0.0,0.0,29.0,61.11,1.17,3.0,0.37,1.0,0.0,,,,,,Ta_152_H-1
il_magach_5,68.0,51.59,0.01,0.01,2.52,2.21,60.0,66.67,0.0,0.0,3.77,1.75,0.0,,,,,,Magach_5
us_m4a5_ram_2,79.0,50.62,0.0,0.0,2.74,2.76,14.0,50.0,0.0,0.0,1.0,1.44,0.0,,,,,,M4A5
us_m4a3e8_76w_sherman,73.0,63.21,0.0,0.0,1.78,3.26,657.0,58.7,0.0,0.0,2.38,2.3,3.0,,,0.0,,1.0,M4A3_(76)_W
germ_panzerbefelhswagen_jagdpanther,73.0,80.36,0.03,0.06,5.61,7.62,49.0,9.62,0.0,0.0,1.88,1.74,4.0,100.0,0.0,0.0,3.0,3.0,Bfw._Jagdpanther_G1
mig_29smt_9_19,77.0,37.63,1.83,1.64,0.02,0.01,110.0,52.69,1.15,1.19,0.26,0.25,0.0,,,,,,MiG-29SMT
ussr_t_44,72.0,51.78,0.0,0.0,1.86,2.58,266.0,32.15,0.0,0.0,2.96,2.1,40.0,45.83,0.0,0.0,0.54,1.26,T-44
xp-55,77.0,67.46,3.03,2.35,0.67,0.49,0.0,,,,,,0.0,,,,,,XP-55
ussr_t_72b_1989,79.0,50.95,0.0,0.0,1.66,1.89,297.0,34.73,0.0,0.0,1.61,1.22,0.0,,,,,,T-72B_(1989)
mig_29_9_13,72.0,43.01,0.95,0.99,0.03,0.03,95.0,46.19,1.28,1.79,0.08,0.08,0.0,,,,,,MiG-29
us_m1a2_sep2_abrams,73.0,27.78,0.0,0.0,1.2,1.24,1240.0,52.85,0.0,0.0,1.83,1.75,0.0,,,,,,M1A2_SEP_V2
sw_ikv_91,62.0,62.5,0.1,0.1,3.67,4.17,454.0,45.87,0.0,0.0,1.23,0.91,0.0,,,,,,Ikv_91
re_2001_cb,82.0,42.58,2.21,2.18,0.0,0.0,15.0,100.0,0.0,0.0,1.0,1.0,0.0,,,,,,Re.2001_CB
ussr_su_85m,75.0,50.0,0.0,0.0,1.56,3.0,10.0,,,0.0,,3.5,0.0,,,,,,SU-85M
b_239_finland,73.0,50.0,1.25,1.53,0.0,0.0,4.0,,,,,,0.0,,,,,,B-239
us_mk1_grant,68.0,66.67,0.3,0.5,3.3,5.0,58.0,41.67,0.0,0.0,0.65,0.82,0.0,,,,,,Grant_I
uk_a27m_cromwell_5,70.0,93.55,0.0,0.0,5.34,5.9,217.0,38.6,0.0,0.0,2.55,1.9,0.0,,,,,,Cromwell_V
ussr_is_7,76.0,100.0,0.0,0.0,11.37,14.52,176.0,68.33,0.0,0.0,6.08,4.5,0.0,,,,,,IS-7
typhoon_mk1b,76.0,67.3,4.37,3.09,2.2,1.48,60.0,92.71,0.82,1.73,2.44,3.58,0.0,,,,,,Typhoon_Mk_Ib
ussr_m53_59,68.0,32.18,2.46,3.71,0.31,0.64,469.0,35.64,1.28,0.55,0.53,0.33,0.0,,,,,,M53/59
f-4s,68.0,100.0,6.32,2.14,0.32,0.1,908.0,53.1,1.25,1.38,0.14,0.18,19.0,,,1.84,,0.0,F-4S_Phantom_II
yak-9u,68.0,76.88,6.05,6.28,0.92,0.87,54.0,100.0,2.53,2.41,0.56,0.53,0.0,,,,,,Yak-9U
j_8b,73.0,94.25,4.53,2.58,0.0,0.0,81.0,84.68,4.04,6.06,0.0,0.0,0.0,,,,,,J-8B
i_225,71.0,45.79,1.85,1.73,0.0,0.0,87.0,72.58,2.39,2.54,0.47,0.48,0.0,,,,,,I-225
germ_pz_IV_L70_A,71.0,98.49,0.1,0.09,2.45,1.57,37.0,,,0.0,,1.15,0.0,,,,,,Panzer_IV/70(A)
it_2s1,69.0,100.0,0.0,0.0,1.0,0.8,47.0,37.04,0.0,0.0,1.15,0.88,0.0,,,,,,◔2S1
p-51_mk1a_usaaf,65.0,100.0,8.89,3.13,1.0,0.1,93.0,73.12,3.09,3.32,0.45,0.5,0.0,,,,,,P-51
il_merkava_mk_2d,65.0,44.0,0.0,0.0,2.44,2.86,342.0,44.16,0.0,0.0,4.04,2.56,0.0,,,,,,Merkava_Mk.2D
j_7e,68.0,37.1,2.47,2.47,0.0,0.0,38.0,0.0,5.57,5.57,0.29,0.29,0.0,,,,,,J-7E
mc-202_ec,72.0,0.0,6.37,2.01,0.0,0.0,13.0,,,,,,0.0,,,,,,C._202EC
cn_ztz_88b,69.0,57.25,0.0,0.0,2.75,3.01,200.0,63.03,0.0,0.0,1.69,1.56,0.0,,,,,,ZTZ88B
ussr_bt_5,71.0,98.49,0.0,0.0,7.33,6.59,280.0,54.53,0.0,0.0,2.46,1.79,0.0,,,,,,BT-5
uk_sherman_ic_firefly,69.0,54.44,0.0,0.0,2.73,4.06,79.0,35.26,0.0,0.0,3.25,2.64,0.0,,,,,,"Sherman_IC_""Trzyniec"""
ussr_t_72av_turms,59.0,42.86,0.0,0.0,1.3,1.16,816.0,46.9,0.0,0.0,2.28,1.64,0.0,,,,,,T-72AV_(TURMS-T)
us_m8_scott,69.0,87.04,0.12,0.19,2.84,3.34,1.0,,,0.0,,1.0,0.0,,,,,,M8_HMC
fr_amx_50,69.0,53.85,0.0,0.0,3.23,2.32,437.0,79.23,0.0,0.0,3.04,3.23,15.0,50.0,0.0,0.0,2.0,2.18,AMX-50_(TOA100)
sm_91,69.0,65.79,0.92,1.07,0.81,0.96,1.0,,,,,,0.0,,,,,,SM.91
vb_10c1,65.0,97.1,11.78,8.53,0.0,0.0,32.0,100.0,2.05,1.75,1.47,1.5,0.0,,,,,,VB.10C-1
sm_92,69.0,100.0,1.1,1.15,7.25,2.43,16.0,,,,,,0.0,,,,,,SM.92
us_m55,68.0,77.78,0.0,0.0,4.55,4.74,46.0,83.33,0.0,0.0,1.37,0.93,0.0,,,,,,M55
yak-3u,69.0,39.65,1.79,1.79,0.0,0.0,103.0,71.51,2.96,5.56,0.23,0.71,0.0,,,,,,Yak-3U
er-2_m105_mv3,69.0,81.82,0.0,0.0,2.36,1.41,24.0,0.0,0.0,0.0,0.0,0.0,0.0,,,,,,Yer-2_(M-105)
germ_sturmpanzer_IV_brummbar,64.0,52.63,0.0,0.0,2.43,2.55,23.0,0.0,0.0,0.0,2.0,2.2,0.0,,,,,,Brummbär
it_semovente_m41m_90,68.0,75.4,0.29,0.52,2.73,3.64,57.0,13.33,0.0,0.0,4.73,3.48,0.0,,,,,,90/53_M41M
il_zsu_57_2,67.0,29.86,0.0,0.0,1.25,1.27,106.0,50.0,0.0,0.0,1.39,0.99,0.0,,,,,,ZSU-57-2_(Israel)
us_t1e1_90,67.0,83.34,0.15,0.08,4.07,2.75,123.0,44.23,0.0,0.0,5.14,3.26,0.0,,,,,,T1E1_(90)
rafale_c_f3,72.0,100.0,9.0,9.0,0.8,0.8,311.0,71.92,3.07,1.95,0.23,0.18,25.0,,,3.0,,0.0,Rafale_C_F3
it_m36b1,62.0,100.0,0.23,0.23,2.57,2.57,60.0,72.38,0.0,0.0,1.6,1.49,0.0,,,,,,M36B1
lagg-3-23,66.0,100.0,11.0,3.03,0.0,0.33,0.0,,,,,,0.0,,,,,,LaGG-3-23
ussr_bmpt_72,60.0,44.44,0.0,0.0,1.53,1.03,1499.0,50.08,0.0,0.0,1.78,1.39,0.0,,,,,,БМПТ-72
mig-21_s,63.0,65.28,4.23,3.18,0.2,0.15,532.0,52.46,1.29,1.56,0.1,0.1,5.0,,,,,,MiG-21S_(R-13-300)
germ_panzerjager_nashorn,66.0,25.93,0.0,0.0,2.07,2.07,47.0,0.0,0.0,0.0,2.06,1.33,0.0,,,,,,Nashorn
saab_b3c,62.0,100.0,2.26,1.52,35.42,23.81,0.0,,,,,,0.0,,,,,,B3C
us_m10,69.0,100.0,0.0,0.0,8.92,7.69,118.0,33.68,0.0,0.0,1.33,1.71,0.0,,,,,,M10_GMC
fr_m26_pershing,63.0,56.45,0.02,0.02,2.6,3.99,160.0,48.47,0.0,0.0,4.03,3.95,0.0,,,,,,M26
bf_110g_4,66.0,100.0,1.34,1.18,3.42,3.38,4.0,50.0,0.0,0.0,0.5,0.5,0.0,,,,,,Bf_110_G-4
spitfire_mk5c_notrop,63.0,60.87,4.78,3.6,0.0,0.0,29.0,100.0,1.36,1.36,1.45,1.45,0.0,,,,,,Spitfire_Mk_Vc
ussr_2s19_m1,62.0,50.0,0.0,0.0,1.46,2.1,162.0,47.85,0.0,0.0,1.23,0.68,15.0,100.0,0.0,0.0,1.0,0.0,2С19М1
us_xm1_gm,65.0,13.67,0.0,0.0,1.49,0.94,1000.0,66.03,0.0,0.0,3.97,2.82,0.0,,,,,,XM1_(GM)
la-9,68.0,57.17,3.84,3.9,0.41,0.41,105.0,41.46,0.44,0.66,0.09,0.31,0.0,,,,,,La-9
f_15c_golden_eagle,62.0,52.08,2.58,2.64,0.1,0.07,609.0,62.6,1.54,1.79,0.11,0.12,24.0,,,1.08,,0.0,F-15C_Golden_Eagle
fa_18e_block_2,62.0,51.61,2.05,2.21,0.06,0.06,537.0,60.07,1.07,1.2,0.37,0.4,50.0,0.0,3.0,1.35,0.0,0.0,F/A-18E
re_2001_cn,65.0,100.0,3.6,2.07,0.98,0.53,1.0,,,,,,0.0,,,,,,Re.2001_CN
sw_pzkpfw_IV_ausf_J,60.0,90.67,0.0,0.0,4.25,4.52,126.0,26.69,0.0,0.0,2.26,1.18,0.0,,,,,,Pz.IV
fr_amx_30_b2,62.0,50.0,0.0,0.0,1.86,2.79,225.0,50.0,0.0,0.0,1.89,2.12,0.0,,,,,,AMX-30B2
ussr_t_80ue1,57.0,56.52,0.0,0.0,1.88,1.58,3697.0,47.07,0.0,0.0,1.66,1.34,0.0,,,,,,Т-80U-Е1
fa_18c_late,61.0,47.92,1.25,1.08,0.0,0.0,196.0,57.13,1.18,1.35,0.17,0.19,0.0,,,,,,F/A-18C_Late
p-40e_ussr,58.0,93.55,4.53,4.06,1.35,1.19,0.0,,,,,,0.0,,,,,,P-40E-1
su_22m4,62.0,50.0,0.36,0.36,1.61,1.97,0.0,,,,,,0.0,,,,,,◊Su-22M4
us_m4_sherman,61.0,100.0,0.0,0.0,6.0,5.43,115.0,66.67,0.0,0.0,9.0,5.15,0.0,,,,,,M4
us_t26e5,60.0,66.67,0.2,0.3,2.48,3.75,1245.0,58.0,0.0,0.0,3.09,2.65,0.0,,,,,,T26E5
il_merkava_mk_1,58.0,54.76,0.0,0.0,1.6,1.64,101.0,56.91,0.0,0.0,1.9,2.98,0.0,,,,,,Merkava_Mk.1
il_aml_90,62.0,50.0,0.0,0.0,1.0,1.8,94.0,50.0,0.0,0.0,0.68,1.06,0.0,,,,,,AML-90_(Israel)
f-4j,56.0,92.5,1.37,1.49,0.08,0.13,259.0,45.39,1.45,1.23,0.03,0.03,0.0,,,,,,F-4J_Phantom_II
p-51d-20-na_j26,58.0,45.24,0.94,1.53,0.21,0.37,1.0,,,,,,0.0,,,,,,J26
us_m18_hellcat_kit_3rank,62.0,100.0,0.0,0.0,5.05,4.62,170.0,65.92,0.0,0.0,2.21,1.9,0.0,,,,,,Hellcat_(Hell)
germ_panzerjager_tiger,54.0,14.29,0.06,0.05,3.0,2.74,368.0,34.92,0.0,0.0,2.65,1.96,0.0,,,,,,Jagdtiger
ussr_isu_152,59.0,75.79,0.14,0.1,2.85,4.73,18.0,,,0.0,,2.28,0.0,,,,,,ISU-152
us_m1a1_abrams,55.0,64.17,0.0,0.0,1.36,1.66,1098.0,55.91,0.0,0.0,2.18,1.95,0.0,,,,,,M1A1
il_mim_72_chaparral,62.0,31.16,1.14,2.15,0.3,0.59,16.0,90.0,1.8,1.83,0.0,0.0,0.0,,,,,,Imp.Chaparral_(Israel)
germ_marder_1a3,55.0,43.75,0.0,0.0,0.34,0.61,354.0,37.81,0.11,0.1,1.28,1.21,0.0,,,,,,Marder_1A3
pe-2-83,58.0,100.0,0.05,0.05,3.26,4.76,35.0,100.0,0.0,0.0,0.86,0.57,0.0,,,,,,Pe-2-83
uk_a_34_comet,60.0,59.7,0.49,1.45,1.46,4.32,65.0,2.94,0.0,0.0,2.15,1.03,0.0,,,,,,Comet_I
us_m44,59.0,58.33,0.0,0.0,2.38,2.87,162.0,22.62,0.0,0.0,2.4,0.75,0.0,,,,,,M44
germ_pzkpfw_Maus,55.0,100.0,0.0,0.0,8.87,9.64,642.0,44.72,0.01,0.01,5.77,4.6,0.0,,,,,,Maus
us_m2a4,57.0,100.0,0.0,0.0,3.3,3.32,67.0,50.0,0.0,0.0,3.22,1.98,0.0,,,,,,M2A4
it_m18_hellcat,55.0,100.0,0.0,0.0,2.17,2.17,313.0,65.11,0.0,0.0,3.56,2.19,0.0,,,,,,M18
germ_pz_IV_L70,58.0,4.35,0.0,0.0,1.35,1.02,273.0,40.61,0.0,0.0,2.4,1.71,11.0,,,,,,Panzer_IV/70(V)
la_174,64.0,70.9,4.9,7.02,0.56,0.76,2.0,,,,,,0.0,,,,,,La-174
us_xm_803,58.0,100.0,0.0,0.0,7.27,3.63,1341.0,61.48,0.0,0.0,2.32,2.12,0.0,,,,,,XM803
cn_m4a1_76w_sherman,54.0,75.0,0.0,0.0,3.09,2.4,33.0,,,0.0,,2.0,0.0,,,,,,M4A1_(75)_W_(China)
cn_m24_chaffee,56.0,76.85,0.0,0.0,1.33,1.63,309.0,63.38,0.0,0.0,1.65,1.2,0.0,,,,,,M24_(China)
spitfire_ix_early,56.0,72.0,3.28,4.56,1.44,2.48,62.0,69.05,0.84,1.36,1.3,2.14,2.0,,,0.0,,0.0,Spitfire_F_Mk_IX
la-7b-20,58.0,54.55,2.3,2.98,0.62,0.58,110.0,33.84,1.25,1.08,0.36,0.28,0.0,,,,,,La-7B-20
ussr_su_85_1943,53.0,100.0,0.0,0.0,1.88,2.0,3.0,,,,,,0.0,,,,,,SU-85
germ_kv_1B_finland,47.0,99.21,0.0,0.0,5.06,10.75,132.0,50.67,0.0,0.0,7.2,3.92,0.0,,,,,,KV-IB
ju-87d-3_italy,57.0,66.67,0.3,0.3,2.0,2.0,0.0,,,,,,0.0,,,,,,Ju_87_D-3
sw_bt_42,55.0,84.78,0.0,0.0,2.37,4.13,31.0,,,0.0,,2.29,0.0,,,,,,BT-42
germ_stug_III_ausf_G,55.0,100.0,0.0,0.0,1.0,1.0,207.0,5.0,0.0,0.0,6.75,2.45,0.0,,,,,,StuG_III_G
fr_m36b2_cefeo,56.0,79.63,0.0,0.0,1.57,1.77,205.0,50.65,0.0,0.0,3.05,1.59,0.0,,,,,,M36B2
fr_amx_m4,58.0,74.44,0.0,0.0,1.86,2.5,617.0,55.67,0.0,0.0,2.17,1.78,21.0,,,0.0,,0.18,AMX_M4
firefly_mk1,55.0,100.0,1.92,1.94,5.34,3.69,12.0,,,0.33,,0.0,0.0,,,,,,Firefly_F_Mk_I
la-7_dolgushin,56.0,74.0,3.97,5.92,2.72,1.44,115.0,68.56,3.59,7.0,2.52,4.76,9.0,,,,,,Dolgushin's_La-7
sw_t_72m1,54.0,64.45,0.0,0.0,2.07,2.88,414.0,55.28,0.0,0.0,2.56,2.24,0.0,,,,,,T-72M1
us_m4a3e2_76w_sherman_jumbo,50.0,95.4,0.04,0.07,6.24,6.31,385.0,63.6,0.0,0.0,5.69,3.79,0.0,,,,,,M4A3E2_(76)_W
jp_m47_patton_II,53.0,50.0,0.0,0.0,1.54,2.57,437.0,67.07,0.0,0.0,1.76,1.59,0.0,,,,,,M47
il_merkava_mk_2b_early,55.0,0.0,0.0,0.0,2.94,1.96,52.0,89.58,0.0,0.0,4.35,4.02,0.0,,,,,,Merkava_Mk.2B
spitfire_mk5c,55.0,71.3,2.98,2.48,0.04,0.03,27.0,100.0,2.93,0.08,0.0,0.0,0.0,,,,,,Spitfire_Mk_Vc/trop
us_m41_walker_bulldog,50.0,93.94,0.0,0.0,2.05,1.78,662.0,57.41,0.0,0.0,1.23,0.87,0.0,,,,,,M41A1
su_27,51.0,46.38,0.66,0.85,0.0,0.0,381.0,59.32,1.61,1.85,0.06,0.06,0.0,,,,,,Su-27
su_30mkk,53.0,95.0,6.56,3.75,1.7,0.88,1684.0,61.85,1.29,1.54,0.56,0.65,102.0,100.0,3.0,1.32,1.0,0.27,Su-30MKK_(China)
su_30sm2,51.0,86.36,9.36,5.16,0.0,0.0,1370.0,57.06,1.12,1.2,0.88,0.94,226.0,100.0,6.34,0.95,1.08,0.79,Су-30СМ2
fr_amx_13_90,50.0,78.03,0.0,0.0,2.61,1.94,186.0,80.45,0.0,0.0,4.68,2.63,0.0,,,,,,AMX-13-90
germ_thyssen_henschel_tam_2ip,48.0,91.67,0.0,0.0,3.5,2.12,710.0,53.19,0.0,0.0,2.46,1.9,11.0,,,0.0,,2.0,TAM_2IP
f_15c_msip2,52.0,33.33,1.96,2.35,0.13,0.1,364.0,60.92,1.57,2.1,0.15,0.23,43.0,,,1.61,,0.0,F-15C_MSIP_II
bf_109t_2,51.0,100.0,3.66,3.75,3.23,3.3,1.0,,,,,,0.0,,,,,,Bf_109_T-2
c_3604,50.0,100.0,2.11,2.21,3.76,4.02,26.0,0.0,1.0,0.63,4.0,2.0,0.0,,,,,,◌С-3604
germ_flakpanzer_IV_Wirbelwind,52.0,65.28,2.68,2.94,0.68,1.0,282.0,42.98,2.25,1.64,0.2,0.13,0.0,,,,,,Wirbelwind
ussr_bt_7_1937,51.0,98.49,0.0,0.0,5.07,3.23,138.0,52.74,0.0,0.0,2.67,2.39,0.0,,,,,,BT-7
b7a2_homare_23,53.0,100.0,0.43,0.43,3.43,2.9,98.0,93.7,0.93,0.98,1.96,2.11,0.0,,,,,,B7A2_(Homare_23)
cn_ztz_88a,50.0,67.86,0.0,0.0,1.71,2.31,113.0,66.67,0.0,0.0,3.35,4.53,22.0,,,0.0,,1.5,ZTZ88A
us_halftrack_m13,54.0,68.75,0.59,2.07,0.2,0.79,1.0,,,,,,0.0,,,,,,M13_MGMC
sw_ikv_91_105,49.0,55.77,0.0,0.0,1.21,1.21,133.0,55.05,0.0,0.0,0.56,0.65,1.0,,,,,,Ikv_91-105
germ_pzkpfw_III_ausf_M,54.0,57.14,0.0,0.0,4.09,5.45,89.0,52.38,0.0,0.0,2.87,3.33,0.0,,,,,,Pz.III_M
ffvs_j22_b,49.0,50.0,2.54,1.58,0.0,0.0,2.0,,,,,,0.0,,,,,,J22-B
fw-190a-5_cannons,51.0,75.0,2.75,2.54,0.75,0.1,16.0,,,,,,0.0,,,,,,Fw_190_A-5
uk_fv438_swingfire,50.0,50.0,0.0,0.0,0.5,0.54,117.0,20.97,0.0,0.0,1.03,1.08,0.0,,,,,,Swingfire
btd-1,51.0,0.0,0.0,0.0,1.92,1.05,28.0,50.0,0.0,0.0,1.0,1.38,0.0,,,,,,BTD-1
germ_mkpz_m48a2c,45.0,64.82,0.0,0.0,1.18,0.76,360.0,26.48,0.0,0.0,0.85,0.81,51.0,23.91,0.0,0.0,1.57,1.5,M48A2_C
mb_157,51.0,94.44,15.67,14.64,0.06,0.09,19.0,,,,,,0.0,,,,,,M.B.157
germ_begleitpanzer_57,49.0,86.67,0.87,0.6,2.7,2.4,1186.0,50.12,0.25,0.19,1.28,1.0,23.0,9.09,0.0,0.0,0.91,1.0,Begleitpanzer_57
fr_amd_35_sa35,48.0,100.0,0.0,0.0,3.0,2.38,0.0,,,,,,0.0,,,,,,AMD.35_(SA35)
f-5c,56.0,40.0,1.6,1.1,0.0,0.0,344.0,52.29,1.35,1.69,0.65,0.82,0.0,,,,,,F-5C
il_magach_6b_gal,46.0,68.75,0.0,0.0,1.0,1.0,203.0,48.76,0.0,0.0,1.58,1.58,0.0,,,,,,Magach_6B_Gal
f_16c_block_50,49.0,33.33,1.81,1.85,0.38,0.29,666.0,49.64,0.95,0.94,0.46,0.49,115.0,0.0,5.54,1.39,0.42,0.1,F-16C
uk_chieftain_900,45.0,71.01,0.0,0.0,1.41,1.44,127.0,56.67,0.0,0.0,2.39,2.03,0.0,,,,,,Chieftain_900
fr_amx_elc_bis,50.0,53.33,0.0,0.0,0.9,1.15,318.0,62.77,0.0,0.0,2.37,2.65,3.0,0.0,0.0,0.0,0.0,0.0,ELC_bis
cn_m18_hellcat,52.0,88.69,0.0,0.0,2.48,2.33,206.0,57.54,0.0,0.0,2.33,2.41,0.0,,,,,,M18_GMC_(China)
ussr_pzkpfw_V,49.0,100.0,0.0,0.0,6.65,4.15,62.0,7.14,0.0,0.0,4.21,2.91,0.0,,,,,,T-V
yak-3_eremin,51.0,98.81,8.43,8.74,1.62,1.62,22.0,50.0,2.38,2.8,0.94,0.0,28.0,,,2.0,,0.0,Eremin's_Yak-3(e)
it_as_42_47,48.0,65.79,0.0,0.0,2.87,2.8,26.0,,,0.0,,2.0,0.0,,,,,,AS_42/47
b_25j_30_vvs_ussr,49.0,100.0,0.06,0.03,4.03,2.9,26.0,50.0,0.44,0.27,0.94,0.68,0.0,,,,,,B-25J-30
it_palmaria,45.0,0.0,0.0,0.0,5.0,2.25,38.0,46.83,0.0,0.0,1.08,2.02,0.0,,,,,,Palmaria
it_ariete_amv_pt1,54.0,92.65,0.09,0.09,3.37,3.37,69.0,50.0,0.0,0.0,3.19,2.78,0.0,,,,,,Ariete_AMV
ussr_object_120,49.0,50.0,0.0,0.0,1.45,1.21,30.0,50.0,0.0,0.0,3.55,5.73,1.0,,,,,,Object_120
us_m1_ip_abrams,47.0,50.0,0.0,0.0,1.26,1.65,817.0,64.1,0.0,0.0,3.77,3.25,0.0,,,,,,IPM1
f-5e_switzerland,48.0,50.0,2.38,1.73,1.0,0.73,32.0,0.0,1.0,1.88,2.0,1.0,0.0,,,,,,◌F-5E
jp_m42_duster,45.0,26.66,0.76,1.0,0.38,0.66,524.0,59.18,0.21,0.16,0.78,0.63,0.0,,,,,,M42
cn_m41_a3_walker_bulldog,48.0,78.39,0.0,0.0,2.69,2.66,51.0,33.33,0.0,0.0,3.42,2.25,0.0,,,,,,M41A3_(China)
germ_m109g,47.0,2.0,0.0,0.0,0.86,0.81,157.0,18.98,0.0,0.0,0.53,0.55,0.0,,,,,,M109G
germ_pzh_2000,45.0,100.0,0.27,0.13,1.0,0.4,622.0,30.66,0.03,0.03,0.94,0.7,0.0,,,,,,PzH_2000
us_m4a1_76w_sherman,46.0,50.0,0.0,0.0,2.09,2.81,327.0,56.22,0.0,0.0,4.49,2.77,0.0,,,,,,M4A1_(76)_W
uk_centurion_mk_1,48.0,100.0,0.0,0.0,3.83,3.83,350.0,56.79,0.0,0.0,3.34,3.02,0.0,,,,,,Centurion_Mk_1
fw-190a-5,49.0,43.45,1.4,1.85,0.05,0.04,0.0,,,,,,0.0,,,,,,Fw_190_A-5/U12
it_of_40_mtca,45.0,100.0,0.0,0.0,4.15,1.57,800.0,57.5,0.0,0.0,4.21,2.97,8.0,50.0,0.0,0.0,1.0,2.0,OF-40_(MTCA)
ussr_bmp_1,44.0,100.0,0.0,0.0,0.12,0.24,420.0,51.03,0.0,0.0,0.68,0.7,0.0,,,,,,BMP-1
f_14a_iriaf,48.0,95.97,6.28,6.57,0.04,0.04,474.0,57.47,1.45,2.43,0.15,0.23,19.0,,,0.89,,0.0,F-14A_IRIAF
uk_shir_2,46.0,61.9,0.0,0.0,5.1,5.4,264.0,58.07,0.0,0.0,5.34,3.5,0.0,,,,,,FV4030/3
ussr_t_35,45.0,100.0,0.0,0.0,7.7,4.74,0.0,,,,,,0.0,,,,,,T-35
it_c1_ariete_certezza,48.0,50.0,0.0,0.0,3.0,2.0,446.0,60.78,0.0,0.0,2.79,1.83,0.0,,,,,,Ariete_Сertezza
f8f1b,45.0,70.37,1.3,1.61,1.44,1.48,573.0,81.36,0.83,0.76,2.4,2.15,0.0,,,,,,F8F-1B
uk_vickers_mbt_mk_1,45.0,50.0,0.0,0.0,1.5,1.52,186.0,35.85,0.0,0.0,2.49,1.96,11.0,50.0,0.0,0.0,1.0,2.0,Vickers_Mk.1
f-82e,46.0,100.0,1.6,1.74,2.0,0.29,181.0,59.41,0.28,0.33,0.62,0.61,0.0,,,,,,F-82E
us_m6a2e1,44.0,97.92,0.0,0.0,7.83,9.0,52.0,100.0,0.0,0.0,5.93,4.67,0.0,,,,,,M6A2E1
ussr_t_34_1941_cast_turret,45.0,100.0,0.0,0.0,2.5,3.95,29.0,96.59,0.0,0.0,1.11,1.18,0.0,,,,,,T-34_(1st_Gv.T.Br.)
germ_kv_2_754r,45.0,54.55,0.55,0.55,3.55,4.08,26.0,,,0.0,,1.0,0.0,,,,,,KW_II_754_(r)
f_16c_block_52_aesa,45.0,40.0,1.28,1.45,0.2,0.16,382.0,48.61,0.99,1.01,1.16,1.22,9.0,,,0.0,,0.0,F-16CM_PoBIT
ussr_t_90a,47.0,50.0,0.0,0.0,2.5,1.16,788.0,45.23,0.0,0.0,1.43,1.24,11.0,100.0,0.0,0.0,1.0,0.09,Т-90А
f4u-4,43.0,100.0,3.0,0.56,1.0,0.76,142.0,80.95,0.97,0.65,2.69,1.07,0.0,,,,,,F4U-4
germ_pzkpfw_II_ausf_H,42.0,87.5,0.15,0.5,8.4,19.21,87.0,0.0,0.0,0.0,9.0,2.31,0.0,,,,,,Pz.II_H
p-63a-10_ussr,44.0,100.0,1.19,0.89,3.65,2.81,60.0,95.83,0.13,0.14,3.94,3.25,27.0,,,,,,P-63A-10
il_centurion_shot_kal_alef,37.0,60.0,0.2,0.3,2.4,4.0,53.0,97.22,0.0,0.0,1.28,0.78,0.0,,,,,,Sho't_Kal_Alef
germ_flakpanzer_I_ausf_A,41.0,100.0,0.0,0.0,3.84,10.45,13.0,,,1.0,,1.0,0.0,,,,,,Flakpanzer_I
yak-3_france,41.0,100.0,11.03,5.57,0.0,0.0,85.0,91.39,3.33,3.66,1.27,1.26,19.0,,,,,,Yak-3
cn_ptz_89,42.0,65.63,0.0,0.0,2.25,2.26,58.0,94.62,0.0,0.0,3.2,2.67,0.0,,,,,,PTZ89
yak_130_early,45.0,70.37,3.62,2.07,16.94,8.01,819.0,52.22,0.11,0.11,2.19,2.21,11.0,,,0.0,,0.0,Як-130
us_t26e4_superpershing,43.0,57.14,0.0,0.0,1.94,3.13,609.0,57.36,0.0,0.0,3.25,3.2,0.0,,,,,,T26E1-1
sw_strv_104,43.0,39.29,0.0,0.0,2.04,2.39,130.0,46.18,0.0,0.0,1.58,2.26,0.0,,,,,,Strv_104
hurricane_mk1_late_finland,42.0,20.0,1.2,1.2,0.0,0.0,0.0,,,,,,0.0,,,,,,Hurricane_Mk_I/L
germ_flakpanzer_IV_Ostwind_2,43.0,0.0,1.0,0.86,0.0,0.0,249.0,17.96,0.38,0.34,0.04,0.03,5.0,,,,,,Ostwind_II
fr_amx_13_fl_11,41.0,100.0,0.0,0.0,4.86,2.14,175.0,81.72,0.0,0.0,4.47,2.0,0.0,,,,,,AMX-13_(FL11)
saab_j29f,40.0,50.0,6.4,12.8,0.1,0.2,20.0,50.0,0.5,1.0,1.5,3.0,0.0,,,,,,J29F
sw_pbv_501,36.0,50.0,0.2,0.2,1.7,2.0,562.0,46.02,0.0,0.0,1.22,1.1,0.0,,,,,,Pbv_501
su_25t,44.0,60.0,0.79,1.0,3.34,3.04,158.0,83.89,0.32,0.29,4.68,3.72,24.0,,,1.0,,0.0,Su-25T
p-39n,40.0,,,2.62,,0.77,26.0,50.0,0.23,0.24,0.5,1.0,0.0,,,,,,P-39N-0
us_t1e1,42.0,100.0,0.0,0.0,2.65,2.72,205.0,58.91,0.0,0.0,2.69,1.75,0.0,,,,,,T1E1
cn_type_64,45.0,57.46,0.0,0.0,2.39,2.38,42.0,59.09,0.0,0.0,1.29,1.15,0.0,,,,,,M64
yak-9p,45.0,47.32,1.1,1.97,0.0,0.56,0.0,,,,,,0.0,,,,,,Yak-9P
jp_st_b1,44.0,100.0,0.0,0.0,1.5,1.11,400.0,62.85,0.0,0.0,2.34,1.69,0.0,,,,,,STB-2
mig-21_smt,43.0,57.89,1.42,1.0,0.0,0.0,190.0,49.17,1.97,2.12,0.07,0.07,0.0,,,,,,MiG-21SMT
germ_flakpanzer_IV_Kugelblitz,42.0,0.0,0.08,0.08,0.0,0.0,302.0,44.85,0.96,0.91,0.57,0.55,0.0,,,,,,Kugelblitz
us_m4a3e2_sherman_jumbo_cobra_king,38.0,56.67,0.0,0.0,2.77,2.7,99.0,53.51,0.0,0.0,4.14,2.22,0.0,,,,,,Cobra_King
germ_stug_III_ausf_F,40.0,100.0,0.0,0.0,8.0,4.94,64.0,46.88,0.0,0.0,3.0,5.63,0.0,,,,,,StuG_III_F
us_m3_stuart,43.0,0.0,0.0,0.0,3.0,3.18,72.0,,,0.0,,1.51,0.0,,,,,,M3_Stuart
su_17m4,42.0,40.38,0.75,1.26,0.98,1.61,4.0,,,0.0,,1.0,44.0,100.0,1.0,1.0,1.0,1.43,Su-17M4
ussr_t_34E,41.0,78.95,0.0,0.0,1.87,3.18,68.0,100.0,0.0,0.0,6.14,3.07,0.0,,,,,,T-34E
ussr_t_90m_2020,43.0,28.79,0.0,0.0,1.45,1.12,1085.0,51.28,0.0,0.0,2.06,1.77,11.0,100.0,0.0,0.0,0.09,0.09,T-90M
he_112b_0,42.0,100.0,2.38,1.38,0.0,0.0,4.0,,,,,,0.0,,,,,,He_112_B-0
p-51d-30_usaaf_korea,40.0,100.0,2.0,0.44,0.89,0.56,121.0,53.22,1.16,1.49,0.9,0.76,16.0,100.0,9.0,3.0,0.0,0.0,P-51D-30
f3d_1,44.0,20.0,0.2,0.28,0.22,0.22,81.0,100.0,0.0,0.31,2.0,1.88,18.0,,,0.0,,1.0,F3D-1
nf_5a_netherlands,41.0,70.37,8.89,12.89,0.27,0.44,209.0,82.21,3.01,3.41,0.68,0.77,0.0,,,,,,◘NF-5A
rafale_m_f3r,45.0,100.0,6.3,8.3,0.3,0.3,118.0,62.27,1.59,2.75,0.13,0.23,13.0,,,2.0,,0.0,Rafale_M_F3-R
t2,45.0,75.0,6.82,7.08,0.43,0.49,142.0,72.7,2.03,3.07,0.27,0.44,0.0,,,,,,T-2
mig-15,46.0,74.07,3.91,5.41,0.29,0.3,55.0,50.0,1.3,2.6,1.9,3.8,0.0,,,,,,MiG-15bis
us_m60a1_rise_passive_era,38.0,66.67,0.3,0.46,1.85,2.5,256.0,62.61,0.0,0.0,2.04,1.71,0.0,,,,,,M60A1_RISE_(P)
re_2001_serie1,45.0,37.96,2.48,3.06,0.33,0.52,0.0,,,,,,0.0,,,,,,Re.2001_serie_1
uk_a_13_mk2,42.0,98.49,0.0,0.0,3.7,4.27,7.0,100.0,0.0,0.0,4.0,3.5,0.0,,,,,,A13_Mk_II
jf_17,43.0,93.33,2.8,2.14,0.86,0.81,98.0,50.25,1.56,2.35,0.34,0.49,0.0,,,,,,JF-17
f-5e,38.0,92.5,2.13,2.14,0.08,0.04,89.0,51.67,1.32,2.73,0.94,1.89,0.0,,,,,,F-5E
fr_arl_44,41.0,100.0,0.0,0.0,2.0,1.25,250.0,51.11,0.0,0.0,2.23,1.57,0.0,,,,,,ARL-44
us_m60a1,42.0,0.0,0.0,0.0,1.06,0.7,554.0,49.17,0.0,0.0,1.72,1.36,0.0,,,,,,M60A1_(AOS)
ussr_object_279,44.0,90.91,0.0,0.0,6.83,6.88,74.0,72.22,0.0,0.0,4.61,3.35,11.0,,,0.0,,1.0,Object_279
p-39n_su,42.0,100.0,5.57,6.67,0.86,0.0,25.0,0.0,1.0,1.48,1.0,0.95,0.0,,,,,,Pokryshkin's_P-39N-0
il_magach_6_rocket,36.0,50.0,0.0,0.0,2.38,1.77,246.0,79.88,0.0,0.0,4.17,3.08,0.0,,,,,,Magach_Hydra
cn_object_211,38.0,50.0,0.0,0.0,1.92,1.95,49.0,50.0,0.0,0.0,1.0,0.87,0.0,,,,,,Object_211
ussr_9a35_m2,37.0,40.0,1.6,7.0,0.3,2.0,51.0,39.17,1.26,1.12,0.0,0.0,0.0,,,,,,Strela-10M2
jp_type_99,39.0,42.11,0.0,0.0,1.0,1.47,342.0,58.79,0.0,0.01,1.19,0.87,0.0,,,,,,Type_99
germ_raketenjagdpanzer_2_hot,39.0,50.0,0.0,0.0,1.5,1.0,73.0,32.5,0.0,0.0,0.75,0.89,0.0,,,,,,RakJPz_2_(HOT)
ussr_t_64_b_1984,42.0,8.33,0.0,0.0,1.98,1.83,733.0,38.06,0.0,0.0,1.48,1.35,0.0,,,,,,T-64B
f-8e,38.0,92.5,1.6,1.5,0.0,0.0,41.0,50.0,1.8,3.6,0.0,0.0,4.0,,,3.0,,0.0,F-8E
pe-3,38.0,100.0,0.84,0.84,6.65,6.65,0.0,,,,,,0.0,,,,,,Pe-3
firefly_mk5,38.0,100.0,1.24,1.24,9.71,9.71,15.0,100.0,0.0,0.0,1.0,1.0,0.0,,,,,,Firefly_FR_Mk_V
it_leopard_2a7_hungary,38.0,61.76,0.0,0.0,4.06,5.19,75.0,94.36,0.0,0.0,7.54,6.82,0.0,,,,,,Leopard_2A7HU
bf_110g_4_hungary,41.0,81.48,0.83,0.78,3.85,3.8,83.0,64.79,0.35,0.63,1.58,2.45,0.0,,,,,,◐Bf_110_G-4
morko_morane,37.0,100.0,12.5,11.58,0.0,0.0,44.0,39.13,0.76,1.3,0.39,0.78,0.0,,,,,,Mörkö-Morane
mb_326k,45.0,65.93,4.29,4.57,1.89,3.1,133.0,55.48,0.95,1.41,1.81,1.95,0.0,,,,,,MB-326K
thunderbolt_mk1,38.0,100.0,1.32,1.32,3.41,3.41,43.0,100.0,0.0,0.0,2.0,1.88,0.0,,,,,,Thunderbolt_Mk.1
f7f1,39.0,100.0,1.0,0.9,3.0,2.1,36.0,100.0,2.0,2.0,2.0,2.0,0.0,,,,,,F7F-1
sw_strv_m31,39.0,100.0,0.0,0.0,4.05,3.87,0.0,,,,,,0.0,,,,,,Strv_m/31
ta-152c,38.0,50.0,1.57,2.21,0.0,0.0,40.0,50.0,0.89,1.84,0.5,0.92,0.0,,,,,,Ta_152_C-3
typhoon_mk1b_late,38.0,0.0,4.92,4.7,0.54,0.25,181.0,50.01,1.08,1.71,1.77,2.84,11.0,,,0.82,,1.0,Typhoon_Mk_Ib/L
ussr_t_80ud,39.0,65.91,0.0,0.0,3.42,3.65,2279.0,48.38,0.0,0.0,1.86,1.53,0.0,,,,,,T-80UD
yak-38m,37.0,73.33,2.87,1.28,0.73,0.24,13.0,0.0,0.0,0.0,0.0,0.0,0.0,,,,,,Yak-38M
germ_thyssen_henschel_tam_2c,38.0,100.0,0.0,0.0,2.43,0.71,280.0,43.95,0.0,0.0,1.93,1.57,13.0,3.03,0.0,0.0,0.21,0.21,TAM_2C
p-47d_22_re_france,37.0,100.0,1.5,0.84,9.85,6.0,45.0,73.81,0.1,0.09,0.43,0.61,0.0,,,,,,P-47D-22-RE
pe-2-31,36.0,100.0,0.02,0.02,3.6,3.94,0.0,,,,,,0.0,,,,,,Pe-2-31
vb_10_02,35.0,,,3.27,,0.0,17.0,,,1.0,,1.0,0.0,,,,,,VB.10-02
jp_type_95_so_ki,35.0,,,,,,135.0,64.29,0.34,0.12,0.0,0.0,0.0,,,,,,So-Ki
ki_43_1,33.0,100.0,11.0,7.03,0.0,0.0,4.0,,,,,,0.0,,,,,,Ki-43-I
pe-2-205,37.0,89.29,0.11,0.16,3.75,4.47,0.0,,,,,,0.0,,,,,,Pe-2-205
cn_wz_1001,38.0,,,0.0,,1.82,129.0,66.4,0.0,0.0,3.74,2.54,0.0,,,,,,WZ1001(E)_LCT
us_m5a1_stuart,34.0,50.0,0.0,0.0,1.5,3.0,200.0,39.68,0.0,0.0,3.22,1.76,0.0,,,,,,M5A1
firefly_mk4_netherlands,35.0,100.0,3.0,1.92,1.0,0.93,35.0,100.0,0.58,0.58,2.94,2.94,0.0,,,,,,◘Firefly_F.Mk.IV
germ_pzkpfw_IV_ausf_J,41.0,56.06,0.0,0.0,1.94,3.89,110.0,48.39,0.0,0.0,3.1,1.87,0.0,,,,,,Pz.IV_J
ussr_object_268,37.0,0.0,0.0,0.0,1.5,2.57,111.0,26.36,0.0,0.0,4.05,2.45,0.0,,,,,,Object_268
p-51d-20_china,36.0,100.0,1.77,1.29,0.23,0.52,73.0,100.0,0.0,0.13,1.9,1.0,0.0,,,,,,P-51D-20_(China)
fr_leclerc_s1,34.0,50.0,0.0,0.0,1.21,1.11,93.0,76.73,0.0,0.0,3.53,2.55,0.0,,,,,,Leclerc
sw_pt_76b,38.0,51.45,0.0,0.0,0.97,1.46,149.0,29.84,0.0,0.0,0.55,0.44,0.0,,,,,,PT-76
tu-2_postwar_late,35.0,50.0,0.0,0.0,0.0,0.0,89.0,100.0,0.09,0.05,6.45,2.68,2.0,,,,,,Tu-2S-59
b7a2,33.0,50.0,1.32,2.64,2.93,5.86,14.0,100.0,1.43,,5.14,,0.0,,,,,,B7A2
jp_type_97_chi_ha_12cm,35.0,100.0,0.0,,10.07,,3.0,100.0,0.0,0.0,3.0,3.0,0.0,,,,,,Chi-Ha_Short_Gun
cn_ztz_96a,37.0,72.73,0.0,0.0,2.07,3.05,142.0,49.56,0.0,0.0,1.62,1.64,0.0,,,,,,ZTZ96A
cn_t_80ud_478be,35.0,97.73,0.0,0.0,2.82,2.91,67.0,50.0,0.0,0.0,1.49,1.62,0.0,,,,,,T-80UD/BE
uk_centurion_mk_10,35.0,50.0,0.0,0.0,1.75,1.5,93.0,46.24,0.0,0.0,2.46,2.31,15.0,100.0,0.0,0.0,4.0,2.09,Centurion_Mk_10
us_t14,34.0,0.0,0.0,0.0,2.83,2.83,396.0,59.09,0.0,0.0,6.9,4.65,0.0,,,,,,T14
p-63c-5_france,34.0,83.33,0.4,1.8,1.34,0.8,98.0,78.16,0.62,0.76,2.45,2.21,0.0,,,,,,P-63C-5
cn_ztz_96,35.0,50.0,0.0,0.0,2.0,1.07,345.0,61.14,0.0,0.0,3.39,3.25,0.0,,,,,,ZTZ96
ussr_su_152,33.0,100.0,0.0,0.0,5.0,2.14,77.0,,,0.0,,1.9,0.0,,,,,,SU-152
us_lav_ad,34.0,50.0,1.71,3.43,0.5,1.0,744.0,49.71,0.4,0.33,0.57,0.47,0.0,,,,,,LAV-AD
uk_churchill_na75,35.0,100.0,0.0,0.0,2.04,4.0,3.0,,,,,,0.0,,,,,,Churchill_NA75
cn_is_2_1943,32.0,0.0,0.0,0.0,4.38,4.38,118.0,24.93,0.0,0.0,2.34,1.06,0.0,,,,,,IS-2_(China)
il_machbet,34.0,5.0,1.9,1.62,0.0,0.0,91.0,31.72,0.51,0.71,0.0,0.0,0.0,,,,,,Machbet
uk_concept3_ngac,34.0,100.0,0.0,0.0,4.5,4.31,286.0,50.14,0.0,0.0,2.21,1.33,0.0,,,,,,Concept_3
f-4e,32.0,62.5,2.13,1.71,2.13,0.63,923.0,79.24,3.18,5.75,0.67,1.23,19.0,,,1.32,,2.32,F-4E_Phantom_II
spitfire_mk5b_italy,36.0,0.0,4.59,4.59,0.0,0.0,68.0,76.34,1.88,3.08,0.52,2.08,14.0,0.0,2.0,,0.0,,Spitfire_Mk_Vb/trop
he_115a_2_sweden,31.0,100.0,1.0,1.0,7.27,8.33,0.0,,,,,,0.0,,,,,,T_2
germ_leopard_2a4,32.0,100.0,0.0,0.0,3.64,3.64,1187.0,50.76,0.0,0.0,1.53,1.32,45.0,32.81,0.0,0.0,1.15,1.74,Leopard_2A4
cn_m4a4_sherman,31.0,100.0,0.0,0.0,3.53,3.82,62.0,44.44,0.0,0.0,2.13,3.69,0.0,,,,,,M4A4_(China)
i-16_type27,34.0,100.0,3.63,2.23,0.0,0.0,7.0,100.0,2.0,,6.0,,0.0,,,,,,I-16_type_27
ussr_2s3m,34.0,96.43,0.0,0.0,4.43,3.63,124.0,36.67,0.0,0.0,0.73,0.37,0.0,,,,,,2S3M
it_p_26_40,33.0,100.0,0.0,0.0,2.65,2.26,35.0,100.0,0.0,0.0,9.0,4.65,0.0,,,,,,"P40_""G.C._Leoncello"""
sw_t_55m,33.0,6.52,0.0,0.0,1.87,1.87,127.0,51.72,0.0,0.0,1.64,2.09,0.0,,,,,,T-55M
p-61a_1,35.0,47.22,1.0,1.0,0.0,0.0,0.0,,,,,,24.0,100.0,1.0,1.0,4.0,4.0,P-61A-11
f-84g_thailand,33.0,,,0.25,,0.33,1.0,50.0,0.5,1.0,0.5,1.0,0.0,,,,,,F-84G-21-RE
f6f-3,31.0,100.0,1.0,1.0,7.18,6.0,137.0,60.61,0.28,0.21,1.28,1.45,0.0,,,,,,F6F-5
yak-4,32.0,100.0,0.67,0.58,6.04,5.77,0.0,,,,,,0.0,,,,,,Yak-4
tis_ma,32.0,96.8,0.32,0.33,6.27,6.33,91.0,79.6,0.73,0.61,8.91,6.41,68.0,100.0,0.84,0.84,6.63,7.34,TIS_MA
sw_leopard_2a6nl,32.0,50.0,0.0,0.0,1.72,3.44,99.0,30.95,0.0,0.0,3.58,2.49,0.0,,,,,,Leopard_2A6
do_335a_0,32.0,100.0,8.88,4.25,0.0,0.2,21.0,100.0,1.0,0.8,4.8,3.6,0.0,,,,,,Do_335_A-0
sw_ikv_103,28.0,50.0,0.0,0.0,1.5,1.5,59.0,44.44,0.0,0.0,0.5,0.37,0.0,,,,,,Ikv_103
fr_panhard_ebr_1963,32.0,50.0,0.0,0.0,1.0,1.0,198.0,50.6,0.0,0.0,2.58,2.0,0.0,,,,,,E.B.R._(1963)
us_m103,31.0,50.0,0.0,0.0,0.72,1.44,146.0,26.89,0.0,0.0,2.41,2.01,3.0,100.0,0.0,0.0,1.0,1.0,M103
f-86f-25,30.0,,,0.88,,0.5,22.0,0.0,2.0,1.25,1.0,1.0,0.0,,,,,,F-86F-25
sw_a_34_comet,32.0,,,,,,59.0,0.0,0.0,0.0,1.33,1.03,0.0,,,,,,Comet_I
b-29,29.0,80.0,0.05,0.08,4.65,4.98,0.0,,,,,,0.0,,,,,,B-29A-BN
p-63c-5_ussr,31.0,100.0,0.88,0.88,2.21,2.21,43.0,50.0,1.0,0.92,1.14,1.4,0.0,,,,,,P-63C-5
cn_ztz_99_w,32.0,100.0,0.0,0.0,3.45,2.98,141.0,39.78,0.0,0.0,1.38,1.16,0.0,,,,,,ZTZ99-III
su_25,31.0,41.67,0.58,0.9,1.75,3.1,355.0,52.64,0.7,0.62,1.72,1.51,12.0,,,,,,Su-25
spitfire_mk5b_notrop,32.0,100.0,2.47,3.58,0.74,1.0,0.0,,,,,,0.0,,,,,,Spitfire_Mk_Vb
douglas_ad_2,34.0,100.0,4.0,3.23,3.0,2.07,90.0,41.93,0.2,0.22,0.88,0.91,0.0,,,,,,AD-2
uk_sherman_II,31.0,100.0,0.0,0.0,3.39,3.81,14.0,,,0.0,,2.0,0.0,,,,,,Sherman_II
bf-109f-4_hungary,33.0,54.55,5.86,9.35,0.58,0.88,195.0,92.97,1.23,0.64,3.19,1.96,0.0,,,,,,◐Bf_109_F-4
spitfire_mk5b,32.0,100.0,2.58,5.8,0.16,0.6,2.0,100.0,1.0,1.0,0.0,0.0,0.0,,,,,,Spitfire_Mk_Vb/trop
mig_23mld,32.0,48.49,0.76,1.55,0.0,0.0,331.0,71.57,3.08,8.1,0.0,0.0,65.0,,,1.65,,0.0,MiG-23MLD
it_stug_III_ausf_G,33.0,98.77,0.0,0.0,1.74,1.75,75.0,48.04,0.0,0.0,1.45,2.12,0.0,,,,,,StuG_III_G
us_m60a2,32.0,,,0.0,,1.0,54.0,81.67,0.0,0.0,1.18,1.42,0.0,,,,,,M60A2
mig_23m,32.0,5.56,0.94,1.6,0.0,0.0,71.0,75.31,0.9,1.23,0.0,0.0,0.0,,,,,,MiG-23M
il_amx_13_75,31.0,50.0,0.0,0.0,0.0,0.15,79.0,0.0,0.0,0.0,2.5,0.84,11.0,,,,,,AMX-13_(Israel)
sw_strv_m39,29.0,100.0,0.0,0.0,6.17,6.17,0.0,,,,,,0.0,,,,,,Strv_m/39
cn_cm_34,30.0,100.0,0.0,0.0,3.0,1.5,154.0,62.45,0.0,0.0,2.39,1.98,4.0,,,0.0,,1.0,CM34
mig_23mla,31.0,50.0,1.76,2.0,0.0,0.0,141.0,48.8,1.38,1.69,0.35,0.35,0.0,,,,,,◊MiG-23MLA
yak-9m,31.0,100.0,11.35,9.23,0.06,0.03,15.0,100.0,9.0,,3.0,,0.0,,,,,,Golovachev's_Yak-9M
mig_23ml,31.0,,,1.83,,0.0,685.0,55.87,1.61,1.73,0.12,0.14,39.0,,,1.41,,0.0,MiG-23ML
it_oto_r3_t20_fa,31.0,30.77,1.0,1.0,0.69,0.83,192.0,30.28,0.09,0.05,0.73,0.26,0.0,,,,,,R3_T20_FA-HS
jh_7,31.0,50.0,0.5,1.0,0.5,0.19,0.0,,,,,,0.0,,,,,,JH-7
uk_centurion_mk_3,32.0,50.0,0.0,0.0,1.03,2.06,122.0,30.0,0.0,0.0,1.41,0.92,0.0,,,,,,Centurion_Mk_3
do_217e_4,29.0,,,0.0,,4.0,0.0,,,,,,0.0,,,,,,Do_217_E-4
germ_nbfz_VI,31.0,100.0,0.0,0.0,5.63,8.69,0.0,,,,,,0.0,,,,,,Nb.Fz.
it_semovente_m43_105_leoncello,27.0,100.0,0.0,0.0,3.88,3.88,0.0,,,,,,0.0,,,,,,"M43_""G.C.Leoncello"""
spitfire_mk14c,29.0,,,4.59,,0.0,22.0,100.0,2.0,2.0,0.0,0.0,0.0,,,,,,Spitfire_F_Mk_XIVc
fw-190a-1,33.0,70.0,4.2,5.45,0.26,0.77,36.0,87.5,0.88,1.0,1.63,1.75,0.0,,,,,,Fw_190_A-1
sw_pvkv_iv,28.0,,,0.0,,2.55,39.0,,,0.0,,0.21,0.0,,,,,,Pvkv_IV
uk_fv4202,31.0,,,0.0,,4.0,73.0,6.9,0.0,0.0,1.74,0.88,0.0,,,,,,FV4202
us_m4a3e2_sherman_jumbo,29.0,82.41,0.17,0.33,2.23,2.56,320.0,52.24,0.0,0.0,4.4,1.91,0.0,,,,,,M4A3E2
bf-109g-6,30.0,0.0,3.38,2.96,0.15,0.14,53.0,100.0,8.75,3.71,1.54,0.43,0.0,,,,,,Bf_109_G-6
ussr_bmp_3,30.0,100.0,0.0,0.0,2.6,1.93,1036.0,43.72,0.0,0.0,1.05,0.96,1.0,,,0.0,,0.0,BMP-3
bv-155b-1,29.0,100.0,1.0,1.0,0.0,0.0,21.0,,,2.0,,1.0,0.0,,,,,,BV_155_B-1
sw_pvkv_m43_1946,28.0,,,0.0,,1.4,2.0,,,,,,0.0,,,,,,Pvkv_m/43_(1946)
cn_pt_76,28.0,50.0,0.0,0.0,0.5,0.83,0.0,,,,,,0.0,,,,,,PT-76_(China)
ussr_pt_76b,30.0,,,0.0,,1.69,475.0,42.41,0.0,0.0,1.47,0.8,0.0,,,,,,PT-76B
il_namer_rcws_30,32.0,5.88,0.0,0.0,0.31,0.38,136.0,61.41,0.04,0.06,0.86,0.91,0.0,,,,,,Namer_30
f4u-1d,26.0,100.0,1.71,1.59,5.06,4.59,51.0,3.13,0.97,0.4,1.94,1.16,0.0,,,,,,F4U-1D
us_m26_t99,30.0,92.86,0.11,0.23,8.25,5.93,164.0,69.73,0.0,0.0,3.79,3.37,0.0,,,,,,M26_T99
spitfire_ix_plagis,26.0,100.0,3.5,3.5,0.0,0.0,1.0,100.0,2.0,,0.0,,0.0,,,,,,Plagis'_Spitfire_LF_Mk_IXc
it_pzkpfw_VI_ausf_e_tiger,29.0,100.0,0.0,0.0,17.8,10.2,283.0,69.57,0.0,0.0,4.94,4.26,4.0,100.0,0.0,0.0,5.0,5.0,Tigris
spitfire_ix,26.0,100.0,3.5,3.5,0.0,0.0,32.0,100.0,3.0,0.0,3.0,0.0,0.0,,,,,,Spitfire_LF_Mk_IX
a6m5otsu,26.0,0.0,7.62,3.81,0.92,0.46,102.0,71.15,1.28,1.34,1.13,1.21,0.0,,,,,,A6M5_otsu
us_xm_975_roland,29.0,100.0,3.0,3.0,1.5,1.5,15.0,,,0.0,,0.0,0.0,,,,,,XM975
fr_crotale_ng,27.0,20.83,1.79,3.0,0.79,1.0,15.0,,,,,,0.0,,,,,,ItO_90M
sb2u-3,29.0,50.0,1.0,2.0,1.0,2.0,0.0,,,,,,0.0,,,,,,SB2U-3
lagg-3-35,27.0,100.0,4.73,4.67,1.23,1.07,0.0,,,,,,0.0,,,,,,LaGG-3-35
p-61c_1,29.0,100.0,0.0,0.83,4.0,2.33,78.0,46.84,0.84,1.05,0.36,0.44,0.0,,,,,,P-61C-1
su_33,31.0,50.0,1.5,1.47,0.5,0.49,737.0,41.67,1.34,1.17,0.03,0.03,1.0,,,1.0,,0.0,Су-33
spitfire_mk9c_4cannons,27.0,100.0,3.79,3.79,0.07,0.07,4.0,,,0.75,,1.0,36.0,72.73,0.73,0.44,1.45,1.2,Spitfire_F_Mk_IXc
bf2c_1,27.0,0.0,1.5,1.38,1.0,0.43,22.0,,,0.0,,0.0,0.0,,,,,,BF2C-1
p-36a,29.0,50.0,1.21,2.0,0.0,0.0,0.0,,,,,,0.0,,,,,,P-36A
spitfire_mk14e,31.0,,,2.3,,0.0,19.0,100.0,1.21,1.0,0.42,1.0,0.0,,,,,,Spitfire_F_Mk_XIVe
us_stingray,30.0,100.0,0.0,0.0,1.0,1.0,623.0,48.93,0.0,0.0,1.73,1.51,0.0,,,,,,Stingray
f-4c,29.0,100.0,4.88,3.63,1.0,0.75,60.0,92.47,1.42,0.98,2.4,1.59,0.0,,,,,,F-4C_Phantom_II
fr_leclerc_s2,27.0,0.0,0.0,0.0,1.0,0.57,127.0,47.92,0.0,0.0,3.38,3.22,0.0,,,,,,Leclerc_S2
pe-3_early,27.0,100.0,1.5,1.08,3.5,3.5,0.0,,,,,,0.0,,,,,,Pe-3_(e)
a_6e_tram,27.0,,,3.0,,0.3,166.0,48.01,0.11,0.17,1.93,3.49,56.0,11.76,0.24,0.07,0.88,0.25,A-6E_TRAM
ussr_kv_2_1940,27.0,100.0,1.0,0.89,3.43,2.79,38.0,50.0,0.0,0.0,0.67,1.33,0.0,,,,,,KV-2_(1940)
cn_ztz_99,28.0,100.0,0.0,0.0,2.91,2.91,198.0,38.22,0.0,0.0,1.75,1.4,0.0,,,,,,ZTZ99-II
wm_23,29.0,42.31,2.31,3.22,1.42,1.86,0.0,,,,,,0.0,,,,,,◔WM-23
itp_m1,27.0,100.0,2.63,1.96,2.25,1.46,60.0,70.84,0.73,0.73,1.23,1.23,0.0,,,,,,ITP_(M-1)
sw_strv_m40l,29.0,100.0,0.0,0.0,2.22,2.6,19.0,,,0.0,,1.0,0.0,,,,,,Strv_m/40L
d_521,26.0,100.0,2.46,2.46,0.0,0.0,0.0,,,,,,0.0,,,,,,D.521
sw_ikv_72,26.0,100.0,0.0,0.0,2.0,2.0,3.0,,,0.0,,2.5,0.0,,,,,,Ikv_72
germ_m44,27.0,85.19,0.0,0.0,2.11,2.56,98.0,0.65,0.0,0.0,2.57,1.31,0.0,,,,,,M44
p-63a-10,26.0,0.0,1.0,1.0,0.0,0.0,152.0,61.88,0.07,0.1,0.66,0.81,0.0,,,,,,P-63A-10
d_520,26.0,100.0,2.2,1.55,0.0,0.0,0.0,,,,,,0.0,,,,,,D.520
germ_panzerjager_tiger_P_ferdinand,25.0,87.88,0.11,0.18,2.35,2.64,223.0,25.41,0.0,0.0,3.56,2.05,0.0,,,,,,Ferdinand
spitfire_xvi,30.0,30.77,4.38,2.86,1.31,0.82,21.0,0.0,3.0,1.0,0.0,0.0,0.0,,,,,,Spitfire_F_Mk_XVI
il_hunter_afv,28.0,,,0.0,,0.0,79.0,75.51,0.0,0.0,1.01,0.97,0.0,,,,,,Hunter_AFV
sw_strv_103c,26.0,100.0,0.0,,3.0,,18.0,3.33,0.0,0.0,1.0,1.0,0.0,,,,,,Strv_103С
beaufighter_mk6c,25.0,100.0,1.18,2.0,3.0,3.0,15.0,,,0.0,,1.0,0.0,,,,,,Beaufighter_Mk_VIc
yak-30d,23.0,100.0,3.18,2.95,2.0,1.91,0.0,,,,,,0.0,,,,,,Yak-30D
germ_sdkfz_222,27.0,100.0,0.0,0.0,3.0,2.55,62.0,98.15,0.0,0.0,4.47,2.0,0.0,,,,,,Sd.Kfz.222
il_tiran_6,24.0,50.0,0.0,0.0,1.5,3.0,37.0,100.0,0.0,0.0,2.0,1.0,0.0,,,,,,Tiran_6
su-8,25.0,100.0,0.42,0.42,2.33,2.33,38.0,66.67,0.7,0.12,3.16,1.86,0.0,,,,,,Su-8
ussr_bt_7_m,27.0,100.0,0.0,0.0,4.6,3.3,50.0,,,0.0,,2.75,16.0,,,,,,BT-7M
fr_m10,28.0,100.0,0.0,0.0,4.69,3.72,166.0,52.47,0.0,0.0,2.75,1.68,0.0,,,,,,M10_GMC
f-86k_late_italy,27.0,55.56,1.44,1.21,0.44,0.21,6.0,,,0.0,,0.0,0.0,,,,,,F-86K
fr_vcac_mephisto,26.0,100.0,0.0,0.0,2.0,1.42,194.0,49.72,0.0,0.0,1.22,1.24,0.0,,,,,,MEPHISTO
uk_challenger_1_mk_3_gulf,27.0,80.0,0.0,0.0,2.3,1.84,533.0,51.54,0.0,0.0,2.88,2.17,0.0,,,,,,Challenger_DS
p-51c-10_france,27.0,,,,,,0.0,,,,,,4.0,,,,,,F-6C-10-NA
uk_charioteer_mk_7,28.0,100.0,0.0,0.0,1.5,1.5,171.0,52.15,0.0,0.0,2.82,2.4,0.0,,,,,,Charioteer_Mk_VII
sw_lago_1,26.0,,,0.0,,1.0,27.0,50.0,0.0,0.0,1.5,1.42,0.0,,,,,,Lago_I
f-86f-2,26.0,,,1.79,,0.0,77.0,95.83,2.37,4.31,0.35,0.69,0.0,,,,,,F-86F-2
sw_strv_m42_delat_torn,26.0,,,0.0,,0.04,144.0,56.24,0.0,0.0,1.69,1.55,0.0,,,,,,Strv_m/42_DT
us_adats_bradley,25.0,25.0,0.25,0.5,0.0,0.0,484.0,49.52,0.89,0.62,0.26,0.17,0.0,,,,,,ADATS
ussr_type_65_aa,27.0,100.0,0.0,,0.0,,0.0,,,,,,0.0,,,,,,Phòng_không_T-34
f-89d,24.0,,,,,,213.0,70.55,3.01,7.21,0.07,0.2,0.0,,,,,,F-89D
it_sherman_VII,26.0,,,0.0,,5.4,29.0,100.0,0.0,0.0,3.35,3.35,0.0,,,,,,M4_Tipo_IC
p-47d_16_re_germany,26.0,100.0,5.0,5.0,1.0,1.0,0.0,,,,,,0.0,,,,,,P-47D-16-RE
il_2_m82,26.0,100.0,1.0,1.0,1.4,1.23,0.0,,,,,,0.0,,,,,,IL-2_M-82
ussr_pantsyr_sm_sv,24.0,100.0,1.53,1.56,0.0,0.0,680.0,49.15,1.78,1.67,0.27,0.25,13.0,,,,,,Панцирь_СМ-СВ
su_24m,26.0,0.0,1.0,1.0,1.24,1.32,177.0,69.09,0.25,0.25,1.4,1.27,35.0,,,,,,Су-24М
p-51d-20-na_iaf,24.0,,,0.81,,0.46,7.0,100.0,2.0,0.0,0.0,2.0,0.0,,,,,,P-51D-20-NA_(Israel)
jp_halftrack_m16,25.0,,,,,,97.0,79.49,0.77,0.4,0.0,0.0,0.0,,,,,,M16_MGMC
germ_leopard_2pl,25.0,,,0.0,,0.92,852.0,38.56,0.0,0.0,1.44,1.22,41.0,0.0,0.0,0.0,1.0,0.09,Leopard_2_PL
jp_type_89b_i_go_otsu,25.0,,,,,,20.0,,,,,,0.0,,,,,,I-Go_Ko
germ_sdkfz_251_21,26.0,50.0,1.0,1.15,0.0,0.0,252.0,32.48,1.44,0.86,0.8,0.53,0.0,,,,,,Sd.Kfz.251/21
uk_g6_spg,25.0,100.0,0.0,0.0,0.08,0.08,25.0,,,0.0,,1.04,0.0,,,,,,G6
il_m_51_w,25.0,100.0,0.0,0.0,1.58,1.6,85.0,32.64,0.0,0.0,1.15,1.34,0.0,,,,,,M-51_(W)
uk_crusader_aa_mk_1,25.0,,,0.0,,0.0,151.0,0.0,0.0,0.0,1.25,0.53,0.0,,,,,,Crusader_AA_Mk_I
jp_type_98_ke_ni,25.0,,,0.0,,1.12,35.0,,,0.0,,2.2,0.0,,,,,,Ke-Ni
uk_matilda_hedgehog,21.0,66.67,0.3,0.5,4.7,7.0,0.0,,,,,,0.0,,,,,,Matilda_Hedgehog
la-15,29.0,51.11,2.89,3.22,0.91,0.94,17.0,,,1.0,,0.0,0.0,,,,,,La-15
ussr_m4a2_76w_sherman,23.0,100.0,0.0,0.0,2.5,5.56,138.0,55.81,0.0,0.0,4.15,5.3,0.0,,,,,,M4A2
alpha_jet_a_thailand,24.0,50.0,1.0,1.0,2.5,2.5,104.0,75.0,0.36,0.34,2.96,3.39,29.0,,,1.0,,2.0,Alpha_Jet_A
fiat_g91_y,26.0,94.44,7.44,2.73,0.0,0.0,6.0,100.0,3.67,,1.0,,0.0,,,,,,G.91_Y
cn_m10,22.0,100.0,0.0,0.0,3.17,2.7,54.0,100.0,0.0,0.0,3.0,1.34,0.0,,,,,,M10_GMC_(China)
germ_leopard_2a5_pso,25.0,100.0,0.0,,3.0,,697.0,47.77,0.0,0.0,1.61,1.51,3.0,,,,,,Leopard_2_PSO
p-51k,23.0,100.0,2.77,2.21,1.31,0.89,25.0,100.0,1.0,,0.96,,0.0,,,,,,P-51K_(China)
germ_radpanzer_90,25.0,100.0,0.0,0.0,3.0,2.2,726.0,51.47,0.0,0.0,1.24,1.23,0.0,,,,,,Radkampfwagen_90
sb2c_5_thailand,25.0,,,0.13,,1.0,426.0,75.57,1.09,1.21,2.21,2.42,0.0,,,,,,SB2C-5
fiat_g91_ys,27.0,94.44,3.89,1.49,0.06,0.06,40.0,93.33,0.04,0.02,2.59,2.16,0.0,,,,,,G.91_YS
su_30sm,22.0,25.0,2.25,1.97,0.0,0.0,329.0,63.56,1.45,1.96,0.94,1.27,32.0,,,1.0,,0.0,Су-30СМ
germ_m55,24.0,66.67,0.0,0.0,1.0,1.42,125.0,0.0,0.0,0.0,5.26,1.42,0.0,,,,,,◄M55
ju-88a-1,25.0,100.0,0.0,0.0,8.0,4.93,0.0,,,,,,0.0,,,,,,Ju_88_A-1
il_2_1942_luftwaffe,23.0,100.0,1.0,1.0,1.74,1.85,0.0,,,,,,0.0,,,,,,IL-2_(1942)
p-400,23.0,100.0,2.76,2.57,0.0,0.0,87.0,0.0,1.54,0.94,1.5,0.59,0.0,,,,,,P-400
he_112a_0,23.0,,,1.54,,0.0,16.0,,,,,,0.0,,,,,,He_112_A-0
il_merkava_mk_3b,26.0,50.0,0.0,0.0,2.17,3.17,159.0,69.39,0.0,0.0,2.86,3.1,0.0,,,,,,Merkava_Mk.3B
uk_challenger_1,26.0,50.0,0.0,0.0,1.5,1.12,142.0,1.61,0.0,0.0,6.26,2.41,4.0,,,0.0,,0.0,Challenger_Mk.2
ki_61_1a_otsu,22.0,57.69,1.27,1.53,0.73,0.68,49.0,66.67,0.3,0.5,1.0,1.5,0.0,,,,,,Ki-61-I_otsu
mig_29_9_12,23.0,30.77,1.23,1.23,0.0,0.0,34.0,50.0,0.5,0.79,0.0,0.0,12.0,,,,,,МиГ-29_(9-12)
bf-109g-6_erla_finland,23.0,,,1.87,,0.2,5.0,,,,,,0.0,,,,,,Bf_109_G-6_Erla
sw_t_54_1951,21.0,96.49,0.0,0.0,1.16,1.44,103.0,43.23,0.0,0.0,1.38,1.62,0.0,,,,,,T-54
a_5c,23.0,53.57,0.54,1.0,0.0,0.0,186.0,54.41,0.62,0.65,0.78,1.02,0.0,,,,,,A-5C
germ_thyssen_henschel_tam,20.0,50.0,0.0,0.0,1.0,1.5,894.0,41.81,0.0,0.0,1.0,0.89,48.0,96.97,0.0,0.0,1.45,1.18,TAM
us_m42_duster,22.0,100.0,0.0,0.0,0.0,0.0,224.0,54.21,0.62,0.61,1.35,1.27,0.0,,,,,,M42
uk_as_90_mk_2,23.0,,,,,,112.0,,,0.0,,1.85,0.0,,,,,,AS90
ussr_btr_82at,23.0,37.5,0.0,0.0,0.6,0.75,423.0,44.29,0.0,0.0,1.49,1.28,0.0,,,,,,БТР-82АТ
ussr_bmp_2,21.0,100.0,0.0,0.0,0.0,0.0,638.0,41.13,0.0,0.0,1.53,1.15,0.0,,,,,,BMP-2
bf-110g-2,24.0,100.0,1.0,0.09,6.0,1.91,36.0,100.0,1.0,0.56,2.0,1.56,0.0,,,,,,Bf_110_G-2
me-410a-1_u2,22.0,,,0.0,,0.0,4.0,,,0.0,,0.0,0.0,,,,,,Me_410_A-1/U2
su-2_m82,21.0,100.0,1.0,0.87,7.29,7.16,0.0,,,,,,0.0,,,,,,Su-2_(M-82)
j6k1,24.0,97.83,5.76,5.76,0.41,0.41,117.0,55.71,3.48,3.31,1.28,1.27,17.0,100.0,2.0,1.14,5.0,2.43,J6K1
lightning_f6,22.0,,,3.0,,0.0,39.0,50.0,1.06,1.95,1.25,2.45,0.0,,,,,,Lightning_F.6
hurricanemkii,21.0,100.0,3.76,4.0,1.59,1.53,23.0,,,0.0,,0.0,0.0,,,,,,Hurricane_Mk_IIB/Trop
it_m15_42_contraereo,25.0,3.57,4.96,6.38,0.64,1.0,271.0,47.19,1.85,1.33,0.43,0.34,0.0,,,,,,M42_Contraereo
ussr_9a33bm3,23.0,50.0,1.92,3.83,0.04,0.08,57.0,39.21,0.69,0.89,0.0,0.0,0.0,,,,,,Оса-АКМ
sb_2m_105,24.0,94.05,0.02,0.02,2.69,2.62,0.0,,,,,,0.0,,,,,,SB_2M-105
ussr_zis_43,21.0,100.0,1.0,1.0,1.05,1.05,8.0,0.0,0.0,0.0,1.38,1.38,0.0,,,,,,ZiS-43
f-105d,22.0,,,0.0,,3.0,21.0,,,0.0,,0.0,2.0,,,,,,F-105D
germ_leopard_a1a1_120,21.0,95.24,0.0,0.0,2.19,2.38,293.0,54.62,0.0,0.0,4.56,1.85,31.0,100.0,0.0,0.0,1.0,1.0,Leopard_A1A1_(L/44)
a6m6c,23.0,100.0,2.0,2.0,0.0,0.0,80.0,24.19,2.26,2.08,1.61,1.64,0.0,,,,,,A6M6c
jp_type_16,20.0,50.0,0.0,0.0,1.5,1.5,45.0,60.3,0.0,0.0,1.73,1.62,0.0,,,,,,Type_16
ussr_kv_2_1939,21.0,,,,,,98.0,33.33,0.0,0.0,1.64,1.15,0.0,,,,,,KV-2_(1939)
mc200_serie3_italy,23.0,100.0,3.05,2.63,0.0,0.0,0.0,,,,,,0.0,,,,,,C._200_serie_3
p-47d_30_china,20.0,100.0,2.0,1.88,0.0,0.0,12.0,,,,,,0.0,,,,,,P-47D-30_(China)
jp_type_97_kai,23.0,,,0.0,,1.0,64.0,,,0.0,,1.58,0.0,,,,,,Chi-Ha_Kai
ussr_is_6,24.0,13.16,0.0,0.0,2.61,2.79,151.0,54.29,0.0,0.0,3.86,3.21,9.0,,,0.0,,1.0,IS-6
ussr_btr_zd,21.0,0.0,2.0,2.0,1.0,1.0,253.0,59.48,0.59,0.42,1.62,1.16,0.0,,,,,,BTR-ZD
ussr_2s38,23.0,44.44,0.33,0.63,0.33,1.04,1062.0,46.97,0.15,0.1,1.27,0.9,0.0,,,,,,2S38
jp_type_89,22.0,,,0.0,,1.0,273.0,68.89,0.0,0.0,2.16,1.8,17.0,,,0.0,,0.0,Type_89
jp_type_2_ho_i,23.0,,,,,,15.0,,,,,,0.0,,,,,,Ho-I
he-162a-2,24.0,,,0.95,,0.0,150.0,61.38,2.73,3.15,0.56,0.8,0.0,,,,,,He_162_A-2
ussr_t_72b3_arena_m,23.0,,,,,,200.0,49.74,0.0,0.0,1.92,1.61,35.0,100.0,0.0,0.0,1.88,0.4,Т-72Б3А
bf-110c-4,22.0,,,,,,0.0,,,,,,0.0,,,,,,Bf_110_C-7
cn_wz_141,22.0,,,0.0,,3.0,74.0,100.0,0.0,0.0,7.14,2.81,0.0,,,,,,WZ141-1
it_m13_40_serie_1,21.0,,,,,,0.0,,,,,,0.0,,,,,,M13/40_(I)
p-51d-10,22.0,100.0,0.33,0.46,1.33,1.46,30.0,50.0,1.16,2.32,0.36,0.73,0.0,,,,,,P-51D-10
ju-87d-5,22.0,,,1.68,,2.0,13.0,,,1.0,,1.0,0.0,,,,,,Ju_87_D-5
me-262a-1a_u4,21.0,0.0,9.15,3.25,1.0,0.0,745.0,49.45,0.65,0.81,2.67,3.2,1.0,,,0.0,,0.0,Me_262_A-1/U4
uk_chieftain_mk_10,17.0,90.91,0.0,0.0,2.0,2.13,158.0,56.9,0.0,0.0,2.62,1.9,0.0,,,,,,Chieftain_Mk_10
cn_type_59d,22.0,,,0.0,,2.0,137.0,38.18,0.0,0.0,2.11,2.44,0.0,,,,,,ZTZ59D1
ki_100_2,20.0,,,0.9,,0.0,48.0,91.67,1.22,1.28,1.72,1.88,0.0,,,,,,Ki-100-II
it_m109g,21.0,,,,,,77.0,38.71,0.0,0.0,0.61,0.53,0.0,,,,,,M109G
us_m4a1_1942_sherman,20.0,100.0,0.0,0.0,1.29,1.29,75.0,71.43,0.0,0.0,3.71,1.85,0.0,,,,,,M4A1
us_m4_sherman_promo,21.0,,,,,,33.0,0.0,0.0,0.0,3.7,3.11,0.0,,,,,,M4
cn_type_63_I,20.0,,,,,,130.0,42.53,0.0,0.0,0.6,0.51,0.0,,,,,,Type_63-I
germ_pzsfl_IVa_dickermax,20.0,,,,,,29.0,0.0,0.0,0.0,5.2,3.62,0.0,,,,,,Dicker_Max
il_centurion_mk_5_shot,22.0,,,,,,55.0,84.95,0.0,0.0,2.0,2.44,0.0,,,,,,Sho't
uk_a30_sp_avenger,22.0,,,,,,61.0,90.0,0.0,0.0,7.91,3.74,0.0,,,,,,Avenger
us_m19,22.0,,,,,,88.0,49.31,1.21,0.58,2.02,0.86,0.0,,,,,,M19A1
us_t34,23.0,100.0,0.0,0.0,0.85,0.87,925.0,58.1,0.0,0.0,2.18,1.69,13.0,,,0.0,,1.0,T34
mig-21_mf,21.0,,,0.24,,0.0,167.0,55.49,1.49,1.71,0.23,0.24,4.0,,,,,,◊MiG-21MF
fr_char_2c_bis,21.0,,,,,,0.0,,,,,,0.0,,,,,,2C_bis
bf-109g-2_hungary,19.0,100.0,8.0,6.47,0.0,0.0,35.0,73.33,0.72,0.83,0.23,0.27,5.0,,,0.0,,0.0,◐Bf_109_G-2
germ_pzkpfw_III_ausf_N,20.0,100.0,0.0,0.0,9.8,4.9,126.0,42.02,0.0,0.0,5.29,4.12,0.0,,,,,,Pz.III_N
jp_type_2_ho_ni_2,22.0,100.0,0.0,0.0,3.31,2.71,0.0,,,,,,0.0,,,,,,Ho-Ni_II
su-2_tss1,19.0,,,0.0,,2.32,0.0,,,,,,0.0,,,,,,Su-2_TSS-1
pe-2-110,20.0,100.0,0.85,0.85,2.65,2.65,0.0,,,,,,0.0,,,,,,Pe-2-110
ussr_t_72m2_moderna,20.0,100.0,0.0,0.0,2.0,1.0,163.0,52.9,0.09,0.08,4.17,3.34,0.0,,,,,,T-72M2_Moderna
uk_challenger_2_tes,22.0,50.0,0.0,0.0,1.29,2.0,132.0,50.0,0.0,0.0,1.99,2.07,0.0,,,,,,Challenger_2_TES
fokker_d23,20.0,100.0,2.33,2.58,0.0,0.0,0.0,,,,,,0.0,,,,,,◗Fokker_D.XXIII
a6m3_mod22_zero,20.0,,,2.87,,0.47,45.0,50.0,0.55,1.08,0.47,0.92,0.0,,,,,,A6M3_mod._22
fokker_d21_netherlands,21.0,14.29,1.38,1.38,0.0,0.0,0.0,,,,,,0.0,,,,,,◗Fokker_D.XXI
sw_l_62_anti_II,18.0,55.56,0.44,0.44,2.17,3.0,93.0,0.0,0.0,0.0,1.33,1.35,0.0,,,,,,L-62_ANTI_II
d4y2,21.0,,,,,,0.0,,,,,,0.0,,,,,,D4Y2
h-75a-4_france,21.0,14.29,1.14,1.14,0.0,0.0,0.0,,,,,,0.0,,,,,,H-75A-4
il_magach_6b_gal_batash,18.0,0.0,0.0,0.0,2.0,1.19,39.0,50.0,0.0,0.0,2.5,2.98,0.0,,,,,,Gal_Batash
d_501,21.0,100.0,1.0,1.0,0.0,0.0,0.0,,,,,,0.0,,,,,,D.501
us_m901_itv,25.0,33.33,0.0,0.0,1.0,0.8,119.0,46.24,0.0,0.0,1.81,1.6,0.0,,,,,,M901
sw_strv_81,19.0,100.0,0.0,0.0,0.0,0.0,223.0,49.06,0.0,0.0,1.11,0.86,0.0,,,,,,Strv_81
il_tiran_4_sh,19.0,,,,,,50.0,100.0,0.0,0.0,1.0,0.48,0.0,,,,,,Tiran_4S
us_m1a2_sep2_abrams_trophy,19.0,90.63,0.0,0.0,3.63,4.0,1597.0,57.4,0.0,0.0,2.49,1.91,0.0,,,,,,M1A2_(Trophy-HV)
fr_bat_chat_25t,19.0,,,0.0,,2.0,315.0,64.45,0.0,0.0,2.97,2.06,9.0,,,,,,Char_25t
it_m26a1_pershing,21.0,100.0,0.0,0.0,5.0,3.75,65.0,40.97,0.0,0.0,1.58,1.49,13.0,,,0.0,,0.0,M26A1
uk_m44,20.0,66.67,0.0,0.0,1.81,2.08,44.0,50.0,0.0,0.0,0.36,0.72,0.0,,,,,,M44
jp_type_75_mlrs,18.0,0.0,0.0,0.0,2.0,2.0,32.0,50.0,0.0,0.0,0.5,0.5,0.0,,,,,,Type_75_MLRS
mc-202_italy,20.0,58.33,2.81,3.0,0.44,0.39,0.0,,,,,,0.0,,,,,,C._202
p-63a-5_ussr,18.0,,,1.0,,0.19,203.0,59.51,0.98,0.91,2.81,2.59,0.0,,,,,,P-63A-5
ussr_isu_122s,18.0,,,0.0,,1.5,30.0,0.0,0.0,0.0,1.0,0.61,0.0,,,,,,ISU-122S
ki-96,20.0,,,1.0,,0.0,28.0,100.0,2.56,2.56,0.33,0.33,0.0,,,,,,Ki-96
f9f-8,17.0,,,0.89,,0.0,238.0,54.7,0.75,0.79,0.46,0.45,0.0,,,,,,F9F-8
mig-21_f13,23.0,50.0,3.5,2.15,0.0,1.0,137.0,45.42,1.28,1.54,0.0,0.0,0.0,,,,,,MiG-21F-13
il_2_1941,18.0,,,,,,68.0,61.11,0.0,0.0,1.25,0.82,6.0,,,0.0,,0.0,IL-2_(1941)
germ_flakpanzer_zerstorer_45,19.0,,,,,,232.0,9.41,0.65,0.6,0.13,0.11,0.0,,,,,,Zerstörer_45
germ_bmp_1_ddr,19.0,,,,,,112.0,38.0,0.0,0.0,1.02,0.75,0.0,,,,,,SPz_BMP-1
uk_crusader_mk_3,17.0,,,,,,60.0,53.57,0.0,0.0,3.33,2.08,0.0,,,,,,Crusader_III
uk_valentine_mk_11,17.0,,,,,,89.0,58.03,0.0,0.0,2.76,2.68,0.0,,,,,,Valentine_XI
hurricanemkii_ussr,18.0,100.0,4.8,6.0,0.0,0.0,2.0,,,,,,0.0,,,,,,Hurricane_Mk_IIB
d_500,19.0,,,,,,0.0,,,,,,0.0,,,,,,D.500
fr_leopard_1a5be,18.0,,,0.0,,2.0,222.0,56.14,0.0,0.0,1.11,1.04,13.0,,,0.0,,0.0,Leopard_1A5BE
a_10a_early,17.0,,,2.0,,1.0,391.0,52.41,0.59,0.79,3.55,4.63,106.0,0.0,1.22,0.25,10.28,2.25,A-10A
fr_amx_13_75,18.0,30.0,0.0,0.0,2.1,2.78,254.0,62.69,0.0,0.0,1.61,1.4,0.0,,,,,,AMX-13
mig_3_series_34,18.0,,,,,,0.0,,,,,,0.0,,,,,,MiG-3-34
ki_61_1a_hei,16.0,,,,,,17.0,100.0,1.0,,1.0,,0.0,,,,,,Ki-61-I_hei
germ_sturmmorser_sturmtiger,17.0,100.0,0.0,0.0,1.31,2.0,24.0,50.0,0.0,0.0,1.18,2.33,0.0,,,,,,38_cm_Sturmmörser
cn_t_26_1940,17.0,,,0.0,,2.0,1.0,,,0.0,,0.0,0.0,,,,,,T-26_(China)
ussr_su_100_1945,17.0,100.0,0.0,0.0,1.41,1.41,98.0,19.23,0.0,0.0,1.94,1.48,0.0,,,,,,SU-100
re_2002_early,19.0,50.0,1.0,2.0,0.5,1.0,0.0,,,,,,0.0,,,,,,Re.2002_Early
ms_410c1,19.0,,,,,,0.0,,,,,,0.0,,,,,,M.S.410
su-7bkl,18.0,66.67,0.83,0.71,1.0,1.24,28.0,0.0,1.0,1.0,1.62,1.62,0.0,,,,,,Su-7BKL
sagittario_2,19.0,0.0,2.0,1.44,0.0,0.0,13.0,66.67,1.0,1.5,1.7,2.5,48.0,25.0,6.94,8.24,0.0,0.0,Sagittario_2
boomerang_mki,17.0,100.0,2.0,1.35,0.0,0.0,0.0,,,,,,0.0,,,,,,Boomerang_Mk_I
d_373,19.0,,,,,,0.0,,,,,,0.0,,,,,,D.373
f-86a-5,18.0,,,0.0,,0.0,107.0,69.78,1.97,1.5,1.73,1.42,0.0,,,,,,F-86A-5
su_17m2,19.0,,,0.0,,1.44,38.0,,,0.0,,0.41,0.0,,,,,,Su-17M2
boomerang_mkii,17.0,100.0,1.0,1.0,0.0,0.0,0.0,,,,,,0.0,,,,,,Boomerang_Mk_II
p-47d-28,17.0,,,1.41,,1.71,101.0,43.65,1.55,2.5,0.45,0.78,0.0,,,,,,P-47D-28
ms_406c1,19.0,,,1.0,,0.0,0.0,,,,,,0.0,,,,,,M.S.406C1
d_371,19.0,,,,,,0.0,,,,,,0.0,,,,,,D.371
mc-202_d,20.0,100.0,3.0,2.18,1.0,0.18,0.0,,,,,,0.0,,,,,,C._202D
us_rdf_lt,17.0,,,0.0,,0.76,911.0,54.41,0.17,0.17,1.45,1.33,0.0,,,,,,RDF/LT
ussr_t_72b3_arena,17.0,,,0.0,,1.1,457.0,36.59,0.0,0.0,1.16,1.05,11.0,100.0,0.0,0.0,1.0,1.0,"Т-72Б3_""Арена"""
f_16a_block_15_adf,16.0,,,0.75,,0.0,81.0,50.0,2.47,2.14,0.28,0.12,77.0,0.0,6.64,1.93,0.0,0.0,F-16A_ADF
germ_pzkpfw_III_ausf_L,18.0,,,,,,23.0,0.0,0.0,0.0,2.0,2.0,0.0,,,,,,Pz.III_L
germ_marder_1a1,17.0,100.0,0.0,0.0,0.0,0.0,352.0,30.05,0.01,0.01,0.46,0.42,0.0,,,,,,Marder_A1-
germ_wiesel_1_mk20,17.0,50.0,0.0,0.0,0.0,0.0,841.0,41.08,0.23,0.21,0.87,0.71,0.0,,,,,,Wiesel_1A4
do_217m_1,18.0,100.0,0.0,0.0,4.79,4.79,0.0,,,,,,0.0,,,,,,Do_217_M-1
ussr_rbt_5,17.0,100.0,0.0,,3.06,,29.0,75.0,0.0,0.0,0.36,0.41,0.0,,,,,,RBT-5
fr_m4a4_sherman,17.0,100.0,0.0,0.0,4.85,4.85,44.0,90.35,0.0,0.0,4.49,4.28,0.0,,,,,,M4A4
uk_conqueror_mk_2,19.0,50.0,0.0,0.0,2.13,3.72,189.0,60.02,0.0,0.0,2.95,2.05,8.0,50.0,0.0,0.0,2.5,5.0,Conqueror
us_m46_patton_73_armor_bat,16.0,50.0,0.23,0.45,1.27,2.55,538.0,65.54,0.02,0.02,2.87,2.37,0.0,,,,,,"M46_""Tiger"""
us_m56_scorpion,17.0,100.0,0.0,0.0,2.69,3.31,267.0,47.54,0.0,0.0,2.21,1.17,0.0,,,,,,M56
mig-21_bis_lazur,17.0,,,1.0,,1.0,505.0,47.83,1.48,1.57,0.34,0.35,0.0,,,,,,"◊MiG-21_""Lazur-M"""
uk_a_13_mk1,17.0,100.0,0.0,0.0,6.0,3.0,0.0,,,,,,0.0,,,,,,A13_Mk_I
us_lvt_a_1,14.0,100.0,0.0,0.0,6.18,9.67,24.0,,,0.0,,1.63,0.0,,,,,,LVT(A)(1)
spitfiremkii,19.0,,,4.25,,0.0,3.0,,,,,,0.0,,,,,,Spitfire_Mk_IIb
z_1007_bis_serie5,18.0,100.0,0.0,0.0,1.24,1.22,0.0,,,,,,0.0,,,,,,Z.1007_bis_serie_5
it_kf_41,16.0,0.0,0.0,0.87,1.5,1.07,46.0,0.0,0.0,0.0,1.0,1.0,0.0,,,,,,KF41
mig_29kr_9_41r,19.0,50.0,1.55,2.06,0.0,0.0,55.0,75.76,1.73,1.52,0.0,0.0,0.0,,,,,,МиГ-29КР_(9-41Р)
f2g-1,17.0,100.0,1.0,1.0,0.0,0.0,116.0,29.17,0.99,0.89,4.1,2.93,0.0,,,,,,F2G-1
a6m2_zero_usa,18.0,0.0,3.22,3.22,0.0,0.0,4.0,,,,,,0.0,,,,,,A6M2
fr_amx_30_ACRA,16.0,,,,,,46.0,55.0,0.0,0.0,2.45,1.34,0.0,,,,,,AMX-30_ACRA
jp_st_a3,17.0,8.82,0.0,0.0,1.82,2.0,398.0,60.86,0.0,0.0,2.06,1.68,0.0,,,,,,ST-A3
a6m2_zero,18.0,,,1.0,,0.0,14.0,,,0.0,,1.0,0.0,,,,,,A6M2
it_m3a3_stuart,16.0,,,0.0,,0.0,23.0,,,,,,0.0,,,,,,M3A3
mig-15bis_nr23_china,18.0,50.0,5.39,10.78,0.5,1.0,3.0,,,1.0,,0.0,0.0,,,,,,J-2
f1,18.0,50.0,4.94,9.89,0.56,1.11,76.0,58.45,1.81,3.12,0.16,0.31,0.0,,,,,,F-1
f_16am_block_20_mlu_netherlands,16.0,100.0,8.0,4.0,0.0,0.0,158.0,76.24,1.05,1.06,0.72,0.75,34.0,,,1.84,,0.28,◘F-16AM
ia_58a_pucara,19.0,55.56,3.39,7.0,1.44,3.0,301.0,63.11,1.34,2.14,2.19,3.41,0.0,,,,,,IA.58A_Pucara
ussr_t_90m_arena_m,16.0,100.0,0.0,,2.44,,912.0,55.21,0.0,0.0,2.08,1.7,0.0,,,,,,Т-90М_(Арена-М)
z_1007_bis_serie3,17.0,,,,,,0.0,,,,,,0.0,,,,,,Z.1007_bis_serie_3
p-51c-11-nt_china,15.0,,,1.0,,0.47,36.0,100.0,2.21,2.21,0.07,0.07,0.0,,,,,,P-51C-11-NT_(China)
bf-109c_1,16.0,,,1.0,,1.0,0.0,,,,,,0.0,,,,,,Bf_109_C-1
p-51b,19.0,50.0,3.69,3.69,0.19,0.19,65.0,55.26,1.5,1.02,0.87,0.42,85.0,35.71,8.36,5.87,0.21,0.26,Mustang_Mk_IA
uk_a_13_mk2_1939,16.0,100.0,0.0,0.0,2.27,2.27,24.0,,,0.0,,1.0,0.0,,,,,,A13_Mk_II_1939
sw_strf_90b,16.0,,,0.0,,1.0,118.0,79.72,0.17,0.13,2.46,2.11,11.0,96.67,0.0,0.0,1.93,2.0,Strf_9040B
f-86f-40_japan,16.0,50.0,1.0,2.0,1.0,2.0,55.0,98.08,3.89,7.58,0.0,0.0,0.0,,,,,,F-86F-40_
fr_amx_30_auf_1,18.0,,,0.88,,1.0,26.0,,,0.0,,1.0,0.0,,,,,,AuF1
fr_amx_10rc,16.0,,,,,,173.0,50.89,0.0,0.0,1.28,1.35,0.0,,,,,,AMX-10RC
germ_boxer_swatrinf,16.0,,,,,,88.0,29.15,0.05,0.04,0.52,0.5,3.0,,,0.0,,1.0,sWaTrgInf
sw_strv121b_christian2,14.0,50.0,0.0,0.0,1.57,1.79,746.0,57.49,0.0,0.0,2.84,2.29,0.0,,,,,,Christian_II
ki_61_1a_ko,15.0,,,2.22,,0.0,0.0,,,,,,0.0,,,,,,Ki-61-I_ko
germ_flakpz_I_Gepard,15.0,50.0,0.5,1.0,0.69,1.38,1315.0,35.8,0.29,0.22,1.14,0.88,0.0,,,,,,Gepard
p-38l,16.0,,,,,,11.0,,,,,,0.0,,,,,,P-38L-5-LO
it_c1_ariete,17.0,,,,,,29.0,100.0,0.0,0.0,3.0,2.86,0.0,,,,,,Ariete
fw-190f-8,15.0,0.0,1.0,1.33,0.0,0.0,416.0,52.13,0.95,0.88,0.74,0.59,0.0,,,,,,Fw_190_F-8
j7w1,18.0,,,1.71,,0.0,505.0,75.75,0.85,0.75,2.65,2.36,0.0,,,,,,J7W1
uk_challenger_mk_3,19.0,46.67,0.0,0.0,0.7,1.0,80.0,52.5,0.0,0.0,2.48,2.07,11.0,50.0,0.0,0.0,0.5,1.0,Challenger_Mk.3
bf-109b_2,16.0,,,,,,0.0,,,,,,0.0,,,,,,Bf_109_B-1
mig-19j_6a,21.0,52.08,2.06,2.5,0.65,0.71,39.0,100.0,6.54,7.0,0.0,0.0,0.0,,,,,,J-6A
il_m48a1_patton_III,15.0,,,0.0,,1.0,116.0,50.0,0.0,0.0,1.0,0.8,0.0,,,,,,Magach_1
xa_38,17.0,,,0.0,,0.0,0.0,,,,,,9.0,,,0.0,,1.57,XA-38
germ_leopard_2a5,17.0,,,,,,762.0,52.96,0.0,0.0,2.38,1.64,0.0,,,,,,Leopard_2A5
jp_btr_3e1,16.0,,,0.0,,0.0,170.0,50.63,0.0,0.0,1.12,0.96,0.0,,,,,,BTR-3E1
jp_type_87_rcv,16.0,,,,,,215.0,54.81,0.0,0.0,1.27,1.24,0.0,,,,,,Type_87_RCV
fr_panhard_ebr_1951,16.0,,,0.0,,0.0,253.0,58.88,0.0,0.0,2.32,2.3,0.0,,,,,,E.B.R._(1951)
cn_m55,16.0,50.0,0.0,0.0,1.0,2.0,3.0,,,,,,0.0,,,,,,M55_(China)
cn_object_122tm,16.0,50.0,0.0,0.0,0.88,1.75,216.0,63.6,0.0,0.0,3.58,1.83,1.0,,,,,,"Object_122MT_""MC"""
pb4y-2_china,18.0,100.0,1.0,0.14,4.75,1.39,0.0,,,,,,0.0,,,,,,PB4Y-2_(China)
pby-5a,16.0,,,,,,0.0,,,,,,0.0,,,,,,PBY-5A_Catalina
jp_type_87_rcv_prot,16.0,,,0.0,,0.0,491.0,67.33,0.07,0.07,1.12,0.82,0.0,,,,,,Type_87_RCV_(P)
cr_32,15.0,,,,,,0.0,,,,,,0.0,,,,,,CR.32
hunter_f1,16.0,,,1.06,,1.88,94.0,100.0,4.18,7.84,0.08,0.16,0.0,,,,,,Hunter_F.1
germ_panzerjager_tiger_P_elefant,15.0,100.0,0.0,0.0,6.2,6.0,43.0,33.33,0.0,0.0,2.14,3.66,4.0,100.0,0.0,,2.0,,Elefant
fr_b1_ter,16.0,,,,,,20.0,100.0,0.0,0.0,3.19,2.95,0.0,,,,,,B1_ter
uk_a_22f_mk_7_churchill_1944,15.0,50.0,0.0,0.0,5.58,5.58,50.0,92.31,0.0,0.0,4.05,2.5,4.0,,,,,,Churchill_VII
hunter_f58_switzerland,19.0,94.44,11.78,7.64,0.0,0.0,439.0,67.74,1.38,1.72,1.35,1.62,0.0,,,,,,◌Hunter_F.58
f8u-2,17.0,50.0,2.63,2.43,0.0,0.0,265.0,46.59,0.97,1.18,0.03,0.03,14.0,,,,,,F8U-2
uk_m4a5_ram_2,13.0,,,,,,9.0,,,0.0,,1.0,0.0,,,,,,Ram_II
f6f-5n_france,15.0,,,2.0,,0.0,39.0,0.0,0.0,0.0,1.88,1.22,23.0,100.0,1.0,4.0,2.0,2.0,F6F-5N
sw_ikv_73,16.0,100.0,0.0,0.0,5.19,5.19,13.0,,,0.0,,1.15,0.0,,,,,,Ikv_73
it_m26_ariete,15.0,100.0,0.0,0.0,3.0,6.0,19.0,,,0.0,,3.89,17.0,100.0,0.0,0.0,3.59,3.59,"M26_""D.C.Ariete"""
fr_tpk_641_vpc,14.0,100.0,1.0,,0.0,,74.0,0.0,2.17,1.74,0.0,0.0,2.0,,,,,,TPK_6.41
germ_pzkpfw_38t_Aufklarungspanzer,15.0,100.0,0.0,0.0,1.0,1.0,6.0,,,0.0,,1.0,0.0,,,,,,Sd.Kfz._140/1
sw_lvkv_42,15.0,100.0,0.0,,1.0,,90.0,0.0,0.0,0.0,0.0,0.26,0.0,,,,,,Lvkv_42
cn_cm11,15.0,50.0,0.0,0.0,1.0,2.0,144.0,64.6,0.0,0.0,3.38,2.92,0.0,,,,,,CM11
a6m3_zero,15.0,,,3.31,,0.0,70.0,82.89,1.14,1.52,0.64,0.84,0.0,,,,,,A6M3
caudron_cr714,16.0,,,2.0,,0.0,0.0,,,,,,0.0,,,,,,C.R.714
sw_cv_90105,15.0,50.0,0.0,0.0,0.97,1.93,299.0,58.41,0.0,0.0,1.56,1.75,0.0,,,,,,CV_90105_TML
f2a-3,15.0,,,1.0,,0.0,26.0,,,0.0,,0.0,0.0,,,,,,F2A-3
us_m46_patton,16.0,100.0,0.0,0.0,4.0,4.0,452.0,61.31,0.0,0.0,2.01,2.08,0.0,,,,,,M46
a-20g,15.0,,,,,,0.0,,,,,,0.0,,,,,,A-20G-25
sw_strv_105,15.0,,,,,,211.0,63.49,0.0,0.0,1.46,1.54,0.0,,,,,,Strv_105
sw_strv_101,13.0,100.0,0.0,0.0,0.67,1.0,300.0,50.48,0.0,0.0,1.73,1.01,0.0,,,,,,Strv_101
uk_a_34_comet_iron_duke,14.0,100.0,0.0,0.0,5.0,10.0,24.0,50.0,0.0,0.0,1.5,1.27,0.0,,,,,,"Comet_I_""Iron_Duke_IV"""
ki_61_1a_hei_ep,13.0,50.0,2.5,5.0,0.0,0.0,13.0,,,0.0,,1.0,10.0,,,,,,Tada's_Ki-61-I_hei
do_217k_1,14.0,,,,,,19.0,,,0.0,,0.0,0.0,,,,,,Do_217_K-1
germ_9a33bm3,14.0,,,,,,35.0,0.0,2.93,1.42,0.0,0.0,0.0,,,,,,◊Osa-AK
bf-109g-2_romania,14.0,,,,,,0.0,,,,,,0.0,,,,,,Bf_109_G-2
spitfire_f22,21.0,98.21,2.95,2.97,0.22,0.26,0.0,,,,,,0.0,,,,,,Spitfire_F_Mk_22
douglas_ad_4_france,14.0,,,,,,98.0,61.67,1.01,1.58,2.49,3.98,0.0,,,,,,AD-4
a-26b_10,13.0,100.0,0.0,0.0,4.0,3.5,17.0,50.0,0.59,1.18,0.0,0.0,0.0,,,,,,A-26B-10
germ_pzkpfw_35t,13.0,100.0,0.0,,2.0,,23.0,100.0,0.0,0.0,1.95,1.95,0.0,,,,,,Pz.35(t)
p-47n-15,14.0,,,,,,44.0,60.71,0.61,0.73,2.3,2.79,0.0,,,,,,P-47N-15
cn_su_100_1945,14.0,100.0,0.0,0.0,2.0,2.0,53.0,86.67,0.0,0.0,1.85,1.91,0.0,,,,,,SU-100_(China)
go229_v3,16.0,50.0,1.21,1.88,0.0,0.0,101.0,57.84,0.91,1.43,3.22,5.28,0.0,,,,,,Ho_229_V3
ki_61_1a_otsu_usa,15.0,,,1.0,,0.0,0.0,,,,,,0.0,,,,,,Ki-61-Ib
uk_chieftain_mk_5,15.0,,,,,,97.0,75.0,0.0,0.0,3.48,2.76,0.0,,,,,,Chieftain_Mk_5
uk_chieftain_mk_3,15.0,,,,,,297.0,63.54,0.0,0.0,1.9,1.64,0.0,,,,,,Chieftain_Mk_3
jp_type_61,15.0,0.0,0.0,0.0,1.0,1.7,527.0,68.9,0.0,0.0,2.34,1.75,0.0,,,,,,Type_61
it_fiat_6616_ub,15.0,,,0.0,,1.0,46.0,100.0,0.0,0.0,1.25,1.0,0.0,,,,,,FIAT_6616UB
uk_valentine_mk_1,14.0,,,,,,0.0,,,,,,0.0,,,,,,Valentine_I
ussr_it_1,16.0,50.0,0.0,0.0,0.55,1.09,146.0,50.0,0.0,0.0,2.26,1.34,0.0,,,,,,IT-1
uk_a_12_mk_2_matilda_2,14.0,,,0.0,,0.5,36.0,80.43,0.0,0.0,1.8,2.19,0.0,,,,,,Matilda_III
pv_2d,14.0,,,1.0,,5.5,27.0,22.22,0.21,0.36,0.58,0.86,0.0,,,,,,PV-2D
pe-2-359,12.0,100.0,0.75,0.75,6.25,6.25,0.0,,,,,,0.0,,,,,,Pe-2-359
bb-1,15.0,100.0,3.14,3.0,6.0,4.91,137.0,67.28,1.37,2.65,5.37,11.37,0.0,,,,,,BB-1
er-2_m105r_lu2b,12.0,100.0,0.0,0.0,3.75,3.75,0.0,,,,,,0.0,,,,,,Yer-2_(M-105R)_LU
f-89b,12.0,100.0,2.0,2.33,1.0,1.0,171.0,58.59,0.56,1.04,0.92,1.63,0.0,,,,,,F-89B
pe-8_m82,12.0,100.0,0.0,0.0,2.17,2.17,55.0,23.65,0.24,0.44,0.28,0.52,0.0,,,,,,Pe-8
cn_m60a3_tts,13.0,,,,,,46.0,50.0,0.0,0.0,2.27,1.81,11.0,,,0.0,,2.0,M60A3_TTS_(China)
p_108b_serie1,15.0,,,0.0,,4.35,0.0,,,,,,0.0,,,,,,P.108B_serie_1
n1k2_jko,14.0,100.0,2.0,1.29,0.0,0.0,103.0,55.38,0.72,0.79,0.8,0.83,0.0,,,,,,N1K2-Ja
mig_29_9_12_germany,15.0,50.0,2.0,2.0,0.0,0.0,50.0,42.31,0.96,0.91,0.08,0.02,11.0,,,2.0,,0.0,◊MiG-29
a6m5_zero,15.0,50.0,1.83,3.67,0.0,0.0,155.0,61.71,0.75,1.01,0.37,0.49,0.0,,,,,,A6M5
germ_flakpanzer_V_Coelian,14.0,100.0,0.0,0.0,2.5,2.5,429.0,50.59,0.95,0.56,3.35,2.03,12.0,50.0,0.0,0.0,2.0,2.0,Flakpanzer_341
jp_type_74_mod_g_kai,15.0,86.36,0.0,0.0,3.45,3.45,287.0,55.19,0.0,0.0,2.87,1.77,0.0,,,,,,Type_74_(G)
jp_type_4_ho_ro,13.0,,,,,,7.0,33.33,0.0,0.0,0.3,0.06,0.0,,,,,,Ho-Ro
il_magach_6b,11.0,100.0,0.0,0.0,3.0,3.0,65.0,94.62,0.0,0.0,2.81,4.15,0.0,,,,,,Magach_6B
mig-19pt,14.0,,,,,,200.0,39.31,1.72,2.12,0.52,0.67,0.0,,,,,,MiG-19PT
saab_sk60b,13.0,,,,,,130.0,74.26,0.7,0.85,2.55,2.53,0.0,,,,,,SK60B
typhoon_mk1a,13.0,,,1.38,,0.0,0.0,,,,,,0.0,,,,,,Typhoon_Mk_Ia
p-47d_23_ra_china_rocaf,14.0,,,1.0,,1.29,0.0,,,,,,0.0,,,,,,P-47D-23-RA_(China)
spitfire_mk9c_iaf,12.0,,,3.11,,0.0,43.0,100.0,3.69,,0.0,,0.0,,,,,,Spitfire_Mk_IXc_(Israel)
ffvs_j22_a,12.0,100.0,1.0,1.0,0.0,0.0,0.0,,,,,,0.0,,,,,,J22-A
mig-21_bis_sau,14.0,,,1.14,,0.0,85.0,31.18,1.65,1.37,0.35,0.18,0.0,,,,,,◊MiG-21bis-SAU
jp_type_3_ho_ni_I,13.0,,,0.0,,1.0,27.0,50.0,0.0,0.0,1.5,0.78,0.0,,,,,,Ho-Ni_I
p-26a_34_m2,12.0,50.0,2.0,4.0,0.0,0.0,0.0,,,,,,0.0,,,,,,P-26A-34_M2
p-26b_35,12.0,,,1.0,,0.0,0.0,,,,,,0.0,,,,,,P-26B-35
mosquito_fb_mk6_norway,12.0,50.0,1.0,2.0,0.58,1.17,57.0,50.0,0.0,0.0,0.0,0.0,0.0,,,,,,◢Mosquito_FB.Mk.VI
p-26a_33,12.0,50.0,0.83,1.67,0.0,0.0,0.0,,,,,,0.0,,,,,,P-26A-33
md_450b_ouragan,14.0,,,1.29,,0.0,230.0,78.65,0.85,1.01,1.36,1.61,0.0,,,,,,M.D.450B_Ouragan
fr_m4a4_cn_75_50,14.0,,,0.0,,1.77,224.0,50.45,0.0,0.0,1.82,1.53,0.0,,,,,,M4A4_(SA50)
ussr_asu_57,12.0,100.0,0.0,0.0,0.25,0.3,107.0,52.94,0.0,0.0,1.94,0.71,0.0,,,,,,ASU-57
saab_t18b_1,12.0,,,1.17,,2.33,7.0,50.0,0.0,0.57,0.0,0.0,0.0,,,,,,T18B
beaufighter_mk21,12.0,100.0,2.0,2.0,8.5,8.5,0.0,,,,,,0.0,,,,,,Beaufighter_Mk_21
pby-5a_ussr,14.0,100.0,0.71,1.0,5.0,5.0,0.0,,,,,,0.0,,,,,,PBY-5A_Catalina
ussr_t_28E,13.0,,,,,,12.0,0.0,0.0,0.0,3.3,2.95,0.0,,,,,,T-28E
p-36c,13.0,50.0,0.5,1.0,0.5,1.0,0.0,,,,,,0.0,,,,,,P-36C
f2a-1,13.0,,,1.0,,1.0,0.0,,,,,,0.0,,,,,,F2A-1
me-262a1_u1,13.0,0.0,3.0,3.0,0.0,0.0,273.0,39.8,0.84,0.8,0.8,0.75,0.0,,,,,,Me_262_A-1a/U1
p-39q_25_france,11.0,,,,,,34.0,100.0,0.68,1.06,0.82,1.29,17.0,,,1.0,,0.0,P-39Q-25
us_lvt_a1_m24,13.0,,,0.0,,3.0,26.0,3.85,0.0,0.0,1.35,1.35,0.0,,,,,,LVT(A)(1)_(M24)
il-10,12.0,100.0,4.0,3.36,0.75,1.09,36.0,,,0.0,,1.0,0.0,,,,,,IL-10
fa_18c_switzerland,12.0,50.0,1.0,1.0,0.0,0.0,1056.0,48.87,0.97,1.12,0.27,0.32,93.0,,,2.32,,0.0,◌F/A-18C
ki_44_2_hei,12.0,,,1.0,,0.0,70.0,100.0,0.69,0.3,0.96,0.43,0.0,,,,,,Ki-44-II_hei
f_15a,12.0,50.0,1.0,2.0,0.0,0.0,163.0,49.46,1.14,1.31,0.11,0.11,0.0,,,,,,F-15A
ki-45_ko,13.0,,,,,,0.0,,,,,,0.0,,,,,,Ki-45_ko
ussr_btr_152d,13.0,5.56,1.0,1.11,0.0,0.0,288.0,4.67,2.75,1.23,0.0,0.0,0.0,,,,,,BTR-152D
it_c1_ariete_pso,13.0,,,,,,141.0,72.89,0.0,0.0,4.16,3.58,1.0,,,0.0,,1.0,Ariete_PSO
a6m2_n_zero,13.0,42.31,1.0,1.85,0.0,0.0,5.0,,,1.0,,0.0,0.0,,,,,,A6M2-N
fr_arl_44_acl1,13.0,,,,,,14.0,,,0.0,,1.0,0.0,,,,,,ARL-44_(ACL-1)
mig-17_cuba,11.0,100.0,1.73,1.73,0.0,0.0,163.0,44.56,1.56,2.35,0.68,0.99,0.0,,,,,,MiG-17AS
av_8a,9.0,50.0,3.17,6.33,2.67,5.33,185.0,43.84,0.88,1.05,0.66,0.81,0.0,,,,,,AV-8A
i-153_m62_china,12.0,0.0,1.0,1.0,0.0,0.0,0.0,,,,,,0.0,,,,,,I-153_M-62_(China)
a6m2_mod11,15.0,42.31,1.95,3.58,0.0,0.0,62.0,100.0,0.95,1.18,0.03,0.05,0.0,,,,,,A6M2_mod._11
germ_mkpz_m48a2ga2,11.0,100.0,0.0,0.0,1.0,1.0,293.0,39.37,0.0,0.0,1.77,1.68,13.0,,,0.0,,1.0,M48A2_G_A2
fiat_g91_r4_german,11.0,,,1.0,,0.0,221.0,48.22,1.21,1.65,0.9,1.17,0.0,,,,,,◄G.91_R/4
i-16_type10_china,12.0,0.0,1.0,1.0,0.0,0.0,0.0,,,,,,0.0,,,,,,I-16_type_10_(China)
hurricane_mk1b,13.0,50.0,0.5,1.0,0.5,1.0,0.0,,,,,,0.0,,,,,,Sea_Hurricane_Mk_IB
ussr_pt_76_57,11.0,100.0,0.0,0.0,1.0,1.0,62.0,100.0,0.0,0.0,5.87,3.11,12.0,,,0.0,,1.08,PT-76-57
cn_m4a4_sherman_1st_ptg,11.0,0.0,0.0,0.0,0.25,0.7,4.0,,,0.0,,1.0,0.0,,,,,,M4A4_(1st_PTG)_(China)
vg_33,11.0,,,,,,11.0,,,0.64,,0.0,0.0,,,,,,V.G.33C-1
lancaster_mk1,12.0,100.0,0.0,0.0,7.0,7.0,4.0,,,,,,0.0,,,,,,Lancaster_B_Mk_I
cn_m8_scott,10.0,100.0,0.0,,3.1,,6.0,,,0.0,,0.0,0.0,,,,,,M8_HMC_(China)
stirling_mk3,11.0,,,0.0,,3.0,0.0,,,,,,0.0,,,,,,Stirling_B_Mk_III
i_180,10.0,100.0,2.67,2.4,2.0,1.2,21.0,50.0,1.0,1.29,1.0,2.0,0.0,,,,,,I-180S
it_lancia3ro_100,12.0,100.0,0.0,0.0,2.4,2.0,0.0,,,,,,0.0,,,,,,Lancia_3Ro_(100/17)
uk_17_pdr_m10_achilles_norfolk_yeomanry,10.0,100.0,0.0,,5.11,,111.0,68.89,0.7,0.42,4.68,2.88,0.0,,,,,,Achilles_(65_Rg.)
jp_type_93,10.0,,,1.0,,1.0,60.0,0.0,1.0,0.89,0.0,0.0,0.0,,,,,,Type_93
il_sholef,12.0,100.0,0.0,0.0,2.0,2.0,15.0,,,0.0,,1.0,0.0,,,,,,Sholef
mig-9_ussr,12.0,,,,,,12.0,100.0,2.0,2.0,0.0,0.0,0.0,,,,,,MiG-9_(l)
ki-83,12.0,100.0,2.33,2.33,0.0,0.0,4.0,,,2.0,,0.0,0.0,,,,,,Ki-83
germ_flarakpz_1,10.0,0.0,1.0,,0.0,,76.0,73.12,1.44,2.37,0.0,0.0,0.0,,,,,,FlaRakPz_1
la_200_toriy,12.0,37.5,1.25,3.33,0.0,0.0,108.0,74.45,1.93,1.57,0.26,0.13,0.0,,,,,,La-200
ussr_pantsyr_s1,10.0,,,,,,332.0,44.56,0.89,0.85,0.07,0.07,0.0,,,,,,Pantsir-S1
il_zsu_23_4,10.0,,,,,,85.0,100.0,1.0,0.67,0.0,0.0,0.0,,,,,,ZSU-23-4_(Israel)
jaguar_is,13.0,50.0,1.0,1.0,0.0,0.0,46.0,45.45,0.1,0.12,0.6,0.98,0.0,,,,,,Jaguar_IS
ki_44_2_hei_china,11.0,,,,,,0.0,,,,,,0.0,,,,,,Ki-44-II_hei_(China)
mig-9,12.0,,,,,,21.0,50.0,0.36,0.36,4.57,4.57,0.0,,,,,,MiG-9
uk_fv4005,12.0,,,,,,117.0,47.31,0.0,0.0,1.55,1.61,0.0,,,,,,FV4005
saab_j21a_1,12.0,0.0,1.0,1.0,0.0,0.0,57.0,55.71,2.62,2.26,0.41,0.34,0.0,,,,,,J21A-1
jp_type_74_c,12.0,100.0,0.0,0.0,1.0,1.0,486.0,54.79,0.0,0.0,2.12,1.4,0.0,,,,,,Type_74_(C)
mosquito_f_mk2_norway,12.0,,,1.33,,0.0,23.0,,,,,,0.0,,,,,,◢Mosquito_F.Mk.II
it_leopard_1a5,12.0,,,,,,106.0,72.7,0.0,0.0,2.6,2.29,0.0,,,,,,Leopard_1A5
ussr_2s25,12.0,100.0,0.0,0.0,1.0,1.0,557.0,52.66,0.0,0.0,1.45,1.22,0.0,,,,,,2S25
cn_plz_83,12.0,,,0.0,,0.08,36.0,45.83,0.0,0.0,0.54,0.55,0.0,,,,,,PLZ83
bf-109g-14,12.0,,,0.5,,0.0,9.0,100.0,3.0,,0.0,,0.0,,,,,,Bf_109_G-14
bf-109g-2_finland,12.0,0.0,1.25,1.25,0.25,0.25,23.0,100.0,2.57,2.57,0.07,0.07,0.0,,,,,,Bf_109_G-2
uk_badger,12.0,,,0.0,,0.0,55.0,61.4,0.0,0.0,1.81,1.73,0.0,,,,,,Badger
us_efv_p1,12.0,,,0.0,,0.0,60.0,78.43,0.0,0.0,2.81,2.29,0.0,,,,,,EFV
me-410b-6_r3,12.0,100.0,0.0,0.0,0.0,0.0,17.0,,,0.0,,2.92,12.0,,,1.0,,0.0,Me_410_B-6/R3
he-111h-6,10.0,100.0,0.0,0.0,5.0,5.0,0.0,,,,,,0.0,,,,,,He_111_H-6
ussr_valentine_mk_9,10.0,,,,,,21.0,100.0,0.0,0.0,2.0,2.0,0.0,,,,,,"МК-IX_""Valentine"""
fiat_cr42_j11,10.0,0.0,2.0,2.0,2.0,2.0,0.0,,,,,,0.0,,,,,,J11
uk_centurion_mk_5_raac,11.0,100.0,0.0,0.0,2.0,2.0,23.0,66.67,0.0,0.0,3.5,2.86,0.0,,,,,,Centurion_Mk.5/1
us_m10_booker_late,9.0,,,0.0,,2.0,630.0,63.19,0.0,0.0,1.88,1.48,0.0,,,,,,M10_Booker
us_xm_8,9.0,100.0,0.0,0.0,3.0,3.0,64.0,72.23,0.0,0.0,2.7,3.42,0.0,,,,,,XM8
f-84f_italy,10.0,,,0.0,,1.0,0.0,,,,,,0.0,,,,,,F-84F
jp_m60a3_tts,10.0,,,0.0,,1.0,95.0,18.33,0.0,0.0,3.46,1.99,0.0,,,,,,M60A3_TTS
ussr_isu_122,11.0,,,0.0,,1.44,18.0,,,0.0,,2.89,0.0,,,,,,ISU-122
sw_strf_9056,9.0,,,0.0,,1.0,196.0,48.31,0.2,0.2,0.84,0.74,0.0,,,,,,Strf_9040_BILL
bf-109e-3,10.0,,,1.3,,0.0,63.0,100.0,1.15,0.67,1.25,0.79,0.0,,,,,,Bf_109_E-3
jp_type_90b,10.0,,,0.0,,1.0,175.0,47.59,0.0,0.0,2.1,2.44,0.0,,,,,,Type_90_(B)
cn_type_69_2a,11.0,100.0,0.0,0.0,2.0,1.18,79.0,73.66,0.0,0.0,2.41,3.6,0.0,,,,,,Type_69-IIa
it_centauro_rgo_120,10.0,20.0,0.0,0.0,1.8,1.8,186.0,71.32,0.0,0.0,2.94,1.84,0.0,,,,,,Centauro_RGO
cn_type_97_kai,9.0,,,0.0,,1.0,16.0,,,0.0,,1.25,0.0,,,,,,Chi-Ha_Kai_(China)
hurricane_mk4,10.0,,,1.0,,0.0,0.0,,,,,,0.0,,,,,,Hurricane_Mk_IV
us_m60a3_slep,9.0,,,,,,12.0,,,0.0,,2.58,0.0,,,,,,M60_AMBT
cn_lvt_4_zis_2,9.0,,,,,,11.0,100.0,0.0,0.0,2.0,2.0,0.0,,,,,,LVT(A)(4)_(ZiS-2)
jp_oplot_t,11.0,,,0.0,,1.0,176.0,70.12,0.0,0.0,3.48,2.15,0.0,,,,,,BM_Oplot-T
fr_m4a1_sherman_fl_10,10.0,,,0.0,,1.3,140.0,71.11,0.0,0.0,4.21,2.38,0.0,,,,,,M4A1_(FL10)
germ_sppz2_luchs_a2,9.0,0.0,0.0,0.0,1.0,1.0,83.0,22.81,0.85,0.48,0.09,0.17,0.0,,,,,,Luchs_A2
jp_type_16_mod,8.0,50.0,0.0,0.0,0.5,0.5,635.0,63.55,0.0,0.0,2.21,1.73,0.0,,,,,,Type_16_(FPS)
ussr_kv_122,11.0,0.0,0.0,0.0,1.0,1.0,0.0,,,,,,0.0,,,,,,KV-122
cn_zts_63_1980,11.0,,,,,,180.0,72.21,0.0,0.0,2.33,1.42,11.0,,,0.0,,1.0,ZTS63
arado-196a-3,10.0,,,,,,0.0,,,,,,0.0,,,,,,Ar_196_A-3
b-17g_iaf,10.0,,,0.0,,0.0,0.0,,,,,,0.0,,,,,,B-17G_(Israel)
germ_pzkpfw_III_ausf_B,8.0,100.0,0.0,,2.88,,31.0,83.33,0.0,0.0,2.31,2.43,0.0,,,,,,Pz.III_B
p_108b_serie2,10.0,,,0.0,,2.3,0.0,,,,,,0.0,,,,,,P.108B_serie_2
sw_sav_m43_1944,10.0,100.0,0.0,,2.0,,0.0,,,,,,0.0,,,,,,Sav_m/43_(1944)
uk_cruiser_ram_1,9.0,,,0.0,,3.0,12.0,,,0.0,,1.86,0.0,,,,,,Ram_I
ro_57_quadriarma,10.0,,,0.0,,2.0,0.0,,,,,,0.0,,,,,,Ro.57_Quadriarma
us_skink_aa,9.0,,,1.0,,0.0,219.0,47.58,0.67,0.95,0.16,0.18,0.0,,,,,,Skink
su-2_mv5,11.0,100.0,2.0,1.0,3.33,1.5,0.0,,,,,,0.0,,,,,,Su-2_MV-5
sw_zsu_57_2,8.0,78.57,0.0,0.0,1.0,1.5,296.0,54.49,0.0,0.0,1.56,0.97,0.0,,,,,,ZSU-57-2
jp_type_10,9.0,,,0.0,,1.67,614.0,60.24,0.0,0.0,2.87,1.89,0.0,,,,,,Type_10
uk_sp_17_pdr_valentine,9.0,,,,,,0.0,,,,,,0.0,,,,,,Archer
f4u-6_au-1,9.0,,,1.0,,0.0,175.0,74.28,0.44,0.41,2.91,2.62,0.0,,,,,,AU-1
cn_al_khalid_1,10.0,0.0,0.0,0.0,2.0,2.0,872.0,49.56,0.0,0.0,2.19,1.63,30.0,90.91,0.0,0.0,1.08,1.04,Al-Khalid-I
germ_wiesel_2_adwc,10.0,,,,,,70.0,50.0,1.64,3.0,0.0,0.0,0.0,,,,,,Ozelot
uk_a_22b_mk_3_churchill_1942,10.0,,,0.0,,1.0,29.0,100.0,0.0,0.0,2.18,1.42,0.0,,,,,,Churchill_III
sw_leopard_2a4_fin,9.0,42.86,0.0,0.0,1.0,1.67,265.0,67.02,0.0,0.0,2.0,1.65,0.0,,,,,,Leopard_2A4
f9f-2,8.0,,,0.0,,0.63,0.0,,,,,,0.0,,,,,,F9F-2
it_zsu_57_2,9.0,,,,,,106.0,61.6,0.0,0.0,2.51,1.75,0.0,,,,,,◔ZSU-57-2
us_t25,6.0,100.0,0.0,0.0,8.0,4.0,96.0,,,0.0,,2.54,7.0,,,,,,T25
cn_mbt2000,10.0,0.0,0.0,0.0,1.0,1.0,144.0,45.95,0.0,0.0,1.62,1.42,0.0,,,,,,MBT-2000
su-7b,10.0,,,0.0,,0.0,89.0,14.39,0.77,0.72,2.0,2.06,0.0,,,,,,Su-7B
jp_type_1_chi_he,8.0,,,,,,86.0,47.37,0.0,0.0,3.21,1.92,0.0,,,,,,Chi-He
f-80,8.0,,,,,,37.0,20.83,0.88,0.88,0.54,0.54,0.0,,,,,,F-80C-10
a_10a_late,8.0,100.0,3.0,3.0,7.0,7.0,193.0,40.02,1.51,1.66,6.68,6.72,10.0,,,,,,A-10A_Late
f-84g_france,8.0,,,,,,141.0,67.15,0.51,0.77,1.29,1.87,0.0,,,,,,F-84G-26-RE
it_semovente_m41_75_32,8.0,,,,,,0.0,,,,,,0.0,,,,,,75/32_M41
q_5a,9.0,,,,,,0.0,,,,,,0.0,,,,,,Q-5A
f-5a_thailand,11.0,100.0,2.44,2.44,15.67,15.67,44.0,75.0,2.7,2.95,1.39,1.49,0.0,,,,,,F-5A
f_2a_adtw,9.0,,,2.0,,0.0,826.0,59.05,1.55,2.04,0.39,0.51,99.0,,,1.44,,0.04,F-2A_ADTW
tu_14t,8.0,,,1.0,,4.0,0.0,,,,,,0.0,,,,,,Tu-14T
il_28sh,8.0,,,0.0,,3.0,17.0,0.0,1.21,1.0,0.0,0.0,0.0,,,,,,IL-28Sh
saab_j29a,8.0,,,,,,4.0,0.0,1.0,1.0,0.0,0.0,0.0,,,,,,J29A
t2_early,9.0,,,,,,92.0,87.15,1.53,2.31,0.11,0.14,0.0,,,,,,T-2_Early
mig-21_pfm,9.0,,,,,,0.0,,,,,,0.0,,,,,,MiG-21PFM
su-11,9.0,50.0,1.0,2.0,0.5,1.0,225.0,55.64,0.52,0.61,0.85,1.01,0.0,,,,,,Su-11
mig-17pf_hungary,8.0,0.0,2.0,2.0,1.0,1.0,21.0,100.0,1.38,1.0,0.0,0.0,0.0,,,,,,◔MiG-17PF
il_merkava_mk_3c,11.0,75.0,0.0,0.0,2.33,2.33,135.0,44.73,0.0,0.0,2.94,2.25,0.0,,,,,,Merkava_Mk.3C
p-43a-1_china,8.0,,,,,,0.0,,,,,,0.0,,,,,,P-43A-1_(China)
germ_leopard_2a4m_can,7.0,,,0.0,,2.0,1130.0,50.91,0.0,0.0,1.89,1.73,0.0,,,,,,Leopard_2A4M
ussr_t_26_1940_1st_GvTBr,9.0,,,,,,0.0,,,,,,30.0,,,0.0,,1.0,T-26_(1st_Gv.T.Br.)
uk_m109a1,8.0,,,0.0,,2.25,13.0,100.0,0.0,0.0,1.0,1.0,0.0,,,,,,M109A1
fr_amx_13_chaffee,7.0,,,,,,125.0,67.29,0.0,0.0,2.04,2.58,0.0,,,,,,AMX-13-M24
l_39za_art_thailand,8.0,100.0,1.0,1.0,1.63,1.63,653.0,66.78,0.27,0.32,4.0,4.49,0.0,,,,,,L-39ZA/ART_Albatros
beaufighter_mkx,8.0,100.0,2.0,2.0,6.5,6.5,9.0,,,,,,0.0,,,,,,Beaufighter_Mk_X
saab_j21a_2,8.0,,,1.0,,0.0,22.0,100.0,3.0,,0.0,,0.0,,,,,,J21A-2
il_28,8.0,,,0.0,,2.0,48.0,38.19,0.0,0.0,0.0,0.0,0.0,,,,,,IL-28
yak-9p_hungary,8.0,,,2.88,,0.0,10.0,,,,,,0.0,,,,,,◔Yak-9P
il-10_1946,8.0,,,,,,84.0,92.16,0.31,0.25,3.21,3.33,0.0,,,,,,IL-10_(1946)
germ_pzsflk40_sturer_emil,9.0,,,0.0,,2.0,18.0,,,0.0,,1.0,0.0,,,,,,Sturer_Emil
welkin_fmk1,8.0,,,,,,0.0,,,,,,0.0,,,,,,Welkin_F.Mk.I
ussr_zsu_23_4m2,9.0,0.0,0.25,0.25,0.0,0.0,113.0,34.78,0.43,0.51,0.15,0.2,0.0,,,,,,ЗСУ-23-4М2
mig-17_f5,7.0,,,1.0,,0.0,38.0,100.0,3.0,2.75,0.19,0.0,0.0,,,,,,Shenyang_F-5
ussr_2s19_m2,8.0,,,0.0,,1.0,60.0,50.0,0.0,0.0,0.65,0.77,0.0,,,,,,2С19М2
uk_skink_aa,8.0,0.0,2.0,,0.0,,118.0,24.44,1.58,1.82,0.19,0.38,0.0,,,,,,Skink
sw_strv_121,7.0,42.86,0.0,0.0,1.14,2.0,563.0,52.39,0.0,0.0,1.62,1.38,0.0,,,,,,Strv_121
sw_stormpjas_fm43_44,8.0,,,,,,0.0,,,,,,0.0,,,,,,Spj_fm/43-44
mirage_2000c_s4,8.0,,,,,,136.0,72.22,4.65,12.37,0.0,0.0,4.0,,,,,,Mirage_2000C-S4
uk_ttd,9.0,50.0,0.0,0.0,0.5,1.0,130.0,66.18,0.0,0.0,5.09,5.19,0.0,,,,,,TTD
us_t86,7.0,,,0.0,,1.0,82.0,66.25,0.0,0.0,2.17,2.26,0.0,,,,,,T86
il_m113_hvms,10.0,0.0,0.0,0.0,1.0,0.5,138.0,33.16,0.0,0.0,0.9,0.87,0.0,,,,,,Bardelas/60mm_HVMS
p-47d_22_re,7.0,,,0.0,,0.0,51.0,100.0,1.82,2.56,1.93,3.56,0.0,,,,,,P-47D-22-RE
us_m1296_dragoon,7.0,,,0.0,,0.0,117.0,60.0,0.0,0.0,1.13,0.86,0.0,,,,,,M1296
sw_strv_103a,6.0,0.0,0.0,0.0,0.5,0.25,154.0,40.42,0.0,0.0,2.45,2.3,0.0,,,,,,Strv_103A
beaufort_mkviii,7.0,,,0.0,,0.0,0.0,,,,,,0.0,,,,,,Beaufort_Mk_VIII
alpha_jet_a,10.0,,,0.5,,4.0,209.0,39.84,0.25,0.23,1.63,1.73,0.0,,,,,,Alpha_Jet_A
mirage_4000,8.0,,,,,,4.0,,,,,,0.0,,,,,,Mirage_4000
hunter_f58a_1971_switzerland,8.0,,,,,,33.0,100.0,2.29,2.31,0.62,0.38,0.0,,,,,,◌Hunter_F.58A_(1971)
us_xm1_chrysler,8.0,50.0,0.0,0.0,2.5,2.5,739.0,73.55,0.0,0.0,4.47,3.17,0.0,,,,,,XM1_(Chrysler)
a6m3_mod22ko_zero,7.0,0.0,3.5,3.5,0.0,0.0,13.0,100.0,0.0,,0.0,,0.0,,,,,,A6M3_mod._22Ko
us_m60_120s,6.0,50.0,0.0,0.0,1.0,1.8,322.0,50.99,0.0,0.0,1.9,1.45,0.0,,,,,,120S
i-16_type24,6.0,,,1.0,,1.0,0.0,,,,,,0.0,,,,,,I-16_type_24
ussr_t_55_am,7.0,,,0.0,,1.43,269.0,52.67,0.0,0.0,2.61,1.68,0.0,,,,,,T-55AM-1
f_15e,7.0,100.0,1.0,1.0,1.0,0.86,1090.0,59.49,0.8,0.89,2.23,2.41,69.0,,,1.91,,2.53,F-15E
us_m247,7.0,,,,,,236.0,61.29,1.47,1.57,0.11,0.13,0.0,,,,,,M247
spitfire_mk1,8.0,,,1.0,,0.0,15.0,,,1.0,,0.0,0.0,,,,,,Spitfire_Mk_Ia
uk_chieftain_marksman,6.0,50.0,0.0,0.0,0.0,0.0,137.0,69.23,1.29,0.82,1.35,0.77,0.0,,,,,,Chieftain_Marksman
cn_m1a2t,5.0,50.0,0.0,0.0,1.0,1.75,100.0,100.0,0.0,0.0,5.71,4.2,0.0,,,,,,M1A2T
hurricane_mk1c,8.0,,,3.0,,0.0,0.0,,,,,,0.0,,,,,,Sea_Hurricane_Mk_IC
bf-109f-1,6.0,50.0,0.5,1.0,0.0,0.0,38.0,0.0,0.0,0.0,1.11,0.88,0.0,,,,,,Bf_109_F-1
it_vcc_80_hitfist_60,8.0,0.0,0.0,0.0,1.0,1.0,205.0,43.66,0.19,0.1,2.26,1.05,0.0,,,,,,VCC-80/60
yak-15_early,5.0,,,,,,87.0,100.0,2.83,1.75,0.28,0.17,0.0,,,,,,Yak-15P
it_centauro_mgs_120,8.0,,,,,,10.0,,,0.0,,3.8,0.0,,,,,,Centauro_I_120
a-26b,8.0,,,1.0,,3.25,20.0,50.0,2.38,0.82,3.88,1.96,0.0,,,,,,A-26B-50
ussr_t_80um2,4.0,50.0,0.0,0.0,2.0,4.0,161.0,49.36,0.0,0.0,2.03,1.53,0.0,,,,,,T-80UM2
f-84g_china,8.0,,,1.0,,1.63,18.0,50.0,0.5,0.5,1.5,1.5,0.0,,,,,,F-84G-21-RE_(China)
germ_boxer_3105,4.0,50.0,0.0,0.0,2.0,4.0,48.0,33.89,0.0,0.0,0.98,0.94,0.0,,,,,,Boxer_MGS
vampire_fb52a_italy,6.0,100.0,2.0,2.0,0.0,0.0,8.0,,,,,,0.0,,,,,,Vampire_FB_52A
us_t32e1,4.0,50.0,0.0,0.0,3.0,3.0,44.0,0.0,0.0,0.0,4.25,2.1,0.0,,,,,,T32E1
su-9,6.0,50.0,1.5,3.0,1.0,2.0,265.0,49.4,0.49,0.59,0.54,0.69,0.0,,,,,,Su-9
j_15t,6.0,50.0,1.5,1.5,0.0,0.0,248.0,57.75,1.31,2.16,0.21,0.33,5.0,,,1.0,,0.0,J-15T
sw_strv_m38,7.0,100.0,0.0,0.0,3.5,3.5,5.0,,,0.0,,1.6,0.0,,,,,,Strv_m/38
fiat_g91_ps,6.0,,,,,,0.0,,,,,,0.0,,,,,,G.91_pre-serie
bf-109e-1,6.0,,,,,,35.0,77.78,1.67,0.9,0.78,0.58,0.0,,,,,,Bf_109_E-1
cn_hj_9,6.0,,,0.0,,1.0,80.0,62.81,0.0,0.0,3.07,2.35,0.0,,,,,,AFT09
ki_61_2_early,6.0,50.0,1.33,2.67,0.0,0.0,37.0,,,,,,0.0,,,,,,Ki-61-II_Otsu_Kai
us_m48a1_patton_III,4.0,50.0,0.0,0.0,1.5,1.5,88.0,44.82,0.0,0.0,1.8,1.62,0.0,,,,,,M48A1
f_106a_1972,6.0,50.0,1.0,2.0,0.0,0.0,130.0,13.46,4.87,2.67,0.0,0.0,14.0,,,,,,F-106A
il_magach_6m,6.0,,,,,,81.0,45.98,0.0,0.0,1.09,1.21,0.0,,,,,,Magach_6M
sw_strv_m42_eh,6.0,100.0,0.0,0.0,0.33,0.33,88.0,50.0,0.0,0.0,2.74,2.13,0.0,,,,,,Strv_m/42_EH
sw_pvkv_III,4.0,,,,,,13.0,,,0.0,,0.38,0.0,,,,,,Pvkv_III
ki_43_2,4.0,,,,,,58.0,94.45,0.0,0.0,0.65,1.0,0.0,,,,,,Ki-43-II
sw_strf_90c,4.0,,,1.0,,2.0,105.0,79.44,0.0,0.0,2.19,2.13,0.0,,,,,,Strf_9040C
cn_zsl_92,5.0,,,,,,97.0,60.32,0.0,0.0,0.86,0.85,0.0,,,,,,ZSL92
it_ab_43,4.0,100.0,0.0,0.0,2.0,2.0,17.0,,,0.0,,1.0,0.0,,,,,,AB_43
fa_18a,5.0,90.0,1.8,2.0,0.0,0.0,201.0,59.54,1.47,1.79,0.36,0.47,43.0,,,1.98,,0.0,F/A-18A
cn_type_62,4.0,,,0.0,,1.0,166.0,55.27,0.0,0.0,0.8,0.66,13.0,,,0.0,,1.0,Type_62
cn_pgz_625_fb10,4.0,16.67,1.67,2.0,0.0,0.0,128.0,46.24,0.98,0.61,0.39,0.2,0.0,,,,,,CS/SA5
f_16a_block_10,5.0,,,,,,239.0,82.9,0.78,0.96,2.75,3.51,0.0,,,,,,F-16A
f-4jk,5.0,,,1.6,,0.0,206.0,66.17,0.81,0.85,0.24,0.23,0.0,,,,,,F-4J(UK)_Phantom_II
it_fiat_6616_cockerill,6.0,,,0.0,,2.0,282.0,49.46,0.0,0.0,1.45,0.84,0.0,,,,,,AUBL/74
ussr_btr_152a,5.0,50.0,1.5,2.0,0.5,1.0,46.0,13.89,0.38,0.5,0.0,0.0,0.0,,,,,,BTR-152A
re_2005_serie0,5.0,,,,,,8.0,,,0.0,,0.0,0.0,,,,,,Re.2005_serie_0
germ_raketenjagdpanzer_2,4.0,,,0.0,,0.0,18.0,50.0,0.0,0.0,1.0,1.0,0.0,,,,,,RakJPz_2
f_14d,5.0,100.0,1.0,1.0,0.0,0.0,1076.0,50.57,1.17,1.3,0.03,0.05,0.0,,,,,,F-14D
b_24d,4.0,,,0.0,,1.0,0.0,,,,,,0.0,,,,,,B-24D-25-CO
sw_sav_m43_1946,5.0,,,,,,6.0,,,0.0,,0.0,0.0,,,,,,Sav_m/43_(1946)
saab_b17a,5.0,0.0,0.0,0.0,2.0,2.0,0.0,,,,,,0.0,,,,,,B17A
sw_pvrbv_551,4.0,0.0,0.0,0.0,1.0,1.0,62.0,30.0,0.0,0.0,1.86,1.2,0.0,,,,,,Pvrbv_551
ki-27_otsu,4.0,,,3.0,,0.0,0.0,,,,,,0.0,,,,,,Ki-27_otsu
jp_type_60_sprg,5.0,,,,,,501.0,54.24,0.0,0.0,2.31,1.66,0.0,,,,,,Type_60_SPRG_(C)
us_m1_abrams_kvt,4.0,,,0.0,,0.0,1175.0,58.25,0.0,0.0,2.69,2.13,0.0,,,,,,M1_KVT
germ_pzkpfw_e_100,4.0,,,,,,0.0,,,,,,0.0,,,,,,E-100
germ_pzkpfw_VI_tiger_P,5.0,,,0.0,,4.0,19.0,,,0.0,,2.0,0.0,,,,,,VK_45.01_(P)
fa_18c_finland,4.0,100.0,6.0,6.0,0.0,0.0,0.0,,,,,,0.0,,,,,,F-18C
p-47d,3.0,100.0,1.0,1.0,3.0,3.0,15.0,,,0.2,,0.0,0.0,,,,,,P-47D-25
bf-109a_1,3.0,,,2.0,,0.0,0.0,,,,,,0.0,,,,,,Flegel's_Bf_109_A
it_leopard_bofors,4.0,,,0.0,,2.0,137.0,100.0,0.0,0.0,2.68,1.32,0.0,,,,,,Leopard_40/70
ussr_gaz_mm_72k,5.0,,,,,,36.0,0.0,0.0,0.27,5.3,2.96,0.0,,,,,,GAZ-MM_(72-K)
us_m18_super_hellcat,5.0,100.0,0.0,0.0,3.2,3.2,314.0,57.82,0.0,0.0,2.63,1.94,0.0,,,,,,Super_Hellcat
ussr_t_26_1940,3.0,,,,,,0.0,,,,,,0.0,,,,,,T-26
uk_challenger_2_dorchester,5.0,,,0.0,,2.2,280.0,49.36,0.0,0.0,1.9,1.58,0.0,,,,,,Challenger_2_(2F)
i-16_type10,5.0,,,1.0,,0.0,0.0,,,,,,0.0,,,,,,I-16_type_10
it_pzh_2000_hu,3.0,,,1.0,,1.0,41.0,100.0,0.0,0.0,6.38,1.98,0.0,,,,,,PzH_2000HU
sb_25j_netherlands,4.0,,,1.0,,1.0,0.0,,,,,,0.0,,,,,,◘SB-25J
germ_mkpz_m47,5.0,,,0.0,,1.0,0.0,,,,,,0.0,,,,,,mKPz_M47_G
us_t30,3.0,,,,,,144.0,60.58,0.0,0.0,2.88,2.93,0.0,,,,,,T30
us_m1_abrams,3.0,,,0.0,,1.0,1054.0,53.83,0.0,0.0,2.37,2.01,0.0,,,,,,M1_Abrams
gladiator_mk2,4.0,,,1.0,,0.0,0.0,,,,,,0.0,,,,,,Gladiator_Mk_II
saab_a21rb,3.0,,,,,,29.0,50.0,1.0,0.64,1.0,0.64,0.0,,,,,,A21RB
uk_challenger_II,5.0,,,,,,382.0,55.15,0.0,0.0,1.95,2.0,55.0,66.67,0.0,0.0,3.81,2.87,uk_challenger_ii_shop
i-153_m62,5.0,,,1.0,,0.0,0.0,,,,,,0.0,,,,,,I-153_M-62
p-51c-10-nt,3.0,,,,,,77.0,61.11,0.35,0.36,0.93,0.94,0.0,,,,,,P-51C-10
germ_th_400,4.0,100.0,0.0,0.0,2.0,2.0,186.0,50.7,0.0,0.0,2.31,1.21,0.0,,,,,,R400
us_mim_72_chaparral,5.0,,,0.0,,0.0,40.0,61.76,0.62,0.55,0.0,0.0,0.0,,,,,,Imp.Chaparral
us_xm_800t,5.0,,,,,,2354.0,57.4,0.02,0.01,1.58,1.38,2.0,50.0,0.0,0.0,1.5,1.5,XM800T
sb2c_5_france,4.0,,,1.0,,0.0,9.0,,,0.0,,6.75,0.0,,,,,,SB2C-5
us_m3_bradley,5.0,,,0.0,,0.0,616.0,57.56,0.1,0.1,1.47,1.3,0.0,,,,,,M3_Bradley
mosquito_j30_sweden,5.0,,,3.0,,0.2,40.0,83.33,0.17,0.05,1.0,0.93,0.0,,,,,,Mosquito_J30
amx,4.0,100.0,1.0,1.0,4.0,4.0,0.0,,,,,,0.0,,,,,,AMX
il_28_china,4.0,,,1.0,,4.0,0.0,,,,,,0.0,,,,,,H-5
mirage_5ba,4.0,100.0,1.0,1.0,4.0,4.0,0.0,,,,,,0.0,,,,,,Mirage_5BA
germ_spz_12_3,2.0,,,0.0,,4.0,133.0,76.14,0.17,0.11,3.59,2.69,0.0,,,,,,SPz_12-3_LGS
uk_a_22f_mk_7_churchill_crocodile,2.0,100.0,0.0,,3.0,,71.0,50.0,0.0,0.0,3.55,3.61,0.0,,,,,,Churchill_Crocodile
f-104g_italy,4.0,100.0,2.0,2.0,4.0,4.0,0.0,,,,,,0.0,,,,,,F-104G
f-104s,4.0,100.0,1.0,1.0,3.0,3.0,0.0,,,,,,0.0,,,,,,F-104S
tornado_ids_it,4.0,100.0,2.0,2.0,2.0,2.0,0.0,,,,,,0.0,,,,,,Tornado_IDS
i-16_type28,4.0,,,2.0,,1.0,0.0,,,,,,0.0,,,,,,I-16_type_28
mig-21_bis_sau_hungary,4.0,100.0,1.0,1.0,2.0,2.0,75.0,40.0,1.0,1.3,0.0,0.0,22.0,,,1.0,,0.0,◔MiG-21bis-SAU
f-86f-30_china,4.0,,,1.25,,1.0,31.0,100.0,1.71,2.67,0.71,1.0,0.0,,,,,,F-86F-30_(China)
lancaster_mk3,4.0,,,,,,15.0,0.0,0.0,0.0,0.0,0.0,0.0,,,,,,Lancaster_B_Mk_III
jaguar_e,4.0,100.0,1.0,1.0,2.0,2.0,48.0,50.0,0.5,1.0,2.0,4.0,0.0,,,,,,Jaguar_E
meteor_fmk8_iaf,4.0,,,2.0,,1.0,12.0,50.0,1.3,1.7,0.8,1.0,0.0,,,,,,Meteor_F.8_(Israel)
db_7,3.0,,,,,,21.0,50.0,0.0,0.0,0.0,0.0,0.0,,,,,,DB-7
f-5t_thailand,4.0,,,,,,42.0,50.0,1.0,2.0,0.5,1.0,0.0,,,,,,F-5T_SCU
g_55s,3.0,100.0,2.0,2.0,0.0,0.0,112.0,60.75,2.35,4.65,0.62,1.2,0.0,,,,,,G.55S
ussr_ba_11,3.0,,,,,,49.0,10.34,0.0,0.0,2.79,2.01,0.0,,,,,,BA-11
seafire_mk3_france,3.0,,,,,,31.0,100.0,1.0,0.29,1.0,0.05,0.0,,,,,,Seafire_LF_Mk.III
meteor_frmk9_iaf,4.0,,,1.0,,1.0,18.0,100.0,1.0,1.0,1.0,1.0,0.0,,,,,,Meteor_FR.9_(Israel)
mig-21_mf_hungary,4.0,100.0,1.0,1.0,1.0,1.0,50.0,64.71,1.29,2.0,0.0,0.0,0.0,,,,,,◔MiG-21MF
germ_pzkpfw_V_ersatz_m10,2.0,100.0,0.0,,1.0,,24.0,,,0.0,,4.18,0.0,,,,,,Ersatz_M10
i-16_type5,4.0,,,3.0,,0.0,90.0,100.0,7.2,11.97,1.53,2.57,0.0,,,,,,I-16_type_5
f8f1b_france,4.0,,,2.0,,0.0,168.0,82.69,1.46,1.77,2.29,2.85,0.0,,,,,,F8F-1B
it_m55,4.0,,,,,,7.0,,,0.0,,1.0,0.0,,,,,,M55
f-8e_fn,4.0,100.0,1.25,1.25,1.0,1.0,36.0,50.0,1.0,1.0,0.3,0.3,0.0,,,,,,F-8E(FN)
fa_18a_raaf,3.0,,,,,,71.0,50.0,1.33,2.55,1.0,1.95,0.0,,,,,,F/A-18A
germ_leopard_2a4_pzbtl_123,2.0,,,,,,739.0,48.44,0.0,0.0,2.62,1.93,0.0,,,,,,Leopard_2_(PzBtl_123)
mig-9_china,4.0,,,2.0,,1.0,38.0,,,1.0,,0.0,0.0,,,,,,MiG-9_(China)
fw-190d-12,4.0,100.0,1.0,1.0,0.0,0.0,48.0,,,0.61,,1.0,0.0,,,,,,Fw_190_D-12
mirage_5f,5.0,100.0,1.25,1.25,3.0,3.0,45.0,58.34,1.22,1.22,0.97,0.97,0.0,,,,,,Mirage_5F
md_450b_barougan,4.0,,,1.0,,0.0,9.0,50.0,1.5,1.8,1.5,1.8,0.0,,,,,,M.D.450B_Barougan
mig-15bis_nr23_german,4.0,,,1.0,,0.0,65.0,71.33,1.95,1.95,1.03,1.02,0.0,,,,,,◊MiG-15bis
me_210a_1,4.0,,,1.0,,3.75,20.0,,,0.0,,0.0,0.0,,,,,,Me_210_A-1
g8n1,4.0,,,0.0,,1.0,130.0,50.0,1.1,1.36,0.04,0.08,0.0,,,,,,G8N1
j_10c,3.0,0.0,1.0,1.0,1.0,1.0,45.0,98.25,3.23,2.8,0.4,0.34,0.0,,,,,,J-10C
p-40e,3.0,,,1.33,,0.67,37.0,100.0,0.0,0.0,0.04,0.02,0.0,,,,,,P-40E-1
germ_vilkas,2.0,50.0,0.0,0.0,0.5,1.0,97.0,49.31,0.0,0.0,1.19,1.13,0.0,,,,,,Vilkas
tu-2,4.0,,,1.0,,1.0,47.0,58.33,0.4,0.23,1.67,1.08,0.0,,,,,,Tu-2S
il_magach_7c,2.0,,,0.0,,1.0,17.0,,,0.0,,0.0,0.0,,,,,,Magach_7C
spitfire_mk18e,4.0,,,,,,0.0,,,,,,0.0,,,,,,Spitfire_F_Mk_XVIIIe
tu_4_china,4.0,100.0,0.0,0.0,1.0,1.0,0.0,,,,,,0.0,,,,,,Tu-4_(China)
ussr_t_50,4.0,,,,,,121.0,73.89,0.0,0.0,4.11,2.19,0.0,,,,,,T-50
mig-9_late_china,4.0,,,2.0,,0.0,0.0,,,,,,0.0,,,,,,MiG-9_(l)_(China)
xf5u_1,4.0,,,1.0,,0.0,14.0,,,,,,0.0,,,,,,XF5U-1
mig_3_series_1_15_bk_pod,3.0,100.0,3.0,3.0,2.0,2.0,0.0,,,,,,0.0,,,,,,MiG-3-15_(BK)
us_t54e2,3.0,,,,,,0.0,,,,,,0.0,,,,,,T54E2
f4u-7,4.0,,,,,,130.0,59.57,1.13,1.11,2.68,3.14,0.0,,,,,,F4U-7
fa_18c_early,4.0,,,1.0,,0.0,1400.0,53.08,0.94,1.05,0.46,0.53,28.0,,,1.65,,0.69,F/A-18C_Early
la-9_china,4.0,,,,,,39.0,58.33,0.94,1.66,0.45,0.68,2.0,,,,,,La-9_(China)
sw_cv_90105_tml,2.0,,,0.0,,4.0,1265.0,62.22,0.0,0.0,2.47,1.84,0.0,,,,,,CV_90105
blenheim_mkiv,2.0,,,,,,0.0,,,,,,0.0,,,,,,Blenheim_Mk_IV
ki_84_ko,4.0,,,1.0,,0.0,23.0,70.83,1.08,1.54,0.62,1.04,0.0,,,,,,Ki-84_ko
cf_188a_canada,3.0,,,,,,225.0,50.45,1.46,1.48,0.21,0.2,33.0,,,0.71,,0.43,CF-188A
yak-15,4.0,,,,,,52.0,66.13,1.4,2.42,0.53,0.87,0.0,,,,,,Yak-15
fw_190f_8_hungary,4.0,,,0.0,,2.75,12.0,,,1.0,,2.0,0.0,,,,,,◔Fw_190_F-8
a5m4,2.0,,,,,,0.0,,,,,,0.0,,,,,,A5M4
me-410b-1_u2,2.0,,,,,,0.0,,,,,,0.0,,,,,,Me_410_B-1/U2
bf-109f-2,4.0,,,,,,18.0,50.0,0.5,0.5,0.5,0.5,0.0,,,,,,Bf_109_F-2
spitfire_ix_usa,3.0,,,,,,296.0,60.48,1.26,1.29,1.71,1.69,17.0,,,,,,Spitfire_LF_Mk_IXc
yak-28b,4.0,,,0.0,,1.0,48.0,50.0,0.44,0.63,0.5,0.7,0.0,,,,,,Yak-28B
tu_95m,3.0,,,,,,6.0,,,,,,0.0,,,,,,Ту-95М
il_magach_6c,2.0,0.0,0.0,0.0,1.0,1.0,88.0,33.33,0.0,0.0,2.74,2.57,0.0,,,,,,Magach_6C
me-410b-2_u4,2.0,0.0,1.0,1.0,0.0,0.0,0.0,,,,,,0.0,,,,,,Me_410_B-2/U4
ussr_bmd_4,4.0,,,,,,403.0,51.13,0.0,0.0,1.62,1.28,11.0,,,,,,BMD-4
mig-19s,2.0,,,0.0,,0.0,17.0,,,,,,0.0,,,,,,◊MiG-19S
j_11b,3.0,,,,,,24.0,50.0,1.23,2.18,0.0,0.0,0.0,,,,,,J-11B
b-17g,4.0,,,,,,0.0,,,,,,0.0,,,,,,B-17G-60-VE
mirage_3c,5.0,,,0.88,,0.0,180.0,76.42,2.09,2.65,0.1,0.17,0.0,,,,,,Mirage_IIIC
cn_m_41d,3.0,100.0,0.0,0.0,1.0,1.0,207.0,64.84,0.0,0.0,1.7,1.31,0.0,,,,,,M41D
pbm_3,4.0,,,,,,0.0,,,,,,0.0,,,,,,"PBM-3_""Mariner"""
mig_27k,2.0,,,,,,56.0,50.0,0.0,0.0,0.83,1.0,26.0,62.5,0.0,0.0,1.29,1.67,MiG-27K
us_m7,4.0,,,0.0,,0.0,0.0,,,,,,0.0,,,,,,M7
saab_jas39d,2.0,,,2.0,,0.0,167.0,50.0,0.52,0.77,0.18,0.24,20.0,,,1.22,,1.89,JAS39D
kfir_c10_colombia,3.0,100.0,6.0,6.0,1.0,1.0,42.0,74.0,1.53,2.26,0.3,0.42,89.0,100.0,12.29,2.68,0.0,0.0,◡Kfir_C.10
f-4f_kws_lv,2.0,,,4.0,,0.0,219.0,36.31,1.21,1.25,0.13,0.15,17.0,,,0.0,,0.0,◄F-4F_KWS_LV
cn_type_97_chi_ha,1.0,100.0,0.0,0.0,4.0,4.0,0.0,,,,,,0.0,,,,,,Chi-Ha_(China)
uk_crusader_mk_2,1.0,,,0.0,,4.0,11.0,,,0.0,,1.0,0.0,,,,,,Crusader_II
us_m4a2_1944_germ,3.0,,,0.0,,2.0,5.0,,,0.0,,1.6,0.0,,,,,,M4_748_(a)
ussr_smk,1.0,100.0,0.0,0.0,4.0,4.0,28.0,,,0.0,,2.5,0.0,,,,,,SMK
saab_ja37di_f21,2.0,,,3.0,,1.0,334.0,51.44,1.05,1.24,0.21,0.2,57.0,,,1.05,,0.0,JA37DI_F21
sw_vickers_mk_e_37,2.0,,,,,,0.0,,,,,,0.0,,,,,,Vickers_Mk.E
ussr_su_122,1.0,,,0.0,,2.0,62.0,50.0,0.0,0.0,1.26,1.26,0.0,,,,,,SU-122
lagg-3-11,1.0,,,,,,0.0,,,,,,0.0,,,,,,LaGG-3-11
uk_daimler_mk_2,1.0,,,,,,30.0,,,0.0,,0.4,0.0,,,,,,Daimler_Mk_II
saab_jas39e,2.0,,,,,,241.0,53.23,1.39,2.07,1.2,1.8,92.0,0.0,7.07,1.04,0.0,0.06,JAS39E
cn_is_2_1944,2.0,,,0.0,,3.5,43.0,100.0,0.0,0.0,2.64,1.82,0.0,,,,,,IS-2_(1944)_(China)
a7m1,1.0,,,,,,181.0,84.09,2.47,2.17,1.62,1.52,0.0,,,,,,A7M1_(NK9H)
yak-9t_france,3.0,,,2.0,,0.0,23.0,,,,,,0.0,,,,,,Challe's_Yak-9T
fr_amx_32_105,4.0,50.0,0.0,0.0,1.5,1.5,132.0,51.61,0.0,0.0,1.68,1.53,0.0,,,,,,AMX-32_(105)
sm_79_iar_italy,3.0,,,,,,0.0,,,,,,0.0,,,,,,S.M.79_B
iar_81c,3.0,,,,,,2.0,,,0.0,,1.0,0.0,,,,,,IAR-81C
ussr_t_72b3_2011,1.0,,,0.0,,1.0,815.0,50.81,0.0,0.0,2.03,1.85,0.0,,,,,,T-72B3
p-51a_tl,2.0,50.0,0.5,0.5,0.5,0.5,23.0,8.33,1.68,0.35,2.68,1.0,0.0,,,,,,P-51A
ussr_2s25m,1.0,,,0.0,,1.0,954.0,53.02,0.0,0.0,1.15,0.94,1.0,,,,,,2S25M
ki_100_early,3.0,50.0,1.33,2.67,0.0,0.0,42.0,100.0,1.0,0.66,2.85,1.74,0.0,,,,,,Ki-100
a6m2_zero_china,3.0,,,1.0,,0.0,16.0,,,,,,0.0,,,,,,A6M2_(China)
sw_itpsv_90,2.0,,,0.0,,2.0,832.0,45.96,0.23,0.15,2.01,1.46,0.0,,,,,,ItPsV_Leopard
sw_leopard_1a5no,3.0,,,0.0,,2.0,234.0,40.91,0.0,0.0,3.31,1.87,0.0,,,,,,Leopard_1A5NO2
saab_ja37di,2.0,,,,,,6.0,50.0,1.0,1.0,0.5,0.25,0.0,,,,,,JA37DI
ki_61_1a_tei,3.0,0.0,1.67,1.67,0.0,0.0,12.0,100.0,1.06,1.33,1.89,2.22,0.0,,,,,,Ki-61-I_tei
ef_2000_fgr4,2.0,,,,,,55.0,83.33,1.17,1.15,0.0,0.0,0.0,,,,,,Typhoon_FGR.4
ussr_object_416,2.0,,,,,,3.0,,,,,,0.0,,,,,,Объект_416
il-2m_mstitel,7.0,81.25,1.65,1.85,5.8,6.25,49.0,93.18,1.0,0.92,3.57,3.4,0.0,,,,,,"IL-2M_""Avenger"""
lagg-3-66,1.0,100.0,6.0,,6.0,,0.0,,,,,,0.0,,,,,,LaGG-3-66
l_39za,0.0,,,,,,27.0,100.0,0.0,0.0,1.47,1.0,0.0,,,,,,L-39ZA_Albatros
it_otomatic,2.0,100.0,2.0,,0.0,,112.0,41.27,0.88,1.15,2.94,3.53,0.0,,,,,,OTOMATIC
sw_k9_vidar,2.0,,,0.0,,2.0,109.0,77.68,0.0,0.0,3.06,1.67,0.0,,,,,,VIDAR
p-38e,2.0,100.0,1.0,1.0,0.0,0.0,0.0,,,,,,0.0,,,,,,P-38E
jp_stingray,1.0,,,0.0,,2.0,240.0,54.31,0.0,0.0,1.46,2.0,0.0,,,,,,Stingray
uk_sarc_mk4_a,0.0,,,,,,0.0,,,,,,0.0,,,,,,SARC_MkIVa
us_m1128_wolfpack,2.0,,,0.0,,3.0,507.0,55.63,0.0,0.0,1.55,1.03,0.0,,,,,,M1128_Wolfpack
uk_t_90s_bheeshma,1.0,,,0.0,,1.0,124.0,66.67,0.0,0.0,4.71,2.45,0.0,,,,,,Bhishma_TWMP
jp_type_16_mcv_prot,1.0,,,,,,407.0,49.08,0.0,0.0,1.11,1.31,17.0,,,0.0,,0.0,Type_16_(P)
cn_type_69_2g,0.0,,,,,,182.0,53.61,0.0,0.0,1.84,1.81,0.0,,,,,,T-69_II_G
p-40f_10,2.0,,,,,,10.0,50.0,0.5,0.5,1.5,1.5,0.0,,,,,,P-40F-10
p-51_a-36,2.0,100.0,3.0,3.0,1.0,1.0,28.0,0.0,1.75,1.33,0.33,0.33,0.0,,,,,,A-36
f4u-1a,2.0,,,,,,17.0,,,,,,0.0,,,,,,F4U-1A
he51c1,2.0,,,,,,0.0,,,,,,0.0,,,,,,He_51_C-1
germ_pzkpfw_38t_Marder_III_ausf_H,2.0,50.0,0.0,0.0,3.5,7.0,30.0,23.53,0.0,0.0,1.03,1.28,0.0,,,,,,Marder_III_H
ki_10_2,2.0,,,,,,0.0,,,,,,0.0,,,,,,Ki-10-II
yak-17,0.0,,,,,,0.0,,,,,,0.0,,,,,,Yak-17
sw_t_80u,2.0,,,0.0,,1.0,262.0,52.91,0.0,0.0,3.16,1.57,0.0,,,,,,T_80_U
ki_10_1_commander,2.0,,,,,,0.0,,,,,,0.0,,,,,,Ki-10-I_C
sw_strv_74,0.0,,,,,,310.0,42.96,0.0,0.0,2.05,1.65,0.0,,,,,,Strv_74
b_25j_1,1.0,,,0.0,,1.0,0.0,,,,,,0.0,,,,,,B-25J-1
p-36g,2.0,,,,,,0.0,,,,,,0.0,,,,,,P-36G
re_2000_heja_2,0.0,,,,,,9.0,100.0,3.0,3.0,0.0,0.0,0.0,,,,,,◔Héja_II
b_34,0.0,,,,,,18.0,100.0,0.0,0.0,3.0,3.0,0.0,,,,,,B-34
mc200_serie7_italy,0.0,,,,,,0.0,,,,,,0.0,,,,,,C._200_serie_7
b5n2,0.0,,,,,,19.0,50.0,0.0,0.0,0.5,1.0,6.0,100.0,0.0,0.0,3.0,3.0,B5N2
us_m8a1,0.0,,,,,,11.0,,,0.0,,1.57,0.0,,,,,,M8A1_GMC
douglas_ad_4,0.0,,,,,,42.0,100.0,0.0,,2.0,,0.0,,,,,,AD-4
il_magach_6a,0.0,,,,,,22.0,0.0,0.0,0.0,1.0,0.68,0.0,,,,,,Magach_6A
mig_21_bis_finland,0.0,,,,,,97.0,56.99,0.92,1.96,0.23,0.57,0.0,,,,,,MiG-21bis
saab_b18b,2.0,50.0,1.0,2.0,4.5,9.0,33.0,100.0,0.0,1.0,0.0,0.0,0.0,,,,,,B18B
fw_190a_5_u14,0.0,,,,,,0.0,,,,,,0.0,,,,,,Fw_190_A-5/U14
b6n1,0.0,,,,,,0.0,,,,,,0.0,,,,,,B6N1_Model_11
f-5e_fcu_thailand,1.0,0.0,5.0,5.0,2.0,2.0,325.0,56.71,1.36,1.67,0.42,0.59,0.0,,,,,,F-5E_FCU
er-2_ach30b_late,0.0,,,,,,0.0,,,,,,0.0,,,,,,Yer-2_(ACh-30B)_(l)
so_4050_vautour_2b,0.0,,,,,,0.0,,,,,,0.0,,,,,,S.O.4050_Vautour_IIB
it_40m_turan_1,0.0,,,,,,19.0,34.62,0.0,0.0,1.58,2.37,0.0,,,,,,Turan_I
so_4050_vautour_2a,0.0,,,,,,0.0,,,,,,0.0,,,,,,S.O.4050_Vautour_IIA
it_m13_40_serie_3,0.0,,,,,,6.0,,,,,,0.0,,,,,,M13/40_(III)
it_semovente_m43_75_46,2.0,,,0.0,,1.0,4.0,,,0.0,,1.0,0.0,,,,,,75/46_M43
germ_sturmpanzer_II,0.0,,,,,,12.0,100.0,0.0,0.0,0.0,0.75,0.0,,,,,,Sturmpanzer_II
ussr_t_28,0.0,,,,,,98.0,72.41,0.0,0.0,6.45,3.95,0.0,,,,,,T-28
bf-109e-4,0.0,,,,,,2.0,,,,,,0.0,,,,,,Bf_109_E-4
su_25_558arz,1.0,100.0,3.0,3.0,1.0,1.0,168.0,28.11,0.17,0.17,1.67,1.6,9.0,,,0.0,,0.0,Su-25BM
ki_21_1hei,0.0,,,,,,0.0,,,,,,0.0,,,,,,Ki-21-I_hei
it_oto_r3_106sr,0.0,,,,,,155.0,80.22,0.0,0.0,2.41,1.32,0.0,,,,,,R3_T106_FA
it_p_40,0.0,,,,,,8.0,100.0,0.0,0.0,5.0,2.5,0.0,,,,,,P40
p-40f-5_france_ep,0.0,,,,,,0.0,,,,,,0.0,,,,,,P-40F-5_Lafayette
yak-1b_luftwaffe,2.0,50.0,3.0,6.0,0.0,0.0,234.0,94.95,5.02,34.74,0.26,1.91,0.0,,,,,,Yak-1B
hawk_200,0.0,,,,,,0.0,,,,,,0.0,,,,,,Hawk_200
md_450b_ouragan_iaf,0.0,,,,,,52.0,0.0,0.33,0.44,1.38,0.89,0.0,,,,,,M.D.450B_Ouragan_(Israel)
cn_plz_05,0.0,,,,,,160.0,75.33,0.0,0.0,2.71,1.39,0.0,,,,,,PLZ05
am_1_mauler,0.0,,,,,,81.0,77.19,0.48,0.97,2.41,2.27,0.0,,,,,,AM-1
etndard_4m,0.0,,,,,,0.0,,,,,,0.0,,,,,,Etendard_IVM
tu-2_postwar_china,0.0,,,,,,22.0,100.0,0.0,0.0,3.45,3.45,0.0,,,,,,Tu-2S-44_(China)
germ_pzkpfw_IV_ausf_F,2.0,100.0,0.0,0.0,5.0,5.0,30.0,0.0,0.0,0.0,6.67,2.68,0.0,,,,,,Pz.IV_F1
meteor_nfmk13,0.0,,,,,,21.0,100.0,1.0,1.0,4.0,4.0,0.0,,,,,,Meteor_NF.13_(Israel)
meteor_fmk3_navy,0.0,,,,,,98.0,81.51,1.93,3.38,1.46,2.54,0.0,,,,,,Sea_Meteor_F_Mk_3
fr_amx_50_foch,0.0,,,,,,76.0,55.17,0.0,0.0,1.52,1.43,0.0,,,,,,AMX-50_Foch
sw_lvkv_90c,0.0,,,,,,187.0,52.78,1.21,0.87,1.58,1.15,0.0,,,,,,Lvkv_9040C
mc-205_n2,0.0,,,,,,94.0,58.93,2.11,3.92,0.0,0.0,0.0,,,,,,C._205N2
la-5fn_luftwaffe,0.0,,,,,,0.0,,,,,,0.0,,,,,,La-5FN
do_217j_2,0.0,,,,,,0.0,,,,,,0.0,,,,,,Do_217_J-2
saab_ajs37,0.0,,,,,,36.0,50.0,0.5,1.0,1.7,3.4,28.0,,,,,,AJS37
spitfiremkiia,0.0,,,,,,0.0,,,,,,0.0,,,,,,Spitfire_Mk_IIa
firebrand_tf4,0.0,,,,,,77.0,65.95,0.0,0.0,1.07,0.99,0.0,,,,,,Firebrand_TF_Mk_IV
ta_154a_1,0.0,,,,,,0.0,,,,,,0.0,,,,,,Ta_154_A-1
corsair_fmk2,0.0,,,,,,1.0,100.0,1.0,,0.0,,0.0,,,,,,Corsair_F_Mk_II
pb4y-2_france,0.0,,,,,,0.0,,,,,,0.0,,,,,,PB4Y-2
it_freccia,0.0,,,,,,57.0,100.0,0.0,0.0,2.8,0.94,0.0,,,,,,Freccia
b_26b_c,0.0,,,,,,0.0,,,,,,0.0,,,,,,B-26B
ki_44_1_ep,0.0,,,,,,19.0,100.0,1.0,1.0,0.0,0.0,0.0,,,,,,Ki-44-I_34
sw_tgdgb_m40_lv,0.0,,,,,,72.0,13.04,0.0,0.0,2.3,1.21,0.0,,,,,,Lvtdgb_m/40
ussr_gaz_4m,0.0,,,,,,9.0,,,,,,0.0,,,,,,GAZ-AAA_(4M)
sea_fury_fb51,0.0,,,,,,20.0,100.0,1.0,,1.0,,0.0,,,,,,◘Sea_Fury_FB.51
it_semovente_breda_501,1.0,,,0.0,,3.0,87.0,100.0,0.0,0.0,3.54,2.62,0.0,,,,,,Breda_501
us_m22_locust,0.0,,,,,,172.0,55.08,0.0,0.0,1.33,1.14,0.0,,,,,,M22
fr_1_fireball,0.0,,,,,,185.0,43.39,0.31,0.24,1.35,1.04,39.0,100.0,0.0,0.0,3.0,1.83,FR-1_Fireball
i-153_m62_zhukovskiy,0.0,,,,,,0.0,,,,,,0.0,,,,,,Zhukovsky's_I-153-M62
ms_405c1,0.0,,,,,,0.0,,,,,,0.0,,,,,,M.S.405C1
he_100d_1,0.0,,,,,,1.0,,,,,,0.0,,,,,,He_100_D-1
uk_a30_sp_avenger_kit_3rank,0.0,,,,,,85.0,66.67,0.0,0.0,3.3,1.26,0.0,,,,,,Avenger_(Overlord)
germ_sdkfz_221_s_pz_b_41,0.0,,,,,,21.0,100.0,0.0,0.0,1.95,1.95,0.0,,,,,,Sd.Kfz.221_(s.Pz.B.41)
saab_ja37,0.0,,,,,,329.0,70.77,1.89,2.67,0.26,0.37,10.0,,,1.4,,0.0,JA37C
super_etendard_97,0.0,,,,,,20.0,,,,,,0.0,,,,,,Super_Etendard
g_55_serie1,0.0,,,,,,0.0,,,,,,0.0,,,,,,G.55_serie_1
g_55_serie1_ss0,0.0,,,,,,17.0,,,1.0,,0.0,0.0,,,,,,G.55_sottoserie_0
saab_b17b,0.0,,,,,,9.0,0.0,0.0,0.0,0.0,0.0,0.0,,,,,,B17B
ussr_zsu_23_4m4,0.0,,,,,,364.0,41.0,1.57,1.21,0.0,0.0,0.0,,,,,,ZSU-23-4M4
it_m44,0.0,,,,,,173.0,71.35,0.0,0.0,2.59,1.8,0.0,,,,,,M44
seafire_fr47,1.0,,,1.0,,1.0,0.0,,,,,,0.0,,,,,,Seafire_FR_47
germ_pzkpfw_38t_Marder_III,1.0,,,0.0,,2.0,0.0,,,,,,0.0,,,,,,Marder_III
jp_type_95_ha_go,0.0,,,,,,0.0,,,,,,0.0,,,,,,Ha-Go
lagg-i-301,0.0,,,,,,0.0,,,,,,0.0,,,,,,I-301
saab_j21ra,0.0,,,,,,10.0,58.34,1.0,1.0,0.15,0.15,0.0,,,,,,J21RA
us_t32,0.0,,,,,,243.0,53.43,0.0,0.0,2.99,2.38,0.0,,,,,,T32
ussr_bt_7a_f32,0.0,,,,,,81.0,85.92,0.0,0.0,2.64,2.49,0.0,,,,,,BT-7A_(F-32)
saab_a21a_3,0.0,,,,,,29.0,34.78,1.43,1.3,1.91,1.83,0.0,,,,,,A21A-3
jp_type_61_mod,0.0,,,,,,110.0,68.21,0.0,0.0,3.44,2.46,0.0,,,,,,Type_61_(B)
p1y1_mod11_china,0.0,,,,,,0.0,,,,,,0.0,,,,,,P1Y1_mod._11_(China)
cn_type_69,0.0,,,,,,59.0,50.67,0.0,0.0,1.83,2.06,0.0,,,,,,Type_69
uk_ratel_90,0.0,,,,,,122.0,58.89,0.0,0.0,2.7,1.4,0.0,,,,,,Ratel_90
p-47d_luftwaffe,0.0,,,,,,10.0,,,2.0,,1.0,0.0,,,,,,P-47D
mig-17,0.0,,,,,,46.0,100.0,2.5,2.04,0.08,0.06,0.0,,,,,,MiG-17
germ_pzkpfw_II_ausf_C,0.0,,,,,,33.0,100.0,0.0,,2.5,,0.0,,,,,,Pz.II_C
sw_strv_m41_s2,0.0,,,,,,51.0,,,0.0,,0.85,0.0,,,,,,Strv_m/41_S-II
av_8s_late_thailand,0.0,,,,,,0.0,,,,,,0.0,,,,,,AV-8S_Late
f2a-1_thach,0.0,,,,,,0.0,,,,,,0.0,,,,,,Thach's_F2A-1
uk_3_inch_gun_carrier,0.0,,,,,,0.0,,,,,,0.0,,,,,,Gun_Carrier_(3-in)
us_m4a3_105_sherman,1.0,,,,,,82.0,0.0,0.0,0.0,7.08,2.98,0.0,,,,,,M4A3_(105)
it_leopard_2a4,0.0,,,,,,94.0,60.83,0.0,0.0,4.62,2.07,0.0,,,,,,◔Leopard_2A4
d_520_france,0.0,,,,,,6.0,,,,,,0.0,,,,,,D.520
germ_infanterie_kampfpanzer_churchill,0.0,,,,,,1.0,,,0.0,,1.0,0.0,,,,,,Pz.Kpfw._Churchill
i-16_type18,0.0,,,,,,0.0,,,,,,0.0,,,,,,I-16_type_18
f4u-1a_usmc,0.0,,,,,,0.0,,,,,,0.0,,,,,,F4U-1A_(USMC)
ussr_t_60_1941,0.0,,,,,,9.0,,,,,,0.0,,,,,,T-60
p-40e_china,0.0,,,,,,39.0,33.33,1.0,0.97,1.57,1.38,0.0,,,,,,P-40E-1_(China)
uk_ac4_thunderbolt,0.0,,,,,,2.0,,,0.0,,3.0,4.0,,,,,,A.C.IV
f6f-5_france,0.0,,,,,,101.0,53.87,0.06,0.06,1.21,1.06,0.0,,,,,,F6F-5
fr_amx_13_dca_40,0.0,,,,,,169.0,60.07,0.17,0.16,1.0,1.06,0.0,,,,,,AMX-13_DCA_40
it_fiat_6614_106sr,0.0,,,,,,301.0,79.62,0.0,0.0,2.75,1.87,13.0,100.0,0.0,0.0,1.92,1.92,FIAT_6614
f-104a,0.0,,,,,,92.0,26.14,1.01,0.86,0.33,0.26,0.0,,,,,,F-104A
brigand_b1,0.0,,,,,,0.0,,,,,,0.0,,,,,,Brigand_B_1
he51b1,0.0,,,,,,0.0,,,,,,0.0,,,,,,He_51_B-1
f-4m_fgr2,0.0,,,,,,22.0,90.48,1.0,1.0,0.91,0.91,0.0,,,,,,Phantom_FGR.2
il-10_1946_hungary,0.0,,,,,,53.0,84.65,0.14,0.19,3.72,3.96,0.0,,,,,,◔IL-10
f-86k_late,0.0,,,,,,24.0,100.0,1.0,1.0,0.0,0.73,0.0,,,,,,F-86K
uk_sherman_vc_firefly_kit_3rank,0.0,,,,,,25.0,100.0,0.0,0.0,2.0,0.64,0.0,,,,,,Firefly_(Overlord)
fw-190a-8,0.0,,,,,,20.0,,,,,,0.0,,,,,,Fw_190_A-8
ju-87b-2,0.0,,,,,,40.0,46.87,0.0,0.0,0.0,0.0,0.0,,,,,,Ju_87_B-2
p-63a-5,0.0,,,,,,87.0,80.65,2.39,1.66,2.24,2.26,0.0,,,,,,P-63A-5
ki_43_3_ko,2.0,50.0,1.0,2.0,0.0,0.0,0.0,,,,,,0.0,,,,,,Ki-43-III_ko_(China)
il_m163_vulcan,0.0,,,,,,11.0,,,0.0,,0.0,0.0,,,,,,Hovet
il_merkava_mk_1b,0.0,,,,,,27.0,0.0,0.0,0.0,2.69,1.86,0.0,,,,,,Merkava_Mk.1B
i-15_1935,0.0,,,,,,0.0,,,,,,0.0,,,,,,I-15_M-22
us_m4_t26,0.0,,,,,,223.0,56.83,0.0,0.0,2.91,1.48,2.0,,,,,,M4/T26
re_2005_vdm,0.0,,,,,,120.0,84.76,2.62,2.32,2.07,1.86,0.0,,,,,,Re.2005_(VDM)
spitfire_lf_mk9e_iaf,0.0,,,,,,23.0,,,,,,0.0,,,,,,Spitfire_Mk.IX_(CW)_(Israel)
j6b,0.0,,,,,,0.0,,,,,,0.0,,,,,,J6B
fr_m4a1_sherman,0.0,,,,,,5.0,,,,,,0.0,,,,,,M4A1
germ_flakpz_1a2_Gepard,1.0,,,0.0,,1.0,264.0,39.69,0.74,0.46,0.53,0.36,0.0,,,,,,Gepard_1A2
bf-109g-10,0.0,,,,,,20.0,0.0,1.0,,1.0,,0.0,,,,,,Bf_109_G-10
gladiator_j8a,0.0,,,,,,0.0,,,,,,0.0,,,,,,J8A
wyvern_s4,0.0,,,,,,182.0,55.84,0.84,1.13,5.06,7.01,61.0,100.0,10.0,3.58,5.83,2.08,Wyvern_S4
meteor_fmk4_lw,0.0,,,,,,92.0,88.89,1.85,1.29,0.43,0.29,0.0,,,,,,Meteor_F_Mk_4_G.41F
sbd-3,0.0,,,,,,0.0,,,,,,0.0,,,,,,SBD-3
fokker_d21_mod20,0.0,,,,,,0.0,,,,,,0.0,,,,,,Fokker_D.XXI
uk_marmon_herrington_mk_6_6pdr,0.0,,,,,,82.0,31.03,0.0,0.0,1.38,0.68,0.0,,,,,,SARC_MkVI_(6pdr)
us_m4a3e8_76w_sherman_kit_3rank,0.0,,,,,,136.0,79.81,0.01,0.01,7.03,3.05,0.0,,,,,,Sherman_(Hell)
it_leopard_1a2,0.0,,,,,,109.0,79.11,0.0,0.0,0.58,0.53,0.0,,,,,,Leopard_1A2
il-2i,1.0,100.0,2.0,2.0,2.0,2.0,6.0,,,0.0,,2.17,2.0,,,,,,IL-2_(1942)
p-38j_marge,0.0,,,,,,4.0,100.0,5.0,,4.0,,39.0,100.0,1.36,1.31,3.32,2.96,Bong's_P-38J-15
it_44m_zrinyi_1,1.0,,,,,,91.0,33.33,0.0,0.0,2.97,2.13,0.0,,,,,,Zrinyi_I
cn_vt_4,0.0,,,,,,102.0,75.56,0.0,0.0,3.03,1.34,0.0,,,,,,VT4
i-15_1934,0.0,,,,,,0.0,,,,,,0.0,,,,,,I-15_WR
mc-205_serie3,0.0,,,,,,37.0,100.0,2.55,2.0,1.03,0.25,0.0,,,,,,C._205_serie_3
il_magach_2,0.0,,,,,,16.0,50.0,0.0,0.0,1.0,1.5,0.0,,,,,,Magach_2
cn_m42_duster,0.0,,,,,,37.0,,,0.0,,0.0,0.0,,,,,,M42_(China)
germ_sdkfz_234_2_mod,0.0,,,,,,100.0,50.0,0.0,0.0,1.82,0.76,0.0,,,,,,"Sd.Kfz.234/2_""Biene"""
f-4k,0.0,,,,,,16.0,50.0,1.5,3.0,0.0,0.0,0.0,,,,,,Phantom_FG.1
uk_fv221_caernarvon,0.0,,,,,,136.0,70.59,0.0,0.0,1.78,0.51,26.0,0.0,0.0,0.0,3.31,3.31,Caernarvon
fr_amx_30_dca,0.0,,,,,,275.0,28.31,0.25,0.3,0.31,0.34,0.0,,,,,,AMX-30_DCA
bf-109g-14as,0.0,,,,,,11.0,0.0,0.0,0.0,1.0,1.0,0.0,,,,,,Bf_109_G-14/AS
fr_amx_32,0.0,,,,,,96.0,25.0,0.0,0.0,5.21,2.92,0.0,,,,,,AMX-32
re_2000_j20,0.0,,,,,,0.0,,,,,,0.0,,,,,,J20
he-111h-16_winter,0.0,,,,,,46.0,22.46,0.0,0.0,0.96,0.94,0.0,,,,,,He_111_H-16
f3f-2,0.0,,,,,,0.0,,,,,,0.0,,,,,,F3F-2
p-38g,0.0,,,,,,0.0,,,,,,0.0,,,,,,P-38G-1
germ_pzkpfw_III_ausf_J,2.0,50.0,0.5,0.5,4.5,4.5,18.0,,,,,,0.0,,,,,,Pz.III_J1
germ_sdkfz_6_2_flak36,1.0,,,,,,15.0,33.33,0.67,1.33,0.67,1.0,0.0,,,,,,Sd.Kfz._6/2
ussr_2s1,0.0,,,,,,26.0,50.0,0.0,0.0,1.5,1.77,0.0,,,,,,2S1
jp_type_90,0.0,,,,,,692.0,49.24,0.0,0.0,1.63,1.41,0.0,,,,,,Type_90
hunter_f6_holland,0.0,,,,,,20.0,50.0,1.0,1.25,1.0,1.25,0.0,,,,,,◘Hunter_F.6
us_sl_amraam_fcs,0.0,,,1.0,,0.0,145.0,63.22,1.5,1.1,0.0,0.0,0.0,,,,,,CLAWS_(СОЦ)
p-63c-5,0.0,,,,,,57.0,44.19,0.16,0.19,0.59,0.68,0.0,,,,,,P-63C-5
hs-129b-3,0.0,,,,,,55.0,0.0,0.0,0.0,2.2,1.1,0.0,,,,,,Hs_129_B-3
germ_kanonenjagdpanzer,0.0,,,,,,251.0,37.56,0.0,0.0,1.94,1.23,12.0,0.0,0.0,0.0,1.0,1.0,JPz_4-5
ussr_object_775,0.0,,,,,,310.0,35.54,0.0,0.0,1.79,1.08,0.0,,,,,,Object_775
f-4ej,0.0,,,,,,63.0,51.04,1.38,1.81,0.05,0.05,0.0,,,,,,F-4EJ_Phantom_II
so_4050_vautour_2n_late,0.0,,,,,,89.0,57.92,1.47,1.7,0.95,1.03,0.0,,,,,,S.O.4050_Vautour_IIN_(late)
p-47m-1-re,0.0,,,,,,97.0,96.0,0.85,0.84,3.93,2.9,0.0,,,,,,P-47M-1-RE
uk_vickers_mbt_mk_3,0.0,,,,,,141.0,67.67,0.0,0.0,1.89,1.44,0.0,,,,,,Vickers_Mk.3
ju-188a-2,0.0,,,,,,10.0,50.0,0.0,0.0,1.6,3.2,0.0,,,,,,Ju_188_A-2
su_25sm3,0.0,,,,,,4.0,83.34,0.65,0.65,2.0,2.0,4.0,,,0.0,,2.0,Su-25SM3
pb4y-2,0.0,,,,,,1.0,,,,,,0.0,,,,,,PB4Y-2
ki_84_hei,0.0,,,,,,82.0,36.35,0.51,0.84,1.03,1.6,4.0,,,,,,Ki-84_hei
cn_ztz_99a,0.0,,,,,,293.0,67.17,0.0,0.0,3.22,2.22,0.0,,,,,,ZTZ99A
it_40_43m_zrinyi_2,0.0,,,,,,0.0,,,,,,0.0,,,,,,Zrinyi_II
mig-21_bis,0.0,,,,,,55.0,52.5,1.43,1.87,0.0,0.0,0.0,,,,,,MiG-21bis
ussr_zsu_23_4,0.0,,,,,,169.0,49.29,0.65,0.78,0.24,0.4,0.0,,,,,,ZSU-23-4
fury_mk2,0.0,,,,,,0.0,,,,,,0.0,,,,,,Fury_Mk_II
fr_amc_34,0.0,,,,,,0.0,,,,,,0.0,,,,,,AMC.34_YR
us_m50_ontos,0.0,,,,,,212.0,65.43,0.0,0.0,2.29,1.74,0.0,,,,,,M50
it_b1_centauro_romor,0.0,,,,,,40.0,100.0,0.0,0.0,3.17,1.49,0.0,,,,,,Centauro_I_105_R
germ_schutzenpanzer_puma_vjtf,0.0,,,,,,356.0,43.76,0.02,0.02,1.32,0.98,0.0,,,,,,PUMA_VJTF
saab_b18a,0.0,,,,,,11.0,,,0.0,,0.0,0.0,,,,,,B18A
us_m551,0.0,,,,,,179.0,63.0,0.0,0.0,1.8,1.3,0.0,,,,,,M551
cn_isu_152,0.0,,,,,,15.0,100.0,0.0,0.0,1.0,1.0,0.0,,,,,,ISU-152_(China)
uk_m3a1_stuart,0.0,,,,,,26.0,,,,,,0.0,,,,,,Stuart_III
il_m109a1,0.0,,,,,,26.0,,,,,,0.0,,,,,,Rochev
us_t92,0.0,,,,,,629.0,51.83,0.0,0.0,1.46,1.13,0.0,,,,,,T92
yak-9ut,0.0,,,,,,114.0,78.13,1.16,0.99,2.26,2.31,32.0,100.0,0.0,0.0,2.36,1.24,Yak-9UT
uk_bosvark,0.0,,,,,,22.0,,,2.0,,0.0,0.0,,,,,,Bosvark
cn_zbd_04a,0.0,,,,,,153.0,57.64,0.0,0.0,1.62,1.74,11.0,,,0.0,,1.0,ZBD04A
jp_type_60_atm,0.0,,,,,,0.0,,,,,,0.0,,,,,,Type_60_ATM
d4y3,0.0,,,,,,0.0,,,,,,0.0,,,,,,D4Y3_Ko
douglas_a_1h,0.0,,,,,,488.0,97.79,0.49,0.44,7.23,6.38,0.0,,,,,,A-1H
maryland_mk1_france,0.0,,,,,,0.0,,,,,,0.0,,,,,,Martin_167-A3
us_m18_hellcat_black_cat_race,,,,,,,,,,,,,,,,,,,"""Racing""_M18"
it_semovente_m43_105,0.0,,,,,,30.0,,,,,,0.0,,,,,,105/25_M43
germ_panzerwerfer_42,0.0,,,,,,2.0,,,,,,0.0,,,,,,15_cm_Pz.W.42
fr_char_2c,0.0,,,,,,0.0,,,,,,0.0,,,,,,2C
ussr_zprk_2s6,0.0,,,,,,420.0,50.28,0.31,0.32,0.47,0.49,0.0,,,,,,2S6
it_semovente_l40,0.0,,,,,,0.0,,,,,,0.0,,,,,,47/32_L40
it_semovente_m41_75_18,0.0,,,,,,6.0,,,0.0,,3.0,0.0,,,,,,75/18_M41
it_semovente_m42_75_34,2.0,50.0,0.0,0.0,4.0,4.0,0.0,,,,,,0.0,,,,,,75/34_M42
it_semovente_m43_75_34,0.0,,,,,,0.0,,,,,,0.0,,,,,,75/34_M43
ussr_buk_m3_launcher,,,,,,,,,,,,,,,,,,,"9К317М_""БУК-М3""_(СОУ)"
ussr_buk_m3_fcs,0.0,,,,,,68.0,42.71,0.59,0.27,0.0,0.0,0.0,,,,,,"9К317М_""БУК-М3""_(СОЦ)"
a_10c,0.0,,,,,,49.0,50.0,2.25,2.25,14.94,14.94,10.0,,,,,,A-10C
a-26c,0.0,,,,,,0.0,,,,,,0.0,,,,,,A-26C-45
a-26c-45-dt,0.0,,,,,,10.0,,,0.0,,0.0,0.0,,,,,,A-26C-45DT
a_29_hudson,0.0,,,,,,0.0,,,,,,0.0,,,,,,A-29
a-35b,0.0,,,,,,25.0,,,0.0,,0.0,0.0,,,,,,A-35B
a_4b,0.0,,,,,,177.0,76.65,0.04,0.05,2.36,2.95,0.0,,,,,,A-4B
a_4e_early,0.0,,,,,,397.0,56.08,0.88,0.98,1.98,2.19,0.0,,,,,,A-4E_Early
a_4ptm_malaysia,,,,,,,,,,,,,,,,,,,A-4PTM
a_7d,0.0,,,,,,75.0,45.83,0.39,0.48,3.27,3.58,15.0,,,0.0,,0.0,A-7D
a_7e,0.0,,,,,,0.0,,,,,,0.0,,,,,,A-7E
a_7e_thailand,0.0,,,,,,0.0,,,,,,0.0,,,,,,A-7E
a_7e_greece,,,,,,,,,,,,,,,,,,,A-7E
a_7h_greece,,,,,,,,,,,,,,,,,,,A-7H
a_7k,0.0,,,,,,21.0,55.0,0.0,0.0,2.51,3.56,0.0,,,,,,A-7K
uk_ac1_sentinel,0.0,,,,,,0.0,,,,,,0.0,,,,,,A.C.I
uk_a_13_mk1_3rd_rtr,0.0,,,,,,4.0,,,,,,0.0,,,,,,A13_Mk_I_(3rd_R.T.R.)
vampire_fb5_j28b,0.0,,,,,,39.0,,,2.73,,1.93,0.0,,,,,,A28B
saab_j29b,0.0,,,,,,85.0,25.29,0.77,2.9,1.09,3.03,0.0,,,,,,A29B
a2d,0.0,,,,,,745.0,65.15,0.26,0.26,1.93,1.83,13.0,,,,,,A2D-1
saab_a32a,0.0,,,,,,3.0,100.0,1.0,1.0,2.67,2.67,0.0,,,,,,A32A
saab_a32a_red_adam,0.0,,,,,,12.0,,,1.0,,1.0,0.0,,,,,,A32A_Röd_Adam
a6m5hei,0.0,,,,,,0.0,,,,,,0.0,,,,,,A6M5_Hei
a6m5ko,0.0,,,,,,236.0,71.73,1.45,1.32,2.11,1.77,0.0,,,,,,A6M5_Ko
a7he1,0.0,,,,,,0.0,,,,,,0.0,,,,,,A7He1
a7m2,0.0,,,,,,183.0,67.97,2.06,2.61,1.53,2.0,0.0,,,,,,A7M2
germ_a7v,0.0,,,,,,2.0,,,0.0,,3.0,0.0,,,,,,A7V
it_ab_41,0.0,,,,,,25.0,,,0.0,,2.4,0.0,,,,,,AB_41
uk_17_pdr_m10_achilles,0.0,,,,,,51.0,100.0,0.0,0.0,6.0,2.81,0.0,,,,,,Achilles
douglas_ad_4na_france,0.0,,,,,,42.0,10.0,0.0,0.0,1.0,1.0,0.0,,,,,,AD-4NA
uk_adats_m113a3,0.0,,,,,,70.0,73.56,1.81,1.3,0.27,0.25,0.0,,,,,,ADATS_(M113)
uk_armored_car_mk_2_aa,0.0,,,,,,32.0,,,0.0,,0.0,0.0,,,,,,AEC_AA
uk_armored_car_aec_mk_2,0.0,,,,,,95.0,59.25,0.0,0.0,2.18,2.26,0.0,,,,,,AEC_Mk_II
fa_18a_hug_2_raaf,0.0,,,,,,25.0,98.81,1.0,1.01,0.01,0.01,0.0,,,,,,AF/A-18A_Late
us_ags_teledyne,0.0,,,,,,38.0,41.67,0.0,0.0,1.92,2.94,0.0,,,,,,AGS
aichi_e13a,,,,,,,,,,,,,,,,,,,Aichi_E13A1
saab_aj37,0.0,,,,,,78.0,54.86,0.48,0.27,0.88,0.83,0.0,,,,,,AJ37
uk_ajax,0.0,,,,,,155.0,60.12,0.0,0.0,2.15,1.33,0.0,,,,,,Ajax
saab_ajs37_early,0.0,,,,,,77.0,57.33,0.6,1.0,0.56,1.0,0.0,,,,,,AJS37_(Early)
uk_alecto_mk_1,0.0,,,,,,0.0,,,,,,0.0,,,,,,Alecto_I
alpha_jet_a_jabog41,0.0,,,,,,55.0,25.64,0.08,0.06,1.17,1.37,0.0,,,,,,Alpha_Jet_A_(JaboG_41)
alpha_jet_e,0.0,,,,,,40.0,100.0,1.0,0.36,3.5,1.29,0.0,,,,,,Alpha_Jet_E
alpha_jet_th_phase_1,0.0,,,,,,47.0,63.8,0.8,1.34,0.76,1.12,0.0,,,,,,Alpha_Jet_TH
fr_amc_35,0.0,,,,,,0.0,,,,,,0.0,,,,,,AMC.35_(ACG.1)
fr_amd_35,0.0,,,,,,28.0,100.0,0.0,0.0,1.0,0.28,0.0,,,,,,AMD.35
fr_amd_35_kwk39,0.0,,,,,,74.0,100.0,0.0,0.0,5.13,2.52,0.0,,,,,,AMD.35_(PaK)
fr_aml_90,0.0,,,,,,234.0,68.05,0.0,0.0,1.77,1.89,0.0,,,,,,AML-90
fr_amr_35_zt3,0.0,,,,,,0.0,,,,,,0.0,,,,,,AMR.35_ZT3
amx_a_1a_brazil,0.0,,,,,,0.0,,,,,,0.0,,,,,,AMX_A-1A
fr_amx_10m_acra,0.0,,,,,,7.0,,,,,,0.0,,,,,,AMX-10M
fr_amx_10p,0.0,,,,,,364.0,58.4,0.78,0.7,0.65,0.6,0.0,,,,,,AMX-10P
fr_amx_13_hot,0.0,,,,,,4.0,50.0,0.0,0.0,1.0,2.0,0.0,,,,,,AMX-13_(HOT)
fr_amx_13_75_ss11,0.0,,,,,,77.0,90.38,0.0,0.0,2.77,1.62,0.0,,,,,,AMX-13_(SS.11)
fr_amx_30,0.0,,,,,,85.0,60.0,0.0,0.0,2.13,2.03,0.0,,,,,,AMX-30
fr_amx_30_1972,0.0,,,,,,398.0,56.34,0.0,0.0,1.76,1.51,0.0,,,,,,AMX-30_(1972)
fr_amx_30_super,0.0,,,,,,583.0,52.53,0.0,0.0,2.18,1.56,0.0,,,,,,AMX-30_Super
fr_amx_40,0.0,,,,,,270.0,67.25,0.0,0.0,2.73,2.32,0.0,,,,,,AMX-40
fr_amx_50_1950,0.0,,,,,,141.0,61.83,0.0,0.0,3.68,2.45,13.0,50.0,0.0,0.0,1.0,2.0,AMX-50_(TO90/930)
fr_amx_50_surblinde,0.0,,,,,,0.0,,,,,,0.0,,,,,,AMX-50_Surblindé
cn_antelope_tc_1l_ads,0.0,,,,,,2.0,,,,,,0.0,,,,,,Antelope
arado-196a-5,0.0,,,,,,0.0,,,,,,0.0,,,,,,Ar_196_A-5
arado-234,0.0,,,,,,173.0,70.58,0.0,0.0,3.58,3.93,0.0,,,,,,Ar_234_B-2
arado_234b_2_mt,0.0,,,,,,0.0,,,,,,0.0,,,,,,Ar_234_B-2_(WB_151)
arado-234c-3,0.0,,,,,,4.0,50.0,0.0,0.0,1.0,1.0,0.0,,,,,,Ar_234_C-3
ariete,1.0,,,4.0,,0.0,205.0,70.42,2.77,5.34,1.74,3.07,33.0,,,4.47,,0.0,Ariete
it_c1_ariete_preserie,0.0,,,,,,64.0,29.41,0.0,0.0,3.0,2.1,0.0,,,,,,Ariete_(P)
uk_arjun_mk1,0.0,,,,,,0.0,,,,,,0.0,,,,,,Arjun_Mk_1
fr_arl_44_mod,0.0,,,,,,4.0,50.0,0.0,0.0,0.5,0.83,0.0,,,,,,ARL-44_Bayard
it_as_42_metropolitana,0.0,,,,,,5.0,,,,,,0.0,,,,,,AS_42
sw_asrad_r,0.0,,,,,,75.0,35.0,1.13,1.3,0.0,0.0,0.0,,,,,,ASRAD-R
attaker_fb1,0.0,,,,,,15.0,50.0,0.5,1.0,1.0,2.0,0.0,,,,,,Attacker_FB_1
attaker_fb2,0.0,,,,,,0.0,,,,,,0.0,,,,,,Attacker_FB.2
it_aubl_74_60_70m,0.0,,,,,,320.0,63.65,0.0,0.0,2.13,1.69,0.0,,,,,,AUBL/74_HVG
av_8b_na,1.0,100.0,1.0,1.0,5.0,5.0,334.0,59.25,0.87,0.95,0.61,0.71,22.0,,,0.0,,5.0,AV-8B_(NA)
av_8b_plus,0.0,,,,,,130.0,50.0,1.17,0.94,0.92,0.7,14.0,,,,,,AV-8B_Plus
av_8b_plus_italy,0.0,,,,,,21.0,,,2.48,,0.0,0.0,,,,,,AV-8B_Plus
av_8c,0.0,,,,,,87.0,29.01,0.44,0.41,0.93,1.78,0.0,,,,,,AV-8C
av_8s_thailand,0.0,,,,,,14.0,,,0.0,,1.27,0.0,,,,,,AV-8S
avenger_mk1,0.0,,,,,,0.0,,,,,,0.0,,,,,,Avenger_Mk_II
a_4n,0.0,,,,,,112.0,85.38,2.5,2.79,6.5,8.36,0.0,,,,,,Ayit
b_10b,0.0,,,,,,0.0,,,,,,0.0,,,,,,B-10B
b-17e_japan,0.0,,,,,,0.0,,,,,,0.0,,,,,,B-17E
b-17e,0.0,,,,,,0.0,,,,,,0.0,,,,,,B-17E
b-17e_late,0.0,,,,,,0.0,,,,,,0.0,,,,,,B-17E/L
b_18a,0.0,,,,,,0.0,,,,,,0.0,,,,,,B-18A
b_25j_20,0.0,,,,,,0.0,,,,,,0.0,,,,,,B-25J-20
b_26c_france,0.0,,,,,,0.0,,,,,,0.0,,,,,,B-26C
b_52h,0.0,,,,,,19.0,,,0.0,,0.57,20.0,,,0.0,,0.0,B-52H
b-57,0.0,,,,,,1.0,0.0,0.0,0.0,0.0,0.0,14.0,,,0.0,,0.0,B-57A
b-57b,0.0,,,,,,28.0,,,0.0,,0.76,13.0,,,,,,B-57B
b_66b,0.0,,,,,,0.0,,,,,,0.0,,,,,,B-66B
br_20_dr,0.0,,,,,,0.0,,,,,,0.0,,,,,,B.R.20DR
br_20m_m1,0.0,,,,,,0.0,,,,,,0.0,,,,,,B.R.20M_M1
fr_b1_bis,0.0,,,,,,10.0,,,,,,0.0,,,,,,B1_bis
b6n2,0.0,,,,,,0.0,,,,,,0.0,,,,,,B6N2_Model_12
b6n2a,0.0,,,,,,0.0,,,,,,0.0,,,,,,B6N2a_Model_12Ko
ba_65_k14_l,0.0,,,,,,0.0,,,,,,0.0,,,,,,Ba.65_(K.14)_L
ba_65_a80,0.0,,,,,,0.0,,,,,,0.0,,,,,,Ba.65_A.80
f_16d_block_40_barak_2,0.0,,,,,,42.0,80.0,1.01,1.23,1.3,2.04,0.0,,,,,,Barak_II
f_15a_iaf,0.0,,,,,,1.0,,,1.0,,0.0,0.0,,,,,,Baz
f_15c_baz_msip,0.0,,,,,,0.0,,,,,,0.0,,,,,,Baz_Meshupar
be_6,0.0,,,,,,0.0,,,,,,0.0,,,,,,Be-6
beaufighter_mk1_40mm,0.0,,,,,,0.0,,,,,,0.0,,,,,,Beaufighter_Mk_I_(40-mm)
germ_beutepanzer_mk_iv,0.0,,,,,,0.0,,,,,,0.0,,,,,,Beutepanzer_IV
bf-109c_1_promo,0.0,,,,,,0.0,,,,,,0.0,,,,,,Bf_109_C-1_Promo
bf-109e-3_japan,0.0,,,,,,42.0,68.0,2.02,2.0,0.0,0.0,0.0,,,,,,Bf_109_E-7
bf-109e-7,0.0,,,,,,0.0,,,,,,0.0,,,,,,Bf_109_E-7/U2
bf-109g-6_finland,0.0,,,,,,6.0,,,1.0,,1.0,0.0,,,,,,Bf_109_G-6
bf-109k-4,0.0,,,,,,297.0,48.17,1.97,2.01,0.33,0.36,0.0,,,,,,Bf_109_K-4
bf-109z,0.0,,,,,,0.0,,,,,,0.0,,,,,,Bf_109_Z-1
bf-110c-6,0.0,,,,,,0.0,,,,,,0.0,,,,,,Bf_110_C-6
bf-110f-2,0.0,,,,,,0.0,,,,,,0.0,,,,,,Bf_110_F-2
bi,0.0,,,,,,0.0,,,,,,0.0,,,,,,BI
sw_bkan_1c,0.0,,,,,,255.0,39.77,0.07,0.09,1.02,1.14,0.0,,,,,,Bkan_1C
uk_challenger_2_bn,0.0,,,,,,121.0,55.16,0.0,0.0,2.47,3.73,0.0,,,,,,Black_Night
uk_a_43_black_prince,0.0,,,,,,55.0,63.58,0.0,0.0,2.92,3.75,0.0,,,,,,Black_Prince
ussr_bm_13n,0.0,,,,,,47.0,31.03,0.0,0.0,1.03,1.03,0.0,,,,,,BM-13N
ussr_bm_31_12,0.0,,,,,,2.0,100.0,0.0,0.0,0.0,0.0,0.0,,,,,,BM-31-12
ussr_bm_8_24,0.0,,,,,,0.0,,,,,,0.0,,,,,,BM-8-24
ussr_bmp_2m,2.0,0.0,0.0,0.0,0.0,0.0,1028.0,43.85,0.02,0.0,1.08,0.85,14.0,,,0.0,,1.0,BMP-2M
sw_bmp_2md,0.0,,,,,,115.0,81.03,0.0,0.0,1.43,0.81,0.0,,,,,,BMP-2MD
boston_mk_1,0.0,,,,,,0.0,,,,,,0.0,,,,,,Boston_Mk_I
br_693_ab2,0.0,,,,,,0.0,,,,,,0.0,,,,,,Br.693AB2
breda_88,0.0,,,,,,0.0,,,,,,0.0,,,,,,Breda_88_(P.XI)
ussr_bt_7_1937_td,0.0,,,,,,0.0,,,,,,0.0,,,,,,BT-7_TD
ussr_btr_80a,0.0,,,,,,985.0,49.65,0.0,0.0,1.1,1.0,0.0,,,,,,BTR-80A
buccaneer_s1,0.0,,,,,,0.0,,,,,,0.0,,,,,,Buccaneer_S.1
buccaneer_s2,0.0,,,,,,23.0,50.0,0.0,0.0,0.0,0.0,0.0,,,,,,Buccaneer_S.2
buccaneer_s2b,0.0,,,,,,0.0,,,,,,0.0,,,,,,Buccaneer_S.2B
bv-138c-1,0.0,,,,,,0.0,,,,,,0.0,,,,,,BV_138_C-1
bv-238,1.0,100.0,3.0,3.0,6.0,6.0,4.0,,,,,,0.0,,,,,,BV_238
mc200_serie3,0.0,,,,,,0.0,,,,,,0.0,,,,,,C._200_serie_3
mc200_serie7,0.0,,,,,,0.0,,,,,,0.0,,,,,,C._200_serie_7
mc-202,0.0,,,,,,0.0,,,,,,0.0,,,,,,C._202
it_c13_t90,0.0,,,,,,68.0,7.02,0.0,0.0,0.12,0.18,0.0,,,,,,C13_T90
it_c13_tua,0.0,,,,,,0.0,,,,,,0.0,,,,,,C13/TUA
germ_leopard_c2_mexas,0.0,,,,,,1.0,0.0,0.0,0.0,3.0,3.0,0.0,,,,,,C2A1
fr_lorraine_100,2.0,50.0,0.0,0.0,1.0,1.0,100.0,56.99,0.0,0.0,2.76,4.29,0.0,,,,,,CA_Lorraine
ca_27_mk32_raaf,0.0,,,,,,0.0,,,,,,0.0,,,,,,CA-27_Mk.32
ca_27_mk32_malaysia,0.0,,,,,,0.0,,,,,,0.0,,,,,,CA-27_Mk.32
us_m4_sherman_calliope,0.0,,,,,,8.0,50.0,0.0,0.0,4.0,8.0,0.0,,,,,,Calliope
canberra_bimk6,0.0,,,,,,1.0,,,,,,0.0,,,,,,Canberra_B_(I)_Mk_6
canberra_bmk2,0.0,,,,,,0.0,,,,,,0.0,,,,,,Canberra_B_Mk_2
pby-5a_raf,0.0,,,,,,0.0,,,,,,0.0,,,,,,Catalina_Mk_IIIa
cn_gmc_cckw_353_m45_quad,0.0,,,,,,44.0,,,1.0,,0.0,0.0,,,,,,CCKW_353_(M45)
fr_cckw_353_bofors,0.0,,,,,,0.0,,,,,,0.0,,,,,,CCKW_353_AA
us_ccvl,0.0,,,,,,128.0,50.0,0.0,0.0,4.49,3.45,0.0,,,,,,CCVL
it_sahariano,0.0,,,,,,0.0,,,,,,0.0,,,,,,Celere_Sahariano
it_b1_centauro,0.0,,,,,,165.0,64.77,0.0,0.0,2.48,2.18,0.0,,,,,,Centauro_I_105
it_centauro_2,0.0,,,,,,87.0,100.0,0.0,0.0,4.93,2.67,0.0,,,,,,Centauro_II_(P)
uk_centurion_action_x,0.0,,,,,,8.0,50.0,0.0,0.0,1.0,1.0,0.0,,,,,,Centurion_Action_X
uk_centurion_mk_2,0.0,,,,,,107.0,50.0,0.0,0.0,2.75,1.8,0.0,,,,,,Centurion_Mk.2
uk_centurion_mk_5_avre_era,0.0,,,,,,20.0,50.0,0.0,0.0,1.0,0.06,0.0,,,,,,Centurion_Mk.5_AVRE
uk_challenger_2_megatron,0.0,,,,,,309.0,73.05,0.0,0.0,3.41,1.67,0.0,,,,,,Challenger_2_OES
uk_challenger_2e,0.0,,,,,,127.0,50.0,0.0,0.0,3.73,1.52,0.0,,,,,,Challenger_2E
uk_challenger_2_lep,0.0,,,,,,135.0,56.45,0.0,0.0,1.8,1.14,0.0,,,,,,Challenger_3_TD
sw_charioteer_mk_7,0.0,,,,,,226.0,38.12,0.0,0.0,0.83,0.8,3.0,,,0.0,,1.0,Charioteer_Mk_VII
jp_type_97_kai_td,0.0,,,,,,0.0,,,,,,0.0,,,,,,Chi-Ha_Kai_TD
jp_type_1_chi_he_5th_regiment,0.0,,,,,,24.0,50.0,0.0,0.0,1.0,1.0,0.0,,,,,,Chi-He_(5th_Regiment)
uk_churchill_avre,0.0,,,,,,0.0,,,,,,0.0,,,,,,Churchill_AVRE_Petard
uk_a_22_mk_1_churchill_1941,0.0,,,,,,14.0,,,,,,0.0,,,,,,Churchill_I
f-86_cl_13_mk4_italy,0.0,,,,,,6.0,100.0,2.0,,3.0,,0.0,,,,,,CL-13_Mk.4
germ_th_800_bismark,0.0,,,,,,9.0,,,0.0,,2.89,0.0,,,,,,Class_3_(P)
us_sl_amraam_launcher,,,,,,,,,,,,,,,,,,,CLAWS_(СОУ)
fr_marder_clovis,0.0,,,,,,175.0,69.89,0.0,0.0,3.29,2.31,0.0,,,,,,CLOVIS
germ_marder_clovis,0.0,,,,,,19.0,0.0,0.0,0.0,2.0,0.5,0.0,,,,,,CLOVIS
cn_cm_25,0.0,,,,,,42.0,0.0,0.0,0.0,0.0,0.05,0.0,,,,,,CM25
it_fiat_cm52,0.0,,,,,,21.0,,,1.0,,0.0,0.0,,,,,,CM52
uk_fv4004_conway,0.0,,,,,,25.0,32.61,0.0,0.0,0.67,1.0,0.0,,,,,,Conway
cr_32_bis,0.0,,,,,,0.0,,,,,,0.0,,,,,,CR.32_bis
cr_32_quater,0.0,,,,,,0.0,,,,,,0.0,,,,,,CR.32_quater
fiat_cr42,0.0,,,,,,0.0,,,,,,0.0,,,,,,CR.42
fiat_cr42_italy,0.0,,,,,,0.0,,,,,,0.0,,,,,,CR.42
uk_a27m_cromwell_1,0.0,,,,,,98.0,52.15,0.0,0.0,1.35,1.2,0.0,,,,,,Cromwell_I
uk_a27m_cromwell_5_rp3,0.0,,,,,,15.0,,,0.0,,1.0,0.0,,,,,,Cromwell_V_(RP-3)
uk_crusader_mk_2_the_saint,0.0,,,,,,0.0,,,,,,0.0,,,,,,"Crusader_""The_Saint"""
uk_crusader_aa_mk_2_kit_3rank,0.0,,,,,,47.0,60.42,1.23,2.23,0.0,0.0,0.0,,,,,,Crusader_AA_(Overlord)
uk_crusader_aa_mk_2,0.0,,,,,,27.0,0.0,0.67,0.2,0.0,0.0,0.0,,,,,,Crusader_AA_Mk_II
fr_crusader_mk_2,0.0,,,,,,17.0,,,0.0,,4.0,0.0,,,,,,Crusader_Mk.II
uk_boxer_crv_block2,0.0,,,,,,134.0,64.1,0.0,0.0,1.31,0.63,0.0,,,,,,CRV_Block_2
it_39m_csaba,0.0,,,,,,0.0,,,,,,0.0,,,,,,Csaba
sw_patria_amv_ctcv_105,0.0,,,,,,135.0,56.99,0.0,0.0,2.18,1.31,0.0,,,,,,CT-CV_105HP
jp_icv_prototype,0.0,,,,,,66.0,50.0,0.17,0.29,0.83,1.22,0.0,,,,,,CTWV_RCV
sw_cv_90_mk4,0.0,,,,,,131.0,70.75,0.0,0.0,1.16,0.93,0.0,,,,,,CV_90_Mk.IV
sw_cv_90120,0.0,,,,,,192.0,75.0,0.0,0.0,3.19,2.13,0.0,,,,,,CV_90120
fr_cv_9035_nl,0.0,,,,,,199.0,50.0,0.0,0.0,0.76,0.75,0.0,,,,,,CV_9035NL
sw_cv_9030_fin,0.0,,,,,,216.0,62.73,0.0,0.0,1.13,1.63,0.0,,,,,,CV9030FIN
sw_cv_9035_dk,0.0,,,,,,32.0,50.0,0.0,0.0,1.5,1.6,0.0,,,,,,CV9035DK
cw_21,0.0,,,,,,0.0,,,,,,0.0,,,,,,CW-21
d_371_hs9,0.0,,,,,,0.0,,,,,,14.0,,,,,,D.371_H.S.9
d_510c,0.0,,,,,,0.0,,,,,,0.0,,,,,,D.510C
fr_renault_d2,0.0,,,,,,0.0,,,,,,0.0,,,,,,D2
d3a1,0.0,,,,,,0.0,,,,,,0.0,,,,,,D3A1
d4y1,0.0,,,,,,0.0,,,,,,0.0,,,,,,D4Y1
it_dardo_vcc,0.0,,,,,,121.0,50.81,0.0,0.0,1.86,1.68,9.0,50.0,0.0,0.0,0.5,1.0,Dardo
db_3b,0.0,,,,,,5.0,0.0,0.0,0.0,0.0,0.0,0.0,,,,,,DB-3B
uk_desert_warrior,0.0,,,,,,43.0,73.21,0.0,0.0,0.73,0.48,0.0,,,,,,Desert_Warrior
fr_marder_df_105,0.0,,,,,,496.0,62.5,0.0,0.0,2.07,2.05,0.0,,,,,,DF105
do_17e_1,0.0,,,,,,0.0,,,,,,0.0,,,,,,Do_17_E-1
do_17z_2,0.0,,,,,,0.0,,,,,,0.0,,,,,,Do_17_Z-2
do_17z_7,0.0,,,,,,0.0,,,,,,0.0,,,,,,Do_17_Z-7
do_217j_1,0.0,,,,,,2.0,,,0.0,,0.0,0.0,,,,,,Do_217_J-1
do_217n_1,1.0,,,0.0,,0.0,0.0,,,,,,0.0,,,,,,Do_217_N-1
do_217n_2,0.0,,,,,,0.0,,,,,,0.0,,,,,,Do_217_N-2
do_335b_2,0.0,,,,,,494.0,60.27,1.27,1.29,1.86,1.78,0.0,,,,,,Do_335_B-2
fr_panhard_ebr_1954,0.0,,,,,,122.0,65.59,0.0,0.0,3.83,2.33,6.0,,,,,,E.B.R._(1954)
e7k2,,,,,,,,,,,,,,,,,,,E7K2
e8n2,,,,,,,,,,,,,,,,,,,E8N2
fr_jaguar_ebrc,0.0,,,,,,235.0,70.05,0.0,0.0,2.56,1.23,0.0,,,,,,EBRC_Jaguar
il_eitan,0.0,,,,,,121.0,78.83,0.0,0.0,1.63,1.4,0.0,,,,,,Eitan_(P)
uk_eland_90_mk_7,0.0,,,,,,28.0,100.0,0.0,0.0,1.44,0.69,0.0,,,,,,Eland_90_Mk.7
fr_amx_elc_901,0.0,,,,,,102.0,85.3,0.0,0.0,3.36,2.17,0.0,,,,,,ELC_901
sw_eldenhet_98,0.0,,,,,,0.0,,,,,,0.0,,,,,,EldE_98
fr_embt,0.0,,,,,,0.0,,,,,,0.0,,,,,,EMBT
f-100d,0.0,,,,,,174.0,34.15,0.93,0.98,0.5,0.52,3.0,100.0,0.0,0.0,0.0,0.0,F-100D
f-100d_france,0.0,,,,,,27.0,68.18,2.5,1.43,0.45,1.43,0.0,,,,,,F-100D
f_101c,1.0,,,,,,19.0,20.0,0.47,0.17,1.6,1.67,0.0,,,,,,F-101C
f_102a_late,0.0,,,,,,0.0,,,,,,0.0,,,,,,F-102A
f_102a_greece,,,,,,,,,,,,,,,,,,,F-102A
f-104c,0.0,,,,,,18.0,50.0,0.0,0.0,0.0,0.0,0.0,,,,,,F-104C
f-104g_belgium,0.0,,,,,,0.0,,,,,,0.0,,,,,,F-104G
f-104j,0.0,,,,,,0.0,,,,,,0.0,,,,,,F-104J
f-104s_cb,0.0,,,,,,79.0,52.78,0.7,0.71,1.31,1.3,0.0,,,,,,F-104S_TAF
f-104s_asa,0.0,,,,,,0.0,,,,,,0.0,,,,,,F-104S.ASA
f_111a,1.0,,,,,,67.0,46.49,0.46,0.46,2.19,2.19,11.0,,,0.0,,0.0,F-111A
f_111c_raaf,0.0,,,,,,6.0,,,,,,0.0,,,,,,F-111C
f_111f,0.0,,,,,,28.0,100.0,1.0,0.27,0.0,0.45,0.0,,,,,,F-111F
f_117,0.0,,,,,,20.0,0.0,0.0,0.0,0.83,0.83,0.0,,,,,,F-117
f_14a_early,1.0,,,2.0,,0.0,98.0,41.67,0.98,1.02,0.0,0.0,10.0,,,,,,F-14A_Early
f_14b,2.0,100.0,5.0,2.5,0.0,0.0,67.0,47.44,0.42,0.68,0.0,0.0,6.0,,,0.0,,0.0,F-14B
f_14d_vf_11,0.0,,,,,,0.0,,,,,,6.0,,,1.0,,0.0,F-14D_(VF-11)
f_15i_raam,0.0,,,,,,36.0,50.0,1.0,1.29,0.42,0.79,0.0,,,,,,F-15I_Ra’am
f_15j,0.0,,,,,,37.0,69.57,1.24,2.09,0.0,0.0,0.0,,,,,,F-15J
f_15j_kai,0.0,,,,,,204.0,80.65,1.51,1.76,0.16,0.19,0.0,,,,,,F-15J(M)
f_16a_block_15_belgium,0.0,,,,,,47.0,100.0,0.5,0.69,2.92,4.0,0.0,,,,,,F-16A
f_16a_block_15_adf_italy,0.0,,,,,,10.0,,,,,,0.0,,,,,,F-16A_ADF
f_16a_block_15_ocu_thailand,0.0,,,,,,9.0,50.0,0.5,1.0,0.0,0.0,0.0,,,,,,F-16A_OCU
f_16a_block_15_ocu_belgium,0.0,,,,,,0.0,,,,,,0.0,,,,,,F-16A_OCU
f_16aj,0.0,,,,,,95.0,81.72,1.0,1.71,2.55,3.02,0.0,,,,,,F-16AJ
f_16am_block_15_mlu_belgium,0.0,,,,,,31.0,26.67,1.0,1.0,0.0,0.0,0.0,,,,,,F-16AM
f_16c_block_40_barak_2,0.0,,,,,,2.0,,,,,,0.0,,,,,,F-16C_Barak_II
f_16i_sufa,0.0,,,,,,14.0,100.0,1.0,1.0,1.33,1.33,0.0,,,,,,F-16I_Sufa
f_16xl,0.0,,,,,,10.0,50.0,0.5,0.5,1.5,1.5,3.0,,,,,,F-16XL
ef_2000a,0.0,,,,,,10.0,,,,,,0.0,,,,,,F-2000A
ef_2000a_aesa,0.0,,,,,,104.0,59.86,1.35,1.77,0.27,0.37,10.0,,,1.0,,0.0,F-2000A_(AESA)
f_20a,3.0,,,2.5,,1.5,188.0,57.52,1.0,1.1,0.49,0.53,0.0,,,,,,F-20A
f_2a,0.0,,,,,,149.0,88.92,2.19,2.68,0.0,0.0,70.0,,,3.0,,0.0,F-2A
f_4e_aup_greece,,,,,,,,,,,,,,,,,,,F-4E_AUP_Phantom_II
f-4ej_adtw,1.0,,,2.0,,0.0,451.0,50.81,2.0,2.23,0.6,0.69,0.0,,,,,,F-4EJ_ADTW
f-4ej_kai,0.0,,,,,,60.0,50.0,1.47,1.0,0.0,0.0,0.0,,,,,,F-4EJ_Kai_Phantom_II
f-5a,0.0,,,,,,0.0,,,,,,0.0,,,,,,F-5A
f-5th_thailand,0.0,,,,,,6.0,,,1.0,,0.0,0.0,,,,,,F-5TH_TCU
f-84f_france,0.0,,,,,,159.0,62.23,0.18,0.29,0.8,1.33,0.0,,,,,,F-84F
f-84f,0.0,,,,,,96.0,49.25,0.09,0.13,0.59,0.82,0.0,,,,,,F-84F
f-84f_iaf,0.0,,,,,,0.0,,,,,,0.0,,,,,,F-84F_IAF
f-84g_greece,,,,,,,,,,,,,,,,,,,F-84G-16-RE
f-84g,0.0,,,,,,0.0,,,,,,0.0,,,,,,F-84G-21-RE
f-84g_italy,0.0,,,,,,0.0,,,,,,0.0,,,,,,F-84G-21-RE
f_86em_greece,0.0,,,,,,0.0,,,,,,0.0,,,,,,F-86E(M)
f-86f-30_japan,1.0,,,,,,45.0,93.55,1.69,2.0,0.43,0.54,0.0,,,,,,F-86F-30_
f-86f-35,0.0,,,,,,98.0,57.53,1.03,0.97,0.64,0.84,0.0,,,,,,F-86F-35
f-86f-40_japan_blue_impulse,0.0,,,,,,22.0,50.0,0.0,0.0,0.0,0.0,0.0,,,,,,F-86F-40_JASDF
f_222_2,0.0,,,,,,0.0,,,,,,0.0,,,,,,F.222.2
fc_20_bis,0.0,,,,,,0.0,,,,,,0.0,,,,,,F.C.20_Bis
fa_18c_mlu_2_finland,0.0,,,,,,48.0,50.0,1.14,1.45,0.41,0.5,0.0,,,,,,F/A-18C_MLU_2
fa_18d_late_malaysia,0.0,,,,,,11.0,100.0,1.0,1.0,0.0,0.0,5.0,,,1.0,,1.0,F/A-18D_Late
fa_18f_block_2_raaf,0.0,,,,,,17.0,96.43,0.32,0.36,0.0,0.0,0.0,,,,,,F/A-18F
f11f_1_late,0.0,,,,,,0.0,,,,,,0.0,,,,,,F11F-1
f1m2,0.0,,,,,,0.0,,,,,,0.0,,,,,,F1M2
f3h-2,0.0,,,,,,450.0,48.75,1.4,1.51,0.23,0.24,0.0,,,,,,F3H-2
f4d_1,0.0,,,,,,0.0,,,,,,0.0,,,,,,F4D-1
f4f-3,0.0,,,,,,0.0,,,,,,0.0,,,,,,F4F-3
f4f-4,0.0,,,,,,0.0,,,,,,0.0,,,,,,F4F-4
f4u-1a_japan,0.0,,,,,,31.0,100.0,1.78,2.0,0.3,1.0,21.0,,,2.86,,0.0,F4U-1A
f4u-4b_vmf_214,0.0,,,,,,8.0,,,1.0,,1.0,0.0,,,,,,F4U-4B_VMF-214
f7f3,0.0,,,,,,22.0,50.0,0.5,1.0,1.5,2.92,0.0,,,,,,F7F-3
f9f-5,0.0,,,,,,0.0,,,,,,0.0,,,,,,F9F-5
uk_falcon,0.0,,,,,,383.0,55.01,0.55,0.39,1.91,1.48,11.0,,,,,,Falcon
fr_fcm_36,0.0,,,,,,5.0,,,0.0,,1.0,0.0,,,,,,FCM.36
ffa_p16,0.0,,,,,,0.0,,,,,,0.0,,,,,,FFA_P-16
b_48_firecrest,0.0,,,,,,0.0,,,,,,0.0,,,,,,Firecrest
it_fiat_6614_firos,0.0,,,,,,19.0,,,0.0,,1.05,0.0,,,,,,FIROS_6
fj_4b,0.0,,,,,,19.0,100.0,0.0,0.0,1.0,0.58,0.0,,,,,,FJ-4B
fj_4b_agm_12b,0.0,,,,,,13.0,50.0,0.5,0.9,2.0,2.8,0.0,,,,,,FJ-4B_VMF-232
cn_fk_2000,,,,,,,,,,,,,,,,,,,FK-2000
germ_flakpanzer_38t_Gepard,0.0,,,,,,8.0,,,,,,0.0,,,,,,Flakpanzer_38
germ_flarakrad,0.0,,,,,,45.0,,,0.75,,0.0,5.0,,,0.0,,0.0,FlaRakRad
fokker_d21_serie3_finland,0.0,,,,,,0.0,,,,,,0.0,,,,,,Fokker_D.XXI-3
uk_fv721_fox,0.0,,,,,,461.0,62.55,0.01,0.01,2.49,1.98,0.0,,,,,,Fox
it_freccia_hitfist_ows,0.0,,,,,,115.0,76.25,0.0,0.0,2.46,1.2,0.0,,,,,,Freccia_OWS_30
fr_samp_t_launcher,,,,,,,,,,,,,,,,,,,FSAF_SAMP/T_(Mamba)_(СОУ)
fr_samp_t_fcs,0.0,,,,,,23.0,100.0,1.1,1.63,0.0,0.0,0.0,,,,,,FSAF_SAMP/T_(Mamba)_(СОЦ)
it_samp_t_fcs,0.0,,,,,,0.0,,,,,,0.0,,,,,,FSAF_SAMP/T_(СОЦ)
fury_mk1,0.0,,,,,,0.0,,,,,,0.0,,,,,,Fury_Mk_I
fw-189a-1,0.0,,,,,,0.0,,,,,,0.0,,,,,,Fw_189_A-1
fw-190a-5_japan,1.0,,,,,,53.0,91.67,0.58,1.3,1.33,1.07,0.0,,,,,,Fw_190_A-5
fw-190a-8_usa,0.0,,,,,,4.0,100.0,1.0,,1.0,,0.0,,,,,,Fw_190_A-8
fw-190c,0.0,,,,,,0.0,,,,,,0.0,,,,,,Fw_190_C
fw-190d-13,0.0,,,,,,154.0,47.22,1.34,1.2,0.76,0.89,0.0,,,,,,Fw_190_D-13
fw-190d-9_ussr,0.0,,,,,,2.0,,,,,,0.0,,,,,,Fw_190_D-9
fw_200c_1,0.0,,,,,,0.0,,,,,,0.0,,,,,,Fw_200_C-1
fw_189c_0,0.0,,,,,,0.0,,,,,,0.0,,,,,,Fw_189_C
fiat_g50_seria7as_italy,0.0,,,,,,0.0,,,,,,0.0,,,,,,G.50_AS_serie_7
fiat_g50_seria7as,0.0,,,,,,0.0,,,,,,0.0,,,,,,G.50_AS_serie_7
fiat_g50_seria2,0.0,,,,,,0.0,,,,,,0.0,,,,,,G.50_serie_2
fiat_g50_seria2_italy,0.0,,,,,,0.0,,,,,,0.0,,,,,,G.50_serie_2
g_56,0.0,,,,,,68.0,76.79,0.98,0.8,0.57,0.55,0.0,,,,,,G.56
fiat_g91_r1,0.0,,,,,,4.0,,,0.0,,0.0,0.0,,,,,,G.91_R/1
fiat_g91_r4,0.0,,,,,,34.0,100.0,5.0,5.0,2.6,2.6,19.0,,,2.0,,0.0,G.91_R/4
g4m1,0.0,,,,,,0.0,,,,,,0.0,,,,,,G4M1
g5n1,0.0,,,,,,25.0,,,,,,0.0,,,,,,G5N1
f3f-2_galer,0.0,,,,,,0.0,,,,,,0.0,,,,,,Galer's_F3F-2
germ_garford_putilov,0.0,,,,,,0.0,,,,,,0.0,,,,,,Garford-Beute
ussr_gaz_dshk,0.0,,,,,,0.0,,,,,,0.0,,,,,,GAZ-AAA_(DShK)
uk_vickers_gbt_155,0.0,,,,,,0.0,,,,,,0.0,,,,,,GBT_155
il_m113a1_tow,0.0,,,,,,37.0,75.0,0.0,0.0,2.57,2.32,0.0,,,,,,Giraf
gladiator_mk1_belgium,0.0,,,,,,0.0,,,,,,0.0,,,,,,Gladiator_Mk_I
gladiator_mk2_france,0.0,,,,,,0.0,,,,,,0.0,,,,,,Gladiator_Mk_IIF
gladiator_mk2_silver,0.0,,,,,,0.0,,,,,,0.0,,,,,,Gladiator_Mk_IIS
uk_mk1_grant,0.0,,,,,,0.0,,,,,,0.0,,,,,,Grant_I
h-75a-1_france,0.0,,,,,,0.0,,,,,,0.0,,,,,,H-75A-1
p-40c_china,0.0,,,,,,0.0,,,,,,0.0,,,,,,H-81A-2
fr_hotchkiss_h35,0.0,,,,,,0.0,,,,,,0.0,,,,,,H.35
fr_hotchkiss_h39,0.0,,,,,,0.0,,,,,,0.0,,,,,,H.39
fr_hotchkiss_h39_cambronne,0.0,,,,,,0.0,,,,,,0.0,,,,,,"H.39_""Cambronne"""
hp_12,0.0,,,,,,0.0,,,,,,0.0,,,,,,H.P.12
h6k4,0.0,,,,,,0.0,,,,,,0.0,,,,,,H6K4
h8k2,0.0,,,,,,0.0,,,,,,0.0,,,,,,H8K2
h8k3,0.0,,,,,,0.0,,,,,,0.0,,,,,,H8K3
jp_type_95_ha_go_commander,0.0,,,,,,20.0,,,0.0,,1.0,0.0,,,,,,Ha-Go_Commander
a5m4_hagiri,0.0,,,,,,0.0,,,,,,0.0,,,,,,Hagiri's_A5M4
halifax_mk3,0.0,,,,,,8.0,,,,,,0.0,,,,,,Halifax_B_Mk_IIIa
hp52_hampden_mk1_late,0.0,,,,,,0.0,,,,,,0.0,,,,,,Hampden_Mk_I
hp52_hampden_tbmk1,0.0,,,,,,0.0,,,,,,0.0,,,,,,Hampden_TB_Mk_I
hp52_hampden_tbmk1_ussr_utk1,0.0,,,,,,0.0,,,,,,0.0,,,,,,Hampden_TB_Mk_I
jp_harimau,,,,,,,,,,,,,,,,,,,Harimau
harrier_gr1,0.0,,,,,,49.0,52.38,0.03,0.18,0.83,1.28,4.0,,,1.0,,0.0,Harrier_GR.1
harrier_gr3,0.0,,,,,,23.0,100.0,0.0,0.0,0.46,0.46,0.0,,,,,,Harrier_GR.3
harrier_gr7,0.0,,,,,,0.0,,,,,,0.0,,,,,,Harrier_GR.7
harrier_t10,0.0,,,,,,9.0,,,,,,0.0,,,,,,Harrier_T.10
uk_a25_mk_8,0.0,,,,,,0.0,,,,,,0.0,,,,,,Harry_Hopkins_I
intruder_mk_1,0.0,,,,,,0.0,,,,,,0.0,,,,,,Havoc_Mk_I
hawk_200_rda,0.0,,,,,,0.0,,,,,,0.0,,,,,,Hawk_200_RDA
h-75a-2_finland,0.0,,,,,,0.0,,,,,,0.0,,,,,,Hawk_H-75A-2
hawk_iii,0.0,,,,,,0.0,,,,,,0.0,,,,,,Hawk_III
hawk_t1a_early,,,,,,,,,,,,,,,,,,,Hawk_T_Mk_1A
hawk_t1a,0.0,,,,,,0.0,,,,,,0.0,,,,,,Hawk_T_Mk_1A_(FRP)
he-111h-2,0.0,,,,,,0.0,,,,,,0.0,,,,,,He_111_H-3
he_112b_1_italy,0.0,,,,,,0.0,,,,,,0.0,,,,,,He_112_B-1/U2
he_112b_1,0.0,,,,,,0.0,,,,,,0.0,,,,,,He_112_B-1/U2
he_112b_2,0.0,,,,,,0.0,,,,,,0.0,,,,,,He_112_B-2/U2
he_112v_5,0.0,,,,,,0.0,,,,,,0.0,,,,,,He_112_V-5
he_115c_1,0.0,,,,,,0.0,,,,,,0.0,,,,,,He_115_C-1
he-162a-1,0.0,,,,,,0.0,,,,,,0.0,,,,,,He_162_A-1
he-177a-3,0.0,,,,,,0.0,,,,,,0.0,,,,,,He_177_A-3
he-177a-5,0.0,,,,,,0.0,,,,,,0.0,,,,,,He_177_A-5
he_219a_7,0.0,,,,,,141.0,37.0,0.99,1.0,4.55,4.63,0.0,,,,,,He_219_A-7
he51a1,0.0,,,,,,0.0,,,,,,0.0,,,,,,He_51_A-1
he51b_2w,0.0,,,,,,0.0,,,,,,0.0,,,,,,He_51_B-2/H
he51c1_late,0.0,,,,,,0.0,,,,,,0.0,,,,,,He_51_C-1/L
jp_pzkpfw_VI_ausf_e_tiger,0.0,,,,,,34.0,100.0,0.0,0.0,6.62,6.62,0.0,,,,,,Heavy_Tank_No.6
marut_mk1,0.0,,,,,,36.0,75.0,1.5,2.09,0.5,2.72,0.0,,,,,,HF-24
jp_type_3_ho_ni_III,0.0,,,,,,17.0,100.0,0.0,0.0,1.0,1.53,0.0,,,,,,Ho-Ni_III
hornet_mk1,0.0,,,,,,0.0,,,,,,0.0,,,,,,Hornet_Mk.I
hornet_mk3,0.0,,,,,,18.0,,,,,,0.0,,,,,,Hornet_Mk.III
cn_hq_11,0.0,,,,,,5.0,0.0,1.0,1.0,0.0,0.0,0.0,,,,,,HQ11
cn_hq_17,0.0,,,,,,0.0,,,,,,0.0,,,,,,HQ17
hs-123a-1,0.0,,,,,,0.0,,,,,,0.0,,,,,,Hs_123_A-1
hs-129b-2,0.0,,,,,,0.0,,,,,,0.0,,,,,,Hs_129_B-2
hs-129b-2_romania_italy,0.0,,,,,,50.0,39.91,1.17,1.25,2.97,3.42,0.0,,,,,,Hs_129_B-2_(Romania)
hs-129b-2_romania,0.0,,,,,,18.0,100.0,2.0,2.0,2.0,2.0,0.0,,,,,,Hs_129_B-2_(Romania)
us_hstv_l,0.0,,,,,,1480.0,55.78,0.0,0.0,1.8,1.44,16.0,,,0.0,,0.0,HSTV-L
hudson_mk_v,0.0,,,,,,0.0,,,,,,0.0,,,,,,Hudson_Mk_V
hunter_f6,0.0,,,,,,22.0,100.0,0.83,2.6,0.5,1.2,0.0,,,,,,Hunter_F.6
hunter_f9_rhodesia,0.0,,,,,,7.0,100.0,1.0,,0.0,,0.0,,,,,,Hunter_FGA.9
hurricane_mk1,0.0,,,,,,0.0,,,,,,0.0,,,,,,Hurricane_Mk_I/L
hurricane_mk1_late_ep,0.0,,,,,,0.0,,,,,,0.0,,,,,,Hurricane_Mk.I/L_FAA_M
i-15_1935_moscow,0.0,,,,,,0.0,,,,,,0.0,,,,,,I-15_M-25
i-153p,0.0,,,,,,119.0,75.27,4.24,15.69,0.41,1.34,0.0,,,,,,I-153P
i-15bis,0.0,,,,,,16.0,,,0.0,,0.0,0.0,,,,,,I-15bis
gladiator_j8a_iacobi,0.0,,,,,,11.0,100.0,0.0,0.0,0.0,0.0,0.0,,,,,,Iacobi's_J8A
iar_93b,2.0,100.0,6.0,6.0,11.0,11.0,14.0,40.91,1.09,1.64,0.68,0.68,0.0,,,,,,IAR-93B
jp_icv_ifv_prototype,0.0,,,,,,148.0,55.48,0.0,0.0,1.18,0.98,0.0,,,,,,ICV_(P)
il_2_37_1943,0.0,,,,,,0.0,,,,,,0.0,,,,,,IL-2-37
il-4,0.0,,,,,,0.0,,,,,,0.0,,,,,,IL-4
uk_a1e1_independent,0.0,,,,,,0.0,,,,,,0.0,,,,,,Independent
germ_iris_slm_launcher,,,,,,,,,,,,,,,,,,,IRIS-T_SLM_(СОУ)
germ_iris_slm_fcs,0.0,,,,,,213.0,38.98,2.91,2.19,0.0,0.0,0.0,,,,,,IRIS-T_SLM_(СОЦ)
ussr_is_2_1944_revenge,0.0,,,,,,134.0,96.77,0.0,0.0,7.53,2.68,0.0,,,,,,"IS-2_""Revenge"""
cn_is_2_1943_no402,0.0,,,,,,12.0,,,0.0,,1.0,0.0,,,,,,IS-2_No.402
it_semovente_m43_75_bersaglieri,,,,,,,,,,,,,,,,,,,it_semovente_m43_75_bersaglieri
sw_crotale_ng,0.0,,,,,,9.0,,,0.0,,0.0,0.0,,,,,,ItO_90M
j_10a,0.0,,,,,,121.0,78.05,1.44,2.45,0.13,0.17,0.0,,,,,,J-10A
j_11,0.0,,,,,,5.0,,,2.0,,0.0,0.0,,,,,,J-11
j_11a,2.0,50.0,3.0,6.0,0.5,1.0,69.0,81.25,2.05,1.2,0.0,0.0,0.0,,,,,,J-11A
j_16,0.0,,,,,,0.0,,,,,,0.0,,,,,,J-16
j_22m1a,0.0,,,,,,161.0,46.8,0.09,0.16,1.87,4.07,29.0,,,1.0,,6.38,J-22M1A
mig-17_china,0.0,,,,,,0.0,,,,,,0.0,,,,,,J-4
j_7_mk2,0.0,,,,,,0.0,,,,,,0.0,,,,,,J-7II
j_8f,1.0,,,1.0,,0.0,4.0,100.0,2.0,2.0,0.0,0.0,0.0,,,,,,J-8F
j1n1_mod11_early,0.0,,,,,,6.0,100.0,0.0,0.0,0.0,0.0,0.0,,,,,,J1N1
p-51b_7_sweden,1.0,,,,,,42.0,,,1.43,,1.0,0.0,,,,,,J26_David
saab_j29d,0.0,,,,,,0.0,,,,,,0.0,,,,,,J29D
j2m2,0.0,,,,,,123.0,100.0,3.85,3.22,1.39,1.07,0.0,,,,,,J2M2
j2m3,0.0,,,,,,123.0,57.76,0.91,1.05,0.29,0.36,0.0,,,,,,J2M3
j2m4_kai,0.0,,,,,,0.0,,,,,,0.0,,,,,,J2M4_Kai
j2m5,0.0,,,,,,6.0,0.0,0.0,0.0,0.0,0.0,0.0,,,,,,J2M5
j2m5_30mm,0.0,,,,,,15.0,,,1.0,,0.0,0.0,,,,,,J2M5
saab_j32b,0.0,,,,,,38.0,50.0,1.0,1.0,0.0,0.0,0.0,,,,,,J32B
hunter_f50_sweden,0.0,,,,,,9.0,0.0,1.0,1.0,0.0,0.0,11.0,,,0.0,,0.0,J34
saab_j35a,0.0,,,,,,161.0,56.38,1.9,2.99,0.22,0.35,43.0,,,6.05,,0.0,J35A
saab_j35d,0.0,,,,,,5.0,,,0.0,,0.0,5.0,,,2.6,,0.0,J35D
saab_j35j,0.0,,,,,,0.0,,,,,,0.0,,,,,,J35J
j5n1,0.0,,,,,,62.0,,,0.58,,0.63,0.0,,,,,,J5N1
j9_early,0.0,,,,,,0.0,,,,,,0.0,,,,,,J9_Early
saab_ja37d,0.0,,,,,,61.0,42.1,1.63,1.58,0.13,0.13,11.0,,,4.0,,0.0,JA37D
germ_jaguar_2,0.0,,,,,,107.0,10.21,0.0,0.0,1.31,0.67,0.0,,,,,,Jaguar_2
jaguar_a,0.0,,,,,,0.0,,,,,,0.0,,,,,,Jaguar_A
jaguar_gr1,0.0,,,,,,5.0,,,,,,0.0,,,,,,Jaguar_GR.1
jaguar_gr1a,0.0,,,,,,10.0,50.0,0.5,1.0,1.0,2.0,0.0,,,,,,Jaguar_GR.1A
germ_sk105_a2,0.0,,,,,,92.0,30.7,0.0,0.0,3.24,1.65,0.0,,,,,,JaPz.K_A2
saab_jas39a,0.0,,,,,,27.0,75.0,3.25,1.29,0.75,0.77,16.0,,,1.0,,0.0,JAS39A
saab_jas39c,0.0,,,,,,125.0,44.41,1.87,1.87,0.3,0.3,7.0,,,2.0,,1.0,JAS39C
saab_jas39c_thailand,0.0,,,,,,533.0,60.96,1.07,1.18,0.21,0.24,0.0,,,,,,JAS39C
saab_jas39c_south_africa,0.0,,,,,,39.0,72.73,3.73,2.5,0.45,0.19,16.0,,,1.0,,0.0,JAS39C
javelin_fmk9,0.0,,,,,,88.0,58.7,2.28,2.54,2.09,2.39,0.0,,,,,,Javelin_F.(A.W.)_Mk.9
jh_7a,0.0,,,,,,0.0,,,,,,0.0,,,,,,JH-7A
jh_7a_prototype,0.0,,,,,,38.0,,,,,,0.0,,,,,,JH-7A_Prototype
jh_7a2,0.0,,,,,,30.0,100.0,1.0,1.0,0.0,0.0,0.0,,,,,,JH-7A2
ju-288c,0.0,,,,,,273.0,39.98,0.43,0.65,0.25,0.31,18.0,50.0,0.0,0.78,1.38,0.94,Ju_288_C
ju-388j,0.0,,,,,,0.0,,,,,,0.0,,,,,,Ju_388_J
ju-87d-3,0.0,,,,,,2.0,100.0,0.0,0.0,2.0,2.0,0.0,,,,,,Ju_87_D-3
ju-87g_1,0.0,,,,,,8.0,,,0.0,,0.0,0.0,,,,,,Ju_87_G-1
ju-87g_2,0.0,,,,,,0.0,,,,,,0.0,,,,,,Ju_87_G-2
ju-87r-2,0.0,,,,,,0.0,,,,,,0.0,,,,,,Ju_87_R-2
ju-87r-2_italy,0.0,,,,,,2.0,,,,,,0.0,,,,,,Ju_87_R-2
ju-87r-2_snake,0.0,,,,,,1.0,50.0,0.0,0.0,0.5,1.0,0.0,,,,,,Ju_87_R-2_Libya
ju-88a-4_finland,0.0,,,,,,8.0,,,0.0,,1.0,0.0,,,,,,Ju_88_A-4
ju-88a-4,0.0,,,,,,0.0,,,,,,0.0,,,,,,Ju_88_A-4
ju-88c-6,0.0,,,,,,0.0,,,,,,0.0,,,,,,Ju_88_C-6
jp_type_3_ka_chi,1.0,,,,,,10.0,,,,,,0.0,,,,,,Ka-Chi
jp_type_2_ka_mi,0.0,,,,,,0.0,,,,,,0.0,,,,,,Ka-Mi
kfir_c2,0.0,,,,,,0.0,,,,,,0.0,,,,,,Kfir_C.2
kfir_c7,0.0,,,,,,24.0,,,,,,0.0,,,,,,Kfir_C.7
kfir_canard,0.0,,,,,,143.0,80.24,2.57,1.77,0.59,0.84,0.0,,,,,,Kfir_Canard
uk_khalid,0.0,,,,,,241.0,61.13,0.0,0.0,3.3,2.14,0.0,,,,,,Khalid
ussr_9p157,0.0,,,,,,33.0,7.14,0.0,0.0,1.71,1.76,0.0,,,,,,Khrizantema-S
ki_10_1,0.0,,,,,,0.0,,,,,,0.0,,,,,,Ki-10-I
ki_10_2_commander,0.0,,,,,,0.0,,,,,,0.0,,,,,,Ki-10-II_C
ki_102_otsu,0.0,,,,,,0.0,,,,,,0.0,,,,,,Ki-102_otsu
ki_108,0.0,,,,,,11.0,100.0,0.0,,0.0,,0.0,,,,,,Ki-108_Kai
ki_109,0.0,,,,,,0.0,,,,,,0.0,,,,,,Ki-109
j8m1,0.0,,,,,,0.0,,,,,,0.0,,,,,,Ki-200
ki_21_1ko,0.0,,,,,,0.0,,,,,,0.0,,,,,,Ki-21-Ia
ki-27_otsu_ep,0.0,,,,,,0.0,,,,,,0.0,,,,,,Ki-27_otsu_Tachiarai
ki_32,0.0,,,,,,0.0,,,,,,0.0,,,,,,Ki-32
ki_43_2_late,0.0,,,,,,4.0,,,,,,0.0,,,,,,Ki-43-II
ki_44_1,0.0,,,,,,12.0,,,1.0,,0.0,0.0,,,,,,Ki-44-I
ki_44_2_otsu,0.0,,,,,,12.0,100.0,0.0,0.0,2.0,1.0,0.0,,,,,,Ki-44-II_otsu
ki-45_hei,0.0,,,,,,5.0,50.0,1.0,2.0,0.0,0.0,0.0,,,,,,Ki-45_hei
ki-45_otsu,0.0,,,,,,5.0,,,1.0,,0.0,0.0,,,,,,Ki-45_otsu
ki-45_tei,0.0,,,,,,12.0,,,,,,0.0,,,,,,Ki-45_tei
ki_48_2_otsu,0.0,,,,,,0.0,,,,,,0.0,,,,,,Ki-48-II_otsu
ki-49_1,0.0,,,,,,0.0,,,,,,0.0,,,,,,Ki-49-I
ki-49_2a,0.0,,,,,,5.0,,,,,,0.0,,,,,,Ki-49-IIa
ki-49_2b,0.0,,,,,,5.0,,,,,,0.0,,,,,,Ki-49-IIb
ki-49_2b_late,0.0,,,,,,26.0,,,0.0,,0.0,0.0,,,,,,Ki-49-IIb/L
ki_67_1_ko,0.0,,,,,,0.0,,,,,,0.0,,,,,,Ki-67-I_Ko
ki_67_1_otsu,0.0,,,,,,14.0,100.0,2.0,,2.0,,0.0,,,,,,Ki-67-I_otsu
ki_84_otsu,0.0,,,,,,2.0,,,,,,0.0,,,,,,Ki-84_otsu
ki_87,0.0,,,,,,0.0,,,,,,0.0,,,,,,Ki-87
ki_93_1_ko,0.0,,,,,,0.0,,,,,,0.0,,,,,,Ki-93-I_Ko
ki_94_2,0.0,,,,,,0.0,,,,,,0.0,,,,,,Ki-94-II
kitsuka,0.0,,,,,,93.0,90.0,1.18,0.45,2.7,1.01,0.0,,,,,,Kikka
kor_1,,,,,,,,,,,,,,,,,,,KOR-1
i-15bis_krasnolutsky,0.0,,,,,,0.0,,,,,,0.0,,,,,,Krasnolutsky's_I-15bis
f-4e_iaf,0.0,,,,,,76.0,17.5,1.63,1.46,1.38,2.04,10.0,,,,,,Kurnass
f-4e_kurnass_2000,0.0,,,,,,15.0,,,,,,0.0,,,,,,Kurnass_2000
it_l3_cc,0.0,,,,,,0.0,,,,,,0.0,,,,,,L3/33_CC
it_l6,0.0,,,,,,0.0,,,,,,0.0,,,,,,L6/40
it_l6_leone,0.0,,,,,,0.0,,,,,,0.0,,,,,,L6/40_(31_Rgt.)
la-11,0.0,,,,,,8.0,100.0,0.0,0.0,0.0,0.0,0.0,,,,,,La-11
lagg-3-34,0.0,,,,,,0.0,,,,,,0.0,,,,,,LaGG-3-34
lagg-3-4,0.0,,,,,,0.0,,,,,,0.0,,,,,,LaGG-3-4
lancaster_mr7_france,0.0,,,,,,0.0,,,,,,0.0,,,,,,Lancaster_MR.7
late_298d,0.0,,,,,,0.0,,,,,,0.0,,,,,,Late_298D
fr_leclerc_azur,0.0,,,,,,68.0,42.95,0.0,0.0,2.65,2.14,0.0,,,,,,Leclerc_AZUR
fr_leclerc_sxxi,0.0,,,,,,214.0,61.0,0.0,0.0,3.43,2.45,0.0,,,,,,Leclerc_SXXI
leo_451_early,0.0,,,,,,0.0,,,,,,0.0,,,,,,LeO_451_early
leo_451_late,0.0,,,,,,0.0,,,,,,0.0,,,,,,LeO_451_late
fr_leopard_2a4nl_les,0.0,,,,,,761.0,52.25,0.0,0.0,1.89,1.43,0.0,,,,,,Leopard_2_(OTCo)
fr_leopard_2a4nl,0.0,,,,,,201.0,51.97,0.0,0.0,2.05,1.21,0.0,,,,,,Leopard_2A4NL
fr_leopard_2a5nl,0.0,,,,,,74.0,100.0,0.0,0.0,6.4,7.28,0.0,,,,,,Leopard_2A5NL
fr_leopard_2a6nl,0.0,,,,,,63.0,100.0,0.0,0.0,10.47,2.99,0.0,,,,,,Leopard_2A6NL
germ_leopard_2av,0.0,,,,,,181.0,79.36,0.0,0.0,6.45,3.83,0.0,,,,,,Leopard_2AV
jp_leopard_2ri,0.0,,,,,,255.0,76.3,0.0,0.0,4.42,3.83,0.0,,,,,,Leopard_2RI
uk_vickers_mk_6_aa_mk_1,0.0,,,,,,14.0,,,0.0,,0.0,0.0,,,,,,Light_AA_Mk_I
lightning_f53,0.0,,,,,,18.0,100.0,1.0,1.0,1.0,0.72,0.0,,,,,,Lightning_F.53
lincoln_b2,0.0,,,,,,0.0,,,,,,0.0,,,,,,Lincoln_B_Mk_II
fr_lorraine_155,0.0,,,,,,0.0,,,,,,0.0,,,,,,Lorraine_155_Mle.50
fr_lorraine_37l,0.0,,,,,,0.0,,,,,,0.0,,,,,,Lorraine_37L
us_losat_ccv,0.0,,,,,,335.0,48.16,0.0,0.0,2.86,2.53,0.0,,,,,,LOSAT
sw_lvrbv_701,0.0,,,,,,0.0,,,,,,0.0,,,,,,Lvrbv_701
us_lvt_a_4,0.0,,,,,,0.0,,,,,,0.0,,,,,,LVT(A)(4)
us_lvt_4_zis_2,0.0,,,,,,0.0,,,,,,0.0,,,,,,LVT(A)(4)_(ZIS-2)
fr_lvt_bofors,0.0,,,,,,3.0,,,,,,0.0,,,,,,LVT-4/40
m_346fa,0.0,,,,,,16.0,,,,,,0.0,,,,,,M-346FA
mb_151c1,0.0,,,,,,0.0,,,,,,0.0,,,,,,M.B.151C.1
mb_152c1,0.0,,,,,,0.0,,,,,,0.0,,,,,,M.B.152C1
mb_162,0.0,,,,,,0.0,,,,,,0.0,,,,,,M.B.162
mb_174_a3,0.0,,,,,,0.0,,,,,,0.0,,,,,,M.B.174A-3
mb_175t,0.0,,,,,,0.0,,,,,,0.0,,,,,,M.B.175T
md_452_mystere_2a,0.0,,,,,,35.0,,,2.26,,1.0,0.0,,,,,,M.D.452_IIA
md_452_mystere_2c_preproduction,0.0,,,,,,20.0,,,1.0,,1.0,0.0,,,,,,M.D.452_IIC
us_m109a1,0.0,,,,,,127.0,95.4,0.0,0.0,0.94,0.5,0.0,,,,,,M109A1
it_m11_39,0.0,,,,,,0.0,,,,,,0.0,,,,,,M11/39
us_m1128_mgs,0.0,,,,,,495.0,44.79,0.0,0.0,1.31,1.05,0.0,,,,,,M1128
it_m113a1_tow,0.0,,,,,,121.0,51.92,0.0,0.0,0.88,0.73,0.0,,,,,,M113A1_(TOW)
it_m13_40_serie_2,0.0,,,,,,9.0,0.0,0.0,,1.0,,0.0,,,,,,M13/40_(II)
it_m14_41,0.0,,,,,,0.0,,,,,,0.0,,,,,,M14/41
it_m14_41_47_40,2.0,50.0,0.0,0.0,1.5,3.0,0.0,,,,,,0.0,,,,,,M14/41_(47/40)
us_halftrack_m15,0.0,,,,,,22.0,,,0.0,,0.0,0.0,,,,,,M15_CGMC
it_m15_42,0.0,,,,,,0.0,,,,,,0.0,,,,,,M15/42
us_halftrack_m16,0.0,,,,,,60.0,0.0,1.62,1.12,0.0,0.0,0.0,,,,,,M16_MGMC
us_m163_vulcan,0.0,,,,,,298.0,43.82,0.62,0.7,0.21,0.24,0.0,,,,,,M163
jp_m163_vulcan,0.0,,,,,,203.0,74.14,0.9,1.02,0.1,0.14,0.0,,,,,,M163
jp_m19,0.0,,,,,,422.0,57.03,0.6,0.41,1.03,0.66,0.0,,,,,,M19A1
uk_m1a1_aim_abrams,0.0,,,,,,23.0,100.0,0.0,0.0,4.91,4.91,0.0,,,,,,M1A1
us_m1a1_hc_abrams,0.0,,,,,,591.0,70.72,0.0,0.0,3.63,3.55,0.0,,,,,,M1A1_HC
uk_m1a2_sep3_abrams,0.0,,,,,,444.0,65.05,0.04,0.04,3.44,3.0,0.0,,,,,,M1A2
us_m2_medium,0.0,,,,,,25.0,,,0.0,,0.0,0.0,,,,,,M2
us_m2a2,0.0,,,,,,0.0,,,,,,0.0,,,,,,M2A2
ussr_m3c,0.0,,,,,,0.0,,,,,,0.0,,,,,,M3_Medium
us_m3a1_stuart_usmc,0.0,,,,,,28.0,,,0.0,,1.39,0.0,,,,,,M3A1_(USMC)
us_m3a3_bradley,0.0,,,,,,173.0,23.01,0.0,0.0,1.0,0.45,0.0,,,,,,M3A3_Bradley
fr_m3a3_stuart,0.0,,,,,,16.0,100.0,0.0,0.0,2.5,2.5,0.0,,,,,,M3A3_Stuart
jp_m41_walker_bulldog,0.0,,,,,,674.0,58.69,0.0,0.0,1.45,1.15,0.0,,,,,,M41A1
fr_m44,0.0,,,,,,114.0,43.33,0.0,0.0,1.53,1.8,0.0,,,,,,M44
fr_m46_patton,0.0,,,,,,64.0,87.5,0.0,0.0,7.38,3.42,0.0,,,,,,M46
us_m47_patton_II,0.0,,,,,,178.0,47.62,0.0,0.0,1.86,1.27,13.0,,,0.0,,0.0,M47
it_m47_105,0.0,,,,,,38.0,100.0,0.0,0.0,2.0,0.71,0.0,,,,,,M47_(105/55)
us_m4a2_1944,,,,,,,,,,,,,,,,,,,M4A2_(1944)
fr_m4a3_105_sherman,0.0,,,,,,38.0,,,0.0,,2.36,0.0,,,,,,M4A3_(105)
fr_m4a3e2_sherman_jumbo,0.0,,,,,,88.0,50.0,0.0,0.0,4.93,2.74,0.0,,,,,,M4A3E2
ussr_m53_59_kit_4rank,0.0,,,,,,0.0,,,,,,0.0,,,,,,M53/59_(Будь_Готов!)
fr_m55,0.0,,,,,,37.0,100.0,0.0,0.0,6.0,3.43,0.0,,,,,,M55
us_m551_76,0.0,,,,,,256.0,54.97,0.0,0.0,2.03,2.01,0.0,,,,,,M551(76)
us_m5a1_stuart_td,0.0,,,,,,0.0,,,,,,0.0,,,,,,M5A1_TD
us_m60,0.0,,,,,,63.0,25.49,0.0,0.0,1.85,1.05,2.0,,,0.0,,1.0,M60
it_m60a1_ariete,0.0,,,,,,28.0,66.67,0.0,0.0,3.3,2.5,0.0,,,,,,"M60A1_""D.C.Ariete"""
us_m60a1_rise_mod,0.0,,,,,,72.0,66.67,0.0,0.0,4.0,2.4,0.0,,,,,,M60A1_Predator
us_m60a3_tts,0.0,,,,,,313.0,49.6,0.0,0.0,1.8,1.55,0.0,,,,,,M60A3_TTS
us_m728,0.0,,,,,,17.0,88.24,0.0,0.0,2.71,2.94,0.0,,,,,,M728_CEV
us_m8_greyhound,0.0,,,,,,14.0,,,0.0,,2.43,0.0,,,,,,M8_LAC
il_magach_3_idf,0.0,,,,,,23.0,,,0.0,,1.0,0.0,,,,,,Magach_3
us_magach_3,0.0,,,,,,8.0,,,,,,0.0,,,,,,Magach_3_(ERA)
il_magach_3,0.0,,,,,,0.0,,,,,,0.0,,,,,,Magach_3_(ERA)
il_magach_6,0.0,,,,,,0.0,,,,,,0.0,,,,,,Magach_6
il_magach_6r,0.0,,,,,,111.0,93.82,0.0,0.0,2.71,2.26,0.0,,,,,,Magach_6R
fiat_cr42_marcolin,0.0,,,,,,0.0,,,,,,0.0,,,,,,Marcolin's_C.R.42_CN
fiat_cr42_marcolin_italy,0.0,,,,,,0.0,,,,,,0.0,,,,,,Marcolin's_C.R.42_CN
uk_mark_v,0.0,,,,,,0.0,,,,,,0.0,,,,,,Mark_V
fr_mars_15,0.0,,,,,,165.0,49.51,0.0,0.0,1.52,0.92,0.0,,,,,,MARS_15
martin_139wc,0.0,,,,,,0.0,,,,,,0.0,,,,,,Martin_139WC
f4f-4_martlet_mk4,0.0,,,,,,0.0,,,,,,0.0,,,,,,Martlet_Mk_IV
mb_326b,0.0,,,,,,44.0,100.0,0.61,1.0,3.46,7.86,75.0,94.74,0.34,0.6,4.66,6.5,MB-326B
mb_5,0.0,,,,,,185.0,83.88,3.54,10.85,0.96,2.85,0.0,,,,,,MB.5
mbr-2,0.0,,,,,,0.0,,,,,,0.0,,,,,,MBR-2-M-34
us_mbt_70,1.0,,,,,,1435.0,57.13,0.0,0.0,1.83,1.49,0.0,,,,,,MBT-70
me-163b,0.0,,,,,,19.0,0.0,1.0,1.0,0.0,0.0,0.0,,,,,,Me_163_B
me-163b-0,0.0,,,,,,0.0,,,,,,0.0,,,,,,Me_163_B-0
me_210_v22_japan,0.0,,,,,,0.0,,,,,,0.0,,,,,,Me_210_V22
me-262a-1a,0.0,,,,,,34.0,0.0,0.54,0.54,0.0,0.0,0.0,,,,,,Me_262_A-1a
me-262a-1a_early,0.0,,,,,,25.0,,,3.2,,2.4,0.0,,,,,,Me_262_A-1a/Jabo
me-262a-2a,0.0,,,,,,79.0,87.5,3.97,1.09,1.81,1.55,0.0,,,,,,Me_262_A-2a
me-262c-1a,0.0,,,,,,0.0,,,,,,0.0,,,,,,Me_262_C-1a
me-262c-2b,0.0,,,,,,17.0,,,,,,0.0,,,,,,Me_262_C-2b
me-410a-1_u4,0.0,,,,,,24.0,,,0.0,,0.27,0.0,,,,,,Me_410_A-1/U4
us_merkava_mk_1,0.0,,,,,,16.0,,,,,,0.0,,,,,,Merkava_Mk.1
us_merkava_mk_2b_late,0.0,,,,,,12.0,,,0.0,,1.0,0.0,,,,,,Merkava_Mk.2B
us_merkava_mk_3d,0.0,,,,,,5.0,50.0,0.0,0.0,1.0,2.0,0.0,,,,,,Merkava_Mk.3D
il_merkava_mk_4_lic,0.0,,,,,,39.0,51.85,0.0,0.0,1.04,2.04,0.0,,,,,,Merkava_Mk.4_LIC
il_merkava_mk_4b,0.0,,,,,,15.0,50.0,0.0,0.0,2.3,2.43,0.0,,,,,,Merkava_Mk.4B
il_merkava_mk_4m,0.0,,,,,,340.0,77.49,0.02,0.02,5.69,6.36,0.0,,,,,,Merkava_Mk.4M
meteor_fmk3,0.0,,,,,,36.0,100.0,0.0,0.52,1.0,0.09,0.0,,,,,,Meteor_F_Mk_3
meteor_fmk4_sw,0.0,,,,,,12.0,100.0,5.5,11.0,0.0,0.0,0.0,,,,,,Meteor_F_Mk_4_G.41G
meteor_fmk8,0.0,,,,,,15.0,100.0,0.0,,0.0,,0.0,,,,,,Meteor_F_Mk_8_G.41K
meteor_fmk8_belgium,0.0,,,,,,26.0,100.0,1.42,,1.83,,0.0,,,,,,Meteor_F_Mk.8
meteor_fmk8_reaper,0.0,,,,,,76.0,72.73,2.57,3.64,2.25,3.23,0.0,,,,,,Meteor_F_Mk.8_Reaper
mig-15_ns23,2.0,50.0,1.5,3.0,0.5,1.0,77.0,69.03,3.08,2.74,0.05,0.18,0.0,,,,,,MiG-15
mig-15bis_ish,0.0,,,,,,35.0,88.89,0.22,0.44,2.39,2.36,0.0,,,,,,MiG-15bis_ISH
mig-21_bison,0.0,,,,,,334.0,52.64,1.2,1.43,0.09,0.13,16.0,,,1.0,,0.0,MiG-21_Bison
mig_29_9_12_sniper,0.0,,,,,,277.0,54.19,1.65,1.29,0.14,0.15,80.0,0.0,4.79,1.4,0.0,0.0,MiG-29_Sniper
mig_29n,0.0,,,,,,102.0,75.36,1.29,1.78,0.18,0.29,0.0,,,,,,MiG-29N
mirage_milan,0.0,,,,,,36.0,84.03,0.26,0.45,0.97,1.2,0.0,,,,,,Milan
mirage_2000_5eg_mk2_greece,0.0,,,,,,0.0,,,,,,0.0,,,,,,Mirage_2000-5EG
mirage_2000_5f,0.0,,,,,,177.0,61.6,2.06,2.66,0.0,0.0,9.0,,,0.0,,0.0,Mirage_2000-5F
mirage_2000c_s5,0.0,,,,,,157.0,57.16,2.05,3.28,0.79,1.23,0.0,,,,,,Mirage_2000C-S5
mirage_2000d_r1,0.0,,,,,,0.0,,,,,,0.0,,,,,,Mirage_2000D-R1
mirage_2000d_rmv,0.0,,,,,,1.0,,,,,,11.0,,,0.0,,0.0,Mirage_2000D-RMV
mirage_f1c,0.0,,,,,,60.0,92.94,2.68,1.45,0.04,0.04,0.0,,,,,,Mirage_F1C
mirage_f1c_200,0.0,,,,,,402.0,51.75,1.48,1.41,0.3,0.29,64.0,100.0,10.0,2.63,0.0,0.0,Mirage_F1C-200
mirage_f1cg_greece,0.0,,,,,,0.0,,,,,,0.0,,,,,,Mirage_F1CG
mirage_f1ct,0.0,,,,,,0.0,,,,,,4.0,,,2.0,,0.0,Mirage_F1CT
mirage_3e,0.0,,,,,,48.0,86.02,2.41,2.88,0.0,0.0,0.0,,,,,,Mirage_IIIE
ussr_a_12_mk_2_matilda_2A_F96,0.0,,,,,,0.0,,,,,,0.0,,,,,,MK-II_«Matilda»
mosquito_fb_mk6,0.0,,,,,,0.0,,,,,,0.0,,,,,,Mosquito_FB_Mk_VI
mosquito_fb_mk18,0.0,,,,,,0.0,,,,,,0.0,,,,,,Mosquito_FB_Mk_XVIII
mosquito_fb_mk26_china,0.0,,,,,,17.0,55.56,3.0,,2.94,,0.0,,,,,,Mosquito_FB.Mk.26
mosquito_tr_mk33,0.0,,,,,,0.0,,,,,,0.0,,,,,,Mosquito_TR.Mk.33
mosquito_b_mk16,1.0,0.0,0.0,,5.0,,0.0,,,,,,0.0,,,,,,Mosquito_B.Mk.XVI
mosquito_nf_mk2,0.0,,,,,,0.0,,,,,,0.0,,,,,,Mosquito_NF.Mk.II
fr_msc,0.0,,,,,,247.0,81.3,0.0,0.0,3.45,2.71,11.0,,,0.0,,2.0,MSC
md_454_mystere_4a,0.0,,,,,,5.0,,,,,,0.0,,,,,,Mystere_IVA
nc_223_3,0.0,,,,,,0.0,,,,,,0.0,,,,,,N.C.223.3
n1k1_kyuofu,0.0,,,,,,19.0,,,,,,0.0,,,,,,N1K1
n1k1_ja,0.0,,,,,,0.0,,,,,,0.0,,,,,,N1K1-Ja
n1k2_j,0.0,,,,,,26.0,100.0,1.18,1.18,2.09,2.09,0.0,,,,,,N1K2-J
il_namer_tsrikhon,0.0,,,,,,59.0,83.95,0.0,0.0,2.13,2.19,0.0,,,,,,Namer_Tsrikhon
sw_nasams_fcs,0.0,,,,,,83.0,63.69,1.58,1.93,0.0,0.0,0.0,,,,,,NASAMS_3_(СОЦ)
us_nasams_fcs,0.0,,,,,,213.0,45.96,2.37,1.6,0.0,0.0,0.0,,,,,,NASAMS_3_(СОЦ)
fw-190a-8_france,0.0,,,,,,11.0,100.0,3.0,,4.0,,0.0,,,,,,NC.900
nesher,0.0,,,,,,3.0,,,,,,0.0,,,,,,Nesher
f_16a_block_10_iaf,0.0,,,,,,14.0,50.0,0.52,1.0,0.5,0.98,11.0,,,2.0,,0.0,Netz
f_16a_block_10_netz_mod,0.0,,,,,,59.0,68.75,0.98,2.18,0.86,1.32,35.0,,,0.0,,4.0,Netz_(Mod)
nimrod_mk1,0.0,,,,,,0.0,,,,,,0.0,,,,,,Nimrod_Mk_I
nimrod_mk2,0.0,,,,,,0.0,,,,,,0.0,,,,,,Nimrod_Mk_II
sw_nomads,0.0,,,,,,8.0,0.0,2.0,2.0,0.0,0.0,0.0,,,,,,NOMADS
ussr_object_140,0.0,,,,,,239.0,58.93,0.0,0.0,5.58,2.29,0.0,,,,,,Object_140
ussr_object_292,0.0,,,,,,411.0,56.06,0.0,0.0,4.34,2.67,0.0,,,,,,Object_292
ussr_object_685,0.0,,,,,,183.0,56.45,0.0,0.0,1.65,1.49,0.0,,,,,,Object_685
it_of_40_mk_1,0.0,,,,,,229.0,67.33,0.0,0.0,3.13,2.17,0.0,,,,,,OF-40
it_of_40_mk_2a,0.0,,,,,,103.0,51.4,0.0,0.0,1.72,2.01,1.0,,,0.0,,2.0,OF-40_Mk.2A
uk_olifant_mk_1a,0.0,,,,,,215.0,62.73,0.0,0.0,2.82,2.85,0.0,,,,,,Olifant_Mk.1A
uk_olifant_mk_2,0.0,,,,,,121.0,54.35,0.0,0.0,3.33,2.78,0.0,,,,,,Olifant_Mk.2
cn_oplot_t,0.0,,,,,,109.0,58.94,0.0,0.0,2.02,1.98,0.0,,,,,,Oplot-M
os2u_1,0.0,,,,,,0.0,,,,,,0.0,,,,,,OS2U-1
os2u_3,0.0,,,,,,0.0,,,,,,0.0,,,,,,OS2U-3
uk_9a33bm2,0.0,,,,,,0.0,,,,,,0.0,,,,,,Osa-AK
it_9a33bm3,0.0,,,,,,0.0,,,,,,0.0,,,,,,Osa-AKM
germ_flakpanzer_IV_Ostwind_2_net,0.0,,,,,,270.0,25.91,0.87,0.49,0.3,0.15,7.0,0.0,0.0,0.0,0.0,0.0,Ostwind_Ost
p-26a_34,0.0,,,,,,0.0,,,,,,0.0,,,,,,P-26A-34
p-38j,0.0,,,,,,2.0,100.0,4.0,4.0,5.5,5.5,15.0,100.0,0.0,0.0,1.0,1.0,P-38J-15
p-38k,0.0,,,,,,0.0,,,,,,0.0,,,,,,P-38K
p-39k_1,0.0,,,,,,0.0,,,,,,0.0,,,,,,P-39K-1
p-39q_15,0.0,,,,,,0.0,,,,,,0.0,,,,,,P-39Q-15
p-39q_5,0.0,,,,,,5.0,100.0,0.0,0.0,2.0,2.0,0.0,,,,,,P-39Q-5
p-40c,0.0,,,,,,0.0,,,,,,0.0,,,,,,P-40C
p-40e_td,0.0,,,,,,0.0,,,,,,0.0,,,,,,P-40E-1_TD
p-43a-1,0.0,,,,,,0.0,,,,,,0.0,,,,,,P-43A-1
p-51c-11-nt_japan,0.0,,,,,,48.0,97.62,2.21,3.93,0.5,1.33,0.0,,,,,,P-51C-11-NT
p-59a,0.0,,,,,,65.0,86.36,1.75,1.57,1.49,1.2,0.0,,,,,,P-59A
p-66,0.0,,,,,,0.0,,,,,,0.0,,,,,,P-66
p_108a_serie2,0.0,,,,,,0.0,,,,,,0.0,,,,,,P.108A_serie_2
fr_citroen_kegresse_p4t,0.0,,,,,,0.0,,,,,,0.0,,,,,,P.7.T_AA
p1y1_mod11,0.0,,,,,,0.0,,,,,,0.0,,,,,,P1Y1_mod._11
d_510,0.0,,,,,,0.0,,,,,,0.0,,,,,,Pallier's_D.510
fr_pzkpfw_V_panther_dauphine,0.0,,,,,,21.0,100.0,0.0,0.0,4.0,2.0,0.0,,,,,,Panther_«Dauphine»
germ_panzerjager_1,0.0,,,,,,2.0,0.0,0.0,0.0,1.0,1.0,0.0,,,,,,Panzerjäger_I
sw_pbil_m40,0.0,,,,,,0.0,,,,,,0.0,,,,,,Pbil_m/40
pbj_1h,0.0,,,,,,2.0,100.0,1.0,,7.0,,0.0,,,,,,PBJ-1H
pbj_1j,0.0,,,,,,0.0,,,,,,0.0,,,,,,PBJ-1J
pbm_1,0.0,,,,,,0.0,,,,,,0.0,,,,,,"PBM-1_""Mariner"""
pbm_5a,0.0,,,,,,0.0,,,,,,0.0,,,,,,"PBM-5A_""Mariner"""
sw_pbv_301,0.0,,,,,,6.0,,,0.0,,0.0,0.0,,,,,,Pbv_301
sw_pbv_302_bill,0.0,,,,,,30.0,50.0,0.0,0.0,1.0,1.0,0.0,,,,,,Pbv_302_(BILL)
pby-5,0.0,,,,,,0.0,,,,,,0.0,,,,,,PBY-5_Catalina
pby-5a_late_france,0.0,,,,,,0.0,,,,,,0.0,,,,,,PBY-5A_Late
cn_pgz_04a,0.0,,,,,,104.0,61.11,0.74,1.19,0.0,0.0,0.0,,,,,,PGZ04A
cn_pgz_09,0.0,,,,,,76.0,42.0,1.82,1.35,0.61,0.49,0.0,,,,,,PGZ09
cn_pgz_88,0.0,,,,,,215.0,38.85,0.34,0.2,1.13,0.66,0.0,,,,,,PGZ88
cn_type_65_aa,0.0,,,,,,10.0,,,0.0,,0.0,0.0,,,,,,Phòng_không_T-34
cn_plz_45,,,,,,,,,,,,,,,,,,,PLZ45
cn_plz_83_130,0.0,,,,,,35.0,46.67,0.0,0.0,1.94,3.04,0.0,,,,,,PLZ83-130
po-2,0.0,,,,,,0.0,,,,,,0.0,,,,,,Po-2
po-2_nw,,,,,,,,,,,,,,,,,,,Po-2_Night_Witch
po-2m,0.0,,,,,,0.0,,,,,,0.0,,,,,,Po-2M
potez_630,0.0,,,,,,0.0,,,,,,0.0,,,,,,Potez_630
potez_631,0.0,,,,,,16.0,,,0.0,,1.0,0.0,,,,,,Potez_631
potez_633,0.0,,,,,,0.0,,,,,,0.0,,,,,,Potez_633
spitfire_fr_mk14e,0.0,,,,,,10.0,,,0.0,,0.0,0.0,,,,,,Prendergast's_Spitfire_FR_Mk_XIVe
germ_leopard_2_pt14,0.0,,,,,,15.0,,,,,,0.0,,,,,,PT-16/T14_mod.
cn_ptl_02,0.0,,,,,,70.0,100.0,0.0,0.0,2.54,2.03,0.0,,,,,,PTL02
germ_schutzenpanzer_puma,0.0,,,,,,194.0,51.4,0.04,0.02,1.32,1.02,0.0,,,,,,PUMA
germ_schutzenpanzer_puma_vjtf_mod,0.0,,,,,,0.0,,,,,,0.0,,,,,,Puma_u14
sw_pvkv_m43_1963,0.0,,,,,,27.0,,,0.0,,1.0,0.0,,,,,,Pvkv_m/43_(1963)
sw_pvlvv_fm42,1.0,,,,,,0.0,,,,,,0.0,,,,,,Pvlvv_fm/42
germ_pzkpfw_38t_na,0.0,,,,,,0.0,,,,,,0.0,,,,,,Pz.38(t)_n.A.
germ_pzkpfw_38t_ausf_A,0.0,,,,,,13.0,50.0,0.0,0.0,1.5,2.92,0.0,,,,,,Pz.38(t)_A
germ_pzkpfw_38t_ausf_F,0.0,,,,,,0.0,,,,,,0.0,,,,,,Pz.38(t)_F
germ_pzkpfw_II_ausf_C_td,0.0,,,,,,0.0,,,,,,0.0,,,,,,Pz.II_C_TD
germ_pzkpfw_III_ausf_J_td,0.0,,,,,,0.0,,,,,,0.0,,,,,,Pz.III_J1_TD
it_pzkpfw_III_ausf_N,0.0,,,,,,13.0,,,0.0,,1.8,0.0,,,,,,Pz.III_N
germ_pzkpfw_III_ausf_J_L42,0.0,,,,,,7.0,,,0.0,,2.0,0.0,,,,,,Pz.III_J
germ_pzkpfw_II_ausf_F,0.0,,,,,,14.0,100.0,0.0,0.0,2.0,1.43,0.0,,,,,,Pz.II_F
germ_pzkpfw_II_ausf_C_DAK,0.0,,,,,,32.0,60.0,0.0,0.0,3.8,1.86,0.0,,,,,,Pz.II_С_(DAK)
germ_pzkpfw_IV_ausf_E,0.0,,,,,,24.0,0.0,0.0,0.0,1.27,1.25,0.0,,,,,,Pz.IV_E
germ_amd_35_kwk,0.0,,,,,,0.0,,,,,,0.0,,,,,,Pz.Sp.Wg.P204(f)_KwK
germ_amd_35_kwk39,0.0,,,,,,59.0,0.0,0.0,0.0,5.64,1.84,0.0,,,,,,Pz.Sp.Wg.P204(f)_PaK
it_pzh_2000,,,,,,,,,,,,,,,,,,,PzH_2000
q_5_early,0.0,,,,,,21.0,,,,,,0.0,,,,,,Q-5_early
q_5l,0.0,,,,,,0.0,,,,,,127.0,100.0,0.0,0.0,0.0,0.0,Q-5L
quing_6,0.0,,,,,,8.0,,,,,,0.0,,,,,,Qing-6
cn_qn506,0.0,,,,,,94.0,24.73,0.0,0.0,0.68,0.71,0.0,,,,,,QN506
fr_renault_r39,0.0,,,,,,0.0,,,,,,0.0,,,,,,R.35_(SA38)
r2y2_v1,0.0,,,,,,17.0,,,,,,0.0,,,,,,R2Y2_Kai_V1
r2y2_v2,0.0,,,,,,1.0,,,,,,0.0,,,,,,R2Y2_Kai_V2
r2y2_kai,0.0,,,,,,4.0,,,2.0,,3.0,0.0,,,,,,R2Y2_Kai_V3
il_merkava_mk_3_raam_segol,0.0,,,,,,237.0,81.29,0.0,0.0,3.96,2.3,0.0,,,,,,Ra'am_Sagol
rafale_eg_greece,,,,,,,,,,,,,,,,,,,Rafale_EG
uk_tracked_rapier,0.0,,,,,,5.0,0.0,1.0,1.0,0.0,0.0,0.0,,,,,,Rapier
p-36a_rasmussen,0.0,,,,,,0.0,,,,,,0.0,,,,,,Rasmussen's_P-36A
uk_ratel_20,0.0,,,,,,77.0,1.45,0.0,0.0,1.04,0.47,0.0,,,,,,Ratel_20
re_2000_ga,0.0,,,,,,0.0,,,,,,0.0,,,,,,Re.2000_G.A.
re_2000_int,0.0,,,,,,0.0,,,,,,0.0,,,,,,Re.2000_serie_1
re_2001_serie1_ep,0.0,,,,,,0.0,,,,,,0.0,,,,,,Re.2001_gruppo_22
jp_type_95_heavy,0.0,,,,,,10.0,,,0.0,,2.0,0.0,,,,,,Ro-Go
jp_hiro_sha,0.0,,,,,,15.0,,,0.0,,1.0,0.0,,,,,,Ro-Go_Exp.
ro_43,,,,,,,,,,,,,,,,,,,Ro.43
ro_44,0.0,,,,,,0.0,,,,,,0.0,,,,,,Ro.44
fr_amx_30_roland,0.0,,,,,,24.0,,,0.76,,0.0,0.0,,,,,,Roland_1
uk_rooikat_105_td,0.0,,,,,,73.0,58.33,0.0,0.0,2.83,3.33,0.0,,,,,,Rooikat_105
uk_rooikat_76,0.0,,,,,,178.0,56.32,0.0,0.0,1.66,0.98,0.0,,,,,,Rooikat_Mk.1D
uk_rooikat_mttd,0.0,,,,,,121.0,91.46,0.0,0.0,4.43,3.75,0.0,,,,,,Rooikat_MTTD
germ_ru251,0.0,,,,,,148.0,49.09,0.0,0.0,4.53,2.92,0.0,,,,,,Ru_251
fr_somua_s35,0.0,,,,,,8.0,,,0.0,,2.0,0.0,,,,,,S.35
s_81_ar125,0.0,,,,,,0.0,,,,,,0.0,,,,,,S.81
sm_79_1941,0.0,,,,,,0.0,,,,,,0.0,,,,,,S.M.79_AS
sm_79_1941_italy,0.0,,,,,,0.0,,,,,,0.0,,,,,,S.M.79_AS
sm_79_iar,0.0,,,,,,0.0,,,,,,0.0,,,,,,S.M.79_B
sm_79_1942,0.0,,,,,,0.0,,,,,,0.0,,,,,,S.M.79_bis/N
sm_79_1943,0.0,,,,,,0.0,,,,,,0.0,,,,,,S.M.79_bis/T.M
sm_79_1943_italy,0.0,,,,,,0.0,,,,,,0.0,,,,,,S.M.79_bis/T.M
sm_79_1936,0.0,,,,,,0.0,,,,,,0.0,,,,,,S.M.79_serie_1
sm_79_1936_italy,0.0,,,,,,0.0,,,,,,0.0,,,,,,S.M.79_serie_1
sm_79_1937,0.0,,,,,,0.0,,,,,,0.0,,,,,,S.M.79_serie_4
sm_79_1939,0.0,,,,,,0.0,,,,,,0.0,,,,,,S.M.79_serie_8
sm_79_1939_italy,0.0,,,,,,0.0,,,,,,0.0,,,,,,S.M.79_serie_8
so_4050_vautour_2n,0.0,,,,,,36.0,100.0,0.73,0.73,0.6,0.6,0.0,,,,,,S.O.4050_Vautour_IIN
so_8000_narval,0.0,,,,,,38.0,100.0,4.94,4.06,2.24,1.81,0.0,,,,,,S.O.8000_Narval
saab_b17bs,0.0,,,,,,0.0,,,,,,0.0,,,,,,S17BS
md_460_saar,0.0,,,,,,11.0,100.0,1.0,1.0,0.0,0.0,0.0,,,,,,Sa'ar
saab_f35_wdns,0.0,,,,,,3.0,100.0,0.0,0.0,0.0,0.0,0.0,,,,,,Saab_F-35
saab_j35xs,0.0,,,,,,176.0,33.77,1.82,2.09,0.15,0.18,0.0,,,,,,Saab_J35XS
saab_105g,0.0,,,,,,393.0,49.5,0.66,0.78,1.25,1.46,0.0,,,,,,SAAB-105G
saab_105oe,0.0,,,,,,18.0,,,,,,0.0,,,,,,SAAB-105OE
md_460_sambad,0.0,,,,,,0.0,,,,,,0.0,,,,,,Sambad
fr_vab_santal,0.0,,,,,,90.0,2.17,1.98,1.03,0.0,0.0,0.0,,,,,,SANTAL
uk_marmon_herrington_mk_6_2pdr,0.0,,,,,,21.0,54.17,0.0,0.0,1.38,1.08,0.0,,,,,,SARC_MkVI_(2pdr)
fr_somua_sau40,0.0,,,,,,0.0,,,,,,0.0,,,,,,SAu_40
sb_2m_100,0.0,,,,,,1.0,,,,,,0.0,,,,,,SB_2M-100
sb_2m_103c,0.0,,,,,,0.0,,,,,,0.0,,,,,,SB_2M-103
sb_2m_103_mv3,0.0,,,,,,0.0,,,,,,0.0,,,,,,SB_2M-103_MV-3
sb_2m_103u,0.0,,,,,,0.0,,,,,,0.0,,,,,,SB_2M-103U
sb_2m_103u_mv3,0.0,,,,,,0.0,,,,,,0.0,,,,,,SB_2M-103U_MV-3
sb2c_1c,0.0,,,,,,20.0,0.0,0.0,0.0,1.0,0.33,0.0,,,,,,SB2C-1C
sb2c_4,0.0,,,,,,2.0,0.0,0.0,0.0,0.0,0.0,0.0,,,,,,SB2C-4
sb2c_5_greece,0.0,,,,,,0.0,,,,,,0.0,,,,,,SB2C-5
sb2u-2,0.0,,,,,,5.0,,,0.0,,0.0,0.0,,,,,,SB2U-2
uk_fv107_scimitar,0.0,,,,,,89.0,84.95,0.0,0.0,1.03,0.65,0.0,,,,,,Scimitar
scimitar_f1,0.0,,,,,,33.0,89.86,2.27,2.7,0.44,0.52,0.0,,,,,,Scimitar_F_Mk.1
uk_fv107_scimitar_mk2,0.0,,,,,,218.0,31.82,0.0,0.0,3.12,0.72,0.0,,,,,,Scimitar_Mk.2
germ_sdkfz_234_1,0.0,,,,,,18.0,64.58,0.25,0.25,2.79,3.16,8.0,,,0.0,,1.0,Sd.Kfz.234/1
germ_sdkfz_234_2_td,0.0,,,,,,45.0,45.0,0.0,0.0,0.77,1.05,0.0,,,,,,Sd.Kfz.234/2_TD
germ_sdkfz_234_3,0.0,,,,,,31.0,51.0,0.0,0.0,3.48,3.35,0.0,,,,,,Sd.Kfz.234/3
germ_sdkfz_234_4,0.0,,,,,,109.0,92.93,0.0,0.0,3.77,2.22,0.0,,,,,,Sd.Kfz.234/4
germ_sdkfz_251_10,0.0,,,,,,5.0,50.0,0.0,0.0,0.5,1.0,0.0,,,,,,Sd.Kfz.251/10
germ_sdkfz_251_22,1.0,,,,,,13.0,,,0.0,,0.85,0.0,,,,,,Sd.Kfz.251/22
se_203,0.0,,,,,,0.0,,,,,,0.0,,,,,,SE.203_Aquilon_203
sea_fury_fb11,5.0,75.0,2.0,2.0,2.0,2.0,0.0,,,,,,22.0,,,1.0,,0.0,Sea_Fury_FB_11
gladiator_mk2_navy,0.0,,,,,,0.0,,,,,,0.0,,,,,,Sea_Gladiator_Mk_I
sea_harrier_fa2,0.0,,,,,,40.0,50.0,0.95,1.0,0.95,1.0,0.0,,,,,,Sea_Harrier_FA_2
harrier_frs1,0.0,,,,,,26.0,50.0,0.5,0.9,0.0,0.0,0.0,,,,,,Sea_Harrier_FRS.1
harrier_frs1_early,0.0,,,,,,0.0,,,,,,0.0,,,,,,Sea_Harrier_FRS.1_(e)
sea_hawk_fga6,0.0,,,,,,61.0,59.81,0.62,0.7,1.04,1.17,0.0,,,,,,Sea_Hawk_FGA.6
sea_hawk_fga50_netherlands,0.0,,,,,,0.0,,,,,,27.0,,,3.16,,0.0,Sea_Hawk_Mk.50
sea_venom_faw20,0.0,,,,,,0.0,,,,,,0.0,,,,,,Sea_Venom_FAW_20
dh_110_sea_vixen,0.0,,,,,,48.0,50.0,1.77,3.55,0.0,0.0,0.0,,,,,,Sea_Vixen_F.A.W._Mk.2
seafire_mk17,0.0,,,,,,16.0,,,,,,0.0,,,,,,Seafire_F_Mk_XVII
seafire_mk3,0.0,,,,,,6.0,,,0.0,,1.0,0.0,,,,,,Seafire_LF_Mk.III
shackleton_mr_mk_2,2.0,,,1.0,,1.0,0.0,,,,,,0.0,,,,,,Shackleton_MR.Mk.2
mirage_3cj,0.0,,,,,,58.0,100.0,3.55,1.68,0.4,0.27,0.0,,,,,,Shahak
it_sherman_vc_firefly,0.0,,,,,,37.0,100.0,0.0,0.0,2.67,1.78,0.0,,,,,,Sherman_Vc
il_centurion_shot_kal_d,0.0,,,,,,80.0,64.1,0.0,0.0,2.58,2.85,11.0,,,0.0,,2.0,Sho't_Kal_Dalet
uk_centurion_shot_kal_d,0.0,,,,,,0.0,,,,,,0.0,,,,,,Sho't_Kal_Dalet
il_centurion_shot_kal_gimel,0.0,,,,,,14.0,100.0,0.0,0.0,2.0,1.5,0.0,,,,,,Sho't_Kal_Gimel
ussr_9p149,0.0,,,,,,18.0,50.0,0.0,0.0,0.5,1.0,0.0,,,,,,Shturm-S
it_otobreda_sidam_25,0.0,,,,,,93.0,50.0,0.5,0.68,0.45,0.61,0.0,,,,,,SIDAM_25
it_otobreda_sidam_25_mistral,0.0,,,,,,70.0,50.0,0.5,0.52,0.49,0.51,0.0,,,,,,SIDAM_25_(Mistral)
us_skink_aa_kit_3rank,0.0,,,,,,108.0,59.57,1.1,1.71,0.0,0.0,0.0,,,,,,Skink_(Hell)
uk_sky_sabre_fcs,0.0,,,,,,14.0,50.0,1.0,1.63,0.0,0.0,0.0,,,,,,Sky_Sabre_(СОЦ)
soc_1,,,,,,,,,,,,,,,,,,,SOC-1
fr_somua_sm,2.0,100.0,0.0,,6.0,,837.0,66.15,0.0,0.0,3.66,2.36,5.0,,,0.0,,1.0,Somua_SM
spitfire_f24,10.0,77.78,3.1,3.5,1.9,2.1,138.0,70.59,1.92,2.58,1.0,1.48,0.0,,,,,,Spitfire_F_Mk_24
spitfire_fr_mk14e_belgium,0.0,,,,,,28.0,,,1.92,,1.42,0.0,,,,,,Spitfire_FR_Mk_XIVe
spitfire_ix_ussr,0.0,,,,,,14.0,100.0,3.0,1.9,0.0,0.0,0.0,,,,,,Spitfire_Mk_IXc
spitfiremkiia_ep,0.0,,,,,,9.0,,,,,,0.0,,,,,,Spitfire_Mk.IIa_Venture_I
spitfire_lf_mk9c_cw_greece,0.0,,,,,,19.0,,,1.0,,1.72,0.0,,,,,,Spitfire_LF_Mk.IXc_(CW)
spitfire_mk5b_float,0.0,,,,,,0.0,,,,,,0.0,,,,,,Spitfire_Mk.Vb_(Float)
il_spyder_aio,0.0,,,,,,25.0,23.81,0.24,0.24,0.0,0.0,0.0,,,,,,SPYDER
fr_saint_chamond,0.0,,,,,,0.0,,,,,,0.0,,,,,,St-Chamond
uk_t17e2,0.0,,,,,,18.0,100.0,0.0,0.0,0.0,0.0,0.0,,,,,,Staghound_AA
stirling_mk1,0.0,,,,,,0.0,,,,,,0.0,,,,,,Stirling_B_Mk_I
uk_stormer_air_defence,0.0,,,,,,12.0,0.0,1.67,1.42,0.0,0.0,0.0,,,,,,Stormer_AD
uk_stormer_hvm,0.0,,,,,,13.0,,,0.0,,0.0,0.0,,,,,,Stormer_HVM
strikemaster_mk88,0.0,,,,,,31.0,,,0.73,,3.0,0.0,,,,,,Strikemaster_Mk.88
uk_fv102_striker,0.0,,,,,,5.0,,,0.0,,0.0,0.0,,,,,,Striker
sw_strv_103_0,0.0,,,,,,278.0,47.18,0.0,0.0,2.7,2.89,0.0,,,,,,Strv_103-0
sw_strv_81_rb52,0.0,,,,,,21.0,,,0.0,,1.0,0.0,,,,,,Strv_81_(RB_52)
uk_centurion_mk_3_ss11,0.0,,,,,,0.0,,,,,,0.0,,,,,,Strv_81_(RB_52)
sw_strv_m39_td,0.0,,,,,,0.0,,,,,,0.0,,,,,,Strv_m/39_TD
sw_strv_m41_s1,0.0,,,,,,0.0,,,,,,0.0,,,,,,Strv_m/41_S-I
us_m5a1_stuart_canadian_5st_arm,0.0,,,,,,0.0,,,,,,0.0,,,,,,Stuart_VI_(5th_CAD)
germ_stug_III_ausf_A,0.0,,,,,,21.0,,,0.0,,1.5,0.0,,,,,,StuG_III_A
germ_stuh_III_ausf_G,0.0,,,,,,14.0,,,0.0,,3.14,0.0,,,,,,StuH_42_G
ussr_su_100Y,0.0,,,,,,28.0,50.0,0.0,0.0,0.77,1.18,0.0,,,,,,SU-100Y
ussr_su_122P,0.0,,,,,,9.0,,,0.0,,4.22,0.0,,,,,,SU-122P
su_22m3,1.0,,,,,,231.0,57.04,0.15,0.14,1.05,0.61,10.0,,,,,,Su-22M3
su_25k,0.0,,,,,,693.0,58.64,0.45,0.48,1.73,1.78,0.0,,,,,,Su-25K
su_30mkm,0.0,,,,,,321.0,66.43,1.41,1.69,1.41,1.55,86.0,0.0,6.0,0.78,1.0,0.08,Su-30MKM
su_25tm,0.0,,,,,,679.0,56.92,0.48,0.64,1.63,2.21,50.0,,,0.66,,1.24,Su-39
ussr_su_5_1,0.0,,,,,,0.0,,,,,,0.0,,,,,,SU-5-1
ussr_su_57,0.0,,,,,,0.0,,,,,,0.0,,,,,,SU-57
ussr_su_57b,0.0,,,,,,20.0,50.0,0.0,0.0,1.0,2.0,0.0,,,,,,SU-57B
su_6_single,0.0,,,,,,26.0,100.0,0.0,0.0,1.04,1.04,0.0,,,,,,Su-6
su-6_am42,0.0,,,,,,0.0,,,,,,0.0,,,,,,Su-6_(AM-42)
ussr_su_76d,0.0,,,,,,0.0,,,,,,0.0,,,,,,SU-76D
ussr_su_76m_1943,0.0,,,,,,22.0,0.0,0.0,0.0,0.9,0.9,0.0,,,,,,SU-76M
ussr_su_76m_5st_kav_corps,0.0,,,,,,0.0,,,,,,0.0,,,,,,SU-76M_(5th_Gv.Kav.Corps)
su-7bmk,0.0,,,,,,29.0,4.17,0.05,0.05,1.36,1.39,0.0,,,,,,Su-7BMK
ussr_su_85a,0.0,,,,,,0.0,,,,,,0.0,,,,,,SU-85A
sunderland_mk3a,0.0,,,,,,0.0,,,,,,0.0,,,,,,Sunderland_Mk_IIIa
sunderland_mk5,0.0,,,,,,0.0,,,,,,0.0,,,,,,Sunderland_Mk_V
md_460,0.0,,,,,,149.0,62.02,1.23,2.03,1.24,2.08,0.0,,,,,,Super_Mystere_B2
swift_f1,0.0,,,,,,55.0,76.82,1.46,2.01,0.89,1.24,0.0,,,,,,Swift_F.1
swift_f7,0.0,,,,,,17.0,,,1.0,,0.0,0.0,,,,,,Swift_F.7
swordfish_mk1,0.0,,,,,,0.0,,,,,,0.0,,,,,,Swordfish_Mk_I
swordfish_mk2,0.0,,,,,,0.0,,,,,,0.0,,,,,,Swordfish_Mk_II
ussr_t_10a,0.0,,,,,,46.0,62.5,0.0,0.0,3.88,3.34,0.0,,,,,,T-10A
ussr_t_126sp,0.0,,,,,,11.0,,,0.0,,2.18,0.0,,,,,,T-126
cn_t_26_no531,0.0,,,,,,0.0,,,,,,0.0,,,,,,T-26_No.531
ussr_t_26_4,0.0,,,,,,0.0,,,,,,0.0,,,,,,T-26-4
sw_vickers_mk_e_45,0.0,,,,,,0.0,,,,,,0.0,,,,,,T-26E
ussr_t_26E,0.0,,,,,,0.0,,,,,,0.0,,,,,,T-26E
ussr_t_28_1938,0.0,,,,,,19.0,100.0,0.0,0.0,1.0,1.0,0.0,,,,,,T-28_(1938)
ussr_t_34_1940_l_11,0.0,,,,,,0.0,,,,,,0.0,,,,,,T-34_(Prototype)
ussr_t_44_122,3.0,66.67,0.3,0.5,2.7,4.0,122.0,61.56,0.0,0.0,3.04,1.91,3.0,,,0.0,,0.0,T-44-122
sw_t_50_fin,0.0,,,,,,0.0,,,,,,0.0,,,,,,T-50
ussr_t_70_1942,0.0,,,,,,12.0,0.0,0.0,0.0,1.0,0.83,0.0,,,,,,T-70
ussr_t_80,0.0,,,,,,34.0,23.81,0.0,0.0,1.0,1.0,0.0,,,,,,T-80
ussr_pzkpfw_III_ausf_J_L42,0.0,,,,,,0.0,,,,,,0.0,,,,,,T-III
us_t114,0.0,,,,,,35.0,100.0,0.0,0.0,4.58,4.58,0.0,,,,,,T114
saab_t18b_2,0.0,,,,,,5.0,0.0,1.0,1.0,0.0,0.0,0.0,,,,,,T18B_(57)
us_t18_e2,0.0,,,,,,46.0,29.55,0.0,0.0,8.43,6.17,0.0,,,,,,T18E2
us_t28,0.0,,,,,,0.0,,,,,,4.0,0.0,0.0,0.0,3.0,3.0,T28
us_t54e1,0.0,,,,,,72.0,72.22,0.0,0.0,2.94,2.12,0.0,,,,,,T54E1
us_t55e1,0.0,,,,,,109.0,41.67,0.0,0.0,3.59,1.59,0.0,,,,,,T55E1
us_t77e1,0.0,,,,,,50.0,54.17,1.29,2.45,0.0,0.0,0.0,,,,,,T77E1
us_t95,0.0,,,,,,5.0,0.0,0.0,0.0,1.0,1.0,0.0,,,,,,T95
jp_type_98_ta_se,0.0,,,,,,30.0,100.0,0.0,0.53,3.0,1.0,0.0,,,,,,Ta-Se
jp_type_81_tansam_launcher,0.0,,,,,,0.0,,,,,,0.0,,,,,,Tan-SAM_Kai_(СОУ)
jp_type_81_tansam_fcs,0.0,,,,,,12.0,100.0,0.0,0.16,0.0,0.0,0.0,,,,,,Tan-SAM_Kai_(СОЦ)
tandem_mai,0.0,,,,,,0.0,,,,,,0.0,,,,,,Tandem_MAI
tb_3_m17_32,0.0,,,,,,0.0,,,,,,0.0,,,,,,TB-3M-17-32
tbd-1_1938,0.0,,,,,,0.0,,,,,,0.0,,,,,,TBD-1
tbf-1c,0.0,,,,,,20.0,,,0.0,,1.0,0.0,,,,,,TBF-1C
il_tcm_20,0.0,,,,,,23.0,0.0,0.0,0.0,0.0,0.0,0.0,,,,,,TCM-20
tempest_mk2,5.0,60.0,3.0,5.0,0.4,0.7,69.0,56.44,1.03,1.89,1.0,1.48,0.0,,,,,,Tempest_Mk_II
tempest_mkv_luftwaffe,0.0,,,,,,78.0,48.89,1.39,2.68,1.02,1.89,0.0,,,,,,Tempest_Mk_V
tempest_mkv,4.0,75.0,1.8,3.5,1.0,2.0,7.0,,,2.0,,0.0,0.0,,,,,,Tempest_Mk_V
tempest_mkv_vikkers,0.0,,,,,,23.0,100.0,0.6,1.0,1.0,1.0,0.0,,,,,,Tempest_Mk_V_(Vickers_P)
il_tiran_4,0.0,,,,,,47.0,93.33,0.0,0.0,2.03,1.63,0.0,,,,,,Tiran_4
jp_tkx_prot,0.0,,,,,,530.0,63.7,0.0,0.0,3.35,2.09,0.0,,,,,,TKX
jp_type_10_prototype,0.0,,,,,,256.0,52.7,0.0,0.0,2.26,1.71,0.0,,,,,,TKX_(P)
ussr_to_55,0.0,,,,,,137.0,95.65,0.0,0.0,11.65,5.27,1.0,,,,,,TO-55
uk_tog_2,0.0,,,,,,119.0,49.4,0.0,0.0,3.22,2.69,4.0,,,,,,TOG_II
it_toldi_II_a,0.0,,,,,,0.0,,,,,,0.0,,,,,,Toldi_IIA
cn_tor_m1,0.0,,,,,,0.0,,,,,,0.0,,,,,,Tor-M1
tornado_adv,0.0,,,,,,93.0,62.67,2.12,2.71,0.0,0.0,11.0,,,0.27,,0.0,Tornado_ADV
tornado_f3,0.0,,,,,,120.0,50.0,1.55,2.3,0.39,0.54,0.0,,,,,,Tornado_F.3
tornado_f3_late,0.0,,,,,,0.0,,,,,,0.0,,,,,,Tornado_F.3_Late
tornado_gr1,0.0,,,,,,16.0,100.0,0.0,0.0,2.0,4.0,0.0,,,,,,Tornado_GR.1
tornado_gr4,0.0,,,,,,0.0,,,,,,0.0,,,,,,Tornado_GR.4
tornado_ids_it_mod95,0.0,,,,,,0.0,,,,,,0.0,,,,,,Tornado_IDS_(1995)
tornado_ids_it_ret8,0.0,,,,,,0.0,,,,,,0.0,,,,,,Tornado_IDS_MLU_(RET.8)
uk_a39_tortoise,0.0,,,,,,9.0,,,,,,0.0,,,,,,Tortoise
ussr_tor_m1,0.0,,,,,,12.0,,,,,,0.0,,,,,,Toр-M1
tu-1,0.0,,,,,,54.0,99.07,0.27,0.14,4.31,2.79,0.0,,,,,,Tu-1
tu-2_early,0.0,,,,,,1.0,100.0,0.0,0.0,2.0,2.0,0.0,,,,,,Tu-2
tu-2_postwar,0.0,,,,,,5.0,0.0,0.0,0.0,2.6,2.6,0.0,,,,,,Tu-2S-44
tu_4,0.0,,,,,,1.0,,,0.0,,0.0,0.0,,,,,,Tu-4
gladiator_mk2_tuck,0.0,,,,,,0.0,,,,,,0.0,,,,,,Tuck's_Gladiator_Mk_II
it_41m_turan_2,0.0,,,,,,28.0,34.21,0.0,0.0,2.95,3.47,0.0,,,,,,Turan_II
jp_type_03_chusam_fcs,0.0,,,,,,8.0,,,0.0,,0.0,0.0,,,,,,Type_03_(СОЦ)
cn_type_59,0.0,,,,,,85.0,96.77,0.0,0.0,2.69,1.82,22.0,,,0.0,,1.27,Type_59
ussr_type_62,0.0,,,,,,10.0,,,0.0,,0.5,0.0,,,,,,Type_62
jp_type_74,0.0,,,,,,673.0,51.21,0.0,0.0,1.7,1.57,1.0,,,0.0,,2.0,Type_74_(E)
jp_type_74_f,0.0,,,,,,94.0,66.32,0.0,0.0,1.85,1.24,0.0,,,,,,Type_74_(F)
jp_type_74_red_star,0.0,,,,,,280.0,59.17,0.0,0.0,2.7,1.58,0.0,,,,,,Type_74_Red_Star
jp_type_81_tansam,0.0,,,,,,29.0,0.0,1.12,1.12,0.0,0.0,0.0,,,,,,Type_81_(C)
jp_type_87,0.0,,,,,,461.0,43.61,0.23,0.2,0.82,0.66,0.0,,,,,,Type_87
jp_type_94,0.0,,,,,,0.0,,,,,,0.0,,,,,,Type_94
ef_2000_typhoon_aesa,0.0,,,,,,175.0,67.31,2.19,3.75,0.11,0.15,14.0,,,1.8,,0.4,Typhoon_(AESA)
sw_landsverk_ush_204_gk,0.0,,,,,,202.0,34.62,0.39,0.32,0.0,0.0,0.0,,,,,,U-SH_204_GK
sw_landsverk_ush_405,0.0,,,,,,221.0,58.22,0.0,0.0,2.25,1.15,0.0,,,,,,U-SH_405
sw_udes_33,0.0,,,,,,51.0,0.0,0.0,0.0,0.9,0.91,0.0,,,,,,UDES_33
us_m551_football,,,,,,,,,,,,,,,,,,,us_m551_football
ussr_m551_football,,,,,,,,,,,,,,,,,,,ussr_m551_football
v_11g,0.0,,,,,,0.0,,,,,,0.0,,,,,,V-11
v_12d,0.0,,,,,,0.0,,,,,,0.0,,,,,,V-12D
v_156_b1,0.0,,,,,,10.0,,,0.0,,0.0,0.0,,,,,,V-156-B1
v_156_f,0.0,,,,,,0.0,,,,,,0.0,,,,,,V-156-F
uk_valentine_mk_9,0.0,,,,,,42.0,50.0,0.0,0.0,2.0,1.83,0.0,,,,,,Valentine_IX
vampire_fb5,0.0,,,,,,0.0,,,,,,0.0,,,,,,Vampire_F.B.5
vampire_fb52_finland,0.0,,,,,,0.0,,,,,,0.0,,,,,,Vampire_FB_52A
so_4050_vautour_2a_iaf,0.0,,,,,,45.0,100.0,3.0,1.82,0.0,0.39,0.0,,,,,,Vautour_IIA_IDF/AF
it_vbc_pt2,0.0,,,,,,221.0,57.21,0.0,0.0,1.45,1.13,0.0,,,,,,VBC_(PT2)
fr_vbci,0.0,,,,,,130.0,88.81,0.01,0.01,2.01,1.13,0.0,,,,,,VBCI
fr_vbci2_mct30,0.0,,,,,,9.0,,,0.0,,0.44,0.0,,,,,,VBCI-2_(MCT30)
it_vcc_80_hitfist_30,0.0,,,,,,37.0,58.82,0.0,0.0,1.09,1.64,0.0,,,,,,VCC-80/30
sw_veak_40,0.0,,,,,,111.0,40.74,0.22,0.13,0.39,0.22,0.0,,,,,,VEAK_40
venom_fb4,0.0,,,,,,64.0,100.0,2.5,3.5,1.29,1.79,0.0,,,,,,Venom_FB.4
fr_vextra_105,0.0,,,,,,129.0,60.75,0.0,0.0,1.24,0.91,0.0,,,,,,Vextra_105
uk_vfm_5,0.0,,,,,,158.0,64.58,0.0,0.0,3.54,1.93,0.0,,,,,,VFM5
uk_vickers_mk_11,0.0,,,,,,277.0,58.72,0.0,0.0,2.09,1.96,0.0,,,,,,Vickers_Mk.11
uk_vickers_mk7,1.0,0.0,0.0,0.0,1.0,1.0,89.0,50.0,0.0,0.0,2.78,2.2,0.0,,,,,,Vickers_Mk.7
uk_vijayanta,0.0,,,,,,422.0,52.94,0.0,0.0,2.1,1.46,0.0,,,,,,Vijayanta
vl_myrsky_2_late,0.0,,,,,,0.0,,,,,,0.0,,,,,,VL_Myrsky_II
it_vrcc_centauro,0.0,,,,,,125.0,50.75,0.0,0.0,2.06,1.89,0.0,,,,,,VRCC
germ_vt_1_2,0.0,,,,,,85.0,49.41,0.01,0.0,4.91,2.75,0.0,,,,,,VT1-2
cn_vt_5,0.0,,,,,,125.0,55.92,0.0,0.0,1.16,1.37,0.0,,,,,,VT5
fr_amx_vtt_dca,0.0,,,,,,39.0,84.21,1.34,2.3,0.37,0.8,0.0,,,,,,VTT_DCA
walrus_mk1,,,,,,,,,,,,,,,,,,,Walrus_Mk.I
uk_fv510_isv,0.0,,,,,,94.0,51.11,0.0,0.0,2.89,1.23,0.0,,,,,,Warrior
washington_b1,0.0,,,,,,0.0,,,,,,0.0,,,,,,Washington_B.Mk.I
spitfire_lf_mk9e_weisman,0.0,,,,,,17.0,100.0,2.31,2.31,2.25,2.25,14.0,,,,,,Weizman's_Spitfire_LF_Mk.IXe
wellington_mk1c,0.0,,,,,,19.0,,,0.0,,0.0,0.0,,,,,,Wellington_Mk_Ic
wellington_mk1c_luftwaffe,0.0,,,,,,0.0,,,,,,0.0,,,,,,Wellington_Mk_Ic
wellington_mk1c_late,0.0,,,,,,0.0,,,,,,0.0,,,,,,Wellington_Mk_Ic/L
wellington_mk3,0.0,,,,,,0.0,,,,,,0.0,,,,,,Wellington_Mk_III
wellington_mk10,0.0,,,,,,0.0,,,,,,0.0,,,,,,Wellington_Mk_X
whirlwind_mk1,0.0,,,,,,0.0,,,,,,0.0,,,,,,Whirlwind_Mk_I
whirlwind_p9,0.0,,,,,,0.0,,,,,,0.0,,,,,,Whirlwind_P.9
germ_wiesel_1_tow,0.0,,,,,,127.0,71.46,0.0,0.0,1.75,1.29,0.0,,,,,,Wiesel_1A2
wirraway,0.0,,,,,,0.0,,,,,,0.0,,,,,,Wirraway
cn_wma_301,0.0,,,,,,33.0,50.0,0.0,0.0,0.5,0.5,0.0,,,,,,WMA301
cn_wz_305,0.0,,,,,,322.0,34.46,0.28,0.29,0.95,0.89,35.0,48.0,0.0,0.0,1.16,1.15,WZ305
xf5f,0.0,,,,,,17.0,100.0,1.0,1.0,2.0,2.0,22.0,,,,,,XF5F
p-38g_metal,0.0,,,,,,5.0,100.0,3.65,,4.1,,0.0,,,,,,XP-38G
yak_141,0.0,,,,,,120.0,58.17,0.85,1.11,0.0,0.0,0.0,,,,,,Yak-141
yak-23,1.0,50.0,1.5,3.0,0.5,1.0,54.0,43.55,2.03,1.9,1.21,1.21,0.0,,,,,,Yak-23
yak-3_vk107,0.0,,,,,,67.0,57.5,1.14,2.5,0.2,0.45,10.0,,,,,,Yak-3_(VK-107)
yak-38,0.0,,,,,,34.0,50.0,1.0,0.6,0.0,0.0,0.0,,,,,,Yak-38
yak-3t,0.0,,,,,,27.0,100.0,1.0,0.85,1.0,0.96,14.0,,,,,,Yak-3T
er-2_ach30b_early,0.0,,,,,,0.0,,,,,,0.0,,,,,,Yer-2_(ACh-30B)_(e)
er-2_m105_tat,0.0,,,,,,0.0,,,,,,0.0,,,,,,Yer-2_(M-105)_TAT
er-2_m105r_tat,0.0,,,,,,0.0,,,,,,0.0,,,,,,Yer-2_(M-105R)_TAT
yp-38,0.0,,,,,,0.0,,,,,,0.0,,,,,,YP-38
uk_ystervark_spaa,0.0,,,,,,92.0,30.83,0.1,0.07,0.2,0.18,0.0,,,,,,Ystervark
uk_rooikat_za_35,0.0,,,,,,361.0,57.27,0.18,0.16,1.41,1.17,0.0,,,,,,ZA-35
il_ss_11_halftrack,0.0,,,,,,13.0,0.0,0.0,0.0,2.0,1.31,0.0,,,,,,Zachlam_Tager
cn_type_86,0.0,,,,,,116.0,56.98,0.0,0.0,0.29,0.54,0.0,,,,,,ZBD86
ussr_zis_12_94KM_1945,0.0,,,,,,119.0,49.38,0.3,0.18,1.21,0.77,0.0,,,,,,ZiS-12_(94-KM)
ussr_zis_30,0.0,,,,,,38.0,67.5,0.0,0.0,1.38,1.14,0.0,,,,,,ZiS-30
cn_ztl_11,0.0,,,,,,33.0,93.75,0.0,0.0,1.0,0.96,0.0,,,,,,ZLT11
cn_zsd63_pg87,0.0,,,,,,106.0,8.33,0.53,0.49,0.0,0.0,0.0,,,,,,ZSD63/PG87
ussr_zsu_37,0.0,,,,,,27.0,,,,,,0.0,,,,,,ZSU-37
ussr_zsu_37_2,0.0,,,,,,268.0,27.1,0.62,0.51,0.31,0.3,0.0,,,,,,ZSU-37-2
uk_ratel_zt3,0.0,,,,,,231.0,50.95,0.0,0.0,2.97,2.31,0.0,,,,,,ZT3A2
cn_ztz_59a,0.0,,,,,,49.0,0.0,0.0,0.0,0.63,1.58,4.0,,,0.0,,2.0,ZTZ59A
cn_ztz_96b,0.0,,,,,,671.0,66.6,0.0,0.0,3.06,2.52,0.0,,,,,,ZTZ96B
ussr_zut_37,0.0,,,,,,0.0,,,,,,0.0,,,,,,ZUT-37
ussr_bmd_4m,0.0,,,,,,2250.0,46.66,0.0,0.0,1.48,1.13,10.0,,,,,,БМД-4M
ussr_bmd_4m2,0.0,,,,,,847.0,40.77,0.0,0.0,1.19,0.91,1.0,,,0.0,,1.0,БМД-4M2
ussr_sdkfz_251_21_kit_3rank,0.0,,,,,,21.0,0.0,0.0,0.0,0.0,0.0,0.0,,,,,,Ганомаг_('45)
ussr_garford_putilov,0.0,,,,,,0.0,,,,,,0.0,,,,,,Гарфордъ
db_lk,0.0,,,,,,0.0,,,,,,0.0,,,,,,ДБ-ЛК
ussr_is_1_kit_3rank,0.0,,,,,,61.0,50.0,0.0,0.0,1.5,1.6,0.0,,,,,,ИС-1_('45)
ussr_is_2m_kit_4rank,0.0,,,,,,0.0,,,,,,0.0,,,,,,ИС-2М_(Будь_Готов!)
mig_35,0.0,,,,,,0.0,,,,,,0.0,,,,,,МиГ-35
germ_9a35_m,0.0,,,,,,0.0,,,,,,0.0,,,,,,Стрела-10М
it_9a35_m,0.0,,,,,,0.0,,,,,,0.0,,,,,,Стрела-10М
uk_9a35_m,0.0,,,,,,0.0,,,,,,0.0,,,,,,Стрела-10М
ussr_t_34_85_zis_53_kit_3rank,0.0,,,,,,108.0,22.79,0.0,0.0,2.05,2.09,0.0,,,,,,Т-34-85_('45)
ussr_t_44_kit_4rank,0.0,,,,,,0.0,,,,,,0.0,,,,,,Т-44_(Будь_Готов!)
cn_t_62,0.0,,,,,,0.0,,,,,,0.0,,,,,,Т-62_№545
yak_1_litvyak,0.0,,,,,,0.0,,,,,,0.0,,,,,,Як-1_Литвяк
p-47m-1-re_boxted,0.0,,,,,,24.0,50.0,0.0,0.0,0.5,1.0,0.0,,,,,,⋠P-47M-1-RE
a6m5_zero_china,,,,,,,,,,,,,,,,,,,A6M5_(China)
b_25j_30_china,0.0,,,,,,0.0,,,,,,0.0,,,,,,B-25J-30_(China)
db_3a_china,0.0,,,,,,0.0,,,,,,0.0,,,,,,DB-3A_(China)
f-100a_china,0.0,,,,,,93.0,66.67,4.26,4.65,0.3,0.79,0.0,,,,,,F-100A_(China)
f_100f_china,0.0,,,,,,0.0,,,,,,0.0,,,,,,F-100F_(China)
f-104a_china,0.0,,,,,,0.0,,,,,,0.0,,,,,,F-104A_(China)
f-104g_china,0.0,,,,,,12.0,,,0.0,,1.0,0.0,,,,,,F-104G_(China)
f_16a_block_20_mlu,0.0,,,,,,137.0,64.84,1.62,3.14,0.07,0.41,0.0,,,,,,F-16A_MLU_(China)
f_16a_block_72v_china,0.0,,,,,,52.0,50.0,1.5,2.96,0.29,0.57,0.0,,,,,,F-16V_(China)
f_47n_25_re_china,0.0,,,,,,32.0,100.0,1.0,0.61,1.78,1.0,0.0,,,,,,F-47N-25-RE_(China)
f-5a_china,0.0,,,,,,0.0,,,,,,0.0,,,,,,F-5A_(China)
f-5e_aidc,0.0,,,,,,0.0,,,,,,0.0,,,,,,F-5E_(China)
f-84g-31-re_china,0.0,,,,,,0.0,,,,,,0.0,,,,,,F-84G-31-RE_(China)
f-86f-40_china,0.0,,,,,,22.0,100.0,2.0,,0.0,,0.0,,,,,,F-86F-40_(China)
gladiator_mk1_china,0.0,,,,,,0.0,,,,,,0.0,,,,,,Gladiator_Mk_I_(China)
h-75m_china,0.0,,,,,,43.0,100.0,5.6,5.6,0.0,0.0,0.0,,,,,,H-75M_(China)
hs-123a-1_china,0.0,,,,,,0.0,,,,,,0.0,,,,,,Hs_123_A-1_(China)
i-15bis_china,0.0,,,,,,5.0,,,1.0,,1.0,0.0,,,,,,I-15bis_(China)
i-16_chung_28,0.0,,,,,,0.0,,,,,,0.0,,,,,,I-16_Chung_28_(China)
i-16_type17_china,0.0,,,,,,5.0,,,0.0,,0.0,0.0,,,,,,I-16_type_17_(China)
i-16_type5_1935_china,0.0,,,,,,0.0,,,,,,0.0,,,,,,I-16_type_5_(China)
il-10_1946_china,0.0,,,,,,4.0,100.0,0.0,0.0,1.25,1.25,0.0,,,,,,IL-10_(1946)_(China)
cn_isu_122,0.0,,,,,,0.0,,,,,,0.0,,,,,,ISU-122_(China)
ki-27_otsu_china,0.0,,,,,,0.0,,,,,,0.0,,,,,,Ki-27_otsu_(China)
ki-45_hei_tei_china,0.0,,,,,,0.0,,,,,,0.0,,,,,,Ki-45_hei/tei_(China)
ki_84_ko_china,0.0,,,,,,40.0,,,0.43,,0.57,40.0,100.0,9.0,4.5,2.0,1.0,Ki-84_ko_(China)
la-11_china,0.0,,,,,,11.0,,,,,,0.0,,,,,,La-11_(China)
cn_m113a1_tow,0.0,,,,,,67.0,19.44,0.0,0.0,2.17,1.0,0.0,,,,,,M113A1_(TOW)_(China)
cn_m3a3_stuart_1st_ptg,0.0,,,,,,0.0,,,,,,0.0,,,,,,M3A3_(1st_PTG)_(China)
cn_m3a3_stuart,0.0,,,,,,0.0,,,,,,0.0,,,,,,M3A3_Stuart_(China)
cn_m48a1_patton_III,0.0,,,,,,91.0,65.0,0.0,0.0,4.67,3.77,1.0,,,0.0,,1.0,M48A1_(China)
cn_m5a1_stuart,0.0,,,,,,0.0,,,,,,0.0,,,,,,M5A1_(China)
cn_m8_greyhound,0.0,,,,,,62.0,100.0,0.0,0.0,2.0,0.66,0.0,,,,,,M8_LAC_(China)
mirage_2000_5ei,0.0,,,,,,94.0,85.22,1.61,1.76,0.5,0.66,0.0,,,,,,Mirage_2000-5Ei_(China)
p-38l_1_china_rocaf,0.0,,,,,,12.0,100.0,1.0,1.0,1.0,1.0,0.0,,,,,,P-38L-1_(China)
sb_2m_103u_china,0.0,,,,,,0.0,,,,,,0.0,,,,,,SB_2M-103U_(China)
cn_sdkfz_222_early,0.0,,,,,,12.0,0.0,0.0,0.0,0.0,0.0,0.0,,,,,,Sd.Kfz.222_(China)
cn_su_76m_1943,0.0,,,,,,6.0,0.0,0.0,0.0,0.0,0.0,0.0,,,,,,SU-76M_(China)
uk_challenger_II_yt_cup_2019,,,,,,,,,,,,,,,,,,,␙Challenger_2
germ_leopard_2a5_yt_cup_2019,0.0,,,,,,0.0,,,,,,0.0,,,,,,␙Leopard_2A5
us_m1a1_abrams_yt_cup_2019,0.0,,,,,,0.0,,,,,,0.0,,,,,,␙M1A1
md_460_yt_cup_2019,,,,,,,,,,,,,,,,,,,␙Super_Mystere_B2
ussr_t_80u_yt_cup_2019,0.0,,,,,,0.0,,,,,,0.0,,,,,,␙T-80U
p-63c-5_kingcobra_animal_version,0.0,,,,,,77.0,78.33,0.48,0.68,2.68,3.49,0.0,,,,,,␠Kingcobra
f-86_canadair_german,0.0,,,,,,58.0,74.36,2.02,1.52,0.46,0.42,0.0,,,,,,◄CL-13A_Mk_5
f-86_cl_13b_mk6,0.0,,,,,,87.0,92.5,2.58,2.51,1.2,1.2,0.0,,,,,,◄CL-13B_Mk.6
ef_2000_block_10,0.0,,,,,,487.0,59.06,1.32,1.25,0.18,0.17,0.0,,,,,,◄EF-2000
ef_2000_aesa,0.0,,,,,,1254.0,54.21,1.8,2.37,0.21,0.29,0.0,,,,,,◄EF-2000_(AESA)
germ_embt,,,,,,,,,,,,,,,,,,,◄EMBT
f-104g,0.0,,,,,,0.0,,,,,,0.0,,,,,,◄F-104G
f-4f_late,0.0,,,,,,124.0,80.12,0.14,0.21,4.01,4.41,15.0,100.0,2.0,1.0,2.0,1.0,◄F-4F
f-4f,0.0,,,,,,57.0,100.0,1.42,1.42,0.5,0.5,0.0,,,,,,◄F-4F_Early
f-84f_germany,0.0,,,,,,10.0,50.0,0.0,0.0,1.5,3.0,0.0,,,,,,◄F-84F
f-86k_late_german,0.0,,,,,,0.0,,,,,,0.0,,,,,,◄F-86K
fiat_g91_r3,0.0,,,,,,19.0,50.0,0.58,1.5,0.5,0.5,0.0,,,,,,◄G.91_R/3
mig-21_sps_k,0.0,,,,,,143.0,57.57,1.33,1.89,0.22,0.26,0.0,,,,,,◄MiG-21_SPS-K
mig_29_9_12g,0.0,,,,,,32.0,61.11,1.53,0.93,0.37,0.37,0.0,,,,,,◄MiG-29G
sea_hawk_mk100,0.0,,,,,,72.0,46.21,2.84,2.84,2.37,2.37,0.0,,,,,,◄Sea_Hawk_Mk.100
su_22m4_de_wtd61,0.0,,,,,,146.0,38.64,0.48,0.63,0.76,1.08,0.0,,,,,,◄Su-22M4_WTD61
tornado_ids_de_assta1,0.0,,,,,,117.0,53.36,0.61,0.62,0.81,0.92,10.0,,,1.0,,6.0,◄Tornado_IDS_ASSTA1
tornado_ids_de_mfg,0.0,,,,,,0.0,,,,,,0.0,,,,,,◄Tornado_IDS_MFG
tornado_ids_de_assta3_sle,0.0,,,,,,12.0,100.0,0.0,0.0,3.0,3.0,0.0,,,,,,◄Tornado_IDS_SLE
tornado_ids_de_wtd61,0.0,,,,,,84.0,72.55,0.45,0.64,0.95,1.19,20.0,,,0.5,,0.0,◄Tornado_IDS_WTD61
il_28_german,0.0,,,,,,12.0,0.0,0.0,,1.0,,0.0,,,,,,◊IL-28
mig-17p_lim_5p,0.0,,,,,,94.0,82.76,2.36,2.81,1.0,1.19,0.0,,,,,,◊Lim-5P
mig_23bn,0.0,,,,,,121.0,52.81,0.46,0.37,1.51,1.36,0.0,,,,,,◊MiG-23BN
mig_23mf_germany,1.0,,,2.0,,0.0,0.0,,,,,,57.0,,,2.29,,0.0,◊MiG-23MF
su_22um3k,0.0,,,,,,0.0,,,,,,0.0,,,,,,◊Su-22UM3K
us_lvt_a_1_trb,0.0,,,,,,0.0,,,,,,0.0,,,,,,○LVT(A)(1)
p-36c_rb,0.0,,,,,,0.0,,,,,,0.0,,,,,,○P-36C
fa_18c_late_switzerland,0.0,,,,,,31.0,94.64,1.59,1.64,0.64,0.64,2.0,,,1.0,,0.0,◌F/A-18C_Late
mirage_3s_c70_switzerland,0.0,,,,,,89.0,67.2,2.0,2.68,0.23,0.34,0.0,,,,,,◌Mirage_IIIS_C.70
uk_challenger_2_megatron_sm,0.0,,,,,,58.0,80.7,0.0,0.0,2.29,1.23,0.0,,,,,,◍Challenger_2_OES
cn_mbt2000_sm,0.0,,,,,,51.0,50.0,0.0,0.0,2.36,1.64,0.0,,,,,,◍MBT-2000
jp_type_90b_sm,0.0,,,,,,564.0,47.42,0.0,0.0,2.25,1.44,0.0,,,,,,◍Type_90_(B)
il_leopard_2a6_hel,0.0,,,,,,2.0,,,0.0,,3.0,0.0,,,,,,◐Leopard_2HEL
il_tor_m1,,,,,,,,,,,,,,,,,,,◐Tor-M1
it_btr_80a_hungary,0.0,,,,,,37.0,97.5,0.0,0.0,1.33,0.98,0.0,,,,,,◔BTR-80A
re_2000_heja_1,0.0,,,,,,0.0,,,,,,0.0,,,,,,◔Héja_I
il_28_hungary,0.0,,,,,,0.0,,,,,,0.0,,,,,,◔IL-28
saab_jas39c_hungary,0.0,,,,,,126.0,100.0,1.47,1.54,4.78,4.45,0.0,,,,,,◔JAS39EBS_HU_C
mig-15bis_nr23_hungary,0.0,,,,,,5.0,,,,,,0.0,,,,,,◔MiG-15bis
mig_23mf_hungary,0.0,,,,,,0.0,,,,,,0.0,,,,,,◔MiG-23MF
mig_29_9_12b_hungary,0.0,,,,,,44.0,50.0,0.86,0.86,0.0,0.0,0.0,,,,,,◔MiG-29
su_22m3_hungary,0.0,,,,,,0.0,,,,,,0.0,,,,,,◔Su-22M3
it_t_72m1,0.0,,,,,,159.0,55.41,0.0,0.0,4.26,4.39,0.0,,,,,,◔T-72M1
tu-2_postwar_late_hungary,0.0,,,,,,118.0,96.08,0.06,0.06,5.33,2.91,0.0,,,,,,◔Tu-2S-59
wm_21,0.0,,,,,,0.0,,,,,,0.0,,,,,,◔WM-21
it_zsu_23_4,0.0,,,,,,59.0,0.0,0.86,0.55,0.0,0.0,0.0,,,,,,◔ZSU-23-4
fokker_g1a,0.0,,,,,,27.0,45.83,0.54,1.0,0.96,2.0,0.0,,,,,,◗Fokker_G.IA
f_16a_block_5_netherlands,1.0,,,3.0,,8.0,18.0,,,0.0,,0.67,0.0,,,,,,◘F-16A
f_16a_block_10_norway,0.0,,,,,,29.0,100.0,0.15,0.36,3.27,3.73,0.0,,,,,,◢F-16A
f_16am_block_20_mlu_norway,0.0,,,,,,0.0,,,,,,0.0,,,,,,◢F-16AM
f-5ag_norway,0.0,,,,,,11.0,50.0,1.1,2.09,0.0,0.0,0.0,,,,,,◢F-5A(G)
mosquito_fb_mk6_ash_norway,0.0,,,,,,0.0,,,,,,0.0,,,,,,◢Mosquito_FB.Mk.VI_ASH
b_26b_indonesia_kalong,,,,,,,,,,,,,,,,,,,◥B-26B
hawk_209_indonesia,0.0,,,,,,3.0,,,,,,0.0,,,,,,◥Hawk_209
a_4e_late_iaf,0.0,,,,,,53.0,70.37,2.09,2.71,1.78,2.22,0.0,,,,,,A-4E_(Israel)
a_4e_early_iaf,0.0,,,,,,0.0,,,,,,0.0,,,,,,A-4E_Early_(M)_(Israel)
a_4h,0.0,,,,,,20.0,50.0,0.5,0.67,0.5,0.67,0.0,,,,,,A-4H_(Israel)
f-84f_israel_iaf,0.0,,,,,,0.0,,,,,,0.0,,,,,,F-84F_(Israel)
md_450b_ouragan_iaf_29,0.0,,,,,,0.0,,,,,,0.0,,,,,,M.D.450B_(29)_(Israel)
il_m109,0.0,,,,,,2.0,,,0.0,,0.0,0.0,,,,,,M109_(Israel)
mig_21_2000_iaf,0.0,,,,,,0.0,,,,,,0.0,,,,,,MiG-21_2000_(Israel)
md_454_mystere_4a_iaf,0.0,,,,,,0.0,,,,,,0.0,,,,,,Mystere_IVA_(Israel)
so_4050_vautour_2a_israel_iaf,0.0,,,,,,0.0,,,,,,0.0,,,,,,Vautour_IIA_(Israel)
so_4050_vautour_2n_iaf,0.0,,,,,,0.0,,,,,,0.0,,,,,,Vautour_IIN_(Israel)
