name,ab_battles,ab_win_rate,ab_air_frags_per_battle,ab_air_frags_per_death,ab_ground_frags_per_battle,ab_ground_frags_per_death,rb_battles,rb_win_rate,rb_air_frags_per_battle,rb_air_frags_per_death,rb_ground_frags_per_battle,rb_ground_frags_per_death,sb_battles,sb_win_rate,sb_air_frags_per_battle,sb_air_frags_per_death,sb_ground_frags_per_battle,sb_ground_frags_per_death,alt_name
s_199,940.0,60.35,6.82,2.13,1.47,0.44,120.0,100.0,0.0,0.0,2.0,1.26,0.0,,,,,,Sakeen
germ_panzerbefelhswagen_VI_P,922.0,90.98,0.04,0.1,7.7,11.5,132.0,40.32,0.0,0.0,4.32,3.32,0.0,,,,,,Pz.Bfw.VI_(P)
ussr_t_34_1941_57,663.0,58.76,0.0,0.02,2.1,2.21,560.0,42.12,0.0,0.0,2.54,1.53,0.0,,,,,,T-34-57
germ_pzkpfw_III_ausf_F,614.0,79.97,0.06,0.06,6.38,9.39,91.0,100.0,0.0,0.0,14.43,7.19,0.0,,,,,,Pz.III_F
us_t58,528.0,78.76,0.0,0.0,5.08,4.08,1193.0,64.56,0.0,0.0,3.42,2.72,0.0,,,,,,T58
su_30mkk,519.0,59.06,7.58,7.29,0.69,0.72,847.0,58.2,1.33,1.52,0.63,0.71,21.0,,,0.0,,0.0,Su-30MKK_(China)
la-7,514.0,90.73,4.07,4.43,1.95,2.15,170.0,58.28,2.5,3.6,1.18,1.72,0.0,,,,,,La-7
sw_sav_fm48,510.0,65.36,0.07,0.07,4.6,3.37,372.0,66.9,0.0,0.0,5.84,2.69,0.0,,,,,,SAV_20.12.48
it_sherman_75_37,494.0,76.66,0.08,0.11,6.73,7.75,189.0,61.51,0.0,0.0,6.34,4.96,15.0,,,,,,Sherman_I_Composito
su_30mk2v_venezuela,486.0,61.84,5.46,4.37,0.73,0.59,4060.0,50.84,0.91,1.01,0.41,0.44,95.0,100.0,7.11,1.98,1.11,0.14,Су-30МК2_AMV
germ_pzkpfw_V_ausf_d_panther,477.0,58.58,0.06,0.06,2.1,2.32,482.0,44.28,0.0,0.0,1.41,1.47,17.0,,,0.0,,1.0,Panther_D
ussr_t_34_85_zis_53_v80,461.0,83.23,0.02,0.02,3.45,5.1,361.0,71.16,0.0,0.0,5.78,2.55,0.0,,,,,,"Т-34-85_""Партизан"""
ussr_t_34_85_zis_53,450.0,65.92,0.0,0.0,3.17,3.97,546.0,50.34,0.0,0.0,3.2,2.11,5.0,,,0.0,,0.0,T-34-85
ussr_kv_1e,440.0,93.2,0.0,0.0,6.02,6.84,137.0,78.61,0.0,0.0,7.78,6.04,0.0,,,,,,KV-1E
ussr_kv_85,440.0,55.81,0.13,0.13,2.67,2.71,104.0,63.64,0.0,0.0,5.0,3.22,0.0,,,,,,KV-85
il_m_51,438.0,80.03,0.4,0.14,6.49,2.17,2063.0,63.01,0.0,0.0,3.65,1.44,0.0,,,,,,M-51
germ_pzkpfw_VI_ausf_h1_tiger_west,403.0,67.68,0.09,0.09,4.44,6.71,378.0,49.93,0.0,0.0,3.23,2.95,0.0,,,,,,Tiger_West
jp_type_3_ka_chi,400.0,88.27,0.08,0.1,12.46,15.55,0.0,,,,,,0.0,,,,,,Ka-Chi
germ_pzkpfw_VI_ausf_h1_tiger,400.0,53.43,0.03,0.03,2.15,2.82,947.0,46.36,0.0,0.0,2.25,1.86,0.0,,,,,,Tiger_H1
germ_pzkpfw_VI_ausf_e_tiger,397.0,63.76,0.01,0.01,3.41,3.39,1176.0,40.28,0.0,0.0,1.81,1.55,18.0,,,0.0,,1.94,Tiger_E
ussr_t_34_85_d_5t,393.0,53.85,0.05,0.05,2.65,2.45,499.0,48.09,0.0,0.0,3.13,2.23,0.0,,,,,,T-34-85_(D-5T)
ussr_t_54_1947,351.0,58.11,0.06,0.06,2.79,3.09,234.0,63.49,0.0,0.0,2.97,2.13,5.0,,,,,,T-54_(1947)
germ_vsw_flak_41,337.0,80.21,0.08,0.1,5.19,6.77,279.0,55.27,0.0,0.0,4.95,3.05,45.0,100.0,0.0,0.0,4.17,2.82,VFW
ussr_kv_1_zis_5,337.0,70.38,0.0,0.0,3.94,5.61,345.0,47.42,0.0,0.0,3.95,3.09,0.0,,,,,,KV-1_(ZiS-5)
ussr_t_55_amd_1,331.0,49.19,0.0,0.0,1.2,1.4,1072.0,44.76,0.0,0.0,1.44,1.32,0.0,,,,,,T-55AMD-1
sw_t_34_1941,323.0,70.04,0.03,0.04,3.81,4.26,108.0,56.08,0.0,0.0,2.2,2.65,0.0,,,,,,T-34
ussr_bmpt,321.0,49.86,0.3,0.3,1.2,1.31,2713.0,42.25,0.0,0.0,1.4,1.24,0.0,,,,,,БМПТ
ussr_t_72b3_2011,317.0,44.42,0.13,0.16,0.95,1.1,1343.0,50.22,0.0,0.0,1.68,1.52,0.0,,,,,,T-72B3
il_merkava_mk_2d,313.0,62.58,0.0,0.0,3.75,3.05,373.0,62.41,0.0,0.0,4.36,2.94,0.0,,,,,,Merkava_Mk.2D
ussr_t_34_85E,311.0,87.99,0.05,0.1,4.26,6.03,510.0,66.12,0.0,0.0,4.56,3.86,0.0,,,,,,T-34-85E
us_m3_lee,307.0,61.34,0.17,0.22,3.19,3.68,42.0,50.0,0.0,0.0,3.6,2.0,0.0,,,,,,M3_Lee
germ_pzkpfw_VI_ausf_b_tiger_IIh,302.0,51.67,0.0,0.0,2.2,2.65,1707.0,58.14,0.0,0.0,4.0,3.48,0.0,,,,,,Tiger_II_(H)
f8u-2,300.0,48.39,1.77,1.71,0.0,0.0,141.0,38.35,1.05,1.27,0.44,0.59,0.0,,,,,,F8U-2
us_m1a1_hc_usmc_sm,299.0,74.86,0.0,0.0,5.12,5.02,2884.0,60.39,0.0,0.0,2.22,1.82,11.0,0.0,0.0,0.0,0.0,0.0,◍M1A1_HC
germ_pzkpfw_VI_ausf_b_tiger_IIh_sla,298.0,69.22,0.0,0.0,3.49,2.87,911.0,58.59,0.0,0.0,4.9,4.04,0.0,,,,,,Tiger_II_(H)_Sla.16
ussr_btr_82at,297.0,53.73,0.23,0.24,1.07,1.09,600.0,45.24,0.0,0.0,2.07,1.39,0.0,,,,,,БТР-82АТ
germ_waffentrager_krupp_steyr,296.0,56.52,0.12,0.15,3.3,4.27,136.0,43.23,0.0,0.0,1.13,1.15,0.0,,,,,,Waffenträger
ussr_t_72a,278.0,45.92,0.18,0.11,3.05,2.05,1944.0,50.16,0.0,0.0,2.49,2.12,0.0,,,,,,T-72A
sw_sherman_3_4,272.0,70.91,0.03,0.03,3.7,3.6,405.0,58.55,0.0,0.0,4.24,3.38,0.0,,,,,,Sherman_III/IV
germ_pzkpfw_VI_ausf_h1_tiger_east,268.0,67.99,0.1,0.13,4.45,6.25,248.0,37.79,0.0,0.0,3.23,2.69,0.0,,,,,,Tiger_Ost
us_m4_sherman_calliope,266.0,100.0,0.11,0.09,8.11,7.78,77.0,81.72,0.0,0.0,3.78,3.51,0.0,,,,,,Calliope
bf-109f-4,264.0,71.56,8.12,6.14,0.77,0.58,247.0,64.24,2.51,1.76,1.71,1.75,19.0,,,,,,Bf_109_F-4
i_185_m71_standard,264.0,77.11,2.7,2.48,0.6,0.53,47.0,68.59,0.95,0.91,0.84,0.79,0.0,,,,,,I-185_(M-71)
us_lvt_a_1,260.0,99.27,0.08,0.16,5.89,8.04,15.0,,,,,,0.0,,,,,,LVT(A)(1)
ussr_object_906,254.0,48.48,0.0,0.0,1.92,1.79,1135.0,50.41,0.0,0.0,2.27,1.85,12.0,,,0.0,,2.0,Object_906
germ_leopard_I_a1,254.0,44.15,0.01,0.01,2.06,1.57,557.0,35.96,0.0,0.0,1.73,1.41,0.0,,,,,,Leopard_A1A1
germ_pzkpfw_IV_ausf_C,251.0,71.8,0.04,0.12,6.15,13.67,12.0,,,0.0,,0.08,0.0,,,,,,Pz.IV_C
sw_m24_chaffee_dk,247.0,66.62,0.03,0.04,2.62,3.34,197.0,55.73,0.0,0.0,3.15,2.03,0.0,,,,,,M24DK
us_m6a1,245.0,88.94,0.05,0.05,5.23,4.33,84.0,80.77,0.0,0.0,5.71,4.15,0.0,,,,,,M6A1
ussr_2s1,239.0,47.62,0.06,0.05,0.96,0.85,238.0,38.55,0.01,0.01,1.05,0.63,0.0,,,,,,2S1
ussr_t_44_100,238.0,48.62,0.03,0.02,3.66,3.16,941.0,47.56,0.0,0.0,2.46,1.79,81.0,43.33,0.0,0.0,3.23,3.23,T-44-100
ussr_bmpt_72,238.0,60.79,0.0,0.0,2.5,2.79,1714.0,42.53,0.0,0.0,1.68,1.23,0.0,,,,,,БМПТ-72
la-5fn,231.0,79.09,4.04,4.91,0.57,0.72,73.0,53.85,3.51,2.85,0.93,0.67,0.0,,,,,,La-5FN
jp_type_10,229.0,60.81,0.0,0.0,4.22,4.02,865.0,59.0,0.0,0.0,2.33,1.85,0.0,,,,,,Type_10
p-51d-20-na_iaf,229.0,53.27,1.64,1.42,0.41,0.35,24.0,,,0.1,,0.75,0.0,,,,,,P-51D-20-NA_(Israel)
av_8c,223.0,46.96,1.57,2.15,0.07,0.09,49.0,73.89,0.83,0.73,1.02,1.06,0.0,,,,,,AV-8C
sw_t_34_85_zis_53,223.0,75.94,0.04,0.05,2.59,2.97,383.0,42.11,0.0,0.0,1.73,1.44,0.0,,,,,,T-34-85
germ_pzkpfw_IV_ausf_H,219.0,67.44,0.0,0.0,4.06,3.67,339.0,43.02,0.0,0.0,2.33,1.32,41.0,,,0.0,,1.41,Pz.IV_H
yak-3,216.0,90.44,4.43,3.81,1.24,1.07,147.0,71.88,3.01,2.97,1.3,1.27,26.0,100.0,7.0,4.44,0.0,0.0,Yak-3
mig_23mla,215.0,51.79,1.8,1.54,0.16,0.11,30.0,50.0,0.9,1.11,0.0,0.0,28.0,,,1.0,,0.0,◊MiG-23MLA
ussr_t_80bvm,211.0,52.9,0.0,0.0,2.28,2.17,6355.0,48.8,0.0,0.0,2.0,1.69,4.0,100.0,0.0,0.0,4.0,4.0,T-80BVM
jp_m24_chaffee,210.0,68.79,0.05,0.05,3.68,4.55,370.0,61.69,0.0,0.0,2.17,2.14,21.0,0.0,0.0,0.0,0.0,0.0,M24
sw_strv_122b_plus,208.0,100.0,0.0,0.0,4.71,5.38,452.0,53.53,0.0,0.0,3.44,3.01,0.0,,,,,,Strv_122B+
ussr_t_34_100,207.0,87.69,0.0,0.0,4.42,4.19,337.0,62.98,0.0,0.0,3.33,2.43,23.0,0.0,0.0,0.0,1.0,1.0,T-34-100
us_m1a2_abrams,206.0,69.7,0.02,0.02,2.94,2.38,1255.0,64.15,0.0,0.0,2.05,1.95,0.0,,,,,,M1A2_Abrams
bf-109f-4_trop,204.0,66.13,6.05,6.35,0.72,0.76,44.0,100.0,2.57,1.91,1.0,0.7,0.0,,,,,,Bf_109_F-4/trop
us_m1a1_hc_usmc,202.0,68.96,0.04,0.03,2.95,3.78,4970.0,61.54,0.0,0.0,2.37,2.07,0.0,,,,,,M1A1_Click-Bait
f-100d,202.0,49.33,1.71,2.0,0.0,0.0,278.0,60.55,1.19,1.7,0.23,0.29,0.0,,,,,,F-100D
f-104c,199.0,50.0,1.28,1.39,0.0,0.0,0.0,,,,,,0.0,,,,,,F-104C
us_xm_803,196.0,51.77,0.0,0.0,2.6,2.03,2319.0,58.88,0.0,0.0,2.51,2.14,0.0,,,,,,XM803
jp_tkx_prot,194.0,62.91,0.0,0.0,4.49,4.49,920.0,60.74,0.0,0.0,2.5,2.08,0.0,,,,,,TKX
cn_ztz_99a,193.0,50.91,0.0,0.0,1.75,2.06,251.0,72.33,0.0,0.0,3.4,1.7,0.0,,,,,,ZTZ99A
germ_pzkpfw_V_ausf_g_panther,192.0,60.99,0.0,0.0,1.79,1.63,410.0,37.09,0.0,0.0,1.85,1.5,0.0,,,,,,Panther_G
germ_pzkpfw_V_ausf_a_panther,191.0,47.29,0.03,0.05,1.41,2.32,786.0,37.48,0.0,0.0,1.51,1.28,0.0,,,,,,Panther_A
yak-9u,190.0,89.63,4.7,3.69,0.44,0.39,10.0,,,,,,0.0,,,,,,Yak-9U
ussr_t_80ue1,189.0,45.73,0.0,0.0,2.55,2.04,4256.0,41.67,0.0,0.0,1.55,1.31,13.0,,,0.0,,0.0,Т-80U-Е1
la-5_type39,188.0,68.5,4.47,5.81,1.63,2.19,0.0,,,,,,0.0,,,,,,La-5F
cn_oplot_t,186.0,42.97,0.0,0.0,1.15,1.4,349.0,63.92,0.0,0.0,2.33,1.33,0.0,,,,,,Oplot-M
jp_type_97_chi_ha,183.0,100.0,0.18,0.29,7.74,14.08,0.0,,,,,,0.0,,,,,,Chi-Ha
su_22um3k,183.0,58.06,0.62,0.43,3.53,2.99,21.0,50.0,1.0,0.09,0.5,0.04,0.0,,,,,,◊Su-22UM3K
us_m4a2_sherman,182.0,94.03,0.15,0.16,5.53,4.98,326.0,67.93,0.0,0.0,4.67,2.72,0.0,,,,,,M4A2
germ_panther_II,180.0,92.37,0.0,0.0,6.02,4.36,205.0,72.31,0.0,0.0,4.91,4.57,0.0,,,,,,Panther_II
ussr_t_34_57_1943,179.0,77.15,0.0,0.0,2.67,3.7,301.0,60.02,0.0,0.0,4.02,3.19,0.0,,,,,,T-34-57_(1943)
germ_panzerjager_panther,179.0,63.66,0.0,0.0,3.35,2.54,324.0,39.66,0.0,0.0,1.31,1.3,0.0,,,,,,Jagdpanther_G1
germ_pzkpfw_V_ausf_f_panther,179.0,56.54,0.0,0.0,2.63,3.35,371.0,49.46,0.0,0.0,2.23,1.43,0.0,,,,,,Panther_F
pe-2-359,177.0,100.0,0.3,0.26,6.37,5.85,0.0,,,,,,0.0,,,,,,Pe-2-359
mig_25pd,177.0,60.35,5.85,6.15,0.0,0.0,262.0,73.15,2.57,2.88,0.0,0.0,0.0,,,,,,МиГ-25ПД
i_185_m82,177.0,61.29,4.21,2.78,0.6,0.43,43.0,92.86,0.14,0.37,1.0,0.73,0.0,,,,,,I-185_(M-82)
ussr_t_10m,177.0,29.05,0.09,0.09,4.58,3.52,519.0,46.88,0.0,0.0,2.74,2.38,0.0,,,,,,T-10M
uk_chieftain_mk_10,176.0,57.53,0.0,0.0,3.72,5.56,159.0,71.72,0.0,0.0,2.74,2.12,0.0,,,,,,Chieftain_Mk_10
ussr_t_34E_STZ,176.0,83.13,0.05,0.05,2.87,3.31,126.0,47.31,0.0,0.0,1.86,2.11,0.0,,,,,,T-34E_STZ
germ_leopard_2k,175.0,50.09,0.0,0.0,3.59,2.58,1279.0,52.67,0.0,0.0,2.49,1.8,0.0,,,,,,Leopard_2K
ussr_t_80ud,175.0,49.12,0.0,0.0,1.05,1.66,2772.0,52.28,0.0,0.0,1.61,1.54,11.0,50.0,0.0,0.0,0.5,0.86,T-80UD
germ_sdkfz_9_flak37,174.0,68.41,0.11,0.14,7.42,9.35,118.0,75.27,0.0,0.0,3.82,3.5,0.0,,,,,,"8,8_cm_Flak_37_Sfl."
us_t29,173.0,87.48,0.0,0.0,10.59,11.56,1676.0,60.23,0.0,0.0,4.17,3.21,0.0,,,,,,T29
ussr_object_435,173.0,53.66,0.0,0.0,1.75,1.75,278.0,39.69,0.0,0.0,1.64,1.17,0.0,,,,,,Object_435
yak-9t,172.0,59.14,4.92,3.9,0.27,0.17,55.0,74.17,0.5,0.26,0.88,0.52,0.0,,,,,,Yak-9T
us_halftrack_m3_75mm_gmc,170.0,59.7,0.0,0.0,3.43,4.06,0.0,,,,,,0.0,,,,,,M3_GMC
jp_type_4_chi_to_late,169.0,78.87,0.29,0.22,5.63,5.13,174.0,73.58,0.0,0.0,3.73,2.91,21.0,0.0,0.0,0.0,2.0,2.0,Chi-To_Late
f-4c,169.0,47.42,1.44,1.04,0.08,0.05,200.0,44.62,1.25,1.98,0.42,0.66,0.0,,,,,,F-4C_Phantom_II
su_30sm2,168.0,34.96,6.8,4.94,0.06,0.05,1175.0,60.77,1.24,1.45,1.19,1.39,39.0,75.93,0.86,0.86,1.79,1.79,Су-30СМ2
germ_leopard_a1a1_120,168.0,50.76,0.0,0.0,2.18,1.42,532.0,51.1,0.0,0.0,2.15,1.77,0.0,,,,,,Leopard_A1A1_(L/44)
jp_type_4_chi_to,164.0,74.55,0.07,0.08,5.6,4.49,150.0,86.99,0.0,0.0,4.64,3.25,27.0,0.0,0.0,0.0,1.0,1.0,Chi-To
ussr_t_80uk,163.0,47.72,0.0,0.0,1.25,2.04,2168.0,39.81,0.0,0.0,1.55,1.17,0.0,,,,,,T-80UK
p-47d_22_re,161.0,76.98,2.95,2.71,2.52,2.21,75.0,59.62,0.62,0.46,1.2,0.96,0.0,,,,,,P-47D-22-RE
ussr_t_34E,161.0,89.52,0.0,0.0,2.46,2.51,37.0,50.0,0.0,0.0,1.34,1.66,0.0,,,,,,T-34E
f3h-2,157.0,50.17,1.07,1.32,0.0,0.0,177.0,69.19,2.45,2.56,0.7,0.94,0.0,,,,,,F3H-2
ussr_t_44,157.0,43.12,0.0,0.0,1.2,1.52,578.0,51.56,0.0,0.0,3.46,2.14,12.0,,,0.0,,1.0,T-44
ussr_t_80ue1_sm,156.0,73.03,0.0,0.0,3.84,2.76,3345.0,42.59,0.0,0.0,1.36,1.11,0.0,,,,,,◍Т-80У-Е1
germ_pzkpfw_IV_ausf_J,155.0,60.22,0.0,0.0,1.45,2.1,108.0,5.0,0.0,0.0,1.45,0.76,12.0,,,0.0,,1.08,Pz.IV_J
uk_a17_mk_1_tetrarch,149.0,65.84,0.0,0.0,3.02,5.02,1.0,,,0.0,,1.0,0.0,,,,,,Tetrarch_I
fw-190a-4,149.0,87.22,10.67,7.44,1.23,0.95,74.0,81.06,2.01,1.9,0.93,1.8,0.0,,,,,,Fw_190_A-4
ussr_t_44_po,148.0,91.51,0.0,0.0,4.38,4.69,149.0,67.26,0.0,0.0,4.21,2.37,0.0,,,,,,Т-44(ПМ)
us_m4a2_76w_sherman,147.0,39.78,0.0,0.0,1.75,1.25,501.0,59.89,0.0,0.0,3.1,2.47,0.0,,,,,,M4A2_(76)_W
sw_cv_90105_tml,146.0,69.4,0.0,0.0,2.04,1.36,1641.0,56.05,0.0,0.0,1.99,1.52,0.0,,,,,,CV_90105
us_mbt_70,146.0,50.0,0.0,0.0,0.94,0.87,1177.0,58.95,0.0,0.0,2.31,1.77,0.0,,,,,,MBT-70
do_335a_1,145.0,92.39,1.0,0.73,11.38,5.26,48.0,43.33,0.63,1.03,1.24,1.55,0.0,,,,,,Do_335_A-1
us_m5a1_stuart,144.0,59.48,0.05,0.1,1.65,2.82,67.0,53.47,0.0,0.0,1.13,1.12,0.0,,,,,,M5A1
yak-7b,144.0,91.76,7.14,5.22,1.29,0.91,0.0,,,,,,0.0,,,,,,Yak-7B
us_m1a2_sep2_abrams,144.0,62.89,0.0,0.0,3.36,3.31,4011.0,57.28,0.0,0.0,2.05,1.84,24.0,,,0.0,,1.0,M1A2_SEP_V2
uk_a_13_mk1,142.0,60.07,0.04,0.08,4.13,7.83,0.0,,,,,,0.0,,,,,,A13_Mk_I
germ_pzkpfw_VI_ausf_b_tiger_IIp,142.0,36.91,0.34,0.34,2.94,3.54,779.0,42.7,0.0,0.0,1.56,1.61,0.0,,,,,,Tiger_II_(P)
yak-3_eremin,140.0,96.33,4.38,5.14,0.44,0.5,16.0,83.33,1.0,1.0,0.83,1.0,0.0,,,,,,Eremin's_Yak-3(e)
saab_b3c,138.0,100.0,2.19,0.84,39.97,14.96,0.0,,,,,,0.0,,,,,,B3C
ussr_asu_85,138.0,39.19,0.0,0.0,0.6,0.64,236.0,44.51,0.0,0.0,1.43,0.83,0.0,,,,,,ASU-85
ussr_is_2_1944,137.0,49.33,0.0,0.0,1.88,1.75,496.0,52.32,0.0,0.0,2.2,1.82,0.0,,,,,,IS-2_(1944)
uk_a_33_excelsior,136.0,98.92,0.0,0.0,7.41,8.18,236.0,72.06,0.0,0.0,5.84,4.93,0.0,,,,,,Excelsior
yak-1b,136.0,99.46,9.08,12.25,4.01,5.31,109.0,76.0,6.38,4.13,2.58,1.99,0.0,,,,,,Yak-1B
it_m24_chaffee,136.0,100.0,0.0,0.0,5.82,5.19,279.0,50.45,0.02,0.02,2.55,1.8,0.0,,,,,,M24
spitfire_mk9c_iaf,135.0,62.15,5.14,2.04,1.65,0.73,26.0,53.13,0.84,1.67,0.0,0.0,0.0,,,,,,Spitfire_Mk_IXc_(Israel)
itp_m1,134.0,91.06,4.0,3.9,1.11,1.08,22.0,50.0,0.63,1.31,2.0,2.85,0.0,,,,,,ITP_(M-1)
fr_amx_50_surbaisse,134.0,76.29,0.0,0.0,4.28,3.07,272.0,80.79,0.0,0.0,4.6,2.64,0.0,,,,,,AMX-50_Surbaissé
ussr_t_34_85_stp_s53,133.0,50.97,0.17,0.24,1.12,1.66,1339.0,51.13,0.0,0.0,2.67,2.09,0.0,,,,,,Т-34-85_(СТП)
ussr_9a35_m2,132.0,31.88,2.61,5.68,0.62,1.32,97.0,29.41,2.05,2.88,0.0,0.0,0.0,,,,,,Strela-10M2
f4u-1d,132.0,66.94,2.14,1.72,4.12,3.3,8.0,,,0.0,,1.0,0.0,,,,,,F4U-1D
f6f-3,131.0,69.36,1.08,0.85,8.33,6.44,109.0,81.45,0.83,0.76,2.35,2.07,0.0,,,,,,F6F-5
il_sabra_mk1,131.0,84.41,0.0,0.0,3.27,2.41,89.0,80.13,0.0,0.0,4.1,3.1,0.0,,,,,,Sabra_Mk.I
us_m4_t26,131.0,39.13,0.29,0.26,3.76,2.97,472.0,53.12,0.0,0.0,1.63,1.52,12.0,,,0.0,,1.0,M4/T26
ussr_t_34_1942,131.0,60.75,0.0,0.0,2.82,4.32,171.0,59.09,0.0,0.0,6.69,1.69,0.0,,,,,,T-34_(1942)
ussr_t_90m_2020,131.0,50.0,0.0,0.0,1.97,2.6,2691.0,46.2,0.0,0.0,1.98,1.64,0.0,,,,,,T-90M
p-51d-20-na,130.0,63.23,7.94,17.74,0.61,1.27,76.0,70.83,1.42,1.36,1.38,1.2,0.0,,,,,,P-51D-20-NA
ussr_t_72b_1989,129.0,50.67,0.0,0.0,2.04,1.83,309.0,35.45,0.0,0.0,1.97,1.5,0.0,,,,,,T-72B_(1989)
pe-2-31,128.0,100.0,0.14,0.13,6.32,4.91,0.0,,,,,,0.0,,,,,,Pe-2-31
germ_panzerbefelhswagen_IV_ausf_J,128.0,81.14,0.0,0.0,3.86,5.03,294.0,48.42,0.0,0.0,2.15,1.96,0.0,,,,,,Pz.Bfw.IV
sw_strv_m39,126.0,100.0,0.0,0.0,3.52,4.23,0.0,,,,,,0.0,,,,,,Strv_m/39
uk_sherman_vc_firefly,125.0,52.15,0.05,0.06,1.83,2.84,192.0,60.15,0.0,0.0,4.26,2.9,0.0,,,,,,Sherman_Firefly
ussr_t_72av_turms,125.0,52.84,0.0,0.0,2.71,2.0,1575.0,50.26,0.0,0.0,1.84,1.69,0.0,,,,,,T-72AV_(TURMS-T)
sw_lvkv_42,124.0,66.11,0.39,0.38,2.83,2.91,103.0,80.86,0.02,0.03,1.1,0.76,0.0,,,,,,Lvkv_42
ussr_t_72b,124.0,48.6,0.0,0.0,1.55,1.74,201.0,20.79,0.0,0.0,2.33,1.54,0.0,,,,,,T-72B
cn_t_34_1942,123.0,85.54,0.0,0.0,4.97,6.17,91.0,100.0,0.0,0.0,6.6,2.63,0.0,,,,,,T-34_(1943)_(China)
us_t26e4_superpershing,123.0,79.41,0.08,0.08,4.13,4.96,487.0,63.59,0.0,0.0,4.39,2.55,0.0,,,,,,T26E1-1
germ_vk_3002m,123.0,31.56,0.0,0.0,3.57,2.66,184.0,27.91,0.0,0.0,4.05,2.39,2.0,,,0.0,,0.0,VK_3002_(M)
germ_pzkpfw_IV_ausf_F2,123.0,42.31,0.15,0.07,4.08,3.49,282.0,61.67,0.0,0.0,4.72,3.14,0.0,,,,,,Pz.IV_F2
uk_a_13_mk2,122.0,63.04,0.0,0.0,3.16,5.31,0.0,,,,,,0.0,,,,,,A13_Mk_II
germ_flakpz_I_Gepard,122.0,43.55,0.76,0.86,1.3,1.31,1511.0,31.21,0.23,0.19,0.75,0.61,0.0,,,,,,Gepard
fa_18e_block_2,121.0,63.33,5.5,2.61,1.0,0.49,663.0,66.85,1.44,1.82,0.82,1.05,18.0,50.0,2.0,2.0,1.0,1.0,F/A-18E
cn_wz_1001,121.0,46.24,0.0,0.0,1.33,1.67,224.0,67.9,0.0,0.0,1.67,1.76,0.0,,,,,,WZ1001(E)_LCT
fr_somua_sm,120.0,71.27,0.0,0.0,5.09,4.04,752.0,71.58,0.0,0.0,4.19,3.06,0.0,,,,,,Somua_SM
ussr_bt_5,119.0,92.58,0.0,0.0,6.07,6.42,90.0,46.3,0.0,0.0,3.24,4.43,0.0,,,,,,BT-5
ussr_t_62m1,119.0,57.2,0.0,0.0,2.29,2.55,356.0,55.35,0.0,0.0,1.98,1.63,20.0,100.0,0.0,0.0,1.0,0.5,T-62M-1
us_t1e1,119.0,48.39,0.0,0.0,2.19,1.26,73.0,45.14,0.0,0.0,1.94,3.17,0.0,,,,,,T1E1
us_mk1_grant,118.0,54.43,0.08,0.14,3.12,5.84,16.0,0.0,0.0,0.0,1.6,1.6,0.0,,,,,,Grant_I
f8f1,118.0,48.72,1.71,1.43,0.74,0.52,336.0,60.92,0.49,0.58,1.39,1.43,0.0,,,,,,F8F-1
jp_type_90b_camo,117.0,67.59,0.0,0.0,3.77,3.4,3703.0,53.96,0.0,0.0,2.34,1.79,0.0,,,,,,"Type_90_(B)_""Fuji"""
uk_a27m_cromwell_5,116.0,76.99,0.0,0.0,4.44,5.63,111.0,84.44,0.0,0.0,5.49,3.49,0.0,,,,,,Cromwell_V
ussr_is_1,116.0,54.76,0.0,0.0,2.88,3.16,347.0,47.54,0.0,0.0,1.84,2.01,0.0,,,,,,IS-1
us_m18_hellcat,116.0,51.72,0.0,0.0,1.24,1.23,1344.0,55.12,0.0,0.0,2.0,1.54,12.0,,,0.0,,1.0,M18_GMC
pe-2-83,115.0,100.0,0.14,0.14,4.76,3.94,0.0,,,,,,0.0,,,,,,Pe-2-83
ussr_t_64a_1971,115.0,63.48,0.0,0.0,3.17,2.74,1016.0,51.25,0.0,0.0,2.6,1.96,38.0,100.0,0.0,0.0,2.86,1.96,T-64A_(1971)
ussr_object_292,114.0,64.29,0.0,0.0,3.15,2.73,613.0,60.05,0.0,0.0,3.67,2.53,0.0,,,,,,Object_292
it_c1_ariete_certezza,113.0,66.67,0.0,0.0,6.98,6.98,437.0,57.44,0.0,0.0,2.8,2.14,0.0,,,,,,Ariete_Сertezza
us_t20,113.0,84.55,0.0,0.0,5.55,7.04,2514.0,68.6,0.0,0.0,4.29,4.06,0.0,,,,,,T20
p-51_mk1a_usaaf,113.0,53.21,4.2,3.4,0.06,0.05,46.0,50.0,1.5,1.0,1.5,0.04,18.0,,,,,,P-51
us_m4a1_1942_sherman,113.0,70.99,0.0,0.0,3.24,1.87,70.0,100.0,0.0,0.0,3.91,3.11,0.0,,,,,,M4A1
ussr_t_55a,113.0,54.76,0.0,0.0,3.26,2.5,1019.0,55.18,0.0,0.0,2.35,1.77,0.0,,,,,,T-55A
germ_pzh_2000,112.0,42.86,1.29,0.77,1.71,1.78,544.0,26.89,0.06,0.06,1.77,1.49,0.0,,,,,,PzH_2000
jp_type_90b_sm,111.0,46.24,0.0,0.0,0.69,0.7,257.0,55.17,0.0,0.0,2.75,2.65,0.0,,,,,,◍Type_90_(B)
it_c1_ariete_preserie,109.0,66.67,0.0,0.0,4.75,5.54,261.0,64.0,0.0,0.0,2.55,2.59,0.0,,,,,,Ariete_(P)
ussr_zsu_23_4m4,109.0,36.6,2.6,2.24,0.72,0.61,448.0,36.38,0.99,0.58,0.0,0.0,0.0,,,,,,ZSU-23-4M4
ussr_zsu_29k,108.0,90.65,0.0,0.0,3.71,3.71,2.0,,,0.0,,4.0,0.0,,,,,,YaG-10_(29-K)
cn_type_58,108.0,82.26,0.0,0.0,3.49,3.4,94.0,80.95,0.0,0.0,7.28,2.9,0.0,,,,,,Т-34-85_Gai
sw_pzkpfw_IV_ausf_J,108.0,52.96,0.0,0.0,3.47,5.06,94.0,50.0,0.0,0.0,2.15,1.14,0.0,,,,,,Pz.IV
me_264,107.0,96.43,0.71,0.4,7.69,4.7,0.0,,,,,,0.0,,,,,,Me_264
la-7b-20,107.0,64.84,4.63,6.33,0.95,1.25,56.0,46.19,0.92,1.07,0.47,0.56,0.0,,,,,,La-7B-20
ussr_is_3,106.0,46.67,0.39,0.63,2.03,3.21,314.0,57.3,0.0,0.0,3.3,2.02,0.0,,,,,,IS-3
ussr_su_100p,106.0,45.98,0.0,0.0,1.89,1.85,536.0,48.55,0.0,0.0,2.34,1.64,0.0,,,,,,SU-100P
ussr_kv_1s,105.0,42.47,0.0,0.0,2.89,3.25,165.0,80.1,0.0,0.0,1.62,1.13,0.0,,,,,,KV-1S
germ_sdkfz_234_2,105.0,79.33,0.0,0.0,2.41,1.97,836.0,37.22,0.0,0.0,1.01,0.81,24.0,,,0.0,,1.0,Sd.Kfz.234/2
it_leopard_2a4,102.0,72.58,0.0,0.0,4.44,4.84,235.0,54.46,0.0,0.0,1.78,1.43,0.0,,,,,,◔Leopard_2A4
av_8a,102.0,50.0,6.15,3.91,0.75,2.16,23.0,50.0,1.0,2.0,0.5,1.0,8.0,,,0.0,,0.0,AV-8A
la-7_dolgushin,102.0,93.98,5.84,6.56,1.81,2.17,42.0,77.08,4.37,14.13,1.55,3.0,0.0,,,,,,Dolgushin's_La-7
mig-21_s,102.0,54.76,4.69,4.04,0.0,0.0,169.0,62.1,1.59,1.62,0.15,0.11,0.0,,,,,,MiG-21S_(R-13-300)
cn_m1a2t,102.0,61.51,0.0,0.0,2.8,2.66,193.0,67.5,0.0,0.0,7.25,2.96,0.0,,,,,,M1A2T
mosquito_j30_sweden,102.0,41.18,2.6,1.82,0.13,0.07,43.0,58.34,0.85,0.63,0.65,0.21,0.0,,,,,,Mosquito_J30
us_t14,101.0,77.21,0.15,0.24,3.52,4.4,583.0,66.07,0.0,0.0,5.03,4.18,0.0,,,,,,T14
f4u-1c,101.0,79.01,3.09,1.68,0.2,0.11,51.0,8.93,2.13,2.09,1.41,1.36,0.0,,,,,,F4U-1C
ussr_t_80u,101.0,62.8,0.0,0.0,1.14,1.16,1563.0,36.14,0.0,0.0,1.56,1.31,4.0,,,,,,T-80U
p-47d-28,100.0,82.82,1.59,1.42,4.33,3.79,31.0,83.33,0.0,0.9,1.22,1.24,44.0,0.0,2.0,2.0,0.0,0.0,P-47D-28
p-63a-10,100.0,100.0,1.93,1.15,1.41,0.99,251.0,48.6,0.55,0.53,0.87,0.82,0.0,,,,,,P-63A-10
jp_type_89b_i_go_otsu,99.0,100.0,0.29,0.5,5.65,9.89,17.0,,,0.0,,4.0,0.0,,,,,,I-Go_Ko
germ_begleitpanzer_57,99.0,57.96,1.27,2.55,2.13,4.02,1483.0,50.18,0.25,0.17,1.65,1.18,21.0,100.0,0.0,0.0,2.0,2.0,Begleitpanzer_57
fr_amx_30_super,99.0,100.0,0.0,0.0,4.25,1.47,700.0,57.94,0.0,0.0,3.8,2.32,0.0,,,,,,AMX-30_Super
us_m4a3e8_76w_sherman,99.0,44.08,0.0,0.0,2.38,2.37,342.0,43.79,0.0,0.0,3.23,2.42,0.0,,,,,,M4A3_(76)_W
jp_type_90,99.0,45.16,0.0,0.0,1.14,1.18,806.0,56.6,0.0,0.0,1.81,1.85,0.0,,,,,,Type_90
ussr_zsu_57_2,98.0,32.0,0.16,0.08,3.49,1.83,794.0,41.04,0.04,0.01,1.98,1.07,34.0,92.86,0.0,0.0,1.0,1.0,ZSU-57-2
ffvs_j22_b,98.0,50.0,2.3,1.55,0.33,0.9,8.0,,,0.0,,0.0,0.0,,,,,,J22-B
ussr_t_55_am,98.0,36.56,0.0,0.0,1.24,1.11,466.0,52.96,0.0,0.0,2.12,2.22,9.0,,,0.0,,1.0,T-55AM-1
il_2m_1943,96.0,95.16,1.83,1.69,7.15,6.66,0.0,,,,,,0.0,,,,,,IL-2M_(1943)
yak-1_early,96.0,100.0,6.2,5.37,1.59,1.45,32.0,,,,,,0.0,,,,,,Yak-1
ki_61_1a_otsu_china,96.0,85.33,8.25,8.04,2.48,2.2,0.0,,,,,,16.0,100.0,0.0,0.0,1.0,1.0,Ki-61-I_otsu_(China)
germ_flakpanzer_IV_Ostwind,95.0,80.91,2.0,1.81,2.07,1.81,256.0,29.26,1.63,1.49,1.02,0.87,0.0,,,,,,Ostwind
yak_2_kabb,94.0,100.0,2.31,2.4,5.03,5.34,0.0,,,,,,16.0,,,,,,Yak-2_KABB
sw_strv_m38,94.0,100.0,0.0,0.0,2.69,5.02,15.0,50.0,0.0,0.0,0.5,0.65,0.0,,,,,,Strv_m/38
ussr_bt_7_1937,94.0,95.67,0.0,0.0,6.32,4.96,58.0,100.0,0.0,0.0,10.09,3.21,0.0,,,,,,BT-7
f4u-1a,94.0,65.38,1.77,2.19,0.95,1.07,84.0,50.0,1.09,1.97,1.96,3.66,0.0,,,,,,F4U-1A
bf-109f-2,93.0,66.05,10.94,7.51,2.86,2.07,17.0,0.0,0.0,0.0,1.0,1.0,0.0,,,,,,Bf_109_F-2
it_m26a1_pershing,93.0,79.44,0.01,0.01,3.02,4.92,84.0,31.11,0.0,0.0,2.14,1.75,0.0,,,,,,M26A1
germ_pzkpfw_IV_ausf_G,93.0,71.34,0.0,0.0,2.38,2.07,122.0,31.18,0.0,0.0,3.27,2.18,0.0,,,,,,Pz.IV_G
it_m4a4_sherman,92.0,85.8,0.0,0.0,4.03,6.9,75.0,91.94,0.0,0.0,5.02,3.6,0.0,,,,,,Sherman_V
sw_strv121b_christian2,92.0,70.0,0.0,0.0,3.65,2.83,1463.0,50.97,0.0,0.0,2.39,1.75,0.0,,,,,,Christian_II
fr_leopard_2a4nl_les,92.0,74.07,0.0,0.0,4.03,2.93,882.0,52.94,0.0,0.0,2.1,1.8,0.0,,,,,,Leopard_2_(OTCo)
sw_l_62_anti_II,92.0,85.71,0.79,0.84,2.12,2.17,103.0,76.92,0.0,0.0,3.54,1.43,0.0,,,,,,L-62_ANTI_II
germ_kpz_70,92.0,38.12,0.0,0.0,1.24,1.31,1253.0,51.88,0.0,0.0,2.06,1.51,0.0,,,,,,KPz-70
it_m26_ariete,91.0,74.34,0.0,0.0,3.33,4.39,10.0,100.0,0.0,0.0,5.4,5.4,0.0,,,,,,"M26_""D.C.Ariete"""
yak-9m,91.0,90.86,6.82,8.8,0.76,0.96,7.0,,,,,,0.0,,,,,,Golovachev's_Yak-9M
jp_type_3_chi_nu_75cm_type_5,91.0,76.56,0.02,0.03,5.55,7.74,235.0,58.66,0.0,0.0,3.72,2.92,0.0,,,,,,Chi-Nu_II
uk_sherman_ic_firefly,91.0,63.33,0.0,0.0,4.26,4.43,81.0,92.98,0.0,0.0,2.56,2.91,0.0,,,,,,"Sherman_IC_""Trzyniec"""
la-5_type37_early,90.0,89.68,5.07,6.4,2.61,3.74,0.0,,,,,,0.0,,,,,,La-5
germ_jgdpz_IV_L48,90.0,91.95,0.0,0.0,4.02,4.7,177.0,35.75,0.0,0.0,6.55,4.36,19.0,,,0.0,,1.0,Jagdpanzer_IV
it_pzkpfw_VI_ausf_e_tiger,89.0,52.0,0.14,0.11,3.8,2.87,166.0,74.82,0.0,0.0,6.84,4.6,0.0,,,,,,Tigris
p-47d,89.0,88.83,1.12,1.08,4.28,4.04,59.0,64.59,0.33,0.37,0.53,0.4,22.0,,,,,,P-47D-25
ki_43_3_otsu,89.0,70.45,7.22,6.36,0.0,0.0,186.0,80.44,0.97,1.39,1.3,1.93,0.0,,,,,,Ki-43-III_otsu
us_m4_sherman,89.0,39.1,0.0,0.0,2.73,4.62,163.0,55.38,0.0,0.0,4.19,3.31,0.0,,,,,,M4
sw_strv_122b_plss,88.0,98.39,0.0,0.0,4.96,9.74,263.0,45.31,0.0,0.0,4.51,2.46,0.0,,,,,,Strv_122B_PLSS
sw_strf_90c,88.0,46.0,0.31,0.47,2.53,3.79,255.0,35.87,0.05,0.06,1.41,1.41,0.0,,,,,,Strf_9040C
p-51_a-36,88.0,,,3.77,,0.98,56.0,50.0,0.5,0.34,1.68,1.63,0.0,,,,,,A-36
uk_chieftain_900,87.0,50.0,0.0,0.0,2.91,3.02,112.0,77.96,0.0,0.0,2.32,1.93,0.0,,,,,,Chieftain_900
f-5e,87.0,45.47,1.34,1.26,0.0,0.0,147.0,50.54,2.09,1.47,0.46,0.3,0.0,,,,,,F-5E
uk_a27m_cromwell_5_rp3,86.0,100.0,0.0,0.0,10.09,18.28,10.0,100.0,0.0,,2.5,,0.0,,,,,,Cromwell_V_(RP-3)
germ_panzerbefelhswagen_jagdpanther,86.0,54.0,0.0,0.0,5.84,6.78,105.0,40.58,0.0,0.0,1.47,1.22,0.0,,,,,,Bfw._Jagdpanther_G1
cn_pgz_625_fb10,86.0,40.55,1.83,2.65,0.07,0.12,4.0,,,,,,0.0,,,,,,CS/SA5
uk_sherman_II,86.0,89.03,0.0,0.0,3.53,4.1,88.0,74.36,0.0,0.0,4.33,2.88,0.0,,,,,,Sherman_II
fr_msc,86.0,53.76,0.0,0.0,2.02,1.94,522.0,47.63,0.0,0.0,1.51,1.62,0.0,,,,,,MSC
yak-9k,86.0,59.68,2.05,2.55,0.18,0.15,749.0,60.36,0.22,0.23,2.35,2.25,0.0,,,,,,Yak-9K
cn_vt_4b,86.0,47.04,0.0,0.0,1.5,1.8,77.0,96.15,0.0,0.0,3.52,2.06,0.0,,,,,,VT4A1
germ_spz_oerlikon_raketenautomat,86.0,59.05,0.0,0.0,1.28,0.81,168.0,23.22,0.0,0.0,2.07,1.91,0.0,,,,,,Raketenautomat
us_m2a4_1st_armor_div,85.0,97.58,0.0,0.0,4.26,4.98,2.0,,,0.0,,1.0,0.0,,,,,,M2A4_(1st_Arm.Div.)
ki_44_2_hei,85.0,60.0,7.2,3.56,0.0,0.0,0.0,,,,,,0.0,,,,,,Ki-44-II_hei
germ_leopard_2a6,85.0,59.03,0.1,0.13,1.75,2.77,1144.0,42.99,0.0,0.0,1.77,1.45,9.0,,,0.0,,1.89,Leopard_2A6
sw_strv_m42_delat_torn,85.0,79.31,0.0,0.0,1.87,1.56,133.0,56.05,0.0,0.0,2.03,1.52,0.0,,,,,,Strv_m/42_DT
su_30sm,84.0,55.31,3.38,3.28,0.16,0.1,541.0,58.88,1.06,1.43,1.24,1.66,42.0,82.87,0.74,0.87,1.06,1.05,Су-30СМ
mig_23ml,84.0,50.0,3.33,2.35,0.0,0.0,642.0,55.22,1.35,1.63,0.08,0.11,30.0,,,1.3,,0.0,MiG-23ML
p-51d-20-na_j26,84.0,50.0,2.07,1.21,0.37,0.31,59.0,0.0,1.06,0.98,0.0,0.0,0.0,,,,,,J26
bf_110g_4,83.0,91.38,0.95,0.96,4.22,4.28,0.0,,,,,,0.0,,,,,,Bf_110_G-4
ar_2,81.0,100.0,0.65,0.65,9.93,9.81,0.0,,,,,,0.0,,,,,,Ar-2
yak-9,81.0,73.08,6.04,2.85,0.0,0.0,36.0,,,1.78,,0.0,0.0,,,,,,Yak-9
fr_amd_35_sa35,79.0,50.0,0.0,0.0,2.17,1.92,0.0,,,,,,0.0,,,,,,AMD.35_(SA35)
ussr_su_100_1945,79.0,70.37,0.0,0.0,1.31,1.58,84.0,29.64,0.0,0.0,0.96,0.93,0.0,,,,,,SU-100
spitfire_lf_mk9e_iaf,79.0,21.79,1.78,1.72,1.59,0.95,73.0,50.0,1.09,1.09,1.22,1.22,0.0,,,,,,Spitfire_Mk.IX_(CW)_(Israel)
germ_pzsfl_IVa_dickermax,79.0,41.3,0.0,0.0,1.07,1.42,59.0,,,0.0,,3.17,0.0,,,,,,Dicker_Max
fr_m26_pershing,78.0,54.55,0.68,0.65,2.26,2.27,162.0,69.89,0.0,0.0,3.03,1.85,34.0,100.0,0.0,0.0,1.41,1.0,M26
ussr_t_64_b_1984,78.0,79.57,0.0,0.0,3.63,4.05,332.0,44.42,0.0,0.0,2.06,2.04,0.0,,,,,,T-64B
germ_leopard_I,78.0,58.73,0.0,0.0,2.0,2.13,776.0,33.24,0.0,0.0,1.32,0.85,0.0,,,,,,Leopard_I
av_8b_na,77.0,50.0,1.0,0.45,6.0,2.58,157.0,52.55,0.19,0.19,2.34,2.25,38.0,,,0.0,,4.0,AV-8B_(NA)
ussr_t_34_1941,77.0,100.0,0.0,0.0,4.27,4.76,52.0,50.0,0.0,0.0,2.8,3.94,0.0,,,,,,T-34_(1941)
mig-21_bis_lazur,77.0,52.73,1.7,1.37,0.54,0.35,550.0,55.55,1.2,1.48,0.37,0.48,8.0,,,5.0,,0.0,"◊MiG-21_""Lazur-M"""
il_merkava_mk_2b_early,77.0,53.23,0.0,0.0,2.16,3.45,354.0,60.46,0.0,0.0,2.94,2.52,0.0,,,,,,Merkava_Mk.2B
fw-190a-1,76.0,100.0,6.68,5.77,1.77,1.48,63.0,71.74,1.55,3.07,0.0,0.0,19.0,,,1.84,,0.0,Fw_190_A-1
f_16a_block_5_netherlands,76.0,45.37,1.71,0.99,0.0,0.0,11.0,50.0,0.0,0.0,0.0,0.0,0.0,,,,,,◘F-16A
germ_leopard_1a5,76.0,58.33,0.0,0.0,1.88,1.19,1231.0,40.74,0.0,0.0,1.4,1.21,15.0,100.0,0.0,0.0,2.38,1.73,Leopard_1A5
us_t1e1_90,75.0,54.84,0.0,0.0,1.6,2.89,160.0,43.52,0.0,0.0,3.96,2.64,0.0,,,,,,T1E1_(90)
ussr_kv_2_zis_6,74.0,66.07,0.0,0.0,3.21,3.17,48.0,76.92,0.0,0.0,3.96,3.39,0.0,,,,,,KV-2_(ZiS-6)
germ_erprobungstrager_3_achs_turm,74.0,50.0,0.0,0.0,3.09,3.09,1570.0,41.93,0.0,0.0,2.27,1.49,0.0,,,,,,Turm_III
germ_leopard_2a7v,74.0,74.51,0.23,0.21,3.71,3.82,2192.0,48.29,0.0,0.0,2.53,1.84,0.0,,,,,,Leopard_2A7V
uk_challenger_1,74.0,50.0,0.0,0.0,4.03,2.58,479.0,52.82,0.0,0.0,2.17,1.78,0.0,,,,,,Challenger_Mk.2
sw_pvkv_II,74.0,96.47,0.0,0.0,4.41,5.35,70.0,78.43,0.0,0.0,4.69,3.62,0.0,,,,,,Pvkv_II
fr_amx_50,74.0,76.32,0.0,0.0,2.45,3.34,271.0,82.76,0.0,0.0,4.72,3.12,54.0,48.39,0.0,0.0,1.3,1.82,AMX-50_(TOA100)
germ_kpz_t72m1,74.0,69.53,0.0,0.0,2.4,2.69,1063.0,43.38,0.0,0.0,2.03,1.7,0.0,,,,,,◊T-72M1
us_m4a3e2_sherman_jumbo,74.0,38.33,0.32,0.37,0.08,0.08,278.0,56.47,0.0,0.0,4.34,2.96,0.0,,,,,,M4A3E2
germ_nbfz_VI,73.0,100.0,0.0,0.0,3.75,7.06,0.0,,,,,,0.0,,,,,,Nb.Fz.
germ_thyssen_henschel_tam_2ip,73.0,65.29,0.11,0.08,2.48,2.62,1808.0,43.51,0.0,0.0,1.87,1.32,0.0,,,,,,TAM_2IP
il_m109a1,73.0,0.0,0.4,0.27,2.18,1.55,31.0,,,0.0,,0.52,0.0,,,,,,Rochev
us_m60a3_tts,73.0,37.35,0.0,0.0,0.74,1.03,465.0,59.33,0.0,0.0,1.97,1.66,0.0,,,,,,M60A3_TTS
il-2m,72.0,93.52,1.26,1.43,4.42,5.05,0.0,,,,,,13.0,,,1.0,,4.0,IL-2M_type_3
f_16c_block_52_aesa,72.0,48.25,2.87,3.23,0.32,0.63,1089.0,61.8,0.76,0.9,0.82,0.97,69.0,43.33,0.61,0.73,0.61,0.73,F-16CM_PoBIT
jp_type_98_ke_ni,71.0,100.0,0.0,0.0,4.18,9.25,27.0,50.0,0.0,0.0,1.16,2.52,0.0,,,,,,Ke-Ni
ussr_btr_152d,71.0,57.58,1.46,3.64,0.25,0.68,302.0,23.96,0.73,0.54,0.04,0.02,0.0,,,,,,BTR-152D
us_m44,71.0,48.21,0.0,0.0,0.82,1.25,115.0,0.0,0.0,0.0,3.9,2.15,0.0,,,,,,M44
germ_pzkpfw_VI_ausf_b_tiger_IIh_kwk46,70.0,79.17,0.0,0.0,8.79,7.02,223.0,93.02,0.01,0.01,8.21,6.19,0.0,,,,,,Tiger_II_(10.5_cm_Kw.K)
cn_m36,70.0,85.42,0.0,0.0,1.63,1.34,162.0,69.63,0.0,0.0,2.25,1.4,0.0,,,,,,M36_GMC_(China)
f-86f-2,70.0,56.31,0.71,1.02,0.11,0.11,126.0,52.02,1.78,2.61,0.33,0.48,0.0,,,,,,F-86F-2
fr_sk105_a2,69.0,78.95,0.0,0.0,6.32,4.9,150.0,61.94,0.0,0.0,2.56,2.84,0.0,,,,,,SK-105A2
p-47d_30_china,69.0,54.55,2.05,1.68,0.5,0.3,47.0,44.44,0.43,0.6,1.16,1.45,0.0,,,,,,P-47D-30_(China)
sw_charioteer_mk_7,69.0,63.33,0.0,0.0,1.62,0.73,246.0,44.04,0.0,0.0,0.78,0.82,7.0,,,,,,Charioteer_Mk_VII
ussr_t_28,68.0,68.39,0.0,0.0,5.91,5.25,0.0,,,,,,0.0,,,,,,T-28
mig_29smt_9_19,68.0,100.0,3.9,3.27,0.0,0.0,137.0,17.24,1.6,0.95,0.14,0.07,0.0,,,,,,MiG-29SMT
us_m4a1_76w_sherman,68.0,58.33,0.0,0.0,1.81,1.5,244.0,61.82,0.0,0.0,4.36,3.78,0.0,,,,,,M4A1_(76)_W
germ_le_kpz_m41,68.0,53.7,0.0,0.0,0.64,1.13,739.0,49.17,0.0,0.0,1.19,1.14,0.0,,,,,,leKPz_M41
uk_challenger_2e,67.0,75.76,0.0,0.0,3.6,3.84,309.0,53.23,0.0,0.0,2.25,1.56,0.0,,,,,,Challenger_2E
fr_amx_13_90,67.0,61.91,0.0,0.0,3.02,3.02,99.0,87.02,0.0,0.0,4.49,2.3,0.0,,,,,,AMX-13-90
i_29,67.0,100.0,4.43,5.57,0.72,0.29,0.0,,,,,,0.0,,,,,,I-29
sw_strv_74,67.0,89.08,0.0,0.0,3.01,2.55,364.0,42.76,0.0,0.0,1.27,0.88,0.0,,,,,,Strv_74
germ_pz_IV_L70_A,67.0,64.39,0.0,0.0,2.2,2.05,22.0,81.82,0.0,0.0,2.68,2.89,0.0,,,,,,Panzer_IV/70(A)
cn_vt_4,67.0,51.33,0.0,0.0,1.02,1.31,56.0,35.09,0.0,0.0,1.31,1.06,0.0,,,,,,VT4
la_174,66.0,80.0,6.0,7.5,0.6,0.8,0.0,,,,,,0.0,,,,,,La-174
fa_18c_early,66.0,66.67,1.7,1.68,0.0,0.0,1346.0,50.87,0.82,0.96,0.26,0.3,17.0,,,0.91,,0.09,F/A-18C_Early
cf_188a_canada,66.0,30.24,1.27,1.37,0.04,0.04,259.0,48.91,1.06,1.29,0.12,0.16,0.0,,,,,,CF-188A
cn_m4a4_sherman_1st_ptg,65.0,100.0,0.0,0.0,4.48,4.92,24.0,100.0,0.0,0.0,2.7,2.7,0.0,,,,,,M4A4_(1st_PTG)_(China)
us_m26_pershing,65.0,66.67,0.0,0.0,3.12,4.65,135.0,47.22,0.0,0.0,3.21,1.8,103.0,79.03,0.0,0.0,4.82,3.9,M26
cn_m8_scott,65.0,100.0,0.02,0.03,4.1,6.53,4.0,,,0.0,,1.0,0.0,,,,,,M8_HMC_(China)
ussr_object_279,64.0,100.0,0.0,0.0,7.86,5.48,262.0,63.06,0.0,0.0,9.25,6.1,1.0,,,0.0,,2.0,Object_279
us_t25,63.0,94.12,0.0,0.0,9.44,6.2,75.0,65.38,0.0,0.0,4.12,2.89,28.0,0.0,0.0,,1.0,,T25
fj_4b,63.0,50.0,1.44,1.41,0.0,0.0,19.0,100.0,3.0,,0.0,,0.0,,,,,,FJ-4B
firefly_mk1,62.0,100.0,2.57,1.38,8.5,4.78,9.0,,,0.0,,2.78,0.0,,,,,,Firefly_F_Mk_I
hellcat_fmk1,62.0,100.0,3.05,2.8,6.23,6.74,161.0,72.62,0.46,0.35,2.79,1.84,18.0,,,0.55,,1.0,Hellcat_Mk_II
sw_t_28,62.0,80.0,0.0,0.0,3.4,3.84,11.0,,,0.0,,1.45,0.0,,,,,,T-28
germ_flakpanzer_V_Coelian,62.0,50.0,0.0,0.15,2.96,2.32,565.0,61.8,0.91,0.72,3.87,3.03,8.0,0.0,1.0,,0.0,,Flakpanzer_341
sw_pbil_m40,62.0,100.0,0.0,0.0,4.37,1.94,0.0,,,,,,0.0,,,,,,Pbil_m/40
il_merkava_mk_1b,61.0,48.28,0.0,0.0,2.97,2.95,221.0,71.76,0.0,0.0,2.47,2.49,0.0,,,,,,Merkava_Mk.1B
f6f-5n,61.0,100.0,2.42,1.69,1.92,1.19,97.0,73.55,0.55,0.27,2.89,1.53,0.0,,,,,,F6F-5N
cn_t_34_85_d_5t,61.0,89.29,0.0,0.0,4.5,4.98,109.0,95.0,0.0,0.0,4.11,1.81,0.0,,,,,,Т-34-85_(S-53)_(China)
f-89d,60.0,66.67,10.0,10.0,0.0,0.0,65.0,56.79,3.38,6.11,0.0,0.0,0.0,,,,,,F-89D
us_m1a2_sep2_abrams_trophy,60.0,88.57,0.11,0.17,7.69,8.43,810.0,60.35,0.0,0.0,2.05,1.79,5.0,,,0.0,,0.0,M1A2_(Trophy-HV)
lagg-3-8,60.0,83.33,5.92,5.39,0.38,0.4,0.0,,,,,,0.0,,,,,,LaGG-3-8
ussr_m53_59,60.0,62.64,3.32,4.9,0.11,0.21,666.0,40.44,0.69,0.64,0.58,0.53,0.0,,,,,,M53/59
a6m3_zero,60.0,,,4.82,,0.0,28.0,0.0,1.0,1.0,2.0,2.0,0.0,,,,,,A6M3
ussr_t_34_1941_l_11,59.0,71.53,0.0,0.0,2.97,3.29,177.0,66.13,0.0,0.0,4.82,3.1,0.0,,,,,,T-34_(1940)
il_magach_6b_gal_batash,59.0,50.0,0.0,0.0,1.9,1.85,107.0,100.0,0.0,0.0,5.53,3.12,0.0,,,,,,Gal_Batash
f-104a,59.0,54.7,1.04,1.71,0.0,0.0,0.0,,,,,,0.0,,,,,,F-104A
sw_a_34_comet,59.0,100.0,0.0,0.0,1.32,1.98,80.0,4.44,0.0,0.0,1.13,0.39,0.0,,,,,,Comet_I
jp_halftrack_m16,58.0,40.0,1.8,4.5,0.2,0.5,27.0,100.0,1.0,0.56,0.0,0.0,0.0,,,,,,M16_MGMC
a6m2_mod11,58.0,92.21,8.12,8.45,0.0,0.0,0.0,,,,,,0.0,,,,,,A6M2_mod._11
sw_t_80u,58.0,66.67,0.0,0.0,2.31,2.31,223.0,33.95,0.0,0.0,2.76,1.49,0.0,,,,,,T_80_U
ussr_su_122_54,58.0,50.0,0.0,0.0,2.43,2.72,168.0,63.56,0.0,0.0,5.07,2.33,0.0,,,,,,SU-122-54
germ_jgdpz_38t,58.0,93.33,0.0,0.0,3.25,2.57,126.0,62.9,0.0,0.0,2.81,2.28,0.0,,,,,,Jagdpanzer_38(t)
mig_23mf_germany,57.0,50.0,0.93,1.32,0.25,0.31,0.0,,,,,,0.0,,,,,,◊MiG-23MF
f9f-2,57.0,19.57,1.0,0.93,0.76,0.65,145.0,53.34,0.25,0.29,0.84,1.01,0.0,,,,,,F9F-2
us_m36b2,57.0,66.67,0.0,0.0,2.39,2.31,414.0,51.18,0.0,0.0,1.9,1.62,0.0,,,,,,M36B2
do_217e_2,56.0,90.58,0.09,0.09,7.22,4.42,25.0,,,0.0,,1.0,0.0,,,,,,Do_217_E-2
sea_fury_fb11,56.0,100.0,2.98,2.47,1.73,1.12,26.0,93.48,1.0,1.38,0.0,0.0,0.0,,,,,,Sea_Fury_FB_11
cn_mbt2000,56.0,50.0,0.05,0.04,3.85,3.38,192.0,39.96,0.0,0.0,1.93,2.1,3.0,,,0.0,,1.0,MBT-2000
bf-109f-4_usa,56.0,50.0,3.22,3.18,0.0,0.0,7.0,,,,,,7.0,,,1.86,,0.0,Bf_109_F-4
uk_a_22f_mk_7_churchill_1944,56.0,38.71,0.0,0.0,4.29,6.69,327.0,81.02,0.0,0.0,4.96,4.56,0.0,,,,,,Churchill_VII
germ_panzerjager_tiger,56.0,100.0,0.0,0.0,5.05,2.92,319.0,47.06,0.0,0.0,3.05,3.09,0.0,,,,,,Jagdtiger
mig_29_9_13,56.0,54.17,2.68,2.4,0.0,0.0,46.0,100.0,1.96,1.6,0.0,0.0,0.0,,,,,,MiG-29
ussr_kv_1_L_11,56.0,100.0,0.0,0.0,5.57,5.18,74.0,77.42,0.0,0.0,4.89,4.85,0.0,,,,,,KV-1_(L-11)
ussr_t_62,56.0,37.5,0.0,0.0,2.41,2.86,237.0,28.02,0.0,0.0,3.36,1.98,0.0,,,,,,T-62
germ_stug_III_ausf_G,56.0,46.88,0.0,0.0,1.44,1.69,263.0,33.85,0.0,0.0,1.68,1.61,0.0,,,,,,StuG_III_G
us_m36,56.0,65.59,0.0,0.0,2.96,2.29,389.0,43.23,0.0,0.0,2.12,1.77,0.0,,,,,,M36_GMC
us_m2a4,55.0,100.0,0.3,0.88,4.12,11.56,55.0,,,0.0,,8.81,0.0,,,,,,M2A4
ussr_t_28E,55.0,87.1,0.13,0.13,3.19,3.19,22.0,2.27,0.0,0.0,0.05,0.05,0.0,,,,,,T-28E
a_10a_early,55.0,87.88,2.7,1.23,4.65,1.8,448.0,52.91,0.76,0.72,2.88,2.87,55.0,,,1.03,,3.29,A-10A
me-410b-1,55.0,89.86,0.79,0.48,3.71,2.67,0.0,,,,,,0.0,,,,,,Me_410_B-1
f_15c_golden_eagle,55.0,82.76,4.78,4.25,0.06,0.08,733.0,56.15,2.39,2.82,0.01,0.03,22.0,41.67,0.58,0.58,0.0,0.0,F-15C_Golden_Eagle
fa_18a_raaf,55.0,11.54,1.12,1.1,0.0,0.0,39.0,50.42,1.22,1.6,0.0,0.0,22.0,,,1.0,,0.0,F/A-18A
us_m24_chaffee,55.0,80.0,0.0,0.0,2.03,3.41,467.0,66.09,0.0,0.0,3.31,2.08,0.0,,,,,,M24
ussr_pzkpfw_V,54.0,100.0,0.0,0.0,8.42,7.53,89.0,58.75,0.0,0.0,2.06,2.15,0.0,,,,,,T-V
thunderbolt_mk1,54.0,98.77,1.63,0.92,10.0,5.76,34.0,100.0,0.0,0.0,2.07,2.07,0.0,,,,,,Thunderbolt_Mk.1
jp_type_3_ho_ni_I,54.0,100.0,0.0,0.0,5.08,6.38,2.0,,,,,,0.0,,,,,,Ho-Ni_I
uk_challenger_2_megatron,54.0,0.0,0.0,0.0,7.27,4.8,1015.0,63.67,0.0,0.0,2.11,1.67,0.0,,,,,,Challenger_2_OES
spitfire_mk5b,54.0,100.0,4.87,6.64,0.39,0.39,17.0,,,,,,0.0,,,,,,Spitfire_Mk_Vb/trop
mig_3_series_1_15_bk_pod,54.0,100.0,3.41,1.82,0.0,0.0,0.0,,,,,,0.0,,,,,,MiG-3-15_(BK)
us_m60_120s,54.0,50.0,0.0,0.0,1.92,1.39,345.0,54.22,0.0,0.0,2.16,1.61,0.0,,,,,,120S
sw_cv_90105,54.0,50.0,0.0,0.0,1.82,1.55,461.0,49.81,0.0,0.0,1.74,1.24,0.0,,,,,,CV_90105_TML
he_115a_2_sweden,53.0,100.0,0.0,0.0,12.94,14.85,0.0,,,,,,0.0,,,,,,T_2
ussr_kv_220,53.0,100.0,0.0,0.0,7.02,7.02,164.0,74.14,0.0,0.0,7.06,3.84,0.0,,,,,,KV-220
tempest_mk2,53.0,100.0,3.9,2.79,1.58,1.5,31.0,92.5,2.88,4.0,0.3,0.0,0.0,,,,,,Tempest_Mk_II
il_merkava_mk_1,53.0,50.0,0.0,0.0,3.78,2.68,222.0,49.36,0.0,0.0,4.0,2.51,0.0,,,,,,Merkava_Mk.1
il_magach_7c,53.0,50.0,0.0,0.0,1.47,1.74,62.0,100.0,0.0,0.0,4.2,4.5,0.0,,,,,,Magach_7C
ki_61_1a_otsu,53.0,25.0,2.25,3.6,0.75,1.07,0.0,,,,,,31.0,50.0,0.5,0.36,1.61,1.73,Ki-61-I_otsu
f-4jk,53.0,12.69,0.59,0.59,0.0,0.0,131.0,30.86,1.0,0.85,0.4,0.38,1.0,,,,,,F-4J(UK)_Phantom_II
tornado_ids_de_mfg,52.0,64.29,0.39,0.33,5.71,5.09,4.0,,,,,,0.0,,,,,,◄Tornado_IDS_MFG
fw-190f-8,52.0,100.0,4.59,3.28,2.14,1.51,105.0,71.24,0.56,0.59,1.91,1.69,7.0,,,1.0,,1.0,Fw_190_F-8
f4u-1a_usmc,52.0,58.06,1.31,1.76,0.35,0.35,0.0,,,,,,0.0,,,,,,F4U-1A_(USMC)
jp_type_81_tansam,52.0,11.29,1.55,1.19,0.0,0.0,53.0,0.0,0.0,0.2,0.0,0.0,0.0,,,,,,Type_81_(C)
us_m3a3_bradley,52.0,50.0,0.17,0.09,0.83,0.95,369.0,48.3,0.0,0.0,0.75,0.67,9.0,,,,,,M3A3_Bradley
pe-3,51.0,100.0,0.43,0.48,5.66,6.17,0.0,,,,,,0.0,,,,,,Pe-3
uk_shir_2,51.0,44.44,0.0,0.0,2.58,4.27,78.0,75.0,0.0,0.0,8.5,4.28,0.0,,,,,,FV4030/3
germ_pzkpfw_38t_Marder_III_ausf_H,51.0,34.52,0.0,0.0,2.01,2.45,56.0,30.66,0.0,0.0,1.1,1.5,0.0,,,,,,Marder_III_H
germ_sdkfz_251_9,50.0,100.0,0.0,0.0,4.82,7.04,0.0,,,,,,0.0,,,,,,Sd.Kfz.251/9
p-47d_ussr,50.0,76.92,1.65,1.72,4.25,4.32,92.0,54.6,0.19,0.24,1.14,1.49,0.0,,,,,,P-47D-27
me-410a-1,50.0,86.23,0.22,0.24,4.5,4.61,37.0,50.0,0.0,0.0,1.56,2.81,0.0,,,,,,Me_410_A-1
ussr_t_90a,50.0,0.0,0.0,0.0,5.0,5.0,924.0,48.86,0.0,0.0,1.58,1.38,9.0,,,,,,Т-90А
i-16_type27,50.0,,,2.79,,0.29,30.0,,,,,,0.0,,,,,,I-16_type_27
fa_18c_late,50.0,44.74,1.65,1.97,0.32,0.54,253.0,58.37,1.31,1.22,0.36,0.33,0.0,,,,,,F/A-18C_Late
jp_type_61,50.0,25.33,0.0,0.0,1.76,2.03,311.0,56.69,0.0,0.0,3.44,1.73,0.0,,,,,,Type_61
us_m41_walker_bulldog,50.0,0.0,0.0,0.0,2.16,1.86,666.0,61.31,0.0,0.0,1.68,1.09,0.0,,,,,,M41A1
bf-110f-2,49.0,90.12,3.62,4.04,0.84,0.91,0.0,,,,,,0.0,,,,,,Bf_110_F-2
fw-190d-9,49.0,30.65,3.92,4.92,0.18,0.18,249.0,45.35,0.57,0.55,0.81,0.73,0.0,,,,,,Fw_190_D-9
tempest_mkv,49.0,100.0,2.92,2.38,1.12,0.98,41.0,100.0,0.76,0.86,2.0,2.5,0.0,,,,,,Tempest_Mk_V
ussr_bt_7_m,49.0,50.79,0.0,0.0,2.93,4.26,103.0,71.93,0.0,0.0,2.82,2.03,0.0,,,,,,BT-7M
us_m22_locust,49.0,65.87,0.0,0.0,2.16,2.21,52.0,72.5,0.0,0.0,1.13,0.88,0.0,,,,,,M22
germ_leopard_2a5_pso,49.0,62.9,0.0,0.0,1.3,1.94,1095.0,45.91,0.0,0.0,1.42,1.44,0.0,,,,,,Leopard_2_PSO
f-4k,49.0,51.67,1.32,0.94,0.28,0.19,3.0,,,2.0,,0.0,0.0,,,,,,Phantom_FG.1
jp_sub_i_ii_20mm,48.0,95.16,2.08,2.53,3.77,5.2,829.0,67.17,0.41,0.36,1.55,1.35,0.0,,,,,,SUB-I-II
su_27sm,48.0,63.02,4.01,4.07,0.14,0.14,392.0,59.54,1.89,1.71,0.1,0.08,9.0,,,1.0,,0.0,Su-27SM
p-47n-15,48.0,100.0,3.5,1.13,2.5,1.32,7.0,0.0,0.71,0.71,1.0,1.0,0.0,,,,,,P-47N-15
ussr_kv_8,48.0,100.0,0.0,0.0,3.5,3.42,196.0,48.28,0.0,0.0,4.28,2.18,0.0,,,,,,КВ-8
ussr_it_1,48.0,43.65,0.0,0.0,0.58,0.98,131.0,59.14,0.0,0.0,2.44,3.25,0.0,,,,,,IT-1
mig_23m,48.0,100.0,3.23,0.96,0.0,0.0,30.0,0.0,2.0,0.93,0.0,0.0,36.0,,,1.25,,0.0,MiG-23M
ussr_bmp_3,48.0,50.0,0.0,0.0,0.07,0.23,1419.0,49.72,0.0,0.0,1.7,1.35,50.0,91.67,0.0,0.0,1.31,0.67,BMP-3
jp_m4a3e8_76w_sherman,47.0,74.0,0.18,0.34,3.86,5.62,208.0,75.88,0.0,0.0,4.97,3.47,0.0,,,,,,M4A3_(76)_W
sw_strv_m31,47.0,100.0,0.0,,1.92,,9.0,50.0,0.0,0.0,1.0,2.0,0.0,,,,,,Strv_m/31
us_m1a1_hc_abrams,47.0,100.0,0.0,0.0,5.58,5.58,640.0,62.29,0.0,0.0,2.05,1.57,0.0,,,,,,M1A1_HC
a6m3_mod22_zero,47.0,91.67,4.17,2.21,0.0,0.0,46.0,80.78,1.8,2.19,0.32,0.33,0.0,,,,,,A6M3_mod._22
i-153_m62_zhukovskiy,47.0,78.89,2.17,2.15,0.04,0.07,0.0,,,,,,0.0,,,,,,Zhukovsky's_I-153-M62
us_m19,47.0,50.0,0.5,0.91,0.84,1.5,129.0,34.44,0.55,0.34,0.78,0.75,0.0,,,,,,M19A1
ki_44_2_hei_china,47.0,,,4.63,,0.0,30.0,100.0,2.7,4.0,0.37,0.17,0.0,,,,,,Ki-44-II_hei_(China)
jp_type_5_na_to,47.0,40.0,0.2,0.18,1.0,1.18,84.0,66.67,0.0,0.0,5.54,3.49,0.0,,,,,,Na-To
sw_pt_76b,47.0,50.0,0.0,0.0,1.13,0.94,248.0,39.09,0.0,0.0,1.12,0.9,0.0,,,,,,PT-76
he-111h-16_winter,47.0,90.0,0.0,0.0,0.06,0.03,124.0,56.45,0.0,0.0,0.71,0.72,0.0,,,,,,He_111_H-16
spitfire_f24,46.0,100.0,2.85,2.85,4.4,4.4,64.0,100.0,2.96,3.47,4.12,5.47,0.0,,,,,,Spitfire_F_Mk_24
p-40e_ussr,46.0,90.32,4.97,4.45,0.85,0.79,0.0,,,,,,10.0,,,0.0,,0.1,P-40E-1
ussr_btr_zd,46.0,38.0,2.36,4.1,0.24,0.57,347.0,57.55,0.99,0.47,1.18,0.55,8.0,,,,,,BTR-ZD
la-9,46.0,50.0,6.95,4.5,0.0,0.48,70.0,59.68,1.47,2.04,0.0,0.0,0.0,,,,,,La-9
saab_t18b_1,46.0,100.0,4.82,3.4,13.73,9.45,0.0,,,,,,0.0,,,,,,T18B
sb_2m_103c,46.0,52.35,0.52,3.0,1.72,21.0,0.0,,,,,,0.0,,,,,,SB_2M-103
b_239_finland,46.0,0.0,3.56,2.22,0.0,0.0,10.0,87.5,3.0,2.33,2.0,1.83,0.0,,,,,,B-239
mig-21_bis,46.0,50.0,2.5,1.32,1.0,0.32,2.0,100.0,0.0,0.0,0.0,0.0,0.0,,,,,,MiG-21bis
us_t95e1,46.0,100.0,0.0,0.0,4.67,3.27,290.0,70.57,0.0,0.0,2.78,2.04,0.0,,,,,,T95E1
sw_sav_m43_1944,46.0,0.0,0.0,0.0,2.11,1.53,0.0,,,,,,0.0,,,,,,Sav_m/43_(1944)
a_20g_30_ussr,45.0,100.0,0.24,0.09,5.21,4.99,68.0,37.5,0.28,0.23,1.13,1.21,24.0,100.0,1.0,0.5,0.0,0.0,A-20G-30
us_m1a2_sep3_abrams,45.0,86.67,0.0,0.0,3.29,3.77,804.0,68.07,0.0,0.0,2.49,1.8,0.0,,,,,,M1A2_SEPv3
yak-3p,45.0,76.79,4.91,5.63,0.0,0.0,243.0,62.0,2.88,4.13,1.18,1.9,57.0,100.0,2.67,1.09,0.0,0.0,Yak-3P
fa_18a_hug_2_raaf,45.0,44.23,1.63,2.38,0.0,0.0,0.0,,,,,,14.0,,,0.0,,0.0,AF/A-18A_Late
p-61c_1,45.0,85.0,1.15,0.79,4.82,3.14,37.0,,,0.72,,1.7,0.0,,,,,,P-61C-1
lagg-i-301,45.0,,,,,,0.0,,,,,,0.0,,,,,,I-301
jp_navy_120mm_spg,45.0,68.0,0.0,0.0,2.92,3.59,38.0,40.91,0.0,0.0,2.14,1.17,0.0,,,,,,Chi-Ha_LG
germ_panzerjager_tiger_P_ferdinand,45.0,0.0,0.0,0.0,6.13,6.13,158.0,37.09,0.0,0.0,2.06,2.85,0.0,,,,,,Ferdinand
f4u-4,45.0,,,1.58,,0.19,376.0,62.37,0.41,0.31,1.09,0.82,0.0,,,,,,F4U-4
spitfire_mk14c,44.0,100.0,11.5,11.5,0.0,0.0,13.0,100.0,1.0,1.0,1.0,1.0,0.0,,,,,,Spitfire_F_Mk_XIVc
tornado_ids_de_wtd61,44.0,59.53,0.61,0.61,6.64,6.64,169.0,37.93,0.84,0.72,0.83,0.73,0.0,,,,,,◄Tornado_IDS_WTD61
mig-15,44.0,75.0,4.5,6.0,0.41,0.52,58.0,27.33,2.67,2.35,0.21,0.14,0.0,,,,,,MiG-15bis
it_pzh_2000_hu,44.0,41.67,2.27,4.39,1.19,2.72,87.0,50.0,0.0,0.0,1.9,1.48,0.0,,,,,,PzH_2000HU
germ_panzerjager_1,44.0,100.0,0.0,0.0,4.85,3.33,32.0,,,0.0,,1.0,0.0,,,,,,Panzerjäger_I
ussr_su_85m,44.0,63.33,0.0,0.0,1.83,3.0,50.0,4.17,0.0,0.0,2.14,2.21,0.0,,,,,,SU-85M
il_8_1944,44.0,100.0,1.74,1.13,6.4,3.77,106.0,100.0,0.86,0.35,4.8,1.96,0.0,,,,,,IL-8_(1944)
p-51d-30_usaaf_korea,44.0,88.33,2.02,1.87,0.5,0.48,63.0,43.55,0.98,1.48,0.76,1.27,89.0,100.0,9.8,3.5,0.0,0.0,P-51D-30
ussr_zsu_37_2,44.0,50.0,0.84,1.68,0.0,0.0,136.0,62.33,0.4,0.47,0.52,0.43,0.0,,,,,,ZSU-37-2
it_m36b1,44.0,,,0.0,,0.75,43.0,100.0,0.0,0.0,3.17,1.24,0.0,,,,,,M36B1
sw_bt_42,44.0,51.19,0.0,0.0,1.34,1.73,60.0,50.0,0.0,0.0,1.64,1.6,0.0,,,,,,BT-42
lagg-3-35,43.0,100.0,6.6,,1.5,,0.0,,,,,,0.0,,,,,,LaGG-3-35
uk_chieftain_mk_5,43.0,100.0,0.0,0.0,3.73,3.27,49.0,100.0,0.0,0.0,1.0,1.43,0.0,,,,,,Chieftain_Mk_5
it_pzkpfw_IV_ausf_G,43.0,100.0,0.0,0.0,2.37,3.11,33.0,100.0,0.0,0.0,3.25,2.21,0.0,,,,,,Pz.IV_G
jp_st_a1,43.0,13.33,0.0,0.0,1.0,1.08,134.0,100.0,0.0,0.0,6.75,2.39,0.0,,,,,,ST-A1
us_m60a1_rise_passive_era,43.0,27.78,0.0,0.0,0.86,0.75,316.0,56.65,0.0,0.0,2.22,2.03,0.0,,,,,,M60A1_RISE_(P)
uk_challenger_1_mk_3_gulf,42.0,100.0,0.0,0.0,7.5,7.5,756.0,71.57,0.0,0.0,4.49,2.53,3.0,,,0.0,,1.0,Challenger_DS
uk_challenger_2_bn,42.0,55.56,0.0,0.0,3.61,6.66,315.0,63.04,0.0,0.0,2.47,2.28,0.0,,,,,,Black_Night
sw_kv_1_1942_fin,42.0,90.67,0.36,0.59,3.89,5.07,27.0,100.0,0.0,0.0,5.94,5.94,0.0,,,,,,KV-1_m1942
fr_m46_patton,42.0,67.78,0.0,0.0,2.45,3.6,25.0,60.53,0.0,0.0,2.92,3.45,0.0,,,,,,M46
jp_type_5_ho_ri_production,42.0,100.0,0.0,0.0,7.2,7.2,1291.0,80.63,0.0,0.0,4.85,4.79,0.0,,,,,,Ho-Ri_Production
su_25k,42.0,0.0,1.0,1.0,3.0,0.73,783.0,57.57,0.65,0.74,1.68,1.93,0.0,,,,,,Su-25K
saab_jas39c_south_africa,42.0,56.67,1.58,2.45,0.0,0.0,150.0,47.64,1.35,1.67,0.0,0.0,0.0,,,,,,JAS39C
us_xm1_gm,42.0,,,0.0,,3.04,960.0,58.49,0.0,0.0,2.69,2.0,0.0,,,,,,XM1_(GM)
it_43m_turan_3,42.0,100.0,0.0,0.0,2.45,3.37,167.0,66.05,0.0,0.0,3.23,2.67,0.0,,,,,,Turan_III
su_34,42.0,100.0,6.6,3.45,1.6,0.8,444.0,56.99,0.5,0.54,0.93,0.97,67.0,,,1.74,,3.11,Су-34
germ_pzkpfw_IV_ausf_F,41.0,100.0,0.0,0.0,6.89,6.89,46.0,0.0,0.0,0.0,6.46,3.66,0.0,,,,,,Pz.IV_F1
germ_marder_df_105,41.0,0.0,0.0,0.0,3.0,3.0,314.0,30.29,0.0,0.0,1.78,1.49,89.0,54.84,0.0,0.0,1.8,2.21,DF105
us_m26e1_pershing,41.0,100.0,0.0,0.0,7.13,5.68,151.0,82.71,0.0,0.0,5.3,5.51,0.0,,,,,,M26E1
ussr_zsu_23_4m2,41.0,61.29,0.77,1.32,0.32,0.65,174.0,44.6,0.96,1.46,0.25,0.38,0.0,,,,,,ЗСУ-23-4М2
us_rdf_lt,41.0,50.0,0.0,0.0,1.46,1.58,1225.0,62.15,0.11,0.09,1.6,1.23,0.0,,,,,,RDF/LT
sw_lvkv_90c,40.0,50.0,1.22,2.44,1.8,3.6,188.0,36.4,0.73,0.77,0.93,0.74,0.0,,,,,,Lvkv_9040C
germ_sdkfz_6_2_flak36,40.0,0.0,2.0,2.0,0.0,0.0,1.0,,,,,,0.0,,,,,,Sd.Kfz._6/2
f_15e,40.0,33.33,1.67,0.88,2.67,1.13,774.0,63.93,0.74,0.99,1.7,2.28,18.0,,,1.0,,1.0,F-15E
ussr_t_28_1938,40.0,0.0,0.0,0.0,3.0,2.26,1.0,,,0.0,,2.0,0.0,,,,,,T-28_(1938)
ussr_2s38,40.0,50.0,1.08,1.62,0.81,1.52,2379.0,52.01,0.12,0.11,1.09,0.98,1.0,,,0.0,,0.0,2S38
f-82e,40.0,100.0,1.78,1.73,0.0,0.0,103.0,78.0,1.02,0.66,1.22,0.79,0.0,,,,,,F-82E
p-38j,40.0,16.67,1.83,0.63,1.0,0.88,0.0,,,,,,0.0,,,,,,P-38J-15
cn_t_26_1940,39.0,100.0,0.03,0.0,4.52,5.13,0.0,,,,,,0.0,,,,,,T-26_(China)
il_centurion_shot_kal_d,39.0,90.0,0.0,0.0,2.85,2.73,107.0,74.19,0.0,0.0,3.04,1.66,0.0,,,,,,Sho't_Kal_Dalet
mig_23mld,39.0,100.0,4.0,1.85,1.0,0.42,142.0,60.6,2.17,1.65,0.03,0.02,4.0,,,2.0,,0.0,MiG-23MLD
cn_type_64,39.0,50.0,0.0,0.0,1.32,2.1,85.0,70.59,0.0,0.0,4.49,3.29,0.0,,,,,,M64
fr_amx_30_b2,39.0,97.5,0.0,0.0,3.38,3.38,229.0,68.94,0.0,0.0,3.13,2.14,0.0,,,,,,AMX-30B2
ussr_is_2_1943,39.0,15.33,0.0,0.0,2.52,2.74,528.0,41.24,0.0,0.0,1.97,1.61,0.0,,,,,,IS-2
fr_amx_30_ACRA,39.0,50.0,0.0,0.0,1.0,0.63,16.0,,,,,,0.0,,,,,,AMX-30_ACRA
cn_m48a1_patton_III,39.0,50.0,0.0,0.0,0.5,0.5,85.0,62.07,0.0,0.0,1.91,1.07,0.0,,,,,,M48A1_(China)
cn_plz_05,39.0,50.0,0.0,0.0,0.63,0.4,164.0,78.03,0.0,0.0,4.18,1.8,0.0,,,,,,PLZ05
jp_m47_patton_II,39.0,,,0.0,,0.57,428.0,70.56,0.0,0.0,3.08,2.85,0.0,,,,,,M47
tornado_ids_de_assta1,38.0,80.95,0.83,0.71,6.14,5.17,23.0,,,0.0,,2.0,18.0,,,0.0,,4.5,◄Tornado_IDS_ASSTA1
cn_type_97_chi_ha,38.0,100.0,0.03,0.15,3.85,8.6,0.0,,,,,,0.0,,,,,,Chi-Ha_(China)
it_semovente_m42_75_34,38.0,50.0,0.0,0.0,2.39,4.79,0.0,,,,,,0.0,,,,,,75/34_M42
pe-3_early,38.0,100.0,0.75,0.83,2.08,2.33,0.0,,,,,,0.0,,,,,,Pe-3_(e)
germ_t_34_747,38.0,82.22,0.0,0.0,4.48,6.03,51.0,100.0,0.0,0.0,8.25,4.16,0.0,,,,,,T_34_747_(r)
ussr_is_4m,38.0,100.0,0.0,0.0,2.69,2.89,229.0,49.3,0.0,0.0,2.5,2.65,0.0,,,,,,IS-4M
ki_61_2_early,38.0,,,1.63,,0.0,26.0,100.0,1.0,1.0,1.0,1.0,0.0,,,,,,Ki-61-II_Otsu_Kai
germ_wiesel_1_mk20,38.0,100.0,1.0,1.0,0.0,0.0,798.0,36.33,0.13,0.09,0.92,0.68,0.0,,,,,,Wiesel_1A4
germ_radpanzer_90,38.0,66.67,0.0,0.0,2.0,1.17,414.0,59.53,0.0,0.0,2.94,1.77,0.0,,,,,,Radkampfwagen_90
uk_chieftain_mk_3,37.0,100.0,0.0,0.0,4.68,2.98,64.0,,,0.0,,5.2,0.0,,,,,,Chieftain_Mk_3
sw_ikv_72,37.0,34.21,0.08,0.08,1.76,2.08,3.0,,,,,,0.0,,,,,,Ikv_72
mosquito_fb_mk6_ash_norway,37.0,,,1.0,,2.9,0.0,,,,,,0.0,,,,,,◢Mosquito_FB.Mk.VI_ASH
btd-1,37.0,38.24,0.62,0.92,1.0,2.83,27.0,92.5,0.0,0.0,5.98,9.14,0.0,,,,,,BTD-1
il_amx_13_75,37.0,50.0,0.0,0.0,0.67,1.0,237.0,37.16,0.0,0.0,3.23,1.72,0.0,,,,,,AMX-13_(Israel)
spitfire_f22,36.0,100.0,2.18,2.18,7.15,7.15,56.0,50.0,0.23,0.14,0.77,0.79,0.0,,,,,,Spitfire_F_Mk_22
germ_pzkpfw_III_ausf_E,36.0,91.67,0.08,0.07,6.83,4.98,0.0,,,,,,0.0,,,,,,Pz.III_E
mig_3_series_1_15,36.0,100.0,5.57,4.38,2.0,1.38,0.0,,,,,,0.0,,,,,,MiG-3-15
ussr_kv_2_1940,36.0,100.0,0.8,0.61,6.2,4.27,0.0,,,,,,0.0,,,,,,KV-2_(1940)
germ_ru251,36.0,100.0,0.0,0.0,7.0,7.0,266.0,52.35,0.0,0.0,4.57,3.41,0.0,,,,,,Ru_251
f-4s,36.0,100.0,6.0,2.56,1.0,0.22,700.0,48.34,1.27,1.35,0.18,0.19,0.0,,,,,,F-4S_Phantom_II
bf-109g-2,36.0,84.09,4.07,4.48,1.61,1.63,63.0,100.0,2.0,1.47,0.0,1.0,0.0,,,,,,Bf_109_G-2/trop
ussr_t_80,36.0,80.65,0.0,0.0,1.98,2.52,0.0,,,,,,0.0,,,,,,T-80
us_m4a3e2_76w_sherman_jumbo,36.0,92.86,0.0,0.0,5.61,5.09,823.0,71.58,0.07,0.03,4.1,3.44,0.0,,,,,,M4A3E2_(76)_W
fw-190a-5_cannons,36.0,84.09,2.55,2.4,1.66,1.49,17.0,,,1.0,,0.24,0.0,,,,,,Fw_190_A-5
p-400,36.0,20.14,2.01,2.44,0.15,0.15,12.0,50.0,0.5,1.0,0.0,0.0,0.0,,,,,,P-400
jp_st_a2,36.0,84.38,0.0,0.0,2.69,4.2,58.0,100.0,0.0,0.0,6.0,1.95,0.0,,,,,,ST-A2
jp_type_93,36.0,50.0,1.56,2.7,0.0,0.0,181.0,47.96,1.25,1.3,0.0,0.0,0.0,,,,,,Type_93
p-51d-20_china,36.0,100.0,1.0,1.17,0.0,0.0,16.0,,,0.0,,0.0,0.0,,,,,,P-51D-20_(China)
us_m26_t99,35.0,100.0,0.0,0.0,6.5,8.41,22.0,100.0,0.0,0.0,5.67,4.33,0.0,,,,,,M26_T99
ussr_kv_7_u13,35.0,100.0,0.0,0.0,4.55,4.18,47.0,15.79,0.0,0.0,4.61,3.11,0.0,,,,,,KV-7_(U-13)
ussr_kv_2_1939,35.0,100.0,0.0,0.0,5.0,3.78,61.0,68.28,0.0,0.0,2.31,3.32,0.0,,,,,,KV-2_(1939)
yak-1b_luftwaffe,35.0,100.0,6.43,4.44,1.0,0.44,26.0,50.0,2.67,2.67,0.0,0.0,0.0,,,,,,Yak-1B
b7a2_homare_23,35.0,100.0,2.56,2.32,7.56,7.0,28.0,100.0,3.83,1.0,4.79,0.0,19.0,,,,,,B7A2_(Homare_23)
firebrand_tf4,35.0,100.0,1.08,1.0,2.92,2.55,38.0,100.0,0.0,0.0,1.77,1.77,0.0,,,,,,Firebrand_TF_Mk_IV
germ_kv_1_kwk_40,35.0,53.92,0.0,0.0,5.08,5.25,276.0,60.0,0.0,0.0,9.83,4.64,0.0,,,,,,KW_I_C_756_(r)
us_t26e5,35.0,100.0,0.0,0.0,2.0,4.35,991.0,69.82,0.0,0.0,4.68,4.28,0.0,,,,,,T26E5
p-63c-5,35.0,,,0.52,,2.63,80.0,59.42,1.1,1.46,0.78,1.01,0.0,,,,,,P-63C-5
cn_m18_hellcat,35.0,0.0,0.0,0.0,3.36,3.89,151.0,67.0,0.0,0.0,2.73,1.76,0.0,,,,,,M18_GMC_(China)
ussr_2s25,35.0,,,0.0,,0.53,670.0,42.89,0.0,0.0,1.42,1.23,0.0,,,,,,2S25
yak-38m,35.0,,,0.77,,0.0,14.0,90.0,0.0,0.0,0.0,0.0,0.0,,,,,,Yak-38M
jp_m41_walker_bulldog,35.0,,,0.0,,0.08,566.0,57.8,0.1,0.1,2.72,3.05,0.0,,,,,,M41A1
tu-2_postwar_late,35.0,50.0,0.0,0.0,2.1,1.17,86.0,90.74,0.81,0.83,6.68,6.89,4.0,,,0.0,,1.0,Tu-2S-59
ussr_is_6,34.0,67.65,0.0,0.0,4.5,6.76,237.0,56.84,0.0,0.0,3.19,2.72,0.0,,,,,,IS-6
germ_kv_2_754r,34.0,50.0,0.0,0.0,2.59,5.18,21.0,,,0.0,,3.52,0.0,,,,,,KW_II_754_(r)
uk_rooikat_za_35,34.0,,,1.0,,1.0,180.0,39.3,0.06,0.04,3.9,1.65,0.0,,,,,,ZA-35
sw_t_55m,34.0,50.0,0.0,0.0,1.0,2.0,529.0,60.27,0.0,0.0,1.65,1.56,0.0,,,,,,T-55M
germ_sturmpanzer_IV_brummbar,34.0,66.67,0.3,0.13,2.0,2.75,40.0,100.0,0.0,0.0,1.43,1.16,0.0,,,,,,Brummbär
germ_m44,34.0,100.0,0.0,0.0,3.0,2.93,58.0,42.5,0.0,0.0,0.98,0.97,0.0,,,,,,M44
fr_lorraine_40t,34.0,100.0,0.0,0.0,5.0,4.47,299.0,73.0,0.0,0.0,4.23,2.76,39.0,27.42,0.0,0.0,1.05,1.55,Lorraine_40t
f_16a_block_15_adf,34.0,31.25,3.94,3.47,0.69,0.34,89.0,62.28,2.16,1.79,0.0,0.0,6.0,,,,,,F-16A_ADF
sw_pbv_501,34.0,0.0,0.0,0.0,0.0,0.52,450.0,49.03,0.0,0.0,1.76,1.08,0.0,,,,,,Pbv_501
mb_326k,33.0,,,14.0,,0.0,309.0,89.9,1.88,2.06,3.4,3.87,0.0,,,,,,MB-326K
uk_valentine_mk_11,33.0,84.62,0.15,1.0,11.08,18.0,9.0,100.0,0.0,0.0,0.83,1.25,0.0,,,,,,Valentine_XI
fr_char_2c_bis,33.0,64.71,0.0,0.0,2.0,5.0,0.0,,,,,,0.0,,,,,,2C_bis
uk_challenger_2_dorchester,33.0,50.0,0.0,0.0,3.5,3.5,200.0,49.23,0.0,0.0,1.34,1.11,0.0,,,,,,Challenger_2_(2F)
la-15,33.0,50.0,4.0,8.0,0.5,1.0,36.0,64.1,2.18,2.1,0.35,0.5,0.0,,,,,,La-15
uk_challenger_II,33.0,66.67,0.0,0.0,2.3,3.5,599.0,51.81,0.0,0.0,1.5,1.36,3.0,,,0.0,,0.0,uk_challenger_ii_shop
jp_type_90b,33.0,50.0,0.0,0.0,3.82,3.82,753.0,49.61,0.0,0.0,1.71,1.66,0.0,,,,,,Type_90_(B)
p-51k,33.0,75.0,1.32,1.84,0.0,0.0,10.0,,,,,,0.0,,,,,,P-51K_(China)
ussr_zsu_23_4,33.0,0.0,0.68,0.65,0.0,0.0,118.0,5.36,0.73,0.85,0.0,0.0,0.0,,,,,,ZSU-23-4
germ_flakpanzer_IV_Wirbelwind,33.0,100.0,0.86,1.0,0.0,0.0,516.0,43.18,1.29,1.47,0.27,0.3,0.0,,,,,,Wirbelwind
il_aml_90,33.0,,,0.0,,0.04,132.0,25.93,0.0,0.0,1.49,0.75,0.0,,,,,,AML-90_(Israel)
a-20g,32.0,100.0,0.58,0.58,4.55,4.55,0.0,,,,,,0.0,,,,,,A-20G-25
f_16a_block_20_mlu,32.0,54.55,6.18,6.18,1.18,1.18,10.0,0.0,0.0,0.0,0.0,0.0,0.0,,,,,,F-16A_MLU_(China)
germ_pzkpfw_III_ausf_M,32.0,84.78,0.0,0.0,2.87,3.12,102.0,100.0,0.0,0.0,11.09,3.51,0.0,,,,,,Pz.III_M
p-39n,32.0,100.0,3.19,3.82,0.68,0.95,13.0,0.0,2.0,1.6,2.0,2.0,0.0,,,,,,P-39N-0
ussr_su_152,32.0,88.89,0.0,0.0,2.51,2.55,149.0,36.6,0.0,0.0,0.84,0.93,0.0,,,,,,SU-152
hurricane_mk1c,32.0,100.0,2.29,1.58,1.0,0.5,6.0,,,0.0,,0.0,0.0,,,,,,Sea_Hurricane_Mk_IC
spitfiremkii,32.0,100.0,5.89,5.89,0.28,0.28,17.0,,,1.0,,1.0,0.0,,,,,,Spitfire_Mk_IIb
i-16_type17_china,32.0,,,1.96,,0.28,0.0,,,,,,0.0,,,,,,I-16_type_17_(China)
uk_17_pdr_m10_achilles_norfolk_yeomanry,32.0,100.0,0.0,0.0,2.0,1.76,80.0,91.67,0.0,0.0,4.38,4.13,0.0,,,,,,Achilles_(65_Rg.)
fr_arl_44,32.0,100.0,0.0,0.0,2.65,1.42,254.0,53.06,0.0,0.0,2.27,1.54,0.0,,,,,,ARL-44
ussr_2s19_m1,32.0,50.0,0.0,0.0,1.0,1.0,100.0,27.92,0.0,0.0,1.11,0.8,0.0,,,,,,2С19М1
tornado_f3,32.0,50.0,0.8,1.0,0.0,0.0,61.0,60.0,1.42,1.75,0.0,0.0,27.0,,,1.0,,0.0,Tornado_F.3
ussr_rbt_5,31.0,100.0,0.0,0.0,4.82,4.82,0.0,,,,,,0.0,,,,,,RBT-5
it_as_42_47,31.0,100.0,0.0,0.0,3.0,2.48,0.0,,,,,,0.0,,,,,,AS_42/47
p-63a-10_ussr,31.0,100.0,3.0,1.77,2.57,0.6,119.0,96.94,0.22,0.28,2.96,3.2,0.0,,,,,,P-63A-10
il_2_1941,31.0,100.0,1.0,1.04,0.71,1.56,31.0,,,1.0,,2.0,0.0,,,,,,IL-2_(1941)
sm_92,31.0,100.0,2.0,2.0,0.0,0.35,13.0,61.54,0.0,0.0,0.0,0.0,0.0,,,,,,SM.92
p-36c,31.0,,,1.81,,0.0,0.0,,,,,,0.0,,,,,,P-36C
p-47d_30_italy,31.0,0.0,1.0,1.0,1.0,0.48,101.0,94.2,0.0,0.0,1.95,1.5,53.0,50.0,0.5,0.84,0.5,0.84,P-47D-30
it_p_26_40,31.0,100.0,0.0,0.0,2.19,2.3,107.0,78.73,0.0,0.0,6.9,9.23,0.0,,,,,,"P40_""G.C._Leoncello"""
fr_mars_15,31.0,87.5,0.0,0.0,1.88,1.88,76.0,72.73,0.0,0.0,1.74,1.7,0.0,,,,,,MARS_15
firefly_mk4_netherlands,31.0,,,1.23,,0.68,15.0,50.0,0.13,0.25,0.31,0.63,0.0,,,,,,◘Firefly_F.Mk.IV
tornado_f3_late,31.0,16.0,0.84,1.0,0.0,0.0,9.0,,,1.33,,0.0,0.0,,,,,,Tornado_F.3_Late
su_33,31.0,,,0.0,,0.0,687.0,50.3,1.42,1.13,0.11,0.1,41.0,100.0,2.0,1.52,0.0,0.0,Су-33
jp_type_16_mcv_prot,31.0,63.1,0.0,0.0,0.36,0.36,304.0,60.58,0.0,0.0,1.86,1.38,0.0,,,,,,Type_16_(P)
it_41m_turan_2,30.0,100.0,0.0,0.0,9.36,4.77,23.0,,,0.0,,7.89,0.0,,,,,,Turan_II
bf-109e-4,30.0,,,2.71,,1.0,32.0,100.0,0.0,,0.0,,0.0,,,,,,Bf_109_E-4
hurricanemkii_ussr,30.0,100.0,3.39,2.86,0.39,0.13,0.0,,,,,,0.0,,,,,,Hurricane_Mk_IIB
douglas_ad_2,30.0,100.0,1.82,1.74,2.64,2.39,34.0,100.0,0.0,0.0,1.76,1.43,0.0,,,,,,AD-2
uk_vickers_mbt_mk_1,30.0,100.0,0.0,0.0,3.0,2.57,346.0,49.06,0.0,0.0,2.15,1.54,0.0,,,,,,Vickers_Mk.1
ki_10_1,30.0,,,,,,0.0,,,,,,0.0,,,,,,Ki-10-I
germ_pzkpfw_35t,30.0,100.0,0.0,0.0,5.0,5.0,0.0,,,,,,0.0,,,,,,Pz.35(t)
p-38e,30.0,50.0,1.0,2.0,0.0,0.0,0.0,,,,,,0.0,,,,,,P-38E
ussr_zis_30,30.0,,,0.0,,1.5,8.0,0.0,0.0,0.0,3.75,3.75,0.0,,,,,,ZiS-30
sea_harrier_fa2,30.0,0.0,1.24,1.27,0.0,0.0,6.0,50.0,0.0,0.0,0.0,0.0,0.0,,,,,,Sea_Harrier_FA_2
bv-155b-1,30.0,84.38,1.38,1.69,0.09,0.19,14.0,100.0,0.0,0.0,0.0,0.0,0.0,,,,,,BV_155_B-1
sw_sav_m43_1946,30.0,33.33,0.0,0.0,0.7,1.0,0.0,,,,,,0.0,,,,,,Sav_m/43_(1946)
p-38l,30.0,61.11,0.61,0.3,0.0,0.0,21.0,100.0,2.0,2.0,0.0,0.0,0.0,,,,,,P-38L-5-LO
germ_kv_1B_finland,29.0,,,0.0,,7.86,57.0,83.93,0.0,0.0,9.06,10.63,0.0,,,,,,KV-IB
t2,29.0,97.22,10.58,10.58,1.06,1.13,165.0,62.79,2.07,3.41,0.57,0.66,0.0,,,,,,T-2
pe-3_bis,29.0,88.33,0.25,1.0,3.28,6.44,0.0,,,,,,0.0,,,,,,Pe-3bis
mb_157,29.0,50.0,6.43,7.82,0.5,0.32,150.0,76.51,2.61,9.83,0.38,1.84,0.0,,,,,,M.B.157
p-63c-5_ussr,29.0,70.59,1.21,1.21,1.35,1.35,32.0,100.0,1.89,1.67,4.44,3.33,0.0,,,,,,P-63C-5
fw-190a-5_u2,29.0,100.0,3.63,5.18,2.63,1.0,21.0,0.0,0.0,0.0,0.56,1.8,0.0,,,,,,Fw_190_A-5/U2
ussr_t_72b3_arena_m,29.0,53.33,0.0,0.0,1.2,1.73,821.0,42.86,0.0,0.0,1.28,1.34,0.0,,,,,,Т-72Б3А
us_m1a2_sep_abrams,29.0,,,0.0,,3.14,1867.0,62.39,0.0,0.0,1.94,1.83,0.0,,,,,,M1A2_SEP
germ_leopard_2a4_pzbtl_123,29.0,50.0,0.0,0.0,2.5,5.0,1484.0,41.89,0.0,0.0,1.72,1.43,13.0,,,0.0,,1.0,Leopard_2_(PzBtl_123)
f_14b,29.0,0.0,1.0,1.0,0.0,0.0,272.0,50.29,0.96,1.12,0.3,0.32,4.0,,,,,,F-14B
fr_panhard_ebr_1954,28.0,50.0,0.0,0.0,2.5,2.5,80.0,100.0,0.0,0.0,6.6,4.01,0.0,,,,,,E.B.R._(1954)
us_m1_abrams,28.0,95.24,0.0,0.0,2.33,2.33,1772.0,52.1,0.0,0.0,2.36,1.81,0.0,,,,,,M1_Abrams
ussr_t_35,28.0,15.0,0.0,0.0,2.15,1.88,0.0,,,,,,0.0,,,,,,T-35
ussr_m4a2_76w_sherman,28.0,100.0,0.0,0.0,5.0,5.0,233.0,59.5,0.0,0.0,3.43,2.66,0.0,,,,,,M4A2
su_25_558arz,28.0,0.0,2.0,1.8,5.0,3.15,164.0,89.81,0.02,0.02,5.47,3.91,0.0,,,,,,Su-25BM
b_25j_20,28.0,66.67,0.7,0.23,1.5,1.11,0.0,,,,,,0.0,,,,,,B-25J-20
us_t30,28.0,50.0,0.5,1.0,3.17,6.33,39.0,50.0,0.0,0.0,1.05,2.2,0.0,,,,,,T30
fr_amx_elc_901,28.0,50.0,0.0,0.0,1.0,1.0,117.0,89.0,0.0,0.0,3.46,1.91,0.0,,,,,,ELC_901
fa_18c_switzerland,28.0,,,1.07,,0.0,1300.0,54.5,1.1,1.25,0.06,0.06,65.0,,,0.68,,0.0,◌F/A-18C
us_m55,28.0,0.0,0.0,0.0,1.18,1.18,19.0,,,0.0,,2.89,0.0,,,,,,M55
fr_amx_10rc,28.0,,,0.0,,0.25,85.0,52.08,0.0,0.0,2.69,1.5,0.0,,,,,,AMX-10RC
f_6c_pakistan,27.0,57.69,6.38,10.23,0.0,0.0,37.0,57.78,1.34,2.27,0.0,0.0,0.0,,,,,,F-6C
mosquito_fb_mk6,27.0,100.0,1.46,1.46,1.65,1.65,2.0,100.0,4.0,,0.0,,0.0,,,,,,Mosquito_FB_Mk_VI
lagg-3-11,27.0,100.0,5.15,5.41,0.69,0.53,0.0,,,,,,0.0,,,,,,LaGG-3-11
ussr_is_1_kit_3rank,27.0,,,0.0,,2.0,150.0,53.38,0.0,0.0,1.86,1.76,0.0,,,,,,ИС-1_('45)
mosquito_f_mk2_norway,27.0,,,,,,0.0,,,,,,0.0,,,,,,◢Mosquito_F.Mk.II
f4u-4b,27.0,53.57,1.5,1.38,0.0,0.0,369.0,74.29,0.65,0.53,2.77,2.13,37.0,,,5.3,,0.0,F4U-4B
p-36g,27.0,100.0,3.0,1.67,1.0,0.22,0.0,,,,,,0.0,,,,,,P-36G
me-410a-1_u2,27.0,100.0,0.31,0.47,0.69,0.53,0.0,,,,,,0.0,,,,,,Me_410_A-1/U2
jp_type_3_chi_nu,27.0,55.56,0.0,0.0,1.56,2.72,87.0,,,0.0,,2.29,0.0,,,,,,Chi-Nu
fr_m4a1_sherman,27.0,6.67,0.0,0.0,0.16,1.28,27.0,100.0,0.0,0.0,1.5,1.5,0.0,,,,,,M4A1
sw_leopard_2a6nl,26.0,100.0,0.0,0.0,3.19,3.94,15.0,35.71,0.0,0.0,3.21,3.17,0.0,,,,,,Leopard_2A6
ussr_t_34_1941_cast_turret,26.0,100.0,0.0,0.0,2.21,6.0,53.0,50.0,0.0,0.0,1.41,2.75,0.0,,,,,,T-34_(1st_Gv.T.Br.)
bf-109g-6_erla_finland,26.0,,,1.0,,0.0,25.0,98.04,1.25,2.0,0.72,1.7,0.0,,,,,,Bf_109_G-6_Erla
fr_leopard_2a4nl,26.0,50.0,0.0,0.0,2.43,2.93,136.0,50.0,0.0,0.0,1.97,2.29,0.0,,,,,,Leopard_2A4NL
mosquito_tr_mk33,26.0,100.0,1.0,1.0,1.64,1.25,0.0,,,,,,0.0,,,,,,Mosquito_TR.Mk.33
c_3604,26.0,87.5,1.25,3.92,3.38,0.85,30.0,50.0,0.93,1.75,0.5,1.0,16.0,,,,,,◌С-3604
us_m3_stuart,26.0,,,,,,16.0,,,0.0,,0.25,0.0,,,,,,M3_Stuart
b_26b_c,26.0,100.0,0.0,0.0,3.0,2.75,33.0,0.0,0.0,0.0,0.22,0.21,0.0,,,,,,B-26B
mosquito_nf_mk2,26.0,,,1.65,,0.0,11.0,100.0,5.0,,0.0,,0.0,,,,,,Mosquito_NF.Mk.II
ussr_2s19_m2,26.0,50.0,0.0,0.0,0.5,0.5,60.0,26.0,0.0,0.0,1.57,1.7,0.0,,,,,,2С19М2
he_112b_0,26.0,,,1.0,,0.32,1.0,,,0.0,,0.0,0.0,,,,,,He_112_B-0
p-51d-5,26.0,50.0,1.0,1.06,2.0,0.56,0.0,,,,,,0.0,,,,,,P-51D-5
fr_leopard_2a5nl,26.0,100.0,0.0,0.0,1.0,1.0,10.0,50.0,0.0,0.0,0.5,1.0,0.0,,,,,,Leopard_2A5NL
mig_29_9_12,26.0,50.0,1.93,1.93,0.0,0.0,42.0,100.0,1.0,0.48,0.42,0.27,0.0,,,,,,МиГ-29_(9-12)
mig-21_smt,26.0,0.0,1.0,0.82,0.0,0.0,233.0,72.57,2.54,3.69,0.37,0.53,20.0,,,,,,MiG-21SMT
fr_amx_32_105,26.0,100.0,0.0,0.0,1.69,1.69,457.0,52.99,0.0,0.0,1.96,1.66,0.0,,,,,,AMX-32_(105)
us_m3_bradley,26.0,50.0,0.0,0.0,0.0,0.0,613.0,54.12,0.0,0.0,1.31,1.0,0.0,,,,,,M3_Bradley
su-2_tss1,25.0,100.0,1.0,0.67,16.0,10.33,6.0,,,,,,0.0,,,,,,Su-2_TSS-1
beaufighter_mk21,25.0,100.0,0.36,0.64,5.07,5.04,3.0,,,0.0,,1.0,0.0,,,,,,Beaufighter_Mk_21
f_14a_iriaf,25.0,100.0,5.71,5.71,0.0,0.0,256.0,63.72,3.13,1.99,0.02,0.02,8.0,,,2.0,,0.0,F-14A_IRIAF
il_merkava_mk_3b,25.0,,,,,,218.0,53.85,0.0,0.0,1.84,1.84,0.0,,,,,,Merkava_Mk.3B
il_merkava_mk_3c,25.0,,,0.0,,2.72,344.0,57.32,0.02,0.02,2.33,2.24,0.0,,,,,,Merkava_Mk.3C
fw-190a-8,25.0,100.0,2.8,1.4,6.0,2.67,0.0,,,,,,0.0,,,,,,Fw_190_A-8
sw_strf_9056,25.0,100.0,0.0,0.0,2.0,2.0,136.0,26.18,0.25,0.2,1.23,1.09,0.0,,,,,,Strf_9040_BILL
it_semovente_m41m_90,25.0,100.0,0.0,0.0,1.0,4.0,132.0,68.27,0.0,0.0,3.6,3.77,0.0,,,,,,90/53_M41M
bf-109e-1,25.0,,,2.56,,0.0,30.0,0.0,0.75,0.75,1.0,1.0,19.0,,,,,,Bf_109_E-1
sw_t_54_1951,25.0,64.29,0.0,0.0,1.64,1.23,144.0,22.94,0.0,0.0,1.68,1.16,0.0,,,,,,T-54
f_16a_block_10,25.0,0.0,1.0,0.42,2.0,0.74,184.0,76.35,0.98,0.79,2.69,1.99,0.0,,,,,,F-16A
a6m2_zero,25.0,100.0,2.58,2.58,0.0,0.0,0.0,,,,,,9.0,,,,,,A6M2
fr_vcac_mephisto,25.0,,,0.0,,1.38,236.0,54.94,0.0,0.0,2.44,1.95,0.0,,,,,,MEPHISTO
us_t92,25.0,66.67,0.3,0.14,1.0,0.46,339.0,51.21,0.0,0.0,1.22,0.81,0.0,,,,,,T92
h8k2,25.0,100.0,0.0,0.0,0.0,0.0,0.0,,,,,,0.0,,,,,,H8K2
yak-4,24.0,100.0,0.0,0.0,7.22,6.91,0.0,,,,,,0.0,,,,,,Yak-4
it_breda_52_autocannone,24.0,100.0,0.0,0.0,4.06,5.43,44.0,88.1,0.0,0.0,2.52,1.68,0.0,,,,,,Breda_90/53
germ_pzkpfw_III_ausf_B,24.0,100.0,0.0,,2.0,,0.0,,,,,,0.0,,,,,,Pz.III_B
douglas_ad_4_france,24.0,100.0,1.0,0.54,4.0,2.08,45.0,20.0,0.78,0.86,2.12,3.9,0.0,,,,,,AD-4
cn_ztl_11,24.0,,,0.0,,1.54,43.0,50.0,0.0,0.0,1.6,1.22,0.0,,,,,,ZLT11
spitfire_mk5c,24.0,100.0,2.0,2.0,1.5,1.5,38.0,100.0,2.5,,4.5,,45.0,,,3.29,,0.0,Spitfire_Mk_Vc/trop
it_leopard_bofors,24.0,0.0,1.0,1.0,0.71,0.71,131.0,76.61,0.21,0.18,1.93,1.02,0.0,,,,,,Leopard_40/70
us_xm_8,24.0,,,0.0,,2.58,96.0,100.0,0.0,0.0,4.18,2.2,0.0,,,,,,XM8
i_225,24.0,0.0,1.0,2.0,0.0,0.0,99.0,43.55,1.53,0.94,1.24,0.91,0.0,,,,,,I-225
mig-19pt,24.0,75.0,0.84,1.13,0.0,0.0,69.0,52.9,2.17,1.73,0.0,0.0,0.0,,,,,,MiG-19PT
p-36a,24.0,,,,,,0.0,,,,,,0.0,,,,,,P-36A
re_2000_ga,24.0,,,1.0,,0.0,0.0,,,,,,0.0,,,,,,Re.2000_G.A.
il_zsu_57_2,24.0,,,0.27,,2.64,228.0,37.42,0.0,0.0,2.36,1.25,0.0,,,,,,ZSU-57-2_(Israel)
cn_is_2_1944,24.0,,,0.0,,0.63,45.0,,,,,,0.0,,,,,,IS-2_(1944)_(China)
p_108a_serie2,24.0,,,0.0,,0.0,0.0,,,,,,0.0,,,,,,P.108A_serie_2
tis_ma,23.0,58.33,1.0,1.0,4.33,4.38,136.0,52.86,0.37,0.27,8.37,7.3,22.0,,,0.19,,1.71,TIS_MA
uk_m3_stuart,23.0,,,0.0,,2.0,22.0,,,0.0,,0.0,0.0,,,,,,Stuart_I
vg_33,23.0,100.0,6.0,6.0,0.0,0.0,0.0,,,,,,0.0,,,,,,V.G.33C-1
uk_a25_mk_8,23.0,,,,,,12.0,50.0,0.0,0.0,1.5,3.0,0.0,,,,,,Harry_Hopkins_I
uk_marmon_herrington_mk_6_2pdr,23.0,,,,,,52.0,100.0,0.0,0.0,1.17,0.51,0.0,,,,,,SARC_MkVI_(2pdr)
f-4m_fgr2,23.0,51.67,1.42,1.48,0.0,0.0,264.0,52.65,0.76,0.78,0.05,0.05,0.0,,,,,,Phantom_FGR.2
cn_m4a1_76w_sherman,23.0,76.92,0.0,0.0,3.15,3.19,50.0,100.0,0.0,0.0,6.67,7.43,0.0,,,,,,M4A1_(75)_W_(China)
sw_strv_101,23.0,100.0,0.0,0.0,1.0,1.0,278.0,36.14,0.0,0.0,1.33,1.07,0.0,,,,,,Strv_101
sb2c_1c,23.0,100.0,0.0,,1.0,,0.0,,,,,,0.0,,,,,,SB2C-1C
germ_sturmpanzer_II,23.0,,,0.0,,1.0,51.0,86.0,0.0,0.0,0.0,0.0,0.0,,,,,,Sturmpanzer_II
cn_m41_a3_walker_bulldog,23.0,50.0,0.0,0.0,0.5,1.0,31.0,56.25,0.0,0.0,3.8,4.4,0.0,,,,,,M41A3_(China)
su-2_m82,22.0,100.0,1.27,1.0,5.13,3.96,0.0,,,,,,0.0,,,,,,Su-2_(M-82)
it_leopard_2a7_hungary,22.0,100.0,0.0,0.0,7.0,5.29,282.0,63.44,0.0,0.0,4.45,3.07,0.0,,,,,,Leopard_2A7HU
su_22m4,22.0,71.43,0.71,1.0,1.71,2.57,44.0,50.0,0.0,0.0,0.5,1.0,34.0,,,0.36,,1.71,◊Su-22M4
it_44m_zrinyi_1,22.0,100.0,0.0,,2.0,,7.0,,,0.0,,2.0,0.0,,,,,,Zrinyi_I
us_m3a1_stuart,22.0,,,,,,16.0,,,0.0,,1.0,0.0,,,,,,M3A1_Stuart
fr_m4a1_sherman_fl_10,22.0,,,0.0,,1.0,36.0,100.0,0.0,0.0,5.0,3.44,0.0,,,,,,M4A1_(FL10)
f-105d,22.0,100.0,0.0,0.0,2.0,1.83,40.0,20.51,0.2,0.09,3.92,2.67,26.0,,,,,,F-105D
p-51b_7_sweden,22.0,,,1.83,,0.0,24.0,100.0,0.13,0.11,0.75,0.78,0.0,,,,,,J26_David
fr_m4a4_sherman,22.0,,,0.0,,1.79,157.0,91.94,0.0,0.0,6.04,4.6,0.0,,,,,,M4A4
sb_2m_105,22.0,,,0.0,,1.0,0.0,,,,,,0.0,,,,,,SB_2M-105
sw_landsverk_ush_204_gk,22.0,,,,,,154.0,10.75,0.92,1.03,0.08,0.08,0.0,,,,,,U-SH_204_GK
ju-288c,21.0,100.0,1.0,0.71,8.0,7.14,17.0,50.0,0.5,1.0,0.92,1.83,0.0,,,,,,Ju_288_C
su-6_m71,21.0,66.67,0.3,0.5,4.17,6.29,57.0,92.0,0.8,0.8,3.36,2.36,8.0,0.0,0.0,0.0,2.0,2.0,Su-6_(M-71F)
i_180,21.0,,,3.0,,0.0,25.0,39.29,0.39,0.44,0.61,1.0,0.0,,,,,,I-180S
beaufighter_mkx,21.0,100.0,3.0,2.56,4.0,3.31,16.0,,,0.0,,3.0,0.0,,,,,,Beaufighter_Mk_X
us_t18_e2,21.0,100.0,0.0,,2.0,,16.0,100.0,0.0,0.0,6.0,6.0,0.0,,,,,,T18E2
us_m18_super_hellcat,21.0,,,0.0,,4.0,475.0,73.95,0.0,0.0,2.65,2.48,16.0,,,,,,Super_Hellcat
yak-3u,21.0,20.83,2.3,1.8,0.0,0.0,115.0,94.79,5.13,10.87,1.21,2.31,0.0,,,,,,Yak-3U
f6f-5_france,21.0,100.0,1.57,1.5,3.0,2.44,180.0,85.74,1.05,0.97,2.67,2.43,0.0,,,,,,F6F-5
ussr_kv_122,21.0,100.0,0.0,0.0,1.5,2.0,49.0,16.19,0.0,0.0,3.5,2.48,0.0,,,,,,KV-122
f_15c_msip2,21.0,0.0,1.33,1.14,0.0,0.32,274.0,66.64,2.37,1.95,0.18,0.18,49.0,,,1.05,,0.0,F-15C_MSIP_II
it_sherman_vc_firefly,21.0,100.0,0.0,0.0,1.13,1.0,62.0,17.5,0.0,0.0,2.63,1.41,0.0,,,,,,Sherman_Vc
it_2s1,21.0,,,0.0,,1.0,51.0,80.0,0.0,0.0,0.4,0.73,0.0,,,,,,◔2S1
uk_fv4202,21.0,,,0.0,,1.0,200.0,57.7,0.0,0.0,2.59,1.21,0.0,,,,,,FV4202
uk_sherman_vc_firefly_kit_3rank,21.0,100.0,0.0,0.0,1.91,1.09,97.0,76.11,0.0,0.0,4.26,2.55,0.0,,,,,,Firefly_(Overlord)
germ_mkpz_m48a2c,21.0,50.0,0.0,0.0,0.5,1.57,293.0,20.85,0.0,0.0,1.44,0.92,69.0,41.94,0.0,0.0,1.19,1.65,M48A2_C
fr_marder_df_105,21.0,50.0,0.0,0.0,1.25,1.23,104.0,56.34,0.0,0.0,2.9,3.07,0.0,,,,,,DF105
il_magach_6c,21.0,,,0.0,,0.0,0.0,,,,,,0.0,,,,,,Magach_6C
germ_sdkfz_234_1,21.0,,,,,,25.0,59.38,0.0,0.0,1.41,1.59,0.0,,,,,,Sd.Kfz.234/1
uk_conqueror_mk_2,20.0,100.0,0.0,,3.0,,252.0,58.99,0.0,0.0,1.99,1.78,0.0,,,,,,Conqueror
a_10a_late,20.0,100.0,2.82,1.67,7.91,4.54,202.0,96.77,1.24,0.26,10.4,3.23,21.0,0.0,0.0,0.0,3.0,1.63,A-10A_Late
f-5c,20.0,100.0,0.0,0.0,5.0,5.0,229.0,42.42,1.58,1.89,0.33,0.4,24.0,,,0.0,,0.0,F-5C
cn_t_34_85_zis_53_no215,20.0,,,0.0,,4.75,0.0,,,,,,0.0,,,,,,T-34-85_No.215
us_m60a1,20.0,100.0,0.0,0.0,1.9,1.0,375.0,66.98,0.0,0.0,2.3,2.03,0.0,,,,,,M60A1_(AOS)
pv_2d,20.0,50.0,0.5,0.5,3.5,3.5,82.0,42.88,0.86,0.92,3.29,3.53,0.0,,,,,,PV-2D
spitfire_ix_early,20.0,100.0,6.61,6.06,0.0,0.0,194.0,79.32,2.55,2.09,1.95,1.54,0.0,,,,,,Spitfire_F_Mk_IX
f_15a,20.0,0.0,1.0,0.95,2.0,1.0,133.0,47.83,0.94,0.76,0.06,0.08,0.0,,,,,,F-15A
typhoon_mk1b_late,20.0,,,2.83,,0.5,186.0,74.62,1.74,2.69,1.59,2.29,0.0,,,,,,Typhoon_Mk_Ib/L
f-4j,20.0,,,1.63,,0.0,62.0,76.34,2.11,2.13,0.01,0.01,7.0,,,,,,F-4J_Phantom_II
saab_t18b_2,20.0,,,2.41,,1.88,0.0,,,,,,0.0,,,,,,T18B_(57)
p-63a-5_ussr,20.0,50.0,1.7,1.7,0.7,0.7,211.0,57.8,2.52,1.57,3.49,2.19,0.0,,,,,,P-63A-5
fr_m4a3_105_sherman,20.0,100.0,0.0,0.0,1.0,1.0,30.0,,,0.0,,1.95,0.0,,,,,,M4A3_(105)
sw_bmp_2md,20.0,,,0.0,,1.0,51.0,52.94,0.0,0.0,2.94,1.94,0.0,,,,,,BMP-2MD
ussr_t_80b,20.0,,,0.0,,1.5,1344.0,54.92,0.0,0.0,1.87,1.63,0.0,,,,,,T-80B
uk_fv438_swingfire,20.0,77.27,0.0,0.0,0.77,1.0,129.0,47.5,0.0,0.0,2.19,2.31,0.0,,,,,,Swingfire
spitfire_ix,20.0,,,,,,0.0,,,,,,82.0,38.89,7.28,2.27,0.0,0.0,Spitfire_LF_Mk_IX
spitfire_mk1,19.0,,,4.0,,0.0,0.0,,,,,,0.0,,,,,,Spitfire_Mk_Ia
it_m14_41_47_40,19.0,,,0.0,,2.0,8.0,,,0.0,,1.0,0.0,,,,,,M14/41_(47/40)
il_2_m82,19.0,100.0,1.21,1.21,1.79,1.79,2.0,50.0,0.5,1.0,0.5,1.0,0.0,,,,,,IL-2_M-82
il_centurion_shot_kal_gimel,19.0,100.0,0.0,0.0,3.44,3.53,185.0,56.4,0.0,0.0,2.34,2.52,0.0,,,,,,Sho't_Kal_Gimel
mosquito_fb_mk26_china,19.0,50.0,1.0,2.0,0.0,0.0,10.0,,,0.0,,1.0,0.0,,,,,,Mosquito_FB.Mk.26
sb2c_5_thailand,19.0,100.0,0.31,0.31,2.38,2.38,99.0,58.07,1.52,1.27,4.6,3.93,0.0,,,,,,SB2C-5
ussr_object_120,19.0,55.56,0.1,0.01,2.0,1.29,108.0,50.67,0.0,0.0,2.03,2.76,12.0,,,,,,Object_120
sw_strv_122,19.0,100.0,0.0,0.0,7.6,9.0,201.0,60.21,0.0,0.0,3.52,2.62,0.0,,,,,,Strv_122A
germ_flakpz_1a2_Gepard,19.0,100.0,1.0,1.5,0.0,0.5,428.0,37.88,0.92,0.55,0.92,0.55,0.0,,,,,,Gepard_1A2
meteor_fmk8_iaf,19.0,,,1.0,,0.0,5.0,,,,,,0.0,,,,,,Meteor_F.8_(Israel)
germ_flakpanzer_IV_Kugelblitz,19.0,,,1.0,,0.0,217.0,34.57,0.93,0.99,0.59,0.67,0.0,,,,,,Kugelblitz
us_m60,19.0,0.0,0.0,0.0,1.42,1.42,151.0,60.78,0.0,0.0,1.01,1.14,0.0,,,,,,M60
ussr_t_54_1949,19.0,4.55,0.0,0.0,1.12,1.05,159.0,53.68,0.0,0.0,1.18,1.42,12.0,0.0,0.0,0.0,1.0,2.17,T-54_(1949)
us_t34,19.0,,,0.0,,1.15,693.0,57.67,0.0,0.0,3.19,1.79,0.0,,,,,,T34
ussr_2s3m,19.0,50.0,0.0,0.0,1.14,2.37,140.0,10.0,0.0,0.0,2.04,1.06,0.0,,,,,,2S3M
germ_pzkpfw_38t_na,19.0,100.0,0.0,0.0,1.0,1.0,0.0,,,,,,0.0,,,,,,Pz.38(t)_n.A.
jp_st_a3,19.0,84.38,0.0,0.0,1.0,1.19,396.0,58.31,0.0,0.0,2.02,1.94,0.0,,,,,,ST-A3
uk_g6_spg,19.0,,,0.0,,0.84,2.0,,,0.0,,2.0,0.0,,,,,,G6
us_m48a1_patton_III,19.0,0.0,0.0,0.0,0.0,0.0,131.0,54.72,0.0,0.0,1.0,0.86,0.0,,,,,,M48A1
us_m10,19.0,,,0.0,,0.53,74.0,36.96,0.0,0.0,2.13,1.37,0.0,,,,,,M10_GMC
sw_strv_m40l,19.0,,,,,,0.0,,,,,,0.0,,,,,,Strv_m/40L
us_xm1_chrysler,18.0,100.0,0.0,,4.0,,154.0,92.39,0.0,0.0,6.45,3.62,0.0,,,,,,XM1_(Chrysler)
fr_amx_32,18.0,100.0,0.0,,3.5,,259.0,56.41,0.0,0.0,2.29,1.91,0.0,,,,,,AMX-32
germ_pzkpfw_III_ausf_J,18.0,,,,,,0.0,,,,,,0.0,,,,,,Pz.III_J1
mig-15bis_nr23_german,18.0,,,1.0,,1.0,100.0,83.12,1.68,1.91,0.48,0.61,0.0,,,,,,◊MiG-15bis
germ_leopard_2pl,18.0,100.0,0.0,0.0,3.67,3.33,1404.0,43.76,0.0,0.0,1.39,1.14,0.0,,,,,,Leopard_2_PL
sw_strf_90b,18.0,,,,,,244.0,56.71,0.12,0.08,1.84,1.36,0.0,,,,,,Strf_9040B
gladiator_j8a,18.0,,,1.0,,0.0,0.0,,,,,,0.0,,,,,,J8A
uk_centurion_mk_10,18.0,,,,,,146.0,54.73,0.0,0.0,1.68,1.71,0.0,,,,,,Centurion_Mk_10
it_fiat_6616_cockerill,18.0,,,0.0,,1.0,176.0,70.94,0.0,0.0,1.83,1.26,0.0,,,,,,AUBL/74
ussr_su_85_1943,18.0,100.0,0.0,0.0,2.57,1.6,41.0,44.44,0.0,0.0,2.0,2.35,0.0,,,,,,SU-85
p-47d_23_ra_china_rocaf,18.0,50.0,1.25,1.78,0.5,0.28,18.0,100.0,1.0,1.2,2.8,3.2,0.0,,,,,,P-47D-23-RA_(China)
sw_lago_1,18.0,100.0,0.0,0.0,1.0,1.0,59.0,50.0,0.0,0.0,1.5,0.84,0.0,,,,,,Lago_I
p-63a-5,18.0,100.0,1.0,1.0,0.0,0.0,16.0,,,0.0,,0.13,0.0,,,,,,P-63A-5
germ_panzerjager_tiger_P_elefant,17.0,,,,,,5.0,,,0.0,,7.0,0.0,,,,,,Elefant
alpha_jet_th_phase_1,17.0,66.67,0.8,5.13,4.0,0.67,151.0,53.69,0.36,0.46,1.01,1.39,0.0,,,,,,Alpha_Jet_TH
cn_m8_greyhound,17.0,100.0,0.0,0.0,4.06,4.71,37.0,,,0.0,,2.13,0.0,,,,,,M8_LAC_(China)
typhoon_mk1b,17.0,,,,,,71.0,83.33,1.38,1.43,3.27,3.26,0.0,,,,,,Typhoon_Mk_Ib
re_2000_heja_2,17.0,100.0,3.62,3.62,0.0,0.0,0.0,,,,,,0.0,,,,,,◔Héja_II
fr_m36b2_cefeo,17.0,100.0,0.0,0.0,3.65,3.65,143.0,64.25,0.0,0.0,1.41,1.31,0.0,,,,,,M36B2
it_of_40_mtca,17.0,,,0.0,,4.59,951.0,67.68,0.0,0.0,4.63,3.2,45.0,13.79,0.0,0.0,2.0,2.0,OF-40_(MTCA)
cn_vt_5,17.0,100.0,0.0,0.0,2.23,2.07,290.0,54.77,0.0,0.0,1.48,1.42,0.0,,,,,,VT5
er-2_m105_mv3,17.0,100.0,0.0,0.0,2.18,2.18,6.0,,,0.0,,0.0,0.0,,,,,,Yer-2_(M-105)
ussr_t_60_1941,17.0,100.0,0.0,0.0,1.0,1.0,0.0,,,,,,0.0,,,,,,T-60
bf-109g-2_finland,17.0,,,3.0,,1.0,60.0,100.0,1.9,1.55,1.4,0.94,0.0,,,,,,Bf_109_G-2
su_25,17.0,100.0,1.0,1.0,1.0,0.94,131.0,50.33,0.77,0.87,0.87,1.23,49.0,,,0.0,,0.0,Su-25
sw_strv_104,17.0,,,0.0,,1.0,372.0,50.96,0.0,0.0,2.05,1.72,0.0,,,,,,Strv_104
yak-9b,17.0,100.0,2.0,1.0,9.0,1.54,7.0,,,0.0,,1.67,0.0,,,,,,Yak-9B
ussr_t_72b3_arena,17.0,5.56,0.0,0.0,0.94,1.53,875.0,43.02,0.0,0.0,1.92,1.26,11.0,,,0.0,,1.0,"Т-72Б3_""Арена"""
germ_stuh_III_ausf_G,17.0,,,,,,57.0,,,0.0,,3.36,0.0,,,,,,StuH_42_G
it_zsu_57_2,17.0,50.0,0.5,0.06,0.5,0.06,180.0,38.22,0.0,0.0,1.94,1.31,0.0,,,,,,◔ZSU-57-2
pe-8_m82,17.0,100.0,0.0,0.0,2.5,2.13,32.0,100.0,0.0,0.0,0.0,0.0,0.0,,,,,,Pe-8
jp_m44,17.0,100.0,0.0,0.0,1.0,1.0,85.0,38.06,0.0,0.0,0.92,1.36,0.0,,,,,,M44
jp_type_99,17.0,,,0.0,,0.0,316.0,72.76,0.82,1.02,1.76,2.34,0.0,,,,,,Type_99
jp_btr_3e1,17.0,20.83,0.0,0.0,0.21,0.21,237.0,70.59,0.0,0.0,1.39,1.0,0.0,,,,,,BTR-3E1
uk_a_43_black_prince,16.0,100.0,0.0,0.0,4.0,4.0,37.0,87.5,0.0,0.0,5.56,4.71,0.0,,,,,,Black_Prince
germ_pzkpfw_VI_ausf_h1_tiger_animal_version,16.0,66.67,0.3,0.5,3.7,5.5,4.0,100.0,0.0,0.0,6.5,6.5,0.0,,,,,,␠Tiger
b_25j_30_vvs_ussr,16.0,92.86,0.14,0.2,3.29,3.43,0.0,,,,,,0.0,,,,,,B-25J-30
tu-2_postwar,16.0,,,0.0,,2.44,29.0,50.0,0.5,0.64,1.5,1.91,0.0,,,,,,Tu-2S-44
us_m1a1_aim_abrams,16.0,,,,,,1573.0,60.5,0.0,0.0,1.82,1.66,2.0,,,0.0,,0.0,M1A1_AIM
it_stug_III_ausf_G,16.0,100.0,0.0,0.0,2.0,2.0,38.0,100.0,0.0,0.0,3.45,2.73,0.0,,,,,,StuG_III_G
germ_flakpanzer_IV_Ostwind_2_net,16.0,100.0,3.0,,1.0,,202.0,26.72,1.0,1.19,0.02,0.02,0.0,,,,,,Ostwind_Ost
a5m4,16.0,,,1.0,,0.38,0.0,,,,,,0.0,,,,,,A5M4
uk_centurion_mk_1,16.0,100.0,0.0,0.0,2.19,2.19,83.0,91.3,0.0,0.0,5.49,4.88,0.0,,,,,,Centurion_Mk_1
i-153_m62,16.0,,,3.5,,0.0,0.0,,,,,,0.0,,,,,,I-153_M-62
sw_pvkv_m43_1963,16.0,21.88,0.0,0.0,1.41,2.25,107.0,64.0,0.0,0.0,0.76,0.71,0.0,,,,,,Pvkv_m/43_(1963)
p-39n_su,16.0,50.0,2.45,4.9,0.0,0.0,11.0,,,1.0,,0.0,0.0,,,,,,Pokryshkin's_P-39N-0
il_m_51_w,16.0,,,0.0,,1.69,142.0,53.61,0.0,0.0,2.62,1.98,0.0,,,,,,M-51_(W)
ussr_object_775,16.0,,,,,,244.0,55.3,0.0,0.0,3.77,1.73,0.0,,,,,,Object_775
uk_boxer_crv_block2,16.0,,,0.0,,1.0,402.0,67.03,0.02,0.02,1.84,0.92,0.0,,,,,,CRV_Block_2
fr_amx_40,16.0,18.75,0.0,0.0,1.69,1.94,282.0,45.77,0.0,0.0,1.74,1.38,0.0,,,,,,AMX-40
uk_concept3_ngac,16.0,50.0,0.0,0.0,0.5,0.5,236.0,72.78,0.0,0.0,2.23,1.3,0.0,,,,,,Concept_3
p-40c_china,16.0,,,0.0,,0.0,0.0,,,,,,0.0,,,,,,H-81A-2
yak-38,16.0,,,,,,26.0,,,0.0,,0.0,0.0,,,,,,Yak-38
f-89b,15.0,100.0,12.07,12.07,0.0,0.0,163.0,78.8,1.05,1.14,0.97,1.21,0.0,,,,,,F-89B
germ_leopard_2_pt14,15.0,,,0.0,,3.07,46.0,50.0,0.0,0.0,3.67,2.84,0.0,,,,,,PT-16/T14_mod.
cn_type_65_aa,15.0,22.22,1.56,2.0,0.78,1.0,40.0,50.0,0.0,0.0,0.0,0.19,0.0,,,,,,Phòng_không_T-34
bf-109g-10,15.0,100.0,1.1,0.4,0.4,2.0,0.0,,,,,,6.0,,,1.17,,0.0,Bf_109_G-10
bf-109g-14,15.0,100.0,2.0,2.0,2.0,2.0,110.0,52.98,1.04,1.63,0.38,0.6,5.0,,,1.8,,0.0,Bf_109_G-14
us_m247,15.0,72.22,4.39,,1.56,,262.0,29.25,1.67,1.15,0.06,0.04,0.0,,,,,,M247
jp_m36b2_jgsdf,15.0,100.0,0.0,0.0,2.0,2.0,277.0,55.74,0.0,0.0,1.22,1.33,0.0,,,,,,M36
germ_leopard_2a4m_can,15.0,50.0,0.0,0.0,3.5,3.5,1520.0,45.64,0.0,0.0,1.45,1.16,0.0,,,,,,Leopard_2A4M
ju-188a-2,15.0,100.0,0.0,0.0,5.1,5.1,34.0,100.0,3.0,6.0,0.5,1.0,0.0,,,,,,Ju_188_A-2
ussr_t_44_122,15.0,,,0.0,,3.43,73.0,43.55,0.0,0.0,1.69,1.73,0.0,,,,,,T-44-122
f-4e,15.0,100.0,4.87,4.87,2.87,2.87,411.0,52.49,1.31,1.52,0.38,0.42,24.0,,,1.87,,0.2,F-4E_Phantom_II
germ_pzkpfw_III_ausf_N,15.0,,,0.0,,2.0,28.0,100.0,0.0,0.0,7.79,6.93,0.0,,,,,,Pz.III_N
uk_chieftain_marksman,15.0,,,0.0,,1.0,142.0,67.33,0.42,0.44,0.95,1.12,0.0,,,,,,Chieftain_Marksman
uk_vickers_mk_11,15.0,100.0,0.0,0.0,1.0,1.0,164.0,65.11,0.0,0.0,2.99,1.87,0.0,,,,,,Vickers_Mk.11
uk_a39_tortoise,15.0,0.0,0.0,0.0,1.0,1.0,2.0,,,0.0,,1.0,0.0,,,,,,Tortoise
il_magach_3_idf,15.0,,,0.0,,1.0,15.0,,,0.0,,2.0,0.0,,,,,,Magach_3
fr_leopard_2a6nl,15.0,,,,,,4.0,,,,,,0.0,,,,,,Leopard_2A6NL
cn_hq_17,15.0,61.11,0.61,1.0,0.0,0.0,55.0,,,,,,0.0,,,,,,HQ17
ussr_su_122,15.0,100.0,0.0,0.0,2.0,2.0,105.0,41.07,0.0,0.0,2.0,1.14,0.0,,,,,,SU-122
spitfire_fr_mk14e_belgium,15.0,100.0,2.0,1.2,0.0,0.0,22.0,,,0.45,,0.0,0.0,,,,,,Spitfire_FR_Mk_XIVe
il_tiran_4,15.0,,,0.0,,1.0,17.0,,,,,,0.0,,,,,,Tiran_4
it_m18_hellcat,15.0,,,0.0,,1.54,237.0,75.28,0.0,0.0,3.17,2.5,0.0,,,,,,M18
it_m109g,15.0,,,,,,0.0,,,,,,0.0,,,,,,M109G
il_m113_hvms,15.0,,,0.0,,1.0,53.0,100.0,0.0,0.0,2.47,1.41,0.0,,,,,,Bardelas/60mm_HVMS
ussr_gaz_mm_72k,15.0,100.0,0.0,0.0,1.47,1.47,5.0,,,,,,0.0,,,,,,GAZ-MM_(72-K)
la-9_china,15.0,,,1.2,,0.0,17.0,,,,,,0.0,,,,,,La-9_(China)
il_ss_11_halftrack,15.0,,,0.0,,1.0,46.0,80.0,0.0,0.0,1.5,1.55,0.0,,,,,,Zachlam_Tager
it_c13_t90,15.0,100.0,0.0,0.0,1.0,1.0,70.0,61.11,0.0,0.0,2.47,2.55,0.0,,,,,,C13_T90
germ_thyssen_henschel_tam,15.0,,,,,,691.0,44.52,0.0,0.0,1.59,1.31,0.0,,,,,,TAM
su_27,15.0,100.0,0.4,0.13,0.0,0.0,390.0,51.9,2.26,2.51,0.02,0.02,0.0,,,,,,Su-27
uk_eland_90_mk_7,15.0,,,,,,238.0,45.1,0.0,0.0,1.0,1.0,0.0,,,,,,Eland_90_Mk.7
it_btr_80a_hungary,15.0,100.0,0.0,0.0,0.0,0.0,192.0,70.32,0.0,0.0,1.6,1.2,0.0,,,,,,◔BTR-80A
ussr_t_50,15.0,,,0.0,,0.8,94.0,36.08,0.0,0.0,1.26,1.19,0.0,,,,,,T-50
mc-205_serie1,14.0,100.0,7.0,6.0,0.0,0.0,0.0,,,,,,0.0,,,,,,C._205_serie_1
leo_451_late,14.0,50.0,0.5,0.5,5.5,5.5,0.0,,,,,,0.0,,,,,,LeO_451_late
su_17m4,14.0,100.0,0.0,,4.0,,24.0,100.0,0.0,0.0,2.42,1.72,54.0,86.21,1.59,1.59,1.0,1.0,Su-17M4
ussr_object_140,14.0,50.0,0.0,0.0,2.5,2.5,44.0,55.56,0.0,0.0,2.81,2.44,0.0,,,,,,Object_140
i-153p,14.0,,,2.0,,0.0,60.0,84.85,4.12,4.6,1.3,3.1,10.0,,,0.0,,0.0,I-153P
b7a2,14.0,100.0,1.0,,4.33,,5.0,50.0,0.5,1.0,0.5,1.0,0.0,,,,,,B7A2
us_xm_975_roland,14.0,0.0,2.0,2.0,0.0,0.0,117.0,36.9,1.91,0.98,0.0,0.0,0.0,,,,,,XM975
il_tcm_20,14.0,,,,,,20.0,0.0,0.0,0.0,0.0,0.0,0.0,,,,,,TCM-20
he-111h-2,14.0,100.0,0.0,,2.0,,0.0,,,,,,0.0,,,,,,He_111_H-3
f-5e_switzerland,14.0,100.0,1.0,0.43,2.0,0.86,6.0,75.0,1.5,1.5,0.25,0.25,0.0,,,,,,◌F-5E
germ_panzerjager_nashorn,14.0,,,,,,43.0,35.41,0.0,0.0,1.96,1.61,0.0,,,,,,Nashorn
f_16c_block_50,14.0,0.0,1.0,1.0,0.33,0.33,581.0,66.8,0.94,1.09,0.76,0.88,88.0,0.0,6.07,1.89,0.0,0.0,F-16C
uk_centurion_mk_3,14.0,,,0.0,,1.17,132.0,61.35,0.0,0.0,1.71,1.68,0.0,,,,,,Centurion_Mk_3
spitfire_mk5b_notrop,14.0,100.0,2.14,2.14,0.0,0.0,0.0,,,,,,12.0,,,2.0,,0.0,Spitfire_Mk_Vb
germ_pzsflk40_sturer_emil,14.0,95.0,0.0,0.0,4.66,2.96,34.0,0.0,0.0,0.0,2.18,1.95,0.0,,,,,,Sturer_Emil
us_m4a3_105_sherman,14.0,,,0.0,,1.0,60.0,100.0,0.0,0.0,6.2,2.2,0.0,,,,,,M4A3_(105)
b_24d,14.0,50.0,0.0,0.0,1.0,1.0,0.0,,,,,,0.0,,,,,,B-24D-25-CO
jp_type_87,14.0,0.0,1.0,1.0,0.0,0.0,355.0,28.08,0.29,0.12,1.94,0.81,0.0,,,,,,Type_87
mig_21_bis_finland,14.0,50.0,0.5,1.0,0.0,0.0,26.0,66.67,1.0,1.0,0.0,0.0,0.0,,,,,,MiG-21bis
f_20a,14.0,,,1.0,,0.0,109.0,66.27,0.65,0.92,0.35,0.43,2.0,,,0.0,,1.0,F-20A
av_8b_plus,14.0,0.0,1.0,1.0,0.0,0.0,66.0,36.96,0.96,0.93,0.8,0.99,34.0,,,1.0,,0.0,AV-8B_Plus
il_m48a1_patton_III,14.0,50.0,0.5,1.0,1.0,2.0,149.0,59.41,0.0,0.0,1.61,1.12,0.0,,,,,,Magach_1
ussr_btr_80a,14.0,,,,,,444.0,40.62,0.0,0.0,1.78,1.06,0.0,,,,,,BTR-80A
saab_ajs37,14.0,,,0.0,,0.0,71.0,100.0,1.42,0.79,4.42,2.94,0.0,,,,,,AJS37
saab_ja37,14.0,50.0,0.0,0.0,0.0,0.0,323.0,58.76,1.64,1.99,0.11,0.13,0.0,,,,,,JA37C
us_adats_bradley,14.0,50.0,0.0,0.0,0.0,0.0,817.0,44.6,0.85,0.45,0.55,0.29,0.0,,,,,,ADATS
saab_j35d,14.0,,,0.0,,0.0,59.0,54.65,1.14,1.95,0.15,0.26,10.0,,,1.0,,0.0,J35D
it_m13_40_serie_1,13.0,,,,,,0.0,,,,,,0.0,,,,,,M13/40_(I)
p-38j_marge,13.0,100.0,1.0,1.3,1.0,1.3,0.0,,,,,,0.0,,,,,,Bong's_P-38J-15
it_sherman_VII,13.0,,,0.0,,2.38,66.0,31.67,0.0,0.0,1.89,2.47,0.0,,,,,,M4_Tipo_IC
wm_23,13.0,100.0,3.0,2.23,0.0,0.0,6.0,100.0,2.0,1.83,1.0,0.67,0.0,,,,,,◔WM-23
il-10_1946_hungary,13.0,,,0.85,,0.85,15.0,,,0.0,,4.0,0.0,,,,,,◔IL-10
us_m1128_mgs,13.0,,,0.0,,1.0,454.0,54.53,0.0,0.0,2.17,1.78,0.0,,,,,,M1128
re_2002_early,13.0,,,1.8,,0.0,48.0,0.0,0.0,0.0,0.85,0.56,0.0,,,,,,Re.2002_Early
germ_pzkpfw_III_ausf_J_L42,13.0,,,,,,25.0,,,0.0,,3.04,0.0,,,,,,Pz.III_J
mc200_serie7_italy,13.0,,,2.0,,0.0,0.0,,,,,,0.0,,,,,,C._200_serie_7
cn_cm11,12.0,,,,,,127.0,100.0,0.0,0.0,8.28,4.71,0.0,,,,,,CM11
sw_ikv_73,12.0,,,0.0,,4.0,9.0,,,0.0,,5.0,0.0,,,,,,Ikv_73
so_4050_vautour_2a,12.0,50.0,0.0,0.0,4.0,4.0,0.0,,,,,,0.0,,,,,,S.O.4050_Vautour_IIA
cn_ztz_96,12.0,,,,,,394.0,67.81,0.0,0.0,6.25,4.18,0.0,,,,,,ZTZ96
germ_marder_clovis,12.0,50.0,0.0,0.0,2.96,5.92,56.0,16.67,0.0,0.0,3.1,2.26,0.0,,,,,,CLOVIS
so_4050_vautour_2b,12.0,50.0,0.0,0.0,3.5,3.5,0.0,,,,,,0.0,,,,,,S.O.4050_Vautour_IIB
it_kf_41,12.0,85.71,0.0,0.0,3.29,2.43,60.0,70.0,0.0,0.0,1.67,1.28,0.0,,,,,,KF41
cn_al_khalid_1,12.0,50.0,0.0,0.0,2.75,2.75,1434.0,55.06,0.0,0.0,1.77,1.42,0.0,,,,,,Al-Khalid-I
uk_m4a5_ram_2,12.0,100.0,0.0,,1.0,,12.0,100.0,0.0,0.0,2.0,2.0,0.0,,,,,,Ram_II
etndard_4m,12.0,50.0,0.5,0.5,1.5,1.5,3.0,,,0.0,,0.0,0.0,,,,,,Etendard_IVM
bf-109f-4_hungary,12.0,,,5.75,,0.0,50.0,70.0,1.5,1.77,1.3,1.68,0.0,,,,,,◐Bf_109_F-4
uk_as_90_mk_2,12.0,,,1.6,,2.0,87.0,61.29,0.61,0.49,6.5,5.38,0.0,,,,,,AS90
germ_mkpz_m48a2ga2,12.0,50.0,0.0,0.0,1.5,2.0,411.0,37.23,0.0,0.0,1.74,1.32,0.0,,,,,,M48A2_G_A2
me-410b-6_r3,12.0,,,0.0,,3.0,0.0,,,,,,0.0,,,,,,Me_410_B-6/R3
yak-17,12.0,,,2.0,,0.0,16.0,,,,,,0.0,,,,,,Yak-17
spitfire_mk9c_4cannons,12.0,100.0,2.0,2.0,1.0,1.0,15.0,100.0,1.71,2.0,4.46,7.0,0.0,,,,,,Spitfire_F_Mk_IXc
hunter_f6_holland,12.0,50.0,1.0,2.0,0.5,1.0,10.0,50.0,1.0,2.0,0.0,0.0,0.0,,,,,,◘Hunter_F.6
il_magach_5,12.0,100.0,0.0,0.0,2.0,2.0,74.0,81.91,0.0,0.0,2.4,3.73,0.0,,,,,,Magach_5
mig-21_bison,12.0,50.0,1.0,1.92,0.0,0.0,221.0,52.25,1.03,1.64,0.02,0.04,12.0,,,,,,MiG-21_Bison
tu_95m,12.0,,,,,,32.0,,,0.0,,0.0,36.0,,,0.43,,0.0,Ту-95М
sw_pvkv_m43_1946,12.0,,,,,,37.0,0.0,0.0,0.0,0.25,0.39,0.0,,,,,,Pvkv_m/43_(1946)
spitfire_mk5c_notrop,12.0,100.0,1.5,1.5,1.0,1.0,13.0,100.0,2.0,1.54,1.6,1.23,0.0,,,,,,Spitfire_Mk_Vc
f-100d_france,12.0,50.0,0.83,1.0,0.0,0.0,0.0,,,,,,0.0,,,,,,F-100D
bf-110g-2,12.0,,,0.67,,2.75,18.0,,,1.0,,1.28,0.0,,,,,,Bf_110_G-2
ussr_pt_76b,12.0,,,0.0,,0.07,690.0,54.82,0.0,0.0,0.91,0.65,8.0,,,0.0,,0.0,PT-76B
ussr_asu_57,12.0,,,0.0,,0.0,175.0,46.38,0.0,0.0,1.42,0.7,0.0,,,,,,ASU-57
germ_boxer_swatrinf,12.0,50.0,0.0,0.0,1.0,1.0,315.0,35.76,0.0,0.0,1.14,0.55,0.0,,,,,,sWaTrgInf
tornado_gr4,12.0,,,,,,55.0,41.82,0.96,1.25,0.42,0.54,0.0,,,,,,Tornado_GR.4
mig-17_cuba,11.0,100.0,9.0,9.0,6.0,6.0,16.0,,,2.0,,0.0,0.0,,,,,,MiG-17AS
ki_21_1hei,11.0,100.0,1.0,1.0,12.64,12.64,0.0,,,,,,0.0,,,,,,Ki-21-I_hei
q_5a,11.0,,,,,,2.0,100.0,0.0,0.0,1.0,1.0,0.0,,,,,,Q-5A
j_7e,11.0,,,,,,0.0,,,,,,0.0,,,,,,J-7E
mig-15bis_nr23_china,11.0,,,,,,8.0,100.0,0.0,0.0,1.0,1.0,0.0,,,,,,J-2
cn_type_69_2g,11.0,,,,,,37.0,,,0.0,,3.0,0.0,,,,,,T-69_II_G
j_8b,11.0,,,,,,5.0,100.0,1.0,1.0,1.0,1.0,0.0,,,,,,J-8B
fr_amx_13_chaffee,11.0,71.43,0.29,0.29,2.29,2.29,0.0,,,,,,0.0,,,,,,AMX-13-M24
me_210ca_1_hungary,11.0,100.0,3.0,2.27,2.0,1.91,51.0,100.0,5.92,,0.62,,0.0,,,,,,◔Me_210_Ca-1
p-43a-1_china,11.0,,,,,,0.0,,,,,,0.0,,,,,,P-43A-1_(China)
a_6e_tram,11.0,100.0,1.0,1.0,2.0,2.0,111.0,40.12,0.56,0.65,4.9,5.59,87.0,80.83,1.2,0.31,1.61,0.87,A-6E_TRAM
tu-2,11.0,50.0,0.0,0.0,1.88,3.75,69.0,77.5,0.0,0.0,2.01,2.46,15.0,,,,,,Tu-2S
su-11,11.0,,,,,,252.0,51.6,1.27,1.31,1.41,1.45,0.0,,,,,,Su-11
corsair_fmk2,11.0,,,,,,2.0,,,,,,0.0,,,,,,Corsair_F_Mk_II
il-10_1946,11.0,50.0,0.5,0.36,1.13,1.45,21.0,,,,,,0.0,,,,,,IL-10_(1946)
me-262a-1a_u4,11.0,62.5,3.5,5.0,1.25,2.0,495.0,59.87,0.25,0.25,2.24,2.27,0.0,,,,,,Me_262_A-1/U4
uk_centurion_mk_5_avre_era,11.0,100.0,0.0,0.0,2.0,2.0,4.0,100.0,0.0,0.0,1.0,1.0,0.0,,,,,,Centurion_Mk.5_AVRE
f-5a,11.0,,,,,,0.0,,,,,,0.0,,,,,,F-5A
su_25t,11.0,,,0.0,,1.0,177.0,56.95,0.24,0.33,3.95,5.22,0.0,,,,,,Su-25T
uk_a_22b_mk_3_churchill_1942,11.0,,,0.0,,1.0,14.0,,,0.0,,2.0,0.0,,,,,,Churchill_III
jp_type_10_prototype,11.0,,,0.0,,1.0,512.0,57.22,0.0,0.0,2.23,1.78,0.0,,,,,,TKX_(P)
fa_18a,11.0,,,0.0,,0.0,90.0,67.86,2.91,2.84,0.22,0.23,15.0,,,,,,F/A-18A
su_22m3,11.0,,,1.0,,0.0,207.0,69.88,0.48,0.25,0.68,0.36,0.0,,,,,,Su-22M3
sw_strv_m42_eh,11.0,30.0,0.0,0.0,1.4,2.0,77.0,44.17,0.0,0.0,1.43,1.0,0.0,,,,,,Strv_m/42_EH
harrier_frs1,11.0,0.0,2.0,0.75,0.25,0.08,4.0,50.0,0.5,1.0,0.0,0.0,0.0,,,,,,Sea_Harrier_FRS.1
a-26b_10,11.0,,,0.0,,1.91,0.0,,,,,,0.0,,,,,,A-26B-10
yak_141,11.0,100.0,1.0,1.0,0.0,0.0,22.0,50.0,2.0,4.0,0.0,0.0,0.0,,,,,,Yak-141
il_m109,11.0,,,0.0,,0.0,76.0,100.0,0.0,0.0,3.22,1.05,0.0,,,,,,M109_(Israel)
uk_crusader_mk_2,11.0,,,0.0,,1.0,0.0,,,,,,0.0,,,,,,Crusader_II
uk_churchill_na75,11.0,,,0.0,,1.0,20.0,100.0,0.0,0.0,1.0,1.0,0.0,,,,,,Churchill_NA75
uk_fv107_scimitar,11.0,100.0,0.0,0.0,0.0,0.0,148.0,63.22,0.0,0.0,1.12,1.13,0.0,,,,,,Scimitar
uk_armored_car_aec_mk_2,11.0,0.0,0.0,0.0,0.82,0.82,43.0,100.0,0.0,0.0,4.73,3.22,4.0,,,0.0,,1.0,AEC_Mk_II
uk_ttd,11.0,,,,,,147.0,81.61,0.0,0.0,6.65,3.66,0.0,,,,,,TTD
spitfire_lf_mk9e_weisman,11.0,,,,,,117.0,85.76,0.79,0.56,2.83,1.87,1.0,,,0.0,,0.0,Weizman's_Spitfire_LF_Mk.IXe
jh_7a,10.0,100.0,1.0,1.0,6.0,6.0,13.0,100.0,0.0,0.0,1.46,1.46,11.0,,,0.0,,4.0,JH-7A
su-2_mv5,10.0,100.0,1.7,1.7,5.0,5.0,14.0,,,,,,0.0,,,,,,Su-2_MV-5
do_217e_4,10.0,100.0,0.0,0.0,7.0,7.0,0.0,,,,,,0.0,,,,,,Do_217_E-4
bb-1,10.0,100.0,3.0,3.0,10.1,10.1,2.0,0.0,0.0,0.0,1.0,1.0,0.0,,,,,,BB-1
it_c1_ariete,10.0,100.0,0.0,0.0,3.0,3.0,23.0,50.0,0.0,0.0,1.0,1.0,0.0,,,,,,Ariete
do_217m_1,10.0,100.0,0.0,0.0,6.8,6.8,14.0,50.0,0.0,0.0,2.5,2.5,0.0,,,,,,Do_217_M-1
saab_b18b,10.0,100.0,0.0,,6.4,,17.0,,,,,,0.0,,,,,,B18B
jp_m42_duster,10.0,,,,,,151.0,58.06,0.44,0.42,1.51,1.24,0.0,,,,,,M42
it_c1_ariete_pso,10.0,,,,,,94.0,81.67,0.0,0.0,3.41,2.37,0.0,,,,,,Ariete_PSO
ju-87d-5,10.0,,,1.0,,1.3,1.0,,,0.0,,2.0,0.0,,,,,,Ju_87_D-5
bf-109z,10.0,,,,,,19.0,0.0,1.0,1.59,2.0,0.82,0.0,,,,,,Bf_109_Z-1
f6f-5n_france,10.0,100.0,1.0,1.0,1.0,1.0,28.0,,,0.0,,2.69,6.0,,,5.0,,1.0,F6F-5N
lagg-3-34,10.0,100.0,2.6,2.6,0.0,0.0,0.0,,,,,,0.0,,,,,,LaGG-3-34
it_otobreda_sidam_25_mistral,10.0,,,,,,16.0,50.0,0.5,0.5,0.0,0.0,0.0,,,,,,SIDAM_25_(Mistral)
cn_ztz_96b,10.0,50.0,0.0,0.0,1.8,1.8,296.0,70.04,0.0,0.0,2.49,2.25,0.0,,,,,,ZTZ96B
yak-15_early,10.0,,,2.0,,0.0,58.0,92.86,2.99,2.62,0.4,0.59,0.0,,,,,,Yak-15P
bf-109g-6,10.0,,,7.2,,0.0,179.0,60.89,4.0,4.52,0.7,0.87,0.0,,,,,,Bf_109_G-6
it_leopard_1a2,10.0,50.0,0.0,0.0,1.0,1.0,108.0,39.25,0.0,0.0,2.06,1.06,0.0,,,,,,Leopard_1A2
sw_pvkv_iv,10.0,,,0.0,,1.0,15.0,,,,,,0.0,,,,,,Pvkv_IV
fr_amx_30_b2_brenus,10.0,100.0,0.0,0.0,3.0,3.0,317.0,60.88,0.0,0.0,2.43,1.79,0.0,,,,,,AMX-30B2_BRENUS
fr_m3a3_stuart,10.0,,,,,,45.0,100.0,0.0,0.0,1.73,1.0,0.0,,,,,,M3A3_Stuart
it_of_40_mk_1,10.0,0.0,0.0,0.0,1.0,1.1,145.0,67.37,0.0,0.0,2.25,2.06,0.0,,,,,,OF-40
fr_amx_13_dca_40,10.0,100.0,0.0,0.0,1.0,0.67,300.0,54.36,0.03,0.03,1.46,0.93,0.0,,,,,,AMX-13_DCA_40
jp_type_95_so_ki,10.0,0.0,1.0,1.0,0.0,0.0,8.0,,,,,,0.0,,,,,,So-Ki
sw_ikv_91,10.0,50.0,0.0,0.0,0.5,0.5,331.0,46.18,0.0,0.0,1.68,1.18,0.0,,,,,,Ikv_91
f3f-2,10.0,,,0.0,,0.0,0.0,,,,,,0.0,,,,,,F3F-2
ki_44_1_ep,10.0,,,1.0,,0.0,10.0,,,0.0,,0.0,0.0,,,,,,Ki-44-I_34
fr_somua_s35,10.0,,,0.0,,3.0,17.0,,,0.0,,1.0,0.0,,,,,,S.35
i-16_type28,9.0,,,4.0,,1.0,0.0,,,,,,0.0,,,,,,I-16_type_28
su-8,9.0,100.0,0.86,0.86,4.43,4.43,0.0,,,,,,0.0,,,,,,Su-8
tu-2_early,9.0,,,0.0,,3.0,4.0,100.0,0.5,1.0,2.5,5.0,0.0,,,,,,Tu-2
pe-2-1,9.0,100.0,0.14,0.14,3.86,3.86,19.0,,,0.0,,0.0,0.0,,,,,,Pe-2-1
jp_type_2_ho_ni_2,9.0,,,0.0,,2.0,11.0,0.0,0.0,0.0,0.0,0.0,0.0,,,,,,Ho-Ni_II
fr_jaguar_ebrc,9.0,50.0,0.5,0.5,2.5,2.5,609.0,46.36,0.06,0.06,1.12,1.0,0.0,,,,,,EBRC_Jaguar
fw-190a-8_usa,9.0,,,1.0,,0.0,48.0,66.67,0.7,1.0,1.0,1.5,0.0,,,,,,Fw_190_A-8
ki_100_early,9.0,,,,,,108.0,80.0,1.58,0.99,9.45,5.93,9.0,100.0,0.0,0.0,1.0,1.0,Ki-100
us_m1_abrams_kvt,9.0,0.0,0.0,0.0,1.0,1.0,1726.0,53.65,0.0,0.0,3.08,2.52,0.0,,,,,,M1_KVT
spitfire_ix_usa,9.0,,,1.0,,0.0,224.0,68.62,1.15,2.03,0.96,1.71,22.0,,,,,,Spitfire_LF_Mk_IXc
fr_1_fireball,9.0,,,1.0,,0.0,182.0,58.4,0.72,0.79,1.73,1.81,0.0,,,,,,FR-1_Fireball
germ_pzkpfw_38t_ausf_A,9.0,100.0,0.0,,0.0,,0.0,,,,,,0.0,,,,,,Pz.38(t)_A
p-47m-1-re,9.0,,,,,,93.0,74.73,0.4,0.56,2.08,2.91,0.0,,,,,,P-47M-1-RE
p-51c-10-nt,9.0,,,3.0,,0.0,74.0,43.55,0.86,1.19,0.54,0.89,0.0,,,,,,P-51C-10
xf5u_1,9.0,,,,,,70.0,52.56,1.08,0.83,0.74,0.55,0.0,,,,,,XF5U-1
jp_st_b1,9.0,,,0.0,,0.0,95.0,59.26,0.0,0.0,2.84,2.2,0.0,,,,,,STB-2
ju-88a-4_finland,9.0,0.0,0.0,0.0,1.22,1.22,0.0,,,,,,0.0,,,,,,Ju_88_A-4
germ_pzkpfw_II_ausf_H,8.0,100.0,0.0,0.0,10.0,10.0,55.0,50.0,0.0,0.0,2.0,1.71,0.0,,,,,,Pz.II_H
i-153_m62_china,8.0,100.0,5.0,4.13,2.0,2.0,0.0,,,,,,0.0,,,,,,I-153_M-62_(China)
f-84b,8.0,100.0,1.0,1.0,5.0,4.38,44.0,35.3,0.69,0.86,1.93,2.71,3.0,,,,,,F-84B-26
ussr_is_7,8.0,100.0,0.0,,7.0,,66.0,88.24,0.0,0.0,9.0,7.97,0.0,,,,,,IS-7
cw_21,8.0,100.0,2.0,2.0,1.0,1.0,0.0,,,,,,0.0,,,,,,CW-21
h-75m_china,8.0,100.0,3.13,3.13,0.0,0.0,2.0,,,1.0,,0.0,0.0,,,,,,H-75M_(China)
us_t86,8.0,,,0.0,,4.0,75.0,59.14,0.0,0.0,2.28,1.73,0.0,,,,,,T86
ki_43_3_ko,8.0,100.0,3.0,3.0,0.0,0.0,0.0,,,,,,0.0,,,,,,Ki-43-III_ko_(China)
us_lvt_a1_m24,8.0,,,,,,10.0,,,0.0,,3.0,0.0,,,,,,LVT(A)(1)_(M24)
ussr_9a33bm3,8.0,,,,,,28.0,,,0.7,,0.0,0.0,,,,,,Оса-АКМ
bf-109f-1,8.0,100.0,8.0,,0.0,,44.0,,,1.52,,0.0,0.0,,,,,,Bf_109_F-1
uk_a30_sp_avenger,8.0,,,,,,151.0,71.8,0.0,0.0,4.41,4.62,0.0,,,,,,Avenger
b_34,8.0,,,,,,0.0,,,,,,0.0,,,,,,B-34
fw-190a-5,8.0,,,2.0,,0.0,13.0,,,,,,0.0,,,,,,Fw_190_A-5/U12
ki_61_1a_hei,8.0,,,2.0,,0.0,15.0,,,,,,9.0,,,,,,Ki-61-I_hei
uk_fv221_caernarvon,8.0,,,0.0,,1.0,119.0,45.02,0.0,0.0,0.79,0.91,0.0,,,,,,Caernarvon
fr_amx_30_dca,8.0,,,,,,271.0,41.61,0.28,0.19,1.1,0.71,0.0,,,,,,AMX-30_DCA
uk_a30_sp_avenger_kit_3rank,8.0,,,0.0,,2.0,116.0,83.34,0.0,0.0,4.02,3.05,0.0,,,,,,Avenger_(Overlord)
fokker_d21_serie3_finland,8.0,,,,,,8.0,,,,,,0.0,,,,,,Fokker_D.XXI-3
cn_ztz_96a_prot,8.0,50.0,0.0,0.0,0.5,1.0,299.0,50.55,0.0,0.0,2.48,1.73,0.0,,,,,,ZTZ96A_(P)
germ_thyssen_henschel_tam_2c,8.0,50.0,0.0,0.0,0.5,1.0,200.0,47.82,0.0,0.0,1.43,1.37,3.0,,,0.0,,0.0,TAM_2C
jp_type_74,8.0,,,0.0,,2.0,442.0,58.65,0.0,0.0,2.59,2.33,0.0,,,,,,Type_74_(E)
fr_m55,8.0,,,,,,0.0,,,,,,0.0,,,,,,M55
uk_crusader_mk_2_the_saint,8.0,,,,,,34.0,100.0,0.0,0.0,2.61,2.44,0.0,,,,,,"Crusader_""The_Saint"""
germ_leopard_2a4,8.0,,,0.0,,0.13,1386.0,43.22,0.0,0.0,1.39,1.19,34.0,50.0,0.0,0.0,0.63,0.68,Leopard_2A4
bf_109t_2,8.0,,,,,,0.0,,,,,,0.0,,,,,,Bf_109_T-2
re_2001_serie1_ep,7.0,100.0,3.29,3.29,0.29,0.29,0.0,,,,,,0.0,,,,,,Re.2001_gruppo_22
tandem_mai,7.0,100.0,1.0,1.0,2.29,3.0,0.0,,,,,,0.0,,,,,,Tandem_MAI
mc-202_d,7.0,,,,,,0.0,,,,,,0.0,,,,,,C._202D
ussr_to_55,7.0,,,,,,300.0,49.56,0.0,0.0,4.45,2.47,0.0,,,,,,TO-55
mosquito_fb_mk6_norway,7.0,,,1.71,,4.0,0.0,,,,,,0.0,,,,,,◢Mosquito_FB.Mk.VI
lagg-3-23,7.0,100.0,2.0,2.0,1.0,1.0,0.0,,,,,,0.0,,,,,,LaGG-3-23
lagg-3-66,7.0,,,,,,0.0,,,,,,0.0,,,,,,LaGG-3-66
vl_myrsky_2_late,7.0,,,,,,21.0,84.72,0.15,0.15,0.31,0.31,0.0,,,,,,VL_Myrsky_II
d_520_france,7.0,100.0,1.0,1.0,1.0,1.0,60.0,81.89,1.26,1.38,0.0,0.0,0.0,,,,,,D.520
us_m1_ip_abrams,7.0,,,0.0,,1.0,623.0,48.75,0.0,0.0,2.23,2.08,0.0,,,,,,IPM1
us_skink_aa,7.0,,,,,,285.0,45.75,1.07,1.25,0.0,0.0,0.0,,,,,,Skink
yak-9ut,7.0,,,,,,568.0,68.62,0.64,0.67,2.3,2.34,16.0,100.0,0.0,0.0,1.0,1.0,Yak-9UT
f_100f_china,7.0,,,,,,15.0,100.0,1.0,1.0,0.0,0.0,0.0,,,,,,F-100F_(China)
p-47d_22_re_france,7.0,,,1.0,,0.0,71.0,78.26,0.12,0.18,1.62,1.96,0.0,,,,,,P-47D-22-RE
ussr_2s25m,7.0,,,,,,1000.0,48.78,0.0,0.0,1.48,1.19,13.0,,,0.0,,1.0,2S25M
a7m1,7.0,,,1.86,,0.0,149.0,78.0,2.15,2.42,1.56,1.85,5.0,,,2.0,,0.0,A7M1_(NK9H)
su-7bkl,7.0,,,0.0,,1.0,34.0,5.0,0.0,0.0,1.05,0.98,0.0,,,,,,Su-7BKL
harrier_t10,7.0,12.5,0.88,0.67,1.0,1.17,109.0,53.01,0.26,0.32,1.4,2.25,0.0,,,,,,Harrier_T.10
cn_pgz_09,7.0,,,,,,180.0,62.26,0.98,0.91,0.64,0.59,0.0,,,,,,PGZ09
ussr_isu_122s,7.0,0.0,0.0,0.0,1.0,1.0,9.0,,,0.0,,2.0,0.0,,,,,,ISU-122S
us_m901_itv,7.0,,,0.0,,0.0,34.0,,,0.0,,2.38,0.0,,,,,,M901
f-5a_thailand,6.0,66.67,0.3,0.4,5.3,6.4,41.0,66.67,0.7,1.0,0.3,0.5,0.0,,,,,,F-5A
me-262a-1a,6.0,100.0,4.0,,0.0,,16.0,50.0,0.0,0.0,0.0,0.0,0.0,,,,,,Me_262_A-1a
a_7e,6.0,100.0,0.0,0.0,3.0,2.83,21.0,100.0,0.0,0.0,1.76,1.76,0.0,,,,,,A-7E
ki-27_otsu,6.0,,,,,,0.0,,,,,,0.0,,,,,,Ki-27_otsu
f-84f_france,6.0,100.0,0.0,0.0,3.33,3.33,2.0,,,,,,0.0,,,,,,F-84F
us_t95,6.0,50.0,0.0,0.0,1.0,2.0,43.0,28.57,0.0,0.0,3.29,4.32,0.0,,,,,,T95
uk_cruiser_ram_1,6.0,,,0.0,,1.67,39.0,100.0,0.0,0.0,4.77,3.07,0.0,,,,,,Ram_I
sb2u-2,6.0,,,0.0,,1.0,0.0,,,,,,0.0,,,,,,SB2U-2
us_m46_patton,6.0,,,,,,367.0,59.68,0.0,0.0,3.44,3.02,0.0,,,,,,M46
fr_amx_50_1950,6.0,,,0.0,,1.17,83.0,62.78,0.0,0.0,3.34,2.45,37.0,38.64,0.0,0.0,1.39,2.05,AMX-50_(TO90/930)
fr_amx_elc_bis,6.0,,,0.0,,2.0,168.0,56.03,0.0,0.0,1.51,1.04,0.0,,,,,,ELC_bis
us_t32,6.0,0.0,0.0,0.0,1.0,1.0,264.0,62.4,0.0,0.0,6.0,2.55,0.0,,,,,,T32
fr_amd_35,6.0,,,,,,20.0,,,0.0,,1.76,0.0,,,,,,AMD.35
il_2_37_1943,6.0,,,,,,0.0,,,,,,0.0,,,,,,IL-2-37
f-8e,6.0,100.0,2.0,2.0,0.0,0.0,0.0,,,,,,0.0,,,,,,F-8E
sw_stormpjas_fm43_44,6.0,,,,,,0.0,,,,,,0.0,,,,,,Spj_fm/43-44
f-86k_late,6.0,,,,,,43.0,,,1.0,,0.35,0.0,,,,,,F-86K
sw_strv_103a,6.0,,,,,,187.0,46.96,0.0,0.0,2.71,1.99,8.0,,,0.0,,1.0,Strv_103A
tornado_gr1,6.0,62.5,0.63,1.0,0.0,0.0,82.0,50.0,0.0,0.0,1.21,2.42,0.0,,,,,,Tornado_GR.1
ussr_buk_m3_fcs,6.0,,,,,,90.0,84.68,0.73,0.26,0.0,0.0,0.0,,,,,,"9К317М_""БУК-М3""_(СОЦ)"
fr_arl_44_acl1,6.0,,,0.0,,0.0,94.0,,,0.0,,1.09,0.0,,,,,,ARL-44_(ACL-1)
yak_1_litvyak,5.0,100.0,5.0,,0.0,,0.0,,,,,,0.0,,,,,,Як-1_Литвяк
il-2m_mstitel,5.0,,,0.0,,8.4,2.0,100.0,1.0,1.0,3.0,3.0,0.0,,,,,,"IL-2M_""Avenger"""
us_m4_sherman_promo,5.0,100.0,0.0,0.0,7.0,7.0,3.0,,,0.0,,2.0,0.0,,,,,,M4
ussr_t_34_85_zis_53_kit_3rank,5.0,100.0,0.0,0.0,6.8,6.8,245.0,42.14,0.0,0.0,1.72,1.51,0.0,,,,,,Т-34-85_('45)
f4f-3,5.0,,,0.6,,2.0,16.0,,,1.0,,0.0,0.0,,,,,,F4F-3
b-17g_iaf,5.0,,,0.0,,4.0,0.0,,,,,,0.0,,,,,,B-17G_(Israel)
a_7d,5.0,,,0.0,,1.0,59.0,95.0,1.3,1.3,2.85,2.85,0.0,,,,,,A-7D
f_111f,5.0,,,0.0,,2.0,54.0,67.2,0.87,2.71,1.79,2.86,9.0,,,0.0,,0.11,F-111F
il-2i,5.0,100.0,0.4,0.4,7.0,7.0,14.0,50.0,0.0,0.0,1.5,3.0,9.0,,,0.0,,1.0,IL-2_(1942)
pyorremyrsky,5.0,,,9.0,,0.0,110.0,100.0,4.7,6.25,3.22,4.22,0.0,,,,,,VL_Pyörremyrsky
a6m5hei,5.0,,,1.0,,0.0,7.0,100.0,2.0,2.0,3.0,3.0,0.0,,,,,,A6M5_Hei
sw_bkan_1c,5.0,0.0,1.0,,0.0,,315.0,28.02,0.04,0.04,1.43,1.29,0.0,,,,,,Bkan_1C
us_m109a1,5.0,,,0.0,,1.0,113.0,36.67,0.0,0.0,1.0,0.54,0.0,,,,,,M109A1
cn_type_63_I,5.0,100.0,0.0,0.0,2.4,2.4,112.0,30.43,0.0,0.0,1.17,0.55,0.0,,,,,,Type_63-I
ussr_smk,5.0,,,,,,0.0,,,,,,0.0,,,,,,SMK
uk_a27m_cromwell_1,5.0,,,,,,95.0,93.7,0.0,0.0,4.39,5.03,0.0,,,,,,Cromwell_I
la-11_china,5.0,,,,,,20.0,,,2.0,,0.0,0.0,,,,,,La-11_(China)
yak-9p_hungary,5.0,,,,,,14.0,,,,,,0.0,,,,,,◔Yak-9P
tbf-1c,5.0,,,0.0,,1.0,0.0,,,,,,0.0,,,,,,TBF-1C
germ_kanonenjagdpanzer,5.0,100.0,0.0,0.0,1.0,1.0,78.0,50.0,0.0,0.0,1.0,0.7,0.0,,,,,,JPz_4-5
wellington_mk1c_late,5.0,,,0.0,,0.0,0.0,,,,,,0.0,,,,,,Wellington_Mk_Ic/L
cn_wz_305,5.0,,,,,,269.0,61.63,0.75,0.36,2.42,1.18,0.0,,,,,,WZ305
f_16a_block_15_adf_italy,4.0,,,,,,14.0,50.0,0.5,1.0,0.5,1.0,0.0,,,,,,F-16A_ADF
bf-109g-2_hungary,4.0,,,4.5,,0.0,1.0,,,,,,0.0,,,,,,◐Bf_109_G-2
uk_challenger_mk_3,4.0,100.0,0.0,0.0,3.5,3.5,267.0,53.61,0.0,0.0,2.12,1.93,0.0,,,,,,Challenger_Mk.3
douglas_ad_4,4.0,,,0.0,,3.0,84.0,50.0,0.5,0.23,2.08,1.3,0.0,,,,,,AD-4
il-10,4.0,,,1.0,,3.5,35.0,100.0,0.0,0.0,8.0,3.11,0.0,,,,,,IL-10
pe-2-110,4.0,,,0.0,,2.0,0.0,,,,,,0.0,,,,,,Pe-2-110
me_210ca_1_40_mm_hungary,4.0,,,1.0,,2.0,12.0,,,0.0,,0.0,0.0,,,,,,◔Me_210_Ca-1_36.M
uk_t_90s_bheeshma,4.0,100.0,0.0,0.0,2.5,2.5,287.0,74.89,0.0,0.0,4.24,2.13,0.0,,,,,,Bhishma_TWMP
germ_flakpanzer_IV_Ostwind_2,4.0,0.0,1.0,1.0,0.0,0.0,378.0,28.03,0.67,0.53,0.24,0.19,0.0,,,,,,Ostwind_II
fr_amx_30,4.0,,,0.0,,2.0,7.0,66.67,0.0,0.0,0.7,1.38,0.0,,,,,,AMX-30
ju-87d-3_italy,4.0,,,,,,0.0,,,,,,0.0,,,,,,Ju_87_D-3
fr_leclerc_s2,4.0,,,0.0,,2.0,71.0,52.78,0.0,0.0,2.72,1.13,0.0,,,,,,Leclerc_S2
sm_79_1943_italy,4.0,100.0,0.0,0.0,1.0,1.0,0.0,,,,,,0.0,,,,,,S.M.79_bis/T.M
er-2_m105r_lu2b,4.0,,,,,,7.0,,,,,,0.0,,,,,,Yer-2_(M-105R)_LU
cn_m10,4.0,,,0.0,,0.5,13.0,,,0.0,,1.25,0.0,,,,,,M10_GMC_(China)
germ_pzkpfw_38t_Marder_III,4.0,,,,,,0.0,,,,,,0.0,,,,,,Marder_III
uk_t17e2,4.0,,,,,,0.0,,,,,,0.0,,,,,,Staghound_AA
cn_m55,4.0,,,,,,0.0,,,,,,0.0,,,,,,M55_(China)
ffvs_j22_a,4.0,,,,,,27.0,100.0,0.0,0.0,0.0,0.0,0.0,,,,,,J22-A
ussr_bmp_2,4.0,,,,,,586.0,52.35,0.0,0.0,1.38,0.92,19.0,100.0,0.0,0.0,1.0,1.0,BMP-2
fokker_d21_mod20,4.0,,,,,,0.0,,,,,,0.0,,,,,,Fokker_D.XXI
f1,4.0,,,1.0,,0.0,5.0,100.0,4.0,4.0,0.0,0.0,0.0,,,,,,F-1
morko_morane,4.0,,,,,,29.0,57.69,0.96,1.5,0.58,0.9,0.0,,,,,,Mörkö-Morane
fr_leclerc_s1,4.0,,,,,,175.0,41.53,0.0,0.0,2.0,1.71,0.0,,,,,,Leclerc
sm_79_1941_italy,4.0,100.0,0.0,0.0,1.0,1.0,0.0,,,,,,0.0,,,,,,S.M.79_AS
su-6_am42,4.0,,,,,,29.0,100.0,0.0,0.29,1.5,0.9,0.0,,,,,,Su-6_(AM-42)
b_25j_1,4.0,,,,,,0.0,,,,,,0.0,,,,,,B-25J-1
f_111c_raaf,4.0,,,,,,14.0,0.0,0.0,0.0,0.0,0.86,0.0,,,,,,F-111C
cn_m4a4_sherman,4.0,,,0.0,,0.0,17.0,,,0.0,,2.38,0.0,,,,,,M4A4_(China)
spitfire_mk14e,4.0,,,,,,60.0,83.34,1.54,1.71,1.12,1.29,0.0,,,,,,Spitfire_F_Mk_XIVe
cn_m24_chaffee,4.0,,,0.0,,0.0,49.0,100.0,0.0,0.0,3.71,1.34,0.0,,,,,,M24_(China)
su_30mkm,3.0,100.0,7.0,,0.0,,422.0,60.48,0.98,1.12,1.25,1.48,0.0,,,,,,Su-30MKM
f-5e_fcu_thailand,3.0,66.67,0.7,0.7,7.0,7.0,224.0,73.8,1.93,1.58,1.7,1.38,0.0,,,,,,F-5E_FCU
alpha_jet_a_thailand,3.0,66.67,0.0,0.0,4.0,6.0,281.0,69.02,0.35,0.27,2.79,2.26,0.0,,,,,,Alpha_Jet_A
it_m15_42_contraereo,3.0,,,,,,261.0,43.87,2.03,1.47,0.25,0.16,0.0,,,,,,M42_Contraereo
f-80a,3.0,100.0,1.0,,1.0,,62.0,0.0,2.22,1.82,1.87,1.93,0.0,,,,,,F-80A-5
ussr_t_26_1940,3.0,100.0,0.0,0.0,2.67,2.67,0.0,,,,,,0.0,,,,,,T-26
ef_2000_typhoon_aesa,3.0,,,2.0,,0.0,347.0,73.41,2.01,2.58,0.17,0.21,0.0,,,,,,Typhoon_(AESA)
meteor_nfmk13,3.0,,,1.0,,1.0,23.0,100.0,3.1,,3.14,,0.0,,,,,,Meteor_NF.13_(Israel)
ussr_su_5_1,3.0,0.0,0.0,0.0,2.0,2.0,0.0,,,,,,0.0,,,,,,SU-5-1
jp_type_97_chi_ha_12cm,3.0,,,,,,0.0,,,,,,0.0,,,,,,Chi-Ha_Short_Gun
ef_2000_fgr4,3.0,,,2.0,,0.0,69.0,41.94,0.9,1.24,0.0,0.0,0.0,,,,,,Typhoon_FGR.4
p-51d-10,3.0,100.0,1.0,,0.0,,77.0,38.64,2.32,2.32,0.86,0.86,4.0,,,4.0,,0.0,P-51D-10
md_450b_ouragan_iaf,3.0,,,1.0,,0.0,30.0,,,1.0,,0.0,0.0,,,,,,M.D.450B_Ouragan_(Israel)
germ_flakpanzer_I_ausf_A,3.0,0.0,0.0,,2.33,,32.0,,,0.0,,1.43,0.0,,,,,,Flakpanzer_I
fr_lorraine_100,3.0,100.0,0.0,0.0,2.0,2.0,71.0,56.0,0.0,0.0,0.72,0.81,0.0,,,,,,CA_Lorraine
uk_a_34_comet,3.0,50.0,0.0,0.0,1.5,3.0,60.0,54.76,0.0,0.0,2.59,3.55,0.0,,,,,,Comet_I
jp_type_5_chi_ri,3.0,,,0.0,,2.0,161.0,51.08,0.0,0.0,3.43,2.45,15.0,0.0,0.0,0.0,1.0,1.0,Chi-Ri_II
saab_j21a_1,3.0,,,1.0,,0.0,27.0,,,1.13,,0.91,0.0,,,,,,J21A-1
saab_a21a_3,3.0,,,1.0,,0.0,125.0,52.33,0.4,0.32,0.87,0.81,0.0,,,,,,A21A-3
it_m60a1_ariete,3.0,,,0.0,,1.0,0.0,,,,,,0.0,,,,,,"M60A1_""D.C.Ariete"""
do_335a_0,3.0,100.0,2.5,2.5,0.0,0.0,0.0,,,,,,0.0,,,,,,Do_335_A-0
n1k1_ja,3.0,,,,,,0.0,,,,,,0.0,,,,,,N1K1-Ja
sw_ikv_103,3.0,50.0,0.0,0.0,0.83,1.67,68.0,31.37,0.0,0.0,0.89,1.1,0.0,,,,,,Ikv_103
jp_type_74_c,3.0,,,0.0,,1.0,132.0,70.71,0.0,0.0,5.8,3.86,0.0,,,,,,Type_74_(C)
ju-88a-4,2.0,,,0.0,,3.0,0.0,,,,,,0.0,,,,,,Ju_88_A-4
us_lav_ad,2.0,,,,,,858.0,53.13,0.29,0.25,0.58,0.49,0.0,,,,,,LAV-AD
ki_43_1,2.0,100.0,3.0,3.0,1.0,1.0,0.0,,,,,,0.0,,,,,,Ki-43-I
jp_type_3_ho_ni_III,2.0,,,,,,19.0,100.0,0.0,0.0,4.0,1.89,0.0,,,,,,Ho-Ni_III
germ_flakpanzer_zerstorer_45,2.0,,,,,,150.0,36.83,0.59,0.64,0.35,0.38,0.0,,,,,,Zerstörer_45
j1n1_mod11_early,2.0,100.0,2.0,2.0,2.0,2.0,0.0,,,,,,0.0,,,,,,J1N1
fw-190d-12,2.0,,,1.0,,1.0,0.0,,,,,,6.0,0.0,3.0,,0.0,,Fw_190_D-12
he51b1,2.0,,,,,,0.0,,,,,,0.0,,,,,,He_51_B-1
p-47d_luftwaffe,2.0,50.0,1.0,2.0,0.5,1.0,0.0,,,,,,0.0,,,,,,P-47D
he_112v_5,2.0,,,1.5,,0.0,0.0,,,,,,0.0,,,,,,He_112_V-5
ki_43_2_late,2.0,100.0,2.0,2.0,0.0,0.0,16.0,,,1.0,,1.81,0.0,,,,,,Ki-43-II
pb4y-2,2.0,,,0.0,,1.0,0.0,,,,,,0.0,,,,,,PB4Y-2
yak-9p,2.0,100.0,3.0,3.0,0.0,0.0,37.0,63.89,2.51,,1.08,,0.0,,,,,,Yak-9P
re_2005_serie0,2.0,,,,,,15.0,,,,,,29.0,50.0,2.0,3.81,0.0,0.0,Re.2005_serie_0
sw_tgdgb_m40_lv,2.0,,,1.0,,0.0,45.0,0.0,1.0,0.15,3.0,1.6,0.0,,,,,,Lvtdgb_m/40
yak-30d,2.0,,,,,,0.0,,,,,,0.0,,,,,,Yak-30D
us_m551_76,2.0,,,0.0,,1.0,335.0,57.69,0.0,0.0,2.15,1.64,0.0,,,,,,M551(76)
mig-21_f13,2.0,,,1.0,,0.0,37.0,50.0,1.5,3.0,0.0,0.0,0.0,,,,,,MiG-21F-13
us_t55e1,2.0,,,0.0,,1.0,99.0,80.16,0.0,0.0,5.69,2.74,0.0,,,,,,T55E1
uk_a30_challenger,2.0,50.0,0.0,0.0,1.5,3.0,105.0,61.83,0.0,0.0,3.13,2.15,0.0,,,,,,Challenger
j8m1,2.0,100.0,0.0,0.0,1.0,1.0,54.0,58.0,1.36,5.6,0.26,1.0,0.0,,,,,,Ki-200
us_m60a2,2.0,100.0,0.0,0.0,2.0,2.0,105.0,100.0,0.0,0.0,4.5,1.87,0.0,,,,,,M60A2
su-7b,2.0,,,0.0,,0.0,35.0,21.15,0.79,0.79,0.81,0.81,0.0,,,,,,Su-7B
mig-17_f5,2.0,,,,,,25.0,100.0,5.5,5.5,3.0,3.0,0.0,,,,,,Shenyang_F-5
sm_91,2.0,,,,,,40.0,,,0.0,,0.59,0.0,,,,,,SM.91
us_m50_ontos,2.0,,,0.0,,1.0,82.0,29.17,0.0,0.0,2.51,1.48,0.0,,,,,,M50
sw_strv_81,2.0,100.0,0.0,0.0,1.0,1.0,111.0,72.06,0.0,0.0,1.65,1.05,0.0,,,,,,Strv_81
sw_zsu_57_2,2.0,,,,,,218.0,28.0,0.0,0.0,1.85,1.17,0.0,,,,,,ZSU-57-2
uk_valentine_mk_9,1.0,100.0,0.0,,5.0,,13.0,,,0.0,,2.0,0.0,,,,,,Valentine_IX
mig_23bn,1.0,,,,,,22.0,50.0,0.07,0.07,1.34,2.56,0.0,,,,,,◊MiG-23BN
fokker_d23,1.0,,,2.0,,0.0,0.0,,,,,,0.0,,,,,,◗Fokker_D.XXIII
p-40f-5_france_ep,1.0,,,3.0,,1.0,0.0,,,,,,0.0,,,,,,P-40F-5_Lafayette
l_39za,1.0,,,1.0,,2.0,64.0,97.5,0.0,0.0,2.38,1.94,6.0,,,0.0,,0.0,L-39ZA_Albatros
f-86f-40_japan,1.0,100.0,0.0,0.0,2.0,2.0,87.0,66.13,1.25,3.23,0.85,2.16,0.0,,,,,,F-86F-40_
ussr_t_90m_arena_m,1.0,,,0.0,,2.0,209.0,39.08,0.0,0.0,1.89,1.43,0.0,,,,,,Т-90М_(Арена-М)
ju-88c-6,1.0,,,,,,0.0,,,,,,0.0,,,,,,Ju_88_C-6
us_m42_duster,1.0,,,1.0,,1.0,377.0,50.96,0.15,0.16,0.98,1.01,0.0,,,,,,M42
ms_410c1,1.0,,,,,,0.0,,,,,,0.0,,,,,,M.S.410
seafire_mk3_france,1.0,,,,,,13.0,100.0,1.0,0.36,1.0,1.18,0.0,,,,,,Seafire_LF_Mk.III
il_zsu_23_4,1.0,100.0,1.0,1.0,0.0,0.0,83.0,60.78,0.45,0.66,0.0,0.0,0.0,,,,,,ZSU-23-4_(Israel)
it_zsu_23_4,1.0,0.0,1.0,1.0,0.0,0.0,61.0,66.67,0.35,0.35,0.04,0.02,0.0,,,,,,◔ZSU-23-4
f2a-3,1.0,,,,,,0.0,,,,,,0.0,,,,,,F2A-3
us_m10_booker_late,1.0,,,0.0,,1.0,839.0,57.35,0.0,0.0,1.44,1.35,0.0,,,,,,M10_Booker
it_vcc_80_hitfist_60,1.0,0.0,0.0,0.0,0.0,0.0,174.0,58.13,0.0,0.0,1.1,1.06,8.0,,,0.0,,1.0,VCC-80/60
it_b1_centauro,1.0,,,,,,465.0,61.21,0.0,0.0,1.45,1.25,8.0,0.0,0.0,0.0,1.0,1.0,Centauro_I_105
harrier_gr1,1.0,100.0,1.0,1.0,1.0,1.0,46.0,56.25,0.41,0.45,0.63,1.08,0.0,,,,,,Harrier_GR.1
am_1_mauler,1.0,0.0,0.0,,0.0,,54.0,92.96,0.01,0.01,2.77,2.22,0.0,,,,,,AM-1
jp_type_16,1.0,,,,,,267.0,61.02,0.0,0.0,2.32,1.84,0.0,,,,,,Type_16
b6n1,0.0,,,,,,23.0,100.0,0.0,,1.0,,0.0,,,,,,B6N1_Model_11
hp52_hampden_tbmk1_ussr_utk1,0.0,,,,,,0.0,,,,,,0.0,,,,,,Hampden_TB_Mk_I
d4y2,0.0,,,,,,0.0,,,,,,0.0,,,,,,D4Y2
ki_32,0.0,,,,,,0.0,,,,,,0.0,,,,,,Ki-32
p-61a_1,0.0,,,,,,28.0,100.0,1.0,0.42,2.36,1.37,0.0,,,,,,P-61A-11
db_7,0.0,,,,,,0.0,,,,,,0.0,,,,,,DB-7
b5n2,0.0,,,,,,0.0,,,,,,0.0,,,,,,B5N2
ki_21_1ko,0.0,,,,,,0.0,,,,,,0.0,,,,,,Ki-21-Ia
f-84g_thailand,0.0,,,,,,39.0,73.02,0.45,0.86,1.91,3.0,0.0,,,,,,F-84G-21-RE
p-39q_25_france,0.0,,,,,,3.0,,,,,,0.0,,,,,,P-39Q-25
ussr_object_248,0.0,,,,,,28.0,46.67,0.0,0.0,2.93,2.07,0.0,,,,,,Object_248
germ_pzkpfw_Maus,0.0,,,,,,520.0,46.79,0.0,0.0,5.05,4.48,8.0,,,,,,Maus
cn_m42_duster,0.0,,,,,,15.0,0.0,0.0,0.0,1.0,1.0,0.0,,,,,,M42_(China)
b-29,0.0,,,,,,0.0,,,,,,6.0,,,,,,B-29A-BN
spitfire_lf_mk9c_cw_greece,0.0,,,,,,117.0,83.76,0.86,0.66,0.66,0.48,0.0,,,,,,Spitfire_LF_Mk.IXc_(CW)
yak-9t_france,0.0,,,,,,0.0,,,,,,0.0,,,,,,Challe's_Yak-9T
uk_a_13_mk2_1939,0.0,,,,,,0.0,,,,,,0.0,,,,,,A13_Mk_II_1939
f_16a_block_10_iaf,0.0,,,,,,3.0,,,1.0,,1.0,0.0,,,,,,Netz
ki-45_ko,0.0,,,,,,0.0,,,,,,0.0,,,,,,Ki-45_ko
it_t_72m1,0.0,,,,,,338.0,73.34,0.0,0.0,3.38,3.08,0.0,,,,,,◔T-72M1
harrier_frs1_early,0.0,,,,,,0.0,,,,,,0.0,,,,,,Sea_Harrier_FRS.1_(e)
sbd-3,0.0,,,,,,0.0,,,,,,0.0,,,,,,SBD-3
beaufighter_mk6c,0.0,,,,,,0.0,,,,,,0.0,,,,,,Beaufighter_Mk_VIc
fr_vbci2_mct30,0.0,,,,,,71.0,43.83,0.0,0.0,0.38,0.57,0.0,,,,,,VBCI-2_(MCT30)
mc-202_ec,0.0,,,,,,61.0,52.0,1.18,2.24,1.52,2.96,0.0,,,,,,C._202EC
jp_type_89,0.0,,,,,,288.0,70.86,0.0,0.0,3.67,2.2,0.0,,,,,,Type_89
germ_pz_IV_L70,0.0,,,,,,250.0,39.54,0.0,0.0,1.81,1.32,0.0,,,,,,Panzer_IV/70(V)
sea_fury_fb51,0.0,,,,,,16.0,72.73,0.73,0.69,1.18,1.31,0.0,,,,,,◘Sea_Fury_FB.51
so_4050_vautour_2a_iaf,0.0,,,,,,0.0,,,,,,0.0,,,,,,Vautour_IIA_IDF/AF
uk_a_13_mk1_3rd_rtr,0.0,,,,,,0.0,,,,,,0.0,,,,,,A13_Mk_I_(3rd_R.T.R.)
a-26b,0.0,,,,,,0.0,,,,,,0.0,,,,,,A-26B-50
he_100d_1,0.0,,,,,,0.0,,,,,,0.0,,,,,,He_100_D-1
re_2001_cn,0.0,,,,,,18.0,50.0,0.0,0.0,0.0,0.0,0.0,,,,,,Re.2001_CN
il_merkava_mk_3_raam_segol,0.0,,,,,,783.0,54.63,0.0,0.0,3.42,2.1,21.0,,,0.0,,1.29,Ra'am_Sagol
ki_10_1_commander,0.0,,,,,,0.0,,,,,,0.0,,,,,,Ki-10-I_C
uk_a_22f_mk_7_churchill_crocodile,0.0,,,,,,124.0,76.9,0.0,0.0,4.19,3.57,0.0,,,,,,Churchill_Crocodile
sm_79_1939_italy,0.0,,,,,,0.0,,,,,,0.0,,,,,,S.M.79_serie_8
xp-55,0.0,,,,,,69.0,60.61,2.07,1.57,2.34,1.97,0.0,,,,,,XP-55
su_6_single,0.0,,,,,,57.0,91.67,0.33,0.27,4.17,4.87,0.0,,,,,,Su-6
g_55_serie1,0.0,,,,,,29.0,96.43,1.86,0.63,0.96,0.94,0.0,,,,,,G.55_serie_1
a6m6c,0.0,,,,,,48.0,87.66,2.14,1.99,1.74,1.66,0.0,,,,,,A6M6c
saab_j21a_2,0.0,,,,,,0.0,,,,,,0.0,,,,,,J21A-2
bf-109b_2,0.0,,,,,,0.0,,,,,,0.0,,,,,,Bf_109_B-1
firefly_mk5,0.0,,,,,,62.0,100.0,2.05,1.29,2.18,1.4,0.0,,,,,,Firefly_FR_Mk_V
p-63c-5_kingcobra_animal_version,0.0,,,,,,252.0,68.7,0.69,0.96,2.7,3.92,0.0,,,,,,␠Kingcobra
b-17g,0.0,,,,,,21.0,,,0.0,,0.0,0.0,,,,,,B-17G-60-VE
it_ab_43,0.0,,,,,,12.0,0.0,0.0,0.0,3.0,1.93,0.0,,,,,,AB_43
ki_61_1a_ko,0.0,,,,,,0.0,,,,,,0.0,,,,,,Ki-61-I_ko
jp_type_74_f,0.0,,,,,,276.0,57.31,0.0,0.0,2.65,2.28,0.0,,,,,,Type_74_(F)
germ_flarakpz_1,0.0,,,,,,26.0,34.38,0.34,1.0,0.0,0.0,0.0,,,,,,FlaRakPz_1
pbj_1j,0.0,,,,,,0.0,,,,,,0.0,,,,,,PBJ-1J
xp-50,0.0,,,,,,115.0,53.21,1.23,1.51,0.63,0.69,9.0,,,1.0,,0.0,XP-50
jp_m60a3_tts,0.0,,,,,,25.0,100.0,0.0,0.0,6.0,3.36,0.0,,,,,,M60A3_TTS
sw_cv_90120,0.0,,,,,,169.0,50.0,0.0,0.0,2.55,2.37,0.0,,,,,,CV_90120
it_semovente_breda_501,0.0,,,,,,285.0,51.0,0.0,0.0,2.12,1.47,0.0,,,,,,Breda_501
fr_amx_vtt_dca,0.0,,,,,,31.0,,,,,,0.0,,,,,,VTT_DCA
f2a-1,0.0,,,,,,0.0,,,,,,0.0,,,,,,F2A-1
uk_m3a1_stuart,0.0,,,,,,15.0,100.0,0.0,0.0,4.0,3.4,0.0,,,,,,Stuart_III
typhoon_mk1a,0.0,,,,,,18.0,,,0.0,,0.0,0.0,,,,,,Typhoon_Mk_Ia
i-16_type24,0.0,,,,,,0.0,,,,,,0.0,,,,,,I-16_type_24
bf-109e-3,0.0,,,,,,45.0,100.0,0.0,0.3,0.0,0.3,0.0,,,,,,Bf_109_E-3
p-40e,0.0,,,,,,18.0,100.0,0.0,0.0,0.0,0.0,0.0,,,,,,P-40E-1
j6b,0.0,,,,,,0.0,,,,,,0.0,,,,,,J6B
cn_su_100_1945,0.0,,,,,,35.0,0.0,0.0,0.0,4.0,1.99,0.0,,,,,,SU-100_(China)
ta_154a_1,0.0,,,,,,12.0,0.0,1.0,1.0,0.0,0.0,0.0,,,,,,Ta_154_A-1
f2g-1,0.0,,,,,,256.0,62.21,0.79,0.65,2.12,1.76,0.0,,,,,,F2G-1
sb2c_4,0.0,,,,,,17.0,,,,,,0.0,,,,,,SB2C-4
rafale_c_f3,0.0,,,,,,174.0,80.91,2.49,3.68,0.4,0.62,0.0,,,,,,Rafale_C_F3
il_mim_72_chaparral,0.0,,,,,,53.0,100.0,0.65,1.0,0.0,0.0,0.0,,,,,,Imp.Chaparral_(Israel)
ki_84_ko,0.0,,,,,,57.0,100.0,2.75,1.69,3.33,1.63,0.0,,,,,,Ki-84_ko
germ_sdkfz_251_21,0.0,,,,,,131.0,16.95,1.02,0.94,0.14,0.1,0.0,,,,,,Sd.Kfz.251/21
rafale_m_f3r,0.0,,,,,,119.0,57.73,1.78,1.77,0.44,0.52,15.0,,,3.0,,0.0,Rafale_M_F3-R
ki-83,0.0,,,,,,7.0,,,1.86,,1.0,0.0,,,,,,Ki-83
yak-23,0.0,,,,,,3.0,,,1.0,,0.0,0.0,,,,,,Yak-23
germ_stug_III_ausf_F,0.0,,,,,,139.0,26.6,0.0,0.0,2.75,2.08,0.0,,,,,,StuG_III_F
fr_vbci,0.0,,,,,,337.0,53.54,0.0,0.0,1.94,1.66,0.0,,,,,,VBCI
cn_is_2_1943,0.0,,,,,,69.0,0.0,0.0,0.0,2.41,1.53,0.0,,,,,,IS-2_(China)
f-4f_late,0.0,,,,,,263.0,54.82,0.35,0.32,1.3,1.19,0.0,,,,,,◄F-4F
fr_pzkpfw_V_panther_dauphine,0.0,,,,,,7.0,,,,,,0.0,,,,,,Panther_«Dauphine»
md_454_mystere_4a,0.0,,,,,,1.0,,,,,,0.0,,,,,,Mystere_IVA
me-262a1_u1,0.0,,,,,,105.0,21.15,1.63,1.22,1.2,0.81,0.0,,,,,,Me_262_A-1a/U1
f-84f,0.0,,,,,,86.0,40.22,0.07,0.08,0.9,1.15,0.0,,,,,,F-84F
i-16_type10_china,0.0,,,,,,0.0,,,,,,0.0,,,,,,I-16_type_10_(China)
yak-3_france,0.0,,,,,,118.0,89.25,4.25,5.72,1.38,2.21,18.0,,,,,,Yak-3
fr_crusader_mk_2,0.0,,,,,,44.0,100.0,0.0,0.0,2.39,1.52,0.0,,,,,,Crusader_Mk.II
f8f1b,0.0,,,,,,800.0,79.97,0.59,0.59,2.09,2.09,0.0,,,,,,F8F-1B
ki_10_2,0.0,,,,,,15.0,,,,,,0.0,,,,,,Ki-10-II
it_m11_39,0.0,,,,,,0.0,,,,,,0.0,,,,,,M11/39
mig_3_series_34,0.0,,,,,,0.0,,,,,,0.0,,,,,,MiG-3-34
me-410b-1_u2,0.0,,,,,,0.0,,,,,,0.0,,,,,,Me_410_B-1/U2
re_2000_j20,0.0,,,,,,0.0,,,,,,0.0,,,,,,J20
f7f1,0.0,,,,,,134.0,55.0,0.7,0.76,0.54,0.88,0.0,,,,,,F7F-1
mig-17,0.0,,,,,,103.0,72.04,3.81,6.3,1.49,2.8,0.0,,,,,,MiG-17
it_leopard_1a5,0.0,,,,,,323.0,74.01,0.0,0.0,2.04,2.05,0.0,,,,,,Leopard_1A5
lancaster_mr7_france,0.0,,,,,,0.0,,,,,,0.0,,,,,,Lancaster_MR.7
il_magach_6_rocket,0.0,,,,,,106.0,55.75,0.0,0.0,4.72,2.58,0.0,,,,,,Magach_Hydra
germ_pzkpfw_IV_ausf_E,0.0,,,,,,24.0,,,0.0,,2.17,0.0,,,,,,Pz.IV_E
mc-202_italy,0.0,,,,,,36.0,60.0,0.1,0.16,0.0,0.0,0.0,,,,,,C._202
us_m2_medium,0.0,,,,,,0.0,,,,,,0.0,,,,,,M2
f2h-2,0.0,,,,,,225.0,79.78,3.02,1.45,1.13,0.59,0.0,,,,,,F2H-2
md_460,0.0,,,,,,38.0,50.0,1.5,1.5,1.39,1.39,0.0,,,,,,Super_Mystere_B2
fiat_g50_seria7as_italy,0.0,,,,,,0.0,,,,,,0.0,,,,,,G.50_AS_serie_7
it_ariete_amv_pt1,0.0,,,,,,76.0,55.88,0.0,0.0,3.18,5.33,0.0,,,,,,Ariete_AMV
do_217n_1,0.0,,,,,,0.0,,,,,,0.0,,,,,,Do_217_N-1
f_111a,0.0,,,,,,0.0,,,,,,9.0,,,,,,F-111A
la_200_toriy,0.0,,,,,,80.0,0.0,0.8,1.1,5.0,0.86,0.0,,,,,,La-200
it_semovente_m43_75_46,0.0,,,,,,0.0,,,,,,0.0,,,,,,75/46_M43
ussr_t_26_4,0.0,,,,,,0.0,,,,,,0.0,,,,,,T-26-4
ussr_object_685,0.0,,,,,,522.0,51.25,0.0,0.0,1.38,1.11,0.0,,,,,,Object_685
tb_3_m17_32,0.0,,,,,,0.0,,,,,,0.0,,,,,,TB-3M-17-32
db_3a_china,0.0,,,,,,0.0,,,,,,0.0,,,,,,DB-3A_(China)
germ_vilkas,0.0,,,,,,90.0,48.92,0.23,0.29,1.14,1.71,0.0,,,,,,Vilkas
alpha_jet_e,0.0,,,,,,39.0,100.0,0.0,0.0,1.74,1.69,0.0,,,,,,Alpha_Jet_E
tbd-1_1938,0.0,,,,,,0.0,,,,,,0.0,,,,,,TBD-1
jp_type_75,0.0,,,,,,137.0,59.58,0.79,0.56,4.04,3.48,0.0,,,,,,Type_75_SPH
p-40f_10,0.0,,,,,,16.0,30.0,0.7,0.7,1.0,1.0,13.0,,,1.0,,1.0,P-40F-10
spitfire_ix_ussr,0.0,,,,,,40.0,98.0,2.54,4.5,0.72,3.0,0.0,,,,,,Spitfire_Mk_IXc
il_2_1942_luftwaffe,0.0,,,,,,2.0,0.0,0.0,0.0,0.0,0.0,0.0,,,,,,IL-2_(1942)
p-47d_16_re_germany,0.0,,,,,,11.0,100.0,1.0,1.0,1.0,1.0,0.0,,,,,,P-47D-16-RE
seafire_mk17,0.0,,,,,,18.0,,,,,,0.0,,,,,,Seafire_F_Mk_XVII
us_t77e1,0.0,,,,,,107.0,66.67,1.86,1.87,0.0,0.0,0.0,,,,,,T77E1
n1k2_jko,0.0,,,,,,25.0,100.0,0.79,,1.79,,0.0,,,,,,N1K2-Ja
us_m18_hellcat_black_cat,0.0,,,,,,1079.0,76.9,0.0,0.0,2.93,2.71,3.0,100.0,0.0,0.0,7.0,7.0,"M18_""Black_Cat"""
a_10c,0.0,,,,,,67.0,75.6,0.52,0.64,3.89,4.82,13.0,,,,,,A-10C
vb_10c1,0.0,,,,,,13.0,100.0,1.0,,0.0,,0.0,,,,,,VB.10C-1
jp_type_1_chi_he,0.0,,,,,,40.0,,,0.0,,2.24,0.0,,,,,,Chi-He
p-38l_1_china_rocaf,0.0,,,,,,94.0,54.45,0.87,1.6,0.72,1.33,0.0,,,,,,P-38L-1_(China)
it_fiat_6614_106sr,0.0,,,,,,255.0,82.32,0.0,0.0,4.16,2.02,0.0,,,,,,FIAT_6614
uk_crusader_mk_3,0.0,,,,,,49.0,72.5,0.0,0.0,1.02,1.58,0.0,,,,,,Crusader_III
uk_olifant_mk_2,0.0,,,,,,161.0,90.32,0.0,0.0,5.36,2.44,0.0,,,,,,Olifant_Mk.2
ussr_t_80um2,0.0,,,,,,295.0,51.98,0.0,0.0,1.9,1.59,0.0,,,,,,T-80UM2
germ_m55,0.0,,,,,,61.0,100.0,0.0,0.0,4.38,1.46,0.0,,,,,,◄M55
us_m1a1_abrams,0.0,,,,,,1132.0,59.65,0.0,0.0,1.93,1.94,0.0,,,,,,M1A1
cn_gmc_cckw_353_m45_quad,0.0,,,,,,10.0,,,,,,0.0,,,,,,CCKW_353_(M45)
pbm_5a,0.0,,,,,,7.0,50.0,0.5,1.0,1.0,2.0,0.0,,,,,,"PBM-5A_""Mariner"""
ki_84_hei,0.0,,,,,,98.0,69.89,1.68,1.59,1.66,1.66,0.0,,,,,,Ki-84_hei
p-26a_34_m2,0.0,,,,,,0.0,,,,,,0.0,,,,,,P-26A-34_M2
ussr_isu_122,0.0,,,,,,20.0,,,0.0,,1.0,0.0,,,,,,ISU-122
us_m56_scorpion,0.0,,,,,,245.0,52.23,0.0,0.0,3.03,1.29,0.0,,,,,,M56
il-10_1946_china,0.0,,,,,,38.0,,,0.0,,7.0,0.0,,,,,,IL-10_(1946)_(China)
wyvern_s4,0.0,,,,,,176.0,88.44,1.5,1.1,5.35,3.59,3.0,,,3.0,,1.0,Wyvern_S4
sw_landsverk_ush_405,0.0,,,,,,187.0,76.31,0.0,0.0,4.96,2.13,0.0,,,,,,U-SH_405
su_25sm3,0.0,,,,,,21.0,100.0,1.4,1.4,2.2,2.2,0.0,,,,,,Su-25SM3
spitfiremkiia,0.0,,,,,,0.0,,,,,,0.0,,,,,,Spitfire_Mk_IIa
er-2_ach30b_early,0.0,,,,,,0.0,,,,,,0.0,,,,,,Yer-2_(ACh-30B)_(e)
us_stingray,0.0,,,,,,916.0,60.64,0.0,0.0,2.32,1.72,0.0,,,,,,Stingray
mc-205_serie3,0.0,,,,,,0.0,,,,,,0.0,,,,,,C._205_serie_3
sw_cv_9035_dk,0.0,,,,,,85.0,63.64,0.0,0.0,3.12,2.14,0.0,,,,,,CV9035DK
xf5f,0.0,,,,,,15.0,,,,,,0.0,,,,,,XF5F
uk_ajax,0.0,,,,,,509.0,59.93,0.07,0.07,1.91,1.15,0.0,,,,,,Ajax
p-26b_35,0.0,,,,,,0.0,,,,,,0.0,,,,,,P-26B-35
p-63c-5_france,0.0,,,,,,6.0,,,,,,0.0,,,,,,P-63C-5
buccaneer_s2b,0.0,,,,,,146.0,33.33,0.0,0.0,2.29,5.48,0.0,,,,,,Buccaneer_S.2B
ussr_t_54_1951,0.0,,,,,,63.0,98.39,0.0,0.0,1.77,1.5,21.0,87.5,0.0,0.0,0.88,1.0,T-54_(1951)
germ_leopard_2a5,0.0,,,,,,1578.0,42.26,0.0,0.0,1.38,1.32,0.0,,,,,,Leopard_2A5
fr_amx_30_1972,0.0,,,,,,162.0,63.54,0.0,0.0,2.16,2.2,0.0,,,,,,AMX-30_(1972)
germ_bmp_1_ddr,0.0,,,,,,157.0,30.83,0.0,0.0,0.73,0.63,0.0,,,,,,SPz_BMP-1
hurricane_mk1_late_finland,0.0,,,,,,0.0,,,,,,0.0,,,,,,Hurricane_Mk_I/L
uk_charioteer_mk_7,0.0,,,,,,110.0,57.58,0.0,0.0,4.58,2.49,0.0,,,,,,Charioteer_Mk_VII
fr_m4a4_cn_75_50,0.0,,,,,,164.0,40.32,0.0,0.0,2.14,1.46,0.0,,,,,,M4A4_(SA50)
ussr_bmp_2m,0.0,,,,,,1476.0,44.09,0.0,0.0,1.21,0.84,0.0,,,,,,BMP-2M
ussr_bmd_4m2,0.0,,,,,,690.0,48.05,0.0,0.0,1.09,0.91,54.0,58.33,0.0,0.0,1.0,0.49,БМД-4M2
b-17e,0.0,,,,,,0.0,,,,,,0.0,,,,,,B-17E
ussr_bmp_1,0.0,,,,,,192.0,40.14,0.0,0.0,0.96,0.59,0.0,,,,,,BMP-1
su_24m,0.0,,,,,,84.0,62.55,0.0,0.0,2.28,3.3,29.0,,,0.0,,1.2,Су-24М
b_52h,0.0,,,,,,98.0,50.0,0.0,0.0,2.52,3.38,0.0,,,,,,B-52H
tu-1,0.0,,,,,,11.0,100.0,0.0,0.0,1.67,2.0,0.0,,,,,,Tu-1
germ_wiesel_1_tow,0.0,,,,,,394.0,38.82,0.0,0.0,1.52,1.16,0.0,,,,,,Wiesel_1A2
spitfiremkiia_ep,0.0,,,,,,28.0,100.0,1.53,1.47,1.0,1.0,0.0,,,,,,Spitfire_Mk.IIa_Venture_I
i-15_1935_moscow,0.0,,,,,,0.0,,,,,,0.0,,,,,,I-15_M-25
i-15_1934,0.0,,,,,,0.0,,,,,,0.0,,,,,,I-15_WR
sw_vickers_mk_e_45,0.0,,,,,,0.0,,,,,,0.0,,,,,,T-26E
sb2c_5_france,0.0,,,,,,31.0,100.0,1.0,0.71,9.0,3.88,0.0,,,,,,SB2C-5
fr_panhard_ebr_1951,0.0,,,,,,248.0,52.74,0.0,0.0,2.04,1.51,0.0,,,,,,E.B.R._(1951)
jp_type_87_rcv,0.0,,,,,,267.0,59.0,0.0,0.0,2.24,2.02,0.0,,,,,,Type_87_RCV
fr_amx_m4,0.0,,,,,,652.0,71.53,0.0,0.0,3.08,2.63,70.0,100.0,0.0,0.0,2.86,1.5,AMX_M4
bf-110c-4,0.0,,,,,,0.0,,,,,,0.0,,,,,,Bf_110_C-7
f_14a_early,0.0,,,,,,185.0,52.15,1.29,1.21,0.09,0.08,0.0,,,,,,F-14A_Early
fw_190a_5_u14,0.0,,,,,,0.0,,,,,,0.0,,,,,,Fw_190_A-5/U14
g5n1,0.0,,,,,,0.0,,,,,,0.0,,,,,,G5N1
fiat_cr42_j11,0.0,,,,,,0.0,,,,,,0.0,,,,,,J11
ki_67_1_otsu,0.0,,,,,,0.0,,,,,,0.0,,,,,,Ki-67-I_otsu
il_magach_2,0.0,,,,,,55.0,71.21,0.0,0.0,2.07,1.43,0.0,,,,,,Magach_2
su_17m2,0.0,,,,,,14.0,,,0.0,,1.0,0.0,,,,,,Su-17M2
us_m18_hellcat_black_cat_race,,,,,,,,,,,,,,,,,,,"""Racing""_M18"
it_semovente_m43_105,0.0,,,,,,0.0,,,,,,0.0,,,,,,105/25_M43
germ_panzerwerfer_42,0.0,,,,,,0.0,,,,,,0.0,,,,,,15_cm_Pz.W.42
fr_char_2c,0.0,,,,,,0.0,,,,,,0.0,,,,,,2C
ussr_zprk_2s6,0.0,,,,,,998.0,48.2,0.9,0.69,0.38,0.3,0.0,,,,,,2S6
germ_sturmmorser_sturmtiger,0.0,,,,,,53.0,100.0,0.0,0.0,3.0,1.28,0.0,,,,,,38_cm_Sturmmörser
it_semovente_l40,0.0,,,,,,0.0,,,,,,0.0,,,,,,47/32_L40
it_semovente_m41_75_18,0.0,,,,,,0.0,,,,,,0.0,,,,,,75/18_M41
it_semovente_m41_75_32,0.0,,,,,,0.0,,,,,,0.0,,,,,,75/32_M41
it_semovente_m43_75_34,0.0,,,,,,21.0,,,,,,0.0,,,,,,75/34_M43
ussr_buk_m3_launcher,,,,,,,,,,,,,,,,,,,"9К317М_""БУК-М3""_(СОУ)"
douglas_a_1h,0.0,,,,,,292.0,86.31,0.26,0.29,4.79,5.05,0.0,,,,,,A-1H
a-26c,0.0,,,,,,0.0,,,,,,0.0,,,,,,A-26C-45
a-26c-45-dt,0.0,,,,,,0.0,,,,,,0.0,,,,,,A-26C-45DT
a_29_hudson,0.0,,,,,,0.0,,,,,,0.0,,,,,,A-29
a-35b,0.0,,,,,,8.0,,,0.0,,0.0,0.0,,,,,,A-35B
a_4b,0.0,,,,,,157.0,74.63,0.09,0.08,1.55,2.58,0.0,,,,,,A-4B
a_4e_early,0.0,,,,,,345.0,64.94,0.15,0.15,2.43,1.75,0.0,,,,,,A-4E_Early
a_5c,0.0,,,,,,28.0,51.85,0.48,0.94,1.48,2.89,0.0,,,,,,A-5C
a_7e_thailand,0.0,,,,,,128.0,61.91,0.82,0.74,0.74,0.55,22.0,,,0.0,,0.0,A-7E
a_7k,0.0,,,,,,0.0,,,,,,0.0,,,,,,A-7K
uk_ac1_sentinel,0.0,,,,,,19.0,,,0.0,,3.47,0.0,,,,,,A.C.I
uk_ac4_thunderbolt,0.0,,,,,,60.0,42.86,0.0,0.0,2.43,2.68,17.0,100.0,0.0,0.0,4.0,4.0,A.C.IV
saab_a21rb,0.0,,,,,,97.0,65.05,0.45,0.68,0.34,0.26,0.0,,,,,,A21RB
vampire_fb5_j28b,0.0,,,,,,70.0,50.0,1.39,2.1,0.19,0.45,0.0,,,,,,A28B
saab_j29b,0.0,,,,,,74.0,32.76,0.0,0.0,0.31,0.31,0.0,,,,,,A29B
a2d,0.0,,,,,,719.0,67.46,0.16,0.15,2.03,1.84,4.0,,,1.0,,3.0,A2D-1
saab_a32a,0.0,,,,,,25.0,50.0,2.5,0.63,5.5,4.38,0.0,,,,,,A32A
saab_a32a_red_adam,0.0,,,,,,0.0,,,,,,0.0,,,,,,A32A_Röd_Adam
a6m2_zero_usa,0.0,,,,,,1.0,,,,,,0.0,,,,,,A6M2
a6m2_n_zero,0.0,,,,,,0.0,,,,,,0.0,,,,,,A6M2-N
a6m3_mod22ko_zero,0.0,,,,,,53.0,100.0,2.97,,1.23,,0.0,,,,,,A6M3_mod._22Ko
a6m5_zero,0.0,,,,,,28.0,,,2.28,,0.28,0.0,,,,,,A6M5
a6m5ko,0.0,,,,,,135.0,62.38,1.86,2.96,1.92,3.07,0.0,,,,,,A6M5_Ko
a6m5otsu,0.0,,,,,,0.0,,,,,,0.0,,,,,,A6M5_otsu
a7he1,0.0,,,,,,0.0,,,,,,0.0,,,,,,A7He1
a7m2,0.0,,,,,,40.0,100.0,3.67,2.11,1.67,1.0,0.0,,,,,,A7M2
germ_a7v,0.0,,,,,,0.0,,,,,,0.0,,,,,,A7V
it_ab_41,0.0,,,,,,7.0,,,0.0,,1.0,7.0,,,0.0,,0.0,AB_41
uk_17_pdr_m10_achilles,0.0,,,,,,72.0,21.43,0.0,0.0,2.6,2.22,0.0,,,,,,Achilles
douglas_ad_4na_france,0.0,,,,,,32.0,55.56,0.0,0.0,0.17,0.17,3.0,,,,,,AD-4NA
uk_adats_m113a3,0.0,,,,,,120.0,47.5,1.43,0.9,0.6,0.4,0.0,,,,,,ADATS_(M113)
uk_armored_car_mk_2_aa,0.0,,,,,,29.0,50.0,0.1,0.2,0.5,0.8,0.0,,,,,,AEC_AA
cn_hj_9,0.0,,,,,,334.0,67.55,0.0,0.0,2.75,2.26,0.0,,,,,,AFT09
us_ags_teledyne,0.0,,,,,,189.0,50.0,0.0,0.0,1.95,2.46,0.0,,,,,,AGS
aichi_e13a,,,,,,,,,,,,,,,,,,,Aichi_E13A1
saab_aj37,0.0,,,,,,128.0,55.28,0.48,0.61,0.67,0.68,0.0,,,,,,AJ37
saab_ajs37_early,0.0,,,,,,5.0,,,,,,0.0,,,,,,AJS37_(Early)
uk_alecto_mk_1,0.0,,,,,,16.0,,,,,,0.0,,,,,,Alecto_I
alpha_jet_a,0.0,,,,,,135.0,66.99,0.28,0.41,3.06,3.73,18.0,,,,,,Alpha_Jet_A
alpha_jet_a_jabog41,0.0,,,,,,23.0,56.25,0.0,0.0,0.44,0.88,0.0,,,,,,Alpha_Jet_A_(JaboG_41)
fr_amc_34,0.0,,,,,,0.0,,,,,,0.0,,,,,,AMC.34_YR
fr_amc_35,0.0,,,,,,17.0,,,,,,0.0,,,,,,AMC.35_(ACG.1)
fr_amd_35_kwk39,0.0,,,,,,55.0,100.0,0.0,0.0,2.74,1.76,0.0,,,,,,AMD.35_(PaK)
fr_aml_90,0.0,,,,,,106.0,50.0,0.0,0.0,1.56,1.01,0.0,,,,,,AML-90
fr_amr_35_zt3,0.0,,,,,,0.0,,,,,,0.0,,,,,,AMR.35_ZT3
amx,0.0,,,,,,36.0,83.33,0.19,0.0,2.87,4.64,0.0,,,,,,AMX
amx_a_1a_brazil,0.0,,,,,,21.0,100.0,0.0,0.0,2.55,2.43,8.0,50.0,0.0,0.0,1.5,3.0,AMX_A-1A
fr_amx_10m_acra,0.0,,,,,,25.0,87.5,0.0,0.0,1.88,1.44,0.0,,,,,,AMX-10M
fr_amx_10p,0.0,,,,,,201.0,38.45,0.26,0.29,0.3,0.34,0.0,,,,,,AMX-10P
fr_amx_13_75,0.0,,,,,,121.0,82.94,0.0,0.0,2.49,1.34,20.0,,,0.0,,0.0,AMX-13
fr_amx_13_fl_11,0.0,,,,,,93.0,100.0,0.0,0.0,3.39,2.15,0.0,,,,,,AMX-13_(FL11)
fr_amx_13_hot,0.0,,,,,,0.0,,,,,,0.0,,,,,,AMX-13_(HOT)
fr_amx_13_75_ss11,0.0,,,,,,0.0,,,,,,0.0,,,,,,AMX-13_(SS.11)
fr_amx_50_foch,0.0,,,,,,64.0,40.0,0.0,0.0,4.2,2.24,0.0,,,,,,AMX-50_Foch
fr_amx_50_surblinde,0.0,,,,,,8.0,,,0.0,,3.0,0.0,,,,,,AMX-50_Surblindé
cn_antelope_tc_1l_ads,0.0,,,,,,6.0,50.0,0.5,1.0,0.0,0.0,0.0,,,,,,Antelope
arado-196a-3,0.0,,,,,,0.0,,,,,,0.0,,,,,,Ar_196_A-3
arado-196a-5,0.0,,,,,,0.0,,,,,,0.0,,,,,,Ar_196_A-5
arado-234,0.0,,,,,,155.0,50.3,0.0,0.0,2.57,2.78,0.0,,,,,,Ar_234_B-2
arado-234c-3,0.0,,,,,,54.0,76.32,0.0,0.0,1.92,2.13,0.0,,,,,,Ar_234_C-3
uk_sp_17_pdr_valentine,0.0,,,,,,0.0,,,,,,0.0,,,,,,Archer
ariete,0.0,,,,,,141.0,38.71,4.66,4.16,3.05,2.5,29.0,16.0,1.04,1.36,0.16,0.32,Ariete
it_as_42_metropolitana,0.0,,,,,,30.0,,,0.0,,2.09,7.0,,,,,,AS_42
sw_asrad_r,0.0,,,,,,32.0,0.0,2.54,2.54,0.0,0.0,0.0,,,,,,ASRAD-R
attaker_fb1,0.0,,,,,,0.0,,,,,,0.0,,,,,,Attacker_FB_1
attaker_fb2,0.0,,,,,,55.0,58.33,0.66,1.12,0.95,1.6,0.0,,,,,,Attacker_FB.2
f4u-6_au-1,0.0,,,,,,605.0,77.81,0.44,0.43,2.99,2.83,0.0,,,,,,AU-1
it_aubl_74_60_70m,0.0,,,,,,118.0,75.63,0.0,0.0,2.74,1.33,0.0,,,,,,AUBL/74_HVG
fr_amx_30_auf_1,0.0,,,,,,69.0,85.56,0.0,0.0,0.57,0.48,0.0,,,,,,AuF1
av_8b_plus_italy,0.0,,,,,,0.0,,,,,,0.0,,,,,,AV-8B_Plus
av_8s_thailand,0.0,,,,,,20.0,100.0,1.0,1.0,0.0,0.0,0.0,,,,,,AV-8S
av_8s_late_thailand,0.0,,,,,,0.0,,,,,,0.0,,,,,,AV-8S_Late
avenger_mk1,0.0,,,,,,0.0,,,,,,0.0,,,,,,Avenger_Mk_II
a_4n,0.0,,,,,,119.0,35.31,1.75,2.86,2.74,4.9,0.0,,,,,,Ayit
b_10b,0.0,,,,,,0.0,,,,,,0.0,,,,,,B-10B
b-17e_japan,0.0,,,,,,0.0,,,,,,0.0,,,,,,B-17E
b-17e_late,0.0,,,,,,0.0,,,,,,0.0,,,,,,B-17E/L
b_18a,0.0,,,,,,0.0,,,,,,0.0,,,,,,B-18A
b_26c_france,0.0,,,,,,0.0,,,,,,0.0,,,,,,B-26C
b-57,0.0,,,,,,4.0,,,0.0,,0.0,0.0,,,,,,B-57A
b-57b,0.0,,,,,,2.0,0.0,0.0,0.0,0.0,0.0,0.0,,,,,,B-57B
b_66b,0.0,,,,,,0.0,,,,,,0.0,,,,,,B-66B
br_20_dr,0.0,,,,,,0.0,,,,,,0.0,,,,,,B.R.20DR
br_20m_m1,0.0,,,,,,0.0,,,,,,0.0,,,,,,B.R.20M_M1
fr_b1_bis,0.0,,,,,,3.0,,,0.0,,0.0,0.0,,,,,,B1_bis
fr_b1_ter,0.0,,,,,,14.0,,,0.0,,2.0,0.0,,,,,,B1_ter
saab_b17a,0.0,,,,,,16.0,100.0,0.0,0.0,0.0,0.0,0.0,,,,,,B17A
saab_b17b,0.0,,,,,,0.0,,,,,,0.0,,,,,,B17B
saab_b18a,0.0,,,,,,0.0,,,,,,0.0,,,,,,B18A
b6n2,0.0,,,,,,0.0,,,,,,0.0,,,,,,B6N2_Model_12
b6n2a,0.0,,,,,,0.0,,,,,,0.0,,,,,,B6N2a_Model_12Ko
ussr_ba_11,0.0,,,,,,0.0,,,,,,0.0,,,,,,BA-11
ba_65_k14_l,0.0,,,,,,0.0,,,,,,0.0,,,,,,Ba.65_(K.14)_L
ba_65_a80,0.0,,,,,,10.0,,,,,,0.0,,,,,,Ba.65_A.80
uk_badger,0.0,,,,,,18.0,50.0,0.0,0.0,0.4,0.57,0.0,,,,,,Badger
f_16d_block_40_barak_2,0.0,,,,,,39.0,100.0,0.22,0.22,2.6,2.6,0.0,,,,,,Barak_II
f_15a_iaf,0.0,,,,,,13.0,50.0,0.65,1.31,0.0,0.0,0.0,,,,,,Baz
f_15c_baz_msip,0.0,,,,,,0.0,,,,,,0.0,,,,,,Baz_Meshupar
be_6,0.0,,,,,,0.0,,,,,,1.0,,,1.0,,1.0,Be-6
beaufighter_mk1_40mm,0.0,,,,,,0.0,,,,,,0.0,,,,,,Beaufighter_Mk_I_(40-mm)
beaufort_mkviii,0.0,,,,,,0.0,,,,,,0.0,,,,,,Beaufort_Mk_VIII
germ_beutepanzer_mk_iv,0.0,,,,,,0.0,,,,,,0.0,,,,,,Beutepanzer_IV
bf-109c_1,0.0,,,,,,0.0,,,,,,0.0,,,,,,Bf_109_C-1
bf-109c_1_promo,0.0,,,,,,0.0,,,,,,0.0,,,,,,Bf_109_C-1_Promo
bf-109e-3_japan,0.0,,,,,,25.0,27.78,1.5,1.91,0.72,1.0,0.0,,,,,,Bf_109_E-7
bf-109e-7,0.0,,,,,,0.0,,,,,,0.0,,,,,,Bf_109_E-7/U2
bf-109g-14as,0.0,,,,,,0.0,,,,,,0.0,,,,,,Bf_109_G-14/AS
bf-109g-2_romania,0.0,,,,,,0.0,,,,,,0.0,,,,,,Bf_109_G-2
bf-109g-6_finland,0.0,,,,,,1.0,,,,,,0.0,,,,,,Bf_109_G-6
bf-109k-4,0.0,,,,,,172.0,55.17,2.06,1.8,1.16,0.91,20.0,,,3.9,,0.0,Bf_109_K-4
bf-110c-6,0.0,,,,,,0.0,,,,,,0.0,,,,,,Bf_110_C-6
bf2c_1,0.0,,,,,,0.0,,,,,,0.0,,,,,,BF2C-1
bi,0.0,,,,,,37.0,70.0,1.4,1.83,0.0,0.0,0.0,,,,,,BI
blenheim_mkiv,0.0,,,,,,0.0,,,,,,0.0,,,,,,Blenheim_Mk_IV
jp_oplot_t,0.0,,,,,,603.0,57.26,0.0,0.0,1.71,1.52,0.0,,,,,,BM_Oplot-T
ussr_bm_13n,0.0,,,,,,0.0,,,,,,0.0,,,,,,BM-13N
ussr_bm_31_12,0.0,,,,,,58.0,100.0,0.0,0.0,0.72,0.47,0.0,,,,,,BM-31-12
ussr_bm_8_24,0.0,,,,,,0.0,,,,,,0.0,,,,,,BM-8-24
ussr_bmd_4,0.0,,,,,,46.0,84.21,0.0,0.0,2.03,1.49,0.0,,,,,,BMD-4
boomerang_mki,0.0,,,,,,0.0,,,,,,0.0,,,,,,Boomerang_Mk_I
boomerang_mkii,0.0,,,,,,0.0,,,,,,0.0,,,,,,Boomerang_Mk_II
boston_mk_1,0.0,,,,,,0.0,,,,,,0.0,,,,,,Boston_Mk_I
uk_bosvark,0.0,,,,,,30.0,0.0,0.0,0.0,0.81,0.64,0.0,,,,,,Bosvark
germ_boxer_3105,0.0,,,,,,96.0,53.49,0.0,0.0,1.33,1.1,0.0,,,,,,Boxer_MGS
br_693_ab2,0.0,,,,,,2.0,,,,,,0.0,,,,,,Br.693AB2
breda_88,0.0,,,,,,0.0,,,,,,0.0,,,,,,Breda_88_(P.XI)
brigand_b1,0.0,,,,,,0.0,,,,,,0.0,,,,,,Brigand_B_1
ussr_bt_7_1937_td,0.0,,,,,,0.0,,,,,,0.0,,,,,,BT-7_TD
ussr_bt_7a_f32,0.0,,,,,,68.0,88.4,0.0,0.0,3.29,3.02,0.0,,,,,,BT-7A_(F-32)
ussr_btr_152a,0.0,,,,,,117.0,28.39,0.24,0.23,0.24,0.23,0.0,,,,,,BTR-152A
buccaneer_s1,0.0,,,,,,19.0,100.0,0.0,0.0,1.6,1.6,0.0,,,,,,Buccaneer_S.1
buccaneer_s2,0.0,,,,,,11.0,100.0,0.0,0.0,1.36,1.36,0.0,,,,,,Buccaneer_S.2
bv-138c-1,0.0,,,,,,0.0,,,,,,0.0,,,,,,BV_138_C-1
bv-238,0.0,,,,,,0.0,,,,,,0.0,,,,,,BV_238
mc200_serie3_italy,0.0,,,,,,3.0,,,,,,0.0,,,,,,C._200_serie_3
mc200_serie3,0.0,,,,,,0.0,,,,,,0.0,,,,,,C._200_serie_3
mc200_serie7,0.0,,,,,,0.0,,,,,,0.0,,,,,,C._200_serie_7
mc-202,0.0,,,,,,0.0,,,,,,0.0,,,,,,C._202
mc-205_n2,0.0,,,,,,0.0,,,,,,0.0,,,,,,C._205N2
caudron_cr714,0.0,,,,,,0.0,,,,,,0.0,,,,,,C.R.714
it_c13_tua,0.0,,,,,,0.0,,,,,,0.0,,,,,,C13/TUA
germ_leopard_c2_mexas,0.0,,,,,,48.0,72.58,0.0,0.0,2.55,3.39,0.0,,,,,,C2A1
canberra_bimk6,0.0,,,,,,8.0,50.0,0.0,0.0,0.88,1.75,0.0,,,,,,Canberra_B_(I)_Mk_6
canberra_bmk2,0.0,,,,,,0.0,,,,,,0.0,,,,,,Canberra_B_Mk_2
pby-5a_raf,0.0,,,,,,0.0,,,,,,0.0,,,,,,Catalina_Mk_IIIa
fr_cckw_353_bofors,0.0,,,,,,27.0,,,0.0,,0.11,0.0,,,,,,CCKW_353_AA
us_ccvl,0.0,,,,,,204.0,79.84,0.0,0.0,4.73,3.18,0.0,,,,,,CCVL
it_sahariano,0.0,,,,,,0.0,,,,,,0.0,,,,,,Celere_Sahariano
it_b1_centauro_romor,0.0,,,,,,101.0,63.46,0.0,0.0,1.79,1.86,0.0,,,,,,Centauro_I_105_R
it_centauro_mgs_120,0.0,,,,,,98.0,75.4,0.0,0.0,2.79,2.47,0.0,,,,,,Centauro_I_120
it_centauro_2,0.0,,,,,,78.0,99.11,0.0,0.0,2.84,1.49,0.0,,,,,,Centauro_II_(P)
it_centauro_rgo_120,0.0,,,,,,161.0,68.73,0.0,0.0,2.58,2.3,0.0,,,,,,Centauro_RGO
uk_centurion_action_x,0.0,,,,,,15.0,,,0.0,,2.64,0.0,,,,,,Centurion_Action_X
uk_centurion_mk_2,0.0,,,,,,242.0,66.17,0.0,0.0,3.07,2.33,0.0,,,,,,Centurion_Mk.2
uk_centurion_mk_5_raac,0.0,,,,,,34.0,,,0.0,,3.0,0.0,,,,,,Centurion_Mk.5/1
uk_challenger_2_tes,0.0,,,,,,202.0,58.44,0.0,0.0,1.66,1.96,0.0,,,,,,Challenger_2_TES
uk_challenger_2_lep,0.0,,,,,,221.0,55.67,0.0,0.0,2.86,2.1,0.0,,,,,,Challenger_3_TD
fr_bat_chat_25t,0.0,,,,,,141.0,82.74,0.0,0.0,4.48,3.04,0.0,,,,,,Char_25t
jp_type_97_kai,0.0,,,,,,23.0,100.0,0.0,0.0,5.0,5.0,0.0,,,,,,Chi-Ha_Kai
jp_type_97_kai_td,0.0,,,,,,0.0,,,,,,0.0,,,,,,Chi-Ha_Kai_TD
jp_type_1_chi_he_5th_regiment,0.0,,,,,,12.0,100.0,0.0,0.0,4.0,2.0,0.0,,,,,,Chi-He_(5th_Regiment)
uk_churchill_avre,0.0,,,,,,0.0,,,,,,0.0,,,,,,Churchill_AVRE_Petard
uk_a_22_mk_1_churchill_1941,0.0,,,,,,22.0,,,0.0,,1.9,0.0,,,,,,Churchill_I
f-86_cl_13_mk4_italy,0.0,,,,,,62.0,50.0,2.0,3.14,2.0,2.36,0.0,,,,,,CL-13_Mk.4
germ_th_800_bismark,0.0,,,,,,129.0,71.88,0.0,0.0,6.38,3.18,0.0,,,,,,Class_3_(P)
us_sl_amraam_launcher,,,,,,,,,,,,,,,,,,,CLAWS_(СОУ)
us_sl_amraam_fcs,0.0,,,,,,256.0,73.3,1.14,0.82,0.0,0.0,0.0,,,,,,CLAWS_(СОЦ)
fr_marder_clovis,0.0,,,,,,233.0,60.63,0.02,0.03,2.43,2.61,0.0,,,,,,CLOVIS
cn_cm_25,0.0,,,,,,35.0,60.53,0.0,0.0,0.0,0.0,0.0,,,,,,CM25
cn_cm_34,0.0,,,,,,162.0,83.87,0.07,0.04,2.71,1.64,0.0,,,,,,CM34
it_fiat_cm52,0.0,,,,,,18.0,,,0.0,,0.0,0.0,,,,,,CM52
us_m4a3e2_sherman_jumbo_cobra_king,0.0,,,,,,143.0,55.05,0.0,0.0,2.35,2.7,0.0,,,,,,Cobra_King
uk_a_34_comet_iron_duke,0.0,,,,,,0.0,,,,,,0.0,,,,,,"Comet_I_""Iron_Duke_IV"""
uk_fv4004_conway,0.0,,,,,,27.0,8.33,0.0,0.0,0.93,0.45,0.0,,,,,,Conway
cr_32,0.0,,,,,,0.0,,,,,,0.0,,,,,,CR.32
cr_32_bis,0.0,,,,,,0.0,,,,,,0.0,,,,,,CR.32_bis
cr_32_quater,0.0,,,,,,0.0,,,,,,0.0,,,,,,CR.32_quater
fiat_cr42,0.0,,,,,,0.0,,,,,,0.0,,,,,,CR.42
fiat_cr42_italy,0.0,,,,,,0.0,,,,,,0.0,,,,,,CR.42
uk_crusader_aa_mk_2_kit_3rank,0.0,,,,,,22.0,,,,,,0.0,,,,,,Crusader_AA_(Overlord)
uk_crusader_aa_mk_1,0.0,,,,,,81.0,100.0,0.0,0.0,2.24,2.02,0.0,,,,,,Crusader_AA_Mk_I
uk_crusader_aa_mk_2,0.0,,,,,,36.0,50.0,0.71,1.41,0.0,0.0,0.0,,,,,,Crusader_AA_Mk_II
it_39m_csaba,0.0,,,,,,0.0,,,,,,0.0,,,,,,Csaba
sw_patria_amv_ctcv_105,0.0,,,,,,190.0,49.16,0.0,0.0,1.48,1.2,0.0,,,,,,CT-CV_105HP
jp_icv_prototype,0.0,,,,,,215.0,63.3,0.22,0.19,2.13,1.87,0.0,,,,,,CTWV_RCV
sw_cv_90_mk4,0.0,,,,,,73.0,50.0,0.0,0.0,0.95,1.14,0.0,,,,,,CV_90_Mk.IV
fr_cv_9035_nl,0.0,,,,,,48.0,50.0,0.0,0.0,0.74,0.98,0.0,,,,,,CV_9035NL
sw_cv_9030_fin,0.0,,,,,,311.0,64.59,0.0,0.0,1.41,1.18,0.0,,,,,,CV9030FIN
d_371,0.0,,,,,,0.0,,,,,,0.0,,,,,,D.371
d_371_hs9,0.0,,,,,,0.0,,,,,,0.0,,,,,,D.371_H.S.9
d_373,0.0,,,,,,0.0,,,,,,0.0,,,,,,D.373
d_500,0.0,,,,,,0.0,,,,,,0.0,,,,,,D.500
d_501,0.0,,,,,,0.0,,,,,,0.0,,,,,,D.501
d_510c,0.0,,,,,,0.0,,,,,,0.0,,,,,,D.510C
d_520,0.0,,,,,,0.0,,,,,,0.0,,,,,,D.520
d_521,0.0,,,,,,0.0,,,,,,0.0,,,,,,D.521
fr_renault_d2,0.0,,,,,,3.0,,,,,,0.0,,,,,,D2
d3a1,0.0,,,,,,0.0,,,,,,0.0,,,,,,D3A1
d4y1,0.0,,,,,,0.0,,,,,,0.0,,,,,,D4Y1
d4y3,0.0,,,,,,25.0,,,,,,0.0,,,,,,D4Y3_Ko
uk_daimler_mk_2,0.0,,,,,,0.0,,,,,,0.0,,,,,,Daimler_Mk_II
it_dardo_vcc,0.0,,,,,,103.0,30.45,0.0,0.0,1.84,1.84,88.0,36.21,0.0,0.0,2.29,1.82,Dardo
db_3b,0.0,,,,,,0.0,,,,,,0.0,,,,,,DB-3B
uk_desert_warrior,0.0,,,,,,79.0,100.0,0.0,0.0,1.52,0.55,0.0,,,,,,Desert_Warrior
do_17e_1,0.0,,,,,,0.0,,,,,,0.0,,,,,,Do_17_E-1
do_17z_2,0.0,,,,,,0.0,,,,,,0.0,,,,,,Do_17_Z-2
do_17z_7,0.0,,,,,,0.0,,,,,,0.0,,,,,,Do_17_Z-7
do_217j_1,0.0,,,,,,0.0,,,,,,0.0,,,,,,Do_217_J-1
do_217j_2,0.0,,,,,,0.0,,,,,,0.0,,,,,,Do_217_J-2
do_217k_1,0.0,,,,,,0.0,,,,,,0.0,,,,,,Do_217_K-1
do_217n_2,0.0,,,,,,0.0,,,,,,0.0,,,,,,Do_217_N-2
do_335b_2,0.0,,,,,,167.0,53.77,0.5,0.39,2.18,2.18,0.0,,,,,,Do_335_B-2
germ_pzkpfw_e_100,0.0,,,,,,16.0,100.0,0.0,0.0,7.38,7.38,0.0,,,,,,E-100
fr_panhard_ebr_1963,0.0,,,,,,54.0,50.0,0.0,0.0,3.0,2.0,0.0,,,,,,E.B.R._(1963)
e7k2,,,,,,,,,,,,,,,,,,,E7K2
e8n2,,,,,,,,,,,,,,,,,,,E8N2
us_efv_p1,0.0,,,,,,245.0,64.29,0.0,0.0,1.74,0.92,9.0,,,0.0,,1.0,EFV
il_eitan,0.0,,,,,,15.0,100.0,0.0,0.0,0.0,0.7,0.0,,,,,,Eitan_(P)
sw_eldenhet_98,0.0,,,,,,14.0,100.0,1.0,1.0,0.0,0.0,0.0,,,,,,EldE_98
germ_pzkpfw_V_ersatz_m10,0.0,,,,,,10.0,,,0.0,,2.72,0.0,,,,,,Ersatz_M10
f_101c,0.0,,,,,,27.0,34.38,1.53,2.75,1.38,2.75,0.0,,,,,,F-101C
f-104g_belgium,0.0,,,,,,0.0,,,,,,0.0,,,,,,F-104G
f-104g_italy,0.0,,,,,,0.0,,,,,,0.0,,,,,,F-104G
f-104j,0.0,,,,,,0.0,,,,,,0.0,,,,,,F-104J
f-104s,0.0,,,,,,8.0,50.0,1.0,2.0,0.5,1.0,0.0,,,,,,F-104S
f-104s_cb,0.0,,,,,,58.0,24.0,0.0,0.0,1.18,0.98,0.0,,,,,,F-104S_TAF
f-104s_asa,0.0,,,,,,41.0,,,1.73,,0.0,0.0,,,,,,F-104S.ASA
f_106a_1972,0.0,,,,,,40.0,,,2.81,,0.0,0.0,,,,,,F-106A
f_117,0.0,,,,,,13.0,50.0,0.0,0.0,1.33,2.67,0.0,,,,,,F-117
f_14d,0.0,,,,,,147.0,38.78,1.08,0.94,0.0,0.0,0.0,,,,,,F-14D
f_15i_raam,0.0,,,,,,209.0,64.57,1.4,2.21,1.01,1.35,0.0,,,,,,F-15I_Ra’am
f_15j,0.0,,,,,,20.0,87.5,2.13,3.13,0.0,0.0,0.0,,,,,,F-15J
f_15j_kai,0.0,,,,,,77.0,67.75,2.6,2.72,0.04,0.11,0.0,,,,,,F-15J(M)
f_16a_block_15_belgium,0.0,,,,,,43.0,1.52,2.41,1.52,0.05,0.03,7.0,,,1.0,,0.0,F-16A
f_16a_block_15_ocu_thailand,0.0,,,,,,23.0,86.11,0.86,1.0,0.42,0.83,0.0,,,,,,F-16A_OCU
f_16a_block_15_ocu_belgium,0.0,,,,,,15.0,50.0,0.75,1.5,0.0,0.0,10.0,,,1.0,,0.0,F-16A_OCU
f_16aj,0.0,,,,,,101.0,50.0,0.33,0.39,0.04,0.05,0.0,,,,,,F-16AJ
f_16am_block_15_mlu_belgium,0.0,,,,,,27.0,58.33,0.79,0.79,0.0,0.0,13.0,,,,,,F-16AM
f_16c_block_40_barak_2,0.0,,,,,,0.0,,,,,,0.0,,,,,,F-16C_Barak_II
f_16i_sufa,0.0,,,,,,10.0,,,0.0,,0.0,0.0,,,,,,F-16I_Sufa
fa_18c_finland,0.0,,,,,,9.0,50.0,1.0,1.0,0.0,0.0,0.0,,,,,,F-18C
ef_2000a,0.0,,,,,,36.0,50.0,0.97,1.08,0.5,0.61,0.0,,,,,,F-2000A
ef_2000a_aesa,0.0,,,,,,113.0,60.83,1.97,3.86,0.99,2.02,0.0,,,,,,F-2000A_(AESA)
f_2a,0.0,,,,,,83.0,100.0,1.59,0.85,0.09,0.21,5.0,,,1.2,,0.0,F-2A
f_2a_adtw,0.0,,,,,,787.0,58.04,1.33,1.54,0.1,0.12,41.0,,,0.81,,0.58,F-2A_ADTW
f-4ej_adtw,0.0,,,,,,202.0,42.42,1.35,1.03,0.29,0.25,25.0,,,0.0,,0.0,F-4EJ_ADTW
f-4ej_kai,0.0,,,,,,12.0,50.0,1.0,2.0,0.0,0.0,0.0,,,,,,F-4EJ_Kai_Phantom_II
f-4ej,0.0,,,,,,22.0,100.0,1.0,0.33,0.0,0.33,0.0,,,,,,F-4EJ_Phantom_II
f-5t_thailand,0.0,,,,,,14.0,100.0,0.0,0.0,2.86,1.93,0.0,,,,,,F-5T_SCU
f-5th_thailand,0.0,,,,,,64.0,100.0,3.06,2.33,0.0,0.0,0.0,,,,,,F-5TH_TCU
p-51c-10_france,0.0,,,,,,5.0,100.0,2.0,,1.0,,0.0,,,,,,F-6C-10-NA
f-80,0.0,,,,,,35.0,55.56,0.06,0.06,0.44,0.47,0.0,,,,,,F-80C-10
f-84f_italy,0.0,,,,,,0.0,,,,,,0.0,,,,,,F-84F
f-84f_iaf,0.0,,,,,,0.0,,,,,,0.0,,,,,,F-84F_IAF
f-84g,0.0,,,,,,9.0,,,,,,0.0,,,,,,F-84G-21-RE
f-84g_italy,0.0,,,,,,17.0,,,,,,0.0,,,,,,F-84G-21-RE
f-84g_france,0.0,,,,,,5.0,100.0,0.0,0.0,1.0,1.0,0.0,,,,,,F-84G-26-RE
f-86a-5,0.0,,,,,,182.0,67.25,2.26,2.12,0.58,0.56,0.0,,,,,,F-86A-5
f-86f-25,0.0,,,,,,35.0,60.0,1.1,1.33,0.6,0.65,0.0,,,,,,F-86F-25
f-86f-30_japan,0.0,,,,,,175.0,81.29,1.86,2.05,0.76,0.87,0.0,,,,,,F-86F-30_
f-86f-35,0.0,,,,,,16.0,100.0,2.0,1.63,2.0,1.63,0.0,,,,,,F-86F-35
f-86f-40_japan_blue_impulse,0.0,,,,,,11.0,100.0,5.0,3.11,4.0,2.33,0.0,,,,,,F-86F-40_JASDF
f-86k_late_italy,0.0,,,,,,0.0,,,,,,0.0,,,,,,F-86K
f-8e_fn,0.0,,,,,,0.0,,,,,,0.0,,,,,,F-8E(FN)
f_222_2,0.0,,,,,,0.0,,,,,,0.0,,,,,,F.222.2
fc_20_bis,0.0,,,,,,0.0,,,,,,0.0,,,,,,F.C.20_Bis
fa_18c_mlu_2_finland,0.0,,,,,,42.0,88.6,1.66,1.8,0.23,2.0,0.0,,,,,,F/A-18C_MLU_2
fa_18d_late_malaysia,0.0,,,,,,32.0,66.67,1.0,1.98,0.7,0.05,0.0,,,,,,F/A-18D_Late
fa_18f_block_2_raaf,0.0,,,,,,10.0,50.0,1.0,2.0,1.0,2.0,0.0,,,,,,F/A-18F
f11f_1_late,0.0,,,,,,9.0,100.0,5.0,,0.0,,0.0,,,,,,F11F-1
f1m2,0.0,,,,,,15.0,,,,,,0.0,,,,,,F1M2
f3d_1,0.0,,,,,,154.0,50.0,0.31,0.23,1.78,1.63,0.0,,,,,,F3D-1
f4d_1,0.0,,,,,,7.0,,,0.0,,0.0,0.0,,,,,,F4D-1
f4f-4,0.0,,,,,,0.0,,,,,,0.0,,,,,,F4F-4
f4u-1a_japan,0.0,,,,,,43.0,100.0,2.1,2.1,0.0,0.0,0.0,,,,,,F4U-1A
f4u-4b_vmf_214,0.0,,,,,,0.0,,,,,,0.0,,,,,,F4U-4B_VMF-214
f4u-7,0.0,,,,,,310.0,63.57,0.29,0.3,2.26,2.14,16.0,100.0,4.0,2.0,6.0,2.33,F4U-7
f7f3,0.0,,,,,,60.0,100.0,0.19,0.21,3.34,3.18,0.0,,,,,,F7F-3
f8f1b_france,0.0,,,,,,157.0,81.58,1.31,0.93,2.45,1.99,0.0,,,,,,F8F-1B
f9f-5,0.0,,,,,,33.0,,,1.11,,2.78,0.0,,,,,,F9F-5
f9f-8,0.0,,,,,,125.0,59.14,0.51,0.52,0.83,0.95,0.0,,,,,,F9F-8
uk_falcon,0.0,,,,,,259.0,50.81,0.77,0.4,2.24,1.17,0.0,,,,,,Falcon
fr_fcm_36,0.0,,,,,,0.0,,,,,,0.0,,,,,,FCM.36
ffa_p16,0.0,,,,,,0.0,,,,,,0.0,,,,,,FFA_P-16
b_48_firecrest,0.0,,,,,,12.0,,,,,,0.0,,,,,,Firecrest
it_fiat_6614_firos,0.0,,,,,,50.0,53.85,0.0,0.0,0.62,0.63,0.0,,,,,,FIROS_6
fj_4b_agm_12b,0.0,,,,,,29.0,83.34,0.33,0.38,2.24,2.56,0.0,,,,,,FJ-4B_VMF-232
germ_flakpanzer_38t_Gepard,0.0,,,,,,0.0,,,,,,0.0,,,,,,Flakpanzer_38
germ_flarakrad,0.0,,,,,,52.0,,,0.96,,0.0,0.0,,,,,,FlaRakRad
bf-109a_1,0.0,,,,,,0.0,,,,,,0.0,,,,,,Flegel's_Bf_109_A
uk_fv721_fox,0.0,,,,,,284.0,64.12,0.0,0.0,2.2,1.78,0.0,,,,,,Fox
it_freccia,0.0,,,,,,111.0,63.28,0.0,0.0,1.1,1.13,12.0,,,0.0,,1.0,Freccia
it_freccia_hitfist_ows,0.0,,,,,,198.0,53.46,0.0,0.0,1.72,1.31,0.0,,,,,,Freccia_OWS_30
fr_samp_t_launcher,0.0,,,,,,0.0,,,,,,0.0,,,,,,FSAF_SAMP/T_(Mamba)_(СОУ)
fr_samp_t_fcs,0.0,,,,,,102.0,55.56,1.77,2.28,0.0,0.0,0.0,,,,,,FSAF_SAMP/T_(Mamba)_(СОЦ)
it_samp_t_fcs,0.0,,,,,,46.0,50.0,1.0,1.0,0.0,0.0,0.0,,,,,,FSAF_SAMP/T_(СОЦ)
fury_mk1,0.0,,,,,,0.0,,,,,,0.0,,,,,,Fury_Mk_I
fury_mk2,0.0,,,,,,0.0,,,,,,0.0,,,,,,Fury_Mk_II
uk_fv4005,0.0,,,,,,53.0,41.03,0.0,0.0,2.08,2.38,0.0,,,,,,FV4005
fw-189a-1,0.0,,,,,,0.0,,,,,,0.0,,,,,,Fw_189_A-1
fw-190a-5_japan,0.0,,,,,,11.0,,,,,,0.0,,,,,,Fw_190_A-5
fw-190c,0.0,,,,,,0.0,,,,,,0.0,,,,,,Fw_190_C
fw-190d-13,0.0,,,,,,27.0,61.11,1.0,1.25,1.42,1.89,0.0,,,,,,Fw_190_D-13
fw-190d-9_ussr,0.0,,,,,,0.0,,,,,,4.0,,,3.0,,0.0,Fw_190_D-9
fw_200c_1,0.0,,,,,,14.0,,,,,,0.0,,,,,,Fw_200_C-1
fw_189c_0,0.0,,,,,,0.0,,,,,,0.0,,,,,,Fw_189_C
fiat_g50_seria7as,0.0,,,,,,0.0,,,,,,0.0,,,,,,G.50_AS_serie_7
fiat_g50_seria2,0.0,,,,,,0.0,,,,,,0.0,,,,,,G.50_serie_2
fiat_g50_seria2_italy,0.0,,,,,,0.0,,,,,,0.0,,,,,,G.50_serie_2
g_55_serie1_ss0,0.0,,,,,,27.0,,,,,,0.0,,,,,,G.55_sottoserie_0
g_55s,0.0,,,,,,26.0,100.0,1.23,1.16,1.23,1.16,3.0,,,5.0,,0.0,G.55S
g_56,0.0,,,,,,8.0,75.0,1.0,1.43,0.75,0.86,0.0,,,,,,G.56
fiat_g91_ps,0.0,,,,,,48.0,47.92,0.94,1.0,0.31,0.38,0.0,,,,,,G.91_pre-serie
fiat_g91_r1,0.0,,,,,,46.0,50.0,0.0,0.0,0.5,0.72,0.0,,,,,,G.91_R/1
fiat_g91_r4,0.0,,,,,,8.0,0.0,1.0,1.0,1.0,1.0,0.0,,,,,,G.91_R/4
fiat_g91_y,0.0,,,,,,20.0,100.0,4.5,,0.5,,0.0,,,,,,G.91_Y
fiat_g91_ys,0.0,,,,,,66.0,100.0,0.6,0.85,1.62,2.1,0.0,,,,,,G.91_YS
g4m1,0.0,,,,,,0.0,,,,,,0.0,,,,,,G4M1
g8n1,0.0,,,,,,42.0,66.67,1.0,3.0,0.0,0.0,0.0,,,,,,G8N1
f3f-2_galer,0.0,,,,,,36.0,100.0,2.0,2.0,0.0,0.0,0.0,,,,,,Galer's_F3F-2
germ_garford_putilov,0.0,,,,,,0.0,,,,,,0.0,,,,,,Garford-Beute
ussr_gaz_4m,0.0,,,,,,0.0,,,,,,0.0,,,,,,GAZ-AAA_(4M)
ussr_gaz_dshk,0.0,,,,,,0.0,,,,,,0.0,,,,,,GAZ-AAA_(DShK)
uk_vickers_gbt_155,0.0,,,,,,152.0,60.69,0.28,0.23,2.15,1.74,0.0,,,,,,GBT_155
il_m113a1_tow,0.0,,,,,,19.0,,,0.0,,0.0,0.0,,,,,,Giraf
gladiator_mk1_belgium,0.0,,,,,,0.0,,,,,,0.0,,,,,,Gladiator_Mk_I
gladiator_mk2,0.0,,,,,,0.0,,,,,,0.0,,,,,,Gladiator_Mk_II
gladiator_mk2_france,0.0,,,,,,0.0,,,,,,0.0,,,,,,Gladiator_Mk_IIF
gladiator_mk2_silver,0.0,,,,,,0.0,,,,,,0.0,,,,,,Gladiator_Mk_IIS
uk_mk1_grant,0.0,,,,,,0.0,,,,,,0.0,,,,,,Grant_I
uk_3_inch_gun_carrier,0.0,,,,,,0.0,,,,,,0.0,,,,,,Gun_Carrier_(3-in)
il_28_china,0.0,,,,,,0.0,,,,,,0.0,,,,,,H-5
h-75a-1_france,0.0,,,,,,0.0,,,,,,0.0,,,,,,H-75A-1
h-75a-4_france,0.0,,,,,,0.0,,,,,,0.0,,,,,,H-75A-4
fr_hotchkiss_h35,0.0,,,,,,0.0,,,,,,0.0,,,,,,H.35
fr_hotchkiss_h39,0.0,,,,,,0.0,,,,,,0.0,,,,,,H.39
fr_hotchkiss_h39_cambronne,0.0,,,,,,0.0,,,,,,0.0,,,,,,"H.39_""Cambronne"""
hp_12,0.0,,,,,,0.0,,,,,,0.0,,,,,,H.P.12
h6k4,0.0,,,,,,0.0,,,,,,0.0,,,,,,H6K4
h8k3,0.0,,,,,,0.0,,,,,,0.0,,,,,,H8K3
jp_type_95_ha_go,0.0,,,,,,0.0,,,,,,0.0,,,,,,Ha-Go
jp_type_95_ha_go_commander,0.0,,,,,,0.0,,,,,,0.0,,,,,,Ha-Go_Commander
a5m4_hagiri,0.0,,,,,,0.0,,,,,,0.0,,,,,,Hagiri's_A5M4
halifax_mk3,0.0,,,,,,0.0,,,,,,0.0,,,,,,Halifax_B_Mk_IIIa
hp52_hampden_mk1_late,0.0,,,,,,0.0,,,,,,0.0,,,,,,Hampden_Mk_I
hp52_hampden_tbmk1,0.0,,,,,,0.0,,,,,,0.0,,,,,,Hampden_TB_Mk_I
harrier_gr3,0.0,,,,,,7.0,100.0,1.67,1.57,1.67,1.57,0.0,,,,,,Harrier_GR.3
harrier_gr7,0.0,,,,,,37.0,47.37,1.0,1.95,0.53,1.0,0.0,,,,,,Harrier_GR.7
intruder_mk_1,0.0,,,,,,0.0,,,,,,0.0,,,,,,Havoc_Mk_I
hawk_200,0.0,,,,,,50.0,50.0,0.5,1.0,1.83,3.67,0.0,,,,,,Hawk_200
hawk_200_rda,0.0,,,,,,14.0,100.0,3.0,3.0,0.0,0.0,0.0,,,,,,Hawk_200_RDA
h-75a-2_finland,0.0,,,,,,0.0,,,,,,0.0,,,,,,Hawk_H-75A-2
hawk_iii,0.0,,,,,,0.0,,,,,,0.0,,,,,,Hawk_III
he-111h-6,0.0,,,,,,0.0,,,,,,0.0,,,,,,He_111_H-6
he_112a_0,0.0,,,,,,0.0,,,,,,0.0,,,,,,He_112_A-0
he_112b_1_italy,0.0,,,,,,0.0,,,,,,0.0,,,,,,He_112_B-1/U2
he_112b_1,0.0,,,,,,0.0,,,,,,0.0,,,,,,He_112_B-1/U2
he_112b_2,0.0,,,,,,1.0,,,,,,0.0,,,,,,He_112_B-2/U2
he_115c_1,0.0,,,,,,0.0,,,,,,0.0,,,,,,He_115_C-1
he-162a-1,0.0,,,,,,0.0,,,,,,0.0,,,,,,He_162_A-1
he-162a-2,0.0,,,,,,175.0,45.68,1.23,1.52,0.1,0.09,0.0,,,,,,He_162_A-2
he-177a-3,0.0,,,,,,0.0,,,,,,0.0,,,,,,He_177_A-3
he-177a-5,0.0,,,,,,0.0,,,,,,0.0,,,,,,He_177_A-5
he_219a_7,0.0,,,,,,17.0,,,,,,0.0,,,,,,He_219_A-7
he51a1,0.0,,,,,,0.0,,,,,,0.0,,,,,,He_51_A-1
he51b_2w,0.0,,,,,,0.0,,,,,,0.0,,,,,,He_51_B-2/H
he51c1,0.0,,,,,,0.0,,,,,,0.0,,,,,,He_51_C-1
he51c1_late,0.0,,,,,,0.0,,,,,,0.0,,,,,,He_51_C-1/L
jp_pzkpfw_VI_ausf_e_tiger,0.0,,,,,,1.0,,,,,,0.0,,,,,,Heavy_Tank_No.6
us_m18_hellcat_kit_3rank,0.0,,,,,,44.0,7.14,0.0,0.0,2.5,2.11,0.0,,,,,,Hellcat_(Hell)
marut_mk1,0.0,,,,,,2.0,100.0,0.0,0.0,0.0,0.0,0.0,,,,,,HF-24
go229_v3,0.0,,,,,,85.0,50.0,1.05,1.84,1.0,1.94,0.0,,,,,,Ho_229_V3
jp_type_2_ho_i,0.0,,,,,,2.0,,,0.0,,2.0,0.0,,,,,,Ho-I
jp_type_5_ho_ri_prototype,0.0,,,,,,85.0,80.21,0.0,0.0,4.68,3.53,0.0,,,,,,Ho-Ri_Prototype
jp_type_4_ho_ro,0.0,,,,,,54.0,66.67,0.0,0.0,3.33,3.55,0.0,,,,,,Ho-Ro
hornet_mk1,0.0,,,,,,24.0,50.0,1.5,1.5,0.5,0.5,0.0,,,,,,Hornet_Mk.I
hornet_mk3,0.0,,,,,,0.0,,,,,,0.0,,,,,,Hornet_Mk.III
il_m163_vulcan,0.0,,,,,,28.0,,,0.0,,0.0,0.0,,,,,,Hovet
cn_hq_11,0.0,,,,,,0.0,,,,,,0.0,,,,,,HQ11
hs-123a-1,0.0,,,,,,0.0,,,,,,0.0,,,,,,Hs_123_A-1
hs-129b-2,0.0,,,,,,0.0,,,,,,0.0,,,,,,Hs_129_B-2
hs-129b-2_romania_italy,0.0,,,,,,15.0,,,,,,0.0,,,,,,Hs_129_B-2_(Romania)
hs-129b-2_romania,0.0,,,,,,0.0,,,,,,0.0,,,,,,Hs_129_B-2_(Romania)
hs-129b-3,0.0,,,,,,62.0,48.39,0.0,0.0,0.48,0.76,0.0,,,,,,Hs_129_B-3
us_hstv_l,0.0,,,,,,2358.0,59.5,0.0,0.0,1.54,1.39,0.0,,,,,,HSTV-L
hudson_mk_v,0.0,,,,,,0.0,,,,,,0.0,,,,,,Hudson_Mk_V
germ_hummel,0.0,,,,,,32.0,,,0.0,,1.72,0.0,,,,,,Hummel
il_hunter_afv,0.0,,,,,,0.0,,,,,,0.0,,,,,,Hunter_AFV
hunter_f1,0.0,,,,,,3.0,100.0,1.0,1.0,1.0,1.0,0.0,,,,,,Hunter_F.1
hunter_f6,0.0,,,,,,112.0,72.22,2.43,2.21,0.58,0.63,0.0,,,,,,Hunter_F.6
hunter_f9_rhodesia,0.0,,,,,,36.0,66.67,2.06,6.2,2.06,6.2,0.0,,,,,,Hunter_FGA.9
hurricane_mk1,0.0,,,,,,0.0,,,,,,0.0,,,,,,Hurricane_Mk_I/L
hurricanemkii,0.0,,,,,,0.0,,,,,,0.0,,,,,,Hurricane_Mk_IIB/Trop
hurricane_mk4,0.0,,,,,,0.0,,,,,,0.0,,,,,,Hurricane_Mk_IV
hurricane_mk1_late_ep,0.0,,,,,,0.0,,,,,,0.0,,,,,,Hurricane_Mk.I/L_FAA_M
i-15_1935,0.0,,,,,,0.0,,,,,,0.0,,,,,,I-15_M-22
i-15bis,0.0,,,,,,0.0,,,,,,0.0,,,,,,I-15bis
i-16_type10,0.0,,,,,,0.0,,,,,,0.0,,,,,,I-16_type_10
i-16_type18,0.0,,,,,,0.0,,,,,,0.0,,,,,,I-16_type_18
i-16_type5,0.0,,,,,,0.0,,,,,,0.0,,,,,,I-16_type_5
ia_58a_pucara,0.0,,,,,,67.0,91.25,0.63,0.54,3.67,3.29,0.0,,,,,,IA.58A_Pucara
gladiator_j8a_iacobi,0.0,,,,,,0.0,,,,,,0.0,,,,,,Iacobi's_J8A
iar_81c,0.0,,,,,,6.0,100.0,1.0,1.0,1.0,1.0,0.0,,,,,,IAR-81C
iar_81c_db_605,,,,,,,,,,,,,,,,,,,IAR-81C_(DB_605)
iar_93b,0.0,,,,,,21.0,100.0,1.5,2.0,2.75,3.0,0.0,,,,,,IAR-93B
jp_icv_ifv_prototype,0.0,,,,,,98.0,50.0,0.63,0.33,3.23,1.83,0.0,,,,,,ICV_(P)
sw_ikv_91_105,0.0,,,,,,303.0,51.13,0.07,0.06,2.02,2.15,0.0,,,,,,Ikv_91-105
il_28,0.0,,,,,,16.0,,,0.0,,0.0,0.0,,,,,,IL-28
il_28sh,0.0,,,,,,21.0,0.0,0.0,0.0,0.45,0.47,0.0,,,,,,IL-28Sh
il-4,0.0,,,,,,0.0,,,,,,0.0,,,,,,IL-4
us_mim_72_chaparral,0.0,,,,,,44.0,,,1.3,,0.0,0.0,,,,,,Imp.Chaparral
uk_a1e1_independent,0.0,,,,,,0.0,,,,,,0.0,,,,,,Independent
germ_iris_slm_launcher,,,,,,,,,,,,,,,,,,,IRIS-T_SLM_(СОУ)
germ_iris_slm_fcs,0.0,,,,,,331.0,29.42,3.23,1.87,0.0,0.0,0.0,,,,,,IRIS-T_SLM_(СОЦ)
ussr_is_2_1944_revenge,0.0,,,,,,23.0,100.0,0.0,0.0,2.72,2.72,0.0,,,,,,"IS-2_""Revenge"""
ussr_is_2_1944_321,0.0,,,,,,2.0,50.0,0.0,0.0,1.0,2.0,0.0,,,,,,IS-2_No.321
cn_is_2_1943_no402,0.0,,,,,,0.0,,,,,,0.0,,,,,,IS-2_No.402
ussr_isu_152,0.0,,,,,,48.0,,,0.0,,1.63,0.0,,,,,,ISU-152
it_semovente_m43_75_bersaglieri,,,,,,,,,,,,,,,,,,,it_semovente_m43_75_bersaglieri
sw_crotale_ng,0.0,,,,,,25.0,0.0,1.0,1.0,0.0,0.0,0.0,,,,,,ItO_90M
fr_crotale_ng,0.0,,,,,,30.0,50.0,0.58,1.05,0.0,0.0,0.0,,,,,,ItO_90M
sw_itpsv_90,0.0,,,,,,1279.0,49.67,0.11,0.1,1.87,1.47,0.0,,,,,,ItPsV_Leopard
j_10a,0.0,,,,,,103.0,58.33,1.25,1.89,0.05,0.05,0.0,,,,,,J-10A
j_10c,0.0,,,,,,53.0,94.12,3.04,3.49,0.62,0.77,0.0,,,,,,J-10C
j_11,0.0,,,,,,25.0,84.31,2.66,3.26,0.0,0.0,11.0,,,,,,J-11
j_11a,0.0,,,,,,84.0,47.54,1.83,3.57,0.12,0.22,0.0,,,,,,J-11A
j_11b,0.0,,,,,,36.0,100.0,2.67,2.62,0.72,0.62,0.0,,,,,,J-11B
j_15t,0.0,,,,,,137.0,82.8,2.71,2.36,1.6,1.29,21.0,,,1.0,,0.38,J-15T
j_22m1a,0.0,,,,,,183.0,56.62,0.0,0.0,2.89,5.05,0.0,,,,,,J-22M1A
mig-17_china,0.0,,,,,,0.0,,,,,,0.0,,,,,,J-4
mig-19j_6a,0.0,,,,,,6.0,100.0,2.0,,0.0,,0.0,,,,,,J-6A
j_7d,0.0,,,,,,267.0,62.66,1.39,1.8,0.27,0.34,0.0,,,,,,J-7D
j_7_mk2,0.0,,,,,,0.0,,,,,,0.0,,,,,,J-7II
j_8f,0.0,,,,,,13.0,100.0,1.0,1.0,0.0,0.0,0.0,,,,,,J-8F
saab_j21ra,0.0,,,,,,0.0,,,,,,0.0,,,,,,J21RA
saab_j29a,0.0,,,,,,59.0,,,2.25,,3.0,0.0,,,,,,J29A
saab_j29d,0.0,,,,,,6.0,,,,,,0.0,,,,,,J29D
saab_j29f,0.0,,,,,,0.0,,,,,,0.0,,,,,,J29F
j2m2,0.0,,,,,,17.0,100.0,4.13,,0.5,,0.0,,,,,,J2M2
j2m3,0.0,,,,,,52.0,78.57,1.89,1.94,0.0,0.0,0.0,,,,,,J2M3
j2m4_kai,0.0,,,,,,44.0,72.22,1.56,2.0,0.1,0.17,0.0,,,,,,J2M4_Kai
j2m5,0.0,,,,,,17.0,,,,,,0.0,,,,,,J2M5
j2m5_30mm,0.0,,,,,,114.0,56.32,1.33,1.44,1.86,1.8,0.0,,,,,,J2M5
saab_j32b,0.0,,,,,,0.0,,,,,,0.0,,,,,,J32B
hunter_f50_sweden,0.0,,,,,,0.0,,,,,,0.0,,,,,,J34
saab_j35a,0.0,,,,,,43.0,62.89,1.37,1.89,0.03,0.05,21.0,,,3.75,,0.0,J35A
j5n1,0.0,,,,,,1.0,,,,,,0.0,,,,,,J5N1
j6k1,0.0,,,,,,23.0,100.0,2.36,2.31,3.14,3.27,0.0,,,,,,J6K1
j7w1,0.0,,,,,,398.0,71.11,0.79,0.7,2.23,1.97,0.0,,,,,,J7W1
j9_early,0.0,,,,,,5.0,50.0,1.0,2.0,0.0,0.0,0.0,,,,,,J9_Early
saab_ja37d,0.0,,,,,,43.0,44.44,0.81,1.03,0.0,0.0,0.0,,,,,,JA37D
saab_ja37di,0.0,,,,,,0.0,,,,,,0.0,,,,,,JA37DI
saab_ja37di_f21,0.0,,,,,,306.0,36.29,1.47,1.7,0.0,0.0,11.0,,,1.43,,0.0,JA37DI_F21
germ_jaguar_2,0.0,,,,,,94.0,20.43,0.0,0.0,1.09,0.73,0.0,,,,,,Jaguar_2
jaguar_a,0.0,,,,,,66.0,68.45,0.0,0.0,0.95,1.13,0.0,,,,,,Jaguar_A
jaguar_e,0.0,,,,,,0.0,,,,,,0.0,,,,,,Jaguar_E
jaguar_gr1,0.0,,,,,,11.0,0.0,2.0,2.0,4.0,4.0,0.0,,,,,,Jaguar_GR.1
jaguar_gr1a,0.0,,,,,,15.0,0.0,0.0,0.17,2.8,3.0,0.0,,,,,,Jaguar_GR.1A
jaguar_is,0.0,,,,,,43.0,80.43,0.8,0.94,0.59,0.69,46.0,34.0,0.34,0.72,1.0,1.59,Jaguar_IS
germ_sk105_a2,0.0,,,,,,58.0,,,0.0,,0.68,0.0,,,,,,JaPz.K_A2
saab_jas39a,0.0,,,,,,45.0,35.55,0.83,1.27,0.34,0.53,0.0,,,,,,JAS39A
saab_jas39c,0.0,,,,,,100.0,38.17,1.21,1.24,0.0,0.0,0.0,,,,,,JAS39C
saab_jas39c_thailand,0.0,,,,,,71.0,60.92,1.0,2.19,0.12,0.27,15.0,,,,,,JAS39C
saab_jas39d,0.0,,,,,,69.0,75.67,0.6,0.62,0.03,0.04,14.0,,,1.0,,0.0,JAS39D
saab_jas39e,0.0,,,,,,403.0,68.37,1.45,1.33,1.05,1.08,0.0,,,,,,JAS39E
javelin_fmk9,0.0,,,,,,213.0,52.75,1.01,2.15,0.33,0.68,2.0,,,2.0,,0.0,Javelin_F.(A.W.)_Mk.9
jf_17,0.0,,,,,,94.0,50.0,1.83,1.48,0.43,0.46,0.0,,,,,,JF-17
jh_7,0.0,,,,,,0.0,,,,,,0.0,,,,,,JH-7
jh_7a_prototype,0.0,,,,,,44.0,50.0,0.5,0.08,3.5,2.13,0.0,,,,,,JH-7A_Prototype
jh_7a2,0.0,,,,,,0.0,,,,,,0.0,,,,,,JH-7A2
ju-388j,0.0,,,,,,0.0,,,,,,0.0,,,,,,Ju_388_J
ju-87b-2,0.0,,,,,,0.0,,,,,,0.0,,,,,,Ju_87_B-2
ju-87d-3,0.0,,,,,,0.0,,,,,,0.0,,,,,,Ju_87_D-3
ju-87g_1,0.0,,,,,,0.0,,,,,,0.0,,,,,,Ju_87_G-1
ju-87g_2,0.0,,,,,,0.0,,,,,,0.0,,,,,,Ju_87_G-2
ju-87r-2,0.0,,,,,,12.0,100.0,1.0,1.0,3.0,2.64,0.0,,,,,,Ju_87_R-2
ju-87r-2_italy,0.0,,,,,,31.0,15.87,0.0,0.0,0.0,0.0,0.0,,,,,,Ju_87_R-2
ju-87r-2_snake,0.0,,,,,,0.0,,,,,,0.0,,,,,,Ju_87_R-2_Libya
ju-88a-1,0.0,,,,,,0.0,,,,,,0.0,,,,,,Ju_88_A-1
jp_type_2_ka_mi,0.0,,,,,,28.0,50.0,0.0,0.0,3.43,6.87,0.0,,,,,,Ka-Mi
kfir_c2,0.0,,,,,,18.0,50.0,0.5,0.5,0.0,0.0,11.0,,,1.0,,0.0,Kfir_C.2
kfir_c7,0.0,,,,,,45.0,33.33,0.7,1.0,0.7,1.0,0.0,,,,,,Kfir_C.7
kfir_canard,0.0,,,,,,79.0,19.54,0.88,0.84,2.62,2.54,15.0,,,,,,Kfir_Canard
uk_khalid,0.0,,,,,,189.0,82.79,0.0,0.0,3.88,2.43,0.0,,,,,,Khalid
ussr_9p157,0.0,,,,,,224.0,34.39,0.0,0.0,1.81,1.07,0.0,,,,,,Khrizantema-S
ki_10_2_commander,0.0,,,,,,0.0,,,,,,0.0,,,,,,Ki-10-II_C
ki_100_2,0.0,,,,,,119.0,74.13,0.57,0.55,2.66,2.69,0.0,,,,,,Ki-100-II
ki_102_otsu,0.0,,,,,,0.0,,,,,,0.0,,,,,,Ki-102_otsu
ki_108,0.0,,,,,,0.0,,,,,,0.0,,,,,,Ki-108_Kai
ki_109,0.0,,,,,,32.0,55.88,0.0,0.0,3.18,5.88,0.0,,,,,,Ki-109
ki-27_otsu_ep,0.0,,,,,,0.0,,,,,,0.0,,,,,,Ki-27_otsu_Tachiarai
ki_43_2,0.0,,,,,,2.0,,,,,,18.0,100.0,0.0,0.0,1.0,1.0,Ki-43-II
ki_44_1,0.0,,,,,,0.0,,,,,,0.0,,,,,,Ki-44-I
ki_44_2_otsu,0.0,,,,,,0.0,,,,,,0.0,,,,,,Ki-44-II_otsu
ki-45_hei,0.0,,,,,,0.0,,,,,,0.0,,,,,,Ki-45_hei
ki-45_otsu,0.0,,,,,,0.0,,,,,,0.0,,,,,,Ki-45_otsu
ki-45_tei,0.0,,,,,,0.0,,,,,,0.0,,,,,,Ki-45_tei
ki_48_2_otsu,0.0,,,,,,0.0,,,,,,0.0,,,,,,Ki-48-II_otsu
ki-49_1,0.0,,,,,,0.0,,,,,,0.0,,,,,,Ki-49-I
ki-49_2a,0.0,,,,,,0.0,,,,,,0.0,,,,,,Ki-49-IIa
ki-49_2b,0.0,,,,,,0.0,,,,,,0.0,,,,,,Ki-49-IIb
ki-49_2b_late,0.0,,,,,,0.0,,,,,,0.0,,,,,,Ki-49-IIb/L
ki_61_1a_tei,0.0,,,,,,5.0,100.0,0.0,0.0,0.0,0.0,0.0,,,,,,Ki-61-I_tei
ki_61_1a_otsu_usa,0.0,,,,,,11.0,100.0,0.0,0.0,1.0,1.0,0.0,,,,,,Ki-61-Ib
ki_67_1_ko,0.0,,,,,,0.0,,,,,,0.0,,,,,,Ki-67-I_Ko
ki_84_otsu,0.0,,,,,,29.0,50.0,1.5,2.0,0.0,0.43,0.0,,,,,,Ki-84_otsu
ki_87,0.0,,,,,,10.0,100.0,0.0,0.0,1.0,1.0,0.0,,,,,,Ki-87
ki_94_2,0.0,,,,,,7.0,,,,,,0.0,,,,,,Ki-94-II
ki-96,0.0,,,,,,0.0,,,,,,0.0,,,,,,Ki-96
kitsuka,0.0,,,,,,146.0,91.3,0.23,0.23,3.1,3.37,0.0,,,,,,Kikka
kor_1,,,,,,,,,,,,,,,,,,,KOR-1
i-15bis_krasnolutsky,0.0,,,,,,0.0,,,,,,0.0,,,,,,Krasnolutsky's_I-15bis
sw_kungstiger,0.0,,,,,,1.0,,,0.0,,4.0,0.0,,,,,,Kungstiger
f-4e_iaf,0.0,,,,,,110.0,67.16,0.71,0.84,1.81,2.11,0.0,,,,,,Kurnass
f-4e_kurnass_2000,0.0,,,,,,3.0,100.0,2.0,,1.0,,0.0,,,,,,Kurnass_2000
l_39za_art_thailand,0.0,,,,,,339.0,89.13,0.42,0.59,4.5,6.24,0.0,,,,,,L-39ZA/ART_Albatros
it_l3_cc,0.0,,,,,,9.0,,,0.0,,0.0,0.0,,,,,,L3/33_CC
it_l6,0.0,,,,,,0.0,,,,,,0.0,,,,,,L6/40
it_l6_leone,0.0,,,,,,0.0,,,,,,0.0,,,,,,L6/40_(31_Rgt.)
la-11,0.0,,,,,,0.0,,,,,,0.0,,,,,,La-11
la-5fn_luftwaffe,0.0,,,,,,16.0,50.0,0.5,1.0,0.0,0.0,0.0,,,,,,La-5FN
lagg-3-4,0.0,,,,,,0.0,,,,,,0.0,,,,,,LaGG-3-4
lancaster_mk1,0.0,,,,,,40.0,66.67,0.0,0.0,0.0,0.0,0.0,,,,,,Lancaster_B_Mk_I
lancaster_mk3,0.0,,,,,,8.0,50.0,0.0,0.0,1.07,2.14,0.0,,,,,,Lancaster_B_Mk_III
it_lancia3ro_100,0.0,,,,,,0.0,,,,,,0.0,,,,,,Lancia_3Ro_(100/17)
late_298d,0.0,,,,,,0.0,,,,,,0.0,,,,,,Late_298D
fr_leclerc_azur,0.0,,,,,,304.0,54.21,0.0,0.0,2.8,2.2,0.0,,,,,,Leclerc_AZUR
fr_leclerc_sxxi,0.0,,,,,,325.0,51.34,0.0,0.0,3.23,2.07,0.0,,,,,,Leclerc_SXXI
leo_451_early,0.0,,,,,,0.0,,,,,,0.0,,,,,,LeO_451_early
fr_leopard_1a5be,0.0,,,,,,37.0,76.47,0.0,0.0,1.31,1.36,0.0,,,,,,Leopard_1A5BE
sw_leopard_1a5no,0.0,,,,,,332.0,47.67,0.0,0.0,2.02,1.55,0.0,,,,,,Leopard_1A5NO2
sw_leopard_2a4_fin,0.0,,,,,,320.0,38.22,0.0,0.0,1.26,1.05,0.0,,,,,,Leopard_2A4
germ_leopard_2av,0.0,,,,,,62.0,87.5,0.0,0.0,3.0,2.04,0.0,,,,,,Leopard_2AV
jp_leopard_2ri,0.0,,,,,,115.0,55.33,0.0,0.0,1.96,1.94,0.0,,,,,,Leopard_2RI
uk_vickers_mk_6_aa_mk_1,0.0,,,,,,0.0,,,,,,0.0,,,,,,Light_AA_Mk_I
lightning_f53,0.0,,,,,,11.0,,,,,,0.0,,,,,,Lightning_F.53
lightning_f6,0.0,,,,,,1.0,100.0,2.0,2.0,0.0,0.0,2.0,,,2.0,,0.0,Lightning_F.6
lincoln_b2,0.0,,,,,,34.0,100.0,3.5,7.0,0.0,0.0,0.0,,,,,,Lincoln_B_Mk_II
fr_lorraine_155,0.0,,,,,,5.0,,,0.0,,1.0,0.0,,,,,,Lorraine_155_Mle.50
fr_lorraine_37l,0.0,,,,,,0.0,,,,,,0.0,,,,,,Lorraine_37L
us_losat_ccv,0.0,,,,,,41.0,0.0,0.0,0.0,0.0,0.0,0.0,,,,,,LOSAT
germ_sppz2_luchs_a2,0.0,,,,,,50.0,0.0,0.83,0.19,0.0,0.0,0.0,,,,,,Luchs_A2
sw_lvrbv_701,0.0,,,,,,7.0,,,,,,0.0,,,,,,Lvrbv_701
us_lvt_a_4,0.0,,,,,,0.0,,,,,,0.0,,,,,,LVT(A)(4)
us_lvt_4_zis_2,0.0,,,,,,0.0,,,,,,0.0,,,,,,LVT(A)(4)_(ZIS-2)
cn_lvt_4_zis_2,0.0,,,,,,0.0,,,,,,0.0,,,,,,LVT(A)(4)_(ZiS-2)
fr_lvt_bofors,0.0,,,,,,16.0,100.0,0.0,0.0,2.0,1.31,0.0,,,,,,LVT-4/40
m_346fa,0.0,,,,,,16.0,50.0,1.0,2.0,0.0,0.0,0.0,,,,,,M-346FA
mb_151c1,0.0,,,,,,0.0,,,,,,0.0,,,,,,M.B.151C.1
mb_152c1,0.0,,,,,,0.0,,,,,,0.0,,,,,,M.B.152C1
mb_162,0.0,,,,,,0.0,,,,,,0.0,,,,,,M.B.162
mb_174_a3,0.0,,,,,,0.0,,,,,,0.0,,,,,,M.B.174A-3
mb_175t,0.0,,,,,,0.0,,,,,,0.0,,,,,,M.B.175T
md_450b_barougan,0.0,,,,,,8.0,,,0.0,,0.0,0.0,,,,,,M.D.450B_Barougan
md_450b_ouragan,0.0,,,,,,16.0,100.0,0.0,0.0,0.91,0.91,0.0,,,,,,M.D.450B_Ouragan
md_452_mystere_2a,0.0,,,,,,19.0,50.0,0.5,1.0,1.0,1.89,0.0,,,,,,M.D.452_IIA
md_452_mystere_2c_preproduction,0.0,,,,,,45.0,75.0,0.0,0.0,0.75,1.0,0.0,,,,,,M.D.452_IIC
ms_405c1,0.0,,,,,,0.0,,,,,,0.0,,,,,,M.S.405C1
ms_406c1,0.0,,,,,,0.0,,,,,,0.0,,,,,,M.S.406C1
fr_m10,0.0,,,,,,61.0,50.0,0.0,0.0,4.28,3.32,0.0,,,,,,M10_GMC
us_m103,0.0,,,,,,185.0,73.82,0.0,0.0,3.77,1.87,0.0,,,,,,M103
uk_m109a1,0.0,,,,,,39.0,0.0,0.0,0.0,1.0,0.67,0.0,,,,,,M109A1
germ_m109g,0.0,,,,,,53.0,0.0,0.0,0.0,1.0,0.35,0.0,,,,,,M109G
us_m1128_wolfpack,0.0,,,,,,1001.0,55.08,0.0,0.0,1.44,0.98,0.0,,,,,,M1128_Wolfpack
it_m113a1_tow,0.0,,,,,,25.0,,,0.0,,0.04,0.0,,,,,,M113A1_(TOW)
us_m1296_dragoon,0.0,,,,,,82.0,52.78,0.0,0.0,2.5,0.92,0.0,,,,,,M1296
us_halftrack_m13,0.0,,,,,,0.0,,,,,,0.0,,,,,,M13_MGMC
it_m13_40_serie_2,0.0,,,,,,0.0,,,,,,0.0,,,,,,M13/40_(II)
it_m13_40_serie_3,0.0,,,,,,0.0,,,,,,0.0,,,,,,M13/40_(III)
it_m14_41,0.0,,,,,,9.0,,,0.0,,4.0,0.0,,,,,,M14/41
us_halftrack_m15,0.0,,,,,,0.0,,,,,,0.0,,,,,,M15_CGMC
it_m15_42,0.0,,,,,,16.0,,,0.0,,3.0,0.0,,,,,,M15/42
us_halftrack_m16,0.0,,,,,,16.0,,,,,,0.0,,,,,,M16_MGMC
us_m163_vulcan,0.0,,,,,,296.0,49.01,0.25,0.23,0.02,0.02,0.0,,,,,,M163
jp_m163_vulcan,0.0,,,,,,187.0,70.18,0.87,1.15,0.21,0.26,0.0,,,,,,M163
jp_m19,0.0,,,,,,44.0,41.67,0.33,0.33,1.25,0.5,0.0,,,,,,M19A1
uk_m1a1_aim_abrams,0.0,,,,,,2.0,100.0,0.0,0.0,3.0,3.0,0.0,,,,,,M1A1
uk_m1a2_sep3_abrams,0.0,,,,,,92.0,56.91,0.0,0.0,2.79,2.01,0.0,,,,,,M1A2
us_m24_chaffee_tl,0.0,,,,,,23.0,50.0,0.0,0.0,1.0,3.5,0.0,,,,,,M24_(TL)
us_m2a2,0.0,,,,,,0.0,,,,,,0.0,,,,,,M2A2
ussr_m3c,0.0,,,,,,0.0,,,,,,0.0,,,,,,M3_Medium
us_m3a1_stuart_usmc,0.0,,,,,,0.0,,,,,,0.0,,,,,,M3A1_(USMC)
it_m3a3_stuart,0.0,,,,,,19.0,100.0,0.0,0.0,1.0,1.0,0.0,,,,,,M3A3
us_m4a2_1944_germ,0.0,,,,,,0.0,,,,,,0.0,,,,,,M4_748_(a)
cn_m_41d,0.0,,,,,,28.0,6.67,0.0,0.0,0.47,0.17,0.0,,,,,,M41D
it_semovente_m43_105_leoncello,0.0,,,,,,0.0,,,,,,0.0,,,,,,"M43_""G.C.Leoncello"""
fr_m44,0.0,,,,,,50.0,97.33,0.0,0.0,1.3,1.0,0.0,,,,,,M44
it_m44,0.0,,,,,,64.0,66.13,0.0,0.0,1.87,1.49,0.0,,,,,,M44
uk_m44,0.0,,,,,,0.0,,,,,,0.0,,,,,,M44
us_m46_patton_73_armor_bat,0.0,,,,,,235.0,70.18,0.0,0.0,4.73,2.91,0.0,,,,,,"M46_""Tiger"""
us_m47_patton_II,0.0,,,,,,300.0,56.17,0.0,0.0,1.98,1.36,0.0,,,,,,M47
it_m47_105,0.0,,,,,,160.0,76.88,0.0,0.0,3.38,1.8,0.0,,,,,,M47_(105/55)
germ_mkpz_super_m48,0.0,,,,,,72.0,53.33,0.0,0.0,3.87,2.01,17.0,100.0,0.0,0.0,1.0,1.0,M48_Super
us_m4a2_1944,,,,,,,,,,,,,,,,,,,M4A2_(1944)
fr_m4a3e2_sherman_jumbo,0.0,,,,,,77.0,91.67,0.0,0.0,4.81,5.06,0.0,,,,,,M4A3E2
us_m4a5_ram_2,0.0,,,,,,0.0,,,,,,0.0,,,,,,M4A5
it_m55,0.0,,,,,,34.0,0.0,0.0,0.0,1.0,0.8,9.0,,,,,,M55
us_m551,0.0,,,,,,543.0,61.64,0.0,0.0,1.46,1.08,0.0,,,,,,M551
us_m5a1_stuart_td,0.0,,,,,,0.0,,,,,,0.0,,,,,,M5A1_TD
us_m60a3_slep,0.0,,,,,,75.0,84.48,0.0,0.0,3.07,2.34,0.0,,,,,,M60_AMBT
us_m60a1_rise_mod,0.0,,,,,,49.0,39.21,0.0,0.0,1.58,1.58,0.0,,,,,,M60A1_Predator
us_m6a2e1,0.0,,,,,,68.0,50.0,0.0,0.0,4.72,4.17,0.0,,,,,,M6A2E1
us_m728,0.0,,,,,,3.0,100.0,0.0,0.0,4.0,4.0,0.0,,,,,,M728_CEV
us_m8_scott,0.0,,,,,,0.0,,,,,,0.0,,,,,,M8_HMC
us_m8_greyhound,0.0,,,,,,11.0,,,0.0,,1.45,0.0,,,,,,M8_LAC
us_m8a1,0.0,,,,,,0.0,,,,,,0.0,,,,,,M8A1_GMC
il_machbet,0.0,,,,,,42.0,100.0,0.0,0.0,0.0,0.0,0.0,,,,,,Machbet
us_magach_3,0.0,,,,,,11.0,,,0.0,,1.0,0.0,,,,,,Magach_3_(ERA)
il_magach_3,0.0,,,,,,13.0,,,0.0,,1.27,0.0,,,,,,Magach_3_(ERA)
il_magach_6,0.0,,,,,,19.0,50.0,0.0,0.0,1.5,1.71,0.0,,,,,,Magach_6
il_magach_6a,0.0,,,,,,43.0,50.0,0.0,0.0,0.95,1.66,0.0,,,,,,Magach_6A
il_magach_6b,0.0,,,,,,41.0,46.15,0.0,0.0,2.54,2.38,0.0,,,,,,Magach_6B
il_magach_6b_gal,0.0,,,,,,162.0,61.57,0.0,0.0,1.58,1.36,0.0,,,,,,Magach_6B_Gal
il_magach_6m,0.0,,,,,,38.0,82.78,0.0,0.0,0.84,1.0,0.0,,,,,,Magach_6M
il_magach_6r,0.0,,,,,,78.0,88.2,0.0,0.0,3.33,2.36,0.0,,,,,,Magach_6R
fiat_cr42_marcolin,0.0,,,,,,0.0,,,,,,0.0,,,,,,Marcolin's_C.R.42_CN
fiat_cr42_marcolin_italy,0.0,,,,,,0.0,,,,,,0.0,,,,,,Marcolin's_C.R.42_CN
germ_marder_1a3,0.0,,,,,,298.0,33.68,0.0,0.0,0.9,0.66,0.0,,,,,,Marder_1A3
germ_marder_1a1,0.0,,,,,,272.0,27.14,0.07,0.06,0.72,0.72,0.0,,,,,,Marder_A1-
uk_mark_v,0.0,,,,,,0.0,,,,,,0.0,,,,,,Mark_V
martin_139wc,0.0,,,,,,0.0,,,,,,0.0,,,,,,Martin_139WC
maryland_mk1_france,0.0,,,,,,0.0,,,,,,0.0,,,,,,Martin_167-A3
f4f-4_martlet_mk4,0.0,,,,,,19.0,,,,,,0.0,,,,,,Martlet_Mk_IV
uk_matilda_hedgehog,0.0,,,,,,0.0,,,,,,0.0,,,,,,Matilda_Hedgehog
uk_a_12_mk_2_matilda_2,0.0,,,,,,0.0,,,,,,0.0,,,,,,Matilda_III
mb_326b,0.0,,,,,,137.0,89.29,0.0,0.0,4.87,5.68,4.0,,,,,,MB-326B
mb_5,0.0,,,,,,5.0,100.0,3.0,3.0,2.0,2.0,4.0,,,,,,MB.5
mbr-2,0.0,,,,,,0.0,,,,,,0.0,,,,,,MBR-2-M-34
me-163b,0.0,,,,,,0.0,,,,,,0.0,,,,,,Me_163_B
me-163b-0,0.0,,,,,,0.0,,,,,,0.0,,,,,,Me_163_B-0
me_210_v22_japan,0.0,,,,,,0.0,,,,,,0.0,,,,,,Me_210_V22
me-262a-1a_early,0.0,,,,,,87.0,47.1,0.33,0.63,1.37,2.65,0.0,,,,,,Me_262_A-1a/Jabo
me-262a-2a,0.0,,,,,,43.0,96.55,2.43,2.22,1.1,2.22,0.0,,,,,,Me_262_A-2a
me-262c-1a,0.0,,,,,,0.0,,,,,,0.0,,,,,,Me_262_C-1a
me-262c-2b,0.0,,,,,,0.0,,,,,,0.0,,,,,,Me_262_C-2b
me-410a-1_u4,0.0,,,,,,81.0,0.0,0.0,0.0,1.77,1.14,0.0,,,,,,Me_410_A-1/U4
me-410b-2_u4,0.0,,,,,,23.0,89.13,0.72,0.83,1.15,1.43,0.0,,,,,,Me_410_B-2/U4
us_merkava_mk_1,0.0,,,,,,57.0,50.0,0.0,0.0,1.58,1.54,0.0,,,,,,Merkava_Mk.1
us_merkava_mk_2b_late,0.0,,,,,,27.0,0.0,0.0,0.0,2.33,2.71,0.0,,,,,,Merkava_Mk.2B
us_merkava_mk_3d,0.0,,,,,,56.0,,,0.0,,3.65,0.0,,,,,,Merkava_Mk.3D
il_merkava_mk_4_lic,0.0,,,,,,116.0,45.08,0.0,0.0,2.99,3.81,0.0,,,,,,Merkava_Mk.4_LIC
il_merkava_mk_4b,0.0,,,,,,159.0,75.83,0.0,0.0,4.09,1.69,0.0,,,,,,Merkava_Mk.4B
il_merkava_mk_4m,0.0,,,,,,501.0,81.26,0.02,0.02,6.64,5.91,0.0,,,,,,Merkava_Mk.4M
meteor_fmk3,0.0,,,,,,76.0,28.85,0.18,0.35,0.64,0.88,0.0,,,,,,Meteor_F_Mk_3
meteor_fmk4_lw,0.0,,,,,,61.0,72.22,1.1,1.67,1.97,2.64,0.0,,,,,,Meteor_F_Mk_4_G.41F
meteor_fmk4_sw,0.0,,,,,,0.0,,,,,,0.0,,,,,,Meteor_F_Mk_4_G.41G
meteor_fmk8,0.0,,,,,,14.0,,,0.0,,0.0,0.0,,,,,,Meteor_F_Mk_8_G.41K
meteor_fmk8_belgium,0.0,,,,,,17.0,,,0.0,,0.64,0.0,,,,,,Meteor_F_Mk.8
meteor_fmk8_reaper,0.0,,,,,,10.0,88.89,0.0,0.0,0.9,1.0,0.0,,,,,,Meteor_F_Mk.8_Reaper
me_210a_1,0.0,,,,,,27.0,100.0,2.0,,0.0,,0.0,,,,,,Me_210_A-1
mig-15_ns23,0.0,,,,,,58.0,50.0,0.83,0.24,0.5,0.57,0.0,,,,,,MiG-15
mig-15bis_ish,0.0,,,,,,245.0,70.38,0.58,0.55,2.54,2.37,0.0,,,,,,MiG-15bis_ISH
mig-21_pfm,0.0,,,,,,17.0,50.0,0.2,0.4,0.0,0.0,0.0,,,,,,MiG-21PFM
mig_27k,0.0,,,,,,12.0,,,0.67,,1.67,26.0,100.0,0.0,0.0,0.0,0.0,MiG-27K
mig_27m,0.0,,,,,,35.0,10.0,0.15,0.2,0.25,0.35,12.0,0.0,0.0,0.0,1.0,1.0,MiG-27M
mig_29_9_12_sniper,0.0,,,,,,298.0,59.11,1.55,1.78,0.13,0.14,12.0,,,1.83,,0.0,MiG-29_Sniper
mig_29n,0.0,,,,,,34.0,50.0,1.4,1.42,0.0,0.0,0.0,,,,,,MiG-29N
mig-9,0.0,,,,,,27.0,20.0,1.6,2.0,0.0,0.0,0.0,,,,,,MiG-9
mig-9_ussr,0.0,,,,,,39.0,50.0,1.0,1.4,0.0,0.0,0.0,,,,,,MiG-9_(l)
mirage_milan,0.0,,,,,,20.0,100.0,1.0,0.0,1.0,0.0,0.0,,,,,,Milan
mirage_2000_5f,0.0,,,,,,80.0,51.61,1.75,1.53,0.54,0.46,0.0,,,,,,Mirage_2000-5F
mirage_2000c_s4,0.0,,,,,,56.0,36.0,0.36,0.52,0.36,0.52,4.0,,,1.0,,0.0,Mirage_2000C-S4
mirage_2000c_s5,0.0,,,,,,141.0,33.7,1.72,1.62,0.49,0.38,0.0,,,,,,Mirage_2000C-S5
mirage_2000d_r1,0.0,,,,,,0.0,,,,,,0.0,,,,,,Mirage_2000D-R1
mirage_2000d_rmv,0.0,,,,,,0.0,,,,,,0.0,,,,,,Mirage_2000D-RMV
mirage_4000,0.0,,,,,,82.0,79.57,1.59,2.0,0.5,0.71,0.0,,,,,,Mirage_4000
mirage_5ba,0.0,,,,,,10.0,,,,,,0.0,,,,,,Mirage_5BA
mirage_5f,0.0,,,,,,0.0,,,,,,0.0,,,,,,Mirage_5F
mirage_f1c,0.0,,,,,,11.0,,,0.0,,0.0,0.0,,,,,,Mirage_F1C
mirage_f1c_200,0.0,,,,,,761.0,53.95,1.26,1.43,0.2,0.24,70.0,50.0,5.38,2.01,0.0,0.0,Mirage_F1C-200
mirage_f1ct,0.0,,,,,,0.0,,,,,,29.0,,,1.0,,0.0,Mirage_F1CT
mirage_3c,0.0,,,,,,37.0,71.15,2.42,3.0,0.42,0.42,0.0,,,,,,Mirage_IIIC
mirage_3e,0.0,,,,,,32.0,100.0,1.63,1.16,0.0,0.0,0.0,,,,,,Mirage_IIIE
ussr_a_12_mk_2_matilda_2A_F96,0.0,,,,,,8.0,66.67,0.0,0.0,5.4,8.13,0.0,,,,,,MK-II_«Matilda»
germ_mkpz_m47,0.0,,,,,,0.0,,,,,,0.0,,,,,,mKPz_M47_G
mosquito_fb_mk18,0.0,,,,,,8.0,,,,,,0.0,,,,,,Mosquito_FB_Mk_XVIII
mosquito_b_mk16,0.0,,,,,,0.0,,,,,,0.0,,,,,,Mosquito_B.Mk.XVI
p-51b,0.0,,,,,,33.0,100.0,1.4,1.26,0.73,0.65,12.0,,,,,,Mustang_Mk_IA
nc_223_3,0.0,,,,,,0.0,,,,,,0.0,,,,,,N.C.223.3
n1k1_kyuofu,0.0,,,,,,0.0,,,,,,0.0,,,,,,N1K1
n1k2_j,0.0,,,,,,12.0,,,2.5,,2.5,0.0,,,,,,N1K2-J
il_namer_rcws_30,0.0,,,,,,264.0,55.14,0.05,0.07,1.15,1.36,0.0,,,,,,Namer_30
il_namer_tsrikhon,0.0,,,,,,35.0,61.11,0.0,0.0,1.22,1.75,0.0,,,,,,Namer_Tsrikhon
sw_nasams_fcs,0.0,,,,,,45.0,43.75,1.56,1.77,0.0,0.0,0.0,,,,,,NASAMS_3_(СОЦ)
us_nasams_fcs,0.0,,,,,,442.0,59.12,1.32,1.06,0.0,0.0,0.0,,,,,,NASAMS_3_(СОЦ)
fw-190a-8_france,0.0,,,,,,5.0,50.0,0.5,1.0,1.0,2.0,0.0,,,,,,NC.900
nesher,0.0,,,,,,0.0,,,,,,0.0,,,,,,Nesher
f_16a_block_10_netz_mod,0.0,,,,,,96.0,49.68,1.78,2.13,0.05,0.06,10.0,,,1.0,,0.0,Netz_(Mod)
nimrod_mk1,0.0,,,,,,0.0,,,,,,0.0,,,,,,Nimrod_Mk_I
nimrod_mk2,0.0,,,,,,0.0,,,,,,0.0,,,,,,Nimrod_Mk_II
sw_nomads,0.0,,,,,,0.0,,,,,,0.0,,,,,,NOMADS
cn_object_122tm,0.0,,,,,,101.0,67.43,0.0,0.0,6.09,3.24,0.0,,,,,,"Object_122MT_""MC"""
cn_object_211,0.0,,,,,,136.0,76.34,0.0,0.0,2.45,1.28,0.0,,,,,,Object_211
ussr_object_268,0.0,,,,,,195.0,52.58,0.02,0.02,2.86,2.52,0.0,,,,,,Object_268
it_of_40_mk_2a,0.0,,,,,,146.0,82.68,0.0,0.0,2.22,1.87,0.0,,,,,,OF-40_Mk.2A
uk_olifant_mk_1a,0.0,,,,,,688.0,65.09,0.1,0.12,4.51,5.47,0.0,,,,,,Olifant_Mk.1A
os2u_1,0.0,,,,,,0.0,,,,,,0.0,,,,,,OS2U-1
os2u_3,0.0,,,,,,0.0,,,,,,0.0,,,,,,OS2U-3
uk_9a33bm2,0.0,,,,,,42.0,50.0,1.5,3.0,0.0,0.0,0.0,,,,,,Osa-AK
it_9a33bm3,0.0,,,,,,0.0,,,,,,0.0,,,,,,Osa-AKM
it_otomatic,0.0,,,,,,74.0,80.77,0.92,0.77,2.24,2.02,0.0,,,,,,OTOMATIC
germ_wiesel_2_adwc,0.0,,,,,,125.0,29.94,0.95,1.34,0.0,0.0,0.0,,,,,,Ozelot
p-26a_33,0.0,,,,,,0.0,,,,,,0.0,,,,,,P-26A-33
p-26a_34,0.0,,,,,,0.0,,,,,,0.0,,,,,,P-26A-34
p-38g,0.0,,,,,,0.0,,,,,,0.0,,,,,,P-38G-1
p-38k,0.0,,,,,,13.0,,,,,,0.0,,,,,,P-38K
p-39k_1,0.0,,,,,,0.0,,,,,,0.0,,,,,,P-39K-1
p-39q_15,0.0,,,,,,0.0,,,,,,0.0,,,,,,P-39Q-15
p-39q_5,0.0,,,,,,17.0,100.0,2.0,2.0,2.0,2.0,0.0,,,,,,P-39Q-5
p-40c,0.0,,,,,,0.0,,,,,,0.0,,,,,,P-40C
p-40e_td,0.0,,,,,,0.0,,,,,,0.0,,,,,,P-40E-1_TD
p-43a-1,0.0,,,,,,0.0,,,,,,0.0,,,,,,P-43A-1
p-51a_tl,0.0,,,,,,66.0,35.71,0.64,0.56,0.64,0.69,0.0,,,,,,P-51A
p-51c-11-nt_japan,0.0,,,,,,0.0,,,,,,0.0,,,,,,P-51C-11-NT
p-51h-5_na,0.0,,,,,,134.0,50.86,0.57,1.24,0.78,1.71,10.0,,,3.0,,0.0,P-51H-5-NA
p-59a,0.0,,,,,,28.0,100.0,0.73,0.73,0.0,0.0,0.0,,,,,,P-59A
p-66,0.0,,,,,,0.0,,,,,,0.0,,,,,,P-66
p_108b_serie1,0.0,,,,,,0.0,,,,,,0.0,,,,,,P.108B_serie_1
p_108b_serie2,0.0,,,,,,0.0,,,,,,0.0,,,,,,P.108B_serie_2
fr_citroen_kegresse_p4t,0.0,,,,,,0.0,,,,,,0.0,,,,,,P.7.T_AA
p1y1_mod11,0.0,,,,,,12.0,100.0,0.0,,0.0,,0.0,,,,,,P1Y1_mod._11
it_p_40,0.0,,,,,,53.0,50.0,0.0,0.0,5.06,4.58,16.0,,,0.0,,1.0,P40
d_510,0.0,,,,,,0.0,,,,,,0.0,,,,,,Pallier's_D.510
it_palmaria,0.0,,,,,,33.0,,,0.0,,2.16,0.0,,,,,,Palmaria
ussr_pantsyr_s1,0.0,,,,,,380.0,4.76,2.43,0.77,0.0,0.0,0.0,,,,,,Pantsir-S1
pb4y-2_france,0.0,,,,,,0.0,,,,,,0.0,,,,,,PB4Y-2
pbj_1h,0.0,,,,,,0.0,,,,,,0.0,,,,,,PBJ-1H
pbm_1,0.0,,,,,,0.0,,,,,,0.0,,,,,,"PBM-1_""Mariner"""
pbm_3,0.0,,,,,,0.0,,,,,,0.0,,,,,,"PBM-3_""Mariner"""
sw_pbv_301,0.0,,,,,,15.0,0.0,0.0,0.0,0.04,0.04,0.0,,,,,,Pbv_301
sw_pbv_302_bill,0.0,,,,,,136.0,44.62,0.0,0.0,1.15,1.19,0.0,,,,,,Pbv_302_(BILL)
pby-5,0.0,,,,,,0.0,,,,,,0.0,,,,,,PBY-5_Catalina
pby-5a,0.0,,,,,,0.0,,,,,,0.0,,,,,,PBY-5A_Catalina
pby-5a_ussr,0.0,,,,,,0.0,,,,,,0.0,,,,,,PBY-5A_Catalina
pby-5a_late_france,0.0,,,,,,0.0,,,,,,0.0,,,,,,PBY-5A_Late
pe-2-205,0.0,,,,,,0.0,,,,,,0.0,,,,,,Pe-2-205
cn_pgz_04a,0.0,,,,,,59.0,76.28,0.26,1.13,0.27,0.0,0.0,,,,,,PGZ04A
cn_pgz_88,0.0,,,,,,86.0,65.63,0.64,0.55,1.79,1.68,0.0,,,,,,PGZ88
ussr_type_65_aa,0.0,,,,,,15.0,,,,,,0.0,,,,,,Phòng_không_T-34
spitfire_ix_plagis,0.0,,,,,,5.0,100.0,1.0,0.75,1.0,0.0,0.0,,,,,,Plagis'_Spitfire_LF_Mk_IXc
cn_plz_83,0.0,,,,,,33.0,0.0,0.0,0.0,1.38,1.38,0.0,,,,,,PLZ83
cn_plz_83_130,0.0,,,,,,65.0,100.0,0.34,0.16,2.75,2.18,0.0,,,,,,PLZ83-130
po-2,0.0,,,,,,0.0,,,,,,0.0,,,,,,Po-2
po-2_nw,,,,,,,,,,,,,,,,,,,Po-2_Night_Witch
po-2m,0.0,,,,,,0.0,,,,,,0.0,,,,,,Po-2M
potez_630,0.0,,,,,,0.0,,,,,,0.0,,,,,,Potez_630
potez_631,0.0,,,,,,0.0,,,,,,0.0,,,,,,Potez_631
potez_633,0.0,,,,,,0.0,,,,,,0.0,,,,,,Potez_633
spitfire_fr_mk14e,0.0,,,,,,0.0,,,,,,0.0,,,,,,Prendergast's_Spitfire_FR_Mk_XIVe
ussr_pt_76_57,0.0,,,,,,155.0,74.62,0.0,0.0,3.91,2.89,0.0,,,,,,PT-76-57
cn_ptl_02,0.0,,,,,,167.0,68.12,0.0,0.0,1.7,1.25,0.0,,,,,,PTL02
cn_ptz_89,0.0,,,,,,73.0,58.33,0.0,0.0,3.28,1.79,0.0,,,,,,PTZ89
germ_schutzenpanzer_puma,0.0,,,,,,227.0,64.3,0.0,0.0,2.93,1.05,0.0,,,,,,PUMA
germ_schutzenpanzer_puma_vjtf_mod,0.0,,,,,,32.0,,,0.0,,1.1,0.0,,,,,,Puma_u14
germ_schutzenpanzer_puma_vjtf,0.0,,,,,,450.0,32.87,0.0,0.0,0.85,0.85,0.0,,,,,,PUMA_VJTF
sw_pvkv_III,0.0,,,,,,39.0,,,0.0,,1.0,0.0,,,,,,Pvkv_III
sw_pvlvv_fm42,0.0,,,,,,9.0,,,,,,0.0,,,,,,Pvlvv_fm/42
sw_pvrbv_551,0.0,,,,,,86.0,54.33,0.0,0.0,2.47,1.7,0.0,,,,,,Pvrbv_551
germ_pzkpfw_38t_ausf_F,0.0,,,,,,0.0,,,,,,0.0,,,,,,Pz.38(t)_F
germ_pzkpfw_II_ausf_C_td,0.0,,,,,,0.0,,,,,,0.0,,,,,,Pz.II_C_TD
germ_pzkpfw_III_ausf_J_td,0.0,,,,,,0.0,,,,,,0.0,,,,,,Pz.III_J1_TD
it_pzkpfw_III_ausf_N,0.0,,,,,,13.0,,,0.0,,1.0,0.0,,,,,,Pz.III_N
germ_pzkpfw_III_ausf_L,0.0,,,,,,30.0,,,0.0,,1.47,0.0,,,,,,Pz.III_L
germ_pzkpfw_II_ausf_C,0.0,,,,,,0.0,,,,,,0.0,,,,,,Pz.II_C
germ_pzkpfw_II_ausf_F,0.0,,,,,,0.0,,,,,,0.0,,,,,,Pz.II_F
germ_pzkpfw_II_ausf_C_DAK,0.0,,,,,,0.0,,,,,,0.0,,,,,,Pz.II_С_(DAK)
germ_infanterie_kampfpanzer_churchill,0.0,,,,,,4.0,0.0,0.0,0.0,2.0,1.25,0.0,,,,,,Pz.Kpfw._Churchill
germ_amd_35_kwk,0.0,,,,,,0.0,,,,,,0.0,,,,,,Pz.Sp.Wg.P204(f)_KwK
germ_amd_35_kwk39,0.0,,,,,,23.0,100.0,0.0,0.0,2.64,1.61,0.0,,,,,,Pz.Sp.Wg.P204(f)_PaK
q_5_early,0.0,,,,,,0.0,,,,,,0.0,,,,,,Q-5_early
q_5l,0.0,,,,,,15.0,50.0,0.0,0.0,1.0,1.67,11.0,,,0.0,,0.0,Q-5L
uk_ram_90mm_aa,0.0,,,,,,147.0,75.0,0.0,0.0,6.11,5.4,16.0,100.0,0.0,0.0,2.0,1.25,QF_3.7_Ram
quing_6,0.0,,,,,,0.0,,,,,,0.0,,,,,,Qing-6
cn_qn506,0.0,,,,,,29.0,50.0,0.0,0.0,1.0,1.05,0.0,,,,,,QN506
fr_renault_r39,0.0,,,,,,0.0,,,,,,0.0,,,,,,R.35_(SA38)
r2y2_v1,0.0,,,,,,0.0,,,,,,0.0,,,,,,R2Y2_Kai_V1
r2y2_v2,0.0,,,,,,0.0,,,,,,0.0,,,,,,R2Y2_Kai_V2
r2y2_kai,0.0,,,,,,8.0,,,0.0,,2.0,0.0,,,,,,R2Y2_Kai_V3
it_oto_r3_106sr,0.0,,,,,,89.0,82.29,0.0,0.0,3.14,1.43,0.0,,,,,,R3_T106_FA
it_oto_r3_t20_fa,0.0,,,,,,102.0,78.33,0.2,0.06,0.4,0.22,0.0,,,,,,R3_T20_FA-HS
germ_th_400,0.0,,,,,,173.0,44.68,0.0,0.0,1.19,0.99,0.0,,,,,,R400
germ_raketenjagdpanzer_2,0.0,,,,,,26.0,0.0,0.0,0.0,1.0,0.5,0.0,,,,,,RakJPz_2
germ_raketenjagdpanzer_2_hot,0.0,,,,,,56.0,30.0,0.0,0.0,0.0,0.0,0.0,,,,,,RakJPz_2_(HOT)
uk_tracked_rapier,0.0,,,,,,113.0,50.0,4.09,6.72,0.0,0.0,0.0,,,,,,Rapier
p-36a_rasmussen,0.0,,,,,,0.0,,,,,,0.0,,,,,,Rasmussen's_P-36A
uk_ratel_20,0.0,,,,,,23.0,50.0,0.0,0.0,0.69,0.96,0.0,,,,,,Ratel_20
uk_ratel_90,0.0,,,,,,98.0,86.4,0.0,0.0,3.2,2.02,0.0,,,,,,Ratel_90
re_2000_int,0.0,,,,,,0.0,,,,,,0.0,,,,,,Re.2000_serie_1
re_2001_cb,0.0,,,,,,0.0,,,,,,0.0,,,,,,Re.2001_CB
re_2001_serie1,0.0,,,,,,24.0,,,0.0,,0.0,0.0,,,,,,Re.2001_serie_1
re_2005_vdm,0.0,,,,,,36.0,100.0,1.75,1.31,2.47,2.02,0.0,,,,,,Re.2005_(VDM)
jp_type_95_heavy,0.0,,,,,,0.0,,,,,,0.0,,,,,,Ro-Go
jp_hiro_sha,0.0,,,,,,0.0,,,,,,0.0,,,,,,Ro-Go_Exp.
ro_43,,,,,,,,,,,,,,,,,,,Ro.43
ro_44,0.0,,,,,,0.0,,,,,,0.0,,,,,,Ro.44
ro_57_quadriarma,0.0,,,,,,13.0,,,,,,0.0,,,,,,Ro.57_Quadriarma
fr_amx_30_roland,0.0,,,,,,134.0,41.33,1.37,1.15,0.0,0.0,0.0,,,,,,Roland_1
uk_rooikat_105_td,0.0,,,,,,311.0,61.73,0.0,0.0,2.47,1.42,0.0,,,,,,Rooikat_105
uk_rooikat_76,0.0,,,,,,246.0,56.82,0.0,0.0,2.2,1.8,0.0,,,,,,Rooikat_Mk.1D
uk_rooikat_mttd,0.0,,,,,,87.0,70.28,0.0,0.0,5.05,3.4,0.0,,,,,,Rooikat_MTTD
s_81_ar125,0.0,,,,,,1.0,,,,,,0.0,,,,,,S.81
sm_79_1941,0.0,,,,,,0.0,,,,,,0.0,,,,,,S.M.79_AS
sm_79_iar,0.0,,,,,,0.0,,,,,,0.0,,,,,,S.M.79_B
sm_79_iar_italy,0.0,,,,,,0.0,,,,,,0.0,,,,,,S.M.79_B
sm_79_1942,0.0,,,,,,0.0,,,,,,0.0,,,,,,S.M.79_bis/N
sm_79_1943,0.0,,,,,,0.0,,,,,,0.0,,,,,,S.M.79_bis/T.M
sm_79_1936,0.0,,,,,,0.0,,,,,,0.0,,,,,,S.M.79_serie_1
sm_79_1936_italy,0.0,,,,,,0.0,,,,,,0.0,,,,,,S.M.79_serie_1
sm_79_1937,0.0,,,,,,0.0,,,,,,0.0,,,,,,S.M.79_serie_4
sm_79_1939,0.0,,,,,,0.0,,,,,,0.0,,,,,,S.M.79_serie_8
so_4050_vautour_2n,0.0,,,,,,0.0,,,,,,0.0,,,,,,S.O.4050_Vautour_IIN
so_4050_vautour_2n_late,0.0,,,,,,62.0,100.0,4.16,7.3,0.0,0.0,0.0,,,,,,S.O.4050_Vautour_IIN_(late)
so_8000_narval,0.0,,,,,,10.0,100.0,1.0,1.0,0.0,0.0,0.0,,,,,,S.O.8000_Narval
saab_b17bs,0.0,,,,,,0.0,,,,,,0.0,,,,,,S17BS
md_460_saar,0.0,,,,,,0.0,,,,,,0.0,,,,,,Sa'ar
saab_f35_wdns,0.0,,,,,,4.0,0.0,0.0,0.67,1.0,0.33,0.0,,,,,,Saab_F-35
saab_j35xs,0.0,,,,,,260.0,56.17,2.67,2.95,3.73,4.13,0.0,,,,,,Saab_J35XS
saab_105g,0.0,,,,,,99.0,62.41,0.11,0.11,2.85,2.97,0.0,,,,,,SAAB-105G
saab_105oe,0.0,,,,,,0.0,,,,,,0.0,,,,,,SAAB-105OE
sagittario_2,0.0,,,,,,32.0,100.0,3.0,,3.0,,0.0,,,,,,Sagittario_2
md_460_sambad,0.0,,,,,,0.0,,,,,,0.0,,,,,,Sambad
fr_vab_santal,0.0,,,,,,100.0,57.29,1.1,1.0,0.0,0.0,0.0,,,,,,SANTAL
uk_sarc_mk4_a,0.0,,,,,,0.0,,,,,,0.0,,,,,,SARC_MkIVa
uk_marmon_herrington_mk_6_6pdr,0.0,,,,,,106.0,48.39,0.0,0.0,0.97,0.85,0.0,,,,,,SARC_MkVI_(6pdr)
fr_somua_sau40,0.0,,,,,,0.0,,,,,,0.0,,,,,,SAu_40
sb_2m_100,0.0,,,,,,0.0,,,,,,0.0,,,,,,SB_2M-100
sb_2m_103_mv3,0.0,,,,,,0.0,,,,,,0.0,,,,,,SB_2M-103_MV-3
sb_2m_103u,0.0,,,,,,0.0,,,,,,0.0,,,,,,SB_2M-103U
sb_2m_103u_mv3,0.0,,,,,,0.0,,,,,,0.0,,,,,,SB_2M-103U_MV-3
sb2u-3,0.0,,,,,,0.0,,,,,,0.0,,,,,,SB2U-3
scimitar_f1,0.0,,,,,,11.0,,,0.0,,0.0,0.0,,,,,,Scimitar_F_Mk.1
germ_sdkfz_221_s_pz_b_41,0.0,,,,,,0.0,,,,,,0.0,,,,,,Sd.Kfz.221_(s.Pz.B.41)
germ_sdkfz_222,0.0,,,,,,44.0,,,0.0,,0.68,0.0,,,,,,Sd.Kfz.222
germ_sdkfz_234_2_mod,0.0,,,,,,62.0,30.7,0.0,0.0,2.05,1.44,0.0,,,,,,"Sd.Kfz.234/2_""Biene"""
germ_sdkfz_234_2_td,0.0,,,,,,7.0,50.0,0.0,0.0,0.5,1.0,0.0,,,,,,Sd.Kfz.234/2_TD
germ_sdkfz_234_3,0.0,,,,,,13.0,0.0,0.0,0.0,1.0,1.0,0.0,,,,,,Sd.Kfz.234/3
germ_sdkfz_234_4,0.0,,,,,,58.0,45.83,0.0,0.0,3.68,3.2,0.0,,,,,,Sd.Kfz.234/4
germ_sdkfz_251_10,0.0,,,,,,0.0,,,,,,0.0,,,,,,Sd.Kfz.251/10
germ_sdkfz_251_22,0.0,,,,,,51.0,50.0,0.0,0.0,3.29,2.67,0.0,,,,,,Sd.Kfz.251/22
germ_pzkpfw_38t_Aufklarungspanzer,0.0,,,,,,13.0,,,,,,0.0,,,,,,Sd.Kfz._140/1
gladiator_mk2_navy,0.0,,,,,,0.0,,,,,,0.0,,,,,,Sea_Gladiator_Mk_I
sea_hawk_fga6,0.0,,,,,,4.0,,,0.0,,0.0,0.0,,,,,,Sea_Hawk_FGA.6
sea_hawk_fga50_netherlands,0.0,,,,,,176.0,59.71,1.58,2.38,2.28,3.53,12.0,,,,,,Sea_Hawk_Mk.50
hurricane_mk1b,0.0,,,,,,0.0,,,,,,0.0,,,,,,Sea_Hurricane_Mk_IB
meteor_fmk3_navy,0.0,,,,,,98.0,48.67,1.02,1.97,0.76,1.41,0.0,,,,,,Sea_Meteor_F_Mk_3
sea_venom_faw20,0.0,,,,,,0.0,,,,,,0.0,,,,,,Sea_Venom_FAW_20
dh_110_sea_vixen,0.0,,,,,,35.0,71.88,2.72,1.5,0.0,0.0,9.0,,,1.0,,0.0,Sea_Vixen_F.A.W._Mk.2
seafire_fr47,0.0,,,,,,0.0,,,,,,0.0,,,,,,Seafire_FR_47
seafire_mk3,0.0,,,,,,0.0,,,,,,0.0,,,,,,Seafire_LF_Mk.III
shackleton_mr_mk_2,0.0,,,,,,0.0,,,,,,0.0,,,,,,Shackleton_MR.Mk.2
mirage_3cj,0.0,,,,,,1.0,100.0,1.0,,0.0,,0.0,,,,,,Shahak
us_m4a3e8_76w_sherman_kit_3rank,0.0,,,,,,156.0,70.38,0.03,0.02,4.0,2.65,0.0,,,,,,Sherman_(Hell)
il_centurion_mk_5_shot,0.0,,,,,,84.0,52.38,0.0,0.0,0.95,0.67,0.0,,,,,,Sho't
il_centurion_shot_kal_alef,0.0,,,,,,47.0,66.67,0.0,0.0,2.33,3.5,0.0,,,,,,Sho't_Kal_Alef
uk_centurion_shot_kal_d,0.0,,,,,,0.0,,,,,,0.0,,,,,,Sho't_Kal_Dalet
il_sholef,0.0,,,,,,29.0,0.0,0.0,0.0,3.0,2.66,0.0,,,,,,Sholef
ussr_9p149,0.0,,,,,,83.0,50.91,0.0,0.0,1.73,1.59,0.0,,,,,,Shturm-S
it_otobreda_sidam_25,0.0,,,,,,71.0,50.0,0.0,0.0,0.0,0.0,0.0,,,,,,SIDAM_25
saab_sk60b,0.0,,,,,,118.0,48.39,0.52,0.27,3.44,3.31,0.0,,,,,,SK60B
uk_skink_aa,0.0,,,,,,59.0,20.37,0.3,0.26,0.2,0.31,0.0,,,,,,Skink
us_skink_aa_kit_3rank,0.0,,,,,,17.0,50.0,0.71,1.42,0.0,0.0,0.0,,,,,,Skink_(Hell)
uk_sky_sabre_fcs,0.0,,,,,,115.0,61.11,1.72,2.11,0.0,0.0,0.0,,,,,,Sky_Sabre_(СОЦ)
soc_1,,,,,,,,,,,,,,,,,,,SOC-1
spitfire_xvi,0.0,,,,,,0.0,,,,,,0.0,,,,,,Spitfire_F_Mk_XVI
spitfire_mk18e,0.0,,,,,,70.0,100.0,1.0,1.2,4.3,5.2,0.0,,,,,,Spitfire_F_Mk_XVIIIe
spitfire_mk5b_italy,0.0,,,,,,40.0,,,1.5,,1.0,0.0,,,,,,Spitfire_Mk_Vb/trop
spitfire_mk5b_float,0.0,,,,,,12.0,100.0,3.0,3.0,0.0,0.0,0.0,,,,,,Spitfire_Mk.Vb_(Float)
il_spyder_aio,0.0,,,,,,89.0,50.0,1.1,0.88,0.0,0.0,0.0,,,,,,SPYDER
germ_spz_12_3,0.0,,,,,,14.0,50.0,0.0,0.0,1.0,2.0,0.0,,,,,,SPz_12-3_LGS
fr_saint_chamond,0.0,,,,,,8.0,,,0.0,,3.0,0.0,,,,,,St-Chamond
jp_stingray,0.0,,,,,,293.0,59.79,0.0,0.0,1.99,1.96,0.0,,,,,,Stingray
stirling_mk1,0.0,,,,,,0.0,,,,,,0.0,,,,,,Stirling_B_Mk_I
stirling_mk3,0.0,,,,,,0.0,,,,,,0.0,,,,,,Stirling_B_Mk_III
uk_stormer_air_defence,0.0,,,,,,166.0,30.65,1.18,0.83,0.0,0.0,0.0,,,,,,Stormer_AD
uk_stormer_hvm,0.0,,,,,,14.0,100.0,1.0,0.38,0.0,0.0,0.0,,,,,,Stormer_HVM
strikemaster_mk88,0.0,,,,,,122.0,65.86,0.17,0.17,3.93,4.36,0.0,,,,,,Strikemaster_Mk.88
uk_fv102_striker,0.0,,,,,,18.0,50.0,0.0,0.0,0.5,0.14,0.0,,,,,,Striker
sw_strv_103_0,0.0,,,,,,71.0,50.0,0.0,0.0,3.1,2.91,0.0,,,,,,Strv_103-0
sw_strv_103c,0.0,,,,,,74.0,50.0,0.0,0.0,1.44,1.77,0.0,,,,,,Strv_103С
sw_strv_105,0.0,,,,,,358.0,67.34,0.0,0.0,2.27,2.01,0.0,,,,,,Strv_105
sw_strv_121,0.0,,,,,,570.0,51.69,0.0,0.0,1.93,1.66,0.0,,,,,,Strv_121
sw_strv_81_rb52,0.0,,,,,,7.0,,,0.0,,0.0,0.0,,,,,,Strv_81_(RB_52)
uk_centurion_mk_3_ss11,0.0,,,,,,0.0,,,,,,0.0,,,,,,Strv_81_(RB_52)
sw_strv_m39_td,0.0,,,,,,0.0,,,,,,0.0,,,,,,Strv_m/39_TD
sw_strv_m41_s1,0.0,,,,,,0.0,,,,,,0.0,,,,,,Strv_m/41_S-I
sw_strv_m41_s2,0.0,,,,,,13.0,,,0.0,,0.0,0.0,,,,,,Strv_m/41_S-II
us_m5a1_stuart_canadian_5st_arm,0.0,,,,,,0.0,,,,,,0.0,,,,,,Stuart_VI_(5th_CAD)
germ_stug_III_ausf_A,0.0,,,,,,1.0,,,,,,0.0,,,,,,StuG_III_A
ussr_su_100Y,0.0,,,,,,9.0,,,,,,0.0,,,,,,SU-100Y
ussr_su_122P,0.0,,,,,,8.0,0.0,0.0,0.0,1.0,1.25,0.0,,,,,,SU-122P
su_25tm,0.0,,,,,,716.0,68.76,0.31,0.31,2.53,2.7,64.0,,,0.59,,0.59,Su-39
ussr_su_57,0.0,,,,,,13.0,,,0.0,,1.0,0.0,,,,,,SU-57
ussr_su_57b,0.0,,,,,,0.0,,,,,,0.0,,,,,,SU-57B
ussr_su_76d,0.0,,,,,,0.0,,,,,,0.0,,,,,,SU-76D
ussr_su_76m_1943,0.0,,,,,,0.0,,,,,,0.0,,,,,,SU-76M
ussr_su_76m_5st_kav_corps,0.0,,,,,,0.0,,,,,,0.0,,,,,,SU-76M_(5th_Gv.Kav.Corps)
su-7bmk,0.0,,,,,,29.0,,,0.45,,0.9,0.0,,,,,,Su-7BMK
ussr_su_85a,0.0,,,,,,0.0,,,,,,0.0,,,,,,SU-85A
su-9,0.0,,,,,,151.0,42.24,0.89,0.64,2.07,1.39,0.0,,,,,,Su-9
sunderland_mk3a,0.0,,,,,,0.0,,,,,,0.0,,,,,,Sunderland_Mk_IIIa
sunderland_mk5,0.0,,,,,,0.0,,,,,,0.0,,,,,,Sunderland_Mk_V
super_etendard_97,0.0,,,,,,37.0,59.88,0.36,0.96,3.48,6.82,0.0,,,,,,Super_Etendard
swift_f1,0.0,,,,,,111.0,63.54,0.9,2.39,0.07,0.13,0.0,,,,,,Swift_F.1
swift_f7,0.0,,,,,,78.0,57.66,1.53,1.8,1.06,1.26,0.0,,,,,,Swift_F.7
swordfish_mk1,0.0,,,,,,0.0,,,,,,0.0,,,,,,Swordfish_Mk_I
swordfish_mk2,0.0,,,,,,0.0,,,,,,0.0,,,,,,Swordfish_Mk_II
ussr_t_10a,0.0,,,,,,38.0,73.81,0.0,0.0,3.74,3.36,0.0,,,,,,T-10A
ussr_t_126sp,0.0,,,,,,0.0,,,,,,0.0,,,,,,T-126
t2_early,0.0,,,,,,3.0,75.0,1.5,1.5,0.0,0.0,0.0,,,,,,T-2_Early
cn_t_26_no531,0.0,,,,,,12.0,,,,,,0.0,,,,,,T-26_No.531
ussr_t_26E,0.0,,,,,,0.0,,,,,,0.0,,,,,,T-26E
ussr_t_26_1940_1st_GvTBr,0.0,,,,,,5.0,,,0.0,,1.0,0.0,,,,,,T-26_(1st_Gv.T.Br.)
ussr_t_34_1940_l_11,0.0,,,,,,0.0,,,,,,0.0,,,,,,T-34_(Prototype)
sw_t_50_fin,0.0,,,,,,0.0,,,,,,0.0,,,,,,T-50
ussr_t_70_1942,0.0,,,,,,0.0,,,,,,0.0,,,,,,T-70
sw_t_72m1,0.0,,,,,,406.0,64.44,0.0,0.0,2.58,2.47,0.0,,,,,,T-72M1
ussr_t_72m2_moderna,0.0,,,,,,320.0,68.62,0.0,0.0,4.3,2.55,0.0,,,,,,T-72M2_Moderna
cn_t_80ud_478be,0.0,,,,,,104.0,54.17,0.0,0.0,2.89,1.53,0.0,,,,,,T-80UD/BE
ussr_pzkpfw_III_ausf_J_L42,0.0,,,,,,11.0,100.0,0.0,0.0,2.56,2.45,0.0,,,,,,T-III
us_t114,0.0,,,,,,63.0,100.0,0.0,0.0,7.0,2.79,0.0,,,,,,T114
us_t28,0.0,,,,,,1.0,,,,,,0.0,,,,,,T28
us_t32e1,0.0,,,,,,57.0,76.34,0.0,0.0,3.82,3.32,0.0,,,,,,T32E1
us_t54e1,0.0,,,,,,21.0,100.0,0.0,0.0,4.71,4.38,0.0,,,,,,T54E1
us_t54e2,0.0,,,,,,11.0,,,0.0,,4.0,0.0,,,,,,T54E2
ta-152c,0.0,,,,,,0.0,,,,,,0.0,,,,,,Ta_152_C-3
ta-152h-1,0.0,,,,,,2.0,50.0,2.0,4.0,1.0,2.0,0.0,,,,,,Ta_152_H-1
jp_type_98_ta_se,0.0,,,,,,0.0,,,,,,0.0,,,,,,Ta-Se
ki_61_1a_hei_ep,0.0,,,,,,26.0,100.0,0.71,0.65,2.02,1.93,0.0,,,,,,Tada's_Ki-61-I_hei
jp_type_81_tansam_launcher,,,,,,,,,,,,,,,,,,,Tan-SAM_Kai_(СОУ)
jp_type_81_tansam_fcs,0.0,,,,,,18.0,50.0,0.5,0.89,0.0,0.0,0.0,,,,,,Tan-SAM_Kai_(СОЦ)
tempest_mkv_luftwaffe,0.0,,,,,,14.0,85.71,1.36,2.0,1.0,1.29,0.0,,,,,,Tempest_Mk_V
tempest_mkv_vikkers,0.0,,,,,,0.0,,,,,,0.0,,,,,,Tempest_Mk_V_(Vickers_P)
f2a-1_thach,0.0,,,,,,0.0,,,,,,0.0,,,,,,Thach's_F2A-1
il_tiran_4_sh,0.0,,,,,,49.0,23.68,0.0,0.0,1.37,1.37,0.0,,,,,,Tiran_4S
il_tiran_6,0.0,,,,,,138.0,73.46,0.0,0.0,2.83,2.12,0.0,,,,,,Tiran_6
uk_tog_2,0.0,,,,,,14.0,,,,,,0.0,,,,,,TOG_II
it_toldi_II_a,0.0,,,,,,0.0,,,,,,0.0,,,,,,Toldi_IIA
cn_tor_m1,0.0,,,,,,31.0,,,,,,0.0,,,,,,Tor-M1
tornado_adv,0.0,,,,,,15.0,,,1.0,,0.0,2.0,,,1.0,,0.0,Tornado_ADV
tornado_ids_it,0.0,,,,,,20.0,0.0,0.0,0.0,1.0,0.5,0.0,,,,,,Tornado_IDS
tornado_ids_it_mod95,0.0,,,,,,0.0,,,,,,0.0,,,,,,Tornado_IDS_(1995)
tornado_ids_it_ret8,0.0,,,,,,10.0,100.0,0.0,0.0,3.0,3.0,0.0,,,,,,Tornado_IDS_MLU_(RET.8)
ussr_tor_m1,0.0,,,,,,50.0,0.0,2.0,1.0,0.0,0.0,0.0,,,,,,Toр-M1
fr_tpk_641_vpc,0.0,,,,,,119.0,81.56,0.34,0.34,0.18,0.22,0.0,,,,,,TPK_6.41
tu_14t,0.0,,,,,,43.0,0.0,0.0,0.0,0.14,0.13,0.0,,,,,,Tu-14T
tu_4,0.0,,,,,,0.0,,,,,,0.0,,,,,,Tu-4
gladiator_mk2_tuck,0.0,,,,,,0.0,,,,,,0.0,,,,,,Tuck's_Gladiator_Mk_II
it_40m_turan_1,0.0,,,,,,4.0,0.0,0.0,0.0,1.75,1.75,0.0,,,,,,Turan_I
jp_type_03_chusam_fcs,0.0,,,,,,134.0,74.73,0.38,0.19,0.0,0.0,0.0,,,,,,Type_03_(СОЦ)
jp_type_16_mod,0.0,,,,,,175.0,70.0,0.0,0.0,3.99,2.15,0.0,,,,,,Type_16_(FPS)
cn_type_59,0.0,,,,,,160.0,68.75,0.0,0.0,3.76,2.42,0.0,,,,,,Type_59
jp_type_60_atm,0.0,,,,,,7.0,100.0,0.0,0.0,1.0,1.0,0.0,,,,,,Type_60_ATM
jp_type_60_sprg,0.0,,,,,,337.0,63.99,0.0,0.0,1.95,1.82,0.0,,,,,,Type_60_SPRG_(C)
jp_type_61_mod,0.0,,,,,,227.0,61.94,0.0,0.0,1.6,1.7,0.0,,,,,,Type_61_(B)
ussr_type_62,0.0,,,,,,0.0,,,,,,0.0,,,,,,Type_62
cn_type_62,0.0,,,,,,177.0,56.52,0.0,0.0,1.0,0.95,0.0,,,,,,Type_62
cn_type_69,0.0,,,,,,244.0,71.28,0.01,0.0,5.0,3.06,0.0,,,,,,Type_69
cn_type_69_2a,0.0,,,,,,12.0,100.0,0.0,0.0,5.0,4.67,0.0,,,,,,Type_69-IIa
jp_type_74_mod_g_kai,0.0,,,,,,268.0,50.11,0.0,0.0,2.97,2.71,0.0,,,,,,Type_74_(G)
jp_type_74_red_star,0.0,,,,,,448.0,57.1,0.0,0.0,2.07,1.34,0.0,,,,,,Type_74_Red_Star
jp_type_75_mlrs,0.0,,,,,,20.0,,,0.0,,1.0,0.0,,,,,,Type_75_MLRS
jp_type_87_rcv_prot,0.0,,,,,,236.0,59.53,0.09,0.1,1.75,1.67,0.0,,,,,,Type_87_RCV_(P)
jp_type_94,0.0,,,,,,19.0,55.88,0.56,1.0,3.18,5.82,0.0,,,,,,Type_94
sw_udes_33,0.0,,,,,,127.0,59.33,0.0,0.0,1.17,1.09,0.0,,,,,,UDES_33
us_m551_football,,,,,,,,,,,,,,,,,,,us_m551_football
ussr_m551_football,,,,,,,,,,,,,,,,,,,ussr_m551_football
v_11g,0.0,,,,,,0.0,,,,,,0.0,,,,,,V-11
v_12d,0.0,,,,,,0.0,,,,,,0.0,,,,,,V-12D
v_156_b1,0.0,,,,,,0.0,,,,,,0.0,,,,,,V-156-B1
v_156_f,0.0,,,,,,0.0,,,,,,0.0,,,,,,V-156-F
uk_valentine_mk_1,0.0,,,,,,0.0,,,,,,0.0,,,,,,Valentine_I
vampire_fb5,0.0,,,,,,0.0,,,,,,0.0,,,,,,Vampire_F.B.5
vampire_fb52_finland,0.0,,,,,,60.0,52.78,0.0,0.0,0.0,0.0,0.0,,,,,,Vampire_FB_52A
vampire_fb52a_italy,0.0,,,,,,18.0,100.0,1.0,1.0,0.0,0.0,0.0,,,,,,Vampire_FB_52A
vb_10_02,0.0,,,,,,29.0,,,1.0,,1.0,0.0,,,,,,VB.10-02
it_vbc_pt2,0.0,,,,,,185.0,60.0,0.0,0.0,2.37,1.61,0.0,,,,,,VBC_(PT2)
it_vcc_80_hitfist_30,0.0,,,,,,32.0,0.0,0.0,0.0,4.09,2.26,0.0,,,,,,VCC-80/30
sw_veak_40,0.0,,,,,,224.0,24.68,0.11,0.05,0.94,0.46,0.0,,,,,,VEAK_40
venom_fb4,0.0,,,,,,0.0,,,,,,0.0,,,,,,Venom_FB.4
fr_vextra_105,0.0,,,,,,124.0,25.93,0.0,0.0,2.3,0.91,0.0,,,,,,Vextra_105
uk_vfm_5,0.0,,,,,,165.0,61.37,0.0,0.0,2.81,2.44,0.0,,,,,,VFM5
uk_vickers_mbt_mk_3,0.0,,,,,,110.0,45.93,0.0,0.0,2.12,2.3,0.0,,,,,,Vickers_Mk.3
uk_vickers_mk7,0.0,,,,,,201.0,50.39,0.0,0.0,2.83,1.88,0.0,,,,,,Vickers_Mk.7
sw_vickers_mk_e_37,0.0,,,,,,0.0,,,,,,0.0,,,,,,Vickers_Mk.E
sw_k9_vidar,0.0,,,,,,84.0,70.08,0.0,0.0,3.39,2.05,0.0,,,,,,VIDAR
uk_vijayanta,0.0,,,,,,8.0,100.0,0.0,0.0,2.0,1.75,0.0,,,,,,Vijayanta
germ_pzkpfw_VI_tiger_P,0.0,,,,,,0.0,,,,,,0.0,,,,,,VK_45.01_(P)
it_vrcc_centauro,0.0,,,,,,141.0,68.79,0.0,0.0,2.87,2.58,0.0,,,,,,VRCC
germ_vt_1_2,0.0,,,,,,78.0,41.3,0.0,0.0,2.86,2.69,0.0,,,,,,VT1-2
walrus_mk1,,,,,,,,,,,,,,,,,,,Walrus_Mk.I
uk_fv510_isv,0.0,,,,,,23.0,100.0,0.0,0.0,1.0,1.34,0.0,,,,,,Warrior
washington_b1,0.0,,,,,,0.0,,,,,,0.0,,,,,,Washington_B.Mk.I
welkin_fmk1,0.0,,,,,,0.0,,,,,,0.0,,,,,,Welkin_F.Mk.I
wellington_mk1c,0.0,,,,,,0.0,,,,,,0.0,,,,,,Wellington_Mk_Ic
wellington_mk1c_luftwaffe,0.0,,,,,,0.0,,,,,,0.0,,,,,,Wellington_Mk_Ic
wellington_mk3,0.0,,,,,,0.0,,,,,,0.0,,,,,,Wellington_Mk_III
wellington_mk10,0.0,,,,,,0.0,,,,,,0.0,,,,,,Wellington_Mk_X
whirlwind_mk1,0.0,,,,,,0.0,,,,,,0.0,,,,,,Whirlwind_Mk_I
whirlwind_p9,0.0,,,,,,16.0,,,,,,0.0,,,,,,Whirlwind_P.9
wirraway,0.0,,,,,,0.0,,,,,,0.0,,,,,,Wirraway
cn_wma_301,0.0,,,,,,80.0,69.57,0.0,0.0,2.17,1.65,1.0,,,0.0,,0.0,WMA301
cn_wz_141,0.0,,,,,,111.0,82.76,0.0,0.0,7.45,3.36,0.0,,,,,,WZ141-1
xa_38,0.0,,,,,,0.0,,,,,,41.0,0.0,1.0,0.5,2.83,0.73,XA-38
us_xm246,0.0,,,,,,1203.0,56.1,0.23,0.18,1.73,1.45,0.0,,,,,,XM246
us_xm_800t,0.0,,,,,,1550.0,63.13,0.0,0.0,1.47,1.26,0.0,,,,,,XM800T
p-38g_metal,0.0,,,,,,18.0,100.0,3.0,,0.0,,0.0,,,,,,XP-38G
yak-15,0.0,,,,,,0.0,,,,,,0.0,,,,,,Yak-15
yak-28b,0.0,,,,,,6.0,50.0,0.0,0.0,0.0,0.0,0.0,,,,,,Yak-28B
yak-3_vk107,0.0,,,,,,83.0,35.0,2.35,3.25,0.39,0.39,12.0,,,,,,Yak-3_(VK-107)
yak-3t,0.0,,,,,,18.0,55.0,0.55,0.8,1.3,1.6,0.0,,,,,,Yak-3T
er-2_ach30b_late,0.0,,,,,,0.0,,,,,,0.0,,,,,,Yer-2_(ACh-30B)_(l)
er-2_m105_tat,0.0,,,,,,0.0,,,,,,0.0,,,,,,Yer-2_(M-105)_TAT
er-2_m105r_tat,0.0,,,,,,0.0,,,,,,0.0,,,,,,Yer-2_(M-105R)_TAT
yp-38,0.0,,,,,,0.0,,,,,,0.0,,,,,,YP-38
uk_ystervark_spaa,0.0,,,,,,57.0,81.67,0.95,1.3,0.0,0.0,0.0,,,,,,Ystervark
z_1007_bis_serie3,0.0,,,,,,7.0,50.0,0.0,0.0,1.0,2.0,0.0,,,,,,Z.1007_bis_serie_3
z_1007_bis_serie5,0.0,,,,,,0.0,,,,,,0.0,,,,,,Z.1007_bis_serie_5
cn_zbd_04a,0.0,,,,,,298.0,57.62,0.0,0.0,1.55,1.46,0.0,,,,,,ZBD04A
cn_type_86,0.0,,,,,,72.0,56.25,0.0,0.0,1.6,0.66,0.0,,,,,,ZBD86
ussr_zis_12_94KM_1945,0.0,,,,,,104.0,90.48,0.84,0.17,4.59,2.01,0.0,,,,,,ZiS-12_(94-KM)
ussr_zis_43,0.0,,,,,,0.0,,,,,,0.0,,,,,,ZiS-43
it_40_43m_zrinyi_2,0.0,,,,,,0.0,,,,,,0.0,,,,,,Zrinyi_II
cn_zsd63_pg87,0.0,,,,,,107.0,36.25,0.75,1.06,0.59,0.85,0.0,,,,,,ZSD63/PG87
cn_zsl_92,0.0,,,,,,182.0,53.67,0.22,0.36,0.5,0.62,0.0,,,,,,ZSL92
ussr_zsu_37,0.0,,,,,,13.0,,,0.0,,0.18,0.0,,,,,,ZSU-37
uk_ratel_zt3,0.0,,,,,,579.0,61.1,0.07,0.07,3.34,3.35,0.0,,,,,,ZT3A2
cn_zts_63_1980,0.0,,,,,,130.0,60.92,0.0,0.0,1.16,0.95,0.0,,,,,,ZTS63
cn_ztz_59a,0.0,,,,,,41.0,,,0.0,,2.8,0.0,,,,,,ZTZ59A
cn_type_59d,0.0,,,,,,101.0,78.07,0.0,0.0,3.11,3.04,0.0,,,,,,ZTZ59D1
cn_ztz_88a,0.0,,,,,,147.0,53.79,0.0,0.0,1.96,2.69,0.0,,,,,,ZTZ88A
cn_ztz_88b,0.0,,,,,,166.0,64.95,0.0,0.0,3.11,4.01,0.0,,,,,,ZTZ88B
cn_ztz_96a,0.0,,,,,,118.0,40.35,0.0,0.0,2.19,1.74,0.0,,,,,,ZTZ96A
cn_ztz_99,0.0,,,,,,79.0,,,0.0,,1.46,0.0,,,,,,ZTZ99-II
cn_ztz_99_w,0.0,,,,,,36.0,,,0.0,,1.33,0.0,,,,,,ZTZ99-III
ussr_zut_37,0.0,,,,,,0.0,,,,,,0.0,,,,,,ZUT-37
ussr_bmd_4m,0.0,,,,,,834.0,44.45,0.0,0.0,2.29,1.25,5.0,100.0,0.0,0.0,2.0,2.0,БМД-4M
ussr_sdkfz_251_21_kit_3rank,0.0,,,,,,24.0,7.41,0.03,0.03,0.0,0.0,0.0,,,,,,Ганомаг_('45)
ussr_garford_putilov,0.0,,,,,,0.0,,,,,,0.0,,,,,,Гарфордъ
db_lk,0.0,,,,,,0.0,,,,,,0.0,,,,,,ДБ-ЛК
ussr_valentine_mk_9,0.0,,,,,,0.0,,,,,,0.0,,,,,,"МК-IX_""Valentine"""
mig_29kr_9_41r,0.0,,,,,,14.0,,,,,,0.0,,,,,,МиГ-29КР_(9-41Р)
mig_29m_9_15,0.0,,,,,,101.0,73.06,0.75,0.8,0.1,0.1,0.0,,,,,,МиГ-29М_(9-15)
ussr_pantsyr_sm_sv,0.0,,,,,,1028.0,44.16,1.1,1.11,0.26,0.28,0.0,,,,,,Панцирь_СМ-СВ
germ_9a35_m,0.0,,,,,,14.0,0.0,1.0,0.92,0.0,0.0,0.0,,,,,,Стрела-10М
it_9a35_m,0.0,,,,,,6.0,50.0,0.5,1.0,0.0,0.0,0.0,,,,,,Стрела-10М
uk_9a35_m,0.0,,,,,,3.0,,,,,,0.0,,,,,,Стрела-10М
cn_t_62,0.0,,,,,,15.0,50.0,0.0,0.0,1.0,2.0,0.0,,,,,,Т-62_№545
yak_130_early,0.0,,,,,,292.0,51.12,0.11,0.15,2.71,3.45,0.0,,,,,,Як-130
p-47m-1-re_boxted,0.0,,,,,,44.0,37.5,0.35,0.59,0.16,0.25,49.0,50.0,1.0,1.81,0.59,1.15,⋠P-47M-1-RE
a6m2_zero_china,0.0,,,,,,75.0,89.43,1.81,2.02,1.34,1.5,0.0,,,,,,A6M2_(China)
a6m5_zero_china,,,,,,,,,,,,,,,,,,,A6M5_(China)
b_25j_30_china,0.0,,,,,,0.0,,,,,,0.0,,,,,,B-25J-30_(China)
cn_type_97_kai,0.0,,,,,,0.0,,,,,,0.0,,,,,,Chi-Ha_Kai_(China)
f-100a_china,0.0,,,,,,14.0,85.71,1.13,1.23,0.7,0.73,0.0,,,,,,F-100A_(China)
f-104a_china,0.0,,,,,,0.0,,,,,,0.0,,,,,,F-104A_(China)
f-104g_china,0.0,,,,,,0.0,,,,,,0.0,,,,,,F-104G_(China)
f_16a_block_72v_china,0.0,,,,,,0.0,,,,,,0.0,,,,,,F-16V_(China)
f_47n_25_re_china,0.0,,,,,,0.0,,,,,,0.0,,,,,,F-47N-25-RE_(China)
f-5a_china,0.0,,,,,,0.0,,,,,,0.0,,,,,,F-5A_(China)
f-5e_aidc,0.0,,,,,,26.0,66.67,0.0,0.0,0.3,0.5,0.0,,,,,,F-5E_(China)
f-84g_china,0.0,,,,,,4.0,,,,,,0.0,,,,,,F-84G-21-RE_(China)
f-84g-31-re_china,0.0,,,,,,55.0,66.67,0.33,0.33,1.42,1.42,0.0,,,,,,F-84G-31-RE_(China)
f-86f-30_china,0.0,,,,,,0.0,,,,,,0.0,,,,,,F-86F-30_(China)
f-86f-40_china,0.0,,,,,,0.0,,,,,,0.0,,,,,,F-86F-40_(China)
gladiator_mk1_china,0.0,,,,,,0.0,,,,,,0.0,,,,,,Gladiator_Mk_I_(China)
hs-123a-1_china,0.0,,,,,,0.0,,,,,,0.0,,,,,,Hs_123_A-1_(China)
i-15bis_china,0.0,,,,,,12.0,,,,,,0.0,,,,,,I-15bis_(China)
i-16_chung_28,0.0,,,,,,0.0,,,,,,0.0,,,,,,I-16_Chung_28_(China)
i-16_type5_1935_china,0.0,,,,,,0.0,,,,,,0.0,,,,,,I-16_type_5_(China)
cn_isu_122,0.0,,,,,,6.0,,,,,,0.0,,,,,,ISU-122_(China)
cn_isu_152,0.0,,,,,,22.0,,,0.0,,0.81,0.0,,,,,,ISU-152_(China)
ki-27_otsu_china,0.0,,,,,,0.0,,,,,,0.0,,,,,,Ki-27_otsu_(China)
ki-45_hei_tei_china,0.0,,,,,,0.0,,,,,,0.0,,,,,,Ki-45_hei/tei_(China)
ki_84_ko_china,0.0,,,,,,53.0,,,0.0,,2.0,6.0,100.0,7.0,7.0,1.0,1.0,Ki-84_ko_(China)
cn_m113a1_tow,0.0,,,,,,51.0,54.76,0.0,0.0,0.07,0.22,0.0,,,,,,M113A1_(TOW)_(China)
cn_m3a3_stuart_1st_ptg,0.0,,,,,,18.0,50.0,0.0,0.0,2.5,2.5,0.0,,,,,,M3A3_(1st_PTG)_(China)
cn_m3a3_stuart,0.0,,,,,,11.0,,,,,,0.0,,,,,,M3A3_Stuart_(China)
cn_m5a1_stuart,0.0,,,,,,12.0,,,0.0,,1.75,0.0,,,,,,M5A1_(China)
cn_m60a3_tts,0.0,,,,,,58.0,10.53,0.0,0.0,3.87,3.53,0.0,,,,,,M60A3_TTS_(China)
mig-9_china,0.0,,,,,,0.0,,,,,,0.0,,,,,,MiG-9_(China)
mig-9_late_china,0.0,,,,,,0.0,,,,,,0.0,,,,,,MiG-9_(l)_(China)
mirage_2000_5ei,0.0,,,,,,51.0,63.34,2.23,2.82,0.0,0.0,0.0,,,,,,Mirage_2000-5Ei_(China)
p-40e_china,0.0,,,,,,0.0,,,,,,0.0,,,,,,P-40E-1_(China)
p-51c-11-nt_china,0.0,,,,,,50.0,50.0,0.38,0.93,1.17,1.53,0.0,,,,,,P-51C-11-NT_(China)
p1y1_mod11_china,0.0,,,,,,0.0,,,,,,0.0,,,,,,P1Y1_mod._11_(China)
pb4y-2_china,0.0,,,,,,0.0,,,,,,0.0,,,,,,PB4Y-2_(China)
cn_pt_76,0.0,,,,,,0.0,,,,,,0.0,,,,,,PT-76_(China)
sb_2m_103u_china,0.0,,,,,,0.0,,,,,,0.0,,,,,,SB_2M-103U_(China)
cn_sdkfz_222_early,0.0,,,,,,16.0,100.0,0.0,0.0,0.54,0.54,0.0,,,,,,Sd.Kfz.222_(China)
cn_su_76m_1943,0.0,,,,,,10.0,,,,,,0.0,,,,,,SU-76M_(China)
tu-2_postwar_china,0.0,,,,,,17.0,100.0,0.0,0.0,2.18,2.18,0.0,,,,,,Tu-2S-44_(China)
tu_4_china,0.0,,,,,,0.0,,,,,,0.0,,,,,,Tu-4_(China)
uk_challenger_II_yt_cup_2019,,,,,,,,,,,,,,,,,,,␙Challenger_2
germ_leopard_2a5_yt_cup_2019,,,,,,,,,,,,,,,,,,,␙Leopard_2A5
us_m1a1_abrams_yt_cup_2019,,,,,,,,,,,,,,,,,,,␙M1A1
md_460_yt_cup_2019,,,,,,,,,,,,,,,,,,,␙Super_Mystere_B2
ussr_t_80u_yt_cup_2019,,,,,,,,,,,,,,,,,,,␙T-80U
f-86_canadair_german,0.0,,,,,,9.0,,,,,,0.0,,,,,,◄CL-13A_Mk_5
f-86_cl_13b_mk6,0.0,,,,,,45.0,100.0,3.79,3.62,0.0,0.0,0.0,,,,,,◄CL-13B_Mk.6
ef_2000_block_10,0.0,,,,,,193.0,54.75,1.26,1.92,0.19,0.32,14.0,,,0.0,,0.0,◄EF-2000
ef_2000_aesa,0.0,,,,,,458.0,55.31,1.55,2.11,0.37,0.5,20.0,,,3.0,,0.0,◄EF-2000_(AESA)
f-104g,0.0,,,,,,0.0,,,,,,0.0,,,,,,◄F-104G
f-4f,0.0,,,,,,45.0,50.0,1.08,1.92,2.59,4.63,0.0,,,,,,◄F-4F_Early
f-4f_kws_lv,0.0,,,,,,189.0,36.2,1.09,1.1,0.1,0.1,0.0,,,,,,◄F-4F_KWS_LV
f-84f_germany,0.0,,,,,,0.0,,,,,,0.0,,,,,,◄F-84F
f-86k_late_german,0.0,,,,,,46.0,50.0,1.0,0.45,0.0,0.0,0.0,,,,,,◄F-86K
fiat_g91_r3,0.0,,,,,,4.0,100.0,2.0,,1.0,,0.0,,,,,,◄G.91_R/3
fiat_g91_r4_german,0.0,,,,,,106.0,50.0,0.46,0.6,0.38,0.5,0.0,,,,,,◄G.91_R/4
mig-21_sps_k,0.0,,,,,,117.0,77.11,1.93,1.8,0.21,0.25,0.0,,,,,,◄MiG-21_SPS-K
mig_29_9_12g,0.0,,,,,,60.0,51.72,0.72,1.01,0.03,0.03,0.0,,,,,,◄MiG-29G
sea_hawk_mk100,0.0,,,,,,26.0,50.0,1.0,2.0,0.0,0.0,0.0,,,,,,◄Sea_Hawk_Mk.100
su_22m4_de_wtd61,0.0,,,,,,177.0,50.0,1.14,1.57,3.83,5.39,36.0,50.0,1.0,1.0,1.0,1.0,◄Su-22M4_WTD61
tornado_ids_de_assta3_sle,0.0,,,,,,7.0,100.0,0.0,0.0,2.0,1.71,11.0,,,0.0,,1.0,◄Tornado_IDS_SLE
il_28_german,0.0,,,,,,23.0,50.0,0.5,1.0,0.5,1.0,0.0,,,,,,◊IL-28
mig-17p_lim_5p,0.0,,,,,,13.0,100.0,2.0,,0.0,,0.0,,,,,,◊Lim-5P
mig-19s,0.0,,,,,,26.0,50.0,2.0,2.0,1.0,1.0,0.0,,,,,,◊MiG-19S
mig-21_bis_sau,0.0,,,,,,46.0,100.0,2.0,1.44,0.0,0.0,0.0,,,,,,◊MiG-21bis-SAU
mig-21_mf,0.0,,,,,,10.0,100.0,1.63,1.38,0.0,0.0,0.0,,,,,,◊MiG-21MF
mig_29_9_12_germany,0.0,,,,,,128.0,50.0,1.15,1.41,0.0,0.0,15.0,,,0.0,,0.0,◊MiG-29
germ_9a33bm3,0.0,,,,,,27.0,0.0,0.0,0.0,0.0,0.0,0.0,,,,,,◊Osa-AK
us_lvt_a_1_trb,0.0,,,,,,0.0,,,,,,0.0,,,,,,○LVT(A)(1)
p-36c_rb,0.0,,,,,,0.0,,,,,,0.0,,,,,,○P-36C
fa_18c_late_switzerland,0.0,,,,,,242.0,53.8,0.83,1.07,0.11,0.15,0.0,,,,,,◌F/A-18C_Late
hunter_f58_switzerland,0.0,,,,,,437.0,55.79,0.83,1.28,1.18,1.85,0.0,,,,,,◌Hunter_F.58
hunter_f58a_1971_switzerland,0.0,,,,,,4.0,,,,,,0.0,,,,,,◌Hunter_F.58A_(1971)
mirage_3s_c70_switzerland,0.0,,,,,,40.0,90.48,2.69,2.21,0.0,0.0,0.0,,,,,,◌Mirage_IIIS_C.70
uk_challenger_2_megatron_sm,0.0,,,,,,374.0,52.23,0.0,0.0,1.44,1.32,0.0,,,,,,◍Challenger_2_OES
germ_leopard_2a4m_can_sm,0.0,,,,,,1566.0,46.38,0.0,0.0,1.54,1.3,0.0,,,,,,◍Leopard_2A4M
cn_mbt2000_sm,0.0,,,,,,13.0,,,,,,0.0,,,,,,◍MBT-2000
bf_110g_4_hungary,0.0,,,,,,24.0,100.0,0.0,0.92,2.0,2.75,0.0,,,,,,◐Bf_110_G-4
fw_190f_8_hungary,0.0,,,,,,15.0,,,0.0,,1.0,0.0,,,,,,◔Fw_190_F-8
re_2000_heja_1,0.0,,,,,,0.0,,,,,,0.0,,,,,,◔Héja_I
il_28_hungary,0.0,,,,,,0.0,,,,,,0.0,,,,,,◔IL-28
saab_jas39c_hungary,0.0,,,,,,20.0,0.0,0.06,0.03,1.83,1.5,0.0,,,,,,◔JAS39EBS_HU_C
mig-15bis_nr23_hungary,0.0,,,,,,0.0,,,,,,0.0,,,,,,◔MiG-15bis
mig-17pf_hungary,0.0,,,,,,0.0,,,,,,0.0,,,,,,◔MiG-17PF
mig-21_bis_sau_hungary,0.0,,,,,,2.0,,,,,,0.0,,,,,,◔MiG-21bis-SAU
mig-21_mf_hungary,0.0,,,,,,41.0,100.0,3.0,3.0,0.73,0.73,0.0,,,,,,◔MiG-21MF
mig_23mf_hungary,0.0,,,,,,0.0,,,,,,0.0,,,,,,◔MiG-23MF
mig_29_9_12b_hungary,0.0,,,,,,37.0,65.91,1.66,2.68,0.0,0.0,0.0,,,,,,◔MiG-29
su_22m3_hungary,0.0,,,,,,0.0,,,,,,0.0,,,,,,◔Su-22M3
tu-2_postwar_late_hungary,0.0,,,,,,6.0,100.0,0.0,0.0,4.0,1.33,0.0,,,,,,◔Tu-2S-59
wm_21,0.0,,,,,,0.0,,,,,,0.0,,,,,,◔WM-21
fokker_d21_netherlands,0.0,,,,,,0.0,,,,,,0.0,,,,,,◗Fokker_D.XXI
fokker_g1a,0.0,,,,,,0.0,,,,,,0.0,,,,,,◗Fokker_G.IA
f_16am_block_20_mlu_netherlands,0.0,,,,,,12.0,96.67,2.0,5.0,2.1,1.5,0.0,,,,,,◘F-16AM
nf_5a_netherlands,0.0,,,,,,471.0,55.63,1.76,2.41,0.58,0.78,0.0,,,,,,◘NF-5A
sb_25j_netherlands,0.0,,,,,,0.0,,,,,,0.0,,,,,,◘SB-25J
kfir_c10_colombia,0.0,,,,,,97.0,66.67,2.03,3.0,0.0,0.0,0.0,,,,,,◡Kfir_C.10
f_16a_block_10_norway,0.0,,,,,,0.0,,,,,,6.0,,,0.0,,0.0,◢F-16A
f_16am_block_20_mlu_norway,0.0,,,,,,2.0,100.0,0.0,0.0,0.0,0.0,4.0,,,,,,◢F-16AM
f-5ag_norway,0.0,,,,,,30.0,50.0,1.0,2.0,0.5,1.0,0.0,,,,,,◢F-5A(G)
hawk_209_indonesia,0.0,,,,,,21.0,,,0.0,,0.0,0.0,,,,,,◥Hawk_209
a_4e_late_iaf,0.0,,,,,,20.0,100.0,0.0,,1.0,,0.0,,,,,,A-4E_(Israel)
a_4e_early_iaf,0.0,,,,,,10.0,,,1.0,,1.0,0.0,,,,,,A-4E_Early_(M)_(Israel)
a_4h,0.0,,,,,,54.0,93.21,0.18,0.24,0.25,0.35,0.0,,,,,,A-4H_(Israel)
f-84f_israel_iaf,0.0,,,,,,0.0,,,,,,0.0,,,,,,F-84F_(Israel)
md_450b_ouragan_iaf_29,0.0,,,,,,0.0,,,,,,0.0,,,,,,M.D.450B_(29)_(Israel)
meteor_frmk9_iaf,0.0,,,,,,0.0,,,,,,0.0,,,,,,Meteor_FR.9_(Israel)
mig_21_2000_iaf,0.0,,,,,,0.0,,,,,,0.0,,,,,,MiG-21_2000_(Israel)
md_454_mystere_4a_iaf,0.0,,,,,,0.0,,,,,,0.0,,,,,,Mystere_IVA_(Israel)
so_4050_vautour_2a_israel_iaf,0.0,,,,,,0.0,,,,,,0.0,,,,,,Vautour_IIA_(Israel)
so_4050_vautour_2n_iaf,0.0,,,,,,0.0,,,,,,0.0,,,,,,Vautour_IIN_(Israel)
