name,ab_battles,ab_win_rate,ab_air_frags_per_battle,ab_air_frags_per_death,ab_ground_frags_per_battle,ab_ground_frags_per_death,rb_battles,rb_win_rate,rb_air_frags_per_battle,rb_air_frags_per_death,rb_ground_frags_per_battle,rb_ground_frags_per_death,sb_battles,sb_win_rate,sb_air_frags_per_battle,sb_air_frags_per_death,sb_ground_frags_per_battle,sb_ground_frags_per_death,alt_name
germ_panzerbefelhswagen_VI_P,1197.0,88.28,0.01,0.07,6.57,9.81,190.0,62.22,0.0,0.0,4.55,3.58,0.0,,,,,,Pz.Bfw.VI_(P)
su_30mk2v_venezuela,846.0,59.64,5.88,4.97,0.28,0.22,1902.0,54.96,0.88,1.01,0.58,0.67,176.0,,,1.08,,0.38,Су-30МК2_AMV
ussr_t_34_1941_57,780.0,61.44,0.04,0.04,2.36,2.31,750.0,54.39,0.0,0.0,2.54,1.76,0.0,,,,,,T-34-57
germ_vsw_flak_41,663.0,93.29,0.09,0.1,5.2,8.64,233.0,53.77,0.0,0.0,4.75,3.33,14.0,,,0.0,,2.57,VFW
la-7,619.0,79.58,3.13,3.53,1.29,1.45,287.0,72.15,1.82,2.43,0.97,1.3,0.0,,,,,,La-7
ussr_t_34_85E,588.0,88.45,0.0,0.0,5.46,5.48,578.0,64.97,0.0,0.0,6.11,5.62,0.0,,,,,,T-34-85E
ussr_kv_85,569.0,54.97,0.1,0.1,2.6,2.6,173.0,54.5,0.0,0.0,2.51,2.45,0.0,,,,,,KV-85
ussr_kv_1e,553.0,76.92,0.04,0.04,5.35,5.9,262.0,73.89,0.0,0.0,6.4,4.73,0.0,,,,,,KV-1E
ussr_t_54_1947,525.0,53.53,0.1,0.09,3.36,3.3,331.0,57.09,0.0,0.0,2.83,1.43,18.0,,,0.0,,2.0,T-54_(1947)
sw_t_34_85_zis_53,492.0,81.78,0.1,0.1,3.08,3.76,392.0,38.11,0.0,0.0,1.95,1.33,0.0,,,,,,T-34-85
sw_sav_fm48,484.0,69.56,0.05,0.04,4.68,3.18,625.0,52.35,0.0,0.0,4.7,2.47,0.0,,,,,,SAV_20.12.48
germ_pzkpfw_VI_ausf_h1_tiger_west,451.0,67.37,0.04,0.04,4.02,7.05,362.0,50.11,0.0,0.0,3.18,3.41,0.0,,,,,,Tiger_West
ussr_t_34_85_zis_53,449.0,67.72,0.0,0.0,4.44,5.13,715.0,54.3,0.0,0.0,2.45,2.31,0.0,,,,,,T-34-85
germ_pzkpfw_VI_ausf_e_tiger,429.0,66.5,0.07,0.08,4.14,4.25,1115.0,40.49,0.0,0.0,1.84,1.56,55.0,,,0.0,,2.57,Tiger_E
ussr_object_906,410.0,52.21,0.0,0.0,1.98,1.71,1101.0,54.7,0.0,0.0,2.42,1.77,0.0,,,,,,Object_906
germ_pzkpfw_V_ausf_d_panther,425.0,72.55,0.01,0.01,2.93,2.64,418.0,22.1,0.0,0.0,3.73,1.27,35.0,100.0,0.0,0.0,1.0,1.36,Panther_D
sw_t_34_1941,414.0,72.25,0.01,0.01,3.66,4.39,225.0,65.39,0.0,0.0,3.32,1.98,0.0,,,,,,T-34
ussr_t_80uk,413.0,48.08,0.0,0.0,0.91,0.93,1628.0,45.95,0.0,0.0,1.52,1.18,0.0,,,,,,T-80UK
il_m_51,422.0,86.63,0.19,0.14,6.68,3.52,1161.0,66.65,0.0,0.0,6.48,1.63,3.0,,,0.0,,1.0,M-51
bf-109f-4,393.0,64.85,4.94,5.46,0.41,0.49,421.0,55.76,1.74,1.4,1.08,0.89,14.0,,,1.0,,0.0,Bf_109_F-4
ussr_t_34_85_zis_53_v80,385.0,80.05,0.0,0.0,4.67,5.76,452.0,73.84,0.0,0.0,5.62,3.45,0.0,,,,,,"Т-34-85_""Партизан"""
i_185_m71_standard,375.0,67.23,2.62,2.2,0.71,0.6,138.0,69.17,0.89,0.65,1.43,0.93,0.0,,,,,,I-185_(M-71)
us_m1a1_hc_usmc_sm,362.0,65.17,0.02,0.02,4.51,3.91,3627.0,57.12,0.0,0.0,2.51,1.98,0.0,,,,,,◍M1A1_HC
f3h-2,371.0,51.7,1.39,1.28,0.07,0.06,110.0,65.0,3.85,3.92,0.08,0.09,0.0,,,,,,F3H-2
ussr_kv_1_zis_5,356.0,66.06,0.0,0.0,3.89,5.1,483.0,48.4,0.0,0.0,4.21,3.04,0.0,,,,,,KV-1_(ZiS-5)
germ_pzkpfw_IV_ausf_C,344.0,77.76,0.06,0.18,8.3,19.21,0.0,,,,,,0.0,,,,,,Pz.IV_C
germ_sdkfz_9_flak37,360.0,72.33,0.2,0.26,6.85,8.82,254.0,45.82,0.0,0.0,1.86,1.82,0.0,,,,,,"8,8_cm_Flak_37_Sfl."
ussr_bt_5,345.0,66.02,0.0,0.0,3.03,3.77,70.0,44.44,0.0,0.0,3.66,4.43,0.0,,,,,,BT-5
la-5fn,351.0,63.16,5.33,4.4,0.39,0.32,170.0,54.89,3.49,3.64,1.16,1.21,0.0,,,,,,La-5FN
germ_pzkpfw_VI_ausf_h1_tiger_east,340.0,62.75,0.02,0.02,3.77,5.95,314.0,45.63,0.0,0.0,2.98,3.25,0.0,,,,,,Tiger_Ost
bf-109f-4_trop,334.0,66.1,4.66,4.4,0.47,0.46,69.0,100.0,2.91,2.8,0.91,0.8,0.0,,,,,,Bf_109_F-4/trop
ussr_t_80ud,349.0,43.81,0.0,0.0,0.81,0.79,1943.0,51.83,0.0,0.0,1.56,1.34,50.0,50.0,0.0,0.0,0.52,0.69,T-80UD
yak-3,334.0,71.83,3.06,2.61,0.52,0.41,138.0,63.41,2.98,2.49,0.54,0.39,52.0,100.0,7.88,4.81,0.0,0.0,Yak-3
germ_leopard_2k,309.0,55.46,0.01,0.01,2.83,2.25,1434.0,52.26,0.0,0.0,2.32,1.69,5.0,0.0,0.0,0.0,0.0,0.0,Leopard_2K
germ_panzerjager_panther,311.0,62.34,0.0,0.0,2.59,2.68,311.0,42.25,0.0,0.0,2.72,1.51,0.0,,,,,,Jagdpanther_G1
germ_panzerbefelhswagen_IV_ausf_J,309.0,66.87,0.0,0.0,2.36,3.43,319.0,46.38,0.0,0.0,1.76,1.82,0.0,,,,,,Pz.Bfw.IV
germ_pzkpfw_III_ausf_F,314.0,92.6,0.0,0.0,6.48,11.69,38.0,,,0.0,,3.77,0.0,,,,,,Pz.III_F
su_22um3k,314.0,37.79,0.49,0.48,2.92,2.7,12.0,50.0,1.0,0.23,0.5,0.1,0.0,,,,,,◊Su-22UM3K
s_199,326.0,73.8,17.33,2.98,1.33,0.26,68.0,100.0,0.0,0.0,1.23,0.62,0.0,,,,,,Sakeen
ussr_t_34E_STZ,295.0,81.0,0.14,0.12,3.35,2.99,138.0,80.36,0.0,0.0,2.85,1.73,0.0,,,,,,T-34E_STZ
fw-190a-4,294.0,64.32,4.95,5.37,0.63,0.66,55.0,100.0,5.2,5.2,4.2,4.2,12.0,,,,,,Fw_190_A-4
sw_sherman_3_4,297.0,74.0,0.03,0.03,4.51,4.32,682.0,58.87,0.0,0.0,4.32,3.12,0.0,,,,,,Sherman_III/IV
jp_type_4_chi_to_late,280.0,69.77,0.01,0.01,3.89,4.38,138.0,67.78,0.0,0.0,3.8,3.94,0.0,,,,,,Chi-To_Late
jp_type_4_chi_to,278.0,63.69,0.04,0.04,3.87,3.82,134.0,70.67,0.0,0.0,2.83,3.12,4.0,,,,,,Chi-To
jp_m24_chaffee,289.0,66.17,0.15,0.15,3.42,3.37,565.0,67.95,0.0,0.0,2.15,1.79,0.0,,,,,,M24
ussr_t_72b3_2011,299.0,43.88,0.04,0.04,0.72,0.86,1230.0,52.82,0.0,0.0,1.52,1.46,0.0,,,,,,T-72B3
ussr_btr_82at,278.0,56.04,0.19,0.22,1.1,1.17,529.0,47.31,0.0,0.0,1.89,1.05,0.0,,,,,,БТР-82АТ
ussr_t_80ue1_sm,270.0,54.22,0.0,0.0,1.89,1.18,3984.0,49.68,0.0,0.0,1.47,1.18,0.0,,,,,,◍Т-80У-Е1
jp_type_3_ka_chi,283.0,83.62,0.01,0.01,12.1,13.92,3.0,100.0,0.0,0.0,11.0,11.0,0.0,,,,,,Ka-Chi
germ_pzkpfw_VI_ausf_b_tiger_IIh_sla,268.0,56.74,0.0,0.0,3.22,3.61,1152.0,53.53,0.0,0.0,5.06,3.35,0.0,,,,,,Tiger_II_(H)_Sla.16
f-100d,282.0,50.63,1.54,1.51,0.0,0.0,131.0,32.19,1.9,1.41,0.18,0.09,0.0,,,,,,F-100D
f-86f-2,260.0,58.34,1.39,1.26,0.1,0.1,210.0,59.24,2.26,3.6,0.63,1.04,0.0,,,,,,F-86F-2
ussr_bt_7_1937,261.0,65.73,0.0,0.0,3.34,2.92,70.0,100.0,0.0,0.0,9.39,5.02,0.0,,,,,,BT-7
i_185_m82,265.0,55.25,3.6,2.5,0.57,0.42,96.0,85.0,0.15,0.36,1.95,0.63,0.0,,,,,,I-185_(M-82)
germ_leopard_I,257.0,57.4,0.06,0.06,2.33,1.53,923.0,36.94,0.0,0.0,1.34,0.92,14.0,,,,,,Leopard_I
germ_panzerbefelhswagen_jagdpanther,245.0,81.26,0.0,0.0,6.9,6.23,48.0,,,0.0,,1.26,0.0,,,,,,Bfw._Jagdpanther_G1
f-104a,248.0,53.47,1.2,1.59,0.0,0.0,20.0,,,1.0,,0.0,0.0,,,,,,F-104A
sw_lvkv_42,254.0,80.02,0.38,0.38,3.03,3.13,130.0,61.56,0.2,0.23,0.61,0.64,0.0,,,,,,Lvkv_42
mig_23mf_germany,247.0,49.63,1.33,1.34,0.24,0.25,0.0,,,,,,0.0,,,,,,◊MiG-23MF
us_t20,234.0,77.42,0.0,0.0,4.84,5.06,2659.0,72.01,0.0,0.01,5.36,5.3,57.0,57.89,0.0,0.0,4.05,3.01,T20
germ_pzkpfw_VI_ausf_h1_tiger,251.0,57.34,0.09,0.09,3.35,3.48,869.0,37.97,0.0,0.0,1.97,1.46,0.0,,,,,,Tiger_H1
yak-9u,251.0,68.38,3.3,4.12,0.34,0.42,47.0,,,2.58,,1.0,0.0,,,,,,Yak-9U
fj_4b,243.0,52.8,1.34,1.36,0.0,0.0,11.0,100.0,3.0,0.0,0.0,0.0,0.0,,,,,,FJ-4B
sw_pvkv_II,234.0,83.53,0.01,0.01,3.7,5.49,147.0,88.89,0.0,0.0,6.46,2.93,0.0,,,,,,Pvkv_II
ussr_bmpt,248.0,51.2,0.23,0.23,1.57,1.54,2936.0,55.57,0.0,0.0,1.91,1.44,21.0,,,0.0,,1.0,БМПТ
germ_pzkpfw_IV_ausf_J,237.0,50.33,0.0,0.0,1.48,1.85,181.0,50.0,0.0,0.0,2.58,1.77,0.0,,,,,,Pz.IV_J
la-7_dolgushin,218.0,74.65,4.01,7.73,0.8,1.0,178.0,61.37,3.15,9.28,0.99,2.63,3.0,,,2.0,,0.0,Dolgushin's_La-7
jp_type_3_chi_nu_75cm_type_5,217.0,76.39,0.1,0.18,4.38,6.49,337.0,59.4,0.0,0.0,2.84,2.47,0.0,,,,,,Chi-Nu_II
f-4jk,220.0,60.57,1.78,1.66,0.1,0.08,78.0,59.09,1.05,0.53,0.73,0.28,0.0,,,,,,F-4J(UK)_Phantom_II
ussr_t_80bvm,227.0,59.8,0.0,0.0,1.97,1.78,4849.0,56.93,0.0,0.0,2.1,1.71,53.0,94.23,0.0,0.0,2.81,3.22,T-80BVM
ussr_t_34_85_d_5t,224.0,61.52,0.0,0.0,3.08,3.43,899.0,49.48,0.0,0.0,2.36,1.73,0.0,,,,,,T-34-85_(D-5T)
germ_begleitpanzer_57,210.0,63.8,1.44,1.85,2.37,3.0,1740.0,53.73,0.11,0.09,1.76,1.27,58.0,75.84,0.14,0.15,1.33,1.34,Begleitpanzer_57
it_sherman_75_37,223.0,75.14,0.0,0.0,6.0,6.24,268.0,61.17,0.0,0.0,8.91,4.42,16.0,,,0.0,,2.0,Sherman_I_Composito
pe-2-359,224.0,98.99,0.37,0.33,6.18,5.59,13.0,100.0,0.0,0.0,0.85,0.85,0.0,,,,,,Pe-2-359
it_m4a4_sherman,214.0,64.62,0.0,0.0,3.82,6.37,124.0,69.72,0.0,0.0,4.34,2.67,0.0,,,,,,Sherman_V
su_30sm2,225.0,52.35,4.85,3.97,0.16,0.14,1323.0,60.47,1.3,1.57,0.93,1.11,47.0,100.0,1.24,1.08,2.16,1.98,Су-30СМ2
sw_m24_chaffee_dk,218.0,60.29,0.08,0.13,2.77,3.78,300.0,61.52,0.0,0.0,4.49,2.33,0.0,,,,,,M24DK
ussr_t_10m,213.0,59.13,0.12,0.12,3.55,3.52,394.0,57.84,0.0,0.0,3.51,2.64,0.0,,,,,,T-10M
germ_leopard_I_a1,218.0,46.85,0.0,0.0,1.44,1.19,962.0,38.15,0.0,0.0,2.02,2.07,6.0,0.0,0.0,0.0,2.0,1.0,Leopard_A1A1
la-5_type39,208.0,67.91,4.7,6.11,0.43,0.51,0.0,,,,,,0.0,,,,,,La-5F
mig-21_bis_lazur,202.0,53.67,1.76,1.61,0.79,0.73,138.0,52.22,1.95,2.08,0.17,0.19,0.0,,,,,,"◊MiG-21_""Lazur-M"""
us_t58,205.0,72.97,0.0,0.0,4.52,3.79,612.0,63.11,0.0,0.0,4.55,3.11,0.0,,,,,,T58
ussr_zsu_29k,202.0,60.33,0.0,0.0,3.32,3.28,42.0,100.0,0.0,0.0,5.73,5.27,0.0,,,,,,YaG-10_(29-K)
ussr_t_34_100,195.0,86.8,0.0,0.0,4.04,3.31,395.0,56.01,0.0,0.0,4.21,2.61,27.0,16.67,0.0,0.0,0.67,2.0,T-34-100
ussr_is_1,191.0,63.83,0.0,0.0,2.83,3.77,387.0,58.94,0.0,0.0,2.77,2.26,0.0,,,,,,IS-1
fr_amx_50_surbaisse,197.0,63.28,0.0,0.0,4.54,3.11,439.0,73.73,0.0,0.0,2.43,2.28,0.0,,,,,,AMX-50_Surbaissé
sw_pzkpfw_IV_ausf_J,190.0,72.02,0.0,0.0,3.33,3.83,79.0,31.82,0.0,0.0,2.87,2.15,0.0,,,,,,Pz.IV
yak-9m,189.0,77.25,7.03,5.88,0.34,0.34,6.0,,,2.2,,0.0,0.0,,,,,,Golovachev's_Yak-9M
yak-9t,196.0,68.77,6.25,4.34,0.5,0.33,83.0,63.73,0.98,0.48,0.8,0.39,0.0,,,,,,Yak-9T
ussr_t_34_57_1943,188.0,74.94,0.03,0.03,2.98,4.63,319.0,52.21,0.0,0.0,4.38,3.03,0.0,,,,,,T-34-57_(1943)
us_t29,186.0,81.43,0.0,0.0,13.62,9.88,2413.0,61.47,0.0,0.0,4.02,2.96,0.0,,,,,,T29
yak-3_eremin,187.0,87.42,6.15,5.95,0.5,0.5,27.0,50.0,1.0,,0.5,,0.0,,,,,,Eremin's_Yak-3(e)
cf_188a_canada,183.0,61.27,3.21,2.63,0.22,0.21,161.0,41.91,1.03,1.18,0.08,0.08,0.0,,,,,,CF-188A
yak-7b,181.0,68.39,5.29,4.65,0.73,0.66,0.0,,,,,,0.0,,,,,,Yak-7B
germ_leopard_a1a1_120,188.0,50.0,0.0,0.0,1.32,1.12,799.0,49.89,0.0,0.0,1.94,1.73,3.0,,,0.0,,2.0,Leopard_A1A1_(L/44)
germ_pzkpfw_IV_ausf_H,182.0,73.07,0.0,0.0,2.93,4.27,467.0,38.29,0.0,0.0,2.0,1.4,49.0,0.0,0.0,0.0,2.0,1.47,Pz.IV_H
ki_43_3_otsu,179.0,56.57,6.96,13.87,0.0,0.0,187.0,74.12,1.24,1.69,0.87,1.1,0.0,,,,,,Ki-43-III_otsu
cn_type_58,172.0,79.71,0.01,0.02,2.8,3.62,215.0,73.36,0.0,0.0,3.64,2.19,0.0,,,,,,Т-34-85_Gai
ussr_zsu_57_2,169.0,51.16,0.15,0.05,2.91,1.62,992.0,39.75,0.03,0.01,2.17,1.26,37.0,14.29,0.0,0.0,1.25,1.05,ZSU-57-2
us_m6a1,176.0,78.61,0.03,0.03,6.36,6.06,168.0,89.33,0.0,0.0,6.04,2.33,0.0,,,,,,M6A1
germ_pzsflk40_sturer_emil,171.0,71.49,0.0,0.0,2.94,3.38,37.0,5.26,0.0,0.0,4.86,4.24,0.0,,,,,,Sturer_Emil
a_10a_early,170.0,65.0,2.76,1.54,2.68,1.52,487.0,60.09,0.38,0.44,3.38,3.94,85.0,100.0,0.59,0.7,3.59,2.94,A-10A
su_30sm,179.0,60.91,2.85,2.73,0.04,0.04,425.0,57.34,0.94,1.12,1.22,1.49,93.0,97.92,2.52,1.15,2.15,1.02,Су-30СМ
ussr_t_34_1942,174.0,95.56,0.0,0.0,2.93,4.07,245.0,100.0,0.0,0.0,6.55,1.66,0.0,,,,,,T-34_(1942)
ussr_t_90m_2020,180.0,45.76,0.0,0.0,1.43,1.25,1728.0,54.67,0.0,0.0,2.08,1.67,16.0,100.0,0.0,0.0,1.0,1.0,T-90M
ussr_kv_1s,168.0,74.72,0.0,0.0,3.29,2.95,177.0,35.0,0.0,0.0,1.83,1.17,0.0,,,,,,KV-1S
a_20g_30_ussr,161.0,87.96,0.14,0.11,8.66,7.62,56.0,0.0,0.0,0.0,1.15,0.63,20.0,100.0,1.0,0.5,0.0,0.0,A-20G-30
cn_m36,162.0,74.64,0.02,0.02,2.0,2.16,176.0,78.75,0.0,0.0,2.23,1.51,0.0,,,,,,M36_GMC_(China)
germ_pzh_2000,162.0,41.79,1.72,1.4,1.81,1.58,799.0,41.58,0.09,0.08,1.84,1.23,10.0,100.0,0.0,0.0,0.0,0.0,PzH_2000
ussr_t_80b,159.0,56.64,0.0,0.0,3.03,2.1,1063.0,50.75,0.0,0.0,1.68,1.53,17.0,63.64,0.0,0.0,1.09,1.5,T-80B
mosquito_j30_sweden,174.0,59.56,3.61,2.16,0.17,0.12,165.0,59.03,1.13,0.76,1.17,0.49,0.0,,,,,,Mosquito_J30
us_m41_walker_bulldog,157.0,58.73,0.0,0.0,1.61,1.6,528.0,74.78,0.0,0.0,2.39,1.31,0.0,,,,,,M41A1
il_merkava_mk_2d,171.0,74.8,0.0,0.0,4.54,3.24,450.0,64.93,0.0,0.0,4.49,2.97,0.0,,,,,,Merkava_Mk.2D
ussr_t_72a,162.0,67.13,0.08,0.04,4.71,3.3,1843.0,51.63,0.0,0.0,2.39,1.92,0.0,,,,,,T-72A
it_m24_chaffee,161.0,81.0,0.09,0.15,6.62,6.82,252.0,70.13,0.02,0.02,1.72,1.43,0.0,,,,,,M24
germ_pzkpfw_VI_ausf_b_tiger_IIh,162.0,49.82,0.0,0.0,3.34,5.26,1824.0,50.75,0.0,0.0,3.53,3.15,0.0,,,,,,Tiger_II_(H)
germ_t_34_747,150.0,65.78,0.0,0.0,2.95,5.9,92.0,38.79,0.0,0.0,3.39,3.22,0.0,,,,,,T_34_747_(r)
ussr_su_100p,152.0,53.0,0.0,0.0,1.97,1.84,597.0,52.58,0.0,0.0,2.6,1.66,0.0,,,,,,SU-100P
us_m3_lee,172.0,61.92,0.2,0.2,3.5,3.75,77.0,50.0,0.0,0.0,3.68,2.52,0.0,,,,,,M3_Lee
ki_44_2_hei_china,153.0,66.67,2.6,3.42,3.56,1.76,7.0,,,1.0,,0.0,10.0,,,,,,Ki-44-II_hei_(China)
f-84f,147.0,53.99,1.08,1.09,0.0,0.0,32.0,25.0,0.34,0.41,0.78,0.98,0.0,,,,,,F-84F
cn_t_34_85_d_5t,146.0,75.89,0.0,0.0,2.66,3.21,191.0,79.44,0.0,0.0,3.07,1.66,0.0,,,,,,Т-34-85_(S-53)_(China)
germ_kpz_70,155.0,65.11,0.0,0.0,0.9,0.81,1734.0,51.73,0.0,0.0,2.19,1.65,8.0,0.0,0.0,0.0,0.63,0.63,KPz-70
f-104c,164.0,49.58,1.03,1.14,0.0,0.0,0.0,,,,,,0.0,,,,,,F-104C
ussr_is_7,146.0,93.33,0.16,0.39,6.17,9.75,99.0,98.78,0.0,0.0,7.21,6.18,0.0,,,,,,IS-7
f-4m_fgr2,147.0,66.02,2.25,2.31,0.18,0.18,227.0,65.33,0.96,1.08,0.19,0.22,0.0,,,,,,Phantom_FGR.2
ussr_kv_8,147.0,69.93,0.0,0.0,2.55,2.27,322.0,56.78,0.0,0.0,4.36,2.27,0.0,,,,,,КВ-8
fr_somua_sm,152.0,58.29,0.0,0.0,2.66,2.72,1916.0,69.79,0.0,0.0,3.56,2.56,3.0,100.0,0.0,0.0,2.0,2.0,Somua_SM
ussr_9a35_m2,152.0,44.44,2.48,4.58,0.5,1.0,158.0,39.68,1.48,2.29,0.0,0.0,0.0,,,,,,Strela-10M2
itp_m1,154.0,91.65,5.18,3.47,0.71,0.59,232.0,59.05,1.3,1.11,2.62,1.88,0.0,,,,,,ITP_(M-1)
ki_61_1a_otsu_china,154.0,66.25,5.21,6.88,2.75,3.16,0.0,,,,,,42.0,77.27,0.59,0.59,1.59,1.59,Ki-61-I_otsu_(China)
ussr_t_55a,152.0,79.1,0.02,0.01,4.08,2.71,976.0,64.02,0.0,0.0,2.77,1.83,0.0,,,,,,T-55A
p-51_mk1a_usaaf,148.0,78.79,3.45,2.98,0.18,0.2,48.0,41.91,1.4,2.01,0.41,0.54,18.0,,,,,,P-51
yak-9,145.0,52.81,3.91,2.98,0.07,0.05,25.0,,,1.28,,0.0,0.0,,,,,,Yak-9
us_m18_hellcat,145.0,55.11,0.0,0.0,1.91,1.7,1047.0,59.07,0.0,0.0,2.2,1.72,30.0,100.0,0.0,0.0,1.5,1.37,M18_GMC
su_30mkk,147.0,73.12,10.83,12.57,2.22,2.67,610.0,60.04,1.51,1.99,0.67,0.88,6.0,100.0,2.0,1.0,2.0,1.0,Su-30MKK_(China)
cn_t_34_1942,140.0,93.75,0.0,0.0,6.1,5.81,112.0,77.95,0.0,0.0,5.34,2.88,0.0,,,,,,T-34_(1943)_(China)
yak-1b,145.0,95.33,7.29,7.38,1.34,1.61,125.0,45.0,3.62,2.47,1.05,0.54,0.0,,,,,,Yak-1B
uk_a_13_mk1,143.0,98.89,0.15,0.19,6.71,10.11,0.0,,,,,,0.0,,,,,,A13_Mk_I
f-4k,138.0,62.74,1.95,1.96,0.12,0.12,8.0,,,2.0,,0.0,0.0,,,,,,Phantom_FG.1
cn_vt_5,133.0,56.75,0.0,0.0,1.3,1.22,360.0,63.91,0.0,0.0,1.48,1.42,3.0,,,0.0,,1.0,VT5
germ_flakpanzer_IV_Ostwind,142.0,58.5,2.1,3.48,1.63,2.67,323.0,46.28,1.18,0.67,0.87,0.5,0.0,,,,,,Ostwind
fw-190a-5_u2,134.0,61.74,2.57,3.72,0.99,0.98,83.0,9.72,0.29,0.34,0.85,0.96,0.0,,,,,,Fw_190_A-5/U2
cn_vt_4,142.0,51.91,0.0,0.0,1.04,1.16,27.0,39.39,0.0,0.0,0.76,1.0,3.0,,,0.0,,1.0,VT4
ussr_is_2_1944,141.0,43.67,0.0,0.0,1.22,1.3,481.0,42.72,0.0,0.0,1.8,1.73,3.0,100.0,0.0,0.0,3.0,3.0,IS-2_(1944)
f_16a_block_5_netherlands,138.0,38.33,1.76,0.9,0.0,0.0,42.0,48.33,0.22,0.43,0.35,0.65,0.0,,,,,,◘F-16A
lagg-3-8,130.0,72.62,4.74,4.94,0.49,0.5,0.0,,,,,,0.0,,,,,,LaGG-3-8
germ_pz_IV_L70,134.0,68.77,0.18,0.27,4.21,6.98,118.0,9.26,0.0,0.0,2.63,1.46,0.0,,,,,,Panzer_IV/70(V)
ussr_t_44_po,134.0,100.0,0.0,0.0,3.95,4.52,70.0,46.15,0.0,0.0,5.69,4.18,0.0,,,,,,Т-44(ПМ)
pe-2-83,137.0,100.0,0.13,0.11,5.82,4.69,0.0,,,,,,0.0,,,,,,Pe-2-83
il_2m_1943,131.0,95.0,2.01,1.57,6.79,5.3,35.0,,,0.72,,0.69,0.0,,,,,,IL-2M_(1943)
us_xm_803,133.0,62.68,0.0,0.0,2.7,2.68,2562.0,58.27,0.0,0.0,2.29,2.0,0.0,,,,,,XM803
la-7b-20,130.0,58.67,4.05,4.93,0.23,0.32,242.0,56.44,0.99,1.41,1.12,1.6,0.0,,,,,,La-7B-20
it_43m_turan_3,128.0,95.0,0.0,0.0,4.18,4.19,116.0,87.85,0.0,0.0,3.98,3.25,0.0,,,,,,Turan_III
germ_pzkpfw_V_ausf_g_panther,130.0,75.44,0.0,0.0,2.0,2.29,378.0,39.95,0.0,0.0,2.76,1.93,6.0,,,0.0,,0.0,Panther_G
harrier_gr1,121.0,69.71,0.96,0.93,0.51,0.47,102.0,47.22,0.36,0.3,1.41,1.31,0.0,,,,,,Harrier_GR.1
ussr_t_44,130.0,36.0,0.0,0.0,1.67,2.13,531.0,42.6,0.0,0.0,2.47,1.53,0.0,,,,,,T-44
jp_type_16_mcv_prot,126.0,53.33,0.0,0.0,0.43,0.47,379.0,66.08,0.0,0.0,1.66,1.02,0.0,,,,,,Type_16_(P)
germ_spz_oerlikon_raketenautomat,127.0,64.45,0.0,0.0,2.96,1.95,290.0,23.57,0.0,0.0,1.98,1.67,0.0,,,,,,Raketenautomat
us_t14,125.0,67.31,0.05,0.1,5.0,6.59,866.0,65.92,0.0,0.0,5.2,4.34,13.0,,,0.0,,3.0,T14
ussr_t_35,122.0,43.68,0.0,0.01,2.06,2.54,9.0,100.0,0.0,0.0,9.0,3.75,0.0,,,,,,T-35
ussr_t_72b_1989,119.0,43.21,0.0,0.0,2.04,1.64,223.0,53.43,0.0,0.0,1.69,1.28,0.0,,,,,,T-72B_(1989)
a_4b,117.0,52.78,2.0,1.69,0.0,0.0,69.0,66.09,0.31,0.35,1.03,1.45,0.0,,,,,,A-4B
yak-9k,123.0,53.89,3.28,2.56,0.17,0.14,1109.0,64.0,0.26,0.28,1.91,1.97,0.0,,,,,,Yak-9K
su_27sm,125.0,73.32,4.6,4.11,0.17,0.14,268.0,53.03,1.86,2.27,0.0,0.0,9.0,,,1.0,,0.0,Su-27SM
i-153_m62,114.0,44.44,3.73,3.6,0.17,0.1,0.0,,,,,,0.0,,,,,,I-153_M-62
ussr_m4a2_76w_sherman,118.0,94.77,0.0,0.0,5.76,5.91,203.0,68.46,0.0,0.0,5.04,4.05,0.0,,,,,,M4A2
me_264,123.0,70.11,0.43,0.37,4.58,5.73,0.0,,,,,,0.0,,,,,,Me_264
p-47d_22_re,128.0,57.14,3.28,3.31,1.27,1.74,91.0,31.55,0.49,0.39,1.05,0.68,0.0,,,,,,P-47D-22-RE
ussr_t_80u,125.0,51.87,0.0,0.0,1.34,1.56,1486.0,47.76,0.0,0.0,1.73,1.4,21.0,100.0,0.0,0.0,1.75,1.75,T-80U
f8u-2,133.0,50.71,1.77,1.53,0.0,0.0,151.0,55.76,1.97,3.03,1.12,1.79,0.0,,,,,,F8U-2
jp_type_5_na_to,119.0,43.19,0.24,0.18,1.19,1.28,87.0,66.67,0.0,0.0,5.7,4.98,0.0,,,,,,Na-To
germ_flakpz_I_Gepard,118.0,50.78,1.46,1.51,1.68,1.74,1580.0,38.92,0.24,0.2,1.05,0.86,31.0,0.0,0.0,0.0,1.32,0.97,Gepard
uk_sherman_ic_firefly,119.0,78.89,0.0,0.0,7.6,6.17,88.0,53.33,0.0,0.0,4.39,4.43,0.0,,,,,,"Sherman_IC_""Trzyniec"""
us_m4a3e8_76w_sherman,119.0,60.39,0.0,0.0,4.15,3.85,486.0,60.18,0.0,0.0,3.51,2.57,10.0,,,0.0,,1.0,M4A3_(76)_W
mig_29_9_13,118.0,56.31,1.96,1.74,0.0,0.0,63.0,80.56,1.25,1.05,0.0,0.0,0.0,,,,,,MiG-29
su_34,114.0,78.62,3.85,4.82,0.7,1.33,381.0,59.2,0.49,0.51,1.28,1.38,49.0,100.0,6.0,1.22,2.0,0.98,Су-34
f8f1,115.0,68.75,5.28,2.78,3.31,1.43,292.0,58.96,1.26,1.36,2.08,2.19,0.0,,,,,,F8F-1
ussr_btr_152d,117.0,61.03,1.61,4.29,0.2,0.65,439.0,37.36,1.1,0.69,0.04,0.01,0.0,,,,,,BTR-152D
ussr_t_72b,108.0,49.69,0.0,0.0,1.88,2.05,414.0,40.7,0.0,0.0,2.55,1.73,0.0,,,,,,T-72B
f6f-3,114.0,92.31,1.86,1.25,8.04,5.28,121.0,67.37,0.59,0.57,1.79,1.67,16.0,,,,,,F6F-5
cn_wz_1001,118.0,42.05,0.0,0.0,1.28,1.53,283.0,58.53,0.0,0.0,1.76,1.94,0.0,,,,,,WZ1001(E)_LCT
p-47d,116.0,71.36,1.66,1.54,3.45,3.65,18.0,,,1.06,,2.0,4.0,,,,,,P-47D-25
ki_44_2_hei,113.0,85.22,11.98,9.24,0.68,0.53,33.0,100.0,1.47,,1.19,,0.0,,,,,,Ki-44-II_hei
germ_pzkpfw_IV_ausf_F2,109.0,52.78,0.1,0.12,3.76,4.11,264.0,50.54,0.0,0.0,3.15,2.49,0.0,,,,,,Pz.IV_F2
uk_a17_mk_1_tetrarch,112.0,99.05,0.22,0.53,3.98,9.41,1.0,,,0.0,,1.0,0.0,,,,,,Tetrarch_I
pe-2-31,113.0,100.0,0.1,0.12,4.19,5.53,0.0,,,,,,0.0,,,,,,Pe-2-31
yak_2_kabb,107.0,100.0,2.11,2.3,4.64,5.1,0.0,,,,,,9.0,,,,,,Yak-2_KABB
p-47d_ussr,110.0,80.0,1.8,1.38,3.28,2.36,128.0,65.48,0.26,0.28,2.1,1.75,0.0,,,,,,P-47D-27
do_335a_1,111.0,80.56,1.18,1.19,6.73,3.77,50.0,12.04,0.0,0.0,2.25,2.5,0.0,,,,,,Do_335_A-1
yak-3p,108.0,50.0,2.39,2.63,0.0,0.0,189.0,53.89,2.77,3.48,1.01,1.28,5.0,,,2.0,,0.0,Yak-3P
sw_strv_122b_plus,106.0,95.72,0.0,0.0,6.6,9.33,516.0,47.27,0.0,0.0,3.35,2.54,0.0,,,,,,Strv_122B+
mig_23mla,118.0,62.78,1.79,1.7,0.04,0.04,104.0,42.05,0.94,1.28,0.0,0.0,7.0,,,1.0,,0.0,◊MiG-23MLA
us_m36b2,110.0,64.22,0.0,0.0,2.12,1.91,436.0,50.16,0.0,0.0,2.65,1.77,10.0,0.0,0.0,0.0,1.0,1.0,M36B2
ussr_t_72b3_arena,99.0,33.11,0.0,0.0,1.08,1.09,888.0,49.47,0.0,0.0,2.67,1.72,53.0,100.0,0.0,0.0,1.43,1.05,"Т-72Б3_""Арена"""
firefly_mk1,107.0,96.94,2.49,1.8,6.73,4.96,0.0,,,,,,0.0,,,,,,Firefly_F_Mk_I
sw_kv_1_1942_fin,108.0,60.45,0.29,0.62,2.59,5.25,38.0,100.0,0.0,0.0,8.04,7.83,0.0,,,,,,KV-1_m1942
ki_61_1a_otsu,107.0,100.0,11.43,7.38,3.57,1.88,0.0,,,,,,0.0,,,,,,Ki-61-I_otsu
p-47d-28,109.0,70.0,3.13,4.54,1.91,1.97,3.0,,,,,,4.0,,,2.0,,0.0,P-47D-28
sw_strv_m42_delat_torn,110.0,50.0,0.0,0.0,3.17,2.8,256.0,60.52,0.0,0.0,2.62,1.61,0.0,,,,,,Strv_m/42_DT
jp_halftrack_m16,107.0,38.21,1.71,3.35,0.1,0.24,18.0,,,0.0,,0.0,0.0,,,,,,M16_MGMC
germ_pzkpfw_VI_ausf_h1_tiger_animal_version,97.0,98.19,0.02,0.18,4.19,9.15,54.0,100.0,0.0,0.0,7.42,7.42,0.0,,,,,,␠Tiger
fw-190d-9,101.0,37.78,4.27,3.71,0.29,0.29,283.0,51.78,0.47,0.44,0.86,0.8,17.0,,,,,,Fw_190_D-9
sw_strv_74,106.0,69.05,0.0,0.0,2.54,2.54,198.0,45.54,0.0,0.0,2.36,1.17,0.0,,,,,,Strv_74
ussr_t_55_am,102.0,45.89,0.0,0.0,0.96,1.07,523.0,52.42,0.0,0.0,2.51,1.7,3.0,,,,,,T-55AM-1
ussr_t_90a,103.0,28.4,0.0,0.0,2.25,2.18,1161.0,52.03,0.0,0.0,1.81,1.56,34.0,58.18,0.0,0.0,1.11,1.35,Т-90А
p-51d-20-na,105.0,57.5,7.43,9.35,0.73,0.85,229.0,65.28,1.08,1.21,1.78,1.94,0.0,,,,,,P-51D-20-NA
f4u-1d,103.0,83.34,2.27,1.92,5.44,4.71,35.0,50.0,1.37,1.25,2.4,2.15,0.0,,,,,,F4U-1D
il_8_1944,97.0,100.0,1.31,0.96,5.94,3.84,102.0,95.23,0.21,0.08,3.64,1.89,13.0,,,0.0,,0.15,IL-8_(1944)
us_m4a2_sherman,99.0,100.0,0.0,0.0,8.57,5.25,151.0,56.44,0.0,0.0,6.04,5.53,0.0,,,,,,M4A2
harrier_t10,95.0,54.1,1.19,1.29,0.88,1.1,31.0,50.0,0.0,0.0,1.56,2.29,0.0,,,,,,Harrier_T.10
p-51_a-36,104.0,73.33,2.56,2.39,2.17,1.28,8.0,0.0,1.33,1.0,2.33,1.86,0.0,,,,,,A-36
fw-190a-1,99.0,100.0,6.18,6.86,0.43,0.43,59.0,59.09,2.64,2.58,1.32,1.21,13.0,,,2.0,,0.0,Fw_190_A-1
ussr_bt_7_m,99.0,82.64,0.0,0.0,4.51,2.55,111.0,52.78,0.0,0.0,3.78,2.25,0.0,,,,,,BT-7M
ussr_t_44_100,94.0,80.0,0.47,0.16,3.73,2.13,768.0,50.74,0.0,0.0,2.35,1.74,60.0,42.0,0.0,0.0,2.4,2.42,T-44-100
germ_leopard_2a4m_can,92.0,61.6,0.0,0.0,3.15,3.15,1192.0,41.9,0.0,0.0,1.69,1.31,0.0,,,,,,Leopard_2A4M
germ_panther_II,99.0,84.83,0.0,0.0,4.47,5.0,242.0,72.87,0.0,0.0,5.41,3.54,17.0,,,0.0,,0.06,Panther_II
sw_strv_m39,98.0,100.0,0.0,0.0,6.42,5.03,0.0,,,,,,0.0,,,,,,Strv_m/39
mig_25pd,101.0,37.73,2.14,2.26,0.0,0.0,301.0,64.66,2.71,3.15,0.0,0.0,0.0,,,,,,МиГ-25ПД
germ_pzkpfw_V_ausf_f_panther,94.0,62.18,0.0,0.0,2.89,4.68,264.0,44.16,0.0,0.0,3.95,2.76,0.0,,,,,,Panther_F
f-4s,98.0,45.06,4.55,2.02,0.38,0.17,1369.0,52.59,1.08,1.21,0.35,0.39,0.0,,,,,,F-4S_Phantom_II
us_t25,91.0,95.24,0.0,0.0,4.44,5.01,99.0,92.0,0.0,0.0,5.16,2.41,29.0,,,,,,T25
mig_29smt_9_19,94.0,95.58,4.0,2.9,0.09,0.05,211.0,38.68,1.08,1.2,0.0,0.0,0.0,,,,,,MiG-29SMT
germ_waffentrager_krupp_steyr,104.0,50.86,0.02,0.01,2.05,2.68,78.0,34.44,0.0,0.0,1.41,1.83,0.0,,,,,,Waffenträger
us_m36,95.0,90.5,0.01,0.02,5.97,5.76,421.0,45.2,0.0,0.0,2.62,1.83,0.0,,,,,,M36_GMC
ussr_su_85_1943,85.0,96.93,0.02,0.02,2.9,2.88,108.0,55.0,0.0,0.0,2.19,2.67,0.0,,,,,,SU-85
ar_2,94.0,100.0,0.56,0.5,10.96,9.99,13.0,100.0,0.0,0.0,2.0,2.0,0.0,,,,,,Ar-2
it_41m_turan_2,94.0,100.0,0.0,0.0,9.89,5.61,26.0,,,0.0,,7.83,0.0,,,,,,Turan_II
saab_t18b_1,93.0,87.78,3.95,1.98,11.69,5.65,0.0,,,,,,0.0,,,,,,T18B
uk_t_90s_bheeshma,85.0,54.67,0.0,0.0,3.17,2.53,407.0,69.02,0.0,0.0,2.77,1.64,0.0,,,,,,Bhishma_TWMP
mosquito_fb_mk26_china,90.0,62.89,1.03,1.37,2.8,2.51,66.0,72.22,0.64,1.19,1.77,3.17,0.0,,,,,,Mosquito_FB.Mk.26
us_halftrack_m3_75mm_gmc,99.0,58.87,0.0,0.0,3.32,2.89,0.0,,,,,,0.0,,,,,,M3_GMC
us_m2a4_1st_armor_div,90.0,75.0,0.0,0.0,4.08,3.75,12.0,100.0,0.0,0.0,10.0,3.89,0.0,,,,,,M2A4_(1st_Arm.Div.)
us_m4_sherman_calliope,98.0,100.0,0.0,0.0,5.26,5.26,97.0,77.43,0.0,0.0,2.65,2.52,0.0,,,,,,Calliope
p-61c_1,93.0,88.61,1.72,1.11,5.02,3.38,37.0,100.0,0.0,0.11,1.0,0.62,0.0,,,,,,P-61C-1
f_16c_block_52_aesa,91.0,46.67,2.19,2.52,0.02,0.02,450.0,51.1,1.01,1.2,0.45,0.48,24.0,,,0.0,,0.0,F-16CM_PoBIT
ussr_su_152,88.0,64.45,0.0,0.0,2.25,2.54,94.0,27.16,0.0,0.0,3.68,2.06,0.0,,,,,,SU-152
yak-3u,87.0,33.33,3.44,2.65,0.0,0.0,202.0,77.67,3.97,10.35,0.76,1.98,0.0,,,,,,Yak-3U
i_225,86.0,0.0,1.0,1.93,0.0,0.0,59.0,79.33,0.92,0.92,0.54,0.41,0.0,,,,,,I-225
ussr_pzkpfw_V,86.0,100.0,0.0,0.0,8.51,6.7,160.0,57.5,0.0,0.0,2.22,2.18,0.0,,,,,,T-V
uk_sherman_vc_firefly,97.0,50.0,0.1,0.07,1.93,2.91,178.0,60.88,0.0,0.0,4.13,3.2,0.0,,,,,,Sherman_Firefly
germ_pzsfl_IVa_dickermax,90.0,41.66,0.0,0.0,1.17,1.66,91.0,,,0.0,,3.53,0.0,,,,,,Dicker_Max
ussr_asu_85,91.0,45.33,0.0,0.0,0.62,0.8,451.0,42.8,0.0,0.0,1.35,1.08,0.0,,,,,,ASU-85
thunderbolt_mk1,87.0,97.78,2.15,1.15,9.51,4.91,31.0,100.0,0.42,0.42,2.53,2.53,0.0,,,,,,Thunderbolt_Mk.1
fa_18e_block_2,90.0,49.44,3.05,3.07,0.03,0.03,223.0,49.6,1.81,2.67,1.2,1.94,0.0,,,,,,F/A-18E
germ_pzkpfw_VI_ausf_b_tiger_IIh_kwk46,87.0,57.05,0.0,0.0,5.17,8.63,347.0,66.59,0.04,0.04,5.51,5.01,0.0,,,,,,Tiger_II_(10.5_cm_Kw.K)
il_sabra_mk1,88.0,54.35,0.0,0.0,2.48,1.68,73.0,82.35,0.0,0.0,4.71,2.47,0.0,,,,,,Sabra_Mk.I
ussr_t_64_b_1984,87.0,54.76,0.0,0.0,2.95,3.59,434.0,46.23,0.0,0.0,1.98,1.83,18.0,100.0,0.0,0.0,4.0,4.0,T-64B
p-63a-10,91.0,67.0,1.87,1.57,0.67,0.4,183.0,55.15,0.51,0.47,0.69,0.64,0.0,,,,,,P-63A-10
us_m60a3_tts,81.0,25.93,0.0,0.0,1.2,1.32,645.0,59.48,0.0,0.0,1.85,1.47,17.0,,,0.0,,1.0,M60A3_TTS
uk_a_13_mk2,88.0,98.67,0.0,0.0,6.69,11.32,14.0,,,0.0,,1.43,0.0,,,,,,A13_Mk_II
av_8c,96.0,50.0,1.63,2.13,0.0,0.0,98.0,51.72,1.29,1.15,2.19,1.98,0.0,,,,,,AV-8C
germ_pz_IV_L70_A,86.0,75.64,0.0,0.0,2.72,2.69,47.0,61.54,0.0,0.0,3.25,4.69,0.0,,,,,,Panzer_IV/70(A)
yak-1_early,83.0,72.5,8.23,4.95,1.15,0.8,17.0,0.0,1.63,1.63,0.0,0.0,0.0,,,,,,Yak-1
i-16_type27,80.0,31.66,1.99,1.48,0.3,0.26,5.0,,,,,,0.0,,,,,,I-16_type_27
germ_nbfz_VI,82.0,100.0,0.0,0.0,4.38,8.78,0.0,,,,,,0.0,,,,,,Nb.Fz.
ffvs_j22_b,88.0,50.98,1.98,1.1,0.0,0.0,22.0,,,0.0,,0.0,0.0,,,,,,J22-B
lagg-3-11,80.0,81.75,3.04,2.91,0.37,0.39,0.0,,,,,,0.0,,,,,,LaGG-3-11
ussr_t_62m1,85.0,79.72,0.0,0.0,2.01,1.4,676.0,53.06,0.0,0.0,1.63,1.72,42.0,72.0,0.0,0.0,1.0,1.56,T-62M-1
cn_oplot_t,90.0,43.77,0.0,0.0,0.73,1.07,313.0,62.08,0.0,0.0,2.68,1.63,9.0,100.0,0.0,0.0,4.0,2.0,Oplot-M
us_t1e1,82.0,50.0,0.0,0.0,2.1,2.43,67.0,60.71,0.0,0.0,2.9,3.96,0.0,,,,,,T1E1
mig_3_series_1_15,77.0,100.0,9.72,5.14,1.08,0.64,1.0,,,,,,0.0,,,,,,MiG-3-15
ussr_t_72av_turms,84.0,81.61,0.0,0.0,3.78,2.5,1248.0,50.21,0.0,0.0,2.26,1.88,6.0,100.0,0.0,0.0,3.0,3.0,T-72AV_(TURMS-T)
f9f-8,73.0,38.32,1.65,1.72,0.0,0.0,89.0,57.89,1.17,1.2,0.33,0.36,0.0,,,,,,F9F-8
it_pzkpfw_IV_ausf_G,78.0,100.0,0.0,0.0,3.83,3.7,57.0,100.0,0.0,0.0,6.1,4.06,0.0,,,,,,Pz.IV_G
sw_a_34_comet,81.0,77.22,0.0,0.0,1.08,1.68,160.0,43.21,0.0,0.0,0.55,0.49,0.0,,,,,,Comet_I
fr_char_2c_bis,76.0,59.62,0.0,0.0,3.11,7.29,26.0,43.75,0.0,0.0,0.34,0.63,0.0,,,,,,2C_bis
ussr_kv_1_L_11,77.0,89.74,0.0,0.0,3.1,2.71,79.0,100.0,0.0,0.0,7.1,7.45,0.0,,,,,,KV-1_(L-11)
sw_pt_76b,84.0,50.0,0.0,0.0,1.24,1.54,183.0,25.61,0.0,0.0,0.74,0.47,0.0,,,,,,PT-76
ussr_t_28,74.0,80.43,0.0,0.0,6.2,4.84,7.0,,,0.0,,2.0,0.0,,,,,,T-28
pe-3,79.0,100.0,0.43,0.75,4.25,7.2,0.0,,,,,,0.0,,,,,,Pe-3
us_m4a3e2_76w_sherman_jumbo,74.0,71.48,0.0,0.0,4.8,3.67,969.0,66.61,0.03,0.0,4.9,3.5,0.0,,,,,,M4A3E2_(76)_W
us_m5a1_stuart,86.0,63.26,0.12,0.22,1.55,2.47,33.0,32.14,0.0,0.0,1.64,1.33,0.0,,,,,,M5A1
ussr_t_55_amd_1,87.0,57.23,0.0,0.0,1.41,1.78,852.0,44.4,0.0,0.0,1.57,1.35,25.0,,,0.0,,4.0,T-55AMD-1
us_t1e1_90,76.0,71.39,0.0,0.0,3.1,5.45,251.0,41.54,0.0,0.0,2.54,2.28,0.0,,,,,,T1E1_(90)
fa_18a_raaf,78.0,48.96,1.59,0.85,0.0,0.0,76.0,71.8,1.26,1.74,0.0,0.0,27.0,,,1.0,,0.0,F/A-18A
tornado_ids_de_mfg,83.0,71.25,0.3,0.25,5.88,5.28,0.0,,,,,,0.0,,,,,,◄Tornado_IDS_MFG
spitfire_mk5b,79.0,90.91,5.98,5.23,0.0,0.0,6.0,,,,,,0.0,,,,,,Spitfire_Mk_Vb/trop
germ_marder_clovis,76.0,60.67,0.0,0.0,3.13,5.26,82.0,48.33,0.0,0.0,2.8,2.43,0.0,,,,,,CLOVIS
ki_100_early,77.0,50.0,3.38,3.66,0.3,0.28,50.0,100.0,3.55,5.0,3.35,4.67,0.0,,,,,,Ki-100
p-38j,77.0,37.5,1.56,0.86,1.31,0.75,12.0,100.0,3.0,3.0,0.0,0.0,0.0,,,,,,P-38J-15
jp_type_87,74.0,25.25,0.72,0.9,0.07,0.1,573.0,53.42,0.17,0.1,1.45,0.91,0.0,,,,,,Type_87
hellcat_fmk1,74.0,100.0,4.19,2.08,4.11,3.57,54.0,93.33,0.86,0.31,6.4,1.66,32.0,100.0,0.0,0.24,2.0,1.95,Hellcat_Mk_II
sw_charioteer_mk_7,76.0,0.0,0.0,0.0,1.22,0.69,198.0,33.09,0.0,0.0,1.0,0.61,15.0,,,,,,Charioteer_Mk_VII
germ_kv_1_kwk_40,74.0,55.83,0.0,0.0,7.7,6.55,313.0,70.97,0.0,0.0,6.77,3.29,0.0,,,,,,KW_I_C_756_(r)
fr_lorraine_40t,70.0,61.5,0.0,0.0,2.4,2.57,567.0,72.25,0.0,0.0,3.43,3.38,63.0,41.11,0.0,0.0,1.41,1.49,Lorraine_40t
germ_pzkpfw_V_ausf_a_panther,76.0,48.89,0.0,0.0,1.44,2.61,469.0,53.03,0.0,0.0,4.06,1.89,0.0,,,,,,Panther_A
ussr_t_34_85_stp_s53,77.0,45.45,0.19,0.13,1.2,2.94,1211.0,54.21,0.0,0.0,2.39,2.33,3.0,100.0,0.0,,1.0,,Т-34-85_(СТП)
su_27,74.0,67.39,0.76,0.51,0.19,0.17,493.0,54.1,1.67,1.85,0.02,0.02,0.0,,,,,,Su-27
la-9,76.0,42.86,4.62,3.32,0.17,0.12,35.0,18.75,0.38,1.13,0.0,0.63,0.0,,,,,,La-9
germ_leopard_2a7v,77.0,66.67,0.3,0.48,3.98,5.85,1515.0,44.03,0.0,0.0,3.38,2.55,0.0,,,,,,Leopard_2A7V
fa_18c_late,74.0,46.67,2.01,1.79,0.18,0.12,101.0,57.43,1.05,1.13,0.22,0.23,0.0,,,,,,F/A-18C_Late
germ_jgdpz_IV_L48,73.0,86.28,0.0,0.0,3.64,3.66,272.0,40.28,0.0,0.0,4.32,2.98,5.0,,,0.0,,1.0,Jagdpanzer_IV
p-51d-20-na_j26,78.0,54.9,2.05,1.44,0.32,0.27,82.0,0.0,0.61,0.37,0.0,0.0,0.0,,,,,,J26
germ_leopard_2a6,78.0,72.81,0.29,0.33,3.36,4.58,644.0,39.9,0.0,0.0,2.62,1.78,0.0,,,,,,Leopard_2A6
ussr_su_85m,72.0,50.56,0.0,0.0,2.14,3.83,60.0,90.91,0.0,0.0,4.5,2.85,0.0,,,,,,SU-85M
germ_stug_III_ausf_G,72.0,30.43,0.0,0.0,2.0,1.8,286.0,37.2,0.0,0.0,1.43,1.44,0.0,,,,,,StuG_III_G
us_mbt_70,78.0,56.67,0.0,0.0,0.74,0.74,1147.0,56.11,0.0,0.0,2.11,1.58,0.0,,,,,,MBT-70
germ_kv_1B_finland,69.0,58.34,0.0,0.0,4.4,9.81,25.0,100.0,0.0,0.0,13.2,8.0,0.0,,,,,,KV-IB
sw_t_28,73.0,,,0.0,,3.04,15.0,,,0.0,,1.6,0.0,,,,,,T-28
sw_strv_m38,71.0,98.28,0.0,0.0,3.49,4.1,14.0,,,0.0,,1.33,0.0,,,,,,Strv_m/38
i-153_m62_zhukovskiy,72.0,25.93,3.28,2.88,0.0,0.0,0.0,,,,,,0.0,,,,,,Zhukovsky's_I-153-M62
ussr_t_34E,74.0,100.0,0.0,0.0,2.96,2.66,19.0,,,0.0,,3.41,0.0,,,,,,T-34E
spitfiremkii,69.0,100.0,7.9,6.79,0.1,0.09,49.0,100.0,1.33,0.96,0.0,0.0,0.0,,,,,,Spitfire_Mk_IIb
p-63c-5,68.0,49.17,1.88,1.87,0.33,0.71,49.0,74.36,1.46,1.23,1.46,1.12,0.0,,,,,,P-63C-5
f9f-2,74.0,75.0,1.0,0.94,0.52,0.38,64.0,61.67,0.38,0.65,1.03,1.62,0.0,,,,,,F9F-2
harrier_frs1,68.0,38.46,1.4,0.93,0.79,0.58,0.0,,,,,,0.0,,,,,,Sea_Harrier_FRS.1
jp_type_90b_sm,75.0,55.3,0.0,0.0,0.7,0.72,165.0,53.8,0.0,0.0,2.01,2.18,0.0,,,,,,◍Type_90_(B)
ussr_pt_76b,67.0,55.0,0.0,0.0,1.32,1.04,954.0,55.26,0.0,0.0,1.28,0.95,0.0,,,,,,PT-76B
us_m3a3_bradley,72.0,30.86,0.25,0.39,0.67,0.85,350.0,52.5,0.0,0.0,0.84,0.78,0.0,,,,,,M3A3_Bradley
a6m2_mod11,71.0,88.57,8.64,9.12,0.0,0.0,0.0,,,,,,0.0,,,,,,A6M2_mod._11
us_m4a1_1942_sherman,73.0,34.06,0.0,0.0,1.57,1.8,63.0,100.0,0.0,0.0,5.0,3.03,0.0,,,,,,M4A1
us_m60a1_rise_passive_era,67.0,36.9,0.0,0.0,0.68,0.39,492.0,62.13,0.0,0.0,2.63,2.1,0.0,,,,,,M60A1_RISE_(P)
germ_pzkpfw_III_ausf_M,68.0,77.54,0.0,0.0,2.67,2.54,38.0,100.0,0.0,0.0,11.43,4.26,0.0,,,,,,Pz.III_M
tornado_ids_de_wtd61,71.0,60.0,0.6,0.6,5.92,5.92,192.0,54.79,0.34,0.4,0.44,0.49,0.0,,,,,,◄Tornado_IDS_WTD61
tornado_ids_de_assta1,71.0,66.67,0.52,0.41,6.26,5.32,10.0,,,,,,0.0,,,,,,◄Tornado_IDS_ASSTA1
germ_panzerjager_tiger_P_ferdinand,67.0,35.0,0.0,0.0,4.64,5.33,77.0,12.5,0.0,0.0,5.86,3.06,7.0,,,0.0,,1.5,Ferdinand
f_20a,64.0,50.0,2.41,1.38,0.23,0.25,504.0,57.8,0.61,0.87,0.09,0.16,28.0,,,0.87,,0.0,F-20A
typhoon_mk1b,66.0,100.0,6.2,5.87,1.0,1.0,65.0,56.67,0.63,1.0,1.13,1.73,10.0,,,0.0,,1.0,Typhoon_Mk_Ib
jp_sub_i_ii_20mm,67.0,58.33,1.23,2.0,2.13,3.64,639.0,64.27,0.75,0.78,1.58,1.61,0.0,,,,,,SUB-I-II
us_m1a1_hc_usmc,61.0,50.0,0.0,0.0,3.03,4.59,2388.0,57.52,0.0,0.0,2.65,1.92,28.0,0.0,0.0,0.0,2.0,0.1,M1A1_Click-Bait
sw_bt_42,67.0,55.33,0.0,0.0,3.1,3.28,38.0,,,0.0,,1.45,0.0,,,,,,BT-42
cn_ztz_99a,71.0,54.5,0.0,0.0,1.37,1.44,178.0,58.09,0.0,0.0,1.72,1.98,0.0,,,,,,ZTZ99A
j_7e,66.0,66.67,11.0,33.0,0.7,2.0,8.0,,,,,,0.0,,,,,,J-7E
cn_m1a2t,59.0,100.0,0.0,0.0,5.98,5.65,299.0,66.82,0.0,0.0,4.14,2.55,0.0,,,,,,M1A2T
mosquito_fb_mk6,64.0,96.19,1.96,2.2,2.01,2.22,0.0,,,,,,0.0,,,,,,Mosquito_FB_Mk_VI
ussr_t_28E,64.0,65.0,0.0,0.0,2.97,3.92,27.0,0.0,0.0,0.0,0.0,0.0,0.0,,,,,,T-28E
bf-109e-4,62.0,100.0,4.87,6.19,2.02,2.66,11.0,100.0,0.09,,0.0,,0.0,,,,,,Bf_109_E-4
me-262a-1a_u4,64.0,53.85,3.46,6.28,0.85,2.0,513.0,56.18,0.58,0.53,2.18,2.08,0.0,,,,,,Me_262_A-1/U4
av_8a,72.0,58.33,5.38,4.75,0.63,0.54,86.0,22.22,2.67,1.23,4.73,1.51,0.0,,,,,,AV-8A
us_t30,64.0,77.5,0.23,0.3,4.83,4.35,33.0,,,0.0,,4.85,0.0,,,,,,T30
jp_type_61,65.0,37.68,0.0,0.0,3.26,2.89,193.0,64.29,0.0,0.0,3.53,2.06,0.0,,,,,,Type_61
fr_amx_50,62.0,96.67,0.0,0.0,4.78,4.63,402.0,80.98,0.0,0.0,3.7,3.89,89.0,38.89,0.0,0.0,1.42,2.01,AMX-50_(TOA100)
us_m26e1_pershing,64.0,100.0,0.0,0.0,5.25,6.63,71.0,100.0,0.0,0.0,12.76,8.63,0.0,,,,,,M26E1
ussr_object_435,70.0,61.11,0.0,0.0,1.76,2.44,224.0,31.94,0.0,0.0,2.51,1.42,0.0,,,,,,Object_435
mig-21_bison,62.0,50.0,1.88,1.88,0.0,0.0,259.0,55.44,1.14,1.63,0.08,0.1,16.0,,,,,,MiG-21_Bison
f_6c_pakistan,64.0,37.04,4.65,5.95,0.43,0.38,15.0,100.0,4.2,3.0,0.0,0.0,0.0,,,,,,F-6C
ussr_t_28_1938,60.0,44.67,0.0,0.0,2.09,3.32,13.0,,,0.0,,3.38,0.0,,,,,,T-28_(1938)
us_m4_sherman,64.0,47.83,0.0,0.0,5.33,5.75,116.0,64.29,0.0,0.0,5.82,5.4,17.0,100.0,0.0,0.0,3.0,3.0,M4
f4u-1c,65.0,90.2,3.44,2.03,0.09,0.05,77.0,0.0,3.55,2.76,2.0,1.34,0.0,,,,,,F4U-1C
us_m24_chaffee,63.0,48.89,0.0,0.0,2.1,2.26,561.0,55.98,0.0,0.0,3.27,2.16,0.0,,,,,,M24
bf-109f-2,60.0,82.69,4.54,2.05,1.58,0.79,29.0,0.0,0.83,0.66,0.72,0.59,0.0,,,,,,Bf_109_F-2
a6m2_zero_china,60.0,57.62,1.74,2.8,1.67,2.7,95.0,75.03,1.67,1.98,1.47,1.77,0.0,,,,,,A6M2_(China)
tis_ma,60.0,52.67,0.51,0.58,3.98,4.92,96.0,100.0,0.11,0.08,5.25,4.43,41.0,100.0,1.12,1.0,4.92,4.38,TIS_MA
uk_ram_90mm_aa,58.0,100.0,0.0,0.0,9.38,2.96,126.0,71.48,0.0,0.0,3.82,3.97,9.0,,,0.0,,2.0,QF_3.7_Ram
cn_t_34_85_zis_53_no215,58.0,100.0,0.0,0.0,4.58,3.8,7.0,100.0,0.0,0.0,5.43,5.43,0.0,,,,,,T-34-85_No.215
p-400,61.0,64.45,2.66,3.09,0.22,0.15,44.0,50.0,0.59,1.18,0.09,0.18,0.0,,,,,,P-400
germ_flakpanzer_IV_Wirbelwind,59.0,88.1,1.95,8.0,0.11,0.86,701.0,40.8,1.15,1.11,0.27,0.26,0.0,,,,,,Wirbelwind
us_t26e4_superpershing,60.0,83.33,0.16,0.37,6.66,4.4,349.0,83.33,0.0,0.0,6.36,2.62,0.0,,,,,,T26E1-1
ki_61_2_early,61.0,50.0,1.82,3.7,0.0,0.0,13.0,,,,,,0.0,,,,,,Ki-61-II_Otsu_Kai
ussr_t_34_1941_l_11,63.0,78.82,0.0,0.0,2.74,2.91,173.0,56.9,0.0,0.0,5.58,4.17,0.0,,,,,,T-34_(1940)
germ_pzkpfw_VI_ausf_b_tiger_IIp,61.0,1.85,0.28,0.27,4.59,4.68,644.0,38.24,0.0,0.0,1.65,1.67,10.0,,,0.0,,4.0,Tiger_II_(P)
germ_le_kpz_m41,61.0,88.0,0.0,0.0,1.35,1.13,854.0,52.91,0.0,0.0,1.0,0.89,4.0,0.0,0.0,0.0,1.0,1.0,leKPz_M41
mig_23bn,57.0,50.0,0.0,0.0,5.0,5.0,69.0,50.0,0.08,0.11,2.6,5.15,0.0,,,,,,◊MiG-23BN
it_semovente_m41m_90,57.0,93.75,0.0,0.0,3.69,3.66,96.0,27.5,0.0,0.0,4.57,3.5,0.0,,,,,,90/53_M41M
su_33,57.0,64.59,1.33,1.41,0.0,0.0,772.0,48.85,1.58,1.28,0.12,0.11,14.0,100.0,3.0,1.5,0.0,0.0,Су-33
p-51c-11-nt_china,58.0,80.95,0.85,0.88,4.14,4.31,107.0,75.69,0.78,0.53,2.85,2.22,0.0,,,,,,P-51C-11-NT_(China)
us_m1a2_sep2_abrams,60.0,100.0,0.0,0.0,5.26,3.83,1749.0,53.42,0.0,0.0,2.61,2.25,0.0,,,,,,M1A2_SEP_V2
p-47n-15,61.0,100.0,5.0,1.32,3.4,2.61,40.0,71.54,0.68,0.7,0.95,1.0,0.0,,,,,,P-47N-15
germ_vk_3002m,60.0,0.0,0.0,0.0,4.88,2.8,389.0,41.04,0.0,0.0,2.3,1.89,3.0,,,0.0,,0.0,VK_3002_(M)
f-5e,58.0,50.0,1.21,1.0,0.0,0.0,201.0,47.8,0.96,1.14,0.31,0.36,0.0,,,,,,F-5E
saab_b3c,62.0,100.0,1.64,1.04,32.5,20.52,0.0,,,,,,0.0,,,,,,B3C
us_mk1_grant,64.0,60.0,0.2,0.3,2.75,4.6,39.0,27.27,0.0,0.0,2.45,2.45,0.0,,,,,,Grant_I
mb_157,60.0,74.55,8.02,6.59,0.61,0.24,152.0,76.54,3.51,13.15,0.46,1.75,0.0,,,,,,M.B.157
uk_17_pdr_m10_achilles_norfolk_yeomanry,58.0,67.86,0.0,0.0,2.57,2.2,73.0,100.0,0.0,0.0,4.88,2.88,0.0,,,,,,Achilles_(65_Rg.)
fr_amd_35_sa35,59.0,50.0,0.0,0.0,1.24,1.34,15.0,,,0.0,,1.0,0.0,,,,,,AMD.35_(SA35)
fr_sk105_a2,56.0,77.5,0.0,0.0,3.98,4.05,352.0,60.23,0.0,0.0,1.83,1.9,0.0,,,,,,SK-105A2
us_lvt_a_1,60.0,97.53,0.0,0.0,4.74,3.7,9.0,,,0.0,,1.67,0.0,,,,,,LVT(A)(1)
uk_chieftain_mk_10,61.0,75.0,0.0,0.0,2.79,3.72,177.0,71.65,0.0,0.0,2.06,2.09,0.0,,,,,,Chieftain_Mk_10
ussr_object_292,61.0,72.73,0.0,0.0,2.78,2.9,460.0,61.01,0.0,0.0,4.94,2.87,30.0,75.0,0.0,0.0,2.2,2.43,Object_292
il-2m,60.0,97.06,0.44,0.59,5.94,7.04,40.0,83.33,1.56,1.13,7.53,6.09,0.0,,,,,,IL-2M_type_3
it_of_40_mk_2a,51.0,50.0,0.44,0.44,3.71,4.0,463.0,75.03,0.0,0.0,2.2,1.73,3.0,,,0.0,,1.0,OF-40_Mk.2A
bf_110g_4,60.0,65.91,0.34,0.45,2.0,2.73,0.0,,,,,,0.0,,,,,,Bf_110_G-4
germ_pzkpfw_38t_Marder_III_ausf_H,58.0,36.54,0.0,0.0,1.53,1.58,12.0,23.81,0.0,0.0,0.71,1.07,0.0,,,,,,Marder_III_H
us_m1_abrams_kvt,55.0,42.31,0.25,0.25,0.72,0.88,2184.0,55.62,0.0,0.0,2.92,2.45,0.0,,,,,,M1_KVT
cn_m18_hellcat,56.0,44.44,0.0,0.0,3.67,3.57,185.0,71.96,0.0,0.0,1.83,1.28,0.0,,,,,,M18_GMC_(China)
he-111h-16_winter,58.0,58.33,0.0,0.0,0.08,0.1,148.0,51.0,0.0,0.0,0.82,0.86,0.0,,,,,,He_111_H-16
f_14a_iriaf,54.0,100.0,7.15,3.96,1.2,0.59,674.0,57.14,1.82,2.93,0.05,0.09,0.0,,,,,,F-14A_IRIAF
firebrand_tf4,54.0,100.0,1.1,0.79,3.05,2.24,13.0,100.0,0.0,0.0,1.5,1.5,0.0,,,,,,Firebrand_TF_Mk_IV
ussr_t_62,58.0,64.0,0.0,0.0,2.24,3.14,272.0,55.98,0.0,0.0,3.62,2.4,0.0,,,,,,T-62
us_m4a1_76w_sherman,57.0,58.33,0.0,0.0,2.29,1.97,320.0,46.07,0.0,0.0,3.19,2.37,16.0,,,,,,M4A1_(76)_W
ussr_asu_57,55.0,100.0,0.0,0.0,0.0,0.0,260.0,49.9,0.0,0.0,1.2,0.87,0.0,,,,,,ASU-57
mig-15,58.0,44.12,3.88,4.76,0.27,0.36,38.0,22.22,0.22,0.72,0.0,0.0,0.0,,,,,,MiG-15bis
sw_strv121b_christian2,56.0,86.42,0.0,0.0,3.48,2.3,683.0,55.39,0.0,0.0,3.16,1.89,0.0,,,,,,Christian_II
cn_m4a1_76w_sherman,54.0,47.06,0.0,0.0,2.53,2.12,90.0,100.0,0.0,0.0,7.1,3.58,0.0,,,,,,M4A1_(75)_W_(China)
sw_pbv_501,56.0,0.0,0.0,0.0,0.44,0.47,378.0,57.93,0.0,0.0,1.84,1.35,0.0,,,,,,Pbv_501
la_174,60.0,80.0,6.0,7.5,0.6,0.8,0.0,,,,,,0.0,,,,,,La-174
su-2_m82,54.0,100.0,1.6,1.12,9.98,7.43,0.0,,,,,,5.0,,,,,,Su-2_(M-82)
a-20g,55.0,100.0,0.52,0.44,7.15,6.31,3.0,,,1.0,,3.0,0.0,,,,,,A-20G-25
it_leopard_2a4,58.0,70.84,0.0,0.0,4.01,4.82,249.0,51.01,0.0,0.0,1.71,1.59,0.0,,,,,,◔Leopard_2A4
bf-109f-1,52.0,100.0,3.67,1.86,3.11,1.14,31.0,,,2.17,,0.0,0.0,,,,,,Bf_109_F-1
fr_m46_patton,55.0,78.03,0.0,0.0,3.19,3.58,75.0,41.18,0.0,0.0,6.45,4.85,0.0,,,,,,M46
uk_sherman_II,53.0,71.88,0.0,0.0,4.34,4.7,86.0,26.67,0.0,0.0,2.93,2.46,0.0,,,,,,Sherman_II
us_m42_duster,51.0,50.0,0.74,1.2,0.71,1.0,352.0,57.33,0.37,0.21,1.36,0.76,0.0,,,,,,M42
germ_pzkpfw_IV_ausf_G,54.0,65.0,0.0,0.0,1.41,1.85,141.0,32.72,0.0,0.0,2.15,1.86,4.0,,,,,,Pz.IV_G
b_25j_20,54.0,66.67,0.7,0.1,1.5,0.36,0.0,,,,,,0.0,,,,,,B-25J-20
f-89d,56.0,66.67,10.02,10.02,0.0,0.0,27.0,91.3,3.52,4.09,0.0,0.0,0.0,,,,,,F-89D
sw_t_80u,56.0,88.89,0.0,0.0,2.77,2.77,209.0,39.02,0.0,0.0,3.41,1.83,0.0,,,,,,T_80_U
b7a2_homare_23,53.0,100.0,2.13,1.73,7.21,6.56,35.0,100.0,3.36,3.54,1.89,1.23,12.0,,,,,,B7A2_(Homare_23)
uk_vickers_mbt_mk_1,51.0,97.73,0.0,0.0,3.16,2.13,203.0,49.21,0.0,0.0,3.49,2.17,0.0,,,,,,Vickers_Mk.1
f-86f-25,47.0,42.5,1.79,2.03,0.0,0.0,6.0,,,1.0,,0.0,0.0,,,,,,F-86F-25
ussr_zsu_37_2,52.0,38.33,0.53,0.96,0.0,0.0,215.0,55.67,0.51,0.37,0.4,0.26,0.0,,,,,,ZSU-37-2
jp_type_97_chi_ha,56.0,100.0,0.12,0.25,6.93,12.54,0.0,,,,,,0.0,,,,,,Chi-Ha
cn_m8_greyhound,50.0,100.0,0.0,0.0,6.55,7.38,0.0,,,,,,0.0,,,,,,M8_LAC_(China)
p-40e_ussr,51.0,78.89,3.95,4.15,0.82,0.84,15.0,100.0,0.0,0.0,1.0,1.0,19.0,,,0.0,,0.0,P-40E-1
a6m5_zero,50.0,87.88,3.99,3.93,0.0,0.0,46.0,100.0,1.81,1.81,0.5,0.5,0.0,,,,,,A6M5
ussr_kv_220,49.0,,,,,,120.0,90.1,0.0,0.0,14.58,9.74,0.0,,,,,,KV-220
jp_st_a2,51.0,,,0.0,,3.1,37.0,,,0.0,,0.7,0.0,,,,,,ST-A2
fr_marder_df_105,52.0,43.48,0.0,0.0,1.02,1.48,245.0,63.02,0.0,0.0,1.98,2.09,0.0,,,,,,DF105
germ_radpanzer_90,49.0,73.69,0.0,0.0,1.11,1.21,567.0,63.5,0.0,0.0,3.1,1.79,0.0,,,,,,Radkampfwagen_90
ussr_zis_30,52.0,,,0.0,,2.35,21.0,100.0,0.0,0.0,4.6,3.67,0.0,,,,,,ZiS-30
su-2_tss1,48.0,100.0,1.37,0.87,18.41,11.81,19.0,,,,,,0.0,,,,,,Su-2_TSS-1
la-5_type37_early,51.0,96.15,4.41,6.77,3.05,5.45,11.0,50.0,0.5,1.0,0.0,0.0,0.0,,,,,,La-5
jp_m4a3e8_76w_sherman,49.0,50.0,0.0,0.0,2.95,3.82,284.0,70.3,0.06,0.06,3.44,2.98,0.0,,,,,,M4A3_(76)_W
ussr_t_80,49.0,65.0,0.0,0.0,2.3,2.98,0.0,,,,,,0.0,,,,,,T-80
jp_oplot_t,45.0,50.0,0.0,0.0,2.23,2.23,273.0,62.23,0.0,0.0,3.34,1.73,0.0,,,,,,BM_Oplot-T
germ_kpz_t72m1,46.0,95.24,0.0,0.0,2.29,1.83,1117.0,45.24,0.0,0.0,2.06,1.77,0.0,,,,,,◊T-72M1
jp_type_90b_camo,56.0,61.46,0.0,0.0,1.75,1.67,2327.0,51.39,0.0,0.0,2.82,2.01,3.0,0.0,0.0,0.0,0.0,0.0,"Type_90_(B)_""Fuji"""
i-16_type17_china,50.0,,,2.25,,0.53,0.0,,,,,,0.0,,,,,,I-16_type_17_(China)
sw_cv_90105_tml,50.0,100.0,0.0,0.0,2.5,2.0,2386.0,54.21,0.0,0.0,2.15,1.66,2.0,,,0.0,,2.0,CV_90105
cn_ztz_99,46.0,46.15,0.0,0.0,1.15,1.27,212.0,59.63,0.0,0.0,1.78,1.55,3.0,,,,,,ZTZ99-II
mig-21_s,55.0,44.44,6.7,4.29,0.0,0.0,176.0,63.37,1.3,0.81,0.23,0.19,0.0,,,,,,MiG-21S_(R-13-300)
bf-109g-2,47.0,70.51,4.26,6.61,0.97,0.72,90.0,78.57,1.6,1.67,0.93,1.17,0.0,,,,,,Bf_109_G-2/trop
firefly_mk5,49.0,90.0,1.9,1.82,4.36,4.12,16.0,81.25,2.5,1.75,1.81,1.44,0.0,,,,,,Firefly_FR_Mk_V
germ_flakpanzer_IV_Kugelblitz,47.0,70.0,2.1,1.95,1.0,0.76,385.0,48.66,0.84,0.98,0.68,0.78,3.0,,,,,,Kugelblitz
mig_23mld,49.0,38.46,2.23,1.38,0.38,0.2,159.0,70.95,1.53,1.33,0.07,0.05,0.0,,,,,,MiG-23MLD
fr_m4a1_sherman,47.0,29.76,0.0,0.0,0.31,0.55,115.0,39.21,0.0,0.0,1.34,1.31,0.0,,,,,,M4A1
cn_wz_305,47.0,100.0,7.62,,2.0,,348.0,59.51,0.88,0.51,2.7,1.5,0.0,,,,,,WZ305
alpha_jet_th_phase_1,48.0,50.0,2.5,5.32,2.0,0.91,81.0,54.49,0.46,0.83,1.03,1.54,0.0,,,,,,Alpha_Jet_TH
germ_erprobungstrager_3_achs_turm,50.0,62.63,0.0,0.0,3.82,3.82,1023.0,43.36,0.0,0.0,3.52,1.74,0.0,,,,,,Turm_III
cn_m4a4_sherman_1st_ptg,46.0,76.25,0.0,0.0,4.92,4.97,51.0,76.0,0.0,0.0,2.49,2.36,0.0,,,,,,M4A4_(1st_PTG)_(China)
cn_al_khalid_1,48.0,50.0,0.0,0.0,2.17,2.17,884.0,57.92,0.0,0.0,1.96,1.59,0.0,,,,,,Al-Khalid-I
sb_2m_105,46.0,55.95,0.11,0.09,2.44,2.09,0.0,,,,,,0.0,,,,,,SB_2M-105
germ_jgdpz_38t,48.0,100.0,0.0,0.0,3.9,3.64,134.0,36.67,0.0,0.0,3.12,4.1,0.0,,,,,,Jagdpanzer_38(t)
bf-110f-2,45.0,97.78,2.87,2.81,3.15,3.33,0.0,,,,,,0.0,,,,,,Bf_110_F-2
ussr_t_34_1941,48.0,100.0,0.0,0.0,3.88,5.29,60.0,100.0,0.0,0.0,7.0,3.36,0.0,,,,,,T-34_(1941)
fr_amx_30,47.0,31.25,0.0,0.0,1.69,1.15,8.0,,,0.0,,1.0,3.0,,,0.0,,1.0,AMX-30
germ_mkpz_m48a2c,48.0,50.0,0.2,0.18,0.81,1.2,492.0,30.72,0.0,0.0,1.37,1.1,80.0,39.38,0.0,0.0,1.04,1.5,M48A2_C
ussr_t_80um2,42.0,50.0,0.0,0.0,3.0,2.4,249.0,62.38,0.0,0.0,3.57,2.38,0.0,,,,,,T-80UM2
tornado_f3,48.0,59.53,0.91,1.0,0.0,0.0,275.0,53.34,1.17,1.35,0.09,0.08,12.0,,,1.0,,0.0,Tornado_F.3
su_22m4,49.0,50.83,0.67,0.96,2.59,3.5,14.0,,,,,,8.0,100.0,2.0,1.0,3.0,1.5,◊Su-22M4
ussr_t_80ue1,41.0,50.42,0.0,0.0,2.2,2.95,2725.0,47.08,0.0,0.0,1.67,1.41,0.0,,,,,,Т-80U-Е1
i_29,49.0,100.0,4.6,4.76,0.2,0.21,0.0,,,,,,0.0,,,,,,I-29
sw_strv_m31,45.0,96.3,0.0,0.0,2.33,7.0,5.0,,,0.0,,6.0,0.0,,,,,,Strv_m/31
ussr_t_26_1940,44.0,76.0,0.0,0.0,3.38,4.52,0.0,,,,,,0.0,,,,,,T-26
p-39n,45.0,58.33,2.28,4.39,0.0,0.0,22.0,0.0,2.0,1.05,2.0,1.0,0.0,,,,,,P-39N-0
germ_flakpanzer_IV_Ostwind_2_net,44.0,100.0,4.69,,0.23,,201.0,21.43,1.2,1.01,0.0,0.0,0.0,,,,,,Ostwind_Ost
ussr_t_72b3_arena_m,48.0,65.22,0.0,0.0,1.3,1.93,639.0,54.79,0.0,0.0,1.65,1.62,16.0,100.0,0.0,0.0,0.5,0.23,Т-72Б3А
cn_ztz_96b,46.0,50.0,0.0,0.0,0.95,0.96,421.0,61.55,0.0,0.0,1.92,1.98,0.0,,,,,,ZTZ96B
il-2m_mstitel,43.0,100.0,0.79,0.57,5.57,5.87,6.0,100.0,1.0,0.5,3.0,2.0,0.0,,,,,,"IL-2M_""Avenger"""
f-105d,46.0,91.18,0.02,0.04,2.56,2.66,63.0,23.81,0.02,0.03,4.04,3.14,0.0,,,,,,F-105D
ussr_is_1_kit_3rank,47.0,,,0.0,,2.5,100.0,56.05,0.0,0.0,2.65,2.4,13.0,,,,,,ИС-1_('45)
germ_marder_df_105,45.0,0.0,0.0,0.0,6.0,5.67,180.0,67.37,0.0,0.0,4.7,2.24,121.0,60.52,0.0,0.0,1.73,1.77,DF105
spitfire_mk9c_iaf,51.0,13.64,5.65,3.15,1.05,0.49,7.0,,,,,,0.0,,,,,,Spitfire_Mk_IXc_(Israel)
f_16a_block_15_adf,46.0,78.0,5.98,5.98,0.22,0.22,133.0,59.0,1.91,1.7,0.0,0.0,0.0,,,,,,F-16A_ADF
c_3604,45.0,90.0,1.64,2.23,2.46,2.46,54.0,47.37,0.74,0.97,0.53,0.62,13.0,,,,,,◌С-3604
germ_flakpanzer_V_Coelian,45.0,50.0,0.5,0.58,2.25,1.11,711.0,59.68,0.6,0.47,3.31,2.51,8.0,0.0,1.0,,0.0,,Flakpanzer_341
fr_mars_15,47.0,68.75,0.0,0.0,1.69,1.38,77.0,57.78,0.0,0.0,1.95,1.67,0.0,,,,,,MARS_15
cn_ztz_99_w,42.0,22.78,0.0,0.0,1.12,1.14,287.0,57.96,0.0,0.0,2.16,1.91,0.0,,,,,,ZTZ99-III
sw_bkan_1c,44.0,50.0,1.5,1.34,1.0,0.89,324.0,42.81,0.1,0.08,1.65,1.48,0.0,,,,,,Bkan_1C
jp_st_a1,47.0,63.04,0.0,0.0,0.82,1.04,117.0,66.67,0.0,0.0,3.96,1.81,0.0,,,,,,ST-A1
ussr_bmd_4m2,40.0,28.13,0.0,0.0,0.88,0.72,589.0,41.77,0.02,0.0,1.22,0.88,6.0,100.0,0.0,0.0,1.0,1.0,БМД-4M2
saab_b18b,42.0,100.0,0.0,,6.69,,25.0,100.0,0.0,0.0,0.85,0.85,0.0,,,,,,B18B
uk_a_43_black_prince,43.0,85.71,0.14,0.14,4.14,4.14,83.0,60.0,0.0,0.0,7.33,3.64,0.0,,,,,,Black_Prince
t2,45.0,100.0,7.71,7.71,0.36,0.36,46.0,60.71,1.18,1.31,0.39,0.56,17.0,,,2.24,,0.0,T-2
germ_thyssen_henschel_tam_2ip,42.0,100.0,0.0,0.0,4.33,2.54,1776.0,45.42,0.0,0.0,1.95,1.49,0.0,,,,,,TAM_2IP
p-47d_23_ra_china_rocaf,45.0,61.11,1.65,2.43,3.35,2.33,0.0,,,,,,0.0,,,,,,P-47D-23-RA_(China)
bf_110g_4_hungary,40.0,73.08,1.62,1.85,0.54,0.58,43.0,100.0,0.36,0.43,2.07,1.73,0.0,,,,,,◐Bf_110_G-4
sw_pvkv_m43_1946,42.0,100.0,1.0,0.13,4.0,1.75,73.0,68.75,0.0,0.0,1.97,0.83,0.0,,,,,,Pvkv_m/43_(1946)
sw_landsverk_ush_405,41.0,50.0,0.0,0.0,1.0,0.42,402.0,51.66,0.0,0.0,2.29,2.08,0.0,,,,,,U-SH_405
jp_btr_3e1,45.0,40.0,0.0,0.0,0.4,0.4,386.0,73.65,0.0,0.0,1.5,1.13,0.0,,,,,,BTR-3E1
sw_ikv_73,43.0,100.0,0.0,0.0,9.0,5.4,25.0,,,0.0,,2.32,0.0,,,,,,Ikv_73
us_lav_ad,42.0,47.62,1.62,3.1,0.52,1.0,969.0,49.41,0.22,0.18,0.74,0.63,0.0,,,,,,LAV-AD
a_6e_tram,40.0,87.65,1.25,1.06,1.56,1.55,154.0,59.6,0.26,0.3,2.86,3.88,3.0,,,,,,A-6E_TRAM
fr_amx_13_90,47.0,89.47,0.0,0.0,3.53,3.53,174.0,69.33,0.0,0.0,2.94,2.1,0.0,,,,,,AMX-13-90
b_26b_c,44.0,100.0,0.0,0.0,3.71,3.56,11.0,0.0,0.0,0.0,0.0,0.11,0.0,,,,,,B-26B
p-63a-5_ussr,43.0,54.17,1.83,1.53,0.5,0.44,228.0,63.3,2.12,1.49,2.96,2.12,0.0,,,,,,P-63A-5
mig_3_series_1_15_bk_pod,43.0,100.0,1.38,1.38,0.35,0.35,0.0,,,,,,0.0,,,,,,MiG-3-15_(BK)
p-38l,42.0,100.0,1.71,0.67,0.0,0.0,8.0,,,,,,0.0,,,,,,P-38L-5-LO
pe-8_m82,41.0,100.0,0.0,0.0,1.42,1.29,35.0,86.11,0.0,0.0,0.13,0.15,0.0,,,,,,Pe-8
jp_type_74,42.0,0.0,0.0,0.0,1.21,1.11,614.0,51.18,0.0,0.0,2.0,1.7,0.0,,,,,,Type_74_(E)
su-6_m71,44.0,93.33,1.26,1.45,5.11,3.52,78.0,57.5,0.95,0.59,1.98,1.22,0.0,,,,,,Su-6_(M-71F)
beaufighter_mkx,42.0,100.0,1.0,2.22,5.8,4.3,10.0,,,0.0,,3.0,0.0,,,,,,Beaufighter_Mk_X
p-47d_30_china,43.0,77.27,3.18,2.87,0.32,0.23,57.0,66.67,0.0,0.0,0.7,0.7,0.0,,,,,,P-47D-30_(China)
f-4j,43.0,50.0,1.3,1.65,0.5,0.09,162.0,53.51,1.31,1.52,0.16,0.19,1.0,,,,,,F-4J_Phantom_II
us_m4a2_76w_sherman,47.0,56.14,0.0,0.0,2.24,1.82,415.0,72.34,0.0,0.0,4.07,2.42,0.0,,,,,,M4A2_(76)_W
ki-49_2b,40.0,59.09,0.0,0.0,0.41,0.41,0.0,,,,,,0.0,,,,,,Ki-49-IIb
sw_strv_m42_eh,40.0,,,0.0,,7.18,125.0,25.31,0.0,0.0,2.5,1.4,0.0,,,,,,Strv_m/42_EH
fr_m26_pershing,36.0,55.56,0.47,0.35,2.21,2.13,199.0,55.0,0.0,0.0,2.96,1.39,36.0,100.0,0.0,0.0,2.0,1.47,M26
ussr_kv_7_u13,37.0,61.08,0.0,0.0,4.19,4.87,44.0,17.54,0.0,0.0,6.33,5.85,0.0,,,,,,KV-7_(U-13)
jp_type_3_chi_nu,40.0,88.6,0.0,0.0,3.55,3.89,66.0,,,0.0,,2.27,0.0,,,,,,Chi-Nu
p-51d-20_china,42.0,77.78,1.33,1.41,2.24,0.69,23.0,50.0,0.0,0.0,1.0,2.0,0.0,,,,,,P-51D-20_(China)
p-39n_su,42.0,50.0,2.18,4.36,0.0,0.0,0.0,,,,,,0.0,,,,,,Pokryshkin's_P-39N-0
ussr_bmpt_72,33.0,42.86,0.0,0.0,0.9,2.91,1380.0,55.8,0.0,0.0,1.71,1.32,3.0,,,,,,БМПТ-72
mig_29_9_12,43.0,56.41,1.77,1.4,0.0,0.0,24.0,100.0,1.0,0.37,0.0,0.0,0.0,,,,,,МиГ-29_(9-12)
sb2c_1c,42.0,100.0,0.0,,1.0,,0.0,,,,,,0.0,,,,,,SB2C-1C
ki_44_1_ep,40.0,100.0,3.2,2.07,0.0,0.0,29.0,,,0.48,,0.0,0.0,,,,,,Ki-44-I_34
he_100d_1,38.0,100.0,8.63,,0.0,,0.0,,,,,,0.0,,,,,,He_100_D-1
us_m247,39.0,50.0,4.25,8.5,0.92,1.83,322.0,51.71,1.26,0.92,0.19,0.13,0.0,,,,,,M247
cn_tor_m1,38.0,47.5,1.48,2.85,0.0,0.0,55.0,100.0,2.0,1.85,0.0,0.0,0.0,,,,,,Tor-M1
germ_pzkpfw_38t_ausf_A,39.0,100.0,0.0,,2.41,,0.0,,,,,,0.0,,,,,,Pz.38(t)_A
il-2i,38.0,60.53,0.5,0.35,5.63,5.04,65.0,78.67,0.39,0.31,1.65,1.3,38.0,83.33,1.5,1.8,5.2,6.2,IL-2_(1942)
uk_as_90_mk_2,41.0,,,1.77,,1.8,125.0,66.09,0.87,0.64,4.41,3.49,0.0,,,,,,AS90
jp_type_93,42.0,45.45,1.7,3.23,0.0,0.0,92.0,43.89,0.72,1.36,0.0,0.0,0.0,,,,,,Type_93
bb-1,38.0,100.0,2.29,3.43,8.88,19.14,19.0,100.0,0.0,0.33,2.67,2.11,0.0,,,,,,BB-1
sw_ikv_103,38.0,51.33,0.0,0.0,0.6,1.02,100.0,58.28,0.0,0.0,1.29,1.02,0.0,,,,,,Ikv_103
f_16a_block_20_mlu,38.0,100.0,6.26,6.26,3.0,3.0,31.0,13.89,0.33,0.43,0.0,0.0,0.0,,,,,,F-16A_MLU_(China)
uk_chieftain_900,43.0,53.85,0.0,0.0,2.5,2.38,75.0,76.67,0.0,0.0,3.03,2.75,0.0,,,,,,Chieftain_900
a6m3_zero,40.0,,,4.24,,0.0,12.0,100.0,1.75,1.75,0.0,0.0,0.0,,,,,,A6M3
p-51d-20-na_iaf,46.0,27.27,2.62,1.94,1.08,0.71,55.0,34.17,0.69,0.56,0.66,0.39,0.0,,,,,,P-51D-20-NA_(Israel)
jp_type_90,42.0,50.0,0.0,0.0,1.0,1.2,641.0,60.6,0.0,0.0,1.98,1.93,0.0,,,,,,Type_90
bf-110g-2,39.0,100.0,2.0,1.65,3.5,1.8,7.0,,,1.0,,1.0,0.0,,,,,,Bf_110_G-2
us_m6a2e1,35.0,98.04,0.96,0.97,8.59,8.71,60.0,50.0,0.0,0.0,5.0,4.25,0.0,,,,,,M6A2E1
it_c1_ariete_preserie,42.0,63.34,0.0,0.0,3.31,5.61,183.0,53.22,0.0,0.0,1.96,1.37,0.0,,,,,,Ariete_(P)
ussr_su_5_1,37.0,32.0,0.0,0.0,1.8,2.88,0.0,,,,,,0.0,,,,,,SU-5-1
bf-109k-4,37.0,94.74,4.29,4.53,0.0,0.0,175.0,54.68,4.32,2.85,1.2,0.74,0.0,,,,,,Bf_109_K-4
it_p_26_40,36.0,67.39,0.0,0.0,2.17,3.13,121.0,63.48,0.0,0.0,7.56,10.89,0.0,,,,,,"P40_""G.C._Leoncello"""
la-15,41.0,29.41,2.88,4.68,0.29,0.53,28.0,50.0,2.0,1.38,0.5,0.19,0.0,,,,,,La-15
f-4c,44.0,45.24,1.19,0.83,0.25,0.23,137.0,29.72,1.31,1.08,1.37,1.44,0.0,,,,,,F-4C_Phantom_II
germ_leopard_1a5,38.0,81.48,0.0,0.0,1.82,1.37,1634.0,43.28,0.0,0.0,1.53,1.28,57.0,43.39,0.0,0.0,2.12,2.02,Leopard_1A5
jp_type_74_c,34.0,48.61,0.0,0.0,0.52,0.77,256.0,57.3,0.0,0.0,3.35,2.75,0.0,,,,,,Type_74_(C)
yak-1b_luftwaffe,36.0,100.0,5.3,2.45,0.25,0.07,44.0,52.78,2.5,3.74,0.65,1.04,0.0,,,,,,Yak-1B
jp_type_3_ho_ni_I,37.0,100.0,0.0,,2.67,,0.0,,,,,,0.0,,,,,,Ho-Ni_I
us_m8a1,26.0,62.22,0.13,0.2,3.53,5.68,81.0,66.67,0.0,0.0,4.33,2.77,0.0,,,,,,M8A1_GMC
fr_m4a4_sherman,33.0,50.0,0.0,0.0,5.95,5.95,116.0,90.29,0.0,0.0,6.71,4.55,0.0,,,,,,M4A4
yak-9b,37.0,100.0,2.42,1.49,5.33,2.58,8.0,,,1.0,,0.0,0.0,,,,,,Yak-9B
btd-1,37.0,,,1.26,,3.39,2.0,,,0.0,,2.5,0.0,,,,,,BTD-1
ju-88c-6,35.0,,,1.0,,1.0,0.0,,,,,,0.0,,,,,,Ju_88_C-6
il_m_51_w,37.0,100.0,0.0,0.0,2.0,1.38,189.0,63.15,0.0,0.0,4.04,2.13,0.0,,,,,,M-51_(W)
f4u-4b,37.0,100.0,3.0,2.69,0.0,0.0,441.0,76.95,0.9,0.83,2.82,2.61,2.0,,,4.0,,0.0,F4U-4B
f6f-5n,40.0,86.67,2.47,1.57,1.27,0.54,36.0,100.0,0.78,0.39,4.06,2.03,0.0,,,,,,F6F-5N
sw_tgdgb_m40_lv,35.0,,,0.87,,0.13,34.0,0.0,0.27,0.27,2.67,2.52,0.0,,,,,,Lvtdgb_m/40
spitfire_mk14c,40.0,100.0,11.5,11.5,0.0,0.0,0.0,,,,,,0.0,,,,,,Spitfire_F_Mk_XIVc
us_rdf_lt,35.0,100.0,1.0,,2.5,,384.0,60.71,0.04,0.04,2.52,1.48,0.0,,,,,,RDF/LT
sw_cv_90120,30.0,66.67,0.0,0.0,2.7,3.2,279.0,50.45,0.0,0.0,1.83,1.73,0.0,,,,,,CV_90120
i-16_type24,34.0,100.0,4.0,2.0,0.0,0.0,0.0,,,,,,0.0,,,,,,I-16_type_24
saab_t18b_2,37.0,,,2.47,,2.0,0.0,,,,,,5.0,,,,,,T18B_(57)
cn_ztz_96,36.0,,,0.0,,2.36,489.0,64.73,0.0,0.0,4.25,2.8,0.0,,,,,,ZTZ96
spitfire_fr_mk14e_belgium,35.0,100.0,2.09,1.44,0.0,0.0,24.0,,,1.0,,0.0,0.0,,,,,,Spitfire_FR_Mk_XIVe
fw-190a-8,35.0,100.0,3.2,3.0,6.0,0.74,15.0,,,,,,0.0,,,,,,Fw_190_A-8
f3d_1,31.0,38.33,1.57,1.33,0.0,0.0,253.0,57.37,0.43,0.42,1.41,1.56,0.0,,,,,,F3D-1
b_239_finland,37.0,0.0,2.45,1.59,0.0,0.0,28.0,100.0,1.9,1.08,1.1,1.35,0.0,,,,,,B-239
us_m4a3e2_sherman_jumbo_cobra_king,33.0,,,0.0,,1.18,171.0,64.88,0.0,0.0,3.87,2.83,0.0,,,,,,Cobra_King
ussr_smk,34.0,65.79,0.0,0.0,0.95,1.58,11.0,,,,,,0.0,,,,,,SMK
bv-155b-1,36.0,58.33,0.94,1.48,0.36,0.76,3.0,,,1.0,,0.0,0.0,,,,,,BV_155_B-1
lightning_f6,31.0,77.78,1.0,1.0,0.0,0.0,46.0,75.0,1.5,1.92,1.0,1.31,21.0,,,1.86,,0.0,Lightning_F.6
spitfire_lf_mk9e_iaf,39.0,6.06,1.87,0.61,0.42,0.2,36.0,50.0,1.0,2.14,1.17,0.86,0.0,,,,,,Spitfire_Mk.IX_(CW)_(Israel)
sw_leopard_2a6nl,33.0,86.67,0.0,0.0,2.49,3.94,117.0,12.7,0.0,0.0,2.16,1.26,0.0,,,,,,Leopard_2A6
f4f-3,34.0,,,0.83,,2.56,3.0,100.0,1.0,,0.0,,0.0,,,,,,F4F-3
il_centurion_shot_kal_d,30.0,2.78,0.0,0.0,2.03,2.03,31.0,84.72,0.0,0.0,2.79,1.85,0.0,,,,,,Sho't_Kal_Dalet
ussr_t_64a_1971,33.0,0.0,0.0,0.0,1.56,0.78,905.0,47.27,0.0,0.0,2.31,1.91,69.0,83.33,0.0,0.0,4.74,4.3,T-64A_(1971)
germ_panzerjager_tiger_P_elefant,32.0,100.0,0.0,0.0,5.77,5.74,43.0,,,0.0,,6.22,0.0,,,,,,Elefant
cn_m8_scott,33.0,100.0,0.0,0.0,2.33,2.64,0.0,,,,,,0.0,,,,,,M8_HMC_(China)
germ_pzkpfw_IV_ausf_F,31.0,58.33,0.0,0.0,3.15,3.73,262.0,22.13,0.0,0.0,3.34,2.1,0.0,,,,,,Pz.IV_F1
il_merkava_mk_2b_early,35.0,72.73,0.0,0.0,2.77,2.82,166.0,60.45,0.0,0.0,3.05,3.6,0.0,,,,,,Merkava_Mk.2B
it_pzkpfw_VI_ausf_e_tiger,37.0,50.0,0.0,0.0,2.75,2.64,159.0,58.86,0.0,0.0,7.49,4.98,13.0,,,,,,Tigris
uk_a30_challenger,32.0,61.81,0.0,0.0,1.75,3.53,123.0,58.93,0.0,0.0,2.16,1.58,0.0,,,,,,Challenger
j7w1,32.0,,,1.91,,0.0,366.0,68.75,0.98,0.97,2.48,2.39,0.0,,,,,,J7W1
ussr_m53_59,34.0,52.63,1.42,1.8,0.0,0.0,605.0,47.7,0.57,0.47,0.62,0.51,0.0,,,,,,M53/59
ju-88a-4,31.0,100.0,0.77,0.39,2.91,2.73,0.0,,,,,,0.0,,,,,,Ju_88_A-4
mosquito_nf_mk2,32.0,100.0,2.67,2.29,0.0,0.08,0.0,,,,,,0.0,,,,,,Mosquito_NF.Mk.II
douglas_ad_4_france,32.0,68.18,1.73,1.93,0.0,1.07,48.0,80.84,0.47,0.65,2.41,3.21,0.0,,,,,,AD-4
germ_flakpz_1a2_Gepard,29.0,100.0,2.0,1.0,3.0,0.91,353.0,33.63,1.13,0.61,1.03,0.56,0.0,,,,,,Gepard_1A2
us_stingray,30.0,50.0,0.0,0.0,1.92,2.65,962.0,61.59,0.0,0.0,2.02,1.79,0.0,,,,,,Stingray
it_stug_III_ausf_G,31.0,100.0,0.0,0.0,1.88,1.88,34.0,100.0,0.0,0.0,3.5,3.97,0.0,,,,,,StuG_III_G
fw-190a-5_cannons,33.0,100.0,4.0,2.87,2.0,0.44,0.0,,,,,,0.0,,,,,,Fw_190_A-5
us_t92,31.0,61.54,0.21,0.21,0.85,1.0,648.0,50.53,0.0,0.0,1.29,0.97,0.0,,,,,,T92
p-51k,32.0,90.0,1.2,1.19,0.0,0.0,8.0,66.67,1.0,1.0,2.3,2.3,0.0,,,,,,P-51K_(China)
cn_zts_63_1980,31.0,50.0,0.0,0.0,2.0,0.9,54.0,50.0,0.0,0.0,1.18,1.43,19.0,0.0,0.0,0.0,1.0,0.16,ZTS63
jp_tkx_prot,35.0,56.25,0.0,0.0,4.35,4.08,370.0,65.1,0.0,0.0,4.18,2.44,0.0,,,,,,TKX
fr_amx_30_b2,33.0,94.12,0.0,0.0,3.09,2.47,181.0,76.89,0.0,0.0,2.33,1.75,0.0,,,,,,AMX-30B2
us_m18_hellcat_black_cat,30.0,100.0,0.0,0.0,4.27,6.44,1161.0,78.04,0.0,0.0,3.08,2.8,3.0,0.0,0.0,0.0,2.0,2.0,"M18_""Black_Cat"""
germ_panzerjager_nashorn,32.0,0.0,0.0,0.0,1.29,1.83,16.0,7.14,0.0,0.0,2.21,1.63,0.0,,,,,,Nashorn
f4u-4,32.0,100.0,3.6,2.21,0.0,0.05,297.0,58.62,0.27,0.19,1.43,1.0,0.0,,,,,,F4U-4
mig_23m,34.0,100.0,4.0,1.45,0.0,0.0,71.0,18.59,1.29,0.93,0.0,0.0,5.0,,,,,,MiG-23M
cn_type_64,32.0,64.29,0.0,0.0,1.64,2.6,53.0,100.0,0.0,0.0,6.33,3.97,0.0,,,,,,M64
sw_strv_101,31.0,0.0,0.0,0.0,1.05,1.03,300.0,45.35,0.0,0.0,1.85,1.34,0.0,,,,,,Strv_101
ussr_2s19_m1,33.0,62.5,0.0,0.0,0.97,1.06,120.0,42.89,0.0,0.0,0.84,0.81,0.0,,,,,,2С19М1
p-51c-10-nt,32.0,,,4.0,,0.0,53.0,75.76,0.72,1.46,0.42,0.84,0.0,,,,,,P-51C-10
jp_m41_walker_bulldog,33.0,,,0.0,,0.11,391.0,43.38,0.05,0.05,2.17,2.3,0.0,,,,,,M41A1
ussr_bmp_2m,30.0,50.0,0.0,0.0,0.0,0.0,1447.0,45.59,0.0,0.0,1.16,0.84,3.0,,,0.0,,0.0,BMP-2M
beaufighter_mk21,30.0,100.0,1.56,1.3,5.81,5.33,13.0,,,,,,0.0,,,,,,Beaufighter_Mk_21
cn_t_26_1940,30.0,100.0,0.0,0.0,4.57,4.93,0.0,,,,,,0.0,,,,,,T-26_(China)
il_2_m82,30.0,100.0,1.6,1.6,2.9,2.9,39.0,25.0,0.89,0.8,0.98,0.86,0.0,,,,,,IL-2_M-82
fw_190a_5_u14,29.0,100.0,5.0,3.6,0.0,0.0,0.0,,,,,,0.0,,,,,,Fw_190_A-5/U14
mosquito_tr_mk33,30.0,100.0,1.31,1.33,1.56,1.39,0.0,,,,,,0.0,,,,,,Mosquito_TR.Mk.33
sm_92,30.0,,,1.17,,0.7,28.0,,,1.0,,1.88,0.0,,,,,,SM.92
spitfire_ix_usa,31.0,,,1.36,,0.0,212.0,63.34,1.09,1.45,1.13,1.45,10.0,,,,,,Spitfire_LF_Mk_IXc
fr_amx_elc_901,32.0,56.25,0.0,0.0,1.47,1.28,186.0,95.24,0.0,0.0,9.58,2.34,0.0,,,,,,ELC_901
ussr_isu_122s,29.0,20.59,0.0,0.0,1.0,1.41,54.0,100.0,0.0,0.0,2.0,1.38,0.0,,,,,,ISU-122S
a_10a_late,31.0,100.0,2.89,2.5,6.79,5.61,404.0,72.82,0.91,1.13,4.19,4.25,3.0,,,,,,A-10A_Late
vg_33,30.0,100.0,2.32,2.71,0.0,0.0,0.0,,,,,,0.0,,,,,,V.G.33C-1
il_2_1941,29.0,100.0,3.13,2.44,2.5,2.68,3.0,,,,,,0.0,,,,,,IL-2_(1941)
wm_23,28.0,,,1.25,,0.0,27.0,100.0,2.0,1.92,1.0,0.9,0.0,,,,,,◔WM-23
p-36c,30.0,,,1.19,,0.0,0.0,,,,,,0.0,,,,,,P-36C
germ_thyssen_henschel_tam,26.0,0.0,0.0,,1.62,,1109.0,40.81,0.0,0.0,1.36,1.33,9.0,16.67,0.0,0.0,1.83,1.17,TAM
germ_sdkfz_234_2,33.0,92.31,0.0,0.0,1.66,1.53,976.0,43.61,0.0,0.0,1.0,0.84,28.0,,,0.0,,1.93,Sd.Kfz.234/2
us_m1a2_abrams,32.0,40.63,0.0,0.0,2.34,1.61,757.0,45.08,0.0,0.0,3.17,2.14,0.0,,,,,,M1A2_Abrams
me_210ca_1_hungary,26.0,100.0,3.0,2.83,2.05,2.08,5.0,100.0,5.33,,2.0,,0.0,,,,,,◔Me_210_Ca-1
typhoon_mk1b_late,28.0,71.43,3.0,3.5,1.3,1.5,187.0,74.35,1.95,2.22,2.18,2.25,10.0,,,,,,Typhoon_Mk_Ib/L
ki-27_otsu,27.0,,,,,,0.0,,,,,,0.0,,,,,,Ki-27_otsu
cn_ztl_11,28.0,,,0.0,,1.54,181.0,49.52,0.0,0.0,1.44,1.21,0.0,,,,,,ZLT11
sea_fury_fb51,26.0,68.18,2.09,2.06,0.0,0.0,45.0,50.0,0.5,0.71,0.5,2.18,0.0,,,,,,◘Sea_Fury_FB.51
it_m15_42_contraereo,26.0,50.0,1.5,3.0,0.5,1.0,236.0,34.52,2.17,1.38,0.48,0.25,0.0,,,,,,M42_Contraereo
spitfire_ix_early,29.0,90.48,7.9,6.53,0.2,0.24,267.0,72.31,2.17,2.39,1.2,1.34,0.0,,,,,,Spitfire_F_Mk_IX
bf-109g-2_finland,28.0,50.0,0.0,0.0,1.5,3.0,20.0,100.0,1.69,1.75,1.0,0.94,0.0,,,,,,Bf_109_G-2
it_vcc_80_hitfist_60,26.0,31.25,0.0,0.0,0.81,1.5,266.0,64.84,0.0,0.0,1.17,1.21,12.0,0.0,0.0,0.0,1.0,1.0,VCC-80/60
su_25t,28.0,,,0.15,,0.38,279.0,67.17,0.35,0.4,4.37,4.71,19.0,0.0,1.0,1.0,3.0,2.77,Su-25T
f-82e,30.0,100.0,2.0,2.0,0.0,0.0,70.0,50.0,0.26,0.11,1.0,1.0,0.0,,,,,,F-82E
fr_m4a3_105_sherman,26.0,50.0,0.0,0.0,1.0,1.3,54.0,,,0.0,,4.32,0.0,,,,,,M4A3_(105)
f-84b,24.0,100.0,4.54,2.73,17.62,11.12,134.0,37.56,1.18,0.76,1.06,1.23,0.0,,,,,,F-84B-26
mb_326k,30.0,,,14.0,,0.0,374.0,84.86,2.34,2.09,2.73,2.58,0.0,,,,,,MB-326K
jp_type_89b_i_go_otsu,31.0,100.0,0.21,0.35,4.62,8.4,28.0,,,0.0,,4.0,0.0,,,,,,I-Go_Ko
me-262a-1a,27.0,100.0,4.0,,0.0,,68.0,50.0,0.5,0.7,0.0,0.0,0.0,,,,,,Me_262_A-1a
pv_2d,28.0,50.0,0.5,0.5,3.5,3.5,153.0,40.24,0.79,0.83,3.44,3.65,16.0,,,1.23,,1.23,PV-2D
uk_challenger_1,28.0,100.0,1.0,0.21,6.2,2.75,438.0,45.3,0.0,0.0,2.68,1.52,0.0,,,,,,Challenger_Mk.2
lagg-3-66,26.0,,,1.28,,0.0,0.0,,,,,,0.0,,,,,,LaGG-3-66
germ_m44,29.0,100.0,0.0,0.0,2.93,3.21,75.0,50.98,0.0,0.0,0.72,0.68,0.0,,,,,,M44
p-63a-5,26.0,19.79,1.12,1.38,0.29,0.44,5.0,,,,,,0.0,,,,,,P-63A-5
xp-50,26.0,,,2.67,,0.0,62.0,81.48,1.36,1.75,0.76,1.0,0.0,,,,,,XP-50
us_m19,28.0,100.0,1.0,0.25,1.67,1.15,56.0,0.0,0.08,0.04,0.0,0.39,0.0,,,,,,M19A1
fw-190f-8,28.0,100.0,6.0,3.76,3.0,1.82,116.0,41.07,0.88,0.76,2.11,1.79,17.0,,,1.24,,1.24,Fw_190_F-8
uk_concept3_ngac,29.0,50.0,0.0,0.0,0.5,0.5,155.0,69.54,0.0,0.0,2.42,1.65,0.0,,,,,,Concept_3
il_m109,25.0,,,0.0,,1.38,25.0,100.0,0.0,0.0,3.0,1.25,0.0,,,,,,M109_(Israel)
il_m109a1,31.0,0.0,0.0,0.0,1.0,0.88,13.0,,,0.0,,0.0,0.0,,,,,,Rochev
bf-109g-14,26.0,100.0,1.0,2.0,0.83,2.0,101.0,46.38,1.55,2.09,0.41,0.52,14.0,,,1.93,,0.0,Bf_109_G-14
uk_a30_sp_avenger,27.0,,,,,,212.0,77.87,0.0,0.0,4.78,3.33,0.0,,,,,,Avenger
tbf-1c,27.0,,,0.0,,2.17,0.0,,,,,,0.0,,,,,,TBF-1C
sw_pvkv_m43_1963,27.0,0.0,0.0,0.0,1.0,0.19,96.0,65.0,0.0,0.0,0.94,1.3,0.0,,,,,,Pvkv_m/43_(1963)
jp_type_74_red_star,24.0,38.89,0.0,0.0,0.26,0.26,502.0,57.72,0.0,0.0,1.77,1.4,0.0,,,,,,Type_74_Red_Star
b_25j_1,27.0,,,,,,0.0,,,,,,0.0,,,,,,B-25J-1
bf-109g-2_hungary,25.0,,,6.84,,0.0,0.0,,,,,,0.0,,,,,,◐Bf_109_G-2
ki_44_1,24.0,,,,,,0.0,,,,,,0.0,,,,,,Ki-44-I
f4u-1a,29.0,96.03,1.36,1.29,1.83,1.86,62.0,58.82,0.71,1.06,1.29,2.0,0.0,,,,,,F4U-1A
spitfire_xvi,26.0,80.0,2.8,3.5,1.0,1.3,5.0,,,,,,0.0,,,,,,Spitfire_F_Mk_XVI
ussr_t_34_85_zis_53_kit_3rank,24.0,100.0,0.0,0.0,3.62,3.62,309.0,68.71,0.0,0.0,3.08,2.57,13.0,,,0.0,,2.23,Т-34-85_('45)
ki_84_ko,25.0,,,,,,83.0,100.0,2.84,3.94,1.62,1.84,0.0,,,,,,Ki-84_ko
it_centauro_2,24.0,100.0,0.0,0.0,2.0,2.0,55.0,75.72,0.0,0.0,2.17,1.97,0.0,,,,,,Centauro_II_(P)
il-10_1946,25.0,53.13,0.59,1.07,1.19,2.07,8.0,,,,,,0.0,,,,,,IL-10_(1946)
il-10_1946_hungary,24.0,,,0.54,,0.81,6.0,,,0.0,,4.0,0.0,,,,,,◔IL-10
il_magach_6b_gal_batash,28.0,53.85,0.0,0.0,1.56,1.56,101.0,82.95,0.0,0.0,4.36,4.19,0.0,,,,,,Gal_Batash
germ_kv_2_754r,23.0,95.0,0.05,0.1,2.25,3.3,83.0,11.94,0.0,0.0,7.72,3.98,0.0,,,,,,KW_II_754_(r)
firefly_mk4_netherlands,26.0,100.0,3.08,2.61,2.62,2.35,20.0,50.0,0.2,0.4,0.43,0.85,0.0,,,,,,◘Firefly_F.Mk.IV
germ_sturmpanzer_IV_brummbar,27.0,100.0,0.0,0.0,3.0,3.0,21.0,,,0.0,,1.0,3.0,,,0.0,,1.0,Brummbär
us_m60_120s,28.0,100.0,0.0,0.0,2.0,2.0,317.0,53.95,0.0,0.0,2.72,2.93,3.0,,,0.0,,0.0,120S
ussr_is_3,27.0,72.22,0.5,1.0,1.72,2.71,223.0,38.01,0.0,0.0,2.68,2.18,0.0,,,,,,IS-3
germ_pzkpfw_38t_Marder_III,26.0,,,,,,12.0,,,0.0,,0.0,0.0,,,,,,Marder_III
yak-9p_hungary,24.0,,,1.91,,0.0,11.0,0.0,0.0,0.0,1.0,1.0,0.0,,,,,,◔Yak-9P
f_14b,28.0,0.0,1.0,1.0,0.0,0.0,150.0,47.52,1.26,1.69,0.12,0.11,24.0,,,,,,F-14B
germ_leopard_2a5_pso,28.0,66.67,0.0,0.0,2.22,2.11,648.0,44.83,0.0,0.0,2.28,1.87,0.0,,,,,,Leopard_2_PSO
sw_t_72m1,24.0,,,0.0,,1.41,465.0,60.91,0.0,0.0,2.12,1.93,0.0,,,,,,T-72M1
us_m26_t99,27.0,100.0,0.0,0.0,9.0,7.68,34.0,100.0,0.0,0.0,2.68,2.43,0.0,,,,,,M26_T99
re_2001_serie1_ep,24.0,100.0,3.0,3.0,0.0,0.0,0.0,,,,,,0.0,,,,,,Re.2001_gruppo_22
me-410a-1,25.0,100.0,0.0,0.0,10.27,5.29,39.0,46.3,0.0,0.0,0.63,0.9,0.0,,,,,,Me_410_A-1
f8f1b_france,23.0,68.18,3.18,3.13,0.0,0.0,74.0,98.75,0.64,0.65,3.25,3.2,0.0,,,,,,F8F-1B
it_2s1,25.0,,,0.0,,1.62,91.0,65.33,0.0,0.0,0.61,0.43,0.0,,,,,,◔2S1
ussr_kv_2_1939,26.0,100.0,0.0,0.0,7.0,3.18,89.0,87.22,0.0,0.0,5.02,2.57,0.0,,,,,,KV-2_(1939)
he_112b_0,25.0,,,1.0,,0.0,0.0,,,,,,0.0,,,,,,He_112_B-0
f-100d_france,26.0,50.0,0.83,1.0,0.0,0.0,0.0,,,,,,0.0,,,,,,F-100D
il_magach_7c,27.0,53.85,0.0,0.0,1.06,1.09,28.0,100.0,0.0,0.0,4.0,3.36,0.0,,,,,,Magach_7C
f-4e,24.0,33.33,1.0,0.93,0.7,0.83,303.0,49.66,1.68,1.85,0.26,0.28,21.0,,,0.0,,1.11,F-4E_Phantom_II
il_tcm_20,25.0,,,,,,12.0,0.0,0.0,0.0,0.0,0.0,0.0,,,,,,TCM-20
hunter_f6,23.0,50.0,0.5,1.0,0.0,0.0,129.0,50.56,2.0,2.94,1.39,2.15,0.0,,,,,,Hunter_F.6
ussr_2s38,26.0,66.67,0.23,0.52,0.53,1.04,2134.0,54.24,0.1,0.09,1.16,0.92,23.0,,,0.0,,0.0,2S38
uk_fv107_scimitar,26.0,100.0,0.0,0.0,0.0,0.64,111.0,59.25,0.0,0.0,1.87,1.77,0.0,,,,,,Scimitar
cn_m24_chaffee,24.0,,,0.0,,0.0,97.0,100.0,0.0,0.0,4.0,1.91,0.0,,,,,,M24_(China)
ussr_is_2_1943,25.0,22.73,0.0,0.0,2.34,2.86,735.0,53.94,0.0,0.0,1.58,1.62,0.0,,,,,,IS-2
ussr_2s1,29.0,58.33,0.0,0.0,1.27,0.88,180.0,47.11,0.26,0.21,1.64,1.24,0.0,,,,,,2S1
us_m4a2_1944_germ,24.0,100.0,0.0,0.0,10.0,5.0,3.0,,,,,,0.0,,,,,,M4_748_(a)
jp_type_10,28.0,50.0,0.0,0.0,3.63,3.63,354.0,60.54,0.0,0.0,4.45,2.36,0.0,,,,,,Type_10
us_m4_t26,24.0,100.0,0.0,,7.86,,267.0,52.89,0.0,0.0,1.71,1.3,29.0,100.0,0.0,0.0,4.0,2.56,M4/T26
it_m26a1_pershing,22.0,100.0,0.0,0.0,4.47,4.47,49.0,57.69,0.0,0.0,2.12,2.08,0.0,,,,,,M26A1
f_111f,25.0,60.0,0.4,0.22,6.2,4.58,27.0,50.0,2.0,4.0,1.42,2.85,2.0,,,,,,F-111F
cn_mbt2000,27.0,50.0,0.0,0.0,1.16,2.12,339.0,53.42,0.0,0.0,2.33,1.47,27.0,,,0.0,,1.04,MBT-2000
it_as_42_47,25.0,,,0.0,,1.57,3.0,,,,,,0.0,,,,,,AS_42/47
cn_t_80ud_478be,24.0,50.0,0.0,0.0,1.5,1.5,73.0,80.56,0.0,0.0,1.78,1.15,8.0,,,0.0,,2.0,T-80UD/BE
ussr_zsu_23_4m4,25.0,25.0,2.5,3.0,0.75,1.0,433.0,31.66,0.7,0.5,0.05,0.05,3.0,100.0,1.0,1.0,0.0,0.0,ZSU-23-4M4
bf-109f-4_hungary,22.0,100.0,11.0,10.86,0.0,0.0,76.0,85.0,1.65,2.42,1.0,3.33,0.0,,,,,,◐Bf_109_F-4
yak-9p,24.0,77.08,4.29,2.82,0.0,0.0,84.0,70.0,2.3,,0.83,,0.0,,,,,,Yak-9P
mig-21_f13,23.0,100.0,2.0,1.61,0.0,0.0,33.0,,,,,,0.0,,,,,,MiG-21F-13
sw_l_62_anti_II,33.0,57.14,0.46,0.51,1.8,1.86,158.0,19.17,0.34,0.14,4.16,1.54,0.0,,,,,,L-62_ANTI_II
la-11_china,22.0,,,1.89,,0.0,6.0,,,2.0,,0.0,0.0,,,,,,La-11_(China)
su_25sm3,23.0,15.63,0.84,0.86,0.22,0.19,27.0,100.0,1.4,1.4,2.2,2.2,0.0,,,,,,Su-25SM3
uk_ttd,23.0,23.33,0.0,0.0,0.23,0.23,143.0,78.9,0.0,0.0,5.12,3.14,0.0,,,,,,TTD
q_5a,24.0,100.0,4.0,,9.64,,16.0,53.13,0.0,0.0,0.53,1.0,0.0,,,,,,Q-5A
mig-17_cuba,24.0,100.0,9.0,9.0,6.0,6.0,0.0,,,,,,0.0,,,,,,MiG-17AS
ki-27_otsu_ep,22.0,100.0,7.0,6.71,0.0,0.0,0.0,,,,,,0.0,,,,,,Ki-27_otsu_Tachiarai
spitfire_mk5b_italy,22.0,,,4.41,,0.0,12.0,,,1.1,,1.0,12.0,,,1.4,,0.0,Spitfire_Mk_Vb/trop
f-5c,23.0,100.0,0.1,0.1,4.52,4.52,213.0,49.71,1.39,1.97,0.41,0.57,0.0,,,,,,F-5C
us_m3_stuart,23.0,100.0,0.0,0.0,4.0,3.83,0.0,,,,,,0.0,,,,,,M3_Stuart
us_m46_patton_73_armor_bat,22.0,100.0,0.0,0.0,4.0,2.75,394.0,76.19,0.03,0.02,3.4,2.34,0.0,,,,,,"M46_""Tiger"""
il-10,23.0,50.0,0.5,1.16,1.83,3.53,10.0,,,0.0,,0.0,0.0,,,,,,IL-10
us_m2a4,22.0,71.43,0.0,0.0,3.57,5.0,22.0,,,0.0,,3.14,0.0,,,,,,M2A4
yak-17,24.0,0.0,2.0,2.0,0.0,0.0,0.0,,,,,,0.0,,,,,,Yak-17
uk_chieftain_mk_5,25.0,100.0,0.0,0.0,4.0,3.67,109.0,84.17,0.0,0.0,3.68,3.67,0.0,,,,,,Chieftain_Mk_5
germ_flakpanzer_IV_Ostwind_2,22.0,0.0,1.2,1.2,0.4,0.4,269.0,23.06,1.14,0.62,0.04,0.04,19.0,100.0,1.0,1.0,0.0,0.0,Ostwind_II
f8f1b,22.0,,,1.63,,0.0,1010.0,79.21,0.7,0.57,2.16,1.82,0.0,,,,,,F8F-1B
ussr_t_44_122,21.0,,,0.0,,1.56,37.0,15.79,0.0,0.0,1.97,1.6,0.0,,,,,,T-44-122
ussr_btr_80a,23.0,,,,,,655.0,53.48,0.0,0.0,1.17,0.84,0.0,,,,,,BTR-80A
i-153_m62_china,23.0,100.0,4.13,4.09,2.0,2.0,0.0,,,,,,0.0,,,,,,I-153_M-62_(China)
f_47n_25_re_china,20.0,50.0,0.7,0.7,5.9,5.9,19.0,0.0,0.0,0.0,1.0,1.0,0.0,,,,,,F-47N-25-RE_(China)
mc-202_d,22.0,,,,,,2.0,,,1.0,,0.0,0.0,,,,,,C._202D
cw_21,23.0,100.0,2.0,2.0,1.0,1.0,0.0,,,,,,0.0,,,,,,CW-21
f-89b,22.0,100.0,10.75,10.75,0.13,0.13,80.0,85.0,1.03,1.16,0.77,0.87,0.0,,,,,,F-89B
uk_ac4_thunderbolt,21.0,100.0,0.0,0.0,3.0,3.07,168.0,53.89,0.0,0.0,2.69,1.43,11.0,100.0,0.0,0.0,4.0,4.0,A.C.IV
h-75m_china,23.0,100.0,3.09,3.09,0.0,0.0,3.0,,,1.0,,0.0,0.0,,,,,,H-75M_(China)
ef_2000_typhoon_aesa,20.0,,,2.0,,0.0,255.0,67.97,2.41,2.03,0.18,0.2,7.0,0.0,1.0,1.0,1.0,1.0,Typhoon_(AESA)
yak-30d,21.0,100.0,2.0,1.83,1.0,0.5,0.0,,,,,,0.0,,,,,,Yak-30D
f_15a,24.0,0.0,1.0,1.15,2.0,1.0,135.0,44.39,1.28,1.35,0.08,0.11,0.0,,,,,,F-15A
ki_43_3_ko,23.0,100.0,3.0,3.0,0.0,0.0,0.0,,,,,,0.0,,,,,,Ki-43-III_ko_(China)
il_merkava_mk_1b,24.0,61.11,0.0,0.0,2.39,2.32,190.0,56.72,0.0,0.0,2.28,2.39,0.0,,,,,,Merkava_Mk.1B
ussr_is_4m,24.0,,,0.0,,3.4,99.0,62.5,0.0,0.0,4.8,3.79,0.0,,,,,,IS-4M
pyorremyrsky,21.0,,,5.64,,0.0,183.0,100.0,4.77,4.4,3.03,2.88,5.0,,,0.4,,0.0,VL_Pyörremyrsky
tu_14t,21.0,100.0,0.25,0.29,1.25,1.05,8.0,50.0,0.0,0.0,0.0,0.0,0.0,,,,,,Tu-14T
f-8e,23.0,70.83,1.79,1.79,0.29,0.29,12.0,,,0.83,,0.0,0.0,,,,,,F-8E
it_m55,21.0,100.0,0.0,0.0,1.05,1.05,21.0,0.0,0.0,0.0,1.0,0.65,0.0,,,,,,M55
it_zsu_57_2,21.0,50.0,0.5,0.17,0.5,1.0,206.0,69.28,0.0,0.0,1.57,0.87,0.0,,,,,,◔ZSU-57-2
ussr_2s19_m2,24.0,50.0,0.0,0.0,0.5,0.5,63.0,25.0,0.0,0.0,1.58,0.71,0.0,,,,,,2С19М2
cn_ztz_88b,21.0,,,,,,188.0,43.53,0.0,0.0,2.62,1.74,0.0,,,,,,ZTZ88B
cn_ztz_96a_prot,22.0,50.0,0.0,0.0,0.64,1.27,555.0,50.0,0.0,0.0,2.03,1.58,8.0,100.0,0.0,0.0,1.0,1.0,ZTZ96A_(P)
cn_ztz_88a,21.0,,,0.0,,1.0,116.0,77.33,0.0,0.0,4.32,2.68,6.0,100.0,0.0,0.0,3.0,3.0,ZTZ88A
uk_a_33_excelsior,26.0,100.0,0.0,0.0,9.94,9.94,72.0,57.88,0.0,0.0,4.1,5.35,0.0,,,,,,Excelsior
do_217e_4,21.0,100.0,0.0,0.0,5.8,5.8,0.0,,,,,,0.0,,,,,,Do_217_E-4
fr_panhard_ebr_1954,23.0,78.13,0.0,0.0,2.22,2.22,75.0,78.92,0.0,0.0,4.44,4.53,0.0,,,,,,E.B.R._(1954)
corsair_fmk2,21.0,100.0,2.53,3.0,2.33,3.17,2.0,,,,,,0.0,,,,,,Corsair_F_Mk_II
bf-109g-6_erla_finland,22.0,,,1.0,,0.0,65.0,77.16,1.97,2.31,0.66,0.67,0.0,,,,,,Bf_109_G-6_Erla
germ_pzkpfw_III_ausf_J_L42,20.0,87.5,0.0,0.0,2.53,2.9,11.0,,,0.0,,3.82,0.0,,,,,,Pz.III_J
su_25,22.0,100.0,1.0,1.0,1.0,1.91,376.0,48.61,0.54,0.48,1.35,1.31,12.0,,,0.0,,0.0,Su-25
tempest_mk2,21.0,100.0,1.0,1.61,4.0,0.64,10.0,,,,,,0.0,,,,,,Tempest_Mk_II
uk_fv4202,21.0,,,0.0,,1.0,177.0,53.62,0.0,0.0,2.17,1.16,10.0,,,0.0,,0.0,FV4202
sw_sav_m43_1946,20.0,,,0.0,,1.0,6.0,,,0.0,,0.5,0.0,,,,,,Sav_m/43_(1946)
fr_arl_44_acl1,16.0,88.89,0.0,0.0,2.38,2.5,61.0,,,0.0,,1.26,0.0,,,,,,ARL-44_(ACL-1)
cn_hq_17,22.0,38.24,0.68,1.0,0.0,0.0,17.0,,,,,,0.0,,,,,,HQ17
il_aml_90,21.0,,,0.0,,0.67,173.0,54.58,0.0,0.0,1.66,1.05,0.0,,,,,,AML-90_(Israel)
ussr_zsu_23_4,23.0,0.0,0.0,0.0,0.0,0.0,257.0,16.23,0.27,0.25,0.06,0.06,0.0,,,,,,ZSU-23-4
bf-110c-4,19.0,100.0,2.0,,8.0,,16.0,,,0.0,,1.0,0.0,,,,,,Bf_110_C-7
re_2002_early,20.0,,,0.0,,0.0,8.0,0.0,0.0,0.0,0.0,0.0,0.0,,,,,,Re.2002_Early
ju-88a-4_finland,22.0,0.0,0.0,0.0,1.23,1.23,0.0,,,,,,0.0,,,,,,Ju_88_A-4
wellington_mk1c_luftwaffe,19.0,,,1.0,,22.0,0.0,,,,,,0.0,,,,,,Wellington_Mk_Ic
ki_61_1a_otsu_usa,18.0,50.0,6.5,6.5,0.0,0.0,16.0,100.0,0.0,0.0,1.0,1.0,0.0,,,,,,Ki-61-Ib
mirage_f1c_200,17.0,50.0,6.42,7.0,2.25,2.42,1055.0,55.18,1.11,1.37,0.43,0.5,109.0,100.0,7.88,1.86,0.0,0.0,Mirage_F1C-200
us_lvt_a1_m24,19.0,100.0,0.0,0.0,4.0,4.42,0.0,,,,,,0.0,,,,,,LVT(A)(1)_(M24)
germ_leopard_2pl,18.0,85.71,0.0,0.0,3.43,4.0,1125.0,43.77,0.0,0.0,1.53,1.17,0.0,,,,,,Leopard_2_PL
p-51d-10,19.0,100.0,1.0,4.0,0.0,0.0,47.0,11.11,3.04,3.59,0.44,0.67,13.0,,,4.0,,0.0,P-51D-10
f9f-5,17.0,58.34,2.48,2.24,0.0,0.0,5.0,,,,,,0.0,,,,,,F9F-5
p-38j_marge,21.0,100.0,1.0,1.55,1.0,1.55,15.0,100.0,2.4,,1.2,,6.0,100.0,1.0,0.5,3.0,1.5,Bong's_P-38J-15
sw_pbil_m40,21.0,100.0,0.0,0.0,2.0,1.0,3.0,,,0.0,,2.0,0.0,,,,,,Pbil_m/40
p-63c-5_ussr,22.0,50.0,2.0,2.0,0.0,0.0,25.0,100.0,1.8,0.45,4.0,1.75,0.0,,,,,,P-63C-5
us_xm246,15.0,64.29,0.4,0.79,1.0,1.71,1575.0,50.48,0.2,0.17,1.46,1.24,0.0,,,,,,XM246
f7f1,18.0,100.0,2.0,2.0,0.0,0.25,112.0,93.81,0.4,0.38,2.78,1.72,0.0,,,,,,F7F-1
su_25k,20.0,,,1.0,,0.0,631.0,54.07,0.33,0.38,1.49,1.67,0.0,,,,,,Su-25K
f6f-5_france,21.0,85.71,1.0,1.0,2.29,2.13,93.0,75.0,1.28,0.86,3.85,2.69,0.0,,,,,,F6F-5
germ_mkpz_m48a2ga2,17.0,50.0,0.0,0.0,3.4,3.4,307.0,26.8,0.0,0.0,1.97,1.37,0.0,,,,,,M48A2_G_A2
sb2c_5_thailand,21.0,100.0,0.44,0.4,2.11,2.0,75.0,53.47,1.45,1.9,5.4,6.54,0.0,,,,,,SB2C-5
ki_43_2,19.0,,,1.47,,0.0,0.0,,,,,,19.0,,,,,,Ki-43-II
spitfire_mk1,19.0,100.0,15.36,,0.0,,0.0,,,,,,0.0,,,,,,Spitfire_Mk_Ia
ussr_su_100_1945,21.0,74.36,0.0,0.0,1.12,1.8,241.0,55.83,0.0,0.0,2.04,1.39,0.0,,,,,,SU-100
uk_vickers_mk_11,21.0,100.0,0.0,0.0,1.0,1.0,240.0,84.57,0.0,0.0,2.61,1.85,0.0,,,,,,Vickers_Mk.11
mig-21_bis,24.0,50.0,2.5,1.39,1.0,0.39,13.0,100.0,0.0,0.0,0.0,0.0,0.0,,,,,,MiG-21bis
sw_strv_81,20.0,,,,,,169.0,46.36,0.0,0.0,0.87,0.78,0.0,,,,,,Strv_81
us_t34,20.0,0.0,0.0,0.0,3.0,1.08,545.0,51.68,0.01,0.01,3.95,1.9,0.0,,,,,,T34
sw_veak_40,19.0,0.0,1.0,1.0,0.0,0.0,233.0,20.59,0.27,0.18,0.69,0.46,0.0,,,,,,VEAK_40
germ_stug_III_ausf_F,19.0,0.0,0.0,0.0,1.0,1.0,58.0,38.33,0.0,0.0,2.37,2.79,0.0,,,,,,StuG_III_F
sw_ikv_91,19.0,50.0,0.0,0.0,0.5,1.0,329.0,49.16,0.0,0.0,2.38,1.15,0.0,,,,,,Ikv_91
jp_st_a3,19.0,,,0.0,,1.0,233.0,53.96,0.0,0.0,2.88,2.23,0.0,,,,,,ST-A3
bf-109e-3,20.0,,,2.55,,0.0,41.0,100.0,0.0,0.35,0.0,0.59,0.0,,,,,,Bf_109_E-3
sw_strv_m41_s2,19.0,100.0,0.0,0.0,0.42,0.42,50.0,,,0.0,,0.17,0.0,,,,,,Strv_m/41_S-II
uk_valentine_mk_9,19.0,100.0,0.0,,4.95,,0.0,,,,,,0.0,,,,,,Valentine_IX
us_m26_pershing,20.0,100.0,0.0,0.0,2.17,2.17,145.0,50.59,0.0,0.0,3.45,1.96,100.0,80.56,0.0,0.0,4.54,3.31,M26
ki_10_1,20.0,,,,,,0.0,,,,,,0.0,,,,,,Ki-10-I
us_m46_patton,19.0,100.0,0.0,0.0,3.89,4.24,697.0,60.95,0.0,0.0,3.45,2.55,0.0,,,,,,M46
pe-3_early,20.0,100.0,0.77,0.86,2.46,2.0,9.0,,,,,,0.0,,,,,,Pe-3_(e)
uk_a_34_comet,19.0,50.0,0.0,0.0,1.34,2.68,107.0,67.24,0.0,0.0,1.95,1.53,0.0,,,,,,Comet_I
f4u-1a_usmc,21.0,91.18,2.18,2.17,0.91,0.92,17.0,,,,,,0.0,,,,,,F4U-1A_(USMC)
germ_mkpz_super_m48,18.0,,,,,,209.0,78.23,0.0,0.0,6.17,3.48,43.0,21.67,0.0,0.0,1.02,1.08,M48_Super
il_centurion_mk_5_shot,18.0,100.0,0.0,0.0,1.0,1.0,92.0,23.33,0.0,0.0,2.73,1.08,0.0,,,,,,Sho't
f-5e_switzerland,20.0,94.44,0.94,0.45,0.94,0.45,57.0,63.64,1.64,1.48,0.36,0.31,0.0,,,,,,◌F-5E
p-26a_34_m2,18.0,,,2.28,,0.0,9.0,,,0.0,,0.0,0.0,,,,,,P-26A-34_M2
it_44m_zrinyi_1,18.0,50.0,0.0,0.0,2.0,1.47,14.0,,,,,,0.0,,,,,,Zrinyi_I
il_magach_3_idf,17.0,50.0,0.0,0.0,1.0,1.0,30.0,6.67,0.0,0.0,1.17,1.36,0.0,,,,,,Magach_3
germ_leopard_2a4,17.0,0.0,0.0,0.0,1.31,1.0,1672.0,45.25,0.0,0.0,1.47,1.25,49.0,50.0,0.0,0.0,0.86,0.37,Leopard_2A4
fr_arl_44,19.0,0.0,0.0,0.0,1.0,0.84,290.0,52.14,0.0,0.0,1.78,1.56,0.0,,,,,,ARL-44
fr_amx_30_1972,18.0,0.0,0.0,0.0,1.0,0.91,206.0,74.35,0.0,0.0,2.18,2.82,0.0,,,,,,AMX-30_(1972)
su_24m,18.0,0.0,0.0,0.0,0.0,0.33,128.0,58.78,0.0,0.0,3.64,3.57,7.0,,,,,,Су-24М
a7m1,19.0,,,1.0,,0.0,98.0,60.0,2.53,3.21,2.21,2.87,14.0,,,2.43,,0.0,A7M1_(NK9H)
jp_type_98_ke_ni,21.0,100.0,0.0,0.0,4.48,7.8,27.0,20.0,0.0,0.0,1.97,2.88,0.0,,,,,,Ke-Ni
fr_vab_santal,18.0,100.0,2.0,,1.0,,123.0,53.7,0.7,0.43,0.0,0.0,0.0,,,,,,SANTAL
a_7e,18.0,100.0,0.0,0.0,3.0,2.28,5.0,100.0,0.0,0.0,2.0,2.0,0.0,,,,,,A-7E
me-410b-6_r3,18.0,,,0.0,,2.06,7.0,,,,,,0.0,,,,,,Me_410_B-6/R3
bf-109g-10,19.0,100.0,1.0,0.4,0.8,2.0,9.0,0.0,1.0,1.0,0.0,0.0,15.0,,,1.2,,0.0,Bf_109_G-10
buccaneer_s2,17.0,,,,,,27.0,68.0,0.0,0.0,1.44,1.36,0.0,,,,,,Buccaneer_S.2
d_520_france,18.0,85.71,2.43,2.43,0.29,0.29,105.0,61.27,1.28,2.13,0.0,0.0,0.0,,,,,,D.520
germ_pzkpfw_III_ausf_E,18.0,50.0,0.5,0.5,6.25,6.25,0.0,,,,,,0.0,,,,,,Pz.III_E
germ_th_400,17.0,,,0.0,,1.0,138.0,47.89,0.0,0.0,2.58,1.42,0.0,,,,,,R400
f6f-5n_france,19.0,,,1.0,,1.0,10.0,50.0,0.25,0.17,1.5,1.67,0.0,,,,,,F6F-5N
fr_amx_30_dca,17.0,38.89,1.11,1.89,0.39,0.78,419.0,53.28,0.21,0.15,0.89,0.67,0.0,,,,,,AMX-30_DCA
us_m1128_mgs,17.0,,,0.0,,0.93,698.0,57.3,0.0,0.0,1.61,1.4,0.0,,,,,,M1128
fr_amx_elc_bis,18.0,,,0.0,,1.5,353.0,55.14,0.0,0.0,1.29,1.1,0.0,,,,,,ELC_bis
f-5a,19.0,,,,,,0.0,,,,,,0.0,,,,,,F-5A
germ_pzkpfw_Maus,18.0,,,,,,401.0,48.26,0.0,0.0,9.21,5.37,12.0,,,,,,Maus
uk_conqueror_mk_2,17.0,94.12,0.0,0.0,2.29,2.29,200.0,57.41,0.0,0.0,3.59,2.5,0.0,,,,,,Conqueror
p-51d-30_usaaf_korea,19.0,100.0,2.73,2.78,0.0,0.0,160.0,60.17,1.53,2.14,1.12,1.7,77.0,75.0,11.5,2.82,0.0,0.0,P-51D-30
ussr_pantsyr_s1,18.0,0.0,1.83,1.83,0.0,0.0,404.0,35.63,1.84,0.67,0.0,0.0,0.0,,,,,,Pantsir-S1
cn_plz_05,18.0,,,0.0,,0.72,172.0,53.76,0.0,0.0,2.03,2.01,0.0,,,,,,PLZ05
p-51d-5,18.0,50.0,0.88,1.06,2.0,1.11,75.0,0.0,1.36,0.38,2.64,1.26,0.0,,,,,,P-51D-5
us_xm1_gm,18.0,100.0,0.0,0.0,2.0,2.11,1189.0,53.43,0.0,0.0,2.37,1.7,0.0,,,,,,XM1_(GM)
i-16_type5,16.0,,,1.1,,0.0,0.0,,,,,,0.0,,,,,,I-16_type_5
jp_st_b1,18.0,50.0,0.0,0.0,1.0,1.17,222.0,71.3,0.0,0.0,5.01,2.22,0.0,,,,,,STB-2
ussr_object_140,19.0,6.25,0.0,0.0,1.75,1.75,287.0,52.33,0.0,0.0,2.95,2.37,3.0,,,,,,Object_140
jp_m44,19.0,100.0,0.0,0.0,1.46,1.46,83.0,52.22,0.0,0.0,1.35,1.35,0.0,,,,,,M44
us_m3_bradley,17.0,,,0.0,,0.44,470.0,55.53,0.0,0.0,1.8,1.08,0.0,,,,,,M3_Bradley
us_m1296_dragoon,18.0,,,,,,193.0,65.56,0.0,0.0,1.63,0.75,0.0,,,,,,M1296
tu-2_postwar_late,20.0,27.27,0.0,0.0,1.09,1.09,146.0,78.86,0.63,0.74,4.38,5.16,0.0,,,,,,Tu-2S-59
wellington_mk1c_late,18.0,,,0.0,,0.0,0.0,,,,,,0.0,,,,,,Wellington_Mk_Ic/L
yak-4,16.0,,,0.0,,3.33,0.0,,,,,,0.0,,,,,,Yak-4
wyvern_s4,17.0,100.0,1.67,2.94,7.67,3.59,284.0,64.42,1.06,0.67,5.84,3.79,3.0,,,,,,Wyvern_S4
p-63a-10_ussr,18.0,,,,,,88.0,83.89,0.47,0.43,2.85,2.69,0.0,,,,,,P-63A-10
sw_strv_122b_plss,18.0,83.33,0.0,0.0,4.8,5.6,156.0,37.21,0.0,0.0,2.82,2.21,0.0,,,,,,Strv_122B_PLSS
tu-2,17.0,50.0,0.0,0.0,1.65,3.29,77.0,92.24,0.0,0.0,3.16,2.66,8.0,,,0.0,,1.0,Tu-2S
a_7d,17.0,100.0,0.0,0.0,2.08,1.76,41.0,92.86,1.43,1.43,2.79,2.79,0.0,,,,,,A-7D
do_217e_2,19.0,100.0,0.0,0.0,8.33,4.35,2.0,,,0.0,,1.0,0.0,,,,,,Do_217_E-2
ussr_2s25m,17.0,,,0.0,,2.0,699.0,49.62,0.0,0.0,1.81,1.24,0.0,,,,,,2S25M
us_m1_abrams,18.0,100.0,0.0,0.0,1.93,1.93,1853.0,54.23,0.0,0.0,2.38,1.94,6.0,100.0,0.0,0.0,4.0,4.0,M1_Abrams
a6m2_zero,18.0,,,5.0,,0.0,0.0,,,,,,0.0,,,,,,A6M2
f2h-2,16.0,100.0,2.0,1.88,0.0,0.0,129.0,60.33,1.64,1.54,0.38,0.36,0.0,,,,,,F2H-2
i-15bis_krasnolutsky,16.0,,,,,,0.0,,,,,,0.0,,,,,,Krasnolutsky's_I-15bis
uk_a_22b_mk_3_churchill_1942,17.0,,,0.0,,1.0,21.0,0.0,0.0,0.0,3.0,1.5,0.0,,,,,,Churchill_III
uk_a27m_cromwell_1,17.0,,,0.0,,1.0,162.0,55.24,0.0,0.0,2.47,2.24,0.0,,,,,,Cromwell_I
su-6_am42,17.0,,,,,,77.0,50.0,2.93,1.88,1.17,1.29,0.0,,,,,,Su-6_(AM-42)
su_17m4,18.0,100.0,0.0,,3.25,,54.0,66.67,1.67,0.18,4.0,0.56,67.0,50.57,0.97,0.91,1.1,1.05,Su-17M4
us_m4a3e2_sherman_jumbo,19.0,0.0,0.0,0.0,0.0,0.0,274.0,44.34,0.0,0.0,3.33,2.05,0.0,,,,,,M4A3E2
sw_landsverk_ush_204_gk,16.0,,,,,,186.0,53.61,0.73,0.67,0.05,0.06,0.0,,,,,,U-SH_204_GK
p-26b_35,16.0,,,,,,0.0,,,,,,0.0,,,,,,P-26B-35
cn_m41_a3_walker_bulldog,19.0,50.0,0.0,0.0,0.45,0.9,91.0,52.17,0.0,0.0,2.72,2.12,0.0,,,,,,M41A3_(China)
germ_pzkpfw_VI_tiger_P,16.0,100.0,0.0,0.0,4.0,3.69,0.0,,,,,,0.0,,,,,,VK_45.01_(P)
p-61a_1,16.0,100.0,3.31,3.31,5.06,5.06,6.0,100.0,1.0,1.0,2.0,2.0,0.0,,,,,,P-61A-11
uk_challenger_2_megatron,17.0,,,,,,1083.0,52.74,0.0,0.0,2.36,1.88,0.0,,,,,,Challenger_2_OES
b_34,16.0,100.0,1.0,1.0,3.88,3.88,0.0,,,,,,13.0,,,0.0,,2.0,B-34
bf-109c_1_promo,15.0,,,2.4,,0.0,0.0,,,,,,0.0,,,,,,Bf_109_C-1_Promo
i-16_type10,15.0,100.0,2.0,2.0,0.0,0.0,0.0,,,,,,0.0,,,,,,I-16_type_10
i-16_type18,15.0,100.0,2.0,2.0,0.0,0.0,0.0,,,,,,0.0,,,,,,I-16_type_18
rafale_m_f3r,15.0,,,1.5,,0.0,90.0,71.67,2.31,2.44,0.45,0.53,19.0,,,2.89,,0.0,Rafale_M_F3-R
fr_amx_13_fl_11,16.0,50.0,0.0,0.0,2.31,4.63,128.0,80.56,0.0,0.0,1.77,1.58,0.0,,,,,,AMX-13_(FL11)
germ_pzkpfw_V_ersatz_m10,12.0,,,,,,33.0,,,0.0,,4.08,0.0,,,,,,Ersatz_M10
il_magach_5,15.0,100.0,0.0,0.0,2.0,1.64,31.0,100.0,0.0,0.0,4.0,2.33,3.0,,,,,,Magach_5
jp_type_10_prototype,15.0,,,0.0,,1.0,344.0,59.82,0.0,0.0,2.35,1.57,0.0,,,,,,TKX_(P)
p-38g,16.0,,,,,,0.0,,,,,,0.0,,,,,,P-38G-1
a7m2,16.0,50.0,1.5,1.5,0.0,0.0,42.0,100.0,3.2,2.44,1.27,0.8,0.0,,,,,,A7M2
p-47d_30_italy,17.0,,,1.35,,0.06,113.0,71.57,0.33,0.3,2.07,1.96,25.0,50.0,0.5,1.0,0.5,1.0,P-47D-30
jp_navy_120mm_spg,17.0,88.46,0.0,0.0,3.85,4.31,111.0,69.45,0.0,0.0,2.63,2.04,0.0,,,,,,Chi-Ha_LG
uk_a_12_mk_2_matilda_2,14.0,,,0.0,,3.0,0.0,,,,,,0.0,,,,,,Matilda_III
harrier_gr3,15.0,,,0.0,,0.47,36.0,90.12,1.14,1.25,1.78,1.96,0.0,,,,,,Harrier_GR.3
jp_type_90b,15.0,,,,,,486.0,49.35,0.0,0.0,1.28,1.01,0.0,,,,,,Type_90_(B)
sw_leopard_1a5no,15.0,,,0.0,,1.47,631.0,53.98,0.0,0.0,2.49,2.14,0.0,,,,,,Leopard_1A5NO2
germ_kanonenjagdpanzer,14.0,,,0.0,,1.0,57.0,69.05,0.0,0.0,2.55,1.91,0.0,,,,,,JPz_4-5
cn_m10,16.0,,,0.0,,1.2,15.0,,,0.0,,1.8,0.0,,,,,,M10_GMC_(China)
b_18a,15.0,0.0,0.0,0.0,0.5,0.6,0.0,,,,,,0.0,,,,,,B-18A
us_m10,17.0,,,0.0,,0.82,24.0,100.0,0.0,0.0,4.0,1.5,0.0,,,,,,M10_GMC
h-75a-4_france,16.0,,,,,,0.0,,,,,,0.0,,,,,,H-75A-4
it_of_40_mtca,12.0,100.0,0.0,0.0,14.33,4.88,1178.0,64.31,0.0,0.0,3.93,2.76,95.0,50.0,0.0,0.0,1.96,1.77,OF-40_(MTCA)
f-5e_fcu_thailand,14.0,,,,,,146.0,83.41,2.63,1.22,2.64,1.25,0.0,,,,,,F-5E_FCU
jp_m36b2_jgsdf,16.0,100.0,0.0,0.0,2.94,3.5,267.0,47.29,0.0,0.0,2.62,1.56,0.0,,,,,,M36
uk_chieftain_mk_3,17.0,100.0,0.0,0.0,4.63,3.06,138.0,38.96,0.0,0.0,2.06,3.22,0.0,,,,,,Chieftain_Mk_3
us_t54e1,14.0,100.0,0.0,0.0,3.0,1.28,66.0,88.64,0.0,0.0,3.8,2.62,0.0,,,,,,T54E1
lagg-3-35,14.0,,,,,,0.0,,,,,,0.0,,,,,,LaGG-3-35
f2a-3,14.0,0.0,4.17,4.17,0.33,0.33,0.0,,,,,,0.0,,,,,,F2A-3
a6m3_mod22_zero,16.0,,,,,,0.0,,,,,,0.0,,,,,,A6M3_mod._22
uk_centurion_mk_10,16.0,,,,,,111.0,57.55,0.0,0.0,1.62,1.95,0.0,,,,,,Centurion_Mk_10
do_217n_1,14.0,100.0,0.43,0.43,2.0,2.0,0.0,,,,,,0.0,,,,,,Do_217_N-1
fr_m4a1_sherman_fl_10,15.0,,,0.0,,1.0,77.0,92.86,0.0,0.0,7.58,6.13,0.0,,,,,,M4A1_(FL10)
uk_shir_2,16.0,,,,,,334.0,66.92,0.0,0.0,3.5,3.32,0.0,,,,,,FV4030/3
il_zsu_57_2,14.0,,,0.0,,1.33,176.0,9.23,0.0,0.0,1.77,0.67,0.0,,,,,,ZSU-57-2_(Israel)
sw_lago_1,16.0,100.0,0.0,0.0,1.0,1.0,66.0,,,0.0,,1.27,0.0,,,,,,Lago_I
cn_m4a4_sherman,15.0,,,0.0,,0.0,48.0,,,0.0,,2.67,0.0,,,,,,M4A4_(China)
j5n1,15.0,,,,,,12.0,100.0,0.0,0.0,1.0,1.0,0.0,,,,,,J5N1
f_16a_block_15_adf_italy,14.0,,,,,,23.0,50.0,0.5,1.0,0.5,1.0,3.0,,,2.0,,0.0,F-16A_ADF
he_115a_2_sweden,16.0,100.0,0.0,0.0,12.38,14.4,0.0,,,,,,0.0,,,,,,T_2
t2_early,14.0,,,,,,27.0,100.0,2.62,2.62,0.0,0.0,0.0,,,,,,T-2_Early
f-80a,13.0,100.0,1.25,2.0,2.5,4.0,70.0,57.14,1.57,1.25,2.57,2.58,0.0,,,,,,F-80A-5
ussr_object_268,13.0,100.0,0.0,0.0,2.0,2.0,276.0,51.16,0.0,0.0,2.63,1.86,0.0,,,,,,Object_268
yak-9ut,14.0,50.0,2.43,4.86,0.14,0.29,577.0,64.66,0.72,0.76,2.17,2.28,0.0,,,,,,Yak-9UT
mig-15_ns23,14.0,100.0,4.43,2.21,1.0,0.5,22.0,23.08,1.0,0.62,0.0,0.19,0.0,,,,,,MiG-15
cn_zsl_92,13.0,,,,,,156.0,46.94,0.19,0.34,0.44,0.6,3.0,,,0.0,,0.0,ZSL92
jp_type_87_rcv_prot,13.0,0.0,2.0,2.0,1.0,1.0,243.0,55.66,0.06,0.04,2.27,1.72,0.0,,,,,,Type_87_RCV_(P)
us_m1_ip_abrams,14.0,,,,,,612.0,47.51,0.0,0.0,2.57,2.4,0.0,,,,,,IPM1
us_t26e5,15.0,100.0,0.0,0.0,4.5,4.15,959.0,67.85,0.01,0.0,4.71,4.19,0.0,,,,,,T26E5
sw_zsu_57_2,13.0,,,0.0,,1.46,225.0,49.28,0.0,0.0,1.56,1.34,0.0,,,,,,ZSU-57-2
germ_flarakpz_1,13.0,100.0,1.0,,0.0,,80.0,71.74,1.0,0.64,0.0,0.0,0.0,,,,,,FlaRakPz_1
us_m50_ontos,12.0,50.0,0.0,0.0,2.0,1.3,141.0,56.98,0.0,0.0,2.82,1.61,0.0,,,,,,M50
f_16a_block_10,16.0,0.0,1.0,0.7,2.0,0.6,210.0,67.37,1.07,0.89,2.13,1.47,0.0,,,,,,F-16A
germ_leopard_2a4_pzbtl_123,11.0,,,0.0,,3.0,839.0,45.98,0.0,0.0,2.27,1.52,0.0,,,,,,Leopard_2_(PzBtl_123)
it_leopard_1a2,10.0,38.89,0.0,0.0,1.2,1.2,130.0,43.06,0.0,0.0,3.12,1.61,0.0,,,,,,Leopard_1A2
it_oto_r3_106sr,13.0,100.0,0.0,0.0,1.0,1.0,191.0,97.83,0.0,0.0,3.89,1.51,0.0,,,,,,R3_T106_FA
ussr_2s3m,15.0,50.0,0.0,0.0,1.05,2.1,150.0,40.67,0.0,0.0,2.34,1.46,0.0,,,,,,2S3M
f-86a-5,13.0,,,,,,134.0,62.16,1.2,1.81,0.32,0.51,0.0,,,,,,F-86A-5
re_2005_serie0,13.0,,,,,,0.0,,,,,,35.0,39.29,2.43,4.0,0.0,0.0,Re.2005_serie_0
tornado_gr1,14.0,87.5,0.88,1.0,0.0,0.0,37.0,80.0,0.6,0.43,1.93,1.63,0.0,,,,,,Tornado_GR.1
yak-15,14.0,0.0,0.0,0.0,0.0,0.0,0.0,,,,,,0.0,,,,,,Yak-15
mig_23ml,14.0,,,3.36,,0.86,611.0,55.1,1.46,1.64,0.24,0.26,7.0,,,1.0,,0.0,MiG-23ML
cn_cm11,14.0,,,,,,113.0,94.83,0.0,0.0,8.61,3.81,0.0,,,,,,CM11
b-29,12.0,100.0,0.0,0.0,6.33,4.0,0.0,,,,,,25.0,,,,,,B-29A-BN
pe-3_bis,15.0,94.87,1.28,1.8,5.65,7.2,14.0,,,,,,0.0,,,,,,Pe-3bis
us_t18_e2,14.0,100.0,0.0,,2.0,,23.0,,,0.0,,5.34,0.0,,,,,,T18E2
a_10c,12.0,,,0.0,,2.0,103.0,58.39,0.44,0.52,4.93,5.39,13.0,,,,,,A-10C
douglas_ad_2,14.0,100.0,1.0,1.0,2.0,2.07,25.0,36.36,0.0,0.0,2.09,1.53,0.0,,,,,,AD-2
us_mim_72_chaparral,12.0,16.67,1.67,2.0,0.83,1.0,27.0,,,0.54,,0.0,0.0,,,,,,Imp.Chaparral
me-410a-1_u4,12.0,100.0,2.0,2.0,0.0,0.0,33.0,,,0.0,,0.92,0.0,,,,,,Me_410_A-1/U4
a-35b,12.0,,,,,,5.0,,,0.0,,0.0,0.0,,,,,,A-35B
p-36g,14.0,100.0,3.0,2.86,1.58,1.5,0.0,,,,,,0.0,,,,,,P-36G
fw-190a-8_usa,14.0,,,1.0,,0.0,0.0,,,,,,0.0,,,,,,Fw_190_A-8
jp_m42_duster,11.0,,,,,,79.0,40.15,0.44,0.53,2.04,1.89,0.0,,,,,,M42
f-4f_late,13.0,20.0,0.0,0.0,3.2,2.44,110.0,80.51,0.93,0.55,4.32,2.53,0.0,,,,,,◄F-4F
il-10_1946_china,11.0,,,0.0,,1.75,19.0,83.33,0.0,0.0,3.33,4.0,0.0,,,,,,IL-10_(1946)_(China)
p-51b_7_sweden,15.0,,,,,,78.0,100.0,1.33,0.93,1.19,0.86,0.0,,,,,,J26_David
fr_amx_30_super,18.0,100.0,0.0,0.0,2.5,0.46,549.0,67.53,0.0,0.0,3.82,2.87,0.0,,,,,,AMX-30_Super
p-40e_china,12.0,,,,,,0.0,,,,,,0.0,,,,,,P-40E-1_(China)
germ_pzkpfw_IV_ausf_E,13.0,,,,,,208.0,35.05,0.0,0.0,0.36,1.25,0.0,,,,,,Pz.IV_E
f_111a,12.0,,,0.0,,2.0,8.0,0.0,0.0,0.0,1.0,0.5,23.0,,,,,,F-111A
f1,13.0,0.0,3.0,1.92,1.0,0.46,1.0,,,,,,0.0,,,,,,F-1
il_m113_hvms,13.0,,,0.0,,1.0,79.0,0.0,0.0,0.0,2.52,1.42,0.0,,,,,,Bardelas/60mm_HVMS
it_m36b1,14.0,,,,,,46.0,20.0,0.0,0.0,0.2,0.43,0.0,,,,,,M36B1
us_m4a3_105_sherman,14.0,,,0.0,,1.0,48.0,,,0.0,,4.83,0.0,,,,,,M4A3_(105)
fr_1_fireball,14.0,,,1.0,,0.0,148.0,56.0,0.44,0.37,2.17,1.89,18.0,100.0,1.0,0.12,3.67,3.5,FR-1_Fireball
b7a2,14.0,100.0,1.0,,4.5,,6.0,50.0,0.5,1.0,0.5,1.0,0.0,,,,,,B7A2
p-47m-1-re,14.0,,,,,,186.0,68.06,0.23,0.31,1.57,1.94,0.0,,,,,,P-47M-1-RE
uk_crusader_mk_2,13.0,,,0.0,,0.92,15.0,,,,,,0.0,,,,,,Crusader_II
fr_amx_m4,12.0,,,0.0,,1.5,886.0,74.91,0.0,0.0,2.85,2.44,68.0,100.0,0.0,0.0,3.11,1.51,AMX_M4
sw_sav_m43_1944,14.0,,,,,,0.0,,,,,,0.0,,,,,,Sav_m/43_(1944)
am_1_mauler,13.0,0.0,0.0,,0.0,,272.0,64.14,0.35,0.37,1.77,1.86,0.0,,,,,,AM-1
xf5u_1,14.0,,,,,,109.0,79.45,1.03,0.77,0.34,0.28,0.0,,,,,,XF5U-1
stirling_mk1,12.0,,,0.0,,1.0,0.0,,,,,,0.0,,,,,,Stirling_B_Mk_I
do_217n_2,12.0,,,1.0,,0.0,0.0,,,,,,0.0,,,,,,Do_217_N-2
ki_21_1hei,13.0,100.0,1.0,1.0,13.0,13.0,0.0,,,,,,0.0,,,,,,Ki-21-I_hei
f-5a_thailand,12.0,50.0,2.5,2.5,2.5,2.5,49.0,66.67,0.7,1.0,0.3,0.5,0.0,,,,,,F-5A
us_halftrack_m16,10.0,50.0,1.33,,0.5,,14.0,,,,,,0.0,,,,,,M16_MGMC
cn_su_100_1945,12.0,,,,,,45.0,100.0,0.0,0.0,1.37,0.89,0.0,,,,,,SU-100_(China)
ki_61_1a_ko,11.0,,,,,,0.0,,,,,,0.0,,,,,,Ki-61-I_ko
ju-87d-5,13.0,,,1.0,,1.08,0.0,,,,,,0.0,,,,,,Ju_87_D-5
bf-109z,13.0,,,,,,16.0,0.0,1.0,1.0,2.0,2.0,0.0,,,,,,Bf_109_Z-1
us_t32,12.0,0.0,0.0,0.0,1.0,1.75,351.0,62.75,0.0,0.0,2.19,2.09,0.0,,,,,,T32
f-104j,12.0,50.0,1.5,3.0,0.0,0.0,6.0,0.0,1.0,1.0,0.0,0.0,0.0,,,,,,F-104J
rafale_c_f3,12.0,,,2.25,,0.0,220.0,75.37,2.47,3.75,0.23,0.25,0.0,,,,,,Rafale_C_F3
mosquito_f_mk2_norway,12.0,,,,,,0.0,,,,,,0.0,,,,,,◢Mosquito_F.Mk.II
fa_18a_hug_2_raaf,13.0,56.25,1.69,3.0,0.0,0.0,0.0,,,,,,0.0,,,,,,AF/A-18A_Late
ussr_t_34_1941_cast_turret,12.0,100.0,0.0,0.0,2.0,1.0,74.0,,,0.0,,2.93,0.0,,,,,,T-34_(1st_Gv.T.Br.)
ki_61_1a_tei,11.0,,,1.73,,0.0,2.0,100.0,0.0,0.0,0.0,0.0,0.0,,,,,,Ki-61-I_tei
lagg-3-34,13.0,100.0,2.31,2.31,0.0,0.0,0.0,,,,,,0.0,,,,,,LaGG-3-34
germ_stug_III_ausf_A,10.0,0.0,0.0,0.0,3.0,1.5,27.0,29.41,0.0,0.0,0.29,0.29,0.0,,,,,,StuG_III_A
f4u-7,11.0,100.0,3.36,3.36,0.09,0.09,420.0,72.39,0.36,0.34,1.75,1.62,4.0,,,2.0,,0.0,F4U-7
ussr_zsu_23_4m2,13.0,50.0,0.5,1.0,0.45,0.91,218.0,23.16,0.79,0.92,0.22,0.35,0.0,,,,,,ЗСУ-23-4М2
cn_is_2_1943,12.0,,,,,,98.0,42.16,0.0,0.0,1.31,1.42,0.0,,,,,,IS-2_(China)
tempest_mkv,13.0,100.0,2.0,2.0,2.5,2.5,20.0,100.0,1.05,1.05,3.1,3.1,0.0,,,,,,Tempest_Mk_V
ki_43_2_late,12.0,100.0,2.0,2.0,0.0,0.0,0.0,,,,,,0.0,,,,,,Ki-43-II
ki_84_otsu,11.0,,,,,,12.0,100.0,1.5,2.0,2.0,2.0,0.0,,,,,,Ki-84_otsu
germ_pzkpfw_III_ausf_N,11.0,,,0.0,,2.0,43.0,80.77,0.0,0.0,5.3,4.39,0.0,,,,,,Pz.III_N
it_fiat_6614_106sr,12.0,,,0.0,,0.0,144.0,59.72,0.0,0.0,2.94,1.58,3.0,,,0.0,,2.0,FIAT_6614
mc-205_serie3,11.0,,,1.0,,0.0,9.0,,,,,,0.0,,,,,,C._205_serie_3
germ_wiesel_1_mk20,12.0,,,,,,1060.0,40.96,0.06,0.05,0.78,0.76,18.0,,,,,,Wiesel_1A4
il_magach_6c,13.0,,,0.0,,0.0,0.0,,,,,,0.0,,,,,,Magach_6C
f_111c_raaf,12.0,,,,,,9.0,,,0.0,,1.0,0.0,,,,,,F-111C
spitfire_lf_mk9e_weisman,13.0,,,,,,89.0,73.89,0.9,0.95,2.16,2.26,36.0,55.0,0.91,0.68,0.62,1.08,Weizman's_Spitfire_LF_Mk.IXe
uk_rooikat_za_35,13.0,,,,,,306.0,66.48,0.1,0.05,3.61,1.69,0.0,,,,,,ZA-35
uk_a27m_cromwell_5_rp3,14.0,100.0,0.0,0.0,10.29,15.5,9.0,,,0.0,,2.0,0.0,,,,,,Cromwell_V_(RP-3)
cn_type_63_I,10.0,,,,,,104.0,33.73,0.0,0.0,0.96,0.76,0.0,,,,,,Type_63-I
fr_m10,8.0,100.0,0.0,0.0,5.0,5.0,85.0,87.5,0.0,0.0,5.53,2.64,0.0,,,,,,M10_GMC
vb_10c1,10.0,,,,,,22.0,100.0,2.0,1.84,0.0,0.0,0.0,,,,,,VB.10C-1
mosquito_fb_mk6_ash_norway,12.0,,,1.0,,3.0,0.0,,,,,,0.0,,,,,,◢Mosquito_FB.Mk.VI_ASH
xp-55,10.0,70.0,7.95,,0.0,,8.0,,,,,,0.0,,,,,,XP-55
it_leopard_bofors,12.0,0.0,1.0,1.0,1.0,1.0,163.0,80.83,0.13,0.05,2.82,1.32,0.0,,,,,,Leopard_40/70
p-47d_luftwaffe,11.0,50.0,1.41,2.82,0.5,1.0,10.0,50.0,1.2,1.2,1.0,1.0,0.0,,,,,,P-47D
us_m44,14.0,40.0,0.0,0.0,1.2,1.0,99.0,0.0,0.0,0.0,4.91,2.28,0.0,,,,,,M44
fr_marder_clovis,10.0,100.0,0.0,0.0,1.0,1.0,63.0,70.77,0.0,0.0,2.67,2.47,15.0,100.0,0.0,0.0,9.0,3.0,CLOVIS
sw_strv_122,11.0,37.5,0.0,0.0,1.13,2.0,367.0,39.91,0.0,0.0,2.54,1.84,0.0,,,,,,Strv_122A
mig-9_late_china,11.0,,,1.0,,0.0,0.0,,,,,,0.0,,,,,,MiG-9_(l)_(China)
bf-109g-6,12.0,,,7.0,,0.0,88.0,51.28,2.85,5.13,1.07,1.94,0.0,,,,,,Bf_109_G-6
sw_t_54_1951,12.0,,,0.0,,1.0,221.0,37.35,0.0,0.0,1.38,0.92,0.0,,,,,,T-54
us_m60,12.0,0.0,0.0,0.0,1.0,1.0,144.0,60.86,0.0,0.0,1.75,1.29,0.0,,,,,,M60
uk_a27m_cromwell_5,14.0,55.0,0.0,0.0,2.02,3.55,19.0,,,0.0,,0.0,0.0,,,,,,Cromwell_V
bf-109e-1,12.0,,,2.0,,0.0,37.0,77.78,1.26,1.0,0.14,0.18,29.0,,,,,,Bf_109_E-1
us_m48a1_patton_III,12.0,0.0,0.0,0.0,0.0,0.0,124.0,50.0,0.0,0.0,1.18,1.31,3.0,,,0.0,,2.0,M48A1
av_8b_na,12.0,,,0.0,,0.0,54.0,61.11,0.05,0.04,0.89,0.78,43.0,,,0.5,,1.38,AV-8B_(NA)
fw_190f_8_hungary,10.0,,,1.0,,0.0,0.0,,,,,,0.0,,,,,,◔Fw_190_F-8
leo_451_late,12.0,50.0,0.5,0.5,6.83,6.83,0.0,,,,,,0.0,,,,,,LeO_451_late
me_210a_1,9.0,,,,,,4.0,100.0,2.0,,0.0,,0.0,,,,,,Me_210_A-1
us_m18_super_hellcat,10.0,100.0,0.0,0.0,5.0,10.0,639.0,78.23,0.0,0.0,3.41,3.23,14.0,100.0,0.0,0.0,3.0,3.0,Super_Hellcat
so_4050_vautour_2a,12.0,50.0,0.0,0.0,4.0,4.0,0.0,,,,,,0.0,,,,,,S.O.4050_Vautour_IIA
bf_109t_2,9.0,100.0,3.44,3.44,2.0,2.0,0.0,,,,,,0.0,,,,,,Bf_109_T-2
uk_ajax,10.0,50.0,0.5,1.0,2.0,4.0,392.0,62.31,0.03,0.03,3.03,1.25,0.0,,,,,,Ajax
ussr_su_76m_1943,9.0,100.0,0.0,0.0,4.89,4.89,16.0,,,0.0,,0.75,0.0,,,,,,SU-76M
uk_khalid,7.0,100.0,0.0,0.0,12.0,12.0,223.0,66.99,0.0,0.0,4.05,2.69,0.0,,,,,,Khalid
so_4050_vautour_2b,12.0,50.0,0.0,0.0,3.5,3.5,0.0,,,,,,0.0,,,,,,S.O.4050_Vautour_IIB
uk_m3_stuart,11.0,,,0.0,,2.0,13.0,,,0.0,,0.0,0.0,,,,,,Stuart_I
ki_61_1a_hei_ep,9.0,,,,,,9.0,100.0,2.0,1.83,4.0,3.5,0.0,,,,,,Tada's_Ki-61-I_hei
j6k1,9.0,,,3.0,,0.22,9.0,,,0.0,,2.0,0.0,,,,,,J6K1
jp_pzkpfw_VI_ausf_e_tiger,10.0,100.0,0.0,0.0,6.2,6.2,23.0,100.0,0.0,0.0,3.76,3.76,0.0,,,,,,Heavy_Tank_No.6
uk_marmon_herrington_mk_6_2pdr,11.0,,,,,,14.0,100.0,0.0,0.0,1.0,0.25,0.0,,,,,,SARC_MkVI_(2pdr)
ussr_kv_2_zis_6,12.0,100.0,0.0,0.0,3.8,3.5,61.0,50.0,0.0,0.0,2.34,2.3,0.0,,,,,,KV-2_(ZiS-6)
cn_pgz_625_fb10,12.0,42.86,1.21,2.14,0.0,0.0,59.0,50.0,0.83,0.51,0.5,0.33,0.0,,,,,,CS/SA5
etndard_4m,12.0,50.0,0.5,0.5,1.5,1.5,0.0,,,,,,0.0,,,,,,Etendard_IVM
me-410b-1,12.0,100.0,1.0,0.83,3.33,2.67,30.0,50.0,0.0,0.0,0.0,0.0,0.0,,,,,,Me_410_B-1
ussr_t_54_1951,10.0,,,0.0,,1.0,133.0,83.17,0.0,0.0,2.04,1.16,3.0,100.0,0.0,0.0,3.0,3.0,T-54_(1951)
hunter_f6_holland,12.0,50.0,1.0,2.0,0.5,1.0,12.0,50.0,1.0,2.0,0.0,0.0,0.0,,,,,,◘Hunter_F.6
mig-9_china,10.0,,,,,,0.0,,,,,,0.0,,,,,,MiG-9_(China)
vb_10_02,9.0,,,,,,13.0,,,0.77,,0.23,10.0,,,1.0,,0.0,VB.10-02
seafire_mk3_france,9.0,,,1.0,,0.0,0.0,,,,,,0.0,,,,,,Seafire_LF_Mk.III
uk_a_22f_mk_7_churchill_1944,12.0,0.0,0.0,0.0,1.4,4.0,112.0,82.67,0.0,0.0,4.46,3.1,0.0,,,,,,Churchill_VII
ussr_object_120,10.0,55.56,0.1,0.1,2.0,2.6,232.0,53.07,0.0,0.0,1.41,1.51,0.0,,,,,,Object_120
fr_amx_13_dca_40,9.0,0.0,0.0,0.0,0.0,0.0,320.0,59.32,0.22,0.21,1.39,1.39,0.0,,,,,,AMX-13_DCA_40
us_m22_locust,11.0,,,0.0,,1.0,64.0,50.0,0.0,0.0,1.2,0.82,0.0,,,,,,M22
uk_charioteer_mk_7,10.0,,,0.0,,1.0,135.0,48.15,0.0,0.0,3.93,1.7,0.0,,,,,,Charioteer_Mk_VII
ussr_bmp_3,10.0,,,0.0,,1.0,1356.0,52.26,0.0,0.0,1.57,1.42,59.0,80.0,0.0,0.0,0.92,0.68,BMP-3
us_xm_975_roland,9.0,0.0,1.0,1.0,0.0,0.0,103.0,41.33,1.46,1.13,0.0,0.0,0.0,,,,,,XM975
it_of_40_mk_1,7.0,50.0,0.0,0.0,1.0,1.33,207.0,64.49,0.0,0.0,2.48,2.51,0.0,,,,,,OF-40
us_adats_bradley,9.0,0.0,0.0,0.0,0.0,0.0,450.0,24.1,0.61,0.37,0.33,0.22,0.0,,,,,,ADATS
sb_2m_103c,9.0,,,,,,0.0,,,,,,0.0,,,,,,SB_2M-103
ussr_object_279,6.0,66.67,0.0,0.0,8.7,13.0,477.0,68.94,0.0,0.0,7.11,5.36,29.0,66.67,0.0,0.0,2.7,2.09,Object_279
mig-15bis_nr23_china,10.0,,,,,,27.0,100.0,0.0,0.0,1.0,1.0,0.0,,,,,,J-2
it_leopard_2a7_hungary,7.0,100.0,0.0,0.0,7.2,7.2,169.0,60.4,0.0,0.0,5.31,2.65,0.0,,,,,,Leopard_2A7HU
ussr_t_26_4,8.0,,,0.0,,2.0,0.0,,,,,,0.0,,,,,,T-26-4
spitfire_f24,11.0,100.0,2.7,4.63,4.3,0.48,141.0,92.63,2.64,2.48,5.5,5.04,0.0,,,,,,Spitfire_F_Mk_24
p-43a-1_china,10.0,,,,,,0.0,,,,,,0.0,,,,,,P-43A-1_(China)
av_8s_thailand,6.0,50.0,2.5,1.38,1.0,0.25,0.0,,,,,,0.0,,,,,,AV-8S
su-11,10.0,,,,,,250.0,60.86,0.9,0.88,1.52,1.5,0.0,,,,,,Su-11
ussr_gaz_mm_72k,8.0,,,,,,31.0,60.26,0.0,0.0,0.65,0.98,0.0,,,,,,GAZ-MM_(72-K)
cn_type_59,9.0,,,0.0,,2.0,126.0,57.33,0.0,0.0,3.14,3.21,0.0,,,,,,Type_59
v_12d,8.0,,,,,,0.0,,,,,,0.0,,,,,,V-12D
hurricane_mk1c,10.0,,,,,,9.0,,,0.0,,0.0,0.0,,,,,,Sea_Hurricane_Mk_IC
fr_leopard_2a4nl_les,10.0,50.0,0.0,0.0,4.5,2.5,222.0,59.62,0.0,0.0,2.58,2.0,0.0,,,,,,Leopard_2_(OTCo)
us_t95,9.0,50.0,0.0,0.0,1.0,2.0,33.0,,,0.0,,4.2,0.0,,,,,,T95
ef_2000_fgr4,8.0,,,2.0,,0.0,56.0,35.29,0.86,0.97,0.0,0.0,0.0,,,,,,Typhoon_FGR.4
fa_18c_early,10.0,100.0,2.0,2.0,0.0,0.0,846.0,51.86,0.87,1.02,0.3,0.36,48.0,100.0,2.75,1.0,4.0,2.02,F/A-18C_Early
us_m3a1_stuart,10.0,,,,,,3.0,,,0.0,,1.0,0.0,,,,,,M3A1_Stuart
gladiator_j8a,10.0,,,1.0,,0.0,0.0,,,,,,0.0,,,,,,J8A
ussr_su_122_54,9.0,50.0,0.0,0.0,2.75,2.75,222.0,46.44,0.0,0.0,2.18,2.04,0.0,,,,,,SU-122-54
jp_type_81_tansam,10.0,0.0,1.0,1.0,0.0,0.0,42.0,0.0,0.0,0.75,0.0,0.0,0.0,,,,,,Type_81_(C)
p-51b,8.0,,,,,,32.0,100.0,2.0,0.57,1.0,1.71,12.0,,,,,,Mustang_Mk_IA
su_25_558arz,10.0,0.0,2.0,2.0,5.0,5.0,140.0,80.22,0.0,0.0,2.04,2.4,0.0,,,,,,Su-25BM
il_magach_2,8.0,,,,,,81.0,72.23,0.0,0.0,2.12,1.42,0.0,,,,,,Magach_2
ju-188a-2,10.0,100.0,0.0,0.0,5.0,5.0,0.0,,,,,,0.0,,,,,,Ju_188_A-2
uk_fv4005,8.0,,,0.0,,1.0,138.0,38.89,0.0,0.0,2.32,1.92,0.0,,,,,,FV4005
saab_jas39c_south_africa,8.0,50.0,1.0,2.0,0.0,0.0,139.0,64.94,1.55,1.8,0.21,0.27,0.0,,,,,,JAS39C
fa_18a,10.0,,,0.0,,0.0,138.0,69.01,2.09,2.11,0.63,0.66,14.0,,,1.0,,0.0,F/A-18A
tbd-1_1938,9.0,,,0.0,,5.22,24.0,100.0,1.0,0.07,5.0,1.21,0.0,,,,,,TBD-1
sw_pvkv_III,8.0,100.0,0.0,0.0,2.0,2.0,45.0,50.0,0.0,0.0,0.5,0.75,0.0,,,,,,Pvkv_III
uk_fv438_swingfire,10.0,100.0,0.0,0.0,1.0,1.0,16.0,50.0,0.0,0.0,3.0,3.0,0.0,,,,,,Swingfire
su_22m3,10.0,,,1.0,,0.0,252.0,43.98,0.14,0.21,0.63,0.67,0.0,,,,,,Su-22M3
ussr_t_54_1949,8.0,,,0.0,,1.0,138.0,46.55,0.0,0.0,1.76,1.35,37.0,25.0,0.0,0.0,0.86,1.13,T-54_(1949)
yak_141,10.0,100.0,1.0,1.0,0.0,0.0,51.0,50.0,1.05,1.95,0.0,0.0,0.0,,,,,,Yak-141
hunter_f1,8.0,,,1.0,,0.0,25.0,68.0,0.96,1.56,0.68,1.0,0.0,,,,,,Hunter_F.1
f_15e,12.0,0.0,1.0,0.5,1.0,0.5,609.0,55.83,0.97,1.12,1.62,1.86,15.0,0.0,0.0,0.0,1.0,0.2,F-15E
uk_churchill_na75,10.0,,,0.0,,1.0,20.0,100.0,0.0,0.0,1.0,1.7,0.0,,,,,,Churchill_NA75
j_8b,10.0,,,,,,45.0,51.85,1.0,1.04,0.52,0.54,0.0,,,,,,J-8B
us_m55,10.0,0.0,0.0,0.0,1.0,0.71,76.0,100.0,0.0,0.0,5.0,3.43,0.0,,,,,,M55
uk_armored_car_aec_mk_2,10.0,0.0,0.0,0.0,1.0,1.0,13.0,100.0,0.0,0.0,4.2,4.2,0.0,,,,,,AEC_Mk_II
pbm_1,9.0,,,0.0,,0.0,0.0,,,,,,0.0,,,,,,"PBM-1_""Mariner"""
pby-5,8.0,,,,,,0.0,,,,,,0.0,,,,,,PBY-5_Catalina
pby-5a,8.0,,,,,,0.0,,,,,,0.0,,,,,,PBY-5A_Catalina
yak_1_litvyak,8.0,100.0,5.0,,0.0,,0.0,,,,,,0.0,,,,,,Як-1_Литвяк
tu-2_early,9.0,,,0.44,,5.22,3.0,,,,,,0.0,,,,,,Tu-2
d4y2,7.0,,,1.0,,2.17,0.0,,,,,,0.0,,,,,,D4Y2
it_m26_ariete,6.0,100.0,0.0,0.0,16.0,16.0,26.0,,,0.0,,4.5,0.0,,,,,,"M26_""D.C.Ariete"""
us_m1a1_hc_abrams,9.0,,,,,,395.0,43.1,0.0,0.0,2.06,1.68,0.0,,,,,,M1A1_HC
pe-2-110,8.0,100.0,0.0,0.0,2.0,4.0,10.0,,,,,,0.0,,,,,,Pe-2-110
i_180,8.0,100.0,2.75,2.75,0.38,0.38,28.0,75.0,0.75,0.86,0.75,0.86,0.0,,,,,,I-180S
hurricane_mk4,7.0,,,,,,12.0,,,,,,0.0,,,,,,Hurricane_Mk_IV
it_semovente_breda_501,8.0,63.89,0.0,0.0,2.9,4.5,168.0,60.06,0.0,0.0,2.34,1.83,0.0,,,,,,Breda_501
fr_m44,8.0,50.0,0.0,0.0,1.0,2.0,7.0,100.0,0.0,0.0,1.0,1.0,0.0,,,,,,M44
pb4y-2,7.0,100.0,0.0,0.0,1.0,1.0,0.0,,,,,,0.0,,,,,,PB4Y-2
jp_type_16_mod,8.0,,,0.0,,2.0,358.0,70.17,0.0,0.0,4.23,1.78,0.0,,,,,,Type_16_(FPS)
it_otobreda_sidam_25,7.0,0.0,1.0,1.0,0.0,0.0,27.0,50.0,0.0,0.0,0.0,0.0,0.0,,,,,,SIDAM_25
fr_bat_chat_25t,7.0,,,0.0,,4.0,279.0,87.5,0.0,0.0,3.96,3.4,0.0,,,,,,Char_25t
lagg-i-301,8.0,,,5.0,,0.0,0.0,,,,,,0.0,,,,,,I-301
yak-3_france,8.0,100.0,8.43,8.43,0.0,0.0,147.0,76.28,2.26,4.76,1.13,2.43,0.0,,,,,,Yak-3
germ_sdkfz_234_4,8.0,,,,,,52.0,20.0,0.0,0.0,3.64,3.11,3.0,,,0.0,,2.0,Sd.Kfz.234/4
mc-202_ec,8.0,,,,,,39.0,50.0,1.0,2.0,1.5,3.0,0.0,,,,,,C._202EC
il_2_37_1943,8.0,100.0,0.88,0.88,1.0,1.0,0.0,,,,,,0.0,,,,,,IL-2-37
ki_61_1a_hei,8.0,50.0,2.0,2.0,0.0,0.0,0.0,,,,,,0.0,,,,,,Ki-61-I_hei
re_2001_serie1,8.0,,,,,,1.0,,,,,,0.0,,,,,,Re.2001_serie_1
spitfiremkiia,8.0,,,,,,1.0,,,,,,0.0,,,,,,Spitfire_Mk_IIa
uk_challenger_mk_3,7.0,,,0.0,,1.0,225.0,51.86,0.0,0.0,2.18,1.37,0.0,,,,,,Challenger_Mk.3
f3f-2,8.0,,,0.75,,0.0,0.0,,,,,,0.0,,,,,,F3F-2
bf-109a_1,8.0,,,0.0,,0.0,0.0,,,,,,0.0,,,,,,Flegel's_Bf_109_A
germ_ru251,7.0,,,0.0,,0.8,99.0,70.84,0.0,0.0,4.48,2.98,0.0,,,,,,Ru_251
germ_pzkpfw_35t,8.0,16.67,0.0,0.0,1.67,0.71,0.0,,,,,,0.0,,,,,,Pz.35(t)
d4y3,7.0,,,0.0,,3.29,7.0,,,,,,0.0,,,,,,D4Y3_Ko
uk_matilda_hedgehog,6.0,100.0,0.0,,6.0,,0.0,,,,,,0.0,,,,,,Matilda_Hedgehog
su-2_mv5,7.0,100.0,1.0,1.0,6.0,6.0,0.0,,,,,,0.0,,,,,,Su-2_MV-5
ussr_isu_152,6.0,,,,,,21.0,57.14,0.0,0.0,2.21,3.29,0.0,,,,,,ISU-152
su_6_single,6.0,,,0.0,,4.0,6.0,50.0,0.5,0.5,3.5,3.5,0.0,,,,,,Su-6
brigand_b1,7.0,,,,,,0.0,,,,,,0.0,,,,,,Brigand_B_1
fr_msc,8.0,,,0.0,,2.0,694.0,42.97,0.0,0.0,1.78,1.43,0.0,,,,,,MSC
tu-2_postwar_china,6.0,,,0.0,,1.0,20.0,100.0,0.0,0.0,2.33,1.5,0.0,,,,,,Tu-2S-44_(China)
ussr_to_55,7.0,100.0,0.0,0.0,1.0,1.0,476.0,56.58,0.0,0.0,4.23,2.73,22.0,,,0.0,,4.0,TO-55
mirage_3c,7.0,,,1.0,,0.0,59.0,100.0,3.7,4.1,1.02,1.2,0.0,,,,,,Mirage_IIIC
germ_panzerjager_tiger,8.0,100.0,0.0,0.0,4.0,4.0,299.0,41.15,0.0,0.0,2.68,2.43,0.0,,,,,,Jagdtiger
saab_j21a_2,6.0,50.0,0.17,0.33,0.5,1.0,26.0,,,,,,0.0,,,,,,J21A-2
saab_a21a_3,6.0,50.0,0.5,1.0,1.0,2.0,218.0,61.41,0.47,0.43,0.59,0.67,0.0,,,,,,A21A-3
us_m1a2_sep_abrams,8.0,,,0.0,,1.0,1012.0,55.74,0.0,0.0,2.18,2.18,0.0,,,,,,M1A2_SEP
ffvs_j22_a,7.0,,,2.0,,0.0,13.0,100.0,0.0,0.0,0.0,0.0,0.0,,,,,,J22-A
germ_vilkas,6.0,,,0.0,,1.0,143.0,25.28,0.0,0.0,1.81,1.41,0.0,,,,,,Vilkas
sea_harrier_fa2,8.0,0.0,1.86,2.0,0.0,0.0,0.0,,,,,,0.0,,,,,,Sea_Harrier_FA_2
us_m47_patton_II,7.0,100.0,0.0,0.0,3.0,3.0,252.0,41.76,0.0,0.0,2.79,1.53,0.0,,,,,,M47
saab_j21a_1,6.0,,,0.33,,0.0,5.0,0.0,3.0,3.0,0.0,0.0,0.0,,,,,,J21A-1
tornado_f3_late,8.0,0.0,1.0,1.0,0.0,0.0,24.0,,,1.46,,0.0,0.0,,,,,,Tornado_F.3_Late
fr_amx_10rc,8.0,,,0.0,,0.0,82.0,7.69,0.0,0.0,3.54,1.29,0.0,,,,,,AMX-10RC
il_2_1942_luftwaffe,6.0,,,0.33,,0.33,18.0,33.33,0.17,0.1,0.17,0.1,0.0,,,,,,IL-2_(1942)
uk_challenger_2_bn,5.0,,,,,,193.0,58.91,0.0,0.0,3.07,2.4,0.0,,,,,,Black_Night
sw_strf_90c,9.0,66.67,0.3,0.5,2.3,3.5,175.0,32.35,0.0,0.0,2.84,1.89,0.0,,,,,,Strf_9040C
mosquito_fb_mk6_norway,6.0,100.0,2.75,2.5,0.0,1.33,18.0,,,,,,0.0,,,,,,◢Mosquito_FB.Mk.VI
mig-15bis_nr23_german,7.0,,,1.0,,1.0,65.0,96.67,1.29,1.42,0.69,0.7,0.0,,,,,,◊MiG-15bis
it_ariete_amv_pt1,5.0,50.0,0.0,0.0,1.5,3.0,49.0,54.55,0.0,0.0,2.42,4.04,0.0,,,,,,Ariete_AMV
mirage_2000_5f,6.0,,,2.0,,0.0,124.0,31.58,1.85,2.49,0.05,0.07,0.0,,,,,,Mirage_2000-5F
hurricanemkii_ussr,6.0,100.0,5.0,4.17,0.0,0.0,0.0,,,,,,0.0,,,,,,Hurricane_Mk_IIB
re_2005_vdm,5.0,,,2.0,,1.0,50.0,50.0,0.94,1.43,1.19,1.81,0.0,,,,,,Re.2005_(VDM)
f_15c_golden_eagle,8.0,16.67,1.67,1.67,0.0,0.0,698.0,56.21,1.88,2.43,0.04,0.08,0.0,,,,,,F-15C_Golden_Eagle
g_55_serie1,5.0,,,,,,6.0,,,1.0,,2.0,0.0,,,,,,G.55_serie_1
bf-109e-3_japan,6.0,,,,,,28.0,12.5,2.23,2.62,0.63,0.58,0.0,,,,,,Bf_109_E-7
fr_amd_35,6.0,,,,,,18.0,,,,,,0.0,,,,,,AMD.35
germ_sturmpanzer_II,7.0,,,0.0,,1.0,33.0,18.75,0.0,0.0,0.0,0.0,0.0,,,,,,Sturmpanzer_II
it_freccia,5.0,,,,,,66.0,77.62,0.0,0.0,1.48,1.21,18.0,,,0.0,,1.0,Freccia
b_25j_30_china,6.0,,,,,,26.0,50.0,0.0,0.0,0.0,0.0,0.0,,,,,,B-25J-30_(China)
uk_challenger_1_mk_3_gulf,5.0,,,0.0,,2.0,701.0,67.98,0.0,0.0,4.35,2.5,0.0,,,,,,Challenger_DS
fr_amx_30_ACRA,8.0,50.0,0.0,0.0,1.0,0.6,0.0,,,,,,0.0,,,,,,AMX-30_ACRA
yak-38m,6.0,,,0.0,,0.0,31.0,46.43,0.46,0.36,0.0,0.22,0.0,,,,,,Yak-38M
us_t54e2,5.0,,,0.0,,1.0,22.0,0.0,0.0,0.0,2.0,2.0,0.0,,,,,,T54E2
cn_pgz_09,7.0,,,,,,315.0,41.9,0.71,0.49,1.0,0.79,0.0,,,,,,PGZ09
germ_thyssen_henschel_tam_2c,5.0,50.0,0.0,0.0,0.5,1.0,343.0,47.59,0.0,0.0,2.0,1.38,22.0,50.0,0.0,0.0,0.5,0.11,TAM_2C
germ_sdkfz_234_1,5.0,50.0,0.0,0.0,0.0,0.0,37.0,100.0,0.24,0.08,5.62,3.18,0.0,,,,,,Sd.Kfz.234/1
germ_pzkpfw_38t_na,6.0,58.33,0.0,0.0,0.58,1.0,0.0,,,,,,0.0,,,,,,Pz.38(t)_n.A.
seafire_fr47,5.0,,,,,,0.0,,,,,,0.0,,,,,,Seafire_FR_47
us_m10_booker_late,6.0,100.0,0.0,0.0,0.0,0.17,716.0,52.9,0.0,0.0,1.77,1.27,0.0,,,,,,M10_Booker
ussr_isu_122,6.0,,,,,,43.0,,,0.0,,1.58,0.0,,,,,,ISU-122
us_t95e1,7.0,,,0.0,,1.0,266.0,65.47,0.0,0.0,2.22,2.15,0.0,,,,,,T95E1
ju-288c,6.0,100.0,1.0,1.0,8.0,8.0,80.0,42.5,0.43,0.53,1.3,1.38,0.0,,,,,,Ju_288_C
ussr_kv_2_1940,6.0,,,0.0,,4.0,6.0,100.0,0.0,0.0,4.0,4.0,0.0,,,,,,KV-2_(1940)
us_t28,4.0,0.0,0.0,0.0,3.0,3.0,0.0,,,,,,0.0,,,,,,T28
ussr_su_122P,5.0,,,,,,6.0,,,0.0,,2.0,0.0,,,,,,SU-122P
f-84f_france,6.0,100.0,0.0,0.0,3.33,3.33,0.0,,,,,,0.0,,,,,,F-84F
uk_17_pdr_m10_achilles,4.0,,,0.0,,2.0,65.0,50.61,0.0,0.0,1.7,2.49,0.0,,,,,,Achilles
ussr_btr_zd,6.0,50.0,1.5,3.0,0.0,0.0,543.0,58.29,0.61,0.48,1.11,0.97,2.0,,,,,,BTR-ZD
germ_panzerjager_1,7.0,100.0,0.0,0.0,4.0,2.17,11.0,,,0.0,,1.0,0.0,,,,,,Panzerjäger_I
it_m109g,6.0,,,,,,12.0,,,0.0,,1.13,0.0,,,,,,M109G
ussr_kv_122,5.0,,,,,,194.0,40.0,0.0,0.0,2.77,1.74,0.0,,,,,,KV-122
xf5f,5.0,,,,,,3.0,100.0,1.0,1.0,1.0,1.0,0.0,,,,,,XF5F
p-47d_22_re_france,5.0,,,1.0,,0.0,56.0,56.41,0.12,0.11,2.09,2.11,0.0,,,,,,P-47D-22-RE
n1k2_j,4.0,,,1.0,,0.0,23.0,,,2.5,,2.5,0.0,,,,,,N1K2-J
me-410a-1_u2,6.0,,,,,,0.0,,,,,,0.0,,,,,,Me_410_A-1/U2
us_nasams_fcs,5.0,,,,,,118.0,82.14,1.63,0.7,0.0,0.0,0.0,,,,,,NASAMS_3_(СОЦ)
us_t86,5.0,,,,,,66.0,72.81,0.0,0.0,2.65,2.41,0.0,,,,,,T86
f_16c_block_50,6.0,0.0,1.0,1.0,0.33,0.33,277.0,67.17,1.37,1.57,0.41,0.47,15.0,0.0,6.0,2.67,0.0,0.0,F-16C
uk_boxer_crv_block2,6.0,,,0.0,,1.0,464.0,57.38,0.0,0.01,1.49,0.77,0.0,,,,,,CRV_Block_2
f-86k_late,6.0,,,,,,7.0,,,1.0,,0.0,0.0,,,,,,F-86K
f_15c_msip2,6.0,0.0,1.33,1.33,0.0,0.0,378.0,57.64,1.55,1.37,0.02,0.02,22.0,,,2.1,,0.0,F-15C_MSIP_II
us_m1128_wolfpack,3.0,,,0.0,,1.25,684.0,49.41,0.0,0.0,1.51,1.03,0.0,,,,,,M1128_Wolfpack
er-2_m105r_lu2b,5.0,100.0,0.0,,1.6,,9.0,,,,,,0.0,,,,,,Yer-2_(M-105R)_LU
av_8b_plus,6.0,0.0,1.0,1.0,0.0,0.0,39.0,35.0,0.9,1.12,0.5,0.88,9.0,,,1.0,,0.0,AV-8B_Plus
fr_m36b2_cefeo,4.0,,,0.0,,0.75,153.0,56.3,0.0,0.0,1.4,1.26,0.0,,,,,,M36B2
fokker_d21_serie3_finland,6.0,,,,,,0.0,,,,,,0.0,,,,,,Fokker_D.XXI-3
mig-21_smt,7.0,0.0,1.0,1.0,0.0,0.0,233.0,60.84,2.59,3.52,0.44,0.61,9.0,,,,,,MiG-21SMT
fr_m4a4_cn_75_50,4.0,,,,,,126.0,55.0,0.0,0.0,3.01,2.22,0.0,,,,,,M4A4_(SA50)
i-15_1935,5.0,,,,,,0.0,,,,,,0.0,,,,,,I-15_M-22
javelin_fmk9,4.0,50.0,0.5,1.0,0.0,0.0,35.0,51.79,1.44,2.5,1.19,2.0,21.0,,,3.14,,0.0,Javelin_F.(A.W.)_Mk.9
la-5fn_luftwaffe,4.0,100.0,22.0,,0.0,,34.0,50.0,0.56,1.12,0.0,0.0,10.0,,,,,,La-5FN
j2m2,4.0,,,4.0,,1.0,40.0,100.0,5.07,,1.66,,0.0,,,,,,J2M2
it_pzh_2000_hu,5.0,50.0,1.5,,0.5,,119.0,48.1,0.47,0.38,2.28,2.18,0.0,,,,,,PzH_2000HU
j2m4_kai,4.0,,,2.0,,3.0,71.0,57.47,1.38,1.69,0.41,0.5,0.0,,,,,,J2M4_Kai
it_otomatic,3.0,,,,,,134.0,45.4,0.73,0.67,1.2,0.97,0.0,,,,,,OTOMATIC
us_t114,4.0,100.0,0.0,0.0,3.0,3.0,37.0,100.0,0.0,0.0,4.6,4.06,0.0,,,,,,T114
do_217m_1,5.0,100.0,0.0,0.0,6.4,6.4,18.0,50.0,0.0,0.0,2.5,2.5,0.0,,,,,,Do_217_M-1
tu-2_postwar,5.0,,,0.0,,2.0,15.0,50.0,0.5,0.07,1.5,0.64,0.0,,,,,,Tu-2S-44
germ_sdkfz_6_2_flak36,6.0,0.0,2.0,2.0,0.0,0.0,0.0,,,,,,42.0,33.33,0.95,0.95,0.33,0.33,Sd.Kfz._6/2
mig-9,4.0,,,1.25,,1.0,16.0,55.56,0.06,0.06,0.5,0.94,0.0,,,,,,MiG-9
ms_410c1,4.0,50.0,1.25,2.5,0.0,0.0,0.0,,,,,,0.0,,,,,,M.S.410
ms_405c1,4.0,0.0,2.5,2.5,0.0,0.0,0.0,,,,,,0.0,,,,,,M.S.405C1
pbj_1j,4.0,,,0.0,,3.0,0.0,,,,,,0.0,,,,,,PBJ-1J
mig_3_series_34,4.0,100.0,10.75,10.75,1.0,1.0,0.0,,,,,,0.0,,,,,,MiG-3-34
germ_flakpanzer_I_ausf_A,3.0,,,,,,5.0,,,0.0,,2.8,0.0,,,,,,Flakpanzer_I
us_xm_8,5.0,,,0.0,,2.0,33.0,100.0,0.0,0.0,2.65,2.28,0.0,,,,,,XM8
il_28,4.0,,,,,,41.0,50.0,0.42,0.15,1.5,1.45,0.0,,,,,,IL-28
us_m56_scorpion,4.0,100.0,0.0,0.0,2.0,2.0,296.0,61.61,0.0,0.0,2.85,1.04,0.0,,,,,,M56
a7he1,4.0,,,,,,0.0,,,,,,0.0,,,,,,A7He1
mig-21_bis_sau,4.0,0.0,0.0,0.0,1.0,1.0,33.0,100.0,1.88,1.0,0.0,0.0,0.0,,,,,,◊MiG-21bis-SAU
ms_406c1,4.0,0.0,1.0,,0.0,,0.0,,,,,,0.0,,,,,,M.S.406C1
j_7d,4.0,,,0.0,,1.0,713.0,66.7,1.63,2.28,0.38,0.54,0.0,,,,,,J-7D
p-51h-5_na,4.0,,,,,,227.0,48.9,1.79,3.39,2.34,4.44,22.0,,,4.0,,0.0,P-51H-5-NA
fa_18c_switzerland,5.0,,,1.0,,0.0,923.0,52.67,1.0,1.22,0.08,0.08,48.0,,,0.38,,0.0,◌F/A-18C
spitfire_ix_ussr,4.0,,,1.0,,0.0,74.0,64.42,1.8,2.44,0.98,1.93,0.0,,,,,,Spitfire_Mk_IXc
p-36a,5.0,,,,,,0.0,,,,,,0.0,,,,,,P-36A
us_m551,2.0,50.0,0.0,0.0,0.5,0.5,480.0,63.32,0.0,0.0,1.28,1.01,0.0,,,,,,M551
il_tiran_4,5.0,,,0.0,,1.0,13.0,,,0.0,,0.88,0.0,,,,,,Tiran_4
ta_154a_1,4.0,100.0,1.0,,0.0,,23.0,0.0,1.0,1.0,0.0,0.0,0.0,,,,,,Ta_154_A-1
il_28sh,4.0,,,0.0,,2.0,26.0,50.0,0.0,0.0,0.5,1.0,0.0,,,,,,IL-28Sh
pbj_1h,4.0,,,0.0,,0.0,0.0,,,,,,0.0,,,,,,PBJ-1H
cn_is_2_1944,5.0,,,0.0,,0.0,35.0,36.36,0.0,0.0,2.18,2.32,0.0,,,,,,IS-2_(1944)_(China)
uk_chieftain_marksman,5.0,,,0.0,,1.0,103.0,60.22,0.54,0.62,0.88,1.05,0.0,,,,,,Chieftain_Marksman
fr_vcac_mephisto,5.0,,,,,,282.0,65.84,0.0,0.0,2.04,1.61,0.0,,,,,,MEPHISTO
mig-21_mf,4.0,,,0.0,,0.0,129.0,71.6,1.14,1.47,0.0,0.0,5.0,,,,,,◊MiG-21MF
cn_m48a1_patton_III,5.0,,,,,,164.0,67.26,0.0,0.0,2.16,1.26,0.0,,,,,,M48A1_(China)
il_sholef,4.0,0.0,0.0,0.0,1.0,0.5,24.0,72.22,0.72,0.72,1.89,1.89,0.0,,,,,,Sholef
p_108b_serie2,4.0,0.0,0.0,0.0,2.25,2.25,0.0,,,,,,0.0,,,,,,P.108B_serie_2
germ_sdkfz_251_9,4.0,100.0,0.0,0.0,4.0,4.0,0.0,,,,,,0.0,,,,,,Sd.Kfz.251/9
wm_21,2.0,,,0.0,,3.0,0.0,,,,,,0.0,,,,,,◔WM-21
re_2000_heja_1,2.0,100.0,1.0,1.0,2.0,2.0,0.0,,,,,,0.0,,,,,,◔Héja_I
beaufighter_mk6c,3.0,,,,,,0.0,,,,,,0.0,,,,,,Beaufighter_Mk_VIc
il_merkava_mk_3b,4.0,,,,,,65.0,70.83,0.0,0.0,2.67,1.28,0.0,,,,,,Merkava_Mk.3B
hunter_f58_switzerland,3.0,,,2.0,,0.0,497.0,64.39,1.09,1.03,1.31,1.26,0.0,,,,,,◌Hunter_F.58
ussr_t_50,2.0,,,0.0,,3.0,117.0,39.78,0.0,0.0,2.31,2.16,0.0,,,,,,T-50
wellington_mk10,2.0,,,0.0,,2.0,0.0,,,,,,0.0,,,,,,Wellington_Mk_X
fr_amx_50_foch,2.0,,,,,,112.0,84.62,0.0,0.0,5.38,1.65,0.0,,,,,,AMX-50_Foch
it_sherman_VII,3.0,100.0,0.0,0.0,3.0,3.0,50.0,0.0,0.0,0.0,2.78,2.78,0.0,,,,,,M4_Tipo_IC
it_semovente_m43_75_46,3.0,100.0,0.0,0.0,3.0,3.0,0.0,,,,,,0.0,,,,,,75/46_M43
il_magach_6b,2.0,50.0,0.0,0.0,1.5,3.0,87.0,76.92,0.0,0.0,4.1,2.11,0.0,,,,,,Magach_6B
il_merkava_mk_3c,4.0,,,0.0,,2.0,83.0,61.05,0.0,0.0,2.84,2.86,0.0,,,,,,Merkava_Mk.3C
it_pzkpfw_III_ausf_N,2.0,,,0.0,,2.0,2.0,,,0.0,,1.0,0.0,,,,,,Pz.III_N
us_t32e1,2.0,,,,,,60.0,63.49,0.0,0.0,3.93,2.08,0.0,,,,,,T32E1
a-26b_10,3.0,,,0.0,,3.0,0.0,,,,,,0.0,,,,,,A-26B-10
us_m2_medium,2.0,,,0.0,,1.0,0.0,,,,,,0.0,,,,,,M2
re_2000_heja_2,2.0,,,,,,0.0,,,,,,0.0,,,,,,◔Héja_II
fr_leopard_2a5nl,4.0,,,,,,27.0,60.42,0.0,0.0,1.35,2.13,0.0,,,,,,Leopard_2A5NL
it_m3a3_stuart,2.0,100.0,0.0,0.0,1.0,1.0,5.0,100.0,0.0,0.0,1.0,1.0,0.0,,,,,,M3A3
il_tiran_4_sh,2.0,,,0.0,,1.0,64.0,0.0,0.0,0.0,2.62,1.0,0.0,,,,,,Tiran_4S
fr_amx_32_105,4.0,100.0,0.0,0.0,1.0,1.0,481.0,56.03,0.0,0.0,1.73,1.49,0.0,,,,,,AMX-32_(105)
a_4e_early,2.0,,,,,,397.0,66.56,0.18,0.2,2.02,2.14,4.0,,,0.0,,0.0,A-4E_Early
germ_leopard_2av,2.0,,,,,,146.0,90.72,0.0,0.0,3.3,2.11,0.0,,,,,,Leopard_2AV
ussr_zsu_37,2.0,,,,,,46.0,,,0.0,,0.0,0.0,,,,,,ZSU-37
sw_lvkv_90c,4.0,50.0,1.0,2.0,2.0,4.0,241.0,24.69,0.98,0.91,1.28,1.07,0.0,,,,,,Lvkv_9040C
ussr_bmd_4m,1.0,,,0.0,,2.0,629.0,47.91,0.0,0.0,3.55,1.64,72.0,100.0,0.74,0.34,5.0,2.6,БМД-4M
uk_rooikat_105_td,1.0,100.0,0.0,0.0,3.0,3.0,329.0,55.94,0.0,0.0,3.04,2.07,0.0,,,,,,Rooikat_105
a6m5otsu,2.0,,,2.0,,0.0,26.0,,,1.1,,2.0,0.0,,,,,,A6M5_otsu
il_merkava_mk_1,2.0,50.0,0.0,0.0,2.0,4.0,190.0,64.17,0.0,0.0,5.02,2.7,0.0,,,,,,Merkava_Mk.1
f-84g_china,2.0,,,1.0,,1.0,13.0,100.0,0.0,0.0,1.0,0.38,0.0,,,,,,F-84G-21-RE_(China)
spitfire_f22,5.0,100.0,2.0,2.67,7.3,2.43,56.0,57.14,0.51,0.76,1.48,2.0,0.0,,,,,,Spitfire_F_Mk_22
tempest_mkv_luftwaffe,2.0,0.0,2.0,2.0,0.0,0.0,55.0,54.35,1.52,2.15,0.74,1.0,0.0,,,,,,Tempest_Mk_V
germ_9a35_m,1.0,,,,,,60.0,64.82,1.43,1.8,0.0,0.0,0.0,,,,,,Стрела-10М
cn_hq_11,1.0,,,,,,46.0,54.17,1.83,1.83,0.0,0.0,0.0,,,,,,HQ11
er-2_m105_mv3,1.0,,,0.0,,4.0,6.0,,,0.0,,0.0,0.0,,,,,,Yer-2_(M-105)
fr_leclerc_s2,3.0,,,0.0,,2.0,125.0,56.59,0.0,0.0,1.82,1.12,0.0,,,,,,Leclerc_S2
germ_sdkfz_251_21,2.0,,,1.0,,0.0,101.0,33.93,1.41,2.0,0.36,0.57,0.0,,,,,,Sd.Kfz.251/21
do_335a_0,2.0,100.0,2.5,2.5,0.0,0.0,13.0,100.0,1.0,1.0,4.0,4.0,0.0,,,,,,Do_335_A-0
jp_type_5_chi_ri,1.0,,,,,,206.0,71.58,0.0,0.0,4.85,4.07,0.0,,,,,,Chi-Ri_II
cn_su_76m_1943,2.0,,,,,,0.0,,,,,,0.0,,,,,,SU-76M_(China)
f-86f-40_japan_blue_impulse,1.0,50.0,0.5,1.0,0.0,0.0,26.0,0.0,2.0,2.47,1.57,1.76,0.0,,,,,,F-86F-40_JASDF
fr_leclerc_s1,3.0,,,,,,157.0,34.6,0.0,0.0,2.45,1.61,0.0,,,,,,Leclerc
sw_pvkv_iv,1.0,,,,,,26.0,,,0.0,,2.73,0.0,,,,,,Pvkv_IV
alpha_jet_a_thailand,1.0,50.0,0.5,1.0,0.0,0.0,256.0,70.9,0.26,0.24,2.24,2.48,0.0,,,,,,Alpha_Jet_A
germ_m55,2.0,,,,,,101.0,73.81,0.0,0.0,2.8,1.69,0.0,,,,,,◄M55
ussr_it_1,3.0,,,,,,245.0,58.03,0.0,0.0,1.97,1.69,6.0,50.0,0.0,0.0,1.5,1.5,IT-1
fr_leopard_2a6nl,2.0,,,0.0,,0.0,0.0,,,,,,0.0,,,,,,Leopard_2A6NL
us_m60a2,2.0,,,,,,112.0,90.97,0.0,0.0,5.69,1.93,0.0,,,,,,M60A2
il_merkava_mk_4m,2.0,,,0.0,,1.5,543.0,75.71,0.05,0.05,6.72,6.04,0.0,,,,,,Merkava_Mk.4M
uk_fv221_caernarvon,1.0,,,0.0,,2.0,155.0,50.0,0.0,0.0,1.16,1.69,0.0,,,,,,Caernarvon
il_m48a1_patton_III,2.0,0.0,0.0,0.0,1.0,1.0,102.0,49.36,0.0,0.0,1.13,0.94,0.0,,,,,,Magach_1
il_amx_13_75,3.0,,,,,,175.0,52.61,0.0,0.0,2.25,2.02,3.0,,,,,,AMX-13_(Israel)
fr_jaguar_ebrc,2.0,,,0.0,,1.0,566.0,51.99,0.04,0.04,0.87,0.77,0.0,,,,,,EBRC_Jaguar
fr_leclerc_azur,2.0,,,0.0,,1.0,243.0,59.16,0.0,0.0,2.58,1.89,0.0,,,,,,Leclerc_AZUR
cn_m55,0.0,,,,,,0.0,,,,,,0.0,,,,,,M55_(China)
sw_strf_9056,2.0,100.0,0.0,0.0,2.0,2.0,159.0,65.0,0.01,0.02,2.5,1.36,83.0,28.57,0.0,0.0,1.3,1.08,Strf_9040_BILL
vl_myrsky_2_late,1.0,,,,,,26.0,69.7,0.3,0.3,0.65,0.65,0.0,,,,,,VL_Myrsky_II
sw_strf_90b,2.0,,,,,,415.0,60.43,0.18,0.15,2.09,1.85,0.0,,,,,,Strf_9040B
ussr_t_72m2_moderna,1.0,,,,,,225.0,69.94,0.0,0.0,5.36,3.54,3.0,,,,,,T-72M2_Moderna
i-16_type10_china,0.0,,,,,,0.0,,,,,,0.0,,,,,,I-16_type_10_(China)
il_zsu_23_4,1.0,100.0,1.0,1.0,0.0,0.0,115.0,91.36,0.23,0.33,0.08,0.08,0.0,,,,,,ZSU-23-4_(Israel)
it_b1_centauro,1.0,,,,,,688.0,69.64,0.0,0.0,1.77,1.77,12.0,5.0,0.0,0.0,0.95,1.0,Centauro_I_105
meteor_fmk8_iaf,2.0,,,,,,28.0,100.0,0.0,0.0,0.0,0.0,0.0,,,,,,Meteor_F.8_(Israel)
su-7b,1.0,,,,,,36.0,68.33,0.08,0.08,0.65,0.77,0.0,,,,,,Su-7B
it_zsu_23_4,1.0,0.0,1.0,1.0,0.0,0.0,79.0,6.97,0.1,0.1,0.0,0.0,0.0,,,,,,◔ZSU-23-4
a_29_hudson,0.0,,,,,,0.0,,,,,,0.0,,,,,,A-29
fr_amx_30_b2_brenus,2.0,100.0,0.0,0.0,3.0,3.0,406.0,73.29,0.0,0.0,2.18,1.93,0.0,,,,,,AMX-30B2_BRENUS
i-16_type5_1935_china,0.0,,,,,,0.0,,,,,,0.0,,,,,,I-16_type_5_(China)
h8k2,2.0,100.0,0.0,0.0,0.0,0.0,0.0,,,,,,0.0,,,,,,H8K2
fr_m55,1.0,,,0.0,,2.0,0.0,,,,,,0.0,,,,,,M55
jp_type_16,1.0,,,,,,122.0,39.68,0.0,0.0,2.73,1.68,0.0,,,,,,Type_16
b6n1,0.0,,,,,,0.0,,,,,,0.0,,,,,,B6N1_Model_11
hurricanemkii,0.0,,,,,,0.0,,,,,,0.0,,,,,,Hurricane_Mk_IIB/Trop
sb2u-2,0.0,,,,,,0.0,,,,,,0.0,,,,,,SB2U-2
hp52_hampden_tbmk1_ussr_utk1,0.0,,,,,,0.0,,,,,,0.0,,,,,,Hampden_TB_Mk_I
ussr_t_126sp,0.0,,,,,,10.0,,,0.0,,2.2,0.0,,,,,,T-126
germ_sdkfz_251_10,0.0,,,,,,23.0,,,0.0,,1.11,0.0,,,,,,Sd.Kfz.251/10
do_217k_1,0.0,,,,,,13.0,,,0.0,,0.0,0.0,,,,,,Do_217_K-1
ussr_object_248,0.0,,,,,,42.0,15.0,0.0,0.0,3.98,4.65,0.0,,,,,,Object_248
p-39q_25_france,0.0,,,,,,3.0,,,,,,0.0,,,,,,P-39Q-25
germ_flakpanzer_zerstorer_45,0.0,,,,,,197.0,14.72,1.43,0.94,0.17,0.17,0.0,,,,,,Zerstörer_45
fr_char_2c,0.0,,,,,,3.0,,,,,,0.0,,,,,,2C
cn_m42_duster,0.0,,,,,,47.0,40.91,0.86,0.34,0.86,0.34,0.0,,,,,,M42_(China)
sw_kungstiger,0.0,,,,,,18.0,,,0.0,,6.0,0.0,,,,,,Kungstiger
il_merkava_mk_3_raam_segol,0.0,,,,,,292.0,53.53,0.0,0.0,3.98,2.4,8.0,,,0.0,,1.75,Ra'am_Sagol
f_16a_block_10_iaf,0.0,,,,,,0.0,,,,,,21.0,,,0.95,,0.0,Netz
d4y1,0.0,,,,,,0.0,,,,,,0.0,,,,,,D4Y1
yak-9t_france,0.0,,,,,,0.0,,,,,,0.0,,,,,,Challe's_Yak-9T
meteor_nfmk13,0.0,,,,,,4.0,100.0,3.0,,4.0,,0.0,,,,,,Meteor_NF.13_(Israel)
sbd-3,0.0,,,,,,3.0,100.0,1.0,1.0,3.0,3.0,0.0,,,,,,SBD-3
uk_valentine_mk_11,1.0,,,,,,4.0,100.0,0.0,0.0,0.0,0.0,0.0,,,,,,Valentine_XI
z_1007_bis_serie5,0.0,,,,,,0.0,,,,,,0.0,,,,,,Z.1007_bis_serie_5
spitfire_mk14e,0.0,,,,,,4.0,100.0,2.0,2.0,1.0,1.0,0.0,,,,,,Spitfire_F_Mk_XIVe
so_4050_vautour_2a_iaf,0.0,,,,,,0.0,,,,,,0.0,,,,,,Vautour_IIA_IDF/AF
fokker_g1a,0.0,,,,,,0.0,,,,,,0.0,,,,,,◗Fokker_G.IA
it_m18_hellcat,0.0,,,,,,336.0,72.82,0.0,0.0,3.61,1.9,0.0,,,,,,M18
ki_10_1_commander,0.0,,,,,,0.0,,,,,,0.0,,,,,,Ki-10-I_C
fokker_d23,0.0,,,,,,0.0,,,,,,0.0,,,,,,◗Fokker_D.XXIII
ussr_is_6,0.0,,,,,,229.0,74.11,0.0,0.0,5.66,3.71,0.0,,,,,,IS-6
pby-5a_ussr,0.0,,,,,,0.0,,,,,,0.0,,,,,,PBY-5A_Catalina
jp_type_89,0.0,,,,,,392.0,65.41,0.0,0.0,2.55,2.51,0.0,,,,,,Type_89
i-15bis_china,0.0,,,,,,0.0,,,,,,0.0,,,,,,I-15bis_(China)
mc200_serie3_italy,0.0,,,,,,21.0,57.69,0.0,0.0,0.0,0.0,0.0,,,,,,C._200_serie_3
ki_44_2_otsu,0.0,,,,,,0.0,,,,,,0.0,,,,,,Ki-44-II_otsu
p-63c-5_kingcobra_animal_version,0.0,,,,,,156.0,72.1,0.99,1.34,2.76,3.78,0.0,,,,,,␠Kingcobra
p-39k_1,0.0,,,,,,0.0,,,,,,0.0,,,,,,P-39K-1
typhoon_mk1a,0.0,,,,,,0.0,,,,,,0.0,,,,,,Typhoon_Mk_Ia
us_ccvl,0.0,,,,,,135.0,61.11,0.0,0.0,4.97,3.15,0.0,,,,,,CCVL
f2a-1,0.0,,,,,,0.0,,,,,,0.0,,,,,,F2A-1
uk_m109a1,0.0,,,,,,39.0,0.0,0.0,0.0,1.77,0.85,0.0,,,,,,M109A1
md_450b_ouragan_iaf,0.0,,,,,,9.0,,,,,,0.0,,,,,,M.D.450B_Ouragan_(Israel)
jp_m60a3_tts,0.0,,,,,,70.0,96.3,0.0,0.0,3.91,3.71,0.0,,,,,,M60A3_TTS
jp_type_74_f,0.0,,,,,,428.0,67.23,0.0,0.0,2.68,2.28,0.0,,,,,,Type_74_(F)
j2m5,0.0,,,,,,0.0,,,,,,0.0,,,,,,J2M5
j2m3,0.0,,,,,,41.0,100.0,3.0,2.07,0.0,0.0,0.0,,,,,,J2M3
ussr_su_57,0.0,,,,,,22.0,,,0.0,,1.0,0.0,,,,,,SU-57
it_btr_80a_hungary,0.0,,,,,,179.0,58.1,0.0,0.0,1.37,0.85,0.0,,,,,,◔BTR-80A
ussr_su_122,0.0,,,,,,141.0,69.23,0.0,0.0,4.67,2.24,0.0,,,,,,SU-122
harrier_frs1_early,0.0,,,,,,0.0,,,,,,0.0,,,,,,Sea_Harrier_FRS.1_(e)
hurricane_mk1,0.0,,,,,,12.0,100.0,1.25,,0.25,,7.0,,,2.0,,0.0,Hurricane_Mk_I/L
sw_ikv_72,1.0,,,,,,62.0,,,0.0,,3.92,0.0,,,,,,Ikv_72
fr_amx_40,0.0,,,,,,303.0,67.1,0.0,0.0,1.97,1.7,20.0,100.0,0.0,0.0,3.0,1.97,AMX-40
tu-1,0.0,,,,,,80.0,71.08,0.55,0.76,2.04,2.51,0.0,,,,,,Tu-1
jaguar_gr1,0.0,,,,,,9.0,,,0.0,,1.0,0.0,,,,,,Jaguar_GR.1
martin_139wc,0.0,,,,,,0.0,,,,,,0.0,,,,,,Martin_139WC
a6m5hei,0.0,,,,,,28.0,100.0,2.0,2.0,3.0,3.0,0.0,,,,,,A6M5_Hei
yak-23,0.0,,,,,,0.0,,,,,,0.0,,,,,,Yak-23
it_semovente_m43_105_leoncello,0.0,,,,,,0.0,,,,,,0.0,,,,,,"M43_""G.C.Leoncello"""
ki_84_hei,0.0,,,,,,63.0,80.77,1.88,1.65,1.25,0.99,0.0,,,,,,Ki-84_hei
uk_m3a1_stuart,0.0,,,,,,0.0,,,,,,0.0,,,,,,Stuart_III
fr_pzkpfw_V_panther_dauphine,0.0,,,,,,15.0,,,0.0,,2.1,0.0,,,,,,Panther_«Dauphine»
md_454_mystere_4a,0.0,,,,,,35.0,100.0,3.0,3.0,3.0,3.0,0.0,,,,,,Mystere_IVA
p-66,0.0,,,,,,0.0,,,,,,0.0,,,,,,P-66
it_t_72m1,0.0,,,,,,604.0,68.8,0.0,0.0,3.18,2.98,0.0,,,,,,◔T-72M1
ussr_9a33bm3,0.0,,,,,,39.0,10.0,1.2,1.0,0.0,0.0,3.0,,,1.0,,0.0,Оса-АКМ
hornet_mk3,0.0,,,,,,0.0,,,,,,0.0,,,,,,Hornet_Mk.III
ki_10_2,0.0,,,,,,20.0,,,,,,0.0,,,,,,Ki-10-II
spitfire_ix,0.0,,,,,,3.0,,,,,,76.0,70.0,6.1,1.64,0.0,0.0,Spitfire_LF_Mk_IX
ki-83,0.0,,,,,,0.0,,,,,,0.0,,,,,,Ki-83
p-51c-10_france,0.0,,,,,,27.0,100.0,1.4,1.33,1.3,1.33,0.0,,,,,,F-6C-10-NA
sw_strv_m40l,0.0,,,,,,15.0,,,0.0,,1.0,0.0,,,,,,Strv_m/40L
uk_a_22f_mk_7_churchill_crocodile,0.0,,,,,,15.0,50.0,0.0,0.0,1.67,2.0,0.0,,,,,,Churchill_Crocodile
hurricane_mk1b,0.0,,,,,,0.0,,,,,,0.0,,,,,,Sea_Hurricane_Mk_IB
md_460,0.0,,,,,,21.0,,,,,,0.0,,,,,,Super_Mystere_B2
fokker_d21_mod20,0.0,,,,,,0.0,,,,,,0.0,,,,,,Fokker_D.XXI
it_fiat_cm52,0.0,,,,,,14.0,,,0.0,,0.0,0.0,,,,,,CM52
hawk_209_indonesia,0.0,,,,,,15.0,100.0,2.0,0.0,5.0,0.0,0.0,,,,,,◥Hawk_209
uk_centurion_mk_1,0.0,,,,,,118.0,77.78,0.0,0.0,3.84,4.26,0.0,,,,,,Centurion_Mk_1
us_t55e1,0.0,,,,,,87.0,79.63,0.0,0.0,6.91,4.74,0.0,,,,,,T55E1
germ_infanterie_kampfpanzer_churchill,0.0,,,,,,34.0,100.0,0.0,0.0,1.0,0.5,0.0,,,,,,Pz.Kpfw._Churchill
ki_43_1,0.0,,,,,,0.0,,,,,,0.0,,,,,,Ki-43-I
ussr_object_685,0.0,,,,,,341.0,56.1,0.0,0.0,2.53,1.8,0.0,,,,,,Object_685
alpha_jet_e,0.0,,,,,,20.0,100.0,0.0,0.0,0.8,1.14,0.0,,,,,,Alpha_Jet_E
p-40f_10,0.0,,,,,,39.0,40.91,0.59,0.27,1.14,1.2,10.0,,,,,,P-40F-10
jp_type_75,0.0,,,,,,57.0,100.0,1.0,0.08,8.0,2.13,0.0,,,,,,Type_75_SPH
uk_a_34_comet_iron_duke,0.0,,,,,,39.0,50.0,0.0,0.0,1.77,1.58,0.0,,,,,,"Comet_I_""Iron_Duke_IV"""
seafire_mk3,0.0,,,,,,0.0,,,,,,0.0,,,,,,Seafire_LF_Mk.III
yak-38,0.0,,,,,,106.0,29.82,0.55,0.48,0.0,0.0,0.0,,,,,,Yak-38
bf-109f-4_usa,0.0,,,,,,5.0,,,,,,15.0,,,1.0,,0.0,Bf_109_F-4
seafire_mk17,0.0,,,,,,10.0,,,,,,0.0,,,,,,Seafire_F_Mk_XVII
fr_amx_10p,0.0,,,,,,299.0,59.03,0.51,0.49,1.08,1.0,3.0,,,,,,AMX-10P
it_m13_40_serie_1,0.0,,,,,,0.0,,,,,,0.0,,,,,,M13/40_(I)
us_t77e1,0.0,,,,,,103.0,31.82,2.27,1.64,0.0,0.0,0.0,,,,,,T77E1
il_merkava_mk_4b,0.0,,,,,,119.0,77.64,0.0,0.0,4.41,2.36,0.0,,,,,,Merkava_Mk.4B
germ_leopard_2a4m_can_sm,0.0,,,,,,1852.0,43.74,0.0,0.0,1.61,1.31,0.0,,,,,,◍Leopard_2A4M
us_m109a1,0.0,,,,,,81.0,50.0,0.48,0.38,1.74,1.0,0.0,,,,,,M109A1
uk_olifant_mk_2,0.0,,,,,,192.0,65.8,0.0,0.0,2.56,1.87,0.0,,,,,,Olifant_Mk.2
morko_morane,0.0,,,,,,23.0,43.33,0.8,1.32,0.57,1.0,0.0,,,,,,Mörkö-Morane
it_m47_105,0.0,,,,,,79.0,85.42,0.0,0.0,4.36,1.61,0.0,,,,,,M47_(105/55)
ussr_9p157,0.0,,,,,,132.0,25.29,0.0,0.0,2.37,1.22,0.0,,,,,,Khrizantema-S
cn_gmc_cckw_353_m45_quad,0.0,,,,,,16.0,,,,,,0.0,,,,,,CCKW_353_(M45)
mig-19pt,1.0,,,1.0,,0.0,65.0,12.82,1.3,1.24,0.0,0.0,0.0,,,,,,MiG-19PT
pbm_5a,0.0,,,,,,9.0,50.0,0.5,1.0,1.0,2.0,0.0,,,,,,"PBM-5A_""Mariner"""
uk_ratel_90,0.0,,,,,,74.0,90.0,0.0,0.0,4.08,2.33,0.0,,,,,,Ratel_90
p-63c-5_france,0.0,,,,,,53.0,97.89,0.32,0.29,2.42,2.34,0.0,,,,,,P-63C-5
kitsuka,0.0,,,,,,125.0,69.87,0.0,0.0,2.26,1.85,0.0,,,,,,Kikka
p-39q_5,0.0,,,,,,0.0,,,,,,0.0,,,,,,P-39Q-5
la_200_toriy,0.0,,,,,,103.0,33.33,1.43,1.71,3.17,2.54,0.0,,,,,,La-200
uk_challenger_2e,0.0,,,,,,137.0,63.69,0.0,0.0,3.48,1.45,0.0,,,,,,Challenger_2E
er-2_ach30b_early,0.0,,,,,,0.0,,,,,,0.0,,,,,,Yer-2_(ACh-30B)_(e)
re_2000_j20,0.0,,,,,,0.0,,,,,,0.0,,,,,,J20
uk_fv721_fox,0.0,,,,,,190.0,58.07,0.0,0.0,1.96,1.87,7.0,,,,,,Fox
sm_91,0.0,,,,,,28.0,,,0.0,,0.29,0.0,,,,,,SM.91
su-7bkl,0.0,,,,,,54.0,79.41,0.0,0.0,1.41,1.33,0.0,,,,,,Su-7BKL
uk_crusader_aa_mk_2,0.0,,,,,,5.0,,,,,,0.0,,,,,,Crusader_AA_Mk_II
douglas_ad_4,0.0,,,,,,26.0,54.76,0.09,0.09,2.44,3.45,0.0,,,,,,AD-4
he_112v_5,0.0,,,,,,0.0,,,,,,0.0,,,,,,He_112_V-5
germ_sppz2_luchs_a2,0.0,,,,,,87.0,19.54,0.47,0.38,0.36,0.35,0.0,,,,,,Luchs_A2
ussr_btr_152a,0.0,,,,,,100.0,24.17,0.75,0.75,0.09,0.09,0.0,,,,,,BTR-152A
cn_zsd63_pg87,0.0,,,,,,110.0,50.0,0.74,0.97,0.4,0.62,0.0,,,,,,ZSD63/PG87
buccaneer_s2b,0.0,,,,,,60.0,33.33,0.0,0.0,2.19,2.47,0.0,,,,,,Buccaneer_S.2B
us_skink_aa,0.0,,,,,,302.0,44.73,1.27,1.11,0.0,0.0,0.0,,,,,,Skink
sw_t_55m,0.0,,,,,,383.0,52.4,0.0,0.0,1.44,1.45,0.0,,,,,,T-55M
tornado_gr4,0.0,,,,,,0.0,,,,,,0.0,,,,,,Tornado_GR.4
a5m4,0.0,,,,,,0.0,,,,,,0.0,,,,,,A5M4
pe-2-205,0.0,,,,,,1.0,100.0,0.0,,2.0,,0.0,,,,,,Pe-2-205
germ_bmp_1_ddr,0.0,,,,,,93.0,37.32,0.0,0.0,0.64,0.76,0.0,,,,,,SPz_BMP-1
hurricane_mk1_late_finland,0.0,,,,,,0.0,,,,,,0.0,,,,,,Hurricane_Mk_I/L
jp_type_99,0.0,,,,,,144.0,68.33,0.55,0.35,3.08,1.83,0.0,,,,,,Type_99
us_m1a1_abrams,0.0,,,,,,870.0,53.98,0.0,0.0,1.77,1.75,0.0,,,,,,M1A1
germ_leopard_2a5,0.0,,,,,,958.0,39.07,0.0,0.0,1.73,1.54,0.0,,,,,,Leopard_2A5
germ_stuh_III_ausf_G,0.0,,,,,,21.0,,,0.0,,3.0,5.0,,,0.0,,1.0,StuH_42_G
b_52h,0.0,,,,,,105.0,75.37,0.0,0.0,1.38,1.62,0.0,,,,,,B-52H
i-15_1935_moscow,0.0,,,,,,0.0,,,,,,0.0,,,,,,I-15_M-25
fr_panhard_ebr_1951,0.0,,,,,,294.0,51.54,0.0,0.0,1.73,1.58,0.0,,,,,,E.B.R._(1951)
p-38e,0.0,,,,,,0.0,,,,,,0.0,,,,,,P-38E
uk_crusader_mk_2_the_saint,0.0,,,,,,22.0,100.0,0.0,0.0,2.06,1.95,0.0,,,,,,"Crusader_""The_Saint"""
jp_type_87_rcv,0.0,,,,,,256.0,74.39,0.0,0.0,2.48,1.68,0.0,,,,,,Type_87_RCV
uk_ystervark_spaa,0.0,,,,,,97.0,50.0,0.54,0.76,0.0,0.0,0.0,,,,,,Ystervark
f_14a_early,0.0,,,,,,144.0,75.97,1.24,1.07,0.03,0.05,0.0,,,,,,F-14A_Early
g5n1,0.0,,,,,,0.0,,,,,,0.0,,,,,,G5N1
he-111h-2,0.0,,,,,,0.0,,,,,,0.0,,,,,,He_111_H-3
fiat_cr42_j11,0.0,,,,,,0.0,,,,,,0.0,,,,,,J11
ju-87d-3,0.0,,,,,,12.0,100.0,0.0,0.0,1.42,1.42,0.0,,,,,,Ju_87_D-3
ju-88a-1,0.0,,,,,,0.0,,,,,,0.0,,,,,,Ju_88_A-1
ki_67_1_otsu,0.0,,,,,,0.0,,,,,,0.0,,,,,,Ki-67-I_otsu
lancaster_mr7_france,0.0,,,,,,0.0,,,,,,0.0,,,,,,Lancaster_MR.7
sw_strv_m39_td,0.0,,,,,,0.0,,,,,,0.0,,,,,,Strv_m/39_TD
pb4y-2_china,0.0,,,,,,0.0,,,,,,0.0,,,,,,PB4Y-2_(China)
us_m18_hellcat_black_cat_race,,,,,,,,,,,,,,,,,,,"""Racing""_M18"
it_semovente_m43_105,0.0,,,,,,16.0,,,,,,0.0,,,,,,105/25_M43
germ_panzerwerfer_42,0.0,,,,,,0.0,,,,,,0.0,,,,,,15_cm_Pz.W.42
ussr_2s25,0.0,,,,,,199.0,37.58,0.0,0.0,1.89,1.22,3.0,,,,,,2S25
ussr_zprk_2s6,0.0,,,,,,725.0,62.0,1.05,0.82,0.3,0.23,6.0,,,3.0,,0.0,2S6
germ_sturmmorser_sturmtiger,0.0,,,,,,59.0,50.0,0.0,0.0,1.45,2.38,0.0,,,,,,38_cm_Sturmmörser
it_semovente_l40,0.0,,,,,,0.0,,,,,,0.0,,,,,,47/32_L40
it_semovente_m41_75_18,0.0,,,,,,0.0,,,,,,0.0,,,,,,75/18_M41
it_semovente_m41_75_32,0.0,,,,,,0.0,,,,,,0.0,,,,,,75/32_M41
it_semovente_m42_75_34,0.0,,,,,,0.0,,,,,,0.0,,,,,,75/34_M42
it_semovente_m43_75_34,0.0,,,,,,11.0,,,,,,0.0,,,,,,75/34_M43
ussr_buk_m3_launcher,,,,,,,,,,,,,,,,,,,"9К317М_""БУК-М3""_(СОУ)"
ussr_buk_m3_fcs,0.0,,,,,,66.0,90.58,1.41,0.35,0.0,0.0,0.0,,,0.0,,0.0,"9К317М_""БУК-М3""_(СОЦ)"
douglas_a_1h,0.0,,,,,,410.0,89.97,0.38,0.45,5.09,6.09,0.0,,,,,,A-1H
a-26b,0.0,,,,,,0.0,,,,,,0.0,,,,,,A-26B-50
a-26c,0.0,,,,,,0.0,,,,,,0.0,,,,,,A-26C-45
a-26c-45-dt,0.0,,,,,,0.0,,,,,,0.0,,,,,,A-26C-45DT
a_5c,0.0,,,,,,102.0,76.67,0.57,0.98,0.78,1.26,0.0,,,,,,A-5C
a_7e_thailand,0.0,,,,,,123.0,72.02,0.8,0.83,2.02,2.03,26.0,,,0.0,,0.0,A-7E
a_7k,0.0,,,,,,9.0,0.0,0.0,0.0,0.0,0.0,0.0,,,,,,A-7K
uk_ac1_sentinel,0.0,,,,,,4.0,,,0.0,,5.75,0.0,,,,,,A.C.I
uk_a_13_mk1_3rd_rtr,0.0,,,,,,15.0,100.0,0.0,0.0,3.0,1.33,0.0,,,,,,A13_Mk_I_(3rd_R.T.R.)
uk_a_13_mk2_1939,0.0,,,,,,0.0,,,,,,0.0,,,,,,A13_Mk_II_1939
saab_a21rb,0.0,,,,,,56.0,69.23,0.0,0.0,0.54,0.29,0.0,,,,,,A21RB
vampire_fb5_j28b,0.0,,,,,,31.0,50.0,2.0,3.69,0.0,0.0,0.0,,,,,,A28B
saab_j29b,0.0,,,,,,36.0,50.0,0.0,0.0,0.5,0.24,0.0,,,,,,A29B
a2d,0.0,,,,,,646.0,74.61,0.1,0.08,2.14,1.92,3.0,,,0.0,,2.0,A2D-1
saab_a32a,0.0,,,,,,25.0,50.0,1.0,1.35,2.62,3.71,0.0,,,,,,A32A
saab_a32a_red_adam,0.0,,,,,,17.0,50.0,0.5,0.23,0.83,0.63,0.0,,,,,,A32A_Röd_Adam
a6m2_zero_usa,0.0,,,,,,0.0,,,,,,0.0,,,,,,A6M2
a6m2_n_zero,0.0,,,,,,0.0,,,,,,0.0,,,,,,A6M2-N
a6m3_mod22ko_zero,0.0,,,,,,17.0,100.0,2.75,,1.63,,0.0,,,,,,A6M3_mod._22Ko
a6m5ko,0.0,,,,,,144.0,56.96,1.78,2.76,3.41,5.24,0.0,,,,,,A6M5_Ko
a6m6c,0.0,,,,,,70.0,74.14,1.63,2.41,1.3,2.31,0.0,,,,,,A6M6c
germ_a7v,0.0,,,,,,0.0,,,,,,0.0,,,,,,A7V
it_ab_41,0.0,,,,,,9.0,,,0.0,,1.22,26.0,,,0.0,,0.0,AB_41
it_ab_43,0.0,,,,,,7.0,100.0,0.0,0.0,1.0,1.0,0.0,,,,,,AB_43
douglas_ad_4na_france,0.0,,,,,,69.0,62.5,0.0,0.0,0.96,0.69,0.0,,,,,,AD-4NA
uk_adats_m113a3,0.0,,,,,,66.0,,,0.83,,0.33,0.0,,,,,,ADATS_(M113)
uk_armored_car_mk_2_aa,0.0,,,,,,21.0,85.0,0.0,0.0,0.0,0.0,0.0,,,,,,AEC_AA
cn_hj_9,0.0,,,,,,355.0,49.87,0.0,0.0,2.49,1.76,0.0,,,,,,AFT09
us_ags_teledyne,0.0,,,,,,248.0,50.66,0.0,0.0,2.09,2.31,0.0,,,,,,AGS
aichi_e13a,,,,,,,,,,,,,,,,,,,Aichi_E13A1
saab_aj37,0.0,,,,,,104.0,42.46,0.32,0.58,0.39,0.62,0.0,,,,,,AJ37
saab_ajs37,0.0,,,,,,32.0,100.0,2.0,1.71,1.94,1.65,0.0,,,,,,AJS37
saab_ajs37_early,,,,,,,,,,,,,,,,,,,AJS37_(Early)
uk_alecto_mk_1,0.0,,,,,,17.0,,,,,,0.0,,,,,,Alecto_I
alpha_jet_a,0.0,,,,,,173.0,59.46,0.05,0.08,2.59,2.59,5.0,,,,,,Alpha_Jet_A
alpha_jet_a_jabog41,0.0,,,,,,25.0,93.75,0.0,0.0,1.19,1.19,12.0,0.0,0.0,0.0,1.0,0.83,Alpha_Jet_A_(JaboG_41)
fr_amc_34,0.0,,,,,,0.0,,,,,,0.0,,,,,,AMC.34_YR
fr_amc_35,0.0,,,,,,0.0,,,,,,0.0,,,,,,AMC.35_(ACG.1)
fr_amd_35_kwk39,0.0,,,,,,69.0,100.0,0.0,0.0,3.09,2.19,0.0,,,,,,AMD.35_(PaK)
fr_aml_90,0.0,,,,,,97.0,56.39,0.0,0.0,3.18,2.52,0.0,,,,,,AML-90
fr_amr_35_zt3,0.0,,,,,,0.0,,,,,,0.0,,,,,,AMR.35_ZT3
amx,0.0,,,,,,4.0,100.0,1.0,,3.0,,0.0,,,,,,AMX
amx_a_1a_brazil,0.0,,,,,,8.0,50.0,0.0,0.0,0.5,1.0,58.0,29.17,0.56,0.26,2.13,1.98,AMX_A-1A
fr_amx_10m_acra,0.0,,,,,,155.0,83.5,0.0,0.0,2.42,1.16,0.0,,,,,,AMX-10M
fr_amx_13_75,0.0,,,,,,303.0,68.41,0.0,0.0,2.02,1.79,26.0,,,0.0,,0.0,AMX-13
fr_amx_13_hot,0.0,,,,,,12.0,,,,,,0.0,,,,,,AMX-13_(HOT)
fr_amx_13_75_ss11,0.0,,,,,,15.0,,,0.0,,4.0,0.0,,,,,,AMX-13_(SS.11)
fr_amx_13_chaffee,0.0,,,,,,2.0,100.0,0.0,0.0,2.0,2.0,0.0,,,,,,AMX-13-M24
fr_amx_32,0.0,,,,,,237.0,50.71,0.0,0.0,2.82,2.18,0.0,,,,,,AMX-32
fr_amx_50_1950,0.0,,,,,,105.0,80.56,0.0,0.0,5.31,2.39,62.0,38.89,0.0,0.0,1.6,1.88,AMX-50_(TO90/930)
fr_amx_50_surblinde,0.0,,,,,,32.0,100.0,0.0,0.0,4.36,3.92,0.0,,,,,,AMX-50_Surblindé
cn_antelope_tc_1l_ads,0.0,,,,,,84.0,52.63,0.72,1.21,0.0,0.0,0.0,,,,,,Antelope
arado-196a-3,0.0,,,,,,0.0,,,,,,0.0,,,,,,Ar_196_A-3
arado-196a-5,0.0,,,,,,0.0,,,,,,0.0,,,,,,Ar_196_A-5
arado-234,0.0,,,,,,99.0,75.13,0.0,0.0,2.41,4.06,0.0,,,,,,Ar_234_B-2
arado-234c-3,0.0,,,,,,70.0,37.33,0.0,0.0,1.81,1.5,0.0,,,,,,Ar_234_C-3
uk_sp_17_pdr_valentine,0.0,,,,,,0.0,,,,,,0.0,,,,,,Archer
it_c1_ariete,0.0,,,,,,68.0,50.0,0.0,0.0,2.54,2.31,0.0,,,,,,Ariete
ariete,0.0,,,,,,119.0,57.67,3.71,3.51,3.35,3.01,48.0,53.45,0.81,1.12,0.53,0.69,Ariete
it_c1_ariete_pso,0.0,,,,,,85.0,75.0,0.0,0.0,2.32,2.11,0.0,,,,,,Ariete_PSO
it_c1_ariete_certezza,0.0,,,,,,181.0,58.81,0.0,0.0,3.22,2.27,0.0,,,,,,Ariete_Сertezza
it_as_42_metropolitana,0.0,,,,,,4.0,,,0.0,,1.0,24.0,,,0.0,,0.0,AS_42
sw_asrad_r,0.0,,,,,,98.0,12.78,2.45,2.55,0.0,0.0,0.0,,,,,,ASRAD-R
attaker_fb1,0.0,,,,,,8.0,,,2.0,,0.0,0.0,,,,,,Attacker_FB_1
attaker_fb2,0.0,,,,,,16.0,66.67,0.67,0.69,0.67,0.69,0.0,,,,,,Attacker_FB.2
f4u-6_au-1,0.0,,,,,,618.0,78.37,0.57,0.55,2.84,2.8,0.0,,,,,,AU-1
it_fiat_6616_cockerill,0.0,,,,,,157.0,38.0,0.0,0.0,4.58,1.5,0.0,,,,,,AUBL/74
it_aubl_74_60_70m,0.0,,,,,,51.0,,,0.0,,1.88,1.0,,,,,,AUBL/74_HVG
fr_amx_30_auf_1,0.0,,,,,,83.0,55.0,0.0,0.0,0.77,0.66,0.0,,,,,,AuF1
av_8b_plus_italy,0.0,,,,,,11.0,,,1.0,,0.0,10.0,,,1.0,,0.0,AV-8B_Plus
av_8s_late_thailand,0.0,,,,,,0.0,,,,,,0.0,,,,,,AV-8S_Late
uk_a30_sp_avenger_kit_3rank,0.0,,,,,,96.0,84.83,0.0,0.0,3.71,3.7,0.0,,,,,,Avenger_(Overlord)
avenger_mk1,0.0,,,,,,0.0,,,,,,0.0,,,,,,Avenger_Mk_II
a_4n,0.0,,,,,,237.0,68.44,2.58,6.35,4.79,11.9,0.0,,,,,,Ayit
b_10b,0.0,,,,,,0.0,,,,,,0.0,,,,,,B-10B
b-17e_japan,0.0,,,,,,0.0,,,,,,0.0,,,,,,B-17E
b-17e,0.0,,,,,,0.0,,,,,,0.0,,,,,,B-17E
b-17e_late,0.0,,,,,,0.0,,,,,,0.0,,,,,,B-17E/L
b-17g,0.0,,,,,,9.0,,,0.0,,0.0,0.0,,,,,,B-17G-60-VE
b_24d,0.0,,,,,,0.0,,,,,,0.0,,,,,,B-24D-25-CO
b_25j_30_vvs_ussr,0.0,,,,,,0.0,,,,,,0.0,,,,,,B-25J-30
b_26c_france,0.0,,,,,,0.0,,,,,,0.0,,,,,,B-26C
b-57,0.0,,,,,,8.0,,,0.0,,0.0,0.0,,,,,,B-57A
b-57b,0.0,,,,,,8.0,0.0,0.0,0.75,0.0,0.0,0.0,,,,,,B-57B
b_66b,0.0,,,,,,0.0,,,,,,10.0,,,,,,B-66B
br_20_dr,0.0,,,,,,0.0,,,,,,0.0,,,,,,B.R.20DR
br_20m_m1,0.0,,,,,,0.0,,,,,,0.0,,,,,,B.R.20M_M1
fr_b1_bis,0.0,,,,,,0.0,,,,,,0.0,,,,,,B1_bis
fr_b1_ter,0.0,,,,,,0.0,,,,,,0.0,,,,,,B1_ter
saab_b17a,0.0,,,,,,26.0,78.57,0.0,0.0,0.21,0.11,0.0,,,,,,B17A
saab_b17b,0.0,,,,,,0.0,,,,,,0.0,,,,,,B17B
saab_b18a,0.0,,,,,,0.0,,,,,,0.0,,,,,,B18A
b5n2,0.0,,,,,,0.0,,,,,,26.0,100.0,0.0,0.0,2.4,2.05,B5N2
b6n2,0.0,,,,,,0.0,,,,,,0.0,,,,,,B6N2_Model_12
b6n2a,0.0,,,,,,0.0,,,,,,0.0,,,,,,B6N2a_Model_12Ko
ussr_ba_11,0.0,,,,,,6.0,50.0,0.0,0.0,2.67,5.33,0.0,,,,,,BA-11
ba_65_k14_l,0.0,,,,,,0.0,,,,,,0.0,,,,,,Ba.65_(K.14)_L
ba_65_a80,0.0,,,,,,9.0,,,,,,0.0,,,,,,Ba.65_A.80
uk_badger,0.0,,,,,,57.0,34.21,0.0,0.0,1.61,0.77,3.0,,,0.0,,0.0,Badger
f_16d_block_40_barak_2,0.0,,,,,,83.0,91.28,0.44,0.49,1.26,1.37,0.0,,,,,,Barak_II
f_15a_iaf,0.0,,,,,,16.0,50.0,0.53,1.06,0.0,0.0,0.0,,,,,,Baz
f_15c_baz_msip,0.0,,,,,,0.0,,,,,,0.0,,,,,,Baz_Meshupar
be_6,0.0,,,,,,0.0,,,,,,0.0,,,,,,Be-6
beaufighter_mk1_40mm,0.0,,,,,,0.0,,,,,,0.0,,,,,,Beaufighter_Mk_I_(40-mm)
beaufort_mkviii,0.0,,,,,,0.0,,,,,,0.0,,,,,,Beaufort_Mk_VIII
germ_beutepanzer_mk_iv,0.0,,,,,,0.0,,,,,,0.0,,,,,,Beutepanzer_IV
bf-109b_2,0.0,,,,,,0.0,,,,,,0.0,,,,,,Bf_109_B-1
bf-109c_1,0.0,,,,,,0.0,,,,,,0.0,,,,,,Bf_109_C-1
bf-109e-7,0.0,,,,,,0.0,,,,,,0.0,,,,,,Bf_109_E-7/U2
bf-109g-14as,0.0,,,,,,0.0,,,,,,0.0,,,,,,Bf_109_G-14/AS
bf-109g-2_romania,0.0,,,,,,0.0,,,,,,0.0,,,,,,Bf_109_G-2
bf-109g-6_finland,0.0,,,,,,2.0,100.0,3.0,3.0,2.0,2.0,0.0,,,,,,Bf_109_G-6
bf-110c-6,0.0,,,,,,0.0,,,,,,0.0,,,,,,Bf_110_C-6
bf2c_1,0.0,,,,,,0.0,,,,,,0.0,,,,,,BF2C-1
bi,0.0,,,,,,53.0,67.31,1.23,2.0,0.0,0.0,0.0,,,,,,BI
blenheim_mkiv,0.0,,,,,,0.0,,,,,,0.0,,,,,,Blenheim_Mk_IV
ussr_bm_13n,0.0,,,,,,0.0,,,,,,0.0,,,,,,BM-13N
ussr_bm_31_12,0.0,,,,,,10.0,78.57,0.0,0.0,0.21,0.21,0.0,,,,,,BM-31-12
ussr_bm_8_24,0.0,,,,,,0.0,,,,,,0.0,,,,,,BM-8-24
ussr_bmd_4,0.0,,,,,,94.0,82.35,0.0,0.0,4.79,1.44,8.0,,,0.0,,1.38,BMD-4
ussr_bmp_1,0.0,,,,,,262.0,49.05,0.0,0.0,1.03,0.55,0.0,,,,,,BMP-1
ussr_bmp_2,0.0,,,,,,790.0,51.07,0.0,0.0,1.24,1.01,19.0,,,0.0,,1.0,BMP-2
sw_bmp_2md,0.0,,,,,,87.0,100.0,0.0,0.0,3.71,0.82,0.0,,,,,,BMP-2MD
boomerang_mki,0.0,,,,,,0.0,,,,,,0.0,,,,,,Boomerang_Mk_I
boomerang_mkii,0.0,,,,,,0.0,,,,,,0.0,,,,,,Boomerang_Mk_II
boston_mk_1,0.0,,,,,,0.0,,,,,,0.0,,,,,,Boston_Mk_I
uk_bosvark,0.0,,,,,,47.0,0.0,0.0,0.0,0.0,0.0,0.0,,,,,,Bosvark
germ_boxer_3105,0.0,,,,,,203.0,51.85,0.0,0.0,1.27,1.31,0.0,,,,,,Boxer_MGS
br_693_ab2,0.0,,,,,,17.0,,,0.0,,0.73,0.0,,,,,,Br.693AB2
breda_88,0.0,,,,,,0.0,,,,,,0.0,,,,,,Breda_88_(P.XI)
it_breda_52_autocannone,0.0,,,,,,0.0,,,,,,0.0,,,,,,Breda_90/53
ussr_bt_7_1937_td,0.0,,,,,,0.0,,,,,,0.0,,,,,,BT-7_TD
ussr_bt_7a_f32,0.0,,,,,,53.0,72.73,0.0,0.0,3.09,2.14,0.0,,,,,,BT-7A_(F-32)
buccaneer_s1,0.0,,,,,,65.0,94.57,0.0,0.0,2.67,2.85,0.0,,,,,,Buccaneer_S.1
bv-138c-1,0.0,,,,,,0.0,,,,,,0.0,,,,,,BV_138_C-1
bv-238,0.0,,,,,,0.0,,,,,,0.0,,,,,,BV_238
mc200_serie3,0.0,,,,,,0.0,,,,,,0.0,,,,,,C._200_serie_3
mc200_serie7_italy,0.0,,,,,,0.0,,,,,,0.0,,,,,,C._200_serie_7
mc200_serie7,0.0,,,,,,0.0,,,,,,0.0,,,,,,C._200_serie_7
mc-202_italy,0.0,,,,,,21.0,22.22,0.31,0.39,0.0,0.0,0.0,,,,,,C._202
mc-202,0.0,,,,,,0.0,,,,,,0.0,,,,,,C._202
mc-205_serie1,0.0,,,,,,0.0,,,,,,0.0,,,,,,C._205_serie_1
mc-205_n2,0.0,,,,,,0.0,,,,,,0.0,,,,,,C._205N2
caudron_cr714,0.0,,,,,,0.0,,,,,,0.0,,,,,,C.R.714
it_c13_t90,0.0,,,,,,90.0,92.86,0.0,0.0,3.21,1.42,0.0,,,,,,C13_T90
it_c13_tua,0.0,,,,,,11.0,50.0,0.0,0.0,0.5,1.0,0.0,,,,,,C13/TUA
germ_leopard_c2_mexas,0.0,,,,,,30.0,100.0,0.0,0.0,3.8,3.13,0.0,,,,,,C2A1
fr_lorraine_100,0.0,,,,,,67.0,82.0,0.0,0.0,1.66,0.92,0.0,,,,,,CA_Lorraine
canberra_bimk6,0.0,,,,,,14.0,,,,,,0.0,,,,,,Canberra_B_(I)_Mk_6
canberra_bmk2,0.0,,,,,,4.0,,,0.0,,1.0,0.0,,,,,,Canberra_B_Mk_2
pby-5a_raf,0.0,,,,,,0.0,,,,,,0.0,,,,,,Catalina_Mk_IIIa
fr_cckw_353_bofors,0.0,,,,,,26.0,,,0.0,,0.0,0.0,,,,,,CCKW_353_AA
it_sahariano,0.0,,,,,,0.0,,,,,,0.0,,,,,,Celere_Sahariano
it_b1_centauro_romor,0.0,,,,,,58.0,59.53,0.0,0.0,1.88,2.02,0.0,,,,,,Centauro_I_105_R
it_centauro_mgs_120,0.0,,,,,,57.0,64.58,0.0,0.0,1.57,1.99,0.0,,,,,,Centauro_I_120
it_centauro_rgo_120,0.0,,,,,,328.0,59.95,0.0,0.0,2.65,1.65,0.0,,,,,,Centauro_RGO
uk_centurion_action_x,0.0,,,,,,75.0,92.06,0.0,0.0,3.5,1.58,0.0,,,,,,Centurion_Action_X
uk_centurion_mk_3,0.0,,,,,,102.0,58.11,0.0,0.0,1.48,1.64,0.0,,,,,,Centurion_Mk_3
uk_centurion_mk_2,0.0,,,,,,165.0,88.21,0.0,0.0,4.66,2.52,0.0,,,,,,Centurion_Mk.2
uk_centurion_mk_5_avre_era,0.0,,,,,,20.0,100.0,0.0,0.0,1.0,1.25,0.0,,,,,,Centurion_Mk.5_AVRE
uk_centurion_mk_5_raac,0.0,,,,,,88.0,92.06,0.0,0.0,5.22,2.91,0.0,,,,,,Centurion_Mk.5/1
uk_challenger_2_dorchester,0.0,,,,,,159.0,34.85,0.0,0.0,2.75,1.24,0.0,,,,,,Challenger_2_(2F)
uk_challenger_2_tes,0.0,,,,,,116.0,71.67,0.0,0.0,2.62,3.22,0.0,,,,,,Challenger_2_TES
uk_challenger_2_lep,0.0,,,,,,144.0,66.37,0.0,0.0,3.15,2.01,0.0,,,,,,Challenger_3_TD
jp_type_97_kai,0.0,,,,,,0.0,,,,,,0.0,,,,,,Chi-Ha_Kai
jp_type_97_kai_td,0.0,,,,,,0.0,,,,,,0.0,,,,,,Chi-Ha_Kai_TD
jp_type_97_chi_ha_12cm,0.0,,,,,,0.0,,,,,,0.0,,,,,,Chi-Ha_Short_Gun
jp_type_1_chi_he,0.0,,,,,,22.0,,,0.0,,3.81,0.0,,,,,,Chi-He
jp_type_1_chi_he_5th_regiment,0.0,,,,,,54.0,100.0,0.0,0.0,3.65,1.74,0.0,,,,,,Chi-He_(5th_Regiment)
uk_churchill_avre,0.0,,,,,,0.0,,,,,,0.0,,,,,,Churchill_AVRE_Petard
uk_a_22_mk_1_churchill_1941,0.0,,,,,,20.0,,,0.0,,2.17,0.0,,,,,,Churchill_I
f-86_cl_13_mk4_italy,0.0,,,,,,3.0,100.0,3.67,,1.0,,0.0,,,,,,CL-13_Mk.4
germ_th_800_bismark,0.0,,,,,,120.0,82.97,0.0,0.0,5.21,2.71,0.0,,,,,,Class_3_(P)
us_sl_amraam_launcher,,,,,,,,,,,,,,,,,,,CLAWS_(СОУ)
us_sl_amraam_fcs,0.0,,,,,,119.0,64.35,1.56,1.68,0.0,0.0,0.0,,,,,,CLAWS_(СОЦ)
cn_cm_25,0.0,,,,,,0.0,,,,,,0.0,,,,,,CM25
cn_cm_34,0.0,,,,,,106.0,55.25,0.0,0.0,1.61,1.2,9.0,100.0,0.0,0.0,5.0,2.5,CM34
uk_fv4004_conway,0.0,,,,,,37.0,87.5,0.0,0.0,2.06,1.1,0.0,,,,,,Conway
cr_32,0.0,,,,,,16.0,,,,,,0.0,,,,,,CR.32
cr_32_bis,0.0,,,,,,0.0,,,,,,0.0,,,,,,CR.32_bis
cr_32_quater,0.0,,,,,,11.0,,,,,,0.0,,,,,,CR.32_quater
fiat_cr42,0.0,,,,,,0.0,,,,,,0.0,,,,,,CR.42
fiat_cr42_italy,0.0,,,,,,0.0,,,,,,0.0,,,,,,CR.42
uk_crusader_aa_mk_2_kit_3rank,0.0,,,,,,23.0,50.0,1.0,2.0,0.0,0.0,0.0,,,,,,Crusader_AA_(Overlord)
uk_crusader_aa_mk_1,0.0,,,,,,41.0,100.0,0.0,0.0,2.13,1.4,0.0,,,,,,Crusader_AA_Mk_I
uk_crusader_mk_3,0.0,,,,,,112.0,56.16,0.0,0.0,1.76,2.33,0.0,,,,,,Crusader_III
fr_crusader_mk_2,0.0,,,,,,36.0,100.0,0.0,0.0,2.0,1.0,0.0,,,,,,Crusader_Mk.II
it_39m_csaba,0.0,,,,,,0.0,,,,,,0.0,,,,,,Csaba
sw_patria_amv_ctcv_105,0.0,,,,,,177.0,61.54,0.0,0.0,1.23,1.02,0.0,,,,,,CT-CV_105HP
jp_icv_prototype,0.0,,,,,,131.0,54.09,0.2,0.15,1.87,1.51,0.0,,,,,,CTWV_RCV
sw_cv_90_mk4,0.0,,,,,,91.0,40.7,0.0,0.0,1.04,1.22,0.0,,,,,,CV_90_Mk.IV
sw_cv_90105,0.0,,,,,,359.0,49.83,0.0,0.0,1.98,1.44,0.0,,,,,,CV_90105_TML
fr_cv_9035_nl,0.0,,,,,,121.0,64.17,0.0,0.0,2.45,1.6,0.0,,,,,,CV_9035NL
sw_cv_9030_fin,0.0,,,,,,269.0,57.01,0.0,0.0,1.2,1.15,0.0,,,,,,CV9030FIN
sw_cv_9035_dk,0.0,,,,,,144.0,57.45,0.0,0.0,2.12,1.64,0.0,,,,,,CV9035DK
d_371,0.0,,,,,,0.0,,,,,,0.0,,,,,,D.371
d_371_hs9,0.0,,,,,,0.0,,,,,,0.0,,,,,,D.371_H.S.9
d_373,0.0,,,,,,0.0,,,,,,0.0,,,,,,D.373
d_500,0.0,,,,,,0.0,,,,,,0.0,,,,,,D.500
d_501,0.0,,,,,,0.0,,,,,,0.0,,,,,,D.501
d_510c,0.0,,,,,,0.0,,,,,,0.0,,,,,,D.510C
d_520,0.0,,,,,,0.0,,,,,,0.0,,,,,,D.520
d_521,0.0,,,,,,0.0,,,,,,0.0,,,,,,D.521
fr_renault_d2,0.0,,,,,,0.0,,,,,,0.0,,,,,,D2
d3a1,0.0,,,,,,0.0,,,,,,0.0,,,,,,D3A1
uk_daimler_mk_2,0.0,,,,,,17.0,100.0,0.0,0.0,1.0,1.5,0.0,,,,,,Daimler_Mk_II
it_dardo_vcc,0.0,,,,,,48.0,8.7,0.0,0.0,2.48,2.34,65.0,18.42,0.0,0.0,1.78,1.76,Dardo
db_3b,0.0,,,,,,0.0,,,,,,0.0,,,,,,DB-3B
db_7,0.0,,,,,,4.0,,,,,,0.0,,,,,,DB-7
uk_desert_warrior,0.0,,,,,,71.0,37.5,0.0,0.0,0.38,0.31,0.0,,,,,,Desert_Warrior
do_17e_1,0.0,,,,,,0.0,,,,,,0.0,,,,,,Do_17_E-1
do_17z_2,0.0,,,,,,0.0,,,,,,0.0,,,,,,Do_17_Z-2
do_17z_7,0.0,,,,,,0.0,,,,,,0.0,,,,,,Do_17_Z-7
do_217j_1,0.0,,,,,,0.0,,,,,,0.0,,,,,,Do_217_J-1
do_217j_2,0.0,,,,,,0.0,,,,,,0.0,,,,,,Do_217_J-2
do_335b_2,0.0,,,,,,286.0,65.99,0.46,0.36,2.64,1.88,0.0,,,,,,Do_335_B-2
germ_pzkpfw_e_100,0.0,,,,,,2.0,,,0.0,,1.0,0.0,,,,,,E-100
fr_panhard_ebr_1963,0.0,,,,,,54.0,73.81,0.0,0.0,3.14,1.89,0.0,,,,,,E.B.R._(1963)
e7k2,,,,,,,,,,,,,,,,,,,E7K2
e8n2,,,,,,,,,,,,,,,,,,,E8N2
us_efv_p1,0.0,,,,,,203.0,75.0,0.0,0.0,2.66,0.99,0.0,,,,,,EFV
il_eitan,0.0,,,,,,36.0,7.69,0.0,0.0,3.07,1.82,0.0,,,,,,Eitan_(P)
uk_eland_90_mk_7,0.0,,,,,,85.0,85.26,0.0,0.0,1.28,1.02,3.0,,,,,,Eland_90_Mk.7
sw_eldenhet_98,0.0,,,,,,0.0,,,,,,0.0,,,,,,EldE_98
f_101c,,,,,,,,,,,,,,,,,,,F-101C
f-104g_belgium,0.0,,,,,,0.0,,,,,,0.0,,,,,,F-104G
f-104g_italy,0.0,,,,,,0.0,,,,,,0.0,,,,,,F-104G
f-104s,0.0,,,,,,10.0,50.0,1.0,2.0,0.5,1.0,5.0,,,,,,F-104S
f-104s_cb,0.0,,,,,,29.0,0.0,0.0,0.2,0.0,0.0,0.0,,,,,,F-104S_TAF
f-104s_asa,0.0,,,,,,7.0,,,,,,0.0,,,,,,F-104S.ASA
f_106a_1972,0.0,,,,,,22.0,16.67,2.15,1.78,0.65,0.53,0.0,,,,,,F-106A
f_117,0.0,,,,,,41.0,47.62,0.0,0.0,2.21,4.64,0.0,,,,,,F-117
f_14d,,,,,,,,,,,,,,,,,,,F-14D
f_15i_raam,0.0,,,,,,152.0,67.56,0.68,0.77,1.88,1.82,0.0,,,,,,F-15I_Ra’am
f_15j,0.0,,,,,,73.0,70.0,2.86,3.27,0.0,0.0,0.0,,,,,,F-15J
f_15j_kai,0.0,,,,,,40.0,53.03,1.74,2.27,0.05,0.05,0.0,,,,,,F-15J(M)
f_16a_block_15_belgium,0.0,,,,,,13.0,3.03,1.91,1.91,0.09,0.09,28.0,,,1.0,,0.0,F-16A
f_16a_block_15_ocu_thailand,0.0,,,,,,32.0,50.0,0.5,1.0,1.5,3.0,0.0,,,,,,F-16A_OCU
f_16a_block_15_ocu_belgium,0.0,,,,,,103.0,43.98,0.73,0.9,0.0,0.0,32.0,,,1.74,,0.0,F-16A_OCU
f_16aj,0.0,,,,,,30.0,50.0,0.5,0.7,0.0,0.0,0.0,,,,,,F-16AJ
f_16am_block_15_mlu_belgium,0.0,,,,,,28.0,28.13,0.38,0.38,0.0,0.0,28.0,,,,,,F-16AM
f_16c_block_40_barak_2,0.0,,,,,,0.0,,,,,,0.0,,,,,,F-16C_Barak_II
f_16i_sufa,0.0,,,,,,67.0,50.0,0.66,0.65,0.48,0.4,0.0,,,,,,F-16I_Sufa
fa_18c_finland,0.0,,,,,,11.0,100.0,1.0,1.0,0.0,0.0,0.0,,,,,,F-18C
ef_2000a,0.0,,,,,,55.0,50.0,1.19,1.33,0.5,0.58,0.0,,,,,,F-2000A
ef_2000a_aesa,0.0,,,,,,116.0,59.72,1.39,2.32,1.76,3.23,0.0,,,,,,F-2000A_(AESA)
f_2a,0.0,,,,,,75.0,100.0,1.6,1.19,0.4,0.21,17.0,,,2.12,,0.0,F-2A
f_2a_adtw,0.0,,,,,,572.0,60.29,1.21,1.38,0.19,0.22,184.0,,,0.97,,1.12,F-2A_ADTW
f-4ej_adtw,0.0,,,,,,176.0,43.79,1.17,1.21,0.62,0.65,26.0,,,0.0,,0.0,F-4EJ_ADTW
f-4ej_kai,0.0,,,,,,34.0,50.0,1.0,2.0,0.0,0.0,0.0,,,,,,F-4EJ_Kai_Phantom_II
f-4ej,0.0,,,,,,61.0,56.97,0.68,0.66,0.57,0.65,0.0,,,,,,F-4EJ_Phantom_II
f-5t_thailand,0.0,,,,,,31.0,50.0,1.5,0.36,1.0,1.06,0.0,,,,,,F-5T_SCU
f-5th_thailand,0.0,,,,,,90.0,65.46,0.9,0.95,0.04,0.05,0.0,,,,,,F-5TH_TCU
f-80,0.0,,,,,,41.0,65.0,0.48,0.48,0.65,0.65,0.0,,,,,,F-80C-10
f-84f_italy,0.0,,,,,,0.0,,,,,,0.0,,,,,,F-84F
f-84f_iaf,0.0,,,,,,0.0,,,,,,0.0,,,,,,F-84F_IAF
f-84g,0.0,,,,,,0.0,,,,,,0.0,,,,,,F-84G-21-RE
f-84g_thailand,0.0,,,,,,97.0,58.11,0.84,1.27,1.39,2.21,0.0,,,,,,F-84G-21-RE
f-84g_italy,0.0,,,,,,30.0,100.0,0.0,0.0,1.0,0.5,0.0,,,,,,F-84G-21-RE
f-84g_france,0.0,,,,,,13.0,88.89,0.0,0.0,0.89,0.89,0.0,,,,,,F-84G-26-RE
f-86f-30_japan,0.0,,,,,,87.0,65.69,1.59,1.87,1.24,1.5,0.0,,,,,,F-86F-30_
f-86f-35,0.0,,,,,,7.0,100.0,1.43,1.43,1.43,1.43,0.0,,,,,,F-86F-35
f-86f-40_japan,0.0,,,,,,20.0,86.67,0.93,1.18,0.87,1.0,0.0,,,,,,F-86F-40_
f-86k_late_italy,0.0,,,,,,0.0,,,,,,0.0,,,,,,F-86K
f-8e_fn,0.0,,,,,,6.0,,,,,,5.0,,,,,,F-8E(FN)
f_222_2,0.0,,,,,,0.0,,,,,,0.0,,,,,,F.222.2
fc_20_bis,0.0,,,,,,6.0,,,,,,0.0,,,,,,F.C.20_Bis
fa_18c_mlu_2_finland,0.0,,,,,,18.0,50.0,0.92,1.0,0.92,1.54,0.0,,,,,,F/A-18C_MLU_2
fa_18d_late_malaysia,0.0,,,,,,12.0,,,2.0,,0.0,0.0,,,,,,F/A-18D_Late
fa_18f_block_2_raaf,0.0,,,,,,0.0,,,,,,0.0,,,,,,F/A-18F
f11f_1_late,0.0,,,,,,14.0,,,0.71,,0.0,0.0,,,,,,F11F-1
f1m2,0.0,,,,,,20.0,,,,,,0.0,,,,,,F1M2
f2g-1,0.0,,,,,,313.0,65.74,1.49,1.04,3.0,2.12,0.0,,,,,,F2G-1
f4d_1,0.0,,,,,,14.0,,,,,,0.0,,,,,,F4D-1
f4f-4,0.0,,,,,,0.0,,,,,,0.0,,,,,,F4F-4
f4u-1a_japan,0.0,,,,,,27.0,100.0,2.21,2.21,0.0,0.0,0.0,,,,,,F4U-1A
f4u-4b_vmf_214,0.0,,,,,,0.0,,,,,,0.0,,,,,,F4U-4B_VMF-214
f7f3,0.0,,,,,,12.0,100.0,3.1,3.23,3.96,6.57,0.0,,,,,,F7F-3
uk_falcon,0.0,,,,,,183.0,43.5,0.52,0.3,2.28,1.31,0.0,,,,,,Falcon
fr_fcm_36,0.0,,,,,,0.0,,,,,,0.0,,,,,,FCM.36
ffa_p16,0.0,,,,,,0.0,,,,,,0.0,,,,,,FFA_P-16
b_48_firecrest,0.0,,,,,,0.0,,,,,,0.0,,,,,,Firecrest
uk_sherman_vc_firefly_kit_3rank,0.0,,,,,,108.0,57.06,0.0,0.0,3.27,3.27,0.0,,,,,,Firefly_(Overlord)
it_fiat_6614_firos,0.0,,,,,,50.0,52.38,0.0,0.0,1.14,1.15,0.0,,,,,,FIROS_6
fj_4b_agm_12b,0.0,,,,,,0.0,,,,,,0.0,,,,,,FJ-4B_VMF-232
germ_flakpanzer_38t_Gepard,0.0,,,,,,12.0,,,0.0,,0.0,0.0,,,,,,Flakpanzer_38
germ_flarakrad,0.0,,,,,,24.0,0.0,1.2,1.11,0.0,0.0,0.0,,,,,,FlaRakRad
it_freccia_hitfist_ows,0.0,,,,,,326.0,48.8,0.01,0.01,1.58,1.38,0.0,,,,,,Freccia_OWS_30
fr_samp_t_launcher,,,,,,,,,,,,,,,,,,,FSAF_SAMP/T_(Mamba)_(СОУ)
fr_samp_t_fcs,0.0,,,,,,30.0,69.23,0.91,0.64,0.0,0.0,0.0,,,,,,FSAF_SAMP/T_(Mamba)_(СОЦ)
it_samp_t_fcs,0.0,,,,,,57.0,50.0,1.0,0.78,0.0,0.0,0.0,,,,,,FSAF_SAMP/T_(СОЦ)
fury_mk1,0.0,,,,,,0.0,,,,,,0.0,,,,,,Fury_Mk_I
fury_mk2,0.0,,,,,,0.0,,,,,,0.0,,,,,,Fury_Mk_II
fw-189a-1,0.0,,,,,,0.0,,,,,,0.0,,,,,,Fw_189_A-1
fw-190a-5_japan,0.0,,,,,,28.0,100.0,3.0,3.0,3.0,3.0,0.0,,,,,,Fw_190_A-5
fw-190a-5,0.0,,,,,,16.0,,,,,,0.0,,,,,,Fw_190_A-5/U12
fw-190c,0.0,,,,,,0.0,,,,,,0.0,,,,,,Fw_190_C
fw-190d-12,0.0,,,,,,5.0,100.0,2.0,,0.0,,28.0,0.0,4.07,4.15,0.0,0.0,Fw_190_D-12
fw-190d-13,0.0,,,,,,95.0,52.22,1.57,1.21,1.22,1.13,0.0,,,,,,Fw_190_D-13
fw-190d-9_ussr,0.0,,,,,,0.0,,,,,,13.0,,,3.0,,0.0,Fw_190_D-9
fw_200c_1,0.0,,,,,,9.0,,,,,,0.0,,,,,,Fw_200_C-1
fw_189c_0,,,,,,,,,,,,,,,,,,,Fw_189_C
fiat_g50_seria7as_italy,0.0,,,,,,0.0,,,,,,0.0,,,,,,G.50_AS_serie_7
fiat_g50_seria7as,0.0,,,,,,0.0,,,,,,0.0,,,,,,G.50_AS_serie_7
fiat_g50_seria2,0.0,,,,,,0.0,,,,,,0.0,,,,,,G.50_serie_2
fiat_g50_seria2_italy,0.0,,,,,,0.0,,,,,,0.0,,,,,,G.50_serie_2
g_55_serie1_ss0,0.0,,,,,,5.0,,,,,,0.0,,,,,,G.55_sottoserie_0
g_55s,0.0,,,,,,44.0,,,1.48,,1.34,19.0,,,1.79,,0.79,G.55S
g_56,0.0,,,,,,94.0,55.36,1.62,1.79,0.75,0.83,0.0,,,,,,G.56
fiat_g91_ps,0.0,,,,,,30.0,8.33,1.0,1.0,0.08,0.08,0.0,,,,,,G.91_pre-serie
fiat_g91_r1,0.0,,,,,,10.0,50.0,0.0,0.0,0.5,0.5,0.0,,,,,,G.91_R/1
fiat_g91_r4,0.0,,,,,,2.0,50.0,1.0,1.0,0.5,0.5,0.0,,,,,,G.91_R/4
fiat_g91_y,0.0,,,,,,28.0,63.89,3.39,6.72,0.0,0.0,0.0,,,,,,G.91_Y
fiat_g91_ys,0.0,,,,,,32.0,100.0,0.0,0.0,2.35,2.7,0.0,,,,,,G.91_YS
g4m1,0.0,,,,,,0.0,,,,,,0.0,,,,,,G4M1
uk_g6_spg,0.0,,,,,,50.0,28.57,0.4,0.57,1.21,1.64,0.0,,,,,,G6
g8n1,0.0,,,,,,22.0,66.67,1.0,3.0,0.0,0.0,0.0,,,,,,G8N1
f3f-2_galer,0.0,,,,,,22.0,100.0,1.75,1.64,0.13,0.0,0.0,,,,,,Galer's_F3F-2
germ_garford_putilov,0.0,,,,,,0.0,,,,,,0.0,,,,,,Garford-Beute
ussr_gaz_4m,0.0,,,,,,0.0,,,,,,0.0,,,,,,GAZ-AAA_(4M)
ussr_gaz_dshk,0.0,,,,,,0.0,,,,,,0.0,,,,,,GAZ-AAA_(DShK)
uk_vickers_gbt_155,0.0,,,,,,25.0,66.67,0.32,0.21,2.6,1.73,0.0,,,,,,GBT_155
il_m113a1_tow,0.0,,,,,,12.0,,,0.0,,0.0,0.0,,,,,,Giraf
gladiator_mk1_belgium,0.0,,,,,,0.0,,,,,,0.0,,,,,,Gladiator_Mk_I
gladiator_mk2,0.0,,,,,,0.0,,,,,,0.0,,,,,,Gladiator_Mk_II
gladiator_mk2_france,0.0,,,,,,0.0,,,,,,0.0,,,,,,Gladiator_Mk_IIF
gladiator_mk2_silver,0.0,,,,,,0.0,,,,,,0.0,,,,,,Gladiator_Mk_IIS
uk_mk1_grant,0.0,,,,,,0.0,,,,,,0.0,,,,,,Grant_I
uk_3_inch_gun_carrier,0.0,,,,,,13.0,,,,,,0.0,,,,,,Gun_Carrier_(3-in)
il_28_china,0.0,,,,,,0.0,,,,,,0.0,,,,,,H-5
h-75a-1_france,0.0,,,,,,0.0,,,,,,0.0,,,,,,H-75A-1
p-40c_china,0.0,,,,,,0.0,,,,,,0.0,,,,,,H-81A-2
fr_hotchkiss_h35,0.0,,,,,,0.0,,,,,,0.0,,,,,,H.35
fr_hotchkiss_h39,0.0,,,,,,0.0,,,,,,0.0,,,,,,H.39
fr_hotchkiss_h39_cambronne,0.0,,,,,,0.0,,,,,,0.0,,,,,,"H.39_""Cambronne"""
hp_12,0.0,,,,,,0.0,,,,,,0.0,,,,,,H.P.12
h6k4,0.0,,,,,,0.0,,,,,,0.0,,,,,,H6K4
h8k3,0.0,,,,,,0.0,,,,,,0.0,,,,,,H8K3
jp_type_95_ha_go,0.0,,,,,,0.0,,,,,,0.0,,,,,,Ha-Go
jp_type_95_ha_go_commander,0.0,,,,,,0.0,,,,,,0.0,,,,,,Ha-Go_Commander
a5m4_hagiri,0.0,,,,,,0.0,,,,,,0.0,,,,,,Hagiri's_A5M4
halifax_mk3,0.0,,,,,,0.0,,,,,,0.0,,,,,,Halifax_B_Mk_IIIa
hp52_hampden_mk1_late,0.0,,,,,,0.0,,,,,,0.0,,,,,,Hampden_Mk_I
hp52_hampden_tbmk1,0.0,,,,,,3.0,,,,,,0.0,,,,,,Hampden_TB_Mk_I
harrier_gr7,0.0,,,,,,2.0,,,0.0,,1.0,0.0,,,,,,Harrier_GR.7
uk_a25_mk_8,0.0,,,,,,0.0,,,,,,0.0,,,,,,Harry_Hopkins_I
intruder_mk_1,0.0,,,,,,0.0,,,,,,0.0,,,,,,Havoc_Mk_I
hawk_200,0.0,,,,,,53.0,50.0,0.5,1.0,2.22,4.44,0.0,,,,,,Hawk_200
hawk_200_rda,0.0,,,,,,0.0,,,,,,0.0,,,,,,Hawk_200_RDA
h-75a-2_finland,0.0,,,,,,0.0,,,,,,0.0,,,,,,Hawk_H-75A-2
hawk_iii,0.0,,,,,,0.0,,,,,,0.0,,,,,,Hawk_III
he-111h-6,0.0,,,,,,0.0,,,,,,0.0,,,,,,He_111_H-6
he_112a_0,0.0,,,,,,11.0,,,,,,0.0,,,,,,He_112_A-0
he_112b_1_italy,0.0,,,,,,0.0,,,,,,0.0,,,,,,He_112_B-1/U2
he_112b_1,0.0,,,,,,0.0,,,,,,0.0,,,,,,He_112_B-1/U2
he_112b_2,0.0,,,,,,0.0,,,,,,0.0,,,,,,He_112_B-2/U2
he_115c_1,0.0,,,,,,0.0,,,,,,0.0,,,,,,He_115_C-1
he-162a-1,0.0,,,,,,0.0,,,,,,0.0,,,,,,He_162_A-1
he-162a-2,0.0,,,,,,0.0,,,,,,0.0,,,,,,He_162_A-2
he-177a-3,0.0,,,,,,0.0,,,,,,0.0,,,,,,He_177_A-3
he-177a-5,0.0,,,,,,0.0,,,,,,0.0,,,,,,He_177_A-5
he_219a_7,0.0,,,,,,10.0,66.67,0.3,0.5,1.18,1.8,0.0,,,,,,He_219_A-7
he51a1,0.0,,,,,,0.0,,,,,,0.0,,,,,,He_51_A-1
he51b1,0.0,,,,,,0.0,,,,,,0.0,,,,,,He_51_B-1
he51b_2w,0.0,,,,,,0.0,,,,,,0.0,,,,,,He_51_B-2/H
he51c1,0.0,,,,,,15.0,,,,,,0.0,,,,,,He_51_C-1
he51c1_late,0.0,,,,,,0.0,,,,,,0.0,,,,,,He_51_C-1/L
us_m18_hellcat_kit_3rank,0.0,,,,,,108.0,57.37,0.0,0.0,2.54,2.2,0.0,,,,,,Hellcat_(Hell)
marut_mk1,0.0,,,,,,1.0,100.0,0.0,0.0,0.0,0.0,0.0,,,,,,HF-24
go229_v3,0.0,,,,,,102.0,35.29,1.19,1.35,0.53,0.65,0.0,,,,,,Ho_229_V3
jp_type_2_ho_i,0.0,,,,,,0.0,,,,,,0.0,,,,,,Ho-I
jp_type_2_ho_ni_2,0.0,,,,,,24.0,0.0,0.0,0.0,0.0,0.0,0.0,,,,,,Ho-Ni_II
jp_type_3_ho_ni_III,0.0,,,,,,0.0,,,,,,0.0,,,,,,Ho-Ni_III
jp_type_5_ho_ri_production,0.0,,,,,,844.0,62.59,0.0,0.0,4.43,4.17,0.0,,,,,,Ho-Ri_Production
jp_type_5_ho_ri_prototype,0.0,,,,,,21.0,100.0,0.0,0.0,4.0,2.56,3.0,,,,,,Ho-Ri_Prototype
jp_type_4_ho_ro,0.0,,,,,,60.0,66.67,0.0,0.0,3.42,5.15,0.0,,,,,,Ho-Ro
hornet_mk1,0.0,,,,,,0.0,,,,,,0.0,,,,,,Hornet_Mk.I
il_m163_vulcan,0.0,,,,,,59.0,,,0.0,,0.0,0.0,,,,,,Hovet
hs-123a-1,0.0,,,,,,0.0,,,,,,0.0,,,,,,Hs_123_A-1
hs-129b-2,0.0,,,,,,0.0,,,,,,0.0,,,,,,Hs_129_B-2
hs-129b-2_romania_italy,0.0,,,,,,14.0,,,,,,0.0,,,,,,Hs_129_B-2_(Romania)
hs-129b-2_romania,0.0,,,,,,8.0,100.0,2.0,2.0,0.0,0.0,0.0,,,,,,Hs_129_B-2_(Romania)
hs-129b-3,0.0,,,,,,83.0,56.55,0.0,0.0,0.55,0.75,0.0,,,,,,Hs_129_B-3
us_hstv_l,0.0,,,,,,1294.0,52.31,0.0,0.0,1.81,1.49,4.0,0.0,0.0,0.0,2.0,1.75,HSTV-L
hudson_mk_v,0.0,,,,,,0.0,,,,,,0.0,,,,,,Hudson_Mk_V
germ_hummel,0.0,,,,,,0.0,,,,,,0.0,,,,,,Hummel
hunter_f9_rhodesia,0.0,,,,,,0.0,,,,,,0.0,,,,,,Hunter_FGA.9
hurricane_mk1_late_ep,0.0,,,,,,0.0,,,,,,0.0,,,,,,Hurricane_Mk.I/L_FAA_M
i-15_1934,0.0,,,,,,0.0,,,,,,0.0,,,,,,I-15_WR
i-153p,0.0,,,,,,39.0,66.67,3.0,4.5,2.05,3.08,19.0,,,,,,I-153P
i-15bis,0.0,,,,,,0.0,,,,,,0.0,,,,,,I-15bis
i-16_type28,0.0,,,,,,20.0,100.0,1.0,1.0,1.0,1.0,0.0,,,,,,I-16_type_28
ia_58a_pucara,,,,,,,,,,,,,,,,,,,IA.58A_Pucara
gladiator_j8a_iacobi,0.0,,,,,,0.0,,,,,,0.0,,,,,,Iacobi's_J8A
iar_81c,0.0,,,,,,0.0,,,,,,0.0,,,,,,IAR-81C
iar_93b,0.0,,,,,,58.0,86.54,0.23,0.43,1.57,0.94,0.0,,,,,,IAR-93B
jp_icv_ifv_prototype,0.0,,,,,,26.0,50.0,0.06,0.02,0.78,1.06,0.0,,,,,,ICV_(P)
sw_ikv_91_105,0.0,,,,,,177.0,69.83,0.26,0.09,5.82,2.83,0.0,,,,,,Ikv_91-105
il-4,0.0,,,,,,0.0,,,,,,0.0,,,,,,IL-4
uk_a1e1_independent,0.0,,,,,,0.0,,,,,,0.0,,,,,,Independent
germ_iris_slm_launcher,,,,,,,,,,,,,,,,,,,IRIS-T_SLM_(СОУ)
germ_iris_slm_fcs,0.0,,,,,,213.0,47.73,3.17,2.72,0.0,0.0,0.0,,,,,,IRIS-T_SLM_(СОЦ)
ussr_is_2_1944_revenge,0.0,,,,,,27.0,50.0,0.0,0.0,2.0,1.82,0.0,,,,,,"IS-2_""Revenge"""
ussr_is_2_1944_321,0.0,,,,,,22.0,92.86,0.0,0.0,1.86,1.06,0.0,,,,,,IS-2_No.321
cn_is_2_1943_no402,0.0,,,,,,0.0,,,,,,0.0,,,,,,IS-2_No.402
it_semovente_m43_75_bersaglieri,,,,,,,,,,,,,,,,,,,it_semovente_m43_75_bersaglieri
sw_crotale_ng,0.0,,,,,,38.0,39.58,0.63,0.84,0.0,0.0,0.0,,,,,,ItO_90M
fr_crotale_ng,0.0,,,,,,16.0,50.0,0.75,0.96,0.0,0.0,0.0,,,,,,ItO_90M
sw_itpsv_90,0.0,,,,,,1356.0,47.12,0.09,0.07,2.29,1.67,0.0,,,,,,ItPsV_Leopard
j_10a,0.0,,,,,,245.0,63.05,1.83,1.77,0.14,0.15,7.0,,,1.0,,0.0,J-10A
j_10c,0.0,,,,,,62.0,88.89,3.24,3.32,0.22,0.17,0.0,,,,,,J-10C
j_11,0.0,,,,,,24.0,62.12,2.39,4.05,0.0,0.0,1.0,,,,,,J-11
j_11a,0.0,,,,,,72.0,17.54,1.36,1.68,0.04,0.08,9.0,,,2.0,,0.0,J-11A
j_11b,0.0,,,,,,101.0,59.52,1.83,1.46,0.37,0.23,0.0,,,,,,J-11B
j_15t,0.0,,,,,,83.0,57.9,1.33,1.51,0.5,0.39,0.0,,,,,,J-15T
j_22m1a,,,,,,,,,,,,,,,,,,,J-22M1A
mig-17_china,0.0,,,,,,0.0,,,,,,0.0,,,,,,J-4
mig-19j_6a,0.0,,,,,,3.0,100.0,2.0,2.0,0.0,0.0,0.0,,,,,,J-6A
j_7_mk2,0.0,,,,,,6.0,50.0,1.17,2.33,0.5,1.0,0.0,,,,,,J-7II
j_8f,0.0,,,,,,7.0,100.0,1.0,1.0,0.0,0.0,0.0,,,,,,J-8F
j1n1_mod11_early,0.0,,,,,,0.0,,,,,,0.0,,,,,,J1N1
saab_j21ra,0.0,,,,,,0.0,,,,,,0.0,,,,,,J21RA
saab_j29a,0.0,,,,,,7.0,100.0,2.0,,2.0,,0.0,,,,,,J29A
saab_j29d,0.0,,,,,,0.0,,,,,,0.0,,,,,,J29D
saab_j29f,0.0,,,,,,0.0,,,,,,19.0,,,,,,J29F
j2m5_30mm,0.0,,,,,,50.0,84.06,0.52,0.71,1.26,1.31,0.0,,,,,,J2M5
saab_j32b,0.0,,,,,,0.0,,,,,,0.0,,,,,,J32B
hunter_f50_sweden,0.0,,,,,,6.0,,,1.0,,2.0,0.0,,,,,,J34
saab_j35a,0.0,,,,,,29.0,95.56,2.94,2.94,0.0,0.0,0.0,,,,,,J35A
saab_j35d,0.0,,,,,,10.0,50.0,1.0,2.0,0.0,0.0,12.0,,,1.0,,0.0,J35D
j6b,0.0,,,,,,0.0,,,,,,0.0,,,,,,J6B
j9_early,0.0,,,,,,12.0,100.0,2.0,2.0,1.0,1.0,0.0,,,,,,J9_Early
saab_ja37,0.0,,,,,,282.0,67.5,1.82,2.36,0.26,0.32,0.0,,,,,,JA37C
saab_ja37d,0.0,,,,,,140.0,49.11,1.18,1.35,0.13,0.16,0.0,,,,,,JA37D
saab_ja37di,0.0,,,,,,16.0,,,0.0,,0.0,0.0,,,,,,JA37DI
saab_ja37di_f21,0.0,,,,,,189.0,47.41,1.97,2.0,0.08,0.07,0.0,,,,,,JA37DI_F21
germ_jaguar_2,0.0,,,,,,155.0,31.39,0.0,0.0,2.05,1.33,0.0,,,,,,Jaguar_2
jaguar_a,0.0,,,,,,42.0,77.19,0.0,0.0,1.14,1.24,0.0,,,,,,Jaguar_A
jaguar_e,0.0,,,,,,0.0,,,,,,0.0,,,,,,Jaguar_E
jaguar_gr1a,0.0,,,,,,33.0,0.0,0.0,0.05,2.2,2.29,0.0,,,,,,Jaguar_GR.1A
jaguar_is,0.0,,,,,,31.0,50.0,0.5,1.0,0.0,0.0,9.0,0.0,0.0,0.0,1.0,1.0,Jaguar_IS
germ_sk105_a2,0.0,,,,,,218.0,47.22,0.0,0.0,3.54,1.3,0.0,,,,,,JaPz.K_A2
saab_jas39a,0.0,,,,,,141.0,43.65,0.84,1.09,0.82,1.01,0.0,,,,,,JAS39A
saab_jas39c,0.0,,,,,,74.0,47.47,1.1,1.66,0.32,0.61,0.0,,,,,,JAS39C
saab_jas39c_thailand,0.0,,,,,,41.0,74.31,1.0,1.18,0.06,0.1,0.0,,,,,,JAS39C
saab_jas39d,0.0,,,,,,11.0,100.0,0.0,0.0,0.0,0.0,0.0,,,,,,JAS39D
saab_jas39e,0.0,,,,,,346.0,54.72,1.13,1.07,0.7,0.69,0.0,,,,,,JAS39E
jf_17,0.0,,,,,,146.0,51.75,0.99,1.2,0.47,0.58,5.0,,,1.0,,0.0,JF-17
jh_7,0.0,,,,,,0.0,,,,,,0.0,,,,,,JH-7
jh_7a,0.0,,,,,,62.0,69.05,0.89,1.07,0.7,0.83,1.0,,,0.0,,4.0,JH-7A
jh_7a_prototype,0.0,,,,,,37.0,95.24,0.1,0.17,2.07,2.54,0.0,,,,,,JH-7A_Prototype
jh_7a2,,,,,,,,,,,,,,,,,,,JH-7A2
ju-388j,0.0,,,,,,0.0,,,,,,0.0,,,,,,Ju_388_J
ju-87b-2,0.0,,,,,,18.0,,,0.0,,1.33,0.0,,,,,,Ju_87_B-2
ju-87d-3_italy,0.0,,,,,,6.0,,,0.0,,0.0,0.0,,,,,,Ju_87_D-3
ju-87g_1,0.0,,,,,,0.0,,,,,,0.0,,,,,,Ju_87_G-1
ju-87g_2,0.0,,,,,,0.0,,,,,,0.0,,,,,,Ju_87_G-2
ju-87r-2,0.0,,,,,,19.0,100.0,1.0,1.0,3.0,2.21,0.0,,,,,,Ju_87_R-2
ju-87r-2_italy,0.0,,,,,,4.0,0.0,0.0,0.0,0.0,0.0,0.0,,,,,,Ju_87_R-2
ju-87r-2_snake,0.0,,,,,,13.0,100.0,0.0,0.0,0.31,0.31,0.0,,,,,,Ju_87_R-2_Libya
jp_type_2_ka_mi,0.0,,,,,,40.0,50.0,0.0,0.0,3.5,7.0,0.0,,,,,,Ka-Mi
it_kf_41,0.0,,,,,,53.0,,,0.0,,1.44,0.0,,,,,,KF41
kfir_c2,0.0,,,,,,10.0,50.0,0.5,0.5,0.0,0.0,13.0,,,1.0,,0.0,Kfir_C.2
kfir_c7,0.0,,,,,,15.0,33.33,0.7,1.0,0.7,1.0,0.0,,,,,,Kfir_C.7
kfir_canard,0.0,,,,,,18.0,0.0,1.0,1.0,3.0,3.0,6.0,,,,,,Kfir_Canard
ki_10_2_commander,0.0,,,,,,0.0,,,,,,0.0,,,,,,Ki-10-II_C
ki_100_2,0.0,,,,,,70.0,84.44,1.75,0.91,1.53,1.0,0.0,,,,,,Ki-100-II
ki_102_otsu,0.0,,,,,,0.0,,,,,,0.0,,,,,,Ki-102_otsu
ki_108,0.0,,,,,,0.0,,,,,,0.0,,,,,,Ki-108_Kai
ki_109,0.0,,,,,,58.0,52.5,0.0,0.0,3.2,6.2,0.0,,,,,,Ki-109
j8m1,0.0,,,,,,128.0,58.89,1.23,5.78,0.23,1.0,0.0,,,,,,Ki-200
ki_21_1ko,0.0,,,,,,0.0,,,,,,0.0,,,,,,Ki-21-Ia
ki_32,0.0,,,,,,0.0,,,,,,0.0,,,,,,Ki-32
ki-45_hei,0.0,,,,,,0.0,,,,,,0.0,,,,,,Ki-45_hei
ki-45_ko,0.0,,,,,,0.0,,,,,,0.0,,,,,,Ki-45_ko
ki-45_otsu,0.0,,,,,,0.0,,,,,,0.0,,,,,,Ki-45_otsu
ki-45_tei,0.0,,,,,,3.0,,,0.0,,2.0,0.0,,,,,,Ki-45_tei
ki_48_2_otsu,0.0,,,,,,0.0,,,,,,0.0,,,,,,Ki-48-II_otsu
ki-49_1,0.0,,,,,,0.0,,,,,,0.0,,,,,,Ki-49-I
ki-49_2a,0.0,,,,,,0.0,,,,,,0.0,,,,,,Ki-49-IIa
ki-49_2b_late,0.0,,,,,,0.0,,,,,,0.0,,,,,,Ki-49-IIb/L
ki_67_1_ko,0.0,,,,,,0.0,,,,,,0.0,,,,,,Ki-67-I_Ko
ki_87,0.0,,,,,,7.0,100.0,0.0,0.0,1.0,1.0,0.0,,,,,,Ki-87
ki_94_2,0.0,,,,,,5.0,,,,,,0.0,,,,,,Ki-94-II
ki-96,0.0,,,,,,2.0,,,,,,0.0,,,,,,Ki-96
kor_1,,,,,,,,,,,,,,,,,,,KOR-1
f-4e_iaf,0.0,,,,,,10.0,100.0,1.5,1.5,3.75,3.75,15.0,,,0.0,,1.0,Kurnass
f-4e_kurnass_2000,0.0,,,,,,0.0,,,,,,0.0,,,,,,Kurnass_2000
l_39za,0.0,,,,,,151.0,74.67,0.44,0.17,2.1,1.07,19.0,,,0.0,,1.0,L-39ZA_Albatros
l_39za_art_thailand,,,,,,,,,,,,,,,,,,,L-39ZA/ART_Albatros
it_l3_cc,0.0,,,,,,6.0,,,0.0,,0.0,0.0,,,,,,L3/33_CC
it_l6,0.0,,,,,,0.0,,,,,,0.0,,,,,,L6/40
it_l6_leone,0.0,,,,,,0.0,,,,,,0.0,,,,,,L6/40_(31_Rgt.)
la-11,0.0,,,,,,0.0,,,,,,0.0,,,,,,La-11
lagg-3-23,0.0,,,,,,0.0,,,,,,0.0,,,,,,LaGG-3-23
lagg-3-4,0.0,,,,,,0.0,,,,,,0.0,,,,,,LaGG-3-4
lancaster_mk1,0.0,,,,,,8.0,100.0,0.0,0.0,0.0,0.0,0.0,,,,,,Lancaster_B_Mk_I
lancaster_mk3,0.0,,,,,,25.0,30.0,0.0,0.0,0.7,1.4,0.0,,,,,,Lancaster_B_Mk_III
it_lancia3ro_100,0.0,,,,,,0.0,,,,,,0.0,,,,,,Lancia_3Ro_(100/17)
late_298d,0.0,,,,,,0.0,,,,,,0.0,,,,,,Late_298D
fr_leclerc_sxxi,0.0,,,,,,288.0,52.61,0.0,0.0,2.37,1.49,0.0,,,,,,Leclerc_SXXI
leo_451_early,0.0,,,,,,0.0,,,,,,0.0,,,,,,LeO_451_early
it_leopard_1a5,0.0,,,,,,610.0,70.2,0.0,0.0,2.66,2.4,0.0,,,,,,Leopard_1A5
sw_leopard_2a4_fin,0.0,,,,,,295.0,41.62,0.0,0.0,1.99,1.4,0.0,,,,,,Leopard_2A4
fr_leopard_2a4nl,0.0,,,,,,352.0,41.16,0.0,0.0,1.65,1.3,0.0,,,,,,Leopard_2A4NL
jp_leopard_2ri,,,,,,,,,,,,,,,,,,,Leopard_2RI
uk_vickers_mk_6_aa_mk_1,0.0,,,,,,0.0,,,,,,0.0,,,,,,Light_AA_Mk_I
lightning_f53,0.0,,,,,,0.0,,,,,,0.0,,,,,,Lightning_F.53
lincoln_b2,0.0,,,,,,4.0,100.0,0.0,,1.0,,0.0,,,,,,Lincoln_B_Mk_II
fr_lorraine_155,0.0,,,,,,9.0,,,0.0,,1.0,0.0,,,,,,Lorraine_155_Mle.50
fr_lorraine_37l,0.0,,,,,,11.0,,,,,,0.0,,,,,,Lorraine_37L
us_losat_ccv,0.0,,,,,,44.0,21.74,0.0,0.0,1.17,0.67,0.0,,,,,,LOSAT
sw_lvrbv_701,0.0,,,,,,43.0,65.91,0.67,2.0,0.0,0.0,0.0,,,,,,Lvrbv_701
us_lvt_a_4,0.0,,,,,,0.0,,,,,,0.0,,,,,,LVT(A)(4)
us_lvt_4_zis_2,0.0,,,,,,0.0,,,,,,0.0,,,,,,LVT(A)(4)_(ZIS-2)
cn_lvt_4_zis_2,0.0,,,,,,0.0,,,,,,0.0,,,,,,LVT(A)(4)_(ZiS-2)
fr_lvt_bofors,0.0,,,,,,10.0,,,0.0,,1.0,0.0,,,,,,LVT-4/40
m_346fa,,,,,,,,,,,,,,,,,,,M-346FA
mb_151c1,0.0,,,,,,0.0,,,,,,0.0,,,,,,M.B.151C.1
mb_152c1,0.0,,,,,,0.0,,,,,,0.0,,,,,,M.B.152C1
mb_162,0.0,,,,,,0.0,,,,,,0.0,,,,,,M.B.162
mb_174_a3,0.0,,,,,,0.0,,,,,,0.0,,,,,,M.B.174A-3
mb_175t,0.0,,,,,,0.0,,,,,,0.0,,,,,,M.B.175T
md_450b_barougan,0.0,,,,,,4.0,50.0,0.0,0.0,0.5,1.0,0.0,,,,,,M.D.450B_Barougan
md_450b_ouragan,0.0,,,,,,98.0,100.0,0.1,0.16,1.02,1.88,0.0,,,,,,M.D.450B_Ouragan
md_452_mystere_2a,0.0,,,,,,7.0,100.0,3.0,3.0,1.0,1.0,0.0,,,,,,M.D.452_IIA
md_452_mystere_2c_preproduction,0.0,,,,,,18.0,,,,,,0.0,,,,,,M.D.452_IIC
us_m103,0.0,,,,,,287.0,59.39,0.0,0.0,2.4,1.69,0.0,,,,,,M103
germ_m109g,0.0,,,,,,65.0,0.0,0.0,0.0,0.72,0.34,0.0,,,,,,M109G
it_m11_39,0.0,,,,,,0.0,,,,,,0.0,,,,,,M11/39
it_m113a1_tow,0.0,,,,,,23.0,80.0,0.0,0.0,0.8,0.57,0.0,,,,,,M113A1_(TOW)
us_halftrack_m13,0.0,,,,,,3.0,,,0.0,,0.0,0.0,,,,,,M13_MGMC
it_m13_40_serie_2,0.0,,,,,,0.0,,,,,,0.0,,,,,,M13/40_(II)
it_m13_40_serie_3,0.0,,,,,,12.0,,,0.0,,1.0,0.0,,,,,,M13/40_(III)
it_m14_41,0.0,,,,,,0.0,,,,,,0.0,,,,,,M14/41
it_m14_41_47_40,0.0,,,,,,20.0,,,0.0,,1.0,0.0,,,,,,M14/41_(47/40)
us_halftrack_m15,0.0,,,,,,0.0,,,,,,0.0,,,,,,M15_CGMC
it_m15_42,0.0,,,,,,27.0,100.0,0.0,0.0,1.0,1.0,0.0,,,,,,M15/42
us_m163_vulcan,0.0,,,,,,262.0,46.48,0.62,0.63,0.0,0.0,0.0,,,,,,M163
jp_m163_vulcan,0.0,,,,,,180.0,65.89,0.64,0.98,0.15,0.24,0.0,,,,,,M163
jp_m19,0.0,,,,,,57.0,0.0,1.53,1.14,0.0,0.0,0.0,,,,,,M19A1
uk_m1a1_aim_abrams,,,,,,,,,,,,,,,,,,,M1A1
us_m1a1_aim_abrams,0.0,,,,,,1011.0,51.98,0.0,0.0,1.85,1.69,4.0,,,0.0,,0.0,M1A1_AIM
uk_m1a2_sep3_abrams,,,,,,,,,,,,,,,,,,,M1A2
us_m1a2_sep2_abrams_trophy,,,,,,,,,,,,,,,,,,,M1A2_(Trophy-HV)
us_m1a2_sep3_abrams,,,,,,,,,,,,,,,,,,,M1A2_SEPv3
us_m24_chaffee_tl,0.0,,,,,,42.0,57.14,0.0,0.0,1.14,1.85,0.0,,,,,,M24_(TL)
us_m2a2,0.0,,,,,,0.0,,,,,,0.0,,,,,,M2A2
ussr_m3c,0.0,,,,,,0.0,,,,,,0.0,,,,,,M3_Medium
us_m3a1_stuart_usmc,0.0,,,,,,20.0,100.0,0.0,0.0,6.0,6.0,0.0,,,,,,M3A1_(USMC)
fr_m3a3_stuart,0.0,,,,,,53.0,75.0,0.0,0.0,1.32,1.0,0.0,,,,,,M3A3_Stuart
us_m4_sherman_promo,0.0,,,,,,36.0,100.0,0.0,0.0,3.7,2.42,0.0,,,,,,M4
cn_m_41d,0.0,,,,,,0.0,,,,,,0.0,,,,,,M41D
it_m44,0.0,,,,,,78.0,69.44,0.0,0.0,2.36,1.25,0.0,,,,,,M44
uk_m44,0.0,,,,,,18.0,50.0,0.0,0.0,1.17,0.8,0.0,,,,,,M44
jp_m47_patton_II,0.0,,,,,,205.0,68.33,0.0,0.0,2.47,2.37,0.0,,,,,,M47
us_m4a2_1944,,,,,,,,,,,,,,,,,,,M4A2_(1944)
fr_m4a3e2_sherman_jumbo,0.0,,,,,,30.0,95.0,0.0,0.0,9.08,9.4,0.0,,,,,,M4A3E2
us_m4a5_ram_2,0.0,,,,,,1.0,,,,,,0.0,,,,,,M4A5
us_m551_76,0.0,,,,,,406.0,61.7,0.0,0.0,2.59,1.66,0.0,,,,,,M551(76)
us_m5a1_stuart_td,0.0,,,,,,0.0,,,,,,0.0,,,,,,M5A1_TD
us_m60a3_slep,0.0,,,,,,140.0,58.33,0.0,0.0,4.03,1.96,0.0,,,,,,M60_AMBT
it_m60a1_ariete,0.0,,,,,,0.0,,,,,,0.0,,,,,,"M60A1_""D.C.Ariete"""
us_m60a1,0.0,,,,,,306.0,58.41,0.0,0.0,2.63,1.5,0.0,,,,,,M60A1_(AOS)
us_m728,0.0,,,,,,17.0,100.0,0.0,0.0,3.0,2.71,0.0,,,,,,M728_CEV
us_m8_scott,0.0,,,,,,0.0,,,,,,0.0,,,,,,M8_HMC
us_m8_greyhound,0.0,,,,,,0.0,,,,,,0.0,,,,,,M8_LAC
us_m901_itv,0.0,,,,,,20.0,100.0,0.0,,1.0,,0.0,,,,,,M901
il_machbet,0.0,,,,,,39.0,86.67,0.0,0.0,0.0,0.0,0.0,,,,,,Machbet
us_magach_3,0.0,,,,,,15.0,,,0.0,,1.0,0.0,,,,,,Magach_3_(ERA)
il_magach_3,0.0,,,,,,51.0,50.0,0.0,0.0,2.5,2.66,0.0,,,,,,Magach_3_(ERA)
il_magach_6,0.0,,,,,,53.0,50.0,0.0,0.0,1.25,1.98,0.0,,,,,,Magach_6
il_magach_6a,0.0,,,,,,52.0,50.0,0.0,0.0,1.84,1.92,0.0,,,,,,Magach_6A
il_magach_6b_gal,0.0,,,,,,65.0,58.34,0.0,0.0,1.31,1.67,0.0,,,,,,Magach_6B_Gal
il_magach_6m,0.0,,,,,,31.0,100.0,0.0,0.0,1.0,2.18,0.0,,,,,,Magach_6M
il_magach_6r,0.0,,,,,,85.0,92.95,0.0,0.0,4.25,3.91,0.0,,,,,,Magach_6R
il_magach_6_rocket,0.0,,,,,,92.0,68.52,0.0,0.0,6.17,2.98,0.0,,,,,,Magach_Hydra
fiat_cr42_marcolin,0.0,,,,,,0.0,,,,,,0.0,,,,,,Marcolin's_C.R.42_CN
fiat_cr42_marcolin_italy,0.0,,,,,,0.0,,,,,,0.0,,,,,,Marcolin's_C.R.42_CN
germ_marder_1a3,0.0,,,,,,350.0,31.03,0.0,0.0,1.8,0.91,0.0,,,,,,Marder_1A3
germ_marder_1a1,0.0,,,,,,472.0,34.74,0.07,0.07,0.78,0.66,0.0,,,,,,Marder_A1-
uk_mark_v,0.0,,,,,,0.0,,,,,,0.0,,,,,,Mark_V
maryland_mk1_france,0.0,,,,,,0.0,,,,,,0.0,,,,,,Martin_167-A3
f4f-4_martlet_mk4,0.0,,,,,,0.0,,,,,,0.0,,,,,,Martlet_Mk_IV
mb_326b,0.0,,,,,,84.0,78.33,0.0,0.0,4.68,2.96,39.0,100.0,0.0,0.0,3.62,2.52,MB-326B
mb_5,0.0,,,,,,2.0,100.0,4.0,4.0,5.0,5.0,13.0,,,,,,MB.5
mbr-2,0.0,,,,,,0.0,,,,,,0.0,,,,,,MBR-2-M-34
me-163b,0.0,,,,,,0.0,,,,,,0.0,,,,,,Me_163_B
me-163b-0,0.0,,,,,,0.0,,,,,,0.0,,,,,,Me_163_B-0
me_210_v22_japan,0.0,,,,,,0.0,,,,,,0.0,,,,,,Me_210_V22
me-262a-1a_early,0.0,,,,,,48.0,37.96,0.05,0.08,2.01,2.89,0.0,,,,,,Me_262_A-1a/Jabo
me-262a1_u1,0.0,,,,,,62.0,56.82,0.36,0.18,1.31,0.45,0.0,,,,,,Me_262_A-1a/U1
me-262a-2a,0.0,,,,,,66.0,41.27,1.38,2.73,1.22,3.27,0.0,,,,,,Me_262_A-2a
me-262c-1a,0.0,,,,,,0.0,,,,,,0.0,,,,,,Me_262_C-1a
me-262c-2b,0.0,,,,,,18.0,84.17,2.22,3.9,0.03,0.1,0.0,,,,,,Me_262_C-2b
me-410b-1_u2,0.0,,,,,,0.0,,,,,,0.0,,,,,,Me_410_B-1/U2
me-410b-2_u4,0.0,,,,,,7.0,78.57,0.21,0.43,1.5,2.14,0.0,,,,,,Me_410_B-2/U4
us_merkava_mk_1,0.0,,,,,,9.0,,,0.0,,3.0,0.0,,,,,,Merkava_Mk.1
us_merkava_mk_2b_late,0.0,,,,,,45.0,0.0,0.0,0.0,4.53,3.56,0.0,,,,,,Merkava_Mk.2B
us_merkava_mk_3d,0.0,,,,,,42.0,50.0,0.0,0.0,3.5,3.92,0.0,,,,,,Merkava_Mk.3D
il_merkava_mk_4_lic,0.0,,,,,,50.0,13.1,0.0,0.0,4.41,5.06,0.0,,,,,,Merkava_Mk.4_LIC
meteor_fmk3,0.0,,,,,,67.0,40.48,0.0,0.0,1.17,1.22,0.0,,,,,,Meteor_F_Mk_3
meteor_fmk4_lw,0.0,,,,,,49.0,94.45,1.32,1.68,2.28,2.57,0.0,,,,,,Meteor_F_Mk_4_G.41F
meteor_fmk4_sw,0.0,,,,,,0.0,,,,,,0.0,,,,,,Meteor_F_Mk_4_G.41G
meteor_fmk8,0.0,,,,,,0.0,,,,,,0.0,,,,,,Meteor_F_Mk_8_G.41K
meteor_fmk8_belgium,0.0,,,,,,18.0,,,2.0,,1.31,0.0,,,,,,Meteor_F_Mk.8
meteor_fmk8_reaper,0.0,,,,,,0.0,,,,,,0.0,,,,,,Meteor_F_Mk.8_Reaper
mig-15bis_ish,0.0,,,,,,171.0,78.45,0.51,0.41,3.1,2.44,0.0,,,,,,MiG-15bis_ISH
mig-17,0.0,,,,,,60.0,52.38,1.58,1.76,0.98,1.07,0.0,,,,,,MiG-17
mig_21_bis_finland,0.0,,,,,,78.0,57.69,0.77,1.08,0.0,0.0,0.0,,,,,,MiG-21bis
mig-21_pfm,0.0,,,,,,0.0,,,,,,0.0,,,,,,MiG-21PFM
mig_27k,0.0,,,,,,0.0,,,,,,24.0,100.0,0.0,0.0,0.6,0.2,MiG-27K
mig_27m,0.0,,,,,,47.0,36.84,0.0,0.0,1.16,2.15,3.0,0.0,0.0,0.0,1.0,1.0,MiG-27M
mig_29_9_12_sniper,0.0,,,,,,72.0,14.36,1.85,1.08,0.82,0.43,40.0,0.0,4.0,1.3,0.0,0.0,MiG-29_Sniper
mig_29n,0.0,,,,,,100.0,50.0,1.23,1.23,0.0,0.0,0.0,,,,,,MiG-29N
mig-9_ussr,0.0,,,,,,6.0,,,,,,0.0,,,,,,MiG-9_(l)
mirage_milan,0.0,,,,,,37.0,,,,,,0.0,,,,,,Milan
mirage_2000c_s4,0.0,,,,,,51.0,39.74,1.43,2.75,0.0,0.0,0.0,,,,,,Mirage_2000C-S4
mirage_2000c_s5,0.0,,,,,,33.0,33.33,1.83,1.58,0.83,0.67,0.0,,,,,,Mirage_2000C-S5
mirage_2000d_r1,0.0,,,,,,0.0,,,,,,0.0,,,,,,Mirage_2000D-R1
mirage_2000d_rmv,0.0,,,,,,2.0,,,,,,0.0,,,,,,Mirage_2000D-RMV
mirage_4000,0.0,,,,,,70.0,83.67,1.91,2.13,0.29,0.37,9.0,,,0.33,,0.0,Mirage_4000
mirage_5ba,0.0,,,,,,5.0,,,,,,0.0,,,,,,Mirage_5BA
mirage_5f,0.0,,,,,,0.0,,,,,,0.0,,,,,,Mirage_5F
mirage_f1c,0.0,,,,,,20.0,41.67,1.0,0.55,0.0,0.0,0.0,,,,,,Mirage_F1C
mirage_f1ct,0.0,,,,,,0.0,,,,,,27.0,,,2.0,,0.0,Mirage_F1CT
mirage_3e,0.0,,,,,,9.0,50.0,1.0,2.0,0.0,0.0,0.0,,,,,,Mirage_IIIE
ussr_a_12_mk_2_matilda_2A_F96,0.0,,,,,,46.0,65.95,0.0,0.0,5.41,8.33,0.0,,,,,,MK-II_«Matilda»
germ_mkpz_m47,0.0,,,,,,8.0,,,,,,0.0,,,,,,mKPz_M47_G
mosquito_fb_mk18,0.0,,,,,,5.0,,,,,,0.0,,,,,,Mosquito_FB_Mk_XVIII
mosquito_b_mk16,0.0,,,,,,10.0,,,0.0,,0.0,0.0,,,,,,Mosquito_B.Mk.XVI
nc_223_3,0.0,,,,,,0.0,,,,,,0.0,,,,,,N.C.223.3
n1k1_kyuofu,0.0,,,,,,0.0,,,,,,0.0,,,,,,N1K1
n1k1_ja,0.0,,,,,,0.0,,,,,,0.0,,,,,,N1K1-Ja
n1k2_jko,0.0,,,,,,0.0,,,,,,0.0,,,,,,N1K2-Ja
il_namer_rcws_30,0.0,,,,,,126.0,34.0,0.0,0.0,0.7,0.89,0.0,,,,,,Namer_30
il_namer_tsrikhon,0.0,,,,,,52.0,100.0,0.0,0.0,4.13,2.03,0.0,,,,,,Namer_Tsrikhon
sw_nasams_fcs,0.0,,,,,,56.0,12.5,1.38,1.3,0.0,0.0,0.0,,,,,,NASAMS_3_(СОЦ)
fw-190a-8_france,0.0,,,,,,20.0,50.0,1.68,1.91,1.27,1.55,0.0,,,,,,NC.900
nesher,0.0,,,,,,4.0,50.0,0.5,1.0,0.0,0.0,0.0,,,,,,Nesher
f_16a_block_10_netz_mod,0.0,,,,,,575.0,53.5,0.97,1.33,0.23,0.26,73.0,,,0.9,,0.14,Netz_(Mod)
nimrod_mk1,0.0,,,,,,0.0,,,,,,0.0,,,,,,Nimrod_Mk_I
nimrod_mk2,0.0,,,,,,0.0,,,,,,0.0,,,,,,Nimrod_Mk_II
cn_object_122tm,0.0,,,,,,223.0,56.8,0.0,0.0,3.86,2.64,3.0,,,,,,"Object_122MT_""MC"""
cn_object_211,0.0,,,,,,131.0,49.63,0.0,0.0,1.79,1.61,0.0,,,,,,Object_211
ussr_object_775,0.0,,,,,,219.0,53.1,0.0,0.0,2.57,1.86,0.0,,,,,,Object_775
uk_olifant_mk_1a,0.0,,,,,,456.0,61.3,0.04,0.04,4.15,4.89,0.0,,,,,,Olifant_Mk.1A
os2u_1,0.0,,,,,,0.0,,,,,,0.0,,,,,,OS2U-1
os2u_3,0.0,,,,,,0.0,,,,,,0.0,,,,,,OS2U-3
uk_9a33bm2,0.0,,,,,,28.0,41.18,0.88,1.76,0.0,0.0,0.0,,,,,,Osa-AK
it_9a33bm3,0.0,,,,,,0.0,,,,,,0.0,,,,,,Osa-AKM
germ_wiesel_2_adwc,0.0,,,,,,143.0,25.72,1.59,2.36,0.0,0.0,0.0,,,,,,Ozelot
p-26a_33,0.0,,,,,,0.0,,,,,,0.0,,,,,,P-26A-33
p-26a_34,0.0,,,,,,0.0,,,,,,0.0,,,,,,P-26A-34
p-38k,0.0,,,,,,17.0,100.0,2.47,,2.0,,0.0,,,,,,P-38K
p-39q_15,0.0,,,,,,0.0,,,,,,0.0,,,,,,P-39Q-15
p-40c,0.0,,,,,,0.0,,,,,,0.0,,,,,,P-40C
p-40e,0.0,,,,,,42.0,100.0,0.0,0.0,0.0,0.0,0.0,,,,,,P-40E-1
p-40e_td,0.0,,,,,,0.0,,,,,,0.0,,,,,,P-40E-1_TD
p-40f-5_france_ep,0.0,,,,,,10.0,,,1.0,,1.0,0.0,,,,,,P-40F-5_Lafayette
p-43a-1,0.0,,,,,,0.0,,,,,,0.0,,,,,,P-43A-1
p-47d_16_re_germany,0.0,,,,,,0.0,,,,,,0.0,,,,,,P-47D-16-RE
p-51a_tl,0.0,,,,,,20.0,20.0,0.8,0.83,0.9,1.08,0.0,,,,,,P-51A
p-51c-11-nt_japan,0.0,,,,,,15.0,100.0,2.0,,2.0,,0.0,,,,,,P-51C-11-NT
p-59a,0.0,,,,,,83.0,78.13,0.63,0.64,0.33,0.34,0.0,,,,,,P-59A
p_108a_serie2,1.0,,,0.0,,0.0,0.0,,,,,,0.0,,,,,,P.108A_serie_2
p_108b_serie1,0.0,,,,,,0.0,,,,,,0.0,,,,,,P.108B_serie_1
fr_citroen_kegresse_p4t,0.0,,,,,,0.0,,,,,,0.0,,,,,,P.7.T_AA
p1y1_mod11,0.0,,,,,,26.0,100.0,0.0,,0.0,,0.0,,,,,,P1Y1_mod._11
it_p_40,0.0,,,,,,44.0,50.0,0.0,0.0,3.02,3.78,27.0,100.0,0.0,0.0,1.0,1.0,P40
d_510,0.0,,,,,,0.0,,,,,,0.0,,,,,,Pallier's_D.510
it_palmaria,,,,,,,,,,,,,,,,,,,Palmaria
pb4y-2_france,0.0,,,,,,0.0,,,,,,0.0,,,,,,PB4Y-2
pbm_3,0.0,,,,,,0.0,,,,,,0.0,,,,,,"PBM-3_""Mariner"""
sw_pbv_301,0.0,,,,,,43.0,0.0,0.5,0.33,0.53,0.22,0.0,,,,,,Pbv_301
sw_pbv_302_bill,0.0,,,,,,90.0,50.0,0.0,0.0,1.33,1.54,0.0,,,,,,Pbv_302_(BILL)
pby-5a_late_france,0.0,,,,,,0.0,,,,,,0.0,,,,,,PBY-5A_Late
pe-2-1,0.0,,,,,,0.0,,,,,,0.0,,,,,,Pe-2-1
cn_pgz_04a,0.0,,,,,,114.0,48.4,0.72,1.02,0.23,0.27,0.0,,,,,,PGZ04A
cn_pgz_88,,,,,,,,,,,,,,,,,,,PGZ88
cn_type_65_aa,0.0,,,,,,85.0,66.03,0.0,0.0,0.08,0.05,0.0,,,,,,Phòng_không_T-34
ussr_type_65_aa,0.0,,,,,,13.0,,,0.0,,0.0,0.0,,,,,,Phòng_không_T-34
spitfire_ix_plagis,0.0,,,,,,34.0,100.0,2.0,0.94,2.0,0.94,22.0,,,,,,Plagis'_Spitfire_LF_Mk_IXc
cn_plz_83,0.0,,,,,,51.0,30.56,0.0,0.0,1.44,0.95,3.0,,,,,,PLZ83
cn_plz_83_130,0.0,,,,,,56.0,,,0.0,,2.9,1.0,,,0.0,,1.0,PLZ83-130
po-2,0.0,,,,,,0.0,,,,,,0.0,,,,,,Po-2
po-2_nw,,,,,,,,,,,,,,,,,,,Po-2_Night_Witch
po-2m,0.0,,,,,,0.0,,,,,,0.0,,,,,,Po-2M
potez_630,0.0,,,,,,0.0,,,,,,0.0,,,,,,Potez_630
potez_631,0.0,,,,,,0.0,,,,,,0.0,,,,,,Potez_631
potez_633,0.0,,,,,,0.0,,,,,,0.0,,,,,,Potez_633
spitfire_fr_mk14e,0.0,,,,,,0.0,,,,,,0.0,,,,,,Prendergast's_Spitfire_FR_Mk_XIVe
germ_leopard_2_pt14,0.0,,,,,,39.0,77.27,0.0,0.0,4.09,4.02,1.0,100.0,0.0,0.0,2.0,2.0,PT-16/T14_mod.
ussr_pt_76_57,0.0,,,,,,141.0,69.95,0.0,0.0,3.52,2.22,4.0,,,,,,PT-76-57
cn_ptl_02,0.0,,,,,,171.0,52.83,0.0,0.0,1.51,1.24,0.0,,,,,,PTL02
cn_ptz_89,0.0,,,,,,159.0,47.14,0.0,0.0,2.24,1.55,0.0,,,,,,PTZ89
germ_schutzenpanzer_puma,0.0,,,,,,234.0,50.87,0.04,0.01,2.35,1.14,0.0,,,,,,PUMA
germ_schutzenpanzer_puma_vjtf_mod,,,,,,,,,,,,,,,,,,,Puma_u14
germ_schutzenpanzer_puma_vjtf,0.0,,,,,,369.0,35.96,0.0,0.0,1.23,0.89,14.0,0.0,0.0,0.0,0.0,1.27,PUMA_VJTF
sw_pvlvv_fm42,0.0,,,,,,10.0,,,0.0,,1.9,0.0,,,,,,Pvlvv_fm/42
sw_pvrbv_551,0.0,,,,,,95.0,36.74,0.0,0.0,1.67,1.58,0.0,,,,,,Pvrbv_551
germ_pzkpfw_38t_ausf_F,0.0,,,,,,0.0,,,,,,0.0,,,,,,Pz.38(t)_F
germ_pzkpfw_II_ausf_C_td,0.0,,,,,,0.0,,,,,,0.0,,,,,,Pz.II_C_TD
germ_pzkpfw_III_ausf_J_td,0.0,,,,,,0.0,,,,,,0.0,,,,,,Pz.III_J1_TD
germ_pzkpfw_III_ausf_B,1.0,100.0,0.0,,2.0,,0.0,,,,,,0.0,,,,,,Pz.III_B
germ_pzkpfw_III_ausf_J,0.0,,,,,,22.0,,,0.0,,3.25,0.0,,,,,,Pz.III_J1
germ_pzkpfw_III_ausf_L,0.0,,,,,,37.0,,,0.0,,0.92,37.0,87.5,0.0,0.0,1.75,0.77,Pz.III_L
germ_pzkpfw_II_ausf_C,0.0,,,,,,0.0,,,,,,0.0,,,,,,Pz.II_C
germ_pzkpfw_II_ausf_F,0.0,,,,,,0.0,,,,,,0.0,,,,,,Pz.II_F
germ_pzkpfw_II_ausf_H,0.0,,,,,,14.0,,,0.0,,0.43,0.0,,,,,,Pz.II_H
germ_pzkpfw_II_ausf_C_DAK,0.0,,,,,,26.0,,,0.0,,3.33,0.0,,,,,,Pz.II_С_(DAK)
germ_amd_35_kwk,0.0,,,,,,16.0,100.0,0.0,0.0,11.0,3.75,0.0,,,,,,Pz.Sp.Wg.P204(f)_KwK
germ_amd_35_kwk39,0.0,,,,,,9.0,100.0,0.0,0.0,2.56,2.56,0.0,,,,,,Pz.Sp.Wg.P204(f)_PaK
q_5_early,0.0,,,,,,0.0,,,,,,0.0,,,,,,Q-5_early
q_5l,0.0,,,,,,55.0,70.0,0.0,0.0,2.48,2.92,1.0,,,0.0,,0.0,Q-5L
quing_6,0.0,,,,,,0.0,,,,,,0.0,,,,,,Qing-6
cn_qn506,0.0,,,,,,95.0,66.67,0.0,0.0,1.65,1.05,0.0,,,,,,QN506
fr_renault_r39,0.0,,,,,,0.0,,,,,,0.0,,,,,,R.35_(SA38)
r2y2_v1,0.0,,,,,,6.0,100.0,0.0,0.0,1.0,1.0,0.0,,,,,,R2Y2_Kai_V1
r2y2_v2,0.0,,,,,,14.0,100.0,0.0,0.0,1.55,1.46,0.0,,,,,,R2Y2_Kai_V2
r2y2_kai,0.0,,,,,,28.0,,,0.0,,1.44,0.0,,,,,,R2Y2_Kai_V3
it_oto_r3_t20_fa,0.0,,,,,,101.0,80.67,0.26,0.17,0.4,0.3,0.0,,,,,,R3_T20_FA-HS
germ_raketenjagdpanzer_2,0.0,,,,,,27.0,,,0.0,,0.0,0.0,,,,,,RakJPz_2
germ_raketenjagdpanzer_2_hot,0.0,,,,,,16.0,,,0.0,,0.0,3.0,,,0.0,,0.0,RakJPz_2_(HOT)
uk_cruiser_ram_1,0.0,,,,,,49.0,96.67,0.0,0.0,5.07,2.97,0.0,,,,,,Ram_I
uk_m4a5_ram_2,1.0,,,,,,9.0,,,0.0,,2.33,0.0,,,,,,Ram_II
uk_tracked_rapier,0.0,,,,,,55.0,,,1.05,,0.0,0.0,,,,,,Rapier
p-36a_rasmussen,0.0,,,,,,0.0,,,,,,0.0,,,,,,Rasmussen's_P-36A
uk_ratel_20,0.0,,,,,,84.0,57.37,0.0,0.0,0.9,0.86,0.0,,,,,,Ratel_20
ussr_rbt_5,1.0,100.0,0.0,0.0,4.0,4.0,18.0,91.67,0.0,0.0,0.93,1.21,0.0,,,,,,RBT-5
re_2000_ga,1.0,,,1.0,,0.0,0.0,,,,,,0.0,,,,,,Re.2000_G.A.
re_2000_int,0.0,,,,,,0.0,,,,,,0.0,,,,,,Re.2000_serie_1
re_2001_cb,0.0,,,,,,19.0,,,,,,0.0,,,,,,Re.2001_CB
re_2001_cn,0.0,,,,,,23.0,100.0,3.0,0.0,2.0,0.0,0.0,,,,,,Re.2001_CN
jp_type_95_heavy,0.0,,,,,,0.0,,,,,,0.0,,,,,,Ro-Go
jp_hiro_sha,0.0,,,,,,14.0,,,0.0,,0.0,0.0,,,,,,Ro-Go_Exp.
ro_43,,,,,,,,,,,,,,,,,,,Ro.43
ro_44,0.0,,,,,,0.0,,,,,,0.0,,,,,,Ro.44
ro_57_quadriarma,0.0,,,,,,0.0,,,,,,0.0,,,,,,Ro.57_Quadriarma
fr_amx_30_roland,0.0,,,,,,87.0,25.98,0.79,1.0,0.0,0.0,0.0,,,,,,Roland_1
uk_rooikat_76,0.0,,,,,,259.0,53.93,0.0,0.0,2.09,1.75,0.0,,,,,,Rooikat_Mk.1D
uk_rooikat_mttd,0.0,,,,,,144.0,82.89,0.0,0.0,4.51,2.39,0.0,,,,,,Rooikat_MTTD
fr_somua_s35,0.0,,,,,,0.0,,,,,,0.0,,,,,,S.35
s_81_ar125,0.0,,,,,,20.0,,,,,,0.0,,,,,,S.81
sm_79_1941,0.0,,,,,,0.0,,,,,,0.0,,,,,,S.M.79_AS
sm_79_1941_italy,0.0,,,,,,0.0,,,,,,0.0,,,,,,S.M.79_AS
sm_79_iar,0.0,,,,,,0.0,,,,,,0.0,,,,,,S.M.79_B
sm_79_iar_italy,0.0,,,,,,0.0,,,,,,0.0,,,,,,S.M.79_B
sm_79_1942,0.0,,,,,,0.0,,,,,,0.0,,,,,,S.M.79_bis/N
sm_79_1943,0.0,,,,,,0.0,,,,,,0.0,,,,,,S.M.79_bis/T.M
sm_79_1943_italy,0.0,,,,,,0.0,,,,,,0.0,,,,,,S.M.79_bis/T.M
sm_79_1936,0.0,,,,,,0.0,,,,,,0.0,,,,,,S.M.79_serie_1
sm_79_1936_italy,0.0,,,,,,0.0,,,,,,0.0,,,,,,S.M.79_serie_1
sm_79_1937,0.0,,,,,,0.0,,,,,,0.0,,,,,,S.M.79_serie_4
sm_79_1939,0.0,,,,,,0.0,,,,,,0.0,,,,,,S.M.79_serie_8
sm_79_1939_italy,0.0,,,,,,0.0,,,,,,0.0,,,,,,S.M.79_serie_8
so_4050_vautour_2n,0.0,,,,,,0.0,,,,,,0.0,,,,,,S.O.4050_Vautour_IIN
so_4050_vautour_2n_late,0.0,,,,,,96.0,81.33,2.57,4.14,0.0,0.0,0.0,,,,,,S.O.4050_Vautour_IIN_(late)
so_8000_narval,0.0,,,,,,30.0,93.33,0.8,0.93,0.53,0.6,0.0,,,,,,S.O.8000_Narval
saab_b17bs,0.0,,,,,,0.0,,,,,,0.0,,,,,,S17BS
md_460_saar,0.0,,,,,,0.0,,,,,,0.0,,,,,,Sa'ar
saab_f35_wdns,0.0,,,,,,26.0,8.33,0.0,0.21,0.0,0.0,0.0,,,,,,Saab_F-35
saab_j35xs,0.0,,,,,,162.0,65.42,2.73,3.62,0.21,0.25,0.0,,,,,,Saab_J35XS
saab_105g,0.0,,,,,,187.0,71.31,0.24,0.26,3.05,2.75,0.0,,,,,,SAAB-105G
saab_105oe,0.0,,,,,,0.0,,,,,,0.0,,,,,,SAAB-105OE
sagittario_2,0.0,,,,,,40.0,100.0,3.5,3.82,2.43,2.06,20.0,,,3.71,,0.0,Sagittario_2
md_460_sambad,0.0,,,,,,0.0,,,,,,0.0,,,,,,Sambad
uk_sarc_mk4_a,0.0,,,,,,0.0,,,,,,0.0,,,,,,SARC_MkIVa
uk_marmon_herrington_mk_6_6pdr,0.0,,,,,,41.0,27.78,0.0,0.0,1.07,1.06,0.0,,,,,,SARC_MkVI_(6pdr)
fr_somua_sau40,0.0,,,,,,0.0,,,,,,0.0,,,,,,SAu_40
sb_2m_100,0.0,,,,,,0.0,,,,,,0.0,,,,,,SB_2M-100
sb_2m_103_mv3,0.0,,,,,,0.0,,,,,,0.0,,,,,,SB_2M-103_MV-3
sb_2m_103u,0.0,,,,,,0.0,,,,,,0.0,,,,,,SB_2M-103U
sb_2m_103u_mv3,0.0,,,,,,0.0,,,,,,0.0,,,,,,SB_2M-103U_MV-3
sb2c_4,0.0,,,,,,2.0,,,,,,0.0,,,,,,SB2C-4
sb2c_5_france,0.0,,,,,,31.0,68.75,0.19,0.2,6.0,4.79,0.0,,,,,,SB2C-5
sb2u-3,0.0,,,,,,0.0,,,,,,0.0,,,,,,SB2U-3
scimitar_f1,0.0,,,,,,27.0,100.0,1.0,0.7,2.0,1.4,0.0,,,,,,Scimitar_F_Mk.1
germ_sdkfz_221_s_pz_b_41,0.0,,,,,,0.0,,,,,,0.0,,,,,,Sd.Kfz.221_(s.Pz.B.41)
germ_sdkfz_222,0.0,,,,,,43.0,0.0,0.0,0.0,2.8,2.16,0.0,,,,,,Sd.Kfz.222
germ_sdkfz_234_2_mod,0.0,,,,,,48.0,73.33,0.0,0.0,3.35,2.2,21.0,,,0.0,,0.42,"Sd.Kfz.234/2_""Biene"""
germ_sdkfz_234_2_td,0.0,,,,,,7.0,,,0.0,,1.0,0.0,,,,,,Sd.Kfz.234/2_TD
germ_sdkfz_234_3,0.0,,,,,,0.0,,,,,,3.0,,,0.0,,1.0,Sd.Kfz.234/3
germ_sdkfz_251_22,0.0,,,,,,16.0,0.0,0.0,0.0,5.33,2.83,0.0,,,,,,Sd.Kfz.251/22
germ_pzkpfw_38t_Aufklarungspanzer,0.0,,,,,,20.0,,,0.0,,2.0,0.0,,,,,,Sd.Kfz._140/1
sea_fury_fb11,3.0,100.0,3.0,2.0,4.0,2.7,4.0,100.0,1.5,,1.0,,0.0,,,,,,Sea_Fury_FB_11
gladiator_mk2_navy,0.0,,,,,,0.0,,,,,,0.0,,,,,,Sea_Gladiator_Mk_I
sea_hawk_fga6,0.0,,,,,,30.0,,,0.0,,0.0,0.0,,,,,,Sea_Hawk_FGA.6
sea_hawk_fga50_netherlands,0.0,,,,,,243.0,51.86,1.2,1.61,1.26,1.7,13.0,,,3.0,,0.0,Sea_Hawk_Mk.50
meteor_fmk3_navy,0.0,,,,,,64.0,50.0,1.0,1.93,1.11,1.57,0.0,,,,,,Sea_Meteor_F_Mk_3
sea_venom_faw20,0.0,,,,,,0.0,,,,,,0.0,,,,,,Sea_Venom_FAW_20
dh_110_sea_vixen,0.0,,,,,,73.0,88.89,4.01,7.33,0.0,0.0,13.0,100.0,4.43,4.0,0.0,0.0,Sea_Vixen_F.A.W._Mk.2
shackleton_mr_mk_2,0.0,,,,,,0.0,,,,,,0.0,,,,,,Shackleton_MR.Mk.2
mirage_3cj,0.0,,,,,,43.0,100.0,1.87,2.0,0.87,1.0,0.0,,,,,,Shahak
mig-17_f5,0.0,,,,,,10.0,,,1.13,,0.0,0.0,,,,,,Shenyang_F-5
us_m4a3e8_76w_sherman_kit_3rank,0.0,,,,,,350.0,75.34,0.06,0.06,3.56,2.95,0.0,,,,,,Sherman_(Hell)
it_sherman_vc_firefly,0.0,,,,,,64.0,45.45,0.0,0.0,2.45,2.53,0.0,,,,,,Sherman_Vc
il_centurion_shot_kal_alef,0.0,,,,,,63.0,100.0,0.0,0.0,5.0,2.45,0.0,,,,,,Sho't_Kal_Alef
uk_centurion_shot_kal_d,0.0,,,,,,0.0,,,,,,0.0,,,,,,Sho't_Kal_Dalet
il_centurion_shot_kal_gimel,0.0,,,,,,83.0,56.41,0.0,0.0,2.55,2.66,0.0,,,,,,Sho't_Kal_Gimel
ussr_9p149,0.0,,,,,,80.0,64.24,0.0,0.0,1.25,1.15,0.0,,,,,,Shturm-S
it_otobreda_sidam_25_mistral,0.0,,,,,,45.0,81.48,0.87,0.86,0.37,0.33,0.0,,,,,,SIDAM_25_(Mistral)
saab_sk60b,0.0,,,,,,194.0,48.14,0.04,0.04,1.58,1.89,0.0,,,,,,SK60B
uk_skink_aa,0.0,,,,,,44.0,20.0,0.5,0.28,0.0,0.0,0.0,,,,,,Skink
us_skink_aa_kit_3rank,0.0,,,,,,108.0,64.5,1.25,1.52,0.26,0.3,0.0,,,,,,Skink_(Hell)
uk_sky_sabre_fcs,0.0,,,,,,108.0,50.0,1.93,1.73,0.0,0.0,0.0,,,,,,Sky_Sabre_(СОЦ)
jp_type_95_so_ki,0.0,,,,,,25.0,,,,,,0.0,,,,,,So-Ki
soc_1,,,,,,,,,,,,,,,,,,,SOC-1
spitfire_mk9c_4cannons,1.0,100.0,2.0,2.0,1.0,1.0,24.0,100.0,3.5,3.5,0.5,0.5,10.0,,,2.0,,0.0,Spitfire_F_Mk_IXc
spitfire_mk18e,0.0,,,,,,0.0,,,,,,0.0,,,,,,Spitfire_F_Mk_XVIIIe
spitfire_mk5b_notrop,0.0,,,,,,0.0,,,,,,22.0,,,2.0,,0.0,Spitfire_Mk_Vb
spitfire_mk5c_notrop,1.0,100.0,2.0,2.0,1.0,1.0,18.0,100.0,2.75,,2.0,,0.0,,,,,,Spitfire_Mk_Vc
spitfire_mk5c,2.0,100.0,2.0,2.0,1.5,1.5,110.0,75.76,2.26,2.41,1.43,1.41,28.0,,,2.46,,0.0,Spitfire_Mk_Vc/trop
spitfiremkiia_ep,0.0,,,,,,19.0,100.0,1.13,1.13,0.73,0.73,0.0,,,,,,Spitfire_Mk.IIa_Venture_I
spitfire_lf_mk9c_cw_greece,0.0,,,,,,28.0,91.67,0.93,0.35,0.93,0.35,0.0,,,,,,Spitfire_LF_Mk.IXc_(CW)
spitfire_mk5b_float,0.0,,,,,,0.0,,,,,,0.0,,,,,,Spitfire_Mk.Vb_(Float)
sw_stormpjas_fm43_44,0.0,,,,,,15.0,,,,,,0.0,,,,,,Spj_fm/43-44
il_spyder_aio,0.0,,,,,,94.0,37.22,0.92,1.23,0.0,0.0,0.0,,,,,,SPYDER
germ_spz_12_3,0.0,,,,,,28.0,50.0,0.0,0.0,1.0,2.0,0.0,,,,,,SPz_12-3_LGS
fr_saint_chamond,0.0,,,,,,12.0,,,0.0,,3.0,0.0,,,,,,St-Chamond
uk_t17e2,0.0,,,,,,0.0,,,,,,0.0,,,,,,Staghound_AA
jp_stingray,0.0,,,,,,184.0,65.47,0.0,0.0,2.43,1.62,0.0,,,,,,Stingray
stirling_mk3,0.0,,,,,,0.0,,,,,,0.0,,,,,,Stirling_B_Mk_III
uk_stormer_air_defence,0.0,,,,,,198.0,44.33,1.24,1.11,0.19,0.18,0.0,,,,,,Stormer_AD
uk_stormer_hvm,0.0,,,,,,25.0,2.63,0.71,1.0,0.0,0.0,0.0,,,,,,Stormer_HVM
strikemaster_mk88,0.0,,,,,,77.0,80.7,0.11,0.09,3.77,4.64,0.0,,,,,,Strikemaster_Mk.88
uk_fv102_striker,0.0,,,,,,46.0,50.0,0.0,0.0,0.5,0.5,0.0,,,,,,Striker
sw_strv_103_0,0.0,,,,,,130.0,47.06,0.0,0.0,4.41,2.59,0.0,,,,,,Strv_103-0
sw_strv_103a,0.0,,,,,,363.0,52.91,0.0,0.0,2.26,1.93,12.0,,,0.0,,1.0,Strv_103A
sw_strv_103c,0.0,,,,,,96.0,37.55,0.0,0.0,1.83,2.04,0.0,,,,,,Strv_103С
sw_strv_104,0.0,,,,,,257.0,43.68,0.0,0.0,2.7,2.48,0.0,,,,,,Strv_104
sw_strv_105,0.0,,,,,,285.0,50.2,0.0,0.0,2.19,1.79,0.0,,,,,,Strv_105
sw_strv_121,0.0,,,,,,477.0,54.95,0.0,0.0,2.86,2.12,0.0,,,,,,Strv_121
sw_strv_81_rb52,0.0,,,,,,0.0,,,,,,0.0,,,,,,Strv_81_(RB_52)
uk_centurion_mk_3_ss11,0.0,,,,,,0.0,,,,,,0.0,,,,,,Strv_81_(RB_52)
sw_strv_m41_s1,0.0,,,,,,0.0,,,,,,0.0,,,,,,Strv_m/41_S-I
us_m5a1_stuart_canadian_5st_arm,0.0,,,,,,3.0,100.0,0.0,0.0,2.33,2.33,13.0,100.0,0.0,0.0,2.0,2.0,Stuart_VI_(5th_CAD)
ussr_su_100Y,0.0,,,,,,18.0,,,0.0,,1.0,0.0,,,,,,SU-100Y
su_17m2,0.0,,,,,,1.0,,,,,,0.0,,,,,,Su-17M2
su_30mkm,0.0,,,,,,337.0,60.5,1.56,1.62,1.13,1.16,11.0,,,1.0,,0.0,Su-30MKM
su_25tm,0.0,,,,,,402.0,72.24,0.23,0.24,2.6,2.67,62.0,,,0.67,,0.48,Su-39
ussr_su_57b,0.0,,,,,,14.0,,,0.0,,0.0,0.0,,,,,,SU-57B
ussr_su_76d,0.0,,,,,,0.0,,,,,,0.0,,,,,,SU-76D
ussr_su_76m_5st_kav_corps,0.0,,,,,,14.0,,,0.0,,1.0,0.0,,,,,,SU-76M_(5th_Gv.Kav.Corps)
su-7bmk,0.0,,,,,,0.0,,,,,,0.0,,,,,,Su-7BMK
su-8,0.0,,,,,,12.0,,,0.0,,2.42,0.0,,,,,,Su-8
ussr_su_85a,0.0,,,,,,0.0,,,,,,0.0,,,,,,SU-85A
su-9,0.0,,,,,,117.0,80.46,1.43,0.93,2.51,1.67,0.0,,,,,,Su-9
sunderland_mk3a,0.0,,,,,,0.0,,,,,,0.0,,,,,,Sunderland_Mk_IIIa
sunderland_mk5,0.0,,,,,,0.0,,,,,,0.0,,,,,,Sunderland_Mk_V
super_etendard_97,0.0,,,,,,14.0,50.0,0.0,,1.75,,0.0,,,,,,Super_Etendard
germ_boxer_swatrinf,0.0,,,,,,254.0,36.01,0.0,0.0,2.04,1.09,0.0,,,,,,sWaTrgInf
swift_f1,0.0,,,,,,90.0,45.24,1.0,2.5,0.14,0.29,0.0,,,,,,Swift_F.1
swift_f7,0.0,,,,,,131.0,54.62,1.53,1.41,1.85,1.99,0.0,,,,,,Swift_F.7
swordfish_mk1,0.0,,,,,,0.0,,,,,,0.0,,,,,,Swordfish_Mk_I
swordfish_mk2,0.0,,,,,,0.0,,,,,,0.0,,,,,,Swordfish_Mk_II
ussr_t_10a,0.0,,,,,,144.0,77.93,0.0,0.0,6.84,3.55,0.0,,,,,,T-10A
cn_t_26_no531,0.0,,,,,,17.0,,,,,,0.0,,,,,,T-26_No.531
sw_vickers_mk_e_45,0.0,,,,,,0.0,,,,,,0.0,,,,,,T-26E
ussr_t_26E,0.0,,,,,,0.0,,,,,,0.0,,,,,,T-26E
ussr_t_26_1940_1st_GvTBr,0.0,,,,,,0.0,,,,,,0.0,,,,,,T-26_(1st_Gv.T.Br.)
ussr_t_34_1940_l_11,0.0,,,,,,0.0,,,,,,0.0,,,,,,T-34_(Prototype)
sw_t_50_fin,0.0,,,,,,0.0,,,,,,0.0,,,,,,T-50
ussr_t_60_1941,0.0,,,,,,0.0,,,,,,0.0,,,,,,T-60
cn_type_69_2g,1.0,,,,,,142.0,48.92,0.0,0.0,2.92,2.81,0.0,,,,,,T-69_II_G
ussr_t_70_1942,0.0,,,,,,1.0,,,,,,0.0,,,,,,T-70
ussr_pzkpfw_III_ausf_J_L42,0.0,,,,,,38.0,65.0,0.0,0.0,2.73,3.35,0.0,,,,,,T-III
ta-152c,0.0,,,,,,13.0,,,,,,0.0,,,,,,Ta_152_C-3
ta-152h-1,0.0,,,,,,37.0,0.0,2.13,2.0,0.0,0.0,0.0,,,,,,Ta_152_H-1
jp_type_98_ta_se,0.0,,,,,,15.0,,,0.0,,2.07,0.0,,,,,,Ta-Se
jp_type_81_tansam_launcher,,,,,,,,,,,,,,,,,,,Tan-SAM_Kai_(СОУ)
jp_type_81_tansam_fcs,0.0,,,,,,11.0,22.73,0.77,0.3,0.0,0.0,0.0,,,,,,Tan-SAM_Kai_(СОЦ)
tandem_mai,0.0,,,,,,0.0,,,,,,0.0,,,,,,Tandem_MAI
tb_3_m17_32,0.0,,,,,,0.0,,,,,,0.0,,,,,,TB-3M-17-32
tempest_mkv_vikkers,0.0,,,,,,14.0,,,0.64,,0.0,0.0,,,,,,Tempest_Mk_V_(Vickers_P)
f2a-1_thach,0.0,,,,,,0.0,,,,,,0.0,,,,,,Thach's_F2A-1
il_tiran_6,0.0,,,,,,69.0,86.67,0.0,0.0,3.6,2.76,0.0,,,,,,Tiran_6
uk_tog_2,0.0,,,,,,34.0,33.33,0.0,0.0,4.11,2.66,0.0,,,,,,TOG_II
it_toldi_II_a,0.0,,,,,,0.0,,,,,,0.0,,,,,,Toldi_IIA
tornado_adv,0.0,,,,,,15.0,,,1.0,,0.0,50.0,,,1.0,,0.0,Tornado_ADV
tornado_ids_it,0.0,,,,,,30.0,18.75,0.0,0.0,1.0,0.88,0.0,,,,,,Tornado_IDS
tornado_ids_it_mod95,0.0,,,,,,0.0,,,,,,0.0,,,,,,Tornado_IDS_(1995)
tornado_ids_it_ret8,0.0,,,,,,12.0,100.0,0.0,0.0,3.0,3.0,0.0,,,,,,Tornado_IDS_MLU_(RET.8)
uk_a39_tortoise,0.0,,,,,,0.0,,,,,,0.0,,,,,,Tortoise
ussr_tor_m1,0.0,,,,,,31.0,,,1.69,,0.0,0.0,,,,,,Toр-M1
fr_tpk_641_vpc,0.0,,,,,,67.0,100.0,0.63,0.65,0.0,0.0,0.0,,,,,,TPK_6.41
tu_4,0.0,,,,,,11.0,,,,,,0.0,,,,,,Tu-4
gladiator_mk2_tuck,0.0,,,,,,0.0,,,,,,0.0,,,,,,Tuck's_Gladiator_Mk_II
it_40m_turan_1,0.0,,,,,,2.0,,,0.0,,1.0,0.0,,,,,,Turan_I
jp_type_03_chusam_fcs,0.0,,,,,,24.0,100.0,0.0,0.0,0.0,0.0,0.0,,,,,,Type_03_(СОЦ)
jp_type_60_atm,0.0,,,,,,0.0,,,,,,0.0,,,,,,Type_60_ATM
jp_type_60_sprg,0.0,,,,,,176.0,73.02,0.0,0.0,5.18,2.03,0.0,,,,,,Type_60_SPRG_(C)
jp_type_61_mod,0.0,,,,,,89.0,54.62,0.0,0.0,1.62,2.07,0.0,,,,,,Type_61_(B)
ussr_type_62,0.0,,,,,,3.0,,,0.0,,3.0,0.0,,,,,,Type_62
cn_type_62,0.0,,,,,,60.0,86.84,0.0,0.0,2.77,2.28,0.0,,,,,,Type_62
cn_type_69,0.0,,,,,,130.0,69.87,0.0,0.0,5.96,4.2,0.0,,,,,,Type_69
cn_type_69_2a,0.0,,,,,,85.0,71.05,0.0,0.0,3.6,3.34,0.0,,,,,,Type_69-IIa
jp_type_74_mod_g_kai,0.0,,,,,,331.0,52.06,0.0,0.0,2.77,2.33,0.0,,,,,,Type_74_(G)
jp_type_75_mlrs,0.0,,,,,,0.0,,,,,,0.0,,,,,,Type_75_MLRS
jp_type_94,0.0,,,,,,19.0,55.26,0.45,0.89,3.05,5.74,0.0,,,,,,Type_94
sw_udes_33,0.0,,,,,,97.0,59.47,0.0,0.0,1.39,1.6,0.0,,,,,,UDES_33
uk_challenger_II,0.0,,,,,,401.0,54.94,0.0,0.0,2.01,1.71,0.0,,,,,,uk_challenger_ii_shop
us_m551_football,,,,,,,,,,,,,,,,,,,us_m551_football
ussr_m551_football,,,,,,,,,,,,,,,,,,,ussr_m551_football
v_11g,0.0,,,,,,0.0,,,,,,0.0,,,,,,V-11
v_156_b1,0.0,,,,,,0.0,,,,,,0.0,,,,,,V-156-B1
v_156_f,0.0,,,,,,0.0,,,,,,0.0,,,,,,V-156-F
uk_valentine_mk_1,0.0,,,,,,0.0,,,,,,0.0,,,,,,Valentine_I
vampire_fb5,0.0,,,,,,0.0,,,,,,0.0,,,,,,Vampire_F.B.5
vampire_fb52_finland,0.0,,,,,,27.0,78.57,0.0,0.0,0.57,0.25,0.0,,,,,,Vampire_FB_52A
vampire_fb52a_italy,0.0,,,,,,45.0,100.0,1.0,1.0,0.0,0.0,0.0,,,,,,Vampire_FB_52A
it_vbc_pt2,0.0,,,,,,118.0,54.17,0.0,0.0,2.95,2.08,19.0,,,0.0,,2.0,VBC_(PT2)
fr_vbci,0.0,,,,,,363.0,57.71,0.0,0.0,1.65,1.34,0.0,,,,,,VBCI
fr_vbci2_mct30,0.0,,,,,,50.0,66.03,0.0,0.0,1.09,1.83,0.0,,,,,,VBCI-2_(MCT30)
it_vcc_80_hitfist_30,0.0,,,,,,41.0,58.34,0.0,0.0,1.37,1.75,18.0,50.0,0.0,0.0,1.0,1.0,VCC-80/30
venom_fb4,0.0,,,,,,0.0,,,,,,0.0,,,,,,Venom_FB.4
fr_vextra_105,0.0,,,,,,221.0,63.52,0.0,0.0,1.55,0.99,0.0,,,,,,Vextra_105
uk_vfm_5,0.0,,,,,,124.0,54.29,0.0,0.0,2.32,2.03,0.0,,,,,,VFM5
uk_vickers_mbt_mk_3,0.0,,,,,,130.0,40.41,0.0,0.0,2.06,2.67,1.0,,,,,,Vickers_Mk.3
uk_vickers_mk7,0.0,,,,,,211.0,66.96,0.0,0.0,2.62,1.72,0.0,,,,,,Vickers_Mk.7
sw_vickers_mk_e_37,0.0,,,,,,0.0,,,,,,0.0,,,,,,Vickers_Mk.E
sw_k9_vidar,0.0,,,,,,99.0,21.37,0.0,0.0,1.91,0.96,0.0,,,,,,VIDAR
uk_vijayanta,0.0,,,,,,21.0,,,0.0,,1.33,0.0,,,,,,Vijayanta
it_vrcc_centauro,0.0,,,,,,236.0,67.86,0.0,0.0,2.28,1.54,0.0,,,,,,VRCC
germ_vt_1_2,0.0,,,,,,35.0,7.14,0.0,0.0,9.14,2.57,17.0,,,0.0,,2.0,VT1-2
cn_vt_4b,0.0,,,,,,134.0,96.49,0.0,0.0,7.19,2.62,0.0,,,,,,VT4A1
fr_amx_vtt_dca,0.0,,,,,,50.0,,,0.39,,0.0,0.0,,,,,,VTT_DCA
walrus_mk1,,,,,,,,,,,,,,,,,,,Walrus_Mk.I
uk_fv510_isv,0.0,,,,,,21.0,,,0.0,,0.67,0.0,,,,,,Warrior
welkin_fmk1,,,,,,,,,,,,,,,,,,,Welkin_F.Mk.I
wellington_mk1c,0.0,,,,,,0.0,,,,,,0.0,,,,,,Wellington_Mk_Ic
wellington_mk3,0.0,,,,,,0.0,,,,,,0.0,,,,,,Wellington_Mk_III
whirlwind_mk1,0.0,,,,,,6.0,,,0.0,,0.0,0.0,,,,,,Whirlwind_Mk_I
whirlwind_p9,0.0,,,,,,25.0,50.0,0.0,0.06,0.5,1.0,0.0,,,,,,Whirlwind_P.9
germ_wiesel_1_tow,0.0,,,,,,311.0,52.04,0.0,0.0,2.44,1.49,3.0,,,0.0,,2.0,Wiesel_1A2
wirraway,0.0,,,,,,0.0,,,,,,0.0,,,,,,Wirraway
cn_wma_301,0.0,,,,,,146.0,42.35,0.0,0.0,3.24,1.94,23.0,,,0.0,,0.0,WMA301
cn_wz_141,0.0,,,,,,137.0,67.86,0.0,0.0,6.91,2.93,0.0,,,,,,WZ141-1
xa_38,0.0,,,,,,0.0,,,,,,63.0,50.0,0.05,0.42,1.9,1.37,XA-38
us_xm1_chrysler,0.0,,,,,,0.0,,,,,,0.0,,,,,,XM1_(Chrysler)
us_xm_800t,0.0,,,,,,1974.0,59.17,0.0,0.0,1.28,1.13,0.0,,,,,,XM800T
p-38g_metal,0.0,,,,,,0.0,,,,,,0.0,,,,,,XP-38G
yak-15_early,0.0,,,,,,111.0,76.95,2.9,8.0,1.09,3.22,0.0,,,,,,Yak-15P
yak-28b,0.0,,,,,,31.0,56.25,0.0,0.0,0.0,0.0,0.0,,,,,,Yak-28B
yak-3_vk107,0.0,,,,,,143.0,66.86,1.97,3.67,0.59,1.18,14.0,,,3.0,,0.0,Yak-3_(VK-107)
yak-3t,0.0,,,,,,44.0,100.0,0.0,0.0,1.68,1.68,0.0,,,,,,Yak-3T
er-2_ach30b_late,0.0,,,,,,0.0,,,,,,0.0,,,,,,Yer-2_(ACh-30B)_(l)
er-2_m105_tat,0.0,,,,,,0.0,,,,,,0.0,,,,,,Yer-2_(M-105)_TAT
er-2_m105r_tat,0.0,,,,,,0.0,,,,,,0.0,,,,,,Yer-2_(M-105R)_TAT
yp-38,0.0,,,,,,0.0,,,,,,0.0,,,,,,YP-38
z_1007_bis_serie3,0.0,,,,,,9.0,50.0,0.0,0.0,1.0,2.0,0.0,,,,,,Z.1007_bis_serie_3
il_ss_11_halftrack,0.0,,,,,,16.0,100.0,0.0,0.0,1.7,1.44,0.0,,,,,,Zachlam_Tager
cn_zbd_04a,0.0,,,,,,351.0,60.12,0.0,0.0,1.36,1.28,0.0,,,,,,ZBD04A
cn_type_86,0.0,,,,,,24.0,16.67,0.0,0.0,0.83,0.5,0.0,,,,,,ZBD86
ussr_zis_12_94KM_1945,0.0,,,,,,147.0,72.22,0.18,0.13,2.57,2.29,0.0,,,,,,ZiS-12_(94-KM)
ussr_zis_43,0.0,,,,,,14.0,,,,,,0.0,,,,,,ZiS-43
it_40_43m_zrinyi_2,0.0,,,,,,2.0,,,,,,0.0,,,,,,Zrinyi_II
uk_ratel_zt3,0.0,,,,,,311.0,59.81,0.0,0.0,4.35,3.67,0.0,,,,,,ZT3A2
cn_ztz_59a,0.0,,,,,,100.0,51.19,0.0,0.0,3.91,4.46,4.0,,,0.0,,1.33,ZTZ59A
cn_type_59d,0.0,,,,,,77.0,90.48,0.0,0.0,3.05,1.7,0.0,,,,,,ZTZ59D1
cn_ztz_96a,0.0,,,,,,113.0,61.32,0.0,0.0,2.58,2.0,0.0,,,,,,ZTZ96A
ussr_zut_37,0.0,,,,,,26.0,,,0.0,,1.57,0.0,,,,,,ZUT-37
ussr_sdkfz_251_21_kit_3rank,0.0,,,,,,89.0,11.33,0.07,0.08,0.04,0.03,0.0,,,,,,Ганомаг_('45)
ussr_garford_putilov,0.0,,,,,,0.0,,,,,,0.0,,,,,,Гарфордъ
db_lk,0.0,,,,,,0.0,,,,,,0.0,,,,,,ДБ-ЛК
ussr_valentine_mk_9,0.0,,,,,,6.0,,,0.0,,1.0,0.0,,,,,,"МК-IX_""Valentine"""
mig_29kr_9_41r,,,,,,,,,,,,,,,,,,,МиГ-29КР_(9-41Р)
mig_29m_9_15,0.0,,,,,,39.0,63.7,0.59,0.87,0.09,0.13,0.0,,,,,,МиГ-29М_(9-15)
ussr_pantsyr_sm_sv,0.0,,,,,,854.0,55.34,0.94,1.09,0.15,0.18,6.0,,,,,,Панцирь_СМ-СВ
it_9a35_m,0.0,,,,,,15.0,,,,,,0.0,,,,,,Стрела-10М
uk_9a35_m,0.0,,,,,,12.0,,,,,,0.0,,,,,,Стрела-10М
cn_t_62,0.0,,,,,,26.0,50.0,0.0,0.0,0.88,1.71,0.0,,,,,,Т-62_№545
ussr_t_90m_arena_m,,,,,,,,,,,,,,,,,,,Т-90М_(Арена-М)
tu_95m,0.0,,,,,,80.0,0.0,0.0,0.0,1.2,0.38,4.0,,,,,,Ту-95М
yak_130_early,,,,,,,,,,,,,,,,,,,Як-130
p-47m-1-re_boxted,0.0,,,,,,0.0,,,,,,8.0,50.0,1.0,2.0,0.5,1.0,⋠P-47M-1-RE
a6m5_zero_china,,,,,,,,,,,,,,,,,,,A6M5_(China)
cn_type_97_chi_ha,0.0,,,,,,0.0,,,,,,0.0,,,,,,Chi-Ha_(China)
cn_type_97_kai,0.0,,,,,,0.0,,,,,,0.0,,,,,,Chi-Ha_Kai_(China)
db_3a_china,0.0,,,,,,0.0,,,,,,0.0,,,,,,DB-3A_(China)
f-100a_china,0.0,,,,,,70.0,89.58,1.49,1.26,0.75,0.61,0.0,,,,,,F-100A_(China)
f_100f_china,0.0,,,,,,0.0,,,,,,0.0,,,,,,F-100F_(China)
f-104a_china,0.0,,,,,,0.0,,,,,,0.0,,,,,,F-104A_(China)
f-104g_china,0.0,,,,,,0.0,,,,,,0.0,,,,,,F-104G_(China)
f_16a_block_72v_china,,,,,,,,,,,,,,,,,,,F-16V_(China)
f-5a_china,0.0,,,,,,3.0,100.0,2.0,2.0,1.0,1.0,0.0,,,,,,F-5A_(China)
f-5e_aidc,0.0,,,,,,0.0,,,,,,0.0,,,,,,F-5E_(China)
f-84g-31-re_china,0.0,,,,,,13.0,100.0,0.0,0.0,2.0,1.2,1.0,,,,,,F-84G-31-RE_(China)
f-86f-30_china,0.0,,,,,,0.0,,,,,,0.0,,,,,,F-86F-30_(China)
f-86f-40_china,0.0,,,,,,0.0,,,,,,0.0,,,,,,F-86F-40_(China)
gladiator_mk1_china,0.0,,,,,,0.0,,,,,,0.0,,,,,,Gladiator_Mk_I_(China)
hs-123a-1_china,0.0,,,,,,0.0,,,,,,0.0,,,,,,Hs_123_A-1_(China)
i-16_chung_28,0.0,,,,,,0.0,,,,,,0.0,,,,,,I-16_Chung_28_(China)
cn_isu_122,0.0,,,,,,31.0,,,0.0,,1.0,0.0,,,,,,ISU-122_(China)
cn_isu_152,0.0,,,,,,42.0,100.0,0.0,0.0,1.0,0.93,0.0,,,,,,ISU-152_(China)
ki-27_otsu_china,0.0,,,,,,0.0,,,,,,0.0,,,,,,Ki-27_otsu_(China)
ki-45_hei_tei_china,0.0,,,,,,0.0,,,,,,0.0,,,,,,Ki-45_hei/tei_(China)
ki_84_ko_china,0.0,,,,,,32.0,,,0.5,,1.81,0.0,,,,,,Ki-84_ko_(China)
la-9_china,0.0,,,,,,19.0,0.0,0.0,0.0,0.0,0.0,0.0,,,,,,La-9_(China)
cn_m113a1_tow,0.0,,,,,,89.0,50.0,0.0,0.0,1.5,1.0,0.0,,,,,,M113A1_(TOW)_(China)
cn_m3a3_stuart_1st_ptg,0.0,,,,,,0.0,,,,,,0.0,,,,,,M3A3_(1st_PTG)_(China)
cn_m3a3_stuart,0.0,,,,,,20.0,,,,,,0.0,,,,,,M3A3_Stuart_(China)
cn_m5a1_stuart,0.0,,,,,,0.0,,,,,,0.0,,,,,,M5A1_(China)
cn_m60a3_tts,0.0,,,,,,43.0,41.67,0.0,0.0,4.08,4.22,0.0,,,,,,M60A3_TTS_(China)
mirage_2000_5ei,0.0,,,,,,91.0,55.42,2.15,3.59,0.0,0.0,0.0,,,,,,Mirage_2000-5Ei_(China)
p-38l_1_china_rocaf,0.0,,,,,,40.0,50.0,0.5,0.25,1.0,1.63,0.0,,,,,,P-38L-1_(China)
p1y1_mod11_china,0.0,,,,,,0.0,,,,,,0.0,,,,,,P1Y1_mod._11_(China)
cn_pt_76,0.0,,,,,,0.0,,,,,,0.0,,,,,,PT-76_(China)
sb_2m_103u_china,0.0,,,,,,0.0,,,,,,0.0,,,,,,SB_2M-103U_(China)
cn_sdkfz_222_early,0.0,,,,,,35.0,,,0.0,,1.0,0.0,,,,,,Sd.Kfz.222_(China)
tu_4_china,0.0,,,,,,0.0,,,,,,0.0,,,,,,Tu-4_(China)
uk_challenger_II_yt_cup_2019,,,,,,,,,,,,,,,,,,,␙Challenger_2
germ_leopard_2a5_yt_cup_2019,0.0,,,,,,0.0,,,,,,0.0,,,,,,␙Leopard_2A5
us_m1a1_abrams_yt_cup_2019,0.0,,,,,,0.0,,,,,,0.0,,,,,,␙M1A1
md_460_yt_cup_2019,,,,,,,,,,,,,,,,,,,␙Super_Mystere_B2
ussr_t_80u_yt_cup_2019,0.0,,,,,,0.0,,,,,,0.0,,,,,,␙T-80U
f-86_canadair_german,0.0,,,,,,12.0,100.0,2.0,,1.43,,0.0,,,,,,◄CL-13A_Mk_5
f-86_cl_13b_mk6,0.0,,,,,,121.0,95.65,4.33,8.44,0.49,1.11,0.0,,,,,,◄CL-13B_Mk.6
ef_2000_block_10,0.0,,,,,,131.0,62.69,1.66,2.43,0.42,0.65,13.0,,,0.0,,0.0,◄EF-2000
ef_2000_aesa,0.0,,,,,,635.0,55.3,1.6,1.99,0.27,0.34,18.0,,,1.85,,0.0,◄EF-2000_(AESA)
f-104g,0.0,,,,,,18.0,50.0,0.5,1.0,0.0,0.0,0.0,,,,,,◄F-104G
f-4f,0.0,,,,,,89.0,43.89,0.55,0.97,1.54,2.68,0.0,,,,,,◄F-4F_Early
f-4f_kws_lv,0.0,,,,,,212.0,52.85,1.5,1.59,0.01,0.01,0.0,,,,,,◄F-4F_KWS_LV
f-84f_germany,0.0,,,,,,0.0,,,,,,0.0,,,,,,◄F-84F
f-86k_late_german,0.0,,,,,,5.0,,,0.0,,0.0,0.0,,,,,,◄F-86K
fiat_g91_r3,0.0,,,,,,80.0,79.81,1.07,1.15,0.83,1.15,0.0,,,,,,◄G.91_R/3
fiat_g91_r4_german,0.0,,,,,,111.0,61.11,0.97,1.02,0.21,0.26,0.0,,,,,,◄G.91_R/4
mig-21_sps_k,0.0,,,,,,60.0,80.77,2.07,1.93,0.0,0.0,0.0,,,,,,◄MiG-21_SPS-K
mig_29_9_12g,0.0,,,,,,132.0,52.22,0.95,0.92,0.11,0.11,0.0,,,,,,◄MiG-29G
sea_hawk_mk100,0.0,,,,,,29.0,,,,,,0.0,,,,,,◄Sea_Hawk_Mk.100
su_22m4_de_wtd61,0.0,,,,,,234.0,46.19,0.89,0.98,1.33,1.57,0.0,,,,,,◄Su-22M4_WTD61
tornado_ids_de_assta3_sle,0.0,,,,,,26.0,100.0,0.0,0.0,1.38,1.35,1.0,,,0.0,,1.0,◄Tornado_IDS_SLE
il_28_german,0.0,,,,,,24.0,,,,,,0.0,,,,,,◊IL-28
mig-17p_lim_5p,0.0,,,,,,11.0,100.0,1.09,1.0,0.91,1.0,0.0,,,,,,◊Lim-5P
mig-19s,0.0,,,,,,23.0,50.0,1.75,1.83,0.83,0.83,0.0,,,,,,◊MiG-19S
mig_29_9_12_germany,0.0,,,,,,137.0,49.0,0.85,1.44,0.0,0.0,10.0,,,1.75,,0.0,◊MiG-29
germ_9a33bm3,0.0,,,,,,14.0,0.0,1.0,0.21,0.0,0.0,0.0,,,,,,◊Osa-AK
us_lvt_a_1_trb,0.0,,,,,,0.0,,,,,,0.0,,,,,,○LVT(A)(1)
p-36c_rb,0.0,,,,,,0.0,,,,,,0.0,,,,,,○P-36C
fa_18c_late_switzerland,0.0,,,,,,187.0,45.57,0.64,0.83,0.14,0.18,0.0,,,,,,◌F/A-18C_Late
hunter_f58a_1971_switzerland,0.0,,,,,,34.0,51.56,0.09,0.13,0.68,0.74,0.0,,,,,,◌Hunter_F.58A_(1971)
mirage_3s_c70_switzerland,0.0,,,,,,24.0,50.0,1.42,1.23,0.75,0.38,4.0,,,,,,◌Mirage_IIIS_C.70
uk_challenger_2_megatron_sm,0.0,,,,,,242.0,74.12,0.0,0.0,3.06,1.21,0.0,,,,,,◍Challenger_2_OES
cn_mbt2000_sm,0.0,,,,,,1.0,,,,,,0.0,,,,,,◍MBT-2000
il_28_hungary,0.0,,,,,,0.0,,,,,,0.0,,,,,,◔IL-28
saab_jas39c_hungary,0.0,,,,,,15.0,50.0,0.62,1.23,1.31,2.62,13.0,,,,,,◔JAS39EBS_HU_C
me_210ca_1_40_mm_hungary,0.0,,,,,,22.0,,,,,,0.0,,,,,,◔Me_210_Ca-1_36.M
mig-15bis_nr23_hungary,0.0,,,,,,13.0,,,,,,0.0,,,,,,◔MiG-15bis
mig-17pf_hungary,0.0,,,,,,0.0,,,,,,0.0,,,,,,◔MiG-17PF
mig-21_bis_sau_hungary,0.0,,,,,,0.0,,,,,,0.0,,,,,,◔MiG-21bis-SAU
mig-21_mf_hungary,0.0,,,,,,38.0,100.0,2.75,3.0,0.21,0.33,0.0,,,,,,◔MiG-21MF
mig_23mf_hungary,0.0,,,,,,10.0,,,1.0,,0.0,0.0,,,,,,◔MiG-23MF
mig_29_9_12b_hungary,0.0,,,,,,0.0,,,,,,0.0,,,,,,◔MiG-29
su_22m3_hungary,0.0,,,,,,0.0,,,,,,0.0,,,,,,◔Su-22M3
tu-2_postwar_late_hungary,0.0,,,,,,25.0,50.0,0.0,0.0,0.0,0.0,0.0,,,,,,◔Tu-2S-59
fokker_d21_netherlands,0.0,,,,,,0.0,,,,,,0.0,,,,,,◗Fokker_D.XXI
f_16am_block_20_mlu_netherlands,,,,,,,,,,,,,,,,,,,◘F-16AM
nf_5a_netherlands,0.0,,,,,,212.0,61.2,2.04,3.63,0.78,1.41,0.0,,,,,,◘NF-5A
sb_25j_netherlands,0.0,,,,,,5.0,,,,,,0.0,,,,,,◘SB-25J
kfir_c10_colombia,0.0,,,,,,85.0,82.05,2.03,3.38,0.0,0.0,0.0,,,,,,◡Kfir_C.10
f_16a_block_10_norway,0.0,,,,,,0.0,,,,,,0.0,,,,,,◢F-16A
f_16am_block_20_mlu_norway,0.0,,,,,,2.0,,,1.0,,1.0,13.0,,,,,,◢F-16AM
f-5ag_norway,0.0,,,,,,26.0,50.0,1.1,2.21,0.5,1.0,0.0,,,,,,◢F-5A(G)
a_4e_late_iaf,0.0,,,,,,28.0,100.0,0.07,,1.36,,0.0,,,,,,A-4E_(Israel)
a_4e_early_iaf,0.0,,,,,,0.0,,,,,,0.0,,,,,,A-4E_Early_(M)_(Israel)
a_4h,0.0,,,,,,38.0,59.85,0.19,0.22,0.59,1.02,0.0,,,,,,A-4H_(Israel)
b-17g_iaf,0.0,,,,,,0.0,,,,,,0.0,,,,,,B-17G_(Israel)
f-84f_israel_iaf,0.0,,,,,,0.0,,,,,,0.0,,,,,,F-84F_(Israel)
il_mim_72_chaparral,0.0,,,,,,8.0,,,,,,0.0,,,,,,Imp.Chaparral_(Israel)
md_450b_ouragan_iaf_29,0.0,,,,,,0.0,,,,,,0.0,,,,,,M.D.450B_(29)_(Israel)
meteor_frmk9_iaf,0.0,,,,,,0.0,,,,,,0.0,,,,,,Meteor_FR.9_(Israel)
md_454_mystere_4a_iaf,0.0,,,,,,4.0,0.0,0.0,0.0,0.0,0.0,0.0,,,,,,Mystere_IVA_(Israel)
so_4050_vautour_2a_israel_iaf,0.0,,,,,,0.0,,,,,,0.0,,,,,,Vautour_IIA_(Israel)
so_4050_vautour_2n_iaf,0.0,,,,,,0.0,,,,,,0.0,,,,,,Vautour_IIN_(Israel)
