name,ab_battles,ab_win_rate,ab_air_frags_per_battle,ab_air_frags_per_death,ab_ground_frags_per_battle,ab_ground_frags_per_death,rb_battles,rb_win_rate,rb_air_frags_per_battle,rb_air_frags_per_death,rb_ground_frags_per_battle,rb_ground_frags_per_death,sb_battles,sb_win_rate,sb_air_frags_per_battle,sb_air_frags_per_death,sb_ground_frags_per_battle,sb_ground_frags_per_death,alt_name
us_t58,838.0,65.13,0.04,0.03,4.61,4.35,2204.0,61.63,0.0,0.0,3.31,2.51,3.0,,,0.0,,1.0,T58
ussr_t_80bvm,677.0,54.54,0.0,0.03,1.54,1.76,6262.0,45.81,0.0,0.0,1.84,1.6,0.0,,,,,,T-80BVM
ussr_t_34_85_zis_53_v80,620.0,83.59,0.07,0.08,4.3,5.6,210.0,52.63,0.0,0.0,4.35,2.85,0.0,,,,,,"Т-34-85_""Партизан"""
it_sherman_75_37,605.0,73.59,0.12,0.14,6.26,7.26,93.0,62.9,0.0,0.0,3.99,3.55,0.0,,,,,,Sherman_I_Composito
ussr_t_72a,563.0,54.79,0.1,0.1,2.5,2.05,2835.0,53.06,0.0,0.0,2.01,2.01,0.0,,,,,,T-72A
ussr_t_80ue1_sm,531.0,53.51,0.0,0.0,1.65,1.58,2644.0,41.52,0.0,0.0,1.36,1.11,14.0,,,0.0,,1.0,◍Т-80У-Е1
germ_pzkpfw_III_ausf_F,486.0,81.8,0.1,0.12,6.71,9.17,62.0,82.26,0.0,0.0,8.33,9.05,0.0,,,,,,Pz.III_F
germ_pzkpfw_VI_ausf_h1_tiger_west,451.0,76.11,0.05,0.05,3.47,5.65,238.0,50.48,0.0,0.0,4.09,3.01,11.0,,,,,,Tiger_West
us_lvt_a_1,432.0,97.23,0.13,0.27,6.41,11.87,11.0,,,,,,0.0,,,,,,LVT(A)(1)
ussr_t_44_100,436.0,51.8,0.11,0.1,2.64,2.24,1380.0,50.59,0.0,0.0,2.29,1.74,113.0,50.0,0.0,0.0,4.37,3.08,T-44-100
s_199,386.0,66.22,6.5,1.59,2.28,0.5,24.0,,,0.54,,0.54,0.0,,,,,,Sakeen
ussr_t_34_1941_57,416.0,54.93,0.0,0.0,2.09,2.23,451.0,40.85,0.0,0.0,2.5,1.61,0.0,,,,,,T-34-57
germ_pzkpfw_VI_ausf_b_tiger_IIh,403.0,53.25,0.03,0.03,2.18,2.57,2177.0,50.87,0.01,0.01,3.14,2.68,0.0,,,,,,Tiger_II_(H)
ussr_t_34_85_zis_53,397.0,67.89,0.0,0.0,2.52,3.7,646.0,46.45,0.0,0.0,1.91,1.63,19.0,,,0.0,,0.0,T-34-85
su_30mk2v_venezuela,391.0,65.66,4.94,3.31,0.49,0.33,5841.0,48.34,0.97,1.05,0.35,0.38,199.0,100.0,6.67,1.52,1.57,0.38,Су-30МК2_AMV
ussr_kv_1_zis_5,389.0,62.84,0.0,0.0,3.4,4.47,203.0,40.3,0.0,0.0,3.96,3.59,0.0,,,,,,KV-1_(ZiS-5)
germ_vsw_flak_41,394.0,82.18,0.09,0.09,4.43,4.77,108.0,26.08,0.0,0.0,7.48,5.26,15.0,,,0.0,,2.0,VFW
germ_pzkpfw_VI_ausf_h1_tiger_east,388.0,75.43,0.07,0.07,3.94,5.53,195.0,46.77,0.0,0.0,3.91,3.41,0.0,,,,,,Tiger_Ost
germ_panzerbefelhswagen_VI_P,372.0,89.82,0.03,0.04,8.95,14.73,138.0,40.84,0.0,0.0,3.55,3.75,0.0,,,,,,Pz.Bfw.VI_(P)
germ_pzkpfw_VI_ausf_h1_tiger,355.0,58.2,0.02,0.02,2.84,3.69,882.0,47.64,0.0,0.0,2.6,2.14,0.0,,,,,,Tiger_H1
us_m6a1,340.0,72.02,0.09,0.08,4.37,3.71,171.0,65.64,0.0,0.0,4.49,2.37,0.0,,,,,,M6A1
la-7,339.0,90.02,3.6,4.39,1.83,2.2,51.0,22.22,2.25,2.38,0.35,0.31,0.0,,,,,,La-7
su_30mkk,320.0,74.48,8.71,4.42,0.19,0.15,1055.0,60.03,1.16,1.28,0.5,0.55,40.0,,,2.44,,0.0,Su-30MKK_(China)
ussr_t_54_1947,330.0,58.78,0.0,0.0,2.68,2.53,318.0,57.73,0.0,0.0,2.82,2.39,0.0,,,,,,T-54_(1947)
sw_sav_fm48,312.0,64.34,0.04,0.03,4.55,3.3,419.0,55.1,0.0,0.0,4.61,2.85,0.0,,,,,,SAV_20.12.48
ussr_t_64a_1971,323.0,58.26,0.0,0.0,2.29,2.08,1575.0,53.52,0.0,0.0,2.18,1.93,32.0,100.0,0.0,0.0,2.0,1.4,T-64A_(1971)
sw_t_34_1941,315.0,60.98,0.03,0.04,3.68,3.82,84.0,10.71,0.0,0.0,3.36,2.05,0.0,,,,,,T-34
ussr_zsu_57_2,325.0,42.11,0.23,0.17,1.41,1.08,860.0,45.95,0.01,0.0,1.39,1.07,14.0,100.0,0.0,0.0,1.0,1.0,ZSU-57-2
ussr_kv_85,320.0,52.48,0.11,0.11,3.15,2.95,178.0,40.58,0.0,0.0,4.91,2.3,0.0,,,,,,KV-85
bf-109f-4,305.0,72.42,7.63,5.86,0.59,0.4,184.0,82.22,5.13,6.22,1.45,1.88,2.0,,,,,,Bf_109_F-4
germ_thyssen_henschel_tam_2ip,301.0,59.33,0.1,0.1,2.45,2.01,1165.0,45.22,0.0,0.0,1.94,1.37,0.0,,,,,,TAM_2IP
ussr_bmpt_72,290.0,52.55,0.04,0.02,1.77,1.11,2264.0,42.83,0.0,0.0,1.57,1.2,0.0,,,,,,БМПТ-72
ussr_t_34_85E,279.0,79.95,0.03,0.04,3.57,4.61,381.0,67.1,0.0,0.0,4.98,3.13,0.0,,,,,,T-34-85E
ussr_t_34_85_d_5t,269.0,70.05,0.04,0.04,5.25,4.9,640.0,48.47,0.0,0.0,3.32,1.84,0.0,,,,,,T-34-85_(D-5T)
cn_type_58,275.0,79.25,0.04,0.03,5.31,4.92,242.0,63.04,0.0,0.0,2.91,2.65,0.0,,,,,,Т-34-85_Gai
ussr_kv_1e,269.0,98.35,0.02,0.03,7.66,9.83,185.0,67.05,0.0,0.0,9.08,4.19,0.0,,,,,,KV-1E
jp_type_4_chi_to_late,284.0,64.07,0.17,0.12,4.4,3.45,534.0,66.26,0.0,0.0,3.06,2.72,11.0,0.0,0.0,0.0,2.0,2.0,Chi-To_Late
i_185_m71_standard,256.0,68.63,2.54,2.04,1.04,0.85,64.0,,,0.69,,0.25,0.0,,,,,,I-185_(M-71)
ussr_bmpt,256.0,48.59,0.32,0.34,1.38,1.58,2699.0,42.16,0.0,0.0,1.35,1.15,3.0,,,0.0,,1.0,БМПТ
germ_pzkpfw_V_ausf_d_panther,245.0,65.09,0.04,0.05,2.2,2.84,581.0,43.6,0.0,0.0,1.72,1.72,10.0,,,,,,Panther_D
bf-109f-4_trop,254.0,74.65,5.55,6.35,0.36,0.37,0.0,,,,,,0.0,,,,,,Bf_109_F-4/trop
sw_cv_90105_tml,244.0,63.93,0.0,0.0,2.02,1.65,1321.0,56.19,0.0,0.0,2.25,1.73,0.0,,,,,,CV_90105
germ_pzkpfw_VI_ausf_e_tiger,243.0,60.01,0.0,0.0,2.79,2.84,1176.0,44.65,0.0,0.0,2.05,1.75,0.0,,,,,,Tiger_E
ussr_object_906,247.0,43.04,0.0,0.0,1.63,1.44,1328.0,52.28,0.0,0.0,2.33,1.66,65.0,100.0,0.0,0.0,8.38,2.96,Object_906
sw_m24_chaffee_dk,241.0,54.21,0.23,0.19,3.12,2.77,338.0,65.05,0.0,0.0,2.58,1.18,0.0,,,,,,M24DK
uk_a_33_excelsior,241.0,96.79,0.07,0.14,5.25,7.42,327.0,89.91,0.0,0.0,9.24,4.92,0.0,,,,,,Excelsior
germ_panther_II,238.0,92.8,0.0,0.0,5.9,4.94,347.0,67.32,0.0,0.0,5.14,3.54,0.0,,,,,,Panther_II
uk_a27m_cromwell_5,234.0,87.21,0.0,0.0,4.8,6.25,172.0,74.96,0.0,0.0,3.04,1.89,0.0,,,,,,Cromwell_V
germ_pzkpfw_VI_ausf_b_tiger_IIp,239.0,49.23,0.03,0.03,2.01,3.1,884.0,39.2,0.0,0.0,1.63,1.5,0.0,,,,,,Tiger_II_(P)
us_m26e1_pershing,236.0,81.11,0.06,0.08,7.53,7.74,786.0,67.97,0.0,0.0,3.14,3.37,0.0,,,,,,M26E1
us_m1a1_hc_usmc_sm,236.0,62.65,0.0,0.0,3.43,2.95,3018.0,63.43,0.0,0.0,2.16,1.83,0.0,,,,,,◍M1A1_HC
ussr_t_80ue1,226.0,49.72,0.0,0.0,2.23,2.34,4861.0,42.63,0.0,0.0,1.45,1.29,2.0,,,0.0,,0.0,Т-80U-Е1
jp_type_3_ka_chi,218.0,84.0,0.07,0.09,11.71,13.42,20.0,,,0.0,,2.0,0.0,,,,,,Ka-Chi
ussr_btr_82at,222.0,52.15,0.25,0.26,1.1,1.15,958.0,49.77,0.0,0.0,1.45,1.22,0.0,,,,,,БТР-82АТ
germ_leopard_2k,230.0,58.01,0.0,0.0,2.44,1.92,1570.0,52.96,0.0,0.0,2.14,1.73,0.0,,,,,,Leopard_2K
ussr_t_55_amd_1,216.0,52.68,0.0,0.0,1.84,1.64,1161.0,41.92,0.0,0.0,1.24,1.16,5.0,,,,,,T-55AMD-1
germ_t_34_747,229.0,79.15,0.0,0.0,3.95,4.18,69.0,73.08,0.0,0.0,6.31,4.81,0.0,,,,,,T_34_747_(r)
germ_pzkpfw_V_ausf_g_panther,211.0,67.44,0.0,0.0,1.79,1.95,522.0,41.0,0.0,0.0,1.48,1.56,0.0,,,,,,Panther_G
jp_type_4_chi_to,231.0,64.23,0.19,0.22,3.04,3.4,418.0,69.83,0.0,0.0,2.7,2.43,7.0,0.0,0.0,0.0,1.0,1.0,Chi-To
sw_pzkpfw_IV_ausf_J,222.0,68.83,0.0,0.0,2.12,2.59,211.0,43.62,0.0,0.0,0.8,0.81,0.0,,,,,,Pz.IV
germ_sdkfz_9_flak37,228.0,69.91,0.19,0.14,5.4,5.08,29.0,53.06,0.0,0.0,2.47,3.05,0.0,,,,,,"8,8_cm_Flak_37_Sfl."
la-5fn,211.0,62.26,3.24,4.75,0.54,0.82,68.0,30.0,3.25,1.79,0.05,0.01,0.0,,,,,,La-5FN
ussr_2s1,202.0,48.74,0.05,0.05,0.85,0.83,336.0,31.99,0.0,0.0,0.64,0.52,0.0,,,,,,2S1
germ_kpz_70,226.0,46.39,0.04,0.03,1.17,0.75,1277.0,47.79,0.0,0.0,1.81,1.39,0.0,,,,,,KPz-70
sw_strv_122b_plus,205.0,92.12,0.0,0.0,4.48,4.22,497.0,60.15,0.0,0.0,2.81,2.0,0.0,,,,,,Strv_122B+
us_m1a1_hc_usmc,202.0,59.8,0.0,0.0,3.17,2.63,5675.0,60.79,0.0,0.0,1.97,1.83,8.0,,,0.0,,1.0,M1A1_Click-Bait
do_335a_1,208.0,86.29,0.75,0.39,12.79,6.73,121.0,34.44,0.64,0.58,1.45,0.84,0.0,,,,,,Do_335_A-1
germ_pzkpfw_V_ausf_a_panther,195.0,58.19,0.01,0.01,3.64,3.23,704.0,39.22,0.0,0.0,1.35,1.48,0.0,,,,,,Panther_A
cn_m1a2t,191.0,41.67,0.0,0.0,1.28,1.46,195.0,87.5,0.0,0.0,12.54,2.73,0.0,,,,,,M1A2T
germ_pzh_2000,190.0,59.83,0.89,0.73,1.32,1.03,517.0,33.63,0.01,0.01,1.84,1.1,0.0,,,,,,PzH_2000
ussr_t_34_100,189.0,83.77,0.03,0.05,3.62,4.55,381.0,72.85,0.0,0.0,2.87,2.18,31.0,0.0,0.0,0.0,1.0,1.0,T-34-100
germ_pzkpfw_V_ausf_f_panther,184.0,64.99,0.0,0.0,3.77,3.62,472.0,44.3,0.0,0.0,1.52,1.48,0.0,,,,,,Panther_F
germ_leopard_I,197.0,65.97,0.0,0.0,1.48,1.5,770.0,28.92,0.0,0.0,1.23,0.96,10.0,0.0,0.0,0.0,1.0,1.0,Leopard_I
la-5_type37_early,192.0,75.17,4.13,4.95,1.03,1.19,0.0,,,,,,0.0,,,,,,La-5
us_t14,186.0,59.79,0.2,0.3,2.55,4.93,469.0,64.89,0.0,0.0,5.53,3.77,0.0,,,,,,T14
cn_type_97_chi_ha,192.0,100.0,0.11,0.25,6.07,10.27,0.0,,,,,,0.0,,,,,,Chi-Ha_(China)
germ_panzerjager_panther,187.0,69.08,0.0,0.0,2.93,3.27,570.0,46.11,0.0,0.0,1.34,1.06,16.0,,,0.0,,1.69,Jagdpanther_G1
germ_vk_3002m,184.0,48.61,0.0,0.0,4.37,4.25,259.0,58.11,0.0,0.0,3.05,2.14,0.0,,,,,,VK_3002_(M)
sw_sherman_3_4,176.0,67.85,0.0,0.0,5.71,5.34,275.0,61.94,0.0,0.0,5.22,3.4,0.0,,,,,,Sherman_III/IV
jp_type_90b_camo,185.0,48.29,0.08,0.06,1.99,2.02,4107.0,54.85,0.0,0.0,2.54,1.84,33.0,33.33,0.0,0.0,0.7,0.7,"Type_90_(B)_""Fuji"""
ussr_object_435,186.0,57.65,0.0,0.0,2.02,1.69,233.0,45.05,0.0,0.0,1.28,0.99,0.0,,,,,,Object_435
ussr_t_90m_2020,186.0,50.0,0.0,0.0,2.01,2.09,2412.0,39.67,0.0,0.0,1.59,1.41,0.0,,,,,,T-90M
germ_pzkpfw_VI_ausf_b_tiger_IIh_sla,171.0,95.48,0.0,0.0,6.3,5.55,839.0,59.55,0.0,0.0,5.0,3.73,0.0,,,,,,Tiger_II_(H)_Sla.16
i_185_m82,176.0,70.12,5.36,2.79,1.3,0.73,41.0,100.0,4.2,3.82,0.93,0.94,0.0,,,,,,I-185_(M-82)
ussr_zsu_23_4m4,175.0,42.89,1.68,2.19,0.52,0.69,565.0,37.34,1.03,0.84,0.03,0.03,0.0,,,,,,ZSU-23-4M4
cn_vt_4b,170.0,46.06,0.0,0.0,1.41,1.79,35.0,63.64,0.0,0.0,1.5,2.46,0.0,,,,,,VT4A1
fr_m26_pershing,175.0,39.89,0.31,0.35,2.04,2.2,106.0,81.16,0.0,0.0,3.17,1.58,0.0,,,,,,M26
germ_spz_oerlikon_raketenautomat,175.0,59.66,0.0,0.0,1.05,0.91,319.0,29.58,0.0,0.0,1.59,1.18,0.0,,,,,,Raketenautomat
ussr_t_44_po,168.0,89.25,0.06,0.06,3.75,4.26,124.0,56.06,0.0,0.0,4.02,2.26,0.0,,,,,,Т-44(ПМ)
germ_pzkpfw_IV_ausf_H,167.0,34.29,0.06,0.04,3.71,2.61,386.0,37.55,0.0,0.0,2.15,1.39,0.0,,,,,,Pz.IV_H
germ_leopard_I_a1,179.0,56.21,0.02,0.02,2.21,1.7,551.0,42.06,0.0,0.0,1.54,1.34,0.0,,,,,,Leopard_A1A1
germ_leopard_1a5,175.0,55.25,0.0,0.0,2.41,1.5,1213.0,41.57,0.0,0.0,1.42,1.25,33.0,50.0,0.0,0.0,2.5,1.84,Leopard_1A5
jp_type_3_chi_nu_75cm_type_5,177.0,74.8,0.02,0.02,5.61,6.64,532.0,71.9,0.0,0.0,5.15,4.45,0.0,,,,,,Chi-Nu_II
fr_msc,162.0,55.06,0.0,0.0,2.19,2.2,678.0,53.0,0.0,0.0,2.14,2.04,2.0,,,0.0,,1.0,MSC
mig_25pd,165.0,75.7,6.86,6.36,0.0,0.0,174.0,71.92,2.1,2.48,0.0,0.0,0.0,,,,,,МиГ-25ПД
il_merkava_mk_2d,151.0,53.88,0.0,0.0,2.71,3.37,512.0,52.39,0.0,0.0,3.01,2.35,0.0,,,,,,Merkava_Mk.2D
ussr_t_34E_STZ,165.0,79.47,0.0,0.0,3.19,3.45,71.0,50.0,0.0,0.0,2.21,4.21,0.0,,,,,,T-34E_STZ
us_m1a2_abrams,154.0,51.94,0.0,0.0,1.9,1.8,1301.0,67.13,0.0,0.0,1.9,1.65,0.0,,,,,,M1A2_Abrams
yak-9t,155.0,85.75,7.6,4.93,0.3,0.25,89.0,38.69,1.6,1.63,0.58,0.56,0.0,,,,,,Yak-9T
germ_waffentrager_krupp_steyr,146.0,80.55,0.15,0.23,3.33,4.38,122.0,37.26,0.0,0.0,1.91,2.27,0.0,,,,,,Waffenträger
germ_pzkpfw_IV_ausf_C,154.0,96.77,0.04,0.05,11.55,14.1,13.0,,,0.0,,0.31,0.0,,,,,,Pz.IV_C
cn_t_34_1942,160.0,76.34,0.01,0.02,4.31,6.24,77.0,100.0,0.0,0.0,5.77,1.97,0.0,,,,,,T-34_(1943)_(China)
jp_type_97_chi_ha,149.0,100.0,0.0,0.0,10.48,15.28,6.0,,,,,,0.0,,,,,,Chi-Ha
ussr_t_80uk,161.0,60.54,0.0,0.0,0.84,1.15,1281.0,40.75,0.0,0.0,1.55,1.13,0.0,,,,,,T-80UK
ussr_t_55_am,150.0,53.01,0.0,0.0,2.56,2.14,523.0,43.88,0.0,0.0,1.68,1.57,13.0,,,0.0,,1.0,T-55AM-1
sw_strv121b_christian2,147.0,43.73,0.0,0.0,2.61,2.57,1780.0,52.35,0.0,0.0,2.23,1.8,0.0,,,,,,Christian_II
uk_chieftain_mk_10,150.0,61.18,0.0,0.0,3.37,5.19,216.0,83.67,0.0,0.0,6.47,3.28,0.0,,,,,,Chieftain_Mk_10
ussr_t_90m_arena_m,154.0,65.6,0.0,0.0,2.84,2.97,1004.0,46.47,0.0,0.0,1.97,1.48,0.0,,,,,,Т-90М_(Арена-М)
germ_pzkpfw_VI_ausf_b_tiger_IIh_kwk46,151.0,95.48,0.0,0.0,7.35,7.79,253.0,69.36,0.0,0.0,4.9,3.34,0.0,,,,,,Tiger_II_(10.5_cm_Kw.K)
us_m1a2_sep2_abrams_trophy,140.0,83.79,0.14,0.27,5.23,7.0,2956.0,62.44,0.0,0.0,1.97,1.89,29.0,,,0.0,,0.58,M1A2_(Trophy-HV)
cn_m8_scott,147.0,100.0,0.19,0.29,3.74,5.87,21.0,100.0,0.0,0.0,2.0,0.28,0.0,,,,,,M8_HMC_(China)
jp_type_5_ho_ri_production,146.0,89.43,0.0,0.0,5.61,5.73,1931.0,87.53,0.0,0.0,4.52,4.55,0.0,,,,,,Ho-Ri_Production
ussr_t_62,152.0,30.36,0.0,0.0,2.12,2.06,337.0,54.88,0.0,0.0,2.15,1.64,0.0,,,,,,T-62
f-4c,135.0,41.19,1.53,1.19,0.0,0.0,53.0,59.17,1.59,3.25,0.37,0.69,0.0,,,,,,F-4C_Phantom_II
la-7_dolgushin,142.0,96.24,7.46,11.23,3.78,5.7,41.0,66.03,2.9,4.55,1.51,2.27,0.0,,,,,,Dolgushin's_La-7
cn_t_34_85_zis_53_no215,142.0,89.03,0.0,0.0,4.76,5.76,0.0,,,,,,0.0,,,,,,T-34-85_No.215
ussr_t_10m,143.0,38.0,0.0,0.0,4.59,2.49,615.0,46.58,0.0,0.0,2.66,2.01,0.0,,,,,,T-10M
il-2m,148.0,96.16,1.43,1.32,5.57,5.18,7.0,,,,,,13.0,,,1.0,,4.0,IL-2M_type_3
fw-190a-4,141.0,77.56,6.93,5.46,0.82,0.61,106.0,51.61,1.57,1.2,1.23,1.01,0.0,,,,,,Fw_190_A-4
f-5e,137.0,50.65,2.04,1.93,0.01,0.01,260.0,53.79,1.74,1.7,0.25,0.27,0.0,,,,,,F-5E
germ_begleitpanzer_57,136.0,64.3,0.67,0.85,1.86,2.34,1221.0,48.94,0.25,0.16,1.74,1.18,25.0,0.0,0.0,0.0,1.0,1.0,Begleitpanzer_57
sw_t_34_85_zis_53,142.0,72.96,0.0,0.0,1.72,1.76,559.0,52.91,0.0,0.0,2.65,2.66,0.0,,,,,,T-34-85
germ_panzerbefelhswagen_jagdpanther,145.0,58.07,0.0,0.0,4.72,4.29,63.0,39.47,0.0,0.0,1.77,2.22,0.0,,,,,,Bfw._Jagdpanther_G1
ussr_t_72av_turms,142.0,46.98,0.0,0.0,1.58,2.08,1349.0,50.68,0.0,0.0,2.23,1.73,0.0,,,,,,T-72AV_(TURMS-T)
p-51d-20-na_iaf,128.0,69.21,1.97,1.27,0.38,0.28,17.0,,,0.41,,2.06,0.0,,,,,,P-51D-20-NA_(Israel)
germ_flakpz_I_Gepard,134.0,32.39,0.25,0.31,1.58,1.61,1524.0,30.74,0.22,0.16,0.86,0.64,0.0,,,,,,Gepard
ussr_is_1,140.0,59.01,0.02,0.04,3.22,3.26,352.0,51.63,0.0,0.0,1.85,1.26,0.0,,,,,,IS-1
yak-3_eremin,133.0,94.14,4.43,4.87,0.6,0.65,10.0,66.67,3.0,1.0,2.0,1.0,2.0,,,,,,Eremin's_Yak-3(e)
germ_kpz_t72m1,134.0,72.04,0.0,0.0,2.38,2.51,1204.0,45.36,0.0,0.0,2.01,1.92,0.0,,,,,,◊T-72M1
ussr_t_72b,128.0,63.11,0.0,0.0,1.84,1.66,331.0,39.27,0.0,0.0,2.16,1.24,0.0,,,,,,T-72B
la-5_type39,128.0,83.19,5.37,6.62,2.14,2.86,0.0,,,,,,0.0,,,,,,La-5F
uk_sherman_II,129.0,84.52,0.01,0.02,4.04,5.97,55.0,86.11,0.0,0.0,5.47,2.89,0.0,,,,,,Sherman_II
us_halftrack_m3_75mm_gmc,137.0,88.04,0.04,0.05,6.29,4.82,0.0,,,,,,0.0,,,,,,M3_GMC
ussr_t_34_57_1943,130.0,67.21,0.0,0.0,2.59,3.1,299.0,56.83,0.0,0.0,3.39,2.66,0.0,,,,,,T-34-57_(1943)
ussr_9a35_m2,130.0,31.99,2.63,5.6,0.81,1.64,7.0,50.0,1.0,2.0,0.0,0.0,0.0,,,,,,Strela-10M2
ussr_t_34_1942,137.0,80.34,0.02,0.03,3.29,2.87,222.0,40.86,0.0,0.0,4.39,1.4,0.0,,,,,,T-34_(1942)
ussr_su_100p,132.0,57.6,0.0,0.0,2.07,2.3,360.0,32.9,0.0,0.0,2.15,2.01,0.0,,,,,,SU-100P
mig_23ml,128.0,59.68,2.78,2.62,0.0,0.0,462.0,57.05,1.41,1.63,0.06,0.06,21.0,,,1.95,,0.0,MiG-23ML
it_m4a4_sherman,133.0,69.17,0.03,0.08,2.15,3.9,43.0,87.04,0.0,0.0,2.54,3.03,0.0,,,,,,Sherman_V
us_m4a2_76w_sherman,131.0,67.02,0.0,0.0,1.46,1.55,502.0,60.06,0.0,0.0,3.38,2.47,0.0,,,,,,M4A2_(76)_W
a_20g_30_ussr,134.0,91.22,0.43,0.33,7.18,6.12,71.0,40.48,0.32,0.3,0.39,0.52,0.0,,,,,,A-20G-30
us_xm1_chrysler,125.0,93.09,0.03,0.05,5.75,6.57,1482.0,70.69,0.0,0.0,4.67,3.55,0.0,,,,,,XM1_(Chrysler)
ussr_t_54_1949,130.0,30.63,0.0,0.0,1.13,1.62,391.0,52.5,0.0,0.0,1.09,1.26,58.0,100.0,0.0,0.0,4.75,2.81,T-54_(1949)
yak-1b,127.0,99.0,4.48,5.12,1.98,2.27,40.0,80.0,4.22,,1.12,,0.0,,,,,,Yak-1B
germ_panzerjager_tiger,128.0,80.0,0.12,0.08,5.29,5.48,424.0,38.7,0.0,0.0,2.01,2.07,0.0,,,,,,Jagdtiger
yak-7b,128.0,98.92,5.6,4.75,2.01,2.06,0.0,,,,,,0.0,,,,,,Yak-7B
ussr_kv_1_L_11,127.0,100.0,0.0,0.0,5.35,3.62,122.0,47.04,0.0,0.0,4.79,2.9,0.0,,,,,,KV-1_(L-11)
us_m2a4,120.0,100.0,0.31,0.7,4.19,9.73,39.0,,,0.0,,5.39,0.0,,,,,,M2A4
fr_leopard_2a4nl_les,119.0,66.27,0.0,0.0,2.08,2.61,1142.0,56.39,0.0,0.0,2.17,1.78,0.0,,,,,,Leopard_2_(OTCo)
ussr_t_44,121.0,57.53,0.0,0.0,3.76,3.87,460.0,47.5,0.0,0.0,2.84,2.1,12.0,,,0.0,,1.0,T-44
ussr_su_122_54,123.0,48.49,0.0,0.0,1.55,1.98,273.0,27.56,0.0,0.0,2.51,2.27,0.0,,,,,,SU-122-54
ussr_t_34_1941,125.0,95.97,0.0,0.0,5.92,5.36,35.0,50.0,0.0,0.0,2.56,2.97,0.0,,,,,,T-34_(1941)
fr_amx_50_surbaisse,123.0,95.56,0.0,0.0,4.53,2.85,424.0,78.13,0.0,0.0,3.88,2.93,0.0,,,,,,AMX-50_Surbaissé
i_29,122.0,99.0,4.25,4.36,2.45,2.55,0.0,,,,,,0.0,,,,,,I-29
sw_strv_122b_plss,119.0,87.58,0.0,0.0,3.14,4.65,212.0,60.27,0.0,0.0,4.62,3.02,0.0,,,,,,Strv_122B_PLSS
germ_jgdpz_IV_L48,116.0,63.44,0.0,0.0,3.14,4.03,214.0,55.56,0.0,0.0,6.76,2.41,0.0,,,,,,Jagdpanzer_IV
sw_sav_m43_1946,112.0,37.14,0.0,0.0,0.81,1.19,51.0,0.0,0.0,0.0,0.0,0.0,0.0,,,,,,Sav_m/43_(1946)
jp_tkx_prot,107.0,53.76,0.0,0.0,5.68,5.86,1265.0,56.1,0.0,0.0,2.06,1.79,0.0,,,,,,TKX
ussr_t_72b_1989,108.0,61.18,0.0,0.0,2.33,2.89,274.0,44.44,0.0,0.0,2.32,1.99,0.0,,,,,,T-72B_(1989)
us_m60_120s,114.0,54.45,0.0,0.0,1.76,1.99,293.0,49.81,0.0,0.0,2.35,1.55,0.0,,,,,,120S
cn_pgz_625_fb10,110.0,34.68,1.45,2.26,0.04,0.06,43.0,100.0,1.69,1.92,0.75,1.0,0.0,,,,,,CS/SA5
jp_m24_chaffee,117.0,69.08,0.09,0.06,4.27,4.88,739.0,57.91,0.0,0.0,1.96,1.9,7.0,0.0,0.0,0.0,0.0,0.0,M24
f_6c_pakistan,117.0,75.0,6.8,7.42,0.0,0.0,82.0,59.89,2.39,2.87,1.5,2.07,0.0,,,,,,F-6C
us_t26e4_superpershing,109.0,66.67,0.09,0.15,4.02,5.33,662.0,61.14,0.0,0.0,3.61,3.01,0.0,,,,,,T26E1-1
f4u-1c,111.0,51.61,2.35,1.79,0.71,0.55,34.0,0.0,2.0,0.57,0.0,0.0,0.0,,,,,,F4U-1C
us_m18_hellcat,115.0,54.13,0.05,0.03,1.58,1.6,1729.0,58.65,0.0,0.0,1.94,1.47,42.0,,,0.0,,1.77,M18_GMC
il_2m_1943,113.0,95.64,1.58,1.67,5.35,5.62,1.0,,,1.0,,6.0,0.0,,,,,,IL-2M_(1943)
av_8a,111.0,62.12,2.52,2.44,1.52,2.25,0.0,,,,,,0.0,,,,,,AV-8A
it_kf_41,113.0,63.98,0.0,0.0,2.29,2.08,112.0,52.58,0.0,0.0,1.04,1.69,0.0,,,,,,KF41
b_25j_30_vvs_ussr,110.0,79.89,0.35,0.47,2.17,2.55,0.0,,,,,,0.0,,,,,,B-25J-30
bf-109f-2,102.0,98.55,18.58,8.45,3.99,1.57,25.0,,,0.0,,1.0,0.0,,,,,,Bf_109_F-2
yak-9k,105.0,59.72,2.78,4.28,0.0,0.1,906.0,64.12,0.36,0.27,2.32,1.7,0.0,,,,,,Yak-9K
germ_mkpz_m48a2c,111.0,52.27,0.0,0.0,1.21,1.44,478.0,35.5,0.0,0.0,0.95,0.93,52.0,56.99,0.0,0.0,1.4,1.74,M48A2_C
lagg-3-8,108.0,71.51,5.67,4.02,0.8,0.5,0.0,,,,,,0.0,,,,,,LaGG-3-8
ussr_is_4m,114.0,85.78,0.0,0.0,2.0,2.15,169.0,47.4,0.0,0.0,2.35,2.43,0.0,,,,,,IS-4M
germ_leopard_a1a1_120,105.0,48.08,0.0,0.0,1.94,2.18,282.0,39.31,0.0,0.0,3.75,2.93,0.0,,,,,,Leopard_A1A1_(L/44)
ussr_is_2_1944,106.0,12.0,0.0,0.0,4.36,2.29,378.0,46.19,0.0,0.0,2.4,1.89,5.0,,,0.0,,1.0,IS-2_(1944)
us_xm_803,98.0,97.38,0.0,0.0,6.84,5.36,2711.0,59.21,0.0,0.0,2.2,1.98,0.0,,,,,,XM803
germ_kv_1_kwk_40,104.0,53.33,0.0,0.0,4.04,5.17,274.0,60.6,0.0,0.0,8.9,4.75,0.0,,,,,,KW_I_C_756_(r)
germ_panzerbefelhswagen_IV_ausf_J,106.0,100.0,0.0,0.0,5.75,6.06,241.0,44.01,0.0,0.0,2.22,1.52,0.0,,,,,,Pz.Bfw.IV
us_m18_super_hellcat,100.0,85.48,0.08,0.07,2.67,3.12,440.0,69.31,0.0,0.0,2.63,2.05,13.0,,,,,,Super_Hellcat
cn_m18_hellcat,102.0,66.67,0.0,0.0,4.08,3.1,173.0,63.63,0.0,0.0,2.09,1.55,0.0,,,,,,M18_GMC_(China)
us_m2a4_1st_armor_div,99.0,95.06,0.0,0.0,4.21,7.05,16.0,,,0.0,,0.81,0.0,,,,,,M2A4_(1st_Arm.Div.)
it_pzh_2000_hu,98.0,40.25,1.48,2.36,1.79,2.94,36.0,50.0,0.0,0.0,1.5,1.37,0.0,,,,,,PzH_2000HU
it_m24_chaffee,101.0,85.22,0.0,0.0,3.56,4.01,183.0,42.04,0.0,0.0,2.66,2.05,0.0,,,,,,M24
me-410b-1,103.0,87.1,0.33,0.34,4.04,4.14,0.0,,,,,,0.0,,,,,,Me_410_B-1
ussr_t_34E,96.0,72.42,0.0,0.0,1.95,3.84,29.0,64.71,0.0,0.0,1.35,1.35,0.0,,,,,,T-34E
us_m4_t26,92.0,13.33,0.12,0.05,3.68,2.01,393.0,57.1,0.0,0.0,2.25,2.01,0.0,,,,,,M4/T26
ussr_t_54_1951,104.0,65.23,0.0,0.0,2.19,2.34,117.0,62.5,0.0,0.0,1.81,1.46,11.0,,,0.0,,1.0,T-54_(1951)
ussr_is_2_1943,100.0,42.53,0.0,0.0,1.15,1.29,681.0,37.51,0.0,0.0,1.39,1.35,0.0,,,,,,IS-2
it_m26a1_pershing,91.0,76.32,0.01,0.01,3.08,4.35,80.0,43.01,0.0,0.0,1.55,1.66,0.0,,,,,,M26A1
f8f1,93.0,60.42,1.53,1.47,0.76,1.34,324.0,57.02,0.41,0.3,2.0,1.32,0.0,,,,,,F8F-1
fr_leopard_2a4nl,94.0,50.0,0.0,0.0,2.06,2.74,75.0,100.0,0.0,0.0,3.92,2.97,0.0,,,,,,Leopard_2A4NL
us_m26_pershing,102.0,65.98,0.0,0.0,2.83,3.02,184.0,66.88,0.0,0.0,3.28,1.82,119.0,57.53,0.0,0.0,3.98,3.58,M26
saab_b3c,93.0,100.0,1.61,0.96,36.68,21.88,0.0,,,,,,0.0,,,,,,B3C
ussr_kv_7_u13,100.0,95.67,0.05,0.04,6.99,4.2,41.0,50.0,0.0,0.0,2.68,4.32,0.0,,,,,,KV-7_(U-13)
us_t29,83.0,96.08,0.0,0.0,9.73,6.33,1381.0,61.78,0.0,0.0,4.63,2.89,0.0,,,,,,T29
pe-2-1,97.0,93.87,0.29,0.3,4.21,4.56,13.0,,,0.0,,0.0,0.0,,,,,,Pe-2-1
cn_mbt2000,92.0,62.12,0.3,0.25,2.65,2.55,47.0,77.78,0.0,0.0,1.89,2.08,0.0,,,,,,MBT-2000
us_m1_abrams,97.0,64.82,0.0,0.0,2.07,2.07,1867.0,51.11,0.0,0.0,2.11,1.77,0.0,,,,,,M1_Abrams
us_t1e1,90.0,67.21,0.0,0.0,1.86,1.44,78.0,55.56,0.0,0.0,2.2,3.49,0.0,,,,,,T1E1
sw_strf_90c,89.0,47.39,0.6,0.68,2.72,2.66,348.0,47.55,0.11,0.11,1.54,1.45,0.0,,,,,,Strf_9040C
f8u-2,86.0,46.11,1.56,2.2,0.0,0.0,111.0,41.4,0.9,1.15,0.34,0.34,0.0,,,,,,F8U-2
il_m_51,88.0,100.0,1.0,0.2,9.86,1.81,893.0,48.13,0.0,0.0,3.41,1.43,0.0,,,,,,M-51
us_m1a2_sep3_abrams,87.0,73.19,0.0,0.0,3.1,4.23,3367.0,57.59,0.0,0.0,2.09,1.97,0.0,,,,,,M1A2_SEPv3
germ_pzkpfw_IV_ausf_J,87.0,46.88,0.06,0.1,0.97,1.64,54.0,40.74,0.0,0.0,0.96,0.74,0.0,,,,,,Pz.IV_J
us_m4a3e8_76w_sherman,95.0,58.0,0.0,0.0,1.96,2.65,586.0,54.57,0.0,0.0,2.2,2.15,1.0,,,0.0,,1.0,M4A3_(76)_W
us_m1a2_sep2_abrams,85.0,39.2,0.0,0.0,0.88,0.76,2644.0,59.09,0.0,0.0,1.83,1.64,39.0,0.0,0.0,0.0,1.0,1.0,M1A2_SEP_V2
yak-9m,90.0,93.01,7.08,7.45,0.45,0.45,10.0,100.0,6.33,1.0,2.0,0.0,0.0,,,,,,Golovachev's_Yak-9M
fr_m4a1_sherman_fl_10,92.0,63.24,0.0,0.0,4.11,4.11,91.0,100.0,0.0,0.0,3.75,1.67,0.0,,,,,,M4A1_(FL10)
ussr_kv_2_zis_6,86.0,77.6,0.02,0.11,4.74,5.5,67.0,53.7,0.0,0.0,3.17,4.35,0.0,,,,,,KV-2_(ZiS-6)
cn_m36,93.0,95.97,0.05,0.04,1.87,1.36,141.0,65.0,0.0,0.0,2.84,1.63,0.0,,,,,,M36_GMC_(China)
ussr_kv_1s,97.0,28.24,0.03,0.03,2.84,3.19,221.0,43.99,0.0,0.0,2.06,1.85,0.0,,,,,,KV-1S
yak-9u,88.0,75.0,5.25,5.99,0.05,0.07,49.0,75.0,2.38,,1.3,,0.0,,,,,,Yak-9U
p-47d_ussr,95.0,88.75,2.17,1.3,13.96,9.23,107.0,51.57,0.31,0.32,1.69,1.83,0.0,,,,,,P-47D-27
ussr_bt_7_1937,89.0,76.47,0.0,0.0,8.11,8.83,57.0,100.0,0.0,0.0,2.53,1.89,0.0,,,,,,BT-7
pe-3_bis,92.0,100.0,0.83,0.76,6.45,5.7,0.0,,,,,,0.0,,,,,,Pe-3bis
ussr_m53_59,87.0,44.08,2.77,5.31,0.36,0.69,649.0,29.03,0.77,0.77,0.41,0.41,3.0,,,,,,M53/59
us_m1a1_abrams,92.0,72.22,0.0,0.0,2.0,1.95,1808.0,59.29,0.0,0.0,1.96,1.86,0.0,,,,,,M1A1
us_m60a1_rise_passive_era,90.0,55.33,0.17,0.23,1.96,2.49,501.0,54.6,0.0,0.0,2.06,1.95,0.0,,,,,,M60A1_RISE_(P)
germ_leopard_2a4_pzbtl_123,86.0,63.89,0.0,0.0,3.11,3.26,1766.0,45.2,0.0,0.0,1.61,1.37,23.0,,,0.0,,1.0,Leopard_2_(PzBtl_123)
germ_leopard_2a4m_can_sm,88.0,50.0,0.0,0.0,1.14,1.14,1458.0,44.96,0.0,0.0,1.37,1.16,0.0,,,,,,◍Leopard_2A4M
germ_pz_IV_L70_A,86.0,95.83,0.0,0.0,4.96,4.58,80.0,42.31,0.0,0.0,3.92,2.94,0.0,,,,,,Panzer_IV/70(A)
p-51_mk1a_usaaf,88.0,38.46,5.52,3.03,0.38,0.18,164.0,65.43,1.2,1.35,1.32,1.27,0.0,,,,,,P-51
it_c1_ariete_certezza,81.0,64.2,0.0,0.0,3.42,4.29,743.0,64.66,0.0,0.0,2.67,2.02,0.0,,,,,,Ariete_Сertezza
il_magach_5,95.0,91.31,0.03,0.03,4.86,4.86,41.0,54.39,0.0,0.0,1.23,2.56,0.0,,,,,,Magach_5
av_8c,80.0,48.21,1.4,1.61,0.44,0.59,15.0,50.0,0.27,0.4,0.82,2.0,0.0,,,,,,AV-8C
uk_sherman_vc_firefly,86.0,62.64,0.0,0.0,1.72,2.71,397.0,57.29,0.0,0.0,2.96,2.16,0.0,,,,,,Sherman_Firefly
sw_t_54_1951,86.0,52.69,0.21,0.21,1.51,1.51,255.0,43.73,0.0,0.0,1.09,1.21,0.0,,,,,,T-54
sw_charioteer_mk_7,83.0,66.67,0.0,0.0,1.29,1.0,283.0,37.15,0.0,0.0,1.34,0.75,0.0,,,,,,Charioteer_Mk_VII
uk_chieftain_900,89.0,55.61,0.0,0.0,2.7,2.24,158.0,46.77,0.0,0.0,1.3,1.15,0.0,,,,,,Chieftain_900
germ_panzerjager_tiger_P_ferdinand,86.0,50.0,0.1,0.17,3.35,6.67,408.0,40.19,0.0,0.0,1.73,1.8,0.0,,,,,,Ferdinand
uk_challenger_1_mk_3_gulf,81.0,77.42,0.0,0.0,4.92,4.02,822.0,52.03,0.0,0.0,3.11,2.46,27.0,,,0.0,,0.78,Challenger_DS
uk_a17_mk_1_tetrarch,77.0,81.18,0.0,0.0,5.79,5.73,29.0,0.0,0.0,0.0,3.0,1.28,0.0,,,,,,Tetrarch_I
germ_erprobungstrager_3_achs_turm,81.0,51.39,0.0,0.0,2.15,2.15,1444.0,40.14,0.0,0.0,2.52,1.6,0.0,,,,,,Turm_III
us_m4a2_sherman,74.0,100.0,0.65,0.78,6.56,7.49,387.0,63.04,0.0,0.0,4.35,3.69,0.0,,,,,,M4A2
us_t25,82.0,69.23,0.0,0.0,3.31,2.16,115.0,21.43,0.0,0.0,6.0,5.11,31.0,0.0,0.0,0.0,1.0,1.0,T25
sw_pbv_501,82.0,0.0,0.0,0.0,1.22,0.51,438.0,41.76,0.0,0.0,1.32,0.86,0.0,,,,,,Pbv_501
me_264,81.0,100.0,0.82,0.71,6.82,5.67,0.0,,,,,,0.0,,,,,,Me_264
itp_m1,79.0,93.82,3.36,3.04,2.72,2.09,68.0,51.75,0.83,1.0,1.68,1.92,0.0,,,,,,ITP_(M-1)
cn_ztz_99a,73.0,60.32,0.0,0.0,3.69,4.35,276.0,76.6,0.0,0.0,3.8,2.1,0.0,,,,,,ZTZ99A
us_m41_walker_bulldog,79.0,40.0,0.15,0.23,2.35,2.62,942.0,57.9,0.0,0.0,1.09,0.88,0.0,,,,,,M41A1
do_217e_2,81.0,88.98,0.28,0.28,5.22,5.49,30.0,50.0,0.0,0.0,0.5,1.0,0.0,,,,,,Do_217_E-2
f6f-3,74.0,78.89,0.67,0.51,7.52,6.12,101.0,78.49,0.98,0.63,4.56,2.48,0.0,,,,,,F6F-5
jp_type_10,68.0,65.48,0.0,0.0,4.84,4.47,1113.0,60.2,0.0,0.0,2.15,1.97,0.0,,,,,,Type_10
sw_t_28,81.0,54.84,0.0,0.0,3.95,3.77,23.0,,,0.0,,2.0,0.0,,,,,,T-28
fr_m4a4_sherman,78.0,,,0.0,,3.83,105.0,100.0,0.0,0.0,5.1,4.06,0.0,,,,,,M4A4
it_m26_ariete,72.0,69.11,0.0,0.0,3.66,5.28,25.0,100.0,0.0,0.0,4.21,2.74,0.0,,,,,,"M26_""D.C.Ariete"""
f4u-1d,74.0,81.18,2.84,2.49,4.18,3.65,28.0,,,1.42,,1.63,0.0,,,,,,F4U-1D
germ_flakpanzer_IV_Ostwind,82.0,50.77,2.5,3.8,2.37,3.53,184.0,38.02,1.09,0.84,1.8,0.78,0.0,,,,,,Ostwind
cn_m4a1_76w_sherman,81.0,12.5,0.13,0.08,5.65,3.81,25.0,100.0,0.0,0.0,6.0,4.31,0.0,,,,,,M4A1_(75)_W_(China)
jp_type_99,77.0,55.0,0.27,0.32,1.1,0.76,504.0,79.12,0.7,1.0,1.37,1.96,0.0,,,,,,Type_99
sw_lvkv_42,75.0,51.67,0.0,0.0,2.78,2.92,157.0,57.41,0.29,0.5,0.93,1.22,0.0,,,,,,Lvkv_42
f_15c_msip2,77.0,57.02,1.24,0.94,1.2,0.63,199.0,56.91,1.61,1.54,0.07,0.08,34.0,,,0.5,,0.0,F-15C_MSIP_II
ussr_is_3,71.0,47.1,0.05,0.05,1.43,2.12,209.0,41.6,0.0,0.0,2.79,2.28,0.0,,,,,,IS-3
ussr_t_72b3_2011,71.0,49.35,0.08,0.09,1.42,2.4,1307.0,50.83,0.0,0.0,1.67,1.43,0.0,,,,,,T-72B3
germ_pzkpfw_IV_ausf_G,73.0,87.1,0.0,0.0,2.04,2.16,108.0,47.31,0.0,0.0,1.68,2.1,0.0,,,,,,Pz.IV_G
us_m3a1_stuart,84.0,94.09,0.06,0.08,4.35,4.69,48.0,,,0.0,,1.87,0.0,,,,,,M3A1_Stuart
ussr_zsu_29k,79.0,93.55,0.03,0.03,3.64,3.56,14.0,100.0,0.0,0.0,2.0,2.93,0.0,,,,,,YaG-10_(29-K)
p-47d_30_china,72.0,41.67,1.67,1.65,0.34,0.36,93.0,43.83,0.14,0.13,1.2,0.92,0.0,,,,,,P-47D-30_(China)
it_leopard_2a7_hungary,74.0,86.02,0.0,0.0,6.81,7.16,240.0,71.4,0.0,0.0,4.31,4.16,0.0,,,,,,Leopard_2A7HU
bf_110g_4,75.0,100.0,1.22,1.02,5.5,4.29,0.0,,,,,,0.0,,,,,,Bf_110_G-4
us_m1a1_aim_abrams,77.0,62.72,0.0,0.0,1.43,3.43,1814.0,63.73,0.0,0.0,2.15,1.79,2.0,,,0.0,,2.0,M1A1_AIM
yak-1_early,71.0,100.0,5.58,2.89,1.04,0.45,24.0,,,1.21,,0.97,0.0,,,,,,Yak-1
uk_challenger_1,72.0,52.63,0.0,0.0,4.13,2.81,296.0,59.4,0.0,0.0,4.71,2.59,0.0,,,,,,Challenger_Mk.2
fr_sk105_a2,75.0,100.0,0.0,0.0,3.21,2.49,263.0,53.98,0.0,0.0,2.1,1.98,0.0,,,,,,SK-105A2
germ_radpanzer_90,74.0,66.67,0.0,0.0,2.0,1.18,505.0,51.64,0.0,0.0,2.29,1.46,0.0,,,,,,Radkampfwagen_90
ussr_t_64_b_1984,73.0,50.0,0.0,0.0,2.3,2.13,352.0,52.04,0.0,0.0,1.95,1.51,0.0,,,,,,T-64B
us_m4_sherman_calliope,66.0,100.0,0.21,0.16,8.9,7.81,56.0,67.39,0.0,0.0,5.59,5.12,0.0,,,,,,Calliope
p-63c-5_ussr,74.0,100.0,0.72,0.63,5.43,4.69,57.0,100.0,0.79,1.2,3.35,3.08,0.0,,,,,,P-63C-5
mig_3_series_1_15,75.0,100.0,6.27,5.92,1.42,1.39,10.0,100.0,3.89,,0.0,,0.0,,,,,,MiG-3-15
us_m1_ip_abrams,76.0,53.7,0.0,0.0,2.28,1.59,801.0,52.62,0.0,0.0,2.32,2.47,0.0,,,,,,IPM1
germ_pzkpfw_IV_ausf_F2,69.0,50.0,0.0,0.0,5.15,4.62,248.0,47.96,0.0,0.0,6.22,3.84,0.0,,,,,,Pz.IV_F2
ussr_su_100_1945,69.0,63.64,0.0,0.0,1.35,1.38,47.0,16.67,0.0,0.0,0.83,1.07,0.0,,,,,,SU-100
il_sabra_mk1,65.0,58.13,0.0,0.0,1.91,2.61,28.0,58.34,0.0,0.0,2.85,3.04,0.0,,,,,,Sabra_Mk.I
fa_18e_block_2,71.0,66.67,3.81,1.93,0.66,0.22,688.0,63.8,1.13,1.27,0.64,0.73,23.0,,,1.0,,0.0,F/A-18E
f4u-1a,67.0,87.3,2.3,2.32,0.89,0.94,32.0,50.0,1.5,3.0,2.5,5.0,0.0,,,,,,F4U-1A
cn_t_34_85_d_5t,74.0,95.16,0.05,0.07,3.66,3.76,194.0,68.61,0.0,0.0,3.81,2.24,0.0,,,,,,Т-34-85_(S-53)_(China)
uk_sherman_ic_firefly,70.0,100.0,0.0,0.0,2.96,2.96,86.0,50.73,0.0,0.0,1.49,1.51,0.0,,,,,,"Sherman_IC_""Trzyniec"""
ussr_t_34_85_stp_s53,70.0,51.08,0.01,0.01,1.89,2.29,1450.0,50.48,0.0,0.0,2.31,1.9,0.0,,,,,,Т-34-85_(СТП)
jp_m47_patton_II,70.0,66.67,0.0,0.0,1.3,1.28,532.0,75.83,0.0,0.0,2.41,2.34,0.0,,,,,,M47
p-51d-20-na,67.0,77.01,7.3,10.2,0.33,0.45,160.0,66.6,0.37,0.54,1.4,1.29,8.0,,,1.25,,0.0,P-51D-20-NA
uk_a_13_mk1,68.0,78.39,0.0,0.0,7.89,6.98,0.0,,,,,,0.0,,,,,,A13_Mk_I
i-16_type27,67.0,,,3.01,,0.0,11.0,,,,,,0.0,,,,,,I-16_type_27
ki_43_3_otsu,75.0,53.33,6.87,4.56,0.34,0.14,324.0,69.67,0.45,0.49,1.12,1.18,0.0,,,,,,Ki-43-III_otsu
germ_kv_1B_finland,71.0,77.09,0.0,0.0,6.06,16.31,71.0,52.15,0.0,0.0,6.15,10.82,0.0,,,,,,KV-IB
ussr_object_279,65.0,100.0,0.0,0.0,5.88,5.88,255.0,79.62,0.0,0.0,7.79,3.77,3.0,,,0.0,,1.0,Object_279
germ_pzkpfw_VI_ausf_h1_tiger_animal_version,71.0,57.36,0.16,0.17,3.06,3.78,11.0,50.0,0.0,0.0,3.18,6.36,0.0,,,,,,␠Tiger
f_15c_golden_eagle,69.0,71.15,3.19,2.03,0.15,0.09,405.0,60.93,2.85,2.87,0.13,0.15,62.0,50.0,0.67,1.17,0.0,0.0,F-15C_Golden_Eagle
ussr_t_62m1,66.0,67.65,0.0,0.0,3.66,4.19,683.0,51.29,0.0,0.0,1.3,1.29,0.0,,,,,,T-62M-1
pe-2-31,67.0,100.0,0.0,0.0,7.0,4.61,0.0,,,,,,0.0,,,,,,Pe-2-31
fr_somua_sm,63.0,78.43,0.0,0.0,5.42,3.95,1172.0,59.97,0.0,0.0,3.77,2.62,0.0,,,,,,Somua_SM
sw_strv_122,70.0,73.81,0.0,0.0,3.57,3.44,160.0,54.29,0.0,0.0,3.15,2.32,0.0,,,,,,Strv_122A
ussr_t_80u,67.0,81.72,0.0,0.0,0.72,1.78,1149.0,45.41,0.0,0.0,1.63,1.41,0.0,,,,,,T-80U
me-410a-1,69.0,80.11,0.83,0.69,4.65,4.24,34.0,50.0,0.0,0.0,1.81,2.29,0.0,,,,,,Me_410_A-1
fr_jaguar_ebrc,66.0,50.0,0.5,0.5,2.39,2.39,375.0,44.69,0.0,0.0,1.46,1.03,0.0,,,,,,EBRC_Jaguar
germ_pzkpfw_II_ausf_H,66.0,59.52,0.4,0.61,8.24,12.18,50.0,50.0,0.0,0.0,1.9,2.65,0.0,,,,,,Pz.II_H
us_m60a1,68.0,72.58,0.0,0.0,1.11,0.86,410.0,55.35,0.0,0.0,1.64,1.5,0.0,,,,,,M60A1_(AOS)
uk_sherman_vc_firefly_kit_3rank,63.0,100.0,0.0,0.0,2.3,1.46,67.0,100.0,0.0,0.0,4.95,3.56,0.0,,,,,,Firefly_(Overlord)
us_t1e1_90,65.0,78.21,0.0,0.0,1.12,1.76,203.0,34.56,0.0,0.0,4.09,2.89,0.0,,,,,,T1E1_(90)
yak-3,63.0,96.38,6.98,7.66,1.74,1.74,99.0,44.17,3.28,4.19,0.66,0.79,0.0,,,,,,Yak-3
sw_pvkv_II,68.0,100.0,0.0,0.0,7.26,6.33,68.0,51.67,0.0,0.0,4.0,2.9,0.0,,,,,,Pvkv_II
sw_strv_74,65.0,100.0,0.0,0.0,3.11,2.02,354.0,57.59,0.0,0.0,2.53,1.47,0.0,,,,,,Strv_74
yak-4,64.0,100.0,0.19,0.23,9.03,9.71,0.0,,,,,,0.0,,,,,,Yak-4
yak_2_kabb,63.0,100.0,3.05,3.13,5.65,5.76,0.0,,,,,,0.0,,,,,,Yak-2_KABB
us_m18_hellcat_kit_3rank,63.0,100.0,0.3,0.3,7.41,7.41,83.0,66.07,0.0,0.0,2.34,1.99,0.0,,,,,,Hellcat_(Hell)
su_30sm,65.0,45.0,4.0,2.83,0.0,0.0,511.0,53.41,0.96,1.17,0.97,1.19,42.0,,,1.0,,1.33,Су-30СМ
ussr_t_80ud,66.0,56.86,0.0,0.0,3.1,2.06,2493.0,49.34,0.0,0.0,1.57,1.49,0.0,,,,,,T-80UD
germ_jgdpz_38t,64.0,55.17,0.0,0.0,1.66,2.19,53.0,45.16,0.0,0.0,1.89,2.1,0.0,,,,,,Jagdpanzer_38(t)
p-40e_ussr,62.0,72.05,3.84,4.81,0.74,0.93,7.0,,,0.0,,1.0,0.0,,,,,,P-40E-1
us_m19,61.0,38.71,0.48,0.79,0.62,0.94,75.0,9.09,0.33,0.4,1.46,1.53,0.0,,,,,,M19A1
sw_ikv_103,66.0,40.0,0.0,0.0,1.34,1.74,132.0,29.71,0.0,0.0,0.95,1.06,0.0,,,,,,Ikv_103
uk_shir_2,60.0,67.74,0.0,0.0,2.76,3.32,175.0,89.02,0.0,0.0,7.25,3.84,0.0,,,,,,FV4030/3
us_m4a3e2_76w_sherman_jumbo,62.0,60.0,0.0,0.0,2.35,2.12,853.0,72.28,0.03,0.02,4.65,3.6,0.0,,,,,,M4A3E2_(76)_W
it_pzkpfw_VI_ausf_e_tiger,58.0,98.08,0.02,0.02,9.9,7.94,234.0,77.9,0.0,0.0,7.23,3.98,0.0,,,,,,Tigris
it_c1_ariete_preserie,58.0,68.33,0.0,0.0,3.95,5.82,411.0,57.04,0.0,0.0,2.83,2.66,0.0,,,,,,Ariete_(P)
uk_fv107_scimitar,63.0,50.0,0.0,0.0,1.5,1.5,164.0,67.74,0.0,0.0,2.55,1.25,0.0,,,,,,Scimitar
sw_ikv_91,61.0,50.0,0.0,0.0,0.57,0.57,400.0,43.9,0.0,0.0,1.12,1.26,0.0,,,,,,Ikv_91
fw-190d-9,61.0,67.31,4.08,3.86,0.23,0.2,267.0,37.55,1.01,0.94,1.09,0.93,0.0,,,,,,Fw_190_D-9
uk_a_22f_mk_7_churchill_1944,58.0,52.56,0.0,0.0,5.24,7.58,538.0,76.09,0.0,0.0,4.74,3.64,0.0,,,,,,Churchill_VII
fr_m4a1_sherman,58.0,,,0.0,,2.8,82.0,100.0,0.0,0.0,3.61,2.2,0.0,,,,,,M4A1
bf-109f-4_usa,56.0,61.54,1.92,2.47,0.0,0.0,45.0,,,,,,7.0,,,3.0,,0.0,Bf_109_F-4
f6f-5n,60.0,30.0,1.68,1.51,0.69,0.64,138.0,50.0,0.46,0.56,0.62,0.86,0.0,,,,,,F6F-5N
germ_pzkpfw_III_ausf_E,57.0,92.9,0.0,0.0,7.28,8.47,30.0,0.0,0.0,0.0,2.42,1.14,0.0,,,,,,Pz.III_E
uk_challenger_2_bn,56.0,71.97,0.0,0.0,2.84,5.23,542.0,66.04,0.0,0.0,2.19,2.01,0.0,,,,,,Black_Night
p-63a-10_ussr,58.0,100.0,1.39,0.98,3.45,3.07,125.0,99.02,0.37,0.49,3.03,4.18,0.0,,,,,,P-63A-10
spitfire_mk9c_iaf,54.0,86.36,4.05,1.48,0.95,0.11,19.0,53.33,1.47,2.95,0.0,0.42,0.0,,,,,,Spitfire_Mk_IXc_(Israel)
f-4e,60.0,69.57,3.41,2.46,2.24,1.67,323.0,59.39,1.8,1.69,0.98,0.88,44.0,50.0,1.77,3.36,3.0,4.09,F-4E_Phantom_II
yak-9,59.0,100.0,3.75,3.31,0.79,0.38,17.0,,,,,,0.0,,,,,,Yak-9
sw_l_62_anti_II,60.0,62.5,0.75,0.63,3.38,3.0,123.0,31.94,0.0,0.0,3.05,1.65,0.0,,,,,,L-62_ANTI_II
us_mbt_70,54.0,95.83,0.0,0.0,2.66,2.65,1690.0,64.03,0.0,0.0,2.12,1.72,0.0,,,,,,MBT-70
fr_amx_13_chaffee,58.0,55.36,0.43,0.4,2.43,2.53,76.0,93.45,0.0,0.0,3.83,3.4,0.0,,,,,,AMX-13-M24
bf-109g-6_erla_finland,58.0,,,2.57,,0.73,4.0,,,,,,0.0,,,,,,Bf_109_G-6_Erla
ussr_t_80b,59.0,100.0,0.0,0.0,2.54,1.65,1443.0,55.81,0.0,0.0,2.1,1.71,0.0,,,,,,T-80B
germ_mkpz_m48a2ga2,60.0,67.54,0.0,0.0,1.42,1.87,409.0,36.99,0.0,0.0,1.53,1.43,0.0,,,,,,M48A2_G_A2
sw_ikv_72,56.0,50.0,0.05,0.05,1.6,2.15,0.0,,,,,,0.0,,,,,,Ikv_72
it_leopard_2a4,57.0,58.06,0.0,0.0,3.56,6.42,195.0,64.0,0.0,0.0,2.56,1.7,0.0,,,,,,◔Leopard_2A4
uk_challenger_2e,52.0,66.67,0.0,0.0,3.45,4.08,452.0,60.73,0.0,0.0,2.17,1.66,0.0,,,,,,Challenger_2E
su-8,57.0,100.0,0.69,0.53,4.44,3.63,0.0,,,,,,0.0,,,,,,Su-8
jp_navy_120mm_spg,57.0,66.67,0.0,0.0,3.39,2.85,87.0,81.11,0.0,0.0,5.29,2.63,0.0,,,,,,Chi-Ha_LG
p-51d-30_usaaf_korea,59.0,62.67,2.35,2.03,0.61,0.51,122.0,45.31,1.22,1.69,0.61,0.88,40.0,100.0,8.33,3.17,0.0,0.0,P-51D-30
ussr_bt_5,55.0,29.41,0.0,0.0,8.29,6.13,490.0,50.77,0.0,0.0,1.68,1.58,0.0,,,,,,BT-5
i_225,57.0,41.67,3.38,2.5,0.21,0.08,67.0,13.69,2.37,1.69,1.13,0.8,0.0,,,,,,I-225
lagg-3-35,55.0,100.0,4.0,2.33,1.0,1.5,0.0,,,,,,0.0,,,,,,LaGG-3-35
us_m22_locust,54.0,60.42,0.0,0.0,2.61,2.17,131.0,14.58,0.0,0.0,3.26,1.18,0.0,,,,,,M22
ffvs_j22_b,56.0,50.0,2.93,1.96,0.0,0.38,7.0,,,,,,0.0,,,,,,J22-B
us_m36b2,57.0,65.28,0.0,0.0,1.73,2.44,490.0,50.99,0.0,0.0,1.83,1.38,0.0,,,,,,M36B2
fr_amx_13_dca_40,55.0,100.0,0.0,0.07,1.0,0.28,282.0,66.18,0.03,0.01,1.47,0.75,0.0,,,,,,AMX-13_DCA_40
hellcat_fmk1,53.0,100.0,2.94,2.67,4.5,3.95,43.0,63.54,0.32,0.32,1.67,1.73,38.0,50.0,0.5,0.1,2.38,1.87,Hellcat_Mk_II
pe-2-83,54.0,100.0,0.48,0.39,4.06,2.87,4.0,100.0,0.0,0.0,0.0,0.0,0.0,,,,,,Pe-2-83
typhoon_mk1b_late,53.0,0.0,3.75,2.39,0.67,0.57,99.0,66.55,1.23,1.99,1.78,2.76,0.0,,,,,,Typhoon_Mk_Ib/L
f_16c_block_50,55.0,57.9,1.31,1.31,1.74,1.74,591.0,60.43,0.77,1.05,0.89,1.2,58.0,,,1.39,,0.0,F-16C
f4u-4b,53.0,50.0,1.6,1.6,0.05,0.05,653.0,66.07,0.53,0.46,1.92,1.6,84.0,,,4.23,,0.0,F4U-4B
f-8e,58.0,76.52,1.88,1.14,0.53,0.28,25.0,50.0,1.44,2.88,0.0,0.0,0.0,,,,,,F-8E
ussr_t_55a,59.0,50.0,0.0,0.0,1.86,2.08,1227.0,50.23,0.0,0.0,1.85,1.48,0.0,,,,,,T-55A
ussr_pt_76b,54.0,,,0.0,,0.82,852.0,49.19,0.0,0.0,1.01,0.79,17.0,,,0.0,,0.0,PT-76B
il_8_1944,56.0,82.35,2.69,1.97,5.41,4.19,44.0,68.42,0.47,0.11,3.53,1.62,0.0,,,,,,IL-8_(1944)
ussr_t_80um2,55.0,76.81,0.0,0.0,2.42,2.63,84.0,50.0,0.0,0.0,1.58,1.36,0.0,,,,,,T-80UM2
pe-2-359,49.0,100.0,0.0,0.0,2.92,2.86,0.0,,,,,,0.0,,,,,,Pe-2-359
he_115a_2_sweden,51.0,100.0,0.24,0.26,8.46,9.02,0.0,,,,,,0.0,,,,,,T_2
f_16a_block_15_adf,51.0,50.0,1.43,2.17,0.5,0.41,81.0,50.0,1.17,0.73,0.0,0.0,18.0,,,1.17,,0.0,F-16A_ADF
ussr_bmp_1,55.0,51.39,0.0,0.0,0.03,0.04,260.0,47.68,0.0,0.0,0.84,0.93,0.0,,,,,,BMP-1
germ_sdkfz_6_2_flak36,51.0,100.0,1.35,1.35,12.0,12.0,6.0,,,,,,0.0,,,,,,Sd.Kfz._6/2
cn_m4a4_sherman_1st_ptg,48.0,95.83,0.08,0.09,2.89,3.5,15.0,50.0,0.0,0.0,2.1,4.2,0.0,,,,,,M4A4_(1st_PTG)_(China)
mig-21_s,51.0,60.53,2.79,2.58,0.0,0.0,105.0,62.75,1.91,2.35,0.11,0.56,8.0,,,,,,MiG-21S_(R-13-300)
il_merkava_mk_2b_early,48.0,50.0,0.0,0.0,1.55,2.55,302.0,51.42,0.0,0.0,3.09,2.62,0.0,,,,,,Merkava_Mk.2B
fa_18c_early,48.0,50.0,1.5,1.18,0.0,0.0,1739.0,52.29,0.85,1.0,0.24,0.28,36.0,,,1.26,,0.0,F/A-18C_Early
us_m4a1_76w_sherman,51.0,70.42,0.0,0.0,1.78,1.34,379.0,50.78,0.0,0.0,3.56,2.51,5.0,,,0.0,,2.0,M4A1_(76)_W
ussr_it_1,48.0,47.43,0.0,0.0,0.93,0.65,141.0,72.37,0.0,0.0,4.16,4.3,0.0,,,,,,IT-1
cn_type_65_aa,48.0,42.31,1.12,2.0,0.58,1.0,25.0,,,0.0,,1.0,0.0,,,,,,Phòng_không_T-34
ki_61_2_early,48.0,53.57,1.39,2.0,0.75,0.83,15.0,100.0,1.0,1.0,1.0,1.0,0.0,,,,,,Ki-61-II_Otsu_Kai
germ_stug_III_ausf_G,49.0,80.65,0.0,0.0,3.66,2.83,171.0,30.37,0.0,0.0,2.61,1.97,0.0,,,,,,StuG_III_G
fa_18c_late,51.0,50.0,2.09,1.6,0.5,0.37,149.0,64.67,0.89,0.75,0.54,0.42,0.0,,,,,,F/A-18C_Late
uk_valentine_mk_11,48.0,81.95,0.17,1.0,8.59,18.64,1.0,,,0.0,,3.0,0.0,,,,,,Valentine_XI
su_25_558arz,46.0,,,1.58,,0.84,49.0,100.0,0.0,0.0,4.87,3.6,0.0,,,,,,Su-25BM
fr_amd_35_sa35,45.0,65.0,0.0,0.0,2.95,1.31,0.0,,,,,,0.0,,,,,,AMD.35_(SA35)
it_semovente_m41m_90,48.0,100.0,0.0,,3.0,,42.0,23.68,0.0,0.0,1.92,1.98,0.0,,,,,,90/53_M41M
fr_lorraine_100,50.0,57.41,0.0,0.0,1.15,1.15,81.0,64.29,0.0,0.0,1.34,1.47,0.0,,,,,,CA_Lorraine
f4u-4,47.0,93.75,1.88,1.38,2.75,1.02,489.0,61.29,0.35,0.31,1.0,0.87,0.0,,,,,,F4U-4
p-51d-20_china,48.0,100.0,3.43,1.35,1.0,0.21,52.0,100.0,0.0,0.0,1.0,0.11,0.0,,,,,,P-51D-20_(China)
uk_a27m_cromwell_5_rp3,45.0,100.0,0.0,0.0,9.97,16.25,18.0,100.0,0.0,0.0,3.79,3.18,0.0,,,,,,Cromwell_V_(RP-3)
sw_bkan_1c,48.0,32.76,1.4,3.0,0.33,0.95,226.0,23.71,0.52,0.29,1.87,1.15,0.0,,,,,,Bkan_1C
a_10a_early,46.0,0.0,3.0,1.45,4.0,2.04,351.0,54.14,1.01,0.9,3.86,3.11,0.0,,,,,,A-10A
su_27sm,50.0,42.5,2.11,2.11,0.21,0.21,206.0,74.22,2.7,3.17,0.04,0.03,18.0,,,1.0,,0.0,Su-27SM
il_centurion_shot_kal_alef,53.0,60.0,0.2,0.3,2.2,2.8,83.0,62.92,0.0,0.0,1.43,1.18,0.0,,,,,,Sho't_Kal_Alef
us_t95e1,47.0,100.0,0.0,0.0,3.0,1.91,277.0,59.6,0.0,0.0,2.47,1.78,0.0,,,,,,T95E1
yak-15_early,48.0,50.0,1.5,2.13,0.0,0.0,15.0,100.0,2.0,0.6,0.0,0.0,0.0,,,,,,Yak-15P
firefly_mk4_netherlands,47.0,2.94,2.47,1.48,1.35,0.55,72.0,95.1,0.82,0.57,1.58,2.41,0.0,,,,,,◘Firefly_F.Mk.IV
uk_centurion_mk_5_avre_era,47.0,83.33,0.0,0.0,1.67,1.46,47.0,69.05,0.0,0.0,1.0,1.0,0.0,,,,,,Centurion_Mk.5_AVRE
jp_st_a3,46.0,69.84,0.0,0.0,1.19,1.43,288.0,62.83,0.0,0.0,2.15,1.95,0.0,,,,,,ST-A3
cf_188a_canada,46.0,96.67,2.9,2.97,0.0,0.0,465.0,46.93,1.1,1.32,0.18,0.24,0.0,,,,,,CF-188A
germ_sturmpanzer_IV_brummbar,49.0,88.46,0.03,0.06,3.32,3.69,57.0,100.0,0.0,0.0,1.0,2.67,0.0,,,,,,Brummbär
sw_pvkv_m43_1963,46.0,50.0,0.0,0.0,2.22,4.39,20.0,100.0,0.0,0.0,1.0,0.97,0.0,,,,,,Pvkv_m/43_(1963)
jp_type_90,43.0,25.49,0.0,0.0,1.16,1.16,799.0,52.25,0.0,0.0,1.88,1.89,0.0,,,,,,Type_90
il_magach_2,46.0,57.02,0.0,0.0,1.34,2.47,0.0,,,,,,0.0,,,,,,Magach_2
us_m4_sherman,44.0,50.0,0.0,0.0,2.47,4.93,160.0,54.52,0.0,0.0,2.59,2.24,0.0,,,,,,M4
uk_ac1_sentinel,48.0,100.0,0.0,0.0,0.54,0.27,9.0,,,0.0,,2.0,0.0,,,,,,A.C.I
ki_43_1,48.0,100.0,5.92,3.7,1.0,0.71,0.0,,,,,,0.0,,,,,,Ki-43-I
yak-9b,48.0,100.0,4.23,3.29,9.69,7.03,19.0,,,0.0,,1.14,0.0,,,,,,Yak-9B
germ_kv_2_754r,44.0,65.48,0.0,0.0,4.33,12.79,19.0,,,0.0,,4.47,0.0,,,,,,KW_II_754_(r)
germ_flakpanzer_I_ausf_A,47.0,80.56,0.19,0.25,4.91,7.44,13.0,,,0.0,,0.0,0.0,,,,,,Flakpanzer_I
ussr_su_85m,47.0,63.64,0.0,0.0,2.3,2.34,93.0,39.25,0.0,0.0,1.17,1.24,0.0,,,,,,SU-85M
it_of_40_mtca,46.0,86.67,0.0,0.0,3.67,2.98,1087.0,61.64,0.0,0.0,3.56,2.74,5.0,0.0,0.0,0.0,2.0,2.0,OF-40_(MTCA)
germ_kanonenjagdpanzer,46.0,100.0,0.0,0.0,1.71,1.0,93.0,0.0,0.0,0.0,3.26,0.9,10.0,0.0,0.0,0.0,1.0,1.0,JPz_4-5
tu-2_postwar_late,45.0,23.08,0.0,0.0,0.0,0.18,76.0,100.0,0.7,0.21,9.4,4.79,26.0,89.29,0.0,0.0,1.43,1.47,Tu-2S-59
cn_al_khalid_1,44.0,50.0,0.0,0.0,3.2,3.2,1304.0,55.06,0.0,0.0,2.06,1.56,5.0,100.0,0.0,0.0,1.0,1.0,Al-Khalid-I
jp_m4a3e8_76w_sherman,43.0,75.0,0.12,0.22,4.62,5.48,480.0,76.97,0.0,0.0,3.21,2.4,0.0,,,,,,M4A3_(76)_W
cn_ztz_96b,44.0,50.0,0.0,0.0,2.14,3.57,631.0,61.89,0.0,0.0,2.67,2.21,0.0,,,,,,ZTZ96B
fr_amx_m4,46.0,0.0,0.0,0.0,4.0,2.0,728.0,65.31,0.0,0.0,2.12,2.18,36.0,,,0.0,,2.48,AMX_M4
cn_oplot_t,39.0,43.03,0.0,0.0,1.54,1.44,315.0,72.02,0.0,0.0,3.26,1.63,3.0,,,0.0,,1.0,Oplot-M
tempest_mk2,42.0,100.0,4.94,2.42,0.0,0.0,59.0,95.16,2.83,3.88,0.05,0.05,0.0,,,,,,Tempest_Mk_II
ussr_asu_85,44.0,37.04,0.0,0.0,0.79,0.53,187.0,33.82,0.0,0.0,1.99,0.92,0.0,,,,,,ASU-85
us_m3_bradley,45.0,50.0,0.0,0.0,0.25,0.23,484.0,58.57,0.0,0.0,1.37,1.22,0.0,,,,,,M3_Bradley
c_3604,42.0,52.27,3.3,5.37,1.45,1.87,13.0,0.0,0.0,0.0,2.08,2.08,0.0,,,,,,◌С-3604
f_15e,43.0,65.79,1.34,1.34,0.71,0.71,713.0,69.79,0.93,1.25,2.69,3.61,26.0,,,1.0,,1.0,F-15E
fw-190a-5_u2,46.0,68.18,2.29,2.67,0.5,0.54,0.0,,,,,,0.0,,,,,,Fw_190_A-5/U2
germ_pzkpfw_III_ausf_N,46.0,66.67,0.0,0.0,4.0,2.43,31.0,50.0,0.0,0.0,3.13,3.13,0.0,,,,,,Pz.III_N
it_p_26_40,43.0,100.0,0.0,0.0,2.78,2.96,1.0,100.0,0.0,0.0,4.0,4.0,0.0,,,,,,"P40_""G.C._Leoncello"""
germ_thyssen_henschel_tam,45.0,50.0,0.0,0.0,1.13,2.25,784.0,43.38,0.0,0.0,1.75,1.32,2.0,100.0,0.0,0.0,1.0,1.0,TAM
uk_matilda_hedgehog,45.0,66.67,0.3,0.5,4.7,7.0,0.0,,,,,,0.0,,,,,,Matilda_Hedgehog
us_ccvl,42.0,100.0,0.0,0.0,8.0,4.0,63.0,97.73,0.0,0.0,3.62,2.34,0.0,,,,,,CCVL
uk_cruiser_ram_1,43.0,34.21,0.34,0.22,1.97,1.75,37.0,100.0,0.0,0.0,5.0,2.73,0.0,,,,,,Ram_I
us_t20,41.0,100.0,0.0,0.0,4.25,3.8,2505.0,66.05,0.0,0.0,3.82,3.45,19.0,,,0.0,,8.0,T20
il_m48a1_patton_III,40.0,50.0,0.03,0.05,1.48,2.95,54.0,77.78,0.0,0.0,1.37,1.01,0.0,,,,,,Magach_1
germ_le_kpz_m41,44.0,19.23,0.0,0.0,0.19,0.27,952.0,44.09,0.0,0.0,1.0,0.89,0.0,,,,,,leKPz_M41
ussr_kv_220,39.0,100.0,0.0,0.0,6.18,6.18,142.0,71.43,0.0,0.0,7.1,7.47,0.0,,,,,,KV-220
germ_sdkfz_251_9,39.0,100.0,0.0,0.0,5.01,8.82,0.0,,,,,,0.0,,,,,,Sd.Kfz.251/9
sw_lvkv_90c,39.0,26.32,1.58,3.0,1.47,3.8,489.0,42.64,0.94,0.64,1.51,0.98,0.0,,,,,,Lvkv_9040C
uk_centurion_mk_3,40.0,,,0.0,,1.81,164.0,52.69,0.0,0.0,2.82,1.56,0.0,,,,,,Centurion_Mk_3
us_m60a2,43.0,67.31,0.0,0.0,1.67,1.67,109.0,63.33,0.0,0.0,3.73,2.52,0.0,,,,,,M60A2
us_t26e5,46.0,50.0,0.2,0.3,2.47,3.75,1109.0,63.84,0.0,0.0,4.17,3.24,0.0,,,,,,T26E5
sw_cv_90105,38.0,50.0,0.0,0.0,1.96,2.08,410.0,49.86,0.0,0.0,1.47,1.29,0.0,,,,,,CV_90105_TML
ussr_kv_8,44.0,97.92,0.0,0.0,1.69,1.73,68.0,50.0,0.0,0.0,4.81,2.58,0.0,,,,,,КВ-8
p-63a-10,40.0,50.0,1.0,1.0,0.5,1.61,328.0,52.99,0.39,0.51,0.74,0.96,0.0,,,,,,P-63A-10
su_30sm2,41.0,45.0,3.28,3.31,0.0,0.0,1172.0,57.95,1.03,1.27,1.69,2.08,3.0,,,,,,Су-30СМ2
ussr_is_6,39.0,50.0,0.0,0.0,3.04,3.9,179.0,58.14,0.0,0.0,2.76,2.48,3.0,50.0,0.0,0.0,1.0,2.0,IS-6
tempest_mkv,39.0,100.0,3.75,2.29,0.0,0.0,17.0,100.0,0.96,0.9,3.21,3.07,0.0,,,,,,Tempest_Mk_V
ki_44_2_hei,38.0,,,5.35,,0.63,46.0,68.42,0.12,0.09,0.16,0.14,0.0,,,,,,Ki-44-II_hei
us_m24_chaffee,45.0,86.11,0.14,0.2,3.87,5.42,488.0,59.62,0.0,0.0,3.42,1.97,0.0,,,,,,M24
us_xm1_gm,40.0,100.0,0.0,0.0,2.41,2.45,1129.0,63.29,0.0,0.0,3.21,2.16,0.0,,,,,,XM1_(GM)
uk_fv721_fox,42.0,50.0,0.0,0.0,1.0,2.0,653.0,62.33,0.02,0.02,1.84,1.83,0.0,,,,,,Fox
ussr_2s3m,41.0,30.0,0.0,0.0,2.05,1.85,241.0,36.76,0.1,0.14,1.1,1.07,0.0,,,,,,2S3M
mc-205_serie1,38.0,100.0,11.4,8.7,0.0,0.0,0.0,,,,,,0.0,,,,,,C._205_serie_1
ussr_t_28E,37.0,70.0,0.3,0.25,3.37,3.47,0.0,,,,,,0.0,,,,,,T-28E
bf-109f-1,40.0,76.28,5.33,8.38,0.0,0.0,27.0,,,1.0,,0.04,0.0,,,,,,Bf_109_F-1
ussr_2s38,40.0,,,0.0,,1.0,2170.0,51.58,0.12,0.1,1.07,0.87,0.0,,,,,,2S38
bf-109g-2_finland,39.0,,,4.08,,1.92,38.0,100.0,4.0,3.05,1.0,1.0,0.0,,,,,,Bf_109_G-2
jp_type_74_c,41.0,100.0,0.0,0.0,2.0,1.0,336.0,60.73,0.0,0.0,2.72,1.96,0.0,,,,,,Type_74_(C)
sw_sav_m43_1944,37.0,19.23,0.0,0.0,1.77,2.15,0.0,,,,,,0.0,,,,,,Sav_m/43_(1944)
ussr_bmp_3,37.0,50.0,0.0,0.0,0.47,0.55,1923.0,52.01,0.0,0.0,1.38,1.29,32.0,100.0,0.0,0.0,1.7,1.7,BMP-3
sw_strv_m39,35.0,100.0,0.0,0.0,3.33,3.93,0.0,,,,,,0.0,,,,,,Strv_m/39
uk_challenger_2_dorchester,35.0,50.0,0.0,0.0,3.5,3.0,281.0,45.08,0.0,0.0,0.92,0.99,0.0,,,,,,Challenger_2_(2F)
sw_kv_1_1942_fin,39.0,57.14,0.14,0.05,2.36,2.75,71.0,45.0,0.0,0.0,4.57,4.22,0.0,,,,,,KV-1_m1942
jp_type_90b,35.0,50.0,0.0,0.0,3.5,3.5,712.0,53.96,0.0,0.0,1.75,1.76,0.0,,,,,,Type_90_(B)
il_merkava_mk_1b,36.0,50.0,0.0,0.0,2.65,2.48,190.0,53.26,0.0,0.0,2.59,2.27,0.0,,,,,,Merkava_Mk.1B
germ_leopard_2a6,39.0,59.17,0.0,0.0,1.2,1.88,1134.0,46.05,0.0,0.0,1.69,1.49,3.0,,,0.0,,2.0,Leopard_2A6
p-51k,38.0,36.67,1.3,1.53,0.23,0.23,4.0,,,,,,0.0,,,,,,P-51K_(China)
mig_29m_9_15,43.0,50.0,2.17,1.89,0.4,0.33,319.0,42.83,0.56,0.57,0.29,0.31,13.0,,,1.0,,1.0,МиГ-29М_(9-15)
us_m3a3_bradley,36.0,,,0.0,,1.0,593.0,46.4,0.0,0.0,0.64,0.66,0.0,,,,,,M3A3_Bradley
it_centauro_rgo_120,39.0,65.22,0.0,0.0,2.57,4.0,163.0,59.68,0.0,0.0,3.24,2.97,0.0,,,,,,Centauro_RGO
fr_amx_13_90,40.0,93.94,0.0,0.0,3.05,2.29,76.0,59.65,0.0,0.0,2.45,4.37,0.0,,,,,,AMX-13-90
uk_vickers_mbt_mk_1,38.0,50.0,0.0,0.0,2.13,2.09,513.0,55.71,0.0,0.0,1.86,1.74,0.0,,,,,,Vickers_Mk.1
uk_17_pdr_m10_achilles_norfolk_yeomanry,37.0,100.0,0.0,0.0,2.19,2.28,25.0,100.0,0.0,0.0,2.83,3.17,0.0,,,,,,Achilles_(65_Rg.)
us_m1a2_sep_abrams,40.0,55.56,0.0,0.0,1.24,2.49,1596.0,59.55,0.0,0.0,1.74,1.56,7.0,,,,,,M1A2_SEP
btd-1,36.0,50.0,0.5,0.71,0.9,1.86,26.0,86.36,0.0,0.0,5.59,9.0,0.0,,,,,,BTD-1
jp_type_16_mod,40.0,50.0,0.0,0.0,0.5,0.33,543.0,61.76,0.0,0.0,2.3,1.64,0.0,,,,,,Type_16_(FPS)
us_adats_bradley,37.0,27.42,0.03,0.03,0.0,0.0,793.0,50.38,0.82,0.48,0.52,0.29,7.0,0.0,1.0,1.0,0.0,0.0,ADATS
su_25tm,36.0,100.0,3.0,1.5,9.0,4.5,561.0,59.86,0.28,0.37,3.15,4.03,36.0,,,0.0,,0.0,Su-39
it_ab_43,38.0,100.0,0.0,0.0,4.83,4.83,19.0,0.0,0.0,0.0,3.0,2.18,0.0,,,,,,AB_43
ussr_t_72b3_arena_m,36.0,50.0,0.0,0.0,1.83,1.83,855.0,41.56,0.0,0.0,1.07,1.02,0.0,,,,,,Т-72Б3А
ussr_btr_zd,35.0,1.72,1.33,2.5,0.05,0.17,314.0,77.21,1.21,0.61,1.03,0.52,17.0,,,,,,BTR-ZD
ussr_pzkpfw_V,37.0,100.0,0.0,0.0,6.76,6.76,108.0,82.82,0.0,0.0,2.9,2.04,0.0,,,,,,T-V
ar_2,35.0,100.0,0.38,0.31,8.5,7.53,0.0,,,,,,0.0,,,,,,Ar-2
us_m4a3e2_sherman_jumbo_cobra_king,38.0,100.0,0.0,0.0,3.0,3.0,219.0,60.19,0.0,0.0,3.21,3.05,0.0,,,,,,Cobra_King
re_2000_heja_2,34.0,100.0,3.75,3.75,0.0,0.0,16.0,100.0,3.0,3.0,0.0,0.0,0.0,,,,,,◔Héja_II
su_34,35.0,50.0,3.0,3.48,0.68,1.14,572.0,61.13,0.42,0.53,1.25,1.41,69.0,,,0.52,,0.88,Су-34
f-4m_fgr2,36.0,100.0,4.0,1.15,0.0,0.0,118.0,41.11,0.41,0.45,0.0,0.0,0.0,,,,,,Phantom_FGR.2
mig-17_f5,36.0,100.0,2.0,1.86,0.0,0.0,61.0,100.0,3.25,4.04,2.29,2.87,0.0,,,,,,Shenyang_F-5
sw_strv_103a,37.0,0.0,0.0,0.0,1.0,0.79,167.0,65.13,0.0,0.0,2.88,1.69,0.0,,,,,,Strv_103A
saab_jas39c_south_africa,32.0,96.43,5.04,5.0,0.0,0.0,309.0,45.38,1.09,1.25,0.04,0.04,0.0,,,,,,JAS39C
il_centurion_shot_kal_d,32.0,100.0,0.0,0.0,3.0,2.72,146.0,49.38,0.0,0.0,1.63,1.34,0.0,,,,,,Sho't_Kal_Dalet
germ_leopard_2a7v,37.0,62.5,0.0,0.0,3.11,3.41,2262.0,49.58,0.0,0.0,2.31,1.87,0.0,,,,,,Leopard_2A7V
a6m3_mod22_zero,32.0,100.0,4.71,2.65,0.0,0.0,148.0,65.94,1.65,2.14,0.3,0.35,0.0,,,,,,A6M3_mod._22
cn_m48a1_patton_III,32.0,50.0,0.0,0.0,0.55,0.55,64.0,37.5,0.0,0.0,1.28,0.68,0.0,,,,,,M48A1_(China)
us_m60a3_tts,33.0,46.0,0.0,0.0,0.54,0.96,524.0,45.38,0.0,0.0,1.94,1.29,0.0,,,,,,M60A3_TTS
av_8b_na,30.0,50.0,1.0,0.7,6.0,4.0,586.0,65.23,0.29,0.36,1.93,2.2,57.0,100.0,1.0,0.16,13.5,4.62,AV-8B_(NA)
uk_challenger_II,30.0,66.67,0.0,0.0,2.42,3.65,721.0,52.5,0.0,0.0,1.74,1.6,27.0,,,0.0,,0.0,uk_challenger_ii_shop
uk_a_13_mk2,28.0,50.0,0.0,0.0,2.92,5.66,38.0,100.0,0.0,0.0,3.8,1.06,0.0,,,,,,A13_Mk_II
sw_strv_m38,30.0,100.0,0.0,0.0,2.17,5.0,5.0,50.0,0.0,0.0,0.5,0.33,0.0,,,,,,Strv_m/38
jp_type_81_tansam,32.0,44.12,1.29,1.82,0.0,0.0,75.0,0.0,1.0,1.0,0.0,0.0,0.0,,,,,,Type_81_(C)
sw_stormpjas_fm43_44,33.0,,,0.0,,4.0,0.0,,,,,,0.0,,,,,,Spj_fm/43-44
p-47d-28,34.0,100.0,2.23,1.5,9.08,5.75,85.0,51.08,1.1,1.37,1.05,1.19,16.0,0.0,2.0,2.0,0.0,0.0,P-47D-28
il_amx_13_75,32.0,,,0.0,,1.5,85.0,39.29,0.0,0.0,3.93,2.0,0.0,,,,,,AMX-13_(Israel)
sw_strv_101,35.0,100.0,0.0,0.0,1.67,1.0,326.0,42.93,0.0,0.0,1.57,1.35,0.0,,,,,,Strv_101
jp_type_90b_sm,32.0,44.12,0.0,0.0,0.56,0.56,412.0,51.95,0.0,0.0,2.25,1.89,0.0,,,,,,◍Type_90_(B)
jp_type_89b_i_go_otsu,29.0,100.0,0.08,0.57,5.04,11.57,0.0,,,,,,0.0,,,,,,I-Go_Ko
thunderbolt_mk1,32.0,100.0,1.22,1.03,6.44,4.74,62.0,88.89,0.0,0.0,2.04,1.9,0.0,,,,,,Thunderbolt_Mk.1
ussr_m4a2_76w_sherman,32.0,100.0,0.0,,3.47,,126.0,84.17,0.0,0.0,5.27,5.69,0.0,,,,,,M4A2
uk_conqueror_mk_2,32.0,100.0,0.0,,3.0,,282.0,46.18,0.0,0.0,2.33,1.94,1.0,,,,,,Conqueror
la-7b-20,29.0,95.0,5.05,7.4,1.5,1.0,40.0,50.0,1.03,1.03,0.95,0.97,0.0,,,,,,La-7B-20
fw-190a-1,30.0,88.1,5.69,6.76,1.38,1.62,7.0,50.0,0.5,1.0,0.5,0.43,0.0,,,,,,Fw_190_A-1
ki_61_1a_hei,34.0,0.0,2.0,2.0,0.0,0.0,35.0,50.0,1.21,2.42,0.32,0.63,0.0,,,,,,Ki-61-I_hei
uk_a25_mk_8,31.0,,,0.0,,1.19,13.0,50.0,0.0,0.0,1.5,3.0,0.0,,,,,,Harry_Hopkins_I
ussr_t_72m2_moderna,34.0,50.0,0.0,0.0,1.32,2.47,313.0,57.44,0.0,0.0,2.84,2.47,0.0,,,,,,T-72M2_Moderna
p-47n-15,31.0,66.67,1.21,1.5,2.53,2.63,8.0,0.0,0.75,0.75,1.0,1.0,0.0,,,,,,P-47N-15
ki_61_1a_otsu_china,32.0,100.0,3.43,2.77,0.71,0.57,9.0,,,,,,0.0,,,,,,Ki-61-I_otsu_(China)
p-38e,30.0,50.0,1.0,2.0,0.0,0.0,0.0,,,,,,0.0,,,,,,P-38E
uk_a_34_comet,34.0,100.0,0.0,0.0,2.0,0.98,68.0,70.64,0.0,0.0,3.08,4.61,0.0,,,,,,Comet_I
yak-38m,32.0,100.0,2.0,0.87,1.0,0.13,35.0,7.14,0.0,0.0,0.0,0.0,0.0,,,,,,Yak-38M
us_m36,35.0,60.53,0.0,0.0,1.16,1.46,243.0,48.9,0.0,0.0,2.76,3.11,0.0,,,,,,M36_GMC
f_14a_iriaf,31.0,96.15,5.62,5.85,0.0,0.0,284.0,62.33,2.24,1.9,0.05,0.07,28.0,,,2.0,,0.0,F-14A_IRIAF
su_25k,30.0,0.0,1.0,1.0,3.0,2.24,499.0,60.94,0.65,0.57,2.42,2.11,9.0,,,0.0,,0.0,Su-25K
germ_pzkpfw_III_ausf_M,33.0,100.0,0.0,0.0,4.0,2.56,46.0,,,0.0,,1.56,0.0,,,,,,Pz.III_M
lagg-3-11,31.0,100.0,4.48,4.48,0.57,0.57,0.0,,,,,,0.0,,,,,,LaGG-3-11
germ_flakpanzer_V_Coelian,29.0,,,0.0,,3.71,485.0,57.96,0.76,0.43,3.68,2.1,0.0,,,,,,Flakpanzer_341
us_xm246,34.0,71.88,0.43,0.63,1.74,2.44,1693.0,55.29,0.23,0.2,1.7,1.46,0.0,,,,,,XM246
a5m4,31.0,50.0,1.0,1.3,0.0,0.0,0.0,,,,,,0.0,,,,,,A5M4
il_magach_6_rocket,34.0,41.67,0.0,0.0,2.21,1.52,97.0,86.54,0.0,0.0,6.44,3.14,0.0,,,,,,Magach_Hydra
germ_pzkpfw_38t_Marder_III_ausf_H,31.0,26.67,0.0,0.0,2.23,2.7,42.0,3.7,0.0,0.0,1.03,0.84,0.0,,,,,,Marder_III_H
cn_type_69_2g,33.0,,,0.0,,1.0,90.0,77.29,0.0,0.0,4.13,2.08,0.0,,,,,,T-69_II_G
sm_92,31.0,100.0,1.29,1.42,0.24,0.19,42.0,50.0,0.25,0.5,0.0,0.0,0.0,,,,,,SM.92
il-10_1946_hungary,31.0,100.0,1.0,1.0,1.0,0.9,0.0,,,,,,0.0,,,,,,◔IL-10
spitfire_fr_mk14e_belgium,31.0,,,1.0,,0.0,6.0,,,0.0,,0.0,0.0,,,,,,Spitfire_FR_Mk_XIVe
us_rdf_lt,30.0,50.0,0.0,0.0,1.42,0.48,1675.0,59.85,0.04,0.03,1.37,1.27,0.0,,,,,,RDF/LT
us_m4a1_1942_sherman,28.0,100.0,0.0,0.0,5.0,0.84,52.0,91.3,0.0,0.0,1.96,1.32,0.0,,,,,,M4A1
ki_32,30.0,,,0.0,,4.8,0.0,,,,,,0.0,,,,,,Ki-32
p-39n,29.0,100.0,4.43,4.73,0.93,1.0,41.0,50.0,1.73,3.67,0.5,0.89,0.0,,,,,,P-39N-0
ussr_rbt_5,28.0,100.0,0.0,0.0,6.0,6.0,6.0,,,,,,0.0,,,,,,RBT-5
germ_boxer_3105,32.0,75.0,0.0,0.0,2.5,2.5,82.0,9.62,0.0,0.0,2.52,2.31,0.0,,,,,,Boxer_MGS
fa_18a_raaf,29.0,88.24,1.88,1.54,0.0,0.0,53.0,0.0,1.4,1.31,0.0,0.0,20.0,,,,,,F/A-18A
jp_m36b2_jgsdf,32.0,100.0,0.0,0.0,3.67,2.21,596.0,61.09,0.0,0.0,1.95,1.79,0.0,,,,,,M36
fr_m3a3_stuart,29.0,100.0,0.0,0.0,2.0,2.0,29.0,10.42,0.0,0.0,2.46,2.13,0.0,,,,,,M3A3_Stuart
fr_m36b2_cefeo,30.0,100.0,0.0,0.0,2.7,2.7,96.0,47.31,0.0,0.0,1.56,1.97,0.0,,,,,,M36B2
fr_arl_44,30.0,100.0,0.0,0.0,1.67,1.67,242.0,58.6,0.0,0.0,2.91,1.77,0.0,,,,,,ARL-44
fr_vcac_mephisto,29.0,50.0,0.0,0.0,1.0,1.0,233.0,49.4,0.0,0.0,2.15,1.75,0.0,,,,,,MEPHISTO
ussr_su_85_1943,33.0,79.49,0.0,0.0,3.02,3.33,47.0,0.0,0.0,0.0,3.33,2.98,0.0,,,,,,SU-85
il_magach_6b,32.0,,,0.0,,1.12,29.0,56.86,0.0,0.0,2.5,4.88,0.0,,,,,,Magach_6B
saab_a21a_3,31.0,,,1.62,,0.0,107.0,15.56,1.43,0.69,1.55,0.95,0.0,,,,,,A21A-3
it_m36b1,29.0,100.0,0.0,0.0,3.0,0.58,38.0,98.28,0.0,0.0,2.19,2.0,0.0,,,,,,M36B1
ussr_t_28,27.0,100.0,0.0,,10.75,,1.0,,,,,,0.0,,,,,,T-28
er-2_m105_mv3,29.0,100.0,0.0,0.0,5.79,5.79,6.0,,,,,,0.0,,,,,,Yer-2_(M-105)
us_m18_hellcat_black_cat,29.0,88.1,0.11,0.3,4.04,4.3,1358.0,77.82,0.0,0.0,2.83,2.52,0.0,,,,,,"M18_""Black_Cat"""
sea_harrier_fa2,28.0,0.0,1.0,1.0,0.0,0.0,78.0,50.0,0.0,0.0,0.0,0.0,0.0,,,,,,Sea_Harrier_FA_2
cn_t_62,30.0,,,,,,28.0,,,,,,0.0,,,,,,Т-62_№545
xp-50,31.0,100.0,2.77,1.58,0.0,0.0,78.0,50.53,0.38,0.34,0.39,0.25,21.0,,,1.43,,0.0,XP-50
su-7bkl,30.0,,,0.54,,0.78,94.0,0.0,0.33,0.2,0.82,0.57,0.0,,,,,,Su-7BKL
su-7b,30.0,,,0.0,,0.36,37.0,28.57,0.4,0.32,0.14,0.12,0.0,,,,,,Su-7B
jp_type_3_chi_nu,30.0,50.0,0.0,0.0,2.05,3.05,143.0,98.41,0.0,0.0,4.93,1.43,0.0,,,,,,Chi-Nu
jp_type_95_so_ki,29.0,0.0,1.0,1.0,0.0,0.0,98.0,100.0,1.55,1.26,0.0,0.0,0.0,,,,,,So-Ki
f-86f-25,31.0,,,0.5,,0.04,52.0,0.0,2.0,1.33,2.0,1.54,0.0,,,,,,F-86F-25
bf-110f-2,25.0,97.22,5.75,5.88,0.03,0.04,0.0,,,,,,0.0,,,,,,Bf_110_F-2
f-4s,29.0,,,2.1,,0.0,473.0,48.85,1.05,1.22,0.04,0.06,8.0,,,1.0,,0.0,F-4S_Phantom_II
jp_type_3_ho_ni_I,27.0,100.0,0.0,0.0,3.12,6.0,34.0,100.0,0.0,0.0,2.44,2.44,0.0,,,,,,Ho-Ni_I
germ_nbfz_VI,25.0,,,0.0,,4.0,0.0,,,,,,0.0,,,,,,Nb.Fz.
wm_23,27.0,100.0,3.0,2.85,0.0,0.0,0.0,,,,,,0.0,,,,,,◔WM-23
jp_type_5_chi_ri,29.0,100.0,0.0,0.0,2.64,1.68,286.0,59.23,0.0,0.0,2.77,2.23,16.0,0.0,0.0,0.0,1.0,1.0,Chi-Ri_II
sw_t_55m,26.0,50.0,0.0,0.0,1.0,2.0,442.0,56.7,0.0,0.0,1.42,1.57,0.0,,,,,,T-55M
uk_centurion_mk_10,30.0,50.0,0.0,0.0,2.43,2.43,186.0,25.54,0.0,0.0,1.51,1.18,0.0,,,,,,Centurion_Mk_10
yak-30d,31.0,100.0,5.33,2.88,2.0,0.35,0.0,,,,,,0.0,,,,,,Yak-30D
saab_a21rb,29.0,,,1.0,,0.33,37.0,71.88,1.0,0.79,0.63,0.75,0.0,,,,,,A21RB
ussr_object_120,27.0,,,0.0,,1.45,48.0,,,0.0,,1.96,12.0,,,,,,Object_120
me-410a-1_u2,27.0,100.0,1.0,1.48,0.0,0.0,0.0,,,,,,0.0,,,,,,Me_410_A-1/U2
yak-3u,30.0,7.58,1.2,1.55,0.0,0.0,116.0,96.54,5.01,6.12,0.8,1.0,0.0,,,,,,Yak-3U
p-51d-5,28.0,,,0.89,,0.68,26.0,25.0,0.0,0.0,0.0,0.0,0.0,,,,,,P-51D-5
germ_wiesel_1_mk20,27.0,90.63,0.69,0.69,0.0,0.0,845.0,37.42,0.22,0.16,0.79,0.56,0.0,,,,,,Wiesel_1A4
fw-190f-8,27.0,100.0,2.0,1.8,1.0,0.1,217.0,63.15,1.1,1.26,1.34,1.48,0.0,,,,,,Fw_190_F-8
f-84b,29.0,100.0,4.63,2.59,17.25,9.75,18.0,100.0,0.0,0.58,1.0,1.67,3.0,,,,,,F-84B-26
germ_panzerjager_tiger_P_elefant,28.0,100.0,0.0,0.0,7.7,9.0,11.0,,,0.0,,2.0,0.0,,,,,,Elefant
us_t86,28.0,,,0.0,,2.95,76.0,92.36,0.0,0.0,2.4,1.9,0.0,,,,,,T86
sw_pvkv_iv,26.0,,,0.0,,1.0,23.0,,,0.0,,0.71,0.0,,,,,,Pvkv_IV
f-82e,28.0,97.06,1.03,1.23,0.0,0.0,62.0,76.0,0.56,0.52,0.84,1.14,0.0,,,,,,F-82E
p-47d_23_ra_china_rocaf,27.0,,,1.42,,0.0,17.0,100.0,1.0,1.55,2.45,3.55,0.0,,,,,,P-47D-23-RA_(China)
fr_m4a3_105_sherman,26.0,100.0,0.0,0.0,1.0,1.0,34.0,,,0.0,,1.56,0.0,,,,,,M4A3_(105)
he_112b_0,27.0,,,1.56,,0.19,14.0,,,,,,0.0,,,,,,He_112_B-0
ussr_is_1_kit_3rank,27.0,100.0,0.0,0.0,1.0,1.08,79.0,33.87,0.0,0.0,1.02,0.95,0.0,,,,,,ИС-1_('45)
fr_amx_50,26.0,100.0,0.0,0.0,1.83,1.83,252.0,91.83,0.0,0.0,6.48,4.35,16.0,50.0,0.0,0.0,1.0,2.0,AMX-50_(TOA100)
sw_strv_m42_eh,26.0,48.08,0.0,0.0,1.04,2.0,20.0,0.0,0.0,0.0,1.67,0.47,0.0,,,,,,Strv_m/42_EH
ussr_2s25,25.0,,,0.0,,0.76,1124.0,56.21,0.0,0.0,1.56,1.42,0.0,,,,,,2S25
tandem_mai,26.0,100.0,1.0,1.0,3.04,3.5,0.0,,,,,,0.0,,,,,,Tandem_MAI
it_semovente_m42_75_34,24.0,50.0,0.0,0.0,2.23,4.23,0.0,,,,,,0.0,,,,,,75/34_M42
us_m3_lee,21.0,62.67,0.12,0.18,2.88,3.36,11.0,,,0.0,,3.75,0.0,,,,,,M3_Lee
pe-2-110,26.0,,,0.0,,2.5,0.0,,,,,,0.0,,,,,,Pe-2-110
pe-3_early,26.0,100.0,1.05,1.04,2.36,2.32,0.0,,,,,,0.0,,,,,,Pe-3_(e)
cn_m8_greyhound,27.0,100.0,0.0,,1.52,,64.0,83.33,0.0,0.0,5.61,3.03,0.0,,,,,,M8_LAC_(China)
it_breda_52_autocannone,26.0,100.0,0.0,0.0,6.0,4.62,109.0,56.56,0.0,0.0,2.62,2.0,0.0,,,,,,Breda_90/53
uk_a_22b_mk_3_churchill_1942,27.0,,,0.0,,1.26,38.0,50.0,0.0,0.0,1.65,1.65,0.0,,,,,,Churchill_III
mig_3_series_34,27.0,100.0,2.86,3.0,1.0,0.22,0.0,,,,,,0.0,,,,,,MiG-3-34
ussr_t_60_1941,25.0,100.0,0.0,0.0,1.0,1.0,0.0,,,,,,0.0,,,,,,T-60
it_m18_hellcat,25.0,100.0,0.0,0.0,2.0,1.31,207.0,60.07,0.0,0.0,2.55,2.43,0.0,,,,,,M18
f9f-8,28.0,,,0.94,,0.0,270.0,53.55,0.93,0.79,0.39,0.29,0.0,,,,,,F9F-8
mig_29_9_12,27.0,53.57,0.54,0.54,0.0,0.0,22.0,100.0,1.0,0.98,1.0,0.98,8.0,,,1.0,,0.0,МиГ-29_(9-12)
jp_type_5_na_to,28.0,50.0,0.0,0.0,0.5,1.72,88.0,100.0,0.0,0.0,6.72,2.11,0.0,,,,,,Na-To
sw_lago_1,26.0,100.0,0.0,,1.27,,42.0,50.0,0.0,0.0,1.5,1.5,0.0,,,,,,Lago_I
fr_amx_10rc,26.0,,,0.0,,1.0,108.0,51.92,0.0,0.0,2.16,1.58,0.0,,,,,,AMX-10RC
sw_strv_81,27.0,100.0,0.0,0.0,0.72,0.72,244.0,40.59,0.0,0.0,0.97,0.96,0.0,,,,,,Strv_81
fr_arl_44_acl1,26.0,,,0.0,,0.0,59.0,,,0.0,,1.97,0.0,,,,,,ARL-44_(ACL-1)
cn_ztz_96a_prot,26.0,,,0.0,,1.0,363.0,56.92,0.0,0.0,2.95,1.71,16.0,100.0,0.0,0.0,1.67,1.0,ZTZ96A_(P)
su-2_m82,26.0,100.0,2.68,2.95,4.45,4.53,0.0,,,,,,0.0,,,,,,Su-2_(M-82)
j1n1_mod11_early,25.0,100.0,1.57,1.6,2.0,2.0,16.0,100.0,0.0,0.0,0.0,0.0,0.0,,,,,,J1N1
l_39za,26.0,,,1.37,,2.37,13.0,100.0,0.0,0.0,1.0,0.31,0.0,,,,,,L-39ZA_Albatros
germ_pzkpfw_III_ausf_B,25.0,100.0,0.0,,2.6,,15.0,,,0.0,,0.67,0.0,,,,,,Pz.III_B
he_112v_5,26.0,,,2.5,,0.0,0.0,,,,,,0.0,,,,,,He_112_V-5
hurricanemkii_ussr,22.0,100.0,4.09,3.76,1.81,1.59,0.0,,,,,,0.0,,,,,,Hurricane_Mk_IIB
i-153_m62_zhukovskiy,23.0,96.08,3.12,3.34,0.15,0.13,0.0,,,,,,0.0,,,,,,Zhukovsky's_I-153-M62
he51b1,26.0,,,2.72,,0.0,0.0,,,,,,0.0,,,,,,He_51_B-1
yak-17,26.0,,,1.5,,0.0,12.0,,,,,,0.0,,,,,,Yak-17
germ_leopard_2a4m_can,25.0,,,,,,2139.0,42.04,0.0,0.0,1.51,1.18,0.0,,,,,,Leopard_2A4M
p-51_a-36,22.0,,,4.08,,1.15,55.0,28.95,0.63,0.64,2.95,3.4,0.0,,,,,,A-36
us_m4a3e2_sherman_jumbo,23.0,66.67,0.33,0.58,0.0,0.0,371.0,64.87,0.0,0.0,3.28,2.72,0.0,,,,,,M4A3E2
cn_m55,25.0,0.0,0.0,0.0,1.67,1.67,13.0,,,,,,0.0,,,,,,M55_(China)
mosquito_fb_mk6_norway,26.0,50.0,1.43,1.68,0.36,0.18,38.0,52.9,0.19,0.35,1.89,3.2,0.0,,,,,,◢Mosquito_FB.Mk.VI
it_of_40_mk_1,24.0,0.0,0.0,0.0,1.0,1.0,200.0,74.62,0.0,0.0,4.08,2.76,0.0,,,,,,OF-40
ussr_btr_152d,26.0,100.0,0.4,,0.0,,218.0,11.57,0.64,0.35,0.01,0.01,0.0,,,,,,BTR-152D
germ_sdkfz_234_2,25.0,100.0,0.0,0.0,3.17,3.17,872.0,43.92,0.0,0.0,1.16,0.97,0.0,,,,,,Sd.Kfz.234/2
germ_marder_1a3,27.0,0.0,0.0,0.0,1.0,0.46,251.0,28.32,0.0,0.0,0.95,0.8,0.0,,,,,,Marder_1A3
sw_ikv_73,25.0,100.0,0.0,0.0,5.0,4.67,4.0,,,0.0,,1.0,0.0,,,,,,Ikv_73
ussr_t_35,23.0,,,,,,0.0,,,,,,0.0,,,,,,T-35
ussr_object_292,23.0,100.0,0.0,0.0,4.33,4.33,805.0,53.77,0.0,0.0,2.76,2.27,0.0,,,,,,Object_292
cn_t_26_1940,24.0,100.0,0.33,,5.93,,19.0,,,0.0,,0.0,0.0,,,,,,T-26_(China)
su_25,24.0,100.0,1.44,1.11,1.39,1.03,316.0,43.85,0.81,0.89,1.5,1.62,1.0,,,0.0,,0.0,Su-25
ussr_t_80,22.0,53.33,0.0,0.0,1.53,2.22,10.0,0.0,0.0,0.0,1.0,1.0,0.0,,,,,,T-80
germ_flakpz_1a2_Gepard,22.0,100.0,1.0,1.16,0.0,0.16,891.0,37.9,0.71,0.62,0.46,0.4,0.0,,,,,,Gepard_1A2
firebrand_tf4,23.0,100.0,2.0,1.13,2.0,1.34,44.0,,,0.0,,0.83,0.0,,,,,,Firebrand_TF_Mk_IV
sm_79_1943_italy,24.0,100.0,0.0,0.0,1.0,1.0,0.0,,,,,,0.0,,,,,,S.M.79_bis/T.M
ju-87d-3_italy,24.0,,,,,,0.0,,,,,,0.0,,,,,,Ju_87_D-3
b_239_finland,26.0,50.0,1.0,1.2,0.0,0.0,27.0,87.5,1.75,1.75,1.75,1.75,0.0,,,,,,B-239
it_pzkpfw_IV_ausf_G,26.0,100.0,0.0,0.0,2.68,2.95,28.0,100.0,0.0,0.0,2.8,1.62,0.0,,,,,,Pz.IV_G
ki_61_1a_otsu,24.0,,,1.5,,0.4,11.0,,,,,,16.0,,,0.0,,1.0,Ki-61-I_otsu
er-2_m105r_lu2b,24.0,,,0.0,,1.82,0.0,,,,,,0.0,,,,,,Yer-2_(M-105R)_LU
it_fiat_6616_cockerill,23.0,50.0,0.0,0.0,1.0,1.2,276.0,52.85,0.0,0.0,1.24,0.97,0.0,,,,,,AUBL/74
p-400,24.0,,,2.83,,0.0,10.0,0.0,0.0,0.0,2.5,1.67,0.0,,,,,,P-400
p-51d-20-na_j26,26.0,50.0,0.86,1.36,0.0,0.0,20.0,,,1.0,,0.0,0.0,,,,,,J26
spitfire_mk5b,22.0,100.0,3.0,3.0,1.0,1.0,20.0,,,,,,0.0,,,,,,Spitfire_Mk_Vb/trop
cn_type_63_I,24.0,100.0,0.0,0.0,1.96,1.96,88.0,38.89,0.0,0.0,1.0,0.48,0.0,,,,,,Type_63-I
fr_amx_30_ACRA,22.0,,,0.0,,1.0,22.0,12.5,0.0,0.0,1.88,0.42,0.0,,,,,,AMX-30_ACRA
germ_leopard_2a4,24.0,100.0,0.0,0.0,3.0,0.88,1318.0,46.52,0.0,0.0,1.6,1.33,14.0,50.0,0.0,0.0,0.63,1.36,Leopard_2A4
us_m8a1,24.0,100.0,0.0,0.0,9.0,9.0,20.0,,,0.0,,3.0,0.0,,,,,,M8A1_GMC
germ_pzkpfw_38t_ausf_F,24.0,,,,,,0.0,,,,,,0.0,,,,,,Pz.38(t)_F
germ_pzkpfw_Maus,25.0,58.34,0.0,0.0,5.95,14.9,998.0,46.47,0.0,0.0,4.97,4.23,0.0,,,,,,Maus
uk_t_90s_bheeshma,23.0,100.0,0.0,0.0,4.25,4.25,131.0,88.89,0.0,0.0,6.22,2.96,0.0,,,,,,Bhishma_TWMP
jp_type_94,24.0,,,,,,19.0,,,,,,0.0,,,,,,Type_94
jp_type_4_ho_ro,24.0,,,,,,12.0,,,0.0,,0.0,0.0,,,,,,Ho-Ro
uk_a_22_mk_1_churchill_1941,24.0,100.0,1.0,1.0,1.0,1.0,0.0,,,,,,0.0,,,,,,Churchill_I
uk_a_13_mk2_1939,24.0,100.0,0.0,0.0,11.0,11.0,0.0,,,,,,0.0,,,,,,A13_Mk_II_1939
mig_29smt_9_19,22.0,80.0,4.27,4.03,0.0,0.0,166.0,53.99,1.76,1.65,0.19,0.14,0.0,,,,,,MiG-29SMT
f-5c,22.0,,,,,,198.0,41.02,1.04,1.1,0.35,0.34,0.0,,,,,,F-5C
sb_2m_103c,18.0,53.33,0.53,3.0,1.73,21.0,0.0,,,,,,0.0,,,,,,SB_2M-103
mig_23mld,22.0,,,2.31,,0.0,64.0,61.82,1.97,5.3,0.01,0.01,57.0,0.0,8.13,3.54,0.0,0.0,MiG-23MLD
bf-109g-2,25.0,59.59,2.61,3.11,0.39,0.51,29.0,100.0,1.75,,0.25,,0.0,,,,,,Bf_109_G-2/trop
a6m3_zero,21.0,,,3.0,,0.0,69.0,37.82,1.57,1.61,1.51,1.52,0.0,,,,,,A6M3
fr_amx_32,22.0,44.12,0.0,0.0,2.35,2.08,423.0,59.72,0.0,0.0,2.51,2.62,0.0,,,,,,AMX-32
uk_centurion_mk_1,22.0,100.0,0.0,0.0,2.94,2.94,293.0,45.59,0.0,0.0,2.12,1.76,0.0,,,,,,Centurion_Mk_1
f-4jk,23.0,90.0,1.8,1.7,0.0,0.0,38.0,8.33,1.0,0.76,0.08,0.08,0.0,,,,,,F-4J(UK)_Phantom_II
sw_strv_104,23.0,,,0.0,,1.0,309.0,50.86,0.0,0.0,2.39,1.66,0.0,,,,,,Strv_104
f4u-1a_usmc,21.0,60.0,1.7,2.88,0.0,0.0,10.0,,,,,,0.0,,,,,,F4U-1A_(USMC)
a6m5hei,23.0,,,1.0,,0.0,0.0,,,,,,0.0,,,,,,A6M5_Hei
ussr_t_34_1941_l_11,26.0,100.0,0.0,0.0,5.0,2.94,130.0,11.83,0.0,0.0,2.8,1.07,0.0,,,,,,T-34_(1940)
spitfire_lf_mk9e_iaf,21.0,,,1.36,,0.36,25.0,,,,,,0.0,,,,,,Spitfire_Mk.IX_(CW)_(Israel)
av_8b_plus,22.0,0.0,1.0,1.0,0.0,0.0,7.0,50.0,0.0,0.0,0.5,1.0,5.0,,,1.0,,0.0,AV-8B_Plus
vb_10c1,25.0,8.82,1.38,2.13,0.0,0.0,35.0,100.0,1.39,2.0,0.17,1.0,0.0,,,,,,VB.10C-1
it_sherman_vc_firefly,21.0,100.0,0.0,0.0,1.0,1.0,5.0,,,0.0,,1.0,0.0,,,,,,Sherman_Vc
tornado_f3,23.0,100.0,0.84,0.84,0.0,0.0,13.0,,,,,,25.0,,,1.0,,0.0,Tornado_F.3
su-2_mv5,23.0,100.0,1.0,0.91,3.67,3.61,20.0,,,,,,0.0,,,,,,Su-2_MV-5
cr_32,23.0,,,1.9,,1.9,0.0,,,,,,0.0,,,,,,CR.32
a-20g,21.0,100.0,1.0,0.79,4.67,4.58,10.0,50.0,1.5,1.5,9.5,9.5,0.0,,,,,,A-20G-25
sw_leopard_1a5no,23.0,100.0,0.0,0.0,2.53,2.53,546.0,44.18,0.0,0.0,1.57,1.38,0.0,,,,,,Leopard_1A5NO2
cn_type_64,23.0,0.0,0.0,0.0,4.0,2.2,50.0,46.49,0.0,0.0,4.3,4.31,0.0,,,,,,M64
mig_23mla,18.0,50.0,1.09,1.09,0.09,0.09,38.0,38.89,1.47,1.29,0.0,0.0,5.0,,,1.0,,0.0,◊MiG-23MLA
it_freccia,23.0,100.0,0.0,0.0,1.0,1.0,59.0,85.29,0.0,0.0,1.44,1.26,12.0,,,0.0,,1.0,Freccia
fr_amx_30_b2_brenus,24.0,100.0,0.0,0.0,1.25,1.37,215.0,62.72,0.0,0.0,2.37,1.49,0.0,,,,,,AMX-30B2_BRENUS
it_43m_turan_3,24.0,100.0,0.0,0.0,3.08,2.89,84.0,50.0,0.0,0.0,3.3,3.42,0.0,,,,,,Turan_III
f2a-3,22.0,,,1.0,,0.0,0.0,,,,,,0.0,,,,,,F2A-3
mb_157,23.0,8.82,1.29,1.44,0.0,0.0,100.0,76.49,2.53,7.0,0.47,1.13,0.0,,,,,,M.B.157
la-9_china,21.0,,,1.56,,0.0,9.0,,,,,,0.0,,,,,,La-9_(China)
hurricane_mk1c,20.0,100.0,3.0,2.19,1.0,0.06,0.0,,,,,,0.0,,,,,,Sea_Hurricane_Mk_IC
spitfiremkii,20.0,100.0,3.0,3.0,0.0,0.0,6.0,,,1.0,,1.0,0.0,,,,,,Spitfire_Mk_IIb
cn_plz_05,20.0,50.0,0.0,0.0,0.5,0.5,151.0,93.59,0.0,0.0,6.35,2.05,0.0,,,,,,PLZ05
l_39za_art_thailand,23.0,,,2.0,,0.17,1379.0,80.45,0.25,0.31,4.46,5.43,0.0,,,,,,L-39ZA/ART_Albatros
fr_somua_s35,21.0,,,0.0,,3.0,16.0,,,0.0,,1.0,0.0,,,,,,S.35
uk_9a35_m,21.0,0.0,3.67,,2.67,,14.0,,,,,,0.0,,,,,,Стрела-10М
lagg-3-66,20.0,100.0,6.0,6.0,4.0,4.0,0.0,,,,,,0.0,,,,,,LaGG-3-66
fokker_d23,22.0,,,2.41,,0.0,0.0,,,,,,0.0,,,,,,◗Fokker_D.XXIII
germ_ru251,19.0,100.0,0.0,0.0,7.0,3.79,303.0,49.08,0.0,0.0,3.64,2.43,0.0,,,,,,Ru_251
ki_10_1,20.0,,,,,,0.0,,,,,,0.0,,,,,,Ki-10-I
yak-3p,21.0,100.0,4.32,4.13,0.0,0.0,127.0,71.56,6.12,7.43,2.98,3.86,29.0,,,1.85,,0.0,Yak-3P
f-84g_thailand,22.0,,,,,,40.0,92.47,0.07,0.13,1.19,1.32,0.0,,,,,,F-84G-21-RE
uk_challenger_2_megatron,18.0,0.0,0.0,0.0,6.0,4.0,668.0,61.75,0.0,0.0,2.75,1.92,0.0,,,,,,Challenger_2_OES
gladiator_j8a,21.0,,,1.0,,0.0,0.0,,,,,,0.0,,,,,,J8A
fr_amd_35_kwk39,21.0,,,0.0,,1.0,55.0,100.0,0.0,0.0,4.5,2.84,0.0,,,,,,AMD.35_(PaK)
pe-8_m82,21.0,,,0.0,,1.4,7.0,,,,,,0.0,,,,,,Pe-8
fr_lorraine_40t,25.0,0.0,0.0,0.0,5.0,1.64,387.0,70.84,0.0,0.0,2.57,2.93,11.0,0.0,0.0,0.0,1.0,1.0,Lorraine_40t
p-47d,20.0,27.5,0.98,1.0,1.85,1.9,78.0,65.15,0.22,0.23,0.59,0.6,2.0,,,,,,P-47D-25
me-410b-1_u2,22.0,90.0,0.9,0.72,0.53,0.58,0.0,,,,,,0.0,,,,,,Me_410_B-1/U2
fr_crusader_mk_2,21.0,50.0,0.0,0.0,1.0,1.38,10.0,,,0.0,,2.1,0.0,,,,,,Crusader_Mk.II
ussr_zsu_23_4m2,20.0,100.0,1.0,1.0,0.0,0.0,62.0,8.6,0.94,1.1,0.04,0.07,0.0,,,,,,ЗСУ-23-4М2
jp_type_10_prototype,20.0,,,0.0,,1.0,691.0,55.8,0.0,0.0,2.0,1.65,0.0,,,,,,TKX_(P)
re_2002_early,20.0,,,2.0,,0.0,11.0,0.0,0.0,0.0,1.0,0.95,0.0,,,,,,Re.2002_Early
cn_wz_1001,19.0,35.0,0.0,0.0,2.25,2.85,72.0,47.22,0.0,0.0,5.14,2.74,0.0,,,,,,WZ1001(E)_LCT
us_m1128_mgs,20.0,,,0.0,,1.0,533.0,49.51,0.0,0.0,1.47,1.22,0.0,,,,,,M1128
tornado_f3_late,20.0,50.0,0.5,1.0,0.0,0.0,0.0,,,,,,0.0,,,,,,Tornado_F.3_Late
cn_pgz_88,21.0,,,,,,244.0,66.16,0.66,0.44,2.37,1.59,0.0,,,,,,PGZ88
ki_100_2,22.0,,,0.27,,0.0,81.0,58.33,0.48,0.52,1.93,1.96,0.0,,,,,,Ki-100-II
germ_9a35_m,21.0,0.0,2.0,1.71,0.0,0.0,34.0,0.0,1.0,0.82,0.0,0.0,0.0,,,,,,Стрела-10М
saab_j21a_1,20.0,,,1.0,,0.0,38.0,,,1.0,,0.21,0.0,,,,,,J21A-1
f8f1b,22.0,100.0,2.0,1.35,0.0,0.0,857.0,79.46,0.7,0.65,2.25,2.09,0.0,,,,,,F8F-1B
sw_strf_90b,19.0,,,,,,293.0,52.79,0.11,0.1,2.11,1.7,0.0,,,,,,Strf_9040B
b_24d,21.0,50.0,0.0,0.0,1.0,1.0,0.0,,,,,,0.0,,,,,,B-24D-25-CO
il_magach_6b_gal_batash,20.0,0.0,0.0,0.0,2.0,1.53,39.0,50.0,0.0,0.0,2.9,1.89,0.0,,,,,,Gal_Batash
us_m44,17.0,50.0,0.0,0.0,0.56,1.13,88.0,45.16,0.0,0.0,2.63,1.51,0.0,,,,,,M44
p-47d_22_re,20.0,100.0,2.0,2.0,5.0,5.0,31.0,98.72,0.33,0.33,0.22,0.2,0.0,,,,,,P-47D-22-RE
sw_a_34_comet,19.0,,,0.0,,2.0,76.0,20.69,0.0,0.0,1.28,1.15,0.0,,,,,,Comet_I
f-4k,20.0,,,0.9,,0.0,0.0,,,,,,0.0,,,,,,Phantom_FG.1
germ_pzkpfw_e_100,19.0,100.0,0.0,0.0,6.83,6.0,19.0,100.0,0.0,0.0,8.0,8.0,0.0,,,,,,E-100
ussr_t_34_85_zis_53_kit_3rank,18.0,100.0,0.0,0.0,5.4,5.4,128.0,30.11,0.0,0.0,1.65,1.61,0.0,,,,,,Т-34-85_('45)
il_2_37_1943,19.0,,,1.0,,1.0,0.0,,,,,,0.0,,,,,,IL-2-37
us_mk1_grant,17.0,79.17,0.0,0.0,2.54,6.6,0.0,,,,,,0.0,,,,,,Grant_I
i-153p,18.0,,,2.0,,0.0,39.0,100.0,6.17,,0.24,,0.0,,,,,,I-153P
he_100d_1,19.0,,,,,,0.0,,,,,,0.0,,,,,,He_100_D-1
tis_ma,22.0,100.0,1.0,0.58,4.17,2.71,97.0,63.69,0.31,0.39,6.49,8.26,118.0,63.77,0.88,0.8,4.91,4.17,TIS_MA
sw_leopard_2a6nl,18.0,100.0,0.0,,2.0,,109.0,51.38,0.0,0.0,2.49,2.51,0.0,,,,,,Leopard_2A6
bf-109b_2,19.0,,,2.05,,0.0,0.0,,,,,,0.0,,,,,,Bf_109_B-1
uk_rooikat_za_35,17.0,,,1.0,,1.0,189.0,51.72,0.07,0.07,2.45,1.81,0.0,,,,,,ZA-35
p-40e,20.0,,,1.95,,0.0,23.0,0.0,2.0,1.43,1.0,0.79,0.0,,,,,,P-40E-1
mosquito_j30_sweden,19.0,,,1.0,,0.0,40.0,53.33,1.0,0.85,1.47,0.97,0.0,,,,,,Mosquito_J30
germ_leopard_2a5_pso,17.0,54.17,0.0,0.0,0.88,1.39,1119.0,50.68,0.0,0.0,1.73,1.52,0.0,,,,,,Leopard_2_PSO
p-63a-5,19.0,,,1.0,,0.0,26.0,,,1.2,,0.48,0.0,,,,,,P-63A-5
sw_bt_42,18.0,63.89,0.0,0.0,2.06,2.06,21.0,,,0.0,,2.0,0.0,,,,,,BT-42
vb_10_02,20.0,0.0,1.0,1.0,0.18,0.15,19.0,,,,,,0.0,,,,,,VB.10-02
a7m1,19.0,,,1.32,,0.0,86.0,73.77,2.33,2.76,1.52,1.88,0.0,,,,,,A7M1_(NK9H)
su_27,21.0,50.0,1.0,1.0,0.0,0.0,115.0,29.91,2.23,2.03,0.02,0.02,0.0,,,,,,Su-27
spitfire_mk5b_notrop,18.0,100.0,2.5,2.5,0.0,0.0,0.0,,,,,,8.0,,,2.0,,0.0,Spitfire_Mk_Vb
jp_type_61,17.0,50.0,0.0,0.0,1.0,1.5,439.0,60.88,0.0,0.0,1.85,1.59,0.0,,,,,,Type_61
mig-19s,20.0,,,0.0,,0.0,0.0,,,,,,0.0,,,,,,◊MiG-19S
fr_amx_30_b2,20.0,100.0,0.0,0.0,1.32,1.32,168.0,70.76,0.0,0.0,2.53,1.55,3.0,,,,,,AMX-30B2
mig-21_smt,19.0,100.0,1.0,1.0,0.0,0.0,158.0,82.72,4.53,5.46,0.53,0.61,0.0,,,,,,MiG-21SMT
saab_t18b_2,19.0,,,0.16,,0.37,0.0,,,,,,0.0,,,,,,T18B_(57)
us_m42_duster,21.0,,,,,,447.0,48.75,0.3,0.27,1.02,0.91,0.0,,,,,,M42
ussr_t_72b3_arena,20.0,,,0.0,,0.94,722.0,46.68,0.0,0.0,1.81,1.42,12.0,100.0,0.0,0.0,2.58,2.58,"Т-72Б3_""Арена"""
b5n2,18.0,100.0,0.0,0.0,7.2,7.5,17.0,,,,,,0.0,,,,,,B5N2
uk_sp_17_pdr_valentine,19.0,50.0,0.5,1.0,0.5,1.0,0.0,,,,,,0.0,,,,,,Archer
cn_wz_305,18.0,,,3.0,,1.0,304.0,62.87,0.56,0.55,1.45,1.44,16.0,0.0,0.0,0.0,1.0,1.64,WZ305
a6m2_mod11,17.0,,,,,,51.0,96.43,0.7,0.92,0.66,0.85,0.0,,,,,,A6M2_mod._11
a6m2_zero,17.0,100.0,2.12,2.12,0.0,0.0,3.0,,,1.0,,1.0,8.0,,,,,,A6M2
il_centurion_shot_kal_gimel,17.0,100.0,0.0,0.0,2.56,2.56,54.0,69.79,0.0,0.0,2.09,1.92,0.0,,,,,,Sho't_Kal_Gimel
us_xm_8,18.0,100.0,0.0,0.0,3.0,2.83,29.0,100.0,0.0,0.0,4.9,2.45,0.0,,,,,,XM8
sw_strf_9056,18.0,,,0.0,,1.0,168.0,35.59,0.19,0.12,1.32,0.97,0.0,,,,,,Strf_9040_BILL
germ_pzkpfw_III_ausf_J,17.0,,,,,,29.0,,,0.0,,2.61,0.0,,,,,,Pz.III_J1
it_leopard_1a5,19.0,100.0,0.0,0.0,3.33,3.33,72.0,100.0,0.0,0.0,2.07,1.96,5.0,,,0.0,,1.0,Leopard_1A5
sb_2m_105,18.0,100.0,0.0,0.0,3.0,2.5,0.0,,,,,,0.0,,,,,,SB_2M-105
us_halftrack_m15,19.0,,,0.0,,1.0,0.0,,,,,,0.0,,,,,,M15_CGMC
uk_a30_sp_avenger_kit_3rank,17.0,,,0.0,,1.73,141.0,95.24,0.0,0.0,4.14,2.16,0.0,,,,,,Avenger_(Overlord)
p-38l_1_china_rocaf,18.0,,,1.22,,0.0,67.0,92.78,4.12,4.67,0.07,1.0,0.0,,,,,,P-38L-1_(China)
n1k1_ja,18.0,,,,,,5.0,,,,,,0.0,,,,,,N1K1-Ja
jp_st_a2,17.0,55.88,0.0,0.0,1.74,3.12,127.0,91.53,0.0,0.0,5.29,2.74,0.0,,,,,,ST-A2
it_stug_III_ausf_G,19.0,100.0,0.0,0.0,1.0,1.0,38.0,100.0,0.0,0.0,2.0,1.47,0.0,,,,,,StuG_III_G
ussr_object_775,17.0,,,,,,436.0,54.65,0.0,0.0,2.19,1.78,0.0,,,,,,Object_775
fr_amx_40,17.0,76.47,0.0,0.0,1.12,1.35,260.0,65.04,0.0,0.0,2.2,1.39,0.0,,,,,,AMX-40
mig_21_bis_finland,17.0,50.0,0.5,1.0,0.0,0.0,39.0,88.46,3.03,1.0,0.0,0.0,0.0,,,,,,MiG-21bis
cn_cm_25,18.0,,,,,,40.0,50.0,0.0,0.0,0.0,0.0,0.0,,,,,,CM25
ussr_asu_57,19.0,,,0.0,,1.0,221.0,55.88,0.0,0.0,2.07,0.85,0.0,,,,,,ASU-57
ussr_buk_m3_fcs,18.0,,,,,,102.0,61.29,1.43,0.58,0.0,0.0,0.0,,,,,,"9К317М_""БУК-М3""_(СОЦ)"
saab_ajs37,17.0,,,0.0,,0.0,56.0,100.0,0.47,0.53,2.53,2.88,0.0,,,,,,AJS37
il_aml_90,16.0,,,0.0,,0.0,66.0,70.99,0.0,0.0,1.17,0.75,0.0,,,,,,AML-90_(Israel)
saab_ja37,17.0,50.0,0.0,0.0,0.0,0.0,368.0,55.65,1.69,1.84,0.0,0.0,20.0,,,0.9,,0.0,JA37C
saab_j35d,17.0,,,0.0,,0.0,24.0,50.0,1.2,2.35,0.49,0.97,0.0,,,,,,J35D
firefly_mk1,16.0,100.0,1.0,0.58,5.29,4.42,19.0,,,0.06,,2.28,0.0,,,,,,Firefly_F_Mk_I
yak-1b_luftwaffe,14.0,100.0,4.5,3.0,1.0,0.75,23.0,,,0.0,,0.0,0.0,,,,,,Yak-1B
sea_fury_fb11,16.0,100.0,3.0,2.5,0.0,0.0,31.0,94.23,1.15,1.28,0.0,0.0,0.0,,,,,,Sea_Fury_FB_11
il_merkava_mk_4_lic,18.0,0.0,0.0,0.0,3.0,3.0,127.0,63.02,0.0,0.0,2.36,2.13,0.0,,,,,,Merkava_Mk.4_LIC
uk_sarc_mk4_a,18.0,,,,,,0.0,,,,,,0.0,,,,,,SARC_MkIVa
uk_daimler_mk_2,18.0,,,0.0,,3.56,23.0,,,0.0,,0.78,0.0,,,,,,Daimler_Mk_II
it_semovente_m43_105_leoncello,18.0,100.0,0.0,0.0,2.73,2.67,0.0,,,,,,0.0,,,,,,"M43_""G.C.Leoncello"""
p-40f-5_france_ep,17.0,,,2.06,,0.53,0.0,,,,,,0.0,,,,,,P-40F-5_Lafayette
lagg-3-23,18.0,100.0,2.0,2.0,1.0,1.0,13.0,,,1.0,,0.0,0.0,,,,,,LaGG-3-23
ussr_kv_122,16.0,100.0,0.0,0.0,2.0,2.0,58.0,50.0,0.0,0.0,4.3,3.19,0.0,,,,,,KV-122
uk_m3_stuart,18.0,,,,,,0.0,,,,,,0.0,,,,,,Stuart_I
lagg-i-301,15.0,,,,,,0.0,,,,,,0.0,,,,,,I-301
il_tiran_6,19.0,50.0,0.0,0.0,1.45,2.9,78.0,68.84,0.0,0.0,2.73,2.95,0.0,,,,,,Tiran_6
ms_410c1,17.0,,,,,,0.0,,,,,,0.0,,,,,,M.S.410
f4f-3,17.0,,,2.09,,0.0,12.0,,,1.0,,0.0,0.0,,,,,,F4F-3
uk_crusader_mk_2_the_saint,16.0,,,,,,1.0,,,0.0,,2.0,0.0,,,,,,"Crusader_""The_Saint"""
ussr_su_122,17.0,100.0,0.0,0.0,1.62,1.71,52.0,0.0,0.0,0.0,1.52,0.98,0.0,,,,,,SU-122
uk_crusader_mk_2,18.0,,,0.0,,4.17,19.0,,,,,,0.0,,,,,,Crusader_II
us_skink_aa,17.0,,,,,,349.0,54.89,1.22,2.22,0.0,0.0,0.0,,,,,,Skink
us_t54e1,17.0,,,0.0,,1.59,32.0,51.18,0.0,0.0,0.78,1.46,0.0,,,,,,T54E1
p-51c-10-nt,18.0,,,,,,58.0,26.34,1.45,1.51,0.34,0.39,0.0,,,,,,P-51C-10
spitfire_ix,18.0,100.0,3.5,3.5,0.0,0.0,20.0,50.0,0.63,1.25,0.13,0.25,32.0,0.0,5.5,2.23,0.0,0.0,Spitfire_LF_Mk_IX
p-63c-5_france,17.0,8.82,0.91,1.0,0.0,0.0,85.0,99.17,0.63,0.61,2.01,1.93,0.0,,,,,,P-63C-5
sm_79_1941_italy,17.0,100.0,0.0,0.0,1.0,1.0,0.0,,,,,,0.0,,,,,,S.M.79_AS
ussr_btr_80a,17.0,,,,,,598.0,51.51,0.0,0.0,1.24,1.07,0.0,,,,,,BTR-80A
beaufighter_mk21,15.0,100.0,0.6,0.73,6.1,6.33,27.0,,,0.0,,1.0,0.0,,,,,,Beaufighter_Mk_21
i-16_type28,15.0,,,4.0,,1.0,0.0,,,,,,0.0,,,,,,I-16_type_28
jp_sub_i_ii_20mm,15.0,100.0,2.0,,3.0,,861.0,72.55,0.35,0.32,0.96,0.81,0.0,,,,,,SUB-I-II
ki_43_2,17.0,,,,,,5.0,100.0,0.0,0.0,2.0,2.0,0.0,,,,,,Ki-43-II
sw_strv_m31,15.0,100.0,0.0,0.0,1.0,4.88,2.0,50.0,0.0,0.0,1.0,2.0,0.0,,,,,,Strv_m/31
sw_pbil_m40,13.0,,,0.0,,3.0,2.0,,,0.0,,1.0,0.0,,,,,,Pbil_m/40
germ_marder_df_105,18.0,47.22,0.0,0.0,3.03,3.03,291.0,29.87,0.0,0.0,1.59,1.22,52.0,78.67,0.0,0.0,3.37,4.02,DF105
bf-109f-4_hungary,15.0,,,4.93,,0.0,21.0,50.0,0.5,1.0,1.0,2.0,0.0,,,,,,◐Bf_109_F-4
us_xm_975_roland,15.0,0.0,2.0,2.0,0.0,0.0,54.0,89.13,0.0,0.0,0.0,0.0,0.0,,,,,,XM975
cn_m10,18.0,100.0,0.0,0.0,4.44,4.61,40.0,100.0,0.0,0.0,2.0,1.11,0.0,,,,,,M10_GMC_(China)
cn_type_62,17.0,,,0.0,,1.53,166.0,54.95,0.0,0.0,1.45,0.98,2.0,,,0.0,,1.0,Type_62
a-26b_10,17.0,100.0,0.0,0.0,5.2,3.88,0.0,,,,,,0.0,,,,,,A-26B-10
cn_is_2_1943,18.0,50.0,0.0,0.0,2.0,2.0,56.0,66.67,0.0,0.0,2.21,1.15,0.0,,,,,,IS-2_(China)
ki_84_ko,16.0,,,1.44,,0.0,10.0,,,,,,0.0,,,,,,Ki-84_ko
us_m551_76,16.0,,,0.0,,1.0,267.0,63.42,0.0,0.0,4.11,1.62,0.0,,,,,,M551(76)
it_zsu_57_2,15.0,50.0,0.0,0.0,1.5,1.31,58.0,75.0,0.05,0.04,3.73,2.57,0.0,,,,,,◔ZSU-57-2
fr_amx_30_super,13.0,100.0,0.0,0.0,3.67,1.78,561.0,52.85,0.0,0.0,4.5,2.47,0.0,,,,,,AMX-30_Super
mig-21_f13,17.0,,,1.0,,0.0,22.0,50.0,1.5,0.43,0.0,0.0,0.0,,,,,,MiG-21F-13
uk_challenger_mk_3,17.0,100.0,0.0,0.0,3.25,3.25,142.0,64.4,0.0,0.0,3.01,3.03,0.0,,,,,,Challenger_Mk.3
uk_t17e2,16.0,,,,,,23.0,,,,,,0.0,,,,,,Staghound_AA
p-47d_30_italy,16.0,,,1.63,,0.5,83.0,58.07,0.26,0.21,0.83,0.88,16.0,50.0,0.5,1.0,0.5,1.0,P-47D-30
yak-9p_hungary,16.0,,,1.0,,0.0,0.0,,,,,,0.0,,,,,,◔Yak-9P
fr_leopard_2a5nl,15.0,70.0,0.0,0.0,1.0,1.0,45.0,100.0,0.0,0.0,6.72,3.61,0.0,,,,,,Leopard_2A5NL
ussr_object_685,17.0,,,0.0,,0.0,433.0,51.72,0.0,0.0,1.83,1.81,0.0,,,,,,Object_685
jp_type_60_sprg,16.0,100.0,0.0,0.0,0.36,0.36,591.0,63.84,0.0,0.0,1.7,1.87,0.0,,,,,,Type_60_SPRG_(C)
f4f-4,16.0,,,1.0,,0.0,0.0,,,,,,0.0,,,,,,F4F-4
saab_jas39d,17.0,,,1.43,,0.0,127.0,65.33,1.34,0.77,0.26,0.07,17.0,,,1.0,,0.0,JAS39D
f-80a,18.0,100.0,2.0,2.0,4.81,4.81,10.0,0.0,2.0,1.25,1.0,0.63,0.0,,,,,,F-80A-5
b-29,16.0,100.0,0.0,0.0,7.56,7.56,0.0,,,,,,0.0,,,,,,B-29A-BN
it_c1_ariete,14.0,100.0,0.0,0.0,3.0,3.0,98.0,50.0,0.0,0.0,2.94,1.69,0.0,,,,,,Ariete
b7a2,17.0,50.0,1.0,2.0,1.0,2.0,4.0,100.0,4.0,,4.0,,0.0,,,,,,B7A2
jp_type_2_ho_ni_2,14.0,,,0.0,,1.71,22.0,100.0,0.0,0.0,1.0,1.0,0.0,,,,,,Ho-Ni_II
jp_type_5_ho_ri_prototype,19.0,95.56,0.0,0.0,6.76,3.89,450.0,58.65,0.0,0.0,4.69,3.57,0.0,,,,,,Ho-Ri_Prototype
tu-2_postwar,15.0,,,0.0,,1.6,15.0,,,,,,0.0,,,,,,Tu-2S-44
it_c1_ariete_pso,14.0,,,,,,129.0,51.92,0.0,0.0,2.49,1.96,0.0,,,,,,Ariete_PSO
jp_type_97_chi_ha_12cm,15.0,,,,,,20.0,100.0,0.0,0.0,2.8,2.8,0.0,,,,,,Chi-Ha_Short_Gun
f-105d,15.0,,,0.0,,2.0,78.0,36.23,0.67,0.58,0.0,0.0,29.0,,,,,,F-105D
mig_3_series_1_15_bk_pod,12.0,100.0,3.0,1.5,0.0,0.0,0.0,,,,,,0.0,,,,,,MiG-3-15_(BK)
ussr_kv_2_1940,12.0,,,0.0,,3.0,0.0,,,,,,0.0,,,,,,KV-2_(1940)
it_otobreda_sidam_25_mistral,14.0,,,,,,3.0,,,,,,0.0,,,,,,SIDAM_25_(Mistral)
il_merkava_mk_1,14.0,50.0,0.0,0.0,2.25,2.04,98.0,46.67,0.0,0.0,2.69,2.13,0.0,,,,,,Merkava_Mk.1
germ_vilkas,16.0,50.0,0.0,0.0,0.75,1.5,169.0,53.79,0.12,0.11,0.91,0.8,0.0,,,,,,Vilkas
mig-17,16.0,,,,,,191.0,78.57,2.84,2.55,1.45,1.39,0.0,,,,,,MiG-17
sw_leopard_2a4_fin,16.0,50.0,0.0,0.0,1.0,2.0,510.0,45.72,0.0,0.0,1.27,1.23,0.0,,,,,,Leopard_2A4
it_44m_zrinyi_1,14.0,,,,,,34.0,100.0,0.0,0.0,1.43,1.23,0.0,,,,,,Zrinyi_I
bf-109g-6,18.0,66.67,1.3,1.3,0.3,0.3,47.0,78.57,3.09,5.46,0.37,0.75,0.0,,,,,,Bf_109_G-6
f9f-2,16.0,,,0.0,,1.0,84.0,31.67,0.63,0.49,0.86,0.23,0.0,,,,,,F9F-2
ussr_su_152,17.0,100.0,0.0,,6.0,,203.0,36.02,0.0,0.0,1.27,1.29,0.0,,,,,,SU-152
sw_strv_121,16.0,50.0,0.0,0.0,0.81,1.63,827.0,48.72,0.0,0.0,1.59,1.54,0.0,,,,,,Strv_121
yak-9ut,15.0,,,,,,332.0,70.86,0.9,0.94,2.86,2.94,50.0,84.48,0.22,0.26,1.62,2.0,Yak-9UT
uk_crusader_mk_3,16.0,,,0.0,,2.2,76.0,70.24,0.0,0.0,2.91,2.02,0.0,,,,,,Crusader_III
mig-21_bis,15.0,,,0.0,,0.0,10.0,,,1.0,,0.0,0.0,,,,,,MiG-21bis
me-410b-2_u4,16.0,43.75,0.56,1.0,0.0,0.0,0.0,,,,,,0.0,,,,,,Me_410_B-2/U4
me-262a-1a_u4,18.0,66.67,0.63,0.63,2.3,2.3,607.0,52.65,0.24,0.31,1.96,2.53,0.0,,,,,,Me_262_A-1/U4
p-38l,15.0,50.0,0.5,1.0,0.0,0.0,3.0,100.0,2.0,2.0,0.0,0.0,0.0,,,,,,P-38L-5-LO
sbd-3,15.0,0.0,0.0,0.0,0.0,0.0,0.0,,,,,,0.0,,,,,,SBD-3
hurricanemkii,15.0,100.0,5.4,,2.0,,20.0,,,,,,0.0,,,,,,Hurricane_Mk_IIB/Trop
germ_vt_1_2,14.0,100.0,0.0,0.0,4.0,4.0,120.0,44.76,0.0,0.0,2.91,2.43,0.0,,,,,,VT1-2
jp_type_93,15.0,100.0,1.42,1.0,1.0,1.0,193.0,46.87,1.02,1.03,0.0,0.0,0.0,,,,,,Type_93
lagg-3-34,14.0,50.0,1.5,3.0,0.0,0.0,0.0,,,,,,0.0,,,,,,LaGG-3-34
it_m14_41_47_40,13.0,,,0.0,,1.85,0.0,,,,,,0.0,,,,,,M14/41_(47/40)
germ_sturmmorser_sturmtiger,15.0,,,0.0,,1.0,46.0,100.0,0.0,0.0,3.0,1.73,0.0,,,,,,38_cm_Sturmmörser
fr_leopard_1a5be,15.0,,,0.0,,2.0,92.0,64.2,0.0,0.0,2.51,2.04,0.0,,,,,,Leopard_1A5BE
a_7k,14.0,100.0,0.0,0.0,1.21,1.21,0.0,,,,,,0.0,,,,,,A-7K
ki_44_2_hei_china,12.0,100.0,3.0,3.44,1.0,0.25,14.0,100.0,2.92,1.0,1.0,0.0,0.0,,,,,,Ki-44-II_hei_(China)
f_16c_block_52_aesa,13.0,,,1.83,,0.58,736.0,59.13,0.82,0.9,0.9,0.99,102.0,38.89,0.62,0.42,0.77,0.57,F-16CM_PoBIT
mig_27m,17.0,42.86,0.87,1.57,0.0,0.0,78.0,50.0,0.98,1.0,1.48,1.52,17.0,,,0.0,,1.0,MiG-27M
p-38j,14.0,50.0,0.5,1.0,0.5,1.0,0.0,,,,,,0.0,,,,,,P-38J-15
mig-19pt,13.0,50.0,0.75,1.33,0.0,0.0,97.0,64.52,3.9,3.17,0.29,0.47,0.0,,,,,,MiG-19PT
germ_leopard_2pl,15.0,,,0.0,,1.0,1027.0,37.55,0.0,0.0,1.38,1.17,0.0,,,,,,Leopard_2_PL
ussr_gaz_mm_72k,13.0,100.0,0.0,0.0,1.0,1.0,0.0,,,,,,0.0,,,,,,GAZ-MM_(72-K)
sw_strv_m40l,13.0,,,,,,0.0,,,,,,0.0,,,,,,Strv_m/40L
ussr_zsu_23_4,13.0,0.0,1.0,1.0,0.0,0.0,168.0,20.43,1.3,1.24,0.12,0.14,0.0,,,,,,ZSU-23-4
mc200_serie7_italy,13.0,,,2.38,,0.0,0.0,,,,,,0.0,,,,,,C._200_serie_7
ussr_t_50,13.0,,,0.0,,1.62,6.0,,,0.0,,1.17,0.0,,,,,,T-50
f-80,15.0,,,,,,12.0,,,,,,0.0,,,,,,F-80C-10
b-17e_late,14.0,,,0.0,,0.0,0.0,,,,,,0.0,,,,,,B-17E/L
spitfire_mk1,12.0,,,4.0,,0.0,0.0,,,,,,0.0,,,,,,Spitfire_Mk_Ia
uk_sky_sabre_fcs,13.0,,,2.0,,0.0,239.0,57.34,1.74,1.81,0.0,0.0,0.0,,,,,,Sky_Sabre_(СОЦ)
cn_type_69,13.0,,,0.0,,1.69,402.0,69.29,0.01,0.0,3.45,3.0,0.0,,,,,,Type_69
bf-109e-4,11.0,,,,,,1.0,,,,,,0.0,,,,,,Bf_109_E-4
he51a1,13.0,,,,,,0.0,,,,,,0.0,,,,,,He_51_A-1
ussr_zis_30,12.0,,,,,,22.0,0.0,0.0,0.0,3.83,2.14,0.0,,,,,,ZiS-30
cn_type_97_kai,14.0,,,0.0,,1.57,0.0,,,,,,0.0,,,,,,Chi-Ha_Kai_(China)
fw-190a-5,12.0,,,2.0,,0.0,12.0,,,,,,0.0,,,,,,Fw_190_A-5/U12
ussr_9a33bm3,13.0,,,1.0,,0.0,42.0,0.0,0.0,0.77,0.0,0.0,0.0,,,,,,Оса-АКМ
us_m60,13.0,,,0.0,,2.0,281.0,55.74,0.0,0.0,1.45,1.11,0.0,,,,,,M60
jp_st_b1,14.0,100.0,0.0,0.0,1.0,1.0,283.0,66.21,0.0,0.0,2.31,1.41,0.0,,,,,,STB-2
germ_raketenjagdpanzer_2,14.0,,,0.0,,0.0,75.0,0.0,0.0,0.0,1.42,0.69,0.0,,,,,,RakJPz_2
sw_bmp_2md,12.0,,,0.0,,1.0,81.0,44.0,0.0,0.0,0.76,0.91,0.0,,,,,,BMP-2MD
il-10_1946_china,13.0,,,1.0,,0.0,20.0,50.0,0.0,0.0,1.0,4.31,0.0,,,,,,IL-10_(1946)_(China)
ussr_bmp_2,15.0,100.0,0.0,0.0,0.0,0.0,799.0,48.37,0.0,0.0,1.12,0.88,20.0,100.0,0.0,0.0,1.0,1.0,BMP-2
sw_pvrbv_551,14.0,0.0,0.0,0.0,1.0,1.0,109.0,45.16,0.0,0.0,1.63,1.42,0.0,,,,,,Pvrbv_551
su_33,10.0,,,0.0,,0.0,367.0,40.26,1.08,0.87,0.0,0.0,13.0,,,0.77,,0.0,Су-33
ussr_2s19_m1,14.0,59.26,0.0,0.0,0.61,1.56,150.0,45.13,0.02,0.02,0.84,0.8,0.0,,,,,,2С19М1
germ_pzkpfw_35t,11.0,100.0,0.0,,4.91,,29.0,100.0,0.0,0.0,1.0,1.0,0.0,,,,,,Pz.35(t)
il_2_1941,12.0,100.0,1.33,1.33,1.25,1.25,27.0,0.0,0.0,0.52,1.0,1.52,0.0,,,,,,IL-2_(1941)
us_m1_abrams_kvt,14.0,,,0.0,,0.0,1068.0,51.4,0.0,0.0,2.67,2.12,0.0,,,,,,M1_KVT
sw_zsu_57_2,13.0,,,,,,263.0,35.68,0.0,0.0,1.15,1.11,0.0,,,,,,ZSU-57-2
i_180,11.0,,,3.36,,0.0,1.0,,,0.0,,1.0,0.0,,,,,,I-180S
d_520,13.0,100.0,2.0,2.0,0.0,0.0,0.0,,,,,,0.0,,,,,,D.520
f7f1,13.0,,,,,,170.0,48.77,0.39,0.37,0.76,0.6,0.0,,,,,,F7F-1
us_m46_patton_73_armor_bat,13.0,50.0,0.0,0.0,1.5,3.0,279.0,64.9,0.0,0.0,3.38,2.5,0.0,,,,,,"M46_""Tiger"""
it_ab_41,12.0,100.0,0.0,,3.43,,5.0,,,,,,0.0,,,,,,AB_41
d_521,13.0,100.0,2.0,2.0,0.0,0.0,0.0,,,,,,0.0,,,,,,D.521
p-63c-5,10.0,,,1.0,,2.0,29.0,,,0.0,,1.45,0.0,,,,,,P-63C-5
boomerang_mki,13.0,100.0,2.0,1.08,0.0,0.0,0.0,,,,,,0.0,,,,,,Boomerang_Mk_I
ussr_t_44_122,11.0,,,,,,127.0,50.0,0.0,0.0,2.16,2.38,0.0,,,,,,T-44-122
jp_type_16,14.0,96.15,0.0,0.0,1.96,1.96,257.0,57.73,0.0,0.0,1.75,1.73,0.0,,,,,,Type_16
it_leopard_1a2,11.0,,,,,,110.0,41.59,0.0,0.0,1.26,1.26,0.0,,,,,,Leopard_1A2
boomerang_mkii,13.0,100.0,1.0,1.0,0.0,0.0,0.0,,,,,,0.0,,,,,,Boomerang_Mk_II
f-89b,13.0,,,2.0,,0.0,126.0,79.67,0.79,1.95,0.88,2.04,0.0,,,,,,F-89B
uk_fv221_caernarvon,11.0,,,0.0,,1.0,139.0,41.19,0.0,0.0,2.58,1.87,0.0,,,,,,Caernarvon
hurricane_mk1_late_finland,14.0,50.0,1.0,1.0,0.0,0.0,0.0,,,,,,0.0,,,,,,Hurricane_Mk_I/L
mig_23m,12.0,,,1.0,,0.0,0.0,,,,,,20.0,,,1.07,,0.0,MiG-23M
uk_g6_spg,11.0,,,0.0,,1.0,66.0,50.0,0.0,0.0,0.5,0.5,0.0,,,,,,G6
germ_sppz2_luchs_a2,13.0,0.0,0.0,0.0,1.0,1.0,56.0,0.0,0.0,0.0,0.0,0.02,0.0,,,,,,Luchs_A2
vg_33,12.0,100.0,8.0,,0.0,,6.0,100.0,1.0,1.0,0.0,0.0,0.0,,,,,,V.G.33C-1
germ_panzerjager_1,10.0,100.0,0.0,0.0,4.4,4.4,19.0,,,0.0,,1.0,0.0,,,,,,Panzerjäger_I
su_22um3k,9.0,100.0,1.0,0.14,5.0,2.86,21.0,50.0,0.05,0.03,2.55,2.45,0.0,,,,,,◊Su-22UM3K
ussr_isu_152,11.0,100.0,0.0,0.0,3.0,3.0,63.0,,,0.0,,1.06,0.0,,,,,,ISU-152
beaufighter_mkx,11.0,100.0,1.0,1.0,2.5,2.64,0.0,,,,,,0.0,,,,,,Beaufighter_Mk_X
it_m13_40_serie_1,10.0,,,,,,0.0,,,,,,0.0,,,,,,M13/40_(I)
it_as_42_47,10.0,100.0,0.0,0.0,3.0,3.0,0.0,,,,,,0.0,,,,,,AS_42/47
us_lvt_a1_m24,10.0,,,,,,2.0,,,0.0,,3.0,0.0,,,,,,LVT(A)(1)_(M24)
fr_amx_13_fl_11,12.0,100.0,0.0,0.0,1.0,1.0,99.0,56.25,0.0,0.0,2.04,1.43,0.0,,,,,,AMX-13_(FL11)
il-2i,11.0,,,2.0,,2.82,0.0,,,,,,13.0,,,,,,IL-2_(1942)
ussr_btr_152a,12.0,100.0,2.5,2.5,1.0,1.0,5.0,0.0,0.0,0.0,0.0,0.0,0.0,,,,,,BTR-152A
cn_vt_5,10.0,100.0,0.0,0.0,2.6,2.6,311.0,53.76,0.0,0.0,1.61,1.3,0.0,,,,,,VT5
il_magach_7c,11.0,,,0.0,,1.55,36.0,100.0,0.0,0.0,4.58,3.58,0.0,,,,,,Magach_7C
jp_type_75,11.0,,,,,,345.0,59.33,0.6,0.5,3.29,2.6,0.0,,,,,,Type_75_SPH
uk_a39_tortoise,10.0,0.0,0.0,0.0,1.0,1.0,3.0,,,,,,0.0,,,,,,Tortoise
us_m109a1,11.0,,,0.0,,1.0,131.0,100.0,0.0,0.0,2.0,0.85,0.0,,,,,,M109A1
it_2s1,11.0,,,,,,17.0,,,0.0,,0.92,0.0,,,,,,◔2S1
jp_type_74_red_star,12.0,,,0.0,,1.0,340.0,55.32,0.0,0.0,2.82,1.57,0.0,,,,,,Type_74_Red_Star
re_2000_ga,10.0,,,1.0,,0.0,0.0,,,,,,0.0,,,,,,Re.2000_G.A.
us_m50_ontos,11.0,,,0.0,,1.64,241.0,49.65,0.0,0.0,2.71,1.63,0.0,,,,,,M50
jp_type_74_mod_g_kai,12.0,,,0.0,,1.0,258.0,53.74,0.0,0.0,2.62,2.32,0.0,,,,,,Type_74_(G)
jp_type_1_chi_he,12.0,,,,,,112.0,100.0,0.0,0.0,5.44,2.56,0.0,,,,,,Chi-He
cn_is_2_1944,10.0,,,0.0,,1.0,22.0,,,0.0,,1.6,0.0,,,,,,IS-2_(1944)_(China)
f-86a-5,12.0,,,0.0,,0.0,83.0,72.0,2.49,3.21,0.95,1.26,0.0,,,,,,F-86A-5
uk_eland_90_mk_7,10.0,,,,,,185.0,40.18,0.0,0.0,1.1,1.2,0.0,,,,,,Eland_90_Mk.7
p_108a_serie2,10.0,,,0.0,,0.0,0.0,,,,,,0.0,,,,,,P.108A_serie_2
sw_landsverk_ush_204_gk,10.0,,,,,,204.0,22.15,0.78,0.65,0.22,0.14,0.0,,,,,,U-SH_204_GK
fr_char_2c_bis,10.0,70.0,0.0,,1.7,,0.0,,,,,,0.0,,,,,,2C_bis
uk_a_43_black_prince,10.0,,,,,,63.0,50.0,0.0,0.0,4.4,4.1,0.0,,,,,,Black_Prince
pe-3,10.0,100.0,0.14,0.14,3.43,3.43,0.0,,,,,,0.0,,,,,,Pe-3
us_t32e1,12.0,50.0,0.0,0.0,3.0,3.0,117.0,52.15,0.0,0.0,1.9,1.68,0.0,,,,,,T32E1
us_m26_t99,11.0,58.33,0.42,0.83,2.42,4.0,0.0,,,,,,0.0,,,,,,M26_T99
uk_fv4004_conway,10.0,100.0,0.0,0.0,4.0,2.0,44.0,25.86,0.0,0.0,0.74,1.0,0.0,,,,,,Conway
germ_sdkfz_222,11.0,100.0,0.0,0.0,4.0,4.0,143.0,60.15,0.0,0.0,2.9,1.67,0.0,,,,,,Sd.Kfz.222
sw_strv_103_0,11.0,,,0.0,,2.0,48.0,50.57,0.0,0.0,1.62,2.37,0.0,,,,,,Strv_103-0
us_m103,12.0,50.0,0.0,0.0,1.5,3.0,228.0,53.04,0.0,0.0,2.19,1.38,0.0,,,,,,M103
jp_type_98_ke_ni,8.0,100.0,0.0,0.0,4.5,5.25,43.0,50.0,0.0,0.0,1.17,4.37,0.0,,,,,,Ke-Ni
germ_flarakpz_1,11.0,,,,,,89.0,53.76,0.93,1.01,0.0,0.0,0.0,,,,,,FlaRakPz_1
us_m5a1_stuart,8.0,70.0,0.0,0.0,2.0,3.2,112.0,61.29,0.0,0.0,3.32,2.38,0.0,,,,,,M5A1
us_m48a1_patton_III,12.0,50.0,0.0,0.0,1.5,1.5,200.0,51.38,0.0,0.0,0.99,1.04,0.0,,,,,,M48A1
jp_m42_duster,10.0,50.0,0.5,1.0,1.0,2.0,240.0,59.22,0.5,0.35,1.29,0.76,0.0,,,,,,M42
fr_amx_13_75,11.0,,,,,,210.0,69.3,0.0,0.0,1.69,1.05,9.0,,,0.0,,0.0,AMX-13
germ_pzkpfw_38t_Aufklarungspanzer,11.0,100.0,0.0,0.0,1.0,1.0,19.0,100.0,0.0,0.0,1.0,1.0,0.0,,,,,,Sd.Kfz._140/1
ki_100_early,11.0,,,1.0,,0.0,131.0,92.41,3.54,1.87,9.8,4.6,0.0,,,,,,Ki-100
tu_95m,9.0,,,,,,44.0,40.0,0.52,0.63,0.0,0.0,14.0,,,1.0,,0.0,Ту-95М
bf-109e-1,9.0,,,2.11,,0.0,87.0,29.86,1.17,1.44,0.69,0.89,0.0,,,,,,Bf_109_E-1
f_16a_block_10,9.0,,,0.0,,1.0,175.0,71.4,0.75,0.75,1.14,1.06,0.0,,,,,,F-16A
fr_leclerc_s1,12.0,50.0,0.0,0.0,1.0,1.0,275.0,52.65,0.0,0.0,2.91,2.16,0.0,,,,,,Leclerc
us_m1a1_hc_abrams,9.0,,,,,,525.0,61.76,0.0,0.0,3.08,2.75,0.0,,,,,,M1A1_HC
p-40c_china,9.0,,,0.0,,0.0,13.0,,,0.0,,0.0,0.0,,,,,,H-81A-2
h8k2,9.0,100.0,0.0,0.0,0.0,0.0,0.0,,,,,,0.0,,,,,,H8K2
germ_sdkfz_234_1,9.0,,,,,,141.0,57.5,0.0,0.0,2.47,2.72,0.0,,,,,,Sd.Kfz.234/1
spitfire_fr_mk14e,10.0,,,5.0,,0.0,0.0,,,,,,0.0,,,,,,Prendergast's_Spitfire_FR_Mk_XIVe
buccaneer_s2b,9.0,,,0.0,,2.0,28.0,,,,,,0.0,,,,,,Buccaneer_S.2B
harrier_frs1,9.0,,,1.0,,1.0,14.0,50.0,0.0,0.0,0.0,0.0,0.0,,,,,,Sea_Harrier_FRS.1
ussr_kv_2_1939,8.0,100.0,0.0,0.0,4.0,4.0,36.0,83.33,0.0,0.0,2.67,2.58,0.0,,,,,,KV-2_(1939)
meteor_fmk8_iaf,8.0,,,0.0,,2.0,12.0,0.0,0.0,0.0,0.0,0.0,0.0,,,,,,Meteor_F.8_(Israel)
cn_ptz_89,11.0,50.0,0.0,0.0,1.5,2.83,82.0,100.0,0.0,0.0,5.63,3.24,0.0,,,,,,PTZ89
j_7e,10.0,,,2.0,,0.0,12.0,50.0,2.0,2.0,1.0,1.0,0.0,,,,,,J-7E
cn_lvt_4_zis_2,10.0,,,0.0,,1.0,10.0,,,0.0,,0.2,0.0,,,,,,LVT(A)(4)_(ZiS-2)
fr_tpk_641_vpc,9.0,,,,,,74.0,63.91,0.03,0.06,0.48,0.37,0.0,,,,,,TPK_6.41
germ_leopard_2_pt14,8.0,,,0.0,,3.14,39.0,31.25,0.0,0.0,5.88,3.39,0.0,,,,,,PT-16/T14_mod.
p-36g,8.0,,,1.88,,0.0,0.0,,,,,,0.0,,,,,,P-36G
mig_29_9_13,12.0,16.67,1.93,2.1,0.1,0.1,27.0,76.67,1.47,1.6,0.77,0.87,0.0,,,,,,MiG-29
il_zsu_23_4,10.0,,,,,,79.0,45.83,0.44,0.84,0.0,0.0,0.0,,,,,,ZSU-23-4_(Israel)
sw_ikv_91_105,10.0,100.0,0.0,0.0,1.0,1.0,261.0,49.01,0.0,0.0,0.89,1.1,0.0,,,,,,Ikv_91-105
it_c13_t90,8.0,100.0,0.0,0.0,1.0,1.0,61.0,47.78,0.0,0.0,2.05,2.15,0.0,,,,,,C13_T90
us_m55,8.0,0.0,0.0,0.0,1.0,1.0,4.0,,,0.0,,1.0,0.0,,,,,,M55
mig-19j_6a,10.0,100.0,1.0,1.0,0.0,0.0,27.0,100.0,2.0,,0.0,,0.0,,,,,,J-6A
uk_boxer_crv_block2,8.0,,,0.0,,1.0,388.0,65.21,0.04,0.04,1.35,1.08,0.0,,,,,,CRV_Block_2
su_25t,9.0,,,,,,210.0,63.94,0.07,0.09,4.61,4.34,0.0,,,,,,Su-25T
jaguar_gr1a,9.0,,,,,,19.0,100.0,2.0,2.0,1.94,2.0,0.0,,,,,,Jaguar_GR.1A
us_t92,8.0,,,0.0,,0.88,442.0,51.99,0.0,0.0,1.61,1.09,0.0,,,,,,T92
he-111h-16_winter,8.0,100.0,0.0,0.0,0.0,0.0,112.0,52.58,0.0,0.0,1.04,0.84,0.0,,,,,,He_111_H-16
i-153_m62,8.0,,,2.5,,0.0,0.0,,,,,,0.0,,,,,,I-153_M-62
he-111h-2,9.0,,,,,,0.0,,,,,,0.0,,,,,,He_111_H-3
sb2c_5_france,9.0,,,0.0,,0.25,35.0,100.0,1.05,0.88,4.32,5.5,0.0,,,,,,SB2C-5
yak-15,8.0,66.67,4.3,4.3,0.0,0.0,3.0,100.0,0.0,0.0,0.0,0.0,0.0,,,,,,Yak-15
spitfire_mk9c_4cannons,10.0,100.0,4.0,4.0,0.0,0.0,24.0,100.0,1.41,1.32,1.74,1.32,0.0,,,,,,Spitfire_F_Mk_IXc
blenheim_mkiv,9.0,100.0,0.0,0.0,3.0,3.0,0.0,,,,,,0.0,,,,,,Blenheim_Mk_IV
spitfire_ix_plagis,10.0,100.0,3.5,3.5,0.0,0.0,1.0,100.0,1.0,,1.0,,0.0,,,,,,Plagis'_Spitfire_LF_Mk_IXc
a6m5otsu,10.0,0.0,7.0,3.5,0.0,0.0,50.0,51.43,1.07,2.22,0.51,1.07,0.0,,,,,,A6M5_otsu
cr_32_quater,8.0,,,1.0,,1.0,0.0,,,,,,0.0,,,,,,CR.32_quater
mosquito_fb_mk26_china,7.0,,,1.0,,1.0,37.0,67.71,2.45,0.0,1.04,1.0,0.0,,,,,,Mosquito_FB.Mk.26
ussr_t_26_1940,9.0,,,,,,4.0,,,,,,0.0,,,,,,T-26
fr_cckw_353_bofors,8.0,,,,,,5.0,100.0,1.0,1.0,2.0,2.0,0.0,,,,,,CCKW_353_AA
tu-2,8.0,,,,,,39.0,100.0,0.0,0.0,3.6,3.55,6.0,50.0,0.0,0.0,0.5,1.0,Tu-2S
cn_m4a4_sherman,10.0,100.0,0.0,0.0,3.22,3.22,0.0,,,,,,0.0,,,,,,M4A4_(China)
mig-21_bis_lazur,7.0,,,1.0,,0.0,470.0,47.51,1.28,1.49,0.47,0.58,2.0,,,5.0,,0.0,"◊MiG-21_""Lazur-M"""
uk_chieftain_mk_5,9.0,,,,,,139.0,51.16,0.0,0.0,3.61,2.22,0.0,,,,,,Chieftain_Mk_5
germ_pz_IV_L70,11.0,100.0,0.0,,2.33,,347.0,24.55,0.0,0.0,2.09,1.68,0.0,,,,,,Panzer_IV/70(V)
il-10_1946,8.0,,,0.0,,1.0,0.0,,,,,,0.0,,,,,,IL-10_(1946)
spitfire_mk5c,10.0,100.0,5.0,5.0,0.0,0.0,21.0,100.0,2.56,2.5,3.89,1.92,16.0,,,2.0,,0.0,Spitfire_Mk_Vc/trop
ussr_su_57b,8.0,,,0.0,,1.0,0.0,,,,,,0.0,,,,,,SU-57B
f2g-1,9.0,100.0,1.0,,0.0,,206.0,64.35,0.54,0.54,1.55,1.57,0.0,,,,,,F2G-1
j_7d,9.0,,,1.0,,0.0,112.0,76.34,2.14,3.19,0.42,0.31,0.0,,,,,,J-7D
germ_pzsfl_IVa_dickermax,7.0,,,,,,0.0,,,,,,0.0,,,,,,Dicker_Max
f-104c,6.0,50.0,1.5,1.75,0.0,0.0,0.0,,,,,,0.0,,,,,,F-104C
bv-155b-1,9.0,100.0,1.0,,0.0,,17.0,100.0,0.0,0.12,0.0,0.0,0.0,,,,,,BV_155_B-1
cn_m24_chaffee,9.0,100.0,0.0,0.0,2.0,2.0,30.0,,,0.0,,0.98,0.0,,,,,,M24_(China)
fa_18c_switzerland,7.0,,,1.0,,0.0,1787.0,52.43,1.06,1.21,0.14,0.15,119.0,,,1.15,,0.0,◌F/A-18C
germ_flakpanzer_IV_Wirbelwind,7.0,,,,,,373.0,36.2,1.46,1.05,0.28,0.19,0.0,,,,,,Wirbelwind
p-61c_1,8.0,0.0,1.0,1.0,2.0,1.38,30.0,,,0.38,,1.59,0.0,,,,,,P-61C-1
la-11_china,8.0,,,,,,13.0,,,,,,0.0,,,,,,La-11_(China)
spitfire_mk5c_notrop,10.0,100.0,6.0,6.0,0.0,0.0,57.0,100.0,2.31,,2.0,,0.0,,,,,,Spitfire_Mk_Vc
bf-109c_1,9.0,,,,,,0.0,,,,,,0.0,,,,,,Bf_109_C-1
cn_m41_a3_walker_bulldog,9.0,,,0.0,,1.0,10.0,100.0,0.0,,3.0,,0.0,,,,,,M41A3_(China)
germ_m55,9.0,,,0.0,,1.0,58.0,0.0,0.0,0.0,1.0,1.0,0.0,,,,,,◄M55
bf-109a_1,9.0,,,2.0,,0.0,0.0,,,,,,0.0,,,,,,Flegel's_Bf_109_A
ussr_object_248,8.0,100.0,0.0,0.0,5.25,5.67,24.0,86.67,0.0,0.0,2.67,3.79,0.0,,,,,,Object_248
germ_pzkpfw_IV_ausf_F,6.0,100.0,0.0,0.0,4.33,5.0,16.0,,,0.0,,4.0,0.0,,,,,,Pz.IV_F1
it_as_42_metropolitana,7.0,100.0,0.0,0.0,4.0,4.0,20.0,,,0.0,,2.05,0.0,,,,,,AS_42
fw-190d-12,7.0,,,1.0,,1.0,0.0,,,,,,0.0,,,,,,Fw_190_D-12
jp_st_a1,7.0,0.0,0.0,0.0,1.0,1.0,278.0,79.77,0.0,0.0,4.57,1.85,0.0,,,,,,ST-A1
us_m10_booker_late,8.0,,,0.0,,2.0,595.0,55.22,0.0,0.0,1.76,1.63,0.0,,,,,,M10_Booker
sea_fury_fb51,7.0,,,2.0,,0.0,9.0,100.0,1.0,1.0,1.71,2.0,0.0,,,,,,◘Sea_Fury_FB.51
douglas_ad_2,6.0,,,,,,39.0,78.13,0.0,0.0,1.19,0.5,0.0,,,,,,AD-2
b_25j_30_china,7.0,100.0,1.0,1.0,1.0,1.0,0.0,,,,,,0.0,,,,,,B-25J-30_(China)
a_4h,7.0,,,0.0,,1.0,30.0,100.0,0.5,0.47,0.05,0.0,0.0,,,,,,A-4H_(Israel)
ki_67_1_ko,7.0,,,,,,0.0,,,,,,0.0,,,,,,Ki-67-I_Ko
saab_j21a_2,7.0,,,0.0,,2.0,4.0,100.0,2.5,,0.0,,0.0,,,,,,J21A-2
saab_j21ra,7.0,,,0.0,,1.0,45.0,80.95,1.0,1.0,0.17,0.17,0.0,,,,,,J21RA
germ_stuh_III_ausf_G,6.0,,,,,,10.0,,,0.0,,3.5,0.0,,,,,,StuH_42_G
firefly_mk5,7.0,,,1.86,,1.0,27.0,100.0,0.0,0.0,1.04,1.0,0.0,,,,,,Firefly_FR_Mk_V
cn_m3a3_stuart_1st_ptg,7.0,,,,,,10.0,50.0,0.0,0.0,2.5,2.5,0.0,,,,,,M3A3_(1st_PTG)_(China)
b_26b_c,7.0,,,0.0,,2.0,7.0,0.0,0.0,0.0,1.0,1.0,0.0,,,,,,B-26B
sw_strv_m41_s2,7.0,,,,,,1.0,,,0.0,,1.0,0.0,,,,,,Strv_m/41_S-II
f8f1b_france,7.0,0.0,3.0,3.0,0.0,0.0,105.0,92.74,1.51,1.07,2.63,1.89,0.0,,,,,,F8F-1B
p-63a-5_ussr,9.0,,,1.0,,1.0,137.0,51.61,1.41,1.41,2.15,2.22,0.0,,,,,,P-63A-5
fr_marder_df_105,7.0,,,0.0,,1.0,199.0,55.98,0.0,0.0,2.16,1.89,0.0,,,,,,DF105
fr_leopard_2a6nl,6.0,,,,,,14.0,,,,,,0.0,,,,,,Leopard_2A6NL
p-39n_su,7.0,,,,,,22.0,,,1.0,,1.0,0.0,,,,,,Pokryshkin's_P-39N-0
us_m60a3_slep,8.0,,,,,,23.0,100.0,0.0,0.0,2.07,1.94,0.0,,,,,,M60_AMBT
ki_67_1_otsu,7.0,,,0.0,,1.0,0.0,,,,,,0.0,,,,,,Ki-67-I_otsu
he-162a-2,7.0,,,,,,101.0,86.56,3.33,3.44,0.03,0.03,0.0,,,,,,He_162_A-2
il_sholef,7.0,,,0.0,,1.0,0.0,,,,,,0.0,,,,,,Sholef
fr_amx_32_105,6.0,100.0,0.0,0.0,1.83,1.83,367.0,56.14,0.0,0.0,2.7,2.05,0.0,,,,,,AMX-32_(105)
germ_marder_clovis,7.0,,,0.0,,1.0,63.0,41.67,0.0,0.0,1.79,1.4,0.0,,,,,,CLOVIS
f_15a,8.0,100.0,0.0,0.0,1.0,1.0,227.0,50.47,0.69,0.89,0.1,0.15,0.0,,,,,,F-15A
sw_strv_m42_delat_torn,6.0,100.0,0.0,0.0,1.0,1.0,114.0,40.12,0.0,0.0,1.82,1.48,0.0,,,,,,Strv_m/42_DT
yak-38,6.0,,,,,,15.0,,,0.0,,0.0,0.0,,,,,,Yak-38
ussr_bmd_4m2,7.0,,,0.0,,0.0,1008.0,48.33,0.0,0.0,1.16,0.95,46.0,76.0,0.0,0.0,1.28,1.17,БМД-4M2
lancaster_mr7_france,7.0,,,,,,0.0,,,,,,0.0,,,,,,Lancaster_MR.7
cn_sdkfz_222_early,7.0,100.0,0.0,,1.0,,30.0,43.33,0.0,0.0,0.33,0.33,0.0,,,,,,Sd.Kfz.222_(China)
tu-2_postwar_china,7.0,,,0.0,,1.0,34.0,,,0.0,,4.03,0.0,,,,,,Tu-2S-44_(China)
f_16a_block_20_mlu,3.0,50.0,6.0,6.0,1.0,1.0,9.0,50.0,1.56,2.89,1.0,1.89,0.0,,,,,,F-16A_MLU_(China)
tornado_ids_de_mfg,4.0,50.0,0.5,0.5,6.0,6.0,10.0,,,,,,0.0,,,,,,◄Tornado_IDS_MFG
tornado_ids_de_wtd61,4.0,50.0,0.5,0.5,7.5,7.5,167.0,56.65,0.8,1.16,1.0,1.4,13.0,,,0.0,,0.0,◄Tornado_IDS_WTD61
il_merkava_mk_3b,5.0,,,,,,288.0,61.75,0.0,0.0,1.37,1.24,0.0,,,,,,Merkava_Mk.3B
cn_zsd63_pg87,7.0,0.0,1.0,,0.0,,80.0,36.36,1.15,1.44,0.75,0.77,0.0,,,,,,ZSD63/PG87
il_merkava_mk_3c,5.0,,,0.0,,3.0,366.0,61.63,0.01,0.01,2.06,1.59,0.0,,,,,,Merkava_Mk.3C
us_t34,5.0,100.0,0.0,0.0,5.0,5.0,775.0,61.24,0.0,0.0,2.96,1.9,0.0,,,,,,T34
beaufighter_mk6c,6.0,,,,,,1.0,,,0.0,,1.0,0.0,,,,,,Beaufighter_Mk_VIc
il_magach_6b_gal,7.0,100.0,0.0,0.0,1.0,1.0,280.0,52.68,0.0,0.0,1.72,1.45,0.0,,,,,,Magach_6B_Gal
fw-190a-5_cannons,4.0,50.0,1.0,1.0,0.5,0.5,14.0,,,1.0,,0.0,0.0,,,,,,Fw_190_A-5
us_t30,7.0,,,,,,83.0,43.1,0.0,0.0,1.79,1.78,0.0,,,,,,T30
germ_pzkpfw_IV_ausf_E,6.0,,,,,,15.0,,,0.0,,1.0,0.0,,,,,,Pz.IV_E
us_m8_scott,7.0,100.0,0.0,,1.0,,0.0,,,,,,0.0,,,,,,M8_HMC
bf_110g_4_hungary,6.0,,,1.0,,1.0,47.0,54.39,0.03,0.06,1.05,1.94,0.0,,,,,,◐Bf_110_G-4
ffvs_j22_a,7.0,100.0,1.86,1.86,0.0,0.0,3.0,,,,,,0.0,,,,,,J22-A
germ_flakpanzer_IV_Ostwind_2,7.0,50.0,1.0,2.0,0.5,1.0,544.0,27.47,0.47,0.5,0.19,0.23,0.0,,,,,,Ostwind_II
a_5c,7.0,,,,,,46.0,35.71,0.68,1.07,1.11,1.64,0.0,,,,,,A-5C
welkin_fmk1,6.0,,,1.0,,0.0,0.0,,,,,,0.0,,,,,,Welkin_F.Mk.I
ki-27_otsu,7.0,,,2.0,,0.0,0.0,,,,,,0.0,,,,,,Ki-27_otsu
saab_t18b_1,7.0,,,0.0,,2.14,4.0,,,1.0,,0.0,0.0,,,,,,T18B
fr_amx_elc_901,6.0,,,,,,62.0,92.59,0.0,0.0,2.73,2.47,0.0,,,,,,ELC_901
ussr_zsu_37_2,5.0,,,,,,280.0,47.08,0.59,0.91,0.3,0.5,0.0,,,,,,ZSU-37-2
us_t18_e2,5.0,100.0,0.0,,5.0,,36.0,100.0,0.0,0.0,8.5,5.6,0.0,,,,,,T18E2
germ_spz_12_3,6.0,100.0,0.0,0.0,4.0,4.0,20.0,,,0.0,,1.4,0.0,,,,,,SPz_12-3_LGS
uk_m4a5_ram_2,6.0,,,,,,49.0,85.33,0.0,0.0,1.86,2.18,0.0,,,,,,Ram_II
cn_ztz_88b,6.0,100.0,0.0,0.0,4.0,4.0,190.0,54.92,0.0,0.0,1.67,2.2,1.0,,,,,,ZTZ88B
fr_crotale_ng,6.0,25.0,1.5,2.0,0.75,1.0,27.0,50.0,0.6,1.2,0.0,0.0,0.0,,,,,,ItO_90M
ussr_t_90a,4.0,,,,,,1022.0,52.73,0.0,0.0,1.51,1.24,15.0,100.0,0.0,0.0,1.0,1.0,Т-90А
sw_pvkv_III,6.0,,,,,,26.0,,,0.0,,0.92,0.0,,,,,,Pvkv_III
b-17g_iaf,5.0,,,0.0,,4.0,0.0,,,,,,0.0,,,,,,B-17G_(Israel)
fw-190a-8,5.0,,,,,,3.0,,,,,,0.0,,,,,,Fw_190_A-8
us_m10,6.0,,,,,,90.0,30.38,0.0,0.0,1.87,1.58,0.0,,,,,,M10_GMC
jp_m60a3_tts,6.0,,,0.0,,1.0,90.0,62.32,0.0,0.0,3.09,4.23,0.0,,,,,,M60A3_TTS
cn_ztz_88a,6.0,100.0,0.0,0.0,2.0,2.0,315.0,60.59,0.0,0.0,2.41,2.44,10.0,50.0,0.0,0.0,1.5,1.5,ZTZ88A
il_machbet,6.0,0.0,1.0,1.0,0.0,0.0,36.0,28.57,0.71,1.0,0.0,0.0,0.0,,,,,,Machbet
ussr_object_268,5.0,,,0.0,,3.0,268.0,48.72,0.0,0.0,1.7,1.57,0.0,,,,,,Object_268
hunter_f58_switzerland,6.0,,,2.0,,0.0,405.0,60.78,1.49,1.78,1.36,1.68,0.0,,,,,,◌Hunter_F.58
uk_challenger_2_tes,5.0,,,,,,227.0,51.97,0.0,0.0,1.09,1.32,0.0,,,,,,Challenger_2_TES
p-39q_25_france,6.0,,,,,,42.0,95.0,0.9,0.95,1.03,1.1,0.0,,,,,,P-39Q-25
mig-17_cuba,6.0,100.0,1.0,1.0,0.0,0.0,2.0,,,1.5,,0.0,0.0,,,,,,MiG-17AS
us_m46_patton,4.0,,,0.0,,4.0,456.0,67.11,0.0,0.0,2.99,2.33,0.0,,,,,,M46
uk_a30_challenger,6.0,,,0.0,,1.17,164.0,44.08,0.0,0.0,2.7,1.33,0.0,,,,,,Challenger
uk_a30_sp_avenger,5.0,,,,,,241.0,71.19,0.0,0.0,5.11,2.99,0.0,,,,,,Avenger
il_m109,4.0,,,,,,20.0,50.0,0.0,0.0,0.5,1.0,0.0,,,,,,M109_(Israel)
ussr_pantsyr_sm_sv,6.0,100.0,1.0,,0.0,,908.0,43.62,1.27,1.0,0.13,0.11,0.0,,,,,,Панцирь_СМ-СВ
germ_hummel,6.0,,,0.0,,1.33,104.0,70.0,0.0,0.0,7.1,2.17,0.0,,,,,,Hummel
ussr_pt_76_57,6.0,100.0,0.0,0.0,1.0,1.0,158.0,59.13,0.0,0.0,5.75,2.95,22.0,,,0.0,,3.97,PT-76-57
il_magach_6,5.0,,,0.0,,0.0,0.0,,,,,,0.0,,,,,,Magach_6
il_tiran_4_sh,5.0,,,,,,23.0,,,0.0,,0.31,0.0,,,,,,Tiran_4S
il_magach_3_idf,5.0,,,0.0,,0.0,33.0,,,0.0,,0.81,0.0,,,,,,Magach_3
f-86f-2,6.0,,,0.0,,0.0,55.0,82.14,3.85,3.45,0.78,0.85,0.0,,,,,,F-86F-2
su-2_tss1,5.0,100.0,1.0,1.0,4.5,3.67,0.0,,,,,,0.0,,,,,,Su-2_TSS-1
ki_61_1a_hei_ep,5.0,50.0,2.5,5.0,0.0,0.0,6.0,,,0.0,,0.33,0.0,,,,,,Tada's_Ki-61-I_hei
a6m2_zero_china,4.0,100.0,6.0,6.0,0.0,0.0,0.0,,,,,,0.0,,,,,,A6M2_(China)
j2m5_30mm,4.0,50.0,3.5,3.5,0.0,0.0,71.0,75.0,1.25,1.02,1.88,1.44,0.0,,,,,,J2M5
j2m2,4.0,100.0,4.0,4.0,0.0,0.0,36.0,100.0,3.35,3.17,1.29,1.83,0.0,,,,,,J2M2
spitfire_f22,5.0,100.0,3.0,3.0,0.0,0.0,75.0,50.0,0.92,1.13,0.66,0.85,0.0,,,,,,Spitfire_F_Mk_22
sw_vickers_mk_e_37,4.0,,,0.0,,2.0,0.0,,,,,,0.0,,,,,,Vickers_Mk.E
germ_pzkpfw_V_ersatz_m10,5.0,100.0,0.0,,1.0,,0.0,,,,,,0.0,,,,,,Ersatz_M10
p-36c,3.0,,,2.0,,0.0,0.0,,,,,,0.0,,,,,,P-36C
jp_m44,6.0,50.0,0.0,0.0,2.5,2.5,281.0,54.18,0.0,0.0,1.15,1.2,0.0,,,,,,M44
b-17g,4.0,,,,,,0.0,,,,,,0.0,,,,,,B-17G-60-VE
ki_61_1a_ko,5.0,,,,,,0.0,,,,,,0.0,,,,,,Ki-61-I_ko
cn_ztz_96,4.0,50.0,0.0,0.0,1.0,2.0,372.0,68.73,0.0,0.0,5.37,4.29,0.0,,,,,,ZTZ96
do_335a_0,5.0,,,1.0,,0.0,10.0,,,0.0,,0.0,0.0,,,,,,Do_335_A-0
spitfire_ix_early,3.0,100.0,4.0,4.0,0.0,0.0,141.0,86.02,2.32,2.52,1.92,2.02,0.0,,,,,,Spitfire_F_Mk_IX
il_magach_6c,5.0,0.0,0.0,0.0,1.0,1.0,5.0,,,,,,0.0,,,,,,Magach_6C
p-36a,3.0,,,,,,0.0,,,,,,0.0,,,,,,P-36A
it_of_40_mk_2a,4.0,,,,,,113.0,37.66,0.0,0.0,4.44,2.54,0.0,,,,,,OF-40_Mk.2A
mosquito_fb_mk6_ash_norway,2.0,,,,,,0.0,,,,,,0.0,,,,,,◢Mosquito_FB.Mk.VI_ASH
germ_marder_1a1,5.0,100.0,0.0,0.0,0.0,0.0,532.0,44.71,0.01,0.01,0.7,0.73,0.0,,,,,,Marder_A1-
i-15_1934,4.0,,,,,,0.0,,,,,,0.0,,,,,,I-15_WR
germ_amd_35_kwk,4.0,100.0,0.0,0.0,0.0,0.0,17.0,,,0.0,,2.71,0.0,,,,,,Pz.Sp.Wg.P204(f)_KwK
tornado_ids_de_assta1,2.0,100.0,1.0,1.0,5.0,5.0,76.0,58.7,0.13,0.05,0.68,0.68,78.0,,,0.0,,4.5,◄Tornado_IDS_ASSTA1
cn_type_59d,3.0,50.0,0.5,1.0,2.5,5.0,266.0,69.09,0.0,0.0,5.15,2.33,0.0,,,,,,ZTZ59D1
spitfire_f24,2.0,,,,,,63.0,71.74,3.57,10.74,0.87,2.05,0.0,,,,,,Spitfire_F_Mk_24
ussr_smk,4.0,100.0,0.0,0.0,5.0,5.0,0.0,,,,,,0.0,,,,,,SMK
su_22m4,2.0,100.0,1.0,1.0,2.0,2.0,31.0,44.44,0.0,0.0,0.44,0.89,63.0,,,0.43,,2.13,◊Su-22M4
fw-190d-9_ussr,3.0,100.0,3.0,3.0,0.0,0.0,23.0,50.0,1.5,,0.0,,0.0,,,,,,Fw_190_D-9
uk_challenger_2_lep,3.0,100.0,0.0,0.0,2.0,2.0,323.0,52.5,0.0,0.0,1.67,1.69,0.0,,,,,,Challenger_3_TD
p-51c-11-nt_china,4.0,,,1.0,,1.0,15.0,,,0.13,,0.67,0.0,,,,,,P-51C-11-NT_(China)
yak-9p,3.0,100.0,4.0,4.0,0.0,0.0,22.0,100.0,1.0,0.77,1.0,0.91,0.0,,,,,,Yak-9P
me_210ca_1_40_mm_hungary,2.0,,,1.0,,2.0,6.0,,,0.0,,0.0,0.0,,,,,,◔Me_210_Ca-1_36.M
uk_concept3_ngac,4.0,,,,,,444.0,62.69,0.0,0.0,1.47,0.99,0.0,,,,,,Concept_3
mosquito_fb_mk6,2.0,100.0,1.0,1.0,1.0,1.0,26.0,100.0,4.0,,0.0,,0.0,,,,,,Mosquito_FB_Mk_VI
f-5e_switzerland,2.0,100.0,1.0,1.0,2.0,2.0,2.0,,,,,,0.0,,,,,,◌F-5E
re_2001_cn,3.0,,,,,,25.0,57.89,0.0,0.0,0.11,0.11,0.0,,,,,,Re.2001_CN
me_210ca_1_hungary,2.0,,,1.0,,1.5,20.0,100.0,6.0,,0.0,,0.0,,,,,,◔Me_210_Ca-1
mosquito_tr_mk33,2.0,,,,,,0.0,,,,,,0.0,,,,,,Mosquito_TR.Mk.33
cn_type_59,3.0,,,0.0,,2.0,198.0,71.73,0.0,0.0,3.74,3.01,0.0,,,,,,Type_59
sw_kungstiger,4.0,,,0.0,,5.0,89.0,9.09,0.0,0.0,9.57,4.75,3.0,,,0.0,,1.0,Kungstiger
cn_m_41d,3.0,,,0.0,,2.0,42.0,29.41,0.0,0.0,0.29,0.74,0.0,,,,,,M41D
me-410b-6_r3,2.0,,,,,,0.0,,,,,,0.0,,,,,,Me_410_B-6/R3
fa_18a_hug_2_raaf,2.0,0.0,2.0,2.0,0.0,0.0,20.0,50.0,0.5,0.5,0.0,0.0,20.0,,,0.0,,0.0,AF/A-18A_Late
us_m24_chaffee_tl,4.0,,,0.0,,2.0,58.0,81.95,0.0,0.0,1.75,1.75,0.0,,,,,,M24_(TL)
mig_23mf_germany,2.0,50.0,0.5,1.0,0.0,0.0,6.0,0.0,1.0,1.0,0.0,0.0,32.0,,,1.35,,0.0,◊MiG-23MF
p-40f_10,3.0,,,,,,10.0,50.0,1.5,3.0,0.0,0.0,19.0,100.0,1.0,1.0,1.0,1.0,P-40F-10
il_zsu_57_2,2.0,,,1.0,,2.0,87.0,25.0,0.0,0.0,4.28,1.62,0.0,,,,,,ZSU-57-2_(Israel)
la-9,2.0,,,3.0,,1.0,90.0,100.0,1.85,0.83,0.0,0.0,0.0,,,,,,La-9
mosquito_nf_mk2,2.0,,,,,,24.0,100.0,5.54,,0.38,,0.0,,,,,,Mosquito_NF.Mk.II
douglas_ad_4,2.0,,,0.0,,3.0,134.0,64.74,0.42,0.27,2.71,2.38,0.0,,,,,,AD-4
it_m60a1_ariete,3.0,,,0.0,,1.0,12.0,100.0,0.0,0.0,3.0,3.0,0.0,,,,,,"M60A1_""D.C.Ariete"""
germ_pzkpfw_38t_na,2.0,100.0,0.0,0.0,1.0,1.0,0.0,,,,,,0.0,,,,,,Pz.38(t)_n.A.
germ_pzkpfw_III_ausf_J_L42,2.0,,,,,,42.0,,,0.0,,2.27,0.0,,,,,,Pz.III_J
tornado_gr4,2.0,,,,,,120.0,41.15,1.0,1.38,0.26,0.35,0.0,,,,,,Tornado_GR.4
spitfire_mk14e,2.0,,,,,,28.0,56.48,0.66,1.0,0.66,1.0,0.0,,,,,,Spitfire_F_Mk_XIVe
jh_7a,1.0,100.0,1.0,1.0,6.0,6.0,0.0,,,,,,0.0,,,,,,JH-7A
ussr_is_2_1944_321,3.0,100.0,0.0,0.0,5.0,5.0,1.0,100.0,0.0,0.0,5.0,5.0,0.0,,,,,,IS-2_No.321
b6n1,2.0,,,0.0,,4.0,10.0,100.0,0.0,0.0,1.0,1.0,0.0,,,,,,B6N1_Model_11
mb_326k,2.0,,,2.0,,1.0,170.0,84.82,1.57,1.18,3.32,3.61,0.0,,,,,,MB-326K
ussr_is_7,2.0,,,,,,28.0,100.0,0.0,0.0,6.0,5.61,3.0,100.0,0.0,0.0,1.0,1.0,IS-7
il_m109a1,1.0,,,,,,19.0,,,0.0,,1.0,0.0,,,,,,Rochev
jp_type_3_ho_ni_III,2.0,,,,,,80.0,100.0,0.0,0.0,4.35,2.71,0.0,,,,,,Ho-Ni_III
ki-45_ko,2.0,,,,,,0.0,,,,,,0.0,,,,,,Ki-45_ko
ussr_t_34_1941_cast_turret,2.0,,,,,,42.0,50.0,0.0,0.0,0.94,1.89,0.0,,,,,,T-34_(1st_Gv.T.Br.)
corsair_fmk2,2.0,,,,,,13.0,,,1.62,,1.38,0.0,,,,,,Corsair_F_Mk_II
it_leopard_bofors,1.0,0.0,1.0,1.0,0.0,0.0,75.0,48.49,0.32,0.15,1.55,1.25,0.0,,,,,,Leopard_40/70
a7m2,2.0,,,,,,79.0,62.7,1.0,0.98,1.7,1.58,0.0,,,,,,A7M2
a6m3_mod22ko_zero,2.0,100.0,2.0,2.0,0.0,0.0,7.0,100.0,2.17,,1.0,,0.0,,,,,,A6M3_mod._22Ko
i-16_type17_china,1.0,,,1.0,,0.0,0.0,,,,,,0.0,,,,,,I-16_type_17_(China)
mosquito_f_mk2_norway,1.0,,,,,,1.0,,,,,,0.0,,,,,,◢Mosquito_F.Mk.II
us_t55e1,2.0,,,0.0,,1.0,64.0,75.93,0.0,0.0,3.21,3.05,0.0,,,,,,T55E1
cn_t_80ud_478be,3.0,,,,,,170.0,62.22,0.0,0.0,3.53,1.74,0.0,,,,,,T-80UD/BE
a6m5ko,2.0,,,1.5,,0.0,74.0,80.21,2.42,1.77,2.83,2.45,0.0,,,,,,A6M5_Ko
ussr_t_26_1940_1st_GvTBr,3.0,,,,,,25.0,0.0,0.0,0.0,1.0,1.0,9.0,,,,,,T-26_(1st_Gv.T.Br.)
jp_m41_walker_bulldog,1.0,,,0.0,,0.0,451.0,68.68,0.05,0.05,2.19,2.47,0.0,,,,,,M41A1
cn_object_122tm,2.0,,,,,,136.0,49.33,0.0,0.0,7.26,3.88,0.0,,,,,,"Object_122MT_""MC"""
il_ss_11_halftrack,1.0,,,0.0,,1.0,49.0,0.0,0.0,0.0,4.0,2.47,0.0,,,,,,Zachlam_Tager
f-86f-40_china,2.0,,,1.0,,0.0,16.0,,,,,,0.0,,,,,,F-86F-40_(China)
us_m6a2e1,3.0,,,,,,35.0,100.0,0.0,0.0,6.0,4.7,0.0,,,,,,M6A2E1
fr_m55,1.0,,,,,,16.0,,,,,,0.0,,,,,,M55
us_m1296_dragoon,3.0,,,0.0,,0.0,57.0,100.0,0.0,0.0,1.05,0.94,0.0,,,,,,M1296
cn_pt_76,3.0,,,0.0,,0.0,0.0,,,,,,0.0,,,,,,PT-76_(China)
us_m901_itv,1.0,,,0.0,,0.0,83.0,50.0,0.0,0.0,1.33,2.67,0.0,,,,,,M901
it_btr_80a_hungary,1.0,100.0,0.0,0.0,0.0,0.0,53.0,75.0,0.0,0.0,1.06,1.02,0.0,,,,,,◔BTR-80A
i-15bis_krasnolutsky,3.0,,,,,,0.0,,,,,,0.0,,,,,,Krasnolutsky's_I-15bis
fr_leclerc_s2,3.0,,,0.0,,0.0,137.0,46.67,0.0,0.0,2.73,1.71,0.0,,,,,,Leclerc_S2
us_m4a3_105_sherman,2.0,,,,,,62.0,,,0.0,,1.89,0.0,,,,,,M4A3_(105)
d4y2,1.0,,,,,,0.0,,,,,,0.0,,,,,,D4Y2
it_m15_42_contraereo,0.0,,,,,,119.0,48.41,1.78,1.84,0.47,0.41,0.0,,,,,,M42_Contraereo
us_m4_sherman_promo,0.0,,,,,,17.0,,,0.0,,1.5,0.0,,,,,,M4
ussr_2s19_m2,0.0,,,,,,29.0,0.0,0.0,0.0,2.0,1.26,0.0,,,,,,2С19М2
cn_ztl_11,0.0,,,,,,18.0,50.0,0.0,0.0,1.0,0.7,0.0,,,,,,ZLT11
it_p_40,1.0,,,,,,3.0,,,0.0,,3.33,0.0,,,,,,P40
beaufort_mkviii,2.0,,,0.0,,0.0,0.0,,,,,,0.0,,,,,,Beaufort_Mk_VIII
ussr_t_28_1938,0.0,,,,,,0.0,,,,,,0.0,,,,,,T-28_(1938)
i-16_type24,1.0,,,,,,0.0,,,,,,0.0,,,,,,I-16_type_24
it_sherman_VII,0.0,,,,,,28.0,50.0,0.0,0.0,2.5,1.91,0.0,,,,,,M4_Tipo_IC
germ_sturmpanzer_II,0.0,,,,,,2.0,100.0,0.0,0.0,0.0,0.0,0.0,,,,,,Sturmpanzer_II
brigand_b1,1.0,,,1.0,,1.0,0.0,,,,,,0.0,,,,,,Brigand_B_1
douglas_ad_4_france,0.0,,,,,,177.0,45.41,0.43,0.49,1.19,1.29,0.0,,,,,,AD-4
fiat_g91_r4_german,2.0,,,1.0,,0.0,56.0,78.57,1.21,1.14,0.79,0.52,0.0,,,,,,◄G.91_R/4
spitfire_xvi,1.0,,,1.0,,0.0,0.0,,,,,,0.0,,,,,,Spitfire_F_Mk_XVI
germ_m44,1.0,,,,,,107.0,16.52,0.0,0.0,0.56,0.73,0.0,,,,,,M44
typhoon_mk1a,0.0,,,,,,16.0,,,0.0,,0.0,0.0,,,,,,Typhoon_Mk_Ia
bf-109g-2_hungary,1.0,,,6.0,,0.0,27.0,100.0,2.12,3.0,1.12,1.0,0.0,,,,,,◐Bf_109_G-2
db_7,0.0,,,,,,0.0,,,,,,0.0,,,,,,DB-7
bf-109g-10,0.0,,,,,,34.0,0.0,1.0,,1.0,,0.0,,,,,,Bf_109_G-10
wm_21,0.0,,,,,,0.0,,,,,,0.0,,,,,,◔WM-21
ki_21_1ko,0.0,,,,,,0.0,,,,,,0.0,,,,,,Ki-21-Ia
a_7e,0.0,,,,,,0.0,,,,,,0.0,,,,,,A-7E
ussr_bt_7_m,0.0,,,,,,80.0,43.21,0.0,0.0,1.43,1.19,0.0,,,,,,BT-7M
il_2_1942_luftwaffe,0.0,,,,,,0.0,,,,,,0.0,,,,,,IL-2_(1942)
ussr_valentine_mk_9,0.0,,,,,,0.0,,,,,,0.0,,,,,,"МК-IX_""Valentine"""
spitfire_lf_mk9c_cw_greece,0.0,,,,,,43.0,100.0,1.13,1.13,0.3,0.3,0.0,,,,,,Spitfire_LF_Mk.IXc_(CW)
il_merkava_mk_3_raam_segol,0.0,,,,,,382.0,51.06,0.0,0.0,4.09,1.78,3.0,,,0.0,,1.0,Ra'am_Sagol
p-51d-10,0.0,,,,,,55.0,50.0,1.5,1.5,1.0,1.0,0.0,,,,,,P-51D-10
us_m4a3e8_76w_sherman_kit_3rank,0.0,,,,,,294.0,56.05,0.08,0.06,2.29,2.11,0.0,,,,,,Sherman_(Hell)
sb2c_5_thailand,0.0,,,,,,191.0,61.81,1.12,1.02,2.7,2.49,0.0,,,,,,SB2C-5
it_t_72m1,0.0,,,,,,216.0,91.67,0.0,0.0,4.9,3.16,0.0,,,,,,◔T-72M1
mc-202_ec,0.0,,,,,,13.0,100.0,0.5,3.0,0.33,2.0,0.0,,,,,,C._202EC
fr_vbci2_mct30,0.0,,,,,,27.0,41.67,0.0,0.0,0.4,1.15,0.0,,,,,,VBCI-2_(MCT30)
cn_m5a1_stuart,0.0,,,,,,0.0,,,,,,0.0,,,,,,M5A1_(China)
meteor_nfmk13,0.0,,,,,,51.0,100.0,5.0,,1.8,,0.0,,,,,,Meteor_NF.13_(Israel)
cn_zsl_92,0.0,,,,,,124.0,68.18,0.01,0.01,0.82,0.45,0.0,,,,,,ZSL92
uk_a_13_mk1_3rd_rtr,0.0,,,,,,10.0,,,,,,0.0,,,,,,A13_Mk_I_(3rd_R.T.R.)
a-26b,0.0,,,,,,0.0,,,,,,0.0,,,,,,A-26B-50
am_1_mauler,0.0,,,,,,219.0,80.13,0.09,0.13,2.74,2.76,0.0,,,,,,AM-1
uk_crusader_aa_mk_1,0.0,,,,,,152.0,57.69,0.35,0.27,2.37,1.77,0.0,,,,,,Crusader_AA_Mk_I
us_m1128_wolfpack,0.0,,,,,,1027.0,53.32,0.0,0.0,1.64,1.23,0.0,,,,,,M1128_Wolfpack
p-26a_33,0.0,,,,,,0.0,,,,,,0.0,,,,,,P-26A-33
he51c1,0.0,,,,,,0.0,,,,,,0.0,,,,,,He_51_C-1
fr_amx_50_foch,0.0,,,,,,56.0,0.0,0.0,0.0,2.73,1.03,0.0,,,,,,AMX-50_Foch
sm_79_1939_italy,0.0,,,,,,0.0,,,,,,0.0,,,,,,S.M.79_serie_8
su-6_m71,0.0,,,,,,27.0,,,0.0,,1.25,17.0,0.0,0.0,0.0,2.0,2.0,Su-6_(M-71F)
a6m6c,0.0,,,,,,54.0,85.72,1.4,2.84,2.05,4.37,0.0,,,,,,A6M6c
jp_type_2_ka_mi,0.0,,,,,,0.0,,,,,,0.0,,,,,,Ka-Mi
fr_pzkpfw_V_panther_dauphine,0.0,,,,,,25.0,100.0,0.0,0.0,3.58,1.81,0.0,,,,,,Panther_«Dauphine»
ju-87d-5,0.0,,,,,,22.0,,,0.05,,1.05,0.0,,,,,,Ju_87_D-5
bf-109e-3,0.0,,,,,,43.0,100.0,0.52,0.31,0.12,0.1,0.0,,,,,,Bf_109_E-3
cn_m3a3_stuart,0.0,,,,,,4.0,,,0.0,,1.0,0.0,,,,,,M3A3_Stuart_(China)
a_7d,0.0,,,,,,39.0,50.0,1.5,3.0,2.0,4.0,0.0,,,,,,A-7D
it_40m_turan_1,0.0,,,,,,33.0,25.0,0.0,0.0,1.7,2.29,0.0,,,,,,Turan_I
germ_sdkfz_251_22,0.0,,,,,,27.0,50.0,0.0,0.0,2.9,1.84,0.0,,,,,,Sd.Kfz.251/22
f_111f,0.0,,,,,,49.0,16.67,0.84,1.0,0.63,1.05,7.0,,,0.0,,0.14,F-111F
germ_wiesel_2_adwc,0.0,,,,,,127.0,28.44,0.82,0.95,0.0,0.0,0.0,,,,,,Ozelot
gladiator_mk2,0.0,,,,,,0.0,,,,,,0.0,,,,,,Gladiator_Mk_II
p-43a-1_china,0.0,,,,,,0.0,,,,,,0.0,,,,,,P-43A-1_(China)
fokker_d21_serie3_finland,0.0,,,,,,0.0,,,,,,0.0,,,,,,Fokker_D.XXI-3
pyorremyrsky,0.0,,,,,,70.0,97.83,1.4,1.91,1.33,1.94,0.0,,,,,,VL_Pyörremyrsky
us_m3_stuart,0.0,,,,,,20.0,,,0.0,,0.7,0.0,,,,,,M3_Stuart
sw_cv_90120,0.0,,,,,,165.0,43.33,0.0,0.0,2.66,1.25,0.0,,,,,,CV_90120
it_semovente_breda_501,0.0,,,,,,88.0,53.81,0.0,0.0,2.65,2.02,0.0,,,,,,Breda_501
f6f-5_france,0.0,,,,,,129.0,65.38,0.27,0.4,1.86,2.52,0.0,,,,,,F6F-5
fr_amx_vtt_dca,0.0,,,,,,60.0,78.57,1.14,1.83,0.79,1.0,0.0,,,,,,VTT_DCA
md_450b_ouragan_iaf,0.0,,,,,,9.0,,,1.0,,0.0,0.0,,,,,,M.D.450B_Ouragan_(Israel)
cn_su_100_1945,0.0,,,,,,86.0,32.0,0.0,0.0,3.96,1.54,0.0,,,,,,SU-100_(China)
j6b,0.0,,,,,,0.0,,,,,,0.0,,,,,,J6B
ki_44_1,0.0,,,,,,0.0,,,,,,0.0,,,,,,Ki-44-I
seafire_fr47,0.0,,,,,,10.0,,,1.0,,0.7,0.0,,,,,,Seafire_FR_47
il_mim_72_chaparral,0.0,,,,,,17.0,100.0,1.0,1.0,0.0,0.0,0.0,,,,,,Imp.Chaparral_(Israel)
uk_crusader_aa_mk_2_kit_3rank,0.0,,,,,,7.0,100.0,1.0,1.0,0.0,0.0,0.0,,,,,,Crusader_AA_(Overlord)
il_m_51_w,0.0,,,,,,28.0,,,0.0,,1.69,0.0,,,,,,M-51_(W)
sb2c_4,0.0,,,,,,0.0,,,,,,0.0,,,,,,SB2C-4
ta_154a_1,0.0,,,,,,0.0,,,,,,0.0,,,,,,Ta_154_A-1
yak-3_france,0.0,,,,,,134.0,61.83,2.05,3.11,0.58,0.92,13.0,,,,,,Yak-3
p1y1_mod11_china,0.0,,,,,,0.0,,,,,,0.0,,,,,,P1Y1_mod._11_(China)
germ_infanterie_kampfpanzer_churchill,0.0,,,,,,46.0,40.0,0.0,0.0,1.6,1.64,0.0,,,,,,Pz.Kpfw._Churchill
caudron_cr714,0.0,,,,,,0.0,,,,,,0.0,,,,,,C.R.714
p-51h-5_na,1.0,100.0,2.0,2.0,1.0,1.0,139.0,65.05,1.13,1.4,0.57,0.66,1.0,,,,,,P-51H-5-NA
il_2_m82,0.0,,,,,,0.0,,,,,,0.0,,,,,,IL-2_M-82
germ_stug_III_ausf_F,0.0,,,,,,12.0,0.0,0.0,0.0,3.0,2.0,0.0,,,,,,StuG_III_F
bf-110g-2,0.0,,,,,,8.0,,,0.0,,2.0,0.0,,,,,,Bf_110_G-2
il_merkava_mk_4b,0.0,,,,,,147.0,51.84,0.0,0.0,2.48,1.99,0.0,,,,,,Merkava_Mk.4B
ussr_t_26_4,0.0,,,,,,0.0,,,,,,0.0,,,,,,T-26-4
wyvern_s4,0.0,,,,,,80.0,92.2,2.74,2.36,7.99,6.68,21.0,,,1.0,,1.62,Wyvern_S4
fr_vbci,0.0,,,,,,156.0,55.64,0.1,0.08,3.0,2.68,0.0,,,,,,VBCI
a6m2_n_zero,0.0,,,,,,7.0,,,0.0,,0.0,0.0,,,,,,A6M2-N
germ_flakpanzer_IV_Kugelblitz,0.0,,,,,,256.0,27.12,1.11,0.79,0.44,0.23,0.0,,,,,,Kugelblitz
f-100d,0.0,,,,,,274.0,57.04,2.52,4.56,0.09,0.21,0.0,,,,,,F-100D
me-262a1_u1,0.0,,,,,,99.0,38.02,1.16,1.02,0.99,0.54,0.0,,,,,,Me_262_A-1a/U1
p-40e_china,0.0,,,,,,11.0,,,1.0,,1.25,0.0,,,,,,P-40E-1_(China)
germ_pzkpfw_38t_Marder_III,0.0,,,,,,0.0,,,,,,0.0,,,,,,Marder_III
halifax_mk3,0.0,,,,,,0.0,,,,,,0.0,,,,,,Halifax_B_Mk_IIIa
i-16_type10_china,0.0,,,,,,0.0,,,,,,0.0,,,,,,I-16_type_10_(China)
yak-3_vk107,0.0,,,,,,54.0,50.0,1.71,3.43,0.0,0.0,1.0,,,,,,Yak-3_(VK-107)
xf5u_1,0.0,,,,,,44.0,50.0,1.15,1.0,1.0,0.44,0.0,,,,,,XF5U-1
d4y3,0.0,,,,,,2.0,,,,,,0.0,,,,,,D4Y3_Ko
it_m11_39,0.0,,,,,,0.0,,,,,,0.0,,,,,,M11/39
it_otobreda_sidam_25,0.0,,,,,,19.0,50.0,0.0,0.0,0.0,0.0,0.0,,,,,,SIDAM_25
ki_61_1a_tei,0.0,,,,,,43.0,98.53,2.21,4.31,1.52,3.09,0.0,,,,,,Ki-61-I_tei
b7a2_homare_23,0.0,,,,,,38.0,97.73,3.18,1.56,3.68,1.91,0.0,,,,,,B7A2_(Homare_23)
mc-202_italy,0.0,,,,,,6.0,100.0,1.0,1.0,0.0,0.0,0.0,,,,,,C._202
jp_type_87,0.0,,,,,,402.0,36.69,0.23,0.13,0.95,0.56,0.0,,,,,,Type_87
seafire_mk3_france,0.0,,,,,,28.0,100.0,0.23,0.15,1.0,1.15,0.0,,,,,,Seafire_LF_Mk.III
bb-1,0.0,,,,,,31.0,100.0,2.5,4.67,6.86,7.22,0.0,,,,,,BB-1
germ_pzsflk40_sturer_emil,0.0,,,,,,39.0,0.0,0.0,0.0,2.92,3.5,0.0,,,,,,Sturer_Emil
fr_amx_elc_bis,0.0,,,,,,294.0,50.54,0.0,0.0,1.05,0.8,0.0,,,,,,ELC_bis
tornado_gr1,0.0,,,,,,22.0,50.0,0.0,0.0,1.5,3.0,0.0,,,,,,Tornado_GR.1
morko_morane,0.0,,,,,,8.0,0.0,0.0,0.0,0.0,0.0,0.0,,,,,,Mörkö-Morane
fiat_g50_seria7as_italy,0.0,,,,,,0.0,,,,,,0.0,,,,,,G.50_AS_serie_7
germ_pzkpfw_II_ausf_C,0.0,,,,,,1.0,,,,,,0.0,,,,,,Pz.II_C
p-47d_22_re_france,0.0,,,,,,34.0,100.0,0.0,0.0,1.33,1.33,0.0,,,,,,P-47D-22-RE
it_b1_centauro,0.0,,,,,,178.0,83.87,0.0,0.0,2.73,1.22,0.0,,,,,,Centauro_I_105
cn_ztz_59a,0.0,,,,,,53.0,90.0,0.0,0.0,1.9,1.96,3.0,100.0,0.0,0.0,2.0,2.0,ZTZ59A
g_55_serie1,0.0,,,,,,30.0,100.0,1.45,0.73,0.47,0.18,0.0,,,,,,G.55_serie_1
it_ariete_amv_pt1,0.0,,,,,,70.0,0.0,0.0,0.0,7.06,4.45,0.0,,,,,,Ariete_AMV
fw_190f_8_hungary,0.0,,,,,,11.0,,,0.0,,1.0,0.0,,,,,,◔Fw_190_F-8
la_200_toriy,0.0,,,,,,44.0,100.0,0.63,1.03,1.0,0.8,0.0,,,,,,La-200
germ_flakpanzer_IV_Ostwind_2_net,0.0,,,,,,135.0,25.8,0.88,0.8,0.57,0.52,16.0,0.0,1.0,0.75,0.0,0.0,Ostwind_Ost
tb_3_m17_32,0.0,,,,,,0.0,,,,,,0.0,,,,,,TB-3M-17-32
yak_141,0.0,,,,,,60.0,41.54,1.25,1.62,0.0,0.0,14.0,,,1.71,,0.0,Yak-141
db_3a_china,0.0,,,,,,0.0,,,,,,0.0,,,,,,DB-3A_(China)
germ_pzkpfw_38t_ausf_A,0.0,,,,,,15.0,,,0.0,,2.0,0.0,,,,,,Pz.38(t)_A
fokker_d21_mod20,0.0,,,,,,0.0,,,,,,0.0,,,,,,Fokker_D.XXI
p-47d_16_re_germany,0.0,,,,,,19.0,100.0,1.0,1.0,1.0,1.0,0.0,,,,,,P-47D-16-RE
cn_m42_duster,0.0,,,,,,53.0,0.0,0.0,0.0,1.56,1.0,0.0,,,,,,M42_(China)
sw_pvkv_m43_1946,0.0,,,,,,0.0,,,,,,0.0,,,,,,Pvkv_m/43_(1946)
cn_is_2_1943_no402,0.0,,,,,,36.0,50.0,0.0,0.0,1.44,1.44,0.0,,,,,,IS-2_No.402
sm_91,0.0,,,,,,0.0,,,,,,0.0,,,,,,SM.91
f4u-7,0.0,,,,,,147.0,76.4,0.3,0.26,3.2,2.44,61.0,68.18,2.66,2.18,3.82,3.0,F4U-7
su_17m4,0.0,,,,,,0.0,,,,,,6.0,100.0,1.2,1.2,1.0,1.0,Su-17M4
fr_amx_30_dca,0.0,,,,,,221.0,45.38,0.4,0.28,0.89,0.65,0.0,,,,,,AMX-30_DCA
he51c1_late,0.0,,,,,,0.0,,,,,,0.0,,,,,,He_51_C-1/L
sb2c_1c,0.0,,,,,,0.0,,,,,,0.0,,,,,,SB2C-1C
it_semovente_m43_75_46,0.0,,,,,,5.0,,,0.0,,1.0,0.0,,,,,,75/46_M43
uk_a27m_cromwell_1,0.0,,,,,,121.0,96.54,0.0,0.0,2.15,1.82,0.0,,,,,,Cromwell_I
f_106a_1972,0.0,,,,,,49.0,100.0,5.25,3.8,0.0,0.0,0.0,,,,,,F-106A
us_m56_scorpion,0.0,,,,,,210.0,49.62,0.0,0.0,3.4,1.36,0.0,,,,,,M56
us_m551,0.0,,,,,,810.0,56.73,0.0,0.0,0.89,0.85,0.0,,,,,,M551
a_10c,0.0,,,,,,31.0,87.5,0.5,0.69,4.0,4.44,0.0,,,,,,A-10C
n1k2_jko,0.0,,,,,,51.0,100.0,0.53,0.47,1.55,1.5,0.0,,,,,,N1K2-Ja
sw_cv_9035_dk,0.0,,,,,,143.0,60.54,0.0,0.0,2.57,2.4,0.0,,,,,,CV9035DK
germ_bmp_1_ddr,0.0,,,,,,109.0,22.81,0.0,0.0,0.74,0.42,0.0,,,,,,SPz_BMP-1
germ_leopard_2a5,0.0,,,,,,956.0,44.48,0.0,0.0,1.51,1.34,0.0,,,,,,Leopard_2A5
uk_ajax,0.0,,,,,,400.0,50.6,0.0,0.0,1.56,1.33,0.0,,,,,,Ajax
he_112a_0,0.0,,,,,,17.0,100.0,0.12,0.12,2.47,2.47,0.0,,,,,,He_112_A-0
sw_pt_76b,0.0,,,,,,311.0,43.26,0.0,0.0,0.87,0.87,0.0,,,,,,PT-76
f2h-2,1.0,100.0,3.0,3.0,0.0,0.0,183.0,52.96,0.95,0.94,0.59,0.61,0.0,,,,,,F2H-2
il_centurion_mk_5_shot,0.0,,,,,,77.0,36.11,0.0,0.0,1.97,1.51,0.0,,,,,,Sho't
germ_boxer_swatrinf,0.0,,,,,,321.0,37.59,0.01,0.01,0.68,0.43,0.0,,,,,,sWaTrgInf
mig_27k,0.0,,,,,,19.0,100.0,0.0,0.69,2.5,2.23,11.0,,,,,,MiG-27K
mc-205_serie3,0.0,,,,,,19.0,100.0,2.92,,2.0,,0.0,,,,,,C._205_serie_3
a6m5_zero,0.0,,,,,,122.0,53.77,2.17,2.12,0.72,0.54,0.0,,,,,,A6M5
fr_amx_30_1972,0.0,,,,,,287.0,61.23,0.0,0.0,2.48,1.56,0.0,,,,,,AMX-30_(1972)
fr_amc_34,0.0,,,,,,0.0,,,,,,0.0,,,,,,AMC.34_YR
uk_charioteer_mk_7,0.0,,,,,,218.0,46.81,0.0,0.0,3.46,1.84,0.0,,,,,,Charioteer_Mk_VII
ussr_bmp_2m,0.0,,,,,,1686.0,45.19,0.0,0.0,1.26,0.83,7.0,,,0.0,,1.0,BMP-2M
b-17e,0.0,,,,,,0.0,,,,,,0.0,,,,,,B-17E
lightning_f6,0.0,,,,,,1.0,,,1.0,,2.0,0.0,,,,,,Lightning_F.6
pb4y-2,0.0,,,,,,0.0,,,,,,0.0,,,,,,PB4Y-2
spitfiremkiia_ep,0.0,,,,,,9.0,,,1.0,,1.0,0.0,,,,,,Spitfire_Mk.IIa_Venture_I
jp_type_60_atm,0.0,,,,,,116.0,52.08,0.0,0.0,0.81,0.58,0.0,,,,,,Type_60_ATM
i-15_1935_moscow,0.0,,,,,,0.0,,,,,,0.0,,,,,,I-15_M-25
sw_vickers_mk_e_45,0.0,,,,,,0.0,,,,,,0.0,,,,,,T-26E
bf_109t_2,1.0,100.0,1.0,,1.0,,46.0,66.67,0.67,1.0,1.33,2.0,0.0,,,,,,Bf_109_T-2
fw_190a_5_u14,0.0,,,,,,0.0,,,,,,0.0,,,,,,Fw_190_A-5/U14
maryland_mk1_france,0.0,,,,,,0.0,,,,,,0.0,,,,,,Martin_167-A3
us_m18_hellcat_black_cat_race,,,,,,,,,,,,,,,,,,,"""Racing""_M18"
it_semovente_m43_105,0.0,,,,,,0.0,,,,,,0.0,,,,,,105/25_M43
germ_panzerwerfer_42,0.0,,,,,,0.0,,,,,,0.0,,,,,,15_cm_Pz.W.42
fr_char_2c,0.0,,,,,,0.0,,,,,,0.0,,,,,,2C
ussr_2s25m,0.0,,,,,,1297.0,50.84,0.0,0.0,1.46,1.14,23.0,,,0.0,,1.0,2S25M
ussr_zprk_2s6,0.0,,,,,,1099.0,48.03,0.75,0.74,0.34,0.33,0.0,,,,,,2S6
it_semovente_l40,0.0,,,,,,0.0,,,,,,0.0,,,,,,47/32_L40
it_semovente_m41_75_18,0.0,,,,,,0.0,,,,,,0.0,,,,,,75/18_M41
it_semovente_m41_75_32,0.0,,,,,,0.0,,,,,,0.0,,,,,,75/32_M41
it_semovente_m43_75_34,0.0,,,,,,0.0,,,,,,0.0,,,,,,75/34_M43
ussr_buk_m3_launcher,,,,,,,,,,,,,,,,,,,"9К317М_""БУК-М3""_(СОУ)"
a_10a_late,0.0,,,,,,371.0,64.66,1.39,1.0,6.26,3.79,1.0,,,0.0,,1.0,A-10A_Late
douglas_a_1h,0.0,,,,,,432.0,87.99,0.36,0.34,5.75,5.33,0.0,,,,,,A-1H
a-26c,0.0,,,,,,0.0,,,,,,0.0,,,,,,A-26C-45
a-26c-45-dt,0.0,,,,,,0.0,,,,,,0.0,,,,,,A-26C-45DT
a_29_hudson,0.0,,,,,,0.0,,,,,,0.0,,,,,,A-29
a-35b,0.0,,,,,,0.0,,,,,,0.0,,,,,,A-35B
a_4b,0.0,,,,,,320.0,67.95,0.14,0.18,1.48,1.77,0.0,,,,,,A-4B
a_4e_early,0.0,,,,,,288.0,58.74,0.42,0.41,2.53,2.29,0.0,,,,,,A-4E_Early
a_6e_tram,0.0,,,,,,94.0,52.27,0.23,0.23,2.35,2.52,40.0,100.0,2.0,0.13,2.0,0.13,A-6E_TRAM
a_7e_thailand,0.0,,,,,,15.0,,,0.88,,0.13,0.0,,,,,,A-7E
uk_ac4_thunderbolt,0.0,,,,,,1.0,,,0.0,,1.0,0.0,,,,,,A.C.IV
vampire_fb5_j28b,0.0,,,,,,22.0,,,0.82,,1.0,0.0,,,,,,A28B
saab_j29b,0.0,,,,,,21.0,16.67,0.0,0.0,0.16,0.13,0.0,,,,,,A29B
a2d,0.0,,,,,,596.0,56.78,0.3,0.28,1.85,1.67,42.0,,,0.75,,2.36,A2D-1
saab_a32a,0.0,,,,,,70.0,55.26,2.34,1.66,5.26,3.86,0.0,,,,,,A32A
saab_a32a_red_adam,0.0,,,,,,0.0,,,,,,0.0,,,,,,A32A_Röd_Adam
a6m2_zero_usa,0.0,,,,,,8.0,,,,,,0.0,,,,,,A6M2
a7he1,0.0,,,,,,0.0,,,,,,0.0,,,,,,A7He1
germ_a7v,0.0,,,,,,0.0,,,,,,0.0,,,,,,A7V
uk_17_pdr_m10_achilles,0.0,,,,,,60.0,0.0,0.0,0.0,5.75,3.21,0.0,,,,,,Achilles
douglas_ad_4na_france,0.0,,,,,,10.0,0.0,0.0,,1.0,,14.0,,,1.0,,3.0,AD-4NA
uk_adats_m113a3,0.0,,,,,,185.0,50.0,1.01,0.7,0.37,0.23,0.0,,,,,,ADATS_(M113)
uk_armored_car_mk_2_aa,0.0,,,,,,15.0,50.0,0.1,0.2,0.5,0.8,0.0,,,,,,AEC_AA
uk_armored_car_aec_mk_2,0.0,,,,,,46.0,61.46,0.0,0.0,2.44,2.64,0.0,,,,,,AEC_Mk_II
cn_hj_9,0.0,,,,,,160.0,70.71,0.0,0.0,2.88,2.88,0.0,,,,,,AFT09
us_ags_teledyne,0.0,,,,,,186.0,69.79,0.0,0.0,4.95,2.31,0.0,,,,,,AGS
aichi_e13a,,,,,,,,,,,,,,,,,,,Aichi_E13A1
saab_aj37,0.0,,,,,,121.0,53.66,0.28,0.39,0.69,0.92,0.0,,,,,,AJ37
saab_ajs37_early,0.0,,,,,,37.0,59.53,0.83,0.83,1.09,1.09,0.0,,,,,,AJS37_(Early)
uk_alecto_mk_1,0.0,,,,,,0.0,,,,,,0.0,,,,,,Alecto_I
alpha_jet_a_thailand,0.0,,,,,,218.0,72.63,0.15,0.14,3.05,3.39,0.0,,,,,,Alpha_Jet_A
alpha_jet_a,0.0,,,,,,291.0,57.02,0.18,0.15,1.49,1.05,51.0,,,0.0,,2.67,Alpha_Jet_A
alpha_jet_a_jabog41,0.0,,,,,,65.0,50.0,0.0,0.0,0.73,1.05,0.0,,,,,,Alpha_Jet_A_(JaboG_41)
alpha_jet_e,0.0,,,,,,37.0,100.0,0.0,0.0,1.17,1.18,0.0,,,,,,Alpha_Jet_E
alpha_jet_th_phase_1,0.0,,,,,,21.0,54.17,0.45,0.2,1.08,1.37,0.0,,,,,,Alpha_Jet_TH
fr_amc_35,0.0,,,,,,16.0,,,,,,0.0,,,,,,AMC.35_(ACG.1)
fr_amd_35,0.0,,,,,,27.0,,,0.0,,1.93,0.0,,,,,,AMD.35
fr_aml_90,0.0,,,,,,154.0,61.6,0.0,0.0,2.19,0.99,0.0,,,,,,AML-90
fr_amr_35_zt3,0.0,,,,,,0.0,,,,,,0.0,,,,,,AMR.35_ZT3
amx,0.0,,,,,,14.0,91.67,0.0,0.0,2.83,4.0,0.0,,,,,,AMX
amx_a_1a_brazil,0.0,,,,,,33.0,100.0,0.0,0.0,2.18,0.77,3.0,,,,,,AMX_A-1A
fr_amx_10m_acra,0.0,,,,,,21.0,100.0,0.0,0.0,4.0,2.0,0.0,,,,,,AMX-10M
fr_amx_10p,0.0,,,,,,304.0,60.8,0.24,0.28,0.36,0.4,0.0,,,,,,AMX-10P
fr_amx_13_hot,0.0,,,,,,2.0,50.0,0.0,0.0,1.0,2.0,0.0,,,,,,AMX-13_(HOT)
fr_amx_13_75_ss11,0.0,,,,,,17.0,100.0,0.0,0.0,3.0,3.0,0.0,,,,,,AMX-13_(SS.11)
fr_amx_30,0.0,,,,,,105.0,52.86,0.0,0.0,1.74,1.81,0.0,,,,,,AMX-30
fr_amx_50_1950,0.0,,,,,,140.0,81.72,0.0,0.0,4.12,2.76,27.0,,,0.0,,3.0,AMX-50_(TO90/930)
fr_amx_50_surblinde,0.0,,,,,,20.0,100.0,0.0,0.0,4.0,3.15,0.0,,,,,,AMX-50_Surblindé
cn_antelope_tc_1l_ads,0.0,,,,,,26.0,78.95,0.0,0.0,0.0,0.0,0.0,,,,,,Antelope
arado-196a-3,0.0,,,,,,0.0,,,,,,0.0,,,,,,Ar_196_A-3
arado-196a-5,0.0,,,,,,0.0,,,,,,0.0,,,,,,Ar_196_A-5
arado-234,0.0,,,,,,29.0,50.0,0.0,0.0,2.73,3.41,0.0,,,,,,Ar_234_B-2
arado-234c-3,0.0,,,,,,30.0,,,0.0,,1.95,0.0,,,,,,Ar_234_C-3
ariete,0.0,,,,,,184.0,58.39,2.84,2.97,1.63,1.72,5.0,0.0,1.0,1.0,0.0,0.0,Ariete
uk_as_90_mk_2,0.0,,,,,,162.0,45.48,0.0,0.0,2.54,2.58,0.0,,,,,,AS90
sw_asrad_r,0.0,,,,,,50.0,100.0,2.6,,0.0,,0.0,,,,,,ASRAD-R
attaker_fb1,0.0,,,,,,0.0,,,,,,0.0,,,,,,Attacker_FB_1
attaker_fb2,0.0,,,,,,44.0,83.33,0.92,1.17,1.3,1.72,0.0,,,,,,Attacker_FB.2
f4u-6_au-1,0.0,,,,,,329.0,75.42,0.45,0.52,2.85,3.31,0.0,,,,,,AU-1
it_aubl_74_60_70m,0.0,,,,,,275.0,67.22,0.0,0.0,2.81,1.01,0.0,,,,,,AUBL/74_HVG
fr_amx_30_auf_1,0.0,,,,,,54.0,64.29,0.12,0.09,0.69,1.05,0.0,,,,,,AuF1
av_8b_plus_italy,0.0,,,,,,0.0,,,,,,0.0,,,,,,AV-8B_Plus
av_8s_thailand,0.0,,,,,,48.0,60.53,1.58,2.71,1.37,2.67,0.0,,,,,,AV-8S
av_8s_late_thailand,0.0,,,,,,8.0,100.0,1.0,1.0,0.0,0.0,0.0,,,,,,AV-8S_Late
avenger_mk1,0.0,,,,,,0.0,,,,,,0.0,,,,,,Avenger_Mk_II
a_4n,0.0,,,,,,77.0,55.95,1.03,1.67,3.92,6.19,0.0,,,,,,Ayit
b_10b,0.0,,,,,,0.0,,,,,,0.0,,,,,,B-10B
b-17e_japan,0.0,,,,,,0.0,,,,,,0.0,,,,,,B-17E
b_18a,0.0,,,,,,0.0,,,,,,0.0,,,,,,B-18A
b_25j_1,0.0,,,,,,0.0,,,,,,0.0,,,,,,B-25J-1
b_25j_20,0.0,,,,,,0.0,,,,,,0.0,,,,,,B-25J-20
b_26c_france,0.0,,,,,,0.0,,,,,,0.0,,,,,,B-26C
b_34,0.0,,,,,,0.0,,,,,,0.0,,,,,,B-34
b_52h,0.0,,,,,,27.0,100.0,0.0,0.0,6.0,4.5,0.0,,,,,,B-52H
b-57,0.0,,,,,,10.0,,,0.0,,0.0,0.0,,,,,,B-57A
b-57b,0.0,,,,,,0.0,,,,,,0.0,,,,,,B-57B
b_66b,0.0,,,,,,0.0,,,,,,0.0,,,,,,B-66B
br_20_dr,0.0,,,,,,0.0,,,,,,0.0,,,,,,B.R.20DR
br_20m_m1,0.0,,,,,,0.0,,,,,,0.0,,,,,,B.R.20M_M1
fr_b1_bis,0.0,,,,,,32.0,,,0.0,,1.26,0.0,,,,,,B1_bis
fr_b1_ter,0.0,,,,,,15.0,100.0,0.0,0.0,3.0,2.5,0.0,,,,,,B1_ter
saab_b17a,0.0,,,,,,0.0,,,,,,0.0,,,,,,B17A
saab_b17b,0.0,,,,,,13.0,0.0,0.0,0.0,0.0,0.0,0.0,,,,,,B17B
saab_b18a,0.0,,,,,,0.0,,,,,,0.0,,,,,,B18A
saab_b18b,0.0,,,,,,111.0,66.67,0.0,0.0,0.82,0.55,0.0,,,,,,B18B
b6n2,0.0,,,,,,0.0,,,,,,0.0,,,,,,B6N2_Model_12
b6n2a,0.0,,,,,,0.0,,,,,,0.0,,,,,,B6N2a_Model_12Ko
ussr_ba_11,0.0,,,,,,0.0,,,,,,0.0,,,,,,BA-11
ba_65_k14_l,0.0,,,,,,0.0,,,,,,0.0,,,,,,Ba.65_(K.14)_L
ba_65_a80,0.0,,,,,,0.0,,,,,,0.0,,,,,,Ba.65_A.80
uk_badger,0.0,,,,,,23.0,91.67,0.0,0.0,2.5,1.25,0.0,,,,,,Badger
f_16d_block_40_barak_2,0.0,,,,,,85.0,94.84,0.86,1.38,1.76,2.11,0.0,,,,,,Barak_II
il_m113_hvms,0.0,,,,,,66.0,74.19,0.0,0.0,1.58,1.55,0.0,,,,,,Bardelas/60mm_HVMS
f_15a_iaf,0.0,,,,,,0.0,,,,,,0.0,,,,,,Baz
f_15c_baz_msip,0.0,,,,,,0.0,,,,,,0.0,,,,,,Baz_Meshupar
be_6,0.0,,,,,,0.0,,,,,,0.0,,,,,,Be-6
beaufighter_mk1_40mm,0.0,,,,,,0.0,,,,,,0.0,,,,,,Beaufighter_Mk_I_(40-mm)
germ_beutepanzer_mk_iv,0.0,,,,,,0.0,,,,,,0.0,,,,,,Beutepanzer_IV
bf-109c_1_promo,0.0,,,,,,0.0,,,,,,0.0,,,,,,Bf_109_C-1_Promo
bf-109e-3_japan,0.0,,,,,,12.0,,,,,,0.0,,,,,,Bf_109_E-7
bf-109e-7,0.0,,,,,,0.0,,,,,,0.0,,,,,,Bf_109_E-7/U2
bf-109g-14,0.0,,,,,,89.0,68.42,0.97,0.89,0.66,0.53,0.0,,,,,,Bf_109_G-14
bf-109g-14as,0.0,,,,,,9.0,0.0,1.0,1.0,0.8,0.8,0.0,,,,,,Bf_109_G-14/AS
bf-109g-2_romania,0.0,,,,,,0.0,,,,,,0.0,,,,,,Bf_109_G-2
bf-109g-6_finland,0.0,,,,,,61.0,100.0,4.8,5.6,3.2,3.6,0.0,,,,,,Bf_109_G-6
bf-109k-4,0.0,,,,,,450.0,68.12,1.58,2.6,0.54,0.88,26.0,100.0,6.89,3.44,0.0,0.0,Bf_109_K-4
bf-109z,0.0,,,,,,32.0,100.0,4.0,1.85,3.0,1.2,0.0,,,,,,Bf_109_Z-1
bf-110c-6,0.0,,,,,,0.0,,,,,,0.0,,,,,,Bf_110_C-6
bf-110c-4,0.0,,,,,,0.0,,,,,,0.0,,,,,,Bf_110_C-7
bf2c_1,0.0,,,,,,1.0,,,,,,0.0,,,,,,BF2C-1
bi,0.0,,,,,,8.0,,,,,,0.0,,,,,,BI
jp_oplot_t,0.0,,,,,,652.0,59.74,0.0,0.0,2.19,1.6,0.0,,,,,,BM_Oplot-T
ussr_bm_13n,0.0,,,,,,0.0,,,,,,0.0,,,,,,BM-13N
ussr_bm_31_12,0.0,,,,,,157.0,96.5,0.0,0.0,0.32,0.28,0.0,,,,,,BM-31-12
ussr_bm_8_24,0.0,,,,,,0.0,,,,,,0.0,,,,,,BM-8-24
ussr_bmd_4,0.0,,,,,,127.0,85.06,0.0,0.0,3.43,1.26,0.0,,,,,,BMD-4
p-38j_marge,0.0,,,,,,34.0,100.0,5.0,,4.0,,8.0,100.0,2.0,2.0,2.0,2.0,Bong's_P-38J-15
boston_mk_1,0.0,,,,,,0.0,,,,,,0.0,,,,,,Boston_Mk_I
uk_bosvark,0.0,,,,,,72.0,24.07,0.35,0.4,0.72,0.77,0.0,,,,,,Bosvark
br_693_ab2,0.0,,,,,,0.0,,,,,,0.0,,,,,,Br.693AB2
breda_88,0.0,,,,,,0.0,,,,,,0.0,,,,,,Breda_88_(P.XI)
ussr_bt_7_1937_td,0.0,,,,,,0.0,,,,,,0.0,,,,,,BT-7_TD
ussr_bt_7a_f32,0.0,,,,,,168.0,66.72,0.0,0.0,2.58,2.37,0.0,,,,,,BT-7A_(F-32)
jp_btr_3e1,0.0,,,,,,285.0,64.55,0.0,0.0,1.49,1.2,0.0,,,,,,BTR-3E1
buccaneer_s1,0.0,,,,,,31.0,100.0,0.0,0.0,0.29,0.63,0.0,,,,,,Buccaneer_S.1
buccaneer_s2,0.0,,,,,,44.0,11.9,0.0,0.0,1.31,0.72,0.0,,,,,,Buccaneer_S.2
bv-138c-1,0.0,,,,,,0.0,,,,,,0.0,,,,,,BV_138_C-1
bv-238,0.0,,,,,,0.0,,,,,,0.0,,,,,,BV_238
mc200_serie3_italy,0.0,,,,,,0.0,,,,,,0.0,,,,,,C._200_serie_3
mc200_serie3,0.0,,,,,,0.0,,,,,,0.0,,,,,,C._200_serie_3
mc200_serie7,0.0,,,,,,0.0,,,,,,0.0,,,,,,C._200_serie_7
mc-202,0.0,,,,,,0.0,,,,,,0.0,,,,,,C._202
mc-202_d,0.0,,,,,,0.0,,,,,,0.0,,,,,,C._202D
mc-205_n2,0.0,,,,,,1.0,,,,,,0.0,,,,,,C._205N2
it_c13_tua,0.0,,,,,,0.0,,,,,,0.0,,,,,,C13/TUA
germ_leopard_c2_mexas,0.0,,,,,,88.0,50.0,0.0,0.0,2.02,2.67,0.0,,,,,,C2A1
canberra_bimk6,0.0,,,,,,72.0,90.0,3.44,13.6,0.58,1.95,0.0,,,,,,Canberra_B_(I)_Mk_6
canberra_bmk2,0.0,,,,,,0.0,,,,,,0.0,,,,,,Canberra_B_Mk_2
pby-5a_raf,0.0,,,,,,0.0,,,,,,0.0,,,,,,Catalina_Mk_IIIa
cn_gmc_cckw_353_m45_quad,0.0,,,,,,4.0,,,,,,0.0,,,,,,CCKW_353_(M45)
it_sahariano,0.0,,,,,,0.0,,,,,,0.0,,,,,,Celere_Sahariano
it_b1_centauro_romor,0.0,,,,,,63.0,55.3,0.0,0.0,1.73,2.23,0.0,,,,,,Centauro_I_105_R
it_centauro_mgs_120,0.0,,,,,,91.0,66.07,0.0,0.0,2.1,2.14,0.0,,,,,,Centauro_I_120
it_centauro_2,0.0,,,,,,152.0,82.26,0.0,0.0,3.62,2.41,0.0,,,,,,Centauro_II_(P)
uk_centurion_action_x,0.0,,,,,,19.0,,,0.0,,1.53,0.0,,,,,,Centurion_Action_X
uk_centurion_mk_2,0.0,,,,,,147.0,56.89,0.0,0.0,2.9,2.68,0.0,,,,,,Centurion_Mk.2
uk_centurion_mk_5_raac,0.0,,,,,,60.0,100.0,0.0,0.0,4.43,2.7,0.0,,,,,,Centurion_Mk.5/1
yak-9t_france,0.0,,,,,,4.0,,,,,,0.0,,,,,,Challe's_Yak-9T
fr_bat_chat_25t,0.0,,,,,,156.0,78.28,0.0,0.0,3.54,3.18,0.0,,,,,,Char_25t
jp_type_97_kai,0.0,,,,,,84.0,100.0,0.0,0.0,6.48,3.93,0.0,,,,,,Chi-Ha_Kai
jp_type_97_kai_td,0.0,,,,,,0.0,,,,,,0.0,,,,,,Chi-Ha_Kai_TD
jp_type_1_chi_he_5th_regiment,0.0,,,,,,0.0,,,,,,0.0,,,,,,Chi-He_(5th_Regiment)
uk_chieftain_marksman,1.0,50.0,0.0,0.0,0.0,0.0,240.0,40.0,0.34,0.26,1.11,0.79,0.0,,,,,,Chieftain_Marksman
uk_chieftain_mk_3,0.0,,,,,,119.0,50.0,0.0,0.0,1.78,2.13,0.0,,,,,,Chieftain_Mk_3
uk_churchill_avre,0.0,,,,,,0.0,,,,,,0.0,,,,,,Churchill_AVRE_Petard
uk_a_22f_mk_7_churchill_crocodile,0.0,,,,,,135.0,58.39,0.0,0.0,3.12,4.22,0.0,,,,,,Churchill_Crocodile
uk_churchill_na75,0.0,,,,,,0.0,,,,,,0.0,,,,,,Churchill_NA75
f-86_cl_13_mk4_italy,0.0,,,,,,57.0,45.56,2.27,3.5,1.73,2.58,0.0,,,,,,CL-13_Mk.4
germ_th_800_bismark,0.0,,,,,,37.0,,,0.0,,2.81,0.0,,,,,,Class_3_(P)
us_sl_amraam_launcher,,,,,,,,,,,,,,,,,,,CLAWS_(СОУ)
us_sl_amraam_fcs,0.0,,,,,,314.0,65.13,1.27,1.17,0.0,0.0,0.0,,,,,,CLAWS_(СОЦ)
fr_marder_clovis,0.0,,,,,,298.0,57.52,0.04,0.05,2.11,2.32,18.0,,,0.0,,1.0,CLOVIS
cn_cm11,0.0,,,,,,107.0,70.76,0.0,0.0,4.74,5.3,0.0,,,,,,CM11
cn_cm_34,0.0,,,,,,230.0,65.06,0.02,0.01,1.62,1.16,15.0,66.67,0.0,0.0,2.3,2.3,CM34
it_fiat_cm52,0.0,,,,,,20.0,,,0.0,,0.0,0.0,,,,,,CM52
uk_a_34_comet_iron_duke,0.0,,,,,,0.0,,,,,,0.0,,,,,,"Comet_I_""Iron_Duke_IV"""
cr_32_bis,0.0,,,,,,0.0,,,,,,0.0,,,,,,CR.32_bis
fiat_cr42,0.0,,,,,,0.0,,,,,,0.0,,,,,,CR.42
fiat_cr42_italy,0.0,,,,,,0.0,,,,,,0.0,,,,,,CR.42
uk_crusader_aa_mk_2,0.0,,,,,,55.0,63.98,0.85,1.48,0.1,0.23,0.0,,,,,,Crusader_AA_Mk_II
it_39m_csaba,0.0,,,,,,0.0,,,,,,0.0,,,,,,Csaba
sw_patria_amv_ctcv_105,0.0,,,,,,102.0,63.46,0.0,0.0,2.68,1.93,0.0,,,,,,CT-CV_105HP
jp_icv_prototype,0.0,,,,,,146.0,59.16,0.1,0.1,1.12,1.13,0.0,,,,,,CTWV_RCV
sw_cv_90_mk4,0.0,,,,,,106.0,50.0,0.0,0.0,0.96,1.06,0.0,,,,,,CV_90_Mk.IV
fr_cv_9035_nl,0.0,,,,,,52.0,50.0,0.0,0.0,2.3,2.11,0.0,,,,,,CV_9035NL
sw_cv_9030_fin,0.0,,,,,,386.0,47.82,0.0,0.0,1.26,1.1,0.0,,,,,,CV9030FIN
cw_21,0.0,,,,,,0.0,,,,,,0.0,,,,,,CW-21
d_371,0.0,,,,,,0.0,,,,,,0.0,,,,,,D.371
d_371_hs9,0.0,,,,,,2.0,,,1.0,,0.0,0.0,,,,,,D.371_H.S.9
d_373,0.0,,,,,,0.0,,,,,,0.0,,,,,,D.373
d_500,0.0,,,,,,0.0,,,,,,0.0,,,,,,D.500
d_501,0.0,,,,,,0.0,,,,,,0.0,,,,,,D.501
d_510c,0.0,,,,,,0.0,,,,,,0.0,,,,,,D.510C
d_520_france,0.0,,,,,,21.0,,,,,,0.0,,,,,,D.520
fr_renault_d2,0.0,,,,,,27.0,,,0.0,,2.0,0.0,,,,,,D2
d3a1,0.0,,,,,,0.0,,,,,,0.0,,,,,,D3A1
d4y1,0.0,,,,,,0.0,,,,,,0.0,,,,,,D4Y1
it_dardo_vcc,0.0,,,,,,9.0,50.0,0.0,0.0,1.0,1.0,21.0,50.0,0.0,0.0,2.1,1.94,Dardo
db_3b,0.0,,,,,,0.0,,,,,,0.0,,,,,,DB-3B
uk_desert_warrior,0.0,,,,,,67.0,17.39,0.0,0.0,0.96,0.5,0.0,,,,,,Desert_Warrior
do_17e_1,0.0,,,,,,0.0,,,,,,0.0,,,,,,Do_17_E-1
do_17z_2,0.0,,,,,,0.0,,,,,,0.0,,,,,,Do_17_Z-2
do_17z_7,0.0,,,,,,0.0,,,,,,0.0,,,,,,Do_17_Z-7
do_217e_4,0.0,,,,,,0.0,,,,,,0.0,,,,,,Do_217_E-4
do_217j_1,0.0,,,,,,0.0,,,,,,0.0,,,,,,Do_217_J-1
do_217j_2,0.0,,,,,,0.0,,,,,,0.0,,,,,,Do_217_J-2
do_217k_1,0.0,,,,,,0.0,,,,,,0.0,,,,,,Do_217_K-1
do_217m_1,0.0,,,,,,0.0,,,,,,0.0,,,,,,Do_217_M-1
do_217n_1,0.0,,,,,,0.0,,,,,,0.0,,,,,,Do_217_N-1
do_217n_2,0.0,,,,,,0.0,,,,,,0.0,,,,,,Do_217_N-2
do_335b_2,0.0,,,,,,116.0,55.38,0.62,0.49,2.75,2.64,0.0,,,,,,Do_335_B-2
fr_panhard_ebr_1951,0.0,,,,,,380.0,74.04,0.0,0.0,1.74,1.37,0.0,,,,,,E.B.R._(1951)
fr_panhard_ebr_1954,0.0,,,,,,111.0,87.68,0.0,0.0,4.6,3.01,17.0,,,0.0,,1.87,E.B.R._(1954)
fr_panhard_ebr_1963,0.0,,,,,,0.0,,,,,,0.0,,,,,,E.B.R._(1963)
e7k2,,,,,,,,,,,,,,,,,,,E7K2
e8n2,,,,,,,,,,,,,,,,,,,E8N2
us_efv_p1,0.0,,,,,,205.0,49.78,0.0,0.0,1.34,0.72,3.0,,,0.0,,1.0,EFV
il_eitan,0.0,,,,,,117.0,61.07,0.0,0.0,0.74,0.65,0.0,,,,,,Eitan_(P)
sw_eldenhet_98,0.0,,,,,,9.0,100.0,1.0,1.0,0.0,0.0,0.0,,,,,,EldE_98
etndard_4m,0.0,,,,,,43.0,100.0,2.0,1.19,1.0,0.59,0.0,,,,,,Etendard_IVM
f1,0.0,,,,,,38.0,93.16,4.39,6.05,0.0,0.0,0.0,,,,,,F-1
f-100d_france,0.0,,,,,,1.0,,,,,,0.0,,,,,,F-100D
f_101c,0.0,,,,,,50.0,79.03,1.6,4.15,1.74,4.15,0.0,,,,,,F-101C
f-104a,0.0,,,,,,0.0,,,,,,0.0,,,,,,F-104A
f-104g_belgium,0.0,,,,,,0.0,,,,,,0.0,,,,,,F-104G
f-104g_italy,0.0,,,,,,0.0,,,,,,0.0,,,,,,F-104G
f-104j,0.0,,,,,,0.0,,,,,,0.0,,,,,,F-104J
f-104s,0.0,,,,,,0.0,,,,,,0.0,,,,,,F-104S
f-104s_cb,0.0,,,,,,82.0,19.44,0.44,0.68,4.42,4.4,0.0,,,,,,F-104S_TAF
f-104s_asa,0.0,,,,,,23.0,,,1.15,,0.0,0.0,,,,,,F-104S.ASA
f_111a,0.0,,,,,,0.0,,,,,,0.0,,,,,,F-111A
f_111c_raaf,0.0,,,,,,24.0,45.83,0.46,0.92,0.46,0.92,0.0,,,,,,F-111C
f_117,0.0,,,,,,38.0,50.0,0.0,0.0,1.07,2.14,0.0,,,,,,F-117
f_14a_early,0.0,,,,,,99.0,50.0,1.08,0.98,0.01,0.01,13.0,,,0.0,,0.0,F-14A_Early
f_14b,0.0,,,,,,90.0,37.5,1.48,1.01,0.76,0.48,0.0,,,,,,F-14B
f_14d,0.0,,,,,,635.0,47.72,1.42,1.61,0.04,0.05,0.0,,,,,,F-14D
f_15i_raam,0.0,,,,,,99.0,81.88,1.57,1.92,1.27,1.68,0.0,,,,,,F-15I_Ra’am
f_15j,0.0,,,,,,16.0,50.0,1.5,1.5,0.0,0.0,0.0,,,,,,F-15J
f_15j_kai,0.0,,,,,,31.0,66.67,2.08,3.05,0.11,0.62,0.0,,,,,,F-15J(M)
f_16a_block_15_belgium,0.0,,,,,,14.0,,,1.0,,0.0,0.0,,,,,,F-16A
f_16a_block_15_adf_italy,0.0,,,,,,3.0,,,,,,0.0,,,,,,F-16A_ADF
f_16a_block_15_ocu_thailand,0.0,,,,,,35.0,100.0,2.09,2.09,0.45,0.45,0.0,,,,,,F-16A_OCU
f_16a_block_15_ocu_belgium,0.0,,,,,,0.0,,,,,,0.0,,,,,,F-16A_OCU
f_16aj,0.0,,,,,,80.0,78.57,0.31,0.28,2.25,1.96,0.0,,,,,,F-16AJ
f_16am_block_15_mlu_belgium,0.0,,,,,,22.0,100.0,1.0,1.0,0.0,0.0,0.0,,,,,,F-16AM
f_16c_block_40_barak_2,0.0,,,,,,0.0,,,,,,0.0,,,,,,F-16C_Barak_II
f_16i_sufa,0.0,,,,,,0.0,,,,,,0.0,,,,,,F-16I_Sufa
fa_18c_finland,0.0,,,,,,65.0,50.0,1.23,1.25,0.0,0.0,0.0,,,,,,F-18C
ef_2000a,0.0,,,,,,0.0,,,,,,0.0,,,,,,F-2000A
ef_2000a_aesa,0.0,,,,,,90.0,67.24,3.47,5.29,0.71,0.89,0.0,,,,,,F-2000A_(AESA)
f_20a,0.0,,,,,,44.0,87.78,1.45,1.16,0.3,0.16,0.0,,,,,,F-20A
f_2a,0.0,,,,,,119.0,84.26,2.33,1.91,0.09,0.08,40.0,,,1.86,,0.0,F-2A
f_2a_adtw,0.0,,,,,,922.0,60.35,1.38,1.82,0.36,0.49,45.0,,,1.44,,1.2,F-2A_ADTW
f-4ej_adtw,0.0,,,,,,171.0,52.58,2.81,1.65,0.46,0.31,19.0,,,0.0,,0.0,F-4EJ_ADTW
f-4ej_kai,0.0,,,,,,11.0,,,1.0,,0.0,0.0,,,,,,F-4EJ_Kai_Phantom_II
f-4ej,0.0,,,,,,51.0,85.51,1.13,1.2,0.22,0.32,0.0,,,,,,F-4EJ_Phantom_II
f-4j,5.0,50.0,2.5,3.3,0.3,0.3,85.0,67.2,1.71,1.61,0.03,0.03,0.0,,,,,,F-4J_Phantom_II
f-5a,0.0,,,,,,0.0,,,,,,0.0,,,,,,F-5A
f-5a_thailand,0.0,,,,,,13.0,100.0,3.0,3.0,5.0,5.0,0.0,,,,,,F-5A
f-5e_fcu_thailand,0.0,,,,,,440.0,57.5,1.24,1.65,0.64,0.86,0.0,,,,,,F-5E_FCU
f-5t_thailand,0.0,,,,,,13.0,,,0.0,,1.69,0.0,,,,,,F-5T_SCU
f-5th_thailand,0.0,,,,,,64.0,100.0,1.78,1.44,0.52,0.24,0.0,,,,,,F-5TH_TCU
p-51c-10_france,0.0,,,,,,0.0,,,,,,0.0,,,,,,F-6C-10-NA
f-84f_france,0.0,,,,,,36.0,50.0,0.0,0.0,0.5,0.64,0.0,,,,,,F-84F
f-84f_italy,0.0,,,,,,0.0,,,,,,0.0,,,,,,F-84F
f-84f,0.0,,,,,,76.0,62.36,0.11,0.08,1.18,1.31,0.0,,,,,,F-84F
f-84f_iaf,0.0,,,,,,0.0,,,,,,0.0,,,,,,F-84F_IAF
f-84g,0.0,,,,,,4.0,,,,,,0.0,,,,,,F-84G-21-RE
f-84g_italy,0.0,,,,,,5.0,,,0.0,,11.4,0.0,,,,,,F-84G-21-RE
f-84g_france,0.0,,,,,,0.0,,,,,,0.0,,,,,,F-84G-26-RE
f-86f-30_japan,0.0,,,,,,212.0,68.79,1.68,2.47,0.8,1.19,0.0,,,,,,F-86F-30_
f-86f-35,0.0,,,,,,57.0,93.33,0.0,0.0,0.67,0.11,0.0,,,,,,F-86F-35
f-86f-40_japan,0.0,,,,,,61.0,88.1,1.04,4.0,1.5,3.0,0.0,,,,,,F-86F-40_
f-86f-40_japan_blue_impulse,0.0,,,,,,28.0,100.0,4.6,3.13,4.0,2.63,0.0,,,,,,F-86F-40_JASDF
f-86k_late,0.0,,,,,,4.0,,,1.0,,0.5,0.0,,,,,,F-86K
f-86k_late_italy,0.0,,,,,,8.0,50.0,1.0,2.0,0.5,1.0,0.0,,,,,,F-86K
f-89d,0.0,,,,,,45.0,86.67,3.19,4.36,0.0,0.0,0.0,,,,,,F-89D
f-8e_fn,0.0,,,,,,0.0,,,,,,0.0,,,,,,F-8E(FN)
f_222_2,0.0,,,,,,0.0,,,,,,0.0,,,,,,F.222.2
fc_20_bis,0.0,,,,,,0.0,,,,,,0.0,,,,,,F.C.20_Bis
fa_18a,0.0,,,,,,108.0,61.97,1.43,1.44,0.01,0.01,21.0,,,2.1,,0.0,F/A-18A
fa_18c_mlu_2_finland,0.0,,,,,,83.0,54.44,0.87,1.41,0.71,1.43,0.0,,,,,,F/A-18C_MLU_2
fa_18d_late_malaysia,0.0,,,,,,85.0,88.89,1.38,1.4,0.68,0.7,0.0,,,,,,F/A-18D_Late
fa_18f_block_2_raaf,0.0,,,,,,44.0,50.0,1.0,1.18,1.41,1.59,0.0,,,,,,F/A-18F
f11f_1_late,0.0,,,,,,27.0,100.0,5.0,,0.0,,0.0,,,,,,F11F-1
f1m2,0.0,,,,,,0.0,,,,,,0.0,,,,,,F1M2
f2a-1,0.0,,,,,,0.0,,,,,,0.0,,,,,,F2A-1
f3d_1,1.0,0.0,0.0,0.0,0.0,0.0,48.0,55.0,0.0,0.04,1.95,1.54,0.0,,,,,,F3D-1
f3f-2,0.0,,,,,,0.0,,,,,,0.0,,,,,,F3F-2
f3h-2,0.0,,,,,,260.0,57.33,1.35,2.12,0.56,0.86,0.0,,,,,,F3H-2
f4d_1,0.0,,,,,,13.0,100.0,1.71,1.71,0.0,0.0,0.0,,,,,,F4D-1
f4u-1a_japan,0.0,,,,,,19.0,100.0,1.0,1.0,0.0,0.0,0.0,,,,,,F4U-1A
f4u-4b_vmf_214,0.0,,,,,,0.0,,,,,,0.0,,,,,,F4U-4B_VMF-214
f6f-5n_france,0.0,,,,,,11.0,,,0.0,,2.4,14.0,,,5.0,,1.0,F6F-5N
f7f3,0.0,,,,,,129.0,74.19,0.24,0.33,2.01,2.26,0.0,,,,,,F7F-3
f9f-5,0.0,,,,,,23.0,,,1.0,,2.87,0.0,,,,,,F9F-5
uk_falcon,0.0,,,,,,324.0,47.67,0.54,0.49,1.23,1.1,0.0,,,,,,Falcon
fr_fcm_36,0.0,,,,,,0.0,,,,,,0.0,,,,,,FCM.36
ffa_p16,0.0,,,,,,0.0,,,,,,0.0,,,,,,FFA_P-16
it_fiat_6614_106sr,0.0,,,,,,506.0,69.41,0.0,0.0,2.69,1.76,0.0,,,,,,FIAT_6614
b_48_firecrest,0.0,,,,,,35.0,,,,,,0.0,,,,,,Firecrest
it_fiat_6614_firos,0.0,,,,,,42.0,100.0,0.0,0.0,1.94,0.98,0.0,,,,,,FIROS_6
fj_4b,0.0,,,,,,3.0,,,,,,0.0,,,,,,FJ-4B
fj_4b_agm_12b,0.0,,,,,,81.0,93.65,0.36,0.38,2.94,3.62,0.0,,,,,,FJ-4B_VMF-232
germ_flakpanzer_38t_Gepard,0.0,,,,,,34.0,100.0,1.0,0.88,3.82,3.32,0.0,,,,,,Flakpanzer_38
germ_flarakrad,0.0,,,,,,101.0,50.0,1.56,0.59,0.0,0.0,0.0,,,,,,FlaRakRad
fr_1_fireball,0.0,,,,,,199.0,63.99,0.51,0.53,1.13,1.07,7.0,,,0.0,,1.29,FR-1_Fireball
it_freccia_hitfist_ows,0.0,,,,,,232.0,48.92,0.0,0.0,2.14,1.31,0.0,,,,,,Freccia_OWS_30
fr_samp_t_launcher,0.0,,,,,,0.0,,,,,,0.0,,,,,,FSAF_SAMP/T_(Mamba)_(СОУ)
fr_samp_t_fcs,0.0,,,,,,52.0,87.04,1.89,2.42,0.0,0.0,0.0,,,,,,FSAF_SAMP/T_(Mamba)_(СОЦ)
it_samp_t_fcs,0.0,,,,,,0.0,,,,,,0.0,,,,,,FSAF_SAMP/T_(СОЦ)
fury_mk1,0.0,,,,,,0.0,,,,,,0.0,,,,,,Fury_Mk_I
fury_mk2,0.0,,,,,,0.0,,,,,,0.0,,,,,,Fury_Mk_II
uk_fv4005,0.0,,,,,,168.0,29.13,0.0,0.0,2.47,1.42,0.0,,,,,,FV4005
uk_fv4202,0.0,,,,,,156.0,46.55,0.0,0.0,2.18,1.73,0.0,,,,,,FV4202
fw-189a-1,0.0,,,,,,0.0,,,,,,0.0,,,,,,Fw_189_A-1
fw-190a-5_japan,0.0,,,,,,17.0,,,,,,0.0,,,,,,Fw_190_A-5
fw-190a-8_usa,0.0,,,,,,3.0,66.67,0.7,1.0,1.0,1.5,0.0,,,,,,Fw_190_A-8
fw-190c,0.0,,,,,,0.0,,,,,,0.0,,,,,,Fw_190_C
fw-190d-13,0.0,,,,,,66.0,73.08,1.08,1.0,1.38,1.27,0.0,,,,,,Fw_190_D-13
fw_200c_1,0.0,,,,,,24.0,,,,,,0.0,,,,,,Fw_200_C-1
fw_189c_0,0.0,,,,,,0.0,,,,,,0.0,,,,,,Fw_189_C
fiat_g50_seria7as,0.0,,,,,,0.0,,,,,,0.0,,,,,,G.50_AS_serie_7
fiat_g50_seria2,0.0,,,,,,0.0,,,,,,0.0,,,,,,G.50_serie_2
fiat_g50_seria2_italy,0.0,,,,,,0.0,,,,,,0.0,,,,,,G.50_serie_2
g_55_serie1_ss0,0.0,,,,,,22.0,100.0,0.0,0.0,0.0,0.0,0.0,,,,,,G.55_sottoserie_0
g_55s,0.0,,,,,,81.0,80.11,0.94,1.0,1.18,1.27,7.0,,,5.0,,0.0,G.55S
g_56,0.0,,,,,,0.0,,,,,,0.0,,,,,,G.56
fiat_g91_ps,0.0,,,,,,23.0,100.0,1.0,1.0,0.0,0.0,0.0,,,,,,G.91_pre-serie
fiat_g91_r1,0.0,,,,,,11.0,88.89,0.0,0.0,0.11,0.22,0.0,,,,,,G.91_R/1
fiat_g91_r4,0.0,,,,,,21.0,0.0,0.69,0.43,0.85,0.52,0.0,,,,,,G.91_R/4
fiat_g91_y,0.0,,,,,,125.0,100.0,4.51,,0.33,,0.0,,,,,,G.91_Y
fiat_g91_ys,0.0,,,,,,107.0,97.12,2.9,5.84,1.4,2.92,0.0,,,,,,G.91_YS
g4m1,0.0,,,,,,0.0,,,,,,0.0,,,,,,G4M1
g5n1,0.0,,,,,,0.0,,,,,,0.0,,,,,,G5N1
g8n1,0.0,,,,,,0.0,,,,,,0.0,,,,,,G8N1
f3f-2_galer,0.0,,,,,,0.0,,,,,,0.0,,,,,,Galer's_F3F-2
germ_garford_putilov,0.0,,,,,,0.0,,,,,,0.0,,,,,,Garford-Beute
ussr_gaz_4m,0.0,,,,,,0.0,,,,,,0.0,,,,,,GAZ-AAA_(4M)
ussr_gaz_dshk,0.0,,,,,,0.0,,,,,,0.0,,,,,,GAZ-AAA_(DShK)
uk_vickers_gbt_155,0.0,,,,,,92.0,78.7,0.14,0.1,1.93,1.49,0.0,,,,,,GBT_155
il_m113a1_tow,0.0,,,,,,41.0,50.0,0.0,0.0,1.5,1.68,0.0,,,,,,Giraf
gladiator_mk1_belgium,0.0,,,,,,0.0,,,,,,0.0,,,,,,Gladiator_Mk_I
gladiator_mk2_france,0.0,,,,,,0.0,,,,,,0.0,,,,,,Gladiator_Mk_IIF
gladiator_mk2_silver,0.0,,,,,,0.0,,,,,,0.0,,,,,,Gladiator_Mk_IIS
uk_mk1_grant,0.0,,,,,,0.0,,,,,,0.0,,,,,,Grant_I
uk_3_inch_gun_carrier,0.0,,,,,,0.0,,,,,,0.0,,,,,,Gun_Carrier_(3-in)
il_28_china,0.0,,,,,,0.0,,,,,,0.0,,,,,,H-5
h-75a-1_france,0.0,,,,,,0.0,,,,,,0.0,,,,,,H-75A-1
h-75a-4_france,0.0,,,,,,0.0,,,,,,0.0,,,,,,H-75A-4
fr_hotchkiss_h35,0.0,,,,,,0.0,,,,,,0.0,,,,,,H.35
fr_hotchkiss_h39,0.0,,,,,,0.0,,,,,,0.0,,,,,,H.39
fr_hotchkiss_h39_cambronne,0.0,,,,,,0.0,,,,,,0.0,,,,,,"H.39_""Cambronne"""
hp_12,0.0,,,,,,0.0,,,,,,0.0,,,,,,H.P.12
h6k4,0.0,,,,,,0.0,,,,,,0.0,,,,,,H6K4
h8k3,0.0,,,,,,0.0,,,,,,0.0,,,,,,H8K3
jp_type_95_ha_go,0.0,,,,,,7.0,,,0.0,,0.0,0.0,,,,,,Ha-Go
jp_type_95_ha_go_commander,0.0,,,,,,0.0,,,,,,0.0,,,,,,Ha-Go_Commander
a5m4_hagiri,0.0,,,,,,0.0,,,,,,0.0,,,,,,Hagiri's_A5M4
hp52_hampden_mk1_late,0.0,,,,,,0.0,,,,,,0.0,,,,,,Hampden_Mk_I
hp52_hampden_tbmk1,0.0,,,,,,0.0,,,,,,0.0,,,,,,Hampden_TB_Mk_I
hp52_hampden_tbmk1_ussr_utk1,0.0,,,,,,0.0,,,,,,0.0,,,,,,Hampden_TB_Mk_I
harrier_gr1,0.0,,,,,,32.0,100.0,2.0,,0.0,,0.0,,,,,,Harrier_GR.1
harrier_gr3,0.0,,,,,,20.0,0.0,1.0,0.4,1.0,1.0,0.0,,,,,,Harrier_GR.3
harrier_gr7,0.0,,,,,,22.0,18.75,1.0,1.38,0.5,0.69,9.0,,,,,,Harrier_GR.7
harrier_t10,0.0,,,,,,94.0,50.0,0.74,0.52,0.66,1.1,0.0,,,,,,Harrier_T.10
intruder_mk_1,0.0,,,,,,0.0,,,,,,0.0,,,,,,Havoc_Mk_I
hawk_200,0.0,,,,,,0.0,,,,,,0.0,,,,,,Hawk_200
hawk_200_rda,0.0,,,,,,18.0,100.0,3.0,3.0,0.0,0.0,0.0,,,,,,Hawk_200_RDA
h-75a-2_finland,0.0,,,,,,0.0,,,,,,0.0,,,,,,Hawk_H-75A-2
hawk_iii,0.0,,,,,,0.0,,,,,,0.0,,,,,,Hawk_III
he-111h-6,0.0,,,,,,0.0,,,,,,0.0,,,,,,He_111_H-6
he_112b_1_italy,0.0,,,,,,0.0,,,,,,0.0,,,,,,He_112_B-1/U2
he_112b_1,0.0,,,,,,0.0,,,,,,0.0,,,,,,He_112_B-1/U2
he_112b_2,0.0,,,,,,13.0,,,,,,0.0,,,,,,He_112_B-2/U2
he_115c_1,0.0,,,,,,0.0,,,,,,0.0,,,,,,He_115_C-1
he-162a-1,0.0,,,,,,0.0,,,,,,0.0,,,,,,He_162_A-1
he-177a-3,0.0,,,,,,0.0,,,,,,0.0,,,,,,He_177_A-3
he-177a-5,0.0,,,,,,0.0,,,,,,0.0,,,,,,He_177_A-5
he_219a_7,0.0,,,,,,4.0,,,,,,0.0,,,,,,He_219_A-7
he51b_2w,0.0,,,,,,0.0,,,,,,0.0,,,,,,He_51_B-2/H
jp_pzkpfw_VI_ausf_e_tiger,0.0,,,,,,17.0,61.11,0.0,0.0,4.2,4.2,0.0,,,,,,Heavy_Tank_No.6
marut_mk1,0.0,,,,,,4.0,,,3.0,,5.5,0.0,,,,,,HF-24
go229_v3,0.0,,,,,,39.0,50.0,1.0,2.0,1.5,3.0,0.0,,,,,,Ho_229_V3
jp_type_2_ho_i,0.0,,,,,,53.0,100.0,0.0,0.0,2.61,1.59,0.0,,,,,,Ho-I
hornet_mk1,0.0,,,,,,12.0,50.0,1.5,1.5,0.5,0.5,0.0,,,,,,Hornet_Mk.I
hornet_mk3,0.0,,,,,,0.0,,,,,,0.0,,,,,,Hornet_Mk.III
il_m163_vulcan,0.0,,,,,,15.0,,,0.0,,0.0,0.0,,,,,,Hovet
cn_hq_11,0.0,,,,,,20.0,50.0,1.0,1.0,0.0,0.0,0.0,,,,,,HQ11
cn_hq_17,0.0,,,,,,2.0,,,,,,0.0,,,,,,HQ17
hs-123a-1,0.0,,,,,,0.0,,,,,,0.0,,,,,,Hs_123_A-1
hs-129b-2,0.0,,,,,,0.0,,,,,,0.0,,,,,,Hs_129_B-2
hs-129b-2_romania_italy,0.0,,,,,,4.0,,,,,,0.0,,,,,,Hs_129_B-2_(Romania)
hs-129b-2_romania,0.0,,,,,,0.0,,,,,,0.0,,,,,,Hs_129_B-2_(Romania)
hs-129b-3,0.0,,,,,,28.0,9.38,0.0,0.0,0.09,0.13,0.0,,,,,,Hs_129_B-3
us_hstv_l,0.0,,,,,,2676.0,61.05,0.04,0.0,1.46,1.28,7.0,,,0.0,,1.0,HSTV-L
hudson_mk_v,0.0,,,,,,0.0,,,,,,0.0,,,,,,Hudson_Mk_V
il_hunter_afv,0.0,,,,,,0.0,,,,,,0.0,,,,,,Hunter_AFV
hunter_f1,0.0,,,,,,39.0,100.0,3.56,0.4,1.67,0.2,0.0,,,,,,Hunter_F.1
hunter_f6,0.0,,,,,,164.0,61.58,1.63,2.85,0.9,1.59,0.0,,,,,,Hunter_F.6
hunter_f9_rhodesia,0.0,,,,,,82.0,80.38,2.29,7.19,1.27,6.48,0.0,,,,,,Hunter_FGA.9
hurricane_mk1,0.0,,,,,,0.0,,,,,,0.0,,,,,,Hurricane_Mk_I/L
hurricane_mk4,0.0,,,,,,14.0,,,,,,0.0,,,,,,Hurricane_Mk_IV
hurricane_mk1_late_ep,0.0,,,,,,0.0,,,,,,0.0,,,,,,Hurricane_Mk.I/L_FAA_M
i-15_1935,0.0,,,,,,0.0,,,,,,0.0,,,,,,I-15_M-22
i-15bis,0.0,,,,,,0.0,,,,,,0.0,,,,,,I-15bis
i-16_type10,0.0,,,,,,0.0,,,,,,0.0,,,,,,I-16_type_10
i-16_type18,0.0,,,,,,0.0,,,,,,0.0,,,,,,I-16_type_18
i-16_type5,0.0,,,,,,0.0,,,,,,0.0,,,,,,I-16_type_5
ia_58a_pucara,0.0,,,,,,359.0,60.56,0.94,0.9,3.47,3.33,0.0,,,,,,IA.58A_Pucara
gladiator_j8a_iacobi,0.0,,,,,,10.0,100.0,0.0,0.0,0.0,0.0,0.0,,,,,,Iacobi's_J8A
iar_81c,0.0,,,,,,19.0,96.15,1.31,1.42,0.69,0.73,0.0,,,,,,IAR-81C
iar_81c_db_605,0.0,,,,,,0.0,,,,,,0.0,,,,,,IAR-81C_(DB_605)
iar_93b,0.0,,,,,,0.0,,,,,,0.0,,,,,,IAR-93B
jp_icv_ifv_prototype,0.0,,,,,,189.0,52.58,0.44,0.3,2.26,1.62,0.0,,,,,,ICV_(P)
il-10,0.0,,,,,,46.0,100.0,0.0,0.0,5.97,5.97,0.0,,,,,,IL-10
il_28,0.0,,,,,,6.0,,,0.0,,0.0,20.0,,,0.0,,0.0,IL-28
il_28sh,0.0,,,,,,35.0,0.0,0.0,0.0,0.05,0.03,0.0,,,,,,IL-28Sh
il-2m_mstitel,0.0,,,,,,12.0,100.0,0.0,0.0,1.5,1.0,0.0,,,,,,"IL-2M_""Avenger"""
il-4,0.0,,,,,,0.0,,,,,,0.0,,,,,,IL-4
us_mim_72_chaparral,0.0,,,,,,61.0,,,0.85,,0.0,0.0,,,,,,Imp.Chaparral
uk_a1e1_independent,0.0,,,,,,0.0,,,,,,0.0,,,,,,Independent
germ_iris_slm_launcher,,,,,,,,,,,,,,,,,,,IRIS-T_SLM_(СОУ)
germ_iris_slm_fcs,0.0,,,,,,303.0,38.4,1.77,1.89,0.0,0.0,0.0,,,,,,IRIS-T_SLM_(СОЦ)
ussr_is_2_1944_revenge,0.0,,,,,,21.0,100.0,0.0,0.0,3.0,2.75,0.0,,,,,,"IS-2_""Revenge"""
ussr_isu_122,0.0,,,,,,78.0,,,0.0,,1.52,0.0,,,,,,ISU-122
ussr_isu_122s,1.0,,,0.0,,2.0,18.0,,,,,,0.0,,,,,,ISU-122S
it_semovente_m43_75_bersaglieri,,,,,,,,,,,,,,,,,,,it_semovente_m43_75_bersaglieri
sw_crotale_ng,0.0,,,,,,37.0,0.0,1.0,0.91,0.0,0.0,0.0,,,,,,ItO_90M
sw_itpsv_90,0.0,,,,,,1286.0,45.89,0.07,0.05,1.75,1.41,0.0,,,,,,ItPsV_Leopard
j_10a,0.0,,,,,,242.0,62.4,1.28,1.68,0.09,0.14,0.0,,,,,,J-10A
j_10c,0.0,,,,,,38.0,100.0,4.26,3.69,3.6,2.64,0.0,,,,,,J-10C
j_11,0.0,,,,,,12.0,50.0,0.75,1.0,0.0,0.0,0.0,,,,,,J-11
j_11a,0.0,,,,,,10.0,50.0,2.5,5.0,0.0,0.0,0.0,,,,,,J-11A
j_11b,0.0,,,,,,10.0,100.0,2.33,2.33,0.67,0.67,0.0,,,,,,J-11B
j_15t,0.0,,,,,,122.0,83.87,4.07,4.19,0.59,0.59,15.0,,,1.0,,0.0,J-15T
mig-15bis_nr23_china,0.0,,,,,,0.0,,,,,,0.0,,,,,,J-2
j_22m1a,0.0,,,,,,502.0,61.86,0.05,0.1,2.74,5.0,0.0,,,,,,J-22M1A
mig-17_china,0.0,,,,,,10.0,100.0,4.0,4.0,1.0,1.0,0.0,,,,,,J-4
j_7_mk2,0.0,,,,,,0.0,,,,,,0.0,,,,,,J-7II
j_8b,0.0,,,,,,3.0,50.0,2.0,4.0,0.0,0.0,0.0,,,,,,J-8B
j_8f,0.0,,,,,,3.0,,,,,,0.0,,,,,,J-8F
fiat_cr42_j11,0.0,,,,,,0.0,,,,,,0.0,,,,,,J11
re_2000_j20,0.0,,,,,,0.0,,,,,,0.0,,,,,,J20
p-51b_7_sweden,0.0,,,,,,5.0,,,,,,0.0,,,,,,J26_David
saab_j29a,0.0,,,,,,90.0,27.78,1.19,2.09,0.05,1.46,0.0,,,,,,J29A
saab_j29d,0.0,,,,,,41.0,50.0,0.69,1.38,11.69,23.38,0.0,,,,,,J29D
saab_j29f,0.0,,,,,,1.0,,,,,,0.0,,,,,,J29F
j2m3,0.0,,,,,,213.0,50.66,0.67,0.81,0.15,0.16,0.0,,,,,,J2M3
j2m4_kai,0.0,,,,,,0.0,,,,,,0.0,,,,,,J2M4_Kai
j2m5,0.0,,,,,,9.0,,,,,,0.0,,,,,,J2M5
saab_j32b,0.0,,,,,,0.0,,,,,,0.0,,,,,,J32B
hunter_f50_sweden,0.0,,,,,,0.0,,,,,,14.0,,,0.0,,0.0,J34
saab_j35a,0.0,,,,,,73.0,58.7,1.91,2.87,0.14,0.21,50.0,,,3.61,,0.0,J35A
j5n1,0.0,,,,,,11.0,,,2.0,,0.0,0.0,,,,,,J5N1
j6k1,0.0,,,,,,22.0,100.0,2.39,1.74,2.06,3.02,9.0,,,1.0,,2.0,J6K1
j7w1,0.0,,,,,,444.0,80.08,0.75,0.7,2.36,2.23,0.0,,,,,,J7W1
j9_early,0.0,,,,,,31.0,50.0,0.88,1.0,0.0,0.0,0.0,,,,,,J9_Early
saab_ja37d,0.0,,,,,,36.0,50.0,1.29,1.79,0.25,0.25,0.0,,,,,,JA37D
saab_ja37di,0.0,,,,,,0.0,,,,,,0.0,,,,,,JA37DI
saab_ja37di_f21,0.0,,,,,,492.0,64.72,1.37,1.07,0.05,0.05,42.0,,,1.24,,0.0,JA37DI_F21
germ_jaguar_2,0.0,,,,,,46.0,0.0,0.0,0.0,0.5,0.5,0.0,,,,,,Jaguar_2
jaguar_a,0.0,,,,,,8.0,50.0,0.0,0.0,0.5,1.0,0.0,,,,,,Jaguar_A
jaguar_e,0.0,,,,,,7.0,,,,,,0.0,,,,,,Jaguar_E
jaguar_gr1,0.0,,,,,,28.0,0.0,2.0,2.0,4.0,4.0,0.0,,,,,,Jaguar_GR.1
jaguar_is,0.0,,,,,,113.0,44.84,0.39,0.5,0.55,0.76,6.0,50.0,0.5,1.0,1.0,1.2,Jaguar_IS
germ_sk105_a2,0.0,,,,,,38.0,,,0.0,,3.18,0.0,,,,,,JaPz.K_A2
saab_jas39a,0.0,,,,,,50.0,62.5,1.23,1.08,0.48,0.43,0.0,,,,,,JAS39A
saab_jas39c,0.0,,,,,,61.0,54.3,1.03,1.65,0.0,0.0,4.0,,,2.0,,1.0,JAS39C
saab_jas39c_thailand,0.0,,,,,,15.0,60.0,0.8,1.0,0.2,0.0,10.0,,,,,,JAS39C
saab_jas39e,0.0,,,,,,206.0,61.47,1.23,1.05,0.31,0.26,0.0,,,,,,JAS39E
javelin_fmk9,0.0,,,,,,262.0,53.06,1.03,1.59,0.38,0.54,0.0,,,,,,Javelin_F.(A.W.)_Mk.9
jf_17,0.0,,,,,,43.0,52.56,0.83,1.41,0.27,0.44,0.0,,,,,,JF-17
jh_7,0.0,,,,,,0.0,,,,,,0.0,,,,,,JH-7
jh_7a_prototype,0.0,,,,,,3.0,,,0.0,,1.0,0.0,,,,,,JH-7A_Prototype
jh_7a2,0.0,,,,,,0.0,,,,,,0.0,,,,,,JH-7A2
ju-188a-2,0.0,,,,,,16.0,100.0,3.0,6.0,0.5,1.0,0.0,,,,,,Ju_188_A-2
ju-288c,0.0,,,,,,38.0,,,0.0,,1.67,0.0,,,,,,Ju_288_C
ju-388j,0.0,,,,,,0.0,,,,,,0.0,,,,,,Ju_388_J
ju-87b-2,0.0,,,,,,37.0,68.52,1.3,1.0,0.56,0.41,0.0,,,,,,Ju_87_B-2
ju-87d-3,0.0,,,,,,36.0,50.0,0.0,0.0,0.5,1.0,0.0,,,,,,Ju_87_D-3
ju-87g_1,0.0,,,,,,13.0,,,0.0,,0.0,0.0,,,,,,Ju_87_G-1
ju-87g_2,0.0,,,,,,0.0,,,,,,0.0,,,,,,Ju_87_G-2
ju-87r-2,0.0,,,,,,16.0,,,,,,0.0,,,,,,Ju_87_R-2
ju-87r-2_italy,0.0,,,,,,2.0,33.33,0.0,0.0,0.0,0.0,0.0,,,,,,Ju_87_R-2
ju-87r-2_snake,0.0,,,,,,18.0,50.0,0.0,0.0,0.5,1.0,0.0,,,,,,Ju_87_R-2_Libya
ju-88a-1,0.0,,,,,,0.0,,,,,,0.0,,,,,,Ju_88_A-1
ju-88a-4_finland,0.0,,,,,,26.0,,,0.0,,1.3,0.0,,,,,,Ju_88_A-4
ju-88a-4,0.0,,,,,,0.0,,,,,,0.0,,,,,,Ju_88_A-4
ju-88c-6,0.0,,,,,,0.0,,,,,,0.0,,,,,,Ju_88_C-6
kfir_c2,0.0,,,,,,0.0,,,,,,0.0,,,,,,Kfir_C.2
kfir_c7,0.0,,,,,,0.0,,,,,,0.0,,,,,,Kfir_C.7
kfir_canard,0.0,,,,,,53.0,2.56,0.25,0.15,0.48,0.35,0.0,,,,,,Kfir_Canard
uk_khalid,0.0,,,,,,84.0,28.07,0.0,0.0,4.03,2.21,0.0,,,,,,Khalid
ussr_9p157,0.0,,,,,,214.0,47.85,0.0,0.0,1.59,1.4,0.0,,,,,,Khrizantema-S
ki_10_1_commander,0.0,,,,,,0.0,,,,,,0.0,,,,,,Ki-10-I_C
ki_10_2,0.0,,,,,,26.0,,,0.0,,0.0,0.0,,,,,,Ki-10-II
ki_10_2_commander,0.0,,,,,,0.0,,,,,,0.0,,,,,,Ki-10-II_C
ki_102_otsu,0.0,,,,,,0.0,,,,,,0.0,,,,,,Ki-102_otsu
ki_108,0.0,,,,,,4.0,,,,,,0.0,,,,,,Ki-108_Kai
ki_109,0.0,,,,,,0.0,,,,,,0.0,,,,,,Ki-109
j8m1,0.0,,,,,,23.0,,,,,,0.0,,,,,,Ki-200
ki_21_1hei,0.0,,,,,,0.0,,,,,,0.0,,,,,,Ki-21-I_hei
ki-27_otsu_ep,0.0,,,,,,0.0,,,,,,0.0,,,,,,Ki-27_otsu_Tachiarai
ki_43_2_late,0.0,,,,,,17.0,,,1.0,,1.4,0.0,,,,,,Ki-43-II
ki_44_1_ep,0.0,,,,,,8.0,,,1.0,,0.0,0.0,,,,,,Ki-44-I_34
ki_44_2_otsu,0.0,,,,,,14.0,100.0,0.0,0.0,2.0,1.0,0.0,,,,,,Ki-44-II_otsu
ki-45_hei,0.0,,,,,,0.0,,,,,,0.0,,,,,,Ki-45_hei
ki-45_otsu,0.0,,,,,,22.0,,,0.0,,0.0,0.0,,,,,,Ki-45_otsu
ki-45_tei,0.0,,,,,,0.0,,,,,,0.0,,,,,,Ki-45_tei
ki_48_2_otsu,0.0,,,,,,0.0,,,,,,0.0,,,,,,Ki-48-II_otsu
ki-49_1,0.0,,,,,,0.0,,,,,,0.0,,,,,,Ki-49-I
ki-49_2a,0.0,,,,,,0.0,,,,,,0.0,,,,,,Ki-49-IIa
ki-49_2b,0.0,,,,,,0.0,,,,,,0.0,,,,,,Ki-49-IIb
ki-49_2b_late,0.0,,,,,,0.0,,,,,,0.0,,,,,,Ki-49-IIb/L
ki_61_1a_otsu_usa,0.0,,,,,,0.0,,,,,,0.0,,,,,,Ki-61-Ib
ki-83,0.0,,,,,,10.0,,,1.9,,1.0,0.0,,,,,,Ki-83
ki_84_hei,0.0,,,,,,87.0,54.55,2.2,3.73,2.32,3.89,0.0,,,,,,Ki-84_hei
ki_84_otsu,0.0,,,,,,33.0,100.0,1.71,0.5,1.0,1.0,0.0,,,,,,Ki-84_otsu
ki_87,0.0,,,,,,0.0,,,,,,0.0,,,,,,Ki-87
ki_94_2,0.0,,,,,,1.0,,,0.0,,0.0,0.0,,,,,,Ki-94-II
ki-96,0.0,,,,,,8.0,100.0,0.14,0.14,1.0,1.0,0.0,,,,,,Ki-96
kitsuka,0.0,,,,,,203.0,84.62,1.23,1.67,2.06,2.63,0.0,,,,,,Kikka
kor_1,,,,,,,,,,,,,,,,,,,KOR-1
f-4e_iaf,0.0,,,,,,119.0,55.92,1.04,1.3,0.82,1.04,0.0,,,,,,Kurnass
f-4e_kurnass_2000,0.0,,,,,,0.0,,,,,,0.0,,,,,,Kurnass_2000
it_l3_cc,0.0,,,,,,0.0,,,,,,0.0,,,,,,L3/33_CC
it_l6,0.0,,,,,,0.0,,,,,,0.0,,,,,,L6/40
it_l6_leone,0.0,,,,,,0.0,,,,,,0.0,,,,,,L6/40_(31_Rgt.)
la-11,0.0,,,,,,0.0,,,,,,0.0,,,,,,La-11
la-15,0.0,,,,,,16.0,,,0.0,,0.0,0.0,,,,,,La-15
la_174,0.0,,,,,,0.0,,,,,,0.0,,,,,,La-174
la-5fn_luftwaffe,0.0,,,,,,20.0,,,1.0,,0.0,0.0,,,,,,La-5FN
lagg-3-4,0.0,,,,,,0.0,,,,,,0.0,,,,,,LaGG-3-4
lancaster_mk1,0.0,,,,,,21.0,50.0,0.0,0.0,0.0,0.0,0.0,,,,,,Lancaster_B_Mk_I
lancaster_mk3,0.0,,,,,,0.0,,,,,,0.0,,,,,,Lancaster_B_Mk_III
it_lancia3ro_100,0.0,,,,,,0.0,,,,,,0.0,,,,,,Lancia_3Ro_(100/17)
late_298d,0.0,,,,,,0.0,,,,,,0.0,,,,,,Late_298D
us_lav_ad,0.0,,,,,,841.0,52.26,0.34,0.34,0.43,0.41,0.0,,,,,,LAV-AD
fr_leclerc_azur,0.0,,,,,,127.0,79.03,0.0,0.0,4.12,2.07,0.0,,,,,,Leclerc_AZUR
fr_leclerc_sxxi,0.0,,,,,,310.0,58.55,0.0,0.0,3.36,2.43,0.0,,,,,,Leclerc_SXXI
leo_451_early,0.0,,,,,,0.0,,,,,,0.0,,,,,,LeO_451_early
leo_451_late,0.0,,,,,,0.0,,,,,,0.0,,,,,,LeO_451_late
germ_leopard_2av,0.0,,,,,,36.0,100.0,0.0,0.0,3.06,2.26,0.0,,,,,,Leopard_2AV
jp_leopard_2ri,0.0,,,,,,584.0,59.88,0.0,0.0,2.05,2.0,0.0,,,,,,Leopard_2RI
uk_vickers_mk_6_aa_mk_1,0.0,,,,,,0.0,,,,,,0.0,,,,,,Light_AA_Mk_I
lightning_f53,0.0,,,,,,19.0,,,,,,0.0,,,,,,Lightning_F.53
lincoln_b2,0.0,,,,,,16.0,100.0,3.5,7.0,0.0,0.0,0.0,,,,,,Lincoln_B_Mk_II
fr_lorraine_155,0.0,,,,,,0.0,,,,,,0.0,,,,,,Lorraine_155_Mle.50
fr_lorraine_37l,0.0,,,,,,0.0,,,,,,0.0,,,,,,Lorraine_37L
us_losat_ccv,0.0,,,,,,24.0,,,0.0,,0.55,0.0,,,,,,LOSAT
sw_lvrbv_701,0.0,,,,,,28.0,,,,,,0.0,,,,,,Lvrbv_701
us_lvt_a_4,0.0,,,,,,0.0,,,,,,0.0,,,,,,LVT(A)(4)
us_lvt_4_zis_2,0.0,,,,,,0.0,,,,,,0.0,,,,,,LVT(A)(4)_(ZIS-2)
fr_lvt_bofors,0.0,,,,,,9.0,100.0,0.0,0.0,2.0,2.0,0.0,,,,,,LVT-4/40
sw_tgdgb_m40_lv,0.0,,,,,,16.0,,,0.0,,1.0,0.0,,,,,,Lvtdgb_m/40
m_346fa,0.0,,,,,,42.0,50.0,1.0,2.0,0.05,0.1,0.0,,,,,,M-346FA
mb_151c1,0.0,,,,,,0.0,,,,,,0.0,,,,,,M.B.151C.1
mb_152c1,0.0,,,,,,0.0,,,,,,0.0,,,,,,M.B.152C1
mb_162,0.0,,,,,,0.0,,,,,,0.0,,,,,,M.B.162
mb_174_a3,0.0,,,,,,0.0,,,,,,0.0,,,,,,M.B.174A-3
mb_175t,0.0,,,,,,0.0,,,,,,0.0,,,,,,M.B.175T
md_450b_barougan,0.0,,,,,,29.0,50.0,1.5,0.06,1.5,0.06,0.0,,,,,,M.D.450B_Barougan
md_450b_ouragan,0.0,,,,,,49.0,79.42,0.57,0.6,0.63,0.71,0.0,,,,,,M.D.450B_Ouragan
md_452_mystere_2a,0.0,,,,,,27.0,50.0,0.5,1.31,1.0,0.25,0.0,,,,,,M.D.452_IIA
md_452_mystere_2c_preproduction,0.0,,,,,,47.0,50.0,0.0,0.0,0.35,0.42,0.0,,,,,,M.D.452_IIC
ms_405c1,0.0,,,,,,0.0,,,,,,0.0,,,,,,M.S.405C1
ms_406c1,0.0,,,,,,0.0,,,,,,0.0,,,,,,M.S.406C1
fr_m10,0.0,,,,,,110.0,50.0,0.0,0.0,4.83,5.29,0.0,,,,,,M10_GMC
uk_m109a1,0.0,,,,,,38.0,100.0,0.0,0.0,1.0,1.36,0.0,,,,,,M109A1
germ_m109g,0.0,,,,,,132.0,45.42,0.05,0.03,1.27,0.89,0.0,,,,,,M109G
it_m109g,0.0,,,,,,21.0,20.0,0.0,0.0,0.8,0.94,0.0,,,,,,M109G
it_m113a1_tow,0.0,,,,,,31.0,50.0,0.0,0.0,1.0,1.17,0.0,,,,,,M113A1_(TOW)
us_halftrack_m13,0.0,,,,,,3.0,,,,,,0.0,,,,,,M13_MGMC
it_m13_40_serie_2,0.0,,,,,,0.0,,,,,,0.0,,,,,,M13/40_(II)
it_m13_40_serie_3,0.0,,,,,,0.0,,,,,,0.0,,,,,,M13/40_(III)
it_m14_41,0.0,,,,,,5.0,,,0.0,,4.0,0.0,,,,,,M14/41
it_m15_42,0.0,,,,,,5.0,,,0.0,,3.0,0.0,,,,,,M15/42
jp_halftrack_m16,0.0,,,,,,82.0,64.52,0.81,0.57,0.0,0.0,0.0,,,,,,M16_MGMC
us_halftrack_m16,0.0,,,,,,0.0,,,,,,0.0,,,,,,M16_MGMC
us_m163_vulcan,0.0,,,,,,487.0,38.5,0.53,0.51,0.14,0.14,0.0,,,,,,M163
jp_m163_vulcan,0.0,,,,,,317.0,77.21,1.0,1.03,0.24,0.25,0.0,,,,,,M163
jp_m19,0.0,,,,,,81.0,41.67,0.0,0.0,0.95,0.09,0.0,,,,,,M19A1
uk_m1a1_aim_abrams,0.0,,,,,,31.0,100.0,0.0,0.0,4.19,4.19,0.0,,,,,,M1A1
uk_m1a2_sep3_abrams,0.0,,,,,,656.0,62.76,0.0,0.0,2.58,2.22,0.0,,,,,,M1A2
us_m2_medium,0.0,,,,,,0.0,,,,,,0.0,,,,,,M2
us_m247,0.0,,,,,,352.0,42.29,1.28,1.08,0.3,0.27,0.0,,,,,,M247
us_m2a2,0.0,,,,,,0.0,,,,,,0.0,,,,,,M2A2
ussr_m3c,0.0,,,,,,0.0,,,,,,0.0,,,,,,M3_Medium
us_m3a1_stuart_usmc,0.0,,,,,,0.0,,,,,,0.0,,,,,,M3A1_(USMC)
it_m3a3_stuart,0.0,,,,,,0.0,,,,,,0.0,,,,,,M3A3
us_m4a2_1944_germ,0.0,,,,,,0.0,,,,,,0.0,,,,,,M4_748_(a)
fr_m44,0.0,,,,,,63.0,100.0,0.0,0.0,1.6,1.72,0.0,,,,,,M44
it_m44,0.0,,,,,,76.0,54.41,0.0,0.0,1.54,1.86,0.0,,,,,,M44
uk_m44,0.0,,,,,,31.0,50.0,0.0,0.0,0.0,0.0,0.0,,,,,,M44
fr_m46_patton,0.0,,,,,,55.0,28.13,0.0,0.0,2.19,1.87,0.0,,,,,,M46
us_m47_patton_II,0.0,,,,,,377.0,56.81,0.0,0.0,1.69,1.43,0.0,,,,,,M47
it_m47_105,0.0,,,,,,70.0,57.25,0.0,0.0,2.24,2.6,0.0,,,,,,M47_(105/55)
germ_mkpz_super_m48,0.0,,,,,,141.0,43.89,0.0,0.0,2.6,3.24,0.0,,,,,,M48_Super
us_m4a2_1944,,,,,,,,,,,,,,,,,,,M4A2_(1944)
fr_m4a3e2_sherman_jumbo,0.0,,,,,,58.0,78.26,0.0,0.0,3.07,2.79,0.0,,,,,,M4A3E2
fr_m4a4_cn_75_50,0.0,,,,,,153.0,62.69,0.0,0.0,1.58,2.03,0.0,,,,,,M4A4_(SA50)
us_m4a5_ram_2,0.0,,,,,,0.0,,,,,,0.0,,,,,,M4A5
it_m55,0.0,,,,,,23.0,,,0.0,,1.0,26.0,,,,,,M55
us_m5a1_stuart_td,0.0,,,,,,0.0,,,,,,0.0,,,,,,M5A1_TD
us_m60a1_rise_mod,0.0,,,,,,116.0,46.44,0.0,0.0,2.29,1.96,0.0,,,,,,M60A1_Predator
us_m728,0.0,,,,,,0.0,,,,,,0.0,,,,,,M728_CEV
us_m8_greyhound,0.0,,,,,,19.0,,,0.0,,1.53,0.0,,,,,,M8_LAC
us_magach_3,0.0,,,,,,0.0,,,,,,0.0,,,,,,Magach_3_(ERA)
il_magach_3,0.0,,,,,,9.0,,,0.0,,1.0,0.0,,,,,,Magach_3_(ERA)
il_magach_6a,0.0,,,,,,28.0,46.43,0.0,0.0,1.14,1.11,0.0,,,,,,Magach_6A
il_magach_6m,0.0,,,,,,9.0,52.78,0.0,0.0,0.53,1.25,0.0,,,,,,Magach_6M
il_magach_6r,0.0,,,,,,57.0,49.02,0.0,0.0,1.61,2.06,0.0,,,,,,Magach_6R
fiat_cr42_marcolin,0.0,,,,,,0.0,,,,,,0.0,,,,,,Marcolin's_C.R.42_CN
fiat_cr42_marcolin_italy,0.0,,,,,,0.0,,,,,,0.0,,,,,,Marcolin's_C.R.42_CN
uk_mark_v,0.0,,,,,,0.0,,,,,,0.0,,,,,,Mark_V
fr_mars_15,0.0,,,,,,37.0,47.39,0.0,0.0,1.5,2.39,0.0,,,,,,MARS_15
martin_139wc,0.0,,,,,,0.0,,,,,,0.0,,,,,,Martin_139WC
f4f-4_martlet_mk4,0.0,,,,,,9.0,,,,,,0.0,,,,,,Martlet_Mk_IV
uk_a_12_mk_2_matilda_2,0.0,,,,,,0.0,,,,,,0.0,,,,,,Matilda_III
mb_326b,0.0,,,,,,53.0,100.0,0.09,0.0,4.94,14.65,44.0,61.9,0.38,0.78,2.57,4.7,MB-326B
mb_5,0.0,,,,,,50.0,83.45,2.62,4.33,1.58,2.33,0.0,,,,,,MB.5
mbr-2,0.0,,,,,,0.0,,,,,,0.0,,,,,,MBR-2-M-34
me-163b,0.0,,,,,,18.0,,,,,,0.0,,,,,,Me_163_B
me-163b-0,0.0,,,,,,0.0,,,,,,0.0,,,,,,Me_163_B-0
me_210_v22_japan,0.0,,,,,,0.0,,,,,,0.0,,,,,,Me_210_V22
me-262a-1a,0.0,,,,,,14.0,50.0,0.0,0.0,0.0,0.0,0.0,,,,,,Me_262_A-1a
me-262a-1a_early,0.0,,,,,,25.0,,,,,,0.0,,,,,,Me_262_A-1a/Jabo
me-262a-2a,0.0,,,,,,63.0,88.61,2.78,5.18,0.52,2.18,0.0,,,,,,Me_262_A-2a
me-262c-1a,0.0,,,,,,0.0,,,,,,0.0,,,,,,Me_262_C-1a
me-262c-2b,0.0,,,,,,11.0,,,,,,0.0,,,,,,Me_262_C-2b
me-410a-1_u4,0.0,,,,,,32.0,0.0,0.0,0.0,1.45,1.45,0.0,,,,,,Me_410_A-1/U4
us_merkava_mk_1,0.0,,,,,,40.0,50.0,0.0,0.0,1.93,1.98,0.0,,,,,,Merkava_Mk.1
us_merkava_mk_2b_late,0.0,,,,,,20.0,26.67,0.0,0.0,1.3,1.75,0.0,,,,,,Merkava_Mk.2B
us_merkava_mk_3d,0.0,,,,,,15.0,,,,,,0.0,,,,,,Merkava_Mk.3D
il_merkava_mk_4m,0.0,,,,,,615.0,84.75,0.09,0.09,6.03,6.28,0.0,,,,,,Merkava_Mk.4M
meteor_fmk3,0.0,,,,,,80.0,64.1,0.44,0.71,1.18,1.87,0.0,,,,,,Meteor_F_Mk_3
meteor_fmk4_lw,0.0,,,,,,52.0,94.0,0.88,0.77,1.42,1.54,0.0,,,,,,Meteor_F_Mk_4_G.41F
meteor_fmk4_sw,0.0,,,,,,0.0,,,,,,0.0,,,,,,Meteor_F_Mk_4_G.41G
meteor_fmk8,0.0,,,,,,4.0,100.0,0.0,0.0,0.0,0.0,0.0,,,,,,Meteor_F_Mk_8_G.41K
meteor_fmk8_belgium,0.0,,,,,,20.0,100.0,2.55,2.55,1.0,1.0,0.0,,,,,,Meteor_F_Mk.8
meteor_fmk8_reaper,0.0,,,,,,10.0,66.67,2.23,3.33,2.1,3.17,0.0,,,,,,Meteor_F_Mk.8_Reaper
me_210a_1,0.0,,,,,,22.0,100.0,2.0,0.0,0.0,0.0,0.0,,,,,,Me_210_A-1
mig-15_ns23,0.0,,,,,,100.0,89.58,3.29,2.21,0.18,0.24,0.0,,,,,,MiG-15
mig-15,0.0,,,,,,96.0,36.02,1.64,1.31,0.77,0.56,0.0,,,,,,MiG-15bis
mig-15bis_ish,0.0,,,,,,201.0,71.98,0.21,0.21,2.24,2.35,0.0,,,,,,MiG-15bis_ISH
mig-21_bison,0.0,,,,,,290.0,73.14,2.06,1.46,0.0,0.0,1.0,,,1.0,,0.0,MiG-21_Bison
mig-21_pfm,0.0,,,,,,11.0,50.0,0.0,0.0,0.0,0.0,0.0,,,,,,MiG-21PFM
mig_29_9_12_sniper,0.0,,,,,,433.0,55.47,1.57,1.63,0.12,0.13,12.0,,,2.0,,0.0,MiG-29_Sniper
mig_29n,0.0,,,,,,22.0,18.18,1.18,1.09,0.0,0.0,0.0,,,,,,MiG-29N
mig-9,0.0,,,,,,85.0,22.62,1.7,2.25,0.25,0.25,0.0,,,,,,MiG-9
mig-9_ussr,0.0,,,,,,12.0,,,1.0,,0.0,0.0,,,,,,MiG-9_(l)
mirage_milan,0.0,,,,,,10.0,100.0,1.0,,1.2,,0.0,,,,,,Milan
mirage_2000_5f,0.0,,,,,,190.0,55.91,1.59,1.35,0.28,0.25,0.0,,,,,,Mirage_2000-5F
mirage_2000c_s4,0.0,,,,,,297.0,66.34,3.33,8.64,0.12,0.19,0.0,,,,,,Mirage_2000C-S4
mirage_2000c_s5,0.0,,,,,,100.0,50.83,1.85,2.92,0.14,0.25,0.0,,,,,,Mirage_2000C-S5
mirage_2000d_r1,0.0,,,,,,0.0,,,,,,0.0,,,,,,Mirage_2000D-R1
mirage_2000d_rmv,0.0,,,,,,7.0,,,,,,0.0,,,,,,Mirage_2000D-RMV
mirage_4000,0.0,,,,,,87.0,83.33,2.05,1.57,0.0,0.0,18.0,,,1.0,,0.0,Mirage_4000
mirage_5ba,0.0,,,,,,22.0,,,,,,0.0,,,,,,Mirage_5BA
mirage_5f,0.0,,,,,,22.0,50.0,0.5,1.0,0.0,0.0,0.0,,,,,,Mirage_5F
mirage_f1c,0.0,,,,,,0.0,,,,,,0.0,,,,,,Mirage_F1C
mirage_f1c_200,0.0,,,,,,701.0,53.91,0.87,0.95,0.13,0.15,60.0,,,2.65,,0.0,Mirage_F1C-200
mirage_f1ct,0.0,,,,,,0.0,,,,,,5.0,,,1.0,,0.0,Mirage_F1CT
mirage_3c,0.0,,,,,,18.0,50.0,1.22,2.44,0.0,0.0,0.0,,,,,,Mirage_IIIC
mirage_3e,0.0,,,,,,52.0,81.82,1.27,1.26,0.0,0.0,0.0,,,,,,Mirage_IIIE
ussr_a_12_mk_2_matilda_2A_F96,0.0,,,,,,0.0,,,,,,0.0,,,,,,MK-II_«Matilda»
germ_mkpz_m47,0.0,,,,,,0.0,,,,,,0.0,,,,,,mKPz_M47_G
mosquito_fb_mk18,0.0,,,,,,0.0,,,,,,0.0,,,,,,Mosquito_FB_Mk_XVIII
mosquito_b_mk16,0.0,,,,,,1.0,,,,,,0.0,,,,,,Mosquito_B.Mk.XVI
p-51b,0.0,,,,,,101.0,79.57,1.58,1.96,0.91,1.14,19.0,,,5.2,,1.0,Mustang_Mk_IA
md_454_mystere_4a,0.0,,,,,,0.0,,,,,,0.0,,,,,,Mystere_IVA
nc_223_3,0.0,,,,,,0.0,,,,,,0.0,,,,,,N.C.223.3
n1k1_kyuofu,0.0,,,,,,3.0,,,,,,0.0,,,,,,N1K1
n1k2_j,0.0,,,,,,1.0,,,0.0,,1.0,0.0,,,,,,N1K2-J
il_namer_rcws_30,0.0,,,,,,330.0,57.89,0.05,0.08,1.2,1.31,0.0,,,,,,Namer_30
il_namer_tsrikhon,0.0,,,,,,71.0,62.75,0.0,0.0,1.79,2.88,0.0,,,,,,Namer_Tsrikhon
sw_nasams_fcs,0.0,,,,,,31.0,53.13,1.41,1.7,0.0,0.0,0.0,,,,,,NASAMS_3_(СОЦ)
us_nasams_fcs,0.0,,,,,,391.0,68.51,1.23,1.28,0.0,0.0,0.0,,,,,,NASAMS_3_(СОЦ)
germ_panzerjager_nashorn,0.0,,,,,,168.0,36.75,0.0,0.0,1.93,2.11,0.0,,,,,,Nashorn
fw-190a-8_france,0.0,,,,,,0.0,,,,,,0.0,,,,,,NC.900
nesher,0.0,,,,,,0.0,,,,,,0.0,,,,,,Nesher
f_16a_block_10_iaf,0.0,,,,,,3.0,,,1.0,,1.0,0.0,,,,,,Netz
f_16a_block_10_netz_mod,0.0,,,,,,68.0,54.29,2.02,2.78,0.34,0.37,6.0,,,0.0,,4.0,Netz_(Mod)
nimrod_mk1,0.0,,,,,,0.0,,,,,,0.0,,,,,,Nimrod_Mk_I
nimrod_mk2,0.0,,,,,,0.0,,,,,,0.0,,,,,,Nimrod_Mk_II
sw_nomads,0.0,,,,,,0.0,,,,,,0.0,,,,,,NOMADS
ussr_object_140,0.0,,,,,,132.0,51.37,0.0,0.0,3.73,3.24,0.0,,,,,,Object_140
cn_object_211,0.0,,,,,,116.0,100.0,0.0,0.0,3.85,0.86,0.0,,,,,,Object_211
uk_olifant_mk_1a,0.0,,,,,,649.0,65.67,0.1,0.13,4.29,4.91,0.0,,,,,,Olifant_Mk.1A
uk_olifant_mk_2,0.0,,,,,,200.0,98.71,0.0,0.0,4.99,2.43,0.0,,,,,,Olifant_Mk.2
os2u_1,0.0,,,,,,0.0,,,,,,0.0,,,,,,OS2U-1
os2u_3,0.0,,,,,,0.0,,,,,,0.0,,,,,,OS2U-3
uk_9a33bm2,0.0,,,,,,11.0,0.0,1.0,1.0,0.0,0.0,0.0,,,,,,Osa-AK
it_9a33bm3,0.0,,,,,,0.0,,,,,,0.0,,,,,,Osa-AKM
it_otomatic,0.0,,,,,,50.0,100.0,1.04,1.09,1.16,1.23,0.0,,,,,,OTOMATIC
p-26a_34,0.0,,,,,,0.0,,,,,,0.0,,,,,,P-26A-34
p-26a_34_m2,0.0,,,,,,0.0,,,,,,0.0,,,,,,P-26A-34_M2
p-26b_35,0.0,,,,,,0.0,,,,,,0.0,,,,,,P-26B-35
p-38g,0.0,,,,,,0.0,,,,,,0.0,,,,,,P-38G-1
p-38k,0.0,,,,,,4.0,,,,,,0.0,,,,,,P-38K
p-39k_1,0.0,,,,,,0.0,,,,,,0.0,,,,,,P-39K-1
p-39q_15,0.0,,,,,,0.0,,,,,,0.0,,,,,,P-39Q-15
p-39q_5,0.0,,,,,,67.0,100.0,1.36,1.36,1.46,1.46,0.0,,,,,,P-39Q-5
p-40c,0.0,,,,,,0.0,,,,,,0.0,,,,,,P-40C
p-40e_td,0.0,,,,,,7.0,100.0,1.0,1.0,1.0,1.0,0.0,,,,,,P-40E-1_TD
p-43a-1,0.0,,,,,,0.0,,,,,,0.0,,,,,,P-43A-1
p-47d_luftwaffe,0.0,,,,,,11.0,,,,,,0.0,,,,,,P-47D
p-47m-1-re,0.0,,,,,,125.0,71.61,0.72,1.0,1.46,2.08,0.0,,,,,,P-47M-1-RE
p-51a_tl,0.0,,,,,,29.0,,,0.77,,0.23,0.0,,,,,,P-51A
p-51c-11-nt_japan,0.0,,,,,,2.0,100.0,6.0,,2.0,,0.0,,,,,,P-51C-11-NT
p-59a,0.0,,,,,,22.0,100.0,2.0,1.75,0.0,0.0,0.0,,,,,,P-59A
p-61a_1,0.0,,,,,,45.0,100.0,1.0,0.3,2.29,0.96,14.0,100.0,0.0,,2.0,,P-61A-11
p-66,0.0,,,,,,0.0,,,,,,0.0,,,,,,P-66
p_108b_serie1,0.0,,,,,,0.0,,,,,,0.0,,,,,,P.108B_serie_1
p_108b_serie2,0.0,,,,,,0.0,,,,,,0.0,,,,,,P.108B_serie_2
fr_citroen_kegresse_p4t,0.0,,,,,,0.0,,,,,,0.0,,,,,,P.7.T_AA
p1y1_mod11,0.0,,,,,,0.0,,,,,,0.0,,,,,,P1Y1_mod._11
d_510,0.0,,,,,,0.0,,,,,,0.0,,,,,,Pallier's_D.510
it_palmaria,2.0,0.0,0.0,0.0,2.0,2.0,89.0,50.0,0.0,0.0,2.13,2.65,0.0,,,,,,Palmaria
ussr_pantsyr_s1,0.0,,,,,,656.0,29.18,1.3,0.91,0.06,0.06,0.0,,,,,,Pantsir-S1
pb4y-2_france,0.0,,,,,,0.0,,,,,,0.0,,,,,,PB4Y-2
pbj_1h,0.0,,,,,,0.0,,,,,,0.0,,,,,,PBJ-1H
pbj_1j,0.0,,,,,,0.0,,,,,,0.0,,,,,,PBJ-1J
pbm_1,0.0,,,,,,0.0,,,,,,0.0,,,,,,"PBM-1_""Mariner"""
pbm_3,0.0,,,,,,0.0,,,,,,0.0,,,,,,"PBM-3_""Mariner"""
pbm_5a,0.0,,,,,,0.0,,,,,,0.0,,,,,,"PBM-5A_""Mariner"""
sw_pbv_301,0.0,,,,,,3.0,,,0.0,,0.0,0.0,,,,,,Pbv_301
sw_pbv_302_bill,0.0,,,,,,70.0,18.84,0.0,0.0,0.5,0.4,0.0,,,,,,Pbv_302_(BILL)
pby-5,0.0,,,,,,0.0,,,,,,0.0,,,,,,PBY-5_Catalina
pby-5a,0.0,,,,,,0.0,,,,,,0.0,,,,,,PBY-5A_Catalina
pby-5a_ussr,0.0,,,,,,0.0,,,,,,0.0,,,,,,PBY-5A_Catalina
pby-5a_late_france,0.0,,,,,,0.0,,,,,,0.0,,,,,,PBY-5A_Late
pe-2-205,0.0,,,,,,0.0,,,,,,0.0,,,,,,Pe-2-205
cn_pgz_04a,0.0,,,,,,101.0,59.33,0.39,0.36,0.21,0.21,0.0,,,,,,PGZ04A
cn_pgz_09,0.0,,,,,,195.0,69.42,0.46,0.43,0.66,0.61,0.0,,,,,,PGZ09
ussr_type_65_aa,0.0,,,,,,10.0,,,,,,0.0,,,,,,Phòng_không_T-34
cn_plz_83,0.0,,,,,,12.0,0.0,0.0,0.0,1.0,0.25,0.0,,,,,,PLZ83
cn_plz_83_130,0.0,,,,,,36.0,90.0,0.1,0.03,2.3,1.81,0.0,,,,,,PLZ83-130
po-2,0.0,,,,,,0.0,,,,,,0.0,,,,,,Po-2
po-2_nw,,,,,,,,,,,,,,,,,,,Po-2_Night_Witch
po-2m,0.0,,,,,,0.0,,,,,,0.0,,,,,,Po-2M
potez_630,0.0,,,,,,0.0,,,,,,0.0,,,,,,Potez_630
potez_631,0.0,,,,,,1.0,,,0.0,,1.0,0.0,,,,,,Potez_631
potez_633,0.0,,,,,,0.0,,,,,,0.0,,,,,,Potez_633
cn_ptl_02,0.0,,,,,,241.0,57.41,0.0,0.0,2.38,1.12,5.0,100.0,0.0,,1.0,,PTL02
germ_schutzenpanzer_puma,0.0,,,,,,356.0,49.98,0.05,0.05,1.5,0.93,0.0,,,,,,PUMA
germ_schutzenpanzer_puma_vjtf_mod,0.0,,,,,,88.0,,,0.0,,0.73,0.0,,,,,,Puma_u14
germ_schutzenpanzer_puma_vjtf,0.0,,,,,,680.0,43.27,0.0,0.0,0.75,0.67,0.0,,,,,,PUMA_VJTF
pv_2d,0.0,,,,,,40.0,33.33,0.7,1.0,2.7,4.0,0.0,,,,,,PV-2D
sw_pvlvv_fm42,0.0,,,,,,9.0,,,,,,0.0,,,,,,Pvlvv_fm/42
germ_pzkpfw_II_ausf_C_td,0.0,,,,,,0.0,,,,,,0.0,,,,,,Pz.II_C_TD
germ_pzkpfw_III_ausf_J_td,0.0,,,,,,0.0,,,,,,0.0,,,,,,Pz.III_J1_TD
it_pzkpfw_III_ausf_N,0.0,,,,,,9.0,,,0.0,,2.0,0.0,,,,,,Pz.III_N
germ_pzkpfw_III_ausf_L,0.0,,,,,,44.0,,,0.0,,2.19,0.0,,,,,,Pz.III_L
germ_pzkpfw_II_ausf_F,0.0,,,,,,12.0,,,0.0,,0.58,0.0,,,,,,Pz.II_F
germ_pzkpfw_II_ausf_C_DAK,0.0,,,,,,14.0,100.0,0.0,0.0,6.45,6.0,0.0,,,,,,Pz.II_С_(DAK)
germ_amd_35_kwk39,0.0,,,,,,49.0,0.0,0.0,0.0,5.15,1.14,0.0,,,,,,Pz.Sp.Wg.P204(f)_PaK
q_5_early,0.0,,,,,,0.0,,,,,,0.0,,,,,,Q-5_early
q_5a,0.0,,,,,,26.0,100.0,0.0,0.0,1.0,1.0,0.0,,,,,,Q-5A
q_5l,0.0,,,,,,0.0,,,,,,0.0,,,,,,Q-5L
uk_ram_90mm_aa,0.0,,,,,,142.0,72.6,0.0,0.0,5.53,4.59,5.0,,,0.0,,1.0,QF_3.7_Ram
quing_6,0.0,,,,,,0.0,,,,,,0.0,,,,,,Qing-6
cn_qn506,0.0,,,,,,28.0,69.23,0.0,0.0,0.88,1.5,0.0,,,,,,QN506
fr_renault_r39,0.0,,,,,,0.0,,,,,,0.0,,,,,,R.35_(SA38)
r2y2_v1,0.0,,,,,,0.0,,,,,,0.0,,,,,,R2Y2_Kai_V1
r2y2_v2,0.0,,,,,,9.0,100.0,1.0,1.0,1.11,1.11,0.0,,,,,,R2Y2_Kai_V2
r2y2_kai,0.0,,,,,,26.0,90.0,0.4,0.3,1.5,1.33,0.0,,,,,,R2Y2_Kai_V3
it_oto_r3_106sr,0.0,,,,,,145.0,58.44,0.0,0.0,1.66,1.6,0.0,,,,,,R3_T106_FA
it_oto_r3_t20_fa,0.0,,,,,,171.0,66.67,0.24,0.21,0.34,0.2,0.0,,,,,,R3_T20_FA-HS
germ_th_400,0.0,,,,,,140.0,32.75,0.0,0.0,1.43,0.79,0.0,,,,,,R400
rafale_c_f3,0.0,,,,,,213.0,65.56,2.09,2.95,0.92,1.04,7.0,,,0.0,,0.0,Rafale_C_F3
rafale_m_f3r,0.0,,,,,,80.0,37.78,1.79,2.23,0.24,0.43,0.0,,,,,,Rafale_M_F3-R
germ_raketenjagdpanzer_2_hot,0.0,,,,,,122.0,43.82,0.0,0.0,0.36,0.25,0.0,,,,,,RakJPz_2_(HOT)
uk_tracked_rapier,0.0,,,,,,88.0,44.74,3.23,4.37,0.0,0.0,0.0,,,,,,Rapier
p-36a_rasmussen,0.0,,,,,,0.0,,,,,,0.0,,,,,,Rasmussen's_P-36A
uk_ratel_20,0.0,,,,,,52.0,100.0,0.0,0.0,1.0,0.45,0.0,,,,,,Ratel_20
uk_ratel_90,0.0,,,,,,111.0,89.93,0.0,0.0,3.86,2.37,0.0,,,,,,Ratel_90
re_2000_int,0.0,,,,,,0.0,,,,,,0.0,,,,,,Re.2000_serie_1
re_2001_cb,0.0,,,,,,0.0,,,,,,0.0,,,,,,Re.2001_CB
re_2001_serie1_ep,0.0,,,,,,0.0,,,,,,0.0,,,,,,Re.2001_gruppo_22
re_2001_serie1,0.0,,,,,,11.0,,,0.0,,0.0,0.0,,,,,,Re.2001_serie_1
re_2005_vdm,0.0,,,,,,32.0,100.0,1.71,1.6,3.5,3.4,0.0,,,,,,Re.2005_(VDM)
re_2005_serie0,0.0,,,,,,28.0,100.0,1.0,0.17,5.0,2.17,0.0,,,,,,Re.2005_serie_0
jp_type_95_heavy,0.0,,,,,,0.0,,,,,,0.0,,,,,,Ro-Go
jp_hiro_sha,0.0,,,,,,9.0,,,0.0,,1.0,0.0,,,,,,Ro-Go_Exp.
ro_43,,,,,,,,,,,,,,,,,,,Ro.43
ro_44,0.0,,,,,,0.0,,,,,,0.0,,,,,,Ro.44
ro_57_quadriarma,0.0,,,,,,36.0,66.67,0.3,0.5,1.3,2.0,0.0,,,,,,Ro.57_Quadriarma
fr_amx_30_roland,0.0,,,,,,73.0,16.67,1.46,1.55,0.0,0.0,0.0,,,,,,Roland_1
uk_rooikat_105_td,0.0,,,,,,253.0,54.66,0.0,0.0,2.57,1.95,0.0,,,,,,Rooikat_105
uk_rooikat_76,0.0,,,,,,128.0,86.62,0.0,0.0,2.81,1.33,0.0,,,,,,Rooikat_Mk.1D
uk_rooikat_mttd,0.0,,,,,,204.0,64.91,0.0,0.0,2.57,2.31,0.0,,,,,,Rooikat_MTTD
s_81_ar125,0.0,,,,,,0.0,,,,,,0.0,,,,,,S.81
sm_79_1941,0.0,,,,,,0.0,,,,,,0.0,,,,,,S.M.79_AS
sm_79_iar,0.0,,,,,,0.0,,,,,,0.0,,,,,,S.M.79_B
sm_79_iar_italy,0.0,,,,,,0.0,,,,,,0.0,,,,,,S.M.79_B
sm_79_1942,0.0,,,,,,0.0,,,,,,0.0,,,,,,S.M.79_bis/N
sm_79_1943,0.0,,,,,,0.0,,,,,,0.0,,,,,,S.M.79_bis/T.M
sm_79_1936,0.0,,,,,,0.0,,,,,,0.0,,,,,,S.M.79_serie_1
sm_79_1936_italy,0.0,,,,,,0.0,,,,,,0.0,,,,,,S.M.79_serie_1
sm_79_1937,0.0,,,,,,0.0,,,,,,0.0,,,,,,S.M.79_serie_4
sm_79_1939,0.0,,,,,,0.0,,,,,,0.0,,,,,,S.M.79_serie_8
so_4050_vautour_2a,0.0,,,,,,0.0,,,,,,0.0,,,,,,S.O.4050_Vautour_IIA
so_4050_vautour_2b,0.0,,,,,,0.0,,,,,,0.0,,,,,,S.O.4050_Vautour_IIB
so_4050_vautour_2n,0.0,,,,,,13.0,100.0,0.0,0.0,1.0,1.0,0.0,,,,,,S.O.4050_Vautour_IIN
so_4050_vautour_2n_late,0.0,,,,,,111.0,55.33,1.81,2.27,0.68,0.79,0.0,,,,,,S.O.4050_Vautour_IIN_(late)
so_8000_narval,0.0,,,,,,0.0,,,,,,0.0,,,,,,S.O.8000_Narval
saab_b17bs,0.0,,,,,,0.0,,,,,,0.0,,,,,,S17BS
md_460_saar,0.0,,,,,,17.0,100.0,1.0,1.0,0.0,0.0,0.0,,,,,,Sa'ar
saab_f35_wdns,0.0,,,,,,5.0,,,0.0,,0.0,0.0,,,,,,Saab_F-35
saab_j35xs,0.0,,,,,,321.0,58.4,2.24,2.97,4.01,5.24,0.0,,,,,,Saab_J35XS
saab_105g,0.0,,,,,,131.0,69.19,0.84,0.56,6.16,4.66,0.0,,,,,,SAAB-105G
saab_105oe,0.0,,,,,,0.0,,,,,,0.0,,,,,,SAAB-105OE
sagittario_2,0.0,,,,,,0.0,,,,,,0.0,,,,,,Sagittario_2
md_460_sambad,0.0,,,,,,0.0,,,,,,0.0,,,,,,Sambad
fr_vab_santal,0.0,,,,,,87.0,0.0,2.5,0.9,0.0,0.0,0.0,,,,,,SANTAL
uk_marmon_herrington_mk_6_2pdr,0.0,,,,,,89.0,61.77,0.0,0.0,1.19,0.86,0.0,,,,,,SARC_MkVI_(2pdr)
uk_marmon_herrington_mk_6_6pdr,0.0,,,,,,84.0,52.17,0.0,0.0,1.43,2.32,0.0,,,,,,SARC_MkVI_(6pdr)
fr_somua_sau40,0.0,,,,,,0.0,,,,,,0.0,,,,,,SAu_40
sb_2m_100,0.0,,,,,,0.0,,,,,,0.0,,,,,,SB_2M-100
sb_2m_103_mv3,0.0,,,,,,0.0,,,,,,0.0,,,,,,SB_2M-103_MV-3
sb_2m_103u,0.0,,,,,,0.0,,,,,,0.0,,,,,,SB_2M-103U
sb_2m_103u_mv3,0.0,,,,,,0.0,,,,,,0.0,,,,,,SB_2M-103U_MV-3
sb2u-2,0.0,,,,,,0.0,,,,,,0.0,,,,,,SB2U-2
sb2u-3,0.0,,,,,,15.0,,,,,,0.0,,,,,,SB2U-3
scimitar_f1,0.0,,,,,,3.0,,,,,,0.0,,,,,,Scimitar_F_Mk.1
uk_fv107_scimitar_mk2,0.0,,,,,,56.0,50.0,0.0,0.0,4.0,0.84,0.0,,,,,,Scimitar_Mk.2
germ_sdkfz_221_s_pz_b_41,0.0,,,,,,3.0,,,0.0,,1.67,0.0,,,,,,Sd.Kfz.221_(s.Pz.B.41)
germ_sdkfz_234_2_mod,0.0,,,,,,99.0,67.39,0.0,0.0,2.85,1.09,0.0,,,,,,"Sd.Kfz.234/2_""Biene"""
germ_sdkfz_234_2_td,0.0,,,,,,70.0,47.44,0.0,0.0,0.82,0.87,0.0,,,,,,Sd.Kfz.234/2_TD
germ_sdkfz_234_3,0.0,,,,,,52.0,24.73,0.0,0.0,2.58,2.58,0.0,,,,,,Sd.Kfz.234/3
germ_sdkfz_234_4,0.0,,,,,,170.0,53.12,0.0,0.0,3.3,2.51,13.0,,,,,,Sd.Kfz.234/4
germ_sdkfz_251_10,0.0,,,,,,0.0,,,,,,0.0,,,,,,Sd.Kfz.251/10
germ_sdkfz_251_21,0.0,,,,,,98.0,15.18,0.5,0.46,0.51,0.46,0.0,,,,,,Sd.Kfz.251/21
gladiator_mk2_navy,0.0,,,,,,0.0,,,,,,0.0,,,,,,Sea_Gladiator_Mk_I
harrier_frs1_early,0.0,,,,,,16.0,100.0,2.0,2.0,0.0,0.0,0.0,,,,,,Sea_Harrier_FRS.1_(e)
sea_hawk_fga6,0.0,,,,,,46.0,72.23,0.25,0.42,1.42,2.0,0.0,,,,,,Sea_Hawk_FGA.6
sea_hawk_fga50_netherlands,0.0,,,,,,42.0,82.14,1.21,1.69,3.68,4.69,17.0,,,,,,Sea_Hawk_Mk.50
hurricane_mk1b,0.0,,,,,,0.0,,,,,,0.0,,,,,,Sea_Hurricane_Mk_IB
meteor_fmk3_navy,0.0,,,,,,132.0,60.59,0.81,1.36,0.69,1.1,0.0,,,,,,Sea_Meteor_F_Mk_3
sea_venom_faw20,0.0,,,,,,0.0,,,,,,0.0,,,,,,Sea_Venom_FAW_20
dh_110_sea_vixen,0.0,,,,,,44.0,50.0,1.5,1.98,0.0,0.0,15.0,,,1.07,,0.0,Sea_Vixen_F.A.W._Mk.2
seafire_mk17,0.0,,,,,,3.0,,,2.0,,1.0,0.0,,,,,,Seafire_F_Mk_XVII
seafire_mk3,0.0,,,,,,0.0,,,,,,0.0,,,,,,Seafire_LF_Mk.III
shackleton_mr_mk_2,0.0,,,,,,0.0,,,,,,0.0,,,,,,Shackleton_MR.Mk.2
mirage_3cj,0.0,,,,,,18.0,100.0,2.56,2.56,1.0,1.0,0.0,,,,,,Shahak
uk_centurion_shot_kal_d,0.0,,,,,,0.0,,,,,,0.0,,,,,,Sho't_Kal_Dalet
ussr_9p149,0.0,,,,,,124.0,31.61,0.0,0.0,1.43,1.43,0.0,,,,,,Shturm-S
saab_sk60b,0.0,,,,,,178.0,23.92,0.83,0.46,2.02,1.37,0.0,,,,,,SK60B
uk_skink_aa,0.0,,,,,,57.0,65.38,1.08,0.33,0.35,0.3,0.0,,,,,,Skink
us_skink_aa_kit_3rank,0.0,,,,,,79.0,41.94,1.06,1.21,0.11,0.08,0.0,,,,,,Skink_(Hell)
soc_1,,,,,,,,,,,,,,,,,,,SOC-1
spitfire_mk14c,0.0,,,,,,22.0,89.47,1.05,1.14,0.42,0.38,0.0,,,,,,Spitfire_F_Mk_XIVc
spitfire_mk18e,0.0,,,,,,101.0,84.52,0.96,1.44,2.89,4.3,0.0,,,,,,Spitfire_F_Mk_XVIIIe
spitfire_ix_usa,0.0,,,,,,504.0,63.83,0.9,1.13,1.35,1.64,11.0,,,,,,Spitfire_LF_Mk_IXc
spitfiremkiia,0.0,,,,,,16.0,,,,,,0.0,,,,,,Spitfire_Mk_IIa
spitfire_ix_ussr,0.0,,,,,,28.0,100.0,3.0,,2.0,,0.0,,,,,,Spitfire_Mk_IXc
spitfire_mk5b_italy,0.0,,,,,,1.0,,,,,,14.0,,,,,,Spitfire_Mk_Vb/trop
spitfire_mk5b_float,0.0,,,,,,0.0,,,,,,0.0,,,,,,Spitfire_Mk.Vb_(Float)
il_spyder_aio,0.0,,,,,,97.0,75.6,1.04,1.64,0.0,0.0,0.0,,,,,,SPYDER
fr_saint_chamond,0.0,,,,,,0.0,,,,,,0.0,,,,,,St-Chamond
us_stingray,0.0,,,,,,997.0,56.38,0.0,0.0,2.01,1.49,0.0,,,,,,Stingray
jp_stingray,0.0,,,,,,289.0,57.25,0.0,0.0,2.1,2.06,0.0,,,,,,Stingray
stirling_mk1,0.0,,,,,,0.0,,,,,,0.0,,,,,,Stirling_B_Mk_I
stirling_mk3,0.0,,,,,,0.0,,,,,,0.0,,,,,,Stirling_B_Mk_III
uk_stormer_air_defence,0.0,,,,,,133.0,23.89,2.04,1.49,0.0,0.0,0.0,,,,,,Stormer_AD
uk_stormer_hvm,0.0,,,,,,57.0,44.64,0.45,0.21,0.0,0.0,0.0,,,,,,Stormer_HVM
strikemaster_mk88,0.0,,,,,,80.0,80.94,0.4,0.35,2.92,3.5,0.0,,,,,,Strikemaster_Mk.88
uk_fv102_striker,0.0,,,,,,15.0,,,0.0,,0.0,0.0,,,,,,Striker
sw_strv_103c,0.0,,,,,,136.0,46.5,0.0,0.0,0.76,1.11,0.0,,,,,,Strv_103С
sw_strv_105,0.0,,,,,,451.0,55.18,0.0,0.0,1.54,1.7,0.0,,,,,,Strv_105
sw_strv_81_rb52,0.0,,,,,,12.0,,,0.0,,0.0,0.0,,,,,,Strv_81_(RB_52)
uk_centurion_mk_3_ss11,0.0,,,,,,0.0,,,,,,0.0,,,,,,Strv_81_(RB_52)
sw_strv_m39_td,0.0,,,,,,0.0,,,,,,0.0,,,,,,Strv_m/39_TD
sw_strv_m41_s1,0.0,,,,,,0.0,,,,,,0.0,,,,,,Strv_m/41_S-I
uk_m3a1_stuart,0.0,,,,,,13.0,100.0,0.0,0.0,4.0,4.0,0.0,,,,,,Stuart_III
us_m5a1_stuart_canadian_5st_arm,0.0,,,,,,0.0,,,,,,0.0,,,,,,Stuart_VI_(5th_CAD)
germ_stug_III_ausf_A,0.0,,,,,,0.0,,,,,,0.0,,,,,,StuG_III_A
ussr_su_100Y,0.0,,,,,,30.0,50.0,0.0,0.0,1.5,1.5,0.0,,,,,,SU-100Y
su-11,0.0,,,,,,181.0,62.47,2.02,2.09,1.73,1.84,0.0,,,,,,Su-11
ussr_su_122P,0.0,,,,,,24.0,,,0.0,,2.89,0.0,,,,,,SU-122P
su_17m2,0.0,,,,,,21.0,100.0,0.0,0.0,1.0,1.0,0.0,,,,,,Su-17M2
su_22m3,0.0,,,,,,113.0,77.78,0.83,0.49,0.74,0.21,6.0,,,0.0,,0.0,Su-22M3
su_25sm3,0.0,,,,,,4.0,,,2.0,,0.0,12.0,,,0.0,,2.0,Su-25SM3
su_30mkm,0.0,,,,,,582.0,67.84,0.95,1.38,1.05,1.53,0.0,,,,,,Su-30MKM
ussr_su_5_1,0.0,,,,,,0.0,,,,,,0.0,,,,,,SU-5-1
ussr_su_57,0.0,,,,,,16.0,,,0.0,,0.38,0.0,,,,,,SU-57
su_6_single,0.0,,,,,,92.0,100.0,0.32,0.38,4.39,4.87,0.0,,,,,,Su-6
su-6_am42,0.0,,,,,,31.0,45.37,0.57,1.0,1.02,0.79,0.0,,,,,,Su-6_(AM-42)
ussr_su_76d,0.0,,,,,,0.0,,,,,,0.0,,,,,,SU-76D
ussr_su_76m_1943,0.0,,,,,,0.0,,,,,,0.0,,,,,,SU-76M
ussr_su_76m_5st_kav_corps,0.0,,,,,,0.0,,,,,,0.0,,,,,,SU-76M_(5th_Gv.Kav.Corps)
su-7bmk,0.0,,,,,,13.0,,,0.0,,0.0,0.0,,,,,,Su-7BMK
ussr_su_85a,0.0,,,,,,0.0,,,,,,0.0,,,,,,SU-85A
su-9,0.0,,,,,,156.0,60.08,0.34,0.35,0.22,0.23,0.0,,,,,,Su-9
sunderland_mk3a,0.0,,,,,,0.0,,,,,,0.0,,,,,,Sunderland_Mk_IIIa
sunderland_mk5,0.0,,,,,,0.0,,,,,,0.0,,,,,,Sunderland_Mk_V
super_etendard_97,0.0,,,,,,29.0,93.75,1.0,1.06,5.63,6.13,0.0,,,,,,Super_Etendard
md_460,0.0,,,,,,69.0,78.19,2.01,2.29,0.65,0.73,0.0,,,,,,Super_Mystere_B2
swift_f1,0.0,,,,,,93.0,76.88,1.57,1.17,0.09,0.1,0.0,,,,,,Swift_F.1
swift_f7,0.0,,,,,,0.0,,,,,,0.0,,,,,,Swift_F.7
uk_fv438_swingfire,0.0,,,,,,176.0,61.72,0.0,0.0,1.94,1.95,0.0,,,,,,Swingfire
swordfish_mk1,0.0,,,,,,0.0,,,,,,0.0,,,,,,Swordfish_Mk_I
swordfish_mk2,0.0,,,,,,0.0,,,,,,0.0,,,,,,Swordfish_Mk_II
sw_t_80u,0.0,,,,,,354.0,49.04,0.0,0.0,2.14,1.37,0.0,,,,,,T_80_U
ussr_t_10a,0.0,,,,,,102.0,59.89,0.0,0.0,2.3,2.74,0.0,,,,,,T-10A
ussr_t_126sp,0.0,,,,,,0.0,,,,,,0.0,,,,,,T-126
t2,0.0,,,,,,439.0,84.08,3.19,6.92,0.21,0.4,0.0,,,,,,T-2
t2_early,0.0,,,,,,34.0,71.43,0.43,0.61,0.0,0.0,0.0,,,,,,T-2_Early
cn_t_26_no531,0.0,,,,,,0.0,,,,,,0.0,,,,,,T-26_No.531
ussr_t_26E,0.0,,,,,,0.0,,,,,,0.0,,,,,,T-26E
ussr_t_34_1940_l_11,0.0,,,,,,0.0,,,,,,0.0,,,,,,T-34_(Prototype)
sw_t_50_fin,0.0,,,,,,0.0,,,,,,0.0,,,,,,T-50
ussr_t_70_1942,0.0,,,,,,0.0,,,,,,0.0,,,,,,T-70
sw_t_72m1,0.0,,,,,,739.0,53.85,0.0,0.0,1.98,1.89,0.0,,,,,,T-72M1
ussr_pzkpfw_III_ausf_J_L42,0.0,,,,,,11.0,100.0,0.0,0.0,2.27,2.27,0.0,,,,,,T-III
us_t114,0.0,,,,,,65.0,50.0,0.0,0.0,3.0,2.51,0.0,,,,,,T114
us_t28,0.0,,,,,,25.0,,,,,,0.0,,,,,,T28
us_t32,0.0,,,,,,227.0,23.72,0.0,0.0,7.17,2.44,0.0,,,,,,T32
us_t54e2,0.0,,,,,,23.0,,,0.0,,3.26,0.0,,,,,,T54E2
us_t77e1,0.0,,,,,,130.0,68.33,2.42,1.64,0.0,0.0,0.0,,,,,,T77E1
us_t95,0.0,,,,,,66.0,44.64,0.0,0.0,1.63,2.36,0.0,,,,,,T95
ta-152c,0.0,,,,,,3.0,100.0,1.0,1.0,1.0,1.0,0.0,,,,,,Ta_152_C-3
ta-152h-1,0.0,,,,,,80.0,53.33,2.2,4.06,0.56,1.08,0.0,,,,,,Ta_152_H-1
jp_type_98_ta_se,0.0,,,,,,56.0,100.0,0.37,0.14,2.3,1.37,0.0,,,,,,Ta-Se
germ_thyssen_henschel_tam_2c,0.0,,,,,,401.0,57.64,0.0,0.0,1.02,0.85,0.0,,,,,,TAM_2C
jp_type_81_tansam_launcher,,,,,,,,,,,,,,,,,,,Tan-SAM_Kai_(СОУ)
jp_type_81_tansam_fcs,0.0,,,,,,43.0,100.0,0.08,0.02,0.0,0.0,0.0,,,,,,Tan-SAM_Kai_(СОЦ)
tbd-1_1938,0.0,,,,,,0.0,,,,,,0.0,,,,,,TBD-1
tbf-1c,0.0,,,,,,0.0,,,,,,0.0,,,,,,TBF-1C
il_tcm_20,0.0,,,,,,12.0,0.0,0.0,0.0,0.0,0.0,0.0,,,,,,TCM-20
tempest_mkv_luftwaffe,0.0,,,,,,4.0,,,,,,0.0,,,,,,Tempest_Mk_V
tempest_mkv_vikkers,0.0,,,,,,0.0,,,,,,0.0,,,,,,Tempest_Mk_V_(Vickers_P)
f2a-1_thach,0.0,,,,,,0.0,,,,,,0.0,,,,,,Thach's_F2A-1
il_tiran_4,0.0,,,,,,42.0,50.0,0.0,0.0,1.0,0.81,0.0,,,,,,Tiran_4
ussr_to_55,0.0,,,,,,205.0,69.19,0.0,0.0,4.87,3.13,0.0,,,,,,TO-55
uk_tog_2,0.0,,,,,,35.0,50.0,0.0,0.0,2.59,3.88,0.0,,,,,,TOG_II
it_toldi_II_a,0.0,,,,,,0.0,,,,,,0.0,,,,,,Toldi_IIA
cn_tor_m1,0.0,,,,,,0.0,,,,,,0.0,,,,,,Tor-M1
tornado_adv,0.0,,,,,,4.0,83.33,1.0,1.33,0.0,0.0,0.0,,,,,,Tornado_ADV
tornado_ids_it,0.0,,,,,,0.0,,,,,,0.0,,,,,,Tornado_IDS
tornado_ids_it_mod95,0.0,,,,,,0.0,,,,,,0.0,,,,,,Tornado_IDS_(1995)
tornado_ids_it_ret8,0.0,,,,,,0.0,,,,,,0.0,,,,,,Tornado_IDS_MLU_(RET.8)
ussr_tor_m1,0.0,,,,,,21.0,0.0,2.0,1.0,0.0,0.0,0.0,,,,,,Toр-M1
uk_ttd,0.0,,,,,,239.0,58.99,0.0,0.0,5.0,3.98,0.0,,,,,,TTD
tu-1,0.0,,,,,,2.0,100.0,0.0,,1.0,,0.0,,,,,,Tu-1
tu_14t,0.0,,,,,,15.0,0.0,0.0,0.0,0.56,0.56,0.0,,,,,,Tu-14T
tu-2_early,0.0,,,,,,4.0,100.0,0.5,1.0,2.5,5.0,0.0,,,,,,Tu-2
tu_4,0.0,,,,,,0.0,,,,,,0.0,,,,,,Tu-4
gladiator_mk2_tuck,0.0,,,,,,0.0,,,,,,0.0,,,,,,Tuck's_Gladiator_Mk_II
it_41m_turan_2,0.0,,,,,,0.0,,,,,,0.0,,,,,,Turan_II
jp_type_03_chusam_fcs,0.0,,,,,,86.0,58.89,0.67,0.6,0.0,0.0,0.0,,,,,,Type_03_(СОЦ)
jp_type_16_mcv_prot,0.0,,,,,,417.0,52.03,0.0,0.0,1.88,1.4,0.0,,,,,,Type_16_(P)
jp_type_61_mod,0.0,,,,,,110.0,86.84,0.0,0.0,3.72,2.12,0.0,,,,,,Type_61_(B)
ussr_type_62,0.0,,,,,,4.0,0.0,0.0,0.0,3.0,3.0,0.0,,,,,,Type_62
cn_type_69_2a,0.0,,,,,,29.0,100.0,0.0,0.0,4.71,2.43,0.0,,,,,,Type_69-IIa
jp_type_74,0.0,,,,,,379.0,56.72,0.0,0.0,2.12,2.02,0.0,,,,,,Type_74_(E)
jp_type_74_f,0.0,,,,,,252.0,68.6,0.0,0.0,2.43,2.24,0.0,,,,,,Type_74_(F)
jp_type_75_mlrs,0.0,,,,,,12.0,,,0.0,,1.0,0.0,,,,,,Type_75_MLRS
jp_type_87_rcv,0.0,,,,,,309.0,60.19,0.0,0.0,1.62,1.43,0.0,,,,,,Type_87_RCV
jp_type_87_rcv_prot,0.0,,,,,,323.0,65.16,0.08,0.08,1.46,1.3,0.0,,,,,,Type_87_RCV_(P)
jp_type_89,0.0,,,,,,270.0,67.26,0.0,0.0,4.15,1.87,0.0,,,,,,Type_89
ef_2000_typhoon_aesa,0.0,,,,,,386.0,75.28,2.25,4.43,0.26,0.53,0.0,,,,,,Typhoon_(AESA)
ef_2000_fgr4,0.0,,,,,,85.0,55.38,1.1,1.35,0.12,0.12,0.0,,,,,,Typhoon_FGR.4
typhoon_mk1b,0.0,,,,,,51.0,94.7,2.02,2.05,2.87,2.91,0.0,,,,,,Typhoon_Mk_Ib
sw_landsverk_ush_405,0.0,,,,,,265.0,45.76,0.0,0.0,3.07,2.09,0.0,,,,,,U-SH_405
sw_udes_33,0.0,,,,,,56.0,100.0,0.0,0.0,2.22,0.73,0.0,,,,,,UDES_33
us_m551_football,,,,,,,,,,,,,,,,,,,us_m551_football
ussr_m551_football,,,,,,,,,,,,,,,,,,,ussr_m551_football
v_11g,0.0,,,,,,0.0,,,,,,0.0,,,,,,V-11
v_12d,0.0,,,,,,0.0,,,,,,0.0,,,,,,V-12D
v_156_b1,0.0,,,,,,4.0,,,0.0,,0.0,0.0,,,,,,V-156-B1
v_156_f,0.0,,,,,,0.0,,,,,,0.0,,,,,,V-156-F
uk_valentine_mk_1,0.0,,,,,,0.0,,,,,,0.0,,,,,,Valentine_I
uk_valentine_mk_9,0.0,,,,,,5.0,,,0.0,,2.0,0.0,,,,,,Valentine_IX
vampire_fb5,0.0,,,,,,0.0,,,,,,0.0,,,,,,Vampire_F.B.5
vampire_fb52_finland,0.0,,,,,,30.0,35.71,0.0,0.0,0.0,0.0,0.0,,,,,,Vampire_FB_52A
vampire_fb52a_italy,0.0,,,,,,6.0,,,1.0,,0.0,0.0,,,,,,Vampire_FB_52A
so_4050_vautour_2a_iaf,0.0,,,,,,0.0,,,,,,0.0,,,,,,Vautour_IIA_IDF/AF
it_vbc_pt2,0.0,,,,,,127.0,52.17,0.13,0.09,1.84,1.4,5.0,100.0,0.0,0.0,2.0,2.0,VBC_(PT2)
it_vcc_80_hitfist_30,0.0,,,,,,3.0,,,0.0,,1.0,0.0,,,,,,VCC-80/30
it_vcc_80_hitfist_60,0.0,,,,,,146.0,50.0,0.0,0.0,1.65,1.23,5.0,,,0.0,,1.0,VCC-80/60
sw_veak_40,0.0,,,,,,163.0,41.93,0.0,0.0,0.95,0.51,0.0,,,,,,VEAK_40
venom_fb4,0.0,,,,,,24.0,100.0,2.33,3.67,1.33,2.0,0.0,,,,,,Venom_FB.4
fr_vextra_105,0.0,,,,,,100.0,0.0,0.0,0.0,2.4,0.72,0.0,,,,,,Vextra_105
uk_vfm_5,0.0,,,,,,177.0,69.56,0.0,0.0,3.1,3.7,0.0,,,,,,VFM5
uk_vickers_mk_11,0.0,,,,,,262.0,51.38,0.0,0.0,2.55,1.87,0.0,,,,,,Vickers_Mk.11
uk_vickers_mbt_mk_3,0.0,,,,,,223.0,53.56,0.0,0.0,1.49,1.08,0.0,,,,,,Vickers_Mk.3
uk_vickers_mk7,0.0,,,,,,125.0,34.85,0.0,0.0,2.55,1.35,0.0,,,,,,Vickers_Mk.7
sw_k9_vidar,0.0,,,,,,116.0,96.18,0.0,0.0,4.08,2.04,0.0,,,,,,VIDAR
uk_vijayanta,0.0,,,,,,55.0,51.67,0.0,0.0,1.65,0.74,0.0,,,,,,Vijayanta
germ_pzkpfw_VI_tiger_P,0.0,,,,,,0.0,,,,,,0.0,,,,,,VK_45.01_(P)
vl_myrsky_2_late,0.0,,,,,,0.0,,,,,,0.0,,,,,,VL_Myrsky_II
it_vrcc_centauro,0.0,,,,,,168.0,57.18,0.0,0.0,3.2,2.61,0.0,,,,,,VRCC
cn_vt_4,0.0,,,,,,0.0,,,,,,0.0,,,,,,VT4
walrus_mk1,,,,,,,,,,,,,,,,,,,Walrus_Mk.I
uk_fv510_isv,0.0,,,,,,67.0,76.19,0.0,0.0,1.16,1.12,0.0,,,,,,Warrior
washington_b1,0.0,,,,,,0.0,,,,,,0.0,,,,,,Washington_B.Mk.I
spitfire_lf_mk9e_weisman,0.0,,,,,,46.0,50.0,1.0,1.0,1.5,1.5,27.0,,,2.0,,3.5,Weizman's_Spitfire_LF_Mk.IXe
wellington_mk1c,0.0,,,,,,0.0,,,,,,0.0,,,,,,Wellington_Mk_Ic
wellington_mk1c_luftwaffe,0.0,,,,,,0.0,,,,,,0.0,,,,,,Wellington_Mk_Ic
wellington_mk1c_late,0.0,,,,,,0.0,,,,,,0.0,,,,,,Wellington_Mk_Ic/L
wellington_mk3,0.0,,,,,,0.0,,,,,,0.0,,,,,,Wellington_Mk_III
wellington_mk10,0.0,,,,,,0.0,,,,,,0.0,,,,,,Wellington_Mk_X
whirlwind_mk1,0.0,,,,,,24.0,,,,,,0.0,,,,,,Whirlwind_Mk_I
whirlwind_p9,0.0,,,,,,0.0,,,,,,0.0,,,,,,Whirlwind_P.9
germ_wiesel_1_tow,0.0,,,,,,634.0,41.58,0.0,0.0,1.3,1.1,0.0,,,,,,Wiesel_1A2
wirraway,0.0,,,,,,0.0,,,,,,0.0,,,,,,Wirraway
cn_wma_301,0.0,,,,,,92.0,80.98,0.0,0.0,2.53,2.72,0.0,,,,,,WMA301
cn_wz_141,0.0,,,,,,113.0,100.0,0.0,0.0,6.0,2.15,0.0,,,,,,WZ141-1
xa_38,0.0,,,,,,0.0,,,,,,39.0,,,0.0,,1.17,XA-38
xf5f,0.0,,,,,,20.0,,,,,,1.0,,,,,,XF5F
us_xm_800t,0.0,,,,,,2221.0,62.3,0.0,0.0,1.62,1.4,0.0,,,,,,XM800T
p-38g_metal,0.0,,,,,,38.0,100.0,3.42,,1.83,,0.0,,,,,,XP-38G
xp-55,0.0,,,,,,66.0,50.0,1.48,1.7,1.48,1.7,0.0,,,,,,XP-55
yak-23,0.0,,,,,,20.0,58.33,1.67,1.57,1.0,1.0,0.0,,,,,,Yak-23
yak-28b,0.0,,,,,,69.0,27.78,0.0,0.0,0.26,0.28,0.0,,,,,,Yak-28B
yak-3t,0.0,,,,,,71.0,45.0,2.17,2.25,0.97,1.07,0.0,,,,,,Yak-3T
er-2_ach30b_early,0.0,,,,,,0.0,,,,,,0.0,,,,,,Yer-2_(ACh-30B)_(e)
er-2_ach30b_late,0.0,,,,,,0.0,,,,,,0.0,,,,,,Yer-2_(ACh-30B)_(l)
er-2_m105_tat,0.0,,,,,,0.0,,,,,,0.0,,,,,,Yer-2_(M-105)_TAT
er-2_m105r_tat,0.0,,,,,,0.0,,,,,,0.0,,,,,,Yer-2_(M-105R)_TAT
yp-38,0.0,,,,,,0.0,,,,,,0.0,,,,,,YP-38
uk_ystervark_spaa,0.0,,,,,,51.0,70.0,0.7,0.64,0.0,0.0,0.0,,,,,,Ystervark
z_1007_bis_serie3,0.0,,,,,,0.0,,,,,,0.0,,,,,,Z.1007_bis_serie_3
z_1007_bis_serie5,0.0,,,,,,0.0,,,,,,0.0,,,,,,Z.1007_bis_serie_5
cn_zbd_04a,0.0,,,,,,210.0,58.81,0.0,0.0,1.69,1.38,5.0,,,0.0,,1.0,ZBD04A
cn_type_86,0.0,,,,,,39.0,100.0,0.0,0.0,1.4,0.86,0.0,,,,,,ZBD86
germ_flakpanzer_zerstorer_45,0.0,,,,,,187.0,20.48,0.45,0.34,0.29,0.23,0.0,,,,,,Zerstörer_45
ussr_zis_12_94KM_1945,0.0,,,,,,174.0,56.32,0.51,0.37,2.2,1.77,0.0,,,,,,ZiS-12_(94-KM)
ussr_zis_43,1.0,100.0,1.0,1.0,2.0,2.0,0.0,,,,,,0.0,,,,,,ZiS-43
it_40_43m_zrinyi_2,0.0,,,,,,0.0,,,,,,0.0,,,,,,Zrinyi_II
ussr_zsu_37,0.0,,,,,,37.0,,,0.0,,0.71,0.0,,,,,,ZSU-37
uk_ratel_zt3,0.0,,,,,,445.0,62.8,0.04,0.04,3.13,3.05,0.0,,,,,,ZT3A2
cn_zts_63_1980,0.0,,,,,,169.0,68.44,0.0,0.0,1.28,1.16,0.0,,,,,,ZTS63
cn_ztz_96a,0.0,,,,,,139.0,45.44,0.0,0.0,1.3,1.34,0.0,,,,,,ZTZ96A
cn_ztz_99,0.0,,,,,,40.0,50.0,0.0,0.0,1.98,1.78,0.0,,,,,,ZTZ99-II
cn_ztz_99_w,0.0,,,,,,24.0,,,0.0,,0.35,0.0,,,,,,ZTZ99-III
ussr_zut_37,0.0,,,,,,0.0,,,,,,0.0,,,,,,ZUT-37
ussr_bmd_4m,0.0,,,,,,1048.0,45.45,0.0,0.0,1.54,1.33,7.0,,,0.0,,1.0,БМД-4M
ussr_sdkfz_251_21_kit_3rank,0.0,,,,,,14.0,0.0,1.0,0.42,0.0,0.0,0.0,,,,,,Ганомаг_('45)
ussr_garford_putilov,0.0,,,,,,0.0,,,,,,0.0,,,,,,Гарфордъ
db_lk,0.0,,,,,,0.0,,,,,,0.0,,,,,,ДБ-ЛК
mig_29kr_9_41r,0.0,,,,,,42.0,66.67,2.33,4.0,0.0,0.0,8.0,,,,,,МиГ-29КР_(9-41Р)
it_9a35_m,0.0,,,,,,1.0,50.0,0.5,1.0,0.0,0.0,0.0,,,,,,Стрела-10М
su_24m,0.0,,,,,,145.0,56.67,0.21,0.19,1.97,2.93,0.0,,,,,,Су-24М
yak_1_litvyak,0.0,,,,,,0.0,,,,,,0.0,,,,,,Як-1_Литвяк
yak_130_early,0.0,,,,,,1359.0,59.42,0.09,0.11,2.63,3.31,0.0,,,,,,Як-130
p-47m-1-re_boxted,0.0,,,,,,63.0,28.47,0.43,0.58,0.66,0.88,17.0,50.0,1.0,1.13,1.0,1.13,⋠P-47M-1-RE
a6m5_zero_china,,,,,,,,,,,,,,,,,,,A6M5_(China)
f-100a_china,0.0,,,,,,85.0,72.45,2.62,2.04,0.99,0.39,0.0,,,,,,F-100A_(China)
f_100f_china,0.0,,,,,,14.0,100.0,1.0,1.0,0.0,0.0,0.0,,,,,,F-100F_(China)
f-104a_china,0.0,,,,,,0.0,,,,,,0.0,,,,,,F-104A_(China)
f-104g_china,0.0,,,,,,0.0,,,,,,0.0,,,,,,F-104G_(China)
f_16a_block_72v_china,0.0,,,,,,17.0,50.0,1.0,2.0,0.0,0.0,0.0,,,,,,F-16V_(China)
f_47n_25_re_china,0.0,,,,,,0.0,,,,,,0.0,,,,,,F-47N-25-RE_(China)
f-5a_china,0.0,,,,,,0.0,,,,,,0.0,,,,,,F-5A_(China)
f-5e_aidc,0.0,,,,,,4.0,0.0,1.0,1.0,0.0,0.0,0.0,,,,,,F-5E_(China)
f-84g_china,0.0,,,,,,84.0,69.84,0.08,0.09,2.06,2.11,3.0,,,,,,F-84G-21-RE_(China)
f-84g-31-re_china,0.0,,,,,,28.0,66.67,0.27,0.22,1.6,1.67,0.0,,,,,,F-84G-31-RE_(China)
f-86f-30_china,0.0,,,,,,25.0,100.0,1.71,1.0,0.64,0.5,0.0,,,,,,F-86F-30_(China)
gladiator_mk1_china,0.0,,,,,,0.0,,,,,,0.0,,,,,,Gladiator_Mk_I_(China)
h-75m_china,0.0,,,,,,0.0,,,,,,0.0,,,,,,H-75M_(China)
hs-123a-1_china,0.0,,,,,,0.0,,,,,,0.0,,,,,,Hs_123_A-1_(China)
i-153_m62_china,0.0,,,,,,0.0,,,,,,0.0,,,,,,I-153_M-62_(China)
i-15bis_china,0.0,,,,,,31.0,100.0,1.0,1.0,2.0,1.44,0.0,,,,,,I-15bis_(China)
i-16_chung_28,0.0,,,,,,0.0,,,,,,0.0,,,,,,I-16_Chung_28_(China)
i-16_type5_1935_china,0.0,,,,,,0.0,,,,,,0.0,,,,,,I-16_type_5_(China)
cn_isu_122,0.0,,,,,,0.0,,,,,,0.0,,,,,,ISU-122_(China)
cn_isu_152,0.0,,,,,,43.0,,,0.0,,0.26,0.0,,,,,,ISU-152_(China)
ki-27_otsu_china,0.0,,,,,,0.0,,,,,,0.0,,,,,,Ki-27_otsu_(China)
ki_43_3_ko,0.0,,,,,,0.0,,,,,,0.0,,,,,,Ki-43-III_ko_(China)
ki-45_hei_tei_china,0.0,,,,,,0.0,,,,,,0.0,,,,,,Ki-45_hei/tei_(China)
ki_84_ko_china,0.0,,,,,,8.0,,,,,,14.0,100.0,7.0,7.0,1.0,1.0,Ki-84_ko_(China)
cn_m113a1_tow,0.0,,,,,,104.0,64.3,0.0,0.0,0.69,0.7,0.0,,,,,,M113A1_(TOW)_(China)
cn_m60a3_tts,0.0,,,,,,62.0,100.0,0.0,0.0,8.85,2.84,0.0,,,,,,M60A3_TTS_(China)
mig-9_china,0.0,,,,,,0.0,,,,,,0.0,,,,,,MiG-9_(China)
mig-9_late_china,0.0,,,,,,0.0,,,,,,0.0,,,,,,MiG-9_(l)_(China)
mirage_2000_5ei,0.0,,,,,,88.0,68.0,1.8,2.11,0.0,0.0,0.0,,,,,,Mirage_2000-5Ei_(China)
pb4y-2_china,0.0,,,,,,0.0,,,,,,0.0,,,,,,PB4Y-2_(China)
sb_2m_103u_china,0.0,,,,,,0.0,,,,,,0.0,,,,,,SB_2M-103U_(China)
cn_su_76m_1943,0.0,,,,,,35.0,0.0,0.0,0.0,0.94,0.95,0.0,,,,,,SU-76M_(China)
tu_4_china,0.0,,,,,,0.0,,,,,,0.0,,,,,,Tu-4_(China)
uk_challenger_II_yt_cup_2019,,,,,,,,,,,,,,,,,,,␙Challenger_2
germ_leopard_2a5_yt_cup_2019,0.0,,,,,,0.0,,,,,,0.0,,,,,,␙Leopard_2A5
us_m1a1_abrams_yt_cup_2019,0.0,,,,,,0.0,,,,,,0.0,,,,,,␙M1A1
md_460_yt_cup_2019,,,,,,,,,,,,,,,,,,,␙Super_Mystere_B2
ussr_t_80u_yt_cup_2019,0.0,,,,,,0.0,,,,,,0.0,,,,,,␙T-80U
p-63c-5_kingcobra_animal_version,0.0,,,,,,171.0,62.96,0.71,1.42,2.59,5.16,0.0,,,,,,␠Kingcobra
f-86_canadair_german,0.0,,,,,,36.0,50.0,3.2,3.05,1.23,1.19,0.0,,,,,,◄CL-13A_Mk_5
f-86_cl_13b_mk6,0.0,,,,,,52.0,50.0,2.87,5.05,1.47,2.2,0.0,,,,,,◄CL-13B_Mk.6
ef_2000_block_10,0.0,,,,,,434.0,50.06,1.31,1.36,0.18,0.19,23.0,,,0.09,,0.0,◄EF-2000
ef_2000_aesa,0.0,,,,,,585.0,57.74,1.65,2.02,0.43,0.52,0.0,,,,,,◄EF-2000_(AESA)
f-104g,0.0,,,,,,0.0,,,,,,0.0,,,,,,◄F-104G
f-4f_late,0.0,,,,,,334.0,46.02,0.44,0.54,0.72,0.85,0.0,,,,,,◄F-4F
f-4f,0.0,,,,,,0.0,,,,,,0.0,,,,,,◄F-4F_Early
f-4f_kws_lv,0.0,,,,,,106.0,35.83,0.93,1.08,0.18,0.2,0.0,,,,,,◄F-4F_KWS_LV
f-84f_germany,0.0,,,,,,0.0,,,,,,0.0,,,,,,◄F-84F
f-86k_late_german,0.0,,,,,,53.0,10.71,1.21,0.8,0.0,0.0,0.0,,,,,,◄F-86K
fiat_g91_r3,0.0,,,,,,48.0,50.0,0.3,0.46,1.44,2.14,0.0,,,,,,◄G.91_R/3
mig-21_sps_k,0.0,,,,,,172.0,60.54,1.63,1.96,0.29,0.37,0.0,,,,,,◄MiG-21_SPS-K
mig_29_9_12g,0.0,,,,,,51.0,50.0,0.74,0.49,0.0,0.0,0.0,,,,,,◄MiG-29G
sea_hawk_mk100,0.0,,,,,,42.0,58.33,0.83,1.67,0.0,0.0,0.0,,,,,,◄Sea_Hawk_Mk.100
su_22m4_de_wtd61,0.0,,,,,,63.0,50.0,0.69,0.85,2.0,2.46,36.0,50.0,1.0,1.0,1.0,1.0,◄Su-22M4_WTD61
tornado_ids_de_assta3_sle,0.0,,,,,,3.0,33.33,0.3,0.3,0.0,0.0,0.0,,,,,,◄Tornado_IDS_SLE
il_28_german,0.0,,,,,,23.0,44.44,0.44,0.55,0.56,0.36,0.0,,,,,,◊IL-28
mig-17p_lim_5p,0.0,,,,,,17.0,,,3.0,,0.0,0.0,,,,,,◊Lim-5P
mig-15bis_nr23_german,0.0,,,,,,31.0,91.67,1.9,1.59,0.95,1.11,0.0,,,,,,◊MiG-15bis
mig-21_bis_sau,0.0,,,,,,23.0,0.0,2.0,2.0,0.0,0.0,0.0,,,,,,◊MiG-21bis-SAU
mig-21_mf,0.0,,,,,,29.0,100.0,5.0,3.13,0.0,0.0,0.0,,,,,,◊MiG-21MF
mig_23bn,0.0,,,,,,11.0,,,,,,0.0,,,,,,◊MiG-23BN
mig_29_9_12_germany,0.0,,,,,,53.0,50.0,0.85,0.85,0.0,0.0,20.0,,,0.0,,0.0,◊MiG-29
germ_9a33bm3,0.0,,,,,,29.0,0.0,0.0,0.34,0.0,0.0,0.0,,,,,,◊Osa-AK
us_lvt_a_1_trb,0.0,,,,,,0.0,,,,,,0.0,,,,,,○LVT(A)(1)
p-36c_rb,0.0,,,,,,11.0,,,0.0,,0.0,0.0,,,,,,○P-36C
fa_18c_late_switzerland,0.0,,,,,,114.0,51.61,0.76,1.04,0.18,0.19,1.0,,,0.0,,0.0,◌F/A-18C_Late
hunter_f58a_1971_switzerland,0.0,,,,,,8.0,100.0,3.0,,1.0,,0.0,,,,,,◌Hunter_F.58A_(1971)
mirage_3s_c70_switzerland,0.0,,,,,,21.0,100.0,2.92,,0.0,,0.0,,,,,,◌Mirage_IIIS_C.70
uk_challenger_2_megatron_sm,0.0,,,,,,466.0,50.0,0.0,0.0,1.25,1.09,0.0,,,,,,◍Challenger_2_OES
cn_mbt2000_sm,0.0,,,,,,6.0,,,,,,0.0,,,,,,◍MBT-2000
re_2000_heja_1,0.0,,,,,,0.0,,,,,,0.0,,,,,,◔Héja_I
il_28_hungary,0.0,,,,,,0.0,,,,,,0.0,,,,,,◔IL-28
saab_jas39c_hungary,0.0,,,,,,35.0,13.33,0.45,1.12,3.09,1.96,0.0,,,,,,◔JAS39EBS_HU_C
mig-15bis_nr23_hungary,0.0,,,,,,0.0,,,,,,0.0,,,,,,◔MiG-15bis
mig-17pf_hungary,0.0,,,,,,6.0,,,,,,0.0,,,,,,◔MiG-17PF
mig-21_bis_sau_hungary,0.0,,,,,,7.0,,,,,,0.0,,,,,,◔MiG-21bis-SAU
mig-21_mf_hungary,0.0,,,,,,21.0,100.0,2.0,2.0,0.0,0.0,0.0,,,,,,◔MiG-21MF
mig_23mf_hungary,0.0,,,,,,0.0,,,,,,0.0,,,,,,◔MiG-23MF
mig_29_9_12b_hungary,0.0,,,,,,24.0,50.0,1.5,3.0,0.0,0.0,0.0,,,,,,◔MiG-29
su_22m3_hungary,0.0,,,,,,0.0,,,,,,0.0,,,,,,◔Su-22M3
tu-2_postwar_late_hungary,0.0,,,,,,66.0,75.83,0.15,0.15,1.42,1.6,0.0,,,,,,◔Tu-2S-59
it_zsu_23_4,0.0,,,,,,40.0,100.0,0.78,0.67,0.0,0.0,0.0,,,,,,◔ZSU-23-4
fokker_d21_netherlands,0.0,,,,,,0.0,,,,,,0.0,,,,,,◗Fokker_D.XXI
fokker_g1a,0.0,,,,,,21.0,75.0,0.61,1.0,1.0,1.58,0.0,,,,,,◗Fokker_G.IA
f_16a_block_5_netherlands,0.0,,,,,,14.0,,,1.0,,0.0,0.0,,,,,,◘F-16A
f_16am_block_20_mlu_netherlands,0.0,,,,,,137.0,75.73,1.67,3.69,1.09,1.98,8.0,,,2.0,,0.0,◘F-16AM
hunter_f6_holland,0.0,,,,,,18.0,50.0,1.0,2.0,1.0,2.0,0.0,,,,,,◘Hunter_F.6
nf_5a_netherlands,0.0,,,,,,523.0,62.6,1.56,2.12,0.79,1.05,0.0,,,,,,◘NF-5A
sb_25j_netherlands,0.0,,,,,,0.0,,,,,,0.0,,,,,,◘SB-25J
kfir_c10_colombia,0.0,,,,,,60.0,71.8,1.27,1.21,0.0,0.0,0.0,,,,,,◡Kfir_C.10
f_16a_block_10_norway,0.0,,,,,,0.0,,,,,,1.0,,,0.0,,0.0,◢F-16A
f_16am_block_20_mlu_norway,0.0,,,,,,24.0,74.44,0.61,0.61,0.0,0.0,0.0,,,,,,◢F-16AM
f-5ag_norway,0.0,,,,,,18.0,,,,,,0.0,,,,,,◢F-5A(G)
hawk_209_indonesia,0.0,,,,,,0.0,,,,,,0.0,,,,,,◥Hawk_209
a_4e_late_iaf,0.0,,,,,,0.0,,,,,,0.0,,,,,,A-4E_(Israel)
a_4e_early_iaf,0.0,,,,,,5.0,,,1.0,,1.0,0.0,,,,,,A-4E_Early_(M)_(Israel)
f-84f_israel_iaf,0.0,,,,,,0.0,,,,,,0.0,,,,,,F-84F_(Israel)
md_450b_ouragan_iaf_29,0.0,,,,,,0.0,,,,,,0.0,,,,,,M.D.450B_(29)_(Israel)
meteor_frmk9_iaf,0.0,,,,,,0.0,,,,,,0.0,,,,,,Meteor_FR.9_(Israel)
mig_21_2000_iaf,0.0,,,,,,0.0,,,,,,0.0,,,,,,MiG-21_2000_(Israel)
md_454_mystere_4a_iaf,0.0,,,,,,0.0,,,,,,0.0,,,,,,Mystere_IVA_(Israel)
so_4050_vautour_2a_israel_iaf,0.0,,,,,,0.0,,,,,,0.0,,,,,,Vautour_IIA_(Israel)
so_4050_vautour_2n_iaf,0.0,,,,,,0.0,,,,,,0.0,,,,,,Vautour_IIN_(Israel)
