name,ab_battles,ab_win_rate,ab_air_frags_per_battle,ab_air_frags_per_death,ab_ground_frags_per_battle,ab_ground_frags_per_death,rb_battles,rb_win_rate,rb_air_frags_per_battle,rb_air_frags_per_death,rb_ground_frags_per_battle,rb_ground_frags_per_death,sb_battles,sb_win_rate,sb_air_frags_per_battle,sb_air_frags_per_death,sb_ground_frags_per_battle,sb_ground_frags_per_death,alt_name
s_199,907.0,59.69,6.69,1.96,1.92,0.53,83.0,100.0,0.0,0.0,2.36,1.49,0.0,,,,,,Sakeen
germ_panzerbefelhswagen_VI_P,764.0,90.56,0.04,0.09,8.25,12.25,132.0,38.17,0.0,0.0,3.82,3.18,0.0,,,,,,Pz.Bfw.VI_(P)
us_t58,665.0,71.69,0.01,0.01,4.55,4.02,1606.0,63.5,0.0,0.0,3.12,2.58,0.0,,,,,,T58
germ_pzkpfw_III_ausf_F,628.0,77.65,0.08,0.09,6.19,9.04,88.0,100.0,0.0,0.0,13.9,8.58,0.0,,,,,,Pz.III_F
su_30mkk,556.0,58.12,6.76,5.97,0.4,0.36,952.0,56.73,1.23,1.35,0.51,0.55,31.0,,,0.32,,0.0,Su-30MKK_(China)
ussr_t_34_1941_57,550.0,58.01,0.0,0.02,2.12,2.19,507.0,38.29,0.0,0.0,2.5,1.51,0.0,,,,,,T-34-57
ussr_t_34_85_zis_53_v80,543.0,84.93,0.04,0.04,3.54,5.41,324.0,65.81,0.0,0.0,5.39,2.35,0.0,,,,,,"Т-34-85_""Партизан"""
it_sherman_75_37,529.0,74.93,0.11,0.15,6.53,7.7,153.0,69.36,0.0,0.0,5.82,4.73,9.0,,,,,,Sherman_I_Composito
la-7,448.0,92.86,4.08,4.51,2.0,2.23,132.0,53.21,2.72,3.5,1.18,1.4,0.0,,,,,,La-7
ussr_t_34_85_zis_53,448.0,66.62,0.0,0.0,2.79,3.54,545.0,49.07,0.0,0.0,3.06,1.96,11.0,,,0.0,,0.0,T-34-85
germ_pzkpfw_V_ausf_d_panther,427.0,57.13,0.07,0.07,2.09,2.49,508.0,47.6,0.0,0.0,1.52,1.57,16.0,,,0.0,,1.0,Panther_D
su_30mk2v_venezuela,420.0,60.99,4.88,3.94,0.75,0.61,5099.0,48.67,0.95,1.05,0.38,0.42,127.0,100.0,6.93,1.95,1.47,0.14,Су-30МК2_AMV
sw_sav_fm48,414.0,63.11,0.05,0.05,4.66,3.48,344.0,65.7,0.0,0.0,5.74,2.73,0.0,,,,,,SAV_20.12.48
ussr_t_34_85_d_5t,407.0,54.87,0.06,0.06,2.67,2.63,488.0,47.24,0.0,0.0,3.28,2.22,0.0,,,,,,T-34-85_(D-5T)
germ_pzkpfw_VI_ausf_h1_tiger,404.0,53.51,0.02,0.02,2.17,2.98,979.0,47.55,0.0,0.0,2.31,2.0,0.0,,,,,,Tiger_H1
germ_pzkpfw_VI_ausf_h1_tiger_west,395.0,71.12,0.07,0.07,4.15,6.26,343.0,49.04,0.0,0.0,3.29,2.97,0.0,,,,,,Tiger_West
jp_type_3_ka_chi,380.0,87.55,0.11,0.13,12.35,15.2,5.0,,,0.0,,2.0,0.0,,,,,,Ka-Chi
ussr_kv_1e,378.0,95.76,0.0,0.0,6.53,7.15,136.0,80.17,0.0,0.0,8.33,6.04,0.0,,,,,,KV-1E
germ_pzkpfw_VI_ausf_e_tiger,363.0,61.56,0.0,0.0,3.17,3.1,1172.0,40.11,0.0,0.0,1.76,1.57,12.0,,,0.0,,1.83,Tiger_E
ussr_kv_1_zis_5,362.0,69.41,0.0,0.0,4.1,5.55,293.0,47.05,0.0,0.0,3.95,3.27,0.0,,,,,,KV-1_(ZiS-5)
ussr_kv_85,359.0,55.4,0.14,0.13,2.85,2.74,125.0,65.0,0.0,0.0,5.75,3.02,0.0,,,,,,KV-85
ussr_t_72a,354.0,48.89,0.14,0.11,2.92,2.12,2234.0,50.74,0.0,0.0,2.35,2.11,0.0,,,,,,T-72A
ussr_t_55_amd_1,343.0,50.16,0.0,0.0,1.2,1.2,1160.0,44.0,0.0,0.0,1.33,1.24,0.0,,,,,,T-55AMD-1
us_lvt_a_1,342.0,99.1,0.1,0.22,6.1,9.82,19.0,,,,,,0.0,,,,,,LVT(A)(1)
ussr_t_54_1947,338.0,61.88,0.04,0.04,2.82,2.98,262.0,61.89,0.0,0.0,2.91,2.3,0.0,,,,,,T-54_(1947)
ussr_t_44_100,334.0,50.05,0.04,0.04,3.45,3.16,961.0,48.28,0.0,0.0,2.53,1.78,92.0,46.77,0.0,0.0,3.71,3.39,T-44-100
germ_pzkpfw_VI_ausf_b_tiger_IIh,331.0,54.48,0.0,0.0,2.22,2.57,1720.0,58.01,0.01,0.01,3.92,3.47,0.0,,,,,,Tiger_II_(H)
il_m_51,327.0,82.26,0.43,0.23,6.83,2.43,1786.0,59.37,0.0,0.0,3.57,1.45,0.0,,,,,,M-51
ussr_t_80bvm,312.0,53.06,0.0,0.0,2.17,2.17,6622.0,46.75,0.0,0.0,1.95,1.67,0.0,,,,,,T-80BVM
ussr_t_34_85E,303.0,86.5,0.05,0.11,3.84,5.79,530.0,64.79,0.0,0.0,3.68,3.04,0.0,,,,,,T-34-85E
germ_pzkpfw_VI_ausf_h1_tiger_east,301.0,72.61,0.12,0.15,4.23,5.79,233.0,39.67,0.0,0.0,3.49,2.84,0.0,,,,,,Tiger_Ost
il_merkava_mk_2d,301.0,61.36,0.0,0.0,3.8,3.53,436.0,57.46,0.0,0.0,3.95,2.7,0.0,,,,,,Merkava_Mk.2D
germ_vsw_flak_41,300.0,81.02,0.06,0.09,5.16,6.38,268.0,54.63,0.0,0.0,5.42,2.91,45.0,100.0,0.0,0.0,4.17,2.63,VFW
ussr_bmpt,300.0,49.3,0.32,0.34,1.28,1.43,2697.0,39.89,0.0,0.0,1.34,1.19,0.0,,,,,,БМПТ
sw_t_34_1941,299.0,68.68,0.03,0.04,3.98,4.38,94.0,44.03,0.0,0.0,2.5,2.55,0.0,,,,,,T-34
germ_waffentrager_krupp_steyr,292.0,59.75,0.17,0.24,3.78,5.03,137.0,40.54,0.0,0.0,1.32,1.33,0.0,,,,,,Waffenträger
ussr_bmpt_72,288.0,57.37,0.0,0.0,2.3,2.33,1956.0,39.53,0.0,0.0,1.64,1.18,0.0,,,,,,БМПТ-72
us_m6a1,283.0,84.69,0.06,0.06,4.75,4.08,105.0,70.63,0.0,0.0,4.83,4.07,0.0,,,,,,M6A1
ussr_btr_82at,281.0,53.69,0.24,0.24,1.1,1.12,710.0,46.45,0.0,0.0,1.72,1.33,0.0,,,,,,БТР-82АТ
germ_pzkpfw_VI_ausf_b_tiger_IIh_sla,280.0,78.36,0.0,0.0,3.93,3.41,880.0,58.7,0.0,0.0,5.09,4.18,0.0,,,,,,Tiger_II_(H)_Sla.16
ussr_2s1,278.0,46.16,0.07,0.07,0.89,0.86,286.0,34.89,0.0,0.0,0.99,0.62,0.0,,,,,,2S1
bf-109f-4,272.0,73.98,8.28,5.87,0.86,0.62,211.0,69.88,3.99,2.85,2.05,2.11,14.0,,,,,,Bf_109_F-4
us_m1a1_hc_usmc_sm,265.0,74.84,0.0,0.0,4.99,4.96,2988.0,61.72,0.0,0.0,2.09,1.76,11.0,0.0,0.0,0.0,0.0,0.0,◍M1A1_HC
sw_sherman_3_4,260.0,70.67,0.03,0.03,4.14,3.97,358.0,58.08,0.0,0.0,4.43,3.39,0.0,,,,,,Sherman_III/IV
i_185_m71_standard,254.0,78.84,2.67,2.43,0.75,0.67,31.0,69.05,0.94,1.0,0.73,0.69,0.0,,,,,,I-185_(M-71)
germ_leopard_I_a1,252.0,47.14,0.02,0.02,2.43,1.8,450.0,37.13,0.0,0.0,1.68,1.34,0.0,,,,,,Leopard_A1A1
f8u-2,249.0,48.39,1.82,1.78,0.0,0.0,121.0,33.95,0.96,0.97,0.35,0.33,0.0,,,,,,F8U-2
ussr_object_906,245.0,46.79,0.0,0.0,1.84,1.76,1222.0,50.97,0.0,0.0,2.2,1.83,17.0,,,0.0,,2.0,Object_906
us_m4_sherman_calliope,242.0,100.0,0.14,0.12,8.22,7.81,75.0,75.27,0.0,0.0,4.35,3.91,0.0,,,,,,Calliope
us_m1a1_hc_usmc,238.0,69.19,0.03,0.03,3.18,3.83,5744.0,62.34,0.0,0.0,2.27,2.05,0.0,,,,,,M1A1_Click-Bait
ussr_t_72b3_2011,238.0,45.72,0.11,0.14,1.11,1.44,1315.0,50.08,0.0,0.0,1.71,1.51,0.0,,,,,,T-72B3
ussr_t_80ue1,236.0,46.37,0.0,0.0,2.43,2.02,4663.0,41.18,0.0,0.0,1.5,1.3,13.0,,,0.0,,0.0,Т-80U-Е1
sw_m24_chaffee_dk,235.0,67.29,0.03,0.04,2.6,3.21,220.0,60.39,0.0,0.0,3.04,1.79,0.0,,,,,,M24DK
germ_pzkpfw_V_ausf_g_panther,233.0,56.67,0.0,0.0,1.68,1.7,437.0,37.67,0.0,0.0,1.59,1.5,0.0,,,,,,Panther_G
germ_pzkpfw_V_ausf_a_panther,233.0,47.05,0.03,0.05,1.65,2.3,784.0,35.48,0.0,0.0,1.39,1.31,0.0,,,,,,Panther_A
p-51d-20-na_iaf,230.0,58.97,1.55,1.4,0.32,0.29,18.0,,,0.0,,1.0,0.0,,,,,,P-51D-20-NA_(Israel)
germ_pzkpfw_IV_ausf_H,228.0,62.31,0.03,0.02,4.07,3.11,346.0,43.06,0.0,0.0,2.35,1.28,34.0,,,0.0,,1.56,Pz.IV_H
germ_pzkpfw_V_ausf_f_panther,223.0,57.21,0.0,0.0,2.3,2.24,402.0,46.92,0.0,0.0,1.99,1.34,0.0,,,,,,Panther_F
us_m1a2_abrams,222.0,63.15,0.02,0.02,2.79,2.46,1370.0,66.56,0.0,0.0,1.93,1.86,0.0,,,,,,M1A2_Abrams
jp_type_10,216.0,63.4,0.0,0.0,4.39,4.14,1055.0,57.93,0.0,0.0,1.92,1.73,0.0,,,,,,Type_10
germ_pzkpfw_IV_ausf_C,216.0,75.34,0.02,0.06,7.0,11.21,18.0,,,0.0,,0.28,0.0,,,,,,Pz.IV_C
sw_strv_122b_plus,213.0,100.0,0.0,0.0,5.18,5.17,471.0,55.81,0.0,0.0,3.23,2.71,0.0,,,,,,Strv_122B+
us_m3_lee,211.0,61.28,0.17,0.22,3.11,3.65,12.0,50.0,0.0,0.0,3.0,2.0,0.0,,,,,,M3_Lee
bf-109f-4_trop,211.0,68.38,5.92,6.42,0.71,0.76,32.0,100.0,2.4,1.53,1.0,0.59,0.0,,,,,,Bf_109_F-4/trop
ussr_t_80ue1_sm,211.0,70.98,0.0,0.0,3.76,2.8,3208.0,40.5,0.0,0.0,1.36,1.11,4.0,,,0.0,,1.0,◍Т-80У-Е1
la-5fn,210.0,77.85,3.75,5.12,0.59,0.82,55.0,57.14,3.51,2.38,1.04,0.48,0.0,,,,,,La-5FN
ussr_t_34_100,206.0,89.03,0.01,0.02,4.37,4.42,356.0,69.11,0.0,0.0,3.29,2.3,29.0,0.0,0.0,0.0,1.0,1.0,T-34-100
germ_leopard_2k,202.0,54.16,0.0,0.0,3.69,2.56,1380.0,51.65,0.0,0.0,2.42,1.76,0.0,,,,,,Leopard_2K
germ_panther_II,199.0,97.2,0.0,0.0,6.32,4.37,228.0,71.53,0.0,0.0,5.03,4.55,0.0,,,,,,Panther_II
av_8c,197.0,46.96,1.58,2.08,0.17,0.19,32.0,74.71,0.67,0.71,0.94,1.24,0.0,,,,,,AV-8C
jp_tkx_prot,195.0,63.44,0.0,0.0,4.85,5.03,1081.0,59.09,0.0,0.0,2.38,2.02,0.0,,,,,,TKX
sw_cv_90105_tml,195.0,60.54,0.0,0.0,1.9,1.32,1685.0,55.67,0.0,0.0,2.03,1.56,0.0,,,,,,CV_90105
uk_chieftain_mk_10,190.0,54.3,0.0,0.0,4.02,6.18,182.0,72.69,0.0,0.0,3.55,2.17,0.0,,,,,,Chieftain_Mk_10
jp_m24_chaffee,190.0,68.91,0.06,0.05,3.4,4.62,326.0,57.48,0.0,0.0,2.15,2.2,21.0,0.0,0.0,0.0,0.0,0.0,M24
la-5_type39,189.0,71.49,4.41,6.03,1.84,2.55,0.0,,,,,,0.0,,,,,,La-5F
yak-9t,187.0,63.71,4.94,3.35,0.35,0.24,63.0,74.24,0.65,0.52,0.97,0.68,0.0,,,,,,Yak-9T
jp_type_97_chi_ha,186.0,100.0,0.13,0.21,8.3,13.86,0.0,,,,,,0.0,,,,,,Chi-Ha
i_185_m82,182.0,64.79,4.46,2.77,0.71,0.47,37.0,92.86,0.14,0.2,1.0,0.73,0.0,,,,,,I-185_(M-82)
ussr_t_64a_1971,181.0,63.23,0.0,0.0,2.99,2.59,1146.0,53.45,0.0,0.0,2.55,2.0,39.0,100.0,0.0,0.0,2.0,1.25,T-64A_(1971)
do_335a_1,180.0,89.66,0.96,0.44,11.55,5.43,61.0,53.33,0.83,1.19,0.74,1.01,0.0,,,,,,Do_335_A-1
jp_type_4_chi_to_late,180.0,76.67,0.34,0.25,5.69,4.82,213.0,68.69,0.0,0.0,3.61,3.1,25.0,0.0,0.0,0.0,2.0,2.0,Chi-To_Late
yak-3,179.0,92.04,4.76,4.22,1.36,1.2,130.0,66.67,3.22,3.19,1.3,1.28,14.0,100.0,7.0,2.9,0.0,0.0,Yak-3
mig_25pd,179.0,57.8,5.8,6.43,0.0,0.0,255.0,72.77,2.27,2.51,0.0,0.0,0.0,,,,,,МиГ-25ПД
germ_panzerjager_panther,179.0,63.73,0.0,0.0,3.3,2.56,381.0,39.83,0.0,0.0,1.38,1.35,0.0,,,,,,Jagdpanther_G1
us_xm_803,178.0,62.02,0.0,0.0,3.75,2.69,2397.0,59.41,0.0,0.0,2.47,2.14,0.0,,,,,,XM803
cn_ztz_99a,176.0,54.45,0.0,0.0,2.43,2.91,248.0,76.94,0.0,0.0,3.81,1.69,0.0,,,,,,ZTZ99A
f-4c,176.0,45.27,1.45,1.1,0.04,0.02,181.0,50.32,1.43,2.25,0.38,0.58,0.0,,,,,,F-4C_Phantom_II
ussr_object_435,171.0,52.18,0.0,0.0,1.9,1.63,275.0,40.29,0.0,0.0,1.52,1.06,0.0,,,,,,Object_435
us_t29,170.0,87.48,0.0,0.0,10.61,9.5,1658.0,59.78,0.0,0.0,4.11,3.14,0.0,,,,,,T29
jp_type_4_chi_to,169.0,74.98,0.12,0.13,5.16,4.26,160.0,81.35,0.0,0.0,4.34,3.15,25.0,0.0,0.0,0.0,1.0,1.0,Chi-To
uk_a_33_excelsior,167.0,98.92,0.01,0.02,6.47,7.72,269.0,78.12,0.0,0.0,6.98,5.03,0.0,,,,,,Excelsior
ussr_t_34_57_1943,167.0,71.88,0.0,0.0,2.8,3.73,297.0,60.75,0.0,0.0,3.88,3.05,0.0,,,,,,T-34-57_(1943)
us_m4a2_sherman,166.0,94.03,0.35,0.39,5.72,5.81,327.0,68.89,0.0,0.0,4.34,3.08,0.0,,,,,,M4A2
uk_a27m_cromwell_5,163.0,82.8,0.0,0.0,5.05,6.22,148.0,81.61,0.0,0.0,4.79,3.27,0.0,,,,,,Cromwell_V
mig_23mla,162.0,50.44,1.82,1.54,0.18,0.12,13.0,16.67,1.5,1.0,0.0,0.0,23.0,,,1.0,,0.0,◊MiG-23MLA
ussr_t_44_po,161.0,88.17,0.03,0.03,4.29,4.61,161.0,69.36,0.0,0.0,3.97,2.08,0.0,,,,,,Т-44(ПМ)
cn_oplot_t,161.0,42.43,0.0,0.0,1.28,1.45,349.0,64.46,0.0,0.0,2.26,1.32,0.0,,,,,,Oplot-M
germ_pzkpfw_VI_ausf_b_tiger_IIp,161.0,46.36,0.15,0.15,2.38,3.12,801.0,42.17,0.0,0.0,1.45,1.45,0.0,,,,,,Tiger_II_(P)
germ_vk_3002m,157.0,43.33,0.0,0.0,3.44,2.9,172.0,26.54,0.0,0.0,4.4,2.27,0.0,,,,,,VK_3002_(M)
pe-2-359,154.0,100.0,0.22,0.18,5.54,5.01,0.0,,,,,,0.0,,,,,,Pe-2-359
ussr_t_34E,154.0,81.72,0.0,0.0,2.31,2.55,48.0,51.79,0.0,0.0,1.36,1.61,0.0,,,,,,T-34E
us_m4_t26,154.0,28.57,0.24,0.2,3.44,2.66,494.0,56.19,0.0,0.0,1.73,1.52,12.0,,,0.0,,1.0,M4/T26
sw_t_34_85_zis_53,153.0,73.55,0.02,0.03,2.27,2.49,404.0,42.76,0.0,0.0,1.91,1.76,0.0,,,,,,T-34-85
ussr_zsu_57_2,149.0,35.66,0.17,0.11,3.1,1.65,782.0,43.14,0.03,0.0,1.87,1.04,32.0,94.0,0.0,0.0,1.0,1.0,ZSU-57-2
yak-9u,148.0,91.05,4.9,4.14,0.36,0.32,16.0,75.0,2.3,,1.3,,0.0,,,,,,Yak-9U
ussr_t_10m,147.0,21.6,0.07,0.06,4.81,3.14,560.0,45.37,0.0,0.0,2.68,2.29,0.0,,,,,,T-10M
ussr_t_34E_STZ,145.0,77.1,0.02,0.01,2.93,3.18,123.0,53.23,0.0,0.0,1.82,2.36,0.0,,,,,,T-34E_STZ
ussr_t_44,145.0,44.73,0.0,0.0,1.49,1.99,509.0,50.33,0.0,0.0,3.53,2.2,17.0,,,0.0,,1.0,T-44
germ_pzkpfw_IV_ausf_J,144.0,55.83,0.02,0.04,1.29,1.94,94.0,3.85,0.0,0.0,1.38,0.67,12.0,,,0.0,,1.08,Pz.IV_J
uk_a17_mk_1_tetrarch,143.0,58.31,0.0,0.0,2.9,4.7,0.0,,,,,,0.0,,,,,,Tetrarch_I
cn_m1a2t,141.0,49.32,0.0,0.0,2.23,2.16,190.0,64.58,0.0,0.0,7.52,2.71,0.0,,,,,,M1A2T
us_m1a2_sep2_abrams,140.0,46.76,0.0,0.0,2.23,2.5,4088.0,58.23,0.0,0.0,1.96,1.75,35.0,,,0.0,,1.0,M1A2_SEP_V2
germ_pzh_2000,140.0,52.96,1.06,0.78,1.26,1.67,458.0,29.48,0.04,0.04,2.08,1.47,0.0,,,,,,PzH_2000
us_m4a2_76w_sherman,140.0,50.11,0.0,0.0,1.49,1.28,482.0,57.63,0.0,0.0,3.23,2.56,0.0,,,,,,M4A2_(76)_W
us_halftrack_m3_75mm_gmc,139.0,66.24,0.0,0.0,3.89,4.41,0.0,,,,,,0.0,,,,,,M3_GMC
fw-190a-4,139.0,95.56,10.98,7.77,1.17,0.9,76.0,74.41,1.88,1.52,1.04,1.46,0.0,,,,,,Fw_190_A-4
ussr_t_72b_1989,139.0,58.22,0.0,0.0,2.02,2.1,296.0,38.67,0.0,0.0,2.03,1.57,0.0,,,,,,T-72B_(1989)
f-104c,139.0,50.0,1.34,1.44,0.0,0.0,0.0,,,,,,0.0,,,,,,F-104C
yak-3_eremin,138.0,91.76,4.24,4.8,0.52,0.57,10.0,100.0,1.0,1.0,1.0,1.0,0.0,,,,,,Eremin's_Yak-3(e)
yak-7b,138.0,98.21,7.51,5.2,1.45,0.99,0.0,,,,,,0.0,,,,,,Yak-7B
cn_type_58,134.0,83.05,0.0,0.0,3.95,3.74,118.0,68.1,0.0,0.0,5.79,2.81,0.0,,,,,,Т-34-85_Gai
germ_flakpz_I_Gepard,134.0,42.9,0.55,0.65,1.24,1.21,1463.0,29.97,0.24,0.19,0.71,0.57,0.0,,,,,,Gepard
ussr_t_90m_2020,133.0,50.0,0.0,0.0,2.03,2.79,2749.0,43.02,0.0,0.0,1.88,1.58,0.0,,,,,,T-90M
ussr_t_72b,131.0,50.54,0.0,0.0,1.35,1.57,215.0,23.29,0.0,0.0,2.29,1.35,0.0,,,,,,T-72B
f8f1,131.0,48.72,1.71,1.49,0.74,0.55,343.0,60.27,0.39,0.41,1.36,1.32,0.0,,,,,,F8F-1
it_m24_chaffee,130.0,93.82,0.0,0.0,4.82,4.46,227.0,45.43,0.0,0.0,2.94,1.96,0.0,,,,,,M24
uk_a_13_mk1,130.0,50.39,0.0,0.0,3.55,6.08,0.0,,,,,,0.0,,,,,,A13_Mk_I
germ_pzkpfw_IV_ausf_F2,130.0,50.0,0.0,0.0,4.65,3.55,240.0,61.14,0.0,0.0,5.49,3.38,0.0,,,,,,Pz.IV_F2
germ_leopard_a1a1_120,130.0,50.76,0.0,0.0,2.13,1.51,482.0,53.43,0.0,0.0,2.35,1.9,0.0,,,,,,Leopard_A1A1_(L/44)
saab_b3c,129.0,100.0,2.15,0.85,40.5,16.07,0.0,,,,,,0.0,,,,,,B3C
germ_sdkfz_9_flak37,129.0,70.56,0.08,0.07,7.67,7.84,92.0,75.67,0.0,0.0,3.8,3.7,0.0,,,,,,"8,8_cm_Flak_37_Sfl."
cn_vt_4b,129.0,45.99,0.0,0.0,1.45,1.8,68.0,93.75,0.0,0.0,3.36,2.24,0.0,,,,,,VT4A1
f6f-3,128.0,65.59,1.09,0.85,8.07,6.21,111.0,71.77,0.83,0.78,2.3,2.17,0.0,,,,,,F6F-5
yak-1b,128.0,99.46,8.65,11.25,3.83,4.89,89.0,86.96,6.48,5.11,2.52,2.53,0.0,,,,,,Yak-1B
ussr_zsu_23_4m4,128.0,37.04,2.41,2.18,0.65,0.58,513.0,35.2,1.07,0.7,0.01,0.01,0.0,,,,,,ZSU-23-4M4
germ_thyssen_henschel_tam_2ip,128.0,63.79,0.11,0.09,2.46,2.52,1658.0,42.94,0.0,0.0,1.9,1.32,0.0,,,,,,TAM_2IP
spitfire_mk9c_iaf,128.0,78.51,4.65,1.75,1.58,0.64,27.0,52.27,1.02,2.05,0.0,0.0,0.0,,,,,,Spitfire_Mk_IXc_(Israel)
ussr_t_72av_turms,127.0,52.74,0.0,0.0,2.44,2.26,1568.0,50.61,0.0,0.0,1.9,1.68,0.0,,,,,,T-72AV_(TURMS-T)
us_mbt_70,126.0,58.33,0.0,0.0,1.32,1.25,1248.0,60.86,0.0,0.0,2.31,1.75,0.0,,,,,,MBT-70
f4u-1d,125.0,65.33,2.29,1.99,4.16,3.55,14.0,,,0.44,,0.56,0.0,,,,,,F4U-1D
us_t14,125.0,70.54,0.17,0.28,2.53,4.1,572.0,64.66,0.0,0.0,4.78,3.95,0.0,,,,,,T14
fr_msc,125.0,53.71,0.0,0.0,2.05,1.97,586.0,49.98,0.0,0.0,1.68,1.77,0.0,,,,,,MSC
pe-2-31,124.0,100.0,0.14,0.11,7.3,4.87,0.0,,,,,,0.0,,,,,,Pe-2-31
fr_amx_50_surbaisse,122.0,80.86,0.0,0.0,3.9,2.93,278.0,82.12,0.0,0.0,4.85,2.83,0.0,,,,,,AMX-50_Surbaissé
ussr_9a35_m2,121.0,29.94,2.75,5.75,0.68,1.38,63.0,35.71,1.85,2.86,0.0,0.0,0.0,,,,,,Strela-10M2
it_c1_ariete_certezza,121.0,71.22,0.0,0.0,6.71,6.71,499.0,59.37,0.0,0.0,2.96,2.27,0.0,,,,,,Ariete_Сertezza
cn_t_34_1942,121.0,79.89,0.0,0.0,4.99,6.28,92.0,100.0,0.0,0.0,6.11,2.27,0.0,,,,,,T-34_(1943)_(China)
jp_type_90b_camo,120.0,60.58,0.0,0.0,3.72,3.2,3997.0,55.24,0.0,0.0,2.45,1.82,0.0,,,,,,"Type_90_(B)_""Fuji"""
fr_leopard_2a4nl_les,120.0,70.83,0.0,0.0,3.51,2.87,1164.0,52.79,0.0,0.0,2.17,1.88,0.0,,,,,,Leopard_2_(OTCo)
it_m26a1_pershing,119.0,78.33,0.0,0.01,3.03,4.7,89.0,32.78,0.0,0.0,2.04,1.8,0.0,,,,,,M26A1
sw_strv121b_christian2,118.0,58.39,0.0,0.0,3.21,2.71,1828.0,49.81,0.0,0.0,2.15,1.73,0.0,,,,,,Christian_II
ussr_t_62m1,118.0,63.45,0.0,0.0,2.73,3.36,401.0,54.75,0.0,0.0,1.9,1.5,16.0,,,0.0,,0.0,T-62M-1
us_t1e1,118.0,48.39,0.0,0.0,2.06,1.17,66.0,43.52,0.0,0.0,1.81,2.9,0.0,,,,,,T1E1
ussr_asu_85,118.0,38.55,0.0,0.0,0.62,0.57,204.0,40.54,0.0,0.0,1.36,0.76,0.0,,,,,,ASU-85
la-5_type37_early,117.0,86.18,5.35,6.12,2.32,2.9,0.0,,,,,,0.0,,,,,,La-5
ussr_t_55_am,117.0,39.25,0.0,0.0,1.56,1.33,449.0,51.47,0.0,0.0,2.04,2.21,9.0,,,0.0,,1.0,T-55AM-1
p-51d-20-na,116.0,60.22,7.62,17.27,0.51,1.11,74.0,73.33,1.13,1.13,1.23,1.04,0.0,,,,,,P-51D-20-NA
bf-109f-2,116.0,72.78,13.32,7.73,3.24,1.99,13.0,0.0,0.0,0.0,1.0,1.0,0.0,,,,,,Bf_109_F-2
fr_m26_pershing,116.0,51.79,0.63,0.61,2.14,2.19,148.0,70.12,0.0,0.0,3.29,1.61,22.0,100.0,0.0,0.0,1.38,1.0,M26
il_sabra_mk1,116.0,87.5,0.0,0.0,3.28,2.45,83.0,74.17,0.0,0.0,3.53,3.1,0.0,,,,,,Sabra_Mk.I
mig_23ml,116.0,50.0,3.25,2.56,0.0,0.0,630.0,55.76,1.28,1.54,0.06,0.08,25.0,,,1.36,,0.0,MiG-23ML
f-100d,116.0,49.09,1.71,2.09,0.0,0.0,286.0,59.04,1.49,2.4,0.17,0.25,0.0,,,,,,F-100D
itp_m1,115.0,91.02,4.22,4.24,1.27,1.29,29.0,50.0,0.81,1.0,2.08,2.84,0.0,,,,,,ITP_(M-1)
fr_somua_sm,115.0,77.42,0.0,0.0,5.7,4.07,792.0,68.36,0.0,0.0,4.21,3.04,0.0,,,,,,Somua_SM
f-5e,115.0,46.22,1.54,1.46,0.0,0.0,154.0,51.69,2.17,1.56,0.4,0.25,0.0,,,,,,F-5E
su_30sm2,114.0,29.79,6.62,4.81,0.05,0.04,1192.0,60.52,1.17,1.38,1.31,1.54,33.0,63.89,1.04,1.04,1.69,1.69,Су-30СМ2
la-7_dolgushin,114.0,97.31,6.57,7.78,2.2,2.79,15.0,66.67,2.96,4.13,1.58,2.0,0.0,,,,,,Dolgushin's_La-7
uk_a_13_mk2,114.0,53.36,0.0,0.0,2.7,4.56,6.0,,,,,,0.0,,,,,,A13_Mk_II
ussr_is_3,114.0,43.55,0.26,0.45,1.93,3.01,307.0,51.67,0.0,0.0,3.1,1.83,0.0,,,,,,IS-3
ussr_is_2_1944,114.0,40.0,0.0,0.0,2.42,1.92,432.0,51.29,0.0,0.0,2.35,1.84,3.0,,,0.0,,1.0,IS-2_(1944)
sw_pzkpfw_IV_ausf_J,112.0,53.23,0.0,0.0,3.16,4.68,111.0,49.0,0.0,0.0,1.23,0.86,0.0,,,,,,Pz.IV
germ_pzkpfw_IV_ausf_G,112.0,71.51,0.0,0.0,2.28,1.99,108.0,34.95,0.0,0.0,2.99,2.05,0.0,,,,,,Pz.IV_G
ussr_is_1,112.0,52.38,0.0,0.0,2.86,2.95,371.0,45.3,0.0,0.0,1.54,1.78,0.0,,,,,,IS-1
us_t26e4_superpershing,111.0,86.73,0.0,0.0,4.58,5.49,551.0,62.23,0.0,0.0,4.44,2.73,0.0,,,,,,T26E1-1
germ_begleitpanzer_57,111.0,58.71,1.14,2.31,2.0,3.73,1377.0,48.74,0.25,0.18,1.6,1.16,21.0,100.0,0.0,0.0,2.0,2.0,Begleitpanzer_57
p-47d_22_re,110.0,80.91,2.92,2.51,2.87,2.43,74.0,80.77,0.4,0.26,0.99,0.76,0.0,,,,,,P-47D-22-RE
ussr_t_34_1942,110.0,57.53,0.0,0.0,3.13,3.96,195.0,43.94,0.0,0.0,6.66,1.65,0.0,,,,,,T-34_(1942)
it_m26_ariete,109.0,72.42,0.0,0.0,3.42,4.67,15.0,100.0,0.0,0.0,5.13,5.13,0.0,,,,,,"M26_""D.C.Ariete"""
ussr_t_34_85_stp_s53,109.0,50.97,0.13,0.18,1.11,1.75,1321.0,49.73,0.0,0.0,2.65,2.01,0.0,,,,,,Т-34-85_(СТП)
sw_strv_m39,108.0,100.0,0.0,0.0,3.37,4.09,0.0,,,,,,0.0,,,,,,Strv_m/39
germ_leopard_1a5,108.0,50.0,0.0,0.0,2.23,1.57,1201.0,40.08,0.0,0.0,1.39,1.2,15.0,100.0,0.0,0.0,2.0,1.13,Leopard_1A5
us_t20,107.0,84.55,0.0,0.0,5.55,6.4,2470.0,67.4,0.0,0.0,3.97,3.66,0.0,,,,,,T20
fa_18e_block_2,107.0,68.42,6.12,2.42,1.31,0.49,726.0,67.38,1.25,1.64,0.85,1.1,23.0,50.0,2.0,1.55,1.0,0.55,F/A-18E
uk_sherman_II,106.0,86.22,0.0,0.0,3.41,4.56,98.0,93.59,0.0,0.0,4.91,2.79,0.0,,,,,,Sherman_II
f4u-1a,106.0,64.3,2.13,2.44,0.72,0.85,73.0,50.0,1.25,2.26,2.21,4.13,0.0,,,,,,F4U-1A
me_264,105.0,100.0,0.76,0.51,7.63,5.13,0.0,,,,,,0.0,,,,,,Me_264
cn_pgz_625_fb10,105.0,38.44,1.88,2.66,0.07,0.11,7.0,,,,,,0.0,,,,,,CS/SA5
it_c1_ariete_preserie,104.0,63.44,0.0,0.0,4.83,5.93,337.0,63.13,0.0,0.0,2.9,2.91,0.0,,,,,,Ariete_(P)
sw_strf_90c,103.0,46.77,0.34,0.47,2.56,3.64,282.0,38.7,0.08,0.08,1.38,1.34,0.0,,,,,,Strf_9040C
pe-2-83,102.0,100.0,0.14,0.12,4.76,3.32,0.0,,,,,,0.0,,,,,,Pe-2-83
f4u-1c,102.0,72.04,2.77,1.48,0.27,0.17,35.0,10.42,1.98,1.94,1.19,1.14,0.0,,,,,,F4U-1C
uk_sherman_vc_firefly,101.0,55.65,0.03,0.04,1.84,2.9,260.0,62.8,0.0,0.0,4.04,2.57,0.0,,,,,,Sherman_Firefly
us_m18_hellcat,100.0,50.72,0.0,0.0,0.87,1.29,1513.0,55.64,0.0,0.0,2.05,1.55,14.0,,,0.0,,1.08,M18_GMC
ussr_t_80u,99.0,69.25,0.0,0.0,1.07,1.3,1558.0,36.37,0.0,0.0,1.55,1.33,0.0,,,,,,T-80U
germ_sdkfz_234_2,99.0,79.86,0.0,0.0,2.43,2.0,772.0,37.19,0.0,0.0,1.05,0.84,18.0,,,0.0,,1.0,Sd.Kfz.234/2
il_2m_1943,98.0,98.39,1.66,1.62,6.63,6.43,0.0,,,,,,0.0,,,,,,IL-2M_(1943)
yak-1_early,97.0,100.0,5.71,4.51,1.2,0.99,32.0,,,,,,0.0,,,,,,Yak-1
yak-9k,97.0,59.14,1.85,2.68,0.08,0.05,746.0,62.12,0.26,0.23,2.47,2.12,0.0,,,,,,Yak-9K
us_m1a2_sep2_abrams_trophy,96.0,86.0,0.14,0.21,7.09,8.04,1430.0,60.52,0.0,0.0,2.02,1.8,11.0,,,0.0,,0.0,M1A2_(Trophy-HV)
us_m5a1_stuart,96.0,58.7,0.03,0.07,1.69,2.93,62.0,59.72,0.0,0.0,1.5,1.34,0.0,,,,,,M5A1
ussr_su_100_1945,96.0,65.59,0.0,0.0,1.38,1.62,59.0,25.64,0.0,0.0,0.85,0.92,0.0,,,,,,SU-100
germ_kpz_70,96.0,38.12,0.0,0.0,1.18,1.22,1245.0,51.07,0.0,0.0,1.91,1.47,0.0,,,,,,KPz-70
cn_m8_scott,95.0,100.0,0.06,0.09,4.48,6.93,4.0,,,0.0,,1.0,0.0,,,,,,M8_HMC_(China)
mig-21_s,95.0,62.37,3.98,3.94,0.0,0.0,134.0,65.83,1.89,1.79,0.13,0.1,0.0,,,,,,MiG-21S_(R-13-300)
ussr_t_80uk,95.0,48.89,0.0,0.0,1.26,2.06,1971.0,38.47,0.0,0.0,1.55,1.15,0.0,,,,,,T-80UK
germ_spz_oerlikon_raketenautomat,94.0,61.9,0.0,0.0,0.67,0.52,196.0,24.31,0.0,0.0,2.02,1.76,0.0,,,,,,Raketenautomat
sw_strv_122b_plss,93.0,98.39,0.0,0.0,4.61,9.61,247.0,46.98,0.0,0.0,4.63,2.49,0.0,,,,,,Strv_122B_PLSS
germ_kpz_t72m1,93.0,65.49,0.0,0.0,2.27,2.81,1074.0,43.85,0.0,0.0,2.02,1.73,0.0,,,,,,◊T-72M1
jp_type_90,93.0,38.71,0.0,0.0,1.17,1.22,861.0,54.44,0.0,0.0,1.79,1.89,0.0,,,,,,Type_90
jp_type_90b_sm,93.0,46.24,0.0,0.0,0.63,0.64,206.0,57.3,0.0,0.0,2.91,2.66,0.0,,,,,,◍Type_90_(B)
yak_2_kabb,92.0,100.0,2.74,2.47,5.81,5.21,0.0,,,,,,10.0,,,,,,Yak-2_KABB
ussr_su_100p,92.0,44.93,0.0,0.0,1.84,1.77,514.0,45.12,0.0,0.0,2.3,1.74,0.0,,,,,,SU-100P
us_m2a4_1st_armor_div,91.0,97.58,0.0,0.0,4.0,5.74,8.0,,,0.0,,1.0,0.0,,,,,,M2A4_(1st_Arm.Div.)
germ_panzerbefelhswagen_IV_ausf_J,91.0,87.37,0.0,0.0,4.54,5.38,267.0,45.76,0.0,0.0,2.24,1.92,0.0,,,,,,Pz.Bfw.IV
ussr_kv_1s,91.0,28.49,0.0,0.0,2.82,2.95,190.0,77.04,0.0,0.0,1.83,1.38,0.0,,,,,,KV-1S
it_leopard_2a4,90.0,69.36,0.0,0.0,4.44,5.55,224.0,58.66,0.0,0.0,2.26,1.4,0.0,,,,,,◔Leopard_2A4
ussr_object_292,90.0,77.27,0.0,0.0,3.56,3.3,721.0,58.31,0.0,0.0,2.61,2.42,0.0,,,,,,Object_292
germ_jgdpz_IV_L48,90.0,81.61,0.0,0.0,3.93,5.4,171.0,38.97,0.0,0.0,7.55,4.45,16.0,,,0.0,,1.0,Jagdpanzer_IV
p-63a-10,90.0,100.0,1.57,0.98,1.44,1.54,266.0,47.35,0.55,0.59,0.88,0.94,0.0,,,,,,P-63A-10
cn_wz_1001,90.0,41.19,0.0,0.0,1.64,1.96,194.0,70.65,0.0,0.0,1.87,1.66,0.0,,,,,,WZ1001(E)_LCT
us_m4a1_1942_sherman,90.0,76.99,0.0,0.0,3.54,1.51,70.0,100.0,0.0,0.0,3.57,2.62,0.0,,,,,,M4A1
it_pzkpfw_VI_ausf_e_tiger,89.0,64.0,0.14,0.11,5.48,4.55,165.0,83.14,0.0,0.0,8.1,4.66,0.0,,,,,,Tigris
fr_amx_30_super,89.0,100.0,0.0,0.0,4.44,1.78,684.0,56.02,0.0,0.0,4.0,2.27,0.0,,,,,,AMX-30_Super
ussr_object_279,88.0,100.0,0.0,0.0,7.23,5.38,236.0,70.16,0.0,0.0,10.2,5.64,0.0,,,,,,Object_279
it_m4a4_sherman,88.0,81.52,0.0,0.0,3.5,5.8,60.0,87.1,0.0,0.0,4.16,3.55,0.0,,,,,,Sherman_V
sw_l_62_anti_II,88.0,85.71,0.67,0.72,2.24,2.29,94.0,76.92,0.0,0.0,3.1,1.53,0.0,,,,,,L-62_ANTI_II
uk_chieftain_900,87.0,50.0,0.0,0.0,3.0,2.89,118.0,66.67,0.0,0.0,1.72,1.5,0.0,,,,,,Chieftain_900
il-2m,86.0,94.17,1.33,1.39,4.78,5.06,0.0,,,,,,19.0,,,1.0,,4.0,IL-2M_type_3
uk_challenger_2e,85.0,73.81,0.0,0.0,3.54,4.09,391.0,56.75,0.0,0.0,2.12,1.59,0.0,,,,,,Challenger_2E
la-7b-20,85.0,67.86,4.93,6.39,0.89,1.13,31.0,48.15,0.86,0.96,0.41,0.46,0.0,,,,,,La-7B-20
sw_lvkv_42,85.0,59.45,0.29,0.3,2.72,2.88,112.0,81.48,0.1,0.17,1.16,0.94,0.0,,,,,,Lvkv_42
bf_110g_4,85.0,100.0,1.18,1.06,5.43,4.81,0.0,,,,,,0.0,,,,,,Bf_110_G-4
ffvs_j22_b,85.0,50.0,2.5,1.71,0.56,0.97,2.0,,,,,,0.0,,,,,,J22-B
cn_type_97_chi_ha,84.0,100.0,0.04,0.19,4.39,9.05,0.0,,,,,,0.0,,,,,,Chi-Ha_(China)
su_22um3k,84.0,61.67,0.67,0.44,3.7,3.04,11.0,,,0.0,,0.0,0.0,,,,,,◊Su-22UM3K
av_8a,84.0,57.41,4.38,2.82,1.3,2.67,16.0,50.0,1.0,2.0,0.5,1.0,8.0,,,0.0,,0.0,AV-8A
ussr_su_122_54,84.0,50.65,0.0,0.0,2.2,2.59,177.0,57.95,0.0,0.0,5.03,2.31,0.0,,,,,,SU-122-54
us_mk1_grant,83.0,54.94,0.05,0.1,3.15,6.14,4.0,0.0,0.0,0.0,1.0,1.0,0.0,,,,,,Grant_I
sw_strv_m38,83.0,100.0,0.0,0.0,2.45,5.36,15.0,50.0,0.0,0.0,0.5,0.65,0.0,,,,,,Strv_m/38
germ_pzkpfw_VI_ausf_b_tiger_IIh_kwk46,83.0,91.67,0.0,0.0,9.45,7.1,197.0,92.24,0.0,0.0,8.05,6.19,0.0,,,,,,Tiger_II_(10.5_cm_Kw.K)
p-47d_30_china,83.0,53.57,1.93,1.76,0.56,0.5,73.0,42.86,0.37,0.49,1.22,1.32,0.0,,,,,,P-47D-30_(China)
germ_erprobungstrager_3_achs_turm,82.0,50.0,0.0,0.0,2.79,2.79,1585.0,39.92,0.0,0.0,2.19,1.47,0.0,,,,,,Turm_III
germ_leopard_I,82.0,57.94,0.0,0.0,1.58,2.11,799.0,31.47,0.0,0.0,1.37,0.91,0.0,,,,,,Leopard_I
us_t1e1_90,82.0,64.52,0.0,0.0,1.31,2.05,136.0,40.44,0.0,0.0,4.56,2.91,0.0,,,,,,T1E1_(90)
uk_a27m_cromwell_5_rp3,81.0,100.0,0.0,0.0,9.97,18.81,15.0,100.0,0.0,0.0,3.0,4.0,0.0,,,,,,Cromwell_V_(RP-3)
jp_type_89b_i_go_otsu,81.0,100.0,0.28,0.52,5.77,10.24,7.0,,,,,,0.0,,,,,,I-Go_Ko
us_m2a4,81.0,100.0,0.31,0.82,4.13,10.84,64.0,,,0.0,,8.61,0.0,,,,,,M2A4
ussr_t_34_1941,81.0,100.0,0.0,0.0,5.23,5.27,46.0,50.0,0.0,0.0,2.67,4.13,0.0,,,,,,T-34_(1941)
il_merkava_mk_2b_early,81.0,48.39,0.0,0.0,1.97,3.45,352.0,57.63,0.0,0.0,2.74,2.37,0.0,,,,,,Merkava_Mk.2B
us_m4a3e8_76w_sherman,81.0,44.08,0.0,0.0,2.22,2.71,329.0,45.46,0.0,0.0,2.93,2.34,0.0,,,,,,M4A3_(76)_W
av_8b_na,80.0,50.0,1.0,0.57,6.0,3.29,258.0,61.76,0.23,0.25,2.42,2.63,39.0,,,0.0,,3.09,AV-8B_(NA)
jp_type_3_chi_nu_75cm_type_5,80.0,78.5,0.0,0.0,5.67,7.58,196.0,63.94,0.0,0.0,5.27,4.56,0.0,,,,,,Chi-Nu_II
uk_challenger_1,80.0,50.0,0.0,0.0,4.13,2.86,425.0,56.34,0.0,0.0,2.44,1.97,0.0,,,,,,Challenger_Mk.2
p-51_mk1a_usaaf,80.0,42.43,4.84,3.6,0.0,0.0,59.0,59.53,1.31,1.04,1.61,0.33,12.0,,,,,,P-51
sw_charioteer_mk_7,80.0,77.78,0.0,0.0,1.86,0.91,263.0,42.35,0.0,0.0,0.85,0.81,1.0,,,,,,Charioteer_Mk_VII
ussr_bt_5,79.0,82.72,0.0,0.0,6.7,6.72,152.0,50.0,0.0,0.0,2.08,4.17,0.0,,,,,,BT-5
ussr_kv_2_zis_6,79.0,68.33,0.0,0.0,3.6,3.3,60.0,69.44,0.0,0.0,3.69,3.5,0.0,,,,,,KV-2_(ZiS-6)
ussr_t_80ud,79.0,50.19,0.0,0.0,1.18,1.87,2867.0,52.25,0.0,0.0,1.6,1.57,1.0,,,0.0,,1.0,T-80UD
yak-9m,78.0,90.32,6.53,8.61,0.61,0.79,7.0,,,,,,0.0,,,,,,Golovachev's_Yak-9M
germ_panzerjager_tiger,78.0,100.0,0.0,0.0,5.57,3.72,353.0,46.61,0.0,0.0,3.02,3.12,0.0,,,,,,Jagdtiger
cn_mbt2000,77.0,52.5,0.14,0.1,3.91,3.36,143.0,38.17,0.0,0.0,1.47,2.25,0.0,,,,,,MBT-2000
ussr_zsu_29k,77.0,95.16,0.0,0.0,3.45,3.45,7.0,,,0.0,,3.86,0.0,,,,,,YaG-10_(29-K)
ussr_bt_7_1937,77.0,95.06,0.0,0.0,7.09,5.72,47.0,100.0,0.0,0.0,8.86,3.16,0.0,,,,,,BT-7
do_217e_2,76.0,88.22,0.12,0.12,6.73,4.88,28.0,,,0.0,,1.0,0.0,,,,,,Do_217_E-2
germ_nbfz_VI,76.0,100.0,0.0,0.0,4.17,6.9,0.0,,,,,,0.0,,,,,,Nb.Fz.
i_29,76.0,100.0,4.07,5.43,1.22,1.17,0.0,,,,,,0.0,,,,,,I-29
me-410b-1,76.0,86.21,0.68,0.43,3.79,2.96,0.0,,,,,,0.0,,,,,,Me_410_B-1
uk_sherman_ic_firefly,76.0,83.33,0.0,0.0,3.61,3.93,80.0,86.67,0.0,0.0,2.22,2.5,0.0,,,,,,"Sherman_IC_""Trzyniec"""
ussr_t_55a,76.0,50.0,0.0,0.0,2.84,2.46,1079.0,52.74,0.0,0.0,2.18,1.72,0.0,,,,,,T-55A
germ_panzerbefelhswagen_jagdpanther,75.0,46.67,0.0,0.0,4.7,6.3,110.0,39.65,0.0,0.0,1.56,1.23,0.0,,,,,,Bfw._Jagdpanther_G1
us_t25,75.0,82.61,0.0,0.0,7.26,5.14,68.0,42.31,0.0,0.0,4.31,3.49,28.0,0.0,0.0,,1.0,,T25
us_m4_sherman,75.0,46.21,0.0,0.0,2.18,4.31,157.0,57.74,0.0,0.0,3.42,2.51,0.0,,,,,,M4
bf-109f-4_usa,74.0,50.0,2.87,2.99,0.0,0.0,13.0,,,,,,7.0,,,3.0,,0.0,Bf_109_F-4
f3h-2,73.0,50.0,0.96,1.33,0.0,0.0,204.0,62.91,1.37,1.87,0.81,1.11,0.0,,,,,,F3H-2
lagg-3-8,72.0,76.88,5.79,5.18,0.3,0.31,0.0,,,,,,0.0,,,,,,LaGG-3-8
fr_amd_35_sa35,72.0,55.77,0.0,0.0,2.48,1.91,0.0,,,,,,0.0,,,,,,AMD.35_(SA35)
spitfire_lf_mk9e_iaf,71.0,40.47,1.6,1.77,2.96,1.01,69.0,50.0,1.09,1.09,1.22,1.22,0.0,,,,,,Spitfire_Mk.IX_(CW)_(Israel)
sw_cv_90105,71.0,50.0,0.0,0.0,1.85,1.69,444.0,49.11,0.0,0.0,1.6,1.23,0.0,,,,,,CV_90105_TML
ussr_t_64_b_1984,70.0,79.17,0.0,0.0,3.49,3.89,329.0,46.31,0.0,0.0,1.97,1.87,0.0,,,,,,T-64B
yak-9,70.0,92.86,7.79,3.01,0.0,0.13,25.0,,,1.75,,0.0,0.0,,,,,,Yak-9
cn_m36,70.0,93.75,0.0,0.0,1.68,1.12,166.0,69.63,0.0,0.0,2.32,1.35,0.0,,,,,,M36_GMC_(China)
us_m1a2_sep3_abrams,69.0,83.33,0.0,0.0,3.23,3.85,1422.0,65.43,0.0,0.0,2.4,1.84,0.0,,,,,,M1A2_SEPv3
jp_type_5_ho_ri_production,69.0,97.95,0.0,0.0,7.05,7.11,1571.0,84.02,0.0,0.0,4.73,4.65,0.0,,,,,,Ho-Ri_Production
i-16_type27,69.0,,,2.91,,0.22,31.0,,,,,,0.0,,,,,,I-16_type_27
fr_amx_50,69.0,65.38,0.0,0.0,2.19,3.5,244.0,88.37,0.0,0.0,5.95,3.76,46.0,50.0,0.0,0.0,1.26,1.85,AMX-50_(TOA100)
fa_18c_early,69.0,57.74,1.61,1.6,0.0,0.0,1571.0,51.42,0.85,1.0,0.23,0.26,20.0,,,1.14,,0.07,F/A-18C_Early
p-47d-28,68.0,86.91,1.73,1.63,5.9,5.45,42.0,70.0,0.0,0.7,1.13,1.19,48.0,0.0,2.0,2.0,0.0,0.0,P-47D-28
fr_sk105_a2,68.0,76.47,0.0,0.0,5.65,4.16,159.0,62.58,0.0,0.0,2.5,2.62,0.0,,,,,,SK-105A2
ussr_kv_1_L_11,68.0,100.0,0.0,0.0,6.6,4.98,96.0,71.24,0.0,0.0,4.12,3.89,0.0,,,,,,KV-1_(L-11)
p-51_a-36,68.0,,,4.21,,1.15,59.0,50.0,0.5,0.28,1.68,1.68,0.0,,,,,,A-36
ussr_m53_59,67.0,49.42,3.51,5.4,0.16,0.29,645.0,37.09,0.75,0.65,0.56,0.48,0.0,,,,,,M53/59
me-410a-1,66.0,83.33,0.23,0.28,4.28,4.62,37.0,50.0,0.0,0.0,1.85,3.29,0.0,,,,,,Me_410_A-1
ar_2,65.0,100.0,0.73,0.64,9.76,8.98,0.0,,,,,,0.0,,,,,,Ar-2
cn_m4a4_sherman_1st_ptg,65.0,100.0,0.0,0.0,3.86,4.67,23.0,72.22,0.0,0.0,2.44,3.56,0.0,,,,,,M4A4_(1st_PTG)_(China)
it_pzh_2000_hu,65.0,42.22,2.14,3.61,1.36,2.6,81.0,50.0,0.0,0.0,1.9,1.53,0.0,,,,,,PzH_2000HU
us_m26_pershing,65.0,66.67,0.0,0.0,3.12,4.65,153.0,51.83,0.0,0.0,3.61,1.77,109.0,71.51,0.0,0.0,4.44,3.97,M26
tempest_mk2,65.0,100.0,4.12,2.73,1.27,1.2,33.0,94.23,2.9,3.4,0.23,0.0,0.0,,,,,,Tempest_Mk_II
us_m44,65.0,50.0,0.0,0.0,0.75,1.27,115.0,6.52,0.0,0.0,3.5,1.84,0.0,,,,,,M44
uk_challenger_2_bn,64.0,58.33,0.0,0.0,3.35,6.2,430.0,64.05,0.0,0.0,2.15,2.18,0.0,,,,,,Black_Night
germ_flakpanzer_IV_Ostwind,64.0,87.08,2.09,1.78,2.27,1.88,219.0,26.98,1.8,1.58,1.06,0.86,0.0,,,,,,Ostwind
sw_pbil_m40,64.0,100.0,0.0,0.0,4.5,2.18,0.0,,,,,,0.0,,,,,,Pbil_m/40
us_m60_120s,64.0,55.56,0.0,0.0,1.88,1.54,303.0,52.65,0.0,0.0,2.34,1.59,0.0,,,,,,120S
germ_leopard_2a6,64.0,55.0,0.05,0.08,1.35,2.25,1255.0,45.66,0.0,0.0,1.59,1.39,9.0,,,0.0,,1.89,Leopard_2A6
us_m60a3_tts,64.0,39.08,0.0,0.0,0.69,0.98,486.0,56.79,0.0,0.0,1.91,1.56,0.0,,,,,,M60A3_TTS
ussr_t_28,63.0,78.06,0.0,0.0,7.47,5.89,0.0,,,,,,0.0,,,,,,T-28
uk_challenger_1_mk_3_gulf,63.0,100.0,0.0,0.0,7.38,6.92,786.0,68.13,0.0,0.0,4.3,2.53,9.0,,,0.0,,1.0,Challenger_DS
germ_pz_IV_L70_A,63.0,75.0,0.0,0.0,2.98,2.6,39.0,70.59,0.0,0.0,2.97,3.08,0.0,,,,,,Panzer_IV/70(A)
germ_pzsfl_IVa_dickermax,63.0,35.29,0.0,0.0,0.94,1.39,30.0,,,0.0,,2.78,0.0,,,,,,Dicker_Max
ussr_it_1,63.0,47.53,0.0,0.0,0.72,0.98,135.0,56.45,0.0,0.0,2.62,3.87,0.0,,,,,,IT-1
sea_fury_fb11,62.0,100.0,2.98,2.41,1.66,0.89,31.0,94.64,1.0,1.23,0.0,0.0,0.0,,,,,,Sea_Fury_FB_11
uk_a_22f_mk_7_churchill_1944,62.0,48.92,0.0,0.0,5.27,6.63,420.0,76.49,0.0,0.0,4.96,4.73,0.0,,,,,,Churchill_VII
il_merkava_mk_1b,62.0,48.21,0.0,0.0,2.91,3.05,207.0,69.82,0.0,0.0,2.68,2.57,0.0,,,,,,Merkava_Mk.1B
us_m41_walker_bulldog,62.0,0.0,0.0,0.0,2.16,1.93,774.0,58.8,0.0,0.0,1.35,1.01,0.0,,,,,,M41A1
us_m4a3e2_sherman_jumbo,62.0,47.92,0.4,0.46,0.1,0.1,259.0,59.27,0.0,0.0,4.59,3.18,0.0,,,,,,M4A3E2
mig_29smt_9_19,61.0,100.0,4.13,3.92,0.0,0.0,159.0,23.39,1.64,1.05,0.16,0.09,0.0,,,,,,MiG-29SMT
ki_61_1a_otsu_china,61.0,91.67,6.23,5.3,1.6,1.17,0.0,,,,,,10.0,100.0,0.0,0.0,1.0,1.0,Ki-61-I_otsu_(China)
p-51d-20-na_j26,61.0,50.0,2.0,1.12,0.5,0.35,51.0,0.0,1.1,1.03,0.0,0.0,0.0,,,,,,J26
us_xm1_chrysler,60.0,97.08,0.01,0.1,4.24,5.27,401.0,86.66,0.0,0.0,6.0,3.58,0.0,,,,,,XM1_(Chrysler)
uk_shir_2,60.0,45.83,0.0,0.0,2.67,3.98,94.0,87.5,0.0,0.0,10.25,3.94,0.0,,,,,,FV4030/3
sw_strv_74,60.0,95.98,0.0,0.0,3.14,2.5,375.0,46.87,0.0,0.0,1.69,1.03,0.0,,,,,,Strv_74
fw-190a-1,60.0,100.0,6.29,5.29,1.93,1.61,46.0,61.77,1.45,3.41,0.0,0.0,13.0,,,1.77,,0.0,Fw_190_A-1
cn_t_34_85_d_5t,60.0,94.05,0.0,0.0,4.56,4.89,122.0,90.0,0.0,0.0,3.8,1.76,0.0,,,,,,Т-34-85_(S-53)_(China)
jp_type_98_ke_ni,59.0,100.0,0.0,0.0,4.08,9.59,21.0,50.0,0.0,0.0,1.02,2.05,0.0,,,,,,Ke-Ni
tempest_mkv,59.0,100.0,2.96,2.35,1.07,0.79,40.0,100.0,0.75,0.85,2.44,2.94,0.0,,,,,,Tempest_Mk_V
su_30sm,58.0,45.42,4.12,3.3,0.22,0.1,582.0,56.53,1.07,1.42,1.18,1.55,47.0,74.31,0.66,0.9,0.83,1.15,Су-30СМ
hellcat_fmk1,58.0,100.0,3.11,3.11,6.29,7.08,149.0,65.59,0.41,0.38,2.07,1.8,14.0,,,0.29,,1.0,Hellcat_Mk_II
jp_type_81_tansam,58.0,20.97,1.55,1.39,0.0,0.0,63.0,,,1.0,,0.0,0.0,,,,,,Type_81_(C)
bf-110f-2,57.0,91.11,4.06,4.43,0.69,0.75,0.0,,,,,,0.0,,,,,,Bf_110_F-2
germ_flakpanzer_V_Coelian,57.0,50.0,0.0,0.05,2.96,2.9,518.0,61.85,0.85,0.65,4.04,3.01,8.0,0.0,1.0,,0.0,,Flakpanzer_341
ki_44_2_hei,57.0,64.29,6.57,3.03,0.0,0.1,1.0,100.0,0.0,0.0,0.0,0.0,0.0,,,,,,Ki-44-II_hei
us_m19,57.0,50.0,0.52,0.91,0.82,1.36,121.0,30.39,0.6,0.47,0.81,0.79,0.0,,,,,,M19A1
germ_stug_III_ausf_G,57.0,41.18,0.0,0.0,2.32,2.32,243.0,32.23,0.0,0.0,1.82,1.65,0.0,,,,,,StuG_III_G
f6f-5n,57.0,86.67,2.13,1.59,1.77,1.03,117.0,63.87,0.4,0.24,2.06,1.2,0.0,,,,,,F6F-5N
ussr_bmp_3,57.0,50.0,0.0,0.0,0.17,0.21,1604.0,50.38,0.0,0.0,1.64,1.34,54.0,100.0,0.0,0.0,1.5,0.89,BMP-3
p-40e_ussr,56.0,82.8,4.72,4.44,0.84,0.82,0.0,,,,,,4.0,,,0.0,,0.25,P-40E-1
firefly_mk1,56.0,100.0,2.04,1.1,7.64,4.73,15.0,,,0.0,,2.47,0.0,,,,,,Firefly_F_Mk_I
il_m109a1,56.0,0.0,0.57,0.38,2.68,1.85,31.0,,,0.0,,0.71,0.0,,,,,,Rochev
us_m4a1_76w_sherman,56.0,61.11,0.0,0.0,1.78,1.19,263.0,61.71,0.0,0.0,4.55,3.78,1.0,,,0.0,,2.0,M4A1_(76)_W
us_m3a3_bradley,56.0,50.0,0.0,0.0,1.0,1.0,411.0,50.99,0.0,0.0,0.71,0.64,9.0,,,,,,M3A3_Bradley
germ_le_kpz_m41,56.0,40.38,0.0,0.0,0.5,0.94,723.0,48.57,0.0,0.0,1.16,1.1,0.0,,,,,,leKPz_M41
sw_t_28,55.0,68.75,0.0,0.0,3.06,4.15,12.0,,,0.0,,2.0,0.0,,,,,,T-28
f_15c_golden_eagle,55.0,94.23,5.22,4.37,0.07,0.08,688.0,60.32,2.46,2.91,0.02,0.04,39.0,44.12,0.68,0.65,0.0,0.0,F-15C_Golden_Eagle
a6m3_zero,55.0,,,4.56,,0.0,33.0,0.0,1.63,1.63,2.0,2.0,0.0,,,,,,A6M3
mosquito_j30_sweden,55.0,40.91,2.64,1.62,0.08,0.02,41.0,50.0,1.0,0.56,1.5,0.5,0.0,,,,,,Mosquito_J30
ussr_t_28E,54.0,86.21,0.14,0.13,3.21,3.26,16.0,3.13,0.0,0.0,0.06,0.06,0.0,,,,,,T-28E
us_m26e1_pershing,54.0,100.0,0.0,0.0,7.62,6.13,316.0,76.4,0.0,0.0,4.08,4.36,0.0,,,,,,M26E1
germ_t_34_747,54.0,86.67,0.0,0.0,3.99,3.29,52.0,96.43,0.0,0.0,8.36,5.03,0.0,,,,,,T_34_747_(r)
ki_43_3_otsu,54.0,78.13,7.08,4.69,0.0,0.0,206.0,75.33,0.74,1.13,1.41,1.96,0.0,,,,,,Ki-43-III_otsu
germ_radpanzer_90,54.0,66.67,0.0,0.0,2.0,1.2,446.0,55.01,0.0,0.0,2.72,1.7,0.0,,,,,,Radkampfwagen_90
jp_m47_patton_II,54.0,66.67,0.0,0.0,1.3,0.75,504.0,69.58,0.0,0.0,2.94,2.6,0.0,,,,,,M47
germ_sdkfz_251_9,53.0,100.0,0.0,0.0,5.24,7.31,0.0,,,,,,0.0,,,,,,Sd.Kfz.251/9
fr_amx_13_90,53.0,64.91,0.0,0.0,2.92,2.83,56.0,93.94,0.0,0.0,4.34,2.41,0.0,,,,,,AMX-13-90
uk_challenger_2_megatron,53.0,0.0,0.0,0.0,6.57,4.7,948.0,67.32,0.0,0.0,2.18,1.78,0.0,,,,,,Challenger_2_OES
germ_kv_1_kwk_40,53.0,54.55,0.0,0.0,4.34,4.9,294.0,56.0,0.0,0.0,9.34,4.79,0.0,,,,,,KW_I_C_756_(r)
a6m3_mod22_zero,53.0,94.44,4.44,2.28,0.0,0.0,74.0,77.54,1.71,2.1,0.31,0.34,0.0,,,,,,A6M3_mod._22
germ_leopard_2a4_pzbtl_123,53.0,59.8,0.0,0.0,2.93,4.13,1741.0,43.03,0.0,0.0,1.62,1.36,19.0,,,0.0,,1.0,Leopard_2_(PzBtl_123)
jp_halftrack_m16,52.0,40.0,1.8,4.5,0.2,0.5,30.0,92.86,0.93,0.72,0.0,0.0,0.0,,,,,,M16_MGMC
a_20g_30_ussr,52.0,95.0,0.19,0.1,5.63,4.95,74.0,50.0,0.39,0.32,0.96,1.24,12.0,100.0,1.0,0.5,0.0,0.0,A-20G-30
f_16c_block_52_aesa,52.0,50.0,3.19,3.16,0.47,0.73,1150.0,63.83,0.78,0.93,0.85,1.01,95.0,41.83,0.62,0.75,0.68,0.83,F-16CM_PoBIT
f4u-4,52.0,100.0,2.0,1.55,3.2,0.68,428.0,63.95,0.43,0.34,1.01,0.82,0.0,,,,,,F4U-4
sw_strv_m42_delat_torn,52.0,86.96,0.0,0.0,1.37,1.27,111.0,51.17,0.0,0.0,1.99,1.6,0.0,,,,,,Strv_m/42_DT
sw_sav_m43_1944,52.0,16.67,0.0,0.0,1.73,1.64,0.0,,,,,,0.0,,,,,,Sav_m/43_(1944)
uk_valentine_mk_11,51.0,78.95,0.2,1.0,9.57,18.6,7.0,100.0,0.0,0.0,1.25,1.67,0.0,,,,,,Valentine_XI
germ_sdkfz_6_2_flak36,51.0,26.09,1.78,1.78,3.17,3.17,1.0,,,,,,0.0,,,,,,Sd.Kfz._6/2
lagg-3-35,51.0,100.0,6.6,2.25,1.5,1.5,0.0,,,,,,0.0,,,,,,LaGG-3-35
il_merkava_mk_1,51.0,50.0,0.0,0.0,3.88,2.61,199.0,48.55,0.0,0.0,3.62,2.39,0.0,,,,,,Merkava_Mk.1
us_m22_locust,51.0,65.15,0.0,0.0,2.2,2.57,62.0,76.47,0.0,0.0,1.24,1.05,0.0,,,,,,M22
ussr_btr_152d,51.0,54.17,1.37,3.13,0.23,0.56,292.0,25.1,0.57,0.45,0.04,0.02,0.0,,,,,,BTR-152D
germ_jgdpz_38t,51.0,81.67,0.0,0.0,2.58,2.29,97.0,64.52,0.0,0.0,2.8,2.27,0.0,,,,,,Jagdpanzer_38(t)
f4u-1a_usmc,51.0,53.57,1.27,1.95,0.2,0.18,6.0,,,,,,0.0,,,,,,F4U-1A_(USMC)
p-47n-15,51.0,66.67,1.3,1.27,2.62,1.9,8.0,0.0,0.75,0.75,1.0,1.0,0.0,,,,,,P-47N-15
sw_sav_m43_1946,51.0,33.33,0.0,0.0,0.76,1.0,11.0,0.0,0.0,0.0,0.0,0.0,0.0,,,,,,Sav_m/43_(1946)
fr_leopard_2a4nl,50.0,50.0,0.0,0.0,2.14,2.87,118.0,50.0,0.0,0.0,2.3,2.66,0.0,,,,,,Leopard_2A4NL
germ_leopard_2a7v,50.0,78.79,0.19,0.14,3.85,3.49,2345.0,49.93,0.0,0.0,2.46,1.86,0.0,,,,,,Leopard_2A7V
germ_pzkpfw_38t_Marder_III_ausf_H,50.0,29.57,0.0,0.0,2.15,2.66,54.0,33.33,0.0,0.0,1.23,1.5,0.0,,,,,,Marder_III_H
fw-190f-8,50.0,100.0,4.28,2.61,1.94,1.03,117.0,71.88,0.71,0.81,1.96,1.79,4.0,,,1.0,,1.0,Fw_190_F-8
ussr_t_62,50.0,18.75,0.0,0.0,2.81,2.76,254.0,32.59,0.0,0.0,3.06,1.93,0.0,,,,,,T-62
sw_a_34_comet,50.0,100.0,0.0,0.0,1.38,1.94,79.0,4.17,0.0,0.0,1.54,0.59,0.0,,,,,,Comet_I
jp_type_3_ho_ni_I,49.0,100.0,0.0,0.0,4.85,6.36,8.0,,,,,,0.0,,,,,,Ho-Ni_I
sw_lvkv_90c,49.0,50.0,1.25,2.5,1.79,3.57,238.0,40.31,0.75,0.66,1.21,0.77,0.0,,,,,,Lvkv_9040C
il_centurion_shot_kal_d,49.0,100.0,0.0,0.0,2.96,2.85,125.0,64.52,0.0,0.0,2.75,1.61,0.0,,,,,,Sho't_Kal_Dalet
mig_3_series_1_15_bk_pod,49.0,100.0,4.12,2.06,0.0,0.0,0.0,,,,,,0.0,,,,,,MiG-3-15_(BK)
sw_ikv_72,49.0,38.0,0.06,0.06,1.8,2.1,0.0,,,,,,0.0,,,,,,Ikv_72
btd-1,49.0,41.3,0.59,0.93,0.98,2.63,31.0,93.75,0.0,0.0,5.81,9.14,0.0,,,,,,BTD-1
us_m36b2,49.0,66.67,0.0,0.0,1.69,2.07,452.0,50.28,0.0,0.0,1.92,1.53,0.0,,,,,,M36B2
ussr_pzkpfw_V,48.0,100.0,0.0,0.0,8.15,7.13,76.0,76.25,0.0,0.0,2.71,2.05,0.0,,,,,,T-V
he_115a_2_sweden,48.0,100.0,0.0,0.0,12.18,13.36,0.0,,,,,,0.0,,,,,,T_2
germ_pzkpfw_III_ausf_E,48.0,94.12,0.05,0.06,7.71,5.17,0.0,,,,,,0.0,,,,,,Pz.III_E
it_semovente_m42_75_34,48.0,50.0,0.0,0.0,2.33,4.52,0.0,,,,,,0.0,,,,,,75/34_M42
ussr_btr_zd,48.0,31.67,2.33,3.73,0.2,0.46,332.0,64.95,1.04,0.44,1.26,0.53,14.0,,,,,,BTR-ZD
us_m36,48.0,58.64,0.0,0.0,2.07,2.0,336.0,48.18,0.0,0.0,2.22,2.2,0.0,,,,,,M36_GMC
thunderbolt_mk1,47.0,100.0,1.48,0.92,9.6,5.97,40.0,100.0,0.0,0.0,2.15,2.15,0.0,,,,,,Thunderbolt_Mk.1
p-47d,47.0,87.0,1.08,1.04,4.58,4.34,87.0,65.15,0.32,0.35,0.54,0.41,20.0,,,,,,P-47D-25
lagg-i-301,47.0,,,,,,0.0,,,,,,0.0,,,,,,I-301
us_t95e1,47.0,100.0,0.0,0.0,4.67,3.27,238.0,73.32,0.0,0.0,3.1,2.16,0.0,,,,,,T95E1
spitfire_f24,46.0,100.0,2.85,2.85,4.4,4.4,40.0,97.83,2.85,3.5,3.04,4.6,0.0,,,,,,Spitfire_F_Mk_24
ussr_kv_220,46.0,100.0,0.0,0.0,7.02,7.02,163.0,73.22,0.0,0.0,7.0,4.72,0.0,,,,,,KV-220
a_10a_early,46.0,71.43,3.0,1.13,5.43,1.73,474.0,49.62,0.89,0.86,2.8,2.7,37.0,,,1.0,,3.16,A-10A
sb_2m_103c,46.0,52.35,0.52,3.0,1.72,21.0,0.0,,,,,,0.0,,,,,,SB_2M-103
sw_t_55m,46.0,50.0,0.0,0.0,1.0,2.0,556.0,58.28,0.0,0.0,1.59,1.54,0.0,,,,,,T-55M
mig-21_bis_lazur,46.0,50.0,1.72,1.32,0.5,0.28,633.0,54.66,1.24,1.55,0.48,0.62,8.0,,,5.0,,0.0,"◊MiG-21_""Lazur-M"""
us_xm1_gm,46.0,100.0,0.0,0.0,2.5,2.87,1051.0,60.5,0.0,0.0,2.74,2.12,0.0,,,,,,XM1_(GM)
germ_wiesel_1_mk20,46.0,100.0,1.0,1.0,0.0,0.0,726.0,35.46,0.15,0.1,0.95,0.65,0.0,,,,,,Wiesel_1A4
cn_m48a1_patton_III,46.0,50.0,0.0,0.0,0.53,0.53,90.0,53.7,0.0,0.0,1.56,0.97,0.0,,,,,,M48A1_(China)
jp_m4a3e8_76w_sherman,45.0,82.14,0.16,0.31,4.61,5.84,204.0,79.49,0.0,0.0,4.86,3.15,0.0,,,,,,M4A3_(76)_W
fw-190d-9,45.0,37.1,4.11,4.87,0.08,0.1,245.0,43.2,0.67,0.62,0.99,0.84,0.0,,,,,,Fw_190_D-9
jp_navy_120mm_spg,45.0,65.91,0.0,0.0,2.77,3.27,20.0,30.0,0.0,0.0,2.2,1.35,0.0,,,,,,Chi-Ha_LG
il_magach_6b_gal_batash,45.0,50.0,0.0,0.0,2.03,1.93,100.0,88.89,0.0,0.0,4.86,2.51,0.0,,,,,,Gal_Batash
i-153_m62_zhukovskiy,45.0,95.7,2.31,2.44,0.04,0.06,0.0,,,,,,0.0,,,,,,Zhukovsky's_I-153-M62
mig_3_series_1_15,44.0,100.0,5.0,5.0,1.73,1.73,0.0,,,,,,0.0,,,,,,MiG-3-15
cn_t_34_85_zis_53_no215,44.0,91.67,0.0,0.0,4.63,5.29,0.0,,,,,,0.0,,,,,,T-34-85_No.215
germ_panzerjager_1,44.0,100.0,0.0,0.0,4.75,3.34,32.0,,,0.0,,1.0,0.0,,,,,,Panzerjäger_I
ki_61_2_early,44.0,16.67,1.83,1.86,0.0,0.0,26.0,100.0,1.0,1.0,1.0,1.0,0.0,,,,,,Ki-61-II_Otsu_Kai
p-51d-20_china,44.0,100.0,1.81,1.26,0.31,0.08,26.0,,,0.0,,0.0,0.0,,,,,,P-51D-20_(China)
us_m60a1_rise_passive_era,44.0,31.33,0.0,0.0,0.9,1.13,356.0,54.22,0.0,0.0,2.16,1.95,0.0,,,,,,M60A1_RISE_(P)
it_m36b1,44.0,,,0.0,,0.43,41.0,100.0,0.0,0.0,2.58,1.53,0.0,,,,,,M36B1
su_25k,43.0,0.0,1.0,1.0,3.0,1.29,714.0,59.04,0.64,0.74,1.65,1.94,0.0,,,,,,Su-25K
spitfire_mk5b,43.0,100.0,4.41,5.63,0.58,0.58,19.0,,,,,,0.0,,,,,,Spitfire_Mk_Vb/trop
us_m1a1_hc_abrams,43.0,100.0,0.0,0.0,5.58,5.58,691.0,61.7,0.0,0.0,2.17,1.7,0.0,,,,,,M1A1_HC
germ_leopard_2a5_pso,43.0,53.85,0.0,0.0,1.08,1.94,1140.0,47.51,0.0,0.0,1.44,1.45,0.0,,,,,,Leopard_2_PSO
fr_amx_30_ACRA,43.0,50.0,0.0,0.0,1.0,0.71,16.0,,,,,,0.0,,,,,,AMX-30_ACRA
il_amx_13_75,43.0,50.0,0.0,0.0,0.67,0.79,174.0,29.13,0.0,0.0,3.39,1.73,0.0,,,,,,AMX-13_(Israel)
germ_kv_2_754r,42.0,53.18,0.0,0.0,2.92,6.67,24.0,,,0.0,,3.58,0.0,,,,,,KW_II_754_(r)
uk_challenger_2_dorchester,42.0,50.0,0.0,0.0,3.5,3.5,219.0,48.98,0.0,0.0,1.12,1.11,0.0,,,,,,Challenger_2_(2F)
uk_challenger_II,42.0,66.67,0.0,0.0,2.39,3.61,611.0,53.61,0.0,0.0,1.48,1.35,9.0,,,0.0,,0.0,uk_challenger_ii_shop
b_25j_30_vvs_ussr,42.0,86.54,0.27,0.35,2.58,2.88,0.0,,,,,,0.0,,,,,,B-25J-30
jp_type_90b,42.0,50.0,0.0,0.0,3.64,3.64,824.0,50.12,0.0,0.0,1.8,1.73,0.0,,,,,,Type_90_(B)
saab_jas39c_south_africa,42.0,66.67,2.38,3.03,0.0,0.0,175.0,46.4,1.27,1.5,0.0,0.0,0.0,,,,,,JAS39C
sw_pvkv_II,42.0,100.0,0.0,0.0,5.33,5.55,36.0,83.34,0.0,0.0,4.66,4.33,0.0,,,,,,Pvkv_II
ussr_t_90m_arena_m,42.0,70.0,0.0,0.0,4.33,4.0,396.0,40.25,0.0,0.0,1.93,1.44,0.0,,,,,,Т-90М_(Арена-М)
p-38e,42.0,50.0,1.0,2.0,0.0,0.0,0.0,,,,,,0.0,,,,,,P-38E
jp_type_5_na_to,42.0,40.0,0.2,0.3,1.0,1.3,57.0,66.67,0.0,0.0,5.47,2.91,0.0,,,,,,Na-To
jp_type_61,42.0,26.32,0.0,0.0,1.58,1.93,316.0,52.47,0.0,0.0,2.3,1.65,0.0,,,,,,Type_61
ussr_2s25,42.0,,,0.0,,0.64,860.0,44.34,0.0,0.0,1.35,1.25,0.0,,,,,,2S25
cn_plz_05,42.0,50.0,0.0,0.0,0.61,0.46,197.0,77.98,0.0,0.0,4.45,1.63,0.0,,,,,,PLZ05
yak-4,41.0,100.0,0.13,0.15,8.35,8.76,0.0,,,,,,0.0,,,,,,Yak-4
ussr_is_6,41.0,66.67,0.0,0.0,4.47,6.0,258.0,56.17,0.0,0.0,3.0,2.63,0.0,,,,,,IS-6
ussr_kv_7_u13,41.0,100.0,0.0,0.0,4.94,3.89,37.0,26.67,0.0,0.0,3.77,2.83,0.0,,,,,,KV-7_(U-13)
pe-3_early,41.0,100.0,0.81,0.89,2.22,2.44,0.0,,,,,,0.0,,,,,,Pe-3_(e)
germ_panzerjager_tiger_P_ferdinand,40.0,10.87,0.0,0.0,5.52,6.52,223.0,37.69,0.0,0.0,2.0,2.42,0.0,,,,,,Ferdinand
f-86f-2,40.0,52.94,0.59,1.0,0.05,0.05,92.0,54.49,1.83,2.78,0.35,0.51,0.0,,,,,,F-86F-2
fr_m4a4_sherman,40.0,,,0.0,,2.36,150.0,95.11,0.0,0.0,5.6,4.58,0.0,,,,,,M4A4
p-51d-30_usaaf_korea,40.0,84.0,2.04,1.87,0.6,0.57,71.0,43.55,0.97,1.45,0.66,1.08,65.0,100.0,9.23,3.5,0.0,0.0,P-51D-30
us_m24_chaffee,40.0,100.0,0.0,0.0,2.4,3.65,423.0,70.39,0.0,0.0,3.46,2.2,0.0,,,,,,M24
ussr_t_54_1949,40.0,10.78,0.0,0.0,1.1,1.33,255.0,54.75,0.0,0.0,1.06,1.35,16.0,,,0.0,,2.92,T-54_(1949)
ussr_kv_8,40.0,100.0,0.0,0.0,2.5,5.0,192.0,48.28,0.0,0.0,4.19,2.21,0.0,,,,,,КВ-8
ussr_is_2_1943,40.0,22.0,0.0,0.0,2.1,2.32,538.0,39.39,0.0,0.0,1.93,1.61,0.0,,,,,,IS-2
sw_pbv_501,40.0,0.0,0.0,0.0,0.7,0.65,446.0,45.97,0.0,0.0,1.72,1.06,0.0,,,,,,Pbv_501
cn_t_26_1940,39.0,100.0,0.16,0.0,5.03,5.36,1.0,,,0.0,,0.0,0.0,,,,,,T-26_(China)
ussr_t_90a,39.0,0.0,0.0,0.0,5.2,5.2,962.0,49.07,0.0,0.0,1.56,1.34,12.0,100.0,0.0,0.0,1.0,1.0,Т-90А
il_magach_7c,39.0,50.0,0.0,0.0,1.63,1.9,57.0,100.0,0.0,0.0,4.23,4.26,0.0,,,,,,Magach_7C
cn_m18_hellcat,39.0,25.0,0.0,0.0,3.09,3.78,156.0,55.16,0.0,0.0,2.38,1.74,0.0,,,,,,M18_GMC_(China)
pe-3,38.0,100.0,0.4,0.4,5.67,5.67,0.0,,,,,,0.0,,,,,,Pe-3
us_m1_abrams,38.0,83.33,0.0,0.0,2.26,2.26,1902.0,51.81,0.0,0.0,2.29,1.79,0.0,,,,,,M1_Abrams
p-63a-10_ussr,38.0,100.0,2.31,1.59,2.77,1.15,132.0,96.82,0.38,0.45,3.01,3.3,0.0,,,,,,P-63A-10
firebrand_tf4,38.0,100.0,1.1,1.06,2.9,2.27,40.0,100.0,0.0,0.0,2.0,2.0,0.0,,,,,,Firebrand_TF_Mk_IV
ussr_zsu_23_4m2,38.0,67.86,0.86,1.38,0.25,0.54,155.0,41.37,0.89,1.31,0.21,0.31,0.0,,,,,,ЗСУ-23-4М2
f4u-4b,38.0,50.0,1.45,1.45,0.0,0.0,402.0,71.77,0.57,0.44,2.66,1.96,60.0,,,4.4,,0.0,F4U-4B
ki_61_1a_otsu,38.0,25.0,2.25,2.52,0.75,0.84,0.0,,,,,,37.0,50.0,0.5,0.29,1.61,1.57,Ki-61-I_otsu
il_aml_90,38.0,,,0.0,,0.03,101.0,37.04,0.0,0.0,1.54,0.82,0.0,,,,,,AML-90_(Israel)
jp_sub_i_ii_20mm,37.0,100.0,2.12,2.25,3.96,5.0,841.0,71.7,0.34,0.28,1.44,1.16,0.0,,,,,,SUB-I-II
ussr_rbt_5,37.0,100.0,0.0,0.0,4.82,4.82,0.0,,,,,,0.0,,,,,,RBT-5
pe-3_bis,37.0,89.86,0.41,0.9,4.24,6.8,0.0,,,,,,0.0,,,,,,Pe-3bis
f_16a_block_5_netherlands,37.0,50.0,1.54,1.0,0.0,0.0,6.0,50.0,0.0,0.17,0.0,0.0,0.0,,,,,,◘F-16A
uk_sherman_vc_firefly_kit_3rank,37.0,100.0,0.0,0.0,2.18,1.29,83.0,85.56,0.0,0.0,4.54,3.19,0.0,,,,,,Firefly_(Overlord)
us_rdf_lt,37.0,50.0,0.0,0.0,1.46,1.52,1540.0,63.57,0.09,0.06,1.51,1.19,0.0,,,,,,RDF/LT
f-89d,36.0,66.67,10.0,10.0,0.0,0.0,71.0,64.52,3.34,5.77,0.0,0.0,0.0,,,,,,F-89D
spitfire_f22,36.0,100.0,2.18,2.18,7.15,7.15,61.0,50.0,0.36,0.29,0.64,0.77,0.0,,,,,,Spitfire_F_Mk_22
sw_strv_m31,36.0,100.0,0.0,,1.7,,9.0,50.0,0.0,0.0,1.0,2.0,0.0,,,,,,Strv_m/31
f_15e,36.0,58.33,2.42,1.5,4.08,1.9,838.0,66.65,0.71,0.96,1.71,2.31,30.0,,,1.0,,1.0,F-15E
sw_t_80u,36.0,63.34,0.0,0.0,2.24,2.24,231.0,36.1,0.0,0.0,2.36,1.41,0.0,,,,,,T_80_U
germ_ru251,36.0,100.0,0.0,0.0,7.0,7.0,306.0,52.05,0.0,0.0,4.28,2.85,0.0,,,,,,Ru_251
c_3604,36.0,67.86,2.5,5.11,2.75,1.72,18.0,50.0,0.89,1.6,0.5,1.0,10.0,,,,,,◌С-3604
ussr_su_85m,36.0,66.67,0.0,0.0,1.81,3.0,58.0,10.55,0.0,0.0,1.84,1.77,0.0,,,,,,SU-85M
germ_mkpz_m48a2ga2,36.0,50.0,0.0,0.0,1.5,2.0,436.0,38.29,0.0,0.0,1.62,1.35,0.0,,,,,,M48A2_G_A2
ussr_t_80,36.0,74.14,0.0,0.0,1.67,2.32,0.0,,,,,,0.0,,,,,,T-80
fa_18a_hug_2_raaf,36.0,40.0,1.6,2.2,0.0,0.0,0.0,,,,,,20.0,,,0.0,,0.0,AF/A-18A_Late
us_m4a3e2_76w_sherman_jumbo,36.0,71.43,0.0,0.0,3.54,4.73,836.0,73.23,0.07,0.04,4.15,3.55,0.0,,,,,,M4A3E2_(76)_W
uk_17_pdr_m10_achilles_norfolk_yeomanry,36.0,100.0,0.0,0.0,1.8,1.76,68.0,90.0,0.0,0.0,3.46,4.12,0.0,,,,,,Achilles_(65_Rg.)
fr_arl_44,36.0,100.0,0.0,0.0,2.22,1.4,262.0,54.46,0.0,0.0,2.31,1.54,0.0,,,,,,ARL-44
fa_18c_late,36.0,47.62,1.72,2.11,0.47,0.71,253.0,56.21,1.19,1.15,0.46,0.41,0.0,,,,,,F/A-18C_Late
he-111h-16_winter,36.0,100.0,0.0,0.0,0.0,0.0,109.0,58.6,0.0,0.0,0.76,0.75,0.0,,,,,,He_111_H-16
germ_pzkpfw_IV_ausf_F,35.0,100.0,0.0,0.0,6.89,6.89,34.0,0.0,0.0,0.0,5.94,3.54,0.0,,,,,,Pz.IV_F1
ussr_t_34_1941_l_11,35.0,68.06,0.0,0.0,3.1,3.1,190.0,48.93,0.0,0.0,3.75,2.07,0.0,,,,,,T-34_(1940)
b_239_finland,35.0,0.0,5.33,2.43,0.0,0.0,12.0,66.67,1.33,1.33,1.33,1.33,0.0,,,,,,B-239
il_8_1944,35.0,100.0,1.71,1.05,6.0,3.39,93.0,100.0,0.86,0.34,4.55,1.95,0.0,,,,,,IL-8_(1944)
it_p_26_40,35.0,100.0,0.0,0.0,2.33,2.52,71.0,82.54,0.0,0.0,6.72,8.59,0.0,,,,,,"P40_""G.C._Leoncello"""
ki_44_2_hei_china,35.0,,,4.69,,0.0,36.0,100.0,2.72,4.0,0.5,0.17,0.0,,,,,,Ki-44-II_hei_(China)
it_leopard_2a7_hungary,34.0,100.0,0.0,0.0,7.5,6.15,306.0,64.52,0.0,0.0,4.21,3.12,0.0,,,,,,Leopard_2A7HU
p-63c-5_ussr,34.0,88.24,0.74,0.74,2.97,2.97,44.0,100.0,1.43,1.45,4.1,3.17,0.0,,,,,,P-63C-5
su_25_558arz,34.0,0.0,2.0,1.65,5.0,1.95,137.0,93.1,0.03,0.02,6.36,4.16,0.0,,,,,,Su-25BM
germ_marder_df_105,34.0,,,,,,354.0,31.73,0.0,0.0,1.44,1.24,90.0,58.6,0.0,0.0,2.02,2.64,DF105
yak-3p,34.0,85.42,5.54,6.42,0.0,0.0,221.0,66.2,4.1,5.77,2.39,3.52,61.0,100.0,2.67,1.04,0.0,0.0,Yak-3P
ussr_is_4m,34.0,100.0,0.0,0.0,2.5,2.52,259.0,49.3,0.0,0.0,2.51,2.56,0.0,,,,,,IS-4M
uk_rooikat_za_35,34.0,,,1.0,,1.0,167.0,38.23,0.04,0.03,3.63,1.71,0.0,,,,,,ZA-35
ussr_2s38,34.0,50.0,1.5,1.91,1.08,1.78,2543.0,51.31,0.12,0.12,1.05,0.96,0.0,,,,,,2S38
germ_pzkpfw_35t,34.0,100.0,0.0,0.0,4.96,5.0,0.0,,,,,,0.0,,,,,,Pz.35(t)
firefly_mk4_netherlands,34.0,0.0,3.0,1.23,1.0,0.35,15.0,50.0,0.5,1.0,1.0,2.0,0.0,,,,,,◘Firefly_F.Mk.IV
germ_mkpz_m48a2c,34.0,50.0,0.0,0.0,1.56,1.65,278.0,23.67,0.0,0.0,1.34,0.88,75.0,53.76,0.0,0.0,1.27,1.81,M48A2_C
jp_st_a3,34.0,77.27,0.0,0.0,1.0,1.34,381.0,57.6,0.0,0.0,2.01,1.93,0.0,,,,,,ST-A3
jp_type_99,34.0,75.0,0.0,0.0,1.0,0.19,400.0,77.86,0.9,1.13,1.7,2.19,0.0,,,,,,Type_99
sw_bt_42,34.0,50.0,0.0,0.0,0.55,1.02,56.0,50.0,0.0,0.0,1.64,1.59,0.0,,,,,,BT-42
su_33,34.0,,,0.0,,0.0,582.0,49.96,1.32,1.03,0.07,0.06,43.0,100.0,2.0,1.45,0.0,0.0,Су-33
yak-1b_luftwaffe,33.0,100.0,6.43,4.44,1.0,0.44,25.0,50.0,2.75,1.83,0.0,0.0,0.0,,,,,,Yak-1B
bf-109e-4,33.0,,,2.71,,1.0,26.0,100.0,0.0,,0.0,,0.0,,,,,,Bf_109_E-4
p-51k,33.0,73.21,1.23,1.74,0.0,0.0,10.0,,,,,,0.0,,,,,,P-51K_(China)
mig_23mld,33.0,100.0,4.0,2.18,1.0,0.23,94.0,64.13,2.18,1.67,0.0,0.0,6.0,,,2.0,,0.0,MiG-23MLD
mig-21_bis,33.0,50.0,2.5,1.3,1.0,0.3,2.0,100.0,0.0,0.0,0.0,0.0,0.0,,,,,,MiG-21bis
ussr_zsu_23_4,33.0,0.0,0.85,0.85,0.0,0.0,122.0,5.36,1.01,1.12,0.06,0.06,0.0,,,,,,ZSU-23-4
yak-38m,33.0,,,0.77,,0.0,20.0,83.33,0.0,0.0,0.0,0.0,0.0,,,,,,Yak-38M
a-20g,32.0,100.0,0.77,0.77,4.77,4.77,0.0,,,,,,0.0,,,,,,A-20G-25
bf-109g-2,32.0,80.56,4.14,4.63,1.53,1.55,54.0,100.0,2.0,1.69,0.0,1.0,0.0,,,,,,Bf_109_G-2/trop
ussr_kv_2_1940,32.0,100.0,0.8,0.75,6.2,4.33,0.0,,,,,,0.0,,,,,,KV-2_(1940)
p-39n,32.0,100.0,3.74,3.91,0.87,0.96,16.0,,,1.0,,2.0,0.0,,,,,,P-39N-0
typhoon_mk1b_late,32.0,0.0,5.0,2.53,1.0,0.5,156.0,77.31,1.66,2.8,1.33,2.22,0.0,,,,,,Typhoon_Mk_Ib/L
hurricane_mk1c,32.0,100.0,2.29,2.0,1.0,0.33,0.0,,,,,,0.0,,,,,,Sea_Hurricane_Mk_IC
spitfiremkii,32.0,100.0,4.83,4.83,0.42,0.42,17.0,,,1.0,,1.0,0.0,,,,,,Spitfire_Mk_IIb
fr_vcac_mephisto,32.0,50.0,0.0,0.0,1.0,1.27,229.0,52.54,0.0,0.0,2.53,2.06,0.0,,,,,,MEPHISTO
ussr_zsu_37_2,32.0,50.0,0.78,1.56,0.0,0.0,164.0,55.88,0.38,0.53,0.48,0.47,0.0,,,,,,ZSU-37-2
fr_m4a1_sherman,32.0,0.0,0.0,0.0,0.0,2.1,33.0,100.0,0.0,0.0,2.13,1.59,0.0,,,,,,M4A1
mig_23m,32.0,100.0,2.89,0.73,0.0,0.0,13.0,,,1.0,,0.0,39.0,,,1.1,,0.0,MiG-23M
tu-2_postwar_late,32.0,33.33,0.0,0.0,1.08,0.73,99.0,90.74,0.64,0.67,7.46,7.67,10.0,100.0,0.0,0.0,1.0,1.0,Tu-2S-59
germ_pzkpfw_III_ausf_M,31.0,96.08,0.0,0.0,3.24,2.77,94.0,100.0,0.0,0.0,11.06,2.64,0.0,,,,,,Pz.III_M
it_kf_41,31.0,75.64,0.0,0.0,2.78,2.32,73.0,61.9,0.0,0.0,1.56,1.76,0.0,,,,,,KF41
p-400,31.0,10.18,2.24,2.44,0.21,0.17,0.0,,,,,,0.0,,,,,,P-400
uk_a25_mk_8,31.0,,,0.0,,1.8,18.0,50.0,0.0,0.0,1.5,3.0,0.0,,,,,,Harry_Hopkins_I
fw-190a-5_cannons,31.0,80.56,2.22,2.0,1.58,1.47,23.0,,,1.0,,0.17,0.0,,,,,,Fw_190_A-5
uk_chieftain_mk_5,31.0,100.0,0.0,0.0,3.63,3.0,63.0,62.5,0.0,0.0,2.63,1.56,0.0,,,,,,Chieftain_Mk_5
ussr_t_28_1938,31.0,,,0.0,,2.33,1.0,,,0.0,,2.0,0.0,,,,,,T-28_(1938)
sm_92,31.0,100.0,2.0,2.16,0.8,0.55,22.0,57.89,0.05,0.11,0.0,0.0,0.0,,,,,,SM.92
i_225,31.0,0.0,4.0,2.6,0.0,0.0,87.0,33.33,1.69,1.0,1.18,0.85,0.0,,,,,,I-225
cn_vt_4,31.0,51.11,0.0,0.0,1.03,1.38,42.0,34.61,0.0,0.0,1.54,1.08,0.0,,,,,,VT4
cf_188a_canada,31.0,38.33,1.2,1.3,0.0,0.0,348.0,47.74,1.01,1.22,0.15,0.21,0.0,,,,,,CF-188A
fa_18a_raaf,31.0,0.0,1.0,1.0,0.0,0.0,30.0,29.17,1.4,1.6,0.0,0.0,22.0,,,1.0,,0.0,F/A-18A
mosquito_fb_mk6_ash_norway,31.0,,,1.0,,2.9,0.0,,,,,,0.0,,,,,,◢Mosquito_FB.Mk.VI_ASH
fr_amx_30_b2,31.0,96.88,0.0,0.0,3.28,3.28,239.0,61.95,0.0,0.0,2.91,2.02,0.0,,,,,,AMX-30B2
tornado_f3_late,31.0,20.0,0.8,1.0,0.0,0.0,3.0,,,1.0,,0.0,0.0,,,,,,Tornado_F.3_Late
la_174,30.0,80.0,6.0,7.5,0.6,0.8,0.0,,,,,,0.0,,,,,,La-174
f_16a_block_20_mlu,30.0,50.0,6.0,6.0,1.0,1.0,9.0,16.67,0.56,1.11,0.33,0.67,0.0,,,,,,F-16A_MLU_(China)
f-4s,30.0,100.0,6.0,2.32,1.0,0.1,494.0,47.13,1.28,1.37,0.08,0.09,0.0,,,,,,F-4S_Phantom_II
pe-2-1,30.0,100.0,0.31,0.31,4.0,4.0,25.0,,,0.0,,0.0,0.0,,,,,,Pe-2-1
hurricanemkii_ussr,30.0,100.0,2.94,2.61,0.83,0.38,0.0,,,,,,0.0,,,,,,Hurricane_Mk_IIB
bf-109g-6_erla_finland,30.0,,,2.09,,0.0,13.0,100.0,1.0,,0.27,,0.0,,,,,,Bf_109_G-6_Erla
ki_10_1,30.0,,,,,,0.0,,,,,,0.0,,,,,,Ki-10-I
f-4e,30.0,90.48,4.43,4.28,2.62,2.52,424.0,53.11,1.23,1.43,0.44,0.47,30.0,50.0,2.0,2.22,3.0,1.17,F-4E_Phantom_II
germ_sturmpanzer_IV_brummbar,30.0,87.5,0.11,0.11,3.13,3.07,37.0,100.0,0.0,0.0,1.43,1.2,0.0,,,,,,Brummbär
il_2_1941,30.0,100.0,1.18,1.15,0.95,1.27,33.0,,,1.0,,2.0,0.0,,,,,,IL-2_(1941)
jp_st_a2,30.0,75.0,0.0,0.0,2.34,3.9,67.0,87.5,0.0,0.0,4.59,2.3,0.0,,,,,,ST-A2
mig-19pt,30.0,75.0,0.84,1.12,0.0,0.0,69.0,78.99,2.6,1.6,0.0,0.0,0.0,,,,,,MiG-19PT
sea_harrier_fa2,30.0,0.0,1.0,1.0,0.0,0.0,24.0,50.0,0.0,0.0,0.0,0.0,0.0,,,,,,Sea_Harrier_FA_2
p-38l,30.0,50.0,0.5,0.32,0.0,0.0,21.0,100.0,2.0,2.0,0.0,0.0,0.0,,,,,,P-38L-5-LO
us_m26_t99,29.0,100.0,0.0,0.0,6.5,8.75,12.0,,,0.0,,4.67,0.0,,,,,,M26_T99
re_2000_heja_2,29.0,100.0,3.74,3.74,0.0,0.0,0.0,,,,,,0.0,,,,,,◔Héja_II
p-63c-5,29.0,,,0.48,,2.83,65.0,56.86,1.02,1.17,0.71,1.15,0.0,,,,,,P-63C-5
su_27sm,29.0,48.61,3.53,3.61,0.11,0.11,363.0,65.14,2.05,2.08,0.1,0.08,7.0,,,1.0,,0.0,Su-27SM
us_t26e5,29.0,100.0,0.0,0.0,2.0,4.79,1050.0,67.94,0.0,0.0,4.51,4.07,0.0,,,,,,T26E5
p-47d_30_italy,29.0,0.0,1.0,1.0,1.0,0.62,87.0,86.21,0.05,0.05,1.71,1.37,51.0,50.0,0.5,0.83,0.5,0.83,P-47D-30
ussr_zis_30,29.0,,,,,,8.0,0.0,0.0,0.0,3.75,3.75,0.0,,,,,,ZiS-30
ussr_t_72b3_arena_m,29.0,53.33,0.0,0.0,1.6,1.73,910.0,41.07,0.0,0.0,1.16,1.26,0.0,,,,,,Т-72Б3А
f_16a_block_15_adf,29.0,16.67,1.83,2.83,0.83,0.25,82.0,57.89,1.84,1.47,0.0,0.0,6.0,,,,,,F-16A_ADF
me-410a-1_u2,29.0,100.0,0.44,0.61,0.56,0.39,0.0,,,,,,0.0,,,,,,Me_410_A-1/U2
su_34,29.0,62.5,3.5,2.53,0.38,0.18,485.0,56.24,0.52,0.6,0.97,1.07,84.0,,,1.54,,3.07,Су-34
mig-21_smt,29.0,0.0,1.0,0.84,0.0,0.0,231.0,66.39,2.91,4.81,0.37,0.61,14.0,,,,,,MiG-21SMT
fr_char_2c_bis,28.0,75.0,0.0,,2.0,,0.0,,,,,,0.0,,,,,,2C_bis
it_as_42_47,28.0,100.0,0.0,0.0,3.0,2.62,0.0,,,,,,0.0,,,,,,AS_42/47
a6m2_mod11,28.0,100.0,8.0,8.0,0.0,0.0,0.0,,,,,,0.0,,,,,,A6M2_mod._11
ussr_bt_7_m,28.0,50.0,0.0,0.0,2.93,5.09,81.0,70.83,0.0,0.0,2.06,1.82,0.0,,,,,,BT-7M
uk_chieftain_mk_3,28.0,100.0,0.0,0.0,4.75,2.88,58.0,,,0.0,,3.14,0.0,,,,,,Chieftain_Mk_3
sw_strf_9056,28.0,100.0,0.0,0.0,2.0,2.0,155.0,20.48,0.32,0.24,1.19,0.91,0.0,,,,,,Strf_9040_BILL
cn_type_64,28.0,50.0,0.0,0.0,1.1,1.83,87.0,66.67,0.0,0.0,4.13,3.4,0.0,,,,,,M64
fr_lorraine_40t,28.0,100.0,0.0,0.0,5.0,4.69,292.0,71.75,0.0,0.0,3.96,2.58,32.0,20.69,0.0,0.0,1.05,1.52,Lorraine_40t
jp_type_93,28.0,64.29,1.64,2.43,0.29,0.0,213.0,49.46,1.34,1.37,0.0,0.0,0.0,,,,,,Type_93
yak-9b,28.0,100.0,3.5,1.58,7.5,2.46,13.0,,,0.0,,1.22,0.0,,,,,,Yak-9B
it_pzkpfw_IV_ausf_G,28.0,100.0,0.0,0.0,2.43,2.86,25.0,,,0.0,,1.8,0.0,,,,,,Pz.IV_G
f-82e,28.0,100.0,1.71,1.67,0.0,0.0,95.0,90.0,1.14,0.8,1.1,0.79,0.0,,,,,,F-82E
f9f-2,28.0,8.82,1.0,1.0,0.5,0.5,139.0,42.62,0.35,0.31,0.83,0.86,0.0,,,,,,F9F-2
us_m3_bradley,28.0,50.0,0.0,0.0,0.0,0.0,596.0,55.36,0.0,0.0,1.2,1.01,0.0,,,,,,M3_Bradley
f_14a_iriaf,27.0,100.0,5.81,5.81,0.0,0.0,215.0,65.45,3.18,1.92,0.0,0.0,14.0,,,2.0,,0.0,F-14A_IRIAF
germ_pzkpfw_III_ausf_B,27.0,100.0,0.0,,2.0,,0.0,,,,,,0.0,,,,,,Pz.III_B
ussr_kv_2_1939,27.0,100.0,0.0,0.0,4.81,3.95,55.0,75.27,0.0,0.0,2.54,3.4,0.0,,,,,,KV-2_(1939)
cn_type_65_aa,27.0,33.33,1.33,2.0,0.67,1.0,30.0,50.0,0.0,0.0,0.0,0.48,0.0,,,,,,Phòng_không_T-34
ussr_m4a2_76w_sherman,27.0,100.0,0.0,0.0,4.8,5.0,221.0,67.92,0.0,0.0,3.84,2.83,0.0,,,,,,M4A2
fr_jaguar_ebrc,27.0,50.0,0.5,0.5,2.33,2.33,563.0,42.6,0.05,0.05,1.2,0.98,0.0,,,,,,EBRC_Jaguar
lagg-3-11,27.0,100.0,5.05,5.26,0.79,0.65,0.0,,,,,,0.0,,,,,,LaGG-3-11
us_m1a1_aim_abrams,27.0,50.0,0.0,0.0,2.0,3.33,1706.0,62.9,0.0,0.0,1.82,1.64,2.0,,,0.0,,0.0,M1A1_AIM
ussr_is_1_kit_3rank,27.0,100.0,0.0,0.0,1.0,1.0,136.0,40.96,0.0,0.0,1.62,1.45,0.0,,,,,,ИС-1_('45)
ussr_kv_122,27.0,100.0,0.0,0.0,1.56,2.0,32.0,14.29,0.0,0.0,3.61,2.86,0.0,,,,,,KV-122
cn_m4a1_76w_sherman,27.0,35.71,0.0,0.0,5.0,3.97,52.0,100.0,0.0,0.0,6.0,6.57,0.0,,,,,,M4A1_(75)_W_(China)
bf-109e-1,27.0,,,2.48,,0.0,49.0,3.57,1.21,1.29,0.96,1.0,13.0,,,,,,Bf_109_E-1
it_sherman_vc_firefly,27.0,100.0,0.0,0.0,1.07,1.0,43.0,3.57,0.0,0.0,2.71,1.35,0.0,,,,,,Sherman_Vc
sw_t_54_1951,27.0,42.31,0.08,0.05,1.58,1.38,160.0,27.04,0.0,0.0,1.69,1.26,0.0,,,,,,T-54
jp_st_a1,27.0,3.51,0.0,0.0,1.07,1.11,162.0,97.22,0.0,0.0,6.33,2.15,0.0,,,,,,ST-A1
he_112b_0,27.0,,,1.0,,0.3,1.0,,,0.0,,0.0,0.0,,,,,,He_112_B-0
re_2000_ga,27.0,,,1.0,,0.0,0.0,,,,,,0.0,,,,,,Re.2000_G.A.
germ_flakpanzer_IV_Wirbelwind,27.0,100.0,1.0,1.0,0.0,0.0,459.0,41.2,1.35,1.44,0.25,0.26,0.0,,,,,,Wirbelwind
p_108a_serie2,27.0,,,0.0,,0.0,0.0,,,,,,0.0,,,,,,P.108A_serie_2
h8k2,27.0,100.0,0.0,0.0,0.0,0.0,0.0,,,,,,0.0,,,,,,H8K2
germ_pzkpfw_II_ausf_H,26.0,70.0,0.3,0.6,8.5,13.0,70.0,50.0,0.0,0.0,1.97,1.9,0.0,,,,,,Pz.II_H
f_6c_pakistan,26.0,69.23,7.27,9.0,0.0,0.0,52.0,57.94,1.75,2.57,0.0,0.0,0.0,,,,,,F-6C
uk_conqueror_mk_2,26.0,100.0,0.0,,3.0,,257.0,59.54,0.0,0.0,2.17,1.9,0.0,,,,,,Conqueror
fr_m46_patton,26.0,64.82,0.0,0.0,2.21,3.44,28.0,50.0,0.0,0.0,1.32,1.93,0.0,,,,,,M46
germ_pzkpfw_VI_ausf_h1_tiger_animal_version,26.0,64.45,0.15,0.19,4.05,4.5,0.0,,,,,,0.0,,,,,,␠Tiger
sw_kv_1_1942_fin,26.0,98.25,0.38,0.4,4.28,4.1,38.0,80.0,0.0,0.0,5.46,5.46,0.0,,,,,,KV-1_m1942
ussr_t_34_1941_cast_turret,26.0,100.0,0.0,0.0,2.21,6.0,48.0,50.0,0.0,0.0,1.09,2.18,0.0,,,,,,T-34_(1st_Gv.T.Br.)
us_m18_super_hellcat,26.0,100.0,0.0,0.0,2.0,3.67,456.0,72.64,0.0,0.0,2.46,2.21,20.0,,,,,,Super_Hellcat
us_m60a1,26.0,100.0,0.0,0.0,1.69,1.0,408.0,62.77,0.0,0.0,1.99,2.02,0.0,,,,,,M60A1_(AOS)
f_15c_msip2,26.0,16.67,1.0,1.04,0.5,0.38,247.0,65.67,2.16,1.82,0.19,0.19,55.0,,,0.75,,0.0,F-15C_MSIP_II
mig_29_9_13,26.0,50.0,2.75,2.75,0.0,0.0,42.0,100.0,2.09,1.72,0.22,0.22,0.0,,,,,,MiG-29
p-36g,26.0,,,1.54,,0.15,0.0,,,,,,0.0,,,,,,P-36G
us_m55,26.0,0.0,0.0,0.0,1.2,1.19,7.0,,,0.0,,3.0,0.0,,,,,,M55
i_180,25.0,,,3.16,,0.0,19.0,31.25,0.31,0.26,0.69,1.0,0.0,,,,,,I-180S
uk_vickers_mbt_mk_1,25.0,100.0,0.0,0.0,3.0,2.44,401.0,50.39,0.0,0.0,1.63,1.37,0.0,,,,,,Vickers_Mk.1
it_m14_41_47_40,25.0,,,0.0,,1.92,2.0,,,0.0,,1.0,0.0,,,,,,M14/41_(47/40)
il_centurion_shot_kal_gimel,25.0,100.0,0.0,0.0,3.21,3.26,162.0,62.31,0.0,0.0,2.27,2.36,0.0,,,,,,Sho't_Kal_Gimel
la-9,25.0,50.0,6.8,3.87,0.0,0.67,69.0,77.42,1.73,1.82,0.0,0.0,0.0,,,,,,La-9
it_fiat_6616_cockerill,25.0,50.0,0.0,0.0,1.0,1.0,213.0,67.94,0.0,0.0,1.59,1.02,0.0,,,,,,AUBL/74
a6m2_zero,25.0,100.0,2.39,2.39,0.0,0.0,3.0,,,1.0,,1.0,14.0,,,,,,A6M2
fa_18c_switzerland,25.0,,,1.08,,0.0,1526.0,54.28,1.09,1.23,0.08,0.09,87.0,,,0.86,,0.0,◌F/A-18C
sw_bmp_2md,25.0,,,0.0,,1.0,38.0,38.89,0.0,0.0,1.94,1.91,0.0,,,,,,BMP-2MD
sw_landsverk_ush_204_gk,25.0,,,,,,157.0,11.56,0.89,0.94,0.11,0.11,0.0,,,,,,U-SH_204_GK
sw_strv_m40l,25.0,,,,,,0.0,,,,,,0.0,,,,,,Strv_m/40L
germ_pzkpfw_III_ausf_J,24.0,,,,,,9.0,,,0.0,,2.2,0.0,,,,,,Pz.III_J1
su-8,24.0,100.0,0.69,0.69,4.27,4.27,0.0,,,,,,0.0,,,,,,Su-8
it_breda_52_autocannone,24.0,100.0,0.0,0.0,4.06,5.43,68.0,80.86,0.0,0.0,2.58,1.66,0.0,,,,,,Breda_90/53
spitfire_mk1,24.0,,,4.0,,0.0,0.0,,,,,,0.0,,,,,,Spitfire_Mk_Ia
sw_leopard_2a6nl,24.0,100.0,0.0,0.0,3.0,4.42,26.0,50.0,0.0,0.0,3.36,3.22,0.0,,,,,,Leopard_2A6
douglas_ad_2,24.0,100.0,2.0,2.0,2.78,2.47,40.0,100.0,0.0,0.0,1.52,0.96,0.0,,,,,,AD-2
spitfire_mk5c,24.0,100.0,2.0,2.0,1.5,1.5,22.0,100.0,2.5,3.0,4.5,5.0,43.0,,,3.35,,0.0,Spitfire_Mk_Vc/trop
fw-190a-5_u2,24.0,100.0,3.64,4.08,1.5,0.5,10.0,0.0,0.0,,0.0,,0.0,,,,,,Fw_190_A-5/U2
it_semovente_m41m_90,24.0,100.0,0.0,,1.75,,100.0,70.18,0.0,0.0,3.85,3.86,0.0,,,,,,90/53_M41M
mig_23mf_germany,24.0,50.0,0.82,1.3,0.24,0.3,1.0,0.0,1.0,1.0,0.0,0.0,2.0,,,,,,◊MiG-23MF
uk_centurion_mk_3,24.0,,,0.0,,1.58,126.0,61.88,0.0,0.0,1.85,1.67,0.0,,,,,,Centurion_Mk_3
us_xm_8,24.0,,,0.0,,2.58,95.0,100.0,0.0,0.0,4.48,2.26,0.0,,,,,,XM8
f-104a,24.0,52.94,1.02,1.84,0.0,0.0,0.0,,,,,,0.0,,,,,,F-104A
p-38j,24.0,50.0,0.5,0.42,0.5,1.0,0.0,,,,,,0.0,,,,,,P-38J-15
p-63a-5,24.0,100.0,1.0,1.0,0.0,0.0,17.0,,,0.0,,0.12,0.0,,,,,,P-63A-5
il_m48a1_patton_III,24.0,50.0,0.29,0.58,1.21,2.42,134.0,66.4,0.0,0.0,1.62,1.08,0.0,,,,,,Magach_1
fr_leopard_2a5nl,24.0,100.0,0.0,0.0,1.0,1.0,5.0,,,0.0,,1.0,0.0,,,,,,Leopard_2A5NL
fr_amx_32_105,24.0,100.0,0.0,0.0,1.75,1.75,471.0,50.78,0.0,0.0,2.04,1.65,0.0,,,,,,AMX-32_(105)
cn_is_2_1944,24.0,,,0.0,,0.75,45.0,,,,,,0.0,,,,,,IS-2_(1944)_(China)
sw_pt_76b,24.0,50.0,0.0,0.0,1.0,0.78,261.0,41.39,0.0,0.0,1.08,0.94,0.0,,,,,,PT-76
fr_amx_10rc,24.0,,,0.0,,0.32,72.0,65.22,0.0,0.0,2.22,1.53,0.0,,,,,,AMX-10RC
beaufighter_mk21,23.0,100.0,0.36,0.61,5.07,5.35,9.0,,,0.0,,1.0,0.0,,,,,,Beaufighter_Mk_21
germ_kv_1B_finland,23.0,100.0,0.0,0.0,5.0,6.93,67.0,76.34,0.0,0.0,8.16,10.79,0.0,,,,,,KV-IB
p-47d_ussr,23.0,85.19,1.74,1.88,8.86,10.96,92.0,52.72,0.17,0.22,1.05,1.44,0.0,,,,,,P-47D-27
fr_amx_13_chaffee,23.0,61.54,0.38,0.38,2.38,2.38,5.0,100.0,0.0,0.0,3.5,2.0,0.0,,,,,,AMX-13-M24
il_merkava_mk_3b,23.0,,,,,,260.0,57.9,0.0,0.0,1.65,1.69,0.0,,,,,,Merkava_Mk.3B
il_merkava_mk_3c,23.0,,,0.0,,2.78,396.0,59.91,0.02,0.02,2.15,1.9,0.0,,,,,,Merkava_Mk.3C
fr_m36b2_cefeo,23.0,100.0,0.0,0.0,3.43,3.43,128.0,58.33,0.0,0.0,1.29,1.32,0.0,,,,,,M36B2
er-2_m105_mv3,23.0,100.0,0.0,0.0,2.57,2.57,0.0,,,,,,0.0,,,,,,Yer-2_(M-105)
it_of_40_mtca,23.0,,,0.0,,4.17,987.0,65.52,0.0,0.0,4.4,3.16,27.0,4.35,0.0,0.0,2.0,2.0,OF-40_(MTCA)
germ_flakpz_1a2_Gepard,23.0,100.0,1.0,1.29,0.0,0.29,555.0,39.27,0.85,0.55,0.73,0.46,0.0,,,,,,Gepard_1A2
sw_strv_104,23.0,,,0.0,,1.0,385.0,49.68,0.0,0.0,2.18,1.71,0.0,,,,,,Strv_104
ussr_t_60_1941,23.0,100.0,0.0,0.0,1.0,1.0,0.0,,,,,,0.0,,,,,,T-60
us_m1a2_sep_abrams,23.0,,,0.0,,3.7,1957.0,63.65,0.0,0.0,1.82,1.72,0.0,,,,,,M1A2_SEP
uk_g6_spg,23.0,,,0.0,,0.87,20.0,50.0,0.0,0.0,0.5,0.88,0.0,,,,,,G6
jp_m41_walker_bulldog,23.0,,,0.0,,0.11,531.0,60.45,0.1,0.1,2.71,3.09,0.0,,,,,,M41A1
f-4jk,23.0,0.0,0.3,0.39,0.0,0.0,103.0,23.87,1.0,0.85,0.31,0.29,1.0,,,,,,F-4J(UK)_Phantom_II
germ_sdkfz_234_1,23.0,,,,,,52.0,59.85,0.0,0.0,1.68,1.93,0.0,,,,,,Sd.Kfz.234/1
tornado_ids_de_mfg,22.0,56.25,0.45,0.43,5.88,5.6,10.0,,,,,,0.0,,,,,,◄Tornado_IDS_MFG
fr_amx_32,22.0,81.82,0.0,0.0,3.27,2.25,328.0,59.23,0.0,0.0,2.0,1.83,0.0,,,,,,AMX-32
ussr_t_35,22.0,0.0,0.0,0.0,2.0,1.57,0.0,,,,,,0.0,,,,,,T-35
fr_m4a1_sherman_fl_10,22.0,,,0.0,,1.0,48.0,100.0,0.0,0.0,5.0,2.39,0.0,,,,,,M4A1_(FL10)
it_44m_zrinyi_1,22.0,100.0,0.0,,2.0,,13.0,,,0.0,,1.54,0.0,,,,,,Zrinyi_I
p-36c,22.0,,,1.98,,0.0,0.0,,,,,,0.0,,,,,,P-36C
mb_157,22.0,35.0,4.8,4.8,0.35,0.35,132.0,75.92,2.46,8.06,0.3,1.36,0.0,,,,,,M.B.157
i-16_type17_china,22.0,,,1.74,,0.26,0.0,,,,,,0.0,,,,,,I-16_type_17_(China)
fj_4b,22.0,50.0,1.44,1.35,0.0,0.0,13.0,100.0,3.0,,0.0,,0.0,,,,,,FJ-4B
germ_m44,22.0,100.0,0.0,0.0,3.0,2.9,56.0,30.0,0.0,0.0,0.96,0.83,0.0,,,,,,M44
a5m4,22.0,,,1.0,,0.27,0.0,,,,,,0.0,,,,,,A5M4
yak-15_early,22.0,,,2.0,,0.0,44.0,100.0,2.83,1.45,0.27,0.36,0.0,,,,,,Yak-15P
sw_pvkv_m43_1963,22.0,34.21,0.0,0.0,1.66,3.0,82.0,64.91,0.0,0.0,0.78,0.72,0.0,,,,,,Pvkv_m/43_(1963)
uk_centurion_mk_1,22.0,100.0,0.0,0.0,2.41,2.41,131.0,77.47,0.0,0.0,4.48,4.02,0.0,,,,,,Centurion_Mk_1
it_2s1,22.0,,,,,,37.0,100.0,0.0,0.0,2.0,0.86,0.0,,,,,,◔2S1
ussr_object_775,22.0,,,,,,302.0,55.44,0.0,0.0,3.71,1.78,0.0,,,,,,Object_775
la-9_china,22.0,,,1.29,,0.0,19.0,,,,,,0.0,,,,,,La-9_(China)
fr_amx_13_dca_40,22.0,100.0,0.0,0.0,1.0,0.58,311.0,55.84,0.01,0.0,1.39,0.75,0.0,,,,,,AMX-13_DCA_40
il_zsu_57_2,22.0,,,0.32,,2.74,193.0,35.48,0.0,0.0,2.78,1.57,0.0,,,,,,ZSU-57-2_(Israel)
fr_amx_40,22.0,40.91,0.0,0.0,1.5,1.68,295.0,44.94,0.0,0.0,1.84,1.32,0.0,,,,,,AMX-40
sw_ikv_91,22.0,50.0,0.0,0.0,0.5,0.5,320.0,44.69,0.0,0.0,1.52,1.25,0.0,,,,,,Ikv_91
jp_type_3_chi_nu,22.0,50.0,0.0,0.0,1.3,2.6,73.0,,,0.0,,1.97,0.0,,,,,,Chi-Nu
us_adats_bradley,22.0,50.0,0.0,0.0,0.0,0.0,847.0,47.7,0.91,0.45,0.61,0.3,0.0,,,,,,ADATS
su-6_m71,21.0,66.67,0.3,0.5,4.17,6.29,46.0,90.0,0.75,0.71,3.45,2.69,14.0,0.0,0.0,0.0,2.0,2.0,Su-6_(M-71F)
mosquito_f_mk2_norway,21.0,,,,,,0.0,,,,,,0.0,,,,,,◢Mosquito_F.Mk.II
f6f-5_france,21.0,100.0,1.57,1.5,3.0,2.44,192.0,80.67,0.78,0.95,1.98,2.43,0.0,,,,,,F6F-5
su_25,21.0,100.0,1.56,1.0,1.67,0.97,182.0,47.65,0.78,0.99,0.82,1.1,43.0,,,0.0,,0.0,Su-25
sw_strf_90b,21.0,,,,,,249.0,52.93,0.1,0.08,1.76,1.39,0.0,,,,,,Strf_9040B
germ_pzkpfw_III_ausf_N,21.0,,,0.0,,2.27,31.0,86.36,0.0,0.0,6.64,6.64,0.0,,,,,,Pz.III_N
ussr_t_80b,21.0,100.0,0.0,0.0,4.0,1.56,1532.0,56.01,0.0,0.0,1.9,1.63,0.0,,,,,,T-80B
ussr_su_122,21.0,100.0,0.0,0.0,1.76,1.76,93.0,30.36,0.0,0.0,1.71,1.01,0.0,,,,,,SU-122
p-36a,21.0,,,,,,0.0,,,,,,0.0,,,,,,P-36A
it_m18_hellcat,21.0,,,0.0,,1.37,241.0,67.96,0.0,0.0,2.53,2.66,0.0,,,,,,M18
ussr_gaz_mm_72k,21.0,100.0,0.0,0.0,1.33,1.33,2.0,,,,,,0.0,,,,,,GAZ-MM_(72-K)
ussr_t_50,21.0,,,0.0,,1.14,62.0,34.7,0.0,0.0,1.34,1.24,0.0,,,,,,T-50
spitfire_ix,21.0,,,,,,1.0,50.0,0.5,1.0,0.0,0.0,75.0,5.0,6.85,2.25,0.0,0.0,Spitfire_LF_Mk_IX
spitfire_mk14c,20.0,100.0,11.5,11.5,0.0,0.0,19.0,100.0,1.0,1.0,0.8,0.67,0.0,,,,,,Spitfire_F_Mk_XIVc
mc-205_serie1,20.0,100.0,7.0,6.27,0.0,0.0,0.0,,,,,,0.0,,,,,,C._205_serie_1
tornado_ids_de_wtd61,20.0,54.17,0.55,0.55,7.13,7.13,190.0,37.5,0.92,0.83,0.99,0.94,0.0,,,,,,◄Tornado_IDS_WTD61
su-2_tss1,20.0,100.0,1.0,0.5,17.0,8.5,0.0,,,,,,0.0,,,,,,Su-2_TSS-1
mig-15,20.0,75.0,4.5,6.0,0.3,0.3,75.0,30.11,2.41,2.08,0.25,0.17,0.0,,,,,,MiG-15bis
mosquito_fb_mk6,20.0,100.0,1.35,1.35,1.55,1.55,8.0,100.0,4.0,,0.0,,0.0,,,,,,Mosquito_FB_Mk_VI
i-153p,20.0,,,2.0,,0.0,35.0,100.0,5.0,,0.33,,4.0,,,0.0,,0.0,I-153P
f-5c,20.0,100.0,0.0,0.0,5.0,5.0,216.0,39.38,1.45,1.59,0.35,0.35,24.0,,,0.0,,0.0,F-5C
mosquito_tr_mk33,20.0,100.0,1.0,1.0,1.69,1.33,0.0,,,,,,0.0,,,,,,Mosquito_TR.Mk.33
mosquito_fb_mk26_china,20.0,,,1.0,,1.0,10.0,,,0.0,,1.0,0.0,,,,,,Mosquito_FB.Mk.26
us_m3a1_stuart,20.0,100.0,0.0,0.0,4.0,4.0,25.0,,,0.0,,1.2,0.0,,,,,,M3A1_Stuart
vg_33,20.0,100.0,6.0,6.0,0.0,0.0,0.0,,,,,,0.0,,,,,,V.G.33C-1
us_xm_975_roland,20.0,0.0,2.0,2.0,0.0,0.0,94.0,51.19,1.62,0.74,0.0,0.0,0.0,,,,,,XM975
us_m3_stuart,20.0,,,,,,22.0,,,0.0,,0.36,0.0,,,,,,M3_Stuart
sw_strv_122,20.0,100.0,0.0,0.0,6.83,9.0,169.0,65.96,0.0,0.0,3.5,2.88,0.0,,,,,,Strv_122A
p-61c_1,20.0,100.0,1.38,0.9,6.5,2.31,43.0,,,0.72,,1.81,0.0,,,,,,P-61C-1
uk_centurion_mk_5_avre_era,20.0,100.0,0.0,0.0,2.0,1.71,6.0,100.0,0.0,0.0,1.0,1.0,0.0,,,,,,Centurion_Mk.5_AVRE
saab_t18b_1,20.0,100.0,5.0,4.5,13.8,12.4,0.0,,,,,,0.0,,,,,,T18B
mosquito_nf_mk2,20.0,,,1.5,,0.0,17.0,100.0,5.29,,0.0,,0.0,,,,,,Mosquito_NF.Mk.II
spitfire_mk5b_notrop,20.0,100.0,2.14,2.14,0.0,0.0,0.0,,,,,,13.0,,,2.0,,0.0,Spitfire_Mk_Vb
fr_m4a3_105_sherman,20.0,100.0,0.0,0.0,1.0,1.0,21.0,,,0.0,,1.32,0.0,,,,,,M4A3_(105)
ussr_2s3m,20.0,33.33,0.0,0.0,1.33,2.21,169.0,15.59,0.01,0.01,1.72,1.0,0.0,,,,,,2S3M
spitfire_fr_mk14e_belgium,20.0,100.0,2.0,1.07,0.0,0.0,16.0,,,0.21,,0.0,0.0,,,,,,Spitfire_FR_Mk_XIVe
it_43m_turan_3,20.0,100.0,0.0,0.0,1.85,1.86,140.0,62.5,0.0,0.0,3.29,3.25,0.0,,,,,,Turan_III
p-51d-5,20.0,,,0.83,,0.78,0.0,,,,,,0.0,,,,,,P-51D-5
mig_21_bis_finland,20.0,50.0,0.5,1.0,0.0,0.0,20.0,100.0,4.0,,0.0,,0.0,,,,,,MiG-21bis
f-4k,20.0,,,0.0,,0.0,0.0,,,,,,0.0,,,,,,Phantom_FG.1
saab_ajs37,20.0,,,0.0,,0.0,70.0,100.0,1.15,0.58,5.77,3.53,0.0,,,,,,AJS37
saab_ja37,20.0,50.0,0.0,0.0,0.0,0.0,351.0,57.41,1.57,1.83,0.05,0.05,2.0,,,1.0,,0.0,JA37C
saab_j35d,20.0,,,0.0,,0.0,59.0,54.65,1.14,1.95,0.25,0.46,4.0,,,1.0,,0.0,J35D
wm_23,19.0,100.0,3.0,2.47,0.0,0.0,0.0,,,,,,0.0,,,,,,◔WM-23
ussr_su_152,19.0,100.0,0.0,0.0,2.87,2.87,166.0,33.82,0.0,0.0,0.88,0.98,0.0,,,,,,SU-152
b_26b_c,19.0,,,0.0,,2.67,25.0,0.0,0.0,0.0,0.26,0.26,0.0,,,,,,B-26B
f-105d,19.0,100.0,0.0,0.0,2.0,2.0,53.0,29.17,0.38,0.21,1.75,1.52,38.0,,,,,,F-105D
ussr_object_120,19.0,,,0.0,,1.42,60.0,51.43,0.0,0.0,2.2,2.55,17.0,,,,,,Object_120
meteor_fmk8_iaf,19.0,,,1.0,,0.0,2.0,0.0,0.0,0.0,0.0,0.0,0.0,,,,,,Meteor_F.8_(Israel)
us_m1128_mgs,19.0,,,0.0,,1.0,411.0,53.37,0.0,0.0,2.13,1.74,0.0,,,,,,M1128
re_2002_early,19.0,,,1.88,,0.0,45.0,0.0,0.0,0.0,0.89,0.63,0.0,,,,,,Re.2002_Early
germ_pzkpfw_38t_na,19.0,100.0,0.0,0.0,1.0,1.0,0.0,,,,,,0.0,,,,,,Pz.38(t)_n.A.
bv-155b-1,19.0,100.0,1.5,1.5,0.0,0.0,20.0,100.0,0.0,0.0,0.0,0.0,0.0,,,,,,BV_155_B-1
mc200_serie7_italy,19.0,,,2.26,,0.0,0.0,,,,,,0.0,,,,,,C._200_serie_7
mig_29_9_12,19.0,45.0,1.4,1.4,0.0,0.0,44.0,100.0,1.0,0.6,0.48,0.42,0.0,,,,,,МиГ-29_(9-12)
cn_al_khalid_1,18.0,50.0,0.0,0.0,3.28,3.28,1554.0,54.96,0.0,0.0,1.77,1.39,0.0,,,,,,Al-Khalid-I
b7a2_homare_23,18.0,100.0,2.0,1.77,6.7,6.08,22.0,100.0,3.91,,4.77,,13.0,,,,,,B7A2_(Homare_23)
fr_panhard_ebr_1954,18.0,50.0,0.0,0.0,2.5,2.5,96.0,89.82,0.0,0.0,4.78,3.64,0.0,,,,,,E.B.R._(1954)
cn_ztz_96b,18.0,50.0,0.0,0.0,2.56,3.39,324.0,67.96,0.0,0.0,2.47,2.13,0.0,,,,,,ZTZ96B
lagg-3-66,18.0,100.0,6.0,6.0,4.0,4.0,0.0,,,,,,0.0,,,,,,LaGG-3-66
cn_ztl_11,18.0,,,0.0,,1.72,25.0,50.0,0.0,0.0,1.33,1.19,0.0,,,,,,ZLT11
fw-190a-8,18.0,100.0,2.57,1.18,6.0,2.64,0.0,,,,,,0.0,,,,,,Fw_190_A-8
bf-109f-4_hungary,18.0,,,5.61,,0.0,37.0,50.0,0.5,1.57,1.0,2.0,0.0,,,,,,◐Bf_109_F-4
bf-109g-2_finland,18.0,,,3.0,,1.0,60.0,100.0,2.14,1.63,1.57,0.93,0.0,,,,,,Bf_109_G-2
it_leopard_bofors,18.0,0.0,1.0,1.0,0.61,0.61,131.0,64.66,0.26,0.21,1.69,1.03,0.0,,,,,,Leopard_40/70
jp_m36b2_jgsdf,18.0,100.0,0.0,0.0,2.0,2.0,272.0,55.59,0.0,0.0,1.36,1.51,0.0,,,,,,M36
douglas_ad_4_france,18.0,100.0,1.0,0.22,4.0,2.11,70.0,28.12,0.61,0.76,1.71,3.34,0.0,,,,,,AD-4
gladiator_j8a,18.0,,,1.0,,0.0,0.0,,,,,,0.0,,,,,,J8A
il_magach_5,18.0,100.0,0.0,0.0,5.0,5.0,62.0,81.91,0.0,0.0,2.4,4.2,0.0,,,,,,Magach_5
fr_mars_15,18.0,75.0,0.0,0.0,1.5,1.5,51.0,69.05,0.0,0.0,1.56,1.83,0.0,,,,,,MARS_15
us_m60,18.0,0.0,0.0,0.0,1.62,1.72,208.0,59.91,0.0,0.0,1.1,1.19,0.0,,,,,,M60
uk_a39_tortoise,18.0,0.0,0.0,0.0,1.0,1.0,5.0,,,0.0,,1.0,0.0,,,,,,Tortoise
ussr_2s19_m1,18.0,50.0,0.0,0.0,1.0,1.0,83.0,29.64,0.0,0.0,1.17,0.86,0.0,,,,,,2С19М1
germ_sturmpanzer_II,18.0,,,0.0,,1.0,38.0,100.0,0.0,0.0,0.0,0.0,0.0,,,,,,Sturmpanzer_II
fr_amx_elc_901,18.0,50.0,0.0,0.0,1.0,1.0,105.0,86.91,0.0,0.0,2.65,2.14,0.0,,,,,,ELC_901
saab_t18b_2,18.0,,,1.93,,1.67,0.0,,,,,,0.0,,,,,,T18B_(57)
sw_lago_1,18.0,100.0,0.0,0.0,1.06,1.0,55.0,50.0,0.0,0.0,1.5,1.02,0.0,,,,,,Lago_I
p-47d_23_ra_china_rocaf,18.0,,,1.5,,0.0,25.0,100.0,1.0,1.32,2.68,3.32,0.0,,,,,,P-47D-23-RA_(China)
ussr_pt_76b,18.0,,,0.0,,0.32,737.0,53.3,0.0,0.0,0.89,0.66,14.0,,,0.0,,0.0,PT-76B
p-40c_china,18.0,,,0.0,,0.0,5.0,,,0.0,,0.0,0.0,,,,,,H-81A-2
uk_eland_90_mk_7,18.0,,,,,,243.0,42.62,0.0,0.0,1.01,1.13,0.0,,,,,,Eland_90_Mk.7
ju-288c,17.0,100.0,1.0,0.65,8.0,6.94,10.0,,,,,,0.0,,,,,,Ju_288_C
cn_m8_greyhound,17.0,100.0,0.0,0.0,2.65,3.75,51.0,,,0.0,,2.37,0.0,,,,,,M8_LAC_(China)
uk_m3_stuart,17.0,,,0.0,,2.0,16.0,,,0.0,,0.0,0.0,,,,,,Stuart_I
us_t86,17.0,,,0.0,,3.63,73.0,66.13,0.0,0.0,2.4,1.63,0.0,,,,,,T86
uk_marmon_herrington_mk_6_2pdr,17.0,,,,,,58.0,100.0,0.0,0.0,1.25,0.59,0.0,,,,,,SARC_MkVI_(2pdr)
us_t34,17.0,100.0,0.0,0.0,5.0,2.64,706.0,61.75,0.0,0.0,3.08,1.87,0.0,,,,,,T34
sw_strv_101,17.0,100.0,0.0,0.0,1.0,1.0,249.0,36.05,0.0,0.0,1.45,1.15,0.0,,,,,,Strv_101
germ_stuh_III_ausf_G,17.0,,,,,,47.0,,,0.0,,3.45,0.0,,,,,,StuH_42_G
f_16a_block_10,17.0,0.0,1.0,0.27,2.0,0.8,198.0,72.08,0.79,0.73,1.94,1.67,0.0,,,,,,F-16A
jp_type_10_prototype,17.0,,,0.0,,1.0,589.0,56.38,0.0,0.0,2.1,1.75,0.0,,,,,,TKX_(P)
il-10_1946_hungary,17.0,,,1.0,,0.65,11.0,,,0.0,,4.0,0.0,,,,,,◔IL-10
it_zsu_57_2,17.0,50.0,0.0,0.0,1.5,0.09,157.0,46.44,0.03,0.03,2.54,1.76,0.0,,,,,,◔ZSU-57-2
f_14b,17.0,0.0,1.0,1.0,0.0,0.0,238.0,50.61,0.96,1.12,0.45,0.48,0.0,,,,,,F-14B
sb_2m_105,17.0,,,,,,0.0,,,,,,0.0,,,,,,SB_2M-105
germ_panzerjager_tiger_P_elefant,16.0,100.0,0.0,0.0,8.6,8.6,0.0,,,,,,0.0,,,,,,Elefant
it_c1_ariete,16.0,100.0,0.0,0.0,3.0,3.0,32.0,50.0,0.0,0.0,1.75,1.49,0.0,,,,,,Ariete
it_m13_40_serie_1,16.0,,,,,,0.0,,,,,,0.0,,,,,,M13/40_(I)
it_c1_ariete_pso,16.0,,,,,,112.0,71.67,0.0,0.0,3.26,2.26,0.0,,,,,,Ariete_PSO
it_otobreda_sidam_25_mistral,16.0,,,,,,10.0,30.0,0.3,0.3,0.0,0.0,0.0,,,,,,SIDAM_25_(Mistral)
p-51b_7_sweden,16.0,,,1.83,,0.0,18.0,100.0,0.0,0.0,1.0,1.0,0.0,,,,,,J26_David
sw_pvkv_iv,16.0,,,0.0,,1.0,15.0,,,,,,0.0,,,,,,Pvkv_IV
fr_m3a3_stuart,16.0,100.0,0.0,0.0,2.0,2.0,40.0,83.33,0.0,0.0,1.71,1.04,0.0,,,,,,M3A3_Stuart
b_24d,16.0,50.0,0.0,0.0,1.0,1.0,0.0,,,,,,0.0,,,,,,B-24D-25-CO
sw_strv_m42_eh,16.0,37.5,0.0,0.0,1.25,2.0,46.0,48.81,0.0,0.0,1.09,0.88,0.0,,,,,,Strv_m/42_EH
jp_type_95_so_ki,16.0,0.0,1.0,1.0,0.0,0.0,8.0,100.0,1.0,,0.0,,0.0,,,,,,So-Ki
it_c13_t90,16.0,100.0,0.0,0.0,1.0,1.0,68.0,63.79,0.0,0.0,2.25,2.63,0.0,,,,,,C13_T90
uk_fv107_scimitar,16.0,85.0,0.0,0.0,0.45,0.45,169.0,52.22,0.0,0.0,1.14,1.09,0.0,,,,,,Scimitar
germ_thyssen_henschel_tam,16.0,50.0,0.0,0.0,1.0,2.0,584.0,44.49,0.0,0.0,1.66,1.33,0.0,,,,,,TAM
yak-38,16.0,,,,,,21.0,,,0.0,,0.0,0.0,,,,,,Yak-38
fr_somua_s35,16.0,,,0.0,,3.0,23.0,,,0.0,,1.0,0.0,,,,,,S.35
mb_326k,15.0,,,14.0,,0.0,277.0,86.93,1.46,1.73,3.22,3.99,0.0,,,,,,MB-326K
i-16_type28,15.0,,,4.0,,1.0,0.0,,,,,,0.0,,,,,,I-16_type_28
su-2_m82,15.0,100.0,1.6,1.75,4.2,4.25,0.0,,,,,,0.0,,,,,,Su-2_(M-82)
su-2_mv5,15.0,100.0,1.54,1.33,4.54,4.33,20.0,,,,,,0.0,,,,,,Su-2_MV-5
germ_leopard_2_pt14,15.0,,,0.0,,3.07,37.0,50.0,0.0,0.0,3.75,2.85,0.0,,,,,,PT-16/T14_mod.
la-15,15.0,50.0,4.0,8.0,0.5,1.0,28.0,68.33,2.24,2.14,0.31,0.5,0.0,,,,,,La-15
us_t18_e2,15.0,100.0,0.0,,2.0,,17.0,100.0,0.0,0.0,6.0,5.88,0.0,,,,,,T18E2
us_m247,15.0,72.22,4.39,,1.56,,311.0,34.69,1.49,1.07,0.11,0.08,0.0,,,,,,M247
jp_type_2_ho_ni_2,15.0,,,0.0,,1.8,9.0,57.14,0.0,0.0,0.57,0.57,0.0,,,,,,Ho-Ni_II
ussr_t_44_122,15.0,,,0.0,,3.43,95.0,50.0,0.0,0.0,1.74,1.75,0.0,,,,,,T-44-122
uk_fv4202,15.0,,,0.0,,1.0,178.0,55.77,0.0,0.0,2.37,1.21,0.0,,,,,,FV4202
fr_leopard_2a6nl,15.0,,,,,,10.0,,,,,,0.0,,,,,,Leopard_2A6NL
germ_leopard_2a4m_can_sm,15.0,50.0,0.0,0.0,1.0,1.0,1500.0,46.47,0.0,0.0,1.48,1.26,0.0,,,,,,◍Leopard_2A4M
it_of_40_mk_1,15.0,0.0,0.0,0.0,1.0,1.0,143.0,69.79,0.0,0.0,2.97,2.4,0.0,,,,,,OF-40
il_ss_11_halftrack,15.0,,,0.0,,1.0,46.0,71.43,0.0,0.0,1.36,1.48,0.0,,,,,,Zachlam_Tager
germ_kanonenjagdpanzer,15.0,100.0,0.0,0.0,1.36,1.0,84.0,38.1,0.0,0.0,1.48,0.69,0.0,,,,,,JPz_4-5
il_magach_6c,15.0,,,0.0,,0.0,4.0,,,,,,0.0,,,,,,Magach_6C
il_magach_2,15.0,66.67,0.0,0.0,1.0,1.5,33.0,69.05,0.0,0.0,1.97,1.53,0.0,,,,,,Magach_2
it_btr_80a_hungary,15.0,100.0,0.0,0.0,0.0,0.0,166.0,79.03,0.0,0.0,1.5,1.18,0.0,,,,,,◔BTR-80A
leo_451_late,14.0,50.0,0.5,0.5,5.5,5.5,0.0,,,,,,0.0,,,,,,LeO_451_late
tornado_ids_de_assta1,14.0,91.67,0.93,0.88,5.5,5.08,43.0,90.0,0.6,0.18,1.7,1.08,36.0,,,0.0,,4.5,◄Tornado_IDS_ASSTA1
beaufighter_mkx,14.0,100.0,3.0,2.0,4.0,3.29,10.0,,,0.0,,3.0,0.0,,,,,,Beaufighter_Mk_X
cn_type_69_2g,14.0,,,,,,45.0,100.0,0.0,0.0,6.0,2.53,0.0,,,,,,T-69_II_G
uk_t_90s_bheeshma,14.0,100.0,0.0,0.0,4.25,4.25,245.0,73.22,0.0,0.0,4.47,2.39,0.0,,,,,,Bhishma_TWMP
ussr_object_140,14.0,50.0,0.0,0.0,2.5,2.5,53.0,47.92,0.0,0.0,2.89,2.48,0.0,,,,,,Object_140
tu-2_postwar,14.0,,,0.0,,2.57,31.0,50.0,0.5,1.0,1.5,3.0,0.0,,,,,,Tu-2S-44
cn_vt_5,14.0,100.0,0.0,0.0,2.43,2.43,280.0,53.67,0.0,0.0,1.48,1.35,0.0,,,,,,VT5
lagg-3-34,14.0,72.22,2.17,3.0,0.0,0.0,0.0,,,,,,0.0,,,,,,LaGG-3-34
germ_leopard_2a4m_can,14.0,,,,,,1652.0,45.71,0.0,0.0,1.49,1.15,0.0,,,,,,Leopard_2A4M
ussr_2s19_m2,14.0,50.0,0.0,0.0,0.5,0.5,37.0,21.93,0.0,0.0,1.61,1.85,0.0,,,,,,2С19М2
he-111h-2,14.0,100.0,0.0,,2.0,,0.0,,,,,,0.0,,,,,,He_111_H-3
tu_95m,14.0,,,,,,40.0,50.0,0.26,0.09,0.0,0.0,34.0,,,0.43,,0.0,Ту-95М
ki_61_1a_hei,14.0,,,2.0,,0.0,23.0,50.0,1.5,3.0,0.0,0.0,9.0,,,,,,Ki-61-I_hei
fr_lorraine_100,14.0,72.22,0.0,0.0,1.44,1.44,87.0,50.0,0.0,0.0,0.65,0.74,0.0,,,,,,CA_Lorraine
it_leopard_1a2,14.0,50.0,0.0,0.0,1.0,1.0,114.0,38.39,0.0,0.0,1.7,1.0,0.0,,,,,,Leopard_1A2
fw-190a-5,14.0,,,2.0,,0.0,7.0,,,,,,0.0,,,,,,Fw_190_A-5/U12
fr_amx_30_b2_brenus,14.0,100.0,0.0,0.0,3.0,2.0,282.0,54.99,0.0,0.0,2.1,1.69,0.0,,,,,,AMX-30B2_BRENUS
us_t30,14.0,,,,,,55.0,50.0,0.0,0.0,1.03,1.91,0.0,,,,,,T30
uk_crusader_mk_2_the_saint,14.0,,,,,,26.0,100.0,0.0,0.0,2.92,2.58,0.0,,,,,,"Crusader_""The_Saint"""
il_m109,14.0,,,0.0,,0.0,68.0,100.0,0.0,0.0,3.33,1.01,0.0,,,,,,M109_(Israel)
germ_leopard_2a4,14.0,,,0.0,,0.5,1367.0,43.28,0.0,0.0,1.43,1.21,33.0,50.0,0.0,0.0,0.68,0.87,Leopard_2A4
ussr_btr_80a,14.0,,,,,,428.0,43.69,0.0,0.0,1.72,1.11,0.0,,,,,,BTR-80A
jp_type_16_mcv_prot,14.0,62.5,0.0,0.0,0.38,0.38,309.0,56.62,0.0,0.0,1.8,1.41,0.0,,,,,,Type_16_(P)
tandem_mai,13.0,100.0,1.0,1.0,2.92,3.5,0.0,,,,,,0.0,,,,,,Tandem_MAI
t2,13.0,94.45,9.17,9.17,1.12,1.25,237.0,69.9,2.43,4.62,0.5,0.6,0.0,,,,,,T-2
mig-15bis_nr23_german,13.0,,,1.0,,1.0,92.0,79.87,1.82,2.05,0.57,0.73,0.0,,,,,,◊MiG-15bis
lagg-3-23,13.0,100.0,2.0,2.0,1.0,1.0,1.0,,,1.0,,0.0,0.0,,,,,,LaGG-3-23
uk_cruiser_ram_1,13.0,50.0,0.5,0.04,1.5,1.38,25.0,100.0,0.0,0.0,3.73,3.73,0.0,,,,,,Ram_I
sb2c_5_thailand,13.0,100.0,0.0,0.0,2.4,2.4,113.0,60.43,1.56,1.36,4.19,3.71,0.0,,,,,,SB2C-5
yak-17,13.0,,,1.93,,0.0,21.0,,,,,,0.0,,,,,,Yak-17
il_2_m82,13.0,100.0,1.08,1.08,1.23,1.23,2.0,50.0,0.5,1.0,0.5,1.0,0.0,,,,,,IL-2_M-82
it_sherman_VII,13.0,,,0.0,,2.38,57.0,39.58,0.0,0.0,1.87,2.5,0.0,,,,,,M4_Tipo_IC
sw_bkan_1c,13.0,9.09,1.09,3.0,0.09,1.0,288.0,24.92,0.11,0.11,1.31,1.19,0.0,,,,,,Bkan_1C
f_16c_block_50,13.0,16.67,1.0,1.0,1.17,1.17,648.0,64.57,0.89,1.05,0.83,0.99,102.0,0.0,6.07,1.82,0.0,0.0,F-16C
us_skink_aa,13.0,,,,,,326.0,48.44,1.03,1.33,0.0,0.0,0.0,,,,,,Skink
fr_marder_df_105,13.0,50.0,0.0,0.0,1.5,1.17,118.0,57.26,0.0,0.0,2.86,2.9,0.0,,,,,,DF105
sw_stormpjas_fm43_44,13.0,,,0.0,,4.0,0.0,,,,,,0.0,,,,,,Spj_fm/43-44
ussr_su_85_1943,13.0,100.0,0.0,0.0,3.67,1.0,36.0,20.0,0.0,0.0,2.8,2.73,0.0,,,,,,SU-85
sb2c_1c,13.0,100.0,0.0,,1.0,,0.0,,,,,,0.0,,,,,,SB2C-1C
a7m1,13.0,,,1.46,,0.0,137.0,78.21,2.11,2.31,1.42,1.6,0.0,,,,,,A7M1_(NK9H)
uk_boxer_crv_block2,13.0,,,0.0,,1.0,408.0,68.02,0.04,0.04,1.57,0.94,0.0,,,,,,CRV_Block_2
germ_pzkpfw_III_ausf_J_L42,13.0,,,,,,24.0,,,0.0,,2.55,0.0,,,,,,Pz.III_J
us_m48a1_patton_III,13.0,0.0,0.0,0.0,0.0,0.0,177.0,58.24,0.0,0.0,1.04,0.79,0.0,,,,,,M48A1
us_m10,13.0,,,0.0,,0.31,83.0,34.48,0.0,0.0,2.03,1.4,0.0,,,,,,M10_GMC
it_41m_turan_2,12.0,100.0,0.0,0.0,9.4,4.7,13.0,,,0.0,,8.0,0.0,,,,,,Turan_II
il_2_37_1943,12.0,,,1.0,,1.0,0.0,,,,,,0.0,,,,,,IL-2-37
uk_m4a5_ram_2,12.0,100.0,0.0,,1.0,,21.0,100.0,0.0,0.0,1.92,1.92,0.0,,,,,,Ram_II
germ_leopard_2pl,12.0,100.0,0.0,0.0,3.5,3.33,1338.0,42.7,0.0,0.0,1.34,1.08,0.0,,,,,,Leopard_2_PL
spitfire_mk9c_4cannons,12.0,100.0,2.0,2.0,1.0,1.0,20.0,100.0,1.59,0.83,3.85,2.0,0.0,,,,,,Spitfire_F_Mk_IXc
jp_type_5_chi_ri,12.0,100.0,0.0,0.0,3.0,1.61,142.0,47.31,0.0,0.0,2.76,2.21,21.0,0.0,0.0,0.0,1.0,1.0,Chi-Ri_II
uk_chieftain_marksman,12.0,,,0.0,,1.0,171.0,55.89,0.28,0.3,0.91,1.0,0.0,,,,,,Chieftain_Marksman
germ_flakpanzer_IV_Kugelblitz,12.0,,,1.0,,0.0,203.0,27.2,0.93,0.86,0.62,0.53,0.0,,,,,,Kugelblitz
spitfire_ix_early,12.0,100.0,5.25,5.25,0.0,0.0,163.0,86.77,2.69,2.12,2.09,1.61,0.0,,,,,,Spitfire_F_Mk_IX
uk_vickers_mk_11,12.0,100.0,0.0,0.0,1.0,1.0,164.0,55.43,0.0,0.0,2.85,1.77,0.0,,,,,,Vickers_Mk.11
il_magach_3_idf,12.0,,,0.0,,1.0,11.0,,,0.0,,2.0,0.0,,,,,,Magach_3
uk_fv221_caernarvon,12.0,,,0.0,,1.0,115.0,41.26,0.0,0.0,1.05,1.12,0.0,,,,,,Caernarvon
uk_centurion_mk_10,12.0,,,,,,155.0,47.47,0.0,0.0,1.52,1.56,0.0,,,,,,Centurion_Mk_10
spitfire_mk5c_notrop,12.0,100.0,1.5,1.5,1.0,1.0,23.0,100.0,2.0,1.54,1.8,1.23,0.0,,,,,,Spitfire_Mk_Vc
uk_a30_sp_avenger_kit_3rank,12.0,,,0.0,,1.75,126.0,90.0,0.0,0.0,4.08,2.94,0.0,,,,,,Avenger_(Overlord)
il_tiran_4,12.0,,,0.0,,1.0,17.0,,,0.0,,0.0,0.0,,,,,,Tiran_4
uk_fv438_swingfire,12.0,64.29,0.0,0.0,0.64,1.0,162.0,50.22,0.0,0.0,2.03,2.13,0.0,,,,,,Swingfire
il_m113_hvms,12.0,,,0.0,,1.0,50.0,100.0,0.0,0.0,2.33,1.61,0.0,,,,,,Bardelas/60mm_HVMS
su-7bkl,12.0,,,0.0,,0.83,39.0,0.0,0.02,0.02,0.84,0.8,0.0,,,,,,Su-7BKL
av_8b_plus,12.0,0.0,1.0,1.0,0.0,0.0,60.0,47.22,0.94,0.91,0.63,0.87,28.0,,,1.0,,0.0,AV-8B_Plus
germ_boxer_swatrinf,12.0,50.0,0.0,0.0,1.0,1.0,343.0,41.73,0.0,0.0,0.78,0.43,0.0,,,,,,sWaTrgInf
ussr_buk_m3_fcs,12.0,,,,,,100.0,81.99,0.9,0.35,0.0,0.0,0.0,,,,,,"9К317М_""БУК-М3""_(СОЦ)"
tornado_gr4,12.0,,,,,,85.0,41.18,0.98,1.26,0.39,0.5,0.0,,,,,,Tornado_GR.4
uk_ac1_sentinel,12.0,100.0,0.0,0.0,1.0,0.5,21.0,,,0.0,,3.4,0.0,,,,,,A.C.I
fr_arl_44_acl1,12.0,,,0.0,,0.0,103.0,,,0.0,,1.38,0.0,,,,,,ARL-44_(ACL-1)
cn_ztz_96a_prot,12.0,,,0.0,,1.0,284.0,51.33,0.0,0.0,2.65,1.77,0.0,,,,,,ZTZ96A_(P)
sw_ikv_73,11.0,,,0.0,,4.0,0.0,,,,,,0.0,,,,,,Ikv_73
ussr_t_34_85_zis_53_kit_3rank,11.0,100.0,0.0,0.0,6.25,6.25,224.0,29.39,0.0,0.0,1.65,1.46,0.0,,,,,,Т-34-85_('45)
a_10a_late,11.0,100.0,3.0,1.42,8.4,3.83,238.0,87.96,1.4,0.37,10.41,3.04,21.0,0.0,0.0,0.0,3.0,1.63,A-10A_Late
bf-109f-1,11.0,100.0,9.0,,0.0,,40.0,,,1.37,,0.0,0.0,,,,,,Bf_109_F-1
tis_ma,11.0,66.67,1.0,1.0,4.0,4.14,137.0,54.87,0.37,0.35,7.89,7.92,41.0,20.0,1.0,0.37,3.0,2.0,TIS_MA
mosquito_fb_mk6_norway,11.0,,,1.82,,2.55,6.0,53.33,0.46,0.9,3.94,7.6,0.0,,,,,,◢Mosquito_FB.Mk.VI
us_lvt_a1_m24,11.0,,,,,,10.0,,,0.0,,3.0,0.0,,,,,,LVT(A)(1)_(M24)
corsair_fmk2,11.0,,,,,,0.0,,,,,,0.0,,,,,,Corsair_F_Mk_II
ussr_9a33bm3,11.0,,,,,,40.0,,,0.77,,0.0,0.0,,,,,,Оса-АКМ
it_stug_III_ausf_G,11.0,,,,,,41.0,100.0,0.0,0.0,3.57,2.37,0.0,,,,,,StuG_III_G
f-4j,11.0,,,1.75,,0.0,51.0,81.18,2.27,2.19,0.0,0.0,7.0,,,,,,F-4J_Phantom_II
a6m5hei,11.0,,,1.0,,0.0,1.0,100.0,2.0,2.0,3.0,3.0,0.0,,,,,,A6M5_Hei
uk_a_22b_mk_3_churchill_1942,11.0,,,0.0,,1.0,20.0,,,0.0,,2.0,0.0,,,,,,Churchill_III
us_m109a1,11.0,,,0.0,,1.0,120.0,61.11,0.0,0.0,1.0,0.62,0.0,,,,,,M109A1
f-8e,11.0,100.0,2.0,1.43,0.57,0.29,0.0,,,,,,0.0,,,,,,F-8E
us_m1_ip_abrams,11.0,,,0.0,,1.0,691.0,50.87,0.0,0.0,2.42,2.28,0.0,,,,,,IPM1
ussr_t_72b3_arena,11.0,0.0,0.0,0.0,1.0,1.89,899.0,40.74,0.0,0.0,1.71,1.13,8.0,100.0,0.0,0.0,3.33,1.88,"Т-72Б3_""Арена"""
it_m109g,11.0,,,,,,0.0,,,,,,0.0,,,,,,M109G
cn_type_63_I,11.0,100.0,0.0,0.0,2.82,2.82,126.0,28.0,0.0,0.0,1.16,0.44,0.0,,,,,,Type_63-I
jp_m44,11.0,100.0,0.0,0.0,0.91,0.91,94.0,45.7,0.0,0.0,0.97,1.46,0.0,,,,,,M44
yak-9p_hungary,11.0,,,1.0,,0.0,10.0,,,,,,0.0,,,,,,◔Yak-9P
cn_m41_a3_walker_bulldog,11.0,50.0,0.0,0.0,0.5,1.0,29.0,64.29,0.0,0.0,3.63,4.34,0.0,,,,,,M41A3_(China)
tornado_f3,11.0,100.0,0.0,0.0,0.0,0.0,44.0,,,2.0,,0.0,27.0,,,1.0,,0.0,Tornado_F.3
uk_ttd,11.0,,,,,,173.0,72.76,0.0,0.0,6.31,3.58,0.0,,,,,,TTD
su_25tm,10.0,100.0,3.0,1.5,9.0,4.5,740.0,61.58,0.33,0.36,2.62,3.0,63.0,,,0.4,,0.4,Su-39
jh_7a,10.0,100.0,1.0,1.0,6.0,6.0,13.0,100.0,0.0,0.0,1.46,1.46,11.0,,,0.0,,4.0,JH-7A
us_ccvl,10.0,100.0,0.0,0.0,8.0,4.0,189.0,83.05,0.0,0.0,4.11,2.46,0.0,,,,,,CCVL
uk_a_43_black_prince,10.0,,,,,,53.0,62.5,0.0,0.0,5.44,4.64,0.0,,,,,,Black_Prince
bb-1,10.0,100.0,3.0,3.0,10.1,10.1,2.0,0.0,0.0,0.0,1.0,1.0,0.0,,,,,,BB-1
su_22m4,10.0,87.5,0.88,1.0,1.88,2.25,50.0,50.0,0.0,0.0,0.5,1.0,52.0,,,0.4,,1.8,◊Su-22M4
pe-2-110,10.0,,,0.0,,2.0,0.0,,,,,,0.0,,,,,,Pe-2-110
jp_m42_duster,10.0,,,,,,163.0,56.65,0.46,0.35,1.39,0.99,0.0,,,,,,M42
us_m46_patton,10.0,,,0.0,,4.0,342.0,63.92,0.0,0.0,3.55,3.04,0.0,,,,,,M46
xp-50,10.0,100.0,3.4,2.8,0.0,0.0,118.0,47.24,0.68,0.88,0.5,0.55,15.0,,,1.07,,0.0,XP-50
ju-87d-3_italy,10.0,,,,,,0.0,,,,,,0.0,,,,,,Ju_87_D-3
sm_79_1943_italy,10.0,100.0,0.0,0.0,1.0,1.0,0.0,,,,,,0.0,,,,,,S.M.79_bis/T.M
er-2_m105r_lu2b,10.0,,,,,,1.0,,,,,,0.0,,,,,,Yer-2_(M-105R)_LU
germ_flakpanzer_IV_Ostwind_2_net,10.0,,,,,,170.0,19.62,1.11,1.16,0.16,0.07,0.0,,,,,,Ostwind_Ost
il_m_51_w,10.0,,,0.0,,1.7,107.0,52.38,0.0,0.0,2.43,2.02,0.0,,,,,,M-51_(W)
uk_t17e2,10.0,,,,,,5.0,,,,,,0.0,,,,,,Staghound_AA
cn_m55,10.0,,,,,,0.0,,,,,,0.0,,,,,,M55_(China)
sm_79_1941_italy,10.0,100.0,0.0,0.0,1.0,1.0,0.0,,,,,,0.0,,,,,,S.M.79_AS
fr_amx_m4,10.0,0.0,0.0,0.0,4.0,2.0,612.0,69.45,0.0,0.0,2.96,2.56,64.0,100.0,0.0,0.0,3.13,1.56,AMX_M4
i-153_m62,10.0,,,2.9,,0.0,0.0,,,,,,0.0,,,,,,I-153_M-62
f3f-2,10.0,,,0.0,,0.0,0.0,,,,,,0.0,,,,,,F3F-2
f-89b,9.0,100.0,12.11,12.11,0.0,0.0,171.0,77.46,1.03,1.25,0.96,1.36,0.0,,,,,,F-89B
jp_type_97_chi_ha_12cm,9.0,,,,,,2.0,,,,,,0.0,,,,,,Chi-Ha_Short_Gun
il_tcm_20,9.0,,,,,,15.0,0.0,0.0,0.0,0.0,0.0,0.0,,,,,,TCM-20
saab_j21a_1,9.0,,,1.0,,0.0,36.0,,,1.1,,0.78,0.0,,,,,,J21A-1
yak-9ut,9.0,,,,,,510.0,69.77,0.72,0.72,2.46,2.42,28.0,100.0,0.28,0.28,1.06,1.06,Yak-9UT
p-39n_su,9.0,50.0,2.38,4.75,0.0,0.0,17.0,,,1.0,,0.0,0.0,,,,,,Pokryshkin's_P-39N-0
cn_hq_17,9.0,83.33,0.83,1.0,0.0,0.0,44.0,,,,,,0.0,,,,,,HQ17
saab_a21a_3,9.0,,,1.0,,0.0,93.0,41.94,0.7,0.34,0.93,0.7,0.0,,,,,,A21A-3
a-26b_10,9.0,,,0.0,,1.67,0.0,,,,,,0.0,,,,,,A-26B-10
jp_type_74_c,9.0,,,0.0,,1.0,138.0,69.44,0.0,0.0,5.44,3.65,0.0,,,,,,Type_74_(C)
su_27,9.0,100.0,0.0,0.0,0.0,0.0,292.0,42.93,2.58,2.6,0.02,0.02,0.0,,,,,,Su-27
f-84b,8.0,100.0,1.0,1.0,5.0,4.38,26.0,28.13,0.72,0.84,2.06,2.68,3.0,,,,,,F-84B-26
ki_43_1,8.0,100.0,4.0,4.0,1.0,1.0,0.0,,,,,,0.0,,,,,,Ki-43-I
uk_challenger_mk_3,8.0,100.0,0.0,0.0,3.25,3.25,230.0,55.28,0.0,0.0,2.12,2.27,0.0,,,,,,Challenger_Mk.3
j1n1_mod11_early,8.0,100.0,2.0,2.0,2.0,2.0,0.0,,,,,,0.0,,,,,,J1N1
he51b1,8.0,,,,,,0.0,,,,,,0.0,,,,,,He_51_B-1
l_39za,8.0,,,1.14,,2.14,53.0,100.0,0.0,0.0,2.41,1.59,6.0,,,0.0,,0.0,L-39ZA_Albatros
tu-2,8.0,,,,,,59.0,78.33,0.0,0.0,2.21,2.63,15.0,,,,,,Tu-2S
he_112v_5,8.0,,,1.88,,0.0,0.0,,,,,,0.0,,,,,,He_112_V-5
yak-3u,8.0,,,2.0,,0.0,120.0,94.14,4.81,8.35,1.25,2.23,0.0,,,,,,Yak-3U
f-5e_switzerland,8.0,100.0,1.0,0.75,2.0,1.5,0.0,,,,,,0.0,,,,,,◌F-5E
pv_2d,8.0,50.0,0.5,0.5,3.5,3.5,70.0,39.7,0.81,0.95,3.1,3.69,0.0,,,,,,PV-2D
il-10_1946,8.0,,,0.0,,1.0,15.0,,,,,,0.0,,,,,,IL-10_(1946)
us_m60a2,8.0,100.0,0.0,0.0,2.0,2.0,124.0,97.92,0.0,0.0,4.54,1.72,0.0,,,,,,M60A2
us_m551_76,8.0,,,0.0,,1.0,330.0,56.33,0.0,0.0,2.37,1.64,0.0,,,,,,M551(76)
b_34,8.0,,,,,,0.0,,,,,,0.0,,,,,,B-34
germ_panzerjager_nashorn,8.0,,,,,,63.0,35.2,0.0,0.0,1.89,1.91,0.0,,,,,,Nashorn
uk_a_34_comet,8.0,,,0.0,,1.0,65.0,57.74,0.0,0.0,2.73,4.37,0.0,,,,,,Comet_I
fr_amx_30_dca,8.0,,,,,,225.0,40.54,0.3,0.22,1.18,0.79,0.0,,,,,,AMX-30_DCA
us_m4a3_105_sherman,8.0,,,0.0,,1.0,60.0,100.0,0.0,0.0,6.2,1.76,0.0,,,,,,M4A3_(105)
p-63a-5_ussr,8.0,50.0,1.5,1.5,1.0,1.0,207.0,56.13,2.56,1.7,3.36,2.25,0.0,,,,,,P-63A-5
mig-17_f5,8.0,,,1.0,,0.0,36.0,100.0,3.06,4.38,2.06,3.0,0.0,,,,,,Shenyang_F-5
pe-8_m82,8.0,,,0.0,,1.67,25.0,,,,,,0.0,,,,,,Pe-8
us_m1a1_abrams,8.0,66.67,0.0,0.0,2.0,1.75,1264.0,60.74,0.0,0.0,2.02,1.98,0.0,,,,,,M1A1
f_20a,8.0,,,1.0,,0.0,92.0,66.82,0.73,0.95,0.39,0.35,2.0,,,0.0,,1.0,F-20A
la-11_china,8.0,,,,,,16.0,,,2.0,,0.0,0.0,,,,,,La-11_(China)
us_t92,8.0,,,0.0,,0.13,310.0,53.79,0.0,0.0,1.55,0.98,0.0,,,,,,T92
us_m50_ontos,8.0,,,0.0,,1.5,102.0,30.13,0.0,0.0,3.12,1.44,0.0,,,,,,M50
germ_thyssen_henschel_tam_2c,8.0,50.0,0.0,0.0,0.5,1.0,222.0,52.47,0.0,0.0,1.36,1.23,3.0,,,0.0,,0.0,TAM_2C
sw_strv_81,8.0,100.0,0.0,0.0,1.0,1.0,177.0,66.77,0.0,0.0,1.5,1.13,0.0,,,,,,Strv_81
fr_m55,8.0,,,,,,0.0,,,,,,0.0,,,,,,M55
uk_concept3_ngac,8.0,50.0,0.0,0.0,0.5,0.5,307.0,65.14,0.0,0.0,1.79,1.25,0.0,,,,,,Concept_3
bf_109t_2,8.0,,,,,,3.0,,,,,,0.0,,,,,,Bf_109_T-2
sw_zsu_57_2,8.0,,,,,,221.0,25.94,0.0,0.0,1.64,1.1,0.0,,,,,,ZSU-57-2
alpha_jet_th_phase_1,7.0,66.67,0.8,0.8,4.0,4.0,123.0,54.7,0.38,0.42,1.07,1.46,0.0,,,,,,Alpha_Jet_TH
ki_32,7.0,,,0.0,,6.0,0.0,,,,,,0.0,,,,,,Ki-32
do_217e_4,7.0,100.0,0.0,0.0,7.0,7.0,0.0,,,,,,0.0,,,,,,Do_217_E-4
ju-188a-2,7.0,100.0,0.0,0.0,5.14,5.14,36.0,100.0,3.0,6.0,0.5,1.0,0.0,,,,,,Ju_188_A-2
ussr_to_55,7.0,,,,,,256.0,47.53,0.0,0.0,4.25,2.58,0.0,,,,,,TO-55
fokker_d23,7.0,,,2.0,,0.0,0.0,,,,,,0.0,,,,,,◗Fokker_D.XXIII
fw-190d-12,7.0,,,1.0,,1.0,0.0,,,,,,0.0,,,,,,Fw_190_D-12
p-40f-5_france_ep,7.0,,,2.14,,1.0,0.0,,,,,,0.0,,,,,,P-40F-5_Lafayette
do_217m_1,7.0,100.0,0.0,0.0,7.14,7.14,2.0,50.0,0.0,0.0,2.5,2.5,0.0,,,,,,Do_217_M-1
bf-109g-14,7.0,100.0,2.0,2.0,2.0,2.0,106.0,56.55,0.96,1.54,0.42,0.63,0.0,,,,,,Bf_109_G-14
bf-109g-10,7.0,100.0,1.14,,0.0,,0.0,,,,,,0.0,,,,,,Bf_109_G-10
vl_myrsky_2_late,7.0,,,,,,6.0,100.0,0.0,0.0,0.0,0.0,0.0,,,,,,VL_Myrsky_II
d_520_france,7.0,100.0,1.0,1.0,1.0,1.0,45.0,87.26,1.35,1.43,0.0,0.0,0.0,,,,,,D.520
me-410b-6_r3,7.0,,,,,,0.0,,,,,,0.0,,,,,,Me_410_B-6/R3
ms_410c1,7.0,,,,,,0.0,,,,,,0.0,,,,,,M.S.410
f_15a,7.0,0.0,1.0,0.8,2.0,1.0,167.0,51.78,0.83,0.69,0.08,0.1,0.0,,,,,,F-15A
mig_3_series_34,7.0,100.0,2.4,1.8,1.0,0.8,0.0,,,,,,0.0,,,,,,MiG-3-34
bf-109g-6,7.0,,,7.29,,0.0,165.0,63.87,4.22,4.7,0.62,0.73,0.0,,,,,,Bf_109_G-6
f_100f_china,7.0,,,,,,21.0,100.0,1.0,1.0,0.0,0.0,0.0,,,,,,F-100F_(China)
bf-110g-2,7.0,,,0.0,,3.57,15.0,,,0.87,,1.47,0.0,,,,,,Bf_110_G-2
f2a-3,7.0,,,1.0,,0.0,0.0,,,,,,0.0,,,,,,F2A-3
p-47d_22_re_france,7.0,,,1.0,,0.0,60.0,89.13,0.08,0.13,1.45,1.74,0.0,,,,,,P-47D-22-RE
ussr_2s25m,7.0,,,,,,1162.0,49.01,0.0,0.0,1.38,1.14,19.0,,,0.0,,1.0,2S25M
n1k1_ja,7.0,,,,,,0.0,,,,,,0.0,,,,,,N1K1-Ja
su-7b,7.0,,,0.0,,0.0,32.0,5.0,0.95,0.73,0.83,0.67,0.0,,,,,,Su-7B
ussr_t_54_1951,7.0,50.0,0.0,0.0,1.75,2.38,60.0,94.64,0.0,0.0,1.81,1.58,25.0,87.5,0.0,0.0,0.88,1.0,T-54_(1951)
us_m901_itv,7.0,,,0.0,,0.0,45.0,50.0,0.0,0.0,0.83,2.18,0.0,,,,,,M901
uk_as_90_mk_2,7.0,,,,,,110.0,54.09,0.42,0.32,5.57,4.49,0.0,,,,,,AS90
f-5a_thailand,6.0,66.67,0.3,0.4,5.3,6.4,28.0,66.67,0.7,1.0,0.3,0.5,0.0,,,,,,F-5A
cn_cm11,6.0,,,,,,129.0,93.76,0.0,0.0,5.9,5.06,0.0,,,,,,CM11
jp_type_4_ho_ro,6.0,,,,,,38.0,66.67,0.0,0.0,3.34,2.72,0.0,,,,,,Ho-Ro
cn_ztz_96,6.0,,,,,,369.0,67.68,0.0,0.0,6.27,4.2,0.0,,,,,,ZTZ96
germ_marder_clovis,6.0,50.0,0.0,0.0,2.92,5.83,46.0,13.16,0.0,0.0,2.74,2.06,0.0,,,,,,CLOVIS
germ_pzkpfw_38t_ausf_F,6.0,,,,,,0.0,,,,,,0.0,,,,,,Pz.38(t)_F
jp_type_94,6.0,,,,,,19.0,59.09,0.59,1.0,3.27,5.73,0.0,,,,,,Type_94
tu-2_early,6.0,,,0.0,,3.0,4.0,100.0,0.5,1.0,2.5,5.0,0.0,,,,,,Tu-2
it_ab_43,6.0,100.0,0.0,0.0,6.0,6.0,18.0,0.0,0.0,0.0,3.0,2.19,0.0,,,,,,AB_43
uk_a_22_mk_1_churchill_1941,6.0,100.0,1.0,1.0,1.0,1.0,13.0,,,0.0,,1.86,0.0,,,,,,Churchill_I
me_210ca_1_hungary,6.0,100.0,3.0,1.67,2.0,1.83,56.0,100.0,6.0,,0.5,,0.0,,,,,,◔Me_210_Ca-1
it_semovente_m43_105_leoncello,6.0,100.0,0.0,0.0,2.0,2.17,0.0,,,,,,0.0,,,,,,"M43_""G.C.Leoncello"""
sb2u-2,6.0,,,0.0,,1.0,0.0,,,,,,0.0,,,,,,SB2U-2
il-2i,6.0,,,2.0,,3.0,14.0,50.0,0.0,0.0,1.5,3.0,9.0,,,0.0,,1.0,IL-2_(1942)
fr_amx_50_1950,6.0,,,0.0,,1.17,86.0,72.04,0.0,0.0,3.28,2.5,32.0,37.5,0.0,0.0,1.22,1.94,AMX-50_(TO90/930)
uk_fv721_fox,6.0,50.0,0.0,0.0,1.0,2.0,386.0,65.26,0.0,0.01,2.17,1.79,0.0,,,,,,Fox
us_m1_abrams_kvt,6.0,0.0,0.0,0.0,1.0,1.0,1580.0,51.66,0.0,0.0,3.02,2.44,0.0,,,,,,M1_KVT
bf_110g_4_hungary,6.0,,,1.0,,1.0,21.0,100.0,0.0,,2.0,,0.0,,,,,,◐Bf_110_G-4
mig-21_bison,6.0,,,1.83,,0.0,225.0,54.83,1.2,1.52,0.02,0.04,6.0,,,,,,MiG-21_Bison
sw_strv_103a,6.0,,,,,,156.0,45.66,0.0,0.0,2.78,2.01,2.0,,,0.0,,1.0,Strv_103A
us_t54e1,6.0,,,0.0,,1.0,14.0,100.0,0.0,0.0,4.0,3.0,0.0,,,,,,T54E1
welkin_fmk1,6.0,,,1.0,,0.0,0.0,,,,,,0.0,,,,,,Welkin_F.Mk.I
jp_type_87,6.0,,,,,,302.0,25.73,0.28,0.11,1.78,0.71,0.0,,,,,,Type_87
p-38l_1_china_rocaf,6.0,,,1.67,,0.0,90.0,63.98,1.73,1.9,0.53,1.42,0.0,,,,,,P-38L-1_(China)
jp_st_b1,6.0,,,0.0,,0.0,119.0,61.11,0.0,0.0,2.66,1.8,0.0,,,,,,STB-2
jp_btr_3e1,6.0,0.0,0.0,0.0,0.0,0.0,230.0,68.76,0.0,0.0,1.35,1.04,0.0,,,,,,BTR-3E1
ussr_bmp_1,6.0,33.33,0.0,0.0,0.0,0.0,221.0,39.26,0.0,0.0,0.78,0.66,0.0,,,,,,BMP-1
cn_sdkfz_222_early,6.0,100.0,0.0,,1.0,,19.0,100.0,0.0,0.0,0.37,0.37,0.0,,,,,,Sd.Kfz.222_(China)
mig-17_cuba,5.0,100.0,9.0,9.0,6.0,6.0,16.0,,,2.0,,0.0,0.0,,,,,,MiG-17AS
ki_21_1hei,5.0,100.0,1.0,1.0,12.2,12.2,0.0,,,,,,0.0,,,,,,Ki-21-I_hei
q_5a,5.0,,,,,,8.0,100.0,0.0,0.0,1.0,1.0,0.0,,,,,,Q-5A
j_7e,5.0,,,,,,0.0,,,,,,0.0,,,,,,J-7E
mig-15bis_nr23_china,5.0,,,,,,2.0,100.0,0.0,0.0,1.0,1.0,0.0,,,,,,J-2
uk_9a35_m,5.0,0.0,4.0,,3.0,,8.0,,,,,,0.0,,,,,,Стрела-10М
b5n2,5.0,100.0,0.0,0.0,7.0,7.0,0.0,,,,,,0.0,,,,,,B5N2
us_m4_sherman_promo,5.0,100.0,0.0,0.0,7.0,7.0,0.0,,,,,,0.0,,,,,,M4
cr_32,5.0,,,2.0,,2.0,0.0,,,,,,0.0,,,,,,CR.32
typhoon_mk1b,5.0,,,,,,70.0,91.3,1.83,1.59,3.8,3.23,0.0,,,,,,Typhoon_Mk_Ib
cr_32_quater,5.0,,,1.0,,1.0,0.0,,,,,,0.0,,,,,,CR.32_quater
p-43a-1_china,5.0,,,,,,0.0,,,,,,0.0,,,,,,P-43A-1_(China)
j_8b,5.0,,,,,,0.0,,,,,,0.0,,,,,,J-8B
it_centauro_rgo_120,5.0,100.0,0.0,0.0,3.6,3.6,130.0,72.17,0.0,0.0,2.78,2.59,0.0,,,,,,Centauro_RGO
su_17m4,5.0,,,,,,14.0,100.0,0.0,0.0,2.42,2.42,42.0,95.65,1.74,1.74,1.0,1.0,Su-17M4
a_6e_tram,5.0,100.0,1.0,1.0,2.0,2.0,90.0,40.48,0.71,0.88,5.48,5.82,91.0,80.83,1.2,0.25,1.61,0.68,A-6E_TRAM
b7a2,5.0,,,,,,0.0,,,,,,0.0,,,,,,B7A2
su-11,5.0,,,,,,245.0,49.41,1.7,1.77,1.47,1.56,0.0,,,,,,Su-11
sea_fury_fb51,5.0,,,2.0,,0.0,10.0,91.67,0.92,0.6,1.75,1.5,0.0,,,,,,◘Sea_Fury_FB.51
b-17g_iaf,5.0,,,0.0,,4.0,0.0,,,,,,0.0,,,,,,B-17G_(Israel)
he_100d_1,5.0,,,,,,0.0,,,,,,0.0,,,,,,He_100_D-1
sw_leopard_1a5no,5.0,100.0,0.0,0.0,3.0,3.0,349.0,45.43,0.0,0.0,1.86,1.41,0.0,,,,,,Leopard_1A5NO2
b_25j_30_china,5.0,100.0,1.0,1.0,1.0,1.0,0.0,,,,,,0.0,,,,,,B-25J-30_(China)
firefly_mk5,5.0,,,1.8,,1.0,59.0,100.0,1.57,0.9,2.0,1.3,0.0,,,,,,Firefly_FR_Mk_V
fr_cckw_353_bofors,5.0,,,,,,17.0,,,0.0,,0.15,0.0,,,,,,CCKW_353_AA
f8f1b_france,5.0,0.0,3.0,3.0,0.0,0.0,153.0,83.36,1.22,0.85,2.33,1.62,0.0,,,,,,F8F-1B
bf-109b_2,5.0,,,1.0,,0.0,0.0,,,,,,0.0,,,,,,Bf_109_B-1
pyorremyrsky,5.0,,,9.0,,0.0,92.0,100.0,3.9,6.54,2.75,4.5,0.0,,,,,,VL_Pyörremyrsky
fr_amd_35_kwk39,5.0,,,0.0,,1.0,39.0,100.0,0.0,0.0,2.46,2.28,0.0,,,,,,AMD.35_(PaK)
il_centurion_shot_kal_alef,5.0,,,,,,43.0,66.67,0.0,0.0,2.33,3.5,0.0,,,,,,Sho't_Kal_Alef
ussr_btr_152a,5.0,,,,,,87.0,26.98,0.23,0.21,0.23,0.21,0.0,,,,,,BTR-152A
ussr_su_57b,5.0,,,0.0,,1.0,0.0,,,,,,0.0,,,,,,SU-57B
jp_type_16,5.0,100.0,0.0,0.0,2.0,2.0,283.0,61.93,0.0,0.0,2.07,1.91,0.0,,,,,,Type_16
f-5a,5.0,,,,,,0.0,,,,,,0.0,,,,,,F-5A
it_freccia,5.0,,,0.0,,1.0,116.0,63.55,0.0,0.0,1.17,1.26,17.0,,,0.0,,1.0,Freccia
fr_crusader_mk_2,5.0,50.0,0.0,0.0,1.0,2.0,32.0,100.0,0.0,0.0,2.58,1.68,0.0,,,,,,Crusader_Mk.II
ussr_t_80um2,5.0,100.0,0.0,0.0,3.4,3.4,272.0,50.8,0.0,0.0,1.72,1.47,0.0,,,,,,T-80UM2
fa_18a,5.0,,,0.0,,0.0,81.0,65.91,3.16,2.75,0.14,0.1,11.0,,,,,,F/A-18A
su_22m3,5.0,,,1.0,,0.0,177.0,77.53,0.65,0.32,0.79,0.3,5.0,,,0.0,,0.0,Su-22M3
uk_crusader_mk_2,5.0,,,0.0,,1.0,1.0,,,,,,0.0,,,,,,Crusader_II
yak_141,5.0,100.0,1.0,1.0,0.0,0.0,10.0,,,,,,0.0,,,,,,Yak-141
su_25t,5.0,,,0.0,,1.0,200.0,55.61,0.18,0.28,3.28,4.51,0.0,,,,,,Su-25T
lancaster_mr7_france,5.0,,,,,,0.0,,,,,,0.0,,,,,,Lancaster_MR.7
uk_churchill_na75,5.0,,,0.0,,1.0,16.0,100.0,0.0,0.0,1.0,1.0,0.0,,,,,,Churchill_NA75
uk_armored_car_aec_mk_2,5.0,0.0,0.0,0.0,0.6,0.6,49.0,100.0,0.0,0.0,4.88,3.18,4.0,,,0.0,,1.0,AEC_Mk_II
sbd-3,5.0,0.0,0.0,0.0,0.0,0.0,0.0,,,,,,0.0,,,,,,SBD-3
l_39za_art_thailand,5.0,,,2.0,,0.0,666.0,87.85,0.4,0.53,4.51,6.1,0.0,,,,,,L-39ZA/ART_Albatros
spitfire_lf_mk9e_weisman,5.0,,,,,,100.0,91.67,0.68,0.46,2.88,1.82,1.0,,,0.0,,0.0,Weizman's_Spitfire_LF_Mk.IXe
so_4050_vautour_2a,4.0,50.0,0.0,0.0,4.0,4.0,0.0,,,,,,0.0,,,,,,S.O.4050_Vautour_IIA
so_4050_vautour_2b,4.0,50.0,0.0,0.0,3.5,3.5,0.0,,,,,,0.0,,,,,,S.O.4050_Vautour_IIB
douglas_ad_4,4.0,,,0.0,,3.0,124.0,50.88,0.51,0.26,2.21,1.4,0.0,,,,,,AD-4
me_210ca_1_40_mm_hungary,4.0,,,1.0,,2.0,11.0,,,0.0,,0.0,0.0,,,,,,◔Me_210_Ca-1_36.M
f-84g_thailand,4.0,,,,,,32.0,85.71,0.17,0.33,1.71,2.38,0.0,,,,,,F-84G-21-RE
etndard_4m,4.0,50.0,0.5,0.5,1.5,1.5,13.0,100.0,2.0,0.89,1.0,0.44,0.0,,,,,,Etendard_IVM
bf-109z,4.0,,,,,,25.0,100.0,4.0,1.82,3.0,0.53,0.0,,,,,,Bf_109_Z-1
ju-87d-5,4.0,,,1.0,,1.75,7.0,,,0.0,,1.14,0.0,,,,,,Ju_87_D-5
p-38j_marge,4.0,100.0,1.0,1.0,1.0,1.0,2.0,,,,,,0.0,,,,,,Bong's_P-38J-15
f6f-5n_france,4.0,100.0,1.0,1.0,1.0,1.0,30.0,,,0.0,,2.6,14.0,,,5.0,,1.0,F6F-5N
hunter_f6_holland,4.0,50.0,1.0,2.0,0.5,1.0,0.0,,,,,,0.0,,,,,,◘Hunter_F.6
f8f1b,4.0,,,2.0,,0.0,805.0,79.58,0.57,0.58,2.11,2.12,0.0,,,,,,F8F-1B
ki_84_ko,4.0,,,2.0,,0.0,47.0,,,1.72,,1.56,0.0,,,,,,Ki-84_ko
saab_a21rb,4.0,,,1.0,,0.0,81.0,65.43,0.59,0.74,0.3,0.32,0.0,,,,,,A21RB
ffvs_j22_a,4.0,,,,,,21.0,100.0,0.0,0.0,0.0,0.0,0.0,,,,,,J22-A
il_sholef,4.0,,,0.0,,1.0,22.0,0.0,0.0,0.0,3.0,2.59,0.0,,,,,,Sholef
ussr_bmp_2,4.0,,,,,,645.0,51.18,0.0,0.0,1.42,0.93,21.0,100.0,0.0,0.0,1.0,1.0,BMP-2
fokker_d21_mod20,4.0,,,,,,0.0,,,,,,0.0,,,,,,Fokker_D.XXI
fokker_d21_serie3_finland,4.0,,,,,,8.0,,,,,,0.0,,,,,,Fokker_D.XXI-3
morko_morane,4.0,,,,,,23.0,64.29,1.0,1.36,0.64,0.86,0.0,,,,,,Mörkö-Morane
germ_pzkpfw_38t_ausf_A,4.0,100.0,0.0,,0.0,,0.0,,,,,,0.0,,,,,,Pz.38(t)_A
ki_100_2,4.0,,,1.0,,0.0,117.0,71.55,0.56,0.68,2.54,2.94,0.0,,,,,,Ki-100-II
ki_44_1_ep,4.0,,,1.0,,0.0,7.0,,,1.0,,0.0,0.0,,,,,,Ki-44-I_34
cn_pgz_88,4.0,,,,,,142.0,63.83,0.63,0.52,1.92,1.7,0.0,,,,,,PGZ88
spitfire_mk14e,4.0,,,,,,65.0,76.35,1.32,1.56,1.0,1.24,0.0,,,,,,Spitfire_F_Mk_XIVe
su_30mkm,3.0,100.0,7.0,,0.0,,464.0,62.42,0.92,1.21,1.24,1.64,0.0,,,,,,Su-30MKM
f-5e_fcu_thailand,3.0,66.67,0.7,0.7,7.0,7.0,298.0,69.15,1.75,1.53,1.47,1.24,0.0,,,,,,F-5E_FCU
alpha_jet_a_thailand,3.0,66.67,0.0,0.0,4.0,6.0,254.0,70.81,0.34,0.29,2.93,2.72,0.0,,,,,,Alpha_Jet_A
it_m15_42_contraereo,3.0,,,,,,225.0,46.14,2.13,1.48,0.33,0.16,0.0,,,,,,M42_Contraereo
f-80a,3.0,100.0,1.0,,1.0,,43.0,0.0,2.23,2.05,1.77,1.68,0.0,,,,,,F-80A-5
uk_sky_sabre_fcs,3.0,,,2.0,,0.0,154.0,63.02,1.7,2.2,0.0,0.0,0.0,,,,,,Sky_Sabre_(СОЦ)
fw-190d-9_ussr,3.0,100.0,3.0,3.0,0.0,0.0,5.0,,,,,,0.0,,,,,,Fw_190_D-9
yak-9p,3.0,100.0,4.0,4.0,0.0,0.0,17.0,61.11,2.72,0.0,1.17,0.5,0.0,,,,,,Yak-9P
cn_wz_305,3.0,,,3.0,,1.0,250.0,63.57,0.64,0.37,1.94,1.19,0.0,,,,,,WZ305
meteor_nfmk13,3.0,,,1.0,,1.0,45.0,100.0,3.58,,2.73,,0.0,,,,,,Meteor_NF.13_(Israel)
re_2001_cn,3.0,,,,,,24.0,50.0,0.0,0.0,0.0,0.0,0.0,,,,,,Re.2001_CN
cn_type_69,3.0,,,0.0,,1.0,291.0,68.87,0.01,0.0,3.98,2.76,0.0,,,,,,Type_69
germ_9a35_m,3.0,0.0,2.0,2.0,0.0,0.0,20.0,0.0,1.0,0.61,0.0,0.0,0.0,,,,,,Стрела-10М
fw-190a-8_usa,3.0,,,1.0,,0.0,48.0,66.67,0.7,1.0,1.0,1.5,0.0,,,,,,Fw_190_A-8
cn_t_62,3.0,,,,,,18.0,50.0,0.0,0.0,1.0,2.0,0.0,,,,,,Т-62_№545
md_450b_ouragan_iaf,3.0,,,1.0,,0.0,26.0,,,1.0,,0.0,0.0,,,,,,M.D.450B_Ouragan_(Israel)
germ_flakpanzer_I_ausf_A,3.0,0.0,0.0,,2.33,,35.0,,,0.0,,1.0,0.0,,,,,,Flakpanzer_I
fr_amx_30,3.0,,,0.0,,2.0,21.0,66.67,0.0,0.0,0.7,1.45,0.0,,,,,,AMX-30
b_25j_20,3.0,,,0.0,,1.0,0.0,,,,,,0.0,,,,,,B-25J-20
fr_leclerc_s2,3.0,,,0.0,,2.0,86.0,47.22,0.0,0.0,2.53,1.24,0.0,,,,,,Leclerc_S2
p-40f_10,3.0,,,,,,4.0,0.0,1.0,1.0,1.0,1.0,19.0,100.0,1.0,1.0,1.0,1.0,P-40F-10
sw_pvkv_m43_1946,3.0,,,,,,30.0,0.0,0.0,0.0,0.25,0.18,0.0,,,,,,Pvkv_m/43_(1946)
ki_100_early,3.0,,,,,,130.0,83.08,2.11,1.52,10.31,5.89,9.0,100.0,0.0,0.0,1.0,1.0,Ki-100
spitfire_ix_usa,3.0,,,1.0,,0.0,283.0,68.12,1.15,1.92,1.05,1.72,26.0,,,,,,Spitfire_LF_Mk_IXc
fr_1_fireball,3.0,,,1.0,,0.0,200.0,58.53,0.81,0.9,1.44,1.57,0.0,,,,,,FR-1_Fireball
jp_type_75,3.0,,,,,,209.0,59.7,0.79,0.57,4.1,3.4,0.0,,,,,,Type_75_SPH
it_m60a1_ariete,3.0,,,0.0,,1.0,0.0,,,,,,0.0,,,,,,"M60A1_""D.C.Ariete"""
vb_10_02,3.0,0.0,1.0,1.0,0.0,0.0,35.0,,,1.0,,1.0,0.0,,,,,,VB.10-02
cn_cm_25,3.0,,,,,,47.0,58.0,0.0,0.0,0.0,0.0,0.0,,,,,,CM25
vb_10c1,3.0,0.0,1.0,1.0,0.0,0.0,19.0,100.0,1.0,,0.0,,0.0,,,,,,VB.10C-1
fr_leclerc_s1,3.0,,,,,,228.0,48.21,0.0,0.0,2.19,1.85,0.0,,,,,,Leclerc
p-47m-1-re,3.0,,,,,,94.0,76.56,0.5,0.74,2.01,3.02,0.0,,,,,,P-47M-1-RE
p-51c-10-nt,3.0,,,3.0,,0.0,64.0,29.57,1.11,1.39,0.45,0.76,0.0,,,,,,P-51C-10
xf5u_1,3.0,,,,,,69.0,46.15,1.08,0.83,0.92,0.66,0.0,,,,,,XF5U-1
p-63c-5_france,3.0,0.0,1.0,1.0,0.0,0.0,8.0,100.0,1.0,1.0,2.0,2.0,0.0,,,,,,P-63C-5
jp_type_60_sprg,3.0,100.0,0.0,0.0,0.0,0.0,404.0,64.02,0.0,0.0,1.56,1.73,0.0,,,,,,Type_60_SPRG_(C)
ju-88a-4_finland,3.0,0.0,0.0,0.0,1.67,1.67,5.0,,,0.0,,1.25,0.0,,,,,,Ju_88_A-4
i-15_1934,3.0,,,,,,0.0,,,,,,0.0,,,,,,I-15_WR
i-153_m62_china,2.0,100.0,5.0,4.5,2.0,2.0,0.0,,,,,,0.0,,,,,,I-153_M-62_(China)
re_2001_serie1_ep,2.0,100.0,4.0,4.0,1.0,1.0,0.0,,,,,,0.0,,,,,,Re.2001_gruppo_22
cw_21,2.0,100.0,2.0,2.0,1.0,1.0,0.0,,,,,,0.0,,,,,,CW-21
mc-202_d,2.0,,,,,,0.0,,,,,,0.0,,,,,,C._202D
a_7e,2.0,100.0,0.0,0.0,3.0,3.0,18.0,100.0,0.0,0.0,1.72,1.72,0.0,,,,,,A-7E
h-75m_china,2.0,100.0,3.5,3.5,0.0,0.0,0.0,,,,,,0.0,,,,,,H-75M_(China)
jp_type_3_ho_ni_III,2.0,,,,,,37.0,100.0,0.0,0.0,4.0,1.93,0.0,,,,,,Ho-Ni_III
germ_flakpanzer_zerstorer_45,2.0,,,,,,140.0,31.18,0.51,0.55,0.35,0.38,0.0,,,,,,Zerstörer_45
ki_43_3_ko,2.0,100.0,3.0,3.0,0.0,0.0,0.0,,,,,,0.0,,,,,,Ki-43-III_ko_(China)
f-84f_france,2.0,100.0,0.0,0.0,2.0,2.0,8.0,,,,,,0.0,,,,,,F-84F
a_7d,2.0,,,0.0,,1.0,58.0,100.0,1.0,1.0,3.0,3.0,0.0,,,,,,A-7D
f_111f,2.0,,,0.0,,2.0,59.0,62.9,0.63,1.86,1.71,2.45,9.0,,,0.0,,0.11,F-111F
p-40e,2.0,,,1.5,,0.0,15.0,100.0,0.0,0.0,0.0,0.0,0.0,,,,,,P-40E-1
us_t55e1,2.0,,,0.0,,1.0,73.0,83.33,0.0,0.0,5.56,2.85,0.0,,,,,,T55E1
yak-30d,2.0,,,,,,0.0,,,,,,0.0,,,,,,Yak-30D
cn_is_2_1943,2.0,,,,,,60.0,0.0,0.0,0.0,2.41,1.5,0.0,,,,,,IS-2_(China)
f-86k_late,2.0,,,,,,38.0,,,1.0,,0.45,0.0,,,,,,F-86K
j8m1,2.0,100.0,0.0,0.0,1.0,1.0,30.0,55.0,1.6,5.0,0.35,1.0,0.0,,,,,,Ki-200
mig-19s,2.0,,,0.0,,0.0,20.0,50.0,2.0,2.0,1.0,1.0,0.0,,,,,,◊MiG-19S
cn_pgz_09,2.0,,,,,,175.0,68.64,0.87,0.91,0.63,0.69,0.0,,,,,,PGZ09
f-100d_france,2.0,50.0,0.5,1.0,0.0,0.0,0.0,,,,,,0.0,,,,,,F-100D
ussr_asu_57,2.0,,,0.0,,0.5,205.0,46.38,0.0,0.0,1.4,0.56,0.0,,,,,,ASU-57
sm_91,2.0,,,,,,28.0,,,0.0,,0.63,0.0,,,,,,SM.91
b-17e_late,2.0,,,0.0,,0.0,0.0,,,,,,0.0,,,,,,B-17E/L
ussr_bmd_4m2,2.0,,,0.0,,0.0,822.0,49.56,0.0,0.0,1.05,0.92,66.0,58.33,0.0,0.0,1.0,0.61,БМД-4M2
f4f-3,2.0,,,,,,21.0,,,1.0,,0.0,0.0,,,,,,F4F-3
f4f-4,2.0,,,,,,0.0,,,,,,0.0,,,,,,F4F-4
bf-109g-2_hungary,1.0,,,6.0,,0.0,7.0,,,,,,0.0,,,,,,◐Bf_109_G-2
it_as_42_metropolitana,1.0,100.0,0.0,0.0,4.0,4.0,34.0,,,0.0,,2.2,1.0,,,,,,AS_42
ki-27_otsu,1.0,,,,,,0.0,,,,,,0.0,,,,,,Ki-27_otsu
uk_sp_17_pdr_valentine,1.0,50.0,0.5,1.0,0.5,1.0,0.0,,,,,,0.0,,,,,,Archer
f-86f-40_japan,1.0,100.0,0.0,0.0,2.0,2.0,91.0,66.13,1.21,3.79,0.89,2.5,0.0,,,,,,F-86F-40_
it_ab_41,1.0,100.0,0.0,,2.0,,1.0,,,0.0,,1.0,1.0,,,0.0,,0.0,AB_41
uk_a30_sp_avenger,1.0,,,,,,154.0,79.17,0.0,0.0,6.13,4.43,0.0,,,,,,Avenger
a_7k,1.0,100.0,0.0,0.0,1.0,1.0,0.0,,,,,,0.0,,,,,,A-7K
cn_m3a3_stuart_1st_ptg,1.0,,,,,,18.0,50.0,0.0,0.0,2.5,2.5,0.0,,,,,,M3A3_(1st_PTG)_(China)
us_halftrack_m15,1.0,,,0.0,,1.0,0.0,,,,,,0.0,,,,,,M15_CGMC
mig-21_f13,1.0,,,1.0,,0.0,35.0,50.0,1.5,2.25,0.0,0.0,0.0,,,,,,MiG-21F-13
sw_strv_m41_s2,1.0,,,,,,1.0,,,0.0,,0.0,0.0,,,,,,Strv_m/41_S-II
fr_amd_35,1.0,,,,,,23.0,,,0.0,,1.57,0.0,,,,,,AMD.35
il_zsu_23_4,1.0,100.0,1.0,1.0,0.0,0.0,63.0,44.87,0.32,0.63,0.0,0.0,0.0,,,,,,ZSU-23-4_(Israel)
it_zsu_23_4,1.0,0.0,1.0,1.0,0.0,0.0,67.0,69.23,0.4,0.43,0.04,0.02,0.0,,,,,,◔ZSU-23-4
seafire_mk3_france,1.0,,,,,,19.0,100.0,1.0,0.24,1.0,1.12,0.0,,,,,,Seafire_LF_Mk.III
germ_pzkpfw_IV_ausf_E,1.0,,,,,,18.0,,,0.0,,2.0,0.0,,,,,,Pz.IV_E
he-162a-2,1.0,,,,,,190.0,57.17,1.81,2.03,0.08,0.08,0.0,,,,,,He_162_A-2
it_vcc_80_hitfist_60,1.0,0.0,0.0,0.0,0.0,0.0,156.0,54.01,0.0,0.0,1.15,1.03,2.0,,,0.0,,1.0,VCC-80/60
ussr_smk,1.0,,,,,,0.0,,,,,,0.0,,,,,,SMK
do_335a_0,1.0,,,,,,0.0,,,,,,0.0,,,,,,Do_335_A-0
il-10_1946_china,1.0,,,1.0,,0.0,34.0,,,0.0,,7.0,0.0,,,,,,IL-10_(1946)_(China)
ussr_isu_122s,1.0,,,,,,9.0,,,,,,0.0,,,,,,ISU-122S
blenheim_mkiv,0.0,,,,,,0.0,,,,,,0.0,,,,,,Blenheim_Mk_IV
hp52_hampden_tbmk1_ussr_utk1,0.0,,,,,,0.0,,,,,,0.0,,,,,,Hampden_TB_Mk_I
d4y2,0.0,,,,,,0.0,,,,,,0.0,,,,,,D4Y2
beaufort_mkviii,0.0,,,,,,0.0,,,,,,0.0,,,,,,Beaufort_Mk_VIII
b6n1,0.0,,,,,,26.0,100.0,0.0,0.0,1.0,1.0,0.0,,,,,,B6N1_Model_11
db_7,0.0,,,,,,0.0,,,,,,0.0,,,,,,DB-7
ki_21_1ko,0.0,,,,,,0.0,,,,,,0.0,,,,,,Ki-21-Ia
wm_21,0.0,,,,,,0.0,,,,,,0.0,,,,,,◔WM-21
il_2_1942_luftwaffe,0.0,,,,,,0.0,,,,,,0.0,,,,,,IL-2_(1942)
germ_pzkpfw_Maus,0.0,,,,,,568.0,44.95,0.0,0.0,5.21,4.62,2.0,,,,,,Maus
cn_m42_duster,0.0,,,,,,32.0,0.0,0.0,0.0,1.42,1.0,0.0,,,,,,M42_(China)
b-29,0.0,,,,,,0.0,,,,,,0.0,,,,,,B-29A-BN
spitfire_lf_mk9c_cw_greece,0.0,,,,,,109.0,83.76,0.89,0.77,0.5,0.39,0.0,,,,,,Spitfire_LF_Mk.IXc_(CW)
uk_a_22f_mk_7_churchill_crocodile,0.0,,,,,,155.0,73.28,0.0,0.0,3.96,4.01,0.0,,,,,,Churchill_Crocodile
f_16a_block_10_iaf,0.0,,,,,,3.0,,,1.0,,1.0,0.0,,,,,,Netz
ki-45_ko,0.0,,,,,,0.0,,,,,,0.0,,,,,,Ki-45_ko
uk_a_13_mk2_1939,0.0,,,,,,0.0,,,,,,0.0,,,,,,A13_Mk_II_1939
it_t_72m1,0.0,,,,,,313.0,78.06,0.0,0.0,3.58,2.86,0.0,,,,,,◔T-72M1
ussr_su_5_1,0.0,,,,,,0.0,,,,,,0.0,,,,,,SU-5-1
germ_wiesel_2_adwc,0.0,,,,,,107.0,31.18,0.82,1.21,0.0,0.0,0.0,,,,,,Ozelot
fr_vbci2_mct30,0.0,,,,,,74.0,43.33,0.0,0.0,0.35,0.8,0.0,,,,,,VBCI-2_(MCT30)
cn_m5a1_stuart,0.0,,,,,,12.0,,,0.0,,1.75,0.0,,,,,,M5A1_(China)
beaufighter_mk6c,0.0,,,,,,0.0,,,,,,0.0,,,,,,Beaufighter_Mk_VIc
mc-202_ec,0.0,,,,,,49.0,52.63,1.24,2.32,1.53,2.95,0.0,,,,,,C._202EC
sw_vickers_mk_e_37,0.0,,,,,,0.0,,,,,,0.0,,,,,,Vickers_Mk.E
jp_type_89,0.0,,,,,,278.0,69.36,0.0,0.0,3.76,2.0,0.0,,,,,,Type_89
pbj_1j,0.0,,,,,,0.0,,,,,,0.0,,,,,,PBJ-1J
il_merkava_mk_3_raam_segol,0.0,,,,,,783.0,52.09,0.0,0.0,3.44,1.96,15.0,,,0.0,,1.0,Ra'am_Sagol
saab_b18b,0.0,,,,,,35.0,66.67,0.0,0.0,0.7,0.6,0.0,,,,,,B18B
uk_a_13_mk1_3rd_rtr,0.0,,,,,,0.0,,,,,,0.0,,,,,,A13_Mk_I_(3rd_R.T.R.)
a-26b,0.0,,,,,,0.0,,,,,,0.0,,,,,,A-26B-50
uk_crusader_aa_mk_1,0.0,,,,,,92.0,100.0,0.06,0.06,2.08,2.08,0.0,,,,,,Crusader_AA_Mk_I
ki_10_1_commander,0.0,,,,,,0.0,,,,,,0.0,,,,,,Ki-10-I_C
p-26a_33,0.0,,,,,,0.0,,,,,,0.0,,,,,,P-26A-33
germ_pz_IV_L70,0.0,,,,,,294.0,40.82,0.0,0.0,1.63,1.18,0.0,,,,,,Panzer_IV/70(V)
sm_79_1939_italy,0.0,,,,,,0.0,,,,,,0.0,,,,,,S.M.79_serie_8
a6m6c,0.0,,,,,,33.0,92.06,2.05,1.99,1.87,1.83,0.0,,,,,,A6M6c
jp_type_2_ka_mi,0.0,,,,,,16.0,50.0,0.0,0.0,3.39,6.78,0.0,,,,,,Ka-Mi
cn_m3a3_stuart,0.0,,,,,,4.0,,,,,,0.0,,,,,,M3A3_Stuart_(China)
saab_j21a_2,0.0,,,,,,0.0,,,,,,0.0,,,,,,J21A-2
cn_m10,0.0,,,,,,13.0,,,0.0,,2.0,0.0,,,,,,M10_GMC_(China)
p-63c-5_kingcobra_animal_version,0.0,,,,,,238.0,66.98,0.68,1.11,2.66,4.33,0.0,,,,,,␠Kingcobra
b-17g,0.0,,,,,,15.0,,,0.0,,0.0,0.0,,,,,,B-17G-60-VE
typhoon_mk1a,0.0,,,,,,24.0,,,0.0,,0.0,0.0,,,,,,Typhoon_Mk_Ia
ki_61_1a_ko,0.0,,,,,,0.0,,,,,,0.0,,,,,,Ki-61-I_ko
germ_flarakpz_1,0.0,,,,,,33.0,48.04,0.48,0.94,0.0,0.0,0.0,,,,,,FlaRakPz_1
gladiator_mk2,0.0,,,,,,0.0,,,,,,0.0,,,,,,Gladiator_Mk_II
bf-109e-3,0.0,,,,,,41.0,100.0,0.33,0.33,0.0,0.2,0.0,,,,,,Bf_109_E-3
jp_m60a3_tts,0.0,,,,,,28.0,90.48,0.0,0.0,4.49,4.0,0.0,,,,,,M60A3_TTS
sw_cv_90120,0.0,,,,,,162.0,50.0,0.0,0.0,2.89,2.18,0.0,,,,,,CV_90120
i-16_type24,0.0,,,,,,0.0,,,,,,0.0,,,,,,I-16_type_24
it_semovente_breda_501,0.0,,,,,,273.0,52.07,0.0,0.0,2.18,1.48,0.0,,,,,,Breda_501
fr_amx_vtt_dca,0.0,,,,,,41.0,,,,,,0.0,,,,,,VTT_DCA
uk_m3a1_stuart,0.0,,,,,,21.0,100.0,0.0,0.0,4.0,3.57,0.0,,,,,,Stuart_III
cn_su_100_1945,0.0,,,,,,53.0,0.0,0.0,0.0,4.38,1.9,0.0,,,,,,SU-100_(China)
j6b,0.0,,,,,,0.0,,,,,,0.0,,,,,,J6B
it_p_40,0.0,,,,,,41.0,50.0,0.0,0.0,5.17,4.5,10.0,,,0.0,,1.0,P40
it_40m_turan_1,0.0,,,,,,13.0,15.0,0.0,0.0,1.75,2.2,0.0,,,,,,Turan_I
ta_154a_1,0.0,,,,,,6.0,0.0,1.0,1.0,0.0,0.0,0.0,,,,,,Ta_154_A-1
sb2c_4,0.0,,,,,,17.0,,,,,,0.0,,,,,,SB2C-4
f2g-1,0.0,,,,,,225.0,59.98,0.63,0.54,1.87,1.66,0.0,,,,,,F2G-1
il_mim_72_chaparral,0.0,,,,,,50.0,100.0,0.65,1.0,0.0,0.0,0.0,,,,,,Imp.Chaparral_(Israel)
caudron_cr714,0.0,,,,,,0.0,,,,,,0.0,,,,,,C.R.714
sw_kungstiger,0.0,,,,,,7.0,,,0.0,,4.0,0.0,,,,,,Kungstiger
germ_stug_III_ausf_F,0.0,,,,,,107.0,25.83,0.0,0.0,2.72,2.02,0.0,,,,,,StuG_III_F
yak-3_france,0.0,,,,,,123.0,85.69,3.97,4.59,1.09,1.33,24.0,,,,,,Yak-3
ki-83,0.0,,,,,,10.0,,,1.9,,1.0,0.0,,,,,,Ki-83
yak-23,0.0,,,,,,3.0,,,1.0,,0.0,0.0,,,,,,Yak-23
fr_vbci,0.0,,,,,,253.0,50.18,0.0,0.0,2.12,2.01,0.0,,,,,,VBCI
f-4f_late,0.0,,,,,,329.0,43.82,0.24,0.27,0.84,0.87,0.0,,,,,,◄F-4F
me-262a1_u1,0.0,,,,,,100.0,22.0,1.66,1.25,1.21,0.75,0.0,,,,,,Me_262_A-1a/U1
il_magach_6b,0.0,,,,,,26.0,42.86,0.0,0.0,2.79,2.59,0.0,,,,,,Magach_6B
i-16_type10_china,0.0,,,,,,0.0,,,,,,0.0,,,,,,I-16_type_10_(China)
ki_10_2,0.0,,,,,,15.0,,,0.0,,0.0,0.0,,,,,,Ki-10-II
germ_pzkpfw_38t_Marder_III,0.0,,,,,,0.0,,,,,,0.0,,,,,,Marder_III
me-410b-1_u2,0.0,,,,,,0.0,,,,,,0.0,,,,,,Me_410_B-1/U2
it_m11_39,0.0,,,,,,0.0,,,,,,0.0,,,,,,M11/39
uk_a30_challenger,0.0,,,,,,122.0,59.14,0.0,0.0,3.46,2.11,0.0,,,,,,Challenger
re_2000_j20,0.0,,,,,,0.0,,,,,,0.0,,,,,,J20
us_xm246,0.0,,,,,,1332.0,57.16,0.23,0.18,1.76,1.48,0.0,,,,,,XM246
us_m18_hellcat_black_cat,0.0,,,,,,1098.0,76.99,0.0,0.0,2.89,2.62,3.0,100.0,0.0,0.0,7.0,7.0,"M18_""Black_Cat"""
mig-17,0.0,,,,,,119.0,76.55,3.75,5.96,1.43,2.71,0.0,,,,,,MiG-17
it_leopard_1a5,0.0,,,,,,218.0,80.22,0.0,0.0,1.93,2.0,0.0,,,,,,Leopard_1A5
il_magach_6_rocket,0.0,,,,,,103.0,62.35,0.0,0.0,5.24,2.71,0.0,,,,,,Magach_Hydra
mc-202_italy,0.0,,,,,,29.0,63.16,0.05,0.05,0.0,0.0,0.0,,,,,,C._202
germ_pzsflk40_sturer_emil,0.0,,,,,,41.0,0.0,0.0,0.0,2.18,2.34,0.0,,,,,,Sturer_Emil
us_m2_medium,0.0,,,,,,0.0,,,,,,0.0,,,,,,M2
ussr_t_26_4,0.0,,,,,,0.0,,,,,,0.0,,,,,,T-26-4
germ_flakpanzer_IV_Ostwind_2,0.0,,,,,,431.0,29.23,0.62,0.53,0.28,0.25,0.0,,,,,,Ostwind_II
wyvern_s4,0.0,,,,,,123.0,94.89,2.04,1.5,6.53,4.45,7.0,,,3.0,,1.0,Wyvern_S4
fiat_g50_seria7as_italy,0.0,,,,,,0.0,,,,,,0.0,,,,,,G.50_AS_serie_7
it_b1_centauro,0.0,,,,,,375.0,61.7,0.0,0.0,1.73,1.17,2.0,0.0,0.0,0.0,1.0,1.0,Centauro_I_105
it_ariete_amv_pt1,0.0,,,,,,78.0,46.43,0.0,0.0,3.5,4.88,0.0,,,,,,Ariete_AMV
cn_ztz_59a,0.0,,,,,,41.0,,,0.0,,2.52,0.0,,,,,,ZTZ59A
do_217n_1,0.0,,,,,,0.0,,,,,,0.0,,,,,,Do_217_N-1
f_111a,0.0,,,,,,0.0,,,,,,3.0,,,,,,F-111A
it_semovente_m43_75_46,0.0,,,,,,0.0,,,,,,0.0,,,,,,75/46_M43
la_200_toriy,0.0,,,,,,69.0,,,1.26,,0.72,0.0,,,,,,La-200
ussr_object_685,0.0,,,,,,548.0,51.46,0.0,0.0,1.36,1.16,0.0,,,,,,Object_685
tb_3_m17_32,0.0,,,,,,0.0,,,,,,0.0,,,,,,TB-3M-17-32
db_3a_china,0.0,,,,,,0.0,,,,,,0.0,,,,,,DB-3A_(China)
germ_vilkas,0.0,,,,,,100.0,48.92,0.26,0.32,1.03,1.43,0.0,,,,,,Vilkas
alpha_jet_e,0.0,,,,,,34.0,100.0,0.0,0.0,1.79,1.8,0.0,,,,,,Alpha_Jet_E
spitfire_ix_ussr,0.0,,,,,,34.0,100.0,2.63,,0.79,,0.0,,,,,,Spitfire_Mk_IXc
p-47d_16_re_germany,0.0,,,,,,17.0,100.0,1.0,1.0,1.0,1.0,0.0,,,,,,P-47D-16-RE
p-51h-5_na,0.0,,,,,,133.0,52.47,0.48,0.94,0.58,1.15,10.0,,,3.0,,0.0,P-51H-5-NA
it_fiat_6614_106sr,0.0,,,,,,346.0,75.95,0.0,0.0,3.55,1.81,0.0,,,,,,FIAT_6614
us_t77e1,0.0,,,,,,114.0,56.25,1.9,1.71,0.0,0.0,0.0,,,,,,T77E1
jp_type_1_chi_he,0.0,,,,,,56.0,,,0.0,,1.9,0.0,,,,,,Chi-He
f4u-7,0.0,,,,,,249.0,63.11,0.29,0.29,2.46,2.18,33.0,75.0,3.0,2.0,4.5,2.56,F4U-7
uk_olifant_mk_2,0.0,,,,,,175.0,89.84,0.0,0.0,5.69,2.36,0.0,,,,,,Olifant_Mk.2
uk_crusader_mk_3,0.0,,,,,,42.0,75.83,0.0,0.0,1.33,1.76,0.0,,,,,,Crusader_III
n1k2_jko,0.0,,,,,,27.0,100.0,0.69,0.0,1.81,2.0,0.0,,,,,,N1K2-Ja
a_10c,0.0,,,,,,61.0,81.06,0.61,0.78,4.43,5.2,11.0,,,,,,A-10C
ki_84_hei,0.0,,,,,,110.0,60.22,1.57,2.14,1.7,2.31,0.0,,,,,,Ki-84_hei
p-26a_34_m2,0.0,,,,,,0.0,,,,,,0.0,,,,,,P-26A-34_M2
us_m56_scorpion,0.0,,,,,,230.0,51.15,0.0,0.0,3.43,1.47,0.0,,,,,,M56
us_m551,0.0,,,,,,608.0,60.76,0.0,0.0,1.37,1.07,0.0,,,,,,M551
sw_landsverk_ush_405,0.0,,,,,,182.0,75.81,0.0,0.0,4.96,2.16,0.0,,,,,,U-SH_405
sw_cv_9035_dk,0.0,,,,,,108.0,62.5,0.0,0.0,3.21,2.23,0.0,,,,,,CV9035DK
su_25sm3,0.0,,,,,,7.0,100.0,1.0,1.0,2.0,2.0,0.0,,,,,,Su-25SM3
xf5f,0.0,,,,,,18.0,,,,,,0.0,,,,,,XF5F
me-262a-1a_u4,0.0,,,,,,461.0,58.37,0.22,0.24,2.24,2.36,0.0,,,,,,Me_262_A-1/U4
uk_ajax,0.0,,,,,,464.0,56.41,0.05,0.05,1.79,1.17,0.0,,,,,,Ajax
uk_a27m_cromwell_1,0.0,,,,,,114.0,95.34,0.0,0.0,3.93,4.42,0.0,,,,,,Cromwell_I
p-26b_35,0.0,,,,,,0.0,,,,,,0.0,,,,,,P-26B-35
germ_leopard_2a5,0.0,,,,,,1489.0,42.13,0.0,0.0,1.41,1.29,0.0,,,,,,Leopard_2A5
fr_amx_30_1972,0.0,,,,,,167.0,62.11,0.0,0.0,2.1,1.76,0.0,,,,,,AMX-30_(1972)
hurricane_mk1_late_finland,0.0,,,,,,0.0,,,,,,0.0,,,,,,Hurricane_Mk_I/L
uk_charioteer_mk_7,0.0,,,,,,126.0,59.05,0.0,0.0,4.24,2.59,0.0,,,,,,Charioteer_Mk_VII
ussr_bmp_2m,0.0,,,,,,1532.0,44.15,0.0,0.0,1.18,0.83,0.0,,,,,,BMP-2M
b-17e,0.0,,,,,,0.0,,,,,,0.0,,,,,,B-17E
germ_m55,0.0,,,,,,55.0,100.0,0.0,0.0,3.86,1.36,0.0,,,,,,◄M55
su_24m,0.0,,,,,,100.0,61.11,0.04,0.02,2.28,3.44,24.0,,,0.0,,1.2,Су-24М
b_52h,0.0,,,,,,80.0,50.0,0.0,0.0,2.73,3.58,0.0,,,,,,B-52H
tu-1,0.0,,,,,,11.0,100.0,0.0,0.0,1.67,2.0,0.0,,,,,,Tu-1
germ_wiesel_1_tow,0.0,,,,,,403.0,39.25,0.0,0.0,1.39,1.07,0.0,,,,,,Wiesel_1A2
spitfiremkiia_ep,0.0,,,,,,22.0,100.0,1.82,1.78,1.0,1.0,0.0,,,,,,Spitfire_Mk.IIa_Venture_I
i-15_1935_moscow,0.0,,,,,,0.0,,,,,,0.0,,,,,,I-15_M-25
sw_vickers_mk_e_45,0.0,,,,,,0.0,,,,,,0.0,,,,,,T-26E
sb2c_5_france,0.0,,,,,,30.0,100.0,1.0,0.88,5.0,4.47,0.0,,,,,,SB2C-5
jp_type_87_rcv,0.0,,,,,,259.0,58.32,0.0,0.0,2.12,1.9,0.0,,,,,,Type_87_RCV
fr_panhard_ebr_1951,0.0,,,,,,262.0,57.67,0.0,0.0,2.01,1.36,0.0,,,,,,E.B.R._(1951)
f_14a_early,0.0,,,,,,168.0,50.0,1.21,1.13,0.09,0.08,0.0,,,,,,F-14A_Early
fw_190a_5_u14,0.0,,,,,,0.0,,,,,,0.0,,,,,,Fw_190_A-5/U14
g5n1,0.0,,,,,,0.0,,,,,,0.0,,,,,,G5N1
fiat_cr42_j11,0.0,,,,,,0.0,,,,,,0.0,,,,,,J11
ki_67_1_otsu,0.0,,,,,,0.0,,,,,,0.0,,,,,,Ki-67-I_otsu
su_17m2,0.0,,,,,,20.0,100.0,0.0,0.0,1.0,1.0,0.0,,,,,,Su-17M2
us_m18_hellcat_black_cat_race,,,,,,,,,,,,,,,,,,,"""Racing""_M18"
it_semovente_m43_105,0.0,,,,,,0.0,,,,,,0.0,,,,,,105/25_M43
germ_panzerwerfer_42,0.0,,,,,,0.0,,,,,,0.0,,,,,,15_cm_Pz.W.42
fr_char_2c,0.0,,,,,,0.0,,,,,,0.0,,,,,,2C
ussr_zprk_2s6,0.0,,,,,,1112.0,45.64,0.83,0.67,0.37,0.31,0.0,,,,,,2S6
germ_sturmmorser_sturmtiger,0.0,,,,,,65.0,100.0,0.0,0.0,3.0,1.54,0.0,,,,,,38_cm_Sturmmörser
it_semovente_l40,0.0,,,,,,0.0,,,,,,0.0,,,,,,47/32_L40
it_semovente_m41_75_18,0.0,,,,,,0.0,,,,,,0.0,,,,,,75/18_M41
it_semovente_m41_75_32,0.0,,,,,,0.0,,,,,,0.0,,,,,,75/32_M41
it_semovente_m43_75_34,0.0,,,,,,15.0,,,,,,0.0,,,,,,75/34_M43
ussr_buk_m3_launcher,,,,,,,,,,,,,,,,,,,"9К317М_""БУК-М3""_(СОУ)"
douglas_a_1h,0.0,,,,,,287.0,85.75,0.25,0.27,4.77,5.03,0.0,,,,,,A-1H
a-26c,0.0,,,,,,0.0,,,,,,0.0,,,,,,A-26C-45
a-26c-45-dt,0.0,,,,,,0.0,,,,,,0.0,,,,,,A-26C-45DT
a_29_hudson,0.0,,,,,,0.0,,,,,,0.0,,,,,,A-29
a-35b,0.0,,,,,,5.0,,,0.0,,0.0,0.0,,,,,,A-35B
a_4b,0.0,,,,,,195.0,74.05,0.12,0.11,1.67,2.43,0.0,,,,,,A-4B
a_4e_early,0.0,,,,,,300.0,65.3,0.3,0.3,2.4,1.77,0.0,,,,,,A-4E_Early
a_5c,0.0,,,,,,23.0,52.78,0.47,0.92,1.47,2.83,0.0,,,,,,A-5C
a_7e_thailand,0.0,,,,,,85.0,63.59,0.86,0.79,0.79,0.45,10.0,,,0.0,,0.0,A-7E
uk_ac4_thunderbolt,0.0,,,,,,29.0,37.5,0.0,0.0,2.96,3.25,11.0,100.0,0.0,0.0,4.0,4.0,A.C.IV
vampire_fb5_j28b,0.0,,,,,,64.0,50.0,1.18,1.32,0.25,0.64,0.0,,,,,,A28B
saab_j29b,0.0,,,,,,62.0,26.0,0.0,0.0,0.24,0.25,0.0,,,,,,A29B
a2d,0.0,,,,,,775.0,65.8,0.19,0.17,1.96,1.75,10.0,,,1.0,,3.0,A2D-1
saab_a32a,0.0,,,,,,42.0,50.0,2.5,1.59,5.5,4.69,0.0,,,,,,A32A
saab_a32a_red_adam,0.0,,,,,,0.0,,,,,,0.0,,,,,,A32A_Röd_Adam
a6m2_zero_usa,0.0,,,,,,1.0,,,,,,0.0,,,,,,A6M2
a6m2_n_zero,0.0,,,,,,0.0,,,,,,0.0,,,,,,A6M2-N
a6m3_mod22ko_zero,0.0,,,,,,43.0,100.0,3.04,,1.17,,0.0,,,,,,A6M3_mod._22Ko
a6m5_zero,0.0,,,,,,52.0,50.0,2.16,2.18,0.5,0.31,0.0,,,,,,A6M5
a6m5ko,0.0,,,,,,86.0,62.76,1.95,2.66,1.93,2.94,0.0,,,,,,A6M5_Ko
a6m5otsu,0.0,,,,,,0.0,,,,,,0.0,,,,,,A6M5_otsu
a7he1,0.0,,,,,,0.0,,,,,,0.0,,,,,,A7He1
a7m2,0.0,,,,,,34.0,50.0,0.5,1.52,1.83,0.94,0.0,,,,,,A7M2
germ_a7v,0.0,,,,,,0.0,,,,,,0.0,,,,,,A7V
uk_17_pdr_m10_achilles,0.0,,,,,,80.0,21.43,0.0,0.0,2.6,2.79,0.0,,,,,,Achilles
douglas_ad_4na_france,0.0,,,,,,25.0,58.33,0.0,0.0,0.25,0.25,9.0,,,,,,AD-4NA
uk_adats_m113a3,0.0,,,,,,130.0,48.08,1.28,0.83,0.53,0.38,0.0,,,,,,ADATS_(M113)
uk_armored_car_mk_2_aa,0.0,,,,,,29.0,50.0,0.1,0.2,0.5,0.8,0.0,,,,,,AEC_AA
cn_hj_9,0.0,,,,,,260.0,76.76,0.0,0.0,3.2,2.65,0.0,,,,,,AFT09
us_ags_teledyne,0.0,,,,,,177.0,51.46,0.0,0.0,2.26,2.48,0.0,,,,,,AGS
aichi_e13a,,,,,,,,,,,,,,,,,,,Aichi_E13A1
saab_aj37,0.0,,,,,,130.0,54.09,0.45,0.53,0.78,0.77,0.0,,,,,,AJ37
saab_ajs37_early,0.0,,,,,,11.0,,,,,,0.0,,,,,,AJS37_(Early)
uk_alecto_mk_1,0.0,,,,,,10.0,,,,,,0.0,,,,,,Alecto_I
alpha_jet_a,0.0,,,,,,139.0,66.67,0.29,0.37,2.85,3.1,26.0,,,0.0,,3.0,Alpha_Jet_A
alpha_jet_a_jabog41,0.0,,,,,,30.0,50.0,0.0,0.0,0.5,1.0,0.0,,,,,,Alpha_Jet_A_(JaboG_41)
am_1_mauler,0.0,,,,,,78.0,96.67,0.0,0.0,2.72,2.41,0.0,,,,,,AM-1
fr_amc_34,0.0,,,,,,0.0,,,,,,0.0,,,,,,AMC.34_YR
fr_amc_35,0.0,,,,,,23.0,,,,,,0.0,,,,,,AMC.35_(ACG.1)
fr_aml_90,0.0,,,,,,108.0,50.0,0.0,0.0,1.73,0.97,0.0,,,,,,AML-90
fr_amr_35_zt3,0.0,,,,,,0.0,,,,,,0.0,,,,,,AMR.35_ZT3
amx,0.0,,,,,,39.0,85.0,0.1,0.0,2.82,4.64,0.0,,,,,,AMX
amx_a_1a_brazil,0.0,,,,,,29.0,100.0,0.0,0.0,2.4,2.19,2.0,50.0,0.0,0.0,1.5,3.0,AMX_A-1A
fr_amx_10m_acra,0.0,,,,,,12.0,50.0,0.0,0.0,1.0,1.7,0.0,,,,,,AMX-10M
fr_amx_10p,0.0,,,,,,220.0,39.19,0.22,0.25,0.26,0.29,0.0,,,,,,AMX-10P
fr_amx_13_75,0.0,,,,,,109.0,81.75,0.0,0.0,2.61,1.21,17.0,,,0.0,,0.0,AMX-13
fr_amx_13_fl_11,0.0,,,,,,82.0,100.0,0.0,0.0,3.25,1.84,0.0,,,,,,AMX-13_(FL11)
fr_amx_13_hot,0.0,,,,,,0.0,,,,,,0.0,,,,,,AMX-13_(HOT)
fr_amx_13_75_ss11,0.0,,,,,,0.0,,,,,,0.0,,,,,,AMX-13_(SS.11)
fr_amx_50_foch,0.0,,,,,,55.0,18.18,0.0,0.0,3.73,2.03,0.0,,,,,,AMX-50_Foch
fr_amx_50_surblinde,0.0,,,,,,11.0,,,0.0,,3.0,0.0,,,,,,AMX-50_Surblindé
cn_antelope_tc_1l_ads,0.0,,,,,,3.0,100.0,0.0,0.0,0.0,0.0,0.0,,,,,,Antelope
arado-196a-3,0.0,,,,,,0.0,,,,,,0.0,,,,,,Ar_196_A-3
arado-196a-5,0.0,,,,,,0.0,,,,,,0.0,,,,,,Ar_196_A-5
arado-234,0.0,,,,,,112.0,48.91,0.0,0.0,2.82,2.92,0.0,,,,,,Ar_234_B-2
arado-234c-3,0.0,,,,,,47.0,83.33,0.0,0.0,2.29,2.34,0.0,,,,,,Ar_234_C-3
ariete,0.0,,,,,,153.0,50.0,4.25,4.02,2.45,2.19,23.0,5.26,1.05,1.16,0.05,0.11,Ariete
sw_asrad_r,0.0,,,,,,31.0,0.0,2.71,2.71,0.0,0.0,0.0,,,,,,ASRAD-R
attaker_fb1,0.0,,,,,,0.0,,,,,,0.0,,,,,,Attacker_FB_1
attaker_fb2,0.0,,,,,,64.0,61.29,0.66,1.1,1.0,1.65,0.0,,,,,,Attacker_FB.2
f4u-6_au-1,0.0,,,,,,543.0,77.68,0.44,0.44,2.99,2.95,0.0,,,,,,AU-1
it_aubl_74_60_70m,0.0,,,,,,173.0,71.36,0.0,0.0,2.52,1.19,0.0,,,,,,AUBL/74_HVG
fr_amx_30_auf_1,0.0,,,,,,55.0,90.28,0.0,0.0,0.53,0.51,0.0,,,,,,AuF1
av_8b_plus_italy,0.0,,,,,,0.0,,,,,,0.0,,,,,,AV-8B_Plus
av_8s_thailand,0.0,,,,,,32.0,88.46,1.12,1.46,0.35,0.69,0.0,,,,,,AV-8S
av_8s_late_thailand,0.0,,,,,,0.0,,,,,,0.0,,,,,,AV-8S_Late
avenger_mk1,0.0,,,,,,0.0,,,,,,0.0,,,,,,Avenger_Mk_II
a_4n,0.0,,,,,,82.0,32.56,1.37,1.73,2.83,4.47,0.0,,,,,,Ayit
b_10b,0.0,,,,,,0.0,,,,,,0.0,,,,,,B-10B
b-17e_japan,0.0,,,,,,0.0,,,,,,0.0,,,,,,B-17E
b_18a,0.0,,,,,,0.0,,,,,,0.0,,,,,,B-18A
b_25j_1,0.0,,,,,,0.0,,,,,,0.0,,,,,,B-25J-1
b_26c_france,0.0,,,,,,0.0,,,,,,0.0,,,,,,B-26C
b-57,0.0,,,,,,10.0,,,0.0,,0.0,0.0,,,,,,B-57A
b-57b,0.0,,,,,,0.0,,,,,,0.0,,,,,,B-57B
b_66b,0.0,,,,,,0.0,,,,,,0.0,,,,,,B-66B
br_20_dr,0.0,,,,,,0.0,,,,,,0.0,,,,,,B.R.20DR
br_20m_m1,0.0,,,,,,0.0,,,,,,0.0,,,,,,B.R.20M_M1
fr_b1_bis,0.0,,,,,,9.0,,,0.0,,0.56,0.0,,,,,,B1_bis
fr_b1_ter,0.0,,,,,,14.0,,,0.0,,2.0,0.0,,,,,,B1_ter
saab_b17a,0.0,,,,,,10.0,100.0,0.0,0.0,0.0,0.0,0.0,,,,,,B17A
saab_b17b,0.0,,,,,,0.0,,,,,,0.0,,,,,,B17B
saab_b18a,0.0,,,,,,0.0,,,,,,0.0,,,,,,B18A
b6n2,0.0,,,,,,0.0,,,,,,0.0,,,,,,B6N2_Model_12
b6n2a,0.0,,,,,,0.0,,,,,,0.0,,,,,,B6N2a_Model_12Ko
ussr_ba_11,0.0,,,,,,0.0,,,,,,0.0,,,,,,BA-11
ba_65_k14_l,0.0,,,,,,0.0,,,,,,0.0,,,,,,Ba.65_(K.14)_L
ba_65_a80,0.0,,,,,,4.0,,,,,,0.0,,,,,,Ba.65_A.80
uk_badger,0.0,,,,,,15.0,50.0,0.0,0.0,0.4,0.73,0.0,,,,,,Badger
f_16d_block_40_barak_2,0.0,,,,,,54.0,97.93,0.47,0.57,2.8,2.89,0.0,,,,,,Barak_II
f_15a_iaf,0.0,,,,,,7.0,50.0,0.79,1.57,0.0,0.0,0.0,,,,,,Baz
f_15c_baz_msip,0.0,,,,,,0.0,,,,,,0.0,,,,,,Baz_Meshupar
be_6,0.0,,,,,,0.0,,,,,,1.0,,,1.0,,1.0,Be-6
beaufighter_mk1_40mm,0.0,,,,,,0.0,,,,,,0.0,,,,,,Beaufighter_Mk_I_(40-mm)
germ_beutepanzer_mk_iv,0.0,,,,,,0.0,,,,,,0.0,,,,,,Beutepanzer_IV
bf-109c_1,0.0,,,,,,0.0,,,,,,0.0,,,,,,Bf_109_C-1
bf-109c_1_promo,0.0,,,,,,0.0,,,,,,0.0,,,,,,Bf_109_C-1_Promo
bf-109e-3_japan,0.0,,,,,,19.0,0.0,2.0,1.6,1.0,1.0,0.0,,,,,,Bf_109_E-7
bf-109e-7,0.0,,,,,,0.0,,,,,,0.0,,,,,,Bf_109_E-7/U2
bf-109g-14as,0.0,,,,,,0.0,,,,,,0.0,,,,,,Bf_109_G-14/AS
bf-109g-2_romania,0.0,,,,,,0.0,,,,,,0.0,,,,,,Bf_109_G-2
bf-109g-6_finland,0.0,,,,,,11.0,100.0,5.0,5.0,4.0,4.0,0.0,,,,,,Bf_109_G-6
bf-109k-4,0.0,,,,,,249.0,61.6,1.6,1.81,1.02,1.01,23.0,100.0,7.0,3.86,0.0,0.0,Bf_109_K-4
bf-110c-6,0.0,,,,,,0.0,,,,,,0.0,,,,,,Bf_110_C-6
bf-110c-4,0.0,,,,,,0.0,,,,,,0.0,,,,,,Bf_110_C-7
bf2c_1,0.0,,,,,,0.0,,,,,,0.0,,,,,,BF2C-1
bi,0.0,,,,,,26.0,100.0,2.0,1.67,0.0,0.0,0.0,,,,,,BI
jp_oplot_t,0.0,,,,,,650.0,54.74,0.0,0.0,1.71,1.52,0.0,,,,,,BM_Oplot-T
ussr_bm_13n,0.0,,,,,,0.0,,,,,,0.0,,,,,,BM-13N
ussr_bm_31_12,0.0,,,,,,96.0,98.93,0.0,0.0,0.63,0.45,0.0,,,,,,BM-31-12
ussr_bm_8_24,0.0,,,,,,0.0,,,,,,0.0,,,,,,BM-8-24
ussr_bmd_4,0.0,,,,,,59.0,88.0,0.0,0.0,2.1,1.41,0.0,,,,,,BMD-4
boomerang_mki,0.0,,,,,,0.0,,,,,,0.0,,,,,,Boomerang_Mk_I
boomerang_mkii,0.0,,,,,,0.0,,,,,,0.0,,,,,,Boomerang_Mk_II
boston_mk_1,0.0,,,,,,0.0,,,,,,0.0,,,,,,Boston_Mk_I
uk_bosvark,0.0,,,,,,39.0,5.26,0.11,0.14,0.95,0.91,0.0,,,,,,Bosvark
germ_boxer_3105,0.0,,,,,,87.0,41.27,0.0,0.0,1.48,1.11,0.0,,,,,,Boxer_MGS
br_693_ab2,0.0,,,,,,0.0,,,,,,0.0,,,,,,Br.693AB2
breda_88,0.0,,,,,,0.0,,,,,,0.0,,,,,,Breda_88_(P.XI)
brigand_b1,0.0,,,,,,0.0,,,,,,0.0,,,,,,Brigand_B_1
ussr_bt_7_1937_td,0.0,,,,,,0.0,,,,,,0.0,,,,,,BT-7_TD
ussr_bt_7a_f32,0.0,,,,,,98.0,85.12,0.0,0.0,3.35,3.02,0.0,,,,,,BT-7A_(F-32)
buccaneer_s1,0.0,,,,,,20.0,100.0,0.0,0.0,1.38,1.82,0.0,,,,,,Buccaneer_S.1
buccaneer_s2,0.0,,,,,,12.0,62.5,0.0,0.0,1.63,1.33,0.0,,,,,,Buccaneer_S.2
buccaneer_s2b,0.0,,,,,,121.0,33.33,0.0,0.0,2.32,6.33,0.0,,,,,,Buccaneer_S.2B
bv-138c-1,0.0,,,,,,0.0,,,,,,0.0,,,,,,BV_138_C-1
bv-238,0.0,,,,,,0.0,,,,,,0.0,,,,,,BV_238
mc200_serie3_italy,0.0,,,,,,0.0,,,,,,0.0,,,,,,C._200_serie_3
mc200_serie3,0.0,,,,,,0.0,,,,,,0.0,,,,,,C._200_serie_3
mc200_serie7,0.0,,,,,,0.0,,,,,,0.0,,,,,,C._200_serie_7
mc-202,0.0,,,,,,0.0,,,,,,0.0,,,,,,C._202
mc-205_serie3,0.0,,,,,,0.0,,,,,,0.0,,,,,,C._205_serie_3
mc-205_n2,0.0,,,,,,0.0,,,,,,0.0,,,,,,C._205N2
it_c13_tua,0.0,,,,,,0.0,,,,,,0.0,,,,,,C13/TUA
germ_leopard_c2_mexas,0.0,,,,,,60.0,62.9,0.0,0.0,2.08,3.23,0.0,,,,,,C2A1
canberra_bimk6,0.0,,,,,,8.0,50.0,0.0,0.0,0.88,1.75,0.0,,,,,,Canberra_B_(I)_Mk_6
canberra_bmk2,0.0,,,,,,0.0,,,,,,0.0,,,,,,Canberra_B_Mk_2
pby-5a_raf,0.0,,,,,,0.0,,,,,,0.0,,,,,,Catalina_Mk_IIIa
cn_gmc_cckw_353_m45_quad,0.0,,,,,,10.0,,,,,,0.0,,,,,,CCKW_353_(M45)
it_sahariano,0.0,,,,,,0.0,,,,,,0.0,,,,,,Celere_Sahariano
it_b1_centauro_romor,0.0,,,,,,100.0,59.62,0.0,0.0,1.82,1.94,0.0,,,,,,Centauro_I_105_R
it_centauro_mgs_120,0.0,,,,,,101.0,68.84,0.0,0.0,2.67,2.46,0.0,,,,,,Centauro_I_120
it_centauro_2,0.0,,,,,,95.0,99.11,0.0,0.0,3.45,1.6,0.0,,,,,,Centauro_II_(P)
uk_centurion_action_x,0.0,,,,,,11.0,,,0.0,,2.64,0.0,,,,,,Centurion_Action_X
uk_centurion_mk_2,0.0,,,,,,227.0,66.31,0.0,0.0,3.05,2.31,0.0,,,,,,Centurion_Mk.2
uk_centurion_mk_5_raac,0.0,,,,,,31.0,,,0.0,,3.33,0.0,,,,,,Centurion_Mk.5/1
yak-9t_france,0.0,,,,,,0.0,,,,,,0.0,,,,,,Challe's_Yak-9T
uk_challenger_2_tes,0.0,,,,,,223.0,54.74,0.0,0.0,1.38,1.65,0.0,,,,,,Challenger_2_TES
uk_challenger_2_lep,0.0,,,,,,260.0,57.02,0.0,0.0,2.6,2.08,0.0,,,,,,Challenger_3_TD
fr_bat_chat_25t,0.0,,,,,,109.0,77.61,0.0,0.0,3.94,3.0,0.0,,,,,,Char_25t
jp_type_97_kai,0.0,,,,,,35.0,100.0,0.0,0.0,5.0,5.0,0.0,,,,,,Chi-Ha_Kai
jp_type_97_kai_td,0.0,,,,,,0.0,,,,,,0.0,,,,,,Chi-Ha_Kai_TD
jp_type_1_chi_he_5th_regiment,0.0,,,,,,0.0,,,,,,0.0,,,,,,Chi-He_(5th_Regiment)
uk_churchill_avre,0.0,,,,,,0.0,,,,,,0.0,,,,,,Churchill_AVRE_Petard
f-86_cl_13_mk4_italy,0.0,,,,,,84.0,55.0,2.0,3.21,1.83,2.45,0.0,,,,,,CL-13_Mk.4
germ_th_800_bismark,0.0,,,,,,106.0,72.22,0.0,0.0,7.32,3.09,0.0,,,,,,Class_3_(P)
us_sl_amraam_launcher,,,,,,,,,,,,,,,,,,,CLAWS_(СОУ)
us_sl_amraam_fcs,0.0,,,,,,287.0,73.73,1.16,0.77,0.0,0.0,0.0,,,,,,CLAWS_(СОЦ)
fr_marder_clovis,0.0,,,,,,279.0,59.44,0.04,0.05,2.44,2.68,4.0,,,0.0,,1.0,CLOVIS
cn_cm_34,0.0,,,,,,182.0,82.58,0.07,0.04,2.72,1.66,0.0,,,,,,CM34
it_fiat_cm52,0.0,,,,,,24.0,,,0.0,,0.0,0.0,,,,,,CM52
us_m4a3e2_sherman_jumbo_cobra_king,0.0,,,,,,166.0,56.54,0.0,0.0,2.72,2.99,0.0,,,,,,Cobra_King
uk_a_34_comet_iron_duke,0.0,,,,,,0.0,,,,,,0.0,,,,,,"Comet_I_""Iron_Duke_IV"""
uk_fv4004_conway,0.0,,,,,,28.0,8.33,0.0,0.0,0.92,0.71,0.0,,,,,,Conway
cr_32_bis,0.0,,,,,,0.0,,,,,,0.0,,,,,,CR.32_bis
fiat_cr42,0.0,,,,,,0.0,,,,,,0.0,,,,,,CR.42
fiat_cr42_italy,0.0,,,,,,0.0,,,,,,0.0,,,,,,CR.42
uk_crusader_aa_mk_2_kit_3rank,0.0,,,,,,16.0,,,,,,0.0,,,,,,Crusader_AA_(Overlord)
uk_crusader_aa_mk_2,0.0,,,,,,50.0,51.45,0.76,1.57,0.09,0.22,0.0,,,,,,Crusader_AA_Mk_II
it_39m_csaba,0.0,,,,,,0.0,,,,,,0.0,,,,,,Csaba
sw_patria_amv_ctcv_105,0.0,,,,,,156.0,51.44,0.0,0.0,1.8,1.54,0.0,,,,,,CT-CV_105HP
jp_icv_prototype,0.0,,,,,,184.0,64.54,0.18,0.14,1.88,1.58,0.0,,,,,,CTWV_RCV
sw_cv_90_mk4,0.0,,,,,,79.0,50.0,0.0,0.0,0.96,1.23,0.0,,,,,,CV_90_Mk.IV
fr_cv_9035_nl,0.0,,,,,,62.0,50.0,0.0,0.0,1.1,1.03,0.0,,,,,,CV_9035NL
sw_cv_9030_fin,0.0,,,,,,347.0,61.29,0.0,0.0,1.49,1.22,0.0,,,,,,CV9030FIN
d_371,0.0,,,,,,0.0,,,,,,0.0,,,,,,D.371
d_371_hs9,0.0,,,,,,0.0,,,,,,0.0,,,,,,D.371_H.S.9
d_373,0.0,,,,,,0.0,,,,,,0.0,,,,,,D.373
d_500,0.0,,,,,,0.0,,,,,,0.0,,,,,,D.500
d_501,0.0,,,,,,0.0,,,,,,0.0,,,,,,D.501
d_510c,0.0,,,,,,0.0,,,,,,0.0,,,,,,D.510C
d_520,0.0,,,,,,0.0,,,,,,0.0,,,,,,D.520
d_521,0.0,,,,,,0.0,,,,,,0.0,,,,,,D.521
fr_renault_d2,0.0,,,,,,9.0,,,0.0,,2.0,0.0,,,,,,D2
d3a1,0.0,,,,,,0.0,,,,,,0.0,,,,,,D3A1
d4y1,0.0,,,,,,0.0,,,,,,0.0,,,,,,D4Y1
d4y3,0.0,,,,,,20.0,,,,,,0.0,,,,,,D4Y3_Ko
uk_daimler_mk_2,0.0,,,,,,5.0,,,0.0,,0.0,0.0,,,,,,Daimler_Mk_II
it_dardo_vcc,0.0,,,,,,94.0,41.88,0.0,0.0,1.34,1.34,82.0,45.65,0.0,0.0,2.37,1.78,Dardo
db_3b,0.0,,,,,,0.0,,,,,,0.0,,,,,,DB-3B
uk_desert_warrior,0.0,,,,,,88.0,87.5,0.0,0.0,1.58,0.6,0.0,,,,,,Desert_Warrior
do_17e_1,0.0,,,,,,0.0,,,,,,0.0,,,,,,Do_17_E-1
do_17z_2,0.0,,,,,,0.0,,,,,,0.0,,,,,,Do_17_Z-2
do_17z_7,0.0,,,,,,0.0,,,,,,0.0,,,,,,Do_17_Z-7
do_217j_1,0.0,,,,,,0.0,,,,,,0.0,,,,,,Do_217_J-1
do_217j_2,0.0,,,,,,0.0,,,,,,0.0,,,,,,Do_217_J-2
do_217k_1,0.0,,,,,,0.0,,,,,,0.0,,,,,,Do_217_K-1
do_217n_2,0.0,,,,,,0.0,,,,,,0.0,,,,,,Do_217_N-2
do_335b_2,0.0,,,,,,129.0,52.04,0.5,0.41,2.0,2.15,0.0,,,,,,Do_335_B-2
germ_pzkpfw_e_100,0.0,,,,,,22.0,100.0,0.0,0.0,7.55,7.55,0.0,,,,,,E-100
fr_panhard_ebr_1963,0.0,,,,,,36.0,50.0,0.0,0.0,3.0,2.0,0.0,,,,,,E.B.R._(1963)
e7k2,,,,,,,,,,,,,,,,,,,E7K2
e8n2,,,,,,,,,,,,,,,,,,,E8N2
us_efv_p1,0.0,,,,,,244.0,61.27,0.0,0.0,1.71,0.92,9.0,,,0.0,,1.0,EFV
il_eitan,0.0,,,,,,26.0,90.48,0.0,0.0,0.77,0.73,0.0,,,,,,Eitan_(P)
fr_amx_elc_bis,0.0,,,,,,184.0,53.69,0.0,0.0,1.35,0.97,0.0,,,,,,ELC_bis
sw_eldenhet_98,0.0,,,,,,14.0,100.0,1.0,1.0,0.0,0.0,0.0,,,,,,EldE_98
germ_pzkpfw_V_ersatz_m10,0.0,,,,,,3.0,,,0.0,,2.0,0.0,,,,,,Ersatz_M10
f1,0.0,,,,,,11.0,100.0,4.1,4.1,0.0,0.0,0.0,,,,,,F-1
f_101c,0.0,,,,,,39.0,38.64,1.73,3.23,1.59,3.18,0.0,,,,,,F-101C
f-104g_belgium,0.0,,,,,,0.0,,,,,,0.0,,,,,,F-104G
f-104g_italy,0.0,,,,,,0.0,,,,,,0.0,,,,,,F-104G
f-104j,0.0,,,,,,0.0,,,,,,0.0,,,,,,F-104J
f-104s,0.0,,,,,,0.0,,,,,,0.0,,,,,,F-104S
f-104s_cb,0.0,,,,,,63.0,20.69,0.0,0.03,1.71,1.89,0.0,,,,,,F-104S_TAF
f-104s_asa,0.0,,,,,,42.0,,,1.52,,0.0,0.0,,,,,,F-104S.ASA
f_106a_1972,0.0,,,,,,54.0,100.0,5.0,3.0,0.0,0.0,0.0,,,,,,F-106A
f_111c_raaf,0.0,,,,,,12.0,33.33,0.33,0.33,0.33,0.83,0.0,,,,,,F-111C
f_117,0.0,,,,,,22.0,50.0,0.0,0.0,1.11,2.22,0.0,,,,,,F-117
f_14d,0.0,,,,,,242.0,39.1,1.18,1.09,0.0,0.0,0.0,,,,,,F-14D
f_15i_raam,0.0,,,,,,194.0,66.99,1.44,2.68,0.73,1.22,0.0,,,,,,F-15I_Ra’am
f_15j,0.0,,,,,,16.0,50.0,1.5,1.5,0.0,0.0,0.0,,,,,,F-15J
f_15j_kai,0.0,,,,,,75.0,71.49,2.76,2.59,0.05,0.3,0.0,,,,,,F-15J(M)
f_16a_block_15_belgium,0.0,,,,,,41.0,0.0,2.63,1.42,0.0,0.0,1.0,,,1.0,,0.0,F-16A
f_16a_block_15_adf_italy,0.0,,,,,,2.0,50.0,0.5,1.0,0.5,1.0,0.0,,,,,,F-16A_ADF
f_16a_block_15_ocu_thailand,0.0,,,,,,22.0,100.0,1.39,1.39,0.17,0.17,0.0,,,,,,F-16A_OCU
f_16a_block_15_ocu_belgium,0.0,,,,,,8.0,,,,,,7.0,,,1.0,,0.0,F-16A_OCU
f_16aj,0.0,,,,,,101.0,50.0,0.27,0.24,0.15,0.29,0.0,,,,,,F-16AJ
f_16am_block_15_mlu_belgium,0.0,,,,,,20.0,83.33,1.0,1.0,0.0,0.0,7.0,,,,,,F-16AM
f_16c_block_40_barak_2,0.0,,,,,,0.0,,,,,,0.0,,,,,,F-16C_Barak_II
f_16i_sufa,0.0,,,,,,4.0,,,0.0,,0.0,0.0,,,,,,F-16I_Sufa
fa_18c_finland,0.0,,,,,,18.0,50.0,1.0,1.0,0.0,0.0,0.0,,,,,,F-18C
ef_2000a,0.0,,,,,,24.0,50.0,0.96,1.12,0.5,0.65,0.0,,,,,,F-2000A
ef_2000a_aesa,0.0,,,,,,107.0,55.83,2.33,4.65,0.73,1.46,0.0,,,,,,F-2000A_(AESA)
f_2a,0.0,,,,,,92.0,95.83,1.74,1.04,0.05,0.2,11.0,,,1.64,,0.0,F-2A
f_2a_adtw,0.0,,,,,,909.0,57.92,1.38,1.62,0.12,0.15,17.0,,,1.5,,1.08,F-2A_ADTW
f-4ej_adtw,0.0,,,,,,167.0,38.7,1.29,0.84,0.19,0.13,16.0,,,0.0,,0.0,F-4EJ_ADTW
f-4ej_kai,0.0,,,,,,4.0,,,1.0,,0.0,0.0,,,,,,F-4EJ_Kai_Phantom_II
f-4ej,0.0,,,,,,34.0,71.43,1.26,1.44,0.26,0.44,0.0,,,,,,F-4EJ_Phantom_II
f-5t_thailand,0.0,,,,,,11.0,100.0,0.0,0.0,2.86,2.09,0.0,,,,,,F-5T_SCU
f-5th_thailand,0.0,,,,,,76.0,100.0,2.75,2.22,0.08,0.07,0.0,,,,,,F-5TH_TCU
p-51c-10_france,0.0,,,,,,0.0,,,,,,0.0,,,,,,F-6C-10-NA
f-80,0.0,,,,,,21.0,58.33,0.0,0.0,0.42,0.46,0.0,,,,,,F-80C-10
f-84f_italy,0.0,,,,,,0.0,,,,,,0.0,,,,,,F-84F
f-84f,0.0,,,,,,89.0,36.88,0.07,0.08,1.11,1.48,0.0,,,,,,F-84F
f-84f_iaf,0.0,,,,,,0.0,,,,,,0.0,,,,,,F-84F_IAF
f-84g,0.0,,,,,,9.0,,,,,,0.0,,,,,,F-84G-21-RE
f-84g_italy,0.0,,,,,,16.0,,,,,,0.0,,,,,,F-84G-21-RE
f-84g_france,0.0,,,,,,0.0,,,,,,0.0,,,,,,F-84G-26-RE
f-86a-5,0.0,,,,,,165.0,73.92,2.75,2.55,0.84,0.79,0.0,,,,,,F-86A-5
f-86f-25,0.0,,,,,,47.0,60.0,1.1,1.27,0.6,0.94,0.0,,,,,,F-86F-25
f-86f-30_japan,0.0,,,,,,198.0,79.01,1.9,2.2,0.69,0.82,0.0,,,,,,F-86F-30_
f-86f-35,0.0,,,,,,20.0,100.0,1.82,1.05,1.82,1.05,0.0,,,,,,F-86F-35
f-86f-40_japan_blue_impulse,0.0,,,,,,24.0,100.0,4.64,3.8,4.0,2.9,0.0,,,,,,F-86F-40_JASDF
f-86k_late_italy,0.0,,,,,,0.0,,,,,,0.0,,,,,,F-86K
f-8e_fn,0.0,,,,,,0.0,,,,,,0.0,,,,,,F-8E(FN)
f_222_2,0.0,,,,,,0.0,,,,,,0.0,,,,,,F.222.2
fc_20_bis,0.0,,,,,,0.0,,,,,,0.0,,,,,,F.C.20_Bis
fa_18c_mlu_2_finland,0.0,,,,,,54.0,79.33,1.38,1.36,0.42,2.0,0.0,,,,,,F/A-18C_MLU_2
fa_18d_late_malaysia,0.0,,,,,,39.0,94.45,1.83,1.98,0.95,0.26,0.0,,,,,,F/A-18D_Late
fa_18f_block_2_raaf,0.0,,,,,,28.0,50.0,1.0,1.29,1.36,1.64,0.0,,,,,,F/A-18F
f11f_1_late,0.0,,,,,,15.0,100.0,5.0,,0.0,,0.0,,,,,,F11F-1
f1m2,0.0,,,,,,9.0,,,,,,0.0,,,,,,F1M2
f2a-1,0.0,,,,,,0.0,,,,,,0.0,,,,,,F2A-1
f2h-2,0.0,,,,,,242.0,69.42,2.58,1.29,0.9,0.49,0.0,,,,,,F2H-2
f3d_1,0.0,,,,,,128.0,50.0,0.29,0.23,1.69,1.8,0.0,,,,,,F3D-1
f4d_1,0.0,,,,,,16.0,100.0,2.0,0.73,0.0,0.0,0.0,,,,,,F4D-1
f4u-1a_japan,0.0,,,,,,39.0,100.0,1.74,1.74,0.0,0.0,0.0,,,,,,F4U-1A
f4u-4b_vmf_214,0.0,,,,,,0.0,,,,,,0.0,,,,,,F4U-4B_VMF-214
f7f1,0.0,,,,,,165.0,51.19,0.65,0.71,0.34,0.7,0.0,,,,,,F7F-1
f7f3,0.0,,,,,,86.0,100.0,0.21,0.24,3.04,3.08,0.0,,,,,,F7F-3
f9f-5,0.0,,,,,,36.0,,,1.07,,2.87,0.0,,,,,,F9F-5
f9f-8,0.0,,,,,,159.0,55.7,0.55,0.55,0.66,0.76,0.0,,,,,,F9F-8
uk_falcon,0.0,,,,,,273.0,48.23,0.76,0.43,2.05,1.12,0.0,,,,,,Falcon
fr_fcm_36,0.0,,,,,,0.0,,,,,,0.0,,,,,,FCM.36
ffa_p16,0.0,,,,,,0.0,,,,,,0.0,,,,,,FFA_P-16
b_48_firecrest,0.0,,,,,,22.0,,,,,,0.0,,,,,,Firecrest
it_fiat_6614_firos,0.0,,,,,,54.0,69.44,0.0,0.0,1.08,0.67,0.0,,,,,,FIROS_6
fj_4b_agm_12b,0.0,,,,,,47.0,90.48,0.19,0.21,2.62,3.46,0.0,,,,,,FJ-4B_VMF-232
germ_flakpanzer_38t_Gepard,0.0,,,,,,4.0,100.0,1.0,1.0,3.75,3.75,0.0,,,,,,Flakpanzer_38
germ_flarakrad,0.0,,,,,,60.0,,,0.74,,0.0,0.0,,,,,,FlaRakRad
bf-109a_1,0.0,,,,,,0.0,,,,,,0.0,,,,,,Flegel's_Bf_109_A
it_freccia_hitfist_ows,0.0,,,,,,181.0,50.86,0.0,0.0,1.82,1.31,0.0,,,,,,Freccia_OWS_30
fr_samp_t_launcher,0.0,,,,,,0.0,,,,,,0.0,,,,,,FSAF_SAMP/T_(Mamba)_(СОУ)
fr_samp_t_fcs,0.0,,,,,,106.0,64.52,1.93,2.36,0.0,0.0,0.0,,,,,,FSAF_SAMP/T_(Mamba)_(СОЦ)
it_samp_t_fcs,0.0,,,,,,28.0,50.0,1.0,1.0,0.0,0.0,0.0,,,,,,FSAF_SAMP/T_(СОЦ)
fury_mk1,0.0,,,,,,0.0,,,,,,0.0,,,,,,Fury_Mk_I
fury_mk2,0.0,,,,,,0.0,,,,,,0.0,,,,,,Fury_Mk_II
uk_fv4005,0.0,,,,,,77.0,34.87,0.0,0.0,1.82,2.06,0.0,,,,,,FV4005
fw-189a-1,0.0,,,,,,0.0,,,,,,0.0,,,,,,Fw_189_A-1
fw-190a-5_japan,0.0,,,,,,5.0,,,,,,0.0,,,,,,Fw_190_A-5
fw-190c,0.0,,,,,,0.0,,,,,,0.0,,,,,,Fw_190_C
fw-190d-13,0.0,,,,,,39.0,61.11,0.94,1.0,1.28,1.44,0.0,,,,,,Fw_190_D-13
fw_200c_1,0.0,,,,,,14.0,,,,,,0.0,,,,,,Fw_200_C-1
fw_189c_0,0.0,,,,,,0.0,,,,,,0.0,,,,,,Fw_189_C
fiat_g50_seria7as,0.0,,,,,,0.0,,,,,,0.0,,,,,,G.50_AS_serie_7
fiat_g50_seria2,0.0,,,,,,0.0,,,,,,0.0,,,,,,G.50_serie_2
fiat_g50_seria2_italy,0.0,,,,,,0.0,,,,,,0.0,,,,,,G.50_serie_2
g_55_serie1,0.0,,,,,,31.0,97.22,1.78,0.5,0.86,0.5,0.0,,,,,,G.55_serie_1
g_55_serie1_ss0,0.0,,,,,,24.0,,,,,,0.0,,,,,,G.55_sottoserie_0
g_55s,0.0,,,,,,29.0,98.25,1.16,1.16,1.32,1.32,7.0,,,5.0,,0.0,G.55S
g_56,0.0,,,,,,1.0,,,1.0,,0.0,0.0,,,,,,G.56
fiat_g91_ps,0.0,,,,,,46.0,70.83,0.94,1.0,0.29,0.35,0.0,,,,,,G.91_pre-serie
fiat_g91_r1,0.0,,,,,,40.0,50.0,0.0,0.0,0.5,0.75,0.0,,,,,,G.91_R/1
fiat_g91_r4,0.0,,,,,,14.0,0.0,0.71,0.71,0.86,0.86,0.0,,,,,,G.91_R/4
fiat_g91_y,0.0,,,,,,37.0,100.0,4.47,,0.45,,0.0,,,,,,G.91_Y
fiat_g91_ys,0.0,,,,,,81.0,100.0,1.27,1.65,1.69,2.1,0.0,,,,,,G.91_YS
g4m1,0.0,,,,,,0.0,,,,,,0.0,,,,,,G4M1
g8n1,0.0,,,,,,30.0,66.67,1.0,3.0,0.0,0.0,0.0,,,,,,G8N1
f3f-2_galer,0.0,,,,,,30.0,100.0,2.0,2.0,0.0,0.0,0.0,,,,,,Galer's_F3F-2
germ_garford_putilov,0.0,,,,,,0.0,,,,,,0.0,,,,,,Garford-Beute
ussr_gaz_4m,0.0,,,,,,0.0,,,,,,0.0,,,,,,GAZ-AAA_(4M)
ussr_gaz_dshk,0.0,,,,,,0.0,,,,,,0.0,,,,,,GAZ-AAA_(DShK)
uk_vickers_gbt_155,0.0,,,,,,159.0,61.08,0.28,0.24,2.01,1.69,0.0,,,,,,GBT_155
il_m113a1_tow,0.0,,,,,,15.0,,,0.0,,0.0,0.0,,,,,,Giraf
gladiator_mk1_belgium,0.0,,,,,,0.0,,,,,,0.0,,,,,,Gladiator_Mk_I
gladiator_mk2_france,0.0,,,,,,0.0,,,,,,0.0,,,,,,Gladiator_Mk_IIF
gladiator_mk2_silver,0.0,,,,,,0.0,,,,,,0.0,,,,,,Gladiator_Mk_IIS
uk_mk1_grant,0.0,,,,,,0.0,,,,,,0.0,,,,,,Grant_I
uk_3_inch_gun_carrier,0.0,,,,,,0.0,,,,,,0.0,,,,,,Gun_Carrier_(3-in)
il_28_china,0.0,,,,,,0.0,,,,,,0.0,,,,,,H-5
h-75a-1_france,0.0,,,,,,0.0,,,,,,0.0,,,,,,H-75A-1
h-75a-4_france,0.0,,,,,,0.0,,,,,,0.0,,,,,,H-75A-4
fr_hotchkiss_h35,0.0,,,,,,0.0,,,,,,0.0,,,,,,H.35
fr_hotchkiss_h39,0.0,,,,,,0.0,,,,,,0.0,,,,,,H.39
fr_hotchkiss_h39_cambronne,0.0,,,,,,0.0,,,,,,0.0,,,,,,"H.39_""Cambronne"""
hp_12,0.0,,,,,,0.0,,,,,,0.0,,,,,,H.P.12
h6k4,0.0,,,,,,0.0,,,,,,0.0,,,,,,H6K4
h8k3,0.0,,,,,,0.0,,,,,,0.0,,,,,,H8K3
jp_type_95_ha_go,0.0,,,,,,0.0,,,,,,0.0,,,,,,Ha-Go
jp_type_95_ha_go_commander,0.0,,,,,,0.0,,,,,,0.0,,,,,,Ha-Go_Commander
a5m4_hagiri,0.0,,,,,,0.0,,,,,,0.0,,,,,,Hagiri's_A5M4
halifax_mk3,0.0,,,,,,0.0,,,,,,0.0,,,,,,Halifax_B_Mk_IIIa
hp52_hampden_mk1_late,0.0,,,,,,0.0,,,,,,0.0,,,,,,Hampden_Mk_I
hp52_hampden_tbmk1,0.0,,,,,,0.0,,,,,,0.0,,,,,,Hampden_TB_Mk_I
harrier_gr1,0.0,,,,,,46.0,75.0,1.06,0.54,0.25,1.0,0.0,,,,,,Harrier_GR.1
harrier_gr3,0.0,,,,,,3.0,,,0.33,,1.0,0.0,,,,,,Harrier_GR.3
harrier_gr7,0.0,,,,,,43.0,36.0,1.0,1.72,0.56,0.92,0.0,,,,,,Harrier_GR.7
harrier_t10,0.0,,,,,,111.0,53.01,0.46,0.52,1.2,1.75,0.0,,,,,,Harrier_T.10
intruder_mk_1,0.0,,,,,,0.0,,,,,,0.0,,,,,,Havoc_Mk_I
hawk_200,0.0,,,,,,26.0,50.0,0.5,1.0,1.75,3.5,0.0,,,,,,Hawk_200
hawk_200_rda,0.0,,,,,,20.0,100.0,3.0,3.0,0.0,0.0,0.0,,,,,,Hawk_200_RDA
h-75a-2_finland,0.0,,,,,,0.0,,,,,,0.0,,,,,,Hawk_H-75A-2
hawk_iii,0.0,,,,,,0.0,,,,,,0.0,,,,,,Hawk_III
he-111h-6,0.0,,,,,,0.0,,,,,,0.0,,,,,,He_111_H-6
he_112a_0,0.0,,,,,,4.0,100.0,0.0,0.0,3.0,3.0,0.0,,,,,,He_112_A-0
he_112b_1_italy,0.0,,,,,,0.0,,,,,,0.0,,,,,,He_112_B-1/U2
he_112b_1,0.0,,,,,,0.0,,,,,,0.0,,,,,,He_112_B-1/U2
he_112b_2,0.0,,,,,,7.0,,,,,,0.0,,,,,,He_112_B-2/U2
he_115c_1,0.0,,,,,,0.0,,,,,,0.0,,,,,,He_115_C-1
he-162a-1,0.0,,,,,,0.0,,,,,,0.0,,,,,,He_162_A-1
he-177a-3,0.0,,,,,,0.0,,,,,,0.0,,,,,,He_177_A-3
he-177a-5,0.0,,,,,,0.0,,,,,,0.0,,,,,,He_177_A-5
he_219a_7,0.0,,,,,,17.0,,,,,,0.0,,,,,,He_219_A-7
he51a1,0.0,,,,,,0.0,,,,,,0.0,,,,,,He_51_A-1
he51b_2w,0.0,,,,,,0.0,,,,,,0.0,,,,,,He_51_B-2/H
he51c1,0.0,,,,,,0.0,,,,,,0.0,,,,,,He_51_C-1
he51c1_late,0.0,,,,,,0.0,,,,,,0.0,,,,,,He_51_C-1/L
jp_pzkpfw_VI_ausf_e_tiger,0.0,,,,,,0.0,,,,,,0.0,,,,,,Heavy_Tank_No.6
us_m18_hellcat_kit_3rank,0.0,,,,,,46.0,35.0,0.0,0.0,2.35,1.96,0.0,,,,,,Hellcat_(Hell)
marut_mk1,0.0,,,,,,2.0,100.0,0.0,0.0,0.0,0.0,0.0,,,,,,HF-24
go229_v3,0.0,,,,,,62.0,50.0,1.0,1.96,1.21,2.41,0.0,,,,,,Ho_229_V3
jp_type_2_ho_i,0.0,,,,,,12.0,100.0,0.0,0.0,3.0,1.75,0.0,,,,,,Ho-I
jp_type_5_ho_ri_prototype,0.0,,,,,,90.0,75.0,0.0,0.0,4.98,3.8,0.0,,,,,,Ho-Ri_Prototype
hornet_mk1,0.0,,,,,,24.0,50.0,1.5,1.5,0.5,0.5,0.0,,,,,,Hornet_Mk.I
hornet_mk3,0.0,,,,,,0.0,,,,,,0.0,,,,,,Hornet_Mk.III
il_m163_vulcan,0.0,,,,,,28.0,,,0.0,,0.0,0.0,,,,,,Hovet
cn_hq_11,0.0,,,,,,10.0,50.0,1.0,1.0,0.0,0.0,0.0,,,,,,HQ11
hs-123a-1,0.0,,,,,,0.0,,,,,,0.0,,,,,,Hs_123_A-1
hs-129b-2,0.0,,,,,,0.0,,,,,,0.0,,,,,,Hs_129_B-2
hs-129b-2_romania_italy,0.0,,,,,,9.0,,,,,,0.0,,,,,,Hs_129_B-2_(Romania)
hs-129b-2_romania,0.0,,,,,,0.0,,,,,,0.0,,,,,,Hs_129_B-2_(Romania)
hs-129b-3,0.0,,,,,,52.0,38.71,0.0,0.0,0.39,0.63,0.0,,,,,,Hs_129_B-3
us_hstv_l,0.0,,,,,,2663.0,62.24,0.0,0.0,1.5,1.36,0.0,,,,,,HSTV-L
hudson_mk_v,0.0,,,,,,0.0,,,,,,0.0,,,,,,Hudson_Mk_V
germ_hummel,0.0,,,,,,58.0,100.0,0.0,0.0,7.25,1.81,0.0,,,,,,Hummel
il_hunter_afv,0.0,,,,,,0.0,,,,,,0.0,,,,,,Hunter_AFV
hunter_f1,0.0,,,,,,6.0,100.0,3.5,,1.5,,0.0,,,,,,Hunter_F.1
hunter_f6,0.0,,,,,,128.0,74.62,2.22,2.2,0.43,0.58,0.0,,,,,,Hunter_F.6
hunter_f9_rhodesia,0.0,,,,,,57.0,68.23,2.09,6.69,2.06,6.5,0.0,,,,,,Hunter_FGA.9
hurricane_mk1,0.0,,,,,,0.0,,,,,,0.0,,,,,,Hurricane_Mk_I/L
hurricanemkii,0.0,,,,,,2.0,,,,,,0.0,,,,,,Hurricane_Mk_IIB/Trop
hurricane_mk4,0.0,,,,,,4.0,,,,,,0.0,,,,,,Hurricane_Mk_IV
hurricane_mk1_late_ep,0.0,,,,,,0.0,,,,,,0.0,,,,,,Hurricane_Mk.I/L_FAA_M
i-15_1935,0.0,,,,,,0.0,,,,,,0.0,,,,,,I-15_M-22
i-15bis,0.0,,,,,,0.0,,,,,,0.0,,,,,,I-15bis
i-16_type10,0.0,,,,,,0.0,,,,,,0.0,,,,,,I-16_type_10
i-16_type18,0.0,,,,,,0.0,,,,,,0.0,,,,,,I-16_type_18
i-16_type5,0.0,,,,,,0.0,,,,,,0.0,,,,,,I-16_type_5
ia_58a_pucara,0.0,,,,,,163.0,84.29,0.64,0.67,3.54,3.7,0.0,,,,,,IA.58A_Pucara
gladiator_j8a_iacobi,0.0,,,,,,0.0,,,,,,0.0,,,,,,Iacobi's_J8A
iar_81c,0.0,,,,,,17.0,100.0,1.29,1.29,0.71,0.71,0.0,,,,,,IAR-81C
iar_81c_db_605,,,,,,,,,,,,,,,,,,,IAR-81C_(DB_605)
iar_93b,0.0,,,,,,11.0,,,,,,0.0,,,,,,IAR-93B
jp_icv_ifv_prototype,0.0,,,,,,127.0,50.33,0.65,0.39,3.03,1.86,0.0,,,,,,ICV_(P)
sw_ikv_103,0.0,,,,,,75.0,26.86,0.0,0.0,1.14,1.35,0.0,,,,,,Ikv_103
sw_ikv_91_105,0.0,,,,,,295.0,49.98,0.03,0.03,1.37,1.7,0.0,,,,,,Ikv_91-105
il-10,0.0,,,,,,35.0,100.0,0.0,0.0,8.0,4.33,0.0,,,,,,IL-10
il_28,0.0,,,,,,16.0,,,0.0,,0.0,5.0,,,0.0,,0.0,IL-28
il_28sh,0.0,,,,,,29.0,0.0,0.0,0.0,0.29,0.34,0.0,,,,,,IL-28Sh
il-2m_mstitel,0.0,,,,,,0.0,,,,,,0.0,,,,,,"IL-2M_""Avenger"""
il-4,0.0,,,,,,0.0,,,,,,0.0,,,,,,IL-4
us_mim_72_chaparral,0.0,,,,,,41.0,,,1.19,,0.0,0.0,,,,,,Imp.Chaparral
uk_a1e1_independent,0.0,,,,,,0.0,,,,,,0.0,,,,,,Independent
germ_iris_slm_launcher,,,,,,,,,,,,,,,,,,,IRIS-T_SLM_(СОУ)
germ_iris_slm_fcs,0.0,,,,,,351.0,31.13,2.95,1.72,0.0,0.0,0.0,,,,,,IRIS-T_SLM_(СОЦ)
ussr_is_2_1944_revenge,0.0,,,,,,28.0,100.0,0.0,0.0,2.75,2.65,0.0,,,,,,"IS-2_""Revenge"""
ussr_is_2_1944_321,0.0,,,,,,2.0,50.0,0.0,0.0,1.0,2.0,0.0,,,,,,IS-2_No.321
cn_is_2_1943_no402,0.0,,,,,,0.0,,,,,,0.0,,,,,,IS-2_No.402
ussr_is_7,0.0,,,,,,55.0,81.82,0.0,0.0,9.45,7.52,0.0,,,,,,IS-7
ussr_isu_122,0.0,,,,,,35.0,,,0.0,,1.0,0.0,,,,,,ISU-122
ussr_isu_152,0.0,,,,,,60.0,,,0.0,,1.5,0.0,,,,,,ISU-152
it_semovente_m43_75_bersaglieri,,,,,,,,,,,,,,,,,,,it_semovente_m43_75_bersaglieri
sw_crotale_ng,0.0,,,,,,28.0,0.0,1.0,1.0,0.0,0.0,0.0,,,,,,ItO_90M
fr_crotale_ng,0.0,,,,,,33.0,50.0,0.54,1.08,0.0,0.0,0.0,,,,,,ItO_90M
sw_itpsv_90,0.0,,,,,,1308.0,48.27,0.11,0.09,1.75,1.4,0.0,,,,,,ItPsV_Leopard
j_10a,0.0,,,,,,127.0,57.64,1.24,1.98,0.03,0.05,0.0,,,,,,J-10A
j_10c,0.0,,,,,,38.0,100.0,3.47,3.59,1.34,0.91,0.0,,,,,,J-10C
j_11,0.0,,,,,,14.0,89.29,2.46,2.57,0.0,0.0,11.0,,,,,,J-11
j_11a,0.0,,,,,,63.0,50.0,2.05,4.07,0.14,0.23,0.0,,,,,,J-11A
j_11b,0.0,,,,,,23.0,100.0,2.67,2.67,0.72,0.72,0.0,,,,,,J-11B
j_15t,0.0,,,,,,130.0,91.4,3.71,3.34,1.66,1.34,27.0,,,1.0,,0.3,J-15T
j_22m1a,0.0,,,,,,298.0,58.14,0.0,0.0,2.82,4.98,0.0,,,,,,J-22M1A
mig-17_china,0.0,,,,,,0.0,,,,,,0.0,,,,,,J-4
mig-19j_6a,0.0,,,,,,12.0,100.0,2.0,,0.0,,0.0,,,,,,J-6A
j_7d,0.0,,,,,,215.0,62.09,1.47,2.35,0.22,0.27,0.0,,,,,,J-7D
j_7_mk2,0.0,,,,,,0.0,,,,,,0.0,,,,,,J-7II
j_8f,0.0,,,,,,9.0,100.0,1.0,1.0,0.0,0.0,0.0,,,,,,J-8F
saab_j21ra,0.0,,,,,,3.0,100.0,1.0,1.0,0.0,0.0,0.0,,,,,,J21RA
saab_j29a,0.0,,,,,,76.0,,,2.4,,3.0,0.0,,,,,,J29A
saab_j29d,0.0,,,,,,21.0,50.0,1.0,2.0,12.0,24.0,0.0,,,,,,J29D
saab_j29f,0.0,,,,,,0.0,,,,,,0.0,,,,,,J29F
j2m2,0.0,,,,,,14.0,100.0,4.0,,0.0,,0.0,,,,,,J2M2
j2m3,0.0,,,,,,81.0,57.14,0.85,0.94,0.03,0.03,0.0,,,,,,J2M3
j2m4_kai,0.0,,,,,,26.0,74.07,1.64,2.0,0.03,0.06,0.0,,,,,,J2M4_Kai
j2m5,0.0,,,,,,19.0,,,,,,0.0,,,,,,J2M5
j2m5_30mm,0.0,,,,,,121.0,60.75,1.31,1.29,2.04,1.83,0.0,,,,,,J2M5
saab_j32b,0.0,,,,,,0.0,,,,,,0.0,,,,,,J32B
hunter_f50_sweden,0.0,,,,,,0.0,,,,,,0.0,,,,,,J34
saab_j35a,0.0,,,,,,63.0,62.07,1.38,2.01,0.08,0.12,33.0,,,4.06,,0.0,J35A
j5n1,0.0,,,,,,1.0,,,,,,0.0,,,,,,J5N1
j6k1,0.0,,,,,,29.0,100.0,2.36,1.89,3.14,3.55,0.0,,,,,,J6K1
j7w1,0.0,,,,,,431.0,74.57,0.77,0.67,2.32,2.04,0.0,,,,,,J7W1
j9_early,0.0,,,,,,11.0,50.0,1.0,2.0,0.0,0.0,0.0,,,,,,J9_Early
saab_ja37d,0.0,,,,,,26.0,50.0,0.81,1.36,0.0,0.0,0.0,,,,,,JA37D
saab_ja37di,0.0,,,,,,0.0,,,,,,0.0,,,,,,JA37DI
saab_ja37di_f21,0.0,,,,,,496.0,42.06,1.24,1.41,0.01,0.01,23.0,,,1.23,,0.0,JA37DI_F21
germ_jaguar_2,0.0,,,,,,87.0,10.75,0.0,0.0,0.67,0.47,0.0,,,,,,Jaguar_2
jaguar_a,0.0,,,,,,54.0,59.85,0.0,0.0,0.8,1.02,0.0,,,,,,Jaguar_A
jaguar_e,0.0,,,,,,3.0,,,,,,0.0,,,,,,Jaguar_E
jaguar_gr1,0.0,,,,,,20.0,0.0,2.0,2.0,4.0,4.0,0.0,,,,,,Jaguar_GR.1
jaguar_gr1a,0.0,,,,,,9.0,100.0,2.0,1.0,1.5,4.0,0.0,,,,,,Jaguar_GR.1A
jaguar_is,0.0,,,,,,50.0,74.14,0.73,0.83,0.57,0.69,40.0,44.74,0.45,0.91,1.0,1.74,Jaguar_IS
germ_sk105_a2,0.0,,,,,,35.0,,,0.0,,0.62,0.0,,,,,,JaPz.K_A2
saab_jas39a,0.0,,,,,,27.0,37.03,0.72,1.11,0.23,0.39,0.0,,,,,,JAS39A
saab_jas39c,0.0,,,,,,92.0,40.32,1.14,1.34,0.0,0.0,0.0,,,,,,JAS39C
saab_jas39c_thailand,0.0,,,,,,60.0,68.52,0.89,2.33,0.2,0.28,18.0,,,,,,JAS39C
saab_jas39d,0.0,,,,,,77.0,67.41,0.78,0.72,0.03,0.04,20.0,,,1.0,,0.0,JAS39D
saab_jas39e,0.0,,,,,,331.0,67.81,1.48,1.31,0.9,0.89,0.0,,,,,,JAS39E
javelin_fmk9,0.0,,,,,,267.0,56.11,0.88,1.86,0.24,0.51,0.0,,,,,,Javelin_F.(A.W.)_Mk.9
jf_17,0.0,,,,,,73.0,50.0,2.0,1.4,0.5,0.51,0.0,,,,,,JF-17
jh_7,0.0,,,,,,0.0,,,,,,0.0,,,,,,JH-7
jh_7a_prototype,0.0,,,,,,35.0,,,0.0,,1.67,0.0,,,,,,JH-7A_Prototype
jh_7a2,0.0,,,,,,0.0,,,,,,0.0,,,,,,JH-7A2
ju-388j,0.0,,,,,,0.0,,,,,,0.0,,,,,,Ju_388_J
ju-87b-2,0.0,,,,,,3.0,,,,,,0.0,,,,,,Ju_87_B-2
ju-87d-3,0.0,,,,,,2.0,50.0,0.0,0.0,0.5,1.0,0.0,,,,,,Ju_87_D-3
ju-87g_1,0.0,,,,,,0.0,,,,,,0.0,,,,,,Ju_87_G-1
ju-87g_2,0.0,,,,,,0.0,,,,,,0.0,,,,,,Ju_87_G-2
ju-87r-2,0.0,,,,,,12.0,100.0,1.0,1.0,3.0,3.0,0.0,,,,,,Ju_87_R-2
ju-87r-2_italy,0.0,,,,,,29.0,17.54,0.0,0.0,0.0,0.0,0.0,,,,,,Ju_87_R-2
ju-87r-2_snake,0.0,,,,,,0.0,,,,,,0.0,,,,,,Ju_87_R-2_Libya
ju-88a-1,0.0,,,,,,0.0,,,,,,0.0,,,,,,Ju_88_A-1
ju-88a-4,0.0,,,,,,0.0,,,,,,0.0,,,,,,Ju_88_A-4
ju-88c-6,0.0,,,,,,0.0,,,,,,0.0,,,,,,Ju_88_C-6
kfir_c2,0.0,,,,,,12.0,50.0,0.5,0.5,0.0,0.0,5.0,,,1.0,,0.0,Kfir_C.2
kfir_c7,0.0,,,,,,36.0,33.33,0.7,1.0,0.7,1.0,0.0,,,,,,Kfir_C.7
kfir_canard,0.0,,,,,,92.0,18.28,0.77,0.71,2.22,2.11,11.0,,,,,,Kfir_Canard
uk_khalid,0.0,,,,,,168.0,83.03,0.0,0.0,3.66,2.4,0.0,,,,,,Khalid
ussr_9p157,0.0,,,,,,241.0,40.84,0.0,0.0,1.61,1.13,0.0,,,,,,Khrizantema-S
ki_10_2_commander,0.0,,,,,,0.0,,,,,,0.0,,,,,,Ki-10-II_C
ki_102_otsu,0.0,,,,,,0.0,,,,,,0.0,,,,,,Ki-102_otsu
ki_108,0.0,,,,,,0.0,,,,,,0.0,,,,,,Ki-108_Kai
ki_109,0.0,,,,,,20.0,59.09,0.0,0.0,3.27,5.82,0.0,,,,,,Ki-109
ki-27_otsu_ep,0.0,,,,,,0.0,,,,,,0.0,,,,,,Ki-27_otsu_Tachiarai
ki_43_2_late,0.0,,,,,,16.0,,,1.0,,1.81,0.0,,,,,,Ki-43-II
ki_43_2,0.0,,,,,,2.0,,,,,,12.0,100.0,0.0,0.0,1.0,1.0,Ki-43-II
ki_44_1,0.0,,,,,,0.0,,,,,,0.0,,,,,,Ki-44-I
ki_44_2_otsu,0.0,,,,,,0.0,,,,,,0.0,,,,,,Ki-44-II_otsu
ki-45_hei,0.0,,,,,,0.0,,,,,,0.0,,,,,,Ki-45_hei
ki-45_otsu,0.0,,,,,,4.0,,,0.0,,0.0,0.0,,,,,,Ki-45_otsu
ki-45_tei,0.0,,,,,,0.0,,,,,,0.0,,,,,,Ki-45_tei
ki_48_2_otsu,0.0,,,,,,0.0,,,,,,0.0,,,,,,Ki-48-II_otsu
ki-49_1,0.0,,,,,,0.0,,,,,,0.0,,,,,,Ki-49-I
ki-49_2a,0.0,,,,,,0.0,,,,,,0.0,,,,,,Ki-49-IIa
ki-49_2b,0.0,,,,,,0.0,,,,,,0.0,,,,,,Ki-49-IIb
ki-49_2b_late,0.0,,,,,,0.0,,,,,,0.0,,,,,,Ki-49-IIb/L
ki_61_1a_tei,0.0,,,,,,5.0,100.0,0.0,0.0,0.0,0.0,0.0,,,,,,Ki-61-I_tei
ki_61_1a_otsu_usa,0.0,,,,,,5.0,,,,,,0.0,,,,,,Ki-61-Ib
ki_67_1_ko,0.0,,,,,,0.0,,,,,,0.0,,,,,,Ki-67-I_Ko
ki_84_otsu,0.0,,,,,,32.0,50.0,1.5,1.75,0.0,0.5,0.0,,,,,,Ki-84_otsu
ki_87,0.0,,,,,,10.0,100.0,0.0,0.0,1.0,1.0,0.0,,,,,,Ki-87
ki_94_2,0.0,,,,,,4.0,,,,,,0.0,,,,,,Ki-94-II
ki-96,0.0,,,,,,0.0,,,,,,0.0,,,,,,Ki-96
kitsuka,0.0,,,,,,180.0,89.33,0.47,0.41,2.67,3.2,0.0,,,,,,Kikka
kor_1,,,,,,,,,,,,,,,,,,,KOR-1
i-15bis_krasnolutsky,0.0,,,,,,0.0,,,,,,0.0,,,,,,Krasnolutsky's_I-15bis
f-4e_iaf,0.0,,,,,,130.0,60.0,0.65,0.77,1.48,1.75,0.0,,,,,,Kurnass
f-4e_kurnass_2000,0.0,,,,,,3.0,100.0,2.0,,1.0,,0.0,,,,,,Kurnass_2000
it_l3_cc,0.0,,,,,,5.0,,,0.0,,0.0,0.0,,,,,,L3/33_CC
it_l6,0.0,,,,,,0.0,,,,,,0.0,,,,,,L6/40
it_l6_leone,0.0,,,,,,0.0,,,,,,0.0,,,,,,L6/40_(31_Rgt.)
la-11,0.0,,,,,,0.0,,,,,,0.0,,,,,,La-11
la-5fn_luftwaffe,0.0,,,,,,7.0,50.0,0.5,1.0,0.0,0.0,0.0,,,,,,La-5FN
lagg-3-4,0.0,,,,,,0.0,,,,,,0.0,,,,,,LaGG-3-4
lancaster_mk1,0.0,,,,,,41.0,60.87,0.0,0.0,0.0,0.0,0.0,,,,,,Lancaster_B_Mk_I
lancaster_mk3,0.0,,,,,,1.0,50.0,0.0,0.0,1.0,2.0,0.0,,,,,,Lancaster_B_Mk_III
it_lancia3ro_100,0.0,,,,,,0.0,,,,,,0.0,,,,,,Lancia_3Ro_(100/17)
late_298d,0.0,,,,,,0.0,,,,,,0.0,,,,,,Late_298D
us_lav_ad,0.0,,,,,,786.0,54.99,0.29,0.26,0.58,0.47,0.0,,,,,,LAV-AD
fr_leclerc_azur,0.0,,,,,,306.0,62.81,0.0,0.0,3.62,2.36,0.0,,,,,,Leclerc_AZUR
fr_leclerc_sxxi,0.0,,,,,,357.0,51.34,0.0,0.0,3.19,2.24,0.0,,,,,,Leclerc_SXXI
leo_451_early,0.0,,,,,,0.0,,,,,,0.0,,,,,,LeO_451_early
fr_leopard_1a5be,0.0,,,,,,55.0,73.91,0.0,0.0,1.45,1.49,0.0,,,,,,Leopard_1A5BE
sw_leopard_2a4_fin,0.0,,,,,,370.0,40.19,0.0,0.0,1.23,1.03,0.0,,,,,,Leopard_2A4
germ_leopard_2av,0.0,,,,,,51.0,82.14,0.0,0.0,3.14,2.06,0.0,,,,,,Leopard_2AV
jp_leopard_2ri,0.0,,,,,,225.0,56.37,0.0,0.0,2.06,2.01,0.0,,,,,,Leopard_2RI
uk_vickers_mk_6_aa_mk_1,0.0,,,,,,0.0,,,,,,0.0,,,,,,Light_AA_Mk_I
lightning_f53,0.0,,,,,,17.0,,,,,,0.0,,,,,,Lightning_F.53
lightning_f6,0.0,,,,,,0.0,,,,,,0.0,,,,,,Lightning_F.6
lincoln_b2,0.0,,,,,,36.0,100.0,3.5,7.0,0.0,0.0,0.0,,,,,,Lincoln_B_Mk_II
fr_lorraine_155,0.0,,,,,,5.0,,,0.0,,1.0,0.0,,,,,,Lorraine_155_Mle.50
fr_lorraine_37l,0.0,,,,,,0.0,,,,,,0.0,,,,,,Lorraine_37L
us_losat_ccv,0.0,,,,,,47.0,0.0,0.0,0.0,0.0,0.42,0.0,,,,,,LOSAT
germ_sppz2_luchs_a2,0.0,,,,,,50.0,0.0,0.46,0.07,0.0,0.0,0.0,,,,,,Luchs_A2
sw_lvrbv_701,0.0,,,,,,13.0,,,,,,0.0,,,,,,Lvrbv_701
us_lvt_a_4,0.0,,,,,,0.0,,,,,,0.0,,,,,,LVT(A)(4)
us_lvt_4_zis_2,0.0,,,,,,0.0,,,,,,0.0,,,,,,LVT(A)(4)_(ZIS-2)
cn_lvt_4_zis_2,0.0,,,,,,0.0,,,,,,0.0,,,,,,LVT(A)(4)_(ZiS-2)
fr_lvt_bofors,0.0,,,,,,14.0,100.0,0.0,0.0,2.0,1.64,0.0,,,,,,LVT-4/40
sw_tgdgb_m40_lv,0.0,,,,,,41.0,,,0.0,,1.34,0.0,,,,,,Lvtdgb_m/40
m_346fa,0.0,,,,,,28.0,50.0,1.0,2.0,0.0,0.0,0.0,,,,,,M-346FA
mb_151c1,0.0,,,,,,0.0,,,,,,0.0,,,,,,M.B.151C.1
mb_152c1,0.0,,,,,,0.0,,,,,,0.0,,,,,,M.B.152C1
mb_162,0.0,,,,,,0.0,,,,,,0.0,,,,,,M.B.162
mb_174_a3,0.0,,,,,,0.0,,,,,,0.0,,,,,,M.B.174A-3
mb_175t,0.0,,,,,,0.0,,,,,,0.0,,,,,,M.B.175T
md_450b_barougan,0.0,,,,,,14.0,,,0.0,,0.0,0.0,,,,,,M.D.450B_Barougan
md_450b_ouragan,0.0,,,,,,2.0,100.0,0.0,0.0,1.0,1.0,0.0,,,,,,M.D.450B_Ouragan
md_452_mystere_2a,0.0,,,,,,23.0,50.0,0.5,1.0,1.0,1.89,0.0,,,,,,M.D.452_IIA
md_452_mystere_2c_preproduction,0.0,,,,,,52.0,67.5,0.0,0.0,0.68,0.9,0.0,,,,,,M.D.452_IIC
ms_405c1,0.0,,,,,,0.0,,,,,,0.0,,,,,,M.S.405C1
ms_406c1,0.0,,,,,,0.0,,,,,,0.0,,,,,,M.S.406C1
us_m10_booker_late,0.0,,,,,,746.0,56.44,0.0,0.0,1.41,1.39,0.0,,,,,,M10_Booker
fr_m10,0.0,,,,,,55.0,50.0,0.0,0.0,3.75,2.89,0.0,,,,,,M10_GMC
us_m103,0.0,,,,,,182.0,74.47,0.0,0.0,3.78,1.79,0.0,,,,,,M103
uk_m109a1,0.0,,,,,,44.0,,,0.0,,1.07,0.0,,,,,,M109A1
germ_m109g,0.0,,,,,,65.0,33.33,0.0,0.0,1.11,0.4,0.0,,,,,,M109G
us_m1128_wolfpack,0.0,,,,,,1052.0,53.22,0.0,0.0,1.54,1.04,0.0,,,,,,M1128_Wolfpack
it_m113a1_tow,0.0,,,,,,30.0,,,0.0,,0.11,0.0,,,,,,M113A1_(TOW)
us_m1296_dragoon,0.0,,,,,,72.0,34.62,0.0,0.0,2.69,1.01,0.0,,,,,,M1296
us_halftrack_m13,0.0,,,,,,3.0,,,,,,0.0,,,,,,M13_MGMC
it_m13_40_serie_2,0.0,,,,,,0.0,,,,,,0.0,,,,,,M13/40_(II)
it_m13_40_serie_3,0.0,,,,,,0.0,,,,,,0.0,,,,,,M13/40_(III)
it_m14_41,0.0,,,,,,9.0,,,0.0,,4.0,0.0,,,,,,M14/41
it_m15_42,0.0,,,,,,10.0,,,0.0,,3.0,0.0,,,,,,M15/42
us_halftrack_m16,0.0,,,,,,10.0,,,,,,0.0,,,,,,M16_MGMC
us_m163_vulcan,0.0,,,,,,323.0,45.85,0.25,0.22,0.03,0.03,0.0,,,,,,M163
jp_m163_vulcan,0.0,,,,,,213.0,73.01,0.87,1.1,0.2,0.24,0.0,,,,,,M163
jp_m19,0.0,,,,,,45.0,50.0,0.0,0.05,1.5,0.5,0.0,,,,,,M19A1
uk_m1a1_aim_abrams,0.0,,,,,,8.0,100.0,0.0,0.0,3.0,3.0,0.0,,,,,,M1A1
uk_m1a2_sep3_abrams,0.0,,,,,,154.0,61.8,0.0,0.0,2.7,2.01,0.0,,,,,,M1A2
us_m24_chaffee_tl,0.0,,,,,,26.0,100.0,0.0,0.0,2.0,3.07,0.0,,,,,,M24_(TL)
us_m2a2,0.0,,,,,,0.0,,,,,,0.0,,,,,,M2A2
ussr_m3c,0.0,,,,,,0.0,,,,,,0.0,,,,,,M3_Medium
us_m3a1_stuart_usmc,0.0,,,,,,0.0,,,,,,0.0,,,,,,M3A1_(USMC)
it_m3a3_stuart,0.0,,,,,,16.0,100.0,0.0,0.0,1.0,1.0,0.0,,,,,,M3A3
us_m4a2_1944_germ,0.0,,,,,,0.0,,,,,,0.0,,,,,,M4_748_(a)
cn_m_41d,0.0,,,,,,34.0,4.76,0.0,0.0,0.33,0.13,0.0,,,,,,M41D
us_m42_duster,0.0,,,,,,412.0,51.19,0.18,0.17,0.96,0.98,0.0,,,,,,M42
fr_m44,0.0,,,,,,59.0,97.1,0.0,0.0,1.37,1.0,0.0,,,,,,M44
it_m44,0.0,,,,,,55.0,53.23,0.0,0.0,1.45,1.56,0.0,,,,,,M44
uk_m44,0.0,,,,,,1.0,,,0.0,,0.0,0.0,,,,,,M44
us_m46_patton_73_armor_bat,0.0,,,,,,258.0,64.2,0.0,0.0,4.5,2.88,0.0,,,,,,"M46_""Tiger"""
us_m47_patton_II,0.0,,,,,,306.0,55.67,0.0,0.0,1.85,1.35,0.0,,,,,,M47
it_m47_105,0.0,,,,,,148.0,70.7,0.0,0.0,2.91,2.02,0.0,,,,,,M47_(105/55)
germ_mkpz_super_m48,0.0,,,,,,82.0,29.49,0.0,0.0,1.83,1.75,16.0,100.0,0.0,0.0,1.0,1.0,M48_Super
us_m4a2_1944,,,,,,,,,,,,,,,,,,,M4A2_(1944)
fr_m4a3e2_sherman_jumbo,0.0,,,,,,83.0,81.25,0.0,0.0,4.04,4.67,0.0,,,,,,M4A3E2
fr_m4a4_cn_75_50,0.0,,,,,,189.0,44.52,0.0,0.0,2.05,1.44,0.0,,,,,,M4A4_(SA50)
us_m4a5_ram_2,0.0,,,,,,0.0,,,,,,0.0,,,,,,M4A5
it_m55,0.0,,,,,,34.0,0.0,0.0,0.0,1.0,0.71,15.0,,,,,,M55
us_m5a1_stuart_td,0.0,,,,,,0.0,,,,,,0.0,,,,,,M5A1_TD
us_m60a3_slep,0.0,,,,,,66.0,94.83,0.0,0.0,2.88,2.34,0.0,,,,,,M60_AMBT
us_m60a1_rise_mod,0.0,,,,,,77.0,42.03,0.0,0.0,1.77,1.81,0.0,,,,,,M60A1_Predator
us_m6a2e1,0.0,,,,,,58.0,62.5,0.0,0.0,4.69,3.91,0.0,,,,,,M6A2E1
us_m728,0.0,,,,,,3.0,100.0,0.0,0.0,4.0,4.0,0.0,,,,,,M728_CEV
us_m8_scott,0.0,,,,,,0.0,,,,,,0.0,,,,,,M8_HMC
us_m8_greyhound,0.0,,,,,,17.0,,,0.0,,1.53,0.0,,,,,,M8_LAC
us_m8a1,0.0,,,,,,0.0,,,,,,0.0,,,,,,M8A1_GMC
il_machbet,0.0,,,,,,42.0,60.0,0.4,0.36,0.0,0.0,0.0,,,,,,Machbet
us_magach_3,0.0,,,,,,5.0,,,0.0,,1.0,0.0,,,,,,Magach_3_(ERA)
il_magach_3,0.0,,,,,,15.0,,,0.0,,1.27,0.0,,,,,,Magach_3_(ERA)
il_magach_6,0.0,,,,,,9.0,,,0.0,,1.0,0.0,,,,,,Magach_6
il_magach_6a,0.0,,,,,,30.0,50.0,0.0,0.0,0.88,1.75,0.0,,,,,,Magach_6A
il_magach_6b_gal,0.0,,,,,,206.0,62.86,0.0,0.0,1.58,1.16,0.0,,,,,,Magach_6B_Gal
il_magach_6m,0.0,,,,,,32.0,78.47,0.0,0.0,0.8,1.0,0.0,,,,,,Magach_6M
il_magach_6r,0.0,,,,,,52.0,76.39,0.0,0.0,3.17,2.48,0.0,,,,,,Magach_6R
fiat_cr42_marcolin,0.0,,,,,,0.0,,,,,,0.0,,,,,,Marcolin's_C.R.42_CN
fiat_cr42_marcolin_italy,0.0,,,,,,0.0,,,,,,0.0,,,,,,Marcolin's_C.R.42_CN
germ_marder_1a3,0.0,,,,,,304.0,32.99,0.0,0.0,0.81,0.67,0.0,,,,,,Marder_1A3
germ_marder_1a1,0.0,,,,,,252.0,31.6,0.05,0.05,0.7,0.71,0.0,,,,,,Marder_A1-
uk_mark_v,0.0,,,,,,0.0,,,,,,0.0,,,,,,Mark_V
martin_139wc,0.0,,,,,,0.0,,,,,,0.0,,,,,,Martin_139WC
maryland_mk1_france,0.0,,,,,,0.0,,,,,,0.0,,,,,,Martin_167-A3
f4f-4_martlet_mk4,0.0,,,,,,21.0,,,,,,0.0,,,,,,Martlet_Mk_IV
uk_matilda_hedgehog,0.0,,,,,,0.0,,,,,,0.0,,,,,,Matilda_Hedgehog
uk_a_12_mk_2_matilda_2,0.0,,,,,,0.0,,,,,,0.0,,,,,,Matilda_III
mb_326b,0.0,,,,,,132.0,91.71,0.0,0.0,4.64,7.97,10.0,100.0,0.0,0.0,2.0,2.0,MB-326B
mb_5,0.0,,,,,,11.0,100.0,3.0,3.0,2.0,2.0,0.0,,,,,,MB.5
mbr-2,0.0,,,,,,0.0,,,,,,0.0,,,,,,MBR-2-M-34
me-163b,0.0,,,,,,0.0,,,,,,0.0,,,,,,Me_163_B
me-163b-0,0.0,,,,,,0.0,,,,,,0.0,,,,,,Me_163_B-0
me_210_v22_japan,0.0,,,,,,0.0,,,,,,0.0,,,,,,Me_210_V22
me-262a-1a,0.0,,,,,,16.0,50.0,0.0,0.0,0.0,0.0,0.0,,,,,,Me_262_A-1a
me-262a-1a_early,0.0,,,,,,73.0,50.0,0.43,0.82,1.53,3.06,0.0,,,,,,Me_262_A-1a/Jabo
me-262a-2a,0.0,,,,,,42.0,100.0,2.9,2.36,0.87,2.0,0.0,,,,,,Me_262_A-2a
me-262c-1a,0.0,,,,,,0.0,,,,,,0.0,,,,,,Me_262_C-1a
me-262c-2b,0.0,,,,,,4.0,,,,,,0.0,,,,,,Me_262_C-2b
me-410a-1_u4,0.0,,,,,,74.0,0.0,0.0,0.0,1.63,1.2,0.0,,,,,,Me_410_A-1/U4
me-410b-2_u4,0.0,,,,,,18.0,88.89,0.89,1.0,1.06,1.33,0.0,,,,,,Me_410_B-2/U4
us_merkava_mk_1,0.0,,,,,,60.0,50.0,0.0,0.0,1.69,1.32,0.0,,,,,,Merkava_Mk.1
us_merkava_mk_2b_late,0.0,,,,,,23.0,0.0,0.0,0.0,2.41,2.41,0.0,,,,,,Merkava_Mk.2B
us_merkava_mk_3d,0.0,,,,,,48.0,,,0.0,,2.92,0.0,,,,,,Merkava_Mk.3D
il_merkava_mk_4_lic,0.0,,,,,,148.0,52.01,0.0,0.0,2.65,3.39,0.0,,,,,,Merkava_Mk.4_LIC
il_merkava_mk_4b,0.0,,,,,,176.0,66.91,0.0,0.0,3.52,1.79,0.0,,,,,,Merkava_Mk.4B
il_merkava_mk_4m,0.0,,,,,,553.0,83.36,0.04,0.04,6.6,6.18,0.0,,,,,,Merkava_Mk.4M
meteor_fmk3,0.0,,,,,,73.0,43.59,0.34,0.56,0.66,1.02,0.0,,,,,,Meteor_F_Mk_3
meteor_fmk4_lw,0.0,,,,,,59.0,76.98,0.91,1.38,1.92,2.48,0.0,,,,,,Meteor_F_Mk_4_G.41F
meteor_fmk4_sw,0.0,,,,,,0.0,,,,,,0.0,,,,,,Meteor_F_Mk_4_G.41G
meteor_fmk8,0.0,,,,,,14.0,,,0.0,,0.0,0.0,,,,,,Meteor_F_Mk_8_G.41K
meteor_fmk8_belgium,0.0,,,,,,23.0,100.0,3.0,0.64,1.0,0.71,0.0,,,,,,Meteor_F_Mk.8
meteor_fmk8_reaper,0.0,,,,,,10.0,88.89,0.0,0.0,0.9,1.0,0.0,,,,,,Meteor_F_Mk.8_Reaper
me_210a_1,0.0,,,,,,26.0,100.0,2.0,,0.0,,0.0,,,,,,Me_210_A-1
mig-15_ns23,0.0,,,,,,77.0,75.0,1.88,0.56,0.25,0.51,0.0,,,,,,MiG-15
mig-15bis_ish,0.0,,,,,,236.0,74.49,0.44,0.47,2.25,2.28,0.0,,,,,,MiG-15bis_ISH
mig-21_pfm,0.0,,,,,,21.0,50.0,0.16,0.32,0.0,0.0,0.0,,,,,,MiG-21PFM
mig_27k,0.0,,,,,,21.0,100.0,0.0,0.61,3.0,1.94,20.0,100.0,0.0,0.0,0.0,0.0,MiG-27K
mig_27m,0.0,,,,,,44.0,30.77,0.58,0.62,0.88,0.96,11.0,0.0,0.0,0.0,1.0,1.0,MiG-27M
mig_29_9_12_sniper,0.0,,,,,,408.0,58.42,1.48,1.66,0.15,0.16,17.0,,,1.88,,0.0,MiG-29_Sniper
mig_29n,0.0,,,,,,26.0,50.0,1.5,1.36,0.0,0.0,0.0,,,,,,MiG-29N
mig-9,0.0,,,,,,47.0,30.3,1.32,1.91,0.0,0.0,0.0,,,,,,MiG-9
mig-9_ussr,0.0,,,,,,36.0,50.0,1.0,1.4,0.0,0.0,0.0,,,,,,MiG-9_(l)
mirage_milan,0.0,,,,,,17.0,100.0,1.0,0.0,1.18,0.0,0.0,,,,,,Milan
mirage_2000_5f,0.0,,,,,,108.0,62.42,1.71,1.41,0.6,0.51,0.0,,,,,,Mirage_2000-5F
mirage_2000c_s4,0.0,,,,,,68.0,40.74,0.7,1.59,0.34,0.52,4.0,,,1.0,,0.0,Mirage_2000C-S4
mirage_2000c_s5,0.0,,,,,,159.0,39.03,1.67,1.7,0.36,0.27,0.0,,,,,,Mirage_2000C-S5
mirage_2000d_r1,0.0,,,,,,0.0,,,,,,0.0,,,,,,Mirage_2000D-R1
mirage_2000d_rmv,0.0,,,,,,0.0,,,,,,0.0,,,,,,Mirage_2000D-RMV
mirage_4000,0.0,,,,,,79.0,86.02,1.58,1.85,0.37,0.56,4.0,,,1.0,,0.0,Mirage_4000
mirage_5ba,0.0,,,,,,16.0,,,,,,0.0,,,,,,Mirage_5BA
mirage_5f,0.0,,,,,,6.0,,,,,,0.0,,,,,,Mirage_5F
mirage_f1c,0.0,,,,,,5.0,,,0.0,,0.0,0.0,,,,,,Mirage_F1C
mirage_f1c_200,0.0,,,,,,769.0,53.19,1.23,1.35,0.21,0.23,67.0,50.0,5.38,2.25,0.0,0.0,Mirage_F1C-200
mirage_f1ct,0.0,,,,,,0.0,,,,,,23.0,,,1.0,,0.0,Mirage_F1CT
mirage_3c,0.0,,,,,,31.0,59.62,1.63,2.5,0.19,0.19,0.0,,,,,,Mirage_IIIC
mirage_3e,0.0,,,,,,44.0,100.0,1.48,1.12,0.0,0.0,0.0,,,,,,Mirage_IIIE
ussr_a_12_mk_2_matilda_2A_F96,0.0,,,,,,0.0,,,,,,0.0,,,,,,MK-II_«Matilda»
germ_mkpz_m47,0.0,,,,,,0.0,,,,,,0.0,,,,,,mKPz_M47_G
mosquito_fb_mk18,0.0,,,,,,5.0,,,,,,0.0,,,,,,Mosquito_FB_Mk_XVIII
mosquito_b_mk16,0.0,,,,,,1.0,,,,,,0.0,,,,,,Mosquito_B.Mk.XVI
p-51b,0.0,,,,,,48.0,100.0,1.45,1.47,0.79,0.78,8.0,,,,,,Mustang_Mk_IA
md_454_mystere_4a,0.0,,,,,,0.0,,,,,,0.0,,,,,,Mystere_IVA
nc_223_3,0.0,,,,,,0.0,,,,,,0.0,,,,,,N.C.223.3
n1k1_kyuofu,0.0,,,,,,0.0,,,,,,0.0,,,,,,N1K1
n1k2_j,0.0,,,,,,12.0,,,2.5,,2.5,0.0,,,,,,N1K2-J
il_namer_rcws_30,0.0,,,,,,307.0,56.46,0.06,0.09,1.26,1.43,0.0,,,,,,Namer_30
il_namer_tsrikhon,0.0,,,,,,34.0,61.11,0.0,0.0,1.22,1.82,0.0,,,,,,Namer_Tsrikhon
sw_nasams_fcs,0.0,,,,,,39.0,50.0,1.5,2.09,0.0,0.0,0.0,,,,,,NASAMS_3_(СОЦ)
us_nasams_fcs,0.0,,,,,,475.0,56.95,1.34,1.13,0.0,0.0,0.0,,,,,,NASAMS_3_(СОЦ)
fw-190a-8_france,0.0,,,,,,5.0,50.0,0.5,1.0,1.0,2.0,0.0,,,,,,NC.900
nesher,0.0,,,,,,0.0,,,,,,0.0,,,,,,Nesher
f_16a_block_10_netz_mod,0.0,,,,,,75.0,50.0,2.01,2.66,0.02,0.02,0.0,,,,,,Netz_(Mod)
nimrod_mk1,0.0,,,,,,0.0,,,,,,0.0,,,,,,Nimrod_Mk_I
nimrod_mk2,0.0,,,,,,0.0,,,,,,0.0,,,,,,Nimrod_Mk_II
sw_nomads,0.0,,,,,,0.0,,,,,,0.0,,,,,,NOMADS
cn_object_122tm,0.0,,,,,,88.0,40.91,0.0,0.0,8.61,3.4,0.0,,,,,,"Object_122MT_""MC"""
cn_object_211,0.0,,,,,,138.0,88.17,0.0,0.0,2.85,1.17,0.0,,,,,,Object_211
ussr_object_248,0.0,,,,,,27.0,86.67,0.0,0.0,2.07,1.59,0.0,,,,,,Object_248
ussr_object_268,0.0,,,,,,160.0,53.72,0.02,0.02,2.69,2.34,0.0,,,,,,Object_268
it_of_40_mk_2a,0.0,,,,,,106.0,78.5,0.0,0.0,2.08,1.96,0.0,,,,,,OF-40_Mk.2A
uk_olifant_mk_1a,0.0,,,,,,694.0,65.9,0.1,0.13,4.54,5.42,0.0,,,,,,Olifant_Mk.1A
os2u_1,0.0,,,,,,0.0,,,,,,0.0,,,,,,OS2U-1
os2u_3,0.0,,,,,,0.0,,,,,,0.0,,,,,,OS2U-3
uk_9a33bm2,0.0,,,,,,30.0,50.0,1.5,3.0,0.0,0.0,0.0,,,,,,Osa-AK
it_9a33bm3,0.0,,,,,,0.0,,,,,,0.0,,,,,,Osa-AKM
it_otomatic,0.0,,,,,,61.0,93.59,0.98,0.85,2.13,2.0,0.0,,,,,,OTOMATIC
p-26a_34,0.0,,,,,,0.0,,,,,,0.0,,,,,,P-26A-34
p-38g,0.0,,,,,,0.0,,,,,,0.0,,,,,,P-38G-1
p-38k,0.0,,,,,,13.0,,,,,,0.0,,,,,,P-38K
p-39k_1,0.0,,,,,,0.0,,,,,,0.0,,,,,,P-39K-1
p-39q_15,0.0,,,,,,0.0,,,,,,0.0,,,,,,P-39Q-15
p-39q_25_france,0.0,,,,,,2.0,100.0,1.0,1.0,1.0,1.0,0.0,,,,,,P-39Q-25
p-39q_5,0.0,,,,,,31.0,100.0,1.85,1.85,1.85,1.85,0.0,,,,,,P-39Q-5
p-40c,0.0,,,,,,0.0,,,,,,0.0,,,,,,P-40C
p-40e_td,0.0,,,,,,0.0,,,,,,0.0,,,,,,P-40E-1_TD
p-43a-1,0.0,,,,,,0.0,,,,,,0.0,,,,,,P-43A-1
p-47d_luftwaffe,0.0,,,,,,0.0,,,,,,0.0,,,,,,P-47D
p-51a_tl,0.0,,,,,,69.0,50.0,0.5,0.56,0.5,0.5,0.0,,,,,,P-51A
p-51c-11-nt_japan,0.0,,,,,,0.0,,,,,,0.0,,,,,,P-51C-11-NT
p-51d-10,0.0,,,,,,87.0,50.0,1.74,1.74,1.0,1.0,0.0,,,,,,P-51D-10
p-59a,0.0,,,,,,22.0,100.0,1.0,1.0,0.0,0.0,0.0,,,,,,P-59A
p-61a_1,0.0,,,,,,35.0,100.0,1.0,0.3,2.33,1.1,0.0,,,,,,P-61A-11
p-66,0.0,,,,,,0.0,,,,,,0.0,,,,,,P-66
p_108b_serie1,0.0,,,,,,0.0,,,,,,0.0,,,,,,P.108B_serie_1
p_108b_serie2,0.0,,,,,,0.0,,,,,,0.0,,,,,,P.108B_serie_2
fr_citroen_kegresse_p4t,0.0,,,,,,0.0,,,,,,0.0,,,,,,P.7.T_AA
p1y1_mod11,0.0,,,,,,5.0,,,,,,0.0,,,,,,P1Y1_mod._11
d_510,0.0,,,,,,0.0,,,,,,0.0,,,,,,Pallier's_D.510
it_palmaria,0.0,,,,,,51.0,,,0.0,,2.52,0.0,,,,,,Palmaria
fr_pzkpfw_V_panther_dauphine,0.0,,,,,,7.0,,,,,,0.0,,,,,,Panther_«Dauphine»
ussr_pantsyr_s1,0.0,,,,,,473.0,10.59,2.13,0.87,0.01,0.01,0.0,,,,,,Pantsir-S1
pb4y-2_france,0.0,,,,,,0.0,,,,,,0.0,,,,,,PB4Y-2
pb4y-2,0.0,,,,,,0.0,,,,,,0.0,,,,,,PB4Y-2
pbj_1h,0.0,,,,,,0.0,,,,,,0.0,,,,,,PBJ-1H
pbm_1,0.0,,,,,,0.0,,,,,,0.0,,,,,,"PBM-1_""Mariner"""
pbm_3,0.0,,,,,,0.0,,,,,,0.0,,,,,,"PBM-3_""Mariner"""
pbm_5a,0.0,,,,,,1.0,50.0,0.5,1.0,1.0,2.0,0.0,,,,,,"PBM-5A_""Mariner"""
sw_pbv_301,0.0,,,,,,8.0,0.0,0.0,0.0,0.0,0.0,0.0,,,,,,Pbv_301
sw_pbv_302_bill,0.0,,,,,,139.0,40.32,0.0,0.0,1.01,0.93,0.0,,,,,,Pbv_302_(BILL)
pby-5,0.0,,,,,,0.0,,,,,,0.0,,,,,,PBY-5_Catalina
pby-5a,0.0,,,,,,0.0,,,,,,0.0,,,,,,PBY-5A_Catalina
pby-5a_ussr,0.0,,,,,,0.0,,,,,,0.0,,,,,,PBY-5A_Catalina
pby-5a_late_france,0.0,,,,,,0.0,,,,,,0.0,,,,,,PBY-5A_Late
pe-2-205,0.0,,,,,,0.0,,,,,,0.0,,,,,,Pe-2-205
cn_pgz_04a,0.0,,,,,,55.0,78.67,0.26,1.1,0.4,0.31,0.0,,,,,,PGZ04A
f-4m_fgr2,0.0,,,,,,239.0,46.67,0.71,0.73,0.01,0.01,0.0,,,,,,Phantom_FGR.2
ussr_type_65_aa,0.0,,,,,,18.0,,,,,,0.0,,,,,,Phòng_không_T-34
spitfire_ix_plagis,0.0,,,,,,1.0,100.0,1.0,,1.0,,0.0,,,,,,Plagis'_Spitfire_LF_Mk_IXc
cn_plz_83,0.0,,,,,,31.0,0.0,0.0,0.0,1.47,1.36,0.0,,,,,,PLZ83
cn_plz_83_130,0.0,,,,,,61.0,100.0,0.32,0.16,2.76,2.05,0.0,,,,,,PLZ83-130
po-2,0.0,,,,,,0.0,,,,,,0.0,,,,,,Po-2
po-2_nw,,,,,,,,,,,,,,,,,,,Po-2_Night_Witch
po-2m,0.0,,,,,,0.0,,,,,,0.0,,,,,,Po-2M
potez_630,0.0,,,,,,0.0,,,,,,0.0,,,,,,Potez_630
potez_631,0.0,,,,,,0.0,,,,,,0.0,,,,,,Potez_631
potez_633,0.0,,,,,,0.0,,,,,,0.0,,,,,,Potez_633
spitfire_fr_mk14e,0.0,,,,,,0.0,,,,,,0.0,,,,,,Prendergast's_Spitfire_FR_Mk_XIVe
ussr_pt_76_57,0.0,,,,,,161.0,76.32,0.0,0.0,4.44,2.99,0.0,,,,,,PT-76-57
cn_ptl_02,0.0,,,,,,176.0,70.16,0.0,0.0,2.09,1.3,0.0,,,,,,PTL02
cn_ptz_89,0.0,,,,,,78.0,100.0,0.0,0.0,5.42,2.2,0.0,,,,,,PTZ89
germ_schutzenpanzer_puma,0.0,,,,,,230.0,64.29,0.0,0.0,2.84,1.06,0.0,,,,,,PUMA
germ_schutzenpanzer_puma_vjtf_mod,0.0,,,,,,58.0,,,0.0,,1.06,0.0,,,,,,Puma_u14
germ_schutzenpanzer_puma_vjtf,0.0,,,,,,520.0,34.03,0.0,0.0,0.81,0.76,0.0,,,,,,PUMA_VJTF
sw_pvkv_III,0.0,,,,,,29.0,,,0.0,,0.89,0.0,,,,,,Pvkv_III
sw_pvlvv_fm42,0.0,,,,,,11.0,,,,,,0.0,,,,,,Pvlvv_fm/42
sw_pvrbv_551,0.0,,,,,,84.0,58.67,0.0,0.0,2.59,1.76,0.0,,,,,,Pvrbv_551
germ_pzkpfw_II_ausf_C_td,0.0,,,,,,0.0,,,,,,0.0,,,,,,Pz.II_C_TD
germ_pzkpfw_III_ausf_J_td,0.0,,,,,,0.0,,,,,,0.0,,,,,,Pz.III_J1_TD
it_pzkpfw_III_ausf_N,0.0,,,,,,13.0,,,0.0,,1.0,0.0,,,,,,Pz.III_N
germ_pzkpfw_III_ausf_L,0.0,,,,,,32.0,,,0.0,,1.44,0.0,,,,,,Pz.III_L
germ_pzkpfw_II_ausf_C,0.0,,,,,,0.0,,,,,,0.0,,,,,,Pz.II_C
germ_pzkpfw_II_ausf_F,0.0,,,,,,0.0,,,,,,0.0,,,,,,Pz.II_F
germ_pzkpfw_II_ausf_C_DAK,0.0,,,,,,0.0,,,,,,0.0,,,,,,Pz.II_С_(DAK)
germ_infanterie_kampfpanzer_churchill,0.0,,,,,,10.0,14.29,0.0,0.0,1.86,1.9,0.0,,,,,,Pz.Kpfw._Churchill
germ_amd_35_kwk,0.0,,,,,,0.0,,,,,,0.0,,,,,,Pz.Sp.Wg.P204(f)_KwK
germ_amd_35_kwk39,0.0,,,,,,23.0,100.0,0.0,0.0,2.75,0.96,0.0,,,,,,Pz.Sp.Wg.P204(f)_PaK
q_5_early,0.0,,,,,,0.0,,,,,,0.0,,,,,,Q-5_early
q_5l,0.0,,,,,,9.0,,,0.0,,1.44,11.0,,,0.0,,0.0,Q-5L
uk_ram_90mm_aa,0.0,,,,,,178.0,72.69,0.0,0.0,5.71,5.11,16.0,100.0,0.0,0.0,2.0,1.25,QF_3.7_Ram
quing_6,0.0,,,,,,0.0,,,,,,0.0,,,,,,Qing-6
cn_qn506,0.0,,,,,,22.0,50.0,0.0,0.0,1.5,1.59,0.0,,,,,,QN506
fr_renault_r39,0.0,,,,,,0.0,,,,,,0.0,,,,,,R.35_(SA38)
r2y2_v1,0.0,,,,,,0.0,,,,,,0.0,,,,,,R2Y2_Kai_V1
r2y2_v2,0.0,,,,,,0.0,,,,,,0.0,,,,,,R2Y2_Kai_V2
r2y2_kai,0.0,,,,,,2.0,100.0,0.0,0.0,1.5,1.5,0.0,,,,,,R2Y2_Kai_V3
it_oto_r3_106sr,0.0,,,,,,110.0,72.22,0.0,0.0,2.53,1.52,0.0,,,,,,R3_T106_FA
it_oto_r3_t20_fa,0.0,,,,,,124.0,80.88,0.06,0.01,0.65,0.3,0.0,,,,,,R3_T20_FA-HS
germ_th_400,0.0,,,,,,174.0,42.96,0.0,0.0,0.91,0.79,0.0,,,,,,R400
rafale_c_f3,0.0,,,,,,184.0,79.09,2.49,3.47,0.56,0.76,4.0,,,0.0,,0.0,Rafale_C_F3
rafale_m_f3r,0.0,,,,,,103.0,50.66,1.83,1.71,0.29,0.34,9.0,,,3.0,,0.0,Rafale_M_F3-R
germ_raketenjagdpanzer_2,0.0,,,,,,43.0,0.0,0.0,0.0,1.25,0.67,0.0,,,,,,RakJPz_2
germ_raketenjagdpanzer_2_hot,0.0,,,,,,73.0,35.71,0.0,0.0,0.14,0.06,0.0,,,,,,RakJPz_2_(HOT)
uk_tracked_rapier,0.0,,,,,,122.0,50.0,3.92,7.54,0.0,0.0,0.0,,,,,,Rapier
p-36a_rasmussen,0.0,,,,,,0.0,,,,,,0.0,,,,,,Rasmussen's_P-36A
uk_ratel_20,0.0,,,,,,18.0,62.5,0.0,0.0,0.69,0.81,0.0,,,,,,Ratel_20
uk_ratel_90,0.0,,,,,,80.0,91.25,0.0,0.0,3.52,2.58,0.0,,,,,,Ratel_90
re_2000_int,0.0,,,,,,0.0,,,,,,0.0,,,,,,Re.2000_serie_1
re_2001_cb,0.0,,,,,,0.0,,,,,,0.0,,,,,,Re.2001_CB
re_2001_serie1,0.0,,,,,,28.0,,,0.0,,0.0,0.0,,,,,,Re.2001_serie_1
re_2005_vdm,0.0,,,,,,40.0,100.0,1.66,1.48,2.75,2.66,0.0,,,,,,Re.2005_(VDM)
re_2005_serie0,0.0,,,,,,23.0,,,0.5,,2.5,17.0,50.0,2.0,3.7,0.0,0.0,Re.2005_serie_0
jp_type_95_heavy,0.0,,,,,,0.0,,,,,,0.0,,,,,,Ro-Go
jp_hiro_sha,0.0,,,,,,0.0,,,,,,0.0,,,,,,Ro-Go_Exp.
ro_43,,,,,,,,,,,,,,,,,,,Ro.43
ro_44,0.0,,,,,,0.0,,,,,,0.0,,,,,,Ro.44
ro_57_quadriarma,0.0,,,,,,19.0,,,,,,0.0,,,,,,Ro.57_Quadriarma
fr_amx_30_roland,0.0,,,,,,132.0,40.15,1.49,1.19,0.0,0.0,0.0,,,,,,Roland_1
uk_rooikat_105_td,0.0,,,,,,310.0,61.21,0.0,0.0,2.26,1.29,0.0,,,,,,Rooikat_105
uk_rooikat_76,0.0,,,,,,226.0,61.6,0.0,0.0,2.36,1.71,0.0,,,,,,Rooikat_Mk.1D
uk_rooikat_mttd,0.0,,,,,,94.0,63.06,0.0,0.0,4.09,3.31,0.0,,,,,,Rooikat_MTTD
s_81_ar125,0.0,,,,,,0.0,,,,,,0.0,,,,,,S.81
sm_79_1941,0.0,,,,,,0.0,,,,,,0.0,,,,,,S.M.79_AS
sm_79_iar,0.0,,,,,,0.0,,,,,,0.0,,,,,,S.M.79_B
sm_79_iar_italy,0.0,,,,,,0.0,,,,,,0.0,,,,,,S.M.79_B
sm_79_1942,0.0,,,,,,0.0,,,,,,0.0,,,,,,S.M.79_bis/N
sm_79_1943,0.0,,,,,,0.0,,,,,,0.0,,,,,,S.M.79_bis/T.M
sm_79_1936,0.0,,,,,,0.0,,,,,,0.0,,,,,,S.M.79_serie_1
sm_79_1936_italy,0.0,,,,,,0.0,,,,,,0.0,,,,,,S.M.79_serie_1
sm_79_1937,0.0,,,,,,0.0,,,,,,0.0,,,,,,S.M.79_serie_4
sm_79_1939,0.0,,,,,,0.0,,,,,,0.0,,,,,,S.M.79_serie_8
so_4050_vautour_2n,0.0,,,,,,0.0,,,,,,0.0,,,,,,S.O.4050_Vautour_IIN
so_4050_vautour_2n_late,0.0,,,,,,61.0,100.0,4.45,7.8,0.0,0.0,0.0,,,,,,S.O.4050_Vautour_IIN_(late)
so_8000_narval,0.0,,,,,,4.0,,,1.0,,0.0,0.0,,,,,,S.O.8000_Narval
saab_b17bs,0.0,,,,,,0.0,,,,,,0.0,,,,,,S17BS
md_460_saar,0.0,,,,,,0.0,,,,,,0.0,,,,,,Sa'ar
saab_f35_wdns,0.0,,,,,,2.0,0.0,0.0,0.0,1.0,1.0,0.0,,,,,,Saab_F-35
saab_j35xs,0.0,,,,,,344.0,52.23,2.38,2.74,4.11,4.65,0.0,,,,,,Saab_J35XS
saab_105g,0.0,,,,,,88.0,62.1,0.63,0.44,5.37,4.39,0.0,,,,,,SAAB-105G
saab_105oe,0.0,,,,,,0.0,,,,,,0.0,,,,,,SAAB-105OE
sagittario_2,0.0,,,,,,20.0,100.0,3.0,,3.0,,0.0,,,,,,Sagittario_2
md_460_sambad,0.0,,,,,,0.0,,,,,,0.0,,,,,,Sambad
fr_vab_santal,0.0,,,,,,90.0,37.88,0.78,0.84,0.0,0.0,0.0,,,,,,SANTAL
uk_sarc_mk4_a,0.0,,,,,,0.0,,,,,,0.0,,,,,,SARC_MkIVa
uk_marmon_herrington_mk_6_6pdr,0.0,,,,,,109.0,50.0,0.0,0.0,1.12,1.29,0.0,,,,,,SARC_MkVI_(6pdr)
fr_somua_sau40,0.0,,,,,,0.0,,,,,,0.0,,,,,,SAu_40
sb_2m_100,0.0,,,,,,0.0,,,,,,0.0,,,,,,SB_2M-100
sb_2m_103_mv3,0.0,,,,,,0.0,,,,,,0.0,,,,,,SB_2M-103_MV-3
sb_2m_103u,0.0,,,,,,0.0,,,,,,0.0,,,,,,SB_2M-103U
sb_2m_103u_mv3,0.0,,,,,,0.0,,,,,,0.0,,,,,,SB_2M-103U_MV-3
sb2u-3,0.0,,,,,,5.0,,,,,,0.0,,,,,,SB2U-3
scimitar_f1,0.0,,,,,,3.0,,,,,,0.0,,,,,,Scimitar_F_Mk.1
germ_sdkfz_221_s_pz_b_41,0.0,,,,,,0.0,,,,,,0.0,,,,,,Sd.Kfz.221_(s.Pz.B.41)
germ_sdkfz_222,0.0,,,,,,62.0,50.0,0.0,0.0,3.1,1.32,0.0,,,,,,Sd.Kfz.222
germ_sdkfz_234_2_mod,0.0,,,,,,85.0,45.14,0.0,0.0,2.17,1.52,0.0,,,,,,"Sd.Kfz.234/2_""Biene"""
germ_sdkfz_234_2_td,0.0,,,,,,16.0,50.0,0.0,0.0,0.75,1.0,0.0,,,,,,Sd.Kfz.234/2_TD
germ_sdkfz_234_3,0.0,,,,,,19.0,0.0,0.0,0.0,1.05,1.05,0.0,,,,,,Sd.Kfz.234/3
germ_sdkfz_234_4,0.0,,,,,,90.0,51.19,0.0,0.0,3.43,2.97,0.0,,,,,,Sd.Kfz.234/4
germ_sdkfz_251_10,0.0,,,,,,0.0,,,,,,0.0,,,,,,Sd.Kfz.251/10
germ_sdkfz_251_21,0.0,,,,,,148.0,16.39,0.61,0.53,0.18,0.13,0.0,,,,,,Sd.Kfz.251/21
germ_sdkfz_251_22,0.0,,,,,,51.0,50.0,0.0,0.0,3.29,2.67,0.0,,,,,,Sd.Kfz.251/22
germ_pzkpfw_38t_Aufklarungspanzer,0.0,,,,,,11.0,,,,,,0.0,,,,,,Sd.Kfz._140/1
gladiator_mk2_navy,0.0,,,,,,0.0,,,,,,0.0,,,,,,Sea_Gladiator_Mk_I
harrier_frs1,0.0,,,,,,6.0,50.0,0.33,0.67,0.0,0.0,0.0,,,,,,Sea_Harrier_FRS.1
harrier_frs1_early,0.0,,,,,,2.0,100.0,2.0,2.0,0.0,0.0,0.0,,,,,,Sea_Harrier_FRS.1_(e)
sea_hawk_fga6,0.0,,,,,,0.0,,,,,,0.0,,,,,,Sea_Hawk_FGA.6
sea_hawk_fga50_netherlands,0.0,,,,,,113.0,68.95,1.48,2.2,2.81,3.98,18.0,,,,,,Sea_Hawk_Mk.50
hurricane_mk1b,0.0,,,,,,0.0,,,,,,0.0,,,,,,Sea_Hurricane_Mk_IB
meteor_fmk3_navy,0.0,,,,,,99.0,50.89,0.98,1.84,0.71,1.26,0.0,,,,,,Sea_Meteor_F_Mk_3
sea_venom_faw20,0.0,,,,,,0.0,,,,,,0.0,,,,,,Sea_Venom_FAW_20
dh_110_sea_vixen,0.0,,,,,,33.0,53.13,1.66,1.5,0.0,0.0,15.0,,,1.0,,0.0,Sea_Vixen_F.A.W._Mk.2
seafire_mk17,0.0,,,,,,15.0,,,,,,0.0,,,,,,Seafire_F_Mk_XVII
seafire_fr47,0.0,,,,,,0.0,,,,,,0.0,,,,,,Seafire_FR_47
seafire_mk3,0.0,,,,,,0.0,,,,,,0.0,,,,,,Seafire_LF_Mk.III
shackleton_mr_mk_2,0.0,,,,,,0.0,,,,,,0.0,,,,,,Shackleton_MR.Mk.2
mirage_3cj,0.0,,,,,,0.0,,,,,,0.0,,,,,,Shahak
us_m4a3e8_76w_sherman_kit_3rank,0.0,,,,,,189.0,63.35,0.06,0.04,3.43,2.31,0.0,,,,,,Sherman_(Hell)
il_centurion_mk_5_shot,0.0,,,,,,85.0,40.91,0.0,0.0,1.2,0.79,0.0,,,,,,Sho't
uk_centurion_shot_kal_d,0.0,,,,,,0.0,,,,,,0.0,,,,,,Sho't_Kal_Dalet
ussr_9p149,0.0,,,,,,116.0,49.29,0.0,0.0,1.67,1.61,0.0,,,,,,Shturm-S
it_otobreda_sidam_25,0.0,,,,,,68.0,50.0,0.0,0.0,0.0,0.0,0.0,,,,,,SIDAM_25
saab_sk60b,0.0,,,,,,145.0,50.0,0.67,0.42,3.1,2.66,0.0,,,,,,SK60B
uk_skink_aa,0.0,,,,,,58.0,22.0,0.28,0.26,0.3,0.34,0.0,,,,,,Skink
us_skink_aa_kit_3rank,0.0,,,,,,30.0,50.0,0.82,1.47,0.03,0.02,0.0,,,,,,Skink_(Hell)
soc_1,,,,,,,,,,,,,,,,,,,SOC-1
spitfire_xvi,0.0,,,,,,0.0,,,,,,0.0,,,,,,Spitfire_F_Mk_XVI
spitfire_mk18e,0.0,,,,,,105.0,94.44,0.96,1.26,3.78,4.84,0.0,,,,,,Spitfire_F_Mk_XVIIIe
spitfiremkiia,0.0,,,,,,4.0,,,,,,0.0,,,,,,Spitfire_Mk_IIa
spitfire_mk5b_italy,0.0,,,,,,34.0,,,1.69,,1.0,0.0,,,,,,Spitfire_Mk_Vb/trop
spitfire_mk5b_float,0.0,,,,,,12.0,100.0,3.0,3.0,0.0,0.0,0.0,,,,,,Spitfire_Mk.Vb_(Float)
il_spyder_aio,0.0,,,,,,88.0,66.67,1.0,1.16,0.0,0.0,0.0,,,,,,SPYDER
germ_spz_12_3,0.0,,,,,,4.0,50.0,0.0,0.0,1.0,1.33,0.0,,,,,,SPz_12-3_LGS
germ_bmp_1_ddr,0.0,,,,,,152.0,31.18,0.0,0.0,0.75,0.63,0.0,,,,,,SPz_BMP-1
fr_saint_chamond,0.0,,,,,,0.0,,,,,,0.0,,,,,,St-Chamond
us_stingray,0.0,,,,,,902.0,58.82,0.0,0.0,2.27,1.62,0.0,,,,,,Stingray
jp_stingray,0.0,,,,,,288.0,56.41,0.0,0.0,2.23,2.32,0.0,,,,,,Stingray
stirling_mk1,0.0,,,,,,0.0,,,,,,0.0,,,,,,Stirling_B_Mk_I
stirling_mk3,0.0,,,,,,0.0,,,,,,0.0,,,,,,Stirling_B_Mk_III
uk_stormer_air_defence,0.0,,,,,,166.0,22.58,1.31,0.99,0.0,0.0,0.0,,,,,,Stormer_AD
uk_stormer_hvm,0.0,,,,,,32.0,91.67,0.92,0.39,0.0,0.0,0.0,,,,,,Stormer_HVM
strikemaster_mk88,0.0,,,,,,132.0,62.47,0.12,0.13,3.25,3.88,0.0,,,,,,Strikemaster_Mk.88
uk_fv102_striker,0.0,,,,,,13.0,,,0.0,,0.0,0.0,,,,,,Striker
sw_strv_103_0,0.0,,,,,,56.0,50.0,0.0,0.0,2.3,2.36,0.0,,,,,,Strv_103-0
sw_strv_103c,0.0,,,,,,100.0,47.33,0.0,0.0,1.35,1.66,0.0,,,,,,Strv_103С
sw_strv_105,0.0,,,,,,384.0,63.65,0.0,0.0,2.1,1.93,0.0,,,,,,Strv_105
sw_strv_121,0.0,,,,,,654.0,50.08,0.0,0.0,1.82,1.63,0.0,,,,,,Strv_121
sw_strv_81_rb52,0.0,,,,,,9.0,,,0.0,,0.0,0.0,,,,,,Strv_81_(RB_52)
uk_centurion_mk_3_ss11,0.0,,,,,,0.0,,,,,,0.0,,,,,,Strv_81_(RB_52)
sw_strv_m39_td,0.0,,,,,,0.0,,,,,,0.0,,,,,,Strv_m/39_TD
sw_strv_m41_s1,0.0,,,,,,0.0,,,,,,0.0,,,,,,Strv_m/41_S-I
us_m5a1_stuart_canadian_5st_arm,0.0,,,,,,0.0,,,,,,0.0,,,,,,Stuart_VI_(5th_CAD)
germ_stug_III_ausf_A,0.0,,,,,,1.0,,,,,,0.0,,,,,,StuG_III_A
ussr_su_100Y,0.0,,,,,,6.0,,,,,,0.0,,,,,,SU-100Y
ussr_su_122P,0.0,,,,,,14.0,0.0,0.0,0.0,1.0,2.07,0.0,,,,,,SU-122P
ussr_su_57,0.0,,,,,,14.0,,,0.0,,0.93,0.0,,,,,,SU-57
su_6_single,0.0,,,,,,79.0,100.0,0.37,0.37,4.43,5.36,0.0,,,,,,Su-6
su-6_am42,0.0,,,,,,31.0,100.0,0.0,0.17,1.58,1.06,0.0,,,,,,Su-6_(AM-42)
ussr_su_76d,0.0,,,,,,0.0,,,,,,0.0,,,,,,SU-76D
ussr_su_76m_1943,0.0,,,,,,0.0,,,,,,0.0,,,,,,SU-76M
ussr_su_76m_5st_kav_corps,0.0,,,,,,0.0,,,,,,0.0,,,,,,SU-76M_(5th_Gv.Kav.Corps)
su-7bmk,0.0,,,,,,35.0,,,0.35,,0.69,0.0,,,,,,Su-7BMK
ussr_su_85a,0.0,,,,,,0.0,,,,,,0.0,,,,,,SU-85A
su-9,0.0,,,,,,136.0,35.51,0.8,0.5,2.28,1.43,0.0,,,,,,Su-9
sunderland_mk3a,0.0,,,,,,0.0,,,,,,0.0,,,,,,Sunderland_Mk_IIIa
sunderland_mk5,0.0,,,,,,0.0,,,,,,0.0,,,,,,Sunderland_Mk_V
super_etendard_97,0.0,,,,,,37.0,68.28,0.51,0.98,4.06,6.53,0.0,,,,,,Super_Etendard
md_460,0.0,,,,,,59.0,52.38,1.55,1.7,1.31,1.36,0.0,,,,,,Super_Mystere_B2
swift_f1,0.0,,,,,,100.0,73.21,1.16,1.84,0.07,0.13,0.0,,,,,,Swift_F.1
swift_f7,0.0,,,,,,31.0,58.28,1.48,1.82,0.84,1.04,0.0,,,,,,Swift_F.7
swordfish_mk1,0.0,,,,,,0.0,,,,,,0.0,,,,,,Swordfish_Mk_I
swordfish_mk2,0.0,,,,,,0.0,,,,,,0.0,,,,,,Swordfish_Mk_II
ussr_t_10a,0.0,,,,,,39.0,63.79,0.0,0.0,2.38,2.99,0.0,,,,,,T-10A
ussr_t_126sp,0.0,,,,,,0.0,,,,,,0.0,,,,,,T-126
t2_early,0.0,,,,,,11.0,50.0,0.0,0.0,0.0,0.0,0.0,,,,,,T-2_Early
ussr_t_26_1940,0.0,,,,,,0.0,,,,,,0.0,,,,,,T-26
cn_t_26_no531,0.0,,,,,,6.0,,,,,,0.0,,,,,,T-26_No.531
ussr_t_26E,0.0,,,,,,0.0,,,,,,0.0,,,,,,T-26E
ussr_t_26_1940_1st_GvTBr,0.0,,,,,,11.0,,,0.0,,1.0,0.0,,,,,,T-26_(1st_Gv.T.Br.)
ussr_t_34_1940_l_11,0.0,,,,,,0.0,,,,,,0.0,,,,,,T-34_(Prototype)
sw_t_50_fin,0.0,,,,,,0.0,,,,,,0.0,,,,,,T-50
ussr_t_70_1942,0.0,,,,,,0.0,,,,,,0.0,,,,,,T-70
sw_t_72m1,0.0,,,,,,518.0,60.76,0.0,0.0,2.55,2.45,0.0,,,,,,T-72M1
ussr_t_72m2_moderna,0.0,,,,,,338.0,63.34,0.0,0.0,3.5,2.2,0.0,,,,,,T-72M2_Moderna
cn_t_80ud_478be,0.0,,,,,,118.0,54.63,0.0,0.0,3.87,1.68,0.0,,,,,,T-80UD/BE
ussr_pzkpfw_III_ausf_J_L42,0.0,,,,,,13.0,100.0,0.0,0.0,2.38,2.38,0.0,,,,,,T-III
us_t114,0.0,,,,,,63.0,62.5,0.0,0.0,4.0,2.84,0.0,,,,,,T114
us_t28,0.0,,,,,,7.0,,,,,,0.0,,,,,,T28
us_t32,0.0,,,,,,237.0,51.69,0.0,0.0,6.5,2.63,0.0,,,,,,T32
us_t32e1,0.0,,,,,,79.0,69.89,0.0,0.0,3.12,2.9,0.0,,,,,,T32E1
us_t54e2,0.0,,,,,,11.0,,,0.0,,4.0,0.0,,,,,,T54E2
us_t95,0.0,,,,,,43.0,44.87,0.0,0.0,2.45,3.85,0.0,,,,,,T95
ta-152c,0.0,,,,,,0.0,,,,,,0.0,,,,,,Ta_152_C-3
ta-152h-1,0.0,,,,,,12.0,50.0,2.25,4.5,0.81,1.63,0.0,,,,,,Ta_152_H-1
jp_type_98_ta_se,0.0,,,,,,0.0,,,,,,0.0,,,,,,Ta-Se
ki_61_1a_hei_ep,0.0,,,,,,23.0,100.0,0.5,0.45,1.69,1.63,0.0,,,,,,Tada's_Ki-61-I_hei
jp_type_81_tansam_launcher,,,,,,,,,,,,,,,,,,,Tan-SAM_Kai_(СОУ)
jp_type_81_tansam_fcs,0.0,,,,,,16.0,50.0,0.5,0.87,0.0,0.0,0.0,,,,,,Tan-SAM_Kai_(СОЦ)
tbd-1_1938,0.0,,,,,,0.0,,,,,,0.0,,,,,,TBD-1
tbf-1c,0.0,,,,,,0.0,,,,,,0.0,,,,,,TBF-1C
tempest_mkv_luftwaffe,0.0,,,,,,9.0,100.0,1.0,1.0,1.0,1.0,0.0,,,,,,Tempest_Mk_V
tempest_mkv_vikkers,0.0,,,,,,0.0,,,,,,0.0,,,,,,Tempest_Mk_V_(Vickers_P)
f2a-1_thach,0.0,,,,,,0.0,,,,,,0.0,,,,,,Thach's_F2A-1
il_tiran_4_sh,0.0,,,,,,31.0,34.62,0.0,0.0,0.92,1.54,0.0,,,,,,Tiran_4S
il_tiran_6,0.0,,,,,,120.0,69.75,0.0,0.0,2.49,2.41,0.0,,,,,,Tiran_6
uk_tog_2,0.0,,,,,,14.0,,,,,,0.0,,,,,,TOG_II
it_toldi_II_a,0.0,,,,,,0.0,,,,,,0.0,,,,,,Toldi_IIA
cn_tor_m1,0.0,,,,,,22.0,,,,,,0.0,,,,,,Tor-M1
tornado_adv,0.0,,,,,,11.0,,,1.0,,0.0,0.0,,,,,,Tornado_ADV
tornado_gr1,0.0,,,,,,78.0,50.0,0.0,0.0,1.38,2.76,0.0,,,,,,Tornado_GR.1
tornado_ids_it,0.0,,,,,,8.0,0.0,0.0,0.0,1.0,0.5,0.0,,,,,,Tornado_IDS
tornado_ids_it_mod95,0.0,,,,,,0.0,,,,,,0.0,,,,,,Tornado_IDS_(1995)
tornado_ids_it_ret8,0.0,,,,,,4.0,100.0,0.0,0.0,3.0,3.0,0.0,,,,,,Tornado_IDS_MLU_(RET.8)
ussr_tor_m1,0.0,,,,,,46.0,0.0,2.0,1.0,0.0,0.0,0.0,,,,,,Toр-M1
fr_tpk_641_vpc,0.0,,,,,,113.0,71.88,0.25,0.25,0.27,0.31,0.0,,,,,,TPK_6.41
tu_14t,0.0,,,,,,45.0,0.0,0.0,0.0,0.21,0.2,0.0,,,,,,Tu-14T
tu_4,0.0,,,,,,0.0,,,,,,0.0,,,,,,Tu-4
gladiator_mk2_tuck,0.0,,,,,,0.0,,,,,,0.0,,,,,,Tuck's_Gladiator_Mk_II
jp_type_03_chusam_fcs,0.0,,,,,,139.0,70.69,0.52,0.25,0.0,0.0,0.0,,,,,,Type_03_(СОЦ)
jp_type_16_mod,0.0,,,,,,225.0,56.67,0.0,0.0,2.43,2.2,0.0,,,,,,Type_16_(FPS)
cn_type_59,0.0,,,,,,192.0,66.67,0.0,0.0,3.72,2.58,0.0,,,,,,Type_59
jp_type_60_atm,0.0,,,,,,7.0,100.0,0.0,0.0,1.0,1.0,0.0,,,,,,Type_60_ATM
jp_type_61_mod,0.0,,,,,,203.0,67.13,0.0,0.0,1.71,1.86,0.0,,,,,,Type_61_(B)
ussr_type_62,0.0,,,,,,0.0,,,,,,0.0,,,,,,Type_62
cn_type_62,0.0,,,,,,211.0,56.32,0.0,0.0,1.06,0.89,0.0,,,,,,Type_62
cn_type_69_2a,0.0,,,,,,10.0,100.0,0.0,0.0,5.0,3.1,0.0,,,,,,Type_69-IIa
jp_type_74,0.0,,,,,,402.0,60.26,0.0,0.0,2.68,2.38,0.0,,,,,,Type_74_(E)
jp_type_74_f,0.0,,,,,,253.0,57.75,0.0,0.0,2.61,2.29,0.0,,,,,,Type_74_(F)
jp_type_74_mod_g_kai,0.0,,,,,,202.0,46.37,0.0,0.0,2.96,2.84,0.0,,,,,,Type_74_(G)
jp_type_74_red_star,0.0,,,,,,426.0,57.28,0.0,0.0,2.41,1.45,0.0,,,,,,Type_74_Red_Star
jp_type_75_mlrs,0.0,,,,,,25.0,,,0.0,,1.0,0.0,,,,,,Type_75_MLRS
jp_type_87_rcv_prot,0.0,,,,,,242.0,60.36,0.09,0.1,1.64,1.56,0.0,,,,,,Type_87_RCV_(P)
ef_2000_typhoon_aesa,0.0,,,,,,352.0,73.17,1.95,2.91,0.19,0.28,0.0,,,,,,Typhoon_(AESA)
ef_2000_fgr4,0.0,,,,,,66.0,44.09,0.99,1.39,0.0,0.0,0.0,,,,,,Typhoon_FGR.4
sw_udes_33,0.0,,,,,,109.0,66.92,0.0,0.0,1.39,1.1,0.0,,,,,,UDES_33
us_m551_football,,,,,,,,,,,,,,,,,,,us_m551_football
ussr_m551_football,,,,,,,,,,,,,,,,,,,ussr_m551_football
v_11g,0.0,,,,,,0.0,,,,,,0.0,,,,,,V-11
v_12d,0.0,,,,,,0.0,,,,,,0.0,,,,,,V-12D
v_156_b1,0.0,,,,,,0.0,,,,,,0.0,,,,,,V-156-B1
v_156_f,0.0,,,,,,0.0,,,,,,0.0,,,,,,V-156-F
uk_valentine_mk_1,0.0,,,,,,0.0,,,,,,0.0,,,,,,Valentine_I
uk_valentine_mk_9,0.0,,,,,,13.0,,,0.0,,2.0,0.0,,,,,,Valentine_IX
vampire_fb5,0.0,,,,,,0.0,,,,,,0.0,,,,,,Vampire_F.B.5
vampire_fb52_finland,0.0,,,,,,54.0,52.3,0.0,0.0,0.0,0.0,0.0,,,,,,Vampire_FB_52A
vampire_fb52a_italy,0.0,,,,,,6.0,100.0,1.0,1.0,0.0,0.0,0.0,,,,,,Vampire_FB_52A
so_4050_vautour_2a_iaf,0.0,,,,,,0.0,,,,,,0.0,,,,,,Vautour_IIA_IDF/AF
it_vbc_pt2,0.0,,,,,,184.0,58.93,0.06,0.06,2.1,1.65,0.0,,,,,,VBC_(PT2)
it_vcc_80_hitfist_30,0.0,,,,,,28.0,0.0,0.0,0.0,4.09,2.32,0.0,,,,,,VCC-80/30
sw_veak_40,0.0,,,,,,198.0,29.81,0.06,0.03,1.08,0.55,0.0,,,,,,VEAK_40
venom_fb4,0.0,,,,,,1.0,,,,,,0.0,,,,,,Venom_FB.4
fr_vextra_105,0.0,,,,,,125.0,4.17,0.0,0.0,2.58,0.94,0.0,,,,,,Vextra_105
uk_vfm_5,0.0,,,,,,175.0,65.83,0.0,0.0,2.65,2.61,0.0,,,,,,VFM5
uk_vickers_mbt_mk_3,0.0,,,,,,146.0,55.7,0.0,0.0,1.67,1.68,0.0,,,,,,Vickers_Mk.3
uk_vickers_mk7,0.0,,,,,,186.0,44.26,0.0,0.0,2.73,1.67,0.0,,,,,,Vickers_Mk.7
sw_k9_vidar,0.0,,,,,,98.0,76.62,0.0,0.0,3.89,2.18,0.0,,,,,,VIDAR
uk_vijayanta,0.0,,,,,,8.0,100.0,0.0,0.0,2.0,1.5,0.0,,,,,,Vijayanta
germ_pzkpfw_VI_tiger_P,0.0,,,,,,0.0,,,,,,0.0,,,,,,VK_45.01_(P)
it_vrcc_centauro,0.0,,,,,,147.0,60.08,0.0,0.0,2.75,2.78,0.0,,,,,,VRCC
germ_vt_1_2,0.0,,,,,,111.0,42.1,0.0,0.0,2.82,2.8,0.0,,,,,,VT1-2
walrus_mk1,,,,,,,,,,,,,,,,,,,Walrus_Mk.I
uk_fv510_isv,0.0,,,,,,41.0,62.5,0.0,0.0,1.38,1.27,0.0,,,,,,Warrior
washington_b1,0.0,,,,,,0.0,,,,,,0.0,,,,,,Washington_B.Mk.I
wellington_mk1c,0.0,,,,,,0.0,,,,,,0.0,,,,,,Wellington_Mk_Ic
wellington_mk1c_luftwaffe,0.0,,,,,,0.0,,,,,,0.0,,,,,,Wellington_Mk_Ic
wellington_mk1c_late,0.0,,,,,,0.0,,,,,,0.0,,,,,,Wellington_Mk_Ic/L
wellington_mk3,0.0,,,,,,0.0,,,,,,0.0,,,,,,Wellington_Mk_III
wellington_mk10,0.0,,,,,,0.0,,,,,,0.0,,,,,,Wellington_Mk_X
whirlwind_mk1,0.0,,,,,,6.0,,,,,,0.0,,,,,,Whirlwind_Mk_I
whirlwind_p9,0.0,,,,,,10.0,,,,,,0.0,,,,,,Whirlwind_P.9
wirraway,0.0,,,,,,0.0,,,,,,0.0,,,,,,Wirraway
cn_wma_301,0.0,,,,,,69.0,78.57,0.0,0.0,2.0,1.75,0.0,,,,,,WMA301
cn_wz_141,0.0,,,,,,116.0,89.66,0.0,0.0,7.21,3.03,0.0,,,,,,WZ141-1
xa_38,0.0,,,,,,0.0,,,,,,41.0,0.0,1.0,0.27,2.83,0.73,XA-38
us_xm_800t,0.0,,,,,,1680.0,64.07,0.0,0.0,1.55,1.31,0.0,,,,,,XM800T
p-38g_metal,0.0,,,,,,19.0,100.0,3.0,,0.0,,0.0,,,,,,XP-38G
xp-55,0.0,,,,,,83.0,56.86,1.93,1.7,2.1,1.98,0.0,,,,,,XP-55
yak-15,0.0,,,,,,0.0,,,,,,0.0,,,,,,Yak-15
yak-28b,0.0,,,,,,2.0,,,,,,0.0,,,,,,Yak-28B
yak-3_vk107,0.0,,,,,,84.0,35.0,2.13,3.4,0.25,0.25,12.0,,,,,,Yak-3_(VK-107)
yak-3t,0.0,,,,,,30.0,37.5,1.63,1.83,1.21,1.46,0.0,,,,,,Yak-3T
er-2_ach30b_early,0.0,,,,,,0.0,,,,,,0.0,,,,,,Yer-2_(ACh-30B)_(e)
er-2_ach30b_late,0.0,,,,,,0.0,,,,,,0.0,,,,,,Yer-2_(ACh-30B)_(l)
er-2_m105_tat,0.0,,,,,,0.0,,,,,,0.0,,,,,,Yer-2_(M-105)_TAT
er-2_m105r_tat,0.0,,,,,,0.0,,,,,,0.0,,,,,,Yer-2_(M-105R)_TAT
yp-38,0.0,,,,,,0.0,,,,,,0.0,,,,,,YP-38
uk_ystervark_spaa,0.0,,,,,,49.0,91.67,0.98,1.15,0.0,0.0,0.0,,,,,,Ystervark
z_1007_bis_serie3,0.0,,,,,,1.0,50.0,0.0,0.0,1.0,2.0,0.0,,,,,,Z.1007_bis_serie_3
z_1007_bis_serie5,0.0,,,,,,0.0,,,,,,0.0,,,,,,Z.1007_bis_serie_5
cn_zbd_04a,0.0,,,,,,283.0,57.71,0.0,0.0,1.55,1.53,0.0,,,,,,ZBD04A
cn_type_86,0.0,,,,,,72.0,78.57,0.0,0.0,1.69,0.66,0.0,,,,,,ZBD86
ussr_zis_12_94KM_1945,0.0,,,,,,137.0,80.83,0.85,0.28,3.86,1.83,0.0,,,,,,ZiS-12_(94-KM)
ussr_zis_43,0.0,,,,,,0.0,,,,,,0.0,,,,,,ZiS-43
it_40_43m_zrinyi_2,0.0,,,,,,0.0,,,,,,0.0,,,,,,Zrinyi_II
cn_zsd63_pg87,0.0,,,,,,113.0,37.02,0.82,1.36,0.63,1.0,0.0,,,,,,ZSD63/PG87
cn_zsl_92,0.0,,,,,,192.0,53.55,0.14,0.18,0.58,0.53,0.0,,,,,,ZSL92
ussr_zsu_37,0.0,,,,,,19.0,,,0.0,,0.53,0.0,,,,,,ZSU-37
uk_ratel_zt3,0.0,,,,,,565.0,61.17,0.09,0.09,3.22,3.31,0.0,,,,,,ZT3A2
cn_zts_63_1980,0.0,,,,,,154.0,64.72,0.0,0.0,1.15,0.91,0.0,,,,,,ZTS63
cn_type_59d,0.0,,,,,,128.0,71.91,0.0,0.0,2.99,3.05,0.0,,,,,,ZTZ59D1
cn_ztz_88a,0.0,,,,,,210.0,56.2,0.0,0.0,2.07,2.67,0.0,,,,,,ZTZ88A
cn_ztz_88b,0.0,,,,,,158.0,64.32,0.0,0.0,3.07,4.16,0.0,,,,,,ZTZ88B
cn_ztz_96a,0.0,,,,,,94.0,41.11,0.0,0.0,2.27,1.77,0.0,,,,,,ZTZ96A
cn_ztz_99,0.0,,,,,,55.0,,,0.0,,1.38,0.0,,,,,,ZTZ99-II
cn_ztz_99_w,0.0,,,,,,27.0,,,0.0,,0.33,0.0,,,,,,ZTZ99-III
ussr_zut_37,0.0,,,,,,0.0,,,,,,0.0,,,,,,ZUT-37
ussr_bmd_4m,0.0,,,,,,954.0,44.42,0.0,0.0,1.54,1.21,0.0,,,,,,БМД-4M
ussr_sdkfz_251_21_kit_3rank,0.0,,,,,,14.0,0.0,0.0,0.0,0.0,0.0,0.0,,,,,,Ганомаг_('45)
ussr_garford_putilov,0.0,,,,,,0.0,,,,,,0.0,,,,,,Гарфордъ
db_lk,0.0,,,,,,0.0,,,,,,0.0,,,,,,ДБ-ЛК
ussr_valentine_mk_9,0.0,,,,,,0.0,,,,,,0.0,,,,,,"МК-IX_""Valentine"""
mig_29kr_9_41r,0.0,,,,,,26.0,50.0,2.5,5.0,0.0,0.0,0.0,,,,,,МиГ-29КР_(9-41Р)
mig_29m_9_15,0.0,,,,,,179.0,62.77,0.7,0.75,0.16,0.16,0.0,,,,,,МиГ-29М_(9-15)
ussr_pantsyr_sm_sv,0.0,,,,,,1009.0,42.06,1.16,1.1,0.24,0.25,0.0,,,,,,Панцирь_СМ-СВ
it_9a35_m,0.0,,,,,,6.0,50.0,0.5,1.0,0.0,0.0,0.0,,,,,,Стрела-10М
yak_1_litvyak,0.0,,,,,,0.0,,,,,,0.0,,,,,,Як-1_Литвяк
yak_130_early,0.0,,,,,,558.0,52.8,0.11,0.14,2.71,3.44,0.0,,,,,,Як-130
p-47m-1-re_boxted,0.0,,,,,,62.0,36.36,0.34,0.57,0.3,0.45,51.0,50.0,1.0,1.65,0.6,1.13,⋠P-47M-1-RE
a6m2_zero_china,0.0,,,,,,43.0,93.06,1.86,2.0,1.35,1.46,0.0,,,,,,A6M2_(China)
a6m5_zero_china,,,,,,,,,,,,,,,,,,,A6M5_(China)
cn_type_97_kai,0.0,,,,,,0.0,,,,,,0.0,,,,,,Chi-Ha_Kai_(China)
f-100a_china,0.0,,,,,,54.0,57.14,1.7,2.0,0.29,0.36,0.0,,,,,,F-100A_(China)
f-104a_china,0.0,,,,,,0.0,,,,,,0.0,,,,,,F-104A_(China)
f-104g_china,0.0,,,,,,0.0,,,,,,0.0,,,,,,F-104G_(China)
f_16a_block_72v_china,0.0,,,,,,0.0,,,,,,0.0,,,,,,F-16V_(China)
f_47n_25_re_china,0.0,,,,,,0.0,,,,,,0.0,,,,,,F-47N-25-RE_(China)
f-5a_china,0.0,,,,,,0.0,,,,,,0.0,,,,,,F-5A_(China)
f-5e_aidc,0.0,,,,,,26.0,66.67,0.0,0.0,0.3,0.5,0.0,,,,,,F-5E_(China)
f-84g_china,0.0,,,,,,18.0,100.0,0.0,0.0,4.0,4.0,0.0,,,,,,F-84G-21-RE_(China)
f-84g-31-re_china,0.0,,,,,,58.0,68.33,0.28,0.28,1.45,1.45,0.0,,,,,,F-84G-31-RE_(China)
f-86f-30_china,0.0,,,,,,0.0,,,,,,0.0,,,,,,F-86F-30_(China)
f-86f-40_china,0.0,,,,,,0.0,,,,,,0.0,,,,,,F-86F-40_(China)
gladiator_mk1_china,0.0,,,,,,0.0,,,,,,0.0,,,,,,Gladiator_Mk_I_(China)
hs-123a-1_china,0.0,,,,,,0.0,,,,,,0.0,,,,,,Hs_123_A-1_(China)
i-15bis_china,0.0,,,,,,18.0,,,,,,0.0,,,,,,I-15bis_(China)
i-16_chung_28,0.0,,,,,,0.0,,,,,,0.0,,,,,,I-16_Chung_28_(China)
i-16_type5_1935_china,0.0,,,,,,0.0,,,,,,0.0,,,,,,I-16_type_5_(China)
cn_isu_122,0.0,,,,,,4.0,,,,,,0.0,,,,,,ISU-122_(China)
cn_isu_152,0.0,,,,,,28.0,,,0.0,,0.65,0.0,,,,,,ISU-152_(China)
ki-27_otsu_china,0.0,,,,,,0.0,,,,,,0.0,,,,,,Ki-27_otsu_(China)
ki-45_hei_tei_china,0.0,,,,,,0.0,,,,,,0.0,,,,,,Ki-45_hei/tei_(China)
ki_84_ko_china,0.0,,,,,,44.0,,,0.0,,2.33,14.0,100.0,7.0,7.0,1.0,1.0,Ki-84_ko_(China)
cn_m113a1_tow,0.0,,,,,,67.0,53.7,0.0,0.0,0.17,0.17,0.0,,,,,,M113A1_(TOW)_(China)
cn_m24_chaffee,0.0,,,,,,39.0,100.0,0.0,0.0,4.0,1.22,0.0,,,,,,M24_(China)
cn_m4a4_sherman,0.0,,,,,,6.0,,,,,,0.0,,,,,,M4A4_(China)
cn_m60a3_tts,0.0,,,,,,67.0,36.84,0.0,0.0,5.18,3.34,0.0,,,,,,M60A3_TTS_(China)
mig-9_china,0.0,,,,,,0.0,,,,,,0.0,,,,,,MiG-9_(China)
mig-9_late_china,0.0,,,,,,0.0,,,,,,0.0,,,,,,MiG-9_(l)_(China)
mirage_2000_5ei,0.0,,,,,,32.0,60.0,2.0,2.2,0.0,0.0,0.0,,,,,,Mirage_2000-5Ei_(China)
p-40e_china,0.0,,,,,,0.0,,,,,,0.0,,,,,,P-40E-1_(China)
p-51c-11-nt_china,0.0,,,,,,29.0,50.0,0.38,1.16,1.0,1.58,0.0,,,,,,P-51C-11-NT_(China)
p1y1_mod11_china,0.0,,,,,,0.0,,,,,,0.0,,,,,,P1Y1_mod._11_(China)
pb4y-2_china,0.0,,,,,,0.0,,,,,,0.0,,,,,,PB4Y-2_(China)
cn_pt_76,0.0,,,,,,0.0,,,,,,0.0,,,,,,PT-76_(China)
sb_2m_103u_china,0.0,,,,,,0.0,,,,,,0.0,,,,,,SB_2M-103U_(China)
cn_su_76m_1943,0.0,,,,,,17.0,,,0.0,,1.0,0.0,,,,,,SU-76M_(China)
tu-2_postwar_china,0.0,,,,,,18.0,100.0,0.0,0.0,2.18,2.28,0.0,,,,,,Tu-2S-44_(China)
tu_4_china,0.0,,,,,,0.0,,,,,,0.0,,,,,,Tu-4_(China)
uk_challenger_II_yt_cup_2019,,,,,,,,,,,,,,,,,,,␙Challenger_2
germ_leopard_2a5_yt_cup_2019,,,,,,,,,,,,,,,,,,,␙Leopard_2A5
us_m1a1_abrams_yt_cup_2019,,,,,,,,,,,,,,,,,,,␙M1A1
md_460_yt_cup_2019,,,,,,,,,,,,,,,,,,,␙Super_Mystere_B2
ussr_t_80u_yt_cup_2019,,,,,,,,,,,,,,,,,,,␙T-80U
f-86_canadair_german,0.0,,,,,,14.0,50.0,2.88,2.88,1.38,1.38,0.0,,,,,,◄CL-13A_Mk_5
f-86_cl_13b_mk6,0.0,,,,,,36.0,62.5,2.88,3.23,0.75,0.23,0.0,,,,,,◄CL-13B_Mk.6
ef_2000_block_10,0.0,,,,,,269.0,54.34,1.24,1.71,0.16,0.23,20.0,,,0.0,,0.0,◄EF-2000
ef_2000_aesa,0.0,,,,,,438.0,55.0,1.49,1.97,0.42,0.54,14.0,,,3.0,,0.0,◄EF-2000_(AESA)
f-104g,0.0,,,,,,0.0,,,,,,0.0,,,,,,◄F-104G
f-4f,0.0,,,,,,27.0,50.0,1.17,1.83,2.53,4.0,0.0,,,,,,◄F-4F_Early
f-4f_kws_lv,0.0,,,,,,162.0,33.67,0.97,0.95,0.14,0.16,0.0,,,,,,◄F-4F_KWS_LV
f-84f_germany,0.0,,,,,,0.0,,,,,,0.0,,,,,,◄F-84F
f-86k_late_german,0.0,,,,,,55.0,50.0,1.0,0.6,0.0,0.0,0.0,,,,,,◄F-86K
fiat_g91_r3,0.0,,,,,,0.0,,,,,,0.0,,,,,,◄G.91_R/3
fiat_g91_r4_german,0.0,,,,,,93.0,50.0,0.45,0.66,0.4,0.45,0.0,,,,,,◄G.91_R/4
mig-21_sps_k,0.0,,,,,,127.0,68.17,1.71,1.94,0.26,0.34,0.0,,,,,,◄MiG-21_SPS-K
mig_29_9_12g,0.0,,,,,,45.0,50.0,0.63,0.89,0.0,0.0,0.0,,,,,,◄MiG-29G
sea_hawk_mk100,0.0,,,,,,38.0,50.0,1.0,2.0,0.0,0.0,0.0,,,,,,◄Sea_Hawk_Mk.100
su_22m4_de_wtd61,0.0,,,,,,146.0,50.0,1.14,1.62,4.0,5.73,51.0,50.0,1.0,1.0,1.0,1.0,◄Su-22M4_WTD61
tornado_ids_de_assta3_sle,0.0,,,,,,1.0,,,0.0,,1.0,11.0,,,0.0,,1.0,◄Tornado_IDS_SLE
il_28_german,0.0,,,,,,21.0,50.0,0.5,0.77,0.5,0.77,0.0,,,,,,◊IL-28
mig-17p_lim_5p,0.0,,,,,,19.0,100.0,2.0,,0.0,,0.0,,,,,,◊Lim-5P
mig-21_bis_sau,0.0,,,,,,34.0,100.0,2.0,1.67,0.0,0.0,0.0,,,,,,◊MiG-21bis-SAU
mig-21_mf,0.0,,,,,,7.0,100.0,1.4,1.57,0.0,0.0,0.0,,,,,,◊MiG-21MF
mig_23bn,0.0,,,,,,13.0,50.0,0.0,0.0,1.5,3.0,0.0,,,,,,◊MiG-23BN
mig_29_9_12_germany,0.0,,,,,,103.0,50.0,1.1,1.28,0.0,0.0,21.0,,,0.0,,0.0,◊MiG-29
germ_9a33bm3,0.0,,,,,,27.0,0.0,0.0,0.0,0.0,0.0,0.0,,,,,,◊Osa-AK
us_lvt_a_1_trb,0.0,,,,,,0.0,,,,,,0.0,,,,,,○LVT(A)(1)
p-36c_rb,0.0,,,,,,3.0,,,0.0,,0.0,0.0,,,,,,○P-36C
fa_18c_late_switzerland,0.0,,,,,,228.0,53.87,0.87,1.08,0.13,0.15,0.0,,,,,,◌F/A-18C_Late
hunter_f58_switzerland,0.0,,,,,,463.0,54.01,0.85,1.29,1.13,1.75,0.0,,,,,,◌Hunter_F.58
hunter_f58a_1971_switzerland,0.0,,,,,,4.0,,,,,,0.0,,,,,,◌Hunter_F.58A_(1971)
mirage_3s_c70_switzerland,0.0,,,,,,42.0,92.59,2.72,2.53,0.0,0.0,0.0,,,,,,◌Mirage_IIIS_C.70
uk_challenger_2_megatron_sm,0.0,,,,,,408.0,51.06,0.0,0.0,1.31,1.25,0.0,,,,,,◍Challenger_2_OES
cn_mbt2000_sm,0.0,,,,,,13.0,,,,,,0.0,,,,,,◍MBT-2000
fw_190f_8_hungary,0.0,,,,,,19.0,,,0.0,,1.0,0.0,,,,,,◔Fw_190_F-8
re_2000_heja_1,0.0,,,,,,0.0,,,,,,0.0,,,,,,◔Héja_I
il_28_hungary,0.0,,,,,,0.0,,,,,,0.0,,,,,,◔IL-28
saab_jas39c_hungary,0.0,,,,,,24.0,0.0,0.05,0.02,1.86,1.59,0.0,,,,,,◔JAS39EBS_HU_C
mig-15bis_nr23_hungary,0.0,,,,,,0.0,,,,,,0.0,,,,,,◔MiG-15bis
mig-17pf_hungary,0.0,,,,,,0.0,,,,,,0.0,,,,,,◔MiG-17PF
mig-21_bis_sau_hungary,0.0,,,,,,7.0,,,,,,0.0,,,,,,◔MiG-21bis-SAU
mig-21_mf_hungary,0.0,,,,,,34.0,100.0,3.0,3.0,1.0,1.0,0.0,,,,,,◔MiG-21MF
mig_23mf_hungary,0.0,,,,,,0.0,,,,,,0.0,,,,,,◔MiG-23MF
mig_29_9_12b_hungary,0.0,,,,,,45.0,64.58,1.65,2.71,0.0,0.0,0.0,,,,,,◔MiG-29
su_22m3_hungary,0.0,,,,,,0.0,,,,,,0.0,,,,,,◔Su-22M3
tu-2_postwar_late_hungary,0.0,,,,,,3.0,100.0,0.0,0.0,2.5,2.5,0.0,,,,,,◔Tu-2S-59
fokker_d21_netherlands,0.0,,,,,,0.0,,,,,,0.0,,,,,,◗Fokker_D.XXI
fokker_g1a,0.0,,,,,,0.0,,,,,,0.0,,,,,,◗Fokker_G.IA
f_16am_block_20_mlu_netherlands,0.0,,,,,,42.0,88.33,2.0,5.0,1.35,1.5,1.0,,,2.0,,0.0,◘F-16AM
nf_5a_netherlands,0.0,,,,,,615.0,54.96,1.55,2.1,0.6,0.78,0.0,,,,,,◘NF-5A
sb_25j_netherlands,0.0,,,,,,0.0,,,,,,0.0,,,,,,◘SB-25J
kfir_c10_colombia,0.0,,,,,,89.0,62.5,1.67,2.54,0.0,0.0,0.0,,,,,,◡Kfir_C.10
f_16a_block_10_norway,0.0,,,,,,0.0,,,,,,6.0,,,0.0,,0.0,◢F-16A
f_16am_block_20_mlu_norway,0.0,,,,,,2.0,100.0,0.0,0.0,0.0,0.0,0.0,,,,,,◢F-16AM
f-5ag_norway,0.0,,,,,,24.0,50.0,1.0,2.0,0.5,1.0,0.0,,,,,,◢F-5A(G)
hawk_209_indonesia,0.0,,,,,,18.0,,,0.0,,0.0,0.0,,,,,,◥Hawk_209
a_4e_late_iaf,0.0,,,,,,14.0,100.0,0.0,,1.0,,0.0,,,,,,A-4E_(Israel)
a_4e_early_iaf,0.0,,,,,,10.0,,,1.0,,1.0,0.0,,,,,,A-4E_Early_(M)_(Israel)
a_4h,0.0,,,,,,44.0,100.0,0.09,0.13,0.09,0.13,0.0,,,,,,A-4H_(Israel)
f-84f_israel_iaf,0.0,,,,,,0.0,,,,,,0.0,,,,,,F-84F_(Israel)
md_450b_ouragan_iaf_29,0.0,,,,,,0.0,,,,,,0.0,,,,,,M.D.450B_(29)_(Israel)
meteor_frmk9_iaf,0.0,,,,,,0.0,,,,,,0.0,,,,,,Meteor_FR.9_(Israel)
mig_21_2000_iaf,0.0,,,,,,0.0,,,,,,0.0,,,,,,MiG-21_2000_(Israel)
md_454_mystere_4a_iaf,0.0,,,,,,0.0,,,,,,0.0,,,,,,Mystere_IVA_(Israel)
so_4050_vautour_2a_israel_iaf,0.0,,,,,,0.0,,,,,,0.0,,,,,,Vautour_IIA_(Israel)
so_4050_vautour_2n_iaf,0.0,,,,,,0.0,,,,,,0.0,,,,,,Vautour_IIN_(Israel)
