name,ab_battles,ab_win_rate,ab_air_frags_per_battle,ab_air_frags_per_death,ab_ground_frags_per_battle,ab_ground_frags_per_death,rb_battles,rb_win_rate,rb_air_frags_per_battle,rb_air_frags_per_death,rb_ground_frags_per_battle,rb_ground_frags_per_death,sb_battles,sb_win_rate,sb_air_frags_per_battle,sb_air_frags_per_death,sb_ground_frags_per_battle,sb_ground_frags_per_death,alt_name
germ_pzkpfw_III_ausf_F,1014.0,91.37,0.1,0.18,6.69,13.0,41.0,0.0,0.0,0.0,3.94,2.65,0.0,,,,,,Pz.III_F
la-5fn,813.0,57.23,2.6,2.26,0.22,0.19,85.0,,,1.4,,0.36,0.0,,,,,,La-5FN
uk_ram_90mm_aa,767.0,64.6,0.53,0.38,5.06,3.86,18.0,100.0,0.0,0.0,2.86,2.21,14.0,,,0.0,,1.0,QF_3.7_Ram
i_185_m82,758.0,53.91,2.05,1.75,0.28,0.24,92.0,92.31,2.04,1.51,1.07,0.86,0.0,,,,,,I-185_(M-82)
it_sherman_75_37,690.0,80.43,0.11,0.13,6.21,7.39,233.0,81.02,0.0,0.0,3.51,3.36,0.0,,,,,,Sherman_I_Composito
la-7,677.0,62.15,2.98,2.98,0.86,0.87,127.0,90.06,2.9,3.36,0.99,1.15,0.0,,,,,,La-7
germ_vsw_flak_41,634.0,83.24,0.18,0.16,6.18,5.85,97.0,65.78,0.0,0.0,9.31,4.36,0.0,,,,,,VFW
su_30mk2v_venezuela,585.0,50.3,4.15,3.18,0.64,0.5,4003.0,50.22,1.19,1.35,0.29,0.35,105.0,100.0,5.42,2.07,1.48,0.58,Су-30МК2_AMV
yak-9t,564.0,53.96,2.57,2.5,0.13,0.13,26.0,100.0,1.0,1.0,0.0,0.0,3.0,,,0.0,,0.0,Yak-9T
i_185_m71_standard,496.0,55.69,1.72,1.89,0.31,0.33,64.0,,,1.31,,0.31,0.0,,,,,,I-185_(M-71)
germ_pzkpfw_VI_ausf_e_tiger,485.0,58.03,0.05,0.05,2.74,3.29,603.0,32.56,0.0,0.0,2.67,2.09,1.0,,,0.0,,1.0,Tiger_E
germ_panzerbefelhswagen_VI_P,459.0,73.86,0.08,0.11,4.43,5.68,116.0,20.97,0.0,0.0,8.7,4.91,0.0,,,,,,Pz.Bfw.VI_(P)
germ_pzkpfw_V_ausf_d_panther,441.0,60.84,0.0,0.0,2.32,1.77,421.0,34.99,0.0,0.0,2.55,1.64,0.0,,,,,,Panther_D
germ_pzkpfw_VI_ausf_b_tiger_IIp,415.0,86.82,0.02,0.02,6.39,5.74,1104.0,36.39,0.0,0.0,2.88,2.25,22.0,0.0,0.0,0.0,2.0,1.88,Tiger_II_(P)
iar_81c_db_605,443.0,54.15,5.28,4.88,0.24,0.2,173.0,100.0,3.38,8.95,1.4,3.63,0.0,,,,,,IAR-81C_(DB_605)
us_m1a1_hc_usmc_sm,407.0,67.52,0.06,0.06,2.86,2.47,1646.0,58.96,0.03,0.0,2.51,1.96,0.0,,,,,,◍M1A1_HC
bf-109f-4,411.0,59.12,4.77,5.81,0.63,0.76,467.0,59.31,1.63,2.29,0.65,0.91,0.0,,,,,,Bf_109_F-4
germ_pzkpfw_VI_ausf_h1_tiger,400.0,51.41,0.04,0.04,2.76,2.53,641.0,36.89,0.0,0.0,2.65,1.78,0.0,,,,,,Tiger_H1
us_halftrack_m3_75mm_gmc,386.0,67.93,0.14,0.18,4.87,6.29,6.0,,,,,,0.0,,,,,,M3_GMC
il_2m_1943,377.0,71.5,0.93,1.12,3.19,3.73,0.0,,,,,,0.0,,,,,,IL-2M_(1943)
us_m18_hellcat,354.0,60.27,0.0,0.0,2.7,2.27,2157.0,56.0,0.0,0.0,1.73,1.35,30.0,100.0,0.0,0.0,4.0,2.35,M18_GMC
ussr_t_34_1941_57,348.0,68.05,0.06,0.06,3.94,2.9,338.0,55.51,0.0,0.0,6.08,2.21,2.0,,,,,,T-34-57
bf-109f-4_trop,354.0,61.45,4.26,5.31,0.65,0.81,109.0,100.0,2.28,2.32,0.93,0.63,0.0,,,,,,Bf_109_F-4/trop
germ_kpz_70,340.0,59.94,0.0,0.0,1.63,1.3,1962.0,51.83,0.0,0.0,1.59,1.37,0.0,,,,,,KPz-70
yak-9b,336.0,81.59,1.82,2.23,5.29,6.39,9.0,,,0.0,,1.0,0.0,,,,,,Yak-9B
fw-190a-4,338.0,46.07,3.15,2.71,0.17,0.16,191.0,42.55,2.06,1.85,0.65,0.58,0.0,,,,,,Fw_190_A-4
germ_panzerjager_panther,323.0,60.34,0.05,0.07,2.49,3.04,336.0,35.76,0.0,0.0,2.46,2.18,0.0,,,,,,Jagdpanther_G1
do_335a_1,329.0,84.31,0.94,0.82,7.35,6.39,156.0,42.69,2.83,2.37,2.99,1.93,0.0,,,,,,Do_335_A-1
yak-7b,307.0,88.43,2.85,3.41,1.65,1.99,0.0,,,,,,1.0,,,,,,Yak-7B
p-47d_ussr,313.0,77.87,1.34,1.08,6.19,4.96,153.0,66.59,0.28,0.12,1.68,1.17,0.0,,,,,,P-47D-27
germ_pzkpfw_IV_ausf_F2,311.0,66.01,0.03,0.03,4.06,3.45,450.0,45.96,0.0,0.0,3.7,2.37,0.0,,,,,,Pz.IV_F2
sw_t_34_1941,304.0,91.87,0.0,0.0,4.17,2.9,121.0,25.87,0.0,0.0,4.4,2.35,0.0,,,,,,T-34
ussr_t_34_85_zis_53_v80,307.0,88.76,0.05,0.06,7.64,8.01,327.0,57.23,0.0,0.0,3.17,2.19,0.0,,,,,,"Т-34-85_""Партизан"""
ussr_t_34_85_d_5t,293.0,73.09,0.0,0.0,4.42,2.9,612.0,47.72,0.0,0.0,3.49,2.02,0.0,,,,,,T-34-85_(D-5T)
yak-3,306.0,51.0,2.59,2.64,0.19,0.16,193.0,71.54,3.58,3.89,1.14,1.3,9.0,,,,,,Yak-3
sw_sav_fm48,284.0,76.13,0.13,0.08,5.09,3.37,310.0,50.89,0.0,0.0,6.63,2.46,0.0,,,,,,SAV_20.12.48
ussr_kv_1e,298.0,73.19,0.2,0.18,6.7,6.08,297.0,58.5,0.0,0.0,6.09,4.23,0.0,,,,,,KV-1E
s_199,303.0,68.39,7.64,2.19,0.5,0.11,8.0,,,0.0,,0.0,0.0,,,,,,Sakeen
us_t58,292.0,80.16,0.01,0.01,6.04,6.32,1112.0,63.39,0.0,0.0,3.55,2.92,0.0,,,,,,T58
jp_m24_chaffee,273.0,68.12,0.19,0.1,4.66,3.51,787.0,62.32,0.0,0.0,2.48,2.31,0.0,,,,,,M24
jp_type_5_ho_ri_prototype,259.0,76.31,0.03,0.03,3.17,2.77,1280.0,58.11,0.0,0.0,2.81,2.15,6.0,100.0,0.0,0.0,2.0,2.0,Ho-Ri_Prototype
ussr_t_34_85_zis_53,263.0,74.52,0.08,0.09,3.74,4.53,416.0,45.52,0.0,0.0,3.25,1.92,2.0,,,0.0,,1.0,T-34-85
ussr_t_54_1947,271.0,46.78,0.0,0.0,3.04,2.26,378.0,50.11,0.0,0.0,1.43,1.45,30.0,,,0.0,,1.16,T-54_(1947)
la-5_type37_early,264.0,76.7,3.27,5.02,0.88,1.36,0.0,,,,,,0.0,,,,,,La-5
germ_pzkpfw_VI_ausf_h1_tiger_west,270.0,86.4,0.03,0.04,4.15,4.98,582.0,48.2,0.0,0.0,2.52,1.92,25.0,,,0.0,,0.0,Tiger_West
il-2m,260.0,84.82,1.08,1.07,4.03,3.96,30.0,,,0.0,,1.0,0.0,,,,,,IL-2M_type_3
us_t29,266.0,71.23,0.07,0.07,6.82,6.11,2658.0,57.75,0.0,0.0,3.28,2.65,0.0,,,,,,T29
germ_leopard_2a7v,255.0,62.34,0.02,0.03,2.88,4.92,1509.0,54.97,0.0,0.0,2.53,1.95,7.0,100.0,0.0,0.0,1.0,0.9,Leopard_2A7V
ussr_t_34_1942,247.0,70.3,0.02,0.04,1.97,2.78,104.0,26.92,0.0,0.0,5.23,4.97,0.0,,,,,,T-34_(1942)
us_t95e1,254.0,49.14,0.0,0.0,1.45,1.2,189.0,73.44,0.0,0.0,3.06,1.35,0.0,,,,,,T95E1
us_m24_chaffee,249.0,71.58,0.0,0.0,2.52,2.42,762.0,54.37,0.0,0.0,3.2,1.87,0.0,,,,,,M24
it_m4a4_sherman,241.0,60.75,0.04,0.05,3.48,5.35,38.0,100.0,0.0,0.0,4.93,5.61,0.0,,,,,,Sherman_V
yak-1b,234.0,86.76,3.64,3.44,0.98,0.99,128.0,100.0,6.23,,0.74,,0.0,,,,,,Yak-1B
germ_panther_II,219.0,69.92,0.01,0.01,3.67,4.27,266.0,55.55,0.0,0.0,4.02,3.01,0.0,,,,,,Panther_II
ussr_t_80uk,220.0,51.33,0.0,0.0,1.49,1.44,779.0,36.8,0.0,0.0,1.6,1.26,6.0,,,,,,T-80UK
ussr_t_80u,217.0,53.5,0.0,0.0,2.0,1.74,900.0,52.77,0.0,0.0,1.73,1.32,20.0,100.0,0.0,0.0,1.8,1.8,T-80U
us_m3a1_stuart,221.0,75.59,0.16,0.22,4.35,6.03,41.0,100.0,0.0,0.0,2.79,2.29,0.0,,,,,,M3A1_Stuart
ussr_t_34E_STZ,221.0,65.78,0.0,0.0,2.07,2.32,51.0,0.0,0.0,0.0,1.0,2.43,0.0,,,,,,T-34E_STZ
germ_pzkpfw_VI_ausf_h1_tiger_east,222.0,69.98,0.0,0.0,4.45,5.32,480.0,52.53,0.0,0.0,2.56,2.27,0.0,,,,,,Tiger_Ost
fr_amx_50_surbaisse,216.0,61.51,0.07,0.06,5.55,3.78,314.0,76.71,0.0,0.0,3.34,2.51,0.0,,,,,,AMX-50_Surbaissé
jp_type_4_chi_to_late,212.0,86.56,0.0,0.0,5.38,5.42,435.0,82.33,0.0,0.0,6.84,2.3,0.0,,,,,,Chi-To_Late
germ_pzkpfw_IV_ausf_C,207.0,80.27,0.0,0.0,4.64,9.04,27.0,,,0.0,,1.38,0.0,,,,,,Pz.IV_C
cn_ztz_96a_prot,220.0,82.31,0.02,0.02,5.32,4.2,296.0,56.17,0.0,0.0,3.12,1.82,2.0,,,,,,ZTZ96A_(P)
germ_sdkfz_9_flak37,204.0,78.84,0.46,0.51,8.95,10.75,20.0,,,0.0,,3.32,0.0,,,,,,"8,8_cm_Flak_37_Sfl."
ussr_is_4m,203.0,50.7,0.0,0.0,2.16,2.53,206.0,41.41,0.0,0.0,3.3,2.15,11.0,100.0,0.0,0.0,3.31,3.31,IS-4M
ussr_t_34_85E,215.0,96.31,0.04,0.03,8.12,8.93,259.0,67.38,0.0,0.0,5.05,4.6,0.0,,,,,,T-34-85E
f-84b,205.0,56.7,2.05,1.99,3.69,3.45,112.0,0.0,2.18,1.04,5.36,2.19,0.0,,,,,,F-84B-26
ussr_t_80b,216.0,37.68,0.0,0.0,1.33,1.4,830.0,46.97,0.0,0.0,2.11,1.61,8.0,87.5,0.0,0.0,2.38,1.75,T-80B
sw_sherman_3_4,204.0,88.28,0.0,0.0,8.04,6.29,274.0,44.29,0.0,0.0,5.16,3.13,2.0,,,,,,Sherman_III/IV
f8f1,208.0,46.18,1.37,1.02,2.09,1.55,545.0,56.17,0.34,0.34,1.09,1.13,10.0,,,0.0,,0.0,F8F-1
ussr_t_34_85_stp_s53,197.0,84.94,0.0,0.0,3.74,4.21,908.0,46.2,0.0,0.0,2.32,1.71,21.0,,,0.0,,0.0,Т-34-85_(СТП)
pyorremyrsky,203.0,43.18,1.46,1.3,0.0,0.0,114.0,77.53,1.64,1.32,2.58,2.09,31.0,0.0,3.0,2.83,0.0,0.0,VL_Pyörremyrsky
ussr_kv_1_zis_5,200.0,66.43,0.15,0.29,3.13,5.55,141.0,98.77,0.0,0.0,16.21,6.52,12.0,,,,,,KV-1_(ZiS-5)
yak-3p,209.0,49.52,1.65,1.73,0.14,0.13,378.0,64.59,2.33,2.51,0.72,0.79,0.0,,,,,,Yak-3P
it_m24_chaffee,197.0,56.34,0.0,0.0,4.35,5.38,420.0,72.94,0.0,0.0,2.39,1.93,0.0,,,,,,M24
it_breda_52_autocannone,209.0,70.86,0.32,0.49,7.01,10.39,156.0,70.65,0.0,0.0,2.95,1.85,0.0,,,,,,Breda_90/53
germ_t_34_747,193.0,67.78,0.0,0.0,4.0,3.76,60.0,50.67,0.0,0.0,2.52,2.75,0.0,,,,,,T_34_747_(r)
il_m_51,192.0,66.07,0.09,0.03,5.1,1.73,459.0,48.16,0.0,0.0,2.94,1.18,2.0,100.0,0.0,0.0,3.0,3.0,M-51
a_20g_30_ussr,194.0,89.8,0.38,0.33,8.56,6.71,0.0,,,,,,0.0,,,,,,A-20G-30
f-80a,190.0,60.16,1.52,1.58,1.59,1.6,66.0,73.61,2.13,2.29,0.0,0.37,0.0,,,,,,F-80A-5
do_217e_2,193.0,82.31,0.34,0.32,7.35,6.82,3.0,0.0,0.0,0.0,1.0,1.0,0.0,,,,,,Do_217_E-2
jp_type_4_chi_to,178.0,70.2,0.0,0.0,5.06,5.62,454.0,87.15,0.0,0.0,3.45,2.09,0.0,,,,,,Chi-To
sw_strv_122b_plus,171.0,67.83,0.0,0.0,3.38,5.9,371.0,67.72,0.0,0.0,3.5,2.04,0.0,,,,,,Strv_122B+
germ_marder_df_105,172.0,51.48,0.09,0.09,1.18,1.44,326.0,32.97,0.0,0.0,1.73,1.23,61.0,59.59,0.0,0.0,1.23,1.13,DF105
cn_t_34_85_zis_53_no215,175.0,81.67,0.05,0.06,8.32,8.78,3.0,,,0.0,,2.0,0.0,,,,,,T-34-85_No.215
sw_strv_122b_plss,172.0,61.6,0.02,0.03,2.95,4.89,149.0,46.67,0.0,0.0,4.22,2.27,0.0,,,,,,Strv_122B_PLSS
cn_type_58,173.0,89.35,0.0,0.0,4.67,4.45,98.0,73.7,0.0,0.0,3.07,3.28,0.0,,,,,,Т-34-85_Gai
germ_erprobungstrager_3_achs_turm,167.0,50.0,0.0,0.0,1.88,1.69,1649.0,41.71,0.02,0.0,3.03,1.92,0.0,,,,,,Turm_III
germ_pzkpfw_VI_ausf_b_tiger_IIh_kwk46,171.0,70.05,0.0,0.0,4.3,4.64,246.0,55.27,0.0,0.0,5.55,3.47,4.0,100.0,0.0,0.0,2.0,2.0,Tiger_II_(10.5_cm_Kw.K)
ussr_t_10m,170.0,52.69,0.0,0.0,8.75,5.58,457.0,56.29,0.0,0.0,2.29,2.23,43.0,77.78,0.0,0.0,1.89,2.5,T-10M
germ_pzkpfw_V_ausf_f_panther,177.0,77.65,0.02,0.03,5.1,3.37,324.0,39.74,0.0,0.0,3.18,2.51,0.0,,,,,,Panther_F
sw_m24_chaffee_dk,163.0,70.29,0.13,0.05,4.54,4.09,258.0,53.55,0.0,0.0,1.74,1.33,0.0,,,,,,M24DK
jp_st_a2,163.0,40.33,0.15,0.16,1.21,1.44,289.0,57.62,0.0,0.0,2.11,2.0,0.0,,,,,,ST-A2
germ_le_kpz_m41,163.0,70.43,0.0,0.0,1.34,1.1,850.0,41.08,0.0,0.0,0.99,0.82,0.0,,,,,,leKPz_M41
us_m4a2_sherman,162.0,85.22,0.0,0.0,5.28,2.56,245.0,70.54,0.0,0.0,4.36,2.62,0.0,,,,,,M4A2
me-410a-1,168.0,78.05,0.54,0.55,2.82,2.81,13.0,,,0.0,,1.15,0.0,,,,,,Me_410_A-1
uk_a30_challenger,170.0,45.62,0.47,0.67,1.85,2.84,122.0,57.62,0.0,0.0,1.97,1.91,0.0,,,,,,Challenger
germ_pzkpfw_IV_ausf_H,167.0,67.63,0.0,0.0,2.37,2.54,405.0,40.82,0.0,0.0,2.75,1.73,19.0,,,,,,Pz.IV_H
su_34,167.0,51.61,1.76,1.26,0.53,0.29,572.0,50.9,0.47,0.5,5.46,5.75,255.0,,,1.15,,1.11,Су-34
yak-9k,164.0,66.56,2.91,2.15,1.0,0.67,1006.0,63.98,0.35,0.32,2.35,1.97,16.0,,,,,,Yak-9K
me_264,168.0,94.37,0.88,0.8,6.51,6.09,0.0,,,,,,0.0,,,,,,Me_264
sw_t_34_85_zis_53,159.0,86.18,0.03,0.03,3.37,3.02,400.0,56.2,0.0,0.0,2.75,1.92,0.0,,,,,,T-34-85
ussr_t_34_1941,156.0,91.92,0.0,0.0,2.57,3.05,54.0,50.0,0.0,0.0,2.76,2.19,0.0,,,,,,T-34_(1941)
ussr_kv_1s,166.0,48.1,0.02,0.05,2.04,2.52,78.0,0.0,0.0,0.0,3.3,2.47,0.0,,,,,,KV-1S
jp_type_5_ho_ri_production,148.0,90.95,0.0,0.0,4.75,3.28,1569.0,72.15,0.0,0.0,4.95,4.07,0.0,,,,,,Ho-Ri_Production
germ_leopard_2a6,155.0,69.19,0.0,0.0,2.7,3.1,687.0,51.71,0.0,0.0,1.96,1.71,6.0,0.0,0.0,0.0,0.0,0.0,Leopard_2A6
jp_st_a1,153.0,40.0,0.18,0.17,1.5,1.57,529.0,53.26,0.0,0.0,1.96,1.64,0.0,,,,,,ST-A1
ussr_t_34_57_1943,154.0,85.36,0.06,0.05,5.29,3.56,237.0,58.66,0.0,0.0,4.35,1.99,0.0,,,,,,T-34-57_(1943)
me-410b-1,159.0,86.02,0.67,0.68,3.37,3.44,0.0,,,,,,0.0,,,,,,Me_410_B-1
germ_leopard_2k,150.0,53.38,0.0,0.0,1.34,1.89,919.0,50.44,0.03,0.01,2.79,2.2,0.0,,,,,,Leopard_2K
germ_leopard_2a4m_can_sm,154.0,62.07,0.0,0.0,2.54,3.9,1033.0,44.51,0.0,0.0,1.38,1.2,21.0,0.0,0.0,0.0,0.0,0.0,◍Leopard_2A4M
me_210ca_1_hungary,152.0,99.31,1.88,1.05,4.26,2.49,0.0,,,,,,0.0,,,,,,◔Me_210_Ca-1
ussr_t_80bvm,146.0,68.47,0.0,0.0,2.31,2.3,2729.0,51.35,0.0,0.0,2.22,1.78,0.0,,,,,,T-80BVM
germ_pzkpfw_VI_ausf_b_tiger_IIh,149.0,61.4,0.0,0.0,3.05,3.09,1610.0,49.03,0.0,0.0,2.68,2.34,0.0,,,,,,Tiger_II_(H)
ussr_kv_85,139.0,59.19,0.27,0.1,6.59,6.74,111.0,57.14,0.0,0.0,5.48,2.86,0.0,,,,,,KV-85
ussr_object_248,147.0,80.12,0.0,0.0,4.77,6.31,146.0,95.24,0.0,0.0,11.78,5.07,0.0,,,,,,Object_248
re_2001_cb,157.0,42.7,2.19,2.07,0.0,0.0,5.0,100.0,0.0,0.0,1.0,1.0,0.0,,,,,,Re.2001_CB
germ_pzkpfw_V_ausf_g_panther,153.0,60.48,0.0,0.0,1.83,2.45,351.0,18.3,0.0,0.0,2.71,1.51,0.0,,,,,,Panther_G
us_m1a1_hc_usmc,150.0,53.46,0.35,0.28,2.97,2.16,2525.0,60.22,0.0,0.0,1.87,1.65,18.0,0.0,0.0,0.0,2.38,1.81,M1A1_Click-Bait
ussr_bmpt,145.0,70.78,0.08,0.11,1.77,2.19,1375.0,48.09,0.0,0.0,1.54,1.27,8.0,100.0,0.0,0.0,1.0,1.0,БМПТ
germ_spz_oerlikon_raketenautomat,141.0,47.5,0.19,0.17,1.35,1.28,418.0,29.89,0.0,0.0,1.68,0.95,0.0,,,,,,Raketenautomat
ar_2,143.0,81.56,0.34,0.47,7.89,10.27,7.0,,,,,,0.0,,,,,,Ar-2
germ_leopard_I,140.0,47.08,0.0,0.0,2.36,2.85,1408.0,32.12,0.0,0.0,0.89,0.8,3.0,0.0,0.0,0.0,1.0,1.0,Leopard_I
ussr_t_34_100,146.0,87.01,0.0,0.0,4.87,3.05,403.0,61.25,0.0,0.0,3.99,2.98,4.0,,,0.0,,1.0,T-34-100
il_sabra_mk1,142.0,57.53,0.0,0.0,2.77,1.96,168.0,59.35,0.03,0.02,3.06,3.47,0.0,,,,,,Sabra_Mk.I
rafale_c_f3,147.0,100.0,8.93,8.93,0.78,0.78,417.0,67.83,2.22,1.69,0.24,0.19,133.0,0.0,15.0,2.54,0.0,0.0,Rafale_C_F3
sw_t_28,139.0,80.16,0.0,0.0,4.72,6.33,16.0,50.0,0.0,0.0,1.5,3.0,0.0,,,,,,T-28
us_t20,134.0,91.33,0.0,0.0,6.91,7.73,2120.0,72.9,0.0,0.0,4.45,3.69,117.0,84.26,0.0,0.0,5.02,4.53,T20
germ_flakpanzer_IV_Ostwind,138.0,69.01,1.79,2.63,1.71,1.95,234.0,41.7,1.18,1.43,1.2,1.3,0.0,,,,,,Ostwind
jp_type_5_chi_ri,131.0,71.68,0.09,0.13,1.92,2.16,436.0,47.09,0.0,0.0,3.92,2.13,0.0,,,,,,Chi-Ri_II
germ_kpz_t72m1,136.0,46.88,0.1,0.09,3.44,2.84,1193.0,47.92,0.0,0.0,1.88,1.58,40.0,27.5,0.0,0.0,1.05,1.0,◊T-72M1
il_8_1944,135.0,82.26,1.83,1.74,4.27,4.04,128.0,50.0,0.36,0.44,1.68,2.7,0.0,,,,,,IL-8_(1944)
ussr_t_80ue1_sm,127.0,56.49,0.0,0.0,1.89,1.69,1232.0,47.91,0.0,0.0,1.33,1.14,12.0,0.0,0.0,0.0,1.0,1.0,◍Т-80У-Е1
bf-109g-2,135.0,76.92,5.52,2.77,1.83,0.94,129.0,66.67,2.01,2.59,2.83,3.65,0.0,,,,,,Bf_109_G-2/trop
ussr_object_906,137.0,62.61,0.0,0.0,2.69,2.03,1239.0,56.73,0.0,0.0,2.57,1.85,120.0,69.0,0.0,0.0,3.52,2.76,Object_906
i_29,131.0,79.3,1.85,2.38,0.68,0.91,0.0,,,,,,0.0,,,,,,I-29
la-5_type39,132.0,100.0,7.61,6.44,2.35,2.08,0.0,,,,,,0.0,,,,,,La-5F
germ_mkpz_super_m48,133.0,54.3,0.0,0.0,2.35,1.67,157.0,71.13,0.0,0.0,6.57,4.27,66.0,50.0,0.0,0.0,1.76,1.66,M48_Super
bf-109f-4_usa,131.0,80.11,4.47,2.2,0.0,0.0,39.0,53.57,1.07,1.46,1.14,1.58,17.0,,,3.0,,0.0,Bf_109_F-4
jp_m36b2_jgsdf,120.0,64.0,0.22,0.28,1.57,1.84,1203.0,57.23,0.02,0.02,1.81,1.56,0.0,,,,,,M36
ussr_is_3,127.0,95.0,0.0,0.0,6.3,2.74,333.0,64.94,0.0,0.0,3.57,3.29,0.0,,,,,,IS-3
germ_vk_3002m,123.0,56.9,0.0,0.0,3.47,3.47,258.0,44.84,0.0,0.0,3.59,2.44,0.0,,,,,,VK_3002_(M)
germ_leopard_1a5,117.0,50.64,0.0,0.0,1.13,1.24,723.0,46.34,0.0,0.0,1.56,1.18,94.0,53.23,0.0,0.0,1.71,1.94,Leopard_1A5
me_210ca_1_40_mm_hungary,125.0,75.0,1.16,0.93,2.84,2.39,4.0,100.0,1.0,1.0,2.0,2.0,12.0,,,,,,◔Me_210_Ca-1_36.M
pe-2-1,121.0,81.61,0.28,0.31,3.28,4.2,0.0,,,,,,0.0,,,,,,Pe-2-1
germ_waffentrager_krupp_steyr,122.0,54.3,0.0,0.0,3.09,2.45,79.0,52.06,0.0,0.0,1.56,1.85,0.0,,,,,,Waffenträger
typhoon_mk1b,125.0,66.78,4.11,3.14,1.8,1.27,31.0,100.0,0.67,2.0,2.6,4.0,0.0,,,,,,Typhoon_Mk_Ib
f6f-5n,123.0,53.74,1.03,1.19,1.45,1.66,102.0,57.33,0.0,0.0,0.76,0.78,0.0,,,,,,F6F-5N
f4u-1c,123.0,52.99,1.64,1.83,0.23,0.28,30.0,,,1.88,,1.25,0.0,,,,,,F4U-1C
germ_panzerbefelhswagen_jagdpanther,130.0,75.83,0.11,0.19,5.36,8.09,39.0,0.0,0.0,0.0,1.82,1.48,4.0,100.0,0.0,0.0,3.0,3.0,Bfw._Jagdpanther_G1
us_m1a1_aim_abrams,118.0,58.2,0.33,0.2,2.12,1.91,877.0,56.23,0.0,0.0,2.4,1.79,1.0,,,0.0,,2.0,M1A1_AIM
ussr_t_72a,110.0,68.25,0.0,0.0,5.37,4.85,1208.0,39.95,0.0,0.0,2.32,1.82,1.0,,,,,,T-72A
ussr_t_44_100,118.0,92.86,0.0,0.0,4.42,2.03,1177.0,49.16,0.0,0.0,2.0,1.75,37.0,,,0.0,,2.51,T-44-100
us_m26_pershing,119.0,88.1,0.0,0.0,5.33,5.36,204.0,73.92,0.0,0.0,2.66,2.65,50.0,100.0,0.0,0.0,4.25,3.12,M26
su-6_m71,119.0,61.99,1.05,1.24,1.4,1.57,110.0,50.0,1.33,0.94,1.1,1.07,0.0,,,,,,Su-6_(M-71F)
jp_m44,113.0,59.65,0.32,0.24,3.16,2.69,170.0,70.0,0.0,0.0,1.39,1.13,0.0,,,,,,M44
f4u-4b,120.0,50.0,0.88,1.08,0.5,0.68,664.0,67.15,0.85,0.72,1.92,1.62,0.0,,,,,,F4U-4B
ussr_is_7,121.0,100.0,0.0,0.0,11.13,13.72,247.0,63.69,0.0,0.0,5.79,3.94,0.0,,,,,,IS-7
germ_pzkpfw_III_ausf_E,115.0,99.46,0.01,0.02,3.17,10.07,33.0,,,,,,0.0,,,,,,Pz.III_E
fw-190d-9,115.0,81.55,2.92,1.35,1.36,0.6,174.0,29.72,1.11,0.79,0.96,0.7,0.0,,,,,,Fw_190_D-9
ussr_is_1,100.0,73.81,0.01,0.02,2.44,2.91,249.0,66.02,0.0,0.0,2.69,2.02,0.0,,,,,,IS-1
ussr_kv_7_u13,117.0,76.07,0.0,0.0,3.21,4.24,127.0,58.11,0.0,0.0,4.83,4.25,0.0,,,,,,KV-7_(U-13)
germ_leopard_I_a1,107.0,49.23,0.0,0.0,1.91,1.76,1205.0,43.36,0.0,0.0,1.68,1.38,5.0,0.0,0.0,0.0,1.0,1.0,Leopard_A1A1
jp_sub_i_ii_20mm,109.0,56.16,1.4,1.73,1.03,1.33,597.0,63.88,0.69,0.55,1.15,0.89,0.0,,,,,,SUB-I-II
p-47d_30_italy,113.0,100.0,5.04,2.03,4.22,1.6,84.0,85.33,1.52,1.17,3.7,2.63,42.0,50.0,1.0,2.0,1.0,2.0,P-47D-30
ussr_t_72b,113.0,40.63,0.0,0.0,2.49,2.75,572.0,42.2,0.0,0.0,1.55,1.37,1.0,,,0.0,,1.0,T-72B
jp_m4a3e8_76w_sherman,110.0,58.12,0.16,0.14,3.05,3.5,821.0,64.99,0.0,0.0,1.85,2.71,0.0,,,,,,M4A3_(76)_W
fw-190a-5_u2,113.0,90.32,2.5,1.54,1.33,0.83,52.0,0.0,0.5,0.16,1.17,0.26,0.0,,,,,,Fw_190_A-5/U2
p-51d-20-na,114.0,82.44,3.75,2.85,2.43,1.71,164.0,60.72,0.92,0.88,1.45,1.39,20.0,,,1.5,,0.0,P-51D-20-NA
f-5c,119.0,40.0,1.6,1.1,0.0,0.0,399.0,48.23,1.57,1.75,0.71,0.8,0.0,,,,,,F-5C
germ_pzkpfw_V_ausf_a_panther,113.0,67.21,0.06,0.05,3.92,2.49,438.0,20.81,0.0,0.0,1.48,1.32,0.0,,,,,,Panther_A
jp_type_3_chi_nu_75cm_type_5,101.0,61.3,0.0,0.0,4.15,4.3,399.0,78.41,0.01,0.01,3.94,3.11,0.0,,,,,,Chi-Nu_II
xp-50,113.0,100.0,7.13,2.44,0.67,0.2,80.0,50.0,2.72,3.21,1.57,1.45,0.0,,,,,,XP-50
ussr_t_34_1941_l_11,110.0,97.04,0.0,0.0,4.44,2.11,173.0,72.22,0.0,0.0,5.11,2.1,0.0,,,,,,T-34_(1940)
yak-3u,115.0,42.35,1.81,1.81,0.0,0.0,145.0,59.63,2.69,6.08,0.57,1.36,4.0,,,,,,Yak-3U
us_m24_chaffee_tl,108.0,75.81,0.0,0.0,3.88,3.49,67.0,40.91,0.0,0.0,3.64,2.23,0.0,,,,,,M24_(TL)
us_m10,111.0,100.0,0.0,0.0,8.39,6.49,126.0,43.33,0.0,0.0,1.73,2.75,0.0,,,,,,M10_GMC
fr_lorraine_40t,107.0,75.76,0.0,0.0,6.36,3.91,368.0,65.71,0.0,0.0,2.02,2.03,59.0,69.45,0.0,0.0,1.13,0.52,Lorraine_40t
xp-55,112.0,62.35,2.84,2.11,0.59,0.45,4.0,100.0,6.0,6.0,2.0,2.0,0.0,,,,,,XP-55
us_m18_hellcat_black_cat,103.0,91.88,0.18,0.21,3.69,4.08,1015.0,77.47,0.0,0.0,2.82,2.35,0.0,,,,,,"M18_""Black_Cat"""
it_ariete_amv_pt1,112.0,85.58,0.16,0.16,4.1,4.1,66.0,50.0,0.0,0.0,3.19,2.46,0.0,,,,,,Ariete_AMV
ussr_t_72b_1989,107.0,51.0,0.0,0.0,1.83,1.94,294.0,33.65,0.0,0.0,1.43,1.09,0.0,,,,,,T-72B_(1989)
su_27sm,108.0,42.04,1.73,1.8,0.08,0.08,516.0,59.5,1.4,1.58,0.02,0.03,25.0,,,1.48,,0.0,Su-27SM
cn_vt_4b,101.0,66.0,0.0,0.0,4.35,4.32,92.0,51.28,0.0,0.0,1.98,2.98,0.0,,,,,,VT4A1
ussr_kv_2_zis_6,97.0,73.64,0.05,0.04,5.37,4.57,25.0,0.0,0.0,0.0,3.0,2.8,0.0,,,,,,KV-2_(ZiS-6)
i_225,111.0,43.7,1.7,1.67,0.0,0.0,77.0,58.93,1.93,2.66,0.32,0.48,0.0,,,,,,I-225
ussr_t_54_1951,100.0,60.12,0.0,0.0,1.68,1.72,158.0,48.82,0.0,0.0,1.58,1.36,24.0,63.04,0.0,0.0,0.91,1.09,T-54_(1951)
ussr_zsu_29k,106.0,87.0,0.15,0.2,5.02,5.9,8.0,50.0,0.0,0.0,1.0,2.0,0.0,,,,,,YaG-10_(29-K)
ussr_t_64a_1971,98.0,80.3,0.0,0.0,3.32,2.91,592.0,45.14,0.0,0.0,1.87,1.55,19.0,100.0,0.0,0.0,3.17,3.2,T-64A_(1971)
fr_amx_50,108.0,57.43,0.0,0.0,3.1,2.83,457.0,76.11,0.0,0.0,2.75,2.7,42.0,57.58,0.0,0.0,1.79,1.99,AMX-50_(TOA100)
ussr_object_435,98.0,70.23,0.0,0.0,1.72,1.76,339.0,50.59,0.0,0.0,2.13,1.42,0.0,,,,,,Object_435
ussr_t_54_1949,100.0,47.75,0.0,0.0,1.73,2.0,141.0,48.06,0.0,0.0,1.84,1.95,151.0,88.3,0.0,0.0,3.14,2.22,T-54_(1949)
us_m1a2_abrams,104.0,44.62,0.0,0.0,2.41,2.32,935.0,62.75,0.0,0.0,2.25,2.55,0.0,,,,,,M1A2_Abrams
sw_pvkv_II,101.0,84.73,0.0,0.0,4.7,4.06,105.0,50.0,0.0,0.0,3.38,3.1,0.0,,,,,,Pvkv_II
p-51d-5,102.0,56.9,0.67,0.46,1.54,1.1,62.0,37.04,0.3,0.24,0.0,0.0,0.0,,,,,,P-51D-5
sw_kv_1_1942_fin,101.0,82.33,0.0,0.0,4.29,4.06,233.0,64.46,0.0,0.0,5.23,4.58,0.0,,,,,,KV-1_m1942
f2h-2,102.0,46.76,1.11,1.46,0.42,0.55,125.0,73.33,1.74,2.46,1.44,2.15,18.0,,,,,,F2H-2
germ_sdkfz_251_9,101.0,100.0,0.0,0.0,3.96,10.74,0.0,,,,,,0.0,,,,,,Sd.Kfz.251/9
it_semovente_m41m_90,103.0,66.42,0.36,0.56,2.55,3.61,67.0,11.9,0.0,0.0,4.4,4.0,0.0,,,,,,90/53_M41M
p-51h-5_na,98.0,63.33,1.93,1.99,1.47,1.07,192.0,51.94,1.06,1.13,1.22,1.37,0.0,,,,,,P-51H-5-NA
germ_sdkfz_234_2,99.0,62.04,0.0,0.0,0.92,1.47,837.0,50.58,0.0,0.0,1.24,0.94,0.0,,,,,,Sd.Kfz.234/2
germ_pzkpfw_VI_ausf_h1_tiger_animal_version,97.0,73.66,0.14,0.23,4.46,5.25,45.0,55.0,0.0,0.0,3.73,4.77,0.0,,,,,,␠Tiger
ussr_t_55a,100.0,50.0,0.0,0.0,2.65,2.62,1261.0,49.57,0.0,0.0,2.09,1.75,1.0,,,0.0,,1.0,T-55A
mig_25pd,93.0,51.08,1.93,2.17,0.0,0.0,520.0,57.57,1.37,2.06,0.0,0.0,0.0,,,,,,МиГ-25ПД
mig_29smt_9_19,98.0,46.77,2.03,1.77,0.03,0.02,168.0,50.34,1.18,1.21,0.09,0.07,6.0,,,0.33,,0.0,MiG-29SMT
us_m36,93.0,78.5,0.0,0.0,2.16,2.31,220.0,75.43,0.0,0.0,6.68,2.14,0.0,,,,,,M36_GMC
jp_type_97_chi_ha,97.0,100.0,0.0,0.0,11.08,15.24,26.0,,,0.0,,1.0,0.0,,,,,,Chi-Ha
it_43m_turan_3,92.0,97.04,0.0,0.0,5.04,4.5,225.0,56.19,0.0,0.0,3.27,2.25,0.0,,,,,,Turan_III
la-7b-20,101.0,50.0,2.13,2.62,0.15,0.39,182.0,39.37,1.31,1.21,0.95,0.87,0.0,,,,,,La-7B-20
ussr_t_55_amd_1,88.0,63.93,0.0,0.0,1.8,2.54,583.0,41.9,0.0,0.0,1.31,1.2,7.0,,,,,,T-55AMD-1
mig_27m,94.0,51.85,0.27,0.16,0.95,0.65,31.0,,,0.0,,1.0,0.0,,,,,,MiG-27M
us_m18_hellcat_kit_3rank,97.0,100.0,0.0,0.0,4.47,3.75,228.0,67.7,0.0,0.0,2.48,1.88,0.0,,,,,,Hellcat_(Hell)
pe-3_bis,93.0,86.83,0.75,1.13,3.14,4.71,9.0,100.0,4.75,,1.0,,0.0,,,,,,Pe-3bis
jp_type_90b_camo,94.0,53.33,0.0,0.0,3.92,2.57,1745.0,52.24,0.0,0.0,2.71,1.9,28.0,0.0,0.0,0.0,1.0,0.57,"Type_90_(B)_""Fuji"""
ussr_t_44_po,94.0,100.0,0.0,0.0,4.35,4.73,127.0,80.67,0.0,0.0,7.37,2.93,0.0,,,,,,Т-44(ПМ)
germ_pzkpfw_IV_ausf_G,93.0,53.33,0.0,0.0,2.95,3.82,127.0,13.17,0.0,0.0,2.05,2.22,0.0,,,,,,Pz.IV_G
jp_type_75,89.0,29.48,0.38,0.56,0.28,0.46,480.0,50.62,0.17,0.15,1.56,1.23,0.0,,,,,,Type_75_SPH
er-2_m105_mv3,94.0,88.24,0.0,0.0,2.0,1.03,23.0,0.0,0.0,0.0,0.0,0.0,0.0,,,,,,Yer-2_(M-105)
cn_ztz_88b,93.0,60.15,0.0,0.0,2.69,2.08,209.0,60.16,0.0,0.0,1.88,1.63,2.0,100.0,0.0,0.0,2.0,2.0,ZTZ88B
mc-202_ec,92.0,0.0,6.13,2.2,0.0,0.0,4.0,,,,,,0.0,,,,,,C._202EC
germ_hummel,91.0,100.0,0.0,0.0,3.33,2.92,17.0,25.76,0.0,0.0,1.45,1.79,0.0,,,,,,Hummel
mc-205_serie1,91.0,50.0,1.5,1.05,0.0,0.0,0.0,,,,,,0.0,,,,,,C._205_serie_1
uk_a17_mk_1_tetrarch,90.0,87.64,0.0,0.0,4.15,2.92,48.0,40.0,0.0,0.0,0.63,0.43,0.0,,,,,,Tetrarch_I
ussr_bt_5,92.0,100.0,0.0,0.0,8.7,8.24,251.0,36.79,0.0,0.0,5.05,2.24,0.0,,,,,,BT-5
sm_92,89.0,94.74,1.05,0.96,6.84,2.93,7.0,,,,,,0.0,,,,,,SM.92
fr_amx_m4,92.0,60.75,0.04,0.04,1.85,2.55,533.0,55.73,0.0,0.0,2.38,1.87,34.0,,,0.0,,0.37,AMX_M4
ussr_is_2_1944,85.0,71.33,0.0,0.0,2.83,3.64,504.0,53.9,0.0,0.0,3.33,2.68,0.0,,,,,,IS-2_(1944)
rafale_m_f3r,93.0,100.0,6.15,8.05,0.28,0.3,135.0,59.46,1.55,2.79,0.22,0.43,15.0,,,2.0,,0.0,Rafale_M_F3-R
sw_strv_122,87.0,60.27,0.0,0.0,2.4,2.92,250.0,70.02,0.0,0.0,3.68,2.44,3.0,,,0.0,,0.0,Strv_122A
ussr_kv_8,84.0,86.54,0.0,0.0,3.32,3.63,4.0,100.0,0.0,0.0,4.0,4.0,0.0,,,,,,КВ-8
us_xm_803,97.0,99.07,0.0,0.0,6.51,3.99,1243.0,60.76,0.0,0.0,2.3,2.14,0.0,,,,,,XM803
uk_a_34_comet,89.0,54.6,0.52,1.59,1.47,4.53,61.0,2.38,0.0,0.0,2.21,1.68,0.0,,,,,,Comet_I
bf_110g_4,88.0,94.62,1.4,1.11,3.76,3.27,9.0,14.29,0.0,0.0,0.14,0.14,0.0,,,,,,Bf_110_G-4
mig_29m_9_15,84.0,43.75,2.84,1.94,0.0,0.0,612.0,49.16,0.74,0.72,0.32,0.31,37.0,,,0.0,,0.0,МиГ-29М_(9-15)
ta-152h-1,85.0,40.86,1.41,2.03,0.0,0.0,12.0,,,,,,0.0,,,,,,Ta_152_H-1
us_xm246,85.0,84.48,0.2,0.56,1.97,3.02,1170.0,58.01,0.21,0.17,1.7,1.47,0.0,,,,,,XM246
us_m1a2_sep3_abrams,84.0,88.46,0.0,0.0,5.04,7.84,1314.0,57.02,0.0,0.0,2.61,2.45,1.0,0.0,0.0,0.0,1.0,1.0,M1A2_SEPv3
it_pzkpfw_IV_ausf_G,84.0,98.39,0.0,0.0,5.01,4.94,112.0,91.39,0.0,0.0,2.76,2.31,0.0,,,,,,Pz.IV_G
ki_43_3_otsu,88.0,54.9,6.09,4.94,0.22,0.31,365.0,62.89,0.64,0.94,1.57,2.11,0.0,,,,,,Ki-43-III_otsu
germ_jgdpz_IV_L48,77.0,0.0,0.0,0.0,15.5,4.11,77.0,100.0,0.0,0.0,7.12,3.75,0.0,,,,,,Jagdpanzer_IV
germ_pzkpfw_III_ausf_M,87.0,67.33,0.0,0.0,3.65,5.13,73.0,44.44,0.0,0.0,3.07,3.3,0.0,,,,,,Pz.III_M
us_m55,84.0,77.78,0.0,0.0,4.55,4.38,56.0,83.33,0.0,0.0,1.37,1.1,0.0,,,,,,M55
ussr_su_122_54,79.0,49.68,0.0,0.0,1.4,1.1,185.0,49.29,0.0,0.0,2.78,1.56,0.0,,,,,,SU-122-54
us_m8_scott,83.0,67.9,0.12,0.19,3.16,4.49,0.0,,,,,,0.0,,,,,,M8_HMC
us_t1e1_90,84.0,75.36,0.09,0.08,3.56,2.91,87.0,50.0,0.0,0.0,6.29,3.2,0.0,,,,,,T1E1_(90)
ussr_object_279,86.0,80.84,0.0,0.0,7.16,7.13,80.0,86.11,0.0,0.0,6.38,3.31,5.0,,,0.0,,1.0,Object_279
re_2001_serie1,85.0,36.42,2.56,2.7,0.32,0.45,0.0,,,,,,0.0,,,,,,Re.2001_serie_1
us_m36b2,79.0,100.0,0.0,0.0,3.04,3.1,185.0,66.55,0.0,0.0,1.51,1.32,0.0,,,,,,M36B2
la-7_dolgushin,83.0,56.0,3.0,5.56,0.64,0.17,87.0,56.09,3.11,5.02,2.53,3.78,9.0,,,,,,Dolgushin's_La-7
uk_sherman_ic_firefly,80.0,53.23,0.0,0.0,2.87,3.9,64.0,41.18,0.0,0.0,3.85,2.55,0.0,,,,,,"Sherman_IC_""Trzyniec"""
ussr_is_2_1944_321,75.0,100.0,0.0,0.0,4.61,4.61,84.0,100.0,0.0,0.0,7.69,3.84,0.0,,,,,,IS-2_No.321
f_6c_pakistan,76.0,54.63,3.29,2.77,0.07,0.05,64.0,100.0,2.43,4.16,0.32,0.56,0.0,,,,,,F-6C
uk_centurion_mk_1,87.0,92.86,0.0,0.0,3.76,3.81,371.0,53.99,0.0,0.0,3.24,2.85,0.0,,,,,,Centurion_Mk_1
mig_3_series_1_15,78.0,100.0,4.48,3.21,1.27,0.8,5.0,100.0,5.0,,0.0,,0.0,,,,,,MiG-3-15
ussr_kv_220,77.0,70.84,0.0,0.0,4.4,3.95,363.0,78.71,0.0,0.0,7.15,6.37,0.0,,,,,,KV-220
us_m4a5_ram_2,76.0,48.67,0.0,0.0,2.88,2.75,10.0,50.0,0.0,0.0,1.0,1.0,0.0,,,,,,M4A5
spitfire_mk5c,82.0,60.19,2.6,2.26,0.33,0.32,27.0,100.0,3.21,0.25,0.16,0.0,0.0,,,,,,Spitfire_Mk_Vc/trop
us_xm1_gm,82.0,21.84,0.0,0.0,1.32,1.11,1176.0,62.95,0.0,0.0,3.65,2.72,0.0,,,,,,XM1_(GM)
fr_sk105_a2,76.0,91.4,0.0,0.0,6.53,4.33,279.0,59.15,0.0,0.0,2.48,2.04,0.0,,,,,,SK-105A2
su_22m4,80.0,50.0,0.4,0.4,1.57,1.81,0.0,,,,,,0.0,,,,,,◊Su-22M4
re_2001_cn,79.0,100.0,3.64,2.12,1.13,0.66,9.0,100.0,1.0,1.0,2.56,2.56,0.0,,,,,,Re.2001_CN
ussr_su_100p,73.0,93.33,0.0,0.0,3.33,2.79,349.0,68.36,0.0,0.0,4.11,1.81,0.0,,,,,,SU-100P
ussr_pzkpfw_V,81.0,100.0,0.06,0.04,6.38,4.72,110.0,11.43,0.0,0.0,4.58,2.76,0.0,,,,,,T-V
us_m4_sherman,78.0,100.0,0.0,0.0,6.25,5.58,126.0,,,0.0,,4.2,0.0,,,,,,M4
us_halftrack_m13,79.0,61.29,0.85,2.3,0.3,0.87,1.0,,,,,,0.0,,,,,,M13_MGMC
germ_pzkpfw_IV_ausf_J,81.0,58.88,0.0,0.0,1.73,3.54,105.0,36.21,0.0,0.0,3.19,1.74,8.0,,,0.0,,0.0,Pz.IV_J
cn_t_34_85_d_5t,76.0,100.0,0.0,0.0,4.84,3.97,125.0,38.69,0.0,0.0,2.59,2.24,0.0,,,,,,Т-34-85_(S-53)_(China)
jp_type_5_na_to,73.0,50.32,0.0,0.0,2.51,3.59,76.0,40.0,0.0,0.0,2.22,2.18,0.0,,,,,,Na-To
ussr_is_2_1943,71.0,0.0,0.0,0.0,3.44,4.38,519.0,43.23,0.0,0.0,2.17,1.54,0.0,,,,,,IS-2
us_m4a2_76w_sherman,75.0,0.0,0.0,0.0,3.25,1.88,546.0,49.51,0.0,0.0,2.92,2.4,0.0,,,,,,M4A2_(76)_W
sm_91,74.0,67.36,0.88,1.06,0.84,1.0,10.0,,,,,,0.0,,,,,,SM.91
germ_pzkpfw_VI_ausf_b_tiger_IIh_sla,72.0,61.91,0.0,0.0,4.1,3.57,630.0,53.25,0.0,0.0,5.0,3.63,4.0,100.0,0.0,0.0,2.0,2.0,Tiger_II_(H)_Sla.16
hellcat_fmk1,72.0,96.2,3.69,3.33,6.02,5.66,0.0,,,,,,72.0,66.67,0.3,0.28,2.3,2.39,Hellcat_Mk_II
us_m1a2_sep_abrams,71.0,45.83,0.0,0.0,1.43,3.19,885.0,53.51,0.0,0.0,1.95,1.67,0.0,,,,,,M1A2_SEP
sw_pzkpfw_IV_ausf_J,74.0,90.63,0.0,0.0,4.46,4.46,110.0,3.92,0.0,0.0,3.14,1.41,0.0,,,,,,Pz.IV
ussr_zsu_57_2,73.0,100.0,0.0,0.0,3.72,2.04,973.0,44.13,0.05,0.01,1.56,1.19,47.0,81.25,0.0,0.0,0.9,1.0,ZSU-57-2
uk_shir_2,74.0,62.78,0.0,0.0,5.27,5.68,309.0,59.71,0.0,0.0,5.05,3.84,0.0,,,,,,FV4030/3
us_m26e1_pershing,73.0,100.0,0.31,0.33,14.52,11.61,600.0,72.61,0.0,0.0,4.75,4.06,0.0,,,,,,M26E1
lagg-3-23,71.0,100.0,11.25,3.91,0.0,0.16,0.0,,,,,,0.0,,,,,,LaGG-3-23
it_c1_ariete_certezza,75.0,50.0,0.0,0.0,2.59,2.0,285.0,62.24,0.0,0.0,3.26,2.07,0.0,,,,,,Ariete_Сertezza
mig_29_9_13,72.0,46.24,0.87,0.87,0.0,0.0,121.0,44.87,1.24,1.56,0.14,0.15,0.0,,,,,,MiG-29
b_239_finland,70.0,50.0,1.13,1.06,0.0,0.0,4.0,,,,,,0.0,,,,,,B-239
yak-1_early,69.0,99.31,4.9,4.85,1.04,1.04,30.0,100.0,0.71,1.0,1.0,1.0,0.0,,,,,,Yak-1
j_8b,68.0,86.54,3.72,2.27,0.0,0.0,66.0,94.32,4.7,6.78,0.0,0.0,0.0,,,,,,J-8B
uk_sherman_vc_firefly,70.0,50.0,0.0,0.0,2.34,3.94,142.0,34.23,0.0,0.0,2.04,1.65,0.0,,,,,,Sherman_Firefly
us_m1a2_sep2_abrams,71.0,68.18,0.0,0.0,2.68,1.44,1189.0,52.22,0.0,0.0,1.96,1.77,0.0,,,,,,M1A2_SEP_V2
ju-87d-3_italy,69.0,66.67,0.3,0.3,2.01,2.01,0.0,,,,,,0.0,,,,,,Ju_87_D-3
ussr_isu_152,71.0,78.22,0.09,0.06,2.26,3.46,25.0,,,0.0,,2.28,0.0,,,,,,ISU-152
yak-9,65.0,100.0,4.88,7.73,0.32,0.55,59.0,74.0,3.44,5.85,0.26,1.0,0.0,,,,,,Yak-9
jp_type_3_chi_nu,64.0,87.88,0.0,0.0,8.24,4.78,110.0,96.11,0.0,0.0,3.01,2.74,0.0,,,,,,Chi-Nu
yak-9p,72.0,48.74,1.14,1.7,0.0,0.37,0.0,,,,,,0.0,,,,,,Yak-9P
yak_2_kabb,67.0,100.0,1.95,1.95,5.09,5.09,0.0,,,,,,25.0,100.0,1.0,1.0,2.0,1.8,Yak-2_KABB
germ_flakpanzer_IV_Wirbelwind,70.0,51.59,2.33,2.85,0.61,0.88,270.0,36.94,2.51,1.75,0.19,0.11,0.0,,,,,,Wirbelwind
fr_m26_pershing,71.0,56.99,0.11,0.11,2.56,3.55,192.0,59.05,0.0,0.0,3.67,4.03,5.0,,,0.0,,0.0,M26
germ_pz_IV_L70_A,67.0,97.44,0.25,0.24,2.0,1.77,35.0,,,0.0,,1.0,0.0,,,,,,Panzer_IV/70(A)
cn_t_34_1942,67.0,80.83,0.06,0.05,3.51,3.18,72.0,61.11,0.0,0.0,2.14,2.6,0.0,,,,,,T-34_(1943)_(China)
fw-190a-5,70.0,34.41,1.78,1.76,0.24,0.13,0.0,,,,,,0.0,,,,,,Fw_190_A-5/U12
ussr_t_62m1,64.0,57.69,0.0,0.0,4.18,2.86,486.0,49.3,0.0,0.0,2.02,1.39,5.0,,,,,,T-62M-1
il_zsu_57_2,67.0,24.19,0.0,0.0,1.29,1.45,114.0,38.33,0.0,0.0,1.27,0.79,0.0,,,,,,ZSU-57-2_(Israel)
f3d_1,71.0,42.5,0.43,0.6,0.26,0.26,77.0,91.67,0.25,0.13,2.5,1.97,18.0,,,0.0,,1.0,F3D-1
us_m2a4_1st_armor_div,64.0,86.11,0.0,0.0,3.67,3.62,4.0,,,0.0,,3.0,0.0,,,,,,M2A4_(1st_Arm.Div.)
germ_panzerbefelhswagen_IV_ausf_J,63.0,77.24,0.0,0.0,3.85,4.97,208.0,42.05,0.0,0.0,2.4,1.92,0.0,,,,,,Pz.Bfw.IV
su_33,70.0,50.0,1.45,1.29,0.43,0.38,1057.0,52.04,1.19,1.29,0.06,0.06,0.0,,,,,,Су-33
j_7d,62.0,51.92,2.32,2.66,0.02,0.04,567.0,61.7,1.91,2.52,0.34,0.46,0.0,,,,,,J-7D
jp_navy_120mm_spg,61.0,100.0,0.0,0.0,11.0,2.62,85.0,86.29,0.0,0.0,3.6,2.79,0.0,,,,,,Chi-Ha_LG
germ_panzerjager_nashorn,64.0,25.93,0.0,0.0,1.81,1.81,29.0,0.0,0.0,0.0,1.93,1.58,0.0,,,,,,Nashorn
germ_pz_IV_L70,67.0,0.0,0.0,0.0,1.4,0.78,252.0,42.39,0.0,0.0,1.61,1.5,18.0,,,,,,Panzer_IV/70(V)
uk_a_33_excelsior,60.0,100.0,0.0,0.0,5.77,9.56,96.0,92.31,0.0,0.0,9.31,8.31,0.0,,,,,,Excelsior
us_m26_t99,70.0,94.05,0.19,0.18,8.54,6.2,174.0,51.45,0.0,0.0,3.74,2.66,0.0,,,,,,M26_T99
firefly_mk1,67.0,100.0,2.23,1.96,5.23,2.84,21.0,,,0.62,,0.0,0.0,,,,,,Firefly_F_Mk_I
il_mim_72_chaparral,65.0,37.63,1.14,2.18,0.37,0.73,16.0,50.0,1.0,1.08,0.0,0.0,0.0,,,,,,Imp.Chaparral_(Israel)
ussr_su_85m,64.0,50.0,0.0,0.0,0.5,4.2,8.0,,,0.0,,3.88,0.0,,,,,,SU-85M
us_m901_itv,70.0,33.33,0.0,0.0,1.0,0.8,111.0,57.53,0.0,0.0,1.45,1.28,0.0,,,,,,M901
uk_m3_stuart,62.0,30.3,0.0,0.0,0.27,0.45,0.0,,,,,,0.0,,,,,,Stuart_I
lagg-3-8,61.0,93.33,5.81,4.82,0.24,0.22,0.0,,,,,,0.0,,,,,,LaGG-3-8
germ_kv_1_kwk_40,62.0,68.97,0.0,0.0,5.26,4.75,307.0,46.78,0.0,0.0,4.76,3.52,7.0,0.0,0.0,0.0,1.0,1.0,KW_I_C_756_(r)
il_magach_5,66.0,50.0,0.0,0.0,2.25,2.0,52.0,100.0,0.0,0.0,5.5,2.09,0.0,,,,,,Magach_5
sw_kungstiger,60.0,66.67,0.0,0.0,8.63,8.63,83.0,68.57,0.0,0.0,4.49,3.66,4.0,,,0.0,,2.0,Kungstiger
f_15c_golden_eagle,64.0,50.0,3.15,3.04,0.04,0.02,854.0,59.36,1.62,1.92,0.08,0.09,41.0,,,1.21,,0.0,F-15C_Golden_Eagle
sw_bt_42,64.0,88.71,0.0,0.0,2.39,4.38,37.0,50.0,0.0,0.0,1.88,2.48,0.0,,,,,,BT-42
germ_jgdpz_38t,58.0,100.0,0.0,0.0,10.82,4.35,12.0,0.0,0.0,,3.0,,0.0,,,,,,Jagdpanzer_38(t)
fa_18e_block_2,64.0,50.0,2.18,2.18,0.05,0.03,566.0,57.57,1.08,1.28,0.23,0.26,40.0,0.0,3.0,1.3,0.0,0.0,F/A-18E
douglas_ad_2,67.0,100.0,3.35,2.35,5.15,1.98,95.0,48.39,0.48,0.49,0.9,0.87,0.0,,,,,,AD-2
us_m6a1,62.0,50.0,0.0,0.0,3.53,3.51,110.0,50.0,0.0,0.0,2.29,2.22,0.0,,,,,,M6A1
yak-9u,62.0,86.56,6.11,5.65,0.92,0.71,68.0,100.0,2.17,2.09,0.44,0.42,0.0,,,,,,Yak-9U
ussr_t_44,60.0,48.57,0.0,0.0,1.21,2.44,244.0,39.91,0.0,0.0,3.42,2.11,40.0,45.83,0.0,0.0,0.54,1.1,T-44
us_t26e5,63.0,51.28,0.15,0.23,2.06,3.04,1314.0,58.04,0.0,0.0,2.88,2.72,0.0,,,,,,T26E5
us_m3_stuart,63.0,31.82,0.0,0.0,2.05,2.56,62.0,,,0.0,,1.51,0.0,,,,,,M3_Stuart
il_aml_90,60.0,50.0,0.0,0.0,1.0,1.79,93.0,50.0,0.0,0.0,0.82,1.26,0.0,,,,,,AML-90_(Israel)
pe-2-83,61.0,100.0,0.0,0.0,3.69,4.9,18.0,100.0,0.0,0.0,1.0,0.75,0.0,,,,,,Pe-2-83
jp_m47_patton_II,59.0,50.0,0.0,0.0,1.54,2.88,342.0,57.87,0.0,0.0,1.84,1.5,0.0,,,,,,M47
cn_m36,58.0,86.42,0.0,0.0,3.05,2.71,1.0,,,0.0,,2.0,0.0,,,,,,M36_GMC_(China)
spitfire_mk5c_notrop,60.0,60.87,3.13,2.06,0.0,0.0,16.0,100.0,0.25,0.25,1.25,1.25,0.0,,,,,,Spitfire_Mk_Vc
uk_a27m_cromwell_5,58.0,87.1,0.0,0.0,4.4,5.1,216.0,55.91,0.0,0.0,3.03,2.55,0.0,,,,,,Cromwell_V
la-9,58.0,53.94,1.64,1.74,0.44,0.45,153.0,41.76,0.56,0.72,0.21,0.37,0.0,,,,,,La-9
b7a2_homare_23,59.0,100.0,0.9,0.59,3.8,3.15,76.0,100.0,1.14,1.17,2.38,2.5,0.0,,,,,,B7A2_(Homare_23)
ki_61_1a_otsu_china,51.0,93.19,2.55,2.86,0.4,0.46,0.0,,,,,,51.0,95.65,0.98,1.0,3.87,3.7,Ki-61-I_otsu_(China)
fr_m36b2_cefeo,60.0,67.74,0.0,0.0,1.32,1.76,203.0,47.85,0.0,0.0,2.44,1.24,0.0,,,,,,M36B2
it_2s1,57.0,100.0,0.0,0.0,1.0,0.59,45.0,3.7,0.0,0.0,1.15,0.82,0.0,,,,,,◔2S1
ussr_2s19_m1,60.0,83.33,0.67,0.21,1.22,1.96,144.0,40.74,0.0,0.0,0.92,0.54,24.0,100.0,0.0,0.0,1.0,0.2,2С19М1
ussr_t_34_1941_cast_turret,58.0,97.5,0.0,0.0,2.61,3.75,48.0,93.75,0.0,0.0,1.28,1.41,0.0,,,,,,T-34_(1st_Gv.T.Br.)
us_m44,59.0,54.76,0.0,0.0,2.5,3.35,114.0,14.03,0.0,0.0,2.72,0.68,0.0,,,,,,M44
fa_18c_late,59.0,47.92,1.15,1.03,0.0,0.0,167.0,53.79,1.28,1.59,0.22,0.26,12.0,,,2.5,,1.5,F/A-18C_Late
ussr_asu_85,56.0,51.33,0.0,0.0,0.93,1.44,175.0,28.57,0.0,0.0,2.38,1.38,0.0,,,,,,ASU-85
su_30sm2,59.0,94.74,9.74,6.98,0.0,0.0,1530.0,53.61,1.11,1.24,0.61,0.65,409.0,100.0,6.95,1.28,0.98,0.48,Су-30СМ2
us_m3_lee,53.0,66.67,0.2,0.2,3.5,4.2,38.0,50.0,0.0,0.0,2.33,1.76,0.0,,,,,,M3_Lee
germ_begleitpanzer_57,60.0,76.19,0.52,0.26,3.02,1.9,1125.0,49.1,0.2,0.15,1.26,0.96,16.0,25.0,0.0,0.0,0.75,1.0,Begleitpanzer_57
us_m60a1,61.0,0.0,0.0,0.0,1.4,0.71,460.0,54.93,0.0,0.0,1.89,1.42,3.0,100.0,0.0,0.0,1.0,1.0,M60A1_(AOS)
fr_amx_30_b2_brenus,53.0,50.0,0.0,0.0,2.95,3.24,114.0,80.56,0.0,0.0,3.77,3.39,0.0,,,,,,AMX-30B2_BRENUS
us_m1a2_sep2_abrams_trophy,61.0,82.95,0.0,0.0,3.24,3.88,1337.0,58.41,0.0,0.0,2.45,2.03,1.0,,,,,,M1A2_(Trophy-HV)
ussr_object_120,58.0,66.07,0.0,0.0,2.27,1.5,70.0,50.53,0.0,0.0,4.36,5.68,10.0,,,,,,Object_120
germ_pzh_2000,62.0,59.09,0.36,0.11,2.44,0.85,689.0,33.54,0.01,0.0,0.78,0.63,0.0,,,,,,PzH_2000
spitfire_f22,60.0,85.0,2.17,2.21,3.3,3.37,6.0,100.0,1.0,2.0,2.0,4.0,0.0,,,,,,Spitfire_F_Mk_22
f-5e_switzerland,57.0,50.0,2.38,1.49,1.0,0.49,20.0,0.0,1.0,1.0,2.0,1.7,0.0,,,,,,◌F-5E
ussr_bt_7_1937,59.0,100.0,0.0,0.0,4.94,2.37,113.0,45.49,0.0,0.0,3.15,3.81,0.0,,,,,,BT-7
fr_amx_30_b2,54.0,50.0,0.0,0.0,1.8,2.7,230.0,51.29,0.0,0.0,1.44,1.4,0.0,,,,,,AMX-30B2
f_16c_block_52_aesa,57.0,46.77,1.47,1.62,0.24,0.22,313.0,47.91,0.86,0.76,1.4,1.27,6.0,,,0.0,,0.0,F-16CM_PoBIT
spitfire_xvi,60.0,47.06,4.18,2.33,1.35,0.69,9.0,,,1.0,,0.0,0.0,,,,,,Spitfire_F_Mk_XVI
saab_b3c,54.0,100.0,2.03,1.69,31.23,26.15,0.0,,,,,,0.0,,,,,,B3C
spitfire_f24,60.0,79.56,2.54,2.62,3.1,3.14,226.0,63.8,1.34,2.08,1.24,1.87,0.0,,,,,,Spitfire_F_Mk_24
b_25j_30_vvs_ussr,56.0,100.0,0.1,0.1,5.03,3.98,53.0,50.0,0.47,0.28,1.0,0.71,0.0,,,,,,B-25J-30
yak-9m,59.0,100.0,8.37,7.79,0.06,0.09,0.0,,,,,,0.0,,,,,,Golovachev's_Yak-9M
il_merkava_mk_2b_early,55.0,0.0,0.0,0.0,2.94,1.96,47.0,98.86,0.0,0.0,4.23,3.35,0.0,,,,,,Merkava_Mk.2B
f_15c_msip2,56.0,39.58,2.02,2.71,0.0,0.0,396.0,56.2,1.25,1.75,0.1,0.17,66.0,,,1.45,,0.0,F-15C_MSIP_II
su_25t,54.0,56.52,0.86,1.0,3.92,3.68,177.0,70.52,0.42,0.37,3.63,2.63,34.0,,,1.0,,0.0,Su-25T
p-39n_su,54.0,72.92,4.24,7.09,0.38,0.0,30.0,0.0,1.0,1.21,1.0,0.74,0.0,,,,,,Pokryshkin's_P-39N-0
f-82e,57.0,100.0,1.6,1.12,2.0,0.4,135.0,53.94,0.36,0.43,0.54,0.6,0.0,,,,,,F-82E
he_112b_0,54.0,100.0,2.82,1.53,0.0,0.0,4.0,,,0.0,,0.0,0.0,,,,,,He_112_B-0
f_14a_iriaf,54.0,95.16,6.34,6.34,0.08,0.08,561.0,53.53,1.29,2.09,0.09,0.15,27.0,,,0.95,,0.0,F-14A_IRIAF
ussr_m53_59,50.0,45.0,1.91,3.68,0.44,0.9,387.0,37.13,1.13,0.41,0.49,0.26,0.0,,,,,,M53/59
cn_ztz_96a,54.0,66.13,0.0,0.0,2.03,3.3,99.0,50.0,0.0,0.0,1.73,1.8,0.0,,,,,,ZTZ96A
us_t26e4_superpershing,54.0,61.54,0.0,0.0,2.32,3.37,512.0,57.48,0.0,0.0,2.71,2.85,0.0,,,,,,T26E1-1
us_m2a4,52.0,100.0,0.0,0.0,3.43,3.0,52.0,63.04,0.0,0.0,2.7,2.3,0.0,,,,,,M2A4
germ_kv_2_754r,54.0,52.5,0.53,0.98,4.28,8.13,16.0,,,0.0,,1.0,0.0,,,,,,KW_II_754_(r)
germ_sturmpanzer_IV_brummbar,52.0,65.0,0.0,0.0,2.46,1.99,10.0,0.0,0.0,0.0,2.0,2.0,0.0,,,,,,Brummbär
germ_stug_III_ausf_G,51.0,,,,,,183.0,5.86,0.0,0.0,6.92,2.7,0.0,,,,,,StuG_III_G
jf_17,53.0,88.89,2.67,1.74,0.77,0.85,154.0,50.87,1.44,2.03,0.38,0.54,0.0,,,,,,JF-17
spitfire_mk14e,55.0,50.0,2.0,2.16,0.0,0.0,17.0,100.0,1.57,,0.0,,0.0,,,,,,Spitfire_F_Mk_XIVe
sw_t_72m1,50.0,66.67,0.0,0.0,2.0,3.0,353.0,52.11,0.0,0.0,2.77,2.18,0.0,,,,,,T-72M1
il_namer_rcws_30,54.0,17.95,0.0,0.0,0.57,0.88,214.0,61.88,0.01,0.01,0.83,0.76,0.0,,,,,,Namer_30
yak-3_eremin,53.0,90.63,6.34,7.16,1.06,1.06,11.0,50.0,1.41,2.82,0.0,0.0,28.0,,,2.0,,0.0,Eremin's_Yak-3(e)
vb_10c1,48.0,100.0,12.14,9.02,0.0,0.0,31.0,100.0,1.3,0.92,1.9,1.83,0.0,,,,,,VB.10C-1
it_m15_42_contraereo,54.0,22.73,4.41,6.38,0.98,1.0,289.0,51.28,1.99,1.33,0.43,0.32,0.0,,,,,,M42_Contraereo
ussr_t_64_b_1984,54.0,25.0,0.0,0.0,1.87,1.98,557.0,39.87,0.0,0.0,1.55,1.38,0.0,,,,,,T-64B
germ_nbfz_VI,52.0,100.0,0.0,0.0,4.87,8.07,0.0,,,,,,0.0,,,,,,Nb.Fz.
uk_a_13_mk2,52.0,87.1,0.0,0.0,3.14,4.29,11.0,,,0.0,,2.4,0.0,,,,,,A13_Mk_II
fr_amx_elc_bis,51.0,53.23,0.0,0.0,1.05,1.19,304.0,59.59,0.0,0.0,2.29,2.68,12.0,0.0,0.0,0.0,0.0,0.0,ELC_bis
p-61a_1,53.0,48.15,1.0,1.33,0.0,0.0,0.0,,,,,,26.0,100.0,1.0,1.0,4.0,4.0,P-61A-11
btd-1,51.0,0.0,0.0,0.0,1.92,1.05,34.0,50.0,0.0,0.0,1.0,1.19,4.0,,,0.0,,0.0,BTD-1
it_m36b1,47.0,93.48,0.11,0.11,2.52,2.52,53.0,54.86,0.0,0.0,2.77,1.78,0.0,,,,,,M36B1
j_7e,47.0,40.38,2.27,2.33,0.0,0.0,11.0,0.0,4.2,4.2,0.0,0.0,0.0,,,,,,J-7E
ussr_t_90a,49.0,50.0,0.0,0.0,2.33,1.85,688.0,43.95,0.0,0.0,1.36,1.22,10.0,100.0,0.0,0.0,2.33,0.88,Т-90А
spitfire_ix_early,49.0,58.82,3.76,4.59,1.17,1.76,34.0,,,0.33,,2.67,11.0,,,0.0,,0.0,Spitfire_F_Mk_IX
germ_m109g,50.0,16.13,0.0,0.0,1.02,1.4,108.0,12.35,0.0,0.0,0.29,0.31,0.0,,,,,,M109G
jp_st_b1,49.0,100.0,0.0,0.0,1.63,1.15,414.0,63.49,0.0,0.0,2.13,1.62,0.0,,,,,,STB-2
bf_109t_2,48.0,100.0,3.9,3.9,3.21,3.21,0.0,,,,,,0.0,,,,,,Bf_109_T-2
mig-21_smt,49.0,16.67,1.08,0.73,0.0,0.0,292.0,47.25,1.49,1.73,0.08,0.1,11.0,,,1.22,,0.0,MiG-21SMT
bf-109f-4_hungary,49.0,52.94,6.12,9.66,0.82,1.39,196.0,94.78,1.3,0.91,2.94,1.92,0.0,,,,,,◐Bf_109_F-4
mig_23ml,50.0,,,1.57,,0.0,890.0,53.99,1.5,1.68,0.11,0.12,57.0,,,1.74,,0.0,MiG-23ML
uk_centurion_mk_3,50.0,50.0,0.0,0.0,1.2,2.4,93.0,40.0,0.0,0.0,1.64,1.44,2.0,,,0.0,,1.0,Centurion_Mk_3
spitfire_mk5b_italy,48.0,0.0,5.04,5.04,0.0,0.0,64.0,72.84,1.97,3.35,1.34,2.65,19.0,0.0,2.0,,0.0,,Spitfire_Mk_Vb/trop
us_m4a3e8_76w_sherman,45.0,59.81,0.0,0.0,1.9,4.4,536.0,55.88,0.0,0.0,2.11,2.02,0.0,,,,,,M4A3_(76)_W
f_16c_block_50,48.0,39.58,1.56,1.79,0.0,0.0,581.0,46.77,1.12,0.99,0.39,0.37,220.0,0.0,6.21,1.3,0.29,0.07,F-16C
uk_fv438_swingfire,47.0,38.89,0.0,0.0,0.61,0.67,64.0,4.21,0.0,0.0,0.68,0.9,0.0,,,,,,Swingfire
tis_ma,51.0,85.9,0.64,0.67,6.23,6.43,291.0,82.32,0.74,0.66,7.93,6.61,89.0,100.0,0.9,1.04,6.97,8.06,TIS_MA
p-63a-10_ussr,47.0,100.0,1.26,0.66,3.65,2.34,74.0,90.48,0.29,0.25,3.57,2.37,34.0,,,,,,P-63A-10
it_as_42_47,46.0,65.79,0.0,0.0,2.87,2.6,20.0,,,0.0,,2.0,0.0,,,,,,AS_42/47
p-51b,51.0,54.9,3.58,4.03,0.29,0.35,71.0,51.85,1.31,1.06,0.8,0.59,88.0,27.5,7.65,5.85,0.08,0.04,Mustang_Mk_IA
f7f1,48.0,,,0.9,,1.58,26.0,100.0,2.0,2.0,2.0,2.0,0.0,,,,,,F7F-1
uk_fv4202,49.0,,,0.0,,4.0,46.0,1.85,0.0,0.0,1.17,1.0,0.0,,,,,,FV4202
il_merkava_mk_3b,49.0,50.0,0.0,0.0,2.23,2.63,263.0,72.61,0.0,0.0,2.66,2.79,0.0,,,,,,Merkava_Mk.3B
fw-190a-5_cannons,46.0,100.0,2.5,2.77,1.0,0.42,25.0,,,,,,0.0,,,,,,Fw_190_A-5
p-51_mk1a_usaaf,47.0,100.0,4.0,2.98,1.0,0.15,68.0,83.87,3.32,3.89,0.26,0.32,0.0,,,,,,P-51
germ_thyssen_henschel_tam_2c,46.0,91.18,0.0,0.0,2.09,0.71,233.0,44.1,0.0,0.0,2.1,1.75,51.0,20.83,0.0,0.0,0.72,0.7,TAM_2C
cn_m4a1_76w_sherman,47.0,81.48,0.07,0.07,2.65,2.09,36.0,,,0.0,,1.89,0.0,,,,,,M4A1_(75)_W_(China)
cn_ztz_96,47.0,57.14,0.0,0.0,2.31,2.65,355.0,58.02,0.0,0.0,3.23,3.12,4.0,,,0.0,,1.0,ZTZ96
wm_23,47.0,45.45,2.23,2.85,1.45,1.74,0.0,,,,,,0.0,,,,,,◔WM-23
sw_strv_m40l,46.0,100.0,0.0,0.0,2.65,2.96,32.0,,,0.0,,0.68,0.0,,,,,,Strv_m/40L
ffvs_j22_b,44.0,81.25,1.69,1.21,0.0,0.0,0.0,,,,,,0.0,,,,,,J22-B
ussr_object_268,46.0,20.59,0.0,0.0,1.18,2.18,112.0,41.16,0.0,0.0,2.14,2.84,0.0,,,,,,Object_268
sw_pt_76b,45.0,51.59,0.0,0.0,0.97,1.3,137.0,26.44,0.0,0.0,0.48,0.41,0.0,,,,,,PT-76
sw_leopard_2a6nl,44.0,50.0,0.0,0.0,2.18,4.36,74.0,12.5,0.0,0.0,4.06,2.4,0.0,,,,,,Leopard_2A6
c_3604,43.0,92.31,1.98,2.06,3.62,3.85,8.0,0.0,1.0,0.83,4.0,2.0,0.0,,,,,,◌С-3604
p-61c_1,45.0,,,1.26,,2.0,66.0,36.15,1.15,1.65,0.3,0.52,0.0,,,,,,P-61C-1
uk_charioteer_mk_7,46.0,100.0,0.0,0.0,2.16,1.92,170.0,52.38,0.0,0.0,3.31,2.1,0.0,,,,,,Charioteer_Mk_VII
it_of_40_mtca,46.0,71.43,0.0,0.0,3.86,1.69,776.0,61.16,0.0,0.0,4.35,3.28,12.0,50.0,0.0,0.0,1.0,2.0,OF-40_(MTCA)
bf_110g_4_hungary,43.0,81.48,0.8,0.83,3.48,3.59,95.0,71.78,0.29,0.4,1.84,2.34,0.0,,,,,,◐Bf_110_G-4
su_30mkk,42.0,94.44,5.29,3.89,1.22,1.11,1915.0,60.78,1.36,1.65,0.38,0.46,136.0,100.0,6.0,0.88,1.0,0.18,Su-30MKK_(China)
it_m26a1_pershing,45.0,60.0,0.0,0.0,3.38,3.58,66.0,35.56,0.0,0.0,1.52,1.36,13.0,,,0.0,,0.0,M26A1
typhoon_mk1b_late,45.0,10.71,4.43,5.59,0.36,0.22,163.0,47.03,0.86,1.41,1.68,2.68,6.0,,,1.0,,1.0,Typhoon_Mk_Ib/L
ussr_t_62,39.0,33.33,0.0,0.0,2.29,2.51,162.0,59.09,0.0,0.0,2.2,2.13,0.0,,,,,,T-62
fr_arl_44,42.0,100.0,0.0,0.0,2.0,1.2,258.0,47.86,0.0,0.0,2.54,1.54,0.0,,,,,,ARL-44
ussr_t_35,41.0,100.0,0.0,0.0,7.7,5.45,0.0,,,,,,0.0,,,,,,T-35
jp_type_2_ho_ni_2,45.0,100.0,0.0,0.0,3.64,2.93,0.0,,,,,,0.0,,,,,,Ho-Ni_II
f8f1b,41.0,77.78,1.3,1.48,2.37,2.23,604.0,78.63,0.65,0.57,2.2,1.94,0.0,,,,,,F8F-1B
germ_sdkfz_222,46.0,100.0,0.0,0.0,4.18,2.3,68.0,100.0,0.0,0.0,3.76,1.88,0.0,,,,,,Sd.Kfz.222
fw-190a-1,43.0,50.0,2.83,4.75,0.43,0.69,51.0,100.0,1.0,1.0,2.0,2.0,0.0,,,,,,Fw_190_A-1
fr_m10,44.0,100.0,0.0,0.0,4.73,4.1,149.0,55.0,0.0,0.0,2.29,1.58,0.0,,,,,,M10_GMC
il_merkava_mk_1,40.0,76.19,0.0,0.0,1.74,1.79,123.0,60.6,0.0,0.0,2.41,3.52,0.0,,,,,,Merkava_Mk.1
su_17m4,42.0,50.0,0.65,1.23,1.02,1.87,13.0,,,0.0,,1.0,52.0,100.0,1.0,0.81,1.27,1.41,Su-17M4
uk_challenger_1,44.0,50.0,0.0,0.0,1.57,1.32,148.0,13.23,0.0,0.0,4.8,2.52,4.0,,,0.0,,0.0,Challenger_Mk.2
germ_flakpanzer_IV_Kugelblitz,42.0,0.0,0.13,0.13,0.0,0.0,285.0,47.97,1.05,1.05,0.7,0.71,0.0,,,,,,Kugelblitz
cn_wz_1001,40.0,,,0.0,,1.74,98.0,66.32,0.0,0.0,3.44,1.94,0.0,,,,,,WZ1001(E)_LCT
pe-2-205,41.0,89.29,0.11,0.11,3.75,3.82,0.0,,,,,,0.0,,,,,,Pe-2-205
fr_amx_13_90,39.0,96.88,0.0,0.0,2.84,1.92,165.0,75.56,0.0,0.0,3.83,2.58,0.0,,,,,,AMX-13-90
uk_chieftain_900,40.0,54.76,0.0,0.0,1.26,1.52,122.0,55.43,0.0,0.0,1.72,1.8,0.0,,,,,,Chieftain_900
p-40e_ussr,38.0,100.0,4.59,4.07,1.36,1.18,0.0,,,,,,0.0,,,,,,P-40E-1
uk_churchill_na75,40.0,100.0,0.0,0.0,2.13,4.0,20.0,100.0,0.0,0.0,4.0,4.13,0.0,,,,,,Churchill_NA75
uk_conqueror_mk_2,42.0,50.0,0.0,0.0,2.36,4.0,97.0,72.5,0.0,0.0,3.87,2.74,10.0,50.0,0.0,0.0,2.5,3.67,Conqueror
fr_amd_35_sa35,38.0,100.0,0.0,0.0,3.0,2.9,0.0,,,,,,0.0,,,,,,AMD.35_(SA35)
ussr_t_80ud,41.0,78.79,0.0,0.0,3.85,4.75,2005.0,48.56,0.0,0.0,1.99,1.56,0.0,,,,,,T-80UD
mig_29kr_9_41r,43.0,50.0,1.6,2.5,0.11,0.11,98.0,65.91,1.52,1.21,0.07,0.06,2.0,,,2.0,,0.0,МиГ-29КР_(9-41Р)
mig_29_9_12,43.0,23.68,1.16,1.05,0.0,0.0,34.0,50.0,0.79,1.06,0.0,0.0,17.0,,,,,,МиГ-29_(9-12)
germ_flakpanzer_IV_Ostwind_2,38.0,0.0,1.0,1.0,0.0,0.0,181.0,11.56,0.43,0.34,0.06,0.02,8.0,7.14,0.93,1.0,0.0,0.0,Ostwind_II
it_pzkpfw_VI_ausf_e_tiger,40.0,100.0,0.0,0.0,19.25,6.58,254.0,67.27,0.0,0.0,6.02,4.7,4.0,100.0,0.0,0.0,5.0,5.0,Tigris
germ_leopard_2a5_pso,40.0,71.88,0.0,0.0,2.44,4.0,888.0,45.77,0.0,0.0,1.6,1.45,1.0,,,0.0,,0.0,Leopard_2_PSO
f-4s,35.0,100.0,5.29,2.29,0.0,0.0,1040.0,51.82,1.17,1.32,0.15,0.21,26.0,,,1.77,,0.0,F-4S_Phantom_II
mig_23mla,40.0,50.0,1.76,2.0,0.0,0.0,175.0,51.39,1.12,1.4,0.19,0.23,0.0,,,,,,◊MiG-23MLA
i-16_type27,39.0,100.0,3.76,2.9,0.0,0.0,0.0,,,,,,0.0,,,,,,I-16_type_27
us_m4a1_76w_sherman,38.0,50.0,0.0,0.0,2.5,4.13,321.0,51.75,0.0,0.0,3.72,2.78,0.0,,,,,,M4A1_(76)_W
p-51d-20_china,40.0,100.0,1.91,1.23,0.27,0.65,59.0,100.0,0.0,0.37,2.0,1.04,0.0,,,,,,P-51D-20_(China)
it_stug_III_ausf_G,39.0,97.1,0.0,0.0,2.04,1.8,71.0,35.26,0.0,0.0,1.87,2.08,0.0,,,,,,StuG_III_G
p-51d-20-na_j26,37.0,43.65,0.92,1.54,0.33,0.61,23.0,33.33,0.3,0.3,0.3,0.3,0.0,,,,,,J26
us_t34,41.0,90.63,0.0,0.0,0.97,1.32,865.0,56.45,0.0,0.0,2.23,1.7,13.0,,,0.0,,1.0,T34
su_27,36.0,51.11,0.5,0.5,0.0,0.0,483.0,57.64,1.4,1.63,0.09,0.09,9.0,,,0.0,,0.0,Su-27
pe-3,38.0,100.0,1.52,1.52,6.84,6.84,0.0,,,,,,0.0,,,,,,Pe-3
sea_fury_fb11,42.0,75.0,1.84,2.24,2.06,2.62,2.0,100.0,0.0,0.0,0.0,0.0,21.0,,,1.0,,0.0,Sea_Fury_FB_11
thunderbolt_mk1,38.0,100.0,1.54,1.54,3.85,3.85,39.0,100.0,0.0,0.0,2.0,1.76,0.0,,,,,,Thunderbolt_Mk.1
cn_ztz_99_w,38.0,100.0,0.0,0.0,3.19,2.95,133.0,44.62,0.0,0.0,1.54,1.31,0.0,,,,,,ZTZ99-III
us_m4a3e2_76w_sherman_jumbo,37.0,93.33,0.06,0.1,6.8,7.2,343.0,60.15,0.0,0.0,6.62,4.55,0.0,,,,,,M4A3E2_(76)_W
ussr_9a33bm3,40.0,50.0,2.0,4.0,0.0,0.0,94.0,35.76,0.76,0.94,0.0,0.0,0.0,,,,,,Оса-АКМ
it_oto_r3_t20_fa,37.0,33.33,1.0,1.0,0.67,0.86,151.0,31.75,0.26,0.11,0.68,0.21,0.0,,,,,,R3_T20_FA-HS
uk_challenger_2_tes,40.0,50.0,0.0,0.0,1.43,1.85,60.0,50.0,0.0,0.0,2.27,2.28,0.0,,,,,,Challenger_2_TES
ussr_is_6,39.0,41.07,0.0,0.0,2.95,3.07,199.0,58.22,0.0,0.0,3.31,2.56,18.0,,,0.0,,1.0,IS-6
ussr_bmp_3,38.0,100.0,0.0,0.0,2.6,1.88,906.0,40.46,0.0,0.0,0.99,0.9,10.0,,,0.0,,0.0,BMP-3
ussr_t_34E,39.0,93.75,0.0,0.0,2.13,2.4,95.0,100.0,0.0,0.0,6.29,3.48,0.0,,,,,,T-34E
us_m1_ip_abrams,37.0,50.0,0.0,0.0,0.96,1.61,696.0,63.59,0.0,0.0,3.81,3.42,0.0,,,,,,IPM1
p-51d-30_usaaf_korea,40.0,,,0.48,,0.89,86.0,58.1,1.49,2.17,0.61,0.67,0.0,,,,,,P-51D-30
us_stingray,38.0,100.0,0.0,0.0,1.0,1.0,666.0,46.43,0.0,0.0,1.78,1.46,0.0,,,,,,Stingray
cn_ztz_88a,35.0,64.17,0.0,0.0,1.92,2.61,108.0,78.21,0.0,0.0,3.62,4.09,16.0,100.0,0.0,0.0,3.0,1.94,ZTZ88A
germ_panzerjager_tiger,38.0,0.0,0.0,0.0,2.72,2.3,372.0,34.25,0.0,0.0,2.61,2.11,0.0,,,,,,Jagdtiger
us_m46_patton,40.0,87.5,0.0,0.0,4.63,2.93,309.0,58.21,0.0,0.0,1.99,1.85,0.0,,,,,,M46
jp_type_99,35.0,50.0,0.0,0.0,1.0,1.42,317.0,66.64,0.0,0.0,1.35,1.11,0.0,,,,,,Type_99
ussr_su_85_1943,35.0,100.0,0.0,0.0,2.03,2.2,2.0,,,0.0,,1.0,0.0,,,,,,SU-85
f4u-4,36.0,100.0,2.6,1.02,0.4,0.56,93.0,100.0,1.73,1.05,2.55,1.44,0.0,,,,,,F4U-4
mig-21_f13,38.0,50.0,3.5,2.3,0.0,0.0,174.0,46.45,1.17,1.41,0.0,0.0,0.0,,,,,,MiG-21F-13
us_m60a2,38.0,,,0.0,,1.0,62.0,87.72,0.0,0.0,2.17,2.19,3.0,0.0,0.0,0.0,1.0,1.0,M60A2
ussr_it_1,39.0,42.5,0.0,0.0,0.69,1.18,198.0,49.08,0.0,0.0,2.04,1.42,4.0,,,0.0,,1.0,IT-1
us_mk1_grant,32.0,66.67,0.3,0.5,3.3,5.0,44.0,50.0,0.0,0.0,0.88,1.28,0.0,,,,,,Grant_I
germ_pzkpfw_Maus,33.0,89.13,0.0,0.0,9.43,9.0,512.0,41.48,0.01,0.01,7.06,4.51,0.0,,,,,,Maus
sw_ikv_91_105,34.0,50.0,0.0,0.0,1.15,1.15,167.0,59.25,0.0,0.0,0.42,0.4,15.0,50.0,0.0,0.0,1.0,1.63,Ikv_91-105
bf-109g-6,37.0,0.0,4.73,4.41,0.41,0.41,53.0,91.67,9.38,7.5,1.88,2.0,0.0,,,,,,Bf_109_G-6
mc-202_d,36.0,100.0,3.0,2.44,1.0,0.44,0.0,,,,,,0.0,,,,,,C._202D
us_t1e1,35.0,100.0,0.0,0.0,2.48,2.58,143.0,59.65,0.0,0.0,2.81,1.94,0.0,,,,,,T1E1
he-162a-2,37.0,,,0.95,,0.0,219.0,51.96,2.24,2.84,0.57,0.74,0.0,,,,,,He_162_A-2
us_adats_bradley,38.0,64.29,0.64,0.64,0.64,0.64,345.0,49.27,0.97,0.52,0.24,0.17,0.0,,,,,,ADATS
tu-2_postwar_late,37.0,69.23,0.0,0.0,0.77,0.32,133.0,100.0,0.22,0.25,6.15,4.0,7.0,100.0,0.0,,2.0,,Tu-2S-59
germ_pzkpfw_II_ausf_H,35.0,75.0,0.3,0.5,9.66,19.21,64.0,,,0.0,,1.57,0.0,,,,,,Pz.II_H
it_leopard_2a7_hungary,37.0,60.78,0.0,0.0,3.24,5.43,82.0,77.44,0.0,0.0,6.1,5.61,0.0,,,,,,Leopard_2A7HU
jp_type_97_chi_ha_12cm,35.0,100.0,0.0,0.0,7.73,4.8,0.0,,,,,,0.0,,,,,,Chi-Ha_Short_Gun
us_m6a2e1,36.0,96.49,0.0,0.0,5.4,5.0,34.0,100.0,0.0,0.0,5.93,5.28,0.0,,,,,,M6A2E1
cn_t_80ud_478be,35.0,98.39,0.0,0.0,2.74,2.81,40.0,50.0,0.0,0.0,1.79,1.15,0.0,,,,,,T-80UD/BE
spitfire_mk5b_notrop,35.0,100.0,2.18,4.09,0.55,1.0,0.0,,,,,,0.0,,,,,,Spitfire_Mk_Vb
il_merkava_mk_3c,38.0,60.0,0.0,0.0,2.63,2.63,144.0,44.64,0.0,0.0,2.83,2.16,2.0,0.0,0.0,0.0,1.0,1.0,Merkava_Mk.3C
il_merkava_mk_2d,34.0,44.79,0.0,0.0,1.91,2.65,291.0,44.05,0.0,0.0,4.2,2.66,0.0,,,,,,Merkava_Mk.2D
ta-152c,34.0,50.0,1.69,1.98,0.0,0.0,22.0,,,1.88,,0.88,0.0,,,,,,Ta_152_C-3
spitfiremkii,37.0,,,4.17,,0.0,12.0,,,,,,0.0,,,,,,Spitfire_Mk_IIb
us_m4a3e2_sherman_jumbo,35.0,70.51,0.29,0.58,1.72,2.23,256.0,49.54,0.0,0.0,5.34,1.89,0.0,,,,,,M4A3E2
cn_m41_a3_walker_bulldog,32.0,92.75,0.0,0.0,3.04,2.98,48.0,7.69,0.0,0.0,3.12,2.24,0.0,,,,,,M41A3_(China)
cn_m18_hellcat,32.0,95.83,0.0,0.0,2.59,2.59,106.0,55.94,0.0,0.0,2.71,2.57,0.0,,,,,,M18_GMC_(China)
j6k1,34.0,93.75,5.56,4.95,0.44,0.36,143.0,56.33,3.52,3.9,1.2,1.33,7.0,,,,,,J6K1
cn_ztz_99,34.0,100.0,0.0,0.0,2.74,2.61,174.0,45.59,0.0,0.0,2.03,1.4,0.0,,,,,,ZTZ99-II
fr_amx_30_auf_1,36.0,,,0.79,,1.0,14.0,,,0.0,,1.0,0.0,,,,,,AuF1
j7w1,36.0,,,1.63,,0.0,497.0,76.29,0.89,0.69,2.81,2.16,0.0,,,,,,J7W1
f-84g_thailand,34.0,,,0.23,,0.04,0.0,,,,,,0.0,,,,,,F-84G-21-RE
p-47d_22_re_france,32.0,100.0,1.27,0.38,10.55,4.35,32.0,54.17,0.0,0.0,0.25,0.57,0.0,,,,,,P-47D-22-RE
sw_strv_m31,32.0,100.0,0.0,0.0,4.05,4.04,0.0,,,,,,0.0,,,,,,Strv_m/31
sw_strv_104,32.0,31.25,0.0,0.0,2.44,2.17,174.0,47.47,0.0,0.0,1.37,1.69,0.0,,,,,,Strv_104
f-5e,32.0,100.0,1.92,1.81,0.0,0.0,129.0,50.96,1.16,2.4,0.89,1.79,16.0,50.0,1.0,1.0,3.0,3.0,F-5E
mig_23mld,33.0,41.4,0.77,1.32,0.0,0.0,243.0,57.05,2.36,5.01,0.0,0.0,47.0,,,1.42,,0.0,MiG-23MLD
ussr_pt_76b,34.0,,,0.0,,2.13,486.0,47.24,0.0,0.0,1.41,0.84,0.0,,,,,,PT-76B
mig_23m,33.0,41.67,0.92,1.39,0.0,0.0,94.0,52.87,0.79,1.04,0.0,0.0,0.0,,,,,,MiG-23M
hurricane_mk1_late_finland,31.0,5.36,1.05,1.05,0.0,0.0,0.0,,,,,,0.0,,,,,,Hurricane_Mk_I/L
germ_kv_1B_finland,31.0,100.0,0.0,,5.0,,254.0,54.24,0.0,0.0,7.03,3.91,0.0,,,,,,KV-IB
sb_2m_105,33.0,66.67,0.33,0.43,3.31,4.38,0.0,,,,,,0.0,,,,,,SB_2M-105
mb_157,29.0,66.67,12.33,8.88,0.17,0.13,10.0,,,,,,0.0,,,,,,M.B.157
germ_stug_III_ausf_F,31.0,100.0,0.0,0.0,8.0,7.43,100.0,40.67,0.0,0.0,2.8,4.38,0.0,,,,,,StuG_III_F
pe-2-31,32.0,100.0,0.02,0.03,2.89,3.36,0.0,,,,,,0.0,,,,,,Pe-2-31
ussr_m4a2_76w_sherman,33.0,70.0,0.0,0.0,4.5,4.76,144.0,59.41,0.0,0.0,4.32,5.1,0.0,,,,,,M4A2
it_m18_hellcat,30.0,100.0,0.0,0.0,1.6,1.55,262.0,62.28,0.0,0.0,4.05,2.35,0.0,,,,,,M18
go229_v3,34.0,50.0,1.36,1.74,0.0,0.0,158.0,67.28,0.95,1.36,3.3,4.87,0.0,,,,,,Ho_229_V3
uk_challenger_mk_3,34.0,47.62,0.0,0.0,1.39,1.33,71.0,57.25,0.0,0.0,2.37,2.21,11.0,50.0,0.0,0.0,0.5,1.0,Challenger_Mk.3
f-8e,31.0,100.0,1.33,1.24,0.0,0.0,33.0,50.0,1.0,2.0,0.0,0.0,4.0,,,3.0,,0.0,F-8E
fr_panhard_ebr_1963,32.0,50.0,0.0,0.0,1.0,1.0,298.0,52.68,0.0,0.0,2.76,2.15,0.0,,,,,,E.B.R._(1963)
yak-4,30.0,100.0,0.5,0.41,5.72,5.41,0.0,,,,,,0.0,,,,,,Yak-4
su_25,31.0,52.17,0.57,1.0,2.04,3.68,347.0,53.83,0.67,0.57,1.96,1.68,17.0,,,,,,Su-25
il_2_m82,31.0,100.0,1.0,1.0,1.25,1.19,0.0,,,,,,0.0,,,,,,IL-2_M-82
p_108b_serie1,33.0,,,0.0,,3.82,0.0,,,,,,0.0,,,,,,P.108B_serie_1
mig_29_9_12_germany,33.0,50.0,2.0,2.0,0.0,0.0,80.0,42.86,1.03,0.87,0.17,0.06,28.0,,,1.65,,0.0,◊MiG-29
jp_type_74_mod_g_kai,33.0,70.0,0.0,0.0,2.95,2.95,150.0,52.63,0.0,0.0,2.88,1.73,0.0,,,,,,Type_74_(G)
uk_sherman_II,31.0,100.0,0.0,0.0,2.56,2.09,14.0,58.33,0.0,0.0,3.25,4.78,0.0,,,,,,Sherman_II
su_24m,31.0,0.0,1.0,1.0,1.24,1.38,152.0,62.85,0.37,0.49,1.25,1.38,31.0,,,,,,Су-24М
it_p_26_40,31.0,93.48,0.0,0.0,3.35,3.43,25.0,100.0,0.0,0.0,10.0,4.41,0.0,,,,,,"P40_""G.C._Leoncello"""
ussr_9a35_m2,31.0,35.71,0.79,,0.0,,56.0,20.0,2.05,1.34,0.0,0.0,0.0,,,,,,Strela-10M2
p-51c-10_france,31.0,,,,,,0.0,,,,,,9.0,,,,,,F-6C-10-NA
bf-109g-6_erla_finland,32.0,50.0,1.14,1.52,0.0,0.0,10.0,,,,,,0.0,,,,,,Bf_109_G-6_Erla
us_m103,30.0,50.0,0.0,0.0,0.63,1.25,80.0,39.83,0.0,0.0,2.78,2.09,12.0,100.0,0.0,0.0,1.0,1.0,M103
ussr_type_65_aa,31.0,100.0,0.0,,0.0,,0.0,,,,,,0.0,,,,,,Phòng_không_T-34
la_174,23.0,68.26,4.9,8.13,0.33,0.53,2.0,,,,,,0.0,,,,,,La-174
b7a2,34.0,50.0,1.45,2.68,3.7,6.93,6.0,100.0,2.0,,5.33,,0.0,,,,,,B7A2
pby-5a_ussr,32.0,100.0,0.59,1.0,5.0,5.0,0.0,,,,,,0.0,,,,,,PBY-5A_Catalina
it_sherman_VII,30.0,100.0,0.0,0.0,1.0,5.7,16.0,100.0,0.0,0.0,3.25,3.25,0.0,,,,,,M4_Tipo_IC
germ_leopard_2a4,30.0,100.0,0.0,0.0,3.62,3.5,1138.0,50.42,0.0,0.0,1.59,1.35,94.0,34.08,0.0,0.0,1.04,1.44,Leopard_2A4
p-51d-10,30.0,100.0,0.52,0.65,1.24,1.3,20.0,50.0,1.06,2.12,0.18,0.35,0.0,,,,,,P-51D-10
cn_type_59d,29.0,,,0.0,,2.24,155.0,33.55,0.0,0.0,2.57,1.74,0.0,,,,,,ZTZ59D1
firefly_mk4_netherlands,30.0,100.0,2.5,1.9,0.83,0.86,40.0,100.0,0.9,0.9,2.63,2.63,0.0,,,,,,◘Firefly_F.Mk.IV
p-400,31.0,100.0,2.39,2.04,0.35,0.17,68.0,0.0,1.76,1.3,1.1,0.38,0.0,,,,,,P-400
uk_challenger_1_mk_3_gulf,32.0,59.52,0.0,0.0,1.68,1.85,486.0,55.7,0.0,0.0,3.1,2.33,0.0,,,,,,Challenger_DS
lancaster_mk1,33.0,100.0,0.35,0.35,4.53,4.53,0.0,,,,,,0.0,,,,,,Lancaster_B_Mk_I
mc-202_italy,32.0,55.56,2.43,3.11,0.33,0.33,0.0,,,,,,0.0,,,,,,C._202
f-4j,28.0,100.0,1.17,1.12,0.0,0.0,376.0,46.93,1.54,1.39,0.09,0.09,0.0,,,,,,F-4J_Phantom_II
tempest_mkv,32.0,68.34,1.4,2.3,1.32,2.1,0.0,,,,,,0.0,,,,,,Tempest_Mk_V
spitfire_mk14c,29.0,,,4.59,,0.0,13.0,,,,,,0.0,,,,,,Spitfire_F_Mk_XIVc
jh_7,28.0,58.33,0.58,1.0,0.58,0.35,0.0,,,,,,0.0,,,,,,JH-7
d4y2,30.0,,,0.0,,4.0,0.0,,,,,,0.0,,,,,,D4Y2
germ_m44,30.0,68.52,0.0,0.0,1.94,2.67,97.0,0.0,0.0,0.0,3.0,1.37,0.0,,,,,,M44
jp_m42_duster,27.0,22.91,0.79,1.0,0.23,0.46,468.0,54.07,0.19,0.14,0.85,0.66,0.0,,,,,,M42
a6m2_mod11,32.0,43.18,1.95,3.57,0.0,0.0,40.0,100.0,0.55,0.36,0.0,0.0,0.0,,,,,,A6M2_mod._11
jaguar_is,31.0,50.0,1.0,1.0,0.0,0.0,20.0,50.0,0.0,0.0,0.5,1.0,0.0,,,,,,Jaguar_IS
germ_sdkfz_251_21,30.0,50.0,1.0,0.79,0.0,0.0,241.0,32.32,1.72,0.99,0.87,0.51,0.0,,,,,,Sd.Kfz.251/21
il_amx_13_75,28.0,50.0,0.0,0.0,0.0,0.0,57.0,0.0,0.0,0.0,2.5,0.85,23.0,100.0,0.0,0.0,3.0,1.67,AMX-13_(Israel)
bb-1,29.0,100.0,2.53,2.53,4.88,4.88,117.0,61.59,1.12,1.36,3.98,5.83,0.0,,,,,,BB-1
mb_326k,24.0,62.22,4.23,3.72,2.83,4.17,167.0,53.13,0.88,1.32,1.24,1.84,0.0,,,,,,MB-326K
morko_morane,26.0,100.0,12.47,11.43,0.0,0.0,35.0,32.14,0.93,1.5,0.32,0.64,0.0,,,,,,Mörkö-Morane
cn_cm_34,26.0,100.0,0.0,0.0,3.0,1.5,87.0,67.83,0.0,0.0,2.27,2.12,4.0,,,0.0,,1.0,CM34
ussr_bt_7_m,27.0,100.0,0.0,0.0,4.5,3.33,36.0,0.0,0.0,0.0,4.33,3.24,16.0,,,,,,BT-7M
uk_a_13_mk1,31.0,,,0.0,,3.83,0.0,,,,,,0.0,,,,,,A13_Mk_I
us_t14,28.0,,,,,,376.0,56.51,0.0,0.0,6.34,4.58,0.0,,,,,,T14
yak_130_early,25.0,88.89,4.43,1.27,17.57,2.59,740.0,50.35,0.15,0.14,2.06,2.01,5.0,,,0.0,,0.0,Як-130
us_m1a1_abrams,26.0,50.0,0.0,0.0,1.0,1.25,860.0,57.59,0.0,0.0,2.18,1.99,0.0,,,,,,M1A1
sw_t_55m,27.0,0.0,0.0,0.0,2.0,1.82,182.0,54.02,0.0,0.0,1.52,1.89,0.0,,,,,,T-55M
a6m2_zero_usa,30.0,0.0,3.22,2.93,0.0,0.0,4.0,,,,,,0.0,,,,,,A6M2
yak-38m,26.0,30.0,1.47,1.4,0.13,0.06,5.0,,,0.0,,0.0,0.0,,,,,,Yak-38M
ussr_bmp_1,26.0,100.0,0.0,0.0,0.0,0.59,480.0,51.91,0.0,0.0,0.85,0.73,0.0,,,,,,BMP-1
il_centurion_mk_5_shot,28.0,,,,,,77.0,65.05,0.0,0.0,1.71,2.27,0.0,,,,,,Sho't
ussr_t_44_122,27.0,66.67,0.3,0.5,2.9,4.33,115.0,72.85,0.0,0.0,3.68,3.07,3.0,,,0.0,,0.0,T-44-122
p-47d_16_re_germany,26.0,100.0,5.38,5.19,1.0,1.0,2.0,,,0.0,,0.0,0.0,,,,,,P-47D-16-RE
hunter_f58_switzerland,29.0,55.0,4.8,5.27,0.0,0.0,670.0,64.25,1.11,1.45,1.04,1.33,0.0,,,,,,◌Hunter_F.58
us_m4a3e2_sherman_jumbo_cobra_king,24.0,50.0,0.0,0.0,2.67,2.67,115.0,66.67,0.0,0.0,3.42,2.48,0.0,,,,,,Cobra_King
su-2_mv5,29.0,100.0,2.0,1.0,3.33,1.5,0.0,,,,,,0.0,,,,,,Su-2_MV-5
cn_ptz_89,25.0,85.71,0.0,0.0,2.71,2.39,80.0,91.94,0.0,0.0,3.02,2.03,0.0,,,,,,PTZ89
us_lav_ad,26.0,50.0,1.7,3.4,0.5,1.0,712.0,52.2,0.4,0.34,0.6,0.51,0.0,,,,,,LAV-AD
germ_leopard_a1a1_120,28.0,100.0,0.0,0.0,2.24,2.24,231.0,62.58,0.0,0.0,4.35,2.2,31.0,96.43,0.0,0.0,1.57,1.29,Leopard_A1A1_(L/44)
a6m6c,27.0,100.0,2.0,1.93,0.0,0.0,91.0,38.71,2.77,2.23,1.73,1.53,0.0,,,,,,A6M6c
mc200_serie3_italy,27.0,100.0,3.22,2.87,0.0,0.0,0.0,,,,,,0.0,,,,,,C._200_serie_3
z_1007_bis_serie5,29.0,100.0,0.0,0.0,1.17,1.3,0.0,,,,,,0.0,,,,,,Z.1007_bis_serie_5
germ_raketenjagdpanzer_2_hot,24.0,50.0,0.0,0.0,1.5,1.0,38.0,40.91,0.0,0.0,0.86,1.27,0.0,,,,,,RakJPz_2_(HOT)
ussr_t_90m_2020,24.0,44.44,0.0,0.0,1.43,1.0,905.0,51.22,0.0,0.0,1.96,1.68,6.0,100.0,0.0,0.0,0.17,0.17,T-90M
germ_marder_1a3,24.0,50.0,0.0,0.0,0.37,0.73,338.0,36.86,0.08,0.08,1.16,1.14,0.0,,,,,,Marder_1A3
ju-88a-1,25.0,100.0,0.0,0.0,9.09,7.28,0.0,,,,,,0.0,,,,,,Ju_88_A-1
firefly_mk5,25.0,100.0,1.54,1.54,8.04,8.04,17.0,100.0,0.0,0.0,1.0,1.0,0.0,,,,,,Firefly_FR_Mk_V
germ_pzkpfw_III_ausf_N,27.0,100.0,0.0,0.0,9.8,4.9,92.0,45.65,0.0,0.0,5.82,4.22,0.0,,,,,,Pz.III_N
fr_leopard_1a5be,28.0,,,0.0,,3.0,214.0,56.64,0.0,0.0,1.16,1.16,15.0,,,0.0,,0.13,Leopard_1A5BE
spitfire_mk5b,25.0,100.0,2.91,5.8,0.27,0.6,11.0,100.0,1.0,1.0,0.0,0.0,0.0,,,,,,Spitfire_Mk_Vb/trop
il_machbet,25.0,9.09,1.82,1.45,0.0,0.0,117.0,46.88,0.59,0.89,0.0,0.0,0.0,,,,,,Machbet
uk_m44,26.0,62.5,0.0,0.0,1.48,1.81,30.0,50.0,0.0,0.0,0.5,1.0,0.0,,,,,,M44
sb2c_5_thailand,25.0,,,0.22,,1.0,306.0,71.25,1.05,1.24,3.76,5.39,0.0,,,,,,SB2C-5
ussr_kv_1_L_11,20.0,88.89,0.1,0.1,4.57,2.9,86.0,92.31,0.0,0.0,6.98,3.3,0.0,,,,,,KV-1_(L-11)
uk_vickers_mbt_mk_1,23.0,50.0,0.0,0.0,2.0,1.68,119.0,39.04,0.0,0.0,2.99,2.38,11.0,50.0,0.0,0.0,1.0,2.0,Vickers_Mk.1
us_m41_walker_bulldog,22.0,66.67,0.0,0.0,1.0,1.14,566.0,52.46,0.0,0.0,1.21,0.81,0.0,,,,,,M41A1
cn_m24_chaffee,21.0,94.44,0.0,0.0,1.33,1.86,272.0,66.54,0.0,0.0,1.82,1.3,0.0,,,,,,M24_(China)
f-4e,26.0,100.0,3.0,1.46,1.0,0.04,888.0,76.52,2.73,4.24,0.6,0.92,44.0,,,1.36,,2.13,F-4E_Phantom_II
ussr_t_80ue1,23.0,60.71,0.0,0.0,1.96,1.89,3346.0,46.9,0.0,0.0,1.66,1.33,0.0,,,,,,Т-80U-Е1
us_m19,26.0,,,2.0,,0.0,84.0,74.31,1.13,0.88,0.69,0.48,0.0,,,,,,M19A1
ussr_2s3m,24.0,83.33,0.0,0.0,3.67,3.0,142.0,40.0,0.0,0.0,1.09,0.48,0.0,,,,,,2S3M
saab_j21a_1,28.0,16.67,1.0,1.0,0.0,0.0,102.0,57.39,2.53,2.32,0.4,0.36,0.0,,,,,,J21A-1
p-63c-5_france,25.0,73.96,0.63,1.8,0.97,0.8,131.0,75.0,0.8,0.83,2.8,2.27,0.0,,,,,,P-63C-5
mig-21_s,20.0,79.17,3.43,1.25,0.08,0.03,827.0,57.69,1.2,1.44,0.15,0.15,5.0,,,,,,MiG-21S_(R-13-300)
bf-109g-2_finland,28.0,16.67,1.31,1.31,0.4,0.4,23.0,100.0,2.0,2.0,0.0,0.0,0.0,,,,,,Bf_109_G-2
f-4c,25.0,100.0,5.0,5.0,1.0,1.0,90.0,87.63,1.42,0.84,2.13,1.39,7.0,,,0.0,,0.0,F-4C_Phantom_II
bf-110g-2,26.0,88.89,0.22,0.18,4.5,3.77,43.0,100.0,1.0,0.71,2.0,1.71,0.0,,,,,,Bf_110_G-2
sw_a_34_comet,25.0,,,,,,50.0,0.0,0.0,0.0,1.7,1.29,0.0,,,,,,Comet_I
il_m113_hvms,28.0,0.0,0.0,0.0,1.0,0.5,130.0,37.33,0.0,0.0,1.48,1.3,0.0,,,,,,Bardelas/60mm_HVMS
fr_amx_13_fl_11,25.0,,,0.0,,1.85,178.0,86.02,0.0,0.0,4.24,1.59,0.0,,,,,,AMX-13_(FL11)
pb4y-2_china,27.0,100.0,1.0,0.09,4.75,0.89,0.0,,,,,,0.0,,,,,,PB4Y-2_(China)
it_m13_40_serie_1,24.0,,,0.0,,2.0,0.0,,,,,,0.0,,,,,,M13/40_(I)
ju-87d-5,25.0,,,1.64,,2.16,4.0,,,1.0,,1.0,0.0,,,,,,Ju_87_D-5
it_c1_ariete_pso,26.0,,,,,,191.0,60.89,0.0,0.0,2.96,2.42,10.0,,,0.0,,1.0,Ariete_PSO
p-51k,26.0,100.0,2.75,2.5,1.25,1.07,21.0,100.0,1.0,0.0,1.1,2.0,0.0,,,,,,P-51K_(China)
germ_thyssen_henschel_tam_2ip,23.0,100.0,0.0,0.0,3.0,1.59,605.0,53.99,0.0,0.0,2.74,2.1,11.0,,,0.0,,2.0,TAM_2IP
us_m5a1_stuart,24.0,50.0,0.0,0.0,1.5,1.85,177.0,48.82,0.0,0.0,3.22,2.03,0.0,,,,,,M5A1
uk_a30_sp_avenger,25.0,100.0,0.0,,2.5,,55.0,66.67,0.0,0.0,7.11,3.55,0.0,,,,,,Avenger
il_m_51_w,25.0,100.0,0.0,0.0,1.33,1.88,102.0,64.58,0.0,0.0,2.76,1.27,0.0,,,,,,M-51_(W)
uk_badger,25.0,50.0,0.0,0.0,0.5,0.08,59.0,36.51,0.0,0.0,1.42,1.03,0.0,,,,,,Badger
saab_j29f,22.0,50.0,6.73,13.45,0.18,0.36,38.0,51.03,0.51,1.0,1.43,2.82,0.0,,,,,,J29F
us_xm_975_roland,23.0,100.0,3.0,3.0,1.47,1.5,3.0,,,0.0,,0.0,0.0,,,,,,XM975
fr_b1_ter,25.0,,,,,,11.0,100.0,0.0,0.0,3.14,2.73,0.0,,,,,,B1_ter
tempest_mk2,26.0,52.0,1.0,1.8,0.88,1.74,47.0,50.0,0.88,1.08,1.35,1.65,0.0,,,,,,Tempest_Mk_II
f8u-2,25.0,50.0,6.5,2.43,0.0,0.0,414.0,39.6,1.05,1.12,0.06,0.07,18.0,,,,,,F8U-2
z_1007_bis_serie3,24.0,,,,,,0.0,,,,,,0.0,,,,,,Z.1007_bis_serie_3
cn_wz_141,24.0,,,0.0,,3.0,68.0,100.0,0.0,0.0,7.0,3.26,20.0,50.0,0.0,0.0,2.0,2.0,WZ141-1
sb2u-3,23.0,50.0,1.0,2.0,1.0,2.0,0.0,,,,,,0.0,,,,,,SB2U-3
it_lancia3ro_100,26.0,100.0,0.0,0.0,2.58,2.54,0.0,,,,,,0.0,,,,,,Lancia_3Ro_(100/17)
sw_ikv_73,25.0,100.0,0.0,0.0,5.13,5.08,15.0,50.0,0.0,0.0,1.5,1.77,0.0,,,,,,Ikv_73
yak-3_france,22.0,100.0,11.18,5.59,0.0,0.0,43.0,100.0,3.56,3.65,1.28,1.22,10.0,,,,,,Yak-3
germ_flakpanzer_I_ausf_A,22.0,100.0,0.0,0.0,2.79,9.0,19.0,,,0.94,,1.0,0.0,,,,,,Flakpanzer_I
itp_m1,24.0,100.0,3.5,2.83,1.5,1.42,104.0,67.54,0.69,0.73,1.39,1.49,0.0,,,,,,ITP_(M-1)
uk_centurion_mk_10,22.0,50.0,0.0,0.0,2.0,1.05,92.0,51.61,0.0,0.0,2.27,2.36,17.0,100.0,0.0,0.0,4.0,2.09,Centurion_Mk_10
re_2002_early,25.0,50.0,1.0,1.92,0.5,1.0,0.0,,,,,,0.0,,,,,,Re.2002_Early
germ_m55,24.0,52.78,0.0,0.0,1.0,1.89,121.0,0.0,0.0,0.0,4.38,1.29,0.0,,,,,,◄M55
uk_concept3_ngac,22.0,100.0,0.0,0.0,4.25,4.2,332.0,55.1,0.0,0.0,2.34,1.34,0.0,,,,,,Concept_3
p-36a,23.0,50.0,1.21,1.96,0.0,0.0,0.0,,,,,,0.0,,,,,,P-36A
it_m109g,23.0,,,1.0,,1.0,58.0,18.52,0.0,0.0,0.81,0.72,0.0,,,,,,M109G
uk_ratel_90,28.0,50.0,0.0,0.0,1.09,1.09,205.0,48.62,0.0,0.0,2.3,1.28,0.0,,,,,,Ratel_90
ussr_bmpt_72,20.0,38.89,0.0,0.0,1.33,1.18,1231.0,48.37,0.0,0.0,1.71,1.33,0.0,,,,,,БМПТ-72
caudron_cr714,25.0,,,1.64,,0.0,0.0,,,,,,0.0,,,,,,C.R.714
cn_type_64,21.0,89.74,0.0,0.0,2.38,2.48,32.0,30.95,0.0,0.0,0.98,0.81,0.0,,,,,,M64
bv-155b-1,23.0,100.0,1.0,1.0,0.0,0.0,28.0,,,2.0,,1.0,0.0,,,,,,BV_155_B-1
p-39n,22.0,,,2.53,,0.91,17.0,50.0,0.0,0.0,0.5,1.0,0.0,,,,,,P-39N-0
ussr_t_72b3_arena_m,23.0,,,,,,195.0,38.29,0.0,0.0,1.49,1.1,35.0,100.0,0.0,0.0,1.88,0.8,Т-72Б3А
uk_fv107_scimitar_mk2,28.0,50.0,0.0,0.0,0.5,0.5,144.0,59.09,0.0,0.0,3.35,0.88,0.0,,,,,,Scimitar_Mk.2
germ_leopard_2av,27.0,0.0,0.0,0.0,0.0,0.0,209.0,67.54,0.0,0.0,4.99,3.54,0.0,,,,,,Leopard_2AV
il_hunter_afv,23.0,,,0.0,,0.0,183.0,69.65,0.0,0.0,1.08,1.01,0.0,,,,,,Hunter_AFV
f6f-3,22.0,100.0,1.0,1.0,7.13,5.42,95.0,54.89,0.26,0.12,1.05,1.29,0.0,,,,,,F6F-5
bf-110c-4,23.0,,,,,,0.0,,,,,,0.0,,,,,,Bf_110_C-7
he_115a_2_sweden,22.0,100.0,1.0,1.0,5.47,6.0,0.0,,,,,,0.0,,,,,,T_2
d_500,23.0,,,,,,0.0,,,,,,0.0,,,,,,D.500
p-63c-5_ussr,22.0,100.0,1.0,1.0,2.0,2.0,59.0,50.0,1.15,1.64,1.08,1.66,0.0,,,,,,P-63C-5
su-8,23.0,100.0,0.59,0.61,1.82,1.78,87.0,59.13,0.7,0.38,3.34,2.45,0.0,,,,,,Su-8
germ_flakpanzer_V_Coelian,24.0,80.77,0.19,0.19,2.12,2.12,405.0,48.36,1.12,0.55,3.88,1.95,12.0,50.0,0.0,0.0,2.0,2.0,Flakpanzer_341
su-7bkl,23.0,65.79,0.66,0.83,1.0,1.57,12.0,0.0,1.0,0.67,1.0,0.67,0.0,,,,,,Su-7BKL
he_112a_0,24.0,,,1.54,,0.0,25.0,,,,,,0.0,,,,,,He_112_A-0
ms_410c1,23.0,,,,,,0.0,,,,,,0.0,,,,,,M.S.410
cn_object_211,21.0,50.0,0.0,0.0,1.7,1.85,42.0,50.0,0.0,0.0,1.0,1.09,0.0,,,,,,Object_211
uk_chieftain_mk_5,24.0,,,,,,85.0,62.07,0.0,0.0,3.31,2.04,2.0,,,,,,Chieftain_Mk_5
jp_type_97_kai,22.0,,,0.0,,1.0,26.0,,,0.0,,1.61,0.0,,,,,,Chi-Ha_Kai
ki_61_1a_otsu_usa,23.0,,,1.0,,0.0,0.0,,,,,,0.0,,,,,,Ki-61-Ib
germ_boxer_swatrinf,25.0,,,0.0,,0.0,113.0,16.27,0.03,0.02,0.18,0.13,12.0,,,0.0,,1.0,sWaTrgInf
d_373,23.0,,,,,,0.0,,,,,,0.0,,,,,,D.373
it_c1_ariete,23.0,,,,,,27.0,100.0,0.0,0.0,2.75,2.67,0.0,,,,,,Ariete
uk_chieftain_mk_3,24.0,,,,,,259.0,67.74,0.0,0.0,2.18,1.7,0.0,,,,,,Chieftain_Mk_3
jp_type_61,24.0,40.0,0.0,0.0,1.0,1.37,342.0,67.5,0.0,0.0,2.44,1.85,0.0,,,,,,Type_61
it_fiat_6616_ub,24.0,,,0.0,,1.0,86.0,96.3,0.0,0.0,1.98,0.98,0.0,,,,,,FIAT_6616UB
ms_406c1,23.0,,,1.0,,0.0,0.0,,,,,,0.0,,,,,,M.S.406C1
d_371,23.0,,,,,,0.0,,,,,,0.0,,,,,,D.371
jp_type_2_ho_i,22.0,,,,,,6.0,,,,,,0.0,,,,,,Ho-I
a6m2_zero,23.0,,,1.0,,0.0,5.0,,,0.0,,1.0,0.0,,,,,,A6M2
germ_leopard_2a5,23.0,,,,,,834.0,51.92,0.0,0.0,2.58,1.85,8.0,0.0,0.0,0.0,0.14,0.14,Leopard_2A5
mig-15,17.0,69.45,3.47,5.97,0.23,0.3,81.0,50.0,1.17,2.33,1.63,3.25,0.0,,,,,,MiG-15bis
ussr_t_90m_arena_m,22.0,100.0,0.0,,2.23,,948.0,60.23,0.0,0.0,2.24,1.76,0.0,,,,,,Т-90М_(Арена-М)
f-86a-5,24.0,50.0,1.8,1.8,0.5,0.5,105.0,71.43,2.11,1.35,1.68,1.12,0.0,,,,,,F-86A-5
n1k2_jko,23.0,100.0,2.0,1.35,0.0,0.0,65.0,47.73,0.82,0.8,0.67,0.81,0.0,,,,,,N1K2-Ja
mig-19pt,23.0,,,1.0,,0.0,248.0,46.85,1.29,1.78,0.41,0.55,0.0,,,,,,MiG-19PT
p-47d_23_ra_china_rocaf,23.0,,,1.09,,1.17,7.0,,,0.0,,1.0,0.0,,,,,,P-47D-23-RA_(China)
il_magach_6b_gal,19.0,71.43,0.0,0.0,1.0,1.0,218.0,47.33,0.0,0.0,1.5,1.55,0.0,,,,,,Magach_6B_Gal
germ_leopard_2pl,21.0,,,0.0,,1.0,995.0,40.32,0.0,0.0,1.3,1.23,46.0,0.0,0.0,0.0,1.17,0.45,Leopard_2_PL
mig-21_bis_sau,23.0,,,1.52,,0.0,70.0,28.57,1.7,1.12,0.5,0.27,0.0,,,,,,◊MiG-21bis-SAU
hurricane_mk1c,24.0,100.0,6.0,3.0,0.0,0.0,0.0,,,,,,0.0,,,,,,Sea_Hurricane_Mk_IC
us_m4_sherman_promo,22.0,,,0.0,,1.0,42.0,0.0,0.0,0.0,3.17,2.86,0.0,,,,,,M4
su_17m2,22.0,,,0.0,,1.55,33.0,,,0.0,,0.25,0.0,,,,,,Su-17M2
fr_m4a4_cn_75_50,23.0,,,0.0,,2.0,217.0,48.72,0.0,0.0,1.71,1.72,0.0,,,,,,M4A4_(SA50)
ki-96,21.0,,,1.0,,0.0,9.0,100.0,2.78,2.78,0.0,0.0,0.0,,,,,,Ki-96
jp_type_89,22.0,,,0.0,,0.75,387.0,63.58,0.0,0.0,1.62,1.39,14.0,,,0.0,,0.0,Type_89
f-86f-25,24.0,50.0,1.5,1.5,0.5,0.5,15.0,,,,,,0.0,,,,,,F-86F-25
sw_lago_1,21.0,,,0.0,,1.0,40.0,50.0,0.0,0.0,1.5,1.03,0.0,,,,,,Lago_I
sw_strv_m42_delat_torn,21.0,,,0.0,,0.05,132.0,46.45,0.0,0.0,1.96,1.4,2.0,100.0,0.0,0.0,3.0,3.0,Strv_m/42_DT
germ_panzerjager_tiger_P_elefant,22.0,100.0,0.0,0.0,5.0,5.6,94.0,34.58,0.0,0.0,2.48,3.18,4.0,100.0,0.0,,2.0,,Elefant
a_6e_tram,20.0,,,3.0,,0.05,207.0,53.3,0.03,0.04,2.5,4.69,65.0,14.29,0.29,0.06,0.86,0.15,A-6E_TRAM
fr_m4a4_sherman,22.0,100.0,0.0,0.0,4.91,4.91,13.0,100.0,0.0,0.0,4.6,4.6,0.0,,,,,,M4A4
ussr_t_28E,22.0,,,,,,8.0,0.0,0.0,0.0,3.0,1.63,0.0,,,,,,T-28E
p-36c,21.0,50.0,0.5,1.0,0.5,1.0,0.0,,,,,,0.0,,,,,,P-36C
us_lvt_a1_m24,22.0,,,0.0,,3.0,29.0,27.59,0.0,0.0,1.55,1.55,0.0,,,,,,LVT(A)(1)_(M24)
me-262a1_u1,22.0,0.0,3.0,3.0,0.0,0.0,342.0,48.01,1.16,1.15,0.9,0.87,0.0,,,,,,Me_262_A-1a/U1
f2a-1,21.0,,,1.0,,1.0,0.0,,,,,,0.0,,,,,,F2A-1
it_palmaria,18.0,0.0,0.0,0.0,5.0,2.05,50.0,44.44,0.0,0.0,1.31,2.23,0.0,,,,,,Palmaria
ussr_kv_2_1939,22.0,,,0.0,,3.0,83.0,41.67,0.0,0.0,1.72,1.12,0.0,,,,,,KV-2_(1939)
it_kf_41,22.0,,,1.0,,1.0,39.0,0.0,0.0,0.0,1.18,1.0,0.0,,,,,,KF41
p-63a-10,20.0,,,1.0,,0.0,127.0,69.2,0.14,0.11,0.88,0.9,9.0,,,,,,P-63A-10
germ_flakpz_I_Gepard,27.0,29.33,0.71,0.97,1.35,1.65,1301.0,35.36,0.26,0.2,1.07,0.86,5.0,0.0,0.0,0.0,0.0,0.0,Gepard
p-51d-20-na_iaf,22.0,50.0,2.0,1.04,0.0,0.36,3.0,100.0,2.0,,0.0,,0.0,,,,,,P-51D-20-NA_(Israel)
a6m2_n_zero,22.0,45.45,1.0,1.91,0.0,0.0,12.0,,,1.0,,0.0,0.0,,,,,,A6M2-N
d_521,20.0,100.0,2.68,2.68,0.0,0.0,0.0,,,,,,0.0,,,,,,D.521
fr_arl_44_acl1,22.0,,,,,,22.0,100.0,0.0,0.0,2.0,1.35,0.0,,,,,,ARL-44_(ACL-1)
jp_type_89b_i_go_otsu,20.0,,,,,,27.0,,,,,,0.0,,,,,,I-Go_Ko
ki-45_ko,22.0,,,,,,0.0,,,,,,0.0,,,,,,Ki-45_ko
fr_somua_sm,24.0,100.0,0.0,,6.2,,703.0,68.72,0.0,0.0,4.39,2.6,14.0,,,0.0,,1.0,Somua_SM
hurricane_mk1b,22.0,50.0,0.5,1.0,0.5,1.0,0.0,,,,,,0.0,,,,,,Sea_Hurricane_Mk_IB
uk_g6_spg,20.0,100.0,0.0,0.0,0.1,0.1,19.0,,,0.0,,1.05,0.0,,,,,,G6
pby-5a,22.0,100.0,1.0,,6.0,,0.0,,,,,,0.0,,,,,,PBY-5A_Catalina
uk_crusader_aa_mk_1,20.0,,,,,,92.0,0.0,0.0,0.0,0.46,0.35,0.0,,,,,,Crusader_AA_Mk_I
jp_type_98_ke_ni,20.0,,,0.0,,1.0,28.0,,,0.0,,2.0,0.0,,,,,,Ke-Ni
fr_char_2c_bis,20.0,,,,,,0.0,,,,,,0.0,,,,,,2C_bis
bv-238,23.0,75.0,3.25,2.75,7.15,6.15,13.0,,,,,,0.0,,,,,,BV_238
t2,15.0,75.0,6.93,8.47,1.1,1.43,176.0,75.68,1.84,3.02,0.26,0.43,0.0,,,,,,T-2
su-2_m82,20.0,100.0,1.0,0.71,7.56,7.17,0.0,,,,,,0.0,,,,,,Su-2_(M-82)
sw_strv_103c,19.0,100.0,0.0,,3.0,,17.0,0.0,0.0,0.0,1.0,1.0,0.0,,,,,,Strv_103С
ussr_t_72m2_moderna,21.0,100.0,0.0,0.0,2.43,3.0,121.0,56.98,0.11,0.08,4.54,3.23,0.0,,,,,,T-72M2_Moderna
a-26b,21.0,,,1.0,,3.25,38.0,50.0,2.46,1.48,4.27,2.93,0.0,,,,,,A-26B-50
uk_a_13_mk2_1939,20.0,100.0,0.0,0.0,2.45,2.45,21.0,,,0.0,,1.0,0.0,,,,,,A13_Mk_II_1939
sw_pvkv_iv,19.0,,,0.0,,2.38,55.0,50.0,0.0,0.0,0.5,0.07,0.0,,,,,,Pvkv_IV
pe-2-110,20.0,100.0,0.85,0.85,1.3,1.3,0.0,,,,,,0.0,,,,,,Pe-2-110
fa_18c_switzerland,21.0,50.0,1.0,0.4,0.0,0.0,1367.0,49.99,0.95,1.14,0.25,0.3,142.0,,,1.89,,0.0,◌F/A-18C
cn_m4a4_sherman,19.0,100.0,0.0,0.0,2.91,3.33,52.0,41.11,0.0,0.0,1.9,2.92,0.0,,,,,,M4A4_(China)
fr_amx_32_105,21.0,65.15,0.0,0.0,1.38,1.38,123.0,56.24,0.0,0.0,1.63,1.28,4.0,,,0.0,,2.0,AMX-32_(105)
fr_vcac_mephisto,19.0,100.0,0.0,0.0,2.0,1.58,210.0,57.77,0.0,0.0,1.26,1.44,0.0,,,,,,MEPHISTO
it_fiat_6616_cockerill,21.0,0.0,0.0,0.0,4.0,1.84,252.0,55.23,0.0,0.0,1.9,0.85,0.0,,,,,,AUBL/74
jp_halftrack_m16,19.0,,,,,,53.0,61.91,0.0,0.21,0.0,0.0,0.0,,,,,,M16_MGMC
d_520,19.0,100.0,1.0,1.0,0.0,0.0,0.0,,,,,,0.0,,,,,,D.520
us_m42_duster,20.0,100.0,0.0,0.0,0.0,0.13,165.0,45.94,1.05,0.78,1.91,1.45,0.0,,,,,,M42
bf-109g-14,20.0,,,0.3,,0.0,19.0,100.0,3.0,,0.0,,0.0,,,,,,Bf_109_G-14
ussr_btr_82at,20.0,0.0,0.0,0.0,0.0,0.0,394.0,45.22,0.0,0.0,1.43,1.16,0.0,,,,,,БТР-82АТ
me-410b-6_r3,21.0,100.0,0.0,0.0,0.0,0.0,22.0,,,0.0,,4.32,17.0,,,1.0,,0.0,Me_410_B-6/R3
il_tiran_4_sh,18.0,,,,,,38.0,100.0,0.0,0.0,1.0,0.57,0.0,,,,,,Tiran_4S
pe-3_early,18.0,,,1.0,,3.83,1.0,0.0,0.0,0.0,0.0,0.0,0.0,,,,,,Pe-3_(e)
do_217m_1,18.0,100.0,0.0,0.0,5.1,5.1,0.0,,,,,,0.0,,,,,,Do_217_M-1
ussr_kv_2_1940,18.0,100.0,1.0,0.89,3.43,2.79,42.0,50.0,0.0,0.0,0.62,1.23,0.0,,,,,,KV-2_(1940)
il_centurion_shot_kal_alef,18.0,,,,,,60.0,88.17,0.0,0.0,1.19,1.03,0.0,,,,,,Sho't_Kal_Alef
f-84g_china,20.0,,,1.17,,1.92,0.0,,,,,,0.0,,,,,,F-84G-21-RE_(China)
f3h-2,20.0,50.0,2.07,2.25,0.0,0.0,648.0,54.57,1.66,1.73,0.43,0.45,0.0,,,,,,F3H-2
fr_amx_13_75,20.0,0.0,0.0,0.0,3.0,2.39,237.0,67.65,0.0,0.0,1.64,1.27,0.0,,,,,,AMX-13
vb_10_02,17.0,,,3.0,,0.0,8.0,,,1.0,,1.0,0.0,,,,,,VB.10-02
do_335a_0,17.0,100.0,9.0,3.56,0.0,0.56,39.0,100.0,1.0,0.69,5.54,3.52,0.0,,,,,,Do_335_A-0
a6m5_zero,19.0,50.0,1.75,3.5,0.0,0.0,125.0,59.22,0.54,0.66,0.49,0.71,0.0,,,,,,A6M5
jp_type_95_so_ki,17.0,,,,,,107.0,50.0,0.05,0.05,0.0,0.0,0.0,,,,,,So-Ki
seafire_fr47,22.0,50.0,2.0,1.18,0.5,0.58,0.0,,,,,,0.0,,,,,,Seafire_FR_47
p-38l,19.0,,,,,,11.0,,,,,,0.0,,,,,,P-38L-5-LO
a6m3_mod22_zero,18.0,,,2.85,,0.38,28.0,34.62,0.96,1.31,0.35,0.69,0.0,,,,,,A6M3_mod._22
cn_type_69_2a,20.0,83.33,0.0,0.0,1.67,1.15,82.0,55.91,0.0,0.0,1.76,2.39,0.0,,,,,,Type_69-IIa
fw_190f_8_hungary,21.0,,,0.31,,1.69,17.0,,,1.0,,2.0,0.0,,,,,,◔Fw_190_F-8
spitfire_mk9c_4cannons,18.0,100.0,1.86,1.86,0.71,0.71,0.0,,,,,,47.0,81.25,0.81,0.59,1.63,1.37,Spitfire_F_Mk_IXc
mig-19j_6a,18.0,66.67,8.0,3.0,2.7,0.83,49.0,100.0,6.16,7.0,0.0,0.0,0.0,,,,,,J-6A
cn_object_122tm,19.0,5.0,0.0,0.0,1.75,1.55,221.0,59.29,0.0,0.0,2.81,1.8,1.0,,,,,,"Object_122MT_""MC"""
f-86f-2,18.0,,,1.79,,0.0,67.0,90.97,1.53,2.25,0.4,0.5,0.0,,,,,,F-86F-2
uk_as_90_mk_2,18.0,,,,,,134.0,,,0.0,,1.7,0.0,,,,,,AS90
jp_type_87_rcv_prot,19.0,,,0.0,,0.37,459.0,67.61,0.05,0.05,1.12,0.92,0.0,,,,,,Type_87_RCV_(P)
germ_pzkpfw_III_ausf_J,20.0,50.0,0.5,0.5,4.5,4.5,27.0,,,,,,0.0,,,,,,Pz.III_J1
it_semovente_m42_75_34,18.0,50.0,0.0,0.0,4.0,4.0,0.0,,,,,,0.0,,,,,,75/34_M42
f-105d,17.0,,,0.0,,3.0,47.0,0.0,1.0,0.33,1.11,0.37,2.0,,,,,,F-105D
fr_crotale_ng,16.0,50.0,1.5,3.0,0.5,1.0,8.0,,,,,,0.0,,,,,,ItO_90M
us_xm1_chrysler,20.0,50.0,0.0,0.0,2.5,2.5,425.0,67.71,0.0,0.0,3.97,2.8,0.0,,,,,,XM1_(Chrysler)
p_108b_serie2,19.0,,,0.0,,2.16,0.0,,,,,,0.0,,,,,,P.108B_serie_2
sw_sav_m43_1944,19.0,100.0,0.0,,2.0,,0.0,,,,,,0.0,,,,,,Sav_m/43_(1944)
uk_centurion_mk_5_raac,18.0,100.0,0.0,0.0,2.0,2.0,27.0,0.0,0.0,0.0,4.0,2.72,0.0,,,,,,Centurion_Mk.5/1
it_m14_41_47_40,18.0,50.0,0.0,0.0,1.78,3.56,0.0,,,,,,0.0,,,,,,M14/41_(47/40)
bf-109g-2_hungary,18.0,100.0,8.0,6.9,0.0,0.0,24.0,61.9,0.31,0.38,0.0,0.0,5.0,,,0.0,,0.0,◐Bf_109_G-2
lagg-3-35,17.0,100.0,4.94,5.17,1.35,1.17,0.0,,,,,,0.0,,,,,,LaGG-3-35
il_sholef,18.0,100.0,0.0,0.0,2.0,2.0,30.0,,,0.0,,1.46,0.0,,,,,,Sholef
ki_100_2,18.0,,,1.0,,0.0,26.0,83.33,1.44,1.14,1.94,1.71,0.0,,,,,,Ki-100-II
germ_radpanzer_90,17.0,100.0,0.0,0.0,3.0,2.53,650.0,52.4,0.0,0.0,1.29,1.28,3.0,0.0,0.0,0.0,1.0,1.0,Radkampfwagen_90
germ_pzkpfw_38t_Marder_III_ausf_H,20.0,50.0,0.0,0.0,2.9,5.8,36.0,70.59,0.0,0.0,2.06,1.63,0.0,,,,,,Marder_III_H
cn_al_khalid_1,19.0,0.0,0.0,0.0,2.16,2.16,715.0,51.6,0.0,0.0,2.44,1.74,21.0,75.0,0.0,0.0,1.5,1.12,Al-Khalid-I
f-84f,18.0,50.0,0.5,0.8,0.3,0.5,67.0,58.02,0.0,0.0,1.1,1.34,0.0,,,,,,F-84F
fr_lorraine_100,20.0,50.0,0.0,0.0,1.0,1.0,125.0,56.99,0.0,0.0,2.06,2.49,0.0,,,,,,CA_Lorraine
uk_a_22b_mk_3_churchill_1942,19.0,,,0.0,,1.0,51.0,100.0,0.0,0.0,2.37,1.73,0.0,,,,,,Churchill_III
fr_leclerc_s1,16.0,50.0,0.0,0.0,1.5,1.12,98.0,84.23,0.0,0.0,4.44,2.41,0.0,,,,,,Leclerc
do_217e_4,16.0,,,0.0,,4.0,0.0,,,,,,0.0,,,,,,Do_217_E-4
uk_fv4005,18.0,,,,,,181.0,44.88,0.0,0.0,1.58,1.55,0.0,,,,,,FV4005
ussr_su_152,17.0,,,0.0,,1.17,82.0,,,0.0,,1.98,0.0,,,,,,SU-152
jp_oplot_t,18.0,,,0.0,,1.0,165.0,71.83,0.0,0.0,3.61,2.12,0.0,,,,,,BM_Oplot-T
md_450b_ouragan,18.0,,,1.22,,0.0,159.0,81.91,0.79,0.92,1.35,1.59,0.0,,,,,,M.D.450B_Ouragan
ussr_bmp_2,18.0,,,,,,711.0,43.93,0.0,0.0,1.48,1.15,0.0,,,,,,BMP-2
cn_mbt2000,19.0,0.0,0.0,0.0,1.0,1.0,122.0,46.18,0.0,0.0,1.46,1.56,2.0,,,0.0,,3.0,MBT-2000
fr_leclerc_s2,16.0,0.0,0.0,0.0,1.0,0.88,132.0,42.5,0.0,0.0,2.56,2.51,0.0,,,,,,Leclerc_S2
su-7b,19.0,,,0.0,,0.0,121.0,25.0,0.71,0.65,1.68,1.71,0.0,,,,,,Su-7B
cn_zts_63_1980,18.0,,,,,,150.0,70.06,0.0,0.0,2.54,1.44,13.0,100.0,0.0,0.0,2.0,1.15,ZTS63
us_m56_scorpion,17.0,100.0,0.0,0.0,2.69,3.31,227.0,50.77,0.0,0.0,2.02,1.36,0.0,,,,,,M56
ussr_rbt_5,17.0,100.0,0.0,,3.06,,20.0,85.0,0.0,0.0,0.15,0.15,0.0,,,,,,RBT-5
us_m18_super_hellcat,19.0,82.14,0.0,0.0,2.25,2.79,286.0,61.32,0.0,0.0,3.05,2.23,5.0,,,0.0,,1.0,Super_Hellcat
sw_strv_m39,16.0,100.0,0.0,0.0,6.17,6.17,0.0,,,,,,0.0,,,,,,Strv_m/39
mig-21_bis_lazur,17.0,,,1.0,,1.0,633.0,44.51,1.28,1.36,0.34,0.34,0.0,,,,,,"◊MiG-21_""Lazur-M"""
ussr_t_26_1940_1st_GvTBr,18.0,,,,,,0.0,,,,,,24.0,,,0.0,,1.0,T-26_(1st_Gv.T.Br.)
mig-9_ussr,17.0,,,,,,7.0,100.0,2.0,1.43,0.0,0.29,0.0,,,,,,MiG-9_(l)
mig-17_cuba,16.0,100.0,1.5,1.11,0.0,0.0,235.0,47.99,1.45,2.09,0.71,0.99,0.0,,,,,,MiG-17AS
su_30sm,16.0,0.0,2.0,2.06,0.0,0.0,423.0,56.33,1.2,1.52,0.86,1.1,50.0,,,1.0,,0.0,Су-30СМ
ki_61_1a_otsu,17.0,68.18,1.32,1.93,0.68,0.79,34.0,66.67,0.3,0.5,1.0,1.5,0.0,,,,,,Ki-61-I_otsu
bf2c_1,15.0,0.0,2.0,1.67,1.0,0.13,13.0,,,0.0,,0.0,0.0,,,,,,BF2C-1
mig-9,17.0,,,,,,45.0,50.0,0.44,0.44,4.81,4.81,0.0,,,,,,MiG-9
jp_st_a3,17.0,8.82,0.0,0.0,1.82,2.0,321.0,56.45,0.0,0.0,2.04,1.68,3.0,,,,,,ST-A3
xa_38,17.0,,,0.0,,0.0,0.0,,,,,,0.0,,,,,,XA-38
f-89d,15.0,,,,,,240.0,68.35,2.48,5.71,0.09,0.24,0.0,,,,,,F-89D
f4u-1d,15.0,100.0,1.88,1.62,4.88,4.15,45.0,3.85,0.96,0.26,1.92,1.04,0.0,,,,,,F4U-1D
pv_2d,17.0,,,1.0,,5.5,36.0,31.48,0.3,0.57,0.39,0.57,0.0,,,,,,PV-2D
la-15,13.0,56.67,2.33,4.33,0.47,0.67,26.0,,,1.0,,0.0,0.0,,,,,,La-15
il_2_1942_luftwaffe,15.0,100.0,1.0,1.0,1.6,1.75,0.0,,,,,,0.0,,,,,,IL-2_(1942)
b-17g_iaf,17.0,,,0.41,,0.53,0.0,,,,,,0.0,,,,,,B-17G_(Israel)
ussr_pantsyr_sm_sv,15.0,100.0,1.0,1.0,0.0,0.0,592.0,49.47,2.04,1.81,0.25,0.22,13.0,,,,,,Панцирь_СМ-СВ
cn_is_2_1943,14.0,0.0,0.0,0.0,4.71,4.71,87.0,7.29,0.0,0.0,2.93,0.83,0.0,,,,,,IS-2_(China)
cn_m60a3_tts,17.0,,,,,,78.0,45.14,0.0,0.0,2.24,1.78,15.0,50.0,0.0,0.0,1.0,2.0,M60A3_TTS_(China)
fokker_d23,16.0,100.0,2.33,1.86,0.0,0.0,0.0,,,,,,0.0,,,,,,◗Fokker_D.XXIII
germ_pzkpfw_38t_Aufklarungspanzer,17.0,100.0,0.0,,1.0,,0.0,,,,,,0.0,,,,,,Sd.Kfz._140/1
it_centauro_rgo_120,17.0,0.0,0.0,0.0,2.0,2.0,127.0,84.87,0.0,0.0,3.29,1.84,0.0,,,,,,Centauro_RGO
ussr_2s38,14.0,16.67,1.67,1.23,2.0,2.64,1002.0,47.74,0.15,0.09,1.35,0.85,6.0,100.0,0.0,0.0,0.0,0.0,2S38
fokker_d21_netherlands,15.0,26.67,1.07,1.07,0.0,0.0,0.0,,,,,,0.0,,,,,,◗Fokker_D.XXI
p-38e,18.0,100.0,1.64,1.0,0.0,0.0,0.0,,,,,,0.0,,,,,,P-38E
ki_44_2_hei,18.0,50.0,2.5,3.0,0.0,0.0,42.0,100.0,0.33,0.17,0.75,0.52,0.0,,,,,,Ki-44-II_hei
typhoon_mk1a,17.0,,,1.79,,0.0,0.0,,,,,,0.0,,,,,,Typhoon_Mk_Ia
a6m3_zero,16.0,,,2.71,,0.0,30.0,84.72,1.11,1.54,0.6,0.83,0.0,,,,,,A6M3
spitfire_mk1,17.0,,,1.0,,0.0,22.0,,,1.0,,0.0,0.0,,,,,,Spitfire_Mk_Ia
h-75a-4_france,15.0,26.67,1.27,1.27,0.0,0.0,0.0,,,,,,0.0,,,,,,H-75A-4
me-262a-1a_u4,16.0,0.0,9.15,4.0,1.0,0.0,725.0,46.17,0.66,0.77,3.15,3.56,1.0,,,0.0,,0.0,Me_262_A-1/U4
f-86k_late_italy,14.0,83.33,1.17,1.04,0.17,0.04,6.0,,,0.0,,0.0,0.0,,,,,,F-86K
p-63a-5_ussr,16.0,,,0.44,,0.63,188.0,67.03,1.09,0.88,3.29,2.59,0.0,,,,,,P-63A-5
d_501,15.0,100.0,1.0,1.0,0.0,0.0,0.0,,,,,,0.0,,,,,,D.501
f4u-1a,18.0,0.0,3.57,3.57,0.0,0.0,11.0,,,,,,0.0,,,,,,F4U-1A
sw_pvkv_m43_1946,14.0,,,0.0,,0.92,11.0,,,,,,0.0,,,,,,Pvkv_m/43_(1946)
mc-205_serie3,19.0,,,1.0,,0.0,24.0,100.0,2.0,2.0,0.21,0.21,0.0,,,,,,C._205_serie_3
jp_type_74_c,16.0,100.0,0.0,0.0,1.0,1.0,505.0,53.37,0.0,0.0,1.83,1.46,0.0,,,,,,Type_74_(C)
ussr_2s25,16.0,100.0,0.0,0.0,1.0,1.0,535.0,51.19,0.0,0.0,1.41,1.25,0.0,,,,,,2S25
it_vcc_80_hitfist_60,17.0,0.0,0.0,0.0,1.0,1.0,212.0,43.87,0.1,0.05,2.05,1.09,0.0,,,,,,VCC-80/60
cn_plz_83,16.0,,,0.0,,0.06,45.0,47.37,0.0,0.0,0.63,0.87,0.0,,,,,,PLZ83
fr_panhard_ebr_1951,16.0,,,0.0,,0.0,181.0,56.11,0.0,0.0,2.6,2.16,0.0,,,,,,E.B.R._(1951)
it_leopard_1a5,16.0,,,,,,122.0,84.14,0.0,0.0,2.95,2.27,0.0,,,,,,Leopard_1A5
us_efv_p1,16.0,,,0.0,,0.0,61.0,85.9,0.0,0.0,2.6,2.54,0.0,,,,,,EFV
it_centauro_mgs_120,17.0,,,,,,25.0,50.0,0.0,0.0,2.63,3.42,0.0,,,,,,Centauro_I_120
lightning_f6,14.0,,,3.0,,0.0,26.0,50.0,1.08,2.15,1.19,2.38,0.0,,,,,,Lightning_F.6
ki_43_1,13.0,,,8.0,,0.0,4.0,,,,,,0.0,,,,,,Ki-43-I
hurricanemkii_ussr,14.0,100.0,3.8,6.0,0.0,0.0,2.0,,,,,,0.0,,,,,,Hurricane_Mk_IIB
it_m26_ariete,14.0,100.0,0.0,0.0,3.0,6.0,28.0,,,0.0,,3.56,24.0,100.0,0.0,0.0,3.71,3.71,"M26_""D.C.Ariete"""
mig_3_series_34,14.0,,,,,,0.0,,,,,,0.0,,,,,,MiG-3-34
germ_pzkpfw_IV_ausf_F,16.0,100.0,0.0,0.0,3.2,2.55,58.0,23.61,0.0,0.0,4.17,2.38,0.0,,,,,,Pz.IV_F1
alpha_jet_a,16.0,78.57,0.21,0.25,1.79,2.15,205.0,37.26,0.45,0.31,2.66,2.14,0.0,,,,,,Alpha_Jet_A
ussr_t_55_am,16.0,,,0.0,,2.31,271.0,42.16,0.0,0.0,3.18,1.78,0.0,,,,,,T-55AM-1
sw_strv_m38,16.0,100.0,0.0,0.0,3.5,3.5,21.0,50.0,0.0,0.0,0.0,0.62,0.0,,,,,,Strv_m/38
spitfire_ix,14.0,100.0,3.5,3.5,0.0,0.0,33.0,100.0,3.0,0.0,3.0,0.0,0.0,,,,,,Spitfire_LF_Mk_IX
sw_lvkv_42,15.0,100.0,0.0,,1.0,,98.0,50.0,0.83,0.26,1.78,0.8,0.0,,,,,,Lvkv_42
uk_challenger_II,17.0,0.0,0.0,0.0,3.0,3.0,244.0,58.6,0.0,0.0,2.41,2.45,55.0,66.67,0.0,0.0,3.81,2.87,uk_challenger_ii_shop
us_m4a1_1942_sherman,15.0,80.0,0.0,0.0,1.2,1.2,74.0,55.56,0.0,0.0,4.22,2.1,0.0,,,,,,M4A1
a_5c,14.0,57.14,0.57,1.0,0.0,0.0,287.0,53.72,0.6,0.64,0.71,0.88,0.0,,,,,,A-5C
germ_flakpanzer_zerstorer_45,14.0,,,,,,246.0,10.81,0.69,0.65,0.11,0.09,0.0,,,,,,Zerstörer_45
germ_pzkpfw_III_ausf_L,14.0,,,,,,32.0,0.0,0.0,0.0,2.0,3.56,0.0,,,,,,Pz.III_L
uk_a_34_comet_iron_duke,14.0,100.0,0.0,0.0,5.0,10.0,28.0,50.0,0.0,0.0,1.5,1.27,0.0,,,,,,"Comet_I_""Iron_Duke_IV"""
a_10a_late,15.0,58.33,3.42,3.35,1.58,1.15,248.0,35.27,1.16,1.28,5.53,5.56,19.0,,,1.43,,5.71,A-10A_Late
germ_9a33bm3,14.0,,,,,,46.0,0.0,2.95,1.46,0.0,0.0,0.0,,,,,,◊Osa-AK
ussr_t_72av_turms,13.0,,,,,,807.0,44.2,0.0,0.0,2.22,1.6,0.0,,,,,,T-72AV_(TURMS-T)
f6f-5n_france,14.0,,,,,,30.0,0.0,0.0,0.0,2.67,1.36,33.0,100.0,1.0,4.0,2.0,2.0,F6F-5N
douglas_ad_4_france,14.0,,,,,,94.0,60.39,1.1,1.42,2.5,3.34,0.0,,,,,,AD-4
cn_su_100_1945,14.0,100.0,0.0,0.0,2.0,2.0,28.0,66.67,0.0,0.0,1.3,2.83,0.0,,,,,,SU-100_(China)
ussr_isu_122,14.0,,,0.0,,1.33,23.0,,,0.0,,2.87,0.0,,,,,,ISU-122
sw_ikv_72,12.0,,,,,,21.0,,,0.0,,2.91,0.0,,,,,,Ikv_72
p-47d_30_china,14.0,96.43,1.93,2.0,0.07,0.07,20.0,,,,,,0.0,,,,,,P-47D-30_(China)
ki-83,14.0,100.0,1.22,1.14,0.0,0.0,4.0,,,2.0,,0.0,0.0,,,,,,Ki-83
cn_cm11,13.0,50.0,0.0,0.0,1.0,2.0,104.0,70.67,0.0,0.0,3.34,3.18,4.0,,,0.0,,1.0,CM11
sagittario_2,13.0,0.0,2.0,1.09,0.0,0.0,37.0,66.67,1.0,1.5,1.49,2.2,56.0,16.0,7.28,8.13,0.0,0.0,Sagittario_2
f_15a,15.0,16.67,1.67,2.0,0.0,0.0,197.0,44.32,0.98,0.97,0.05,0.05,0.0,,,,,,F-15A
cn_pt_76,13.0,50.0,0.0,0.0,0.5,1.0,0.0,,,,,,0.0,,,,,,PT-76_(China)
us_mbt_70,19.0,0.0,0.0,0.0,2.0,2.4,1356.0,55.69,0.0,0.0,1.82,1.47,0.0,,,,,,MBT-70
mosquito_f_mk2_norway,14.0,,,1.36,,0.0,14.0,,,,,,0.0,,,,,,◢Mosquito_F.Mk.II
uk_valentine_mk_1,14.0,,,,,,0.0,,,,,,0.0,,,,,,Valentine_I
uk_a_12_mk_2_matilda_2,14.0,,,0.0,,0.5,43.0,72.41,0.0,0.0,1.66,2.41,0.0,,,,,,Matilda_III
me-410a-1_u2,13.0,,,0.0,,0.0,0.0,,,,,,0.0,,,,,,Me_410_A-1/U2
il-2m_mstitel,13.0,75.0,1.47,1.73,4.63,5.17,53.0,94.64,1.0,1.0,3.23,3.23,0.0,,,,,,"IL-2M_""Avenger"""
germ_pzkpfw_VI_tiger_P,14.0,,,0.0,,3.86,58.0,42.86,0.0,0.0,1.55,1.9,0.0,,,,,,VK_45.01_(P)
b-29,11.0,100.0,0.0,0.0,4.55,4.55,0.0,,,,,,0.0,,,,,,B-29A-BN
beaufighter_mk6c,11.0,100.0,1.0,,3.0,,6.0,,,0.0,,1.0,0.0,,,,,,Beaufighter_Mk_VIc
hurricanemkii,12.0,100.0,3.0,3.56,1.13,1.06,21.0,,,0.0,,0.0,0.0,,,,,,Hurricane_Mk_IIB/Trop
ussr_zis_43,12.0,100.0,1.0,1.0,1.0,1.0,8.0,0.0,0.0,0.0,1.38,1.38,0.0,,,,,,ZiS-43
sw_strf_90b,12.0,,,0.0,,1.0,103.0,83.23,0.26,0.22,2.7,2.19,37.0,75.44,0.0,0.0,2.06,1.92,Strf_9040B
germ_sturmmorser_sturmtiger,13.0,100.0,0.0,,1.31,,25.0,50.0,0.0,0.0,1.18,1.8,0.0,,,,,,38_cm_Sturmmörser
fr_amx_10rc,12.0,,,,,,171.0,51.81,0.0,0.0,1.24,1.37,0.0,,,,,,AMX-10RC
uk_challenger_2_dorchester,14.0,0.0,0.0,0.0,4.0,2.92,184.0,50.0,0.0,0.0,1.81,1.75,0.0,,,,,,Challenger_2_(2F)
iar_81c,15.0,,,9.67,,2.67,10.0,,,0.0,,1.0,0.0,,,,,,IAR-81C
germ_mkpz_m47,14.0,,,0.0,,1.0,0.0,,,,,,0.0,,,,,,mKPz_M47_G
bf-109e-1,15.0,,,2.0,,1.0,48.0,27.78,1.17,0.44,0.28,0.29,0.0,,,,,,Bf_109_E-1
saab_sk60b,13.0,,,,,,137.0,71.06,0.78,0.93,2.23,1.98,0.0,,,,,,SK60B
f2g-1,12.0,100.0,1.0,1.0,0.0,0.0,98.0,32.5,1.05,0.93,2.52,2.22,0.0,,,,,,F2G-1
f2a-3,12.0,,,1.0,,0.0,22.0,,,0.0,,0.0,0.0,,,,,,F2A-3
sw_cv_90105,12.0,50.0,0.0,0.0,0.96,1.92,293.0,58.33,0.0,0.0,1.49,1.57,0.0,,,,,,CV_90105_TML
germ_panzerjager_tiger_P_ferdinand,12.0,100.0,0.0,0.0,2.0,2.0,211.0,24.78,0.0,0.0,3.63,2.38,0.0,,,,,,Ferdinand
ussr_btr_zd,12.0,,,,,,322.0,64.61,0.58,0.41,1.96,1.39,0.0,,,,,,BTR-ZD
us_rdf_lt,13.0,,,0.0,,1.0,772.0,52.93,0.15,0.15,1.68,1.26,0.0,,,,,,RDF/LT
sw_strv_105,12.0,,,,,,216.0,55.87,0.0,0.0,1.49,1.54,5.0,50.0,0.0,0.0,2.0,4.0,Strv_105
bf-109b_2,12.0,100.0,0.0,0.0,0.0,0.0,0.0,,,,,,0.0,,,,,,Bf_109_B-1
a-20g,12.0,,,,,,0.0,,,,,,0.0,,,,,,A-20G-25
jp_btr_3e1,12.0,,,0.0,,0.0,144.0,41.13,0.0,0.0,0.87,0.72,0.0,,,,,,BTR-3E1
jp_type_87_rcv,12.0,,,,,,233.0,55.99,0.0,0.0,1.06,1.09,0.0,,,,,,Type_87_RCV
us_mim_72_chaparral,14.0,85.71,0.86,0.5,0.0,0.0,39.0,50.0,0.5,0.47,0.0,0.0,0.0,,,,,,Imp.Chaparral
us_xm_800t,15.0,100.0,1.0,,1.0,,2297.0,55.99,0.0,0.0,1.53,1.35,25.0,50.0,0.0,0.0,1.8,1.8,XM800T
mig-21_mf,12.0,,,0.42,,0.0,288.0,58.42,1.46,1.81,0.25,0.3,13.0,,,,,,◊MiG-21MF
nf_5a_netherlands,7.0,88.89,8.33,9.83,0.1,0.17,259.0,70.92,2.76,3.48,0.85,1.14,0.0,,,,,,◘NF-5A
spitfire_mk5b_float,14.0,50.0,3.0,3.0,0.0,0.0,0.0,,,,,,0.0,,,,,,Spitfire_Mk.Vb_(Float)
germ_pzkpfw_V_ersatz_m10,14.0,100.0,0.0,0.0,3.88,6.5,9.0,,,0.0,,4.5,0.0,,,,,,Ersatz_M10
it_semovente_m43_105_leoncello,11.0,100.0,0.0,0.0,4.09,4.09,0.0,,,,,,0.0,,,,,,"M43_""G.C.Leoncello"""
mirage_5f,12.0,100.0,1.2,1.2,3.0,3.0,72.0,61.11,1.15,1.15,0.98,0.98,0.0,,,,,,Mirage_5F
me_210a_1,13.0,100.0,1.0,1.0,5.33,4.54,6.0,,,0.0,,0.0,0.0,,,,,,Me_210_A-1
fr_bat_chat_25t,11.0,,,0.0,,2.0,269.0,53.59,0.0,0.0,3.66,2.28,16.0,,,,,,Char_25t
jp_type_74,14.0,100.0,0.0,0.0,3.43,3.43,728.0,52.55,0.0,0.0,1.67,1.49,10.0,,,0.0,,2.0,Type_74_(E)
fiat_g91_ys,9.0,66.67,3.33,2.43,0.33,0.33,35.0,100.0,0.0,0.0,2.5,2.14,0.0,,,,,,G.91_YS
il_magach_6_rocket,9.0,50.0,0.0,0.0,2.13,1.93,259.0,85.04,0.0,0.0,4.4,2.95,0.0,,,,,,Magach_Hydra
it_m55,13.0,,,,,,18.0,,,0.0,,1.0,0.0,,,,,,M55
uk_a_22f_mk_7_churchill_1944,12.0,50.0,0.0,0.0,5.58,5.58,39.0,100.0,0.0,0.0,4.2,2.69,4.0,,,,,,Churchill_VII
bf-109c_1,12.0,,,2.0,,0.83,0.0,,,,,,0.0,,,,,,Bf_109_C-1
i-16_type5,13.0,,,2.0,,0.0,60.0,100.0,7.0,12.81,1.4,2.67,0.0,,,,,,I-16_type_5
lancaster_mk3,13.0,100.0,1.0,1.0,3.0,3.0,33.0,0.0,0.0,0.0,0.0,0.0,0.0,,,,,,Lancaster_B_Mk_III
mig-9_china,13.0,,,2.0,,1.0,44.0,,,1.0,,0.0,0.0,,,,,,MiG-9_(China)
mig-15bis_nr23_german,13.0,,,1.0,,0.0,150.0,53.67,1.64,1.73,0.43,0.52,0.0,,,,,,◊MiG-15bis
jp_type_4_ho_ro,11.0,,,,,,28.0,33.33,0.0,0.0,0.3,0.2,0.0,,,,,,Ho-Ro
fa_18c_early,13.0,50.0,1.0,1.15,0.0,0.0,1537.0,51.95,1.0,1.11,0.39,0.44,28.0,,,1.65,,1.0,F/A-18C_Early
g8n1,13.0,,,0.0,,1.15,63.0,50.0,1.16,1.39,0.01,0.01,0.0,,,,,,G8N1
p-47d-28,13.0,,,2.23,,1.46,113.0,39.89,1.39,1.96,0.53,0.64,0.0,,,,,,P-47D-28
spitfire_mk18e,13.0,0.0,2.0,2.0,0.0,0.0,0.0,,,,,,0.0,,,,,,Spitfire_F_Mk_XVIIIe
mig-9_late_china,13.0,,,1.77,,0.15,0.0,,,,,,0.0,,,,,,MiG-9_(l)_(China)
ussr_t_50,13.0,,,,,,136.0,69.36,0.0,0.0,4.11,1.92,0.0,,,,,,T-50
jp_type_3_ho_ni_I,11.0,,,0.0,,1.0,43.0,50.0,0.0,0.0,1.5,0.91,0.0,,,,,,Ho-Ni_I
cn_type_63_I,11.0,,,,,,132.0,47.2,0.0,0.0,0.62,0.53,0.0,,,,,,Type_63-I
germ_pzsfl_IVa_dickermax,13.0,100.0,0.0,0.0,3.0,3.0,63.0,11.91,0.0,0.0,4.5,3.04,0.0,,,,,,Dicker_Max
ussr_btr_152a,13.0,0.0,1.0,,0.0,,27.0,3.03,0.37,0.39,0.0,0.0,0.0,,,,,,BTR-152A
mirage_3c,12.0,,,0.9,,0.0,250.0,65.99,1.63,2.36,0.19,0.3,0.0,,,,,,Mirage_IIIC
uk_ratel_20,14.0,50.0,0.5,0.5,0.5,0.5,64.0,12.35,0.0,0.0,1.04,0.71,0.0,,,,,,Ratel_20
germ_thyssen_henschel_tam,12.0,0.0,0.0,0.0,0.0,0.3,906.0,45.33,0.0,0.0,1.1,0.99,57.0,88.89,0.0,0.0,1.8,1.35,TAM
germ_bmp_1_ddr,11.0,,,,,,165.0,40.8,0.0,0.0,0.97,0.68,0.0,,,,,,SPz_BMP-1
pbm_3,13.0,,,,,,0.0,,,,,,0.0,,,,,,"PBM-3_""Mariner"""
germ_mkpz_m48a2c,9.0,,,0.0,,0.5,403.0,29.48,0.0,0.0,0.84,0.78,57.0,47.1,0.0,0.0,1.33,1.75,M48A2_C
us_m7,13.0,,,0.0,,1.15,6.0,100.0,0.0,0.0,6.17,6.17,0.0,,,,,,M7
us_m4a2_1944_germ,12.0,,,0.0,,2.0,0.0,,,,,,0.0,,,,,,M4_748_(a)
cn_m10,10.0,,,0.0,,3.0,45.0,100.0,0.0,0.0,3.75,1.26,0.0,,,,,,M10_GMC_(China)
stirling_mk3,11.0,,,0.0,,3.0,0.0,,,,,,0.0,,,,,,Stirling_B_Mk_III
do_217k_1,10.0,,,,,,12.0,,,0.0,,0.0,0.0,,,,,,Do_217_K-1
bf-109g-2_romania,10.0,,,,,,0.0,,,,,,0.0,,,,,,Bf_109_G-2
su-2_tss1,10.0,,,0.0,,2.6,0.0,,,,,,0.0,,,,,,Su-2_TSS-1
yak-9t_france,11.0,,,2.0,,0.0,23.0,,,,,,0.0,,,,,,Challe's_Yak-9T
sw_strv121b_christian2,13.0,,,0.0,,2.6,644.0,58.01,0.0,0.0,3.17,2.27,0.0,,,,,,Christian_II
germ_wiesel_2_adwc,12.0,,,,,,97.0,42.86,1.9,3.05,0.0,0.0,0.0,,,,,,Ozelot
shackleton_mr_mk_2,12.0,,,1.0,,1.0,0.0,,,,,,0.0,,,,,,Shackleton_MR.Mk.2
fw-190a-5_japan,13.0,,,2.0,,0.0,63.0,81.25,1.25,1.55,1.13,1.0,0.0,,,,,,Fw_190_A-5
ki_44_2_hei_china,11.0,,,,,,7.0,,,,,,0.0,,,,,,Ki-44-II_hei_(China)
a6m2_zero_china,12.0,,,1.0,,0.0,18.0,,,,,,0.0,,,,,,A6M2_(China)
sw_t_54_1951,10.0,100.0,0.0,,1.0,,153.0,47.32,0.0,0.0,1.22,1.23,0.0,,,,,,T-54
re_2005_vdm,13.0,,,3.29,,1.0,166.0,80.4,2.68,2.06,2.26,1.71,0.0,,,,,,Re.2005_(VDM)
boomerang_mkii,10.0,,,,,,0.0,,,,,,0.0,,,,,,Boomerang_Mk_II
boomerang_mki,10.0,,,1.0,,0.0,0.0,,,,,,0.0,,,,,,Boomerang_Mk_I
sw_leopard_1a5no,12.0,,,0.0,,1.58,237.0,43.09,0.0,0.0,3.04,1.88,0.0,,,,,,Leopard_1A5NO2
it_semovente_m43_75_46,12.0,100.0,0.0,0.0,0.63,0.6,0.0,,,,,,0.0,,,,,,75/46_M43
sw_strv_81,10.0,100.0,0.0,0.0,0.0,0.0,244.0,45.85,0.0,0.0,1.17,1.02,0.0,,,,,,Strv_81
ussr_object_416,11.0,,,,,,31.0,93.33,0.0,0.0,7.94,3.08,0.0,,,,,,Объект_416
amx,10.0,100.0,1.0,1.0,4.0,4.0,0.0,,,,,,0.0,,,,,,AMX
il_28_china,10.0,,,1.0,,4.0,0.0,,,,,,0.0,,,,,,H-5
mirage_5ba,10.0,100.0,1.0,1.0,4.0,4.0,0.0,,,,,,0.0,,,,,,Mirage_5BA
ia_58a_pucara,8.0,83.33,2.83,7.0,1.17,3.0,332.0,61.58,1.08,1.46,2.05,2.76,0.0,,,,,,IA.58A_Pucara
f-104g_italy,10.0,100.0,2.0,2.0,4.0,4.0,0.0,,,,,,0.0,,,,,,F-104G
f-104s,10.0,100.0,1.0,1.0,3.0,3.0,0.0,,,,,,7.0,,,1.0,,0.0,F-104S
spitfire_ix_plagis,8.0,100.0,3.5,3.5,0.0,0.0,1.0,100.0,2.0,,0.0,,0.0,,,,,,Plagis'_Spitfire_LF_Mk_IXc
tornado_ids_it,10.0,100.0,2.0,2.0,2.0,2.0,0.0,,,,,,0.0,,,,,,Tornado_IDS
a6m5otsu,8.0,0.0,7.25,3.63,1.0,0.5,74.0,88.46,1.47,1.23,1.37,1.14,0.0,,,,,,A6M5_otsu
ussr_valentine_mk_9,10.0,,,,,,14.0,100.0,0.0,0.0,2.0,2.0,0.0,,,,,,"МК-IX_""Valentine"""
mig-21_bis_sau_hungary,10.0,100.0,1.0,1.0,2.0,2.0,75.0,40.0,1.0,1.3,0.0,0.0,20.0,,,1.0,,0.0,◔MiG-21bis-SAU
mig-15bis_nr23_china,9.0,50.0,4.83,5.33,0.5,0.5,3.0,,,1.0,,0.0,0.0,,,,,,J-2
f-86f-30_china,10.0,,,1.2,,1.0,19.0,100.0,2.0,2.0,1.0,1.0,0.0,,,,,,F-86F-30_(China)
fiat_g91_y,7.0,66.67,4.67,2.9,0.0,0.0,9.0,,,0.0,,1.0,0.0,,,,,,G.91_Y
jaguar_e,10.0,100.0,1.0,1.0,2.0,2.0,48.0,50.0,0.5,1.0,2.0,4.0,0.0,,,,,,Jaguar_E
meteor_fmk8_iaf,10.0,,,1.8,,1.0,46.0,50.0,1.33,1.75,0.83,1.05,0.0,,,,,,Meteor_F.8_(Israel)
f-5t_thailand,10.0,,,,,,46.0,50.0,1.09,1.97,0.56,1.0,0.0,,,,,,F-5T_SCU
it_otomatic,11.0,100.0,2.0,2.0,0.0,0.0,145.0,45.06,1.04,1.13,3.29,3.9,0.0,,,,,,OTOMATIC
uk_a27m_cromwell_5_rp3,12.0,,,0.0,,3.78,6.0,,,0.0,,1.0,0.0,,,,,,Cromwell_V_(RP-3)
fr_m4a1_sherman_fl_10,11.0,,,0.0,,3.45,163.0,60.97,0.0,0.0,3.79,2.23,0.0,,,,,,M4A1_(FL10)
fiat_cr42_j11,10.0,0.0,2.0,2.0,2.0,2.0,0.0,,,,,,0.0,,,,,,J11
er-2_m105r_lu2b,10.0,100.0,0.0,0.0,3.0,1.7,0.0,,,,,,0.0,,,,,,Yer-2_(M-105R)_LU
ro_57_quadriarma,10.0,,,0.0,,2.0,0.0,,,,,,0.0,,,,,,Ro.57_Quadriarma
p-36g,11.0,,,,,,0.0,,,,,,0.0,,,,,,P-36G
meteor_frmk9_iaf,10.0,,,1.0,,1.0,23.0,100.0,1.0,1.0,1.0,1.0,0.0,,,,,,Meteor_FR.9_(Israel)
f-84f_italy,10.0,,,0.0,,1.0,0.0,,,,,,0.0,,,,,,F-84F
it_leopard_bofors,10.0,,,0.0,,2.0,184.0,100.0,0.0,0.0,2.4,1.29,0.0,,,,,,Leopard_40/70
f-8e_fn,10.0,100.0,1.2,1.2,1.0,1.0,72.0,50.0,1.0,1.0,0.3,0.3,0.0,,,,,,F-8E(FN)
us_m46_patton_73_armor_bat,10.0,50.0,0.5,1.0,1.0,2.0,538.0,63.66,0.01,0.01,2.71,2.25,0.0,,,,,,"M46_""Tiger"""
mig-21_mf_hungary,10.0,100.0,1.0,1.0,1.0,1.0,44.0,50.0,1.0,2.0,0.0,0.0,0.0,,,,,,◔MiG-21MF
jp_m60a3_tts,10.0,,,0.0,,1.0,110.0,33.83,0.0,0.0,3.17,2.04,0.0,,,,,,M60A3_TTS
g_55s,11.0,100.0,2.0,1.27,0.0,0.0,113.0,63.98,3.13,7.45,0.67,1.65,0.0,,,,,,G.55S
jp_type_75_mlrs,9.0,0.0,0.0,0.0,2.0,2.0,20.0,50.0,0.0,0.0,0.5,0.5,0.0,,,,,,Type_75_MLRS
p-51_a-36,11.0,100.0,3.0,3.0,1.0,1.0,34.0,0.0,1.67,0.94,0.0,0.59,0.0,,,,,,A-36
jp_type_90b,10.0,,,0.0,,1.0,211.0,51.63,0.0,0.0,1.77,2.0,0.0,,,,,,Type_90_(B)
tu_4_china,10.0,100.0,0.0,0.0,1.0,1.0,1.0,50.0,0.5,1.0,0.5,1.0,0.0,,,,,,Tu-4_(China)
xf5u_1,11.0,,,1.0,,0.0,24.0,,,,,,0.0,,,,,,XF5U-1
he51c1,11.0,,,,,,0.0,,,,,,0.0,,,,,,He_51_C-1
sw_t_80u,11.0,50.0,0.0,0.0,1.0,1.09,185.0,51.3,0.0,0.0,3.09,1.53,0.0,,,,,,T_80_U
p-40f_10,11.0,,,,,,12.0,50.0,0.5,0.5,1.5,1.5,0.0,,,,,,P-40F-10
ki_10_2,11.0,,,,,,0.0,,,,,,0.0,,,,,,Ki-10-II
i-153_m62_china,9.0,0.0,1.0,1.0,0.0,0.0,0.0,,,,,,0.0,,,,,,I-153_M-62_(China)
spitfire_mk9c_iaf,9.0,,,2.67,,0.0,41.0,100.0,3.69,,0.0,,0.0,,,,,,Spitfire_Mk_IXc_(Israel)
ussr_t_72b3_arena,10.0,,,0.0,,2.0,491.0,36.95,0.0,0.0,1.0,1.01,6.0,100.0,0.0,0.0,1.0,1.0,"Т-72Б3_""Арена"""
p-40e,11.0,,,1.0,,1.0,24.0,100.0,0.0,0.0,0.0,0.0,0.0,,,,,,P-40E-1
il_2_1941,9.0,,,,,,50.0,72.22,0.0,0.0,1.5,0.74,3.0,,,0.0,,0.0,IL-2_(1941)
ussr_isu_122s,9.0,,,0.0,,1.0,57.0,0.0,0.0,0.0,1.0,0.57,0.0,,,,,,ISU-122S
sw_leopard_2a4_fin,11.0,50.0,0.0,0.0,0.5,1.0,260.0,71.37,0.0,0.0,2.04,2.07,0.0,,,,,,Leopard_2A4
f_14b,11.0,100.0,5.0,0.56,0.0,0.0,147.0,48.17,0.63,0.95,0.0,0.0,6.0,,,0.0,,0.0,F-14B
i-16_type10_china,9.0,0.0,1.0,1.0,0.0,0.0,0.0,,,,,,0.0,,,,,,I-16_type_10_(China)
p-47m-1-re,12.0,,,2.0,,4.0,164.0,85.37,1.03,1.41,3.24,2.79,0.0,,,,,,P-47M-1-RE
ki_10_1_commander,11.0,,,,,,0.0,,,,,,0.0,,,,,,Ki-10-I_C
ussr_bmd_4,10.0,,,,,,445.0,45.2,0.0,0.0,1.54,1.27,13.0,100.0,0.0,0.0,6.0,3.0,BMD-4
jp_type_3_ka_chi,10.0,,,,,,1.0,,,,,,0.0,,,,,,Ka-Chi
uk_valentine_mk_11,8.0,,,,,,90.0,56.9,0.0,0.0,2.54,2.42,0.0,,,,,,Valentine_XI
uk_crusader_mk_3,8.0,,,,,,42.0,50.0,0.0,0.0,3.5,2.71,0.0,,,,,,Crusader_III
us_m60a1_rise_passive_era,6.0,66.67,0.3,0.5,1.7,2.5,309.0,59.97,0.0,0.0,2.05,1.64,0.0,,,,,,M60A1_RISE_(P)
hunter_f1,8.0,,,1.25,,1.5,102.0,100.0,4.68,11.96,0.09,0.35,0.0,,,,,,Hunter_F.1
a_10a_early,8.0,,,2.0,,1.0,406.0,47.76,0.58,0.77,3.23,4.19,209.0,3.7,1.08,0.23,9.7,2.2,A-10A
germ_pzkpfw_38t_Marder_III,10.0,,,0.0,,2.0,0.0,,,,,,0.0,,,,,,Marder_III
sw_sav_m43_1946,10.0,,,,,,0.0,,,,,,0.0,,,,,,Sav_m/43_(1946)
uk_vickers_mk7,10.0,80.0,0.0,0.0,1.8,1.8,117.0,48.93,0.0,0.0,2.95,2.34,4.0,,,0.0,,2.0,Vickers_Mk.7
us_skink_aa,9.0,,,1.0,,0.0,182.0,43.07,0.47,0.59,0.2,0.21,0.0,,,,,,Skink
ussr_btr_152d,8.0,33.33,1.0,1.67,0.0,0.0,339.0,21.94,2.55,1.27,0.0,0.0,0.0,,,,,,BTR-152D
cn_t_26_1940,8.0,,,0.0,,2.0,0.0,,,,,,0.0,,,,,,T-26_(China)
it_semovente_m41_75_32,9.0,,,,,,0.0,,,,,,0.0,,,,,,75/32_M41
it_semovente_breda_501,10.0,100.0,0.0,0.0,2.88,2.9,110.0,100.0,0.0,0.0,4.65,2.95,0.0,,,,,,Breda_501
cn_type_69,11.0,,,0.0,,1.89,56.0,51.33,0.0,0.0,1.67,2.53,0.0,,,,,,Type_69
f9f-5,9.0,33.33,1.0,1.5,0.0,0.0,0.0,,,,,,0.0,,,,,,F9F-5
uk_chieftain_mk_10,8.0,70.0,0.0,0.0,1.2,1.6,168.0,64.37,0.0,0.0,2.4,1.33,0.0,,,,,,Chieftain_Mk_10
germ_sdkfz_251_22,10.0,,,,,,4.0,,,0.0,,0.5,0.0,,,,,,Sd.Kfz.251/22
f4u-6_au-1,9.0,,,1.0,,0.0,146.0,84.26,1.07,1.06,3.53,3.37,0.0,,,,,,AU-1
ussr_su_100_1945,8.0,100.0,0.0,0.0,1.25,1.25,107.0,26.54,0.0,0.0,1.63,1.24,0.0,,,,,,SU-100
ki_61_1a_ko,9.0,0.0,4.0,2.89,0.0,0.0,0.0,,,,,,0.0,,,,,,Ki-61-I_ko
germ_flarakpz_1,8.0,,,,,,56.0,78.79,1.39,2.65,0.0,0.0,1.0,,,,,,FlaRakPz_1
il-10_1946,9.0,,,1.0,,0.0,111.0,86.51,0.54,0.41,4.11,3.9,0.0,,,,,,IL-10_(1946)
us_m4a3_105_sherman,10.0,,,,,,88.0,0.0,0.0,0.0,6.67,3.24,0.0,,,,,,M4A3_(105)
sw_pvlvv_fm42,10.0,,,,,,8.0,0.0,0.0,0.0,2.0,2.0,0.0,,,,,,Pvlvv_fm/42
it_zsu_57_2,9.0,,,,,,117.0,74.64,0.0,0.0,2.8,1.28,0.0,,,,,,◔ZSU-57-2
yak-28b,9.0,,,0.0,,1.0,36.0,50.0,0.48,0.95,0.5,1.0,0.0,,,,,,Yak-28B
bf-109f-2,10.0,,,0.0,,0.0,36.0,50.0,0.5,0.5,0.5,0.5,0.0,,,,,,Bf_109_F-2
germ_marder_1a1,8.0,100.0,0.0,0.0,0.0,0.0,320.0,30.0,0.0,0.0,0.45,0.39,0.0,,,,,,Marder_A1-
germ_wiesel_1_mk20,8.0,50.0,0.0,0.0,0.0,0.0,886.0,38.64,0.27,0.24,0.92,0.78,0.0,,,,,,Wiesel_1A4
us_m3_bradley,9.0,,,0.0,,0.0,501.0,66.61,0.07,0.07,1.81,1.34,0.0,,,,,,M3_Bradley
f1,6.0,50.0,4.67,9.33,0.83,1.67,47.0,61.56,1.51,2.71,1.03,1.65,0.0,,,,,,F-1
jp_tkx_prot,10.0,100.0,0.0,0.0,6.2,7.0,353.0,62.74,0.0,0.0,3.94,2.48,0.0,,,,,,TKX
uk_a39_tortoise,8.0,50.0,0.0,0.0,4.0,8.0,9.0,,,,,,0.0,,,,,,Tortoise
mosquito_fb_mk26_china,9.0,,,1.0,,3.0,0.0,,,,,,0.0,,,,,,Mosquito_FB.Mk.26
f-5a_thailand,7.0,100.0,4.67,4.67,19.0,19.0,58.0,56.41,1.97,2.37,0.45,0.63,0.0,,,,,,F-5A
b_25j_30_china,9.0,,,1.0,,2.0,0.0,,,,,,0.0,,,,,,B-25J-30_(China)
sw_strf_90c,10.0,50.0,1.0,1.0,1.5,1.5,173.0,79.09,0.0,0.0,1.85,1.91,0.0,,,,,,Strf_9040C
sw_crotale_ng,10.0,100.0,2.0,,2.0,,12.0,,,,,,0.0,,,,,,ItO_90M
uk_a_13_mk1_3rd_rtr,9.0,,,,,,0.0,,,,,,0.0,,,,,,A13_Mk_I_(3rd_R.T.R.)
sw_k9_vidar,8.0,,,0.0,,2.0,62.0,73.7,0.0,0.0,3.71,1.88,0.0,,,,,,VIDAR
ussr_gaz_mm_72k,8.0,,,,,,25.0,0.0,0.0,0.39,5.0,1.89,0.0,,,,,,GAZ-MM_(72-K)
il_tiran_6,6.0,50.0,0.0,0.0,1.5,3.0,49.0,69.79,0.0,0.0,3.0,2.32,0.0,,,,,,Tiran_6
it_p_40,9.0,,,,,,8.0,100.0,0.0,0.0,5.0,2.5,0.0,,,,,,P40
us_m1128_wolfpack,8.0,,,0.0,,2.75,530.0,52.91,0.0,0.0,1.57,1.06,0.0,,,,,,M1128_Wolfpack
vampire_fb52a_italy,9.0,100.0,2.0,2.0,0.0,0.0,7.0,,,,,,0.0,,,,,,Vampire_FB_52A
uk_m109a1,8.0,,,0.0,,2.25,4.0,100.0,0.0,0.0,1.0,1.0,0.0,,,,,,M109A1
f8f1b_france,8.0,,,2.0,,0.0,176.0,80.38,1.07,1.52,1.81,2.61,0.0,,,,,,F8F-1B
tu-2,8.0,,,1.0,,1.13,73.0,58.77,0.82,0.52,3.05,2.06,4.0,,,,,,Tu-2S
fw-190d-12,8.0,100.0,1.0,1.0,0.0,0.0,37.0,,,0.48,,1.0,0.0,,,,,,Fw_190_D-12
md_450b_barougan,8.0,,,1.0,,0.0,0.0,,,,,,0.0,,,,,,M.D.450B_Barougan
f4u-7,8.0,,,,,,115.0,58.84,0.7,0.77,1.83,2.55,0.0,,,,,,F4U-7
yak-9p_hungary,8.0,,,2.88,,0.0,17.0,100.0,1.0,1.0,1.0,1.0,0.0,,,,,,◔Yak-9P
p-47n-15,7.0,,,,,,44.0,50.0,0.48,0.44,1.88,2.02,0.0,,,,,,P-47N-15
ki_84_ko,8.0,,,1.0,,0.0,33.0,61.11,1.06,1.81,0.55,1.03,3.0,,,,,,Ki-84_ko
fr_amx_30_ACRA,7.0,,,,,,51.0,78.26,0.0,0.0,2.87,1.65,8.0,50.0,0.0,0.0,1.0,1.0,AMX-30_ACRA
uk_skink_aa,8.0,0.0,2.0,,0.0,,98.0,27.98,1.33,1.43,0.21,0.41,0.0,,,,,,Skink
la-9_china,8.0,,,,,,38.0,69.89,0.9,1.39,0.29,0.56,2.0,,,,,,La-9_(China)
il_magach_6b_gal_batash,7.0,,,0.0,,1.43,55.0,48.48,0.0,0.0,3.02,3.38,0.0,,,,,,Gal_Batash
ffvs_j22_a,8.0,100.0,1.0,1.0,0.0,0.0,0.0,,,,,,0.0,,,,,,J22-A
b-17g,8.0,,,,,,1.0,,,,,,0.0,,,,,,B-17G-60-VE
f_14a_early,9.0,,,0.44,,0.0,142.0,50.0,1.06,1.1,0.0,0.0,12.0,,,,,,F-14A_Early
f-80,10.0,50.0,1.0,2.0,0.5,1.0,91.0,33.33,0.8,0.8,0.87,0.87,0.0,,,,,,F-80C-10
fr_amx_10p,9.0,,,0.0,,0.0,366.0,53.31,0.73,0.68,0.54,0.49,0.0,,,,,,AMX-10P
germ_schutzenpanzer_puma_vjtf,10.0,,,0.0,,0.0,454.0,42.14,0.04,0.04,1.22,0.96,11.0,0.0,0.0,0.0,0.0,0.0,PUMA_VJTF
it_m3a3_stuart,7.0,,,0.0,,0.0,14.0,,,,,,0.0,,,,,,M3A3
intruder_mk_1,8.0,,,,,,0.0,,,,,,0.0,,,,,,Havoc_Mk_I
a6m3_mod22ko_zero,7.0,0.0,3.5,3.5,0.0,0.0,4.0,100.0,0.0,,0.0,,0.0,,,,,,A6M3_mod._22Ko
a-26b_10,9.0,100.0,1.0,1.0,7.67,7.67,20.0,50.0,0.65,1.3,0.05,0.1,0.0,,,,,,A-26B-10
fw_190a_5_u14,8.0,,,,,,0.0,,,,,,0.0,,,,,,Fw_190_A-5/U14
i-16_type10,7.0,,,1.0,,0.0,0.0,,,,,,0.0,,,,,,I-16_type_10
he_100d_1,8.0,,,2.0,,0.0,1.0,,,,,,0.0,,,,,,He_100_D-1
p-63a-5,9.0,14.29,2.71,2.71,0.57,0.57,89.0,66.13,2.02,2.08,3.06,3.73,0.0,,,,,,P-63A-5
fw-190f-8,6.0,,,1.83,,0.0,518.0,50.32,1.2,1.18,0.62,0.58,0.0,,,,,,Fw_190_F-8
i-153_m62,7.0,,,1.0,,0.0,0.0,,,,,,0.0,,,,,,I-153_M-62
ussr_pt_76_57,10.0,83.34,0.15,0.15,1.85,1.85,63.0,100.0,0.0,0.0,5.72,3.05,21.0,,,0.0,,1.76,PT-76-57
f9f-8,6.0,50.0,0.5,1.0,0.0,0.0,231.0,52.48,0.87,0.95,0.42,0.41,0.0,,,,,,F9F-8
la_200_toriy,6.0,30.0,1.4,2.33,0.0,0.0,100.0,65.91,1.57,1.43,0.04,0.08,0.0,,,,,,La-200
il_m48a1_patton_III,6.0,,,0.0,,1.0,103.0,50.0,0.0,0.0,1.0,0.85,0.0,,,,,,Magach_1
us_m247,7.0,,,,,,235.0,53.84,1.74,1.43,0.14,0.11,0.0,,,,,,M247
germ_th_400,7.0,100.0,0.0,0.0,2.0,1.4,176.0,56.94,0.0,0.0,2.72,1.35,0.0,,,,,,R400
leo_451_late,8.0,,,,,,14.0,50.0,0.5,1.0,4.0,8.0,0.0,,,,,,LeO_451_late
p-47d_22_re,8.0,100.0,1.0,1.0,1.63,1.63,67.0,95.65,1.54,1.81,2.22,3.03,0.0,,,,,,P-47D-22-RE
cr_32,6.0,,,,,,0.0,,,,,,0.0,,,,,,CR.32
p-51c-11-nt_japan,8.0,,,,,,29.0,96.49,1.39,1.7,0.24,1.3,0.0,,,,,,P-51C-11-NT
p-51c-11-nt_china,6.0,,,1.0,,0.0,27.0,100.0,2.32,2.32,0.11,0.11,0.0,,,,,,P-51C-11-NT_(China)
he-111h-6,5.0,100.0,0.0,0.0,5.0,5.0,16.0,100.0,0.0,0.0,5.0,5.0,0.0,,,,,,He_111_H-6
mosquito_j30_sweden,6.0,,,3.0,,0.33,33.0,50.0,0.5,0.08,1.0,1.0,0.0,,,,,,Mosquito_J30
saab_ja37di_f21,7.0,,,2.29,,0.29,492.0,51.16,1.05,1.16,0.25,0.26,84.0,,,1.05,,0.0,JA37DI_F21
yak-30d,4.0,100.0,3.0,3.0,2.0,2.0,0.0,,,,,,0.0,,,,,,Yak-30D
d3a1,7.0,,,,,,0.0,,,,,,0.0,,,,,,D3A1
alpha_jet_a_thailand,3.0,50.0,1.0,1.0,2.5,2.5,52.0,76.59,0.34,0.31,3.54,4.16,41.0,50.0,0.5,0.93,3.0,2.14,Alpha_Jet_A
uk_challenger_2_megatron,9.0,100.0,0.0,0.0,6.0,3.0,347.0,71.61,0.0,0.0,2.93,1.61,0.0,,,,,,Challenger_2_OES
f_20a,6.0,,,2.5,,1.5,231.0,56.44,1.27,1.45,0.33,0.36,0.0,,,,,,F-20A
saab_t18b_1,6.0,,,1.0,,2.0,3.0,50.0,0.0,0.0,0.0,0.0,0.0,,,,,,T18B
tempest_mkv_vikkers,7.0,100.0,1.0,1.0,1.0,1.0,30.0,100.0,0.86,1.0,1.29,1.33,0.0,,,,,,Tempest_Mk_V_(Vickers_P)
ki_61_1a_hei_ep,5.0,50.0,2.5,5.0,0.0,0.0,31.0,50.0,0.5,0.18,1.0,1.0,11.0,,,,,,Tada's_Ki-61-I_hei
bf-109e-3,6.0,,,2.0,,0.0,49.0,100.0,1.65,0.88,1.65,0.93,0.0,,,,,,Bf_109_E-3
jp_type_10,6.0,,,0.0,,2.0,530.0,58.87,0.0,0.0,3.15,1.99,0.0,,,,,,Type_10
cn_zsl_92,6.0,,,,,,114.0,53.18,0.0,0.0,0.87,0.83,0.0,,,,,,ZSL92
fr_tpk_641_vpc,5.0,,,,,,58.0,5.26,1.74,1.59,0.0,0.0,11.0,,,,,,TPK_6.41
j_15t,6.0,50.0,1.5,1.5,0.0,0.0,317.0,59.73,1.4,2.09,0.43,0.59,5.0,,,1.0,,0.0,J-15T
uk_olifant_mk_1a,6.0,,,0.0,,2.0,190.0,67.03,0.0,0.0,2.55,2.42,0.0,,,,,,Olifant_Mk.1A
su-9,6.0,50.0,1.5,3.0,1.0,2.0,228.0,47.0,0.62,0.75,0.76,0.98,0.0,,,,,,Su-9
fiat_g91_ps,6.0,,,,,,0.0,,,,,,0.0,,,,,,G.91_pre-serie
sm_79_iar_italy,6.0,,,,,,0.0,,,,,,0.0,,,,,,S.M.79_B
ki_100_early,7.0,50.0,1.25,1.86,0.0,0.0,37.0,96.43,0.96,0.39,2.79,2.16,0.0,,,,,,Ki-100
uk_ratel_zt3,6.0,0.0,0.0,0.0,3.0,1.5,172.0,39.49,0.0,0.0,3.18,2.77,0.0,,,,,,ZT3A2
fr_amx_13_dca_40,8.0,25.0,0.75,1.0,0.75,1.0,140.0,56.41,0.22,0.13,0.95,0.59,0.0,,,,,,AMX-13_DCA_40
cn_hj_9,6.0,,,0.0,,1.0,62.0,75.44,0.0,0.0,3.62,2.75,0.0,,,,,,AFT09
p-63c-5_kingcobra_animal_version,6.0,,,1.0,,0.0,48.0,84.13,0.42,0.53,2.72,2.77,0.0,,,,,,␠Kingcobra
f_106a_1972,6.0,50.0,1.0,2.0,0.0,0.0,154.0,38.17,4.85,5.55,0.09,0.29,16.0,,,,,,F-106A
ki_61_2_early,7.0,50.0,1.25,1.86,0.0,0.0,35.0,,,,,,0.0,,,,,,Ki-61-II_Otsu_Kai
us_m4a3e8_76w_sherman_kit_3rank,7.0,,,,,,175.0,85.83,0.0,0.0,7.25,2.44,0.0,,,,,,Sherman_(Hell)
us_m22_locust,7.0,50.0,0.0,0.0,0.5,1.0,175.0,60.13,0.0,0.0,1.22,0.98,0.0,,,,,,M22
sw_l_62_anti_II,4.0,100.0,0.0,0.0,1.5,3.0,69.0,0.0,0.0,0.0,0.96,1.09,2.0,,,,,,L-62_ANTI_II
ki_61_1a_tei,7.0,0.0,1.5,1.29,0.0,0.0,0.0,,,,,,0.0,,,,,,Ki-61-I_tei
il_magach_6m,6.0,,,,,,105.0,49.57,0.0,0.0,1.38,1.36,0.0,,,,,,Magach_6M
us_m2_medium,7.0,0.0,0.0,0.0,0.57,0.57,26.0,,,0.0,,0.0,0.0,,,,,,M2
ussr_kv_122,5.0,0.0,0.0,0.0,1.0,1.0,9.0,,,,,,0.0,,,,,,KV-122
uk_fv107_scimitar,7.0,,,0.0,,0.0,104.0,80.75,0.0,0.0,1.2,0.83,0.0,,,,,,Scimitar
sw_strv_m42_eh,6.0,100.0,0.0,0.0,0.33,0.33,72.0,50.0,0.0,0.0,3.04,2.76,0.0,,,,,,Strv_m/42_EH
he_112b_1,6.0,,,,,,0.0,,,,,,0.0,,,,,,He_112_B-1/U2
beaufighter_mk21,4.0,100.0,2.0,2.0,8.0,8.0,0.0,,,,,,0.0,,,,,,Beaufighter_Mk_21
tu-2_postwar,6.0,,,0.0,,3.0,12.0,0.0,0.0,0.0,2.25,2.25,0.0,,,,,,Tu-2S-44
cn_m8_scott,4.0,100.0,0.0,,3.0,,0.0,,,,,,0.0,,,,,,M8_HMC_(China)
it_40m_turan_1,6.0,,,0.0,,2.0,28.0,39.47,0.0,0.0,1.55,2.57,0.0,,,,,,Turan_I
i_180,6.0,100.0,1.0,1.83,2.0,0.33,14.0,50.0,1.0,1.43,1.0,2.0,0.0,,,,,,I-180S
ki_61_1a_hei,4.0,,,,,,8.0,,,,,,0.0,,,,,,Ki-61-I_hei
saab_j21a_2,4.0,,,1.0,,0.0,13.0,100.0,3.0,,0.0,,0.0,,,,,,J21A-2
fr_amx_elc_901,6.0,,,0.0,,1.0,119.0,64.29,0.0,0.0,2.79,1.7,0.0,,,,,,ELC_901
fa_18a,5.0,90.0,1.8,2.0,0.0,0.0,208.0,54.38,1.81,1.88,0.33,0.38,52.0,,,1.82,,0.0,F/A-18A
germ_pzkpfw_35t,4.0,100.0,0.0,,2.0,,22.0,100.0,0.0,0.0,1.92,1.92,0.0,,,,,,Pz.35(t)
f_16a_block_10,5.0,,,,,,270.0,77.9,0.87,1.02,2.37,2.89,0.0,,,,,,F-16A
il-10,4.0,100.0,4.0,2.25,0.0,1.5,41.0,100.0,1.0,0.23,2.0,1.23,0.0,,,,,,IL-10
hurricane_mk4,4.0,,,1.0,,0.0,0.0,,,,,,0.0,,,,,,Hurricane_Mk_IV
re_2005_serie0,5.0,,,,,,40.0,50.0,0.64,0.26,0.71,0.29,0.0,,,,,,Re.2005_serie_0
yak-15,5.0,,,,,,63.0,51.79,1.54,3.0,0.52,1.0,0.0,,,,,,Yak-15
he-111h-16_winter,6.0,,,0.0,,1.0,54.0,38.41,0.0,0.0,0.96,0.94,0.0,,,,,,He_111_H-16
f_14d,5.0,100.0,1.0,1.0,0.0,0.0,1026.0,47.52,1.04,1.14,0.02,0.03,0.0,,,,,,F-14D
bf-109g-14as,6.0,,,3.0,,0.0,5.0,,,0.5,,0.5,0.0,,,,,,Bf_109_G-14/AS
saab_b17a,5.0,0.0,0.0,0.0,2.0,2.0,0.0,,,,,,0.0,,,,,,B17A
j1n1_mod11_early,6.0,,,,,,0.0,,,,,,0.0,,,,,,J1N1
arado-196a-3,4.0,,,,,,0.0,,,,,,0.0,,,,,,Ar_196_A-3
iar_93b,4.0,100.0,6.0,6.0,11.0,11.0,27.0,50.0,1.0,1.5,0.25,0.25,0.0,,,,,,IAR-93B
q_5a,3.0,,,,,,0.0,,,,,,0.0,,,,,,Q-5A
f_16am_block_20_mlu_netherlands,2.0,100.0,8.0,4.0,0.0,0.0,124.0,80.9,0.93,0.94,0.92,0.95,43.0,,,1.84,,0.64,◘F-16AM
vg_33,3.0,,,,,,2.0,,,0.0,,0.0,0.0,,,,,,V.G.33C-1
kfir_c10_colombia,4.0,100.0,6.0,6.0,1.0,1.0,60.0,59.26,1.4,2.35,0.27,0.39,120.0,100.0,12.37,2.75,0.0,0.0,◡Kfir_C.10
beaufighter_mkx,3.0,100.0,2.0,2.0,6.0,6.0,0.0,,,,,,0.0,,,,,,Beaufighter_Mk_X
fa_18c_finland,4.0,100.0,6.0,6.0,0.0,0.0,0.0,,,,,,0.0,,,,,,F-18C
j_11a,4.0,50.0,3.0,6.0,0.5,1.0,91.0,66.38,1.44,0.85,0.0,0.0,2.0,,,7.0,,0.0,J-11A
pe-2-359,3.0,100.0,0.0,0.0,6.0,6.0,0.0,,,,,,0.0,,,,,,Pe-2-359
saab_b18b,4.0,50.0,1.0,2.0,4.5,9.0,33.0,100.0,0.0,1.0,0.0,0.0,0.0,,,,,,B18B
t2_early,3.0,,,,,,103.0,80.22,1.75,2.66,0.25,0.33,0.0,,,,,,T-2_Early
i-16_type28,4.0,,,2.0,,1.0,0.0,,,,,,0.0,,,,,,I-16_type_28
f_2a_adtw,3.0,,,2.0,,0.0,901.0,60.39,1.65,2.24,0.4,0.55,131.0,0.0,6.0,1.41,1.0,0.08,F-2A_ADTW
f-89b,3.0,100.0,1.0,,1.0,,164.0,55.39,0.35,0.68,0.82,1.5,0.0,,,,,,F-89B
mig-15_ns23,4.0,50.0,1.5,3.0,0.5,1.0,59.0,77.82,4.28,2.8,0.06,0.35,0.0,,,,,,MiG-15
pe-8_m82,3.0,100.0,0.0,0.0,2.0,2.0,93.0,38.17,1.05,1.24,1.0,1.24,0.0,,,,,,Pe-8
mig-21_pfm,3.0,,,,,,0.0,,,,,,0.0,,,,,,MiG-21PFM
f-86f-40_japan,2.0,50.0,1.0,2.0,1.0,2.0,101.0,85.85,3.25,6.1,0.08,0.09,0.0,,,,,,F-86F-40_
us_t32e1,4.0,0.0,0.0,0.0,4.0,4.0,46.0,100.0,0.0,0.0,3.0,1.91,0.0,,,,,,T32E1
yak-1b_luftwaffe,4.0,50.0,2.75,5.5,0.0,0.0,274.0,96.25,5.14,31.24,0.18,1.61,0.0,,,,,,Yak-1B
su-11,3.0,50.0,1.0,2.0,0.5,1.0,158.0,59.68,0.57,0.6,0.73,0.82,0.0,,,,,,Su-11
jp_type_16,2.0,50.0,0.0,0.0,1.5,1.5,24.0,73.61,0.0,0.0,2.33,2.64,0.0,,,,,,Type_16
ussr_zsu_23_4m2,3.0,0.0,1.0,1.0,0.0,0.0,124.0,35.32,0.42,0.45,0.06,0.1,0.0,,,,,,ЗСУ-23-4М2
ju-88a-4_finland,5.0,,,0.0,,3.0,4.0,,,0.0,,1.0,0.0,,,,,,Ju_88_A-4
sb_25j_netherlands,4.0,,,1.0,,1.0,4.0,0.0,0.0,0.0,3.25,3.25,0.0,,,,,,◘SB-25J
seafire_mk3,5.0,,,3.8,,0.0,6.0,,,0.0,,1.0,0.0,,,,,,Seafire_LF_Mk.III
ki_43_3_ko,4.0,50.0,1.0,2.0,0.0,0.0,0.0,,,,,,0.0,,,,,,Ki-43-III_ko_(China)
uk_chieftain_marksman,4.0,,,,,,108.0,64.71,1.29,0.66,1.21,0.57,0.0,,,,,,Chieftain_Marksman
germ_pzsflk40_sturer_emil,3.0,,,0.0,,1.5,20.0,,,0.0,,1.78,0.0,,,,,,Sturer_Emil
gladiator_mk2,4.0,,,1.0,,0.0,0.0,,,,,,0.0,,,,,,Gladiator_Mk_II
p-26a_34_m2,3.0,50.0,2.5,5.0,0.0,0.0,0.0,,,,,,0.0,,,,,,P-26A-34_M2
mosquito_fb_mk6_norway,3.0,50.0,0.67,1.33,0.5,1.0,44.0,50.0,0.0,0.0,0.0,0.0,0.0,,,,,,◢Mosquito_FB.Mk.VI
p-26b_35,3.0,,,1.0,,0.0,0.0,,,,,,0.0,,,,,,P-26B-35
p-26a_33,3.0,50.0,1.0,2.0,0.0,0.0,0.0,,,,,,0.0,,,,,,P-26A-33
sw_ikv_103,3.0,0.0,0.0,0.0,1.0,1.0,31.0,50.0,0.0,0.0,0.28,0.28,0.0,,,,,,Ikv_103
cn_m55,3.0,50.0,0.0,0.0,1.0,2.0,0.0,,,,,,0.0,,,,,,M55_(China)
sw_cv_90120,5.0,,,,,,177.0,81.45,0.0,0.0,3.28,2.11,0.0,,,,,,CV_90120
bf-109f-1,4.0,,,,,,48.0,0.0,0.0,0.0,1.15,0.71,0.0,,,,,,Bf_109_F-1
uk_ttd,3.0,50.0,0.0,0.0,0.5,1.0,178.0,70.81,0.0,0.0,5.38,5.26,0.0,,,,,,TTD
ussr_bmp_2m,4.0,0.0,0.0,0.0,0.0,0.0,971.0,44.82,0.02,0.0,1.08,0.85,7.0,,,0.0,,1.0,BMP-2M
sb2c_5_france,4.0,,,1.0,,0.0,18.0,100.0,0.0,0.0,5.0,5.92,0.0,,,,,,SB2C-5
it_l3_cc,4.0,,,0.0,,0.0,0.0,,,,,,0.0,,,,,,L3/33_CC
uk_m4a5_ram_2,2.0,,,,,,5.0,,,,,,0.0,,,,,,Ram_II
ussr_t_10a,6.0,50.0,0.0,0.0,4.0,2.7,68.0,100.0,0.0,0.0,7.0,3.16,0.0,,,,,,T-10A
us_t30,4.0,100.0,0.0,,5.0,,194.0,58.91,0.0,0.0,2.77,3.02,0.0,,,,,,T30
p-39q_25_france,2.0,,,,,,57.0,91.67,1.14,1.48,0.8,1.06,18.0,,,0.78,,0.0,P-39Q-25
ussr_ba_11,3.0,,,,,,60.0,9.68,0.0,0.0,3.32,2.01,0.0,,,,,,BA-11
seafire_mk3_france,3.0,,,,,,22.0,100.0,1.0,0.29,1.0,0.05,0.0,,,,,,Seafire_LF_Mk.III
ussr_t_28,3.0,,,,,,73.0,62.5,0.0,0.0,5.88,3.59,0.0,,,,,,T-28
germ_leopard_2a4m_can,2.0,,,0.0,,2.0,1469.0,49.12,0.0,0.0,1.85,1.69,0.0,,,,,,Leopard_2A4M
j_10c,3.0,0.0,1.0,1.0,1.0,1.0,62.0,87.18,2.83,2.64,0.36,0.36,0.0,,,,,,J-10C
mig_3_series_1_15_bk_pod,3.0,100.0,3.0,3.0,2.0,2.0,0.0,,,,,,0.0,,,,,,MiG-3-15_(BK)
us_t54e2,3.0,,,,,,0.0,,,,,,0.0,,,,,,T54E2
cn_t_62,3.0,,,,,,2.0,,,,,,0.0,,,,,,Т-62_№545
ussr_su_122,4.0,100.0,0.0,0.0,1.0,1.0,56.0,52.17,0.0,0.0,1.15,1.22,0.0,,,,,,SU-122
me-410b-1_u2,3.0,,,,,,0.0,,,,,,0.0,,,,,,Me_410_B-1/U2
spitfire_ix_usa,3.0,,,,,,216.0,58.66,1.12,1.09,1.71,1.66,17.0,,,,,,Spitfire_LF_Mk_IXc
fiat_g91_r4_german,2.0,,,1.0,,0.0,236.0,56.36,1.32,1.78,0.78,1.02,0.0,,,,,,◄G.91_R/4
germ_mkpz_m48a2ga2,2.0,,,,,,263.0,36.75,0.0,0.0,1.74,1.55,13.0,,,0.0,,1.0,M48A2_G_A2
tu_95m,3.0,,,,,,29.0,58.34,0.4,0.81,0.56,1.19,0.0,,,,,,Ту-95М
j_11b,3.0,,,,,,32.0,50.0,1.21,2.17,0.0,0.0,0.0,,,,,,J-11B
uk_vickers_mbt_mk_3,3.0,,,0.0,,0.0,97.0,68.13,0.0,0.0,2.38,1.95,0.0,,,,,,Vickers_Mk.3
uk_fv102_striker,3.0,,,,,,0.0,,,,,,0.0,,,,,,Striker
cn_m_41d,3.0,100.0,0.0,0.0,1.0,1.0,204.0,58.39,0.0,0.0,1.6,1.17,0.0,,,,,,M41D
uk_rooikat_76,3.0,,,0.0,,0.0,185.0,58.51,0.0,0.0,1.29,0.81,0.0,,,,,,Rooikat_Mk.1D
germ_stug_III_ausf_A,3.0,,,,,,33.0,50.0,0.0,0.0,2.0,1.74,0.0,,,,,,StuG_III_A
germ_pzkpfw_38t_ausf_F,3.0,,,,,,0.0,,,,,,0.0,,,,,,Pz.38(t)_F
f_16a_block_5_netherlands,2.0,,,3.0,,8.0,22.0,,,0.0,,0.55,0.0,,,,,,◘F-16A
f-84g_france,1.0,,,,,,160.0,64.55,0.49,0.66,3.47,4.17,0.0,,,,,,F-84G-26-RE
av_8b_na,2.0,100.0,1.0,1.0,5.0,5.0,253.0,57.41,0.86,0.9,0.71,0.76,23.0,,,0.0,,5.0,AV-8B_(NA)
f-4f_kws_lv,2.0,,,4.0,,0.0,322.0,39.17,1.2,1.29,0.1,0.11,43.0,,,0.32,,0.0,◄F-4F_KWS_LV
cn_m1a2t,3.0,100.0,0.0,,4.0,,104.0,91.72,0.0,0.0,4.24,2.94,0.0,,,,,,M1A2T
tu-1,3.0,,,,,,84.0,89.03,0.39,0.3,3.62,2.69,0.0,,,,,,Tu-1
ariete,2.0,,,4.0,,0.0,233.0,69.23,2.47,4.47,1.78,3.07,36.0,,,4.12,,0.0,Ariete
f_111a,2.0,,,,,,64.0,46.97,0.46,0.46,2.17,2.17,15.0,,,0.0,,0.0,F-111A
fr_msc,3.0,100.0,0.0,0.0,4.0,4.0,199.0,81.72,0.0,0.0,3.45,2.67,2.0,,,0.0,,2.0,MSC
tu_14t,1.0,,,1.0,,4.0,5.0,100.0,1.0,1.0,0.0,0.0,0.0,,,,,,Tu-14T
il_28sh,1.0,,,0.0,,3.0,17.0,0.0,1.21,1.0,0.0,0.0,2.0,,,,,,IL-28Sh
saab_j29a,1.0,,,,,,0.0,,,,,,0.0,,,,,,J29A
f-4jk,2.0,,,4.0,,0.0,263.0,50.78,1.18,1.3,0.29,0.3,0.0,,,,,,F-4J(UK)_Phantom_II
fr_jaguar_ebrc,3.0,100.0,0.0,0.0,2.0,2.0,213.0,49.03,0.01,0.01,2.38,1.15,0.0,,,,,,EBRC_Jaguar
f-5e_fcu_thailand,2.0,0.0,5.0,5.0,2.0,2.0,426.0,53.28,1.29,1.3,0.43,0.45,0.0,,,,,,F-5E_FCU
sw_vickers_mk_e_37,2.0,,,,,,0.0,,,,,,0.0,,,,,,Vickers_Mk.E
yak-23,2.0,50.0,1.5,3.0,0.5,1.0,48.0,19.57,1.83,1.35,0.46,0.34,0.0,,,,,,Yak-23
mig_23mf_germany,2.0,,,2.0,,0.0,0.0,,,,,,57.0,,,2.1,,0.0,◊MiG-23MF
f-4ej_adtw,2.0,,,2.0,,0.0,428.0,51.21,1.93,2.06,0.47,0.51,0.0,,,,,,F-4EJ_ADTW
f-84g_italy,3.0,,,,,,8.0,50.0,0.5,1.0,12.0,24.0,0.0,,,,,,F-84G-21-RE
mig-17pf_hungary,1.0,0.0,2.0,2.0,1.0,1.0,32.0,100.0,1.95,1.0,0.0,0.0,0.0,,,,,,◔MiG-17PF
su_25_558arz,2.0,100.0,3.0,3.0,1.0,1.0,180.0,34.73,0.17,0.16,1.37,1.28,0.0,,,,,,Su-25BM
b_25j_20,3.0,100.0,2.0,2.0,5.0,5.0,0.0,,,,,,0.0,,,,,,B-25J-20
p-51b_7_sweden,2.0,,,,,,45.0,,,1.42,,0.63,0.0,,,,,,J26_David
yak-3_vk107,3.0,,,,,,92.0,58.62,1.25,2.95,0.36,0.9,2.0,,,,,,Yak-3_(VK-107)
uk_17_pdr_m10_achilles_norfolk_yeomanry,1.0,,,,,,102.0,55.56,0.57,0.33,4.54,2.57,0.0,,,,,,Achilles_(65_Rg.)
uk_m1a1_aim_abrams,3.0,100.0,0.0,0.0,2.0,2.0,24.0,100.0,0.0,0.0,5.57,5.57,0.0,,,,,,M1A1
jp_type_93,1.0,,,1.0,,1.0,45.0,30.43,1.3,1.15,0.0,0.0,0.0,,,,,,Type_93
saab_jas39e,2.0,,,,,,244.0,56.62,1.55,2.18,0.79,1.28,119.0,0.0,7.07,1.03,0.0,0.14,JAS39E
spitfiremkiia,3.0,100.0,5.0,5.0,1.0,1.0,8.0,,,,,,0.0,,,,,,Spitfire_Mk_IIa
germ_flakpanzer_IV_Ostwind_2_net,3.0,,,,,,273.0,33.44,0.76,0.49,0.22,0.14,0.0,,,,,,Ostwind_Ost
germ_amd_35_kwk,3.0,,,,,,0.0,,,,,,0.0,,,,,,Pz.Sp.Wg.P204(f)_KwK
cn_is_2_1944,2.0,,,0.0,,3.5,34.0,100.0,0.0,0.0,2.05,1.93,0.0,,,,,,IS-2_(1944)_(China)
l_39za_art_thailand,1.0,100.0,1.0,1.0,2.0,2.0,490.0,69.27,0.28,0.31,4.32,4.74,0.0,,,,,,L-39ZA/ART_Albatros
p-43a-1_china,1.0,,,,,,0.0,,,,,,0.0,,,,,,P-43A-1_(China)
yak-3t,3.0,,,1.33,,0.0,24.0,100.0,1.0,0.88,1.0,1.0,23.0,,,,,,Yak-3T
yak-9ut,3.0,100.0,1.0,1.0,0.0,0.0,104.0,51.56,0.89,0.82,2.57,2.3,20.0,100.0,0.0,0.0,2.17,1.06,Yak-9UT
b_26b_c,3.0,,,0.0,,3.67,0.0,,,,,,0.0,,,,,,B-26B
il-10_1946_hungary,3.0,100.0,2.0,2.0,0.0,0.0,74.0,78.87,0.19,0.28,3.77,4.58,0.0,,,,,,◔IL-10
p-51a_tl,2.0,50.0,0.5,0.5,0.5,0.5,59.0,2.56,1.9,0.41,3.59,1.0,0.0,,,,,,P-51A
f_15e,2.0,,,1.0,,0.0,1429.0,54.24,0.94,1.05,2.08,2.27,95.0,,,2.64,,2.31,F-15E
mig-17_china,3.0,,,1.0,,0.0,0.0,,,,,,0.0,,,,,,J-4
it_centauro_2,3.0,,,0.0,,2.0,115.0,95.56,0.0,0.0,4.97,2.99,0.0,,,,,,Centauro_II_(P)
il_zsu_23_4,1.0,,,,,,86.0,85.0,0.85,0.59,0.0,0.0,0.0,,,,,,ZSU-23-4_(Israel)
il_28,1.0,,,0.0,,2.0,54.0,39.13,0.0,0.0,0.0,0.0,0.0,,,,,,IL-28
welkin_fmk1,1.0,,,,,,0.0,,,,,,0.0,,,,,,Welkin_F.Mk.I
ussr_2s19_m2,1.0,,,0.0,,1.0,82.0,43.86,0.19,0.15,0.7,0.51,0.0,,,,,,2С19М2
us_t77e1,2.0,,,,,,60.0,50.0,1.13,2.25,0.0,0.0,0.0,,,,,,T77E1
av_8a,3.0,,,0.0,,0.0,252.0,51.6,0.91,1.15,0.88,1.11,0.0,,,,,,AV-8A
ussr_pantsyr_s1,1.0,,,,,,246.0,51.01,0.97,0.87,0.05,0.04,8.0,100.0,1.0,1.0,0.0,0.0,Pantsir-S1
f-86k_late_german,3.0,,,,,,0.0,,,,,,0.0,,,,,,◄F-86K
q_5_early,3.0,,,1.0,,0.0,21.0,,,,,,0.0,,,,,,Q-5_early
germ_flakpz_1a2_Gepard,3.0,,,0.0,,1.0,234.0,40.14,0.77,0.41,0.7,0.41,0.0,,,,,,Gepard_1A2
il-2i,2.0,100.0,2.0,2.0,2.0,2.0,6.0,,,0.0,,2.17,12.0,100.0,1.0,1.0,5.0,5.0,IL-2_(1942)
sw_stormpjas_fm43_44,1.0,,,,,,0.0,,,,,,0.0,,,,,,Spj_fm/43-44
su_22m3,2.0,,,,,,205.0,48.39,0.24,0.21,1.24,0.8,17.0,,,,,,Su-22M3
germ_sdkfz_6_2_flak36,2.0,,,,,,20.0,43.33,0.87,1.73,0.57,1.0,0.0,,,,,,Sd.Kfz._6/2
j_8f,2.0,,,1.0,,0.0,13.0,100.0,2.0,2.0,0.0,0.0,0.0,,,,,,J-8F
mirage_2000c_s4,1.0,,,,,,6.0,66.67,4.7,14.0,0.0,0.0,11.0,,,,,,Mirage_2000C-S4
us_t92,3.0,,,0.0,,1.0,456.0,54.0,0.0,0.0,1.75,1.22,0.0,,,,,,T92
jp_type_60_sprg,1.0,,,,,,372.0,57.09,0.0,0.0,2.73,1.83,0.0,,,,,,Type_60_SPRG_(C)
saab_ja37di,2.0,,,,,,24.0,50.0,1.0,1.0,0.5,0.42,0.0,,,,,,JA37DI
f_16a_block_15_adf,1.0,,,1.0,,0.0,93.0,50.0,2.25,2.45,0.39,0.24,111.0,0.0,6.47,1.8,0.0,0.0,F-16A_ADF
do_217n_1,2.0,,,0.0,,0.0,0.0,,,,,,0.0,,,,,,Do_217_N-1
ussr_asu_57,1.0,100.0,0.0,0.0,0.0,0.0,98.0,52.94,0.0,0.0,1.94,0.49,0.0,,,,,,ASU-57
cn_m4a4_sherman_1st_ptg,1.0,0.0,0.0,0.0,0.0,0.0,4.0,,,0.0,,1.0,0.0,,,,,,M4A4_(1st_PTG)_(China)
us_m551_76,3.0,,,,,,321.0,55.73,0.0,0.0,1.83,1.63,0.0,,,,,,M551(76)
d4y3,3.0,,,,,,0.0,,,,,,0.0,,,,,,D4Y3_Ko
it_44m_zrinyi_1,2.0,,,,,,133.0,47.62,0.0,0.0,2.71,2.14,0.0,,,,,,Zrinyi_I
f_101c,2.0,,,,,,33.0,30.95,0.38,0.33,2.0,2.0,0.0,,,,,,F-101C
f-86f-30_japan,2.0,,,,,,70.0,93.55,2.08,2.63,0.88,1.16,0.0,,,,,,F-86F-30_
mirage_4000,1.0,,,,,,0.0,,,,,,0.0,,,,,,Mirage_4000
mosquito_b_mk16,2.0,0.0,0.0,,5.0,,7.0,50.0,0.0,0.0,2.1,4.2,0.0,,,,,,Mosquito_B.Mk.XVI
ef_2000_fgr4,2.0,,,,,,78.0,55.56,1.67,1.72,0.0,0.0,0.0,,,,,,Typhoon_FGR.4
hunter_f58a_1971_switzerland,1.0,,,,,,42.0,100.0,1.77,2.56,0.27,0.24,0.0,,,,,,◌Hunter_F.58A_(1971)
germ_pzkpfw_e_100,0.0,,,,,,0.0,,,,,,0.0,,,,,,E-100
lagg-3-66,1.0,100.0,6.0,,6.0,,0.0,,,,,,0.0,,,,,,LaGG-3-66
fokker_g1a,2.0,,,,,,9.0,33.33,0.67,1.0,0.83,2.0,0.0,,,,,,◗Fokker_G.IA
germ_sturmpanzer_II,2.0,,,,,,40.0,95.0,0.0,0.0,0.0,0.35,0.0,,,,,,Sturmpanzer_II
f_16xl,2.0,,,4.0,,0.0,71.0,41.67,0.6,0.56,1.19,1.11,19.0,,,1.8,,0.0,F-16XL
us_m10_booker_late,0.0,,,,,,670.0,59.51,0.0,0.0,1.78,1.51,0.0,,,,,,M10_Booker
us_xm_8,0.0,,,,,,74.0,76.19,0.0,0.0,2.28,2.37,0.0,,,,,,XM8
jp_stingray,1.0,,,0.0,,2.0,184.0,55.21,0.0,0.0,1.6,2.23,0.0,,,,,,Stingray
uk_cruiser_ram_1,0.0,,,,,,0.0,,,,,,0.0,,,,,,Ram_I
ju-88a-4,2.0,,,,,,0.0,,,,,,0.0,,,,,,Ju_88_A-4
su_25k,2.0,,,1.0,,1.0,836.0,54.88,0.6,0.66,1.64,1.78,18.0,,,0.0,,0.0,Su-25K
us_m47_patton_II,2.0,,,,,,110.0,46.83,0.0,0.0,2.2,1.37,13.0,,,0.0,,0.0,M47
re_2000_int,2.0,100.0,1.0,1.0,0.0,0.0,0.0,,,,,,0.0,,,,,,Re.2000_serie_1
uk_t_90s_bheeshma,1.0,,,0.0,,1.0,128.0,61.65,0.0,0.0,3.99,2.88,0.0,,,,,,Bhishma_TWMP
wellington_mk1c,2.0,,,0.0,,1.0,10.0,,,0.0,,0.0,0.0,,,,,,Wellington_Mk_Ic
su-7bmk,2.0,,,1.0,,1.0,57.0,9.67,0.11,0.12,1.13,1.16,0.0,,,,,,Su-7BMK
jp_type_16_mcv_prot,1.0,,,,,,407.0,48.11,0.0,0.0,1.24,1.38,14.0,,,0.0,,0.0,Type_16_(P)
ki_44_1,2.0,,,4.0,,0.0,26.0,50.0,0.5,1.0,0.0,0.0,0.0,,,,,,Ki-44-I
sw_strf_9056,0.0,,,,,,240.0,51.33,0.17,0.17,0.63,0.6,0.0,,,,,,Strf_9040_BILL
uk_sp_17_pdr_valentine,0.0,,,,,,0.0,,,,,,0.0,,,,,,Archer
cn_type_97_kai,0.0,,,,,,25.0,,,0.0,,1.48,0.0,,,,,,Chi-Ha_Kai_(China)
it_pzkpfw_III_ausf_N,2.0,,,,,,22.0,,,0.0,,1.0,0.0,,,,,,Pz.III_N
cn_mbt2000_sm,2.0,100.0,0.0,0.0,3.0,3.0,50.0,50.0,0.0,0.0,2.21,1.65,0.0,,,,,,◍MBT-2000
us_m60a3_slep,0.0,,,,,,32.0,,,0.0,,2.19,0.0,,,,,,M60_AMBT
cn_lvt_4_zis_2,0.0,,,,,,32.0,90.0,0.0,0.0,2.0,2.0,0.0,,,,,,LVT(A)(4)_(ZiS-2)
cn_ztz_96b,2.0,,,0.0,,2.0,537.0,66.91,0.0,0.0,3.29,2.56,0.0,,,,,,ZTZ96B
germ_sppz2_luchs_a2,0.0,,,,,,76.0,21.43,0.85,0.69,0.12,0.17,0.0,,,,,,Luchs_A2
f-104a,2.0,,,,,,100.0,18.55,1.01,0.97,0.43,0.36,0.0,,,,,,F-104A
b_25j_1,1.0,,,0.0,,1.0,0.0,,,,,,0.0,,,,,,B-25J-1
sw_strv_101,0.0,,,,,,261.0,41.51,0.0,0.0,2.18,1.22,0.0,,,,,,Strv_101
bv-138c-1,0.0,,,,,,0.0,,,,,,0.0,,,,,,BV_138_C-1
b_34,0.0,,,,,,19.0,100.0,0.0,0.0,3.0,3.0,0.0,,,,,,B-34
mig-21_bison,0.0,,,,,,511.0,52.63,1.14,1.45,0.13,0.19,25.0,,,1.0,,0.0,MiG-21_Bison
mc200_serie7_italy,0.0,,,,,,0.0,,,,,,0.0,,,,,,C._200_serie_7
sm_79_1943_italy,0.0,,,,,,0.0,,,,,,0.0,,,,,,S.M.79_bis/T.M
re_2000_heja_2,0.0,,,,,,0.0,,,,,,0.0,,,,,,◔Héja_II
germ_pzkpfw_III_ausf_B,0.0,,,,,,30.0,83.33,0.0,0.0,2.42,1.4,0.0,,,,,,Pz.III_B
us_m8a1,0.0,,,,,,0.0,,,,,,0.0,,,,,,M8A1_GMC
douglas_ad_4,0.0,,,,,,48.0,,,0.0,,2.0,0.0,,,,,,AD-4
il_magach_6a,0.0,,,,,,13.0,,,0.0,,0.62,0.0,,,,,,Magach_6A
mig_21_bis_finland,0.0,,,,,,100.0,63.98,1.31,2.43,0.36,0.75,0.0,,,,,,MiG-21bis
sw_strv_103_0,0.0,,,,,,328.0,43.77,0.0,0.0,2.85,2.95,0.0,,,,,,Strv_103-0
sw_pvkv_III,0.0,,,,,,22.0,,,0.0,,0.23,0.0,,,,,,Pvkv_III
i-16_type24,0.0,,,,,,0.0,,,,,,0.0,,,,,,I-16_type_24
ussr_t_26_1940,0.0,,,,,,0.0,,,,,,0.0,,,,,,T-26
er-2_ach30b_late,0.0,,,,,,0.0,,,,,,0.0,,,,,,Yer-2_(ACh-30B)_(l)
so_4050_vautour_2b,0.0,,,,,,0.0,,,,,,0.0,,,,,,S.O.4050_Vautour_IIB
so_4050_vautour_2a,0.0,,,,,,0.0,,,,,,0.0,,,,,,S.O.4050_Vautour_IIA
it_m13_40_serie_3,0.0,,,,,,1.0,,,,,,0.0,,,,,,M13/40_(III)
bf-109e-4,0.0,,,,,,0.0,,,,,,0.0,,,,,,Bf_109_E-4
fiat_g91_r3,0.0,,,,,,29.0,,,1.26,,0.11,0.0,,,,,,◄G.91_R/3
ki_21_1hei,0.0,,,,,,0.0,,,,,,0.0,,,,,,Ki-21-I_hei
it_semovente_m43_105,0.0,,,,,,25.0,,,,,,0.0,,,,,,105/25_M43
f-5e_aidc,0.0,,,,,,0.0,,,,,,0.0,,,,,,F-5E_(China)
it_oto_r3_106sr,0.0,,,,,,176.0,70.97,0.0,0.0,2.5,1.66,0.0,,,,,,R3_T106_FA
md_450b_ouragan_iaf,0.0,,,,,,51.0,13.04,0.57,0.52,1.3,0.8,0.0,,,,,,M.D.450B_Ouragan_(Israel)
f-104j,0.0,,,,,,0.0,,,,,,0.0,,,,,,F-104J
p-40f-5_france_ep,0.0,,,,,,0.0,,,,,,0.0,,,,,,P-40F-5_Lafayette
uk_daimler_mk_2,0.0,,,,,,25.0,,,,,,0.0,,,,,,Daimler_Mk_II
hawk_200,0.0,,,,,,0.0,,,,,,0.0,,,,,,Hawk_200
tu-2_postwar_china,0.0,,,,,,1.0,100.0,0.0,0.0,3.0,3.0,0.0,,,,,,Tu-2S-44_(China)
a_7e,0.0,,,,,,14.0,50.0,0.0,0.0,1.14,2.29,0.0,,,,,,A-7E
cn_plz_05,0.0,,,,,,133.0,71.45,0.0,0.0,2.84,1.47,0.0,,,,,,PLZ05
am_1_mauler,0.0,,,,,,78.0,77.19,0.21,0.79,2.69,2.52,0.0,,,,,,AM-1
etndard_4m,0.0,,,,,,6.0,,,,,,0.0,,,,,,Etendard_IVM
meteor_nfmk13,0.0,,,,,,17.0,100.0,1.0,1.0,4.0,4.0,0.0,,,,,,Meteor_NF.13_(Israel)
p-51c-10-nt,0.0,,,,,,56.0,76.0,0.2,0.2,1.12,1.12,0.0,,,,,,P-51C-10
meteor_fmk3_navy,0.0,,,,,,82.0,92.47,2.52,4.92,1.21,2.71,0.0,,,,,,Sea_Meteor_F_Mk_3
it_l6,0.0,,,,,,0.0,,,,,,0.0,,,,,,L6/40
sunderland_mk5,0.0,,,,,,0.0,,,,,,0.0,,,,,,Sunderland_Mk_V
mc-205_n2,0.0,,,,,,66.0,50.0,1.95,3.89,0.0,0.0,0.0,,,,,,C._205N2
firebrand_tf4,0.0,,,,,,46.0,65.48,0.0,0.0,1.19,1.09,0.0,,,,,,Firebrand_TF_Mk_IV
la-5fn_luftwaffe,0.0,,,,,,2.0,50.0,2.5,2.5,0.0,0.0,0.0,,,,,,La-5FN
us_t32,0.0,,,,,,217.0,52.17,0.0,0.0,3.46,2.14,0.0,,,,,,T32
fr_amx_50_foch,0.0,,,,,,51.0,64.29,0.0,0.0,1.33,1.28,0.0,,,,,,AMX-50_Foch
cn_type_59,0.0,,,,,,58.0,100.0,0.0,0.0,1.84,1.38,31.0,100.0,0.0,0.0,2.0,1.38,Type_59
do_217j_2,0.0,,,,,,0.0,,,,,,0.0,,,,,,Do_217_J-2
saab_ajs37,0.0,,,,,,48.0,59.53,0.39,1.0,1.79,4.57,38.0,,,,,,AJS37
ta_154a_1,0.0,,,,,,0.0,,,,,,0.0,,,,,,Ta_154_A-1
ussr_gaz_4m,0.0,,,,,,0.0,,,,,,0.0,,,,,,GAZ-AAA_(4M)
pb4y-2_france,0.0,,,,,,0.0,,,,,,0.0,,,,,,PB4Y-2
it_freccia,0.0,,,,,,66.0,100.0,0.0,0.0,2.81,1.1,0.0,,,,,,Freccia
ki_44_1_ep,0.0,,,,,,10.0,100.0,1.0,1.0,0.0,0.0,0.0,,,,,,Ki-44-I_34
sw_tgdgb_m40_lv,0.0,,,,,,67.0,26.54,0.0,0.0,2.0,1.37,0.0,,,,,,Lvtdgb_m/40
g_55_serie1,0.0,,,,,,0.0,,,,,,0.0,,,,,,G.55_serie_1
sea_fury_fb51,0.0,,,,,,11.0,100.0,1.0,,1.0,,0.0,,,,,,◘Sea_Fury_FB.51
bf-109z,0.0,,,,,,0.0,,,,,,0.0,,,,,,Bf_109_Z-1
fr_1_fireball,0.0,,,,,,200.0,41.29,0.41,0.33,1.48,1.24,41.0,100.0,0.0,0.0,3.0,1.46,FR-1_Fireball
uk_a30_sp_avenger_kit_3rank,0.0,,,,,,44.0,,,0.0,,0.85,0.0,,,,,,Avenger_(Overlord)
ms_405c1,0.0,,,,,,0.0,,,,,,0.0,,,,,,M.S.405C1
mc200_serie7,0.0,,,,,,0.0,,,,,,0.0,,,,,,C._200_serie_7
it_m13_40_serie_2,0.0,,,,,,15.0,0.0,0.0,,1.0,,0.0,,,,,,M13/40_(II)
germ_sdkfz_221_s_pz_b_41,0.0,,,,,,12.0,100.0,0.0,0.0,1.92,1.92,0.0,,,,,,Sd.Kfz.221_(s.Pz.B.41)
saab_ja37,0.0,,,,,,478.0,70.54,1.8,2.49,0.33,0.47,24.0,,,2.36,,0.0,JA37C
super_etendard_97,0.0,,,,,,15.0,,,,,,0.0,,,,,,Super_Etendard
cn_pgz_04a,0.0,,,,,,77.0,61.91,0.76,1.1,0.0,0.0,0.0,,,,,,PGZ04A
g_55_serie1_ss0,0.0,,,,,,14.0,,,1.0,,0.0,0.0,,,,,,G.55_sottoserie_0
saab_b17b,0.0,,,,,,0.0,,,,,,0.0,,,,,,B17B
fw-190a-8,0.0,,,,,,18.0,,,,,,0.0,,,,,,Fw_190_A-8
ussr_zsu_23_4m4,0.0,,,,,,318.0,33.09,1.45,1.11,0.0,0.0,0.0,,,,,,ZSU-23-4M4
wm_21,0.0,,,,,,0.0,,,,,,0.0,,,,,,◔WM-21
hornet_mk3,0.0,,,,,,19.0,,,,,,0.0,,,,,,Hornet_Mk.III
jp_type_95_ha_go,0.0,,,,,,0.0,,,,,,0.0,,,,,,Ha-Go
saab_j21ra,0.0,,,,,,0.0,,,,,,0.0,,,,,,J21RA
lagg-i-301,1.0,,,2.0,,0.0,0.0,,,,,,0.0,,,,,,I-301
saab_a21rb,0.0,,,,,,57.0,50.0,1.0,0.6,1.0,0.49,0.0,,,,,,A21RB
us_lvt_a_1,0.0,,,,,,15.0,,,0.0,,1.4,0.0,,,,,,LVT(A)(1)
p-47d_luftwaffe,0.0,,,,,,17.0,,,1.44,,1.0,0.0,,,,,,P-47D
ussr_bt_7a_f32,0.0,,,,,,75.0,96.55,0.0,0.0,4.96,4.53,0.0,,,,,,BT-7A_(F-32)
jp_type_61_mod,0.0,,,,,,115.0,66.67,0.0,0.0,3.54,2.71,0.0,,,,,,Type_61_(B)
us_hstv_l,0.0,,,,,,1313.0,57.04,0.03,0.03,1.81,1.55,13.0,,,0.0,,0.0,HSTV-L
p1y1_mod11_china,0.0,,,,,,0.0,,,,,,0.0,,,,,,P1Y1_mod._11_(China)
i-16_type18,0.0,,,,,,0.0,,,,,,0.0,,,,,,I-16_type_18
saab_a21a_3,0.0,,,,,,34.0,68.42,2.05,1.5,1.68,1.35,0.0,,,,,,A21A-3
f_47n_25_re_china,0.0,,,,,,44.0,100.0,1.0,0.5,1.82,1.0,0.0,,,,,,F-47N-25-RE_(China)
us_t54e1,0.0,,,,,,56.0,100.0,0.0,0.0,4.67,2.39,0.0,,,,,,T54E1
av_8s_late_thailand,0.0,,,,,,0.0,,,,,,0.0,,,,,,AV-8S_Late
uk_3_inch_gun_carrier,0.0,,,,,,0.0,,,,,,0.0,,,,,,Gun_Carrier_(3-in)
f2a-1_thach,0.0,,,,,,0.0,,,,,,0.0,,,,,,Thach's_F2A-1
seafire_mk17,0.0,,,,,,23.0,,,,,,0.0,,,,,,Seafire_F_Mk_XVII
d_520_france,0.0,,,,,,2.0,,,,,,0.0,,,,,,D.520
it_m44,0.0,,,,,,172.0,70.49,0.0,0.0,2.75,2.09,0.0,,,,,,M44
us_m4_t26,0.0,,,,,,184.0,40.65,0.0,0.0,2.72,1.23,11.0,,,,,,M4/T26
ussr_t_60_1941,0.0,,,,,,0.0,,,,,,0.0,,,,,,T-60
spitfire_lf_mk9e_iaf,0.0,,,,,,22.0,,,,,,0.0,,,,,,Spitfire_Mk.IX_(CW)_(Israel)
it_fiat_6614_106sr,0.0,,,,,,309.0,87.28,0.0,0.0,3.13,1.82,13.0,100.0,0.0,0.0,1.92,1.92,FIAT_6614
corsair_fmk2,0.0,,,,,,1.0,100.0,1.0,,0.0,,0.0,,,,,,Corsair_F_Mk_II
p-40e_china,0.0,,,,,,25.0,20.83,1.0,0.79,1.63,1.1,0.0,,,,,,P-40E-1_(China)
uk_ac4_thunderbolt,0.0,,,,,,19.0,,,0.0,,2.82,4.0,,,,,,A.C.IV
f6f-5_france,0.0,,,,,,73.0,50.0,0.0,0.0,1.02,0.77,0.0,,,,,,F6F-5
brigand_b1,0.0,,,,,,0.0,,,,,,0.0,,,,,,Brigand_B_1
he_219a_7,0.0,,,,,,220.0,52.87,0.96,1.0,5.81,6.07,0.0,,,,,,He_219_A-7
he51b1,0.0,,,,,,0.0,,,,,,0.0,,,,,,He_51_B-1
f-86k_late,0.0,,,,,,20.0,,,1.0,,1.0,0.0,,,,,,F-86K
uk_sherman_vc_firefly_kit_3rank,0.0,,,,,,8.0,,,0.0,,0.0,0.0,,,,,,Firefly_(Overlord)
f4u-1a_usmc,0.0,,,,,,0.0,,,,,,0.0,,,,,,F4U-1A_(USMC)
f-4f_late,0.0,,,,,,91.0,83.33,0.07,0.1,4.35,4.3,9.0,,,0.0,,0.0,◄F-4F
us_m50_ontos,0.0,,,,,,201.0,60.05,0.0,0.0,2.03,1.66,0.0,,,,,,M50
ju-87b-2,0.0,,,,,,29.0,47.62,0.0,0.0,0.0,0.0,0.0,,,,,,Ju_87_B-2
a6m5ko,0.0,,,,,,174.0,80.8,1.64,1.29,2.5,1.85,0.0,,,,,,A6M5_Ko
yak-17,0.0,,,,,,0.0,,,,,,0.0,,,,,,Yak-17
il_m163_vulcan,0.0,,,,,,24.0,,,0.0,,0.0,0.0,,,,,,Hovet
uk_fv221_caernarvon,0.0,,,,,,102.0,70.84,0.0,0.0,1.95,0.24,28.0,0.0,0.0,0.0,3.31,3.31,Caernarvon
il_merkava_mk_1b,0.0,,,,,,80.0,15.59,0.0,0.0,2.32,1.92,0.0,,,,,,Merkava_Mk.1B
i-15_1935,0.0,,,,,,0.0,,,,,,0.0,,,,,,I-15_M-22
fr_lvt_bofors,0.0,,,,,,12.0,,,,,,0.0,,,,,,LVT-4/40
mig-17,0.0,,,,,,52.0,100.0,2.67,2.67,0.1,0.1,0.0,,,,,,MiG-17
fr_m4a1_sherman,0.0,,,,,,13.0,,,0.0,,1.4,0.0,,,,,,M4A1
j6b,0.0,,,,,,0.0,,,,,,0.0,,,,,,J6B
ki-27_otsu,0.0,,,,,,0.0,,,,,,0.0,,,,,,Ki-27_otsu
bf-109g-10,0.0,,,,,,30.0,,,,,,0.0,,,,,,Bf_109_G-10
gladiator_j8a,0.0,,,,,,0.0,,,,,,0.0,,,,,,J8A
wyvern_s4,0.0,,,,,,225.0,53.66,1.02,1.24,6.03,7.3,81.0,100.0,10.0,3.5,6.06,2.11,Wyvern_S4
do_17e_1,0.0,,,,,,0.0,,,,,,0.0,,,,,,Do_17_E-1
meteor_fmk4_lw,0.0,,,,,,56.0,100.0,2.5,1.5,0.75,0.5,0.0,,,,,,Meteor_F_Mk_4_G.41F
sbd-3,0.0,,,,,,0.0,,,,,,0.0,,,,,,SBD-3
it_sherman_vc_firefly,1.0,,,0.0,,1.0,42.0,100.0,0.0,0.0,2.67,2.21,0.0,,,,,,Sherman_Vc
fokker_d21_mod20,0.0,,,,,,0.0,,,,,,0.0,,,,,,Fokker_D.XXI
it_leopard_1a2,0.0,,,,,,120.0,72.07,0.0,0.0,0.87,0.69,0.0,,,,,,Leopard_1A2
f-86_cl_13_mk4_italy,0.0,,,,,,12.0,100.0,2.0,,3.0,,0.0,,,,,,CL-13_Mk.4
p-38j_marge,0.0,,,,,,0.0,,,,,,41.0,100.0,1.12,1.12,3.62,3.62,Bong's_P-38J-15
cn_vt_4,0.0,,,,,,75.0,65.08,0.0,0.0,2.61,1.36,0.0,,,,,,VT4
i-15_1934,0.0,,,,,,0.0,,,,,,0.0,,,,,,I-15_WR
p-38j,0.0,,,,,,2.0,100.0,4.0,4.0,5.5,5.5,24.0,100.0,0.37,0.37,1.16,1.16,P-38J-15
us_t25,0.0,,,,,,77.0,,,0.0,,1.33,0.0,,,,,,T25
il_magach_2,0.0,,,,,,38.0,50.0,0.0,0.0,1.19,1.53,0.0,,,,,,Magach_2
p-38l_1_china_rocaf,0.0,,,,,,4.0,100.0,1.0,1.0,1.0,1.0,0.0,,,,,,P-38L-1_(China)
germ_infanterie_kampfpanzer_churchill,0.0,,,,,,8.0,,,0.0,,1.0,0.0,,,,,,Pz.Kpfw._Churchill
pb4y-2,0.0,,,,,,11.0,100.0,0.2,,0.0,,0.0,,,,,,PB4Y-2
us_m48a1_patton_III,0.0,,,,,,49.0,65.78,0.0,0.0,2.31,2.11,0.0,,,,,,M48A1
cn_m42_duster,0.0,,,,,,51.0,,,0.0,,0.0,0.0,,,,,,M42_(China)
germ_sdkfz_234_2_mod,0.0,,,,,,98.0,50.0,0.0,0.0,2.16,1.01,0.0,,,,,,"Sd.Kfz.234/2_""Biene"""
us_m60,0.0,,,,,,37.0,11.11,0.0,0.0,1.53,0.65,14.0,,,0.0,,1.0,M60
jp_type_1_chi_he,0.0,,,,,,51.0,17.39,0.0,0.0,2.39,1.81,0.0,,,,,,Chi-He
mig-21_bis,0.0,,,,,,110.0,53.53,1.52,1.68,0.0,0.0,0.0,,,,,,MiG-21bis
ju-188a-2,0.0,,,,,,19.0,50.0,0.0,0.0,1.63,3.26,0.0,,,,,,Ju_188_A-2
db_3a_china,0.0,,,,,,0.0,,,,,,0.0,,,,,,DB-3A_(China)
a7m1,0.0,,,,,,164.0,82.78,2.79,2.14,1.79,1.47,0.0,,,,,,A7M1_(NK9H)
re_2000_j20,0.0,,,,,,0.0,,,,,,0.0,,,,,,J20
f3f-2,0.0,,,,,,0.0,,,,,,0.0,,,,,,F3F-2
sw_pbv_301,0.0,,,,,,0.0,,,,,,0.0,,,,,,Pbv_301
p-38g,0.0,,,,,,0.0,,,,,,0.0,,,,,,P-38G-1
j_11,0.0,,,,,,13.0,50.0,1.5,2.15,0.0,0.0,0.0,,,,,,J-11
bf-109c_1_promo,0.0,,,,,,0.0,,,,,,0.0,,,,,,Bf_109_C-1_Promo
p-63c-5,1.0,,,,,,66.0,62.47,0.13,0.16,0.92,0.84,0.0,,,,,,P-63C-5
jp_type_90,0.0,,,,,,775.0,50.77,0.0,0.0,1.61,1.41,0.0,,,,,,Type_90
hunter_f6_holland,0.0,,,,,,17.0,,,1.0,,1.0,0.0,,,,,,◘Hunter_F.6
ki_102_otsu,0.0,,,,,,0.0,,,,,,0.0,,,,,,Ki-102_otsu
us_sl_amraam_fcs,0.0,,,1.0,,0.0,129.0,65.33,1.6,1.3,0.0,0.0,0.0,,,,,,CLAWS_(СОЦ)
hs-129b-3,0.0,,,,,,55.0,0.0,0.0,0.0,2.2,1.06,0.0,,,,,,Hs_129_B-3
germ_kanonenjagdpanzer,0.0,,,,,,205.0,40.18,0.0,0.0,2.32,1.41,3.0,0.0,0.0,0.0,1.0,1.0,JPz_4-5
f-4ej,0.0,,,,,,90.0,56.67,1.49,1.77,0.03,0.03,0.0,,,,,,F-4EJ_Phantom_II
so_4050_vautour_2n_late,0.0,,,,,,81.0,59.03,2.25,2.96,1.02,1.25,0.0,,,,,,S.O.4050_Vautour_IIN_(late)
yak-15_early,0.0,,,,,,55.0,100.0,2.78,0.95,0.0,0.0,0.0,,,,,,Yak-15P
ussr_object_775,0.0,,,,,,220.0,40.56,0.0,0.0,1.83,1.13,0.0,,,,,,Object_775
uk_fv510_isv,0.0,,,,,,60.0,50.0,0.0,0.0,2.83,1.22,0.0,,,,,,Warrior
su_25sm3,0.0,,,,,,33.0,69.09,0.9,1.28,1.93,2.68,3.0,,,3.0,,0.0,Su-25SM3
ki_84_hei,0.0,,,,,,74.0,34.07,0.51,0.81,1.09,1.64,20.0,,,,,,Ki-84_hei
ussr_zsu_23_4,0.0,,,,,,137.0,50.0,0.44,0.53,0.35,0.43,0.0,,,,,,ZSU-23-4
it_40_43m_zrinyi_2,0.0,,,,,,0.0,,,,,,0.0,,,,,,Zrinyi_II
mig_27k,0.0,,,,,,60.0,50.0,0.0,0.0,0.85,1.0,29.0,43.59,0.0,0.0,1.15,1.0,MiG-27K
fr_amc_34,0.0,,,,,,0.0,,,,,,0.0,,,,,,AMC.34_YR
it_b1_centauro_romor,0.0,,,,,,48.0,100.0,0.0,0.0,3.15,1.95,0.0,,,,,,Centauro_I_105_R
saab_b18a,0.0,,,,,,20.0,,,0.0,,0.0,0.0,,,,,,B18A
us_m551,0.0,,,,,,126.0,54.17,0.0,0.0,2.27,1.59,6.0,,,0.0,,0.0,M551
cn_isu_152,0.0,,,,,,5.0,100.0,0.0,0.0,1.0,1.0,0.0,,,,,,ISU-152_(China)
uk_m3a1_stuart,0.0,,,,,,21.0,,,,,,0.0,,,,,,Stuart_III
ussr_su_76m_1943,0.0,,,,,,26.0,0.0,0.0,0.0,0.4,0.29,0.0,,,,,,SU-76M
il_m109a1,0.0,,,,,,19.0,,,,,,0.0,,,,,,Rochev
cn_zbd_04a,0.0,,,,,,90.0,62.38,0.0,0.0,2.3,2.34,2.0,,,0.0,,1.0,ZBD04A
uk_bosvark,0.0,,,,,,42.0,,,2.0,,0.0,0.0,,,,,,Bosvark
he_112v_5,0.0,,,,,,0.0,,,,,,0.0,,,,,,He_112_V-5
douglas_a_1h,0.0,,,,,,421.0,99.41,0.48,0.46,7.47,7.07,0.0,,,,,,A-1H
beaufort_mkviii,0.0,,,,,,0.0,,,,,,0.0,,,,,,Beaufort_Mk_VIII
re_2000_heja_1,0.0,,,,,,0.0,,,,,,0.0,,,,,,◔Héja_I
us_m18_hellcat_black_cat_race,,,,,,,,,,,,,,,,,,,"""Racing""_M18"
us_m60_120s,0.0,,,,,,237.0,57.22,0.0,0.0,2.47,1.73,0.0,,,,,,120S
germ_panzerwerfer_42,0.0,,,,,,0.0,,,,,,0.0,,,,,,15_cm_Pz.W.42
fr_char_2c,0.0,,,,,,0.0,,,,,,0.0,,,,,,2C
ussr_2s1,0.0,,,,,,52.0,50.0,0.0,0.0,1.55,1.42,0.0,,,,,,2S1
ussr_2s25m,0.0,,,,,,894.0,50.75,0.0,0.0,1.13,0.93,10.0,,,,,,2S25M
ussr_zprk_2s6,0.0,,,,,,287.0,54.62,0.36,0.35,0.48,0.47,1.0,,,1.0,,0.0,2S6
it_semovente_l40,0.0,,,,,,0.0,,,,,,0.0,,,,,,47/32_L40
it_semovente_m41_75_18,0.0,,,,,,1.0,,,0.0,,3.0,0.0,,,,,,75/18_M41
it_semovente_m43_75_34,0.0,,,,,,0.0,,,,,,0.0,,,,,,75/34_M43
ussr_buk_m3_launcher,,,,,,,,,,,,,,,,,,,"9К317М_""БУК-М3""_(СОУ)"
ussr_buk_m3_fcs,0.0,,,,,,49.0,42.71,0.59,0.36,0.0,0.0,0.0,,,,,,"9К317М_""БУК-М3""_(СОЦ)"
a_10c,0.0,,,,,,47.0,18.75,1.81,1.81,13.88,13.88,26.0,,,,,,A-10C
a-26c,0.0,,,,,,0.0,,,,,,0.0,,,,,,A-26C-45
a-26c-45-dt,0.0,,,,,,11.0,85.42,3.15,7.25,7.83,22.25,0.0,,,,,,A-26C-45DT
a_29_hudson,0.0,,,,,,0.0,,,,,,0.0,,,,,,A-29
a-35b,0.0,,,,,,19.0,,,0.0,,0.0,0.0,,,,,,A-35B
a_4b,0.0,,,,,,174.0,84.75,0.22,0.11,2.7,2.43,0.0,,,,,,A-4B
a_4e_early,0.0,,,,,,405.0,57.99,1.21,1.34,1.93,2.23,0.0,,,,,,A-4E_Early
a_4ptm_malaysia,0.0,,,,,,0.0,,,,,,0.0,,,,,,A-4PTM
a_7d,0.0,,,,,,70.0,50.0,0.09,0.1,3.64,3.13,24.0,,,0.0,,0.0,A-7D
a_7e_thailand,0.0,,,,,,0.0,,,,,,0.0,,,,,,A-7E
a_7e_greece,0.0,,,,,,3.0,,,1.0,,2.0,0.0,,,,,,A-7E
a_7h_greece,,,,,,,,,,,,,,,,,,,A-7H
a_7k,0.0,,,,,,52.0,60.53,0.0,0.0,2.73,3.28,0.0,,,,,,A-7K
uk_ac1_sentinel,0.0,,,,,,0.0,,,,,,0.0,,,,,,A.C.I
vampire_fb5_j28b,0.0,,,,,,40.0,,,2.83,,2.33,0.0,,,,,,A28B
saab_j29b,0.0,,,,,,89.0,33.33,1.01,2.45,1.12,2.22,0.0,,,,,,A29B
a2d,0.0,,,,,,793.0,58.07,0.31,0.31,1.85,1.81,26.0,,,1.0,,2.44,A2D-1
saab_a32a,0.0,,,,,,14.0,100.0,1.0,1.0,2.92,2.92,0.0,,,,,,A32A
saab_a32a_red_adam,0.0,,,,,,19.0,0.0,1.0,1.0,2.0,1.37,0.0,,,,,,A32A_Röd_Adam
a5m4,0.0,,,,,,0.0,,,,,,0.0,,,,,,A5M4
a6m5hei,0.0,,,,,,0.0,,,,,,0.0,,,,,,A6M5_Hei
a7he1,0.0,,,,,,0.0,,,,,,0.0,,,,,,A7He1
a7m2,0.0,,,,,,122.0,68.57,2.05,2.9,1.66,2.37,0.0,,,,,,A7M2
germ_a7v,0.0,,,,,,2.0,,,0.0,,3.0,0.0,,,,,,A7V
it_ab_41,0.0,,,,,,16.0,,,0.0,,2.0,0.0,,,,,,AB_41
it_ab_43,0.0,,,,,,35.0,,,0.0,,1.19,0.0,,,,,,AB_43
uk_17_pdr_m10_achilles,0.0,,,,,,67.0,100.0,0.0,0.0,6.17,2.99,0.0,,,,,,Achilles
douglas_ad_4na_france,0.0,,,,,,33.0,100.0,0.0,0.0,1.0,1.0,0.0,,,,,,AD-4NA
uk_adats_m113a3,0.0,,,,,,64.0,100.0,1.8,0.94,0.0,0.0,0.0,,,,,,ADATS_(M113)
uk_armored_car_mk_2_aa,0.0,,,,,,14.0,,,0.0,,0.0,0.0,,,,,,AEC_AA
uk_armored_car_aec_mk_2,0.0,,,,,,84.0,58.77,0.0,0.0,1.89,2.06,0.0,,,,,,AEC_Mk_II
fa_18a_hug_2_raaf,0.0,,,,,,35.0,96.88,1.0,1.04,0.04,0.04,0.0,,,,,,AF/A-18A_Late
us_ags_teledyne,0.0,,,,,,22.0,50.0,0.0,0.0,2.5,3.03,0.0,,,,,,AGS
aichi_e13a,,,,,,,,,,,,,,,,,,,Aichi_E13A1
saab_aj37,0.0,,,,,,112.0,57.22,0.46,0.27,0.67,0.69,0.0,,,,,,AJ37
uk_ajax,0.0,,,,,,184.0,67.74,0.0,0.0,1.78,1.16,12.0,50.0,0.0,0.0,2.5,1.7,Ajax
saab_ajs37_early,0.0,,,,,,58.0,52.67,0.79,1.08,0.28,0.48,0.0,,,,,,AJS37_(Early)
uk_alecto_mk_1,0.0,,,,,,0.0,,,,,,0.0,,,,,,Alecto_I
alpha_jet_a_jabog41,0.0,,,,,,55.0,23.72,0.35,0.29,1.08,1.23,0.0,,,,,,Alpha_Jet_A_(JaboG_41)
alpha_jet_e,0.0,,,,,,31.0,100.0,1.0,0.53,3.5,1.89,0.0,,,,,,Alpha_Jet_E
alpha_jet_th_phase_1,0.0,,,,,,55.0,70.0,0.75,1.07,1.26,1.69,0.0,,,,,,Alpha_Jet_TH
fr_amc_35,0.0,,,,,,0.0,,,,,,0.0,,,,,,AMC.35_(ACG.1)
fr_amd_35,0.0,,,,,,46.0,100.0,0.0,0.0,1.32,0.47,0.0,,,,,,AMD.35
fr_amd_35_kwk39,0.0,,,,,,83.0,75.0,0.0,0.0,3.89,1.89,0.0,,,,,,AMD.35_(PaK)
fr_aml_90,0.0,,,,,,173.0,63.81,0.0,0.0,2.12,2.06,0.0,,,,,,AML-90
fr_amr_35_zt3,0.0,,,,,,0.0,,,,,,0.0,,,,,,AMR.35_ZT3
amx_a_1a_brazil,0.0,,,,,,7.0,,,0.0,,4.0,6.0,100.0,2.0,2.0,5.0,5.0,AMX_A-1A
fr_amx_10m_acra,0.0,,,,,,5.0,,,,,,0.0,,,,,,AMX-10M
fr_amx_13_hot,0.0,,,,,,0.0,,,,,,0.0,,,,,,AMX-13_(HOT)
fr_amx_13_75_ss11,0.0,,,,,,81.0,75.0,0.0,0.0,2.16,1.69,0.0,,,,,,AMX-13_(SS.11)
fr_amx_13_chaffee,0.0,,,,,,125.0,73.38,0.0,0.0,2.3,2.24,0.0,,,,,,AMX-13-M24
fr_amx_30,0.0,,,,,,54.0,57.14,0.0,0.0,2.18,1.76,0.0,,,,,,AMX-30
fr_amx_30_1972,0.0,,,,,,356.0,56.01,0.0,0.0,1.68,1.52,0.0,,,,,,AMX-30_(1972)
fr_amx_30_dca,0.0,,,,,,217.0,39.71,0.26,0.28,0.48,0.44,0.0,,,,,,AMX-30_DCA
fr_amx_30_super,0.0,,,,,,597.0,51.71,0.0,0.0,2.0,1.45,0.0,,,,,,AMX-30_Super
fr_amx_32,0.0,,,,,,81.0,100.0,0.0,0.0,1.56,2.21,0.0,,,,,,AMX-32
fr_amx_40,0.0,,,,,,298.0,67.41,0.0,0.0,2.33,1.86,0.0,,,,,,AMX-40
fr_amx_50_1950,0.0,,,,,,134.0,68.82,0.0,0.0,4.07,2.45,31.0,50.0,0.0,0.0,1.0,2.0,AMX-50_(TO90/930)
fr_amx_50_surblinde,0.0,,,,,,0.0,,,,,,0.0,,,,,,AMX-50_Surblindé
cn_antelope_tc_1l_ads,0.0,,,,,,0.0,,,,,,0.0,,,,,,Antelope
arado-196a-5,0.0,,,,,,0.0,,,,,,0.0,,,,,,Ar_196_A-5
arado-234,0.0,,,,,,186.0,55.91,0.0,0.0,3.97,4.76,0.0,,,,,,Ar_234_B-2
arado_234b_2_mt,0.0,,,,,,6.0,50.0,1.0,2.0,1.67,3.33,0.0,,,,,,Ar_234_B-2_(WB_151)
arado-234c-3,0.0,,,,,,27.0,50.0,0.0,0.0,2.36,2.36,0.0,,,,,,Ar_234_C-3
it_c1_ariete_preserie,0.0,,,,,,38.0,6.25,0.0,0.0,4.19,2.31,0.0,,,,,,Ariete_(P)
uk_arjun_mk1,0.0,,,,,,7.0,,,0.0,,6.75,0.0,,,,,,Arjun_Mk_1
fr_arl_44_mod,0.0,,,,,,42.0,54.0,0.0,0.0,0.7,0.68,0.0,,,,,,ARL-44_Bayard
it_as_42_metropolitana,0.0,,,,,,14.0,,,,,,0.0,,,,,,AS_42
sw_asrad_r,0.0,,,,,,105.0,47.37,1.27,1.38,0.0,0.0,0.0,,,,,,ASRAD-R
attaker_fb1,0.0,,,,,,24.0,50.0,0.5,1.0,1.0,2.0,0.0,,,,,,Attacker_FB_1
attaker_fb2,0.0,,,,,,0.0,,,,,,0.0,,,,,,Attacker_FB.2
it_aubl_74_60_70m,0.0,,,,,,445.0,60.26,0.0,0.0,2.18,1.47,0.0,,,,,,AUBL/74_HVG
av_8b_plus,0.0,,,,,,149.0,50.0,1.13,1.05,0.62,0.51,25.0,,,2.0,,0.0,AV-8B_Plus
av_8b_plus_italy,0.0,,,,,,21.0,,,2.5,,0.0,0.0,,,,,,AV-8B_Plus
av_8c,0.0,,,,,,138.0,32.35,0.41,0.54,0.76,0.88,0.0,,,,,,AV-8C
av_8s_thailand,0.0,,,,,,2.0,,,0.0,,1.0,0.0,,,,,,AV-8S
avenger_mk1,0.0,,,,,,0.0,,,,,,0.0,,,,,,Avenger_Mk_II
a_4n,0.0,,,,,,95.0,82.69,1.51,1.9,4.97,7.09,0.0,,,,,,Ayit
b_10b,0.0,,,,,,0.0,,,,,,0.0,,,,,,B-10B
b-17e_japan,0.0,,,,,,0.0,,,,,,0.0,,,,,,B-17E
b-17e,0.0,,,,,,5.0,0.0,0.0,0.0,0.0,0.0,0.0,,,,,,B-17E
b-17e_late,0.0,,,,,,0.0,,,,,,0.0,,,,,,B-17E/L
b_18a,0.0,,,,,,0.0,,,,,,0.0,,,,,,B-18A
b_24d,0.0,,,,,,0.0,,,,,,0.0,,,,,,B-24D-25-CO
b_26c_france,0.0,,,,,,0.0,,,,,,0.0,,,,,,B-26C
b_52h,0.0,,,,,,34.0,,,0.0,,0.35,20.0,,,0.0,,0.0,B-52H
b-57,0.0,,,,,,10.0,0.0,0.0,0.0,0.0,0.0,14.0,,,0.0,,0.0,B-57A
b-57b,0.0,,,,,,61.0,,,0.0,,1.21,13.0,,,,,,B-57B
b_66b,0.0,,,,,,9.0,100.0,0.0,0.0,1.0,1.0,0.0,,,,,,B-66B
br_20_dr,0.0,,,,,,0.0,,,,,,0.0,,,,,,B.R.20DR
br_20m_m1,0.0,,,,,,0.0,,,,,,0.0,,,,,,B.R.20M_M1
fr_b1_bis,0.0,,,,,,1.0,,,,,,0.0,,,,,,B1_bis
b5n2,0.0,,,,,,23.0,50.0,0.0,0.0,0.5,1.0,1.0,100.0,0.0,0.0,3.0,3.0,B5N2
b6n1,0.0,,,,,,0.0,,,,,,0.0,,,,,,B6N1_Model_11
b6n2,0.0,,,,,,0.0,,,,,,0.0,,,,,,B6N2_Model_12
b6n2a,0.0,,,,,,0.0,,,,,,0.0,,,,,,B6N2a_Model_12Ko
ba_65_k14_l,0.0,,,,,,0.0,,,,,,0.0,,,,,,Ba.65_(K.14)_L
ba_65_a80,0.0,,,,,,0.0,,,,,,0.0,,,,,,Ba.65_A.80
f_16d_block_40_barak_2,0.0,,,,,,93.0,77.51,0.94,1.15,1.04,1.34,0.0,,,,,,Barak_II
f_15a_iaf,0.0,,,,,,15.0,,,1.0,,0.0,0.0,,,,,,Baz
f_15c_baz_msip,0.0,,,,,,0.0,,,,,,0.0,,,,,,Baz_Meshupar
be_6,0.0,,,,,,0.0,,,,,,0.0,,,,,,Be-6
beaufighter_mk1_40mm,0.0,,,,,,0.0,,,,,,0.0,,,,,,Beaufighter_Mk_I_(40-mm)
germ_beutepanzer_mk_iv,0.0,,,,,,0.0,,,,,,0.0,,,,,,Beutepanzer_IV
bf-109e-3_japan,0.0,,,,,,42.0,68.0,2.56,2.0,0.0,0.0,0.0,,,,,,Bf_109_E-7
bf-109e-7,0.0,,,,,,0.0,,,,,,0.0,,,,,,Bf_109_E-7/U2
bf-109g-6_finland,0.0,,,,,,6.0,,,1.0,,1.0,0.0,,,,,,Bf_109_G-6
bf-109k-4,0.0,,,,,,235.0,57.27,2.46,1.92,0.35,0.24,0.0,,,,,,Bf_109_K-4
bf-110c-6,0.0,,,,,,7.0,,,0.0,,0.0,0.0,,,,,,Bf_110_C-6
bf-110f-2,0.0,,,,,,0.0,,,,,,0.0,,,,,,Bf_110_F-2
bi,0.0,,,,,,0.0,,,,,,0.0,,,,,,BI
sw_bkan_1c,0.0,,,,,,231.0,31.63,0.04,0.05,0.81,0.88,0.0,,,,,,Bkan_1C
uk_challenger_2_bn,0.0,,,,,,151.0,57.54,0.0,0.0,1.98,3.25,0.0,,,,,,Black_Night
uk_a_43_black_prince,0.0,,,,,,77.0,72.84,0.0,0.0,3.83,4.0,0.0,,,,,,Black_Prince
blenheim_mkiv,0.0,,,,,,0.0,,,,,,0.0,,,,,,Blenheim_Mk_IV
ussr_bm_13n,0.0,,,,,,30.0,25.0,0.0,0.0,1.0,1.0,0.0,,,,,,BM-13N
ussr_bm_31_12,0.0,,,,,,0.0,,,,,,0.0,,,,,,BM-31-12
ussr_bm_8_24,0.0,,,,,,0.0,,,,,,0.0,,,,,,BM-8-24
sw_bmp_2md,0.0,,,,,,68.0,77.93,0.0,0.0,1.42,0.85,0.0,,,,,,BMP-2MD
boston_mk_1,0.0,,,,,,0.0,,,,,,0.0,,,,,,Boston_Mk_I
germ_boxer_3105,0.0,,,,,,77.0,38.41,0.0,0.0,0.99,0.98,0.0,,,,,,Boxer_MGS
br_693_ab2,0.0,,,,,,0.0,,,,,,0.0,,,,,,Br.693AB2
breda_88,0.0,,,,,,0.0,,,,,,0.0,,,,,,Breda_88_(P.XI)
ussr_bt_7_1937_td,0.0,,,,,,0.0,,,,,,0.0,,,,,,BT-7_TD
ussr_btr_80a,0.0,,,,,,701.0,49.5,0.0,0.0,1.12,1.04,0.0,,,,,,BTR-80A
buccaneer_s1,0.0,,,,,,0.0,,,,,,0.0,,,,,,Buccaneer_S.1
buccaneer_s2,0.0,,,,,,25.0,100.0,0.0,0.0,1.0,1.0,0.0,,,,,,Buccaneer_S.2
buccaneer_s2b,0.0,,,,,,0.0,,,,,,0.0,,,,,,Buccaneer_S.2B
mc200_serie3,0.0,,,,,,0.0,,,,,,0.0,,,,,,C._200_serie_3
mc-202,0.0,,,,,,0.0,,,,,,0.0,,,,,,C._202
it_c13_t90,0.0,,,,,,64.0,5.56,0.0,0.0,0.09,0.08,0.0,,,,,,C13_T90
it_c13_tua,0.0,,,,,,0.0,,,,,,0.0,,,,,,C13/TUA
germ_leopard_c2_mexas,0.0,,,,,,16.0,50.0,0.0,0.0,1.54,2.04,0.0,,,,,,C2A1
ca_27_mk32_raaf,0.0,,,,,,5.0,100.0,6.0,,0.0,,0.0,,,,,,CA-27_Mk.32
ca_27_mk32_malaysia,0.0,,,,,,8.0,,,,,,0.0,,,,,,CA-27_Mk.32
us_m4_sherman_calliope,0.0,,,,,,8.0,50.0,0.0,0.0,4.0,8.0,0.0,,,,,,Calliope
canberra_bimk6,0.0,,,,,,1.0,,,,,,0.0,,,,,,Canberra_B_(I)_Mk_6
canberra_bmk2,0.0,,,,,,0.0,,,,,,0.0,,,,,,Canberra_B_Mk_2
pby-5a_raf,0.0,,,,,,0.0,,,,,,0.0,,,,,,Catalina_Mk_IIIa
cn_gmc_cckw_353_m45_quad,0.0,,,,,,49.0,,,1.0,,0.0,0.0,,,,,,CCKW_353_(M45)
fr_cckw_353_bofors,0.0,,,,,,0.0,,,,,,0.0,,,,,,CCKW_353_AA
us_ccvl,0.0,,,,,,194.0,51.94,0.0,0.0,3.87,3.03,0.0,,,,,,CCVL
it_sahariano,0.0,,,,,,0.0,,,,,,0.0,,,,,,Celere_Sahariano
it_b1_centauro,0.0,,,,,,175.0,68.33,0.0,0.0,2.55,2.19,0.0,,,,,,Centauro_I_105
uk_centurion_action_x,0.0,,,,,,44.0,53.03,0.0,0.0,1.11,1.0,0.0,,,,,,Centurion_Action_X
uk_centurion_mk_2,0.0,,,,,,124.0,50.0,0.0,0.0,2.67,1.54,0.0,,,,,,Centurion_Mk.2
uk_centurion_mk_5_avre_era,0.0,,,,,,19.0,,,0.0,,0.0,0.0,,,,,,Centurion_Mk.5_AVRE
cf_188a_canada,0.0,,,,,,305.0,49.49,1.35,1.28,0.22,0.2,40.0,,,0.63,,0.26,CF-188A
uk_challenger_2e,0.0,,,,,,103.0,50.0,0.0,0.0,4.0,1.57,0.0,,,,,,Challenger_2E
uk_challenger_2_lep,0.0,,,,,,135.0,53.76,0.0,0.0,2.22,1.75,0.0,,,,,,Challenger_3_TD
sw_charioteer_mk_7,0.0,,,,,,195.0,43.55,0.0,0.0,1.04,1.16,12.0,,,0.0,,1.17,Charioteer_Mk_VII
jp_type_97_kai_td,0.0,,,,,,0.0,,,,,,0.0,,,,,,Chi-Ha_Kai_TD
jp_type_1_chi_he_5th_regiment,0.0,,,,,,25.0,0.0,0.0,0.0,1.0,1.0,0.0,,,,,,Chi-He_(5th_Regiment)
uk_churchill_avre,0.0,,,,,,0.0,,,,,,0.0,,,,,,Churchill_AVRE_Petard
uk_a_22f_mk_7_churchill_crocodile,0.0,,,,,,47.0,50.0,0.0,0.0,3.73,3.73,0.0,,,,,,Churchill_Crocodile
uk_a_22_mk_1_churchill_1941,0.0,,,,,,14.0,,,,,,0.0,,,,,,Churchill_I
germ_th_800_bismark,0.0,,,,,,22.0,50.0,0.0,0.0,2.6,3.94,0.0,,,,,,Class_3_(P)
us_sl_amraam_launcher,,,,,,,,,,,,,,,,,,,CLAWS_(СОУ)
fr_marder_clovis,0.0,,,,,,129.0,83.07,0.0,0.0,4.77,2.93,0.0,,,,,,CLOVIS
germ_marder_clovis,0.0,,,,,,20.0,16.67,0.0,0.0,2.03,2.22,0.0,,,,,,CLOVIS
cn_cm_25,0.0,,,,,,51.0,50.0,0.0,0.0,0.5,0.19,0.0,,,,,,CM25
it_fiat_cm52,0.0,,,,,,36.0,,,1.0,,0.0,0.0,,,,,,CM52
uk_fv4004_conway,0.0,,,,,,26.0,29.17,0.0,0.0,0.71,1.0,0.0,,,,,,Conway
cr_32_bis,0.0,,,,,,0.0,,,,,,0.0,,,,,,CR.32_bis
cr_32_quater,0.0,,,,,,0.0,,,,,,0.0,,,,,,CR.32_quater
fiat_cr42,0.0,,,,,,0.0,,,,,,0.0,,,,,,CR.42
fiat_cr42_italy,0.0,,,,,,0.0,,,,,,0.0,,,,,,CR.42
uk_a27m_cromwell_1,0.0,,,,,,87.0,65.59,0.0,0.0,1.43,1.41,0.0,,,,,,Cromwell_I
uk_crusader_mk_2_the_saint,0.0,,,,,,0.0,,,,,,0.0,,,,,,"Crusader_""The_Saint"""
uk_crusader_aa_mk_2_kit_3rank,0.0,,,,,,30.0,50.0,1.37,2.73,0.0,0.0,0.0,,,,,,Crusader_AA_(Overlord)
uk_crusader_aa_mk_2,0.0,,,,,,30.0,0.0,0.0,0.0,0.0,0.0,0.0,,,,,,Crusader_AA_Mk_II
uk_crusader_mk_2,0.0,,,,,,2.0,0.0,0.0,0.0,1.0,1.0,0.0,,,,,,Crusader_II
fr_crusader_mk_2,0.0,,,,,,8.0,,,0.0,,4.0,0.0,,,,,,Crusader_Mk.II
uk_boxer_crv_block2,0.0,,,,,,145.0,75.28,0.0,0.0,0.95,0.53,0.0,,,,,,CRV_Block_2
cn_pgz_625_fb10,0.0,,,,,,118.0,47.31,0.96,0.7,0.17,0.07,0.0,,,,,,CS/SA5
it_39m_csaba,0.0,,,,,,0.0,,,,,,0.0,,,,,,Csaba
sw_patria_amv_ctcv_105,0.0,,,,,,124.0,61.61,0.0,0.0,1.95,1.37,0.0,,,,,,CT-CV_105HP
jp_icv_prototype,0.0,,,,,,28.0,50.0,0.07,0.14,0.64,0.86,0.0,,,,,,CTWV_RCV
sw_cv_90_mk4,0.0,,,,,,113.0,58.79,0.0,0.0,1.23,0.85,0.0,,,,,,CV_90_Mk.IV
sw_cv_90105_tml,0.0,,,,,,1318.0,60.44,0.0,0.0,2.34,1.74,1.0,100.0,0.0,0.0,2.0,2.0,CV_90105
fr_cv_9035_nl,0.0,,,,,,181.0,50.0,0.0,0.0,0.54,0.53,0.0,,,,,,CV_9035NL
sw_cv_9030_fin,0.0,,,,,,161.0,66.6,0.0,0.0,1.2,1.44,0.0,,,,,,CV9030FIN
sw_cv_9035_dk,0.0,,,,,,16.0,,,0.0,,1.29,0.0,,,,,,CV9035DK
cw_21,0.0,,,,,,0.0,,,,,,0.0,,,,,,CW-21
d_371_hs9,0.0,,,,,,0.0,,,,,,23.0,,,,,,D.371_H.S.9
d_510c,0.0,,,,,,0.0,,,,,,0.0,,,,,,D.510C
fr_renault_d2,0.0,,,,,,0.0,,,,,,0.0,,,,,,D2
d4y1,0.0,,,,,,0.0,,,,,,0.0,,,,,,D4Y1
it_dardo_vcc,0.0,,,,,,182.0,50.68,0.0,0.0,1.7,1.48,22.0,50.0,0.0,0.0,0.5,1.0,Dardo
db_3b,0.0,,,,,,11.0,0.0,0.0,0.0,0.0,0.0,0.0,,,,,,DB-3B
db_7,0.0,,,,,,30.0,50.0,0.0,0.0,0.0,0.23,0.0,,,,,,DB-7
uk_desert_warrior,0.0,,,,,,36.0,100.0,0.0,0.0,1.0,0.72,0.0,,,,,,Desert_Warrior
fr_marder_df_105,0.0,,,,,,420.0,54.0,0.0,0.0,2.16,1.98,0.0,,,,,,DF105
do_17z_2,0.0,,,,,,0.0,,,,,,0.0,,,,,,Do_17_Z-2
do_17z_7,0.0,,,,,,0.0,,,,,,0.0,,,,,,Do_17_Z-7
do_217j_1,0.0,,,,,,11.0,,,0.0,,0.0,0.0,,,,,,Do_217_J-1
do_217n_2,0.0,,,,,,0.0,,,,,,0.0,,,,,,Do_217_N-2
do_335b_2,0.0,,,,,,480.0,60.05,1.54,1.65,1.71,1.8,0.0,,,,,,Do_335_B-2
fr_panhard_ebr_1954,0.0,,,,,,116.0,68.89,0.0,0.0,4.2,2.83,0.0,,,,,,E.B.R._(1954)
e7k2,,,,,,,,,,,,,,,,,,,E7K2
e8n2,,,,,,,,,,,,,,,,,,,E8N2
il_eitan,0.0,,,,,,129.0,79.67,0.0,0.0,1.65,1.84,0.0,,,,,,Eitan_(P)
uk_eland_90_mk_7,0.0,,,,,,17.0,,,0.0,,0.0,0.0,,,,,,Eland_90_Mk.7
sw_eldenhet_98,0.0,,,,,,0.0,,,,,,0.0,,,,,,EldE_98
fr_embt,0.0,,,,,,10.0,100.0,0.0,0.0,6.0,3.0,0.0,,,,,,EMBT
f-100d,0.0,,,,,,228.0,33.05,0.96,0.87,0.5,0.45,21.0,100.0,0.0,0.0,0.0,0.0,F-100D
f-100d_france,0.0,,,,,,14.0,100.0,3.0,,0.0,,0.0,,,,,,F-100D
f_102a_late,0.0,,,,,,0.0,,,,,,0.0,,,,,,F-102A
f_102a_greece,,,,,,,,,,,,,,,,,,,F-102A
f-104c,0.0,,,,,,36.0,50.0,0.0,0.0,0.0,0.0,0.0,,,,,,F-104C
f-104g_belgium,0.0,,,,,,0.0,,,,,,0.0,,,,,,F-104G
f-104s_cb,0.0,,,,,,69.0,43.65,0.93,0.83,1.0,1.0,0.0,,,,,,F-104S_TAF
f-104s_asa,0.0,,,,,,0.0,,,,,,0.0,,,,,,F-104S.ASA
f_111c_raaf,0.0,,,,,,1.0,,,,,,0.0,,,,,,F-111C
f_111f,0.0,,,,,,41.0,70.0,1.0,0.36,0.8,0.63,0.0,,,,,,F-111F
f_117,0.0,,,,,,7.0,0.0,0.0,0.0,0.83,0.83,0.0,,,,,,F-117
f_14d_vf_11,0.0,,,,,,0.0,,,,,,28.0,100.0,2.44,1.17,0.0,0.0,F-14D_(VF-11)
f_15i_raam,0.0,,,,,,69.0,100.0,2.88,1.9,2.25,1.6,6.0,,,1.0,,0.0,F-15I_Ra’am
f_15j,0.0,,,,,,34.0,65.0,1.28,2.25,0.0,0.0,0.0,,,,,,F-15J
f_15j_kai,0.0,,,,,,154.0,81.56,1.55,1.63,0.29,0.33,0.0,,,,,,F-15J(M)
f_16a_block_15_belgium,0.0,,,,,,33.0,100.0,0.5,0.88,2.86,3.12,0.0,,,,,,F-16A
f_16a_block_15_adf_italy,0.0,,,,,,4.0,,,,,,0.0,,,,,,F-16A_ADF
f_16a_block_15_ocu_thailand,0.0,,,,,,6.0,50.0,0.5,1.0,0.0,0.0,0.0,,,,,,F-16A_OCU
f_16a_block_15_ocu_belgium,0.0,,,,,,0.0,,,,,,0.0,,,,,,F-16A_OCU
f_16aj,0.0,,,,,,59.0,88.04,0.97,1.95,2.98,3.86,0.0,,,,,,F-16AJ
f_16am_block_15_mlu_belgium,0.0,,,,,,9.0,7.14,1.0,1.0,0.0,0.0,0.0,,,,,,F-16AM
f_16c_block_40_barak_2,0.0,,,,,,0.0,,,,,,0.0,,,,,,F-16C_Barak_II
f_16i_sufa,0.0,,,,,,32.0,100.0,1.0,1.0,1.83,1.83,0.0,,,,,,F-16I_Sufa
ef_2000a,0.0,,,,,,10.0,,,,,,0.0,,,,,,F-2000A
ef_2000a_aesa,0.0,,,,,,174.0,56.58,1.39,1.94,0.23,0.33,10.0,,,1.0,,0.0,F-2000A_(AESA)
f_2a,0.0,,,,,,202.0,83.06,2.31,2.8,0.07,0.08,84.0,,,2.26,,0.0,F-2A
f_4e_aup_greece,0.0,,,,,,0.0,,,,,,0.0,,,,,,F-4E_AUP_Phantom_II
f-4ej_kai,0.0,,,,,,55.0,50.0,1.41,1.0,0.0,0.0,0.0,,,,,,F-4EJ_Kai_Phantom_II
f-5a,0.0,,,,,,3.0,,,0.0,,0.0,0.0,,,,,,F-5A
f-5th_thailand,0.0,,,,,,0.0,,,,,,0.0,,,,,,F-5TH_TCU
f-84f_france,0.0,,,,,,156.0,68.17,0.14,0.22,0.63,1.0,0.0,,,,,,F-84F
f-84f_iaf,0.0,,,,,,0.0,,,,,,0.0,,,,,,F-84F_IAF
f-84g_greece,,,,,,,,,,,,,,,,,,,F-84G-16-RE
f-84g,0.0,,,,,,0.0,,,,,,0.0,,,,,,F-84G-21-RE
f_86em_greece,0.0,,,,,,0.0,,,,,,0.0,,,,,,F-86E(M)
f-86f-35,0.0,,,,,,81.0,69.36,2.66,0.79,0.53,0.67,0.0,,,,,,F-86F-35
f-86f-40_japan_blue_impulse,0.0,,,,,,13.0,50.0,0.0,0.0,0.0,0.0,0.0,,,,,,F-86F-40_JASDF
f_222_2,0.0,,,,,,0.0,,,,,,0.0,,,,,,F.222.2
fc_20_bis,0.0,,,,,,0.0,,,,,,0.0,,,,,,F.C.20_Bis
fa_18a_raaf,0.0,,,,,,70.0,50.0,0.95,1.82,0.75,1.45,0.0,,,,,,F/A-18A
fa_18c_mlu_2_finland,0.0,,,,,,31.0,66.67,1.1,0.85,0.27,0.23,0.0,,,,,,F/A-18C_MLU_2
fa_18d_late_malaysia,0.0,,,,,,2.0,100.0,1.0,1.0,0.0,0.0,14.0,,,1.0,,1.0,F/A-18D_Late
fa_18f_block_2_raaf,0.0,,,,,,25.0,90.63,0.47,0.56,0.0,0.0,0.0,,,,,,F/A-18F
f11f_1_late,0.0,,,,,,0.0,,,,,,0.0,,,,,,F11F-1
f1m2,0.0,,,,,,0.0,,,,,,0.0,,,,,,F1M2
f4d_1,0.0,,,,,,0.0,,,,,,0.0,,,,,,F4D-1
f4f-3,0.0,,,,,,0.0,,,,,,0.0,,,,,,F4F-3
f4f-4,0.0,,,,,,0.0,,,,,,0.0,,,,,,F4F-4
f4u-1a_japan,0.0,,,,,,33.0,100.0,1.93,2.8,0.11,1.0,30.0,,,2.77,,0.0,F4U-1A
f4u-4b_vmf_214,0.0,,,,,,2.0,,,1.0,,1.0,0.0,,,,,,F4U-4B_VMF-214
f7f3,0.0,,,,,,16.0,70.0,0.7,0.88,4.3,3.73,0.0,,,,,,F7F-3
f9f-2,0.0,,,,,,0.0,,,,,,0.0,,,,,,F9F-2
uk_falcon,0.0,,,,,,391.0,51.77,0.34,0.29,1.39,1.23,11.0,,,,,,Falcon
fr_fcm_36,0.0,,,,,,4.0,,,0.0,,1.0,0.0,,,,,,FCM.36
ffa_p16,0.0,,,,,,0.0,,,,,,0.0,,,,,,FFA_P-16
b_48_firecrest,0.0,,,,,,0.0,,,,,,0.0,,,,,,Firecrest
it_fiat_6614_firos,0.0,,,,,,31.0,,,0.0,,1.18,0.0,,,,,,FIROS_6
fj_4b,0.0,,,,,,27.0,100.0,0.0,0.0,1.0,0.4,0.0,,,,,,FJ-4B
fj_4b_agm_12b,0.0,,,,,,37.0,63.34,0.99,1.06,4.09,4.09,0.0,,,,,,FJ-4B_VMF-232
cn_fk_2000,0.0,,,,,,0.0,,,,,,0.0,,,,,,FK-2000
germ_flakpanzer_38t_Gepard,0.0,,,,,,0.0,,,,,,0.0,,,,,,Flakpanzer_38
germ_flarakrad,0.0,,,,,,89.0,,,0.54,,0.0,14.0,0.0,1.0,0.5,0.0,0.0,FlaRakRad
bf-109a_1,0.0,,,,,,0.0,,,,,,0.0,,,,,,Flegel's_Bf_109_A
fokker_d21_serie3_finland,0.0,,,,,,0.0,,,,,,0.0,,,,,,Fokker_D.XXI-3
uk_fv721_fox,0.0,,,,,,380.0,62.27,0.0,0.0,2.61,2.08,0.0,,,,,,Fox
it_freccia_hitfist_ows,0.0,,,,,,115.0,77.78,0.0,0.0,2.43,1.05,0.0,,,,,,Freccia_OWS_30
fr_samp_t_launcher,,,,,,,,,,,,,,,,,,,FSAF_SAMP/T_(Mamba)_(СОУ)
fr_samp_t_fcs,0.0,,,,,,28.0,92.86,1.57,0.98,0.0,0.0,0.0,,,,,,FSAF_SAMP/T_(Mamba)_(СОЦ)
it_samp_t_fcs,0.0,,,,,,0.0,,,,,,0.0,,,,,,FSAF_SAMP/T_(СОЦ)
fury_mk1,0.0,,,,,,0.0,,,,,,0.0,,,,,,Fury_Mk_I
fury_mk2,0.0,,,,,,0.0,,,,,,0.0,,,,,,Fury_Mk_II
fw-189a-1,0.0,,,,,,0.0,,,,,,0.0,,,,,,Fw_189_A-1
fw-190a-8_usa,0.0,,,,,,0.0,,,,,,0.0,,,,,,Fw_190_A-8
fw-190c,0.0,,,,,,0.0,,,,,,0.0,,,,,,Fw_190_C
fw-190d-13,0.0,,,,,,227.0,48.73,1.27,1.25,0.72,0.84,0.0,,,,,,Fw_190_D-13
fw-190d-9_ussr,0.0,,,,,,0.0,,,,,,0.0,,,,,,Fw_190_D-9
fw_200c_1,0.0,,,,,,0.0,,,,,,0.0,,,,,,Fw_200_C-1
fw_189c_0,0.0,,,,,,0.0,,,,,,0.0,,,,,,Fw_189_C
fiat_g50_seria7as_italy,0.0,,,,,,0.0,,,,,,0.0,,,,,,G.50_AS_serie_7
fiat_g50_seria7as,0.0,,,,,,0.0,,,,,,0.0,,,,,,G.50_AS_serie_7
fiat_g50_seria2,0.0,,,,,,0.0,,,,,,0.0,,,,,,G.50_serie_2
fiat_g50_seria2_italy,0.0,,,,,,0.0,,,,,,0.0,,,,,,G.50_serie_2
g_56,0.0,,,,,,59.0,67.5,1.18,1.04,0.8,0.78,0.0,,,,,,G.56
fiat_g91_r1,0.0,,,,,,0.0,,,,,,0.0,,,,,,G.91_R/1
fiat_g91_r4,0.0,,,,,,59.0,87.5,3.05,3.39,1.57,1.72,28.0,,,2.18,,0.0,G.91_R/4
g4m1,0.0,,,,,,0.0,,,,,,0.0,,,,,,G4M1
g5n1,0.0,,,,,,17.0,,,,,,0.0,,,,,,G5N1
f3f-2_galer,0.0,,,,,,0.0,,,,,,0.0,,,,,,Galer's_F3F-2
germ_garford_putilov,0.0,,,,,,0.0,,,,,,0.0,,,,,,Garford-Beute
ussr_gaz_dshk,0.0,,,,,,3.0,,,,,,0.0,,,,,,GAZ-AAA_(DShK)
uk_vickers_gbt_155,0.0,,,,,,0.0,,,,,,0.0,,,,,,GBT_155
il_m113a1_tow,0.0,,,,,,26.0,100.0,0.0,0.0,3.0,1.26,0.0,,,,,,Giraf
gladiator_mk1_belgium,0.0,,,,,,0.0,,,,,,0.0,,,,,,Gladiator_Mk_I
gladiator_mk2_france,0.0,,,,,,0.0,,,,,,0.0,,,,,,Gladiator_Mk_IIF
gladiator_mk2_silver,0.0,,,,,,0.0,,,,,,0.0,,,,,,Gladiator_Mk_IIS
uk_mk1_grant,0.0,,,,,,0.0,,,,,,0.0,,,,,,Grant_I
h-75a-1_france,0.0,,,,,,0.0,,,,,,0.0,,,,,,H-75A-1
p-40c_china,0.0,,,,,,0.0,,,,,,0.0,,,,,,H-81A-2
fr_hotchkiss_h35,0.0,,,,,,0.0,,,,,,0.0,,,,,,H.35
fr_hotchkiss_h39,0.0,,,,,,0.0,,,,,,0.0,,,,,,H.39
fr_hotchkiss_h39_cambronne,0.0,,,,,,0.0,,,,,,0.0,,,,,,"H.39_""Cambronne"""
hp_12,0.0,,,,,,0.0,,,,,,0.0,,,,,,H.P.12
h6k4,0.0,,,,,,0.0,,,,,,0.0,,,,,,H6K4
h8k2,0.0,,,,,,0.0,,,,,,0.0,,,,,,H8K2
h8k3,0.0,,,,,,0.0,,,,,,0.0,,,,,,H8K3
jp_type_95_ha_go_commander,0.0,,,,,,27.0,,,0.0,,1.07,0.0,,,,,,Ha-Go_Commander
a5m4_hagiri,0.0,,,,,,0.0,,,,,,0.0,,,,,,Hagiri's_A5M4
halifax_mk3,0.0,,,,,,17.0,,,,,,0.0,,,,,,Halifax_B_Mk_IIIa
hp52_hampden_mk1_late,0.0,,,,,,0.0,,,,,,0.0,,,,,,Hampden_Mk_I
hp52_hampden_tbmk1,0.0,,,,,,0.0,,,,,,0.0,,,,,,Hampden_TB_Mk_I
hp52_hampden_tbmk1_ussr_utk1,0.0,,,,,,0.0,,,,,,0.0,,,,,,Hampden_TB_Mk_I
jp_harimau,0.0,,,,,,0.0,,,,,,0.0,,,,,,Harimau
harrier_gr1,0.0,,,,,,44.0,54.17,0.05,0.54,1.08,1.28,4.0,,,1.0,,0.0,Harrier_GR.1
harrier_gr3,0.0,,,,,,23.0,100.0,0.0,0.0,0.46,0.46,0.0,,,,,,Harrier_GR.3
harrier_gr7,0.0,,,,,,4.0,50.0,0.5,1.0,0.0,0.0,0.0,,,,,,Harrier_GR.7
harrier_t10,0.0,,,,,,10.0,,,,,,0.0,,,,,,Harrier_T.10
uk_a25_mk_8,0.0,,,,,,0.0,,,,,,0.0,,,,,,Harry_Hopkins_I
hawk_200_rda,0.0,,,,,,0.0,,,,,,4.0,,,,,,Hawk_200_RDA
h-75a-2_finland,0.0,,,,,,0.0,,,,,,0.0,,,,,,Hawk_H-75A-2
hawk_iii,0.0,,,,,,0.0,,,,,,0.0,,,,,,Hawk_III
hawk_t1a_early,0.0,,,,,,0.0,,,,,,0.0,,,,,,Hawk_T_Mk_1A
hawk_t1a,0.0,,,,,,0.0,,,,,,0.0,,,,,,Hawk_T_Mk_1A_(FRP)
he-111h-2,1.0,,,,,,0.0,,,,,,0.0,,,,,,He_111_H-3
he_112b_1_italy,0.0,,,,,,0.0,,,,,,0.0,,,,,,He_112_B-1/U2
he_112b_2,0.0,,,,,,0.0,,,,,,0.0,,,,,,He_112_B-2/U2
he_115c_1,0.0,,,,,,0.0,,,,,,0.0,,,,,,He_115_C-1
he-162a-1,0.0,,,,,,0.0,,,,,,0.0,,,,,,He_162_A-1
he-177a-3,0.0,,,,,,0.0,,,,,,0.0,,,,,,He_177_A-3
he-177a-5,0.0,,,,,,0.0,,,,,,0.0,,,,,,He_177_A-5
he51a1,0.0,,,,,,0.0,,,,,,0.0,,,,,,He_51_A-1
he51b_2w,0.0,,,,,,0.0,,,,,,0.0,,,,,,He_51_B-2/H
he51c1_late,0.0,,,,,,0.0,,,,,,0.0,,,,,,He_51_C-1/L
jp_pzkpfw_VI_ausf_e_tiger,0.0,,,,,,36.0,100.0,0.0,0.0,7.15,7.15,0.0,,,,,,Heavy_Tank_No.6
marut_mk1,0.0,,,,,,60.0,75.0,1.41,0.88,0.5,0.21,0.0,,,,,,HF-24
jp_type_3_ho_ni_III,0.0,,,,,,8.0,100.0,0.0,0.0,1.0,1.0,0.0,,,,,,Ho-Ni_III
hornet_mk1,0.0,,,,,,0.0,,,,,,0.0,,,,,,Hornet_Mk.I
cn_hq_11,0.0,,,,,,0.0,,,,,,0.0,,,,,,HQ11
cn_hq_17,0.0,,,,,,0.0,,,,,,0.0,,,,,,HQ17
hs-123a-1,0.0,,,,,,0.0,,,,,,0.0,,,,,,Hs_123_A-1
hs-129b-2,0.0,,,,,,0.0,,,,,,0.0,,,,,,Hs_129_B-2
hs-129b-2_romania_italy,0.0,,,,,,88.0,53.87,1.69,1.38,2.54,2.64,0.0,,,,,,Hs_129_B-2_(Romania)
hs-129b-2_romania,0.0,,,,,,27.0,100.0,2.0,2.0,2.0,2.0,0.0,,,,,,Hs_129_B-2_(Romania)
hudson_mk_v,0.0,,,,,,0.0,,,,,,0.0,,,,,,Hudson_Mk_V
hunter_f6,0.0,,,,,,13.0,100.0,0.0,,0.0,,0.0,,,,,,Hunter_F.6
hunter_f9_rhodesia,0.0,,,,,,6.0,,,,,,0.0,,,,,,Hunter_FGA.9
hurricane_mk1,0.0,,,,,,0.0,,,,,,0.0,,,,,,Hurricane_Mk_I/L
hurricane_mk1_late_ep,0.0,,,,,,0.0,,,,,,0.0,,,,,,Hurricane_Mk.I/L_FAA_M
i-15_1935_moscow,0.0,,,,,,0.0,,,,,,0.0,,,,,,I-15_M-25
i-153p,0.0,,,,,,81.0,77.54,4.1,15.1,0.43,1.2,0.0,,,,,,I-153P
i-15bis,0.0,,,,,,15.0,,,0.0,,0.0,0.0,,,,,,I-15bis
gladiator_j8a_iacobi,0.0,,,,,,2.0,100.0,0.0,0.0,0.0,0.0,0.0,,,,,,Iacobi's_J8A
jp_icv_ifv_prototype,0.0,,,,,,83.0,50.83,0.0,0.0,1.19,0.9,0.0,,,,,,ICV_(P)
sw_ikv_91,0.0,,,,,,447.0,50.78,0.0,0.0,1.28,0.89,0.0,,,,,,Ikv_91
il_2_37_1943,0.0,,,,,,0.0,,,,,,0.0,,,,,,IL-2-37
il-4,0.0,,,,,,0.0,,,,,,0.0,,,,,,IL-4
uk_a1e1_independent,0.0,,,,,,0.0,,,,,,0.0,,,,,,Independent
germ_iris_slm_launcher,,,,,,,,,,,,,,,,,,,IRIS-T_SLM_(СОУ)
germ_iris_slm_fcs,0.0,,,,,,279.0,41.56,2.4,2.07,0.0,0.0,0.0,,,,,,IRIS-T_SLM_(СОЦ)
ussr_is_2_1944_revenge,0.0,,,,,,154.0,82.26,0.0,0.0,7.04,2.99,0.0,,,,,,"IS-2_""Revenge"""
cn_is_2_1943_no402,0.0,,,,,,5.0,,,0.0,,1.0,0.0,,,,,,IS-2_No.402
it_semovente_m43_75_bersaglieri,,,,,,,,,,,,,,,,,,,it_semovente_m43_75_bersaglieri
sw_itpsv_90,0.0,,,,,,956.0,44.06,0.16,0.09,1.86,1.35,0.0,,,,,,ItPsV_Leopard
j_10a,0.0,,,,,,127.0,82.83,1.45,2.02,0.16,0.21,0.0,,,,,,J-10A
j_16,0.0,,,,,,0.0,,,,,,0.0,,,,,,J-16
j_22m1a,0.0,,,,,,172.0,45.39,0.2,0.31,1.67,2.96,34.0,,,1.0,,6.38,J-22M1A
j_7_mk2,0.0,,,,,,5.0,,,,,,0.0,,,,,,J-7II
saab_j29d,0.0,,,,,,0.0,,,,,,0.0,,,,,,J29D
j2m2,0.0,,,,,,78.0,100.0,4.14,4.04,1.21,1.14,0.0,,,,,,J2M2
j2m3,0.0,,,,,,76.0,73.21,1.21,1.3,0.18,0.22,0.0,,,,,,J2M3
j2m4_kai,0.0,,,,,,0.0,,,,,,0.0,,,,,,J2M4_Kai
j2m5,0.0,,,,,,21.0,0.0,0.0,0.0,0.0,0.0,0.0,,,,,,J2M5
j2m5_30mm,0.0,,,,,,14.0,,,1.0,,0.0,0.0,,,,,,J2M5
saab_j32b,0.0,,,,,,28.0,50.0,1.0,1.0,0.0,0.0,0.0,,,,,,J32B
hunter_f50_sweden,0.0,,,,,,18.0,0.0,1.0,1.0,0.0,0.0,2.0,,,,,,J34
saab_j35a,0.0,,,,,,252.0,54.95,1.97,2.79,0.26,0.37,43.0,,,5.6,,0.0,J35A
saab_j35d,0.0,,,,,,8.0,,,0.0,,0.0,5.0,,,2.6,,0.0,J35D
saab_j35j,0.0,,,,,,0.0,,,,,,0.0,,,,,,J35J
j5n1,0.0,,,,,,31.0,,,0.4,,0.6,0.0,,,,,,J5N1
j9_early,0.0,,,,,,0.0,,,,,,0.0,,,,,,J9_Early
saab_ja37d,0.0,,,,,,66.0,32.35,1.59,1.27,0.0,0.0,20.0,,,3.6,,0.0,JA37D
germ_jaguar_2,0.0,,,,,,128.0,13.19,0.0,0.0,1.98,0.96,0.0,,,,,,Jaguar_2
jaguar_a,0.0,,,,,,0.0,,,,,,0.0,,,,,,Jaguar_A
jaguar_gr1,0.0,,,,,,2.0,100.0,0.0,0.0,1.0,1.0,0.0,,,,,,Jaguar_GR.1
jaguar_gr1a,0.0,,,,,,0.0,,,,,,0.0,,,,,,Jaguar_GR.1A
germ_sk105_a2,0.0,,,,,,137.0,37.62,0.0,0.0,2.84,1.6,0.0,,,,,,JaPz.K_A2
saab_jas39a,0.0,,,,,,49.0,92.31,3.77,2.08,1.0,0.59,16.0,,,1.0,,0.0,JAS39A
saab_jas39c,0.0,,,,,,139.0,56.51,1.35,1.42,0.27,0.28,0.0,,,,,,JAS39C
saab_jas39c_thailand,0.0,,,,,,676.0,63.02,1.12,1.38,0.16,0.21,0.0,,,,,,JAS39C
saab_jas39c_south_africa,0.0,,,,,,76.0,80.97,3.18,2.17,0.77,0.69,25.0,,,1.0,,0.0,JAS39C
saab_jas39d,0.0,,,,,,209.0,49.14,0.58,0.87,0.14,0.21,25.0,,,1.0,,2.0,JAS39D
javelin_fmk9,0.0,,,,,,90.0,73.91,2.04,2.17,1.35,1.52,0.0,,,,,,Javelin_F.(A.W.)_Mk.9
jh_7a,0.0,,,,,,0.0,,,,,,0.0,,,,,,JH-7A
jh_7a_prototype,0.0,,,,,,43.0,100.0,2.0,2.0,4.0,4.0,0.0,,,,,,JH-7A_Prototype
jh_7a2,0.0,,,,,,31.0,100.0,1.0,1.0,0.0,0.0,0.0,,,,,,JH-7A2
ju-288c,0.0,,,,,,367.0,43.37,0.51,0.66,0.17,0.2,69.0,50.0,0.0,0.69,1.38,0.63,Ju_288_C
ju-388j,0.0,,,,,,0.0,,,,,,0.0,,,,,,Ju_388_J
ju-87d-3,0.0,,,,,,11.0,100.0,0.0,0.0,2.0,2.0,0.0,,,,,,Ju_87_D-3
ju-87g_1,0.0,,,,,,0.0,,,,,,0.0,,,,,,Ju_87_G-1
ju-87g_2,0.0,,,,,,0.0,,,,,,0.0,,,,,,Ju_87_G-2
ju-87r-2,0.0,,,,,,0.0,,,,,,0.0,,,,,,Ju_87_R-2
ju-87r-2_italy,0.0,,,,,,2.0,,,,,,0.0,,,,,,Ju_87_R-2
ju-87r-2_snake,0.0,,,,,,0.0,,,,,,0.0,,,,,,Ju_87_R-2_Libya
ju-88c-6,0.0,,,,,,0.0,,,,,,0.0,,,,,,Ju_88_C-6
jp_type_2_ka_mi,0.0,,,,,,0.0,,,,,,0.0,,,,,,Ka-Mi
kfir_c2,0.0,,,,,,0.0,,,,,,0.0,,,,,,Kfir_C.2
kfir_c7,0.0,,,,,,24.0,,,,,,0.0,,,,,,Kfir_C.7
kfir_canard,0.0,,,,,,183.0,71.0,2.45,2.55,0.8,0.91,0.0,,,,,,Kfir_Canard
uk_khalid,0.0,,,,,,306.0,58.31,0.0,0.0,2.75,1.94,0.0,,,,,,Khalid
ussr_9p157,0.0,,,,,,46.0,1.59,0.0,0.0,2.34,1.5,0.0,,,,,,Khrizantema-S
ki_10_1,0.0,,,,,,0.0,,,,,,0.0,,,,,,Ki-10-I
ki_10_2_commander,0.0,,,,,,0.0,,,,,,0.0,,,,,,Ki-10-II_C
ki_108,0.0,,,,,,2.0,100.0,0.0,,0.0,,0.0,,,,,,Ki-108_Kai
ki_109,0.0,,,,,,5.0,,,,,,0.0,,,,,,Ki-109
j8m1,0.0,,,,,,0.0,,,,,,0.0,,,,,,Ki-200
ki_21_1ko,0.0,,,,,,0.0,,,,,,0.0,,,,,,Ki-21-Ia
ki-27_otsu_ep,0.0,,,,,,0.0,,,,,,0.0,,,,,,Ki-27_otsu_Tachiarai
ki_32,0.0,,,,,,0.0,,,,,,0.0,,,,,,Ki-32
ki_43_2_late,0.0,,,,,,0.0,,,,,,0.0,,,,,,Ki-43-II
ki_43_2,0.0,,,,,,44.0,98.49,0.0,0.0,0.58,1.0,0.0,,,,,,Ki-43-II
ki_44_2_otsu,0.0,,,,,,0.0,,,,,,0.0,,,,,,Ki-44-II_otsu
ki-45_hei,0.0,,,,,,12.0,50.0,1.0,2.0,0.0,0.0,0.0,,,,,,Ki-45_hei
ki-45_otsu,0.0,,,,,,12.0,,,1.0,,0.0,0.0,,,,,,Ki-45_otsu
ki-45_tei,0.0,,,,,,15.0,,,,,,0.0,,,,,,Ki-45_tei
ki_48_2_otsu,0.0,,,,,,0.0,,,,,,0.0,,,,,,Ki-48-II_otsu
ki-49_1,0.0,,,,,,0.0,,,,,,0.0,,,,,,Ki-49-I
ki-49_2a,0.0,,,,,,12.0,,,,,,0.0,,,,,,Ki-49-IIa
ki-49_2b,0.0,,,,,,12.0,,,,,,0.0,,,,,,Ki-49-IIb
ki-49_2b_late,0.0,,,,,,17.0,,,0.0,,0.0,0.0,,,,,,Ki-49-IIb/L
ki_67_1_ko,0.0,,,,,,0.0,,,,,,0.0,,,,,,Ki-67-I_Ko
ki_67_1_otsu,0.0,,,,,,14.0,100.0,2.0,,2.0,,0.0,,,,,,Ki-67-I_otsu
ki_84_otsu,0.0,,,,,,6.0,,,,,,0.0,,,,,,Ki-84_otsu
ki_87,0.0,,,,,,0.0,,,,,,0.0,,,,,,Ki-87
ki_93_1_ko,0.0,,,,,,0.0,,,,,,0.0,,,,,,Ki-93-I_Ko
ki_94_2,0.0,,,,,,0.0,,,,,,0.0,,,,,,Ki-94-II
kitsuka,0.0,,,,,,96.0,74.0,1.14,0.63,2.24,0.97,0.0,,,,,,Kikka
kor_1,,,,,,,,,,,,,,,,,,,KOR-1
i-15bis_krasnolutsky,0.0,,,,,,0.0,,,,,,0.0,,,,,,Krasnolutsky's_I-15bis
f-4e_iaf,0.0,,,,,,64.0,9.38,1.66,1.19,1.13,1.47,21.0,50.0,0.5,0.5,3.5,3.5,Kurnass
f-4e_kurnass_2000,0.0,,,,,,14.0,,,,,,0.0,,,,,,Kurnass_2000
l_39za,0.0,,,,,,17.0,100.0,0.0,0.0,1.31,1.0,0.0,,,,,,L-39ZA_Albatros
it_l6_leone,0.0,,,,,,0.0,,,,,,0.0,,,,,,L6/40_(31_Rgt.)
la-11,0.0,,,,,,17.0,70.0,0.0,0.0,0.0,0.0,0.0,,,,,,La-11
lagg-3-11,0.0,,,,,,0.0,,,,,,0.0,,,,,,LaGG-3-11
lagg-3-34,0.0,,,,,,0.0,,,,,,0.0,,,,,,LaGG-3-34
lagg-3-4,0.0,,,,,,0.0,,,,,,0.0,,,,,,LaGG-3-4
lancaster_mr7_france,0.0,,,,,,0.0,,,,,,0.0,,,,,,Lancaster_MR.7
late_298d,0.0,,,,,,0.0,,,,,,0.0,,,,,,Late_298D
fr_leclerc_azur,0.0,,,,,,131.0,58.93,0.0,0.0,2.76,2.2,11.0,50.0,0.0,0.0,3.25,2.35,Leclerc_AZUR
fr_leclerc_sxxi,0.0,,,,,,179.0,58.21,0.0,0.0,3.26,2.35,0.0,,,,,,Leclerc_SXXI
leo_451_early,0.0,,,,,,0.0,,,,,,0.0,,,,,,LeO_451_early
fr_leopard_2a4nl_les,0.0,,,,,,702.0,52.9,0.0,0.0,2.02,1.47,0.0,,,,,,Leopard_2_(OTCo)
germ_leopard_2a4_pzbtl_123,0.0,,,,,,874.0,51.0,0.0,0.0,2.72,1.9,0.0,,,,,,Leopard_2_(PzBtl_123)
fr_leopard_2a4nl,0.0,,,,,,184.0,52.2,0.0,0.0,1.71,1.14,0.0,,,,,,Leopard_2A4NL
fr_leopard_2a5nl,0.0,,,,,,30.0,100.0,0.0,0.0,7.29,8.27,0.0,,,,,,Leopard_2A5NL
fr_leopard_2a6nl,0.0,,,,,,80.0,97.42,0.0,0.0,8.98,4.09,0.0,,,,,,Leopard_2A6NL
jp_leopard_2ri,0.0,,,,,,182.0,73.63,0.0,0.0,4.7,3.38,0.0,,,,,,Leopard_2RI
uk_vickers_mk_6_aa_mk_1,0.0,,,,,,5.0,,,,,,0.0,,,,,,Light_AA_Mk_I
lightning_f53,0.0,,,,,,23.0,100.0,1.0,1.0,1.0,0.78,0.0,,,,,,Lightning_F.53
lincoln_b2,0.0,,,,,,0.0,,,,,,0.0,,,,,,Lincoln_B_Mk_II
fr_lorraine_155,0.0,,,,,,0.0,,,,,,0.0,,,,,,Lorraine_155_Mle.50
fr_lorraine_37l,0.0,,,,,,0.0,,,,,,0.0,,,,,,Lorraine_37L
us_losat_ccv,0.0,,,,,,419.0,50.62,0.0,0.0,2.84,2.48,0.0,,,,,,LOSAT
sw_lvkv_90c,0.0,,,,,,196.0,45.7,1.03,0.86,1.04,0.88,0.0,,,,,,Lvkv_9040C
sw_lvrbv_701,0.0,,,,,,0.0,,,,,,0.0,,,,,,Lvrbv_701
us_lvt_a_4,0.0,,,,,,0.0,,,,,,0.0,,,,,,LVT(A)(4)
us_lvt_4_zis_2,0.0,,,,,,0.0,,,,,,0.0,,,,,,LVT(A)(4)_(ZIS-2)
m_346fa,0.0,,,,,,22.0,60.0,1.4,1.8,1.4,1.8,0.0,,,,,,M-346FA
mb_151c1,0.0,,,,,,0.0,,,,,,0.0,,,,,,M.B.151C.1
mb_152c1,0.0,,,,,,0.0,,,,,,0.0,,,,,,M.B.152C1
mb_162,0.0,,,,,,0.0,,,,,,0.0,,,,,,M.B.162
mb_174_a3,0.0,,,,,,0.0,,,,,,0.0,,,,,,M.B.174A-3
mb_175t,0.0,,,,,,0.0,,,,,,0.0,,,,,,M.B.175T
md_452_mystere_2a,0.0,,,,,,30.0,,,2.39,,1.0,0.0,,,,,,M.D.452_IIA
md_452_mystere_2c_preproduction,0.0,,,,,,11.0,,,1.0,,1.0,0.0,,,,,,M.D.452_IIC
us_m1_abrams,0.0,,,,,,1058.0,52.12,0.0,0.0,2.21,2.05,0.0,,,,,,M1_Abrams
us_m1_abrams_kvt,0.0,,,,,,1201.0,53.98,0.0,0.0,2.36,1.89,0.0,,,,,,M1_KVT
us_m109a1,0.0,,,,,,116.0,85.06,0.0,0.0,0.79,0.49,0.0,,,,,,M109A1
it_m11_39,0.0,,,,,,0.0,,,,,,0.0,,,,,,M11/39
us_m1128_mgs,0.0,,,,,,472.0,43.55,0.0,0.0,1.63,1.09,0.0,,,,,,M1128
it_m113a1_tow,0.0,,,,,,96.0,54.35,0.0,0.0,0.76,0.54,0.0,,,,,,M113A1_(TOW)
us_m1296_dragoon,0.0,,,,,,154.0,46.43,0.0,0.0,1.13,0.7,0.0,,,,,,M1296
it_m14_41,0.0,,,,,,0.0,,,,,,0.0,,,,,,M14/41
us_halftrack_m15,0.0,,,,,,26.0,,,0.0,,0.83,0.0,,,,,,M15_CGMC
it_m15_42,0.0,,,,,,0.0,,,,,,0.0,,,,,,M15/42
us_halftrack_m16,0.0,,,,,,64.0,0.0,1.68,1.3,0.0,0.0,0.0,,,,,,M16_MGMC
us_m163_vulcan,0.0,,,,,,187.0,58.17,0.72,0.81,0.19,0.21,0.0,,,,,,M163
jp_m163_vulcan,0.0,,,,,,144.0,51.07,0.93,0.89,0.09,0.13,0.0,,,,,,M163
jp_m19,0.0,,,,,,355.0,53.95,0.71,0.43,1.17,0.69,0.0,,,,,,M19A1
us_m1a1_hc_abrams,0.0,,,,,,521.0,79.56,0.0,0.0,4.4,3.67,0.0,,,,,,M1A1_HC
uk_m1a2_sep3_abrams,0.0,,,,,,352.0,65.48,0.02,0.02,3.27,2.73,0.0,,,,,,M1A2
us_m2a2,0.0,,,,,,0.0,,,,,,0.0,,,,,,M2A2
ussr_m3c,0.0,,,,,,0.0,,,,,,0.0,,,,,,M3_Medium
us_m3a1_stuart_usmc,0.0,,,,,,37.0,,,0.0,,1.34,0.0,,,,,,M3A1_(USMC)
us_m3a3_bradley,0.0,,,,,,131.0,34.92,0.0,0.0,1.4,0.59,0.0,,,,,,M3A3_Bradley
fr_m3a3_stuart,0.0,,,,,,7.0,100.0,0.0,0.0,2.0,2.0,0.0,,,,,,M3A3_Stuart
jp_m41_walker_bulldog,0.0,,,,,,560.0,67.24,0.0,0.0,1.53,1.16,0.0,,,,,,M41A1
fr_m44,0.0,,,,,,96.0,43.33,0.0,0.0,0.73,1.07,0.0,,,,,,M44
fr_m46_patton,0.0,,,,,,64.0,82.0,0.0,0.0,6.08,3.78,0.0,,,,,,M46
it_m47_105,0.0,,,,,,58.0,83.33,0.0,0.0,1.75,0.89,0.0,,,,,,M47_(105/55)
us_m4a2_1944,,,,,,,,,,,,,,,,,,,M4A2_(1944)
fr_m4a3_105_sherman,0.0,,,,,,24.0,,,0.0,,2.25,0.0,,,,,,M4A3_(105)
fr_m4a3e2_sherman_jumbo,0.0,,,,,,82.0,21.74,0.0,0.0,4.3,2.56,0.0,,,,,,M4A3E2
ussr_m53_59_kit_4rank,0.0,,,,,,0.0,,,,,,0.0,,,,,,M53/59_(Будь_Готов!)
fr_m55,0.0,,,,,,59.0,100.0,0.0,0.0,6.23,3.74,0.0,,,,,,M55
us_m5a1_stuart_td,0.0,,,,,,0.0,,,,,,0.0,,,,,,M5A1_TD
it_m60a1_ariete,0.0,,,,,,36.0,66.67,0.0,0.0,3.3,1.83,0.0,,,,,,"M60A1_""D.C.Ariete"""
us_m60a1_rise_mod,0.0,,,,,,18.0,66.67,0.0,0.0,4.0,2.4,0.0,,,,,,M60A1_Predator
us_m60a3_tts,0.0,,,,,,278.0,49.74,0.0,0.0,1.73,1.58,0.0,,,,,,M60A3_TTS
us_m728,0.0,,,,,,26.0,84.0,0.0,0.0,2.56,2.96,0.0,,,,,,M728_CEV
us_m8_greyhound,0.0,,,,,,23.0,,,0.0,,2.48,0.0,,,,,,M8_LAC
il_magach_3_idf,0.0,,,,,,17.0,,,0.0,,1.0,0.0,,,,,,Magach_3
us_magach_3,0.0,,,,,,2.0,,,,,,0.0,,,,,,Magach_3_(ERA)
il_magach_3,0.0,,,,,,8.0,,,0.0,,1.0,0.0,,,,,,Magach_3_(ERA)
il_magach_6,0.0,,,,,,6.0,,,0.0,,2.0,0.0,,,,,,Magach_6
il_magach_6b,0.0,,,,,,80.0,100.0,0.0,0.0,2.91,3.89,0.0,,,,,,Magach_6B
il_magach_6c,0.0,,,,,,103.0,47.31,0.0,0.0,2.44,2.33,0.0,,,,,,Magach_6C
il_magach_6r,0.0,,,,,,119.0,93.82,0.0,0.0,2.83,2.2,0.0,,,,,,Magach_6R
il_magach_7c,0.0,,,,,,39.0,68.75,0.0,0.0,1.88,1.25,0.0,,,,,,Magach_7C
fiat_cr42_marcolin,0.0,,,,,,0.0,,,,,,0.0,,,,,,Marcolin's_C.R.42_CN
fiat_cr42_marcolin_italy,0.0,,,,,,0.0,,,,,,0.0,,,,,,Marcolin's_C.R.42_CN
uk_mark_v,0.0,,,,,,0.0,,,,,,0.0,,,,,,Mark_V
fr_mars_15,0.0,,,,,,194.0,46.67,0.0,0.0,1.47,1.06,0.0,,,,,,MARS_15
martin_139wc,0.0,,,,,,0.0,,,,,,0.0,,,,,,Martin_139WC
maryland_mk1_france,0.0,,,,,,0.0,,,,,,0.0,,,,,,Martin_167-A3
f4f-4_martlet_mk4,0.0,,,,,,0.0,,,,,,0.0,,,,,,Martlet_Mk_IV
uk_matilda_hedgehog,0.0,,,,,,0.0,,,,,,0.0,,,,,,Matilda_Hedgehog
mb_326b,0.0,,,,,,43.0,100.0,0.79,1.0,3.6,7.86,65.0,100.0,0.33,0.76,4.25,5.94,MB-326B
mb_5,0.0,,,,,,186.0,83.56,3.59,10.91,0.87,2.65,0.0,,,,,,MB.5
mbr-2,0.0,,,,,,0.0,,,,,,0.0,,,,,,MBR-2-M-34
me-163b,0.0,,,,,,13.0,0.0,1.0,1.0,0.0,0.0,0.0,,,,,,Me_163_B
me-163b-0,0.0,,,,,,0.0,,,,,,0.0,,,,,,Me_163_B-0
me_210_v22_japan,0.0,,,,,,0.0,,,,,,0.0,,,,,,Me_210_V22
me-262a-1a,0.0,,,,,,22.0,0.0,0.64,0.64,0.0,0.0,0.0,,,,,,Me_262_A-1a
me-262a-1a_early,0.0,,,,,,42.0,100.0,5.0,4.07,5.0,3.93,0.0,,,,,,Me_262_A-1a/Jabo
me-262a-2a,0.0,,,,,,67.0,61.54,1.46,0.9,1.27,2.05,0.0,,,,,,Me_262_A-2a
me-262c-1a,0.0,,,,,,0.0,,,,,,0.0,,,,,,Me_262_C-1a
me-262c-2b,0.0,,,,,,29.0,,,4.0,,0.0,0.0,,,,,,Me_262_C-2b
me-410a-1_u4,0.0,,,,,,25.0,,,0.0,,0.27,0.0,,,,,,Me_410_A-1/U4
me-410b-2_u4,0.0,,,,,,0.0,,,,,,0.0,,,,,,Me_410_B-2/U4
us_merkava_mk_1,0.0,,,,,,13.0,,,,,,0.0,,,,,,Merkava_Mk.1
us_merkava_mk_2b_late,0.0,,,,,,18.0,,,0.0,,1.0,0.0,,,,,,Merkava_Mk.2B
us_merkava_mk_3d,0.0,,,,,,5.0,50.0,0.0,0.0,1.0,2.0,0.0,,,,,,Merkava_Mk.3D
il_merkava_mk_4_lic,0.0,,,,,,90.0,60.58,0.0,0.0,1.78,2.42,0.0,,,,,,Merkava_Mk.4_LIC
il_merkava_mk_4b,0.0,,,,,,74.0,50.0,0.0,0.0,1.88,2.19,0.0,,,,,,Merkava_Mk.4B
il_merkava_mk_4m,0.0,,,,,,464.0,74.64,0.02,0.04,5.15,5.84,0.0,,,,,,Merkava_Mk.4M
meteor_fmk3,0.0,,,,,,34.0,,,0.52,,0.17,0.0,,,,,,Meteor_F_Mk_3
meteor_fmk4_sw,0.0,,,,,,0.0,,,,,,0.0,,,,,,Meteor_F_Mk_4_G.41G
meteor_fmk8,0.0,,,,,,6.0,,,,,,0.0,,,,,,Meteor_F_Mk_8_G.41K
meteor_fmk8_belgium,0.0,,,,,,23.0,100.0,1.52,,1.87,,0.0,,,,,,Meteor_F_Mk.8
meteor_fmk8_reaper,0.0,,,,,,40.0,76.93,2.48,3.38,2.21,3.04,0.0,,,,,,Meteor_F_Mk.8_Reaper
mig-15bis_ish,0.0,,,,,,27.0,77.78,0.44,0.89,1.89,2.11,0.0,,,,,,MiG-15bis_ISH
mig_29_9_12_sniper,0.0,,,,,,314.0,63.61,1.33,1.54,0.17,0.19,104.0,0.0,4.74,1.23,0.0,0.0,MiG-29_Sniper
mig_29n,0.0,,,,,,125.0,69.5,1.17,1.73,0.17,0.27,0.0,,,,,,MiG-29N
mirage_milan,0.0,,,,,,47.0,95.24,0.44,0.39,1.46,1.27,0.0,,,,,,Milan
mirage_2000_5eg_mk2_greece,0.0,,,,,,6.0,50.0,1.5,3.0,0.0,0.0,0.0,,,,,,Mirage_2000-5EG
mirage_2000_5f,0.0,,,,,,155.0,59.52,2.32,3.18,0.0,0.0,6.0,,,0.0,,0.0,Mirage_2000-5F
mirage_2000c_s5,0.0,,,,,,215.0,54.94,1.89,3.01,0.75,1.13,0.0,,,,,,Mirage_2000C-S5
mirage_2000d_r1,0.0,,,,,,0.0,,,,,,0.0,,,,,,Mirage_2000D-R1
mirage_2000d_rmv,0.0,,,,,,0.0,,,,,,2.0,,,0.0,,0.0,Mirage_2000D-RMV
mirage_f1c,0.0,,,,,,114.0,81.54,2.22,1.41,0.09,0.09,0.0,,,,,,Mirage_F1C
mirage_f1c_200,0.0,,,,,,401.0,47.93,1.41,1.47,0.34,0.36,83.0,100.0,10.5,3.5,0.0,0.0,Mirage_F1C-200
mirage_f1cg_greece,0.0,,,,,,0.0,,,,,,0.0,,,,,,Mirage_F1CG
mirage_f1ct,0.0,,,,,,0.0,,,,,,4.0,,,2.0,,0.0,Mirage_F1CT
mirage_3e,0.0,,,,,,35.0,100.0,2.75,3.11,0.07,0.22,0.0,,,,,,Mirage_IIIE
ussr_a_12_mk_2_matilda_2A_F96,0.0,,,,,,0.0,,,,,,0.0,,,,,,MK-II_«Matilda»
mosquito_fb_mk6,0.0,,,,,,0.0,,,,,,0.0,,,,,,Mosquito_FB_Mk_VI
mosquito_fb_mk18,0.0,,,,,,0.0,,,,,,0.0,,,,,,Mosquito_FB_Mk_XVIII
mosquito_tr_mk33,0.0,,,,,,0.0,,,,,,0.0,,,,,,Mosquito_TR.Mk.33
mosquito_nf_mk2,0.0,,,,,,0.0,,,,,,0.0,,,,,,Mosquito_NF.Mk.II
md_454_mystere_4a,0.0,,,,,,14.0,,,,,,0.0,,,,,,Mystere_IVA
nc_223_3,0.0,,,,,,0.0,,,,,,0.0,,,,,,N.C.223.3
n1k1_kyuofu,0.0,,,,,,10.0,,,,,,0.0,,,,,,N1K1
n1k1_ja,0.0,,,,,,0.0,,,,,,0.0,,,,,,N1K1-Ja
n1k2_j,0.0,,,,,,14.0,100.0,1.08,1.08,2.08,2.08,0.0,,,,,,N1K2-J
il_namer_tsrikhon,0.0,,,,,,75.0,85.42,0.0,0.0,2.11,1.97,0.0,,,,,,Namer_Tsrikhon
sw_nasams_fcs,0.0,,,,,,63.0,53.51,1.42,1.95,0.0,0.0,0.0,,,,,,NASAMS_3_(СОЦ)
us_nasams_fcs,0.0,,,,,,145.0,48.0,3.11,1.41,0.0,0.0,0.0,,,,,,NASAMS_3_(СОЦ)
fw-190a-8_france,0.0,,,,,,21.0,100.0,2.27,,4.0,,0.0,,,,,,NC.900
nesher,0.0,,,,,,12.0,,,,,,0.0,,,,,,Nesher
f_16a_block_10_iaf,0.0,,,,,,48.0,50.0,0.61,1.0,0.5,0.89,20.0,,,2.5,,0.0,Netz
f_16a_block_10_netz_mod,0.0,,,,,,142.0,64.24,1.06,1.98,0.64,0.94,31.0,,,0.77,,2.46,Netz_(Mod)
nimrod_mk1,0.0,,,,,,0.0,,,,,,0.0,,,,,,Nimrod_Mk_I
nimrod_mk2,0.0,,,,,,0.0,,,,,,0.0,,,,,,Nimrod_Mk_II
sw_nomads,0.0,,,,,,1.0,0.0,2.0,2.0,0.0,0.0,0.0,,,,,,NOMADS
ussr_object_140,0.0,,,,,,268.0,54.41,0.0,0.0,4.8,2.03,0.0,,,,,,Object_140
ussr_object_292,0.0,,,,,,418.0,57.44,0.0,0.0,4.03,2.35,0.0,,,,,,Object_292
ussr_object_685,0.0,,,,,,146.0,51.08,0.0,0.0,2.56,1.46,0.0,,,,,,Object_685
it_of_40_mk_1,0.0,,,,,,257.0,69.43,0.0,0.0,2.87,2.21,0.0,,,,,,OF-40
it_of_40_mk_2a,0.0,,,,,,114.0,59.79,0.0,0.0,1.65,1.78,10.0,,,0.0,,2.0,OF-40_Mk.2A
uk_olifant_mk_2,0.0,,,,,,87.0,50.0,0.0,0.0,2.5,3.08,0.0,,,,,,Olifant_Mk.2
cn_oplot_t,0.0,,,,,,119.0,55.46,0.0,0.0,2.23,1.91,0.0,,,,,,Oplot-M
os2u_1,0.0,,,,,,0.0,,,,,,0.0,,,,,,OS2U-1
os2u_3,0.0,,,,,,0.0,,,,,,0.0,,,,,,OS2U-3
uk_9a33bm2,0.0,,,,,,10.0,100.0,1.0,1.0,0.0,0.0,0.0,,,,,,Osa-AK
it_9a33bm3,0.0,,,,,,0.0,,,,,,0.0,,,,,,Osa-AKM
p-26a_34,0.0,,,,,,0.0,,,,,,0.0,,,,,,P-26A-34
p-38k,0.0,,,,,,0.0,,,,,,0.0,,,,,,P-38K
p-39k_1,0.0,,,,,,0.0,,,,,,0.0,,,,,,P-39K-1
p-39q_15,0.0,,,,,,0.0,,,,,,0.0,,,,,,P-39Q-15
p-39q_5,0.0,,,,,,6.0,100.0,0.0,0.0,2.0,2.0,0.0,,,,,,P-39Q-5
p-40c,0.0,,,,,,0.0,,,,,,0.0,,,,,,P-40C
p-40e_td,0.0,,,,,,0.0,,,,,,0.0,,,,,,P-40E-1_TD
p-43a-1,0.0,,,,,,0.0,,,,,,0.0,,,,,,P-43A-1
p-47d,0.0,,,,,,6.0,,,0.0,,0.0,0.0,,,,,,P-47D-25
p-59a,0.0,,,,,,87.0,82.5,1.82,1.82,1.53,1.42,0.0,,,,,,P-59A
p-66,0.0,,,,,,0.0,,,,,,0.0,,,,,,P-66
p_108a_serie2,0.0,,,,,,8.0,,,,,,0.0,,,,,,P.108A_serie_2
fr_citroen_kegresse_p4t,0.0,,,,,,0.0,,,,,,0.0,,,,,,P.7.T_AA
p1y1_mod11,0.0,,,,,,0.0,,,,,,0.0,,,,,,P1Y1_mod._11
d_510,0.0,,,,,,0.0,,,,,,0.0,,,,,,Pallier's_D.510
fr_pzkpfw_V_panther_dauphine,0.0,,,,,,3.0,100.0,0.0,0.0,4.0,2.0,0.0,,,,,,Panther_«Dauphine»
germ_panzerjager_1,0.0,,,,,,2.0,0.0,0.0,0.0,1.0,1.0,0.0,,,,,,Panzerjäger_I
sw_pbil_m40,0.0,,,,,,0.0,,,,,,0.0,,,,,,Pbil_m/40
pbj_1h,0.0,,,,,,7.0,100.0,1.0,0.0,7.0,3.67,0.0,,,,,,PBJ-1H
pbj_1j,0.0,,,,,,0.0,,,,,,0.0,,,,,,PBJ-1J
pbm_1,0.0,,,,,,0.0,,,,,,0.0,,,,,,"PBM-1_""Mariner"""
pbm_5a,0.0,,,,,,0.0,,,,,,0.0,,,,,,"PBM-5A_""Mariner"""
sw_pbv_302_bill,0.0,,,,,,30.0,50.0,0.0,0.0,1.0,1.0,0.0,,,,,,Pbv_302_(BILL)
sw_pbv_501,0.0,,,,,,555.0,45.42,0.0,0.0,1.12,1.03,0.0,,,,,,Pbv_501
pby-5,0.0,,,,,,0.0,,,,,,0.0,,,,,,PBY-5_Catalina
pby-5a_late_france,0.0,,,,,,0.0,,,,,,0.0,,,,,,PBY-5A_Late
cn_pgz_09,0.0,,,,,,78.0,61.46,1.53,1.23,0.44,0.45,0.0,,,,,,PGZ09
cn_pgz_88,0.0,,,,,,125.0,29.41,0.26,0.15,1.04,0.45,0.0,,,,,,PGZ88
f-4k,0.0,,,,,,10.0,50.0,1.5,3.0,0.0,0.0,0.0,,,,,,Phantom_FG.1
f-4m_fgr2,0.0,,,,,,57.0,78.84,0.93,1.0,0.73,0.76,0.0,,,,,,Phantom_FGR.2
cn_type_65_aa,0.0,,,,,,6.0,,,0.0,,0.0,0.0,,,,,,Phòng_không_T-34
cn_plz_45,0.0,,,,,,0.0,,,,,,0.0,,,,,,PLZ45
cn_plz_83_130,0.0,,,,,,22.0,16.67,0.0,0.0,1.67,2.19,0.0,,,,,,PLZ83-130
po-2,0.0,,,,,,0.0,,,,,,0.0,,,,,,Po-2
po-2_nw,,,,,,,,,,,,,,,,,,,Po-2_Night_Witch
po-2m,0.0,,,,,,0.0,,,,,,0.0,,,,,,Po-2M
potez_630,0.0,,,,,,0.0,,,,,,0.0,,,,,,Potez_630
potez_631,0.0,,,,,,7.0,,,0.0,,1.0,0.0,,,,,,Potez_631
potez_633,0.0,,,,,,0.0,,,,,,0.0,,,,,,Potez_633
spitfire_fr_mk14e,0.0,,,,,,19.0,,,0.0,,0.0,0.0,,,,,,Prendergast's_Spitfire_FR_Mk_XIVe
germ_leopard_2_pt14,0.0,,,,,,6.0,,,,,,0.0,,,,,,PT-16/T14_mod.
cn_ptl_02,0.0,,,,,,84.0,100.0,0.0,0.0,3.21,2.41,0.0,,,,,,PTL02
germ_schutzenpanzer_puma,0.0,,,,,,204.0,49.57,0.0,0.0,1.32,1.0,0.0,,,,,,PUMA
germ_schutzenpanzer_puma_vjtf_mod,0.0,,,,,,0.0,,,,,,0.0,,,,,,Puma_u14
sw_pvkv_m43_1963,0.0,,,,,,11.0,,,,,,0.0,,,,,,Pvkv_m/43_(1963)
sw_pvrbv_551,0.0,,,,,,88.0,36.46,0.0,0.0,2.74,1.42,0.0,,,,,,Pvrbv_551
germ_pzkpfw_38t_na,0.0,,,,,,0.0,,,,,,0.0,,,,,,Pz.38(t)_n.A.
germ_pzkpfw_38t_ausf_A,0.0,,,,,,20.0,47.06,0.0,0.0,1.59,2.9,0.0,,,,,,Pz.38(t)_A
germ_pzkpfw_II_ausf_C_td,0.0,,,,,,0.0,,,,,,0.0,,,,,,Pz.II_C_TD
germ_pzkpfw_III_ausf_J_td,0.0,,,,,,0.0,,,,,,0.0,,,,,,Pz.III_J1_TD
germ_pzkpfw_III_ausf_J_L42,0.0,,,,,,0.0,,,,,,0.0,,,,,,Pz.III_J
germ_pzkpfw_II_ausf_C,0.0,,,,,,20.0,100.0,0.0,,2.0,,0.0,,,,,,Pz.II_C
germ_pzkpfw_II_ausf_F,0.0,,,,,,5.0,100.0,0.0,0.0,2.0,2.0,0.0,,,,,,Pz.II_F
germ_pzkpfw_II_ausf_C_DAK,0.0,,,,,,39.0,0.0,0.0,0.0,2.0,1.41,0.0,,,,,,Pz.II_С_(DAK)
germ_pzkpfw_IV_ausf_E,0.0,,,,,,32.0,0.0,0.0,0.0,1.27,1.27,0.0,,,,,,Pz.IV_E
germ_amd_35_kwk39,0.0,,,,,,49.0,0.0,0.0,0.0,5.5,1.3,0.0,,,,,,Pz.Sp.Wg.P204(f)_PaK
it_pzh_2000,0.0,,,,,,0.0,,,,,,0.0,,,,,,PzH_2000
it_pzh_2000_hu,0.0,,,,,,52.0,100.0,0.0,0.0,6.23,2.78,0.0,,,,,,PzH_2000HU
q_5l,0.0,,,,,,0.0,,,,,,175.0,100.0,0.0,0.0,0.0,0.0,Q-5L
quing_6,0.0,,,,,,17.0,,,,,,8.0,,,0.0,,0.0,Qing-6
cn_qn506,0.0,,,,,,90.0,23.48,0.0,0.0,0.8,0.9,0.0,,,,,,QN506
fr_renault_r39,0.0,,,,,,0.0,,,,,,0.0,,,,,,R.35_(SA38)
r2y2_v1,0.0,,,,,,19.0,,,,,,0.0,,,,,,R2Y2_Kai_V1
r2y2_v2,0.0,,,,,,10.0,,,1.0,,1.0,0.0,,,,,,R2Y2_Kai_V2
r2y2_kai,0.0,,,,,,0.0,,,,,,0.0,,,,,,R2Y2_Kai_V3
il_merkava_mk_3_raam_segol,0.0,,,,,,401.0,70.34,0.0,0.0,3.82,2.23,9.0,,,0.0,,1.0,Ra'am_Sagol
rafale_eg_greece,0.0,,,,,,1.0,,,1.0,,0.0,0.0,,,,,,Rafale_EG
germ_raketenjagdpanzer_2,0.0,,,,,,20.0,50.0,0.0,0.0,1.0,0.82,0.0,,,,,,RakJPz_2
uk_tracked_rapier,0.0,,,,,,7.0,,,,,,0.0,,,,,,Rapier
p-36a_rasmussen,0.0,,,,,,0.0,,,,,,0.0,,,,,,Rasmussen's_P-36A
re_2000_ga,0.0,,,,,,0.0,,,,,,0.0,,,,,,Re.2000_G.A.
re_2001_serie1_ep,0.0,,,,,,0.0,,,,,,0.0,,,,,,Re.2001_gruppo_22
jp_type_95_heavy,0.0,,,,,,19.0,,,0.0,,2.0,0.0,,,,,,Ro-Go
jp_hiro_sha,0.0,,,,,,6.0,,,0.0,,1.0,0.0,,,,,,Ro-Go_Exp.
ro_43,,,,,,,,,,,,,,,,,,,Ro.43
ro_44,0.0,,,,,,0.0,,,,,,0.0,,,,,,Ro.44
fr_amx_30_roland,0.0,,,,,,24.0,,,1.2,,0.0,0.0,,,,,,Roland_1
uk_rooikat_105_td,0.0,,,,,,111.0,48.81,0.0,0.0,1.67,2.71,0.0,,,,,,Rooikat_105
uk_rooikat_mttd,0.0,,,,,,91.0,100.0,0.0,0.0,4.64,4.1,0.0,,,,,,Rooikat_MTTD
germ_ru251,1.0,,,,,,56.0,12.5,0.0,0.0,5.3,2.99,0.0,,,,,,Ru_251
fr_somua_s35,0.0,,,,,,8.0,,,0.0,,2.0,0.0,,,,,,S.35
s_81_ar125,0.0,,,,,,0.0,,,,,,0.0,,,,,,S.81
sm_79_1941,0.0,,,,,,0.0,,,,,,0.0,,,,,,S.M.79_AS
sm_79_1941_italy,0.0,,,,,,0.0,,,,,,0.0,,,,,,S.M.79_AS
sm_79_iar,0.0,,,,,,0.0,,,,,,0.0,,,,,,S.M.79_B
sm_79_1942,0.0,,,,,,0.0,,,,,,0.0,,,,,,S.M.79_bis/N
sm_79_1943,0.0,,,,,,0.0,,,,,,0.0,,,,,,S.M.79_bis/T.M
sm_79_1936,0.0,,,,,,0.0,,,,,,0.0,,,,,,S.M.79_serie_1
sm_79_1936_italy,0.0,,,,,,0.0,,,,,,0.0,,,,,,S.M.79_serie_1
sm_79_1937,0.0,,,,,,0.0,,,,,,0.0,,,,,,S.M.79_serie_4
sm_79_1939,0.0,,,,,,0.0,,,,,,0.0,,,,,,S.M.79_serie_8
sm_79_1939_italy,0.0,,,,,,0.0,,,,,,0.0,,,,,,S.M.79_serie_8
so_4050_vautour_2n,0.0,,,,,,31.0,100.0,1.0,1.0,0.18,0.18,0.0,,,,,,S.O.4050_Vautour_IIN
so_8000_narval,0.0,,,,,,40.0,100.0,5.08,4.52,2.08,1.8,0.0,,,,,,S.O.8000_Narval
saab_b17bs,0.0,,,,,,0.0,,,,,,0.0,,,,,,S17BS
md_460_saar,0.0,,,,,,14.0,,,,,,0.0,,,,,,Sa'ar
saab_f35_wdns,0.0,,,,,,15.0,62.5,0.38,0.19,1.5,0.75,4.0,,,,,,Saab_F-35
saab_j35xs,0.0,,,,,,306.0,38.8,1.62,1.89,0.19,0.24,0.0,,,,,,Saab_J35XS
saab_105g,0.0,,,,,,580.0,49.98,0.83,0.97,1.13,1.32,0.0,,,,,,SAAB-105G
saab_105oe,0.0,,,,,,18.0,,,,,,0.0,,,,,,SAAB-105OE
md_460_sambad,0.0,,,,,,0.0,,,,,,0.0,,,,,,Sambad
fr_vab_santal,0.0,,,,,,115.0,6.25,2.06,1.27,0.0,0.0,0.0,,,,,,SANTAL
uk_sarc_mk4_a,0.0,,,,,,8.0,,,0.0,,1.2,0.0,,,,,,SARC_MkIVa
uk_marmon_herrington_mk_6_2pdr,0.0,,,,,,6.0,0.0,0.0,0.0,0.0,0.17,0.0,,,,,,SARC_MkVI_(2pdr)
uk_marmon_herrington_mk_6_6pdr,0.0,,,,,,67.0,51.79,0.0,0.0,0.88,0.53,0.0,,,,,,SARC_MkVI_(6pdr)
fr_somua_sau40,0.0,,,,,,0.0,,,,,,0.0,,,,,,SAu_40
sb_2m_100,0.0,,,,,,10.0,,,,,,0.0,,,,,,SB_2M-100
sb_2m_103c,0.0,,,,,,0.0,,,,,,0.0,,,,,,SB_2M-103
sb_2m_103_mv3,0.0,,,,,,0.0,,,,,,0.0,,,,,,SB_2M-103_MV-3
sb_2m_103u,0.0,,,,,,0.0,,,,,,0.0,,,,,,SB_2M-103U
sb_2m_103u_mv3,0.0,,,,,,0.0,,,,,,0.0,,,,,,SB_2M-103U_MV-3
sb2c_1c,0.0,,,,,,29.0,42.31,0.0,0.0,0.88,0.62,0.0,,,,,,SB2C-1C
sb2c_4,0.0,,,,,,2.0,0.0,0.0,0.0,0.0,0.0,0.0,,,,,,SB2C-4
sb2c_5_greece,0.0,,,,,,0.0,,,,,,0.0,,,,,,SB2C-5
sb2u-2,0.0,,,,,,14.0,,,0.0,,0.0,0.0,,,,,,SB2U-2
scimitar_f1,0.0,,,,,,44.0,80.95,2.33,3.21,0.44,0.61,0.0,,,,,,Scimitar_F_Mk.1
germ_sdkfz_234_1,0.0,,,,,,11.0,100.0,1.0,1.0,3.0,3.0,17.0,,,0.0,,1.0,Sd.Kfz.234/1
germ_sdkfz_234_2_td,0.0,,,,,,36.0,50.0,0.0,0.0,0.76,1.12,0.0,,,,,,Sd.Kfz.234/2_TD
germ_sdkfz_234_3,0.0,,,,,,73.0,57.69,0.0,0.0,3.85,2.96,0.0,,,,,,Sd.Kfz.234/3
germ_sdkfz_234_4,0.0,,,,,,133.0,92.58,0.0,0.0,3.7,1.77,0.0,,,,,,Sd.Kfz.234/4
germ_sdkfz_251_10,0.0,,,,,,5.0,50.0,0.0,0.0,0.5,1.0,0.0,,,,,,Sd.Kfz.251/10
se_203,0.0,,,,,,0.0,,,,,,0.0,,,,,,SE.203_Aquilon_203
gladiator_mk2_navy,0.0,,,,,,0.0,,,,,,0.0,,,,,,Sea_Gladiator_Mk_I
sea_harrier_fa2,0.0,,,,,,56.0,50.0,0.97,1.0,0.97,1.0,0.0,,,,,,Sea_Harrier_FA_2
harrier_frs1,0.0,,,,,,19.0,50.0,0.5,1.0,0.0,0.0,0.0,,,,,,Sea_Harrier_FRS.1
harrier_frs1_early,0.0,,,,,,0.0,,,,,,0.0,,,,,,Sea_Harrier_FRS.1_(e)
sea_hawk_fga6,0.0,,,,,,74.0,56.41,0.58,0.72,0.88,1.05,0.0,,,,,,Sea_Hawk_FGA.6
sea_hawk_fga50_netherlands,0.0,,,,,,9.0,50.0,1.0,2.0,1.5,3.0,30.0,,,3.0,,0.0,Sea_Hawk_Mk.50
sea_venom_faw20,0.0,,,,,,0.0,,,,,,0.0,,,,,,Sea_Venom_FAW_20
dh_110_sea_vixen,0.0,,,,,,58.0,54.63,1.53,3.33,0.0,0.0,0.0,,,,,,Sea_Vixen_F.A.W._Mk.2
mirage_3cj,0.0,,,,,,48.0,100.0,4.54,1.64,0.0,0.0,0.0,,,,,,Shahak
mig-17_f5,0.0,,,,,,22.0,100.0,3.0,,0.19,,0.0,,,,,,Shenyang_F-5
il_centurion_shot_kal_d,0.0,,,,,,56.0,59.52,0.0,0.0,2.64,2.95,11.0,,,0.0,,2.0,Sho't_Kal_Dalet
uk_centurion_shot_kal_d,0.0,,,,,,0.0,,,,,,0.0,,,,,,Sho't_Kal_Dalet
il_centurion_shot_kal_gimel,0.0,,,,,,26.0,0.0,0.0,0.0,5.0,2.0,0.0,,,,,,Sho't_Kal_Gimel
ussr_9p149,0.0,,,,,,28.0,57.14,0.0,0.0,0.71,1.0,0.0,,,,,,Shturm-S
it_otobreda_sidam_25,0.0,,,,,,93.0,38.1,0.38,0.47,0.77,0.99,0.0,,,,,,SIDAM_25
it_otobreda_sidam_25_mistral,0.0,,,,,,68.0,50.0,0.5,0.34,0.48,0.33,0.0,,,,,,SIDAM_25_(Mistral)
us_skink_aa_kit_3rank,0.0,,,,,,139.0,55.46,1.12,1.77,0.0,0.0,0.0,,,,,,Skink_(Hell)
uk_sky_sabre_fcs,0.0,,,,,,36.0,40.0,1.08,1.0,0.0,0.0,0.0,,,,,,Sky_Sabre_(СОЦ)
ussr_smk,0.0,,,,,,33.0,100.0,0.0,0.0,5.0,2.3,0.0,,,,,,SMK
soc_1,,,,,,,,,,,,,,,,,,,SOC-1
spitfire_fr_mk14e_belgium,0.0,,,,,,19.0,,,1.92,,1.42,0.0,,,,,,Spitfire_FR_Mk_XIVe
spitfire_ix_ussr,0.0,,,,,,23.0,100.0,2.25,1.63,0.0,0.0,0.0,,,,,,Spitfire_Mk_IXc
spitfiremkiia_ep,0.0,,,,,,0.0,,,,,,0.0,,,,,,Spitfire_Mk.IIa_Venture_I
spitfire_lf_mk9c_cw_greece,0.0,,,,,,35.0,,,1.31,,1.91,0.0,,,,,,Spitfire_LF_Mk.IXc_(CW)
il_spyder_aio,0.0,,,,,,42.0,47.83,0.3,0.3,0.0,0.0,0.0,,,,,,SPYDER
germ_spz_12_3,0.0,,,,,,296.0,70.49,0.18,0.15,3.28,2.88,0.0,,,,,,SPz_12-3_LGS
fr_saint_chamond,0.0,,,,,,0.0,,,,,,0.0,,,,,,St-Chamond
uk_t17e2,0.0,,,,,,21.0,100.0,0.0,0.0,0.0,0.0,0.0,,,,,,Staghound_AA
stirling_mk1,0.0,,,,,,0.0,,,,,,0.0,,,,,,Stirling_B_Mk_I
uk_stormer_air_defence,0.0,,,,,,13.0,,,,,,0.0,,,,,,Stormer_AD
uk_stormer_hvm,0.0,,,,,,2.0,,,,,,0.0,,,,,,Stormer_HVM
strikemaster_mk88,0.0,,,,,,35.0,100.0,1.0,0.73,3.0,3.0,0.0,,,,,,Strikemaster_Mk.88
sw_strv_103a,0.0,,,,,,144.0,40.15,0.0,0.0,2.37,2.67,0.0,,,,,,Strv_103A
sw_strv_121,0.0,,,,,,614.0,56.69,0.0,0.0,1.58,1.5,0.0,,,,,,Strv_121
sw_strv_74,0.0,,,,,,306.0,45.0,0.0,0.0,2.69,1.99,3.0,,,,,,Strv_74
sw_strv_81_rb52,0.0,,,,,,21.0,0.0,0.0,0.0,2.78,1.76,0.0,,,,,,Strv_81_(RB_52)
uk_centurion_mk_3_ss11,0.0,,,,,,0.0,,,,,,0.0,,,,,,Strv_81_(RB_52)
sw_strv_m39_td,0.0,,,,,,0.0,,,,,,0.0,,,,,,Strv_m/39_TD
sw_strv_m41_s1,0.0,,,,,,0.0,,,,,,0.0,,,,,,Strv_m/41_S-I
sw_strv_m41_s2,0.0,,,,,,63.0,,,0.0,,0.9,0.0,,,,,,Strv_m/41_S-II
us_m5a1_stuart_canadian_5st_arm,0.0,,,,,,0.0,,,,,,0.0,,,,,,Stuart_VI_(5th_CAD)
germ_stuh_III_ausf_G,0.0,,,,,,22.0,0.0,0.0,0.0,3.78,3.5,0.0,,,,,,StuH_42_G
ussr_su_100Y,0.0,,,,,,47.0,65.0,0.0,0.0,2.0,1.33,0.0,,,,,,SU-100Y
ussr_su_122P,0.0,,,,,,18.0,,,0.0,,4.17,0.0,,,,,,SU-122P
su_30mkm,0.0,,,,,,427.0,59.56,1.34,1.72,0.74,0.89,176.0,0.0,6.0,0.79,1.0,0.09,Su-30MKM
su_25tm,0.0,,,,,,610.0,54.97,0.38,0.46,1.95,2.22,84.0,,,0.59,,1.34,Su-39
ussr_su_5_1,0.0,,,,,,2.0,,,,,,0.0,,,,,,SU-5-1
ussr_su_57,0.0,,,,,,8.0,,,0.0,,0.75,0.0,,,,,,SU-57
ussr_su_57b,0.0,,,,,,4.0,50.0,0.0,0.0,1.0,2.0,0.0,,,,,,SU-57B
su_6_single,0.0,,,,,,32.0,98.33,0.0,0.0,0.88,0.9,0.0,,,,,,Su-6
su-6_am42,0.0,,,,,,3.0,,,1.0,,1.0,0.0,,,,,,Su-6_(AM-42)
ussr_su_76d,0.0,,,,,,0.0,,,,,,0.0,,,,,,SU-76D
ussr_su_76m_5st_kav_corps,0.0,,,,,,0.0,,,,,,0.0,,,,,,SU-76M_(5th_Gv.Kav.Corps)
ussr_su_85a,0.0,,,,,,0.0,,,,,,0.0,,,,,,SU-85A
sunderland_mk3a,0.0,,,,,,0.0,,,,,,0.0,,,,,,Sunderland_Mk_IIIa
md_460,0.0,,,,,,105.0,54.21,1.02,1.56,0.91,1.37,0.0,,,,,,Super_Mystere_B2
swift_f1,0.0,,,,,,43.0,72.73,1.59,2.45,1.55,2.64,0.0,,,,,,Swift_F.1
swift_f7,0.0,,,,,,14.0,,,0.79,,0.04,0.0,,,,,,Swift_F.7
swordfish_mk1,0.0,,,,,,0.0,,,,,,0.0,,,,,,Swordfish_Mk_I
swordfish_mk2,0.0,,,,,,0.0,,,,,,0.0,,,,,,Swordfish_Mk_II
ussr_t_126sp,0.0,,,,,,20.0,,,0.0,,2.75,0.0,,,,,,T-126
cn_t_26_no531,0.0,,,,,,0.0,,,,,,0.0,,,,,,T-26_No.531
ussr_t_26_4,0.0,,,,,,0.0,,,,,,0.0,,,,,,T-26-4
sw_vickers_mk_e_45,0.0,,,,,,0.0,,,,,,0.0,,,,,,T-26E
ussr_t_26E,0.0,,,,,,0.0,,,,,,0.0,,,,,,T-26E
ussr_t_28_1938,0.0,,,,,,13.0,100.0,0.0,0.0,1.0,1.0,0.0,,,,,,T-28_(1938)
ussr_t_34_1940_l_11,0.0,,,,,,0.0,,,,,,0.0,,,,,,T-34_(Prototype)
sw_t_50_fin,0.0,,,,,,0.0,,,,,,0.0,,,,,,T-50
cn_type_69_2g,0.0,,,,,,198.0,48.45,0.0,0.0,1.51,1.83,0.0,,,,,,T-69_II_G
ussr_t_70_1942,0.0,,,,,,13.0,0.0,0.0,0.0,1.0,0.15,0.0,,,,,,T-70
ussr_t_72b3_2011,0.0,,,,,,676.0,49.19,0.0,0.0,1.78,1.75,0.0,,,,,,T-72B3
ussr_t_80,0.0,,,,,,18.0,13.33,0.0,0.0,1.0,1.38,0.0,,,,,,T-80
ussr_t_80um2,0.0,,,,,,202.0,49.46,0.0,0.0,1.82,1.58,0.0,,,,,,T-80UM2
ussr_pzkpfw_III_ausf_J_L42,0.0,,,,,,0.0,,,,,,0.0,,,,,,T-III
us_t114,0.0,,,,,,52.0,100.0,0.0,0.0,4.58,4.09,0.0,,,,,,T114
saab_t18b_2,0.0,,,,,,14.0,0.0,0.57,0.57,0.0,0.0,0.0,,,,,,T18B_(57)
us_t18_e2,0.0,,,,,,46.0,16.67,0.0,0.0,7.5,5.91,0.0,,,,,,T18E2
us_t28,0.0,,,,,,0.0,,,,,,4.0,0.0,0.0,0.0,3.0,3.0,T28
us_t55e1,0.0,,,,,,158.0,35.77,0.0,0.0,2.51,1.67,0.0,,,,,,T55E1
us_t86,0.0,,,,,,98.0,71.88,0.0,0.0,2.25,2.27,0.0,,,,,,T86
us_t95,0.0,,,,,,12.0,,,,,,0.0,,,,,,T95
jp_type_98_ta_se,0.0,,,,,,7.0,,,0.86,,1.0,0.0,,,,,,Ta-Se
jp_type_81_tansam_launcher,0.0,,,,,,0.0,,,,,,0.0,,,,,,Tan-SAM_Kai_(СОУ)
jp_type_81_tansam_fcs,0.0,,,,,,10.0,,,0.18,,0.0,0.0,,,,,,Tan-SAM_Kai_(СОЦ)
tandem_mai,0.0,,,,,,0.0,,,,,,0.0,,,,,,Tandem_MAI
tb_3_m17_32,0.0,,,,,,0.0,,,,,,0.0,,,,,,TB-3M-17-32
tbd-1_1938,0.0,,,,,,0.0,,,,,,0.0,,,,,,TBD-1
tbf-1c,0.0,,,,,,15.0,,,0.0,,1.0,0.0,,,,,,TBF-1C
il_tcm_20,0.0,,,,,,22.0,0.0,0.0,0.0,0.0,0.0,0.0,,,,,,TCM-20
tempest_mkv_luftwaffe,0.0,,,,,,79.0,65.56,1.71,2.7,1.71,2.3,0.0,,,,,,Tempest_Mk_V
il_tiran_4,0.0,,,,,,27.0,100.0,0.0,0.0,2.14,1.8,0.0,,,,,,Tiran_4
jp_type_10_prototype,0.0,,,,,,282.0,49.65,0.0,0.0,1.97,1.46,0.0,,,,,,TKX_(P)
ussr_to_55,0.0,,,,,,129.0,89.51,0.0,0.0,11.31,5.7,10.0,,,,,,TO-55
uk_tog_2,0.0,,,,,,96.0,65.48,0.0,0.0,4.05,2.77,4.0,,,,,,TOG_II
it_toldi_II_a,0.0,,,,,,0.0,,,,,,0.0,,,,,,Toldi_IIA
cn_tor_m1,0.0,,,,,,0.0,,,,,,0.0,,,,,,Tor-M1
tornado_adv,0.0,,,,,,76.0,60.42,2.36,2.59,0.0,0.0,16.0,,,0.19,,0.0,Tornado_ADV
tornado_f3,0.0,,,,,,110.0,51.4,1.56,2.68,0.24,0.38,0.0,,,,,,Tornado_F.3
tornado_f3_late,0.0,,,,,,0.0,,,,,,0.0,,,,,,Tornado_F.3_Late
tornado_gr1,0.0,,,,,,25.0,100.0,0.0,0.0,2.14,4.0,0.0,,,,,,Tornado_GR.1
tornado_gr4,0.0,,,,,,0.0,,,,,,0.0,,,,,,Tornado_GR.4
tornado_ids_it_mod95,0.0,,,,,,0.0,,,,,,0.0,,,,,,Tornado_IDS_(1995)
tornado_ids_it_ret8,0.0,,,,,,0.0,,,,,,0.0,,,,,,Tornado_IDS_MLU_(RET.8)
ussr_tor_m1,0.0,,,,,,6.0,,,2.0,,0.0,0.0,,,,,,Toр-M1
tu-2_early,0.0,,,,,,1.0,100.0,0.0,0.0,2.0,2.0,0.0,,,,,,Tu-2
tu_4,0.0,,,,,,6.0,,,0.33,,0.33,0.0,,,,,,Tu-4
gladiator_mk2_tuck,0.0,,,,,,0.0,,,,,,0.0,,,,,,Tuck's_Gladiator_Mk_II
it_41m_turan_2,0.0,,,,,,43.0,44.64,0.0,0.0,3.5,3.86,0.0,,,,,,Turan_II
jp_type_03_chusam_fcs,0.0,,,,,,0.0,,,,,,0.0,,,,,,Type_03_(СОЦ)
jp_type_16_mod,0.0,,,,,,493.0,61.08,0.0,0.0,2.34,1.66,0.0,,,,,,Type_16_(FPS)
jp_type_60_atm,0.0,,,,,,9.0,75.0,0.0,0.0,1.0,1.0,0.0,,,,,,Type_60_ATM
ussr_type_62,0.0,,,,,,4.0,,,0.0,,1.0,3.0,,,,,,Type_62
cn_type_62,0.0,,,,,,151.0,48.39,0.0,0.0,0.63,0.61,4.0,,,0.0,,1.0,Type_62
jp_type_74_f,0.0,,,,,,125.0,62.5,0.0,0.0,1.89,1.79,0.0,,,,,,Type_74_(F)
jp_type_74_red_star,0.0,,,,,,283.0,63.02,0.0,0.0,2.73,1.58,0.0,,,,,,Type_74_Red_Star
jp_type_81_tansam,0.0,,,,,,44.0,0.0,0.57,0.57,0.0,0.0,0.0,,,,,,Type_81_(C)
jp_type_87,0.0,,,,,,480.0,42.32,0.24,0.22,0.79,0.68,0.0,,,,,,Type_87
jp_type_94,0.0,,,,,,0.0,,,,,,0.0,,,,,,Type_94
ef_2000_typhoon_aesa,0.0,,,,,,133.0,58.11,1.79,2.81,0.13,0.21,20.0,,,1.8,,0.4,Typhoon_(AESA)
sw_landsverk_ush_204_gk,0.0,,,,,,184.0,38.92,0.41,0.32,0.0,0.0,0.0,,,,,,U-SH_204_GK
sw_landsverk_ush_405,0.0,,,,,,173.0,55.0,0.0,0.0,1.97,1.04,0.0,,,,,,U-SH_405
sw_udes_33,0.0,,,,,,52.0,0.0,0.0,0.0,0.74,0.75,0.0,,,,,,UDES_33
us_m551_football,,,,,,,,,,,,,,,,,,,us_m551_football
ussr_m551_football,,,,,,,,,,,,,,,,,,,ussr_m551_football
v_11g,0.0,,,,,,0.0,,,,,,0.0,,,,,,V-11
v_12d,0.0,,,,,,0.0,,,,,,0.0,,,,,,V-12D
v_156_b1,0.0,,,,,,1.0,,,0.0,,0.0,0.0,,,,,,V-156-B1
v_156_f,0.0,,,,,,0.0,,,,,,0.0,,,,,,V-156-F
uk_valentine_mk_9,0.0,,,,,,67.0,46.43,0.0,0.0,1.93,1.78,0.0,,,,,,Valentine_IX
vampire_fb5,0.0,,,,,,0.0,,,,,,0.0,,,,,,Vampire_F.B.5
vampire_fb52_finland,0.0,,,,,,0.0,,,,,,0.0,,,,,,Vampire_FB_52A
so_4050_vautour_2a_iaf,0.0,,,,,,27.0,100.0,3.0,1.26,0.0,0.58,0.0,,,,,,Vautour_IIA_IDF/AF
it_vbc_pt2,0.0,,,,,,268.0,56.16,0.0,0.0,1.45,1.16,0.0,,,,,,VBC_(PT2)
fr_vbci,0.0,,,,,,122.0,82.72,0.0,0.0,2.36,1.46,0.0,,,,,,VBCI
fr_vbci2_mct30,0.0,,,,,,11.0,100.0,0.0,0.0,3.0,0.91,0.0,,,,,,VBCI-2_(MCT30)
it_vcc_80_hitfist_30,0.0,,,,,,92.0,57.56,0.0,0.0,1.03,1.33,0.0,,,,,,VCC-80/30
sw_veak_40,0.0,,,,,,87.0,49.07,0.49,0.4,0.49,0.4,0.0,,,,,,VEAK_40
venom_fb4,0.0,,,,,,55.0,100.0,2.33,3.4,1.33,1.2,0.0,,,,,,Venom_FB.4
fr_vextra_105,0.0,,,,,,101.0,60.26,0.0,0.0,1.29,1.28,0.0,,,,,,Vextra_105
uk_vfm_5,0.0,,,,,,122.0,56.67,0.0,0.0,3.87,1.9,0.0,,,,,,VFM5
uk_vickers_mk_11,0.0,,,,,,259.0,59.56,0.0,0.0,2.15,1.88,0.0,,,,,,Vickers_Mk.11
uk_vijayanta,0.0,,,,,,319.0,61.04,0.0,0.0,3.05,2.12,0.0,,,,,,Vijayanta
germ_vilkas,0.0,,,,,,69.0,47.22,0.0,0.0,1.36,0.84,0.0,,,,,,Vilkas
vl_myrsky_2_late,0.0,,,,,,0.0,,,,,,0.0,,,,,,VL_Myrsky_II
it_vrcc_centauro,0.0,,,,,,100.0,50.74,0.0,0.0,2.14,1.89,0.0,,,,,,VRCC
germ_vt_1_2,0.0,,,,,,148.0,47.28,0.05,0.04,4.65,3.55,0.0,,,,,,VT1-2
cn_vt_5,0.0,,,,,,74.0,66.05,0.0,0.0,1.35,1.45,0.0,,,,,,VT5
fr_amx_vtt_dca,0.0,,,,,,23.0,100.0,1.06,1.0,0.06,0.0,0.0,,,,,,VTT_DCA
walrus_mk1,,,,,,,,,,,,,,,,,,,Walrus_Mk.I
washington_b1,0.0,,,,,,9.0,,,,,,0.0,,,,,,Washington_B.Mk.I
spitfire_lf_mk9e_weisman,0.0,,,,,,29.0,100.0,1.86,1.86,2.08,2.08,5.0,,,1.0,,0.0,Weizman's_Spitfire_LF_Mk.IXe
wellington_mk1c_luftwaffe,0.0,,,,,,0.0,,,,,,0.0,,,,,,Wellington_Mk_Ic
wellington_mk1c_late,0.0,,,,,,0.0,,,,,,0.0,,,,,,Wellington_Mk_Ic/L
wellington_mk3,0.0,,,,,,0.0,,,,,,0.0,,,,,,Wellington_Mk_III
wellington_mk10,0.0,,,,,,0.0,,,,,,0.0,,,,,,Wellington_Mk_X
whirlwind_mk1,0.0,,,,,,0.0,,,,,,0.0,,,,,,Whirlwind_Mk_I
whirlwind_p9,0.0,,,,,,0.0,,,,,,0.0,,,,,,Whirlwind_P.9
germ_wiesel_1_tow,0.0,,,,,,206.0,72.05,0.0,0.0,1.66,1.17,0.0,,,,,,Wiesel_1A2
wirraway,0.0,,,,,,0.0,,,,,,0.0,,,,,,Wirraway
cn_wma_301,0.0,,,,,,34.0,50.0,0.0,0.0,0.5,0.46,0.0,,,,,,WMA301
cn_wz_305,0.0,,,,,,225.0,31.11,0.15,0.13,0.83,0.77,37.0,84.0,0.08,0.06,1.32,1.27,WZ305
xf5f,0.0,,,,,,24.0,100.0,1.0,1.0,2.0,2.0,13.0,,,,,,XF5F
p-38g_metal,0.0,,,,,,0.0,,,,,,0.0,,,,,,XP-38G
yak_141,0.0,,,,,,123.0,64.84,1.02,1.21,0.0,0.0,0.0,,,,,,Yak-141
yak-38,0.0,,,,,,54.0,52.94,1.06,0.75,0.0,0.0,5.0,,,1.0,,0.0,Yak-38
er-2_ach30b_early,0.0,,,,,,0.0,,,,,,0.0,,,,,,Yer-2_(ACh-30B)_(e)
er-2_m105_tat,0.0,,,,,,0.0,,,,,,0.0,,,,,,Yer-2_(M-105)_TAT
er-2_m105r_tat,0.0,,,,,,0.0,,,,,,0.0,,,,,,Yer-2_(M-105R)_TAT
yp-38,0.0,,,,,,0.0,,,,,,0.0,,,,,,YP-38
uk_ystervark_spaa,0.0,,,,,,73.0,55.95,0.14,0.09,0.19,0.14,0.0,,,,,,Ystervark
uk_rooikat_za_35,0.0,,,,,,282.0,59.49,0.23,0.22,1.33,1.19,0.0,,,,,,ZA-35
il_ss_11_halftrack,0.0,,,,,,8.0,,,0.0,,0.88,0.0,,,,,,Zachlam_Tager
cn_type_86,0.0,,,,,,110.0,69.8,0.0,0.0,0.49,0.54,0.0,,,,,,ZBD86
i-153_m62_zhukovskiy,0.0,,,,,,0.0,,,,,,0.0,,,,,,Zhukovsky's_I-153-M62
ussr_zis_12_94KM_1945,0.0,,,,,,122.0,54.3,0.31,0.22,1.19,0.73,0.0,,,,,,ZiS-12_(94-KM)
ussr_zis_30,0.0,,,,,,17.0,91.67,0.0,0.0,1.17,1.17,0.0,,,,,,ZiS-30
cn_ztl_11,0.0,,,,,,24.0,100.0,0.0,0.0,1.0,1.0,0.0,,,,,,ZLT11
cn_zsd63_pg87,0.0,,,,,,71.0,0.0,0.39,0.3,0.0,0.0,0.0,,,,,,ZSD63/PG87
ussr_zsu_37,0.0,,,,,,33.0,,,0.0,,0.0,0.0,,,,,,ZSU-37
ussr_zsu_37_2,0.0,,,,,,298.0,33.74,0.37,0.46,0.25,0.33,0.0,,,,,,ZSU-37-2
sw_zsu_57_2,0.0,,,,,,313.0,48.26,0.0,0.0,1.34,1.03,0.0,,,,,,ZSU-57-2
cn_ztz_59a,0.0,,,,,,40.0,0.0,0.0,0.0,0.74,1.26,13.0,,,0.0,,2.0,ZTZ59A
cn_ztz_99a,0.0,,,,,,279.0,67.21,0.0,0.0,2.73,1.92,0.0,,,,,,ZTZ99A
ussr_zut_37,0.0,,,,,,0.0,,,,,,0.0,,,,,,ZUT-37
ussr_bmd_4m,0.0,,,,,,1755.0,43.68,0.02,0.01,1.53,1.11,19.0,,,,,,БМД-4M
ussr_bmd_4m2,0.0,,,,,,759.0,38.32,0.0,0.0,1.22,0.95,19.0,61.11,0.0,0.0,0.83,0.95,БМД-4M2
ussr_sdkfz_251_21_kit_3rank,0.0,,,,,,12.0,0.0,0.0,0.0,0.0,0.0,0.0,,,,,,Ганомаг_('45)
ussr_garford_putilov,0.0,,,,,,0.0,,,,,,0.0,,,,,,Гарфордъ
db_lk,0.0,,,,,,0.0,,,,,,0.0,,,,,,ДБ-ЛК
ussr_is_1_kit_3rank,0.0,,,,,,40.0,,,0.0,,1.52,0.0,,,,,,ИС-1_('45)
ussr_is_2m_kit_4rank,0.0,,,,,,11.0,100.0,0.0,0.0,4.5,4.5,0.0,,,,,,ИС-2М_(Будь_Готов!)
mig_35,0.0,,,,,,0.0,,,,,,0.0,,,,,,МиГ-35
germ_9a35_m,0.0,,,,,,10.0,,,,,,0.0,,,,,,Стрела-10М
it_9a35_m,0.0,,,,,,0.0,,,,,,0.0,,,,,,Стрела-10М
uk_9a35_m,0.0,,,,,,16.0,0.0,1.75,1.75,0.0,0.0,0.0,,,,,,Стрела-10М
ussr_t_34_85_zis_53_kit_3rank,0.0,,,,,,93.0,14.1,0.0,0.0,2.62,2.39,0.0,,,,,,Т-34-85_('45)
ussr_t_44_kit_4rank,0.0,,,,,,9.0,,,,,,0.0,,,,,,Т-44_(Будь_Готов!)
yak_1_litvyak,0.0,,,,,,0.0,,,,,,0.0,,,,,,Як-1_Литвяк
p-47m-1-re_boxted,0.0,,,,,,26.0,50.0,0.0,0.0,0.5,1.0,0.0,,,,,,⋠P-47M-1-RE
a6m5_zero_china,,,,,,,,,,,,,,,,,,,A6M5_(China)
cn_type_97_chi_ha,0.0,,,,,,5.0,,,0.0,,0.0,0.0,,,,,,Chi-Ha_(China)
f-100a_china,0.0,,,,,,77.0,66.67,4.43,4.47,0.3,0.77,0.0,,,,,,F-100A_(China)
f_100f_china,0.0,,,,,,0.0,,,,,,0.0,,,,,,F-100F_(China)
f-104a_china,0.0,,,,,,0.0,,,,,,0.0,,,,,,F-104A_(China)
f-104g_china,0.0,,,,,,17.0,,,0.0,,1.0,0.0,,,,,,F-104G_(China)
f_16a_block_20_mlu,0.0,,,,,,233.0,67.76,1.67,3.37,0.05,0.15,7.0,,,,,,F-16A_MLU_(China)
f_16a_block_72v_china,0.0,,,,,,52.0,52.17,1.43,2.4,0.26,0.4,0.0,,,,,,F-16V_(China)
f-5a_china,0.0,,,,,,0.0,,,,,,0.0,,,,,,F-5A_(China)
f-84g-31-re_china,0.0,,,,,,0.0,,,,,,0.0,,,,,,F-84G-31-RE_(China)
f-86f-40_china,0.0,,,,,,14.0,100.0,2.0,,0.0,,0.0,,,,,,F-86F-40_(China)
gladiator_mk1_china,0.0,,,,,,0.0,,,,,,0.0,,,,,,Gladiator_Mk_I_(China)
h-75m_china,0.0,,,,,,57.0,100.0,5.61,5.61,0.0,0.0,0.0,,,,,,H-75M_(China)
hs-123a-1_china,0.0,,,,,,0.0,,,,,,0.0,,,,,,Hs_123_A-1_(China)
i-15bis_china,0.0,,,,,,0.0,,,,,,0.0,,,,,,I-15bis_(China)
i-16_chung_28,0.0,,,,,,0.0,,,,,,0.0,,,,,,I-16_Chung_28_(China)
i-16_type17_china,0.0,,,,,,9.0,,,0.0,,0.0,0.0,,,,,,I-16_type_17_(China)
i-16_type5_1935_china,0.0,,,,,,0.0,,,,,,0.0,,,,,,I-16_type_5_(China)
il-10_1946_china,0.0,,,,,,0.0,,,,,,0.0,,,,,,IL-10_(1946)_(China)
cn_isu_122,0.0,,,,,,0.0,,,,,,0.0,,,,,,ISU-122_(China)
ki-27_otsu_china,0.0,,,,,,0.0,,,,,,0.0,,,,,,Ki-27_otsu_(China)
ki-45_hei_tei_china,0.0,,,,,,0.0,,,,,,0.0,,,,,,Ki-45_hei/tei_(China)
ki_84_ko_china,0.0,,,,,,26.0,,,0.3,,0.35,52.0,100.0,9.0,4.5,2.0,1.0,Ki-84_ko_(China)
la-11_china,0.0,,,,,,2.0,,,,,,0.0,,,,,,La-11_(China)
cn_m113a1_tow,0.0,,,,,,30.0,0.0,0.0,0.0,2.22,0.79,0.0,,,,,,M113A1_(TOW)_(China)
cn_m3a3_stuart_1st_ptg,0.0,,,,,,0.0,,,,,,0.0,,,,,,M3A3_(1st_PTG)_(China)
cn_m3a3_stuart,0.0,,,,,,0.0,,,,,,0.0,,,,,,M3A3_Stuart_(China)
cn_m48a1_patton_III,0.0,,,,,,55.0,69.05,0.0,0.0,5.57,3.33,10.0,,,0.0,,1.0,M48A1_(China)
cn_m5a1_stuart,0.0,,,,,,0.0,,,,,,0.0,,,,,,M5A1_(China)
cn_m8_greyhound,0.0,,,,,,62.0,100.0,0.0,0.0,2.0,0.5,0.0,,,,,,M8_LAC_(China)
mirage_2000_5ei,0.0,,,,,,128.0,73.54,1.37,1.79,0.58,0.77,0.0,,,,,,Mirage_2000-5Ei_(China)
sb_2m_103u_china,0.0,,,,,,0.0,,,,,,0.0,,,,,,SB_2M-103U_(China)
cn_sdkfz_222_early,0.0,,,,,,4.0,,,,,,0.0,,,,,,Sd.Kfz.222_(China)
cn_su_76m_1943,0.0,,,,,,0.0,,,,,,0.0,,,,,,SU-76M_(China)
uk_challenger_II_yt_cup_2019,,,,,,,,,,,,,,,,,,,␙Challenger_2
germ_leopard_2a5_yt_cup_2019,0.0,,,,,,0.0,,,,,,0.0,,,,,,␙Leopard_2A5
us_m1a1_abrams_yt_cup_2019,0.0,,,,,,0.0,,,,,,0.0,,,,,,␙M1A1
md_460_yt_cup_2019,,,,,,,,,,,,,,,,,,,␙Super_Mystere_B2
ussr_t_80u_yt_cup_2019,0.0,,,,,,0.0,,,,,,0.0,,,,,,␙T-80U
f-86_canadair_german,0.0,,,,,,63.0,74.36,2.02,1.48,0.46,0.59,0.0,,,,,,◄CL-13A_Mk_5
f-86_cl_13b_mk6,0.0,,,,,,164.0,82.55,2.31,2.37,1.37,1.49,0.0,,,,,,◄CL-13B_Mk.6
ef_2000_block_10,0.0,,,,,,655.0,56.67,1.31,1.31,0.16,0.16,7.0,,,1.0,,0.0,◄EF-2000
ef_2000_aesa,0.0,,,,,,1392.0,50.56,1.72,2.21,0.17,0.22,0.0,,,,,,◄EF-2000_(AESA)
germ_embt,0.0,,,,,,21.0,64.29,0.0,0.0,3.3,3.3,0.0,,,,,,◄EMBT
f-104g,0.0,,,,,,3.0,0.0,1.0,1.0,0.0,0.0,0.0,,,,,,◄F-104G
f-4f,0.0,,,,,,40.0,100.0,1.7,1.7,0.7,0.7,0.0,,,,,,◄F-4F_Early
f-84f_germany,0.0,,,,,,0.0,,,,,,0.0,,,,,,◄F-84F
mig-21_sps_k,0.0,,,,,,86.0,55.19,1.4,2.28,0.13,0.15,0.0,,,,,,◄MiG-21_SPS-K
mig_29_9_12g,0.0,,,,,,77.0,65.28,1.36,0.96,0.32,0.35,7.0,,,,,,◄MiG-29G
sea_hawk_mk100,0.0,,,,,,84.0,42.47,2.81,3.14,2.05,2.26,0.0,,,,,,◄Sea_Hawk_Mk.100
su_22m4_de_wtd61,0.0,,,,,,227.0,37.78,0.56,0.5,0.58,0.54,0.0,,,,,,◄Su-22M4_WTD61
tornado_ids_de_assta1,0.0,,,,,,181.0,53.87,0.68,0.77,0.87,1.05,15.0,,,1.0,,6.0,◄Tornado_IDS_ASSTA1
tornado_ids_de_mfg,0.0,,,,,,0.0,,,,,,0.0,,,,,,◄Tornado_IDS_MFG
tornado_ids_de_assta3_sle,0.0,,,,,,17.0,100.0,0.0,0.0,3.0,3.0,0.0,,,,,,◄Tornado_IDS_SLE
tornado_ids_de_wtd61,0.0,,,,,,64.0,79.17,0.61,0.56,1.23,0.86,18.0,,,0.94,,0.0,◄Tornado_IDS_WTD61
il_28_german,0.0,,,,,,3.0,0.0,0.0,,1.0,,0.0,,,,,,◊IL-28
mig-17p_lim_5p,0.0,,,,,,90.0,96.67,2.2,2.3,1.0,1.05,0.0,,,,,,◊Lim-5P
mig-19s,0.0,,,,,,18.0,,,,,,0.0,,,,,,◊MiG-19S
mig_23bn,0.0,,,,,,163.0,57.52,0.54,0.52,1.33,1.22,0.0,,,,,,◊MiG-23BN
su_22um3k,0.0,,,,,,3.0,,,1.0,,2.0,0.0,,,,,,◊Su-22UM3K
us_lvt_a_1_trb,0.0,,,,,,0.0,,,,,,0.0,,,,,,○LVT(A)(1)
p-36c_rb,0.0,,,,,,0.0,,,,,,0.0,,,,,,○P-36C
fa_18c_late_switzerland,0.0,,,,,,33.0,100.0,1.68,1.48,0.54,0.52,2.0,,,1.0,,0.0,◌F/A-18C_Late
mirage_3s_c70_switzerland,0.0,,,,,,78.0,62.78,1.57,2.29,0.47,0.6,0.0,,,,,,◌Mirage_IIIS_C.70
uk_challenger_2_megatron_sm,0.0,,,,,,78.0,79.71,0.0,0.0,2.38,1.42,0.0,,,,,,◍Challenger_2_OES
jp_type_90b_sm,0.0,,,,,,358.0,50.7,0.0,0.0,2.6,1.64,0.0,,,,,,◍Type_90_(B)
il_leopard_2a6_hel,0.0,,,,,,43.0,100.0,0.0,0.0,8.17,4.36,0.0,,,,,,◐Leopard_2HEL
il_9a33bm3,,,,,,,,,,,,,,,,,,,◐Osa-AKM
il_tor_m1,0.0,,,,,,0.0,,,,,,0.0,,,,,,◐Tor-M1
it_btr_80a_hungary,0.0,,,,,,29.0,88.46,0.0,0.0,0.81,0.9,0.0,,,,,,◔BTR-80A
il_28_hungary,0.0,,,,,,0.0,,,,,,0.0,,,,,,◔IL-28
saab_jas39c_hungary,0.0,,,,,,120.0,100.0,1.01,0.78,3.56,2.68,4.0,,,3.0,,1.0,◔JAS39EBS_HU_C
it_leopard_2a4,0.0,,,,,,76.0,95.45,0.0,0.0,6.45,2.17,0.0,,,,,,◔Leopard_2A4
mig-15bis_nr23_hungary,0.0,,,,,,14.0,,,,,,0.0,,,,,,◔MiG-15bis
mig_23mf_hungary,0.0,,,,,,0.0,,,,,,0.0,,,,,,◔MiG-23MF
mig_29_9_12b_hungary,0.0,,,,,,54.0,50.0,0.94,0.94,0.0,0.0,4.0,,,2.0,,0.0,◔MiG-29
su_22m3_hungary,0.0,,,,,,0.0,,,,,,0.0,,,,,,◔Su-22M3
it_t_72m1,0.0,,,,,,112.0,50.0,0.0,0.0,4.07,4.55,0.0,,,,,,◔T-72M1
tu-2_postwar_late_hungary,0.0,,,,,,98.0,91.4,0.08,0.13,5.54,3.71,0.0,,,,,,◔Tu-2S-59
it_zsu_23_4,0.0,,,,,,81.0,16.67,0.44,0.28,0.0,0.0,0.0,,,,,,◔ZSU-23-4
f_16a_block_10_norway,0.0,,,,,,23.0,100.0,0.2,1.0,3.4,5.0,0.0,,,,,,◢F-16A
f_16am_block_20_mlu_norway,0.0,,,,,,0.0,,,,,,0.0,,,,,,◢F-16AM
f-5ag_norway,0.0,,,,,,26.0,52.63,1.54,2.83,0.0,0.0,0.0,,,,,,◢F-5A(G)
mosquito_fb_mk6_ash_norway,0.0,,,,,,0.0,,,,,,0.0,,,,,,◢Mosquito_FB.Mk.VI_ASH
b_26b_indonesia_kalong,0.0,,,,,,0.0,,,,,,0.0,,,,,,◥B-26B
hawk_209_indonesia,0.0,,,,,,8.0,,,,,,0.0,,,,,,◥Hawk_209
a_4e_late_iaf,0.0,,,,,,95.0,66.67,2.13,2.39,1.58,1.75,0.0,,,,,,A-4E_(Israel)
a_4e_early_iaf,0.0,,,,,,0.0,,,,,,0.0,,,,,,A-4E_Early_(M)_(Israel)
a_4h,0.0,,,,,,3.0,50.0,0.5,1.0,0.5,1.0,0.0,,,,,,A-4H_(Israel)
f-84f_israel_iaf,0.0,,,,,,0.0,,,,,,0.0,,,,,,F-84F_(Israel)
md_450b_ouragan_iaf_29,0.0,,,,,,0.0,,,,,,0.0,,,,,,M.D.450B_(29)_(Israel)
il_m109,0.0,,,,,,9.0,,,0.0,,0.0,0.0,,,,,,M109_(Israel)
mig_21_2000_iaf,0.0,,,,,,0.0,,,,,,0.0,,,,,,MiG-21_2000_(Israel)
md_454_mystere_4a_iaf,0.0,,,,,,0.0,,,,,,0.0,,,,,,Mystere_IVA_(Israel)
so_4050_vautour_2a_israel_iaf,0.0,,,,,,0.0,,,,,,0.0,,,,,,Vautour_IIA_(Israel)
so_4050_vautour_2n_iaf,0.0,,,,,,0.0,,,,,,0.0,,,,,,Vautour_IIN_(Israel)
