name,ab_battles,ab_win_rate,ab_air_frags_per_battle,ab_air_frags_per_death,ab_ground_frags_per_battle,ab_ground_frags_per_death,rb_battles,rb_win_rate,rb_air_frags_per_battle,rb_air_frags_per_death,rb_ground_frags_per_battle,rb_ground_frags_per_death,sb_battles,sb_win_rate,sb_air_frags_per_battle,sb_air_frags_per_death,sb_ground_frags_per_battle,sb_ground_frags_per_death,alt_name
germ_panzerbefelhswagen_VI_P,1116.0,89.07,0.02,0.08,6.94,10.11,175.0,55.56,0.0,0.0,4.36,3.38,0.0,,,,,,Pz.Bfw.VI_(P)
su_30mk2v_venezuela,769.0,60.34,6.1,5.11,0.43,0.34,1953.0,54.39,0.89,1.02,0.55,0.63,136.0,,,1.43,,0.33,Су-30МК2_AMV
ussr_t_34_1941_57,776.0,59.05,0.04,0.05,2.27,2.22,673.0,49.74,0.0,0.0,2.46,1.71,0.0,,,,,,T-34-57
la-7,583.0,80.85,3.27,3.58,1.39,1.51,244.0,66.56,1.97,2.69,1.17,1.57,0.0,,,,,,La-7
ussr_kv_85,575.0,54.78,0.1,0.11,2.58,2.65,122.0,53.68,0.0,0.0,2.68,2.92,0.0,,,,,,KV-85
ussr_kv_1e,527.0,81.73,0.02,0.02,5.54,6.15,193.0,74.53,0.0,0.0,6.91,4.73,0.0,,,,,,KV-1E
sw_sav_fm48,518.0,69.15,0.07,0.06,4.57,3.2,563.0,55.44,0.0,0.0,4.39,2.45,0.0,,,,,,SAV_20.12.48
germ_vsw_flak_41,493.0,89.78,0.09,0.1,5.19,8.24,241.0,52.68,0.0,0.0,4.47,3.28,25.0,,,0.0,,2.95,VFW
il_m_51,503.0,80.8,0.19,0.13,5.26,2.99,1502.0,65.95,0.0,0.0,5.96,1.57,0.0,,,,,,M-51
ussr_t_34_85E,465.0,89.25,0.0,0.0,5.42,5.76,515.0,62.74,0.0,0.0,5.66,5.28,0.0,,,,,,T-34-85E
ussr_t_54_1947,455.0,53.83,0.1,0.1,3.25,3.29,292.0,62.32,0.0,0.0,2.61,1.45,12.0,,,,,,T-54_(1947)
sw_t_34_85_zis_53,437.0,83.55,0.09,0.11,3.28,3.88,388.0,38.48,0.0,0.0,1.88,1.22,0.0,,,,,,T-34-85
s_199,483.0,64.61,10.71,2.46,1.31,0.29,101.0,100.0,0.0,0.0,1.63,1.06,0.0,,,,,,Sakeen
germ_pzkpfw_V_ausf_d_panther,460.0,66.81,0.03,0.03,2.49,2.48,427.0,25.15,0.0,0.0,2.54,1.17,29.0,100.0,0.0,0.0,1.0,1.0,Panther_D
ussr_t_34_85_zis_53,435.0,67.23,0.0,0.0,4.13,4.79,672.0,52.7,0.0,0.0,2.89,2.39,0.0,,,,,,T-34-85
germ_pzkpfw_VI_ausf_h1_tiger_west,424.0,65.19,0.06,0.06,4.13,6.87,415.0,51.01,0.0,0.0,3.1,3.3,0.0,,,,,,Tiger_West
germ_pzkpfw_VI_ausf_e_tiger,408.0,67.22,0.07,0.08,4.19,4.21,1120.0,40.21,0.0,0.0,1.84,1.55,49.0,,,0.0,,2.27,Tiger_E
sw_t_34_1941,389.0,70.7,0.0,0.0,3.72,4.4,216.0,67.39,0.0,0.0,2.95,2.1,0.0,,,,,,T-34
germ_pzkpfw_III_ausf_F,389.0,91.05,0.01,0.01,6.71,11.3,57.0,100.0,0.0,0.0,14.17,4.16,0.0,,,,,,Pz.III_F
ussr_t_80uk,366.0,45.86,0.0,0.0,1.0,1.17,1910.0,43.27,0.0,0.0,1.51,1.18,0.0,,,,,,T-80UK
ussr_t_72b3_2011,369.0,43.02,0.06,0.06,0.73,0.77,1216.0,51.75,0.0,0.0,1.51,1.48,0.0,,,,,,T-72B3
germ_sdkfz_9_flak37,346.0,70.57,0.2,0.28,6.98,9.83,231.0,56.94,0.0,0.0,2.57,2.24,0.0,,,,,,"8,8_cm_Flak_37_Sfl."
f3h-2,349.0,50.99,1.32,1.32,0.04,0.04,105.0,69.45,3.78,3.89,0.37,0.48,0.0,,,,,,F3H-2
ussr_object_906,341.0,51.13,0.0,0.0,2.04,1.75,1019.0,53.27,0.0,0.0,2.42,1.83,0.0,,,,,,Object_906
ussr_t_34_85_zis_53_v80,345.0,80.33,0.0,0.0,4.31,5.34,434.0,74.59,0.0,0.0,5.58,3.04,0.0,,,,,,"Т-34-85_""Партизан"""
yak-3,345.0,76.34,2.93,2.31,0.68,0.54,152.0,64.59,2.85,2.59,0.66,0.58,53.0,100.0,7.7,5.19,0.0,0.0,Yak-3
su_22um3k,346.0,44.86,0.46,0.41,3.17,2.81,18.0,50.0,1.0,0.12,0.5,0.05,0.0,,,,,,◊Su-22UM3K
bf-109f-4,340.0,67.63,4.8,5.57,0.5,0.63,379.0,51.48,1.45,1.31,1.02,0.96,13.0,,,,,,Bf_109_F-4
ussr_t_80ud,334.0,46.64,0.0,0.0,0.86,0.87,2109.0,51.46,0.0,0.0,1.56,1.36,43.0,50.0,0.0,0.0,0.5,0.61,T-80UD
us_m1a1_hc_usmc_sm,332.0,66.41,0.02,0.02,4.67,4.11,3104.0,56.91,0.0,0.0,2.48,1.96,2.0,0.0,0.0,0.0,0.0,0.0,◍M1A1_HC
i_185_m71_standard,326.0,66.57,2.81,2.41,0.48,0.42,132.0,67.53,0.89,0.75,1.01,0.83,0.0,,,,,,I-185_(M-71)
jp_type_3_ka_chi,338.0,86.04,0.03,0.03,12.3,14.52,0.0,,,,,,0.0,,,,,,Ka-Chi
ussr_kv_1_zis_5,319.0,69.38,0.0,0.0,4.02,5.5,414.0,47.62,0.0,0.0,4.08,3.04,0.0,,,,,,KV-1_(ZiS-5)
la-5fn,308.0,67.79,5.23,4.8,0.43,0.42,154.0,54.14,3.42,3.63,1.01,1.1,0.0,,,,,,La-5FN
jp_m24_chaffee,316.0,66.5,0.13,0.13,3.42,3.35,534.0,66.34,0.0,0.0,2.15,1.84,4.0,0.0,0.0,0.0,0.0,0.0,M24
f-100d,307.0,50.63,1.7,1.68,0.0,0.0,169.0,53.1,1.29,1.27,0.26,0.13,0.0,,,,,,F-100D
ussr_bt_5,288.0,72.98,0.0,0.0,3.57,4.31,66.0,44.44,0.0,0.0,3.66,4.85,0.0,,,,,,BT-5
germ_pzkpfw_VI_ausf_h1_tiger_east,291.0,60.75,0.04,0.07,4.0,6.22,335.0,46.23,0.0,0.0,2.63,2.86,0.0,,,,,,Tiger_Ost
bf-109f-4_trop,291.0,69.05,4.54,4.56,0.56,0.6,64.0,100.0,2.77,2.5,0.91,0.74,0.0,,,,,,Bf_109_F-4/trop
sw_sherman_3_4,280.0,71.11,0.03,0.03,3.92,3.9,635.0,59.17,0.0,0.0,4.08,3.0,0.0,,,,,,Sherman_III/IV
ussr_bmpt,289.0,51.17,0.25,0.27,1.41,1.47,2737.0,52.63,0.0,0.0,1.79,1.39,12.0,,,0.0,,1.0,БМПТ
su_30sm2,279.0,51.1,5.19,4.32,0.16,0.15,1276.0,60.21,1.31,1.59,0.89,1.07,48.0,90.67,0.9,0.9,1.89,1.89,Су-30СМ2
germ_pzkpfw_VI_ausf_h1_tiger,285.0,54.79,0.11,0.11,2.54,3.16,886.0,40.31,0.0,0.0,1.95,1.52,0.0,,,,,,Tiger_H1
ussr_btr_82at,278.0,55.58,0.18,0.22,1.08,1.17,487.0,44.94,0.0,0.0,2.01,1.14,0.0,,,,,,БТР-82АТ
germ_panzerbefelhswagen_IV_ausf_J,267.0,69.09,0.0,0.0,2.51,3.71,329.0,48.39,0.0,0.0,1.89,1.88,0.0,,,,,,Pz.Bfw.IV
germ_pzkpfw_IV_ausf_C,271.0,75.19,0.05,0.15,7.29,17.24,0.0,,,,,,0.0,,,,,,Pz.IV_C
germ_pzkpfw_VI_ausf_b_tiger_IIh_sla,277.0,57.65,0.0,0.0,3.03,3.04,982.0,54.97,0.0,0.0,5.21,3.56,0.0,,,,,,Tiger_II_(H)_Sla.16
yak-9u,269.0,72.34,3.11,3.55,0.44,0.48,31.0,,,2.11,,0.56,0.0,,,,,,Yak-9U
it_sherman_75_37,279.0,75.06,0.02,0.02,6.03,6.77,258.0,58.67,0.0,0.0,8.82,4.7,19.0,,,,,,Sherman_I_Composito
fw-190a-4,260.0,70.43,5.19,5.57,0.82,0.85,65.0,100.0,4.47,5.2,3.13,4.2,6.0,,,,,,Fw_190_A-4
ussr_t_34E_STZ,258.0,83.33,0.11,0.11,3.21,3.09,116.0,70.24,0.0,0.0,2.25,1.81,0.0,,,,,,T-34E_STZ
germ_leopard_2k,254.0,52.63,0.0,0.0,3.23,2.38,1346.0,51.75,0.0,0.0,2.39,1.7,0.0,,,,,,Leopard_2K
germ_panzerjager_panther,250.0,62.61,0.0,0.0,2.97,2.8,281.0,39.84,0.0,0.0,2.0,1.36,0.0,,,,,,Jagdpanther_G1
us_m3_lee,280.0,62.01,0.18,0.18,3.45,3.69,74.0,50.0,0.0,0.0,3.6,1.85,0.0,,,,,,M3_Lee
jp_type_4_chi_to_late,257.0,72.17,0.05,0.08,4.11,5.35,161.0,69.24,0.0,0.0,3.5,3.31,4.0,0.0,0.0,0.0,2.0,2.0,Chi-To_Late
germ_leopard_I_a1,265.0,46.11,0.0,0.0,1.59,1.29,858.0,37.23,0.0,0.0,1.94,1.95,0.0,,,,,,Leopard_A1A1
i_185_m82,251.0,55.25,3.58,2.44,0.71,0.54,83.0,100.0,0.0,0.33,2.0,0.58,0.0,,,,,,I-185_(M-82)
jp_type_4_chi_to,245.0,63.05,0.03,0.03,4.4,4.16,144.0,78.45,0.0,0.0,3.65,3.27,10.0,0.0,0.0,0.0,1.0,1.0,Chi-To
ussr_t_80ue1_sm,242.0,61.75,0.0,0.0,2.82,1.67,3561.0,48.98,0.0,0.0,1.42,1.15,0.0,,,,,,◍Т-80У-Е1
pe-2-359,247.0,98.99,0.39,0.35,6.4,5.9,10.0,100.0,0.0,0.0,1.0,1.0,0.0,,,,,,Pe-2-359
ussr_t_34_85_d_5t,250.0,60.15,0.0,0.0,3.1,2.99,795.0,49.55,0.0,0.0,2.57,1.84,0.0,,,,,,T-34-85_(D-5T)
sw_lvkv_42,236.0,77.35,0.44,0.42,3.01,2.97,119.0,64.89,0.1,0.13,0.6,0.6,0.0,,,,,,Lvkv_42
ussr_bt_7_1937,217.0,73.69,0.0,0.0,3.78,3.15,83.0,100.0,0.0,0.0,9.65,4.33,0.0,,,,,,BT-7
sw_m24_chaffee_dk,223.0,61.14,0.05,0.09,2.64,3.59,284.0,50.46,0.0,0.0,3.12,2.5,0.0,,,,,,M24DK
fj_4b,216.0,52.22,1.37,1.36,0.0,0.0,16.0,100.0,3.0,,0.0,,0.0,,,,,,FJ-4B
germ_pzkpfw_IV_ausf_J,215.0,56.65,0.0,0.0,1.48,1.96,159.0,46.67,0.0,0.0,2.57,1.65,4.0,,,0.0,,1.0,Pz.IV_J
f-86f-2,208.0,57.79,1.19,1.18,0.11,0.11,175.0,57.03,2.01,3.16,0.55,0.88,0.0,,,,,,F-86F-2
ussr_t_10m,218.0,58.41,0.16,0.16,3.84,3.62,405.0,56.92,0.0,0.0,3.26,2.59,0.0,,,,,,T-10M
us_t58,223.0,74.53,0.0,0.0,5.08,4.02,680.0,65.02,0.0,0.0,4.16,3.06,0.0,,,,,,T58
su_30mkk,232.0,68.96,9.94,11.03,1.78,2.1,563.0,60.07,1.47,1.89,0.84,1.07,4.0,,,0.0,,0.0,Su-30MKK_(China)
f-104c,221.0,49.11,1.06,1.22,0.0,0.0,0.0,,,,,,0.0,,,,,,F-104C
germ_leopard_a1a1_120,214.0,50.0,0.0,0.0,1.6,1.26,720.0,50.48,0.0,0.0,1.92,1.73,0.0,,,,,,Leopard_A1A1_(L/44)
germ_leopard_I,198.0,57.86,0.04,0.04,2.38,1.45,817.0,36.17,0.0,0.0,1.28,0.85,8.0,,,,,,Leopard_I
mig_23mf_germany,201.0,49.62,1.26,1.44,0.31,0.39,0.0,,,,,,0.0,,,,,,◊MiG-23MF
la-5_type39,206.0,68.31,4.66,5.87,0.75,0.9,0.0,,,,,,0.0,,,,,,La-5F
su_30sm,204.0,59.76,3.03,2.86,0.12,0.11,449.0,59.03,0.95,1.14,1.26,1.53,88.0,92.28,1.94,1.07,1.86,1.13,Су-30СМ
f-104a,197.0,53.84,1.16,1.62,0.0,0.0,14.0,,,1.0,,0.0,0.0,,,,,,F-104A
germ_pzkpfw_IV_ausf_H,208.0,70.35,0.0,0.0,3.55,4.4,426.0,38.39,0.0,0.0,2.11,1.4,55.0,0.0,0.0,0.0,2.0,1.43,Pz.IV_H
germ_panzerbefelhswagen_jagdpanther,196.0,74.6,0.0,0.0,7.59,7.57,63.0,50.0,0.0,0.0,1.33,1.21,0.0,,,,,,Bfw._Jagdpanther_G1
il_merkava_mk_2d,209.0,72.35,0.0,0.0,4.42,2.92,383.0,63.29,0.0,0.0,4.42,3.09,0.0,,,,,,Merkava_Mk.2D
sw_pvkv_II,190.0,88.79,0.0,0.0,4.0,6.17,139.0,86.67,0.0,0.0,6.04,3.14,0.0,,,,,,Pvkv_II
ussr_zsu_29k,190.0,67.0,0.0,0.0,3.76,3.64,23.0,100.0,0.0,0.0,4.11,3.78,0.0,,,,,,YaG-10_(29-K)
yak-9t,190.0,63.77,4.24,4.59,0.36,0.34,53.0,57.58,0.69,0.22,0.51,0.16,0.0,,,,,,Yak-9T
ussr_t_80bvm,189.0,58.02,0.0,0.0,2.15,1.94,4956.0,56.07,0.0,0.0,2.11,1.72,31.0,97.5,0.0,0.0,2.98,3.4,T-80BVM
ussr_t_90m_2020,194.0,49.76,0.0,0.0,1.43,1.17,1831.0,53.46,0.0,0.0,2.12,1.72,7.0,100.0,0.0,0.0,1.0,1.0,T-90M
jp_type_3_chi_nu_75cm_type_5,183.0,81.77,0.08,0.14,5.14,7.15,303.0,59.99,0.0,0.0,3.02,2.5,0.0,,,,,,Chi-Nu_II
ussr_t_34_100,186.0,88.61,0.0,0.0,4.22,3.45,354.0,54.47,0.0,0.0,4.2,2.66,18.0,0.0,0.0,0.0,0.0,0.0,T-34-100
fr_amx_50_surbaisse,187.0,65.17,0.0,0.0,4.15,3.16,357.0,72.7,0.0,0.0,3.23,2.39,0.0,,,,,,AMX-50_Surbaissé
mig-21_bis_lazur,183.0,53.67,1.74,1.55,0.69,0.63,212.0,54.06,1.69,1.58,0.18,0.17,0.0,,,,,,"◊MiG-21_""Lazur-M"""
it_m4a4_sherman,180.0,67.06,0.0,0.0,3.8,7.0,117.0,76.11,0.0,0.0,5.32,2.91,0.0,,,,,,Sherman_V
germ_pzkpfw_VI_ausf_b_tiger_IIh,192.0,50.01,0.0,0.0,2.85,4.56,1809.0,54.96,0.0,0.0,3.79,3.48,0.0,,,,,,Tiger_II_(H)
f8u-2,195.0,50.5,1.76,1.65,0.0,0.0,150.0,52.75,1.73,2.75,1.09,1.76,0.0,,,,,,F8U-2
mosquito_j30_sweden,182.0,49.56,2.68,1.78,0.18,0.13,123.0,58.77,1.06,0.83,0.94,0.33,0.0,,,,,,Mosquito_J30
us_m6a1,181.0,86.3,0.03,0.03,6.16,5.57,131.0,98.25,0.0,0.0,5.96,2.59,0.0,,,,,,M6A1
ussr_t_34_57_1943,181.0,74.39,0.03,0.03,2.94,4.43,296.0,53.75,0.0,0.0,4.45,3.16,0.0,,,,,,T-34-57_(1943)
f-4jk,172.0,46.28,1.49,1.41,0.08,0.06,103.0,60.0,1.0,0.57,0.8,0.46,1.0,,,,,,F-4J(UK)_Phantom_II
ki_43_3_otsu,176.0,66.24,7.73,12.46,0.0,0.0,183.0,75.62,1.21,1.65,0.93,1.19,0.0,,,,,,Ki-43-III_otsu
ussr_t_34_1942,179.0,90.72,0.0,0.0,2.75,4.13,200.0,100.0,0.0,0.0,6.54,1.65,0.0,,,,,,T-34_(1942)
us_t20,168.0,80.2,0.0,0.0,5.47,6.24,2486.0,71.83,0.0,0.01,5.12,5.15,48.0,50.0,0.0,0.0,3.38,3.05,T20
yak-3_eremin,170.0,86.21,5.95,6.01,0.59,0.6,26.0,50.0,1.0,,0.5,,0.0,,,,,,Eremin's_Yak-3(e)
ussr_t_55a,174.0,72.26,0.0,0.0,4.03,2.78,878.0,63.46,0.0,0.0,2.72,1.85,0.0,,,,,,T-55A
ussr_is_1,167.0,66.22,0.0,0.0,2.95,3.9,342.0,56.05,0.0,0.0,2.56,2.31,0.0,,,,,,IS-1
yak-7b,163.0,71.28,6.66,4.62,1.18,0.72,0.0,,,,,,0.0,,,,,,Yak-7B
ki_61_1a_otsu_china,166.0,72.86,6.67,8.16,3.0,3.22,0.0,,,,,,45.0,80.0,0.4,0.4,1.4,1.4,Ki-61-I_otsu_(China)
itp_m1,167.0,88.76,2.89,2.57,0.75,0.68,144.0,62.3,1.3,1.15,2.57,1.8,0.0,,,,,,ITP_(M-1)
sw_pzkpfw_IV_ausf_J,160.0,63.37,0.0,0.0,3.73,4.54,95.0,33.33,0.0,0.0,2.78,1.8,0.0,,,,,,Pz.IV
it_m24_chaffee,163.0,87.67,0.03,0.05,6.75,6.24,268.0,70.28,0.02,0.02,1.72,1.46,0.0,,,,,,M24
germ_begleitpanzer_57,157.0,61.83,1.6,2.42,2.44,3.61,1638.0,52.79,0.13,0.1,1.72,1.23,22.0,87.5,0.13,0.13,1.63,1.63,Begleitpanzer_57
cf_188a_canada,159.0,47.94,2.61,2.23,0.16,0.15,113.0,42.86,1.1,1.28,0.03,0.03,0.0,,,,,,CF-188A
germ_waffentrager_krupp_steyr,176.0,52.23,0.04,0.03,2.39,2.87,87.0,36.78,0.0,0.0,1.34,1.77,0.0,,,,,,Waffenträger
p-47d_22_re,165.0,58.75,3.3,3.32,1.15,1.52,83.0,40.38,0.6,0.44,1.06,0.81,0.0,,,,,,P-47D-22-RE
pe-2-83,159.0,100.0,0.17,0.16,4.85,4.58,0.0,,,,,,0.0,,,,,,Pe-2-83
fr_somua_sm,156.0,57.87,0.0,0.0,3.38,3.0,1389.0,71.56,0.0,0.0,3.69,2.71,0.0,,,,,,Somua_SM
uk_a_13_mk1,154.0,91.91,0.15,0.19,6.33,9.85,0.0,,,,,,0.0,,,,,,A13_Mk_I
la-7_dolgushin,138.0,76.08,4.69,8.27,0.72,0.84,132.0,63.79,3.33,10.37,0.91,2.6,0.0,,,,,,Dolgushin's_La-7
yak-9m,143.0,78.27,7.43,6.52,0.5,0.56,7.0,,,,,,0.0,,,,,,Golovachev's_Yak-9M
us_xm_803,156.0,55.0,0.0,0.0,2.31,2.36,2347.0,58.74,0.0,0.0,2.41,2.07,0.0,,,,,,XM803
ussr_9a35_m2,150.0,41.11,2.46,4.83,0.55,1.11,155.0,33.33,1.83,2.67,0.0,0.0,0.0,,,,,,Strela-10M2
us_t29,150.0,88.1,0.0,0.0,15.02,12.3,2037.0,60.21,0.0,0.0,4.06,3.04,0.0,,,,,,T29
us_m4_sherman_calliope,161.0,100.0,0.02,0.02,6.57,6.57,100.0,81.95,0.0,0.0,2.75,2.57,0.0,,,,,,Calliope
us_m18_hellcat,148.0,52.33,0.0,0.0,1.85,1.64,936.0,56.71,0.0,0.0,2.22,1.7,21.0,100.0,0.0,0.0,1.0,1.33,M18_GMC
germ_kpz_70,142.0,55.11,0.0,0.0,1.13,1.0,1576.0,52.22,0.0,0.0,2.2,1.61,2.0,0.0,0.0,0.0,0.0,0.0,KPz-70
germ_flakpanzer_IV_Ostwind,147.0,63.48,2.13,2.98,1.78,2.37,326.0,40.94,1.21,0.82,0.88,0.58,0.0,,,,,,Ostwind
cn_type_58,143.0,80.66,0.01,0.01,2.6,3.45,211.0,81.36,0.0,0.0,5.46,2.37,0.0,,,,,,Т-34-85_Gai
cn_vt_4,147.0,50.67,0.0,0.0,1.03,1.22,39.0,33.33,0.0,0.0,0.96,1.0,0.0,,,,,,VT4
yak-1b,143.0,95.33,8.55,8.75,2.42,2.54,121.0,37.82,3.73,2.39,1.28,0.79,0.0,,,,,,Yak-1B
ussr_is_2_1944,146.0,43.67,0.0,0.0,1.36,1.38,504.0,42.79,0.0,0.0,1.89,1.76,0.0,,,,,,IS-2_(1944)
ussr_t_72a,140.0,63.33,0.09,0.05,4.99,3.1,1621.0,51.32,0.0,0.0,2.49,2.02,0.0,,,,,,T-72A
cn_wz_1001,147.0,45.44,0.0,0.0,1.21,1.46,272.0,59.97,0.0,0.0,1.74,2.01,0.0,,,,,,WZ1001(E)_LCT
mig_23mla,146.0,58.2,1.89,1.68,0.09,0.06,100.0,44.17,0.93,1.29,0.0,0.0,13.0,,,1.0,,0.0,◊MiG-23MLA
av_8c,150.0,50.0,1.63,2.15,0.0,0.0,84.0,63.79,1.24,1.07,1.72,1.5,0.0,,,,,,AV-8C
p-51_mk1a_usaaf,138.0,75.49,2.93,2.98,0.12,0.12,30.0,43.33,1.47,1.67,0.43,0.32,24.0,,,,,,P-51
ussr_kv_1s,137.0,70.56,0.0,0.0,3.51,3.28,150.0,45.0,0.0,0.0,1.86,1.03,0.0,,,,,,KV-1S
f_16a_block_5_netherlands,140.0,45.0,1.69,0.91,0.0,0.0,35.0,48.15,0.08,0.15,0.16,0.28,0.0,,,,,,◘F-16A
a_10a_early,132.0,72.22,2.75,1.49,3.29,1.75,492.0,59.97,0.41,0.47,3.45,4.06,91.0,100.0,0.91,0.9,5.0,3.4,A-10A
germ_pzkpfw_V_ausf_g_panther,136.0,75.49,0.0,0.0,1.94,1.93,380.0,39.1,0.0,0.0,2.62,1.71,6.0,,,0.0,,0.0,Panther_G
me_264,139.0,76.52,0.58,0.45,5.05,3.81,0.0,,,,,,0.0,,,,,,Me_264
su_27sm,135.0,67.87,4.34,3.89,0.2,0.17,295.0,54.44,1.84,2.09,0.01,0.01,10.0,,,1.0,,0.0,Su-27SM
us_halftrack_m3_75mm_gmc,145.0,60.11,0.0,0.0,3.26,3.1,0.0,,,,,,0.0,,,,,,M3_GMC
ki_44_2_hei_china,130.0,66.67,2.08,4.38,3.75,1.13,11.0,100.0,2.83,,0.0,,10.0,,,,,,Ki-44-II_hei_(China)
pe-2-31,135.0,100.0,0.14,0.17,4.04,5.38,0.0,,,,,,0.0,,,,,,Pe-2-31
yak-9,128.0,61.53,4.75,3.09,0.0,0.0,37.0,,,1.42,,0.0,0.0,,,,,,Yak-9
cn_m36,130.0,77.24,0.01,0.01,1.78,1.96,178.0,73.75,0.0,0.0,2.08,1.49,0.0,,,,,,M36_GMC_(China)
ussr_t_55_amd_1,142.0,56.4,0.0,0.0,1.43,1.68,807.0,44.64,0.0,0.0,1.6,1.38,10.0,,,,,,T-55AMD-1
ussr_su_100p,129.0,50.33,0.0,0.0,1.78,1.87,557.0,53.45,0.0,0.0,2.6,1.61,0.0,,,,,,SU-100P
jp_type_5_na_to,128.0,43.85,0.2,0.15,1.17,1.24,113.0,66.67,0.0,0.0,5.54,4.77,0.0,,,,,,Na-To
ussr_t_44,131.0,36.44,0.0,0.0,1.31,1.82,576.0,46.11,0.0,0.0,2.45,1.58,0.0,,,,,,T-44
uk_a17_mk_1_tetrarch,133.0,92.08,0.16,0.38,3.67,7.93,1.0,,,0.0,,1.0,0.0,,,,,,Tetrarch_I
cn_t_34_1942,129.0,95.88,0.0,0.0,6.16,5.86,97.0,87.12,0.0,0.0,5.75,2.98,0.0,,,,,,T-34_(1943)_(China)
us_m5a1_stuart,138.0,62.99,0.11,0.21,1.56,2.4,34.0,50.0,0.0,0.0,1.67,1.37,0.0,,,,,,M5A1
do_335a_1,131.0,85.42,0.94,1.11,8.2,4.4,38.0,20.29,0.22,0.43,1.98,2.43,0.0,,,,,,Do_335_A-1
us_m4a3e8_76w_sherman,127.0,50.33,0.0,0.0,3.1,2.63,463.0,56.57,0.0,0.0,3.49,2.64,10.0,,,0.0,,1.0,M4A3_(76)_W
p-47d,127.0,77.33,1.53,1.27,4.13,3.66,15.0,,,0.82,,1.57,10.0,,,,,,P-47D-25
uk_sherman_ic_firefly,128.0,69.13,0.0,0.0,7.91,6.19,72.0,66.67,0.0,0.0,4.58,4.77,0.0,,,,,,"Sherman_IC_""Trzyniec"""
il_2m_1943,126.0,95.0,1.79,1.51,6.56,5.49,14.0,,,0.9,,0.5,0.0,,,,,,IL-2M_(1943)
ussr_kv_8,122.0,70.83,0.0,0.0,2.72,2.46,291.0,50.5,0.0,0.0,4.59,2.38,0.0,,,,,,КВ-8
la-7b-20,124.0,58.67,4.05,5.29,0.37,0.52,193.0,51.72,0.89,1.15,0.86,1.17,0.0,,,,,,La-7B-20
cn_oplot_t,132.0,41.64,0.0,0.0,0.79,1.12,309.0,60.51,0.0,0.0,2.64,1.58,0.0,,,,,,Oplot-M
germ_flakpz_I_Gepard,123.0,46.33,1.33,1.39,1.54,1.62,1522.0,38.49,0.22,0.18,0.94,0.78,13.0,0.0,0.0,0.0,1.0,1.0,Gepard
mig_29_9_13,120.0,57.74,2.17,1.85,0.0,0.0,60.0,85.42,1.6,1.05,0.0,0.0,0.0,,,,,,MiG-29
germ_pzh_2000,116.0,40.56,1.71,1.14,1.87,1.79,772.0,34.65,0.11,0.09,1.44,1.27,4.0,100.0,0.0,0.0,0.0,0.0,PzH_2000
f6f-3,123.0,87.22,1.65,1.12,8.27,5.86,115.0,77.37,0.55,0.54,2.0,1.88,16.0,,,,,,F6F-5
ussr_btr_152d,123.0,60.11,1.67,4.32,0.27,0.77,394.0,34.32,0.95,0.71,0.0,0.0,0.0,,,,,,BTR-152D
germ_pzsflk40_sturer_emil,112.0,74.29,0.0,0.0,3.0,3.33,30.0,6.67,0.0,0.0,4.06,3.8,0.0,,,,,,Sturer_Emil
f-4k,120.0,61.67,1.86,1.87,0.15,0.15,8.0,,,2.0,,0.0,0.0,,,,,,Phantom_FG.1
jp_halftrack_m16,120.0,40.76,1.75,4.07,0.17,0.42,20.0,,,0.0,,0.0,0.0,,,,,,M16_MGMC
f-4m_fgr2,117.0,63.57,2.1,2.17,0.14,0.15,240.0,60.34,0.86,0.97,0.17,0.21,0.0,,,,,,Phantom_FGR.2
uk_sherman_vc_firefly,124.0,50.0,0.09,0.07,2.01,3.1,138.0,64.67,0.0,0.0,5.42,3.31,0.0,,,,,,Sherman_Firefly
sw_strv_m42_delat_torn,119.0,51.72,0.0,0.0,3.11,2.68,229.0,58.37,0.0,0.0,2.23,1.38,0.0,,,,,,Strv_m/42_DT
ussr_zsu_57_2,115.0,30.56,0.1,0.03,4.24,1.88,874.0,38.56,0.05,0.01,2.14,1.19,29.0,33.33,0.0,0.0,1.0,1.0,ZSU-57-2
p-51d-20-na,121.0,58.67,7.5,13.57,0.67,1.12,166.0,66.11,1.22,1.48,1.69,2.05,0.0,,,,,,P-51D-20-NA
sw_strv_122b_plus,126.0,100.0,0.0,0.0,6.54,9.24,479.0,48.81,0.0,0.0,3.71,2.81,0.0,,,,,,Strv_122B+
ussr_t_44_po,117.0,100.0,0.0,0.0,4.14,4.65,85.0,55.88,0.0,0.0,5.24,3.42,0.0,,,,,,Т-44(ПМ)
it_43m_turan_3,115.0,95.0,0.0,0.0,3.78,4.03,144.0,80.56,0.0,0.0,3.24,3.19,0.0,,,,,,Turan_III
us_m41_walker_bulldog,111.0,36.67,0.0,0.0,1.93,1.78,499.0,72.9,0.0,0.0,2.37,1.32,0.0,,,,,,M41A1
us_m36b2,119.0,59.78,0.0,0.0,2.18,1.95,397.0,51.63,0.0,0.0,2.53,1.75,10.0,0.0,0.0,0.0,1.0,1.0,M36B2
f4u-1d,120.0,79.17,2.24,1.88,5.25,4.45,18.0,50.0,1.5,1.5,2.5,2.5,0.0,,,,,,F4U-1D
ussr_t_80u,115.0,53.96,0.0,0.0,1.36,1.55,1417.0,43.28,0.0,0.0,1.72,1.36,15.0,100.0,0.0,0.0,2.0,2.0,T-80U
us_t14,113.0,72.44,0.05,0.1,4.67,5.68,718.0,66.51,0.0,0.0,5.21,4.44,7.0,,,0.0,,3.0,T14
p-51_a-36,116.0,100.0,2.38,1.73,5.0,1.41,10.0,,,0.3,,2.4,0.0,,,,,,A-36
ussr_is_7,107.0,92.98,0.19,0.48,6.06,9.73,80.0,98.33,0.0,0.0,8.43,6.53,0.0,,,,,,IS-7
germ_spz_oerlikon_raketenautomat,110.0,64.0,0.0,0.0,2.71,1.77,267.0,27.86,0.0,0.0,1.91,1.86,0.0,,,,,,Raketenautomat
jp_type_16_mcv_prot,111.0,56.67,0.0,0.0,0.43,0.47,406.0,66.27,0.0,0.0,1.89,1.09,0.0,,,,,,Type_16_(P)
cn_t_34_85_d_5t,109.0,77.56,0.0,0.0,2.79,2.82,203.0,79.44,0.0,0.0,3.17,1.65,0.0,,,,,,Т-34-85_(S-53)_(China)
f8f1,114.0,72.73,5.41,2.0,4.0,1.12,290.0,60.67,1.06,1.22,1.83,2.02,0.0,,,,,,F8F-1
mig_25pd,115.0,45.47,3.13,3.54,0.0,0.0,307.0,69.16,2.67,3.15,0.0,0.0,0.0,,,,,,МиГ-25ПД
germ_t_34_747,105.0,66.48,0.0,0.0,3.38,6.35,47.0,28.0,0.0,0.0,3.2,3.74,0.0,,,,,,T_34_747_(r)
germ_panther_II,116.0,83.6,0.0,0.0,4.6,4.72,239.0,70.33,0.0,0.0,5.34,3.68,13.0,,,0.0,,0.0,Panther_II
fw-190a-5_u2,109.0,70.76,2.79,3.87,1.46,1.09,66.0,5.56,0.21,0.32,0.74,1.08,0.0,,,,,,Fw_190_A-5/U2
ki_44_2_hei,110.0,78.02,11.21,7.37,0.53,0.33,20.0,100.0,1.4,,0.9,,0.0,,,,,,Ki-44-II_hei
yak-9k,108.0,58.89,3.01,2.45,0.2,0.16,998.0,63.5,0.24,0.28,1.92,2.14,0.0,,,,,,Yak-9K
us_m4a2_sherman,116.0,100.0,0.0,0.0,7.78,4.91,206.0,68.85,0.0,0.0,5.66,4.28,0.0,,,,,,M4A2
p-47d-28,111.0,68.49,2.28,3.48,2.15,2.32,9.0,,,1.5,,2.0,15.0,0.0,2.0,2.0,0.0,0.0,P-47D-28
a_20g_30_ussr,98.0,90.59,0.18,0.12,8.45,7.04,53.0,0.0,0.0,0.0,1.29,0.82,28.0,100.0,1.0,0.5,0.0,0.0,A-20G-30
sw_strv_74,107.0,69.65,0.0,0.0,2.49,2.29,242.0,43.77,0.0,0.0,1.95,1.04,0.0,,,,,,Strv_74
sw_strv_m39,109.0,100.0,0.0,0.0,5.13,4.86,0.0,,,,,,0.0,,,,,,Strv_m/39
firefly_mk1,109.0,96.94,2.83,1.87,7.67,5.09,0.0,,,,,,0.0,,,,,,Firefly_F_Mk_I
germ_pz_IV_L70,100.0,64.62,0.2,0.3,4.52,7.9,144.0,20.37,0.0,0.0,2.37,1.39,0.0,,,,,,Panzer_IV/70(V)
p-63a-10,108.0,78.67,1.84,1.47,0.89,0.51,178.0,53.48,0.51,0.46,0.71,0.6,0.0,,,,,,P-63A-10
ussr_t_80b,96.0,58.68,0.0,0.0,3.4,2.2,1021.0,50.86,0.0,0.0,1.67,1.53,10.0,50.0,0.0,0.0,1.0,1.8,T-80B
ffvs_j22_b,108.0,50.72,2.16,1.17,0.17,0.07,22.0,,,0.0,,0.0,0.0,,,,,,J22-B
su_34,101.0,77.45,4.31,4.83,0.94,1.33,396.0,58.94,0.48,0.49,1.07,1.14,46.0,,,1.38,,1.84,Су-34
fw-190a-1,103.0,100.0,6.62,6.02,0.97,0.7,65.0,49.24,1.94,2.63,0.77,0.71,19.0,,,2.0,,0.0,Fw_190_A-1
germ_pzkpfw_IV_ausf_F2,104.0,50.0,0.11,0.12,3.87,4.1,271.0,51.83,0.0,0.0,3.01,2.65,0.0,,,,,,Pz.IV_F2
fa_18e_block_2,103.0,51.11,3.81,3.15,0.26,0.15,297.0,54.0,1.8,2.6,1.09,1.75,15.0,50.0,2.0,2.0,1.0,1.0,F/A-18E
p-47d_ussr,98.0,81.25,1.86,1.49,3.53,2.83,116.0,62.5,0.29,0.32,1.95,1.64,0.0,,,,,,P-47D-27
ki_61_1a_otsu,100.0,100.0,11.43,5.72,3.57,1.48,0.0,,,,,,10.0,50.0,0.5,1.0,1.5,3.0,Ki-61-I_otsu
f-84f,93.0,55.59,1.11,1.13,0.0,0.0,40.0,37.0,0.38,0.46,0.82,1.05,0.0,,,,,,F-84F
ussr_asu_85,105.0,43.81,0.0,0.0,0.61,0.72,380.0,42.48,0.0,0.0,1.48,1.12,0.0,,,,,,ASU-85
us_mbt_70,105.0,48.0,0.0,0.0,0.72,0.72,1106.0,55.74,0.0,0.0,2.17,1.61,0.0,,,,,,MBT-70
lagg-3-8,95.0,75.63,4.85,5.02,0.5,0.53,0.0,,,,,,0.0,,,,,,LaGG-3-8
sw_kv_1_1942_fin,97.0,70.45,0.23,0.5,3.13,5.18,44.0,100.0,0.0,0.0,7.34,6.81,0.0,,,,,,KV-1_m1942
yak-3p,97.0,50.0,2.68,2.84,0.0,0.0,186.0,54.78,2.81,3.51,0.84,1.11,28.0,100.0,3.67,1.43,0.0,0.0,Yak-3P
cn_ztz_99a,108.0,42.38,0.0,0.0,1.2,1.32,216.0,60.25,0.0,0.0,1.71,1.9,0.0,,,,,,ZTZ99A
jp_type_90b_sm,105.0,54.17,0.0,0.0,0.72,0.74,216.0,52.85,0.0,0.0,2.24,2.35,0.0,,,,,,◍Type_90_(B)
uk_a_13_mk2,103.0,90.14,0.0,0.0,5.81,9.22,12.0,,,0.0,,1.5,0.0,,,,,,A13_Mk_II
ussr_t_35,93.0,36.67,0.0,0.0,1.97,2.13,0.0,,,,,,0.0,,,,,,T-35
ussr_t_72av_turms,98.0,79.87,0.0,0.0,3.93,2.4,1220.0,49.73,0.0,0.0,2.14,1.87,0.0,,,,,,T-72AV_(TURMS-T)
f-4s,97.0,58.86,5.46,2.52,0.52,0.23,1253.0,52.41,1.14,1.29,0.35,0.39,0.0,,,,,,F-4S_Phantom_II
ussr_object_435,102.0,58.34,0.0,0.0,1.67,2.23,210.0,35.05,0.0,0.0,2.33,1.4,0.0,,,,,,Object_435
germ_pzkpfw_V_ausf_f_panther,99.0,62.18,0.0,0.0,3.04,4.6,270.0,45.28,0.0,0.0,3.8,2.33,0.0,,,,,,Panther_F
p-51d-20-na_j26,102.0,53.62,2.03,1.36,0.37,0.27,71.0,0.0,0.7,0.57,0.0,0.0,0.0,,,,,,J26
us_mk1_grant,104.0,59.33,0.18,0.3,2.75,4.67,32.0,0.0,0.0,0.0,1.6,1.6,0.0,,,,,,Grant_I
germ_leopard_2a7v,98.0,66.67,0.3,0.47,3.83,5.51,1575.0,44.66,0.0,0.0,3.21,2.35,0.0,,,,,,Leopard_2A7V
germ_leopard_2a6,98.0,69.87,0.26,0.31,3.13,4.43,674.0,39.93,0.0,0.0,2.51,1.76,0.0,,,,,,Leopard_2A6
ussr_bt_7_m,95.0,70.14,0.0,0.0,3.51,2.87,105.0,52.78,0.0,0.0,3.78,2.25,0.0,,,,,,BT-7M
ussr_t_55_am,95.0,36.44,0.0,0.0,0.74,0.8,502.0,51.02,0.0,0.0,2.32,1.78,0.0,,,,,,T-55AM-1
us_m36,92.0,87.72,0.01,0.02,5.51,4.14,420.0,43.7,0.0,0.0,2.55,1.8,0.0,,,,,,M36_GMC
cn_vt_5,89.0,58.99,0.0,0.0,1.39,1.25,340.0,61.09,0.0,0.0,1.42,1.48,0.0,,,,,,VT5
yak_2_kabb,93.0,100.0,2.04,2.14,4.72,5.04,0.0,,,,,,15.0,,,,,,Yak-2_KABB
ussr_t_44_100,98.0,71.59,0.39,0.11,4.36,2.57,777.0,48.59,0.0,0.0,2.36,1.69,61.0,42.0,0.0,0.0,2.52,2.6,T-44-100
ussr_t_34_85_stp_s53,99.0,47.06,0.19,0.17,1.21,2.71,1234.0,53.66,0.0,0.0,2.54,2.32,0.0,,,,,,Т-34-85_(СТП)
ar_2,93.0,100.0,0.51,0.47,10.46,9.77,7.0,100.0,0.0,0.0,2.0,2.0,0.0,,,,,,Ar-2
ussr_m4a2_76w_sherman,85.0,95.94,0.0,0.0,5.93,6.14,191.0,65.38,0.0,0.0,4.47,3.89,0.0,,,,,,M4A2
mig_29smt_9_19,91.0,96.54,3.73,2.57,0.09,0.05,183.0,33.91,1.09,1.1,0.0,0.0,0.0,,,,,,MiG-29SMT
ussr_t_34E,97.0,98.33,0.0,0.0,2.92,2.66,15.0,50.0,0.0,0.0,1.0,3.47,0.0,,,,,,T-34E
ussr_t_90a,89.0,18.4,0.0,0.0,3.39,3.08,1017.0,50.3,0.0,0.0,1.77,1.56,16.0,50.0,0.0,0.0,1.0,1.0,Т-90А
fw-190d-9,88.0,32.78,4.03,3.94,0.32,0.32,276.0,50.93,0.49,0.49,0.71,0.67,13.0,,,,,,Fw_190_D-9
f_16c_block_52_aesa,91.0,46.67,2.6,2.83,0.12,0.12,584.0,52.04,0.86,0.92,0.59,0.62,18.0,,,0.0,,0.0,F-16CM_PoBIT
sw_pt_76b,90.0,50.0,0.0,0.0,1.25,1.32,187.0,26.94,0.0,0.0,0.71,0.55,0.0,,,,,,PT-76
av_8a,90.0,50.0,6.33,5.52,0.75,0.65,54.0,0.0,4.0,1.16,8.0,1.24,0.0,,,,,,AV-8A
germ_pzsfl_IVa_dickermax,89.0,40.55,0.0,0.0,1.05,1.48,92.0,,,0.0,,3.0,0.0,,,,,,Dicker_Max
p-61c_1,85.0,86.86,1.67,1.1,5.39,3.66,29.0,100.0,0.0,0.44,1.0,0.81,0.0,,,,,,P-61C-1
us_m4a1_1942_sherman,91.0,40.23,0.0,0.0,1.7,1.7,71.0,100.0,0.0,0.0,6.38,3.37,0.0,,,,,,M4A1
il_8_1944,83.0,100.0,1.63,1.13,6.17,4.0,88.0,100.0,0.45,0.17,3.93,2.0,7.0,,,0.0,,0.29,IL-8_(1944)
jp_type_90b_camo,91.0,65.12,0.0,0.0,2.62,2.31,2647.0,51.33,0.0,0.0,2.55,1.9,0.0,,,,,,"Type_90_(B)_""Fuji"""
ussr_t_62m1,86.0,73.06,0.0,0.0,2.1,1.54,541.0,55.62,0.0,0.0,1.82,1.76,36.0,78.95,0.0,0.0,1.0,1.42,T-62M-1
il_sabra_mk1,86.0,67.39,0.0,0.0,3.11,1.91,77.0,85.71,0.0,0.0,4.81,2.61,0.0,,,,,,Sabra_Mk.I
germ_pzkpfw_V_ausf_a_panther,85.0,48.89,0.0,0.0,1.46,2.69,523.0,49.25,0.0,0.0,3.68,1.75,0.0,,,,,,Panther_A
uk_chieftain_mk_10,91.0,71.52,0.0,0.0,2.9,4.1,169.0,76.29,0.0,0.0,2.32,2.12,0.0,,,,,,Chieftain_Mk_10
ussr_object_292,90.0,70.45,0.0,0.0,3.14,2.8,434.0,63.41,0.0,0.0,5.08,2.87,13.0,,,0.0,,1.0,Object_292
p-51d-20-na_iaf,92.0,39.64,2.23,1.82,0.79,0.57,48.0,40.63,0.59,0.41,0.59,0.31,0.0,,,,,,P-51D-20-NA_(Israel)
saab_b3c,88.0,100.0,1.75,0.99,32.9,19.41,0.0,,,,,,0.0,,,,,,B3C
ussr_t_64_b_1984,83.0,64.88,0.0,0.0,3.59,4.18,399.0,43.25,0.0,0.0,1.89,1.95,6.0,100.0,0.0,0.0,4.0,4.0,T-64B
germ_pz_IV_L70_A,84.0,71.8,0.0,0.0,2.62,2.57,41.0,66.67,0.0,0.0,3.1,4.46,0.0,,,,,,Panzer_IV/70(A)
jp_type_97_chi_ha,88.0,100.0,0.16,0.31,6.97,12.8,0.0,,,,,,0.0,,,,,,Chi-Ha
it_41m_turan_2,79.0,100.0,0.0,0.0,9.15,5.3,35.0,,,0.0,,7.89,0.0,,,,,,Turan_II
ussr_t_72b_1989,76.0,55.56,0.0,0.0,2.43,1.9,223.0,48.52,0.0,0.0,1.91,1.32,0.0,,,,,,T-72B_(1989)
saab_t18b_1,79.0,100.0,4.92,2.55,13.92,7.02,0.0,,,,,,0.0,,,,,,T18B
germ_pzkpfw_VI_ausf_b_tiger_IIh_kwk46,80.0,50.0,0.0,0.0,5.24,8.43,345.0,75.92,0.04,0.04,6.97,5.72,0.0,,,,,,Tiger_II_(10.5_cm_Kw.K)
sw_a_34_comet,79.0,87.22,0.0,0.0,1.28,1.87,127.0,41.27,0.0,0.0,0.5,0.33,0.0,,,,,,Comet_I
thunderbolt_mk1,78.0,97.78,2.03,1.03,10.09,4.96,25.0,100.0,0.11,0.11,2.53,2.53,0.0,,,,,,Thunderbolt_Mk.1
spitfire_mk9c_iaf,83.0,33.92,4.69,2.9,1.16,0.66,10.0,,,,,,0.0,,,,,,Spitfire_Mk_IXc_(Israel)
us_t1e1_90,78.0,62.5,0.0,0.0,2.77,4.87,231.0,39.11,0.0,0.0,2.58,2.25,0.0,,,,,,T1E1_(90)
f9f-2,79.0,58.33,1.0,0.94,0.67,0.57,89.0,61.03,0.34,0.57,1.07,1.66,0.0,,,,,,F9F-2
la_174,78.0,80.0,6.0,7.5,0.6,0.8,0.0,,,,,,0.0,,,,,,La-174
it_leopard_2a4,82.0,69.7,0.0,0.0,4.14,4.73,263.0,53.39,0.0,0.0,1.68,1.54,0.0,,,,,,◔Leopard_2A4
i-153_m62,69.0,41.67,4.24,3.71,0.1,0.04,0.0,,,,,,0.0,,,,,,I-153_M-62
ussr_su_152,75.0,70.0,0.0,0.0,2.21,2.6,109.0,27.53,0.0,0.0,2.93,1.76,0.0,,,,,,SU-152
ussr_t_72b,75.0,52.9,0.0,0.0,1.9,2.16,340.0,37.29,0.0,0.0,2.36,1.68,0.0,,,,,,T-72B
harrier_gr1,71.0,71.77,0.9,0.86,0.51,0.45,86.0,47.22,0.24,0.26,1.06,1.21,0.0,,,,,,Harrier_GR.1
us_t1e1,79.0,50.0,0.0,0.0,2.06,1.91,64.0,50.56,0.0,0.0,2.47,4.14,0.0,,,,,,T1E1
fa_18a_raaf,78.0,35.61,1.43,1.05,0.0,0.0,70.0,72.78,1.22,1.71,0.0,0.0,24.0,,,1.0,,0.0,F/A-18A
germ_nbfz_VI,77.0,100.0,0.0,0.0,4.25,8.52,0.0,,,,,,0.0,,,,,,Nb.Fz.
mig-21_s,79.0,52.22,5.81,4.59,0.0,0.0,157.0,68.52,1.69,1.02,0.24,0.18,0.0,,,,,,MiG-21S_(R-13-300)
sw_strv_m38,79.0,100.0,0.0,0.0,3.14,4.52,4.0,,,,,,0.0,,,,,,Strv_m/38
us_m2a4_1st_armor_div,74.0,78.33,0.0,0.0,3.76,3.84,3.0,,,0.0,,3.67,0.0,,,,,,M2A4_(1st_Arm.Div.)
sw_t_28,77.0,,,0.0,,3.48,9.0,,,0.0,,1.67,0.0,,,,,,T-28
a_4b,69.0,54.17,2.0,1.69,0.0,0.0,68.0,61.67,0.14,0.26,0.78,1.84,0.0,,,,,,A-4B
us_m3a3_bradley,74.0,40.0,0.26,0.4,0.74,0.94,343.0,49.56,0.0,0.0,0.79,0.77,4.0,,,,,,M3A3_Bradley
f-89d,80.0,66.67,10.02,10.02,0.0,0.0,33.0,78.26,3.39,4.87,0.0,0.0,0.0,,,,,,F-89D
us_lvt_a_1,81.0,97.78,0.0,0.0,4.82,3.86,3.0,,,0.0,,1.0,0.0,,,,,,LVT(A)(1)
pe-3,74.0,100.0,0.49,0.7,4.69,6.57,0.0,,,,,,0.0,,,,,,Pe-3
sw_t_80u,80.0,83.95,0.0,0.0,2.66,2.66,197.0,36.05,0.0,0.0,3.64,1.77,0.0,,,,,,T_80_U
la-9,74.0,41.67,5.81,3.91,0.06,0.04,47.0,32.14,0.82,2.17,0.0,0.0,0.0,,,,,,La-9
us_t25,74.0,100.0,0.0,0.0,6.31,6.31,101.0,100.0,0.0,0.0,4.72,1.78,28.0,,,,,,T25
ussr_su_85m,75.0,50.0,0.0,0.0,2.17,3.9,47.0,36.36,0.0,0.0,4.45,3.31,0.0,,,,,,SU-85M
mosquito_fb_mk26_china,72.0,53.43,0.84,1.46,1.77,2.04,48.0,74.45,0.77,1.47,2.05,3.8,0.0,,,,,,Mosquito_FB.Mk.26
bf_110g_4,78.0,73.21,0.38,0.49,2.11,2.86,0.0,,,,,,0.0,,,,,,Bf_110_G-4
p-38j,75.0,9.09,1.55,0.75,1.0,0.79,6.0,100.0,3.0,3.0,0.0,0.0,0.0,,,,,,P-38J-15
us_m60a3_tts,75.0,27.78,0.0,0.0,1.06,1.39,554.0,59.97,0.0,0.0,1.82,1.46,13.0,,,0.0,,1.0,M60A3_TTS
sw_charioteer_mk_7,74.0,6.9,0.0,0.0,1.17,0.56,225.0,35.21,0.0,0.0,0.95,0.72,15.0,,,,,,Charioteer_Mk_VII
a6m2_mod11,73.0,91.21,8.34,8.71,0.0,0.0,0.0,,,,,,0.0,,,,,,A6M2_mod._11
ussr_t_34_1941_l_11,76.0,77.08,0.0,0.0,2.79,3.21,145.0,55.17,0.0,0.0,5.57,4.33,0.0,,,,,,T-34_(1940)
il-2m,72.0,90.28,0.66,0.94,4.18,6.57,25.0,100.0,1.9,1.1,6.7,3.8,0.0,,,,,,IL-2M_type_3
yak-3u,72.0,28.33,2.82,2.02,0.0,0.0,173.0,82.39,4.37,11.29,0.87,2.27,0.0,,,,,,Yak-3U
sw_l_62_anti_II,76.0,64.29,0.37,0.51,0.79,0.93,152.0,37.07,0.18,0.09,3.75,1.42,0.0,,,,,,L-62_ANTI_II
ussr_pzkpfw_V,72.0,100.0,0.0,0.0,8.93,7.03,141.0,55.89,0.0,0.0,2.09,2.17,0.0,,,,,,T-V
spitfire_mk5b,69.0,100.0,5.78,6.02,0.0,0.0,12.0,,,,,,0.0,,,,,,Spitfire_Mk_Vb/trop
f4u-1c,72.0,94.7,3.56,1.81,0.05,0.04,61.0,0.0,2.42,2.64,2.75,1.84,0.0,,,,,,F4U-1C
it_pzkpfw_IV_ausf_G,72.0,100.0,0.0,0.0,3.53,3.8,47.0,100.0,0.0,0.0,5.75,3.91,0.0,,,,,,Pz.IV_G
su_27,67.0,67.06,0.77,0.35,0.26,0.17,526.0,53.07,1.66,1.98,0.02,0.02,0.0,,,,,,Su-27
jp_sub_i_ii_20mm,71.0,68.33,1.63,2.38,2.77,4.08,660.0,64.28,0.68,0.73,1.63,1.68,0.0,,,,,,SUB-I-II
us_m4a2_76w_sherman,75.0,49.27,0.0,0.0,2.18,1.68,451.0,70.11,0.0,0.0,3.21,2.38,0.0,,,,,,M4A2_(76)_W
tornado_ids_de_mfg,67.0,72.78,0.3,0.23,5.71,4.91,0.0,,,,,,0.0,,,,,,◄Tornado_IDS_MFG
jp_tkx_prot,78.0,60.72,0.0,0.0,4.29,4.13,441.0,65.07,0.0,0.0,3.49,2.27,0.0,,,,,,TKX
harrier_t10,65.0,52.34,1.19,1.23,0.97,1.18,42.0,52.38,0.0,0.0,1.56,2.93,0.0,,,,,,Harrier_T.10
f-4c,75.0,46.67,1.24,0.88,0.19,0.17,162.0,37.0,1.13,1.17,1.08,1.35,0.0,,,,,,F-4C_Phantom_II
fa_18c_late,68.0,46.67,1.86,1.84,0.18,0.16,125.0,54.1,1.31,1.2,0.26,0.22,0.0,,,,,,F/A-18C_Late
germ_pzkpfw_VI_ausf_b_tiger_IIp,72.0,12.96,0.35,0.34,4.54,4.81,666.0,39.06,0.0,0.0,1.66,1.69,0.0,,,,,,Tiger_II_(P)
ki_100_early,65.0,50.0,3.38,2.74,0.3,0.41,24.0,100.0,3.25,,3.25,,5.0,100.0,0.0,0.0,1.0,1.0,Ki-100
sw_bt_42,66.0,54.94,0.0,0.0,2.93,3.03,35.0,50.0,0.0,0.0,1.5,1.59,0.0,,,,,,BT-42
fr_amd_35_sa35,68.0,50.0,0.0,0.0,1.5,1.55,13.0,,,0.0,,1.0,0.0,,,,,,AMD.35_(SA35)
germ_stug_III_ausf_G,68.0,39.21,0.0,0.0,1.91,1.56,300.0,36.91,0.0,0.0,1.53,1.49,0.0,,,,,,StuG_III_G
ussr_t_62,68.0,52.17,0.0,0.0,2.26,3.21,293.0,48.51,0.0,0.0,3.58,2.21,0.0,,,,,,T-62
ussr_kv_1_L_11,66.0,90.48,0.0,0.0,3.24,2.57,64.0,100.0,0.0,0.0,6.5,6.86,0.0,,,,,,KV-1_(L-11)
p-47n-15,67.0,100.0,5.0,1.17,3.4,2.03,13.0,78.57,0.79,0.79,1.0,1.0,0.0,,,,,,P-47N-15
us_m4_sherman,66.0,31.58,0.0,0.0,4.34,4.9,150.0,61.11,0.0,0.0,5.78,4.9,11.0,100.0,0.0,0.0,3.0,3.0,M4
germ_marder_clovis,60.0,51.61,0.0,0.0,3.0,5.72,67.0,46.0,0.0,0.0,2.96,2.77,0.0,,,,,,CLOVIS
germ_leopard_2a4m_can,64.0,59.81,0.0,0.0,3.26,3.26,1268.0,41.92,0.0,0.0,1.63,1.28,0.0,,,,,,Leopard_2A4M
germ_jgdpz_IV_L48,63.0,91.78,0.0,0.0,4.11,3.9,228.0,36.83,0.0,0.0,3.55,3.5,11.0,,,0.0,,1.0,Jagdpanzer_IV
jp_type_61,67.0,29.88,0.0,0.0,3.07,2.62,206.0,63.27,0.0,0.0,3.71,2.09,0.0,,,,,,Type_61
i_225,63.0,0.0,1.0,1.6,0.0,0.0,73.0,72.78,0.95,0.94,0.75,0.7,0.0,,,,,,I-225
ussr_t_72b3_arena,62.0,28.13,0.0,0.0,0.97,1.21,830.0,49.36,0.0,0.0,2.63,1.66,40.0,,,0.0,,1.0,"Т-72Б3_""Арена"""
j_7e,61.0,66.67,11.0,33.0,0.7,2.0,2.0,,,,,,0.0,,,,,,J-7E
jp_type_10,74.0,54.29,0.0,0.0,3.69,3.84,426.0,60.36,0.0,0.0,4.02,2.2,0.0,,,,,,Type_10
fr_amx_13_90,68.0,82.0,0.0,0.0,3.4,3.4,151.0,78.39,0.0,0.0,3.72,2.12,0.0,,,,,,AMX-13-90
fr_m46_patton,67.0,75.6,0.0,0.0,3.0,3.61,48.0,54.55,0.0,0.0,8.0,5.63,0.0,,,,,,M46
i-153_m62_zhukovskiy,62.0,37.04,2.87,2.55,0.0,0.0,0.0,,,,,,0.0,,,,,,Zhukovsky's_I-153-M62
us_m1a2_sep2_abrams,67.0,91.07,0.0,0.0,4.74,4.1,2175.0,55.23,0.0,0.0,2.46,2.18,0.0,,,,,,M1A2_SEP_V2
germ_pzkpfw_III_ausf_M,63.0,82.18,0.0,0.0,2.95,2.74,52.0,100.0,0.0,0.0,11.62,4.27,0.0,,,,,,Pz.III_M
us_m26e1_pershing,64.0,100.0,0.0,0.0,6.2,6.27,55.0,100.0,0.0,0.0,11.15,8.65,0.0,,,,,,M26E1
mb_157,62.0,51.82,6.2,6.9,0.38,0.21,137.0,73.23,3.23,13.87,0.46,2.13,0.0,,,,,,M.B.157
germ_le_kpz_m41,64.0,80.0,0.0,0.0,1.22,1.23,797.0,53.3,0.0,0.0,1.08,0.98,0.0,,,,,,leKPz_M41
hellcat_fmk1,60.0,100.0,4.0,2.15,5.56,4.51,99.0,81.82,0.63,0.36,3.97,1.72,30.0,,,0.38,,1.88,Hellcat_Mk_II
uk_chieftain_900,67.0,52.63,0.0,0.0,2.55,2.47,72.0,91.11,0.0,0.0,3.04,2.75,0.0,,,,,,Chieftain_900
us_m4a1_76w_sherman,64.0,55.56,0.0,0.0,2.14,1.93,301.0,50.92,0.0,0.0,3.25,2.55,10.0,,,,,,M4A1_(76)_W
he-111h-16_winter,64.0,68.75,0.0,0.0,0.06,0.07,154.0,52.67,0.0,0.0,0.72,0.75,0.0,,,,,,He_111_H-16
it_c1_ariete_preserie,66.0,64.29,0.0,0.0,3.67,5.4,169.0,58.5,0.0,0.0,1.84,1.41,0.0,,,,,,Ariete_(P)
f_6c_pakistan,60.0,44.23,4.77,6.94,0.29,0.28,4.0,100.0,3.5,4.0,0.0,0.0,0.0,,,,,,F-6C
fr_amx_50,63.0,93.33,0.0,0.0,4.12,4.12,320.0,83.36,0.0,0.0,3.51,3.78,77.0,40.0,0.0,0.0,1.42,1.97,AMX-50_(TOA100)
germ_pzkpfw_38t_Marder_III_ausf_H,62.0,40.38,0.0,0.0,1.64,1.58,24.0,28.2,0.0,0.0,0.92,1.38,0.0,,,,,,Marder_III_H
germ_vk_3002m,62.0,14.29,0.0,0.0,4.36,2.56,332.0,39.51,0.0,0.0,2.41,1.97,3.0,,,0.0,,0.0,VK_3002_(M)
mig-15,59.0,65.0,4.3,5.6,0.37,0.47,43.0,30.0,0.7,1.17,0.0,0.0,0.0,,,,,,MiG-15bis
ussr_2s1,69.0,52.38,0.0,0.0,1.09,0.87,185.0,47.11,0.16,0.15,1.35,0.99,0.0,,,,,,2S1
fr_char_2c_bis,57.0,59.03,0.0,0.0,2.72,6.0,20.0,40.0,0.0,0.0,0.4,0.7,0.0,,,,,,2C_bis
a-20g,59.0,100.0,0.42,0.35,6.97,6.23,0.0,,,,,,0.0,,,,,,A-20G-25
ussr_t_28E,58.0,75.0,0.0,0.0,3.02,3.97,27.0,0.0,0.0,0.0,0.05,0.04,0.0,,,,,,T-28E
lagg-3-11,57.0,86.76,3.02,3.31,0.39,0.39,0.0,,,,,,0.0,,,,,,LaGG-3-11
ki_61_2_early,60.0,50.0,1.84,3.16,0.0,0.0,19.0,,,,,,0.0,,,,,,Ki-61-II_Otsu_Kai
germ_panzerjager_tiger_P_ferdinand,58.0,20.0,0.0,0.0,5.62,5.32,69.0,3.7,0.0,0.0,6.33,3.22,0.0,,,,,,Ferdinand
tornado_ids_de_assta1,56.0,66.67,0.59,0.45,6.55,5.3,14.0,,,,,,0.0,,,,,,◄Tornado_IDS_ASSTA1
tornado_ids_de_wtd61,56.0,62.22,0.65,0.65,6.0,6.0,192.0,54.91,0.46,0.46,0.43,0.47,0.0,,,,,,◄Tornado_IDS_WTD61
mosquito_fb_mk6,58.0,96.19,1.95,2.0,2.05,2.1,0.0,,,,,,0.0,,,,,,Mosquito_FB_Mk_VI
us_t26e4_superpershing,62.0,82.33,0.16,0.24,5.24,4.21,368.0,81.28,0.0,0.0,6.44,2.51,0.0,,,,,,T26E1-1
us_t30,57.0,70.0,0.3,0.36,4.63,4.27,25.0,,,0.0,,4.28,0.0,,,,,,T30
us_m1a2_abrams,67.0,62.5,0.0,0.0,2.84,1.85,749.0,47.61,0.0,0.0,2.9,2.17,0.0,,,,,,M1A2_Abrams
mig_3_series_1_15,56.0,100.0,9.08,4.51,1.13,0.63,0.0,,,,,,0.0,,,,,,MiG-3-15
ussr_t_28,57.0,67.39,0.0,0.0,4.72,4.13,1.0,,,,,,0.0,,,,,,T-28
yak-1_early,56.0,87.5,7.65,5.6,1.98,1.35,25.0,0.0,1.77,1.77,0.0,0.0,0.0,,,,,,Yak-1
p-400,56.0,56.67,2.53,2.55,0.32,0.26,44.0,50.0,0.59,1.18,0.09,0.18,0.0,,,,,,P-400
sw_strv121b_christian2,57.0,92.78,0.0,0.0,3.93,2.45,599.0,55.06,0.0,0.0,3.14,1.89,0.0,,,,,,Christian_II
harrier_frs1,56.0,35.0,1.53,0.9,0.73,0.46,2.0,50.0,0.5,1.0,0.0,0.0,0.0,,,,,,Sea_Harrier_FRS.1
jp_type_87,54.0,23.33,0.74,0.96,0.08,0.11,518.0,48.74,0.18,0.1,1.65,0.96,0.0,,,,,,Type_87
typhoon_mk1b,55.0,100.0,7.5,6.22,1.0,1.0,50.0,59.09,0.64,1.0,1.41,1.95,7.0,,,0.0,,1.0,Typhoon_Mk_Ib
germ_kv_1B_finland,55.0,,,0.0,,9.55,21.0,100.0,0.0,0.0,12.23,9.77,0.0,,,,,,KV-IB
it_pzkpfw_VI_ausf_e_tiger,61.0,50.0,0.0,0.0,3.17,2.66,167.0,62.12,0.0,0.0,6.72,4.91,7.0,,,,,,Tigris
i_29,58.0,100.0,4.05,4.66,0.0,0.0,0.0,,,,,,0.0,,,,,,I-29
jp_st_a1,59.0,50.0,0.0,0.0,0.92,1.1,102.0,100.0,0.0,0.0,6.57,1.89,0.0,,,,,,ST-A1
jp_type_90,60.0,45.83,0.0,0.0,0.85,1.03,651.0,60.31,0.0,0.0,1.85,1.82,0.0,,,,,,Type_90
spitfire_lf_mk9e_iaf,59.0,17.71,1.83,0.85,1.29,0.68,55.0,50.0,1.0,1.67,1.22,0.86,0.0,,,,,,Spitfire_Mk.IX_(CW)_(Israel)
sw_pbv_501,54.0,0.0,0.0,0.0,0.26,0.13,399.0,57.3,0.0,0.0,1.68,1.24,0.0,,,,,,Pbv_501
la-5_type37_early,56.0,90.79,3.99,6.53,2.85,5.21,5.0,50.0,0.5,1.0,0.0,0.0,0.0,,,,,,La-5
us_m1a1_hc_usmc,62.0,59.0,0.02,0.01,3.5,4.69,2578.0,58.39,0.0,0.0,2.61,2.0,16.0,,,0.0,,0.0,M1A1_Click-Bait
b7a2_homare_23,56.0,100.0,1.79,1.78,7.04,6.62,25.0,100.0,3.75,1.22,3.31,0.0,18.0,,,,,,B7A2_(Homare_23)
alpha_jet_th_phase_1,53.0,52.78,2.38,5.22,2.33,0.91,107.0,55.43,0.41,0.71,1.09,1.6,0.0,,,,,,Alpha_Jet_TH
germ_kv_1_kwk_40,50.0,60.71,0.0,0.0,8.04,7.14,245.0,73.67,0.0,0.0,8.0,3.53,0.0,,,,,,KW_I_C_756_(r)
me-262a-1a_u4,53.0,52.5,3.43,6.28,0.98,2.0,529.0,56.68,0.41,0.39,2.17,2.1,0.0,,,,,,Me_262_A-1/U4
ussr_t_28_1938,55.0,42.11,0.0,0.0,2.03,2.9,11.0,,,0.0,,3.09,0.0,,,,,,T-28_(1938)
us_m24_chaffee,54.0,53.33,0.0,0.0,1.75,2.31,592.0,56.2,0.0,0.0,3.14,2.04,0.0,,,,,,M24
ussr_zis_30,55.0,,,0.0,,2.35,15.0,100.0,0.0,0.0,4.33,3.0,0.0,,,,,,ZiS-30
us_m60a1_rise_passive_era,52.0,41.54,0.0,0.0,0.4,0.22,386.0,62.78,0.0,0.0,2.68,2.12,0.0,,,,,,M60A1_RISE_(P)
su-6_m71,53.0,84.45,0.94,1.03,4.78,4.23,81.0,60.0,0.93,0.74,2.08,1.7,0.0,,,,,,Su-6_(M-71F)
germ_erprobungstrager_3_achs_turm,48.0,51.67,0.0,0.0,3.65,3.65,1118.0,42.42,0.0,0.0,3.23,1.68,0.0,,,,,,Turm_III
fr_sk105_a2,54.0,82.5,0.0,0.0,4.95,4.7,282.0,60.26,0.0,0.0,1.89,2.17,0.0,,,,,,SK-105A2
fr_lorraine_40t,52.0,72.22,0.0,0.0,2.71,2.87,485.0,76.33,0.0,0.0,4.09,3.34,54.0,37.78,0.0,0.0,1.24,1.53,Lorraine_40t
i-16_type27,49.0,33.33,1.93,2.28,0.3,0.9,11.0,,,,,,0.0,,,,,,I-16_type_27
germ_pzkpfw_IV_ausf_G,54.0,70.91,0.0,0.0,1.83,1.85,139.0,33.28,0.0,0.0,2.31,1.89,0.0,,,,,,Pz.IV_G
p-51c-11-nt_china,52.0,66.67,0.74,0.79,3.5,3.8,95.0,66.03,0.64,0.53,2.2,2.09,0.0,,,,,,P-51C-11-NT_(China)
p-40e_ussr,53.0,78.89,4.39,4.06,0.68,0.62,9.0,,,,,,21.0,,,0.0,,0.05,P-40E-1
p-63c-5,51.0,42.86,2.07,1.69,0.21,1.35,71.0,71.06,1.37,1.27,1.27,1.09,0.0,,,,,,P-63C-5
bf-109f-2,52.0,61.54,6.04,3.02,2.0,1.08,23.0,0.0,0.0,0.25,1.0,0.86,0.0,,,,,,Bf_109_F-2
f-5e,52.0,50.0,1.08,1.0,0.0,0.0,195.0,47.8,1.46,1.22,0.46,0.38,0.0,,,,,,F-5E
il_m109a1,57.0,0.0,0.13,0.08,1.37,1.07,16.0,,,0.0,,0.0,0.0,,,,,,Rochev
germ_sdkfz_234_2,58.0,77.57,0.0,0.0,1.75,1.34,951.0,42.37,0.0,0.0,0.97,0.83,24.0,,,0.0,,0.88,Sd.Kfz.234/2
cn_m18_hellcat,52.0,31.58,0.0,0.0,3.53,3.66,168.0,70.74,0.0,0.0,2.3,1.47,0.0,,,,,,M18_GMC_(China)
spitfire_mk14c,52.0,100.0,11.5,11.5,0.0,0.0,0.0,,,,,,0.0,,,,,,Spitfire_F_Mk_XIVc
jp_type_93,54.0,46.43,1.7,3.25,0.0,0.0,107.0,43.89,0.64,1.18,0.0,0.0,0.0,,,,,,Type_93
f6f-5n,52.0,92.5,2.45,1.68,1.5,0.82,58.0,100.0,0.83,0.38,4.46,2.0,0.0,,,,,,F6F-5N
ussr_zsu_37_2,52.0,38.33,0.73,1.39,0.0,0.0,161.0,65.89,0.49,0.36,0.53,0.3,0.0,,,,,,ZSU-37-2
ussr_pt_76b,49.0,57.14,0.0,0.0,1.16,1.02,851.0,55.71,0.0,0.0,1.2,0.87,0.0,,,,,,PT-76B
jp_type_89b_i_go_otsu,55.0,100.0,0.24,0.41,4.76,9.0,33.0,,,0.0,,4.0,0.0,,,,,,I-Go_Ko
su-2_m82,49.0,100.0,1.6,1.1,9.17,6.53,0.0,,,,,,0.0,,,,,,Su-2_(M-82)
spitfiremkii,47.0,100.0,7.82,7.4,0.29,0.25,32.0,100.0,1.15,0.96,0.0,0.0,0.0,,,,,,Spitfire_Mk_IIb
jp_st_a2,51.0,,,0.0,,4.0,44.0,,,0.0,,0.92,0.0,,,,,,ST-A2
mig-21_bison,48.0,50.0,1.68,1.9,0.0,0.0,232.0,53.29,1.06,1.73,0.05,0.08,20.0,,,,,,MiG-21_Bison
ussr_su_85_1943,46.0,100.0,0.0,0.0,2.98,3.09,79.0,50.69,0.0,0.0,1.85,2.44,0.0,,,,,,SU-85
b_25j_20,50.0,66.67,0.7,0.11,1.5,0.46,0.0,,,,,,0.0,,,,,,B-25J-20
uk_a_33_excelsior,54.0,100.0,0.0,0.0,8.97,9.3,106.0,59.17,0.0,0.0,4.11,5.34,0.0,,,,,,Excelsior
a6m2_zero_china,48.0,63.34,1.55,1.9,1.43,1.73,115.0,77.62,1.68,1.98,1.48,1.75,0.0,,,,,,A6M2_(China)
tis_ma,48.0,54.35,0.63,0.69,4.0,4.71,110.0,92.5,0.08,0.04,5.9,4.64,12.0,100.0,1.0,0.58,4.0,3.17,TIS_MA
ussr_kv_220,51.0,100.0,0.0,0.0,10.33,10.33,126.0,82.22,0.0,0.0,10.07,7.68,0.0,,,,,,KV-220
germ_flakpanzer_V_Coelian,52.0,50.0,0.2,0.45,2.7,1.24,728.0,60.65,0.66,0.58,3.26,2.71,8.0,0.0,1.0,,0.0,,Flakpanzer_341
a6m3_zero,53.0,,,4.22,,0.0,12.0,,,,,,0.0,,,,,,A6M3
mig_29_9_12,49.0,51.96,1.82,1.5,0.0,0.0,36.0,100.0,1.0,0.4,0.0,0.0,0.0,,,,,,МиГ-29_(9-12)
ussr_asu_57,49.0,,,0.0,,0.0,197.0,49.89,0.0,0.0,1.22,0.9,0.0,,,,,,ASU-57
t2,48.0,98.72,8.77,8.77,0.57,0.6,53.0,57.5,1.3,1.36,0.55,0.66,13.0,,,2.0,,0.0,T-2
firefly_mk5,49.0,90.0,1.9,1.82,4.36,4.12,31.0,100.0,4.0,2.36,2.82,1.59,0.0,,,,,,Firefly_FR_Mk_V
ussr_t_34_1941,50.0,100.0,0.0,0.0,4.39,5.35,61.0,,,0.0,,3.02,0.0,,,,,,T-34_(1941)
cn_m4a1_76w_sherman,47.0,72.73,0.0,0.0,2.0,2.1,60.0,100.0,0.0,0.0,6.33,5.04,0.0,,,,,,M4A1_(75)_W_(China)
uk_17_pdr_m10_achilles_norfolk_yeomanry,47.0,80.56,0.0,0.0,2.67,2.42,85.0,100.0,0.0,0.0,4.58,2.95,0.0,,,,,,Achilles_(65_Rg.)
sw_cv_90105_tml,48.0,100.0,0.0,0.0,2.39,1.84,1898.0,55.19,0.0,0.0,2.15,1.64,0.0,,,,,,CV_90105
f_20a,48.0,50.0,2.5,1.32,0.5,0.25,393.0,58.29,0.65,0.97,0.11,0.19,16.0,,,0.5,,0.0,F-20A
jp_btr_3e1,48.0,35.71,0.0,0.0,0.36,0.36,341.0,73.52,0.0,0.0,1.49,1.07,0.0,,,,,,BTR-3E1
uk_vickers_mbt_mk_1,47.0,97.73,0.0,0.0,3.25,2.4,221.0,45.05,0.0,0.0,3.19,1.98,0.0,,,,,,Vickers_Mk.1
uk_sherman_II,49.0,80.56,0.0,0.0,3.83,4.5,90.0,34.8,0.0,0.0,3.66,2.8,0.0,,,,,,Sherman_II
p-47d_30_china,50.0,68.75,2.81,2.35,0.38,0.32,39.0,66.67,0.0,0.0,0.7,0.7,0.0,,,,,,P-47D-30_(China)
fr_mars_15,48.0,68.75,0.0,0.0,1.69,1.46,101.0,60.32,0.0,0.0,1.74,1.58,0.0,,,,,,MARS_15
it_semovente_m41m_90,47.0,100.0,0.0,0.0,3.0,3.55,127.0,40.67,0.0,0.0,4.18,3.28,0.0,,,,,,90/53_M41M
b_239_finland,50.0,0.0,2.61,2.36,0.0,0.0,22.0,100.0,1.9,1.4,1.1,1.15,0.0,,,,,,B-239
tornado_f3,48.0,59.53,0.91,1.0,0.0,0.0,211.0,55.59,1.2,1.43,0.08,0.07,18.0,,,1.0,,0.0,Tornado_F.3
bf-109e-4,43.0,100.0,5.02,4.67,2.1,2.07,17.0,100.0,0.09,,0.0,,0.0,,,,,,Bf_109_E-4
f_14a_iriaf,44.0,100.0,7.16,3.87,1.21,0.53,538.0,57.16,2.28,2.59,0.04,0.07,0.0,,,,,,F-14A_IRIAF
germ_jgdpz_38t,46.0,100.0,0.0,0.0,3.88,3.31,143.0,39.74,0.0,0.0,2.96,3.62,0.0,,,,,,Jagdpanzer_38(t)
mig_23m,48.0,100.0,3.42,1.36,0.0,0.0,65.0,13.33,1.48,0.97,0.0,0.0,11.0,,,,,,MiG-23M
mig_23mld,45.0,52.0,2.48,1.28,0.52,0.26,188.0,64.19,1.82,1.52,0.07,0.05,0.0,,,,,,MiG-23MLD
f_16a_block_15_adf,44.0,77.08,5.94,5.94,0.23,0.23,129.0,61.04,2.09,1.66,0.0,0.0,5.0,,,,,,F-16A_ADF
ussr_t_80,45.0,71.67,0.0,0.0,2.42,3.23,0.0,,,,,,0.0,,,,,,T-80
la-15,45.0,43.33,3.73,6.35,0.43,0.76,44.0,57.58,2.04,1.61,0.42,0.28,0.0,,,,,,La-15
us_m4a3e2_76w_sherman_jumbo,43.0,76.52,0.0,0.0,5.41,3.83,883.0,67.81,0.03,0.0,4.71,3.49,0.0,,,,,,M4A3E2_(76)_W
i-16_type17_china,45.0,,,2.35,,0.53,0.0,,,,,,0.0,,,,,,I-16_type_17_(China)
uk_as_90_mk_2,46.0,,,1.76,,1.79,111.0,77.59,0.9,0.67,5.64,4.26,0.0,,,,,,AS90
b_26b_c,47.0,100.0,0.0,0.0,3.0,3.38,17.0,0.0,0.0,0.0,0.0,0.07,0.0,,,,,,B-26B
cn_m8_greyhound,44.0,100.0,0.0,0.0,6.18,6.42,4.0,,,0.0,,1.0,0.0,,,,,,M8_LAC_(China)
a6m5_zero,44.0,73.34,2.98,3.32,0.0,0.0,27.0,100.0,1.8,1.8,0.3,0.3,0.0,,,,,,A6M5
uk_t_90s_bheeshma,37.0,51.11,0.0,0.0,3.28,2.56,370.0,72.36,0.0,0.0,3.13,1.76,0.0,,,,,,Bhishma_TWMP
c_3604,44.0,93.33,1.23,1.31,2.91,1.8,57.0,48.0,0.8,1.33,0.52,0.8,19.0,,,,,,◌С-3604
il_merkava_mk_2b_early,47.0,64.71,0.0,0.0,2.5,3.24,209.0,64.54,0.0,0.0,3.32,3.43,0.0,,,,,,Merkava_Mk.2B
ussr_is_1_kit_3rank,44.0,,,0.0,,2.5,138.0,57.71,0.0,0.0,2.51,2.38,7.0,,,,,,ИС-1_('45)
germ_kpz_t72m1,45.0,95.0,0.0,0.0,2.4,2.07,1090.0,44.36,0.0,0.0,2.0,1.7,0.0,,,,,,◊T-72M1
p-47d_23_ra_china_rocaf,44.0,61.11,1.65,2.37,3.35,2.38,0.0,,,,,,0.0,,,,,,P-47D-23-RA_(China)
f-4j,44.0,50.0,1.3,1.54,0.5,0.1,113.0,54.02,1.42,1.6,0.12,0.15,7.0,,,,,,F-4J_Phantom_II
su_33,41.0,64.0,1.39,1.08,0.0,0.0,762.0,48.44,1.6,1.31,0.15,0.14,23.0,100.0,2.25,1.75,0.0,0.0,Су-33
jp_m4a3e8_76w_sherman,43.0,65.63,0.0,0.0,3.28,4.19,271.0,70.76,0.05,0.05,3.41,3.14,0.0,,,,,,M4A3_(76)_W
f4u-1a,47.0,87.41,1.41,1.47,1.58,1.61,77.0,50.0,0.76,1.2,1.32,2.23,0.0,,,,,,F4U-1A
firebrand_tf4,42.0,100.0,1.03,0.85,3.03,2.52,25.0,100.0,0.0,0.0,1.75,1.75,0.0,,,,,,Firebrand_TF_Mk_IV
us_m1_abrams_kvt,40.0,22.73,0.14,0.14,0.91,1.0,2004.0,56.1,0.0,0.0,3.05,2.56,0.0,,,,,,M1_KVT
fr_marder_df_105,42.0,41.67,0.0,0.0,1.03,1.4,190.0,61.56,0.0,0.0,2.26,2.37,0.0,,,,,,DF105
fr_m4a1_sherman,43.0,24.36,0.0,0.0,0.26,0.4,86.0,34.85,0.0,0.0,1.2,1.28,0.0,,,,,,M4A1
sw_strv_m31,44.0,100.0,0.0,,2.13,,0.0,,,,,,0.0,,,,,,Strv_m/31
fr_amx_30_b2,45.0,95.65,0.0,0.0,3.11,2.65,197.0,74.67,0.0,0.0,2.56,1.85,0.0,,,,,,AMX-30B2
fr_amx_30_super,48.0,100.0,0.0,0.0,3.7,1.04,612.0,66.67,0.0,0.0,3.45,2.67,0.0,,,,,,AMX-30_Super
p-51d-20_china,43.0,85.72,1.21,1.45,1.44,0.69,17.0,50.0,0.0,0.0,1.0,2.0,0.0,,,,,,P-51D-20_(China)
germ_mkpz_m48a2c,41.0,50.0,0.2,0.18,0.83,1.24,445.0,29.83,0.0,0.0,1.57,1.11,61.0,38.33,0.0,0.0,1.1,1.55,M48A2_C
sb2c_1c,43.0,100.0,0.0,,1.0,,0.0,,,,,,0.0,,,,,,SB2C-1C
germ_radpanzer_90,41.0,64.1,0.0,0.0,1.15,1.21,461.0,64.02,0.0,0.0,3.38,1.86,0.0,,,,,,Radkampfwagen_90
germ_flakpanzer_IV_Wirbelwind,40.0,97.62,1.07,7.0,0.02,1.0,676.0,42.6,1.21,1.18,0.3,0.29,0.0,,,,,,Wirbelwind
mig_23bn,39.0,50.0,0.0,0.0,5.0,5.0,53.0,50.0,0.03,0.03,2.07,4.09,0.0,,,,,,◊MiG-23BN
jp_type_3_ho_ni_I,43.0,100.0,0.0,0.0,3.57,6.67,0.0,,,,,,0.0,,,,,,Ho-Ni_I
germ_marder_df_105,42.0,0.0,0.0,0.0,6.0,5.65,211.0,61.94,0.0,0.0,4.36,2.23,90.0,60.11,0.0,0.0,1.77,1.79,DF105
fr_amx_elc_901,44.0,54.55,0.0,0.0,1.34,1.2,152.0,95.83,0.0,0.0,9.92,2.32,0.0,,,,,,ELC_901
ussr_t_72b3_arena_m,41.0,66.67,0.0,0.0,1.29,1.96,643.0,53.56,0.0,0.0,1.53,1.59,7.0,,,0.0,,0.0,Т-72Б3А
f-105d,40.0,86.36,0.04,0.07,2.33,2.48,55.0,11.76,0.0,0.0,5.46,3.69,3.0,,,,,,F-105D
ussr_t_80ue1,44.0,43.75,0.0,0.0,2.69,2.75,2779.0,45.5,0.0,0.0,1.65,1.39,1.0,,,0.0,,0.0,Т-80U-Е1
saab_t18b_2,41.0,,,2.61,,2.09,0.0,,,,,,0.0,,,,,,T18B_(57)
us_m42_duster,39.0,50.0,0.59,0.91,0.82,1.0,317.0,56.27,0.28,0.18,1.37,0.89,0.0,,,,,,M42
bv-155b-1,42.0,68.75,1.08,1.48,0.27,0.59,0.0,,,,,,0.0,,,,,,BV_155_B-1
su-2_tss1,40.0,100.0,1.22,0.83,17.7,11.91,19.0,,,,,,0.0,,,,,,Su-2_TSS-1
sw_ikv_73,39.0,,,0.0,,4.62,19.0,,,0.0,,2.92,0.0,,,,,,Ikv_73
cn_wz_305,38.0,100.0,7.62,,2.0,,335.0,63.8,0.92,0.51,2.65,1.4,0.0,,,,,,WZ305
beaufighter_mkx,39.0,100.0,1.0,2.25,6.0,4.04,16.0,,,0.0,,3.0,0.0,,,,,,Beaufighter_Mk_X
su_22m4,38.0,50.0,0.58,0.95,2.03,3.13,12.0,,,,,,0.0,,,,,,◊Su-22M4
cn_al_khalid_1,38.0,50.0,0.0,0.0,2.08,2.08,986.0,57.84,0.0,0.0,1.85,1.51,0.0,,,,,,Al-Khalid-I
mig_3_series_1_15_bk_pod,41.0,100.0,1.38,1.25,0.19,0.19,0.0,,,,,,0.0,,,,,,MiG-3-15_(BK)
ussr_2s19_m1,41.0,61.11,0.0,0.0,0.97,1.05,122.0,33.06,0.0,0.0,0.89,0.82,0.0,,,,,,2С19М1
mb_326k,39.0,,,14.0,,0.0,383.0,85.54,2.25,2.06,2.95,2.86,0.0,,,,,,MB-326K
cn_m4a4_sherman_1st_ptg,39.0,90.28,0.0,0.0,5.29,5.35,41.0,79.55,0.0,0.0,2.4,2.39,0.0,,,,,,M4A4_(1st_PTG)_(China)
uk_a_43_black_prince,39.0,100.0,0.0,0.0,4.0,4.0,34.0,80.95,0.0,0.0,5.16,3.56,0.0,,,,,,Black_Prince
sw_bkan_1c,36.0,50.0,1.5,1.85,1.0,1.23,311.0,39.48,0.07,0.05,1.59,1.46,0.0,,,,,,Bkan_1C
ussr_m53_59,39.0,68.42,2.37,2.86,0.0,0.0,620.0,45.6,0.53,0.5,0.57,0.52,0.0,,,,,,M53/59
germ_flakpanzer_IV_Kugelblitz,38.0,100.0,3.0,1.38,1.0,0.19,319.0,48.74,0.91,1.12,0.72,0.87,0.0,,,,,,Kugelblitz
p-39n_su,38.0,50.0,2.23,4.46,0.0,0.0,0.0,,,,,,0.0,,,,,,Pokryshkin's_P-39N-0
bf-110g-2,39.0,100.0,2.0,1.27,3.5,2.19,13.0,,,1.0,,1.38,0.0,,,,,,Bf_110_G-2
bf-109f-1,36.0,100.0,2.67,1.31,3.0,0.56,34.0,,,2.11,,0.0,0.0,,,,,,Bf_109_F-1
cn_m1a2t,39.0,96.3,0.0,0.0,5.56,5.23,294.0,71.93,0.0,0.0,5.18,2.55,0.0,,,,,,M1A2T
us_m4_t26,42.0,75.0,0.16,0.3,5.83,2.48,300.0,55.95,0.0,0.0,1.76,1.39,21.0,,,0.0,,2.0,M4/T26
cn_mbt2000,40.0,50.0,0.0,0.0,2.08,2.81,313.0,50.98,0.0,0.0,2.25,1.49,19.0,,,0.0,,1.0,MBT-2000
uk_ram_90mm_aa,34.0,100.0,0.0,0.0,8.71,3.15,99.0,73.58,0.0,0.0,4.29,4.46,4.0,100.0,0.0,0.0,2.0,2.0,QF_3.7_Ram
p-39n,38.0,68.33,2.23,3.41,0.13,0.24,18.0,0.0,2.0,0.89,2.0,1.11,0.0,,,,,,P-39N-0
bf-110f-2,37.0,100.0,2.87,2.72,2.47,2.72,0.0,,,,,,0.0,,,,,,Bf_110_F-2
il_magach_6b_gal_batash,40.0,52.63,0.0,0.0,1.65,1.65,77.0,93.18,0.0,0.0,5.11,4.02,0.0,,,,,,Gal_Batash
germ_pzkpfw_38t_ausf_A,37.0,100.0,0.0,,1.77,,0.0,,,,,,0.0,,,,,,Pz.38(t)_A
jp_type_3_chi_nu,38.0,76.32,0.0,0.0,2.82,3.53,84.0,,,0.0,,2.93,0.0,,,,,,Chi-Nu
us_m60_120s,40.0,100.0,0.0,0.0,2.0,2.0,333.0,51.99,0.0,0.0,2.6,2.63,0.0,,,,,,120S
cn_ztz_96b,36.0,50.0,0.0,0.0,0.94,0.94,379.0,62.3,0.0,0.0,2.09,2.14,0.0,,,,,,ZTZ96B
cn_type_64,38.0,53.57,0.0,0.0,1.39,2.28,49.0,100.0,0.0,0.0,6.0,4.09,0.0,,,,,,M64
us_m26_t99,38.0,100.0,0.0,0.0,9.0,8.46,34.0,100.0,0.0,0.0,3.14,3.23,0.0,,,,,,M26_T99
germ_pzkpfw_VI_ausf_h1_tiger_animal_version,34.0,100.0,0.0,0.0,4.38,11.0,38.0,100.0,0.0,0.0,7.65,7.65,0.0,,,,,,␠Tiger
ki_44_1_ep,36.0,100.0,3.33,1.77,0.0,0.0,26.0,,,0.35,,0.0,0.0,,,,,,Ki-44-I_34
cn_m8_scott,38.0,100.0,0.0,0.0,2.73,3.21,4.0,,,0.0,,1.0,0.0,,,,,,M8_HMC_(China)
cn_t_34_85_zis_53_no215,33.0,100.0,0.0,0.0,3.61,3.49,1.0,100.0,0.0,0.0,6.0,6.0,0.0,,,,,,T-34-85_No.215
il_magach_7c,39.0,52.63,0.0,0.0,1.2,1.22,31.0,100.0,0.0,0.0,3.82,3.64,0.0,,,,,,Magach_7C
p-63a-5_ussr,35.0,50.0,1.77,1.67,0.54,0.47,209.0,64.72,1.98,1.41,3.06,2.19,0.0,,,,,,P-63A-5
germ_m44,38.0,100.0,0.0,0.0,3.1,3.3,85.0,50.72,0.0,0.0,0.77,0.73,0.0,,,,,,M44
ussr_is_3,39.0,63.33,0.5,1.0,2.1,3.92,218.0,48.81,0.0,0.0,2.85,2.3,0.0,,,,,,IS-3
fw-190f-8,39.0,100.0,5.25,3.78,2.5,1.78,102.0,42.26,0.89,0.84,1.81,1.78,13.0,,,1.31,,1.31,Fw_190_F-8
f4u-4,37.0,100.0,3.75,2.14,0.0,0.04,283.0,57.84,0.27,0.19,1.43,0.99,0.0,,,,,,F4U-4
f-82e,38.0,100.0,1.94,1.95,0.0,0.0,81.0,50.0,0.3,0.24,1.07,1.0,0.0,,,,,,F-82E
il_m_51_w,36.0,100.0,0.0,0.0,2.0,1.31,199.0,58.45,0.0,0.0,3.96,1.98,0.0,,,,,,M-51_(W)
p-38l,37.0,100.0,1.0,0.47,0.0,0.0,8.0,,,,,,0.0,,,,,,P-38L-5-LO
germ_leopard_1a5,36.0,94.45,0.0,0.0,1.78,1.02,1498.0,43.43,0.0,0.0,1.51,1.25,29.0,50.0,0.0,0.0,2.26,2.21,Leopard_1A5
jp_type_74,36.0,0.0,0.0,0.0,1.21,1.12,545.0,51.41,0.0,0.0,2.23,1.84,0.0,,,,,,Type_74_(E)
jp_type_98_ke_ni,39.0,100.0,0.0,0.0,4.16,8.94,24.0,40.0,0.0,0.0,1.63,2.94,0.0,,,,,,Ke-Ni
bf-109g-2,34.0,96.15,4.23,5.28,1.85,1.33,86.0,90.0,1.43,1.67,0.87,1.15,0.0,,,,,,Bf_109_G-2/trop
sb_2m_105,35.0,50.0,0.0,0.0,2.5,1.73,0.0,,,,,,0.0,,,,,,SB_2M-105
ussr_zsu_23_4m4,40.0,27.08,2.58,2.75,0.59,0.61,380.0,32.63,0.75,0.48,0.03,0.03,0.0,,,,,,ZSU-23-4M4
ussr_bmpt_72,42.0,60.0,0.0,0.0,3.4,3.42,1236.0,52.45,0.0,0.0,1.68,1.29,0.0,,,,,,БМПТ-72
f_14b,37.0,0.0,1.0,1.0,0.0,0.0,198.0,48.09,1.15,1.27,0.13,0.15,20.0,,,,,,F-14B
pe-8_m82,36.0,100.0,0.0,0.0,1.47,1.32,25.0,100.0,0.0,0.0,0.0,0.0,0.0,,,,,,Pe-8
fw-190a-8,34.0,100.0,2.8,1.91,6.0,1.48,15.0,,,,,,0.0,,,,,,Fw_190_A-8
cn_ztz_96,34.0,,,0.0,,2.5,504.0,62.91,0.0,0.0,3.72,2.64,0.0,,,,,,ZTZ96
uk_challenger_1,37.0,91.67,0.83,0.15,5.67,2.73,464.0,45.64,0.0,0.0,2.56,1.54,0.0,,,,,,Challenger_Mk.2
uk_chieftain_mk_5,37.0,100.0,0.0,0.0,4.0,3.44,72.0,100.0,0.0,0.0,5.38,3.66,0.0,,,,,,Chieftain_Mk_5
fw-190a-5_cannons,35.0,100.0,3.42,2.98,2.08,0.86,0.0,,,,,,0.0,,,,,,Fw_190_A-5
fr_amx_30,32.0,20.0,0.0,0.0,1.9,1.25,9.0,66.67,0.0,0.0,0.7,1.0,0.0,,,,,,AMX-30
cn_t_26_1940,35.0,100.0,0.0,0.0,4.53,5.2,0.0,,,,,,0.0,,,,,,T-26_(China)
us_lav_ad,32.0,46.67,1.6,3.0,0.53,1.0,976.0,49.86,0.2,0.17,0.68,0.59,0.0,,,,,,LAV-AD
a_10a_late,33.0,100.0,2.91,2.3,6.95,5.24,283.0,80.7,0.76,0.87,4.62,3.95,11.0,0.0,0.0,0.0,3.0,1.58,A-10A_Late
f4f-3,33.0,,,0.83,,2.56,0.0,,,,,,0.0,,,,,,F4F-3
germ_thyssen_henschel_tam_2ip,33.0,100.0,0.0,0.0,4.38,2.4,1689.0,44.18,0.0,0.0,1.83,1.41,0.0,,,,,,TAM_2IP
f9f-8,28.0,32.38,1.67,1.73,0.0,0.0,99.0,58.78,0.98,1.07,0.39,0.48,0.0,,,,,,F9F-8
il_merkava_mk_1b,36.0,56.67,0.0,0.0,2.53,2.47,205.0,63.44,0.0,0.0,1.97,2.35,0.0,,,,,,Merkava_Mk.1B
p-36c,34.0,,,1.3,,0.0,0.0,,,,,,0.0,,,,,,P-36C
ussr_t_64a_1971,33.0,0.0,0.0,0.0,1.6,1.06,832.0,46.51,0.0,0.0,2.32,1.9,42.0,93.33,0.0,0.0,5.13,4.35,T-64A_(1971)
p-51c-10-nt,33.0,,,3.8,,0.0,51.0,66.67,0.64,1.48,0.54,0.96,0.0,,,,,,P-51C-10
jp_m41_walker_bulldog,36.0,,,0.0,,0.2,451.0,46.39,0.07,0.07,2.36,2.58,0.0,,,,,,M41A1
f_16a_block_20_mlu,32.0,100.0,6.71,6.71,3.0,3.0,14.0,0.0,0.0,0.0,0.0,0.0,0.0,,,,,,F-16A_MLU_(China)
fr_panhard_ebr_1954,35.0,70.45,0.0,0.0,2.3,2.3,66.0,85.9,0.0,0.0,5.49,5.08,0.0,,,,,,E.B.R._(1954)
btd-1,32.0,,,1.0,,3.48,3.0,100.0,0.0,,2.0,,0.0,,,,,,BTD-1
sw_pvkv_m43_1946,32.0,,,,,,71.0,45.0,0.0,0.0,1.55,0.86,0.0,,,,,,Pvkv_m/43_(1946)
uk_concept3_ngac,32.0,50.0,0.0,0.0,0.5,0.5,126.0,76.79,0.0,0.0,2.64,1.74,0.0,,,,,,Concept_3
us_m4a3e2_sherman_jumbo,36.0,17.86,0.18,0.15,0.0,0.0,295.0,47.07,0.0,0.0,3.05,2.12,0.0,,,,,,M4A3E2
saab_b18b,31.0,100.0,0.0,,6.69,,14.0,100.0,0.0,0.0,1.0,1.0,0.0,,,,,,B18B
us_m247,30.0,68.18,4.55,7.5,1.36,1.67,262.0,46.06,1.48,1.01,0.16,0.11,0.0,,,,,,M247
us_rdf_lt,32.0,100.0,1.0,0.0,3.0,2.0,454.0,61.7,0.07,0.06,2.34,1.45,0.0,,,,,,RDF/LT
douglas_ad_4_france,32.0,91.67,1.75,1.34,0.67,1.55,28.0,90.0,0.59,0.88,2.71,4.29,0.0,,,,,,AD-4
spitfire_ix_early,32.0,92.16,7.86,6.7,0.16,0.2,261.0,72.09,2.09,2.24,1.18,1.29,0.0,,,,,,Spitfire_F_Mk_IX
mig-21_bis,32.0,50.0,2.5,1.3,1.0,0.3,10.0,100.0,0.0,0.0,0.0,0.0,0.0,,,,,,MiG-21bis
p-51k,32.0,85.0,1.3,1.43,0.0,0.0,0.0,,,,,,0.0,,,,,,P-51K_(China)
cn_ztz_99_w,31.0,13.33,0.0,0.0,1.27,1.13,193.0,58.84,0.0,0.0,2.16,1.86,0.0,,,,,,ZTZ99-III
germ_panzerjager_tiger_P_elefant,31.0,100.0,0.0,0.0,6.0,6.23,28.0,,,0.0,,6.83,0.0,,,,,,Elefant
sw_strv_m42_eh,29.0,,,0.0,,7.0,126.0,32.78,0.0,0.0,2.17,1.33,0.0,,,,,,Strv_m/42_EH
yak-1b_luftwaffe,30.0,100.0,4.0,2.16,0.63,0.11,37.0,53.33,2.3,3.87,0.58,1.07,0.0,,,,,,Yak-1B
ussr_su_5_1,29.0,26.32,0.0,0.0,1.79,2.63,0.0,,,,,,0.0,,,,,,SU-5-1
f4u-1a_usmc,33.0,80.43,1.89,1.9,0.8,0.81,11.0,,,,,,0.0,,,,,,F4U-1A_(USMC)
vg_33,30.0,100.0,4.08,3.92,0.0,0.0,0.0,,,,,,0.0,,,,,,V.G.33C-1
spitfire_ix_usa,30.0,,,1.33,,0.0,182.0,63.8,1.09,1.77,1.09,1.69,12.0,,,,,,Spitfire_LF_Mk_IXc
us_t92,31.0,61.54,0.21,0.21,0.85,1.0,526.0,50.07,0.0,0.0,1.23,0.93,0.0,,,,,,T92
sw_strv_101,31.0,0.0,0.0,0.0,1.08,1.03,310.0,42.0,0.0,0.0,1.48,1.22,0.0,,,,,,Strv_101
ussr_2s38,32.0,50.0,0.78,1.48,0.59,1.44,1899.0,53.81,0.09,0.09,1.17,0.94,17.0,,,0.0,,0.0,2S38
germ_leopard_2a5_pso,31.0,77.78,0.0,0.0,1.96,2.1,745.0,46.95,0.0,0.0,1.99,1.73,0.0,,,,,,Leopard_2_PSO
il_2_m82,30.0,100.0,1.47,1.47,2.53,2.53,26.0,15.63,1.0,0.91,1.13,0.98,0.0,,,,,,IL-2_M-82
it_as_42_47,30.0,,,0.0,,1.81,0.0,,,,,,0.0,,,,,,AS_42/47
sw_leopard_2a6nl,30.0,100.0,0.0,0.0,2.68,3.82,53.0,1.39,0.0,0.0,2.38,1.27,0.0,,,,,,Leopard_2A6
mosquito_tr_mk33,30.0,100.0,0.94,1.0,1.31,1.12,0.0,,,,,,0.0,,,,,,Mosquito_TR.Mk.33
sm_92,30.0,,,1.34,,0.72,17.0,,,1.0,,3.0,0.0,,,,,,SM.92
sw_pbil_m40,32.0,100.0,0.0,0.0,3.67,1.39,0.0,,,,,,0.0,,,,,,Pbil_m/40
il-2i,29.0,60.53,0.5,0.45,5.63,5.48,32.0,86.11,0.28,0.22,1.72,1.33,15.0,,,0.0,,1.0,IL-2_(1942)
mosquito_nf_mk2,30.0,100.0,2.67,2.31,0.0,0.0,0.0,,,,,,0.0,,,,,,Mosquito_NF.Mk.II
yak-9b,27.0,100.0,2.5,1.33,6.0,1.92,2.0,,,1.0,,0.0,0.0,,,,,,Yak-9B
it_stug_III_ausf_G,30.0,100.0,0.0,0.0,1.63,1.63,38.0,100.0,0.0,0.0,3.62,3.52,0.0,,,,,,StuG_III_G
f6f-5_france,30.0,84.62,1.31,1.27,2.69,2.23,110.0,76.28,1.43,1.06,3.92,2.87,0.0,,,,,,F6F-5
germ_panzerjager_nashorn,29.0,0.0,0.0,0.0,1.08,2.0,12.0,0.0,0.0,0.0,3.0,1.2,0.0,,,,,,Nashorn
ussr_is_2_1943,31.0,14.7,0.0,0.0,2.75,3.09,648.0,51.15,0.0,0.0,1.89,1.69,0.0,,,,,,IS-2
ki-49_2b,28.0,62.5,0.0,0.0,0.44,0.44,0.0,,,,,,0.0,,,,,,Ki-49-IIb
uk_a27m_cromwell_5_rp3,32.0,100.0,0.0,0.0,10.15,17.75,3.0,,,0.0,,2.0,0.0,,,,,,Cromwell_V_(RP-3)
sw_strv_122b_plss,34.0,100.0,0.0,0.0,6.02,8.13,182.0,43.27,0.0,0.0,3.62,2.58,0.0,,,,,,Strv_122B_PLSS
ussr_t_26_1940,26.0,73.68,0.0,0.0,2.87,4.05,0.0,,,,,,0.0,,,,,,T-26
do_217e_2,31.0,100.0,0.0,0.0,8.17,4.26,8.0,,,0.0,,1.0,0.0,,,,,,Do_217_E-2
il_2_1941,29.0,100.0,2.6,1.86,3.2,3.1,6.0,,,,,,0.0,,,,,,IL-2_(1941)
it_p_26_40,28.0,80.43,0.0,0.0,2.09,2.86,151.0,65.0,0.0,0.0,7.68,11.82,0.0,,,,,,"P40_""G.C._Leoncello"""
f_15c_golden_eagle,30.0,58.33,4.05,4.57,0.14,0.18,738.0,54.95,1.94,2.39,0.04,0.08,0.0,,,,,,F-15C_Golden_Eagle
f4u-4b,27.0,100.0,3.0,3.0,0.0,0.0,403.0,80.26,0.83,0.79,2.75,2.6,5.0,,,,,,F4U-4B
uk_a27m_cromwell_5,32.0,65.63,0.0,0.0,3.27,4.56,20.0,,,0.0,,2.08,0.0,,,,,,Cromwell_V
cn_ztz_99,26.0,50.0,0.0,0.0,1.07,1.22,164.0,64.95,0.0,0.0,1.77,1.52,0.0,,,,,,ZTZ99-II
ussr_smk,27.0,73.08,0.0,0.0,0.92,1.38,5.0,,,,,,0.0,,,,,,SMK
uk_fv107_scimitar,28.0,100.0,0.0,0.0,0.0,0.46,119.0,67.3,0.0,0.0,1.47,1.64,0.0,,,,,,Scimitar
sw_ikv_103,28.0,51.75,0.0,0.0,0.57,0.92,106.0,49.05,0.0,0.0,0.67,0.7,0.0,,,,,,Ikv_103
ussr_zsu_23_4,30.0,0.0,0.33,0.15,0.0,0.0,189.0,14.53,0.11,0.12,0.01,0.02,0.0,,,,,,ZSU-23-4
tu-2_postwar_late,29.0,31.25,0.0,0.0,1.31,1.31,106.0,82.21,0.59,0.71,4.1,4.97,0.0,,,,,,Tu-2S-59
beaufighter_mk21,27.0,100.0,1.3,1.11,5.7,5.15,7.0,,,,,,0.0,,,,,,Beaufighter_Mk_21
typhoon_mk1b_late,28.0,71.43,3.0,3.5,1.3,1.5,195.0,77.61,2.03,2.51,2.0,2.22,10.0,,,,,,Typhoon_Mk_Ib/L
il-2m_mstitel,25.0,100.0,0.9,0.64,6.1,6.74,3.0,100.0,1.0,1.0,3.0,3.0,0.0,,,,,,"IL-2M_""Avenger"""
a_6e_tram,26.0,95.83,1.0,1.0,1.88,1.88,127.0,47.02,0.22,0.33,3.27,4.23,8.0,50.0,0.0,0.0,1.0,2.0,A-6E_TRAM
he_100d_1,26.0,100.0,8.0,,0.0,,0.0,,,,,,0.0,,,,,,He_100_D-1
pe-3_early,30.0,100.0,0.74,0.91,2.21,2.36,9.0,,,,,,0.0,,,,,,Pe-3_(e)
cn_tor_m1,26.0,46.43,1.46,2.79,0.0,0.0,54.0,100.0,2.0,2.0,0.0,0.0,0.0,,,,,,Tor-M1
cn_ztl_11,28.0,,,0.0,,1.43,136.0,49.52,0.0,0.0,1.53,1.27,0.0,,,,,,ZLT11
ussr_is_4m,29.0,,,0.0,,3.15,131.0,50.0,0.0,0.0,2.23,3.28,0.0,,,,,,IS-4M
germ_flakpanzer_IV_Ostwind_2_net,26.0,100.0,3.86,,0.43,,220.0,25.28,1.02,0.87,0.0,0.0,0.0,,,,,,Ostwind_Ost
it_2s1,29.0,,,0.0,,1.62,78.0,70.18,0.0,0.0,0.41,0.52,0.0,,,,,,◔2S1
germ_sturmpanzer_IV_brummbar,27.0,100.0,0.0,0.0,3.0,2.67,31.0,100.0,0.0,0.0,2.0,1.0,0.0,,,,,,Brummbär
bf-109g-2_finland,28.0,,,,,,32.0,100.0,1.79,1.55,1.32,0.95,0.0,,,,,,Bf_109_G-2
firefly_mk4_netherlands,29.0,100.0,3.08,2.28,2.62,2.07,20.0,50.0,0.2,0.4,0.43,0.85,0.0,,,,,,◘Firefly_F.Mk.IV
us_m44,30.0,45.45,0.0,0.0,1.0,1.0,100.0,0.0,0.0,0.0,4.81,2.35,0.0,,,,,,M44
fr_m4a3_105_sherman,28.0,50.0,0.0,0.0,1.0,1.3,55.0,,,0.0,,3.71,0.0,,,,,,M4A3_(105)
us_m19,28.0,100.0,1.0,0.25,1.67,1.15,66.0,0.0,0.0,0.03,0.0,0.57,0.0,,,,,,M19A1
sw_tgdgb_m40_lv,27.0,,,1.0,,0.0,34.0,0.0,0.35,0.27,2.95,2.73,0.0,,,,,,Lvtdgb_m/40
ussr_2s19_m2,28.0,50.0,0.0,0.0,0.5,0.5,70.0,27.63,0.0,0.0,1.49,0.98,0.0,,,,,,2С19М2
uk_a30_sp_avenger,27.0,,,,,,169.0,79.2,0.0,0.0,4.63,3.49,0.0,,,,,,Avenger
pv_2d,26.0,50.0,0.5,0.5,3.5,3.5,138.0,42.87,0.8,0.84,3.37,3.56,7.0,,,1.0,,1.0,PV-2D
pe-3_bis,28.0,87.72,0.99,1.53,4.71,6.87,13.0,,,,,,0.0,,,,,,Pe-3bis
me-410a-1,27.0,100.0,0.18,0.17,7.55,5.46,38.0,46.15,0.0,0.0,0.67,1.12,0.0,,,,,,Me_410_A-1
bf-109k-4,25.0,100.0,4.69,4.75,0.0,0.0,135.0,51.35,4.17,2.5,1.37,0.84,0.0,,,,,,Bf_109_K-4
uk_chieftain_mk_3,29.0,100.0,0.0,0.0,4.79,2.82,107.0,26.67,0.0,0.0,2.38,3.72,0.0,,,,,,Chieftain_Mk_3
bf-109g-6_erla_finland,28.0,,,1.0,,0.0,65.0,77.98,1.58,2.12,0.5,0.58,0.0,,,,,,Bf_109_G-6_Erla
j7w1,26.0,,,1.91,,0.0,338.0,68.63,0.96,0.93,2.4,2.29,0.0,,,,,,J7W1
ussr_kv_2_1939,27.0,100.0,0.0,0.0,6.0,3.74,82.0,80.56,0.0,0.0,3.99,3.05,0.0,,,,,,KV-2_(1939)
su_25,28.0,100.0,1.0,1.0,1.0,1.71,291.0,51.04,0.63,0.57,1.16,1.12,30.0,,,0.0,,0.0,Su-25
f_15a,27.0,0.0,1.0,1.12,2.0,1.0,124.0,48.94,1.35,1.24,0.02,0.02,0.0,,,,,,F-15A
uk_a30_challenger,25.0,51.85,0.0,0.0,1.66,3.5,115.0,52.22,0.0,0.0,1.76,1.61,0.0,,,,,,Challenger
spitfire_fr_mk14e_belgium,26.0,100.0,1.33,1.41,0.0,0.0,27.0,,,1.0,,0.0,0.0,,,,,,Spitfire_FR_Mk_XIVe
ussr_su_100_1945,29.0,64.44,0.0,0.0,1.23,1.88,193.0,48.28,0.0,0.0,1.79,1.19,0.0,,,,,,SU-100
cn_hq_17,28.0,41.67,0.69,1.0,0.0,0.0,33.0,,,,,,0.0,,,,,,HQ17
tbf-1c,27.0,,,0.0,,2.17,0.0,,,,,,0.0,,,,,,TBF-1C
mig-17_cuba,25.0,100.0,9.0,9.0,6.0,6.0,5.0,,,2.0,,0.0,0.0,,,,,,MiG-17AS
q_5a,25.0,100.0,4.0,,9.58,,10.0,55.0,0.0,0.0,0.55,1.0,0.0,,,,,,Q-5A
he_115a_2_sweden,28.0,100.0,0.0,0.0,13.5,14.73,0.0,,,,,,0.0,,,,,,T_2
av_8b_na,30.0,50.0,1.0,0.11,6.0,0.67,60.0,50.0,0.0,0.0,1.11,0.94,35.0,,,,,,AV-8B_(NA)
do_217e_4,26.0,100.0,0.0,0.0,6.23,6.23,0.0,,,,,,0.0,,,,,,Do_217_E-4
spitfire_xvi,26.0,80.0,2.8,3.5,1.0,1.3,0.0,,,,,,0.0,,,,,,Spitfire_F_Mk_XVI
us_m3_stuart,27.0,,,0.0,,3.67,0.0,,,,,,0.0,,,,,,M3_Stuart
p-63c-5_ussr,26.0,50.0,1.96,1.96,0.0,0.0,33.0,100.0,1.89,0.71,4.44,2.29,0.0,,,,,,P-63C-5
bb-1,25.0,100.0,2.15,3.0,7.31,15.2,14.0,100.0,0.0,0.0,2.67,2.67,0.0,,,,,,BB-1
f-100d_france,26.0,50.0,0.83,1.0,0.0,0.0,0.0,,,,,,0.0,,,,,,F-100D
sb2c_5_thailand,27.0,100.0,0.33,0.31,2.17,2.08,84.0,55.36,1.38,1.67,5.28,6.2,0.0,,,,,,SB2C-5
su_25t,25.0,,,0.12,,0.52,213.0,66.99,0.32,0.4,4.29,4.91,8.0,,,1.0,,2.71,Su-25T
il_tcm_20,26.0,,,,,,13.0,0.0,0.0,0.0,0.0,0.0,0.0,,,,,,TCM-20
uk_vickers_mk_11,26.0,100.0,0.0,0.0,1.0,1.0,217.0,85.38,0.0,0.0,3.08,1.82,0.0,,,,,,Vickers_Mk.11
sw_landsverk_ush_405,23.0,50.0,0.0,0.0,1.0,0.27,341.0,55.86,0.0,0.0,2.73,2.06,0.0,,,,,,U-SH_405
sw_pvkv_m43_1963,25.0,0.0,0.0,0.0,1.0,0.36,113.0,65.0,0.0,0.0,0.82,1.04,0.0,,,,,,Pvkv_m/43_(1963)
cn_m41_a3_walker_bulldog,26.0,50.0,0.0,0.0,0.46,0.92,75.0,37.65,0.0,0.0,2.16,2.82,0.0,,,,,,M41A3_(China)
us_m26_pershing,28.0,97.44,0.0,0.0,2.21,2.31,123.0,47.02,0.0,0.0,2.95,1.97,92.0,90.0,0.0,0.0,4.77,3.27,M26
f_111f,25.0,60.0,0.4,0.22,6.2,4.58,39.0,57.02,1.72,4.0,1.53,2.88,0.0,,,,,,F-111F
ki_10_1,26.0,,,,,,0.0,,,,,,0.0,,,,,,Ki-10-I
ussr_kv_7_u13,24.0,75.0,0.0,0.0,4.45,4.45,42.0,14.71,0.0,0.0,5.21,4.89,0.0,,,,,,KV-7_(U-13)
ju-88c-6,23.0,,,1.0,,1.0,0.0,,,,,,0.0,,,,,,Ju_88_C-6
us_m18_hellcat_black_cat,24.0,100.0,0.0,0.0,4.69,6.44,1075.0,77.37,0.0,0.0,3.02,2.75,0.0,,,,,,"M18_""Black_Cat"""
he_112b_0,25.0,,,1.0,,0.0,0.0,,,,,,0.0,,,,,,He_112_B-0
us_m6a2e1,22.0,100.0,1.0,1.0,8.55,8.55,67.0,50.0,0.0,0.0,4.72,4.72,0.0,,,,,,M6A2E1
me_210ca_1_hungary,23.0,100.0,3.0,3.0,2.0,2.0,17.0,100.0,5.78,,1.78,,0.0,,,,,,◔Me_210_Ca-1
us_m4a2_1944_germ,24.0,100.0,0.0,0.0,10.0,5.0,0.0,,,,,,0.0,,,,,,M4_748_(a)
re_2001_serie1_ep,23.0,100.0,3.09,3.09,0.09,0.09,0.0,,,,,,0.0,,,,,,Re.2001_gruppo_22
mc-202_d,23.0,,,,,,0.0,,,,,,0.0,,,,,,C._202D
fw_190a_5_u14,23.0,100.0,5.0,3.29,0.0,0.0,0.0,,,,,,0.0,,,,,,Fw_190_A-5/U14
uk_challenger_2_megatron,26.0,,,0.0,,6.0,1043.0,53.95,0.0,0.0,2.34,1.79,0.0,,,,,,Challenger_2_OES
germ_pzkpfw_III_ausf_E,22.0,57.14,0.41,0.44,4.93,5.13,0.0,,,,,,0.0,,,,,,Pz.III_E
ussr_kv_2_zis_6,27.0,90.91,0.0,0.0,4.18,4.0,53.0,47.22,0.0,0.0,2.58,2.74,0.0,,,,,,KV-2_(ZiS-6)
cn_pgz_625_fb10,27.0,46.15,1.62,2.5,0.0,0.0,34.0,50.0,0.33,0.2,0.5,0.37,0.0,,,,,,CS/SA5
bf-109g-10,24.0,100.0,1.1,0.4,0.4,2.0,3.0,0.0,1.0,1.0,0.0,0.0,15.0,,,1.2,,0.0,Bf_109_G-10
i-16_type24,22.0,100.0,4.0,2.0,0.0,0.0,0.0,,,,,,0.0,,,,,,I-16_type_24
germ_kv_2_754r,24.0,76.92,0.0,0.0,1.96,4.5,49.0,0.0,0.0,0.0,8.67,3.95,0.0,,,,,,KW_II_754_(r)
cn_t_80ud_478be,24.0,50.0,0.0,0.0,1.5,1.5,70.0,70.83,0.0,0.0,1.42,1.1,2.0,,,,,,T-80UD/BE
p-51b_7_sweden,25.0,,,1.75,,0.0,51.0,100.0,1.08,0.84,0.88,0.78,0.0,,,,,,J26_David
p-51d-30_usaaf_korea,24.0,100.0,2.6,2.65,0.15,0.13,90.0,55.99,1.13,1.56,0.83,1.3,102.0,84.38,12.0,3.29,0.0,0.0,P-51D-30
ussr_object_140,23.0,23.33,0.0,0.0,1.7,1.7,206.0,52.48,0.0,0.0,2.85,2.38,0.0,,,,,,Object_140
cn_zts_63_1980,21.0,50.0,0.0,0.0,2.0,1.3,62.0,53.33,0.0,0.0,1.22,1.54,13.0,,,0.0,,0.0,ZTS63
jp_m44,25.0,100.0,0.0,0.0,1.32,1.32,96.0,38.89,0.0,0.0,0.89,0.95,0.0,,,,,,M44
ussr_isu_122s,23.0,20.59,0.0,0.0,1.0,1.41,38.0,100.0,0.0,0.0,2.0,1.5,0.0,,,,,,ISU-122S
i-153_m62_china,23.0,100.0,4.13,4.09,2.0,2.0,0.0,,,,,,0.0,,,,,,I-153_M-62_(China)
me-262a-1a,22.0,100.0,4.0,,0.0,,44.0,50.0,0.5,0.7,0.0,0.0,0.0,,,,,,Me_262_A-1a
cw_21,23.0,100.0,2.0,2.0,1.0,1.0,0.0,,,,,,0.0,,,,,,CW-21
h-75m_china,23.0,100.0,3.09,3.09,0.0,0.0,3.0,,,1.0,,0.0,0.0,,,,,,H-75M_(China)
il-10,23.0,50.0,0.5,1.16,1.83,3.53,16.0,,,0.0,,0.0,0.0,,,,,,IL-10
ki_43_3_ko,23.0,100.0,3.0,3.0,0.0,0.0,0.0,,,,,,0.0,,,,,,Ki-43-III_ko_(China)
p-38j_marge,23.0,100.0,1.0,1.46,1.0,1.46,9.0,100.0,2.0,,1.0,,0.0,,,,,,Bong's_P-38J-15
fa_18a_hug_2_raaf,25.0,53.57,1.61,3.0,0.0,0.0,0.0,,,,,,0.0,,,,,,AF/A-18A_Late
us_m1_abrams,24.0,100.0,0.0,0.0,1.95,1.95,1739.0,53.44,0.0,0.0,2.39,1.88,0.0,,,,,,M1_Abrams
wm_23,22.0,,,1.21,,0.0,23.0,100.0,2.0,1.91,1.0,0.89,0.0,,,,,,◔WM-23
a6m3_mod22_zero,24.0,,,2.0,,0.0,0.0,,,,,,0.0,,,,,,A6M3_mod._22
a6m2_zero,23.0,,,5.0,,0.0,0.0,,,,,,5.0,,,,,,A6M2
us_m4a3e2_sherman_jumbo_cobra_king,21.0,,,0.0,,1.04,173.0,62.74,0.0,0.0,2.97,2.38,0.0,,,,,,Cobra_King
uk_a_22f_mk_7_churchill_1944,25.0,18.75,0.0,0.0,3.31,4.36,120.0,85.98,0.0,0.0,4.71,3.66,0.0,,,,,,Churchill_VII
p-63a-5,23.0,54.17,0.96,1.13,0.1,0.19,3.0,,,,,,0.0,,,,,,P-63A-5
il_aml_90,24.0,,,0.0,,0.64,172.0,54.28,0.0,0.0,1.28,0.89,0.0,,,,,,AML-90_(Israel)
b_25j_1,22.0,,,,,,0.0,,,,,,0.0,,,,,,B-25J-1
ju-88a-4_finland,23.0,0.0,0.0,0.0,1.26,1.26,0.0,,,,,,0.0,,,,,,Ju_88_A-4
leo_451_late,22.0,50.0,0.5,0.5,6.23,6.23,0.0,,,,,,0.0,,,,,,LeO_451_late
f-89b,22.0,100.0,12.0,12.0,0.0,0.0,101.0,84.72,1.0,0.97,0.87,0.91,0.0,,,,,,F-89B
f-5c,22.0,100.0,0.0,0.0,5.0,5.0,213.0,45.75,1.46,1.98,0.39,0.53,12.0,,,0.0,,0.0,F-5C
ki-27_otsu,21.0,,,,,,0.0,,,,,,0.0,,,,,,Ki-27_otsu
fr_m26_pershing,22.0,64.58,0.66,0.46,2.0,1.92,210.0,56.11,0.0,0.0,2.86,1.59,46.0,100.0,0.0,0.0,1.78,1.33,M26
me-410b-1,24.0,100.0,1.0,0.67,3.58,2.29,18.0,50.0,0.0,0.0,0.0,0.0,0.0,,,,,,Me_410_B-1
us_t26e5,22.0,100.0,0.0,0.0,4.5,4.31,955.0,68.42,0.01,0.0,4.57,4.29,0.0,,,,,,T26E5
f-86f-25,18.0,41.67,1.92,2.33,0.0,0.0,13.0,100.0,2.0,1.42,1.0,0.46,0.0,,,,,,F-86F-25
jp_navy_120mm_spg,23.0,76.32,0.0,0.0,3.18,4.05,108.0,56.79,0.0,0.0,2.44,1.58,0.0,,,,,,Chi-Ha_LG
p-47d_30_italy,23.0,,,1.26,,0.26,125.0,82.46,0.16,0.15,2.06,1.53,34.0,50.0,0.5,0.85,0.5,0.85,P-47D-30
f-5a,22.0,,,,,,0.0,,,,,,0.0,,,,,,F-5A
f_15e,23.0,33.33,1.67,0.88,2.67,1.13,553.0,57.82,0.89,1.09,1.69,2.1,9.0,,,0.0,,0.0,F-15E
it_m36b1,24.0,,,,,,42.0,33.33,0.0,0.0,0.33,0.57,0.0,,,,,,M36B1
us_t34,22.0,0.0,0.0,0.0,3.0,1.17,584.0,52.65,0.0,0.0,3.92,1.85,0.0,,,,,,T34
us_m10,23.0,,,0.0,,0.7,28.0,100.0,0.0,0.0,2.17,1.53,0.0,,,,,,M10_GMC
spitfire_f24,23.0,100.0,2.7,3.43,4.3,3.34,122.0,97.22,2.81,2.77,5.51,5.33,0.0,,,,,,Spitfire_F_Mk_24
sw_strf_90c,23.0,58.34,0.4,0.75,2.65,4.75,201.0,30.78,0.02,0.01,2.23,1.8,0.0,,,,,,Strf_9040C
germ_pzkpfw_IV_ausf_F,23.0,100.0,0.0,0.0,8.14,8.14,174.0,14.48,0.0,0.0,5.03,2.77,0.0,,,,,,Pz.IV_F1
it_m15_42_contraereo,20.0,50.0,1.5,3.0,0.5,1.0,276.0,39.17,1.99,1.45,0.33,0.21,0.0,,,,,,M42_Contraereo
f6f-5n_france,21.0,100.0,1.0,1.0,1.0,1.0,3.0,,,,,,0.0,,,,,,F6F-5N
tempest_mk2,23.0,100.0,2.14,1.54,4.0,1.96,16.0,100.0,2.0,,1.0,,0.0,,,,,,Tempest_Mk_II
ussr_zsu_23_4m2,23.0,50.0,0.62,1.24,0.47,0.94,204.0,27.8,0.85,0.98,0.22,0.31,0.0,,,,,,ЗСУ-23-4М2
ju-88a-4,19.0,100.0,0.7,0.22,3.0,2.69,0.0,,,,,,0.0,,,,,,Ju_88_A-4
il_centurion_shot_kal_d,21.0,5.26,0.0,0.0,2.0,1.95,49.0,89.82,0.0,0.0,3.19,1.77,0.0,,,,,,Sho't_Kal_Dalet
uk_fv4202,21.0,,,0.0,,1.0,176.0,60.15,0.0,0.0,2.25,1.15,10.0,,,0.0,,0.0,FV4202
it_of_40_mk_2a,16.0,50.0,0.3,0.3,3.0,4.0,384.0,82.11,0.0,0.0,2.29,1.72,0.0,,,,,,OF-40_Mk.2A
germ_pzkpfw_38t_Marder_III,20.0,,,,,,6.0,,,0.0,,0.0,0.0,,,,,,Marder_III
su_17m4,21.0,100.0,0.0,,3.25,,51.0,83.33,0.17,0.02,1.67,0.44,63.0,60.56,1.17,1.19,0.98,1.0,Su-17M4
ussr_btr_80a,20.0,,,,,,567.0,50.68,0.0,0.0,1.22,0.81,0.0,,,,,,BTR-80A
germ_thyssen_henschel_tam,20.0,0.0,0.0,,1.29,,988.0,42.62,0.0,0.0,1.38,1.34,0.0,,,,,,TAM
ussr_bmp_2m,19.0,50.0,0.0,0.0,0.0,0.0,1440.0,44.4,0.0,0.0,1.22,0.84,0.0,,,,,,BMP-2M
bf-109g-2_hungary,19.0,,,6.47,,0.0,0.0,,,,,,0.0,,,,,,◐Bf_109_G-2
sea_fury_fb11,24.0,100.0,3.21,1.91,4.0,2.4,9.0,100.0,1.0,,0.0,,0.0,,,,,,Sea_Fury_FB_11
yak-9p,19.0,77.08,4.29,3.33,0.0,0.0,89.0,67.86,2.34,,0.92,,0.0,,,,,,Yak-9P
spitfire_f22,23.0,100.0,2.17,2.36,7.26,5.64,34.0,57.58,0.27,0.29,1.36,1.43,0.0,,,,,,Spitfire_F_Mk_22
ef_2000_typhoon_aesa,19.0,,,2.0,,0.0,292.0,67.33,2.32,2.09,0.07,0.07,1.0,0.0,1.0,1.0,1.0,1.0,Typhoon_(AESA)
mosquito_fb_mk6_ash_norway,22.0,,,1.0,,3.13,0.0,,,,,,0.0,,,,,,◢Mosquito_FB.Mk.VI_ASH
corsair_fmk2,18.0,100.0,2.22,,1.78,,2.0,,,,,,0.0,,,,,,Corsair_F_Mk_II
b_34,20.0,100.0,1.0,1.0,3.87,3.87,0.0,,,,,,7.0,,,0.0,,2.0,B-34
jp_oplot_t,15.0,50.0,0.0,0.0,2.1,2.1,312.0,63.76,0.0,0.0,2.32,1.63,0.0,,,,,,BM_Oplot-T
il-10_1946,20.0,53.13,0.59,1.09,1.19,2.21,14.0,,,,,,0.0,,,,,,IL-10_(1946)
ki_84_ko,19.0,,,,,,75.0,100.0,2.79,3.21,1.79,1.88,0.0,,,,,,Ki-84_ko
tempest_mkv,23.0,100.0,2.07,1.76,2.5,2.16,22.0,100.0,1.05,1.05,3.1,3.1,0.0,,,,,,Tempest_Mk_V
uk_a_34_comet,19.0,50.0,0.0,0.0,1.36,2.72,87.0,57.14,0.0,0.0,1.95,2.04,0.0,,,,,,Comet_I
us_stingray,18.0,50.0,0.0,0.0,1.65,2.71,911.0,62.32,0.0,0.0,2.07,1.78,0.0,,,,,,Stingray
su_25k,20.0,,,1.0,,0.0,622.0,54.82,0.42,0.48,1.57,1.82,0.0,,,,,,Su-25K
uk_centurion_mk_10,21.0,,,,,,133.0,59.77,0.0,0.0,1.79,1.95,0.0,,,,,,Centurion_Mk_10
xp-50,18.0,,,2.23,,0.0,53.0,77.78,1.24,1.63,0.6,0.77,0.0,,,,,,XP-50
bf_110g_4_hungary,17.0,92.86,1.36,1.57,0.93,1.0,40.0,100.0,0.63,0.55,2.88,1.93,0.0,,,,,,◐Bf_110_G-4
uk_fv438_swingfire,20.0,77.27,0.0,0.0,0.77,1.0,34.0,50.0,0.0,0.0,3.0,3.0,0.0,,,,,,Swingfire
sw_lago_1,20.0,100.0,0.0,0.0,1.0,1.0,65.0,,,0.0,,1.07,0.0,,,,,,Lago_I
p-63a-10_ussr,19.0,,,,,,65.0,90.0,0.34,0.34,2.81,2.81,0.0,,,,,,P-63A-10
us_t18_e2,20.0,100.0,0.0,,2.0,,9.0,100.0,0.0,0.0,4.0,5.25,0.0,,,,,,T18E2
douglas_ad_2,20.0,100.0,1.5,1.15,2.33,2.2,18.0,46.15,0.0,0.0,2.08,1.85,0.0,,,,,,AD-2
fr_leopard_2a4nl_les,16.0,100.0,0.0,0.0,8.33,2.65,225.0,59.63,0.0,0.0,2.56,2.07,0.0,,,,,,Leopard_2_(OTCo)
p-36g,20.0,100.0,3.0,2.4,1.58,1.15,0.0,,,,,,0.0,,,,,,P-36G
yak-17,17.0,0.0,2.0,2.0,0.0,0.0,0.0,,,,,,0.0,,,,,,Yak-17
fa_18c_early,21.0,88.54,1.95,1.95,0.0,0.0,816.0,51.84,0.8,0.93,0.32,0.38,23.0,100.0,2.0,0.97,4.0,2.14,F/A-18C_Early
pyorremyrsky,18.0,,,5.5,,0.0,157.0,100.0,5.13,5.15,3.36,3.44,0.0,,,,,,VL_Pyörremyrsky
jp_type_81_tansam,21.0,0.0,1.36,1.13,0.0,0.0,34.0,0.0,0.0,0.0,0.0,0.0,0.0,,,,,,Type_81_(C)
f_16a_block_10,19.0,0.0,1.0,0.77,2.0,0.46,166.0,69.64,1.16,0.91,2.67,1.83,0.0,,,,,,F-16A
p-51d-5,19.0,50.0,0.88,1.05,2.0,1.09,42.0,0.0,1.0,0.31,2.0,1.38,0.0,,,,,,P-51D-5
f-4e,18.0,33.33,1.0,0.87,0.7,0.67,370.0,50.3,1.59,1.82,0.3,0.34,18.0,,,0.0,,0.89,F-4E_Phantom_II
bf-109g-14,17.0,100.0,1.82,2.0,1.82,2.0,103.0,50.0,1.43,2.07,0.48,0.67,11.0,,,1.91,,0.0,Bf_109_G-14
it_zsu_57_2,19.0,50.0,0.5,0.13,0.5,0.5,217.0,64.5,0.0,0.0,1.51,0.85,0.0,,,,,,◔ZSU-57-2
us_xm1_gm,20.0,100.0,0.0,0.0,2.0,2.24,940.0,53.64,0.0,0.0,2.31,1.64,0.0,,,,,,XM1_(GM)
uk_shir_2,20.0,0.0,0.0,0.0,4.0,2.6,232.0,68.35,0.0,0.0,3.69,3.55,0.0,,,,,,FV4030/3
cn_m24_chaffee,18.0,,,0.0,,0.0,96.0,100.0,0.0,0.0,4.0,1.55,0.0,,,,,,M24_(China)
fr_arl_44,21.0,100.0,0.0,0.0,3.0,0.63,273.0,54.52,0.0,0.0,1.87,1.59,0.0,,,,,,ARL-44
cn_ztz_96a_prot,18.0,50.0,0.0,0.0,0.56,1.11,463.0,49.92,0.0,0.0,1.99,1.6,2.0,,,,,,ZTZ96A_(P)
cn_cm11,18.0,,,,,,117.0,100.0,0.0,0.0,9.21,3.87,0.0,,,,,,CM11
uk_valentine_mk_9,17.0,100.0,0.0,,5.0,,0.0,,,,,,0.0,,,,,,Valentine_IX
f-5a_thailand,16.0,52.78,2.13,2.15,2.97,3.15,48.0,66.67,0.7,1.0,0.3,0.5,0.0,,,,,,F-5A
me-410b-6_r3,18.0,,,0.0,,2.06,7.0,,,,,,0.0,,,,,,Me_410_B-6/R3
d_520_france,17.0,84.62,1.77,1.77,0.69,0.69,105.0,63.67,1.27,1.93,0.0,0.0,0.0,,,,,,D.520
fr_m4a4_sherman,17.0,50.0,0.0,0.0,2.7,2.7,123.0,86.11,0.0,0.0,6.19,4.56,0.0,,,,,,M4A4
fr_amx_elc_bis,18.0,,,0.0,,1.5,284.0,57.57,0.0,0.0,1.41,1.12,0.0,,,,,,ELC_bis
mig-21_f13,17.0,100.0,2.0,1.47,0.0,0.0,34.0,50.0,1.5,3.0,0.0,0.0,0.0,,,,,,MiG-21F-13
us_m4a3_105_sherman,18.0,,,0.0,,1.0,52.0,,,0.0,,3.92,0.0,,,,,,M4A3_(105)
su_25sm3,16.0,16.67,0.83,0.83,0.17,0.17,31.0,100.0,1.4,1.4,2.2,2.2,0.0,,,,,,Su-25SM3
il_magach_6c,19.0,,,0.0,,0.0,0.0,,,,,,0.0,,,,,,Magach_6C
uk_ttd,17.0,5.56,0.0,0.0,0.06,0.06,112.0,86.33,0.0,0.0,6.53,3.63,0.0,,,,,,TTD
wellington_mk1c_late,18.0,,,0.0,,0.0,0.0,,,,,,0.0,,,,,,Wellington_Mk_Ic/L
ki-27_otsu_ep,16.0,100.0,7.0,6.6,0.0,0.0,0.0,,,,,,0.0,,,,,,Ki-27_otsu_Tachiarai
yak-4,17.0,,,0.0,,5.0,0.0,,,,,,0.0,,,,,,Yak-4
spitfire_mk5b_italy,16.0,,,4.19,,0.0,24.0,,,1.44,,1.0,7.0,,,1.57,,0.0,Spitfire_Mk_Vb/trop
tu-2,17.0,50.0,0.0,0.0,1.65,3.29,82.0,90.83,0.0,0.0,2.94,2.49,8.0,,,0.0,,1.0,Tu-2S
il_merkava_mk_1,20.0,50.0,0.0,0.0,3.5,2.71,186.0,65.12,0.0,0.0,4.88,2.64,0.0,,,,,,Merkava_Mk.1
us_m46_patton_73_armor_bat,16.0,100.0,0.0,0.0,4.0,2.75,288.0,74.61,0.01,0.01,3.47,2.47,0.0,,,,,,"M46_""Tiger"""
germ_panzerjager_1,19.0,100.0,0.0,0.0,4.6,2.39,17.0,,,0.0,,1.0,0.0,,,,,,Panzerjäger_I
lagg-3-66,15.0,,,1.13,,0.0,0.0,,,,,,0.0,,,,,,LaGG-3-66
it_leopard_bofors,18.0,0.0,1.0,1.0,1.0,1.0,137.0,82.5,0.16,0.07,2.85,1.33,0.0,,,,,,Leopard_40/70
it_44m_zrinyi_1,17.0,100.0,0.0,0.0,2.0,1.22,8.0,,,,,,0.0,,,,,,Zrinyi_I
germ_pzkpfw_Maus,16.0,,,,,,422.0,53.15,0.0,0.0,7.52,5.12,12.0,,,,,,Maus
ussr_2s25m,16.0,,,0.0,,2.0,735.0,52.15,0.0,0.0,1.71,1.23,0.0,,,,,,2S25M
bf-109g-6,17.0,,,7.2,,0.0,115.0,52.22,3.41,5.0,1.06,1.75,0.0,,,,,,Bf_109_G-6
sw_t_54_1951,17.0,,,0.0,,1.0,204.0,29.57,0.0,0.0,1.62,1.02,0.0,,,,,,T-54
uk_a_22b_mk_3_churchill_1942,17.0,,,0.0,,1.0,5.0,,,,,,0.0,,,,,,Churchill_III
germ_flakpanzer_IV_Ostwind_2,16.0,0.0,1.2,1.2,0.4,0.4,238.0,21.73,1.14,0.59,0.08,0.06,13.0,100.0,1.0,,0.0,,Ostwind_II
us_m60,18.0,0.0,0.0,0.0,1.17,1.17,100.0,59.86,0.0,0.0,1.83,1.32,0.0,,,,,,M60
f8f1b,16.0,,,1.4,,0.0,972.0,77.29,0.69,0.62,2.1,1.9,0.0,,,,,,F8F-1B
b7a2,17.0,100.0,1.0,,4.5,,6.0,50.0,0.5,1.0,0.5,1.0,0.0,,,,,,B7A2
uk_a27m_cromwell_1,17.0,,,0.0,,1.0,126.0,57.33,0.0,0.0,2.52,3.27,0.0,,,,,,Cromwell_I
cn_plz_05,16.0,,,0.0,,0.44,155.0,55.75,0.0,0.0,2.35,2.02,0.0,,,,,,PLZ05
bf-109e-1,18.0,,,2.25,,0.0,24.0,85.19,1.63,1.0,0.03,0.04,34.0,,,,,,Bf_109_E-1
il_m109,17.0,,,0.0,,1.41,47.0,100.0,0.0,0.0,3.22,1.14,0.0,,,,,,M109_(Israel)
su-6_am42,17.0,,,,,,69.0,50.0,2.93,1.62,1.17,0.64,0.0,,,,,,Su-6_(AM-42)
bf-109e-3,16.0,,,2.44,,0.0,45.0,100.0,0.0,0.43,0.0,0.61,0.0,,,,,,Bf_109_E-3
jp_st_b1,16.0,50.0,0.0,0.0,1.0,0.56,157.0,61.8,0.0,0.0,4.87,2.32,0.0,,,,,,STB-2
us_m48a1_patton_III,18.0,0.0,0.0,0.0,0.0,0.0,88.0,50.0,0.0,0.0,1.26,1.21,0.0,,,,,,M48A1
us_m3_bradley,17.0,,,0.0,,0.0,487.0,56.24,0.0,0.0,1.66,1.07,0.0,,,,,,M3_Bradley
ki_21_1hei,16.0,100.0,1.0,1.0,12.75,12.75,0.0,,,,,,0.0,,,,,,Ki-21-I_hei
germ_pzkpfw_VI_tiger_P,16.0,100.0,0.0,0.0,4.0,3.69,0.0,,,,,,0.0,,,,,,VK_45.01_(P)
p-61a_1,15.0,100.0,3.4,3.4,5.2,5.2,6.0,100.0,1.0,1.0,2.0,2.0,0.0,,,,,,P-61A-11
uk_m3_stuart,17.0,,,0.0,,2.0,19.0,,,0.0,,0.0,0.0,,,,,,Stuart_I
uk_ac4_thunderbolt,15.0,,,0.0,,3.13,154.0,48.89,0.0,0.0,2.8,1.86,17.0,100.0,0.0,0.0,4.0,4.0,A.C.IV
us_m1a1_hc_abrams,18.0,100.0,0.0,0.0,5.67,5.67,405.0,47.69,0.0,0.0,1.98,1.55,0.0,,,,,,M1A1_HC
ussr_btr_zd,18.0,50.0,1.88,3.75,0.31,0.63,438.0,55.0,0.73,0.53,1.18,0.95,0.0,,,,,,BTR-ZD
germ_sdkfz_6_2_flak36,18.0,0.0,2.0,2.0,0.0,0.0,0.0,,,,,,36.0,45.83,0.93,0.93,0.45,0.45,Sd.Kfz._6/2
sea_fury_fb51,14.0,90.0,2.2,2.1,0.0,0.0,40.0,50.0,0.5,0.6,0.5,2.0,0.0,,,,,,◘Sea_Fury_FB.51
ussr_t_34_1941_cast_turret,18.0,100.0,0.0,0.0,2.34,6.5,68.0,,,0.0,,2.82,0.0,,,,,,T-34_(1st_Gv.T.Br.)
ussr_t_34_85_zis_53_kit_3rank,15.0,100.0,0.0,0.0,3.13,3.13,346.0,63.1,0.0,0.0,2.71,2.4,7.0,,,0.0,,2.0,Т-34-85_('45)
fr_msc,18.0,,,0.0,,1.86,565.0,41.05,0.0,0.0,1.54,1.35,0.0,,,,,,MSC
germ_flakpz_1a2_Gepard,14.0,,,1.0,,0.95,293.0,34.17,1.09,0.56,1.17,0.61,0.0,,,,,,Gepard_1A2
uk_marmon_herrington_mk_6_2pdr,17.0,,,,,,22.0,100.0,0.0,0.0,1.17,0.53,0.0,,,,,,SARC_MkVI_(2pdr)
fr_amx_13_fl_11,16.0,50.0,0.0,0.0,2.31,4.63,114.0,87.5,0.0,0.0,2.31,1.77,0.0,,,,,,AMX-13_(FL11)
yak-30d,15.0,100.0,2.0,1.75,1.0,0.25,0.0,,,,,,0.0,,,,,,Yak-30D
us_m2a4,15.0,75.0,0.0,0.0,3.25,5.0,22.0,,,0.0,,4.91,0.0,,,,,,M2A4
tu_14t,15.0,100.0,0.0,0.0,1.0,1.0,11.0,0.0,0.0,0.0,0.0,0.0,0.0,,,,,,Tu-14T
p-38g,15.0,,,,,,0.0,,,,,,0.0,,,,,,P-38G-1
fr_m4a1_sherman_fl_10,17.0,,,0.0,,1.0,55.0,100.0,0.0,0.0,9.13,7.14,0.0,,,,,,M4A1_(FL10)
a7m2,16.0,50.0,1.5,1.5,0.0,0.0,51.0,100.0,3.2,2.59,1.27,0.86,0.0,,,,,,A7M2
f-5e_switzerland,15.0,100.0,1.0,0.27,1.0,0.27,39.0,68.75,1.69,1.48,0.31,0.25,0.0,,,,,,◌F-5E
uk_conqueror_mk_2,16.0,100.0,0.0,0.0,2.0,2.0,205.0,53.72,0.0,0.0,3.07,2.27,0.0,,,,,,Conqueror
ussr_t_44_122,16.0,,,0.0,,3.0,48.0,31.58,0.0,0.0,1.66,1.35,0.0,,,,,,T-44-122
it_m55,15.0,100.0,0.0,0.0,1.0,1.0,24.0,0.0,0.0,0.0,1.0,0.81,0.0,,,,,,M55
sw_strv_81,15.0,,,,,,127.0,53.32,0.0,0.0,1.22,0.79,0.0,,,,,,Strv_81
it_vcc_80_hitfist_60,14.0,0.0,0.0,0.0,0.5,0.0,264.0,64.92,0.0,0.0,1.2,1.24,12.0,0.0,0.0,0.0,1.0,1.0,VCC-80/60
f-8e,14.0,87.5,1.88,1.88,0.13,0.13,6.0,,,0.83,,0.0,0.0,,,,,,F-8E
cn_ztz_88b,15.0,,,,,,207.0,53.62,0.0,0.0,2.37,1.89,0.0,,,,,,ZTZ88B
cn_m10,16.0,,,0.0,,1.2,15.0,,,0.0,,1.8,0.0,,,,,,M10_GMC_(China)
cn_ztz_88a,15.0,,,0.0,,1.0,120.0,66.67,0.0,0.0,3.71,2.69,0.0,,,,,,ZTZ88A
sw_sav_m43_1944,18.0,,,0.0,,1.0,0.0,,,,,,0.0,,,,,,Sav_m/43_(1944)
h-75a-4_france,16.0,,,,,,0.0,,,,,,0.0,,,,,,H-75A-4
spitfire_lf_mk9e_weisman,16.0,,,,,,105.0,77.22,0.92,0.83,2.4,2.11,25.0,50.0,1.0,0.84,0.5,0.41,Weizman's_Spitfire_LF_Mk.IXe
germ_leopard_2pl,16.0,100.0,0.0,0.0,3.81,3.4,1161.0,44.85,0.0,0.0,1.5,1.15,0.0,,,,,,Leopard_2_PL
fr_vab_santal,14.0,100.0,2.0,,1.0,,126.0,50.59,0.84,0.59,0.0,0.0,0.0,,,,,,SANTAL
bf-109z,15.0,,,,,,16.0,0.0,1.0,1.0,2.0,2.0,0.0,,,,,,Bf_109_Z-1
us_m46_patton,14.0,100.0,0.0,0.0,3.54,4.0,563.0,58.01,0.0,0.0,3.45,2.55,0.0,,,,,,M46
jp_m36b2_jgsdf,15.0,100.0,0.0,0.0,2.0,2.0,234.0,49.24,0.0,0.0,2.21,1.48,0.0,,,,,,M36
ju-87d-5,15.0,,,1.0,,1.2,0.0,,,,,,0.0,,,,,,Ju_87_D-5
fw-190a-8_usa,15.0,,,1.0,,0.0,15.0,66.67,0.7,1.0,1.0,1.5,0.0,,,,,,Fw_190_A-8
ju-188a-2,15.0,100.0,0.0,0.0,5.1,5.1,0.0,,,,,,0.0,,,,,,Ju_188_A-2
lagg-3-34,15.0,100.0,2.4,2.4,0.0,0.0,0.0,,,,,,0.0,,,,,,LaGG-3-34
us_m3a1_stuart,16.0,,,,,,0.0,,,,,,0.0,,,,,,M3A1_Stuart
mosquito_f_mk2_norway,16.0,,,,,,0.0,,,,,,0.0,,,,,,◢Mosquito_F.Mk.II
germ_pzkpfw_III_ausf_J_L42,15.0,100.0,0.0,0.0,2.86,2.86,17.0,,,0.0,,3.59,0.0,,,,,,Pz.III_J
fr_amx_30_dca,15.0,33.33,1.33,2.0,0.33,0.67,403.0,47.8,0.21,0.13,0.88,0.59,0.0,,,,,,AMX-30_DCA
sw_sav_m43_1946,14.0,,,0.0,,1.0,6.0,,,0.0,,0.5,0.0,,,,,,Sav_m/43_(1946)
fr_1_fireball,15.0,,,1.0,,0.0,142.0,57.33,0.48,0.41,2.3,2.05,7.0,,,0.0,,4.0,FR-1_Fireball
us_m22_locust,17.0,87.5,0.0,0.0,1.88,1.22,61.0,50.0,0.0,0.0,0.94,0.57,0.0,,,,,,M22
p-47m-1-re,15.0,,,,,,143.0,71.39,0.22,0.33,1.69,2.16,0.0,,,,,,P-47M-1-RE
uk_crusader_mk_2,15.0,,,0.0,,0.87,9.0,,,,,,0.0,,,,,,Crusader_II
ussr_bmd_4m2,13.0,15.0,0.0,0.0,0.85,0.85,569.0,42.95,0.0,0.0,1.28,0.94,9.0,,,,,,БМД-4M2
re_2002_early,14.0,,,0.0,,0.0,20.0,0.0,0.0,0.0,0.67,0.33,0.0,,,,,,Re.2002_Early
us_m1296_dragoon,14.0,,,,,,176.0,62.22,0.0,0.0,1.77,0.75,0.0,,,,,,M1296
xf5u_1,15.0,,,,,,101.0,75.0,1.09,0.81,0.4,0.28,0.0,,,,,,XF5U-1
cn_m4a4_sherman,15.0,,,0.0,,0.0,50.0,,,0.0,,2.67,0.0,,,,,,M4A4_(China)
j5n1,15.0,,,,,,6.0,100.0,0.0,0.0,1.0,1.0,0.0,,,,,,J5N1
f_16a_block_15_adf_italy,14.0,,,,,,22.0,50.0,0.5,1.0,0.5,1.0,0.0,,,,,,F-16A_ADF
wellington_mk1c_luftwaffe,13.0,,,1.0,,22.0,0.0,,,,,,0.0,,,,,,Wellington_Mk_Ic
wyvern_s4,13.0,100.0,1.67,2.77,7.67,4.38,273.0,70.85,1.11,0.67,5.77,3.52,0.0,,,,,,Wyvern_S4
us_m1_ip_abrams,14.0,,,,,,613.0,46.17,0.0,0.0,2.15,2.08,0.0,,,,,,IPM1
us_lvt_a1_m24,13.0,100.0,0.0,0.0,4.0,4.62,0.0,,,,,,0.0,,,,,,LVT(A)(1)_(M24)
ki_44_1,12.0,,,,,,0.0,,,,,,0.0,,,,,,Ki-44-I
ussr_su_122_54,16.0,50.0,0.0,0.0,2.94,2.94,199.0,52.22,0.0,0.0,3.18,2.03,0.0,,,,,,SU-122-54
p-51d-10,13.0,100.0,1.0,4.0,0.0,0.0,35.0,0.0,3.19,3.19,0.29,0.29,13.0,,,4.0,,0.0,P-51D-10
il_centurion_mk_5_shot,13.0,,,,,,83.0,21.05,0.0,0.0,3.11,0.82,0.0,,,,,,Sho't
it_centauro_2,12.0,100.0,0.0,0.0,2.0,2.0,58.0,82.95,0.0,0.0,2.09,1.61,0.0,,,,,,Centauro_II_(P)
lagg-i-301,16.0,,,,,,0.0,,,,,,0.0,,,,,,I-301
il-10_1946_hungary,14.0,,,0.25,,1.0,12.0,,,0.0,,4.0,0.0,,,,,,◔IL-10
gladiator_j8a,14.0,,,1.0,,0.0,0.0,,,,,,0.0,,,,,,J8A
mig_23ml,14.0,,,2.07,,0.43,628.0,55.16,1.47,1.66,0.23,0.25,13.0,,,1.0,,0.0,MiG-23ML
ki_43_2,13.0,,,1.18,,0.0,2.0,,,,,,25.0,100.0,0.0,0.0,1.0,1.0,Ki-43-II
ussr_pantsyr_s1,13.0,0.0,1.77,1.77,0.0,0.0,365.0,22.35,2.02,0.64,0.0,0.0,0.0,,,,,,Pantsir-S1
germ_stug_III_ausf_F,13.0,0.0,0.0,0.0,1.0,1.0,97.0,34.52,0.0,0.0,2.54,2.63,0.0,,,,,,StuG_III_F
sw_veak_40,13.0,0.0,1.0,1.0,0.0,0.0,257.0,22.28,0.18,0.11,0.63,0.42,0.0,,,,,,VEAK_40
sw_ikv_91,13.0,50.0,0.0,0.0,0.5,1.0,340.0,49.24,0.0,0.0,2.17,1.12,0.0,,,,,,Ikv_91
yak-9p_hungary,13.0,,,1.0,,0.0,17.0,0.0,0.0,0.0,1.0,1.0,0.0,,,,,,◔Yak-9P
jp_st_a3,13.0,,,0.0,,1.0,279.0,57.24,0.0,0.0,2.7,2.2,0.0,,,,,,ST-A3
sw_t_72m1,12.0,,,0.0,,1.64,405.0,65.15,0.0,0.0,2.29,2.1,0.0,,,,,,T-72M1
tornado_gr1,14.0,87.5,0.88,1.0,0.0,0.0,39.0,65.0,0.3,0.28,1.33,1.93,0.0,,,,,,Tornado_GR.1
jp_type_74_c,10.0,47.22,0.0,0.0,0.53,0.83,210.0,58.67,0.0,0.0,4.1,3.67,0.0,,,,,,Type_74_(C)
germ_wiesel_1_mk20,15.0,100.0,1.0,1.0,0.0,0.0,1055.0,42.2,0.06,0.06,0.74,0.75,12.0,,,,,,Wiesel_1A4
ussr_bmp_3,16.0,50.0,0.0,0.0,0.0,0.5,1208.0,51.5,0.0,0.0,1.66,1.41,47.0,73.68,0.0,0.0,0.74,0.5,BMP-3
sw_strv_m41_s2,13.0,100.0,0.0,0.0,0.15,0.15,38.0,,,0.0,,0.0,0.0,,,,,,Strv_m/41_S-II
a7m1,13.0,,,1.0,,0.0,87.0,65.56,2.47,2.9,2.11,2.54,11.0,,,2.27,,0.0,A7M1_(NK9H)
uk_rooikat_za_35,14.0,,,,,,223.0,67.33,0.11,0.05,3.71,1.62,0.0,,,,,,ZA-35
f-84b,12.0,100.0,4.43,2.64,16.43,10.36,113.0,44.78,0.57,0.77,1.17,1.97,0.0,,,,,,F-84B-26
mig-15bis_nr23_china,13.0,,,,,,24.0,100.0,0.0,0.0,1.0,1.0,0.0,,,,,,J-2
t2_early,12.0,,,,,,20.0,100.0,3.0,3.0,0.0,0.0,0.0,,,,,,T-2_Early
tu-2_early,13.0,,,0.31,,4.54,0.0,,,,,,0.0,,,,,,Tu-2
a_7e,12.0,100.0,0.0,0.0,3.0,2.42,11.0,100.0,0.0,0.0,2.0,2.0,0.0,,,,,,A-7E
p-43a-1_china,13.0,,,,,,0.0,,,,,,0.0,,,,,,P-43A-1_(China)
su-11,13.0,,,,,,258.0,58.74,0.94,0.93,1.55,1.54,0.0,,,,,,Su-11
lagg-3-35,16.0,100.0,6.5,,1.0,,0.0,,,,,,0.0,,,,,,LaGG-3-35
hurricane_mk1c,13.0,,,,,,9.0,,,0.0,,0.0,0.0,,,,,,Sea_Hurricane_Mk_IC
f8f1b_france,11.0,90.0,3.3,3.15,0.0,0.0,87.0,99.0,1.17,0.89,3.52,3.13,0.0,,,,,,F8F-1B
germ_mkpz_super_m48,12.0,,,,,,145.0,84.59,0.0,0.0,7.16,3.4,26.0,11.11,0.0,0.0,0.9,1.0,M48_Super
su_25_558arz,13.0,0.0,2.0,2.0,5.0,5.0,154.0,82.83,0.02,0.02,2.43,2.58,0.0,,,,,,Su-25BM
f1,12.0,0.0,3.0,1.83,1.0,0.42,1.0,,,,,,0.0,,,,,,F-1
saab_jas39c_south_africa,14.0,50.0,1.0,2.0,0.0,0.0,152.0,58.6,1.5,1.84,0.21,0.27,0.0,,,,,,JAS39C
germ_pzkpfw_IV_ausf_E,12.0,,,,,,130.0,35.98,0.0,0.0,0.3,1.58,0.0,,,,,,Pz.IV_E
us_m1a2_sep_abrams,14.0,,,0.0,,1.79,1128.0,57.29,0.0,0.0,2.17,2.16,0.0,,,,,,M1A2_SEP
p-26a_34_m2,12.0,,,1.92,,0.0,3.0,,,0.0,,0.0,0.0,,,,,,P-26A-34_M2
fa_18a,13.0,,,0.0,,0.0,104.0,78.89,2.59,2.6,0.54,0.59,20.0,,,1.0,,0.0,F/A-18A
il_m113_hvms,13.0,,,0.0,,1.0,57.0,,,0.0,,1.48,0.0,,,,,,Bardelas/60mm_HVMS
su_22m3,13.0,,,1.0,,0.0,285.0,48.87,0.19,0.23,0.37,0.43,0.0,,,,,,Su-22M3
hunter_f6,11.0,50.0,0.5,1.0,0.0,0.0,137.0,59.2,2.12,2.64,1.02,1.35,0.0,,,,,,Hunter_F.6
j_8b,13.0,,,,,,37.0,61.9,1.0,1.05,0.62,0.64,0.0,,,,,,J-8B
sea_harrier_fa2,14.0,0.0,1.46,1.57,0.0,0.0,0.0,,,,,,0.0,,,,,,Sea_Harrier_FA_2
fr_amx_30_ACRA,13.0,50.0,0.0,0.0,1.0,0.44,5.0,,,,,,0.0,,,,,,AMX-30_ACRA
yak_141,13.0,100.0,1.0,1.0,0.0,0.0,51.0,50.0,1.06,2.13,0.0,0.0,0.0,,,,,,Yak-141
lightning_f6,11.0,88.89,1.0,1.0,0.0,0.0,28.0,100.0,2.0,1.86,1.5,1.57,18.0,,,1.89,,0.0,Lightning_F.6
tornado_f3_late,14.0,0.0,1.0,1.0,0.0,0.0,25.0,,,1.44,,0.0,0.0,,,,,,Tornado_F.3_Late
ussr_2s3m,13.0,50.0,0.0,0.0,1.04,2.08,109.0,28.67,0.0,0.0,2.66,1.52,0.0,,,,,,2S3M
il_zsu_57_2,14.0,,,0.0,,2.25,210.0,16.33,0.0,0.0,1.81,0.74,0.0,,,,,,ZSU-57-2_(Israel)
us_t95e1,14.0,100.0,0.0,0.0,4.67,1.65,310.0,63.94,0.0,0.0,2.25,2.14,0.0,,,,,,T95E1
uk_churchill_na75,13.0,,,0.0,,1.0,24.0,100.0,0.0,0.0,1.0,1.5,0.0,,,,,,Churchill_NA75
fr_amx_30_1972,12.0,0.0,0.0,0.0,1.0,1.0,178.0,72.52,0.0,0.0,2.21,2.87,0.0,,,,,,AMX-30_(1972)
us_m55,13.0,0.0,0.0,0.0,1.45,1.23,60.0,,,0.0,,3.32,0.0,,,,,,M55
su_24m,12.0,0.0,0.0,0.0,0.0,0.5,115.0,57.95,0.0,0.0,3.57,3.53,13.0,,,,,,Су-24М
fr_amx_10rc,14.0,,,0.0,,0.0,94.0,21.05,0.0,0.0,3.0,1.43,0.0,,,,,,AMX-10RC
uk_armored_car_aec_mk_2,13.0,0.0,0.0,0.0,0.85,0.85,11.0,100.0,0.0,0.0,4.11,4.11,1.0,,,0.0,,1.0,AEC_Mk_II
am_1_mauler,13.0,0.0,0.0,,0.0,,189.0,71.04,0.26,0.29,1.82,1.89,0.0,,,,,,AM-1
f-5e_fcu_thailand,11.0,66.67,0.7,0.7,7.0,7.0,141.0,83.41,2.73,1.55,2.78,1.55,0.0,,,,,,F-5E_FCU
so_4050_vautour_2a,12.0,50.0,0.0,0.0,4.0,4.0,0.0,,,,,,0.0,,,,,,S.O.4050_Vautour_IIA
it_c1_ariete_certezza,18.0,66.67,0.0,0.0,7.0,7.0,212.0,61.01,0.0,0.0,2.93,1.96,0.0,,,,,,Ariete_Сertezza
spitfire_mk5c,14.0,100.0,2.0,2.0,1.5,1.5,84.0,80.0,2.94,2.6,2.0,1.6,38.0,,,2.86,,0.0,Spitfire_Mk_Vc/trop
so_4050_vautour_2b,12.0,50.0,0.0,0.0,3.5,3.5,0.0,,,,,,0.0,,,,,,S.O.4050_Vautour_IIB
it_m26a1_pershing,16.0,98.33,0.0,0.0,4.08,4.25,57.0,52.63,0.0,0.0,2.03,1.58,0.0,,,,,,M26A1
mig-15bis_nr23_german,13.0,,,1.0,,1.0,70.0,88.11,1.09,1.36,0.33,0.36,0.0,,,,,,◊MiG-15bis
cn_su_100_1945,12.0,,,,,,34.0,100.0,0.0,0.0,1.23,0.93,0.0,,,,,,SU-100_(China)
a_7d,11.0,100.0,0.0,0.0,2.0,1.55,48.0,95.0,1.3,1.3,2.85,2.85,0.0,,,,,,A-7D
buccaneer_s2,11.0,,,,,,22.0,90.91,0.0,0.0,1.27,1.27,0.0,,,,,,Buccaneer_S.2
etndard_4m,12.0,50.0,0.5,0.5,1.5,1.5,0.0,,,,,,0.0,,,,,,Etendard_IVM
f-104j,10.0,50.0,1.5,3.0,0.0,0.0,0.0,,,,,,0.0,,,,,,F-104J
us_t32,12.0,0.0,0.0,0.0,1.0,1.75,327.0,69.07,0.0,0.0,2.86,2.21,0.0,,,,,,T32
rafale_c_f3,12.0,,,2.25,,0.0,202.0,74.87,2.31,3.78,0.23,0.28,0.0,,,,,,Rafale_C_F3
rafale_m_f3r,12.0,,,1.5,,0.0,107.0,66.9,2.32,2.52,0.41,0.51,25.0,,,2.92,,0.0,Rafale_M_F3-R
germ_th_400,11.0,,,0.0,,1.0,142.0,48.0,0.0,0.0,2.39,1.44,0.0,,,,,,R400
ki_43_2_late,12.0,100.0,2.0,2.0,0.0,0.0,1.0,,,1.0,,2.0,0.0,,,,,,Ki-43-II
sw_strv_122,13.0,50.0,0.0,0.0,4.0,1.0,352.0,41.37,0.0,0.0,2.61,1.88,0.0,,,,,,Strv_122A
hunter_f6_holland,12.0,50.0,1.0,2.0,0.5,1.0,12.0,50.0,1.0,2.0,0.0,0.0,0.0,,,,,,◘Hunter_F.6
us_m50_ontos,12.0,50.0,0.0,0.0,2.0,1.3,114.0,35.48,0.0,0.0,2.38,1.38,0.0,,,,,,M50
cn_is_2_1943,12.0,,,,,,77.0,33.33,0.0,0.0,1.62,1.54,0.0,,,,,,IS-2_(China)
f3d_1,9.0,37.5,1.63,1.38,0.0,0.0,248.0,53.21,0.52,0.46,1.31,1.36,0.0,,,,,,F3D-1
bf-109f-4_hungary,10.0,,,11.0,,0.0,65.0,85.0,1.65,2.3,1.0,2.68,0.0,,,,,,◐Bf_109_F-4
spitfire_mk1,11.0,100.0,13.6,,0.0,,0.0,,,,,,0.0,,,,,,Spitfire_Mk_Ia
germ_sturmpanzer_II,13.0,,,0.0,,1.0,45.0,35.0,0.0,0.0,0.0,0.0,0.0,,,,,,Sturmpanzer_II
ussr_t_80um2,6.0,50.0,0.0,0.0,3.0,2.4,257.0,61.21,0.0,0.0,3.47,2.3,0.0,,,,,,T-80UM2
germ_boxer_swatrinf,12.0,50.0,0.0,0.0,1.0,1.0,263.0,35.28,0.0,0.0,1.81,0.97,0.0,,,,,,sWaTrgInf
it_fiat_6614_106sr,11.0,,,0.0,,0.0,136.0,68.42,0.0,0.0,3.22,1.72,0.0,,,,,,FIAT_6614
sw_landsverk_ush_204_gk,12.0,,,,,,195.0,39.44,0.67,0.74,0.08,0.09,0.0,,,,,,U-SH_204_GK
f_111c_raaf,12.0,,,,,,13.0,,,0.0,,1.0,0.0,,,,,,F-111C
ju-288c,12.0,100.0,1.0,1.0,8.0,8.0,56.0,50.0,0.5,0.68,1.0,1.51,0.0,,,,,,Ju_288_C
sw_lvkv_90c,12.0,50.0,1.0,2.0,1.75,3.5,217.0,27.03,0.89,0.88,1.17,1.06,0.0,,,,,,Lvkv_9040C
ussr_kv_2_1940,12.0,100.0,1.0,0.42,5.0,4.17,0.0,,,,,,0.0,,,,,,KV-2_(1940)
i_180,12.0,100.0,2.75,2.83,0.38,0.25,30.0,61.36,0.61,0.9,0.75,1.0,0.0,,,,,,I-180S
p-47d_luftwaffe,11.0,50.0,1.41,2.82,0.5,1.0,0.0,,,,,,0.0,,,,,,P-47D
it_m109g,12.0,,,,,,4.0,,,0.0,,1.5,0.0,,,,,,M109G
mig-9_late_china,11.0,,,1.0,,0.0,0.0,,,,,,0.0,,,,,,MiG-9_(l)_(China)
f7f1,10.0,100.0,2.0,2.0,0.0,0.0,92.0,97.37,0.47,0.52,2.71,1.72,0.0,,,,,,F7F-1
f2h-2,10.0,100.0,2.0,2.0,0.0,0.0,130.0,66.29,2.31,1.61,0.59,0.42,0.0,,,,,,F2H-2
i-15bis_krasnolutsky,10.0,,,,,,0.0,,,,,,0.0,,,,,,Krasnolutsky's_I-15bis
me-410a-1_u2,12.0,100.0,0.0,0.0,1.0,1.0,0.0,,,,,,0.0,,,,,,Me_410_A-1/U2
fr_arl_44_acl1,11.0,33.33,0.0,0.0,1.3,2.0,65.0,,,0.0,,1.05,0.0,,,,,,ARL-44_(ACL-1)
ussr_it_1,13.0,50.0,0.0,0.0,0.5,1.0,210.0,56.91,0.0,0.0,2.08,1.82,0.0,,,,,,IT-1
il_amx_13_75,13.0,50.0,0.0,0.0,0.75,1.5,213.0,56.1,0.0,0.0,2.14,2.01,0.0,,,,,,AMX-13_(Israel)
p-26b_35,10.0,,,,,,0.0,,,,,,0.0,,,,,,P-26B-35
f_47n_25_re_china,8.0,50.0,1.0,1.0,6.5,6.5,13.0,,,0.0,,1.0,0.0,,,,,,F-47N-25-RE_(China)
uk_ajax,10.0,50.0,0.5,1.0,2.0,4.0,411.0,65.54,0.05,0.05,3.11,1.27,0.0,,,,,,Ajax
do_217m_1,10.0,100.0,0.0,0.0,6.8,6.8,18.0,50.0,0.0,0.0,2.5,2.5,0.0,,,,,,Do_217_M-1
ussr_object_120,10.0,55.56,0.1,0.1,2.0,2.6,161.0,53.87,0.0,0.0,1.6,1.88,0.0,,,,,,Object_120
bf-109c_1_promo,9.0,,,2.0,,0.0,0.0,,,,,,0.0,,,,,,Bf_109_C-1_Promo
i-16_type10,9.0,100.0,2.0,2.0,0.0,0.0,0.0,,,,,,0.0,,,,,,I-16_type_10
i-16_type18,9.0,100.0,2.0,2.0,0.0,0.0,0.0,,,,,,0.0,,,,,,I-16_type_18
il_magach_5,9.0,100.0,0.0,0.0,2.0,1.13,52.0,97.5,0.0,0.0,3.34,2.78,0.0,,,,,,Magach_5
us_m1128_mgs,9.0,,,0.0,,1.0,697.0,57.34,0.0,0.0,1.83,1.56,0.0,,,,,,M1128
jp_type_10_prototype,9.0,,,0.0,,1.0,333.0,61.85,0.0,0.0,2.48,1.66,0.0,,,,,,TKX_(P)
mig-9_china,10.0,,,,,,0.0,,,,,,0.0,,,,,,MiG-9_(China)
il_magach_3_idf,11.0,,,0.0,,1.0,25.0,0.0,0.0,0.0,1.4,1.68,0.0,,,,,,Magach_3
ussr_t_54_1951,10.0,,,0.0,,1.0,103.0,90.94,0.0,0.0,1.95,1.04,4.0,100.0,0.0,0.0,1.0,1.0,T-54_(1951)
germ_panzerjager_tiger,12.0,100.0,0.0,0.0,4.0,2.75,272.0,44.47,0.0,0.0,2.81,2.43,0.0,,,,,,Jagdtiger
jp_type_90b,9.0,,,,,,530.0,49.05,0.0,0.0,1.26,1.15,0.0,,,,,,Type_90_(B)
harrier_gr3,9.0,,,0.0,,0.78,31.0,87.88,1.17,1.3,1.73,1.96,0.0,,,,,,Harrier_GR.3
la-11_china,7.0,,,2.67,,0.0,12.0,,,2.0,,0.0,0.0,,,,,,La-11_(China)
fa_18c_switzerland,11.0,,,1.18,,0.0,1016.0,52.2,1.01,1.22,0.05,0.05,46.0,,,0.38,,0.0,◌F/A-18C
il_tiran_4,11.0,,,0.0,,1.0,14.0,,,,,,0.0,,,,,,Tiran_4
p-36a,11.0,,,,,,0.0,,,,,,0.0,,,,,,P-36A
sw_leopard_1a5no,9.0,,,0.0,,1.11,479.0,53.76,0.0,0.0,2.34,2.07,0.0,,,,,,Leopard_1A5NO2
uk_chieftain_marksman,11.0,,,0.0,,1.0,90.0,64.94,0.56,0.63,1.01,1.27,0.0,,,,,,Chieftain_Marksman
mig-21_smt,10.0,0.0,1.0,1.0,0.0,0.0,237.0,67.07,2.45,3.22,0.34,0.45,15.0,,,,,,MiG-21SMT
b_18a,9.0,0.0,0.0,0.0,1.0,1.0,0.0,,,,,,0.0,,,,,,B-18A
germ_sdkfz_251_9,10.0,100.0,0.0,0.0,4.8,4.8,0.0,,,,,,0.0,,,,,,Sd.Kfz.251/9
it_pzh_2000_hu,9.0,38.89,2.11,,0.89,,100.0,50.0,0.38,0.3,2.25,2.1,0.0,,,,,,PzH_2000HU
tu-2_postwar,9.0,,,0.0,,2.0,21.0,50.0,0.5,0.5,1.5,1.5,0.0,,,,,,Tu-2S-44
il_merkava_mk_3b,10.0,,,,,,90.0,45.83,0.0,0.0,1.98,1.41,0.0,,,,,,Merkava_Mk.3B
us_t95,9.0,50.0,0.0,0.0,1.0,2.0,40.0,0.0,0.0,0.0,5.0,4.45,0.0,,,,,,T95
f2a-3,8.0,,,,,,0.0,,,,,,0.0,,,,,,F2A-3
il_merkava_mk_3c,10.0,,,0.0,,2.3,108.0,61.78,0.0,0.0,2.78,3.09,0.0,,,,,,Merkava_Mk.3C
us_xm_8,9.0,,,0.0,,2.0,51.0,100.0,0.0,0.0,2.97,2.21,0.0,,,,,,XM8
f-4f_late,8.0,0.0,0.0,0.0,3.0,1.5,105.0,70.86,0.77,0.47,3.43,2.15,0.0,,,,,,◄F-4F
p-47d_22_re_france,10.0,,,1.0,,0.0,67.0,58.34,0.15,0.17,1.96,2.19,0.0,,,,,,P-47D-22-RE
do_217n_1,8.0,100.0,0.75,0.75,2.0,2.0,0.0,,,,,,0.0,,,,,,Do_217_N-1
tbd-1_1938,9.0,,,0.0,,5.22,15.0,,,0.0,,1.0,0.0,,,,,,TBD-1
fr_leopard_2a5nl,10.0,,,,,,24.0,54.76,0.0,0.0,1.11,2.0,0.0,,,,,,Leopard_2A5NL
cn_is_2_1944,9.0,,,0.0,,0.0,19.0,20.0,0.0,0.0,1.4,1.7,0.0,,,,,,IS-2_(1944)_(China)
fr_vcac_mephisto,9.0,,,,,,266.0,64.88,0.0,0.0,2.11,1.71,0.0,,,,,,MEPHISTO
fr_amx_32_105,10.0,100.0,0.0,0.0,1.3,1.3,409.0,56.08,0.0,0.0,1.77,1.56,0.0,,,,,,AMX-32_(105)
cn_m48a1_patton_III,9.0,,,,,,133.0,69.05,0.0,0.0,2.06,1.24,0.0,,,,,,M48A1_(China)
jp_type_74_red_star,6.0,50.0,0.0,0.0,0.17,0.17,456.0,56.6,0.0,0.0,1.74,1.29,0.0,,,,,,Type_74_Red_Star
pbm_1,9.0,,,0.0,,0.0,0.0,,,,,,0.0,,,,,,"PBM-1_""Mariner"""
bf-110c-4,7.0,100.0,2.0,,8.0,,7.0,,,,,,0.0,,,,,,Bf_110_C-7
yak_1_litvyak,8.0,100.0,5.0,,0.0,,0.0,,,,,,0.0,,,,,,Як-1_Литвяк
ki_61_1a_otsu_usa,6.0,50.0,6.5,6.5,0.0,0.0,16.0,100.0,0.0,0.0,1.0,1.0,0.0,,,,,,Ki-61-Ib
f-80a,7.0,100.0,1.0,,2.0,,75.0,0.0,2.56,1.93,2.89,2.79,0.0,,,,,,F-80A-5
pe-2-110,8.0,100.0,0.0,0.0,2.0,4.0,9.0,,,,,,0.0,,,,,,Pe-2-110
ussr_object_268,7.0,100.0,0.0,0.0,2.0,2.0,262.0,51.89,0.02,0.02,3.0,2.2,0.0,,,,,,Object_268
cn_type_59,7.0,,,0.0,,2.0,113.0,64.62,0.0,0.0,3.37,2.91,0.0,,,,,,Type_59
it_semovente_breda_501,8.0,63.89,0.0,0.0,2.9,4.5,194.0,57.93,0.0,0.0,2.36,1.8,0.0,,,,,,Breda_501
cn_zsl_92,7.0,,,,,,139.0,50.26,0.22,0.37,0.48,0.65,0.0,,,,,,ZSL92
fr_m44,8.0,50.0,0.0,0.0,1.0,2.0,19.0,100.0,0.0,0.0,1.0,1.0,0.0,,,,,,M44
jp_type_87_rcv_prot,7.0,0.0,2.0,2.0,1.0,1.0,264.0,55.17,0.09,0.07,2.34,1.74,0.0,,,,,,Type_87_RCV_(P)
ef_2000_fgr4,8.0,,,2.0,,0.0,75.0,42.75,0.83,0.84,0.0,0.0,0.0,,,,,,Typhoon_FGR.4
germ_flarakpz_1,7.0,100.0,1.0,,0.0,,63.0,72.22,0.83,0.56,0.0,0.0,0.0,,,,,,FlaRakPz_1
sw_zsu_57_2,7.0,,,0.0,,1.0,237.0,40.08,0.0,0.0,1.81,1.38,0.0,,,,,,ZSU-57-2
mc-202_ec,8.0,,,,,,48.0,50.0,1.0,2.0,1.5,3.0,0.0,,,,,,C._202EC
il_2_37_1943,8.0,100.0,0.88,0.88,1.0,1.0,0.0,,,,,,0.0,,,,,,IL-2-37
ussr_kv_122,9.0,,,,,,181.0,31.25,0.0,0.0,2.93,1.9,0.0,,,,,,KV-122
germ_pzkpfw_35t,9.0,100.0,0.0,0.0,5.0,0.0,0.0,,,,,,0.0,,,,,,Pz.35(t)
ki_61_1a_hei,9.0,50.0,2.0,2.0,0.0,0.0,0.0,,,,,,5.0,,,,,,Ki-61-I_hei
re_2001_serie1,8.0,,,,,,7.0,,,0.0,,0.0,0.0,,,,,,Re.2001_serie_1
it_oto_r3_106sr,7.0,100.0,0.0,0.0,1.0,1.0,162.0,100.0,0.0,0.0,3.38,1.36,0.0,,,,,,R3_T106_FA
re_2005_serie0,8.0,,,,,,0.0,,,,,,46.0,42.11,2.32,3.95,0.0,0.0,Re.2005_serie_0
ffvs_j22_a,9.0,,,2.0,,0.0,19.0,100.0,0.0,0.0,0.0,0.0,0.0,,,,,,J22-A
germ_leopard_2a4,7.0,0.0,0.0,0.0,1.0,1.0,1563.0,44.37,0.0,0.0,1.38,1.23,31.0,50.0,0.0,0.0,0.5,0.34,Leopard_2A4
f3f-2,8.0,,,0.0,,0.0,0.0,,,,,,0.0,,,,,,F3F-2
ussr_t_54_1949,8.0,50.0,0.0,0.0,1.3,1.3,102.0,46.55,0.0,0.0,1.57,1.5,24.0,16.67,0.0,0.0,0.83,1.0,T-54_(1949)
fokker_d21_serie3_finland,8.0,,,,,,6.0,,,,,,0.0,,,,,,Fokker_D.XXI-3
yak-38m,8.0,,,1.0,,0.0,25.0,46.15,0.46,0.46,0.0,0.0,0.0,,,,,,Yak-38M
f-86a-5,7.0,,,,,,157.0,63.13,1.26,1.69,0.32,0.47,0.0,,,,,,F-86A-5
bf-109a_1,8.0,,,0.0,,0.0,0.0,,,,,,0.0,,,,,,Flegel's_Bf_109_A
germ_thyssen_henschel_tam_2c,8.0,50.0,0.0,0.0,0.5,1.0,271.0,44.56,0.0,0.0,1.76,1.4,12.0,,,0.0,,0.0,TAM_2C
uk_a_12_mk_2_matilda_2,7.0,,,,,,0.0,,,,,,0.0,,,,,,Matilda_III
ussr_object_279,10.0,100.0,0.0,0.0,8.0,5.75,380.0,69.41,0.0,0.0,7.68,5.73,17.0,,,0.0,,2.0,Object_279
b-29,6.0,100.0,0.0,0.0,4.67,4.0,0.0,,,,,,22.0,,,,,,B-29A-BN
ussr_to_55,7.0,,,,,,448.0,58.51,0.0,0.0,4.52,2.42,13.0,,,,,,TO-55
mosquito_fb_mk6_norway,7.0,,,1.71,,4.0,16.0,,,,,,0.0,,,,,,◢Mosquito_FB.Mk.VI
a_10c,6.0,,,0.0,,2.0,89.0,59.22,0.35,0.46,3.86,4.87,19.0,,,,,,A-10C
me-410a-1_u4,6.0,100.0,2.0,2.0,0.0,0.0,45.0,,,0.0,,0.97,0.0,,,,,,Me_410_A-1/U4
us_mim_72_chaparral,6.0,,,,,,36.0,,,1.0,,0.0,0.0,,,,,,Imp.Chaparral
a-35b,6.0,,,,,,8.0,,,0.0,,0.0,0.0,,,,,,A-35B
sw_strf_9056,8.0,100.0,0.0,0.0,2.0,2.0,143.0,64.29,0.04,0.07,2.27,1.38,27.0,28.57,0.0,0.0,1.3,1.1,Strf_9040_BILL
p-40e_china,6.0,,,,,,0.0,,,,,,0.0,,,,,,P-40E-1_(China)
meteor_fmk8_iaf,8.0,,,1.0,,0.0,21.0,,,,,,0.0,,,,,,Meteor_F.8_(Israel)
f_111a,6.0,,,0.0,,3.0,8.0,0.0,0.0,0.0,1.0,0.5,24.0,,,,,,F-111A
germ_mkpz_m48a2ga2,7.0,,,,,,336.0,30.4,0.0,0.0,2.01,1.33,0.0,,,,,,M48A2_G_A2
uk_boxer_crv_block2,7.0,,,0.0,,1.0,426.0,58.61,0.0,0.0,1.65,0.77,0.0,,,,,,CRV_Block_2
cn_pgz_09,7.0,,,,,,280.0,44.67,0.73,0.49,0.89,0.66,0.0,,,,,,PGZ09
fr_amx_m4,6.0,,,0.0,,1.83,868.0,73.95,0.0,0.0,2.81,2.46,70.0,100.0,0.0,0.0,3.1,1.54,AMX_M4
stirling_mk1,6.0,,,,,,0.0,,,,,,0.0,,,,,,Stirling_B_Mk_I
h8k2,8.0,100.0,0.0,0.0,0.0,0.0,0.0,,,,,,0.0,,,,,,H8K2
do_217n_2,6.0,,,1.0,,0.0,0.0,,,,,,0.0,,,,,,Do_217_N-2
ussr_rbt_5,7.0,100.0,0.0,0.0,4.0,4.0,6.0,91.67,0.0,0.0,0.93,1.0,0.0,,,,,,RBT-5
cn_type_69_2g,7.0,,,,,,120.0,58.53,0.0,0.0,2.58,2.86,0.0,,,,,,T-69_II_G
germ_pzkpfw_III_ausf_B,7.0,100.0,0.0,,2.0,,0.0,,,,,,0.0,,,,,,Pz.III_B
it_of_40_mtca,7.0,,,0.0,,3.86,1035.0,66.4,0.0,0.0,4.11,2.83,80.0,40.0,0.0,0.0,1.88,1.82,OF-40_(MTCA)
f-84f_france,6.0,100.0,0.0,0.0,3.33,3.33,0.0,,,,,,0.0,,,,,,F-84F
uk_valentine_mk_11,7.0,,,,,,8.0,100.0,0.0,0.0,0.83,1.0,0.0,,,,,,Valentine_XI
uk_m4a5_ram_2,7.0,100.0,0.0,,1.0,,3.0,,,0.0,,2.0,0.0,,,,,,Ram_II
mirage_2000_5f,6.0,,,2.0,,0.0,88.0,26.77,1.71,2.24,0.14,0.18,0.0,,,,,,Mirage_2000-5F
yak-9ut,4.0,50.0,2.25,4.5,0.0,0.0,609.0,64.48,0.67,0.75,2.04,2.25,0.0,,,,,,Yak-9UT
mig-15_ns23,4.0,100.0,5.0,2.5,1.0,0.5,25.0,45.0,0.9,0.41,0.15,0.4,0.0,,,,,,MiG-15
spitfire_mk5c_notrop,7.0,100.0,1.86,1.86,1.0,1.0,11.0,100.0,3.0,1.0,2.0,1.0,0.0,,,,,,Spitfire_Mk_Vc
ki_61_1a_ko,5.0,,,,,,0.0,,,,,,0.0,,,,,,Ki-61-I_ko
hurricanemkii_ussr,6.0,100.0,5.0,4.17,0.0,0.0,0.0,,,,,,0.0,,,,,,Hurricane_Mk_IIB
ki_61_1a_tei,5.0,,,2.0,,0.0,5.0,100.0,0.0,0.0,0.0,0.0,0.0,,,,,,Ki-61-I_tei
spitfire_mk9c_4cannons,7.0,100.0,2.0,2.0,1.0,1.0,12.0,100.0,3.0,3.0,0.0,0.0,7.0,,,2.0,,0.0,Spitfire_F_Mk_IXc
f4u-7,5.0,100.0,3.8,3.8,0.0,0.0,374.0,70.28,0.34,0.36,1.66,1.72,0.0,,,,,,F4U-7
sw_ikv_72,7.0,0.0,0.0,0.0,2.0,2.0,52.0,,,0.0,,4.0,0.0,,,,,,Ikv_72
f_16c_block_50,6.0,0.0,1.0,1.0,0.33,0.33,305.0,68.35,1.31,1.43,0.52,0.58,27.0,0.0,5.43,2.57,0.0,0.0,F-16C
fr_amd_35,6.0,,,,,,15.0,,,,,,0.0,,,,,,AMD.35
bf-109e-3_japan,6.0,,,,,,30.0,11.9,2.21,2.5,0.64,0.65,0.0,,,,,,Bf_109_E-7
germ_pzkpfw_III_ausf_N,5.0,,,0.0,,2.0,34.0,100.0,0.0,0.0,6.15,5.45,0.0,,,,,,Pz.III_N
i-16_type5,4.0,,,1.0,,0.0,0.0,,,,,,0.0,,,,,,I-16_type_5
ki_84_otsu,5.0,,,,,,9.0,70.0,1.7,2.6,0.8,0.8,0.0,,,,,,Ki-84_otsu
f_15c_msip2,6.0,0.0,1.33,1.33,0.0,0.0,377.0,62.99,1.93,1.48,0.04,0.02,26.0,,,1.82,,0.0,F-15C_MSIP_II
f-86k_late,6.0,,,,,,19.0,,,1.0,,0.23,0.0,,,,,,F-86K
av_8b_plus,6.0,0.0,1.0,1.0,0.0,0.0,48.0,37.5,0.92,1.21,0.54,0.93,15.0,,,1.0,,0.0,AV-8B_Plus
germ_pzkpfw_38t_na,7.0,100.0,0.0,0.0,1.0,1.0,0.0,,,,,,0.0,,,,,,Pz.38(t)_n.A.
fr_amx_30_b2_brenus,7.0,100.0,0.0,0.0,3.0,3.0,386.0,71.07,0.0,0.0,2.29,1.89,0.0,,,,,,AMX-30B2_BRENUS
mig-19pt,7.0,,,1.0,,0.0,60.0,10.92,1.31,1.23,0.0,0.0,0.0,,,,,,MiG-19PT
re_2000_ga,7.0,,,1.0,,0.0,0.0,,,,,,0.0,,,,,,Re.2000_G.A.
uk_charioteer_mk_7,5.0,,,0.0,,1.0,124.0,54.17,0.0,0.0,4.42,2.11,0.0,,,,,,Charioteer_Mk_VII
mc-205_serie3,6.0,,,,,,3.0,,,,,,0.0,,,,,,C._205_serie_3
us_m10_booker_late,6.0,100.0,0.0,0.0,0.0,0.17,803.0,52.4,0.0,0.0,1.54,1.29,0.0,,,,,,M10_Booker
ussr_isu_122,6.0,,,,,,28.0,,,0.0,,1.47,0.0,,,,,,ISU-122
p_108a_serie2,7.0,,,0.0,,0.0,0.0,,,,,,0.0,,,,,,P.108A_serie_2
yak-15,4.0,0.0,0.0,0.0,0.0,0.0,0.0,,,,,,0.0,,,,,,Yak-15
su-2_mv5,5.0,100.0,1.4,1.4,6.2,6.2,0.0,,,,,,0.0,,,,,,Su-2_MV-5
it_breda_52_autocannone,6.0,100.0,0.0,,3.5,,4.0,100.0,0.0,0.0,2.0,2.0,0.0,,,,,,Breda_90/53
cn_type_63_I,4.0,,,,,,99.0,25.39,0.0,0.0,1.11,0.7,0.0,,,,,,Type_63-I
ussr_su_122P,5.0,,,,,,6.0,,,0.0,,2.0,0.0,,,,,,SU-122P
it_sherman_VII,6.0,100.0,0.0,0.0,3.0,2.5,62.0,6.94,0.0,0.0,2.52,2.69,0.0,,,,,,M4_Tipo_IC
jp_m42_duster,4.0,,,,,,77.0,43.18,0.48,0.52,1.91,1.71,0.0,,,,,,M42
vb_10c1,4.0,,,,,,13.0,100.0,2.0,2.0,0.0,0.0,0.0,,,,,,VB.10C-1
xp-55,4.0,100.0,10.0,,0.0,,17.0,,,,,,0.0,,,,,,XP-55
vl_myrsky_2_late,6.0,,,,,,30.0,77.78,0.22,0.22,0.48,0.48,0.0,,,,,,VL_Myrsky_II
fr_marder_clovis,4.0,100.0,0.0,0.0,1.0,1.0,113.0,68.42,0.0,0.0,2.61,2.6,0.0,,,,,,CLOVIS
a-26b_10,6.0,,,0.0,,2.67,0.0,,,,,,0.0,,,,,,A-26B-10
germ_leopard_2a4_pzbtl_123,4.0,,,,,,900.0,43.64,0.0,0.0,2.18,1.49,0.0,,,,,,Leopard_2_(PzBtl_123)
seafire_mk3_france,4.0,,,1.0,,0.0,0.0,,,,,,0.0,,,,,,Seafire_LF_Mk.III
us_nasams_fcs,5.0,,,,,,198.0,73.39,1.57,0.68,0.0,0.0,0.0,,,,,,NASAMS_3_(СОЦ)
er-2_m105r_lu2b,5.0,100.0,0.0,,1.6,,9.0,,,,,,0.0,,,,,,Yer-2_(M-105R)_LU
spitfiremkiia,4.0,,,,,,1.0,,,,,,0.0,,,,,,Spitfire_Mk_IIa
germ_kanonenjagdpanzer,4.0,,,0.0,,1.0,53.0,54.76,0.0,0.0,1.45,1.64,0.0,,,,,,JPz_4-5
i-15_1935,4.0,,,,,,0.0,,,,,,0.0,,,,,,I-15_M-22
jp_m47_patton_II,7.0,,,0.0,,0.0,235.0,69.6,0.0,0.0,2.85,2.64,0.0,,,,,,M47
uk_a25_mk_8,6.0,,,,,,0.0,,,,,,0.0,,,,,,Harry_Hopkins_I
fw_190f_8_hungary,4.0,,,1.0,,0.0,0.0,,,,,,0.0,,,,,,◔Fw_190_F-8
la-5fn_luftwaffe,4.0,100.0,22.0,,0.0,,34.0,50.0,0.56,1.12,0.0,0.0,7.0,,,,,,La-5FN
me_210a_1,3.0,,,,,,10.0,100.0,2.0,,0.0,,0.0,,,,,,Me_210_A-1
j2m2,4.0,,,4.0,,1.0,34.0,100.0,4.91,,1.26,,0.0,,,,,,J2M2
bf_109t_2,3.0,100.0,3.0,3.0,2.0,2.0,0.0,,,,,,0.0,,,,,,Bf_109_T-2
ussr_su_76m_1943,3.0,100.0,0.0,0.0,4.67,4.67,13.0,,,0.0,,0.69,0.0,,,,,,SU-76M
j2m4_kai,4.0,,,2.0,,3.0,67.0,67.22,1.48,1.78,0.31,0.4,0.0,,,,,,J2M4_Kai
uk_challenger_1_mk_3_gulf,6.0,100.0,0.0,0.0,7.67,7.67,671.0,74.24,0.0,0.0,4.68,2.52,0.0,,,,,,Challenger_DS
uk_challenger_2e,5.0,100.0,0.0,0.0,3.0,3.0,131.0,67.02,0.0,0.0,3.68,1.6,0.0,,,,,,Challenger_2E
uk_challenger_2_bn,5.0,100.0,0.0,,3.0,,164.0,60.66,0.0,0.0,3.08,2.53,0.0,,,,,,Black_Night
ki_61_1a_hei_ep,3.0,,,,,,16.0,100.0,1.36,1.33,2.95,2.79,0.0,,,,,,Tada's_Ki-61-I_hei
j6k1,3.0,,,3.0,,0.67,3.0,,,0.0,,2.0,0.0,,,,,,J6K1
germ_ru251,6.0,100.0,0.0,0.0,7.0,7.0,112.0,67.08,0.0,0.0,4.8,3.33,0.0,,,,,,Ru_251
mig-9,4.0,,,1.25,,1.0,3.0,50.0,0.0,0.0,0.5,1.0,0.0,,,,,,MiG-9
ms_410c1,4.0,50.0,1.25,2.5,0.0,0.0,0.0,,,,,,0.0,,,,,,M.S.410
ms_405c1,4.0,0.0,2.5,2.5,0.0,0.0,0.0,,,,,,0.0,,,,,,M.S.405C1
pbj_1j,4.0,,,0.0,,3.0,0.0,,,,,,0.0,,,,,,PBJ-1J
il_28,4.0,,,,,,12.0,,,0.0,,2.0,0.0,,,,,,IL-28
us_m56_scorpion,4.0,100.0,0.0,0.0,2.0,2.0,263.0,60.81,0.0,0.0,2.79,1.05,0.0,,,,,,M56
mig_3_series_34,4.0,100.0,10.75,10.75,1.0,1.0,0.0,,,,,,0.0,,,,,,MiG-3-34
sw_strf_90b,4.0,,,,,,344.0,61.74,0.18,0.11,2.04,1.57,0.0,,,,,,Strf_9040B
yak-3_france,3.0,100.0,9.5,9.5,0.0,0.0,127.0,77.26,2.68,5.35,1.19,2.6,1.0,,,,,,Yak-3
fr_leclerc_s2,4.0,,,0.0,,2.0,97.0,53.75,0.0,0.0,1.93,1.13,0.0,,,,,,Leclerc_S2
a7he1,4.0,,,,,,0.0,,,,,,0.0,,,,,,A7He1
vb_10_02,3.0,,,,,,13.0,,,1.0,,0.23,10.0,,,1.0,,0.0,VB.10-02
xf5f,3.0,,,,,,0.0,,,,,,0.0,,,,,,XF5F
f_100f_china,5.0,,,,,,0.0,,,,,,0.0,,,,,,F-100F_(China)
mig-21_bis_sau,4.0,0.0,0.0,0.0,1.0,1.0,43.0,100.0,1.88,1.17,0.0,0.0,0.0,,,,,,◊MiG-21bis-SAU
ms_406c1,4.0,0.0,1.0,,0.0,,0.0,,,,,,0.0,,,,,,M.S.406C1
j_7d,4.0,,,0.0,,1.0,547.0,66.02,1.49,2.04,0.35,0.48,0.0,,,,,,J-7D
it_m13_40_serie_1,4.0,,,,,,0.0,,,,,,0.0,,,,,,M13/40_(I)
fr_amx_13_dca_40,3.0,0.0,0.0,0.0,0.0,0.0,295.0,59.22,0.12,0.12,1.46,1.36,0.0,,,,,,AMX-13_DCA_40
p-51h-5_na,4.0,,,,,,179.0,48.9,1.51,3.15,1.97,4.2,22.0,,,3.71,,0.0,P-51H-5-NA
spitfire_ix_ussr,4.0,,,1.0,,0.0,54.0,81.88,2.12,3.23,0.84,2.58,0.0,,,,,,Spitfire_Mk_IXc
b_25j_30_china,3.0,,,,,,14.0,50.0,0.0,0.0,0.0,0.0,0.0,,,,,,B-25J-30_(China)
fr_leclerc_s1,4.0,,,,,,147.0,33.68,0.0,0.0,2.31,1.53,0.0,,,,,,Leclerc
il_28sh,4.0,,,0.0,,2.0,24.0,50.0,0.0,0.0,0.5,1.0,0.0,,,,,,IL-28Sh
us_xm_975_roland,3.0,0.0,1.0,1.0,0.0,0.0,129.0,32.78,1.97,1.25,0.0,0.0,0.0,,,,,,XM975
ta_154a_1,4.0,100.0,1.0,,0.0,,22.0,0.0,1.0,1.0,0.0,0.0,0.0,,,,,,Ta_154_A-1
pbj_1h,4.0,,,0.0,,0.0,0.0,,,,,,0.0,,,,,,PBJ-1H
mig-21_mf,4.0,,,0.0,,0.0,101.0,78.17,1.26,1.49,0.0,0.0,0.0,,,,,,◊MiG-21MF
us_adats_bradley,3.0,0.0,0.0,0.0,0.0,0.0,465.0,28.44,0.73,0.4,0.41,0.22,0.0,,,,,,ADATS
p_108b_serie2,4.0,0.0,0.0,0.0,2.25,2.25,0.0,,,,,,0.0,,,,,,P.108B_serie_2
sb_2m_103c,5.0,50.0,0.5,,1.0,,0.0,,,,,,0.0,,,,,,SB_2M-103
us_t54e1,3.0,,,0.0,,1.0,46.0,100.0,0.0,0.0,3.94,2.9,0.0,,,,,,T54E1
su_30mkm,3.0,100.0,7.0,,0.0,,365.0,60.73,1.38,1.38,1.13,1.15,5.0,,,1.0,,0.0,Su-30MKM
alpha_jet_a_thailand,3.0,66.67,0.0,0.0,4.0,6.0,254.0,66.57,0.21,0.19,2.35,2.53,0.0,,,,,,Alpha_Jet_A
cn_type_97_chi_ha,4.0,100.0,0.0,,3.0,,0.0,,,,,,0.0,,,,,,Chi-Ha_(China)
ussr_t_26_4,2.0,,,0.0,,2.0,0.0,,,,,,0.0,,,,,,T-26-4
brigand_b1,2.0,,,,,,0.0,,,,,,0.0,,,,,,Brigand_B_1
meteor_nfmk13,3.0,,,1.0,,1.0,10.0,100.0,3.0,,3.4,,0.0,,,,,,Meteor_NF.13_(Israel)
ussr_gaz_mm_72k,2.0,,,,,,15.0,57.14,0.0,0.0,0.59,1.0,0.0,,,,,,GAZ-MM_(72-K)
v_12d,2.0,,,,,,0.0,,,,,,0.0,,,,,,V-12D
f9f-5,1.0,,,2.0,,0.0,11.0,,,,,,0.0,,,,,,F9F-5
it_semovente_m43_75_46,3.0,100.0,0.0,0.0,3.0,3.0,0.0,,,,,,0.0,,,,,,75/46_M43
jp_type_16_mod,2.0,,,0.0,,2.0,271.0,70.67,0.0,0.0,4.58,2.26,0.0,,,,,,Type_16_(FPS)
md_450b_ouragan_iaf,3.0,,,1.0,,0.0,14.0,,,1.0,,0.0,0.0,,,,,,M.D.450B_Ouragan_(Israel)
germ_sdkfz_234_4,2.0,,,,,,29.0,0.0,0.0,0.0,5.25,3.24,0.0,,,,,,Sd.Kfz.234/4
germ_flakpanzer_I_ausf_A,3.0,0.0,0.0,,2.33,,11.0,,,0.0,,2.36,0.0,,,,,,Flakpanzer_I
fr_amx_50_1950,4.0,,,0.0,,1.25,94.0,63.89,0.0,0.0,4.83,2.49,52.0,37.78,0.0,0.0,1.59,1.92,AMX-50_(TO90/930)
mirage_3c,2.0,,,1.0,,0.0,51.0,100.0,4.16,4.73,1.02,1.23,0.0,,,,,,Mirage_IIIC
us_m8a1,0.0,,,,,,48.0,66.67,0.0,0.0,4.52,3.03,0.0,,,,,,M8A1_GMC
it_fiat_6616_cockerill,4.0,,,0.0,,1.0,142.0,60.42,0.0,0.0,4.02,1.54,0.0,,,,,,AUBL/74
il_magach_2,2.0,,,,,,88.0,68.34,0.0,0.0,1.98,1.43,0.0,,,,,,Magach_2
p-51b,2.0,,,,,,27.0,100.0,1.82,1.63,1.18,1.38,18.0,,,,,,Mustang_Mk_IA
uk_fv4005,2.0,,,0.0,,1.0,112.0,40.71,0.0,0.0,2.45,2.1,0.0,,,,,,FV4005
il_ss_11_halftrack,4.0,,,0.0,,1.0,21.0,93.75,0.0,0.0,1.63,1.44,0.0,,,,,,Zachlam_Tager
it_btr_80a_hungary,4.0,100.0,0.0,0.0,0.0,0.0,207.0,61.07,0.0,0.0,1.62,1.03,0.0,,,,,,◔BTR-80A
it_c13_t90,4.0,100.0,0.0,0.0,1.0,1.0,87.0,78.57,0.0,0.0,3.02,1.62,0.0,,,,,,C13_T90
hunter_f1,2.0,,,1.0,,0.0,19.0,73.68,0.97,1.47,0.74,1.0,0.0,,,,,,Hunter_F.1
us_m47_patton_II,3.0,,,,,,268.0,40.93,0.0,0.0,3.02,1.47,0.0,,,,,,M47
it_of_40_mk_1,3.0,,,0.0,,2.0,170.0,69.5,0.0,0.0,2.35,2.33,0.0,,,,,,OF-40
pby-5,2.0,,,,,,0.0,,,,,,0.0,,,,,,PBY-5_Catalina
pby-5a,2.0,,,,,,0.0,,,,,,0.0,,,,,,PBY-5A_Catalina
he-111h-2,4.0,,,,,,0.0,,,,,,0.0,,,,,,He_111_H-3
germ_sdkfz_234_1,4.0,,,,,,4.0,,,0.0,,3.0,0.0,,,,,,Sd.Kfz.234/1
mirage_f1c_200,0.0,,,,,,848.0,54.41,1.15,1.44,0.39,0.47,78.0,100.0,8.0,1.9,0.0,0.0,Mirage_F1C-200
fr_amx_32,3.0,100.0,0.0,,3.0,,215.0,50.71,0.0,0.0,2.61,2.17,0.0,,,,,,AMX-32
it_semovente_m42_75_34,4.0,50.0,0.0,0.0,2.0,4.0,0.0,,,,,,0.0,,,,,,75/34_M42
d4y2,1.0,,,,,,0.0,,,,,,0.0,,,,,,D4Y2
beaufighter_mk6c,1.0,,,,,,0.0,,,,,,0.0,,,,,,Beaufighter_Mk_VIc
jp_type_5_ho_ri_production,3.0,100.0,0.0,0.0,5.0,5.0,792.0,66.89,0.0,0.0,4.59,4.4,0.0,,,,,,Ho-Ri_Production
us_m60a1,3.0,100.0,0.0,,2.0,,300.0,62.99,0.0,0.0,2.71,1.65,0.0,,,,,,M60A1_(AOS)
hurricane_mk4,1.0,,,,,,6.0,,,,,,0.0,,,,,,Hurricane_Mk_IV
f-84g_china,2.0,,,1.0,,1.0,7.0,,,0.0,,0.0,0.0,,,,,,F-84G-21-RE_(China)
it_sherman_vc_firefly,3.0,,,0.0,,1.0,72.0,29.41,0.0,0.0,2.71,1.72,0.0,,,,,,Sherman_Vc
pb4y-2,2.0,,,0.0,,1.0,0.0,,,,,,0.0,,,,,,PB4Y-2
germ_pzkpfw_V_ersatz_m10,1.0,,,,,,26.0,,,0.0,,4.18,0.0,,,,,,Ersatz_M10
it_otobreda_sidam_25,1.0,,,,,,47.0,50.0,0.0,0.0,0.0,0.0,0.0,,,,,,SIDAM_25
sw_pvkv_III,1.0,100.0,0.0,0.0,2.0,2.0,43.0,,,0.0,,0.0,0.0,,,,,,Pvkv_III
us_xm246,1.0,100.0,0.0,0.0,1.0,1.0,1331.0,52.94,0.22,0.17,1.56,1.28,0.0,,,,,,XM246
fr_bat_chat_25t,1.0,,,0.0,,4.0,245.0,89.65,0.0,0.0,4.58,3.24,0.0,,,,,,Char_25t
cn_su_76m_1943,2.0,,,,,,0.0,,,,,,0.0,,,,,,SU-76M_(China)
spitfire_ix,3.0,,,,,,0.0,,,,,,89.0,38.89,7.28,2.1,0.0,0.0,Spitfire_LF_Mk_IX
do_335a_0,3.0,100.0,2.5,2.5,0.0,0.0,12.0,100.0,1.0,1.0,4.0,4.0,0.0,,,,,,Do_335_A-0
sw_bmp_2md,3.0,,,0.0,,1.0,87.0,100.0,0.0,0.0,3.75,0.96,0.0,,,,,,BMP-2MD
uk_challenger_mk_3,1.0,,,0.0,,1.0,235.0,54.54,0.0,0.0,2.15,1.4,0.0,,,,,,Challenger_Mk.3
j8m1,2.0,100.0,0.0,0.0,1.0,1.0,124.0,59.23,1.26,5.85,0.22,1.0,0.0,,,,,,Ki-200
it_leopard_1a2,2.0,50.0,0.0,0.0,1.0,1.0,104.0,43.33,0.0,0.0,3.21,1.55,0.0,,,,,,Leopard_1A2
su-7bkl,3.0,,,0.0,,1.0,43.0,80.77,0.0,0.0,1.77,1.43,0.0,,,,,,Su-7BKL
us_m60a2,2.0,,,,,,77.0,100.0,0.0,0.0,7.29,1.92,0.0,,,,,,M60A2
sw_cv_90105,3.0,,,0.0,,0.0,393.0,49.46,0.0,0.0,1.87,1.28,0.0,,,,,,CV_90105_TML
cn_vt_4b,3.0,50.0,0.0,0.0,1.0,1.33,116.0,97.37,0.0,0.0,5.41,2.46,0.0,,,,,,VT4A1
d4y3,1.0,,,0.0,,3.0,13.0,,,,,,0.0,,,,,,D4Y3_Ko
jp_type_16,2.0,,,,,,138.0,43.33,0.0,0.0,2.62,1.72,0.0,,,,,,Type_16
uk_matilda_hedgehog,0.0,,,,,,0.0,,,,,,0.0,,,,,,Matilda_Hedgehog
ussr_isu_152,0.0,,,,,,18.0,100.0,0.0,0.0,3.0,3.0,0.0,,,,,,ISU-152
us_halftrack_m16,0.0,,,,,,20.0,,,,,,0.0,,,,,,M16_MGMC
germ_flakpanzer_zerstorer_45,2.0,,,,,,182.0,21.39,1.13,0.9,0.23,0.24,0.0,,,,,,Zerstörer_45
f-86f-40_japan,1.0,100.0,0.0,0.0,2.0,2.0,39.0,76.98,0.99,1.65,0.79,1.12,0.0,,,,,,F-86F-40_
tu-2_postwar_china,0.0,,,,,,19.0,100.0,0.0,0.0,2.0,1.58,0.0,,,,,,Tu-2S-44_(China)
su_6_single,0.0,,,,,,6.0,50.0,0.5,0.5,3.5,3.5,0.0,,,,,,Su-6
it_m14_41_47_40,2.0,,,0.0,,2.0,20.0,,,0.0,,1.0,0.0,,,,,,M14/41_(47/40)
us_m1a1_aim_abrams,1.0,,,,,,1008.0,52.77,0.0,0.0,1.83,1.74,2.0,,,0.0,,0.0,M1A1_AIM
il_centurion_shot_kal_gimel,2.0,100.0,0.0,,2.0,,113.0,51.93,0.0,0.0,2.43,2.66,0.0,,,,,,Sho't_Kal_Gimel
saab_j21a_2,0.0,,,,,,20.0,,,,,,0.0,,,,,,J21A-2
il-10_1946_china,0.0,,,,,,17.0,50.0,0.0,0.0,2.0,4.0,0.0,,,,,,IL-10_(1946)_(China)
il_zsu_23_4,1.0,100.0,1.0,1.0,0.0,0.0,100.0,98.41,0.2,0.48,0.01,0.01,0.0,,,,,,ZSU-23-4_(Israel)
it_b1_centauro,1.0,,,,,,673.0,68.65,0.0,0.0,1.7,1.66,12.0,5.0,0.0,0.0,0.95,1.0,Centauro_I_105
su-7b,0.0,,,,,,36.0,60.0,0.28,0.28,0.63,0.67,0.0,,,,,,Su-7B
sw_strv_m40l,2.0,,,,,,9.0,,,0.0,,1.0,0.0,,,,,,Strv_m/40L
saab_j21a_1,0.0,,,,,,6.0,,,1.5,,1.0,0.0,,,,,,J21A-1
it_zsu_23_4,1.0,0.0,1.0,1.0,0.0,0.0,65.0,14.01,0.03,0.02,0.0,0.0,0.0,,,,,,◔ZSU-23-4
fokker_d21_mod20,2.0,,,,,,0.0,,,,,,0.0,,,,,,Fokker_D.XXI
germ_vilkas,0.0,,,,,,124.0,29.72,0.04,0.07,1.74,1.6,0.0,,,,,,Vilkas
saab_a21a_3,0.0,,,,,,205.0,54.75,0.37,0.43,0.68,0.84,0.0,,,,,,A21A-3
uk_g6_spg,2.0,,,0.0,,0.0,28.0,33.33,0.3,0.5,1.0,1.5,0.0,,,,,,G6
morko_morane,2.0,,,,,,29.0,50.0,0.85,1.36,0.6,0.96,0.0,,,,,,Mörkö-Morane
ussr_2s25,2.0,,,,,,235.0,39.83,0.0,0.0,1.65,1.14,0.0,,,,,,2S25
il_2_1942_luftwaffe,0.0,,,,,,3.0,0.0,0.0,0.0,0.0,0.0,0.0,,,,,,IL-2_(1942)
fr_m55,1.0,,,0.0,,2.0,0.0,,,,,,0.0,,,,,,M55
b6n1,0.0,,,,,,6.0,,,,,,0.0,,,,,,B6N1_Model_11
hurricanemkii,0.0,,,,,,0.0,,,,,,0.0,,,,,,Hurricane_Mk_IIB/Trop
sb2u-2,0.0,,,,,,0.0,,,,,,0.0,,,,,,SB2U-2
hp52_hampden_tbmk1_ussr_utk1,0.0,,,,,,0.0,,,,,,0.0,,,,,,Hampden_TB_Mk_I
ussr_t_126sp,0.0,,,,,,8.0,,,0.0,,1.5,0.0,,,,,,T-126
fr_m10,0.0,,,,,,85.0,75.0,0.0,0.0,5.25,2.78,0.0,,,,,,M10_GMC
germ_sdkfz_251_10,0.0,,,,,,13.0,,,0.0,,1.0,0.0,,,,,,Sd.Kfz.251/10
db_7,0.0,,,,,,0.0,,,,,,0.0,,,,,,DB-7
f-84g_thailand,0.0,,,,,,79.0,53.33,0.81,1.3,1.63,2.77,0.0,,,,,,F-84G-21-RE
do_217k_1,0.0,,,,,,13.0,,,0.0,,0.0,0.0,,,,,,Do_217_K-1
p-39q_25_france,0.0,,,,,,3.0,,,,,,0.0,,,,,,P-39Q-25
ussr_object_248,0.0,,,,,,42.0,18.75,0.0,0.0,3.85,3.95,0.0,,,,,,Object_248
us_t28,0.0,,,,,,0.0,,,,,,0.0,,,,,,T28
cn_m42_duster,0.0,,,,,,25.0,50.0,0.75,0.28,0.75,0.28,0.0,,,,,,M42_(China)
spitfire_lf_mk9c_cw_greece,0.0,,,,,,55.0,80.95,0.83,0.38,0.83,0.38,0.0,,,,,,Spitfire_LF_Mk.IXc_(CW)
f_16a_block_10_iaf,0.0,,,,,,0.0,,,,,,13.0,,,1.0,,0.0,Netz
it_m26_ariete,5.0,75.0,0.0,0.0,3.3,4.3,14.0,,,0.0,,4.0,0.0,,,,,,"M26_""D.C.Ariete"""
yak-9t_france,0.0,,,,,,0.0,,,,,,0.0,,,,,,Challe's_Yak-9T
pe-2-1,0.0,,,,,,2.0,,,0.0,,0.0,0.0,,,,,,Pe-2-1
sbd-3,0.0,,,,,,0.0,,,,,,0.0,,,,,,SBD-3
fr_amx_50_foch,0.0,,,,,,94.0,100.0,0.0,0.0,4.92,1.87,0.0,,,,,,AMX-50_Foch
it_t_72m1,0.0,,,,,,536.0,68.34,0.0,0.0,3.18,3.05,0.0,,,,,,◔T-72M1
spitfire_mk14e,0.0,,,,,,18.0,100.0,2.22,2.22,1.22,1.22,0.0,,,,,,Spitfire_F_Mk_XIVe
so_4050_vautour_2a_iaf,0.0,,,,,,0.0,,,,,,0.0,,,,,,Vautour_IIA_IDF/AF
it_m18_hellcat,0.0,,,,,,296.0,76.42,0.0,0.0,3.73,2.12,0.0,,,,,,M18
il_merkava_mk_3_raam_segol,0.0,,,,,,424.0,53.52,0.0,0.0,3.79,2.48,14.0,,,0.0,,1.43,Ra'am_Sagol
ki_10_1_commander,0.0,,,,,,0.0,,,,,,0.0,,,,,,Ki-10-I_C
jp_type_89,0.0,,,,,,348.0,67.25,0.0,0.0,2.97,2.53,0.0,,,,,,Type_89
sm_79_1939_italy,0.0,,,,,,0.0,,,,,,0.0,,,,,,S.M.79_serie_8
pby-5a_ussr,0.0,,,,,,0.0,,,,,,0.0,,,,,,PBY-5A_Catalina
g_55_serie1,0.0,,,,,,12.0,,,0.5,,1.0,0.0,,,,,,G.55_serie_1
ki_44_2_otsu,0.0,,,,,,0.0,,,,,,0.0,,,,,,Ki-44-II_otsu
p-63c-5_kingcobra_animal_version,0.0,,,,,,204.0,68.22,0.89,1.21,2.66,3.66,0.0,,,,,,␠Kingcobra
p-39k_1,0.0,,,,,,0.0,,,,,,0.0,,,,,,P-39K-1
us_ccvl,0.0,,,,,,160.0,65.83,0.0,0.0,5.12,3.33,0.0,,,,,,CCVL
f2a-1,0.0,,,,,,0.0,,,,,,0.0,,,,,,F2A-1
f2g-1,0.0,,,,,,295.0,66.63,1.42,1.01,2.94,2.16,0.0,,,,,,F2G-1
harrier_frs1_early,0.0,,,,,,0.0,,,,,,0.0,,,,,,Sea_Harrier_FRS.1_(e)
typhoon_mk1a,0.0,,,,,,1.0,,,0.0,,0.0,0.0,,,,,,Typhoon_Mk_Ia
jp_m60a3_tts,0.0,,,,,,61.0,100.0,0.0,0.0,5.4,3.73,0.0,,,,,,M60A3_TTS
sw_cv_90120,0.0,,,,,,241.0,50.32,0.0,0.0,2.02,1.97,0.0,,,,,,CV_90120
jp_type_74_f,0.0,,,,,,353.0,64.75,0.0,0.0,2.69,2.39,0.0,,,,,,Type_74_(F)
uk_m109a1,0.0,,,,,,38.0,0.0,0.0,0.0,1.77,0.71,0.0,,,,,,M109A1
ussr_su_57,0.0,,,,,,22.0,,,0.0,,1.0,0.0,,,,,,SU-57
ussr_su_122,0.0,,,,,,129.0,61.54,0.0,0.0,3.69,1.76,0.0,,,,,,SU-122
hurricane_mk1,0.0,,,,,,6.0,100.0,1.0,,0.0,,1.0,,,2.0,,0.0,Hurricane_Mk_I/L
uk_m3a1_stuart,0.0,,,,,,0.0,,,,,,0.0,,,,,,Stuart_III
jaguar_gr1,0.0,,,,,,3.0,,,0.0,,1.0,0.0,,,,,,Jaguar_GR.1
tu-1,0.0,,,,,,48.0,73.49,0.68,0.95,1.9,2.59,0.0,,,,,,Tu-1
germ_sdkfz_251_21,0.0,,,,,,101.0,30.06,1.44,1.84,0.3,0.48,0.0,,,,,,Sd.Kfz.251/21
il_mim_72_chaparral,0.0,,,,,,19.0,100.0,0.0,,0.0,,0.0,,,,,,Imp.Chaparral_(Israel)
a6m5hei,0.0,,,,,,23.0,100.0,2.0,2.0,3.0,3.0,0.0,,,,,,A6M5_Hei
p-66,0.0,,,,,,0.0,,,,,,0.0,,,,,,P-66
uk_a30_sp_avenger_kit_3rank,0.0,,,,,,88.0,82.07,0.0,0.0,3.77,3.91,0.0,,,,,,Avenger_(Overlord)
n1k2_j,0.0,,,,,,14.0,,,2.5,,2.5,0.0,,,,,,N1K2-J
it_semovente_m43_105_leoncello,0.0,,,,,,0.0,,,,,,0.0,,,,,,"M43_""G.C.Leoncello"""
yak-23,0.0,,,,,,2.0,,,1.0,,0.0,0.0,,,,,,Yak-23
uk_sherman_vc_firefly_kit_3rank,0.0,,,,,,102.0,55.06,0.0,0.0,3.68,3.28,0.0,,,,,,Firefly_(Overlord)
ki-83,0.0,,,,,,0.0,,,,,,0.0,,,,,,Ki-83
ki_84_hei,0.0,,,,,,59.0,84.62,1.88,1.58,1.4,1.05,0.0,,,,,,Ki-84_hei
fr_leopard_2a6nl,0.0,,,,,,0.0,,,,,,0.0,,,,,,Leopard_2A6NL
fr_pzkpfw_V_panther_dauphine,0.0,,,,,,13.0,,,0.0,,2.0,0.0,,,,,,Panther_«Dauphine»
md_454_mystere_4a,0.0,,,,,,23.0,100.0,3.0,3.0,3.0,3.0,0.0,,,,,,Mystere_IVA
i-16_type10_china,0.0,,,,,,0.0,,,,,,0.0,,,,,,I-16_type_10_(China)
jp_type_5_chi_ri,0.0,,,,,,187.0,66.67,0.0,0.0,4.4,3.67,0.0,,,,,,Chi-Ri_II
uk_a_22f_mk_7_churchill_crocodile,0.0,,,,,,29.0,77.78,0.0,0.0,4.28,2.68,0.0,,,,,,Churchill_Crocodile
ussr_9a33bm3,0.0,,,,,,28.0,25.0,1.5,1.0,0.0,0.0,0.0,,,,,,Оса-АКМ
b-17g_iaf,0.0,,,,,,0.0,,,,,,0.0,,,,,,B-17G_(Israel)
hornet_mk3,0.0,,,,,,0.0,,,,,,0.0,,,,,,Hornet_Mk.III
ki_10_2,0.0,,,,,,25.0,,,,,,0.0,,,,,,Ki-10-II
mig-17,0.0,,,,,,78.0,55.56,1.85,3.22,1.05,1.72,0.0,,,,,,MiG-17
us_t86,0.0,,,,,,74.0,67.36,0.0,0.0,2.67,2.11,0.0,,,,,,T86
re_2000_j20,0.0,,,,,,0.0,,,,,,0.0,,,,,,J20
p-51c-10_france,0.0,,,,,,21.0,100.0,1.4,1.33,1.3,1.33,0.0,,,,,,F-6C-10-NA
n1k2_jko,0.0,,,,,,2.0,100.0,0.0,,1.0,,0.0,,,,,,N1K2-Ja
it_pzkpfw_III_ausf_N,0.0,,,,,,6.0,,,0.0,,1.0,0.0,,,,,,Pz.III_N
sw_pvkv_iv,0.0,,,,,,20.0,,,0.0,,2.8,0.0,,,,,,Pvkv_IV
seafire_mk3,0.0,,,,,,0.0,,,,,,0.0,,,,,,Seafire_LF_Mk.III
us_m2_medium,0.0,,,,,,0.0,,,,,,0.0,,,,,,M2
hurricane_mk1b,0.0,,,,,,0.0,,,,,,0.0,,,,,,Sea_Hurricane_Mk_IB
md_460,0.0,,,,,,19.0,50.0,1.5,1.5,1.0,1.0,0.0,,,,,,Super_Mystere_B2
uk_centurion_mk_1,0.0,,,,,,108.0,88.89,0.0,0.0,5.08,5.37,0.0,,,,,,Centurion_Mk_1
fiat_g50_seria7as_italy,0.0,,,,,,0.0,,,,,,0.0,,,,,,G.50_AS_serie_7
germ_infanterie_kampfpanzer_churchill,0.0,,,,,,18.0,100.0,0.0,0.0,1.0,0.5,0.0,,,,,,Pz.Kpfw._Churchill
us_t55e1,0.0,,,,,,94.0,85.9,0.0,0.0,7.63,3.76,0.0,,,,,,T55E1
ki_43_1,0.0,,,,,,0.0,,,,,,0.0,,,,,,Ki-43-I
ussr_object_685,0.0,,,,,,345.0,54.96,0.0,0.0,2.33,1.67,0.0,,,,,,Object_685
alpha_jet_e,0.0,,,,,,27.0,100.0,0.0,0.0,0.91,1.2,0.0,,,,,,Alpha_Jet_E
p-40f_10,0.0,,,,,,32.0,30.0,0.7,0.27,1.0,1.0,11.0,,,,,,P-40F-10
jp_type_75,0.0,,,,,,35.0,,,0.0,,2.73,0.0,,,,,,Type_75_SPH
uk_a_34_comet_iron_duke,0.0,,,,,,21.0,50.0,0.0,0.0,1.39,1.61,0.0,,,,,,"Comet_I_""Iron_Duke_IV"""
bf-109f-4_usa,0.0,,,,,,5.0,,,,,,15.0,,,1.0,,0.0,Bf_109_F-4
seafire_mk17,0.0,,,,,,16.0,,,,,,0.0,,,,,,Seafire_F_Mk_XVII
fr_amx_10p,0.0,,,,,,240.0,53.01,0.46,0.43,0.95,0.87,0.0,,,,,,AMX-10P
us_t77e1,0.0,,,,,,96.0,14.71,2.62,1.94,0.0,0.0,0.0,,,,,,T77E1
germ_leopard_2a4m_can_sm,0.0,,,,,,1761.0,44.93,0.0,0.0,1.57,1.3,0.0,,,,,,◍Leopard_2A4M
us_m109a1,0.0,,,,,,98.0,53.45,0.38,0.26,1.59,0.96,0.0,,,,,,M109A1
re_2000_heja_2,0.0,,,,,,0.0,,,,,,0.0,,,,,,◔Héja_II
uk_olifant_mk_2,0.0,,,,,,175.0,76.68,0.0,0.0,2.56,2.22,0.0,,,,,,Olifant_Mk.2
germ_m55,0.0,,,,,,106.0,81.61,0.0,0.0,3.11,1.65,0.0,,,,,,◄M55
cn_gmc_cckw_353_m45_quad,0.0,,,,,,14.0,,,,,,0.0,,,,,,CCKW_353_(M45)
p-38l_1_china_rocaf,0.0,,,,,,52.0,50.0,0.5,0.45,1.0,1.73,0.0,,,,,,P-38L-1_(China)
la_200_toriy,0.0,,,,,,93.0,23.81,1.27,1.24,3.75,2.31,0.0,,,,,,La-200
uk_ratel_90,0.0,,,,,,85.0,83.81,0.0,0.0,3.8,2.3,0.0,,,,,,Ratel_90
p-63c-5_france,0.0,,,,,,22.0,100.0,0.15,0.15,2.31,2.31,0.0,,,,,,P-63C-5
fr_amx_40,0.0,,,,,,268.0,57.55,0.0,0.0,1.85,1.65,13.0,,,0.0,,2.0,AMX-40
pbm_5a,0.0,,,,,,9.0,50.0,0.5,1.0,1.0,2.0,0.0,,,,,,"PBM-5A_""Mariner"""
yak-38,0.0,,,,,,82.0,30.13,0.62,0.51,0.0,0.0,0.0,,,,,,Yak-38
er-2_ach30b_early,0.0,,,,,,0.0,,,,,,0.0,,,,,,Yer-2_(ACh-30B)_(e)
uk_fv721_fox,0.0,,,,,,144.0,59.38,0.0,0.0,2.28,1.99,1.0,,,,,,Fox
seafire_fr47,0.0,,,,,,0.0,,,,,,0.0,,,,,,Seafire_FR_47
sm_91,0.0,,,,,,40.0,,,0.0,,0.35,0.0,,,,,,SM.91
douglas_ad_4,0.0,,,,,,22.0,52.78,0.05,0.05,2.47,3.15,0.0,,,,,,AD-4
uk_fv221_caernarvon,0.0,,,,,,154.0,50.0,0.0,0.0,1.07,1.08,0.0,,,,,,Caernarvon
germ_sppz2_luchs_a2,0.0,,,,,,79.0,13.58,0.5,0.28,0.26,0.24,0.0,,,,,,Luchs_A2
he_112v_5,0.0,,,,,,0.0,,,,,,0.0,,,,,,He_112_V-5
buccaneer_s2b,0.0,,,,,,99.0,33.33,0.0,0.0,2.21,3.42,0.0,,,,,,Buccaneer_S.2B
il_m48a1_patton_III,0.0,,,,,,114.0,50.56,0.0,0.0,1.38,0.98,0.0,,,,,,Magach_1
sw_t_55m,0.0,,,,,,451.0,55.68,0.0,0.0,1.54,1.56,0.0,,,,,,T-55M
us_m1a1_abrams,0.0,,,,,,890.0,53.92,0.0,0.0,1.66,1.69,0.0,,,,,,M1A1
tornado_gr4,0.0,,,,,,0.0,,,,,,0.0,,,,,,Tornado_GR.4
a5m4,0.0,,,,,,0.0,,,,,,0.0,,,,,,A5M4
pe-2-205,0.0,,,,,,0.0,,,,,,0.0,,,,,,Pe-2-205
germ_bmp_1_ddr,0.0,,,,,,112.0,32.25,0.0,0.0,0.55,0.58,0.0,,,,,,SPz_BMP-1
hurricane_mk1_late_finland,0.0,,,,,,0.0,,,,,,0.0,,,,,,Hurricane_Mk_I/L
javelin_fmk9,0.0,,,,,,65.0,48.24,1.24,2.51,0.61,1.21,18.0,,,3.0,,0.0,Javelin_F.(A.W.)_Mk.9
jp_type_99,0.0,,,,,,151.0,61.67,0.54,0.55,2.27,2.01,0.0,,,,,,Type_99
fr_m4a4_cn_75_50,0.0,,,,,,115.0,41.67,0.0,0.0,3.07,2.13,0.0,,,,,,M4A4_(SA50)
germ_leopard_2a5,0.0,,,,,,1141.0,40.66,0.0,0.0,1.6,1.5,0.0,,,,,,Leopard_2A5
germ_stuh_III_ausf_G,1.0,,,,,,33.0,,,0.0,,3.0,0.0,,,,,,StuH_42_G
b_52h,0.0,,,,,,95.0,71.3,0.0,0.0,1.82,2.3,0.0,,,,,,B-52H
lancaster_mr7_france,0.0,,,,,,0.0,,,,,,0.0,,,,,,Lancaster_MR.7
i-15_1935_moscow,0.0,,,,,,0.0,,,,,,0.0,,,,,,I-15_M-25
fr_panhard_ebr_1951,0.0,,,,,,267.0,51.54,0.0,0.0,2.08,1.55,0.0,,,,,,E.B.R._(1951)
sw_vickers_mk_e_45,0.0,,,,,,0.0,,,,,,0.0,,,,,,T-26E
p-38e,0.0,,,,,,0.0,,,,,,0.0,,,,,,P-38E
uk_crusader_mk_2_the_saint,0.0,,,,,,34.0,100.0,0.0,0.0,2.3,2.2,0.0,,,,,,"Crusader_""The_Saint"""
jp_type_87_rcv,0.0,,,,,,267.0,71.42,0.0,0.0,2.57,1.96,0.0,,,,,,Type_87_RCV
uk_ystervark_spaa,0.0,,,,,,75.0,54.55,0.77,1.03,0.0,0.0,0.0,,,,,,Ystervark
f_14a_early,0.0,,,,,,146.0,74.5,1.35,1.07,0.02,0.02,0.0,,,,,,F-14A_Early
g5n1,0.0,,,,,,0.0,,,,,,0.0,,,,,,G5N1
fiat_cr42_j11,0.0,,,,,,0.0,,,,,,0.0,,,,,,J11
ju-87d-3,0.0,,,,,,6.0,100.0,0.0,0.0,1.0,1.0,0.0,,,,,,Ju_87_D-3
ju-88a-1,0.0,,,,,,0.0,,,,,,0.0,,,,,,Ju_88_A-1
ki_67_1_otsu,0.0,,,,,,0.0,,,,,,0.0,,,,,,Ki-67-I_otsu
sw_strv_m39_td,0.0,,,,,,0.0,,,,,,0.0,,,,,,Strv_m/39_TD
su_17m2,0.0,,,,,,0.0,,,,,,0.0,,,,,,Su-17M2
pb4y-2_china,0.0,,,,,,0.0,,,,,,0.0,,,,,,PB4Y-2_(China)
us_m18_hellcat_black_cat_race,,,,,,,,,,,,,,,,,,,"""Racing""_M18"
it_semovente_m43_105,0.0,,,,,,10.0,,,,,,0.0,,,,,,105/25_M43
germ_panzerwerfer_42,0.0,,,,,,0.0,,,,,,0.0,,,,,,15_cm_Pz.W.42
fr_char_2c,0.0,,,,,,0.0,,,,,,0.0,,,,,,2C
ussr_zprk_2s6,0.0,,,,,,682.0,60.66,1.05,0.76,0.28,0.19,0.0,,,,,,2S6
germ_sturmmorser_sturmtiger,0.0,,,,,,54.0,50.0,0.0,0.0,1.3,2.25,0.0,,,,,,38_cm_Sturmmörser
it_semovente_l40,0.0,,,,,,0.0,,,,,,0.0,,,,,,47/32_L40
it_semovente_m41_75_18,0.0,,,,,,0.0,,,,,,0.0,,,,,,75/18_M41
it_semovente_m41_75_32,0.0,,,,,,0.0,,,,,,0.0,,,,,,75/32_M41
it_semovente_m43_75_34,0.0,,,,,,17.0,,,,,,0.0,,,,,,75/34_M43
ussr_buk_m3_launcher,,,,,,,,,,,,,,,,,,,"9К317М_""БУК-М3""_(СОУ)"
ussr_buk_m3_fcs,0.0,,,,,,64.0,84.06,1.14,0.36,0.0,0.0,0.0,,,0.0,,0.0,"9К317М_""БУК-М3""_(СОЦ)"
douglas_a_1h,0.0,,,,,,365.0,89.1,0.38,0.46,5.18,6.24,0.0,,,,,,A-1H
a-26b,0.0,,,,,,0.0,,,,,,0.0,,,,,,A-26B-50
a-26c,0.0,,,,,,0.0,,,,,,0.0,,,,,,A-26C-45
a-26c-45-dt,0.0,,,,,,0.0,,,,,,0.0,,,,,,A-26C-45DT
a_29_hudson,0.0,,,,,,0.0,,,,,,0.0,,,,,,A-29
a_4e_early,0.0,,,,,,411.0,62.63,0.15,0.17,1.99,2.03,4.0,,,0.0,,0.0,A-4E_Early
a_5c,0.0,,,,,,71.0,70.9,0.41,0.76,1.09,1.86,0.0,,,,,,A-5C
a_7e_thailand,0.0,,,,,,135.0,63.69,0.73,0.75,0.99,1.0,32.0,,,0.0,,0.0,A-7E
a_7k,0.0,,,,,,9.0,0.0,0.0,0.0,0.0,0.0,0.0,,,,,,A-7K
uk_ac1_sentinel,0.0,,,,,,2.0,,,0.0,,5.5,0.0,,,,,,A.C.I
uk_a_13_mk1_3rd_rtr,0.0,,,,,,3.0,,,0.0,,1.0,0.0,,,,,,A13_Mk_I_(3rd_R.T.R.)
uk_a_13_mk2_1939,0.0,,,,,,0.0,,,,,,0.0,,,,,,A13_Mk_II_1939
saab_a21rb,0.0,,,,,,77.0,71.05,0.0,0.0,0.53,0.3,0.0,,,,,,A21RB
vampire_fb5_j28b,0.0,,,,,,38.0,50.0,1.8,3.59,0.05,0.09,0.0,,,,,,A28B
saab_j29b,0.0,,,,,,54.0,46.08,0.0,0.0,0.45,0.26,0.0,,,,,,A29B
a2d,0.0,,,,,,646.0,72.86,0.12,0.1,2.13,1.89,0.0,,,,,,A2D-1
saab_a32a,0.0,,,,,,24.0,50.0,1.0,1.08,2.5,3.62,0.0,,,,,,A32A
saab_a32a_red_adam,0.0,,,,,,0.0,,,,,,0.0,,,,,,A32A_Röd_Adam
a6m2_zero_usa,0.0,,,,,,1.0,,,,,,0.0,,,,,,A6M2
a6m2_n_zero,0.0,,,,,,0.0,,,,,,0.0,,,,,,A6M2-N
a6m3_mod22ko_zero,0.0,,,,,,29.0,100.0,2.86,,1.5,,0.0,,,,,,A6M3_mod._22Ko
a6m5ko,0.0,,,,,,138.0,60.3,1.72,2.86,2.91,4.94,0.0,,,,,,A6M5_Ko
a6m5otsu,0.0,,,,,,15.0,,,1.13,,2.0,0.0,,,,,,A6M5_otsu
a6m6c,0.0,,,,,,74.0,75.0,1.77,2.43,1.42,2.33,0.0,,,,,,A6M6c
germ_a7v,0.0,,,,,,0.0,,,,,,0.0,,,,,,A7V
it_ab_41,0.0,,,,,,9.0,,,0.0,,1.22,23.0,,,0.0,,0.0,AB_41
it_ab_43,0.0,,,,,,7.0,100.0,0.0,0.0,1.0,1.0,0.0,,,,,,AB_43
uk_17_pdr_m10_achilles,0.0,,,,,,51.0,54.39,0.0,0.0,1.27,2.09,0.0,,,,,,Achilles
douglas_ad_4na_france,0.0,,,,,,56.0,45.83,0.0,0.0,0.19,0.37,0.0,,,,,,AD-4NA
uk_adats_m113a3,0.0,,,,,,78.0,33.33,1.33,0.77,1.0,0.43,0.0,,,,,,ADATS_(M113)
uk_armored_car_mk_2_aa,0.0,,,,,,14.0,100.0,0.0,0.0,0.0,0.0,0.0,,,,,,AEC_AA
cn_hj_9,0.0,,,,,,369.0,53.01,0.0,0.0,2.41,1.79,0.0,,,,,,AFT09
us_ags_teledyne,0.0,,,,,,248.0,47.65,0.0,0.0,1.71,2.14,0.0,,,,,,AGS
aichi_e13a,,,,,,,,,,,,,,,,,,,Aichi_E13A1
saab_aj37,0.0,,,,,,112.0,43.57,0.35,0.59,0.38,0.54,0.0,,,,,,AJ37
saab_ajs37,0.0,,,,,,41.0,100.0,2.0,1.39,2.25,2.0,0.0,,,,,,AJS37
saab_ajs37_early,0.0,,,,,,0.0,,,,,,0.0,,,,,,AJS37_(Early)
uk_alecto_mk_1,0.0,,,,,,23.0,,,,,,0.0,,,,,,Alecto_I
alpha_jet_a,0.0,,,,,,162.0,60.67,0.11,0.18,2.92,3.12,9.0,,,,,,Alpha_Jet_A
alpha_jet_a_jabog41,0.0,,,,,,10.0,100.0,0.0,0.0,1.2,1.2,7.0,0.0,0.0,0.0,1.0,1.0,Alpha_Jet_A_(JaboG_41)
fr_amc_34,0.0,,,,,,0.0,,,,,,0.0,,,,,,AMC.34_YR
fr_amc_35,0.0,,,,,,0.0,,,,,,0.0,,,,,,AMC.35_(ACG.1)
fr_amd_35_kwk39,0.0,,,,,,69.0,100.0,0.0,0.0,2.71,1.8,0.0,,,,,,AMD.35_(PaK)
fr_aml_90,0.0,,,,,,94.0,50.0,0.0,0.0,3.5,2.13,0.0,,,,,,AML-90
fr_amr_35_zt3,0.0,,,,,,0.0,,,,,,0.0,,,,,,AMR.35_ZT3
amx,0.0,,,,,,10.0,100.0,0.5,,3.0,,0.0,,,,,,AMX
amx_a_1a_brazil,0.0,,,,,,4.0,,,0.0,,2.0,39.0,31.58,0.39,0.19,2.08,2.19,AMX_A-1A
fr_amx_10m_acra,0.0,,,,,,124.0,82.15,0.0,0.0,2.25,1.24,0.0,,,,,,AMX-10M
fr_amx_13_75,0.0,,,,,,246.0,67.05,0.0,0.0,2.14,1.89,20.0,,,0.0,,0.0,AMX-13
fr_amx_13_hot,0.0,,,,,,6.0,,,,,,0.0,,,,,,AMX-13_(HOT)
fr_amx_13_75_ss11,0.0,,,,,,11.0,,,0.0,,4.0,0.0,,,,,,AMX-13_(SS.11)
fr_amx_13_chaffee,0.0,,,,,,0.0,,,,,,0.0,,,,,,AMX-13-M24
fr_amx_50_surblinde,0.0,,,,,,20.0,100.0,0.0,0.0,5.25,4.16,0.0,,,,,,AMX-50_Surblindé
cn_antelope_tc_1l_ads,0.0,,,,,,63.0,53.08,0.62,0.94,0.0,0.0,0.0,,,,,,Antelope
arado-196a-3,0.0,,,,,,0.0,,,,,,0.0,,,,,,Ar_196_A-3
arado-196a-5,0.0,,,,,,0.0,,,,,,0.0,,,,,,Ar_196_A-5
arado-234,0.0,,,,,,137.0,68.59,0.0,0.0,2.32,3.53,0.0,,,,,,Ar_234_B-2
arado-234c-3,0.0,,,,,,68.0,51.23,0.0,0.0,1.62,1.43,0.0,,,,,,Ar_234_C-3
uk_sp_17_pdr_valentine,0.0,,,,,,0.0,,,,,,0.0,,,,,,Archer
it_c1_ariete,0.0,,,,,,53.0,50.0,0.0,0.0,1.8,1.8,0.0,,,,,,Ariete
ariete,0.0,,,,,,93.0,42.59,4.34,3.94,3.81,3.33,44.0,43.33,0.87,1.17,0.43,0.58,Ariete
it_ariete_amv_pt1,0.0,,,,,,47.0,54.35,0.0,0.0,2.67,4.75,0.0,,,,,,Ariete_AMV
it_c1_ariete_pso,0.0,,,,,,60.0,81.61,0.0,0.0,2.45,2.05,0.0,,,,,,Ariete_PSO
it_as_42_metropolitana,0.0,,,,,,10.0,,,0.0,,1.0,23.0,,,0.0,,0.0,AS_42
sw_asrad_r,0.0,,,,,,81.0,10.92,2.24,2.47,0.0,0.0,0.0,,,,,,ASRAD-R
attaker_fb1,0.0,,,,,,2.0,,,2.0,,0.0,0.0,,,,,,Attacker_FB_1
attaker_fb2,0.0,,,,,,16.0,63.64,0.64,0.81,0.64,0.81,0.0,,,,,,Attacker_FB.2
f4u-6_au-1,0.0,,,,,,641.0,78.11,0.47,0.46,2.94,2.87,0.0,,,,,,AU-1
it_aubl_74_60_70m,0.0,,,,,,54.0,,,0.0,,1.98,0.0,,,,,,AUBL/74_HVG
fr_amx_30_auf_1,0.0,,,,,,84.0,62.12,0.0,0.0,0.8,0.74,0.0,,,,,,AuF1
av_8b_plus_italy,0.0,,,,,,5.0,,,1.0,,0.0,7.0,,,1.0,,0.0,AV-8B_Plus
av_8s_thailand,0.0,,,,,,6.0,100.0,1.0,1.0,0.0,0.0,0.0,,,,,,AV-8S
av_8s_late_thailand,0.0,,,,,,0.0,,,,,,0.0,,,,,,AV-8S_Late
avenger_mk1,0.0,,,,,,0.0,,,,,,0.0,,,,,,Avenger_Mk_II
a_4n,0.0,,,,,,223.0,61.83,2.38,6.27,4.19,11.54,0.0,,,,,,Ayit
b_10b,0.0,,,,,,0.0,,,,,,0.0,,,,,,B-10B
b-17e_japan,0.0,,,,,,0.0,,,,,,0.0,,,,,,B-17E
b-17e,0.0,,,,,,0.0,,,,,,0.0,,,,,,B-17E
b-17e_late,0.0,,,,,,0.0,,,,,,0.0,,,,,,B-17E/L
b-17g,0.0,,,,,,15.0,,,0.0,,0.0,0.0,,,,,,B-17G-60-VE
b_24d,0.0,,,,,,0.0,,,,,,0.0,,,,,,B-24D-25-CO
b_25j_30_vvs_ussr,0.0,,,,,,0.0,,,,,,0.0,,,,,,B-25J-30
b_26c_france,0.0,,,,,,0.0,,,,,,0.0,,,,,,B-26C
b-57,0.0,,,,,,0.0,,,,,,0.0,,,,,,B-57A
b-57b,0.0,,,,,,8.0,0.0,0.0,0.75,0.0,0.0,0.0,,,,,,B-57B
b_66b,0.0,,,,,,0.0,,,,,,10.0,,,,,,B-66B
br_20_dr,0.0,,,,,,0.0,,,,,,0.0,,,,,,B.R.20DR
br_20m_m1,0.0,,,,,,0.0,,,,,,0.0,,,,,,B.R.20M_M1
fr_b1_bis,0.0,,,,,,0.0,,,,,,0.0,,,,,,B1_bis
fr_b1_ter,0.0,,,,,,3.0,,,0.0,,2.0,0.0,,,,,,B1_ter
saab_b17a,0.0,,,,,,23.0,100.0,0.0,0.0,0.0,0.0,0.0,,,,,,B17A
saab_b17b,0.0,,,,,,0.0,,,,,,0.0,,,,,,B17B
saab_b18a,0.0,,,,,,0.0,,,,,,0.0,,,,,,B18A
b5n2,0.0,,,,,,0.0,,,,,,20.0,100.0,0.0,0.0,2.67,2.07,B5N2
b6n2,0.0,,,,,,0.0,,,,,,0.0,,,,,,B6N2_Model_12
b6n2a,0.0,,,,,,0.0,,,,,,0.0,,,,,,B6N2a_Model_12Ko
ussr_ba_11,0.0,,,,,,0.0,,,,,,0.0,,,,,,BA-11
ba_65_k14_l,0.0,,,,,,0.0,,,,,,0.0,,,,,,Ba.65_(K.14)_L
ba_65_a80,0.0,,,,,,11.0,,,,,,0.0,,,,,,Ba.65_A.80
uk_badger,0.0,,,,,,42.0,38.46,0.0,0.0,1.65,0.7,0.0,,,,,,Badger
f_16d_block_40_barak_2,0.0,,,,,,64.0,95.0,0.45,0.48,1.54,1.6,0.0,,,,,,Barak_II
f_15a_iaf,0.0,,,,,,21.0,50.0,0.6,1.19,0.0,0.0,0.0,,,,,,Baz
f_15c_baz_msip,0.0,,,,,,0.0,,,,,,0.0,,,,,,Baz_Meshupar
be_6,0.0,,,,,,0.0,,,,,,0.0,,,,,,Be-6
beaufighter_mk1_40mm,0.0,,,,,,0.0,,,,,,0.0,,,,,,Beaufighter_Mk_I_(40-mm)
beaufort_mkviii,0.0,,,,,,0.0,,,,,,0.0,,,,,,Beaufort_Mk_VIII
germ_beutepanzer_mk_iv,0.0,,,,,,0.0,,,,,,0.0,,,,,,Beutepanzer_IV
bf-109b_2,0.0,,,,,,0.0,,,,,,0.0,,,,,,Bf_109_B-1
bf-109c_1,0.0,,,,,,0.0,,,,,,0.0,,,,,,Bf_109_C-1
bf-109e-7,0.0,,,,,,0.0,,,,,,0.0,,,,,,Bf_109_E-7/U2
bf-109g-14as,0.0,,,,,,0.0,,,,,,0.0,,,,,,Bf_109_G-14/AS
bf-109g-2_romania,0.0,,,,,,0.0,,,,,,0.0,,,,,,Bf_109_G-2
bf-109g-6_finland,0.0,,,,,,0.0,,,,,,0.0,,,,,,Bf_109_G-6
bf-110c-6,0.0,,,,,,0.0,,,,,,0.0,,,,,,Bf_110_C-6
bf2c_1,0.0,,,,,,0.0,,,,,,0.0,,,,,,BF2C-1
bi,0.0,,,,,,51.0,67.31,1.23,1.91,0.0,0.0,0.0,,,,,,BI
blenheim_mkiv,0.0,,,,,,0.0,,,,,,0.0,,,,,,Blenheim_Mk_IV
ussr_bm_13n,0.0,,,,,,0.0,,,,,,0.0,,,,,,BM-13N
ussr_bm_31_12,0.0,,,,,,4.0,100.0,0.0,0.0,0.0,0.0,0.0,,,,,,BM-31-12
ussr_bm_8_24,0.0,,,,,,0.0,,,,,,0.0,,,,,,BM-8-24
ussr_bmd_4,0.0,,,,,,70.0,100.0,0.0,0.0,4.73,1.5,2.0,,,0.0,,1.0,BMD-4
ussr_bmp_1,0.0,,,,,,234.0,45.06,0.0,0.0,1.08,0.43,0.0,,,,,,BMP-1
ussr_bmp_2,0.0,,,,,,689.0,52.45,0.0,0.0,1.28,0.96,15.0,,,0.0,,1.0,BMP-2
boomerang_mki,0.0,,,,,,0.0,,,,,,0.0,,,,,,Boomerang_Mk_I
boomerang_mkii,0.0,,,,,,0.0,,,,,,0.0,,,,,,Boomerang_Mk_II
boston_mk_1,0.0,,,,,,0.0,,,,,,0.0,,,,,,Boston_Mk_I
uk_bosvark,0.0,,,,,,47.0,0.0,0.0,0.0,0.0,0.0,0.0,,,,,,Bosvark
germ_boxer_3105,0.0,,,,,,163.0,52.67,0.0,0.0,1.23,1.18,0.0,,,,,,Boxer_MGS
br_693_ab2,0.0,,,,,,17.0,,,0.0,,0.73,0.0,,,,,,Br.693AB2
breda_88,0.0,,,,,,0.0,,,,,,0.0,,,,,,Breda_88_(P.XI)
ussr_bt_7_1937_td,0.0,,,,,,0.0,,,,,,0.0,,,,,,BT-7_TD
ussr_bt_7a_f32,0.0,,,,,,39.0,100.0,0.0,0.0,2.56,2.51,0.0,,,,,,BT-7A_(F-32)
ussr_btr_152a,0.0,,,,,,117.0,20.83,0.54,0.54,0.15,0.15,0.0,,,,,,BTR-152A
buccaneer_s1,0.0,,,,,,44.0,100.0,0.0,0.0,2.4,2.4,0.0,,,,,,Buccaneer_S.1
bv-138c-1,0.0,,,,,,0.0,,,,,,0.0,,,,,,BV_138_C-1
bv-238,0.0,,,,,,0.0,,,,,,0.0,,,,,,BV_238
mc200_serie3_italy,0.0,,,,,,15.0,64.29,0.0,0.0,0.0,0.0,0.0,,,,,,C._200_serie_3
mc200_serie3,0.0,,,,,,0.0,,,,,,0.0,,,,,,C._200_serie_3
mc200_serie7_italy,0.0,,,,,,0.0,,,,,,0.0,,,,,,C._200_serie_7
mc200_serie7,0.0,,,,,,0.0,,,,,,0.0,,,,,,C._200_serie_7
mc-202_italy,0.0,,,,,,30.0,29.17,0.23,0.29,0.0,0.0,0.0,,,,,,C._202
mc-202,0.0,,,,,,0.0,,,,,,0.0,,,,,,C._202
mc-205_serie1,0.0,,,,,,0.0,,,,,,0.0,,,,,,C._205_serie_1
mc-205_n2,0.0,,,,,,0.0,,,,,,0.0,,,,,,C._205N2
caudron_cr714,0.0,,,,,,0.0,,,,,,0.0,,,,,,C.R.714
it_c13_tua,0.0,,,,,,3.0,,,,,,0.0,,,,,,C13/TUA
germ_leopard_c2_mexas,0.0,,,,,,30.0,100.0,0.0,0.0,3.81,3.61,0.0,,,,,,C2A1
fr_lorraine_100,0.0,,,,,,47.0,85.42,0.0,0.0,1.44,0.93,0.0,,,,,,CA_Lorraine
canberra_bimk6,0.0,,,,,,10.0,,,,,,0.0,,,,,,Canberra_B_(I)_Mk_6
canberra_bmk2,0.0,,,,,,3.0,,,0.0,,1.0,0.0,,,,,,Canberra_B_Mk_2
pby-5a_raf,0.0,,,,,,0.0,,,,,,0.0,,,,,,Catalina_Mk_IIIa
fr_cckw_353_bofors,0.0,,,,,,33.0,,,0.0,,0.1,0.0,,,,,,CCKW_353_AA
it_sahariano,0.0,,,,,,0.0,,,,,,0.0,,,,,,Celere_Sahariano
it_b1_centauro_romor,0.0,,,,,,90.0,58.0,0.0,0.0,1.8,1.88,0.0,,,,,,Centauro_I_105_R
it_centauro_mgs_120,0.0,,,,,,64.0,71.05,0.0,0.0,1.84,2.07,0.0,,,,,,Centauro_I_120
it_centauro_rgo_120,0.0,,,,,,270.0,62.98,0.0,0.0,2.72,1.73,0.0,,,,,,Centauro_RGO
uk_centurion_action_x,0.0,,,,,,51.0,100.0,0.0,0.0,3.6,1.52,0.0,,,,,,Centurion_Action_X
uk_centurion_mk_3,0.0,,,,,,124.0,51.72,0.0,0.0,1.42,1.64,0.0,,,,,,Centurion_Mk_3
uk_centurion_mk_2,0.0,,,,,,159.0,82.57,0.0,0.0,4.57,2.64,0.0,,,,,,Centurion_Mk.2
uk_centurion_mk_5_avre_era,0.0,,,,,,15.0,100.0,0.0,0.0,1.0,1.0,0.0,,,,,,Centurion_Mk.5_AVRE
uk_centurion_mk_5_raac,0.0,,,,,,69.0,100.0,0.0,0.0,5.87,3.03,0.0,,,,,,Centurion_Mk.5/1
uk_challenger_2_dorchester,0.0,,,,,,165.0,35.51,0.0,0.0,2.43,1.25,0.0,,,,,,Challenger_2_(2F)
uk_challenger_2_tes,0.0,,,,,,116.0,70.56,0.0,0.0,2.54,3.1,0.0,,,,,,Challenger_2_TES
uk_challenger_2_lep,0.0,,,,,,145.0,67.67,0.0,0.0,3.44,2.15,0.0,,,,,,Challenger_3_TD
jp_type_97_kai,0.0,,,,,,4.0,,,,,,0.0,,,,,,Chi-Ha_Kai
jp_type_97_kai_td,0.0,,,,,,0.0,,,,,,0.0,,,,,,Chi-Ha_Kai_TD
jp_type_97_chi_ha_12cm,0.0,,,,,,0.0,,,,,,0.0,,,,,,Chi-Ha_Short_Gun
jp_type_1_chi_he,0.0,,,,,,27.0,,,0.0,,3.22,0.0,,,,,,Chi-He
jp_type_1_chi_he_5th_regiment,0.0,,,,,,48.0,100.0,0.0,0.0,4.0,1.7,0.0,,,,,,Chi-He_(5th_Regiment)
uk_churchill_avre,0.0,,,,,,0.0,,,,,,0.0,,,,,,Churchill_AVRE_Petard
uk_a_22_mk_1_churchill_1941,0.0,,,,,,29.0,,,0.0,,2.0,0.0,,,,,,Churchill_I
f-86_cl_13_mk4_italy,0.0,,,,,,7.0,,,1.8,,1.0,0.0,,,,,,CL-13_Mk.4
germ_th_800_bismark,0.0,,,,,,119.0,73.96,0.0,0.0,4.25,2.66,0.0,,,,,,Class_3_(P)
us_sl_amraam_launcher,,,,,,,,,,,,,,,,,,,CLAWS_(СОУ)
us_sl_amraam_fcs,0.0,,,,,,134.0,65.06,1.39,1.47,0.0,0.0,0.0,,,,,,CLAWS_(СОЦ)
cn_cm_25,0.0,,,,,,4.0,100.0,0.0,0.0,0.0,0.0,0.0,,,,,,CM25
cn_cm_34,0.0,,,,,,115.0,60.8,0.0,0.0,1.61,1.3,0.0,,,,,,CM34
it_fiat_cm52,0.0,,,,,,12.0,,,0.0,,0.0,0.0,,,,,,CM52
uk_fv4004_conway,0.0,,,,,,27.0,100.0,0.0,0.0,1.7,0.7,0.0,,,,,,Conway
cr_32,0.0,,,,,,16.0,,,,,,0.0,,,,,,CR.32
cr_32_bis,0.0,,,,,,0.0,,,,,,0.0,,,,,,CR.32_bis
cr_32_quater,0.0,,,,,,10.0,,,,,,0.0,,,,,,CR.32_quater
fiat_cr42,0.0,,,,,,0.0,,,,,,0.0,,,,,,CR.42
fiat_cr42_italy,0.0,,,,,,0.0,,,,,,0.0,,,,,,CR.42
uk_crusader_aa_mk_2_kit_3rank,0.0,,,,,,12.0,50.0,1.0,2.0,0.0,0.0,0.0,,,,,,Crusader_AA_(Overlord)
uk_crusader_aa_mk_1,0.0,,,,,,49.0,100.0,0.0,0.0,2.05,1.52,0.0,,,,,,Crusader_AA_Mk_I
uk_crusader_aa_mk_2,0.0,,,,,,5.0,,,,,,0.0,,,,,,Crusader_AA_Mk_II
uk_crusader_mk_3,0.0,,,,,,111.0,55.52,0.0,0.0,1.64,2.14,0.0,,,,,,Crusader_III
fr_crusader_mk_2,0.0,,,,,,46.0,100.0,0.0,0.0,2.18,1.31,0.0,,,,,,Crusader_Mk.II
it_39m_csaba,0.0,,,,,,0.0,,,,,,0.0,,,,,,Csaba
sw_patria_amv_ctcv_105,0.0,,,,,,187.0,61.17,0.0,0.0,1.16,1.02,0.0,,,,,,CT-CV_105HP
jp_icv_prototype,0.0,,,,,,181.0,54.04,0.24,0.2,2.13,1.78,0.0,,,,,,CTWV_RCV
sw_cv_90_mk4,0.0,,,,,,52.0,46.3,0.0,0.0,1.29,1.36,0.0,,,,,,CV_90_Mk.IV
fr_cv_9035_nl,0.0,,,,,,92.0,59.17,0.0,0.0,1.89,1.51,0.0,,,,,,CV_9035NL
sw_cv_9030_fin,0.0,,,,,,252.0,64.19,0.0,0.0,1.33,1.22,0.0,,,,,,CV9030FIN
sw_cv_9035_dk,0.0,,,,,,102.0,63.81,0.0,0.0,2.25,1.77,0.0,,,,,,CV9035DK
d_371,0.0,,,,,,0.0,,,,,,0.0,,,,,,D.371
d_371_hs9,0.0,,,,,,0.0,,,,,,0.0,,,,,,D.371_H.S.9
d_373,0.0,,,,,,0.0,,,,,,0.0,,,,,,D.373
d_500,0.0,,,,,,0.0,,,,,,0.0,,,,,,D.500
d_501,0.0,,,,,,0.0,,,,,,0.0,,,,,,D.501
d_510c,0.0,,,,,,0.0,,,,,,0.0,,,,,,D.510C
d_520,0.0,,,,,,0.0,,,,,,0.0,,,,,,D.520
d_521,0.0,,,,,,0.0,,,,,,0.0,,,,,,D.521
fr_renault_d2,0.0,,,,,,0.0,,,,,,0.0,,,,,,D2
d3a1,0.0,,,,,,0.0,,,,,,0.0,,,,,,D3A1
d4y1,0.0,,,,,,0.0,,,,,,0.0,,,,,,D4Y1
uk_daimler_mk_2,0.0,,,,,,11.0,,,0.0,,1.5,0.0,,,,,,Daimler_Mk_II
it_dardo_vcc,0.0,,,,,,72.0,14.35,0.0,0.0,2.43,2.34,60.0,23.68,0.0,0.0,2.06,1.78,Dardo
db_3b,0.0,,,,,,0.0,,,,,,0.0,,,,,,DB-3B
uk_desert_warrior,0.0,,,,,,63.0,50.0,0.0,0.0,0.6,0.3,0.0,,,,,,Desert_Warrior
do_17e_1,0.0,,,,,,0.0,,,,,,0.0,,,,,,Do_17_E-1
do_17z_2,0.0,,,,,,0.0,,,,,,0.0,,,,,,Do_17_Z-2
do_17z_7,0.0,,,,,,0.0,,,,,,0.0,,,,,,Do_17_Z-7
do_217j_1,0.0,,,,,,0.0,,,,,,0.0,,,,,,Do_217_J-1
do_217j_2,0.0,,,,,,0.0,,,,,,0.0,,,,,,Do_217_J-2
do_335b_2,0.0,,,,,,241.0,63.38,0.51,0.4,2.59,1.9,0.0,,,,,,Do_335_B-2
germ_pzkpfw_e_100,0.0,,,,,,0.0,,,,,,0.0,,,,,,E-100
fr_panhard_ebr_1963,0.0,,,,,,60.0,59.52,0.0,0.0,3.14,2.02,0.0,,,,,,E.B.R._(1963)
e7k2,,,,,,,,,,,,,,,,,,,E7K2
e8n2,,,,,,,,,,,,,,,,,,,E8N2
fr_jaguar_ebrc,0.0,,,,,,566.0,50.28,0.04,0.04,0.89,0.81,0.0,,,,,,EBRC_Jaguar
us_efv_p1,0.0,,,,,,195.0,78.76,0.0,0.0,2.45,0.99,0.0,,,,,,EFV
il_eitan,0.0,,,,,,18.0,0.0,0.0,0.0,3.86,2.05,0.0,,,,,,Eitan_(P)
uk_eland_90_mk_7,0.0,,,,,,126.0,79.58,0.0,0.0,1.29,0.94,0.0,,,,,,Eland_90_Mk.7
sw_eldenhet_98,0.0,,,,,,0.0,,,,,,0.0,,,,,,EldE_98
f_101c,0.0,,,,,,0.0,,,,,,0.0,,,,,,F-101C
f-104g_belgium,0.0,,,,,,0.0,,,,,,0.0,,,,,,F-104G
f-104g_italy,0.0,,,,,,0.0,,,,,,0.0,,,,,,F-104G
f-104s,0.0,,,,,,10.0,50.0,1.0,2.0,0.5,1.0,0.0,,,,,,F-104S
f-104s_cb,0.0,,,,,,37.0,0.0,0.0,0.14,0.0,0.0,0.0,,,,,,F-104S_TAF
f-104s_asa,0.0,,,,,,13.0,,,,,,0.0,,,,,,F-104S.ASA
f_106a_1972,0.0,,,,,,18.0,,,2.0,,0.0,0.0,,,,,,F-106A
f_117,0.0,,,,,,39.0,47.62,0.0,0.0,2.21,4.64,0.0,,,,,,F-117
f_14d,0.0,,,,,,7.0,12.5,0.13,0.08,0.0,0.0,0.0,,,,,,F-14D
f_15i_raam,0.0,,,,,,195.0,59.78,1.0,1.25,1.67,1.94,0.0,,,,,,F-15I_Ra’am
f_15j,0.0,,,,,,58.0,76.32,3.0,3.23,0.0,0.0,0.0,,,,,,F-15J
f_15j_kai,0.0,,,,,,52.0,52.47,1.8,2.27,0.04,0.04,0.0,,,,,,F-15J(M)
f_16a_block_15_belgium,0.0,,,,,,21.0,1.96,2.06,1.88,0.06,0.06,23.0,,,1.0,,0.0,F-16A
f_16a_block_15_ocu_thailand,0.0,,,,,,32.0,50.0,0.5,1.0,1.5,3.0,0.0,,,,,,F-16A_OCU
f_16a_block_15_ocu_belgium,0.0,,,,,,63.0,43.52,0.69,0.88,0.0,0.0,36.0,,,1.57,,0.0,F-16A_OCU
f_16aj,0.0,,,,,,51.0,50.0,0.43,0.53,0.0,0.0,0.0,,,,,,F-16AJ
f_16am_block_15_mlu_belgium,0.0,,,,,,31.0,36.67,0.53,0.53,0.0,0.0,33.0,,,,,,F-16AM
f_16c_block_40_barak_2,0.0,,,,,,0.0,,,,,,0.0,,,,,,F-16C_Barak_II
f_16i_sufa,0.0,,,,,,39.0,50.0,0.63,0.56,0.5,0.32,0.0,,,,,,F-16I_Sufa
fa_18c_finland,0.0,,,,,,13.0,100.0,1.0,1.0,0.0,0.0,0.0,,,,,,F-18C
ef_2000a,0.0,,,,,,61.0,50.0,1.2,1.31,0.5,0.56,0.0,,,,,,F-2000A
ef_2000a_aesa,0.0,,,,,,110.0,70.59,1.36,2.37,1.76,3.41,0.0,,,,,,F-2000A_(AESA)
f_2a,0.0,,,,,,76.0,100.0,1.6,0.94,0.4,0.34,11.0,,,2.18,,0.0,F-2A
f_2a_adtw,0.0,,,,,,603.0,58.66,1.22,1.36,0.14,0.14,152.0,,,0.84,,0.79,F-2A_ADTW
f-4ej_adtw,0.0,,,,,,212.0,48.02,1.32,1.32,0.57,0.56,32.0,,,0.0,,0.0,F-4EJ_ADTW
f-4ej_kai,0.0,,,,,,34.0,50.0,1.0,2.0,0.0,0.0,0.0,,,,,,F-4EJ_Kai_Phantom_II
f-4ej,0.0,,,,,,35.0,52.0,0.56,0.51,0.52,0.63,0.0,,,,,,F-4EJ_Phantom_II
f-5t_thailand,0.0,,,,,,23.0,100.0,0.0,0.0,3.0,1.72,0.0,,,,,,F-5T_SCU
f-5th_thailand,0.0,,,,,,80.0,67.06,1.09,1.06,0.05,0.05,0.0,,,,,,F-5TH_TCU
f-80,0.0,,,,,,53.0,61.54,0.37,0.37,0.62,0.62,0.0,,,,,,F-80C-10
f-84f_italy,0.0,,,,,,0.0,,,,,,0.0,,,,,,F-84F
f-84f_iaf,0.0,,,,,,0.0,,,,,,0.0,,,,,,F-84F_IAF
f-84g,0.0,,,,,,0.0,,,,,,0.0,,,,,,F-84G-21-RE
f-84g_italy,0.0,,,,,,24.0,100.0,0.0,0.0,1.0,0.2,0.0,,,,,,F-84G-21-RE
f-84g_france,0.0,,,,,,7.0,100.0,0.0,0.0,1.0,1.0,0.0,,,,,,F-84G-26-RE
f-86f-30_japan,0.0,,,,,,104.0,73.55,1.65,2.02,1.08,1.47,0.0,,,,,,F-86F-30_
f-86f-35,0.0,,,,,,13.0,100.0,1.69,1.69,1.69,1.69,0.0,,,,,,F-86F-35
f-86f-40_japan_blue_impulse,0.0,,,,,,14.0,0.0,2.0,2.27,1.57,1.73,0.0,,,,,,F-86F-40_JASDF
f-86k_late_italy,0.0,,,,,,0.0,,,,,,0.0,,,,,,F-86K
f-8e_fn,0.0,,,,,,5.0,,,,,,0.0,,,,,,F-8E(FN)
f_222_2,0.0,,,,,,0.0,,,,,,0.0,,,,,,F.222.2
fc_20_bis,0.0,,,,,,6.0,,,,,,0.0,,,,,,F.C.20_Bis
fa_18c_mlu_2_finland,0.0,,,,,,11.0,100.0,2.0,1.0,0.0,2.0,0.0,,,,,,F/A-18C_MLU_2
fa_18d_late_malaysia,0.0,,,,,,18.0,,,2.0,,0.0,0.0,,,,,,F/A-18D_Late
fa_18f_block_2_raaf,0.0,,,,,,0.0,,,,,,0.0,,,,,,F/A-18F
f11f_1_late,0.0,,,,,,8.0,,,0.63,,0.0,0.0,,,,,,F11F-1
f1m2,0.0,,,,,,26.0,,,,,,0.0,,,,,,F1M2
f4d_1,0.0,,,,,,12.0,,,0.0,,0.0,0.0,,,,,,F4D-1
f4f-4,0.0,,,,,,0.0,,,,,,0.0,,,,,,F4F-4
f4u-1a_japan,0.0,,,,,,30.0,100.0,2.2,2.2,0.0,0.0,0.0,,,,,,F4U-1A
f4u-4b_vmf_214,0.0,,,,,,0.0,,,,,,0.0,,,,,,F4U-4B_VMF-214
f7f3,0.0,,,,,,1.0,100.0,4.0,,4.0,,0.0,,,,,,F7F-3
uk_falcon,0.0,,,,,,187.0,47.78,0.68,0.38,2.47,1.37,0.0,,,,,,Falcon
fr_fcm_36,0.0,,,,,,0.0,,,,,,0.0,,,,,,FCM.36
ffa_p16,0.0,,,,,,0.0,,,,,,0.0,,,,,,FFA_P-16
b_48_firecrest,0.0,,,,,,0.0,,,,,,0.0,,,,,,Firecrest
it_fiat_6614_firos,0.0,,,,,,54.0,50.0,0.0,0.0,0.5,0.84,0.0,,,,,,FIROS_6
fj_4b_agm_12b,0.0,,,,,,0.0,,,,,,0.0,,,,,,FJ-4B_VMF-232
germ_flakpanzer_38t_Gepard,0.0,,,,,,6.0,,,0.0,,0.0,0.0,,,,,,Flakpanzer_38
germ_flarakrad,0.0,,,,,,32.0,,,1.0,,0.0,0.0,,,,,,FlaRakRad
it_freccia,0.0,,,,,,61.0,72.75,0.0,0.0,1.25,1.19,13.0,,,0.0,,1.0,Freccia
it_freccia_hitfist_ows,0.0,,,,,,273.0,51.3,0.0,0.0,1.62,1.41,0.0,,,,,,Freccia_OWS_30
fr_samp_t_launcher,,,,,,,,,,,,,,,,,,,FSAF_SAMP/T_(Mamba)_(СОУ)
fr_samp_t_fcs,0.0,,,,,,43.0,63.1,1.07,1.04,0.0,0.0,0.0,,,,,,FSAF_SAMP/T_(Mamba)_(СОЦ)
it_samp_t_fcs,0.0,,,,,,62.0,50.0,1.0,1.0,0.0,0.0,0.0,,,,,,FSAF_SAMP/T_(СОЦ)
fury_mk1,0.0,,,,,,0.0,,,,,,0.0,,,,,,Fury_Mk_I
fury_mk2,0.0,,,,,,0.0,,,,,,0.0,,,,,,Fury_Mk_II
fw-189a-1,0.0,,,,,,0.0,,,,,,0.0,,,,,,Fw_189_A-1
fw-190a-5_japan,0.0,,,,,,19.0,,,,,,0.0,,,,,,Fw_190_A-5
fw-190a-5,0.0,,,,,,21.0,,,,,,0.0,,,,,,Fw_190_A-5/U12
fw-190c,0.0,,,,,,0.0,,,,,,0.0,,,,,,Fw_190_C
fw-190d-12,0.0,,,,,,0.0,,,,,,22.0,0.0,4.07,4.15,0.0,0.0,Fw_190_D-12
fw-190d-13,0.0,,,,,,75.0,46.43,1.3,1.17,1.18,1.27,0.0,,,,,,Fw_190_D-13
fw-190d-9_ussr,0.0,,,,,,0.0,,,,,,13.0,,,3.0,,0.0,Fw_190_D-9
fw_200c_1,0.0,,,,,,9.0,,,,,,0.0,,,,,,Fw_200_C-1
fw_189c_0,0.0,,,,,,0.0,,,,,,0.0,,,,,,Fw_189_C
fiat_g50_seria7as,0.0,,,,,,0.0,,,,,,0.0,,,,,,G.50_AS_serie_7
fiat_g50_seria2,0.0,,,,,,0.0,,,,,,0.0,,,,,,G.50_serie_2
fiat_g50_seria2_italy,0.0,,,,,,0.0,,,,,,0.0,,,,,,G.50_serie_2
g_55_serie1_ss0,0.0,,,,,,11.0,,,,,,0.0,,,,,,G.55_sottoserie_0
g_55s,0.0,,,,,,40.0,,,1.34,,1.15,13.0,,,1.54,,0.54,G.55S
g_56,0.0,,,,,,68.0,56.82,1.79,1.96,0.82,0.89,0.0,,,,,,G.56
fiat_g91_ps,0.0,,,,,,42.0,18.75,1.0,1.0,0.19,0.19,0.0,,,,,,G.91_pre-serie
fiat_g91_r1,0.0,,,,,,22.0,50.0,0.0,0.0,0.5,0.5,0.0,,,,,,G.91_R/1
fiat_g91_r4,0.0,,,,,,0.0,,,,,,0.0,,,,,,G.91_R/4
fiat_g91_y,0.0,,,,,,6.0,50.0,3.67,7.33,0.0,0.0,0.0,,,,,,G.91_Y
fiat_g91_ys,0.0,,,,,,36.0,100.0,0.1,0.1,1.93,2.4,0.0,,,,,,G.91_YS
g4m1,0.0,,,,,,0.0,,,,,,0.0,,,,,,G4M1
g8n1,0.0,,,,,,34.0,66.67,1.0,3.0,0.0,0.0,0.0,,,,,,G8N1
f3f-2_galer,0.0,,,,,,28.0,100.0,1.64,1.64,0.0,0.0,0.0,,,,,,Galer's_F3F-2
germ_garford_putilov,0.0,,,,,,0.0,,,,,,0.0,,,,,,Garford-Beute
ussr_gaz_4m,0.0,,,,,,0.0,,,,,,0.0,,,,,,GAZ-AAA_(4M)
ussr_gaz_dshk,0.0,,,,,,0.0,,,,,,0.0,,,,,,GAZ-AAA_(DShK)
uk_vickers_gbt_155,0.0,,,,,,57.0,66.67,0.31,0.25,2.4,1.79,0.0,,,,,,GBT_155
il_m113a1_tow,0.0,,,,,,18.0,,,0.0,,0.0,0.0,,,,,,Giraf
gladiator_mk1_belgium,0.0,,,,,,0.0,,,,,,0.0,,,,,,Gladiator_Mk_I
gladiator_mk2,0.0,,,,,,0.0,,,,,,0.0,,,,,,Gladiator_Mk_II
gladiator_mk2_france,0.0,,,,,,0.0,,,,,,0.0,,,,,,Gladiator_Mk_IIF
gladiator_mk2_silver,0.0,,,,,,0.0,,,,,,0.0,,,,,,Gladiator_Mk_IIS
uk_mk1_grant,0.0,,,,,,0.0,,,,,,0.0,,,,,,Grant_I
uk_3_inch_gun_carrier,0.0,,,,,,7.0,,,,,,0.0,,,,,,Gun_Carrier_(3-in)
il_28_china,0.0,,,,,,0.0,,,,,,0.0,,,,,,H-5
h-75a-1_france,0.0,,,,,,0.0,,,,,,0.0,,,,,,H-75A-1
p-40c_china,0.0,,,,,,0.0,,,,,,0.0,,,,,,H-81A-2
fr_hotchkiss_h35,0.0,,,,,,0.0,,,,,,0.0,,,,,,H.35
fr_hotchkiss_h39,0.0,,,,,,0.0,,,,,,0.0,,,,,,H.39
fr_hotchkiss_h39_cambronne,0.0,,,,,,0.0,,,,,,0.0,,,,,,"H.39_""Cambronne"""
hp_12,0.0,,,,,,0.0,,,,,,0.0,,,,,,H.P.12
h6k4,0.0,,,,,,0.0,,,,,,0.0,,,,,,H6K4
h8k3,0.0,,,,,,0.0,,,,,,0.0,,,,,,H8K3
jp_type_95_ha_go,0.0,,,,,,0.0,,,,,,0.0,,,,,,Ha-Go
jp_type_95_ha_go_commander,0.0,,,,,,0.0,,,,,,0.0,,,,,,Ha-Go_Commander
a5m4_hagiri,0.0,,,,,,0.0,,,,,,0.0,,,,,,Hagiri's_A5M4
halifax_mk3,0.0,,,,,,0.0,,,,,,0.0,,,,,,Halifax_B_Mk_IIIa
hp52_hampden_mk1_late,0.0,,,,,,0.0,,,,,,0.0,,,,,,Hampden_Mk_I
hp52_hampden_tbmk1,0.0,,,,,,3.0,,,,,,0.0,,,,,,Hampden_TB_Mk_I
harrier_gr7,0.0,,,,,,4.0,50.0,1.0,2.0,0.5,1.0,0.0,,,,,,Harrier_GR.7
intruder_mk_1,0.0,,,,,,0.0,,,,,,0.0,,,,,,Havoc_Mk_I
hawk_200,0.0,,,,,,62.0,50.0,0.5,1.0,2.12,4.23,0.0,,,,,,Hawk_200
hawk_200_rda,0.0,,,,,,0.0,,,,,,0.0,,,,,,Hawk_200_RDA
h-75a-2_finland,0.0,,,,,,0.0,,,,,,0.0,,,,,,Hawk_H-75A-2
hawk_iii,0.0,,,,,,0.0,,,,,,0.0,,,,,,Hawk_III
he-111h-6,0.0,,,,,,0.0,,,,,,0.0,,,,,,He_111_H-6
he_112a_0,0.0,,,,,,5.0,,,,,,0.0,,,,,,He_112_A-0
he_112b_1_italy,0.0,,,,,,0.0,,,,,,0.0,,,,,,He_112_B-1/U2
he_112b_1,0.0,,,,,,0.0,,,,,,0.0,,,,,,He_112_B-1/U2
he_112b_2,0.0,,,,,,0.0,,,,,,0.0,,,,,,He_112_B-2/U2
he_115c_1,0.0,,,,,,0.0,,,,,,0.0,,,,,,He_115_C-1
he-162a-1,0.0,,,,,,0.0,,,,,,0.0,,,,,,He_162_A-1
he-162a-2,0.0,,,,,,11.0,44.44,1.2,1.2,0.1,0.05,0.0,,,,,,He_162_A-2
he-177a-3,0.0,,,,,,0.0,,,,,,0.0,,,,,,He_177_A-3
he-177a-5,0.0,,,,,,0.0,,,,,,0.0,,,,,,He_177_A-5
he_219a_7,0.0,,,,,,3.0,,,,,,0.0,,,,,,He_219_A-7
he51a1,0.0,,,,,,0.0,,,,,,0.0,,,,,,He_51_A-1
he51b1,0.0,,,,,,0.0,,,,,,0.0,,,,,,He_51_B-1
he51b_2w,0.0,,,,,,0.0,,,,,,0.0,,,,,,He_51_B-2/H
he51c1,0.0,,,,,,13.0,,,,,,0.0,,,,,,He_51_C-1
he51c1_late,0.0,,,,,,0.0,,,,,,0.0,,,,,,He_51_C-1/L
jp_pzkpfw_VI_ausf_e_tiger,0.0,,,,,,17.0,100.0,0.0,0.0,4.08,4.08,0.0,,,,,,Heavy_Tank_No.6
us_m18_hellcat_kit_3rank,0.0,,,,,,83.0,58.98,0.0,0.0,2.93,2.06,0.0,,,,,,Hellcat_(Hell)
marut_mk1,0.0,,,,,,2.0,100.0,0.0,0.0,0.0,0.0,0.0,,,,,,HF-24
go229_v3,0.0,,,,,,101.0,50.0,1.18,1.66,0.53,0.97,0.0,,,,,,Ho_229_V3
jp_type_2_ho_i,0.0,,,,,,0.0,,,,,,0.0,,,,,,Ho-I
jp_type_2_ho_ni_2,0.0,,,,,,27.0,0.0,0.0,0.0,0.0,0.0,0.0,,,,,,Ho-Ni_II
jp_type_3_ho_ni_III,0.0,,,,,,0.0,,,,,,0.0,,,,,,Ho-Ni_III
jp_type_5_ho_ri_prototype,0.0,,,,,,33.0,100.0,0.0,0.0,4.43,2.8,0.0,,,,,,Ho-Ri_Prototype
jp_type_4_ho_ro,0.0,,,,,,78.0,66.67,0.0,0.0,3.39,5.12,0.0,,,,,,Ho-Ro
hornet_mk1,0.0,,,,,,0.0,,,,,,0.0,,,,,,Hornet_Mk.I
il_m163_vulcan,0.0,,,,,,48.0,,,0.0,,0.0,0.0,,,,,,Hovet
cn_hq_11,0.0,,,,,,28.0,50.0,2.0,2.0,0.0,0.0,0.0,,,,,,HQ11
hs-123a-1,0.0,,,,,,0.0,,,,,,0.0,,,,,,Hs_123_A-1
hs-129b-2,0.0,,,,,,0.0,,,,,,0.0,,,,,,Hs_129_B-2
hs-129b-2_romania_italy,0.0,,,,,,20.0,,,,,,0.0,,,,,,Hs_129_B-2_(Romania)
hs-129b-2_romania,0.0,,,,,,8.0,100.0,2.0,2.0,0.0,0.0,0.0,,,,,,Hs_129_B-2_(Romania)
hs-129b-3,0.0,,,,,,71.0,56.55,0.0,0.0,0.5,0.75,0.0,,,,,,Hs_129_B-3
us_hstv_l,0.0,,,,,,1347.0,53.16,0.0,0.0,1.75,1.44,1.0,,,0.0,,1.0,HSTV-L
hudson_mk_v,0.0,,,,,,0.0,,,,,,0.0,,,,,,Hudson_Mk_V
germ_hummel,0.0,,,,,,0.0,,,,,,0.0,,,,,,Hummel
il_hunter_afv,0.0,,,,,,0.0,,,,,,0.0,,,,,,Hunter_AFV
hunter_f9_rhodesia,0.0,,,,,,0.0,,,,,,0.0,,,,,,Hunter_FGA.9
hurricane_mk1_late_ep,0.0,,,,,,0.0,,,,,,0.0,,,,,,Hurricane_Mk.I/L_FAA_M
i-15_1934,0.0,,,,,,0.0,,,,,,0.0,,,,,,I-15_WR
i-153p,0.0,,,,,,45.0,66.67,3.0,4.5,2.05,3.08,21.0,,,0.0,,0.0,I-153P
i-15bis,0.0,,,,,,0.0,,,,,,0.0,,,,,,I-15bis
i-16_type28,0.0,,,,,,14.0,,,1.0,,1.0,0.0,,,,,,I-16_type_28
ia_58a_pucara,0.0,,,,,,0.0,,,,,,0.0,,,,,,IA.58A_Pucara
gladiator_j8a_iacobi,0.0,,,,,,0.0,,,,,,0.0,,,,,,Iacobi's_J8A
iar_81c,0.0,,,,,,0.0,,,,,,0.0,,,,,,IAR-81C
iar_93b,0.0,,,,,,46.0,94.17,0.3,0.75,1.98,1.5,0.0,,,,,,IAR-93B
jp_icv_ifv_prototype,0.0,,,,,,43.0,50.0,0.23,0.12,1.83,1.33,0.0,,,,,,ICV_(P)
sw_ikv_91_105,0.0,,,,,,233.0,65.67,0.23,0.1,5.09,3.08,0.0,,,,,,Ikv_91-105
il-4,0.0,,,,,,0.0,,,,,,0.0,,,,,,IL-4
uk_a1e1_independent,0.0,,,,,,0.0,,,,,,0.0,,,,,,Independent
germ_iris_slm_launcher,,,,,,,,,,,,,,,,,,,IRIS-T_SLM_(СОУ)
germ_iris_slm_fcs,0.0,,,,,,215.0,36.36,3.82,2.49,0.0,0.0,0.0,,,,,,IRIS-T_SLM_(СОЦ)
ussr_is_2_1944_revenge,0.0,,,,,,21.0,57.14,0.0,0.0,1.86,1.58,0.0,,,,,,"IS-2_""Revenge"""
ussr_is_2_1944_321,0.0,,,,,,23.0,87.5,0.0,0.0,1.75,1.12,0.0,,,,,,IS-2_No.321
cn_is_2_1943_no402,0.0,,,,,,0.0,,,,,,0.0,,,,,,IS-2_No.402
ussr_is_6,0.0,,,,,,181.0,72.72,0.0,0.0,5.7,3.82,0.0,,,,,,IS-6
it_semovente_m43_75_bersaglieri,,,,,,,,,,,,,,,,,,,it_semovente_m43_75_bersaglieri
sw_crotale_ng,0.0,,,,,,21.0,50.0,0.5,0.96,0.0,0.0,0.0,,,,,,ItO_90M
fr_crotale_ng,0.0,,,,,,4.0,50.0,0.75,0.85,0.0,0.0,0.0,,,,,,ItO_90M
sw_itpsv_90,0.0,,,,,,1240.0,47.61,0.09,0.08,2.15,1.6,0.0,,,,,,ItPsV_Leopard
j_10a,0.0,,,,,,211.0,62.46,1.7,1.64,0.13,0.12,1.0,,,1.0,,0.0,J-10A
j_10c,0.0,,,,,,66.0,91.67,3.14,3.6,0.54,0.47,0.0,,,,,,J-10C
j_11,0.0,,,,,,30.0,75.49,2.61,3.68,0.0,0.0,7.0,,,,,,J-11
j_11a,0.0,,,,,,81.0,26.95,1.31,1.94,0.09,0.16,3.0,,,2.0,,0.0,J-11A
j_11b,0.0,,,,,,91.0,55.88,1.56,1.45,0.16,0.13,0.0,,,,,,J-11B
j_15t,0.0,,,,,,98.0,57.58,1.2,1.32,0.77,0.6,4.0,,,1.0,,1.0,J-15T
j_22m1a,0.0,,,,,,10.0,50.0,0.0,0.0,2.67,5.33,0.0,,,,,,J-22M1A
mig-17_china,0.0,,,,,,0.0,,,,,,0.0,,,,,,J-4
mig-19j_6a,0.0,,,,,,0.0,,,,,,0.0,,,,,,J-6A
j_7_mk2,0.0,,,,,,0.0,,,,,,0.0,,,,,,J-7II
j_8f,0.0,,,,,,10.0,100.0,1.0,1.0,0.0,0.0,0.0,,,,,,J-8F
j1n1_mod11_early,0.0,,,,,,0.0,,,,,,0.0,,,,,,J1N1
saab_j21ra,0.0,,,,,,0.0,,,,,,0.0,,,,,,J21RA
saab_j29a,0.0,,,,,,7.0,100.0,2.0,,2.0,,0.0,,,,,,J29A
saab_j29d,0.0,,,,,,0.0,,,,,,0.0,,,,,,J29D
saab_j29f,0.0,,,,,,0.0,,,,,,13.0,,,,,,J29F
j2m3,0.0,,,,,,41.0,100.0,3.0,2.33,0.0,0.0,0.0,,,,,,J2M3
j2m5,0.0,,,,,,0.0,,,,,,0.0,,,,,,J2M5
j2m5_30mm,0.0,,,,,,59.0,82.05,0.55,0.79,1.04,1.19,0.0,,,,,,J2M5
saab_j32b,0.0,,,,,,0.0,,,,,,0.0,,,,,,J32B
hunter_f50_sweden,0.0,,,,,,0.0,,,,,,0.0,,,,,,J34
saab_j35a,0.0,,,,,,15.0,100.0,2.78,2.78,0.0,0.0,0.0,,,,,,J35A
saab_j35d,0.0,,,,,,19.0,53.13,1.06,2.0,0.0,0.0,14.0,,,1.0,,0.0,J35D
j6b,0.0,,,,,,0.0,,,,,,0.0,,,,,,J6B
j9_early,0.0,,,,,,9.0,100.0,2.0,2.0,1.0,1.0,0.0,,,,,,J9_Early
saab_ja37,0.0,,,,,,268.0,64.59,1.69,2.25,0.24,0.3,0.0,,,,,,JA37C
saab_ja37d,0.0,,,,,,129.0,48.39,1.09,1.21,0.04,0.04,0.0,,,,,,JA37D
saab_ja37di,0.0,,,,,,10.0,,,0.0,,0.0,0.0,,,,,,JA37DI
saab_ja37di_f21,0.0,,,,,,146.0,46.59,1.85,1.98,0.08,0.07,0.0,,,,,,JA37DI_F21
germ_jaguar_2,0.0,,,,,,129.0,35.56,0.0,0.0,2.2,1.41,0.0,,,,,,Jaguar_2
jaguar_a,0.0,,,,,,60.0,74.67,0.0,0.0,1.11,1.18,0.0,,,,,,Jaguar_A
jaguar_e,0.0,,,,,,0.0,,,,,,0.0,,,,,,Jaguar_E
jaguar_gr1a,0.0,,,,,,31.0,0.0,0.0,0.05,2.2,2.29,0.0,,,,,,Jaguar_GR.1A
jaguar_is,0.0,,,,,,37.0,87.5,0.88,1.0,0.13,0.05,21.0,20.0,0.2,0.4,1.0,1.4,Jaguar_IS
germ_sk105_a2,0.0,,,,,,179.0,45.83,0.0,0.0,3.65,1.19,0.0,,,,,,JaPz.K_A2
saab_jas39a,0.0,,,,,,110.0,39.44,0.78,1.03,0.67,0.83,0.0,,,,,,JAS39A
saab_jas39c,0.0,,,,,,71.0,43.1,1.07,1.4,0.22,0.43,0.0,,,,,,JAS39C
saab_jas39c_thailand,0.0,,,,,,47.0,67.36,1.0,1.35,0.11,0.18,0.0,,,,,,JAS39C
saab_jas39d,0.0,,,,,,18.0,100.0,0.18,0.18,0.0,0.0,0.0,,,,,,JAS39D
saab_jas39e,0.0,,,,,,401.0,57.0,1.12,1.11,0.89,0.91,0.0,,,,,,JAS39E
jf_17,0.0,,,,,,135.0,48.56,1.17,1.19,0.4,0.44,0.0,,,,,,JF-17
jh_7,0.0,,,,,,0.0,,,,,,0.0,,,,,,JH-7
jh_7a,0.0,,,,,,56.0,69.05,0.6,0.79,0.7,0.83,7.0,,,0.0,,4.0,JH-7A
jh_7a_prototype,0.0,,,,,,40.0,93.33,0.07,0.08,1.67,2.08,0.0,,,,,,JH-7A_Prototype
jh_7a2,,,,,,,,,,,,,,,,,,,JH-7A2
ju-388j,0.0,,,,,,0.0,,,,,,0.0,,,,,,Ju_388_J
ju-87b-2,0.0,,,,,,12.0,,,0.0,,1.33,0.0,,,,,,Ju_87_B-2
ju-87d-3_italy,0.0,,,,,,0.0,,,,,,0.0,,,,,,Ju_87_D-3
ju-87g_1,0.0,,,,,,0.0,,,,,,0.0,,,,,,Ju_87_G-1
ju-87g_2,0.0,,,,,,0.0,,,,,,0.0,,,,,,Ju_87_G-2
ju-87r-2,0.0,,,,,,22.0,100.0,1.0,1.0,3.0,2.32,0.0,,,,,,Ju_87_R-2
ju-87r-2_italy,0.0,,,,,,10.0,0.0,0.0,0.0,0.0,0.0,0.0,,,,,,Ju_87_R-2
ju-87r-2_snake,0.0,,,,,,7.0,100.0,0.0,0.0,0.57,0.57,0.0,,,,,,Ju_87_R-2_Libya
jp_type_2_ka_mi,0.0,,,,,,51.0,50.0,0.0,0.0,3.48,6.96,0.0,,,,,,Ka-Mi
it_kf_41,0.0,,,,,,53.0,,,0.0,,1.13,0.0,,,,,,KF41
kfir_c2,0.0,,,,,,18.0,50.0,0.5,0.5,0.0,0.0,16.0,,,1.0,,0.0,Kfir_C.2
kfir_c7,0.0,,,,,,33.0,33.33,0.7,1.0,0.7,1.0,0.0,,,,,,Kfir_C.7
kfir_canard,0.0,,,,,,30.0,0.0,1.0,1.0,3.0,3.0,12.0,,,,,,Kfir_Canard
uk_khalid,0.0,,,,,,200.0,72.11,0.0,0.0,3.91,2.8,0.0,,,,,,Khalid
ussr_9p157,0.0,,,,,,149.0,20.11,0.0,0.0,2.34,1.15,0.0,,,,,,Khrizantema-S
ki_10_2_commander,0.0,,,,,,0.0,,,,,,0.0,,,,,,Ki-10-II_C
ki_100_2,0.0,,,,,,73.0,77.08,1.09,0.74,1.78,1.46,0.0,,,,,,Ki-100-II
ki_102_otsu,0.0,,,,,,0.0,,,,,,0.0,,,,,,Ki-102_otsu
ki_108,0.0,,,,,,0.0,,,,,,0.0,,,,,,Ki-108_Kai
ki_109,0.0,,,,,,64.0,51.92,0.0,0.0,3.17,6.19,0.0,,,,,,Ki-109
ki_21_1ko,0.0,,,,,,0.0,,,,,,0.0,,,,,,Ki-21-Ia
ki_32,0.0,,,,,,0.0,,,,,,0.0,,,,,,Ki-32
ki-45_hei,0.0,,,,,,0.0,,,,,,0.0,,,,,,Ki-45_hei
ki-45_ko,0.0,,,,,,0.0,,,,,,0.0,,,,,,Ki-45_ko
ki-45_otsu,0.0,,,,,,0.0,,,,,,0.0,,,,,,Ki-45_otsu
ki-45_tei,0.0,,,,,,0.0,,,,,,0.0,,,,,,Ki-45_tei
ki_48_2_otsu,0.0,,,,,,0.0,,,,,,0.0,,,,,,Ki-48-II_otsu
ki-49_1,0.0,,,,,,0.0,,,,,,0.0,,,,,,Ki-49-I
ki-49_2a,0.0,,,,,,0.0,,,,,,0.0,,,,,,Ki-49-IIa
ki-49_2b_late,0.0,,,,,,0.0,,,,,,0.0,,,,,,Ki-49-IIb/L
ki_67_1_ko,0.0,,,,,,0.0,,,,,,0.0,,,,,,Ki-67-I_Ko
ki_87,0.0,,,,,,11.0,100.0,0.0,0.0,1.0,1.0,0.0,,,,,,Ki-87
ki_94_2,0.0,,,,,,7.0,,,,,,0.0,,,,,,Ki-94-II
ki-96,0.0,,,,,,2.0,,,,,,0.0,,,,,,Ki-96
kitsuka,0.0,,,,,,113.0,78.03,0.0,0.0,2.55,2.48,0.0,,,,,,Kikka
kor_1,,,,,,,,,,,,,,,,,,,KOR-1
sw_kungstiger,0.0,,,,,,11.0,,,,,,0.0,,,,,,Kungstiger
f-4e_iaf,0.0,,,,,,23.0,90.0,1.14,1.25,2.97,3.2,13.0,,,0.0,,1.0,Kurnass
f-4e_kurnass_2000,0.0,,,,,,3.0,100.0,2.0,,1.0,,0.0,,,,,,Kurnass_2000
l_39za,0.0,,,,,,125.0,82.64,0.29,0.1,2.33,1.48,14.0,,,0.0,,0.93,L-39ZA_Albatros
l_39za_art_thailand,0.0,,,,,,12.0,100.0,0.68,1.0,4.32,6.8,0.0,,,,,,L-39ZA/ART_Albatros
it_l3_cc,0.0,,,,,,9.0,,,0.0,,0.0,0.0,,,,,,L3/33_CC
it_l6,0.0,,,,,,0.0,,,,,,0.0,,,,,,L6/40
it_l6_leone,0.0,,,,,,0.0,,,,,,0.0,,,,,,L6/40_(31_Rgt.)
la-11,0.0,,,,,,0.0,,,,,,0.0,,,,,,La-11
lagg-3-23,0.0,,,,,,0.0,,,,,,0.0,,,,,,LaGG-3-23
lagg-3-4,0.0,,,,,,0.0,,,,,,0.0,,,,,,LaGG-3-4
lancaster_mk1,0.0,,,,,,8.0,100.0,0.0,0.0,0.0,0.0,0.0,,,,,,Lancaster_B_Mk_I
lancaster_mk3,0.0,,,,,,25.0,30.0,0.0,0.0,0.7,1.4,0.0,,,,,,Lancaster_B_Mk_III
it_lancia3ro_100,0.0,,,,,,0.0,,,,,,0.0,,,,,,Lancia_3Ro_(100/17)
late_298d,0.0,,,,,,0.0,,,,,,0.0,,,,,,Late_298D
fr_leclerc_azur,0.0,,,,,,254.0,57.72,0.0,0.0,2.72,2.03,0.0,,,,,,Leclerc_AZUR
fr_leclerc_sxxi,0.0,,,,,,269.0,50.26,0.0,0.0,2.53,1.61,0.0,,,,,,Leclerc_SXXI
leo_451_early,0.0,,,,,,0.0,,,,,,0.0,,,,,,LeO_451_early
it_leopard_1a5,0.0,,,,,,595.0,68.68,0.0,0.0,2.5,2.22,0.0,,,,,,Leopard_1A5
fr_leopard_1a5be,0.0,,,,,,0.0,,,,,,0.0,,,,,,Leopard_1A5BE
sw_leopard_2a4_fin,0.0,,,,,,254.0,37.02,0.0,0.0,1.83,1.26,0.0,,,,,,Leopard_2A4
fr_leopard_2a4nl,0.0,,,,,,268.0,41.95,0.0,0.0,1.71,1.45,0.0,,,,,,Leopard_2A4NL
it_leopard_2a7_hungary,0.0,,,,,,186.0,62.0,0.0,0.0,5.09,2.87,0.0,,,,,,Leopard_2A7HU
germ_leopard_2av,0.0,,,,,,111.0,90.72,0.0,0.0,3.16,2.11,0.0,,,,,,Leopard_2AV
jp_leopard_2ri,0.0,,,,,,0.0,,,,,,0.0,,,,,,Leopard_2RI
uk_vickers_mk_6_aa_mk_1,0.0,,,,,,0.0,,,,,,0.0,,,,,,Light_AA_Mk_I
lightning_f53,0.0,,,,,,0.0,,,,,,0.0,,,,,,Lightning_F.53
lincoln_b2,0.0,,,,,,0.0,,,,,,0.0,,,,,,Lincoln_B_Mk_II
fr_lorraine_155,0.0,,,,,,6.0,,,0.0,,1.0,0.0,,,,,,Lorraine_155_Mle.50
fr_lorraine_37l,0.0,,,,,,5.0,,,,,,0.0,,,,,,Lorraine_37L
us_losat_ccv,0.0,,,,,,43.0,21.74,0.0,0.0,1.17,0.65,0.0,,,,,,LOSAT
sw_lvrbv_701,0.0,,,,,,34.0,62.5,0.54,2.0,0.0,0.0,0.0,,,,,,Lvrbv_701
us_lvt_a_4,0.0,,,,,,0.0,,,,,,0.0,,,,,,LVT(A)(4)
us_lvt_4_zis_2,0.0,,,,,,0.0,,,,,,0.0,,,,,,LVT(A)(4)_(ZIS-2)
cn_lvt_4_zis_2,0.0,,,,,,0.0,,,,,,0.0,,,,,,LVT(A)(4)_(ZiS-2)
fr_lvt_bofors,0.0,,,,,,13.0,,,0.0,,1.0,0.0,,,,,,LVT-4/40
m_346fa,,,,,,,,,,,,,,,,,,,M-346FA
mb_151c1,0.0,,,,,,0.0,,,,,,0.0,,,,,,M.B.151C.1
mb_152c1,0.0,,,,,,0.0,,,,,,0.0,,,,,,M.B.152C1
mb_162,0.0,,,,,,0.0,,,,,,0.0,,,,,,M.B.162
mb_174_a3,0.0,,,,,,0.0,,,,,,0.0,,,,,,M.B.174A-3
mb_175t,0.0,,,,,,0.0,,,,,,0.0,,,,,,M.B.175T
md_450b_barougan,0.0,,,,,,4.0,50.0,0.0,0.0,0.5,1.0,0.0,,,,,,M.D.450B_Barougan
md_450b_ouragan,0.0,,,,,,68.0,100.0,0.01,0.04,0.91,1.85,0.0,,,,,,M.D.450B_Ouragan
md_452_mystere_2a,0.0,,,,,,7.0,50.0,0.5,1.0,1.0,2.0,0.0,,,,,,M.D.452_IIA
md_452_mystere_2c_preproduction,0.0,,,,,,18.0,,,,,,0.0,,,,,,M.D.452_IIC
us_m103,0.0,,,,,,242.0,67.69,0.0,0.0,3.39,1.84,0.0,,,,,,M103
germ_m109g,0.0,,,,,,69.0,0.0,0.0,0.0,0.74,0.34,0.0,,,,,,M109G
it_m11_39,0.0,,,,,,0.0,,,,,,0.0,,,,,,M11/39
us_m1128_wolfpack,0.0,,,,,,716.0,52.18,0.0,0.0,1.54,1.03,0.0,,,,,,M1128_Wolfpack
it_m113a1_tow,0.0,,,,,,23.0,85.71,0.0,0.0,0.86,0.57,0.0,,,,,,M113A1_(TOW)
us_halftrack_m13,0.0,,,,,,0.0,,,,,,0.0,,,,,,M13_MGMC
it_m13_40_serie_2,0.0,,,,,,0.0,,,,,,0.0,,,,,,M13/40_(II)
it_m13_40_serie_3,0.0,,,,,,6.0,,,0.0,,1.0,0.0,,,,,,M13/40_(III)
it_m14_41,0.0,,,,,,0.0,,,,,,0.0,,,,,,M14/41
us_halftrack_m15,0.0,,,,,,0.0,,,,,,0.0,,,,,,M15_CGMC
it_m15_42,0.0,,,,,,23.0,100.0,0.0,0.0,1.0,1.0,0.0,,,,,,M15/42
us_m163_vulcan,0.0,,,,,,285.0,57.08,0.54,0.5,0.0,0.0,0.0,,,,,,M163
jp_m163_vulcan,0.0,,,,,,191.0,65.22,0.85,1.25,0.19,0.29,0.0,,,,,,M163
jp_m19,0.0,,,,,,62.0,8.33,1.28,0.89,0.25,0.21,0.0,,,,,,M19A1
uk_m1a1_aim_abrams,,,,,,,,,,,,,,,,,,,M1A1
uk_m1a2_sep3_abrams,0.0,,,,,,0.0,,,,,,0.0,,,,,,M1A2
us_m1a2_sep2_abrams_trophy,0.0,,,,,,27.0,56.67,0.0,0.0,1.8,1.44,0.0,,,,,,M1A2_(Trophy-HV)
us_m1a2_sep3_abrams,0.0,,,,,,20.0,100.0,0.0,0.0,4.0,1.58,0.0,,,,,,M1A2_SEPv3
us_m24_chaffee_tl,0.0,,,,,,29.0,56.67,0.0,0.0,1.1,1.75,0.0,,,,,,M24_(TL)
us_m2a2,0.0,,,,,,0.0,,,,,,0.0,,,,,,M2A2
ussr_m3c,0.0,,,,,,0.0,,,,,,0.0,,,,,,M3_Medium
fr_m36b2_cefeo,1.0,100.0,0.0,0.0,4.0,4.0,133.0,63.06,0.0,0.0,1.27,1.18,0.0,,,,,,M36B2
us_m3a1_stuart_usmc,0.0,,,,,,11.0,,,,,,0.0,,,,,,M3A1_(USMC)
it_m3a3_stuart,0.0,,,,,,11.0,100.0,0.0,0.0,1.0,1.0,0.0,,,,,,M3A3
fr_m3a3_stuart,0.0,,,,,,63.0,81.48,0.0,0.0,1.5,1.0,0.0,,,,,,M3A3_Stuart
us_m4_sherman_promo,0.0,,,,,,30.0,100.0,0.0,0.0,4.0,2.24,0.0,,,,,,M4
cn_m_41d,0.0,,,,,,4.0,,,0.0,,0.0,0.0,,,,,,M41D
it_m44,0.0,,,,,,52.0,75.93,0.0,0.0,2.55,1.31,0.0,,,,,,M44
uk_m44,0.0,,,,,,9.0,,,,,,0.0,,,,,,M44
it_m47_105,0.0,,,,,,116.0,85.78,0.0,0.0,3.74,1.48,0.0,,,,,,M47_(105/55)
us_m4a2_1944,,,,,,,,,,,,,,,,,,,M4A2_(1944)
fr_m4a3e2_sherman_jumbo,0.0,,,,,,27.0,100.0,0.0,0.0,9.0,9.0,0.0,,,,,,M4A3E2
us_m4a5_ram_2,0.0,,,,,,0.0,,,,,,0.0,,,,,,M4A5
us_m551,0.0,,,,,,508.0,63.57,0.0,0.0,1.39,0.97,0.0,,,,,,M551
us_m551_76,0.0,,,,,,346.0,62.43,0.0,0.0,2.59,1.68,0.0,,,,,,M551(76)
us_m5a1_stuart_td,0.0,,,,,,0.0,,,,,,0.0,,,,,,M5A1_TD
us_m60a3_slep,0.0,,,,,,120.0,66.07,0.0,0.0,3.39,1.68,0.0,,,,,,M60_AMBT
it_m60a1_ariete,0.0,,,,,,0.0,,,,,,0.0,,,,,,"M60A1_""D.C.Ariete"""
us_m60a1_rise_mod,0.0,,,,,,0.0,,,,,,0.0,,,,,,M60A1_Predator
us_m728,0.0,,,,,,15.0,100.0,0.0,0.0,3.0,3.0,0.0,,,,,,M728_CEV
us_m8_scott,0.0,,,,,,0.0,,,,,,0.0,,,,,,M8_HMC
us_m8_greyhound,0.0,,,,,,0.0,,,,,,0.0,,,,,,M8_LAC
us_m901_itv,0.0,,,,,,22.0,100.0,0.0,0.0,1.0,1.5,0.0,,,,,,M901
il_machbet,0.0,,,,,,49.0,90.0,0.0,0.0,0.0,0.0,0.0,,,,,,Machbet
us_magach_3,0.0,,,,,,18.0,,,0.0,,1.0,0.0,,,,,,Magach_3_(ERA)
il_magach_3,0.0,,,,,,39.0,50.0,0.0,0.0,2.5,2.45,0.0,,,,,,Magach_3_(ERA)
il_magach_6,0.0,,,,,,46.0,50.0,0.0,0.0,1.24,2.12,0.0,,,,,,Magach_6
il_magach_6a,0.0,,,,,,57.0,50.0,0.0,0.0,1.6,1.82,0.0,,,,,,Magach_6A
il_magach_6b,0.0,,,,,,79.0,66.67,0.0,0.0,3.44,1.93,0.0,,,,,,Magach_6B
il_magach_6b_gal,0.0,,,,,,52.0,55.95,0.0,0.0,1.5,1.6,0.0,,,,,,Magach_6B_Gal
il_magach_6m,0.0,,,,,,25.0,100.0,0.0,0.0,1.0,1.64,0.0,,,,,,Magach_6M
il_magach_6r,0.0,,,,,,86.0,94.55,0.0,0.0,4.44,3.56,0.0,,,,,,Magach_6R
il_magach_6_rocket,0.0,,,,,,107.0,57.41,0.0,0.0,6.33,3.0,0.0,,,,,,Magach_Hydra
fiat_cr42_marcolin,0.0,,,,,,0.0,,,,,,0.0,,,,,,Marcolin's_C.R.42_CN
fiat_cr42_marcolin_italy,0.0,,,,,,0.0,,,,,,0.0,,,,,,Marcolin's_C.R.42_CN
germ_marder_1a3,0.0,,,,,,354.0,32.9,0.0,0.0,1.57,0.83,0.0,,,,,,Marder_1A3
germ_marder_1a1,0.0,,,,,,441.0,30.93,0.09,0.08,0.76,0.68,0.0,,,,,,Marder_A1-
uk_mark_v,0.0,,,,,,0.0,,,,,,0.0,,,,,,Mark_V
martin_139wc,0.0,,,,,,0.0,,,,,,0.0,,,,,,Martin_139WC
maryland_mk1_france,0.0,,,,,,0.0,,,,,,0.0,,,,,,Martin_167-A3
f4f-4_martlet_mk4,0.0,,,,,,2.0,,,,,,0.0,,,,,,Martlet_Mk_IV
mb_326b,0.0,,,,,,97.0,76.92,0.0,0.0,4.67,3.71,24.0,100.0,0.0,0.0,3.0,1.8,MB-326B
mb_5,0.0,,,,,,0.0,,,,,,13.0,,,,,,MB.5
mbr-2,0.0,,,,,,0.0,,,,,,0.0,,,,,,MBR-2-M-34
me-163b,0.0,,,,,,0.0,,,,,,0.0,,,,,,Me_163_B
me-163b-0,0.0,,,,,,0.0,,,,,,0.0,,,,,,Me_163_B-0
me_210_v22_japan,0.0,,,,,,0.0,,,,,,0.0,,,,,,Me_210_V22
me-262a-1a_early,0.0,,,,,,61.0,40.97,0.13,0.23,1.75,2.67,0.0,,,,,,Me_262_A-1a/Jabo
me-262a1_u1,0.0,,,,,,50.0,18.18,1.0,0.31,1.36,0.37,0.0,,,,,,Me_262_A-1a/U1
me-262a-2a,0.0,,,,,,61.0,54.32,1.33,2.29,1.39,2.9,0.0,,,,,,Me_262_A-2a
me-262c-1a,0.0,,,,,,0.0,,,,,,0.0,,,,,,Me_262_C-1a
me-262c-2b,0.0,,,,,,6.0,100.0,3.0,3.0,0.0,0.0,0.0,,,,,,Me_262_C-2b
me-410b-1_u2,0.0,,,,,,0.0,,,,,,0.0,,,,,,Me_410_B-1/U2
me-410b-2_u4,0.0,,,,,,13.0,80.77,0.5,0.69,1.27,1.77,0.0,,,,,,Me_410_B-2/U4
us_merkava_mk_1,0.0,,,,,,23.0,,,0.0,,2.67,0.0,,,,,,Merkava_Mk.1
us_merkava_mk_2b_late,0.0,,,,,,41.0,0.0,0.0,0.0,3.69,3.11,0.0,,,,,,Merkava_Mk.2B
us_merkava_mk_3d,0.0,,,,,,39.0,,,0.0,,3.69,0.0,,,,,,Merkava_Mk.3D
il_merkava_mk_4_lic,0.0,,,,,,53.0,15.69,0.0,0.0,4.26,5.12,0.0,,,,,,Merkava_Mk.4_LIC
il_merkava_mk_4b,0.0,,,,,,106.0,87.88,0.0,0.0,4.96,2.04,0.0,,,,,,Merkava_Mk.4B
il_merkava_mk_4m,0.0,,,,,,500.0,75.52,0.04,0.04,6.76,5.81,0.0,,,,,,Merkava_Mk.4M
meteor_fmk3,0.0,,,,,,67.0,23.02,0.01,0.03,0.8,0.81,0.0,,,,,,Meteor_F_Mk_3
meteor_fmk4_lw,0.0,,,,,,47.0,88.1,1.11,1.36,2.39,2.63,0.0,,,,,,Meteor_F_Mk_4_G.41F
meteor_fmk4_sw,0.0,,,,,,0.0,,,,,,0.0,,,,,,Meteor_F_Mk_4_G.41G
meteor_fmk8,0.0,,,,,,3.0,,,0.0,,0.0,0.0,,,,,,Meteor_F_Mk_8_G.41K
meteor_fmk8_belgium,0.0,,,,,,16.0,,,1.63,,1.31,0.0,,,,,,Meteor_F_Mk.8
meteor_fmk8_reaper,0.0,,,,,,4.0,100.0,0.0,0.0,1.0,1.0,0.0,,,,,,Meteor_F_Mk.8_Reaper
mig-15bis_ish,0.0,,,,,,196.0,70.29,0.51,0.44,2.82,2.26,0.0,,,,,,MiG-15bis_ISH
mig_21_bis_finland,0.0,,,,,,64.0,60.0,0.8,1.0,0.0,0.0,0.0,,,,,,MiG-21bis
mig-21_pfm,0.0,,,,,,0.0,,,,,,0.0,,,,,,MiG-21PFM
mig_27k,0.0,,,,,,1.0,,,1.0,,0.0,19.0,100.0,0.0,0.0,0.0,0.0,MiG-27K
mig_27m,0.0,,,,,,51.0,31.82,0.0,0.0,1.0,1.89,9.0,0.0,0.0,0.0,1.0,1.0,MiG-27M
mig_29_9_12_sniper,0.0,,,,,,117.0,40.81,1.65,1.13,0.41,0.31,28.0,0.0,4.0,1.3,0.0,0.0,MiG-29_Sniper
mig_29n,0.0,,,,,,86.0,50.0,1.28,1.28,0.0,0.0,0.0,,,,,,MiG-29N
mig-9_ussr,0.0,,,,,,12.0,,,,,,0.0,,,,,,MiG-9_(l)
mirage_milan,0.0,,,,,,37.0,,,,,,0.0,,,,,,Milan
mirage_2000c_s4,0.0,,,,,,36.0,23.08,0.69,1.38,0.08,0.15,0.0,,,,,,Mirage_2000C-S4
mirage_2000c_s5,0.0,,,,,,67.0,27.78,1.98,1.61,0.92,0.67,0.0,,,,,,Mirage_2000C-S5
mirage_2000d_r1,0.0,,,,,,0.0,,,,,,0.0,,,,,,Mirage_2000D-R1
mirage_2000d_rmv,0.0,,,,,,0.0,,,,,,0.0,,,,,,Mirage_2000D-RMV
mirage_4000,0.0,,,,,,80.0,75.89,1.87,2.33,0.45,0.64,3.0,,,0.0,,0.0,Mirage_4000
mirage_5ba,0.0,,,,,,0.0,,,,,,0.0,,,,,,Mirage_5BA
mirage_5f,0.0,,,,,,0.0,,,,,,0.0,,,,,,Mirage_5F
mirage_f1c,0.0,,,,,,18.0,0.0,1.0,0.06,0.0,0.0,0.0,,,,,,Mirage_F1C
mirage_f1ct,0.0,,,,,,0.0,,,,,,28.0,,,1.68,,0.0,Mirage_F1CT
mirage_3e,0.0,,,,,,4.0,100.0,1.0,1.0,0.0,0.0,0.0,,,,,,Mirage_IIIE
ussr_a_12_mk_2_matilda_2A_F96,0.0,,,,,,40.0,66.67,0.0,0.0,5.32,8.03,0.0,,,,,,MK-II_«Matilda»
germ_mkpz_m47,0.0,,,,,,2.0,,,,,,0.0,,,,,,mKPz_M47_G
mosquito_fb_mk18,0.0,,,,,,8.0,,,,,,0.0,,,,,,Mosquito_FB_Mk_XVIII
mosquito_b_mk16,0.0,,,,,,10.0,,,0.0,,0.0,0.0,,,,,,Mosquito_B.Mk.XVI
nc_223_3,0.0,,,,,,0.0,,,,,,0.0,,,,,,N.C.223.3
n1k1_kyuofu,0.0,,,,,,0.0,,,,,,0.0,,,,,,N1K1
n1k1_ja,0.0,,,,,,0.0,,,,,,0.0,,,,,,N1K1-Ja
il_namer_rcws_30,0.0,,,,,,146.0,37.33,0.0,0.0,0.78,0.91,0.0,,,,,,Namer_30
il_namer_tsrikhon,0.0,,,,,,53.0,100.0,0.0,0.0,4.1,1.82,0.0,,,,,,Namer_Tsrikhon
sw_nasams_fcs,0.0,,,,,,54.0,10.0,1.7,1.3,0.0,0.0,0.0,,,,,,NASAMS_3_(СОЦ)
fw-190a-8_france,0.0,,,,,,11.0,50.0,1.0,1.5,1.13,1.88,0.0,,,,,,NC.900
nesher,0.0,,,,,,4.0,50.0,0.5,1.0,0.0,0.0,0.0,,,,,,Nesher
f_16a_block_10_netz_mod,0.0,,,,,,360.0,51.89,1.19,1.46,0.19,0.22,54.0,,,0.88,,0.14,Netz_(Mod)
nimrod_mk1,0.0,,,,,,0.0,,,,,,0.0,,,,,,Nimrod_Mk_I
nimrod_mk2,0.0,,,,,,0.0,,,,,,0.0,,,,,,Nimrod_Mk_II
sw_nomads,,,,,,,,,,,,,,,,,,,NOMADS
cn_object_122tm,0.0,,,,,,200.0,59.39,0.0,0.0,3.85,2.72,0.0,,,,,,"Object_122MT_""MC"""
cn_object_211,0.0,,,,,,124.0,61.11,0.0,0.0,1.73,1.44,0.0,,,,,,Object_211
ussr_object_775,0.0,,,,,,204.0,50.79,0.0,0.0,2.97,1.78,0.0,,,,,,Object_775
uk_olifant_mk_1a,0.0,,,,,,540.0,61.69,0.05,0.06,4.24,5.09,0.0,,,,,,Olifant_Mk.1A
os2u_1,0.0,,,,,,0.0,,,,,,0.0,,,,,,OS2U-1
os2u_3,0.0,,,,,,0.0,,,,,,0.0,,,,,,OS2U-3
uk_9a33bm2,0.0,,,,,,31.0,41.18,1.24,2.47,0.0,0.0,0.0,,,,,,Osa-AK
it_9a33bm3,0.0,,,,,,0.0,,,,,,0.0,,,,,,Osa-AKM
it_otomatic,0.0,,,,,,124.0,44.67,0.69,0.62,1.39,1.42,0.0,,,,,,OTOMATIC
germ_wiesel_2_adwc,0.0,,,,,,172.0,32.11,1.56,2.27,0.0,0.0,0.0,,,,,,Ozelot
p-26a_33,0.0,,,,,,0.0,,,,,,0.0,,,,,,P-26A-33
p-26a_34,0.0,,,,,,0.0,,,,,,0.0,,,,,,P-26A-34
p-38k,0.0,,,,,,19.0,100.0,2.4,,2.0,,0.0,,,,,,P-38K
p-39q_15,0.0,,,,,,0.0,,,,,,0.0,,,,,,P-39Q-15
p-39q_5,0.0,,,,,,0.0,,,,,,0.0,,,,,,P-39Q-5
p-40c,0.0,,,,,,0.0,,,,,,0.0,,,,,,P-40C
p-40e,0.0,,,,,,42.0,100.0,0.0,0.0,0.0,0.0,0.0,,,,,,P-40E-1
p-40e_td,0.0,,,,,,0.0,,,,,,0.0,,,,,,P-40E-1_TD
p-40f-5_france_ep,0.0,,,,,,4.0,,,1.0,,1.0,0.0,,,,,,P-40F-5_Lafayette
p-43a-1,0.0,,,,,,0.0,,,,,,0.0,,,,,,P-43A-1
p-47d_16_re_germany,0.0,,,,,,0.0,,,,,,0.0,,,,,,P-47D-16-RE
p-51a_tl,0.0,,,,,,22.0,31.25,0.69,0.86,0.75,1.03,0.0,,,,,,P-51A
p-51c-11-nt_japan,0.0,,,,,,9.0,100.0,2.0,,2.0,,0.0,,,,,,P-51C-11-NT
p-59a,0.0,,,,,,60.0,85.76,0.69,0.69,0.21,0.22,0.0,,,,,,P-59A
p_108b_serie1,0.0,,,,,,0.0,,,,,,0.0,,,,,,P.108B_serie_1
fr_citroen_kegresse_p4t,0.0,,,,,,0.0,,,,,,0.0,,,,,,P.7.T_AA
p1y1_mod11,0.0,,,,,,29.0,100.0,0.0,,0.0,,0.0,,,,,,P1Y1_mod._11
it_p_40,0.0,,,,,,51.0,50.0,0.0,0.0,3.98,4.45,30.0,100.0,0.0,0.0,1.0,1.0,P40
d_510,0.0,,,,,,0.0,,,,,,0.0,,,,,,Pallier's_D.510
it_palmaria,0.0,,,,,,0.0,,,,,,0.0,,,,,,Palmaria
pb4y-2_france,0.0,,,,,,0.0,,,,,,0.0,,,,,,PB4Y-2
pbm_3,0.0,,,,,,0.0,,,,,,0.0,,,,,,"PBM-3_""Mariner"""
sw_pbv_301,0.0,,,,,,49.0,0.0,0.4,0.26,0.42,0.18,0.0,,,,,,Pbv_301
sw_pbv_302_bill,0.0,,,,,,121.0,50.0,0.0,0.0,1.3,1.48,0.0,,,,,,Pbv_302_(BILL)
pby-5a_late_france,0.0,,,,,,0.0,,,,,,0.0,,,,,,PBY-5A_Late
cn_pgz_04a,0.0,,,,,,110.0,56.41,0.63,1.09,0.15,0.19,0.0,,,,,,PGZ04A
cn_pgz_88,0.0,,,,,,2.0,,,0.0,,1.0,0.0,,,,,,PGZ88
cn_type_65_aa,0.0,,,,,,70.0,63.89,0.0,0.0,0.0,0.0,0.0,,,,,,Phòng_không_T-34
ussr_type_65_aa,0.0,,,,,,8.0,,,0.0,,0.0,0.0,,,,,,Phòng_không_T-34
spitfire_ix_plagis,0.0,,,,,,28.0,,,0.73,,0.73,16.0,,,,,,Plagis'_Spitfire_LF_Mk_IXc
cn_plz_83,0.0,,,,,,32.0,13.89,0.0,0.0,1.22,1.06,0.0,,,,,,PLZ83
cn_plz_83_130,0.0,,,,,,68.0,,,0.0,,2.4,0.0,,,,,,PLZ83-130
po-2,0.0,,,,,,0.0,,,,,,0.0,,,,,,Po-2
po-2_nw,,,,,,,,,,,,,,,,,,,Po-2_Night_Witch
po-2m,0.0,,,,,,0.0,,,,,,0.0,,,,,,Po-2M
potez_630,0.0,,,,,,0.0,,,,,,0.0,,,,,,Potez_630
potez_631,0.0,,,,,,0.0,,,,,,0.0,,,,,,Potez_631
potez_633,0.0,,,,,,0.0,,,,,,0.0,,,,,,Potez_633
spitfire_fr_mk14e,0.0,,,,,,0.0,,,,,,0.0,,,,,,Prendergast's_Spitfire_FR_Mk_XIVe
germ_leopard_2_pt14,0.0,,,,,,43.0,55.0,0.0,0.0,3.9,3.86,0.0,,,,,,PT-16/T14_mod.
ussr_pt_76_57,0.0,,,,,,122.0,73.61,0.0,0.0,3.8,2.23,0.0,,,,,,PT-76-57
cn_ptl_02,0.0,,,,,,157.0,53.11,0.0,0.0,1.53,1.21,0.0,,,,,,PTL02
cn_ptz_89,0.0,,,,,,123.0,43.18,0.0,0.0,2.13,1.44,0.0,,,,,,PTZ89
germ_schutzenpanzer_puma,0.0,,,,,,236.0,43.89,0.0,0.0,2.2,1.12,0.0,,,,,,PUMA
germ_schutzenpanzer_puma_vjtf_mod,0.0,,,,,,0.0,,,,,,0.0,,,,,,Puma_u14
germ_schutzenpanzer_puma_vjtf,0.0,,,,,,350.0,35.32,0.0,0.0,1.11,0.89,7.0,,,0.0,,2.0,PUMA_VJTF
sw_pvlvv_fm42,0.0,,,,,,4.0,,,0.0,,1.75,0.0,,,,,,Pvlvv_fm/42
sw_pvrbv_551,0.0,,,,,,102.0,44.1,0.0,0.0,2.22,1.5,0.0,,,,,,Pvrbv_551
germ_pzkpfw_38t_ausf_F,0.0,,,,,,0.0,,,,,,0.0,,,,,,Pz.38(t)_F
germ_pzkpfw_II_ausf_C_td,0.0,,,,,,0.0,,,,,,0.0,,,,,,Pz.II_C_TD
germ_pzkpfw_III_ausf_J_td,0.0,,,,,,0.0,,,,,,0.0,,,,,,Pz.III_J1_TD
germ_pzkpfw_III_ausf_J,1.0,,,,,,10.0,,,0.0,,3.5,0.0,,,,,,Pz.III_J1
germ_pzkpfw_III_ausf_L,0.0,,,,,,32.0,,,0.0,,0.9,31.0,87.5,0.0,0.0,1.75,1.06,Pz.III_L
germ_pzkpfw_II_ausf_C,0.0,,,,,,0.0,,,,,,0.0,,,,,,Pz.II_C
germ_pzkpfw_II_ausf_F,0.0,,,,,,0.0,,,,,,0.0,,,,,,Pz.II_F
germ_pzkpfw_II_ausf_H,0.0,,,,,,14.0,,,0.0,,0.85,0.0,,,,,,Pz.II_H
germ_pzkpfw_II_ausf_C_DAK,0.0,,,,,,14.0,,,0.0,,3.44,0.0,,,,,,Pz.II_С_(DAK)
germ_amd_35_kwk,0.0,,,,,,6.0,,,0.0,,2.5,0.0,,,,,,Pz.Sp.Wg.P204(f)_KwK
germ_amd_35_kwk39,0.0,,,,,,15.0,100.0,0.0,0.0,2.6,2.6,0.0,,,,,,Pz.Sp.Wg.P204(f)_PaK
q_5_early,0.0,,,,,,0.0,,,,,,0.0,,,,,,Q-5_early
q_5l,0.0,,,,,,47.0,62.5,0.0,0.0,2.03,2.35,7.0,,,0.0,,0.0,Q-5L
quing_6,0.0,,,,,,0.0,,,,,,0.0,,,,,,Qing-6
cn_qn506,0.0,,,,,,71.0,57.14,0.0,0.0,0.88,0.77,0.0,,,,,,QN506
fr_renault_r39,0.0,,,,,,0.0,,,,,,0.0,,,,,,R.35_(SA38)
r2y2_v1,0.0,,,,,,0.0,,,,,,0.0,,,,,,R2Y2_Kai_V1
r2y2_v2,0.0,,,,,,8.0,100.0,0.0,0.0,2.0,1.71,0.0,,,,,,R2Y2_Kai_V2
r2y2_kai,0.0,,,,,,19.0,,,0.0,,1.8,0.0,,,,,,R2Y2_Kai_V3
it_oto_r3_t20_fa,0.0,,,,,,91.0,89.47,0.19,0.11,0.3,0.21,0.0,,,,,,R3_T20_FA-HS
germ_raketenjagdpanzer_2,0.0,,,,,,27.0,,,0.0,,0.0,0.0,,,,,,RakJPz_2
germ_raketenjagdpanzer_2_hot,0.0,,,,,,22.0,,,0.0,,0.0,0.0,,,,,,RakJPz_2_(HOT)
uk_cruiser_ram_1,0.0,,,,,,52.0,97.5,0.0,0.0,4.55,2.98,0.0,,,,,,Ram_I
uk_tracked_rapier,0.0,,,,,,69.0,50.0,3.83,1.91,0.0,0.0,0.0,,,,,,Rapier
p-36a_rasmussen,0.0,,,,,,0.0,,,,,,0.0,,,,,,Rasmussen's_P-36A
uk_ratel_20,0.0,,,,,,53.0,53.85,0.0,0.0,0.7,0.83,0.0,,,,,,Ratel_20
re_2000_int,0.0,,,,,,0.0,,,,,,0.0,,,,,,Re.2000_serie_1
re_2001_cb,0.0,,,,,,15.0,,,,,,0.0,,,,,,Re.2001_CB
re_2001_cn,0.0,,,,,,20.0,100.0,3.0,0.0,2.0,0.0,0.0,,,,,,Re.2001_CN
re_2005_vdm,0.0,,,,,,44.0,56.25,1.06,1.37,1.13,1.68,0.0,,,,,,Re.2005_(VDM)
jp_type_95_heavy,0.0,,,,,,0.0,,,,,,0.0,,,,,,Ro-Go
jp_hiro_sha,0.0,,,,,,8.0,,,0.0,,0.0,0.0,,,,,,Ro-Go_Exp.
ro_43,,,,,,,,,,,,,,,,,,,Ro.43
ro_44,0.0,,,,,,0.0,,,,,,0.0,,,,,,Ro.44
ro_57_quadriarma,0.0,,,,,,0.0,,,,,,0.0,,,,,,Ro.57_Quadriarma
fr_amx_30_roland,0.0,,,,,,109.0,27.9,0.77,0.9,0.0,0.0,0.0,,,,,,Roland_1
uk_rooikat_105_td,0.0,,,,,,332.0,57.05,0.0,0.0,3.01,2.0,0.0,,,,,,Rooikat_105
uk_rooikat_76,0.0,,,,,,207.0,54.9,0.0,0.0,2.36,1.98,0.0,,,,,,Rooikat_Mk.1D
uk_rooikat_mttd,0.0,,,,,,107.0,86.77,0.0,0.0,5.17,2.76,0.0,,,,,,Rooikat_MTTD
fr_somua_s35,0.0,,,,,,0.0,,,,,,0.0,,,,,,S.35
s_81_ar125,0.0,,,,,,17.0,,,,,,0.0,,,,,,S.81
sm_79_1941,0.0,,,,,,0.0,,,,,,0.0,,,,,,S.M.79_AS
sm_79_1941_italy,0.0,,,,,,0.0,,,,,,0.0,,,,,,S.M.79_AS
sm_79_iar,0.0,,,,,,0.0,,,,,,0.0,,,,,,S.M.79_B
sm_79_iar_italy,0.0,,,,,,0.0,,,,,,0.0,,,,,,S.M.79_B
sm_79_1942,0.0,,,,,,0.0,,,,,,0.0,,,,,,S.M.79_bis/N
sm_79_1943,0.0,,,,,,0.0,,,,,,0.0,,,,,,S.M.79_bis/T.M
sm_79_1943_italy,0.0,,,,,,0.0,,,,,,0.0,,,,,,S.M.79_bis/T.M
sm_79_1936,0.0,,,,,,0.0,,,,,,0.0,,,,,,S.M.79_serie_1
sm_79_1936_italy,0.0,,,,,,0.0,,,,,,0.0,,,,,,S.M.79_serie_1
sm_79_1937,0.0,,,,,,0.0,,,,,,0.0,,,,,,S.M.79_serie_4
sm_79_1939,0.0,,,,,,0.0,,,,,,0.0,,,,,,S.M.79_serie_8
so_4050_vautour_2n,0.0,,,,,,0.0,,,,,,0.0,,,,,,S.O.4050_Vautour_IIN
so_4050_vautour_2n_late,0.0,,,,,,92.0,91.33,3.16,4.87,0.0,0.0,0.0,,,,,,S.O.4050_Vautour_IIN_(late)
so_8000_narval,0.0,,,,,,26.0,93.33,0.8,0.92,0.53,0.5,0.0,,,,,,S.O.8000_Narval
saab_b17bs,0.0,,,,,,0.0,,,,,,0.0,,,,,,S17BS
md_460_saar,0.0,,,,,,0.0,,,,,,0.0,,,,,,Sa'ar
saab_f35_wdns,0.0,,,,,,13.0,,,0.31,,0.0,0.0,,,,,,Saab_F-35
saab_j35xs,0.0,,,,,,110.0,59.99,3.23,3.67,1.86,1.55,0.0,,,,,,Saab_J35XS
saab_105g,0.0,,,,,,146.0,73.8,0.11,0.13,3.03,2.64,0.0,,,,,,SAAB-105G
saab_105oe,0.0,,,,,,0.0,,,,,,0.0,,,,,,SAAB-105OE
sagittario_2,0.0,,,,,,42.0,100.0,3.42,3.77,2.5,2.08,13.0,,,3.31,,0.0,Sagittario_2
md_460_sambad,0.0,,,,,,0.0,,,,,,0.0,,,,,,Sambad
uk_sarc_mk4_a,0.0,,,,,,0.0,,,,,,0.0,,,,,,SARC_MkIVa
uk_marmon_herrington_mk_6_6pdr,0.0,,,,,,56.0,25.0,0.0,0.0,1.07,1.0,0.0,,,,,,SARC_MkVI_(6pdr)
fr_somua_sau40,0.0,,,,,,0.0,,,,,,0.0,,,,,,SAu_40
sb_2m_100,0.0,,,,,,0.0,,,,,,0.0,,,,,,SB_2M-100
sb_2m_103_mv3,0.0,,,,,,0.0,,,,,,0.0,,,,,,SB_2M-103_MV-3
sb_2m_103u,0.0,,,,,,0.0,,,,,,0.0,,,,,,SB_2M-103U
sb_2m_103u_mv3,0.0,,,,,,0.0,,,,,,0.0,,,,,,SB_2M-103U_MV-3
sb2c_4,0.0,,,,,,8.0,,,,,,0.0,,,,,,SB2C-4
sb2c_5_france,0.0,,,,,,26.0,90.0,0.3,0.4,5.6,3.31,0.0,,,,,,SB2C-5
sb2u-3,0.0,,,,,,0.0,,,,,,0.0,,,,,,SB2U-3
scimitar_f1,0.0,,,,,,27.0,100.0,1.0,0.78,2.0,1.56,0.0,,,,,,Scimitar_F_Mk.1
germ_sdkfz_221_s_pz_b_41,0.0,,,,,,0.0,,,,,,0.0,,,,,,Sd.Kfz.221_(s.Pz.B.41)
germ_sdkfz_222,0.0,,,,,,36.0,0.0,0.0,0.0,2.8,1.0,0.0,,,,,,Sd.Kfz.222
germ_sdkfz_234_2_mod,0.0,,,,,,42.0,59.8,0.0,0.0,2.64,2.11,13.0,,,0.0,,0.15,"Sd.Kfz.234/2_""Biene"""
germ_sdkfz_234_2_td,0.0,,,,,,7.0,,,0.0,,1.0,0.0,,,,,,Sd.Kfz.234/2_TD
germ_sdkfz_234_3,0.0,,,,,,0.0,,,,,,0.0,,,,,,Sd.Kfz.234/3
germ_sdkfz_251_22,0.0,,,,,,12.0,50.0,0.0,0.0,3.5,3.13,0.0,,,,,,Sd.Kfz.251/22
germ_pzkpfw_38t_Aufklarungspanzer,0.0,,,,,,20.0,,,0.0,,2.0,0.0,,,,,,Sd.Kfz._140/1
gladiator_mk2_navy,0.0,,,,,,0.0,,,,,,0.0,,,,,,Sea_Gladiator_Mk_I
sea_hawk_fga6,0.0,,,,,,21.0,,,0.0,,0.0,0.0,,,,,,Sea_Hawk_FGA.6
sea_hawk_fga50_netherlands,0.0,,,,,,258.0,52.25,1.32,1.74,1.21,1.56,11.0,,,3.0,,0.0,Sea_Hawk_Mk.50
meteor_fmk3_navy,0.0,,,,,,77.0,50.0,0.99,1.9,1.08,1.72,0.0,,,,,,Sea_Meteor_F_Mk_3
sea_venom_faw20,0.0,,,,,,0.0,,,,,,0.0,,,,,,Sea_Venom_FAW_20
dh_110_sea_vixen,0.0,,,,,,64.0,90.58,4.03,7.4,0.0,0.0,4.0,100.0,4.0,3.25,0.0,0.0,Sea_Vixen_F.A.W._Mk.2
shackleton_mr_mk_2,0.0,,,,,,0.0,,,,,,0.0,,,,,,Shackleton_MR.Mk.2
mirage_3cj,0.0,,,,,,31.0,100.0,1.82,2.0,0.82,1.0,0.0,,,,,,Shahak
mig-17_f5,0.0,,,,,,14.0,,,1.13,,0.0,0.0,,,,,,Shenyang_F-5
us_m4a3e8_76w_sherman_kit_3rank,0.0,,,,,,273.0,79.15,0.04,0.04,3.9,3.06,0.0,,,,,,Sherman_(Hell)
il_centurion_shot_kal_alef,0.0,,,,,,56.0,88.89,0.0,0.0,4.23,2.91,0.0,,,,,,Sho't_Kal_Alef
uk_centurion_shot_kal_d,0.0,,,,,,0.0,,,,,,0.0,,,,,,Sho't_Kal_Dalet
il_sholef,0.0,,,,,,28.0,43.75,0.44,0.39,2.5,2.36,0.0,,,,,,Sholef
ussr_9p149,0.0,,,,,,46.0,70.67,0.0,0.0,1.83,1.94,0.0,,,,,,Shturm-S
it_otobreda_sidam_25_mistral,0.0,,,,,,29.0,63.64,0.64,0.64,0.0,0.0,0.0,,,,,,SIDAM_25_(Mistral)
saab_sk60b,0.0,,,,,,172.0,47.07,0.04,0.04,2.01,2.32,0.0,,,,,,SK60B
us_skink_aa,0.0,,,,,,262.0,46.44,1.31,1.39,0.0,0.0,0.0,,,,,,Skink
uk_skink_aa,0.0,,,,,,40.0,4.17,0.67,0.44,0.04,0.06,0.0,,,,,,Skink
us_skink_aa_kit_3rank,0.0,,,,,,72.0,63.73,1.23,1.6,0.25,0.31,0.0,,,,,,Skink_(Hell)
uk_sky_sabre_fcs,0.0,,,,,,95.0,59.26,2.15,1.76,0.0,0.0,0.0,,,,,,Sky_Sabre_(СОЦ)
jp_type_95_so_ki,0.0,,,,,,24.0,,,,,,0.0,,,,,,So-Ki
soc_1,,,,,,,,,,,,,,,,,,,SOC-1
spitfire_mk18e,0.0,,,,,,0.0,,,,,,0.0,,,,,,Spitfire_F_Mk_XVIIIe
spitfire_mk5b_notrop,0.0,,,,,,0.0,,,,,,22.0,,,2.0,,0.0,Spitfire_Mk_Vb
spitfiremkiia_ep,0.0,,,,,,29.0,100.0,1.29,1.29,0.81,0.81,0.0,,,,,,Spitfire_Mk.IIa_Venture_I
spitfire_mk5b_float,0.0,,,,,,0.0,,,,,,0.0,,,,,,Spitfire_Mk.Vb_(Float)
sw_stormpjas_fm43_44,0.0,,,,,,9.0,,,,,,0.0,,,,,,Spj_fm/43-44
il_spyder_aio,0.0,,,,,,95.0,31.55,0.97,1.05,0.0,0.0,0.0,,,,,,SPYDER
germ_spz_12_3,0.0,,,,,,28.0,50.0,0.0,0.0,1.0,2.0,0.0,,,,,,SPz_12-3_LGS
fr_saint_chamond,0.0,,,,,,12.0,,,0.0,,3.0,0.0,,,,,,St-Chamond
uk_t17e2,0.0,,,,,,0.0,,,,,,0.0,,,,,,Staghound_AA
jp_stingray,0.0,,,,,,221.0,67.68,0.0,0.0,2.11,1.54,0.0,,,,,,Stingray
stirling_mk3,0.0,,,,,,0.0,,,,,,0.0,,,,,,Stirling_B_Mk_III
uk_stormer_air_defence,0.0,,,,,,187.0,48.22,1.26,1.14,0.12,0.12,0.0,,,,,,Stormer_AD
uk_stormer_hvm,0.0,,,,,,14.0,0.0,0.62,1.0,0.0,0.0,0.0,,,,,,Stormer_HVM
strikemaster_mk88,0.0,,,,,,74.0,73.68,0.16,0.13,4.26,4.95,0.0,,,,,,Strikemaster_Mk.88
uk_fv102_striker,0.0,,,,,,40.0,50.0,0.0,0.0,0.5,0.5,0.0,,,,,,Striker
sw_strv_103_0,0.0,,,,,,123.0,47.83,0.0,0.0,4.15,2.85,0.0,,,,,,Strv_103-0
sw_strv_103a,0.0,,,,,,328.0,47.57,0.0,0.0,2.53,1.94,12.0,,,0.0,,1.0,Strv_103A
sw_strv_103c,0.0,,,,,,89.0,41.11,0.0,0.0,1.83,2.11,0.0,,,,,,Strv_103С
sw_strv_104,0.0,,,,,,284.0,46.15,0.0,0.0,2.55,2.21,0.0,,,,,,Strv_104
sw_strv_105,0.0,,,,,,299.0,58.34,0.0,0.0,2.4,1.92,0.0,,,,,,Strv_105
sw_strv_121,0.0,,,,,,437.0,54.85,0.0,0.0,2.72,2.02,0.0,,,,,,Strv_121
sw_strv_81_rb52,0.0,,,,,,0.0,,,,,,0.0,,,,,,Strv_81_(RB_52)
uk_centurion_mk_3_ss11,0.0,,,,,,0.0,,,,,,0.0,,,,,,Strv_81_(RB_52)
sw_strv_m41_s1,0.0,,,,,,0.0,,,,,,0.0,,,,,,Strv_m/41_S-I
us_m5a1_stuart_canadian_5st_arm,0.0,,,,,,0.0,,,,,,7.0,100.0,0.0,0.0,2.0,2.0,Stuart_VI_(5th_CAD)
germ_stug_III_ausf_A,0.0,,,,,,15.0,18.18,0.0,0.0,0.18,0.18,0.0,,,,,,StuG_III_A
ussr_su_100Y,0.0,,,,,,13.0,,,0.0,,1.0,0.0,,,,,,SU-100Y
su_25tm,0.0,,,,,,405.0,74.95,0.3,0.28,2.73,2.66,52.0,,,0.84,,0.74,Su-39
ussr_su_57b,0.0,,,,,,8.0,,,0.0,,0.0,0.0,,,,,,SU-57B
ussr_su_76d,0.0,,,,,,0.0,,,,,,0.0,,,,,,SU-76D
ussr_su_76m_5st_kav_corps,0.0,,,,,,8.0,,,0.0,,1.0,0.0,,,,,,SU-76M_(5th_Gv.Kav.Corps)
su-7bmk,0.0,,,,,,3.0,,,0.0,,0.0,0.0,,,,,,Su-7BMK
su-8,0.0,,,,,,6.0,,,0.0,,1.83,0.0,,,,,,Su-8
ussr_su_85a,0.0,,,,,,0.0,,,,,,0.0,,,,,,SU-85A
su-9,0.0,,,,,,125.0,71.11,1.57,0.95,2.79,1.56,0.0,,,,,,Su-9
sunderland_mk3a,0.0,,,,,,0.0,,,,,,0.0,,,,,,Sunderland_Mk_IIIa
sunderland_mk5,0.0,,,,,,0.0,,,,,,0.0,,,,,,Sunderland_Mk_V
super_etendard_97,0.0,,,,,,17.0,50.0,0.0,,2.0,,0.0,,,,,,Super_Etendard
us_m18_super_hellcat,0.0,,,,,,537.0,77.39,0.0,0.0,3.4,3.22,7.0,100.0,0.0,0.0,3.0,3.0,Super_Hellcat
swift_f1,0.0,,,,,,107.0,45.44,1.0,2.85,0.05,0.1,0.0,,,,,,Swift_F.1
swift_f7,0.0,,,,,,140.0,55.28,1.53,1.53,1.68,1.87,0.0,,,,,,Swift_F.7
swordfish_mk1,0.0,,,,,,0.0,,,,,,0.0,,,,,,Swordfish_Mk_I
swordfish_mk2,0.0,,,,,,0.0,,,,,,0.0,,,,,,Swordfish_Mk_II
ussr_t_10a,0.0,,,,,,97.0,86.54,0.0,0.0,7.23,3.53,0.0,,,,,,T-10A
cn_t_26_no531,0.0,,,,,,21.0,,,,,,0.0,,,,,,T-26_No.531
ussr_t_26E,0.0,,,,,,0.0,,,,,,0.0,,,,,,T-26E
ussr_t_26_1940_1st_GvTBr,0.0,,,,,,0.0,,,,,,0.0,,,,,,T-26_(1st_Gv.T.Br.)
ussr_t_34_1940_l_11,0.0,,,,,,0.0,,,,,,0.0,,,,,,T-34_(Prototype)
sw_t_50_fin,0.0,,,,,,0.0,,,,,,0.0,,,,,,T-50
ussr_t_50,0.0,,,,,,111.0,38.67,0.0,0.0,1.76,2.01,0.0,,,,,,T-50
ussr_t_60_1941,0.0,,,,,,0.0,,,,,,0.0,,,,,,T-60
ussr_t_70_1942,0.0,,,,,,0.0,,,,,,0.0,,,,,,T-70
ussr_t_72m2_moderna,0.0,,,,,,187.0,74.33,0.0,0.0,5.69,3.62,0.0,,,,,,T-72M2_Moderna
ussr_pzkpfw_III_ausf_J_L42,0.0,,,,,,26.0,71.43,0.0,0.0,2.96,3.31,0.0,,,,,,T-III
us_t114,0.0,,,,,,37.0,,,0.0,,3.71,0.0,,,,,,T114
us_t32e1,0.0,,,,,,48.0,82.54,0.0,0.0,4.73,2.25,0.0,,,,,,T32E1
us_t54e2,0.0,,,,,,17.0,,,,,,0.0,,,,,,T54E2
ta-152c,0.0,,,,,,7.0,,,,,,0.0,,,,,,Ta_152_C-3
ta-152h-1,0.0,,,,,,25.0,0.0,2.2,2.0,0.0,0.0,0.0,,,,,,Ta_152_H-1
jp_type_98_ta_se,0.0,,,,,,9.0,,,0.0,,1.78,0.0,,,,,,Ta-Se
jp_type_81_tansam_launcher,,,,,,,,,,,,,,,,,,,Tan-SAM_Kai_(СОУ)
jp_type_81_tansam_fcs,0.0,,,,,,17.0,32.35,0.68,0.48,0.0,0.0,0.0,,,,,,Tan-SAM_Kai_(СОЦ)
tandem_mai,0.0,,,,,,0.0,,,,,,0.0,,,,,,Tandem_MAI
tb_3_m17_32,0.0,,,,,,0.0,,,,,,0.0,,,,,,TB-3M-17-32
tempest_mkv_luftwaffe,0.0,,,,,,46.0,62.5,1.65,2.13,0.85,1.0,0.0,,,,,,Tempest_Mk_V
tempest_mkv_vikkers,0.0,,,,,,8.0,,,0.38,,0.0,0.0,,,,,,Tempest_Mk_V_(Vickers_P)
f2a-1_thach,0.0,,,,,,0.0,,,,,,0.0,,,,,,Thach's_F2A-1
il_tiran_4_sh,0.0,,,,,,69.0,7.41,0.0,0.0,2.26,1.3,0.0,,,,,,Tiran_4S
il_tiran_6,0.0,,,,,,83.0,95.45,0.0,0.0,4.64,2.79,0.0,,,,,,Tiran_6
uk_tog_2,0.0,,,,,,29.0,50.0,0.0,0.0,4.58,2.47,0.0,,,,,,TOG_II
it_toldi_II_a,0.0,,,,,,0.0,,,,,,0.0,,,,,,Toldi_IIA
tornado_adv,0.0,,,,,,15.0,,,1.0,,0.0,38.0,,,1.0,,0.0,Tornado_ADV
tornado_ids_it,0.0,,,,,,26.0,0.0,0.0,0.0,1.0,0.5,0.0,,,,,,Tornado_IDS
tornado_ids_it_mod95,0.0,,,,,,0.0,,,,,,0.0,,,,,,Tornado_IDS_(1995)
tornado_ids_it_ret8,0.0,,,,,,14.0,100.0,0.0,0.0,3.0,3.0,0.0,,,,,,Tornado_IDS_MLU_(RET.8)
uk_a39_tortoise,0.0,,,,,,0.0,,,,,,0.0,,,,,,Tortoise
ussr_tor_m1,0.0,,,,,,41.0,,,1.5,,0.0,0.0,,,,,,Toр-M1
fr_tpk_641_vpc,0.0,,,,,,65.0,100.0,0.31,0.33,0.0,0.0,0.0,,,,,,TPK_6.41
tu_4,0.0,,,,,,5.0,,,,,,0.0,,,,,,Tu-4
gladiator_mk2_tuck,0.0,,,,,,0.0,,,,,,0.0,,,,,,Tuck's_Gladiator_Mk_II
it_40m_turan_1,0.0,,,,,,2.0,,,0.0,,1.0,0.0,,,,,,Turan_I
jp_type_03_chusam_fcs,0.0,,,,,,36.0,100.0,0.18,0.06,0.0,0.0,0.0,,,,,,Type_03_(СОЦ)
jp_type_60_atm,0.0,,,,,,0.0,,,,,,0.0,,,,,,Type_60_ATM
jp_type_60_sprg,0.0,,,,,,187.0,74.65,0.0,0.0,4.78,2.01,0.0,,,,,,Type_60_SPRG_(C)
jp_type_61_mod,0.0,,,,,,131.0,54.74,0.0,0.0,1.63,1.76,0.0,,,,,,Type_61_(B)
ussr_type_62,0.0,,,,,,3.0,,,0.0,,3.0,0.0,,,,,,Type_62
cn_type_62,0.0,,,,,,63.0,82.46,0.0,0.0,2.34,1.92,0.0,,,,,,Type_62
cn_type_69,0.0,,,,,,143.0,74.0,0.0,0.0,5.66,3.94,0.0,,,,,,Type_69
cn_type_69_2a,0.0,,,,,,51.0,74.44,0.0,0.0,3.89,3.72,0.0,,,,,,Type_69-IIa
jp_type_74_mod_g_kai,0.0,,,,,,321.0,51.25,0.0,0.0,2.93,2.5,0.0,,,,,,Type_74_(G)
jp_type_75_mlrs,0.0,,,,,,3.0,,,0.0,,1.0,0.0,,,,,,Type_75_MLRS
jp_type_94,0.0,,,,,,25.0,54.0,0.46,0.92,3.04,5.8,0.0,,,,,,Type_94
sw_udes_33,0.0,,,,,,118.0,59.2,0.0,0.0,1.21,1.25,0.0,,,,,,UDES_33
uk_challenger_II,0.0,,,,,,444.0,53.03,0.0,0.0,1.88,1.56,0.0,,,,,,uk_challenger_ii_shop
us_m551_football,,,,,,,,,,,,,,,,,,,us_m551_football
ussr_m551_football,,,,,,,,,,,,,,,,,,,ussr_m551_football
v_11g,0.0,,,,,,0.0,,,,,,0.0,,,,,,V-11
v_156_b1,0.0,,,,,,0.0,,,,,,0.0,,,,,,V-156-B1
v_156_f,0.0,,,,,,0.0,,,,,,0.0,,,,,,V-156-F
uk_valentine_mk_1,0.0,,,,,,0.0,,,,,,0.0,,,,,,Valentine_I
vampire_fb5,0.0,,,,,,0.0,,,,,,0.0,,,,,,Vampire_F.B.5
vampire_fb52_finland,0.0,,,,,,37.0,50.0,0.0,0.0,0.0,0.0,0.0,,,,,,Vampire_FB_52A
vampire_fb52a_italy,0.0,,,,,,44.0,100.0,1.0,1.0,0.0,0.0,0.0,,,,,,Vampire_FB_52A
it_vbc_pt2,0.0,,,,,,149.0,57.86,0.0,0.0,2.8,1.72,13.0,,,0.0,,2.0,VBC_(PT2)
fr_vbci,0.0,,,,,,388.0,57.59,0.0,0.0,1.66,1.32,0.0,,,,,,VBCI
fr_vbci2_mct30,0.0,,,,,,43.0,66.03,0.0,0.0,0.83,1.33,0.0,,,,,,VBCI-2_(MCT30)
it_vcc_80_hitfist_30,0.0,,,,,,24.0,28.57,0.0,0.0,2.71,2.21,6.0,50.0,0.0,0.0,1.0,1.0,VCC-80/30
venom_fb4,0.0,,,,,,0.0,,,,,,0.0,,,,,,Venom_FB.4
fr_vextra_105,0.0,,,,,,176.0,59.59,0.0,0.0,1.4,0.96,0.0,,,,,,Vextra_105
uk_vfm_5,0.0,,,,,,133.0,55.4,0.0,0.0,2.6,2.01,0.0,,,,,,VFM5
uk_vickers_mbt_mk_3,0.0,,,,,,88.0,37.67,0.0,0.0,2.16,2.91,0.0,,,,,,Vickers_Mk.3
uk_vickers_mk7,0.0,,,,,,202.0,66.39,0.0,0.0,2.67,1.86,0.0,,,,,,Vickers_Mk.7
sw_vickers_mk_e_37,0.0,,,,,,0.0,,,,,,0.0,,,,,,Vickers_Mk.E
sw_k9_vidar,0.0,,,,,,88.0,25.85,0.0,0.0,1.78,1.16,0.0,,,,,,VIDAR
uk_vijayanta,0.0,,,,,,19.0,100.0,0.0,0.0,2.0,1.58,0.0,,,,,,Vijayanta
it_vrcc_centauro,0.0,,,,,,209.0,68.44,0.0,0.0,2.29,1.57,0.0,,,,,,VRCC
germ_vt_1_2,0.0,,,,,,13.0,0.0,0.0,0.0,8.0,2.43,11.0,,,0.0,,2.0,VT1-2
fr_amx_vtt_dca,0.0,,,,,,39.0,,,0.27,,0.0,0.0,,,,,,VTT_DCA
walrus_mk1,,,,,,,,,,,,,,,,,,,Walrus_Mk.I
uk_fv510_isv,0.0,,,,,,14.0,,,0.0,,1.11,0.0,,,,,,Warrior
washington_b1,,,,,,,,,,,,,,,,,,,Washington_B.Mk.I
welkin_fmk1,0.0,,,,,,0.0,,,,,,0.0,,,,,,Welkin_F.Mk.I
wellington_mk1c,0.0,,,,,,0.0,,,,,,0.0,,,,,,Wellington_Mk_Ic
wellington_mk3,0.0,,,,,,0.0,,,,,,0.0,,,,,,Wellington_Mk_III
wellington_mk10,0.0,,,,,,0.0,,,,,,0.0,,,,,,Wellington_Mk_X
whirlwind_mk1,0.0,,,,,,0.0,,,,,,0.0,,,,,,Whirlwind_Mk_I
whirlwind_p9,0.0,,,,,,25.0,50.0,0.0,0.1,0.5,1.0,0.0,,,,,,Whirlwind_P.9
germ_wiesel_1_tow,0.0,,,,,,351.0,46.04,0.0,0.0,2.41,1.61,0.0,,,,,,Wiesel_1A2
wirraway,0.0,,,,,,0.0,,,,,,0.0,,,,,,Wirraway
cn_wma_301,0.0,,,,,,120.0,40.36,0.0,0.0,3.5,1.96,17.0,,,0.0,,0.0,WMA301
cn_wz_141,0.0,,,,,,132.0,71.43,0.0,0.0,7.39,3.03,0.0,,,,,,WZ141-1
xa_38,0.0,,,,,,0.0,,,,,,54.0,45.45,0.14,0.54,2.0,1.41,XA-38
us_xm1_chrysler,1.0,100.0,0.0,,4.0,,4.0,,,0.0,,1.33,0.0,,,,,,XM1_(Chrysler)
us_xm_800t,0.0,,,,,,1645.0,61.0,0.0,0.0,1.29,1.11,0.0,,,,,,XM800T
p-38g_metal,0.0,,,,,,1.0,,,,,,0.0,,,,,,XP-38G
yak-15_early,0.0,,,,,,96.0,80.28,2.95,7.6,0.88,2.88,0.0,,,,,,Yak-15P
yak-28b,0.0,,,,,,25.0,56.25,0.0,0.0,0.0,0.0,0.0,,,,,,Yak-28B
yak-3_vk107,0.0,,,,,,112.0,66.76,1.97,3.43,0.58,1.12,14.0,,,3.0,,0.0,Yak-3_(VK-107)
yak-3t,0.0,,,,,,36.0,100.0,0.0,0.0,1.75,1.75,0.0,,,,,,Yak-3T
er-2_ach30b_late,0.0,,,,,,0.0,,,,,,0.0,,,,,,Yer-2_(ACh-30B)_(l)
er-2_m105_mv3,0.0,,,,,,6.0,,,0.0,,0.0,0.0,,,,,,Yer-2_(M-105)
er-2_m105_tat,0.0,,,,,,0.0,,,,,,0.0,,,,,,Yer-2_(M-105)_TAT
er-2_m105r_tat,0.0,,,,,,0.0,,,,,,0.0,,,,,,Yer-2_(M-105R)_TAT
yp-38,0.0,,,,,,0.0,,,,,,0.0,,,,,,YP-38
z_1007_bis_serie3,0.0,,,,,,9.0,50.0,0.0,0.0,1.0,2.0,0.0,,,,,,Z.1007_bis_serie_3
z_1007_bis_serie5,0.0,,,,,,0.0,,,,,,0.0,,,,,,Z.1007_bis_serie_5
cn_zbd_04a,0.0,,,,,,323.0,60.04,0.0,0.0,1.42,1.33,0.0,,,,,,ZBD04A
cn_type_86,0.0,,,,,,38.0,26.47,0.0,0.0,0.79,0.42,0.0,,,,,,ZBD86
ussr_zis_12_94KM_1945,0.0,,,,,,106.0,75.11,0.24,0.13,2.7,2.29,0.0,,,,,,ZiS-12_(94-KM)
ussr_zis_43,0.0,,,,,,8.0,,,,,,0.0,,,,,,ZiS-43
it_40_43m_zrinyi_2,0.0,,,,,,2.0,,,,,,0.0,,,,,,Zrinyi_II
cn_zsd63_pg87,0.0,,,,,,87.0,45.0,0.6,0.85,0.41,0.65,0.0,,,,,,ZSD63/PG87
ussr_zsu_37,0.0,,,,,,20.0,,,0.0,,0.0,0.0,,,,,,ZSU-37
uk_ratel_zt3,0.0,,,,,,373.0,61.4,0.02,0.02,4.23,3.62,0.0,,,,,,ZT3A2
cn_ztz_59a,0.0,,,,,,60.0,50.0,0.0,0.0,4.95,4.48,0.0,,,,,,ZTZ59A
cn_type_59d,0.0,,,,,,75.0,100.0,0.0,0.0,3.19,1.74,0.0,,,,,,ZTZ59D1
cn_ztz_96a,0.0,,,,,,114.0,58.89,0.0,0.0,2.57,1.98,0.0,,,,,,ZTZ96A
ussr_zut_37,0.0,,,,,,14.0,,,0.0,,2.0,0.0,,,,,,ZUT-37
ussr_bmd_4m,0.0,,,,,,540.0,47.04,0.0,0.0,3.52,1.55,48.0,100.0,0.65,0.32,4.53,2.62,БМД-4M
ussr_sdkfz_251_21_kit_3rank,0.0,,,,,,68.0,8.33,0.04,0.05,0.0,0.0,0.0,,,,,,Ганомаг_('45)
ussr_garford_putilov,0.0,,,,,,0.0,,,,,,0.0,,,,,,Гарфордъ
db_lk,0.0,,,,,,0.0,,,,,,0.0,,,,,,ДБ-ЛК
ussr_valentine_mk_9,0.0,,,,,,0.0,,,,,,0.0,,,,,,"МК-IX_""Valentine"""
mig_29kr_9_41r,0.0,,,,,,0.0,,,,,,0.0,,,,,,МиГ-29КР_(9-41Р)
mig_29m_9_15,0.0,,,,,,31.0,74.07,0.74,0.98,0.02,0.02,0.0,,,,,,МиГ-29М_(9-15)
ussr_pantsyr_sm_sv,0.0,,,,,,883.0,51.49,0.94,1.09,0.18,0.22,0.0,,,,,,Панцирь_СМ-СВ
germ_9a35_m,0.0,,,,,,37.0,68.06,1.07,1.44,0.0,0.0,0.0,,,,,,Стрела-10М
it_9a35_m,0.0,,,,,,4.0,,,,,,0.0,,,,,,Стрела-10М
uk_9a35_m,0.0,,,,,,11.0,,,,,,0.0,,,,,,Стрела-10М
cn_t_62,0.0,,,,,,30.0,50.0,0.0,0.0,0.9,1.78,0.0,,,,,,Т-62_№545
ussr_t_90m_arena_m,0.0,,,,,,6.0,25.0,0.0,0.0,1.75,1.75,0.0,,,,,,Т-90М_(Арена-М)
tu_95m,0.0,,,,,,59.0,,,0.0,,0.32,10.0,,,0.0,,0.0,Ту-95М
yak_130_early,0.0,,,,,,15.0,50.0,0.0,0.0,1.76,2.8,0.0,,,,,,Як-130
p-47m-1-re_boxted,0.0,,,,,,0.0,,,,,,20.0,50.0,1.0,2.0,0.5,1.0,⋠P-47M-1-RE
a6m5_zero_china,,,,,,,,,,,,,,,,,,,A6M5_(China)
cn_type_97_kai,0.0,,,,,,0.0,,,,,,0.0,,,,,,Chi-Ha_Kai_(China)
db_3a_china,0.0,,,,,,0.0,,,,,,0.0,,,,,,DB-3A_(China)
f-100a_china,0.0,,,,,,44.0,96.3,1.44,1.06,0.92,0.72,0.0,,,,,,F-100A_(China)
f-104a_china,0.0,,,,,,0.0,,,,,,0.0,,,,,,F-104A_(China)
f-104g_china,0.0,,,,,,0.0,,,,,,0.0,,,,,,F-104G_(China)
f_16a_block_72v_china,,,,,,,,,,,,,,,,,,,F-16V_(China)
f-5a_china,0.0,,,,,,0.0,,,,,,0.0,,,,,,F-5A_(China)
f-5e_aidc,0.0,,,,,,12.0,66.67,0.0,0.0,0.3,0.5,0.0,,,,,,F-5E_(China)
f-84g-31-re_china,0.0,,,,,,25.0,100.0,0.0,0.0,1.71,1.45,0.0,,,,,,F-84G-31-RE_(China)
f-86f-30_china,0.0,,,,,,0.0,,,,,,0.0,,,,,,F-86F-30_(China)
f-86f-40_china,0.0,,,,,,0.0,,,,,,0.0,,,,,,F-86F-40_(China)
gladiator_mk1_china,0.0,,,,,,0.0,,,,,,0.0,,,,,,Gladiator_Mk_I_(China)
hs-123a-1_china,0.0,,,,,,0.0,,,,,,0.0,,,,,,Hs_123_A-1_(China)
i-15bis_china,0.0,,,,,,0.0,,,,,,0.0,,,,,,I-15bis_(China)
i-16_chung_28,0.0,,,,,,0.0,,,,,,0.0,,,,,,I-16_Chung_28_(China)
i-16_type5_1935_china,0.0,,,,,,0.0,,,,,,0.0,,,,,,I-16_type_5_(China)
cn_isu_122,0.0,,,,,,22.0,,,0.0,,1.0,0.0,,,,,,ISU-122_(China)
cn_isu_152,0.0,,,,,,34.0,,,0.0,,1.0,0.0,,,,,,ISU-152_(China)
ki-27_otsu_china,0.0,,,,,,0.0,,,,,,0.0,,,,,,Ki-27_otsu_(China)
ki-45_hei_tei_china,0.0,,,,,,0.0,,,,,,0.0,,,,,,Ki-45_hei/tei_(China)
ki_84_ko_china,0.0,,,,,,34.0,,,0.24,,2.0,0.0,,,,,,Ki-84_ko_(China)
la-9_china,0.0,,,,,,3.0,,,,,,0.0,,,,,,La-9_(China)
cn_m113a1_tow,0.0,,,,,,71.0,55.26,0.0,0.0,1.18,0.83,0.0,,,,,,M113A1_(TOW)_(China)
cn_m3a3_stuart_1st_ptg,0.0,,,,,,0.0,,,,,,0.0,,,,,,M3A3_(1st_PTG)_(China)
cn_m3a3_stuart,0.0,,,,,,22.0,,,,,,0.0,,,,,,M3A3_Stuart_(China)
cn_m55,0.0,,,,,,0.0,,,,,,0.0,,,,,,M55_(China)
cn_m5a1_stuart,0.0,,,,,,2.0,,,0.0,,2.5,0.0,,,,,,M5A1_(China)
cn_m60a3_tts,0.0,,,,,,39.0,0.0,0.0,0.0,4.46,4.53,0.0,,,,,,M60A3_TTS_(China)
mirage_2000_5ei,0.0,,,,,,83.0,58.57,2.31,3.89,0.0,0.0,0.0,,,,,,Mirage_2000-5Ei_(China)
p1y1_mod11_china,0.0,,,,,,0.0,,,,,,0.0,,,,,,P1Y1_mod._11_(China)
cn_pt_76,0.0,,,,,,0.0,,,,,,0.0,,,,,,PT-76_(China)
sb_2m_103u_china,0.0,,,,,,0.0,,,,,,0.0,,,,,,SB_2M-103U_(China)
cn_sdkfz_222_early,0.0,,,,,,25.0,,,0.0,,1.0,0.0,,,,,,Sd.Kfz.222_(China)
tu_4_china,0.0,,,,,,0.0,,,,,,0.0,,,,,,Tu-4_(China)
uk_challenger_II_yt_cup_2019,,,,,,,,,,,,,,,,,,,␙Challenger_2
germ_leopard_2a5_yt_cup_2019,0.0,,,,,,0.0,,,,,,0.0,,,,,,␙Leopard_2A5
us_m1a1_abrams_yt_cup_2019,0.0,,,,,,0.0,,,,,,0.0,,,,,,␙M1A1
md_460_yt_cup_2019,,,,,,,,,,,,,,,,,,,␙Super_Mystere_B2
ussr_t_80u_yt_cup_2019,0.0,,,,,,0.0,,,,,,0.0,,,,,,␙T-80U
f-86_canadair_german,0.0,,,,,,10.0,100.0,2.0,,1.0,,0.0,,,,,,◄CL-13A_Mk_5
f-86_cl_13b_mk6,0.0,,,,,,83.0,100.0,4.74,6.93,0.37,0.36,0.0,,,,,,◄CL-13B_Mk.6
ef_2000_block_10,0.0,,,,,,114.0,61.57,1.64,2.52,0.45,0.7,7.0,,,0.0,,0.0,◄EF-2000
ef_2000_aesa,0.0,,,,,,570.0,54.93,1.66,2.05,0.32,0.39,20.0,,,3.0,,0.0,◄EF-2000_(AESA)
f-104g,0.0,,,,,,0.0,,,,,,0.0,,,,,,◄F-104G
f-4f,0.0,,,,,,87.0,41.67,0.76,1.28,2.0,3.38,0.0,,,,,,◄F-4F_Early
f-4f_kws_lv,0.0,,,,,,198.0,49.26,1.41,1.44,0.0,0.0,0.0,,,,,,◄F-4F_KWS_LV
f-84f_germany,0.0,,,,,,0.0,,,,,,0.0,,,,,,◄F-84F
f-86k_late_german,0.0,,,,,,13.0,,,0.09,,0.0,0.0,,,,,,◄F-86K
fiat_g91_r3,0.0,,,,,,56.0,81.25,1.15,1.21,0.85,1.21,0.0,,,,,,◄G.91_R/3
fiat_g91_r4_german,0.0,,,,,,123.0,57.41,0.94,1.02,0.21,0.29,0.0,,,,,,◄G.91_R/4
mig-21_sps_k,0.0,,,,,,66.0,94.87,2.35,1.25,0.12,0.06,0.0,,,,,,◄MiG-21_SPS-K
mig_29_9_12g,0.0,,,,,,108.0,51.95,0.94,1.0,0.11,0.11,0.0,,,,,,◄MiG-29G
sea_hawk_mk100,0.0,,,,,,29.0,,,,,,0.0,,,,,,◄Sea_Hawk_Mk.100
su_22m4_de_wtd61,0.0,,,,,,216.0,48.53,1.01,1.15,2.07,2.55,0.0,,,,,,◄Su-22M4_WTD61
tornado_ids_de_assta3_sle,0.0,,,,,,23.0,100.0,0.0,0.0,1.43,1.39,7.0,,,0.0,,1.0,◄Tornado_IDS_SLE
il_28_german,0.0,,,,,,25.0,,,,,,0.0,,,,,,◊IL-28
mig-17p_lim_5p,0.0,,,,,,10.0,100.0,1.6,1.0,0.4,1.0,0.0,,,,,,◊Lim-5P
mig-19s,0.0,,,,,,28.0,50.0,2.0,2.0,1.0,1.0,0.0,,,,,,◊MiG-19S
mig_29_9_12_germany,0.0,,,,,,154.0,48.97,0.87,1.42,0.0,0.0,0.0,,,,,,◊MiG-29
germ_9a33bm3,0.0,,,,,,17.0,,,0.0,,0.0,0.0,,,,,,◊Osa-AK
us_lvt_a_1_trb,0.0,,,,,,0.0,,,,,,0.0,,,,,,○LVT(A)(1)
p-36c_rb,0.0,,,,,,0.0,,,,,,0.0,,,,,,○P-36C
fa_18c_late_switzerland,0.0,,,,,,201.0,48.57,0.68,0.89,0.14,0.18,0.0,,,,,,◌F/A-18C_Late
hunter_f58_switzerland,0.0,,,,,,427.0,62.77,1.12,1.12,1.4,1.46,0.0,,,,,,◌Hunter_F.58
hunter_f58a_1971_switzerland,0.0,,,,,,20.0,50.0,0.0,0.0,0.5,0.5,0.0,,,,,,◌Hunter_F.58A_(1971)
mirage_3s_c70_switzerland,0.0,,,,,,22.0,83.33,2.67,1.71,0.33,0.14,0.0,,,,,,◌Mirage_IIIS_C.70
uk_challenger_2_megatron_sm,0.0,,,,,,313.0,67.36,0.0,0.0,2.86,1.3,0.0,,,,,,◍Challenger_2_OES
cn_mbt2000_sm,0.0,,,,,,7.0,,,,,,0.0,,,,,,◍MBT-2000
re_2000_heja_1,0.0,,,,,,0.0,,,,,,0.0,,,,,,◔Héja_I
il_28_hungary,0.0,,,,,,0.0,,,,,,0.0,,,,,,◔IL-28
saab_jas39c_hungary,0.0,,,,,,9.0,43.75,0.5,0.89,0.75,1.33,7.0,,,,,,◔JAS39EBS_HU_C
me_210ca_1_40_mm_hungary,0.0,,,,,,17.0,,,,,,0.0,,,,,,◔Me_210_Ca-1_36.M
mig-15bis_nr23_hungary,0.0,,,,,,7.0,,,,,,0.0,,,,,,◔MiG-15bis
mig-17pf_hungary,0.0,,,,,,0.0,,,,,,0.0,,,,,,◔MiG-17PF
mig-21_bis_sau_hungary,0.0,,,,,,0.0,,,,,,0.0,,,,,,◔MiG-21bis-SAU
mig-21_mf_hungary,0.0,,,,,,41.0,100.0,2.78,3.0,0.3,0.44,0.0,,,,,,◔MiG-21MF
mig_23mf_hungary,0.0,,,,,,4.0,,,1.0,,0.0,0.0,,,,,,◔MiG-23MF
mig_29_9_12b_hungary,0.0,,,,,,5.0,100.0,2.0,2.0,0.0,0.0,0.0,,,,,,◔MiG-29
su_22m3_hungary,0.0,,,,,,0.0,,,,,,0.0,,,,,,◔Su-22M3
tu-2_postwar_late_hungary,0.0,,,,,,19.0,50.0,0.0,0.0,0.0,0.0,0.0,,,,,,◔Tu-2S-59
wm_21,0.0,,,,,,0.0,,,,,,0.0,,,,,,◔WM-21
fokker_d21_netherlands,0.0,,,,,,0.0,,,,,,0.0,,,,,,◗Fokker_D.XXI
fokker_d23,0.0,,,,,,0.0,,,,,,0.0,,,,,,◗Fokker_D.XXIII
fokker_g1a,0.0,,,,,,0.0,,,,,,0.0,,,,,,◗Fokker_G.IA
f_16am_block_20_mlu_netherlands,0.0,,,,,,0.0,,,,,,0.0,,,,,,◘F-16AM
nf_5a_netherlands,0.0,,,,,,248.0,59.23,2.0,3.35,0.71,1.22,0.0,,,,,,◘NF-5A
sb_25j_netherlands,0.0,,,,,,5.0,,,,,,0.0,,,,,,◘SB-25J
kfir_c10_colombia,0.0,,,,,,109.0,71.8,2.0,3.08,0.0,0.0,0.0,,,,,,◡Kfir_C.10
f_16a_block_10_norway,0.0,,,,,,0.0,,,,,,0.0,,,,,,◢F-16A
f_16am_block_20_mlu_norway,0.0,,,,,,0.0,,,,,,13.0,,,,,,◢F-16AM
f-5ag_norway,0.0,,,,,,30.0,50.0,1.09,2.18,0.5,1.0,0.0,,,,,,◢F-5A(G)
hawk_209_indonesia,0.0,,,,,,21.0,100.0,2.0,0.0,5.0,0.0,0.0,,,,,,◥Hawk_209
a_4e_late_iaf,0.0,,,,,,32.0,100.0,0.05,,1.25,,0.0,,,,,,A-4E_(Israel)
a_4e_early_iaf,0.0,,,,,,0.0,,,,,,0.0,,,,,,A-4E_Early_(M)_(Israel)
a_4h,0.0,,,,,,49.0,66.03,0.18,0.23,0.53,0.91,0.0,,,,,,A-4H_(Israel)
f-84f_israel_iaf,0.0,,,,,,0.0,,,,,,0.0,,,,,,F-84F_(Israel)
md_450b_ouragan_iaf_29,0.0,,,,,,0.0,,,,,,0.0,,,,,,M.D.450B_(29)_(Israel)
meteor_frmk9_iaf,0.0,,,,,,0.0,,,,,,0.0,,,,,,Meteor_FR.9_(Israel)
mig_21_2000_iaf,,,,,,,,,,,,,,,,,,,MiG-21_2000_(Israel)
md_454_mystere_4a_iaf,0.0,,,,,,4.0,0.0,0.0,0.0,0.0,0.0,0.0,,,,,,Mystere_IVA_(Israel)
so_4050_vautour_2a_israel_iaf,0.0,,,,,,0.0,,,,,,0.0,,,,,,Vautour_IIA_(Israel)
so_4050_vautour_2n_iaf,0.0,,,,,,0.0,,,,,,0.0,,,,,,Vautour_IIN_(Israel)
