name,ab_battles,ab_win_rate,ab_air_frags_per_battle,ab_air_frags_per_death,ab_ground_frags_per_battle,ab_ground_frags_per_death,rb_battles,rb_win_rate,rb_air_frags_per_battle,rb_air_frags_per_death,rb_ground_frags_per_battle,rb_ground_frags_per_death,sb_battles,sb_win_rate,sb_air_frags_per_battle,sb_air_frags_per_death,sb_ground_frags_per_battle,sb_ground_frags_per_death,alt_name
germ_pzkpfw_III_ausf_F,1127.0,93.04,0.1,0.15,6.94,13.21,42.0,28.57,0.0,0.0,3.86,6.29,0.0,,,,,,Pz.III_F
it_sherman_75_37,793.0,82.13,0.1,0.1,6.41,7.57,200.0,78.26,0.0,0.0,2.77,2.76,0.0,,,,,,Sherman_I_Composito
germ_pzkpfw_VI_ausf_b_tiger_IIp,545.0,80.91,0.05,0.05,6.19,6.14,1257.0,39.3,0.0,0.0,3.21,2.54,7.0,,,0.0,,1.57,Tiger_II_(P)
us_m1a1_hc_usmc_sm,506.0,65.8,0.04,0.04,2.86,2.53,1479.0,60.82,0.0,0.0,2.52,1.98,0.0,,,,,,◍M1A1_HC
ussr_t_34_85_zis_53,487.0,69.71,0.02,0.02,2.88,3.26,395.0,35.18,0.0,0.0,3.48,1.82,16.0,,,0.0,,0.81,T-34-85
germ_vsw_flak_41,492.0,85.46,0.12,0.12,5.67,5.68,64.0,63.16,0.0,0.0,8.47,4.02,0.0,,,,,,VFW
us_t58,449.0,73.13,0.05,0.04,6.0,5.87,1245.0,64.92,0.0,0.0,3.52,2.74,0.0,,,,,,T58
su_30mk2v_venezuela,472.0,54.93,5.54,4.14,0.45,0.34,3586.0,49.82,1.13,1.28,0.33,0.39,74.0,100.0,4.43,2.79,1.57,0.88,Су-30МК2_AMV
ussr_t_34_1941_57,458.0,65.33,0.05,0.05,3.42,2.57,303.0,43.1,0.0,0.0,4.37,2.34,6.0,,,,,,T-34-57
jp_type_5_ho_ri_prototype,433.0,59.55,0.07,0.07,3.21,3.03,2058.0,57.35,0.0,0.0,2.8,2.12,0.0,,,,,,Ho-Ri_Prototype
germ_pzkpfw_V_ausf_d_panther,411.0,55.54,0.0,0.0,2.1,2.14,438.0,29.24,0.0,0.0,2.61,1.66,7.0,,,,,,Panther_D
jp_type_4_chi_to_late,385.0,73.04,0.03,0.03,4.06,4.1,659.0,77.09,0.0,0.0,3.03,2.39,0.0,,,,,,Chi-To_Late
germ_pzkpfw_VI_ausf_e_tiger,405.0,55.13,0.05,0.05,2.25,2.52,1071.0,34.99,0.0,0.0,2.92,2.05,5.0,,,,,,Tiger_E
yak-7b,375.0,89.38,3.03,3.79,1.71,2.16,24.0,50.0,1.83,1.83,0.33,0.33,4.0,,,,,,Yak-7B
germ_kpz_70,373.0,63.96,0.03,0.03,2.02,1.54,1949.0,50.05,0.0,0.0,1.52,1.26,0.0,,,,,,KPz-70
ussr_t_34_85_d_5t,371.0,64.75,0.0,0.0,2.95,2.77,577.0,55.26,0.0,0.0,3.24,1.84,0.0,,,,,,T-34-85_(D-5T)
jp_m24_chaffee,358.0,76.91,0.19,0.1,8.78,3.63,1617.0,70.3,0.0,0.0,2.32,1.83,0.0,,,,,,M24
sw_sav_fm48,352.0,67.19,0.13,0.09,4.88,3.58,463.0,46.3,0.0,0.0,5.23,2.48,0.0,,,,,,SAV_20.12.48
us_halftrack_m3_75mm_gmc,353.0,74.89,0.13,0.19,4.8,6.53,0.0,,,,,,0.0,,,,,,M3_GMC
jp_type_4_chi_to,332.0,60.46,0.03,0.03,3.52,4.25,702.0,83.56,0.0,0.0,2.67,1.78,0.0,,,,,,Chi-To
germ_pzkpfw_VI_ausf_h1_tiger,344.0,50.91,0.0,0.0,2.52,2.46,701.0,37.15,0.0,0.0,2.8,1.97,0.0,,,,,,Tiger_H1
uk_ram_90mm_aa,379.0,60.87,0.73,0.46,5.25,3.74,6.0,,,0.0,,3.0,0.0,,,,,,QF_3.7_Ram
ussr_t_80ue1_sm,317.0,55.41,0.0,0.0,1.66,1.68,1335.0,50.21,0.0,0.0,1.38,1.16,3.0,,,0.0,,1.0,◍Т-80У-Е1
ussr_t_54_1947,330.0,42.83,0.01,0.01,2.25,2.21,437.0,51.74,0.0,0.0,1.94,1.75,11.0,,,0.0,,0.18,T-54_(1947)
germ_panzerjager_panther,338.0,61.05,0.02,0.02,2.83,3.24,374.0,35.56,0.0,0.0,2.42,1.96,12.0,,,0.0,,1.58,Jagdpanther_G1
i_185_m82,354.0,59.01,3.12,2.45,0.61,0.51,95.0,100.0,3.0,1.38,1.86,0.9,0.0,,,,,,I-185_(M-82)
la-5fn,353.0,54.85,4.39,3.21,0.34,0.25,104.0,87.5,2.25,1.1,1.38,0.71,0.0,,,,,,La-5FN
ussr_kv_1_zis_5,321.0,66.83,0.13,0.24,3.32,5.61,114.0,60.99,0.0,0.0,15.73,7.09,9.0,,,,,,KV-1_(ZiS-5)
la-7,339.0,78.34,3.91,4.45,1.63,1.85,109.0,89.89,2.06,3.09,0.51,1.13,0.0,,,,,,La-7
ussr_t_80bvm,295.0,63.93,0.03,0.03,1.91,2.09,3372.0,50.75,0.0,0.0,2.06,1.72,0.0,,,,,,T-80BVM
us_m18_hellcat,329.0,64.79,0.0,0.0,2.36,1.97,1988.0,58.89,0.0,0.0,1.8,1.4,5.0,,,0.0,,3.0,M18_GMC
jp_type_3_chi_nu_75cm_type_5,291.0,60.47,0.03,0.03,4.34,4.47,712.0,85.14,0.0,0.0,3.64,2.4,0.0,,,,,,Chi-Nu_II
ussr_is_1,295.0,59.73,0.06,0.08,1.79,2.65,253.0,52.26,0.0,0.0,2.15,1.22,0.0,,,,,,IS-1
germ_panther_II,301.0,79.02,0.01,0.01,4.02,4.17,286.0,63.17,0.0,0.0,4.18,3.23,0.0,,,,,,Panther_II
p-47d_ussr,305.0,79.5,1.35,0.98,7.37,5.23,98.0,44.74,0.54,0.18,2.14,1.25,0.0,,,,,,P-47D-27
bf-109f-4_trop,295.0,67.53,5.21,6.67,0.55,0.68,71.0,100.0,2.36,2.97,0.0,0.0,0.0,,,,,,Bf_109_F-4/trop
ussr_kv_1e,282.0,79.82,0.15,0.14,7.08,7.81,196.0,51.81,0.0,0.0,6.44,4.25,0.0,,,,,,KV-1E
il_2m_1943,290.0,81.57,1.01,1.13,3.73,4.15,0.0,,,,,,0.0,,,,,,IL-2M_(1943)
fw-190a-4,287.0,47.88,4.94,3.75,0.25,0.19,152.0,43.09,2.35,2.59,0.79,0.84,0.0,,,,,,Fw_190_A-4
ussr_kv_85,275.0,52.47,0.19,0.11,4.29,4.25,104.0,0.0,0.0,0.0,5.0,2.11,0.0,,,,,,KV-85
sw_t_34_1941,286.0,84.95,0.0,0.0,3.81,3.23,103.0,59.09,0.0,0.0,6.84,2.72,0.0,,,,,,T-34
ussr_t_80uk,281.0,55.47,0.0,0.0,1.06,1.04,848.0,42.17,0.0,0.0,1.65,1.13,11.0,,,,,,T-80UK
germ_panzerbefelhswagen_VI_P,287.0,77.06,0.0,0.0,7.53,7.02,176.0,26.79,0.0,0.0,6.24,2.86,0.0,,,,,,Pz.Bfw.VI_(P)
bf-109f-4,287.0,65.48,5.2,7.57,0.53,0.68,359.0,69.41,1.93,3.46,0.68,1.16,0.0,,,,,,Bf_109_F-4
ussr_t_34_1942,281.0,73.4,0.07,0.11,2.41,3.22,91.0,11.11,0.0,0.0,6.06,3.85,0.0,,,,,,T-34_(1942)
yak-1b,275.0,87.36,3.02,3.69,1.14,1.37,86.0,100.0,7.25,,1.21,,0.0,,,,,,Yak-1B
germ_pzkpfw_IV_ausf_F2,282.0,76.25,0.0,0.0,5.06,4.16,452.0,40.07,0.0,0.0,3.87,2.6,0.0,,,,,,Pz.IV_F2
ussr_is_4m,272.0,51.81,0.0,0.0,1.89,2.23,139.0,45.24,0.0,0.0,3.32,1.89,0.0,,,,,,IS-4M
germ_sdkfz_9_flak37,259.0,73.27,0.3,0.38,7.37,9.05,25.0,,,0.0,,3.5,0.0,,,,,,"8,8_cm_Flak_37_Sfl."
il-2m,266.0,87.95,1.13,1.21,4.06,4.34,34.0,,,0.11,,1.44,0.0,,,,,,IL-2M_type_3
la-5_type37_early,268.0,81.44,3.48,4.98,0.9,1.29,0.0,,,,,,0.0,,,,,,La-5
germ_pzkpfw_IV_ausf_C,269.0,86.5,0.0,0.0,4.62,8.72,6.0,,,0.0,,1.0,0.0,,,,,,Pz.IV_C
us_m3a1_stuart,257.0,74.82,0.15,0.23,4.25,5.51,55.0,100.0,0.0,0.0,2.78,1.82,0.0,,,,,,M3A1_Stuart
yak-9b,268.0,85.6,2.53,2.82,7.09,7.9,0.0,,,,,,0.0,,,,,,Yak-9B
germ_spz_oerlikon_raketenautomat,249.0,46.97,0.0,0.0,0.98,1.02,401.0,33.49,0.0,0.0,1.25,0.84,0.0,,,,,,Raketenautomat
yak-9t,266.0,72.41,4.63,3.64,0.27,0.17,55.0,93.55,1.02,0.88,0.06,0.04,6.0,,,0.0,,0.0,Yak-9T
germ_marder_df_105,245.0,51.75,0.0,0.0,0.85,0.94,261.0,37.39,0.0,0.0,2.44,1.6,12.0,50.0,0.0,0.0,1.0,1.0,DF105
cn_type_58,239.0,84.18,0.0,0.0,4.59,3.43,175.0,64.2,0.0,0.0,2.43,2.18,0.0,,,,,,Т-34-85_Gai
ussr_t_34_85_zis_53_v80,241.0,91.98,0.0,0.0,7.98,8.31,270.0,60.08,0.0,0.0,3.04,2.38,0.0,,,,,,"Т-34-85_""Партизан"""
ussr_t_34E_STZ,242.0,72.1,0.0,0.0,2.56,2.92,52.0,0.0,0.0,0.0,1.0,2.3,0.0,,,,,,T-34E_STZ
it_m4a4_sherman,244.0,63.69,0.01,0.02,2.58,5.97,36.0,100.0,0.0,0.0,3.82,3.93,0.0,,,,,,Sherman_V
do_335a_1,244.0,80.71,1.17,0.98,8.05,6.2,141.0,21.43,2.57,0.83,3.75,1.3,0.0,,,,,,Do_335_A-1
germ_leopard_2a7v,240.0,63.23,0.0,0.0,2.87,3.97,1307.0,54.35,0.0,0.0,2.5,2.02,0.0,,,,,,Leopard_2A7V
sw_strv_122b_plus,233.0,65.39,0.0,0.0,2.36,3.45,459.0,74.92,0.0,0.0,4.44,2.43,0.0,,,,,,Strv_122B+
germ_t_34_747,231.0,68.91,0.0,0.0,3.53,4.44,41.0,50.0,0.0,0.0,2.58,3.76,0.0,,,,,,T_34_747_(r)
germ_leopard_I,228.0,54.81,0.0,0.0,2.33,2.38,1227.0,31.14,0.0,0.0,0.88,0.79,17.0,0.0,0.0,0.0,1.0,1.0,Leopard_I
germ_pzkpfw_VI_ausf_b_tiger_IIh,221.0,51.86,0.03,0.03,2.73,2.61,1785.0,45.5,0.0,0.0,2.73,2.36,0.0,,,,,,Tiger_II_(H)
germ_pzkpfw_VI_ausf_b_tiger_IIh_kwk46,225.0,81.5,0.0,0.0,5.25,4.93,294.0,52.83,0.0,0.0,4.53,3.15,4.0,100.0,0.0,0.0,2.0,2.0,Tiger_II_(10.5_cm_Kw.K)
germ_leopard_1a5,217.0,48.96,0.0,0.0,1.2,1.35,700.0,46.54,0.0,0.0,1.63,1.19,72.0,53.23,0.0,0.0,2.31,2.34,Leopard_1A5
ussr_t_80u,227.0,53.46,0.0,0.0,1.59,1.58,966.0,54.03,0.0,0.0,1.79,1.35,0.0,,,,,,T-80U
germ_leopard_I_a1,214.0,48.81,0.0,0.0,1.79,1.66,946.0,49.52,0.0,0.0,2.52,1.61,0.0,,,,,,Leopard_A1A1
sw_strv_122b_plss,213.0,58.21,0.03,0.04,2.34,3.34,211.0,75.65,0.0,0.0,4.58,2.91,0.0,,,,,,Strv_122B_PLSS
sw_m24_chaffee_dk,210.0,74.46,0.13,0.09,4.51,3.91,276.0,56.82,0.0,0.0,2.12,1.41,0.0,,,,,,M24DK
ussr_t_72a,197.0,51.63,0.01,0.01,3.4,2.96,1475.0,42.36,0.0,0.0,2.27,1.66,0.0,,,,,,T-72A
germ_erprobungstrager_3_achs_turm,206.0,50.0,0.0,0.0,1.92,1.79,1950.0,43.01,0.05,0.0,2.87,1.87,0.0,,,,,,Turm_III
sw_sherman_3_4,208.0,96.34,0.0,0.0,4.8,4.46,253.0,46.42,0.0,0.0,5.81,2.82,0.0,,,,,,Sherman_III/IV
i_185_m71_standard,213.0,67.98,2.56,2.52,0.78,0.74,104.0,100.0,2.0,1.58,4.0,1.42,0.0,,,,,,I-185_(M-71)
a_20g_30_ussr,200.0,84.35,0.43,0.38,7.76,6.57,10.0,,,0.0,,0.0,0.0,,,,,,A-20G-30
germ_pzkpfw_VI_ausf_h1_tiger_west,196.0,87.8,0.0,0.0,4.29,5.8,576.0,42.83,0.0,0.0,2.78,2.1,12.0,,,0.0,,0.0,Tiger_West
ussr_t_34_85_stp_s53,200.0,75.32,0.0,0.0,4.63,3.74,1255.0,49.23,0.0,0.0,2.65,2.14,7.0,,,0.0,,0.0,Т-34-85_(СТП)
ussr_t_34_1941,192.0,83.37,0.0,0.0,2.32,2.67,57.0,50.0,0.0,0.0,2.78,2.6,0.0,,,,,,T-34_(1941)
us_m24_chaffee,191.0,82.43,0.01,0.01,3.18,2.46,636.0,46.59,0.0,0.0,2.35,1.53,0.0,,,,,,M24
it_m24_chaffee,192.0,82.74,0.01,0.01,3.96,5.11,320.0,69.06,0.0,0.0,2.24,1.96,0.0,,,,,,M24
fr_amx_50_surbaisse,185.0,58.6,0.0,0.0,5.1,3.87,295.0,72.98,0.0,0.0,3.57,2.7,0.0,,,,,,AMX-50_Surbaissé
germ_leopard_2k,182.0,58.57,0.0,0.0,1.76,2.3,892.0,52.93,0.05,0.01,2.44,2.12,0.0,,,,,,Leopard_2K
us_t20,187.0,95.74,0.0,0.0,7.17,9.53,2663.0,67.36,0.0,0.0,4.11,3.59,75.0,92.19,0.0,0.0,6.03,5.7,T20
germ_pzkpfw_VI_ausf_h1_tiger_east,182.0,73.97,0.0,0.0,4.69,6.0,433.0,48.53,0.0,0.0,3.14,2.32,0.0,,,,,,Tiger_Ost
ussr_object_435,175.0,66.42,0.0,0.0,2.07,1.92,382.0,43.98,0.0,0.0,2.1,1.53,0.0,,,,,,Object_435
ussr_t_10m,174.0,33.33,0.0,0.0,5.83,4.01,573.0,51.96,0.0,0.0,2.27,1.77,42.0,79.31,0.0,0.0,1.79,2.37,T-10M
jp_m36b2_jgsdf,176.0,68.93,0.26,0.27,1.93,2.03,2020.0,62.27,0.0,0.0,1.52,1.47,0.0,,,,,,M36
germ_kpz_t72m1,174.0,68.66,0.0,0.0,4.03,3.22,990.0,47.89,0.0,0.0,1.85,1.6,6.0,0.0,0.0,0.0,1.0,1.0,◊T-72M1
jp_type_5_chi_ri,178.0,63.36,0.17,0.2,1.74,1.99,828.0,66.61,0.0,0.0,2.4,1.87,0.0,,,,,,Chi-Ri_II
ussr_t_55_amd_1,166.0,49.68,0.0,0.0,1.2,1.96,693.0,41.3,0.0,0.0,1.43,1.2,21.0,,,,,,T-55AMD-1
sw_t_34_85_zis_53,170.0,91.13,0.08,0.07,3.27,2.94,389.0,55.7,0.0,0.0,2.46,1.94,0.0,,,,,,T-34-85
ussr_kv_1s,162.0,64.55,0.03,0.05,2.72,3.65,84.0,5.13,0.0,0.0,2.5,1.68,0.0,,,,,,KV-1S
ussr_t_34_57_1943,165.0,82.47,0.06,0.05,4.71,3.57,204.0,47.85,0.0,0.0,3.48,1.96,0.0,,,,,,T-34-57_(1943)
germ_le_kpz_m41,166.0,68.82,0.0,0.0,1.23,0.93,897.0,41.71,0.0,0.0,1.12,0.89,0.0,,,,,,leKPz_M41
mig_25pd,157.0,58.39,2.72,2.75,0.0,0.0,325.0,61.02,1.69,2.73,0.0,0.0,0.0,,,,,,МиГ-25ПД
f-84b,168.0,67.94,2.47,2.2,7.28,6.26,101.0,0.0,2.44,0.93,6.33,2.57,0.0,,,,,,F-84B-26
ussr_t_64a_1971,152.0,63.74,0.0,0.0,2.56,2.63,795.0,47.24,0.0,0.0,2.08,1.64,30.0,100.0,0.0,0.0,2.79,2.79,T-64A_(1971)
s_199,163.0,80.0,8.59,1.73,0.8,0.28,31.0,,,0.22,,0.22,0.0,,,,,,Sakeen
jp_type_5_ho_ri_production,155.0,76.29,0.0,0.0,5.14,4.38,2040.0,75.48,0.0,0.0,4.39,4.35,0.0,,,,,,Ho-Ri_Production
i_29,152.0,81.56,1.89,2.46,1.01,1.35,0.0,,,,,,0.0,,,,,,I-29
us_t29,164.0,58.22,0.06,0.06,6.88,7.87,2448.0,56.89,0.0,0.0,3.68,2.72,0.0,,,,,,T29
ussr_bmpt,147.0,56.76,0.05,0.08,1.2,1.55,1450.0,45.94,0.0,0.0,1.58,1.32,0.0,,,,,,БМПТ
germ_leopard_2a6,152.0,66.13,0.0,0.0,2.33,2.97,677.0,48.96,0.0,0.0,2.43,1.92,0.0,,,,,,Leopard_2A6
ussr_t_54_1951,150.0,54.18,0.0,0.0,1.73,2.16,202.0,50.0,0.0,0.0,1.91,1.52,12.0,100.0,0.0,,1.0,,T-54_(1951)
germ_jgdpz_IV_L48,144.0,23.33,0.0,0.0,11.74,3.53,132.0,73.91,0.0,0.0,8.17,3.01,0.0,,,,,,Jagdpanzer_IV
uk_a_33_excelsior,141.0,100.0,0.03,0.03,6.49,10.24,108.0,81.41,0.0,0.0,8.19,6.95,0.0,,,,,,Excelsior
us_m4a2_sherman,150.0,81.99,0.0,0.0,4.71,2.94,236.0,63.01,0.0,0.0,3.31,2.37,0.0,,,,,,M4A2
ussr_t_62,135.0,37.62,0.0,0.0,1.65,1.37,154.0,57.56,0.0,0.0,2.17,1.69,0.0,,,,,,T-62
us_t95e1,151.0,75.26,0.0,0.0,1.59,1.13,293.0,60.94,0.0,0.0,2.36,1.32,0.0,,,,,,T95E1
il_8_1944,141.0,69.89,1.82,1.63,4.33,3.86,138.0,43.55,0.36,0.34,1.86,1.8,0.0,,,,,,IL-8_(1944)
f-80a,146.0,73.71,1.63,1.7,2.41,2.56,75.0,,,2.27,,0.54,0.0,,,,,,F-80A-5
ki_43_3_otsu,130.0,58.93,6.48,5.7,0.25,0.29,525.0,65.85,0.47,0.6,1.03,1.3,0.0,,,,,,Ki-43-III_otsu
jp_navy_120mm_spg,135.0,74.51,0.0,0.0,5.92,2.46,130.0,86.29,0.0,0.0,3.29,2.52,0.0,,,,,,Chi-Ha_LG
jp_st_a2,142.0,39.05,0.21,0.21,1.3,1.41,450.0,61.7,0.0,0.0,2.71,2.0,0.0,,,,,,ST-A2
ussr_t_54_1949,131.0,45.04,0.0,0.0,1.58,1.83,219.0,52.4,0.0,0.0,1.45,1.64,44.0,100.0,0.0,0.0,3.83,2.41,T-54_(1949)
il_m_51,134.0,98.0,0.0,0.0,4.68,1.32,493.0,45.24,0.0,0.0,2.83,1.25,0.0,,,,,,M-51
us_m26_pershing,125.0,83.21,0.0,0.0,4.1,3.67,222.0,54.52,0.0,0.0,3.27,2.15,54.0,72.22,0.0,0.0,3.83,3.38,M26
ussr_su_100p,129.0,73.97,0.0,0.0,2.84,2.62,437.0,52.93,0.0,0.0,3.35,1.4,0.0,,,,,,SU-100P
ussr_kv_2_zis_6,133.0,66.68,0.0,0.0,4.24,4.86,28.0,,,0.0,,3.04,0.0,,,,,,KV-2_(ZiS-6)
germ_vk_3002m,131.0,53.76,0.0,0.0,3.13,3.68,250.0,31.73,0.0,0.0,5.27,2.51,0.0,,,,,,VK_3002_(M)
cn_t_34_85_zis_53_no215,133.0,88.83,0.0,0.0,8.92,8.49,10.0,,,0.0,,2.0,0.0,,,,,,T-34-85_No.215
me-410a-1,131.0,92.26,0.77,0.94,3.4,4.07,19.0,,,0.0,,1.25,0.0,,,,,,Me_410_A-1
f8f1,135.0,42.44,1.61,1.66,1.69,1.36,543.0,49.82,0.37,0.29,1.42,1.04,19.0,,,0.0,,0.0,F8F-1
yak-3,133.0,72.83,7.51,4.95,0.48,0.26,148.0,42.59,4.32,3.0,1.25,0.84,9.0,,,,,,Yak-3
jp_m44,129.0,53.76,0.18,0.17,3.12,2.86,472.0,67.84,0.0,0.0,1.59,1.04,0.0,,,,,,M44
ussr_is_2_1943,124.0,47.22,0.0,0.0,3.04,3.48,442.0,36.7,0.0,0.0,2.67,1.46,0.0,,,,,,IS-2
bf-109g-2,126.0,58.07,2.94,1.75,1.18,0.67,97.0,73.15,1.41,1.19,2.18,2.34,0.0,,,,,,Bf_109_G-2/trop
pe-2-1,124.0,90.97,0.28,0.32,3.58,4.22,0.0,,,,,,0.0,,,,,,Pe-2-1
jp_st_a1,130.0,41.43,0.24,0.27,1.85,1.9,841.0,59.76,0.0,0.0,2.11,1.52,0.0,,,,,,ST-A1
fw-190d-9,122.0,52.87,2.94,1.97,1.03,0.69,233.0,44.94,0.82,0.88,0.79,0.85,0.0,,,,,,Fw_190_D-9
us_m1a2_sep_abrams,120.0,48.08,0.0,0.0,1.6,2.19,1031.0,53.23,0.0,0.0,1.84,1.6,0.0,,,,,,M1A2_SEP
ussr_su_122_54,123.0,40.64,0.0,0.0,0.97,0.95,171.0,30.56,0.0,0.0,2.63,1.79,0.0,,,,,,SU-122-54
il_magach_5,113.0,55.56,0.03,0.03,3.04,2.75,70.0,60.18,0.0,0.0,3.08,1.82,0.0,,,,,,Magach_5
jp_type_90b_camo,120.0,52.63,0.14,0.1,3.06,2.24,2841.0,52.82,0.0,0.0,2.43,1.83,26.0,0.0,0.0,0.0,1.0,0.5,"Type_90_(B)_""Fuji"""
ussr_t_44_100,117.0,65.52,0.02,0.01,4.99,2.44,1316.0,49.93,0.0,0.0,1.95,1.65,40.0,12.5,0.0,0.0,4.25,2.45,T-44-100
pe-3_bis,119.0,80.38,0.87,1.19,3.1,4.14,0.0,,,,,,0.0,,,,,,Pe-3bis
us_m3_lee,120.0,66.67,0.2,0.2,3.5,4.2,42.0,,,0.0,,1.79,0.0,,,,,,M3_Lee
ussr_is_2_1944_321,118.0,100.0,0.0,0.0,5.57,5.57,81.0,94.44,0.0,0.0,6.49,5.04,0.0,,,,,,IS-2_No.321
cn_t_34_1942,112.0,86.11,0.0,0.0,4.79,4.16,70.0,100.0,0.0,0.0,5.58,3.38,0.0,,,,,,T-34_(1943)_(China)
ussr_kv_7_u13,113.0,66.25,0.03,0.02,4.08,5.53,169.0,51.74,0.0,0.0,4.7,3.91,0.0,,,,,,KV-7_(U-13)
jp_m4a3e8_76w_sherman,119.0,75.99,0.33,0.26,3.42,3.17,1417.0,68.79,0.0,0.0,1.86,1.57,0.0,,,,,,M4A3_(76)_W
do_217e_2,121.0,89.84,0.32,0.28,6.94,6.29,22.0,50.0,0.0,0.0,0.5,1.0,0.0,,,,,,Do_217_E-2
ussr_object_248,120.0,85.16,0.0,0.0,6.65,7.15,128.0,78.47,0.0,0.0,10.02,4.4,0.0,,,,,,Object_248
f_6c_pakistan,112.0,64.13,4.89,4.4,0.2,0.17,47.0,100.0,3.48,5.91,0.9,1.73,0.0,,,,,,F-6C
sw_strv_122,116.0,54.41,0.0,0.0,2.01,2.41,178.0,71.77,0.0,0.0,3.24,2.46,9.0,,,0.0,,0.0,Strv_122A
mig_29m_9_15,113.0,45.65,1.7,1.47,0.08,0.04,403.0,52.74,0.63,0.59,0.41,0.38,22.0,,,0.13,,0.13,МиГ-29М_(9-15)
ussr_zsu_57_2,107.0,67.57,0.04,0.01,3.03,1.34,1071.0,42.67,0.02,0.0,1.71,1.24,6.0,100.0,0.0,0.0,1.0,1.0,ZSU-57-2
germ_pzkpfw_IV_ausf_H,122.0,53.23,0.0,0.0,1.44,2.44,470.0,38.32,0.0,0.0,2.35,1.59,25.0,,,,,,Pz.IV_H
ar_2,120.0,96.24,0.27,0.32,8.15,8.87,0.0,,,,,,0.0,,,,,,Ar-2
germ_flakpanzer_IV_Ostwind,113.0,82.87,1.84,2.16,2.42,2.6,282.0,39.07,0.78,0.77,1.25,1.27,0.0,,,,,,Ostwind
yak-9,113.0,95.6,4.09,5.83,0.38,0.54,22.0,100.0,4.0,,0.0,,0.0,,,,,,Yak-9
ussr_object_906,111.0,48.15,0.0,0.0,2.09,1.28,1406.0,52.27,0.0,0.0,2.5,1.8,59.0,50.0,0.0,0.0,3.77,2.83,Object_906
us_m36,114.0,72.58,0.0,0.0,2.23,2.55,306.0,78.01,0.0,0.0,7.14,2.47,0.0,,,,,,M36_GMC
us_m26e1_pershing,107.0,88.64,0.3,0.44,10.49,12.55,639.0,69.47,0.0,0.0,4.36,3.42,0.0,,,,,,M26E1
ussr_is_2_1944,111.0,47.31,0.0,0.0,3.87,2.72,591.0,45.82,0.0,0.0,2.81,2.24,0.0,,,,,,IS-2_(1944)
sw_kv_1_1942_fin,115.0,63.17,0.0,0.0,3.09,3.04,110.0,38.71,0.0,0.0,4.41,3.93,0.0,,,,,,KV-1_m1942
me-410b-1,113.0,96.18,0.8,0.79,5.18,4.79,0.0,,,,,,0.0,,,,,,Me_410_B-1
germ_panzerbefelhswagen_IV_ausf_J,107.0,87.37,0.0,0.0,3.97,4.35,175.0,40.5,0.0,0.0,2.17,1.77,0.0,,,,,,Pz.Bfw.IV
ussr_t_34_85E,108.0,98.39,0.0,0.0,9.66,9.75,298.0,64.48,0.0,0.0,4.84,4.01,0.0,,,,,,T-34-85E
cn_m36,104.0,75.54,0.01,0.01,2.5,2.15,23.0,,,0.0,,2.07,0.0,,,,,,M36_GMC_(China)
ussr_t_55a,105.0,50.0,0.0,0.0,2.69,2.34,1194.0,45.61,0.0,0.0,2.03,1.56,1.0,,,0.0,,1.0,T-55A
ussr_asu_85,106.0,48.39,0.0,0.0,0.86,0.97,253.0,43.16,0.0,0.0,2.26,1.76,0.0,,,,,,ASU-85
jp_sub_i_ii_20mm,112.0,75.28,1.05,1.39,1.05,1.32,1012.0,53.38,0.48,0.48,0.58,0.58,0.0,,,,,,SUB-I-II
ussr_bmpt_72,98.0,45.65,0.04,0.03,1.45,0.97,1655.0,50.3,0.0,0.0,1.78,1.4,0.0,,,,,,БМПТ-72
us_m1a2_abrams,107.0,29.89,0.0,0.0,1.8,1.65,1050.0,63.65,0.0,0.0,2.5,2.72,0.0,,,,,,M1A2_Abrams
sw_t_28,108.0,82.22,0.0,0.0,5.05,4.53,0.0,,,,,,0.0,,,,,,T-28
us_m1a1_aim_abrams,107.0,68.44,0.14,0.13,2.08,2.98,906.0,58.4,0.0,0.0,2.22,1.65,15.0,,,0.0,,2.0,M1A1_AIM
ussr_kv_8,104.0,73.08,0.0,0.0,1.92,3.21,4.0,,,,,,0.0,,,,,,КВ-8
ussr_t_72av_turms,99.0,42.86,0.0,0.0,1.28,1.12,858.0,49.1,0.0,0.0,2.33,1.63,0.0,,,,,,T-72AV_(TURMS-T)
ussr_t_62m1,105.0,50.0,0.0,0.0,3.4,2.51,509.0,55.16,0.0,0.0,1.78,1.44,0.0,,,,,,T-62M-1
germ_pzkpfw_V_ausf_g_panther,112.0,59.48,0.0,0.0,1.47,1.94,484.0,30.31,0.0,0.0,2.41,1.4,0.0,,,,,,Panther_G
ussr_t_44_po,105.0,100.0,0.0,0.0,4.76,5.39,77.0,65.38,0.0,0.0,4.42,3.74,0.0,,,,,,Т-44(ПМ)
germ_jgdpz_38t,105.0,95.83,0.0,0.0,10.25,3.99,40.0,0.0,0.0,0.0,2.87,2.71,0.0,,,,,,Jagdpanzer_38(t)
germ_pzkpfw_VI_ausf_b_tiger_IIh_sla,105.0,83.07,0.0,0.0,5.04,5.04,672.0,55.91,0.0,0.0,4.81,3.22,4.0,100.0,0.0,0.0,2.0,2.0,Tiger_II_(H)_Sla.16
il_sabra_mk1,110.0,53.45,0.0,0.0,2.11,1.92,113.0,52.63,0.04,0.03,3.03,4.27,0.0,,,,,,Sabra_Mk.I
ussr_kv_1_L_11,99.0,85.78,0.16,0.16,3.78,4.85,81.0,61.11,0.0,0.0,6.03,3.59,0.0,,,,,,KV-1_(L-11)
fw-190a-5_u2,103.0,94.62,3.7,2.14,1.6,0.96,37.0,,,0.15,,0.17,0.0,,,,,,Fw_190_A-5/U2
jp_type_5_na_to,104.0,69.49,0.0,0.0,3.65,3.98,177.0,76.95,0.0,0.0,3.38,2.65,0.0,,,,,,Na-To
hellcat_fmk1,102.0,95.32,2.72,2.7,4.77,4.75,0.0,,,,,,79.0,54.9,0.44,0.22,2.18,1.63,Hellcat_Mk_II
ussr_zsu_29k,99.0,81.0,0.15,0.22,3.13,3.85,7.0,50.0,0.0,0.0,1.0,2.0,0.0,,,,,,YaG-10_(29-K)
us_m4a2_76w_sherman,98.0,34.06,0.0,0.0,2.57,2.14,779.0,55.15,0.0,0.0,2.65,2.37,0.0,,,,,,M4A2_(76)_W
it_43m_turan_3,101.0,100.0,0.0,0.0,5.03,3.99,141.0,57.66,0.0,0.0,2.73,2.38,0.0,,,,,,Turan_III
us_m4a3e8_76w_sherman,95.0,64.99,0.0,0.0,1.74,2.84,724.0,58.98,0.0,0.0,2.42,2.36,8.0,,,0.0,,1.0,M4A3_(76)_W
sw_pvkv_II,96.0,76.24,0.0,0.0,3.81,4.99,83.0,50.0,0.0,0.0,3.94,3.27,0.0,,,,,,Pvkv_II
us_xm246,98.0,68.94,0.35,0.54,1.99,2.77,1234.0,57.66,0.22,0.18,1.71,1.43,0.0,,,,,,XM246
us_m6a1,92.0,34.13,0.0,0.0,4.69,3.4,125.0,47.92,0.0,0.0,2.7,2.5,0.0,,,,,,M6A1
germ_kv_1_kwk_40,96.0,53.76,0.0,0.0,4.05,3.59,277.0,54.75,0.0,0.0,5.19,3.6,0.0,,,,,,KW_I_C_756_(r)
ki_61_1a_otsu_china,96.0,85.98,4.99,5.93,1.32,1.63,1.0,,,,,,41.0,80.56,0.83,1.0,3.28,3.64,Ki-61-I_otsu_(China)
cn_ztz_96a_prot,103.0,87.0,0.03,0.03,5.34,4.2,304.0,59.34,0.0,0.0,2.44,1.91,19.0,,,0.0,,1.0,ZTZ96A_(P)
us_m2a4_1st_armor_div,94.0,85.63,0.0,0.0,5.64,5.05,0.0,,,,,,0.0,,,,,,M2A4_(1st_Arm.Div.)
germ_waffentrager_krupp_steyr,98.0,62.5,0.0,0.0,2.36,2.08,176.0,42.99,0.0,0.0,1.52,1.73,0.0,,,,,,Waffenträger
us_m36b2,96.0,86.56,0.0,0.0,2.26,1.69,282.0,72.23,0.0,0.0,1.89,1.57,0.0,,,,,,M36B2
jp_type_3_chi_nu,95.0,73.34,0.0,0.0,5.38,4.95,214.0,90.71,0.0,0.0,2.39,1.82,0.0,,,,,,Chi-Nu
yak-9k,98.0,61.46,1.56,1.93,0.61,0.47,1142.0,62.15,0.37,0.34,2.14,1.84,25.0,,,,,,Yak-9K
germ_pzkpfw_VI_ausf_h1_tiger_animal_version,93.0,73.12,0.05,0.05,4.85,4.44,24.0,71.74,0.0,0.0,3.0,4.08,0.0,,,,,,␠Tiger
us_m18_hellcat_black_cat,95.0,88.47,0.25,0.28,3.98,4.53,1052.0,80.72,0.0,0.0,2.86,2.33,0.0,,,,,,"M18_""Black_Cat"""
uk_a17_mk_1_tetrarch,94.0,100.0,0.0,0.0,5.33,2.95,74.0,14.81,0.0,0.0,2.24,1.0,0.0,,,,,,Tetrarch_I
germ_pzkpfw_IV_ausf_G,95.0,62.37,0.0,0.0,3.06,3.94,139.0,27.58,0.0,0.0,1.99,2.35,0.0,,,,,,Pz.IV_G
lagg-3-8,91.0,81.72,5.14,4.71,0.52,0.47,0.0,,,,,,0.0,,,,,,LaGG-3-8
f4u-1c,93.0,70.23,2.35,1.8,0.56,0.4,41.0,,,0.0,,0.0,0.0,,,,,,F4U-1C
su_27sm,92.0,30.64,1.54,1.68,0.0,0.0,481.0,59.63,1.59,1.79,0.05,0.06,12.0,,,2.08,,0.0,Su-27SM
me_264,94.0,96.77,1.0,0.77,7.0,5.63,0.0,,,,,,0.0,,,,,,Me_264
germ_panzerbefelhswagen_jagdpanther,86.0,81.52,0.0,0.0,5.47,6.94,45.0,9.62,0.0,0.0,1.88,2.0,4.0,100.0,0.0,0.0,3.0,3.0,Bfw._Jagdpanther_G1
yak_2_kabb,91.0,100.0,1.85,2.28,5.43,6.29,0.0,,,,,,20.0,100.0,1.0,1.0,2.0,1.6,Yak-2_KABB
ussr_kv_220,94.0,90.28,0.0,0.0,4.8,3.07,187.0,82.53,0.0,0.0,7.91,7.26,0.0,,,,,,KV-220
fr_amx_30_b2_brenus,92.0,61.83,0.0,0.0,3.04,2.97,134.0,75.58,0.0,0.0,3.95,3.41,0.0,,,,,,AMX-30B2_BRENUS
sw_kungstiger,90.0,66.67,0.0,0.0,8.6,7.19,173.0,67.03,0.0,0.0,5.71,3.84,4.0,,,0.0,,2.0,Kungstiger
us_m1a1_hc_usmc,91.0,54.17,0.27,0.21,2.94,1.98,3178.0,59.53,0.0,0.0,1.82,1.66,29.0,0.0,0.0,0.0,2.38,1.5,M1A1_Click-Bait
ussr_t_80ue1,85.0,51.15,0.0,0.0,1.8,1.6,3917.0,46.41,0.0,0.0,1.64,1.33,0.0,,,,,,Т-80U-Е1
germ_sdkfz_234_2,93.0,75.4,0.0,0.0,0.96,1.31,833.0,46.86,0.0,0.0,1.16,0.95,0.0,,,,,,Sd.Kfz.234/2
pyorremyrsky,98.0,42.42,1.43,1.3,0.0,0.0,98.0,80.11,1.72,1.74,2.02,2.0,20.0,,,2.93,,0.0,VL_Pyörremyrsky
p-51_mk1a_usaaf,87.0,85.71,8.14,3.07,0.86,0.13,125.0,68.05,2.76,3.04,0.62,0.69,0.0,,,,,,P-51
iar_81c_db_605,106.0,52.77,5.54,5.76,0.16,0.16,62.0,100.0,3.71,7.53,1.73,3.33,0.0,,,,,,IAR-81C_(DB_605)
la-5_type39,92.0,100.0,7.3,7.44,2.61,2.68,0.0,,,,,,0.0,,,,,,La-5F
f6f-5n,91.0,51.75,1.12,1.49,1.12,1.17,133.0,56.02,0.12,0.13,0.74,0.62,0.0,,,,,,F6F-5N
cn_t_34_85_d_5t,87.0,90.77,0.01,0.01,3.7,4.08,83.0,47.06,0.0,0.0,5.0,4.33,0.0,,,,,,Т-34-85_(S-53)_(China)
yak-1_early,87.0,100.0,5.27,5.27,2.0,2.0,55.0,100.0,0.81,0.83,1.0,0.83,0.0,,,,,,Yak-1
ussr_t_34_1941_l_11,88.0,100.0,0.0,0.0,5.04,2.46,152.0,46.39,0.0,0.0,3.65,1.52,0.0,,,,,,T-34_(1940)
mig_27m,88.0,37.63,0.19,0.25,0.5,0.37,37.0,0.0,1.0,0.11,2.0,1.0,9.0,,,0.0,,1.0,MiG-27M
uk_a27m_cromwell_5,82.0,100.0,0.0,0.0,5.69,6.34,202.0,28.5,0.0,0.0,2.42,1.62,0.0,,,,,,Cromwell_V
fr_lorraine_40t,86.0,50.0,0.0,0.0,6.0,2.93,397.0,61.28,0.0,0.0,2.15,2.23,6.0,,,0.0,,0.0,Lorraine_40t
germ_pzkpfw_III_ausf_E,89.0,100.0,0.04,0.18,3.8,10.06,59.0,0.0,0.0,0.0,2.3,1.35,0.0,,,,,,Pz.III_E
fr_sk105_a2,86.0,78.5,0.0,0.0,3.85,3.62,254.0,55.67,0.0,0.0,2.94,2.6,0.0,,,,,,SK-105A2
germ_panzerjager_tiger,80.0,26.19,0.13,0.12,3.13,2.86,377.0,33.76,0.0,0.0,2.4,1.87,0.0,,,,,,Jagdtiger
cn_vt_4b,89.0,65.84,0.0,0.0,4.34,4.12,73.0,48.72,0.0,0.0,2.99,4.72,0.0,,,,,,VT4A1
ussr_t_34_100,83.0,100.0,0.0,0.0,6.26,3.31,314.0,59.04,0.0,0.0,3.02,2.45,8.0,0.0,0.0,0.0,1.0,1.0,T-34-100
sw_pzkpfw_IV_ausf_J,79.0,91.36,0.0,0.0,3.92,4.27,152.0,37.04,0.0,0.0,1.88,1.14,0.0,,,,,,Pz.IV
su_34,88.0,50.0,1.55,1.27,0.13,0.12,516.0,56.83,0.36,0.42,3.63,4.08,94.0,,,0.83,,0.52,Су-34
p-51d-5,88.0,53.85,0.63,0.5,1.04,0.79,63.0,83.33,0.37,0.3,0.0,0.0,0.0,,,,,,P-51D-5
germ_leopard_2a4m_can_sm,88.0,67.12,0.0,0.0,2.41,3.69,1055.0,42.86,0.0,0.0,1.45,1.16,25.0,0.0,0.0,0.0,0.0,0.0,◍Leopard_2A4M
ussr_t_44,82.0,54.41,0.0,0.0,2.23,2.77,331.0,33.16,0.0,0.0,2.15,1.94,37.0,50.0,0.0,0.0,0.5,1.29,T-44
uk_sherman_vc_firefly,82.0,48.92,0.0,0.0,2.76,3.39,212.0,41.67,0.0,0.0,2.44,1.61,0.0,,,,,,Sherman_Firefly
p-47d_30_italy,85.0,94.74,4.47,2.79,3.37,1.19,99.0,68.28,0.91,0.99,1.7,1.79,18.0,50.0,1.0,2.0,1.0,2.0,P-47D-30
xp-50,85.0,100.0,5.71,2.5,0.25,0.06,59.0,50.0,3.0,2.84,1.23,0.54,0.0,,,,,,XP-50
yak-9u,78.0,72.31,5.87,6.23,0.97,0.95,44.0,100.0,2.77,2.59,0.68,0.64,0.0,,,,,,Yak-9U
f-4s,79.0,100.0,6.48,2.07,0.35,0.09,842.0,53.89,1.23,1.37,0.1,0.14,16.0,,,1.69,,0.0,F-4S_Phantom_II
mig_29_9_13,80.0,43.01,1.01,1.14,0.08,0.08,81.0,45.36,1.32,1.94,0.0,0.0,0.0,,,,,,MiG-29
ussr_t_80b,88.0,61.4,0.0,0.0,1.32,1.23,907.0,46.45,0.0,0.0,1.98,1.59,11.0,57.14,0.0,0.0,0.57,1.0,T-80B
germ_pzkpfw_V_ausf_a_panther,82.0,37.1,0.0,0.0,4.45,2.72,553.0,28.36,0.0,0.0,1.49,1.5,0.0,,,,,,Panther_A
us_mk1_grant,80.0,66.67,0.3,0.5,3.3,5.0,49.0,40.38,0.0,0.0,0.44,0.48,0.0,,,,,,Grant_I
us_m1a2_sep3_abrams,82.0,100.0,0.0,0.0,7.14,11.0,2098.0,56.56,0.0,0.0,2.42,2.32,0.0,,,,,,M1A2_SEPv3
f-4j,76.0,80.0,1.64,1.86,0.16,0.19,186.0,47.22,1.38,1.15,0.02,0.02,0.0,,,,,,F-4J_Phantom_II
germ_sdkfz_251_9,81.0,100.0,0.0,0.0,2.9,7.64,0.0,,,,,,0.0,,,,,,Sd.Kfz.251/9
germ_thyssen_henschel_tam_2ip,69.0,84.45,0.0,0.0,3.46,2.28,798.0,52.66,0.0,0.0,2.17,1.78,11.0,,,0.0,,2.0,TAM_2IP
ussr_t_72b,82.0,36.46,0.0,0.0,2.34,2.16,701.0,42.44,0.0,0.0,1.53,1.27,0.0,,,,,,T-72B
us_m1a1_abrams,75.0,67.35,0.0,0.0,1.55,1.96,1298.0,54.87,0.0,0.0,2.08,1.85,0.0,,,,,,M1A1
sw_ikv_91,77.0,62.5,0.1,0.1,3.69,4.19,447.0,43.8,0.0,0.0,1.21,0.95,0.0,,,,,,Ikv_91
p-51d-20-na,78.0,100.0,6.29,3.45,2.11,1.16,116.0,60.32,0.89,0.81,1.38,1.29,20.0,,,1.0,,0.0,P-51D-20-NA
me_210ca_1_hungary,82.0,100.0,1.79,1.05,3.76,2.72,0.0,,,,,,0.0,,,,,,◔Me_210_Ca-1
fr_m26_pershing,73.0,51.88,0.0,0.0,2.6,4.12,141.0,46.46,0.0,0.0,4.25,3.81,0.0,,,,,,M26
uk_m3_stuart,78.0,34.66,0.0,0.0,0.32,0.5,0.0,,,,,,0.0,,,,,,Stuart_I
us_m1a2_sep2_abrams,76.0,33.33,0.0,0.0,1.1,1.05,1268.0,53.2,0.0,0.0,1.84,1.73,0.0,,,,,,M1A2_SEP_V2
mig_3_series_1_15,75.0,100.0,3.11,2.3,0.81,0.59,19.0,100.0,4.5,,0.0,,0.0,,,,,,MiG-3-15
mig-21_s,72.0,58.34,3.55,3.55,0.15,0.15,346.0,51.7,1.3,1.63,0.08,0.12,8.0,,,,,,MiG-21S_(R-13-300)
b_239_finland,74.0,50.0,1.27,1.69,0.0,0.0,4.0,,,,,,0.0,,,,,,B-239
germ_mkpz_m48a2c,70.0,59.52,0.0,0.0,1.04,0.77,388.0,26.69,0.0,0.0,0.87,0.82,46.0,13.04,0.0,0.0,1.52,1.36,M48A2_C
us_m24_chaffee_tl,76.0,65.94,0.0,0.0,2.8,3.65,63.0,59.52,0.0,0.0,2.1,1.82,0.0,,,,,,M24_(TL)
us_t26e5,67.0,65.15,0.2,0.3,2.46,3.73,1200.0,56.73,0.0,0.0,3.19,2.67,0.0,,,,,,T26E5
it_pzkpfw_IV_ausf_G,75.0,100.0,0.0,0.0,5.18,5.12,106.0,85.22,0.0,0.0,2.35,1.9,0.0,,,,,,Pz.IV_G
p-51h-5_na,77.0,74.14,1.78,2.02,1.38,1.52,114.0,65.38,1.14,1.29,0.8,0.94,0.0,,,,,,P-51H-5-NA
cn_m4a1_76w_sherman,71.0,66.67,0.0,0.0,3.46,2.72,29.0,,,,,,0.0,,,,,,M4A1_(75)_W_(China)
uk_a30_challenger,79.0,37.14,0.22,0.27,1.8,2.3,97.0,52.22,0.0,0.0,2.19,2.26,0.0,,,,,,Challenger
uk_chieftain_900,67.0,74.64,0.0,0.0,1.72,1.81,139.0,56.38,0.0,0.0,2.74,1.99,0.0,,,,,,Chieftain_900
jp_type_97_chi_ha,73.0,100.0,0.0,0.0,12.26,15.21,26.0,,,0.0,,1.0,0.0,,,,,,Chi-Ha
germ_kv_1B_finland,70.0,93.94,0.0,0.0,5.67,10.27,78.0,50.0,0.0,0.0,6.75,4.26,0.0,,,,,,KV-IB
ussr_m53_59,72.0,31.72,2.57,3.92,0.25,0.5,526.0,33.04,1.41,0.66,0.57,0.36,0.0,,,,,,M53/59
germ_sturmpanzer_IV_brummbar,70.0,61.11,0.0,0.0,2.49,2.9,36.0,0.0,0.0,0.0,2.0,3.1,0.0,,,,,,Brummbär
j_7d,72.0,54.76,2.63,2.87,0.0,0.0,333.0,75.55,2.71,2.42,0.82,0.62,0.0,,,,,,J-7D
ussr_su_85m,71.0,50.0,0.0,0.0,1.65,2.4,18.0,50.0,0.0,0.0,2.0,2.26,0.0,,,,,,SU-85M
germ_hummel,74.0,100.0,0.0,0.0,3.05,2.45,46.0,11.33,0.0,0.0,2.88,2.37,0.0,,,,,,Hummel
jp_type_75,75.0,35.71,0.33,0.57,0.44,0.76,651.0,61.86,0.06,0.06,1.31,1.06,0.0,,,,,,Type_75_SPH
me_210ca_1_40_mm_hungary,75.0,73.89,1.08,0.68,2.45,2.18,10.0,100.0,1.0,1.0,2.6,2.6,17.0,,,,,,◔Me_210_Ca-1_36.M
il_merkava_mk_2d,70.0,45.24,0.0,0.0,2.51,2.89,385.0,48.15,0.0,0.0,3.93,2.41,0.0,,,,,,Merkava_Mk.2D
il_merkava_mk_1,68.0,50.0,0.0,0.0,1.65,1.69,82.0,54.67,0.0,0.0,1.68,2.66,0.0,,,,,,Merkava_Mk.1
germ_mkpz_super_m48,76.0,50.0,0.0,0.0,1.89,1.17,110.0,68.06,0.0,0.0,7.5,3.84,12.0,50.0,0.0,0.0,1.5,1.5,M48_Super
mig_29smt_9_19,71.0,29.57,1.79,1.64,0.0,0.0,99.0,61.83,1.11,1.19,0.47,0.47,0.0,,,,,,MiG-29SMT
p-51d-20-na_j26,68.0,45.24,0.96,1.56,0.13,0.21,0.0,,,,,,0.0,,,,,,J26
germ_marder_1a3,67.0,37.36,0.0,0.0,0.43,0.59,370.0,35.38,0.12,0.11,1.26,1.14,0.0,,,,,,Marder_1A3
p-40e_ussr,67.0,87.64,4.55,4.28,1.32,1.21,4.0,,,,,,0.0,,,,,,P-40E-1
il_centurion_shot_kal_alef,63.0,60.0,0.2,0.3,2.2,3.53,65.0,90.28,0.0,0.0,1.37,0.83,0.0,,,,,,Sho't_Kal_Alef
su-6_m71,72.0,67.78,0.96,0.74,2.04,1.8,85.0,50.0,1.37,0.35,1.68,1.62,0.0,,,,,,Su-6_(M-71F)
spitfire_mk5c_notrop,67.0,66.67,5.07,4.39,0.0,0.0,37.0,100.0,1.36,1.36,1.45,1.45,0.0,,,,,,Spitfire_Mk_Vc
saab_b3c,66.0,100.0,2.39,1.39,38.81,22.46,0.0,,,,,,0.0,,,,,,B3C
f_15c_golden_eagle,66.0,55.56,2.29,2.45,0.14,0.11,436.0,57.58,1.5,1.61,0.12,0.13,14.0,,,1.0,,0.0,F-15C_Golden_Eagle
fa_18e_block_2,66.0,54.3,1.9,2.09,0.11,0.11,538.0,64.03,1.05,1.12,0.5,0.5,54.0,0.0,3.0,1.3,0.0,0.0,F/A-18E
us_m41_walker_bulldog,65.0,94.45,0.0,0.0,2.21,2.12,702.0,56.72,0.0,0.0,1.26,0.92,0.0,,,,,,M41A1
vb_10c1,66.0,97.53,11.41,7.6,0.0,0.0,37.0,100.0,2.25,2.0,1.38,1.4,0.0,,,,,,VB.10C-1
yak-3p,74.0,68.75,2.39,2.46,0.08,0.07,220.0,67.47,3.6,2.87,1.37,1.09,4.0,,,2.0,,0.0,Yak-3P
fa_18c_late,65.0,47.92,1.33,1.08,0.0,0.0,196.0,59.82,1.05,1.08,0.12,0.12,0.0,,,,,,F/A-18C_Late
it_2s1,67.0,100.0,0.0,0.0,1.0,0.87,45.0,45.45,0.0,0.0,1.09,0.88,0.0,,,,,,◔2S1
it_m36b1,65.0,100.0,0.23,0.23,2.41,2.41,70.0,73.07,0.0,0.0,1.52,1.63,0.0,,,,,,M36B1
j_7e,65.0,35.71,2.55,2.5,0.0,0.0,43.0,0.0,5.57,5.57,0.29,0.29,0.0,,,,,,J-7E
f2h-2,68.0,69.56,1.97,2.23,0.28,0.36,121.0,75.38,1.79,2.29,1.19,1.56,14.0,,,,,,F2H-2
germ_pzkpfw_V_ausf_f_panther,70.0,100.0,0.0,0.0,7.12,3.8,383.0,41.74,0.0,0.0,3.12,2.6,0.0,,,,,,Panther_F
ussr_2s19_m1,65.0,50.0,0.0,0.0,1.26,1.98,172.0,50.0,0.0,0.0,1.27,0.73,12.0,,,0.0,,0.0,2С19М1
ussr_bmp_1,61.0,94.45,0.0,0.0,0.19,0.31,376.0,50.66,0.0,0.0,0.69,0.75,0.0,,,,,,BMP-1
ta-152h-1,66.0,53.62,1.52,2.13,0.0,0.0,48.0,64.59,1.36,3.88,0.33,1.0,0.0,,,,,,Ta_152_H-1
cn_ztz_88b,64.0,67.39,0.0,0.0,3.15,3.31,187.0,63.99,0.0,0.0,1.68,1.59,0.0,,,,,,ZTZ88B
bf_110g_4,63.0,100.0,1.15,1.07,3.26,3.26,4.0,50.0,0.0,0.0,0.5,0.5,0.0,,,,,,Bf_110_G-4
ussr_su_85_1943,61.0,96.77,0.0,0.0,1.82,2.03,8.0,,,,,,0.0,,,,,,SU-85
us_m60a1_rise_passive_era,57.0,66.67,0.3,0.38,2.03,2.6,249.0,65.07,0.0,0.0,1.95,1.75,0.0,,,,,,M60A1_RISE_(P)
germ_pz_IV_L70_A,63.0,100.0,0.0,0.0,2.61,1.7,42.0,,,0.0,,1.29,0.0,,,,,,Panzer_IV/70(A)
germ_pzkpfw_Maus,61.0,98.28,0.0,0.0,8.21,9.0,719.0,45.53,0.0,0.0,5.25,4.49,0.0,,,,,,Maus
su_27,60.0,45.06,0.74,0.91,0.0,0.0,306.0,59.2,1.63,1.88,0.1,0.12,0.0,,,,,,Su-27
it_palmaria,59.0,0.0,0.0,0.0,4.6,2.22,37.0,47.33,0.0,0.0,1.07,1.72,0.0,,,,,,Palmaria
bf-109f-4_usa,65.0,85.48,2.56,2.41,0.0,0.0,44.0,50.0,0.74,1.4,0.88,1.64,7.0,,,3.0,,0.0,Bf_109_F-4
cn_m24_chaffee,60.0,81.88,0.0,0.0,1.48,1.73,290.0,60.31,0.0,0.0,1.81,1.35,0.0,,,,,,M24_(China)
us_m4a5_ram_2,63.0,50.76,0.0,0.0,2.66,2.74,14.0,50.0,0.0,0.0,1.0,1.44,0.0,,,,,,M4A5
uk_sherman_ic_firefly,61.0,54.0,0.0,0.0,2.66,3.96,99.0,33.6,0.0,0.0,3.02,2.55,0.0,,,,,,"Sherman_IC_""Trzyniec"""
f4u-4b,63.0,72.0,0.86,1.0,1.46,1.56,775.0,68.5,0.59,0.5,1.87,1.57,0.0,,,,,,F4U-4B
ussr_t_72b_1989,62.0,50.0,0.0,0.0,1.64,1.85,303.0,33.56,0.0,0.0,1.73,1.31,0.0,,,,,,T-72B_(1989)
il_magach_6b_gal,59.0,69.84,0.0,0.0,1.0,1.0,203.0,49.68,0.0,0.0,1.69,1.56,0.0,,,,,,Magach_6B_Gal
mc-205_serie1,64.0,50.0,1.5,1.0,0.0,0.0,0.0,,,,,,0.0,,,,,,C._205_serie_1
ussr_pzkpfw_V,56.0,100.0,0.0,0.0,6.48,4.19,64.0,28.57,0.0,0.0,2.86,2.47,0.0,,,,,,T-V
pe-2-83,59.0,100.0,0.13,0.13,3.16,4.52,38.0,100.0,0.0,0.0,0.86,0.5,0.0,,,,,,Pe-2-83
i_225,61.0,48.42,2.22,1.85,0.0,0.0,79.0,76.92,2.54,2.61,0.49,0.56,0.0,,,,,,I-225
fr_amx_50,60.0,50.0,0.0,0.0,2.83,2.04,444.0,78.0,0.0,0.0,3.21,3.44,6.0,,,0.0,,2.33,AMX-50_(TOA100)
germ_pz_IV_L70,58.0,26.09,0.0,0.0,1.43,1.11,268.0,36.58,0.0,0.0,2.83,1.97,6.0,,,,,,Panzer_IV/70(V)
yak-3_eremin,56.0,100.0,8.12,8.12,1.56,1.56,29.0,50.0,2.97,2.71,1.53,0.0,28.0,,,,,,Eremin's_Yak-3(e)
it_breda_52_autocannone,60.0,66.67,0.3,0.44,6.68,9.14,141.0,59.06,0.0,0.0,2.72,2.16,0.0,,,,,,Breda_90/53
it_m18_hellcat,58.0,100.0,0.0,0.0,2.29,2.29,318.0,65.25,0.0,0.0,2.93,2.11,0.0,,,,,,M18
us_m4_sherman,58.0,95.45,0.0,0.0,5.41,5.73,107.0,42.42,0.0,0.0,7.78,5.48,0.0,,,,,,M4
us_t1e1_90,58.0,92.59,0.23,0.1,4.88,2.78,132.0,41.4,0.0,0.0,4.88,3.24,0.0,,,,,,T1E1_(90)
fr_amx_30_b2,58.0,50.0,0.0,0.0,1.83,2.66,215.0,50.57,0.0,0.0,2.15,2.69,0.0,,,,,,AMX-30B2
ussr_is_3,63.0,100.0,0.0,0.0,6.4,2.65,278.0,64.92,0.0,0.0,3.22,2.46,0.0,,,,,,IS-3
sm_91,59.0,65.48,0.91,0.98,0.85,0.95,0.0,,,,,,0.0,,,,,,SM.91
la_174,56.0,71.43,4.9,6.8,0.6,0.8,0.0,,,,,,0.0,,,,,,La-174
su_30mkk,53.0,,,3.52,,0.74,1410.0,62.7,1.25,1.43,0.65,0.73,92.0,100.0,3.0,1.89,0.5,0.32,Su-30MKK_(China)
lagg-3-23,56.0,,,2.47,,0.5,0.0,,,,,,0.0,,,,,,LaGG-3-23
us_m4a3e2_sherman_jumbo_cobra_king,53.0,67.5,0.0,0.0,2.83,2.53,98.0,44.74,0.0,0.0,3.99,2.1,0.0,,,,,,Cobra_King
fr_amx_13_90,55.0,70.46,0.0,0.0,2.39,2.04,152.0,84.0,0.0,0.0,5.03,2.75,0.0,,,,,,AMX-13-90
us_t26e4_superpershing,52.0,63.89,0.0,0.0,2.62,3.58,644.0,57.36,0.0,0.0,3.55,3.48,0.0,,,,,,T26E1-1
jp_m42_duster,55.0,28.33,0.74,1.04,0.48,0.89,547.0,66.49,0.23,0.19,0.8,0.65,0.0,,,,,,M42
il_zsu_57_2,57.0,28.95,0.0,0.0,1.32,1.2,92.0,50.0,0.0,0.0,1.58,1.08,0.0,,,,,,ZSU-57-2_(Israel)
p-51d-30_usaaf_korea,53.0,85.71,1.86,0.63,0.93,0.49,151.0,54.95,1.24,1.55,1.11,1.09,36.0,100.0,9.0,3.0,0.0,0.0,P-51D-30
ffvs_j22_b,54.0,50.0,2.53,1.83,0.0,0.0,7.0,,,,,,0.0,,,,,,J22-B
us_xm1_gm,57.0,17.65,0.0,0.0,1.89,1.0,945.0,66.85,0.0,0.0,3.97,2.79,0.0,,,,,,XM1_(GM)
germ_pzh_2000,53.0,97.92,0.46,0.26,0.98,0.5,617.0,27.89,0.04,0.03,1.03,0.75,0.0,,,,,,PzH_2000
us_m2a4,55.0,100.0,0.0,0.0,3.13,3.34,75.0,38.64,0.0,0.0,3.5,1.95,0.0,,,,,,M2A4
us_m4a3e2_76w_sherman_jumbo,55.0,95.06,0.04,0.06,6.04,5.74,424.0,64.4,0.0,0.0,5.29,3.81,0.0,,,,,,M4A3E2_(76)_W
us_m8_scott,57.0,92.31,0.07,0.13,2.6,3.15,1.0,,,0.0,,1.0,0.0,,,,,,M8_HMC
xp-55,59.0,71.3,3.12,2.52,0.59,0.43,5.0,,,1.0,,1.0,0.0,,,,,,XP-55
us_m55,58.0,77.78,0.0,0.0,4.55,4.47,42.0,77.27,0.0,0.0,1.14,0.91,0.0,,,,,,M55
il_magach_6_rocket,51.0,50.0,0.0,0.0,2.53,1.82,229.0,78.53,0.0,0.0,4.14,3.17,0.0,,,,,,Magach_Hydra
us_m1_ip_abrams,52.0,50.0,0.0,0.0,1.52,1.81,846.0,62.43,0.0,0.0,3.59,3.08,0.0,,,,,,IPM1
germ_panzerjager_nashorn,56.0,31.82,0.0,0.0,2.09,2.09,52.0,0.0,0.0,0.0,2.38,1.23,0.0,,,,,,Nashorn
sw_pbv_501,51.0,31.82,0.13,0.13,1.17,1.3,526.0,45.0,0.0,0.0,1.26,1.06,0.0,,,,,,Pbv_501
sm_92,55.0,100.0,1.2,1.22,8.8,1.82,21.0,,,,,,0.0,,,,,,SM.92
sw_ikv_91_105,54.0,62.9,0.0,0.0,1.18,1.18,139.0,51.89,0.0,0.0,0.58,0.68,0.0,,,,,,Ikv_91-105
cn_m18_hellcat,52.0,87.68,0.0,0.0,2.69,2.39,236.0,60.73,0.0,0.0,2.25,2.32,0.0,,,,,,M18_GMC_(China)
la-7_dolgushin,51.0,84.0,4.9,7.17,4.08,3.89,126.0,66.29,3.5,7.79,2.28,5.08,9.0,,,,,,Dolgushin's_La-7
la-9,54.0,58.89,4.57,4.57,0.39,0.39,75.0,54.52,0.53,0.69,0.04,0.27,0.0,,,,,,La-9
spitfire_mk5c,52.0,72.22,3.09,2.82,0.0,0.0,27.0,100.0,2.67,0.22,0.0,0.0,0.0,,,,,,Spitfire_Mk_Vc/trop
re_2001_cn,54.0,100.0,3.47,2.12,0.77,0.47,1.0,,,,,,0.0,,,,,,Re.2001_CN
f-8e,49.0,80.0,1.83,1.52,0.0,0.0,44.0,50.0,2.0,4.0,0.0,0.0,4.0,,,3.0,,0.0,F-8E
er-2_m105_mv3,55.0,100.0,0.0,0.0,4.18,2.32,19.0,0.0,0.0,0.0,0.0,0.0,0.0,,,,,,Yer-2_(M-105)
sw_ikv_103,48.0,50.0,0.0,0.0,1.5,1.5,73.0,45.16,0.0,0.0,0.52,0.41,0.0,,,,,,Ikv_103
j_8b,53.0,100.0,4.81,2.6,0.0,0.0,71.0,76.61,3.07,5.78,0.0,0.0,0.0,,,,,,J-8B
ki_43_1,48.0,100.0,10.2,6.02,0.8,0.07,0.0,,,,,,0.0,,,,,,Ki-43-I
ussr_bt_5,54.0,98.04,0.0,0.0,7.14,6.26,304.0,59.49,0.0,0.0,2.14,1.44,0.0,,,,,,BT-5
su_30sm2,51.0,63.64,6.18,3.95,0.0,0.0,1270.0,59.38,1.12,1.2,1.06,1.15,117.0,100.0,6.26,0.86,1.36,0.92,Су-30СМ2
germ_stug_III_ausf_G,51.0,100.0,0.0,0.0,1.0,1.0,223.0,10.11,0.0,0.0,6.21,2.33,0.0,,,,,,StuG_III_G
mb_157,50.0,100.0,16.38,14.1,0.0,0.0,24.0,,,,,,0.0,,,,,,M.B.157
f-5e,48.0,80.0,2.18,2.05,0.2,0.09,111.0,56.95,1.61,2.7,0.84,1.53,0.0,,,,,,F-5E
us_m4a1_76w_sherman,49.0,52.08,0.0,0.0,2.11,2.11,328.0,57.54,0.0,0.0,5.36,2.69,2.0,,,,,,M4A1_(76)_W
ussr_t_34E,49.0,73.91,0.0,0.0,2.09,4.0,50.0,100.0,0.0,0.0,6.0,3.0,0.0,,,,,,T-34E
yak-3u,54.0,29.12,1.45,1.45,0.0,0.0,94.0,76.88,3.37,4.98,0.05,0.16,0.0,,,,,,Yak-3U
germ_pzkpfw_II_ausf_H,49.0,90.79,0.22,0.61,8.82,17.83,81.0,0.0,0.0,0.0,7.4,2.58,0.0,,,,,,Pz.II_H
c_3604,50.0,100.0,2.27,2.37,4.05,4.31,32.0,0.0,0.69,0.48,3.75,2.2,0.0,,,,,,◌С-3604
germ_begleitpanzer_57,49.0,76.32,0.76,0.77,2.66,3.13,1185.0,52.12,0.26,0.19,1.39,1.06,28.0,6.25,0.0,0.0,0.94,1.0,Begleitpanzer_57
spitfire_ix_early,51.0,72.0,3.28,4.56,1.44,2.48,84.0,71.53,1.03,1.83,1.3,2.29,0.0,,,,,,Spitfire_F_Mk_IX
cn_ztz_88a,50.0,76.79,0.0,0.0,1.8,2.15,115.0,62.15,0.0,0.0,3.25,4.41,22.0,,,0.0,,1.5,ZTZ88A
it_semovente_m41m_90,53.0,84.21,0.16,0.43,2.94,3.92,56.0,38.24,0.0,0.0,4.12,2.83,0.0,,,,,,90/53_M41M
ussr_t_90m_2020,45.0,20.51,0.0,0.0,1.88,1.57,1223.0,49.91,0.0,0.0,2.06,1.75,11.0,100.0,0.0,0.0,0.09,0.09,T-90M
il_aml_90,52.0,50.0,0.0,0.0,1.0,1.74,90.0,45.33,0.0,0.0,0.84,1.09,0.0,,,,,,AML-90_(Israel)
germ_flakpanzer_I_ausf_A,48.0,100.0,0.0,0.0,4.2,10.63,8.0,,,1.0,,1.0,0.0,,,,,,Flakpanzer_I
us_m44,52.0,62.5,0.0,0.0,2.31,3.0,161.0,36.56,0.0,0.0,2.46,0.91,0.0,,,,,,M44
f_16c_block_50,49.0,33.33,1.85,1.89,0.69,0.53,673.0,51.51,0.85,0.89,0.54,0.6,62.0,0.0,6.07,1.54,0.36,0.1,F-16C
germ_pzkpfw_III_ausf_M,48.0,52.08,0.0,0.0,4.23,5.79,80.0,55.07,0.0,0.0,2.63,3.18,0.0,,,,,,Pz.III_M
f4u-4,49.0,,,0.48,,0.69,173.0,67.0,0.71,0.61,1.83,1.01,0.0,,,,,,F4U-4
f_15c_msip2,49.0,33.33,1.75,1.94,0.23,0.18,327.0,63.72,1.74,2.25,0.16,0.22,33.0,,,1.76,,0.0,F-15C_MSIP_II
firefly_mk1,49.0,100.0,1.92,1.93,5.34,4.02,8.0,,,0.0,,0.0,0.0,,,,,,Firefly_F_Mk_I
sw_t_72m1,49.0,64.45,0.0,0.0,2.07,2.88,415.0,56.02,0.0,0.0,2.45,2.18,0.0,,,,,,T-72M1
b_25j_30_vvs_ussr,48.0,100.0,0.06,0.03,3.87,3.06,11.0,50.0,0.38,0.23,0.88,0.65,0.0,,,,,,B-25J-30
cn_ptz_89,47.0,61.9,0.0,0.0,2.07,2.32,54.0,94.05,0.0,0.0,3.22,3.0,0.0,,,,,,PTZ89
uk_chieftain_mk_10,42.0,78.13,0.0,0.0,2.06,2.36,159.0,50.0,0.0,0.0,2.64,2.65,0.0,,,,,,Chieftain_Mk_10
ussr_9a35_m2,45.0,39.29,2.25,6.75,0.57,2.0,46.0,49.21,0.77,1.07,0.0,0.0,0.0,,,,,,Strela-10M2
fr_m36b2_cefeo,48.0,86.36,0.0,0.0,1.64,1.78,184.0,50.65,0.0,0.0,3.37,1.84,0.0,,,,,,M36B2
uk_a_34_comet,50.0,58.82,0.48,0.55,1.48,2.0,64.0,0.0,0.0,0.0,1.92,0.86,0.0,,,,,,Comet_I
mc-202_ec,52.0,0.0,6.43,2.14,0.0,0.0,18.0,100.0,0.0,,0.0,,0.0,,,,,,C._202EC
fr_amx_m4,49.0,68.39,0.0,0.0,2.13,2.38,687.0,56.04,0.0,0.0,2.02,1.75,14.0,,,0.0,,0.17,AMX_M4
hurricane_mk1_late_finland,47.0,28.33,1.22,1.22,0.0,0.0,0.0,,,,,,0.0,,,,,,Hurricane_Mk_I/L
jp_m47_patton_II,48.0,50.0,0.0,0.0,1.56,2.22,467.0,69.96,0.0,0.0,1.74,1.62,0.0,,,,,,M47
ussr_isu_152,50.0,77.5,0.16,0.13,3.14,4.92,14.0,,,0.0,,1.79,0.0,,,,,,ISU-152
f8f1b,46.0,70.37,1.41,1.68,0.89,1.0,557.0,81.7,0.93,0.86,2.51,2.3,0.0,,,,,,F8F-1B
p-39n,47.0,,,2.76,,0.77,31.0,50.0,0.22,0.27,0.5,1.0,0.0,,,,,,P-39N-0
germ_panzerjager_tiger_P_ferdinand,42.0,79.58,0.14,0.23,2.04,2.51,239.0,28.14,0.0,0.0,3.42,2.02,0.0,,,,,,Ferdinand
cn_m41_a3_walker_bulldog,47.0,75.76,0.0,0.0,2.75,2.42,56.0,42.11,0.0,0.0,3.53,2.09,0.0,,,,,,M41A3_(China)
ussr_is_7,50.0,100.0,0.0,0.0,11.73,14.73,125.0,75.24,0.0,0.0,6.32,5.04,0.0,,,,,,IS-7
us_xm_803,48.0,100.0,0.0,0.0,6.43,3.79,1518.0,60.14,0.0,0.0,2.22,2.01,0.0,,,,,,XM803
ussr_t_80ud,43.0,56.82,0.0,0.0,3.03,3.64,2287.0,48.69,0.0,0.0,1.82,1.51,0.0,,,,,,T-80UD
uk_vickers_mbt_mk_1,45.0,50.0,0.0,0.0,1.58,1.45,235.0,42.3,0.0,0.0,1.9,1.75,11.0,50.0,0.0,0.0,1.0,2.0,Vickers_Mk.1
fr_leclerc_s1,44.0,50.0,0.0,0.0,1.15,1.09,90.0,71.78,0.0,0.0,3.01,2.53,0.0,,,,,,Leclerc
fr_amx_13_fl_11,46.0,100.0,0.0,0.0,3.83,2.1,163.0,75.81,0.0,0.0,4.11,2.28,0.0,,,,,,AMX-13_(FL11)
typhoon_mk1b,50.0,70.83,4.58,3.04,2.62,1.71,75.0,89.66,0.81,1.67,2.24,3.28,0.0,,,,,,Typhoon_Mk_Ib
b7a2,43.0,50.0,1.24,2.47,2.42,4.84,14.0,100.0,1.43,,5.14,,0.0,,,,,,B7A2
us_m18_hellcat_kit_3rank,47.0,100.0,0.0,0.0,4.95,4.81,144.0,62.96,0.0,0.0,1.95,1.73,0.0,,,,,,Hellcat_(Hell)
bf_109t_2,46.0,100.0,3.21,3.74,2.9,3.36,12.0,50.0,1.0,2.0,1.5,3.0,0.0,,,,,,Bf_109_T-2
fr_amd_35_sa35,47.0,100.0,0.0,0.0,3.0,2.33,0.0,,,,,,0.0,,,,,,AMD.35_(SA35)
us_t1e1,44.0,100.0,0.0,0.0,2.79,2.81,228.0,58.6,0.0,0.0,2.61,1.79,0.0,,,,,,T1E1
ussr_su_152,43.0,100.0,0.0,0.0,5.14,2.4,73.0,44.44,0.0,0.0,1.0,1.65,0.0,,,,,,SU-152
us_m10,47.0,100.0,0.0,0.0,8.3,8.3,121.0,32.18,0.0,0.0,1.18,1.08,0.0,,,,,,M10_GMC
cn_is_2_1943,42.0,7.14,0.0,0.0,4.05,4.05,121.0,31.89,0.0,0.0,2.17,1.13,0.0,,,,,,IS-2_(China)
us_m6a2e1,44.0,100.0,0.0,0.0,8.79,11.0,54.0,100.0,0.0,0.0,6.0,4.63,0.0,,,,,,M6A2E1
jp_type_95_so_ki,43.0,,,,,,165.0,76.19,0.68,0.22,0.0,0.0,0.0,,,,,,So-Ki
germ_stug_III_ausf_F,44.0,100.0,0.0,0.0,8.0,4.55,54.0,45.45,0.0,0.0,3.23,5.91,0.0,,,,,,StuG_III_F
f-4e,42.0,50.0,1.75,1.9,2.25,1.21,830.0,81.27,3.35,6.4,0.83,1.59,14.0,,,1.07,,2.07,F-4E_Phantom_II
it_of_40_mtca,44.0,100.0,0.0,0.0,4.35,2.0,818.0,56.34,0.0,0.0,4.13,2.84,8.0,50.0,0.0,0.0,1.0,2.0,OF-40_(MTCA)
f-82e,43.0,77.78,1.56,1.88,1.11,0.29,168.0,65.23,0.21,0.25,0.68,0.62,0.0,,,,,,F-82E
cn_type_64,43.0,32.89,0.0,0.0,2.74,2.59,37.0,73.53,0.0,0.0,1.4,1.18,0.0,,,,,,M64
il_mim_72_chaparral,47.0,25.93,0.98,1.81,0.25,0.47,11.0,90.91,1.82,2.0,0.0,0.0,0.0,,,,,,Imp.Chaparral_(Israel)
tis_ma,41.0,98.77,0.34,0.35,6.02,6.07,25.0,83.34,0.85,0.59,11.25,6.12,58.0,100.0,0.84,0.79,5.93,7.29,TIS_MA
yak-3_france,43.0,100.0,11.02,5.56,0.0,0.0,101.0,81.76,3.0,3.9,1.17,1.48,24.0,,,,,,Yak-3
ussr_bt_7_1937,43.0,98.04,0.0,0.0,5.65,5.11,141.0,54.23,0.0,0.0,2.46,1.9,0.0,,,,,,BT-7
cn_m4a4_sherman,41.0,100.0,0.0,0.0,3.83,4.09,61.0,44.44,0.0,0.0,2.13,3.83,0.0,,,,,,M4A4_(China)
yak-38m,42.0,100.0,3.06,1.28,1.0,0.34,18.0,0.0,0.0,0.0,0.0,0.0,0.0,,,,,,Yak-38M
germ_flakpanzer_IV_Ostwind_2,43.0,7.5,0.93,0.86,0.08,0.1,287.0,19.23,0.26,0.29,0.05,0.05,5.0,,,,,,Ostwind_II
fw-190a-5_cannons,44.0,0.0,1.5,2.5,0.0,0.0,7.0,,,,,,0.0,,,,,,Fw_190_A-5
btd-1,45.0,0.0,0.0,0.0,2.0,1.05,20.0,50.0,0.0,0.0,1.0,1.62,0.0,,,,,,BTD-1
saab_j29f,42.0,50.0,6.38,12.76,0.1,0.19,15.0,50.0,0.5,1.0,1.5,3.0,0.0,,,,,,J29F
sw_bt_42,45.0,80.56,0.0,0.0,2.39,3.78,25.0,,,0.0,,2.14,0.0,,,,,,BT-42
vb_10_02,41.0,,,2.95,,0.0,17.0,,,1.0,,1.0,0.0,,,,,,VB.10-02
sw_strv_104,43.0,39.29,0.0,0.0,2.04,2.61,108.0,43.43,0.0,0.0,1.95,2.55,0.0,,,,,,Strv_104
fr_amx_elc_bis,44.0,54.0,0.0,0.0,0.82,1.1,340.0,62.4,0.0,0.0,2.17,2.4,0.0,,,,,,ELC_bis
uk_fv438_swingfire,44.0,50.0,0.0,0.0,0.5,0.55,135.0,27.0,0.0,0.0,1.17,1.21,0.0,,,,,,Swingfire
f_14a_iriaf,42.0,100.0,6.35,6.35,0.0,0.0,386.0,58.44,1.6,2.66,0.15,0.25,14.0,,,0.86,,0.0,F-14A_IRIAF
yak-30d,38.0,100.0,3.75,2.81,2.0,1.63,0.0,,,,,,0.0,,,,,,Yak-30D
pe-2-31,40.0,100.0,0.0,0.0,3.52,3.91,0.0,,,,,,0.0,,,,,,Pe-2-31
firefly_mk4_netherlands,40.0,100.0,3.0,1.93,1.0,0.94,41.0,100.0,0.52,0.52,2.98,2.98,0.0,,,,,,◘Firefly_F.Mk.IV
nf_5a_netherlands,40.0,66.67,9.0,13.5,0.3,0.5,174.0,88.85,2.77,3.06,0.54,0.59,0.0,,,,,,◘NF-5A
t2,40.0,75.0,6.8,6.8,0.3,0.3,140.0,69.78,2.17,3.02,0.34,0.47,0.0,,,,,,T-2
it_leopard_2a7_hungary,38.0,61.76,0.0,0.0,4.26,5.52,61.0,98.15,0.0,0.0,7.96,6.53,0.0,,,,,,Leopard_2A7HU
mig-15,40.0,75.0,4.0,5.3,0.3,0.3,57.0,42.86,1.34,2.19,1.45,2.69,0.0,,,,,,MiG-15bis
uk_shir_2,41.0,69.44,0.0,0.0,5.03,4.98,261.0,58.39,0.0,0.0,5.43,3.39,0.0,,,,,,FV4030/3
germ_flakpanzer_IV_Wirbelwind,42.0,78.57,3.5,3.0,0.79,1.0,317.0,44.29,2.15,1.52,0.24,0.15,0.0,,,,,,Wirbelwind
su_22m4,44.0,50.0,0.36,0.36,1.65,2.0,0.0,,,,,,0.0,,,,,,◊Su-22M4
us_m5a1_stuart,40.0,50.0,0.0,0.0,1.5,3.0,188.0,42.9,0.0,0.0,3.3,1.82,0.0,,,,,,M5A1
ussr_object_120,42.0,50.0,0.0,0.0,1.11,1.13,25.0,50.0,0.0,0.0,3.4,4.47,0.0,,,,,,Object_120
us_m60a1,38.0,13.33,0.0,0.0,1.0,0.81,565.0,50.39,0.0,0.0,1.7,1.39,0.0,,,,,,M60A1_(AOS)
germ_m109g,42.0,0.0,0.0,0.0,0.7,0.64,171.0,26.4,0.0,0.0,0.63,0.74,0.0,,,,,,M109G
f-86f-25,39.0,,,0.73,,0.5,27.0,0.0,1.5,1.33,1.67,1.44,0.0,,,,,,F-86F-25
uk_matilda_hedgehog,36.0,66.67,0.3,0.5,4.7,7.0,0.0,,,,,,0.0,,,,,,Matilda_Hedgehog
he_115a_2_sweden,38.0,100.0,1.0,1.0,8.03,9.13,0.0,,,,,,0.0,,,,,,T_2
it_as_42_47,41.0,62.5,0.0,0.0,2.75,2.78,23.0,,,0.0,,2.0,0.0,,,,,,AS_42/47
ussr_t_35,41.0,100.0,0.0,0.0,7.63,4.12,0.0,,,,,,0.0,,,,,,T-35
ju-87d-3_italy,42.0,66.67,0.3,0.3,2.0,2.0,0.0,,,,,,0.0,,,,,,Ju_87_D-3
yak-9m,37.0,100.0,11.82,11.03,0.24,0.28,25.0,100.0,9.0,,3.0,,0.0,,,,,,Golovachev's_Yak-9M
cn_object_211,39.0,50.0,0.0,0.0,2.0,2.0,54.0,50.0,0.0,0.0,1.0,0.79,0.0,,,,,,Object_211
jp_type_99,39.0,33.33,0.04,0.04,1.0,1.38,348.0,57.39,0.1,0.14,1.1,0.9,0.0,,,,,,Type_99
la-7b-20,43.0,77.27,2.68,3.37,2.54,0.73,84.0,36.26,1.19,1.06,0.28,0.23,0.0,,,,,,La-7B-20
germ_raketenjagdpanzer_2_hot,39.0,50.0,0.0,0.0,1.5,1.0,91.0,36.0,0.0,0.0,0.74,0.83,0.0,,,,,,RakJPz_2_(HOT)
f_16c_block_52_aesa,40.0,37.5,1.23,1.37,0.13,0.08,383.0,51.0,0.94,1.04,1.19,1.36,11.0,,,0.0,,0.0,F-16CM_PoBIT
ussr_t_64_b_1984,38.0,0.0,0.0,0.0,2.16,1.88,751.0,38.63,0.0,0.0,1.62,1.44,0.0,,,,,,T-64B
jp_st_b1,39.0,100.0,0.0,0.0,1.38,1.12,377.0,62.49,0.0,0.0,2.53,1.75,0.0,,,,,,STB-2
p-63a-10_ussr,39.0,100.0,1.19,0.97,3.9,3.39,42.0,96.83,0.1,0.08,3.86,3.52,17.0,,,,,,P-63A-10
spitfire_mk9c_4cannons,36.0,100.0,4.0,4.0,0.0,0.0,9.0,,,0.89,,1.0,26.0,50.0,0.5,0.3,1.0,1.0,Spitfire_F_Mk_IXc
spitfire_ix_plagis,36.0,100.0,3.5,3.5,0.0,0.0,1.0,100.0,2.0,,0.0,,0.0,,,,,,Plagis'_Spitfire_LF_Mk_IXc
mb_326k,38.0,66.67,4.3,4.14,1.7,2.71,103.0,66.67,1.33,1.53,3.87,1.98,0.0,,,,,,MB-326K
spitfire_ix,36.0,100.0,3.5,3.5,0.0,0.0,37.0,100.0,3.0,,3.0,,0.0,,,,,,Spitfire_LF_Mk_IX
a6m5otsu,36.0,0.0,7.44,3.72,0.67,0.33,104.0,67.02,1.05,1.37,1.04,1.5,0.0,,,,,,A6M5_otsu
firefly_mk5,38.0,100.0,1.24,1.24,9.71,9.71,11.0,100.0,0.0,0.0,1.0,1.0,0.0,,,,,,Firefly_FR_Mk_V
thunderbolt_mk1,38.0,100.0,1.44,1.44,3.52,3.52,44.0,100.0,0.0,0.0,2.0,1.92,0.0,,,,,,Thunderbolt_Mk.1
germ_leopard_2a4,37.0,100.0,0.0,0.0,3.52,3.52,1200.0,50.32,0.0,0.0,1.54,1.35,36.0,35.71,0.0,0.0,1.29,1.92,Leopard_2A4
yak_130_early,39.0,66.67,3.45,2.37,16.81,10.08,879.0,55.12,0.1,0.09,2.29,2.3,13.0,,,0.0,,0.15,Як-130
us_t14,37.0,13.64,0.0,0.0,3.18,4.09,398.0,60.72,0.0,0.0,7.0,4.45,0.0,,,,,,T14
he_112b_0,39.0,100.0,2.38,1.33,0.0,0.0,9.0,,,,,,0.0,,,,,,He_112_B-0
yak-4,36.0,100.0,0.73,0.73,5.98,5.98,0.0,,,,,,0.0,,,,,,Yak-4
us_lvt_a_1,32.0,100.0,0.0,0.0,6.58,10.09,26.0,,,0.0,,1.65,0.0,,,,,,LVT(A)(1)
il_merkava_mk_2b_early,40.0,0.0,0.0,0.0,2.91,1.95,69.0,79.17,0.0,0.0,4.52,4.09,0.0,,,,,,Merkava_Mk.2B
ussr_t_34_1941_cast_turret,39.0,100.0,0.0,0.0,2.44,4.0,23.0,100.0,0.0,0.0,1.0,1.0,0.0,,,,,,T-34_(1st_Gv.T.Br.)
mig_23ml,35.0,50.0,3.0,1.81,0.0,0.0,593.0,56.73,1.65,1.75,0.12,0.14,34.0,,,1.22,,0.0,MiG-23ML
us_m103,36.0,50.0,0.0,0.0,0.89,1.78,198.0,29.46,0.0,0.0,2.28,1.65,0.0,,,,,,M103
mig-21_smt,38.0,80.0,1.4,1.1,0.0,0.0,136.0,55.45,2.3,2.42,0.15,0.15,0.0,,,,,,MiG-21SMT
tu-2_postwar_late,38.0,57.14,0.0,0.0,0.0,0.0,63.0,100.0,0.0,0.0,6.29,2.16,7.0,,,,,,Tu-2S-59
germ_flakpanzer_IV_Kugelblitz,38.0,0.0,0.08,0.08,0.0,0.0,321.0,42.41,0.96,0.86,0.5,0.47,0.0,,,,,,Kugelblitz
morko_morane,37.0,100.0,12.5,12.5,0.0,0.0,49.0,39.29,0.7,1.21,0.39,0.79,0.0,,,,,,Mörkö-Morane
il_tiran_6,34.0,50.0,0.0,0.0,1.5,3.0,41.0,100.0,0.0,0.0,2.0,0.81,0.0,,,,,,Tiran_6
uk_centurion_mk_10,35.0,50.0,0.0,0.0,1.79,1.61,113.0,35.75,0.0,0.0,2.64,2.38,15.0,100.0,0.0,0.0,4.0,2.09,Centurion_Mk_10
ussr_2s3m,34.0,100.0,0.0,0.0,4.67,3.77,119.0,32.67,0.0,0.0,0.73,0.44,0.0,,,,,,2S3M
su_17m4,37.0,40.48,0.83,1.38,0.93,1.54,0.0,,,,,,34.0,100.0,1.0,1.0,1.0,1.28,Su-17M4
fr_arl_44,36.0,100.0,0.0,0.0,2.0,1.43,226.0,50.55,0.0,0.0,2.41,1.84,0.0,,,,,,ARL-44
p-51d-20_china,36.0,100.0,1.77,1.37,0.23,0.39,73.0,100.0,0.0,0.0,1.9,0.81,0.0,,,,,,P-51D-20_(China)
pe-3,35.0,100.0,0.79,0.79,6.38,6.38,0.0,,,,,,0.0,,,,,,Pe-3
sw_strv_m39,34.0,100.0,0.0,0.0,6.17,6.17,0.0,,,,,,0.0,,,,,,Strv_m/39
re_2001_cb,41.0,42.38,2.2,2.27,0.0,0.0,15.0,100.0,0.0,0.0,1.0,1.0,0.0,,,,,,Re.2001_CB
cn_t_80ud_478be,35.0,97.06,0.0,0.0,2.76,2.88,100.0,51.59,0.0,0.0,1.7,1.65,0.0,,,,,,T-80UD/BE
p-63c-5_france,35.0,83.98,0.39,1.8,1.37,0.8,104.0,79.02,0.57,0.71,2.25,2.19,0.0,,,,,,P-63C-5
germ_kv_2_754r,37.0,58.33,0.58,0.38,3.42,2.88,32.0,,,0.0,,1.0,0.0,,,,,,KW_II_754_(r)
b7a2_homare_23,38.0,100.0,0.43,0.32,3.43,2.76,112.0,90.48,0.9,0.99,1.82,2.01,0.0,,,,,,B7A2_(Homare_23)
cn_ztz_96,35.0,50.0,0.0,0.0,2.0,1.07,328.0,61.98,0.0,0.0,3.34,3.18,0.0,,,,,,ZTZ96
sw_t_54_1951,32.0,88.89,0.01,0.02,1.14,1.45,88.0,48.25,0.0,0.0,1.64,1.83,0.0,,,,,,T-54
ussr_btr_82at,31.0,50.0,0.0,0.0,0.8,1.0,528.0,46.77,0.0,0.0,1.5,1.31,0.0,,,,,,БТР-82АТ
b-29,34.0,79.71,0.07,0.11,4.98,5.46,0.0,,,,,,0.0,,,,,,B-29A-BN
it_semovente_m43_105_leoncello,33.0,100.0,0.0,0.0,3.88,3.88,0.0,,,,,,0.0,,,,,,"M43_""G.C.Leoncello"""
cn_m10,32.0,100.0,0.0,0.0,4.31,2.63,59.0,100.0,0.0,0.0,3.0,1.34,0.0,,,,,,M10_GMC_(China)
it_c1_ariete_certezza,36.0,50.0,0.0,0.0,2.25,2.13,572.0,57.04,0.0,0.0,2.39,1.66,0.0,,,,,,Ariete_Сertezza
typhoon_mk1b_late,35.0,0.0,4.56,3.95,0.63,0.33,178.0,49.36,1.21,1.78,1.99,2.92,11.0,,,0.82,,1.0,Typhoon_Mk_Ib/L
il_machbet,34.0,0.0,1.91,1.69,0.0,0.0,79.0,26.19,0.47,0.63,0.0,0.0,0.0,,,,,,Machbet
uk_concept3_ngac,34.0,100.0,0.0,0.0,4.5,4.31,248.0,44.58,0.0,0.0,2.25,1.25,0.0,,,,,,Concept_3
su_30sm,32.0,42.86,2.43,2.09,0.0,0.0,290.0,65.31,1.45,1.97,1.05,1.45,26.0,,,1.0,,0.0,Су-30СМ
germ_thyssen_henschel_tam,32.0,50.0,0.0,0.0,1.0,1.73,927.0,41.9,0.0,0.0,1.03,0.86,47.0,97.53,0.0,0.0,1.37,1.03,TAM
ussr_t_90a,36.0,,,0.0,,0.92,845.0,45.7,0.0,0.0,1.5,1.27,11.0,100.0,0.0,0.0,1.0,0.09,Т-90А
cn_pt_76,33.0,,,0.0,,0.68,0.0,,,,,,0.0,,,,,,PT-76_(China)
us_m60a2,33.0,50.0,0.0,0.0,1.0,1.04,53.0,82.54,0.0,0.0,1.27,1.58,0.0,,,,,,M60A2
f6f-3,33.0,100.0,0.82,0.87,6.77,6.2,147.0,58.78,0.31,0.29,1.67,1.76,0.0,,,,,,F6F-5
f4u-1d,32.0,100.0,1.59,1.52,4.91,4.56,46.0,3.13,0.97,0.5,1.94,1.2,0.0,,,,,,F4U-1D
bf_110g_4_hungary,34.0,79.55,0.8,0.7,3.86,3.68,75.0,58.33,0.33,0.69,1.28,2.43,0.0,,,,,,◐Bf_110_G-4
jp_type_97_chi_ha_12cm,34.0,100.0,0.0,,11.55,,13.0,100.0,0.0,0.0,3.0,3.0,0.0,,,,,,Chi-Ha_Short_Gun
fr_crotale_ng,32.0,14.71,1.85,3.0,0.85,1.0,15.0,,,,,,0.0,,,,,,ItO_90M
f7f1,34.0,100.0,1.0,0.89,3.0,2.3,34.0,0.0,0.0,0.0,3.0,3.0,0.0,,,,,,F7F-1
lagg-3-35,32.0,100.0,4.45,4.25,1.19,1.05,0.0,,,,,,0.0,,,,,,LaGG-3-35
germ_leopard_a1a1_120,30.0,83.33,0.0,0.0,2.1,2.43,284.0,44.3,0.0,0.0,4.73,1.96,26.0,,,0.0,,1.0,Leopard_A1A1_(L/44)
ta-152c,34.0,50.0,1.57,2.39,0.0,0.0,42.0,62.5,0.92,1.79,0.63,1.0,0.0,,,,,,Ta_152_C-3
sw_strv_m31,34.0,100.0,0.0,0.0,4.06,3.84,0.0,,,,,,0.0,,,,,,Strv_m/31
fw-190a-5,35.0,46.38,1.31,1.89,0.0,0.0,4.0,,,,,,0.0,,,,,,Fw_190_A-5/U12
it_p_26_40,33.0,100.0,0.0,0.0,2.59,2.41,35.0,100.0,0.0,0.0,9.0,4.65,0.0,,,,,,"P40_""G.C._Leoncello"""
f-84g_thailand,33.0,,,0.32,,0.42,6.0,50.0,0.5,1.0,0.58,1.17,0.0,,,,,,F-84G-21-RE
ussr_bmp_2,31.0,100.0,0.0,0.0,0.0,0.0,618.0,41.75,0.0,0.0,1.58,1.12,0.0,,,,,,BMP-2
fr_leclerc_s2,32.0,0.0,0.0,0.0,1.0,0.46,133.0,48.72,0.0,0.0,3.58,3.4,0.0,,,,,,Leclerc_S2
f-5e_switzerland,35.0,50.0,2.35,1.79,1.0,0.79,36.0,0.0,1.0,2.43,2.0,0.61,0.0,,,,,,◌F-5E
p-47d_22_re_france,33.0,100.0,1.48,1.0,9.81,6.85,43.0,75.0,0.09,0.08,0.41,0.58,0.0,,,,,,P-47D-22-RE
su_25t,34.0,60.0,0.77,1.0,3.02,2.57,147.0,90.43,0.34,0.29,5.56,4.3,14.0,,,1.0,,0.0,Su-25T
jp_type_16,30.0,50.0,0.0,0.0,1.5,1.5,64.0,65.13,0.0,0.0,2.48,1.66,0.0,,,,,,Type_16
sw_leopard_2a6nl,32.0,50.0,0.0,0.0,1.72,3.44,126.0,35.0,0.0,0.0,3.38,2.41,0.0,,,,,,Leopard_2A6
uk_centurion_mk_1,35.0,100.0,0.0,0.0,4.0,4.0,324.0,58.73,0.0,0.0,3.1,2.95,0.0,,,,,,Centurion_Mk_1
do_335a_0,32.0,100.0,8.88,3.9,0.0,0.0,12.0,100.0,1.0,0.86,4.2,3.55,0.0,,,,,,Do_335_A-0
bf2c_1,32.0,0.0,1.35,1.31,1.0,0.54,27.0,,,0.0,,0.0,0.0,,,,,,BF2C-1
sw_ikv_72,31.0,85.71,0.0,0.0,1.43,1.71,0.0,,,,,,0.0,,,,,,Ikv_72
us_halftrack_m13,35.0,73.68,0.53,1.67,0.16,0.67,1.0,,,,,,0.0,,,,,,M13_MGMC
sw_l_62_anti_II,29.0,35.71,0.64,0.64,2.54,3.07,112.0,0.0,0.0,0.0,3.03,1.54,0.0,,,,,,L-62_ANTI_II
sw_a_34_comet,32.0,,,,,,59.0,0.0,0.0,0.0,0.56,0.79,0.0,,,,,,Comet_I
pe-3_early,31.0,100.0,1.14,1.06,3.29,3.41,0.0,,,,,,0.0,,,,,,Pe-3_(e)
p-63c-5_ussr,31.0,100.0,0.86,0.86,3.03,3.03,28.0,50.0,1.0,0.63,1.25,1.24,0.0,,,,,,P-63C-5
ussr_m4a2_76w_sherman,30.0,100.0,0.0,0.0,3.33,5.53,137.0,54.52,0.0,0.0,4.33,4.8,0.0,,,,,,M4A2
su-8,30.0,100.0,0.52,0.52,2.62,2.62,29.0,66.67,0.7,0.04,3.85,1.74,0.0,,,,,,Su-8
uk_sherman_II,31.0,100.0,0.0,0.0,3.9,4.65,15.0,,,0.0,,1.67,0.0,,,,,,Sherman_II
p-51k,30.0,81.25,2.81,2.02,1.06,0.71,22.0,100.0,1.0,,0.8,,0.0,,,,,,P-51K_(China)
p-47d_30_china,30.0,81.25,2.19,2.05,0.0,0.0,7.0,,,,,,0.0,,,,,,P-47D-30_(China)
bf-109g-6,29.0,0.0,2.75,2.0,0.25,0.14,57.0,100.0,7.48,3.13,1.19,0.25,0.0,,,,,,Bf_109_G-6
p-63a-10,31.0,0.0,1.0,1.0,0.09,0.21,166.0,60.81,0.06,0.08,0.56,0.63,0.0,,,,,,P-63A-10
ussr_pt_76b,30.0,,,0.0,,1.35,466.0,41.78,0.0,0.0,1.55,0.78,0.0,,,,,,PT-76B
mig_23m,31.0,12.5,0.88,1.76,0.0,0.0,48.0,87.88,0.97,1.41,0.0,0.0,0.0,,,,,,MiG-23M
do_217e_4,31.0,,,0.0,,4.0,0.0,,,,,,0.0,,,,,,Do_217_E-4
il_amx_13_75,31.0,50.0,0.0,0.0,0.0,0.54,98.0,50.0,0.0,0.0,3.5,0.89,6.0,,,,,,AMX-13_(Israel)
pe-2-205,32.0,89.29,0.11,0.21,3.75,4.29,0.0,,,,,,0.0,,,,,,Pe-2-205
cn_cm_34,30.0,100.0,0.0,0.0,3.0,1.5,194.0,57.04,0.0,0.0,2.12,1.79,4.0,,,0.0,,1.0,CM34
uk_a_13_mk2,32.0,100.0,0.0,0.0,3.82,4.29,17.0,100.0,0.0,0.0,4.0,2.67,0.0,,,,,,A13_Mk_II
ussr_pantsyr_sm_sv,29.0,100.0,1.45,1.59,0.0,0.0,708.0,51.45,1.66,1.54,0.26,0.24,13.0,,,,,,Панцирь_СМ-СВ
us_m3_stuart,32.0,,,0.0,,3.5,69.0,,,0.0,,1.38,0.0,,,,,,M3_Stuart
p-51d-20-na_iaf,29.0,,,0.84,,0.56,9.0,,,0.11,,2.22,0.0,,,,,,P-51D-20-NA_(Israel)
jf_17,32.0,,,2.44,,1.0,74.0,50.0,1.48,2.45,0.33,0.53,0.0,,,,,,JF-17
bv-155b-1,29.0,100.0,1.0,1.0,0.0,0.0,16.0,,,2.0,,1.0,0.0,,,,,,BV_155_B-1
il_magach_6b_gal_batash,28.0,0.0,0.0,0.0,2.0,1.14,37.0,,,0.0,,2.75,0.0,,,,,,Gal_Batash
su_25,30.0,42.5,0.58,0.88,1.65,2.96,374.0,54.07,0.68,0.62,1.68,1.51,7.0,,,,,,Su-25
sw_pvkv_iv,29.0,,,0.0,,2.57,41.0,,,0.0,,0.34,0.0,,,,,,Pvkv_IV
spitfire_mk5b_notrop,29.0,100.0,2.47,3.58,0.74,1.0,0.0,,,,,,0.0,,,,,,Spitfire_Mk_Vb
d_521,29.0,100.0,2.34,2.34,0.0,0.0,0.0,,,,,,0.0,,,,,,D.521
p-39n_su,31.0,100.0,5.0,2.67,1.0,0.0,26.0,,,1.59,,1.0,0.0,,,,,,Pokryshkin's_P-39N-0
us_m4a3e2_sherman_jumbo,29.0,94.87,0.05,0.08,2.74,2.85,368.0,56.04,0.0,0.0,3.51,1.95,0.0,,,,,,M4A3E2
ussr_object_268,31.0,0.0,0.0,0.0,3.0,3.04,125.0,29.54,0.0,0.0,4.21,2.33,0.0,,,,,,Object_268
d_520,29.0,100.0,2.4,1.78,0.0,0.0,0.0,,,,,,0.0,,,,,,D.520
germ_flakpz_I_Gepard,26.0,50.0,0.5,1.0,0.84,1.69,1327.0,37.01,0.3,0.23,1.19,0.88,0.0,,,,,,Gepard
mig_23mld,30.0,50.0,0.79,1.57,0.0,0.0,375.0,74.93,3.41,9.12,0.01,0.01,72.0,,,1.89,,0.0,MiG-23MLD
spitfire_mk5b,29.0,100.0,2.58,5.8,0.16,0.6,0.0,,,,,,0.0,,,,,,Spitfire_Mk_Vb/trop
sw_pvkv_m43_1946,29.0,,,0.0,,1.38,0.0,,,,,,0.0,,,,,,Pvkv_m/43_(1946)
sw_t_55m,31.0,6.52,0.0,0.0,1.87,1.87,98.0,53.51,0.0,0.0,1.78,2.17,0.0,,,,,,T-55M
it_stug_III_ausf_G,28.0,100.0,0.0,0.0,1.54,1.54,65.0,54.17,0.0,0.0,1.52,2.29,0.0,,,,,,StuG_III_G
f9f-8,27.0,,,0.93,,0.0,236.0,57.08,0.64,0.66,0.49,0.49,0.0,,,,,,F9F-8
germ_pzkpfw_III_ausf_N,24.0,96.97,0.0,0.0,9.3,4.85,128.0,41.72,0.0,0.0,5.34,4.39,0.0,,,,,,Pz.III_N
ki_61_1a_hei,26.0,,,3.0,,0.0,24.0,85.71,1.0,2.0,0.86,1.0,0.0,,,,,,Ki-61-I_hei
ki_61_1a_otsu,27.0,57.69,1.27,1.42,0.73,0.54,49.0,66.67,0.3,0.5,1.0,1.5,0.0,,,,,,Ki-61-I_otsu
p-63a-5_ussr,27.0,,,1.0,,0.35,203.0,63.16,1.23,1.11,3.07,2.71,0.0,,,,,,P-63A-5
i-16_type27,29.0,100.0,3.73,1.95,0.0,0.0,10.0,100.0,2.0,,6.0,,0.0,,,,,,I-16_type_27
ussr_2s38,26.0,50.0,0.0,0.0,0.0,0.0,1112.0,46.58,0.13,0.1,1.24,0.91,0.0,,,,,,2S38
f-86f-2,28.0,,,1.44,,0.0,77.0,100.0,3.0,5.65,0.56,1.1,0.0,,,,,,F-86F-2
f_16a_block_15_adf,26.0,,,0.83,,0.0,69.0,50.0,1.8,1.58,0.0,0.0,57.0,0.0,6.56,1.73,0.0,0.0,F-16A_ADF
f-89d,27.0,,,,,,187.0,70.23,3.18,7.94,0.05,0.15,0.0,,,,,,F-89D
su-2_m82,26.0,100.0,1.29,1.15,7.43,7.3,0.0,,,,,,0.0,,,,,,Su-2_(M-82)
hurricanemkii,26.0,100.0,3.91,4.05,1.68,1.55,20.0,,,0.0,,0.0,0.0,,,,,,Hurricane_Mk_IIB/Trop
ussr_kv_2_1940,27.0,100.0,1.0,0.83,4.11,3.11,30.0,50.0,0.0,0.0,0.73,1.46,0.0,,,,,,KV-2_(1940)
us_lav_ad,29.0,50.0,1.83,3.67,0.5,1.0,731.0,49.26,0.39,0.32,0.53,0.43,0.0,,,,,,LAV-AD
sb_2m_105,26.0,97.22,0.0,0.0,2.78,2.64,0.0,,,,,,0.0,,,,,,SB_2M-105
ussr_zis_43,26.0,100.0,1.0,1.0,1.23,1.23,3.0,0.0,0.0,0.0,1.0,1.0,0.0,,,,,,ZiS-43
itp_m1,27.0,100.0,2.56,1.96,3.78,2.13,49.0,68.12,0.78,0.78,1.02,1.02,0.0,,,,,,ITP_(M-1)
ussr_kv_2_1939,26.0,,,,,,96.0,33.33,0.0,0.0,1.64,1.18,0.0,,,,,,KV-2_(1939)
av_8a,24.0,50.0,2.75,5.5,2.56,5.13,147.0,39.61,0.89,1.03,0.55,0.66,0.0,,,,,,AV-8A
p-400,26.0,100.0,3.0,2.5,0.0,0.0,93.0,0.0,1.33,0.78,2.0,0.73,0.0,,,,,,P-400
ussr_btr_zd,26.0,0.0,2.0,2.0,1.0,1.0,262.0,57.35,0.65,0.49,1.36,0.98,0.0,,,,,,BTR-ZD
spitfire_mk5b_italy,28.0,0.0,4.25,4.25,0.0,0.0,63.0,83.89,1.84,2.14,0.26,1.14,9.0,,,,,,Spitfire_Mk_Vb/trop
f-4c,27.0,100.0,4.88,2.91,1.0,0.55,58.0,84.41,1.4,1.24,2.24,1.5,0.0,,,,,,F-4C_Phantom_II
germ_thyssen_henschel_tam_2c,30.0,100.0,0.0,0.0,2.18,0.63,330.0,46.28,0.0,0.0,1.86,1.49,6.0,0.0,0.0,0.0,0.0,0.0,TAM_2C
bf-110g-2,27.0,,,0.0,,1.19,24.0,100.0,1.0,0.48,2.0,1.48,0.0,,,,,,Bf_110_G-2
me-410a-1_u2,27.0,,,0.15,,0.0,4.0,,,0.0,,0.0,0.0,,,,,,Me_410_A-1/U2
beaufighter_mk6c,26.0,100.0,1.18,2.0,3.0,3.0,20.0,,,0.0,,1.0,0.0,,,,,,Beaufighter_Mk_VIc
cn_ztz_99_w,27.0,100.0,0.0,0.0,3.59,2.98,134.0,40.74,0.0,0.0,1.41,1.3,0.0,,,,,,ZTZ99-III
uk_a_13_mk1,24.0,100.0,0.0,0.0,6.8,8.0,0.0,,,,,,0.0,,,,,,A13_Mk_I
cn_wz_1001,28.0,,,0.0,,1.9,137.0,66.94,0.0,0.0,3.93,2.45,0.0,,,,,,WZ1001(E)_LCT
sw_strv121b_christian2,24.0,50.0,0.0,0.0,1.79,1.92,807.0,56.83,0.0,0.0,2.71,2.16,0.0,,,,,,Christian_II
f-86k_late_italy,26.0,50.0,1.5,1.22,0.5,0.22,10.0,50.0,1.0,0.5,0.5,0.25,0.0,,,,,,F-86K
uk_challenger_1_mk_3_gulf,24.0,50.0,0.0,0.0,2.0,1.78,567.0,49.52,0.0,0.0,2.65,2.06,0.0,,,,,,Challenger_DS
it_kf_41,24.0,21.43,0.0,0.53,1.64,1.27,49.0,66.67,0.0,0.0,0.7,0.7,0.0,,,,,,KF41
germ_pzsfl_IVa_dickermax,25.0,,,,,,16.0,,,0.0,,4.25,0.0,,,,,,Dicker_Max
sw_pt_76b,28.0,50.0,0.0,0.0,1.0,1.59,143.0,29.89,0.0,0.0,0.52,0.42,0.0,,,,,,PT-76
us_adats_bradley,26.0,16.67,0.17,0.33,0.0,0.0,538.0,48.26,0.84,0.65,0.22,0.18,0.0,,,,,,ADATS
f3d_1,29.0,7.5,0.08,0.11,0.2,0.2,87.0,100.0,0.0,0.35,2.0,1.73,14.0,,,0.0,,1.0,F3D-1
bf-109g-2_hungary,24.0,100.0,8.0,6.38,0.0,0.0,40.0,81.67,0.95,1.3,0.32,0.43,5.0,,,0.0,,0.0,◐Bf_109_G-2
us_m26_t99,24.0,75.0,0.25,0.7,6.29,4.5,134.0,74.51,0.0,0.0,3.89,3.76,0.0,,,,,,M26_T99
ussr_t_90m_arena_m,20.0,100.0,0.0,0.0,2.55,3.0,913.0,52.44,0.0,0.0,1.95,1.66,0.0,,,,,,Т-90М_(Арена-М)
cn_ztz_96a,27.0,79.41,0.0,0.0,2.24,3.06,162.0,48.06,0.0,0.0,1.56,1.57,0.0,,,,,,ZTZ96A
su-2_tss1,24.0,,,0.08,,2.25,0.0,,,,,,0.0,,,,,,Su-2_TSS-1
it_oto_r3_t20_fa,26.0,30.77,1.0,1.0,0.69,0.78,193.0,38.61,0.13,0.09,0.56,0.22,0.0,,,,,,R3_T20_FA-HS
fokker_d23,24.0,100.0,2.33,2.67,0.0,0.0,0.0,,,,,,0.0,,,,,,◗Fokker_D.XXIII
germ_mkpz_m48a2ga2,22.0,92.31,0.0,0.0,1.16,1.35,315.0,38.72,0.0,0.0,1.8,1.68,13.0,,,0.0,,1.0,M48A2_G_A2
p-47d-28,23.0,,,1.18,,2.11,116.0,47.2,1.59,2.53,0.58,0.96,0.0,,,,,,P-47D-28
us_m42_duster,24.0,100.0,0.0,0.0,0.0,0.0,258.0,54.54,0.5,0.49,1.18,1.12,0.0,,,,,,M42
sw_strv_101,23.0,100.0,0.0,0.0,1.14,1.0,315.0,51.2,0.0,0.0,1.47,1.0,0.0,,,,,,Strv_101
il_m_51_w,25.0,100.0,0.0,0.0,1.6,1.6,82.0,30.13,0.0,0.0,1.2,1.15,0.0,,,,,,M-51_(W)
jp_type_16_mod,22.0,50.0,0.0,0.0,0.5,0.41,697.0,63.92,0.0,0.0,2.35,1.78,0.0,,,,,,Type_16_(FPS)
sw_strv_81,24.0,100.0,0.0,0.0,0.0,0.0,184.0,48.85,0.0,0.0,1.1,0.94,0.0,,,,,,Strv_81
rafale_c_f3,32.0,100.0,9.0,9.0,0.8,0.8,260.0,66.96,3.15,2.0,0.26,0.2,15.0,,,3.0,,0.0,Rafale_C_F3
it_pzkpfw_VI_ausf_e_tiger,23.0,100.0,0.0,0.0,9.17,9.17,311.0,65.25,0.0,0.0,4.2,3.54,4.0,100.0,0.0,0.0,5.0,5.0,Tigris
cn_m8_scott,21.0,100.0,0.04,0.25,3.39,5.88,11.0,,,0.0,,0.0,0.0,,,,,,M8_HMC_(China)
la-15,24.0,50.0,3.0,3.0,1.0,1.0,12.0,,,1.0,,0.0,0.0,,,,,,La-15
alpha_jet_a_thailand,24.0,50.0,1.0,1.0,2.5,2.5,122.0,78.5,0.41,0.32,2.92,2.87,24.0,,,1.0,,2.0,Alpha_Jet_A
fiat_g91_y,24.0,100.0,8.0,2.7,0.0,0.0,17.0,100.0,3.59,,0.75,,0.0,,,,,,G.91_Y
spitfire_mk14c,25.0,,,4.85,,0.0,27.0,100.0,2.0,2.0,0.0,0.0,0.0,,,,,,Spitfire_F_Mk_XIVc
uk_churchill_na75,26.0,100.0,0.0,0.0,1.95,4.0,0.0,,,,,,0.0,,,,,,Churchill_NA75
fiat_g91_ys,24.0,100.0,4.0,1.3,0.0,0.0,61.0,88.75,0.42,0.48,2.35,2.23,0.0,,,,,,G.91_YS
ussr_bmp_3,25.0,100.0,0.0,0.0,2.69,2.09,1291.0,44.86,0.0,0.0,1.06,0.97,0.0,,,,,,BMP-3
germ_m55,24.0,78.57,0.0,0.0,1.0,1.16,116.0,0.0,0.0,0.0,5.79,1.38,0.0,,,,,,◄M55
ussr_isu_122s,23.0,,,0.0,,1.61,18.0,0.0,0.0,0.0,1.0,0.67,0.0,,,,,,ISU-122S
a_5c,23.0,53.57,0.54,1.0,0.0,0.0,126.0,46.11,0.69,0.69,1.05,1.26,0.0,,,,,,A-5C
us_t25,21.0,100.0,0.0,0.0,6.86,3.43,108.0,,,0.0,,3.33,12.0,,,,,,T25
fr_panhard_ebr_1963,26.0,50.0,0.0,0.0,1.0,1.0,142.0,50.75,0.0,0.0,2.45,1.94,0.0,,,,,,E.B.R._(1963)
sw_lago_1,25.0,,,0.0,,1.0,21.0,50.0,0.0,0.0,1.5,1.76,0.0,,,,,,Lago_I
cn_type_97_chi_ha,17.0,100.0,0.18,0.18,6.1,7.9,0.0,,,,,,0.0,,,,,,Chi-Ha_(China)
uk_crusader_mk_3,22.0,,,,,,77.0,56.14,0.0,0.0,3.14,2.01,0.0,,,,,,Crusader_III
uk_valentine_mk_11,22.0,,,,,,79.0,59.85,0.0,0.0,2.81,2.72,0.0,,,,,,Valentine_XI
sw_strv_103c,24.0,100.0,0.0,,3.0,,33.0,20.0,0.0,0.0,0.93,1.0,0.0,,,,,,Strv_103С
ussr_object_279,25.0,100.0,0.0,0.0,6.5,6.64,69.0,64.29,0.0,0.0,3.75,3.27,11.0,,,0.0,,1.0,Object_279
a_6e_tram,24.0,,,3.0,,0.33,146.0,48.8,0.15,0.21,1.84,3.02,51.0,11.76,0.24,0.09,0.88,0.32,A-6E_TRAM
sb2u-3,24.0,50.0,1.0,2.0,1.0,2.0,0.0,,,,,,0.0,,,,,,SB2U-3
il_2_1942_luftwaffe,23.0,100.0,1.0,1.0,1.74,1.85,0.0,,,,,,0.0,,,,,,IL-2_(1942)
us_xm_975_roland,24.0,100.0,3.0,3.0,1.56,1.5,21.0,,,0.0,,0.0,0.0,,,,,,XM975
a_10a_early,22.0,,,2.0,,1.0,366.0,54.01,0.59,0.77,3.81,4.89,51.0,0.0,1.5,0.29,11.25,2.34,A-10A
cn_t_26_1940,22.0,,,0.0,,2.0,6.0,,,0.0,,0.0,0.0,,,,,,T-26_(China)
ussr_su_100_1945,22.0,100.0,0.0,0.0,1.41,1.41,85.0,13.49,0.0,0.0,1.92,1.75,0.0,,,,,,SU-100
jh_7,24.0,,,1.0,,0.0,0.0,,,,,,0.0,,,,,,JH-7
boomerang_mki,22.0,100.0,2.0,1.5,0.0,0.0,0.0,,,,,,0.0,,,,,,Boomerang_Mk_I
bf-109g-6_erla_finland,23.0,,,1.73,,0.53,1.0,,,,,,0.0,,,,,,Bf_109_G-6_Erla
il_magach_6b,21.0,100.0,0.0,0.0,3.0,2.21,62.0,89.25,0.0,0.0,2.52,4.0,0.0,,,,,,Magach_6B
p-36a,24.0,50.0,1.21,2.29,0.0,0.0,0.0,,,,,,0.0,,,,,,P-36A
fr_vcac_mephisto,24.0,100.0,0.0,0.0,2.0,1.38,192.0,43.17,0.0,0.0,1.39,1.29,0.0,,,,,,MEPHISTO
he_112a_0,23.0,,,1.54,,0.0,11.0,,,,,,0.0,,,,,,He_112_A-0
germ_leopard_2pl,23.0,,,0.0,,0.91,813.0,37.68,0.0,0.0,1.54,1.25,36.0,0.0,0.0,0.0,1.0,0.05,Leopard_2_PL
boomerang_mkii,22.0,100.0,1.0,1.0,0.0,0.0,0.0,,,,,,0.0,,,,,,Boomerang_Mk_II
us_m4a1_1942_sherman,23.0,100.0,0.0,0.0,1.4,1.4,79.0,71.43,0.0,0.0,3.71,1.43,0.0,,,,,,M4A1
p-61a_1,25.0,46.15,1.0,1.0,0.0,0.0,0.0,,,,,,14.0,100.0,1.0,1.0,4.0,4.0,P-61A-11
us_rdf_lt,22.0,,,0.0,,0.59,948.0,56.03,0.16,0.16,1.45,1.35,0.0,,,,,,RDF/LT
ki_100_2,23.0,,,0.7,,0.0,61.0,89.49,1.04,1.09,1.52,1.65,0.0,,,,,,Ki-100-II
germ_marder_1a1,22.0,100.0,0.0,0.0,0.0,0.0,379.0,30.82,0.01,0.01,0.49,0.46,0.0,,,,,,Marder_A1-
germ_wiesel_1_mk20,22.0,50.0,0.0,0.0,0.0,0.0,829.0,41.39,0.23,0.2,0.84,0.69,0.0,,,,,,Wiesel_1A4
lightning_f6,22.0,,,3.0,,0.0,44.0,50.0,1.06,1.78,1.25,2.37,0.0,,,,,,Lightning_F.6
cn_ztz_99,23.0,100.0,0.0,0.0,3.18,3.18,195.0,40.37,0.0,0.0,1.75,1.5,0.0,,,,,,ZTZ99-II
uk_m4a5_ram_2,21.0,,,,,,13.0,,,0.0,,1.0,0.0,,,,,,Ram_II
germ_sdkfz_222,22.0,100.0,0.0,0.0,3.13,2.77,69.0,88.89,0.0,0.0,3.97,1.96,0.0,,,,,,Sd.Kfz.222
us_m46_patton_73_armor_bat,21.0,50.0,0.16,0.31,1.34,2.69,493.0,65.62,0.02,0.02,3.06,2.44,0.0,,,,,,"M46_""Tiger"""
f-105d,22.0,,,0.0,,2.75,16.0,,,0.0,,0.0,2.0,,,,,,F-105D
germ_m44,23.0,93.48,0.0,0.0,2.24,2.43,108.0,3.87,0.0,0.0,2.02,1.26,0.0,,,,,,M44
it_ariete_amv_pt1,24.0,100.0,0.0,0.0,3.0,3.0,70.0,50.0,0.0,0.0,3.19,3.2,0.0,,,,,,Ariete_AMV
jp_halftrack_m16,23.0,,,,,,121.0,85.19,1.11,0.5,0.0,0.0,0.0,,,,,,M16_MGMC
fw-190f-8,21.0,0.0,1.0,1.25,0.0,0.0,393.0,51.48,0.79,0.72,0.76,0.6,0.0,,,,,,Fw_190_F-8
jp_type_89,22.0,,,0.0,,1.0,225.0,72.88,0.0,0.0,3.46,2.14,17.0,,,0.0,,0.0,Type_89
il_hunter_afv,23.0,,,0.0,,0.0,30.0,85.71,0.0,0.0,0.97,0.97,0.0,,,,,,Hunter_AFV
it_sherman_VII,22.0,,,0.0,,5.32,31.0,100.0,0.0,0.0,3.32,3.32,0.0,,,,,,M4_Tipo_IC
p-51c-11-nt_china,20.0,,,1.0,,0.6,33.0,100.0,2.15,2.15,0.0,0.0,0.0,,,,,,P-51C-11-NT_(China)
il_2_m82,22.0,100.0,1.0,1.0,1.6,1.29,0.0,,,,,,0.0,,,,,,IL-2_M-82
ussr_bt_7_m,22.0,,,0.0,,3.0,64.0,,,0.0,,2.49,14.0,,,,,,BT-7M
germ_radpanzer_90,21.0,100.0,0.0,0.0,3.0,2.25,718.0,53.09,0.0,0.0,1.24,1.23,0.0,,,,,,Radkampfwagen_90
jp_type_75_mlrs,21.0,0.0,0.0,0.0,2.0,2.0,32.0,50.0,0.0,0.0,0.5,0.5,0.0,,,,,,Type_75_MLRS
ki_61_1a_ko,20.0,,,2.22,,0.0,0.0,,,,,,0.0,,,,,,Ki-61-I_ko
ussr_t_72m2_moderna,20.0,100.0,0.0,0.0,2.0,1.0,184.0,48.78,0.09,0.08,4.28,3.52,0.0,,,,,,T-72M2_Moderna
p-51c-10_france,22.0,,,,,,0.0,,,,,,4.0,,,,,,F-6C-10-NA
ussr_btr_152d,19.0,0.0,1.0,1.0,0.0,0.0,269.0,0.0,2.83,1.13,0.0,0.0,0.0,,,,,,BTR-152D
fr_amx_30_ACRA,21.0,,,,,,47.0,45.0,0.0,0.0,2.1,1.25,0.0,,,,,,AMX-30_ACRA
cn_type_63_I,21.0,,,,,,108.0,40.67,0.0,0.0,0.56,0.49,0.0,,,,,,Type_63-I
jp_type_89b_i_go_otsu,22.0,,,,,,15.0,,,,,,0.0,,,,,,I-Go_Ko
mig-19j_6a,20.0,62.5,1.04,1.89,0.21,0.44,29.0,100.0,6.42,7.0,0.0,0.0,0.0,,,,,,J-6A
uk_g6_spg,22.0,100.0,0.0,0.0,0.09,0.09,23.0,,,0.0,,1.04,0.0,,,,,,G6
sw_strv_m42_delat_torn,22.0,,,0.0,,0.05,138.0,55.16,0.0,0.0,1.61,1.53,0.0,,,,,,Strv_m/42_DT
uk_crusader_aa_mk_1,22.0,,,0.0,,0.0,173.0,0.0,0.0,0.0,1.43,0.57,0.0,,,,,,Crusader_AA_Mk_I
it_m3a3_stuart,21.0,,,0.0,,0.0,27.0,,,,,,0.0,,,,,,M3A3
jp_type_98_ke_ni,22.0,,,0.0,,1.14,45.0,,,0.0,,2.7,0.0,,,,,,Ke-Ni
mig-21_mf,21.0,,,0.24,,0.0,116.0,52.27,1.52,1.67,0.23,0.23,0.0,,,,,,◊MiG-21MF
cr_32,20.0,,,,,,0.0,,,,,,0.0,,,,,,CR.32
ussr_type_65_aa,22.0,100.0,0.0,,0.0,,0.0,,,,,,0.0,,,,,,Phòng_không_T-34
p-47d_16_re_germany,21.0,100.0,4.76,4.76,1.0,1.0,0.0,,,,,,0.0,,,,,,P-47D-16-RE
ju-88a-1,20.0,100.0,0.0,0.0,8.0,4.0,0.0,,,,,,0.0,,,,,,Ju_88_A-1
re_2001_serie1,23.0,39.74,2.4,3.35,0.35,0.61,0.0,,,,,,0.0,,,,,,Re.2001_serie_1
ussr_t_80um2,17.0,57.14,0.0,0.0,2.0,3.57,124.0,49.21,0.0,0.0,2.1,1.48,0.0,,,,,,T-80UM2
hunter_f58_switzerland,19.0,100.0,12.0,5.6,0.0,0.0,340.0,68.45,1.65,2.06,1.59,1.92,0.0,,,,,,◌Hunter_F.58
fr_amx_13_75,19.0,35.71,0.0,0.0,1.93,3.0,261.0,60.2,0.0,0.0,1.57,1.44,0.0,,,,,,AMX-13
wm_23,21.0,50.0,2.5,3.69,1.5,2.08,0.0,,,,,,0.0,,,,,,◔WM-23
douglas_ad_2,21.0,,,4.0,,2.56,89.0,41.4,0.13,0.15,0.73,0.76,0.0,,,,,,AD-2
mig_23mla,22.0,50.0,1.69,2.0,0.0,0.0,123.0,49.05,1.57,1.8,0.35,0.35,0.0,,,,,,◊MiG-23MLA
me-262a-1a_u4,18.0,0.0,9.3,3.25,1.0,0.0,761.0,51.69,0.6,0.8,2.28,2.89,1.0,,,0.0,,0.0,Me_262_A-1/U4
su_24m,21.0,0.0,1.0,1.0,1.12,1.12,185.0,67.37,0.22,0.24,1.41,1.42,30.0,,,,,,Су-24М
sw_strv_m40l,21.0,100.0,0.0,0.0,2.17,2.58,14.0,,,0.0,,1.0,0.0,,,,,,Strv_m/40L
uk_centurion_mk_3,22.0,50.0,0.0,0.0,1.0,2.0,149.0,29.47,0.0,0.0,1.49,0.88,0.0,,,,,,Centurion_Mk_3
spitfire_mk14e,21.0,,,2.39,,0.0,16.0,100.0,1.0,1.0,0.63,1.0,0.0,,,,,,Spitfire_F_Mk_XIVe
us_m4_sherman_promo,21.0,,,,,,28.0,0.0,0.0,0.0,3.7,2.89,0.0,,,,,,M4
germ_sdkfz_251_21,21.0,50.0,1.0,1.43,0.0,0.0,229.0,34.58,1.22,0.76,0.75,0.54,0.0,,,,,,Sd.Kfz.251/21
us_m19,20.0,0.0,0.0,0.0,0.0,0.0,88.0,38.27,1.13,0.57,2.5,1.43,0.0,,,,,,M19A1
il_namer_rcws_30,21.0,0.0,0.0,0.0,0.25,0.25,120.0,60.56,0.04,0.05,0.91,0.97,0.0,,,,,,Namer_30
ussr_t_72b3_arena,20.0,,,0.0,,0.73,436.0,37.98,0.0,0.0,1.31,1.14,11.0,100.0,0.0,0.0,1.0,1.0,"Т-72Б3_""Арена"""
germ_nbfz_VI,21.0,100.0,0.0,0.0,6.5,9.27,0.0,,,,,,0.0,,,,,,Nb.Fz.
ki_61_1a_hei_ep,18.0,50.0,2.5,5.0,0.0,0.0,5.0,,,0.0,,1.0,10.0,,,,,,Tada's_Ki-61-I_hei
us_m1a2_sep2_abrams_trophy,19.0,90.63,0.0,0.0,3.63,4.0,1776.0,58.04,0.0,0.0,2.41,1.88,1.0,,,,,,M1A2_(Trophy-HV)
p-51d-10,20.0,100.0,0.46,0.83,1.46,1.5,33.0,50.0,1.16,2.32,0.36,0.73,0.0,,,,,,P-51D-10
spitfire_f22,18.0,100.0,3.0,3.0,0.0,0.0,0.0,,,,,,0.0,,,,,,Spitfire_F_Mk_22
fw-190a-1,21.0,100.0,6.0,5.33,0.0,0.67,33.0,50.0,0.5,1.0,0.5,1.0,0.0,,,,,,Fw_190_A-1
fr_bat_chat_25t,19.0,,,0.0,,2.0,312.0,63.8,0.0,0.0,2.99,2.03,4.0,,,,,,Char_25t
p-61c_1,21.0,100.0,0.0,0.67,4.0,2.67,84.0,45.71,0.8,0.74,0.46,0.41,0.0,,,,,,P-61C-1
a-26b_10,18.0,100.0,0.0,0.0,4.0,3.69,12.0,50.0,0.5,1.0,0.0,0.0,0.0,,,,,,A-26B-10
mig_3_series_34,18.0,,,,,,0.0,,,,,,0.0,,,,,,MiG-3-34
germ_leopard_2a5_pso,20.0,100.0,0.0,,3.0,,658.0,49.3,0.0,0.0,1.74,1.49,8.0,,,,,,Leopard_2_PSO
germ_sturmmorser_sturmtiger,19.0,100.0,0.0,0.0,1.4,1.56,29.0,50.0,0.0,0.0,1.18,2.33,0.0,,,,,,38_cm_Sturmmörser
sb2c_5_thailand,20.0,,,0.0,,1.0,469.0,74.31,0.94,1.12,1.84,2.14,0.0,,,,,,SB2C-5
uk_fv4202,21.0,,,0.0,,4.0,92.0,22.41,0.0,0.0,2.76,1.11,0.0,,,,,,FV4202
f2g-1,18.0,100.0,1.0,,0.0,,111.0,30.17,0.82,0.7,4.06,2.72,0.0,,,,,,F2G-1
il_m48a1_patton_III,19.0,,,0.0,,1.0,100.0,50.0,0.0,0.0,1.0,0.61,0.0,,,,,,Magach_1
germ_flakpanzer_zerstorer_45,19.0,,,,,,245.0,12.63,0.69,0.61,0.2,0.15,0.0,,,,,,Zerstörer_45
germ_bmp_1_ddr,19.0,,,,,,92.0,39.55,0.0,0.0,1.07,0.82,0.0,,,,,,SPz_BMP-1
il_2_1941,19.0,,,,,,66.0,50.0,0.0,0.0,1.2,0.82,6.0,,,0.0,,0.0,IL-2_(1941)
uk_as_90_mk_2,20.0,,,,,,111.0,50.0,0.0,0.0,1.5,1.95,0.0,,,,,,AS90
germ_panzerjager_tiger_P_elefant,17.0,100.0,0.0,0.0,8.0,6.59,30.0,33.33,0.0,0.0,2.0,3.0,4.0,100.0,0.0,,2.0,,Elefant
f-89b,17.0,100.0,2.14,2.45,1.0,1.0,144.0,59.18,0.65,1.2,0.91,1.62,0.0,,,,,,F-89B
hurricanemkii_ussr,18.0,100.0,4.91,,0.0,,2.0,,,,,,0.0,,,,,,Hurricane_Mk_IIB
uk_a_22f_mk_7_churchill_1944,17.0,50.0,0.0,0.0,5.58,5.5,108.0,84.82,0.0,0.0,4.19,2.54,4.0,,,,,,Churchill_VII
fr_leopard_1a5be,18.0,,,0.0,,2.0,218.0,55.99,0.0,0.0,1.11,1.27,13.0,,,0.0,,0.0,Leopard_1A5BE
us_m60_120s,15.0,50.0,0.0,0.0,1.17,2.2,320.0,48.22,0.0,0.0,1.67,1.34,0.0,,,,,,120S
su_33,20.0,50.0,1.5,1.5,0.5,0.5,529.0,36.52,1.36,1.08,0.02,0.02,5.0,,,1.0,,0.0,Су-33
germ_pzkpfw_35t,18.0,100.0,0.0,,1.78,,33.0,100.0,0.0,0.0,1.89,1.89,0.0,,,,,,Pz.35(t)
fr_tpk_641_vpc,18.0,100.0,1.0,,0.0,,76.0,0.0,2.29,1.52,0.0,0.0,0.0,,,,,,TPK_6.41
sagittario_2,18.0,0.0,2.0,1.44,0.0,0.0,10.0,,,,,,39.0,36.36,5.91,7.94,0.0,0.0,Sagittario_2
fokker_d21_netherlands,18.0,0.0,1.44,1.44,0.0,0.0,0.0,,,,,,0.0,,,,,,◗Fokker_D.XXI
su-7bkl,18.0,71.43,1.0,0.67,1.0,1.0,42.0,0.0,1.0,0.89,1.72,1.5,0.0,,,,,,Su-7BKL
spitfire_mk9c_iaf,17.0,,,2.58,,0.0,38.0,100.0,3.69,,0.0,,0.0,,,,,,Spitfire_Mk_IXc_(Israel)
ffvs_j22_a,17.0,100.0,1.0,1.0,0.0,0.0,0.0,,,,,,0.0,,,,,,J22-A
h-75a-4_france,18.0,0.0,1.0,1.0,0.0,0.0,0.0,,,,,,0.0,,,,,,H-75A-4
us_stingray,20.0,100.0,0.0,0.0,1.0,1.0,668.0,49.95,0.0,0.0,1.71,1.53,0.0,,,,,,Stingray
d_501,18.0,,,1.0,,0.0,0.0,,,,,,0.0,,,,,,D.501
uk_a30_sp_avenger,18.0,,,,,,87.0,75.83,0.0,0.0,6.78,3.66,0.0,,,,,,Avenger
mosquito_fb_mk6_norway,17.0,50.0,1.15,2.29,0.59,1.18,68.0,50.0,0.0,0.0,0.0,0.0,0.0,,,,,,◢Mosquito_FB.Mk.VI
f-86a-5,18.0,,,0.0,,0.0,98.0,64.29,1.65,1.37,1.59,1.43,0.0,,,,,,F-86A-5
ussr_asu_57,17.0,100.0,0.0,0.0,0.25,0.53,96.0,75.0,0.0,0.0,1.67,0.66,0.0,,,,,,ASU-57
germ_pzkpfw_III_ausf_L,18.0,,,,,,31.0,0.0,0.0,0.0,2.0,2.24,0.0,,,,,,Pz.III_L
sw_strv_103a,16.0,0.0,0.0,0.0,0.78,0.39,145.0,36.4,0.0,0.0,2.58,2.25,0.0,,,,,,Strv_103A
saab_t18b_1,17.0,,,0.82,,2.06,12.0,50.0,0.0,0.75,0.0,0.0,0.0,,,,,,T18B
j6k1,18.0,100.0,5.83,5.83,0.28,0.28,97.0,54.38,3.44,3.05,1.37,1.27,22.0,100.0,2.0,1.08,5.0,2.25,J6K1
il_tiran_4_sh,18.0,,,,,,52.0,100.0,0.0,0.0,1.0,0.43,0.0,,,,,,Tiran_4S
it_m13_40_serie_1,18.0,,,,,,0.0,,,,,,0.0,,,,,,M13/40_(I)
fr_m4a4_sherman,17.0,100.0,0.0,0.0,4.75,4.75,55.0,90.28,0.0,0.0,5.08,4.18,0.0,,,,,,M4A4
it_m15_42_contraereo,18.0,0.0,5.08,6.38,0.62,1.0,249.0,45.58,1.52,1.43,0.45,0.44,0.0,,,,,,M42_Contraereo
bf-109c_1,16.0,,,1.0,,1.0,0.0,,,,,,0.0,,,,,,Bf_109_C-1
pe-2-110,18.0,100.0,0.82,0.82,3.29,3.29,0.0,,,,,,0.0,,,,,,Pe-2-110
a6m6c,18.0,100.0,2.0,2.0,0.0,0.0,74.0,30.65,2.05,2.19,2.0,2.29,0.0,,,,,,A6M6c
p-39q_25_france,16.0,,,,,,41.0,100.0,0.53,0.85,0.78,1.18,17.0,,,1.0,,0.0,P-39Q-25
mc200_serie3_italy,18.0,100.0,2.71,2.14,0.0,0.0,0.0,,,,,,0.0,,,,,,C._200_serie_3
bf-109f-4_hungary,20.0,52.78,5.67,9.06,0.38,0.56,167.0,91.02,1.23,0.57,3.41,1.94,0.0,,,,,,◐Bf_109_F-4
jp_type_97_kai,18.0,,,0.0,,1.0,89.0,,,0.0,,1.56,0.0,,,,,,Chi-Ha_Kai
cn_type_59d,18.0,,,0.0,,2.0,133.0,43.16,0.0,0.0,3.17,2.77,0.0,,,,,,ZTZ59D1
mig-17_cuba,16.0,100.0,1.5,1.5,0.0,0.0,134.0,40.08,1.54,2.26,0.69,0.97,0.0,,,,,,MiG-17AS
it_m109g,18.0,,,,,,77.0,46.77,0.0,0.0,0.53,0.45,0.0,,,,,,M109G
cn_m1a2t,15.0,50.0,0.0,0.0,1.0,1.56,112.0,100.0,0.0,0.0,5.69,4.15,0.0,,,,,,M1A2T
p-26a_34_m2,17.0,50.0,1.65,3.29,0.0,0.0,0.0,,,,,,0.0,,,,,,P-26A-34_M2
p-26b_35,17.0,,,1.0,,0.0,0.0,,,,,,0.0,,,,,,P-26B-35
cn_m4a4_sherman_1st_ptg,16.0,0.0,0.0,0.0,0.25,1.47,4.0,,,0.0,,1.0,0.0,,,,,,M4A4_(1st_PTG)_(China)
fiat_g91_r4_german,16.0,,,1.0,,0.0,189.0,47.17,1.23,1.83,0.9,1.26,0.0,,,,,,◄G.91_R/4
p-26a_33,17.0,50.0,0.74,1.47,0.0,0.0,0.0,,,,,,0.0,,,,,,P-26A-33
jp_type_2_ho_i,18.0,,,,,,24.0,100.0,0.0,0.0,2.0,2.0,0.0,,,,,,Ho-I
ussr_t_72b3_arena_m,18.0,,,,,,231.0,51.57,0.0,0.0,2.05,1.63,30.0,100.0,0.0,0.0,1.88,0.4,Т-72Б3А
ussr_pt_76_57,16.0,100.0,0.0,0.0,1.0,1.0,50.0,100.0,0.0,0.0,5.9,3.27,11.0,,,0.0,,1.0,PT-76-57
yak-15_early,15.0,,,,,,98.0,100.0,2.78,2.18,0.35,0.27,0.0,,,,,,Yak-15P
fr_char_2c_bis,18.0,,,,,,0.0,,,,,,0.0,,,,,,2C_bis
hunter_f1,17.0,,,1.0,,2.0,88.0,100.0,3.47,5.16,0.0,0.0,0.0,,,,,,Hunter_F.1
vg_33,15.0,,,,,,16.0,,,0.75,,0.0,0.0,,,,,,V.G.33C-1
mig-15bis_nr23_china,16.0,50.0,5.5,11.0,0.5,1.0,3.0,,,1.0,,0.0,0.0,,,,,,J-2
f1,16.0,50.0,5.0,10.0,0.5,1.0,90.0,59.77,1.97,3.85,0.12,0.23,0.0,,,,,,F-1
f_16am_block_20_mlu_netherlands,16.0,100.0,8.0,4.0,0.0,0.0,159.0,70.86,1.01,1.21,0.67,1.17,26.0,,,1.82,,0.09,◘F-16AM
bf-110c-4,17.0,,,,,,0.0,,,,,,0.0,,,,,,Bf_110_C-7
ia_58a_pucara,16.0,50.0,3.5,7.0,1.5,3.0,252.0,64.29,1.51,2.46,2.36,3.77,0.0,,,,,,IA.58A_Pucara
cn_wz_141,17.0,,,0.0,,3.0,75.0,100.0,0.0,0.0,6.57,2.61,0.0,,,,,,WZ141-1
uk_a_13_mk2_1939,16.0,100.0,0.0,0.0,2.0,2.0,19.0,,,0.0,,1.0,0.0,,,,,,A13_Mk_II_1939
us_t32e1,14.0,50.0,0.0,0.0,3.0,3.0,58.0,18.52,0.0,0.0,2.82,2.07,0.0,,,,,,T32E1
germ_boxer_3105,14.0,50.0,0.0,0.0,2.0,3.14,38.0,19.44,0.0,0.0,1.67,1.62,0.0,,,,,,Boxer_MGS
jp_type_93,15.0,,,1.0,,1.0,65.0,0.0,1.0,0.93,0.0,0.0,0.0,,,,,,Type_93
ju-87d-5,17.0,,,1.82,,1.94,18.0,,,1.0,,1.0,0.0,,,,,,Ju_87_D-5
uk_17_pdr_m10_achilles_norfolk_yeomanry,15.0,100.0,0.0,0.0,5.43,6.0,100.0,74.71,0.76,0.44,4.74,2.99,0.0,,,,,,Achilles_(65_Rg.)
sw_strf_90b,16.0,,,0.0,,1.0,134.0,71.66,0.1,0.09,2.06,1.96,5.0,100.0,0.0,0.0,2.0,2.0,Strf_9040B
f-86f-40_japan,16.0,50.0,1.0,2.0,1.0,2.0,43.0,100.0,3.98,7.94,0.0,0.0,0.0,,,,,,F-86F-40_
fr_amx_10rc,16.0,,,,,,195.0,50.66,0.0,0.0,1.37,1.34,0.0,,,,,,AMX-10RC
germ_boxer_swatrinf,16.0,,,,,,90.0,36.17,0.04,0.04,0.59,0.6,0.0,,,,,,sWaTrgInf
ussr_9a33bm3,17.0,50.0,1.75,2.82,0.13,0.18,45.0,43.75,0.67,1.04,0.0,0.0,0.0,,,,,,Оса-АКМ
fr_m10,18.0,100.0,0.0,0.0,4.75,4.0,176.0,51.85,0.0,0.0,3.21,1.98,0.0,,,,,,M10_GMC
germ_flarakpz_1,15.0,0.0,1.0,,0.0,,82.0,67.74,1.39,2.22,0.0,0.0,0.0,,,,,,FlaRakPz_1
jp_type_4_ho_ro,15.0,,,,,,4.0,,,0.0,,0.0,0.0,,,,,,Ho-Ro
us_m48a1_patton_III,14.0,50.0,0.0,0.0,1.5,1.5,121.0,47.25,0.0,0.0,1.71,1.57,0.0,,,,,,M48A1
ussr_is_6,16.0,10.71,0.0,0.0,2.61,2.75,118.0,40.32,0.0,0.0,4.89,3.39,4.0,,,,,,IS-6
il_zsu_23_4,15.0,,,,,,82.0,100.0,1.0,0.64,0.0,0.0,0.0,,,,,,ZSU-23-4_(Israel)
uk_charioteer_mk_7,18.0,100.0,0.0,0.0,1.27,1.27,163.0,53.76,0.0,0.0,2.6,2.45,0.0,,,,,,Charioteer_Mk_VII
il_centurion_mk_5_shot,17.0,,,,,,44.0,92.26,0.0,0.0,2.18,2.35,0.0,,,,,,Sho't
bf-109b_2,16.0,,,,,,0.0,,,,,,0.0,,,,,,Bf_109_B-1
jp_btr_3e1,16.0,,,0.0,,0.0,180.0,55.79,0.0,0.0,1.18,1.02,0.0,,,,,,BTR-3E1
cn_m55,16.0,50.0,0.0,0.0,1.0,2.0,3.0,,,,,,0.0,,,,,,M55_(China)
jp_type_87_rcv,16.0,,,,,,211.0,53.09,0.0,0.0,1.33,1.23,0.0,,,,,,Type_87_RCV
cn_object_122tm,16.0,50.0,0.0,0.0,0.88,1.75,200.0,71.66,0.0,0.0,4.51,2.06,1.0,,,,,,"Object_122MT_""MC"""
pby-5a,16.0,,,,,,0.0,,,,,,0.0,,,,,,PBY-5A_Catalina
jp_type_87_rcv_prot,16.0,,,0.0,,0.0,451.0,70.53,0.07,0.07,1.1,0.76,0.0,,,,,,Type_87_RCV_(P)
rafale_m_f3r,20.0,100.0,6.3,8.3,0.3,0.3,121.0,62.1,1.72,2.61,0.16,0.21,13.0,,,2.0,,0.0,Rafale_M_F3-R
us_m10_booker_late,14.0,,,0.0,,2.0,576.0,65.78,0.0,0.0,1.99,1.45,0.0,,,,,,M10_Booker
us_xm_8,14.0,100.0,0.0,0.0,3.0,3.0,49.0,76.19,0.0,0.0,2.99,3.63,0.0,,,,,,XM8
f6f-5n_france,15.0,,,2.0,,0.0,43.0,0.0,0.0,0.0,1.88,1.18,13.0,100.0,1.0,4.0,2.0,2.0,F6F-5N
uk_conqueror_mk_2,15.0,,,0.0,,3.54,236.0,56.55,0.0,0.0,2.67,1.95,8.0,50.0,0.0,0.0,2.5,5.0,Conqueror
f8u-2,15.0,50.0,1.13,2.13,0.0,0.0,163.0,48.54,0.91,1.16,0.01,0.01,9.0,,,,,,F8U-2
sw_ikv_73,15.0,100.0,0.0,0.0,5.2,5.2,16.0,,,0.0,,1.0,0.0,,,,,,Ikv_73
it_m26_ariete,15.0,100.0,0.0,0.0,3.0,6.0,17.0,,,0.0,,3.85,12.0,100.0,0.0,0.0,3.42,3.42,"M26_""D.C.Ariete"""
uk_fv107_scimitar,12.0,50.0,0.0,0.0,1.5,1.5,88.0,76.88,0.0,0.0,0.87,0.69,0.0,,,,,,Scimitar
a6m3_mod22_zero,16.0,,,2.87,,0.47,55.0,50.0,0.67,1.3,0.4,0.78,0.0,,,,,,A6M3_mod._22
ussr_zsu_23_4m4,10.0,60.0,1.6,2.7,0.8,1.3,395.0,48.85,1.58,1.17,0.0,0.0,0.0,,,,,,ZSU-23-4M4
sw_strf_9056,14.0,,,0.0,,1.0,181.0,49.06,0.17,0.17,0.94,0.83,0.0,,,,,,Strf_9040_BILL
us_m1_abrams,11.0,62.5,0.0,0.0,1.38,1.19,1073.0,53.59,0.0,0.0,2.39,1.93,0.0,,,,,,M1_Abrams
germ_pzkpfw_38t_Aufklarungspanzer,15.0,100.0,0.0,0.0,1.0,1.0,11.0,,,0.0,,1.0,0.0,,,,,,Sd.Kfz._140/1
mig_29_9_12,17.0,64.1,1.08,1.08,0.0,0.0,29.0,50.0,0.5,0.72,0.0,0.0,7.0,,,,,,МиГ-29_(9-12)
cn_cm11,15.0,50.0,0.0,0.0,1.0,2.0,148.0,60.12,0.0,0.0,3.34,2.77,0.0,,,,,,CM11
cn_type_97_kai,14.0,,,0.0,,1.07,11.0,,,0.0,,1.0,0.0,,,,,,Chi-Ha_Kai_(China)
a6m3_zero,15.0,,,3.31,,0.0,98.0,82.61,1.16,1.57,0.66,0.9,0.0,,,,,,A6M3
germ_pzkpfw_IV_ausf_J,18.0,50.0,0.0,0.0,1.97,3.92,101.0,46.67,0.0,0.0,2.87,1.92,0.0,,,,,,Pz.IV_J
cn_lvt_4_zis_2,14.0,,,0.0,,1.0,6.0,100.0,0.0,0.0,2.0,2.0,0.0,,,,,,LVT(A)(4)_(ZiS-2)
us_m60a3_slep,14.0,,,,,,7.0,,,0.0,,3.0,0.0,,,,,,M60_AMBT
sw_cv_90105,15.0,50.0,0.0,0.0,0.97,1.93,304.0,57.77,0.0,0.0,1.77,1.92,0.0,,,,,,CV_90105_TML
f2a-3,15.0,,,1.0,,0.0,24.0,,,0.0,,0.0,0.0,,,,,,F2A-3
uk_challenger_mk_3,14.0,,,,,,90.0,50.0,0.0,0.0,2.5,1.99,11.0,50.0,0.0,0.0,0.5,1.0,Challenger_Mk.3
fr_m4a1_sherman_fl_10,12.0,,,0.0,,1.0,113.0,72.73,0.0,0.0,4.3,2.59,0.0,,,,,,M4A1_(FL10)
a-20g,15.0,,,,,,0.0,,,,,,0.0,,,,,,A-20G-25
sw_strv_105,15.0,,,,,,230.0,64.83,0.0,0.0,1.43,1.57,0.0,,,,,,Strv_105
germ_sppz2_luchs_a2,14.0,0.0,0.0,0.0,1.0,1.0,74.0,14.29,0.86,0.36,0.0,0.18,0.0,,,,,,Luchs_A2
uk_a_34_comet_iron_duke,14.0,100.0,0.0,0.0,5.0,10.0,19.0,50.0,0.0,0.0,1.5,1.27,0.0,,,,,,"Comet_I_""Iron_Duke_IV"""
do_217m_1,14.0,100.0,0.0,0.0,4.79,4.79,0.0,,,,,,0.0,,,,,,Do_217_M-1
er-2_m105r_lu2b,14.0,100.0,0.0,0.0,3.79,3.79,0.0,,,,,,0.0,,,,,,Yer-2_(M-105R)_LU
do_217k_1,14.0,,,,,,19.0,,,0.0,,0.0,0.0,,,,,,Do_217_K-1
germ_pzkpfw_III_ausf_B,13.0,100.0,0.0,,2.85,,41.0,85.42,0.0,0.0,2.4,2.26,0.0,,,,,,Pz.III_B
pe-2-359,14.0,100.0,0.79,0.79,6.07,6.07,0.0,,,,,,0.0,,,,,,Pe-2-359
bf-109g-2_romania,14.0,,,,,,0.0,,,,,,0.0,,,,,,Bf_109_G-2
douglas_ad_4_france,14.0,,,,,,97.0,62.21,0.91,1.54,2.46,4.16,0.0,,,,,,AD-4
f-5c,21.0,40.0,1.6,1.1,0.0,0.0,291.0,52.72,1.2,1.53,0.52,0.67,0.0,,,,,,F-5C
uk_m44,15.0,73.08,0.0,0.0,2.31,2.5,50.0,50.0,0.0,0.0,0.29,0.58,0.0,,,,,,M44
pe-8_m82,14.0,100.0,0.0,0.0,2.21,2.21,41.0,17.9,0.16,0.28,0.11,0.19,0.0,,,,,,Pe-8
f_15a,14.0,,,2.0,,0.0,144.0,53.55,1.21,1.5,0.15,0.19,0.0,,,,,,F-15A
cn_pgz_625_fb10,12.0,37.5,1.25,2.0,0.0,0.0,120.0,54.3,1.0,0.62,0.55,0.3,0.0,,,,,,CS/SA5
it_centauro_rgo_120,13.0,55.0,0.0,0.0,1.6,2.2,212.0,63.94,0.0,0.0,2.43,1.79,0.0,,,,,,Centauro_RGO
jp_type_74_mod_g_kai,13.0,100.0,0.0,0.0,4.0,3.0,355.0,57.28,0.0,0.0,3.02,1.91,0.0,,,,,,Type_74_(G)
il_merkava_mk_3b,15.0,50.0,0.0,0.0,2.0,4.0,138.0,66.56,0.0,0.0,2.92,3.1,0.0,,,,,,Merkava_Mk.3B
sw_cv_90105_tml,11.0,100.0,0.0,0.0,5.0,3.57,1133.0,61.71,0.0,0.0,2.63,1.94,0.0,,,,,,CV_90105
mc-202_italy,15.0,61.54,3.31,3.0,0.62,0.54,0.0,,,,,,0.0,,,,,,C._202
p-38l,15.0,,,,,,11.0,,,,,,0.0,,,,,,P-38L-5-LO
f9f-2,13.0,,,0.0,,0.77,0.0,,,,,,0.0,,,,,,F9F-2
yak-9p,16.0,50.0,1.17,2.31,0.0,0.77,3.0,100.0,1.0,1.0,1.0,1.0,0.0,,,,,,Yak-9P
ki-96,15.0,,,1.0,,0.0,38.0,100.0,2.39,2.39,0.48,0.48,0.0,,,,,,Ki-96
mig-21_f13,15.0,,,1.17,,0.33,112.0,44.21,1.35,1.63,0.0,0.0,0.0,,,,,,MiG-21F-13
he-162a-2,15.0,,,1.07,,0.0,108.0,73.61,3.51,3.66,0.5,0.85,0.0,,,,,,He_162_A-2
jp_st_a3,15.0,10.0,0.0,0.0,1.8,2.0,441.0,62.92,0.0,0.0,2.1,1.71,0.0,,,,,,ST-A3
spitfire_xvi,16.0,0.0,4.33,3.35,1.0,0.88,21.0,0.0,3.0,1.0,0.0,0.0,0.0,,,,,,Spitfire_F_Mk_XVI
f-80,13.0,,,,,,8.0,0.0,1.0,1.0,0.0,0.0,0.0,,,,,,F-80C-10
jp_type_1_chi_he,13.0,,,,,,120.0,73.68,0.0,0.0,3.87,1.9,0.0,,,,,,Chi-He
d_500,14.0,,,,,,0.0,,,,,,0.0,,,,,,D.500
it_ab_43,11.0,100.0,0.0,0.0,2.44,2.44,12.0,100.0,0.0,0.0,2.0,1.42,0.0,,,,,,AB_43
cn_m60a3_tts,13.0,,,,,,31.0,50.0,0.0,0.0,2.15,1.85,11.0,,,0.0,,2.0,M60A3_TTS_(China)
ussr_t_55_am,10.0,50.0,0.0,0.0,2.5,1.56,288.0,59.3,0.0,0.0,2.11,1.55,0.0,,,,,,T-55AM-1
germ_leopard_2a4m_can,12.0,,,0.0,,2.0,1042.0,50.57,0.0,0.0,1.86,1.67,0.0,,,,,,Leopard_2A4M
fr_amx_13_chaffee,12.0,,,,,,147.0,68.05,0.0,0.0,2.23,2.67,0.0,,,,,,AMX-13-M24
us_m56_scorpion,14.0,100.0,0.0,0.0,2.6,3.4,254.0,47.54,0.0,0.0,2.41,1.06,0.0,,,,,,M56
re_2002_early,14.0,50.0,1.0,2.0,0.5,1.0,0.0,,,,,,0.0,,,,,,Re.2002_Early
ms_410c1,14.0,,,,,,0.0,,,,,,0.0,,,,,,M.S.410
sw_lvkv_42,13.0,100.0,0.0,0.0,1.08,2.0,90.0,0.0,0.0,0.0,0.0,0.14,0.0,,,,,,Lvkv_42
mig-17_f5,12.0,100.0,2.0,1.33,0.0,0.0,51.0,100.0,3.18,3.15,0.53,0.69,0.0,,,,,,Shenyang_F-5
typhoon_mk1a,13.0,,,1.38,,0.0,0.0,,,,,,0.0,,,,,,Typhoon_Mk_Ia
sw_leopard_2a4_fin,12.0,45.83,0.0,0.0,1.0,1.92,285.0,63.89,0.0,0.0,1.99,1.57,0.0,,,,,,Leopard_2A4
d_373,14.0,,,,,,0.0,,,,,,0.0,,,,,,D.373
su_17m2,14.0,,,0.0,,1.0,40.0,,,0.0,,0.47,0.0,,,,,,Su-17M2
ussr_pantsyr_s1,13.0,,,,,,380.0,40.8,0.9,0.87,0.09,0.09,0.0,,,,,,Pantsir-S1
jp_type_3_ho_ni_I,13.0,,,0.0,,1.0,27.0,,,0.0,,0.75,0.0,,,,,,Ho-Ni_I
uk_chieftain_mk_5,13.0,,,,,,110.0,73.21,0.0,0.0,3.62,3.21,0.0,,,,,,Chieftain_Mk_5
sw_strv_121,12.0,45.83,0.0,0.0,1.08,2.0,552.0,50.4,0.0,0.0,1.57,1.3,0.0,,,,,,Strv_121
ms_406c1,14.0,,,1.0,,0.0,0.0,,,,,,0.0,,,,,,M.S.406C1
d_371,14.0,,,,,,0.0,,,,,,0.0,,,,,,D.371
us_t86,12.0,,,0.0,,1.0,83.0,60.42,0.0,0.0,1.98,1.97,0.0,,,,,,T86
p-47d_22_re,12.0,,,0.0,,0.0,40.0,100.0,2.0,2.0,1.89,3.0,0.0,,,,,,P-47D-22-RE
us_m1296_dragoon,12.0,,,0.0,,0.0,100.0,70.0,0.0,0.0,1.37,0.93,0.0,,,,,,M1296
beaufort_mkviii,12.0,,,0.0,,0.0,0.0,,,,,,0.0,,,,,,Beaufort_Mk_VIII
d4y2,14.0,,,,,,0.0,,,,,,0.0,,,,,,D4Y2
beaufighter_mk21,12.0,100.0,2.0,2.0,8.5,8.5,1.0,,,,,,0.0,,,,,,Beaufighter_Mk_21
it_semovente_m41_75_32,12.0,,,,,,0.0,,,,,,0.0,,,,,,75/32_M41
ussr_rbt_5,13.0,100.0,0.0,,3.08,,28.0,75.0,0.0,0.0,0.36,0.48,0.0,,,,,,RBT-5
mig-21_bis_lazur,13.0,,,1.0,,1.0,428.0,49.06,1.58,1.66,0.32,0.34,0.0,,,,,,"◊MiG-21_""Lazur-M"""
p-47n-15,13.0,,,,,,38.0,61.54,0.62,0.76,2.33,2.98,0.0,,,,,,P-47N-15
f_15e,11.0,100.0,1.0,1.0,1.0,1.0,865.0,61.78,0.75,0.83,2.32,2.52,53.0,,,1.75,,2.37,F-15E
jp_m60a3_tts,11.0,,,0.0,,1.0,89.0,15.62,0.0,0.0,3.74,2.12,0.0,,,,,,M60A3_TTS
ki_44_2_hei,12.0,,,1.0,,0.0,85.0,100.0,0.66,0.3,0.95,0.46,0.0,,,,,,Ki-44-II_hei
fa_18c_switzerland,12.0,50.0,1.0,1.0,0.0,0.0,1031.0,48.64,1.0,1.14,0.26,0.3,71.0,,,2.47,,0.0,◌F/A-18C
germ_flakpanzer_V_Coelian,12.0,100.0,0.0,0.0,3.0,3.0,440.0,53.37,0.9,0.58,3.19,2.11,12.0,50.0,0.0,0.0,2.0,2.0,Flakpanzer_341
z_1007_bis_serie5,13.0,100.0,0.0,0.0,1.0,1.0,0.0,,,,,,0.0,,,,,,Z.1007_bis_serie_5
uk_challenger_1,12.0,,,0.0,,1.0,147.0,5.56,0.0,0.0,6.37,2.14,4.0,,,0.0,,0.0,Challenger_Mk.2
i-153_m62_china,12.0,0.0,1.0,1.0,0.0,0.0,0.0,,,,,,0.0,,,,,,I-153_M-62_(China)
mig_29kr_9_41r,13.0,50.0,1.5,1.77,0.0,0.0,48.0,84.09,1.9,1.69,0.0,0.0,0.0,,,,,,МиГ-29КР_(9-41Р)
a6m2_zero_usa,13.0,0.0,3.38,3.38,0.0,0.0,0.0,,,,,,0.0,,,,,,A6M2
uk_chieftain_marksman,11.0,50.0,0.0,0.0,0.0,0.0,149.0,72.58,1.31,0.74,1.31,0.73,0.0,,,,,,Chieftain_Marksman
i-16_type10_china,12.0,0.0,1.0,1.0,0.0,0.0,0.0,,,,,,0.0,,,,,,I-16_type_10_(China)
jp_type_74_c,11.0,100.0,0.0,0.0,1.13,1.0,468.0,55.47,0.0,0.0,2.22,1.41,0.0,,,,,,Type_74_(C)
bf-109f-1,11.0,50.0,1.5,3.0,0.0,0.0,32.0,0.0,0.0,0.04,1.11,0.96,0.0,,,,,,Bf_109_F-1
a6m2_zero,13.0,,,1.0,,0.0,15.0,,,0.0,,1.0,0.0,,,,,,A6M2
fr_panhard_ebr_1951,13.0,,,0.0,,0.0,288.0,61.71,0.0,0.0,2.05,2.36,0.0,,,,,,E.B.R._(1951)
z_1007_bis_serie3,12.0,,,,,,0.0,,,,,,0.0,,,,,,Z.1007_bis_serie_3
jp_type_2_ho_ni_2,12.0,100.0,0.0,0.0,2.63,2.42,4.0,100.0,0.0,0.0,1.0,1.0,0.0,,,,,,Ho-Ni_II
it_m26a1_pershing,12.0,100.0,0.0,0.0,5.0,4.0,68.0,42.53,0.0,0.0,1.56,1.53,13.0,,,0.0,,0.0,M26A1
la_200_toriy,11.0,50.0,1.0,3.45,0.0,0.0,99.0,80.0,2.14,1.62,0.43,0.27,0.0,,,,,,La-200
uk_challenger_2_tes,12.0,50.0,0.0,0.0,1.0,2.0,175.0,49.82,0.0,0.0,1.85,1.95,0.0,,,,,,Challenger_2_TES
it_c1_ariete,12.0,,,,,,38.0,,,0.0,,2.8,0.0,,,,,,Ariete
ki_44_2_hei_china,11.0,,,,,,0.0,,,,,,0.0,,,,,,Ki-44-II_hei_(China)
cn_type_69_2g,9.0,,,0.0,,1.0,177.0,56.67,0.0,0.0,2.07,1.85,0.0,,,,,,T-69_II_G
us_t34,13.0,100.0,0.0,0.0,0.8,0.8,938.0,58.84,0.0,0.0,2.32,1.75,13.0,,,0.0,,1.0,T34
mc-202_d,12.0,,,2.0,,0.0,0.0,,,,,,0.0,,,,,,C._202D
xa_38,12.0,,,0.0,,0.0,0.0,,,,,,19.0,,,0.0,,2.17,XA-38
germ_leopard_2a5,12.0,,,,,,748.0,50.56,0.0,0.0,2.17,1.53,0.0,,,,,,Leopard_2A5
he-111h-6,10.0,100.0,0.0,0.0,5.0,5.0,0.0,,,,,,0.0,,,,,,He_111_H-6
fr_b1_ter,11.0,,,,,,25.0,100.0,0.0,0.0,3.14,2.96,0.0,,,,,,B1_ter
sw_pvkv_III,9.0,,,,,,13.0,,,0.0,,0.92,0.0,,,,,,Pvkv_III
ki_43_2,9.0,,,,,,55.0,93.83,0.0,0.0,0.76,1.0,0.0,,,,,,Ki-43-II
ussr_valentine_mk_9,10.0,,,,,,21.0,100.0,0.0,0.0,2.0,2.0,0.0,,,,,,"МК-IX_""Valentine"""
germ_9a33bm3,11.0,,,,,,30.0,0.0,2.89,1.28,0.0,0.0,0.0,,,,,,◊Osa-AK
sw_strf_90c,9.0,,,1.0,,2.0,133.0,74.83,0.02,0.02,2.1,2.01,0.0,,,,,,Strf_9040C
i_180,11.0,100.0,3.0,2.64,2.0,1.27,21.0,50.0,1.0,1.29,1.0,2.0,0.0,,,,,,I-180S
uk_cruiser_ram_1,9.0,,,0.0,,3.0,21.0,,,0.0,,2.17,0.0,,,,,,Ram_I
fr_amx_30_auf_1,11.0,,,1.0,,1.0,46.0,50.0,0.5,0.16,1.5,1.16,0.0,,,,,,AuF1
f-84f_italy,10.0,,,0.0,,1.0,0.0,,,,,,0.0,,,,,,F-84F
i-16_type24,10.0,,,1.0,,1.0,0.0,,,,,,0.0,,,,,,I-16_type_24
cn_su_100_1945,11.0,100.0,0.0,0.0,2.0,2.0,58.0,91.11,0.0,0.0,2.23,1.79,0.0,,,,,,SU-100_(China)
f-4jk,9.0,100.0,2.0,1.44,0.0,0.0,152.0,71.86,0.72,0.65,0.19,0.18,0.0,,,,,,F-4J(UK)_Phantom_II
cn_type_62,9.0,,,0.0,,1.0,166.0,58.5,0.0,0.0,1.0,0.83,18.0,,,0.0,,1.0,Type_62
bf-109e-3,10.0,,,1.3,,0.0,61.0,100.0,0.97,0.55,1.21,0.79,0.0,,,,,,Bf_109_E-3
spitfiremkii,11.0,,,4.09,,0.0,0.0,,,,,,0.0,,,,,,Spitfire_Mk_IIb
uk_sp_17_pdr_valentine,9.0,,,,,,0.0,,,,,,0.0,,,,,,Archer
jp_type_90b,10.0,,,0.0,,1.0,200.0,48.13,0.0,0.0,2.24,2.5,0.0,,,,,,Type_90_(B)
uk_fv721_fox,8.0,50.0,0.0,0.0,1.0,2.0,502.0,61.63,0.03,0.03,2.46,1.99,0.0,,,,,,Fox
hurricane_mk4,10.0,,,1.0,,0.0,0.0,,,,,,0.0,,,,,,Hurricane_Mk_IV
p-47d_23_ra_china_rocaf,10.0,,,1.0,,1.22,0.0,,,,,,0.0,,,,,,P-47D-23-RA_(China)
caudron_cr714,11.0,,,2.0,,0.0,0.0,,,,,,0.0,,,,,,C.R.714
germ_raketenjagdpanzer_2,9.0,,,0.0,,0.0,18.0,50.0,0.0,0.0,1.0,1.0,0.0,,,,,,RakJPz_2
b_24d,9.0,,,0.0,,1.0,0.0,,,,,,0.0,,,,,,B-24D-25-CO
sw_sav_m43_1946,9.0,,,,,,13.0,,,0.0,,0.0,0.0,,,,,,Sav_m/43_(1946)
sw_strv_74,8.0,,,0.0,,1.0,312.0,41.45,0.0,0.0,1.97,1.51,0.0,,,,,,Strv_74
sw_pvrbv_551,9.0,0.0,0.0,0.0,1.0,1.0,50.0,42.78,0.0,0.0,0.81,1.13,0.0,,,,,,Pvrbv_551
uk_valentine_mk_1,11.0,,,,,,0.0,,,,,,0.0,,,,,,Valentine_I
ki-27_otsu,9.0,,,3.0,,0.0,0.0,,,,,,0.0,,,,,,Ki-27_otsu
us_m1_abrams_kvt,9.0,,,0.0,,0.0,1149.0,59.25,0.0,0.0,2.67,2.13,0.0,,,,,,M1_KVT
arado-196a-3,10.0,,,,,,0.0,,,,,,0.0,,,,,,Ar_196_A-3
uk_a_12_mk_2_matilda_2,11.0,,,0.0,,0.5,31.0,75.0,0.0,0.0,1.75,2.23,0.0,,,,,,Matilda_III
b-17g_iaf,10.0,,,0.0,,0.0,0.0,,,,,,0.0,,,,,,B-17G_(Israel)
bf-109a_1,8.0,,,2.0,,0.0,0.0,,,,,,0.0,,,,,,Flegel's_Bf_109_A
fiat_cr42_j11,10.0,0.0,2.0,2.0,2.0,2.0,0.0,,,,,,0.0,,,,,,J11
ro_57_quadriarma,9.0,,,0.0,,2.0,15.0,66.67,0.3,0.5,1.3,2.0,0.0,,,,,,Ro.57_Quadriarma
ussr_t_26_1940,8.0,,,,,,0.0,,,,,,0.0,,,,,,T-26
il-10,9.0,100.0,4.0,4.0,0.75,0.75,27.0,,,0.0,,1.0,0.0,,,,,,IL-10
us_skink_aa,9.0,,,1.0,,0.0,227.0,50.27,0.76,1.31,0.15,0.15,0.0,,,,,,Skink
it_pzh_2000_hu,8.0,,,1.0,,1.38,31.0,100.0,0.0,0.0,6.0,1.53,0.0,,,,,,PzH_2000HU
l_39za_art_thailand,8.0,100.0,1.0,1.0,1.63,1.63,751.0,67.18,0.28,0.34,3.95,4.54,0.0,,,,,,L-39ZA/ART_Albatros
jp_type_10,9.0,,,0.0,,1.67,680.0,60.02,0.0,0.0,2.64,1.82,0.0,,,,,,Type_10
sw_zsu_57_2,9.0,81.25,0.0,0.0,1.0,1.5,280.0,55.59,0.0,0.0,1.55,0.93,0.0,,,,,,ZSU-57-2
us_t30,8.0,,,,,,109.0,61.91,0.0,0.0,2.99,2.78,0.0,,,,,,T30
f4u-6_au-1,9.0,,,1.0,,0.0,162.0,69.36,0.37,0.35,2.86,2.61,0.0,,,,,,AU-1
ki_61_1a_otsu_usa,10.0,,,1.0,,0.0,0.0,,,,,,0.0,,,,,,Ki-61-Ib
saab_sk60b,10.0,,,,,,97.0,75.0,0.62,0.77,2.63,2.61,0.0,,,,,,SK60B
saab_a21rb,8.0,,,1.0,,0.0,11.0,62.5,1.0,0.82,1.0,0.82,0.0,,,,,,A21RB
ki_61_2_early,8.0,,,2.0,,1.0,32.0,,,,,,0.0,,,,,,Ki-61-II_Otsu_Kai
it_leopard_1a5,9.0,100.0,0.0,0.0,3.0,3.0,90.0,70.14,0.0,0.0,2.47,2.32,0.0,,,,,,Leopard_1A5
uk_chieftain_mk_3,10.0,,,,,,305.0,56.77,0.0,0.0,1.74,1.59,0.0,,,,,,Chieftain_Mk_3
jp_type_61,10.0,,,0.0,,2.0,614.0,70.05,0.0,0.0,2.09,1.65,0.0,,,,,,Type_61
it_fiat_6616_ub,10.0,,,0.0,,1.0,31.0,100.0,0.0,0.0,1.17,1.0,0.0,,,,,,FIAT_6616UB
it_zsu_57_2,9.0,,,,,,91.0,63.2,0.0,0.0,3.15,2.46,0.0,,,,,,◔ZSU-57-2
p-51c-10-nt,8.0,,,,,,96.0,52.15,0.51,0.45,0.92,0.87,0.0,,,,,,P-51C-10
us_m46_patton,10.0,,,,,,525.0,60.34,0.0,0.0,2.01,2.18,0.0,,,,,,M46
sw_charioteer_mk_7,7.0,62.5,0.0,0.0,0.63,1.0,236.0,33.01,0.0,0.0,0.85,0.72,0.0,,,,,,Charioteer_Mk_VII
f-5a_thailand,8.0,100.0,2.0,2.0,15.0,15.0,34.0,86.36,3.04,3.18,2.41,2.46,0.0,,,,,,F-5A
a_10a_late,8.0,100.0,3.0,3.0,7.0,7.0,183.0,42.21,1.63,1.75,7.16,7.09,5.0,,,,,,A-10A_Late
f-84g_france,8.0,,,,,,134.0,70.5,0.61,0.85,1.52,2.04,0.0,,,,,,F-84G-26-RE
q_5a,8.0,,,,,,2.0,100.0,0.0,0.0,1.0,1.0,0.0,,,,,,Q-5A
f_2a_adtw,8.0,,,,,,763.0,60.4,1.49,1.85,0.49,0.57,71.0,,,1.49,,0.05,F-2A_ADTW
germ_spz_12_3,7.0,,,0.0,,4.0,63.0,84.38,0.19,0.08,3.94,2.63,0.0,,,,,,SPz_12-3_LGS
tu_14t,8.0,,,1.0,,4.0,0.0,,,,,,0.0,,,,,,Tu-14T
il_28sh,8.0,,,0.0,,3.0,12.0,0.0,1.0,0.75,0.0,0.0,0.0,,,,,,IL-28Sh
saab_j29a,8.0,,,,,,19.0,22.22,0.93,1.0,0.16,0.16,0.0,,,,,,J29A
t2_early,8.0,,,,,,80.0,90.54,1.33,2.03,0.04,0.05,0.0,,,,,,T-2_Early
mig-21_pfm,8.0,,,,,,0.0,,,,,,0.0,,,,,,MiG-21PFM
pv_2d,9.0,,,1.0,,5.44,20.0,17.95,0.16,0.27,0.81,1.19,0.0,,,,,,PV-2D
p-43a-1_china,8.0,,,,,,0.0,,,,,,0.0,,,,,,P-43A-1_(China)
su-11,8.0,50.0,1.0,2.0,0.5,1.0,256.0,54.45,0.5,0.62,0.84,1.03,0.0,,,,,,Su-11
mig-17pf_hungary,8.0,0.0,2.0,2.0,1.0,1.0,11.0,100.0,1.0,1.0,0.0,0.0,0.0,,,,,,◔MiG-17PF
su-2_mv5,7.0,100.0,1.71,1.5,4.86,6.0,0.0,,,,,,0.0,,,,,,Su-2_MV-5
uk_m109a1,8.0,,,0.0,,2.25,18.0,100.0,0.0,0.0,1.0,1.0,0.0,,,,,,M109A1
germ_pzkpfw_V_ersatz_m10,7.0,100.0,0.0,,1.0,,26.0,,,0.0,,4.16,0.0,,,,,,Ersatz_M10
p_108b_serie1,9.0,,,0.0,,4.2,0.0,,,,,,0.0,,,,,,P.108B_serie_1
mig_29_9_12_germany,9.0,,,2.0,,0.0,44.0,40.91,0.86,0.9,0.0,0.0,6.0,,,2.0,,0.0,◊MiG-29
n1k2_jko,9.0,,,1.0,,0.0,119.0,63.44,0.74,0.74,0.91,0.9,0.0,,,,,,N1K2-Ja
germ_leopard_2a4_pzbtl_123,7.0,,,,,,704.0,47.56,0.0,0.0,2.56,1.91,0.0,,,,,,Leopard_2_(PzBtl_123)
cf_188a_canada,7.0,100.0,3.0,3.0,0.0,0.0,204.0,50.21,1.42,1.52,0.19,0.19,23.0,,,0.78,,0.56,CF-188A
ki-83,8.0,100.0,3.0,3.0,0.0,0.0,0.0,,,,,,0.0,,,,,,Ki-83
saab_j21a_2,8.0,,,1.0,,0.0,27.0,100.0,3.0,,0.0,,0.0,,,,,,J21A-2
il_28,8.0,,,0.0,,2.0,38.0,35.08,0.0,0.0,0.0,0.0,0.0,,,,,,IL-28
yak-9p_hungary,8.0,,,2.88,,0.0,5.0,,,,,,0.0,,,,,,◔Yak-9P
welkin_fmk1,8.0,,,,,,0.0,,,,,,0.0,,,,,,Welkin_F.Mk.I
germ_pzsflk40_sturer_emil,8.0,,,,,,13.0,,,0.0,,1.0,0.0,,,,,,Sturer_Emil
germ_vilkas,7.0,50.0,0.0,0.0,0.71,1.43,109.0,50.82,0.0,0.0,1.09,1.22,0.0,,,,,,Vilkas
il_magach_7c,7.0,,,0.0,,1.0,19.0,,,,,,0.0,,,,,,Magach_7C
il-10_1946,8.0,,,,,,50.0,100.0,0.25,0.21,3.25,3.55,0.0,,,,,,IL-10_(1946)
beaufighter_mkx,8.0,100.0,2.0,2.0,6.5,6.5,12.0,,,,,,0.0,,,,,,Beaufighter_Mk_X
blenheim_mkiv,7.0,,,,,,0.0,,,,,,0.0,,,,,,Blenheim_Mk_IV
mig-21_bis_sau,9.0,,,1.0,,0.0,85.0,31.18,1.65,1.54,0.19,0.1,0.0,,,,,,◊MiG-21bis-SAU
ussr_zsu_23_4m2,8.0,0.0,0.25,0.25,0.0,0.0,110.0,32.63,0.48,0.58,0.19,0.24,0.0,,,,,,ЗСУ-23-4М2
ussr_2s19_m2,8.0,,,0.0,,1.0,50.0,50.0,0.0,0.0,0.8,0.84,0.0,,,,,,2С19М2
mig-19pt,9.0,,,,,,173.0,30.81,2.17,2.25,0.62,0.68,0.0,,,,,,MiG-19PT
a5m4,7.0,,,,,,0.0,,,,,,0.0,,,,,,A5M4
j7w1,9.0,,,2.0,,0.0,473.0,76.44,0.83,0.77,2.6,2.4,0.0,,,,,,J7W1
uk_skink_aa,8.0,0.0,2.0,,0.0,,129.0,37.78,1.78,2.06,0.19,0.43,0.0,,,,,,Skink
me-410b-1_u2,7.0,100.0,1.0,1.0,0.0,0.0,0.0,,,,,,0.0,,,,,,Me_410_B-1/U2
sw_stormpjas_fm43_44,8.0,,,,,,0.0,,,,,,0.0,,,,,,Spj_fm/43-44
mirage_2000c_s4,8.0,,,,,,226.0,72.22,4.58,12.04,0.0,0.0,4.0,,,,,,Mirage_2000C-S4
il_magach_6c,7.0,0.0,0.0,0.0,1.0,1.0,71.0,29.55,0.0,0.0,2.77,2.71,0.0,,,,,,Magach_6C
me-410b-2_u4,7.0,0.0,1.0,1.0,0.0,0.0,0.0,,,,,,0.0,,,,,,Me_410_B-2/U4
md_450b_ouragan,9.0,,,1.44,,0.0,264.0,75.73,0.92,1.06,1.35,1.57,0.0,,,,,,M.D.450B_Ouragan
uk_ttd,8.0,,,0.0,,1.0,124.0,66.94,0.0,0.0,5.14,4.88,0.0,,,,,,TTD
su-7b,8.0,,,,,,95.0,15.15,0.68,0.64,1.67,1.77,0.0,,,,,,Su-7B
fr_m4a4_cn_75_50,9.0,,,0.0,,1.0,208.0,49.37,0.0,0.0,1.76,1.4,0.0,,,,,,M4A4_(SA50)
mig-19s,7.0,,,0.0,,0.0,12.0,,,,,,0.0,,,,,,◊MiG-19S
ussr_kv_122,8.0,,,,,,10.0,50.0,0.0,0.0,4.5,3.25,0.0,,,,,,KV-122
us_m3_bradley,6.0,50.0,0.0,0.0,0.0,0.0,608.0,56.52,0.08,0.08,1.41,1.27,0.0,,,,,,M3_Bradley
pb4y-2_china,9.0,,,0.0,,1.0,0.0,,,,,,0.0,,,,,,PB4Y-2_(China)
alpha_jet_a,8.0,,,,,,239.0,44.73,0.16,0.2,1.35,1.61,2.0,,,0.0,,2.0,Alpha_Jet_A
saab_jas39d,7.0,,,2.0,,0.0,172.0,50.0,0.72,0.77,0.16,0.2,15.0,,,1.31,,1.85,JAS39D
mirage_4000,8.0,,,,,,9.0,,,,,,0.0,,,,,,Mirage_4000
hunter_f58a_1971_switzerland,8.0,,,,,,28.0,100.0,2.58,2.0,0.81,0.55,0.0,,,,,,◌Hunter_F.58A_(1971)
lancaster_mk1,8.0,100.0,0.0,0.0,7.0,7.0,9.0,,,,,,0.0,,,,,,Lancaster_B_Mk_I
us_xm1_chrysler,7.0,,,,,,965.0,74.38,0.0,0.0,4.63,3.27,0.0,,,,,,XM1_(Chrysler)
jp_tkx_prot,5.0,87.5,0.0,0.0,5.13,5.13,633.0,62.13,0.0,0.0,2.71,1.84,0.0,,,,,,TKX
uk_crusader_mk_2,6.0,,,0.0,,4.0,16.0,,,0.0,,1.0,0.0,,,,,,Crusader_II
ussr_smk,6.0,100.0,0.0,0.0,4.17,4.17,26.0,,,0.0,,2.62,0.0,,,,,,SMK
stirling_mk3,8.0,,,0.0,,3.0,0.0,,,,,,0.0,,,,,,Stirling_B_Mk_III
ussr_su_122,6.0,,,0.0,,2.0,52.0,50.0,0.0,0.0,1.25,1.25,0.0,,,,,,SU-122
p-36c,8.0,,,1.0,,1.0,0.0,,,,,,0.0,,,,,,P-36C
ussr_t_28E,8.0,,,,,,16.0,0.0,0.0,0.0,3.3,2.43,0.0,,,,,,T-28E
lagg-3-11,6.0,,,,,,0.0,,,,,,0.0,,,,,,LaGG-3-11
bb-1,7.0,100.0,4.0,3.29,8.67,5.43,150.0,70.76,1.5,2.94,5.79,12.35,0.0,,,,,,BB-1
ussr_btr_152a,6.0,100.0,2.0,2.0,1.0,1.0,41.0,16.67,0.26,0.4,0.0,0.0,0.0,,,,,,BTR-152A
f2a-1,8.0,,,1.0,,1.0,0.0,,,,,,0.0,,,,,,F2A-1
uk_daimler_mk_2,6.0,,,0.0,,2.8,32.0,,,0.0,,0.7,0.0,,,,,,Daimler_Mk_II
me-262a1_u1,8.0,0.0,3.0,3.0,0.0,0.0,237.0,34.99,0.68,0.62,0.76,0.7,0.0,,,,,,Me_262_A-1a/U1
us_m247,7.0,,,,,,237.0,63.76,1.33,1.41,0.08,0.11,0.0,,,,,,M247
ki-45_ko,8.0,,,,,,0.0,,,,,,0.0,,,,,,Ki-45_ko
us_lvt_a1_m24,8.0,,,,,,21.0,0.0,0.0,0.0,1.1,1.1,0.0,,,,,,LVT(A)(1)_(M24)
fr_arl_44_acl1,8.0,,,,,,6.0,,,0.0,,1.0,0.0,,,,,,ARL-44_(ACL-1)
it_c1_ariete_pso,8.0,,,,,,136.0,76.91,0.0,0.0,4.22,3.58,0.0,,,,,,Ariete_PSO
a6m2_n_zero,8.0,37.5,1.0,1.75,0.0,0.0,0.0,,,,,,0.0,,,,,,A6M2-N
p-40e,6.0,,,2.0,,0.0,43.0,100.0,0.0,0.05,0.05,0.08,0.0,,,,,,P-40E-1
uk_a_22b_mk_3_churchill_1942,7.0,,,0.0,,1.0,19.0,100.0,0.0,0.0,2.0,1.46,0.0,,,,,,Churchill_III
a6m2_mod11,8.0,37.5,1.63,2.75,0.0,0.0,82.0,100.0,0.95,1.3,0.1,0.14,0.0,,,,,,A6M2_mod._11
hurricane_mk1b,8.0,50.0,0.5,1.0,0.5,1.0,0.0,,,,,,0.0,,,,,,Sea_Hurricane_Mk_IB
pby-5a_ussr,6.0,100.0,1.0,1.0,5.0,5.0,0.0,,,,,,0.0,,,,,,PBY-5A_Catalina
l_39za,5.0,,,1.0,,2.0,27.0,100.0,0.0,0.0,1.47,1.0,0.0,,,,,,L-39ZA_Albatros
it_lancia3ro_100,7.0,100.0,0.0,,2.8,,0.0,,,,,,0.0,,,,,,Lancia_3Ro_(100/17)
uk_sarc_mk4_a,5.0,,,,,,0.0,,,,,,0.0,,,,,,SARC_MkIVa
vampire_fb52a_italy,6.0,100.0,2.0,2.0,0.0,0.0,13.0,,,1.0,,0.0,0.0,,,,,,Vampire_FB_52A
il_sholef,7.0,100.0,0.0,0.0,2.0,2.0,7.0,,,,,,0.0,,,,,,Sholef
a6m5_zero,7.0,,,,,,172.0,60.58,0.94,1.32,0.34,0.45,0.0,,,,,,A6M5
su-9,6.0,50.0,1.5,3.0,1.0,2.0,294.0,49.94,0.44,0.46,0.43,0.44,0.0,,,,,,Su-9
mig-9_ussr,7.0,,,,,,17.0,100.0,2.0,2.0,0.0,0.0,0.0,,,,,,MiG-9_(l)
sw_strv_m38,6.0,100.0,0.0,0.0,3.5,3.5,5.0,,,0.0,,1.6,0.0,,,,,,Strv_m/38
fiat_g91_ps,6.0,,,,,,0.0,,,,,,0.0,,,,,,G.91_pre-serie
go229_v3,7.0,50.0,1.0,2.0,0.0,0.0,90.0,49.41,0.99,1.46,3.12,5.27,0.0,,,,,,Ho_229_V3
bf-109e-1,6.0,,,,,,34.0,100.0,2.0,1.23,1.0,0.74,0.0,,,,,,Bf_109_E-1
yak-17,5.0,,,1.0,,0.0,0.0,,,,,,0.0,,,,,,Yak-17
cn_hj_9,6.0,,,0.0,,1.0,96.0,52.17,0.0,0.0,2.87,2.26,0.0,,,,,,AFT09
mig-9,7.0,,,,,,9.0,50.0,0.25,0.25,4.0,4.0,0.0,,,,,,MiG-9
uk_fv4005,7.0,,,,,,107.0,46.21,0.0,0.0,1.47,1.51,0.0,,,,,,FV4005
germ_pzkpfw_38t_Marder_III_ausf_H,5.0,,,,,,31.0,0.0,0.0,0.0,0.58,0.94,0.0,,,,,,Marder_III_H
saab_j21a_1,7.0,0.0,1.0,1.0,0.0,0.0,33.0,53.33,2.74,2.07,0.41,0.27,0.0,,,,,,J21A-1
mosquito_f_mk2_norway,7.0,,,1.43,,0.0,28.0,,,,,,0.0,,,,,,◢Mosquito_F.Mk.II
f_106a_1972,6.0,50.0,1.0,2.0,0.0,0.0,113.0,2.38,5.4,2.73,0.0,0.0,9.0,,,,,,F-106A
ussr_2s25,7.0,100.0,0.0,0.0,1.0,1.0,595.0,54.32,0.0,0.0,1.49,1.22,0.0,,,,,,2S25
bf-109g-14,7.0,,,0.86,,0.0,5.0,100.0,3.0,0.0,0.0,0.0,0.0,,,,,,Bf_109_G-14
bf-109g-2_finland,7.0,0.0,1.43,1.43,0.0,0.0,23.0,100.0,2.95,2.95,0.32,0.32,0.0,,,,,,Bf_109_G-2
cn_plz_83,7.0,,,0.0,,0.14,28.0,42.86,0.0,0.0,0.57,0.41,0.0,,,,,,PLZ83
il_magach_6m,6.0,,,,,,62.0,45.83,0.0,0.0,1.0,1.16,0.0,,,,,,Magach_6M
fr_lorraine_100,4.0,,,0.0,,0.0,90.0,56.99,0.0,0.0,3.18,5.32,0.0,,,,,,CA_Lorraine
mig_27k,6.0,,,,,,51.0,50.0,0.0,0.0,0.77,1.0,31.0,62.5,0.0,0.0,1.29,1.67,MiG-27K
uk_badger,7.0,,,0.0,,0.0,59.0,72.46,0.0,0.0,2.19,2.0,0.0,,,,,,Badger
us_efv_p1,7.0,,,0.0,,0.0,69.0,63.73,0.0,0.0,2.01,1.76,0.0,,,,,,EFV
me-410b-6_r3,7.0,100.0,0.0,0.0,0.0,0.0,14.0,,,0.0,,2.0,7.0,,,,,,Me_410_B-6/R3
sw_strv_m42_eh,6.0,100.0,0.0,0.0,0.33,0.33,91.0,50.0,0.0,0.0,2.74,1.93,0.0,,,,,,Strv_m/42_EH
uk_a_22f_mk_7_churchill_crocodile,5.0,100.0,0.0,,3.0,,80.0,50.0,0.0,0.0,3.34,3.72,0.0,,,,,,Churchill_Crocodile
p-47d,5.0,100.0,1.0,1.0,3.0,3.0,16.0,,,0.25,,0.0,0.0,,,,,,P-47D-25
cn_zsl_92,5.0,,,,,,96.0,65.08,0.0,0.0,0.83,0.83,0.0,,,,,,ZSL92
uk_centurion_mk_5_raac,6.0,100.0,0.0,0.0,2.0,2.0,26.0,100.0,0.0,0.0,3.11,2.39,0.0,,,,,,Centurion_Mk.5/1
ussr_isu_122,6.0,,,0.0,,2.0,13.0,,,0.0,,2.85,0.0,,,,,,ISU-122
i-153_m62_zhukovskiy,4.0,,,,,,0.0,,,,,,0.0,,,,,,Zhukovsky's_I-153-M62
su_25k,4.0,,,,,,634.0,60.07,0.39,0.39,1.72,1.66,0.0,,,,,,Su-25K
cn_type_69_2a,6.0,,,0.0,,1.0,81.0,81.72,0.0,0.0,2.75,3.76,0.0,,,,,,Type_69-IIa
f-4m_fgr2,4.0,,,1.0,,0.0,12.0,100.0,1.0,1.0,1.0,1.0,0.0,,,,,,Phantom_FGR.2
germ_kanonenjagdpanzer,4.0,,,0.0,,1.0,241.0,31.7,0.0,0.0,1.78,1.1,17.0,0.0,0.0,0.0,1.0,1.0,JPz_4-5
jp_type_74_red_star,4.0,,,0.0,,1.0,258.0,58.08,0.0,0.0,2.6,1.61,0.0,,,,,,Type_74_Red_Star
jp_oplot_t,6.0,,,0.0,,1.0,209.0,69.31,0.0,0.0,3.68,2.2,0.0,,,,,,BM_Oplot-T
re_2005_serie0,5.0,,,,,,3.0,,,0.0,,0.0,0.0,,,,,,Re.2005_serie_0
f-4k,4.0,,,1.0,,0.0,16.0,50.0,1.5,3.0,0.0,0.0,0.0,,,,,,Phantom_FG.1
uk_centurion_mk_5_avre_era,4.0,,,,,,30.0,50.0,0.0,0.0,1.0,0.33,0.0,,,,,,Centurion_Mk.5_AVRE
saab_b17a,5.0,0.0,0.0,0.0,2.0,2.0,0.0,,,,,,0.0,,,,,,B17A
tornado_f3,4.0,,,,,,131.0,50.0,1.57,2.11,0.42,0.58,0.0,,,,,,Tornado_F.3
ussr_it_1,6.0,50.0,0.0,0.0,0.5,1.0,142.0,57.14,0.0,0.0,2.89,1.32,0.0,,,,,,IT-1
ussr_2s1,4.0,0.0,0.0,0.0,1.0,1.0,34.0,50.0,0.0,0.0,1.75,1.71,0.0,,,,,,2S1
ussr_object_685,4.0,,,0.0,,0.0,225.0,54.12,0.0,0.0,1.66,1.53,0.0,,,,,,Object_685
cn_zts_63_1980,6.0,,,,,,171.0,76.0,0.0,0.0,2.36,1.29,11.0,,,0.0,,1.0,ZTS63
mig-21_bis,4.0,,,0.0,,0.0,35.0,50.0,1.5,1.71,0.0,0.0,0.0,,,,,,MiG-21bis
cn_t_62,4.0,,,,,,5.0,,,,,,0.0,,,,,,Т-62_№545
jp_type_60_sprg,5.0,,,,,,572.0,52.44,0.0,0.0,1.91,1.62,0.0,,,,,,Type_60_SPRG_(C)
cn_m8_greyhound,4.0,100.0,0.0,,1.0,,53.0,100.0,0.0,0.0,2.0,0.61,0.0,,,,,,M8_LAC_(China)
germ_pzkpfw_e_100,4.0,,,,,,0.0,,,,,,0.0,,,,,,E-100
fa_18c_finland,4.0,100.0,6.0,6.0,0.0,0.0,2.0,50.0,1.0,1.0,0.0,0.0,0.0,,,,,,F-18C
il_merkava_mk_4_lic,3.0,0.0,0.0,0.0,3.0,3.0,24.0,50.0,0.0,0.0,0.75,1.5,0.0,,,,,,Merkava_Mk.4_LIC
cn_zsd63_pg87,3.0,0.0,1.0,,0.0,,105.0,8.33,0.53,0.51,0.0,0.0,0.0,,,,,,ZSD63/PG87
p_108b_serie2,5.0,,,0.0,,2.2,0.0,,,,,,0.0,,,,,,P.108B_serie_2
p-51b,6.0,50.0,3.5,3.5,0.0,0.0,69.0,57.89,1.68,1.08,0.97,0.45,81.0,50.0,8.1,6.23,0.3,0.43,Mustang_Mk_IA
he51b1,3.0,,,2.0,,0.0,0.0,,,,,,0.0,,,,,,He_51_B-1
he_112v_5,3.0,,,2.0,,0.0,0.0,,,,,,0.0,,,,,,He_112_V-5
sw_sav_m43_1944,5.0,,,,,,0.0,,,,,,0.0,,,,,,Sav_m/43_(1944)
sb_25j_netherlands,4.0,,,1.0,,1.0,0.0,,,,,,0.0,,,,,,◘SB-25J
ussr_t_26_1940_1st_GvTBr,4.0,,,,,,0.0,,,,,,27.0,,,0.0,,1.0,T-26_(1st_Gv.T.Br.)
it_leopard_2a4,2.0,50.0,0.0,0.0,2.5,5.0,122.0,57.75,0.0,0.0,4.0,1.85,0.0,,,,,,◔Leopard_2A4
it_freccia,3.0,100.0,0.0,0.0,1.0,1.0,37.0,100.0,0.0,0.0,2.8,0.96,0.0,,,,,,Freccia
gladiator_mk2,4.0,,,1.0,,0.0,0.0,,,,,,0.0,,,,,,Gladiator_Mk_II
saab_a21a_3,3.0,,,1.0,,0.0,32.0,13.04,1.13,1.13,2.13,2.13,0.0,,,,,,A21A-3
mig-17,3.0,,,,,,45.0,91.67,1.78,1.42,0.25,0.31,0.0,,,,,,MiG-17
cn_al_khalid_1,5.0,0.0,0.0,0.0,2.0,2.0,941.0,49.23,0.0,0.0,2.01,1.57,45.0,83.34,0.0,0.0,1.15,1.08,Al-Khalid-I
germ_9a35_m,3.0,,,1.0,,0.0,0.0,,,,,,0.0,,,,,,Стрела-10М
us_halftrack_m15,3.0,,,,,,18.0,,,0.0,,0.0,0.0,,,,,,M15_CGMC
il-10_1946_hungary,3.0,,,1.0,,0.0,35.0,90.48,0.09,0.11,3.61,3.42,0.0,,,,,,◔IL-10
jaguar_is,5.0,,,1.0,,0.0,65.0,44.32,0.13,0.17,0.61,0.98,0.0,,,,,,Jaguar_IS
ki_100_early,3.0,,,,,,53.0,95.0,0.95,0.76,2.1,1.58,0.0,,,,,,Ki-100
germ_wiesel_2_adwc,5.0,,,,,,71.0,50.0,1.41,2.45,0.0,0.0,0.0,,,,,,Ozelot
mosquito_j30_sweden,4.0,,,3.0,,0.0,51.0,90.91,0.18,0.05,1.0,0.84,0.0,,,,,,Mosquito_J30
ussr_is_1_kit_3rank,3.0,,,0.0,,1.0,76.0,50.0,0.0,0.0,1.35,1.56,0.0,,,,,,ИС-1_('45)
cn_mbt2000,5.0,0.0,0.0,0.0,1.0,1.0,143.0,45.74,0.0,0.0,1.62,1.48,0.0,,,,,,MBT-2000
germ_th_400,4.0,100.0,0.0,0.0,2.0,2.0,181.0,44.89,0.0,0.0,1.86,1.07,0.0,,,,,,R400
sb2c_5_france,4.0,,,1.0,,0.0,6.0,100.0,1.0,,3.0,,0.0,,,,,,SB2C-5
i-15bis_krasnolutsky,3.0,,,,,,0.0,,,,,,0.0,,,,,,Krasnolutsky's_I-15bis
fa_18c_early,3.0,,,1.0,,0.0,1308.0,53.89,0.91,1.01,0.5,0.57,34.0,,,1.73,,0.58,F/A-18C_Early
uk_a27m_cromwell_5_rp3,2.0,,,,,,20.0,,,0.0,,1.0,0.0,,,,,,Cromwell_V_(RP-3)
germ_pzkpfw_38t_ausf_F,2.0,,,,,,0.0,,,,,,0.0,,,,,,Pz.38(t)_F
jp_type_94,2.0,,,,,,0.0,,,,,,0.0,,,,,,Type_94
db_7,3.0,,,,,,16.0,50.0,0.0,0.0,0.0,0.0,0.0,,,,,,DB-7
il_merkava_mk_3c,3.0,100.0,0.0,0.0,2.0,2.0,140.0,46.02,0.0,0.0,2.88,2.18,0.0,,,,,,Merkava_Mk.3C
ussr_ba_11,3.0,,,,,,39.0,12.5,0.0,0.0,2.38,1.93,0.0,,,,,,BA-11
seafire_mk3_france,3.0,,,,,,32.0,100.0,1.0,0.35,1.0,0.06,0.0,,,,,,Seafire_LF_Mk.III
us_mbt_70,2.0,100.0,0.0,0.0,2.0,2.0,1534.0,57.51,0.0,0.0,1.79,1.49,0.0,,,,,,MBT-70
fa_18a_raaf,3.0,,,,,,62.0,44.23,1.45,2.67,1.02,2.04,0.0,,,,,,F/A-18A
ussr_t_72b3_2011,2.0,,,0.0,,1.0,917.0,51.72,0.0,0.0,2.07,1.84,0.0,,,,,,T-72B3
mig_3_series_1_15_bk_pod,3.0,100.0,3.0,3.0,2.0,2.0,0.0,,,,,,0.0,,,,,,MiG-3-15_(BK)
us_t54e2,3.0,,,,,,2.0,,,0.0,,2.0,0.0,,,,,,T54E2
yak-15,3.0,,,,,,47.0,74.19,1.16,1.94,0.45,0.71,0.0,,,,,,Yak-15
germ_sdkfz_6_2_flak36,2.0,,,,,,16.0,0.0,0.0,0.0,1.0,1.0,0.0,,,,,,Sd.Kfz._6/2
sw_leopard_1a5no,2.0,100.0,0.0,0.0,2.0,2.0,287.0,42.42,0.0,0.0,3.07,1.85,0.0,,,,,,Leopard_1A5NO2
cn_m_41d,3.0,100.0,0.0,0.0,1.0,1.0,175.0,72.9,0.0,0.0,1.64,1.28,0.0,,,,,,M41D
kfir_c10_colombia,2.0,100.0,6.0,6.0,1.0,1.0,41.0,84.0,1.71,2.1,0.3,0.42,59.0,100.0,11.89,2.53,0.0,0.0,◡Kfir_C.10
f-4f_kws_lv,2.0,,,4.0,,0.0,145.0,35.59,1.17,1.21,0.15,0.16,12.0,,,0.0,,0.0,◄F-4F_KWS_LV
spitfire_fr_mk14e,1.0,,,5.0,,0.0,5.0,,,0.0,,0.0,0.0,,,,,,Prendergast's_Spitfire_FR_Mk_XIVe
us_m8a1,1.0,,,,,,21.0,,,0.0,,2.08,0.0,,,,,,M8A1_GMC
saab_ja37di_f21,2.0,,,3.0,,1.0,180.0,53.59,1.19,1.34,0.19,0.19,42.0,,,1.05,,0.0,JA37DI_F21
it_c1_ariete_preserie,1.0,,,,,,102.0,35.32,0.0,0.0,2.69,2.0,0.0,,,,,,Ariete_(P)
sw_bkan_1c,1.0,0.0,3.0,3.0,0.0,0.0,252.0,42.76,0.07,0.09,1.12,1.18,0.0,,,,,,Bkan_1C
sw_vickers_mk_e_37,2.0,,,,,,0.0,,,,,,0.0,,,,,,Vickers_Mk.E
a6m3_mod22ko_zero,3.0,0.0,3.5,3.5,0.0,0.0,15.0,100.0,0.0,,0.0,,0.0,,,,,,A6M3_mod._22Ko
saab_jas39e,2.0,,,,,,228.0,52.28,1.4,1.99,1.3,1.87,61.0,0.0,5.5,1.05,0.0,0.0,JAS39E
fa_18a,3.0,100.0,2.0,2.0,0.0,0.0,180.0,65.86,1.43,1.58,0.45,0.5,43.0,,,2.26,,0.0,F/A-18A
us_m22_locust,1.0,,,0.0,,2.0,159.0,44.48,0.0,0.0,1.8,1.31,0.0,,,,,,M22
cn_is_2_1944,2.0,,,0.0,,3.5,44.0,100.0,0.0,0.0,2.83,1.68,0.0,,,,,,IS-2_(1944)_(China)
a7m1,2.0,,,,,,188.0,84.01,2.26,2.02,1.47,1.42,0.0,,,,,,A7M1_(NK9H)
f_16a_block_10,3.0,,,,,,199.0,80.45,0.71,0.93,2.52,3.38,0.0,,,,,,F-16A
spitfire_mk1,3.0,,,1.0,,0.0,12.0,,,1.0,,0.0,0.0,,,,,,Spitfire_Mk_Ia
ussr_2s25m,2.0,,,0.0,,1.0,995.0,52.47,0.0,0.0,1.19,0.95,0.0,,,,,,2S25M
hurricane_mk1c,3.0,,,2.0,,0.0,0.0,,,,,,0.0,,,,,,Sea_Hurricane_Mk_IC
spitfire_ix_usa,3.0,,,,,,352.0,62.98,1.15,1.27,1.51,1.63,13.0,,,,,,Spitfire_LF_Mk_IXc
f_14d,3.0,,,1.0,,0.0,998.0,51.09,1.2,1.35,0.05,0.06,0.0,,,,,,F-14D
it_fiat_6616_cockerill,2.0,,,,,,289.0,49.36,0.0,0.0,1.27,0.83,0.0,,,,,,AUBL/74
sw_itpsv_90,2.0,,,0.0,,2.0,824.0,46.73,0.22,0.15,2.12,1.51,0.0,,,,,,ItPsV_Leopard
saab_ja37di,2.0,,,,,,0.0,,,,,,0.0,,,,,,JA37DI
it_vcc_80_hitfist_60,3.0,0.0,0.0,0.0,1.0,1.0,179.0,47.31,0.19,0.1,2.21,1.05,0.0,,,,,,VCC-80/60
uk_ac1_sentinel,0.0,,,,,,0.0,,,,,,0.0,,,,,,A.C.I
it_centauro_mgs_120,3.0,,,,,,14.0,50.0,0.0,0.0,1.3,3.43,0.0,,,,,,Centauro_I_120
ef_2000_fgr4,2.0,,,,,,56.0,76.47,1.12,1.13,0.0,0.0,0.0,,,,,,Typhoon_FGR.4
uk_a_22_mk_1_churchill_1941,0.0,,,,,,14.0,,,,,,0.0,,,,,,Churchill_I
jp_stingray,1.0,,,0.0,,2.0,269.0,55.72,0.0,0.0,1.49,1.87,0.0,,,,,,Stingray
sw_strv_103_0,0.0,,,,,,240.0,48.33,0.0,0.0,2.62,2.96,0.0,,,,,,Strv_103-0
uk_t_90s_bheeshma,1.0,,,0.0,,1.0,123.0,75.0,0.0,0.0,4.5,2.16,0.0,,,,,,Bhishma_TWMP
jp_type_16_mcv_prot,1.0,,,,,,364.0,47.28,0.0,0.0,1.18,1.29,17.0,,,0.0,,0.0,Type_16_(P)
av_8c,0.0,,,,,,60.0,23.44,0.34,0.23,1.09,2.31,0.0,,,,,,AV-8C
us_m60a3_tts,0.0,,,,,,353.0,49.01,0.0,0.0,1.8,1.51,0.0,,,,,,M60A3_TTS
he-111h-2,0.0,,,,,,0.0,,,,,,0.0,,,,,,He_111_H-3
re_2000_heja_2,0.0,,,,,,14.0,100.0,3.0,3.0,0.0,0.0,0.0,,,,,,◔Héja_II
il-2m_mstitel,0.0,,,,,,41.0,100.0,1.0,0.71,3.47,2.79,0.0,,,,,,"IL-2M_""Avenger"""
b5n2,0.0,,,,,,19.0,50.0,0.0,0.0,0.5,1.0,6.0,100.0,0.0,0.0,3.0,3.0,B5N2
us_m4a2_1944_germ,0.0,,,,,,6.0,,,0.0,,1.5,0.0,,,,,,M4_748_(a)
mc200_serie7_italy,0.0,,,,,,0.0,,,,,,0.0,,,,,,C._200_serie_7
b6n1,0.0,,,,,,0.0,,,,,,0.0,,,,,,B6N1_Model_11
lagg-3-66,0.0,,,,,,0.0,,,,,,0.0,,,,,,LaGG-3-66
douglas_ad_4,0.0,,,,,,48.0,100.0,0.0,0.0,2.57,3.0,0.0,,,,,,AD-4
il_magach_6a,0.0,,,,,,27.0,0.0,0.0,0.0,1.0,0.74,0.0,,,,,,Magach_6A
saab_b18b,0.0,,,,,,32.0,100.0,0.0,0.0,0.0,1.0,0.0,,,,,,B18B
fw_190a_5_u14,0.0,,,,,,0.0,,,,,,0.0,,,,,,Fw_190_A-5/U14
a-26b,0.0,,,,,,10.0,,,0.11,,1.11,0.0,,,,,,A-26B-50
er-2_ach30b_late,0.0,,,,,,0.0,,,,,,0.0,,,,,,Yer-2_(ACh-30B)_(l)
ussr_t_28,0.0,,,,,,97.0,70.37,0.0,0.0,6.52,4.26,0.0,,,,,,T-28
j1n1_mod11_early,0.0,,,,,,11.0,100.0,0.0,0.0,0.0,0.0,0.0,,,,,,J1N1
so_4050_vautour_2b,0.0,,,,,,0.0,,,,,,0.0,,,,,,S.O.4050_Vautour_IIB
ussr_t_26_4,0.0,,,,,,0.0,,,,,,0.0,,,,,,T-26-4
it_40m_turan_1,0.0,,,,,,17.0,25.0,0.0,0.0,1.63,2.25,0.0,,,,,,Turan_I
so_4050_vautour_2a,0.0,,,,,,0.0,,,,,,0.0,,,,,,S.O.4050_Vautour_IIA
it_m13_40_serie_3,0.0,,,,,,6.0,,,,,,0.0,,,,,,M13/40_(III)
it_semovente_m43_75_46,0.0,,,,,,9.0,,,0.0,,1.0,0.0,,,,,,75/46_M43
germ_sturmpanzer_II,0.0,,,,,,6.0,,,0.0,,1.0,0.0,,,,,,Sturmpanzer_II
bf-109e-4,0.0,,,,,,6.0,,,,,,0.0,,,,,,Bf_109_E-4
p-38e,0.0,,,,,,0.0,,,,,,0.0,,,,,,P-38E
ki_21_1hei,0.0,,,,,,0.0,,,,,,0.0,,,,,,Ki-21-I_hei
us_m18_super_hellcat,0.0,,,,,,301.0,57.92,0.0,0.0,2.75,1.93,0.0,,,,,,Super_Hellcat
it_p_40,0.0,,,,,,8.0,100.0,0.0,0.0,5.0,2.5,0.0,,,,,,P40
yak-1b_luftwaffe,0.0,,,,,,191.0,93.68,4.95,39.25,0.3,2.31,0.0,,,,,,Yak-1B
tandem_mai,0.0,,,,,,0.0,,,,,,0.0,,,,,,Tandem_MAI
cn_plz_05,0.0,,,,,,158.0,78.67,0.0,0.0,3.21,1.56,0.0,,,,,,PLZ05
am_1_mauler,0.0,,,,,,111.0,67.29,0.58,1.07,1.88,2.02,0.0,,,,,,AM-1
etndard_4m,0.0,,,,,,1.0,,,0.0,,0.0,0.0,,,,,,Etendard_IVM
germ_pzkpfw_IV_ausf_F,0.0,,,,,,22.0,,,0.0,,3.24,0.0,,,,,,Pz.IV_F1
us_m1128_wolfpack,0.0,,,,,,536.0,55.82,0.0,0.0,1.62,1.05,0.0,,,,,,M1128_Wolfpack
he51c1,0.0,,,,,,0.0,,,,,,0.0,,,,,,He_51_C-1
fr_amx_50_foch,0.0,,,,,,87.0,37.93,0.0,0.0,1.76,1.43,0.0,,,,,,AMX-50_Foch
sw_lvkv_90c,0.0,,,,,,221.0,55.08,1.22,0.84,1.64,1.15,0.0,,,,,,Lvkv_9040C
corsair_fmk2,0.0,,,,,,1.0,100.0,1.0,,0.0,,0.0,,,,,,Corsair_F_Mk_II
la-5fn_luftwaffe,0.0,,,,,,0.0,,,,,,0.0,,,,,,La-5FN
f8f1b_france,0.0,,,,,,147.0,84.4,1.62,1.85,2.48,2.9,0.0,,,,,,F8F-1B
do_217j_2,0.0,,,,,,0.0,,,,,,0.0,,,,,,Do_217_J-2
spitfiremkiia,0.0,,,,,,0.0,,,,,,0.0,,,,,,Spitfire_Mk_IIa
uk_challenger_2_dorchester,0.0,,,,,,319.0,48.4,0.0,0.0,1.69,1.46,0.0,,,,,,Challenger_2_(2F)
firebrand_tf4,0.0,,,,,,86.0,67.34,0.0,0.0,1.09,1.02,0.0,,,,,,Firebrand_TF_Mk_IV
ta_154a_1,0.0,,,,,,0.0,,,,,,0.0,,,,,,Ta_154_A-1
pb4y-2_france,0.0,,,,,,0.0,,,,,,0.0,,,,,,PB4Y-2
fokker_d21_serie3_finland,0.0,,,,,,0.0,,,,,,0.0,,,,,,Fokker_D.XXI-3
ki_44_1_ep,0.0,,,,,,24.0,100.0,1.0,1.0,0.0,0.0,0.0,,,,,,Ki-44-I_34
f-8e_fn,0.0,,,,,,16.0,50.0,1.0,1.0,0.3,0.3,0.0,,,,,,F-8E(FN)
germ_sdkfz_251_22,0.0,,,,,,18.0,,,0.0,,0.89,0.0,,,,,,Sd.Kfz.251/22
sw_tgdgb_m40_lv,0.0,,,,,,67.0,2.78,0.0,0.0,2.53,1.15,0.0,,,,,,Lvtdgb_m/40
it_m55,0.0,,,,,,9.0,,,0.0,,1.0,0.0,,,,,,M55
ussr_t_50,0.0,,,,,,93.0,78.67,0.0,0.0,4.35,2.41,0.0,,,,,,T-50
f4u-1a,0.0,,,,,,22.0,,,,,,0.0,,,,,,F4U-1A
it_semovente_breda_501,0.0,,,,,,65.0,100.0,0.0,0.0,3.33,2.58,0.0,,,,,,Breda_501
fr_1_fireball,0.0,,,,,,178.0,50.16,0.25,0.19,1.29,0.93,29.0,100.0,0.0,0.0,3.0,2.02,FR-1_Fireball
p-40f_10,0.0,,,,,,6.0,50.0,1.5,3.0,0.0,0.0,0.0,,,,,,P-40F-10
md_450b_barougan,0.0,,,,,,24.0,50.0,1.5,1.65,1.5,1.65,0.0,,,,,,M.D.450B_Barougan
ms_405c1,0.0,,,,,,0.0,,,,,,0.0,,,,,,M.S.405C1
il_centurion_shot_kal_gimel,0.0,,,,,,9.0,100.0,0.0,0.0,2.0,2.0,0.0,,,,,,Sho't_Kal_Gimel
he_100d_1,0.0,,,,,,1.0,,,,,,0.0,,,,,,He_100_D-1
p-51_a-36,0.0,,,,,,37.0,0.0,1.44,1.28,1.06,0.67,0.0,,,,,,A-36
n1k1_ja,0.0,,,,,,2.0,,,,,,0.0,,,,,,N1K1-Ja
uk_a30_sp_avenger_kit_3rank,0.0,,,,,,110.0,66.67,0.0,0.0,3.18,1.5,0.0,,,,,,Avenger_(Overlord)
tempest_mkv,0.0,,,,,,7.0,,,2.0,,0.0,0.0,,,,,,Tempest_Mk_V
yak-9t_france,0.0,,,,,,23.0,,,,,,0.0,,,,,,Challe's_Yak-9T
germ_sdkfz_221_s_pz_b_41,0.0,,,,,,26.0,100.0,0.0,0.0,1.96,1.96,0.0,,,,,,Sd.Kfz.221_(s.Pz.B.41)
g_55_serie1_ss0,0.0,,,,,,17.0,,,1.0,,0.0,0.0,,,,,,G.55_sottoserie_0
fw-190d-12,0.0,,,,,,46.0,,,0.74,,1.0,0.0,,,,,,Fw_190_D-12
saab_b17b,0.0,,,,,,14.0,0.0,0.0,0.0,0.0,0.0,0.0,,,,,,B17B
seafire_fr47,0.0,,,,,,0.0,,,,,,0.0,,,,,,Seafire_FR_47
germ_pzkpfw_38t_Marder_III,0.0,,,,,,0.0,,,,,,0.0,,,,,,Marder_III
jp_type_95_ha_go,0.0,,,,,,0.0,,,,,,0.0,,,,,,Ha-Go
spitfire_mk18e,0.0,,,,,,3.0,,,,,,0.0,,,,,,Spitfire_F_Mk_XVIIIe
lagg-i-301,0.0,,,,,,0.0,,,,,,0.0,,,,,,I-301
us_t32,0.0,,,,,,286.0,54.91,0.0,0.0,2.57,2.35,0.0,,,,,,T32
ussr_bt_7a_f32,0.0,,,,,,91.0,78.23,0.0,0.0,2.25,1.93,0.0,,,,,,BT-7A_(F-32)
jp_type_61_mod,0.0,,,,,,100.0,69.6,0.0,0.0,3.0,2.4,0.0,,,,,,Type_61_(B)
xf5u_1,0.0,,,,,,4.0,,,,,,0.0,,,,,,XF5U-1
me_210a_1,0.0,,,,,,26.0,,,0.0,,0.0,0.0,,,,,,Me_210_A-1
iar_81c,0.0,,,,,,0.0,,,,,,0.0,,,,,,IAR-81C
cn_type_69,0.0,,,,,,70.0,50.67,0.0,0.0,2.23,2.24,0.0,,,,,,Type_69
p1y1_mod11_china,0.0,,,,,,0.0,,,,,,0.0,,,,,,P1Y1_mod._11_(China)
mirage_5f,0.0,,,,,,34.0,54.45,1.2,1.27,0.83,0.83,0.0,,,,,,Mirage_5F
uk_ratel_90,0.0,,,,,,115.0,72.22,0.0,0.0,2.57,1.46,0.0,,,,,,Ratel_90
g_55_serie1,0.0,,,,,,0.0,,,,,,0.0,,,,,,G.55_serie_1
p-47d_luftwaffe,0.0,,,,,,10.0,,,2.0,,1.0,0.0,,,,,,P-47D
f4u-1a_usmc,0.0,,,,,,0.0,,,,,,0.0,,,,,,F4U-1A_(USMC)
sw_strv_m41_s2,0.0,,,,,,41.0,,,0.0,,0.82,0.0,,,,,,Strv_m/41_S-II
germ_infanterie_kampfpanzer_churchill,0.0,,,,,,5.0,50.0,0.0,0.0,1.0,2.0,0.0,,,,,,Pz.Kpfw._Churchill
tu-2,0.0,,,,,,32.0,78.79,0.2,0.13,1.34,1.1,0.0,,,,,,Tu-2S
f2a-1_thach,0.0,,,,,,0.0,,,,,,0.0,,,,,,Thach's_F2A-1
uk_3_inch_gun_carrier,0.0,,,,,,0.0,,,,,,0.0,,,,,,Gun_Carrier_(3-in)
il_merkava_mk_4b,0.0,,,,,,3.0,,,0.0,,2.33,0.0,,,,,,Merkava_Mk.4B
d_520_france,0.0,,,,,,6.0,,,,,,0.0,,,,,,D.520
germ_pzkpfw_II_ausf_C,0.0,,,,,,38.0,100.0,0.0,,2.5,,0.0,,,,,,Pz.II_C
i-16_type18,0.0,,,,,,0.0,,,,,,0.0,,,,,,I-16_type_18
p-63a-5,0.0,,,,,,82.0,88.71,2.69,1.7,1.76,1.36,0.0,,,,,,P-63A-5
p-40e_china,0.0,,,,,,44.0,34.62,1.04,1.17,1.62,1.69,0.0,,,,,,P-40E-1_(China)
ki_84_ko,0.0,,,,,,18.0,85.72,1.29,1.5,0.41,0.5,0.0,,,,,,Ki-84_ko
f-104a,0.0,,,,,,86.0,33.82,1.02,0.7,0.28,0.18,0.0,,,,,,F-104A
uk_ac4_thunderbolt,0.0,,,,,,0.0,,,,,,4.0,,,,,,A.C.IV
f6f-5_france,0.0,,,,,,112.0,58.53,0.12,0.1,1.31,1.14,0.0,,,,,,F6F-5
brigand_b1,0.0,,,,,,0.0,,,,,,0.0,,,,,,Brigand_B_1
f-86k_late,0.0,,,,,,24.0,100.0,1.0,1.0,0.0,0.6,0.0,,,,,,F-86K
it_otobreda_sidam_25,0.0,,,,,,81.0,50.0,0.5,0.76,0.43,0.65,0.0,,,,,,SIDAM_25
fw-190a-8,0.0,,,,,,25.0,,,,,,0.0,,,,,,Fw_190_A-8
it_fiat_6614_106sr,0.0,,,,,,286.0,74.62,0.0,0.0,2.47,1.8,13.0,100.0,0.0,0.0,1.92,1.92,FIAT_6614
f4u-7,0.0,,,,,,150.0,62.32,1.06,1.26,2.64,3.21,0.0,,,,,,F4U-7
ju-87b-2,0.0,,,,,,51.0,48.41,0.03,0.05,0.0,0.0,0.0,,,,,,Ju_87_B-2
bf-109f-2,0.0,,,,,,10.0,,,,,,0.0,,,,,,Bf_109_F-2
ki_43_3_ko,0.0,,,,,,0.0,,,,,,0.0,,,,,,Ki-43-III_ko_(China)
il_m163_vulcan,0.0,,,,,,6.0,,,0.0,,0.0,0.0,,,,,,Hovet
ussr_t_60_1941,0.0,,,,,,11.0,,,,,,0.0,,,,,,T-60
uk_challenger_II,0.0,,,,,,470.0,51.88,0.0,0.0,1.78,1.86,55.0,66.67,0.0,0.0,3.81,2.87,uk_challenger_ii_shop
il_merkava_mk_1b,0.0,,,,,,22.0,0.0,0.0,0.0,2.43,1.46,0.0,,,,,,Merkava_Mk.1B
i-15_1935,0.0,,,,,,0.0,,,,,,0.0,,,,,,I-15_M-22
uk_sherman_vc_firefly_kit_3rank,0.0,,,,,,35.0,100.0,0.0,0.0,2.0,0.75,0.0,,,,,,Firefly_(Overlord)
i-153_m62,0.0,,,,,,0.0,,,,,,0.0,,,,,,I-153_M-62
la-11_china,0.0,,,,,,16.0,,,,,,0.0,,,,,,La-11_(China)
it_44m_zrinyi_1,0.0,,,,,,65.0,46.49,0.0,0.0,2.59,1.8,0.0,,,,,,Zrinyi_I
j6b,0.0,,,,,,0.0,,,,,,0.0,,,,,,J6B
tornado_gr1,0.0,,,,,,8.0,100.0,0.0,,2.0,,0.0,,,,,,Tornado_GR.1
ussr_t_44_122,0.0,,,,,,111.0,57.53,0.0,0.0,2.66,1.91,3.0,,,0.0,,0.0,T-44-122
re_2005_vdm,0.0,,,,,,92.0,88.69,2.6,2.47,1.9,1.86,0.0,,,,,,Re.2005_(VDM)
yak-28b,0.0,,,,,,63.0,50.0,0.3,0.48,0.5,0.65,0.0,,,,,,Yak-28B
bf-109g-10,0.0,,,,,,24.0,0.0,1.0,,1.0,,0.0,,,,,,Bf_109_G-10
fw_190f_8_hungary,0.0,,,,,,7.0,,,1.0,,2.0,0.0,,,,,,◔Fw_190_F-8
fr_m4a1_sherman,0.0,,,,,,15.0,100.0,0.0,0.0,5.0,5.0,0.0,,,,,,M4A1
it_b1_centauro,0.0,,,,,,168.0,70.52,0.0,0.0,3.3,2.27,0.0,,,,,,Centauro_I_105
a6m5hei,0.0,,,,,,0.0,,,,,,0.0,,,,,,A6M5_Hei
us_m4_t26,0.0,,,,,,248.0,66.04,0.0,0.0,2.75,1.64,0.0,,,,,,M4/T26
gladiator_j8a,0.0,,,,,,0.0,,,,,,0.0,,,,,,J8A
wyvern_s4,0.0,,,,,,146.0,56.3,0.75,1.04,5.03,7.24,41.0,100.0,10.0,3.79,5.71,2.14,Wyvern_S4
sbd-3,0.0,,,,,,0.0,,,,,,0.0,,,,,,SBD-3
cn_ztz_59a,0.0,,,,,,49.0,0.0,0.0,0.0,0.45,1.74,4.0,,,0.0,,2.0,ZTZ59A
germ_flakpz_1a2_Gepard,0.0,,,,,,337.0,36.38,0.78,0.49,0.48,0.33,0.0,,,,,,Gepard_1A2
fokker_d21_mod20,0.0,,,,,,0.0,,,,,,0.0,,,,,,Fokker_D.XXI
uk_marmon_herrington_mk_6_6pdr,0.0,,,,,,80.0,27.08,0.0,0.0,1.56,0.75,0.0,,,,,,SARC_MkVI_(6pdr)
spitfire_lf_mk9e_iaf,0.0,,,,,,18.0,,,,,,0.0,,,,,,Spitfire_Mk.IX_(CW)_(Israel)
us_m4a3e8_76w_sherman_kit_3rank,0.0,,,,,,129.0,75.09,0.01,0.01,6.3,3.09,0.0,,,,,,Sherman_(Hell)
it_leopard_1a2,0.0,,,,,,88.0,82.4,0.0,0.0,0.52,0.53,0.0,,,,,,Leopard_1A2
spitfire_fr_mk14e_belgium,0.0,,,,,,33.0,,,1.92,,1.42,0.0,,,,,,Spitfire_FR_Mk_XIVe
il-2i,0.0,,,,,,4.0,,,0.0,,2.0,7.0,,,,,,IL-2_(1942)
ussr_bmd_4,0.0,,,,,,333.0,54.72,0.0,0.0,1.99,1.42,11.0,,,,,,BMD-4
p-38j_marge,0.0,,,,,,14.0,100.0,5.0,,4.0,,34.0,100.0,1.59,1.5,2.86,2.58,Bong's_P-38J-15
cn_vt_4,0.0,,,,,,90.0,79.49,0.0,0.0,3.18,1.35,0.0,,,,,,VT4
i-15_1934,0.0,,,,,,0.0,,,,,,0.0,,,,,,I-15_WR
il_magach_2,0.0,,,,,,6.0,50.0,0.0,0.0,0.92,1.83,0.0,,,,,,Magach_2
mc-205_serie3,0.0,,,,,,42.0,100.0,2.9,2.0,1.55,0.33,0.0,,,,,,C._205_serie_3
cn_m42_duster,0.0,,,,,,22.0,,,0.0,,0.0,0.0,,,,,,M42_(China)
germ_sdkfz_234_2_mod,0.0,,,,,,96.0,50.0,0.0,0.0,1.64,0.79,0.0,,,,,,"Sd.Kfz.234/2_""Biene"""
il-10_1946_china,0.0,,,,,,4.0,100.0,0.0,0.0,1.25,1.25,0.0,,,,,,IL-10_(1946)_(China)
fr_amx_30_dca,0.0,,,,,,299.0,29.6,0.29,0.34,0.31,0.35,0.0,,,,,,AMX-30_DCA
b-17g,0.0,,,,,,0.0,,,,,,0.0,,,,,,B-17G-60-VE
fr_amx_32,0.0,,,,,,109.0,29.23,0.0,0.0,4.27,3.1,0.0,,,,,,AMX-32
re_2000_j20,0.0,,,,,,0.0,,,,,,0.0,,,,,,J20
he-111h-16_winter,0.0,,,,,,59.0,17.33,0.0,0.0,0.96,0.94,0.0,,,,,,He_111_H-16
it_of_40_mk_2a,0.0,,,,,,102.0,49.35,0.0,0.0,2.18,2.19,0.0,,,,,,OF-40_Mk.2A
f3f-2,0.0,,,,,,0.0,,,,,,0.0,,,,,,F3F-2
saab_t18b_2,0.0,,,,,,0.0,,,,,,0.0,,,,,,T18B_(57)
tempest_mk2,0.0,,,,,,79.0,63.58,1.18,1.93,0.94,1.35,0.0,,,,,,Tempest_Mk_II
p-38g,0.0,,,,,,0.0,,,,,,0.0,,,,,,P-38G-1
germ_pzkpfw_III_ausf_J,0.0,,,,,,20.0,,,0.0,,3.33,0.0,,,,,,Pz.III_J1
ussr_object_775,0.0,,,,,,350.0,36.88,0.0,0.0,1.68,1.12,0.0,,,,,,Object_775
jp_type_90,0.0,,,,,,617.0,48.3,0.0,0.0,1.73,1.55,0.0,,,,,,Type_90
hunter_f6_holland,0.0,,,,,,25.0,50.0,1.0,1.56,1.0,1.56,0.0,,,,,,◘Hunter_F.6
us_sl_amraam_fcs,0.0,,,1.0,,0.0,147.0,59.77,1.44,1.01,0.0,0.0,0.0,,,,,,CLAWS_(СОЦ)
bf-109g-14as,0.0,,,,,,21.0,0.0,0.0,0.0,1.0,1.0,0.0,,,,,,Bf_109_G-14/AS
p-63c-5,0.0,,,,,,42.0,33.87,0.06,0.06,0.38,0.4,0.0,,,,,,P-63C-5
p-36g,0.0,,,,,,0.0,,,,,,0.0,,,,,,P-36G
hs-129b-3,0.0,,,,,,46.0,0.0,0.0,0.0,2.7,1.35,0.0,,,,,,Hs_129_B-3
so_4050_vautour_2n_late,0.0,,,,,,101.0,57.92,1.13,1.26,0.83,0.88,0.0,,,,,,S.O.4050_Vautour_IIN_(late)
p-47m-1-re,0.0,,,,,,83.0,96.0,0.9,0.78,3.58,2.61,0.0,,,,,,P-47M-1-RE
uk_vickers_mbt_mk_3,0.0,,,,,,173.0,60.45,0.0,0.0,1.49,1.27,0.0,,,,,,Vickers_Mk.3
ju-188a-2,0.0,,,,,,5.0,50.0,0.0,0.0,1.7,3.4,0.0,,,,,,Ju_188_A-2
fr_somua_sm,0.0,,,,,,857.0,66.18,0.0,0.0,3.36,2.36,0.0,,,,,,Somua_SM
su_25sm3,0.0,,,,,,0.0,,,,,,9.0,,,0.0,,2.0,Su-25SM3
ki_84_hei,0.0,,,,,,68.0,36.08,0.55,0.89,1.06,1.65,0.0,,,,,,Ki-84_hei
mirage_3c,0.0,,,,,,145.0,79.1,2.19,2.69,0.07,0.13,0.0,,,,,,Mirage_IIIC
cn_ztz_99a,0.0,,,,,,279.0,68.04,0.0,0.0,3.41,2.37,0.0,,,,,,ZTZ99A
fury_mk2,0.0,,,,,,0.0,,,,,,0.0,,,,,,Fury_Mk_II
ussr_zsu_23_4,0.0,,,,,,190.0,48.82,0.76,0.85,0.2,0.34,0.0,,,,,,ZSU-23-4
il_m109a1,0.0,,,,,,24.0,,,,,,0.0,,,,,,Rochev
germ_schutzenpanzer_puma_vjtf,0.0,,,,,,344.0,44.22,0.02,0.02,1.35,0.97,0.0,,,,,,PUMA_VJTF
fr_amc_34,0.0,,,,,,0.0,,,,,,0.0,,,,,,AMC.34_YR
us_m50_ontos,0.0,,,,,,217.0,72.69,0.0,0.0,2.4,1.61,0.0,,,,,,M50
pb4y-2,0.0,,,,,,0.0,,,,,,0.0,,,,,,PB4Y-2
it_b1_centauro_romor,0.0,,,,,,39.0,90.0,0.0,0.0,3.19,1.48,0.0,,,,,,Centauro_I_105_R
saab_b18a,0.0,,,,,,6.0,,,0.0,,0.0,0.0,,,,,,B18A
us_m551,0.0,,,,,,250.0,58.79,0.0,0.0,1.63,1.04,0.0,,,,,,M551
cn_isu_152,0.0,,,,,,15.0,100.0,0.0,0.0,1.0,1.0,0.0,,,,,,ISU-152_(China)
uk_m3a1_stuart,0.0,,,,,,22.0,,,,,,0.0,,,,,,Stuart_III
us_t92,0.0,,,,,,709.0,50.92,0.0,0.0,1.33,1.1,0.0,,,,,,T92
yak-9ut,0.0,,,,,,131.0,84.12,1.29,1.0,2.86,2.54,39.0,100.0,0.0,0.0,2.38,1.5,Yak-9UT
uk_bosvark,0.0,,,,,,19.0,50.0,0.0,1.0,0.0,0.0,0.0,,,,,,Bosvark
cn_zbd_04a,0.0,,,,,,190.0,58.66,0.0,0.0,1.51,1.55,16.0,,,0.0,,1.0,ZBD04A
jp_type_60_atm,0.0,,,,,,6.0,50.0,0.0,0.0,0.5,0.3,0.0,,,,,,Type_60_ATM
d4y3,0.0,,,,,,0.0,,,,,,0.0,,,,,,D4Y3_Ko
douglas_a_1h,0.0,,,,,,503.0,96.88,0.48,0.42,7.2,6.05,0.0,,,,,,A-1H
maryland_mk1_france,0.0,,,,,,0.0,,,,,,0.0,,,,,,Martin_167-A3
us_m18_hellcat_black_cat_race,,,,,,,,,,,,,,,,,,,"""Racing""_M18"
it_semovente_m43_105,0.0,,,,,,25.0,,,,,,0.0,,,,,,105/25_M43
germ_panzerwerfer_42,0.0,,,,,,3.0,,,,,,0.0,,,,,,15_cm_Pz.W.42
fr_char_2c,0.0,,,,,,0.0,,,,,,0.0,,,,,,2C
ussr_zprk_2s6,0.0,,,,,,476.0,49.38,0.35,0.35,0.48,0.49,0.0,,,,,,2S6
it_semovente_l40,0.0,,,,,,0.0,,,,,,0.0,,,,,,47/32_L40
it_semovente_m41_75_18,0.0,,,,,,6.0,,,0.0,,3.0,0.0,,,,,,75/18_M41
it_semovente_m42_75_34,0.0,,,,,,0.0,,,,,,0.0,,,,,,75/34_M42
it_semovente_m43_75_34,0.0,,,,,,0.0,,,,,,0.0,,,,,,75/34_M43
ussr_buk_m3_launcher,,,,,,,,,,,,,,,,,,,"9К317М_""БУК-М3""_(СОУ)"
ussr_buk_m3_fcs,0.0,,,,,,75.0,44.44,0.69,0.26,0.0,0.0,0.0,,,,,,"9К317М_""БУК-М3""_(СОЦ)"
a_10c,0.0,,,,,,49.0,81.25,1.97,1.97,12.25,12.25,5.0,,,,,,A-10C
a-26c,0.0,,,,,,0.0,,,,,,0.0,,,,,,A-26C-45
a-26c-45-dt,0.0,,,,,,11.0,,,0.0,,0.0,0.0,,,,,,A-26C-45DT
a_29_hudson,0.0,,,,,,0.0,,,,,,0.0,,,,,,A-29
a-35b,0.0,,,,,,23.0,,,0.0,,0.0,0.0,,,,,,A-35B
a_4b,0.0,,,,,,168.0,74.84,0.05,0.07,2.42,3.1,0.0,,,,,,A-4B
a_4e_early,0.0,,,,,,390.0,55.33,0.69,0.79,1.93,2.12,0.0,,,,,,A-4E_Early
a_7d,0.0,,,,,,70.0,45.83,0.7,0.97,2.96,3.66,10.0,,,0.0,,0.0,A-7D
a_7e,0.0,,,,,,0.0,,,,,,0.0,,,,,,A-7E
a_7e_thailand,0.0,,,,,,0.0,,,,,,0.0,,,,,,A-7E
a_7k,0.0,,,,,,8.0,50.0,0.0,0.0,2.1,4.2,0.0,,,,,,A-7K
uk_a_13_mk1_3rd_rtr,0.0,,,,,,9.0,,,,,,0.0,,,,,,A13_Mk_I_(3rd_R.T.R.)
vampire_fb5_j28b,0.0,,,,,,43.0,,,2.55,,1.7,0.0,,,,,,A28B
saab_j29b,0.0,,,,,,68.0,20.83,0.61,2.93,1.03,3.13,0.0,,,,,,A29B
a2d,0.0,,,,,,672.0,66.72,0.23,0.24,1.86,1.79,9.0,,,1.0,,1.0,A2D-1
saab_a32a,0.0,,,,,,0.0,,,,,,0.0,,,,,,A32A
saab_a32a_red_adam,0.0,,,,,,11.0,,,1.0,,1.0,0.0,,,,,,A32A_Röd_Adam
a6m5ko,0.0,,,,,,249.0,63.13,1.21,1.35,1.58,1.67,0.0,,,,,,A6M5_Ko
a7he1,0.0,,,,,,0.0,,,,,,0.0,,,,,,A7He1
a7m2,0.0,,,,,,199.0,67.13,2.03,2.39,1.5,1.8,0.0,,,,,,A7M2
germ_a7v,0.0,,,,,,2.0,,,0.0,,3.0,0.0,,,,,,A7V
it_ab_41,0.0,,,,,,27.0,,,0.0,,2.44,0.0,,,,,,AB_41
uk_17_pdr_m10_achilles,0.0,,,,,,48.0,,,0.0,,2.61,0.0,,,,,,Achilles
douglas_ad_4na_france,0.0,,,,,,42.0,6.67,0.0,0.0,1.0,1.0,0.0,,,,,,AD-4NA
uk_adats_m113a3,0.0,,,,,,91.0,64.37,1.9,1.32,0.36,0.31,0.0,,,,,,ADATS_(M113)
uk_armored_car_mk_2_aa,0.0,,,,,,34.0,,,0.0,,0.0,0.0,,,,,,AEC_AA
uk_armored_car_aec_mk_2,0.0,,,,,,100.0,56.56,0.0,0.0,2.26,2.34,0.0,,,,,,AEC_Mk_II
fa_18a_hug_2_raaf,0.0,,,,,,17.0,100.0,1.0,1.0,0.0,0.0,0.0,,,,,,AF/A-18A_Late
us_ags_teledyne,0.0,,,,,,50.0,34.31,0.0,0.0,2.59,2.88,0.0,,,,,,AGS
aichi_e13a,,,,,,,,,,,,,,,,,,,Aichi_E13A1
saab_aj37,0.0,,,,,,65.0,54.17,0.39,0.3,0.87,0.91,0.0,,,,,,AJ37
uk_ajax,0.0,,,,,,158.0,55.89,0.0,0.0,2.18,1.34,0.0,,,,,,Ajax
saab_ajs37,0.0,,,,,,40.0,,,,,,18.0,,,,,,AJS37
saab_ajs37_early,0.0,,,,,,90.0,59.38,0.56,0.95,0.67,1.1,0.0,,,,,,AJS37_(Early)
uk_alecto_mk_1,0.0,,,,,,0.0,,,,,,0.0,,,,,,Alecto_I
alpha_jet_a_jabog41,0.0,,,,,,65.0,35.26,0.0,0.0,1.17,1.42,0.0,,,,,,Alpha_Jet_A_(JaboG_41)
alpha_jet_e,0.0,,,,,,42.0,100.0,1.0,0.31,3.5,1.08,0.0,,,,,,Alpha_Jet_E
alpha_jet_th_phase_1,0.0,,,,,,41.0,60.67,0.87,1.48,0.65,1.04,0.0,,,,,,Alpha_Jet_TH
fr_amc_35,0.0,,,,,,0.0,,,,,,0.0,,,,,,AMC.35_(ACG.1)
fr_amd_35,0.0,,,,,,22.0,100.0,0.0,0.0,1.0,0.97,0.0,,,,,,AMD.35
fr_amd_35_kwk39,0.0,,,,,,70.0,100.0,0.0,0.0,4.67,2.53,0.0,,,,,,AMD.35_(PaK)
fr_aml_90,0.0,,,,,,271.0,66.67,0.0,0.0,1.64,1.71,0.0,,,,,,AML-90
fr_amr_35_zt3,0.0,,,,,,0.0,,,,,,0.0,,,,,,AMR.35_ZT3
amx,0.0,,,,,,0.0,,,,,,0.0,,,,,,AMX
amx_a_1a_brazil,0.0,,,,,,3.0,,,0.0,,0.0,0.0,,,,,,AMX_A-1A
fr_amx_10m_acra,0.0,,,,,,7.0,,,,,,0.0,,,,,,AMX-10M
fr_amx_10p,0.0,,,,,,362.0,59.59,0.69,0.63,0.64,0.59,0.0,,,,,,AMX-10P
fr_amx_13_hot,0.0,,,,,,14.0,50.0,0.0,0.0,1.0,2.0,0.0,,,,,,AMX-13_(HOT)
fr_amx_13_75_ss11,0.0,,,,,,67.0,100.0,0.0,0.0,3.21,1.75,0.0,,,,,,AMX-13_(SS.11)
fr_amx_13_dca_40,0.0,,,,,,170.0,61.68,0.12,0.12,1.03,1.23,0.0,,,,,,AMX-13_DCA_40
fr_amx_30,0.0,,,,,,108.0,58.38,0.0,0.0,2.02,2.17,0.0,,,,,,AMX-30
fr_amx_30_1972,0.0,,,,,,411.0,55.98,0.0,0.0,1.85,1.52,0.0,,,,,,AMX-30_(1972)
fr_amx_30_super,0.0,,,,,,590.0,53.61,0.0,0.0,2.38,1.71,0.0,,,,,,AMX-30_Super
fr_amx_32_105,0.0,,,,,,129.0,50.0,0.0,0.0,2.11,1.94,0.0,,,,,,AMX-32_(105)
fr_amx_40,0.0,,,,,,241.0,65.15,0.0,0.0,2.93,2.46,0.0,,,,,,AMX-40
fr_amx_50_1950,0.0,,,,,,131.0,59.14,0.0,0.0,3.79,2.56,6.0,,,,,,AMX-50_(TO90/930)
fr_amx_50_surblinde,0.0,,,,,,1.0,,,0.0,,3.0,0.0,,,,,,AMX-50_Surblindé
cn_antelope_tc_1l_ads,0.0,,,,,,7.0,,,,,,0.0,,,,,,Antelope
arado-196a-5,0.0,,,,,,0.0,,,,,,0.0,,,,,,Ar_196_A-5
arado-234,0.0,,,,,,137.0,76.19,0.0,0.0,3.27,3.72,0.0,,,,,,Ar_234_B-2
arado_234b_2_mt,,,,,,,,,,,,,,,,,,,Ar_234_B-2_(WB_151)
arado-234c-3,0.0,,,,,,0.0,,,,,,0.0,,,,,,Ar_234_C-3
ariete,0.0,,,,,,195.0,71.09,2.91,5.12,1.81,2.92,28.0,,,4.64,,0.0,Ariete
uk_arjun_mk1,,,,,,,,,,,,,,,,,,,Arjun_Mk_1
it_as_42_metropolitana,0.0,,,,,,0.0,,,,,,0.0,,,,,,AS_42
sw_asrad_r,0.0,,,,,,49.0,36.66,0.86,1.4,0.0,0.0,0.0,,,,,,ASRAD-R
attaker_fb1,0.0,,,,,,10.0,50.0,0.5,1.0,1.0,2.0,0.0,,,,,,Attacker_FB_1
attaker_fb2,0.0,,,,,,0.0,,,,,,0.0,,,,,,Attacker_FB.2
it_aubl_74_60_70m,0.0,,,,,,223.0,65.83,0.0,0.0,2.17,1.72,0.0,,,,,,AUBL/74_HVG
av_8b_na,0.0,,,,,,351.0,62.42,0.8,0.91,0.71,0.85,22.0,100.0,1.0,0.25,13.0,7.0,AV-8B_(NA)
av_8b_plus,0.0,,,,,,119.0,50.0,1.2,0.91,1.0,0.75,9.0,,,,,,AV-8B_Plus
av_8b_plus_italy,0.0,,,,,,18.0,,,2.39,,0.0,0.0,,,,,,AV-8B_Plus
av_8s_thailand,0.0,,,,,,24.0,,,0.0,,1.5,0.0,,,,,,AV-8S
av_8s_late_thailand,0.0,,,,,,1.0,100.0,1.0,1.0,0.0,0.0,0.0,,,,,,AV-8S_Late
avenger_mk1,0.0,,,,,,0.0,,,,,,0.0,,,,,,Avenger_Mk_II
a_4n,0.0,,,,,,117.0,93.44,3.11,3.39,7.5,8.25,0.0,,,,,,Ayit
b_10b,0.0,,,,,,0.0,,,,,,0.0,,,,,,B-10B
b-17e_japan,0.0,,,,,,0.0,,,,,,0.0,,,,,,B-17E
b-17e,0.0,,,,,,0.0,,,,,,0.0,,,,,,B-17E
b-17e_late,0.0,,,,,,0.0,,,,,,0.0,,,,,,B-17E/L
b_18a,0.0,,,,,,0.0,,,,,,0.0,,,,,,B-18A
b_25j_1,0.0,,,,,,0.0,,,,,,0.0,,,,,,B-25J-1
b_25j_20,0.0,,,,,,0.0,,,,,,0.0,,,,,,B-25J-20
b_26b_c,0.0,,,,,,0.0,,,,,,0.0,,,,,,B-26B
b_26c_france,0.0,,,,,,0.0,,,,,,0.0,,,,,,B-26C
b_34,0.0,,,,,,13.0,100.0,0.0,0.0,3.0,3.0,0.0,,,,,,B-34
b_52h,0.0,,,,,,17.0,100.0,0.0,0.0,6.0,1.82,9.0,,,0.0,,0.0,B-52H
b-57,0.0,,,,,,0.0,,,,,,14.0,,,0.0,,0.0,B-57A
b-57b,0.0,,,,,,16.0,,,0.0,,0.88,10.0,,,,,,B-57B
b_66b,0.0,,,,,,0.0,,,,,,0.0,,,,,,B-66B
br_20_dr,0.0,,,,,,0.0,,,,,,0.0,,,,,,B.R.20DR
br_20m_m1,0.0,,,,,,0.0,,,,,,0.0,,,,,,B.R.20M_M1
fr_b1_bis,0.0,,,,,,17.0,,,0.0,,2.0,0.0,,,,,,B1_bis
b6n2,0.0,,,,,,0.0,,,,,,0.0,,,,,,B6N2_Model_12
b6n2a,0.0,,,,,,0.0,,,,,,0.0,,,,,,B6N2a_Model_12Ko
ba_65_k14_l,0.0,,,,,,0.0,,,,,,0.0,,,,,,Ba.65_(K.14)_L
ba_65_a80,0.0,,,,,,0.0,,,,,,0.0,,,,,,Ba.65_A.80
f_16d_block_40_barak_2,0.0,,,,,,27.0,87.5,0.15,0.25,1.25,2.0,0.0,,,,,,Barak_II
il_m113_hvms,0.0,,,,,,156.0,36.4,0.0,0.0,0.92,0.88,0.0,,,,,,Bardelas/60mm_HVMS
f_15a_iaf,0.0,,,,,,0.0,,,,,,0.0,,,,,,Baz
f_15c_baz_msip,0.0,,,,,,0.0,,,,,,0.0,,,,,,Baz_Meshupar
be_6,0.0,,,,,,0.0,,,,,,0.0,,,,,,Be-6
beaufighter_mk1_40mm,0.0,,,,,,0.0,,,,,,0.0,,,,,,Beaufighter_Mk_I_(40-mm)
germ_beutepanzer_mk_iv,0.0,,,,,,0.0,,,,,,0.0,,,,,,Beutepanzer_IV
bf-109c_1_promo,0.0,,,,,,0.0,,,,,,0.0,,,,,,Bf_109_C-1_Promo
bf-109e-3_japan,0.0,,,,,,38.0,71.43,1.86,2.0,0.0,0.0,0.0,,,,,,Bf_109_E-7
bf-109e-7,0.0,,,,,,0.0,,,,,,0.0,,,,,,Bf_109_E-7/U2
bf-109g-6_finland,0.0,,,,,,16.0,100.0,2.5,2.82,1.3,1.73,0.0,,,,,,Bf_109_G-6
bf-109k-4,0.0,,,,,,346.0,55.27,1.65,1.62,0.39,0.44,0.0,,,,,,Bf_109_K-4
bf-109z,0.0,,,,,,0.0,,,,,,0.0,,,,,,Bf_109_Z-1
bf-110c-6,0.0,,,,,,0.0,,,,,,0.0,,,,,,Bf_110_C-6
bf-110f-2,0.0,,,,,,0.0,,,,,,0.0,,,,,,Bf_110_F-2
bi,0.0,,,,,,0.0,,,,,,0.0,,,,,,BI
uk_challenger_2_bn,0.0,,,,,,127.0,55.65,0.0,0.0,2.58,3.6,0.0,,,,,,Black_Night
uk_a_43_black_prince,0.0,,,,,,43.0,55.3,0.0,0.0,2.65,3.68,0.0,,,,,,Black_Prince
ussr_bm_13n,0.0,,,,,,45.0,33.33,0.0,0.0,1.07,1.07,0.0,,,,,,BM-13N
ussr_bm_31_12,0.0,,,,,,7.0,100.0,0.0,0.0,0.0,0.0,0.0,,,,,,BM-31-12
ussr_bm_8_24,0.0,,,,,,0.0,,,,,,0.0,,,,,,BM-8-24
ussr_bmp_2m,0.0,,,,,,1104.0,44.36,0.01,0.0,1.1,0.84,19.0,,,0.0,,1.0,BMP-2M
sw_bmp_2md,0.0,,,,,,144.0,76.45,0.0,0.0,1.35,0.78,0.0,,,,,,BMP-2MD
boston_mk_1,0.0,,,,,,0.0,,,,,,0.0,,,,,,Boston_Mk_I
br_693_ab2,0.0,,,,,,0.0,,,,,,0.0,,,,,,Br.693AB2
breda_88,0.0,,,,,,0.0,,,,,,0.0,,,,,,Breda_88_(P.XI)
ussr_bt_7_1937_td,0.0,,,,,,0.0,,,,,,0.0,,,,,,BT-7_TD
ussr_btr_80a,0.0,,,,,,1139.0,49.11,0.0,0.0,1.06,0.95,0.0,,,,,,BTR-80A
buccaneer_s1,0.0,,,,,,3.0,100.0,0.0,0.0,0.0,0.0,0.0,,,,,,Buccaneer_S.1
buccaneer_s2,0.0,,,,,,30.0,50.0,0.0,0.0,0.42,0.42,0.0,,,,,,Buccaneer_S.2
buccaneer_s2b,0.0,,,,,,0.0,,,,,,0.0,,,,,,Buccaneer_S.2B
bv-138c-1,0.0,,,,,,0.0,,,,,,0.0,,,,,,BV_138_C-1
bv-238,0.0,,,,,,0.0,,,,,,0.0,,,,,,BV_238
mc200_serie3,0.0,,,,,,0.0,,,,,,0.0,,,,,,C._200_serie_3
mc200_serie7,0.0,,,,,,0.0,,,,,,0.0,,,,,,C._200_serie_7
mc-202,0.0,,,,,,0.0,,,,,,0.0,,,,,,C._202
mc-205_n2,0.0,,,,,,97.0,62.5,2.14,4.0,0.0,0.0,0.0,,,,,,C._205N2
it_c13_t90,0.0,,,,,,55.0,0.0,0.0,0.0,0.07,0.27,0.0,,,,,,C13_T90
it_c13_tua,0.0,,,,,,0.0,,,,,,0.0,,,,,,C13/TUA
germ_leopard_c2_mexas,0.0,,,,,,5.0,,,0.0,,4.0,0.0,,,,,,C2A1
uk_fv221_caernarvon,0.0,,,,,,140.0,72.43,0.0,0.0,1.72,0.69,26.0,0.0,0.0,0.0,3.31,3.31,Caernarvon
us_m4_sherman_calliope,0.0,,,,,,0.0,,,,,,0.0,,,,,,Calliope
canberra_bimk6,0.0,,,,,,5.0,100.0,4.3,17.0,0.5,2.0,0.0,,,,,,Canberra_B_(I)_Mk_6
canberra_bmk2,0.0,,,,,,0.0,,,,,,0.0,,,,,,Canberra_B_Mk_2
pby-5a_raf,0.0,,,,,,0.0,,,,,,0.0,,,,,,Catalina_Mk_IIIa
cn_gmc_cckw_353_m45_quad,0.0,,,,,,35.0,,,1.0,,0.0,0.0,,,,,,CCKW_353_(M45)
fr_cckw_353_bofors,0.0,,,,,,0.0,,,,,,0.0,,,,,,CCKW_353_AA
us_ccvl,0.0,,,,,,87.0,50.0,0.0,0.0,5.18,3.68,0.0,,,,,,CCVL
it_sahariano,0.0,,,,,,0.0,,,,,,0.0,,,,,,Celere_Sahariano
it_centauro_2,0.0,,,,,,70.0,93.33,0.0,0.0,4.5,2.32,0.0,,,,,,Centauro_II_(P)
uk_centurion_action_x,0.0,,,,,,3.0,,,0.0,,1.0,0.0,,,,,,Centurion_Action_X
uk_centurion_mk_2,0.0,,,,,,95.0,49.55,0.0,0.0,2.74,1.79,0.0,,,,,,Centurion_Mk.2
uk_challenger_2_megatron,0.0,,,,,,326.0,65.95,0.0,0.0,3.56,1.62,0.0,,,,,,Challenger_2_OES
uk_challenger_2e,0.0,,,,,,138.0,50.0,0.0,0.0,3.48,1.51,0.0,,,,,,Challenger_2E
uk_challenger_2_lep,0.0,,,,,,142.0,51.61,0.0,0.0,1.52,0.89,0.0,,,,,,Challenger_3_TD
jp_type_97_kai_td,0.0,,,,,,0.0,,,,,,0.0,,,,,,Chi-Ha_Kai_TD
jp_type_1_chi_he_5th_regiment,0.0,,,,,,19.0,72.73,0.0,0.0,1.0,1.0,0.0,,,,,,Chi-He_(5th_Regiment)
uk_churchill_avre,0.0,,,,,,0.0,,,,,,0.0,,,,,,Churchill_AVRE_Petard
f-86_cl_13_mk4_italy,0.0,,,,,,1.0,100.0,2.0,,3.0,,0.0,,,,,,CL-13_Mk.4
germ_th_800_bismark,0.0,,,,,,4.0,,,0.0,,2.5,0.0,,,,,,Class_3_(P)
us_sl_amraam_launcher,,,,,,,,,,,,,,,,,,,CLAWS_(СОУ)
fr_marder_clovis,0.0,,,,,,218.0,62.77,0.0,0.0,2.37,2.0,0.0,,,,,,CLOVIS
germ_marder_clovis,0.0,,,,,,24.0,0.0,0.0,0.0,2.0,0.82,0.0,,,,,,CLOVIS
cn_cm_25,0.0,,,,,,32.0,0.0,0.0,0.0,0.0,0.0,0.0,,,,,,CM25
it_fiat_cm52,0.0,,,,,,11.0,,,,,,0.0,,,,,,CM52
uk_fv4004_conway,0.0,,,,,,21.0,39.47,0.0,0.0,0.61,1.0,0.0,,,,,,Conway
cr_32_bis,0.0,,,,,,0.0,,,,,,0.0,,,,,,CR.32_bis
cr_32_quater,0.0,,,,,,0.0,,,,,,0.0,,,,,,CR.32_quater
fiat_cr42,0.0,,,,,,0.0,,,,,,0.0,,,,,,CR.42
fiat_cr42_italy,0.0,,,,,,0.0,,,,,,0.0,,,,,,CR.42
uk_a27m_cromwell_1,0.0,,,,,,93.0,50.0,0.0,0.0,1.46,1.35,0.0,,,,,,Cromwell_I
uk_crusader_mk_2_the_saint,0.0,,,,,,0.0,,,,,,0.0,,,,,,"Crusader_""The_Saint"""
uk_crusader_aa_mk_2_kit_3rank,0.0,,,,,,52.0,67.24,1.19,2.02,0.0,0.0,0.0,,,,,,Crusader_AA_(Overlord)
uk_crusader_aa_mk_2,0.0,,,,,,25.0,25.0,0.63,0.6,0.0,0.0,0.0,,,,,,Crusader_AA_Mk_II
fr_crusader_mk_2,0.0,,,,,,22.0,,,0.0,,4.0,0.0,,,,,,Crusader_Mk.II
uk_boxer_crv_block2,0.0,,,,,,130.0,68.27,0.0,0.0,1.81,0.74,0.0,,,,,,CRV_Block_2
it_39m_csaba,0.0,,,,,,0.0,,,,,,0.0,,,,,,Csaba
sw_patria_amv_ctcv_105,0.0,,,,,,130.0,56.9,0.0,0.0,2.28,1.26,0.0,,,,,,CT-CV_105HP
jp_icv_prototype,0.0,,,,,,90.0,50.0,0.19,0.3,0.96,1.38,0.0,,,,,,CTWV_RCV
sw_cv_90_mk4,0.0,,,,,,113.0,77.85,0.0,0.0,1.16,0.85,0.0,,,,,,CV_90_Mk.IV
sw_cv_90120,0.0,,,,,,179.0,71.78,0.0,0.0,2.84,1.86,0.0,,,,,,CV_90120
fr_cv_9035_nl,0.0,,,,,,170.0,50.0,0.0,0.0,0.97,0.93,0.0,,,,,,CV_9035NL
sw_cv_9030_fin,0.0,,,,,,238.0,62.7,0.0,0.0,1.14,1.49,0.0,,,,,,CV9030FIN
sw_cv_9035_dk,0.0,,,,,,40.0,50.0,0.0,0.0,1.38,1.62,0.0,,,,,,CV9035DK
cw_21,0.0,,,,,,0.0,,,,,,0.0,,,,,,CW-21
d_371_hs9,0.0,,,,,,0.0,,,,,,9.0,,,,,,D.371_H.S.9
d_510c,0.0,,,,,,0.0,,,,,,0.0,,,,,,D.510C
fr_renault_d2,0.0,,,,,,0.0,,,,,,0.0,,,,,,D2
d3a1,0.0,,,,,,0.0,,,,,,0.0,,,,,,D3A1
d4y1,0.0,,,,,,0.0,,,,,,0.0,,,,,,D4Y1
it_dardo_vcc,0.0,,,,,,106.0,50.81,0.0,0.0,1.8,1.68,8.0,50.0,0.0,0.0,0.5,1.0,Dardo
db_3b,0.0,,,,,,0.0,,,,,,0.0,,,,,,DB-3B
uk_desert_warrior,0.0,,,,,,50.0,58.33,0.0,0.0,0.68,0.45,0.0,,,,,,Desert_Warrior
fr_marder_df_105,0.0,,,,,,474.0,63.58,0.0,0.0,2.07,1.94,0.0,,,,,,DF105
do_17e_1,0.0,,,,,,0.0,,,,,,0.0,,,,,,Do_17_E-1
do_17z_2,0.0,,,,,,0.0,,,,,,0.0,,,,,,Do_17_Z-2
do_17z_7,0.0,,,,,,0.0,,,,,,0.0,,,,,,Do_17_Z-7
do_217j_1,0.0,,,,,,0.0,,,,,,0.0,,,,,,Do_217_J-1
do_217n_1,0.0,,,,,,0.0,,,,,,0.0,,,,,,Do_217_N-1
do_217n_2,0.0,,,,,,0.0,,,,,,0.0,,,,,,Do_217_N-2
do_335b_2,0.0,,,,,,469.0,59.89,1.04,1.02,1.9,1.72,0.0,,,,,,Do_335_B-2
fr_panhard_ebr_1954,0.0,,,,,,145.0,59.03,0.0,0.0,3.34,2.04,11.0,,,,,,E.B.R._(1954)
e7k2,,,,,,,,,,,,,,,,,,,E7K2
e8n2,,,,,,,,,,,,,,,,,,,E8N2
fr_jaguar_ebrc,0.0,,,,,,248.0,73.5,0.0,0.0,2.5,1.25,0.0,,,,,,EBRC_Jaguar
il_eitan,0.0,,,,,,128.0,78.83,0.0,0.0,1.56,1.3,0.0,,,,,,Eitan_(P)
uk_eland_90_mk_7,0.0,,,,,,45.0,96.43,0.0,0.0,1.64,0.81,0.0,,,,,,Eland_90_Mk.7
fr_amx_elc_901,0.0,,,,,,75.0,79.17,0.0,0.0,3.47,2.36,0.0,,,,,,ELC_901
sw_eldenhet_98,0.0,,,,,,0.0,,,,,,0.0,,,,,,EldE_98
fr_embt,,,,,,,,,,,,,,,,,,,EMBT
f-100d,0.0,,,,,,148.0,35.98,1.16,1.32,0.52,0.56,0.0,,,,,,F-100D
f-100d_france,0.0,,,,,,33.0,65.22,2.48,1.5,0.52,1.5,0.0,,,,,,F-100D
f_101c,0.0,,,,,,15.0,53.33,0.53,0.0,1.2,2.0,0.0,,,,,,F-101C
f_102a_late,,,,,,,,,,,,,,,,,,,F-102A
f-104c,0.0,,,,,,8.0,50.0,0.0,0.0,0.0,0.0,0.0,,,,,,F-104C
f-104g_belgium,0.0,,,,,,0.0,,,,,,0.0,,,,,,F-104G
f-104g_italy,0.0,,,,,,0.0,,,,,,0.0,,,,,,F-104G
f-104j,0.0,,,,,,0.0,,,,,,0.0,,,,,,F-104J
f-104s,0.0,,,,,,0.0,,,,,,0.0,,,,,,F-104S
f-104s_cb,0.0,,,,,,82.0,44.62,0.63,0.63,1.67,1.67,0.0,,,,,,F-104S_TAF
f-104s_asa,0.0,,,,,,0.0,,,,,,0.0,,,,,,F-104S.ASA
f_111a,0.0,,,,,,54.0,50.0,0.5,0.5,2.46,2.46,2.0,,,0.0,,0.0,F-111A
f_111c_raaf,0.0,,,,,,9.0,50.0,0.5,1.0,0.5,1.0,0.0,,,,,,F-111C
f_111f,0.0,,,,,,23.0,100.0,1.0,0.35,0.0,0.18,0.0,,,,,,F-111F
f_117,0.0,,,,,,25.0,0.0,0.0,0.0,0.83,0.83,0.0,,,,,,F-117
f_14a_early,0.0,,,,,,72.0,27.78,1.02,1.01,0.0,0.0,5.0,,,,,,F-14A_Early
f_14b,0.0,,,,,,43.0,48.64,0.39,0.52,0.0,0.0,4.0,,,0.0,,0.0,F-14B
f_15i_raam,0.0,,,,,,26.0,50.0,1.0,0.55,0.42,0.68,0.0,,,,,,F-15I_Ra’am
f_15j,0.0,,,,,,29.0,73.68,1.18,1.89,0.0,0.0,0.0,,,,,,F-15J
f_15j_kai,0.0,,,,,,197.0,84.95,1.77,1.95,0.09,0.11,0.0,,,,,,F-15J(M)
f_16a_block_15_belgium,0.0,,,,,,47.0,100.0,0.5,0.69,2.92,4.0,0.0,,,,,,F-16A
f_16a_block_15_adf_italy,0.0,,,,,,15.0,,,,,,0.0,,,,,,F-16A_ADF
f_16a_block_15_ocu_thailand,0.0,,,,,,14.0,50.0,0.5,1.0,0.0,0.0,0.0,,,,,,F-16A_OCU
f_16a_block_15_ocu_belgium,0.0,,,,,,0.0,,,,,,0.0,,,,,,F-16A_OCU
f_16aj,0.0,,,,,,100.0,81.72,1.16,1.57,2.71,2.81,0.0,,,,,,F-16AJ
f_16am_block_15_mlu_belgium,0.0,,,,,,31.0,26.67,1.0,1.0,0.0,0.0,0.0,,,,,,F-16AM
f_16c_block_40_barak_2,0.0,,,,,,2.0,,,,,,0.0,,,,,,F-16C_Barak_II
f_16i_sufa,0.0,,,,,,6.0,,,,,,0.0,,,,,,F-16I_Sufa
f_16xl,,,,,,,,,,,,,,,,,,,F-16XL
ef_2000a,0.0,,,,,,10.0,,,,,,0.0,,,,,,F-2000A
ef_2000a_aesa,0.0,,,,,,68.0,65.66,1.28,1.62,0.18,0.27,10.0,,,1.0,,0.0,F-2000A_(AESA)
f_20a,0.0,,,,,,167.0,56.44,1.0,1.06,0.58,0.61,0.0,,,,,,F-20A
f_2a,0.0,,,,,,106.0,92.1,2.21,2.55,0.0,0.0,53.0,,,3.0,,0.0,F-2A
f_4e_aup_greece,,,,,,,,,,,,,,,,,,,F-4E_AUP_Phantom_II
f-4ej_adtw,0.0,,,,,,471.0,51.64,1.98,2.27,0.67,0.78,0.0,,,,,,F-4EJ_ADTW
f-4ej_kai,0.0,,,,,,51.0,50.0,1.5,1.0,0.0,0.0,0.0,,,,,,F-4EJ_Kai_Phantom_II
f-4ej,0.0,,,,,,46.0,50.0,1.36,1.83,0.0,0.08,0.0,,,,,,F-4EJ_Phantom_II
f-5a,0.0,,,,,,0.0,,,,,,0.0,,,,,,F-5A
f-5e_fcu_thailand,0.0,,,,,,277.0,59.94,1.59,2.08,0.55,0.79,0.0,,,,,,F-5E_FCU
f-5t_thailand,0.0,,,,,,30.0,50.0,1.0,2.0,0.5,1.0,0.0,,,,,,F-5T_SCU
f-5th_thailand,0.0,,,,,,11.0,,,1.0,,0.0,0.0,,,,,,F-5TH_TCU
f-84f_france,0.0,,,,,,137.0,59.69,0.15,0.24,0.77,1.34,0.0,,,,,,F-84F
f-84f,0.0,,,,,,99.0,51.93,0.25,0.21,0.46,0.59,0.0,,,,,,F-84F
f-84f_iaf,0.0,,,,,,0.0,,,,,,0.0,,,,,,F-84F_IAF
f-84g,0.0,,,,,,0.0,,,,,,0.0,,,,,,F-84G-21-RE
f-84g_italy,0.0,,,,,,2.0,,,0.0,,12.0,0.0,,,,,,F-84G-21-RE
f-86f-30_japan,0.0,,,,,,41.0,93.1,1.36,1.72,0.22,0.31,0.0,,,,,,F-86F-30_
f-86f-35,0.0,,,,,,100.0,60.75,0.45,0.61,0.77,0.8,0.0,,,,,,F-86F-35
f-86f-40_japan_blue_impulse,0.0,,,,,,27.0,50.0,0.0,0.0,0.0,0.0,0.0,,,,,,F-86F-40_JASDF
f_222_2,0.0,,,,,,0.0,,,,,,0.0,,,,,,F.222.2
fc_20_bis,0.0,,,,,,0.0,,,,,,0.0,,,,,,F.C.20_Bis
fa_18c_mlu_2_finland,0.0,,,,,,54.0,50.0,1.09,1.67,0.43,0.65,0.0,,,,,,F/A-18C_MLU_2
fa_18d_late_malaysia,0.0,,,,,,20.0,100.0,1.0,1.0,0.13,0.13,0.0,,,,,,F/A-18D_Late
fa_18f_block_2_raaf,0.0,,,,,,13.0,100.0,0.23,0.23,0.0,0.0,0.0,,,,,,F/A-18F
f11f_1_late,0.0,,,,,,0.0,,,,,,0.0,,,,,,F11F-1
f1m2,0.0,,,,,,0.0,,,,,,0.0,,,,,,F1M2
f3h-2,0.0,,,,,,382.0,48.5,1.29,1.49,0.2,0.22,0.0,,,,,,F3H-2
f4d_1,0.0,,,,,,0.0,,,,,,0.0,,,,,,F4D-1
f4f-3,0.0,,,,,,0.0,,,,,,0.0,,,,,,F4F-3
f4f-4,0.0,,,,,,0.0,,,,,,0.0,,,,,,F4F-4
f4u-1a_japan,0.0,,,,,,26.0,100.0,1.73,2.0,0.36,1.0,16.0,,,2.81,,0.0,F4U-1A
f4u-4b_vmf_214,0.0,,,,,,8.0,,,1.0,,1.0,0.0,,,,,,F4U-4B_VMF-214
f7f3,0.0,,,,,,36.0,45.1,0.44,0.85,1.44,2.71,0.0,,,,,,F7F-3
f9f-5,0.0,,,,,,0.0,,,,,,0.0,,,,,,F9F-5
uk_falcon,0.0,,,,,,353.0,53.87,0.56,0.41,1.92,1.52,11.0,,,,,,Falcon
fr_fcm_36,0.0,,,,,,5.0,,,0.0,,1.0,0.0,,,,,,FCM.36
ffa_p16,0.0,,,,,,0.0,,,,,,0.0,,,,,,FFA_P-16
b_48_firecrest,0.0,,,,,,4.0,,,,,,0.0,,,,,,Firecrest
it_fiat_6614_firos,0.0,,,,,,10.0,,,0.0,,1.0,0.0,,,,,,FIROS_6
fj_4b,0.0,,,,,,14.0,100.0,0.0,0.0,1.0,0.81,0.0,,,,,,FJ-4B
fj_4b_agm_12b,0.0,,,,,,12.0,,,,,,0.0,,,,,,FJ-4B_VMF-232
germ_flakpanzer_38t_Gepard,0.0,,,,,,14.0,,,,,,0.0,,,,,,Flakpanzer_38
germ_flarakrad,0.0,,,,,,46.0,,,0.8,,0.0,0.0,,,,,,FlaRakRad
it_freccia_hitfist_ows,0.0,,,,,,155.0,72.4,0.01,0.01,2.3,1.28,0.0,,,,,,Freccia_OWS_30
fr_samp_t_launcher,,,,,,,,,,,,,,,,,,,FSAF_SAMP/T_(Mamba)_(СОУ)
fr_samp_t_fcs,0.0,,,,,,24.0,100.0,1.0,2.0,0.0,0.0,0.0,,,,,,FSAF_SAMP/T_(Mamba)_(СОЦ)
it_samp_t_fcs,0.0,,,,,,0.0,,,,,,0.0,,,,,,FSAF_SAMP/T_(СОЦ)
fury_mk1,0.0,,,,,,0.0,,,,,,0.0,,,,,,Fury_Mk_I
fw-189a-1,0.0,,,,,,0.0,,,,,,0.0,,,,,,Fw_189_A-1
fw-190a-5_japan,0.0,,,,,,46.0,100.0,0.4,1.18,1.4,1.09,0.0,,,,,,Fw_190_A-5
fw-190a-8_usa,0.0,,,,,,4.0,100.0,1.0,,1.0,,0.0,,,,,,Fw_190_A-8
fw-190c,0.0,,,,,,0.0,,,,,,0.0,,,,,,Fw_190_C
fw-190d-13,0.0,,,,,,127.0,46.7,1.37,1.1,0.85,0.97,0.0,,,,,,Fw_190_D-13
fw-190d-9_ussr,0.0,,,,,,7.0,,,,,,0.0,,,,,,Fw_190_D-9
fw_200c_1,0.0,,,,,,0.0,,,,,,0.0,,,,,,Fw_200_C-1
fw_189c_0,0.0,,,,,,0.0,,,,,,0.0,,,,,,Fw_189_C
fiat_g50_seria7as_italy,0.0,,,,,,0.0,,,,,,0.0,,,,,,G.50_AS_serie_7
fiat_g50_seria7as,0.0,,,,,,0.0,,,,,,0.0,,,,,,G.50_AS_serie_7
fiat_g50_seria2,0.0,,,,,,0.0,,,,,,0.0,,,,,,G.50_serie_2
fiat_g50_seria2_italy,0.0,,,,,,0.0,,,,,,0.0,,,,,,G.50_serie_2
g_55s,1.0,100.0,2.0,2.0,0.0,0.0,105.0,59.68,1.84,3.25,0.58,0.89,0.0,,,,,,G.55S
g_56,0.0,,,,,,56.0,80.0,0.92,0.7,0.52,0.46,0.0,,,,,,G.56
fiat_g91_r1,0.0,,,,,,9.0,100.0,0.0,0.0,0.0,0.0,0.0,,,,,,G.91_R/1
fiat_g91_r4,0.0,,,,,,19.0,,,,,,14.0,,,2.0,,0.0,G.91_R/4
g4m1,0.0,,,,,,0.0,,,,,,0.0,,,,,,G4M1
g5n1,0.0,,,,,,25.0,,,,,,0.0,,,,,,G5N1
g8n1,0.0,,,,,,156.0,50.0,1.11,1.36,0.06,0.09,0.0,,,,,,G8N1
f3f-2_galer,0.0,,,,,,0.0,,,,,,0.0,,,,,,Galer's_F3F-2
germ_garford_putilov,0.0,,,,,,0.0,,,,,,0.0,,,,,,Garford-Beute
ussr_gaz_4m,0.0,,,,,,11.0,,,,,,0.0,,,,,,GAZ-AAA_(4M)
ussr_gaz_dshk,0.0,,,,,,0.0,,,,,,0.0,,,,,,GAZ-AAA_(DShK)
ussr_gaz_mm_72k,0.0,,,,,,34.0,0.0,0.0,0.29,5.3,3.21,0.0,,,,,,GAZ-MM_(72-K)
uk_vickers_gbt_155,0.0,,,,,,0.0,,,,,,0.0,,,,,,GBT_155
il_m113a1_tow,0.0,,,,,,51.0,68.42,0.0,0.0,2.47,2.35,0.0,,,,,,Giraf
gladiator_mk1_belgium,0.0,,,,,,0.0,,,,,,0.0,,,,,,Gladiator_Mk_I
gladiator_mk2_france,0.0,,,,,,0.0,,,,,,0.0,,,,,,Gladiator_Mk_IIF
gladiator_mk2_silver,0.0,,,,,,0.0,,,,,,0.0,,,,,,Gladiator_Mk_IIS
uk_mk1_grant,0.0,,,,,,0.0,,,,,,0.0,,,,,,Grant_I
il_28_china,0.0,,,,,,0.0,,,,,,0.0,,,,,,H-5
h-75a-1_france,0.0,,,,,,0.0,,,,,,0.0,,,,,,H-75A-1
p-40c_china,0.0,,,,,,0.0,,,,,,0.0,,,,,,H-81A-2
fr_hotchkiss_h35,0.0,,,,,,0.0,,,,,,0.0,,,,,,H.35
fr_hotchkiss_h39,0.0,,,,,,0.0,,,,,,0.0,,,,,,H.39
fr_hotchkiss_h39_cambronne,0.0,,,,,,0.0,,,,,,0.0,,,,,,"H.39_""Cambronne"""
hp_12,0.0,,,,,,0.0,,,,,,0.0,,,,,,H.P.12
h6k4,0.0,,,,,,0.0,,,,,,0.0,,,,,,H6K4
h8k2,0.0,,,,,,0.0,,,,,,0.0,,,,,,H8K2
h8k3,0.0,,,,,,0.0,,,,,,0.0,,,,,,H8K3
jp_type_95_ha_go_commander,0.0,,,,,,15.0,,,0.0,,1.0,0.0,,,,,,Ha-Go_Commander
a5m4_hagiri,0.0,,,,,,0.0,,,,,,0.0,,,,,,Hagiri's_A5M4
halifax_mk3,0.0,,,,,,3.0,,,,,,0.0,,,,,,Halifax_B_Mk_IIIa
hp52_hampden_mk1_late,0.0,,,,,,0.0,,,,,,0.0,,,,,,Hampden_Mk_I
hp52_hampden_tbmk1,0.0,,,,,,0.0,,,,,,0.0,,,,,,Hampden_TB_Mk_I
hp52_hampden_tbmk1_ussr_utk1,0.0,,,,,,0.0,,,,,,0.0,,,,,,Hampden_TB_Mk_I
harrier_gr1,0.0,,,,,,49.0,52.0,0.02,0.02,0.78,1.44,4.0,,,1.0,,0.0,Harrier_GR.1
harrier_gr3,0.0,,,,,,26.0,81.25,0.19,0.19,0.56,0.56,0.0,,,,,,Harrier_GR.3
harrier_gr7,0.0,,,,,,0.0,,,,,,0.0,,,,,,Harrier_GR.7
harrier_t10,0.0,,,,,,17.0,,,0.0,,2.0,0.0,,,,,,Harrier_T.10
uk_a25_mk_8,0.0,,,,,,0.0,,,,,,0.0,,,,,,Harry_Hopkins_I
intruder_mk_1,0.0,,,,,,0.0,,,,,,0.0,,,,,,Havoc_Mk_I
hawk_200,0.0,,,,,,0.0,,,,,,0.0,,,,,,Hawk_200
hawk_200_rda,0.0,,,,,,0.0,,,,,,0.0,,,,,,Hawk_200_RDA
h-75a-2_finland,0.0,,,,,,0.0,,,,,,0.0,,,,,,Hawk_H-75A-2
hawk_iii,0.0,,,,,,0.0,,,,,,0.0,,,,,,Hawk_III
hawk_t1a,,,,,,,,,,,,,,,,,,,Hawk_T_Mk_1A_(FRP)
he_112b_1_italy,0.0,,,,,,0.0,,,,,,0.0,,,,,,He_112_B-1/U2
he_112b_1,0.0,,,,,,0.0,,,,,,0.0,,,,,,He_112_B-1/U2
he_112b_2,0.0,,,,,,0.0,,,,,,0.0,,,,,,He_112_B-2/U2
he_115c_1,0.0,,,,,,0.0,,,,,,0.0,,,,,,He_115_C-1
he-162a-1,0.0,,,,,,0.0,,,,,,0.0,,,,,,He_162_A-1
he-177a-3,0.0,,,,,,0.0,,,,,,0.0,,,,,,He_177_A-3
he-177a-5,0.0,,,,,,0.0,,,,,,0.0,,,,,,He_177_A-5
he_219a_7,0.0,,,,,,97.0,28.17,1.0,1.0,3.82,3.82,0.0,,,,,,He_219_A-7
he51a1,0.0,,,,,,0.0,,,,,,0.0,,,,,,He_51_A-1
he51b_2w,0.0,,,,,,0.0,,,,,,0.0,,,,,,He_51_B-2/H
he51c1_late,0.0,,,,,,0.0,,,,,,0.0,,,,,,He_51_C-1/L
jp_pzkpfw_VI_ausf_e_tiger,0.0,,,,,,27.0,100.0,0.0,0.0,6.1,6.1,0.0,,,,,,Heavy_Tank_No.6
marut_mk1,0.0,,,,,,24.0,,,2.65,,4.12,0.0,,,,,,HF-24
jp_type_3_ho_ni_III,0.0,,,,,,22.0,100.0,0.0,0.0,1.0,1.64,0.0,,,,,,Ho-Ni_III
hornet_mk1,0.0,,,,,,0.0,,,,,,0.0,,,,,,Hornet_Mk.I
hornet_mk3,0.0,,,,,,13.0,,,,,,0.0,,,,,,Hornet_Mk.III
cn_hq_11,0.0,,,,,,10.0,0.0,1.0,1.0,0.0,0.0,0.0,,,,,,HQ11
cn_hq_17,0.0,,,,,,0.0,,,,,,0.0,,,,,,HQ17
hs-123a-1,0.0,,,,,,0.0,,,,,,0.0,,,,,,Hs_123_A-1
hs-129b-2,0.0,,,,,,0.0,,,,,,0.0,,,,,,Hs_129_B-2
hs-129b-2_romania_italy,0.0,,,,,,32.0,28.57,0.79,1.07,3.57,4.29,0.0,,,,,,Hs_129_B-2_(Romania)
hs-129b-2_romania,0.0,,,,,,13.0,100.0,2.0,2.0,2.0,2.0,0.0,,,,,,Hs_129_B-2_(Romania)
us_hstv_l,0.0,,,,,,1582.0,54.73,0.0,0.0,1.72,1.4,21.0,,,0.0,,0.0,HSTV-L
hudson_mk_v,0.0,,,,,,0.0,,,,,,0.0,,,,,,Hudson_Mk_V
hunter_f6,0.0,,,,,,36.0,100.0,1.85,3.5,1.18,1.88,0.0,,,,,,Hunter_F.6
hunter_f9_rhodesia,0.0,,,,,,12.0,100.0,1.17,,0.0,,0.0,,,,,,Hunter_FGA.9
hurricane_mk1,0.0,,,,,,0.0,,,,,,0.0,,,,,,Hurricane_Mk_I/L
hurricane_mk1_late_ep,0.0,,,,,,0.0,,,,,,0.0,,,,,,Hurricane_Mk.I/L_FAA_M
i-15_1935_moscow,0.0,,,,,,0.0,,,,,,0.0,,,,,,I-15_M-25
i-153p,0.0,,,,,,115.0,75.0,4.27,15.96,0.4,1.38,0.0,,,,,,I-153P
i-15bis,0.0,,,,,,16.0,,,0.0,,0.0,0.0,,,,,,I-15bis
i-16_type10,0.0,,,,,,0.0,,,,,,0.0,,,,,,I-16_type_10
i-16_type28,0.0,,,,,,0.0,,,,,,0.0,,,,,,I-16_type_28
i-16_type5,0.0,,,,,,90.0,100.0,6.78,11.37,1.57,2.57,0.0,,,,,,I-16_type_5
gladiator_j8a_iacobi,0.0,,,,,,16.0,100.0,0.0,0.0,0.0,0.0,0.0,,,,,,Iacobi's_J8A
iar_93b,0.0,,,,,,6.0,33.33,1.17,1.83,1.0,1.0,0.0,,,,,,IAR-93B
jp_icv_ifv_prototype,0.0,,,,,,177.0,56.28,0.0,0.0,1.2,1.06,0.0,,,,,,ICV_(P)
il_2_37_1943,0.0,,,,,,0.0,,,,,,0.0,,,,,,IL-2-37
il-4,0.0,,,,,,0.0,,,,,,0.0,,,,,,IL-4
us_mim_72_chaparral,0.0,,,,,,42.0,75.0,0.81,0.64,0.0,0.0,0.0,,,,,,Imp.Chaparral
uk_a1e1_independent,0.0,,,,,,0.0,,,,,,0.0,,,,,,Independent
germ_iris_slm_launcher,,,,,,,,,,,,,,,,,,,IRIS-T_SLM_(СОУ)
germ_iris_slm_fcs,0.0,,,,,,210.0,37.34,2.9,2.12,0.0,0.0,0.0,,,,,,IRIS-T_SLM_(СОЦ)
ussr_is_2_1944_revenge,0.0,,,,,,119.0,100.0,0.0,0.0,7.46,2.66,0.0,,,,,,"IS-2_""Revenge"""
cn_is_2_1943_no402,0.0,,,,,,12.0,,,0.0,,1.0,0.0,,,,,,IS-2_No.402
it_semovente_m43_75_bersaglieri,,,,,,,,,,,,,,,,,,,it_semovente_m43_75_bersaglieri
sw_crotale_ng,0.0,,,,,,13.0,,,0.07,,0.0,0.0,,,,,,ItO_90M
j_10a,0.0,,,,,,114.0,77.41,1.48,2.49,0.1,0.12,0.0,,,,,,J-10A
j_10c,1.0,0.0,1.0,1.0,1.0,1.0,31.0,100.0,3.02,2.91,0.65,0.63,0.0,,,,,,J-10C
j_11,0.0,,,,,,0.0,,,,,,0.0,,,,,,J-11
j_11a,0.0,,,,,,49.0,88.04,2.38,1.56,0.0,0.0,0.0,,,,,,J-11A
j_11b,1.0,,,,,,19.0,50.0,1.38,2.25,0.0,0.0,0.0,,,,,,J-11B
j_15t,2.0,50.0,1.5,1.5,0.0,0.0,188.0,57.35,1.27,2.13,0.16,0.25,5.0,,,1.0,,0.0,J-15T
j_16,,,,,,,,,,,,,,,,,,,J-16
j_22m1a,0.0,,,,,,167.0,48.65,0.04,0.08,2.22,4.67,19.0,,,1.0,,6.0,J-22M1A
mig-17_china,0.0,,,,,,0.0,,,,,,0.0,,,,,,J-4
j_7_mk2,0.0,,,,,,0.0,,,,,,0.0,,,,,,J-7II
j_8f,0.0,,,,,,0.0,,,,,,0.0,,,,,,J-8F
saab_j21ra,0.0,,,,,,25.0,62.97,1.0,1.0,0.23,0.23,0.0,,,,,,J21RA
p-51b_7_sweden,0.0,,,,,,38.0,,,1.5,,1.17,0.0,,,,,,J26_David
saab_j29d,0.0,,,,,,0.0,,,,,,0.0,,,,,,J29D
j2m2,0.0,,,,,,136.0,100.0,3.57,3.05,1.36,1.09,0.0,,,,,,J2M2
j2m3,0.0,,,,,,162.0,52.09,0.93,1.08,0.33,0.4,0.0,,,,,,J2M3
j2m4_kai,0.0,,,,,,0.0,,,,,,0.0,,,,,,J2M4_Kai
j2m5,0.0,,,,,,0.0,,,,,,0.0,,,,,,J2M5
j2m5_30mm,0.0,,,,,,15.0,,,1.0,,0.0,0.0,,,,,,J2M5
saab_j32b,0.0,,,,,,38.0,50.0,1.0,1.0,0.0,0.0,0.0,,,,,,J32B
hunter_f50_sweden,0.0,,,,,,4.0,0.0,1.0,1.0,0.0,0.0,16.0,,,0.0,,0.0,J34
saab_j35a,0.0,,,,,,111.0,54.85,1.88,3.08,0.15,0.25,43.0,,,5.89,,0.0,J35A
saab_j35d,0.0,,,,,,0.0,,,,,,5.0,,,2.6,,0.0,J35D
j5n1,0.0,,,,,,76.0,,,0.79,,0.66,0.0,,,,,,J5N1
j9_early,0.0,,,,,,1.0,50.0,0.0,0.0,0.0,0.0,0.0,,,,,,J9_Early
saab_ja37,0.0,,,,,,269.0,70.57,1.86,2.71,0.2,0.3,10.0,,,1.11,,0.0,JA37C
saab_ja37d,0.0,,,,,,53.0,50.0,1.7,1.8,0.26,0.26,6.0,,,4.0,,0.0,JA37D
germ_jaguar_2,0.0,,,,,,88.0,10.92,0.0,0.0,0.82,0.55,0.0,,,,,,Jaguar_2
jaguar_a,0.0,,,,,,0.0,,,,,,0.0,,,,,,Jaguar_A
jaguar_e,0.0,,,,,,38.0,50.0,0.5,1.0,2.0,4.0,0.0,,,,,,Jaguar_E
jaguar_gr1,0.0,,,,,,10.0,,,,,,0.0,,,,,,Jaguar_GR.1
jaguar_gr1a,0.0,,,,,,10.0,50.0,0.5,1.0,1.0,2.0,0.0,,,,,,Jaguar_GR.1A
germ_sk105_a2,0.0,,,,,,79.0,32.14,0.0,0.0,3.5,1.57,0.0,,,,,,JaPz.K_A2
saab_jas39a,0.0,,,,,,12.0,,,0.82,,0.91,12.0,,,1.0,,0.0,JAS39A
saab_jas39c,0.0,,,,,,107.0,44.41,2.12,2.12,0.3,0.3,12.0,,,2.0,,1.0,JAS39C
saab_jas39c_thailand,0.0,,,,,,404.0,60.17,1.06,1.1,0.23,0.21,0.0,,,,,,JAS39C
saab_jas39c_south_africa,0.0,,,,,,53.0,58.59,1.13,1.66,0.0,0.0,11.0,,,1.0,,0.0,JAS39C
javelin_fmk9,0.0,,,,,,92.0,52.17,2.1,2.4,1.93,2.26,0.0,,,,,,Javelin_F.(A.W.)_Mk.9
jh_7a,0.0,,,,,,0.0,,,,,,0.0,,,,,,JH-7A
jh_7a_prototype,0.0,,,,,,30.0,,,,,,0.0,,,,,,JH-7A_Prototype
jh_7a2,0.0,,,,,,25.0,100.0,1.0,1.0,0.0,0.0,0.0,,,,,,JH-7A2
ju-288c,0.0,,,,,,208.0,36.64,0.38,0.65,0.47,0.35,13.0,50.0,0.0,0.69,1.38,1.31,Ju_288_C
ju-388j,0.0,,,,,,0.0,,,,,,0.0,,,,,,Ju_388_J
ju-87d-3,0.0,,,,,,0.0,,,,,,0.0,,,,,,Ju_87_D-3
ju-87g_1,0.0,,,,,,13.0,,,0.0,,0.0,0.0,,,,,,Ju_87_G-1
ju-87g_2,0.0,,,,,,0.0,,,,,,0.0,,,,,,Ju_87_G-2
ju-87r-2,0.0,,,,,,0.0,,,,,,0.0,,,,,,Ju_87_R-2
ju-87r-2_italy,0.0,,,,,,2.0,,,,,,0.0,,,,,,Ju_87_R-2
ju-87r-2_snake,0.0,,,,,,6.0,50.0,0.0,0.0,0.5,1.0,0.0,,,,,,Ju_87_R-2_Libya
ju-88a-4_finland,0.0,,,,,,8.0,,,0.0,,1.0,0.0,,,,,,Ju_88_A-4
ju-88a-4,0.0,,,,,,0.0,,,,,,0.0,,,,,,Ju_88_A-4
ju-88c-6,0.0,,,,,,0.0,,,,,,0.0,,,,,,Ju_88_C-6
jp_type_3_ka_chi,0.0,,,,,,15.0,,,,,,0.0,,,,,,Ka-Chi
jp_type_2_ka_mi,0.0,,,,,,0.0,,,,,,0.0,,,,,,Ka-Mi
kfir_c2,0.0,,,,,,0.0,,,,,,0.0,,,,,,Kfir_C.2
kfir_c7,0.0,,,,,,22.0,,,,,,0.0,,,,,,Kfir_C.7
kfir_canard,0.0,,,,,,89.0,87.33,2.52,0.97,0.72,0.91,0.0,,,,,,Kfir_Canard
uk_khalid,0.0,,,,,,205.0,62.39,0.0,0.0,3.43,2.38,0.0,,,,,,Khalid
ussr_9p157,0.0,,,,,,31.0,25.0,0.0,0.0,1.64,1.87,0.0,,,,,,Khrizantema-S
ki_10_1,0.0,,,,,,0.0,,,,,,0.0,,,,,,Ki-10-I
ki_10_1_commander,0.0,,,,,,0.0,,,,,,0.0,,,,,,Ki-10-I_C
ki_10_2,0.0,,,,,,0.0,,,,,,0.0,,,,,,Ki-10-II
ki_10_2_commander,0.0,,,,,,0.0,,,,,,0.0,,,,,,Ki-10-II_C
ki_102_otsu,0.0,,,,,,0.0,,,,,,0.0,,,,,,Ki-102_otsu
ki_108,0.0,,,,,,16.0,100.0,0.0,,0.0,,0.0,,,,,,Ki-108_Kai
ki_109,0.0,,,,,,0.0,,,,,,0.0,,,,,,Ki-109
j8m1,0.0,,,,,,0.0,,,,,,0.0,,,,,,Ki-200
ki_21_1ko,0.0,,,,,,0.0,,,,,,0.0,,,,,,Ki-21-Ia
ki-27_otsu_ep,0.0,,,,,,0.0,,,,,,0.0,,,,,,Ki-27_otsu_Tachiarai
ki_32,0.0,,,,,,0.0,,,,,,0.0,,,,,,Ki-32
ki_43_2_late,0.0,,,,,,9.0,,,,,,0.0,,,,,,Ki-43-II
ki_44_1,0.0,,,,,,11.0,,,,,,0.0,,,,,,Ki-44-I
ki_44_2_otsu,0.0,,,,,,22.0,100.0,0.0,0.0,2.0,1.0,0.0,,,,,,Ki-44-II_otsu
ki-45_hei,0.0,,,,,,0.0,,,,,,0.0,,,,,,Ki-45_hei
ki-45_otsu,0.0,,,,,,4.0,,,0.0,,0.0,0.0,,,,,,Ki-45_otsu
ki-45_tei,0.0,,,,,,7.0,,,,,,0.0,,,,,,Ki-45_tei
ki_48_2_otsu,0.0,,,,,,0.0,,,,,,0.0,,,,,,Ki-48-II_otsu
ki-49_1,0.0,,,,,,0.0,,,,,,0.0,,,,,,Ki-49-I
ki-49_2a,0.0,,,,,,0.0,,,,,,0.0,,,,,,Ki-49-IIa
ki-49_2b,0.0,,,,,,0.0,,,,,,0.0,,,,,,Ki-49-IIb
ki-49_2b_late,0.0,,,,,,28.0,,,0.0,,0.0,0.0,,,,,,Ki-49-IIb/L
ki_61_1a_tei,0.0,,,,,,31.0,96.43,1.39,2.29,1.94,2.86,0.0,,,,,,Ki-61-I_tei
ki_67_1_ko,0.0,,,,,,0.0,,,,,,0.0,,,,,,Ki-67-I_Ko
ki_67_1_otsu,0.0,,,,,,10.0,100.0,2.0,,2.0,,0.0,,,,,,Ki-67-I_otsu
ki_84_otsu,0.0,,,,,,7.0,100.0,2.0,,1.0,,0.0,,,,,,Ki-84_otsu
ki_87,0.0,,,,,,0.0,,,,,,0.0,,,,,,Ki-87
ki_94_2,0.0,,,,,,0.0,,,,,,0.0,,,,,,Ki-94-II
kitsuka,0.0,,,,,,95.0,100.0,1.38,0.81,2.7,1.23,0.0,,,,,,Kikka
kor_1,,,,,,,,,,,,,,,,,,,KOR-1
f-4e_iaf,0.0,,,,,,85.0,21.21,1.67,1.62,1.23,1.97,5.0,,,,,,Kurnass
f-4e_kurnass_2000,0.0,,,,,,8.0,,,,,,0.0,,,,,,Kurnass_2000
it_l3_cc,0.0,,,,,,0.0,,,,,,0.0,,,,,,L3/33_CC
it_l6,0.0,,,,,,0.0,,,,,,0.0,,,,,,L6/40
it_l6_leone,0.0,,,,,,0.0,,,,,,0.0,,,,,,L6/40_(31_Rgt.)
la-11,0.0,,,,,,3.0,,,0.0,,0.0,0.0,,,,,,La-11
lagg-3-34,0.0,,,,,,0.0,,,,,,0.0,,,,,,LaGG-3-34
lagg-3-4,0.0,,,,,,0.0,,,,,,0.0,,,,,,LaGG-3-4
lancaster_mk3,0.0,,,,,,8.0,,,,,,0.0,,,,,,Lancaster_B_Mk_III
lancaster_mr7_france,0.0,,,,,,0.0,,,,,,0.0,,,,,,Lancaster_MR.7
late_298d,0.0,,,,,,0.0,,,,,,0.0,,,,,,Late_298D
fr_leclerc_azur,0.0,,,,,,53.0,37.1,0.0,0.0,2.4,2.0,0.0,,,,,,Leclerc_AZUR
fr_leclerc_sxxi,0.0,,,,,,232.0,62.95,0.0,0.0,3.5,2.47,0.0,,,,,,Leclerc_SXXI
leo_451_early,0.0,,,,,,0.0,,,,,,0.0,,,,,,LeO_451_early
leo_451_late,0.0,,,,,,0.0,,,,,,0.0,,,,,,LeO_451_late
fr_leopard_2a4nl_les,0.0,,,,,,755.0,51.7,0.0,0.0,1.96,1.47,0.0,,,,,,Leopard_2_(OTCo)
fr_leopard_2a4nl,0.0,,,,,,192.0,59.44,0.0,0.0,2.48,1.39,0.0,,,,,,Leopard_2A4NL
fr_leopard_2a5nl,0.0,,,,,,102.0,96.0,0.0,0.0,6.07,6.4,0.0,,,,,,Leopard_2A5NL
fr_leopard_2a6nl,0.0,,,,,,44.0,100.0,0.0,0.0,9.4,2.58,0.0,,,,,,Leopard_2A6NL
germ_leopard_2av,0.0,,,,,,164.0,85.58,0.0,0.0,7.01,4.04,0.0,,,,,,Leopard_2AV
jp_leopard_2ri,0.0,,,,,,332.0,70.55,0.0,0.0,3.15,3.73,0.0,,,,,,Leopard_2RI
it_leopard_bofors,0.0,,,,,,112.0,100.0,0.0,0.0,2.6,1.25,0.0,,,,,,Leopard_40/70
uk_vickers_mk_6_aa_mk_1,0.0,,,,,,16.0,,,0.0,,0.0,0.0,,,,,,Light_AA_Mk_I
lightning_f53,0.0,,,,,,13.0,100.0,1.0,1.0,1.0,0.62,0.0,,,,,,Lightning_F.53
lincoln_b2,0.0,,,,,,0.0,,,,,,0.0,,,,,,Lincoln_B_Mk_II
fr_lorraine_155,0.0,,,,,,0.0,,,,,,0.0,,,,,,Lorraine_155_Mle.50
fr_lorraine_37l,0.0,,,,,,0.0,,,,,,0.0,,,,,,Lorraine_37L
us_losat_ccv,0.0,,,,,,272.0,47.43,0.0,0.0,2.81,2.48,0.0,,,,,,LOSAT
sw_lvrbv_701,0.0,,,,,,0.0,,,,,,0.0,,,,,,Lvrbv_701
us_lvt_a_4,0.0,,,,,,0.0,,,,,,0.0,,,,,,LVT(A)(4)
us_lvt_4_zis_2,0.0,,,,,,0.0,,,,,,0.0,,,,,,LVT(A)(4)_(ZIS-2)
fr_lvt_bofors,0.0,,,,,,0.0,,,,,,0.0,,,,,,LVT-4/40
m_346fa,0.0,,,,,,23.0,100.0,1.0,1.0,2.0,2.0,0.0,,,,,,M-346FA
mb_151c1,0.0,,,,,,0.0,,,,,,0.0,,,,,,M.B.151C.1
mb_152c1,0.0,,,,,,0.0,,,,,,0.0,,,,,,M.B.152C1
mb_162,0.0,,,,,,0.0,,,,,,0.0,,,,,,M.B.162
mb_174_a3,0.0,,,,,,0.0,,,,,,0.0,,,,,,M.B.174A-3
mb_175t,0.0,,,,,,0.0,,,,,,0.0,,,,,,M.B.175T
md_452_mystere_2a,0.0,,,,,,35.0,,,2.0,,1.0,0.0,,,,,,M.D.452_IIA
md_452_mystere_2c_preproduction,0.0,,,,,,21.0,,,1.0,,1.0,0.0,,,,,,M.D.452_IIC
us_m109a1,0.0,,,,,,130.0,100.0,0.0,0.0,1.05,0.48,0.0,,,,,,M109A1
it_m11_39,0.0,,,,,,0.0,,,,,,0.0,,,,,,M11/39
us_m1128_mgs,0.0,,,,,,483.0,45.34,0.0,0.0,1.23,1.06,0.0,,,,,,M1128
it_m113a1_tow,0.0,,,,,,115.0,51.92,0.0,0.0,0.88,0.9,0.0,,,,,,M113A1_(TOW)
it_m13_40_serie_2,0.0,,,,,,4.0,,,,,,0.0,,,,,,M13/40_(II)
it_m14_41,0.0,,,,,,0.0,,,,,,0.0,,,,,,M14/41
it_m14_41_47_40,0.0,,,,,,0.0,,,,,,0.0,,,,,,M14/41_(47/40)
it_m15_42,0.0,,,,,,0.0,,,,,,0.0,,,,,,M15/42
us_halftrack_m16,0.0,,,,,,53.0,0.0,1.74,1.13,0.0,0.0,0.0,,,,,,M16_MGMC
us_m163_vulcan,0.0,,,,,,356.0,41.11,0.5,0.55,0.2,0.21,0.0,,,,,,M163
jp_m163_vulcan,0.0,,,,,,237.0,73.43,0.97,1.17,0.12,0.16,0.0,,,,,,M163
jp_m19,0.0,,,,,,423.0,60.25,0.49,0.36,1.0,0.69,0.0,,,,,,M19A1
uk_m1a1_aim_abrams,0.0,,,,,,26.0,100.0,0.0,0.0,4.57,4.57,0.0,,,,,,M1A1
us_m1a1_hc_abrams,0.0,,,,,,546.0,68.55,0.0,0.0,3.47,3.27,0.0,,,,,,M1A1_HC
uk_m1a2_sep3_abrams,0.0,,,,,,508.0,62.99,0.06,0.05,3.44,3.12,0.0,,,,,,M1A2
us_m2_medium,0.0,,,,,,22.0,,,0.0,,0.0,0.0,,,,,,M2
us_m2a2,0.0,,,,,,0.0,,,,,,0.0,,,,,,M2A2
ussr_m3c,0.0,,,,,,0.0,,,,,,0.0,,,,,,M3_Medium
us_m3a1_stuart_usmc,0.0,,,,,,23.0,,,0.0,,1.21,0.0,,,,,,M3A1_(USMC)
us_m3a3_bradley,0.0,,,,,,206.0,20.01,0.0,0.0,0.87,0.44,0.0,,,,,,M3A3_Bradley
fr_m3a3_stuart,0.0,,,,,,24.0,90.0,0.0,0.0,2.47,2.47,0.0,,,,,,M3A3_Stuart
jp_m41_walker_bulldog,0.0,,,,,,666.0,57.84,0.0,0.0,1.67,1.23,0.0,,,,,,M41A1
fr_m44,0.0,,,,,,118.0,42.06,0.0,0.0,2.03,2.49,0.0,,,,,,M44
it_m44,0.0,,,,,,165.0,70.86,0.0,0.0,2.29,1.69,0.0,,,,,,M44
fr_m46_patton,0.0,,,,,,57.0,100.0,0.0,0.0,8.0,3.37,0.0,,,,,,M46
us_m47_patton_II,0.0,,,,,,234.0,49.42,0.0,0.0,1.73,1.21,13.0,,,0.0,,0.0,M47
it_m47_105,0.0,,,,,,25.0,,,0.0,,0.7,0.0,,,,,,M47_(105/55)
us_m4a2_1944,,,,,,,,,,,,,,,,,,,M4A2_(1944)
fr_m4a3_105_sherman,0.0,,,,,,48.0,,,0.0,,2.38,0.0,,,,,,M4A3_(105)
us_m4a3_105_sherman,0.0,,,,,,77.0,0.0,0.0,0.0,7.06,2.82,0.0,,,,,,M4A3_(105)
fr_m4a3e2_sherman_jumbo,0.0,,,,,,87.0,67.86,0.0,0.0,5.39,2.84,0.0,,,,,,M4A3E2
fr_m55,0.0,,,,,,29.0,,,0.0,,0.0,0.0,,,,,,M55
us_m551_76,0.0,,,,,,218.0,64.09,0.0,0.0,2.68,2.13,0.0,,,,,,M551(76)
us_m5a1_stuart_td,0.0,,,,,,0.0,,,,,,0.0,,,,,,M5A1_TD
us_m60,0.0,,,,,,89.0,30.91,0.0,0.0,1.8,1.34,1.0,,,,,,M60
it_m60a1_ariete,0.0,,,,,,33.0,80.56,0.0,0.0,3.18,2.71,0.0,,,,,,"M60A1_""D.C.Ariete"""
us_m60a1_rise_mod,0.0,,,,,,87.0,67.27,0.0,0.0,3.96,2.15,0.0,,,,,,M60A1_Predator
us_m7,,,,,,,,,,,,,,,,,,,M7
us_m728,0.0,,,,,,12.0,83.33,0.0,0.0,2.58,2.92,0.0,,,,,,M728_CEV
us_m8_greyhound,0.0,,,,,,9.0,,,0.0,,2.11,0.0,,,,,,M8_LAC
us_m901_itv,0.0,,,,,,118.0,41.38,0.0,0.0,2.11,1.85,0.0,,,,,,M901
il_magach_3_idf,0.0,,,,,,32.0,,,0.0,,1.0,0.0,,,,,,Magach_3
us_magach_3,0.0,,,,,,8.0,,,,,,0.0,,,,,,Magach_3_(ERA)
il_magach_3,0.0,,,,,,0.0,,,,,,0.0,,,,,,Magach_3_(ERA)
il_magach_6,0.0,,,,,,0.0,,,,,,0.0,,,,,,Magach_6
il_magach_6r,0.0,,,,,,105.0,89.52,0.0,0.0,2.49,2.28,0.0,,,,,,Magach_6R
fiat_cr42_marcolin,0.0,,,,,,0.0,,,,,,0.0,,,,,,Marcolin's_C.R.42_CN
fiat_cr42_marcolin_italy,0.0,,,,,,0.0,,,,,,0.0,,,,,,Marcolin's_C.R.42_CN
uk_mark_v,0.0,,,,,,0.0,,,,,,0.0,,,,,,Mark_V
fr_mars_15,0.0,,,,,,148.0,49.14,0.0,0.0,1.53,0.93,0.0,,,,,,MARS_15
martin_139wc,0.0,,,,,,0.0,,,,,,0.0,,,,,,Martin_139WC
f4f-4_martlet_mk4,0.0,,,,,,0.0,,,,,,0.0,,,,,,Martlet_Mk_IV
mb_326b,0.0,,,,,,39.0,100.0,0.52,1.0,3.57,7.86,75.0,85.42,0.38,0.67,4.42,6.6,MB-326B
mb_5,0.0,,,,,,180.0,83.73,3.55,10.25,1.01,2.82,0.0,,,,,,MB.5
mbr-2,0.0,,,,,,0.0,,,,,,0.0,,,,,,MBR-2-M-34
me-163b,0.0,,,,,,24.0,0.0,1.0,1.0,0.0,0.0,0.0,,,,,,Me_163_B
me-163b-0,0.0,,,,,,0.0,,,,,,0.0,,,,,,Me_163_B-0
me_210_v22_japan,0.0,,,,,,0.0,,,,,,0.0,,,,,,Me_210_V22
me-262a-1a,0.0,,,,,,34.0,0.0,0.19,0.19,0.0,0.0,0.0,,,,,,Me_262_A-1a
me-262a-1a_early,0.0,,,,,,18.0,,,2.0,,0.0,0.0,,,,,,Me_262_A-1a/Jabo
me-262a-2a,0.0,,,,,,80.0,92.65,3.91,3.18,1.68,1.91,0.0,,,,,,Me_262_A-2a
me-262c-1a,0.0,,,,,,0.0,,,,,,0.0,,,,,,Me_262_C-1a
me-262c-2b,0.0,,,,,,12.0,,,,,,0.0,,,,,,Me_262_C-2b
me-410a-1_u4,0.0,,,,,,24.0,,,0.0,,0.27,0.0,,,,,,Me_410_A-1/U4
us_merkava_mk_1,0.0,,,,,,21.0,50.0,0.0,0.0,1.5,3.0,0.0,,,,,,Merkava_Mk.1
us_merkava_mk_2b_late,0.0,,,,,,8.0,,,0.0,,1.0,0.0,,,,,,Merkava_Mk.2B
us_merkava_mk_3d,0.0,,,,,,5.0,50.0,0.0,0.0,1.0,2.0,0.0,,,,,,Merkava_Mk.3D
il_merkava_mk_4m,0.0,,,,,,297.0,76.73,0.01,0.01,5.62,6.03,0.0,,,,,,Merkava_Mk.4M
meteor_fmk3,0.0,,,,,,40.0,100.0,0.0,0.36,1.29,0.36,0.0,,,,,,Meteor_F_Mk_3
meteor_fmk4_lw,0.0,,,,,,105.0,91.03,1.82,1.23,0.35,0.23,0.0,,,,,,Meteor_F_Mk_4_G.41F
meteor_fmk4_sw,0.0,,,,,,12.0,100.0,5.5,11.0,0.0,0.0,0.0,,,,,,Meteor_F_Mk_4_G.41G
meteor_fmk8,0.0,,,,,,20.0,100.0,0.0,,0.0,,0.0,,,,,,Meteor_F_Mk_8_G.41K
meteor_fmk8_belgium,0.0,,,,,,21.0,100.0,1.53,,2.05,,0.0,,,,,,Meteor_F_Mk.8
meteor_fmk8_reaper,0.0,,,,,,96.0,71.61,2.6,3.7,2.26,3.28,0.0,,,,,,Meteor_F_Mk.8_Reaper
mig-15_ns23,0.0,,,,,,89.0,63.66,2.37,2.73,0.09,0.23,0.0,,,,,,MiG-15
mig-15bis_ish,0.0,,,,,,50.0,84.06,0.21,0.39,2.58,2.25,0.0,,,,,,MiG-15bis_ISH
mig-21_bison,0.0,,,,,,278.0,53.76,1.23,1.45,0.07,0.1,11.0,,,1.0,,0.0,MiG-21_Bison
mig_21_bis_finland,0.0,,,,,,94.0,53.76,0.78,1.65,0.15,0.42,0.0,,,,,,MiG-21bis
mig_29_9_12_sniper,0.0,,,,,,234.0,55.04,1.77,1.27,0.12,0.12,55.0,0.0,4.67,1.5,0.0,0.0,MiG-29_Sniper
mig_29n,0.0,,,,,,93.0,81.91,1.4,1.74,0.12,0.18,0.0,,,,,,MiG-29N
mirage_milan,0.0,,,,,,31.0,82.58,0.24,0.46,0.92,1.2,0.0,,,,,,Milan
mirage_2000_5f,0.0,,,,,,191.0,61.27,1.84,2.14,0.03,0.03,9.0,,,0.0,,0.0,Mirage_2000-5F
mirage_2000c_s5,0.0,,,,,,134.0,59.47,2.2,3.52,0.81,1.27,0.0,,,,,,Mirage_2000C-S5
mirage_2000d_r1,0.0,,,,,,0.0,,,,,,0.0,,,,,,Mirage_2000D-R1
mirage_2000d_rmv,0.0,,,,,,6.0,,,,,,14.0,,,0.0,,0.0,Mirage_2000D-RMV
mirage_5ba,0.0,,,,,,0.0,,,,,,0.0,,,,,,Mirage_5BA
mirage_f1c,0.0,,,,,,36.0,100.0,3.0,1.5,0.0,0.0,0.0,,,,,,Mirage_F1C
mirage_f1c_200,0.0,,,,,,429.0,53.63,1.34,1.27,0.25,0.25,49.0,100.0,10.0,2.42,0.0,0.0,Mirage_F1C-200
mirage_f1ct,0.0,,,,,,0.0,,,,,,4.0,,,2.0,,0.0,Mirage_F1CT
mirage_3e,0.0,,,,,,53.0,77.96,2.01,2.43,0.0,0.0,0.0,,,,,,Mirage_IIIE
ussr_a_12_mk_2_matilda_2A_F96,0.0,,,,,,0.0,,,,,,0.0,,,,,,MK-II_«Matilda»
germ_mkpz_m47,0.0,,,,,,0.0,,,,,,0.0,,,,,,mKPz_M47_G
mosquito_fb_mk6,0.0,,,,,,2.0,100.0,4.0,,0.0,,0.0,,,,,,Mosquito_FB_Mk_VI
mosquito_fb_mk18,0.0,,,,,,0.0,,,,,,0.0,,,,,,Mosquito_FB_Mk_XVIII
mosquito_fb_mk26_china,0.0,,,,,,27.0,57.14,2.85,,2.19,,0.0,,,,,,Mosquito_FB.Mk.26
mosquito_tr_mk33,0.0,,,,,,0.0,,,,,,0.0,,,,,,Mosquito_TR.Mk.33
mosquito_b_mk16,0.0,,,,,,0.0,,,,,,0.0,,,,,,Mosquito_B.Mk.XVI
mosquito_nf_mk2,0.0,,,,,,0.0,,,,,,0.0,,,,,,Mosquito_NF.Mk.II
fr_msc,0.0,,,,,,294.0,78.81,0.0,0.0,3.5,2.61,13.0,,,0.0,,2.0,MSC
md_454_mystere_4a,0.0,,,,,,0.0,,,,,,0.0,,,,,,Mystere_IVA
nc_223_3,0.0,,,,,,0.0,,,,,,0.0,,,,,,N.C.223.3
n1k1_kyuofu,0.0,,,,,,24.0,,,,,,0.0,,,,,,N1K1
n1k2_j,0.0,,,,,,31.0,100.0,1.15,1.11,1.92,1.89,0.0,,,,,,N1K2-J
il_namer_tsrikhon,0.0,,,,,,51.0,83.33,0.0,0.0,1.79,2.37,0.0,,,,,,Namer_Tsrikhon
sw_nasams_fcs,0.0,,,,,,77.0,64.74,1.52,1.77,0.0,0.0,0.0,,,,,,NASAMS_3_(СОЦ)
us_nasams_fcs,0.0,,,,,,259.0,48.32,2.19,1.57,0.0,0.0,0.0,,,,,,NASAMS_3_(СОЦ)
fw-190a-8_france,0.0,,,,,,4.0,,,,,,0.0,,,,,,NC.900
nesher,0.0,,,,,,0.0,,,,,,0.0,,,,,,Nesher
f_16a_block_10_iaf,0.0,,,,,,6.0,50.0,0.5,1.0,0.5,1.0,6.0,,,2.0,,0.0,Netz
f_16a_block_10_netz_mod,0.0,,,,,,32.0,73.33,0.92,2.0,1.04,1.44,44.0,,,0.0,,4.0,Netz_(Mod)
nimrod_mk1,0.0,,,,,,0.0,,,,,,0.0,,,,,,Nimrod_Mk_I
nimrod_mk2,0.0,,,,,,0.0,,,,,,0.0,,,,,,Nimrod_Mk_II
sw_nomads,0.0,,,,,,8.0,0.0,2.0,2.0,0.0,0.0,0.0,,,,,,NOMADS
ussr_object_140,0.0,,,,,,242.0,61.91,0.0,0.0,5.83,2.3,0.0,,,,,,Object_140
ussr_object_292,0.0,,,,,,436.0,51.56,0.0,0.0,3.77,2.81,0.0,,,,,,Object_292
it_of_40_mk_1,0.0,,,,,,233.0,63.68,0.0,0.0,3.02,2.0,0.0,,,,,,OF-40
uk_olifant_mk_1a,0.0,,,,,,245.0,60.54,0.0,0.0,3.04,2.98,0.0,,,,,,Olifant_Mk.1A
uk_olifant_mk_2,0.0,,,,,,139.0,61.61,0.0,0.0,3.33,2.72,0.0,,,,,,Olifant_Mk.2
cn_oplot_t,0.0,,,,,,135.0,63.91,0.0,0.0,2.08,1.92,0.0,,,,,,Oplot-M
os2u_1,0.0,,,,,,0.0,,,,,,0.0,,,,,,OS2U-1
os2u_3,0.0,,,,,,0.0,,,,,,0.0,,,,,,OS2U-3
uk_9a33bm2,0.0,,,,,,0.0,,,,,,0.0,,,,,,Osa-AK
it_9a33bm3,0.0,,,,,,0.0,,,,,,0.0,,,,,,Osa-AKM
germ_flakpanzer_IV_Ostwind_2_net,0.0,,,,,,249.0,21.61,0.8,0.45,0.4,0.24,12.0,0.0,0.17,0.08,0.0,0.0,Ostwind_Ost
it_otomatic,0.0,,,,,,90.0,44.79,0.66,1.11,2.23,2.85,0.0,,,,,,OTOMATIC
p-26a_34,0.0,,,,,,0.0,,,,,,0.0,,,,,,P-26A-34
p-38j,0.0,,,,,,2.0,100.0,4.0,4.0,5.5,5.5,10.0,100.0,0.0,0.0,1.0,1.0,P-38J-15
p-38k,0.0,,,,,,0.0,,,,,,0.0,,,,,,P-38K
p-39k_1,0.0,,,,,,0.0,,,,,,0.0,,,,,,P-39K-1
p-39q_15,0.0,,,,,,0.0,,,,,,0.0,,,,,,P-39Q-15
p-39q_5,0.0,,,,,,0.0,,,,,,0.0,,,,,,P-39Q-5
p-40c,0.0,,,,,,0.0,,,,,,0.0,,,,,,P-40C
p-40e_td,0.0,,,,,,4.0,100.0,1.0,1.0,1.0,1.0,0.0,,,,,,P-40E-1_TD
p-40f-5_france_ep,0.0,,,,,,0.0,,,,,,0.0,,,,,,P-40F-5_Lafayette
p-43a-1,0.0,,,,,,0.0,,,,,,0.0,,,,,,P-43A-1
p-51a_tl,0.0,,,,,,8.0,,,0.0,,1.0,0.0,,,,,,P-51A
p-51c-11-nt_japan,0.0,,,,,,46.0,100.0,2.85,4.86,0.69,1.43,0.0,,,,,,P-51C-11-NT
p-59a,0.0,,,,,,36.0,100.0,2.0,1.31,2.0,1.13,0.0,,,,,,P-59A
p-66,0.0,,,,,,0.0,,,,,,0.0,,,,,,P-66
p_108a_serie2,0.0,,,,,,0.0,,,,,,0.0,,,,,,P.108A_serie_2
fr_citroen_kegresse_p4t,0.0,,,,,,0.0,,,,,,0.0,,,,,,P.7.T_AA
p1y1_mod11,0.0,,,,,,0.0,,,,,,0.0,,,,,,P1Y1_mod._11
d_510,0.0,,,,,,0.0,,,,,,0.0,,,,,,Pallier's_D.510
fr_pzkpfw_V_panther_dauphine,0.0,,,,,,31.0,100.0,0.0,0.0,4.0,2.0,0.0,,,,,,Panther_«Dauphine»
germ_panzerjager_1,0.0,,,,,,2.0,0.0,0.0,0.0,1.0,1.0,0.0,,,,,,Panzerjäger_I
sw_pbil_m40,0.0,,,,,,0.0,,,,,,0.0,,,,,,Pbil_m/40
pbj_1h,0.0,,,,,,0.0,,,,,,0.0,,,,,,PBJ-1H
pbj_1j,0.0,,,,,,0.0,,,,,,0.0,,,,,,PBJ-1J
pbm_1,0.0,,,,,,0.0,,,,,,0.0,,,,,,"PBM-1_""Mariner"""
pbm_3,0.0,,,,,,0.0,,,,,,0.0,,,,,,"PBM-3_""Mariner"""
pbm_5a,0.0,,,,,,0.0,,,,,,0.0,,,,,,"PBM-5A_""Mariner"""
sw_pbv_301,0.0,,,,,,11.0,,,0.0,,0.0,0.0,,,,,,Pbv_301
sw_pbv_302_bill,0.0,,,,,,28.0,43.33,0.0,0.0,0.87,0.87,0.0,,,,,,Pbv_302_(BILL)
pby-5,0.0,,,,,,0.0,,,,,,0.0,,,,,,PBY-5_Catalina
pby-5a_late_france,0.0,,,,,,0.0,,,,,,0.0,,,,,,PBY-5A_Late
cn_pgz_04a,0.0,,,,,,109.0,59.14,0.77,1.06,0.0,0.0,0.0,,,,,,PGZ04A
cn_pgz_09,0.0,,,,,,75.0,35.42,1.69,1.32,0.64,0.5,0.0,,,,,,PGZ09
cn_pgz_88,0.0,,,,,,244.0,47.82,0.38,0.21,1.23,0.72,0.0,,,,,,PGZ88
cn_type_65_aa,0.0,,,,,,15.0,,,0.0,,0.0,0.0,,,,,,Phòng_không_T-34
cn_plz_83_130,0.0,,,,,,41.0,47.78,0.0,0.0,1.96,3.42,0.0,,,,,,PLZ83-130
po-2,0.0,,,,,,0.0,,,,,,0.0,,,,,,Po-2
po-2_nw,,,,,,,,,,,,,,,,,,,Po-2_Night_Witch
po-2m,0.0,,,,,,0.0,,,,,,0.0,,,,,,Po-2M
potez_630,0.0,,,,,,0.0,,,,,,0.0,,,,,,Potez_630
potez_631,0.0,,,,,,21.0,,,0.0,,1.0,0.0,,,,,,Potez_631
potez_633,0.0,,,,,,0.0,,,,,,0.0,,,,,,Potez_633
germ_leopard_2_pt14,0.0,,,,,,23.0,50.0,0.0,0.0,4.75,7.0,0.0,,,,,,PT-16/T14_mod.
cn_ptl_02,0.0,,,,,,65.0,100.0,0.0,0.0,2.09,1.61,0.0,,,,,,PTL02
germ_schutzenpanzer_puma,0.0,,,,,,210.0,50.43,0.07,0.03,1.32,0.99,0.0,,,,,,PUMA
germ_schutzenpanzer_puma_vjtf_mod,0.0,,,,,,4.0,,,0.0,,1.0,0.0,,,,,,Puma_u14
sw_pvkv_m43_1963,0.0,,,,,,37.0,,,0.0,,1.0,0.0,,,,,,Pvkv_m/43_(1963)
sw_pvlvv_fm42,0.0,,,,,,0.0,,,,,,0.0,,,,,,Pvlvv_fm/42
germ_pzkpfw_38t_na,0.0,,,,,,0.0,,,,,,0.0,,,,,,Pz.38(t)_n.A.
germ_pzkpfw_38t_ausf_A,0.0,,,,,,8.0,50.0,0.0,0.0,1.5,2.88,0.0,,,,,,Pz.38(t)_A
germ_pzkpfw_II_ausf_C_td,0.0,,,,,,0.0,,,,,,0.0,,,,,,Pz.II_C_TD
germ_pzkpfw_III_ausf_J_td,0.0,,,,,,0.0,,,,,,0.0,,,,,,Pz.III_J1_TD
it_pzkpfw_III_ausf_N,0.0,,,,,,19.0,,,0.0,,2.43,0.0,,,,,,Pz.III_N
germ_pzkpfw_III_ausf_J_L42,0.0,,,,,,17.0,,,0.0,,2.0,0.0,,,,,,Pz.III_J
germ_pzkpfw_II_ausf_F,0.0,,,,,,21.0,100.0,0.0,0.0,2.0,1.11,0.0,,,,,,Pz.II_F
germ_pzkpfw_II_ausf_C_DAK,0.0,,,,,,32.0,80.0,0.0,0.0,4.8,2.78,0.0,,,,,,Pz.II_С_(DAK)
germ_pzkpfw_IV_ausf_E,0.0,,,,,,22.0,0.0,0.0,0.0,1.0,1.0,0.0,,,,,,Pz.IV_E
germ_amd_35_kwk,0.0,,,,,,5.0,,,0.0,,2.0,0.0,,,,,,Pz.Sp.Wg.P204(f)_KwK
germ_amd_35_kwk39,0.0,,,,,,60.0,0.0,0.0,0.0,5.5,2.09,0.0,,,,,,Pz.Sp.Wg.P204(f)_PaK
q_5_early,0.0,,,,,,17.0,,,,,,0.0,,,,,,Q-5_early
q_5l,0.0,,,,,,0.0,,,,,,87.0,100.0,0.0,0.0,0.0,0.0,Q-5L
quing_6,0.0,,,,,,3.0,,,,,,0.0,,,,,,Qing-6
cn_qn506,0.0,,,,,,80.0,26.88,0.0,0.0,0.58,0.71,0.0,,,,,,QN506
fr_renault_r39,0.0,,,,,,0.0,,,,,,0.0,,,,,,R.35_(SA38)
r2y2_v1,0.0,,,,,,12.0,,,,,,0.0,,,,,,R2Y2_Kai_V1
r2y2_v2,0.0,,,,,,0.0,,,,,,0.0,,,,,,R2Y2_Kai_V2
r2y2_kai,0.0,,,,,,14.0,50.0,1.0,1.44,2.0,2.44,0.0,,,,,,R2Y2_Kai_V3
it_oto_r3_106sr,0.0,,,,,,132.0,84.0,0.0,0.0,2.44,1.41,0.0,,,,,,R3_T106_FA
il_merkava_mk_3_raam_segol,0.0,,,,,,181.0,87.45,0.0,0.0,4.28,2.36,0.0,,,,,,Ra'am_Sagol
rafale_eg_greece,,,,,,,,,,,,,,,,,,,Rafale_EG
uk_tracked_rapier,0.0,,,,,,5.0,0.0,1.0,1.0,0.0,0.0,0.0,,,,,,Rapier
p-36a_rasmussen,0.0,,,,,,0.0,,,,,,0.0,,,,,,Rasmussen's_P-36A
uk_ratel_20,0.0,,,,,,81.0,1.85,0.0,0.0,1.06,0.31,0.0,,,,,,Ratel_20
re_2000_ga,0.0,,,,,,0.0,,,,,,0.0,,,,,,Re.2000_G.A.
re_2000_int,0.0,,,,,,0.0,,,,,,0.0,,,,,,Re.2000_serie_1
re_2001_serie1_ep,0.0,,,,,,0.0,,,,,,0.0,,,,,,Re.2001_gruppo_22
jp_type_95_heavy,0.0,,,,,,5.0,,,,,,0.0,,,,,,Ro-Go
jp_hiro_sha,0.0,,,,,,20.0,,,0.0,,1.0,0.0,,,,,,Ro-Go_Exp.
ro_43,,,,,,,,,,,,,,,,,,,Ro.43
ro_44,0.0,,,,,,0.0,,,,,,0.0,,,,,,Ro.44
fr_amx_30_roland,0.0,,,,,,27.0,,,0.72,,0.0,0.0,,,,,,Roland_1
uk_rooikat_105_td,0.0,,,,,,70.0,88.89,0.0,0.0,5.33,3.52,0.0,,,,,,Rooikat_105
uk_rooikat_76,0.0,,,,,,174.0,55.56,0.0,0.0,1.74,1.12,0.0,,,,,,Rooikat_Mk.1D
uk_rooikat_mttd,0.0,,,,,,164.0,86.67,0.0,0.0,3.65,2.95,0.0,,,,,,Rooikat_MTTD
germ_ru251,0.0,,,,,,228.0,47.88,0.0,0.0,4.24,2.87,0.0,,,,,,Ru_251
fr_somua_s35,0.0,,,,,,8.0,,,0.0,,2.0,0.0,,,,,,S.35
s_81_ar125,0.0,,,,,,0.0,,,,,,0.0,,,,,,S.81
sm_79_1941,0.0,,,,,,0.0,,,,,,0.0,,,,,,S.M.79_AS
sm_79_1941_italy,0.0,,,,,,0.0,,,,,,0.0,,,,,,S.M.79_AS
sm_79_iar,0.0,,,,,,0.0,,,,,,0.0,,,,,,S.M.79_B
sm_79_iar_italy,0.0,,,,,,0.0,,,,,,0.0,,,,,,S.M.79_B
sm_79_1942,0.0,,,,,,0.0,,,,,,0.0,,,,,,S.M.79_bis/N
sm_79_1943,0.0,,,,,,0.0,,,,,,0.0,,,,,,S.M.79_bis/T.M
sm_79_1943_italy,0.0,,,,,,0.0,,,,,,0.0,,,,,,S.M.79_bis/T.M
sm_79_1936,0.0,,,,,,0.0,,,,,,0.0,,,,,,S.M.79_serie_1
sm_79_1936_italy,0.0,,,,,,0.0,,,,,,0.0,,,,,,S.M.79_serie_1
sm_79_1937,0.0,,,,,,0.0,,,,,,0.0,,,,,,S.M.79_serie_4
sm_79_1939,0.0,,,,,,0.0,,,,,,0.0,,,,,,S.M.79_serie_8
sm_79_1939_italy,0.0,,,,,,0.0,,,,,,0.0,,,,,,S.M.79_serie_8
so_4050_vautour_2n,0.0,,,,,,36.0,100.0,0.4,0.4,0.93,0.93,0.0,,,,,,S.O.4050_Vautour_IIN
so_8000_narval,0.0,,,,,,33.0,100.0,4.92,3.64,2.33,1.73,0.0,,,,,,S.O.8000_Narval
saab_b17bs,0.0,,,,,,0.0,,,,,,0.0,,,,,,S17BS
md_460_saar,0.0,,,,,,11.0,100.0,1.0,1.0,0.0,0.0,0.0,,,,,,Sa'ar
saab_f35_wdns,0.0,,,,,,7.0,,,0.0,,0.0,0.0,,,,,,Saab_F-35
saab_j35xs,0.0,,,,,,110.0,29.87,1.93,2.26,0.1,0.13,0.0,,,,,,Saab_J35XS
saab_105g,0.0,,,,,,310.0,48.34,0.51,0.6,1.44,1.64,0.0,,,,,,SAAB-105G
saab_105oe,0.0,,,,,,13.0,,,,,,0.0,,,,,,SAAB-105OE
md_460_sambad,0.0,,,,,,0.0,,,,,,0.0,,,,,,Sambad
fr_vab_santal,0.0,,,,,,70.0,0.0,1.67,0.87,0.0,0.0,0.0,,,,,,SANTAL
uk_marmon_herrington_mk_6_2pdr,0.0,,,,,,41.0,61.11,0.0,0.0,1.17,0.99,0.0,,,,,,SARC_MkVI_(2pdr)
fr_somua_sau40,0.0,,,,,,0.0,,,,,,0.0,,,,,,SAu_40
sb_2m_100,0.0,,,,,,0.0,,,,,,0.0,,,,,,SB_2M-100
sb_2m_103c,0.0,,,,,,0.0,,,,,,0.0,,,,,,SB_2M-103
sb_2m_103_mv3,0.0,,,,,,0.0,,,,,,0.0,,,,,,SB_2M-103_MV-3
sb_2m_103u,0.0,,,,,,0.0,,,,,,0.0,,,,,,SB_2M-103U
sb_2m_103u_mv3,0.0,,,,,,0.0,,,,,,0.0,,,,,,SB_2M-103U_MV-3
sb2c_1c,0.0,,,,,,15.0,,,0.0,,0.0,0.0,,,,,,SB2C-1C
sb2c_4,0.0,,,,,,2.0,0.0,0.0,0.0,0.0,0.0,0.0,,,,,,SB2C-4
sb2u-2,0.0,,,,,,0.0,,,,,,0.0,,,,,,SB2U-2
scimitar_f1,0.0,,,,,,20.0,98.15,2.24,2.31,0.46,0.47,0.0,,,,,,Scimitar_F_Mk.1
uk_fv107_scimitar_mk2,0.0,,,,,,252.0,27.33,0.0,0.0,3.18,0.8,0.0,,,,,,Scimitar_Mk.2
germ_sdkfz_234_1,0.0,,,,,,46.0,56.06,0.0,0.0,2.85,3.12,3.0,,,0.0,,1.0,Sd.Kfz.234/1
germ_sdkfz_234_2_td,0.0,,,,,,50.0,43.33,0.0,0.0,0.85,1.03,0.0,,,,,,Sd.Kfz.234/2_TD
germ_sdkfz_234_3,0.0,,,,,,27.0,50.0,0.0,0.0,3.68,3.53,0.0,,,,,,Sd.Kfz.234/3
germ_sdkfz_234_4,0.0,,,,,,79.0,94.44,0.0,0.0,4.13,2.7,0.0,,,,,,Sd.Kfz.234/4
germ_sdkfz_251_10,0.0,,,,,,5.0,50.0,0.0,0.0,0.5,1.0,0.0,,,,,,Sd.Kfz.251/10
sea_fury_fb11,0.0,,,,,,2.0,,,,,,18.0,,,1.0,,0.0,Sea_Fury_FB_11
gladiator_mk2_navy,0.0,,,,,,0.0,,,,,,0.0,,,,,,Sea_Gladiator_Mk_I
sea_harrier_fa2,0.0,,,,,,30.0,50.0,0.94,1.0,0.94,1.0,0.0,,,,,,Sea_Harrier_FA_2
harrier_frs1,0.0,,,,,,26.0,50.0,0.5,0.87,0.0,0.0,0.0,,,,,,Sea_Harrier_FRS.1
harrier_frs1_early,0.0,,,,,,0.0,,,,,,0.0,,,,,,Sea_Harrier_FRS.1_(e)
sea_hawk_fga6,0.0,,,,,,46.0,58.34,0.6,0.7,1.0,1.17,0.0,,,,,,Sea_Hawk_FGA.6
sea_hawk_fga50_netherlands,0.0,,,,,,0.0,,,,,,23.0,,,3.0,,0.0,Sea_Hawk_Mk.50
meteor_fmk3_navy,0.0,,,,,,113.0,76.13,1.53,2.54,1.35,2.26,0.0,,,,,,Sea_Meteor_F_Mk_3
sea_venom_faw20,0.0,,,,,,0.0,,,,,,0.0,,,,,,Sea_Venom_FAW_20
dh_110_sea_vixen,0.0,,,,,,40.0,50.0,2.0,4.0,0.0,0.0,0.0,,,,,,Sea_Vixen_F.A.W._Mk.2
seafire_mk17,0.0,,,,,,11.0,,,,,,0.0,,,,,,Seafire_F_Mk_XVII
seafire_mk3,0.0,,,,,,6.0,,,0.0,,1.0,0.0,,,,,,Seafire_LF_Mk.III
shackleton_mr_mk_2,0.0,,,,,,0.0,,,,,,0.0,,,,,,Shackleton_MR.Mk.2
mirage_3cj,0.0,,,,,,58.0,100.0,3.05,1.68,0.65,0.43,0.0,,,,,,Shahak
it_sherman_vc_firefly,0.0,,,,,,32.0,100.0,0.0,0.0,2.67,1.52,0.0,,,,,,Sherman_Vc
il_centurion_shot_kal_d,0.0,,,,,,95.0,61.46,0.0,0.0,2.78,2.73,11.0,,,0.0,,2.0,Sho't_Kal_Dalet
uk_centurion_shot_kal_d,0.0,,,,,,0.0,,,,,,0.0,,,,,,Sho't_Kal_Dalet
ussr_9p149,0.0,,,,,,14.0,42.86,0.0,0.0,0.71,1.07,0.0,,,,,,Shturm-S
it_otobreda_sidam_25_mistral,0.0,,,,,,58.0,50.0,0.5,0.63,0.49,0.62,0.0,,,,,,SIDAM_25_(Mistral)
us_skink_aa_kit_3rank,0.0,,,,,,83.0,52.78,1.1,1.69,0.0,0.0,0.0,,,,,,Skink_(Hell)
uk_sky_sabre_fcs,0.0,,,,,,20.0,50.0,1.35,1.85,0.0,0.0,0.0,,,,,,Sky_Sabre_(СОЦ)
soc_1,,,,,,,,,,,,,,,,,,,SOC-1
spitfire_f24,0.0,,,,,,136.0,72.64,2.32,4.24,0.92,1.48,0.0,,,,,,Spitfire_F_Mk_24
spitfire_ix_ussr,0.0,,,,,,5.0,,,1.0,,0.0,0.0,,,,,,Spitfire_Mk_IXc
spitfiremkiia_ep,0.0,,,,,,14.0,,,,,,0.0,,,,,,Spitfire_Mk.IIa_Venture_I
spitfire_lf_mk9c_cw_greece,0.0,,,,,,13.0,,,1.0,,1.62,0.0,,,,,,Spitfire_LF_Mk.IXc_(CW)
spitfire_mk5b_float,0.0,,,,,,0.0,,,,,,0.0,,,,,,Spitfire_Mk.Vb_(Float)
il_spyder_aio,0.0,,,,,,19.0,15.79,0.16,0.16,0.0,0.0,0.0,,,,,,SPYDER
fr_saint_chamond,0.0,,,,,,0.0,,,,,,0.0,,,,,,St-Chamond
uk_t17e2,0.0,,,,,,23.0,100.0,0.0,0.0,0.0,0.0,0.0,,,,,,Staghound_AA
stirling_mk1,0.0,,,,,,0.0,,,,,,0.0,,,,,,Stirling_B_Mk_I
uk_stormer_air_defence,0.0,,,,,,19.0,22.73,1.55,1.41,0.0,0.0,0.0,,,,,,Stormer_AD
uk_stormer_hvm,0.0,,,,,,21.0,,,0.0,,0.0,0.0,,,,,,Stormer_HVM
strikemaster_mk88,0.0,,,,,,25.0,,,0.71,,2.86,0.0,,,,,,Strikemaster_Mk.88
uk_fv102_striker,0.0,,,,,,10.0,,,0.0,,0.0,0.0,,,,,,Striker
sw_strv_81_rb52,0.0,,,,,,23.0,,,0.0,,1.0,0.0,,,,,,Strv_81_(RB_52)
uk_centurion_mk_3_ss11,0.0,,,,,,0.0,,,,,,0.0,,,,,,Strv_81_(RB_52)
sw_strv_m39_td,0.0,,,,,,0.0,,,,,,0.0,,,,,,Strv_m/39_TD
sw_strv_m41_s1,0.0,,,,,,0.0,,,,,,0.0,,,,,,Strv_m/41_S-I
us_m5a1_stuart_canadian_5st_arm,0.0,,,,,,0.0,,,,,,0.0,,,,,,Stuart_VI_(5th_CAD)
germ_stug_III_ausf_A,0.0,,,,,,16.0,,,0.0,,1.0,0.0,,,,,,StuG_III_A
germ_stuh_III_ausf_G,0.0,,,,,,17.0,,,0.0,,2.94,0.0,,,,,,StuH_42_G
ussr_su_100Y,0.0,,,,,,30.0,50.0,0.0,0.0,0.95,1.1,0.0,,,,,,SU-100Y
ussr_su_122P,0.0,,,,,,4.0,,,0.0,,4.0,0.0,,,,,,SU-122P
su_22m3,0.0,,,,,,220.0,59.73,0.08,0.07,1.06,0.58,5.0,,,,,,Su-22M3
su_25_558arz,0.0,,,,,,133.0,34.29,0.14,0.13,2.08,1.99,14.0,,,0.0,,0.0,Su-25BM
su_30mkm,0.0,,,,,,263.0,67.46,1.41,1.64,1.58,1.71,40.0,0.0,4.0,0.69,1.8,0.47,Su-30MKM
su_25tm,0.0,,,,,,643.0,58.87,0.53,0.69,1.74,2.3,30.0,,,0.71,,1.14,Su-39
ussr_su_5_1,0.0,,,,,,0.0,,,,,,0.0,,,,,,SU-5-1
ussr_su_57,0.0,,,,,,0.0,,,,,,0.0,,,,,,SU-57
ussr_su_57b,0.0,,,,,,20.0,50.0,0.0,0.0,1.0,2.0,0.0,,,,,,SU-57B
su_6_single,0.0,,,,,,26.0,100.0,0.0,0.0,1.46,1.46,0.0,,,,,,Su-6
su-6_am42,0.0,,,,,,1.0,,,1.0,,0.0,0.0,,,,,,Su-6_(AM-42)
ussr_su_76d,0.0,,,,,,0.0,,,,,,0.0,,,,,,SU-76D
ussr_su_76m_1943,0.0,,,,,,15.0,0.0,0.0,0.0,1.2,1.2,0.0,,,,,,SU-76M
ussr_su_76m_5st_kav_corps,0.0,,,,,,0.0,,,,,,0.0,,,,,,SU-76M_(5th_Gv.Kav.Corps)
su-7bmk,0.0,,,,,,13.0,0.0,0.0,0.0,1.54,1.54,0.0,,,,,,Su-7BMK
ussr_su_85a,0.0,,,,,,0.0,,,,,,0.0,,,,,,SU-85A
sunderland_mk3a,0.0,,,,,,0.0,,,,,,0.0,,,,,,Sunderland_Mk_IIIa
sunderland_mk5,0.0,,,,,,0.0,,,,,,0.0,,,,,,Sunderland_Mk_V
super_etendard_97,0.0,,,,,,20.0,,,,,,0.0,,,,,,Super_Etendard
md_460,0.0,,,,,,155.0,68.92,1.45,2.2,1.42,2.23,0.0,,,,,,Super_Mystere_B2
swift_f1,0.0,,,,,,71.0,73.75,1.28,1.64,0.63,0.74,0.0,,,,,,Swift_F.1
swift_f7,0.0,,,,,,17.0,,,1.0,,0.0,0.0,,,,,,Swift_F.7
swordfish_mk1,0.0,,,,,,0.0,,,,,,0.0,,,,,,Swordfish_Mk_I
swordfish_mk2,0.0,,,,,,0.0,,,,,,0.0,,,,,,Swordfish_Mk_II
sw_t_80u,0.0,,,,,,320.0,54.15,0.0,0.0,2.9,1.55,0.0,,,,,,T_80_U
ussr_t_10a,0.0,,,,,,46.0,55.56,0.0,0.0,3.17,3.2,0.0,,,,,,T-10A
ussr_t_126sp,0.0,,,,,,6.0,,,0.0,,2.0,0.0,,,,,,T-126
cn_t_26_no531,0.0,,,,,,0.0,,,,,,0.0,,,,,,T-26_No.531
sw_vickers_mk_e_45,0.0,,,,,,0.0,,,,,,0.0,,,,,,T-26E
ussr_t_26E,0.0,,,,,,0.0,,,,,,0.0,,,,,,T-26E
ussr_t_28_1938,0.0,,,,,,19.0,100.0,0.0,0.0,1.0,1.0,0.0,,,,,,T-28_(1938)
ussr_t_34_1940_l_11,0.0,,,,,,0.0,,,,,,0.0,,,,,,T-34_(Prototype)
sw_t_50_fin,0.0,,,,,,0.0,,,,,,0.0,,,,,,T-50
ussr_t_70_1942,0.0,,,,,,10.0,0.0,0.0,0.0,1.0,1.0,0.0,,,,,,T-70
ussr_t_80,0.0,,,,,,39.0,17.54,0.0,0.0,1.0,1.0,0.0,,,,,,T-80
ussr_pzkpfw_III_ausf_J_L42,0.0,,,,,,0.0,,,,,,0.0,,,,,,T-III
us_t114,0.0,,,,,,25.0,100.0,0.0,0.0,4.79,4.79,0.0,,,,,,T114
us_t18_e2,0.0,,,,,,45.0,42.59,0.0,0.0,8.94,6.56,0.0,,,,,,T18E2
us_t28,0.0,,,,,,2.0,,,,,,4.0,0.0,0.0,0.0,3.0,3.0,T28
us_t54e1,0.0,,,,,,72.0,65.69,0.0,0.0,2.38,2.04,0.0,,,,,,T54E1
us_t55e1,0.0,,,,,,103.0,47.43,0.0,0.0,3.7,1.6,0.0,,,,,,T55E1
us_t77e1,0.0,,,,,,59.0,57.14,1.5,2.1,0.0,0.0,0.0,,,,,,T77E1
us_t95,0.0,,,,,,8.0,0.0,0.0,0.0,1.86,1.86,0.0,,,,,,T95
jp_type_98_ta_se,0.0,,,,,,55.0,100.0,0.0,0.4,3.0,1.0,0.0,,,,,,Ta-Se
jp_type_81_tansam_launcher,,,,,,,,,,,,,,,,,,,Tan-SAM_Kai_(СОУ)
jp_type_81_tansam_fcs,0.0,,,,,,22.0,100.0,0.0,0.13,0.0,0.0,0.0,,,,,,Tan-SAM_Kai_(СОЦ)
tb_3_m17_32,0.0,,,,,,0.0,,,,,,0.0,,,,,,TB-3M-17-32
tbd-1_1938,0.0,,,,,,0.0,,,,,,0.0,,,,,,TBD-1
tbf-1c,0.0,,,,,,20.0,,,0.0,,1.0,0.0,,,,,,TBF-1C
il_tcm_20,0.0,,,,,,18.0,0.0,0.0,0.0,0.0,0.0,0.0,,,,,,TCM-20
tempest_mkv_luftwaffe,0.0,,,,,,68.0,46.0,1.38,2.83,0.94,1.87,0.0,,,,,,Tempest_Mk_V
tempest_mkv_vikkers,0.0,,,,,,20.0,100.0,0.0,,1.0,,0.0,,,,,,Tempest_Mk_V_(Vickers_P)
il_tiran_4,0.0,,,,,,62.0,85.0,0.0,0.0,1.93,1.5,0.0,,,,,,Tiran_4
jp_type_10_prototype,0.0,,,,,,250.0,53.89,0.0,0.0,2.21,1.85,0.0,,,,,,TKX_(P)
ussr_to_55,0.0,,,,,,145.0,95.65,0.0,0.0,10.72,4.95,0.0,,,,,,TO-55
uk_tog_2,0.0,,,,,,124.0,47.7,0.0,0.0,2.78,2.48,4.0,,,,,,TOG_II
it_toldi_II_a,0.0,,,,,,0.0,,,,,,0.0,,,,,,Toldi_IIA
cn_tor_m1,0.0,,,,,,0.0,,,,,,0.0,,,,,,Tor-M1
tornado_adv,0.0,,,,,,97.0,62.78,2.05,2.64,0.0,0.0,6.0,,,0.5,,0.0,Tornado_ADV
tornado_f3_late,0.0,,,,,,0.0,,,,,,0.0,,,,,,Tornado_F.3_Late
tornado_gr4,0.0,,,,,,0.0,,,,,,0.0,,,,,,Tornado_GR.4
tornado_ids_it,0.0,,,,,,4.0,50.0,0.5,1.0,0.5,1.0,0.0,,,,,,Tornado_IDS
tornado_ids_it_mod95,0.0,,,,,,0.0,,,,,,0.0,,,,,,Tornado_IDS_(1995)
tornado_ids_it_ret8,0.0,,,,,,0.0,,,,,,0.0,,,,,,Tornado_IDS_MLU_(RET.8)
uk_a39_tortoise,0.0,,,,,,9.0,,,,,,0.0,,,,,,Tortoise
ussr_tor_m1,0.0,,,,,,17.0,,,,,,0.0,,,,,,Toр-M1
tu-1,0.0,,,,,,43.0,100.0,0.23,0.07,4.59,2.7,0.0,,,,,,Tu-1
tu-2_early,0.0,,,,,,1.0,100.0,0.0,0.0,2.0,2.0,0.0,,,,,,Tu-2
tu-2_postwar,0.0,,,,,,0.0,,,,,,0.0,,,,,,Tu-2S-44
tu_4,0.0,,,,,,0.0,,,,,,0.0,,,,,,Tu-4
gladiator_mk2_tuck,0.0,,,,,,0.0,,,,,,0.0,,,,,,Tuck's_Gladiator_Mk_II
it_41m_turan_2,0.0,,,,,,18.0,28.57,0.0,0.0,2.71,3.43,0.0,,,,,,Turan_II
jp_type_03_chusam_fcs,0.0,,,,,,14.0,,,0.0,,0.0,0.0,,,,,,Type_03_(СОЦ)
cn_type_59,0.0,,,,,,87.0,96.77,0.0,0.0,3.4,2.17,17.0,,,0.0,,1.27,Type_59
ussr_type_62,0.0,,,,,,10.0,,,0.0,,0.5,0.0,,,,,,Type_62
jp_type_74,0.0,,,,,,570.0,52.0,0.0,0.0,1.69,1.63,0.0,,,,,,Type_74_(E)
jp_type_74_f,0.0,,,,,,102.0,71.53,0.0,0.0,2.13,1.31,0.0,,,,,,Type_74_(F)
jp_type_81_tansam,0.0,,,,,,24.0,0.0,1.29,1.29,0.0,0.0,0.0,,,,,,Type_81_(C)
jp_type_87,0.0,,,,,,425.0,45.22,0.18,0.15,0.84,0.64,0.0,,,,,,Type_87
ef_2000_typhoon_aesa,0.0,,,,,,215.0,71.16,2.35,4.08,0.11,0.16,9.0,,,1.8,,0.4,Typhoon_(AESA)
sw_landsverk_ush_204_gk,0.0,,,,,,204.0,30.27,0.39,0.32,0.0,0.0,0.0,,,,,,U-SH_204_GK
sw_landsverk_ush_405,0.0,,,,,,244.0,58.0,0.0,0.0,2.46,1.25,0.0,,,,,,U-SH_405
sw_udes_33,0.0,,,,,,45.0,0.0,0.0,0.0,1.0,0.86,0.0,,,,,,UDES_33
us_m551_football,,,,,,,,,,,,,,,,,,,us_m551_football
ussr_m551_football,,,,,,,,,,,,,,,,,,,ussr_m551_football
v_11g,0.0,,,,,,0.0,,,,,,0.0,,,,,,V-11
v_12d,0.0,,,,,,0.0,,,,,,0.0,,,,,,V-12D
v_156_b1,0.0,,,,,,15.0,,,0.0,,0.0,0.0,,,,,,V-156-B1
v_156_f,0.0,,,,,,0.0,,,,,,0.0,,,,,,V-156-F
uk_valentine_mk_9,0.0,,,,,,32.0,50.0,0.0,0.0,2.0,1.78,0.0,,,,,,Valentine_IX
vampire_fb5,0.0,,,,,,0.0,,,,,,0.0,,,,,,Vampire_F.B.5
vampire_fb52_finland,0.0,,,,,,4.0,0.0,0.0,0.0,0.0,0.0,0.0,,,,,,Vampire_FB_52A
so_4050_vautour_2a_iaf,0.0,,,,,,44.0,100.0,3.0,2.08,0.0,0.31,0.0,,,,,,Vautour_IIA_IDF/AF
it_vbc_pt2,0.0,,,,,,181.0,55.3,0.0,0.0,1.63,1.18,0.0,,,,,,VBC_(PT2)
fr_vbci,0.0,,,,,,138.0,83.27,0.05,0.05,2.03,1.37,0.0,,,,,,VBCI
fr_vbci2_mct30,0.0,,,,,,5.0,,,0.0,,0.0,0.0,,,,,,VBCI-2_(MCT30)
it_vcc_80_hitfist_30,0.0,,,,,,31.0,50.0,0.0,0.0,1.11,1.89,0.0,,,,,,VCC-80/30
sw_veak_40,0.0,,,,,,117.0,39.81,0.08,0.05,0.38,0.19,0.0,,,,,,VEAK_40
venom_fb4,0.0,,,,,,64.0,100.0,2.35,3.65,1.21,1.85,0.0,,,,,,Venom_FB.4
fr_vextra_105,0.0,,,,,,131.0,58.33,0.0,0.0,1.15,0.77,0.0,,,,,,Vextra_105
uk_vfm_5,0.0,,,,,,172.0,66.09,0.0,0.0,3.45,2.03,0.0,,,,,,VFM5
uk_vickers_mk_11,0.0,,,,,,304.0,54.75,0.0,0.0,2.06,1.98,0.0,,,,,,Vickers_Mk.11
uk_vickers_mk7,0.0,,,,,,83.0,51.08,0.0,0.0,2.8,2.16,0.0,,,,,,Vickers_Mk.7
sw_k9_vidar,0.0,,,,,,127.0,72.99,0.0,0.0,2.7,1.59,0.0,,,,,,VIDAR
uk_vijayanta,0.0,,,,,,446.0,52.58,0.0,0.0,1.68,1.37,0.0,,,,,,Vijayanta
germ_pzkpfw_VI_tiger_P,0.0,,,,,,14.0,,,0.0,,2.0,0.0,,,,,,VK_45.01_(P)
vl_myrsky_2_late,0.0,,,,,,0.0,,,,,,0.0,,,,,,VL_Myrsky_II
it_vrcc_centauro,0.0,,,,,,161.0,49.67,0.0,0.0,1.98,1.8,0.0,,,,,,VRCC
germ_vt_1_2,0.0,,,,,,62.0,50.0,0.0,0.0,4.9,2.35,0.0,,,,,,VT1-2
cn_vt_5,0.0,,,,,,149.0,53.55,0.0,0.0,1.2,1.3,0.0,,,,,,VT5
fr_amx_vtt_dca,0.0,,,,,,49.0,75.0,1.41,2.77,0.43,1.0,0.0,,,,,,VTT_DCA
walrus_mk1,,,,,,,,,,,,,,,,,,,Walrus_Mk.I
uk_fv510_isv,0.0,,,,,,121.0,55.0,0.0,0.0,2.67,1.23,0.0,,,,,,Warrior
washington_b1,0.0,,,,,,0.0,,,,,,0.0,,,,,,Washington_B.Mk.I
spitfire_lf_mk9e_weisman,0.0,,,,,,12.0,100.0,2.09,2.09,2.0,2.0,24.0,,,2.0,,3.0,Weizman's_Spitfire_LF_Mk.IXe
wellington_mk1c,0.0,,,,,,20.0,,,0.0,,0.0,0.0,,,,,,Wellington_Mk_Ic
wellington_mk1c_luftwaffe,0.0,,,,,,0.0,,,,,,0.0,,,,,,Wellington_Mk_Ic
wellington_mk1c_late,0.0,,,,,,0.0,,,,,,0.0,,,,,,Wellington_Mk_Ic/L
wellington_mk3,0.0,,,,,,0.0,,,,,,0.0,,,,,,Wellington_Mk_III
wellington_mk10,0.0,,,,,,0.0,,,,,,0.0,,,,,,Wellington_Mk_X
whirlwind_mk1,0.0,,,,,,4.0,,,,,,0.0,,,,,,Whirlwind_Mk_I
whirlwind_p9,0.0,,,,,,0.0,,,,,,0.0,,,,,,Whirlwind_P.9
germ_wiesel_1_tow,0.0,,,,,,182.0,68.22,0.0,0.0,1.71,1.33,0.0,,,,,,Wiesel_1A2
wirraway,0.0,,,,,,0.0,,,,,,0.0,,,,,,Wirraway
cn_wma_301,0.0,,,,,,33.0,50.0,0.0,0.0,0.5,0.5,0.0,,,,,,WMA301
cn_wz_305,0.0,,,,,,348.0,39.78,0.38,0.42,1.06,1.1,35.0,28.0,0.0,0.0,1.16,1.15,WZ305
xf5f,0.0,,,,,,12.0,100.0,1.0,1.0,2.0,2.0,27.0,,,,,,XF5F
us_xm_800t,0.0,,,,,,2325.0,57.54,0.03,0.02,1.62,1.39,0.0,,,,,,XM800T
p-38g_metal,0.0,,,,,,20.0,100.0,3.19,,3.81,,0.0,,,,,,XP-38G
yak_141,0.0,,,,,,115.0,54.84,0.88,1.12,0.0,0.0,2.0,,,2.0,,0.0,Yak-141
yak-23,0.0,,,,,,59.0,54.84,2.1,2.06,1.5,1.5,0.0,,,,,,Yak-23
yak-3_vk107,0.0,,,,,,46.0,54.45,1.11,2.33,0.15,0.34,15.0,,,,,,Yak-3_(VK-107)
yak-38,0.0,,,,,,24.0,50.0,1.0,0.4,0.0,0.0,0.0,,,,,,Yak-38
yak-3t,0.0,,,,,,30.0,87.5,1.08,1.15,0.88,0.96,9.0,,,,,,Yak-3T
er-2_ach30b_early,0.0,,,,,,0.0,,,,,,0.0,,,,,,Yer-2_(ACh-30B)_(e)
er-2_m105_tat,0.0,,,,,,0.0,,,,,,0.0,,,,,,Yer-2_(M-105)_TAT
er-2_m105r_tat,0.0,,,,,,0.0,,,,,,0.0,,,,,,Yer-2_(M-105R)_TAT
yp-38,0.0,,,,,,0.0,,,,,,0.0,,,,,,YP-38
uk_ystervark_spaa,0.0,,,,,,99.0,24.67,0.08,0.06,0.16,0.17,0.0,,,,,,Ystervark
uk_rooikat_za_35,0.0,,,,,,391.0,55.77,0.15,0.13,1.43,1.13,0.0,,,,,,ZA-35
il_ss_11_halftrack,0.0,,,,,,24.0,0.0,0.0,0.0,2.6,1.44,0.0,,,,,,Zachlam_Tager
cn_type_86,0.0,,,,,,102.0,51.82,0.0,0.0,0.35,0.6,0.0,,,,,,ZBD86
ussr_zis_12_94KM_1945,0.0,,,,,,126.0,55.13,0.23,0.12,1.37,0.88,0.0,,,,,,ZiS-12_(94-KM)
ussr_zis_30,0.0,,,,,,43.0,67.5,0.0,0.0,1.38,1.15,0.0,,,,,,ZiS-30
cn_ztl_11,0.0,,,,,,48.0,83.33,0.0,0.0,1.0,0.9,0.0,,,,,,ZLT11
it_40_43m_zrinyi_2,0.0,,,,,,0.0,,,,,,0.0,,,,,,Zrinyi_II
ussr_zsu_37,0.0,,,,,,17.0,,,,,,0.0,,,,,,ZSU-37
ussr_zsu_37_2,0.0,,,,,,277.0,31.41,0.86,0.64,0.33,0.29,0.0,,,,,,ZSU-37-2
uk_ratel_zt3,0.0,,,,,,264.0,58.41,0.0,0.0,3.02,2.18,0.0,,,,,,ZT3A2
cn_ztz_96b,0.0,,,,,,722.0,65.45,0.0,0.0,2.92,2.46,0.0,,,,,,ZTZ96B
ussr_zut_37,0.0,,,,,,0.0,,,,,,0.0,,,,,,ZUT-37
ussr_bmd_4m,0.0,,,,,,2283.0,46.42,0.0,0.0,1.46,1.15,5.0,,,,,,БМД-4M
ussr_bmd_4m2,0.0,,,,,,879.0,42.8,0.0,0.0,1.2,0.93,0.0,,,,,,БМД-4M2
ussr_sdkfz_251_21_kit_3rank,0.0,,,,,,26.0,0.0,0.08,0.08,0.0,0.0,0.0,,,,,,Ганомаг_('45)
ussr_garford_putilov,0.0,,,,,,0.0,,,,,,0.0,,,,,,Гарфордъ
db_lk,0.0,,,,,,0.0,,,,,,0.0,,,,,,ДБ-ЛК
ussr_is_2m_kit_4rank,,,,,,,,,,,,,,,,,,,ИС-2М_(Будь_Готов!)
mig_35,,,,,,,,,,,,,,,,,,,МиГ-35
it_9a35_m,0.0,,,,,,0.0,,,,,,0.0,,,,,,Стрела-10М
uk_9a35_m,0.0,,,,,,0.0,,,,,,0.0,,,,,,Стрела-10М
ussr_t_34_85_zis_53_kit_3rank,0.0,,,,,,122.0,30.86,0.0,0.0,1.63,1.67,0.0,,,,,,Т-34-85_('45)
tu_95m,1.0,,,,,,6.0,,,,,,0.0,,,,,,Ту-95М
yak_1_litvyak,0.0,,,,,,0.0,,,,,,0.0,,,,,,Як-1_Литвяк
p-47m-1-re_boxted,0.0,,,,,,20.0,50.0,0.0,0.0,0.5,1.0,0.0,,,,,,⋠P-47M-1-RE
a6m2_zero_china,0.0,,,,,,11.0,,,,,,0.0,,,,,,A6M2_(China)
a6m5_zero_china,,,,,,,,,,,,,,,,,,,A6M5_(China)
b_25j_30_china,0.0,,,,,,0.0,,,,,,0.0,,,,,,B-25J-30_(China)
db_3a_china,0.0,,,,,,0.0,,,,,,0.0,,,,,,DB-3A_(China)
f-100a_china,0.0,,,,,,83.0,66.67,4.26,4.61,0.3,0.74,0.0,,,,,,F-100A_(China)
f_100f_china,0.0,,,,,,0.0,,,,,,0.0,,,,,,F-100F_(China)
f-104a_china,0.0,,,,,,0.0,,,,,,0.0,,,,,,F-104A_(China)
f-104g_china,0.0,,,,,,7.0,,,0.0,,1.0,0.0,,,,,,F-104G_(China)
f_16a_block_20_mlu,0.0,,,,,,84.0,64.59,1.73,2.83,0.1,0.64,0.0,,,,,,F-16A_MLU_(China)
f_16a_block_72v_china,0.0,,,,,,49.0,50.0,1.41,2.78,0.29,0.57,0.0,,,,,,F-16V_(China)
f_47n_25_re_china,0.0,,,,,,22.0,100.0,1.0,0.65,1.69,1.0,0.0,,,,,,F-47N-25-RE_(China)
f-5a_china,0.0,,,,,,0.0,,,,,,0.0,,,,,,F-5A_(China)
f-5e_aidc,0.0,,,,,,0.0,,,,,,0.0,,,,,,F-5E_(China)
f-84g_china,0.0,,,,,,28.0,50.0,0.5,0.5,1.57,1.57,0.0,,,,,,F-84G-21-RE_(China)
f-84g-31-re_china,0.0,,,,,,0.0,,,,,,0.0,,,,,,F-84G-31-RE_(China)
f-86f-30_china,0.0,,,,,,37.0,100.0,1.54,2.45,0.71,1.0,0.0,,,,,,F-86F-30_(China)
f-86f-40_china,0.0,,,,,,27.0,100.0,2.0,,0.0,,0.0,,,,,,F-86F-40_(China)
gladiator_mk1_china,0.0,,,,,,0.0,,,,,,0.0,,,,,,Gladiator_Mk_I_(China)
h-75m_china,0.0,,,,,,33.0,100.0,5.47,5.47,0.0,0.0,0.0,,,,,,H-75M_(China)
hs-123a-1_china,0.0,,,,,,0.0,,,,,,0.0,,,,,,Hs_123_A-1_(China)
i-15bis_china,0.0,,,,,,10.0,,,1.0,,1.0,0.0,,,,,,I-15bis_(China)
i-16_chung_28,0.0,,,,,,0.0,,,,,,0.0,,,,,,I-16_Chung_28_(China)
i-16_type17_china,0.0,,,,,,0.0,,,,,,0.0,,,,,,I-16_type_17_(China)
i-16_type5_1935_china,0.0,,,,,,0.0,,,,,,0.0,,,,,,I-16_type_5_(China)
cn_isu_122,0.0,,,,,,0.0,,,,,,0.0,,,,,,ISU-122_(China)
ki-27_otsu_china,0.0,,,,,,0.0,,,,,,0.0,,,,,,Ki-27_otsu_(China)
ki-45_hei_tei_china,0.0,,,,,,0.0,,,,,,0.0,,,,,,Ki-45_hei/tei_(China)
ki_84_ko_china,0.0,,,,,,37.0,,,0.48,,0.52,25.0,100.0,9.0,4.5,2.0,1.0,Ki-84_ko_(China)
la-9_china,0.0,,,,,,31.0,54.76,0.98,1.8,0.5,0.7,2.0,,,,,,La-9_(China)
cn_m113a1_tow,0.0,,,,,,79.0,26.09,0.0,0.0,2.02,1.18,0.0,,,,,,M113A1_(TOW)_(China)
cn_m3a3_stuart_1st_ptg,0.0,,,,,,0.0,,,,,,0.0,,,,,,M3A3_(1st_PTG)_(China)
cn_m3a3_stuart,0.0,,,,,,0.0,,,,,,0.0,,,,,,M3A3_Stuart_(China)
cn_m48a1_patton_III,0.0,,,,,,98.0,58.06,0.0,0.0,3.85,3.52,0.0,,,,,,M48A1_(China)
cn_m5a1_stuart,0.0,,,,,,0.0,,,,,,0.0,,,,,,M5A1_(China)
mig-9_china,0.0,,,,,,28.0,,,1.0,,0.0,0.0,,,,,,MiG-9_(China)
mig-9_late_china,0.0,,,,,,0.0,,,,,,0.0,,,,,,MiG-9_(l)_(China)
mirage_2000_5ei,0.0,,,,,,72.0,90.59,1.68,1.63,0.42,0.53,0.0,,,,,,Mirage_2000-5Ei_(China)
p-38l_1_china_rocaf,0.0,,,,,,12.0,100.0,1.0,1.0,1.0,1.0,0.0,,,,,,P-38L-1_(China)
sb_2m_103u_china,0.0,,,,,,0.0,,,,,,0.0,,,,,,SB_2M-103U_(China)
cn_sdkfz_222_early,0.0,,,,,,17.0,0.0,0.0,0.0,0.0,0.0,0.0,,,,,,Sd.Kfz.222_(China)
cn_su_76m_1943,0.0,,,,,,11.0,0.0,0.0,0.0,0.0,0.0,0.0,,,,,,SU-76M_(China)
tu-2_postwar_china,0.0,,,,,,33.0,100.0,0.0,0.0,3.23,3.23,0.0,,,,,,Tu-2S-44_(China)
tu_4_china,0.0,,,,,,0.0,,,,,,0.0,,,,,,Tu-4_(China)
uk_challenger_II_yt_cup_2019,,,,,,,,,,,,,,,,,,,␙Challenger_2
germ_leopard_2a5_yt_cup_2019,0.0,,,,,,0.0,,,,,,0.0,,,,,,␙Leopard_2A5
us_m1a1_abrams_yt_cup_2019,0.0,,,,,,0.0,,,,,,0.0,,,,,,␙M1A1
md_460_yt_cup_2019,,,,,,,,,,,,,,,,,,,␙Super_Mystere_B2
ussr_t_80u_yt_cup_2019,0.0,,,,,,0.0,,,,,,0.0,,,,,,␙T-80U
p-63c-5_kingcobra_animal_version,0.0,,,,,,76.0,74.52,0.47,0.77,2.55,3.87,0.0,,,,,,␠Kingcobra
f-86_canadair_german,0.0,,,,,,43.0,76.67,2.23,1.47,0.51,0.3,0.0,,,,,,◄CL-13A_Mk_5
f-86_cl_13b_mk6,0.0,,,,,,49.0,91.67,2.81,3.2,1.27,1.57,0.0,,,,,,◄CL-13B_Mk.6
ef_2000_block_10,0.0,,,,,,388.0,59.72,1.31,1.24,0.16,0.15,0.0,,,,,,◄EF-2000
ef_2000_aesa,0.0,,,,,,1177.0,56.93,1.85,2.44,0.28,0.38,0.0,,,,,,◄EF-2000_(AESA)
germ_embt,,,,,,,,,,,,,,,,,,,◄EMBT
f-104g,0.0,,,,,,0.0,,,,,,0.0,,,,,,◄F-104G
f-4f_late,0.0,,,,,,147.0,71.25,0.24,0.35,3.61,3.89,15.0,100.0,2.0,1.0,2.0,1.0,◄F-4F
f-4f,0.0,,,,,,52.0,100.0,1.42,1.42,0.5,0.5,0.0,,,,,,◄F-4F_Early
f-84f_germany,0.0,,,,,,10.0,50.0,0.0,0.0,1.5,3.0,0.0,,,,,,◄F-84F
f-86k_late_german,0.0,,,,,,0.0,,,,,,0.0,,,,,,◄F-86K
fiat_g91_r3,0.0,,,,,,28.0,50.0,0.58,1.41,0.72,0.88,0.0,,,,,,◄G.91_R/3
mig-21_sps_k,0.0,,,,,,179.0,57.42,1.3,1.66,0.27,0.31,0.0,,,,,,◄MiG-21_SPS-K
mig_29_9_12g,0.0,,,,,,26.0,50.0,1.17,1.03,0.08,0.23,0.0,,,,,,◄MiG-29G
sea_hawk_mk100,0.0,,,,,,65.0,50.0,2.79,2.79,2.62,2.62,0.0,,,,,,◄Sea_Hawk_Mk.100
su_22m4_de_wtd61,0.0,,,,,,83.0,39.85,0.44,0.7,0.85,1.38,0.0,,,,,,◄Su-22M4_WTD61
tornado_ids_de_assta1,0.0,,,,,,81.0,51.26,0.44,0.43,0.75,0.89,5.0,,,1.0,,6.0,◄Tornado_IDS_ASSTA1
tornado_ids_de_mfg,0.0,,,,,,0.0,,,,,,0.0,,,,,,◄Tornado_IDS_MFG
tornado_ids_de_assta3_sle,0.0,,,,,,13.0,83.33,0.08,0.07,2.25,2.33,0.0,,,,,,◄Tornado_IDS_SLE
tornado_ids_de_wtd61,0.0,,,,,,88.0,70.46,0.42,0.61,0.88,1.16,20.0,,,0.25,,0.0,◄Tornado_IDS_WTD61
il_28_german,0.0,,,,,,17.0,0.0,0.0,,1.0,,0.0,,,,,,◊IL-28
mig-17p_lim_5p,0.0,,,,,,90.0,77.59,2.45,2.84,1.0,1.11,0.0,,,,,,◊Lim-5P
mig-15bis_nr23_german,0.0,,,,,,50.0,83.33,1.98,1.94,1.21,1.15,0.0,,,,,,◊MiG-15bis
mig_23bn,0.0,,,,,,86.0,50.0,0.48,0.36,1.75,1.45,0.0,,,,,,◊MiG-23BN
mig_23mf_germany,0.0,,,,,,0.0,,,,,,62.0,,,2.29,,0.0,◊MiG-23MF
su_22um3k,0.0,,,,,,8.0,50.0,0.33,0.2,2.83,2.17,0.0,,,,,,◊Su-22UM3K
us_lvt_a_1_trb,0.0,,,,,,0.0,,,,,,0.0,,,,,,○LVT(A)(1)
p-36c_rb,0.0,,,,,,0.0,,,,,,0.0,,,,,,○P-36C
fa_18c_late_switzerland,0.0,,,,,,31.0,85.71,1.5,1.64,0.64,0.64,2.0,,,1.0,,0.0,◌F/A-18C_Late
mirage_3s_c70_switzerland,0.0,,,,,,88.0,74.45,2.17,2.72,0.15,0.19,0.0,,,,,,◌Mirage_IIIS_C.70
uk_challenger_2_megatron_sm,0.0,,,,,,90.0,78.07,0.0,0.0,2.01,1.16,0.0,,,,,,◍Challenger_2_OES
cn_mbt2000_sm,0.0,,,,,,41.0,50.0,0.0,0.0,2.5,1.55,0.0,,,,,,◍MBT-2000
jp_type_90b_sm,0.0,,,,,,771.0,45.36,0.0,0.0,1.85,1.36,0.0,,,,,,◍Type_90_(B)
il_leopard_2a6_hel,,,,,,,,,,,,,,,,,,,◐Leopard_2HEL
it_btr_80a_hungary,0.0,,,,,,37.0,97.5,0.0,0.0,1.33,0.98,0.0,,,,,,◔BTR-80A
re_2000_heja_1,0.0,,,,,,0.0,,,,,,0.0,,,,,,◔Héja_I
il_28_hungary,0.0,,,,,,0.0,,,,,,0.0,,,,,,◔IL-28
saab_jas39c_hungary,0.0,,,,,,109.0,100.0,1.67,1.92,4.83,4.89,0.0,,,,,,◔JAS39EBS_HU_C
mig-15bis_nr23_hungary,0.0,,,,,,0.0,,,,,,0.0,,,,,,◔MiG-15bis
mig-21_bis_sau_hungary,0.0,,,,,,50.0,40.0,1.0,1.3,0.0,0.0,19.0,,,1.0,,0.0,◔MiG-21bis-SAU
mig-21_mf_hungary,0.0,,,,,,50.0,73.81,1.48,2.0,0.0,0.0,0.0,,,,,,◔MiG-21MF
mig_23mf_hungary,0.0,,,,,,0.0,,,,,,0.0,,,,,,◔MiG-23MF
mig_29_9_12b_hungary,0.0,,,,,,36.0,50.0,0.82,0.84,0.0,0.0,0.0,,,,,,◔MiG-29
su_22m3_hungary,0.0,,,,,,0.0,,,,,,0.0,,,,,,◔Su-22M3
it_t_72m1,0.0,,,,,,195.0,59.46,0.0,0.0,4.39,4.34,0.0,,,,,,◔T-72M1
tu-2_postwar_late_hungary,0.0,,,,,,123.0,92.04,0.11,0.1,4.86,2.48,0.0,,,,,,◔Tu-2S-59
wm_21,0.0,,,,,,0.0,,,,,,0.0,,,,,,◔WM-21
it_zsu_23_4,0.0,,,,,,49.0,0.0,1.0,0.68,0.0,0.0,0.0,,,,,,◔ZSU-23-4
fokker_g1a,0.0,,,,,,37.0,47.06,0.53,1.0,0.97,2.0,0.0,,,,,,◗Fokker_G.IA
f_16a_block_5_netherlands,0.0,,,,,,13.0,,,0.0,,0.92,0.0,,,,,,◘F-16A
sea_fury_fb51,0.0,,,,,,25.0,100.0,1.0,,1.0,,0.0,,,,,,◘Sea_Fury_FB.51
f_16a_block_10_norway,0.0,,,,,,24.0,100.0,0.19,0.36,3.1,3.73,0.0,,,,,,◢F-16A
f_16am_block_20_mlu_norway,0.0,,,,,,0.0,,,,,,0.0,,,,,,◢F-16AM
f-5ag_norway,0.0,,,,,,6.0,50.0,1.0,1.83,0.0,0.0,0.0,,,,,,◢F-5A(G)
mosquito_fb_mk6_ash_norway,0.0,,,,,,0.0,,,,,,0.0,,,,,,◢Mosquito_FB.Mk.VI_ASH
hawk_209_indonesia,0.0,,,,,,0.0,,,,,,0.0,,,,,,◥Hawk_209
a_4e_late_iaf,0.0,,,,,,19.0,75.0,2.0,2.75,1.98,2.5,0.0,,,,,,A-4E_(Israel)
a_4e_early_iaf,0.0,,,,,,0.0,,,,,,0.0,,,,,,A-4E_Early_(M)_(Israel)
a_4h,0.0,,,,,,29.0,50.0,0.5,0.59,0.5,0.59,0.0,,,,,,A-4H_(Israel)
f-84f_israel_iaf,0.0,,,,,,0.0,,,,,,0.0,,,,,,F-84F_(Israel)
md_450b_ouragan_iaf_29,0.0,,,,,,0.0,,,,,,0.0,,,,,,M.D.450B_(29)_(Israel)
md_450b_ouragan_iaf,0.0,,,,,,48.0,0.0,0.22,0.47,1.44,1.0,0.0,,,,,,M.D.450B_Ouragan_(Israel)
il_m109,0.0,,,,,,5.0,50.0,0.0,0.0,0.6,1.2,0.0,,,,,,M109_(Israel)
meteor_fmk8_iaf,0.0,,,,,,0.0,,,,,,0.0,,,,,,Meteor_F.8_(Israel)
meteor_nfmk13,0.0,,,,,,21.0,100.0,1.0,1.0,4.0,4.0,0.0,,,,,,Meteor_NF.13_(Israel)
meteor_frmk9_iaf,0.0,,,,,,8.0,100.0,1.0,1.0,1.0,1.0,0.0,,,,,,Meteor_FR.9_(Israel)
mig_21_2000_iaf,0.0,,,,,,0.0,,,,,,0.0,,,,,,MiG-21_2000_(Israel)
md_454_mystere_4a_iaf,0.0,,,,,,0.0,,,,,,0.0,,,,,,Mystere_IVA_(Israel)
so_4050_vautour_2a_israel_iaf,0.0,,,,,,0.0,,,,,,0.0,,,,,,Vautour_IIA_(Israel)
so_4050_vautour_2n_iaf,0.0,,,,,,0.0,,,,,,0.0,,,,,,Vautour_IIN_(Israel)
