name,ab_battles,ab_win_rate,ab_air_frags_per_battle,ab_air_frags_per_death,ab_ground_frags_per_battle,ab_ground_frags_per_death,rb_battles,rb_win_rate,rb_air_frags_per_battle,rb_air_frags_per_death,rb_ground_frags_per_battle,rb_ground_frags_per_death,sb_battles,sb_win_rate,sb_air_frags_per_battle,sb_air_frags_per_death,sb_ground_frags_per_battle,sb_ground_frags_per_death,alt_name
germ_pzkpfw_III_ausf_F,1119.0,92.2,0.1,0.17,6.88,13.28,37.0,0.0,0.0,0.0,3.64,2.83,0.0,,,,,,Pz.III_F
it_sherman_75_37,717.0,82.21,0.11,0.13,6.42,7.66,224.0,81.18,0.0,0.0,3.04,3.02,0.0,,,,,,Sherman_I_Composito
uk_ram_90mm_aa,665.0,61.83,0.65,0.46,5.2,3.83,9.0,100.0,0.0,0.0,2.0,2.0,8.0,,,0.0,,1.0,QF_3.7_Ram
la-5fn,631.0,55.38,3.39,2.75,0.27,0.22,95.0,100.0,2.5,1.38,2.0,0.5,0.0,,,,,,La-5FN
i_185_m82,613.0,57.91,2.72,1.93,0.48,0.3,94.0,100.0,2.86,1.46,1.0,0.84,0.0,,,,,,I-185_(M-82)
germ_vsw_flak_41,570.0,86.53,0.17,0.16,6.17,6.05,84.0,64.29,0.0,0.0,10.0,4.11,0.0,,,,,,VFW
su_30mk2v_venezuela,562.0,51.43,5.02,3.59,0.57,0.45,3817.0,50.06,1.16,1.35,0.31,0.38,90.0,100.0,4.96,2.32,1.59,0.75,Су-30МК2_AMV
la-7,553.0,67.86,3.38,3.66,1.13,1.26,130.0,90.21,2.63,3.5,0.82,1.2,0.0,,,,,,La-7
germ_pzkpfw_VI_ausf_b_tiger_IIp,473.0,86.33,0.02,0.02,6.61,5.84,1196.0,36.82,0.0,0.0,3.0,2.34,15.0,0.0,0.0,0.0,2.0,1.43,Tiger_II_(P)
germ_pzkpfw_VI_ausf_e_tiger,466.0,56.59,0.05,0.05,2.47,2.89,792.0,33.45,0.0,0.0,2.82,2.03,3.0,,,,,,Tiger_E
germ_pzkpfw_V_ausf_d_panther,449.0,60.73,0.0,0.0,2.0,1.86,431.0,32.92,0.0,0.0,2.58,1.63,3.0,,,,,,Panther_D
us_m1a1_hc_usmc_sm,417.0,68.25,0.05,0.05,2.9,2.48,1525.0,59.82,0.03,0.0,2.52,1.96,0.0,,,,,,◍M1A1_HC
yak-9t,433.0,58.13,3.12,3.13,0.17,0.13,28.0,100.0,1.0,0.98,0.0,0.0,6.0,,,0.0,,0.0,Yak-9T
ussr_t_34_1941_57,392.0,66.1,0.05,0.05,3.77,2.81,308.0,45.15,0.0,0.0,4.81,2.38,6.0,,,,,,T-34-57
ussr_t_34_85_zis_53,370.0,73.6,0.03,0.04,3.53,4.15,393.0,40.88,0.0,0.0,3.51,1.88,8.0,,,0.0,,1.0,T-34-85
germ_pzkpfw_VI_ausf_h1_tiger,388.0,52.31,0.01,0.01,2.57,2.39,649.0,37.44,0.0,0.0,2.71,1.85,0.0,,,,,,Tiger_H1
germ_panzerbefelhswagen_VI_P,388.0,75.19,0.05,0.06,4.79,5.92,137.0,14.81,0.0,0.0,8.32,4.1,0.0,,,,,,Pz.Bfw.VI_(P)
us_halftrack_m3_75mm_gmc,372.0,69.78,0.14,0.2,4.82,6.38,0.0,,,,,,0.0,,,,,,M3_GMC
us_m18_hellcat,370.0,61.67,0.0,0.0,2.56,2.22,2120.0,57.37,0.0,0.0,1.75,1.38,16.0,,,0.0,,2.55,M18_GMC
yak-7b,360.0,89.46,2.97,3.63,1.64,2.01,10.0,50.0,1.7,1.7,0.5,0.5,4.0,,,,,,Yak-7B
jp_type_5_ho_ri_prototype,354.0,70.58,0.04,0.04,3.17,2.8,1693.0,58.07,0.0,0.0,2.74,2.09,0.0,,,,,,Ho-Ri_Prototype
i_185_m71_standard,387.0,63.54,2.27,2.3,0.54,0.53,88.0,100.0,2.0,1.5,4.0,1.05,0.0,,,,,,I-185_(M-71)
germ_kpz_70,355.0,62.59,0.0,0.0,1.82,1.41,2017.0,51.19,0.0,0.0,1.54,1.31,0.0,,,,,,KPz-70
bf-109f-4,366.0,61.11,5.03,6.68,0.61,0.76,432.0,62.5,1.65,2.56,0.66,1.03,0.0,,,,,,Bf_109_F-4
il_2m_1943,349.0,76.3,0.97,1.12,3.5,3.97,0.0,,,,,,0.0,,,,,,IL-2M_(1943)
us_t58,331.0,77.94,0.03,0.03,6.03,6.23,1164.0,64.74,0.0,0.0,3.51,2.8,0.0,,,,,,T58
germ_panzerjager_panther,332.0,60.12,0.03,0.04,2.61,3.01,339.0,34.83,0.0,0.0,2.51,2.19,4.0,,,0.0,,1.0,Jagdpanther_G1
ussr_t_34_85_d_5t,324.0,71.91,0.0,0.0,4.21,2.85,582.0,50.35,0.0,0.0,3.56,1.97,0.0,,,,,,T-34-85_(D-5T)
yak-9b,324.0,82.78,1.96,2.24,5.87,6.74,3.0,,,0.0,,1.0,0.0,,,,,,Yak-9B
sw_sav_fm48,312.0,75.3,0.15,0.1,5.06,3.37,379.0,50.68,0.0,0.0,5.95,2.44,0.0,,,,,,SAV_20.12.48
fw-190a-4,324.0,46.38,3.93,3.08,0.24,0.19,186.0,42.01,2.22,2.22,0.75,0.73,0.0,,,,,,Fw_190_A-4
bf-109f-4_trop,317.0,62.37,4.69,5.97,0.63,0.81,99.0,100.0,2.55,2.7,0.36,0.34,0.0,,,,,,Bf_109_F-4/trop
p-47d_ussr,312.0,79.1,1.37,1.06,6.76,5.14,124.0,50.7,0.44,0.13,1.97,1.12,0.0,,,,,,P-47D-27
germ_pzkpfw_IV_ausf_F2,311.0,69.02,0.01,0.01,4.19,3.43,478.0,48.83,0.0,0.0,3.56,2.36,0.0,,,,,,Pz.IV_F2
jp_m24_chaffee,303.0,76.08,0.2,0.1,7.93,3.66,1144.0,64.91,0.0,0.0,2.45,2.13,0.0,,,,,,M24
sw_t_34_1941,301.0,89.52,0.0,0.0,4.01,2.99,111.0,40.27,0.0,0.0,5.74,2.59,0.0,,,,,,T-34
do_335a_1,302.0,80.92,1.2,1.07,7.51,6.52,152.0,32.07,2.53,1.6,3.12,1.5,0.0,,,,,,Do_335_A-1
ussr_t_54_1947,291.0,46.05,0.0,0.0,2.4,2.16,410.0,51.94,0.0,0.0,1.5,1.56,22.0,,,0.0,,0.63,T-54_(1947)
jp_type_4_chi_to_late,263.0,83.44,0.0,0.0,4.98,5.11,545.0,81.81,0.0,0.0,5.94,2.37,0.0,,,,,,Chi-To_Late
la-5_type37_early,274.0,79.27,3.39,5.01,0.89,1.32,0.0,,,,,,0.0,,,,,,La-5
iar_81c_db_605,294.0,53.69,5.25,5.06,0.21,0.18,125.0,100.0,3.42,8.07,1.49,3.39,0.0,,,,,,IAR-81C_(DB_605)
germ_panther_II,259.0,74.22,0.01,0.01,3.75,4.23,261.0,59.04,0.0,0.0,4.1,3.12,0.0,,,,,,Panther_II
ussr_t_34_1942,264.0,72.18,0.04,0.07,2.17,3.03,98.0,15.38,0.0,0.0,5.9,4.72,0.0,,,,,,T-34_(1942)
il-2m,264.0,86.57,1.11,1.13,4.08,4.14,30.0,,,0.0,,1.0,0.0,,,,,,IL-2M_type_3
ussr_t_34_85_zis_53_v80,270.0,89.22,0.01,0.02,7.98,8.27,307.0,56.91,0.0,0.0,3.03,2.31,0.0,,,,,,"Т-34-85_""Партизан"""
yak-1b,257.0,85.17,3.16,3.49,0.98,1.1,125.0,100.0,6.69,,1.01,,0.0,,,,,,Yak-1B
ussr_t_80uk,256.0,51.62,0.0,0.0,1.35,1.29,815.0,38.74,0.0,0.0,1.53,1.18,11.0,,,,,,T-80UK
germ_pzkpfw_IV_ausf_C,253.0,83.38,0.0,0.0,4.38,8.82,16.0,,,0.0,,1.25,0.0,,,,,,Pz.IV_C
ussr_kv_1_zis_5,246.0,66.87,0.15,0.29,3.13,5.66,126.0,93.94,0.0,0.0,16.26,7.16,12.0,,,,,,KV-1_(ZiS-5)
germ_sdkfz_9_flak37,247.0,73.7,0.32,0.44,8.12,10.65,26.0,,,0.0,,3.4,0.0,,,,,,"8,8_cm_Flak_37_Sfl."
ussr_kv_1e,258.0,73.35,0.16,0.14,6.8,6.51,244.0,56.16,0.0,0.0,6.37,4.27,0.0,,,,,,KV-1E
germ_leopard_2a7v,254.0,63.31,0.01,0.02,2.84,4.56,1289.0,54.77,0.0,0.0,2.58,2.01,0.0,,,,,,Leopard_2A7V
it_m4a4_sherman,241.0,62.41,0.03,0.04,3.14,5.83,34.0,100.0,0.0,0.0,3.9,4.89,0.0,,,,,,Sherman_V
ussr_t_80u,239.0,52.6,0.0,0.0,1.94,1.65,945.0,53.24,0.0,0.0,1.78,1.37,8.0,100.0,0.0,0.0,2.25,2.25,T-80U
jp_type_4_chi_to,224.0,67.69,0.0,0.0,4.74,5.26,569.0,84.8,0.0,0.0,3.2,1.99,0.0,,,,,,Chi-To
ussr_is_4m,230.0,50.35,0.0,0.0,2.17,2.55,171.0,39.84,0.0,0.0,3.32,2.04,2.0,100.0,0.0,0.0,3.0,3.0,IS-4M
us_m3a1_stuart,226.0,75.08,0.14,0.21,4.23,5.91,50.0,100.0,0.0,0.0,2.8,2.13,0.0,,,,,,M3A1_Stuart
us_t29,234.0,65.8,0.05,0.05,7.05,6.71,2725.0,57.83,0.0,0.0,3.4,2.62,0.0,,,,,,T29
germ_pzkpfw_VI_ausf_h1_tiger_west,231.0,88.82,0.01,0.01,4.29,5.9,627.0,46.83,0.0,0.0,2.45,1.93,19.0,,,0.0,,0.0,Tiger_West
ussr_t_34E_STZ,222.0,67.18,0.0,0.0,2.16,2.38,54.0,0.0,0.0,0.0,1.0,2.3,0.0,,,,,,T-34E_STZ
yak-3,235.0,58.24,4.49,3.55,0.21,0.15,181.0,56.92,4.06,3.51,1.19,1.16,9.0,,,,,,Yak-3
ussr_kv_85,210.0,51.12,0.22,0.09,4.66,5.57,114.0,40.0,0.0,0.0,5.53,2.28,0.0,,,,,,KV-85
s_199,232.0,73.19,8.0,2.06,0.56,0.17,14.0,,,0.0,,0.0,0.0,,,,,,Sakeen
sw_sherman_3_4,219.0,96.34,0.0,0.0,6.77,5.2,268.0,44.84,0.0,0.0,5.11,2.92,0.0,,,,,,Sherman_III/IV
us_m24_chaffee,222.0,78.59,0.0,0.0,2.69,2.43,734.0,53.8,0.0,0.0,2.55,1.7,0.0,,,,,,M24
sw_strv_122b_plus,210.0,70.59,0.0,0.0,3.03,4.86,403.0,72.09,0.0,0.0,4.15,2.22,0.0,,,,,,Strv_122B+
ussr_is_1,200.0,67.93,0.04,0.06,2.09,2.74,266.0,56.56,0.0,0.0,2.09,1.44,0.0,,,,,,IS-1
germ_marder_df_105,207.0,52.79,0.01,0.02,0.96,1.23,300.0,34.69,0.0,0.0,2.03,1.34,33.0,55.95,0.0,0.0,1.0,1.0,DF105
ussr_t_34_85_stp_s53,212.0,79.02,0.0,0.0,3.95,3.58,1038.0,47.03,0.0,0.0,2.44,1.9,15.0,,,0.0,,0.0,Т-34-85_(СТП)
us_t95e1,219.0,60.78,0.0,0.0,1.45,1.12,219.0,70.22,0.0,0.0,3.06,1.3,0.0,,,,,,T95E1
germ_erprobungstrager_3_achs_turm,209.0,50.0,0.0,0.0,1.89,1.72,1795.0,41.66,0.04,0.0,3.02,1.91,0.0,,,,,,Turm_III
fr_amx_50_surbaisse,210.0,60.0,0.03,0.01,5.41,3.6,318.0,75.51,0.0,0.0,3.34,2.58,0.0,,,,,,AMX-50_Surbaissé
germ_pzkpfw_VI_ausf_h1_tiger_east,204.0,70.23,0.0,0.0,4.7,5.4,491.0,52.59,0.0,0.0,2.72,2.24,0.0,,,,,,Tiger_Ost
germ_pzkpfw_VI_ausf_b_tiger_IIh_kwk46,196.0,69.78,0.0,0.0,4.64,4.79,260.0,53.12,0.0,0.0,5.27,3.31,4.0,100.0,0.0,0.0,2.0,2.0,Tiger_II_(10.5_cm_Kw.K)
f-84b,202.0,59.07,2.19,2.09,4.85,4.57,116.0,0.0,2.44,0.97,6.33,2.38,0.0,,,,,,F-84B-26
germ_t_34_747,199.0,67.51,0.0,0.0,3.62,3.8,51.0,52.47,0.0,0.0,2.55,3.33,0.0,,,,,,T_34_747_(r)
it_m24_chaffee,200.0,70.86,0.0,0.0,3.91,5.12,390.0,71.74,0.0,0.0,2.38,1.88,0.0,,,,,,M24
germ_spz_oerlikon_raketenautomat,188.0,47.27,0.06,0.08,0.98,1.16,455.0,33.43,0.0,0.0,1.22,0.85,0.0,,,,,,Raketenautomat
cn_type_58,189.0,85.86,0.0,0.0,4.51,3.96,122.0,68.8,0.0,0.0,2.41,2.81,0.0,,,,,,Т-34-85_Gai
ussr_t_80bvm,181.0,67.14,0.0,0.0,2.18,2.24,2905.0,51.52,0.0,0.0,2.19,1.78,0.0,,,,,,T-80BVM
ussr_t_80ue1_sm,181.0,56.31,0.0,0.0,1.76,1.72,1272.0,48.83,0.0,0.0,1.36,1.15,6.0,0.0,0.0,0.0,1.0,1.0,◍Т-80У-Е1
jp_type_3_chi_nu_75cm_type_5,174.0,61.82,0.0,0.0,4.34,4.65,489.0,83.0,0.0,0.0,3.99,2.7,0.0,,,,,,Chi-Nu_II
sw_m24_chaffee_dk,184.0,72.76,0.01,0.01,4.1,4.26,248.0,55.82,0.0,0.0,1.92,1.38,0.0,,,,,,M24DK
sw_strv_122b_plss,183.0,60.74,0.03,0.04,2.74,4.34,162.0,58.2,0.0,0.0,5.1,2.7,0.0,,,,,,Strv_122B_PLSS
a_20g_30_ussr,186.0,88.23,0.37,0.28,8.47,6.27,2.0,,,0.0,,0.0,0.0,,,,,,A-20G-30
ussr_t_10m,181.0,37.63,0.0,0.0,7.56,4.54,486.0,54.4,0.0,0.0,2.27,2.12,40.0,77.78,0.0,0.0,1.78,2.39,T-10M
jp_type_5_chi_ri,173.0,63.68,0.14,0.17,1.86,2.07,646.0,55.13,0.0,0.0,3.3,1.85,0.0,,,,,,Chi-Ri_II
jp_st_a2,177.0,37.93,0.2,0.2,1.18,1.29,369.0,56.84,0.0,0.0,2.36,2.01,0.0,,,,,,ST-A2
ussr_t_34_1941,174.0,87.94,0.0,0.0,2.2,2.77,61.0,50.0,0.0,0.0,2.78,2.28,0.0,,,,,,T-34_(1941)
il_m_51,182.0,83.93,0.06,0.02,4.98,1.69,467.0,45.55,0.0,0.0,2.93,1.18,0.0,,,,,,M-51
germ_pzkpfw_VI_ausf_b_tiger_IIh,168.0,58.69,0.0,0.0,2.91,2.61,1654.0,47.27,0.0,0.0,2.69,2.34,0.0,,,,,,Tiger_II_(H)
f-80a,176.0,65.48,1.6,1.61,2.01,2.01,61.0,91.67,2.5,2.39,0.0,0.39,0.0,,,,,,F-80A-5
f8f1,179.0,44.86,1.44,1.12,2.05,1.36,591.0,55.18,0.34,0.31,1.2,1.09,16.0,,,0.0,,0.0,F8F-1
sw_t_34_85_zis_53,171.0,88.06,0.05,0.05,3.09,2.97,390.0,55.45,0.0,0.0,2.48,1.85,0.0,,,,,,T-34-85
ussr_t_34_57_1943,167.0,76.73,0.06,0.05,5.1,3.66,212.0,53.66,0.0,0.0,4.1,1.97,0.0,,,,,,T-34-57_(1943)
germ_leopard_1a5,164.0,49.82,0.0,0.0,1.13,1.33,693.0,45.75,0.0,0.0,1.62,1.18,76.0,53.23,0.0,0.0,1.97,2.15,Leopard_1A5
germ_leopard_2k,169.0,54.27,0.0,0.0,1.46,2.1,887.0,50.83,0.05,0.01,2.59,2.14,0.0,,,,,,Leopard_2K
germ_le_kpz_m41,171.0,62.37,0.0,0.0,1.35,1.09,861.0,41.74,0.0,0.0,1.08,0.85,0.0,,,,,,leKPz_M41
germ_leopard_I,164.0,47.63,0.0,0.0,2.46,2.76,1419.0,32.87,0.0,0.0,0.84,0.77,9.0,0.0,0.0,0.0,1.0,1.0,Leopard_I
us_t20,163.0,94.92,0.0,0.0,7.08,8.09,2419.0,70.88,0.0,0.0,4.25,3.61,100.0,86.46,0.0,0.0,5.21,4.88,T20
jp_type_5_ho_ri_production,165.0,86.24,0.0,0.0,5.14,3.64,1859.0,73.59,0.0,0.0,4.53,4.19,0.0,,,,,,Ho-Ri_Production
ussr_t_34_85E,172.0,96.72,0.03,0.02,9.05,9.49,293.0,65.76,0.0,0.0,4.83,4.22,0.0,,,,,,T-34-85E
do_217e_2,166.0,85.81,0.35,0.32,7.16,6.61,6.0,50.0,0.0,0.0,0.5,1.0,0.0,,,,,,Do_217_E-2
cn_t_34_85_zis_53_no215,166.0,83.92,0.04,0.05,8.56,7.97,9.0,,,0.0,,2.0,0.0,,,,,,T-34-85_No.215
jp_m36b2_jgsdf,156.0,64.36,0.21,0.26,1.61,1.88,1644.0,59.61,0.02,0.02,1.6,1.48,0.0,,,,,,M36
jp_st_a1,163.0,41.26,0.22,0.23,1.68,1.68,708.0,55.47,0.0,0.0,1.98,1.64,0.0,,,,,,ST-A1
germ_leopard_I_a1,155.0,49.47,0.0,0.0,1.86,1.65,1111.0,46.5,0.0,0.0,1.97,1.47,0.0,,,,,,Leopard_A1A1
cn_ztz_96a_prot,168.0,84.46,0.02,0.02,5.3,4.21,301.0,57.55,0.0,0.0,2.58,1.85,8.0,,,,,,ZTZ96A_(P)
ussr_bmpt,155.0,67.0,0.03,0.04,1.57,2.03,1434.0,47.17,0.0,0.0,1.51,1.3,2.0,100.0,0.0,0.0,1.0,1.0,БМПТ
germ_leopard_2a6,156.0,66.94,0.0,0.0,2.5,2.97,659.0,51.52,0.0,0.0,2.2,1.82,0.0,,,,,,Leopard_2A6
pyorremyrsky,163.0,42.59,1.43,1.3,0.0,0.0,101.0,79.68,1.71,1.55,2.42,2.11,28.0,0.0,3.0,2.96,0.0,0.0,VL_Pyörremyrsky
ussr_t_80b,163.0,51.21,0.0,0.0,1.31,1.25,888.0,46.84,0.0,0.0,2.0,1.56,11.0,57.14,0.0,0.0,0.57,1.0,T-80B
germ_pzkpfw_IV_ausf_H,155.0,60.54,0.0,0.0,1.88,2.41,457.0,41.75,0.0,0.0,2.76,1.61,25.0,,,,,,Pz.IV_H
ussr_object_248,156.0,79.25,0.0,0.0,5.49,6.23,152.0,86.11,0.0,0.0,10.96,4.39,0.0,,,,,,Object_248
me-410a-1,155.0,84.93,0.62,0.66,3.01,3.28,18.0,,,0.0,,1.28,0.0,,,,,,Me_410_A-1
germ_kpz_t72m1,147.0,60.59,0.1,0.09,3.72,2.97,1132.0,48.55,0.0,0.0,1.84,1.56,19.0,17.86,0.0,0.0,1.0,1.0,◊T-72M1
us_m4a2_sherman,150.0,87.1,0.0,0.0,5.14,2.73,240.0,68.66,0.0,0.0,3.56,2.51,0.0,,,,,,M4A2
ussr_t_72a,145.0,56.06,0.0,0.0,4.05,3.55,1251.0,40.16,0.0,0.0,2.29,1.74,0.0,,,,,,T-72A
yak-3p,155.0,49.36,1.82,1.81,0.15,0.14,314.0,66.41,3.03,2.73,1.03,0.94,0.0,,,,,,Yak-3P
ussr_kv_2_zis_6,138.0,65.76,0.03,0.03,3.99,4.42,25.0,,,0.0,,2.8,0.0,,,,,,KV-2_(ZiS-6)
ar_2,144.0,88.01,0.36,0.47,7.75,9.79,6.0,,,,,,0.0,,,,,,Ar-2
il_sabra_mk1,141.0,57.53,0.0,0.0,2.6,1.92,144.0,59.35,0.03,0.02,3.07,3.65,0.0,,,,,,Sabra_Mk.I
i_29,137.0,79.41,1.86,2.41,0.75,1.02,0.0,,,,,,0.0,,,,,,I-29
il_8_1944,136.0,75.81,1.82,1.74,4.25,4.04,149.0,50.0,0.39,0.36,1.77,1.66,0.0,,,,,,IL-8_(1944)
me-410b-1,140.0,90.86,0.83,0.84,4.35,4.42,0.0,,,,,,0.0,,,,,,Me_410_B-1
me_210ca_1_hungary,141.0,99.13,1.78,1.02,3.91,2.57,0.0,,,,,,0.0,,,,,,◔Me_210_Ca-1
bf-109g-2,135.0,65.39,4.02,2.29,1.48,0.85,117.0,66.67,2.0,1.88,2.83,2.95,0.0,,,,,,Bf_109_G-2/trop
germ_pzkpfw_V_ausf_g_panther,136.0,58.55,0.0,0.0,1.7,2.14,411.0,21.48,0.0,0.0,2.72,1.47,0.0,,,,,,Panther_G
yak-9k,140.0,61.25,1.68,1.68,0.55,0.48,1054.0,64.66,0.38,0.32,2.45,1.91,22.0,,,,,,Yak-9K
germ_flakpanzer_IV_Ostwind,136.0,76.24,1.82,2.37,2.0,2.34,287.0,39.82,1.02,1.03,1.32,1.35,0.0,,,,,,Ostwind
ussr_object_435,128.0,70.23,0.0,0.0,1.98,1.91,375.0,48.16,0.0,0.0,2.04,1.46,0.0,,,,,,Object_435
me_264,137.0,94.22,0.95,0.77,6.58,5.68,0.0,,,,,,0.0,,,,,,Me_264
uk_a30_challenger,136.0,35.95,0.33,0.5,1.8,2.65,101.0,54.57,0.0,0.0,2.26,2.17,0.0,,,,,,Challenger
ussr_t_55_amd_1,125.0,57.74,0.0,0.0,1.53,2.32,630.0,41.27,0.0,0.0,1.35,1.2,13.0,,,,,,T-55AMD-1
su_34,137.0,51.07,1.8,1.23,0.63,0.36,576.0,54.44,0.41,0.47,4.63,5.2,186.0,,,1.1,,0.81,Су-34
jp_sub_i_ii_20mm,127.0,60.63,1.27,1.63,1.0,1.37,807.0,58.92,0.63,0.54,0.9,0.72,0.0,,,,,,SUB-I-II
jp_m4a3e8_76w_sherman,126.0,66.19,0.28,0.2,3.18,3.24,1141.0,65.95,0.0,0.0,1.91,2.13,0.0,,,,,,M4A3_(76)_W
ussr_t_54_1951,124.0,56.02,0.0,0.0,1.69,1.84,160.0,49.68,0.0,0.0,1.76,1.45,17.0,70.59,0.0,0.0,1.0,1.0,T-54_(1951)
germ_vk_3002m,128.0,57.47,0.0,0.0,3.54,3.77,251.0,39.05,0.0,0.0,4.38,2.52,0.0,,,,,,VK_3002_(M)
it_breda_52_autocannone,138.0,69.98,0.3,0.49,6.81,10.44,162.0,61.89,0.0,0.0,2.83,1.94,0.0,,,,,,Breda_90/53
germ_leopard_2a4m_can_sm,133.0,66.37,0.0,0.0,2.44,3.76,1072.0,44.74,0.0,0.0,1.39,1.19,27.0,0.0,0.0,0.0,0.0,0.0,◍Leopard_2A4M
germ_pzkpfw_V_ausf_f_panther,132.0,84.86,0.01,0.02,5.73,3.52,345.0,40.43,0.0,0.0,3.4,2.64,0.0,,,,,,Panther_F
jp_m44,122.0,57.33,0.24,0.21,3.2,2.93,297.0,68.88,0.0,0.0,1.51,1.1,0.0,,,,,,M44
pe-2-1,123.0,85.81,0.28,0.32,3.46,4.19,0.0,,,,,,0.0,,,,,,Pe-2-1
ussr_kv_1s,128.0,53.71,0.02,0.04,2.17,2.93,84.0,0.0,0.0,0.0,3.03,1.73,0.0,,,,,,KV-1S
ussr_t_64a_1971,118.0,71.6,0.0,0.0,2.86,2.68,642.0,45.85,0.0,0.0,1.97,1.57,22.0,100.0,0.0,0.0,3.1,3.1,T-64A_(1971)
mig_25pd,117.0,53.98,2.25,2.34,0.0,0.0,426.0,60.05,1.56,2.5,0.0,0.0,0.0,,,,,,МиГ-25ПД
us_m1a1_hc_usmc,127.0,56.67,0.35,0.25,3.18,2.22,2987.0,60.24,0.0,0.0,1.83,1.64,18.0,0.0,0.0,0.0,2.38,1.81,M1A1_Click-Bait
germ_waffentrager_krupp_steyr,122.0,53.23,0.0,0.0,2.61,2.07,126.0,48.03,0.0,0.0,1.5,1.75,0.0,,,,,,Waffenträger
ki_61_1a_otsu_china,107.0,85.31,4.91,6.93,1.22,1.78,0.0,,,,,,57.0,86.54,0.88,1.0,3.5,3.73,Ki-61-I_otsu_(China)
germ_jgdpz_IV_L48,112.0,0.0,0.0,0.0,15.14,3.96,105.0,100.0,0.0,0.0,7.15,3.33,0.0,,,,,,Jagdpanzer_IV
sw_t_28,119.0,82.31,0.0,0.0,4.34,5.38,4.0,50.0,0.0,0.0,1.5,3.0,0.0,,,,,,T-28
fw-190d-9,115.0,68.39,2.79,1.57,1.22,0.64,194.0,34.09,1.0,0.82,0.89,0.76,0.0,,,,,,Fw_190_D-9
ussr_t_54_1949,112.0,48.12,0.0,0.0,1.69,2.0,168.0,51.08,0.0,0.0,1.67,1.77,89.0,96.43,0.0,0.0,3.5,2.15,T-54_(1949)
us_m1a1_aim_abrams,114.0,62.39,0.26,0.2,2.31,2.7,838.0,57.55,0.0,0.0,2.41,1.79,7.0,,,0.0,,2.0,M1A1_AIM
us_m36,113.0,75.81,0.0,0.0,1.94,2.26,245.0,78.69,0.0,0.0,7.16,2.34,0.0,,,,,,M36_GMC
la-5_type39,117.0,100.0,7.7,7.13,2.59,2.43,0.0,,,,,,0.0,,,,,,La-5F
germ_mkpz_super_m48,117.0,51.72,0.0,0.0,2.11,1.45,147.0,69.53,0.0,0.0,7.24,4.3,33.0,50.0,0.0,0.0,1.68,1.68,M48_Super
ussr_object_906,117.0,57.9,0.0,0.0,2.51,1.59,1331.0,54.54,0.0,0.0,2.54,1.84,80.0,65.79,0.0,0.0,3.69,2.87,Object_906
ussr_t_44_100,112.0,72.91,0.0,0.0,4.62,2.19,1252.0,49.54,0.0,0.0,1.89,1.65,29.0,,,0.0,,2.68,T-44-100
ussr_is_3,115.0,93.85,0.0,0.0,6.37,2.66,339.0,66.61,0.0,0.0,3.39,2.47,0.0,,,,,,IS-3
cn_vt_4b,112.0,65.48,0.0,0.0,4.37,4.21,87.0,50.0,0.0,0.0,2.59,4.04,0.0,,,,,,VT4A1
me_210ca_1_40_mm_hungary,115.0,73.19,1.09,0.77,2.56,2.27,10.0,100.0,1.0,1.0,2.6,2.6,17.0,,,,,,◔Me_210_Ca-1_36.M
ussr_su_122_54,106.0,47.28,0.0,0.0,1.21,1.03,169.0,41.85,0.0,0.0,2.17,1.6,0.0,,,,,,SU-122-54
us_m26_pershing,110.0,84.13,0.0,0.0,4.49,4.69,224.0,70.16,0.0,0.0,2.57,2.37,48.0,80.0,0.0,0.0,3.5,2.81,M26
fw-190a-5_u2,110.0,95.97,3.34,1.83,1.55,0.87,45.0,0.0,0.75,0.18,1.75,0.29,0.0,,,,,,Fw_190_A-5/U2
ussr_kv_7_u13,108.0,65.36,0.0,0.0,3.15,4.83,155.0,53.9,0.0,0.0,4.63,3.94,0.0,,,,,,KV-7_(U-13)
ussr_t_34_100,114.0,94.97,0.0,0.0,5.34,3.07,368.0,60.46,0.0,0.0,3.42,2.63,0.0,,,,,,T-34-100
us_m18_hellcat_black_cat,106.0,91.07,0.19,0.22,3.89,4.32,1028.0,79.73,0.0,0.0,2.84,2.36,0.0,,,,,,"M18_""Black_Cat"""
ussr_is_2_1944_321,102.0,100.0,0.0,0.0,5.02,4.77,83.0,100.0,0.0,0.0,7.26,4.37,0.0,,,,,,IS-2_No.321
f_6c_pakistan,103.0,59.42,4.13,3.61,0.2,0.16,54.0,100.0,2.56,4.79,0.48,0.83,0.0,,,,,,F-6C
p-47d_30_italy,109.0,96.3,5.04,2.43,3.93,1.28,100.0,81.18,1.36,1.2,3.18,2.44,34.0,50.0,1.0,2.0,1.0,2.0,P-47D-30
ussr_t_72b,108.0,36.21,0.0,0.0,2.33,2.27,653.0,41.16,0.0,0.0,1.61,1.38,0.0,,,,,,T-72B
f4u-1c,109.0,63.33,1.92,1.87,0.37,0.33,34.0,,,2.17,,1.33,0.0,,,,,,F4U-1C
germ_pzkpfw_VI_ausf_h1_tiger_animal_version,106.0,76.35,0.1,0.18,4.85,5.03,33.0,68.75,0.0,0.0,3.38,4.68,0.0,,,,,,␠Tiger
germ_pzkpfw_III_ausf_E,110.0,99.46,0.05,0.14,3.4,10.52,40.0,0.0,0.0,0.0,1.0,1.0,0.0,,,,,,Pz.III_E
sw_kv_1_1942_fin,103.0,71.48,0.0,0.0,3.66,3.49,178.0,57.2,0.0,0.0,5.0,4.35,0.0,,,,,,KV-1_m1942
ussr_is_2_1944,104.0,63.98,0.0,0.0,2.96,3.45,558.0,50.7,0.0,0.0,3.1,2.45,0.0,,,,,,IS-2_(1944)
f6f-5n,107.0,51.45,1.05,1.25,1.38,1.42,129.0,59.14,0.0,0.0,0.7,0.7,0.0,,,,,,F6F-5N
pe-3_bis,102.0,81.18,0.83,1.28,2.98,4.62,3.0,100.0,4.0,,1.0,,0.0,,,,,,Pe-3bis
ussr_su_100p,100.0,82.38,0.0,0.0,3.06,2.72,403.0,62.78,0.0,0.0,3.94,1.48,0.0,,,,,,SU-100P
ussr_is_2_1943,100.0,28.57,0.0,0.0,4.0,4.23,504.0,40.5,0.0,0.0,2.74,1.55,0.0,,,,,,IS-2
germ_sdkfz_234_2,102.0,65.74,0.0,0.0,0.95,1.44,814.0,50.39,0.0,0.0,1.23,0.96,0.0,,,,,,Sd.Kfz.234/2
su-6_m71,105.0,66.27,1.02,1.05,1.77,1.75,98.0,50.0,1.34,0.69,1.36,1.32,0.0,,,,,,Su-6_(M-71F)
it_43m_turan_3,101.0,97.14,0.0,0.0,4.97,4.28,201.0,56.33,0.0,0.0,2.75,2.09,0.0,,,,,,Turan_III
jp_navy_120mm_spg,96.0,81.48,0.0,0.0,7.61,2.54,96.0,86.29,0.0,0.0,3.42,2.78,0.0,,,,,,Chi-Ha_LG
us_m24_chaffee_tl,104.0,67.74,0.0,0.0,2.95,3.74,62.0,61.11,0.0,0.0,3.0,2.03,0.0,,,,,,M24_(TL)
germ_pzkpfw_IV_ausf_G,100.0,54.49,0.0,0.0,3.11,3.9,123.0,18.98,0.0,0.0,2.08,2.45,0.0,,,,,,Pz.IV_G
ussr_t_44_po,99.0,100.0,0.0,0.0,4.84,4.97,99.0,77.5,0.0,0.0,6.58,3.08,0.0,,,,,,Т-44(ПМ)
re_2001_cb,109.0,42.64,2.23,2.14,0.0,0.0,11.0,100.0,0.0,0.0,1.0,1.0,0.0,,,,,,Re.2001_CB
p-51d-20-na,101.0,89.58,5.18,2.97,2.34,1.4,130.0,59.57,1.02,0.94,1.42,1.32,20.0,,,1.4,,0.0,P-51D-20-NA
germ_pzkpfw_V_ausf_a_panther,102.0,54.3,0.03,0.03,3.84,2.38,461.0,22.34,0.0,0.0,1.5,1.45,0.0,,,,,,Panther_A
fr_lorraine_40t,102.0,81.25,0.0,0.0,7.41,3.74,383.0,62.52,0.0,0.0,2.04,2.09,30.0,72.23,0.0,0.0,1.0,0.32,Lorraine_40t
jp_type_90b_camo,95.0,54.55,0.03,0.01,4.19,2.51,2122.0,52.81,0.0,0.0,2.61,1.87,26.0,0.0,0.0,0.0,1.0,0.5,"Type_90_(B)_""Fuji"""
us_m1a2_abrams,99.0,30.59,0.0,0.0,2.02,1.91,1043.0,62.57,0.0,0.0,2.43,2.78,0.0,,,,,,M1A2_Abrams
xp-50,99.0,100.0,7.21,2.58,0.58,0.14,72.0,50.0,2.79,3.21,1.39,1.05,0.0,,,,,,XP-50
p-51d-5,99.0,53.45,0.62,0.4,1.38,0.95,59.0,59.26,0.37,0.3,0.0,0.0,0.0,,,,,,P-51D-5
jp_type_75,99.0,32.76,0.37,0.59,0.38,0.66,597.0,54.94,0.1,0.08,1.47,1.12,0.0,,,,,,Type_75_SPH
yak-9,91.0,97.96,4.54,7.13,0.35,0.58,45.0,81.58,3.63,6.0,0.18,1.0,0.0,,,,,,Yak-9
ussr_kv_8,95.0,80.77,0.0,0.0,2.88,3.43,0.0,,,,,,0.0,,,,,,КВ-8
bf-109f-4_usa,101.0,80.11,3.27,2.33,0.0,0.0,44.0,50.0,0.76,1.36,0.92,1.57,15.0,,,3.0,,0.0,Bf_109_F-4
ussr_t_55a,94.0,50.0,0.0,0.0,2.78,2.45,1208.0,47.95,0.0,0.0,2.09,1.65,1.0,,,0.0,,1.0,T-55A
p-51h-5_na,97.0,64.29,1.86,2.0,1.52,1.37,164.0,57.85,1.04,1.11,0.98,1.13,0.0,,,,,,P-51H-5-NA
us_m36b2,93.0,95.16,0.0,0.0,2.63,2.42,221.0,67.4,0.0,0.0,1.59,1.48,0.0,,,,,,M36B2
ussr_t_34_1941_l_11,97.0,100.0,0.0,0.0,4.64,2.18,166.0,59.72,0.0,0.0,4.15,1.82,0.0,,,,,,T-34_(1940)
ussr_t_62m1,91.0,50.0,0.0,0.0,3.5,2.61,496.0,51.37,0.0,0.0,2.01,1.45,0.0,,,,,,T-62M-1
us_m1a2_sep_abrams,90.0,47.22,0.0,0.0,1.55,2.53,945.0,53.6,0.0,0.0,1.9,1.64,0.0,,,,,,M1A2_SEP
germ_pzkpfw_VI_ausf_b_tiger_IIh_sla,90.0,65.74,0.0,0.0,4.28,4.5,634.0,53.9,0.0,0.0,4.92,3.46,4.0,100.0,0.0,0.0,2.0,2.0,Tiger_II_(H)_Sla.16
sw_strv_122,87.0,59.49,0.0,0.0,2.28,2.6,227.0,76.42,0.0,0.0,3.37,2.55,9.0,,,0.0,,0.0,Strv_122A
f4u-4b,97.0,60.71,0.86,1.07,0.91,1.08,714.0,68.02,0.72,0.61,1.9,1.58,0.0,,,,,,F4U-4B
germ_hummel,94.0,100.0,0.0,0.0,3.2,2.93,29.0,16.67,0.0,0.0,1.82,2.03,0.0,,,,,,Hummel
jp_type_5_na_to,90.0,64.86,0.0,0.0,3.16,3.92,116.0,53.61,0.0,0.0,2.49,2.35,0.0,,,,,,Na-To
uk_a_33_excelsior,88.0,100.0,0.0,0.0,6.01,9.74,102.0,91.03,0.0,0.0,10.07,8.45,0.0,,,,,,Excelsior
germ_sdkfz_251_9,92.0,100.0,0.0,0.0,3.54,9.48,0.0,,,,,,0.0,,,,,,Sd.Kfz.251/9
ussr_kv_220,89.0,85.42,0.0,0.0,4.7,3.56,295.0,83.41,0.0,0.0,7.9,7.01,0.0,,,,,,KV-220
sw_pvkv_II,91.0,79.79,0.0,0.0,4.14,4.51,93.0,50.0,0.0,0.0,3.58,3.11,0.0,,,,,,Pvkv_II
su_27sm,94.0,37.1,1.6,1.72,0.08,0.08,503.0,58.99,1.44,1.68,0.03,0.05,24.0,,,1.55,,0.0,Su-27SM
us_m3_lee,84.0,66.67,0.2,0.2,3.5,4.2,50.0,50.0,0.0,0.0,2.33,1.77,0.0,,,,,,M3_Lee
hellcat_fmk1,88.0,95.56,3.0,2.98,5.33,5.29,0.0,,,,,,81.0,62.75,0.35,0.25,2.32,2.15,Hellcat_Mk_II
uk_a17_mk_1_tetrarch,89.0,93.89,0.0,0.0,4.63,2.53,63.0,21.05,0.0,0.0,1.61,0.62,0.0,,,,,,Tetrarch_I
mig_29m_9_15,90.0,43.75,1.94,1.75,0.0,0.0,533.0,50.96,0.69,0.65,0.36,0.33,35.0,,,0.0,,0.0,МиГ-29М_(9-15)
mc-205_serie1,93.0,50.0,1.52,1.04,0.0,0.0,0.0,,,,,,0.0,,,,,,C._205_serie_1
ki_43_3_otsu,84.0,52.5,6.44,5.5,0.23,0.3,435.0,65.23,0.5,0.61,1.36,1.65,0.0,,,,,,Ki-43-III_otsu
germ_jgdpz_38t,86.0,100.0,0.0,0.0,11.05,4.08,24.0,0.0,0.0,,3.0,,0.0,,,,,,Jagdpanzer_38(t)
f2h-2,92.0,54.07,1.4,1.72,0.38,0.49,131.0,74.95,1.79,2.48,1.24,1.8,18.0,,,,,,F2H-2
rafale_c_f3,96.0,100.0,9.0,9.0,0.8,0.8,344.0,73.41,3.02,1.9,0.21,0.16,31.0,,,3.0,,0.0,Rafale_C_F3
mig_27m,90.0,44.62,0.19,0.12,0.79,0.55,33.0,,,0.0,,1.0,1.0,,,0.0,,1.0,MiG-27M
ussr_is_7,92.0,100.0,0.0,0.0,11.37,14.11,214.0,66.47,0.0,0.0,5.98,4.3,0.0,,,,,,IS-7
typhoon_mk1b,92.0,66.39,4.31,3.16,2.03,1.39,51.0,95.24,0.82,1.8,2.58,3.8,0.0,,,,,,Typhoon_Mk_Ib
ussr_zsu_29k,90.0,87.0,0.15,0.21,3.58,4.85,8.0,50.0,0.0,0.0,1.0,2.0,0.0,,,,,,YaG-10_(29-K)
ussr_t_72b_1989,91.0,51.25,0.0,0.0,1.7,1.9,292.0,34.55,0.0,0.0,1.52,1.15,0.0,,,,,,T-72B_(1989)
jp_type_97_chi_ha,89.0,100.0,0.0,0.0,11.99,14.18,26.0,,,0.0,,1.0,0.0,,,,,,Chi-Ha
yak-1_early,82.0,99.44,5.12,5.18,1.25,1.28,42.0,100.0,0.8,1.0,1.0,1.0,0.0,,,,,,Yak-1
jp_type_3_chi_nu,82.0,80.39,0.0,0.0,6.54,4.91,142.0,95.28,0.0,0.0,2.79,2.4,0.0,,,,,,Chi-Nu
ussr_asu_85,82.0,49.03,0.0,0.0,0.93,1.34,208.0,33.33,0.0,0.0,2.33,1.6,0.0,,,,,,ASU-85
germ_panzerbefelhswagen_IV_ausf_J,82.0,80.91,0.0,0.0,3.86,4.7,189.0,42.31,0.0,0.0,2.37,1.84,0.0,,,,,,Pz.Bfw.IV
us_m4a5_ram_2,86.0,52.22,0.0,0.0,2.77,2.72,14.0,50.0,0.0,0.0,1.0,1.44,0.0,,,,,,M4A5
us_xm246,84.0,80.43,0.25,0.56,2.13,3.02,1223.0,58.48,0.22,0.18,1.77,1.51,0.0,,,,,,XM246
sw_kungstiger,82.0,66.67,0.0,0.0,8.6,8.06,121.0,68.0,0.0,0.0,5.35,3.7,4.0,,,0.0,,2.0,Kungstiger
j_7d,82.0,54.84,2.69,3.09,0.02,0.03,484.0,65.26,1.97,2.47,0.39,0.48,0.0,,,,,,J-7D
xp-55,86.0,62.7,2.93,2.18,0.71,0.53,0.0,,,,,,0.0,,,,,,XP-55
ta-152h-1,85.0,48.92,1.49,2.1,0.0,0.0,23.0,,,,,,0.0,,,,,,Ta_152_H-1
us_m2a4_1st_armor_div,80.0,86.56,0.0,0.0,4.23,4.23,0.0,,,,,,0.0,,,,,,M2A4_(1st_Arm.Div.)
uk_m3_stuart,80.0,30.95,0.0,0.0,0.28,0.46,0.0,,,,,,0.0,,,,,,Stuart_I
us_m10,87.0,100.0,0.0,0.0,9.04,7.41,121.0,37.3,0.0,0.0,1.42,2.13,0.0,,,,,,M10_GMC
mig_3_series_1_15,82.0,100.0,3.91,2.3,1.18,0.76,11.0,100.0,5.0,,0.0,,0.0,,,,,,MiG-3-15
it_pzkpfw_IV_ausf_G,81.0,98.39,0.0,0.0,4.85,4.78,117.0,85.22,0.0,0.0,2.43,2.1,0.0,,,,,,Pz.IV_G
us_m4a2_76w_sherman,80.0,19.45,0.0,0.0,2.57,1.87,669.0,53.02,0.0,0.0,2.94,2.47,0.0,,,,,,M4A2_(76)_W
j_8b,81.0,90.32,4.26,2.56,0.0,0.0,80.0,88.39,4.2,6.2,0.0,0.0,0.0,,,,,,J-8B
us_m1a2_sep3_abrams,81.0,96.15,0.0,0.0,6.23,9.59,1579.0,56.08,0.0,0.0,2.58,2.44,0.0,,,,,,M1A2_SEPv3
mc-202_ec,84.0,0.0,6.18,1.91,0.0,0.0,10.0,,,,,,0.0,,,,,,C._202EC
cn_t_34_1942,77.0,85.0,0.0,0.0,3.72,3.1,77.0,77.78,0.0,0.0,3.72,3.11,0.0,,,,,,T-34_(1943)_(China)
mig_29smt_9_19,84.0,42.47,1.86,1.62,0.03,0.02,122.0,48.17,1.17,1.19,0.18,0.17,0.0,,,,,,MiG-29SMT
yak_2_kabb,76.0,100.0,1.89,1.99,5.29,5.63,0.0,,,,,,28.0,100.0,1.0,1.0,2.0,1.71,Yak-2_KABB
fr_sk105_a2,78.0,84.95,0.0,0.0,5.58,4.01,269.0,58.19,0.0,0.0,2.68,2.3,0.0,,,,,,SK-105A2
fr_amx_30_b2_brenus,75.0,50.0,0.0,0.0,3.04,3.26,117.0,84.52,0.0,0.0,4.04,3.86,0.0,,,,,,AMX-30B2_BRENUS
ussr_bt_5,83.0,98.67,0.0,0.0,7.39,6.72,273.0,49.69,0.0,0.0,2.95,1.99,0.0,,,,,,BT-5
cn_t_34_85_d_5t,78.0,98.33,0.0,0.0,4.37,3.82,97.0,33.33,0.0,0.0,2.97,2.73,0.0,,,,,,Т-34-85_(S-53)_(China)
ussr_t_62,72.0,32.67,0.0,0.0,1.97,1.62,142.0,57.32,0.0,0.0,2.2,2.09,0.0,,,,,,T-62
germ_kv_1_kwk_40,76.0,60.56,0.0,0.0,4.66,4.22,301.0,49.48,0.0,0.0,4.8,3.33,1.0,0.0,0.0,0.0,1.0,1.0,KW_I_C_756_(r)
fr_amx_50,82.0,56.25,0.0,0.0,3.21,2.55,430.0,78.4,0.0,0.0,2.93,3.03,24.0,50.0,0.0,0.0,2.0,2.14,AMX-50_(TOA100)
ussr_su_85m,76.0,50.0,0.0,0.0,1.5,3.33,10.0,,,0.0,,3.7,0.0,,,,,,SU-85M
lagg-3-8,75.0,90.32,6.05,4.88,0.35,0.31,0.0,,,,,,0.0,,,,,,LaGG-3-8
uk_sherman_vc_firefly,76.0,50.0,0.0,0.0,2.45,3.5,169.0,35.42,0.0,0.0,2.05,1.51,0.0,,,,,,Sherman_Firefly
cn_m36,73.0,80.06,0.0,0.0,2.79,2.46,7.0,,,0.0,,2.57,0.0,,,,,,M36_GMC_(China)
i_225,81.0,44.76,1.76,1.76,0.0,0.0,90.0,67.74,2.21,2.57,0.42,0.5,0.0,,,,,,I-225
yak-3u,82.0,41.59,1.86,1.86,0.0,0.0,115.0,67.97,2.88,5.93,0.33,0.96,0.0,,,,,,Yak-3U
la-9,73.0,56.21,3.42,3.52,0.41,0.42,123.0,42.97,0.45,0.65,0.12,0.32,0.0,,,,,,La-9
it_semovente_m41m_90,79.0,68.25,0.36,0.55,2.55,3.58,61.0,0.0,0.0,0.0,5.0,3.94,0.0,,,,,,90/53_M41M
us_m6a1,73.0,40.63,0.0,0.0,4.0,3.17,126.0,50.0,0.0,0.0,2.37,2.35,0.0,,,,,,M6A1
us_m55,77.0,77.78,0.0,0.0,4.55,4.65,46.0,83.33,0.0,0.0,1.37,1.02,0.0,,,,,,M55
er-2_m105_mv3,77.0,81.82,0.0,0.0,1.45,0.9,25.0,0.0,0.0,0.0,0.0,0.0,0.0,,,,,,Yer-2_(M-105)
bf_110g_4,75.0,100.0,1.47,1.18,3.73,3.28,4.0,50.0,0.0,0.0,0.5,0.5,0.0,,,,,,Bf_110_G-4
cn_ztz_88b,75.0,57.97,0.0,0.0,2.76,2.77,210.0,62.0,0.0,0.0,1.72,1.57,0.0,,,,,,ZTZ88B
uk_sherman_ic_firefly,75.0,52.69,0.0,0.0,2.65,4.03,68.0,36.23,0.0,0.0,3.43,2.7,0.0,,,,,,"Sherman_IC_""Trzyniec"""
sm_92,75.0,100.0,1.08,1.07,7.65,2.76,13.0,,,,,,0.0,,,,,,SM.92
germ_pz_IV_L70_A,73.0,98.67,0.15,0.13,2.4,1.57,38.0,,,0.0,,1.02,0.0,,,,,,Panzer_IV/70(A)
sm_91,75.0,65.91,0.89,1.06,0.8,0.96,4.0,,,,,,0.0,,,,,,SM.91
ussr_zsu_57_2,72.0,100.0,0.0,0.0,3.87,1.9,1060.0,42.54,0.04,0.0,1.66,1.23,23.0,86.91,0.0,0.0,0.88,1.0,ZSU-57-2
b_239_finland,73.0,50.0,1.2,1.33,0.0,0.0,4.0,,,,,,0.0,,,,,,B-239
la_174,65.0,70.37,4.9,7.24,0.51,0.71,2.0,,,,,,0.0,,,,,,La-174
germ_panzerbefelhswagen_jagdpanther,79.0,79.27,0.06,0.11,5.6,7.97,47.0,6.52,0.0,0.0,1.87,1.68,4.0,100.0,0.0,0.0,3.0,3.0,Bfw._Jagdpanther_G1
us_m8_scott,73.0,81.48,0.12,0.19,3.11,4.0,1.0,,,0.0,,1.0,0.0,,,,,,M8_HMC
us_t1e1_90,73.0,80.39,0.12,0.08,3.83,2.77,109.0,45.65,0.0,0.0,5.46,3.28,0.0,,,,,,T1E1_(90)
us_m1a2_sep2_abrams,70.0,26.39,0.0,0.0,1.33,1.3,1225.0,52.53,0.0,0.0,1.87,1.76,0.0,,,,,,M1A2_SEP_V2
us_m18_hellcat_kit_3rank,74.0,100.0,0.0,0.0,4.9,4.38,195.0,67.8,0.0,0.0,2.3,1.86,0.0,,,,,,Hellcat_(Hell)
lagg-3-23,72.0,100.0,11.25,3.29,0.0,0.26,0.0,,,,,,0.0,,,,,,LaGG-3-23
f-5c,77.0,40.0,1.6,1.1,0.0,0.0,377.0,51.38,1.4,1.66,0.66,0.81,0.0,,,,,,F-5C
germ_panzerjager_nashorn,72.0,23.33,0.0,0.0,2.07,2.07,43.0,0.0,0.0,0.0,1.94,1.39,0.0,,,,,,Nashorn
re_2001_cn,71.0,100.0,3.65,2.06,1.11,0.58,3.0,100.0,1.0,1.0,3.0,3.0,0.0,,,,,,Re.2001_CN
il_zsu_57_2,69.0,27.78,0.0,0.0,1.3,1.35,110.0,48.0,0.0,0.0,1.36,0.94,0.0,,,,,,ZSU-57-2_(Israel)
uk_a27m_cromwell_5,67.0,88.71,0.0,0.0,4.94,5.55,218.0,47.47,0.0,0.0,2.83,2.13,0.0,,,,,,Cromwell_V
ussr_t_44,66.0,50.12,0.0,0.0,1.62,2.42,245.0,32.89,0.0,0.0,3.18,2.12,40.0,45.83,0.0,0.0,0.54,1.26,T-44
it_2s1,67.0,100.0,0.0,0.0,1.0,0.75,49.0,25.93,0.0,0.0,1.22,0.88,0.0,,,,,,◔2S1
mig_29_9_13,67.0,42.47,0.89,0.89,0.0,0.0,101.0,45.48,1.25,1.71,0.1,0.1,0.0,,,,,,MiG-29
us_xm1_gm,69.0,17.1,0.0,0.0,1.4,0.97,1060.0,65.32,0.0,0.0,3.94,2.84,0.0,,,,,,XM1_(GM)
us_m4a3e8_76w_sherman,64.0,61.67,0.0,0.0,1.82,3.52,606.0,57.78,0.0,0.0,2.3,2.25,0.0,,,,,,M4A3_(76)_W
su_22m4,68.0,50.0,0.38,0.38,1.6,1.9,0.0,,,,,,0.0,,,,,,◊Su-22M4
j_7e,64.0,40.32,2.45,2.5,0.0,0.0,29.0,0.0,5.18,5.18,0.09,0.09,0.0,,,,,,J-7E
it_ariete_amv_pt1,73.0,90.0,0.12,0.12,3.56,3.56,71.0,50.0,0.0,0.0,3.19,2.73,0.0,,,,,,Ariete_AMV
ussr_kv_1_L_11,59.0,78.7,0.23,0.23,3.8,3.87,84.0,83.93,0.0,0.0,6.11,3.36,0.0,,,,,,KV-1_(L-11)
la-7b-20,71.0,50.0,2.21,2.81,0.22,0.5,128.0,35.65,1.3,1.15,0.55,0.46,0.0,,,,,,La-7B-20
yak-9u,64.0,80.11,5.94,6.03,0.89,0.81,60.0,100.0,2.43,2.33,0.52,0.49,0.0,,,,,,Yak-9U
us_m26e1_pershing,63.0,98.81,0.31,0.44,13.98,13.03,648.0,71.76,0.0,0.0,4.56,3.81,0.0,,,,,,M26E1
uk_a_34_comet,67.0,55.8,0.52,1.91,1.36,4.91,62.0,2.94,0.0,0.0,2.09,1.27,0.0,,,,,,Comet_I
fr_amx_m4,68.0,70.43,0.0,0.0,1.89,2.51,582.0,56.6,0.0,0.0,2.25,1.83,27.0,,,0.0,,0.23,AMX_M4
ussr_m53_59,62.0,35.9,2.28,3.67,0.35,0.71,449.0,38.03,1.22,0.5,0.52,0.31,0.0,,,,,,M53/59
il_aml_90,64.0,50.0,0.0,0.0,1.0,1.8,96.0,50.0,0.0,0.0,0.71,1.16,0.0,,,,,,AML-90_(Israel)
il_mim_72_chaparral,65.0,33.33,1.12,2.13,0.33,0.63,16.0,85.71,1.71,1.58,0.0,0.0,0.0,,,,,,Imp.Chaparral_(Israel)
vb_10c1,62.0,96.67,11.85,8.85,0.0,0.0,31.0,100.0,1.88,1.53,1.56,1.59,0.0,,,,,,VB.10C-1
ju-87d-3_italy,66.0,66.67,0.3,0.3,2.0,2.0,0.0,,,,,,0.0,,,,,,Ju_87_D-3
fr_amx_30_b2,62.0,50.0,0.0,0.0,1.82,2.82,230.0,50.0,0.0,0.0,1.66,1.9,0.0,,,,,,AMX-30B2
f-4s,59.0,100.0,6.1,2.2,0.2,0.06,956.0,52.97,1.24,1.37,0.15,0.19,22.0,,,1.86,,0.0,F-4S_Phantom_II
us_m4_sherman,66.0,100.0,0.0,0.0,6.13,5.6,122.0,100.0,0.0,0.0,10.0,4.88,0.0,,,,,,M4
spitfire_mk5c_notrop,63.0,60.87,4.3,3.13,0.0,0.0,25.0,100.0,1.2,1.2,1.4,1.4,0.0,,,,,,Spitfire_Mk_Vc
us_xm_803,65.0,100.0,0.0,0.0,7.11,3.69,1272.0,61.02,0.0,0.0,2.33,2.13,0.0,,,,,,XM803
la-7_dolgushin,65.0,68.0,3.35,5.5,1.84,0.22,108.0,70.71,3.62,6.45,2.59,4.48,9.0,,,,,,Dolgushin's_La-7
fr_m26_pershing,61.0,58.6,0.05,0.05,2.53,3.82,173.0,50.23,0.0,0.0,3.93,3.9,0.0,,,,,,M26
germ_sturmpanzer_IV_brummbar,60.0,46.88,0.0,0.0,2.35,2.25,17.0,0.0,0.0,0.0,2.0,2.0,0.0,,,,,,Brummbär
germ_pzkpfw_III_ausf_M,65.0,58.33,0.0,0.0,3.92,5.26,91.0,48.89,0.0,0.0,2.91,3.34,0.0,,,,,,Pz.III_M
f_15c_golden_eagle,61.0,50.7,2.72,2.7,0.08,0.05,702.0,62.77,1.6,1.88,0.09,0.11,31.0,,,1.21,,0.0,F-15C_Golden_Eagle
ussr_isu_152,62.0,79.09,0.12,0.08,2.6,4.11,18.0,,,0.0,,2.28,0.0,,,,,,ISU-152
fa_18e_block_2,61.0,50.54,2.11,2.24,0.03,0.03,546.0,59.06,1.08,1.23,0.31,0.34,47.0,0.0,3.0,1.35,0.0,0.0,F/A-18E
spitfire_mk5c,64.0,68.52,2.88,2.4,0.15,0.13,27.0,100.0,3.12,0.1,0.12,0.0,0.0,,,,,,Spitfire_Mk_Vc/trop
us_m44,62.0,56.67,0.0,0.0,2.47,2.87,147.0,19.33,0.0,0.0,2.45,0.68,0.0,,,,,,M44
germ_pz_IV_L70,63.0,0.0,0.0,0.0,1.4,0.99,272.0,42.23,0.0,0.0,2.15,1.63,14.0,,,,,,Panzer_IV/70(V)
saab_b3c,59.0,100.0,2.23,1.6,33.94,24.53,0.0,,,,,,0.0,,,,,,B3C
us_mk1_grant,56.0,66.67,0.3,0.5,3.3,5.0,56.0,46.3,0.0,0.0,0.72,1.05,0.0,,,,,,Grant_I
us_halftrack_m13,63.0,66.67,0.69,2.24,0.23,0.82,1.0,,,,,,0.0,,,,,,M13_MGMC
us_t26e5,60.0,66.67,0.2,0.3,2.48,3.75,1271.0,58.19,0.0,0.0,2.97,2.68,0.0,,,,,,T26E5
fa_18c_late,60.0,47.92,1.23,1.08,0.0,0.0,196.0,55.7,1.24,1.49,0.2,0.23,0.0,,,,,,F/A-18C_Late
mig-21_s,55.0,71.67,4.55,2.84,0.21,0.13,636.0,55.92,1.24,1.52,0.12,0.12,5.0,,,,,,MiG-21S_(R-13-300)
fr_m36b2_cefeo,60.0,76.67,0.0,0.0,1.51,1.78,211.0,49.57,0.0,0.0,2.88,1.47,0.0,,,,,,M36B2
ussr_2s19_m1,57.0,50.0,0.0,0.0,1.56,2.13,156.0,46.77,0.0,0.0,1.14,0.64,18.0,100.0,0.0,0.0,1.0,0.0,2С19М1
pe-2-83,58.0,100.0,0.0,0.0,3.4,4.9,30.0,100.0,0.0,0.0,1.0,0.67,0.0,,,,,,Pe-2-83
it_m36b1,56.0,100.0,0.2,0.2,2.64,2.64,56.0,69.45,0.0,0.0,1.79,1.55,0.0,,,,,,M36B1
b7a2_homare_23,59.0,100.0,0.43,0.52,3.43,3.0,91.0,96.04,0.96,0.99,2.06,2.18,0.0,,,,,,B7A2_(Homare_23)
p-51_mk1a_usaaf,55.0,100.0,6.75,3.09,1.0,0.12,84.0,76.34,3.19,3.52,0.35,0.4,0.0,,,,,,P-51
firefly_mk1,58.0,100.0,1.97,1.96,5.32,3.47,15.0,,,0.47,,0.0,0.0,,,,,,Firefly_F_Mk_I
sw_bt_42,58.0,86.54,0.0,0.0,2.38,4.23,36.0,50.0,0.0,0.0,2.25,2.32,0.0,,,,,,BT-42
il_merkava_mk_2d,53.0,42.42,0.0,0.0,2.2,2.73,322.0,42.54,0.0,0.0,4.12,2.63,0.0,,,,,,Merkava_Mk.2D
us_m2a4,57.0,100.0,0.0,0.0,3.4,3.13,59.0,51.79,0.0,0.0,3.18,2.01,0.0,,,,,,M2A4
germ_stug_III_ausf_G,58.0,100.0,0.0,0.0,1.0,1.0,198.0,2.58,0.0,0.0,7.15,2.55,0.0,,,,,,StuG_III_G
germ_flakpanzer_IV_Wirbelwind,58.0,58.89,2.51,2.86,0.69,1.0,275.0,39.75,2.4,1.68,0.2,0.12,0.0,,,,,,Wirbelwind
sw_t_72m1,57.0,64.45,0.0,0.0,2.07,2.88,403.0,54.67,0.0,0.0,2.64,2.26,0.0,,,,,,T-72M1
spitfire_ix_early,55.0,69.57,3.39,4.61,1.39,2.35,51.0,66.67,0.85,0.83,1.3,2.17,5.0,,,0.0,,0.0,Spitfire_F_Mk_IX
rafale_m_f3r,60.0,100.0,6.3,8.3,0.3,0.3,122.0,60.81,1.54,2.74,0.15,0.29,13.0,,,2.0,,0.0,Rafale_M_F3-R
ussr_pzkpfw_V,58.0,100.0,0.0,0.0,6.5,4.43,69.0,0.0,0.0,0.0,5.13,3.0,0.0,,,,,,T-V
jp_m47_patton_II,56.0,50.0,0.0,0.0,1.54,2.78,415.0,64.76,0.0,0.0,1.87,1.57,0.0,,,,,,M47
re_2001_serie1,60.0,37.3,2.51,2.9,0.33,0.49,0.0,,,,,,0.0,,,,,,Re.2001_serie_1
il_merkava_mk_2b_early,55.0,0.0,0.0,0.0,2.94,1.96,46.0,95.65,0.0,0.0,4.33,3.74,0.0,,,,,,Merkava_Mk.2B
sw_pzkpfw_IV_ausf_J,55.0,89.86,0.0,0.0,4.33,4.48,120.0,17.45,0.0,0.0,2.56,1.25,0.0,,,,,,Pz.IV
fw-190a-5,58.0,44.09,1.51,1.84,0.09,0.07,0.0,,,,,,0.0,,,,,,Fw_190_A-5/U12
cn_m24_chaffee,50.0,75.56,0.0,0.0,1.2,1.53,303.0,64.72,0.0,0.0,1.75,1.25,0.0,,,,,,M24_(China)
cn_m18_hellcat,53.0,90.0,0.0,0.0,2.36,2.32,177.0,56.36,0.0,0.0,2.43,2.47,0.0,,,,,,M18_GMC_(China)
ussr_object_279,58.0,85.72,0.0,0.0,7.01,7.01,74.0,83.33,0.0,0.0,5.67,3.41,11.0,,,0.0,,1.0,Object_279
p-40e_ussr,52.0,96.43,4.69,4.01,1.39,1.18,0.0,,,,,,0.0,,,,,,P-40E-1
yak-3_eremin,53.0,97.37,8.08,8.76,1.53,1.53,16.0,50.0,2.0,2.8,0.58,0.0,28.0,,,2.0,,0.0,Eremin's_Yak-3(e)
su_30mkk,52.0,93.75,5.7,3.75,1.38,0.93,1811.0,61.14,1.32,1.59,0.49,0.58,111.0,,,0.96,,0.16,Su-30MKK_(China)
it_c1_ariete_certezza,57.0,50.0,0.0,0.0,2.91,2.0,381.0,62.09,0.0,0.0,3.12,1.94,0.0,,,,,,Ariete_Сertezza
il_merkava_mk_1,52.0,61.9,0.0,0.0,1.6,1.64,109.0,58.22,0.0,0.0,2.07,3.21,0.0,,,,,,Merkava_Mk.1
uk_centurion_mk_1,57.0,100.0,0.0,0.0,3.67,3.67,375.0,55.18,0.0,0.0,3.39,2.94,0.0,,,,,,Centurion_Mk_1
p-51d-20-na_j26,51.0,45.06,0.94,1.52,0.26,0.45,5.0,33.33,0.3,0.3,0.3,0.3,0.0,,,,,,J26
bf_109t_2,53.0,100.0,3.82,3.82,3.3,3.3,0.0,,,,,,0.0,,,,,,Bf_109_T-2
ussr_bt_7_1937,54.0,98.67,0.0,0.0,4.94,2.23,131.0,49.5,0.0,0.0,2.9,2.76,0.0,,,,,,BT-7
f_15c_msip2,53.0,33.33,2.04,2.47,0.06,0.05,384.0,59.18,1.45,1.99,0.14,0.22,49.0,,,1.6,,0.0,F-15C_MSIP_II
mig-15,47.0,73.15,3.82,5.52,0.28,0.3,61.0,50.0,1.22,2.44,1.79,3.58,0.0,,,,,,MiG-15bis
uk_shir_2,55.0,62.5,0.0,0.0,5.08,5.76,271.0,59.6,0.0,0.0,5.33,3.65,0.0,,,,,,FV4030/3
mb_326k,48.0,65.19,4.28,4.83,2.08,3.5,143.0,51.33,0.88,1.39,1.24,1.95,0.0,,,,,,MB-326K
il_magach_5,54.0,50.0,0.0,0.0,2.32,2.0,56.0,80.0,0.0,0.0,4.6,1.88,0.0,,,,,,Magach_5
su_30sm2,53.0,92.31,10.38,5.98,0.0,0.0,1434.0,55.78,1.12,1.21,0.78,0.82,291.0,100.0,6.46,1.01,1.02,0.74,Су-30СМ2
ussr_bmpt_72,47.0,43.33,0.0,0.0,1.5,1.07,1393.0,49.22,0.0,0.0,1.77,1.37,0.0,,,,,,БМПТ-72
fw-190a-5_cannons,52.0,100.0,3.0,2.54,1.0,0.19,19.0,,,,,,0.0,,,,,,Fw_190_A-5
f_14a_iriaf,51.0,95.16,6.34,6.63,0.08,0.08,525.0,56.49,1.36,2.26,0.14,0.21,21.0,,,0.95,,0.0,F-14A_IRIAF
mb_157,48.0,88.89,15.0,14.91,0.06,0.09,16.0,,,,,,0.0,,,,,,M.B.157
germ_pzkpfw_IV_ausf_J,56.0,58.34,0.0,0.0,1.86,3.72,110.0,43.55,0.0,0.0,3.19,1.84,2.0,,,0.0,,0.0,Pz.IV_J
ussr_object_120,52.0,56.82,0.0,0.0,1.8,1.31,40.0,50.0,0.0,0.0,3.92,5.97,4.0,,,,,,Object_120
fr_amx_elc_bis,51.0,53.23,0.0,0.0,0.95,1.19,313.0,62.71,0.0,0.0,2.39,2.74,6.0,0.0,0.0,0.0,0.0,0.0,ELC_bis
yak-9p,54.0,48.05,1.07,1.83,0.0,0.48,0.0,,,,,,0.0,,,,,,Yak-9P
ussr_t_90a,51.0,50.0,0.0,0.0,2.38,1.37,772.0,44.78,0.0,0.0,1.38,1.19,11.0,100.0,0.0,0.0,1.0,0.09,Т-90А
btd-1,51.0,0.0,0.0,0.0,1.92,1.05,29.0,50.0,0.0,0.0,1.0,1.25,0.0,,,,,,BTD-1
t2,45.0,75.0,6.84,7.36,0.57,0.68,148.0,73.97,1.97,2.99,0.26,0.42,0.0,,,,,,T-2
c_3604,50.0,100.0,2.02,2.12,3.58,3.85,20.0,0.0,1.0,0.67,4.0,2.0,0.0,,,,,,◌С-3604
f-5e_switzerland,51.0,50.0,2.38,1.62,1.0,0.62,29.0,0.0,1.0,1.5,2.0,1.25,0.0,,,,,,◌F-5E
b_25j_30_vvs_ussr,51.0,100.0,0.06,0.03,4.26,2.84,35.0,50.0,0.46,0.28,0.96,0.68,0.0,,,,,,B-25J-30
cn_m4a1_76w_sherman,48.0,77.78,0.0,0.0,2.92,2.16,34.0,,,0.0,,2.0,0.0,,,,,,M4A1_(75)_W_(China)
uk_fv438_swingfire,51.0,50.0,0.0,0.0,0.5,0.56,96.0,16.4,0.0,0.0,0.95,1.03,0.0,,,,,,Swingfire
f3d_1,53.0,27.5,0.28,0.39,0.17,0.17,78.0,96.15,0.04,0.23,2.08,1.92,18.0,,,0.0,,1.0,F3D-1
germ_begleitpanzer_57,51.0,92.86,0.89,0.5,2.89,2.13,1174.0,49.13,0.24,0.18,1.25,0.97,20.0,12.5,0.0,0.0,0.88,1.0,Begleitpanzer_57
cn_ztz_88a,47.0,64.74,0.0,0.0,1.71,2.38,109.0,67.9,0.0,0.0,3.37,4.4,20.0,,,0.0,,1.55,ZTZ88A
it_m18_hellcat,46.0,100.0,0.0,0.0,1.96,1.96,297.0,64.55,0.0,0.0,3.84,2.24,0.0,,,,,,M18
germ_pzkpfw_Maus,46.0,100.0,0.0,0.0,9.58,10.55,584.0,43.69,0.01,0.01,6.15,4.6,0.0,,,,,,Maus
ussr_t_80ue1,46.0,57.5,0.0,0.0,1.95,1.63,3599.0,47.23,0.0,0.0,1.67,1.34,0.0,,,,,,Т-80U-Е1
f_16c_block_50,49.0,33.33,1.75,1.81,0.19,0.15,647.0,48.94,1.01,0.96,0.41,0.42,154.0,0.0,5.63,1.34,0.4,0.09,F-16C
cn_m41_a3_walker_bulldog,47.0,80.46,0.0,0.0,2.64,2.69,49.0,29.63,0.0,0.0,3.33,2.41,0.0,,,,,,M41A3_(China)
ussr_su_85_1943,47.0,100.0,0.0,0.0,1.92,2.06,0.0,,,,,,0.0,,,,,,SU-85
su_27,48.0,48.41,0.58,0.7,0.0,0.0,434.0,58.37,1.5,1.79,0.07,0.07,3.0,,,,,,Su-27
it_as_42_47,48.0,65.79,0.0,0.0,2.87,2.71,26.0,,,0.0,,2.0,0.0,,,,,,AS_42/47
su_25t,49.0,58.34,0.82,1.0,3.67,3.28,168.0,79.05,0.34,0.31,4.29,3.32,30.0,,,1.0,,0.0,Su-25T
p-39n_su,50.0,86.67,5.03,8.6,0.6,0.0,25.0,0.0,1.0,1.33,1.0,0.81,0.0,,,,,,Pokryshkin's_P-39N-0
yak_130_early,45.0,74.08,3.81,1.93,17.09,6.92,798.0,50.8,0.12,0.12,2.11,2.11,11.0,,,0.0,,0.0,Як-130
fr_amx_13_90,47.0,84.09,0.0,0.0,2.7,1.85,183.0,79.05,0.0,0.0,4.59,2.55,0.0,,,,,,AMX-13-90
jf_17,50.0,88.89,2.67,2.0,0.77,0.8,128.0,50.62,1.5,2.17,0.33,0.46,0.0,,,,,,JF-17
f-82e,49.0,100.0,1.6,1.54,2.0,0.29,168.0,56.85,0.31,0.36,0.59,0.61,0.0,,,,,,F-82E
cn_type_64,45.0,70.18,0.0,0.0,2.17,2.2,42.0,51.45,0.0,0.0,1.31,1.14,0.0,,,,,,M64
jp_st_b1,50.0,100.0,0.0,0.0,1.6,1.2,404.0,62.33,0.0,0.0,2.26,1.67,0.0,,,,,,STB-2
ussr_t_34_1941_cast_turret,48.0,100.0,0.0,0.0,2.68,3.95,37.0,94.0,0.0,0.0,1.19,1.31,0.0,,,,,,T-34_(1st_Gv.T.Br.)
germ_kv_2_754r,48.0,53.57,0.54,0.71,3.86,5.5,22.0,,,0.0,,1.0,0.0,,,,,,KW_II_754_(r)
us_m3_stuart,50.0,10.0,0.0,0.0,2.7,2.88,71.0,,,0.0,,1.51,0.0,,,,,,M3_Stuart
f_16c_block_52_aesa,49.0,41.07,1.34,1.51,0.23,0.2,367.0,47.59,0.95,0.93,1.16,1.15,9.0,,,0.0,,0.0,F-16CM_PoBIT
sw_ikv_91_105,46.0,50.0,0.0,0.0,1.24,1.24,150.0,59.25,0.0,0.0,0.52,0.59,4.0,,,0.0,,1.0,Ikv_91-105
us_m1a1_abrams,43.0,60.56,0.0,0.0,1.17,1.5,992.0,56.63,0.0,0.0,2.22,1.99,0.0,,,,,,M1A1
f-4j,40.0,100.0,1.2,1.33,0.0,0.07,296.0,45.86,1.49,1.28,0.05,0.05,0.0,,,,,,F-4J_Phantom_II
ffvs_j22_b,46.0,50.0,2.56,1.45,0.0,0.0,0.0,,,,,,0.0,,,,,,J22-B
germ_m109g,47.0,7.14,0.0,0.0,0.91,0.97,142.0,15.54,0.0,0.0,0.42,0.44,0.0,,,,,,M109G
germ_marder_1a3,43.0,45.24,0.0,0.0,0.35,0.66,346.0,37.48,0.09,0.09,1.24,1.19,0.0,,,,,,Marder_1A3
p-63a-10_ussr,47.0,100.0,1.21,0.85,3.55,2.56,70.0,94.87,0.15,0.2,4.0,2.96,32.0,,,,,,P-63A-10
uk_a_13_mk2,48.0,94.67,0.0,0.0,3.41,4.22,3.0,100.0,0.0,0.0,4.0,4.0,0.0,,,,,,A13_Mk_II
fr_amd_35_sa35,45.0,100.0,0.0,0.0,3.0,2.54,0.0,,,,,,0.0,,,,,,AMD.35_(SA35)
ussr_t_64_b_1984,47.0,13.46,0.0,0.0,1.98,1.87,692.0,38.95,0.0,0.0,1.47,1.34,0.0,,,,,,T-64B
us_m60a1,48.0,0.0,0.0,0.0,1.21,0.67,532.0,50.22,0.0,0.0,1.77,1.37,0.0,,,,,,M60A1_(AOS)
ussr_t_35,45.0,100.0,0.0,0.0,7.7,4.74,0.0,,,,,,0.0,,,,,,T-35
f8f1b,45.0,70.37,1.3,1.61,1.78,1.77,576.0,81.01,0.76,0.7,2.33,2.08,0.0,,,,,,F8F-1B
us_m4a1_76w_sherman,44.0,50.0,0.0,0.0,2.13,3.25,331.0,56.87,0.0,0.0,3.87,2.8,0.0,,,,,,M4A1_(76)_W
ussr_t_90m_2020,42.0,37.03,0.0,0.0,1.57,1.12,1038.0,51.57,0.0,0.0,2.05,1.74,11.0,100.0,0.0,0.0,0.09,0.09,T-90M
us_m41_walker_bulldog,42.0,91.67,0.0,0.0,1.56,1.42,631.0,56.24,0.0,0.0,1.19,0.83,0.0,,,,,,M41A1
us_m1_ip_abrams,44.0,50.0,0.0,0.0,1.13,1.65,788.0,64.91,0.0,0.0,3.85,3.36,0.0,,,,,,IPM1
mig-21_smt,46.0,44.44,1.39,0.92,0.0,0.0,224.0,47.21,1.85,2.04,0.05,0.06,3.0,,,1.0,,0.0,MiG-21SMT
us_m4a3e2_76w_sherman_jumbo,43.0,94.87,0.05,0.08,6.38,6.69,355.0,61.68,0.0,0.0,5.97,3.99,0.0,,,,,,M4A3E2_(76)_W
germ_panzerjager_tiger,39.0,7.14,0.01,0.01,2.81,2.57,368.0,34.34,0.0,0.0,2.64,2.01,0.0,,,,,,Jagdtiger
he_112b_0,45.0,100.0,2.38,1.38,0.0,0.0,1.0,,,,,,0.0,,,,,,He_112_B-0
germ_pzh_2000,46.0,86.36,0.09,0.03,1.32,0.5,645.0,32.29,0.02,0.02,0.87,0.68,0.0,,,,,,PzH_2000
bf_110g_4_hungary,43.0,83.33,0.88,0.89,3.8,3.84,89.0,69.62,0.35,0.56,1.76,2.45,0.0,,,,,,◐Bf_110_G-4
ussr_t_72av_turms,35.0,42.86,0.0,0.0,1.4,1.3,805.0,45.63,0.0,0.0,2.26,1.63,0.0,,,,,,T-72AV_(TURMS-T)
us_t26e4_superpershing,44.0,57.14,0.0,0.0,1.94,3.13,571.0,57.45,0.0,0.0,3.06,3.06,0.0,,,,,,T26E1-1
fr_arl_44,44.0,100.0,0.0,0.0,2.0,1.2,256.0,49.28,0.0,0.0,2.25,1.51,0.0,,,,,,ARL-44
germ_flakpanzer_IV_Ostwind_2,43.0,0.0,1.0,0.86,0.0,0.0,221.0,16.08,0.4,0.36,0.02,0.02,5.0,0.0,1.0,1.0,0.0,0.0,Ostwind_II
nf_5a_netherlands,37.0,74.08,8.78,12.28,0.23,0.39,239.0,78.42,3.02,3.55,0.76,0.92,0.0,,,,,,◘NF-5A
us_m6a2e1,40.0,95.83,0.0,0.0,6.6,7.0,46.0,100.0,0.0,0.0,5.93,4.71,0.0,,,,,,M6A2E1
cn_wz_1001,43.0,,,0.0,,1.84,124.0,66.95,0.0,0.0,3.66,2.31,0.0,,,,,,WZ1001(E)_LCT
sw_strv_104,41.0,39.29,0.0,0.0,2.04,2.34,142.0,46.18,0.0,0.0,1.52,2.06,0.0,,,,,,Strv_104
su_17m4,42.0,43.1,0.72,1.23,1.02,1.71,7.0,,,0.0,,1.0,50.0,100.0,1.0,0.98,1.08,1.46,Su-17M4
ussr_t_80ud,42.0,68.18,0.0,0.0,3.45,3.57,2214.0,48.42,0.0,0.0,1.9,1.55,0.0,,,,,,T-80UD
us_t1e1,41.0,100.0,0.0,0.0,2.55,2.65,184.0,60.27,0.0,0.0,2.78,1.84,0.0,,,,,,T1E1
sw_pt_76b,44.0,51.45,0.0,0.0,0.97,1.37,152.0,29.84,0.0,0.0,0.55,0.44,0.0,,,,,,PT-76
germ_flakpanzer_IV_Kugelblitz,42.0,0.0,0.1,0.1,0.0,0.0,291.0,46.57,0.97,0.96,0.63,0.62,0.0,,,,,,Kugelblitz
cn_ztz_96a,43.0,70.0,0.0,0.0,2.06,3.17,119.0,50.0,0.0,0.0,1.63,1.7,0.0,,,,,,ZTZ96A
f7f1,42.0,100.0,1.0,0.9,3.0,1.92,33.0,100.0,2.0,2.0,2.0,2.0,0.0,,,,,,F7F-1
germ_thyssen_henschel_tam_2ip,38.0,100.0,0.0,0.0,3.43,2.0,672.0,53.36,0.0,0.0,2.56,1.96,11.0,,,0.0,,2.0,TAM_2IP
uk_vickers_mbt_mk_1,39.0,50.0,0.0,0.0,1.71,1.57,160.0,35.72,0.0,0.0,2.67,2.12,11.0,50.0,0.0,0.0,1.0,2.0,Vickers_Mk.1
jp_m42_duster,39.0,25.76,0.77,1.0,0.36,0.63,509.0,56.15,0.2,0.16,0.75,0.62,0.0,,,,,,M42
germ_pzkpfw_II_ausf_H,39.0,84.09,0.19,0.5,8.69,19.21,80.0,0.0,0.0,0.0,9.67,2.06,0.0,,,,,,Pz.II_H
sw_ikv_91,30.0,62.5,0.1,0.1,3.6,4.1,449.0,47.62,0.0,0.0,1.23,0.89,0.0,,,,,,Ikv_91
douglas_ad_2,43.0,100.0,4.0,2.89,3.0,1.88,91.0,43.01,0.3,0.29,0.95,0.94,0.0,,,,,,AD-2
il_magach_6b_gal,37.0,69.23,0.0,0.0,1.0,1.0,206.0,47.97,0.0,0.0,1.53,1.56,0.0,,,,,,Magach_6B_Gal
spitfire_mk5b_italy,42.0,0.0,4.8,4.8,0.0,0.0,68.0,76.34,2.01,3.27,0.91,2.47,17.0,0.0,2.0,,0.0,,Spitfire_Mk_Vb/trop
f4u-4,38.0,100.0,3.0,0.72,1.0,0.74,124.0,100.0,1.36,0.75,3.21,1.24,0.0,,,,,,F4U-4
it_of_40_mtca,37.0,100.0,0.0,0.0,3.86,1.33,784.0,58.75,0.0,0.0,4.3,3.07,8.0,50.0,0.0,0.0,1.0,2.0,OF-40_(MTCA)
hurricane_mk1_late_finland,39.0,15.0,1.15,1.15,0.0,0.0,0.0,,,,,,0.0,,,,,,Hurricane_Mk_I/L
ussr_bmp_1,38.0,100.0,0.0,0.0,0.0,0.24,454.0,51.03,0.0,0.0,0.71,0.7,0.0,,,,,,BMP-1
fw-190a-1,40.0,62.5,3.63,5.43,0.33,0.79,41.0,100.0,1.0,1.0,2.0,2.0,0.0,,,,,,Fw_190_A-1
cn_ptz_89,37.0,69.23,0.0,0.0,2.38,2.31,65.0,90.86,0.0,0.0,3.01,2.39,0.0,,,,,,PTZ89
pe-2-205,40.0,89.29,0.11,0.14,3.75,4.18,0.0,,,,,,0.0,,,,,,Pe-2-205
sw_strv_m31,38.0,100.0,0.0,0.0,4.05,3.83,0.0,,,,,,0.0,,,,,,Strv_m/31
it_palmaria,36.0,0.0,0.0,0.0,5.0,2.21,41.0,46.3,0.0,0.0,1.18,2.22,0.0,,,,,,Palmaria
germ_raketenjagdpanzer_2_hot,39.0,50.0,0.0,0.0,1.5,1.0,62.0,29.41,0.0,0.0,0.79,0.98,0.0,,,,,,RakJPz_2_(HOT)
ussr_object_268,40.0,4.55,0.0,0.0,1.27,2.37,114.0,31.82,0.0,0.0,3.2,2.55,0.0,,,,,,Object_268
jp_type_99,39.0,50.0,0.0,0.0,1.0,1.56,337.0,61.23,0.0,0.0,1.28,0.95,0.0,,,,,,Type_99
ussr_t_34E,37.0,82.35,0.0,0.0,1.65,2.22,77.0,100.0,0.0,0.0,6.12,3.42,0.0,,,,,,T-34E
p-61a_1,41.0,47.62,1.0,1.14,0.0,0.0,0.0,,,,,,28.0,100.0,1.0,1.0,4.0,4.0,P-61A-11
pe-3,38.0,100.0,1.06,1.06,6.77,6.77,0.0,,,,,,0.0,,,,,,Pe-3
thunderbolt_mk1,38.0,100.0,1.37,1.37,3.47,3.47,40.0,100.0,0.0,0.0,2.0,1.86,0.0,,,,,,Thunderbolt_Mk.1
germ_stug_III_ausf_F,37.0,100.0,0.0,0.0,8.0,5.38,77.0,44.74,0.0,0.0,2.97,5.11,0.0,,,,,,StuG_III_F
ta-152c,38.0,50.0,1.57,2.15,0.0,0.0,34.0,50.0,1.0,1.91,0.5,0.91,0.0,,,,,,Ta_152_C-3
typhoon_mk1b_late,38.0,0.0,4.92,5.1,0.54,0.28,181.0,50.01,0.97,1.62,1.62,2.76,11.0,,,0.82,,1.0,Typhoon_Mk_Ib/L
p-51d-30_usaaf_korea,37.0,100.0,2.0,0.33,0.83,0.61,99.0,54.52,1.21,1.57,0.82,0.69,4.0,100.0,9.0,3.0,0.0,0.0,P-51D-30
germ_thyssen_henschel_tam_2c,38.0,100.0,0.0,0.0,2.43,0.71,257.0,43.92,0.0,0.0,1.97,1.67,22.0,9.52,0.0,0.0,0.44,0.44,TAM_2C
il_namer_rcws_30,41.0,10.0,0.0,0.0,0.42,0.55,160.0,61.41,0.03,0.05,0.83,0.84,0.0,,,,,,Namer_30
germ_nbfz_VI,40.0,100.0,0.0,0.0,5.35,8.24,0.0,,,,,,0.0,,,,,,Nb.Fz.
it_leopard_2a7_hungary,36.0,61.76,0.0,0.0,3.71,5.1,82.0,88.97,0.0,0.0,7.2,6.53,0.0,,,,,,Leopard_2A7HU
p-47d_22_re_france,37.0,100.0,1.53,0.71,10.0,5.32,42.0,69.44,0.11,0.1,0.5,0.7,0.0,,,,,,P-47D-22-RE
germ_flakpanzer_I_ausf_A,36.0,100.0,0.0,0.0,3.6,10.0,16.0,,,1.0,,1.0,0.0,,,,,,Flakpanzer_I
uk_churchill_na75,38.0,100.0,0.0,0.0,2.11,4.0,8.0,,,0.0,,4.5,0.0,,,,,,Churchill_NA75
su_33,42.0,50.0,1.52,1.41,0.49,0.45,862.0,47.03,1.2,1.21,0.04,0.04,0.0,,,,,,Су-33
bf-109f-4_hungary,39.0,53.57,6.04,10.09,0.78,1.28,203.0,93.78,1.21,0.71,3.07,2.04,0.0,,,,,,◐Bf_109_F-4
spitfire_mk14e,40.0,,,2.2,,0.0,19.0,100.0,1.42,1.0,0.26,1.0,0.0,,,,,,Spitfire_F_Mk_XIVe
uk_chieftain_900,38.0,67.39,0.0,0.0,1.3,1.3,121.0,56.67,0.0,0.0,2.05,2.0,0.0,,,,,,Chieftain_900
fr_amx_13_fl_11,35.0,100.0,0.0,0.0,5.0,2.12,178.0,83.33,0.0,0.0,4.41,1.81,0.0,,,,,,AMX-13_(FL11)
saab_j29f,34.0,50.0,6.47,12.94,0.12,0.24,23.0,50.0,0.5,1.0,1.5,3.0,0.0,,,,,,J29F
firefly_mk5,34.0,100.0,1.26,1.26,9.79,9.79,17.0,100.0,0.0,0.0,1.0,1.0,0.0,,,,,,Firefly_FR_Mk_V
yak-3_france,34.0,100.0,11.24,5.62,0.0,0.0,68.0,97.22,3.54,3.74,1.42,1.32,16.0,,,,,,Yak-3
sw_leopard_2a6nl,38.0,50.0,0.0,0.0,1.92,3.84,85.0,27.78,0.0,0.0,3.67,2.49,0.0,,,,,,Leopard_2A6
i-16_type27,37.0,100.0,3.68,2.41,0.0,0.0,4.0,100.0,2.0,,6.0,,0.0,,,,,,I-16_type_27
uk_centurion_mk_3,38.0,50.0,0.0,0.0,1.11,2.21,113.0,31.82,0.0,0.0,1.45,1.05,0.0,,,,,,Centurion_Mk_3
p-51d-20_china,36.0,100.0,1.77,1.26,0.23,0.57,71.0,100.0,0.0,0.23,2.0,1.03,0.0,,,,,,P-51D-20_(China)
cn_ztz_96,36.0,62.5,0.0,0.0,2.25,1.4,345.0,60.28,0.0,0.0,3.36,3.19,0.0,,,,,,ZTZ96
p-39n,34.0,,,2.57,,0.8,23.0,50.0,0.2,0.18,0.5,1.0,0.0,,,,,,P-39N-0
it_stug_III_ausf_G,37.0,97.53,0.0,0.0,1.85,1.77,77.0,45.83,0.0,0.0,1.54,2.08,0.0,,,,,,StuG_III_G
yak-38m,35.0,53.33,2.8,1.36,0.53,0.16,10.0,0.0,0.0,0.0,0.0,0.0,0.0,,,,,,Yak-38M
spitfire_xvi,39.0,43.75,4.25,2.62,1.38,0.79,19.0,0.0,3.0,1.0,0.0,0.0,0.0,,,,,,Spitfire_F_Mk_XVI
jp_type_97_chi_ha_12cm,35.0,100.0,0.0,,9.2,,0.0,,,,,,0.0,,,,,,Chi-Ha_Short_Gun
germ_kv_1B_finland,35.0,100.0,0.0,,4.79,,181.0,51.6,0.0,0.0,7.07,3.88,0.0,,,,,,KV-IB
morko_morane,34.0,100.0,12.5,11.58,0.0,0.0,41.0,37.5,0.8,1.35,0.38,0.75,0.0,,,,,,Mörkö-Morane
cn_t_80ud_478be,35.0,98.0,0.0,0.0,2.84,2.92,55.0,50.0,0.0,0.0,1.46,1.41,0.0,,,,,,T-80UD/BE
uk_fv4202,37.0,,,0.0,,4.0,60.0,1.72,0.0,0.0,1.33,0.81,0.0,,,,,,FV4202
cn_object_211,33.0,50.0,0.0,0.0,1.81,1.89,47.0,50.0,0.0,0.0,1.0,0.94,0.0,,,,,,Object_211
f-5e,34.0,100.0,2.1,2.15,0.0,0.0,108.0,51.05,1.25,2.61,0.87,1.8,0.0,,,,,,F-5E
ussr_2s3m,35.0,91.67,0.0,0.0,4.25,3.5,130.0,38.0,0.0,0.0,0.8,0.35,0.0,,,,,,2S3M
f-8e,33.0,100.0,1.4,1.42,0.0,0.0,38.0,50.0,1.5,3.0,0.0,0.0,4.0,,,3.0,,0.0,F-8E
us_m901_itv,40.0,33.33,0.0,0.0,1.0,0.8,117.0,47.85,0.0,0.0,1.65,1.47,0.0,,,,,,M901
germ_mkpz_m48a2c,30.0,69.45,0.0,0.0,1.33,0.73,365.0,27.16,0.0,0.0,0.85,0.8,51.0,30.43,0.0,0.0,1.5,1.55,M48A2_C
us_m26_t99,38.0,100.0,0.13,0.11,9.27,6.2,177.0,64.89,0.0,0.0,3.45,2.86,0.0,,,,,,M26_T99
tis_ma,35.0,93.59,0.36,0.38,6.38,6.54,149.0,80.39,0.7,0.62,8.4,6.58,71.0,100.0,0.83,0.86,7.14,7.4,TIS_MA
la-15,31.0,52.22,2.78,3.44,0.82,0.89,20.0,,,1.0,,0.0,0.0,,,,,,La-15
cn_ztz_99_w,35.0,100.0,0.0,0.0,3.4,2.98,144.0,39.78,0.0,0.0,1.36,1.14,0.0,,,,,,ZTZ99-III
pe-2-31,33.0,100.0,0.02,0.02,3.34,3.56,0.0,,,,,,0.0,,,,,,Pe-2-31
us_stingray,36.0,100.0,0.0,0.0,1.0,1.0,623.0,48.17,0.0,0.0,1.73,1.48,0.0,,,,,,Stingray
us_m60a2,35.0,,,0.0,,1.0,61.0,80.7,0.0,0.0,1.29,1.5,0.0,,,,,,M60A2
f-84g_thailand,34.0,,,0.23,,0.27,0.0,,,,,,0.0,,,,,,F-84G-21-RE
us_lav_ad,32.0,50.0,1.7,3.4,0.5,1.0,750.0,50.85,0.41,0.34,0.58,0.49,0.0,,,,,,LAV-AD
spitfire_mk5b_notrop,33.0,100.0,2.47,3.71,0.71,1.0,0.0,,,,,,0.0,,,,,,Spitfire_Mk_Vb
mig_23mla,34.0,50.0,1.76,2.0,0.0,0.0,158.0,48.84,1.31,1.63,0.34,0.35,0.0,,,,,,◊MiG-23MLA
us_m4a3e2_sherman_jumbo_cobra_king,32.0,50.0,0.0,0.0,2.73,2.73,104.0,62.28,0.0,0.0,3.81,2.26,0.0,,,,,,Cobra_King
uk_centurion_mk_10,32.0,50.0,0.0,0.0,1.86,1.33,84.0,47.85,0.0,0.0,2.4,2.3,15.0,100.0,0.0,0.0,4.0,2.09,Centurion_Mk_10
wm_23,35.0,43.75,2.25,3.05,1.44,1.81,0.0,,,,,,0.0,,,,,,◔WM-23
yak-9m,36.0,100.0,9.95,8.61,0.0,0.0,9.0,100.0,9.0,,3.0,,0.0,,,,,,Golovachev's_Yak-9M
it_oto_r3_t20_fa,34.0,30.77,1.0,1.0,0.69,0.85,190.0,36.53,0.18,0.06,0.69,0.23,0.0,,,,,,R3_T20_FA-HS
mig_23ml,35.0,,,1.63,,0.0,740.0,55.61,1.59,1.72,0.12,0.14,45.0,,,1.52,,0.0,MiG-23ML
firefly_mk4_netherlands,32.0,100.0,3.0,1.91,1.0,0.92,35.0,100.0,0.67,0.67,2.86,2.86,0.0,,,,,,◘Firefly_F.Mk.IV
sw_strv_m40l,35.0,100.0,0.0,0.0,2.35,2.72,25.0,,,0.0,,0.86,0.0,,,,,,Strv_m/40L
uk_concept3_ngac,32.0,100.0,0.0,0.0,4.5,4.45,324.0,52.52,0.0,0.0,2.38,1.37,0.0,,,,,,Concept_3
jh_7,33.0,58.33,0.58,1.0,0.58,0.28,0.0,,,,,,0.0,,,,,,JH-7
ussr_9a35_m2,31.0,35.71,0.79,,0.0,,50.0,31.67,1.46,1.2,0.0,0.0,0.0,,,,,,Strela-10M2
mig_23mld,33.0,49.33,0.74,1.52,0.0,0.0,304.0,68.34,2.81,7.04,0.0,0.0,59.0,,,1.55,,0.0,MiG-23MLD
sw_t_55m,33.0,6.52,0.0,0.0,1.87,1.87,146.0,53.02,0.0,0.0,1.59,1.96,0.0,,,,,,T-55M
mig_23m,33.0,16.67,0.92,1.5,0.0,0.0,83.0,67.78,0.86,1.13,0.0,0.0,0.0,,,,,,MiG-23M
tu-2_postwar_late,32.0,50.0,0.0,0.0,0.0,0.0,102.0,100.0,0.16,0.12,6.24,2.98,1.0,100.0,0.0,,2.0,,Tu-2S-59
yak-4,32.0,100.0,0.63,0.54,5.92,5.64,0.0,,,,,,0.0,,,,,,Yak-4
it_pzkpfw_VI_ausf_e_tiger,34.0,100.0,0.0,0.0,19.0,9.5,270.0,68.86,0.0,0.0,5.47,4.52,4.0,100.0,0.0,0.0,5.0,5.0,Tigris
germ_leopard_2a4,32.0,100.0,0.0,0.0,3.74,3.74,1168.0,50.83,0.0,0.0,1.54,1.32,57.0,33.79,0.0,0.0,1.07,1.63,Leopard_2A4
spitfire_f22,36.0,93.57,2.7,2.74,1.16,1.23,0.0,,,,,,0.0,,,,,,Spitfire_F_Mk_22
do_335a_0,30.0,100.0,8.86,4.43,0.0,0.35,27.0,100.0,1.0,0.75,5.06,3.53,0.0,,,,,,Do_335_A-0
fr_m10,34.0,100.0,0.0,0.0,4.75,3.92,158.0,54.32,0.0,0.0,2.62,1.61,0.0,,,,,,M10_GMC
us_t14,31.0,0.0,0.0,0.0,2.0,2.0,392.0,57.98,0.0,0.0,6.79,4.64,0.0,,,,,,T14
il_machbet,31.0,5.88,1.88,1.58,0.0,0.0,97.0,35.27,0.57,0.8,0.0,0.0,0.0,,,,,,Machbet
spitfire_mk5b,31.0,100.0,2.71,5.8,0.18,0.6,5.0,100.0,1.0,1.0,0.0,0.0,0.0,,,,,,Spitfire_Mk_Vb/trop
il_merkava_mk_3b,35.0,50.0,0.0,0.0,2.28,2.94,190.0,70.94,0.0,0.0,2.76,3.0,0.0,,,,,,Merkava_Mk.3B
ussr_bmp_3,33.0,100.0,0.0,0.0,2.6,1.85,978.0,42.58,0.0,0.0,1.02,0.94,4.0,,,0.0,,0.0,BMP-3
it_p_26_40,31.0,100.0,0.0,0.0,2.65,2.06,35.0,100.0,0.0,0.0,9.0,4.65,0.0,,,,,,"P40_""G.C._Leoncello"""
p-63c-5_france,31.0,81.06,0.46,1.8,1.25,0.8,104.0,77.63,0.68,0.78,2.63,2.22,0.0,,,,,,P-63C-5
uk_charioteer_mk_7,34.0,100.0,0.0,0.0,1.74,1.74,179.0,52.15,0.0,0.0,2.98,2.15,0.0,,,,,,Charioteer_Mk_VII
fr_panhard_ebr_1963,32.0,50.0,0.0,0.0,1.0,1.0,242.0,50.87,0.0,0.0,2.64,2.04,0.0,,,,,,E.B.R._(1963)
sw_a_34_comet,32.0,,,,,,56.0,0.0,0.0,0.0,1.83,1.19,0.0,,,,,,Comet_I
it_m15_42_contraereo,34.0,11.76,4.68,6.38,0.74,1.0,284.0,49.34,1.96,1.35,0.42,0.32,0.0,,,,,,M42_Contraereo
su_25,31.0,47.83,0.57,0.9,1.91,3.35,342.0,52.41,0.68,0.59,1.76,1.53,15.0,,,,,,Su-25
p-61c_1,33.0,,,1.06,,2.0,73.0,42.73,0.95,1.24,0.31,0.44,0.0,,,,,,P-61C-1
vb_10_02,29.0,,,3.25,,0.0,14.0,,,1.0,,1.0,0.0,,,,,,VB.10-02
uk_sherman_II,31.0,100.0,0.0,0.0,3.06,3.19,14.0,,,0.0,,2.22,0.0,,,,,,Sherman_II
jp_type_95_so_ki,29.0,,,,,,121.0,57.14,0.2,0.08,0.0,0.0,0.0,,,,,,So-Ki
ussr_pt_76b,31.0,,,0.0,,2.04,484.0,44.58,0.0,0.0,1.45,0.82,0.0,,,,,,PT-76B
f-4c,31.0,100.0,5.0,3.57,1.0,0.71,64.0,94.09,1.37,0.88,2.45,1.6,1.0,,,0.0,,0.0,F-4C_Phantom_II
us_xm_975_roland,29.0,100.0,3.0,3.0,1.47,1.5,9.0,,,0.0,,0.0,0.0,,,,,,XM975
sb2u-3,29.0,50.0,1.0,2.0,1.0,2.0,0.0,,,,,,0.0,,,,,,SB2U-3
cn_ztz_99,31.0,100.0,0.0,0.0,2.8,2.8,198.0,39.18,0.0,0.0,1.76,1.38,0.0,,,,,,ZTZ99-II
cn_cm_34,30.0,100.0,0.0,0.0,3.0,1.5,124.0,63.33,0.0,0.0,2.46,2.06,4.0,,,0.0,,1.0,CM34
us_m5a1_stuart,28.0,50.0,0.0,0.0,1.5,3.0,199.0,39.14,0.0,0.0,3.18,1.84,0.0,,,,,,M5A1
il_magach_6_rocket,27.0,50.0,0.0,0.0,2.35,1.79,256.0,82.3,0.0,0.0,4.25,2.98,0.0,,,,,,Magach_Hydra
fiat_g91_ys,27.0,88.89,3.78,1.68,0.11,0.11,34.0,100.0,0.0,0.0,2.67,2.23,0.0,,,,,,G.91_YS
bf-109g-6,31.0,0.0,4.0,3.56,0.19,0.19,54.0,100.0,9.59,4.25,1.82,0.75,0.0,,,,,,Bf_109_G-6
uk_challenger_1,32.0,50.0,0.0,0.0,1.44,1.16,140.0,5.91,0.0,0.0,5.87,2.44,4.0,,,0.0,,0.0,Challenger_Mk.2
p-36a,29.0,50.0,1.21,1.96,0.0,0.0,0.0,,,,,,0.0,,,,,,P-36A
fr_leclerc_s1,28.0,50.0,0.0,0.0,1.28,1.13,94.0,79.47,0.0,0.0,3.88,2.52,0.0,,,,,,Leclerc
il_amx_13_75,30.0,50.0,0.0,0.0,0.0,0.0,75.0,0.0,0.0,0.0,2.5,0.87,14.0,,,,,,AMX-13_(Israel)
f6f-3,28.0,100.0,1.0,1.0,7.21,5.88,128.0,60.14,0.26,0.17,1.1,1.29,0.0,,,,,,F6F-5
he_115a_2_sweden,28.0,100.0,1.0,1.0,6.74,7.73,0.0,,,,,,0.0,,,,,,T_2
b7a2,27.0,50.0,1.41,2.82,3.45,6.91,12.0,100.0,1.5,,5.17,,0.0,,,,,,B7A2
spitfire_mk14c,29.0,,,4.59,,0.0,19.0,100.0,2.0,2.0,0.0,0.0,0.0,,,,,,Spitfire_F_Mk_XIVc
p-63c-5_ussr,28.0,100.0,1.0,1.0,2.1,2.1,52.0,50.0,1.0,1.04,1.11,1.46,0.0,,,,,,P-63C-5
us_m1a2_sep2_abrams_trophy,34.0,88.16,0.0,0.0,3.49,3.95,1521.0,57.64,0.0,0.0,2.5,1.94,0.0,,,,,,M1A2_(Trophy-HV)
germ_sdkfz_222,30.0,100.0,0.0,0.0,3.2,2.41,61.0,100.0,0.0,0.0,4.32,1.99,0.0,,,,,,Sd.Kfz.222
germ_leopard_2a5_pso,31.0,85.0,0.0,0.0,2.7,4.0,749.0,47.01,0.0,0.0,1.59,1.5,0.0,,,,,,Leopard_2_PSO
ussr_bt_7_m,30.0,100.0,0.0,0.0,4.5,3.27,43.0,,,0.0,,3.0,16.0,,,,,,BT-7M
us_m4a3e2_sherman_jumbo,30.0,77.78,0.22,0.43,1.98,2.33,293.0,51.4,0.0,0.0,4.79,1.91,0.0,,,,,,M4A3E2
p-51c-10_france,30.0,,,,,,0.0,,,,,,7.0,,,,,,F-6C-10-NA
bv-155b-1,28.0,100.0,1.0,1.0,0.0,0.0,27.0,,,2.0,,1.0,0.0,,,,,,BV_155_B-1
ussr_su_152,26.0,,,0.0,,1.44,75.0,,,0.0,,1.9,0.0,,,,,,SU-152
mig-21_f13,31.0,50.0,3.5,2.3,0.0,0.0,152.0,45.92,1.25,1.5,0.0,0.0,0.0,,,,,,MiG-21F-13
us_m103,30.0,50.0,0.0,0.0,0.63,1.25,118.0,24.93,0.0,0.0,2.49,2.1,6.0,100.0,0.0,0.0,1.0,1.0,M103
il_hunter_afv,29.0,,,0.0,,0.0,110.0,72.58,0.0,0.0,1.02,0.98,0.0,,,,,,Hunter_AFV
ussr_type_65_aa,30.0,100.0,0.0,,0.0,,0.0,,,,,,0.0,,,,,,Phòng_không_T-34
p-47d_16_re_germany,29.0,100.0,5.04,4.97,1.0,1.0,0.0,,,,,,0.0,,,,,,P-47D-16-RE
j6k1,29.0,94.0,5.58,5.44,0.42,0.4,129.0,56.25,3.49,3.43,1.25,1.28,14.0,100.0,2.0,1.25,5.0,2.75,J6K1
it_sherman_VII,29.0,,,0.0,,5.4,26.0,100.0,0.0,0.0,3.43,3.43,0.0,,,,,,M4_Tipo_IC
ju-88a-1,29.0,100.0,0.0,0.0,8.0,5.35,0.0,,,,,,0.0,,,,,,Ju_88_A-1
fiat_g91_y,25.0,88.89,6.89,2.77,0.0,0.0,6.0,100.0,3.33,0.0,1.0,1.0,0.0,,,,,,G.91_Y
us_m60a1_rise_passive_era,24.0,66.67,0.3,0.5,1.7,2.5,270.0,60.3,0.0,0.0,2.02,1.68,0.0,,,,,,M60A1_RISE_(P)
il_2_m82,29.0,100.0,1.0,1.0,1.33,1.21,0.0,,,,,,0.0,,,,,,IL-2_M-82
cn_is_2_1943,26.0,0.0,0.0,0.0,4.46,4.46,109.0,19.24,0.0,0.0,2.43,1.0,0.0,,,,,,IS-2_(China)
su_24m,29.0,0.0,1.0,1.0,1.24,1.4,167.0,69.3,0.27,0.3,1.39,1.29,35.0,,,,,,Су-24М
f-86k_late_italy,26.0,61.11,1.39,1.18,0.39,0.18,6.0,,,0.0,,0.0,0.0,,,,,,F-86K
uk_challenger_1_mk_3_gulf,28.0,68.75,0.0,0.0,1.81,1.85,525.0,53.31,0.0,0.0,2.94,2.22,0.0,,,,,,Challenger_DS
ussr_is_6,30.0,25.0,0.0,0.0,2.8,2.95,169.0,57.74,0.0,0.0,3.72,3.06,12.0,,,0.0,,1.0,IS-6
f-4e,26.0,100.0,3.0,1.63,1.0,0.33,936.0,77.73,3.01,5.25,0.63,1.1,26.0,,,1.41,,2.32,F-4E_Phantom_II
he-162a-2,30.0,,,0.93,,0.0,171.0,54.23,2.4,3.0,0.61,0.77,0.0,,,,,,He_162_A-2
germ_sdkfz_251_21,28.0,50.0,1.0,1.0,0.0,0.0,262.0,31.84,1.52,0.93,0.82,0.54,0.0,,,,,,Sd.Kfz.251/21
a_6e_tram,26.0,,,3.0,,0.27,181.0,50.21,0.08,0.12,2.07,3.84,59.0,11.76,0.24,0.06,0.88,0.23,A-6E_TRAM
ki_43_1,25.0,,,7.9,,0.0,4.0,,,,,,0.0,,,,,,Ki-43-I
sw_strv_m39,26.0,100.0,0.0,0.0,6.17,6.17,0.0,,,,,,0.0,,,,,,Strv_m/39
cn_m4a4_sherman,25.0,100.0,0.0,0.0,3.25,3.57,59.0,43.65,0.0,0.0,2.07,3.47,0.0,,,,,,M4A4_(China)
germ_m44,27.0,79.63,0.0,0.0,2.06,2.67,95.0,0.0,0.0,0.0,2.74,1.34,0.0,,,,,,M44
do_217e_4,26.0,,,0.0,,4.0,0.0,,,,,,0.0,,,,,,Do_217_E-4
us_t34,29.0,100.0,0.0,0.0,0.85,1.0,908.0,57.98,0.0,0.0,2.17,1.69,13.0,,,0.0,,1.0,T34
us_adats_bradley,28.0,40.0,0.4,0.5,0.3,0.3,434.0,49.59,0.91,0.59,0.25,0.17,0.0,,,,,,ADATS
sw_strv_103c,25.0,100.0,0.0,,3.0,,17.0,0.0,0.0,0.0,1.0,1.0,0.0,,,,,,Strv_103С
jp_type_2_ho_ni_2,28.0,100.0,0.0,0.0,3.5,2.83,0.0,,,,,,0.0,,,,,,Ho-Ni_II
ussr_9a33bm3,28.0,50.0,2.0,4.0,0.0,0.0,67.0,37.03,0.69,0.77,0.0,0.0,0.0,,,,,,Оса-АКМ
sb_2m_105,27.0,88.1,0.11,0.14,2.96,3.14,0.0,,,,,,0.0,,,,,,SB_2M-105
sw_pvkv_iv,25.0,,,0.0,,2.47,42.0,50.0,0.0,0.0,0.5,0.12,0.0,,,,,,Pvkv_IV
itp_m1,25.0,100.0,3.25,2.29,1.63,1.4,73.0,70.68,0.75,0.76,1.29,1.31,0.0,,,,,,ITP_(M-1)
uk_challenger_2_tes,28.0,50.0,0.0,0.0,1.4,2.0,107.0,50.0,0.0,0.0,2.07,2.14,0.0,,,,,,Challenger_2_TES
sb2c_5_thailand,26.0,,,0.22,,1.0,390.0,75.54,1.14,1.27,2.51,2.75,0.0,,,,,,SB2C-5
fr_vcac_mephisto,25.0,100.0,0.0,0.0,2.0,1.44,194.0,51.34,0.0,0.0,1.15,1.31,0.0,,,,,,MEPHISTO
sw_pvkv_m43_1946,24.0,,,0.0,,1.41,5.0,,,,,,0.0,,,,,,Pvkv_m/43_(1946)
sw_lago_1,26.0,,,0.0,,1.0,33.0,50.0,0.0,0.0,1.5,1.38,0.0,,,,,,Lago_I
f-86f-25,24.0,,,1.0,,0.5,19.0,,,1.0,,1.0,0.0,,,,,,F-86F-25
sw_strv_m42_delat_torn,26.0,,,0.0,,0.04,145.0,54.62,0.0,0.0,1.67,1.48,0.0,,,,,,Strv_m/42_DT
bf-110g-2,26.0,100.0,0.67,0.18,5.5,2.73,42.0,100.0,1.0,0.56,2.0,1.56,0.0,,,,,,Bf_110_G-2
spitfire_f24,30.0,78.89,2.75,2.95,2.65,2.75,142.0,66.83,1.49,2.23,0.99,1.42,0.0,,,,,,Spitfire_F_Mk_24
b-29,23.0,82.35,0.0,0.0,4.71,4.71,0.0,,,,,,0.0,,,,,,B-29A-BN
pe-3_early,24.0,100.0,2.0,1.11,3.0,3.56,0.0,,,,,,0.0,,,,,,Pe-3_(e)
il_centurion_shot_kal_alef,24.0,,,,,,54.0,97.33,0.0,0.0,1.24,0.8,0.0,,,,,,Sho't_Kal_Alef
ussr_kv_2_1940,24.0,100.0,1.0,0.89,3.43,2.79,41.0,50.0,0.0,0.0,0.64,1.29,0.0,,,,,,KV-2_(1940)
fr_crotale_ng,24.0,27.78,1.72,3.0,0.72,1.0,14.0,,,,,,0.0,,,,,,ItO_90M
p-51b,28.0,50.0,3.77,3.77,0.27,0.27,65.0,52.38,1.4,1.06,0.81,0.44,88.0,29.41,8.47,5.63,0.18,0.17,Mustang_Mk_IA
p-51d-10,26.0,100.0,0.43,0.56,1.29,1.38,26.0,50.0,1.16,2.32,0.36,0.73,0.0,,,,,,P-51D-10
lagg-3-35,24.0,100.0,4.87,4.92,1.26,1.08,0.0,,,,,,0.0,,,,,,LaGG-3-35
it_m26a1_pershing,27.0,100.0,0.0,0.0,5.0,3.82,65.0,39.68,0.0,0.0,1.59,1.44,13.0,,,0.0,,0.0,M26A1
a6m6c,25.0,100.0,2.0,2.0,0.0,0.0,84.0,25.81,2.44,2.05,1.44,1.31,0.0,,,,,,A6M6c
mc200_serie3_italy,26.0,100.0,3.18,2.82,0.0,0.0,0.0,,,,,,0.0,,,,,,C._200_serie_3
spitfire_mk9c_4cannons,24.0,100.0,3.14,3.14,0.29,0.29,1.0,,,1.0,,1.0,42.0,78.57,0.79,0.5,1.57,1.29,Spitfire_F_Mk_IXc
jp_halftrack_m16,25.0,,,,,,82.0,73.33,0.4,0.31,0.0,0.0,0.0,,,,,,M16_MGMC
bf2c_1,24.0,0.0,1.67,1.44,1.0,0.33,19.0,,,0.0,,0.0,0.0,,,,,,BF2C-1
germ_leopard_2pl,25.0,,,0.0,,0.92,887.0,38.63,0.0,0.0,1.38,1.22,42.0,0.0,0.0,0.0,1.0,0.21,Leopard_2_PL
mig-19j_6a,24.0,55.56,3.67,3.0,1.23,0.92,45.0,100.0,6.6,7.0,0.0,0.0,0.0,,,,,,J-6A
cn_pt_76,23.0,50.0,0.0,0.0,0.5,0.89,0.0,,,,,,0.0,,,,,,PT-76_(China)
jp_type_89b_i_go_otsu,25.0,,,,,,23.0,,,,,,0.0,,,,,,I-Go_Ko
f-86f-2,24.0,,,1.79,,0.0,80.0,90.97,2.09,3.63,0.28,0.5,0.0,,,,,,F-86F-2
il_m_51_w,25.0,100.0,0.0,0.0,1.52,1.64,90.0,45.14,0.0,0.0,1.61,1.3,0.0,,,,,,M-51_(W)
uk_g6_spg,25.0,100.0,0.0,0.0,0.08,0.08,25.0,,,0.0,,1.04,0.0,,,,,,G6
fr_leclerc_s2,24.0,0.0,0.0,0.0,1.0,0.66,129.0,45.83,0.0,0.0,3.19,3.02,0.0,,,,,,Leclerc_S2
uk_crusader_aa_mk_1,25.0,,,0.0,,0.0,132.0,0.0,0.0,0.0,1.03,0.48,0.0,,,,,,Crusader_AA_Mk_I
jp_type_98_ke_ni,25.0,,,0.0,,1.12,29.0,,,0.0,,2.0,0.0,,,,,,Ke-Ni
cn_wz_141,24.0,,,0.0,,3.0,72.0,100.0,0.0,0.0,7.14,2.85,0.0,,,,,,WZ141-1
alpha_jet_a_thailand,21.0,50.0,1.0,1.0,2.5,2.5,89.0,75.0,0.34,0.33,3.09,3.57,32.0,,,1.0,,2.0,Alpha_Jet_A
ju-87d-5,25.0,,,1.64,,2.16,10.0,,,1.0,,1.0,0.0,,,,,,Ju_87_D-5
sw_pbv_501,18.0,50.0,0.2,0.2,1.7,2.0,577.0,46.52,0.0,0.0,1.2,1.11,0.0,,,,,,Pbv_501
p-400,25.0,100.0,2.6,2.43,0.1,0.04,82.0,0.0,1.67,1.04,1.38,0.54,0.0,,,,,,P-400
germ_radpanzer_90,23.0,100.0,0.0,0.0,3.0,2.3,698.0,51.52,0.0,0.0,1.26,1.25,0.0,,,,,,Radkampfwagen_90
cn_type_59d,25.0,,,0.0,,2.08,144.0,39.6,0.0,0.0,2.14,2.33,0.0,,,,,,ZTZ59D1
sw_ikv_72,23.0,,,,,,9.0,,,0.0,,2.8,0.0,,,,,,Ikv_72
d_521,23.0,100.0,2.52,2.52,0.0,0.0,0.0,,,,,,0.0,,,,,,D.521
p-63a-10,23.0,0.0,1.0,1.0,0.0,0.0,145.0,62.53,0.05,0.08,0.69,0.85,3.0,,,,,,P-63A-10
germ_m55,24.0,63.33,0.0,0.0,1.0,1.58,124.0,0.0,0.0,0.0,4.82,1.38,0.0,,,,,,◄M55
d_520,23.0,100.0,1.86,1.32,0.0,0.0,0.0,,,,,,0.0,,,,,,D.520
uk_challenger_mk_3,25.0,45.83,0.0,0.0,0.94,1.13,77.0,55.0,0.0,0.0,2.48,2.14,11.0,50.0,0.0,0.0,0.5,1.0,Challenger_Mk.3
mc-202_d,26.0,100.0,3.0,2.3,1.0,0.3,0.0,,,,,,0.0,,,,,,C._202D
us_m19,24.0,,,,,,86.0,61.81,1.21,0.63,1.4,0.61,0.0,,,,,,M19A1
il_centurion_mk_5_shot,25.0,,,,,,65.0,80.11,0.0,0.0,1.97,2.47,0.0,,,,,,Sho't
ussr_2s38,23.0,38.89,0.56,0.75,0.67,1.43,1039.0,46.99,0.15,0.09,1.27,0.88,0.0,,,,,,2S38
ussr_t_72b3_arena_m,24.0,,,,,,185.0,43.93,0.0,0.0,1.84,1.49,38.0,100.0,0.0,0.0,1.88,0.4,Т-72Б3А
bf-110c-4,23.0,,,,,,0.0,,,,,,0.0,,,,,,Bf_110_C-7
hunter_f58_switzerland,23.0,85.0,10.5,8.14,0.0,0.0,519.0,66.05,1.27,1.51,1.29,1.51,0.0,,,,,,◌Hunter_F.58
beaufighter_mk6c,22.0,100.0,1.1,2.0,3.0,3.0,12.0,,,0.0,,1.0,0.0,,,,,,Beaufighter_Mk_VIc
it_semovente_m43_105_leoncello,21.0,100.0,0.0,0.0,3.94,3.94,0.0,,,,,,0.0,,,,,,"M43_""G.C.Leoncello"""
ussr_m4a2_76w_sherman,23.0,100.0,0.0,0.0,2.5,5.35,138.0,57.11,0.0,0.0,4.22,5.44,0.0,,,,,,M4A2
uk_conqueror_mk_2,26.0,50.0,0.0,0.0,2.29,3.9,154.0,62.62,0.0,0.0,3.16,2.12,8.0,50.0,0.0,0.0,2.5,5.0,Conqueror
su-8,23.0,100.0,0.39,0.39,2.09,2.09,50.0,65.28,0.7,0.21,3.05,2.01,0.0,,,,,,Su-8
spitfiremkii,25.0,,,4.21,,0.0,6.0,,,,,,0.0,,,,,,Spitfire_Mk_IIb
he_112a_0,23.0,,,1.54,,0.0,19.0,,,,,,0.0,,,,,,He_112_A-0
d4y2,24.0,,,,,,0.0,,,,,,0.0,,,,,,D4Y2
jp_type_97_kai,23.0,,,0.0,,1.0,49.0,,,0.0,,1.6,0.0,,,,,,Chi-Ha_Kai
mig_29_9_12,25.0,11.54,1.23,1.21,0.0,0.0,35.0,50.0,0.5,0.81,0.0,0.0,15.0,,,,,,МиГ-29_(9-12)
bf-109g-6_erla_finland,24.0,50.0,1.5,1.7,0.0,0.0,8.0,,,,,,0.0,,,,,,Bf_109_G-6_Erla
uk_a30_sp_avenger,23.0,100.0,0.0,,2.67,,51.0,100.0,0.0,0.0,9.25,3.78,0.0,,,,,,Avenger
jp_type_2_ho_i,23.0,,,,,,12.0,,,,,,0.0,,,,,,Ho-I
uk_as_90_mk_2,23.0,,,,,,121.0,,,0.0,,1.8,0.0,,,,,,AS90
f-89d,21.0,,,,,,227.0,70.29,2.82,6.52,0.08,0.23,0.0,,,,,,F-89D
f4u-1d,21.0,100.0,1.71,1.58,4.93,4.42,52.0,3.13,0.97,0.36,1.94,1.14,0.0,,,,,,F4U-1D
ia_58a_pucara,20.0,61.11,3.28,7.0,1.39,3.0,316.0,62.42,1.25,1.88,2.13,3.15,0.0,,,,,,IA.58A_Pucara
spitfire_ix_plagis,20.0,100.0,3.5,3.5,0.0,0.0,1.0,100.0,2.0,,0.0,,0.0,,,,,,Plagis'_Spitfire_LF_Mk_IXc
spitfire_ix,20.0,100.0,3.5,3.5,0.0,0.0,30.0,100.0,3.0,0.0,3.0,0.0,0.0,,,,,,Spitfire_LF_Mk_IX
a6m5otsu,20.0,0.0,7.7,3.85,1.0,0.5,98.0,76.92,1.41,1.33,1.3,1.2,0.0,,,,,,A6M5_otsu
il_2_1942_luftwaffe,21.0,100.0,1.0,1.0,1.71,1.83,0.0,,,,,,0.0,,,,,,IL-2_(1942)
it_m13_40_serie_1,23.0,,,0.0,,2.0,0.0,,,,,,0.0,,,,,,M13/40_(I)
f-105d,22.0,,,0.0,,3.0,29.0,0.0,1.0,0.14,1.33,0.19,2.0,,,,,,F-105D
fr_amx_30_auf_1,24.0,,,0.77,,1.0,20.0,,,0.0,,1.0,0.0,,,,,,AuF1
ussr_pantsyr_sm_sv,21.0,100.0,1.43,1.46,0.0,0.0,657.0,48.84,1.89,1.78,0.26,0.25,13.0,,,,,,Панцирь_СМ-СВ
p-51k,22.0,100.0,2.77,2.44,1.31,1.06,25.0,100.0,1.0,,0.96,,0.0,,,,,,P-51K_(China)
uk_m44,23.0,64.29,0.0,0.0,1.62,1.93,38.0,50.0,0.0,0.0,0.4,0.81,0.0,,,,,,M44
p-51d-20-na_iaf,21.0,,,0.81,,0.46,4.0,100.0,2.0,0.0,0.0,2.0,0.0,,,,,,P-51D-20-NA_(Israel)
fokker_d21_netherlands,21.0,19.05,1.33,1.33,0.0,0.0,0.0,,,,,,0.0,,,,,,◗Fokker_D.XXI
h-75a-4_france,21.0,19.05,1.19,1.19,0.0,0.0,0.0,,,,,,0.0,,,,,,H-75A-4
mig_29kr_9_41r,25.0,50.0,1.6,2.17,0.02,0.02,60.0,73.49,1.68,1.41,0.0,0.0,0.0,,,,,,МиГ-29КР_(9-41Р)
mc-202_italy,23.0,57.14,2.62,3.0,0.38,0.33,0.0,,,,,,0.0,,,,,,C._202
j7w1,24.0,,,1.59,,0.0,514.0,76.04,0.87,0.73,2.68,2.28,0.0,,,,,,J7W1
d_501,21.0,100.0,1.0,1.0,0.0,0.0,0.0,,,,,,0.0,,,,,,D.501
ki-96,22.0,,,1.0,,0.0,22.0,100.0,2.47,2.47,0.2,0.2,0.0,,,,,,Ki-96
jp_type_89,22.0,,,0.0,,1.0,312.0,66.85,0.0,0.0,1.88,1.65,17.0,,,0.0,,0.0,Type_89
ussr_it_1,25.0,46.43,0.0,0.0,0.64,1.18,160.0,51.18,0.0,0.0,2.18,1.35,0.0,,,,,,IT-1
lightning_f6,20.0,,,3.0,,0.0,36.0,50.0,1.06,2.11,1.25,2.58,0.0,,,,,,Lightning_F.6
d_500,22.0,,,,,,0.0,,,,,,0.0,,,,,,D.500
germ_leopard_a1a1_120,22.0,100.0,0.0,0.0,2.25,2.25,273.0,60.32,0.0,0.0,4.53,1.99,31.0,100.0,0.0,0.0,1.38,1.1,Leopard_A1A1_(L/44)
me-262a-1a_u4,20.0,0.0,9.15,3.29,1.0,0.0,728.0,47.85,0.65,0.81,2.82,3.36,1.0,,,0.0,,0.0,Me_262_A-1/U4
re_2002_early,22.0,50.0,1.0,2.0,0.5,1.0,0.0,,,,,,0.0,,,,,,Re.2002_Early
ms_410c1,22.0,,,,,,0.0,,,,,,0.0,,,,,,M.S.410
d_373,22.0,,,,,,0.0,,,,,,0.0,,,,,,D.373
su_17m2,21.0,,,0.0,,1.55,35.0,,,0.0,,0.29,0.0,,,,,,Su-17M2
it_m109g,21.0,,,,,,73.0,33.87,0.0,0.0,0.66,0.58,0.0,,,,,,M109G
us_m4_sherman_promo,21.0,,,,,,36.0,0.0,0.0,0.0,3.7,3.21,0.0,,,,,,M4
germ_panzerjager_tiger_P_ferdinand,19.0,95.83,0.04,0.06,2.59,2.69,217.0,25.75,0.0,0.0,3.64,2.15,0.0,,,,,,Ferdinand
ms_406c1,22.0,,,1.0,,0.0,0.0,,,,,,0.0,,,,,,M.S.406C1
d_371,22.0,,,,,,0.0,,,,,,0.0,,,,,,D.371
a_5c,20.0,53.85,0.54,1.0,0.0,0.0,225.0,53.81,0.61,0.65,0.75,0.98,0.0,,,,,,A-5C
ussr_btr_82at,19.0,0.0,0.0,0.0,0.0,0.0,394.0,43.88,0.0,0.0,1.46,1.24,0.0,,,,,,БТР-82АТ
fr_char_2c_bis,21.0,,,,,,0.0,,,,,,0.0,,,,,,2C_bis
mig-15bis_nr23_china,18.0,50.0,5.28,10.56,0.5,1.0,3.0,,,1.0,,0.0,0.0,,,,,,J-2
f1,18.0,50.0,4.89,9.78,0.61,1.22,67.0,58.13,1.69,2.93,0.38,0.69,0.0,,,,,,F-1
su-2_m82,20.0,100.0,1.0,0.85,7.33,7.18,0.0,,,,,,0.0,,,,,,Su-2_(M-82)
germ_pzkpfw_III_ausf_N,21.0,100.0,0.0,0.0,9.8,4.9,122.0,43.81,0.0,0.0,5.39,4.09,0.0,,,,,,Pz.III_N
do_217m_1,21.0,100.0,0.0,0.0,4.79,4.79,0.0,,,,,,0.0,,,,,,Do_217_M-1
il_tiran_6,18.0,50.0,0.0,0.0,1.5,3.0,39.0,75.0,0.0,0.0,2.5,1.33,0.0,,,,,,Tiran_6
pe-2-110,20.0,100.0,0.85,0.85,2.2,2.2,0.0,,,,,,0.0,,,,,,Pe-2-110
ussr_t_72m2_moderna,20.0,100.0,0.0,0.0,2.2,1.75,148.0,53.84,0.1,0.09,4.19,3.37,0.0,,,,,,T-72M2_Moderna
a6m3_mod22_zero,20.0,,,2.87,,0.47,36.0,50.0,0.5,1.0,0.5,1.0,0.0,,,,,,A6M3_mod._22
sagittario_2,19.0,0.0,2.0,1.41,0.0,0.0,22.0,66.67,1.0,1.5,1.7,2.5,51.0,21.05,7.11,8.21,0.0,0.0,Sagittario_2
z_1007_bis_serie5,21.0,100.0,0.0,0.0,1.2,1.19,0.0,,,,,,0.0,,,,,,Z.1007_bis_serie_5
go229_v3,22.0,50.0,1.3,1.83,0.0,0.0,119.0,63.13,0.87,1.44,3.19,5.18,0.0,,,,,,Ho_229_V3
ki_61_1a_otsu,19.0,57.69,1.27,1.63,0.73,0.81,49.0,66.67,0.3,0.5,1.0,1.5,0.0,,,,,,Ki-61-I_otsu
a6m2_zero_usa,21.0,0.0,3.22,3.05,0.0,0.0,4.0,,,,,,0.0,,,,,,A6M2
us_m46_patton,22.0,100.0,0.0,0.0,5.0,3.5,410.0,60.98,0.0,0.0,1.95,1.98,0.0,,,,,,M46
sw_ikv_103,15.0,50.0,0.0,0.0,1.5,1.5,49.0,47.92,0.0,0.0,0.36,0.33,0.0,,,,,,Ikv_103
a6m2_zero,21.0,,,1.0,,0.0,11.0,,,0.0,,1.0,0.0,,,,,,A6M2
us_m42_duster,19.0,100.0,0.0,0.0,0.0,0.0,208.0,54.19,0.69,0.66,1.55,1.36,0.0,,,,,,M42
pb4y-2_china,21.0,100.0,1.0,0.12,4.75,1.15,0.0,,,,,,0.0,,,,,,PB4Y-2_(China)
me-410a-1_u2,19.0,,,0.0,,0.0,4.0,,,0.0,,0.0,0.0,,,,,,Me_410_A-1/U2
il_tiran_4_sh,19.0,,,,,,48.0,100.0,0.0,0.0,1.0,0.52,0.0,,,,,,Tiran_4S
bb-1,21.0,100.0,2.85,2.82,5.4,4.71,124.0,65.09,1.28,2.3,4.87,9.86,0.0,,,,,,BB-1
hurricanemkii,18.0,100.0,3.43,3.73,1.5,1.43,23.0,,,0.0,,0.0,0.0,,,,,,Hurricane_Mk_IIB/Trop
z_1007_bis_serie3,20.0,,,,,,0.0,,,,,,0.0,,,,,,Z.1007_bis_serie_3
f8u-2,19.0,50.0,6.5,2.6,0.0,0.0,319.0,45.21,1.03,1.18,0.04,0.04,16.0,,,,,,F8U-2
ussr_zis_43,18.0,100.0,1.0,1.0,1.0,1.0,8.0,0.0,0.0,0.0,1.38,1.38,0.0,,,,,,ZiS-43
p_108b_serie1,21.0,,,0.0,,4.15,0.0,,,,,,0.0,,,,,,P.108B_serie_1
ussr_kv_2_1939,18.0,,,,,,98.0,37.04,0.0,0.0,1.71,1.19,0.0,,,,,,KV-2_(1939)
mig_29_9_12_germany,21.0,50.0,2.0,2.0,0.0,0.0,56.0,42.86,0.95,0.88,0.09,0.03,18.0,,,1.88,,0.0,◊MiG-29
jp_type_74_mod_g_kai,21.0,78.57,0.0,0.0,3.14,3.14,235.0,54.22,0.0,0.0,2.84,1.74,0.0,,,,,,Type_74_(G)
su-7bkl,20.0,63.33,0.77,0.75,1.0,1.35,22.0,0.0,1.0,1.0,1.5,1.5,0.0,,,,,,Su-7BKL
fokker_d23,18.0,100.0,2.33,2.5,0.0,0.0,0.0,,,,,,0.0,,,,,,◗Fokker_D.XXIII
su_30sm,19.0,0.0,2.0,2.0,0.0,0.0,360.0,61.66,1.37,1.83,0.88,1.17,38.0,,,1.0,,0.0,Су-30СМ
it_c1_ariete,20.0,,,,,,26.0,100.0,0.0,0.0,2.71,2.77,0.0,,,,,,Ariete
a6m2_mod11,20.0,43.75,1.98,3.69,0.0,0.0,52.0,100.0,0.82,0.91,0.0,0.0,0.0,,,,,,A6M2_mod._11
ussr_btr_zd,18.0,0.0,2.0,2.0,1.0,1.0,255.0,61.18,0.57,0.41,1.77,1.27,0.0,,,,,,BTR-ZD
germ_leopard_2a5,20.0,,,,,,779.0,52.9,0.0,0.0,2.45,1.72,1.0,0.0,0.0,0.0,0.0,0.0,Leopard_2A5
ussr_bmp_2,18.0,,,,,,666.0,41.88,0.0,0.0,1.52,1.15,0.0,,,,,,BMP-2
germ_flakpanzer_zerstorer_45,19.0,,,,,,232.0,8.98,0.63,0.6,0.1,0.09,0.0,,,,,,Zerstörer_45
cn_object_122tm,19.0,35.0,0.0,0.0,1.45,1.8,225.0,59.83,0.0,0.0,3.12,1.73,1.0,,,,,,"Object_122MT_""MC"""
mig-21_mf,18.0,,,0.28,,0.0,204.0,56.44,1.46,1.73,0.22,0.25,7.0,,,,,,◊MiG-21MF
bf-109g-2_hungary,18.0,100.0,8.0,6.56,0.0,0.0,30.0,70.37,0.65,0.7,0.19,0.19,5.0,,,0.0,,0.0,◐Bf_109_G-2
fr_b1_ter,19.0,,,,,,17.0,100.0,0.0,0.0,3.23,2.94,0.0,,,,,,B1_ter
pby-5a_ussr,20.0,100.0,0.65,1.0,5.0,5.0,0.0,,,,,,0.0,,,,,,PBY-5A_Catalina
yak-30d,16.0,100.0,3.0,3.0,2.0,2.0,0.0,,,,,,0.0,,,,,,Yak-30D
cn_m10,16.0,,,0.0,,2.86,51.0,100.0,0.0,0.0,3.0,1.31,0.0,,,,,,M10_GMC_(China)
ussr_t_90m_arena_m,19.0,100.0,0.0,,2.44,,919.0,57.49,0.0,0.0,2.14,1.73,0.0,,,,,,Т-90М_(Арена-М)
fr_leopard_1a5be,18.0,,,,,,219.0,56.84,0.0,0.0,1.11,1.06,13.0,,,0.0,,0.0,Leopard_1A5BE
hurricanemkii_ussr,18.0,100.0,4.33,6.0,0.0,0.0,2.0,,,,,,0.0,,,,,,Hurricane_Mk_IIB
fr_bat_chat_25t,17.0,,,0.0,,2.0,302.0,63.59,0.0,0.0,2.98,2.1,12.0,,,,,,Char_25t
mig_3_series_34,18.0,,,,,,0.0,,,,,,0.0,,,,,,MiG-3-34
fr_amx_13_75,18.0,21.43,0.0,0.0,2.36,2.61,253.0,64.96,0.0,0.0,1.63,1.35,0.0,,,,,,AMX-13
sw_ikv_73,19.0,100.0,0.0,0.0,5.16,5.16,13.0,,,0.0,,1.38,0.0,,,,,,Ikv_73
a6m5_zero,19.0,50.0,1.75,3.5,0.0,0.0,144.0,61.28,0.67,0.85,0.43,0.6,0.0,,,,,,A6M5
ki_100_2,18.0,,,1.0,,0.0,41.0,90.0,1.27,1.31,1.77,1.96,0.0,,,,,,Ki-100-II
germ_boxer_swatrinf,19.0,,,,,,108.0,27.17,0.06,0.06,0.51,0.44,6.0,,,0.0,,1.0,sWaTrgInf
f-86a-5,18.0,,,0.0,,0.0,107.0,69.78,1.97,1.5,1.73,1.42,0.0,,,,,,F-86A-5
caudron_cr714,19.0,,,1.84,,0.0,0.0,,,,,,0.0,,,,,,C.R.714
cn_type_63_I,17.0,,,,,,135.0,43.33,0.0,0.0,0.59,0.51,0.0,,,,,,Type_63-I
us_m4a1_1942_sherman,18.0,100.0,0.0,0.0,1.21,1.2,73.0,71.43,0.0,0.0,3.71,2.14,0.0,,,,,,M4A1
germ_pzsfl_IVa_dickermax,17.0,,,,,,39.0,0.0,0.0,0.0,5.13,3.41,0.0,,,,,,Dicker_Max
germ_bmp_1_ddr,17.0,,,,,,130.0,38.84,0.0,0.0,1.0,0.73,0.0,,,,,,SPz_BMP-1
germ_pzkpfw_III_ausf_L,18.0,,,,,,22.0,0.0,0.0,0.0,2.0,2.0,0.0,,,,,,Pz.III_L
us_m56_scorpion,17.0,100.0,0.0,0.0,2.69,3.31,260.0,47.54,0.0,0.0,2.12,1.28,0.0,,,,,,M56
fr_m4a4_sherman,17.0,100.0,0.0,0.0,4.88,4.88,31.0,95.83,0.0,0.0,4.63,4.57,0.0,,,,,,M4A4
ussr_rbt_5,17.0,100.0,0.0,,3.06,,26.0,71.88,0.0,0.0,0.28,0.35,0.0,,,,,,RBT-5
uk_a_13_mk2_1939,18.0,100.0,0.0,0.0,2.39,2.39,24.0,,,0.0,,1.0,0.0,,,,,,A13_Mk_II_1939
su-2_tss1,16.0,,,0.0,,2.38,0.0,,,,,,0.0,,,,,,Su-2_TSS-1
il_merkava_mk_3c,20.0,66.67,0.0,0.0,2.56,2.56,140.0,44.87,0.0,0.0,2.89,2.24,0.0,,,,,,Merkava_Mk.3C
mig-21_bis_lazur,17.0,,,1.0,,1.0,549.0,46.39,1.41,1.52,0.34,0.35,0.0,,,,,,"◊MiG-21_""Lazur-M"""
uk_a_13_mk1,18.0,100.0,0.0,0.0,5.5,3.75,0.0,,,,,,0.0,,,,,,A13_Mk_I
p-47d_30_china,16.0,100.0,2.0,2.0,0.0,0.0,15.0,,,,,,0.0,,,,,,P-47D-30_(China)
ki_61_1a_otsu_usa,18.0,,,1.0,,0.0,0.0,,,,,,0.0,,,,,,Ki-61-Ib
uk_chieftain_mk_5,18.0,,,,,,88.0,70.83,0.0,0.0,3.38,2.63,0.0,,,,,,Chieftain_Mk_5
f2g-1,17.0,100.0,1.0,1.0,0.0,0.0,109.0,25.0,1.18,0.88,4.14,2.66,0.0,,,,,,F2G-1
jaguar_is,19.0,50.0,1.0,1.0,0.0,0.0,35.0,47.37,0.07,0.08,0.58,0.98,0.0,,,,,,Jaguar_IS
uk_chieftain_mk_3,18.0,,,,,,285.0,67.23,0.0,0.0,1.95,1.68,0.0,,,,,,Chieftain_Mk_3
jp_type_61,18.0,0.0,0.0,0.0,1.0,1.54,458.0,68.62,0.0,0.0,2.45,1.8,0.0,,,,,,Type_61
it_fiat_6616_ub,18.0,,,0.0,,1.0,62.0,100.0,0.0,0.0,1.74,0.99,0.0,,,,,,FIAT_6616UB
sw_t_54_1951,16.0,100.0,0.0,0.0,1.13,1.33,117.0,44.74,0.0,0.0,1.17,1.38,0.0,,,,,,T-54
jp_st_a3,17.0,8.82,0.0,0.0,1.82,2.0,364.0,59.4,0.0,0.0,2.08,1.67,0.0,,,,,,ST-A3
xa_38,17.0,,,0.0,,0.0,0.0,,,,,,4.0,,,0.0,,1.0,XA-38
sw_strv_81,16.0,100.0,0.0,0.0,0.0,0.0,237.0,47.93,0.0,0.0,1.12,0.86,0.0,,,,,,Strv_81
f_16am_block_20_mlu_netherlands,14.0,100.0,8.0,4.0,0.0,0.0,147.0,78.74,1.03,1.01,0.73,0.76,37.0,,,1.84,,0.4,◘F-16AM
sw_strf_90b,16.0,,,0.0,,1.0,112.0,81.34,0.2,0.16,2.54,2.13,19.0,87.18,0.0,0.0,1.89,2.0,Strf_9040B
f-86f-40_japan,14.0,50.0,1.0,2.0,1.0,2.0,70.0,94.14,3.67,7.05,0.0,0.0,0.0,,,,,,F-86F-40_
fr_amx_10rc,16.0,,,,,,169.0,50.89,0.0,0.0,1.27,1.36,0.0,,,,,,AMX-10RC
jp_type_16,14.0,50.0,0.0,0.0,1.5,1.5,39.0,57.27,0.0,0.0,1.36,1.72,0.0,,,,,,Type_16
n1k2_jko,17.0,100.0,2.0,1.41,0.0,0.0,89.0,53.28,0.74,0.81,0.75,0.82,0.0,,,,,,N1K2-Ja
jp_type_75_mlrs,15.0,0.0,0.0,0.0,2.0,2.0,32.0,50.0,0.0,0.0,0.5,0.5,0.0,,,,,,Type_75_MLRS
mig-19pt,17.0,,,,,,223.0,44.15,1.48,2.04,0.48,0.66,0.0,,,,,,MiG-19PT
p-47d_23_ra_china_rocaf,17.0,,,1.0,,1.24,1.0,,,0.0,,1.0,0.0,,,,,,P-47D-23-RA_(China)
p-38l,16.0,,,,,,11.0,,,,,,0.0,,,,,,P-38L-5-LO
mig-21_bis_sau,17.0,,,1.35,,0.0,83.0,30.11,1.66,1.26,0.45,0.23,0.0,,,,,,◊MiG-21bis-SAU
p-63a-5_ussr,16.0,,,0.81,,0.25,202.0,59.51,0.95,0.88,2.78,2.53,0.0,,,,,,P-63A-5
ussr_isu_122s,15.0,,,0.0,,1.4,39.0,0.0,0.0,0.0,1.0,0.59,0.0,,,,,,ISU-122S
fr_m4a4_cn_75_50,17.0,,,0.0,,2.0,224.0,49.37,0.0,0.0,1.78,1.61,0.0,,,,,,M4A4_(SA50)
md_450b_ouragan,17.0,,,1.24,,0.0,207.0,79.49,0.83,0.98,1.36,1.62,0.0,,,,,,M.D.450B_Ouragan
il_2_1941,15.0,,,,,,62.0,63.33,0.0,0.0,1.3,0.8,6.0,,,0.0,,0.0,IL-2_(1941)
jp_btr_3e1,16.0,,,0.0,,0.0,158.0,47.71,0.0,0.0,1.03,0.87,0.0,,,,,,BTR-3E1
jp_type_87_rcv,16.0,,,,,,219.0,57.61,0.0,0.0,1.25,1.23,0.0,,,,,,Type_87_RCV
fr_panhard_ebr_1951,16.0,,,0.0,,0.0,232.0,57.51,0.0,0.0,2.41,2.23,0.0,,,,,,E.B.R._(1951)
cn_m55,14.0,50.0,0.0,0.0,1.0,2.0,0.0,,,,,,0.0,,,,,,M55_(China)
pby-5a,16.0,,,,,,0.0,,,,,,0.0,,,,,,PBY-5A_Catalina
jp_type_87_rcv_prot,17.0,,,0.0,,0.06,496.0,66.96,0.07,0.07,1.11,0.85,0.0,,,,,,Type_87_RCV_(P)
uk_matilda_hedgehog,12.0,66.67,0.3,0.5,4.7,7.0,0.0,,,,,,0.0,,,,,,Matilda_Hedgehog
uk_crusader_mk_3,14.0,,,,,,54.0,50.0,0.0,0.0,3.5,2.51,0.0,,,,,,Crusader_III
germ_panzerjager_tiger_P_elefant,16.0,100.0,0.0,0.0,5.0,5.6,58.0,33.33,0.0,0.0,2.4,3.46,4.0,100.0,0.0,,2.0,,Elefant
uk_a_22f_mk_7_churchill_1944,14.0,50.0,0.0,0.0,5.58,5.58,37.0,100.0,0.0,0.0,3.91,2.33,4.0,,,,,,Churchill_VII
uk_valentine_mk_11,14.0,,,,,,95.0,57.22,0.0,0.0,2.78,2.71,0.0,,,,,,Valentine_XI
ussr_t_28E,16.0,,,,,,8.0,0.0,0.0,0.0,3.38,3.38,0.0,,,,,,T-28E
p-36c,16.0,50.0,0.5,1.0,0.5,1.0,0.0,,,,,,0.0,,,,,,P-36C
hunter_f1,14.0,,,1.14,,1.71,100.0,100.0,4.19,9.48,0.1,0.26,0.0,,,,,,Hunter_F.1
bf-109c_1,14.0,,,1.0,,1.0,0.0,,,,,,0.0,,,,,,Bf_109_C-1
a_10a_early,14.0,,,2.0,,1.0,396.0,51.33,0.6,0.8,3.42,4.48,139.0,0.0,1.17,0.24,10.08,2.22,A-10A
f2a-1,16.0,,,1.0,,1.0,0.0,,,,,,0.0,,,,,,F2A-1
me-262a1_u1,16.0,0.0,3.0,3.0,0.0,0.0,301.0,43.08,0.95,0.91,0.83,0.77,0.0,,,,,,Me_262_A-1a/U1
us_lvt_a1_m24,16.0,,,0.0,,3.0,29.0,13.79,0.0,0.0,1.41,1.41,0.0,,,,,,LVT(A)(1)_(M24)
su-2_mv5,17.0,100.0,2.0,1.0,3.33,1.5,0.0,,,,,,0.0,,,,,,Su-2_MV-5
germ_sturmmorser_sturmtiger,14.0,100.0,0.0,0.0,1.31,2.0,23.0,50.0,0.0,0.0,1.18,2.14,0.0,,,,,,38_cm_Sturmmörser
it_m26_ariete,15.0,100.0,0.0,0.0,3.0,6.0,22.0,,,0.0,,3.81,20.0,100.0,0.0,0.0,3.65,3.65,"M26_""D.C.Ariete"""
cn_t_26_1940,14.0,,,0.0,,2.0,0.0,,,,,,0.0,,,,,,T-26_(China)
it_kf_41,16.0,,,1.0,,1.0,43.0,0.0,0.0,0.0,1.0,1.0,0.0,,,,,,KF41
ussr_btr_152d,14.0,11.11,1.0,1.22,0.0,0.0,301.0,10.67,2.74,1.31,0.0,0.0,0.0,,,,,,BTR-152D
germ_pzkpfw_38t_Aufklarungspanzer,15.0,100.0,0.0,0.0,1.0,1.0,3.0,,,0.0,,1.0,0.0,,,,,,Sd.Kfz._140/1
sw_lvkv_42,15.0,100.0,0.0,,1.0,,93.0,50.0,0.5,0.07,1.0,0.38,0.0,,,,,,Lvkv_42
it_c1_ariete_pso,16.0,,,,,,155.0,68.89,0.0,0.0,3.71,3.3,4.0,,,0.0,,1.0,Ariete_PSO
ussr_su_100_1945,14.0,100.0,0.0,0.0,1.5,1.5,99.0,19.23,0.0,0.0,1.94,1.34,0.0,,,,,,SU-100
cn_cm11,15.0,50.0,0.0,0.0,1.0,2.0,132.0,66.28,0.0,0.0,3.33,3.02,0.0,,,,,,CM11
a6m2_n_zero,16.0,43.75,1.0,1.88,0.0,0.0,8.0,,,1.0,,0.0,0.0,,,,,,A6M2-N
a6m3_zero,15.0,,,3.31,,0.0,54.0,82.69,1.14,1.53,0.63,0.84,0.0,,,,,,A6M3
ki-45_ko,16.0,,,,,,0.0,,,,,,0.0,,,,,,Ki-45_ko
fr_arl_44_acl1,16.0,,,,,,16.0,100.0,0.0,0.0,1.0,1.0,0.0,,,,,,ARL-44_(ACL-1)
boomerang_mki,14.0,100.0,2.0,1.21,0.0,0.0,0.0,,,,,,0.0,,,,,,Boomerang_Mk_I
p-47d-28,14.0,,,1.71,,1.0,98.0,41.07,1.49,2.32,0.44,0.69,0.0,,,,,,P-47D-28
boomerang_mkii,14.0,100.0,1.0,1.0,0.0,0.0,0.0,,,,,,0.0,,,,,,Boomerang_Mk_II
sw_cv_90105,15.0,50.0,0.0,0.0,0.97,1.93,294.0,58.0,0.0,0.0,1.54,1.71,0.0,,,,,,CV_90105_TML
f2a-3,15.0,,,1.0,,0.0,26.0,,,0.0,,0.0,0.0,,,,,,F2A-3
bf-109b_2,14.0,,,,,,0.0,,,,,,0.0,,,,,,Bf_109_B-1
us_rdf_lt,14.0,,,0.0,,0.93,875.0,53.7,0.16,0.16,1.49,1.31,0.0,,,,,,RDF/LT
sw_strv_105,15.0,,,,,,215.0,60.87,0.0,0.0,1.42,1.52,0.0,,,,,,Strv_105
hurricane_mk1b,16.0,50.0,0.5,1.0,0.5,1.0,0.0,,,,,,0.0,,,,,,Sea_Hurricane_Mk_IB
ussr_t_72b3_arena,14.0,,,0.0,,1.43,473.0,36.25,0.0,0.0,1.07,1.02,11.0,100.0,0.0,0.0,1.0,1.0,"Т-72Б3_""Арена"""
a-20g,15.0,,,,,,0.0,,,,,,0.0,,,,,,A-20G-25
germ_marder_1a1,14.0,100.0,0.0,0.0,0.0,0.0,345.0,30.0,0.01,0.01,0.42,0.4,0.0,,,,,,Marder_A1-
germ_wiesel_1_mk20,14.0,50.0,0.0,0.0,0.0,0.0,862.0,40.57,0.24,0.21,0.89,0.73,0.0,,,,,,Wiesel_1A4
uk_a_34_comet_iron_duke,14.0,100.0,0.0,0.0,5.0,10.0,27.0,50.0,0.0,0.0,1.5,1.27,0.0,,,,,,"Comet_I_""Iron_Duke_IV"""
f-5a_thailand,13.0,100.0,2.89,2.89,16.33,16.33,48.0,66.67,2.4,2.71,0.79,0.93,0.0,,,,,,F-5A
pv_2d,14.0,,,1.0,,5.5,30.0,26.19,0.25,0.45,0.5,0.74,0.0,,,,,,PV-2D
sea_fury_fb11,18.0,75.0,1.9,2.15,2.0,2.35,0.0,,,,,,22.0,,,1.0,,0.0,Sea_Fury_FB_11
do_217k_1,14.0,,,,,,18.0,,,0.0,,0.0,0.0,,,,,,Do_217_K-1
germ_9a33bm3,14.0,,,,,,38.0,0.0,2.94,1.5,0.0,0.0,0.0,,,,,,◊Osa-AK
lancaster_mk1,15.0,100.0,0.0,0.0,7.0,7.0,1.0,,,,,,0.0,,,,,,Lancaster_B_Mk_I
bf-109g-2_romania,14.0,,,,,,0.0,,,,,,0.0,,,,,,Bf_109_G-2
it_lancia3ro_100,15.0,100.0,0.0,0.0,2.38,2.14,0.0,,,,,,0.0,,,,,,Lancia_3Ro_(100/17)
f6f-5n_france,14.0,,,,,,36.0,0.0,0.0,0.0,2.0,1.25,29.0,100.0,1.0,4.0,2.0,2.0,F6F-5N
douglas_ad_4_france,14.0,,,,,,98.0,61.67,1.05,1.54,2.54,3.84,0.0,,,,,,AD-4
us_m46_patton_73_armor_bat,13.0,50.0,0.31,0.63,1.19,2.38,564.0,65.34,0.02,0.02,2.71,2.3,0.0,,,,,,"M46_""Tiger"""
il_sholef,15.0,100.0,0.0,0.0,2.0,2.0,21.0,,,0.0,,1.21,0.0,,,,,,Sholef
germ_flakpanzer_V_Coelian,14.0,100.0,0.0,0.0,2.5,2.5,425.0,49.76,1.02,0.54,3.57,1.97,12.0,50.0,0.0,0.0,2.0,2.0,Flakpanzer_341
mig-9_ussr,15.0,,,,,,9.0,100.0,2.0,2.0,0.0,0.0,0.0,,,,,,MiG-9_(l)
cn_su_100_1945,14.0,100.0,0.0,0.0,2.0,2.0,48.0,80.95,0.0,0.0,1.86,2.07,0.0,,,,,,SU-100_(China)
fa_18c_switzerland,15.0,50.0,1.0,0.67,0.0,0.0,1145.0,49.19,0.96,1.13,0.26,0.31,111.0,,,2.18,,0.0,◌F/A-18C
sw_l_62_anti_II,12.0,83.33,0.17,0.17,1.75,3.0,83.0,0.0,0.0,0.0,0.94,1.29,0.0,,,,,,L-62_ANTI_II
p-47n-15,13.0,,,,,,44.0,55.77,0.54,0.63,2.13,2.6,0.0,,,,,,P-47N-15
ki-83,14.0,100.0,2.0,2.0,0.0,0.0,4.0,,,2.0,,0.0,0.0,,,,,,Ki-83
fr_amx_30_ACRA,13.0,,,,,,47.0,57.14,0.0,0.0,2.57,1.47,0.0,,,,,,AMX-30_ACRA
mig-9,15.0,,,,,,27.0,50.0,0.4,0.4,4.7,4.7,0.0,,,,,,MiG-9
uk_fv4005,15.0,,,,,,137.0,46.86,0.0,0.0,1.57,1.62,0.0,,,,,,FV4005
il_magach_6b_gal_batash,13.0,,,0.0,,1.23,44.0,50.0,0.0,0.0,2.8,3.36,0.0,,,,,,Gal_Batash
saab_j21a_1,16.0,3.33,1.0,1.0,0.0,0.0,72.0,56.47,2.58,2.29,0.41,0.35,0.0,,,,,,J21A-1
germ_thyssen_henschel_tam,12.0,0.0,0.0,0.0,0.0,0.75,895.0,42.55,0.0,0.0,1.02,0.92,51.0,96.49,0.0,0.0,1.53,1.23,TAM
jp_type_74_c,15.0,100.0,0.0,0.0,1.0,1.0,494.0,54.65,0.0,0.0,2.02,1.4,0.0,,,,,,Type_74_(C)
mosquito_f_mk2_norway,14.0,,,1.36,,0.0,20.0,,,,,,0.0,,,,,,◢Mosquito_F.Mk.II
ussr_2s25,15.0,100.0,0.0,0.0,1.0,1.0,542.0,51.47,0.0,0.0,1.41,1.21,0.0,,,,,,2S25
it_leopard_1a5,15.0,,,,,,114.0,76.08,0.0,0.0,2.77,2.3,0.0,,,,,,Leopard_1A5
cn_plz_83,15.0,,,0.0,,0.07,39.0,46.67,0.0,0.0,0.53,0.6,0.0,,,,,,PLZ83
uk_valentine_mk_1,14.0,,,,,,0.0,,,,,,0.0,,,,,,Valentine_I
bf-109g-14,15.0,,,0.4,,0.0,12.0,100.0,3.0,,0.0,,0.0,,,,,,Bf_109_G-14
il_m113_hvms,16.0,0.0,0.0,0.0,1.0,0.5,132.0,32.61,0.0,0.0,0.98,0.95,0.0,,,,,,Bardelas/60mm_HVMS
bf-109g-2_finland,16.0,3.33,1.23,1.23,0.37,0.37,23.0,100.0,2.36,2.36,0.0,0.0,0.0,,,,,,Bf_109_G-2
it_m3a3_stuart,13.0,,,0.0,,0.0,20.0,,,,,,0.0,,,,,,M3A3
uk_badger,15.0,,,0.0,,0.0,57.0,50.79,0.0,0.0,1.59,1.52,0.0,,,,,,Badger
us_efv_p1,15.0,,,0.0,,0.0,60.0,81.67,0.0,0.0,2.79,2.47,0.0,,,,,,EFV
uk_a_12_mk_2_matilda_2,14.0,,,0.0,,0.5,42.0,76.92,0.0,0.0,1.77,2.27,0.0,,,,,,Matilda_III
me-410b-6_r3,15.0,100.0,0.0,0.0,0.0,0.0,17.0,,,0.0,,3.5,15.0,,,1.0,,0.0,Me_410_B-6/R3
il-2m_mstitel,13.0,75.0,1.47,1.73,4.63,5.17,50.0,94.0,1.0,1.0,3.38,3.38,0.0,,,,,,"IL-2M_""Avenger"""
p-51c-11-nt_china,12.0,,,1.0,,0.33,33.0,100.0,2.24,2.24,0.08,0.08,0.0,,,,,,P-51C-11-NT_(China)
uk_centurion_mk_5_raac,14.0,100.0,0.0,0.0,2.0,2.0,23.0,16.67,0.0,0.0,4.0,2.94,0.0,,,,,,Centurion_Mk.5/1
cn_m60a3_tts,13.0,,,,,,57.0,49.07,0.0,0.0,2.28,1.77,11.0,,,0.0,,2.0,M60A3_TTS_(China)
alpha_jet_a,13.0,100.0,0.0,0.25,2.0,2.75,192.0,38.23,0.34,0.25,1.98,1.83,0.0,,,,,,Alpha_Jet_A
ussr_isu_122,14.0,,,0.0,,1.33,21.0,,,0.0,,2.95,0.0,,,,,,ISU-122
jp_type_4_ho_ro,13.0,,,,,,16.0,33.33,0.0,0.0,0.3,0.15,0.0,,,,,,Ho-Ro
germ_flakpz_I_Gepard,15.0,46.43,0.54,1.0,0.79,1.43,1311.0,35.08,0.29,0.22,1.12,0.87,0.0,,,,,,Gepard
cn_type_69_2a,14.0,100.0,0.0,0.0,2.0,1.14,84.0,68.82,0.0,0.0,2.21,3.12,0.0,,,,,,Type_69-IIa
la_200_toriy,12.0,30.0,1.4,3.17,0.0,0.0,104.0,73.22,1.84,1.61,0.19,0.09,0.0,,,,,,La-200
saab_sk60b,13.0,,,,,,140.0,74.26,0.73,0.89,2.48,2.35,0.0,,,,,,SK60B
ki_61_1a_ko,12.0,,,2.22,,0.0,0.0,,,,,,0.0,,,,,,Ki-61-I_ko
typhoon_mk1a,13.0,,,1.38,,0.0,0.0,,,,,,0.0,,,,,,Typhoon_Mk_Ia
fw-190f-8,12.0,,,1.42,,0.0,444.0,52.8,1.04,0.98,0.69,0.58,0.0,,,,,,Fw_190_F-8
jp_type_3_ho_ni_I,13.0,,,0.0,,1.0,31.0,50.0,0.0,0.0,1.5,0.78,0.0,,,,,,Ho-Ni_I
jp_oplot_t,14.0,,,0.0,,1.0,160.0,71.0,0.0,0.0,3.55,2.18,0.0,,,,,,BM_Oplot-T
f9f-8,11.0,,,0.83,,0.0,232.0,53.52,0.78,0.84,0.45,0.42,0.0,,,,,,F9F-8
il_m48a1_patton_III,12.0,,,0.0,,1.0,117.0,50.0,0.0,0.0,1.0,0.85,0.0,,,,,,Magach_1
cn_zts_63_1980,14.0,,,,,,177.0,71.13,0.0,0.0,2.41,1.54,11.0,,,0.0,,1.0,ZTS63
cr_32,12.0,,,,,,0.0,,,,,,0.0,,,,,,CR.32
beaufighter_mk21,13.0,100.0,2.0,2.0,8.5,8.5,0.0,,,,,,0.0,,,,,,Beaufighter_Mk_21
tempest_mk2,14.0,55.0,1.75,3.0,0.7,1.35,63.0,53.51,0.98,1.79,1.08,1.55,0.0,,,,,,Tempest_Mk_II
p_108b_serie2,13.0,,,0.0,,2.23,0.0,,,,,,0.0,,,,,,P.108B_serie_2
a-26b,14.0,,,1.0,,3.29,26.0,50.0,2.43,1.12,4.07,2.38,0.0,,,,,,A-26B-50
f-84g_china,14.0,,,1.0,,1.64,12.0,50.0,0.5,0.5,1.5,1.5,0.0,,,,,,F-84G-21-RE_(China)
sw_sav_m43_1944,13.0,100.0,0.0,,2.0,,0.0,,,,,,0.0,,,,,,Sav_m/43_(1944)
ki_61_1a_hei,10.0,,,,,,14.0,,,,,,0.0,,,,,,Ki-61-I_hei
fr_tpk_641_vpc,11.0,100.0,1.0,,0.0,,69.0,0.0,2.0,1.83,0.0,0.0,5.0,,,,,,TPK_6.41
ki_44_2_hei,12.0,,,1.0,,0.0,60.0,100.0,0.67,0.28,0.88,0.4,0.0,,,,,,Ki-44-II_hei
f_15a,12.0,50.0,1.0,2.0,0.0,0.0,173.0,47.85,1.07,1.21,0.08,0.08,0.0,,,,,,F-15A
cn_al_khalid_1,13.0,0.0,0.0,0.0,2.0,2.0,822.0,50.28,0.0,0.0,2.28,1.67,21.0,100.0,0.0,0.0,1.0,1.0,Al-Khalid-I
uk_a_22b_mk_3_churchill_1942,13.0,,,0.0,,1.0,35.0,100.0,0.0,0.0,2.22,1.57,0.0,,,,,,Churchill_III
i-153_m62_china,12.0,0.0,1.0,1.0,0.0,0.0,0.0,,,,,,0.0,,,,,,I-153_M-62_(China)
i-16_type10_china,12.0,0.0,1.0,1.0,0.0,0.0,0.0,,,,,,0.0,,,,,,I-16_type_10_(China)
cn_mbt2000,13.0,0.0,0.0,0.0,1.0,1.0,136.0,45.21,0.0,0.0,1.58,1.45,0.0,,,,,,MBT-2000
f_16a_block_15_adf,10.0,,,0.79,,0.0,91.0,50.0,2.4,2.41,0.3,0.18,89.0,0.0,6.53,1.87,0.0,0.0,F-16A_ADF
ussr_kv_122,11.0,0.0,0.0,0.0,1.0,1.0,3.0,,,,,,0.0,,,,,,KV-122
su-7b,13.0,,,0.0,,0.0,90.0,18.94,0.76,0.68,1.98,2.0,0.0,,,,,,Su-7B
ki_61_1a_hei_ep,10.0,50.0,2.5,5.0,0.0,0.0,19.0,50.0,0.5,0.04,1.0,1.0,10.0,,,,,,Tada's_Ki-61-I_hei
tempest_mkv,14.0,70.84,1.55,2.75,1.15,2.0,5.0,,,2.0,,0.0,0.0,,,,,,Tempest_Mk_V
stirling_mk3,11.0,,,0.0,,3.0,0.0,,,,,,0.0,,,,,,Stirling_B_Mk_III
a-26b_10,10.0,100.0,0.0,0.0,4.0,3.2,20.0,50.0,0.65,1.3,0.05,0.1,0.0,,,,,,A-26B-10
ussr_t_26_1940_1st_GvTBr,12.0,,,,,,0.0,,,,,,30.0,,,0.0,,1.0,T-26_(1st_Gv.T.Br.)
germ_pzkpfw_35t,10.0,100.0,0.0,,2.0,,22.0,100.0,0.0,0.0,1.95,1.95,0.0,,,,,,Pz.35(t)
il-10,10.0,100.0,4.0,3.3,0.57,1.0,39.0,100.0,1.0,0.15,2.0,1.15,0.0,,,,,,IL-10
germ_wiesel_2_adwc,11.0,,,,,,77.0,50.0,1.64,3.18,0.0,0.0,0.0,,,,,,Ozelot
sw_strv121b_christian2,10.0,50.0,0.0,0.0,1.63,2.0,695.0,57.74,0.0,0.0,3.15,2.33,0.0,,,,,,Christian_II
mig-17_cuba,12.0,100.0,1.88,1.7,0.0,0.0,196.0,45.8,1.54,2.3,0.7,1.0,0.0,,,,,,MiG-17AS
ki_44_2_hei_china,11.0,,,,,,1.0,,,,,,0.0,,,,,,Ki-44-II_hei_(China)
q_5a,9.0,,,,,,0.0,,,,,,0.0,,,,,,Q-5A
he-111h-6,10.0,100.0,0.0,0.0,5.0,5.0,4.0,100.0,0.0,0.0,5.0,5.0,0.0,,,,,,He_111_H-6
a_10a_late,10.0,100.0,3.0,3.1,7.0,5.1,205.0,38.56,1.44,1.61,6.35,6.48,13.0,,,2.0,,6.0,A-10A_Late
vg_33,9.0,,,,,,8.0,,,0.5,,0.0,0.0,,,,,,V.G.33C-1
t2_early,9.0,,,,,,95.0,84.73,1.61,2.43,0.15,0.2,0.0,,,,,,T-2_Early
pe-2-359,9.0,100.0,0.67,0.67,6.44,6.44,0.0,,,,,,0.0,,,,,,Pe-2-359
us_xm1_chrysler,11.0,50.0,0.0,0.0,2.5,2.5,596.0,72.58,0.0,0.0,4.38,3.08,0.0,,,,,,XM1_(Chrysler)
f_2a_adtw,9.0,,,2.0,,0.0,856.0,58.67,1.59,2.12,0.36,0.49,111.0,,,1.45,,0.04,F-2A_ADTW
er-2_m105r_lu2b,10.0,100.0,0.0,0.0,3.67,3.4,0.0,,,,,,0.0,,,,,,Yer-2_(M-105R)_LU
ussr_valentine_mk_9,10.0,,,,,,20.0,100.0,0.0,0.0,2.0,2.0,0.0,,,,,,"МК-IX_""Valentine"""
f-89b,9.0,100.0,1.67,2.0,1.0,1.0,182.0,58.05,0.49,0.9,0.93,1.63,0.0,,,,,,F-89B
mig-21_pfm,9.0,,,,,,0.0,,,,,,0.0,,,,,,MiG-21PFM
fiat_cr42_j11,10.0,0.0,2.0,2.0,2.0,2.0,0.0,,,,,,0.0,,,,,,J11
su-11,9.0,50.0,1.0,2.0,0.5,1.0,201.0,56.81,0.54,0.62,0.83,0.97,0.0,,,,,,Su-11
pe-8_m82,9.0,100.0,0.0,0.0,2.0,2.0,67.0,28.49,0.48,0.68,0.42,0.66,0.0,,,,,,Pe-8
ro_57_quadriarma,10.0,,,0.0,,2.0,0.0,,,,,,0.0,,,,,,Ro.57_Quadriarma
f-84f_italy,10.0,,,0.0,,1.0,0.0,,,,,,0.0,,,,,,F-84F
jp_m60a3_tts,10.0,,,0.0,,1.0,99.0,24.44,0.0,0.0,3.34,1.94,0.0,,,,,,M60A3_TTS
it_centauro_rgo_120,11.0,0.0,0.0,0.0,2.0,2.0,166.0,76.0,0.0,0.0,3.09,1.85,0.0,,,,,,Centauro_RGO
bf-109e-3,10.0,,,1.3,,0.0,62.0,100.0,1.3,0.76,1.37,0.85,0.0,,,,,,Bf_109_E-3
jp_type_90b,10.0,,,0.0,,1.0,191.0,48.62,0.0,0.0,1.96,2.28,0.0,,,,,,Type_90_(B)
germ_pzsflk40_sturer_emil,9.0,,,0.0,,1.5,18.0,,,0.0,,1.0,0.0,,,,,,Sturer_Emil
spitfire_mk1,11.0,,,1.0,,0.0,16.0,,,1.0,,0.0,0.0,,,,,,Spitfire_Mk_Ia
hurricane_mk4,10.0,,,1.0,,0.0,0.0,,,,,,0.0,,,,,,Hurricane_Mk_IV
ussr_zsu_23_4m2,9.0,0.0,0.29,0.29,0.0,0.0,116.0,35.05,0.41,0.47,0.12,0.17,0.0,,,,,,ЗСУ-23-4М2
fr_m4a1_sherman_fl_10,10.0,,,0.0,,2.0,156.0,69.67,0.0,0.0,4.06,2.28,0.0,,,,,,M4A1_(FL10)
spitfire_mk9c_iaf,9.0,,,3.11,,0.0,46.0,100.0,3.69,,0.0,,0.0,,,,,,Spitfire_Mk_IXc_(Israel)
ffvs_j22_a,9.0,100.0,1.0,1.0,0.0,0.0,0.0,,,,,,0.0,,,,,,J22-A
p-26a_34_m2,9.0,50.0,2.17,4.33,0.0,0.0,0.0,,,,,,0.0,,,,,,P-26A-34_M2
hurricane_mk1c,12.0,100.0,6.0,3.0,0.0,0.0,0.0,,,,,,0.0,,,,,,Sea_Hurricane_Mk_IC
p-26b_35,9.0,,,1.0,,0.0,0.0,,,,,,0.0,,,,,,P-26B-35
mosquito_fb_mk6_norway,9.0,50.0,0.89,1.78,0.5,1.0,53.0,50.0,0.0,0.0,0.0,0.0,0.0,,,,,,◢Mosquito_FB.Mk.VI
p-26a_33,9.0,50.0,0.94,1.89,0.0,0.0,0.0,,,,,,0.0,,,,,,P-26A-33
uk_ttd,9.0,50.0,0.0,0.0,0.5,1.0,145.0,67.85,0.0,0.0,5.13,5.29,0.0,,,,,,TTD
it_vcc_80_hitfist_60,11.0,0.0,0.0,0.0,1.0,1.0,215.0,45.91,0.17,0.09,2.16,1.08,0.0,,,,,,VCC-80/60
ussr_asu_57,8.0,100.0,0.0,0.0,0.14,0.07,104.0,52.94,0.0,0.0,1.94,0.62,0.0,,,,,,ASU-57
arado-196a-3,10.0,,,,,,0.0,,,,,,0.0,,,,,,Ar_196_A-3
it_centauro_mgs_120,11.0,,,,,,14.0,,,0.0,,3.69,0.0,,,,,,Centauro_I_120
saab_t18b_1,9.0,,,1.22,,2.0,4.0,50.0,0.0,0.25,0.0,0.0,0.0,,,,,,T18B
b-17g_iaf,11.0,,,0.09,,0.18,0.0,,,,,,0.0,,,,,,B-17G_(Israel)
ussr_t_44_122,12.0,66.67,0.3,0.5,2.78,4.13,117.0,63.17,0.0,0.0,2.97,2.03,3.0,,,0.0,,0.0,T-44-122
uk_m4a5_ram_2,8.0,,,,,,6.0,,,0.0,,1.0,0.0,,,,,,Ram_II
cn_m8_scott,9.0,100.0,0.0,,3.0,,3.0,,,,,,0.0,,,,,,M8_HMC_(China)
p-39q_25_france,8.0,,,,,,34.0,100.0,0.94,1.29,1.0,1.41,17.0,,,1.0,,0.0,P-39Q-25
ussr_t_55_am,10.0,,,0.0,,1.9,273.0,49.61,0.0,0.0,2.88,1.73,0.0,,,,,,T-55AM-1
us_skink_aa,9.0,,,1.0,,0.0,212.0,45.54,0.62,0.73,0.18,0.19,0.0,,,,,,Skink
uk_chieftain_mk_10,8.0,100.0,0.0,0.0,2.0,2.0,163.0,60.92,0.0,0.0,2.71,1.47,0.0,,,,,,Chieftain_Mk_10
il-10_1946,9.0,,,1.0,,0.0,103.0,89.58,0.34,0.27,3.2,3.27,0.0,,,,,,IL-10_(1946)
jp_type_10,9.0,,,0.0,,1.67,569.0,60.86,0.0,0.0,3.05,1.95,0.0,,,,,,Type_10
sw_strv_m38,10.0,100.0,0.0,0.0,3.5,3.5,9.0,50.0,0.0,0.0,0.0,1.14,0.0,,,,,,Strv_m/38
germ_flarakpz_1,9.0,0.0,1.0,,0.0,,69.0,75.0,1.44,2.53,0.0,0.0,0.0,,,,,,FlaRakPz_1
f4u-6_au-1,9.0,,,1.0,,0.0,166.0,78.58,0.62,0.56,3.07,2.76,0.0,,,,,,AU-1
sw_leopard_2a4_fin,9.0,37.5,0.0,0.0,1.0,1.33,261.0,70.84,0.0,0.0,2.05,1.83,0.0,,,,,,Leopard_2A4
germ_mkpz_m48a2ga2,8.0,100.0,0.0,0.0,1.0,1.0,281.0,38.66,0.0,0.0,1.77,1.64,13.0,,,0.0,,1.0,M48A2_G_A2
it_zsu_57_2,9.0,,,,,,109.0,65.94,0.0,0.0,2.56,1.55,0.0,,,,,,◔ZSU-57-2
fiat_g91_r4_german,8.0,,,1.0,,0.0,229.0,49.0,1.2,1.57,0.87,1.08,0.0,,,,,,◄G.91_R/4
ussr_pt_76_57,8.0,100.0,0.0,0.0,1.0,1.0,65.0,100.0,0.0,0.0,5.72,3.03,15.0,,,0.0,,1.27,PT-76-57
sw_strv_101,7.0,100.0,0.0,0.0,0.17,1.0,283.0,47.31,0.0,0.0,2.07,1.06,0.0,,,,,,Strv_101
cn_m4a4_sherman_1st_ptg,7.0,0.0,0.0,0.0,0.0,0.0,4.0,,,0.0,,1.0,0.0,,,,,,M4A4_(1st_PTG)_(China)
f-84g_france,7.0,,,,,,142.0,66.4,0.49,0.7,2.13,2.69,0.0,,,,,,F-84G-26-RE
tu_14t,7.0,,,1.0,,4.0,0.0,,,,,,0.0,,,,,,Tu-14T
il_28sh,7.0,,,0.0,,3.0,17.0,0.0,1.21,1.0,0.0,0.0,0.0,,,,,,IL-28Sh
saab_j29a,7.0,,,,,,1.0,0.0,1.0,1.0,0.0,0.0,0.0,,,,,,J29A
it_semovente_m41_75_32,8.0,,,,,,0.0,,,,,,0.0,,,,,,75/32_M41
i_180,7.0,100.0,2.33,2.14,2.0,0.86,20.0,50.0,1.0,1.3,1.0,2.0,0.0,,,,,,I-180S
mig-17pf_hungary,7.0,0.0,2.0,2.0,1.0,1.0,26.0,100.0,1.56,1.0,0.0,0.0,0.0,,,,,,◔MiG-17PF
beaufighter_mkx,8.0,100.0,2.0,2.0,6.5,6.5,6.0,,,,,,0.0,,,,,,Beaufighter_Mk_X
uk_17_pdr_m10_achilles_norfolk_yeomanry,7.0,100.0,0.0,,5.0,,108.0,65.43,0.66,0.42,4.64,2.88,0.0,,,,,,Achilles_(65_Rg.)
jp_type_93,7.0,,,1.0,,1.0,57.0,4.35,1.04,0.92,0.0,0.0,0.0,,,,,,Type_93
p-43a-1_china,7.0,,,,,,0.0,,,,,,0.0,,,,,,P-43A-1_(China)
uk_m109a1,8.0,,,0.0,,2.25,10.0,100.0,0.0,0.0,1.0,1.0,0.0,,,,,,M109A1
saab_j21a_2,8.0,,,1.0,,0.0,19.0,100.0,3.0,,0.0,,0.0,,,,,,J21A-2
mirage_5f,9.0,100.0,1.29,1.29,3.0,3.0,54.0,59.53,1.19,1.19,0.98,0.98,0.0,,,,,,Mirage_5F
l_39za_art_thailand,7.0,100.0,1.0,1.0,1.71,1.71,585.0,67.23,0.28,0.32,4.16,4.57,0.0,,,,,,L-39ZA/ART_Albatros
us_lvt_a_1,5.0,100.0,0.0,0.0,5.67,9.33,21.0,,,0.0,,1.57,0.0,,,,,,LVT(A)(1)
il_28,7.0,,,0.0,,2.0,52.0,38.66,0.0,0.0,0.0,0.0,0.0,,,,,,IL-28
fr_amx_32_105,10.0,50.0,0.0,0.0,1.5,1.5,129.0,53.46,0.0,0.0,1.45,1.39,0.0,,,,,,AMX-32_(105)
yak-9p_hungary,8.0,,,2.88,,0.0,13.0,,,,,,0.0,,,,,,◔Yak-9P
it_fiat_6616_cockerill,9.0,,,0.0,,2.0,271.0,50.16,0.0,0.0,1.59,0.84,0.0,,,,,,AUBL/74
welkin_fmk1,7.0,,,,,,0.0,,,,,,0.0,,,,,,Welkin_F.Mk.I
il_zsu_23_4,7.0,,,,,,88.0,100.0,1.0,0.71,0.0,0.0,0.0,,,,,,ZSU-23-4_(Israel)
ussr_pantsyr_s1,7.0,,,,,,302.0,46.07,0.92,0.85,0.06,0.06,2.0,100.0,1.0,1.0,0.0,0.0,Pantsir-S1
ussr_2s19_m2,7.0,,,0.0,,1.0,69.0,47.44,0.05,0.04,0.65,0.78,0.0,,,,,,2С19М2
uk_skink_aa,8.0,0.0,2.0,,0.0,,111.0,19.44,1.53,1.62,0.19,0.38,0.0,,,,,,Skink
sw_stormpjas_fm43_44,7.0,,,,,,0.0,,,,,,0.0,,,,,,Spj_fm/43-44
mirage_2000c_s4,7.0,,,,,,84.0,72.08,4.73,12.46,0.0,0.0,5.0,,,,,,Mirage_2000C-S4
mirage_3c,9.0,,,0.86,,0.0,204.0,73.19,1.99,2.61,0.13,0.22,0.0,,,,,,Mirage_IIIC
mirage_4000,7.0,,,,,,1.0,,,,,,0.0,,,,,,Mirage_4000
hunter_f58a_1971_switzerland,7.0,,,,,,36.0,100.0,2.12,2.42,0.5,0.32,0.0,,,,,,◌Hunter_F.58A_(1971)
germ_pzkpfw_VI_tiger_P,8.0,,,0.0,,4.0,22.0,,,0.0,,2.0,0.0,,,,,,VK_45.01_(P)
ussr_gaz_mm_72k,8.0,,,,,,34.0,0.0,0.0,0.29,5.38,2.79,0.0,,,,,,GAZ-MM_(72-K)
us_m10_booker_late,6.0,,,0.0,,2.0,662.0,61.55,0.0,0.0,1.81,1.48,0.0,,,,,,M10_Booker
us_xm_8,6.0,100.0,0.0,0.0,3.0,3.0,70.0,71.11,0.0,0.0,2.62,3.16,0.0,,,,,,XM8
us_m18_super_hellcat,8.0,100.0,0.0,0.0,2.75,2.75,304.0,59.2,0.0,0.0,2.76,2.04,0.0,,,,,,Super_Hellcat
uk_cruiser_ram_1,6.0,,,0.0,,3.0,6.0,,,0.0,,1.0,0.0,,,,,,Ram_I
a6m3_mod22ko_zero,7.0,0.0,3.5,3.5,0.0,0.0,10.0,100.0,0.0,,0.0,,0.0,,,,,,A6M3_mod._22Ko
uk_challenger_2_dorchester,8.0,,,0.0,,2.5,247.0,50.0,0.0,0.0,1.91,1.65,0.0,,,,,,Challenger_2_(2F)
i-16_type10,7.0,,,1.0,,0.0,0.0,,,,,,0.0,,,,,,I-16_type_10
il_magach_6b,5.0,,,,,,71.0,97.85,0.0,0.0,2.93,4.18,0.0,,,,,,Magach_6B
sw_strf_9056,6.0,,,0.0,,1.0,212.0,49.0,0.2,0.2,0.78,0.71,0.0,,,,,,Strf_9040_BILL
germ_mkpz_m47,8.0,,,0.0,,1.0,0.0,,,,,,0.0,,,,,,mKPz_M47_G
bf-109e-1,8.0,,,,,,38.0,61.11,1.5,0.76,0.61,0.48,0.0,,,,,,Bf_109_E-1
uk_sp_17_pdr_valentine,6.0,,,,,,0.0,,,,,,0.0,,,,,,Archer
cn_type_97_kai,6.0,,,0.0,,1.0,19.0,,,0.0,,1.37,0.0,,,,,,Chi-Ha_Kai_(China)
us_m247,7.0,,,,,,228.0,60.65,1.52,1.56,0.12,0.14,0.0,,,,,,M247
fw_190f_8_hungary,9.0,,,0.14,,2.14,15.0,,,1.0,,2.0,0.0,,,,,,◔Fw_190_F-8
us_m60a3_slep,6.0,,,,,,15.0,,,0.0,,2.33,0.0,,,,,,M60_AMBT
uk_challenger_II,8.0,,,,,,327.0,56.67,0.0,0.0,2.05,2.06,55.0,66.67,0.0,0.0,3.81,2.87,uk_challenger_ii_shop
cn_lvt_4_zis_2,6.0,,,,,,14.0,100.0,0.0,0.0,2.0,2.0,0.0,,,,,,LVT(A)(4)_(ZiS-2)
i-153_m62,7.0,,,1.0,,0.0,0.0,,,,,,0.0,,,,,,I-153_M-62
germ_sppz2_luchs_a2,6.0,0.0,0.0,0.0,1.0,1.0,85.0,24.24,0.83,0.58,0.12,0.22,0.0,,,,,,Luchs_A2
us_mim_72_chaparral,8.0,100.0,1.0,0.13,0.0,0.0,40.0,52.94,0.53,0.47,0.0,0.0,0.0,,,,,,Imp.Chaparral
us_xm_800t,8.0,,,,,,2355.0,57.12,0.01,0.0,1.55,1.37,8.0,50.0,0.0,0.0,1.5,1.5,XM800T
us_m3_bradley,8.0,,,0.0,,0.0,595.0,59.28,0.09,0.09,1.6,1.32,0.0,,,,,,M3_Bradley
amx,7.0,100.0,1.0,1.0,4.0,4.0,0.0,,,,,,0.0,,,,,,AMX
il_28_china,7.0,,,1.0,,4.0,0.0,,,,,,0.0,,,,,,H-5
germ_pzkpfw_III_ausf_J,8.0,50.0,0.5,0.5,4.5,4.5,18.0,,,,,,0.0,,,,,,Pz.III_J1
mirage_5ba,7.0,100.0,1.0,1.0,4.0,4.0,0.0,,,,,,0.0,,,,,,Mirage_5BA
mosquito_j30_sweden,6.0,,,3.0,,0.33,37.0,66.67,0.33,0.05,1.0,1.0,0.0,,,,,,Mosquito_J30
f-104g_italy,7.0,100.0,2.0,2.0,4.0,4.0,0.0,,,,,,0.0,,,,,,F-104G
it_semovente_m42_75_34,8.0,50.0,0.0,0.0,4.0,4.0,0.0,,,,,,0.0,,,,,,75/34_M42
f-104s,7.0,100.0,1.0,1.0,3.0,3.0,0.0,,,,,,1.0,,,1.0,,0.0,F-104S
tornado_ids_it,7.0,100.0,2.0,2.0,2.0,2.0,0.0,,,,,,0.0,,,,,,Tornado_IDS
germ_pzkpfw_III_ausf_B,5.0,100.0,0.0,,2.8,,30.0,80.56,0.0,0.0,2.19,2.12,0.0,,,,,,Pz.III_B
mig-21_bis_sau_hungary,7.0,100.0,1.0,1.0,2.0,2.0,75.0,40.0,1.0,1.3,0.0,0.0,22.0,,,1.0,,0.0,◔MiG-21bis-SAU
f-86f-30_china,7.0,,,1.29,,1.0,28.0,100.0,1.88,2.33,0.88,1.0,0.0,,,,,,F-86F-30_(China)
jaguar_e,7.0,100.0,1.0,1.0,2.0,2.0,52.0,50.0,0.5,1.0,2.0,4.0,0.0,,,,,,Jaguar_E
meteor_fmk8_iaf,7.0,,,2.0,,1.0,24.0,50.0,1.3,1.7,0.8,1.0,0.0,,,,,,Meteor_F.8_(Israel)
f-5t_thailand,7.0,,,,,,46.0,50.0,1.09,1.97,0.56,1.0,0.0,,,,,,F-5T_SCU
f_20a,6.0,,,2.5,,1.5,194.0,55.91,1.11,1.25,0.42,0.46,0.0,,,,,,F-20A
it_m14_41_47_40,8.0,50.0,0.0,0.0,1.5,3.0,0.0,,,,,,0.0,,,,,,M14/41_(47/40)
vampire_fb52a_italy,6.0,100.0,2.0,2.0,0.0,0.0,7.0,,,,,,0.0,,,,,,Vampire_FB_52A
meteor_frmk9_iaf,7.0,,,1.0,,1.0,21.0,100.0,1.0,1.0,1.0,1.0,0.0,,,,,,Meteor_FR.9_(Israel)
mig-21_mf_hungary,7.0,100.0,1.0,1.0,1.0,1.0,47.0,57.14,1.14,2.0,0.0,0.0,0.0,,,,,,◔MiG-21MF
f8f1b_france,7.0,,,2.0,,0.0,177.0,80.75,1.26,1.65,2.07,2.75,0.0,,,,,,F8F-1B
it_m55,7.0,,,,,,8.0,,,0.0,,1.0,0.0,,,,,,M55
i-16_type5,7.0,,,2.71,,0.0,81.0,100.0,7.11,12.41,1.48,2.63,0.0,,,,,,I-16_type_5
lancaster_mk3,7.0,,,,,,21.0,0.0,0.0,0.0,0.0,0.0,0.0,,,,,,Lancaster_B_Mk_III
f-8e_fn,7.0,100.0,1.29,1.29,1.0,1.0,48.0,50.0,1.0,1.0,0.3,0.3,0.0,,,,,,F-8E(FN)
me_210a_1,7.0,,,1.0,,3.86,14.0,,,0.0,,0.0,0.0,,,,,,Me_210_A-1
f_15e,5.0,100.0,1.0,1.0,1.0,0.6,1224.0,58.18,0.83,0.93,2.2,2.41,78.0,,,2.14,,2.36,F-15E
fw-190d-12,7.0,100.0,1.0,1.0,0.0,0.0,44.0,,,0.56,,1.0,0.0,,,,,,Fw_190_D-12
mig-9_china,7.0,,,2.0,,1.0,43.0,,,1.0,,0.0,0.0,,,,,,MiG-9_(China)
tu-2,7.0,,,1.0,,1.0,60.0,56.86,0.65,0.29,2.52,1.26,0.0,,,,,,Tu-2S
mig-15bis_nr23_german,7.0,,,1.0,,0.0,84.0,65.11,1.85,1.88,0.78,0.8,0.0,,,,,,◊MiG-15bis
md_450b_barougan,7.0,,,1.0,,0.0,2.0,,,2.0,,2.0,0.0,,,,,,M.D.450B_Barougan
sw_zsu_57_2,5.0,62.5,0.0,0.0,1.0,1.5,304.0,52.33,0.0,0.0,1.5,0.99,0.0,,,,,,ZSU-57-2
j_15t,6.0,50.0,1.5,1.5,0.0,0.0,288.0,59.12,1.37,2.2,0.24,0.37,5.0,,,1.0,,0.0,J-15T
g8n1,7.0,,,0.0,,1.0,106.0,50.0,1.12,1.37,0.03,0.06,0.0,,,,,,G8N1
spitfire_mk18e,7.0,,,,,,0.0,,,,,,0.0,,,,,,Spitfire_F_Mk_XVIIIe
su-9,6.0,50.0,1.5,3.0,1.0,2.0,247.0,47.93,0.53,0.63,0.57,0.72,0.0,,,,,,Su-9
fiat_g91_ps,6.0,,,,,,0.0,,,,,,0.0,,,,,,G.91_pre-serie
fa_18c_early,7.0,,,1.0,,0.0,1477.0,52.39,0.97,1.07,0.43,0.49,28.0,,,1.52,,0.78,F/A-18C_Early
f4u-7,7.0,,,,,,125.0,59.2,1.0,0.98,2.41,2.86,0.0,,,,,,F4U-7
tu_4_china,7.0,100.0,0.0,0.0,1.0,1.0,0.0,,,,,,0.0,,,,,,Tu-4_(China)
xf5u_1,7.0,,,1.0,,0.0,18.0,,,,,,0.0,,,,,,XF5U-1
mig-9_late_china,7.0,,,2.0,,0.0,0.0,,,,,,0.0,,,,,,MiG-9_(l)_(China)
germ_pzkpfw_38t_Marder_III_ausf_H,8.0,50.0,0.0,0.0,3.5,7.0,31.0,41.18,0.0,0.0,1.44,1.39,0.0,,,,,,Marder_III_H
ussr_t_50,7.0,,,,,,128.0,72.58,0.0,0.0,4.16,2.06,0.0,,,,,,T-50
la-9_china,7.0,,,,,,39.0,62.64,0.94,1.56,0.4,0.68,2.0,,,,,,La-9_(China)
fr_lorraine_100,8.0,50.0,0.0,0.0,1.0,1.0,106.0,56.99,0.0,0.0,2.52,3.68,0.0,,,,,,CA_Lorraine
cn_hj_9,6.0,,,0.0,,1.0,75.0,65.44,0.0,0.0,3.21,2.53,0.0,,,,,,AFT09
ki_84_ko,7.0,,,1.0,,0.0,26.0,66.67,1.07,1.63,0.59,1.03,1.0,,,,,,Ki-84_ko
f_106a_1972,6.0,50.0,1.0,2.0,0.0,0.0,139.0,20.12,4.78,3.01,0.0,0.0,16.0,,,,,,F-106A
f9f-2,5.0,,,0.0,,0.4,0.0,,,,,,0.0,,,,,,F9F-2
ussr_btr_152a,7.0,0.0,1.0,,0.0,,42.0,11.31,0.38,0.46,0.0,0.0,0.0,,,,,,BTR-152A
yak-28b,7.0,,,0.0,,1.0,40.0,50.0,0.48,0.79,0.5,0.83,0.0,,,,,,Yak-28B
b-17g,7.0,,,,,,0.0,,,,,,0.0,,,,,,B-17G-60-VE
il_magach_6m,6.0,,,,,,89.0,48.92,0.0,0.0,1.19,1.32,0.0,,,,,,Magach_6M
jp_type_1_chi_he,5.0,,,,,,66.0,31.58,0.0,0.0,2.82,1.94,0.0,,,,,,Chi-He
p-47d_22_re,6.0,100.0,1.0,0.67,1.0,0.67,56.0,100.0,1.68,2.17,2.12,3.42,0.0,,,,,,P-47D-22-RE
f-80,5.0,,,,,,55.0,26.67,0.84,0.84,0.69,0.69,0.0,,,,,,F-80C-10
pbm_3,7.0,,,,,,0.0,,,,,,0.0,,,,,,"PBM-3_""Mariner"""
germ_leopard_2av,9.0,0.0,0.0,0.0,0.0,0.0,192.0,75.06,0.0,0.0,5.79,3.65,0.0,,,,,,Leopard_2AV
us_m7,7.0,,,0.0,,0.43,0.0,,,,,,0.0,,,,,,M7
sw_strv_m42_eh,6.0,100.0,0.0,0.0,0.33,0.33,85.0,50.0,0.0,0.0,2.74,2.29,0.0,,,,,,Strv_m/42_EH
ussr_bmd_4,7.0,,,,,,436.0,49.31,0.0,0.0,1.41,1.21,11.0,,,,,,BMD-4
fr_somua_sm,8.0,100.0,0.0,,6.0,,810.0,66.06,0.0,0.0,3.79,2.42,8.0,,,0.0,,1.0,Somua_SM
bv-238,7.0,100.0,3.5,2.88,8.0,6.75,7.0,,,,,,0.0,,,,,,BV_238
us_m4a2_1944_germ,6.0,,,0.0,,2.0,2.0,,,0.0,,1.0,0.0,,,,,,M4_748_(a)
cn_zsl_92,5.0,,,,,,98.0,57.94,0.0,0.0,0.84,0.85,0.0,,,,,,ZSL92
germ_pzkpfw_IV_ausf_F,7.0,100.0,0.0,0.0,4.25,3.75,39.0,0.0,0.0,0.0,6.5,2.35,0.0,,,,,,Pz.IV_F1
germ_leopard_2a4m_can,5.0,,,0.0,,2.0,1224.0,50.6,0.0,0.0,1.88,1.73,0.0,,,,,,Leopard_2A4M
fa_18a,5.0,90.0,1.8,2.0,0.0,0.0,204.0,57.12,1.53,1.82,0.34,0.43,45.0,,,1.8,,0.0,F/A-18A
yak-9t_france,6.0,,,2.0,,0.0,23.0,,,,,,0.0,,,,,,Challe's_Yak-9T
fr_amx_13_chaffee,4.0,,,,,,120.0,68.38,0.0,0.0,2.07,2.47,0.0,,,,,,AMX-13-M24
f_16a_block_10,5.0,,,,,,256.0,81.66,0.82,0.98,2.7,3.37,0.0,,,,,,F-16A
sw_sav_m43_1946,5.0,,,,,,3.0,,,0.0,,0.0,0.0,,,,,,Sav_m/43_(1946)
iar_81c,6.0,,,,,,5.0,,,0.0,,1.0,0.0,,,,,,IAR-81C
sm_79_iar_italy,6.0,,,,,,0.0,,,,,,0.0,,,,,,S.M.79_B
mig-17_f5,4.0,,,1.0,,0.0,33.0,100.0,3.0,3.0,0.19,0.0,0.0,,,,,,Shenyang_F-5
shackleton_mr_mk_2,6.0,,,1.0,,1.0,0.0,,,,,,0.0,,,,,,Shackleton_MR.Mk.2
a6m2_zero_china,6.0,,,1.0,,0.0,18.0,,,,,,0.0,,,,,,A6M2_(China)
re_2005_serie0,5.0,,,,,,14.0,50.0,0.5,0.05,0.5,0.05,0.0,,,,,,Re.2005_serie_0
yak-15,5.0,,,,,,53.0,62.07,1.55,2.69,0.59,0.97,0.0,,,,,,Yak-15
ki_61_2_early,4.0,50.0,1.25,2.5,0.0,0.0,40.0,,,,,,0.0,,,,,,Ki-61-II_Otsu_Kai
sw_strv_121,4.0,37.5,0.0,0.0,1.25,2.0,588.0,54.42,0.0,0.0,1.61,1.43,0.0,,,,,,Strv_121
sw_leopard_1a5no,6.0,,,0.0,,2.0,221.0,40.46,0.0,0.0,3.32,1.89,0.0,,,,,,Leopard_1A5NO2
f_14d,5.0,100.0,1.0,1.0,0.0,0.0,1110.0,49.84,1.13,1.25,0.03,0.04,0.0,,,,,,F-14D
it_semovente_m43_75_46,6.0,100.0,0.0,0.0,0.0,0.25,1.0,,,0.0,,1.0,0.0,,,,,,75/46_M43
saab_b17a,5.0,0.0,0.0,0.0,2.0,2.0,0.0,,,,,,0.0,,,,,,B17A
us_t86,4.0,,,0.0,,1.0,84.0,70.0,0.0,0.0,2.25,2.36,0.0,,,,,,T86
jp_type_60_sprg,5.0,,,,,,460.0,56.12,0.0,0.0,2.59,1.73,0.0,,,,,,Type_60_SPRG_(C)
us_m1296_dragoon,4.0,,,0.0,,0.0,132.0,54.0,0.0,0.0,1.09,0.79,0.0,,,,,,M1296
beaufort_mkviii,4.0,,,0.0,,0.0,0.0,,,,,,0.0,,,,,,Beaufort_Mk_VIII
iar_93b,4.0,100.0,6.0,6.0,11.0,11.0,20.0,42.86,1.07,1.5,0.64,0.64,0.0,,,,,,IAR-93B
germ_pzkpfw_e_100,4.0,,,,,,0.0,,,,,,0.0,,,,,,E-100
ussr_object_416,5.0,,,,,,9.0,,,0.0,,3.0,0.0,,,,,,Объект_416
kfir_c10_colombia,4.0,100.0,6.0,6.0,1.0,1.0,45.0,68.0,1.47,2.38,0.3,0.42,104.0,100.0,12.29,2.73,0.0,0.0,◡Kfir_C.10
fa_18c_finland,4.0,100.0,6.0,6.0,0.0,0.0,0.0,,,,,,0.0,,,,,,F-18C
j_11a,4.0,50.0,3.0,6.0,0.5,1.0,81.0,78.23,1.9,1.1,0.0,0.0,0.0,,,,,,J-11A
saab_b18b,4.0,50.0,1.0,2.0,4.5,9.0,33.0,100.0,0.0,1.0,0.0,0.0,0.0,,,,,,B18B
i-16_type28,4.0,,,2.0,,1.0,0.0,,,,,,0.0,,,,,,I-16_type_28
it_leopard_bofors,4.0,,,0.0,,2.0,156.0,100.0,0.0,0.0,2.53,1.31,0.0,,,,,,Leopard_40/70
f_14b,5.0,100.0,5.0,1.67,0.0,0.0,94.0,47.7,0.47,0.74,0.0,0.0,6.0,,,0.0,,0.0,F-14B
it_otomatic,5.0,100.0,2.0,,0.0,,124.0,42.36,0.96,1.15,3.09,3.84,0.0,,,,,,OTOMATIC
sw_k9_vidar,5.0,,,0.0,,2.0,94.0,81.83,0.0,0.0,3.34,1.72,0.0,,,,,,VIDAR
mig-15_ns23,4.0,50.0,1.5,3.0,0.5,1.0,74.0,73.87,3.66,3.25,0.05,0.22,0.0,,,,,,MiG-15
i-16_type24,3.0,,,1.0,,1.0,0.0,,,,,,0.0,,,,,,I-16_type_24
yak-1b_luftwaffe,4.0,50.0,2.75,5.5,0.0,0.0,260.0,95.49,5.05,32.87,0.24,1.75,0.0,,,,,,Yak-1B
g_55s,5.0,100.0,2.0,1.6,0.0,0.0,110.0,60.75,2.62,5.65,0.64,1.39,0.0,,,,,,G.55S
f-4jk,3.0,,,3.0,,0.0,239.0,61.77,0.94,1.03,0.27,0.27,0.0,,,,,,F-4J(UK)_Phantom_II
us_m1128_wolfpack,5.0,,,0.0,,3.0,506.0,54.73,0.0,0.0,1.57,1.05,0.0,,,,,,M1128_Wolfpack
us_m60_120s,3.0,50.0,0.0,0.0,1.0,1.5,296.0,55.8,0.0,0.0,2.31,1.55,0.0,,,,,,120S
p-38e,6.0,100.0,1.2,1.0,0.0,0.0,0.0,,,,,,0.0,,,,,,P-38E
uk_chieftain_marksman,4.0,,,,,,128.0,65.22,1.28,0.77,1.3,0.72,0.0,,,,,,Chieftain_Marksman
sb_25j_netherlands,4.0,,,1.0,,1.0,0.0,,,,,,0.0,,,,,,◘SB-25J
p-40f_10,5.0,,,,,,12.0,50.0,0.5,0.5,1.5,1.5,0.0,,,,,,P-40F-10
p-51_a-36,5.0,100.0,3.0,3.0,1.0,1.0,28.0,0.0,1.89,1.28,0.0,0.37,0.0,,,,,,A-36
p-40e,5.0,,,1.0,,1.0,34.0,100.0,0.0,0.0,0.04,0.02,0.0,,,,,,P-40E-1
ki_100_early,4.0,50.0,1.25,2.5,0.0,0.0,41.0,100.0,1.0,0.57,2.85,1.87,0.0,,,,,,Ki-100
he51c1,5.0,,,,,,0.0,,,,,,0.0,,,,,,He_51_C-1
gladiator_mk2,4.0,,,1.0,,0.0,0.0,,,,,,0.0,,,,,,Gladiator_Mk_II
ki_43_3_ko,4.0,50.0,1.0,2.0,0.0,0.0,0.0,,,,,,0.0,,,,,,Ki-43-III_ko_(China)
ki_10_2,5.0,,,,,,0.0,,,,,,0.0,,,,,,Ki-10-II
sw_t_80u,5.0,,,0.0,,1.0,239.0,54.56,0.0,0.0,3.19,1.57,0.0,,,,,,T_80_U
f4u-1a,6.0,0.0,4.0,4.0,0.0,0.0,16.0,,,,,,0.0,,,,,,F4U-1A
bf-109f-2,4.0,,,,,,24.0,50.0,0.5,0.5,0.5,0.5,0.0,,,,,,Bf_109_F-2
p-36g,5.0,,,,,,0.0,,,,,,0.0,,,,,,P-36G
ki_10_1_commander,5.0,,,,,,0.0,,,,,,0.0,,,,,,Ki-10-I_C
bf-109f-1,4.0,,,,,,44.0,0.0,0.0,0.0,1.11,0.84,0.0,,,,,,Bf_109_F-1
ki_61_1a_tei,4.0,0.0,1.5,1.5,0.0,0.0,6.0,100.0,1.0,1.0,2.0,2.0,0.0,,,,,,Ki-61-I_tei
jp_type_16_mod,2.0,50.0,0.0,0.0,0.5,0.5,589.0,63.06,0.0,0.0,2.19,1.72,0.0,,,,,,Type_16_(FPS)
germ_th_400,4.0,100.0,0.0,0.0,2.0,2.0,179.0,54.73,0.0,0.0,2.49,1.25,0.0,,,,,,R400
ussr_bmp_2m,4.0,0.0,0.0,0.0,0.0,0.0,1006.0,44.17,0.02,0.0,1.07,0.85,11.0,,,0.0,,1.0,BMP-2M
sb2c_5_france,4.0,,,1.0,,0.0,12.0,,,0.0,,5.86,0.0,,,,,,SB2C-5
jp_type_3_ka_chi,4.0,,,,,,7.0,,,,,,0.0,,,,,,Ka-Chi
db_7,2.0,,,,,,24.0,50.0,0.0,0.0,0.0,0.04,0.0,,,,,,DB-7
ussr_ba_11,3.0,,,,,,54.0,9.68,0.0,0.0,2.94,2.01,0.0,,,,,,BA-11
seafire_mk3_france,3.0,,,,,,28.0,100.0,1.0,0.29,1.0,0.05,0.0,,,,,,Seafire_LF_Mk.III
germ_pzkpfw_38t_Marder_III,4.0,,,0.0,,2.0,0.0,,,,,,0.0,,,,,,Marder_III
j_10c,3.0,0.0,1.0,1.0,1.0,1.0,53.0,93.65,3.11,2.72,0.36,0.3,0.0,,,,,,J-10C
it_semovente_breda_501,4.0,100.0,0.0,0.0,3.0,3.0,98.0,100.0,0.0,0.0,3.9,2.78,0.0,,,,,,Breda_501
seafire_fr47,4.0,,,1.0,,1.0,0.0,,,,,,0.0,,,,,,Seafire_FR_47
germ_sdkfz_251_22,4.0,,,,,,10.0,,,0.0,,0.8,0.0,,,,,,Sd.Kfz.251/22
mig_3_series_1_15_bk_pod,3.0,100.0,3.0,3.0,2.0,2.0,0.0,,,,,,0.0,,,,,,MiG-3-15_(BK)
us_t54e2,3.0,,,,,,0.0,,,,,,0.0,,,,,,T54E2
uk_vickers_mk7,4.0,50.0,0.0,0.0,1.5,1.5,100.0,48.5,0.0,0.0,2.75,2.23,0.0,,,,,,Vickers_Mk.7
av_8a,0.0,,,,,,210.0,48.83,0.86,1.06,0.76,0.94,0.0,,,,,,AV-8A
us_m4a3_105_sherman,4.0,,,,,,86.0,0.0,0.0,0.0,7.11,3.12,0.0,,,,,,M4A3_(105)
us_mbt_70,4.0,,,,,,1396.0,56.79,0.0,0.0,1.84,1.48,0.0,,,,,,MBT-70
spitfire_ix_usa,3.0,,,,,,271.0,58.87,1.23,1.26,1.73,1.73,17.0,,,,,,Spitfire_LF_Mk_IXc
sw_pvlvv_fm42,4.0,,,,,,2.0,0.0,0.0,0.0,2.0,2.0,0.0,,,,,,Pvlvv_fm/42
tu_95m,3.0,,,,,,11.0,58.34,0.4,1.0,0.85,2.0,0.0,,,,,,Ту-95М
j_11b,3.0,,,,,,27.0,50.0,1.21,2.17,0.0,0.0,0.0,,,,,,J-11B
cn_m_41d,3.0,100.0,0.0,0.0,1.0,1.0,212.0,61.61,0.0,0.0,1.66,1.25,0.0,,,,,,M41D
fw-190a-5_japan,4.0,,,,,,59.0,83.33,0.77,1.32,1.27,1.07,0.0,,,,,,Fw_190_A-5
f_16a_block_5_netherlands,2.0,,,3.0,,8.0,21.0,,,0.0,,0.57,0.0,,,,,,◘F-16A
av_8b_na,2.0,100.0,1.0,1.0,5.0,5.0,315.0,58.01,0.87,0.93,0.62,0.69,22.0,,,0.0,,5.0,AV-8B_(NA)
f-4f_kws_lv,2.0,,,4.0,,0.0,265.0,37.23,1.24,1.27,0.13,0.14,23.0,,,0.05,,0.0,◄F-4F_KWS_LV
mosquito_fb_mk26_china,3.0,,,1.0,,3.0,11.0,58.33,3.0,,3.25,,0.0,,,,,,Mosquito_FB.Mk.26
ariete,2.0,,,4.0,,0.0,207.0,70.3,2.77,5.23,1.77,3.08,36.0,,,4.45,,0.0,Ariete
f_111a,2.0,,,,,,70.0,46.97,0.46,0.46,2.17,2.17,14.0,,,0.0,,0.0,F-111A
ki_43_2,1.0,,,,,,57.0,94.05,0.0,0.0,0.63,1.0,0.0,,,,,,Ki-43-II
sw_pvkv_III,1.0,,,,,,16.0,,,0.0,,0.31,0.0,,,,,,Pvkv_III
saab_ja37di_f21,2.0,,,3.0,,1.0,386.0,51.35,1.04,1.13,0.23,0.22,66.0,,,1.05,,0.0,JA37DI_F21
b_25j_30_china,3.0,,,1.0,,2.0,0.0,,,,,,0.0,,,,,,B-25J-30_(China)
f-5e_fcu_thailand,2.0,0.0,5.0,5.0,2.0,2.0,365.0,55.02,1.26,1.35,0.34,0.41,0.0,,,,,,F-5E_FCU
yak-23,2.0,50.0,1.5,3.0,0.5,1.0,54.0,36.21,2.03,1.81,0.98,0.92,0.0,,,,,,Yak-23
sw_strf_90c,1.0,,,1.0,,2.0,115.0,81.06,0.0,0.0,2.17,2.14,0.0,,,,,,Strf_9040C
mig_23mf_germany,2.0,,,2.0,,0.0,0.0,,,,,,57.0,,,2.29,,0.0,◊MiG-23MF
sw_vickers_mk_e_37,2.0,,,,,,0.0,,,,,,0.0,,,,,,Vickers_Mk.E
f-4ej_adtw,2.0,,,2.0,,0.0,442.0,50.78,1.98,2.17,0.56,0.63,0.0,,,,,,F-4EJ_ADTW
uk_a_13_mk1_3rd_rtr,3.0,,,,,,1.0,,,,,,0.0,,,,,,A13_Mk_I_(3rd_R.T.R.)
uk_a27m_cromwell_5_rp3,3.0,,,0.0,,3.33,12.0,,,0.0,,1.0,0.0,,,,,,Cromwell_V_(RP-3)
f_14a_early,3.0,,,1.33,,0.0,117.0,50.0,0.95,1.01,0.0,0.0,12.0,,,,,,F-14A_Early
it_ab_43,1.0,100.0,0.0,0.0,2.0,2.0,23.0,,,0.0,,1.03,0.0,,,,,,AB_43
p-51b_7_sweden,2.0,,,,,,45.0,,,1.38,,0.94,0.0,,,,,,J26_David
su_25_558arz,2.0,100.0,3.0,3.0,1.0,1.0,172.0,28.28,0.17,0.16,1.5,1.38,6.0,,,0.0,,0.0,Su-25BM
it_p_40,3.0,,,,,,8.0,100.0,0.0,0.0,5.0,2.5,0.0,,,,,,P40
saab_jas39e,2.0,,,,,,244.0,54.2,1.4,2.12,1.03,1.65,101.0,0.0,7.07,1.04,0.0,0.09,JAS39E
cn_is_2_1944,2.0,,,0.0,,3.5,40.0,100.0,0.0,0.0,2.43,1.89,0.0,,,,,,IS-2_(1944)_(China)
fa_18a_raaf,1.0,,,,,,74.0,50.0,1.25,2.4,0.95,1.85,0.0,,,,,,F/A-18A
cn_type_62,1.0,,,0.0,,1.0,160.0,52.04,0.0,0.0,0.67,0.59,10.0,,,0.0,,1.0,Type_62
cn_pgz_625_fb10,1.0,,,,,,124.0,41.94,0.94,0.64,0.3,0.15,0.0,,,,,,CS/SA5
cn_type_69,3.0,,,0.0,,2.0,58.0,51.33,0.0,0.0,1.69,2.15,0.0,,,,,,Type_69
p-51a_tl,2.0,50.0,0.5,0.5,0.5,0.5,35.0,4.76,1.81,0.38,3.24,1.0,0.0,,,,,,P-51A
cf_188a_canada,1.0,,,,,,240.0,49.76,1.45,1.39,0.2,0.18,39.0,,,0.69,,0.38,CF-188A
me-410b-1_u2,2.0,,,,,,0.0,,,,,,0.0,,,,,,Me_410_B-1/U2
cn_m1a2t,1.0,,,0.0,,1.0,96.0,98.92,0.0,0.0,5.21,3.62,0.0,,,,,,M1A2T
germ_flakpz_1a2_Gepard,2.0,,,0.0,,1.0,241.0,40.08,0.77,0.44,0.58,0.36,0.0,,,,,,Gepard_1A2
il-2i,2.0,100.0,2.0,2.0,2.0,2.0,6.0,,,0.0,,2.17,0.0,,,,,,IL-2_(1942)
germ_raketenjagdpanzer_2,1.0,,,0.0,,0.0,18.0,50.0,0.0,0.0,1.0,1.0,0.0,,,,,,RakJPz_2
su_22m3,2.0,,,,,,229.0,54.84,0.19,0.17,1.05,0.61,13.0,,,,,,Su-22M3
germ_sdkfz_6_2_flak36,2.0,,,,,,15.0,38.89,0.78,1.56,0.61,1.0,0.0,,,,,,Sd.Kfz._6/2
sw_itpsv_90,2.0,,,0.0,,2.0,841.0,45.73,0.21,0.13,1.97,1.43,0.0,,,,,,ItPsV_Leopard
j_8f,2.0,,,1.0,,0.0,7.0,100.0,2.0,2.0,0.0,0.0,0.0,,,,,,J-8F
b_24d,1.0,,,0.0,,1.0,0.0,,,,,,0.0,,,,,,B-24D-25-CO
ki-27_otsu,1.0,,,3.0,,0.0,0.0,,,,,,0.0,,,,,,Ki-27_otsu
saab_ja37di,2.0,,,,,,12.0,50.0,1.0,1.0,0.5,0.36,0.0,,,,,,JA37DI
sw_pvrbv_551,1.0,0.0,0.0,0.0,1.0,1.0,66.0,28.79,0.0,0.0,2.21,1.24,0.0,,,,,,Pvrbv_551
p-47m-1-re,3.0,,,,,,115.0,92.51,0.89,0.93,3.68,2.84,0.0,,,,,,P-47M-1-RE
fr_amx_10p,3.0,,,0.0,,0.0,366.0,56.74,0.78,0.71,0.64,0.58,0.0,,,,,,AMX-10P
do_217n_1,2.0,,,0.0,,0.0,0.0,,,,,,0.0,,,,,,Do_217_N-1
yak-15_early,1.0,,,,,,75.0,100.0,2.8,1.45,0.13,0.07,0.0,,,,,,Yak-15P
us_m1_abrams_kvt,1.0,,,0.0,,0.0,1171.0,57.08,0.0,0.0,2.64,2.09,0.0,,,,,,M1_KVT
germ_schutzenpanzer_puma_vjtf,3.0,,,,,,376.0,43.35,0.03,0.02,1.3,0.98,0.0,,,,,,PUMA_VJTF
sw_strv_103a,1.0,0.0,0.0,0.0,0.0,0.0,151.0,42.15,0.0,0.0,2.43,2.34,0.0,,,,,,Strv_103A
it_44m_zrinyi_1,2.0,,,,,,109.0,35.61,0.0,0.0,2.86,2.14,0.0,,,,,,Zrinyi_I
f_101c,2.0,,,,,,25.0,10.0,0.47,0.33,2.0,1.73,0.0,,,,,,F-101C
f-86f-30_japan,2.0,,,,,,52.0,93.55,1.79,2.3,0.59,0.84,0.0,,,,,,F-86F-30_
mosquito_b_mk16,2.0,0.0,0.0,,5.0,,0.0,,,,,,0.0,,,,,,Mosquito_B.Mk.XVI
ef_2000_fgr4,2.0,,,,,,57.0,75.76,1.31,1.35,0.0,0.0,0.0,,,,,,Typhoon_FGR.4
intruder_mk_1,2.0,,,,,,0.0,,,,,,0.0,,,,,,Havoc_Mk_I
lagg-3-66,1.0,100.0,6.0,,6.0,,0.0,,,,,,0.0,,,,,,LaGG-3-66
germ_pzkpfw_V_ersatz_m10,2.0,100.0,0.0,0.0,5.0,5.0,21.0,,,0.0,,4.14,0.0,,,,,,Ersatz_M10
p-47d,0.0,,,,,,12.0,,,0.0,,0.0,0.0,,,,,,P-47D-25
bf-109a_1,0.0,,,,,,0.0,,,,,,0.0,,,,,,Flegel's_Bf_109_A
fw_190a_5_u14,2.0,,,,,,0.0,,,,,,0.0,,,,,,Fw_190_A-5/U14
ussr_t_26_1940,0.0,,,,,,0.0,,,,,,0.0,,,,,,T-26
jp_stingray,1.0,,,0.0,,2.0,216.0,54.37,0.0,0.0,1.47,2.02,0.0,,,,,,Stingray
uk_t_90s_bheeshma,1.0,,,0.0,,1.0,124.0,62.22,0.0,0.0,4.7,2.65,0.0,,,,,,Bhishma_TWMP
jp_type_16_mcv_prot,1.0,,,,,,405.0,49.08,0.0,0.0,1.14,1.34,17.0,,,0.0,,0.0,Type_16_(P)
it_pzh_2000_hu,0.0,,,,,,44.0,100.0,0.0,0.0,6.27,2.5,0.0,,,,,,PzH_2000HU
us_t30,0.0,,,,,,165.0,60.09,0.0,0.0,2.83,2.98,0.0,,,,,,T30
us_m1_abrams,0.0,,,,,,1040.0,53.22,0.0,0.0,2.34,2.05,0.0,,,,,,M1_Abrams
saab_a21rb,0.0,,,,,,41.0,50.0,1.0,0.61,1.0,0.61,0.0,,,,,,A21RB
mc-205_serie3,2.0,,,,,,34.0,100.0,2.34,2.0,0.72,0.22,0.0,,,,,,C._205_serie_3
leo_451_late,2.0,,,,,,2.0,50.0,0.5,1.0,4.0,8.0,0.0,,,,,,LeO_451_late
p-51c-10-nt,0.0,,,,,,68.0,64.2,0.31,0.33,0.94,0.96,0.0,,,,,,P-51C-10
b_25j_1,1.0,,,0.0,,1.0,0.0,,,,,,0.0,,,,,,B-25J-1
it_l3_cc,2.0,,,0.0,,0.0,0.0,,,,,,0.0,,,,,,L3/33_CC
p-51c-11-nt_japan,2.0,,,,,,41.0,97.33,1.84,3.08,0.36,1.12,0.0,,,,,,P-51C-11-NT
bv-138c-1,0.0,,,,,,0.0,,,,,,0.0,,,,,,BV_138_C-1
re_2000_heja_2,0.0,,,,,,6.0,100.0,3.0,3.0,0.0,0.0,0.0,,,,,,◔Héja_II
b_34,0.0,,,,,,19.0,100.0,0.0,0.0,3.0,3.0,0.0,,,,,,B-34
mig-21_bison,0.0,,,,,,353.0,52.13,1.2,1.46,0.1,0.14,19.0,,,1.0,,0.0,MiG-21_Bison
mc200_serie7_italy,0.0,,,,,,0.0,,,,,,0.0,,,,,,C._200_serie_7
b5n2,0.0,,,,,,19.0,50.0,0.0,0.0,0.5,1.0,6.0,100.0,0.0,0.0,3.0,3.0,B5N2
us_m8a1,0.0,,,,,,5.0,,,0.0,,1.25,0.0,,,,,,M8A1_GMC
douglas_ad_4,0.0,,,,,,42.0,,,,,,0.0,,,,,,AD-4
il_magach_6a,0.0,,,,,,19.0,0.0,0.0,0.0,1.0,0.63,0.0,,,,,,Magach_6A
mig_21_bis_finland,0.0,,,,,,95.0,59.41,1.04,2.12,0.28,0.64,0.0,,,,,,MiG-21bis
b6n1,0.0,,,,,,0.0,,,,,,0.0,,,,,,B6N1_Model_11
er-2_ach30b_late,0.0,,,,,,0.0,,,,,,0.0,,,,,,Yer-2_(ACh-30B)_(l)
so_4050_vautour_2b,0.0,,,,,,0.0,,,,,,0.0,,,,,,S.O.4050_Vautour_IIB
it_40m_turan_1,0.0,,,,,,22.0,37.5,0.0,0.0,1.56,2.45,0.0,,,,,,Turan_I
so_4050_vautour_2a,0.0,,,,,,0.0,,,,,,0.0,,,,,,S.O.4050_Vautour_IIA
it_m13_40_serie_3,0.0,,,,,,6.0,,,,,,0.0,,,,,,M13/40_(III)
germ_sturmpanzer_II,0.0,,,,,,21.0,100.0,0.0,0.0,0.0,0.55,0.0,,,,,,Sturmpanzer_II
ju-88a-4,0.0,,,,,,0.0,,,,,,0.0,,,,,,Ju_88_A-4
bf-109e-4,0.0,,,,,,0.0,,,,,,0.0,,,,,,Bf_109_E-4
ussr_t_28,1.0,,,,,,92.0,69.23,0.0,0.0,6.31,3.68,0.0,,,,,,T-28
ki_21_1hei,0.0,,,,,,0.0,,,,,,0.0,,,,,,Ki-21-I_hei
lagg-3-11,0.0,,,,,,0.0,,,,,,0.0,,,,,,LaGG-3-11
it_semovente_m43_105,0.0,,,,,,31.0,,,,,,0.0,,,,,,105/25_M43
f-5e_aidc,0.0,,,,,,0.0,,,,,,0.0,,,,,,F-5E_(China)
it_oto_r3_106sr,0.0,,,,,,161.0,77.63,0.0,0.0,2.49,1.41,0.0,,,,,,R3_T106_FA
f-104j,0.0,,,,,,0.0,,,,,,0.0,,,,,,F-104J
p-40f-5_france_ep,0.0,,,,,,0.0,,,,,,0.0,,,,,,P-40F-5_Lafayette
uk_daimler_mk_2,0.0,,,,,,28.0,,,0.0,,0.0,0.0,,,,,,Daimler_Mk_II
hawk_200,0.0,,,,,,0.0,,,,,,0.0,,,,,,Hawk_200
md_450b_ouragan_iaf,0.0,,,,,,52.0,0.0,0.33,0.42,1.38,0.82,0.0,,,,,,M.D.450B_Ouragan_(Israel)
a_7e,0.0,,,,,,2.0,50.0,0.0,0.0,1.0,2.0,0.0,,,,,,A-7E
cn_plz_05,0.0,,,,,,156.0,73.67,0.0,0.0,2.68,1.35,0.0,,,,,,PLZ05
am_1_mauler,0.0,,,,,,73.0,76.32,0.39,0.91,2.56,2.37,0.0,,,,,,AM-1
etndard_4m,0.0,,,,,,0.0,,,,,,0.0,,,,,,Etendard_IVM
tu-2_postwar_china,0.0,,,,,,13.0,100.0,0.0,0.0,4.29,4.29,0.0,,,,,,Tu-2S-44_(China)
meteor_nfmk13,0.0,,,,,,21.0,100.0,1.0,1.0,4.0,4.0,0.0,,,,,,Meteor_NF.13_(Israel)
meteor_fmk3_navy,0.0,,,,,,91.0,84.73,2.15,4.11,1.45,2.64,0.0,,,,,,Sea_Meteor_F_Mk_3
fr_amx_50_foch,0.0,,,,,,67.0,61.11,0.0,0.0,1.37,1.41,0.0,,,,,,AMX-50_Foch
b_26b_c,0.0,,,,,,0.0,,,,,,0.0,,,,,,B-26B
us_t32e1,0.0,,,,,,42.0,0.0,0.0,0.0,5.0,1.78,0.0,,,,,,T32E1
sw_lvkv_90c,0.0,,,,,,198.0,49.07,1.13,0.89,1.23,1.1,0.0,,,,,,Lvkv_9040C
mc-205_n2,0.0,,,,,,88.0,54.0,2.12,3.92,0.0,0.0,0.0,,,,,,C._205N2
la-5fn_luftwaffe,0.0,,,,,,0.0,,,,,,0.0,,,,,,La-5FN
do_217j_2,0.0,,,,,,0.0,,,,,,0.0,,,,,,Do_217_J-2
cn_type_59,0.0,,,,,,81.0,96.77,0.0,0.0,2.21,1.59,25.0,,,0.0,,1.27,Type_59
saab_ajs37,0.0,,,,,,38.0,54.17,0.45,1.0,1.78,4.0,34.0,,,,,,AJS37
spitfiremkiia,0.0,,,,,,2.0,,,,,,0.0,,,,,,Spitfire_Mk_IIa
firebrand_tf4,0.0,,,,,,68.0,65.84,0.0,0.0,1.12,1.02,0.0,,,,,,Firebrand_TF_Mk_IV
ta_154a_1,0.0,,,,,,0.0,,,,,,0.0,,,,,,Ta_154_A-1
pb4y-2_france,0.0,,,,,,0.0,,,,,,0.0,,,,,,PB4Y-2
it_freccia,0.0,,,,,,64.0,100.0,0.0,0.0,2.81,1.06,0.0,,,,,,Freccia
ki_44_1_ep,0.0,,,,,,16.0,100.0,1.0,1.0,0.0,0.0,0.0,,,,,,Ki-44-I_34
sw_tgdgb_m40_lv,0.0,,,,,,74.0,17.31,0.0,0.0,2.21,1.28,0.0,,,,,,Lvtdgb_m/40
ussr_gaz_4m,0.0,,,,,,6.0,,,,,,0.0,,,,,,GAZ-AAA_(4M)
sea_fury_fb51,0.0,,,,,,17.0,100.0,1.0,,1.0,,0.0,,,,,,◘Sea_Fury_FB.51
corsair_fmk2,0.0,,,,,,1.0,100.0,1.0,,0.0,,0.0,,,,,,Corsair_F_Mk_II
fr_1_fireball,0.0,,,,,,197.0,38.87,0.36,0.28,1.42,1.13,45.0,100.0,0.0,0.0,3.0,1.75,FR-1_Fireball
ms_405c1,0.0,,,,,,0.0,,,,,,0.0,,,,,,M.S.405C1
g_55_serie1,0.0,,,,,,0.0,,,,,,0.0,,,,,,G.55_serie_1
he_100d_1,0.0,,,,,,1.0,,,,,,0.0,,,,,,He_100_D-1
uk_a30_sp_avenger_kit_3rank,0.0,,,,,,70.0,66.67,0.0,0.0,3.6,1.11,0.0,,,,,,Avenger_(Overlord)
germ_sdkfz_221_s_pz_b_41,0.0,,,,,,18.0,100.0,0.0,0.0,1.94,1.94,0.0,,,,,,Sd.Kfz.221_(s.Pz.B.41)
saab_ja37,0.0,,,,,,378.0,70.91,1.86,2.61,0.29,0.41,12.0,,,2.4,,0.0,JA37C
i-153_m62_zhukovskiy,0.0,,,,,,0.0,,,,,,0.0,,,,,,Zhukovsky's_I-153-M62
us_t32,0.0,,,,,,228.0,53.99,0.0,0.0,3.17,2.31,0.0,,,,,,T32
super_etendard_97,0.0,,,,,,20.0,,,,,,0.0,,,,,,Super_Etendard
g_55_serie1_ss0,0.0,,,,,,17.0,,,1.0,,0.0,0.0,,,,,,G.55_sottoserie_0
saab_b17b,0.0,,,,,,6.0,0.0,0.0,0.0,0.0,0.0,0.0,,,,,,B17B
fw-190a-8,0.0,,,,,,18.0,,,,,,0.0,,,,,,Fw_190_A-8
ussr_zsu_23_4m4,0.0,,,,,,356.0,35.3,1.44,1.17,0.0,0.0,0.0,,,,,,ZSU-23-4M4
it_m44,0.0,,,,,,176.0,70.54,0.0,0.0,2.68,1.88,0.0,,,,,,M44
jp_type_95_ha_go,0.0,,,,,,0.0,,,,,,0.0,,,,,,Ha-Go
p-47d_luftwaffe,0.0,,,,,,11.0,,,1.7,,1.0,0.0,,,,,,P-47D
saab_j21ra,0.0,,,,,,2.0,50.0,1.0,1.0,0.0,0.0,0.0,,,,,,J21RA
lagg-i-301,0.0,,,,,,0.0,,,,,,0.0,,,,,,I-301
ussr_bt_7a_f32,0.0,,,,,,79.0,89.94,0.0,0.0,3.24,3.05,0.0,,,,,,BT-7A_(F-32)
hornet_mk3,0.0,,,,,,19.0,,,,,,0.0,,,,,,Hornet_Mk.III
jp_type_61_mod,0.0,,,,,,124.0,68.05,0.0,0.0,3.37,2.49,0.0,,,,,,Type_61_(B)
p1y1_mod11_china,0.0,,,,,,0.0,,,,,,0.0,,,,,,P1Y1_mod._11_(China)
saab_a21a_3,0.0,,,,,,30.0,47.83,1.7,1.37,1.78,1.57,0.0,,,,,,A21A-3
uk_ratel_90,4.0,50.0,0.0,0.0,1.0,1.0,125.0,53.23,0.0,0.0,2.67,1.38,0.0,,,,,,Ratel_90
germ_pzkpfw_II_ausf_C,0.0,,,,,,28.0,100.0,0.0,,2.42,,0.0,,,,,,Pz.II_C
sw_strv_m41_s2,0.0,,,,,,57.0,,,0.0,,0.87,0.0,,,,,,Strv_m/41_S-II
f_47n_25_re_china,0.0,,,,,,38.0,100.0,1.0,0.6,1.81,1.0,0.0,,,,,,F-47N-25-RE_(China)
blenheim_mkiv,0.0,,,,,,0.0,,,,,,0.0,,,,,,Blenheim_Mk_IV
us_m22_locust,1.0,50.0,0.0,0.0,0.5,1.0,170.0,58.3,0.0,0.0,1.33,1.13,0.0,,,,,,M22
us_t54e1,0.0,,,,,,69.0,79.63,0.0,0.0,3.42,2.22,0.0,,,,,,T54E1
av_8s_late_thailand,0.0,,,,,,0.0,,,,,,0.0,,,,,,AV-8S_Late
uk_3_inch_gun_carrier,0.0,,,,,,0.0,,,,,,0.0,,,,,,Gun_Carrier_(3-in)
f2a-1_thach,0.0,,,,,,0.0,,,,,,0.0,,,,,,Thach's_F2A-1
i-16_type18,0.0,,,,,,0.0,,,,,,0.0,,,,,,I-16_type_18
d_520_france,0.0,,,,,,3.0,,,,,,0.0,,,,,,D.520
us_m4_t26,0.0,,,,,,208.0,51.3,0.0,0.0,2.86,1.39,5.0,,,,,,M4/T26
il-10_1946_hungary,0.0,,,,,,62.0,82.2,0.16,0.22,3.75,4.17,0.0,,,,,,◔IL-10
ussr_t_60_1941,0.0,,,,,,6.0,,,,,,0.0,,,,,,T-60
p-40e_china,0.0,,,,,,36.0,30.56,1.0,0.86,1.58,1.22,0.0,,,,,,P-40E-1_(China)
it_fiat_6614_106sr,0.0,,,,,,310.0,82.52,0.0,0.0,2.91,1.91,13.0,100.0,0.0,0.0,1.92,1.92,FIAT_6614
uk_ac4_thunderbolt,0.0,,,,,,6.0,,,0.0,,3.1,4.0,,,,,,A.C.IV
f6f-5_france,0.0,,,,,,94.0,51.25,0.03,0.03,1.1,0.98,0.0,,,,,,F6F-5
fr_amx_13_dca_40,0.0,,,,,,165.0,58.74,0.21,0.18,1.01,0.93,0.0,,,,,,AMX-13_DCA_40
germ_infanterie_kampfpanzer_churchill,0.0,,,,,,4.0,,,0.0,,1.0,0.0,,,,,,Pz.Kpfw._Churchill
f-104a,0.0,,,,,,95.0,23.0,1.01,0.94,0.35,0.31,0.0,,,,,,F-104A
brigand_b1,0.0,,,,,,0.0,,,,,,0.0,,,,,,Brigand_B_1
he51b1,0.0,,,,,,0.0,,,,,,0.0,,,,,,He_51_B-1
f-4m_fgr2,0.0,,,,,,33.0,85.49,0.98,1.0,0.84,0.85,0.0,,,,,,Phantom_FGR.2
f4u-1a_usmc,0.0,,,,,,0.0,,,,,,0.0,,,,,,F4U-1A_(USMC)
f-86k_late,0.0,,,,,,21.0,100.0,1.0,1.0,0.0,0.93,0.0,,,,,,F-86K
uk_sherman_vc_firefly_kit_3rank,0.0,,,,,,19.0,100.0,0.0,0.0,2.0,0.5,0.0,,,,,,Firefly_(Overlord)
spitfire_lf_mk9e_iaf,0.0,,,,,,23.0,,,,,,0.0,,,,,,Spitfire_Mk.IX_(CW)_(Israel)
f-4f_late,0.0,,,,,,117.0,87.04,0.11,0.16,4.28,4.73,18.0,100.0,2.0,0.63,2.0,0.63,◄F-4F
ju-87b-2,0.0,,,,,,37.0,46.15,0.0,0.0,0.0,0.0,0.0,,,,,,Ju_87_B-2
yak-17,0.0,,,,,,0.0,,,,,,0.0,,,,,,Yak-17
il_m163_vulcan,0.0,,,,,,14.0,,,0.0,,0.0,0.0,,,,,,Hovet
p-63a-5,1.0,0.0,3.0,3.0,0.0,0.0,90.0,75.81,2.29,1.84,2.53,2.86,0.0,,,,,,P-63A-5
il_merkava_mk_1b,0.0,,,,,,40.0,4.55,0.0,0.0,2.59,1.99,0.0,,,,,,Merkava_Mk.1B
i-15_1935,0.0,,,,,,0.0,,,,,,0.0,,,,,,I-15_M-22
re_2005_vdm,1.0,,,3.0,,1.0,137.0,82.12,2.61,2.23,2.11,1.8,0.0,,,,,,Re.2005_(VDM)
j6b,0.0,,,,,,0.0,,,,,,0.0,,,,,,J6B
fr_m4a1_sherman,0.0,,,,,,6.0,,,0.0,,1.67,0.0,,,,,,M4A1
bf-109g-10,0.0,,,,,,22.0,,,,,,0.0,,,,,,Bf_109_G-10
yak-9ut,0.0,,,,,,112.0,72.4,1.04,0.94,1.95,2.17,29.0,100.0,0.0,0.0,2.44,1.14,Yak-9UT
uk_fv221_caernarvon,0.0,,,,,,128.0,69.05,0.0,0.0,1.7,0.42,26.0,0.0,0.0,0.0,3.31,3.31,Caernarvon
gladiator_j8a,0.0,,,,,,0.0,,,,,,0.0,,,,,,J8A
wyvern_s4,0.0,,,,,,200.0,55.43,0.93,1.16,5.33,6.72,74.0,100.0,10.0,3.53,5.93,2.09,Wyvern_S4
meteor_fmk4_lw,0.0,,,,,,83.0,90.74,1.97,1.33,0.5,0.33,0.0,,,,,,Meteor_F_Mk_4_G.41F
sbd-3,0.0,,,,,,0.0,,,,,,0.0,,,,,,SBD-3
fokker_d21_mod20,0.0,,,,,,0.0,,,,,,0.0,,,,,,Fokker_D.XXI
uk_marmon_herrington_mk_6_6pdr,0.0,,,,,,76.0,32.76,0.0,0.0,1.29,0.62,0.0,,,,,,SARC_MkVI_(6pdr)
it_leopard_1a2,0.0,,,,,,111.0,78.71,0.0,0.0,0.67,0.58,0.0,,,,,,Leopard_1A2
p-38j_marge,0.0,,,,,,0.0,,,,,,41.0,100.0,1.26,1.23,3.48,3.19,Bong's_P-38J-15
cn_vt_4,0.0,,,,,,93.0,72.84,0.0,0.0,2.92,1.34,0.0,,,,,,VT4
i-15_1934,0.0,,,,,,0.0,,,,,,0.0,,,,,,I-15_WR
us_m4a3e8_76w_sherman_kit_3rank,1.0,,,,,,143.0,85.83,0.0,0.0,6.96,2.7,0.0,,,,,,Sherman_(Hell)
il_magach_2,0.0,,,,,,23.0,50.0,0.0,0.0,1.11,1.5,0.0,,,,,,Magach_2
bf-109g-14as,0.0,,,,,,7.0,0.0,0.0,0.0,1.0,1.0,0.0,,,,,,Bf_109_G-14/AS
us_m48a1_patton_III,0.0,,,,,,73.0,45.11,0.0,0.0,1.9,1.7,0.0,,,,,,M48A1
cn_m42_duster,0.0,,,,,,44.0,,,0.0,,0.0,0.0,,,,,,M42_(China)
germ_sdkfz_234_2_mod,0.0,,,,,,104.0,50.0,0.0,0.0,1.97,0.78,0.0,,,,,,"Sd.Kfz.234/2_""Biene"""
us_m60,0.0,,,,,,53.0,23.81,0.0,0.0,1.88,0.89,5.0,,,0.0,,1.0,M60
f-4k,0.0,,,,,,16.0,50.0,1.5,3.0,0.0,0.0,0.0,,,,,,Phantom_FG.1
fr_amx_30_dca,0.0,,,,,,252.0,31.54,0.24,0.29,0.36,0.37,0.0,,,,,,AMX-30_DCA
db_3a_china,0.0,,,,,,0.0,,,,,,0.0,,,,,,DB-3A_(China)
fr_amx_32,0.0,,,,,,89.0,50.0,0.0,0.0,4.38,2.69,0.0,,,,,,AMX-32
us_t25,0.0,,,,,,87.0,,,0.0,,1.73,4.0,,,,,,T25
re_2000_j20,0.0,,,,,,0.0,,,,,,0.0,,,,,,J20
he-111h-16_winter,0.0,,,,,,43.0,24.64,0.0,0.0,0.96,0.94,0.0,,,,,,He_111_H-16
f3f-2,0.0,,,,,,0.0,,,,,,0.0,,,,,,F3F-2
sw_pbv_301,0.0,,,,,,3.0,,,0.0,,0.0,0.0,,,,,,Pbv_301
p-38g,0.0,,,,,,0.0,,,,,,0.0,,,,,,P-38G-1
j_11,0.0,,,,,,8.0,,,2.0,,0.0,0.0,,,,,,J-11
bf-109c_1_promo,0.0,,,,,,0.0,,,,,,0.0,,,,,,Bf_109_C-1_Promo
ussr_2s1,0.0,,,,,,29.0,50.0,0.0,0.0,1.4,1.65,0.0,,,,,,2S1
jp_type_90,0.0,,,,,,743.0,50.17,0.0,0.0,1.61,1.39,0.0,,,,,,Type_90
hunter_f6_holland,0.0,,,,,,17.0,50.0,1.0,1.06,1.0,1.06,0.0,,,,,,◘Hunter_F.6
us_sl_amraam_fcs,0.0,,,1.0,,0.0,142.0,62.37,1.47,1.1,0.0,0.0,0.0,,,,,,CLAWS_(СОЦ)
p-63c-5,0.0,,,,,,66.0,50.65,0.19,0.22,0.72,0.78,0.0,,,,,,P-63C-5
hs-129b-3,0.0,,,,,,55.0,0.0,0.0,0.0,2.2,1.08,0.0,,,,,,Hs_129_B-3
germ_kanonenjagdpanzer,0.0,,,,,,251.0,38.81,0.0,0.0,2.19,1.31,9.0,0.0,0.0,0.0,1.0,1.0,JPz_4-5
f-4ej,0.0,,,,,,72.0,53.51,1.43,1.79,0.04,0.04,0.0,,,,,,F-4EJ_Phantom_II
so_4050_vautour_2n_late,0.0,,,,,,83.0,58.75,1.68,2.04,1.0,1.11,0.0,,,,,,S.O.4050_Vautour_IIN_(late)
pb4y-2,0.0,,,,,,4.0,,,,,,0.0,,,,,,PB4Y-2
ussr_object_775,0.0,,,,,,286.0,36.94,0.0,0.0,1.87,1.12,0.0,,,,,,Object_775
ju-188a-2,0.0,,,,,,13.0,50.0,0.0,0.0,1.58,3.15,0.0,,,,,,Ju_188_A-2
uk_vickers_mbt_mk_3,0.0,,,,,,126.0,68.13,0.0,0.0,2.05,1.61,0.0,,,,,,Vickers_Mk.3
su_25sm3,0.0,,,,,,15.0,72.0,0.78,1.02,1.84,2.3,1.0,,,0.0,,2.0,Su-25SM3
ki_84_hei,0.0,,,,,,81.0,34.91,0.51,0.82,1.08,1.66,8.0,,,,,,Ki-84_hei
it_40_43m_zrinyi_2,0.0,,,,,,0.0,,,,,,0.0,,,,,,Zrinyi_II
ussr_zsu_23_4,0.0,,,,,,156.0,50.67,0.64,0.72,0.26,0.4,0.0,,,,,,ZSU-23-4
mig-21_bis,0.0,,,,,,75.0,54.55,1.44,1.79,0.0,0.0,0.0,,,,,,MiG-21bis
mig_27k,0.0,,,,,,59.0,50.0,0.0,0.0,0.85,1.0,25.0,57.69,0.0,0.0,1.27,1.58,MiG-27K
fr_amc_34,0.0,,,,,,0.0,,,,,,0.0,,,,,,AMC.34_YR
it_b1_centauro_romor,0.0,,,,,,43.0,100.0,0.0,0.0,3.13,1.68,0.0,,,,,,Centauro_I_105_R
saab_b18a,0.0,,,,,,14.0,,,0.0,,0.0,0.0,,,,,,B18A
us_m551,0.0,,,,,,153.0,66.25,0.0,0.0,1.94,1.44,0.0,,,,,,M551
cn_isu_152,0.0,,,,,,12.0,100.0,0.0,0.0,1.0,1.0,0.0,,,,,,ISU-152_(China)
uk_m3a1_stuart,0.0,,,,,,25.0,,,,,,0.0,,,,,,Stuart_III
il_m109a1,0.0,,,,,,25.0,,,,,,0.0,,,,,,Rochev
uk_bosvark,0.0,,,,,,27.0,,,2.0,,0.0,0.0,,,,,,Bosvark
cn_zbd_04a,0.0,,,,,,128.0,59.08,0.0,0.0,1.76,1.83,8.0,,,0.0,,1.0,ZBD04A
jp_type_60_atm,0.0,,,,,,0.0,,,,,,0.0,,,,,,Type_60_ATM
d4y3,0.0,,,,,,0.0,,,,,,0.0,,,,,,D4Y3_Ko
douglas_a_1h,0.0,,,,,,470.0,97.79,0.49,0.46,7.14,6.54,0.0,,,,,,A-1H
re_2000_heja_1,0.0,,,,,,0.0,,,,,,0.0,,,,,,◔Héja_I
us_m18_hellcat_black_cat_race,,,,,,,,,,,,,,,,,,,"""Racing""_M18"
germ_panzerwerfer_42,0.0,,,,,,0.0,,,,,,0.0,,,,,,15_cm_Pz.W.42
fr_char_2c,0.0,,,,,,0.0,,,,,,0.0,,,,,,2C
ussr_2s25m,0.0,,,,,,925.0,53.13,0.0,0.0,1.14,0.94,4.0,,,,,,2S25M
ussr_zprk_2s6,0.0,,,,,,370.0,51.34,0.29,0.32,0.46,0.49,0.0,,,,,,2S6
it_semovente_l40,0.0,,,,,,0.0,,,,,,0.0,,,,,,47/32_L40
it_semovente_m41_75_18,0.0,,,,,,6.0,,,0.0,,3.0,0.0,,,,,,75/18_M41
it_semovente_m43_75_34,0.0,,,,,,0.0,,,,,,0.0,,,,,,75/34_M43
ussr_buk_m3_launcher,,,,,,,,,,,,,,,,,,,"9К317М_""БУК-М3""_(СОУ)"
ussr_buk_m3_fcs,0.0,,,,,,62.0,42.71,0.59,0.3,0.0,0.0,0.0,,,,,,"9К317М_""БУК-М3""_(СОЦ)"
a_10c,0.0,,,,,,47.0,31.25,2.06,2.06,14.63,14.63,16.0,,,,,,A-10C
a-26c,0.0,,,,,,0.0,,,,,,0.0,,,,,,A-26C-45
a-26c-45-dt,0.0,,,,,,7.0,,,0.0,,0.0,0.0,,,,,,A-26C-45DT
a_29_hudson,0.0,,,,,,0.0,,,,,,0.0,,,,,,A-29
a-35b,0.0,,,,,,25.0,,,0.0,,0.0,0.0,,,,,,A-35B
a_4b,0.0,,,,,,183.0,78.56,0.06,0.05,2.43,2.84,0.0,,,,,,A-4B
a_4e_early,0.0,,,,,,385.0,56.77,1.01,1.11,1.99,2.23,0.0,,,,,,A-4E_Early
a_4ptm_malaysia,,,,,,,,,,,,,,,,,,,A-4PTM
a_7d,0.0,,,,,,74.0,50.0,0.21,0.19,3.59,3.39,18.0,,,0.0,,0.0,A-7D
a_7e_thailand,0.0,,,,,,0.0,,,,,,0.0,,,,,,A-7E
a_7e_greece,0.0,,,,,,0.0,,,,,,0.0,,,,,,A-7E
a_7h_greece,,,,,,,,,,,,,,,,,,,A-7H
a_7k,0.0,,,,,,30.0,57.69,0.0,0.0,2.55,3.36,0.0,,,,,,A-7K
uk_ac1_sentinel,0.0,,,,,,0.0,,,,,,0.0,,,,,,A.C.I
vampire_fb5_j28b,0.0,,,,,,40.0,,,2.92,,2.17,0.0,,,,,,A28B
saab_j29b,0.0,,,,,,89.0,26.19,0.79,2.78,1.09,2.76,0.0,,,,,,A29B
a2d,0.0,,,,,,777.0,63.34,0.28,0.27,1.92,1.82,16.0,,,1.0,,2.0,A2D-1
saab_a32a,0.0,,,,,,6.0,100.0,1.0,1.0,2.83,2.83,0.0,,,,,,A32A
saab_a32a_red_adam,0.0,,,,,,13.0,0.0,1.0,1.0,2.0,1.08,0.0,,,,,,A32A_Röd_Adam
a5m4,0.0,,,,,,0.0,,,,,,0.0,,,,,,A5M4
a6m5hei,0.0,,,,,,0.0,,,,,,0.0,,,,,,A6M5_Hei
a6m5ko,0.0,,,,,,219.0,75.49,1.54,1.26,2.38,1.79,0.0,,,,,,A6M5_Ko
a7he1,0.0,,,,,,0.0,,,,,,0.0,,,,,,A7He1
a7m1,0.0,,,,,,181.0,82.8,2.57,2.17,1.69,1.52,0.0,,,,,,A7M1_(NK9H)
a7m2,0.0,,,,,,165.0,68.89,2.07,2.68,1.57,2.1,0.0,,,,,,A7M2
germ_a7v,0.0,,,,,,2.0,,,0.0,,3.0,0.0,,,,,,A7V
it_ab_41,0.0,,,,,,22.0,,,0.0,,2.18,0.0,,,,,,AB_41
uk_17_pdr_m10_achilles,0.0,,,,,,55.0,100.0,0.0,0.0,5.83,2.89,0.0,,,,,,Achilles
douglas_ad_4na_france,0.0,,,,,,39.0,14.29,0.0,0.0,1.0,1.0,0.0,,,,,,AD-4NA
uk_adats_m113a3,0.0,,,,,,59.0,78.21,1.83,1.22,0.22,0.18,0.0,,,,,,ADATS_(M113)
uk_armored_car_mk_2_aa,0.0,,,,,,26.0,,,0.0,,0.0,0.0,,,,,,AEC_AA
uk_armored_car_aec_mk_2,0.0,,,,,,93.0,60.32,0.0,0.0,2.12,2.19,0.0,,,,,,AEC_Mk_II
fa_18a_hug_2_raaf,0.0,,,,,,34.0,96.88,1.0,1.04,0.04,0.04,0.0,,,,,,AF/A-18A_Late
us_ags_teledyne,0.0,,,,,,34.0,50.0,0.0,0.0,1.78,2.98,0.0,,,,,,AGS
aichi_e13a,,,,,,,,,,,,,,,,,,,Aichi_E13A1
saab_aj37,0.0,,,,,,89.0,54.86,0.48,0.27,0.81,0.77,0.0,,,,,,AJ37
uk_ajax,0.0,,,,,,157.0,63.69,0.0,0.0,2.0,1.3,0.0,,,,,,Ajax
saab_ajs37_early,0.0,,,,,,68.0,56.13,0.64,1.02,0.48,0.9,0.0,,,,,,AJS37_(Early)
uk_alecto_mk_1,0.0,,,,,,0.0,,,,,,0.0,,,,,,Alecto_I
alpha_jet_a_jabog41,0.0,,,,,,51.0,19.87,0.19,0.16,1.19,1.35,0.0,,,,,,Alpha_Jet_A_(JaboG_41)
alpha_jet_e,0.0,,,,,,37.0,100.0,1.0,0.4,3.5,1.44,0.0,,,,,,Alpha_Jet_E
alpha_jet_th_phase_1,0.0,,,,,,45.0,64.82,0.74,1.22,0.76,1.09,0.0,,,,,,Alpha_Jet_TH
fr_amc_35,0.0,,,,,,0.0,,,,,,0.0,,,,,,AMC.35_(ACG.1)
fr_amd_35,0.0,,,,,,34.0,100.0,0.0,0.0,1.0,0.32,0.0,,,,,,AMD.35
fr_amd_35_kwk39,0.0,,,,,,79.0,96.43,0.0,0.0,5.25,2.33,0.0,,,,,,AMD.35_(PaK)
fr_aml_90,0.0,,,,,,210.0,67.38,0.0,0.0,1.84,1.97,0.0,,,,,,AML-90
fr_amr_35_zt3,0.0,,,,,,0.0,,,,,,0.0,,,,,,AMR.35_ZT3
amx_a_1a_brazil,0.0,,,,,,0.0,,,,,,0.0,,,,,,AMX_A-1A
fr_amx_10m_acra,0.0,,,,,,7.0,,,,,,0.0,,,,,,AMX-10M
fr_amx_13_hot,0.0,,,,,,0.0,,,,,,0.0,,,,,,AMX-13_(HOT)
fr_amx_13_75_ss11,0.0,,,,,,79.0,85.71,0.0,0.0,2.55,1.55,0.0,,,,,,AMX-13_(SS.11)
fr_amx_30,0.0,,,,,,70.0,60.61,0.0,0.0,2.22,1.96,0.0,,,,,,AMX-30
fr_amx_30_1972,0.0,,,,,,382.0,57.21,0.0,0.0,1.75,1.51,0.0,,,,,,AMX-30_(1972)
fr_amx_30_super,0.0,,,,,,581.0,51.84,0.0,0.0,2.07,1.49,0.0,,,,,,AMX-30_Super
fr_amx_40,0.0,,,,,,281.0,67.68,0.0,0.0,2.49,2.16,0.0,,,,,,AMX-40
fr_amx_50_1950,0.0,,,,,,146.0,62.91,0.0,0.0,3.64,2.44,19.0,50.0,0.0,0.0,1.0,2.0,AMX-50_(TO90/930)
fr_amx_50_surblinde,0.0,,,,,,0.0,,,,,,0.0,,,,,,AMX-50_Surblindé
cn_antelope_tc_1l_ads,0.0,,,,,,0.0,,,,,,0.0,,,,,,Antelope
arado-196a-5,0.0,,,,,,0.0,,,,,,0.0,,,,,,Ar_196_A-5
arado-234,0.0,,,,,,179.0,65.58,0.0,0.0,3.74,4.15,0.0,,,,,,Ar_234_B-2
arado_234b_2_mt,0.0,,,,,,0.0,,,,,,0.0,,,,,,Ar_234_B-2_(WB_151)
arado-234c-3,0.0,,,,,,10.0,50.0,0.0,0.0,1.3,1.3,0.0,,,,,,Ar_234_C-3
it_c1_ariete_preserie,0.0,,,,,,51.0,25.0,0.0,0.0,3.18,2.16,0.0,,,,,,Ariete_(P)
uk_arjun_mk1,0.0,,,,,,0.0,,,,,,0.0,,,,,,Arjun_Mk_1
fr_arl_44_mod,0.0,,,,,,10.0,50.0,0.0,0.0,0.5,0.67,0.0,,,,,,ARL-44_Bayard
it_as_42_metropolitana,0.0,,,,,,8.0,,,,,,0.0,,,,,,AS_42
sw_asrad_r,0.0,,,,,,87.0,41.02,1.28,1.42,0.0,0.0,0.0,,,,,,ASRAD-R
attaker_fb1,0.0,,,,,,18.0,50.0,0.5,1.0,1.0,2.0,0.0,,,,,,Attacker_FB_1
attaker_fb2,0.0,,,,,,0.0,,,,,,0.0,,,,,,Attacker_FB.2
it_aubl_74_60_70m,0.0,,,,,,387.0,62.19,0.0,0.0,2.14,1.61,0.0,,,,,,AUBL/74_HVG
av_8b_plus,0.0,,,,,,138.0,50.0,1.18,1.0,0.88,0.66,19.0,,,2.0,,0.0,AV-8B_Plus
av_8b_plus_italy,0.0,,,,,,21.0,,,2.48,,0.0,0.0,,,,,,AV-8B_Plus
av_8c,0.0,,,,,,108.0,31.36,0.45,0.51,0.87,1.38,0.0,,,,,,AV-8C
av_8s_thailand,0.0,,,,,,8.0,,,0.0,,1.0,0.0,,,,,,AV-8S
avenger_mk1,0.0,,,,,,0.0,,,,,,0.0,,,,,,Avenger_Mk_II
a_4n,0.0,,,,,,106.0,82.69,2.07,2.53,5.68,8.09,0.0,,,,,,Ayit
b_10b,0.0,,,,,,0.0,,,,,,0.0,,,,,,B-10B
b-17e_japan,0.0,,,,,,0.0,,,,,,0.0,,,,,,B-17E
b-17e,0.0,,,,,,0.0,,,,,,0.0,,,,,,B-17E
b-17e_late,0.0,,,,,,0.0,,,,,,0.0,,,,,,B-17E/L
b_18a,0.0,,,,,,0.0,,,,,,0.0,,,,,,B-18A
b_25j_20,0.0,,,,,,0.0,,,,,,0.0,,,,,,B-25J-20
b_26c_france,0.0,,,,,,0.0,,,,,,0.0,,,,,,B-26C
b_52h,0.0,,,,,,25.0,,,0.0,,0.47,20.0,,,0.0,,0.0,B-52H
b-57,0.0,,,,,,4.0,0.0,0.0,0.0,0.0,0.0,14.0,,,0.0,,0.0,B-57A
b-57b,0.0,,,,,,39.0,,,0.0,,0.89,13.0,,,,,,B-57B
b_66b,0.0,,,,,,3.0,100.0,0.0,0.0,1.0,1.0,0.0,,,,,,B-66B
br_20_dr,0.0,,,,,,0.0,,,,,,0.0,,,,,,B.R.20DR
br_20m_m1,0.0,,,,,,0.0,,,,,,0.0,,,,,,B.R.20M_M1
fr_b1_bis,0.0,,,,,,7.0,,,,,,0.0,,,,,,B1_bis
b6n2,0.0,,,,,,0.0,,,,,,0.0,,,,,,B6N2_Model_12
b6n2a,0.0,,,,,,0.0,,,,,,0.0,,,,,,B6N2a_Model_12Ko
ba_65_k14_l,0.0,,,,,,0.0,,,,,,0.0,,,,,,Ba.65_(K.14)_L
ba_65_a80,0.0,,,,,,0.0,,,,,,0.0,,,,,,Ba.65_A.80
f_16d_block_40_barak_2,0.0,,,,,,57.0,80.42,1.11,1.33,1.09,1.46,0.0,,,,,,Barak_II
f_15a_iaf,0.0,,,,,,4.0,,,1.0,,0.0,0.0,,,,,,Baz
f_15c_baz_msip,0.0,,,,,,0.0,,,,,,0.0,,,,,,Baz_Meshupar
be_6,0.0,,,,,,0.0,,,,,,0.0,,,,,,Be-6
beaufighter_mk1_40mm,0.0,,,,,,0.0,,,,,,0.0,,,,,,Beaufighter_Mk_I_(40-mm)
germ_beutepanzer_mk_iv,0.0,,,,,,0.0,,,,,,0.0,,,,,,Beutepanzer_IV
bf-109e-3_japan,0.0,,,,,,42.0,68.0,2.2,2.0,0.0,0.0,0.0,,,,,,Bf_109_E-7
bf-109e-7,0.0,,,,,,0.0,,,,,,0.0,,,,,,Bf_109_E-7/U2
bf-109g-6_finland,0.0,,,,,,6.0,,,1.0,,1.0,0.0,,,,,,Bf_109_G-6
bf-109k-4,0.0,,,,,,278.0,53.34,2.33,2.0,0.37,0.32,0.0,,,,,,Bf_109_K-4
bf-109z,0.0,,,,,,0.0,,,,,,0.0,,,,,,Bf_109_Z-1
bf-110c-6,0.0,,,,,,1.0,,,0.0,,0.0,0.0,,,,,,Bf_110_C-6
bf-110f-2,0.0,,,,,,0.0,,,,,,0.0,,,,,,Bf_110_F-2
bi,0.0,,,,,,0.0,,,,,,0.0,,,,,,BI
sw_bkan_1c,0.0,,,,,,258.0,38.73,0.06,0.08,0.96,1.07,0.0,,,,,,Bkan_1C
uk_challenger_2_bn,0.0,,,,,,134.0,57.54,0.0,0.0,2.4,3.65,0.0,,,,,,Black_Night
uk_a_43_black_prince,0.0,,,,,,64.0,67.22,0.0,0.0,3.14,3.69,0.0,,,,,,Black_Prince
ussr_bm_13n,0.0,,,,,,42.0,30.77,0.0,0.0,1.0,1.0,0.0,,,,,,BM-13N
ussr_bm_31_12,0.0,,,,,,0.0,,,,,,0.0,,,,,,BM-31-12
ussr_bm_8_24,0.0,,,,,,0.0,,,,,,0.0,,,,,,BM-8-24
sw_bmp_2md,0.0,,,,,,98.0,80.0,0.0,0.0,1.38,0.79,0.0,,,,,,BMP-2MD
boston_mk_1,0.0,,,,,,0.0,,,,,,0.0,,,,,,Boston_Mk_I
germ_boxer_3105,0.0,,,,,,60.0,35.11,0.0,0.0,0.96,0.95,0.0,,,,,,Boxer_MGS
br_693_ab2,0.0,,,,,,0.0,,,,,,0.0,,,,,,Br.693AB2
breda_88,0.0,,,,,,0.0,,,,,,0.0,,,,,,Breda_88_(P.XI)
ussr_bt_7_1937_td,0.0,,,,,,0.0,,,,,,0.0,,,,,,BT-7_TD
ussr_btr_80a,0.0,,,,,,884.0,50.19,0.0,0.0,1.1,1.01,0.0,,,,,,BTR-80A
buccaneer_s1,0.0,,,,,,0.0,,,,,,0.0,,,,,,Buccaneer_S.1
buccaneer_s2,0.0,,,,,,24.0,100.0,0.0,0.0,1.0,1.0,0.0,,,,,,Buccaneer_S.2
buccaneer_s2b,0.0,,,,,,0.0,,,,,,0.0,,,,,,Buccaneer_S.2B
mc200_serie3,0.0,,,,,,0.0,,,,,,0.0,,,,,,C._200_serie_3
mc200_serie7,0.0,,,,,,0.0,,,,,,0.0,,,,,,C._200_serie_7
mc-202,0.0,,,,,,0.0,,,,,,0.0,,,,,,C._202
it_c13_t90,0.0,,,,,,68.0,6.06,0.0,0.0,0.1,0.13,0.0,,,,,,C13_T90
it_c13_tua,0.0,,,,,,0.0,,,,,,0.0,,,,,,C13/TUA
germ_leopard_c2_mexas,0.0,,,,,,3.0,25.0,0.0,0.0,2.25,3.0,0.0,,,,,,C2A1
ca_27_mk32_raaf,0.0,,,,,,0.0,,,,,,0.0,,,,,,CA-27_Mk.32
ca_27_mk32_malaysia,0.0,,,,,,2.0,,,,,,0.0,,,,,,CA-27_Mk.32
us_m4_sherman_calliope,0.0,,,,,,8.0,50.0,0.0,0.0,4.0,8.0,0.0,,,,,,Calliope
canberra_bimk6,0.0,,,,,,1.0,,,,,,0.0,,,,,,Canberra_B_(I)_Mk_6
canberra_bmk2,0.0,,,,,,0.0,,,,,,0.0,,,,,,Canberra_B_Mk_2
pby-5a_raf,0.0,,,,,,0.0,,,,,,0.0,,,,,,Catalina_Mk_IIIa
cn_gmc_cckw_353_m45_quad,0.0,,,,,,47.0,,,1.0,,0.0,0.0,,,,,,CCKW_353_(M45)
fr_cckw_353_bofors,0.0,,,,,,0.0,,,,,,0.0,,,,,,CCKW_353_AA
us_ccvl,0.0,,,,,,155.0,50.0,0.0,0.0,4.27,3.3,0.0,,,,,,CCVL
it_sahariano,0.0,,,,,,0.0,,,,,,0.0,,,,,,Celere_Sahariano
it_b1_centauro,0.0,,,,,,168.0,65.86,0.0,0.0,2.48,2.15,0.0,,,,,,Centauro_I_105
it_centauro_2,0.0,,,,,,93.0,100.0,0.0,0.0,4.78,2.8,0.0,,,,,,Centauro_II_(P)
uk_centurion_action_x,0.0,,,,,,17.0,53.33,0.0,0.0,1.0,1.0,0.0,,,,,,Centurion_Action_X
uk_centurion_mk_2,0.0,,,,,,116.0,50.0,0.0,0.0,2.65,1.77,0.0,,,,,,Centurion_Mk.2
uk_centurion_mk_5_avre_era,0.0,,,,,,19.0,,,0.0,,0.0,0.0,,,,,,Centurion_Mk.5_AVRE
uk_challenger_2_megatron,0.0,,,,,,315.0,73.26,0.0,0.0,3.2,1.65,0.0,,,,,,Challenger_2_OES
uk_challenger_2e,0.0,,,,,,116.0,50.0,0.0,0.0,4.13,1.55,0.0,,,,,,Challenger_2E
uk_challenger_2_lep,0.0,,,,,,135.0,57.53,0.0,0.0,2.02,1.4,0.0,,,,,,Challenger_3_TD
sw_charioteer_mk_7,0.0,,,,,,218.0,40.27,0.0,0.0,0.89,0.85,6.0,,,0.0,,1.0,Charioteer_Mk_VII
jp_type_97_kai_td,0.0,,,,,,0.0,,,,,,0.0,,,,,,Chi-Ha_Kai_TD
jp_type_1_chi_he_5th_regiment,0.0,,,,,,25.0,35.29,0.0,0.0,1.0,1.0,0.0,,,,,,Chi-He_(5th_Regiment)
uk_churchill_avre,0.0,,,,,,0.0,,,,,,0.0,,,,,,Churchill_AVRE_Petard
uk_a_22f_mk_7_churchill_crocodile,0.0,,,,,,63.0,50.0,0.0,0.0,3.71,3.71,0.0,,,,,,Churchill_Crocodile
uk_a_22_mk_1_churchill_1941,0.0,,,,,,14.0,,,,,,0.0,,,,,,Churchill_I
f-86_cl_13_mk4_italy,0.0,,,,,,9.0,100.0,2.0,,3.0,,0.0,,,,,,CL-13_Mk.4
germ_th_800_bismark,0.0,,,,,,12.0,,,0.0,,3.33,0.0,,,,,,Class_3_(P)
us_sl_amraam_launcher,,,,,,,,,,,,,,,,,,,CLAWS_(СОУ)
fr_marder_clovis,0.0,,,,,,156.0,74.03,0.0,0.0,3.81,2.48,0.0,,,,,,CLOVIS
germ_marder_clovis,0.0,,,,,,20.0,0.0,0.0,0.0,2.14,1.06,0.0,,,,,,CLOVIS
cn_cm_25,0.0,,,,,,45.0,0.0,0.0,0.0,0.0,0.1,0.0,,,,,,CM25
it_fiat_cm52,0.0,,,,,,27.0,,,1.0,,0.0,0.0,,,,,,CM52
uk_fv4004_conway,0.0,,,,,,27.0,30.0,0.0,0.0,0.7,1.0,0.0,,,,,,Conway
cr_32_bis,0.0,,,,,,0.0,,,,,,0.0,,,,,,CR.32_bis
cr_32_quater,0.0,,,,,,0.0,,,,,,0.0,,,,,,CR.32_quater
fiat_cr42,0.0,,,,,,0.0,,,,,,0.0,,,,,,CR.42
fiat_cr42_italy,0.0,,,,,,0.0,,,,,,0.0,,,,,,CR.42
uk_a27m_cromwell_1,0.0,,,,,,96.0,55.91,0.0,0.0,1.35,1.22,0.0,,,,,,Cromwell_I
uk_crusader_mk_2_the_saint,0.0,,,,,,0.0,,,,,,0.0,,,,,,"Crusader_""The_Saint"""
uk_crusader_aa_mk_2_kit_3rank,0.0,,,,,,44.0,54.76,1.26,2.4,0.0,0.0,0.0,,,,,,Crusader_AA_(Overlord)
uk_crusader_aa_mk_2,0.0,,,,,,25.0,0.0,0.0,0.0,0.0,0.0,0.0,,,,,,Crusader_AA_Mk_II
uk_crusader_mk_2,0.0,,,,,,6.0,,,0.0,,1.0,0.0,,,,,,Crusader_II
fr_crusader_mk_2,0.0,,,,,,14.0,,,0.0,,4.0,0.0,,,,,,Crusader_Mk.II
uk_boxer_crv_block2,0.0,,,,,,135.0,63.22,0.0,0.0,1.28,0.58,0.0,,,,,,CRV_Block_2
it_39m_csaba,0.0,,,,,,0.0,,,,,,0.0,,,,,,Csaba
sw_patria_amv_ctcv_105,0.0,,,,,,132.0,58.6,0.0,0.0,2.1,1.35,0.0,,,,,,CT-CV_105HP
jp_icv_prototype,0.0,,,,,,49.0,50.0,0.15,0.28,0.77,1.16,0.0,,,,,,CTWV_RCV
sw_cv_90_mk4,0.0,,,,,,125.0,67.62,0.0,0.0,1.18,0.91,0.0,,,,,,CV_90_Mk.IV
sw_cv_90105_tml,0.0,,,,,,1299.0,61.73,0.0,0.0,2.41,1.8,0.0,,,,,,CV_90105
sw_cv_90120,0.0,,,,,,188.0,77.15,0.0,0.0,3.22,2.15,0.0,,,,,,CV_90120
fr_cv_9035_nl,0.0,,,,,,199.0,50.0,0.0,0.0,0.67,0.66,0.0,,,,,,CV_9035NL
sw_cv_9030_fin,0.0,,,,,,200.0,61.88,0.0,0.0,1.13,1.58,0.0,,,,,,CV9030FIN
sw_cv_9035_dk,0.0,,,,,,26.0,,,0.0,,1.61,0.0,,,,,,CV9035DK
cw_21,0.0,,,,,,0.0,,,,,,0.0,,,,,,CW-21
d_371_hs9,0.0,,,,,,0.0,,,,,,17.0,,,,,,D.371_H.S.9
d_510c,0.0,,,,,,0.0,,,,,,0.0,,,,,,D.510C
fr_renault_d2,0.0,,,,,,0.0,,,,,,0.0,,,,,,D2
d3a1,1.0,,,,,,0.0,,,,,,0.0,,,,,,D3A1
d4y1,0.0,,,,,,0.0,,,,,,0.0,,,,,,D4Y1
it_dardo_vcc,0.0,,,,,,136.0,50.81,0.0,0.0,1.88,1.67,12.0,50.0,0.0,0.0,0.5,1.0,Dardo
db_3b,0.0,,,,,,8.0,0.0,0.0,0.0,0.0,0.0,0.0,,,,,,DB-3B
uk_desert_warrior,0.0,,,,,,40.0,82.0,0.0,0.0,0.82,0.54,0.0,,,,,,Desert_Warrior
fr_marder_df_105,0.0,,,,,,488.0,61.5,0.0,0.0,2.11,2.1,0.0,,,,,,DF105
do_17e_1,0.0,,,,,,0.0,,,,,,0.0,,,,,,Do_17_E-1
do_17z_2,0.0,,,,,,0.0,,,,,,0.0,,,,,,Do_17_Z-2
do_17z_7,0.0,,,,,,0.0,,,,,,0.0,,,,,,Do_17_Z-7
do_217j_1,0.0,,,,,,5.0,,,0.0,,0.0,0.0,,,,,,Do_217_J-1
do_217n_2,0.0,,,,,,0.0,,,,,,0.0,,,,,,Do_217_N-2
do_335b_2,0.0,,,,,,498.0,60.0,1.36,1.43,1.8,1.8,0.0,,,,,,Do_335_B-2
fr_panhard_ebr_1954,0.0,,,,,,116.0,68.89,0.0,0.0,4.0,2.49,3.0,,,,,,E.B.R._(1954)
e7k2,,,,,,,,,,,,,,,,,,,E7K2
e8n2,,,,,,,,,,,,,,,,,,,E8N2
fr_jaguar_ebrc,0.0,,,,,,233.0,64.95,0.0,0.0,2.3,1.15,0.0,,,,,,EBRC_Jaguar
il_eitan,0.0,,,,,,124.0,78.0,0.0,0.0,1.57,1.44,0.0,,,,,,Eitan_(P)
uk_eland_90_mk_7,0.0,,,,,,23.0,100.0,0.0,0.0,1.17,0.55,0.0,,,,,,Eland_90_Mk.7
fr_amx_elc_901,0.0,,,,,,111.0,82.5,0.0,0.0,3.16,1.96,0.0,,,,,,ELC_901
sw_eldenhet_98,0.0,,,,,,0.0,,,,,,0.0,,,,,,EldE_98
fr_embt,0.0,,,,,,0.0,,,,,,0.0,,,,,,EMBT
f-100d,0.0,,,,,,198.0,33.72,0.83,0.85,0.46,0.47,9.0,100.0,0.0,0.0,0.0,0.0,F-100D
f-100d_france,0.0,,,,,,21.0,78.95,2.58,1.0,0.21,1.0,0.0,,,,,,F-100D
f_102a_late,0.0,,,,,,0.0,,,,,,0.0,,,,,,F-102A
f_102a_greece,,,,,,,,,,,,,,,,,,,F-102A
f-104c,0.0,,,,,,24.0,50.0,0.0,0.0,0.0,0.0,0.0,,,,,,F-104C
f-104g_belgium,0.0,,,,,,0.0,,,,,,0.0,,,,,,F-104G
f-104s_cb,0.0,,,,,,80.0,47.53,0.78,0.74,1.13,1.11,0.0,,,,,,F-104S_TAF
f-104s_asa,0.0,,,,,,0.0,,,,,,0.0,,,,,,F-104S.ASA
f_111c_raaf,0.0,,,,,,6.0,,,,,,0.0,,,,,,F-111C
f_111f,0.0,,,,,,40.0,77.78,1.0,0.34,0.67,0.58,0.0,,,,,,F-111F
f_117,0.0,,,,,,15.0,0.0,0.0,0.0,0.83,0.83,0.0,,,,,,F-117
f_14d_vf_11,0.0,,,,,,0.0,,,,,,12.0,100.0,2.0,1.0,0.0,0.0,F-14D_(VF-11)
f_15i_raam,0.0,,,,,,45.0,66.67,1.5,1.88,0.75,1.31,0.0,,,,,,F-15I_Ra’am
f_15j,0.0,,,,,,37.0,69.57,1.24,2.09,0.0,0.0,0.0,,,,,,F-15J
f_15j_kai,0.0,,,,,,194.0,82.01,1.54,1.69,0.23,0.26,0.0,,,,,,F-15J(M)
f_16a_block_15_belgium,0.0,,,,,,44.0,100.0,0.5,0.71,2.91,4.06,0.0,,,,,,F-16A
f_16a_block_15_adf_italy,0.0,,,,,,7.0,,,,,,0.0,,,,,,F-16A_ADF
f_16a_block_15_ocu_thailand,0.0,,,,,,6.0,50.0,0.5,1.0,0.0,0.0,0.0,,,,,,F-16A_OCU
f_16a_block_15_ocu_belgium,0.0,,,,,,0.0,,,,,,0.0,,,,,,F-16A_OCU
f_16aj,0.0,,,,,,83.0,83.62,0.98,1.78,2.69,3.28,0.0,,,,,,F-16AJ
f_16am_block_15_mlu_belgium,0.0,,,,,,27.0,26.92,1.0,1.0,0.0,0.0,0.0,,,,,,F-16AM
f_16c_block_40_barak_2,0.0,,,,,,2.0,,,,,,0.0,,,,,,F-16C_Barak_II
f_16i_sufa,0.0,,,,,,20.0,100.0,1.0,1.0,1.67,1.67,0.0,,,,,,F-16I_Sufa
f_16xl,0.0,,,,,,24.0,45.42,0.55,0.54,1.31,1.29,6.0,,,,,,F-16XL
ef_2000a,0.0,,,,,,10.0,,,,,,0.0,,,,,,F-2000A
ef_2000a_aesa,0.0,,,,,,130.0,58.77,1.36,1.83,0.26,0.36,10.0,,,1.0,,0.0,F-2000A_(AESA)
f_2a,0.0,,,,,,172.0,87.9,2.24,2.73,0.02,0.02,76.0,,,2.88,,0.0,F-2A
f_4e_aup_greece,0.0,,,,,,0.0,,,,,,0.0,,,,,,F-4E_AUP_Phantom_II
f-4ej_kai,0.0,,,,,,61.0,50.0,1.41,1.0,0.0,0.0,0.0,,,,,,F-4EJ_Kai_Phantom_II
f-5a,0.0,,,,,,0.0,,,,,,0.0,,,,,,F-5A
f-5th_thailand,0.0,,,,,,3.0,,,1.0,,0.0,0.0,,,,,,F-5TH_TCU
f-84f_france,0.0,,,,,,168.0,63.33,0.17,0.28,0.79,1.3,0.0,,,,,,F-84F
f-84f,0.0,,,,,,88.0,50.75,0.05,0.08,0.61,0.88,0.0,,,,,,F-84F
f-84f_iaf,0.0,,,,,,0.0,,,,,,0.0,,,,,,F-84F_IAF
f-84g_greece,,,,,,,,,,,,,,,,,,,F-84G-16-RE
f-84g,0.0,,,,,,0.0,,,,,,0.0,,,,,,F-84G-21-RE
f-84g_italy,0.0,,,,,,2.0,50.0,0.5,1.0,12.0,24.0,0.0,,,,,,F-84G-21-RE
f_86em_greece,0.0,,,,,,0.0,,,,,,0.0,,,,,,F-86E(M)
f-86f-35,0.0,,,,,,94.0,59.68,1.54,0.96,0.54,0.79,0.0,,,,,,F-86F-35
f-86f-40_japan_blue_impulse,0.0,,,,,,19.0,50.0,0.0,0.0,0.0,0.0,0.0,,,,,,F-86F-40_JASDF
f_222_2,0.0,,,,,,0.0,,,,,,0.0,,,,,,F.222.2
fc_20_bis,0.0,,,,,,0.0,,,,,,0.0,,,,,,F.C.20_Bis
fa_18c_mlu_2_finland,0.0,,,,,,45.0,50.0,1.18,1.35,0.38,0.41,0.0,,,,,,F/A-18C_MLU_2
fa_18d_late_malaysia,0.0,,,,,,8.0,100.0,1.0,1.0,0.0,0.0,8.0,,,1.0,,1.0,F/A-18D_Late
fa_18f_block_2_raaf,0.0,,,,,,25.0,90.63,0.47,0.56,0.0,0.0,0.0,,,,,,F/A-18F
f11f_1_late,0.0,,,,,,0.0,,,,,,0.0,,,,,,F11F-1
f1m2,0.0,,,,,,0.0,,,,,,0.0,,,,,,F1M2
f3h-2,0.0,,,,,,509.0,49.71,1.47,1.56,0.29,0.29,0.0,,,,,,F3H-2
f4d_1,0.0,,,,,,0.0,,,,,,0.0,,,,,,F4D-1
f4f-3,0.0,,,,,,0.0,,,,,,0.0,,,,,,F4F-3
f4f-4,0.0,,,,,,0.0,,,,,,0.0,,,,,,F4F-4
f4u-1a_japan,0.0,,,,,,34.0,100.0,1.8,2.0,0.27,1.0,24.0,,,2.88,,0.0,F4U-1A
f4u-4b_vmf_214,0.0,,,,,,8.0,,,1.0,,1.0,0.0,,,,,,F4U-4B_VMF-214
f7f3,0.0,,,,,,19.0,50.0,0.5,1.0,1.5,2.85,0.0,,,,,,F7F-3
f9f-5,0.0,,,,,,0.0,,,,,,0.0,,,,,,F9F-5
uk_falcon,0.0,,,,,,392.0,55.54,0.51,0.36,1.77,1.38,11.0,,,,,,Falcon
fr_fcm_36,0.0,,,,,,5.0,,,0.0,,1.0,0.0,,,,,,FCM.36
ffa_p16,0.0,,,,,,0.0,,,,,,0.0,,,,,,FFA_P-16
b_48_firecrest,0.0,,,,,,0.0,,,,,,0.0,,,,,,Firecrest
it_fiat_6614_firos,0.0,,,,,,24.0,,,0.0,,1.19,0.0,,,,,,FIROS_6
fj_4b,0.0,,,,,,22.0,100.0,0.0,0.0,1.0,0.5,0.0,,,,,,FJ-4B
fj_4b_agm_12b,0.0,,,,,,17.0,58.34,0.83,1.04,3.43,3.75,0.0,,,,,,FJ-4B_VMF-232
cn_fk_2000,0.0,,,,,,0.0,,,,,,0.0,,,,,,FK-2000
germ_flakpanzer_38t_Gepard,0.0,,,,,,4.0,,,,,,0.0,,,,,,Flakpanzer_38
germ_flarakrad,0.0,,,,,,55.0,,,0.67,,0.0,8.0,,,0.13,,0.0,FlaRakRad
fokker_d21_serie3_finland,0.0,,,,,,0.0,,,,,,0.0,,,,,,Fokker_D.XXI-3
uk_fv721_fox,0.0,,,,,,444.0,62.2,0.0,0.0,2.53,2.0,0.0,,,,,,Fox
it_freccia_hitfist_ows,0.0,,,,,,101.0,78.57,0.0,0.0,2.56,1.17,0.0,,,,,,Freccia_OWS_30
fr_samp_t_launcher,,,,,,,,,,,,,,,,,,,FSAF_SAMP/T_(Mamba)_(СОУ)
fr_samp_t_fcs,0.0,,,,,,23.0,100.0,1.4,1.25,0.0,0.0,0.0,,,,,,FSAF_SAMP/T_(Mamba)_(СОЦ)
it_samp_t_fcs,0.0,,,,,,0.0,,,,,,0.0,,,,,,FSAF_SAMP/T_(СОЦ)
fury_mk1,0.0,,,,,,0.0,,,,,,0.0,,,,,,Fury_Mk_I
fury_mk2,0.0,,,,,,0.0,,,,,,0.0,,,,,,Fury_Mk_II
fw-189a-1,0.0,,,,,,0.0,,,,,,0.0,,,,,,Fw_189_A-1
fw-190a-8_usa,0.0,,,,,,4.0,100.0,1.0,,1.0,,0.0,,,,,,Fw_190_A-8
fw-190c,0.0,,,,,,0.0,,,,,,0.0,,,,,,Fw_190_C
fw-190d-13,0.0,,,,,,172.0,47.62,1.33,1.22,0.74,0.87,0.0,,,,,,Fw_190_D-13
fw-190d-9_ussr,0.0,,,,,,0.0,,,,,,0.0,,,,,,Fw_190_D-9
fw_200c_1,0.0,,,,,,0.0,,,,,,0.0,,,,,,Fw_200_C-1
fw_189c_0,0.0,,,,,,0.0,,,,,,0.0,,,,,,Fw_189_C
fiat_g50_seria7as_italy,0.0,,,,,,0.0,,,,,,0.0,,,,,,G.50_AS_serie_7
fiat_g50_seria7as,0.0,,,,,,0.0,,,,,,0.0,,,,,,G.50_AS_serie_7
fiat_g50_seria2,0.0,,,,,,0.0,,,,,,0.0,,,,,,G.50_serie_2
fiat_g50_seria2_italy,0.0,,,,,,0.0,,,,,,0.0,,,,,,G.50_serie_2
g_56,0.0,,,,,,69.0,75.0,1.06,0.9,0.62,0.63,0.0,,,,,,G.56
fiat_g91_r1,0.0,,,,,,1.0,,,0.0,,0.0,0.0,,,,,,G.91_R/1
fiat_g91_r4,0.0,,,,,,44.0,87.5,3.91,4.31,1.89,2.0,22.0,,,2.0,,0.0,G.91_R/4
g4m1,0.0,,,,,,0.0,,,,,,0.0,,,,,,G4M1
g5n1,0.0,,,,,,23.0,,,,,,0.0,,,,,,G5N1
f3f-2_galer,0.0,,,,,,0.0,,,,,,0.0,,,,,,Galer's_F3F-2
germ_garford_putilov,0.0,,,,,,0.0,,,,,,0.0,,,,,,Garford-Beute
ussr_gaz_dshk,0.0,,,,,,0.0,,,,,,0.0,,,,,,GAZ-AAA_(DShK)
uk_vickers_gbt_155,0.0,,,,,,0.0,,,,,,0.0,,,,,,GBT_155
il_m113a1_tow,0.0,,,,,,31.0,81.82,0.0,0.0,2.59,1.97,0.0,,,,,,Giraf
gladiator_mk1_belgium,0.0,,,,,,0.0,,,,,,0.0,,,,,,Gladiator_Mk_I
gladiator_mk2_france,0.0,,,,,,0.0,,,,,,0.0,,,,,,Gladiator_Mk_IIF
gladiator_mk2_silver,0.0,,,,,,0.0,,,,,,0.0,,,,,,Gladiator_Mk_IIS
uk_mk1_grant,0.0,,,,,,0.0,,,,,,0.0,,,,,,Grant_I
h-75a-1_france,0.0,,,,,,0.0,,,,,,0.0,,,,,,H-75A-1
p-40c_china,0.0,,,,,,0.0,,,,,,0.0,,,,,,H-81A-2
fr_hotchkiss_h35,0.0,,,,,,0.0,,,,,,0.0,,,,,,H.35
fr_hotchkiss_h39,0.0,,,,,,0.0,,,,,,0.0,,,,,,H.39
fr_hotchkiss_h39_cambronne,0.0,,,,,,0.0,,,,,,0.0,,,,,,"H.39_""Cambronne"""
hp_12,0.0,,,,,,0.0,,,,,,0.0,,,,,,H.P.12
h6k4,0.0,,,,,,0.0,,,,,,0.0,,,,,,H6K4
h8k2,0.0,,,,,,0.0,,,,,,0.0,,,,,,H8K2
h8k3,0.0,,,,,,0.0,,,,,,0.0,,,,,,H8K3
jp_type_95_ha_go_commander,0.0,,,,,,23.0,,,0.0,,1.0,0.0,,,,,,Ha-Go_Commander
a5m4_hagiri,0.0,,,,,,0.0,,,,,,0.0,,,,,,Hagiri's_A5M4
halifax_mk3,0.0,,,,,,11.0,,,,,,0.0,,,,,,Halifax_B_Mk_IIIa
hp52_hampden_mk1_late,0.0,,,,,,0.0,,,,,,0.0,,,,,,Hampden_Mk_I
hp52_hampden_tbmk1,0.0,,,,,,0.0,,,,,,0.0,,,,,,Hampden_TB_Mk_I
hp52_hampden_tbmk1_ussr_utk1,0.0,,,,,,0.0,,,,,,0.0,,,,,,Hampden_TB_Mk_I
jp_harimau,0.0,,,,,,0.0,,,,,,0.0,,,,,,Harimau
harrier_gr1,0.0,,,,,,49.0,52.78,0.03,0.3,0.89,1.16,4.0,,,1.0,,0.0,Harrier_GR.1
harrier_gr3,0.0,,,,,,23.0,100.0,0.0,0.0,0.46,0.46,0.0,,,,,,Harrier_GR.3
harrier_gr7,0.0,,,,,,0.0,,,,,,0.0,,,,,,Harrier_GR.7
harrier_t10,0.0,,,,,,9.0,,,,,,0.0,,,,,,Harrier_T.10
uk_a25_mk_8,0.0,,,,,,0.0,,,,,,0.0,,,,,,Harry_Hopkins_I
hawk_200_rda,0.0,,,,,,0.0,,,,,,0.0,,,,,,Hawk_200_RDA
h-75a-2_finland,0.0,,,,,,0.0,,,,,,0.0,,,,,,Hawk_H-75A-2
hawk_iii,0.0,,,,,,0.0,,,,,,0.0,,,,,,Hawk_III
hawk_t1a_early,0.0,,,,,,0.0,,,,,,0.0,,,,,,Hawk_T_Mk_1A
hawk_t1a,0.0,,,,,,0.0,,,,,,0.0,,,,,,Hawk_T_Mk_1A_(FRP)
he-111h-2,0.0,,,,,,0.0,,,,,,0.0,,,,,,He_111_H-3
he_112b_1_italy,0.0,,,,,,0.0,,,,,,0.0,,,,,,He_112_B-1/U2
he_112b_1,0.0,,,,,,0.0,,,,,,0.0,,,,,,He_112_B-1/U2
he_112b_2,0.0,,,,,,0.0,,,,,,0.0,,,,,,He_112_B-2/U2
he_112v_5,0.0,,,,,,0.0,,,,,,0.0,,,,,,He_112_V-5
he_115c_1,0.0,,,,,,0.0,,,,,,0.0,,,,,,He_115_C-1
he-162a-1,0.0,,,,,,0.0,,,,,,0.0,,,,,,He_162_A-1
he-177a-3,0.0,,,,,,0.0,,,,,,0.0,,,,,,He_177_A-3
he-177a-5,0.0,,,,,,0.0,,,,,,0.0,,,,,,He_177_A-5
he_219a_7,0.0,,,,,,168.0,42.28,0.98,1.0,4.94,5.07,0.0,,,,,,He_219_A-7
he51a1,0.0,,,,,,0.0,,,,,,0.0,,,,,,He_51_A-1
he51b_2w,0.0,,,,,,0.0,,,,,,0.0,,,,,,He_51_B-2/H
he51c1_late,0.0,,,,,,0.0,,,,,,0.0,,,,,,He_51_C-1/L
jp_pzkpfw_VI_ausf_e_tiger,0.0,,,,,,39.0,100.0,0.0,0.0,6.72,6.72,0.0,,,,,,Heavy_Tank_No.6
marut_mk1,0.0,,,,,,48.0,75.0,1.47,1.76,0.5,1.91,0.0,,,,,,HF-24
jp_type_3_ho_ni_III,0.0,,,,,,14.0,100.0,0.0,0.0,1.0,1.43,0.0,,,,,,Ho-Ni_III
hornet_mk1,0.0,,,,,,0.0,,,,,,0.0,,,,,,Hornet_Mk.I
cn_hq_11,0.0,,,,,,2.0,0.0,1.0,1.0,0.0,0.0,0.0,,,,,,HQ11
cn_hq_17,0.0,,,,,,0.0,,,,,,0.0,,,,,,HQ17
hs-123a-1,0.0,,,,,,0.0,,,,,,0.0,,,,,,Hs_123_A-1
hs-129b-2,0.0,,,,,,0.0,,,,,,0.0,,,,,,Hs_129_B-2
hs-129b-2_romania_italy,0.0,,,,,,64.0,44.7,1.31,1.29,2.75,3.08,0.0,,,,,,Hs_129_B-2_(Romania)
hs-129b-2_romania,0.0,,,,,,21.0,100.0,2.0,2.0,2.0,2.0,0.0,,,,,,Hs_129_B-2_(Romania)
us_hstv_l,0.0,,,,,,1413.0,56.29,0.01,0.01,1.84,1.48,13.0,,,0.0,,0.0,HSTV-L
hudson_mk_v,0.0,,,,,,0.0,,,,,,0.0,,,,,,Hudson_Mk_V
hunter_f6,0.0,,,,,,15.0,100.0,0.0,1.0,0.0,0.0,0.0,,,,,,Hunter_F.6
hunter_f9_rhodesia,0.0,,,,,,6.0,,,,,,0.0,,,,,,Hunter_FGA.9
hurricane_mk1,0.0,,,,,,0.0,,,,,,0.0,,,,,,Hurricane_Mk_I/L
hurricane_mk1_late_ep,0.0,,,,,,0.0,,,,,,0.0,,,,,,Hurricane_Mk.I/L_FAA_M
i-15_1935_moscow,0.0,,,,,,0.0,,,,,,0.0,,,,,,I-15_M-25
i-153p,0.0,,,,,,108.0,77.01,4.21,15.88,0.44,1.38,0.0,,,,,,I-153P
i-15bis,0.0,,,,,,16.0,,,0.0,,0.0,0.0,,,,,,I-15bis
gladiator_j8a_iacobi,0.0,,,,,,8.0,100.0,0.0,0.0,0.0,0.0,0.0,,,,,,Iacobi's_J8A
jp_icv_ifv_prototype,0.0,,,,,,122.0,54.81,0.0,0.0,1.16,0.95,0.0,,,,,,ICV_(P)
il_2_37_1943,0.0,,,,,,0.0,,,,,,0.0,,,,,,IL-2-37
il-4,0.0,,,,,,0.0,,,,,,0.0,,,,,,IL-4
uk_a1e1_independent,0.0,,,,,,0.0,,,,,,0.0,,,,,,Independent
germ_iris_slm_launcher,,,,,,,,,,,,,,,,,,,IRIS-T_SLM_(СОУ)
germ_iris_slm_fcs,0.0,,,,,,218.0,40.03,2.8,2.23,0.0,0.0,0.0,,,,,,IRIS-T_SLM_(СОЦ)
ussr_is_2_1944_revenge,0.0,,,,,,145.0,91.94,0.0,0.0,7.57,2.67,0.0,,,,,,"IS-2_""Revenge"""
cn_is_2_1943_no402,0.0,,,,,,11.0,,,0.0,,1.0,0.0,,,,,,IS-2_No.402
it_semovente_m43_75_bersaglieri,,,,,,,,,,,,,,,,,,,it_semovente_m43_75_bersaglieri
sw_crotale_ng,0.0,,,,,,7.0,,,,,,0.0,,,,,,ItO_90M
j_10a,0.0,,,,,,124.0,78.53,1.42,2.41,0.13,0.17,0.0,,,,,,J-10A
j_16,0.0,,,,,,0.0,,,,,,0.0,,,,,,J-16
j_22m1a,0.0,,,,,,162.0,46.22,0.11,0.19,1.86,3.83,32.0,,,1.0,,6.38,J-22M1A
mig-17_china,0.0,,,,,,0.0,,,,,,0.0,,,,,,J-4
j_7_mk2,0.0,,,,,,3.0,,,,,,0.0,,,,,,J-7II
j1n1_mod11_early,0.0,,,,,,3.0,100.0,0.0,0.0,0.0,0.0,0.0,,,,,,J1N1
saab_j29d,0.0,,,,,,0.0,,,,,,0.0,,,,,,J29D
j2m2,0.0,,,,,,111.0,100.0,4.05,3.4,1.45,1.1,0.0,,,,,,J2M2
j2m3,0.0,,,,,,106.0,62.5,0.95,1.08,0.25,0.31,0.0,,,,,,J2M3
j2m4_kai,0.0,,,,,,0.0,,,,,,0.0,,,,,,J2M4_Kai
j2m5,0.0,,,,,,12.0,0.0,0.0,0.0,0.0,0.0,0.0,,,,,,J2M5
j2m5_30mm,0.0,,,,,,15.0,,,1.0,,0.0,0.0,,,,,,J2M5
saab_j32b,0.0,,,,,,38.0,50.0,1.0,1.0,0.0,0.0,0.0,,,,,,J32B
hunter_f50_sweden,0.0,,,,,,12.0,0.0,1.0,1.0,0.0,0.0,8.0,,,0.0,,0.0,J34
saab_j35a,0.0,,,,,,191.0,55.62,1.91,2.82,0.26,0.4,43.0,,,6.05,,0.0,J35A
saab_j35d,0.0,,,,,,8.0,,,0.0,,0.0,5.0,,,2.6,,0.0,J35D
saab_j35j,0.0,,,,,,0.0,,,,,,0.0,,,,,,J35J
j5n1,0.0,,,,,,51.0,,,0.52,,0.62,0.0,,,,,,J5N1
j9_early,0.0,,,,,,0.0,,,,,,0.0,,,,,,J9_Early
saab_ja37d,0.0,,,,,,61.0,34.21,1.63,1.43,0.05,0.05,14.0,,,4.0,,0.0,JA37D
germ_jaguar_2,0.0,,,,,,119.0,10.56,0.0,0.0,1.62,0.76,0.0,,,,,,Jaguar_2
jaguar_a,0.0,,,,,,0.0,,,,,,0.0,,,,,,Jaguar_A
jaguar_gr1,0.0,,,,,,2.0,,,,,,0.0,,,,,,Jaguar_GR.1
jaguar_gr1a,0.0,,,,,,10.0,50.0,0.5,1.0,1.0,2.0,0.0,,,,,,Jaguar_GR.1A
germ_sk105_a2,0.0,,,,,,106.0,33.33,0.0,0.0,3.07,1.68,0.0,,,,,,JaPz.K_A2
saab_jas39a,0.0,,,,,,33.0,85.71,3.57,1.69,0.86,0.67,16.0,,,1.0,,0.0,JAS39A
saab_jas39c,0.0,,,,,,140.0,47.63,1.71,1.73,0.32,0.32,4.0,,,2.0,,1.0,JAS39C
saab_jas39c_thailand,0.0,,,,,,585.0,61.94,1.09,1.26,0.19,0.24,0.0,,,,,,JAS39C
saab_jas39c_south_africa,0.0,,,,,,49.0,75.36,3.51,2.58,0.54,0.34,19.0,,,1.0,,0.0,JAS39C
saab_jas39d,0.0,,,,,,170.0,50.0,0.52,0.81,0.18,0.25,19.0,,,1.0,,2.0,JAS39D
javelin_fmk9,0.0,,,,,,90.0,58.7,2.28,2.41,2.0,2.17,0.0,,,,,,Javelin_F.(A.W.)_Mk.9
jh_7a,0.0,,,,,,0.0,,,,,,0.0,,,,,,JH-7A
jh_7a_prototype,0.0,,,,,,39.0,,,,,,0.0,,,,,,JH-7A_Prototype
jh_7a2,0.0,,,,,,31.0,100.0,1.0,1.0,0.0,0.0,0.0,,,,,,JH-7A2
ju-288c,0.0,,,,,,308.0,44.34,0.48,0.72,0.11,0.14,33.0,50.0,0.0,0.74,1.38,0.81,Ju_288_C
ju-388j,0.0,,,,,,0.0,,,,,,0.0,,,,,,Ju_388_J
ju-87d-3,0.0,,,,,,5.0,100.0,0.0,0.0,2.0,2.0,0.0,,,,,,Ju_87_D-3
ju-87g_1,0.0,,,,,,5.0,,,0.0,,0.0,0.0,,,,,,Ju_87_G-1
ju-87g_2,0.0,,,,,,0.0,,,,,,0.0,,,,,,Ju_87_G-2
ju-87r-2,0.0,,,,,,0.0,,,,,,0.0,,,,,,Ju_87_R-2
ju-87r-2_italy,0.0,,,,,,2.0,,,,,,0.0,,,,,,Ju_87_R-2
ju-87r-2_snake,0.0,,,,,,0.0,,,,,,0.0,,,,,,Ju_87_R-2_Libya
ju-88a-4_finland,0.0,,,,,,8.0,,,0.0,,1.0,0.0,,,,,,Ju_88_A-4
ju-88c-6,0.0,,,,,,0.0,,,,,,0.0,,,,,,Ju_88_C-6
jp_type_2_ka_mi,0.0,,,,,,0.0,,,,,,0.0,,,,,,Ka-Mi
kfir_c2,0.0,,,,,,0.0,,,,,,0.0,,,,,,Kfir_C.2
kfir_c7,0.0,,,,,,27.0,,,,,,0.0,,,,,,Kfir_C.7
kfir_canard,0.0,,,,,,162.0,75.96,2.61,2.11,0.69,0.87,0.0,,,,,,Kfir_Canard
uk_khalid,0.0,,,,,,270.0,60.56,0.0,0.0,3.17,2.01,0.0,,,,,,Khalid
ussr_9p157,0.0,,,,,,32.0,0.0,0.0,0.0,1.97,1.66,0.0,,,,,,Khrizantema-S
ki_10_1,0.0,,,,,,0.0,,,,,,0.0,,,,,,Ki-10-I
ki_10_2_commander,0.0,,,,,,0.0,,,,,,0.0,,,,,,Ki-10-II_C
ki_102_otsu,0.0,,,,,,0.0,,,,,,0.0,,,,,,Ki-102_otsu
ki_108,0.0,,,,,,8.0,100.0,0.0,,0.0,,0.0,,,,,,Ki-108_Kai
ki_109,0.0,,,,,,0.0,,,,,,0.0,,,,,,Ki-109
j8m1,0.0,,,,,,0.0,,,,,,0.0,,,,,,Ki-200
ki_21_1ko,0.0,,,,,,0.0,,,,,,0.0,,,,,,Ki-21-Ia
ki-27_otsu_ep,0.0,,,,,,0.0,,,,,,0.0,,,,,,Ki-27_otsu_Tachiarai
ki_32,0.0,,,,,,0.0,,,,,,0.0,,,,,,Ki-32
ki_43_2_late,0.0,,,,,,1.0,,,,,,0.0,,,,,,Ki-43-II
ki_44_1,0.0,,,,,,15.0,50.0,0.5,1.0,0.0,0.0,0.0,,,,,,Ki-44-I
ki_44_2_otsu,0.0,,,,,,6.0,100.0,0.0,0.0,2.0,1.0,0.0,,,,,,Ki-44-II_otsu
ki-45_hei,0.0,,,,,,8.0,50.0,1.0,2.0,0.0,0.0,0.0,,,,,,Ki-45_hei
ki-45_otsu,0.0,,,,,,8.0,,,1.0,,0.0,0.0,,,,,,Ki-45_otsu
ki-45_tei,0.0,,,,,,15.0,,,,,,0.0,,,,,,Ki-45_tei
ki_48_2_otsu,0.0,,,,,,0.0,,,,,,0.0,,,,,,Ki-48-II_otsu
ki-49_1,0.0,,,,,,0.0,,,,,,0.0,,,,,,Ki-49-I
ki-49_2a,0.0,,,,,,8.0,,,,,,0.0,,,,,,Ki-49-IIa
ki-49_2b,0.0,,,,,,8.0,,,,,,0.0,,,,,,Ki-49-IIb
ki-49_2b_late,0.0,,,,,,23.0,,,0.0,,0.0,0.0,,,,,,Ki-49-IIb/L
ki_67_1_ko,0.0,,,,,,0.0,,,,,,0.0,,,,,,Ki-67-I_Ko
ki_67_1_otsu,0.0,,,,,,14.0,100.0,2.0,,2.0,,0.0,,,,,,Ki-67-I_otsu
ki_84_otsu,0.0,,,,,,0.0,,,,,,0.0,,,,,,Ki-84_otsu
ki_87,0.0,,,,,,0.0,,,,,,0.0,,,,,,Ki-87
ki_93_1_ko,0.0,,,,,,0.0,,,,,,0.0,,,,,,Ki-93-I_Ko
ki_94_2,0.0,,,,,,0.0,,,,,,0.0,,,,,,Ki-94-II
kitsuka,0.0,,,,,,93.0,84.0,1.08,0.42,2.52,0.96,0.0,,,,,,Kikka
kor_1,,,,,,,,,,,,,,,,,,,KOR-1
i-15bis_krasnolutsky,0.0,,,,,,0.0,,,,,,0.0,,,,,,Krasnolutsky's_I-15bis
f-4e_iaf,0.0,,,,,,71.0,11.76,1.65,1.35,1.21,1.95,13.0,,,,,,Kurnass
f-4e_kurnass_2000,0.0,,,,,,17.0,,,,,,0.0,,,,,,Kurnass_2000
l_39za,0.0,,,,,,27.0,100.0,0.0,0.0,1.47,1.0,0.0,,,,,,L-39ZA_Albatros
it_l6,0.0,,,,,,0.0,,,,,,0.0,,,,,,L6/40
it_l6_leone,0.0,,,,,,0.0,,,,,,0.0,,,,,,L6/40_(31_Rgt.)
la-11,0.0,,,,,,11.0,100.0,0.0,0.0,0.0,0.0,0.0,,,,,,La-11
lagg-3-34,0.0,,,,,,0.0,,,,,,0.0,,,,,,LaGG-3-34
lagg-3-4,0.0,,,,,,0.0,,,,,,0.0,,,,,,LaGG-3-4
lancaster_mr7_france,0.0,,,,,,0.0,,,,,,0.0,,,,,,Lancaster_MR.7
late_298d,0.0,,,,,,0.0,,,,,,0.0,,,,,,Late_298D
fr_leclerc_azur,0.0,,,,,,86.0,46.64,0.0,0.0,2.67,2.15,0.0,,,,,,Leclerc_AZUR
fr_leclerc_sxxi,0.0,,,,,,198.0,59.85,0.0,0.0,3.32,2.44,0.0,,,,,,Leclerc_SXXI
leo_451_early,0.0,,,,,,0.0,,,,,,0.0,,,,,,LeO_451_early
fr_leopard_2a4nl_les,0.0,,,,,,739.0,52.48,0.0,0.0,1.91,1.43,0.0,,,,,,Leopard_2_(OTCo)
germ_leopard_2a4_pzbtl_123,0.0,,,,,,769.0,49.34,0.0,0.0,2.68,1.91,0.0,,,,,,Leopard_2_(PzBtl_123)
fr_leopard_2a4nl,0.0,,,,,,198.0,51.97,0.0,0.0,1.89,1.16,0.0,,,,,,Leopard_2A4NL
fr_leopard_2a5nl,0.0,,,,,,60.0,100.0,0.0,0.0,6.6,7.64,0.0,,,,,,Leopard_2A5NL
fr_leopard_2a6nl,0.0,,,,,,67.0,100.0,0.0,0.0,10.17,3.39,0.0,,,,,,Leopard_2A6NL
jp_leopard_2ri,0.0,,,,,,218.0,76.95,0.0,0.0,4.62,3.83,0.0,,,,,,Leopard_2RI
uk_vickers_mk_6_aa_mk_1,0.0,,,,,,11.0,,,0.0,,0.0,0.0,,,,,,Light_AA_Mk_I
lightning_f53,0.0,,,,,,21.0,100.0,1.0,1.0,1.0,0.76,0.0,,,,,,Lightning_F.53
lincoln_b2,0.0,,,,,,0.0,,,,,,0.0,,,,,,Lincoln_B_Mk_II
fr_lorraine_155,0.0,,,,,,0.0,,,,,,0.0,,,,,,Lorraine_155_Mle.50
fr_lorraine_37l,0.0,,,,,,0.0,,,,,,0.0,,,,,,Lorraine_37L
us_losat_ccv,0.0,,,,,,383.0,48.82,0.0,0.0,2.85,2.51,0.0,,,,,,LOSAT
sw_lvrbv_701,0.0,,,,,,0.0,,,,,,0.0,,,,,,Lvrbv_701
us_lvt_a_4,0.0,,,,,,0.0,,,,,,0.0,,,,,,LVT(A)(4)
us_lvt_4_zis_2,0.0,,,,,,0.0,,,,,,0.0,,,,,,LVT(A)(4)_(ZIS-2)
fr_lvt_bofors,0.0,,,,,,6.0,,,,,,0.0,,,,,,LVT-4/40
m_346fa,0.0,,,,,,13.0,,,,,,0.0,,,,,,M-346FA
mb_151c1,0.0,,,,,,0.0,,,,,,0.0,,,,,,M.B.151C.1
mb_152c1,0.0,,,,,,0.0,,,,,,0.0,,,,,,M.B.152C1
mb_162,0.0,,,,,,0.0,,,,,,0.0,,,,,,M.B.162
mb_174_a3,0.0,,,,,,0.0,,,,,,0.0,,,,,,M.B.174A-3
mb_175t,0.0,,,,,,0.0,,,,,,0.0,,,,,,M.B.175T
md_452_mystere_2a,0.0,,,,,,35.0,,,2.36,,1.0,0.0,,,,,,M.D.452_IIA
md_452_mystere_2c_preproduction,0.0,,,,,,17.0,,,1.0,,1.0,0.0,,,,,,M.D.452_IIC
us_m109a1,0.0,,,,,,126.0,91.95,0.0,0.0,0.93,0.52,0.0,,,,,,M109A1
it_m11_39,0.0,,,,,,0.0,,,,,,0.0,,,,,,M11/39
us_m1128_mgs,0.0,,,,,,506.0,45.13,0.0,0.0,1.34,1.04,0.0,,,,,,M1128
it_m113a1_tow,0.0,,,,,,113.0,54.17,0.0,0.0,0.88,0.68,0.0,,,,,,M113A1_(TOW)
it_m13_40_serie_2,0.0,,,,,,12.0,0.0,0.0,,1.0,,0.0,,,,,,M13/40_(II)
it_m14_41,0.0,,,,,,0.0,,,,,,0.0,,,,,,M14/41
us_halftrack_m15,0.0,,,,,,22.0,,,0.0,,0.0,0.0,,,,,,M15_CGMC
it_m15_42,0.0,,,,,,0.0,,,,,,0.0,,,,,,M15/42
us_halftrack_m16,0.0,,,,,,60.0,0.0,1.62,1.13,0.0,0.0,0.0,,,,,,M16_MGMC
us_m163_vulcan,0.0,,,,,,258.0,48.98,0.67,0.75,0.2,0.23,0.0,,,,,,M163
jp_m163_vulcan,0.0,,,,,,183.0,68.22,0.89,0.95,0.11,0.14,0.0,,,,,,M163
jp_m19,0.0,,,,,,406.0,55.68,0.67,0.43,1.06,0.66,0.0,,,,,,M19A1
uk_m1a1_aim_abrams,0.0,,,,,,23.0,100.0,0.0,0.0,5.0,5.0,0.0,,,,,,M1A1
us_m1a1_hc_abrams,0.0,,,,,,587.0,73.44,0.0,0.0,3.88,3.64,0.0,,,,,,M1A1_HC
uk_m1a2_sep3_abrams,0.0,,,,,,418.0,65.08,0.03,0.03,3.36,2.9,0.0,,,,,,M1A2
us_m2_medium,1.0,0.0,0.0,0.0,0.0,0.0,25.0,,,0.0,,0.0,0.0,,,,,,M2
us_m2a2,0.0,,,,,,0.0,,,,,,0.0,,,,,,M2A2
ussr_m3c,0.0,,,,,,0.0,,,,,,0.0,,,,,,M3_Medium
us_m3a1_stuart_usmc,0.0,,,,,,31.0,,,0.0,,1.42,0.0,,,,,,M3A1_(USMC)
us_m3a3_bradley,0.0,,,,,,153.0,26.59,0.0,0.0,1.1,0.49,0.0,,,,,,M3A3_Bradley
fr_m3a3_stuart,0.0,,,,,,13.0,100.0,0.0,0.0,2.29,2.29,0.0,,,,,,M3A3_Stuart
jp_m41_walker_bulldog,0.0,,,,,,643.0,61.46,0.0,0.0,1.47,1.14,0.0,,,,,,M41A1
fr_m44,0.0,,,,,,105.0,43.33,0.0,0.0,1.05,1.54,0.0,,,,,,M44
fr_m46_patton,0.0,,,,,,63.0,86.84,0.0,0.0,6.84,3.5,0.0,,,,,,M46
us_m47_patton_II,0.0,,,,,,149.0,46.83,0.0,0.0,1.96,1.31,13.0,,,0.0,,0.0,M47
it_m47_105,0.0,,,,,,42.0,100.0,0.0,0.0,2.0,0.76,0.0,,,,,,M47_(105/55)
us_m4a2_1944,,,,,,,,,,,,,,,,,,,M4A2_(1944)
fr_m4a3_105_sherman,0.0,,,,,,33.0,,,0.0,,2.3,0.0,,,,,,M4A3_(105)
fr_m4a3e2_sherman_jumbo,0.0,,,,,,88.0,39.29,0.0,0.0,4.5,2.64,0.0,,,,,,M4A3E2
us_m50_ontos,0.0,,,,,,213.0,63.07,0.0,0.0,2.26,1.77,0.0,,,,,,M50
ussr_m53_59_kit_4rank,0.0,,,,,,0.0,,,,,,0.0,,,,,,M53/59_(Будь_Готов!)
fr_m55,0.0,,,,,,43.0,100.0,0.0,0.0,6.0,4.2,0.0,,,,,,M55
us_m551_76,0.0,,,,,,287.0,55.06,0.0,0.0,1.98,1.77,0.0,,,,,,M551(76)
us_m5a1_stuart_td,0.0,,,,,,0.0,,,,,,0.0,,,,,,M5A1_TD
it_m60a1_ariete,0.0,,,,,,30.0,66.67,0.0,0.0,3.3,2.17,0.0,,,,,,"M60A1_""D.C.Ariete"""
us_m60a1_rise_mod,0.0,,,,,,54.0,66.67,0.0,0.0,4.0,2.4,0.0,,,,,,M60A1_Predator
us_m60a3_tts,0.0,,,,,,295.0,49.42,0.0,0.0,1.76,1.58,0.0,,,,,,M60A3_TTS
us_m728,0.0,,,,,,20.0,90.0,0.0,0.0,2.75,2.95,0.0,,,,,,M728_CEV
us_m8_greyhound,0.0,,,,,,17.0,,,0.0,,2.53,0.0,,,,,,M8_LAC
il_magach_3_idf,0.0,,,,,,17.0,,,0.0,,1.0,0.0,,,,,,Magach_3
us_magach_3,0.0,,,,,,8.0,,,,,,0.0,,,,,,Magach_3_(ERA)
il_magach_3,0.0,,,,,,2.0,,,0.0,,1.0,0.0,,,,,,Magach_3_(ERA)
il_magach_6,0.0,,,,,,0.0,,,,,,0.0,,,,,,Magach_6
il_magach_6c,0.0,,,,,,95.0,36.11,0.0,0.0,2.65,2.52,0.0,,,,,,Magach_6C
il_magach_6r,0.0,,,,,,115.0,94.89,0.0,0.0,2.83,2.28,0.0,,,,,,Magach_6R
il_magach_7c,0.0,,,,,,23.0,58.34,0.0,0.0,1.5,0.5,0.0,,,,,,Magach_7C
fiat_cr42_marcolin,0.0,,,,,,0.0,,,,,,0.0,,,,,,Marcolin's_C.R.42_CN
fiat_cr42_marcolin_italy,0.0,,,,,,0.0,,,,,,0.0,,,,,,Marcolin's_C.R.42_CN
uk_mark_v,0.0,,,,,,0.0,,,,,,0.0,,,,,,Mark_V
fr_mars_15,0.0,,,,,,179.0,48.45,0.0,0.0,1.51,0.94,0.0,,,,,,MARS_15
martin_139wc,0.0,,,,,,0.0,,,,,,0.0,,,,,,Martin_139WC
maryland_mk1_france,0.0,,,,,,0.0,,,,,,0.0,,,,,,Martin_167-A3
f4f-4_martlet_mk4,0.0,,,,,,0.0,,,,,,0.0,,,,,,Martlet_Mk_IV
mb_326b,0.0,,,,,,47.0,100.0,0.65,1.0,3.42,7.86,78.0,100.0,0.32,0.64,4.79,6.21,MB-326B
mb_5,0.0,,,,,,182.0,83.67,3.51,11.0,0.93,2.84,0.0,,,,,,MB.5
mbr-2,0.0,,,,,,0.0,,,,,,0.0,,,,,,MBR-2-M-34
me-163b,0.0,,,,,,17.0,0.0,1.0,1.0,0.0,0.0,0.0,,,,,,Me_163_B
me-163b-0,0.0,,,,,,0.0,,,,,,0.0,,,,,,Me_163_B-0
me_210_v22_japan,0.0,,,,,,0.0,,,,,,0.0,,,,,,Me_210_V22
me-262a-1a,0.0,,,,,,31.0,0.0,0.54,0.54,0.0,0.0,0.0,,,,,,Me_262_A-1a
me-262a-1a_early,0.0,,,,,,31.0,,,3.63,,3.13,0.0,,,,,,Me_262_A-1a/Jabo
me-262a-2a,0.0,,,,,,73.0,84.62,3.69,0.86,1.65,1.64,0.0,,,,,,Me_262_A-2a
me-262c-1a,0.0,,,,,,0.0,,,,,,0.0,,,,,,Me_262_C-1a
me-262c-2b,0.0,,,,,,20.0,,,,,,0.0,,,,,,Me_262_C-2b
me-410a-1_u4,0.0,,,,,,24.0,,,0.0,,0.27,0.0,,,,,,Me_410_A-1/U4
me-410b-2_u4,0.0,,,,,,0.0,,,,,,0.0,,,,,,Me_410_B-2/U4
us_merkava_mk_1,0.0,,,,,,16.0,,,,,,0.0,,,,,,Merkava_Mk.1
us_merkava_mk_2b_late,0.0,,,,,,15.0,,,0.0,,1.0,0.0,,,,,,Merkava_Mk.2B
us_merkava_mk_3d,0.0,,,,,,5.0,50.0,0.0,0.0,1.0,2.0,0.0,,,,,,Merkava_Mk.3D
il_merkava_mk_4_lic,0.0,,,,,,54.0,55.16,0.0,0.0,1.29,2.25,0.0,,,,,,Merkava_Mk.4_LIC
il_merkava_mk_4b,0.0,,,,,,31.0,50.0,0.0,0.0,2.12,2.37,0.0,,,,,,Merkava_Mk.4B
il_merkava_mk_4m,0.0,,,,,,350.0,75.87,0.03,0.03,5.34,5.96,0.0,,,,,,Merkava_Mk.4M
meteor_fmk3,0.0,,,,,,34.0,,,0.57,,0.0,0.0,,,,,,Meteor_F_Mk_3
meteor_fmk4_sw,0.0,,,,,,12.0,100.0,5.5,11.0,0.0,0.0,0.0,,,,,,Meteor_F_Mk_4_G.41G
meteor_fmk8,0.0,,,,,,12.0,100.0,0.0,,0.0,,0.0,,,,,,Meteor_F_Mk_8_G.41K
meteor_fmk8_belgium,0.0,,,,,,27.0,100.0,1.4,,1.8,,0.0,,,,,,Meteor_F_Mk.8
meteor_fmk8_reaper,0.0,,,,,,64.0,73.69,2.55,3.58,2.24,3.18,0.0,,,,,,Meteor_F_Mk.8_Reaper
mig-15bis_ish,0.0,,,,,,33.0,86.67,0.27,0.53,2.13,2.27,0.0,,,,,,MiG-15bis_ISH
mig-17,0.0,,,,,,51.0,100.0,2.61,2.18,0.11,0.09,0.0,,,,,,MiG-17
mig_29_9_12_sniper,0.0,,,,,,299.0,54.72,1.53,1.3,0.15,0.17,95.0,0.0,4.82,1.36,0.0,0.0,MiG-29_Sniper
mig_29n,0.0,,,,,,105.0,71.98,1.19,1.73,0.19,0.3,0.0,,,,,,MiG-29N
mirage_milan,0.0,,,,,,41.0,85.8,0.34,0.41,1.16,1.16,0.0,,,,,,Milan
mirage_2000_5eg_mk2_greece,0.0,,,,,,0.0,,,,,,0.0,,,,,,Mirage_2000-5EG
mirage_2000_5f,0.0,,,,,,169.0,61.28,2.18,2.98,0.0,0.0,9.0,,,0.0,,0.0,Mirage_2000-5F
mirage_2000c_s5,0.0,,,,,,171.0,55.77,1.95,3.14,0.78,1.2,0.0,,,,,,Mirage_2000C-S5
mirage_2000d_r1,0.0,,,,,,0.0,,,,,,0.0,,,,,,Mirage_2000D-R1
mirage_2000d_rmv,0.0,,,,,,0.0,,,,,,8.0,,,0.0,,0.0,Mirage_2000D-RMV
mirage_f1c,0.0,,,,,,78.0,88.0,2.46,1.41,0.06,0.06,0.0,,,,,,Mirage_F1C
mirage_f1c_200,0.0,,,,,,378.0,50.43,1.51,1.47,0.33,0.33,73.0,100.0,10.29,2.89,0.0,0.0,Mirage_F1C-200
mirage_f1cg_greece,0.0,,,,,,0.0,,,,,,0.0,,,,,,Mirage_F1CG
mirage_f1ct,0.0,,,,,,0.0,,,,,,4.0,,,2.0,,0.0,Mirage_F1CT
mirage_3e,0.0,,,,,,45.0,90.86,2.6,3.31,0.0,0.0,0.0,,,,,,Mirage_IIIE
ussr_a_12_mk_2_matilda_2A_F96,0.0,,,,,,0.0,,,,,,0.0,,,,,,MK-II_«Matilda»
mosquito_fb_mk6,0.0,,,,,,0.0,,,,,,0.0,,,,,,Mosquito_FB_Mk_VI
mosquito_fb_mk18,0.0,,,,,,0.0,,,,,,0.0,,,,,,Mosquito_FB_Mk_XVIII
mosquito_tr_mk33,0.0,,,,,,0.0,,,,,,0.0,,,,,,Mosquito_TR.Mk.33
mosquito_nf_mk2,0.0,,,,,,0.0,,,,,,0.0,,,,,,Mosquito_NF.Mk.II
fr_msc,0.0,,,,,,222.0,81.72,0.0,0.0,3.42,2.87,8.0,,,0.0,,2.0,MSC
md_454_mystere_4a,0.0,,,,,,8.0,,,,,,0.0,,,,,,Mystere_IVA
nc_223_3,0.0,,,,,,0.0,,,,,,0.0,,,,,,N.C.223.3
n1k1_kyuofu,0.0,,,,,,16.0,,,,,,0.0,,,,,,N1K1
n1k1_ja,0.0,,,,,,0.0,,,,,,0.0,,,,,,N1K1-Ja
n1k2_j,0.0,,,,,,23.0,100.0,1.21,1.21,2.21,2.21,0.0,,,,,,N1K2-J
il_namer_tsrikhon,0.0,,,,,,65.0,82.44,0.0,0.0,2.1,2.04,0.0,,,,,,Namer_Tsrikhon
sw_nasams_fcs,0.0,,,,,,78.0,59.33,1.44,1.96,0.0,0.0,0.0,,,,,,NASAMS_3_(СОЦ)
us_nasams_fcs,0.0,,,,,,182.0,45.56,2.56,1.56,0.0,0.0,0.0,,,,,,NASAMS_3_(СОЦ)
fw-190a-8_france,0.0,,,,,,15.0,100.0,2.6,,4.0,,0.0,,,,,,NC.900
nesher,0.0,,,,,,6.0,,,,,,0.0,,,,,,Nesher
f_16a_block_10_iaf,0.0,,,,,,26.0,50.0,0.56,1.0,0.5,0.94,16.0,,,2.29,,0.0,Netz
f_16a_block_10_netz_mod,0.0,,,,,,82.0,67.49,1.01,2.09,0.78,1.17,32.0,,,0.0,,4.0,Netz_(Mod)
nimrod_mk1,0.0,,,,,,0.0,,,,,,0.0,,,,,,Nimrod_Mk_I
nimrod_mk2,0.0,,,,,,0.0,,,,,,0.0,,,,,,Nimrod_Mk_II
sw_nomads,0.0,,,,,,7.0,0.0,2.0,2.0,0.0,0.0,0.0,,,,,,NOMADS
ussr_object_140,0.0,,,,,,241.0,57.5,0.0,0.0,5.24,2.19,0.0,,,,,,Object_140
ussr_object_292,0.0,,,,,,426.0,56.06,0.0,0.0,4.16,2.54,0.0,,,,,,Object_292
ussr_object_685,0.0,,,,,,168.0,56.45,0.0,0.0,1.64,1.43,0.0,,,,,,Object_685
it_of_40_mk_1,0.0,,,,,,233.0,68.3,0.0,0.0,3.07,2.23,0.0,,,,,,OF-40
it_of_40_mk_2a,0.0,,,,,,105.0,53.01,0.0,0.0,1.55,1.95,4.0,,,0.0,,2.0,OF-40_Mk.2A
uk_olifant_mk_1a,0.0,,,,,,212.0,64.34,0.0,0.0,2.69,2.69,0.0,,,,,,Olifant_Mk.1A
uk_olifant_mk_2,0.0,,,,,,116.0,50.0,0.0,0.0,3.05,2.67,0.0,,,,,,Olifant_Mk.2
cn_oplot_t,0.0,,,,,,105.0,56.97,0.0,0.0,2.13,1.96,0.0,,,,,,Oplot-M
os2u_1,0.0,,,,,,0.0,,,,,,0.0,,,,,,OS2U-1
os2u_3,0.0,,,,,,0.0,,,,,,0.0,,,,,,OS2U-3
uk_9a33bm2,0.0,,,,,,1.0,,,,,,0.0,,,,,,Osa-AK
it_9a33bm3,0.0,,,,,,0.0,,,,,,0.0,,,,,,Osa-AKM
germ_flakpanzer_IV_Ostwind_2_net,0.0,,,,,,280.0,29.14,0.82,0.49,0.23,0.13,4.0,,,0.0,,0.0,Ostwind_Ost
p-26a_34,0.0,,,,,,0.0,,,,,,0.0,,,,,,P-26A-34
p-38j,0.0,,,,,,2.0,100.0,4.0,4.0,5.5,5.5,18.0,100.0,0.08,0.08,1.08,1.08,P-38J-15
p-38k,0.0,,,,,,0.0,,,,,,0.0,,,,,,P-38K
p-39k_1,0.0,,,,,,0.0,,,,,,0.0,,,,,,P-39K-1
p-39q_15,0.0,,,,,,0.0,,,,,,0.0,,,,,,P-39Q-15
p-39q_5,0.0,,,,,,6.0,100.0,0.0,0.0,2.0,2.0,0.0,,,,,,P-39Q-5
p-40c,0.0,,,,,,0.0,,,,,,0.0,,,,,,P-40C
p-40e_td,0.0,,,,,,0.0,,,,,,0.0,,,,,,P-40E-1_TD
p-43a-1,0.0,,,,,,0.0,,,,,,0.0,,,,,,P-43A-1
p-59a,0.0,,,,,,68.0,89.29,1.8,1.63,1.6,1.3,0.0,,,,,,P-59A
p-66,0.0,,,,,,0.0,,,,,,0.0,,,,,,P-66
p_108a_serie2,0.0,,,,,,1.0,,,,,,0.0,,,,,,P.108A_serie_2
fr_citroen_kegresse_p4t,0.0,,,,,,0.0,,,,,,0.0,,,,,,P.7.T_AA
p1y1_mod11,0.0,,,,,,0.0,,,,,,0.0,,,,,,P1Y1_mod._11
d_510,0.0,,,,,,0.0,,,,,,0.0,,,,,,Pallier's_D.510
fr_pzkpfw_V_panther_dauphine,0.0,,,,,,15.0,100.0,0.0,0.0,4.0,2.0,0.0,,,,,,Panther_«Dauphine»
germ_panzerjager_1,0.0,,,,,,2.0,0.0,0.0,0.0,1.0,1.0,0.0,,,,,,Panzerjäger_I
sw_pbil_m40,0.0,,,,,,0.0,,,,,,0.0,,,,,,Pbil_m/40
pbj_1h,0.0,,,,,,4.0,100.0,1.0,,7.0,,0.0,,,,,,PBJ-1H
pbj_1j,0.0,,,,,,0.0,,,,,,0.0,,,,,,PBJ-1J
pbm_1,0.0,,,,,,0.0,,,,,,0.0,,,,,,"PBM-1_""Mariner"""
pbm_5a,0.0,,,,,,0.0,,,,,,0.0,,,,,,"PBM-5A_""Mariner"""
sw_pbv_302_bill,0.0,,,,,,30.0,50.0,0.0,0.0,1.0,1.0,0.0,,,,,,Pbv_302_(BILL)
pby-5,0.0,,,,,,0.0,,,,,,0.0,,,,,,PBY-5_Catalina
pby-5a_late_france,0.0,,,,,,0.0,,,,,,0.0,,,,,,PBY-5A_Late
cn_pgz_04a,0.0,,,,,,93.0,62.35,0.74,1.1,0.0,0.0,0.0,,,,,,PGZ04A
cn_pgz_09,0.0,,,,,,80.0,47.73,1.8,1.39,0.56,0.5,0.0,,,,,,PGZ09
cn_pgz_88,0.0,,,,,,186.0,36.09,0.3,0.2,1.1,0.6,0.0,,,,,,PGZ88
cn_type_65_aa,0.0,,,,,,7.0,,,0.0,,0.0,0.0,,,,,,Phòng_không_T-34
cn_plz_45,,,,,,,,,,,,,,,,,,,PLZ45
cn_plz_83_130,0.0,,,,,,32.0,45.24,0.0,0.0,1.91,2.7,0.0,,,,,,PLZ83-130
po-2,0.0,,,,,,0.0,,,,,,0.0,,,,,,Po-2
po-2_nw,,,,,,,,,,,,,,,,,,,Po-2_Night_Witch
po-2m,0.0,,,,,,0.0,,,,,,0.0,,,,,,Po-2M
potez_630,0.0,,,,,,0.0,,,,,,0.0,,,,,,Potez_630
potez_631,0.0,,,,,,13.0,,,0.0,,1.0,0.0,,,,,,Potez_631
potez_633,0.0,,,,,,0.0,,,,,,0.0,,,,,,Potez_633
spitfire_fr_mk14e,0.0,,,,,,13.0,,,0.0,,0.0,0.0,,,,,,Prendergast's_Spitfire_FR_Mk_XIVe
germ_leopard_2_pt14,0.0,,,,,,11.0,,,,,,0.0,,,,,,PT-16/T14_mod.
cn_ptl_02,0.0,,,,,,75.0,100.0,0.0,0.0,2.81,2.16,0.0,,,,,,PTL02
germ_schutzenpanzer_puma,0.0,,,,,,191.0,52.04,0.01,0.01,1.3,1.01,0.0,,,,,,PUMA
germ_schutzenpanzer_puma_vjtf_mod,0.0,,,,,,0.0,,,,,,0.0,,,,,,Puma_u14
sw_pvkv_m43_1963,0.0,,,,,,21.0,,,0.0,,1.0,0.0,,,,,,Pvkv_m/43_(1963)
germ_pzkpfw_38t_na,0.0,,,,,,0.0,,,,,,0.0,,,,,,Pz.38(t)_n.A.
germ_pzkpfw_38t_ausf_A,0.0,,,,,,16.0,50.0,0.0,0.0,1.5,2.94,0.0,,,,,,Pz.38(t)_A
germ_pzkpfw_38t_ausf_F,0.0,,,,,,0.0,,,,,,0.0,,,,,,Pz.38(t)_F
germ_pzkpfw_II_ausf_C_td,0.0,,,,,,0.0,,,,,,0.0,,,,,,Pz.II_C_TD
germ_pzkpfw_III_ausf_J_td,0.0,,,,,,0.0,,,,,,0.0,,,,,,Pz.III_J1_TD
it_pzkpfw_III_ausf_N,0.0,,,,,,14.0,,,0.0,,1.0,0.0,,,,,,Pz.III_N
germ_pzkpfw_III_ausf_J_L42,0.0,,,,,,2.0,,,,,,0.0,,,,,,Pz.III_J
germ_pzkpfw_II_ausf_F,0.0,,,,,,11.0,100.0,0.0,0.0,2.0,1.55,0.0,,,,,,Pz.II_F
germ_pzkpfw_II_ausf_C_DAK,0.0,,,,,,32.0,0.0,0.0,0.0,2.0,1.38,0.0,,,,,,Pz.II_С_(DAK)
germ_pzkpfw_IV_ausf_E,0.0,,,,,,24.0,0.0,0.0,0.0,1.27,1.27,0.0,,,,,,Pz.IV_E
germ_amd_35_kwk,0.0,,,,,,0.0,,,,,,0.0,,,,,,Pz.Sp.Wg.P204(f)_KwK
germ_amd_35_kwk39,0.0,,,,,,54.0,0.0,0.0,0.0,5.5,1.7,0.0,,,,,,Pz.Sp.Wg.P204(f)_PaK
it_pzh_2000,0.0,,,,,,0.0,,,,,,0.0,,,,,,PzH_2000
q_5_early,0.0,,,,,,21.0,,,,,,0.0,,,,,,Q-5_early
q_5l,0.0,,,,,,0.0,,,,,,151.0,100.0,0.0,0.0,0.0,0.0,Q-5L
quing_6,0.0,,,,,,11.0,,,,,,2.0,,,0.0,,0.0,Qing-6
cn_qn506,0.0,,,,,,94.0,22.02,0.0,0.0,0.7,0.71,0.0,,,,,,QN506
fr_renault_r39,0.0,,,,,,0.0,,,,,,0.0,,,,,,R.35_(SA38)
r2y2_v1,0.0,,,,,,19.0,,,,,,0.0,,,,,,R2Y2_Kai_V1
r2y2_v2,0.0,,,,,,4.0,,,,,,0.0,,,,,,R2Y2_Kai_V2
r2y2_kai,0.0,,,,,,1.0,,,2.0,,3.0,0.0,,,,,,R2Y2_Kai_V3
il_merkava_mk_3_raam_segol,0.0,,,,,,281.0,77.83,0.0,0.0,3.91,2.27,3.0,,,0.0,,1.0,Ra'am_Sagol
rafale_eg_greece,0.0,,,,,,0.0,,,,,,0.0,,,,,,Rafale_EG
uk_tracked_rapier,0.0,,,,,,6.0,0.0,1.0,1.0,0.0,0.0,0.0,,,,,,Rapier
p-36a_rasmussen,0.0,,,,,,0.0,,,,,,0.0,,,,,,Rasmussen's_P-36A
uk_ratel_20,2.0,50.0,0.5,0.5,0.5,0.5,73.0,1.33,0.0,0.0,1.04,0.55,0.0,,,,,,Ratel_20
re_2000_ga,0.0,,,,,,0.0,,,,,,0.0,,,,,,Re.2000_G.A.
re_2000_int,0.0,,,,,,0.0,,,,,,0.0,,,,,,Re.2000_serie_1
re_2001_serie1_ep,0.0,,,,,,0.0,,,,,,0.0,,,,,,Re.2001_gruppo_22
jp_type_95_heavy,0.0,,,,,,13.0,,,0.0,,2.0,0.0,,,,,,Ro-Go
jp_hiro_sha,0.0,,,,,,12.0,,,0.0,,1.0,0.0,,,,,,Ro-Go_Exp.
ro_43,,,,,,,,,,,,,,,,,,,Ro.43
ro_44,0.0,,,,,,0.0,,,,,,0.0,,,,,,Ro.44
fr_amx_30_roland,0.0,,,,,,24.0,,,0.93,,0.0,0.0,,,,,,Roland_1
uk_rooikat_105_td,0.0,,,,,,75.0,47.92,0.0,0.0,1.66,3.11,0.0,,,,,,Rooikat_105
uk_rooikat_76,0.0,,,,,,180.0,57.82,0.0,0.0,1.52,0.89,0.0,,,,,,Rooikat_Mk.1D
uk_rooikat_mttd,0.0,,,,,,105.0,94.42,0.0,0.0,4.67,4.02,0.0,,,,,,Rooikat_MTTD
germ_ru251,0.0,,,,,,105.0,50.0,0.0,0.0,4.84,3.0,0.0,,,,,,Ru_251
fr_somua_s35,0.0,,,,,,8.0,,,0.0,,2.0,0.0,,,,,,S.35
s_81_ar125,0.0,,,,,,0.0,,,,,,0.0,,,,,,S.81
sm_79_1941,0.0,,,,,,0.0,,,,,,0.0,,,,,,S.M.79_AS
sm_79_1941_italy,0.0,,,,,,0.0,,,,,,0.0,,,,,,S.M.79_AS
sm_79_iar,0.0,,,,,,0.0,,,,,,0.0,,,,,,S.M.79_B
sm_79_1942,0.0,,,,,,0.0,,,,,,0.0,,,,,,S.M.79_bis/N
sm_79_1943,0.0,,,,,,0.0,,,,,,0.0,,,,,,S.M.79_bis/T.M
sm_79_1943_italy,0.0,,,,,,0.0,,,,,,0.0,,,,,,S.M.79_bis/T.M
sm_79_1936,0.0,,,,,,0.0,,,,,,0.0,,,,,,S.M.79_serie_1
sm_79_1936_italy,0.0,,,,,,0.0,,,,,,0.0,,,,,,S.M.79_serie_1
sm_79_1937,0.0,,,,,,0.0,,,,,,0.0,,,,,,S.M.79_serie_4
sm_79_1939,0.0,,,,,,0.0,,,,,,0.0,,,,,,S.M.79_serie_8
sm_79_1939_italy,0.0,,,,,,0.0,,,,,,0.0,,,,,,S.M.79_serie_8
so_4050_vautour_2n,0.0,,,,,,35.0,100.0,0.93,0.93,0.33,0.33,0.0,,,,,,S.O.4050_Vautour_IIN
so_8000_narval,0.0,,,,,,40.0,100.0,4.95,4.21,2.2,1.84,0.0,,,,,,S.O.8000_Narval
saab_b17bs,0.0,,,,,,0.0,,,,,,0.0,,,,,,S17BS
md_460_saar,0.0,,,,,,11.0,100.0,1.0,1.0,0.0,0.0,0.0,,,,,,Sa'ar
saab_f35_wdns,0.0,,,,,,3.0,100.0,0.0,0.0,0.0,0.0,0.0,,,,,,Saab_F-35
saab_j35xs,0.0,,,,,,213.0,35.88,1.73,2.0,0.16,0.2,0.0,,,,,,Saab_J35XS
saab_105g,0.0,,,,,,453.0,47.89,0.76,0.89,1.22,1.37,0.0,,,,,,SAAB-105G
saab_105oe,0.0,,,,,,18.0,,,,,,0.0,,,,,,SAAB-105OE
md_460_sambad,0.0,,,,,,0.0,,,,,,0.0,,,,,,Sambad
fr_vab_santal,0.0,,,,,,102.0,6.0,2.02,1.12,0.0,0.0,0.0,,,,,,SANTAL
uk_sarc_mk4_a,0.0,,,,,,2.0,,,,,,0.0,,,,,,SARC_MkIVa
uk_marmon_herrington_mk_6_2pdr,0.0,,,,,,12.0,50.0,0.0,0.0,1.5,1.07,0.0,,,,,,SARC_MkVI_(2pdr)
fr_somua_sau40,0.0,,,,,,0.0,,,,,,0.0,,,,,,SAu_40
sb_2m_100,0.0,,,,,,4.0,,,,,,0.0,,,,,,SB_2M-100
sb_2m_103c,0.0,,,,,,0.0,,,,,,0.0,,,,,,SB_2M-103
sb_2m_103_mv3,0.0,,,,,,0.0,,,,,,0.0,,,,,,SB_2M-103_MV-3
sb_2m_103u,0.0,,,,,,0.0,,,,,,0.0,,,,,,SB_2M-103U
sb_2m_103u_mv3,0.0,,,,,,0.0,,,,,,0.0,,,,,,SB_2M-103U_MV-3
sb2c_1c,0.0,,,,,,23.0,7.14,0.0,0.0,0.93,0.47,0.0,,,,,,SB2C-1C
sb2c_4,0.0,,,,,,2.0,0.0,0.0,0.0,0.0,0.0,0.0,,,,,,SB2C-4
sb2c_5_greece,0.0,,,,,,0.0,,,,,,0.0,,,,,,SB2C-5
sb2u-2,0.0,,,,,,8.0,,,0.0,,0.0,0.0,,,,,,SB2U-2
uk_fv107_scimitar,1.0,,,0.0,,0.0,93.0,87.37,0.0,0.0,1.14,0.7,0.0,,,,,,Scimitar
scimitar_f1,0.0,,,,,,39.0,85.26,2.3,2.96,0.45,0.58,0.0,,,,,,Scimitar_F_Mk.1
uk_fv107_scimitar_mk2,4.0,50.0,0.0,0.0,0.5,0.5,198.0,40.91,0.0,0.0,3.1,0.73,0.0,,,,,,Scimitar_Mk.2
germ_sdkfz_234_1,0.0,,,,,,10.0,81.25,0.63,0.63,2.56,2.94,11.0,,,0.0,,1.0,Sd.Kfz.234/1
germ_sdkfz_234_2_td,0.0,,,,,,42.0,50.0,0.0,0.0,0.72,1.1,0.0,,,,,,Sd.Kfz.234/2_TD
germ_sdkfz_234_3,0.0,,,,,,43.0,54.0,0.0,0.0,3.56,3.27,0.0,,,,,,Sd.Kfz.234/3
germ_sdkfz_234_4,0.0,,,,,,118.0,92.58,0.0,0.0,3.76,2.12,0.0,,,,,,Sd.Kfz.234/4
germ_sdkfz_251_10,0.0,,,,,,5.0,50.0,0.0,0.0,0.5,1.0,0.0,,,,,,Sd.Kfz.251/10
se_203,0.0,,,,,,0.0,,,,,,0.0,,,,,,SE.203_Aquilon_203
gladiator_mk2_navy,0.0,,,,,,0.0,,,,,,0.0,,,,,,Sea_Gladiator_Mk_I
sea_harrier_fa2,0.0,,,,,,46.0,50.0,0.96,1.0,0.96,1.0,0.0,,,,,,Sea_Harrier_FA_2
harrier_frs1,0.0,,,,,,22.0,50.0,0.5,1.0,0.0,0.0,0.0,,,,,,Sea_Harrier_FRS.1
harrier_frs1_early,0.0,,,,,,0.0,,,,,,0.0,,,,,,Sea_Harrier_FRS.1_(e)
sea_hawk_fga6,0.0,,,,,,68.0,58.34,0.6,0.72,0.99,1.15,0.0,,,,,,Sea_Hawk_FGA.6
sea_hawk_fga50_netherlands,0.0,,,,,,3.0,50.0,1.0,2.0,1.5,3.0,30.0,,,3.14,,0.0,Sea_Hawk_Mk.50
sea_venom_faw20,0.0,,,,,,0.0,,,,,,0.0,,,,,,Sea_Venom_FAW_20
dh_110_sea_vixen,0.0,,,,,,54.0,53.57,1.61,3.43,0.0,0.0,0.0,,,,,,Sea_Vixen_F.A.W._Mk.2
seafire_mk17,0.0,,,,,,19.0,,,,,,0.0,,,,,,Seafire_F_Mk_XVII
seafire_mk3,0.0,,,,,,6.0,,,0.0,,1.0,0.0,,,,,,Seafire_LF_Mk.III
mirage_3cj,0.0,,,,,,56.0,100.0,3.83,1.68,0.28,0.17,0.0,,,,,,Shahak
it_sherman_vc_firefly,0.0,,,,,,40.0,100.0,0.0,0.0,2.67,2.0,0.0,,,,,,Sherman_Vc
il_centurion_shot_kal_d,0.0,,,,,,72.0,65.28,0.0,0.0,2.46,2.92,11.0,,,0.0,,2.0,Sho't_Kal_Dalet
uk_centurion_shot_kal_d,0.0,,,,,,0.0,,,,,,0.0,,,,,,Sho't_Kal_Dalet
il_centurion_shot_kal_gimel,0.0,,,,,,15.0,,,0.0,,1.33,0.0,,,,,,Sho't_Kal_Gimel
ussr_9p149,0.0,,,,,,21.0,50.0,0.0,0.0,0.5,1.0,0.0,,,,,,Shturm-S
it_otobreda_sidam_25,0.0,,,,,,93.0,50.0,0.5,0.64,0.45,0.69,0.0,,,,,,SIDAM_25
it_otobreda_sidam_25_mistral,0.0,,,,,,72.0,50.0,0.5,0.47,0.49,0.46,0.0,,,,,,SIDAM_25_(Mistral)
us_skink_aa_kit_3rank,0.0,,,,,,125.0,60.83,1.09,1.68,0.0,0.0,0.0,,,,,,Skink_(Hell)
uk_sky_sabre_fcs,0.0,,,,,,19.0,50.0,1.08,1.21,0.0,0.0,0.0,,,,,,Sky_Sabre_(СОЦ)
ussr_smk,0.0,,,,,,28.0,,,0.0,,2.39,0.0,,,,,,SMK
soc_1,,,,,,,,,,,,,,,,,,,SOC-1
spitfire_fr_mk14e_belgium,0.0,,,,,,25.0,,,1.92,,1.42,0.0,,,,,,Spitfire_FR_Mk_XIVe
spitfire_ix_ussr,0.0,,,,,,18.0,100.0,2.8,1.85,0.0,0.0,0.0,,,,,,Spitfire_Mk_IXc
spitfiremkiia_ep,0.0,,,,,,6.0,,,,,,0.0,,,,,,Spitfire_Mk.IIa_Venture_I
spitfire_lf_mk9c_cw_greece,0.0,,,,,,25.0,,,1.1,,1.86,0.0,,,,,,Spitfire_LF_Mk.IXc_(CW)
spitfire_mk5b_float,2.0,50.0,3.0,3.0,0.0,0.0,0.0,,,,,,0.0,,,,,,Spitfire_Mk.Vb_(Float)
il_spyder_aio,0.0,,,,,,29.0,27.27,0.23,0.27,0.0,0.0,0.0,,,,,,SPYDER
germ_spz_12_3,0.0,,,,,,182.0,73.79,0.18,0.12,3.49,2.83,0.0,,,,,,SPz_12-3_LGS
fr_saint_chamond,0.0,,,,,,0.0,,,,,,0.0,,,,,,St-Chamond
uk_t17e2,0.0,,,,,,20.0,100.0,0.0,0.0,0.0,0.0,0.0,,,,,,Staghound_AA
stirling_mk1,0.0,,,,,,0.0,,,,,,0.0,,,,,,Stirling_B_Mk_I
uk_stormer_air_defence,0.0,,,,,,9.0,0.0,1.0,1.0,0.0,0.0,0.0,,,,,,Stormer_AD
uk_stormer_hvm,0.0,,,,,,10.0,,,0.0,,0.0,0.0,,,,,,Stormer_HVM
strikemaster_mk88,0.0,,,,,,33.0,,,0.73,,3.0,0.0,,,,,,Strikemaster_Mk.88
uk_fv102_striker,0.0,,,,,,2.0,,,0.0,,0.0,0.0,,,,,,Striker
sw_strv_103_0,0.0,,,,,,303.0,46.32,0.0,0.0,2.76,2.86,0.0,,,,,,Strv_103-0
sw_strv_74,0.0,,,,,,311.0,43.93,0.0,0.0,2.1,1.72,0.0,,,,,,Strv_74
sw_strv_81_rb52,0.0,,,,,,21.0,0.0,0.0,0.0,2.33,1.19,0.0,,,,,,Strv_81_(RB_52)
uk_centurion_mk_3_ss11,0.0,,,,,,0.0,,,,,,0.0,,,,,,Strv_81_(RB_52)
sw_strv_m39_td,0.0,,,,,,0.0,,,,,,0.0,,,,,,Strv_m/39_TD
sw_strv_m41_s1,0.0,,,,,,0.0,,,,,,0.0,,,,,,Strv_m/41_S-I
us_m5a1_stuart_canadian_5st_arm,0.0,,,,,,0.0,,,,,,0.0,,,,,,Stuart_VI_(5th_CAD)
germ_stug_III_ausf_A,0.0,,,,,,24.0,,,0.0,,1.62,0.0,,,,,,StuG_III_A
germ_stuh_III_ausf_G,0.0,,,,,,16.0,0.0,0.0,0.0,3.33,3.21,0.0,,,,,,StuH_42_G
ussr_su_100Y,0.0,,,,,,34.0,50.0,0.0,0.0,0.93,1.21,0.0,,,,,,SU-100Y
ussr_su_122,0.0,,,,,,62.0,50.0,0.0,0.0,1.26,1.31,0.0,,,,,,SU-122
ussr_su_122P,0.0,,,,,,12.0,,,0.0,,4.42,0.0,,,,,,SU-122P
su_25k,0.0,,,,,,734.0,57.35,0.51,0.54,1.69,1.77,6.0,,,0.0,,0.0,Su-25K
su_30mkm,0.0,,,,,,355.0,64.78,1.41,1.71,1.15,1.3,116.0,0.0,6.0,0.78,1.0,0.08,Su-30MKM
su_25tm,0.0,,,,,,666.0,56.26,0.43,0.56,1.68,2.17,62.0,,,0.64,,1.27,Su-39
ussr_su_5_1,0.0,,,,,,0.0,,,,,,0.0,,,,,,SU-5-1
ussr_su_57,0.0,,,,,,2.0,,,0.0,,1.0,0.0,,,,,,SU-57
ussr_su_57b,0.0,,,,,,16.0,50.0,0.0,0.0,1.0,2.0,0.0,,,,,,SU-57B
su_6_single,0.0,,,,,,27.0,100.0,0.0,0.0,0.88,0.88,0.0,,,,,,Su-6
su-6_am42,0.0,,,,,,0.0,,,,,,0.0,,,,,,Su-6_(AM-42)
ussr_su_76d,0.0,,,,,,0.0,,,,,,0.0,,,,,,SU-76D
ussr_su_76m_1943,0.0,,,,,,26.0,0.0,0.0,0.0,0.76,0.76,0.0,,,,,,SU-76M
ussr_su_76m_5st_kav_corps,0.0,,,,,,0.0,,,,,,0.0,,,,,,SU-76M_(5th_Gv.Kav.Corps)
su-7bmk,0.0,,,,,,44.0,7.14,0.09,0.09,1.28,1.3,0.0,,,,,,Su-7BMK
ussr_su_85a,0.0,,,,,,0.0,,,,,,0.0,,,,,,SU-85A
sunderland_mk3a,0.0,,,,,,0.0,,,,,,0.0,,,,,,Sunderland_Mk_IIIa
sunderland_mk5,0.0,,,,,,0.0,,,,,,0.0,,,,,,Sunderland_Mk_V
md_460,0.0,,,,,,139.0,57.47,1.08,1.73,1.05,1.68,0.0,,,,,,Super_Mystere_B2
swift_f1,0.0,,,,,,48.0,77.27,1.54,2.18,1.11,1.7,0.0,,,,,,Swift_F.1
swift_f7,0.0,,,,,,15.0,,,1.0,,0.0,0.0,,,,,,Swift_F.7
swordfish_mk1,0.0,,,,,,0.0,,,,,,0.0,,,,,,Swordfish_Mk_I
swordfish_mk2,0.0,,,,,,0.0,,,,,,0.0,,,,,,Swordfish_Mk_II
ussr_t_10a,0.0,,,,,,50.0,100.0,0.0,0.0,7.0,3.4,0.0,,,,,,T-10A
ussr_t_126sp,0.0,,,,,,14.0,,,0.0,,2.14,0.0,,,,,,T-126
cn_t_26_no531,0.0,,,,,,0.0,,,,,,0.0,,,,,,T-26_No.531
ussr_t_26_4,0.0,,,,,,0.0,,,,,,0.0,,,,,,T-26-4
sw_vickers_mk_e_45,0.0,,,,,,0.0,,,,,,0.0,,,,,,T-26E
ussr_t_26E,0.0,,,,,,0.0,,,,,,0.0,,,,,,T-26E
ussr_t_28_1938,0.0,,,,,,19.0,100.0,0.0,0.0,1.0,1.0,0.0,,,,,,T-28_(1938)
ussr_t_34_1940_l_11,0.0,,,,,,0.0,,,,,,0.0,,,,,,T-34_(Prototype)
sw_t_50_fin,0.0,,,,,,0.0,,,,,,0.0,,,,,,T-50
cn_type_69_2g,0.0,,,,,,191.0,52.0,0.0,0.0,1.75,1.82,0.0,,,,,,T-69_II_G
ussr_t_70_1942,0.0,,,,,,13.0,0.0,0.0,0.0,1.0,0.62,0.0,,,,,,T-70
ussr_t_72b3_2011,0.0,,,,,,777.0,50.06,0.0,0.0,1.94,1.79,0.0,,,,,,T-72B3
ussr_t_80,0.0,,,,,,27.0,24.24,0.0,0.0,1.0,1.0,0.0,,,,,,T-80
ussr_t_80um2,0.0,,,,,,176.0,49.42,0.0,0.0,1.98,1.58,0.0,,,,,,T-80UM2
ussr_pzkpfw_III_ausf_J_L42,0.0,,,,,,0.0,,,,,,0.0,,,,,,T-III
us_t114,0.0,,,,,,42.0,100.0,0.0,0.0,4.55,4.43,0.0,,,,,,T114
saab_t18b_2,0.0,,,,,,8.0,0.0,0.75,0.75,0.0,0.0,0.0,,,,,,T18B_(57)
us_t18_e2,0.0,,,,,,46.0,18.42,0.0,0.0,7.87,6.07,0.0,,,,,,T18E2
us_t28,0.0,,,,,,0.0,,,,,,4.0,0.0,0.0,0.0,3.0,3.0,T28
us_t55e1,0.0,,,,,,117.0,42.86,0.0,0.0,3.26,1.55,0.0,,,,,,T55E1
us_t77e1,0.0,,,,,,50.0,50.0,1.18,2.36,0.0,0.0,0.0,,,,,,T77E1
us_t92,0.0,,,,,,566.0,52.34,0.0,0.0,1.56,1.17,0.0,,,,,,T92
us_t95,0.0,,,,,,6.0,,,,,,0.0,,,,,,T95
jp_type_98_ta_se,0.0,,,,,,17.0,,,0.67,,1.0,0.0,,,,,,Ta-Se
jp_type_81_tansam_launcher,0.0,,,,,,0.0,,,,,,0.0,,,,,,Tan-SAM_Kai_(СОУ)
jp_type_81_tansam_fcs,0.0,,,,,,7.0,,,0.18,,0.0,0.0,,,,,,Tan-SAM_Kai_(СОЦ)
tandem_mai,0.0,,,,,,0.0,,,,,,0.0,,,,,,Tandem_MAI
tb_3_m17_32,0.0,,,,,,0.0,,,,,,0.0,,,,,,TB-3M-17-32
tbd-1_1938,0.0,,,,,,0.0,,,,,,0.0,,,,,,TBD-1
tbf-1c,0.0,,,,,,20.0,,,0.0,,1.0,0.0,,,,,,TBF-1C
il_tcm_20,0.0,,,,,,23.0,0.0,0.0,0.0,0.0,0.0,0.0,,,,,,TCM-20
tempest_mkv_luftwaffe,0.0,,,,,,81.0,56.99,1.54,2.69,1.28,1.97,0.0,,,,,,Tempest_Mk_V
tempest_mkv_vikkers,1.0,100.0,1.0,1.0,1.0,1.0,26.0,100.0,0.75,1.0,1.0,1.0,0.0,,,,,,Tempest_Mk_V_(Vickers_P)
il_tiran_4,0.0,,,,,,37.0,98.15,0.0,0.0,2.15,1.72,0.0,,,,,,Tiran_4
jp_tkx_prot,1.0,,,,,,461.0,64.17,0.0,0.0,3.79,2.26,0.0,,,,,,TKX
jp_type_10_prototype,0.0,,,,,,271.0,51.4,0.0,0.0,2.09,1.56,0.0,,,,,,TKX_(P)
ussr_to_55,0.0,,,,,,133.0,93.75,0.0,0.0,11.88,5.36,4.0,,,,,,TO-55
uk_tog_2,0.0,,,,,,110.0,54.76,0.0,0.0,3.66,2.72,4.0,,,,,,TOG_II
it_toldi_II_a,0.0,,,,,,0.0,,,,,,0.0,,,,,,Toldi_IIA
cn_tor_m1,0.0,,,,,,0.0,,,,,,0.0,,,,,,Tor-M1
tornado_adv,0.0,,,,,,88.0,62.12,2.18,2.69,0.0,0.0,14.0,,,0.21,,0.0,Tornado_ADV
tornado_f3,0.0,,,,,,126.0,50.0,1.55,2.37,0.35,0.49,0.0,,,,,,Tornado_F.3
tornado_f3_late,0.0,,,,,,0.0,,,,,,0.0,,,,,,Tornado_F.3_Late
tornado_gr1,0.0,,,,,,19.0,100.0,0.0,0.0,2.0,4.0,0.0,,,,,,Tornado_GR.1
tornado_gr4,0.0,,,,,,0.0,,,,,,0.0,,,,,,Tornado_GR.4
tornado_ids_it_mod95,0.0,,,,,,0.0,,,,,,0.0,,,,,,Tornado_IDS_(1995)
tornado_ids_it_ret8,0.0,,,,,,0.0,,,,,,0.0,,,,,,Tornado_IDS_MLU_(RET.8)
uk_a39_tortoise,0.0,,,,,,9.0,,,,,,0.0,,,,,,Tortoise
ussr_tor_m1,0.0,,,,,,9.0,,,,,,0.0,,,,,,Toр-M1
tu-1,0.0,,,,,,63.0,96.67,0.27,0.16,4.09,2.79,0.0,,,,,,Tu-1
tu-2_early,0.0,,,,,,1.0,100.0,0.0,0.0,2.0,2.0,0.0,,,,,,Tu-2
tu-2_postwar,0.0,,,,,,8.0,0.0,0.0,0.0,2.38,2.38,0.0,,,,,,Tu-2S-44
tu_4,0.0,,,,,,3.0,,,0.33,,0.33,0.0,,,,,,Tu-4
gladiator_mk2_tuck,0.0,,,,,,0.0,,,,,,0.0,,,,,,Tuck's_Gladiator_Mk_II
it_41m_turan_2,0.0,,,,,,34.0,36.36,0.0,0.0,3.09,3.55,0.0,,,,,,Turan_II
jp_type_03_chusam_fcs,0.0,,,,,,2.0,,,0.0,,0.0,0.0,,,,,,Type_03_(СОЦ)
ussr_type_62,0.0,,,,,,10.0,,,0.0,,0.5,0.0,,,,,,Type_62
jp_type_74,2.0,100.0,0.0,0.0,3.0,3.0,707.0,50.93,0.0,0.0,1.71,1.55,4.0,,,0.0,,2.0,Type_74_(E)
jp_type_74_f,0.0,,,,,,95.0,67.36,0.0,0.0,1.8,1.43,0.0,,,,,,Type_74_(F)
jp_type_74_red_star,0.0,,,,,,288.0,60.51,0.0,0.0,2.75,1.57,0.0,,,,,,Type_74_Red_Star
jp_type_81_tansam,0.0,,,,,,35.0,0.0,0.82,0.82,0.0,0.0,0.0,,,,,,Type_81_(C)
jp_type_87,0.0,,,,,,480.0,43.63,0.24,0.21,0.79,0.66,0.0,,,,,,Type_87
jp_type_94,0.0,,,,,,0.0,,,,,,0.0,,,,,,Type_94
ef_2000_typhoon_aesa,0.0,,,,,,154.0,64.41,2.09,3.52,0.1,0.14,17.0,,,1.8,,0.4,Typhoon_(AESA)
sw_landsverk_ush_204_gk,0.0,,,,,,197.0,37.85,0.41,0.33,0.0,0.0,0.0,,,,,,U-SH_204_GK
sw_landsverk_ush_405,0.0,,,,,,201.0,57.07,0.0,0.0,2.14,1.11,0.0,,,,,,U-SH_405
sw_udes_33,0.0,,,,,,51.0,0.0,0.0,0.0,0.69,0.71,0.0,,,,,,UDES_33
us_m551_football,,,,,,,,,,,,,,,,,,,us_m551_football
ussr_m551_football,,,,,,,,,,,,,,,,,,,ussr_m551_football
v_11g,0.0,,,,,,0.0,,,,,,0.0,,,,,,V-11
v_12d,0.0,,,,,,0.0,,,,,,0.0,,,,,,V-12D
v_156_b1,0.0,,,,,,7.0,,,0.0,,0.0,0.0,,,,,,V-156-B1
v_156_f,0.0,,,,,,0.0,,,,,,0.0,,,,,,V-156-F
uk_valentine_mk_9,0.0,,,,,,54.0,50.0,0.0,0.0,1.9,1.81,0.0,,,,,,Valentine_IX
vampire_fb5,0.0,,,,,,0.0,,,,,,0.0,,,,,,Vampire_F.B.5
vampire_fb52_finland,0.0,,,,,,0.0,,,,,,0.0,,,,,,Vampire_FB_52A
so_4050_vautour_2a_iaf,0.0,,,,,,39.0,100.0,3.0,1.68,0.0,0.44,0.0,,,,,,Vautour_IIA_IDF/AF
it_vbc_pt2,0.0,,,,,,243.0,57.48,0.0,0.0,1.46,1.11,0.0,,,,,,VBC_(PT2)
fr_vbci,0.0,,,,,,118.0,87.92,0.0,0.0,2.17,1.11,0.0,,,,,,VBCI
fr_vbci2_mct30,0.0,,,,,,9.0,,,0.0,,0.44,0.0,,,,,,VBCI-2_(MCT30)
it_vcc_80_hitfist_30,0.0,,,,,,49.0,58.33,0.0,0.0,1.06,1.5,0.0,,,,,,VCC-80/30
sw_veak_40,0.0,,,,,,106.0,43.52,0.32,0.21,0.42,0.26,0.0,,,,,,VEAK_40
venom_fb4,0.0,,,,,,62.0,100.0,2.44,3.56,1.28,1.83,0.0,,,,,,Venom_FB.4
fr_vextra_105,0.0,,,,,,120.0,61.11,0.0,0.0,1.21,1.01,0.0,,,,,,Vextra_105
uk_vfm_5,0.0,,,,,,149.0,63.1,0.0,0.0,3.62,1.87,0.0,,,,,,VFM5
uk_vickers_mk_11,0.0,,,,,,268.0,59.69,0.0,0.0,2.1,1.95,0.0,,,,,,Vickers_Mk.11
uk_vijayanta,0.0,,,,,,395.0,52.65,0.0,0.0,2.27,1.56,0.0,,,,,,Vijayanta
germ_vilkas,0.0,,,,,,86.0,48.39,0.0,0.0,1.23,1.05,0.0,,,,,,Vilkas
vl_myrsky_2_late,0.0,,,,,,0.0,,,,,,0.0,,,,,,VL_Myrsky_II
it_vrcc_centauro,0.0,,,,,,117.0,51.72,0.0,0.0,2.09,1.91,0.0,,,,,,VRCC
germ_vt_1_2,0.0,,,,,,105.0,48.1,0.03,0.02,4.83,3.02,0.0,,,,,,VT1-2
cn_vt_5,0.0,,,,,,109.0,60.75,0.0,0.0,1.24,1.41,0.0,,,,,,VT5
fr_amx_vtt_dca,0.0,,,,,,33.0,92.11,1.26,1.7,0.29,0.5,0.0,,,,,,VTT_DCA
walrus_mk1,,,,,,,,,,,,,,,,,,,Walrus_Mk.I
uk_fv510_isv,0.0,,,,,,80.0,50.0,0.0,0.0,2.92,1.18,0.0,,,,,,Warrior
washington_b1,0.0,,,,,,3.0,,,,,,0.0,,,,,,Washington_B.Mk.I
spitfire_lf_mk9e_weisman,0.0,,,,,,23.0,100.0,2.18,2.18,2.16,2.16,8.0,,,,,,Weizman's_Spitfire_LF_Mk.IXe
wellington_mk1c,0.0,,,,,,16.0,,,0.0,,0.0,0.0,,,,,,Wellington_Mk_Ic
wellington_mk1c_luftwaffe,0.0,,,,,,0.0,,,,,,0.0,,,,,,Wellington_Mk_Ic
wellington_mk1c_late,0.0,,,,,,0.0,,,,,,0.0,,,,,,Wellington_Mk_Ic/L
wellington_mk3,0.0,,,,,,0.0,,,,,,0.0,,,,,,Wellington_Mk_III
wellington_mk10,0.0,,,,,,0.0,,,,,,0.0,,,,,,Wellington_Mk_X
whirlwind_mk1,0.0,,,,,,0.0,,,,,,0.0,,,,,,Whirlwind_Mk_I
whirlwind_p9,0.0,,,,,,0.0,,,,,,0.0,,,,,,Whirlwind_P.9
germ_wiesel_1_tow,0.0,,,,,,147.0,72.72,0.0,0.0,1.73,1.19,0.0,,,,,,Wiesel_1A2
wirraway,0.0,,,,,,0.0,,,,,,0.0,,,,,,Wirraway
cn_wma_301,0.0,,,,,,33.0,50.0,0.0,0.0,0.5,0.5,0.0,,,,,,WMA301
cn_wz_305,0.0,,,,,,307.0,31.7,0.25,0.23,0.92,0.82,35.0,60.0,0.0,0.0,1.16,1.15,WZ305
xf5f,0.0,,,,,,20.0,100.0,1.0,1.0,2.0,2.0,19.0,,,,,,XF5F
p-38g_metal,0.0,,,,,,0.0,,,,,,0.0,,,,,,XP-38G
yak_141,0.0,,,,,,120.0,61.29,0.85,1.1,0.0,0.0,0.0,,,,,,Yak-141
yak-3_vk107,0.0,,,,,,76.0,58.7,1.16,2.7,0.26,0.65,7.0,,,,,,Yak-3_(VK-107)
yak-38,0.0,,,,,,43.0,50.0,1.0,0.67,0.0,0.0,3.0,,,1.0,,0.0,Yak-38
yak-3t,0.0,,,,,,27.0,100.0,1.0,0.81,1.0,1.0,17.0,,,,,,Yak-3T
er-2_ach30b_early,0.0,,,,,,0.0,,,,,,0.0,,,,,,Yer-2_(ACh-30B)_(e)
er-2_m105_tat,0.0,,,,,,0.0,,,,,,0.0,,,,,,Yer-2_(M-105)_TAT
er-2_m105r_tat,0.0,,,,,,0.0,,,,,,0.0,,,,,,Yer-2_(M-105R)_TAT
yp-38,0.0,,,,,,0.0,,,,,,0.0,,,,,,YP-38
uk_ystervark_spaa,0.0,,,,,,86.0,36.27,0.12,0.08,0.23,0.2,0.0,,,,,,Ystervark
uk_rooikat_za_35,0.0,,,,,,339.0,57.77,0.19,0.18,1.39,1.18,0.0,,,,,,ZA-35
il_ss_11_halftrack,0.0,,,,,,10.0,0.0,0.0,0.0,2.0,1.1,0.0,,,,,,Zachlam_Tager
cn_type_86,0.0,,,,,,116.0,60.26,0.0,0.0,0.33,0.51,0.0,,,,,,ZBD86
ussr_zis_12_94KM_1945,0.0,,,,,,122.0,50.56,0.31,0.21,1.19,0.71,0.0,,,,,,ZiS-12_(94-KM)
ussr_zis_30,0.0,,,,,,30.0,75.0,0.0,0.0,1.31,1.22,0.0,,,,,,ZiS-30
cn_ztl_11,0.0,,,,,,27.0,100.0,0.0,0.0,1.0,1.0,0.0,,,,,,ZLT11
cn_zsd63_pg87,0.0,,,,,,98.0,8.33,0.53,0.37,0.0,0.0,0.0,,,,,,ZSD63/PG87
ussr_zsu_37,0.0,,,,,,31.0,,,,,,0.0,,,,,,ZSU-37
ussr_zsu_37_2,0.0,,,,,,279.0,27.81,0.58,0.49,0.31,0.3,0.0,,,,,,ZSU-37-2
uk_ratel_zt3,0.0,,,,,,209.0,43.49,0.0,0.0,3.06,2.37,0.0,,,,,,ZT3A2
cn_ztz_59a,0.0,,,,,,48.0,0.0,0.0,0.0,0.68,1.52,7.0,,,0.0,,2.0,ZTZ59A
cn_ztz_96b,0.0,,,,,,605.0,67.35,0.0,0.0,3.2,2.56,0.0,,,,,,ZTZ96B
cn_ztz_99a,0.0,,,,,,286.0,66.35,0.0,0.0,3.04,2.08,0.0,,,,,,ZTZ99A
ussr_zut_37,0.0,,,,,,0.0,,,,,,0.0,,,,,,ZUT-37
ussr_bmd_4m,0.0,,,,,,2140.0,46.37,0.01,0.01,1.48,1.11,13.0,,,,,,БМД-4M
ussr_bmd_4m2,0.0,,,,,,833.0,39.17,0.0,0.0,1.19,0.91,4.0,,,0.0,,1.0,БМД-4M2
ussr_sdkfz_251_21_kit_3rank,0.0,,,,,,18.0,0.0,0.0,0.0,0.0,0.0,0.0,,,,,,Ганомаг_('45)
ussr_garford_putilov,0.0,,,,,,0.0,,,,,,0.0,,,,,,Гарфордъ
db_lk,0.0,,,,,,0.0,,,,,,0.0,,,,,,ДБ-ЛК
ussr_is_1_kit_3rank,0.0,,,,,,52.0,50.0,0.0,0.0,1.5,1.6,0.0,,,,,,ИС-1_('45)
ussr_is_2m_kit_4rank,0.0,,,,,,3.0,100.0,0.0,0.0,4.0,4.0,0.0,,,,,,ИС-2М_(Будь_Готов!)
mig_35,0.0,,,,,,0.0,,,,,,0.0,,,,,,МиГ-35
germ_9a35_m,0.0,,,,,,1.0,,,,,,0.0,,,,,,Стрела-10М
it_9a35_m,0.0,,,,,,0.0,,,,,,0.0,,,,,,Стрела-10М
uk_9a35_m,0.0,,,,,,3.0,0.0,1.5,1.5,0.0,0.0,0.0,,,,,,Стрела-10М
ussr_t_34_85_zis_53_kit_3rank,0.0,,,,,,103.0,18.92,0.0,0.0,2.29,2.25,0.0,,,,,,Т-34-85_('45)
ussr_t_44_kit_4rank,0.0,,,,,,3.0,,,,,,0.0,,,,,,Т-44_(Будь_Готов!)
cn_t_62,0.0,,,,,,0.0,,,,,,0.0,,,,,,Т-62_№545
yak_1_litvyak,0.0,,,,,,0.0,,,,,,0.0,,,,,,Як-1_Литвяк
p-47m-1-re_boxted,0.0,,,,,,24.0,50.0,0.0,0.0,0.5,1.0,0.0,,,,,,⋠P-47M-1-RE
a6m5_zero_china,,,,,,,,,,,,,,,,,,,A6M5_(China)
cn_type_97_chi_ha,0.0,,,,,,0.0,,,,,,0.0,,,,,,Chi-Ha_(China)
f-100a_china,0.0,,,,,,95.0,66.67,4.26,4.48,0.3,0.71,0.0,,,,,,F-100A_(China)
f_100f_china,0.0,,,,,,0.0,,,,,,0.0,,,,,,F-100F_(China)
f-104a_china,0.0,,,,,,0.0,,,,,,0.0,,,,,,F-104A_(China)
f-104g_china,0.0,,,,,,15.0,,,0.0,,1.0,0.0,,,,,,F-104G_(China)
f_16a_block_20_mlu,0.0,,,,,,168.0,65.62,1.61,3.35,0.06,0.27,1.0,,,,,,F-16A_MLU_(China)
f_16a_block_72v_china,0.0,,,,,,53.0,50.0,1.5,2.9,0.27,0.53,0.0,,,,,,F-16V_(China)
f-5a_china,0.0,,,,,,0.0,,,,,,0.0,,,,,,F-5A_(China)
f-84g-31-re_china,0.0,,,,,,0.0,,,,,,0.0,,,,,,F-84G-31-RE_(China)
f-86f-40_china,0.0,,,,,,19.0,100.0,2.0,,0.0,,0.0,,,,,,F-86F-40_(China)
gladiator_mk1_china,0.0,,,,,,0.0,,,,,,0.0,,,,,,Gladiator_Mk_I_(China)
h-75m_china,0.0,,,,,,49.0,100.0,5.65,5.65,0.0,0.0,0.0,,,,,,H-75M_(China)
hs-123a-1_china,0.0,,,,,,0.0,,,,,,0.0,,,,,,Hs_123_A-1_(China)
i-15bis_china,0.0,,,,,,2.0,,,1.0,,1.0,0.0,,,,,,I-15bis_(China)
i-16_chung_28,0.0,,,,,,0.0,,,,,,0.0,,,,,,I-16_Chung_28_(China)
i-16_type17_china,0.0,,,,,,8.0,,,0.0,,0.0,0.0,,,,,,I-16_type_17_(China)
i-16_type5_1935_china,0.0,,,,,,0.0,,,,,,0.0,,,,,,I-16_type_5_(China)
il-10_1946_china,0.0,,,,,,2.0,100.0,0.0,0.0,1.0,1.0,0.0,,,,,,IL-10_(1946)_(China)
cn_isu_122,0.0,,,,,,0.0,,,,,,0.0,,,,,,ISU-122_(China)
ki-27_otsu_china,0.0,,,,,,0.0,,,,,,0.0,,,,,,Ki-27_otsu_(China)
ki-45_hei_tei_china,0.0,,,,,,0.0,,,,,,0.0,,,,,,Ki-45_hei/tei_(China)
ki_84_ko_china,0.0,,,,,,38.0,,,0.46,,0.54,49.0,100.0,9.0,4.5,2.0,1.0,Ki-84_ko_(China)
la-11_china,0.0,,,,,,8.0,,,,,,0.0,,,,,,La-11_(China)
cn_m113a1_tow,0.0,,,,,,55.0,13.33,0.0,0.0,2.3,0.94,0.0,,,,,,M113A1_(TOW)_(China)
cn_m3a3_stuart_1st_ptg,0.0,,,,,,0.0,,,,,,0.0,,,,,,M3A3_(1st_PTG)_(China)
cn_m3a3_stuart,0.0,,,,,,0.0,,,,,,0.0,,,,,,M3A3_Stuart_(China)
cn_m48a1_patton_III,0.0,,,,,,79.0,65.56,0.0,0.0,4.99,3.65,4.0,,,0.0,,1.0,M48A1_(China)
cn_m5a1_stuart,0.0,,,,,,0.0,,,,,,0.0,,,,,,M5A1_(China)
cn_m8_greyhound,0.0,,,,,,62.0,100.0,0.0,0.0,2.0,0.56,0.0,,,,,,M8_LAC_(China)
mirage_2000_5ei,0.0,,,,,,102.0,81.56,1.51,1.8,0.53,0.71,0.0,,,,,,Mirage_2000-5Ei_(China)
p-38l_1_china_rocaf,0.0,,,,,,10.0,100.0,1.0,1.0,1.0,1.0,0.0,,,,,,P-38L-1_(China)
sb_2m_103u_china,0.0,,,,,,0.0,,,,,,0.0,,,,,,SB_2M-103U_(China)
cn_sdkfz_222_early,0.0,,,,,,9.0,,,,,,0.0,,,,,,Sd.Kfz.222_(China)
cn_su_76m_1943,0.0,,,,,,3.0,,,0.0,,0.0,0.0,,,,,,SU-76M_(China)
uk_challenger_II_yt_cup_2019,,,,,,,,,,,,,,,,,,,␙Challenger_2
germ_leopard_2a5_yt_cup_2019,0.0,,,,,,0.0,,,,,,0.0,,,,,,␙Leopard_2A5
us_m1a1_abrams_yt_cup_2019,0.0,,,,,,0.0,,,,,,0.0,,,,,,␙M1A1
md_460_yt_cup_2019,,,,,,,,,,,,,,,,,,,␙Super_Mystere_B2
ussr_t_80u_yt_cup_2019,0.0,,,,,,0.0,,,,,,0.0,,,,,,␙T-80U
p-63c-5_kingcobra_animal_version,0.0,,,,,,80.0,79.87,0.45,0.59,2.68,3.01,0.0,,,,,,␠Kingcobra
f-86_canadair_german,0.0,,,,,,61.0,74.36,2.02,1.55,0.46,0.53,0.0,,,,,,◄CL-13A_Mk_5
f-86_cl_13b_mk6,0.0,,,,,,115.0,89.09,2.5,2.47,1.24,1.28,0.0,,,,,,◄CL-13B_Mk.6
ef_2000_block_10,0.0,,,,,,543.0,58.14,1.33,1.28,0.18,0.18,1.0,,,1.0,,0.0,◄EF-2000
ef_2000_aesa,0.0,,,,,,1282.0,52.65,1.77,2.32,0.19,0.26,0.0,,,,,,◄EF-2000_(AESA)
germ_embt,0.0,,,,,,1.0,100.0,0.0,,4.0,,0.0,,,,,,◄EMBT
f-104g,0.0,,,,,,0.0,,,,,,0.0,,,,,,◄F-104G
f-4f,0.0,,,,,,54.0,100.0,1.56,1.56,0.59,0.59,0.0,,,,,,◄F-4F_Early
f-84f_germany,0.0,,,,,,10.0,50.0,0.0,0.0,1.5,3.0,0.0,,,,,,◄F-84F
f-86k_late_german,0.0,,,,,,0.0,,,,,,0.0,,,,,,◄F-86K
fiat_g91_r3,0.0,,,,,,22.0,50.0,0.5,1.44,0.5,0.31,0.0,,,,,,◄G.91_R/3
mig-21_sps_k,0.0,,,,,,122.0,56.88,1.35,2.04,0.19,0.23,0.0,,,,,,◄MiG-21_SPS-K
mig_29_9_12g,0.0,,,,,,47.0,63.89,1.42,0.94,0.33,0.36,1.0,,,,,,◄MiG-29G
sea_hawk_mk100,0.0,,,,,,72.0,42.0,2.94,2.94,2.18,2.18,0.0,,,,,,◄Sea_Hawk_Mk.100
su_22m4_de_wtd61,0.0,,,,,,189.0,37.61,0.5,0.58,0.69,0.88,0.0,,,,,,◄Su-22M4_WTD61
tornado_ids_de_assta1,0.0,,,,,,139.0,54.36,0.68,0.72,0.83,0.93,13.0,,,1.0,,6.0,◄Tornado_IDS_ASSTA1
tornado_ids_de_mfg,0.0,,,,,,0.0,,,,,,0.0,,,,,,◄Tornado_IDS_MFG
tornado_ids_de_assta3_sle,0.0,,,,,,15.0,100.0,0.0,0.0,3.0,3.0,0.0,,,,,,◄Tornado_IDS_SLE
tornado_ids_de_wtd61,0.0,,,,,,76.0,73.81,0.48,0.56,1.0,1.03,20.0,,,0.65,,0.0,◄Tornado_IDS_WTD61
il_28_german,0.0,,,,,,9.0,0.0,0.0,,1.0,,0.0,,,,,,◊IL-28
mig-17p_lim_5p,0.0,,,,,,92.0,86.54,2.27,2.77,1.0,1.21,0.0,,,,,,◊Lim-5P
mig-19s,0.0,,,,,,18.0,,,,,,0.0,,,,,,◊MiG-19S
mig_23bn,0.0,,,,,,138.0,54.54,0.49,0.44,1.41,1.26,0.0,,,,,,◊MiG-23BN
su_22um3k,0.0,,,,,,0.0,,,,,,0.0,,,,,,◊Su-22UM3K
us_lvt_a_1_trb,0.0,,,,,,0.0,,,,,,0.0,,,,,,○LVT(A)(1)
p-36c_rb,0.0,,,,,,0.0,,,,,,0.0,,,,,,○P-36C
fa_18c_late_switzerland,0.0,,,,,,30.0,100.0,1.67,1.67,0.67,0.67,2.0,,,1.0,,0.0,◌F/A-18C_Late
mirage_3s_c70_switzerland,0.0,,,,,,88.0,63.98,1.9,2.65,0.29,0.44,0.0,,,,,,◌Mirage_IIIS_C.70
uk_challenger_2_megatron_sm,0.0,,,,,,60.0,80.7,0.0,0.0,2.43,1.29,0.0,,,,,,◍Challenger_2_OES
cn_mbt2000_sm,0.0,,,,,,54.0,50.0,0.0,0.0,2.21,1.65,0.0,,,,,,◍MBT-2000
jp_type_90b_sm,0.0,,,,,,486.0,48.93,0.0,0.0,2.47,1.54,0.0,,,,,,◍Type_90_(B)
il_leopard_2a6_hel,0.0,,,,,,14.0,100.0,0.0,0.0,7.5,4.2,0.0,,,,,,◐Leopard_2HEL
il_tor_m1,,,,,,,,,,,,,,,,,,,◐Tor-M1
it_btr_80a_hungary,0.0,,,,,,34.0,97.06,0.0,0.0,1.21,0.98,0.0,,,,,,◔BTR-80A
il_28_hungary,0.0,,,,,,0.0,,,,,,0.0,,,,,,◔IL-28
saab_jas39c_hungary,0.0,,,,,,125.0,100.0,1.45,1.28,4.67,3.84,0.0,,,,,,◔JAS39EBS_HU_C
it_leopard_2a4,0.0,,,,,,87.0,67.65,0.0,0.0,5.06,2.13,0.0,,,,,,◔Leopard_2A4
mig-15bis_nr23_hungary,0.0,,,,,,8.0,,,,,,0.0,,,,,,◔MiG-15bis
mig_23mf_hungary,0.0,,,,,,0.0,,,,,,0.0,,,,,,◔MiG-23MF
mig_29_9_12b_hungary,0.0,,,,,,50.0,50.0,0.88,0.88,0.0,0.0,0.0,,,,,,◔MiG-29
su_22m3_hungary,0.0,,,,,,0.0,,,,,,0.0,,,,,,◔Su-22M3
it_t_72m1,0.0,,,,,,141.0,52.63,0.0,0.0,4.28,4.47,0.0,,,,,,◔T-72M1
tu-2_postwar_late_hungary,0.0,,,,,,109.0,96.02,0.06,0.07,5.51,3.24,0.0,,,,,,◔Tu-2S-59
wm_21,0.0,,,,,,0.0,,,,,,0.0,,,,,,◔WM-21
it_zsu_23_4,0.0,,,,,,65.0,5.0,0.6,0.45,0.0,0.0,0.0,,,,,,◔ZSU-23-4
fokker_g1a,0.0,,,,,,21.0,44.44,0.56,1.0,0.94,2.0,0.0,,,,,,◗Fokker_G.IA
f_16a_block_10_norway,0.0,,,,,,29.0,100.0,0.15,0.4,3.31,3.8,0.0,,,,,,◢F-16A
f_16am_block_20_mlu_norway,0.0,,,,,,0.0,,,,,,0.0,,,,,,◢F-16AM
f-5ag_norway,0.0,,,,,,14.0,50.0,1.31,2.5,0.0,0.0,0.0,,,,,,◢F-5A(G)
mosquito_fb_mk6_ash_norway,0.0,,,,,,0.0,,,,,,0.0,,,,,,◢Mosquito_FB.Mk.VI_ASH
b_26b_indonesia_kalong,0.0,,,,,,0.0,,,,,,0.0,,,,,,◥B-26B
hawk_209_indonesia,0.0,,,,,,6.0,,,,,,0.0,,,,,,◥Hawk_209
a_4e_late_iaf,0.0,,,,,,72.0,68.34,2.12,2.72,1.68,2.08,0.0,,,,,,A-4E_(Israel)
a_4e_early_iaf,0.0,,,,,,0.0,,,,,,0.0,,,,,,A-4E_Early_(M)_(Israel)
a_4h,0.0,,,,,,14.0,50.0,0.5,0.72,0.5,0.72,0.0,,,,,,A-4H_(Israel)
f-84f_israel_iaf,0.0,,,,,,0.0,,,,,,0.0,,,,,,F-84F_(Israel)
md_450b_ouragan_iaf_29,0.0,,,,,,0.0,,,,,,0.0,,,,,,M.D.450B_(29)_(Israel)
il_m109,0.0,,,,,,5.0,,,0.0,,0.0,0.0,,,,,,M109_(Israel)
mig_21_2000_iaf,0.0,,,,,,0.0,,,,,,0.0,,,,,,MiG-21_2000_(Israel)
md_454_mystere_4a_iaf,0.0,,,,,,0.0,,,,,,0.0,,,,,,Mystere_IVA_(Israel)
so_4050_vautour_2a_israel_iaf,0.0,,,,,,0.0,,,,,,0.0,,,,,,Vautour_IIA_(Israel)
so_4050_vautour_2n_iaf,0.0,,,,,,0.0,,,,,,0.0,,,,,,Vautour_IIN_(Israel)
