name,ab_battles,ab_win_rate,ab_air_frags_per_battle,ab_air_frags_per_death,ab_ground_frags_per_battle,ab_ground_frags_per_death,rb_battles,rb_win_rate,rb_air_frags_per_battle,rb_air_frags_per_death,rb_ground_frags_per_battle,rb_ground_frags_per_death,sb_battles,sb_win_rate,sb_air_frags_per_battle,sb_air_frags_per_death,sb_ground_frags_per_battle,sb_ground_frags_per_death,alt_name
germ_pzkpfw_III_ausf_F,835.0,92.31,0.1,0.12,7.0,11.86,69.0,56.35,0.0,0.0,4.25,7.69,0.0,,,,,,Pz.III_F
it_sherman_75_37,781.0,79.47,0.1,0.1,6.14,7.43,145.0,68.6,0.0,0.0,3.04,2.52,0.0,,,,,,Sherman_I_Composito
us_t58,697.0,67.41,0.07,0.05,5.65,5.03,1614.0,63.51,0.0,0.0,3.48,2.74,3.0,,,0.0,,1.0,T58
ussr_t_80bvm,541.0,59.09,0.03,0.05,1.65,1.8,4584.0,48.33,0.0,0.0,1.89,1.6,0.0,,,,,,T-80BVM
germ_vsw_flak_41,530.0,79.88,0.13,0.14,4.68,5.03,40.0,16.67,0.0,0.0,7.04,5.67,0.0,,,,,,VFW
ussr_t_80ue1_sm,520.0,53.23,0.0,0.0,1.48,1.56,1789.0,48.8,0.0,0.0,1.38,1.17,11.0,,,0.0,,1.0,◍Т-80У-Е1
ussr_t_34_85_zis_53,501.0,70.17,0.02,0.02,2.78,3.72,561.0,32.53,0.0,0.0,2.65,1.61,20.0,,,0.0,,0.65,T-34-85
us_m1a1_hc_usmc_sm,498.0,58.58,0.01,0.01,2.61,2.25,1914.0,61.7,0.0,0.0,2.35,1.95,0.0,,,,,,◍M1A1_HC
ussr_t_34_1941_57,444.0,57.78,0.02,0.02,2.64,2.35,352.0,40.83,0.0,0.0,3.13,2.11,6.0,,,,,,T-34-57
germ_pzkpfw_VI_ausf_b_tiger_IIp,454.0,65.55,0.05,0.06,4.46,5.64,1165.0,42.62,0.0,0.0,2.84,2.33,7.0,,,0.0,,1.57,Tiger_II_(P)
ussr_t_72a,412.0,51.98,0.05,0.05,2.73,2.48,2081.0,49.02,0.0,0.0,2.08,1.77,0.0,,,,,,T-72A
jp_type_4_chi_to_late,424.0,62.09,0.05,0.05,3.5,3.48,812.0,74.95,0.0,0.0,2.62,2.26,0.0,,,,,,Chi-To_Late
ussr_kv_85,393.0,53.64,0.09,0.09,3.03,2.67,121.0,18.06,0.0,0.0,4.69,2.37,0.0,,,,,,KV-85
ussr_kv_1_zis_5,376.0,62.52,0.04,0.04,3.17,4.27,137.0,21.97,0.0,0.0,7.25,5.96,0.0,,,,,,KV-1_(ZiS-5)
germ_kpz_70,375.0,56.45,0.07,0.05,1.95,1.3,1644.0,48.28,0.0,0.0,1.62,1.27,0.0,,,,,,KPz-70
ussr_t_54_1947,364.0,48.39,0.02,0.02,2.07,2.07,397.0,57.17,0.0,0.0,2.83,2.35,0.0,,,,,,T-54_(1947)
jp_type_4_chi_to,354.0,56.72,0.1,0.12,2.61,3.31,766.0,83.33,0.0,0.0,2.39,1.83,0.0,,,,,,Chi-To
germ_pzkpfw_VI_ausf_b_tiger_IIh,340.0,47.7,0.05,0.05,2.38,2.65,2176.0,45.33,0.0,0.0,2.7,2.35,0.0,,,,,,Tiger_II_(H)
jp_type_3_chi_nu_75cm_type_5,346.0,62.76,0.05,0.05,4.3,4.36,947.0,82.04,0.0,0.0,3.18,2.15,0.0,,,,,,Chi-Nu_II
germ_pzkpfw_VI_ausf_h1_tiger_west,320.0,82.93,0.02,0.02,3.77,6.32,367.0,43.61,0.0,0.0,3.74,2.53,12.0,,,,,,Tiger_West
ussr_t_34_85_zis_53_v80,319.0,90.14,0.02,0.02,7.26,7.69,178.0,59.83,0.0,0.0,3.67,2.96,0.0,,,,,,"Т-34-85_""Партизан"""
ussr_t_34_85_d_5t,336.0,68.99,0.0,0.0,4.98,4.55,672.0,59.69,0.0,0.0,2.89,1.66,0.0,,,,,,T-34-85_(D-5T)
sw_sav_fm48,325.0,66.97,0.09,0.06,5.32,3.44,550.0,45.13,0.0,0.0,4.3,2.68,0.0,,,,,,SAV_20.12.48
su_30mk2v_venezuela,323.0,67.0,6.54,4.17,0.35,0.2,4087.0,50.21,1.02,1.13,0.34,0.39,112.0,100.0,5.62,2.65,1.81,0.83,Су-30МК2_AMV
germ_sdkfz_9_flak37,329.0,70.15,0.28,0.31,6.24,7.02,11.0,,,0.0,,4.09,0.0,,,,,,"8,8_cm_Flak_37_Sfl."
germ_pzkpfw_VI_ausf_h1_tiger,301.0,56.28,0.0,0.0,2.92,3.29,764.0,39.16,0.0,0.0,2.83,2.08,0.0,,,,,,Tiger_H1
ussr_is_1,306.0,63.36,0.07,0.13,2.48,3.14,266.0,49.39,0.0,0.0,2.44,1.11,0.0,,,,,,IS-1
ussr_t_80uk,305.0,64.4,0.0,0.0,0.72,0.75,955.0,44.15,0.0,0.0,1.74,1.11,9.0,,,,,,T-80UK
germ_panther_II,297.0,81.37,0.0,0.0,4.47,4.32,344.0,65.46,0.0,0.0,4.43,3.13,0.0,,,,,,Panther_II
cn_type_58,288.0,82.31,0.03,0.01,4.88,3.84,232.0,67.74,0.0,0.0,2.64,2.16,0.0,,,,,,Т-34-85_Gai
bf-109f-4_trop,290.0,71.66,5.25,6.97,0.31,0.41,26.0,100.0,2.75,4.0,0.0,0.0,0.0,,,,,,Bf_109_F-4/trop
sw_t_34_1941,286.0,70.53,0.0,0.0,3.79,3.5,91.0,100.0,0.0,0.0,6.38,2.32,0.0,,,,,,T-34
germ_pzkpfw_VI_ausf_e_tiger,296.0,59.11,0.05,0.05,2.54,2.62,1296.0,43.03,0.0,0.0,2.73,1.93,5.0,,,,,,Tiger_E
ussr_kv_1e,285.0,88.66,0.05,0.09,7.34,10.8,164.0,48.67,0.0,0.0,7.71,3.77,0.0,,,,,,KV-1E
germ_t_34_747,275.0,73.45,0.0,0.0,4.06,5.62,57.0,50.0,0.0,0.0,3.47,3.59,0.0,,,,,,T_34_747_(r)
germ_pzkpfw_VI_ausf_h1_tiger_east,270.0,78.08,0.03,0.03,4.38,5.63,281.0,45.94,0.0,0.0,3.54,2.81,0.0,,,,,,Tiger_Ost
germ_pzkpfw_V_ausf_d_panther,285.0,59.75,0.0,0.0,2.3,2.75,523.0,32.42,0.0,0.0,2.04,1.5,17.0,,,,,,Panther_D
yak-7b,287.0,93.08,3.53,4.28,2.15,2.61,24.0,50.0,1.83,1.83,0.33,0.33,4.0,,,,,,Yak-7B
jp_type_5_ho_ri_prototype,298.0,69.19,0.07,0.07,4.39,3.36,1771.0,57.87,0.0,0.0,3.25,2.31,0.0,,,,,,Ho-Ri_Prototype
germ_leopard_I,273.0,61.1,0.0,0.0,1.85,1.66,857.0,28.7,0.0,0.0,0.97,0.83,27.0,0.0,0.0,0.0,1.0,1.0,Leopard_I
us_m26e1_pershing,269.0,82.2,0.12,0.2,7.95,9.19,686.0,65.39,0.0,0.0,3.59,3.13,0.0,,,,,,M26E1
bf-109f-4,270.0,68.09,5.19,7.68,0.3,0.43,238.0,84.57,2.47,4.52,0.69,1.25,0.0,,,,,,Bf_109_F-4
jp_m24_chaffee,275.0,72.35,0.11,0.08,8.24,4.01,1796.0,71.72,0.0,0.0,1.91,1.66,0.0,,,,,,M24
la-7,258.0,88.48,4.08,4.78,1.88,2.18,42.0,77.0,1.62,2.48,0.15,0.65,0.0,,,,,,La-7
ussr_is_4m,267.0,60.07,0.0,0.0,1.63,1.96,111.0,47.94,0.0,0.0,2.46,1.9,0.0,,,,,,IS-4M
germ_panzerjager_panther,258.0,61.95,0.0,0.0,3.07,3.75,476.0,41.06,0.0,0.0,1.74,1.19,25.0,,,0.0,,1.72,Jagdpanther_G1
germ_spz_oerlikon_raketenautomat,247.0,52.5,0.0,0.0,1.26,1.1,309.0,31.97,0.0,0.0,1.32,0.97,0.0,,,,,,Raketenautomat
il-2m,251.0,89.56,1.18,1.27,4.42,4.76,28.0,,,0.21,,1.86,0.0,,,,,,IL-2M_type_3
us_halftrack_m3_75mm_gmc,249.0,82.82,0.09,0.14,5.47,5.93,0.0,,,,,,0.0,,,,,,M3_GMC
germ_leopard_1a5,246.0,58.73,0.0,0.0,1.78,1.35,951.0,46.05,0.0,0.0,1.55,1.27,51.0,55.0,0.0,0.0,2.6,2.65,Leopard_1A5
ussr_object_435,243.0,54.08,0.0,0.0,1.89,1.71,310.0,49.77,0.0,0.0,1.62,1.44,0.0,,,,,,Object_435
germ_panzerbefelhswagen_VI_P,241.0,82.25,0.0,0.01,9.09,11.1,175.0,39.12,0.0,0.0,4.56,3.23,0.0,,,,,,Pz.Bfw.VI_(P)
ussr_t_62,237.0,46.45,0.0,0.0,1.46,1.39,234.0,57.38,0.0,0.0,2.34,1.76,0.0,,,,,,T-62
ussr_t_64a_1971,232.0,57.97,0.0,0.0,2.19,2.16,1234.0,48.05,0.0,0.0,2.17,1.78,20.0,100.0,0.0,0.0,2.56,2.5,T-64A_(1971)
ussr_zsu_57_2,228.0,30.69,0.11,0.05,1.47,1.29,1030.0,44.58,0.01,0.0,1.55,1.15,3.0,,,,,,ZSU-57-2
ussr_t_34_1942,236.0,78.8,0.07,0.11,2.77,3.18,125.0,27.59,0.0,0.0,4.64,2.34,0.0,,,,,,T-34_(1942)
germ_thyssen_henschel_tam_2ip,214.0,74.07,0.05,0.04,3.07,2.43,925.0,49.52,0.0,0.0,1.99,1.57,1.0,,,0.0,,2.0,TAM_2IP
germ_pzkpfw_VI_ausf_b_tiger_IIh_kwk46,229.0,88.39,0.0,0.0,5.87,6.11,310.0,55.75,0.0,0.0,4.52,3.02,1.0,100.0,0.0,0.0,2.0,2.0,Tiger_II_(10.5_cm_Kw.K)
la-5_type37_early,231.0,76.9,3.42,4.79,0.76,1.05,0.0,,,,,,0.0,,,,,,La-5
ussr_t_34E_STZ,224.0,81.68,0.0,0.0,2.99,3.32,56.0,38.89,0.0,0.0,2.83,3.83,0.0,,,,,,T-34E_STZ
germ_leopard_I_a1,231.0,51.83,0.0,0.0,1.65,1.6,748.0,47.41,0.0,0.0,2.44,1.57,0.0,,,,,,Leopard_A1A1
sw_strv_122b_plus,226.0,70.81,0.0,0.0,2.45,2.96,548.0,72.54,0.0,0.0,4.04,2.34,0.0,,,,,,Strv_122B+
ussr_t_44_100,211.0,42.45,0.07,0.05,3.49,2.5,1556.0,51.58,0.0,0.0,1.94,1.63,76.0,35.71,0.0,0.0,4.07,2.41,T-44-100
p-47d_ussr,230.0,81.34,1.6,0.98,9.25,5.69,85.0,42.57,0.57,0.34,2.48,1.85,0.0,,,,,,P-47D-27
uk_a_33_excelsior,216.0,97.87,0.07,0.12,6.01,8.07,195.0,80.66,0.0,0.0,7.67,4.84,0.0,,,,,,Excelsior
ussr_bmpt,212.0,49.09,0.17,0.2,1.14,1.42,1963.0,45.12,0.0,0.0,1.57,1.3,3.0,,,0.0,,1.0,БМПТ
yak-1b,223.0,92.26,3.13,3.98,1.38,1.7,25.0,87.88,6.75,,1.64,,0.0,,,,,,Yak-1B
sw_m24_chaffee_dk,211.0,65.54,0.32,0.23,4.58,3.69,336.0,56.94,0.0,0.0,1.8,1.3,0.0,,,,,,M24DK
jp_type_90b_camo,212.0,49.71,0.17,0.16,1.99,2.0,3617.0,51.81,0.0,0.0,2.43,1.8,35.0,30.55,0.0,0.0,0.73,0.68,"Type_90_(B)_""Fuji"""
us_m3a1_stuart,212.0,80.6,0.14,0.19,4.35,5.17,56.0,100.0,0.0,0.0,3.0,1.61,0.0,,,,,,M3A1_Stuart
germ_pzkpfw_IV_ausf_C,212.0,91.6,0.02,0.02,7.59,10.22,5.0,,,0.0,,1.0,0.0,,,,,,Pz.IV_C
do_335a_1,209.0,83.66,1.02,0.75,9.66,5.77,127.0,4.17,0.74,0.21,2.83,1.03,0.0,,,,,,Do_335_A-1
us_m6a1,193.0,45.67,0.05,0.03,5.16,3.48,137.0,55.76,0.0,0.0,4.14,2.45,0.0,,,,,,M6A1
fw-190a-4,211.0,51.3,5.15,4.12,0.35,0.29,107.0,45.7,2.29,2.35,0.97,0.89,0.0,,,,,,Fw_190_A-4
mig_25pd,201.0,72.9,5.08,4.01,0.0,0.0,226.0,68.9,1.89,2.96,0.0,0.0,0.0,,,,,,МиГ-25ПД
a_20g_30_ussr,205.0,81.66,0.63,0.55,7.55,6.68,28.0,0.0,0.0,0.0,0.0,0.0,0.0,,,,,,A-20G-30
ussr_t_55_amd_1,203.0,51.37,0.0,0.0,1.69,1.96,836.0,42.0,0.0,0.0,1.42,1.24,23.0,,,,,,T-55AMD-1
germ_leopard_2k,201.0,60.37,0.0,0.0,1.92,1.92,1080.0,55.65,0.03,0.0,2.28,1.95,0.0,,,,,,Leopard_2K
il_2m_1943,208.0,87.76,1.25,1.38,4.15,4.59,0.0,,,,,,0.0,,,,,,IL-2M_(1943)
it_m4a4_sherman,202.0,72.13,0.03,0.08,2.21,5.12,47.0,100.0,0.0,0.0,2.9,3.18,0.0,,,,,,Sherman_V
us_m18_hellcat,204.0,63.91,0.03,0.03,2.04,1.79,1747.0,59.48,0.0,0.0,1.84,1.44,20.0,,,0.0,,2.75,M18_GMC
ussr_bmpt_72,188.0,50.0,0.07,0.04,1.53,0.81,1963.0,47.99,0.0,0.0,1.71,1.37,0.0,,,,,,БМПТ-72
sw_strv_122b_plss,197.0,66.88,0.02,0.02,2.29,2.65,229.0,72.31,0.0,0.0,4.63,3.4,0.0,,,,,,Strv_122B_PLSS
i_185_m71_standard,182.0,70.16,3.02,2.47,1.08,0.86,106.0,100.0,2.0,1.47,4.0,1.51,0.0,,,,,,I-185_(M-71)
ussr_t_34_1941,185.0,85.05,0.0,0.0,3.25,2.98,44.0,50.0,0.0,0.0,2.79,2.47,0.0,,,,,,T-34_(1941)
cn_t_34_1942,174.0,81.95,0.0,0.0,3.96,4.06,49.0,100.0,0.0,0.0,5.33,3.26,0.0,,,,,,T-34_(1943)_(China)
ussr_t_72av_turms,182.0,42.86,0.0,0.0,1.25,1.09,1124.0,51.81,0.0,0.0,2.28,1.65,0.0,,,,,,T-72AV_(TURMS-T)
sw_pzkpfw_IV_ausf_J,172.0,81.59,0.0,0.0,3.16,3.43,212.0,42.49,0.0,0.0,0.99,0.91,0.0,,,,,,Pz.IV
ussr_object_906,176.0,46.3,0.0,0.0,1.59,1.16,1331.0,49.74,0.0,0.0,2.57,1.72,59.0,95.83,0.0,0.0,8.21,2.67,Object_906
la-5fn,181.0,54.54,4.69,4.17,0.42,0.44,105.0,46.43,2.96,1.4,0.43,0.45,0.0,,,,,,La-5FN
ussr_t_54_1951,175.0,63.37,0.0,0.0,2.05,2.23,220.0,50.0,0.0,0.0,1.93,1.57,1.0,100.0,0.0,,1.0,,T-54_(1951)
sw_sherman_3_4,174.0,84.72,0.0,0.0,5.43,4.89,217.0,55.48,0.0,0.0,6.19,2.97,0.0,,,,,,Sherman_III/IV
ussr_kv_1s,179.0,81.57,0.07,0.07,3.27,4.43,127.0,22.27,0.0,0.0,2.13,1.84,0.0,,,,,,KV-1S
ussr_su_100p,174.0,57.83,0.0,0.0,2.27,2.72,450.0,29.91,0.0,0.0,1.96,1.45,0.0,,,,,,SU-100P
us_lvt_a_1,155.0,97.76,0.07,0.13,6.4,10.93,15.0,,,0.0,,2.0,0.0,,,,,,LVT(A)(1)
f_6c_pakistan,173.0,70.7,5.92,6.26,0.15,0.17,63.0,83.55,3.74,4.14,2.06,3.09,0.0,,,,,,F-6C
sw_t_34_85_zis_53,170.0,88.39,0.05,0.04,2.94,2.48,450.0,59.04,0.0,0.0,2.76,2.47,0.0,,,,,,T-34-85
ussr_t_10m,164.0,40.64,0.0,0.0,6.14,3.83,622.0,49.44,0.0,0.0,2.37,1.69,19.0,97.22,0.0,0.0,1.97,2.06,T-10M
fr_amx_50_surbaisse,167.0,66.11,0.0,0.0,4.92,3.62,373.0,68.47,0.0,0.0,4.0,2.96,0.0,,,,,,AMX-50_Surbaissé
i_29,164.0,88.62,2.38,2.84,1.58,1.89,0.0,,,,,,0.0,,,,,,I-29
germ_marder_df_105,173.0,50.64,0.0,0.0,1.43,1.48,221.0,26.96,0.0,0.0,2.49,1.63,14.0,100.0,0.0,0.0,4.86,4.86,DF105
ussr_t_54_1949,155.0,49.25,0.0,0.0,1.41,1.67,271.0,52.58,0.0,0.0,1.23,1.49,33.0,100.0,0.0,0.0,4.64,2.82,T-54_(1949)
uk_a27m_cromwell_5,151.0,97.54,0.0,0.0,5.49,6.73,140.0,33.67,0.0,0.0,2.67,1.37,0.0,,,,,,Cromwell_V
it_m24_chaffee,157.0,94.25,0.01,0.01,3.85,4.95,222.0,59.62,0.0,0.0,2.05,1.88,0.0,,,,,,M24
ussr_kv_1_L_11,155.0,91.94,0.09,0.09,3.59,4.11,87.0,30.0,0.0,0.0,5.85,3.67,0.0,,,,,,KV-1_(L-11)
ussr_t_80ue1,150.0,49.35,0.0,0.0,1.93,1.91,4460.0,45.52,0.0,0.0,1.57,1.31,0.0,,,,,,Т-80U-Е1
germ_pzkpfw_IV_ausf_F2,164.0,72.61,0.0,0.0,5.16,4.4,336.0,34.63,0.0,0.0,4.56,2.95,0.0,,,,,,Pz.IV_F2
il_magach_5,154.0,76.99,0.06,0.05,4.46,4.24,66.0,40.58,0.0,0.0,1.15,1.87,0.0,,,,,,Magach_5
germ_panzerbefelhswagen_jagdpanther,149.0,70.65,0.0,0.0,5.21,5.29,35.0,21.43,0.0,0.0,1.96,2.58,1.0,100.0,0.0,0.0,3.0,3.0,Bfw._Jagdpanther_G1
germ_leopard_2a7v,162.0,63.0,0.0,0.0,3.0,3.58,1779.0,49.31,0.0,0.0,2.22,1.9,0.0,,,,,,Leopard_2A7V
germ_jgdpz_IV_L48,154.0,47.83,0.0,0.0,6.75,2.73,177.0,58.33,0.0,0.0,7.83,2.1,0.0,,,,,,Jagdpanzer_IV
jp_type_5_ho_ri_production,145.0,76.15,0.0,0.0,4.88,4.67,1961.0,81.85,0.0,0.0,4.42,4.58,0.0,,,,,,Ho-Ri_Production
ussr_t_80u,156.0,66.21,0.0,0.0,0.85,1.58,876.0,51.92,0.0,0.0,1.68,1.37,0.0,,,,,,T-80U
i_185_m82,153.0,71.75,5.02,2.96,1.54,0.85,77.0,100.0,3.7,2.36,1.25,0.94,0.0,,,,,,I-185_(M-82)
pe-3_bis,144.0,87.9,0.93,1.15,4.24,4.88,0.0,,,,,,0.0,,,,,,Pe-3bis
ussr_is_2_1943,143.0,40.0,0.0,0.0,2.41,1.92,493.0,31.91,0.0,0.0,2.31,1.35,0.0,,,,,,IS-2
ussr_t_34_85E,137.0,88.17,0.0,0.0,8.32,6.88,302.0,65.42,0.0,0.0,5.01,3.51,0.0,,,,,,T-34-85E
ussr_t_34_100,136.0,90.22,0.0,0.0,5.02,3.98,288.0,62.55,0.0,0.0,3.05,2.38,21.0,0.0,0.0,0.0,1.0,1.0,T-34-100
ki_43_3_otsu,136.0,58.6,6.23,6.15,0.35,0.37,511.0,70.4,0.45,0.56,0.75,0.94,0.0,,,,,,Ki-43-III_otsu
germ_panzerbefelhswagen_IV_ausf_J,138.0,100.0,0.0,0.0,4.87,4.56,197.0,40.94,0.0,0.0,2.01,1.54,0.0,,,,,,Pz.Bfw.IV
germ_erprobungstrager_3_achs_turm,145.0,51.39,0.0,0.0,2.03,1.95,1778.0,44.94,0.02,0.0,2.77,1.82,0.0,,,,,,Turm_III
germ_kpz_t72m1,142.0,78.33,0.0,0.0,3.53,3.21,987.0,45.63,0.0,0.0,1.9,1.75,0.0,,,,,,◊T-72M1
us_m4a3e8_76w_sherman,138.0,66.54,0.0,0.0,1.6,2.11,793.0,60.17,0.0,0.0,2.43,2.34,9.0,,,0.0,,1.0,M4A3_(76)_W
germ_panzerjager_tiger,135.0,55.26,0.27,0.22,4.29,5.18,390.0,32.69,0.0,0.0,1.91,1.54,0.0,,,,,,Jagdtiger
germ_mkpz_m48a2c,132.0,56.79,0.0,0.0,1.03,1.01,486.0,29.56,0.0,0.0,0.95,0.95,47.0,16.67,0.0,0.0,1.57,1.19,M48A2_C
ussr_t_55a,135.0,50.0,0.0,0.0,2.34,2.08,1145.0,46.42,0.0,0.0,1.9,1.43,0.0,,,,,,T-55A
fr_m26_pershing,128.0,42.42,0.06,0.07,2.39,3.39,77.0,50.0,0.0,0.0,4.01,2.76,0.0,,,,,,M26
sw_strv_122,132.0,56.13,0.0,0.0,2.31,2.65,172.0,63.49,0.0,0.0,2.91,2.02,9.0,,,0.0,,0.0,Strv_122A
us_m1a1_abrams,128.0,70.67,0.0,0.0,1.74,1.98,1824.0,55.95,0.0,0.0,2.01,1.84,0.0,,,,,,M1A1
ussr_t_34_57_1943,138.0,76.61,0.03,0.02,3.4,3.05,228.0,49.72,0.0,0.0,3.11,2.26,0.0,,,,,,T-34-57_(1943)
germ_vk_3002m,127.0,51.67,0.0,0.0,4.17,4.44,308.0,43.79,0.0,0.0,4.41,2.08,0.0,,,,,,VK_3002_(M)
us_m4a2_76w_sherman,129.0,57.16,0.0,0.0,1.93,1.83,699.0,59.57,0.0,0.0,2.25,2.15,0.0,,,,,,M4A2_(76)_W
ussr_su_122_54,130.0,42.26,0.0,0.0,1.12,1.19,261.0,19.69,0.0,0.0,3.16,2.2,0.0,,,,,,SU-122-54
us_m1a2_sep_abrams,134.0,52.22,0.0,0.0,1.5,2.11,1174.0,53.75,0.0,0.0,1.81,1.6,7.0,,,,,,M1A2_SEP
ussr_t_34_85_stp_s53,133.0,60.38,0.0,0.0,4.35,3.87,1467.0,50.97,0.0,0.0,2.63,2.2,0.0,,,,,,Т-34-85_(СТП)
us_m26_pershing,134.0,79.06,0.0,0.0,3.79,2.79,209.0,51.99,0.0,0.0,3.52,1.86,88.0,58.93,0.0,0.0,4.07,3.81,M26
mig_29m_9_15,131.0,50.0,1.79,1.48,0.22,0.17,325.0,50.26,0.56,0.54,0.38,0.37,15.0,,,1.0,,1.0,МиГ-29М_(9-15)
ussr_kv_2_zis_6,132.0,63.17,0.03,0.09,3.86,6.06,50.0,50.0,0.0,0.0,3.32,4.21,0.0,,,,,,KV-2_(ZiS-6)
jp_navy_120mm_spg,130.0,66.67,0.0,0.0,4.79,2.54,160.0,88.71,0.0,0.0,4.25,2.31,0.0,,,,,,Chi-Ha_LG
ussr_is_2_1944,126.0,16.03,0.0,0.0,4.78,2.21,558.0,42.24,0.0,0.0,2.41,1.87,0.0,,,,,,IS-2_(1944)
germ_pzkpfw_VI_ausf_b_tiger_IIh_sla,123.0,91.67,0.0,0.0,6.4,6.07,764.0,60.83,0.0,0.0,4.55,3.04,1.0,100.0,0.0,0.0,2.0,2.0,Tiger_II_(H)_Sla.16
pe-2-1,124.0,91.94,0.3,0.32,4.15,4.75,0.0,,,,,,0.0,,,,,,Pe-2-1
cn_t_34_85_zis_53_no215,121.0,94.33,0.0,0.0,7.62,8.01,10.0,,,0.0,,2.0,0.0,,,,,,T-34-85_No.215
us_m60a1_rise_passive_era,119.0,66.67,0.3,0.39,2.36,2.79,346.0,62.73,0.0,0.0,1.94,1.81,0.0,,,,,,M60A1_RISE_(P)
il_8_1944,125.0,72.05,2.11,1.57,4.76,3.54,75.0,29.17,0.28,0.22,1.88,1.74,0.0,,,,,,IL-8_(1944)
us_m1a1_hc_usmc,117.0,54.17,0.0,0.08,2.65,1.52,3597.0,59.35,0.0,0.0,1.86,1.75,21.0,0.0,0.0,0.0,3.0,1.03,M1A1_Click-Bait
ussr_t_90m_2020,113.0,35.26,0.0,0.0,1.93,1.76,1687.0,46.79,0.0,0.0,1.87,1.61,9.0,100.0,0.0,0.0,0.0,0.0,T-90M
yak-9b,129.0,91.22,3.62,3.84,9.32,9.83,2.0,,,,,,0.0,,,,,,Yak-9B
ussr_t_44_po,117.0,100.0,0.0,0.0,4.29,5.18,77.0,72.22,0.0,0.0,6.0,3.99,0.0,,,,,,Т-44(ПМ)
cn_m36,117.0,79.03,0.06,0.05,1.79,1.7,63.0,59.52,0.0,0.0,3.81,2.04,0.0,,,,,,M36_GMC_(China)
us_t20,122.0,100.0,0.0,0.0,7.61,7.76,2790.0,64.79,0.0,0.0,4.01,3.55,41.0,100.0,0.0,0.0,6.5,6.55,T20
us_m1a2_abrams,114.0,43.23,0.0,0.0,1.2,1.38,1060.0,65.44,0.0,0.0,2.4,2.39,0.0,,,,,,M1A2_Abrams
s_199,115.0,83.33,6.78,1.47,0.83,0.31,50.0,,,0.34,,0.34,0.0,,,,,,Sakeen
p-51_mk1a_usaaf,111.0,68.52,6.26,2.58,0.69,0.26,209.0,64.36,1.72,1.63,1.07,1.15,0.0,,,,,,P-51
ussr_btr_82at,106.0,50.53,0.13,0.15,0.92,1.05,776.0,49.78,0.0,0.0,1.48,1.32,0.0,,,,,,БТР-82АТ
yak-9t,114.0,96.15,8.32,4.76,0.28,0.16,79.0,69.64,1.23,1.05,0.23,0.18,6.0,,,0.0,,0.0,Yak-9T
germ_flakpanzer_IV_Ostwind,116.0,68.19,2.29,2.98,2.66,3.27,268.0,35.94,0.51,0.34,1.32,0.97,0.0,,,,,,Ostwind
cn_type_97_chi_ha,103.0,100.0,0.15,0.26,6.21,10.3,0.0,,,,,,0.0,,,,,,Chi-Ha_(China)
lagg-3-8,110.0,73.12,5.3,4.06,0.74,0.52,0.0,,,,,,0.0,,,,,,LaGG-3-8
ussr_zsu_23_4m4,102.0,53.43,1.61,2.61,0.63,0.99,466.0,50.68,1.48,0.99,0.01,0.01,0.0,,,,,,ZSU-23-4M4
ussr_kv_7_u13,107.0,77.59,0.09,0.06,5.78,5.19,140.0,51.92,0.0,0.0,4.31,4.4,0.0,,,,,,KV-7_(U-13)
me-410b-1,109.0,100.0,0.68,0.65,5.29,4.73,0.0,,,,,,0.0,,,,,,Me_410_B-1
sw_ikv_91,106.0,54.61,0.04,0.04,1.78,1.96,466.0,42.27,0.0,0.0,1.17,1.09,0.0,,,,,,Ikv_91
germ_pzh_2000,103.0,83.04,0.56,0.46,1.3,0.9,553.0,25.87,0.03,0.03,1.26,0.87,0.0,,,,,,PzH_2000
ussr_t_44,107.0,60.97,0.0,0.0,3.92,3.54,494.0,36.53,0.0,0.0,1.7,1.63,15.0,,,0.0,,1.53,T-44
jp_m36b2_jgsdf,112.0,78.41,0.24,0.17,2.42,2.19,1735.0,66.42,0.0,0.0,1.65,1.45,0.0,,,,,,M36
cn_m4a1_76w_sherman,103.0,38.89,0.17,0.07,3.44,2.88,20.0,,,,,,0.0,,,,,,M4A1_(75)_W_(China)
sw_pvkv_II,106.0,83.23,0.0,0.0,4.5,5.5,84.0,50.0,0.0,0.0,4.0,2.66,0.0,,,,,,Pvkv_II
germ_kv_1_kwk_40,104.0,53.89,0.0,0.0,3.86,4.12,255.0,66.5,0.0,0.0,6.17,4.18,0.0,,,,,,KW_I_C_756_(r)
us_m2a4_1st_armor_div,105.0,93.33,0.0,0.0,6.08,5.8,3.0,,,0.0,,0.0,0.0,,,,,,M2A4_(1st_Arm.Div.)
yak-9,107.0,96.33,3.89,4.37,0.57,0.5,13.0,,,,,,0.0,,,,,,Yak-9
sw_ikv_103,99.0,42.73,0.0,0.0,1.4,1.7,114.0,38.71,0.0,0.0,0.66,0.62,0.0,,,,,,Ikv_103
ki_61_1a_otsu_china,103.0,80.59,7.06,5.76,2.14,1.76,10.0,,,,,,15.0,50.0,0.5,1.0,2.0,3.44,Ki-61-I_otsu_(China)
germ_le_kpz_m41,108.0,54.84,0.0,0.0,0.92,0.52,1003.0,41.81,0.0,0.0,1.12,0.9,0.0,,,,,,leKPz_M41
germ_kv_1B_finland,99.0,74.64,0.0,0.0,6.37,13.7,48.0,50.0,0.0,0.0,5.0,7.87,0.0,,,,,,KV-IB
us_m41_walker_bulldog,100.0,78.07,0.08,0.14,2.26,2.79,798.0,57.97,0.0,0.0,1.18,0.95,0.0,,,,,,M41A1
sw_t_28,102.0,69.72,0.0,0.0,5.56,3.57,6.0,,,,,,0.0,,,,,,T-28
me-410a-1,105.0,95.7,1.17,1.13,4.82,4.64,30.0,50.0,0.0,0.0,0.5,0.74,0.0,,,,,,Me_410_A-1
us_m1a1_aim_abrams,101.0,70.97,0.0,0.0,1.75,3.37,1186.0,60.07,0.0,0.0,2.2,1.7,17.0,,,0.0,,2.0,M1A1_AIM
jp_type_5_chi_ri,105.0,74.82,0.13,0.15,1.68,1.83,778.0,69.29,0.0,0.0,2.24,1.97,0.0,,,,,,Chi-Ri_II
us_t14,88.0,35.1,0.09,0.13,3.09,4.97,371.0,65.93,0.0,0.0,6.68,4.3,0.0,,,,,,T14
uk_chieftain_900,97.0,74.57,0.0,0.0,2.13,2.08,133.0,50.0,0.0,0.0,2.36,1.95,0.0,,,,,,Chieftain_900
germ_leopard_2a6,104.0,63.45,0.0,0.0,1.96,2.76,710.0,42.35,0.0,0.0,2.27,1.79,0.0,,,,,,Leopard_2A6
ussr_9a35_m2,95.0,37.36,2.54,5.25,0.82,1.76,36.0,50.0,0.83,1.24,0.0,0.0,0.0,,,,,,Strela-10M2
us_t26e4_superpershing,101.0,56.67,0.09,0.15,2.53,3.82,635.0,59.52,0.0,0.0,3.94,3.65,0.0,,,,,,T26E1-1
f-84b,100.0,84.36,3.56,2.27,13.25,8.41,54.0,50.0,1.5,0.81,4.0,2.55,0.0,,,,,,F-84B-26
fr_sk105_a2,96.0,82.8,0.0,0.0,2.65,2.81,250.0,52.26,0.0,0.0,2.59,2.58,0.0,,,,,,SK-105A2
us_m24_chaffee,105.0,89.85,0.07,0.09,3.85,3.26,526.0,44.06,0.0,0.0,2.94,1.48,0.0,,,,,,M24
germ_jgdpz_38t,98.0,68.75,0.0,0.0,5.48,2.86,53.0,7.14,0.0,0.0,2.14,2.05,0.0,,,,,,Jagdpanzer_38(t)
us_m36b2,99.0,77.42,0.0,0.0,2.02,1.94,375.0,65.71,0.0,0.0,1.95,1.58,0.0,,,,,,M36B2
ussr_bmp_1,97.0,80.11,0.0,0.0,0.13,0.24,293.0,49.65,0.0,0.0,0.81,0.83,0.0,,,,,,BMP-1
yak-3_eremin,92.0,100.0,7.13,7.35,1.22,1.25,30.0,50.0,4.0,,2.5,,20.0,,,,,,Eremin's_Yak-3(e)
ussr_zsu_29k,94.0,84.0,0.08,0.1,3.36,3.29,11.0,100.0,0.0,0.0,2.0,2.0,0.0,,,,,,YaG-10_(29-K)
ussr_t_62m1,100.0,50.0,0.0,0.0,3.09,2.13,603.0,53.36,0.0,0.0,1.46,1.45,0.0,,,,,,T-62M-1
yak-9u,95.0,69.36,4.76,6.22,0.64,0.77,35.0,75.0,2.5,,1.3,,0.0,,,,,,Yak-9U
fw-190d-9,97.0,50.64,2.69,2.51,0.66,0.57,261.0,43.23,1.0,1.14,0.7,0.83,0.0,,,,,,Fw_190_D-9
germ_pzkpfw_V_ausf_g_panther,91.0,63.08,0.0,0.0,1.33,1.62,516.0,38.89,0.0,0.0,1.93,1.51,0.0,,,,,,Panther_G
hellcat_fmk1,95.0,98.39,2.59,2.55,3.9,3.84,0.0,,,,,,84.0,50.0,0.5,0.18,2.19,1.58,Hellcat_Mk_II
cn_m18_hellcat,89.0,71.3,0.0,0.0,2.88,2.12,266.0,72.9,0.0,0.0,1.93,1.87,0.0,,,,,,M18_GMC_(China)
il_centurion_shot_kal_alef,93.0,60.0,0.2,0.3,2.2,3.19,108.0,69.72,0.0,0.0,1.41,1.07,0.0,,,,,,Sho't_Kal_Alef
uk_a17_mk_1_tetrarch,93.0,100.0,0.0,0.0,5.93,3.73,71.0,0.0,0.0,0.0,3.42,1.33,0.0,,,,,,Tetrarch_I
ussr_kv_8,95.0,83.33,0.0,0.0,1.82,2.25,8.0,,,,,,0.0,,,,,,КВ-8
mig-21_s,92.0,56.06,3.04,2.95,0.11,0.1,71.0,43.34,1.38,2.27,0.0,0.54,12.0,,,,,,MiG-21S_(R-13-300)
us_m36,97.0,74.41,0.0,0.0,2.35,2.36,349.0,59.28,0.0,0.0,4.1,2.55,0.0,,,,,,M36_GMC
sw_pbv_501,90.0,14.58,0.06,0.06,1.08,0.76,483.0,43.62,0.0,0.0,1.27,0.91,0.0,,,,,,Pbv_501
uk_chieftain_mk_10,87.0,77.13,0.0,0.0,2.17,2.68,136.0,67.24,0.0,0.0,4.12,4.08,0.0,,,,,,Chieftain_Mk_10
us_m4a2_sherman,97.0,82.0,0.08,0.08,3.95,3.81,339.0,58.25,0.0,0.0,3.84,2.8,0.0,,,,,,M4A2
cn_t_34_85_d_5t,91.0,86.83,0.05,0.07,3.04,3.39,141.0,71.25,0.0,0.0,4.89,4.26,0.0,,,,,,Т-34-85_(S-53)_(China)
germ_panzerjager_tiger_P_ferdinand,89.0,66.32,0.16,0.27,2.35,3.82,342.0,36.89,0.0,0.0,2.6,1.85,0.0,,,,,,Ferdinand
il_m_51,94.0,100.0,0.0,0.0,3.43,0.93,641.0,43.94,0.0,0.0,2.85,1.38,0.0,,,,,,M-51
us_m3_lee,96.0,66.67,0.2,0.2,3.5,4.2,41.0,,,0.0,,2.15,0.0,,,,,,M3_Lee
f-80a,93.0,85.43,1.73,1.79,3.45,3.59,55.0,,,2.24,,0.41,0.0,,,,,,F-80A-5
ussr_t_90m_arena_m,84.0,79.45,0.0,0.0,2.39,2.46,1046.0,48.6,0.0,0.0,1.95,1.6,0.0,,,,,,Т-90М_(Арена-М)
sw_cv_90105_tml,79.0,82.22,0.0,0.0,2.79,2.49,971.0,60.45,0.0,0.0,2.58,2.01,0.0,,,,,,CV_90105
us_m1_ip_abrams,86.0,51.39,0.0,0.0,2.27,1.86,828.0,55.93,0.0,0.0,2.87,2.6,0.0,,,,,,IPM1
f4u-1c,86.0,68.97,2.8,1.99,0.91,0.67,49.0,,,0.0,,0.0,0.0,,,,,,F4U-1C
ussr_asu_85,91.0,42.42,0.0,0.0,0.9,0.9,227.0,46.92,0.0,0.0,2.26,1.36,0.0,,,,,,ASU-85
f_15c_golden_eagle,87.0,60.75,2.25,1.94,0.23,0.19,220.0,51.99,2.3,1.88,0.16,0.16,16.0,,,1.78,,0.0,F-15C_Golden_Eagle
fw-190a-5_u2,89.0,75.27,3.0,2.15,1.16,0.92,7.0,,,0.0,,0.0,0.0,,,,,,Fw_190_A-5/U2
su_27sm,90.0,33.87,1.69,1.75,0.13,0.13,381.0,67.46,2.37,2.38,0.03,0.05,9.0,,,1.0,,0.0,Su-27SM
germ_pzkpfw_IV_ausf_H,81.0,32.14,0.0,0.0,2.73,2.76,438.0,36.97,0.0,0.0,2.48,1.64,12.0,,,,,,Pz.IV_H
ussr_t_80ud,83.0,47.02,0.0,0.0,2.39,2.45,2367.0,47.58,0.0,0.0,1.66,1.44,0.0,,,,,,T-80UD
uk_sherman_vc_firefly,85.0,53.23,0.0,0.0,2.51,2.81,296.0,51.93,0.0,0.0,3.16,1.72,0.0,,,,,,Sherman_Firefly
cn_vt_4b,83.0,53.89,0.0,0.0,2.6,2.71,57.0,48.61,0.0,0.0,2.72,4.13,0.0,,,,,,VT4A1
cn_m8_scott,80.0,100.0,0.13,0.35,3.46,6.14,24.0,,,0.0,,0.0,0.0,,,,,,M8_HMC_(China)
f-5e,81.0,52.38,2.11,2.12,0.2,0.1,204.0,59.81,1.61,1.8,0.49,0.54,0.0,,,,,,F-5E
germ_pz_IV_L70_A,81.0,95.45,0.0,0.0,4.14,3.26,71.0,6.25,0.0,0.0,5.44,1.85,0.0,,,,,,Panzer_IV/70(A)
fa_18c_late,84.0,48.28,1.69,1.23,0.19,0.11,152.0,67.53,0.81,0.7,0.18,0.14,0.0,,,,,,F/A-18C_Late
il_magach_6_rocket,84.0,46.67,0.0,0.0,2.4,1.71,156.0,89.72,0.0,0.0,5.54,3.35,0.0,,,,,,Magach_Hydra
cn_m1a2t,76.0,45.49,0.0,0.0,1.17,1.46,156.0,100.0,0.0,0.0,11.15,4.07,0.0,,,,,,M1A2T
germ_pzkpfw_V_ausf_a_panther,81.0,32.07,0.0,0.0,5.34,3.6,677.0,39.92,0.0,0.0,1.41,1.55,0.0,,,,,,Panther_A
me_264,83.0,96.77,1.1,0.82,7.67,5.81,0.0,,,,,,0.0,,,,,,Me_264
germ_begleitpanzer_57,79.0,72.31,0.66,0.87,2.27,3.12,1183.0,54.65,0.27,0.18,1.68,1.17,25.0,2.94,0.0,0.0,0.97,1.0,Begleitpanzer_57
ussr_su_85m,81.0,50.0,0.0,0.0,2.09,2.41,61.0,50.0,0.0,0.0,1.61,1.87,0.0,,,,,,SU-85M
germ_waffentrager_krupp_steyr,74.0,83.93,0.0,0.0,2.27,2.42,179.0,33.36,0.0,0.0,1.62,2.07,0.0,,,,,,Waffenträger
saab_b3c,79.0,100.0,2.18,1.16,39.79,21.69,0.0,,,,,,0.0,,,,,,B3C
germ_pzkpfw_VI_ausf_h1_tiger_animal_version,83.0,58.6,0.14,0.14,3.08,3.72,22.0,57.14,0.0,0.0,2.9,5.09,0.0,,,,,,␠Tiger
it_kf_41,75.0,43.33,0.0,0.0,1.79,1.74,90.0,64.53,0.0,0.0,0.69,0.79,0.0,,,,,,KF41
sw_t_54_1951,77.0,74.19,0.14,0.16,1.31,1.47,157.0,47.2,0.0,0.0,1.51,1.75,0.0,,,,,,T-54
jp_type_97_chi_ha,75.0,100.0,0.0,0.0,12.71,15.86,24.0,,,,,,0.0,,,,,,Chi-Ha
su_30mkk,77.0,96.67,13.53,2.89,0.0,0.0,1123.0,63.88,1.15,1.26,0.77,0.84,44.0,100.0,3.0,3.72,0.5,0.28,Su-30MKK_(China)
il_merkava_mk_2d,78.0,45.06,0.0,0.0,2.66,2.74,453.0,55.68,0.0,0.0,2.88,2.26,0.0,,,,,,Merkava_Mk.2D
yak-1_early,80.0,100.0,6.22,4.58,2.62,1.85,50.0,100.0,1.0,0.87,1.0,0.87,0.0,,,,,,Yak-1
sw_kv_1_1942_fin,82.0,56.94,0.0,0.0,2.65,2.76,68.0,23.91,0.0,0.0,3.78,3.5,0.0,,,,,,KV-1_m1942
fa_18e_block_2,80.0,58.98,2.39,2.04,0.28,0.18,555.0,68.4,1.06,0.99,0.65,0.59,37.0,0.0,3.0,1.03,0.0,0.0,F/A-18E
uk_matilda_hedgehog,75.0,66.67,0.3,0.5,4.7,7.0,0.0,,,,,,0.0,,,,,,Matilda_Hedgehog
yak_2_kabb,79.0,100.0,2.5,3.36,5.26,6.97,0.0,,,,,,7.0,,,1.0,,1.0,Yak-2_KABB
ussr_kv_220,81.0,94.57,0.0,0.0,5.97,4.2,103.0,85.94,0.0,0.0,8.61,7.22,0.0,,,,,,KV-220
do_217e_2,80.0,98.39,0.38,0.33,6.38,5.74,42.0,50.0,0.0,0.0,0.5,1.0,0.0,,,,,,Do_217_E-2
av_8a,72.0,55.56,2.7,4.07,1.71,2.92,25.0,26.67,0.73,0.73,0.33,0.33,0.0,,,,,,AV-8A
f-8e,76.0,56.35,2.09,1.49,0.12,0.05,52.0,50.0,1.8,3.59,0.0,0.0,0.0,,,,,,F-8E
jp_type_5_na_to,80.0,76.89,0.0,0.0,4.17,3.12,214.0,84.88,0.0,0.0,4.3,1.87,0.0,,,,,,Na-To
yak-3,80.0,96.8,9.49,7.15,1.07,0.74,122.0,21.21,3.77,2.98,0.78,0.34,1.0,,,,,,Yak-3
us_m2a4,73.0,100.0,0.11,0.25,3.59,5.89,59.0,0.0,0.0,0.0,5.22,2.2,0.0,,,,,,M2A4
us_m60_120s,71.0,53.03,0.0,0.0,1.44,2.19,369.0,46.31,0.0,0.0,1.43,1.19,0.0,,,,,,120S
germ_marder_1a3,77.0,17.2,0.0,0.0,0.65,0.4,331.0,27.36,0.05,0.03,1.1,0.89,0.0,,,,,,Marder_1A3
germ_flakpanzer_I_ausf_A,73.0,98.92,0.01,0.03,5.46,9.03,0.0,,,,,,0.0,,,,,,Flakpanzer_I
b_25j_30_vvs_ussr,73.0,90.05,0.19,0.26,2.65,2.86,0.0,,,,,,0.0,,,,,,B-25J-30
germ_leopard_2a4m_can_sm,73.0,66.67,0.0,0.0,1.85,2.29,1170.0,41.66,0.0,0.0,1.41,1.12,12.0,0.0,0.0,0.0,0.0,0.0,◍Leopard_2A4M
us_m1a2_sep2_abrams,77.0,38.09,0.0,0.0,0.91,0.63,1465.0,55.45,0.0,0.0,1.83,1.69,9.0,0.0,0.0,0.0,1.0,1.0,M1A2_SEP_V2
la-7_dolgushin,70.0,100.0,7.0,12.05,5.3,7.56,99.0,66.55,3.49,7.16,2.0,4.16,1.0,,,,,,Dolgushin's_La-7
ussr_m53_59,74.0,30.64,2.84,4.48,0.18,0.34,650.0,37.67,0.81,0.73,0.55,0.49,3.0,,,,,,M53/59
ki_43_1,74.0,100.0,8.17,4.82,0.94,0.23,0.0,,,,,,0.0,,,,,,Ki-43-I
jp_type_3_chi_nu,76.0,60.15,0.0,0.0,3.2,4.46,275.0,93.47,0.0,0.0,3.16,1.6,0.0,,,,,,Chi-Nu
us_m18_super_hellcat,71.0,75.8,0.13,0.15,2.69,2.76,334.0,60.13,0.0,0.0,3.0,2.13,0.0,,,,,,Super_Hellcat
it_43m_turan_3,76.0,100.0,0.0,0.0,3.81,3.5,74.0,51.23,0.0,0.0,2.56,2.61,0.0,,,,,,Turan_III
fr_lorraine_40t,76.0,0.0,0.0,0.0,4.0,1.86,403.0,64.9,0.0,0.0,2.41,2.7,0.0,,,,,,Lorraine_40t
germ_leopard_a1a1_120,69.0,52.38,0.0,0.0,2.05,2.81,250.0,27.53,0.0,0.0,4.31,2.87,13.0,,,0.0,,1.0,Leopard_A1A1_(L/44)
fr_amx_30_b2_brenus,74.0,75.76,0.0,0.0,2.79,2.2,176.0,72.31,0.0,0.0,3.98,2.86,0.0,,,,,,AMX-30B2_BRENUS
us_m4a1_76w_sherman,72.0,60.69,0.0,0.0,2.01,2.11,375.0,59.54,0.0,0.0,4.96,2.35,3.0,,,,,,M4A1_(76)_W
ussr_t_34E,70.0,69.36,0.0,0.0,2.06,4.64,11.0,100.0,0.0,0.0,5.5,2.75,0.0,,,,,,T-34E
fr_m4a1_sherman_fl_10,65.0,59.62,0.0,0.0,3.57,2.34,73.0,94.87,0.0,0.0,4.34,2.49,0.0,,,,,,M4A1_(FL10)
it_leopard_2a7_hungary,69.0,63.89,0.0,0.0,4.42,6.45,102.0,88.17,0.0,0.0,6.74,6.12,0.0,,,,,,Leopard_2A7HU
us_xm246,75.0,67.16,0.38,0.56,1.74,2.38,1430.0,57.9,0.25,0.2,1.66,1.39,0.0,,,,,,XM246
p-51d-30_usaaf_korea,69.0,72.84,2.1,1.56,0.79,0.51,179.0,55.64,1.31,1.72,1.15,1.32,68.0,100.0,9.0,3.0,0.0,0.0,P-51D-30
ussr_t_34_1941_l_11,74.0,100.0,0.0,0.0,5.0,2.86,98.0,16.39,0.0,0.0,1.86,1.06,0.0,,,,,,T-34_(1940)
sw_l_62_anti_II,68.0,25.0,0.75,0.75,2.98,3.35,162.0,12.28,0.0,0.0,4.91,1.66,0.0,,,,,,L-62_ANTI_II
us_m4a3e2_sherman_jumbo_cobra_king,71.0,85.29,0.0,0.0,3.03,2.77,151.0,45.48,0.0,0.0,3.46,2.28,0.0,,,,,,Cobra_King
jp_m44,77.0,50.0,0.03,0.03,3.0,2.89,597.0,62.95,0.0,0.0,1.56,1.07,0.0,,,,,,M44
bf-109g-2,75.0,55.97,1.87,1.78,0.48,0.45,57.0,83.33,0.83,0.1,1.33,1.3,0.0,,,,,,Bf_109_G-2/trop
f_15c_msip2,68.0,43.01,1.47,1.29,0.62,0.48,218.0,61.19,2.1,2.28,0.13,0.16,7.0,,,2.0,,0.0,F-15C_MSIP_II
p-51d-20-na_j26,72.0,48.67,0.95,1.78,0.0,0.0,0.0,,,,,,0.0,,,,,,J26
p-40e_ussr,70.0,76.88,3.84,4.38,0.9,0.99,11.0,,,0.0,,1.0,0.0,,,,,,P-40E-1
f-4j,69.0,50.0,2.59,2.6,0.39,0.34,132.0,53.76,1.08,1.05,0.03,0.03,0.0,,,,,,F-4J_Phantom_II
germ_sturmpanzer_IV_brummbar,71.0,69.89,0.0,0.0,2.76,3.65,72.0,,,0.0,,3.38,0.0,,,,,,Brummbär
germ_pzkpfw_IV_ausf_G,71.0,81.18,0.0,0.0,2.73,4.25,136.0,37.53,0.0,0.0,1.95,2.07,0.0,,,,,,Pz.IV_G
ussr_t_72b,68.0,70.24,0.0,0.0,2.14,1.95,579.0,41.63,0.0,0.0,1.65,1.18,0.0,,,,,,T-72B
f-4s,70.0,100.0,7.13,2.09,0.53,0.1,694.0,54.19,1.08,1.25,0.05,0.08,11.0,,,1.09,,0.0,F-4S_Phantom_II
germ_pzkpfw_Maus,71.0,82.05,0.0,0.0,4.98,11.08,1057.0,49.8,0.0,0.0,4.36,4.01,0.0,,,,,,Maus
fr_amx_13_90,65.0,72.03,0.0,0.0,2.55,2.13,115.0,73.91,0.0,0.0,4.77,3.93,0.0,,,,,,AMX-13-90
us_m1_abrams,63.0,65.69,0.0,0.0,1.69,1.56,1267.0,51.83,0.0,0.0,2.36,1.83,0.0,,,,,,M1_Abrams
jp_m4a3e8_76w_sherman,72.0,83.98,0.27,0.19,3.52,3.13,1208.0,69.95,0.0,0.0,2.41,1.96,0.0,,,,,,M4A3_(76)_W
us_t26e5,73.0,56.06,0.2,0.3,2.5,3.78,1131.0,58.16,0.0,0.0,3.77,2.8,0.0,,,,,,T26E5
f6f-5n,67.0,44.74,1.08,1.73,0.62,0.98,135.0,52.26,0.45,0.53,0.75,0.79,0.0,,,,,,F6F-5N
ffvs_j22_b,67.0,50.0,2.65,2.11,0.0,0.0,14.0,,,,,,0.0,,,,,,J22-B
us_m60a1,65.0,50.0,0.0,0.0,1.0,0.9,472.0,56.34,0.0,0.0,1.69,1.43,0.0,,,,,,M60A1_(AOS)
ussr_is_2_1944_321,70.0,100.0,0.0,0.0,5.86,5.86,38.0,92.11,0.0,0.0,5.54,5.17,0.0,,,,,,IS-2_No.321
mig_3_series_1_15,66.0,100.0,4.52,3.99,0.74,0.7,28.0,100.0,4.28,,0.0,,0.0,,,,,,MiG-3-15
mig_23ml,61.0,62.75,2.67,2.03,0.0,0.0,421.0,59.5,1.71,1.74,0.11,0.11,29.0,,,1.59,,0.0,MiG-23ML
f_16c_block_50,64.0,43.55,1.66,1.66,1.31,1.31,623.0,56.35,0.67,0.85,0.73,0.95,15.0,,,0.67,,0.0,F-16C
yak-9k,63.0,72.22,3.11,3.53,0.0,0.18,1117.0,61.82,0.36,0.34,2.01,1.88,13.0,,,,,,Yak-9K
yak-30d,63.0,100.0,4.18,2.83,2.0,1.1,0.0,,,,,,0.0,,,,,,Yak-30D
bf_110g_4,65.0,100.0,0.77,0.69,3.02,2.69,0.0,,,,,,0.0,,,,,,Bf_110_G-4
yak-9m,62.0,100.0,9.3,10.53,0.55,0.62,35.0,100.0,8.06,1.0,2.65,0.0,0.0,,,,,,Golovachev's_Yak-9M
us_t29,66.0,50.0,0.0,0.0,8.13,9.59,1737.0,58.77,0.0,0.0,4.26,2.81,0.0,,,,,,T29
us_t25,62.0,100.0,0.0,0.0,6.75,2.86,136.0,50.0,0.0,0.0,7.33,5.34,25.0,0.0,0.0,0.0,1.0,1.0,T25
sw_strv121b_christian2,58.0,49.2,0.0,0.0,2.37,2.43,907.0,56.11,0.0,0.0,2.64,2.05,0.0,,,,,,Christian_II
ussr_su_85_1943,64.0,85.33,0.0,0.0,1.9,2.23,29.0,,,0.0,,3.0,0.0,,,,,,SU-85
germ_thyssen_henschel_tam,62.0,50.0,0.0,0.0,1.12,2.13,919.0,42.11,0.0,0.0,1.33,1.0,21.0,98.04,0.0,0.0,1.0,1.08,TAM
us_mk1_grant,65.0,68.63,0.28,0.5,3.22,5.0,24.0,30.77,0.0,0.0,0.27,0.27,0.0,,,,,,Grant_I
uk_sherman_II,59.0,100.0,0.0,0.0,4.94,5.23,19.0,,,0.0,,1.68,0.0,,,,,,Sherman_II
germ_flakpz_I_Gepard,57.0,36.46,0.35,0.71,1.39,2.1,1457.0,36.33,0.25,0.17,1.18,0.81,0.0,,,,,,Gepard
ussr_t_64_b_1984,60.0,0.0,0.0,0.0,2.5,1.55,670.0,44.5,0.0,0.0,1.89,1.5,0.0,,,,,,T-64B
jp_type_16_mod,60.0,50.0,0.0,0.0,0.5,0.35,771.0,64.44,0.0,0.0,2.35,1.75,0.0,,,,,,Type_16_(FPS)
us_m18_hellcat_black_cat,65.0,86.11,0.14,0.19,4.52,5.11,1300.0,79.95,0.0,0.0,2.75,2.3,0.0,,,,,,"M18_""Black_Cat"""
us_t1e1,58.0,91.67,0.0,0.0,2.38,2.44,203.0,57.41,0.0,0.0,2.34,2.48,0.0,,,,,,T1E1
sw_sav_m43_1946,56.0,42.0,0.0,0.0,0.84,1.44,39.0,0.0,0.0,0.0,0.0,0.0,0.0,,,,,,Sav_m/43_(1946)
su_30sm,58.0,50.0,3.21,2.4,0.0,0.0,315.0,66.16,1.26,1.75,1.1,1.54,22.0,,,1.0,,1.0,Су-30СМ
us_m4a3e2_76w_sherman_jumbo,59.0,100.0,0.0,0.0,5.19,3.36,579.0,67.57,0.0,0.0,5.25,3.79,0.0,,,,,,M4A3E2_(76)_W
ussr_pzkpfw_V,59.0,100.0,0.0,0.0,6.68,5.77,97.0,64.67,0.0,0.0,1.66,1.8,0.0,,,,,,T-V
la-5_type39,59.0,100.0,8.1,8.92,2.7,3.08,0.0,,,,,,0.0,,,,,,La-5F
ussr_t_80um2,56.0,63.34,0.0,0.0,2.0,2.8,56.0,50.0,0.0,0.0,2.24,1.37,0.0,,,,,,T-80UM2
ussr_bt_7_1937,55.0,80.95,0.0,0.0,8.87,9.21,122.0,71.73,0.0,0.0,2.33,1.56,0.0,,,,,,BT-7
uk_vickers_mbt_mk_1,58.0,50.0,0.0,0.0,1.84,1.63,400.0,53.97,0.0,0.0,1.73,1.84,1.0,50.0,0.0,0.0,1.0,2.0,Vickers_Mk.1
il_merkava_mk_1,62.0,50.0,0.0,0.0,1.78,1.79,55.0,50.0,0.0,0.0,1.03,1.69,0.0,,,,,,Merkava_Mk.1
f-4c,55.0,68.52,3.01,2.0,0.44,0.25,49.0,63.89,1.68,2.2,1.25,0.9,0.0,,,,,,F-4C_Phantom_II
b_239_finland,60.0,50.0,1.27,1.98,0.0,0.0,7.0,,,,,,0.0,,,,,,B-239
germ_pzkpfw_III_ausf_E,59.0,98.81,0.05,0.6,5.16,11.6,67.0,0.0,0.0,0.0,2.36,1.26,0.0,,,,,,Pz.III_E
p-51d-20-na,59.0,100.0,7.62,5.3,0.9,0.57,156.0,64.68,0.59,0.6,1.4,1.48,26.0,,,1.08,,0.0,P-51D-20-NA
it_of_40_mtca,56.0,96.15,0.0,0.0,4.06,2.63,856.0,56.93,0.0,0.0,3.88,2.66,2.0,50.0,0.0,0.0,1.0,2.0,OF-40_(MTCA)
jp_type_3_ka_chi,50.0,84.0,0.0,0.0,11.44,11.8,25.0,,,,,,0.0,,,,,,Ka-Chi
pe-2-83,57.0,100.0,0.42,0.47,3.42,4.31,32.0,100.0,0.0,0.0,0.63,0.25,0.0,,,,,,Pe-2-83
i_225,56.0,50.0,3.06,1.89,0.16,0.12,74.0,70.29,2.74,2.11,0.93,0.71,0.0,,,,,,I-225
vb_10c1,58.0,68.59,7.63,4.87,0.0,0.0,35.0,100.0,2.57,2.57,1.09,1.14,0.0,,,,,,VB.10C-1
it_pzkpfw_IV_ausf_G,58.0,100.0,0.0,0.0,4.0,4.16,59.0,85.87,0.0,0.0,1.92,1.6,0.0,,,,,,Pz.IV_G
cn_m24_chaffee,58.0,84.57,0.0,0.0,1.63,1.78,156.0,60.19,0.0,0.0,1.97,1.36,0.0,,,,,,M24_(China)
germ_sdkfz_234_2,60.0,78.43,0.0,0.0,0.95,1.24,961.0,42.91,0.0,0.0,1.16,1.0,0.0,,,,,,Sd.Kfz.234/2
la_174,56.0,71.43,4.9,6.8,0.6,0.8,0.0,,,,,,0.0,,,,,,La-174
f-4e,53.0,50.0,1.92,1.66,2.12,1.76,455.0,78.06,3.18,5.08,1.23,1.67,15.0,50.0,1.5,2.63,3.0,5.5,F-4E_Phantom_II
il_magach_6b_gal,59.0,77.34,0.0,0.0,1.0,1.0,225.0,47.08,0.0,0.0,1.74,1.49,0.0,,,,,,Magach_6B_Gal
cn_type_64,55.0,12.5,0.0,0.0,2.89,2.4,32.0,57.9,0.0,0.0,3.09,3.58,0.0,,,,,,M64
mb_157,57.0,55.88,8.53,8.68,0.0,0.0,38.0,83.33,2.74,8.5,0.91,2.0,0.0,,,,,,M.B.157
p-63c-5_ussr,54.0,100.0,0.87,0.77,5.05,4.31,21.0,100.0,0.7,0.25,3.3,2.0,0.0,,,,,,P-63C-5
us_m1a2_sep3_abrams,55.0,91.67,0.0,0.0,6.32,7.56,3148.0,57.6,0.0,0.0,2.21,2.13,0.0,,,,,,M1A2_SEPv3
ussr_t_55_am,51.0,54.29,0.0,0.0,2.9,2.64,419.0,51.04,0.0,0.0,1.63,1.31,6.0,,,0.0,,1.0,T-55AM-1
il_sabra_mk1,57.0,50.0,0.0,0.0,1.5,2.13,35.0,50.0,0.0,0.0,2.73,3.82,0.0,,,,,,Sabra_Mk.I
j_7d,58.0,58.89,3.21,2.42,0.0,0.0,191.0,90.93,2.95,2.14,1.01,0.64,0.0,,,,,,J-7D
ussr_t_80b,53.0,100.0,0.0,0.0,1.92,1.45,1052.0,48.95,0.0,0.0,1.98,1.64,9.0,50.0,0.0,0.0,0.5,1.0,T-80B
mig_27m,59.0,35.33,0.46,0.74,0.12,0.12,63.0,38.24,1.0,0.48,1.62,1.21,22.0,,,0.0,,1.0,MiG-27M
ar_2,58.0,100.0,0.14,0.14,8.52,8.55,0.0,,,,,,0.0,,,,,,Ar-2
uk_ram_90mm_aa,74.0,53.33,0.92,0.53,5.42,3.6,42.0,100.0,0.0,0.0,5.98,4.04,0.0,,,,,,QF_3.7_Ram
uk_fv107_scimitar,51.0,50.0,0.0,0.0,1.5,1.5,96.0,82.26,0.0,0.0,2.23,1.18,0.0,,,,,,Scimitar
uk_sherman_ic_firefly,53.0,77.27,0.0,0.0,2.75,3.84,101.0,18.83,0.0,0.0,1.93,1.61,0.0,,,,,,"Sherman_IC_""Trzyniec"""
mig_29_9_13,57.0,36.51,1.32,1.54,0.13,0.13,38.0,50.0,0.97,1.8,0.17,0.27,0.0,,,,,,MiG-29
ussr_2s38,52.0,50.0,0.0,0.0,0.0,0.0,1318.0,46.25,0.09,0.08,1.19,0.88,0.0,,,,,,2S38
f_16a_block_15_adf,53.0,50.0,1.56,1.14,0.5,0.18,65.0,50.0,1.74,0.82,0.0,0.0,20.0,,,1.0,,0.0,F-16A_ADF
f-86f-25,52.0,,,0.62,,0.28,32.0,0.0,1.77,1.45,1.85,1.55,0.0,,,,,,F-86F-25
tis_ma,54.0,98.77,0.6,0.48,5.07,4.45,28.0,61.67,0.38,0.44,7.27,7.89,105.0,91.95,0.8,0.73,5.57,6.48,TIS_MA
cn_pgz_625_fb10,49.0,38.89,1.24,2.07,0.0,0.0,93.0,80.65,1.35,1.09,0.9,0.67,0.0,,,,,,CS/SA5
yak-38m,52.0,100.0,2.77,1.24,1.0,0.39,34.0,0.0,0.0,0.0,0.0,0.0,0.0,,,,,,Yak-38M
ussr_su_152,54.0,100.0,0.0,0.0,5.5,2.4,114.0,38.75,0.0,0.0,1.33,1.38,0.0,,,,,,SU-152
ussr_pt_76b,52.0,,,0.0,,1.32,609.0,45.3,0.0,0.0,1.41,0.86,0.0,,,,,,PT-76B
f9f-8,52.0,,,0.96,,0.0,247.0,56.02,0.64,0.65,0.36,0.37,0.0,,,,,,F9F-8
su_27,56.0,44.44,0.88,1.06,0.0,0.0,165.0,50.41,1.57,1.8,0.06,0.08,0.0,,,,,,Su-27
ussr_2s1,48.0,38.24,0.0,0.0,0.86,0.88,125.0,39.34,0.0,0.0,1.17,0.91,0.0,,,,,,2S1
germ_pzkpfw_II_ausf_H,54.0,82.14,0.28,0.53,8.4,11.86,55.0,8.33,0.0,0.0,6.42,2.82,0.0,,,,,,Pz.II_H
us_m18_hellcat_kit_3rank,46.0,100.0,0.09,0.09,6.28,6.28,113.0,54.84,0.0,0.0,1.83,1.7,0.0,,,,,,Hellcat_(Hell)
ussr_object_248,58.0,93.97,0.0,0.0,6.93,6.89,81.0,48.81,0.0,0.0,6.1,4.71,0.0,,,,,,Object_248
j_7e,55.0,50.0,3.03,2.57,0.0,0.0,41.0,0.0,5.69,5.69,0.31,0.31,0.0,,,,,,J-7E
il_tiran_6,53.0,50.0,0.0,0.0,1.48,2.96,50.0,91.67,0.0,0.0,3.0,1.4,0.0,,,,,,Tiran_6
su_30sm2,51.0,50.0,3.55,3.33,0.0,0.0,1104.0,60.87,1.07,1.28,1.51,1.82,15.0,,,0.07,,1.47,Су-30СМ2
xp-50,51.0,100.0,3.12,2.06,0.0,0.0,36.0,50.0,0.0,1.35,0.0,0.0,3.0,,,2.0,,0.0,XP-50
f8f1,55.0,30.0,2.56,1.99,0.98,1.64,386.0,49.62,0.41,0.23,2.13,1.14,13.0,,,0.0,,0.0,F8F-1
sw_strv_101,49.0,100.0,0.0,0.0,1.56,1.0,377.0,47.99,0.0,0.0,1.43,1.17,0.0,,,,,,Strv_101
spitfire_mk5c_notrop,53.0,100.0,6.3,6.3,0.0,0.0,73.0,100.0,1.71,1.36,1.57,1.45,0.0,,,,,,Spitfire_Mk_Vc
pe-2-31,50.0,100.0,0.0,0.0,3.97,4.22,0.0,,,,,,0.0,,,,,,Pe-2-31
fr_msc,44.0,55.0,0.0,0.0,2.35,2.35,453.0,66.38,0.0,0.0,3.17,2.59,15.0,,,0.0,,1.87,MSC
it_palmaria,52.0,0.0,0.0,0.0,4.44,2.29,59.0,50.0,0.0,0.0,1.4,1.78,0.0,,,,,,Palmaria
uk_m3_stuart,52.0,36.11,0.0,0.0,0.33,0.5,0.0,,,,,,0.0,,,,,,Stuart_I
ussr_2s19_m1,53.0,53.21,0.0,0.0,1.04,1.43,198.0,51.83,0.02,0.02,1.11,0.71,1.0,,,0.0,,0.0,2С19М1
uk_centurion_mk_10,48.0,50.0,0.0,0.0,2.12,2.27,157.0,15.43,0.0,0.0,2.26,1.77,2.0,100.0,0.0,0.0,4.0,4.0,Centurion_Mk_10
il_magach_6b,47.0,100.0,0.0,0.0,3.0,1.43,58.0,72.04,0.0,0.0,2.35,4.37,0.0,,,,,,Magach_6B
germ_sdkfz_251_9,51.0,100.0,0.0,0.0,2.43,5.13,0.0,,,,,,0.0,,,,,,Sd.Kfz.251/9
jp_st_a1,53.0,43.75,0.31,0.38,2.13,2.38,683.0,64.1,0.0,0.0,2.5,1.48,0.0,,,,,,ST-A1
ussr_bt_5,47.0,52.38,0.0,0.0,8.9,5.47,427.0,57.22,0.0,0.0,1.96,1.24,0.0,,,,,,BT-5
it_m18_hellcat,49.0,100.0,0.0,0.0,2.62,2.42,300.0,69.39,0.0,0.0,2.15,1.89,0.0,,,,,,M18
us_t95e1,52.0,100.0,0.0,0.0,2.12,1.44,374.0,48.01,0.0,0.0,1.39,1.28,0.0,,,,,,T95E1
f-82e,47.0,85.29,1.15,1.67,0.0,0.0,105.0,64.11,0.05,0.05,0.76,0.94,0.0,,,,,,F-82E
hurricane_mk1_late_finland,48.0,50.0,1.27,1.27,0.0,0.0,0.0,,,,,,0.0,,,,,,Hurricane_Mk_I/L
us_t1e1_90,47.0,,,0.0,,2.29,190.0,35.49,0.0,0.0,3.64,2.89,0.0,,,,,,T1E1_(90)
he_115a_2_sweden,46.0,100.0,0.79,0.79,9.06,9.27,0.0,,,,,,0.0,,,,,,T_2
cn_is_2_1943,49.0,15.91,0.0,0.0,3.64,3.64,105.0,59.87,0.0,0.0,1.65,1.25,0.0,,,,,,IS-2_(China)
jp_type_99,43.0,27.17,0.22,0.38,1.04,1.31,383.0,63.53,0.35,0.54,1.09,1.38,0.0,,,,,,Type_99
fr_amx_m4,46.0,41.38,0.0,0.0,3.17,2.0,779.0,61.13,0.0,0.0,1.97,1.82,13.0,,,0.0,,3.55,AMX_M4
sw_kungstiger,51.0,66.67,0.0,0.0,8.38,6.2,198.0,45.4,0.0,0.0,7.86,4.8,4.0,,,0.0,,1.25,Kungstiger
yak-4,46.0,100.0,0.68,0.68,7.24,7.24,0.0,,,,,,0.0,,,,,,Yak-4
ussr_t_72b_1989,45.0,65.63,0.0,0.0,2.38,2.61,347.0,36.92,0.0,0.0,1.93,1.66,0.0,,,,,,T-72B_(1989)
p-51d-20-na_iaf,44.0,83.33,2.42,1.15,0.17,0.35,16.0,,,0.5,,2.81,0.0,,,,,,P-51D-20-NA_(Israel)
fr_leclerc_s1,47.0,50.0,0.0,0.0,1.11,1.1,142.0,58.6,0.0,0.0,2.53,2.39,0.0,,,,,,Leclerc
p-51d-5,49.0,42.31,0.58,0.71,0.73,0.66,52.0,67.24,0.14,0.0,0.0,0.0,0.0,,,,,,P-51D-5
germ_mkpz_m48a2ga2,45.0,88.41,0.0,0.0,1.24,1.52,352.0,37.25,0.0,0.0,1.78,1.6,1.0,,,0.0,,1.0,M48A2_G_A2
us_xm_803,43.0,100.0,0.0,0.0,6.0,5.26,2012.0,57.98,0.0,0.0,2.09,1.85,0.0,,,,,,XM803
ussr_2s3m,45.0,79.31,0.0,0.0,3.86,3.32,153.0,31.19,0.07,0.09,0.77,0.81,0.0,,,,,,2S3M
jp_m47_patton_II,43.0,56.25,0.0,0.0,1.43,1.38,508.0,81.33,0.0,0.0,2.02,2.02,0.0,,,,,,M47
us_m4_sherman,46.0,75.0,0.0,0.0,4.82,6.71,133.0,42.92,0.0,0.0,5.28,4.74,0.0,,,,,,M4
jp_st_a2,51.0,37.5,0.24,0.22,1.11,1.49,363.0,76.63,0.0,0.0,4.24,2.19,0.0,,,,,,ST-A2
us_m1a2_sep2_abrams_trophy,39.0,93.89,0.03,0.08,4.36,5.16,2427.0,59.8,0.0,0.0,2.21,1.9,14.0,,,0.0,,1.0,M1A2_(Trophy-HV)
spitfire_mk9c_4cannons,46.0,100.0,4.0,4.0,0.0,0.0,17.0,100.0,2.0,1.24,1.0,1.0,7.0,,,0.0,,1.0,Spitfire_F_Mk_IXc
spitfire_ix_plagis,46.0,100.0,3.5,3.5,0.0,0.0,0.0,,,,,,0.0,,,,,,Plagis'_Spitfire_LF_Mk_IXc
spitfire_ix,46.0,100.0,3.5,3.5,0.0,0.0,35.0,,,,,,0.0,,,,,,Spitfire_LF_Mk_IX
a6m5otsu,46.0,0.0,7.35,3.67,0.52,0.26,115.0,53.12,0.86,1.83,0.7,1.53,0.0,,,,,,A6M5_otsu
spitfire_mk5c,46.0,100.0,4.26,4.26,0.0,0.0,26.0,100.0,2.0,0.88,2.0,0.23,0.0,,,,,,Spitfire_Mk_Vc/trop
jp_sub_i_ii_20mm,49.0,84.32,0.73,1.23,1.08,1.53,1054.0,55.43,0.36,0.4,0.54,0.57,0.0,,,,,,SUB-I-II
ki_61_1a_hei,44.0,0.0,2.0,2.38,0.0,0.0,35.0,62.5,1.05,2.13,0.6,0.93,0.0,,,,,,Ki-61-I_hei
p-47d_30_china,43.0,40.48,2.0,1.85,0.0,0.0,24.0,48.15,0.0,0.0,0.81,0.59,0.0,,,,,,P-47D-30_(China)
germ_pzkpfw_V_ausf_f_panther,40.0,88.57,0.0,0.0,6.24,6.34,410.0,41.3,0.0,0.0,2.5,2.33,0.0,,,,,,Panther_F
sw_ikv_72,43.0,62.5,0.0,0.0,1.35,2.15,0.0,,,,,,0.0,,,,,,Ikv_72
jp_type_95_so_ki,45.0,0.0,1.0,1.0,0.0,0.0,198.0,90.0,1.16,0.69,0.0,0.0,0.0,,,,,,So-Ki
sw_strv_103a,42.0,0.0,0.0,0.0,0.91,0.61,166.0,56.79,0.0,0.0,3.14,1.81,0.0,,,,,,Strv_103A
su-8,43.0,100.0,0.66,0.5,3.65,2.84,13.0,,,0.0,,1.92,0.0,,,,,,Su-8
itp_m1,42.0,100.0,2.86,1.71,3.95,2.54,45.0,69.61,0.93,1.0,0.65,0.89,0.0,,,,,,ITP_(M-1)
p-39n,44.0,,,3.02,,0.67,37.0,50.0,0.79,1.74,0.5,1.0,0.0,,,,,,P-39N-0
uk_challenger_1_mk_3_gulf,42.0,50.0,0.0,0.0,2.43,2.32,647.0,47.14,0.0,0.0,2.5,2.18,13.0,,,0.0,,0.54,Challenger_DS
it_m36b1,45.0,100.0,0.31,0.28,2.55,2.23,77.0,82.94,0.0,0.0,1.65,1.86,0.0,,,,,,M36B1
vb_10_02,44.0,0.0,1.0,2.17,0.33,0.1,14.0,,,1.0,,1.0,0.0,,,,,,VB.10-02
us_xm1_gm,44.0,88.24,0.0,0.0,2.53,1.53,886.0,65.7,0.0,0.0,3.76,2.44,0.0,,,,,,XM1_(GM)
f4u-4,44.0,50.0,1.0,0.66,0.0,0.41,315.0,62.93,0.51,0.39,1.46,0.92,0.0,,,,,,F4U-4
b-29,41.0,84.45,0.05,0.08,6.55,6.92,0.0,,,,,,0.0,,,,,,B-29A-BN
p-63a-10_ussr,42.0,100.0,0.84,0.84,3.94,3.94,62.0,100.0,0.04,0.08,3.61,4.72,0.0,,,,,,P-63A-10
c_3604,43.0,87.5,2.25,2.88,2.88,2.82,43.0,0.0,0.38,0.24,3.0,2.16,0.0,,,,,,◌С-3604
germ_boxer_3105,40.0,62.5,0.0,0.0,2.25,2.65,56.0,0.0,0.0,0.0,3.17,3.05,0.0,,,,,,Boxer_MGS
su_34,45.0,50.0,2.16,1.89,0.62,1.02,426.0,62.26,0.31,0.35,2.18,2.27,31.0,,,0.43,,0.25,Су-34
cn_ptz_89,43.0,50.0,0.0,0.0,1.68,2.25,58.0,92.43,0.0,0.0,4.3,3.67,0.0,,,,,,PTZ89
it_pzh_2000_hu,38.0,31.48,1.22,1.36,2.36,2.64,16.0,,,0.0,,1.0,0.0,,,,,,PzH_2000HU
lagg-3-35,42.0,100.0,4.09,3.32,1.0,1.13,0.0,,,,,,0.0,,,,,,LaGG-3-35
germ_kv_2_754r,41.0,66.67,0.0,0.0,4.3,4.43,28.0,,,0.0,,2.12,0.0,,,,,,KW_II_754_(r)
yak-3u,41.0,4.9,0.89,1.09,0.0,0.0,81.0,94.23,4.55,4.79,0.0,0.0,0.0,,,,,,Yak-3U
b7a2,40.0,50.0,1.0,2.0,1.0,2.0,16.0,100.0,2.0,,4.75,,0.0,,,,,,B7A2
uk_a_13_mk1,40.0,100.0,0.0,0.0,8.74,7.34,0.0,,,,,,0.0,,,,,,A13_Mk_I
it_c1_ariete_certezza,40.0,50.0,0.0,0.0,1.5,2.67,692.0,60.51,0.0,0.0,2.33,1.65,0.0,,,,,,Ariete_Сertezza
germ_leopard_2a4_pzbtl_123,37.0,,,0.0,,3.08,1050.0,45.68,0.0,0.0,2.06,1.69,5.0,,,0.0,,1.0,Leopard_2_(PzBtl_123)
fr_amx_30_b2,42.0,76.09,0.0,0.0,1.24,1.81,148.0,58.05,0.0,0.0,2.26,2.67,3.0,,,,,,AMX-30B2
ussr_t_72m2_moderna,39.0,50.0,0.0,0.0,1.15,1.54,218.0,57.61,0.04,0.04,3.55,3.44,0.0,,,,,,T-72M2_Moderna
us_m60a2,40.0,50.0,0.0,0.0,1.38,1.3,67.0,58.98,0.0,0.0,2.29,2.4,0.0,,,,,,M60A2
cn_m41_a3_walker_bulldog,41.0,40.74,0.0,0.0,1.29,1.27,41.0,80.0,0.0,0.0,3.2,2.09,0.0,,,,,,M41A3_(China)
nf_5a_netherlands,40.0,66.67,9.0,13.5,0.3,0.5,144.0,87.35,2.32,2.73,0.52,0.67,0.0,,,,,,◘NF-5A
it_pzkpfw_VI_ausf_e_tiger,39.0,100.0,0.0,0.0,9.95,7.69,313.0,61.78,0.0,0.0,3.38,2.92,1.0,100.0,0.0,0.0,5.0,5.0,Tigris
t2,40.0,75.0,6.8,6.8,0.3,0.3,266.0,72.25,2.71,3.76,0.35,0.45,0.0,,,,,,T-2
mig-15,40.0,75.0,4.0,5.3,0.3,0.3,60.0,22.55,1.44,1.2,0.85,0.59,0.0,,,,,,MiG-15bis
fr_m4a4_sherman,37.0,,,0.0,,4.61,78.0,91.36,0.0,0.0,5.33,3.48,0.0,,,,,,M4A4
la-9,40.0,66.67,7.7,7.7,0.3,0.3,67.0,100.0,1.56,0.82,0.0,0.11,0.0,,,,,,La-9
germ_stug_III_ausf_G,40.0,100.0,0.0,0.0,2.59,1.09,200.0,23.22,0.0,0.0,3.68,2.18,0.0,,,,,,StuG_III_G
germ_pz_IV_L70,42.0,69.23,0.0,0.0,2.08,2.0,279.0,28.12,0.0,0.0,2.98,2.14,0.0,,,,,,Panzer_IV/70(V)
it_semovente_m41m_90,39.0,100.0,0.0,,3.68,,56.0,38.64,0.0,0.0,2.5,1.93,0.0,,,,,,90/53_M41M
it_ab_43,37.0,100.0,0.0,0.0,3.36,3.36,5.0,100.0,0.0,0.0,2.0,2.0,0.0,,,,,,AB_43
f4u-1d,38.0,100.0,2.06,1.94,4.58,4.39,36.0,0.0,1.0,1.21,2.0,1.94,0.0,,,,,,F4U-1D
germ_pzkpfw_III_ausf_N,40.0,78.79,0.0,0.0,6.03,3.42,75.0,37.84,0.0,0.0,4.55,4.55,0.0,,,,,,Pz.III_N
sw_lvkv_42,36.0,57.14,0.0,0.0,2.79,2.79,114.0,32.35,0.19,0.23,0.41,0.59,0.0,,,,,,Lvkv_42
fr_amx_13_chaffee,37.0,50.0,0.45,0.38,2.45,2.71,166.0,76.12,0.0,0.0,2.95,3.17,0.0,,,,,,AMX-13-M24
bf-109g-6_erla_finland,37.0,,,1.9,,0.9,5.0,,,,,,0.0,,,,,,Bf_109_G-6_Erla
p-51k,38.0,28.57,2.24,1.68,0.52,0.37,9.0,100.0,1.0,,0.0,,0.0,,,,,,P-51K_(China)
firefly_mk4_netherlands,38.0,22.73,2.18,1.88,1.55,0.98,79.0,97.02,0.64,0.55,2.53,2.95,0.0,,,,,,◘Firefly_F.Mk.IV
sw_strf_90c,34.0,50.0,1.0,0.97,3.2,2.16,274.0,61.93,0.07,0.07,1.78,1.67,0.0,,,,,,Strf_9040C
it_centauro_rgo_120,36.0,60.0,0.0,0.0,1.8,3.4,231.0,47.18,0.0,0.0,2.63,1.99,0.0,,,,,,Centauro_RGO
cn_m10,36.0,100.0,0.0,0.0,4.38,3.41,59.0,100.0,0.0,0.0,2.71,1.11,0.0,,,,,,M10_GMC_(China)
fr_m36b2_cefeo,39.0,100.0,0.0,0.0,2.11,2.1,129.0,51.72,0.0,0.0,3.35,2.54,0.0,,,,,,M36B2
f8f1b,38.0,78.95,1.26,1.4,0.21,0.27,658.0,79.08,0.99,0.93,2.56,2.36,0.0,,,,,,F8F-1B
f6f-3,36.0,100.0,0.57,0.52,7.07,6.61,142.0,76.92,0.58,0.35,3.76,2.34,0.0,,,,,,F6F-5
cn_ztz_88b,39.0,82.5,0.0,0.0,3.68,4.04,186.0,59.56,0.0,0.0,1.35,1.31,0.0,,,,,,ZTZ88B
f_15e,35.0,85.42,1.14,1.14,0.9,0.9,562.0,66.05,0.78,0.98,2.65,3.32,15.0,,,1.55,,0.5,F-15E
germ_pzkpfw_III_ausf_M,40.0,47.22,0.0,0.0,3.92,4.0,43.0,61.67,0.0,0.0,2.24,2.64,0.0,,,,,,Pz.III_M
germ_radpanzer_90,35.0,,,0.0,,1.24,610.0,56.36,0.0,0.0,1.85,1.37,0.0,,,,,,Radkampfwagen_90
it_p_26_40,36.0,100.0,0.0,0.0,3.12,2.93,22.0,100.0,0.0,0.0,9.0,5.2,0.0,,,,,,"P40_""G.C._Leoncello"""
jp_m42_duster,39.0,36.51,0.66,1.05,0.73,1.26,463.0,75.47,0.42,0.3,0.87,0.65,0.0,,,,,,M42
tu-2_postwar_late,35.0,65.0,0.0,0.0,0.0,0.0,44.0,100.0,0.0,0.0,6.0,2.36,18.0,100.0,0.0,0.0,2.0,2.0,Tu-2S-59
jp_tkx_prot,33.0,58.82,0.0,0.0,5.47,5.47,930.0,58.96,0.0,0.0,1.97,1.7,0.0,,,,,,TKX
cn_mbt2000,32.0,66.67,0.3,0.3,2.7,2.7,134.0,54.61,0.0,0.0,1.66,1.71,0.0,,,,,,MBT-2000
fr_leopard_2a4nl,32.0,50.0,0.0,0.0,2.0,2.7,106.0,79.17,0.0,0.0,3.55,2.11,0.0,,,,,,Leopard_2A4NL
jp_type_16,35.0,57.89,0.0,0.0,1.58,1.58,156.0,62.41,0.0,0.0,2.22,1.7,0.0,,,,,,Type_16
f8u-2,34.0,46.03,1.18,2.19,0.0,0.0,87.0,52.69,0.84,1.32,0.13,0.18,0.0,,,,,,F8U-2
mig-17_f5,35.0,100.0,2.0,1.68,0.0,0.0,68.0,100.0,3.78,3.5,2.42,1.71,0.0,,,,,,Shenyang_F-5
fr_amx_13_fl_11,36.0,100.0,0.0,0.0,3.27,2.43,126.0,54.84,0.0,0.0,2.76,2.23,0.0,,,,,,AMX-13_(FL11)
bf-109g-6,37.0,66.67,1.3,1.15,0.3,0.15,37.0,100.0,3.41,2.97,0.31,0.2,0.0,,,,,,Bf_109_G-6
p-51h-5_na,38.0,78.95,1.53,1.76,1.21,1.42,107.0,71.51,1.32,1.55,0.58,0.67,0.0,,,,,,P-51H-5-NA
uk_fv721_fox,34.0,50.0,0.0,0.0,1.0,2.0,621.0,59.34,0.04,0.04,2.2,1.95,0.0,,,,,,Fox
il_magach_6b_gal_batash,37.0,0.0,0.0,0.0,2.0,1.0,32.0,,,0.0,,2.34,0.0,,,,,,Gal_Batash
sw_ikv_91_105,38.0,82.14,0.0,0.0,1.18,1.18,185.0,43.87,0.0,0.0,0.7,0.87,0.0,,,,,,Ikv_91-105
il_m48a1_patton_III,35.0,50.0,0.0,0.0,1.5,1.69,77.0,50.0,0.0,0.0,1.0,0.73,0.0,,,,,,Magach_1
sw_strv_74,34.0,100.0,0.0,0.0,2.54,1.19,275.0,46.53,0.0,0.0,1.88,1.4,0.0,,,,,,Strv_74
ussr_bmp_2,37.0,100.0,0.0,0.0,0.0,0.0,649.0,43.43,0.0,0.0,1.42,1.0,2.0,100.0,0.0,0.0,1.0,1.0,BMP-2
f_14a_iriaf,35.0,96.77,5.52,5.71,0.0,0.0,347.0,60.01,1.86,2.49,0.15,0.21,11.0,,,0.0,,0.0,F-14A_IRIAF
typhoon_mk1b_late,34.0,0.0,2.8,2.32,0.93,0.61,123.0,50.0,1.37,1.65,2.41,2.92,9.0,,,0.78,,1.0,Typhoon_Mk_Ib/L
uk_a_22f_mk_7_churchill_1944,34.0,54.17,0.0,0.0,4.88,6.67,292.0,70.35,0.0,0.0,5.03,3.27,1.0,,,,,,Churchill_VII
us_m24_chaffee_tl,38.0,61.67,0.0,0.0,2.69,3.3,78.0,68.0,0.0,0.0,1.78,1.65,0.0,,,,,,M24_(TL)
bf-109f-2,33.0,100.0,15.64,8.82,3.27,1.82,14.0,,,0.0,,1.0,0.0,,,,,,Bf_109_F-2
cn_m4a4_sherman,36.0,100.0,0.0,0.0,3.92,3.92,30.0,50.0,0.0,0.0,2.62,5.23,0.0,,,,,,M4A4_(China)
uk_a_34_comet,35.0,85.71,0.14,0.0,1.71,0.93,56.0,30.0,0.0,0.0,2.9,1.45,0.0,,,,,,Comet_I
cn_type_69_2g,34.0,,,0.0,,1.0,147.0,63.09,0.0,0.0,2.5,1.99,0.0,,,,,,T-69_II_G
yak-15_early,33.0,50.0,1.5,2.67,0.0,0.0,72.0,100.0,2.74,2.45,0.42,0.36,0.0,,,,,,Yak-15P
mosquito_fb_mk6_norway,34.0,50.0,1.23,2.0,0.52,0.8,68.0,50.54,0.02,0.03,0.4,0.5,0.0,,,,,,◢Mosquito_FB.Mk.VI
sw_charioteer_mk_7,33.0,52.94,0.0,0.0,0.91,1.0,229.0,31.58,0.0,0.0,1.2,0.71,0.0,,,,,,Charioteer_Mk_VII
p-47d-28,35.0,100.0,3.0,0.69,4.0,2.81,139.0,53.23,1.74,2.59,0.96,1.42,0.0,,,,,,P-47D-28
yak_130_early,34.0,66.67,3.45,3.23,16.81,15.76,1204.0,58.78,0.08,0.08,2.5,2.69,12.0,,,0.0,,0.17,Як-130
mb_326k,34.0,66.67,4.3,5.6,1.7,2.2,68.0,90.91,2.23,1.93,5.44,3.63,0.0,,,,,,MB-326K
f4u-4b,34.0,89.29,1.04,1.07,2.25,2.2,818.0,67.77,0.51,0.47,1.75,1.61,25.0,,,4.38,,0.0,F4U-4B
cn_m4a4_sherman_1st_ptg,29.0,0.0,0.0,0.0,0.25,2.36,4.0,,,0.0,,1.0,0.0,,,,,,M4A4_(1st_PTG)_(China)
us_m103,35.0,50.0,0.0,0.0,1.5,3.0,260.0,44.32,0.0,0.0,1.79,1.4,0.0,,,,,,M103
p-51d-20_china,35.0,100.0,1.33,1.33,0.0,0.0,61.0,100.0,0.0,0.0,1.67,0.54,0.0,,,,,,P-51D-20_(China)
p-63a-10,33.0,4.17,1.0,1.0,0.13,0.52,243.0,60.52,0.17,0.23,0.62,0.73,0.0,,,,,,P-63A-10
ussr_btr_zd,34.0,0.0,1.21,1.88,0.56,0.88,290.0,61.27,0.8,0.56,0.86,0.62,0.0,,,,,,BTR-ZD
us_m3_bradley,32.0,50.0,0.0,0.0,0.43,0.38,556.0,57.22,0.04,0.04,1.49,1.24,0.0,,,,,,M3_Bradley
it_semovente_m43_105_leoncello,33.0,100.0,0.0,0.0,3.68,3.68,0.0,,,,,,0.0,,,,,,"M43_""G.C.Leoncello"""
uk_crusader_mk_3,34.0,,,0.0,,2.2,101.0,54.17,0.0,0.0,3.58,2.23,0.0,,,,,,Crusader_III
mig_29smt_9_19,37.0,12.7,1.66,1.66,0.0,0.0,95.0,74.5,1.7,1.73,0.52,0.52,0.0,,,,,,MiG-29SMT
p-63a-5_ussr,33.0,,,1.0,,0.52,132.0,63.49,1.15,1.11,2.69,2.54,0.0,,,,,,P-63A-5
thunderbolt_mk1,32.0,100.0,1.35,1.23,3.25,3.35,48.0,90.2,0.0,0.0,2.05,1.82,0.0,,,,,,Thunderbolt_Mk.1
uk_shir_2,32.0,94.44,0.0,0.0,3.53,3.18,244.0,71.99,0.0,0.0,5.89,3.28,0.0,,,,,,FV4030/3
fr_leopard_2a4nl_les,28.0,70.84,0.0,0.0,2.0,2.85,659.0,53.41,0.0,0.0,2.12,1.59,0.0,,,,,,Leopard_2_(OTCo)
cf_188a_canada,30.0,100.0,3.59,3.59,0.0,0.0,268.0,49.72,1.39,1.6,0.15,0.15,7.0,,,1.0,,1.0,CF-188A
f-4m_fgr2,29.0,100.0,4.0,1.11,0.0,0.0,7.0,50.0,0.0,0.0,0.0,0.0,0.0,,,,,,Phantom_FGR.2
germ_hummel,35.0,100.0,0.0,0.0,3.0,2.08,66.0,0.0,0.0,0.0,3.98,2.62,0.0,,,,,,Hummel
do_335a_0,32.0,100.0,8.88,3.4,0.0,0.0,11.0,,,0.0,,0.0,0.0,,,,,,Do_335_A-0
f2h-2,35.0,85.97,2.45,2.54,0.13,0.15,126.0,62.53,1.19,1.54,0.95,1.18,1.0,,,,,,F2H-2
fr_lorraine_100,30.0,50.0,0.0,0.0,1.0,0.81,62.0,64.29,0.0,0.0,3.23,5.61,0.0,,,,,,CA_Lorraine
jp_type_74_c,30.0,100.0,0.0,0.0,2.0,1.0,426.0,60.83,0.0,0.0,2.46,1.57,0.0,,,,,,Type_74_(C)
sw_strv_81,31.0,100.0,0.0,0.0,0.0,0.0,133.0,37.38,0.0,0.0,1.03,0.85,0.0,,,,,,Strv_81
su-2_m82,31.0,100.0,2.07,2.07,5.96,5.96,0.0,,,,,,0.0,,,,,,Su-2_(M-82)
hurricanemkii,31.0,100.0,4.57,4.07,1.89,1.79,20.0,,,0.0,,0.0,0.0,,,,,,Hurricane_Mk_IIB/Trop
cr_32,31.0,,,1.82,,1.82,0.0,,,,,,0.0,,,,,,CR.32
uk_cruiser_ram_1,29.0,26.92,0.27,0.16,2.19,2.52,40.0,,,0.0,,2.04,0.0,,,,,,Ram_I
lagg-3-23,33.0,,,1.81,,0.71,7.0,,,1.0,,0.0,0.0,,,,,,LaGG-3-23
cn_ztz_88a,32.0,88.33,0.0,0.0,1.65,1.8,173.0,55.65,0.0,0.0,2.98,3.67,22.0,50.0,0.0,0.0,1.5,1.26,ZTZ88A
germ_stug_III_ausf_F,34.0,100.0,0.0,0.0,8.0,3.88,10.0,,,,,,0.0,,,,,,StuG_III_F
p-400,31.0,100.0,3.0,2.55,0.0,0.0,65.0,0.0,0.55,0.15,3.1,1.25,0.0,,,,,,P-400
it_stug_III_ausf_G,31.0,100.0,0.0,0.0,1.16,1.16,41.0,,,0.0,,3.0,0.0,,,,,,StuG_III_G
us_m6a2e1,32.0,100.0,0.0,0.0,9.5,11.0,36.0,100.0,0.0,0.0,6.67,4.06,0.0,,,,,,M6A2E1
fw-190f-8,31.0,0.0,1.0,1.17,0.0,0.0,251.0,53.21,0.6,0.7,1.06,1.12,0.0,,,,,,Fw_190_F-8
ussr_asu_57,30.0,100.0,0.0,0.0,0.25,0.75,104.0,100.0,0.0,0.0,2.0,1.03,0.0,,,,,,ASU-57
ussr_btr_152d,31.0,38.46,0.77,1.0,0.0,0.0,212.0,0.0,1.84,0.89,0.0,0.0,0.0,,,,,,BTR-152D
uk_valentine_mk_11,30.0,100.0,0.0,,9.0,,34.0,59.26,0.0,0.0,2.99,2.99,0.0,,,,,,Valentine_XI
f7f1,30.0,100.0,1.0,1.0,3.0,2.79,68.0,41.67,0.07,0.06,1.58,1.24,0.0,,,,,,F7F-1
ussr_m4a2_76w_sherman,29.0,100.0,0.0,0.0,3.1,5.6,127.0,59.85,0.0,0.0,5.24,5.45,0.0,,,,,,M4A2
fw-190a-1,30.0,80.77,6.5,8.23,1.31,1.69,12.0,50.0,0.5,1.0,0.5,1.0,0.0,,,,,,Fw_190_A-1
it_leopard_2a4,28.0,50.0,0.0,0.0,2.89,5.79,177.0,48.51,0.0,0.0,2.39,1.52,0.0,,,,,,◔Leopard_2A4
sb_2m_105,31.0,97.83,0.0,0.0,2.83,2.73,0.0,,,,,,0.0,,,,,,SB_2M-105
f-89b,30.0,100.0,2.14,2.38,1.0,0.85,88.0,68.8,0.89,1.76,0.9,1.63,0.0,,,,,,F-89B
germ_leopard_2a4,31.0,100.0,0.0,0.0,3.67,3.21,1172.0,49.55,0.0,0.0,1.6,1.38,21.0,50.0,0.0,0.0,2.0,2.0,Leopard_2A4
us_m5a1_stuart,32.0,50.0,0.0,0.0,1.5,3.0,169.0,50.54,0.0,0.0,4.23,2.16,0.0,,,,,,M5A1
fr_amd_35_sa35,31.0,100.0,0.0,0.0,3.0,1.42,0.0,,,,,,0.0,,,,,,AMD.35_(SA35)
it_breda_52_autocannone,33.0,66.67,0.3,0.1,6.0,5.13,100.0,58.94,0.0,0.0,2.54,2.59,0.0,,,,,,Breda_90/53
ussr_su_100_1945,30.0,95.65,0.0,0.0,1.43,1.34,62.0,0.0,0.0,0.0,3.38,1.88,0.0,,,,,,SU-100
bf-109f-1,28.0,56.67,2.6,6.4,0.0,0.0,27.0,0.0,0.0,0.55,1.0,0.55,0.0,,,,,,Bf_109_F-1
sw_strv_104,31.0,50.0,0.0,0.0,1.5,3.0,164.0,44.89,0.0,0.0,2.27,2.35,0.0,,,,,,Strv_104
it_2s1,33.0,100.0,0.0,0.0,1.0,1.14,40.0,100.0,0.0,0.0,1.2,0.96,0.0,,,,,,◔2S1
germ_flakpanzer_IV_Ostwind_2,32.0,35.71,0.89,1.13,0.36,0.43,423.0,22.17,0.33,0.32,0.11,0.11,5.0,,,,,,Ostwind_II
us_m42_duster,29.0,,,,,,354.0,51.47,0.37,0.31,1.18,0.97,0.0,,,,,,M42
germ_panzerjager_tiger_P_elefant,29.0,100.0,0.0,0.0,7.25,8.13,8.0,,,0.0,,2.0,1.0,100.0,0.0,,2.0,,Elefant
a_10a_early,28.0,,,1.96,,1.39,243.0,61.73,0.78,0.74,4.91,4.58,0.0,,,,,,A-10A
mc-205_serie1,32.0,95.0,10.85,7.22,0.0,0.0,0.0,,,,,,0.0,,,,,,C._205_serie_1
uk_17_pdr_m10_achilles_norfolk_yeomanry,28.0,100.0,0.0,0.0,4.44,4.0,39.0,91.67,0.93,0.38,4.93,2.6,0.0,,,,,,Achilles_(65_Rg.)
jp_st_b1,30.0,100.0,0.0,0.0,1.0,1.12,377.0,65.21,0.0,0.0,2.44,1.72,0.0,,,,,,STB-2
us_m19,28.0,20.83,0.23,0.34,0.3,0.44,77.0,10.34,0.66,0.38,2.79,2.08,0.0,,,,,,M19A1
fr_crotale_ng,29.0,17.39,1.76,2.63,0.83,1.0,14.0,,,,,,0.0,,,,,,ItO_90M
sw_bkan_1c,26.0,42.86,1.71,3.0,0.43,0.86,273.0,37.91,0.36,0.19,1.77,1.25,0.0,,,,,,Bkan_1C
uk_concept3_ngac,30.0,100.0,0.0,0.0,4.5,4.33,258.0,46.41,0.0,0.0,1.77,1.06,0.0,,,,,,Concept_3
d_520,29.0,100.0,2.83,2.17,0.0,0.0,0.0,,,,,,0.0,,,,,,D.520
f-84g_thailand,27.0,,,0.0,,1.0,24.0,71.93,0.27,0.53,0.97,1.37,0.0,,,,,,F-84G-21-RE
fr_amx_13_75,29.0,35.71,0.0,0.0,1.93,3.0,262.0,55.93,0.0,0.0,1.26,1.41,0.0,,,,,,AMX-13
boomerang_mki,29.0,100.0,2.0,1.41,0.0,0.0,0.0,,,,,,0.0,,,,,,Boomerang_Mk_I
d_521,29.0,100.0,1.93,1.93,0.0,0.0,0.0,,,,,,0.0,,,,,,D.521
boomerang_mkii,29.0,100.0,1.0,1.0,0.0,0.0,0.0,,,,,,0.0,,,,,,Boomerang_Mk_II
fr_arl_44,29.0,100.0,0.0,0.0,2.08,2.08,198.0,51.31,0.0,0.0,2.73,2.25,0.0,,,,,,ARL-44
cn_type_97_kai,27.0,,,0.0,,1.33,0.0,,,,,,0.0,,,,,,Chi-Ha_Kai_(China)
cn_pt_76,29.0,,,0.0,,0.48,0.0,,,,,,0.0,,,,,,PT-76_(China)
us_adats_bradley,28.0,13.46,0.13,0.23,0.0,0.0,665.0,50.28,0.7,0.57,0.34,0.27,7.0,0.0,1.0,1.0,0.0,0.0,ADATS
ussr_t_72b3_arena,27.0,,,0.0,,0.68,448.0,48.37,0.0,0.0,1.73,1.5,13.0,100.0,0.0,0.0,2.0,2.0,"Т-72Б3_""Арена"""
uk_ac1_sentinel,26.0,100.0,0.0,0.0,0.15,0.08,0.0,,,,,,0.0,,,,,,A.C.I
vg_33,27.0,100.0,8.0,,0.0,,22.0,100.0,1.0,0.82,0.0,0.0,0.0,,,,,,V.G.33C-1
yak-3_france,29.0,100.0,11.04,5.59,0.0,0.0,128.0,62.02,1.93,3.63,0.89,1.48,18.0,,,,,,Yak-3
pe-3_early,28.0,100.0,1.12,1.08,2.76,2.96,0.0,,,,,,0.0,,,,,,Pe-3_(e)
germ_pzkpfw_III_ausf_B,26.0,100.0,0.0,,2.92,,38.0,78.13,0.0,0.0,2.16,1.72,0.0,,,,,,Pz.III_B
a-26b_10,26.0,100.0,0.0,0.0,4.43,3.92,0.0,,,,,,0.0,,,,,,A-26B-10
uk_m4a5_ram_2,27.0,,,,,,33.0,61.91,0.0,0.0,1.79,2.23,0.0,,,,,,Ram_II
sw_strv_m39,28.0,,,,,,0.0,,,,,,0.0,,,,,,Strv_m/39
pe-2-110,26.0,100.0,0.79,0.44,3.79,3.52,0.0,,,,,,0.0,,,,,,Pe-2-110
fr_jaguar_ebrc,24.0,50.0,0.5,0.5,2.5,2.5,295.0,70.41,0.0,0.0,2.19,1.32,0.0,,,,,,EBRC_Jaguar
fokker_d23,27.0,100.0,2.5,3.07,0.0,0.0,0.0,,,,,,0.0,,,,,,◗Fokker_D.XXIII
spitfire_mk9c_iaf,27.0,,,1.76,,0.0,15.0,100.0,3.0,3.0,0.0,2.0,0.0,,,,,,Spitfire_Mk_IXc_(Israel)
sm_92,27.0,100.0,1.0,1.33,0.0,0.56,35.0,50.0,0.5,1.0,0.0,0.0,0.0,,,,,,SM.92
uk_a30_challenger,30.0,25.0,0.05,0.05,2.13,1.86,122.0,52.22,0.0,0.0,2.11,1.58,0.0,,,,,,Challenger
me-410a-1_u2,27.0,,,0.81,,0.0,4.0,,,0.0,,0.0,0.0,,,,,,Me_410_A-1/U2
fr_amx_50,31.0,81.82,0.0,0.0,2.27,1.74,342.0,82.21,0.0,0.0,4.1,3.78,0.0,,,,,,AMX-50_(TOA100)
f9f-2,26.0,,,0.0,,0.88,22.0,,,0.42,,0.0,0.0,,,,,,F9F-2
mig-19j_6a,28.0,78.57,1.02,1.59,0.12,0.3,15.0,100.0,3.43,,0.0,,0.0,,,,,,J-6A
germ_kanonenjagdpanzer,25.0,100.0,0.0,0.0,2.0,1.0,202.0,16.17,0.0,0.0,2.42,0.94,27.0,0.0,0.0,0.0,1.0,1.0,JPz_4-5
cn_m55,26.0,28.57,0.0,0.0,1.29,1.86,12.0,,,,,,0.0,,,,,,M55_(China)
uk_centurion_mk_5_avre_era,25.0,50.0,0.0,0.0,1.0,1.25,57.0,50.0,0.0,0.0,1.0,1.0,0.0,,,,,,Centurion_Mk.5_AVRE
cn_t_62,26.0,,,,,,18.0,,,,,,0.0,,,,,,Т-62_№545
germ_sppz2_luchs_a2,27.0,0.0,0.0,0.0,1.0,1.0,71.0,0.0,0.13,0.16,0.0,0.2,0.0,,,,,,Luchs_A2
f-80,26.0,,,,,,13.0,,,,,,0.0,,,,,,F-80C-10
saab_j29f,28.0,50.0,6.0,12.0,0.0,0.0,3.0,50.0,0.5,1.0,1.5,3.0,0.0,,,,,,J29F
us_t32e1,26.0,50.0,0.0,0.0,3.0,3.0,87.0,31.06,0.0,0.0,1.94,1.95,0.0,,,,,,T32E1
us_m26_t99,27.0,60.0,0.4,1.0,3.57,4.08,48.0,80.6,0.0,0.0,4.08,4.35,0.0,,,,,,M26_T99
pe-2-359,25.0,100.0,0.55,0.44,5.25,4.72,0.0,,,,,,0.0,,,,,,Pe-2-359
germ_leopard_2a4m_can,25.0,,,0.0,,2.0,1408.0,46.87,0.0,0.0,1.72,1.48,0.0,,,,,,Leopard_2A4M
us_m48a1_patton_III,26.0,50.0,0.0,0.0,1.5,1.5,159.0,49.89,0.0,0.0,1.24,1.39,0.0,,,,,,M48A1
cn_object_211,28.0,50.0,0.0,0.0,2.0,2.0,76.0,60.0,0.0,0.0,1.4,0.7,0.0,,,,,,Object_211
ussr_is_3,25.0,50.0,0.0,0.0,1.14,2.56,203.0,59.66,0.0,0.0,3.12,2.5,0.0,,,,,,IS-3
me-262a-1a_u4,26.0,66.67,0.63,2.13,2.3,0.99,751.0,57.39,0.42,0.61,1.67,2.43,0.0,,,,,,Me_262_A-1/U4
su-7bkl,24.0,0.0,1.0,0.89,1.0,0.95,93.0,0.0,0.81,0.65,1.37,1.07,0.0,,,,,,Su-7BKL
sw_leopard_2a4_fin,25.0,48.0,0.0,0.0,1.0,1.96,351.0,56.98,0.0,0.0,1.93,1.54,0.0,,,,,,Leopard_2A4
p-47d_30_italy,29.0,83.33,4.17,3.64,1.67,1.11,88.0,54.84,0.42,0.46,0.8,0.93,0.0,,,,,,P-47D-30
us_m8_scott,27.0,100.0,0.0,0.0,1.45,1.9,1.0,,,0.0,,1.0,0.0,,,,,,M8_HMC
f2g-1,27.0,100.0,1.0,,0.0,,202.0,48.0,0.66,0.54,3.0,2.19,0.0,,,,,,F2G-1
bf-109f-4_usa,26.0,96.15,2.5,2.58,0.0,0.0,46.0,50.0,0.63,1.25,0.79,1.58,0.0,,,,,,Bf_109_F-4
il_amx_13_75,26.0,50.0,0.0,0.0,0.0,1.54,143.0,50.0,0.0,0.0,3.41,1.17,0.0,,,,,,AMX-13_(Israel)
sw_strv_121,25.0,48.0,0.0,0.0,0.92,1.76,602.0,48.09,0.0,0.0,1.55,1.31,0.0,,,,,,Strv_121
mig_23m,27.0,,,1.57,,0.0,11.0,100.0,1.0,1.22,0.0,0.0,0.0,,,,,,MiG-23M
germ_m55,27.0,100.0,0.0,0.0,1.0,1.0,74.0,0.0,0.0,0.0,3.5,0.92,0.0,,,,,,◄M55
p-47d_22_re,25.0,,,0.0,,0.0,29.0,100.0,0.89,0.89,0.44,0.44,0.0,,,,,,P-47D-22-RE
us_xm1_chrysler,22.0,100.0,0.0,0.0,8.0,8.0,1502.0,70.61,0.0,0.0,4.73,3.59,0.0,,,,,,XM1_(Chrysler)
j_8b,27.0,100.0,5.77,3.32,0.0,0.0,37.0,59.52,2.28,4.52,0.0,0.0,0.0,,,,,,J-8B
hunter_f58_switzerland,25.0,100.0,12.0,4.57,0.0,0.0,303.0,67.87,2.22,2.66,1.88,2.2,0.0,,,,,,◌Hunter_F.58
su_25,25.0,66.67,1.0,0.95,1.13,1.76,381.0,51.57,0.82,0.78,1.74,1.65,0.0,,,,,,Su-25
pe-8_m82,25.0,100.0,0.0,0.0,2.21,2.21,16.0,4.76,0.04,0.07,0.0,0.0,0.0,,,,,,Pe-8
us_mbt_70,23.0,100.0,0.0,0.0,2.53,2.53,1798.0,59.61,0.0,0.0,1.78,1.54,0.0,,,,,,MBT-70
saab_a21rb,23.0,,,1.0,,0.07,11.0,100.0,1.0,1.0,1.0,1.0,0.0,,,,,,A21RB
il_zsu_23_4,25.0,,,,,,84.0,58.33,0.58,1.0,0.0,0.0,0.0,,,,,,ZSU-23-4_(Israel)
jp_type_75,27.0,39.58,0.38,0.69,0.66,1.19,514.0,64.13,0.19,0.18,1.7,1.36,0.0,,,,,,Type_75_SPH
fr_amx_13_dca_40,23.0,,,0.17,,0.0,222.0,69.05,0.08,0.08,1.34,1.33,0.0,,,,,,AMX-13_DCA_40
fr_amx_elc_bis,26.0,50.0,0.0,0.0,0.88,1.18,348.0,58.98,0.0,0.0,1.52,1.53,0.0,,,,,,ELC_bis
mig-21_smt,26.0,100.0,1.36,1.23,0.0,0.0,119.0,78.5,3.74,3.11,0.42,0.32,0.0,,,,,,MiG-21SMT
f-86a-5,25.0,,,0.0,,0.0,65.0,50.98,0.97,1.79,0.83,1.2,0.0,,,,,,F-86A-5
jp_type_1_chi_he,25.0,,,,,,157.0,100.0,0.0,0.0,5.06,2.19,0.0,,,,,,Chi-He
fr_leclerc_s2,26.0,0.0,0.0,0.0,1.0,0.17,152.0,48.39,0.0,0.0,3.38,2.91,0.0,,,,,,Leclerc_S2
germ_sdkfz_6_2_flak36,21.0,100.0,1.0,1.0,11.0,11.0,20.0,,,,,,0.0,,,,,,Sd.Kfz._6/2
us_ccvl,22.0,100.0,0.0,0.0,8.0,4.0,46.0,,,0.0,,3.24,0.0,,,,,,CCVL
beaufighter_mk6c,24.0,100.0,1.18,2.0,3.0,3.0,19.0,,,0.0,,1.0,0.0,,,,,,Beaufighter_Mk_VIc
la-15,24.0,50.0,3.0,3.0,1.0,1.0,11.0,,,0.0,,0.0,0.0,,,,,,La-15
alpha_jet_a_thailand,24.0,50.0,1.0,1.0,2.5,2.5,192.0,74.89,0.3,0.26,2.42,2.09,8.0,,,1.0,,2.0,Alpha_Jet_A
fiat_g91_y,24.0,100.0,8.0,2.7,0.0,0.0,86.0,100.0,4.1,,0.5,,0.0,,,,,,G.91_Y
us_m46_patton_73_armor_bat,24.0,50.0,0.0,0.0,1.5,3.0,338.0,66.1,0.02,0.02,3.32,2.51,0.0,,,,,,"M46_""Tiger"""
germ_flarakpz_1,25.0,0.0,1.0,,0.0,,107.0,61.29,1.54,1.6,0.0,0.0,0.0,,,,,,FlaRakPz_1
er-2_m105r_lu2b,23.0,100.0,0.0,0.0,3.79,3.09,0.0,,,,,,0.0,,,,,,Yer-2_(M-105R)_LU
fr_tpk_641_vpc,24.0,100.0,1.0,,0.0,,65.0,86.67,0.0,0.7,0.72,0.13,0.0,,,,,,TPK_6.41
fiat_g91_ys,24.0,100.0,4.0,1.3,0.0,0.0,94.0,90.32,1.51,3.98,1.86,2.93,0.0,,,,,,G.91_YS
cn_lvt_4_zis_2,24.0,,,0.0,,1.0,10.0,,,0.0,,0.2,0.0,,,,,,LVT(A)(4)_(ZiS-2)
germ_raketenjagdpanzer_2_hot,27.0,50.0,0.0,0.0,1.5,1.0,122.0,34.19,0.0,0.0,0.61,0.43,0.0,,,,,,RakJPz_2_(HOT)
ki_61_1a_otsu,25.0,33.33,0.83,1.32,0.67,0.27,53.0,66.67,0.3,0.5,1.0,1.5,0.0,,,,,,Ki-61-I_otsu
ffvs_j22_a,24.0,100.0,1.25,1.25,0.0,0.0,0.0,,,,,,0.0,,,,,,J22-A
a_5c,25.0,50.0,0.5,1.0,0.0,0.0,57.0,23.08,0.81,0.93,1.54,2.0,0.0,,,,,,A-5C
us_m22_locust,22.0,,,0.0,,1.5,152.0,28.28,0.0,0.0,2.82,1.52,0.0,,,,,,M22
us_rdf_lt,24.0,,,0.0,,0.08,1051.0,57.84,0.1,0.1,1.55,1.42,0.0,,,,,,RDF/LT
saab_t18b_1,24.0,,,0.58,,2.08,13.0,,,1.0,,0.0,0.0,,,,,,T18B
germ_pzkpfw_e_100,21.0,100.0,0.0,0.0,6.91,6.0,1.0,100.0,0.0,0.0,9.0,9.0,0.0,,,,,,E-100
cn_ztz_96a_prot,26.0,100.0,0.0,0.0,5.5,3.26,404.0,57.12,0.0,0.0,2.45,1.77,35.0,100.0,0.0,0.0,1.67,1.0,ZTZ96A_(P)
er-2_m105_mv3,24.0,100.0,0.0,0.0,7.0,6.59,12.0,0.0,0.0,0.0,0.0,0.0,0.0,,,,,,Yer-2_(M-105)
firefly_mk1,25.0,100.0,1.63,1.63,5.38,5.38,0.0,,,,,,0.0,,,,,,Firefly_F_Mk_I
ki_43_2,22.0,,,,,,30.0,91.23,0.0,0.0,1.03,1.31,0.0,,,,,,Ki-43-II
germ_sdkfz_222,23.0,100.0,0.0,0.0,3.57,3.57,113.0,67.5,0.0,0.0,2.55,1.54,0.0,,,,,,Sd.Kfz.222
il_machbet,24.0,0.0,1.65,1.65,0.0,0.0,53.0,22.55,0.31,0.31,0.0,0.0,0.0,,,,,,Machbet
uk_sp_17_pdr_valentine,22.0,50.0,0.5,1.0,0.5,1.0,0.0,,,,,,0.0,,,,,,Archer
bf2c_1,24.0,0.0,1.35,1.0,1.0,0.78,19.0,,,0.0,,0.0,0.0,,,,,,BF2C-1
germ_sturmmorser_sturmtiger,22.0,,,0.0,,1.26,28.0,50.0,0.0,0.0,0.9,1.21,0.0,,,,,,38_cm_Sturmmörser
us_m4a3e2_sherman_jumbo,24.0,100.0,0.0,0.0,3.0,3.0,476.0,60.86,0.0,0.0,2.38,2.24,0.0,,,,,,M4A3E2
f-4jk,22.0,100.0,2.0,1.77,0.0,0.0,41.0,81.58,0.39,0.29,0.0,0.0,0.0,,,,,,F-4J(UK)_Phantom_II
av_8c,21.0,50.0,1.1,1.38,0.5,0.81,19.0,,,0.0,,3.47,0.0,,,,,,AV-8C
cn_type_62,22.0,,,0.0,,1.23,136.0,59.79,0.0,0.0,1.42,1.17,20.0,,,0.0,,1.0,Type_62
spitfire_ix_early,25.0,100.0,2.33,4.62,2.0,3.69,117.0,73.0,1.4,2.33,1.2,2.2,0.0,,,,,,Spitfire_F_Mk_IX
cn_t_26_1940,24.0,,,0.0,,2.0,19.0,,,0.0,,0.0,0.0,,,,,,T-26_(China)
germ_pzkpfw_38t_Aufklarungspanzer,23.0,100.0,0.0,0.0,1.0,1.0,24.0,,,0.0,,1.0,0.0,,,,,,Sd.Kfz._140/1
ussr_pantsyr_sm_sv,24.0,100.0,1.53,1.71,0.0,0.0,792.0,52.03,1.41,1.2,0.18,0.16,1.0,,,,,,Панцирь_СМ-СВ
us_m44,25.0,,,0.0,,2.78,124.0,64.52,0.0,0.0,2.27,1.45,0.0,,,,,,M44
germ_leopard_2pl,23.0,,,0.0,,0.91,810.0,36.22,0.0,0.0,1.64,1.36,13.0,0.0,0.0,0.0,1.0,0.04,Leopard_2_PL
fr_m4a1_sherman,20.0,,,0.0,,2.71,54.0,100.0,0.0,0.0,4.57,3.11,0.0,,,,,,M4A1
p-63c-5_france,23.0,67.39,0.33,1.0,1.22,0.0,145.0,88.68,0.52,0.52,1.99,1.94,0.0,,,,,,P-63C-5
germ_raketenjagdpanzer_2,22.0,,,0.0,,0.0,27.0,0.0,0.0,0.0,1.4,0.68,0.0,,,,,,RakJPz_2
us_m4a1_1942_sherman,23.0,100.0,0.0,0.0,1.5,1.4,56.0,87.5,0.0,0.0,2.63,1.34,0.0,,,,,,M4A1
sw_pvrbv_551,22.0,0.0,0.0,0.0,1.0,1.0,82.0,40.0,0.0,0.0,0.93,0.96,0.0,,,,,,Pvrbv_551
us_m1_abrams_kvt,22.0,,,0.0,,0.0,985.0,58.02,0.0,0.0,2.65,2.12,0.0,,,,,,M1_KVT
ki_100_2,23.0,,,0.13,,0.0,89.0,80.38,0.68,0.77,1.43,1.49,0.0,,,,,,Ki-100-II
ki_61_1a_hei_ep,23.0,50.0,2.5,5.0,0.0,0.0,4.0,,,0.0,,0.0,7.0,,,,,,Tada's_Ki-61-I_hei
uk_a_13_mk2_1939,19.0,,,,,,10.0,,,,,,0.0,,,,,,A13_Mk_II_1939
su-2_tss1,23.0,100.0,1.0,0.24,4.5,2.29,0.0,,,,,,0.0,,,,,,Su-2_TSS-1
spitfire_f22,23.0,100.0,3.0,3.0,0.0,0.0,28.0,50.0,1.22,1.62,0.96,1.33,0.0,,,,,,Spitfire_F_Mk_22
us_m10_booker_late,22.0,,,0.0,,2.0,540.0,63.9,0.0,0.0,2.0,1.51,0.0,,,,,,M10_Booker
us_xm_8,22.0,100.0,0.0,0.0,3.0,3.0,13.0,,,0.0,,5.23,0.0,,,,,,XM8
sw_pvkv_m43_1963,20.0,50.0,0.0,0.0,2.5,4.7,43.0,,,0.0,,1.0,0.0,,,,,,Pvkv_m/43_(1963)
la-7b-20,22.0,100.0,3.5,,2.88,,79.0,44.28,1.1,1.1,0.61,0.61,0.0,,,,,,La-7B-20
firefly_mk5,24.0,100.0,1.08,1.08,9.58,9.58,14.0,100.0,0.0,,1.0,,0.0,,,,,,Firefly_FR_Mk_V
l_39za_art_thailand,21.0,100.0,1.0,1.62,1.63,0.81,1023.0,71.58,0.25,0.3,3.85,4.52,0.0,,,,,,L-39ZA/ART_Albatros
fr_leopard_1a5be,21.0,,,0.0,,2.0,165.0,57.56,0.0,0.0,2.33,1.95,1.0,,,0.0,,0.0,Leopard_1A5BE
sw_pvkv_iv,22.0,,,0.0,,2.0,42.0,,,0.0,,0.6,0.0,,,,,,Pvkv_IV
ki_61_2_early,21.0,50.0,1.0,1.88,0.5,1.13,13.0,,,,,,0.0,,,,,,Ki-61-II_Otsu_Kai
sw_strf_9056,22.0,,,0.0,,1.0,170.0,49.57,0.08,0.07,1.07,0.92,0.0,,,,,,Strf_9040_BILL
p-39q_25_france,22.0,,,,,,64.0,96.3,0.69,0.85,0.96,1.2,7.0,,,1.0,,0.0,P-39Q-25
mig-17_cuba,22.0,100.0,1.36,1.36,0.0,0.0,43.0,34.26,1.59,2.34,0.58,0.79,0.0,,,,,,MiG-17AS
us_m60a3_slep,22.0,,,,,,2.0,,,0.0,,1.0,0.0,,,,,,M60_AMBT
me-410b-1_u2,20.0,94.44,0.94,0.94,0.33,0.33,0.0,,,,,,0.0,,,,,,Me_410_B-1/U2
uk_challenger_1,19.0,100.0,0.0,0.0,5.0,2.25,183.0,28.89,0.0,0.0,6.67,2.27,1.0,,,0.0,,0.0,Challenger_Mk.2
i-16_type27,21.0,100.0,4.0,1.97,0.0,0.0,10.0,100.0,2.0,,6.0,,0.0,,,,,,I-16_type_27
uk_sherman_vc_firefly_kit_3rank,19.0,100.0,0.0,0.0,2.0,1.38,56.0,100.0,0.0,0.0,2.25,1.0,0.0,,,,,,Firefly_(Overlord)
cn_type_63_I,22.0,100.0,0.0,0.0,1.0,1.0,56.0,40.47,0.0,0.0,0.44,0.55,0.0,,,,,,Type_63-I
p-51c-10-nt,21.0,,,,,,104.0,42.47,0.79,0.75,0.82,0.81,0.0,,,,,,P-51C-10
ta-152h-1,24.0,65.0,1.3,2.0,0.0,0.0,105.0,59.68,1.74,3.67,0.39,0.88,0.0,,,,,,Ta_152_H-1
ussr_pt_76_57,22.0,100.0,0.0,0.0,1.0,1.0,67.0,45.45,0.0,0.0,6.59,3.66,18.0,,,0.0,,3.46,PT-76-57
fw-190a-5_cannons,24.0,0.0,1.5,1.58,0.0,0.0,0.0,,,,,,0.0,,,,,,Fw_190_A-5
germ_marder_1a1,23.0,100.0,0.0,0.0,0.0,0.0,546.0,35.39,0.01,0.01,0.65,0.61,0.0,,,,,,Marder_A1-
germ_wiesel_1_mk20,23.0,54.35,0.0,0.0,0.0,0.0,927.0,41.52,0.23,0.18,0.75,0.61,0.0,,,,,,Wiesel_1A4
morko_morane,23.0,100.0,12.86,12.86,0.0,0.0,24.0,44.74,0.5,1.0,0.45,0.89,0.0,,,,,,Mörkö-Morane
p-51c-11-nt_china,22.0,,,1.0,,0.73,26.0,100.0,2.0,1.0,0.0,0.31,0.0,,,,,,P-51C-11-NT_(China)
hurricanemkii_ussr,21.0,100.0,4.94,5.0,0.78,2.0,0.0,,,,,,0.0,,,,,,Hurricane_Mk_IIB
bf_109t_2,23.0,100.0,2.53,3.42,2.68,3.67,48.0,59.38,0.69,1.19,1.28,2.19,0.0,,,,,,Bf_109_T-2
ussr_kv_2_1940,20.0,,,0.0,,3.0,4.0,,,,,,0.0,,,,,,KV-2_(1940)
jp_type_89b_i_go_otsu,21.0,100.0,0.0,,4.0,,2.0,,,,,,0.0,,,,,,I-Go_Ko
jp_type_4_ho_ro,21.0,,,,,,8.0,,,0.0,,0.0,0.0,,,,,,Ho-Ro
ki_61_1a_ko,22.0,,,1.33,,0.0,0.0,,,,,,0.0,,,,,,Ki-61-I_ko
mig_23mld,21.0,50.0,0.75,1.62,0.0,0.0,300.0,73.86,3.27,9.28,0.02,0.02,85.0,0.0,9.0,2.68,0.0,0.0,MiG-23MLD
germ_vilkas,20.0,50.0,0.0,0.0,0.78,1.55,169.0,53.87,0.0,0.0,0.74,0.88,0.0,,,,,,Vilkas
bf-109b_2,21.0,,,2.67,,0.0,0.0,,,,,,0.0,,,,,,Bf_109_B-1
il_zsu_57_2,23.0,0.0,0.0,0.0,2.0,1.0,63.0,50.0,0.0,0.0,1.7,1.14,0.0,,,,,,ZSU-57-2_(Israel)
saab_a21a_3,20.0,,,1.57,,0.0,63.0,12.18,1.06,0.93,2.44,2.22,0.0,,,,,,A21A-3
mig_3_series_34,21.0,,,3.38,,0.0,0.0,,,,,,0.0,,,,,,MiG-3-34
sw_pvkv_m43_1946,22.0,,,0.0,,1.57,0.0,,,,,,0.0,,,,,,Pvkv_m/43_(1946)
a5m4,20.0,50.0,1.0,2.0,0.0,0.0,0.0,,,,,,0.0,,,,,,A5M4
f_16c_block_52_aesa,23.0,14.29,1.14,1.05,0.0,0.0,411.0,54.77,0.86,1.04,1.15,1.41,30.0,,,0.15,,0.17,F-16CM_PoBIT
me-410b-2_u4,20.0,27.5,0.73,1.0,0.0,0.0,0.0,,,,,,0.0,,,,,,Me_410_B-2/U4
mig-19s,20.0,,,0.0,,0.0,0.0,,,,,,0.0,,,,,,◊MiG-19S
sw_a_34_comet,22.0,,,,,,68.0,18.33,0.0,0.0,0.86,0.86,0.0,,,,,,Comet_I
do_217e_4,23.0,,,,,,0.0,,,,,,0.0,,,,,,Do_217_E-4
saab_jas39d,20.0,,,1.65,,0.0,149.0,57.14,1.27,0.79,0.22,0.14,4.0,,,3.0,,1.0,JAS39D
it_c1_ariete_preserie,18.0,83.33,0.0,0.0,3.17,4.08,204.0,56.08,0.0,0.0,2.21,1.95,0.0,,,,,,Ariete_(P)
uk_daimler_mk_2,19.0,,,0.0,,3.22,34.0,,,0.0,,0.87,0.0,,,,,,Daimler_Mk_II
jp_type_93,19.0,100.0,1.0,1.0,1.0,1.0,87.0,12.86,0.97,0.87,0.0,0.0,0.0,,,,,,Type_93
us_m4a5_ram_2,23.0,61.11,0.0,0.0,2.56,2.75,4.0,,,0.0,,2.0,0.0,,,,,,M4A5
lagg-3-11,19.0,100.0,3.0,3.0,0.0,0.0,0.0,,,,,,0.0,,,,,,LaGG-3-11
su-6_m71,23.0,77.08,0.73,0.27,2.46,1.69,53.0,,,0.0,,1.66,0.0,,,,,,Su-6_(M-71F)
uk_crusader_mk_2,19.0,,,0.0,,4.0,29.0,,,0.0,,1.0,0.0,,,,,,Crusader_II
ussr_kv_2_1939,20.0,,,,,,75.0,25.0,0.0,0.0,1.51,1.52,0.0,,,,,,KV-2_(1939)
sw_strv_m31,21.0,100.0,0.0,0.0,4.0,4.1,0.0,,,,,,0.0,,,,,,Strv_m/31
cn_t_80ud_478be,21.0,100.0,0.0,0.0,2.0,2.0,159.0,58.28,0.0,0.0,2.09,1.74,0.0,,,,,,T-80UD/BE
bf-109c_1,21.0,,,1.0,,1.0,0.0,,,,,,0.0,,,,,,Bf_109_C-1
bv-155b-1,21.0,100.0,1.0,1.0,0.0,0.0,3.0,,,2.0,,1.0,0.0,,,,,,BV_155_B-1
yak-3p,21.0,100.0,2.75,2.62,0.0,0.0,136.0,71.43,5.21,4.01,1.6,1.13,17.0,,,2.0,,0.0,Yak-3P
su-7b,18.0,,,0.0,,1.0,83.0,33.33,0.3,0.4,0.35,0.61,0.0,,,,,,Su-7B
p-40e,19.0,,,2.0,,0.0,46.0,61.54,0.77,0.46,0.46,0.32,0.0,,,,,,P-40E-1
il_magach_2,18.0,50.0,0.0,0.0,1.61,3.22,0.0,,,,,,0.0,,,,,,Magach_2
mig-21_f13,19.0,,,1.05,,0.11,35.0,38.89,1.8,1.8,0.0,0.0,0.0,,,,,,MiG-21F-13
sw_stormpjas_fm43_44,18.0,,,0.0,,4.0,0.0,,,,,,0.0,,,,,,Spj_fm/43-44
fr_amx_10rc,20.0,,,,,,211.0,49.28,0.0,0.0,1.72,1.49,0.0,,,,,,AMX-10RC
uk_challenger_mk_3,20.0,,,,,,122.0,59.85,0.0,0.0,3.25,2.28,1.0,50.0,0.0,0.0,0.5,1.0,Challenger_Mk.3
germ_m109g,22.0,0.0,0.0,0.0,1.0,0.77,169.0,34.35,0.04,0.03,0.97,1.05,0.0,,,,,,M109G
f-86f-2,21.0,,,0.0,,0.0,71.0,98.92,4.38,6.28,0.86,1.35,0.0,,,,,,F-86F-2
us_m8a1,17.0,100.0,0.0,0.0,9.0,9.0,41.0,,,0.0,,2.45,0.0,,,,,,M8A1_GMC
uk_sarc_mk4_a,18.0,,,,,,0.0,,,,,,0.0,,,,,,SARC_MkIVa
sw_bt_42,21.0,95.0,0.0,0.0,5.1,5.3,13.0,,,0.0,,1.0,0.0,,,,,,BT-42
us_m10,21.0,100.0,0.0,0.0,8.0,8.0,109.0,30.91,0.0,0.0,0.98,1.13,0.0,,,,,,M10_GMC
it_leopard_1a5,17.0,100.0,0.0,0.0,3.13,3.13,58.0,84.13,0.0,0.0,2.46,2.21,5.0,,,0.0,,1.0,Leopard_1A5
mig_29_9_12,17.0,84.62,0.85,0.85,0.0,0.0,23.0,50.0,0.5,0.64,0.0,0.27,4.0,,,1.0,,0.0,МиГ-29_(9-12)
he_112b_0,20.0,100.0,1.67,1.56,0.0,0.0,22.0,,,,,,0.0,,,,,,He_112_B-0
f_15a,19.0,100.0,0.0,0.0,1.0,1.0,148.0,58.25,1.23,1.67,0.2,0.27,0.0,,,,,,F-15A
ussr_object_120,20.0,50.0,0.0,0.0,1.5,1.17,33.0,,,0.0,,2.88,0.0,,,,,,Object_120
germ_panzerjager_nashorn,22.0,22.22,0.0,0.0,2.56,2.56,129.0,20.96,0.0,0.0,2.26,1.37,0.0,,,,,,Nashorn
us_t86,18.0,,,0.0,,1.33,80.0,71.43,0.0,0.0,1.92,2.01,0.0,,,,,,T86
germ_pzkpfw_38t_Marder_III_ausf_H,18.0,,,0.0,,1.0,42.0,0.0,0.0,0.0,0.76,0.69,0.0,,,,,,Marder_III_H
su_25tm,16.0,100.0,3.0,1.5,9.0,4.5,508.0,64.9,0.43,0.56,2.61,3.3,9.0,,,1.0,,1.0,Su-39
bf-109g-2_hungary,19.0,,,6.21,,0.0,40.0,100.0,1.74,2.05,0.79,0.75,0.0,,,,,,◐Bf_109_G-2
jp_type_97_chi_ha_12cm,18.0,100.0,0.0,,11.59,,29.0,100.0,0.0,0.0,2.95,2.95,0.0,,,,,,Chi-Ha_Short_Gun
sw_ikv_73,17.0,100.0,0.0,0.0,5.0,4.94,20.0,,,0.0,,1.0,0.0,,,,,,Ikv_73
cn_al_khalid_1,16.0,50.0,0.0,0.0,3.0,3.0,1034.0,51.2,0.0,0.0,1.99,1.6,38.0,87.3,0.0,0.0,1.11,1.11,Al-Khalid-I
cn_m8_greyhound,17.0,100.0,0.0,,1.18,,33.0,100.0,0.0,0.0,6.0,1.56,0.0,,,,,,M8_LAC_(China)
su-2_mv5,17.0,100.0,1.12,1.12,4.53,4.53,2.0,,,,,,0.0,,,,,,Su-2_MV-5
ussr_zis_43,19.0,100.0,1.0,1.0,1.37,1.37,0.0,,,,,,0.0,,,,,,ZiS-43
cn_ztz_96b,16.0,50.0,0.0,0.0,1.5,3.0,831.0,63.9,0.0,0.0,2.99,2.51,0.0,,,,,,ZTZ96B
f-105d,19.0,,,0.0,,2.5,21.0,33.33,0.95,0.63,0.0,0.0,3.0,,,,,,F-105D
sw_leopard_2a6nl,19.0,50.0,0.0,0.0,1.79,3.57,161.0,51.61,0.0,0.0,2.64,2.17,0.0,,,,,,Leopard_2A6
ussr_t_72b3_2011,17.0,50.0,0.0,0.0,1.5,2.33,1174.0,53.29,0.0,0.0,2.02,1.71,0.0,,,,,,T-72B3
germ_mkpz_super_m48,21.0,50.0,0.0,0.0,1.06,0.88,95.0,51.25,0.0,0.0,4.18,3.62,0.0,,,,,,M48_Super
ussr_isu_122s,19.0,,,0.0,,1.79,4.0,,,,,,0.0,,,,,,ISU-122S
germ_pzsfl_IVa_dickermax,19.0,,,,,,0.0,,,,,,0.0,,,,,,Dicker_Max
fiat_g91_r4_german,18.0,,,1.0,,0.0,88.0,60.46,1.3,1.83,0.92,1.25,0.0,,,,,,◄G.91_R/4
jp_type_74_mod_g_kai,19.0,100.0,0.0,0.0,4.0,1.47,450.0,64.25,0.0,0.0,2.61,1.83,0.0,,,,,,Type_74_(G)
f-4k,17.0,,,1.0,,0.0,11.0,50.0,1.5,3.0,0.0,0.0,0.0,,,,,,Phantom_FG.1
sw_lago_1,18.0,100.0,0.0,,1.11,,15.0,50.0,0.0,0.0,1.5,2.63,0.0,,,,,,Lago_I
tornado_f3,17.0,100.0,1.0,1.0,0.0,0.0,79.0,50.0,1.72,1.76,0.42,0.44,7.0,,,1.0,,0.0,Tornado_F.3
ussr_object_685,17.0,,,0.0,,0.0,319.0,49.41,0.0,0.0,1.81,1.86,0.0,,,,,,Object_685
ussr_zsu_23_4m2,18.0,0.0,0.25,0.33,0.0,0.0,77.0,15.54,0.69,0.8,0.16,0.2,0.0,,,,,,ЗСУ-23-4М2
cn_object_122tm,18.0,50.0,0.0,0.0,0.88,1.75,159.0,77.42,0.0,0.0,5.92,2.77,1.0,,,,,,"Object_122MT_""MC"""
f3d_1,18.0,0.0,0.0,0.0,0.17,0.17,61.0,,,0.39,,1.24,1.0,,,0.0,,1.0,F3D-1
bf-109a_1,17.0,,,2.0,,0.0,0.0,,,,,,0.0,,,,,,Flegel's_Bf_109_A
il_merkava_mk_4_lic,16.0,0.0,0.0,0.0,3.0,3.0,34.0,60.72,0.0,0.0,1.54,1.56,0.0,,,,,,Merkava_Mk.4_LIC
cn_type_65_aa,15.0,43.75,1.0,2.0,0.56,1.0,19.0,,,0.0,,1.0,0.0,,,,,,Phòng_không_T-34
sw_t_72m1,20.0,61.91,0.0,0.0,2.14,2.75,548.0,58.09,0.0,0.0,2.21,1.88,0.0,,,,,,T-72M1
he_112v_5,16.0,,,2.56,,0.0,0.0,,,,,,0.0,,,,,,He_112_V-5
he51b1,16.0,,,2.75,,0.0,0.0,,,,,,0.0,,,,,,He_51_B-1
ussr_t_26_1940,17.0,,,,,,4.0,,,,,,0.0,,,,,,T-26
germ_9a35_m,16.0,0.0,2.0,1.44,0.0,0.0,11.0,,,1.0,,0.0,0.0,,,,,,Стрела-10М
mig-17,16.0,,,,,,108.0,69.91,1.55,1.25,1.34,1.1,0.0,,,,,,MiG-17
germ_pzkpfw_35t,18.0,100.0,0.0,,1.78,,48.0,100.0,0.0,0.0,1.8,1.57,0.0,,,,,,Pz.35(t)
it_freccia,16.0,100.0,0.0,0.0,1.0,1.0,1.0,,,0.0,,1.0,0.0,,,,,,Freccia
us_halftrack_m15,16.0,,,0.0,,1.0,5.0,,,,,,0.0,,,,,,M15_CGMC
bf-109g-2_finland,14.0,,,3.67,,1.33,29.0,100.0,3.36,3.36,0.57,0.57,0.0,,,,,,Bf_109_G-2
il-10_1946_hungary,16.0,100.0,1.0,1.0,1.0,0.75,5.0,100.0,0.0,0.0,1.0,1.0,0.0,,,,,,◔IL-10
fr_amx_30_ACRA,18.0,,,,,,40.0,28.95,0.0,0.0,1.87,1.09,0.0,,,,,,AMX-30_ACRA
p-26b_35,17.0,,,1.0,,0.0,0.0,,,,,,0.0,,,,,,P-26B-35
f2a-3,17.0,,,1.0,,0.0,11.0,,,0.0,,0.0,0.0,,,,,,F2A-3
p-26a_33,17.0,50.0,0.74,1.47,0.0,0.0,0.0,,,,,,0.0,,,,,,P-26A-33
p-26a_34_m2,17.0,50.0,1.65,3.29,0.0,0.0,0.0,,,,,,0.0,,,,,,P-26A-34_M2
ussr_is_1_kit_3rank,16.0,,,0.0,,1.08,100.0,51.39,0.0,0.0,0.95,1.12,0.0,,,,,,ИС-1_('45)
cn_ztz_96,18.0,50.0,0.0,0.0,1.0,0.7,319.0,63.8,0.0,0.0,3.37,2.99,0.0,,,,,,ZTZ96
bf-110g-2,18.0,,,0.0,,0.89,11.0,,,0.0,,1.09,0.0,,,,,,Bf_110_G-2
it_m3a3_stuart,18.0,,,0.0,,0.0,17.0,,,,,,0.0,,,,,,M3A3
fa_18c_early,16.0,,,1.0,,0.0,1363.0,53.88,0.85,0.97,0.42,0.48,47.0,,,1.29,,0.16,F/A-18C_Early
mig-15bis_nr23_china,16.0,50.0,5.5,11.0,0.5,1.0,2.0,,,1.0,,0.0,0.0,,,,,,J-2
uk_a27m_cromwell_5_rp3,15.0,,,,,,25.0,100.0,0.0,0.0,3.33,1.28,0.0,,,,,,Cromwell_V_(RP-3)
f1,16.0,50.0,5.0,10.0,0.5,1.0,109.0,70.87,2.91,5.46,0.04,0.06,0.0,,,,,,F-1
germ_pzkpfw_38t_ausf_F,15.0,,,,,,0.0,,,,,,0.0,,,,,,Pz.38(t)_F
ia_58a_pucara,16.0,50.0,3.5,7.0,1.5,3.0,272.0,59.11,1.53,2.19,2.69,3.34,0.0,,,,,,IA.58A_Pucara
f_16am_block_20_mlu_netherlands,16.0,100.0,8.0,4.0,0.0,0.0,157.0,65.67,1.19,1.89,0.9,1.94,17.0,,,2.0,,0.0,◘F-16AM
ju-88a-1,18.0,100.0,0.0,0.0,8.0,4.0,0.0,,,,,,0.0,,,,,,Ju_88_A-1
jp_type_94,15.0,,,,,,6.0,,,,,,0.0,,,,,,Type_94
pe-3,17.0,100.0,0.65,0.65,5.06,5.06,0.0,,,,,,0.0,,,,,,Pe-3
f-86k_late_italy,16.0,50.0,1.5,1.5,0.5,0.5,12.0,50.0,1.0,2.0,0.5,1.0,0.0,,,,,,F-86K
f-86f-40_japan,16.0,50.0,1.0,2.0,1.0,2.0,40.0,100.0,2.31,7.0,1.11,0.0,0.0,,,,,,F-86F-40_
ussr_is_6,16.0,50.0,0.0,0.0,1.67,2.38,68.0,34.0,0.0,0.0,5.02,3.56,4.0,50.0,0.0,0.0,1.0,2.0,IS-6
blenheim_mkiv,16.0,100.0,0.0,0.0,3.0,3.0,0.0,,,,,,0.0,,,,,,Blenheim_Mk_IV
su_25t,16.0,,,1.0,,1.38,162.0,86.95,0.25,0.2,6.0,4.67,0.0,,,,,,Su-25T
germ_flakpanzer_V_Coelian,16.0,,,,,,514.0,56.85,0.79,0.55,3.08,2.12,3.0,50.0,0.0,0.0,2.0,2.0,Flakpanzer_341
sw_leopard_1a5no,15.0,100.0,0.0,0.0,2.27,2.27,463.0,41.16,0.0,0.0,2.48,1.76,0.0,,,,,,Leopard_1A5NO2
uk_a_22b_mk_3_churchill_1942,15.0,,,0.0,,1.4,14.0,50.0,0.0,0.0,1.5,1.5,0.0,,,,,,Churchill_III
jp_type_74_red_star,16.0,,,0.0,,1.0,295.0,51.41,0.0,0.0,2.55,1.57,0.0,,,,,,Type_74_Red_Star
us_m55,19.0,,,0.0,,3.0,16.0,,,0.0,,0.97,0.0,,,,,,M55
cn_ztz_99a,14.0,33.33,0.0,0.0,2.33,3.33,293.0,71.76,0.0,0.0,3.47,2.58,0.0,,,,,,ZTZ99A
uk_fv438_swingfire,18.0,50.0,0.0,0.0,0.5,0.5,179.0,49.48,0.0,0.0,1.55,1.7,0.0,,,,,,Swingfire
uk_conqueror_mk_2,15.0,,,,,,307.0,40.99,0.0,0.0,1.87,1.42,2.0,50.0,0.0,0.0,2.5,5.0,Conqueror
f-89d,16.0,,,,,,80.0,75.77,3.48,8.02,0.01,0.04,0.0,,,,,,F-89D
beaufighter_mk21,14.0,100.0,1.8,1.8,8.4,8.4,14.0,,,0.0,,1.0,0.0,,,,,,Beaufighter_Mk_21
ki_32,13.0,,,0.0,,3.82,0.0,,,,,,0.0,,,,,,Ki-32
germ_flakpanzer_IV_Wirbelwind,17.0,,,,,,386.0,37.96,1.63,0.97,0.32,0.19,0.0,,,,,,Wirbelwind
sw_pvkv_III,15.0,,,,,,18.0,,,0.0,,1.17,0.0,,,,,,Pvkv_III
l_39za,13.0,,,1.08,,2.08,18.0,100.0,0.0,0.0,2.0,1.0,0.0,,,,,,L-39ZA_Albatros
ussr_t_35,16.0,100.0,0.0,0.0,5.0,2.5,0.0,,,,,,0.0,,,,,,T-35
fa_18a_raaf,14.0,100.0,2.0,1.91,0.0,0.0,51.0,19.23,1.36,1.93,0.56,1.12,2.0,,,,,,F/A-18A
jp_type_75_mlrs,16.0,0.0,0.0,0.0,2.0,2.0,20.0,50.0,0.0,0.0,0.5,0.5,0.0,,,,,,Type_75_MLRS
yak-17,13.0,,,1.04,,0.0,0.0,,,,,,0.0,,,,,,Yak-17
us_t30,15.0,,,,,,50.0,31.82,0.0,0.0,2.95,2.26,0.0,,,,,,T30
sm_91,19.0,50.0,1.5,1.17,1.0,1.12,0.0,,,,,,0.0,,,,,,SM.91
us_m1296_dragoon,15.0,,,0.0,,0.0,64.0,96.0,0.0,0.0,1.48,1.02,0.0,,,,,,M1296
uk_a_22_mk_1_churchill_1941,13.0,100.0,1.0,1.0,1.0,1.0,1.0,,,,,,0.0,,,,,,Churchill_I
germ_vt_1_2,12.0,100.0,0.0,0.0,4.0,4.0,37.0,,,0.0,,1.85,0.0,,,,,,VT1-2
su_25k,13.0,,,1.0,,2.0,516.0,65.04,0.45,0.36,2.12,1.67,7.0,,,0.0,,0.0,Su-25K
p-47d,13.0,42.31,0.96,1.0,1.54,1.62,19.0,66.67,0.0,0.24,0.68,0.24,0.0,,,,,,P-47D-25
fr_vcac_mephisto,14.0,,,0.0,,1.0,193.0,39.19,0.0,0.0,1.56,1.42,0.0,,,,,,MEPHISTO
ki_100_early,14.0,,,1.0,,0.0,89.0,86.94,2.13,1.26,4.73,2.34,0.0,,,,,,Ki-100
b_24d,14.0,,,0.0,,1.0,0.0,,,,,,0.0,,,,,,B-24D-25-CO
p-39n_su,15.0,100.0,5.0,2.67,1.0,0.0,22.0,,,1.81,,1.0,0.0,,,,,,Pokryshkin's_P-39N-0
us_m60a3_tts,13.0,50.0,0.0,0.0,0.5,1.0,449.0,46.84,0.0,0.0,1.96,1.43,0.0,,,,,,M60A3_TTS
beaufort_mkviii,14.0,,,0.0,,0.0,0.0,,,,,,0.0,,,,,,Beaufort_Mk_VIII
jp_type_60_sprg,12.0,100.0,0.0,0.0,0.67,0.67,676.0,56.84,0.0,0.0,1.61,1.62,0.0,,,,,,Type_60_SPRG_(C)
hunter_f1,15.0,,,1.0,,2.0,67.0,100.0,2.93,1.04,0.93,0.04,0.0,,,,,,Hunter_F.1
saab_jas39c_south_africa,12.0,100.0,5.73,5.73,0.0,0.0,202.0,53.25,1.0,1.3,0.04,0.04,0.0,,,,,,JAS39C
germ_spz_12_3,13.0,100.0,0.0,0.0,4.0,4.0,27.0,,,0.0,,1.55,0.0,,,,,,SPz_12-3_LGS
j1n1_mod11_early,12.0,100.0,1.18,1.2,2.0,2.0,24.0,100.0,0.0,0.0,0.0,0.0,0.0,,,,,,J1N1
it_as_42_47,15.0,100.0,0.0,0.0,3.33,3.2,10.0,,,0.0,,2.0,0.0,,,,,,AS_42/47
uk_centurion_mk_3,12.0,,,0.0,,2.0,198.0,35.27,0.0,0.0,2.19,1.2,0.0,,,,,,Centurion_Mk_3
jp_type_3_ho_ni_I,13.0,100.0,0.0,0.0,1.43,1.0,41.0,100.0,0.0,0.0,2.44,1.36,0.0,,,,,,Ho-Ni_I
he51a1,12.0,,,,,,0.0,,,,,,0.0,,,,,,He_51_A-1
ta-152c,14.0,50.0,1.35,2.5,0.0,0.0,24.0,62.5,0.92,1.58,0.63,1.0,0.0,,,,,,Ta_152_C-3
p-47d_22_re_france,14.0,100.0,1.57,1.57,9.29,9.29,25.0,92.5,0.1,0.1,0.75,0.75,0.0,,,,,,P-47D-22-RE
sw_strf_90b,13.0,,,0.0,,1.0,185.0,54.88,0.04,0.03,1.69,1.65,0.0,,,,,,Strf_9040B
germ_m44,14.0,100.0,0.0,0.0,2.0,2.0,119.0,12.26,0.0,0.0,0.95,0.94,0.0,,,,,,M44
ussr_pantsyr_s1,13.0,,,,,,509.0,34.01,1.02,0.91,0.09,0.09,0.0,,,,,,Pantsir-S1
spitfire_mk5b_notrop,15.0,100.0,2.67,3.17,0.88,1.0,0.0,,,,,,0.0,,,,,,Spitfire_Mk_Vb
uk_a30_sp_avenger,13.0,,,,,,176.0,67.63,0.0,0.0,5.5,2.66,0.0,,,,,,Avenger
germ_pzkpfw_IV_ausf_J,9.0,50.0,0.0,0.0,0.83,1.67,62.0,66.07,0.0,0.0,1.96,1.57,0.0,,,,,,Pz.IV_J
spitfire_mk5b,15.0,100.0,2.29,5.0,0.0,0.0,5.0,,,,,,0.0,,,,,,Spitfire_Mk_Vb/trop
b7a2_homare_23,14.0,,,0.17,,2.5,105.0,87.2,1.19,0.97,1.81,1.68,0.0,,,,,,B7A2_(Homare_23)
ussr_t_90a,14.0,,,0.0,,0.41,924.0,48.76,0.0,0.0,1.52,1.26,13.0,100.0,0.0,0.0,1.0,0.31,Т-90А
il_m_51_w,14.0,100.0,0.0,0.0,2.0,2.0,44.0,17.78,0.0,0.0,1.4,1.48,0.0,,,,,,M-51_(W)
ki-27_otsu,12.0,,,2.9,,0.0,0.0,,,,,,0.0,,,,,,Ki-27_otsu
ussr_it_1,12.0,,,0.0,,0.17,132.0,91.67,0.0,0.0,5.64,2.29,0.0,,,,,,IT-1
germ_flakpanzer_IV_Kugelblitz,14.0,0.0,0.0,0.0,0.0,0.0,362.0,35.85,0.86,0.67,0.38,0.29,0.0,,,,,,Kugelblitz
it_semovente_m41_75_32,12.0,,,,,,0.0,,,,,,0.0,,,,,,75/32_M41
uk_9a35_m,11.0,0.0,3.36,,2.36,,1.0,,,,,,0.0,,,,,,Стрела-10М
bf_110g_4_hungary,14.0,88.89,0.89,0.67,4.44,3.92,65.0,52.69,0.23,0.47,1.05,2.11,0.0,,,,,,◐Bf_110_G-4
ussr_t_28E,12.0,50.0,0.5,0.5,4.25,4.25,16.0,0.0,0.0,0.0,3.3,2.43,0.0,,,,,,T-28E
su_25_558arz,10.0,,,1.79,,0.43,50.0,57.04,0.01,0.01,2.83,2.83,14.0,,,0.0,,0.0,Su-25BM
jp_type_10,11.0,,,0.0,,1.67,852.0,60.63,0.0,0.0,2.36,1.94,0.0,,,,,,Type_10
ussr_object_268,12.0,,,0.0,,3.08,236.0,35.47,0.0,0.0,3.49,1.87,0.0,,,,,,Object_268
germ_pzkpfw_V_ersatz_m10,12.0,100.0,0.0,,1.0,,25.0,,,0.0,,3.97,0.0,,,,,,Ersatz_M10
ussr_isu_152,13.0,100.0,0.15,0.0,4.05,3.0,13.0,,,0.0,,1.0,0.0,,,,,,ISU-152
f4u-1a,10.0,100.0,1.33,1.33,1.0,1.0,28.0,,,,,,0.0,,,,,,F4U-1A
fr_m3a3_stuart,11.0,,,,,,39.0,50.0,0.0,0.0,2.82,2.54,0.0,,,,,,M3A3_Stuart
fr_amd_35_kwk39,11.0,,,0.0,,1.0,75.0,100.0,0.0,0.0,4.58,2.73,0.0,,,,,,AMD.35_(PaK)
il_magach_7c,12.0,,,0.0,,1.0,29.0,,,0.0,,4.17,0.0,,,,,,Magach_7C
sea_harrier_fa2,11.0,,,1.0,,0.0,43.0,50.0,0.13,0.19,0.13,0.19,0.0,,,,,,Sea_Harrier_FA_2
uk_a25_mk_8,11.0,,,0.0,,1.0,0.0,,,,,,0.0,,,,,,Harry_Hopkins_I
p-47d_23_ra_china_rocaf,12.0,,,1.83,,0.0,0.0,,,,,,0.0,,,,,,P-47D-23-RA_(China)
su_17m4,14.0,25.0,0.75,1.0,0.81,1.08,0.0,,,,,,14.0,100.0,1.0,1.0,1.0,1.0,Su-17M4
uk_chieftain_mk_5,12.0,,,,,,149.0,50.87,0.0,0.0,3.36,3.47,0.0,,,,,,Chieftain_Mk_5
fr_crusader_mk_2,11.0,,,0.0,,1.0,25.0,,,0.0,,3.72,0.0,,,,,,Crusader_Mk.II
il_magach_6c,12.0,0.0,0.0,0.0,1.0,1.0,22.0,0.0,0.0,0.0,3.22,3.0,0.0,,,,,,Magach_6C
mig-21_mf,13.0,,,0.0,,0.0,65.0,60.61,1.75,2.35,0.06,0.04,0.0,,,,,,◊MiG-21MF
b5n2,11.0,,,0.0,,7.73,23.0,,,,,,6.0,100.0,0.0,0.0,3.0,3.0,B5N2
spitfire_fr_mk14e,11.0,,,5.0,,0.0,0.0,,,,,,0.0,,,,,,Prendergast's_Spitfire_FR_Mk_XIVe
il_2_1942_luftwaffe,12.0,100.0,1.0,1.0,2.0,2.0,0.0,,,,,,0.0,,,,,,IL-2_(1942)
tandem_mai,11.0,100.0,1.0,1.0,3.0,3.0,0.0,,,,,,0.0,,,,,,Tandem_MAI
us_lav_ad,11.0,,,,,,803.0,50.68,0.4,0.35,0.47,0.4,0.0,,,,,,LAV-AD
fr_bat_chat_25t,12.0,,,0.0,,2.0,230.0,73.28,0.0,0.0,3.79,2.32,0.0,,,,,,Char_25t
sw_strv_103_0,11.0,,,0.0,,2.0,126.0,50.54,0.0,0.0,2.38,3.16,0.0,,,,,,Strv_103-0
ki_44_2_hei,11.0,,,6.82,,0.82,99.0,87.1,0.6,0.3,0.92,0.48,0.0,,,,,,Ki-44-II_hei
cn_wz_305,10.0,,,,,,408.0,56.19,0.66,0.73,1.37,1.53,35.0,2.5,0.0,0.0,1.03,1.26,WZ305
ussr_t_34_1941_cast_turret,13.0,100.0,0.0,0.0,3.6,4.0,25.0,65.38,0.0,0.0,1.08,1.85,0.0,,,,,,T-34_(1st_Gv.T.Br.)
f4f-3,10.0,,,2.14,,0.0,0.0,,,,,,0.0,,,,,,F4F-3
i-16_type24,11.0,,,1.0,,1.0,0.0,,,,,,0.0,,,,,,I-16_type_24
beaufighter_mkx,10.0,100.0,1.8,1.8,5.8,5.8,12.0,,,,,,0.0,,,,,,Beaufighter_Mk_X
lightning_f6,12.0,,,3.0,,0.0,29.0,50.0,1.0,1.53,1.5,2.47,0.0,,,,,,Lightning_F.6
mosquito_j30_sweden,10.0,,,1.0,,0.0,50.0,91.67,0.33,0.3,1.08,0.62,0.0,,,,,,Mosquito_J30
btd-1,13.0,,,0.0,,1.58,12.0,,,0.0,,1.67,0.0,,,,,,BTD-1
cn_cm_25,10.0,,,,,,19.0,,,0.0,,0.0,0.0,,,,,,CM25
saab_t18b_2,10.0,,,0.3,,0.0,0.0,,,,,,0.0,,,,,,T18B_(57)
germ_bmp_1_ddr,12.0,,,,,,45.0,33.33,0.0,0.0,0.83,0.36,0.0,,,,,,SPz_BMP-1
il_2_1941,11.0,,,,,,44.0,25.0,0.0,0.0,1.0,0.98,6.0,,,0.0,,0.0,IL-2_(1941)
germ_nbfz_VI,10.0,100.0,0.0,0.0,6.1,12.2,0.0,,,,,,0.0,,,,,,Nb.Fz.
ussr_smk,10.0,100.0,0.0,0.0,4.5,4.5,14.0,,,0.0,,2.57,0.0,,,,,,SMK
a_6e_tram,11.0,,,3.0,,0.73,126.0,51.18,0.15,0.2,1.58,1.96,17.0,0.0,0.0,0.0,1.0,0.37,A-6E_TRAM
sb2u-3,11.0,50.0,1.0,2.0,1.0,2.0,5.0,,,,,,0.0,,,,,,SB2U-3
cn_zsd63_pg87,10.0,0.0,1.0,,0.0,,92.0,19.44,0.69,0.73,0.0,0.17,0.0,,,,,,ZSD63/PG87
ussr_su_122,10.0,,,0.0,,2.0,34.0,21.88,0.0,0.0,1.31,1.31,0.0,,,,,,SU-122
cn_cm_34,12.0,100.0,0.0,0.0,3.0,1.5,252.0,53.1,0.0,0.0,1.58,1.26,16.0,66.67,0.0,0.0,2.3,2.08,CM34
jp_m60a3_tts,11.0,,,0.0,,1.0,105.0,50.0,0.0,0.0,2.97,2.44,0.0,,,,,,M60A3_TTS
us_xm_975_roland,11.0,,,,,,46.0,50.0,0.0,0.0,0.0,0.0,0.0,,,,,,XM975
wm_23,9.0,100.0,3.0,3.0,0.0,0.0,0.0,,,,,,0.0,,,,,,◔WM-23
he_100d_1,9.0,,,,,,0.0,,,,,,0.0,,,,,,He_100_D-1
germ_sdkfz_251_21,11.0,50.0,1.0,2.0,0.0,0.0,161.0,35.58,0.54,0.61,0.51,0.57,0.0,,,,,,Sd.Kfz.251/21
ussr_btr_152a,10.0,100.0,2.2,2.2,1.0,1.0,27.0,34.72,0.33,0.63,0.0,0.0,0.0,,,,,,BTR-152A
saab_j21a_2,10.0,,,0.8,,0.4,22.0,100.0,2.95,,0.0,,0.0,,,,,,J21A-2
a-20g,10.0,,,0.0,,4.0,10.0,50.0,1.5,1.5,9.5,9.5,0.0,,,,,,A-20G-25
it_m26_ariete,8.0,66.67,0.0,0.0,4.0,6.0,18.0,100.0,0.0,0.0,3.33,0.85,0.0,,,,,,"M26_""D.C.Ariete"""
jh_7,11.0,,,1.0,,0.0,0.0,,,,,,0.0,,,,,,JH-7
fokker_d21_netherlands,11.0,0.0,1.73,1.73,0.0,0.0,0.0,,,,,,0.0,,,,,,◗Fokker_D.XXI
sm_79_1943_italy,9.0,100.0,0.0,0.0,1.0,1.0,0.0,,,,,,0.0,,,,,,S.M.79_bis/T.M
ju-87d-3_italy,12.0,66.67,0.3,0.3,2.0,2.0,0.0,,,,,,0.0,,,,,,Ju_87_D-3
il_aml_90,12.0,50.0,0.0,0.0,1.0,2.0,83.0,48.39,0.0,0.0,0.89,0.85,0.0,,,,,,AML-90_(Israel)
sw_zsu_57_2,9.0,81.25,0.0,0.0,1.0,1.5,273.0,45.86,0.0,0.0,1.36,0.8,0.0,,,,,,ZSU-57-2
p-36a,11.0,,,2.75,,0.0,0.0,,,,,,0.0,,,,,,P-36A
il_merkava_mk_2b_early,8.0,50.0,0.0,0.0,1.13,2.25,165.0,52.08,0.0,0.0,4.36,3.6,0.0,,,,,,Merkava_Mk.2B
h-75a-4_france,11.0,0.0,1.0,1.0,0.0,0.0,0.0,,,,,,0.0,,,,,,H-75A-4
jp_st_a3,9.0,80.0,0.0,0.0,1.6,1.33,411.0,66.17,0.0,0.0,2.22,1.84,0.0,,,,,,ST-A3
d_501,11.0,,,1.0,,0.0,0.0,,,,,,0.0,,,,,,D.501
cn_pgz_88,8.0,,,,,,267.0,63.56,0.61,0.34,1.94,1.12,0.0,,,,,,PGZ88
mig-21_bis,10.0,,,0.0,,0.0,17.0,,,1.0,,0.0,0.0,,,,,,MiG-21bis
fr_arl_44_acl1,9.0,,,0.0,,0.0,9.0,,,0.0,,1.33,0.0,,,,,,ARL-44_(ACL-1)
f4f-4,9.0,,,1.0,,0.0,0.0,,,,,,0.0,,,,,,F4F-4
sw_strv_103c,11.0,,,,,,80.0,47.14,0.0,0.0,0.67,1.0,0.0,,,,,,Strv_103С
yak-1b_luftwaffe,9.0,,,,,,68.0,92.86,4.94,43.2,0.43,3.0,0.0,,,,,,Yak-1B
germ_ru251,9.0,,,0.0,,2.0,334.0,46.92,0.0,0.0,3.96,2.59,0.0,,,,,,Ru_251
il-10,9.0,100.0,4.0,4.0,0.75,0.75,22.0,100.0,0.0,0.0,3.85,3.85,0.0,,,,,,IL-10
sw_lvkv_90c,7.0,0.0,1.4,,1.0,,402.0,56.12,1.19,0.79,1.7,1.15,0.0,,,,,,Lvkv_9040C
uk_a_13_mk2,9.0,100.0,0.0,0.0,3.0,3.0,40.0,100.0,0.0,0.0,3.89,1.95,0.0,,,,,,A13_Mk_II
tempest_mkv,8.0,,,2.13,,0.0,10.0,100.0,1.0,1.7,3.0,0.9,0.0,,,,,,Tempest_Mk_V
il_tiran_4_sh,10.0,,,,,,45.0,100.0,0.0,0.0,1.0,0.37,0.0,,,,,,Tiran_4S
a_7k,8.0,100.0,0.0,0.0,1.38,1.38,0.0,,,,,,0.0,,,,,,A-7K
fw-190a-5,10.0,65.0,1.0,1.7,0.0,0.0,16.0,,,,,,0.0,,,,,,Fw_190_A-5/U12
jp_halftrack_m16,10.0,,,,,,134.0,79.17,1.21,0.57,0.0,0.0,0.0,,,,,,M16_MGMC
hurricane_mk4,10.0,,,1.0,,0.0,5.0,,,,,,0.0,,,,,,Hurricane_Mk_IV
sw_t_55m,10.0,15.0,0.0,0.0,1.7,2.0,213.0,55.44,0.0,0.0,1.66,1.94,0.0,,,,,,T-55M
it_44m_zrinyi_1,9.0,,,,,,24.0,92.31,0.0,0.0,1.46,1.15,0.0,,,,,,Zrinyi_I
fr_m4a3_105_sherman,8.0,100.0,0.0,0.0,1.0,1.0,61.0,,,0.0,,2.01,0.0,,,,,,M4A3_(105)
av_8b_plus,8.0,0.0,1.0,1.0,0.0,0.0,35.0,50.0,1.5,0.91,1.5,1.0,0.0,,,,,,AV-8B_Plus
spitfire_fr_mk14e_belgium,8.0,,,1.0,,0.0,24.0,,,3.0,,2.0,0.0,,,,,,Spitfire_FR_Mk_XIVe
fr_leopard_2a5nl,9.0,50.0,0.0,0.0,1.0,1.0,127.0,96.77,0.0,0.0,6.22,4.76,0.0,,,,,,Leopard_2A5NL
sw_strv_m42_eh,8.0,50.0,0.0,0.0,1.0,2.0,67.0,45.0,0.0,0.0,2.2,0.83,0.0,,,,,,Strv_m/42_EH
il_mim_72_chaparral,10.0,0.0,0.0,0.0,0.0,0.0,11.0,90.91,1.82,2.0,0.0,0.0,0.0,,,,,,Imp.Chaparral_(Israel)
arado-196a-3,10.0,,,,,,0.0,,,,,,0.0,,,,,,Ar_196_A-3
sb2c_5_france,9.0,,,0.0,,0.25,19.0,100.0,1.07,,4.0,,0.0,,,,,,SB2C-5
he-111h-2,9.0,,,,,,0.0,,,,,,0.0,,,,,,He_111_H-3
il_hunter_afv,10.0,,,0.0,,0.0,0.0,,,,,,0.0,,,,,,Hunter_AFV
f-5a_thailand,8.0,100.0,2.0,2.0,15.0,15.0,11.0,100.0,3.27,3.27,5.0,5.0,0.0,,,,,,F-5A
a_10a_late,8.0,100.0,3.0,3.0,7.0,7.0,311.0,58.05,1.66,1.96,5.78,6.54,1.0,,,0.0,,1.0,A-10A_Late
f-84g_france,8.0,,,,,,66.0,74.12,0.75,1.04,1.55,2.16,0.0,,,,,,F-84G-26-RE
q_5a,8.0,,,,,,15.0,100.0,0.0,0.0,1.0,1.0,0.0,,,,,,Q-5A
he-111h-6,9.0,100.0,0.0,0.0,5.0,5.0,0.0,,,,,,0.0,,,,,,He_111_H-6
ussr_t_34_85_zis_53_kit_3rank,7.0,100.0,0.0,0.0,5.0,5.0,144.0,44.3,0.0,0.0,1.27,1.41,0.0,,,,,,Т-34-85_('45)
it_sherman_VII,9.0,,,0.0,,4.56,27.0,100.0,0.0,0.0,3.4,3.0,0.0,,,,,,M4_Tipo_IC
la_200_toriy,8.0,,,4.0,,0.0,62.0,95.33,1.97,1.29,0.8,0.52,0.0,,,,,,La-200
yak-15,8.0,66.67,4.3,4.3,0.0,0.0,24.0,92.86,0.79,1.0,0.36,0.43,0.0,,,,,,Yak-15
f_2a_adtw,8.0,,,,,,638.0,61.93,1.39,1.73,0.59,0.7,24.0,,,1.27,,0.8,F-2A_ADTW
tu_14t,8.0,,,1.0,,4.0,0.0,,,,,,0.0,,,,,,Tu-14T
il_28sh,8.0,,,0.0,,3.0,9.0,0.0,0.0,0.0,0.0,0.0,0.0,,,,,,IL-28Sh
saab_j29a,8.0,,,,,,61.0,25.4,1.08,1.29,0.1,0.1,0.0,,,,,,J29A
uk_a_43_black_prince,7.0,,,,,,25.0,50.0,0.0,0.0,2.06,3.82,0.0,,,,,,Black_Prince
t2_early,8.0,,,,,,66.0,100.0,1.0,1.0,0.0,0.0,0.0,,,,,,T-2_Early
pe-2-205,9.0,100.0,0.0,0.0,3.0,3.0,0.0,,,,,,0.0,,,,,,Pe-2-205
mig-21_pfm,8.0,,,,,,0.0,,,,,,0.0,,,,,,MiG-21PFM
p-47n-15,8.0,,,,,,14.0,73.08,0.73,0.93,2.77,3.71,0.0,,,,,,P-47N-15
uk_challenger_2_bn,7.0,100.0,0.0,,2.63,,240.0,62.35,0.0,0.0,2.95,3.0,0.0,,,,,,Black_Night
p-43a-1_china,8.0,,,,,,0.0,,,,,,0.0,,,,,,P-43A-1_(China)
ki-83,8.0,100.0,3.0,3.0,0.0,0.0,0.0,,,,,,0.0,,,,,,Ki-83
su-11,8.0,50.0,1.0,2.0,0.5,1.0,261.0,62.11,0.96,1.05,1.21,1.34,0.0,,,,,,Su-11
ussr_t_80,8.0,50.0,0.0,0.0,2.5,2.5,48.0,11.9,0.0,0.0,1.0,1.0,0.0,,,,,,T-80
mig-17pf_hungary,8.0,0.0,2.0,2.0,1.0,1.0,6.0,,,,,,0.0,,,,,,◔MiG-17PF
welkin_fmk1,8.0,,,,,,0.0,,,,,,0.0,,,,,,Welkin_F.Mk.I
me_210ca_1_40_mm_hungary,11.0,83.34,1.0,0.22,2.15,2.03,10.0,100.0,1.0,1.0,2.6,2.6,9.0,,,,,,◔Me_210_Ca-1_36.M
il_28,8.0,,,0.0,,2.0,12.0,33.33,0.0,0.0,0.0,0.0,10.0,,,0.0,,0.0,IL-28
me_210ca_1_hungary,11.0,100.0,1.75,1.11,4.75,3.67,0.0,,,,,,0.0,,,,,,◔Me_210_Ca-1
ussr_bt_7_m,9.0,,,0.0,,3.0,89.0,22.22,0.0,0.0,1.56,1.52,2.0,,,,,,BT-7M
it_m26a1_pershing,4.0,75.0,0.0,0.0,3.0,4.0,61.0,45.16,0.0,0.0,1.58,1.65,1.0,,,0.0,,0.0,M26A1
il_2_m82,9.0,,,1.0,,1.0,0.0,,,,,,0.0,,,,,,IL-2_M-82
re_2001_cn,11.0,100.0,4.0,2.83,1.0,0.67,6.0,100.0,0.0,0.0,0.0,0.0,0.0,,,,,,Re.2001_CN
sagittario_2,8.0,0.0,2.0,2.0,0.0,0.0,7.0,,,,,,14.0,,,5.0,,0.0,Sagittario_2
jp_type_90b,9.0,,,0.0,,1.0,358.0,48.72,0.0,0.0,2.09,2.19,0.0,,,,,,Type_90_(B)
bf-109e-3,9.0,,,1.22,,0.0,48.0,100.0,0.36,0.26,0.66,0.52,0.0,,,,,,Bf_109_E-3
germ_pzsflk40_sturer_emil,8.0,,,,,,17.0,0.0,0.0,0.0,3.4,2.82,0.0,,,,,,Sturer_Emil
p-38l_1_china_rocaf,7.0,,,1.0,,0.0,34.0,100.0,2.75,1.0,0.5,1.0,0.0,,,,,,P-38L-1_(China)
ussr_t_44_122,7.0,,,,,,111.0,50.0,0.0,0.0,2.52,2.16,0.0,,,,,,T-44-122
p-38j,7.0,50.0,0.5,1.0,0.5,1.0,0.0,,,,,,0.0,,,,,,P-38J-15
sw_strv_m38,8.0,,,,,,0.0,,,,,,0.0,,,,,,Strv_m/38
ki_84_ko,7.0,,,1.0,,0.0,8.0,80.0,1.4,1.7,0.38,0.5,0.0,,,,,,Ki-84_ko
il-10_1946,8.0,,,,,,18.0,100.0,0.0,0.0,2.0,2.0,0.0,,,,,,IL-10_(1946)
uk_ttd,8.0,,,0.0,,1.0,162.0,69.84,0.0,0.0,5.74,4.44,0.0,,,,,,TTD
ussr_2s19_m2,8.0,,,0.0,,1.0,29.0,,,0.0,,1.44,0.0,,,,,,2С19М2
sw_pt_76b,9.0,50.0,0.0,0.0,1.0,1.67,229.0,36.97,0.0,0.0,0.61,0.51,0.0,,,,,,PT-76
mig_29kr_9_41r,8.0,,,1.0,,0.0,34.0,85.0,1.69,2.0,0.0,0.0,4.0,,,,,,МиГ-29КР_(9-41Р)
spitfire_mk5b_italy,9.0,,,,,,33.0,100.0,2.41,,0.0,,12.0,,,,,,Spitfire_Mk_Vb/trop
ussr_t_72b3_arena_m,7.0,50.0,0.0,0.0,2.0,2.0,400.0,51.29,0.0,0.0,2.05,1.57,11.0,100.0,0.0,0.0,2.0,0.14,Т-72Б3А
a6m5hei,7.0,,,1.0,,0.0,0.0,,,,,,0.0,,,,,,A6M5_Hei
fr_somua_sm,7.0,,,0.0,,3.43,1062.0,63.58,0.0,0.0,3.18,2.39,0.0,,,,,,Somua_SM
mirage_2000c_s4,8.0,,,,,,454.0,72.3,4.49,11.67,0.0,0.0,0.0,,,,,,Mirage_2000C-S4
ussr_9a33bm3,8.0,50.0,1.0,1.25,0.5,0.25,20.0,33.33,0.5,1.0,0.0,0.0,0.0,,,,,,Оса-АКМ
ussr_t_60_1941,7.0,,,0.0,,1.0,11.0,,,,,,0.0,,,,,,T-60
fr_amx_32,6.0,50.0,0.0,0.0,1.0,2.0,210.0,41.53,0.0,0.0,3.58,3.22,0.0,,,,,,AMX-32
tempest_mk2,7.0,,,1.43,,0.0,87.0,82.8,1.73,3.02,0.45,0.77,0.0,,,,,,Tempest_Mk_II
uk_crusader_aa_mk_1,9.0,,,0.0,,0.0,206.0,0.0,0.17,0.11,2.21,0.91,0.0,,,,,,Crusader_AA_Mk_I
il-10_1946_china,7.0,,,1.0,,0.0,11.0,68.18,0.0,0.0,1.09,1.73,0.0,,,,,,IL-10_(1946)_(China)
uk_chieftain_marksman,9.0,50.0,0.0,0.0,0.0,0.0,205.0,59.14,0.91,0.47,1.26,0.69,0.0,,,,,,Chieftain_Marksman
uk_g6_spg,9.0,100.0,0.0,0.0,0.0,0.0,43.0,50.0,0.0,0.0,0.5,0.74,0.0,,,,,,G6
jp_type_98_ke_ni,9.0,,,0.0,,1.33,66.0,,,0.0,,4.2,0.0,,,,,,Ke-Ni
ussr_kv_122,8.0,,,,,,49.0,50.0,0.0,0.0,4.41,3.24,0.0,,,,,,KV-122
germ_flakpanzer_zerstorer_45,9.0,,,,,,230.0,19.19,0.61,0.45,0.32,0.23,0.0,,,,,,Zerstörer_45
sw_strv_m42_delat_torn,9.0,,,0.0,,0.0,142.0,44.25,0.0,0.0,1.42,1.37,0.0,,,,,,Strv_m/42_DT
b-17e_late,7.0,,,0.0,,0.0,0.0,,,,,,0.0,,,,,,B-17E/L
uk_as_90_mk_2,9.0,,,,,,127.0,51.96,0.0,0.0,1.37,2.01,0.0,,,,,,AS90
alpha_jet_a,8.0,,,,,,354.0,49.12,0.16,0.2,0.88,0.9,22.0,,,0.0,,2.0,Alpha_Jet_A
mirage_4000,8.0,,,,,,49.0,58.33,2.04,1.92,0.0,0.0,9.0,,,1.0,,0.0,Mirage_4000
ussr_type_65_aa,9.0,100.0,0.0,,0.0,,0.0,,,,,,0.0,,,,,,Phòng_không_T-34
hunter_f58a_1971_switzerland,8.0,,,,,,23.0,100.0,3.0,,1.0,,0.0,,,,,,◌Hunter_F.58A_(1971)
p-47d_16_re_germany,8.0,100.0,4.0,4.0,1.0,1.0,1.0,,,1.0,,1.0,0.0,,,,,,P-47D-16-RE
do_217m_1,8.0,100.0,0.0,0.0,4.0,4.0,0.0,,,,,,0.0,,,,,,Do_217_M-1
do_217k_1,8.0,,,,,,11.0,,,0.0,,0.0,0.0,,,,,,Do_217_K-1
i_180,7.0,100.0,3.0,3.0,2.0,2.0,11.0,,,1.0,,2.0,0.0,,,,,,I-180S
buccaneer_s2b,6.0,,,0.0,,2.0,3.0,,,,,,0.0,,,,,,Buccaneer_S.2B
bf-109g-2_romania,8.0,,,,,,0.0,,,,,,0.0,,,,,,Bf_109_G-2
i-153_m62_zhukovskiy,7.0,100.0,2.0,2.0,1.0,1.0,0.0,,,,,,0.0,,,,,,Zhukovsky's_I-153-M62
harrier_frs1,6.0,,,1.0,,1.0,19.0,,,0.0,,0.0,0.0,,,,,,Sea_Harrier_FRS.1
cn_wz_1001,8.0,,,0.0,,2.29,125.0,53.85,0.0,0.0,4.75,2.95,0.0,,,,,,WZ1001(E)_LCT
uk_churchill_na75,8.0,100.0,0.0,,2.13,,0.0,,,,,,0.0,,,,,,Churchill_NA75
su_24m,8.0,0.0,1.0,1.0,1.5,1.5,164.0,62.9,0.18,0.22,1.58,1.84,13.0,,,,,,Су-24М
saab_j21a_1,6.0,,,,,,14.0,,,1.0,,0.0,0.0,,,,,,J21A-1
sw_sav_m43_1944,6.0,,,,,,0.0,,,,,,0.0,,,,,,Sav_m/43_(1944)
re_2000_heja_2,6.0,100.0,4.0,4.0,0.0,0.0,27.0,100.0,3.0,3.0,0.0,0.0,0.0,,,,,,◔Héja_II
xp-55,8.0,100.0,3.0,3.0,0.0,0.0,18.0,50.0,1.0,1.5,1.0,1.5,0.0,,,,,,XP-55
n1k1_ja,6.0,,,,,,7.0,,,,,,0.0,,,,,,N1K1-Ja
ki_44_2_hei_china,8.0,100.0,3.0,3.0,1.0,1.0,0.0,,,,,,0.0,,,,,,Ki-44-II_hei_(China)
cn_type_59d,8.0,50.0,0.5,0.38,2.5,3.13,198.0,61.4,0.0,0.0,6.93,3.17,0.0,,,,,,ZTZ59D1
ussr_bmp_3,8.0,,,0.0,,1.75,1722.0,50.44,0.0,0.0,1.2,1.12,2.0,100.0,0.0,0.0,2.0,2.0,BMP-3
us_m4_t26,6.0,,,0.0,,2.0,295.0,62.14,0.0,0.0,2.65,1.96,0.0,,,,,,M4/T26
us_t54e1,6.0,,,0.0,,2.0,73.0,59.56,0.0,0.0,1.72,1.67,0.0,,,,,,T54E1
jp_type_89,8.0,,,0.0,,1.0,203.0,75.11,0.0,0.0,5.07,2.43,7.0,,,0.0,,0.0,Type_89
it_of_40_mk_1,6.0,0.0,0.0,0.0,1.0,1.0,213.0,62.8,0.0,0.0,3.25,2.01,0.0,,,,,,OF-40
jaguar_gr1a,6.0,,,,,,22.0,82.14,1.46,1.38,1.64,2.0,0.0,,,,,,Jaguar_GR.1A
germ_marder_clovis,6.0,,,0.0,,1.0,59.0,34.38,0.0,0.0,1.75,1.09,0.0,,,,,,CLOVIS
jp_btr_3e1,8.0,,,0.0,,0.0,252.0,63.39,0.0,0.0,1.39,1.19,0.0,,,,,,BTR-3E1
jp_type_87_rcv,8.0,,,,,,248.0,54.55,0.0,0.0,1.51,1.28,0.0,,,,,,Type_87_RCV
germ_pzkpfw_III_ausf_L,8.0,,,,,,54.0,0.0,0.0,0.0,2.0,2.79,0.0,,,,,,Pz.III_L
jp_type_87_rcv_prot,8.0,,,0.0,,0.0,396.0,71.91,0.08,0.08,1.18,0.92,0.0,,,,,,Type_87_RCV_(P)
jf_17,8.0,,,,,,65.0,51.08,1.1,2.13,0.35,0.66,0.0,,,,,,JF-17
uk_sky_sabre_fcs,5.0,,,2.0,,0.0,104.0,54.52,1.81,1.84,0.0,0.0,0.0,,,,,,Sky_Sabre_(СОЦ)
cn_ztz_99,7.0,100.0,0.0,0.0,3.0,3.0,154.0,46.34,0.0,0.0,1.81,1.79,0.0,,,,,,ZTZ99-II
p-51d-10,7.0,100.0,0.0,1.0,1.0,1.0,22.0,50.0,1.39,2.78,0.89,1.78,0.0,,,,,,P-51D-10
cn_ztz_99_w,7.0,100.0,0.0,0.0,3.0,2.57,82.0,45.24,0.0,0.0,1.28,1.31,0.0,,,,,,ZTZ99-III
p-40f-5_france_ep,5.0,,,2.0,,0.0,0.0,,,,,,0.0,,,,,,P-40F-5_Lafayette
ussr_rbt_5,5.0,,,,,,21.0,62.5,0.0,0.0,0.54,0.93,0.0,,,,,,RBT-5
sb2c_5_thailand,7.0,,,,,,407.0,69.75,0.85,0.94,1.7,1.86,0.0,,,,,,SB2C-5
cn_type_69,5.0,,,0.0,,2.0,237.0,56.35,0.0,0.0,3.07,2.84,0.0,,,,,,Type_69
germ_leopard_2a5_pso,7.0,,,,,,842.0,50.29,0.0,0.0,1.79,1.47,8.0,,,,,,Leopard_2_PSO
ms_410c1,6.0,,,,,,0.0,,,,,,0.0,,,,,,M.S.410
spitfire_mk14e,7.0,,,2.0,,0.0,10.0,100.0,1.0,1.0,1.0,1.0,0.0,,,,,,Spitfire_F_Mk_XIVe
us_m4_sherman_promo,7.0,,,,,,31.0,0.0,0.0,0.0,3.88,2.58,0.0,,,,,,M4
i-153_m62_china,7.0,0.0,1.0,1.0,0.0,0.0,0.0,,,,,,0.0,,,,,,I-153_M-62_(China)
p-61c_1,6.0,83.33,0.17,0.17,3.67,3.67,54.0,0.0,1.0,0.17,0.0,0.13,0.0,,,,,,P-61C-1
sw_cv_90105,7.0,50.0,0.0,0.0,1.0,2.0,369.0,55.06,0.0,0.0,1.89,1.86,0.0,,,,,,CV_90105_TML
germ_boxer_swatrinf,7.0,,,,,,159.0,42.93,0.03,0.03,0.68,0.68,0.0,,,,,,sWaTrgInf
i-16_type10_china,7.0,0.0,1.0,1.0,0.0,0.0,0.0,,,,,,0.0,,,,,,I-16_type_10_(China)
sw_strv_105,7.0,,,,,,322.0,63.38,0.0,0.0,1.55,1.77,0.0,,,,,,Strv_105
us_m60,6.0,,,,,,176.0,45.38,0.0,0.0,1.76,1.35,1.0,,,,,,M60
i-153_m62,6.0,,,,,,0.0,,,,,,0.0,,,,,,I-153_M-62
mig_27k,6.0,,,,,,24.0,50.0,0.0,0.0,0.5,1.0,38.0,60.0,0.0,0.0,1.2,1.65,MiG-27K
sbd-3,5.0,0.0,0.0,0.0,0.0,0.0,0.0,,,,,,0.0,,,,,,SBD-3
i-15bis_krasnolutsky,6.0,,,,,,0.0,,,,,,0.0,,,,,,Krasnolutsky's_I-15bis
us_t18_e2,5.0,100.0,0.0,,5.0,,53.0,77.42,0.0,0.0,9.39,5.69,0.0,,,,,,T18E2
uk_t_90s_bheeshma,4.0,,,,,,104.0,81.82,0.0,0.0,6.18,2.39,0.0,,,,,,Bhishma_TWMP
uk_a_22f_mk_7_churchill_crocodile,5.0,100.0,0.0,,3.0,,81.0,51.08,0.0,0.0,3.17,4.29,0.0,,,,,,Churchill_Crocodile
ussr_t_28,3.0,,,,,,52.0,82.14,0.0,0.0,7.25,3.99,0.0,,,,,,T-28
uk_challenger_2_dorchester,5.0,,,0.0,,2.0,361.0,45.39,0.0,0.0,1.18,1.15,0.0,,,,,,Challenger_2_(2F)
f-5c,4.0,,,,,,202.0,52.2,0.79,1.18,0.26,0.42,0.0,,,,,,F-5C
fw-190a-8,5.0,,,,,,21.0,,,,,,0.0,,,,,,Fw_190_A-8
uk_challenger_2_tes,5.0,,,,,,227.0,50.51,0.0,0.0,1.26,1.43,0.0,,,,,,Challenger_2_TES
uk_a30_sp_avenger_kit_3rank,4.0,,,,,,138.0,75.76,0.0,0.0,3.91,1.73,0.0,,,,,,Avenger_(Overlord)
a6m3_mod22_zero,6.0,,,3.17,,1.0,103.0,53.84,1.15,1.8,0.34,0.57,0.0,,,,,,A6M3_mod._22
cn_cm11,6.0,50.0,0.0,0.0,1.0,2.0,119.0,51.11,0.0,0.0,3.32,3.04,0.0,,,,,,CM11
typhoon_mk1a,6.0,,,1.0,,0.0,0.0,,,,,,0.0,,,,,,Typhoon_Mk_Ia
us_m3_stuart,6.0,,,,,,43.0,,,0.0,,1.34,0.0,,,,,,M3_Stuart
a6m3_zero,6.0,,,3.67,,0.0,132.0,73.05,1.21,1.51,0.78,0.97,0.0,,,,,,A6M3
il_merkava_mk_1b,4.0,,,0.0,,1.25,100.0,41.18,0.0,0.0,1.74,1.31,0.0,,,,,,Merkava_Mk.1B
gladiator_j8a,4.0,,,1.0,,0.0,0.0,,,,,,0.0,,,,,,J8A
us_halftrack_m13,6.0,100.0,0.0,,0.0,,0.0,,,,,,0.0,,,,,,M13_MGMC
he_112a_0,7.0,,,1.63,,0.0,8.0,100.0,0.25,0.25,2.0,2.0,0.0,,,,,,He_112_A-0
fr_amx_elc_901,4.0,,,,,,42.0,100.0,0.0,0.0,4.1,2.66,0.0,,,,,,ELC_901
il_magach_6,5.0,,,0.0,,0.0,0.0,,,,,,0.0,,,,,,Magach_6
il_magach_3_idf,5.0,,,0.0,,0.0,50.0,,,0.0,,1.0,0.0,,,,,,Magach_3
uk_a_34_comet_iron_duke,6.0,100.0,0.0,0.0,5.0,10.0,0.0,,,,,,0.0,,,,,,"Comet_I_""Iron_Duke_IV"""
germ_pzkpfw_IV_ausf_F,4.0,100.0,0.0,,4.0,,23.0,,,0.0,,4.0,0.0,,,,,,Pz.IV_F1
ussr_is_7,6.0,100.0,0.0,0.0,8.0,8.0,41.0,95.65,0.0,0.0,6.83,5.89,3.0,100.0,0.0,0.0,1.0,1.0,IS-7
typhoon_mk1b,6.0,100.0,7.0,3.5,5.0,2.5,80.0,83.33,1.22,1.72,2.1,3.04,0.0,,,,,,Typhoon_Mk_Ib
j6k1,5.0,100.0,6.0,6.0,0.0,0.0,42.0,85.0,2.3,2.19,1.35,1.22,28.0,100.0,2.0,1.05,5.0,2.14,J6K1
a6m2_zero_china,4.0,100.0,6.0,6.0,0.0,0.0,0.0,,,,,,0.0,,,,,,A6M2_(China)
j2m5_30mm,4.0,50.0,3.5,3.5,0.0,0.0,19.0,100.0,2.0,1.29,1.0,0.29,0.0,,,,,,J2M5
ussr_object_279,5.0,100.0,0.0,0.0,5.5,5.5,142.0,69.14,0.0,0.0,3.86,3.14,13.0,,,0.0,,1.0,Object_279
j2m2,4.0,100.0,4.0,4.0,0.0,0.0,109.0,100.0,3.0,2.4,1.48,1.31,0.0,,,,,,J2M2
it_m13_40_serie_1,5.0,,,,,,0.0,,,,,,0.0,,,,,,M13/40_(I)
uk_fv4004_conway,2.0,100.0,0.0,0.0,4.0,2.0,28.0,36.84,0.0,0.0,0.63,1.0,0.0,,,,,,Conway
it_m15_42_contraereo,5.0,0.0,3.0,,0.0,,174.0,47.74,1.42,1.82,0.47,0.61,0.0,,,,,,M42_Contraereo
sw_vickers_mk_e_37,4.0,,,0.0,,2.0,0.0,,,,,,0.0,,,,,,Vickers_Mk.E
a6m6c,5.0,100.0,2.0,2.0,0.0,0.0,86.0,50.0,1.63,2.65,2.16,3.81,0.0,,,,,,A6M6c
it_ab_41,2.0,100.0,0.0,,4.0,,20.0,,,0.0,,2.8,0.0,,,,,,AB_41
a7m1,3.0,,,1.0,,0.0,162.0,84.31,2.1,2.21,1.45,1.58,0.0,,,,,,A7M1_(NK9H)
it_zsu_57_2,2.0,50.0,0.0,0.0,1.5,1.5,54.0,75.84,0.0,0.0,3.55,3.07,0.0,,,,,,◔ZSU-57-2
it_oto_r3_t20_fa,5.0,0.0,1.0,1.0,1.0,1.0,177.0,61.6,0.28,0.26,0.19,0.15,0.0,,,,,,R3_T20_FA-HS
jp_type_97_kai,5.0,,,0.0,,1.0,124.0,100.0,0.0,0.0,7.8,2.06,0.0,,,,,,Chi-Ha_Kai
us_m551_76,3.0,,,0.0,,1.0,189.0,72.2,0.0,0.0,3.98,2.07,0.0,,,,,,M551(76)
it_m109g,5.0,,,,,,64.0,63.04,0.0,0.0,0.37,0.53,0.0,,,,,,M109G
b-17g,4.0,,,,,,0.0,,,,,,0.0,,,,,,B-17G-60-VE
bb-1,4.0,,,2.75,,3.0,104.0,87.01,2.21,4.16,6.44,12.8,0.0,,,,,,BB-1
ki-96,5.0,,,,,,41.0,100.0,1.64,1.64,0.72,0.72,0.0,,,,,,Ki-96
cn_m48a1_patton_III,3.0,,,,,,86.0,43.75,0.0,0.0,2.16,1.78,0.0,,,,,,M48A1_(China)
sw_strv_m40l,5.0,100.0,0.0,0.0,1.0,1.0,1.0,,,0.0,,1.0,0.0,,,,,,Strv_m/40L
jp_type_2_ho_i,5.0,,,,,,53.0,100.0,0.0,0.0,2.26,1.64,0.0,,,,,,Ho-I
it_sherman_vc_firefly,3.0,100.0,0.0,0.0,1.0,1.0,22.0,,,0.0,,1.09,0.0,,,,,,Sherman_Vc
ussr_btr_80a,3.0,,,,,,1161.0,49.19,0.0,0.0,1.11,0.92,0.0,,,,,,BTR-80A
il_namer_rcws_30,5.0,,,,,,214.0,53.59,0.04,0.05,1.03,1.06,0.0,,,,,,Namer_30
germ_amd_35_kwk,4.0,100.0,0.0,0.0,0.0,0.0,18.0,,,0.0,,2.44,0.0,,,,,,Pz.Sp.Wg.P204(f)_KwK
germ_thyssen_henschel_tam_2c,5.0,,,0.0,,0.0,439.0,49.36,0.0,0.0,1.38,1.32,0.0,,,,,,TAM_2C
fr_char_2c_bis,5.0,,,,,,0.0,,,,,,0.0,,,,,,2C_bis
fr_somua_s35,3.0,,,0.0,,3.0,0.0,,,,,,0.0,,,,,,S.35
bf-110c-4,4.0,,,,,,0.0,,,,,,0.0,,,,,,Bf_110_C-7
cn_wz_141,4.0,,,0.0,,3.0,87.0,100.0,0.0,0.0,5.23,2.1,0.0,,,,,,WZ141-1
uk_challenger_2_lep,3.0,100.0,0.0,0.0,2.0,2.0,207.0,48.03,0.0,0.0,1.48,1.08,0.0,,,,,,Challenger_3_TD
il_2_37_1943,2.0,,,1.0,,1.0,0.0,,,,,,0.0,,,,,,IL-2-37
ju-87d-5,4.0,,,2.0,,1.75,28.0,,,0.68,,1.0,0.0,,,,,,Ju_87_D-5
ussr_valentine_mk_9,4.0,,,,,,11.0,100.0,0.0,0.0,2.0,2.0,0.0,,,,,,"МК-IX_""Valentine"""
db_7,3.0,,,,,,3.0,,,0.0,,0.0,0.0,,,,,,DB-7
meteor_fmk8_iaf,2.0,,,0.0,,2.0,0.0,,,,,,0.0,,,,,,Meteor_F.8_(Israel)
cn_ztz_96a,4.0,100.0,0.0,0.0,1.75,2.0,200.0,46.65,0.0,0.0,1.28,1.24,0.0,,,,,,ZTZ96A
cn_zsl_92,3.0,,,,,,109.0,81.16,0.0,0.0,0.84,0.63,0.0,,,,,,ZSL92
f6f-5n_france,4.0,,,2.0,,0.0,21.0,0.0,0.0,0.0,1.42,1.18,0.0,,,,,,F6F-5N
ki_10_1,2.0,,,,,,0.0,,,,,,0.0,,,,,,Ki-10-I
a_4h,2.0,,,0.0,,1.0,48.0,69.23,0.69,0.73,0.35,0.38,0.0,,,,,,A-4H_(Israel)
uk_challenger_2e,3.0,,,0.0,,1.0,240.0,55.45,0.0,0.0,3.11,1.75,0.0,,,,,,Challenger_2E
ki_67_1_ko,2.0,,,,,,0.0,,,,,,0.0,,,,,,Ki-67-I_Ko
p-51_a-36,3.0,,,,,,57.0,6.9,1.14,1.15,2.26,2.52,0.0,,,,,,A-36
saab_j21ra,2.0,,,0.0,,1.0,62.0,66.67,1.0,1.0,0.26,0.26,0.0,,,,,,J21RA
cn_type_59,3.0,,,0.0,,2.0,106.0,88.97,0.0,0.0,4.28,2.95,1.0,,,0.0,,1.0,Type_59
cn_m_41d,3.0,,,0.0,,2.0,91.0,86.36,0.0,0.0,1.48,1.27,0.0,,,,,,M41D
bf-109f-4_hungary,4.0,,,,,,68.0,100.0,1.4,0.2,6.0,2.25,0.0,,,,,,◐Bf_109_F-4
ki_67_1_otsu,2.0,,,0.0,,1.0,0.0,,,,,,0.0,,,,,,Ki-67-I_otsu
re_2002_early,3.0,50.0,1.0,2.0,0.5,0.33,0.0,,,,,,0.0,,,,,,Re.2002_Early
jp_type_10_prototype,2.0,,,0.0,,1.0,396.0,52.72,0.0,0.0,2.23,1.8,0.0,,,,,,TKX_(P)
ussr_t_26_1940_1st_GvTBr,3.0,,,,,,9.0,0.0,0.0,0.0,1.0,1.0,22.0,,,0.0,,1.0,T-26_(1st_Gv.T.Br.)
it_of_40_mk_2a,2.0,,,,,,93.0,31.73,0.0,0.0,4.28,2.81,0.0,,,,,,OF-40_Mk.2A
tornado_f3_late,2.0,,,1.0,,0.0,0.0,,,,,,0.0,,,,,,Tornado_F.3_Late
il_centurion_mk_5_shot,4.0,,,,,,51.0,81.25,0.0,0.0,2.46,2.12,0.0,,,,,,Sho't
us_m1128_mgs,2.0,,,0.0,,1.0,542.0,47.47,0.0,0.0,1.16,1.09,0.0,,,,,,M1128
us_m3a3_bradley,2.0,,,0.0,,1.0,441.0,27.85,0.0,0.0,0.73,0.57,0.0,,,,,,M3A3_Bradley
sm_79_1941_italy,2.0,100.0,0.0,0.0,1.0,1.0,0.0,,,,,,0.0,,,,,,S.M.79_AS
pby-5a,4.0,,,,,,0.0,,,,,,0.0,,,,,,PBY-5A_Catalina
p-51c-10_france,4.0,,,,,,0.0,,,,,,0.0,,,,,,F-6C-10-NA
tu-2_postwar,2.0,,,0.0,,0.0,0.0,,,,,,0.0,,,,,,Tu-2S-44
tu-2_postwar_china,2.0,,,0.0,,1.0,57.0,100.0,0.0,0.0,3.23,3.65,0.0,,,,,,Tu-2S-44_(China)
b6n1,2.0,,,0.0,,4.0,0.0,,,,,,0.0,,,,,,B6N1_Model_11
ki-45_ko,2.0,,,,,,0.0,,,,,,0.0,,,,,,Ki-45_ko
it_as_42_metropolitana,1.0,100.0,0.0,0.0,4.0,4.0,1.0,,,0.0,,2.0,0.0,,,,,,AS_42
ussr_object_292,1.0,100.0,0.0,0.0,4.0,4.0,580.0,51.26,0.0,0.0,3.68,2.76,0.0,,,,,,Object_292
corsair_fmk2,2.0,,,,,,11.0,100.0,1.0,1.5,0.0,1.2,0.0,,,,,,Corsair_F_Mk_II
a7m2,2.0,,,,,,176.0,66.52,1.62,1.54,1.49,1.42,0.0,,,,,,A7M2
a6m3_mod22ko_zero,2.0,100.0,2.0,2.0,0.0,0.0,15.0,100.0,0.0,,0.0,,0.0,,,,,,A6M3_mod._22Ko
uk_centurion_mk_1,1.0,,,,,,310.0,55.17,0.0,0.0,2.67,2.4,0.0,,,,,,Centurion_Mk_1
cn_m3a3_stuart_1st_ptg,1.0,,,,,,0.0,,,,,,0.0,,,,,,M3A3_(1st_PTG)_(China)
it_c13_t90,1.0,100.0,0.0,,1.0,,47.0,10.26,0.0,0.0,2.02,0.99,0.0,,,,,,C13_T90
germ_flakpz_1a2_Gepard,1.0,,,1.0,,0.0,599.0,34.9,0.7,0.6,0.42,0.38,0.0,,,,,,Gepard_1A2
sw_strv_m41_s2,1.0,,,,,,17.0,,,0.0,,0.56,0.0,,,,,,Strv_m/41_S-II
f4u-1a_usmc,1.0,,,,,,0.0,,,,,,0.0,,,,,,F4U-1A_(USMC)
p-63a-5,1.0,,,1.0,,0.0,54.0,100.0,3.11,1.81,0.89,0.67,0.0,,,,,,P-63A-5
ussr_2s25m,2.0,,,0.0,,1.0,1065.0,52.01,0.0,0.0,1.47,1.03,5.0,,,0.0,,1.0,2S25M
a6m5ko,2.0,,,1.5,,0.0,188.0,71.34,1.59,1.36,1.96,1.66,0.0,,,,,,A6M5_Ko
douglas_ad_4_france,3.0,,,,,,156.0,56.81,0.68,1.09,1.91,3.03,0.0,,,,,,AD-4
uk_t17e2,1.0,,,,,,28.0,100.0,0.0,0.0,0.0,0.0,0.0,,,,,,Staghound_AA
he-162a-2,2.0,,,1.0,,0.0,38.0,97.92,4.23,4.09,0.13,0.18,0.0,,,,,,He_162_A-2
sw_itpsv_90,2.0,,,0.0,,2.0,1076.0,50.03,0.15,0.11,2.14,1.57,0.0,,,,,,ItPsV_Leopard
yak-9p,3.0,,,2.0,,1.0,16.0,100.0,1.0,1.0,1.0,1.0,0.0,,,,,,Yak-9P
it_fiat_6616_cockerill,1.0,50.0,0.0,0.0,1.0,2.0,251.0,49.89,0.0,0.0,1.1,0.88,0.0,,,,,,AUBL/74
f-86f-40_china,2.0,,,1.0,,0.0,31.0,100.0,2.0,,0.0,,0.0,,,,,,F-86F-40_(China)
ussr_buk_m3_fcs,1.0,,,,,,84.0,48.48,1.25,0.35,0.0,0.0,0.0,,,,,,"9К317М_""БУК-М3""_(СОЦ)"
yak-9ut,1.0,,,,,,244.0,78.12,1.09,0.99,2.79,2.61,46.0,91.3,0.0,0.0,2.48,2.1,Yak-9UT
us_t92,1.0,,,0.0,,1.0,765.0,47.71,0.0,0.0,0.99,1.02,0.0,,,,,,T92
d4y2,2.0,,,,,,0.0,,,,,,0.0,,,,,,D4Y2
lagg-3-66,0.0,,,,,,0.0,,,,,,0.0,,,,,,LaGG-3-66
i-153p,0.0,,,,,,80.0,86.54,6.07,16.92,0.38,1.77,0.0,,,,,,I-153P
ussr_ba_11,2.0,,,,,,11.0,0.0,0.0,0.0,2.0,2.0,0.0,,,,,,BA-11
ro_57_quadriarma,2.0,,,0.0,,2.0,36.0,66.67,0.3,0.5,1.3,2.0,0.0,,,,,,Ro.57_Quadriarma
il_centurion_shot_kal_d,0.0,,,,,,121.0,57.33,0.0,0.0,2.33,1.93,1.0,,,0.0,,2.0,Sho't_Kal_Dalet
us_t34,1.0,,,,,,910.0,56.27,0.0,0.0,2.56,1.82,1.0,,,0.0,,1.0,T34
yak-9p_hungary,0.0,,,,,,0.0,,,,,,0.0,,,,,,◔Yak-9P
p-38l,2.0,,,,,,1.0,,,,,,0.0,,,,,,P-38L-5-LO
il-2i,0.0,,,,,,0.0,,,,,,15.0,,,,,,IL-2_(1942)
brigand_b1,1.0,,,1.0,,1.0,0.0,,,,,,0.0,,,,,,Brigand_B_1
jp_type_61,2.0,,,,,,673.0,70.71,0.0,0.0,1.91,1.61,0.0,,,,,,Type_61
germ_pzkpfw_IV_ausf_E,0.0,,,,,,25.0,,,0.0,,1.0,0.0,,,,,,Pz.IV_E
la-9_china,0.0,,,,,,15.0,56.25,1.19,1.96,0.56,0.54,0.0,,,,,,La-9_(China)
spitfire_xvi,1.0,,,1.0,,0.0,16.0,0.0,3.0,1.0,0.0,0.0,0.0,,,,,,Spitfire_F_Mk_XVI
ussr_bmd_4m2,0.0,,,,,,1032.0,45.97,0.0,0.0,1.24,0.99,7.0,100.0,0.0,0.0,2.0,2.0,БМД-4M2
a6m2_zero,2.0,,,,,,14.0,,,0.0,,1.0,0.0,,,,,,A6M2
il-2m_mstitel,0.0,,,,,,27.0,100.0,0.5,0.19,2.75,1.62,0.0,,,,,,"IL-2M_""Avenger"""
bf-109g-10,0.0,,,,,,44.0,0.0,1.0,,1.0,,0.0,,,,,,Bf_109_G-10
tornado_ids_de_wtd61,0.0,,,,,,84.0,61.99,0.39,0.69,0.67,1.03,28.0,,,0.0,,0.0,◄Tornado_IDS_WTD61
tornado_ids_de_mfg,0.0,,,,,,0.0,,,,,,0.0,,,,,,◄Tornado_IDS_MFG
wm_21,0.0,,,,,,0.0,,,,,,0.0,,,,,,◔WM-21
us_m4a2_1944_germ,0.0,,,,,,6.0,,,0.0,,1.5,0.0,,,,,,M4_748_(a)
us_m247,0.0,,,,,,269.0,52.87,1.01,1.22,0.19,0.22,0.0,,,,,,M247
bf-110f-2,0.0,,,,,,0.0,,,,,,0.0,,,,,,Bf_110_F-2
il_magach_6a,0.0,,,,,,40.0,25.0,0.0,0.0,1.09,0.81,0.0,,,,,,Magach_6A
ki_21_1ko,0.0,,,,,,0.0,,,,,,0.0,,,,,,Ki-21-Ia
fw_190a_5_u14,0.0,,,,,,0.0,,,,,,0.0,,,,,,Fw_190_A-5/U14
saab_b18b,0.0,,,,,,78.0,66.67,0.0,0.0,0.92,0.63,0.0,,,,,,B18B
spitfire_mk14c,0.0,,,,,,26.0,90.91,1.68,1.77,0.0,0.0,0.0,,,,,,Spitfire_F_Mk_XIVc
cr_32_quater,0.0,,,,,,0.0,,,,,,0.0,,,,,,CR.32_quater
er-2_ach30b_late,0.0,,,,,,0.0,,,,,,0.0,,,,,,Yer-2_(ACh-30B)_(l)
it_m13_40_serie_3,0.0,,,,,,6.0,,,,,,0.0,,,,,,M13/40_(III)
us_m4a3e8_76w_sherman_kit_3rank,0.0,,,,,,188.0,54.79,0.01,0.01,2.95,2.82,0.0,,,,,,Sherman_(Hell)
p-38e,0.0,,,,,,0.0,,,,,,0.0,,,,,,P-38E
pv_2d,0.0,,,,,,10.0,33.33,0.7,1.0,2.7,4.0,0.0,,,,,,PV-2D
germ_sturmpanzer_II,0.0,,,,,,4.0,,,0.0,,1.0,0.0,,,,,,Sturmpanzer_II
it_p_40,0.0,,,,,,0.0,,,,,,0.0,,,,,,P40
douglas_ad_2,0.0,,,,,,61.0,45.33,0.08,0.1,0.58,0.62,0.0,,,,,,AD-2
ussr_isu_122,0.0,,,,,,29.0,,,0.0,,2.39,0.0,,,,,,ISU-122
it_40m_turan_1,0.0,,,,,,17.0,23.08,0.0,0.0,1.85,2.38,0.0,,,,,,Turan_I
douglas_ad_4,0.0,,,,,,39.0,93.33,0.07,0.04,2.8,3.19,0.0,,,,,,AD-4
jp_stingray,0.0,,,,,,338.0,57.79,0.0,0.0,1.52,1.46,0.0,,,,,,Stingray
cn_m5a1_stuart,0.0,,,,,,0.0,,,,,,0.0,,,,,,M5A1_(China)
uk_a_13_mk1_3rd_rtr,0.0,,,,,,19.0,,,,,,0.0,,,,,,A13_Mk_I_(3rd_R.T.R.)
am_1_mauler,0.0,,,,,,211.0,62.22,0.48,0.64,1.77,2.03,0.0,,,,,,AM-1
cn_m60a3_tts,0.0,,,,,,9.0,100.0,0.0,0.0,7.33,2.34,1.0,,,0.0,,2.0,M60A3_TTS_(China)
seafire_mk3_france,0.0,,,,,,32.0,100.0,0.64,1.0,1.0,0.25,0.0,,,,,,Seafire_LF_Mk.III
us_m1128_wolfpack,0.0,,,,,,720.0,54.74,0.0,0.0,1.67,1.15,0.0,,,,,,M1128_Wolfpack
he51c1,0.0,,,,,,0.0,,,,,,0.0,,,,,,He_51_C-1
cn_m3a3_stuart,0.0,,,,,,0.0,,,,,,0.0,,,,,,M3A3_Stuart_(China)
fr_amx_50_foch,0.0,,,,,,77.0,28.95,0.0,0.0,2.03,1.36,0.0,,,,,,AMX-50_Foch
us_lvt_a1_m24,0.0,,,,,,8.0,0.0,0.0,0.0,1.0,1.0,0.0,,,,,,LVT(A)(1)_(M24)
la-5fn_luftwaffe,0.0,,,,,,12.0,,,1.0,,0.0,0.0,,,,,,La-5FN
fr_cckw_353_bofors,0.0,,,,,,5.0,100.0,1.0,1.0,2.0,2.0,0.0,,,,,,CCKW_353_AA
spitfiremkiia,0.0,,,,,,7.0,,,,,,0.0,,,,,,Spitfire_Mk_IIa
jp_type_16_mcv_prot,0.0,,,,,,322.0,46.23,0.0,0.0,1.63,1.23,7.0,,,0.0,,0.0,Type_16_(P)
ussr_t_26_4,0.0,,,,,,0.0,,,,,,0.0,,,,,,T-26-4
fr_pzkpfw_V_panther_dauphine,0.0,,,,,,56.0,100.0,0.0,0.0,3.81,1.91,0.0,,,,,,Panther_«Dauphine»
pb4y-2_france,0.0,,,,,,0.0,,,,,,0.0,,,,,,PB4Y-2
fokker_d21_serie3_finland,0.0,,,,,,0.0,,,,,,0.0,,,,,,Fokker_D.XXI-3
cn_is_2_1944,0.0,,,,,,35.0,,,0.0,,1.35,0.0,,,,,,IS-2_(1944)_(China)
f-8e_fn,0.0,,,,,,0.0,,,,,,0.0,,,,,,F-8E(FN)
germ_sdkfz_251_22,0.0,,,,,,30.0,,,0.0,,1.0,0.0,,,,,,Sd.Kfz.251/22
sw_tgdgb_m40_lv,0.0,,,,,,52.0,0.0,0.0,0.0,2.44,0.69,0.0,,,,,,Lvtdgb_m/40
bf-109e-4,0.0,,,,,,6.0,,,,,,0.0,,,,,,Bf_109_E-4
it_semovente_breda_501,0.0,,,,,,37.0,94.12,0.0,0.0,2.68,2.06,0.0,,,,,,Breda_501
ta_154a_1,0.0,,,,,,0.0,,,,,,0.0,,,,,,Ta_154_A-1
gladiator_mk2,0.0,,,,,,0.0,,,,,,0.0,,,,,,Gladiator_Mk_II
il_centurion_shot_kal_gimel,0.0,,,,,,1.0,100.0,0.0,0.0,2.0,2.0,0.0,,,,,,Sho't_Kal_Gimel
cn_su_100_1945,0.0,,,,,,91.0,94.2,0.0,0.0,2.67,1.66,0.0,,,,,,SU-100_(China)
germ_sdkfz_221_s_pz_b_41,0.0,,,,,,21.0,100.0,0.0,0.0,2.0,1.95,0.0,,,,,,Sd.Kfz.221_(s.Pz.B.41)
fr_amx_vtt_dca,0.0,,,,,,66.0,72.58,1.35,2.32,0.63,1.0,0.0,,,,,,VTT_DCA
su-9,0.0,,,,,,287.0,55.04,0.47,0.49,0.24,0.25,0.0,,,,,,Su-9
mc-202_ec,1.0,0.0,3.0,3.0,0.0,0.0,23.0,100.0,0.0,,0.0,,0.0,,,,,,C._202EC
ki_44_1,0.0,,,,,,2.0,,,,,,0.0,,,,,,Ki-44-I
seafire_fr47,0.0,,,,,,6.0,,,1.0,,0.5,0.0,,,,,,Seafire_FR_47
mig_3_series_1_15_bk_pod,0.0,,,,,,0.0,,,,,,0.0,,,,,,MiG-3-15_(BK)
p-40f_10,0.0,,,,,,16.0,50.0,1.5,3.0,0.0,0.0,1.0,100.0,1.0,1.0,1.0,1.0,P-40F-10
fr_m10,0.0,,,,,,173.0,47.5,0.0,0.0,3.99,3.63,0.0,,,,,,M10_GMC
jp_type_95_ha_go,0.0,,,,,,7.0,,,0.0,,0.0,0.0,,,,,,Ha-Go
spitfire_mk18e,0.0,,,,,,27.0,83.33,1.0,1.5,2.8,4.3,0.0,,,,,,Spitfire_F_Mk_XVIIIe
uk_crusader_aa_mk_2_kit_3rank,0.0,,,,,,34.0,81.82,1.0,1.34,0.0,0.0,0.0,,,,,,Crusader_AA_(Overlord)
jp_type_61_mod,0.0,,,,,,105.0,79.09,0.0,0.0,3.51,1.87,0.0,,,,,,Type_61_(B)
a6m5_zero,0.0,,,,,,163.0,59.89,1.51,1.89,0.51,0.6,0.0,,,,,,A6M5
p1y1_mod11_china,0.0,,,,,,0.0,,,,,,0.0,,,,,,P1Y1_mod._11_(China)
us_t32,0.0,,,,,,339.0,51.91,0.0,0.0,3.92,2.34,0.0,,,,,,T32
mirage_5f,0.0,,,,,,16.0,50.0,0.5,1.0,0.0,0.0,0.0,,,,,,Mirage_5F
uk_ratel_90,0.0,,,,,,132.0,83.61,0.0,0.0,2.72,1.51,0.0,,,,,,Ratel_90
caudron_cr714,0.0,,,,,,0.0,,,,,,0.0,,,,,,C.R.714
uk_crusader_mk_2_the_saint,0.0,,,,,,0.0,,,,,,0.0,,,,,,"Crusader_""The_Saint"""
su_17m2,1.0,,,,,,28.0,100.0,0.0,0.0,1.0,0.53,0.0,,,,,,Su-17M2
germ_infanterie_kampfpanzer_churchill,0.0,,,,,,31.0,50.0,0.0,0.0,1.43,1.57,0.0,,,,,,Pz.Kpfw._Churchill
spitfiremkii,0.0,,,,,,0.0,,,,,,0.0,,,,,,Spitfire_Mk_IIb
il_merkava_mk_4b,0.0,,,,,,33.0,40.91,0.0,0.0,2.7,2.07,0.0,,,,,,Merkava_Mk.4B
f-104c,0.0,,,,,,0.0,,,,,,0.0,,,,,,F-104C
cn_vt_5,0.0,,,,,,261.0,51.5,0.0,0.0,1.4,1.36,0.0,,,,,,VT5
uk_3_inch_gun_carrier,0.0,,,,,,0.0,,,,,,0.0,,,,,,Gun_Carrier_(3-in)
il_merkava_mk_3b,0.0,,,,,,215.0,48.08,0.0,0.0,1.58,1.75,0.0,,,,,,Merkava_Mk.3B
ussr_su_57b,0.0,,,,,,20.0,50.0,0.0,0.0,1.0,2.0,0.0,,,,,,SU-57B
a6m2_zero_usa,0.0,,,,,,8.0,,,,,,0.0,,,,,,A6M2
a6m2_n_zero,0.0,,,,,,7.0,,,0.0,,0.0,0.0,,,,,,A6M2-N
me_210a_1,0.0,,,,,,37.0,,,0.0,,0.0,0.0,,,,,,Me_210_A-1
yak-9t_france,0.0,,,,,,22.0,,,,,,0.0,,,,,,Challe's_Yak-9T
f-100d,0.0,,,,,,206.0,46.7,1.99,3.06,0.35,0.46,0.0,,,,,,F-100D
me-262a1_u1,0.0,,,,,,180.0,28.73,0.3,0.28,0.53,0.48,0.0,,,,,,Me_262_A-1a/U1
hurricane_mk1b,0.0,,,,,,0.0,,,,,,0.0,,,,,,Sea_Hurricane_Mk_IB
p-40e_china,0.0,,,,,,44.0,47.22,1.06,1.18,1.5,1.59,0.0,,,,,,P-40E-1_(China)
mig_23mla,0.0,,,,,,59.0,51.28,1.69,1.81,0.27,0.24,0.0,,,,,,◊MiG-23MLA
f-104a,0.0,,,,,,29.0,33.33,1.0,0.27,0.15,0.05,0.0,,,,,,F-104A
halifax_mk3,0.0,,,,,,0.0,,,,,,0.0,,,,,,Halifax_B_Mk_IIIa
i-16_type18,0.0,,,,,,0.0,,,,,,0.0,,,,,,I-16_type_18
f6f-5_france,0.0,,,,,,122.0,57.11,0.12,0.14,1.45,1.81,0.0,,,,,,F6F-5
yak-3_vk107,0.0,,,,,,8.0,30.0,1.3,2.2,0.0,0.0,14.0,,,,,,Yak-3_(VK-107)
iar_81c,0.0,,,,,,2.0,50.0,1.5,3.0,0.5,1.0,0.0,,,,,,IAR-81C
tu-2,0.0,,,,,,26.0,100.0,0.0,0.0,3.73,2.7,6.0,50.0,0.0,0.0,0.5,1.0,Tu-2S
it_otobreda_sidam_25,0.0,,,,,,14.0,,,,,,0.0,,,,,,SIDAM_25
it_m11_39,0.0,,,,,,0.0,,,,,,0.0,,,,,,M11/39
ki_61_1a_tei,0.0,,,,,,67.0,97.22,1.78,3.3,1.81,3.09,0.0,,,,,,Ki-61-I_tei
germ_wiesel_2_adwc,0.0,,,,,,104.0,38.21,1.15,1.46,0.0,0.0,0.0,,,,,,Ozelot
germ_pzkpfw_II_ausf_C,0.0,,,,,,31.0,100.0,0.0,,2.58,,0.0,,,,,,Pz.II_C
ju-87b-2,0.0,,,,,,74.0,54.94,0.46,0.58,0.19,0.23,0.0,,,,,,Ju_87_B-2
j6b,0.0,,,,,,0.0,,,,,,0.0,,,,,,J6B
ki_43_3_ko,0.0,,,,,,0.0,,,,,,0.0,,,,,,Ki-43-III_ko_(China)
il_m163_vulcan,0.0,,,,,,0.0,,,,,,0.0,,,,,,Hovet
p-36g,0.0,,,,,,0.0,,,,,,0.0,,,,,,P-36G
mc-202_italy,0.0,,,,,,0.0,,,,,,0.0,,,,,,C._202
us_m46_patton,0.0,,,,,,645.0,55.63,0.0,0.0,2.04,2.15,0.0,,,,,,M46
i-15_1935,0.0,,,,,,0.0,,,,,,0.0,,,,,,I-15_M-22
la-11_china,0.0,,,,,,29.0,,,,,,0.0,,,,,,La-11_(China)
tornado_gr1,0.0,,,,,,0.0,,,,,,0.0,,,,,,Tornado_GR.1
bf-109e-1,0.0,,,,,,50.0,91.31,1.78,1.74,0.82,0.9,0.0,,,,,,Bf_109_E-1
it_b1_centauro,0.0,,,,,,166.0,88.22,0.0,0.0,3.55,1.88,0.0,,,,,,Centauro_I_105
cn_ztz_59a,0.0,,,,,,56.0,90.0,0.0,0.0,1.9,2.69,4.0,100.0,0.0,0.0,2.0,2.0,ZTZ59A
g_55_serie1,0.0,,,,,,6.0,100.0,1.0,0.5,0.0,0.0,0.0,,,,,,G.55_serie_1
fokker_d21_mod20,0.0,,,,,,0.0,,,,,,0.0,,,,,,Fokker_D.XXI
f8f1b_france,0.0,,,,,,99.0,90.48,2.24,1.97,3.1,2.82,0.0,,,,,,F8F-1B
spitfire_lf_mk9e_iaf,0.0,,,,,,9.0,,,,,,0.0,,,,,,Spitfire_Mk.IX_(CW)_(Israel)
uk_marmon_herrington_mk_6_6pdr,0.0,,,,,,74.0,18.75,0.0,0.0,2.38,1.15,0.0,,,,,,SARC_MkVI_(6pdr)
us_m50_ontos,0.0,,,,,,257.0,71.77,0.0,0.0,2.31,1.54,0.0,,,,,,M50
fw_190f_8_hungary,0.0,,,,,,0.0,,,,,,0.0,,,,,,◔Fw_190_F-8
ussr_bmd_4,0.0,,,,,,211.0,66.28,0.0,0.0,3.53,1.65,10.0,,,,,,BMD-4
germ_pzkpfw_38t_Marder_III,0.0,,,,,,0.0,,,,,,0.0,,,,,,Marder_III
fr_amx_40,0.0,,,,,,182.0,72.76,0.0,0.0,2.84,2.22,0.0,,,,,,AMX-40
germ_flakpanzer_IV_Ostwind_2_net,0.0,,,,,,174.0,21.5,0.7,0.51,0.61,0.52,25.0,0.0,0.72,0.52,0.0,0.0,Ostwind_Ost
cn_m42_duster,0.0,,,,,,23.0,0.0,0.0,0.0,1.0,1.0,0.0,,,,,,M42_(China)
it_ariete_amv_pt1,0.0,,,,,,48.0,13.64,0.0,0.0,6.86,4.38,0.0,,,,,,Ariete_AMV
germ_sdkfz_234_2_mod,0.0,,,,,,102.0,56.0,0.0,0.0,1.76,0.83,0.0,,,,,,"Sd.Kfz.234/2_""Biene"""
cn_is_2_1943_no402,0.0,,,,,,36.0,50.0,0.0,0.0,1.42,1.42,0.0,,,,,,IS-2_No.402
mig-19pt,0.0,,,,,,145.0,16.93,3.24,2.62,0.67,0.58,0.0,,,,,,MiG-19PT
f4u-7,0.0,,,,,,150.0,79.03,0.82,1.05,3.27,3.44,18.0,71.43,2.29,2.29,3.43,3.43,F4U-7
fr_amx_30_dca,0.0,,,,,,320.0,41.29,0.42,0.33,0.44,0.35,0.0,,,,,,AMX-30_DCA
he51c1_late,0.0,,,,,,0.0,,,,,,0.0,,,,,,He_51_C-1/L
mosquito_f_mk2_norway,0.0,,,,,,19.0,,,,,,0.0,,,,,,◢Mosquito_F.Mk.II
ussr_t_50,0.0,,,,,,35.0,70.84,0.0,0.0,2.54,2.35,0.0,,,,,,T-50
f3f-2,0.0,,,,,,0.0,,,,,,0.0,,,,,,F3F-2
uk_a27m_cromwell_1,0.0,,,,,,66.0,74.07,0.0,0.0,1.7,1.35,0.0,,,,,,Cromwell_I
su_33,0.0,,,,,,304.0,30.47,1.38,0.93,0.0,0.0,5.0,,,1.0,,0.0,Су-33
ussr_2s25,0.0,,,,,,798.0,58.97,0.0,0.0,1.55,1.32,0.0,,,,,,2S25
fr_m4a4_cn_75_50,0.0,,,,,,153.0,53.62,0.0,0.0,1.45,1.69,0.0,,,,,,M4A4_(SA50)
germ_pzkpfw_III_ausf_J,0.0,,,,,,32.0,,,0.0,,2.88,0.0,,,,,,Pz.III_J1
f_106a_1972,0.0,,,,,,58.0,0.0,4.63,3.29,0.0,0.0,0.0,,,,,,F-106A
jp_type_90,0.0,,,,,,583.0,48.1,0.0,0.0,1.85,1.76,0.0,,,,,,Type_90
hunter_f6_holland,0.0,,,,,,36.0,50.0,1.0,2.0,1.0,2.0,0.0,,,,,,◘Hunter_F.6
us_sl_amraam_fcs,0.0,,,1.0,,0.0,201.0,55.9,1.23,1.09,0.0,0.0,0.0,,,,,,CLAWS_(СОЦ)
mc-205_serie3,0.0,,,,,,48.0,100.0,3.31,2.0,2.28,0.0,0.0,,,,,,C._205_serie_3
hs-129b-3,0.0,,,,,,24.0,,,,,,0.0,,,,,,Hs_129_B-3
tornado_gr4,0.0,,,,,,28.0,43.75,1.0,1.56,0.13,0.19,0.0,,,,,,Tornado_GR.4
mc200_serie7_italy,0.0,,,,,,0.0,,,,,,0.0,,,,,,C._200_serie_7
n1k2_jko,0.0,,,,,,123.0,86.56,0.6,0.61,1.22,1.21,0.0,,,,,,N1K2-Ja
germ_th_400,0.0,,,,,,138.0,30.09,0.0,0.0,1.63,0.92,0.0,,,,,,R400
d4y3,0.0,,,,,,0.0,,,,,,0.0,,,,,,D4Y3_Ko
mc-202_d,0.0,,,,,,0.0,,,,,,0.0,,,,,,C._202D
germ_leopard_2_pt14,0.0,,,,,,57.0,35.0,0.0,0.0,5.65,4.13,0.0,,,,,,PT-16/T14_mod.
mirage_3c,0.0,,,,,,38.0,92.38,2.84,3.04,0.04,0.06,0.0,,,,,,Mirage_IIIC
sb2c_1c,0.0,,,,,,3.0,,,0.0,,0.0,0.0,,,,,,SB2C-1C
us_m551,0.0,,,,,,506.0,60.83,0.0,0.0,1.18,0.8,0.0,,,,,,M551
it_semovente_m43_75_46,0.0,,,,,,14.0,,,0.0,,1.0,0.0,,,,,,75/46_M43
fury_mk2,0.0,,,,,,0.0,,,,,,0.0,,,,,,Fury_Mk_II
fr_amc_34,0.0,,,,,,0.0,,,,,,0.0,,,,,,AMC.34_YR
ussr_zsu_23_4,0.0,,,,,,203.0,48.28,1.05,0.88,0.05,0.07,0.0,,,,,,ZSU-23-4
cn_isu_152,0.0,,,,,,36.0,100.0,0.0,0.0,1.0,0.6,0.0,,,,,,ISU-152_(China)
uk_m3a1_stuart,0.0,,,,,,9.0,,,,,,0.0,,,,,,Stuart_III
i-15_1934,0.0,,,,,,0.0,,,,,,0.0,,,,,,I-15_WR
uk_bosvark,0.0,,,,,,33.0,43.33,0.38,0.38,0.38,0.38,0.0,,,,,,Bosvark
uk_badger,0.0,,,,,,53.0,76.19,0.0,0.0,2.45,2.06,0.0,,,,,,Badger
us_m56_scorpion,0.0,,,,,,249.0,46.24,0.0,0.0,2.72,0.88,0.0,,,,,,M56
pb4y-2,0.0,,,,,,0.0,,,,,,0.0,,,,,,PB4Y-2
jp_type_60_atm,0.0,,,,,,116.0,44.44,0.0,0.0,0.6,0.33,0.0,,,,,,Type_60_ATM
douglas_a_1h,0.0,,,,,,533.0,91.95,0.47,0.41,6.9,5.87,0.0,,,,,,A-1H
maryland_mk1_france,0.0,,,,,,0.0,,,,,,0.0,,,,,,Martin_167-A3
us_m18_hellcat_black_cat_race,,,,,,,,,,,,,,,,,,,"""Racing""_M18"
it_semovente_m43_105,0.0,,,,,,11.0,,,,,,0.0,,,,,,105/25_M43
germ_panzerwerfer_42,0.0,,,,,,3.0,,,,,,0.0,,,,,,15_cm_Pz.W.42
fr_char_2c,0.0,,,,,,0.0,,,,,,0.0,,,,,,2C
ussr_zprk_2s6,0.0,,,,,,727.0,47.63,0.55,0.56,0.45,0.45,0.0,,,,,,2S6
it_semovente_l40,0.0,,,,,,0.0,,,,,,0.0,,,,,,47/32_L40
it_semovente_m41_75_18,0.0,,,,,,6.0,,,0.0,,3.0,0.0,,,,,,75/18_M41
it_semovente_m42_75_34,0.0,,,,,,0.0,,,,,,0.0,,,,,,75/34_M42
it_semovente_m43_75_34,0.0,,,,,,0.0,,,,,,0.0,,,,,,75/34_M43
ussr_buk_m3_launcher,,,,,,,,,,,,,,,,,,,"9К317М_""БУК-М3""_(СОУ)"
a_10c,0.0,,,,,,23.0,100.0,1.32,1.32,8.29,8.29,0.0,,,,,,A-10C
a-26b,0.0,,,,,,0.0,,,,,,0.0,,,,,,A-26B-50
a-26c,0.0,,,,,,0.0,,,,,,0.0,,,,,,A-26C-45
a-26c-45-dt,0.0,,,,,,11.0,,,0.0,,0.0,0.0,,,,,,A-26C-45DT
a_29_hudson,0.0,,,,,,0.0,,,,,,0.0,,,,,,A-29
a-35b,0.0,,,,,,10.0,,,0.0,,0.0,0.0,,,,,,A-35B
a_4b,0.0,,,,,,249.0,66.83,0.09,0.15,2.15,3.15,0.0,,,,,,A-4B
a_4e_early,0.0,,,,,,371.0,56.6,0.32,0.28,2.3,2.12,0.0,,,,,,A-4E_Early
a_7d,0.0,,,,,,36.0,50.0,1.38,1.58,2.29,3.32,0.0,,,,,,A-7D
a_7e,0.0,,,,,,0.0,,,,,,0.0,,,,,,A-7E
a_7e_thailand,0.0,,,,,,0.0,,,,,,0.0,,,,,,A-7E
uk_ac4_thunderbolt,0.0,,,,,,0.0,,,,,,1.0,,,,,,A.C.IV
vampire_fb5_j28b,0.0,,,,,,36.0,,,2.38,,1.38,0.0,,,,,,A28B
saab_j29b,0.0,,,,,,16.0,6.06,0.15,2.5,1.03,3.5,0.0,,,,,,A29B
a2d,0.0,,,,,,503.0,61.02,0.24,0.24,1.65,1.61,27.0,,,0.57,,1.71,A2D-1
saab_a32a,0.0,,,,,,27.0,64.29,2.07,1.29,4.93,3.31,0.0,,,,,,A32A
saab_a32a_red_adam,0.0,,,,,,0.0,,,,,,0.0,,,,,,A32A_Röd_Adam
a6m2_mod11,0.0,,,,,,114.0,98.28,0.85,1.57,0.36,0.53,0.0,,,,,,A6M2_mod._11
a7he1,0.0,,,,,,0.0,,,,,,0.0,,,,,,A7He1
germ_a7v,0.0,,,,,,0.0,,,,,,0.0,,,,,,A7V
uk_17_pdr_m10_achilles,0.0,,,,,,41.0,,,0.0,,1.72,0.0,,,,,,Achilles
douglas_ad_4na_france,0.0,,,,,,39.0,0.0,0.0,,1.0,,0.0,,,,,,AD-4NA
uk_adats_m113a3,0.0,,,,,,162.0,41.95,1.59,1.26,0.54,0.42,0.0,,,,,,ADATS_(M113)
uk_armored_car_mk_2_aa,0.0,,,,,,25.0,,,0.0,,0.0,0.0,,,,,,AEC_AA
uk_armored_car_aec_mk_2,0.0,,,,,,71.0,50.56,0.0,0.0,2.21,2.28,0.0,,,,,,AEC_Mk_II
fa_18a_hug_2_raaf,0.0,,,,,,20.0,63.64,0.64,0.64,0.0,0.0,2.0,,,0.0,,0.0,AF/A-18A_Late
cn_hj_9,0.0,,,,,,163.0,54.73,0.0,0.0,2.61,2.36,0.0,,,,,,AFT09
us_ags_teledyne,0.0,,,,,,91.0,55.56,0.0,0.0,4.75,2.76,0.0,,,,,,AGS
aichi_e13a,,,,,,,,,,,,,,,,,,,Aichi_E13A1
saab_aj37,0.0,,,,,,82.0,53.87,0.38,0.5,0.77,0.97,0.0,,,,,,AJ37
uk_ajax,0.0,,,,,,268.0,42.82,0.0,0.0,1.99,1.51,0.0,,,,,,Ajax
saab_ajs37,0.0,,,,,,54.0,100.0,0.33,0.33,2.42,2.42,0.0,,,,,,AJS37
saab_ajs37_early,0.0,,,,,,94.0,62.8,0.58,0.74,0.89,1.21,0.0,,,,,,AJS37_(Early)
uk_alecto_mk_1,0.0,,,,,,0.0,,,,,,0.0,,,,,,Alecto_I
alpha_jet_a_jabog41,0.0,,,,,,72.0,42.59,0.0,0.0,1.02,1.35,0.0,,,,,,Alpha_Jet_A_(JaboG_41)
alpha_jet_e,0.0,,,,,,37.0,100.0,0.0,0.03,1.0,0.39,0.0,,,,,,Alpha_Jet_E
alpha_jet_th_phase_1,0.0,,,,,,15.0,54.17,1.05,2.0,0.59,1.08,0.0,,,,,,Alpha_Jet_TH
fr_amc_35,0.0,,,,,,0.0,,,,,,0.0,,,,,,AMC.35_(ACG.1)
fr_amd_35,0.0,,,,,,16.0,,,0.0,,2.94,0.0,,,,,,AMD.35
fr_aml_90,0.0,,,,,,269.0,65.17,0.0,0.0,1.88,1.22,0.0,,,,,,AML-90
fr_amr_35_zt3,0.0,,,,,,0.0,,,,,,0.0,,,,,,AMR.35_ZT3
amx,0.0,,,,,,0.0,,,,,,0.0,,,,,,AMX
amx_a_1a_brazil,0.0,,,,,,16.0,,,0.0,,0.0,3.0,,,,,,AMX_A-1A
fr_amx_10m_acra,0.0,,,,,,27.0,100.0,0.0,0.0,4.0,2.0,0.0,,,,,,AMX-10M
fr_amx_10p,0.0,,,,,,345.0,62.23,0.43,0.46,0.55,0.57,0.0,,,,,,AMX-10P
fr_amx_13_hot,0.0,,,,,,16.0,50.0,0.0,0.0,1.0,2.0,0.0,,,,,,AMX-13_(HOT)
fr_amx_13_75_ss11,0.0,,,,,,37.0,100.0,0.0,0.0,3.36,2.21,0.0,,,,,,AMX-13_(SS.11)
fr_amx_30,0.0,,,,,,168.0,54.01,0.0,0.0,1.87,2.26,0.0,,,,,,AMX-30
fr_amx_30_1972,0.0,,,,,,386.0,52.57,0.0,0.0,2.19,1.49,0.0,,,,,,AMX-30_(1972)
fr_amx_30_super,0.0,,,,,,557.0,55.25,0.0,0.0,3.22,2.13,0.0,,,,,,AMX-30_Super
fr_amx_32_105,0.0,,,,,,191.0,56.36,0.0,0.0,3.23,2.65,0.0,,,,,,AMX-32_(105)
fr_amx_50_1950,0.0,,,,,,153.0,56.45,0.0,0.0,4.29,2.73,11.0,,,0.0,,3.0,AMX-50_(TO90/930)
fr_amx_50_surblinde,0.0,,,,,,5.0,100.0,0.0,0.0,4.0,3.6,0.0,,,,,,AMX-50_Surblindé
cn_antelope_tc_1l_ads,0.0,,,,,,25.0,66.67,0.0,0.0,0.0,0.0,0.0,,,,,,Antelope
arado-196a-5,0.0,,,,,,0.0,,,,,,0.0,,,,,,Ar_196_A-5
arado-234,0.0,,,,,,57.0,90.0,0.0,0.0,3.27,3.67,0.0,,,,,,Ar_234_B-2
arado-234c-3,0.0,,,,,,9.0,,,0.0,,1.0,0.0,,,,,,Ar_234_C-3
it_c1_ariete,0.0,,,,,,92.0,50.0,0.0,0.0,3.5,2.41,0.0,,,,,,Ariete
ariete,0.0,,,,,,190.0,62.64,2.67,4.44,1.55,2.29,10.0,,,5.0,,0.0,Ariete
it_c1_ariete_pso,0.0,,,,,,95.0,79.55,0.0,0.0,4.2,3.38,0.0,,,,,,Ariete_PSO
sw_asrad_r,0.0,,,,,,35.0,100.0,2.58,,0.0,,0.0,,,,,,ASRAD-R
attaker_fb1,0.0,,,,,,0.0,,,,,,0.0,,,,,,Attacker_FB_1
attaker_fb2,0.0,,,,,,0.0,,,,,,0.0,,,,,,Attacker_FB.2
f4u-6_au-1,0.0,,,,,,208.0,65.46,0.43,0.45,2.97,3.05,0.0,,,,,,AU-1
it_aubl_74_60_70m,0.0,,,,,,141.0,80.72,0.0,0.0,3.88,1.55,0.0,,,,,,AUBL/74_HVG
fr_amx_30_auf_1,0.0,,,,,,75.0,50.0,0.28,0.26,1.17,1.53,0.0,,,,,,AuF1
av_8b_na,0.0,,,,,,460.0,64.78,0.5,0.59,0.72,0.94,35.0,100.0,1.0,0.47,13.33,7.81,AV-8B_(NA)
av_8b_plus_italy,0.0,,,,,,5.0,,,2.0,,0.0,0.0,,,,,,AV-8B_Plus
av_8s_thailand,0.0,,,,,,45.0,50.0,2.0,0.77,2.0,2.0,0.0,,,,,,AV-8S
av_8s_late_thailand,0.0,,,,,,9.0,100.0,1.0,1.0,0.0,0.0,0.0,,,,,,AV-8S_Late
avenger_mk1,0.0,,,,,,0.0,,,,,,0.0,,,,,,Avenger_Mk_II
a_4n,0.0,,,,,,113.0,83.87,2.83,3.04,7.09,7.26,0.0,,,,,,Ayit
b_10b,0.0,,,,,,0.0,,,,,,0.0,,,,,,B-10B
b-17e_japan,0.0,,,,,,0.0,,,,,,0.0,,,,,,B-17E
b-17e,0.0,,,,,,0.0,,,,,,0.0,,,,,,B-17E
b_18a,0.0,,,,,,0.0,,,,,,0.0,,,,,,B-18A
b_25j_1,0.0,,,,,,0.0,,,,,,0.0,,,,,,B-25J-1
b_25j_20,0.0,,,,,,0.0,,,,,,0.0,,,,,,B-25J-20
b_26b_c,0.0,,,,,,0.0,,,,,,0.0,,,,,,B-26B
b_26c_france,0.0,,,,,,0.0,,,,,,0.0,,,,,,B-26C
b_34,0.0,,,,,,0.0,,,,,,0.0,,,,,,B-34
b_52h,0.0,,,,,,23.0,100.0,0.0,0.0,6.0,6.0,0.0,,,,,,B-52H
b-57,0.0,,,,,,0.0,,,,,,1.0,,,0.0,,0.0,B-57A
b-57b,0.0,,,,,,0.0,,,,,,0.0,,,,,,B-57B
b_66b,0.0,,,,,,0.0,,,,,,0.0,,,,,,B-66B
br_20_dr,0.0,,,,,,0.0,,,,,,0.0,,,,,,B.R.20DR
br_20m_m1,0.0,,,,,,0.0,,,,,,0.0,,,,,,B.R.20M_M1
fr_b1_bis,0.0,,,,,,35.0,,,0.0,,1.87,0.0,,,,,,B1_bis
fr_b1_ter,0.0,,,,,,32.0,100.0,0.0,0.0,3.16,3.04,0.0,,,,,,B1_ter
saab_b17a,0.0,,,,,,0.0,,,,,,0.0,,,,,,B17A
saab_b17b,0.0,,,,,,27.0,0.0,0.0,0.0,0.0,0.0,0.0,,,,,,B17B
saab_b18a,0.0,,,,,,0.0,,,,,,0.0,,,,,,B18A
b6n2,0.0,,,,,,0.0,,,,,,0.0,,,,,,B6N2_Model_12
b6n2a,0.0,,,,,,0.0,,,,,,0.0,,,,,,B6N2a_Model_12Ko
ba_65_k14_l,0.0,,,,,,0.0,,,,,,0.0,,,,,,Ba.65_(K.14)_L
ba_65_a80,0.0,,,,,,0.0,,,,,,0.0,,,,,,Ba.65_A.80
f_16d_block_40_barak_2,0.0,,,,,,38.0,96.05,0.57,1.08,0.95,1.42,0.0,,,,,,Barak_II
il_m113_hvms,0.0,,,,,,140.0,43.39,0.0,0.0,1.02,0.98,0.0,,,,,,Bardelas/60mm_HVMS
f_15a_iaf,0.0,,,,,,0.0,,,,,,0.0,,,,,,Baz
f_15c_baz_msip,0.0,,,,,,0.0,,,,,,0.0,,,,,,Baz_Meshupar
be_6,0.0,,,,,,0.0,,,,,,0.0,,,,,,Be-6
beaufighter_mk1_40mm,0.0,,,,,,0.0,,,,,,0.0,,,,,,Beaufighter_Mk_I_(40-mm)
germ_beutepanzer_mk_iv,0.0,,,,,,0.0,,,,,,0.0,,,,,,Beutepanzer_IV
bf-109c_1_promo,0.0,,,,,,0.0,,,,,,0.0,,,,,,Bf_109_C-1_Promo
bf-109e-3_japan,0.0,,,,,,41.0,57.14,1.14,2.0,0.0,0.0,0.0,,,,,,Bf_109_E-7
bf-109e-7,0.0,,,,,,0.0,,,,,,0.0,,,,,,Bf_109_E-7/U2
bf-109g-14,0.0,,,,,,26.0,100.0,2.0,0.79,2.0,0.43,0.0,,,,,,Bf_109_G-14
bf-109g-14as,0.0,,,,,,30.0,0.0,0.36,0.36,0.93,0.93,0.0,,,,,,Bf_109_G-14/AS
bf-109g-6_finland,0.0,,,,,,45.0,100.0,4.08,5.67,2.36,3.17,0.0,,,,,,Bf_109_G-6
bf-109k-4,0.0,,,,,,451.0,58.33,1.42,1.85,0.49,0.62,8.0,100.0,6.67,3.33,0.0,0.0,Bf_109_K-4
bf-109z,0.0,,,,,,2.0,,,2.0,,3.0,0.0,,,,,,Bf_109_Z-1
bf-110c-6,0.0,,,,,,0.0,,,,,,0.0,,,,,,Bf_110_C-6
bi,0.0,,,,,,0.0,,,,,,0.0,,,,,,BI
jp_oplot_t,0.0,,,,,,389.0,62.24,0.0,0.0,2.81,2.06,0.0,,,,,,BM_Oplot-T
ussr_bm_13n,0.0,,,,,,26.0,42.86,0.0,0.0,1.14,1.14,0.0,,,,,,BM-13N
ussr_bm_31_12,0.0,,,,,,53.0,98.64,0.0,0.0,0.08,0.06,0.0,,,,,,BM-31-12
ussr_bm_8_24,0.0,,,,,,0.0,,,,,,0.0,,,,,,BM-8-24
ussr_bmp_2m,0.0,,,,,,1362.0,44.53,0.0,0.0,1.26,0.86,25.0,,,0.0,,1.0,BMP-2M
sw_bmp_2md,0.0,,,,,,182.0,60.0,0.0,0.0,1.1,0.66,0.0,,,,,,BMP-2MD
p-38j_marge,0.0,,,,,,41.0,100.0,5.0,,4.0,,23.0,100.0,2.0,1.83,2.0,1.83,Bong's_P-38J-15
boston_mk_1,0.0,,,,,,0.0,,,,,,0.0,,,,,,Boston_Mk_I
br_693_ab2,0.0,,,,,,0.0,,,,,,0.0,,,,,,Br.693AB2
breda_88,0.0,,,,,,0.0,,,,,,0.0,,,,,,Breda_88_(P.XI)
ussr_bt_7_1937_td,0.0,,,,,,0.0,,,,,,0.0,,,,,,BT-7_TD
ussr_bt_7a_f32,0.0,,,,,,137.0,59.73,0.0,0.0,1.84,1.75,0.0,,,,,,BT-7A_(F-32)
buccaneer_s1,0.0,,,,,,16.0,100.0,0.0,0.0,0.0,0.0,0.0,,,,,,Buccaneer_S.1
buccaneer_s2,0.0,,,,,,44.0,28.95,0.0,0.0,0.84,0.54,0.0,,,,,,Buccaneer_S.2
bv-138c-1,0.0,,,,,,0.0,,,,,,0.0,,,,,,BV_138_C-1
bv-238,0.0,,,,,,0.0,,,,,,0.0,,,,,,BV_238
mc200_serie3_italy,1.0,100.0,1.0,1.0,0.0,0.0,0.0,,,,,,0.0,,,,,,C._200_serie_3
mc200_serie3,0.0,,,,,,0.0,,,,,,0.0,,,,,,C._200_serie_3
mc200_serie7,0.0,,,,,,0.0,,,,,,0.0,,,,,,C._200_serie_7
mc-202,0.0,,,,,,0.0,,,,,,0.0,,,,,,C._202
mc-205_n2,0.0,,,,,,52.0,73.33,2.27,4.0,0.0,0.0,0.0,,,,,,C._205N2
it_c13_tua,0.0,,,,,,0.0,,,,,,0.0,,,,,,C13/TUA
germ_leopard_c2_mexas,0.0,,,,,,43.0,50.0,0.0,0.0,2.58,2.43,0.0,,,,,,C2A1
uk_fv221_caernarvon,0.0,,,,,,164.0,65.72,0.0,0.0,2.33,1.45,2.0,0.0,0.0,0.0,4.0,4.0,Caernarvon
us_m4_sherman_calliope,0.0,,,,,,9.0,100.0,0.0,0.0,6.2,6.2,0.0,,,,,,Calliope
canberra_bimk6,0.0,,,,,,56.0,100.0,4.3,17.0,0.5,2.0,0.0,,,,,,Canberra_B_(I)_Mk_6
canberra_bmk2,0.0,,,,,,0.0,,,,,,0.0,,,,,,Canberra_B_Mk_2
pby-5a_raf,0.0,,,,,,0.0,,,,,,0.0,,,,,,Catalina_Mk_IIIa
cn_gmc_cckw_353_m45_quad,0.0,,,,,,13.0,,,1.0,,0.0,0.0,,,,,,CCKW_353_(M45)
it_sahariano,0.0,,,,,,0.0,,,,,,0.0,,,,,,Celere_Sahariano
it_b1_centauro_romor,0.0,,,,,,33.0,65.15,0.0,0.0,1.27,1.31,0.0,,,,,,Centauro_I_105_R
it_centauro_mgs_120,0.0,,,,,,38.0,62.5,0.0,0.0,1.77,2.2,0.0,,,,,,Centauro_I_120
it_centauro_2,0.0,,,,,,89.0,67.78,0.0,0.0,2.65,2.31,0.0,,,,,,Centauro_II_(P)
uk_centurion_action_x,0.0,,,,,,12.0,,,0.0,,1.0,0.0,,,,,,Centurion_Action_X
uk_centurion_mk_2,0.0,,,,,,91.0,48.1,0.0,0.0,2.95,2.64,0.0,,,,,,Centurion_Mk.2
uk_centurion_mk_5_raac,0.0,,,,,,50.0,100.0,0.0,0.0,3.69,2.15,0.0,,,,,,Centurion_Mk.5/1
uk_challenger_2_megatron,0.0,,,,,,448.0,55.13,0.0,0.0,3.78,1.75,0.0,,,,,,Challenger_2_OES
uk_charioteer_mk_7,0.0,,,,,,180.0,48.39,0.0,0.0,2.83,2.21,0.0,,,,,,Charioteer_Mk_VII
jp_type_97_kai_td,0.0,,,,,,0.0,,,,,,0.0,,,,,,Chi-Ha_Kai_TD
jp_type_1_chi_he_5th_regiment,0.0,,,,,,8.0,100.0,0.0,0.0,1.0,1.0,0.0,,,,,,Chi-He_(5th_Regiment)
uk_chieftain_mk_3,0.0,,,,,,250.0,49.95,0.0,0.0,1.65,1.68,0.0,,,,,,Chieftain_Mk_3
uk_churchill_avre,0.0,,,,,,0.0,,,,,,0.0,,,,,,Churchill_AVRE_Petard
f-86_cl_13_mk4_italy,0.0,,,,,,0.0,,,,,,0.0,,,,,,CL-13_Mk.4
germ_th_800_bismark,0.0,,,,,,3.0,,,0.0,,3.0,0.0,,,,,,Class_3_(P)
us_sl_amraam_launcher,,,,,,,,,,,,,,,,,,,CLAWS_(СОУ)
fr_marder_clovis,0.0,,,,,,261.0,55.89,0.0,0.0,1.97,1.95,9.0,,,0.0,,1.0,CLOVIS
it_fiat_cm52,0.0,,,,,,0.0,,,,,,0.0,,,,,,CM52
cr_32_bis,0.0,,,,,,0.0,,,,,,0.0,,,,,,CR.32_bis
fiat_cr42,0.0,,,,,,0.0,,,,,,0.0,,,,,,CR.42
fiat_cr42_italy,0.0,,,,,,0.0,,,,,,0.0,,,,,,CR.42
uk_crusader_aa_mk_2,0.0,,,,,,31.0,55.0,0.7,0.86,0.0,0.0,0.0,,,,,,Crusader_AA_Mk_II
uk_boxer_crv_block2,0.0,,,,,,197.0,58.84,0.0,0.0,2.0,0.97,0.0,,,,,,CRV_Block_2
it_39m_csaba,0.0,,,,,,0.0,,,,,,0.0,,,,,,Csaba
sw_patria_amv_ctcv_105,0.0,,,,,,120.0,63.35,0.0,0.0,2.66,1.37,0.0,,,,,,CT-CV_105HP
jp_icv_prototype,0.0,,,,,,153.0,50.0,0.25,0.36,1.18,1.66,0.0,,,,,,CTWV_RCV
sw_cv_90_mk4,0.0,,,,,,114.0,77.96,0.0,0.0,1.07,0.63,0.0,,,,,,CV_90_Mk.IV
sw_cv_90120,0.0,,,,,,146.0,60.75,0.0,0.0,2.89,1.7,0.0,,,,,,CV_90120
fr_cv_9035_nl,0.0,,,,,,74.0,50.0,0.0,0.0,1.32,1.59,0.0,,,,,,CV_9035NL
sw_cv_9030_fin,0.0,,,,,,299.0,54.33,0.0,0.0,1.27,1.12,0.0,,,,,,CV9030FIN
sw_cv_9035_dk,0.0,,,,,,76.0,53.65,0.0,0.0,1.71,2.14,0.0,,,,,,CV9035DK
cw_21,0.0,,,,,,0.0,,,,,,0.0,,,,,,CW-21
d_371,1.0,,,,,,0.0,,,,,,0.0,,,,,,D.371
d_371_hs9,0.0,,,,,,0.0,,,,,,0.0,,,,,,D.371_H.S.9
d_373,1.0,,,,,,0.0,,,,,,0.0,,,,,,D.373
d_500,1.0,,,,,,0.0,,,,,,0.0,,,,,,D.500
d_510c,0.0,,,,,,0.0,,,,,,0.0,,,,,,D.510C
d_520_france,0.0,,,,,,9.0,,,,,,0.0,,,,,,D.520
fr_renault_d2,0.0,,,,,,13.0,,,0.0,,2.0,0.0,,,,,,D2
d3a1,0.0,,,,,,0.0,,,,,,0.0,,,,,,D3A1
d4y1,0.0,,,,,,0.0,,,,,,0.0,,,,,,D4Y1
it_dardo_vcc,0.0,,,,,,36.0,50.0,0.0,0.0,1.41,1.41,7.0,50.0,0.0,0.0,0.5,1.0,Dardo
db_3b,0.0,,,,,,0.0,,,,,,0.0,,,,,,DB-3B
uk_desert_warrior,0.0,,,,,,54.0,15.0,0.0,0.0,0.52,0.44,0.0,,,,,,Desert_Warrior
fr_marder_df_105,0.0,,,,,,321.0,55.18,0.0,0.0,2.27,1.75,0.0,,,,,,DF105
do_17e_1,0.0,,,,,,0.0,,,,,,0.0,,,,,,Do_17_E-1
do_17z_2,0.0,,,,,,0.0,,,,,,0.0,,,,,,Do_17_Z-2
do_17z_7,0.0,,,,,,0.0,,,,,,0.0,,,,,,Do_17_Z-7
do_217j_1,0.0,,,,,,0.0,,,,,,0.0,,,,,,Do_217_J-1
do_217j_2,0.0,,,,,,0.0,,,,,,0.0,,,,,,Do_217_J-2
do_217n_1,0.0,,,,,,0.0,,,,,,0.0,,,,,,Do_217_N-1
do_217n_2,0.0,,,,,,0.0,,,,,,0.0,,,,,,Do_217_N-2
do_335b_2,0.0,,,,,,306.0,59.99,0.75,0.62,2.82,2.31,0.0,,,,,,Do_335_B-2
fr_panhard_ebr_1951,0.0,,,,,,417.0,70.26,0.0,0.0,1.65,1.88,0.0,,,,,,E.B.R._(1951)
fr_panhard_ebr_1954,0.0,,,,,,141.0,65.75,0.0,0.0,3.88,2.11,24.0,,,0.0,,2.0,E.B.R._(1954)
fr_panhard_ebr_1963,0.0,,,,,,26.0,50.0,0.0,0.0,2.48,1.9,0.0,,,,,,E.B.R._(1963)
e7k2,,,,,,,,,,,,,,,,,,,E7K2
e8n2,,,,,,,,,,,,,,,,,,,E8N2
us_efv_p1,0.0,,,,,,116.0,47.78,0.0,0.0,0.93,0.83,0.0,,,,,,EFV
il_eitan,0.0,,,,,,136.0,69.22,0.0,0.0,1.27,0.98,0.0,,,,,,Eitan_(P)
uk_eland_90_mk_7,0.0,,,,,,121.0,68.61,0.0,0.0,1.43,0.94,0.0,,,,,,Eland_90_Mk.7
sw_eldenhet_98,0.0,,,,,,0.0,,,,,,0.0,,,,,,EldE_98
etndard_4m,0.0,,,,,,21.0,100.0,2.0,1.0,1.0,0.5,0.0,,,,,,Etendard_IVM
f-100d_france,0.0,,,,,,24.0,38.46,2.08,1.5,0.92,1.5,0.0,,,,,,F-100D
f_101c,0.0,,,,,,22.0,100.0,1.0,,0.88,,0.0,,,,,,F-101C
f-104g_belgium,0.0,,,,,,0.0,,,,,,0.0,,,,,,F-104G
f-104g_italy,0.0,,,,,,0.0,,,,,,0.0,,,,,,F-104G
f-104j,0.0,,,,,,0.0,,,,,,0.0,,,,,,F-104J
f-104s,0.0,,,,,,0.0,,,,,,0.0,,,,,,F-104S
f-104s_cb,0.0,,,,,,81.0,36.0,0.63,0.73,3.08,3.38,0.0,,,,,,F-104S_TAF
f-104s_asa,0.0,,,,,,2.0,,,1.0,,0.0,0.0,,,,,,F-104S.ASA
f_111a,0.0,,,,,,16.0,50.0,0.5,0.5,2.5,2.5,0.0,,,,,,F-111A
f_111c_raaf,0.0,,,,,,22.0,50.0,0.5,1.0,0.5,1.0,0.0,,,,,,F-111C
f_111f,0.0,,,,,,17.0,0.0,1.0,0.76,0.0,0.0,0.0,,,,,,F-111F
f_117,0.0,,,,,,31.0,50.0,0.0,0.0,1.06,2.13,0.0,,,,,,F-117
f_14a_early,0.0,,,,,,77.0,36.67,1.18,1.01,0.0,0.0,9.0,,,0.0,,0.0,F-14A_Early
f_14b,0.0,,,,,,32.0,50.0,0.0,0.22,0.0,0.0,0.0,,,,,,F-14B
f_14d,0.0,,,,,,899.0,52.07,1.28,1.49,0.08,0.09,0.0,,,,,,F-14D
f_15i_raam,0.0,,,,,,38.0,68.18,1.23,0.48,1.09,1.35,0.0,,,,,,F-15I_Ra’am
f_15j,0.0,,,,,,7.0,100.0,1.0,1.0,0.0,0.0,0.0,,,,,,F-15J
f_15j_kai,0.0,,,,,,109.0,83.44,1.9,3.28,0.04,0.13,0.0,,,,,,F-15J(M)
f_16a_block_15_belgium,0.0,,,,,,33.0,100.0,0.5,0.5,3.0,3.0,0.0,,,,,,F-16A
f_16a_block_10,0.0,,,,,,140.0,68.12,0.67,0.87,1.5,2.15,0.0,,,,,,F-16A
f_16a_block_15_adf_italy,0.0,,,,,,18.0,,,,,,0.0,,,,,,F-16A_ADF
f_16a_block_15_ocu_thailand,0.0,,,,,,17.0,100.0,2.4,2.4,0.4,0.4,0.0,,,,,,F-16A_OCU
f_16a_block_15_ocu_belgium,0.0,,,,,,0.0,,,,,,0.0,,,,,,F-16A_OCU
f_16aj,0.0,,,,,,90.0,86.29,1.0,1.16,2.76,2.76,0.0,,,,,,F-16AJ
f_16am_block_15_mlu_belgium,0.0,,,,,,37.0,61.9,1.0,1.0,0.0,0.0,0.0,,,,,,F-16AM
f_16c_block_40_barak_2,0.0,,,,,,2.0,,,,,,0.0,,,,,,F-16C_Barak_II
f_16i_sufa,0.0,,,,,,0.0,,,,,,0.0,,,,,,F-16I_Sufa
fa_18c_finland,0.0,,,,,,39.0,50.0,1.39,1.39,0.0,0.0,0.0,,,,,,F-18C
ef_2000a,0.0,,,,,,0.0,,,,,,0.0,,,,,,F-2000A
ef_2000a_aesa,0.0,,,,,,30.0,96.15,4.08,4.25,1.08,1.0,1.0,,,1.0,,0.0,F-2000A_(AESA)
f_20a,0.0,,,,,,72.0,68.28,1.18,1.31,0.52,0.53,0.0,,,,,,F-20A
f_2a,0.0,,,,,,51.0,91.23,2.51,2.04,0.0,0.0,27.0,,,2.0,,0.0,F-2A
f-4ej_adtw,0.0,,,,,,425.0,55.94,2.41,2.62,0.73,0.88,10.0,,,0.0,,0.0,F-4EJ_ADTW
f-4ej_kai,0.0,,,,,,20.0,,,1.0,,0.0,0.0,,,,,,F-4EJ_Kai_Phantom_II
f-4ej,0.0,,,,,,34.0,100.0,1.0,0.57,0.18,0.29,0.0,,,,,,F-4EJ_Phantom_II
f-5a,0.0,,,,,,0.0,,,,,,0.0,,,,,,F-5A
f-5e_fcu_thailand,0.0,,,,,,273.0,64.47,1.8,2.55,0.8,1.16,0.0,,,,,,F-5E_FCU
f-5t_thailand,0.0,,,,,,5.0,,,0.0,,2.0,0.0,,,,,,F-5T_SCU
f-5th_thailand,0.0,,,,,,29.0,100.0,1.0,0.9,1.0,0.1,0.0,,,,,,F-5TH_TCU
f-84f_france,0.0,,,,,,74.0,53.46,0.07,0.11,0.66,1.08,0.0,,,,,,F-84F
f-84f_italy,0.0,,,,,,0.0,,,,,,0.0,,,,,,F-84F
f-84f,0.0,,,,,,93.0,71.83,0.36,0.29,0.74,0.61,0.0,,,,,,F-84F
f-84f_iaf,0.0,,,,,,0.0,,,,,,0.0,,,,,,F-84F_IAF
f-84g,0.0,,,,,,0.0,,,,,,0.0,,,,,,F-84G-21-RE
f-84g_italy,0.0,,,,,,7.0,,,0.0,,11.57,0.0,,,,,,F-84G-21-RE
f-86f-30_japan,0.0,,,,,,89.0,85.35,1.43,1.89,0.48,0.7,0.0,,,,,,F-86F-30_
f-86f-35,0.0,,,,,,100.0,79.76,0.41,0.52,0.94,0.64,0.0,,,,,,F-86F-35
f-86f-40_japan_blue_impulse,0.0,,,,,,21.0,50.0,0.0,0.0,0.0,0.0,0.0,,,,,,F-86F-40_JASDF
f-86k_late,0.0,,,,,,18.0,100.0,1.0,1.0,0.0,0.0,0.0,,,,,,F-86K
f_222_2,0.0,,,,,,0.0,,,,,,0.0,,,,,,F.222.2
fc_20_bis,0.0,,,,,,0.0,,,,,,0.0,,,,,,F.C.20_Bis
fa_18a,0.0,,,,,,137.0,71.88,1.15,1.18,0.35,0.35,41.0,,,2.37,,0.0,F/A-18A
fa_18c_mlu_2_finland,0.0,,,,,,92.0,50.0,1.09,1.92,0.46,0.79,0.0,,,,,,F/A-18C_MLU_2
fa_18d_late_malaysia,0.0,,,,,,52.0,96.55,1.07,1.07,0.36,0.36,0.0,,,,,,F/A-18D_Late
fa_18f_block_2_raaf,0.0,,,,,,5.0,100.0,0.0,0.0,0.0,0.0,0.0,,,,,,F/A-18F
f11f_1_late,0.0,,,,,,9.0,100.0,5.0,,0.0,,0.0,,,,,,F11F-1
f1m2,0.0,,,,,,0.0,,,,,,0.0,,,,,,F1M2
f2a-1,0.0,,,,,,0.0,,,,,,0.0,,,,,,F2A-1
f3h-2,0.0,,,,,,274.0,54.36,1.32,1.91,0.31,0.47,0.0,,,,,,F3H-2
f4d_1,0.0,,,,,,0.0,,,,,,0.0,,,,,,F4D-1
f4u-1a_japan,0.0,,,,,,13.0,100.0,1.39,1.8,0.83,0.9,3.0,,,2.0,,0.0,F4U-1A
f4u-4b_vmf_214,0.0,,,,,,8.0,,,1.0,,1.0,0.0,,,,,,F4U-4B_VMF-214
f7f3,0.0,,,,,,87.0,45.0,0.38,0.69,1.46,2.45,0.0,,,,,,F7F-3
f9f-5,0.0,,,,,,5.0,,,1.0,,2.4,0.0,,,,,,F9F-5
uk_falcon,0.0,,,,,,342.0,49.88,0.59,0.5,1.63,1.37,1.0,,,,,,Falcon
fr_fcm_36,0.0,,,,,,5.0,,,0.0,,1.0,0.0,,,,,,FCM.36
ffa_p16,0.0,,,,,,0.0,,,,,,0.0,,,,,,FFA_P-16
it_fiat_6614_106sr,0.0,,,,,,341.0,69.15,0.0,0.0,2.59,1.79,1.0,100.0,0.0,0.0,2.0,2.0,FIAT_6614
it_fiat_6616_ub,0.0,,,,,,8.0,100.0,0.0,0.0,1.0,1.0,0.0,,,,,,FIAT_6616UB
firebrand_tf4,0.0,,,,,,79.0,68.89,0.0,0.0,0.97,0.79,0.0,,,,,,Firebrand_TF_Mk_IV
b_48_firecrest,0.0,,,,,,17.0,,,,,,0.0,,,,,,Firecrest
it_fiat_6614_firos,0.0,,,,,,18.0,100.0,0.0,0.0,1.75,0.96,0.0,,,,,,FIROS_6
fj_4b,0.0,,,,,,0.0,,,,,,0.0,,,,,,FJ-4B
fj_4b_agm_12b,0.0,,,,,,32.0,100.0,2.0,2.0,3.67,3.67,0.0,,,,,,FJ-4B_VMF-232
germ_flakpanzer_38t_Gepard,0.0,,,,,,34.0,100.0,1.0,1.0,3.63,3.63,0.0,,,,,,Flakpanzer_38
germ_flarakrad,0.0,,,,,,78.0,50.0,1.6,0.67,0.0,0.0,0.0,,,,,,FlaRakRad
fr_1_fireball,0.0,,,,,,161.0,68.07,0.21,0.17,1.1,0.79,20.0,100.0,0.0,0.0,3.0,2.21,FR-1_Fireball
it_freccia_hitfist_ows,0.0,,,,,,243.0,53.21,0.01,0.01,1.97,1.36,0.0,,,,,,Freccia_OWS_30
fr_samp_t_launcher,,,,,,,,,,,,,,,,,,,FSAF_SAMP/T_(Mamba)_(СОУ)
fr_samp_t_fcs,0.0,,,,,,33.0,100.0,1.0,2.0,0.0,0.0,0.0,,,,,,FSAF_SAMP/T_(Mamba)_(СОЦ)
it_samp_t_fcs,0.0,,,,,,0.0,,,,,,0.0,,,,,,FSAF_SAMP/T_(СОЦ)
fury_mk1,0.0,,,,,,0.0,,,,,,0.0,,,,,,Fury_Mk_I
uk_fv4005,0.0,,,,,,133.0,38.43,0.0,0.0,2.24,1.24,0.0,,,,,,FV4005
uk_fv4202,0.0,,,,,,161.0,40.32,0.0,0.0,3.2,1.72,0.0,,,,,,FV4202
fw-189a-1,0.0,,,,,,0.0,,,,,,0.0,,,,,,Fw_189_A-1
fw-190a-5_japan,0.0,,,,,,34.0,100.0,0.33,0.28,1.33,1.22,0.0,,,,,,Fw_190_A-5
fw-190a-8_usa,0.0,,,,,,4.0,100.0,1.0,,1.0,,0.0,,,,,,Fw_190_A-8
fw-190c,0.0,,,,,,0.0,,,,,,0.0,,,,,,Fw_190_C
fw-190d-12,0.0,,,,,,26.0,,,1.0,,1.0,0.0,,,,,,Fw_190_D-12
fw-190d-13,0.0,,,,,,55.0,,,0.4,,1.4,0.0,,,,,,Fw_190_D-13
fw-190d-9_ussr,0.0,,,,,,20.0,50.0,1.5,,0.0,,0.0,,,,,,Fw_190_D-9
fw_200c_1,0.0,,,,,,6.0,,,,,,0.0,,,,,,Fw_200_C-1
fw_189c_0,0.0,,,,,,0.0,,,,,,0.0,,,,,,Fw_189_C
fiat_g50_seria7as_italy,0.0,,,,,,0.0,,,,,,0.0,,,,,,G.50_AS_serie_7
fiat_g50_seria7as,0.0,,,,,,0.0,,,,,,0.0,,,,,,G.50_AS_serie_7
fiat_g50_seria2,0.0,,,,,,0.0,,,,,,0.0,,,,,,G.50_serie_2
fiat_g50_seria2_italy,0.0,,,,,,0.0,,,,,,0.0,,,,,,G.50_serie_2
g_55_serie1_ss0,0.0,,,,,,24.0,100.0,0.0,0.0,0.0,0.0,0.0,,,,,,G.55_sottoserie_0
g_55s,0.0,,,,,,96.0,61.29,1.0,1.44,0.79,1.02,0.0,,,,,,G.55S
g_56,0.0,,,,,,20.0,100.0,0.67,0.33,0.0,0.0,0.0,,,,,,G.56
fiat_g91_ps,0.0,,,,,,8.0,100.0,1.0,1.0,0.0,0.0,0.0,,,,,,G.91_pre-serie
fiat_g91_r1,0.0,,,,,,16.0,100.0,0.0,0.0,0.0,0.0,0.0,,,,,,G.91_R/1
fiat_g91_r4,0.0,,,,,,5.0,,,0.0,,0.0,1.0,,,2.0,,0.0,G.91_R/4
g4m1,0.0,,,,,,0.0,,,,,,0.0,,,,,,G4M1
g5n1,0.0,,,,,,12.0,,,,,,0.0,,,,,,G5N1
g8n1,0.0,,,,,,118.0,50.0,1.09,1.39,0.1,0.16,0.0,,,,,,G8N1
f3f-2_galer,0.0,,,,,,0.0,,,,,,0.0,,,,,,Galer's_F3F-2
germ_garford_putilov,0.0,,,,,,0.0,,,,,,0.0,,,,,,Garford-Beute
ussr_gaz_4m,0.0,,,,,,11.0,,,,,,0.0,,,,,,GAZ-AAA_(4M)
ussr_gaz_dshk,0.0,,,,,,0.0,,,,,,0.0,,,,,,GAZ-AAA_(DShK)
ussr_gaz_mm_72k,0.0,,,,,,14.0,0.0,0.0,0.0,5.3,5.09,0.0,,,,,,GAZ-MM_(72-K)
uk_vickers_gbt_155,0.0,,,,,,14.0,100.0,0.0,0.0,2.0,1.11,0.0,,,,,,GBT_155
il_m113a1_tow,0.0,,,,,,69.0,59.68,0.0,0.0,2.11,2.21,0.0,,,,,,Giraf
gladiator_mk1_belgium,0.0,,,,,,0.0,,,,,,0.0,,,,,,Gladiator_Mk_I
gladiator_mk2_france,0.0,,,,,,0.0,,,,,,0.0,,,,,,Gladiator_Mk_IIF
gladiator_mk2_silver,0.0,,,,,,0.0,,,,,,0.0,,,,,,Gladiator_Mk_IIS
uk_mk1_grant,0.0,,,,,,0.0,,,,,,0.0,,,,,,Grant_I
il_28_china,0.0,,,,,,0.0,,,,,,0.0,,,,,,H-5
h-75a-1_france,0.0,,,,,,0.0,,,,,,0.0,,,,,,H-75A-1
p-40c_china,0.0,,,,,,3.0,,,0.0,,0.0,0.0,,,,,,H-81A-2
fr_hotchkiss_h35,0.0,,,,,,0.0,,,,,,0.0,,,,,,H.35
fr_hotchkiss_h39,0.0,,,,,,0.0,,,,,,0.0,,,,,,H.39
fr_hotchkiss_h39_cambronne,0.0,,,,,,0.0,,,,,,0.0,,,,,,"H.39_""Cambronne"""
hp_12,0.0,,,,,,0.0,,,,,,0.0,,,,,,H.P.12
h6k4,0.0,,,,,,0.0,,,,,,0.0,,,,,,H6K4
h8k2,0.0,,,,,,0.0,,,,,,0.0,,,,,,H8K2
h8k3,0.0,,,,,,0.0,,,,,,0.0,,,,,,H8K3
jp_type_95_ha_go_commander,0.0,,,,,,2.0,,,0.0,,1.0,0.0,,,,,,Ha-Go_Commander
a5m4_hagiri,0.0,,,,,,0.0,,,,,,0.0,,,,,,Hagiri's_A5M4
hp52_hampden_mk1_late,0.0,,,,,,0.0,,,,,,0.0,,,,,,Hampden_Mk_I
hp52_hampden_tbmk1,0.0,,,,,,0.0,,,,,,0.0,,,,,,Hampden_TB_Mk_I
hp52_hampden_tbmk1_ussr_utk1,0.0,,,,,,0.0,,,,,,0.0,,,,,,Hampden_TB_Mk_I
harrier_gr1,0.0,,,,,,33.0,50.0,0.0,0.0,0.62,1.24,0.0,,,,,,Harrier_GR.1
harrier_gr3,0.0,,,,,,18.0,8.33,0.92,0.65,1.0,1.0,0.0,,,,,,Harrier_GR.3
harrier_gr7,0.0,,,,,,0.0,,,,,,7.0,,,,,,Harrier_GR.7
harrier_t10,0.0,,,,,,52.0,50.0,0.75,0.08,0.4,1.68,0.0,,,,,,Harrier_T.10
intruder_mk_1,0.0,,,,,,0.0,,,,,,0.0,,,,,,Havoc_Mk_I
hawk_200,0.0,,,,,,0.0,,,,,,0.0,,,,,,Hawk_200
hawk_200_rda,0.0,,,,,,0.0,,,,,,0.0,,,,,,Hawk_200_RDA
h-75a-2_finland,0.0,,,,,,0.0,,,,,,0.0,,,,,,Hawk_H-75A-2
hawk_iii,0.0,,,,,,0.0,,,,,,0.0,,,,,,Hawk_III
he-111h-16_winter,0.0,,,,,,104.0,28.39,0.0,0.0,1.1,0.95,0.0,,,,,,He_111_H-16
he_112b_1_italy,0.0,,,,,,0.0,,,,,,0.0,,,,,,He_112_B-1/U2
he_112b_1,0.0,,,,,,0.0,,,,,,0.0,,,,,,He_112_B-1/U2
he_112b_2,0.0,,,,,,1.0,,,,,,0.0,,,,,,He_112_B-2/U2
he_115c_1,0.0,,,,,,0.0,,,,,,0.0,,,,,,He_115_C-1
he-162a-1,0.0,,,,,,0.0,,,,,,0.0,,,,,,He_162_A-1
he-177a-3,0.0,,,,,,0.0,,,,,,0.0,,,,,,He_177_A-3
he-177a-5,0.0,,,,,,0.0,,,,,,0.0,,,,,,He_177_A-5
he_219a_7,0.0,,,,,,22.0,5.56,1.0,1.0,1.98,1.98,0.0,,,,,,He_219_A-7
he51b_2w,0.0,,,,,,0.0,,,,,,0.0,,,,,,He_51_B-2/H
jp_pzkpfw_VI_ausf_e_tiger,0.0,,,,,,27.0,83.33,0.0,0.0,4.16,4.16,0.0,,,,,,Heavy_Tank_No.6
marut_mk1,0.0,,,,,,18.0,,,3.0,,5.11,0.0,,,,,,HF-24
go229_v3,0.0,,,,,,73.0,41.11,1.19,1.64,2.77,4.27,0.0,,,,,,Ho_229_V3
jp_type_2_ho_ni_2,0.0,,,,,,17.0,100.0,0.0,0.0,1.0,1.0,0.0,,,,,,Ho-Ni_II
jp_type_3_ho_ni_III,0.0,,,,,,47.0,100.0,0.0,0.0,4.8,2.41,0.0,,,,,,Ho-Ni_III
hornet_mk1,0.0,,,,,,0.0,,,,,,0.0,,,,,,Hornet_Mk.I
hornet_mk3,0.0,,,,,,0.0,,,,,,0.0,,,,,,Hornet_Mk.III
cn_hq_11,0.0,,,,,,20.0,0.0,1.0,1.0,0.0,0.0,0.0,,,,,,HQ11
cn_hq_17,0.0,,,,,,0.0,,,,,,0.0,,,,,,HQ17
hs-123a-1,0.0,,,,,,0.0,,,,,,0.0,,,,,,Hs_123_A-1
hs-129b-2,0.0,,,,,,0.0,,,,,,0.0,,,,,,Hs_129_B-2
hs-129b-2_romania_italy,0.0,,,,,,19.0,0.0,1.0,1.0,4.0,4.0,0.0,,,,,,Hs_129_B-2_(Romania)
hs-129b-2_romania,0.0,,,,,,0.0,,,,,,0.0,,,,,,Hs_129_B-2_(Romania)
us_hstv_l,0.0,,,,,,1963.0,54.99,0.03,0.0,1.55,1.26,16.0,,,0.0,,0.88,HSTV-L
hudson_mk_v,0.0,,,,,,0.0,,,,,,0.0,,,,,,Hudson_Mk_V
hunter_f6,0.0,,,,,,89.0,78.73,2.61,3.53,1.68,2.13,0.0,,,,,,Hunter_F.6
hunter_f9_rhodesia,0.0,,,,,,29.0,96.05,2.14,7.33,0.24,6.0,0.0,,,,,,Hunter_FGA.9
hurricane_mk1,0.0,,,,,,0.0,,,,,,0.0,,,,,,Hurricane_Mk_I/L
hurricane_mk1_late_ep,0.0,,,,,,0.0,,,,,,0.0,,,,,,Hurricane_Mk.I/L_FAA_M
i-15_1935_moscow,0.0,,,,,,0.0,,,,,,0.0,,,,,,I-15_M-25
i-15bis,0.0,,,,,,5.0,,,0.0,,0.0,0.0,,,,,,I-15bis
i-16_type10,0.0,,,,,,0.0,,,,,,0.0,,,,,,I-16_type_10
i-16_type28,0.0,,,,,,0.0,,,,,,0.0,,,,,,I-16_type_28
i-16_type5,0.0,,,,,,53.0,100.0,6.76,9.65,1.62,2.24,0.0,,,,,,I-16_type_5
lagg-i-301,0.0,,,,,,0.0,,,,,,0.0,,,,,,I-301
gladiator_j8a_iacobi,0.0,,,,,,26.0,100.0,0.0,0.0,0.0,0.0,0.0,,,,,,Iacobi's_J8A
iar_81c_db_605,0.0,,,,,,6.0,,,1.83,,0.83,0.0,,,,,,IAR-81C_(DB_605)
iar_93b,0.0,,,,,,2.0,0.0,1.5,1.5,3.0,3.0,0.0,,,,,,IAR-93B
jp_icv_ifv_prototype,0.0,,,,,,213.0,58.53,0.03,0.02,1.55,1.35,0.0,,,,,,ICV_(P)
il-4,0.0,,,,,,0.0,,,,,,0.0,,,,,,IL-4
us_mim_72_chaparral,0.0,,,,,,64.0,100.0,1.13,0.99,0.0,0.0,0.0,,,,,,Imp.Chaparral
uk_a1e1_independent,0.0,,,,,,0.0,,,,,,0.0,,,,,,Independent
germ_iris_slm_launcher,,,,,,,,,,,,,,,,,,,IRIS-T_SLM_(СОУ)
germ_iris_slm_fcs,0.0,,,,,,240.0,39.04,2.32,1.95,0.0,0.0,0.0,,,,,,IRIS-T_SLM_(СОЦ)
ussr_is_2_1944_revenge,0.0,,,,,,61.0,100.0,0.0,0.0,6.0,2.93,0.0,,,,,,"IS-2_""Revenge"""
it_semovente_m43_75_bersaglieri,,,,,,,,,,,,,,,,,,,it_semovente_m43_75_bersaglieri
sw_crotale_ng,0.0,,,,,,27.0,0.0,1.0,0.5,0.0,0.0,0.0,,,,,,ItO_90M
j_10a,0.0,,,,,,182.0,67.32,1.31,2.12,0.06,0.08,0.0,,,,,,J-10A
j_10c,0.0,,,,,,33.0,100.0,3.29,3.29,2.5,2.5,0.0,,,,,,J-10C
j_11,0.0,,,,,,0.0,,,,,,0.0,,,,,,J-11
j_11a,0.0,,,,,,10.0,100.0,3.0,,0.0,,0.0,,,,,,J-11A
j_11b,0.0,,,,,,9.0,87.5,2.25,2.14,0.0,0.0,0.0,,,,,,J-11B
j_15t,0.0,,,,,,145.0,60.3,1.62,2.26,0.04,0.05,1.0,,,1.0,,0.0,J-15T
j_22m1a,0.0,,,,,,301.0,54.56,0.05,0.1,2.84,5.61,0.0,,,,,,J-22M1A
mig-17_china,0.0,,,,,,10.0,100.0,4.0,4.0,1.0,1.0,0.0,,,,,,J-4
j_7_mk2,0.0,,,,,,0.0,,,,,,0.0,,,,,,J-7II
j_8f,0.0,,,,,,0.0,,,,,,0.0,,,,,,J-8F
fiat_cr42_j11,0.0,,,,,,0.0,,,,,,0.0,,,,,,J11
re_2000_j20,0.0,,,,,,0.0,,,,,,0.0,,,,,,J20
p-51b_7_sweden,0.0,,,,,,30.0,,,0.88,,2.0,0.0,,,,,,J26_David
saab_j29d,0.0,,,,,,10.0,50.0,0.5,1.0,11.5,23.0,0.0,,,,,,J29D
j2m3,0.0,,,,,,238.0,52.59,0.87,1.02,0.29,0.34,0.0,,,,,,J2M3
j2m4_kai,0.0,,,,,,0.0,,,,,,0.0,,,,,,J2M4_Kai
j2m5,0.0,,,,,,0.0,,,,,,0.0,,,,,,J2M5
saab_j32b,0.0,,,,,,18.0,50.0,1.0,1.0,0.0,0.0,0.0,,,,,,J32B
hunter_f50_sweden,0.0,,,,,,0.0,,,,,,29.0,,,0.0,,0.0,J34
saab_j35a,0.0,,,,,,63.0,52.46,2.07,3.29,0.06,0.09,43.0,,,4.77,,0.0,J35A
saab_j35d,0.0,,,,,,4.0,50.0,1.5,3.0,0.5,1.0,1.0,,,2.0,,0.0,J35D
j5n1,0.0,,,,,,67.0,,,1.11,,0.63,0.0,,,,,,J5N1
j7w1,0.0,,,,,,410.0,77.36,0.77,0.71,2.5,2.28,0.0,,,,,,J7W1
j9_early,0.0,,,,,,14.0,50.0,0.0,0.0,0.0,0.0,0.0,,,,,,J9_Early
saab_ja37,0.0,,,,,,261.0,61.57,1.83,2.54,0.08,0.13,21.0,,,1.0,,0.0,JA37C
saab_ja37d,0.0,,,,,,44.0,50.0,1.77,1.77,0.5,0.5,0.0,,,,,,JA37D
saab_ja37di,0.0,,,,,,0.0,,,,,,0.0,,,,,,JA37DI
saab_ja37di_f21,0.0,,,,,,115.0,69.17,1.41,1.17,0.04,0.04,27.0,,,1.12,,0.0,JA37DI_F21
germ_jaguar_2,0.0,,,,,,38.0,0.0,0.0,0.0,0.43,0.38,0.0,,,,,,Jaguar_2
jaguar_a,0.0,,,,,,0.0,,,,,,0.0,,,,,,Jaguar_A
jaguar_e,0.0,,,,,,12.0,50.0,0.5,1.0,2.0,4.0,0.0,,,,,,Jaguar_E
jaguar_gr1,0.0,,,,,,16.0,,,,,,0.0,,,,,,Jaguar_GR.1
jaguar_is,0.0,,,,,,116.0,40.86,0.25,0.34,0.64,0.91,0.0,,,,,,Jaguar_IS
germ_sk105_a2,0.0,,,,,,55.0,0.0,0.0,0.0,7.0,2.43,0.0,,,,,,JaPz.K_A2
saab_jas39a,0.0,,,,,,49.0,50.0,1.3,0.51,0.3,0.65,0.0,,,,,,JAS39A
saab_jas39c,0.0,,,,,,74.0,46.77,1.89,2.12,0.14,0.14,16.0,,,2.0,,1.0,JAS39C
saab_jas39c_thailand,0.0,,,,,,116.0,53.47,0.99,0.92,0.24,0.17,0.0,,,,,,JAS39C
saab_jas39e,0.0,,,,,,221.0,51.82,1.12,1.25,0.94,1.14,0.0,,,,,,JAS39E
javelin_fmk9,0.0,,,,,,138.0,39.9,1.55,1.93,1.34,1.67,0.0,,,,,,Javelin_F.(A.W.)_Mk.9
jh_7a,0.0,,,,,,0.0,,,,,,0.0,,,,,,JH-7A
jh_7a_prototype,0.0,,,,,,4.0,,,,,,0.0,,,,,,JH-7A_Prototype
jh_7a2,0.0,,,,,,12.0,100.0,1.0,1.0,0.0,0.0,0.0,,,,,,JH-7A2
ju-188a-2,0.0,,,,,,0.0,,,,,,0.0,,,,,,Ju_188_A-2
ju-288c,0.0,,,,,,59.0,32.22,0.32,0.43,0.75,1.0,1.0,50.0,0.0,0.0,1.5,3.0,Ju_288_C
ju-388j,0.0,,,,,,0.0,,,,,,0.0,,,,,,Ju_388_J
ju-87d-3,0.0,,,,,,24.0,50.0,0.0,0.0,0.5,1.0,0.0,,,,,,Ju_87_D-3
ju-87g_1,0.0,,,,,,26.0,,,0.0,,0.0,0.0,,,,,,Ju_87_G-1
ju-87g_2,0.0,,,,,,0.0,,,,,,0.0,,,,,,Ju_87_G-2
ju-87r-2,0.0,,,,,,4.0,,,,,,0.0,,,,,,Ju_87_R-2
ju-87r-2_italy,0.0,,,,,,0.0,,,,,,0.0,,,,,,Ju_87_R-2
ju-87r-2_snake,0.0,,,,,,19.0,50.0,0.0,0.0,0.5,1.0,0.0,,,,,,Ju_87_R-2_Libya
ju-88a-4_finland,0.0,,,,,,19.0,,,0.0,,1.0,0.0,,,,,,Ju_88_A-4
ju-88a-4,0.0,,,,,,0.0,,,,,,0.0,,,,,,Ju_88_A-4
ju-88c-6,0.0,,,,,,0.0,,,,,,0.0,,,,,,Ju_88_C-6
jp_type_2_ka_mi,0.0,,,,,,0.0,,,,,,0.0,,,,,,Ka-Mi
kfir_c2,0.0,,,,,,0.0,,,,,,0.0,,,,,,Kfir_C.2
kfir_c7,0.0,,,,,,10.0,,,,,,0.0,,,,,,Kfir_C.7
kfir_canard,0.0,,,,,,24.0,,,0.0,,0.94,0.0,,,,,,Kfir_Canard
uk_khalid,0.0,,,,,,140.0,28.49,0.0,0.0,4.06,2.36,0.0,,,,,,Khalid
ussr_9p157,0.0,,,,,,92.0,50.0,0.0,0.0,1.51,1.64,0.0,,,,,,Khrizantema-S
ki_10_1_commander,0.0,,,,,,0.0,,,,,,0.0,,,,,,Ki-10-I_C
ki_10_2,0.0,,,,,,13.0,,,0.0,,0.0,0.0,,,,,,Ki-10-II
ki_10_2_commander,0.0,,,,,,0.0,,,,,,0.0,,,,,,Ki-10-II_C
ki_102_otsu,0.0,,,,,,0.0,,,,,,0.0,,,,,,Ki-102_otsu
ki_108,0.0,,,,,,20.0,100.0,0.0,,0.0,,0.0,,,,,,Ki-108_Kai
ki_109,0.0,,,,,,0.0,,,,,,0.0,,,,,,Ki-109
j8m1,0.0,,,,,,5.0,,,,,,0.0,,,,,,Ki-200
ki_21_1hei,0.0,,,,,,0.0,,,,,,0.0,,,,,,Ki-21-I_hei
ki-27_otsu_ep,0.0,,,,,,0.0,,,,,,0.0,,,,,,Ki-27_otsu_Tachiarai
ki_43_2_late,0.0,,,,,,21.0,,,,,,0.0,,,,,,Ki-43-II
ki_44_1_ep,0.0,,,,,,23.0,100.0,1.0,1.0,0.0,0.0,0.0,,,,,,Ki-44-I_34
ki_44_2_otsu,0.0,,,,,,36.0,100.0,0.0,0.0,2.0,1.0,0.0,,,,,,Ki-44-II_otsu
ki-45_hei,0.0,,,,,,0.0,,,,,,0.0,,,,,,Ki-45_hei
ki-45_otsu,0.0,,,,,,17.0,,,0.0,,0.0,0.0,,,,,,Ki-45_otsu
ki-45_tei,0.0,,,,,,0.0,,,,,,0.0,,,,,,Ki-45_tei
ki_48_2_otsu,0.0,,,,,,0.0,,,,,,0.0,,,,,,Ki-48-II_otsu
ki-49_1,0.0,,,,,,0.0,,,,,,0.0,,,,,,Ki-49-I
ki-49_2a,0.0,,,,,,0.0,,,,,,0.0,,,,,,Ki-49-IIa
ki-49_2b,0.0,,,,,,0.0,,,,,,0.0,,,,,,Ki-49-IIb
ki-49_2b_late,0.0,,,,,,15.0,,,0.0,,0.0,0.0,,,,,,Ki-49-IIb/L
ki_61_1a_otsu_usa,0.0,,,,,,0.0,,,,,,0.0,,,,,,Ki-61-Ib
ki_84_hei,0.0,,,,,,39.0,58.33,1.33,2.08,1.54,2.5,0.0,,,,,,Ki-84_hei
ki_84_otsu,0.0,,,,,,20.0,100.0,1.93,,1.0,,0.0,,,,,,Ki-84_otsu
ki_87,0.0,,,,,,0.0,,,,,,0.0,,,,,,Ki-87
ki_94_2,0.0,,,,,,0.0,,,,,,0.0,,,,,,Ki-94-II
kitsuka,0.0,,,,,,118.0,95.83,1.35,1.65,2.13,2.13,0.0,,,,,,Kikka
kor_1,,,,,,,,,,,,,,,,,,,KOR-1
f-4e_iaf,0.0,,,,,,100.0,60.61,1.27,1.55,1.19,2.1,0.0,,,,,,Kurnass
f-4e_kurnass_2000,0.0,,,,,,8.0,,,,,,0.0,,,,,,Kurnass_2000
it_l3_cc,0.0,,,,,,0.0,,,,,,0.0,,,,,,L3/33_CC
it_l6,0.0,,,,,,0.0,,,,,,0.0,,,,,,L6/40
it_l6_leone,0.0,,,,,,0.0,,,,,,0.0,,,,,,L6/40_(31_Rgt.)
la-11,0.0,,,,,,0.0,,,,,,0.0,,,,,,La-11
lagg-3-34,0.0,,,,,,0.0,,,,,,0.0,,,,,,LaGG-3-34
lagg-3-4,0.0,,,,,,0.0,,,,,,0.0,,,,,,LaGG-3-4
lancaster_mk1,0.0,,,,,,12.0,,,,,,0.0,,,,,,Lancaster_B_Mk_I
lancaster_mk3,0.0,,,,,,0.0,,,,,,0.0,,,,,,Lancaster_B_Mk_III
lancaster_mr7_france,0.0,,,,,,0.0,,,,,,0.0,,,,,,Lancaster_MR.7
it_lancia3ro_100,0.0,,,,,,0.0,,,,,,0.0,,,,,,Lancia_3Ro_(100/17)
late_298d,0.0,,,,,,0.0,,,,,,0.0,,,,,,Late_298D
fr_leclerc_azur,0.0,,,,,,69.0,43.55,0.0,0.0,2.19,1.56,0.0,,,,,,Leclerc_AZUR
fr_leclerc_sxxi,0.0,,,,,,258.0,66.72,0.0,0.0,3.6,2.54,0.0,,,,,,Leclerc_SXXI
leo_451_early,0.0,,,,,,0.0,,,,,,0.0,,,,,,LeO_451_early
leo_451_late,0.0,,,,,,0.0,,,,,,0.0,,,,,,LeO_451_late
it_leopard_1a2,0.0,,,,,,56.0,90.0,0.0,0.0,0.53,0.81,0.0,,,,,,Leopard_1A2
germ_leopard_2a5,0.0,,,,,,688.0,46.22,0.0,0.0,1.67,1.31,0.0,,,,,,Leopard_2A5
fr_leopard_2a6nl,0.0,,,,,,7.0,,,0.0,,1.14,0.0,,,,,,Leopard_2A6NL
germ_leopard_2av,0.0,,,,,,92.0,95.43,0.0,0.0,6.64,3.61,0.0,,,,,,Leopard_2AV
jp_leopard_2ri,0.0,,,,,,588.0,63.21,0.0,0.0,2.28,2.88,0.0,,,,,,Leopard_2RI
it_leopard_bofors,0.0,,,,,,64.0,100.0,0.0,0.0,1.4,0.97,0.0,,,,,,Leopard_40/70
uk_vickers_mk_6_aa_mk_1,0.0,,,,,,15.0,,,0.0,,0.0,0.0,,,,,,Light_AA_Mk_I
lightning_f53,0.0,,,,,,1.0,,,,,,0.0,,,,,,Lightning_F.53
lincoln_b2,0.0,,,,,,0.0,,,,,,0.0,,,,,,Lincoln_B_Mk_II
fr_lorraine_155,0.0,,,,,,0.0,,,,,,0.0,,,,,,Lorraine_155_Mle.50
fr_lorraine_37l,0.0,,,,,,0.0,,,,,,0.0,,,,,,Lorraine_37L
us_losat_ccv,0.0,,,,,,101.0,46.15,0.0,0.0,2.6,2.4,0.0,,,,,,LOSAT
sw_lvrbv_701,0.0,,,,,,10.0,,,,,,0.0,,,,,,Lvrbv_701
us_lvt_a_4,0.0,,,,,,0.0,,,,,,0.0,,,,,,LVT(A)(4)
us_lvt_4_zis_2,0.0,,,,,,0.0,,,,,,0.0,,,,,,LVT(A)(4)_(ZIS-2)
fr_lvt_bofors,0.0,,,,,,0.0,,,,,,0.0,,,,,,LVT-4/40
m_346fa,0.0,,,,,,26.0,70.0,1.0,1.6,1.0,1.2,0.0,,,,,,M-346FA
mb_151c1,0.0,,,,,,0.0,,,,,,0.0,,,,,,M.B.151C.1
mb_152c1,0.0,,,,,,0.0,,,,,,0.0,,,,,,M.B.152C1
mb_162,0.0,,,,,,0.0,,,,,,0.0,,,,,,M.B.162
mb_174_a3,0.0,,,,,,0.0,,,,,,0.0,,,,,,M.B.174A-3
mb_175t,0.0,,,,,,0.0,,,,,,0.0,,,,,,M.B.175T
md_450b_barougan,0.0,,,,,,35.0,50.0,1.5,0.95,1.5,0.95,0.0,,,,,,M.D.450B_Barougan
md_450b_ouragan,0.0,,,,,,225.0,73.85,0.89,0.99,1.13,1.27,0.0,,,,,,M.D.450B_Ouragan
md_452_mystere_2a,0.0,,,,,,31.0,,,1.27,,0.09,0.0,,,,,,M.D.452_IIA
md_452_mystere_2c_preproduction,0.0,,,,,,26.0,50.0,0.0,0.54,0.0,0.54,0.0,,,,,,M.D.452_IIC
ms_405c1,0.0,,,,,,0.0,,,,,,0.0,,,,,,M.S.405C1
ms_406c1,1.0,,,1.0,,0.0,0.0,,,,,,0.0,,,,,,M.S.406C1
uk_m109a1,0.0,,,,,,28.0,100.0,0.0,0.0,1.0,1.0,0.0,,,,,,M109A1
us_m109a1,0.0,,,,,,150.0,100.0,0.0,0.0,1.23,0.5,0.0,,,,,,M109A1
it_m113a1_tow,0.0,,,,,,83.0,52.38,0.0,0.0,0.99,1.5,0.0,,,,,,M113A1_(TOW)
it_m13_40_serie_2,0.0,,,,,,0.0,,,,,,0.0,,,,,,M13/40_(II)
it_m14_41,0.0,,,,,,0.0,,,,,,0.0,,,,,,M14/41
it_m14_41_47_40,0.0,,,,,,0.0,,,,,,0.0,,,,,,M14/41_(47/40)
it_m15_42,0.0,,,,,,0.0,,,,,,0.0,,,,,,M15/42
us_halftrack_m16,0.0,,,,,,23.0,0.0,1.25,0.97,0.0,0.0,0.0,,,,,,M16_MGMC
us_m163_vulcan,0.0,,,,,,516.0,36.76,0.54,0.55,0.16,0.16,0.0,,,,,,M163
jp_m163_vulcan,0.0,,,,,,312.0,79.61,1.1,1.15,0.18,0.19,0.0,,,,,,M163
jp_m19,0.0,,,,,,305.0,60.93,0.29,0.18,1.09,0.56,0.0,,,,,,M19A1
uk_m1a1_aim_abrams,0.0,,,,,,39.0,100.0,0.0,0.0,4.45,4.45,0.0,,,,,,M1A1
us_m1a1_hc_abrams,0.0,,,,,,358.0,66.18,0.0,0.0,3.64,3.45,0.0,,,,,,M1A1_HC
uk_m1a2_sep3_abrams,0.0,,,,,,758.0,60.8,0.05,0.05,3.18,3.03,0.0,,,,,,M1A2
us_m2_medium,0.0,,,,,,9.0,,,0.0,,0.0,0.0,,,,,,M2
us_m2a2,0.0,,,,,,0.0,,,,,,0.0,,,,,,M2A2
ussr_m3c,0.0,,,,,,0.0,,,,,,0.0,,,,,,M3_Medium
us_m3a1_stuart_usmc,0.0,,,,,,4.0,,,0.0,,1.5,0.0,,,,,,M3A1_(USMC)
jp_m41_walker_bulldog,0.0,,,,,,593.0,61.39,0.0,0.0,1.83,1.47,0.0,,,,,,M41A1
fr_m44,0.0,,,,,,102.0,56.25,0.0,0.0,3.88,3.06,0.0,,,,,,M44
it_m44,0.0,,,,,,134.0,68.28,0.0,0.0,2.01,1.74,0.0,,,,,,M44
uk_m44,0.0,,,,,,57.0,50.0,0.0,0.0,0.1,0.16,0.0,,,,,,M44
fr_m46_patton,0.0,,,,,,56.0,0.0,0.0,0.0,3.0,2.06,0.0,,,,,,M46
us_m47_patton_II,0.0,,,,,,399.0,57.15,0.0,0.0,1.86,1.45,1.0,,,0.0,,0.0,M47
it_m47_105,0.0,,,,,,28.0,60.0,0.0,0.0,2.2,2.71,0.0,,,,,,M47_(105/55)
us_m4a2_1944,,,,,,,,,,,,,,,,,,,M4A2_(1944)
us_m4a3_105_sherman,0.0,,,,,,80.0,0.0,0.0,0.0,7.06,2.63,0.0,,,,,,M4A3_(105)
fr_m4a3e2_sherman_jumbo,0.0,,,,,,72.0,100.0,0.0,0.0,5.22,2.6,0.0,,,,,,M4A3E2
it_m55,0.0,,,,,,16.0,,,0.0,,1.0,8.0,,,,,,M55
fr_m55,0.0,,,,,,29.0,,,0.0,,0.0,0.0,,,,,,M55
us_m5a1_stuart_td,0.0,,,,,,0.0,,,,,,0.0,,,,,,M5A1_TD
it_m60a1_ariete,0.0,,,,,,17.0,100.0,0.0,0.0,3.0,3.0,0.0,,,,,,"M60A1_""D.C.Ariete"""
us_m60a1_rise_mod,0.0,,,,,,127.0,58.87,0.0,0.0,3.26,1.91,0.0,,,,,,M60A1_Predator
us_m728,0.0,,,,,,4.0,50.0,0.0,0.0,1.0,2.0,0.0,,,,,,M728_CEV
us_m8_greyhound,0.0,,,,,,1.0,,,0.0,,2.0,0.0,,,,,,M8_LAC
us_m901_itv,0.0,,,,,,86.0,46.38,0.0,0.0,2.11,2.48,0.0,,,,,,M901
us_magach_3,0.0,,,,,,8.0,,,,,,0.0,,,,,,Magach_3_(ERA)
il_magach_3,0.0,,,,,,0.0,,,,,,0.0,,,,,,Magach_3_(ERA)
il_magach_6m,0.0,,,,,,25.0,40.91,0.0,0.0,1.0,1.67,0.0,,,,,,Magach_6M
il_magach_6r,0.0,,,,,,85.0,69.62,0.0,0.0,1.82,2.07,0.0,,,,,,Magach_6R
fiat_cr42_marcolin,0.0,,,,,,0.0,,,,,,0.0,,,,,,Marcolin's_C.R.42_CN
fiat_cr42_marcolin_italy,0.0,,,,,,0.0,,,,,,0.0,,,,,,Marcolin's_C.R.42_CN
uk_mark_v,0.0,,,,,,0.0,,,,,,0.0,,,,,,Mark_V
fr_mars_15,0.0,,,,,,94.0,45.55,0.0,0.0,1.57,1.43,0.0,,,,,,MARS_15
martin_139wc,0.0,,,,,,0.0,,,,,,0.0,,,,,,Martin_139WC
f4f-4_martlet_mk4,0.0,,,,,,0.0,,,,,,0.0,,,,,,Martlet_Mk_IV
uk_a_12_mk_2_matilda_2,0.0,,,,,,10.0,90.0,0.0,0.0,1.9,1.67,0.0,,,,,,Matilda_III
mb_326b,0.0,,,,,,19.0,100.0,0.29,0.0,4.43,15.33,68.0,66.67,0.46,0.85,3.87,6.37,MB-326B
mb_5,0.0,,,,,,120.0,82.69,3.02,8.24,1.29,3.07,0.0,,,,,,MB.5
mbr-2,0.0,,,,,,0.0,,,,,,0.0,,,,,,MBR-2-M-34
me-163b,0.0,,,,,,30.0,,,1.0,,0.0,0.0,,,,,,Me_163_B
me-163b-0,0.0,,,,,,0.0,,,,,,0.0,,,,,,Me_163_B-0
me_210_v22_japan,0.0,,,,,,0.0,,,,,,0.0,,,,,,Me_210_V22
me-262a-1a,0.0,,,,,,33.0,0.0,0.0,0.0,0.0,0.0,0.0,,,,,,Me_262_A-1a
me-262a-1a_early,0.0,,,,,,15.0,,,,,,0.0,,,,,,Me_262_A-1a/Jabo
me-262a-2a,0.0,,,,,,91.0,84.45,2.96,6.17,1.29,2.67,0.0,,,,,,Me_262_A-2a
me-262c-1a,0.0,,,,,,0.0,,,,,,0.0,,,,,,Me_262_C-1a
me-262c-2b,0.0,,,,,,2.0,,,,,,0.0,,,,,,Me_262_C-2b
me-410a-1_u4,0.0,,,,,,9.0,0.0,0.0,0.0,1.0,0.83,0.0,,,,,,Me_410_A-1/U4
me-410b-6_r3,0.0,,,,,,6.0,,,0.0,,6.0,0.0,,,,,,Me_410_B-6/R3
us_merkava_mk_1,0.0,,,,,,30.0,50.0,0.0,0.0,1.72,2.81,0.0,,,,,,Merkava_Mk.1
us_merkava_mk_2b_late,0.0,,,,,,16.0,19.05,0.0,0.0,1.43,1.42,0.0,,,,,,Merkava_Mk.2B
il_merkava_mk_3c,0.0,,,,,,236.0,59.39,0.0,0.0,2.01,1.76,0.0,,,,,,Merkava_Mk.3C
us_merkava_mk_3d,0.0,,,,,,0.0,,,,,,0.0,,,,,,Merkava_Mk.3D
il_merkava_mk_4m,0.0,,,,,,383.0,79.85,0.05,0.05,5.28,5.5,0.0,,,,,,Merkava_Mk.4M
meteor_fmk3,0.0,,,,,,63.0,78.33,0.19,0.26,1.36,1.48,0.0,,,,,,Meteor_F_Mk_3
meteor_fmk4_lw,0.0,,,,,,99.0,90.67,1.54,0.98,0.08,0.06,0.0,,,,,,Meteor_F_Mk_4_G.41F
meteor_fmk4_sw,0.0,,,,,,12.0,100.0,5.5,11.0,0.0,0.0,0.0,,,,,,Meteor_F_Mk_4_G.41G
meteor_fmk8,0.0,,,,,,21.0,100.0,0.0,,0.0,,0.0,,,,,,Meteor_F_Mk_8_G.41K
meteor_fmk8_belgium,0.0,,,,,,11.0,100.0,1.11,2.0,1.44,1.0,0.0,,,,,,Meteor_F_Mk.8
meteor_fmk8_reaper,0.0,,,,,,82.0,66.67,2.63,3.9,2.27,3.45,0.0,,,,,,Meteor_F_Mk.8_Reaper
mig-15_ns23,0.0,,,,,,94.0,66.67,2.13,2.9,0.2,0.23,0.0,,,,,,MiG-15
mig-15bis_ish,0.0,,,,,,112.0,79.84,0.09,0.08,2.65,2.45,0.0,,,,,,MiG-15bis_ISH
mig-21_bison,0.0,,,,,,224.0,69.26,1.82,1.57,0.03,0.03,1.0,,,1.0,,0.0,MiG-21_Bison
mig_21_bis_finland,0.0,,,,,,77.0,56.25,0.97,1.0,0.0,0.0,0.0,,,,,,MiG-21bis
mig_29_9_12_sniper,0.0,,,,,,203.0,51.13,2.08,1.45,0.02,0.02,7.0,,,2.0,,0.0,MiG-29_Sniper
mig_29n,0.0,,,,,,31.0,77.78,1.5,1.55,0.02,0.03,0.0,,,,,,MiG-29N
mig-9,0.0,,,,,,33.0,4.17,2.13,2.25,0.58,0.58,0.0,,,,,,MiG-9
mig-9_ussr,0.0,,,,,,17.0,100.0,2.0,2.0,0.0,0.0,0.0,,,,,,MiG-9_(l)
mirage_milan,0.0,,,,,,18.0,57.41,0.59,0.89,0.7,1.32,0.0,,,,,,Milan
mirage_2000_5f,0.0,,,,,,205.0,53.16,1.6,1.52,0.07,0.07,7.0,,,0.0,,0.0,Mirage_2000-5F
mirage_2000c_s5,0.0,,,,,,65.0,63.1,2.31,3.75,0.76,1.21,0.0,,,,,,Mirage_2000C-S5
mirage_2000d_r1,0.0,,,,,,0.0,,,,,,0.0,,,,,,Mirage_2000D-R1
mirage_2000d_rmv,0.0,,,,,,13.0,,,,,,14.0,,,0.0,,0.0,Mirage_2000D-RMV
mirage_5ba,0.0,,,,,,4.0,,,,,,0.0,,,,,,Mirage_5BA
mirage_f1c,0.0,,,,,,0.0,,,,,,0.0,,,,,,Mirage_F1C
mirage_f1c_200,0.0,,,,,,536.0,54.42,0.96,0.89,0.11,0.1,51.0,,,2.17,,0.0,Mirage_F1C-200
mirage_f1ct,0.0,,,,,,0.0,,,,,,1.0,,,2.0,,0.0,Mirage_F1CT
mirage_3e,0.0,,,,,,54.0,58.33,1.39,1.63,0.0,0.0,0.0,,,,,,Mirage_IIIE
ussr_a_12_mk_2_matilda_2A_F96,0.0,,,,,,0.0,,,,,,0.0,,,,,,MK-II_«Matilda»
germ_mkpz_m47,0.0,,,,,,0.0,,,,,,0.0,,,,,,mKPz_M47_G
mosquito_fb_mk6,0.0,,,,,,15.0,100.0,4.0,,0.0,,0.0,,,,,,Mosquito_FB_Mk_VI
mosquito_fb_mk18,0.0,,,,,,0.0,,,,,,0.0,,,,,,Mosquito_FB_Mk_XVIII
mosquito_fb_mk26_china,0.0,,,,,,53.0,61.73,2.59,,1.6,,0.0,,,,,,Mosquito_FB.Mk.26
mosquito_tr_mk33,0.0,,,,,,0.0,,,,,,0.0,,,,,,Mosquito_TR.Mk.33
mosquito_b_mk16,0.0,,,,,,0.0,,,,,,0.0,,,,,,Mosquito_B.Mk.XVI
mosquito_nf_mk2,0.0,,,,,,6.0,100.0,5.5,,1.0,,0.0,,,,,,Mosquito_NF.Mk.II
p-51b,0.0,,,,,,79.0,61.4,1.71,1.62,1.1,0.82,69.0,50.0,8.43,6.25,0.43,0.83,Mustang_Mk_IA
md_454_mystere_4a,0.0,,,,,,0.0,,,,,,0.0,,,,,,Mystere_IVA
nc_223_3,0.0,,,,,,0.0,,,,,,0.0,,,,,,N.C.223.3
n1k1_kyuofu,0.0,,,,,,21.0,,,,,,0.0,,,,,,N1K1
n1k2_j,0.0,,,,,,23.0,100.0,1.24,1.11,1.88,1.79,0.0,,,,,,N1K2-J
il_namer_tsrikhon,0.0,,,,,,87.0,60.0,0.0,0.0,1.44,2.69,0.0,,,,,,Namer_Tsrikhon
sw_nasams_fcs,0.0,,,,,,64.0,69.7,1.55,1.42,0.0,0.0,0.0,,,,,,NASAMS_3_(СОЦ)
us_nasams_fcs,0.0,,,,,,323.0,56.54,1.49,1.4,0.0,0.0,0.0,,,,,,NASAMS_3_(СОЦ)
fw-190a-8_france,0.0,,,,,,0.0,,,,,,0.0,,,,,,NC.900
nesher,0.0,,,,,,0.0,,,,,,0.0,,,,,,Nesher
f_16a_block_10_iaf,0.0,,,,,,0.0,,,,,,0.0,,,,,,Netz
f_16a_block_10_netz_mod,0.0,,,,,,20.0,60.0,1.8,1.04,0.8,0.29,42.0,,,0.0,,4.0,Netz_(Mod)
nimrod_mk1,0.0,,,,,,0.0,,,,,,0.0,,,,,,Nimrod_Mk_I
nimrod_mk2,0.0,,,,,,0.0,,,,,,0.0,,,,,,Nimrod_Mk_II
sw_nomads,0.0,,,,,,8.0,0.0,2.0,2.0,0.0,0.0,0.0,,,,,,NOMADS
ussr_object_140,0.0,,,,,,217.0,63.07,0.0,0.0,5.04,2.91,0.0,,,,,,Object_140
ussr_object_775,0.0,,,,,,439.0,45.45,0.0,0.0,1.79,1.46,0.0,,,,,,Object_775
uk_olifant_mk_1a,0.0,,,,,,418.0,56.04,0.05,0.05,3.58,3.68,0.0,,,,,,Olifant_Mk.1A
uk_olifant_mk_2,0.0,,,,,,188.0,82.5,0.0,0.0,4.0,2.93,0.0,,,,,,Olifant_Mk.2
cn_oplot_t,0.0,,,,,,242.0,66.27,0.0,0.0,2.66,1.75,3.0,,,0.0,,1.0,Oplot-M
os2u_1,0.0,,,,,,0.0,,,,,,0.0,,,,,,OS2U-1
os2u_3,0.0,,,,,,0.0,,,,,,0.0,,,,,,OS2U-3
uk_9a33bm2,0.0,,,,,,10.0,0.0,1.0,1.0,0.0,0.0,0.0,,,,,,Osa-AK
it_9a33bm3,0.0,,,,,,0.0,,,,,,0.0,,,,,,Osa-AKM
it_otomatic,0.0,,,,,,34.0,85.0,0.95,1.14,1.05,1.0,0.0,,,,,,OTOMATIC
p-26a_34,0.0,,,,,,0.0,,,,,,0.0,,,,,,P-26A-34
p-36c,0.0,,,,,,0.0,,,,,,0.0,,,,,,P-36C
p-38g,0.0,,,,,,0.0,,,,,,0.0,,,,,,P-38G-1
p-38k,0.0,,,,,,0.0,,,,,,0.0,,,,,,P-38K
p-39k_1,0.0,,,,,,0.0,,,,,,0.0,,,,,,P-39K-1
p-39q_15,0.0,,,,,,0.0,,,,,,0.0,,,,,,P-39Q-15
p-39q_5,0.0,,,,,,24.0,100.0,0.9,0.9,1.2,1.2,0.0,,,,,,P-39Q-5
p-40c,0.0,,,,,,0.0,,,,,,0.0,,,,,,P-40C
p-40e_td,0.0,,,,,,11.0,100.0,1.0,1.0,1.0,1.0,0.0,,,,,,P-40E-1_TD
p-43a-1,0.0,,,,,,0.0,,,,,,0.0,,,,,,P-43A-1
p-47d_luftwaffe,0.0,,,,,,18.0,,,,,,0.0,,,,,,P-47D
p-47m-1-re,0.0,,,,,,81.0,78.67,1.23,1.38,1.92,2.19,0.0,,,,,,P-47M-1-RE
p-51a_tl,0.0,,,,,,0.0,,,,,,0.0,,,,,,P-51A
p-51c-11-nt_japan,0.0,,,,,,35.0,100.0,4.38,4.86,1.28,1.43,0.0,,,,,,P-51C-11-NT
p-59a,0.0,,,,,,25.0,,,1.8,,0.0,0.0,,,,,,P-59A
p-61a_1,0.0,,,,,,9.0,,,0.0,,0.6,13.0,100.0,0.0,,2.0,,P-61A-11
p-63c-5,0.0,,,,,,36.0,11.11,0.11,0.07,0.28,0.64,0.0,,,,,,P-63C-5
p-66,0.0,,,,,,0.0,,,,,,0.0,,,,,,P-66
p_108a_serie2,0.0,,,,,,0.0,,,,,,0.0,,,,,,P.108A_serie_2
p_108b_serie1,0.0,,,,,,0.0,,,,,,0.0,,,,,,P.108B_serie_1
p_108b_serie2,0.0,,,,,,0.0,,,,,,0.0,,,,,,P.108B_serie_2
fr_citroen_kegresse_p4t,0.0,,,,,,0.0,,,,,,0.0,,,,,,P.7.T_AA
p1y1_mod11,0.0,,,,,,0.0,,,,,,0.0,,,,,,P1Y1_mod._11
d_510,0.0,,,,,,0.0,,,,,,0.0,,,,,,Pallier's_D.510
germ_panzerjager_1,0.0,,,,,,1.0,,,0.0,,1.0,0.0,,,,,,Panzerjäger_I
sw_pbil_m40,0.0,,,,,,0.0,,,,,,0.0,,,,,,Pbil_m/40
pbj_1h,0.0,,,,,,0.0,,,,,,0.0,,,,,,PBJ-1H
pbj_1j,0.0,,,,,,0.0,,,,,,0.0,,,,,,PBJ-1J
pbm_1,0.0,,,,,,0.0,,,,,,0.0,,,,,,"PBM-1_""Mariner"""
pbm_3,0.0,,,,,,0.0,,,,,,0.0,,,,,,"PBM-3_""Mariner"""
pbm_5a,0.0,,,,,,0.0,,,,,,0.0,,,,,,"PBM-5A_""Mariner"""
sw_pbv_301,0.0,,,,,,14.0,,,0.0,,0.0,0.0,,,,,,Pbv_301
sw_pbv_302_bill,0.0,,,,,,15.0,0.0,0.0,0.0,0.0,0.0,0.0,,,,,,Pbv_302_(BILL)
pby-5,0.0,,,,,,0.0,,,,,,0.0,,,,,,PBY-5_Catalina
pby-5a_ussr,0.0,,,,,,0.0,,,,,,0.0,,,,,,PBY-5A_Catalina
pby-5a_late_france,0.0,,,,,,0.0,,,,,,0.0,,,,,,PBY-5A_Late
cn_pgz_04a,0.0,,,,,,124.0,54.3,0.65,0.6,0.0,0.0,0.0,,,,,,PGZ04A
cn_pgz_09,0.0,,,,,,105.0,36.6,1.29,0.74,0.67,0.42,0.0,,,,,,PGZ09
cn_plz_05,0.0,,,,,,148.0,77.95,0.0,0.0,4.05,2.02,0.0,,,,,,PLZ05
cn_plz_83,0.0,,,,,,8.0,,,0.0,,0.0,0.0,,,,,,PLZ83
cn_plz_83_130,0.0,,,,,,50.0,48.04,0.0,0.0,1.96,2.77,0.0,,,,,,PLZ83-130
po-2,0.0,,,,,,0.0,,,,,,0.0,,,,,,Po-2
po-2_nw,,,,,,,,,,,,,,,,,,,Po-2_Night_Witch
po-2m,0.0,,,,,,0.0,,,,,,0.0,,,,,,Po-2M
potez_630,0.0,,,,,,0.0,,,,,,0.0,,,,,,Potez_630
potez_631,0.0,,,,,,19.0,,,0.0,,1.0,0.0,,,,,,Potez_631
potez_633,0.0,,,,,,0.0,,,,,,0.0,,,,,,Potez_633
cn_ptl_02,0.0,,,,,,119.0,81.25,0.0,0.0,1.75,0.93,5.0,100.0,0.0,,1.0,,PTL02
germ_schutzenpanzer_puma,0.0,,,,,,332.0,48.76,0.11,0.07,1.16,0.85,0.0,,,,,,PUMA
germ_schutzenpanzer_puma_vjtf_mod,0.0,,,,,,21.0,,,0.0,,0.41,0.0,,,,,,Puma_u14
germ_schutzenpanzer_puma_vjtf,0.0,,,,,,536.0,45.53,0.01,0.01,0.95,0.77,0.0,,,,,,PUMA_VJTF
sw_pvlvv_fm42,0.0,,,,,,0.0,,,,,,0.0,,,,,,Pvlvv_fm/42
germ_pzkpfw_38t_na,0.0,,,,,,0.0,,,,,,0.0,,,,,,Pz.38(t)_n.A.
germ_pzkpfw_38t_ausf_A,0.0,,,,,,11.0,,,0.0,,2.0,0.0,,,,,,Pz.38(t)_A
germ_pzkpfw_II_ausf_C_td,0.0,,,,,,0.0,,,,,,0.0,,,,,,Pz.II_C_TD
germ_pzkpfw_III_ausf_J_td,0.0,,,,,,0.0,,,,,,0.0,,,,,,Pz.III_J1_TD
it_pzkpfw_III_ausf_N,0.0,,,,,,27.0,,,0.0,,2.27,0.0,,,,,,Pz.III_N
germ_pzkpfw_III_ausf_J_L42,0.0,,,,,,43.0,,,0.0,,2.45,0.0,,,,,,Pz.III_J
germ_pzkpfw_II_ausf_F,0.0,,,,,,32.0,,,0.0,,0.87,0.0,,,,,,Pz.II_F
germ_pzkpfw_II_ausf_C_DAK,0.0,,,,,,29.0,100.0,0.0,0.0,6.05,5.28,0.0,,,,,,Pz.II_С_(DAK)
germ_amd_35_kwk39,0.0,,,,,,75.0,0.0,0.0,0.0,5.34,2.25,0.0,,,,,,Pz.Sp.Wg.P204(f)_PaK
q_5_early,0.0,,,,,,0.0,,,,,,0.0,,,,,,Q-5_early
q_5l,0.0,,,,,,0.0,,,,,,0.0,,,,,,Q-5L
quing_6,0.0,,,,,,0.0,,,,,,0.0,,,,,,Qing-6
cn_qn506,0.0,,,,,,46.0,46.77,0.0,0.0,0.5,0.74,0.0,,,,,,QN506
fr_renault_r39,0.0,,,,,,0.0,,,,,,0.0,,,,,,R.35_(SA38)
r2y2_v1,0.0,,,,,,0.0,,,,,,0.0,,,,,,R2Y2_Kai_V1
r2y2_v2,0.0,,,,,,9.0,100.0,1.0,1.0,1.11,1.11,0.0,,,,,,R2Y2_Kai_V2
r2y2_kai,0.0,,,,,,33.0,75.0,0.72,0.86,1.78,1.84,0.0,,,,,,R2Y2_Kai_V3
it_oto_r3_106sr,0.0,,,,,,103.0,91.52,0.0,0.0,2.7,1.6,0.0,,,,,,R3_T106_FA
il_merkava_mk_3_raam_segol,0.0,,,,,,138.0,89.13,0.0,0.0,4.48,2.15,3.0,,,0.0,,1.0,Ra'am_Sagol
rafale_c_f3,0.0,,,,,,207.0,68.51,3.07,2.06,0.51,0.49,0.0,,,,,,Rafale_C_F3
rafale_m_f3r,0.0,,,,,,108.0,57.15,1.74,2.71,0.28,0.46,1.0,,,2.0,,0.0,Rafale_M_F3-R
uk_tracked_rapier,0.0,,,,,,17.0,0.0,1.33,1.1,0.0,0.0,0.0,,,,,,Rapier
p-36a_rasmussen,0.0,,,,,,0.0,,,,,,0.0,,,,,,Rasmussen's_P-36A
uk_ratel_20,0.0,,,,,,81.0,54.55,0.0,0.0,1.0,0.15,0.0,,,,,,Ratel_20
re_2000_ga,0.0,,,,,,0.0,,,,,,0.0,,,,,,Re.2000_G.A.
re_2000_int,0.0,,,,,,0.0,,,,,,0.0,,,,,,Re.2000_serie_1
re_2001_cb,0.0,,,,,,14.0,100.0,0.0,0.0,1.0,1.0,0.0,,,,,,Re.2001_CB
re_2001_serie1_ep,0.0,,,,,,0.0,,,,,,0.0,,,,,,Re.2001_gruppo_22
re_2001_serie1,0.0,,,,,,0.0,,,,,,0.0,,,,,,Re.2001_serie_1
re_2005_vdm,0.0,,,,,,22.0,100.0,2.18,1.81,2.27,2.52,0.0,,,,,,Re.2005_(VDM)
re_2005_serie0,0.0,,,,,,8.0,100.0,1.0,0.08,5.0,2.08,0.0,,,,,,Re.2005_serie_0
jp_type_95_heavy,0.0,,,,,,0.0,,,,,,0.0,,,,,,Ro-Go
jp_hiro_sha,0.0,,,,,,27.0,,,0.0,,1.0,0.0,,,,,,Ro-Go_Exp.
ro_43,,,,,,,,,,,,,,,,,,,Ro.43
ro_44,0.0,,,,,,0.0,,,,,,0.0,,,,,,Ro.44
il_m109a1,0.0,,,,,,12.0,,,0.0,,1.0,0.0,,,,,,Rochev
fr_amx_30_roland,0.0,,,,,,42.0,5.56,1.2,0.92,0.0,0.0,0.0,,,,,,Roland_1
uk_rooikat_105_td,0.0,,,,,,122.0,65.61,0.0,0.0,3.8,2.92,0.0,,,,,,Rooikat_105
uk_rooikat_76,0.0,,,,,,111.0,72.37,0.0,0.0,2.21,1.32,0.0,,,,,,Rooikat_Mk.1D
uk_rooikat_mttd,0.0,,,,,,246.0,73.08,0.0,0.0,2.64,2.35,0.0,,,,,,Rooikat_MTTD
s_81_ar125,0.0,,,,,,0.0,,,,,,0.0,,,,,,S.81
sm_79_1941,0.0,,,,,,0.0,,,,,,0.0,,,,,,S.M.79_AS
sm_79_iar,0.0,,,,,,0.0,,,,,,0.0,,,,,,S.M.79_B
sm_79_iar_italy,0.0,,,,,,0.0,,,,,,0.0,,,,,,S.M.79_B
sm_79_1942,0.0,,,,,,0.0,,,,,,0.0,,,,,,S.M.79_bis/N
sm_79_1943,0.0,,,,,,0.0,,,,,,0.0,,,,,,S.M.79_bis/T.M
sm_79_1936,0.0,,,,,,0.0,,,,,,0.0,,,,,,S.M.79_serie_1
sm_79_1936_italy,0.0,,,,,,0.0,,,,,,0.0,,,,,,S.M.79_serie_1
sm_79_1937,0.0,,,,,,0.0,,,,,,0.0,,,,,,S.M.79_serie_4
sm_79_1939,0.0,,,,,,0.0,,,,,,0.0,,,,,,S.M.79_serie_8
sm_79_1939_italy,0.0,,,,,,0.0,,,,,,0.0,,,,,,S.M.79_serie_8
so_4050_vautour_2a,0.0,,,,,,0.0,,,,,,0.0,,,,,,S.O.4050_Vautour_IIA
so_4050_vautour_2b,0.0,,,,,,0.0,,,,,,0.0,,,,,,S.O.4050_Vautour_IIB
so_4050_vautour_2n,0.0,,,,,,33.0,100.0,0.0,0.0,1.09,1.09,0.0,,,,,,S.O.4050_Vautour_IIN
so_4050_vautour_2n_late,0.0,,,,,,158.0,58.71,1.25,1.4,0.75,0.8,0.0,,,,,,S.O.4050_Vautour_IIN_(late)
so_8000_narval,0.0,,,,,,11.0,,,,,,0.0,,,,,,S.O.8000_Narval
saab_b17bs,0.0,,,,,,0.0,,,,,,0.0,,,,,,S17BS
md_460_saar,0.0,,,,,,24.0,100.0,1.0,1.0,0.0,0.0,0.0,,,,,,Sa'ar
saab_f35_wdns,0.0,,,,,,12.0,,,0.0,,0.0,0.0,,,,,,Saab_F-35
saab_j35xs,0.0,,,,,,58.0,47.33,2.35,3.29,3.05,5.44,0.0,,,,,,Saab_J35XS
saab_105g,0.0,,,,,,198.0,54.02,0.23,0.24,2.13,2.21,0.0,,,,,,SAAB-105G
saab_105oe,0.0,,,,,,0.0,,,,,,0.0,,,,,,SAAB-105OE
md_460_sambad,0.0,,,,,,0.0,,,,,,0.0,,,,,,Sambad
fr_vab_santal,0.0,,,,,,68.0,0.0,2.06,1.67,0.0,0.0,0.0,,,,,,SANTAL
uk_marmon_herrington_mk_6_2pdr,0.0,,,,,,90.0,63.64,0.0,0.0,1.17,0.98,0.0,,,,,,SARC_MkVI_(2pdr)
fr_somua_sau40,0.0,,,,,,0.0,,,,,,0.0,,,,,,SAu_40
sb_2m_100,0.0,,,,,,0.0,,,,,,0.0,,,,,,SB_2M-100
sb_2m_103c,0.0,,,,,,0.0,,,,,,0.0,,,,,,SB_2M-103
sb_2m_103_mv3,0.0,,,,,,0.0,,,,,,0.0,,,,,,SB_2M-103_MV-3
sb_2m_103u,0.0,,,,,,0.0,,,,,,0.0,,,,,,SB_2M-103U
sb_2m_103u_mv3,0.0,,,,,,0.0,,,,,,0.0,,,,,,SB_2M-103U_MV-3
sb2c_4,0.0,,,,,,0.0,,,,,,0.0,,,,,,SB2C-4
sb2u-2,0.0,,,,,,0.0,,,,,,0.0,,,,,,SB2U-2
scimitar_f1,0.0,,,,,,8.0,100.0,2.0,2.0,0.4,0.4,0.0,,,,,,Scimitar_F_Mk.1
uk_fv107_scimitar_mk2,0.0,,,,,,241.0,39.16,0.0,0.0,3.53,0.95,0.0,,,,,,Scimitar_Mk.2
germ_sdkfz_234_1,0.0,,,,,,118.0,57.96,0.0,0.0,2.92,3.08,0.0,,,,,,Sd.Kfz.234/1
germ_sdkfz_234_2_td,0.0,,,,,,65.0,41.11,0.0,0.0,0.76,0.87,0.0,,,,,,Sd.Kfz.234/2_TD
germ_sdkfz_234_3,0.0,,,,,,51.0,48.61,0.0,0.0,3.81,3.98,0.0,,,,,,Sd.Kfz.234/3
germ_sdkfz_234_4,0.0,,,,,,98.0,75.19,0.0,0.0,3.96,2.93,11.0,,,,,,Sd.Kfz.234/4
germ_sdkfz_251_10,0.0,,,,,,0.0,,,,,,0.0,,,,,,Sd.Kfz.251/10
sea_fury_fb11,0.0,,,,,,15.0,100.0,1.4,1.44,0.0,0.0,5.0,,,1.0,,0.0,Sea_Fury_FB_11
gladiator_mk2_navy,0.0,,,,,,0.0,,,,,,0.0,,,,,,Sea_Gladiator_Mk_I
harrier_frs1_early,0.0,,,,,,9.0,100.0,2.0,2.0,0.0,0.0,0.0,,,,,,Sea_Harrier_FRS.1_(e)
sea_hawk_fga6,0.0,,,,,,51.0,73.34,0.24,0.4,1.44,2.0,0.0,,,,,,Sea_Hawk_FGA.6
sea_hawk_fga50_netherlands,0.0,,,,,,1.0,,,,,,10.0,,,3.0,,0.0,Sea_Hawk_Mk.50
hurricane_mk1c,0.0,,,,,,0.0,,,,,,0.0,,,,,,Sea_Hurricane_Mk_IC
meteor_fmk3_navy,0.0,,,,,,154.0,63.93,0.64,1.07,1.07,1.73,0.0,,,,,,Sea_Meteor_F_Mk_3
sea_venom_faw20,0.0,,,,,,0.0,,,,,,0.0,,,,,,Sea_Venom_FAW_20
dh_110_sea_vixen,0.0,,,,,,23.0,50.0,1.5,3.0,0.0,0.0,0.0,,,,,,Sea_Vixen_F.A.W._Mk.2
seafire_mk17,0.0,,,,,,0.0,,,,,,0.0,,,,,,Seafire_F_Mk_XVII
seafire_mk3,0.0,,,,,,0.0,,,,,,0.0,,,,,,Seafire_LF_Mk.III
shackleton_mr_mk_2,0.0,,,,,,0.0,,,,,,0.0,,,,,,Shackleton_MR.Mk.2
mirage_3cj,0.0,,,,,,48.0,100.0,2.23,2.04,1.0,0.85,0.0,,,,,,Shahak
uk_centurion_shot_kal_d,0.0,,,,,,0.0,,,,,,0.0,,,,,,Sho't_Kal_Dalet
il_sholef,0.0,,,,,,0.0,,,,,,0.0,,,,,,Sholef
ussr_9p149,0.0,,,,,,27.0,17.86,0.0,0.0,1.39,1.37,0.0,,,,,,Shturm-S
it_otobreda_sidam_25_mistral,0.0,,,,,,26.0,50.0,0.5,1.0,0.5,1.0,0.0,,,,,,SIDAM_25_(Mistral)
saab_sk60b,0.0,,,,,,140.0,50.54,0.18,0.11,1.93,2.24,0.0,,,,,,SK60B
us_skink_aa,0.0,,,,,,243.0,52.64,1.19,2.44,0.0,0.0,0.0,,,,,,Skink
uk_skink_aa,0.0,,,,,,112.0,51.45,2.22,2.36,0.01,0.04,0.0,,,,,,Skink
us_skink_aa_kit_3rank,0.0,,,,,,65.0,43.75,1.04,1.0,0.02,0.02,0.0,,,,,,Skink_(Hell)
soc_1,,,,,,,,,,,,,,,,,,,SOC-1
spitfire_f24,0.0,,,,,,108.0,74.46,3.35,8.41,0.83,1.76,0.0,,,,,,Spitfire_F_Mk_24
spitfire_ix_usa,0.0,,,,,,474.0,66.46,1.01,1.22,1.37,1.64,0.0,,,,,,Spitfire_LF_Mk_IXc
spitfire_mk1,0.0,,,,,,4.0,,,,,,0.0,,,,,,Spitfire_Mk_Ia
spitfire_ix_ussr,0.0,,,,,,9.0,,,,,,0.0,,,,,,Spitfire_Mk_IXc
spitfiremkiia_ep,0.0,,,,,,23.0,,,1.0,,1.0,0.0,,,,,,Spitfire_Mk.IIa_Venture_I
spitfire_lf_mk9c_cw_greece,0.0,,,,,,18.0,100.0,1.0,1.0,0.0,0.0,0.0,,,,,,Spitfire_LF_Mk.IXc_(CW)
spitfire_mk5b_float,0.0,,,,,,0.0,,,,,,0.0,,,,,,Spitfire_Mk.Vb_(Float)
il_spyder_aio,0.0,,,,,,41.0,49.21,0.67,1.0,0.0,0.0,0.0,,,,,,SPYDER
fr_saint_chamond,0.0,,,,,,0.0,,,,,,0.0,,,,,,St-Chamond
us_stingray,0.0,,,,,,846.0,51.86,0.0,0.0,1.6,1.5,0.0,,,,,,Stingray
stirling_mk1,0.0,,,,,,0.0,,,,,,0.0,,,,,,Stirling_B_Mk_I
stirling_mk3,0.0,,,,,,0.0,,,,,,0.0,,,,,,Stirling_B_Mk_III
uk_stormer_air_defence,0.0,,,,,,68.0,31.25,1.97,1.5,0.0,0.0,0.0,,,,,,Stormer_AD
uk_stormer_hvm,0.0,,,,,,34.0,0.0,0.0,0.0,0.0,0.0,0.0,,,,,,Stormer_HVM
strikemaster_mk88,0.0,,,,,,16.0,100.0,1.0,1.0,3.8,3.43,0.0,,,,,,Strikemaster_Mk.88
uk_fv102_striker,0.0,,,,,,19.0,,,0.0,,0.0,0.0,,,,,,Striker
sw_strv_81_rb52,0.0,,,,,,18.0,,,0.0,,1.0,0.0,,,,,,Strv_81_(RB_52)
uk_centurion_mk_3_ss11,0.0,,,,,,0.0,,,,,,0.0,,,,,,Strv_81_(RB_52)
sw_strv_m39_td,0.0,,,,,,0.0,,,,,,0.0,,,,,,Strv_m/39_TD
sw_strv_m41_s1,0.0,,,,,,0.0,,,,,,0.0,,,,,,Strv_m/41_S-I
us_m5a1_stuart_canadian_5st_arm,0.0,,,,,,0.0,,,,,,0.0,,,,,,Stuart_VI_(5th_CAD)
germ_stug_III_ausf_A,0.0,,,,,,7.0,,,,,,0.0,,,,,,StuG_III_A
germ_stuh_III_ausf_G,0.0,,,,,,16.0,,,0.0,,2.94,0.0,,,,,,StuH_42_G
ussr_su_100Y,0.0,,,,,,43.0,50.0,0.0,0.0,1.5,1.36,0.0,,,,,,SU-100Y
ussr_su_122P,0.0,,,,,,6.0,,,0.0,,3.3,0.0,,,,,,SU-122P
su_22m3,0.0,,,,,,160.0,56.24,0.07,0.15,0.82,0.42,0.0,,,,,,Su-22M3
su_25sm3,0.0,,,,,,0.0,,,,,,21.0,,,0.0,,2.0,Su-25SM3
su_30mkm,0.0,,,,,,318.0,70.76,1.32,1.6,1.68,1.95,4.0,0.0,1.0,0.5,3.0,1.5,Su-30MKM
ussr_su_5_1,0.0,,,,,,0.0,,,,,,0.0,,,,,,SU-5-1
ussr_su_57,0.0,,,,,,10.0,,,0.0,,0.1,0.0,,,,,,SU-57
su_6_single,0.0,,,,,,41.0,100.0,0.08,0.1,3.28,3.41,0.0,,,,,,Su-6
su-6_am42,0.0,,,,,,17.0,13.64,0.86,1.0,0.27,0.43,0.0,,,,,,Su-6_(AM-42)
ussr_su_76d,0.0,,,,,,0.0,,,,,,0.0,,,,,,SU-76D
ussr_su_76m_1943,0.0,,,,,,10.0,0.0,0.0,0.0,1.6,1.6,0.0,,,,,,SU-76M
ussr_su_76m_5st_kav_corps,0.0,,,,,,0.0,,,,,,0.0,,,,,,SU-76M_(5th_Gv.Kav.Corps)
su-7bmk,0.0,,,,,,0.0,,,,,,0.0,,,,,,Su-7BMK
ussr_su_85a,0.0,,,,,,0.0,,,,,,0.0,,,,,,SU-85A
sunderland_mk3a,0.0,,,,,,0.0,,,,,,0.0,,,,,,Sunderland_Mk_IIIa
sunderland_mk5,0.0,,,,,,0.0,,,,,,0.0,,,,,,Sunderland_Mk_V
super_etendard_97,0.0,,,,,,15.0,,,,,,0.0,,,,,,Super_Etendard
md_460,0.0,,,,,,96.0,88.6,1.95,2.51,1.08,1.71,0.0,,,,,,Super_Mystere_B2
swift_f1,0.0,,,,,,110.0,58.71,1.16,1.52,0.39,0.47,0.0,,,,,,Swift_F.1
swift_f7,0.0,,,,,,12.0,,,1.0,,0.0,0.0,,,,,,Swift_F.7
swordfish_mk1,0.0,,,,,,0.0,,,,,,0.0,,,,,,Swordfish_Mk_I
swordfish_mk2,0.0,,,,,,0.0,,,,,,0.0,,,,,,Swordfish_Mk_II
sw_t_80u,0.0,,,,,,459.0,52.97,0.0,0.0,2.42,1.52,0.0,,,,,,T_80_U
ussr_t_10a,0.0,,,,,,75.0,59.68,0.0,0.0,2.58,2.63,0.0,,,,,,T-10A
ussr_t_126sp,0.0,,,,,,0.0,,,,,,0.0,,,,,,T-126
cn_t_26_no531,0.0,,,,,,0.0,,,,,,0.0,,,,,,T-26_No.531
sw_vickers_mk_e_45,0.0,,,,,,0.0,,,,,,0.0,,,,,,T-26E
ussr_t_26E,0.0,,,,,,0.0,,,,,,0.0,,,,,,T-26E
ussr_t_28_1938,0.0,,,,,,10.0,100.0,0.0,0.0,1.0,1.0,0.0,,,,,,T-28_(1938)
ussr_t_34_1940_l_11,0.0,,,,,,0.0,,,,,,0.0,,,,,,T-34_(Prototype)
sw_t_50_fin,0.0,,,,,,0.0,,,,,,0.0,,,,,,T-50
ussr_t_70_1942,0.0,,,,,,10.0,0.0,0.0,0.0,1.0,1.0,0.0,,,,,,T-70
ussr_pzkpfw_III_ausf_J_L42,0.0,,,,,,0.0,,,,,,0.0,,,,,,T-III
us_t114,0.0,,,,,,20.0,100.0,0.0,0.0,5.0,2.86,0.0,,,,,,T114
us_t28,0.0,,,,,,15.0,,,,,,1.0,0.0,0.0,0.0,3.0,3.0,T28
us_t54e2,0.0,,,,,,10.0,,,0.0,,1.9,0.0,,,,,,T54E2
us_t55e1,0.0,,,,,,80.0,90.0,0.0,0.0,5.7,2.1,0.0,,,,,,T55E1
us_t77e1,0.0,,,,,,97.0,100.0,3.31,1.91,0.0,0.0,0.0,,,,,,T77E1
us_t95,0.0,,,,,,39.0,18.33,0.0,0.0,1.76,2.13,0.0,,,,,,T95
jp_type_98_ta_se,0.0,,,,,,104.0,100.0,0.28,0.26,2.58,1.11,0.0,,,,,,Ta-Se
jp_type_81_tansam_launcher,,,,,,,,,,,,,,,,,,,Tan-SAM_Kai_(СОУ)
jp_type_81_tansam_fcs,0.0,,,,,,52.0,100.0,0.06,0.01,0.0,0.0,0.0,,,,,,Tan-SAM_Kai_(СОЦ)
tb_3_m17_32,0.0,,,,,,0.0,,,,,,0.0,,,,,,TB-3M-17-32
tbd-1_1938,0.0,,,,,,0.0,,,,,,0.0,,,,,,TBD-1
tbf-1c,0.0,,,,,,9.0,,,0.0,,1.0,0.0,,,,,,TBF-1C
il_tcm_20,0.0,,,,,,17.0,0.0,0.0,0.0,0.0,0.0,0.0,,,,,,TCM-20
tempest_mkv_luftwaffe,0.0,,,,,,29.0,41.67,1.21,2.5,0.79,1.5,0.0,,,,,,Tempest_Mk_V
tempest_mkv_vikkers,0.0,,,,,,9.0,,,,,,0.0,,,,,,Tempest_Mk_V_(Vickers_P)
f2a-1_thach,0.0,,,,,,0.0,,,,,,0.0,,,,,,Thach's_F2A-1
il_tiran_4,0.0,,,,,,81.0,64.29,0.0,0.0,1.49,1.19,0.0,,,,,,Tiran_4
ussr_to_55,0.0,,,,,,147.0,97.46,0.0,0.0,8.43,4.26,0.0,,,,,,TO-55
uk_tog_2,0.0,,,,,,98.0,50.0,0.0,0.0,2.57,2.75,1.0,,,,,,TOG_II
it_toldi_II_a,0.0,,,,,,0.0,,,,,,0.0,,,,,,Toldi_IIA
cn_tor_m1,0.0,,,,,,0.0,,,,,,0.0,,,,,,Tor-M1
tornado_adv,0.0,,,,,,57.0,68.26,1.59,2.36,0.0,0.0,0.0,,,,,,Tornado_ADV
tornado_ids_it,0.0,,,,,,4.0,50.0,0.5,1.0,0.5,1.0,0.0,,,,,,Tornado_IDS
tornado_ids_it_mod95,0.0,,,,,,0.0,,,,,,0.0,,,,,,Tornado_IDS_(1995)
tornado_ids_it_ret8,0.0,,,,,,0.0,,,,,,0.0,,,,,,Tornado_IDS_MLU_(RET.8)
uk_a39_tortoise,0.0,,,,,,1.0,,,,,,0.0,,,,,,Tortoise
ussr_tor_m1,0.0,,,,,,26.0,,,,,,0.0,,,,,,Toр-M1
tu-1,0.0,,,,,,22.0,100.0,0.56,0.17,5.0,2.11,0.0,,,,,,Tu-1
tu-2_early,0.0,,,,,,0.0,,,,,,0.0,,,,,,Tu-2
tu_4,0.0,,,,,,0.0,,,,,,0.0,,,,,,Tu-4
gladiator_mk2_tuck,0.0,,,,,,0.0,,,,,,0.0,,,,,,Tuck's_Gladiator_Mk_II
it_41m_turan_2,0.0,,,,,,1.0,0.0,0.0,0.0,2.0,2.0,0.0,,,,,,Turan_II
jp_type_03_chusam_fcs,0.0,,,,,,36.0,66.67,1.0,0.5,0.0,0.0,0.0,,,,,,Type_03_(СОЦ)
ussr_type_62,0.0,,,,,,14.0,0.0,0.0,0.0,3.0,1.21,0.0,,,,,,Type_62
cn_type_69_2a,0.0,,,,,,70.0,100.0,0.0,0.0,3.8,3.86,0.0,,,,,,Type_69-IIa
jp_type_74,0.0,,,,,,411.0,53.02,0.0,0.0,1.72,1.69,0.0,,,,,,Type_74_(E)
jp_type_74_f,0.0,,,,,,191.0,79.39,0.0,0.0,2.4,1.74,0.0,,,,,,Type_74_(F)
jp_type_81_tansam,0.0,,,,,,31.0,0.0,1.42,1.42,0.0,0.0,0.0,,,,,,Type_81_(C)
jp_type_87,0.0,,,,,,461.0,49.02,0.17,0.14,0.88,0.65,0.0,,,,,,Type_87
ef_2000_typhoon_aesa,0.0,,,,,,321.0,78.56,2.69,5.28,0.2,0.36,0.0,,,,,,Typhoon_(AESA)
ef_2000_fgr4,0.0,,,,,,78.0,70.69,1.08,0.95,0.09,0.09,0.0,,,,,,Typhoon_FGR.4
sw_landsverk_ush_204_gk,0.0,,,,,,200.0,24.41,0.44,0.29,0.11,0.05,0.0,,,,,,U-SH_204_GK
sw_landsverk_ush_405,0.0,,,,,,336.0,48.06,0.0,0.0,2.3,1.61,0.0,,,,,,U-SH_405
sw_udes_33,0.0,,,,,,39.0,,,0.0,,0.07,0.0,,,,,,UDES_33
uk_challenger_II,0.0,,,,,,679.0,47.89,0.0,0.0,1.75,1.72,18.0,66.67,0.0,0.0,4.0,0.21,uk_challenger_ii_shop
us_m551_football,,,,,,,,,,,,,,,,,,,us_m551_football
ussr_m551_football,,,,,,,,,,,,,,,,,,,ussr_m551_football
v_11g,0.0,,,,,,0.0,,,,,,0.0,,,,,,V-11
v_12d,0.0,,,,,,0.0,,,,,,0.0,,,,,,V-12D
v_156_b1,0.0,,,,,,19.0,,,0.0,,0.0,0.0,,,,,,V-156-B1
v_156_f,0.0,,,,,,0.0,,,,,,0.0,,,,,,V-156-F
uk_valentine_mk_1,0.0,,,,,,0.0,,,,,,0.0,,,,,,Valentine_I
uk_valentine_mk_9,0.0,,,,,,6.0,50.0,0.0,0.0,2.0,1.2,0.0,,,,,,Valentine_IX
vampire_fb5,0.0,,,,,,0.0,,,,,,0.0,,,,,,Vampire_F.B.5
vampire_fb52_finland,0.0,,,,,,13.0,0.0,0.0,0.0,0.0,0.0,0.0,,,,,,Vampire_FB_52A
vampire_fb52a_italy,0.0,,,,,,12.0,,,1.0,,0.0,0.0,,,,,,Vampire_FB_52A
so_4050_vautour_2a_iaf,0.0,,,,,,28.0,100.0,3.0,3.0,0.0,0.0,0.0,,,,,,Vautour_IIA_IDF/AF
it_vbc_pt2,0.0,,,,,,100.0,56.22,0.0,0.0,1.85,1.03,5.0,100.0,0.0,0.0,2.0,2.0,VBC_(PT2)
fr_vbci,0.0,,,,,,175.0,72.25,0.16,0.13,2.87,2.25,0.0,,,,,,VBCI
fr_vbci2_mct30,0.0,,,,,,0.0,,,,,,0.0,,,,,,VBCI-2_(MCT30)
it_vcc_80_hitfist_30,0.0,,,,,,4.0,50.0,0.0,0.0,1.0,2.0,0.0,,,,,,VCC-80/30
it_vcc_80_hitfist_60,0.0,,,,,,146.0,47.31,0.16,0.08,2.19,1.32,5.0,,,0.0,,1.0,VCC-80/60
sw_veak_40,0.0,,,,,,142.0,37.5,0.0,0.0,0.51,0.28,0.0,,,,,,VEAK_40
venom_fb4,0.0,,,,,,59.0,100.0,2.35,3.65,1.24,1.89,0.0,,,,,,Venom_FB.4
fr_vextra_105,0.0,,,,,,100.0,55.56,0.0,0.0,0.92,0.61,0.0,,,,,,Vextra_105
uk_vfm_5,0.0,,,,,,168.0,75.54,0.0,0.0,3.35,3.34,0.0,,,,,,VFM5
uk_vickers_mk_11,0.0,,,,,,326.0,51.68,0.0,0.0,2.28,2.08,0.0,,,,,,Vickers_Mk.11
uk_vickers_mbt_mk_3,0.0,,,,,,236.0,46.62,0.0,0.0,1.23,0.95,0.0,,,,,,Vickers_Mk.3
uk_vickers_mk7,0.0,,,,,,93.0,49.46,0.0,0.0,2.58,2.03,0.0,,,,,,Vickers_Mk.7
sw_k9_vidar,0.0,,,,,,156.0,70.76,0.0,0.0,2.18,1.39,0.0,,,,,,VIDAR
uk_vijayanta,0.0,,,,,,303.0,51.17,0.0,0.0,1.42,1.23,0.0,,,,,,Vijayanta
germ_pzkpfw_VI_tiger_P,0.0,,,,,,1.0,,,0.0,,2.0,0.0,,,,,,VK_45.01_(P)
vl_myrsky_2_late,0.0,,,,,,0.0,,,,,,0.0,,,,,,VL_Myrsky_II
pyorremyrsky,0.0,,,,,,89.0,80.11,1.71,1.89,1.76,1.89,7.0,,,2.67,,0.0,VL_Pyörremyrsky
it_vrcc_centauro,0.0,,,,,,194.0,48.5,0.0,0.0,1.77,1.71,0.0,,,,,,VRCC
cn_vt_4,0.0,,,,,,39.0,100.0,0.0,0.0,4.0,1.3,0.0,,,,,,VT4
walrus_mk1,,,,,,,,,,,,,,,,,,,Walrus_Mk.I
uk_fv510_isv,0.0,,,,,,126.0,70.97,0.0,0.0,1.99,1.22,0.0,,,,,,Warrior
washington_b1,0.0,,,,,,0.0,,,,,,0.0,,,,,,Washington_B.Mk.I
spitfire_lf_mk9e_weisman,0.0,,,,,,18.0,50.0,1.0,1.0,1.5,1.5,48.0,,,2.0,,3.33,Weizman's_Spitfire_LF_Mk.IXe
wellington_mk1c,0.0,,,,,,14.0,,,0.0,,0.0,0.0,,,,,,Wellington_Mk_Ic
wellington_mk1c_luftwaffe,0.0,,,,,,0.0,,,,,,0.0,,,,,,Wellington_Mk_Ic
wellington_mk1c_late,0.0,,,,,,0.0,,,,,,0.0,,,,,,Wellington_Mk_Ic/L
wellington_mk3,0.0,,,,,,0.0,,,,,,0.0,,,,,,Wellington_Mk_III
wellington_mk10,0.0,,,,,,0.0,,,,,,0.0,,,,,,Wellington_Mk_X
whirlwind_mk1,0.0,,,,,,17.0,,,,,,0.0,,,,,,Whirlwind_Mk_I
whirlwind_p9,0.0,,,,,,0.0,,,,,,0.0,,,,,,Whirlwind_P.9
germ_wiesel_1_tow,0.0,,,,,,477.0,53.48,0.0,0.0,1.68,1.53,0.0,,,,,,Wiesel_1A2
wirraway,0.0,,,,,,0.0,,,,,,0.0,,,,,,Wirraway
cn_wma_301,0.0,,,,,,41.0,50.0,0.0,0.0,1.06,2.97,0.0,,,,,,WMA301
wyvern_s4,0.0,,,,,,118.0,69.56,1.25,1.21,5.88,6.36,19.0,,,0.0,,1.92,Wyvern_S4
xa_38,0.0,,,,,,0.0,,,,,,40.0,,,0.0,,2.47,XA-38
xf5f,0.0,,,,,,9.0,,,,,,19.0,,,,,,XF5F
xf5u_1,0.0,,,,,,9.0,,,1.0,,0.0,0.0,,,,,,XF5U-1
us_xm_800t,0.0,,,,,,2318.0,60.25,0.03,0.02,1.67,1.42,0.0,,,,,,XM800T
p-38g_metal,0.0,,,,,,47.0,100.0,3.42,,3.23,,0.0,,,,,,XP-38G
yak_141,0.0,,,,,,117.0,44.52,0.99,1.35,0.0,0.0,15.0,,,1.8,,0.0,Yak-141
yak-23,0.0,,,,,,60.0,77.08,2.17,2.12,2.04,2.0,0.0,,,,,,Yak-23
yak-28b,0.0,,,,,,102.0,41.27,0.05,0.08,0.4,0.38,0.0,,,,,,Yak-28B
yak-38,0.0,,,,,,7.0,,,,,,0.0,,,,,,Yak-38
yak-3t,0.0,,,,,,47.0,55.0,2.05,1.9,0.65,0.79,0.0,,,,,,Yak-3T
er-2_ach30b_early,0.0,,,,,,0.0,,,,,,0.0,,,,,,Yer-2_(ACh-30B)_(e)
er-2_m105_tat,0.0,,,,,,0.0,,,,,,0.0,,,,,,Yer-2_(M-105)_TAT
er-2_m105r_tat,0.0,,,,,,0.0,,,,,,0.0,,,,,,Yer-2_(M-105R)_TAT
yp-38,0.0,,,,,,0.0,,,,,,0.0,,,,,,YP-38
uk_ystervark_spaa,0.0,,,,,,88.0,11.11,0.0,0.07,0.1,0.13,0.0,,,,,,Ystervark
z_1007_bis_serie3,0.0,,,,,,0.0,,,,,,0.0,,,,,,Z.1007_bis_serie_3
z_1007_bis_serie5,0.0,,,,,,0.0,,,,,,0.0,,,,,,Z.1007_bis_serie_5
uk_rooikat_za_35,0.0,,,,,,304.0,56.82,0.14,0.13,1.81,1.54,0.0,,,,,,ZA-35
il_ss_11_halftrack,0.0,,,,,,47.0,0.0,0.0,0.0,3.07,2.22,0.0,,,,,,Zachlam_Tager
cn_zbd_04a,0.0,,,,,,241.0,55.59,0.0,0.0,1.34,1.0,21.0,,,0.0,,1.0,ZBD04A
cn_type_86,0.0,,,,,,48.0,,,0.0,,0.8,0.0,,,,,,ZBD86
ussr_zis_12_94KM_1945,0.0,,,,,,138.0,57.69,0.22,0.15,1.55,1.17,0.0,,,,,,ZiS-12_(94-KM)
ussr_zis_30,0.0,,,,,,48.0,45.83,0.0,0.0,1.54,1.35,0.0,,,,,,ZiS-30
cn_ztl_11,0.0,,,,,,48.0,56.67,0.0,0.0,1.0,0.74,0.0,,,,,,ZLT11
it_40_43m_zrinyi_2,0.0,,,,,,0.0,,,,,,0.0,,,,,,Zrinyi_II
ussr_zsu_37,0.0,,,,,,22.0,,,,,,0.0,,,,,,ZSU-37
ussr_zsu_37_2,0.0,,,,,,288.0,36.43,1.06,0.92,0.29,0.26,0.0,,,,,,ZSU-37-2
uk_ratel_zt3,0.0,,,,,,331.0,62.94,0.0,0.0,3.26,2.45,0.0,,,,,,ZT3A2
cn_zts_63_1980,0.0,,,,,,151.0,74.22,0.0,0.0,1.71,1.2,1.0,,,0.0,,1.0,ZTS63
ussr_zut_37,0.0,,,,,,0.0,,,,,,0.0,,,,,,ZUT-37
ussr_bmd_4m,0.0,,,,,,1768.0,44.96,0.0,0.0,1.51,1.23,2.0,,,0.0,,1.0,БМД-4M
ussr_sdkfz_251_21_kit_3rank,0.0,,,,,,30.0,0.0,0.3,0.23,0.0,0.0,0.0,,,,,,Ганомаг_('45)
ussr_garford_putilov,0.0,,,,,,0.0,,,,,,0.0,,,,,,Гарфордъ
db_lk,0.0,,,,,,0.0,,,,,,0.0,,,,,,ДБ-ЛК
it_9a35_m,0.0,,,,,,0.0,,,,,,0.0,,,,,,Стрела-10М
tu_95m,0.0,,,,,,14.0,20.0,0.8,1.0,0.0,0.0,0.0,,,,,,Ту-95М
yak_1_litvyak,0.0,,,,,,0.0,,,,,,0.0,,,,,,Як-1_Литвяк
p-47m-1-re_boxted,0.0,,,,,,16.0,13.89,0.8,0.38,0.95,1.0,0.0,,,,,,⋠P-47M-1-RE
a6m5_zero_china,,,,,,,,,,,,,,,,,,,A6M5_(China)
b_25j_30_china,0.0,,,,,,0.0,,,,,,0.0,,,,,,B-25J-30_(China)
db_3a_china,0.0,,,,,,0.0,,,,,,0.0,,,,,,DB-3A_(China)
f-100a_china,0.0,,,,,,59.0,79.49,4.24,4.49,1.03,0.33,0.0,,,,,,F-100A_(China)
f_100f_china,0.0,,,,,,0.0,,,,,,0.0,,,,,,F-100F_(China)
f-104a_china,0.0,,,,,,0.0,,,,,,0.0,,,,,,F-104A_(China)
f-104g_china,0.0,,,,,,0.0,,,,,,0.0,,,,,,F-104G_(China)
f_16a_block_20_mlu,0.0,,,,,,11.0,,,1.0,,1.0,0.0,,,,,,F-16A_MLU_(China)
f_16a_block_72v_china,0.0,,,,,,48.0,50.0,1.22,2.4,0.17,0.33,0.0,,,,,,F-16V_(China)
f_47n_25_re_china,0.0,,,,,,0.0,,,,,,0.0,,,,,,F-47N-25-RE_(China)
f-5a_china,0.0,,,,,,0.0,,,,,,0.0,,,,,,F-5A_(China)
f-5e_aidc,0.0,,,,,,0.0,,,,,,0.0,,,,,,F-5E_(China)
f-84g_china,0.0,,,,,,73.0,54.32,0.32,0.33,1.56,1.6,3.0,,,,,,F-84G-21-RE_(China)
f-84g-31-re_china,0.0,,,,,,0.0,,,,,,0.0,,,,,,F-84G-31-RE_(China)
f-86f-30_china,0.0,,,,,,52.0,100.0,1.6,1.67,0.73,0.77,0.0,,,,,,F-86F-30_(China)
gladiator_mk1_china,0.0,,,,,,0.0,,,,,,0.0,,,,,,Gladiator_Mk_I_(China)
h-75m_china,0.0,,,,,,7.0,100.0,5.0,5.0,0.0,0.0,0.0,,,,,,H-75M_(China)
hs-123a-1_china,0.0,,,,,,0.0,,,,,,0.0,,,,,,Hs_123_A-1_(China)
i-15bis_china,0.0,,,,,,23.0,100.0,1.0,1.0,2.0,1.17,0.0,,,,,,I-15bis_(China)
i-16_chung_28,0.0,,,,,,0.0,,,,,,0.0,,,,,,I-16_Chung_28_(China)
i-16_type17_china,0.0,,,,,,0.0,,,,,,0.0,,,,,,I-16_type_17_(China)
i-16_type5_1935_china,0.0,,,,,,0.0,,,,,,0.0,,,,,,I-16_type_5_(China)
cn_isu_122,0.0,,,,,,0.0,,,,,,0.0,,,,,,ISU-122_(China)
ki-27_otsu_china,0.0,,,,,,0.0,,,,,,0.0,,,,,,Ki-27_otsu_(China)
ki-45_hei_tei_china,0.0,,,,,,0.0,,,,,,0.0,,,,,,Ki-45_hei/tei_(China)
ki_84_ko_china,0.0,,,,,,22.0,,,0.83,,1.08,4.0,,,,,,Ki-84_ko_(China)
cn_m113a1_tow,0.0,,,,,,108.0,53.01,0.0,0.0,1.73,1.34,0.0,,,,,,M113A1_(TOW)_(China)
mig-9_china,0.0,,,,,,4.0,,,1.0,,0.0,0.0,,,,,,MiG-9_(China)
mig-9_late_china,0.0,,,,,,0.0,,,,,,0.0,,,,,,MiG-9_(l)_(China)
mirage_2000_5ei,0.0,,,,,,64.0,92.31,1.62,1.38,0.04,0.04,0.0,,,,,,Mirage_2000-5Ei_(China)
pb4y-2_china,0.0,,,,,,0.0,,,,,,0.0,,,,,,PB4Y-2_(China)
sb_2m_103u_china,0.0,,,,,,0.0,,,,,,0.0,,,,,,SB_2M-103U_(China)
cn_sdkfz_222_early,0.0,,,,,,30.0,0.0,0.0,0.0,0.24,0.24,0.0,,,,,,Sd.Kfz.222_(China)
cn_su_76m_1943,0.0,,,,,,24.0,0.0,0.0,0.0,0.57,0.5,0.0,,,,,,SU-76M_(China)
tu_4_china,0.0,,,,,,0.0,,,,,,0.0,,,,,,Tu-4_(China)
uk_challenger_II_yt_cup_2019,,,,,,,,,,,,,,,,,,,␙Challenger_2
germ_leopard_2a5_yt_cup_2019,0.0,,,,,,0.0,,,,,,0.0,,,,,,␙Leopard_2A5
us_m1a1_abrams_yt_cup_2019,0.0,,,,,,0.0,,,,,,0.0,,,,,,␙M1A1
md_460_yt_cup_2019,,,,,,,,,,,,,,,,,,,␙Super_Mystere_B2
ussr_t_80u_yt_cup_2019,0.0,,,,,,0.0,,,,,,0.0,,,,,,␙T-80U
p-63c-5_kingcobra_animal_version,0.0,,,,,,137.0,60.86,0.61,1.05,2.59,4.51,0.0,,,,,,␠Kingcobra
f-86_canadair_german,0.0,,,,,,16.0,62.5,3.38,2.78,0.94,0.82,0.0,,,,,,◄CL-13A_Mk_5
f-86_cl_13b_mk6,0.0,,,,,,49.0,69.44,3.08,4.92,1.53,2.64,0.0,,,,,,◄CL-13B_Mk.6
ef_2000_block_10,0.0,,,,,,325.0,58.2,1.31,1.24,0.15,0.14,5.0,,,0.0,,0.0,◄EF-2000
ef_2000_aesa,0.0,,,,,,941.0,61.07,2.0,2.53,0.44,0.56,0.0,,,,,,◄EF-2000_(AESA)
f-104g,0.0,,,,,,0.0,,,,,,0.0,,,,,,◄F-104G
f-4f_late,0.0,,,,,,201.0,49.69,0.46,0.56,1.94,2.23,15.0,100.0,2.0,1.0,2.0,1.0,◄F-4F
f-4f,0.0,,,,,,31.0,100.0,1.23,1.23,0.35,0.35,0.0,,,,,,◄F-4F_Early
f-4f_kws_lv,0.0,,,,,,141.0,42.73,1.23,1.3,0.19,0.2,0.0,,,,,,◄F-4F_KWS_LV
f-84f_germany,0.0,,,,,,10.0,50.0,0.0,0.0,1.5,3.0,0.0,,,,,,◄F-84F
f-86k_late_german,0.0,,,,,,15.0,0.0,1.0,0.67,0.0,0.0,0.0,,,,,,◄F-86K
fiat_g91_r3,0.0,,,,,,71.0,50.0,0.45,0.81,1.06,1.69,0.0,,,,,,◄G.91_R/3
mig-21_sps_k,0.0,,,,,,237.0,61.07,1.5,1.55,0.29,0.32,0.0,,,,,,◄MiG-21_SPS-K
mig_29_9_12g,0.0,,,,,,42.0,50.0,1.07,0.82,0.03,0.05,0.0,,,,,,◄MiG-29G
sea_hawk_mk100,0.0,,,,,,41.0,66.67,1.67,1.67,1.67,1.67,0.0,,,,,,◄Sea_Hawk_Mk.100
su_22m4_de_wtd61,0.0,,,,,,36.0,50.0,0.5,0.85,0.88,1.54,0.0,,,,,,◄Su-22M4_WTD61
tornado_ids_de_assta1,0.0,,,,,,48.0,50.0,0.0,0.0,0.46,0.65,27.0,,,0.0,,4.5,◄Tornado_IDS_ASSTA1
tornado_ids_de_assta3_sle,0.0,,,,,,9.0,33.33,0.3,0.3,0.0,0.0,0.0,,,,,,◄Tornado_IDS_SLE
il_28_german,0.0,,,,,,24.0,0.0,0.0,0.67,1.0,0.0,0.0,,,,,,◊IL-28
mig-17p_lim_5p,0.0,,,,,,54.0,59.38,2.75,3.32,1.0,0.98,0.0,,,,,,◊Lim-5P
mig-15bis_nr23_german,0.0,,,,,,30.0,100.0,1.81,1.45,1.5,1.33,0.0,,,,,,◊MiG-15bis
mig-21_bis_lazur,0.0,,,,,,329.0,48.14,1.6,1.71,0.3,0.33,0.0,,,,,,"◊MiG-21_""Lazur-M"""
mig-21_bis_sau,0.0,,,,,,69.0,24.6,1.62,1.83,0.0,0.0,0.0,,,,,,◊MiG-21bis-SAU
mig_23bn,0.0,,,,,,29.0,50.0,0.5,0.33,1.0,1.26,0.0,,,,,,◊MiG-23BN
mig_23mf_germany,0.0,,,,,,0.0,,,,,,63.0,,,1.91,,0.0,◊MiG-23MF
mig_29_9_12_germany,0.0,,,,,,38.0,50.0,0.59,0.69,0.0,0.0,2.0,,,0.0,,0.0,◊MiG-29
germ_9a33bm3,0.0,,,,,,22.0,0.0,0.0,0.95,0.0,0.0,0.0,,,,,,◊Osa-AK
su_22m4,0.0,,,,,,0.0,,,,,,9.0,,,0.2,,2.6,◊Su-22M4
su_22um3k,0.0,,,,,,29.0,50.0,0.12,0.07,2.62,2.38,0.0,,,,,,◊Su-22UM3K
us_lvt_a_1_trb,0.0,,,,,,0.0,,,,,,0.0,,,,,,○LVT(A)(1)
p-36c_rb,0.0,,,,,,3.0,,,,,,0.0,,,,,,○P-36C
f-5e_switzerland,0.0,,,,,,31.0,,,3.06,,0.0,0.0,,,,,,◌F-5E
fa_18c_switzerland,0.0,,,,,,1286.0,50.3,1.06,1.2,0.2,0.23,63.0,,,2.21,,0.0,◌F/A-18C
fa_18c_late_switzerland,0.0,,,,,,33.0,62.5,0.91,1.27,0.27,0.27,1.0,,,0.0,,0.0,◌F/A-18C_Late
mirage_3s_c70_switzerland,0.0,,,,,,53.0,88.24,2.35,2.94,0.0,0.0,0.0,,,,,,◌Mirage_IIIS_C.70
uk_challenger_2_megatron_sm,0.0,,,,,,240.0,53.62,0.0,0.0,1.18,1.01,0.0,,,,,,◍Challenger_2_OES
cn_mbt2000_sm,0.0,,,,,,18.0,,,,,,0.0,,,,,,◍MBT-2000
jp_type_90b_sm,0.0,,,,,,857.0,40.95,0.0,0.0,1.65,1.4,0.0,,,,,,◍Type_90_(B)
it_btr_80a_hungary,0.0,,,,,,38.0,71.74,0.0,0.0,1.22,1.1,0.0,,,,,,◔BTR-80A
re_2000_heja_1,0.0,,,,,,0.0,,,,,,0.0,,,,,,◔Héja_I
il_28_hungary,0.0,,,,,,0.0,,,,,,0.0,,,,,,◔IL-28
saab_jas39c_hungary,0.0,,,,,,57.0,80.0,2.08,2.31,7.43,4.97,0.0,,,,,,◔JAS39EBS_HU_C
mig-15bis_nr23_hungary,0.0,,,,,,0.0,,,,,,0.0,,,,,,◔MiG-15bis
mig-21_bis_sau_hungary,0.0,,,,,,0.0,,,,,,6.0,,,1.0,,0.0,◔MiG-21bis-SAU
mig-21_mf_hungary,0.0,,,,,,27.0,100.0,2.0,2.0,0.0,0.0,0.0,,,,,,◔MiG-21MF
mig_23mf_hungary,0.0,,,,,,0.0,,,,,,0.0,,,,,,◔MiG-23MF
mig_29_9_12b_hungary,0.0,,,,,,14.0,50.0,0.5,0.63,0.0,0.0,0.0,,,,,,◔MiG-29
su_22m3_hungary,0.0,,,,,,0.0,,,,,,0.0,,,,,,◔Su-22M3
it_t_72m1,0.0,,,,,,228.0,74.42,0.0,0.0,4.85,3.65,0.0,,,,,,◔T-72M1
tu-2_postwar_late_hungary,0.0,,,,,,132.0,80.75,0.21,0.2,2.16,1.79,0.0,,,,,,◔Tu-2S-59
it_zsu_23_4,0.0,,,,,,26.0,0.0,1.0,0.8,0.0,0.0,0.0,,,,,,◔ZSU-23-4
fokker_g1a,0.0,,,,,,53.0,58.33,0.58,1.0,0.98,1.81,0.0,,,,,,◗Fokker_G.IA
f_16a_block_5_netherlands,0.0,,,,,,8.0,,,1.0,,0.0,0.0,,,,,,◘F-16A
sb_25j_netherlands,0.0,,,,,,0.0,,,,,,0.0,,,,,,◘SB-25J
sea_fury_fb51,0.0,,,,,,22.0,100.0,1.0,,1.0,,0.0,,,,,,◘Sea_Fury_FB.51
kfir_c10_colombia,0.0,,,,,,49.0,94.0,1.9,1.42,0.0,0.0,7.0,,,2.0,,0.0,◡Kfir_C.10
f_16a_block_10_norway,0.0,,,,,,11.0,100.0,0.0,0.0,3.0,3.0,0.0,,,,,,◢F-16A
f_16am_block_20_mlu_norway,0.0,,,,,,17.0,52.08,0.53,0.53,0.0,0.0,0.0,,,,,,◢F-16AM
f-5ag_norway,0.0,,,,,,7.0,,,,,,0.0,,,,,,◢F-5A(G)
mosquito_fb_mk6_ash_norway,0.0,,,,,,0.0,,,,,,0.0,,,,,,◢Mosquito_FB.Mk.VI_ASH
hawk_209_indonesia,0.0,,,,,,0.0,,,,,,0.0,,,,,,◥Hawk_209
a_4e_late_iaf,0.0,,,,,,0.0,,,,,,0.0,,,,,,A-4E_(Israel)
a_4e_early_iaf,0.0,,,,,,0.0,,,,,,0.0,,,,,,A-4E_Early_(M)_(Israel)
b-17g_iaf,0.0,,,,,,0.0,,,,,,0.0,,,,,,B-17G_(Israel)
f-84f_israel_iaf,0.0,,,,,,0.0,,,,,,0.0,,,,,,F-84F_(Israel)
md_450b_ouragan_iaf_29,0.0,,,,,,0.0,,,,,,0.0,,,,,,M.D.450B_(29)_(Israel)
md_450b_ouragan_iaf,0.0,,,,,,22.0,0.0,0.8,0.82,2.0,1.06,0.0,,,,,,M.D.450B_Ouragan_(Israel)
il_m109,0.0,,,,,,16.0,50.0,0.0,0.0,0.53,1.06,0.0,,,,,,M109_(Israel)
meteor_nfmk13,0.0,,,,,,27.0,,,,,,0.0,,,,,,Meteor_NF.13_(Israel)
meteor_frmk9_iaf,0.0,,,,,,0.0,,,,,,0.0,,,,,,Meteor_FR.9_(Israel)
mig_21_2000_iaf,0.0,,,,,,0.0,,,,,,0.0,,,,,,MiG-21_2000_(Israel)
md_454_mystere_4a_iaf,0.0,,,,,,0.0,,,,,,0.0,,,,,,Mystere_IVA_(Israel)
so_4050_vautour_2a_israel_iaf,0.0,,,,,,0.0,,,,,,0.0,,,,,,Vautour_IIA_(Israel)
so_4050_vautour_2n_iaf,0.0,,,,,,0.0,,,,,,0.0,,,,,,Vautour_IIN_(Israel)
