name,ab_battles,ab_win_rate,ab_air_frags_per_battle,ab_air_frags_per_death,ab_ground_frags_per_battle,ab_ground_frags_per_death,rb_battles,rb_win_rate,rb_air_frags_per_battle,rb_air_frags_per_death,rb_ground_frags_per_battle,rb_ground_frags_per_death,sb_battles,sb_win_rate,sb_air_frags_per_battle,sb_air_frags_per_death,sb_ground_frags_per_battle,sb_ground_frags_per_death,alt_name
us_t58,834.0,64.42,0.05,0.03,4.85,4.43,2215.0,61.45,0.0,0.0,3.36,2.55,3.0,,,0.0,,1.0,T58
ussr_t_80bvm,703.0,55.55,0.01,0.04,1.53,1.76,5979.0,46.38,0.0,0.0,1.83,1.6,0.0,,,,,,T-80BVM
it_sherman_75_37,668.0,74.56,0.12,0.14,6.0,7.09,100.0,65.32,0.0,0.0,3.85,3.4,0.0,,,,,,Sherman_I_Composito
ussr_t_80ue1_sm,604.0,51.6,0.0,0.0,1.53,1.47,2424.0,43.48,0.0,0.0,1.38,1.12,17.0,,,0.0,,1.0,◍Т-80У-Е1
ussr_t_34_85_zis_53_v80,567.0,82.94,0.06,0.06,4.53,5.71,197.0,53.39,0.0,0.0,3.99,2.89,0.0,,,,,,"Т-34-85_""Партизан"""
ussr_t_72a,545.0,55.09,0.09,0.09,2.53,2.1,2795.0,52.82,0.0,0.0,1.99,1.98,0.0,,,,,,T-72A
germ_pzkpfw_III_ausf_F,531.0,83.88,0.1,0.12,6.8,9.49,66.0,75.81,0.0,0.0,7.26,8.56,0.0,,,,,,Pz.III_F
germ_pzkpfw_VI_ausf_h1_tiger_west,439.0,76.12,0.04,0.04,3.33,5.37,233.0,48.33,0.0,0.0,4.3,3.07,12.0,,,,,,Tiger_West
ussr_t_34_1941_57,428.0,54.83,0.01,0.01,2.12,2.19,420.0,40.9,0.0,0.0,2.58,1.68,0.0,,,,,,T-34-57
ussr_t_44_100,408.0,51.8,0.11,0.1,2.62,2.2,1465.0,51.23,0.0,0.0,2.25,1.71,111.0,46.77,0.0,0.0,4.34,2.83,T-44-100
germ_vsw_flak_41,414.0,81.83,0.09,0.09,4.31,4.57,83.0,19.54,0.0,0.0,7.36,5.54,11.0,,,0.0,,2.0,VFW
germ_pzkpfw_VI_ausf_b_tiger_IIh,415.0,51.83,0.04,0.04,2.24,2.62,2282.0,49.69,0.01,0.01,3.07,2.66,0.0,,,,,,Tiger_II_(H)
ussr_t_34_85_zis_53,404.0,68.29,0.0,0.0,2.59,3.74,657.0,44.12,0.0,0.0,1.93,1.6,21.0,,,0.0,,0.05,T-34-85
us_lvt_a_1,383.0,97.23,0.1,0.22,6.44,11.77,8.0,,,0.0,,2.0,0.0,,,,,,LVT(A)(1)
germ_pzkpfw_VI_ausf_h1_tiger_east,384.0,76.02,0.07,0.07,3.8,5.59,209.0,48.92,0.0,0.0,3.9,3.37,0.0,,,,,,Tiger_Ost
ussr_kv_1_zis_5,387.0,60.95,0.01,0.01,3.22,4.27,188.0,35.81,0.0,0.0,4.22,3.57,0.0,,,,,,KV-1_(ZiS-5)
su_30mk2v_venezuela,374.0,66.63,5.26,3.57,0.46,0.3,5537.0,48.99,0.97,1.05,0.36,0.39,187.0,100.0,6.57,1.81,1.68,0.48,Су-30МК2_AMV
ussr_zsu_57_2,352.0,39.24,0.18,0.14,1.4,1.05,889.0,46.19,0.01,0.0,1.34,1.06,10.0,100.0,0.0,0.0,1.0,1.0,ZSU-57-2
germ_pzkpfw_VI_ausf_h1_tiger,344.0,59.4,0.02,0.02,2.81,3.61,854.0,44.04,0.0,0.0,2.63,2.15,0.0,,,,,,Tiger_H1
ussr_t_54_1947,351.0,56.1,0.02,0.02,2.64,2.43,338.0,54.36,0.0,0.0,2.82,2.42,0.0,,,,,,T-54_(1947)
ussr_kv_85,347.0,52.37,0.09,0.1,3.14,2.96,168.0,34.57,0.0,0.0,4.85,2.38,0.0,,,,,,KV-85
jp_type_4_chi_to_late,347.0,60.52,0.13,0.1,4.01,3.37,605.0,67.07,0.0,0.0,2.79,2.56,7.0,0.0,0.0,0.0,2.0,2.0,Chi-To_Late
germ_panzerbefelhswagen_VI_P,319.0,88.96,0.01,0.03,10.57,14.64,152.0,43.21,0.0,0.0,3.57,3.68,0.0,,,,,,Pz.Bfw.VI_(P)
us_m6a1,319.0,69.24,0.08,0.06,4.53,3.85,166.0,66.21,0.0,0.0,4.38,2.27,0.0,,,,,,M6A1
ussr_t_64a_1971,313.0,57.22,0.0,0.0,2.19,2.04,1576.0,52.41,0.0,0.0,2.17,1.9,28.0,100.0,0.0,0.0,2.0,1.6,T-64A_(1971)
la-7,312.0,90.43,3.69,4.35,1.82,2.12,34.0,32.14,2.0,2.0,0.18,0.12,0.0,,,,,,La-7
sw_t_34_1941,308.0,62.63,0.01,0.01,3.81,3.83,86.0,9.09,0.0,0.0,3.82,2.03,0.0,,,,,,T-34
germ_thyssen_henschel_tam_2ip,311.0,62.02,0.09,0.09,2.64,2.07,1087.0,45.81,0.0,0.0,1.86,1.37,0.0,,,,,,TAM_2IP
cn_type_58,303.0,80.72,0.04,0.03,5.49,4.95,263.0,65.3,0.0,0.0,2.82,2.48,0.0,,,,,,Т-34-85_Gai
sw_sav_fm48,294.0,66.3,0.04,0.03,5.03,3.4,459.0,49.33,0.0,0.0,3.89,2.75,0.0,,,,,,SAV_20.12.48
bf-109f-4,290.0,73.71,6.51,6.12,0.45,0.37,192.0,84.41,4.86,6.54,1.25,1.74,0.0,,,,,,Bf_109_F-4
s_199,252.0,68.25,6.49,1.47,2.33,0.48,28.0,,,0.52,,0.52,0.0,,,,,,Sakeen
ussr_bmpt_72,269.0,50.83,0.07,0.04,1.62,0.95,2233.0,44.64,0.0,0.0,1.57,1.24,0.0,,,,,,БМПТ-72
ussr_kv_1e,292.0,96.78,0.03,0.06,7.66,10.21,197.0,61.28,0.0,0.0,8.52,3.77,0.0,,,,,,KV-1E
jp_type_4_chi_to,281.0,59.7,0.18,0.22,2.86,3.21,503.0,72.56,0.0,0.0,2.49,2.17,3.0,0.0,0.0,0.0,1.0,1.0,Chi-To
germ_pzkpfw_VI_ausf_b_tiger_IIp,283.0,51.77,0.04,0.05,2.37,3.68,914.0,40.4,0.0,0.0,1.9,1.71,0.0,,,,,,Tiger_II_(P)
bf-109f-4_trop,269.0,76.23,5.33,6.47,0.27,0.3,0.0,,,,,,0.0,,,,,,Bf_109_F-4/trop
us_m26e1_pershing,272.0,80.13,0.05,0.08,7.35,7.94,820.0,67.28,0.0,0.0,3.2,3.23,0.0,,,,,,M26E1
ussr_t_34_85_d_5t,262.0,71.04,0.02,0.02,5.29,4.97,663.0,51.04,0.0,0.0,3.25,1.73,0.0,,,,,,T-34-85_(D-5T)
germ_kpz_70,271.0,47.53,0.05,0.04,1.25,0.77,1319.0,47.33,0.0,0.0,1.8,1.38,0.0,,,,,,KPz-70
germ_t_34_747,268.0,77.45,0.0,0.0,4.09,4.83,67.0,68.18,0.0,0.0,6.05,4.88,0.0,,,,,,T_34_747_(r)
su_30mkk,236.0,77.2,9.06,3.89,0.15,0.1,999.0,61.48,1.17,1.26,0.58,0.62,44.0,100.0,3.0,2.89,0.0,0.0,Su-30MKK_(China)
us_m1a1_hc_usmc_sm,267.0,58.75,0.0,0.0,3.04,2.53,2818.0,63.03,0.0,0.0,2.24,1.89,0.0,,,,,,◍M1A1_HC
ussr_t_34_85E,243.0,80.04,0.02,0.02,4.27,4.75,332.0,66.25,0.0,0.0,5.2,3.29,0.0,,,,,,T-34-85E
uk_a_33_excelsior,253.0,97.33,0.1,0.17,5.33,7.38,305.0,88.52,0.0,0.0,8.94,4.84,0.0,,,,,,Excelsior
germ_panther_II,254.0,90.72,0.0,0.0,5.52,4.91,368.0,65.75,0.0,0.0,5.21,3.39,0.0,,,,,,Panther_II
ussr_bmpt,247.0,47.16,0.3,0.33,1.35,1.58,2590.0,43.06,0.0,0.0,1.41,1.18,3.0,,,0.0,,1.0,БМПТ
ussr_object_906,247.0,42.67,0.0,0.0,1.64,1.38,1318.0,51.52,0.0,0.0,2.39,1.66,65.0,100.0,0.0,0.0,8.38,2.96,Object_906
i_185_m71_standard,242.0,66.43,2.54,1.97,1.04,0.82,73.0,100.0,2.0,0.76,4.0,0.34,0.0,,,,,,I-185_(M-71)
germ_leopard_2k,230.0,58.2,0.0,0.0,2.35,1.85,1510.0,53.64,0.0,0.0,2.12,1.76,0.0,,,,,,Leopard_2K
sw_m24_chaffee_dk,231.0,51.99,0.27,0.21,3.45,2.94,355.0,58.42,0.0,0.0,1.99,1.17,0.0,,,,,,M24DK
sw_pzkpfw_IV_ausf_J,234.0,73.67,0.0,0.0,2.28,2.61,234.0,44.53,0.0,0.0,0.82,0.83,0.0,,,,,,Pz.IV
uk_a27m_cromwell_5,229.0,89.95,0.0,0.0,4.84,6.38,151.0,66.38,0.0,0.0,3.03,1.7,0.0,,,,,,Cromwell_V
germ_pzkpfw_V_ausf_d_panther,227.0,64.22,0.04,0.05,2.25,2.9,575.0,40.72,0.0,0.0,1.76,1.66,12.0,,,,,,Panther_D
germ_sdkfz_9_flak37,229.0,69.42,0.19,0.15,5.23,4.86,15.0,50.0,0.0,0.0,2.44,3.29,0.0,,,,,,"8,8_cm_Flak_37_Sfl."
sw_cv_90105_tml,218.0,69.08,0.0,0.0,2.32,1.89,1203.0,56.05,0.0,0.0,2.42,1.83,0.0,,,,,,CV_90105
germ_pzkpfw_VI_ausf_e_tiger,223.0,59.75,0.0,0.0,2.76,2.81,1207.0,45.7,0.0,0.0,2.23,1.81,0.0,,,,,,Tiger_E
ussr_t_80ue1,212.0,49.08,0.0,0.0,2.14,2.38,4818.0,43.36,0.0,0.0,1.46,1.3,0.0,,,,,,Т-80U-Е1
jp_type_3_chi_nu_75cm_type_5,230.0,75.92,0.03,0.03,5.42,5.82,685.0,76.03,0.0,0.0,4.98,4.29,0.0,,,,,,Chi-Nu_II
germ_leopard_I,222.0,63.82,0.0,0.0,1.45,1.34,744.0,27.84,0.0,0.0,1.18,0.95,14.0,0.0,0.0,0.0,1.0,1.0,Leopard_I
la-5fn,211.0,58.67,3.37,4.7,0.48,0.72,76.0,37.5,3.04,1.75,0.17,0.12,0.0,,,,,,La-5FN
germ_leopard_I_a1,213.0,56.46,0.02,0.02,2.27,1.76,598.0,43.3,0.0,0.0,1.65,1.36,0.0,,,,,,Leopard_A1A1
ussr_t_55_amd_1,205.0,52.49,0.0,0.0,1.9,1.73,1087.0,42.31,0.0,0.0,1.28,1.16,9.0,,,,,,T-55AMD-1
do_335a_1,202.0,86.29,0.74,0.37,12.75,6.7,134.0,29.49,0.63,0.45,1.62,0.9,0.0,,,,,,Do_335_A-1
ussr_btr_82at,197.0,51.51,0.22,0.23,1.06,1.14,977.0,50.19,0.0,0.0,1.46,1.21,0.0,,,,,,БТР-82АТ
cn_type_97_chi_ha,200.0,100.0,0.15,0.28,6.38,10.6,0.0,,,,,,0.0,,,,,,Chi-Ha_(China)
la-5_type37_early,199.0,73.74,3.88,4.86,0.88,1.08,0.0,,,,,,0.0,,,,,,La-5
sw_strv_122b_plus,191.0,87.61,0.0,0.0,4.09,3.9,520.0,61.78,0.0,0.0,2.84,2.02,0.0,,,,,,Strv_122B+
ussr_object_435,199.0,57.85,0.0,0.0,1.99,1.74,229.0,47.06,0.0,0.0,1.31,1.06,0.0,,,,,,Object_435
germ_panzerjager_panther,198.0,69.51,0.0,0.0,3.04,3.53,565.0,45.69,0.0,0.0,1.34,0.99,20.0,,,0.0,,1.75,Jagdpanther_G1
germ_leopard_1a5,196.0,56.79,0.0,0.0,2.32,1.51,1220.0,42.87,0.0,0.0,1.44,1.25,37.0,50.0,0.0,0.0,2.5,2.03,Leopard_1A5
germ_pzkpfw_V_ausf_g_panther,185.0,67.68,0.0,0.0,1.7,1.93,529.0,42.7,0.0,0.0,1.62,1.57,0.0,,,,,,Panther_G
us_m1a1_hc_usmc,185.0,57.65,0.0,0.0,3.16,2.33,5014.0,60.33,0.0,0.0,1.95,1.81,15.0,,,0.0,,1.0,M1A1_Click-Bait
jp_type_3_ka_chi,178.0,83.72,0.07,0.08,11.72,12.93,24.0,,,0.0,,2.0,0.0,,,,,,Ka-Chi
jp_type_90b_camo,189.0,48.29,0.13,0.1,1.8,1.93,4100.0,54.27,0.0,0.0,2.48,1.82,33.0,33.33,0.0,0.0,0.7,0.7,"Type_90_(B)_""Fuji"""
ussr_t_80uk,192.0,62.86,0.0,0.0,0.71,0.83,1202.0,41.21,0.0,0.0,1.6,1.13,0.0,,,,,,T-80UK
ussr_t_34_100,180.0,84.31,0.03,0.05,3.71,4.39,357.0,70.53,0.0,0.0,2.85,2.21,31.0,0.0,0.0,0.0,1.0,1.0,T-34-100
ussr_t_34E_STZ,187.0,82.46,0.0,0.0,3.22,3.38,65.0,50.0,0.0,0.0,2.29,4.38,0.0,,,,,,T-34E_STZ
us_t14,177.0,55.76,0.16,0.24,2.75,5.28,455.0,65.08,0.0,0.0,5.92,3.78,0.0,,,,,,T14
germ_vk_3002m,178.0,50.83,0.0,0.0,4.41,4.28,288.0,54.91,0.0,0.0,3.3,1.63,0.0,,,,,,VK_3002_(M)
ussr_t_90m_2020,176.0,46.55,0.0,0.0,2.07,2.04,2220.0,40.67,0.0,0.0,1.6,1.43,0.0,,,,,,T-90M
cn_m1a2t,174.0,42.68,0.0,0.0,1.24,1.41,193.0,95.0,0.0,0.0,13.88,3.0,0.0,,,,,,M1A2T
ussr_t_62,186.0,33.87,0.0,0.0,2.02,2.01,352.0,59.19,0.0,0.0,2.08,1.69,0.0,,,,,,T-62
germ_spz_oerlikon_raketenautomat,179.0,58.37,0.0,0.0,1.16,0.99,325.0,32.8,0.0,0.0,1.56,1.16,0.0,,,,,,Raketenautomat
mig_25pd,180.0,77.53,6.68,5.84,0.0,0.0,193.0,70.29,1.97,2.47,0.0,0.0,0.0,,,,,,МиГ-25ПД
fr_m26_pershing,177.0,36.93,0.24,0.27,2.14,2.32,99.0,77.19,0.0,0.0,2.92,1.75,0.0,,,,,,M26
germ_pzh_2000,168.0,65.39,0.86,0.72,1.31,1.03,521.0,31.41,0.0,0.0,1.75,1.02,0.0,,,,,,PzH_2000
ussr_zsu_23_4m4,169.0,45.68,1.63,2.26,0.52,0.73,543.0,42.21,1.15,0.86,0.03,0.03,0.0,,,,,,ZSU-23-4M4
cn_t_34_1942,175.0,79.03,0.01,0.02,4.13,5.87,70.0,100.0,0.0,0.0,5.77,2.12,0.0,,,,,,T-34_(1943)_(China)
ussr_2s1,163.0,43.01,0.04,0.04,0.87,0.85,298.0,34.57,0.0,0.0,0.82,0.63,0.0,,,,,,2S1
il-2m,179.0,94.73,1.43,1.33,5.54,5.2,11.0,,,,,,9.0,,,1.0,,4.0,IL-2M_type_3
sw_sherman_3_4,167.0,70.91,0.0,0.0,5.52,5.2,273.0,59.25,0.0,0.0,5.39,3.26,0.0,,,,,,Sherman_III/IV
i_185_m82,167.0,67.67,5.27,2.9,1.39,0.82,47.0,100.0,3.95,3.71,1.11,0.95,0.0,,,,,,I-185_(M-82)
germ_pzkpfw_V_ausf_a_panther,160.0,52.12,0.0,0.0,4.4,3.54,680.0,40.53,0.0,0.0,1.38,1.5,0.0,,,,,,Panther_A
germ_pzkpfw_VI_ausf_b_tiger_IIh_kwk46,171.0,95.48,0.0,0.0,7.05,7.83,291.0,64.22,0.0,0.0,4.65,3.22,0.0,,,,,,Tiger_II_(10.5_cm_Kw.K)
germ_panzerbefelhswagen_jagdpanther,169.0,60.22,0.0,0.0,4.79,4.47,51.0,41.11,0.0,0.0,1.79,2.45,0.0,,,,,,Bfw._Jagdpanther_G1
germ_pzkpfw_V_ausf_f_panther,151.0,67.49,0.0,0.0,3.93,3.93,471.0,44.69,0.0,0.0,1.56,1.63,0.0,,,,,,Panther_F
ussr_t_44_po,156.0,92.58,0.06,0.06,3.59,4.47,113.0,53.7,0.0,0.0,4.18,2.69,0.0,,,,,,Т-44(ПМ)
ussr_t_34_1942,165.0,84.72,0.03,0.06,3.38,3.07,210.0,47.22,0.0,0.0,3.34,1.5,0.0,,,,,,T-34_(1942)
ussr_is_1,165.0,60.71,0.03,0.06,3.18,3.3,326.0,51.53,0.0,0.0,2.1,1.18,0.0,,,,,,IS-1
ussr_t_90m_arena_m,158.0,70.51,0.0,0.0,2.86,2.98,1064.0,46.95,0.0,0.0,1.97,1.53,0.0,,,,,,Т-90М_(Арена-М)
ussr_t_72av_turms,162.0,45.88,0.0,0.0,1.46,1.94,1303.0,51.69,0.0,0.0,2.28,1.71,0.0,,,,,,T-72AV_(TURMS-T)
us_halftrack_m3_75mm_gmc,160.0,91.55,0.06,0.07,6.43,4.94,0.0,,,,,,0.0,,,,,,M3_GMC
germ_pzkpfw_VI_ausf_b_tiger_IIh_sla,147.0,97.63,0.0,0.0,6.65,5.92,827.0,60.92,0.0,0.0,4.97,3.53,0.0,,,,,,Tiger_II_(H)_Sla.16
germ_pzkpfw_IV_ausf_C,155.0,98.17,0.04,0.05,11.49,12.88,9.0,,,0.0,,0.44,0.0,,,,,,Pz.IV_C
sw_t_34_85_zis_53,156.0,75.27,0.0,0.0,1.89,1.87,558.0,55.16,0.0,0.0,2.75,2.79,0.0,,,,,,T-34-85
cn_vt_4b,147.0,45.83,0.0,0.0,1.4,1.78,39.0,60.0,0.0,0.0,1.9,2.59,0.0,,,,,,VT4A1
germ_pzkpfw_IV_ausf_H,148.0,31.91,0.06,0.04,3.58,2.7,384.0,35.8,0.0,0.0,2.21,1.5,0.0,,,,,,Pz.IV_H
a_20g_30_ussr,158.0,89.06,0.44,0.41,6.97,6.31,63.0,38.24,0.32,0.23,0.29,0.3,0.0,,,,,,A-20G-30
fr_msc,148.0,54.46,0.0,0.0,2.23,2.24,659.0,52.56,0.0,0.0,2.36,2.16,3.0,,,0.0,,1.33,MSC
uk_chieftain_mk_10,149.0,61.18,0.0,0.0,3.01,4.74,209.0,82.19,0.0,0.0,6.71,3.78,0.0,,,,,,Chieftain_Mk_10
it_m4a4_sherman,158.0,69.44,0.03,0.08,2.12,4.03,46.0,89.13,0.0,0.0,2.63,3.19,0.0,,,,,,Sherman_V
cn_t_34_85_zis_53_no215,150.0,90.59,0.0,0.0,5.19,7.0,0.0,,,,,,0.0,,,,,,T-34-85_No.215
jp_type_5_ho_ri_production,149.0,84.32,0.0,0.0,5.04,5.16,1923.0,86.84,0.0,0.0,4.49,4.6,0.0,,,,,,Ho-Ri_Production
fw-190a-4,150.0,71.11,5.64,4.7,0.56,0.42,111.0,51.61,1.75,1.23,1.23,0.86,0.0,,,,,,Fw_190_A-4
yak-9t,148.0,91.67,7.9,5.15,0.3,0.26,94.0,32.74,1.63,1.63,0.46,0.46,0.0,,,,,,Yak-9T
ussr_t_10m,152.0,46.0,0.0,0.0,4.69,2.64,623.0,46.71,0.0,0.0,2.6,1.92,4.0,100.0,0.0,0.0,2.0,2.0,T-10M
cn_m8_scott,146.0,100.0,0.21,0.33,3.62,5.8,25.0,100.0,0.0,0.0,2.0,0.23,0.0,,,,,,M8_HMC_(China)
ussr_t_54_1949,149.0,37.77,0.0,0.0,1.14,1.56,396.0,51.25,0.0,0.0,1.04,1.26,54.0,100.0,0.0,0.0,4.75,2.78,T-54_(1949)
ussr_is_4m,150.0,80.25,0.0,0.0,1.88,2.03,168.0,47.4,0.0,0.0,2.24,2.17,0.0,,,,,,IS-4M
us_m1a2_abrams,138.0,50.16,0.0,0.0,1.7,1.64,1212.0,66.84,0.0,0.0,2.0,1.75,0.0,,,,,,M1A2_Abrams
la-7_dolgushin,136.0,96.24,7.59,11.44,4.15,6.18,53.0,63.69,2.84,5.46,1.49,2.88,0.0,,,,,,Dolgushin's_La-7
ussr_t_34_1941,145.0,92.74,0.0,0.0,5.91,5.25,35.0,50.0,0.0,0.0,2.2,2.55,0.0,,,,,,T-34_(1941)
us_m4a2_76w_sherman,140.0,67.02,0.0,0.0,1.68,1.68,549.0,61.13,0.0,0.0,3.04,2.36,0.0,,,,,,M4A2_(76)_W
jp_m24_chaffee,147.0,62.59,0.09,0.06,4.62,4.11,980.0,59.22,0.0,0.0,1.87,1.79,3.0,0.0,0.0,0.0,0.0,0.0,M24
ussr_su_100p,141.0,60.78,0.0,0.0,2.12,2.4,350.0,29.98,0.0,0.0,2.13,1.97,0.0,,,,,,SU-100P
germ_panzerjager_tiger,142.0,70.0,0.18,0.12,5.11,5.6,428.0,36.97,0.0,0.0,1.87,1.77,0.0,,,,,,Jagdtiger
jp_type_97_chi_ha,133.0,100.0,0.0,0.0,10.31,15.59,10.0,,,,,,0.0,,,,,,Chi-Ha
ussr_t_55_am,131.0,52.14,0.0,0.0,2.62,2.21,522.0,43.13,0.0,0.0,1.57,1.39,10.0,,,0.0,,1.0,T-55AM-1
germ_kpz_t72m1,137.0,73.33,0.0,0.0,2.54,2.63,1169.0,44.89,0.0,0.0,1.99,1.91,0.0,,,,,,◊T-72M1
yak-7b,144.0,97.98,5.14,4.79,2.17,2.34,6.0,50.0,1.83,1.83,0.0,0.0,0.0,,,,,,Yak-7B
germ_waffentrager_krupp_steyr,134.0,84.67,0.12,0.17,3.25,3.84,129.0,35.7,0.0,0.0,1.96,2.39,0.0,,,,,,Waffenträger
sw_strv121b_christian2,131.0,45.02,0.0,0.0,2.59,2.55,1582.0,53.06,0.0,0.0,2.31,1.84,0.0,,,,,,Christian_II
f_6c_pakistan,139.0,75.0,6.64,7.32,0.0,0.0,76.0,64.19,3.09,3.24,1.75,2.36,0.0,,,,,,F-6C
fr_amx_50_surbaisse,135.0,89.45,0.0,0.0,4.43,2.97,414.0,74.64,0.0,0.0,4.05,2.9,0.0,,,,,,AMX-50_Surbaissé
yak-3_eremin,133.0,94.14,4.85,5.14,0.68,0.71,16.0,50.0,4.0,,2.5,,6.0,,,,,,Eremin's_Yak-3(e)
ussr_kv_1_L_11,132.0,100.0,0.0,0.0,5.24,3.39,115.0,40.59,0.0,0.0,5.26,2.99,0.0,,,,,,KV-1_(L-11)
i_29,136.0,96.85,3.75,4.11,2.28,2.48,0.0,,,,,,0.0,,,,,,I-29
germ_flakpz_I_Gepard,128.0,34.08,0.27,0.38,1.56,1.79,1507.0,32.82,0.22,0.16,0.92,0.66,0.0,,,,,,Gepard
f-5e,126.0,50.97,2.09,1.93,0.07,0.05,279.0,57.13,1.7,1.75,0.29,0.33,0.0,,,,,,F-5E
germ_begleitpanzer_57,125.0,61.34,0.62,0.85,1.94,2.67,1201.0,50.46,0.24,0.15,1.74,1.2,25.0,0.0,0.0,0.0,1.0,1.0,Begleitpanzer_57
ussr_9a35_m2,126.0,34.68,2.69,5.52,0.86,1.7,7.0,50.0,0.86,1.71,0.0,0.0,0.0,,,,,,Strela-10M2
il_magach_5,136.0,87.66,0.04,0.04,4.77,4.82,48.0,49.17,0.0,0.0,1.18,2.33,0.0,,,,,,Magach_5
ussr_t_34_57_1943,124.0,70.43,0.0,0.0,2.83,2.93,296.0,53.92,0.0,0.0,3.32,2.57,0.0,,,,,,T-34-57_(1943)
ussr_su_122_54,126.0,48.49,0.0,0.0,1.47,1.87,300.0,27.22,0.0,0.0,2.66,2.06,0.0,,,,,,SU-122-54
il_2m_1943,130.0,93.49,1.48,1.59,4.68,5.04,1.0,,,1.0,,6.0,0.0,,,,,,IL-2M_(1943)
yak-1b,130.0,97.75,4.12,4.68,1.82,2.05,32.0,75.0,3.28,,0.65,,0.0,,,,,,Yak-1B
mig_23ml,124.0,59.68,2.8,2.45,0.0,0.0,469.0,57.34,1.49,1.68,0.07,0.07,21.0,,,1.95,,0.0,MiG-23ML
sw_strv_122b_plss,125.0,84.52,0.0,0.0,2.92,3.79,216.0,63.68,0.0,0.0,4.14,3.06,0.0,,,,,,Strv_122B_PLSS
us_m18_hellcat,127.0,57.3,0.05,0.03,1.87,1.62,1719.0,59.0,0.0,0.0,1.93,1.46,40.0,,,0.0,,1.91,M18_GMC
germ_mkpz_m48a2c,127.0,51.92,0.0,0.0,1.15,1.28,495.0,37.22,0.0,0.0,0.98,0.97,48.0,50.54,0.0,0.0,1.4,1.61,M48A2_C
us_xm1_chrysler,121.0,91.64,0.04,0.05,6.12,6.57,1660.0,67.85,0.0,0.0,4.46,3.49,0.0,,,,,,XM1_(Chrysler)
us_m1a2_sep2_abrams_trophy,116.0,84.4,0.14,0.27,5.24,7.1,3005.0,62.14,0.0,0.0,1.97,1.9,28.0,,,0.0,,0.63,M1A2_(Trophy-HV)
ussr_t_54_1951,129.0,65.45,0.0,0.0,2.15,2.34,149.0,57.14,0.0,0.0,1.86,1.44,7.0,,,0.0,,1.0,T-54_(1951)
ussr_kv_1s,133.0,43.9,0.06,0.06,3.16,3.51,211.0,39.73,0.0,0.0,2.12,1.86,0.0,,,,,,KV-1S
il_merkava_mk_2d,111.0,52.01,0.0,0.0,2.57,3.31,497.0,53.15,0.0,0.0,2.96,2.35,0.0,,,,,,Merkava_Mk.2D
uk_sherman_II,115.0,88.49,0.01,0.02,4.21,5.76,42.0,91.67,0.0,0.0,6.2,2.56,0.0,,,,,,Sherman_II
ussr_t_44,119.0,59.68,0.0,0.0,4.07,4.16,509.0,44.7,0.0,0.0,2.39,1.9,9.0,,,0.0,,1.0,T-44
ussr_kv_7_u13,119.0,93.17,0.08,0.06,7.44,4.51,53.0,50.0,0.0,0.0,3.24,4.58,0.0,,,,,,KV-7_(U-13)
it_kf_41,118.0,55.92,0.0,0.0,2.05,1.95,107.0,53.45,0.0,0.0,0.96,1.47,0.0,,,,,,KF41
germ_jgdpz_IV_L48,117.0,62.22,0.0,0.0,3.33,3.65,218.0,48.15,0.0,0.0,7.39,2.29,0.0,,,,,,Jagdpanzer_IV
la-5_type39,113.0,87.87,5.64,6.66,2.19,2.85,0.0,,,,,,0.0,,,,,,La-5F
p-47d_ussr,123.0,86.46,2.11,1.25,13.3,8.71,105.0,51.57,0.37,0.37,1.86,1.91,0.0,,,,,,P-47D-27
us_m60_120s,115.0,54.3,0.0,0.0,1.73,2.16,299.0,45.48,0.0,0.0,2.25,1.49,0.0,,,,,,120S
f-4c,108.0,40.55,1.56,1.19,0.0,0.0,37.0,56.67,1.66,3.06,0.31,0.5,0.0,,,,,,F-4C_Phantom_II
av_8a,115.0,60.26,2.52,2.83,1.67,2.38,1.0,0.0,1.0,1.0,0.0,0.0,0.0,,,,,,AV-8A
us_m26_pershing,114.0,74.31,0.0,0.0,3.33,2.59,180.0,60.43,0.0,0.0,3.7,1.96,112.0,58.6,0.0,0.0,4.13,3.64,M26
us_m2a4,110.0,100.0,0.27,0.63,4.15,8.73,37.0,,,0.0,,4.14,0.0,,,,,,M2A4
germ_panzerbefelhswagen_IV_ausf_J,114.0,100.0,0.0,0.0,5.65,5.76,236.0,43.59,0.0,0.0,2.16,1.5,0.0,,,,,,Pz.Bfw.IV
us_m3a1_stuart,119.0,92.44,0.08,0.1,4.4,4.83,52.0,,,0.0,,1.9,0.0,,,,,,M3A1_Stuart
lagg-3-8,112.0,72.05,5.62,3.97,0.83,0.53,0.0,,,,,,0.0,,,,,,LaGG-3-8
f4u-1c,110.0,51.61,2.41,1.82,0.77,0.59,38.0,0.0,2.0,0.22,0.0,0.0,0.0,,,,,,F4U-1C
b_25j_30_vvs_ussr,110.0,79.89,0.35,0.47,2.05,2.42,0.0,,,,,,0.0,,,,,,B-25J-30
ussr_t_72b,104.0,66.4,0.0,0.0,1.88,1.74,388.0,42.98,0.0,0.0,1.86,1.16,0.0,,,,,,T-72B
ussr_is_2_1943,113.0,41.94,0.0,0.0,1.28,1.28,663.0,36.77,0.0,0.0,1.37,1.32,0.0,,,,,,IS-2
germ_kv_1_kwk_40,110.0,55.56,0.0,0.0,4.07,4.81,262.0,62.26,0.0,0.0,8.7,4.64,0.0,,,,,,KW_I_C_756_(r)
germ_leopard_a1a1_120,109.0,48.33,0.0,0.0,1.97,2.43,264.0,33.72,0.0,0.0,3.9,3.17,0.0,,,,,,Leopard_A1A1_(L/44)
us_m4a3e8_76w_sherman,110.0,62.19,0.0,0.0,1.91,2.59,668.0,56.88,0.0,0.0,2.18,2.2,5.0,,,0.0,,1.0,M4A3_(76)_W
ussr_is_2_1944,108.0,4.0,0.0,0.0,4.92,2.26,411.0,42.95,0.0,0.0,2.38,1.9,5.0,,,0.0,,1.0,IS-2_(1944)
pe-3_bis,112.0,100.0,0.82,0.76,6.19,5.54,0.0,,,,,,0.0,,,,,,Pe-3bis
uk_chieftain_900,111.0,57.08,0.0,0.0,2.67,2.16,153.0,44.62,0.0,0.0,1.5,1.26,0.0,,,,,,Chieftain_900
us_m1a1_abrams,112.0,72.67,0.0,0.0,2.0,1.96,1913.0,58.05,0.0,0.0,1.92,1.82,0.0,,,,,,M1A1
pe-2-1,109.0,93.87,0.33,0.34,4.18,4.69,9.0,,,0.0,,0.0,0.0,,,,,,Pe-2-1
me-410b-1,107.0,91.4,0.38,0.36,4.07,3.99,0.0,,,,,,0.0,,,,,,Me_410_B-1
it_m24_chaffee,112.0,84.68,0.01,0.01,3.66,4.04,188.0,48.06,0.0,0.0,2.19,2.05,0.0,,,,,,M24
fr_leopard_2a4nl_les,101.0,65.44,0.0,0.0,1.9,2.53,1040.0,55.79,0.0,0.0,2.17,1.74,0.0,,,,,,Leopard_2_(OTCo)
sw_sav_m43_1946,104.0,37.78,0.0,0.0,0.83,1.22,57.0,0.0,0.0,0.0,0.0,0.0,0.0,,,,,,Sav_m/43_(1946)
us_t26e4_superpershing,103.0,69.17,0.09,0.15,4.21,5.28,660.0,60.18,0.0,0.0,3.67,3.24,0.0,,,,,,T26E1-1
cn_m18_hellcat,105.0,66.67,0.0,0.0,4.08,2.82,186.0,66.9,0.0,0.0,2.04,1.6,0.0,,,,,,M18_GMC_(China)
cn_pgz_625_fb10,101.0,36.83,1.32,2.13,0.0,0.0,55.0,100.0,1.55,1.59,0.8,0.91,0.0,,,,,,CS/SA5
p-51d-20-na_iaf,95.0,72.33,2.06,1.22,0.4,0.35,17.0,,,0.47,,2.41,0.0,,,,,,P-51D-20-NA_(Israel)
cn_m36,107.0,92.74,0.06,0.05,1.81,1.4,126.0,64.29,0.0,0.0,2.96,1.63,0.0,,,,,,M36_GMC_(China)
us_m1_abrams,104.0,64.52,0.0,0.0,1.98,1.98,1796.0,50.48,0.0,0.0,2.14,1.76,0.0,,,,,,M1_Abrams
us_m2a4_1st_armor_div,99.0,94.67,0.0,0.0,4.84,7.32,16.0,,,0.0,,0.81,0.0,,,,,,M2A4_(1st_Arm.Div.)
us_m60a1_rise_passive_era,99.0,60.42,0.21,0.27,2.21,2.69,493.0,55.19,0.0,0.0,2.08,2.0,0.0,,,,,,M60A1_RISE_(P)
yak-9k,98.0,59.17,2.97,4.42,0.0,0.12,978.0,63.57,0.37,0.3,2.19,1.74,0.0,,,,,,Yak-9K
germ_panzerjager_tiger_P_ferdinand,101.0,51.48,0.12,0.19,3.06,6.03,419.0,40.37,0.0,0.0,1.77,1.75,0.0,,,,,,Ferdinand
cn_m4a1_76w_sherman,99.0,12.5,0.13,0.07,5.65,3.75,23.0,100.0,0.0,0.0,6.0,3.25,0.0,,,,,,M4A1_(75)_W_(China)
fr_m4a1_sherman_fl_10,94.0,63.24,0.0,0.0,4.11,3.64,84.0,100.0,0.0,0.0,3.75,1.86,0.0,,,,,,M4A1_(FL10)
us_m18_super_hellcat,92.0,85.48,0.08,0.08,2.67,2.96,410.0,68.42,0.0,0.0,2.86,2.06,9.0,,,,,,Super_Hellcat
yak-9m,94.0,93.01,6.95,8.42,0.39,0.45,18.0,100.0,7.4,1.0,2.4,0.0,0.0,,,,,,Golovachev's_Yak-9M
ki_43_3_otsu,98.0,57.89,6.75,5.09,0.33,0.18,357.0,70.85,0.43,0.45,1.0,0.98,0.0,,,,,,Ki-43-III_otsu
ussr_t_72b_1989,88.0,62.47,0.0,0.0,2.4,2.96,301.0,42.61,0.0,0.0,2.31,1.99,0.0,,,,,,T-72B_(1989)
p-51_mk1a_usaaf,96.0,46.15,5.52,3.06,0.46,0.21,193.0,65.93,1.24,1.45,1.29,1.44,0.0,,,,,,P-51
yak-9u,94.0,73.12,5.04,6.17,0.12,0.16,53.0,75.0,2.38,,1.3,,0.0,,,,,,Yak-9U
it_pzh_2000_hu,90.0,38.55,1.3,1.84,1.83,2.77,28.0,50.0,0.0,0.0,1.5,1.47,0.0,,,,,,PzH_2000HU
fr_leopard_2a4nl,90.0,50.0,0.0,0.0,2.06,2.7,68.0,100.0,0.0,0.0,4.13,2.97,0.0,,,,,,Leopard_2A4NL
ussr_zsu_29k,95.0,88.39,0.06,0.06,3.59,3.44,18.0,100.0,0.0,0.0,2.0,2.72,0.0,,,,,,YaG-10_(29-K)
saab_b3c,87.0,100.0,1.66,1.02,36.45,22.77,0.0,,,,,,0.0,,,,,,B3C
cn_mbt2000,88.0,62.12,0.3,0.3,2.65,2.65,60.0,72.73,0.0,0.0,1.83,1.99,0.0,,,,,,MBT-2000
sw_t_28,91.0,51.67,0.0,0.0,4.45,3.82,20.0,,,0.0,,2.0,0.0,,,,,,T-28
ussr_bt_7_1937,89.0,69.23,0.0,0.0,8.37,9.05,73.0,94.44,0.0,0.0,2.61,1.75,0.0,,,,,,BT-7
ussr_t_34E,88.0,68.55,0.0,0.0,2.05,4.22,21.0,69.23,0.0,0.0,1.31,1.31,0.0,,,,,,T-34E
sw_t_54_1951,89.0,50.54,0.22,0.22,1.43,1.47,257.0,48.03,0.0,0.0,1.16,1.29,0.0,,,,,,T-54
germ_leopard_2a4m_can_sm,89.0,50.0,0.0,0.0,1.14,1.14,1430.0,44.16,0.0,0.0,1.37,1.15,0.0,,,,,,◍Leopard_2A4M
bf-109f-2,84.0,100.0,18.58,8.69,3.89,1.55,25.0,,,0.0,,1.0,0.0,,,,,,Bf_109_F-2
germ_pz_IV_L70_A,88.0,96.0,0.0,0.0,4.88,4.68,85.0,34.09,0.0,0.0,4.14,2.74,0.0,,,,,,Panzer_IV/70(A)
us_t25,89.0,76.47,0.0,0.0,3.94,2.1,124.0,25.0,0.0,0.0,6.25,5.34,31.0,0.0,0.0,0.0,1.0,1.0,T25
jp_tkx_prot,80.0,56.45,0.0,0.0,5.81,5.98,1222.0,55.96,0.0,0.0,1.96,1.74,0.0,,,,,,TKX
us_xm_803,83.0,100.0,0.0,0.0,6.73,5.59,2642.0,58.11,0.0,0.0,2.11,1.91,0.0,,,,,,XM803
us_m1a1_aim_abrams,88.0,64.86,0.0,0.0,1.41,3.28,1679.0,62.93,0.0,0.0,2.19,1.81,6.0,,,0.0,,2.0,M1A1_AIM
sw_pbv_501,87.0,0.0,0.0,0.0,1.07,0.39,459.0,42.53,0.0,0.0,1.14,0.8,0.0,,,,,,Pbv_501
cn_t_34_85_d_5t,88.0,92.2,0.05,0.07,2.99,3.15,199.0,66.4,0.0,0.0,3.85,2.8,0.0,,,,,,Т-34-85_(S-53)_(China)
us_m1_ip_abrams,87.0,53.03,0.0,0.0,2.27,1.69,829.0,53.19,0.0,0.0,2.31,2.47,0.0,,,,,,IPM1
uk_sherman_vc_firefly,85.0,62.1,0.0,0.0,1.93,2.76,394.0,57.82,0.0,0.0,3.19,2.13,0.0,,,,,,Sherman_Firefly
germ_kv_1B_finland,91.0,76.79,0.0,0.0,6.14,15.06,65.0,51.15,0.0,0.0,5.87,10.38,0.0,,,,,,KV-IB
ussr_m53_59,83.0,44.08,2.69,5.15,0.3,0.56,663.0,28.43,0.83,0.79,0.41,0.39,3.0,,,,,,M53/59
germ_erprobungstrager_3_achs_turm,85.0,51.39,0.0,0.0,2.15,2.15,1493.0,40.77,0.0,0.0,2.56,1.64,0.0,,,,,,Turm_III
us_m41_walker_bulldog,86.0,50.0,0.19,0.2,2.31,2.73,926.0,55.73,0.0,0.0,1.1,0.89,0.0,,,,,,M41A1
f8f1,81.0,54.17,1.83,1.74,0.68,1.52,305.0,53.0,0.43,0.29,2.07,1.28,0.0,,,,,,F8F-1
germ_flakpanzer_IV_Ostwind,84.0,50.0,2.59,3.83,2.42,3.45,185.0,34.31,0.53,0.6,1.56,0.74,0.0,,,,,,Ostwind
germ_leopard_2a4_pzbtl_123,82.0,70.83,0.0,0.0,3.41,2.99,1596.0,45.35,0.0,0.0,1.67,1.42,19.0,,,0.0,,1.0,Leopard_2_(PzBtl_123)
sw_charioteer_mk_7,82.0,61.83,0.0,0.0,1.11,1.0,286.0,32.84,0.0,0.0,1.46,0.76,0.0,,,,,,Charioteer_Mk_VII
us_t1e1,80.0,71.84,0.0,0.0,1.87,1.58,102.0,55.16,0.0,0.0,2.1,3.38,0.0,,,,,,T1E1
me_264,81.0,100.0,0.88,0.76,6.82,5.67,0.0,,,,,,0.0,,,,,,Me_264
do_217e_2,81.0,93.28,0.31,0.28,5.39,5.36,34.0,50.0,0.0,0.0,0.5,1.0,0.0,,,,,,Do_217_E-2
fr_sk105_a2,83.0,95.83,0.0,0.0,3.05,2.49,275.0,51.83,0.0,0.0,1.99,1.98,0.0,,,,,,SK-105A2
ussr_kv_2_zis_6,78.0,83.73,0.03,0.15,5.34,6.9,66.0,50.0,0.0,0.0,3.02,4.48,0.0,,,,,,KV-2_(ZiS-6)
sw_strf_90c,77.0,48.95,0.68,0.77,2.87,2.5,377.0,51.98,0.11,0.11,1.58,1.44,0.0,,,,,,Strf_9040C
sw_strv_122,83.0,67.39,0.0,0.0,3.1,3.25,175.0,50.42,0.0,0.0,2.93,1.94,0.0,,,,,,Strv_122A
uk_challenger_1_mk_3_gulf,77.0,73.21,0.0,0.0,4.38,3.28,782.0,49.45,0.0,0.0,2.9,2.37,27.0,,,0.0,,0.78,Challenger_DS
sw_pvkv_II,80.0,100.0,0.0,0.0,6.7,6.2,77.0,51.45,0.0,0.0,4.0,2.87,0.0,,,,,,Pvkv_II
sw_ikv_103,82.0,41.9,0.0,0.0,1.37,1.7,138.0,33.29,0.0,0.0,0.85,0.91,0.0,,,,,,Ikv_103
f_15c_msip2,77.0,55.8,1.2,0.94,1.08,0.63,209.0,58.0,1.66,1.59,0.07,0.07,26.0,,,0.5,,0.0,F-15C_MSIP_II
itp_m1,75.0,93.82,3.15,2.83,3.04,2.42,68.0,51.75,0.94,1.0,1.47,1.54,0.0,,,,,,ITP_(M-1)
it_m26a1_pershing,71.0,75.33,0.01,0.01,3.11,4.18,75.0,45.16,0.0,0.0,1.56,1.63,0.0,,,,,,M26A1
fr_m4a4_sherman,74.0,,,0.0,,4.24,89.0,100.0,0.0,0.0,5.51,3.91,0.0,,,,,,M4A4
il_m_51,73.0,100.0,1.0,0.16,8.33,1.44,754.0,46.69,0.0,0.0,3.3,1.46,0.0,,,,,,M-51
mig_3_series_1_15,75.0,100.0,6.21,5.71,1.16,1.14,14.0,100.0,3.92,,0.0,,0.0,,,,,,MiG-3-15
us_m1a2_sep3_abrams,73.0,74.17,0.0,0.0,3.46,4.34,3549.0,57.59,0.0,0.0,2.08,1.97,0.0,,,,,,M1A2_SEPv3
bf_110g_4,75.0,100.0,1.07,0.79,5.02,3.48,0.0,,,,,,0.0,,,,,,Bf_110_G-4
it_leopard_2a7_hungary,74.0,79.57,0.0,0.0,6.35,7.16,219.0,75.16,0.0,0.0,5.03,4.38,0.0,,,,,,Leopard_2A7HU
p-63c-5_ussr,74.0,100.0,0.85,0.75,6.08,5.34,53.0,100.0,0.79,1.07,3.35,3.27,0.0,,,,,,P-63C-5
germ_pzkpfw_VI_ausf_h1_tiger_animal_version,72.0,55.51,0.15,0.14,3.04,3.58,15.0,50.0,0.0,0.0,2.87,5.73,0.0,,,,,,␠Tiger
jp_type_99,73.0,43.42,0.26,0.35,1.08,0.89,492.0,77.18,0.67,0.99,1.29,1.91,0.0,,,,,,Type_99
ussr_t_55a,79.0,50.0,0.0,0.0,1.93,2.11,1197.0,49.44,0.0,0.0,1.84,1.45,0.0,,,,,,T-55A
sw_lvkv_42,72.0,53.57,0.0,0.0,2.82,2.82,151.0,46.0,0.32,0.53,0.69,1.16,0.0,,,,,,Lvkv_42
uk_a17_mk_1_tetrarch,75.0,87.63,0.0,0.0,6.22,5.76,38.0,0.0,0.0,0.0,3.14,1.31,0.0,,,,,,Tetrarch_I
us_m60a1,74.0,66.13,0.0,0.0,0.98,0.86,415.0,55.74,0.0,0.0,1.67,1.5,0.0,,,,,,M60A1_(AOS)
germ_pzkpfw_IV_ausf_J,68.0,46.34,0.07,0.12,0.94,1.65,49.0,44.23,0.0,0.0,1.15,0.86,0.0,,,,,,Pz.IV_J
me-410a-1,73.0,86.56,0.89,0.76,4.78,4.37,30.0,50.0,0.0,0.0,1.75,2.04,0.0,,,,,,Me_410_A-1
f_15c_golden_eagle,73.0,66.03,2.65,1.92,0.19,0.13,341.0,54.94,2.76,2.55,0.15,0.17,54.0,50.0,0.75,1.29,0.0,0.0,F-15C_Golden_Eagle
uk_fv107_scimitar,75.0,50.0,0.0,0.0,1.5,1.5,155.0,66.77,0.0,0.0,2.59,1.28,0.0,,,,,,Scimitar
germ_pzkpfw_II_ausf_H,70.0,64.58,0.44,0.66,8.54,12.31,44.0,42.11,0.0,0.0,2.34,2.74,0.0,,,,,,Pz.II_H
ussr_t_80ud,72.0,55.56,0.0,0.0,3.06,2.31,2411.0,48.68,0.0,0.0,1.56,1.45,0.0,,,,,,T-80UD
us_t29,67.0,94.87,0.0,0.0,9.95,6.4,1358.0,61.34,0.0,0.0,4.68,2.85,0.0,,,,,,T29
p-47d_30_china,70.0,32.76,1.72,1.81,0.25,0.3,79.0,44.2,0.09,0.09,1.17,0.84,0.0,,,,,,P-47D-30_(China)
germ_radpanzer_90,67.0,66.67,0.0,0.0,2.0,1.13,489.0,52.64,0.0,0.0,2.2,1.43,0.0,,,,,,Radkampfwagen_90
us_m1a2_sep2_abrams,67.0,39.2,0.0,0.0,0.71,0.55,2229.0,58.25,0.0,0.0,1.87,1.65,31.0,0.0,0.0,0.0,1.0,1.0,M1A2_SEP_V2
it_c1_ariete_certezza,64.0,62.18,0.0,0.0,2.65,3.66,801.0,63.13,0.0,0.0,2.52,1.91,0.0,,,,,,Ariete_Сertezza
il_centurion_shot_kal_alef,74.0,60.0,0.2,0.3,2.14,2.95,94.0,63.67,0.0,0.0,1.45,1.21,0.0,,,,,,Sho't_Kal_Alef
f8u-2,64.0,46.99,1.45,2.22,0.0,0.0,105.0,43.55,0.87,1.14,0.33,0.33,0.0,,,,,,F8U-2
f-8e,72.0,72.44,1.98,1.2,0.45,0.23,33.0,50.0,1.55,3.1,0.0,0.0,0.0,,,,,,F-8E
germ_mkpz_m48a2ga2,70.0,68.84,0.0,0.0,1.44,1.91,406.0,36.66,0.0,0.0,1.6,1.49,0.0,,,,,,M48A2_G_A2
ussr_t_34_85_stp_s53,71.0,51.08,0.0,0.0,2.39,2.66,1495.0,50.74,0.0,0.0,2.32,1.93,0.0,,,,,,Т-34-85_(СТП)
il_8_1944,72.0,79.37,2.5,1.85,5.2,4.04,36.0,47.37,0.26,0.06,2.79,1.64,0.0,,,,,,IL-8_(1944)
su_30sm,69.0,45.83,3.75,2.77,0.0,0.0,453.0,54.91,0.93,1.15,1.05,1.35,46.0,,,1.0,,1.33,Су-30СМ
fw-190d-9,71.0,71.08,4.03,3.49,0.35,0.29,280.0,38.72,1.07,1.06,0.92,0.86,0.0,,,,,,Fw_190_D-9
fa_18e_block_2,68.0,63.89,2.68,1.91,0.43,0.18,646.0,66.17,1.11,1.14,0.65,0.67,26.0,,,1.0,,0.0,F/A-18E
uk_sherman_ic_firefly,67.0,100.0,0.0,0.0,3.0,3.0,95.0,39.13,0.0,0.0,1.46,1.42,0.0,,,,,,"Sherman_IC_""Trzyniec"""
ussr_t_64_b_1984,67.0,50.0,0.0,0.0,1.83,1.98,414.0,50.25,0.0,0.0,1.96,1.5,0.0,,,,,,T-64B
us_m4_t26,60.0,6.06,0.05,0.02,3.67,1.97,365.0,57.89,0.0,0.0,2.32,2.08,0.0,,,,,,M4/T26
sw_strv_74,68.0,100.0,0.0,0.0,2.98,1.64,344.0,55.81,0.0,0.0,2.6,1.51,0.0,,,,,,Strv_74
jp_m47_patton_II,66.0,66.67,0.0,0.0,1.3,1.28,518.0,78.68,0.0,0.0,2.32,2.29,0.0,,,,,,M47
ussr_t_80u,68.0,80.11,0.0,0.0,0.71,1.94,1057.0,47.24,0.0,0.0,1.67,1.4,0.0,,,,,,T-80U
ussr_bmp_1,70.0,54.76,0.0,0.0,0.07,0.13,261.0,48.45,0.0,0.0,0.87,0.94,0.0,,,,,,BMP-1
fr_jaguar_ebrc,66.0,50.0,0.5,0.5,2.39,2.39,338.0,46.95,0.0,0.0,1.49,1.07,0.0,,,,,,EBRC_Jaguar
f-4e,68.0,60.87,2.83,2.14,2.07,1.67,315.0,62.54,2.09,2.41,1.08,1.16,36.0,50.0,1.77,3.44,3.0,5.0,F-4E_Phantom_II
us_m36b2,69.0,65.48,0.0,0.0,1.67,2.28,478.0,53.64,0.0,0.0,1.84,1.4,0.0,,,,,,M36B2
pe-2-31,64.0,100.0,0.0,0.0,5.64,4.25,0.0,,,,,,0.0,,,,,,Pe-2-31
f4u-1d,62.0,85.48,2.71,2.37,4.2,3.7,28.0,,,1.42,,1.63,0.0,,,,,,F4U-1D
germ_jgdpz_38t,65.0,49.38,0.0,0.0,1.52,2.24,51.0,32.26,0.0,0.0,1.87,2.13,0.0,,,,,,Jagdpanzer_38(t)
us_m4a3e2_76w_sherman_jumbo,66.0,60.0,0.0,0.0,2.35,2.03,823.0,72.1,0.02,0.01,4.98,3.66,0.0,,,,,,M4A3E2_(76)_W
us_t1e1_90,65.0,90.74,0.0,0.0,1.28,1.92,207.0,31.22,0.0,0.0,3.9,2.81,0.0,,,,,,T1E1_(90)
yak-4,64.0,100.0,0.31,0.34,8.82,9.5,0.0,,,,,,0.0,,,,,,Yak-4
f6f-3,61.0,83.33,0.56,0.42,7.19,6.04,97.0,77.42,0.92,0.59,4.68,2.66,0.0,,,,,,F6F-5
p-40e_ussr,65.0,70.43,3.73,4.84,0.72,0.93,11.0,,,0.0,,1.0,0.0,,,,,,P-40E-1
ussr_t_80um2,66.0,74.69,0.0,0.0,2.36,2.73,66.0,50.0,0.0,0.0,1.58,1.37,0.0,,,,,,T-80UM2
germ_pzkpfw_IV_ausf_G,61.0,91.4,0.0,0.0,2.11,2.21,120.0,46.77,0.0,0.0,1.59,1.91,0.0,,,,,,Pz.IV_G
ussr_t_62m1,64.0,62.75,0.0,0.0,3.75,4.07,689.0,52.28,0.0,0.0,1.27,1.29,0.0,,,,,,T-62M-1
uk_challenger_1,61.0,53.33,0.0,0.0,4.17,2.76,270.0,58.78,0.0,0.0,5.19,2.62,0.0,,,,,,Challenger_Mk.2
sw_l_62_anti_II,65.0,37.5,0.75,0.63,3.44,3.05,143.0,27.38,0.0,0.0,3.49,1.7,0.0,,,,,,L-62_ANTI_II
yak_2_kabb,64.0,100.0,3.06,3.47,5.54,6.16,0.0,,,,,,0.0,,,,,,Yak-2_KABB
us_m18_hellcat_kit_3rank,63.0,100.0,0.3,0.3,7.41,7.41,99.0,70.69,0.0,0.0,2.14,1.76,0.0,,,,,,Hellcat_(Hell)
jp_navy_120mm_spg,66.0,58.34,0.0,0.0,3.26,2.89,112.0,85.09,0.0,0.0,4.97,2.55,0.0,,,,,,Chi-Ha_LG
av_8c,58.0,49.58,1.4,1.54,0.48,0.63,15.0,50.0,0.43,0.4,1.0,2.53,0.0,,,,,,AV-8C
i_225,65.0,43.75,3.25,2.43,0.16,0.08,62.0,14.58,2.33,1.95,1.17,0.88,0.0,,,,,,I-225
germ_pzkpfw_IV_ausf_F2,61.0,58.7,0.0,0.0,5.76,5.2,257.0,41.51,0.0,0.0,6.1,3.85,0.0,,,,,,Pz.IV_F2
f6f-5n,64.0,33.33,1.6,1.6,0.66,0.64,144.0,48.6,0.54,0.64,0.69,0.88,0.0,,,,,,F6F-5N
yak-3,63.0,96.38,7.46,7.81,1.4,1.42,103.0,44.17,3.28,4.32,0.66,0.63,0.0,,,,,,Yak-3
p-51d-20-na,61.0,81.61,7.11,8.63,0.35,0.32,173.0,65.0,0.38,0.47,1.38,1.45,12.0,,,1.17,,0.0,P-51D-20-NA
uk_a_13_mk1,61.0,85.48,0.0,0.0,8.56,7.3,0.0,,,,,,0.0,,,,,,A13_Mk_I
yak-9,64.0,100.0,3.86,3.41,0.73,0.45,17.0,,,,,,0.0,,,,,,Yak-9
yak-1_early,60.0,100.0,5.93,3.31,1.64,0.89,28.0,,,1.07,,0.88,0.0,,,,,,Yak-1
p-51d-30_usaaf_korea,63.0,62.67,2.35,2.03,0.69,0.58,139.0,48.43,1.25,1.96,0.67,1.09,48.0,100.0,9.0,3.0,0.0,0.0,P-51D-30
sw_ikv_91,61.0,50.0,0.0,0.0,0.58,0.58,411.0,43.33,0.0,0.0,1.1,1.25,0.0,,,,,,Ikv_91
us_m4a2_sherman,62.0,98.0,0.6,0.72,6.44,7.1,395.0,60.41,0.0,0.0,4.42,3.74,0.0,,,,,,M4A2
ussr_t_80b,60.0,100.0,0.0,0.0,2.54,1.72,1352.0,53.98,0.0,0.0,2.13,1.74,0.0,,,,,,T-80B
ussr_su_100_1945,57.0,69.7,0.0,0.0,1.38,1.41,48.0,10.0,0.0,0.0,0.9,1.36,0.0,,,,,,SU-100
su_27sm,62.0,40.97,2.04,2.04,0.17,0.17,210.0,73.16,2.65,3.19,0.0,0.0,18.0,,,1.0,,0.0,Su-27SM
fa_18c_late,62.0,50.0,1.98,1.48,0.4,0.28,131.0,65.38,0.79,0.62,0.49,0.36,0.0,,,,,,F/A-18C_Late
it_pzkpfw_VI_ausf_e_tiger,59.0,100.0,0.0,0.0,9.72,7.97,261.0,72.37,0.0,0.0,6.35,3.61,0.0,,,,,,Tigris
fr_amx_13_chaffee,57.0,50.0,0.48,0.44,2.48,2.6,101.0,90.58,0.0,0.0,3.77,3.31,0.0,,,,,,AMX-13-M24
f_16c_block_50,59.0,56.52,1.34,1.34,1.7,1.7,575.0,59.15,0.74,1.04,0.84,1.17,46.0,,,1.34,,0.0,F-16C
i-16_type27,55.0,,,3.03,,0.0,9.0,100.0,2.0,,6.0,,0.0,,,,,,I-16_type_27
us_m19,56.0,33.33,0.43,0.68,0.51,0.7,67.0,3.03,0.29,0.32,1.97,2.0,0.0,,,,,,M19A1
mig_29m_9_15,63.0,50.0,2.0,1.72,0.38,0.3,323.0,44.84,0.56,0.59,0.32,0.35,14.0,,,1.0,,1.0,МиГ-29М_(9-15)
ussr_pt_76b,59.0,,,0.0,,0.9,801.0,49.17,0.0,0.0,1.15,0.84,13.0,,,0.0,,0.0,PT-76B
it_m26_ariete,52.0,67.54,0.0,0.0,3.75,5.54,27.0,100.0,0.0,0.0,4.08,2.58,0.0,,,,,,"M26_""D.C.Ariete"""
germ_pzkpfw_III_ausf_E,57.0,92.9,0.0,0.0,6.94,8.6,41.0,0.0,0.0,0.0,2.69,1.25,0.0,,,,,,Pz.III_E
su-8,57.0,100.0,0.69,0.53,4.31,3.5,0.0,,,,,,0.0,,,,,,Su-8
ki_43_1,60.0,100.0,6.47,3.65,1.0,0.66,0.0,,,,,,0.0,,,,,,Ki-43-I
yak-9b,61.0,98.82,4.39,3.66,10.22,8.1,16.0,,,0.0,,1.14,0.0,,,,,,Yak-9B
uk_shir_2,56.0,72.41,0.0,0.0,2.81,3.0,208.0,88.33,0.0,0.0,7.09,3.85,0.0,,,,,,FV4030/3
bf-109g-6_erla_finland,56.0,,,2.33,,0.77,5.0,,,,,,0.0,,,,,,Bf_109_G-6_Erla
cn_ztz_99a,53.0,61.76,0.0,0.0,4.03,4.6,281.0,74.02,0.0,0.0,3.16,2.24,0.0,,,,,,ZTZ99A
us_m4a1_76w_sherman,58.0,68.0,0.0,0.0,1.86,1.56,402.0,53.03,0.0,0.0,3.94,2.31,7.0,,,0.0,,2.0,M4A1_(76)_W
uk_sherman_vc_firefly_kit_3rank,55.0,100.0,0.0,0.0,2.35,1.55,63.0,100.0,0.0,0.0,4.27,3.28,0.0,,,,,,Firefly_(Overlord)
it_leopard_2a4,55.0,51.79,0.0,0.0,3.39,6.64,197.0,63.57,0.0,0.0,2.48,1.65,0.0,,,,,,◔Leopard_2A4
ussr_object_279,53.0,100.0,0.0,0.0,5.85,5.85,233.0,77.47,0.0,0.0,6.8,3.41,3.0,,,0.0,,1.0,Object_279
hellcat_fmk1,57.0,100.0,2.47,2.3,3.51,3.19,25.0,62.5,0.33,0.33,1.53,1.62,54.0,50.0,0.5,0.15,2.19,1.73,Hellcat_Mk_II
ussr_is_3,51.0,47.37,0.0,0.0,1.33,2.16,194.0,42.56,0.0,0.0,2.73,2.36,0.0,,,,,,IS-3
ffvs_j22_b,56.0,50.0,2.77,2.02,0.0,0.1,11.0,,,,,,0.0,,,,,,J22-B
p-63a-10_ussr,54.0,100.0,1.13,0.91,3.97,3.72,98.0,100.0,0.29,0.47,3.01,4.22,0.0,,,,,,P-63A-10
ussr_bt_5,54.0,7.69,0.0,0.0,8.46,5.8,521.0,51.9,0.0,0.0,1.73,1.23,0.0,,,,,,BT-5
f4u-1a,51.0,92.16,2.44,2.28,0.93,0.92,32.0,50.0,1.5,3.0,2.5,5.0,0.0,,,,,,F4U-1A
fr_m4a1_sherman,53.0,,,0.0,,2.9,86.0,100.0,0.0,0.0,3.96,2.4,0.0,,,,,,M4A1
uk_matilda_hedgehog,57.0,66.67,0.3,0.5,4.7,7.0,0.0,,,,,,0.0,,,,,,Matilda_Hedgehog
uk_a_22f_mk_7_churchill_1944,52.0,53.03,0.0,0.0,5.38,7.29,522.0,75.13,0.0,0.0,4.73,3.5,0.0,,,,,,Churchill_VII
pe-2-83,54.0,100.0,0.56,0.45,3.82,2.94,6.0,100.0,0.0,0.0,0.0,0.0,0.0,,,,,,Pe-2-83
fw-190a-5_u2,55.0,67.95,2.21,2.56,0.58,0.66,0.0,,,,,,0.0,,,,,,Fw_190_A-5/U2
mig-21_s,55.0,60.53,2.58,2.42,0.0,0.0,87.0,65.39,2.17,2.58,0.12,0.65,11.0,,,,,,MiG-21S_(R-13-300)
ussr_t_72b3_2011,50.0,50.0,0.05,0.05,1.48,2.59,1309.0,51.62,0.0,0.0,1.69,1.43,0.0,,,,,,T-72B3
germ_sdkfz_6_2_flak36,52.0,100.0,1.35,1.35,12.0,12.0,10.0,,,,,,0.0,,,,,,Sd.Kfz._6/2
germ_flakpanzer_I_ausf_A,55.0,84.09,0.15,0.2,5.02,8.15,9.0,,,0.0,,0.0,0.0,,,,,,Flakpanzer_I
germ_sturmpanzer_IV_brummbar,52.0,90.48,0.01,0.02,3.32,3.63,68.0,100.0,0.0,0.0,1.0,3.11,0.0,,,,,,Brummbär
sw_ikv_72,52.0,53.23,0.03,0.03,1.47,2.08,0.0,,,,,,0.0,,,,,,Ikv_72
fr_lorraine_100,54.0,57.41,0.0,0.0,1.15,1.03,73.0,64.29,0.0,0.0,1.72,2.35,0.0,,,,,,CA_Lorraine
fr_amx_13_dca_40,51.0,100.0,0.0,0.08,1.0,0.21,273.0,68.87,0.03,0.01,1.38,0.86,0.0,,,,,,AMX-13_DCA_40
he_115a_2_sweden,51.0,100.0,0.35,0.38,8.75,9.27,0.0,,,,,,0.0,,,,,,T_2
ussr_su_85m,53.0,55.0,0.0,0.0,2.33,2.43,96.0,45.24,0.0,0.0,1.23,1.36,0.0,,,,,,SU-85M
fr_amx_m4,54.0,0.0,0.0,0.0,4.0,2.0,779.0,64.51,0.0,0.0,2.02,2.03,28.0,,,0.0,,2.76,AMX_M4
it_c1_ariete_preserie,49.0,67.31,0.0,0.0,3.63,5.79,392.0,56.96,0.0,0.0,2.62,2.39,0.0,,,,,,Ariete_(P)
us_m24_chaffee,53.0,87.5,0.13,0.16,4.18,4.78,512.0,53.92,0.0,0.0,3.48,1.84,0.0,,,,,,M24
fr_somua_sm,47.0,82.05,0.0,0.0,5.7,3.85,1168.0,59.98,0.0,0.0,3.65,2.57,0.0,,,,,,Somua_SM
it_semovente_m41m_90,51.0,100.0,0.0,,3.03,,48.0,31.82,0.0,0.0,2.02,1.8,0.0,,,,,,90/53_M41M
germ_thyssen_henschel_tam,54.0,50.0,0.0,0.0,1.1,2.21,852.0,42.97,0.0,0.0,1.69,1.25,6.0,100.0,0.0,0.0,1.0,1.0,TAM
yak-15_early,52.0,50.0,1.5,2.13,0.0,0.0,22.0,100.0,2.4,1.6,0.4,0.2,0.0,,,,,,Yak-15P
f_16a_block_15_adf,51.0,50.0,1.43,1.87,0.5,0.41,77.0,50.0,1.2,0.69,0.0,0.0,22.0,,,1.14,,0.0,F-16A_ADF
uk_challenger_2_bn,47.0,76.85,0.0,0.0,2.64,4.73,500.0,67.43,0.0,0.0,2.35,2.03,0.0,,,,,,Black_Night
typhoon_mk1b_late,49.0,0.0,3.6,2.38,0.73,0.57,99.0,62.93,1.26,1.82,2.04,2.83,0.0,,,,,,Typhoon_Mk_Ib/L
us_t26e5,49.0,50.0,0.2,0.3,2.44,3.71,1122.0,62.57,0.0,0.0,4.11,3.14,0.0,,,,,,T26E5
us_m1a2_sep_abrams,54.0,54.17,0.0,0.0,1.34,2.08,1438.0,57.68,0.0,0.0,1.74,1.57,7.0,,,,,,M1A2_SEP
ussr_kv_8,52.0,92.19,0.0,0.0,1.72,1.88,54.0,50.0,0.0,0.0,4.61,2.65,0.0,,,,,,КВ-8
bf-109f-4_usa,48.0,69.23,1.99,2.43,0.0,0.0,44.0,,,,,,7.0,,,3.0,,0.0,Bf_109_F-4
germ_le_kpz_m41,53.0,27.78,0.0,0.0,0.28,0.25,982.0,43.36,0.0,0.0,0.97,0.86,0.0,,,,,,leKPz_M41
fr_amx_13_90,52.0,89.74,0.0,0.0,2.88,2.25,79.0,59.65,0.0,0.0,2.45,4.37,0.0,,,,,,AMX-13-90
germ_leopard_2a7v,53.0,61.88,0.0,0.0,3.04,3.31,2195.0,49.0,0.0,0.0,2.27,1.89,0.0,,,,,,Leopard_2A7V
lagg-3-35,48.0,100.0,3.5,2.44,1.0,1.42,0.0,,,,,,0.0,,,,,,LaGG-3-35
us_m22_locust,47.0,54.17,0.0,0.0,2.93,1.97,142.0,11.67,0.0,0.0,3.51,1.32,0.0,,,,,,M22
jp_type_16_mod,52.0,50.0,0.0,0.0,0.5,0.32,637.0,62.65,0.0,0.0,2.29,1.67,0.0,,,,,,Type_16_(FPS)
uk_valentine_mk_11,47.0,80.83,0.18,1.0,8.03,18.6,0.0,,,,,,0.0,,,,,,Valentine_XI
sw_bkan_1c,47.0,33.93,1.48,3.0,0.34,0.9,231.0,26.75,0.51,0.28,1.9,1.17,0.0,,,,,,Bkan_1C
il_sabra_mk1,43.0,53.62,0.0,0.0,1.73,2.63,19.0,,,0.0,,3.06,0.0,,,,,,Sabra_Mk.I
uk_fv721_fox,50.0,50.0,0.0,0.0,1.0,2.0,675.0,61.64,0.03,0.03,1.88,1.83,0.0,,,,,,Fox
germ_stug_III_ausf_G,47.0,90.32,0.0,0.0,3.6,2.5,169.0,31.66,0.0,0.0,2.8,2.1,0.0,,,,,,StuG_III_G
us_m60a2,49.0,65.0,0.0,0.0,1.58,1.62,95.0,57.69,0.0,0.0,3.81,2.73,0.0,,,,,,M60A2
p-51d-20_china,48.0,100.0,3.43,1.46,1.0,0.27,48.0,100.0,0.0,0.0,1.0,0.11,0.0,,,,,,P-51D-20_(China)
germ_kanonenjagdpanzer,48.0,100.0,0.0,0.0,1.77,1.0,106.0,0.93,0.0,0.0,3.11,0.95,14.0,0.0,0.0,0.0,1.0,1.0,JPz_4-5
ussr_asu_85,49.0,40.37,0.0,0.0,0.96,0.61,187.0,35.59,0.0,0.0,2.02,1.02,0.0,,,,,,ASU-85
us_m3_bradley,49.0,50.0,0.0,0.0,0.23,0.22,472.0,58.03,0.0,0.0,1.42,1.25,0.0,,,,,,M3_Bradley
uk_ac1_sentinel,48.0,100.0,0.0,0.0,0.54,0.27,5.0,,,0.0,,2.0,0.0,,,,,,A.C.I
us_m4a3e2_sherman_jumbo_cobra_king,50.0,100.0,0.0,0.0,3.0,2.75,228.0,58.57,0.0,0.0,3.09,2.84,0.0,,,,,,Cobra_King
us_t20,49.0,100.0,0.0,0.0,7.38,5.16,2564.0,65.9,0.0,0.0,3.86,3.48,23.0,,,0.0,,7.5,T20
germ_pzkpfw_III_ausf_N,46.0,66.67,0.0,0.0,4.04,2.57,33.0,50.0,0.0,0.0,3.91,3.91,0.0,,,,,,Pz.III_N
f4u-4b,46.0,52.94,1.62,1.62,0.24,0.24,696.0,66.52,0.51,0.46,1.79,1.59,73.0,,,3.97,,0.0,F4U-4B
firefly_mk4_netherlands,47.0,2.94,2.47,1.61,1.35,0.68,76.0,96.03,0.76,0.55,1.85,2.63,0.0,,,,,,◘Firefly_F.Mk.IV
us_mbt_70,46.0,100.0,0.0,0.0,2.71,2.71,1815.0,62.74,0.0,0.0,1.99,1.65,0.0,,,,,,MBT-70
uk_centurion_mk_5_avre_era,47.0,75.0,0.0,0.0,1.5,1.36,59.0,66.0,0.0,0.0,1.0,1.0,0.0,,,,,,Centurion_Mk.5_AVRE
su_30sm2,48.0,45.83,3.35,3.35,0.0,0.0,1141.0,58.71,1.04,1.28,1.71,2.11,3.0,,,,,,Су-30СМ2
jp_type_5_ho_ri_prototype,57.0,84.62,0.04,0.04,5.72,3.74,688.0,56.8,0.0,0.0,4.36,3.36,0.0,,,,,,Ho-Ri_Prototype
cf_188a_canada,46.0,100.0,3.1,3.1,0.0,0.0,442.0,47.64,1.12,1.35,0.17,0.21,0.0,,,,,,CF-188A
sw_kv_1_1942_fin,49.0,50.0,0.0,0.0,2.1,2.6,79.0,35.0,0.0,0.0,4.39,3.98,0.0,,,,,,KV-1_m1942
it_of_40_mtca,45.0,88.24,0.0,0.0,3.71,2.81,1037.0,60.92,0.0,0.0,3.51,2.68,1.0,0.0,0.0,0.0,2.0,2.0,OF-40_(MTCA)
us_t95e1,45.0,100.0,0.0,0.0,2.56,1.52,316.0,53.75,0.0,0.0,1.9,1.65,0.0,,,,,,T95E1
f4u-4,46.0,93.75,1.88,1.35,2.75,0.94,474.0,60.99,0.39,0.31,1.1,0.91,0.0,,,,,,F4U-4
il_magach_2,46.0,57.02,0.0,0.0,1.34,2.47,0.0,,,,,,0.0,,,,,,Magach_2
us_m4_sherman_calliope,38.0,100.0,0.1,0.1,8.1,8.1,48.0,71.05,0.0,0.0,5.92,5.35,0.0,,,,,,Calliope
it_centauro_rgo_120,46.0,64.81,0.0,0.0,2.44,3.89,179.0,56.45,0.0,0.0,3.08,2.71,0.0,,,,,,Centauro_RGO
cn_type_65_aa,43.0,47.73,1.0,2.0,0.52,1.0,28.0,,,0.0,,1.0,0.0,,,,,,Phòng_không_T-34
ki_61_2_early,44.0,53.57,1.39,2.0,0.75,0.9,11.0,100.0,1.0,1.0,1.0,1.0,0.0,,,,,,Ki-61-II_Otsu_Kai
jp_type_74_c,45.0,100.0,0.0,0.0,2.0,1.0,375.0,60.56,0.0,0.0,2.54,1.83,0.0,,,,,,Type_74_(C)
tu-2_postwar_late,45.0,35.29,0.0,0.0,0.0,0.07,60.0,100.0,0.5,0.13,9.33,4.8,29.0,89.29,0.0,0.0,1.43,1.5,Tu-2S-59
cn_al_khalid_1,44.0,50.0,0.0,0.0,3.2,3.2,1255.0,53.95,0.0,0.0,2.08,1.62,17.0,85.19,0.0,0.0,1.13,1.13,Al-Khalid-I
cn_m4a4_sherman_1st_ptg,44.0,94.64,0.11,0.09,2.86,3.35,13.0,50.0,0.0,0.0,2.1,4.2,0.0,,,,,,M4A4_(1st_PTG)_(China)
cn_ztz_96b,44.0,50.0,0.0,0.0,2.14,3.57,707.0,59.65,0.0,0.0,2.7,2.27,0.0,,,,,,ZTZ96B
germ_kv_2_754r,45.0,66.67,0.0,0.0,4.43,12.43,19.0,,,0.0,,3.79,0.0,,,,,,KW_II_754_(r)
ussr_pzkpfw_V,45.0,100.0,0.0,0.0,6.83,6.83,115.0,80.11,0.0,0.0,2.67,1.86,0.0,,,,,,T-V
it_ab_43,44.0,100.0,0.0,0.0,4.57,4.57,17.0,57.14,0.0,0.0,2.43,2.11,0.0,,,,,,AB_43
f_15e,43.0,71.74,1.28,1.28,0.76,0.76,646.0,68.88,0.89,1.18,2.84,3.76,18.0,,,1.0,,1.0,F-15E
sw_pvkv_m43_1963,42.0,50.0,0.0,0.0,2.26,4.46,23.0,,,0.0,,1.0,0.0,,,,,,Pvkv_m/43_(1963)
a_10a_early,42.0,0.0,3.0,1.59,4.0,1.89,308.0,58.37,0.91,0.84,4.1,3.46,0.0,,,,,,A-10A
ussr_2s38,43.0,,,0.0,,1.0,1995.0,50.49,0.1,0.09,1.07,0.86,0.0,,,,,,2S38
spitfire_mk9c_iaf,40.0,92.86,3.29,1.42,0.21,0.02,15.0,54.55,1.64,3.2,0.0,0.53,0.0,,,,,,Spitfire_Mk_IXc_(Israel)
us_xm246,46.0,70.14,0.38,0.58,1.63,2.33,1698.0,55.67,0.23,0.19,1.67,1.44,0.0,,,,,,XM246
il_magach_6_rocket,46.0,43.75,0.0,0.0,2.41,1.63,105.0,92.31,0.0,0.0,6.66,3.23,0.0,,,,,,Magach_Hydra
it_p_26_40,43.0,100.0,0.0,0.0,2.87,2.96,0.0,,,,,,0.0,,,,,,"P40_""G.C._Leoncello"""
jp_st_a3,42.0,68.63,0.0,0.0,1.24,1.42,299.0,64.79,0.0,0.0,2.22,1.97,0.0,,,,,,ST-A3
us_m36,45.0,65.79,0.0,0.0,1.47,1.54,264.0,48.78,0.0,0.0,2.88,3.15,0.0,,,,,,M36_GMC
us_ccvl,42.0,100.0,0.0,0.0,8.0,4.0,50.0,100.0,0.0,0.0,3.36,2.61,0.0,,,,,,CCVL
bf-109f-1,42.0,72.78,4.88,7.5,0.0,0.0,27.0,,,1.0,,0.09,0.0,,,,,,Bf_109_F-1
germ_leopard_2a6,44.0,62.5,0.0,0.0,1.45,2.13,1026.0,44.99,0.0,0.0,1.85,1.56,0.0,,,,,,Leopard_2A6
fa_18c_early,39.0,50.0,1.5,1.11,0.0,0.0,1668.0,52.5,0.83,0.95,0.27,0.31,43.0,,,1.36,,0.0,F/A-18C_Early
ussr_2s3m,42.0,41.67,0.0,0.0,2.5,2.03,228.0,37.3,0.1,0.14,1.04,1.07,0.0,,,,,,2S3M
ussr_it_1,40.0,53.7,0.0,0.0,1.03,0.6,140.0,75.59,0.0,0.0,4.43,3.93,0.0,,,,,,IT-1
uk_cruiser_ram_1,40.0,34.21,0.34,0.24,1.97,1.72,40.0,100.0,0.0,0.0,5.0,2.68,0.0,,,,,,Ram_I
p-51k,42.0,27.59,1.52,1.52,0.24,0.23,0.0,,,,,,0.0,,,,,,P-51K_(China)
ussr_su_85_1943,42.0,78.43,0.0,0.0,2.86,3.25,47.0,0.0,0.0,0.0,3.33,2.98,0.0,,,,,,SU-85
il_merkava_mk_2b_early,38.0,50.0,0.0,0.0,1.53,2.5,263.0,51.45,0.0,0.0,3.52,2.85,0.0,,,,,,Merkava_Mk.2B
uk_challenger_2e,36.0,66.67,0.0,0.0,3.3,4.14,413.0,60.13,0.0,0.0,2.35,1.63,0.0,,,,,,Challenger_2E
su_25_558arz,38.0,,,1.6,,0.81,42.0,100.0,0.0,0.0,3.4,3.36,4.0,,,0.0,,0.0,Su-25BM
c_3604,40.0,59.62,3.1,4.97,1.85,2.3,17.0,0.0,0.0,0.0,2.29,2.29,0.0,,,,,,◌С-3604
pe-2-359,38.0,100.0,0.05,0.04,2.77,2.74,0.0,,,,,,0.0,,,,,,Pe-2-359
jp_m4a3e8_76w_sherman,39.0,82.69,0.04,0.06,4.54,4.78,598.0,76.74,0.0,0.0,3.05,2.3,0.0,,,,,,M4A3_(76)_W
yak-30d,43.0,100.0,5.2,2.81,2.0,0.48,0.0,,,,,,0.0,,,,,,Yak-30D
il_m48a1_patton_III,41.0,50.0,0.0,0.0,1.5,2.73,45.0,81.82,0.0,0.0,1.43,0.88,0.0,,,,,,Magach_1
us_m4_sherman,40.0,50.0,0.0,0.0,2.58,5.17,162.0,47.53,0.0,0.0,3.01,2.61,0.0,,,,,,M4
uk_a_34_comet,42.0,100.0,0.0,0.0,2.0,0.9,68.0,74.51,0.0,0.0,3.29,4.05,0.0,,,,,,Comet_I
sw_strv_103a,41.0,0.0,0.0,0.0,1.0,0.72,156.0,63.44,0.0,0.0,3.0,1.75,0.0,,,,,,Strv_103A
uk_vickers_mbt_mk_1,38.0,50.0,0.0,0.0,2.12,2.1,500.0,55.71,0.0,0.0,1.92,1.88,0.0,,,,,,Vickers_Mk.1
us_xm1_gm,38.0,100.0,0.0,0.0,2.46,2.16,1103.0,63.94,0.0,0.0,3.25,2.16,0.0,,,,,,XM1_(GM)
ki_61_1a_hei,40.0,0.0,2.0,2.1,0.0,0.0,37.0,54.35,1.17,2.38,0.39,0.67,0.0,,,,,,Ki-61-I_hei
jp_m36b2_jgsdf,42.0,100.0,0.29,0.06,3.57,2.28,767.0,63.21,0.0,0.0,1.99,1.8,0.0,,,,,,M36
bf-109g-2_finland,39.0,,,4.08,,1.92,34.0,100.0,4.0,3.47,1.0,1.0,0.0,,,,,,Bf_109_G-2
f-4m_fgr2,40.0,100.0,4.0,1.12,0.0,0.0,84.0,39.58,0.29,0.33,0.0,0.0,0.0,,,,,,Phantom_FGR.2
mig-17_f5,40.0,100.0,2.0,1.88,0.0,0.0,69.0,100.0,3.33,4.03,2.26,2.75,0.0,,,,,,Shenyang_F-5
cn_type_69_2g,41.0,,,0.0,,1.0,116.0,74.17,0.0,0.0,3.84,2.06,0.0,,,,,,T-69_II_G
uk_a27m_cromwell_5_rp3,35.0,100.0,0.0,0.0,9.95,12.5,21.0,100.0,0.0,0.0,3.85,2.76,0.0,,,,,,Cromwell_V_(RP-3)
ussr_kv_220,40.0,100.0,0.0,0.0,6.73,6.4,122.0,72.55,0.0,0.0,7.37,8.17,0.0,,,,,,KV-220
jp_type_10,28.0,63.89,0.0,0.0,5.03,4.63,1075.0,59.69,0.0,0.0,2.23,1.97,0.0,,,,,,Type_10
germ_boxer_3105,40.0,70.0,0.0,0.0,2.4,2.5,87.0,8.33,0.0,0.0,2.58,2.4,0.0,,,,,,Boxer_MGS
il_magach_6b,40.0,100.0,0.0,0.0,3.0,1.21,37.0,58.73,0.0,0.0,2.38,4.48,0.0,,,,,,Magach_6B
sw_strv_101,39.0,100.0,0.0,0.0,1.86,1.0,335.0,43.47,0.0,0.0,1.63,1.37,0.0,,,,,,Strv_101
ussr_m4a2_76w_sherman,38.0,100.0,0.0,0.0,3.56,5.0,122.0,82.35,0.0,0.0,5.76,5.74,0.0,,,,,,M4A2
fr_amd_35_sa35,35.0,75.0,0.0,0.0,3.25,1.25,0.0,,,,,,0.0,,,,,,AMD.35_(SA35)
uk_17_pdr_m10_achilles_norfolk_yeomanry,37.0,100.0,0.0,0.0,2.71,2.83,25.0,100.0,0.25,0.0,3.38,2.79,0.0,,,,,,Achilles_(65_Rg.)
ussr_t_72m2_moderna,38.0,50.0,0.0,0.0,1.32,2.19,273.0,59.27,0.0,0.0,3.01,2.63,0.0,,,,,,T-72M2_Moderna
xp-50,40.0,100.0,2.88,1.6,0.0,0.0,58.0,53.33,0.21,0.35,0.27,0.14,17.0,,,1.53,,0.0,XP-50
p-63a-10,36.0,25.0,1.0,1.0,0.75,1.61,311.0,54.87,0.35,0.47,0.74,0.95,0.0,,,,,,P-63A-10
f-86f-25,39.0,,,0.5,,0.16,56.0,0.0,1.73,1.32,2.0,1.6,0.0,,,,,,F-86F-25
us_adats_bradley,37.0,20.97,0.03,0.03,0.0,0.0,760.0,50.09,0.8,0.49,0.48,0.28,7.0,0.0,1.0,1.0,0.0,0.0,ADATS
su_25tm,36.0,100.0,3.0,1.5,9.0,4.5,503.0,61.65,0.32,0.41,3.18,4.03,32.0,,,0.0,,0.0,Su-39
su_34,37.0,50.0,3.0,3.84,0.68,1.26,551.0,62.23,0.39,0.49,1.31,1.46,67.0,,,0.39,,0.68,Су-34
tempest_mk2,34.0,100.0,4.75,2.07,0.0,0.0,66.0,96.77,2.62,3.6,0.15,0.15,0.0,,,,,,Tempest_Mk_II
yak-3u,38.0,5.56,1.01,1.32,0.0,0.0,112.0,96.54,5.12,6.1,0.57,0.85,0.0,,,,,,Yak-3U
f-84b,39.0,98.75,4.42,2.49,16.67,9.47,20.0,100.0,0.0,0.79,1.0,2.29,2.0,,,,,,F-84B-26
mc-205_serie1,34.0,100.0,11.89,9.21,0.0,0.0,0.0,,,,,,0.0,,,,,,C._205_serie_1
ar_2,35.0,100.0,0.21,0.17,8.63,7.64,0.0,,,,,,0.0,,,,,,Ar-2
germ_pzkpfw_III_ausf_M,35.0,100.0,0.0,0.0,4.14,2.64,31.0,,,0.0,,1.6,0.0,,,,,,Pz.III_M
ussr_is_6,33.0,50.0,0.0,0.0,2.81,3.34,153.0,47.99,0.0,0.0,3.78,2.57,3.0,50.0,0.0,0.0,1.0,2.0,IS-6
tempest_mkv,33.0,100.0,4.0,2.25,0.0,0.0,13.0,100.0,1.0,1.0,3.31,3.31,0.0,,,,,,Tempest_Mk_V
uk_centurion_mk_3,33.0,,,0.0,,1.91,179.0,45.64,0.0,0.0,2.7,1.5,0.0,,,,,,Centurion_Mk_3
ussr_t_34_1941_l_11,38.0,100.0,0.0,0.0,5.0,2.81,116.0,5.38,0.0,0.0,2.54,0.97,0.0,,,,,,T-34_(1940)
p-47d-28,35.0,100.0,2.78,1.43,10.0,5.18,105.0,46.77,1.33,1.65,1.05,1.22,10.0,,,,,,P-47D-28
uk_centurion_mk_10,34.0,50.0,0.0,0.0,2.38,2.38,191.0,22.63,0.0,0.0,1.6,1.21,0.0,,,,,,Centurion_Mk_10
fr_lorraine_40t,36.0,0.0,0.0,0.0,4.38,1.65,394.0,70.9,0.0,0.0,2.56,2.92,7.0,0.0,0.0,0.0,1.0,1.0,Lorraine_40t
saab_a21a_3,34.0,,,1.5,,0.0,105.0,10.56,1.48,0.78,1.82,1.28,0.0,,,,,,A21A-3
ussr_btr_zd,34.0,0.0,1.21,2.2,0.19,0.4,319.0,75.59,1.17,0.66,0.95,0.52,13.0,,,,,,BTR-ZD
f9f-8,36.0,,,0.95,,0.0,271.0,55.39,0.82,0.75,0.28,0.26,0.0,,,,,,F9F-8
jp_type_5_na_to,36.0,50.0,0.0,0.0,0.5,1.98,116.0,100.0,0.0,0.0,6.19,1.96,0.0,,,,,,Na-To
germ_sdkfz_251_9,32.0,100.0,0.0,0.0,4.22,7.13,0.0,,,,,,0.0,,,,,,Sd.Kfz.251/9
sw_lvkv_90c,31.0,20.0,1.6,3.0,1.33,3.67,521.0,43.74,0.95,0.69,1.44,1.03,0.0,,,,,,Lvkv_9040C
jp_type_5_chi_ri,35.0,100.0,0.0,0.0,2.44,1.69,376.0,63.31,0.0,0.0,2.75,2.15,12.0,0.0,0.0,0.0,1.0,1.0,Chi-Ri_II
fr_amx_30_b2_brenus,36.0,100.0,0.0,0.0,2.38,1.45,206.0,63.69,0.0,0.0,2.65,1.53,0.0,,,,,,AMX-30B2_BRENUS
su-7bkl,34.0,,,0.59,,0.8,102.0,0.0,0.46,0.26,0.95,0.57,0.0,,,,,,Su-7BKL
su-7b,33.0,,,0.0,,0.36,54.0,33.33,0.3,0.27,0.21,0.16,0.0,,,,,,Su-7B
yak-38m,34.0,100.0,2.0,0.91,1.0,0.22,35.0,5.56,0.0,0.0,0.0,0.0,0.0,,,,,,Yak-38M
cn_t_62,34.0,,,,,,29.0,,,,,,0.0,,,,,,Т-62_№545
jp_type_3_chi_nu,34.0,50.0,0.0,0.0,2.32,3.89,181.0,94.14,0.0,0.0,4.09,1.4,0.0,,,,,,Chi-Nu
germ_marder_1a3,35.0,0.0,0.0,0.0,1.0,0.47,270.0,28.32,0.01,0.01,0.94,0.79,0.0,,,,,,Marder_1A3
thunderbolt_mk1,32.0,100.0,1.55,1.16,5.27,4.42,62.0,88.89,0.0,0.0,2.23,2.05,0.0,,,,,,Thunderbolt_Mk.1
f-4s,34.0,100.0,7.0,2.09,0.0,0.0,538.0,49.7,1.03,1.22,0.04,0.06,10.0,,,1.0,,0.0,F-4S_Phantom_II
ki_44_2_hei,30.0,,,5.85,,0.74,61.0,73.91,0.18,0.13,0.29,0.22,0.0,,,,,,Ki-44-II_hei
ussr_t_72b3_arena_m,30.0,50.0,0.0,0.0,1.9,1.9,766.0,42.47,0.0,0.0,1.15,0.98,0.0,,,,,,Т-72Б3А
saab_a21rb,33.0,,,1.0,,0.29,30.0,80.77,1.0,0.62,0.81,0.88,0.0,,,,,,A21RB
it_pzkpfw_IV_ausf_G,34.0,100.0,0.0,0.0,2.96,3.17,29.0,100.0,0.0,0.0,2.89,1.55,0.0,,,,,,Pz.IV_G
ki_61_1a_otsu_china,32.0,100.0,3.43,2.88,0.71,0.67,10.0,,,,,,0.0,,,,,,Ki-61-I_otsu_(China)
p-51d-20-na_j26,34.0,50.0,0.91,1.64,0.0,0.0,16.0,,,1.0,,0.0,0.0,,,,,,J26
f_14a_iriaf,31.0,96.15,5.62,5.85,0.0,0.0,303.0,60.18,2.06,1.97,0.07,0.09,24.0,,,2.0,,0.0,F-14A_IRIAF
germ_panzerjager_tiger_P_elefant,32.0,100.0,0.0,0.0,7.74,8.85,11.0,,,0.0,,2.0,0.0,,,,,,Elefant
ussr_t_28E,29.0,77.27,0.23,0.18,3.68,3.75,3.0,,,0.0,,1.0,0.0,,,,,,T-28E
uk_conqueror_mk_2,30.0,100.0,0.0,,3.0,,295.0,43.22,0.0,0.0,2.21,1.79,1.0,,,,,,Conqueror
tis_ma,34.0,100.0,1.0,0.69,4.58,3.41,70.0,65.97,0.31,0.4,6.24,8.24,118.0,69.14,0.9,0.89,4.85,4.6,TIS_MA
lagg-3-11,31.0,100.0,4.21,4.21,0.47,0.47,0.0,,,,,,0.0,,,,,,LaGG-3-11
re_2000_heja_2,29.0,100.0,3.69,3.69,0.0,0.0,20.0,100.0,3.0,3.0,0.0,0.0,0.0,,,,,,◔Héja_II
a5m4,31.0,50.0,1.0,1.38,0.0,0.0,0.0,,,,,,0.0,,,,,,A5M4
il_amx_13_75,31.0,,,0.0,,1.57,103.0,50.0,0.0,0.0,3.4,1.86,0.0,,,,,,AMX-13_(Israel)
sm_92,31.0,100.0,1.29,1.29,0.24,0.19,42.0,50.0,0.31,0.61,0.0,0.0,0.0,,,,,,SM.92
sw_stormpjas_fm43_44,30.0,,,0.0,,4.0,0.0,,,,,,0.0,,,,,,Spj_fm/43-44
il-10_1946_hungary,30.0,100.0,1.0,1.0,1.0,0.8,0.0,,,,,,0.0,,,,,,◔IL-10
f-82e,32.0,88.1,1.12,1.33,0.0,0.0,58.0,73.91,0.39,0.39,0.83,1.15,0.0,,,,,,F-82E
btd-1,29.0,50.0,0.5,0.61,0.86,1.83,19.0,92.86,0.0,0.0,4.93,5.5,0.0,,,,,,BTD-1
germ_pzkpfw_38t_Marder_III_ausf_H,31.0,18.18,0.0,0.0,2.32,2.38,38.0,0.0,0.0,0.0,1.0,0.82,0.0,,,,,,Marder_III_H
vb_10c1,33.0,22.5,2.53,2.5,0.0,0.0,35.0,100.0,1.74,2.44,0.35,1.0,0.0,,,,,,VB.10C-1
sw_sav_m43_1944,29.0,27.78,0.0,0.0,1.67,2.22,0.0,,,,,,0.0,,,,,,Sav_m/43_(1944)
jp_type_90,27.0,17.95,0.0,0.0,0.97,0.97,739.0,51.19,0.0,0.0,1.9,1.93,0.0,,,,,,Type_90
ussr_bmp_3,30.0,50.0,0.0,0.0,0.63,0.7,2008.0,51.74,0.0,0.0,1.34,1.25,24.0,100.0,0.0,0.0,1.75,1.75,BMP-3
ki_32,30.0,,,0.0,,4.8,0.0,,,,,,0.0,,,,,,Ki-32
cn_m8_greyhound,31.0,100.0,0.0,,1.45,,55.0,83.33,0.0,0.0,5.61,3.1,0.0,,,,,,M8_LAC_(China)
b_239_finland,31.0,50.0,1.0,1.42,0.0,0.0,27.0,87.5,1.75,1.75,1.75,1.75,0.0,,,,,,B-239
it_43m_turan_3,32.0,100.0,0.0,0.0,3.0,2.87,80.0,50.0,0.0,0.0,3.09,3.43,0.0,,,,,,Turan_III
spitfire_fr_mk14e_belgium,29.0,,,1.0,,0.0,8.0,,,,,,0.0,,,,,,Spitfire_FR_Mk_XIVe
mig_29_9_12,31.0,63.89,0.64,0.64,0.0,0.0,17.0,100.0,1.0,1.0,1.0,1.0,8.0,,,1.0,,0.0,МиГ-29_(9-12)
ussr_is_1_kit_3rank,30.0,100.0,0.0,0.0,1.0,1.07,85.0,33.87,0.0,0.0,0.98,0.91,0.0,,,,,,ИС-1_('45)
jp_type_95_so_ki,31.0,0.0,1.0,1.0,0.0,0.0,130.0,100.0,1.54,1.11,0.0,0.0,0.0,,,,,,So-Ki
us_m3a3_bradley,28.0,,,0.0,,1.0,594.0,42.35,0.0,0.0,0.67,0.65,0.0,,,,,,M3A3_Bradley
sw_strv_81,31.0,100.0,0.0,0.0,0.59,0.59,232.0,37.35,0.0,0.0,0.96,0.89,0.0,,,,,,Strv_81
su-2_m82,30.0,100.0,2.65,2.87,5.0,5.13,0.0,,,,,,0.0,,,,,,Su-2_(M-82)
sw_strv_m39,27.0,100.0,0.0,0.0,3.55,3.91,0.0,,,,,,0.0,,,,,,Strv_m/39
er-2_m105_mv3,29.0,100.0,0.0,0.0,6.07,6.07,6.0,,,,,,0.0,,,,,,Yer-2_(M-105)
p-39n,30.0,100.0,4.2,4.23,0.9,0.95,45.0,50.0,1.33,3.09,0.5,0.91,0.0,,,,,,P-39N-0
l_39za,30.0,,,1.3,,2.3,10.0,,,0.0,,0.1,0.0,,,,,,L-39ZA_Albatros
us_m18_hellcat_black_cat,29.0,88.1,0.11,0.3,4.04,4.3,1413.0,77.72,0.0,0.0,2.78,2.44,0.0,,,,,,"M18_""Black_Cat"""
he_112v_5,29.0,,,2.45,,0.0,0.0,,,,,,0.0,,,,,,He_112_V-5
he51b1,29.0,,,2.62,,0.0,0.0,,,,,,0.0,,,,,,He_51_B-1
yak-17,30.0,,,1.41,,0.0,8.0,,,,,,0.0,,,,,,Yak-17
uk_a_22b_mk_3_churchill_1942,28.0,,,0.0,,1.24,34.0,50.0,0.0,0.0,1.65,1.65,0.0,,,,,,Churchill_III
germ_flakpanzer_V_Coelian,28.0,,,0.0,,3.85,501.0,58.26,0.75,0.43,3.46,2.01,0.0,,,,,,Flakpanzer_341
il_merkava_mk_1b,26.0,50.0,0.0,0.0,2.25,2.31,167.0,44.83,0.0,0.0,2.49,1.99,0.0,,,,,,Merkava_Mk.1B
us_t86,29.0,,,0.0,,2.61,84.0,87.5,0.0,0.0,2.2,1.83,0.0,,,,,,T86
sw_cv_90105,26.0,50.0,0.0,0.0,1.94,2.11,392.0,50.09,0.0,0.0,1.66,1.44,0.0,,,,,,CV_90105_TML
mosquito_fb_mk6_norway,30.0,50.0,1.45,1.88,0.41,0.31,49.0,52.47,0.16,0.3,1.61,2.72,0.0,,,,,,◢Mosquito_FB.Mk.VI
ussr_btr_152d,29.0,100.0,0.4,,0.0,,207.0,9.84,0.8,0.44,0.0,0.0,0.0,,,,,,BTR-152D
sw_ikv_73,29.0,100.0,0.0,0.0,5.0,4.73,8.0,,,0.0,,1.0,0.0,,,,,,Ikv_73
p-47n-15,27.0,66.67,1.21,1.75,2.53,3.44,4.0,0.0,1.0,1.0,1.0,1.0,0.0,,,,,,P-47N-15
uk_a25_mk_8,27.0,,,0.0,,1.19,9.0,50.0,0.0,0.0,1.5,3.0,0.0,,,,,,Harry_Hopkins_I
p-51d-5,29.0,50.0,0.5,0.88,0.5,0.8,34.0,37.5,0.0,0.0,0.0,0.0,0.0,,,,,,P-51D-5
us_m60a3_tts,27.0,47.83,0.0,0.0,0.52,1.0,527.0,44.12,0.0,0.0,1.98,1.21,0.0,,,,,,M60A3_TTS
saab_jas39c_south_africa,26.0,100.0,5.32,5.32,0.0,0.0,310.0,47.73,1.05,1.18,0.04,0.04,0.0,,,,,,JAS39C
germ_pzkpfw_Maus,29.0,61.11,0.0,0.0,5.5,13.42,1061.0,47.62,0.0,0.0,4.83,4.06,0.0,,,,,,Maus
f-80a,32.0,98.53,1.96,1.98,4.19,4.25,13.0,,,1.33,,0.67,0.0,,,,,,F-80A-5
uk_a_13_mk2_1939,28.0,100.0,0.0,0.0,11.0,11.0,0.0,,,,,,0.0,,,,,,A13_Mk_II_1939
pe-2-110,27.0,100.0,1.0,0.04,4.0,2.58,0.0,,,,,,0.0,,,,,,Pe-2-110
su_25k,27.0,0.0,1.0,1.0,3.0,2.47,498.0,61.81,0.61,0.52,2.42,2.04,9.0,,,0.0,,0.0,Su-25K
la-7b-20,27.0,100.0,4.35,5.67,2.1,0.33,48.0,50.0,1.05,1.05,0.97,0.98,0.0,,,,,,La-7B-20
fw-190a-1,26.0,85.29,5.79,7.12,1.47,1.76,7.0,50.0,0.5,1.0,0.5,1.0,0.0,,,,,,Fw_190_A-1
bf-109g-2,29.0,57.67,2.09,2.09,0.41,0.41,33.0,100.0,1.38,,0.63,,0.0,,,,,,Bf_109_G-2/trop
fr_arl_44,27.0,100.0,0.0,0.0,1.52,1.52,228.0,57.53,0.0,0.0,2.84,1.95,0.0,,,,,,ARL-44
fr_m36b2_cefeo,27.0,100.0,0.0,0.0,2.56,2.56,93.0,47.31,0.0,0.0,1.87,2.08,0.0,,,,,,M36B2
me-410a-1_u2,27.0,100.0,1.0,1.48,0.0,0.0,0.0,,,,,,0.0,,,,,,Me_410_A-1/U2
mig_3_series_34,27.0,100.0,2.86,3.0,1.0,0.22,0.0,,,,,,0.0,,,,,,MiG-3-34
us_rdf_lt,26.0,50.0,0.0,0.0,1.25,0.23,1518.0,59.15,0.05,0.04,1.41,1.29,0.0,,,,,,RDF/LT
su_27,29.0,50.0,1.0,1.0,0.0,0.0,123.0,30.42,2.03,1.93,0.06,0.08,0.0,,,,,,Su-27
fw-190f-8,28.0,0.0,1.0,1.67,0.0,0.0,232.0,56.38,1.0,1.2,1.17,1.4,0.0,,,,,,Fw_190_F-8
germ_pzkpfw_38t_ausf_F,26.0,,,,,,0.0,,,,,,0.0,,,,,,Pz.38(t)_F
cr_32,27.0,,,1.9,,1.9,0.0,,,,,,0.0,,,,,,CR.32
su-2_mv5,27.0,100.0,1.08,1.0,4.04,3.96,16.0,,,,,,0.0,,,,,,Su-2_MV-5
jp_type_94,26.0,,,,,,19.0,,,,,,0.0,,,,,,Type_94
uk_challenger_2_dorchester,23.0,50.0,0.0,0.0,3.5,2.82,315.0,44.35,0.0,0.0,0.95,1.02,0.0,,,,,,Challenger_2_(2F)
jp_type_4_ho_ro,26.0,,,,,,12.0,,,0.0,,0.0,0.0,,,,,,Ho-Ro
pe-3_early,26.0,100.0,1.04,1.04,2.57,2.5,0.0,,,,,,0.0,,,,,,Pe-3_(e)
jp_type_90b,23.0,50.0,0.0,0.0,3.17,3.17,645.0,54.04,0.0,0.0,1.78,1.78,0.0,,,,,,Type_90_(B)
su_25,27.0,100.0,1.44,1.11,1.39,1.03,364.0,46.51,0.82,0.83,1.61,1.6,0.0,,,,,,Su-25
il_centurion_shot_kal_d,24.0,100.0,0.0,0.0,3.0,2.64,144.0,50.0,0.0,0.0,1.77,1.39,0.0,,,,,,Sho't_Kal_Dalet
jp_type_81_tansam,24.0,42.31,1.23,1.92,0.0,0.0,66.0,0.0,1.0,1.0,0.0,0.0,0.0,,,,,,Type_81_(C)
cn_type_64,27.0,0.0,0.0,0.0,3.86,2.39,34.0,41.11,0.0,0.0,4.38,4.66,0.0,,,,,,M64
a6m3_mod22_zero,24.0,100.0,4.92,2.85,0.0,0.0,140.0,62.72,1.58,2.15,0.28,0.35,0.0,,,,,,A6M3_mod._22
fa_18a_raaf,25.0,100.0,2.0,1.6,0.0,0.0,56.0,0.0,1.4,1.26,0.0,0.0,16.0,,,,,,F/A-18A
fr_m3a3_stuart,25.0,100.0,0.0,0.0,2.0,2.0,34.0,11.54,0.0,0.0,2.54,2.23,0.0,,,,,,M3A3_Stuart
fr_vcac_mephisto,25.0,50.0,0.0,0.0,1.0,1.0,219.0,46.71,0.0,0.0,2.0,1.74,0.0,,,,,,MEPHISTO
f8f1b,27.0,100.0,1.8,1.38,0.0,0.0,837.0,77.85,0.8,0.74,2.34,2.14,0.0,,,,,,F8F-1B
sea_harrier_fa2,25.0,,,1.0,,0.0,78.0,50.0,0.0,0.0,0.0,0.0,0.0,,,,,,Sea_Harrier_FA_2
it_freccia,26.0,100.0,0.0,0.0,1.0,1.0,39.0,88.46,0.0,0.0,1.45,1.31,8.0,,,0.0,,1.0,Freccia
he_112b_0,25.0,,,1.6,,0.04,18.0,,,,,,0.0,,,,,,He_112_B-0
mig_27m,29.0,39.39,0.81,1.36,0.0,0.0,85.0,43.33,0.98,0.93,1.55,1.45,21.0,,,0.0,,1.0,MiG-27M
mb_157,27.0,8.82,1.29,1.44,0.0,0.0,83.0,76.25,2.54,7.17,0.52,1.26,0.0,,,,,,M.B.157
cn_m48a1_patton_III,24.0,50.0,0.0,0.0,0.58,0.58,64.0,37.5,0.0,0.0,1.04,0.67,0.0,,,,,,M48A1_(China)
it_m36b1,25.0,100.0,0.0,0.0,3.0,0.92,42.0,95.0,0.0,0.0,1.86,1.94,0.0,,,,,,M36B1
jp_type_90b_sm,24.0,42.31,0.0,0.0,0.58,0.58,605.0,49.33,0.0,0.0,2.11,1.81,0.0,,,,,,◍Type_90_(B)
us_m8a1,25.0,100.0,0.0,0.0,9.0,9.0,28.0,,,0.0,,3.0,0.0,,,,,,M8A1_GMC
j1n1_mod11_early,25.0,100.0,1.57,1.6,2.0,2.0,20.0,100.0,0.0,0.0,0.0,0.0,0.0,,,,,,J1N1
germ_pzkpfw_III_ausf_B,25.0,100.0,0.0,,2.72,,23.0,100.0,0.0,0.0,3.0,0.88,0.0,,,,,,Pz.III_B
fokker_d23,26.0,,,2.5,,0.0,0.0,,,,,,0.0,,,,,,◗Fokker_D.XXIII
f-84g_thailand,26.0,,,,,,40.0,86.02,0.14,0.26,1.02,1.23,0.0,,,,,,F-84G-21-RE
sw_leopard_1a5no,25.0,100.0,0.0,0.0,2.48,2.48,578.0,46.84,0.0,0.0,1.63,1.51,0.0,,,,,,Leopard_1A5NO2
il_tiran_6,27.0,50.0,0.0,0.0,1.46,2.93,66.0,70.18,0.0,0.0,2.91,2.89,0.0,,,,,,Tiran_6
germ_leopard_2a4m_can,25.0,,,,,,2056.0,42.35,0.0,0.0,1.55,1.22,0.0,,,,,,Leopard_2A4M
me-410b-1_u2,26.0,92.11,0.92,0.77,0.42,0.48,0.0,,,,,,0.0,,,,,,Me_410_B-1/U2
p-47d_23_ra_china_rocaf,24.0,,,1.63,,0.0,13.0,100.0,1.0,1.86,2.14,3.86,0.0,,,,,,P-47D-23-RA_(China)
cn_m55,24.0,0.0,0.0,0.0,1.67,1.67,13.0,,,,,,0.0,,,,,,M55_(China)
germ_sdkfz_234_2,25.0,100.0,0.0,0.0,1.4,1.4,893.0,43.44,0.0,0.0,1.15,0.97,0.0,,,,,,Sd.Kfz.234/2
ki_100_2,26.0,,,0.23,,0.0,81.0,59.72,0.42,0.48,1.63,1.68,0.0,,,,,,Ki-100-II
ussr_t_28,23.0,100.0,0.0,,11.0,,5.0,,,,,,0.0,,,,,,T-28
jp_type_3_ho_ni_I,23.0,100.0,0.0,0.0,2.76,6.0,39.0,100.0,0.0,0.0,2.44,2.3,0.0,,,,,,Ho-Ni_I
uk_a_22_mk_1_churchill_1941,24.0,100.0,1.0,1.0,1.0,1.0,0.0,,,,,,0.0,,,,,,Churchill_I
sw_strv_m38,22.0,100.0,0.0,0.0,2.05,5.0,0.0,,,,,,0.0,,,,,,Strv_m/38
wm_23,23.0,100.0,3.0,3.0,0.0,0.0,0.0,,,,,,0.0,,,,,,◔WM-23
cn_t_26_1940,24.0,100.0,0.45,,6.18,,23.0,,,0.0,,0.0,0.0,,,,,,T-26_(China)
cn_m10,26.0,100.0,0.0,0.0,4.62,4.14,44.0,100.0,0.0,0.0,2.0,1.1,0.0,,,,,,M10_GMC_(China)
f-4jk,25.0,100.0,2.0,1.88,0.0,0.0,30.0,43.75,0.94,0.69,0.0,0.0,0.0,,,,,,F-4J(UK)_Phantom_II
germ_9a35_m,24.0,0.0,2.0,1.63,0.0,0.0,34.0,0.0,1.0,0.82,0.0,0.0,0.0,,,,,,Стрела-10М
cn_oplot_t,20.0,42.86,0.0,0.0,1.57,1.4,299.0,75.49,0.0,0.0,3.39,1.67,3.0,,,0.0,,1.0,Oplot-M
cn_is_2_1943,26.0,43.75,0.0,0.0,2.38,2.38,62.0,72.22,0.0,0.0,1.84,1.08,0.0,,,,,,IS-2_(China)
germ_marder_df_105,27.0,43.33,0.0,0.0,2.13,2.13,269.0,28.25,0.0,0.0,1.67,1.35,44.0,84.13,0.0,0.0,3.73,4.21,DF105
sm_79_1943_italy,23.0,100.0,0.0,0.0,1.0,1.0,0.0,,,,,,0.0,,,,,,S.M.79_bis/T.M
it_breda_52_autocannone,24.0,,,0.0,,4.17,112.0,55.11,0.0,0.0,2.54,2.2,0.0,,,,,,Breda_90/53
ju-87d-3_italy,23.0,,,,,,0.0,,,,,,0.0,,,,,,Ju_87_D-3
p-38e,22.0,50.0,1.0,2.0,0.0,0.0,0.0,,,,,,0.0,,,,,,P-38E
ussr_object_120,24.0,,,0.0,,1.75,52.0,,,0.0,,2.18,8.0,,,,,,Object_120
er-2_m105r_lu2b,24.0,100.0,0.0,0.0,4.0,2.0,0.0,,,,,,0.0,,,,,,Yer-2_(M-105R)_LU
ki_61_1a_otsu,24.0,,,1.3,,0.2,15.0,,,,,,12.0,,,0.0,,1.0,Ki-61-I_otsu
it_m18_hellcat,24.0,100.0,0.0,0.0,2.0,1.33,213.0,60.75,0.0,0.0,2.46,2.27,0.0,,,,,,M18
p-400,24.0,,,2.79,,0.0,22.0,0.0,0.0,0.0,2.7,1.4,0.0,,,,,,P-400
germ_leopard_2a4,24.0,100.0,0.0,0.0,3.0,1.33,1295.0,46.97,0.0,0.0,1.59,1.34,14.0,50.0,0.0,0.0,0.69,1.64,Leopard_2A4
sw_lago_1,23.0,100.0,0.0,,1.3,,34.0,50.0,0.0,0.0,1.5,1.5,0.0,,,,,,Lago_I
germ_wiesel_1_mk20,23.0,78.13,0.44,0.44,0.0,0.0,904.0,39.01,0.23,0.17,0.75,0.57,0.0,,,,,,Wiesel_1A4
tornado_f3,25.0,100.0,0.84,0.84,0.0,0.0,23.0,50.0,1.5,1.5,0.0,0.0,21.0,,,1.0,,0.0,Tornado_F.3
us_m42_duster,25.0,,,,,,433.0,49.81,0.33,0.28,1.05,0.89,0.0,,,,,,M42
fr_arl_44_acl1,23.0,,,0.0,,0.0,48.0,,,0.0,,2.11,0.0,,,,,,ARL-44_(ACL-1)
cn_ztz_96a_prot,23.0,,,0.0,,1.0,382.0,58.15,0.0,0.0,2.83,1.7,23.0,100.0,0.0,0.0,1.67,1.0,ZTZ96A_(P)
jp_type_89b_i_go_otsu,21.0,100.0,0.0,0.0,4.71,9.0,0.0,,,,,,0.0,,,,,,I-Go_Ko
uk_t_90s_bheeshma,22.0,100.0,0.0,0.0,4.43,4.43,114.0,93.33,0.0,0.0,6.8,2.91,0.0,,,,,,Bhishma_TWMP
b7a2,25.0,50.0,1.0,2.0,1.0,2.0,4.0,100.0,4.0,,4.0,,0.0,,,,,,B7A2
tandem_mai,22.0,100.0,1.0,1.0,3.23,3.5,0.0,,,,,,0.0,,,,,,Tandem_MAI
sw_pvkv_iv,22.0,,,0.0,,1.0,27.0,,,0.0,,0.71,0.0,,,,,,Pvkv_IV
il_magach_6b_gal_batash,24.0,0.0,0.0,0.0,2.0,1.27,35.0,50.0,0.0,0.0,2.9,1.86,0.0,,,,,,Gal_Batash
sw_strv_104,23.0,,,0.0,,1.0,274.0,47.56,0.0,0.0,2.57,1.78,0.0,,,,,,Strv_104
p-40e,24.0,,,1.96,,0.0,31.0,0.0,2.0,1.05,1.0,0.68,0.0,,,,,,P-40E-1
ussr_su_152,25.0,100.0,0.0,,5.67,,198.0,37.5,0.0,0.0,1.33,1.34,0.0,,,,,,SU-152
vb_10_02,24.0,0.0,1.0,1.13,0.18,0.13,15.0,,,,,,0.0,,,,,,VB.10-02
fr_m4a3_105_sherman,22.0,100.0,0.0,0.0,1.0,1.0,46.0,,,0.0,,1.58,0.0,,,,,,M4A3_(105)
sw_strv_m42_eh,22.0,50.0,0.0,0.0,1.0,2.0,28.0,0.0,0.0,0.0,1.67,0.57,0.0,,,,,,Strv_m/42_EH
fr_amx_30_b2,24.0,100.0,0.0,0.0,1.32,1.3,149.0,69.36,0.0,0.0,2.48,1.85,3.0,,,,,,AMX-30B2
mig-19s,24.0,,,0.0,,0.0,0.0,,,,,,0.0,,,,,,◊MiG-19S
cn_type_63_I,22.0,100.0,0.0,0.0,1.95,1.95,71.0,30.0,0.0,0.0,0.9,0.47,0.0,,,,,,Type_63-I
fr_amx_10rc,22.0,,,0.0,,1.0,149.0,52.1,0.0,0.0,2.12,1.62,0.0,,,,,,AMX-10RC
ussr_t_72b3_arena,24.0,,,0.0,,0.77,648.0,48.44,0.0,0.0,1.85,1.48,12.0,100.0,0.0,0.0,2.58,2.58,"Т-72Б3_""Арена"""
l_39za_art_thailand,23.0,,,2.0,,0.17,1400.0,79.7,0.25,0.31,4.38,5.31,0.0,,,,,,L-39ZA/ART_Albatros
ussr_rbt_5,20.0,100.0,0.0,0.0,6.0,6.0,7.0,,,,,,0.0,,,,,,RBT-5
us_halftrack_m15,22.0,,,0.0,,1.0,0.0,,,,,,0.0,,,,,,M15_CGMC
a6m5hei,21.0,,,1.0,,0.0,0.0,,,,,,0.0,,,,,,A6M5_Hei
it_stug_III_ausf_G,23.0,100.0,0.0,0.0,1.0,1.0,38.0,100.0,0.0,0.0,2.0,1.0,0.0,,,,,,StuG_III_G
f2a-3,22.0,,,1.0,,0.0,0.0,,,,,,0.0,,,,,,F2A-3
ussr_t_60_1941,21.0,100.0,0.0,0.0,1.0,1.0,1.0,,,,,,0.0,,,,,,T-60
ussr_asu_57,23.0,,,0.0,,1.0,187.0,58.97,0.0,0.0,2.31,0.92,0.0,,,,,,ASU-57
uk_9a35_m,21.0,0.0,3.67,,2.67,,14.0,,,,,,0.0,,,,,,Стрела-10М
av_8b_na,18.0,50.0,1.0,0.7,6.0,4.0,599.0,63.01,0.26,0.35,1.47,1.77,53.0,100.0,1.0,0.25,13.33,5.5,AV-8B_(NA)
uk_challenger_II,18.0,66.67,0.0,0.0,2.5,3.75,739.0,51.75,0.0,0.0,1.78,1.65,27.0,,,0.0,,0.0,uk_challenger_ii_shop
il_merkava_mk_4_lic,21.0,0.0,0.0,0.0,3.0,3.0,100.0,63.72,0.0,0.0,2.36,2.04,0.0,,,,,,Merkava_Mk.4_LIC
it_semovente_m43_105_leoncello,22.0,100.0,0.0,0.0,3.0,2.91,0.0,,,,,,0.0,,,,,,"M43_""G.C.Leoncello"""
uk_sarc_mk4_a,22.0,,,,,,0.0,,,,,,0.0,,,,,,SARC_MkIVa
uk_daimler_mk_2,22.0,,,0.0,,3.41,28.0,,,0.0,,0.81,0.0,,,,,,Daimler_Mk_II
uk_m3_stuart,22.0,,,,,,0.0,,,,,,0.0,,,,,,Stuart_I
yak-3p,21.0,100.0,3.47,3.33,0.0,0.0,117.0,71.51,6.27,7.15,2.95,3.56,33.0,,,1.87,,0.0,Yak-3P
mig_23mld,21.0,,,2.06,,0.0,124.0,65.33,2.35,5.99,0.03,0.03,66.0,0.0,8.13,3.37,0.0,0.0,MiG-23MLD
it_leopard_1a5,21.0,100.0,0.0,0.0,3.29,3.29,70.0,100.0,0.0,0.0,2.16,2.05,5.0,,,0.0,,1.0,Leopard_1A5
fr_amd_35_kwk39,21.0,,,0.0,,1.0,59.0,100.0,0.0,0.0,3.4,2.62,0.0,,,,,,AMD.35_(PaK)
uk_crusader_mk_2,22.0,,,0.0,,4.14,23.0,,,,,,0.0,,,,,,Crusader_II
pe-8_m82,22.0,100.0,0.0,0.0,2.0,1.5,3.0,,,,,,0.0,,,,,,Pe-8
bf-109g-6,22.0,66.67,1.3,1.18,0.3,0.18,35.0,100.0,2.21,4.68,0.0,0.5,0.0,,,,,,Bf_109_G-6
mig_29_9_13,24.0,35.71,1.77,2.13,0.21,0.21,31.0,76.67,1.47,1.6,0.77,0.87,0.0,,,,,,MiG-29
fr_crusader_mk_2,21.0,50.0,0.0,0.0,1.0,1.38,11.0,,,0.0,,3.36,0.0,,,,,,Crusader_Mk.II
spitfire_ix,22.0,100.0,3.5,3.5,0.0,0.0,28.0,50.0,0.63,1.25,0.13,0.25,24.0,0.0,5.5,2.3,0.0,0.0,Spitfire_LF_Mk_IX
fr_amx_50,19.0,100.0,0.0,0.0,1.86,1.86,264.0,87.99,0.0,0.0,6.25,4.43,12.0,50.0,0.0,0.0,1.0,2.0,AMX-50_(TOA100)
it_of_40_mk_1,20.0,0.0,0.0,0.0,1.0,1.0,212.0,74.89,0.0,0.0,4.02,2.64,0.0,,,,,,OF-40
p-51c-10-nt,22.0,,,,,,69.0,25.81,1.45,1.4,0.4,0.38,0.0,,,,,,P-51C-10
f-4k,22.0,,,1.0,,0.0,0.0,,,,,,0.0,,,,,,Phantom_FG.1
ussr_bmp_2,22.0,100.0,0.0,0.0,0.0,0.0,792.0,48.5,0.0,0.0,1.22,0.89,16.0,100.0,0.0,0.0,1.0,1.0,BMP-2
cn_pgz_88,21.0,,,,,,253.0,65.19,0.66,0.42,2.35,1.52,0.0,,,,,,PGZ88
ussr_t_35,19.0,,,,,,0.0,,,,,,0.0,,,,,,T-35
ki_43_2,21.0,,,,,,6.0,100.0,0.0,0.0,1.83,1.83,0.0,,,,,,Ki-43-II
f-4j,25.0,50.0,2.5,3.3,0.3,0.3,97.0,62.9,1.58,1.48,0.03,0.03,0.0,,,,,,F-4J_Phantom_II
a-26b_10,21.0,100.0,0.0,0.0,4.67,3.9,0.0,,,,,,0.0,,,,,,A-26B-10
cn_type_62,21.0,,,0.0,,1.43,146.0,55.81,0.0,0.0,1.54,1.11,6.0,,,0.0,,1.0,Type_62
saab_j21a_1,20.0,,,1.0,,0.0,34.0,,,1.0,,0.11,0.0,,,,,,J21A-1
sw_t_55m,18.0,50.0,0.0,0.0,1.0,2.0,396.0,58.38,0.0,0.0,1.48,1.61,0.0,,,,,,T-55M
jp_type_16,22.0,85.29,0.0,0.0,1.85,1.85,235.0,58.87,0.0,0.0,1.93,1.73,0.0,,,,,,Type_16
germ_pz_IV_L70,22.0,100.0,0.0,,2.14,,325.0,23.63,0.0,0.0,2.36,1.92,0.0,,,,,,Panzer_IV/70(V)
mig-21_f13,21.0,,,1.0,,0.0,20.0,,,0.0,,0.0,0.0,,,,,,MiG-21F-13
it_fiat_6616_cockerill,19.0,50.0,0.0,0.0,1.0,1.21,261.0,53.0,0.0,0.0,1.23,0.95,0.0,,,,,,AUBL/74
uk_challenger_mk_3,19.0,100.0,0.0,0.0,3.14,3.14,133.0,63.48,0.0,0.0,2.99,2.93,0.0,,,,,,Challenger_Mk.3
hurricane_mk1_late_finland,22.0,50.0,1.0,1.0,0.0,0.0,0.0,,,,,,0.0,,,,,,Hurricane_Mk_I/L
p-47d_22_re,20.0,100.0,2.0,1.0,5.0,2.5,29.0,100.0,0.35,0.35,0.17,0.17,0.0,,,,,,P-47D-22-RE
ussr_object_685,21.0,,,0.0,,0.0,404.0,51.88,0.0,0.0,1.89,1.89,0.0,,,,,,Object_685
us_m4a1_1942_sherman,20.0,100.0,0.0,0.0,2.0,0.75,50.0,90.48,0.0,0.0,1.95,1.24,0.0,,,,,,M4A1
saab_jas39d,21.0,,,1.56,,0.0,141.0,65.33,1.5,0.75,0.26,0.07,13.0,,,1.0,,0.0,JAS39D
germ_pzkpfw_e_100,19.0,100.0,0.0,0.0,6.83,6.0,15.0,100.0,0.0,0.0,8.0,8.0,0.0,,,,,,E-100
b-29,21.0,98.33,0.02,0.03,7.32,7.43,0.0,,,,,,0.0,,,,,,B-29A-BN
i-153_m62_zhukovskiy,19.0,100.0,3.27,3.38,0.15,0.08,0.0,,,,,,0.0,,,,,,Zhukovsky's_I-153-M62
he_100d_1,19.0,,,,,,0.0,,,,,,0.0,,,,,,He_100_D-1
germ_nbfz_VI,17.0,,,0.0,,4.0,0.0,,,,,,0.0,,,,,,Nb.Fz.
uk_sp_17_pdr_valentine,19.0,50.0,0.5,1.0,0.5,1.0,0.0,,,,,,0.0,,,,,,Archer
f-5c,18.0,,,,,,203.0,42.53,0.93,1.0,0.33,0.32,0.0,,,,,,F-5C
bf-109b_2,19.0,,,2.05,,0.0,0.0,,,,,,0.0,,,,,,Bf_109_B-1
ussr_t_80,18.0,54.55,0.0,0.0,1.64,2.14,14.0,0.0,0.0,0.0,1.0,1.0,0.0,,,,,,T-80
mig_29smt_9_19,18.0,53.33,3.73,3.5,0.0,0.0,161.0,64.75,1.69,1.68,0.33,0.33,0.0,,,,,,MiG-29SMT
gladiator_j8a,18.0,,,1.0,,0.0,0.0,,,,,,0.0,,,,,,J8A
uk_centurion_mk_1,18.0,100.0,0.0,0.0,3.23,3.23,317.0,47.41,0.0,0.0,2.12,1.7,0.0,,,,,,Centurion_Mk_1
us_m4a3e2_sherman_jumbo,18.0,100.0,0.0,0.0,0.0,0.0,412.0,64.24,0.0,0.0,3.03,2.63,0.0,,,,,,M4A3E2
germ_vilkas,20.0,50.0,0.0,0.0,0.78,1.55,174.0,53.92,0.08,0.07,0.84,0.75,0.0,,,,,,Vilkas
mig-17,19.0,,,,,,187.0,72.22,2.17,2.02,1.52,1.49,0.0,,,,,,MiG-17
sw_leopard_2a4_fin,20.0,50.0,0.0,0.0,1.0,2.0,503.0,47.34,0.0,0.0,1.38,1.35,0.0,,,,,,Leopard_2A4
uk_crusader_mk_3,20.0,,,0.0,,2.2,88.0,64.88,0.0,0.0,3.3,2.26,0.0,,,,,,Crusader_III
f9f-2,20.0,,,0.0,,1.0,64.0,25.0,0.75,0.51,1.0,0.18,0.0,,,,,,F9F-2
fr_amx_32,18.0,26.92,0.0,0.0,1.85,2.08,398.0,55.98,0.0,0.0,2.64,2.77,0.0,,,,,,AMX-32
mosquito_j30_sweden,19.0,,,1.0,,0.0,48.0,63.16,0.84,0.76,1.37,0.89,0.0,,,,,,Mosquito_J30
sw_strv_121,20.0,50.0,0.0,0.0,0.85,1.7,802.0,48.09,0.0,0.0,1.56,1.48,0.0,,,,,,Strv_121
av_8b_plus,18.0,0.0,1.0,1.0,0.0,0.0,4.0,50.0,0.0,0.0,0.5,1.0,1.0,,,1.0,,0.0,AV-8B_Plus
me-410b-2_u4,20.0,35.0,0.65,1.0,0.0,0.0,0.0,,,,,,0.0,,,,,,Me_410_B-2/U4
ussr_2s25,17.0,,,0.0,,0.85,1084.0,58.05,0.0,0.0,1.57,1.41,0.0,,,,,,2S25
fr_amx_30_ACRA,18.0,,,0.0,,1.0,29.0,31.25,0.0,0.0,1.69,0.61,0.0,,,,,,AMX-30_ACRA
mig-21_smt,19.0,100.0,1.0,1.0,0.0,0.0,133.0,86.02,4.65,5.44,0.56,0.62,0.0,,,,,,MiG-21SMT
saab_t18b_2,19.0,,,0.16,,0.37,0.0,,,,,,0.0,,,,,,T18B_(57)
ussr_t_34_85_zis_53_kit_3rank,18.0,100.0,0.0,0.0,5.4,5.4,132.0,31.72,0.0,0.0,1.65,1.61,0.0,,,,,,Т-34-85_('45)
b5n2,18.0,100.0,0.0,0.0,7.2,7.5,21.0,,,,,,0.0,,,,,,B5N2
hurricanemkii,19.0,100.0,5.07,,2.0,,21.0,,,,,,0.0,,,,,,Hurricane_Mk_IIB/Trop
bf-110f-2,16.0,100.0,6.0,6.0,0.0,0.0,0.0,,,,,,0.0,,,,,,Bf_110_F-2
it_semovente_m42_75_34,16.0,50.0,0.0,0.0,2.07,3.89,0.0,,,,,,0.0,,,,,,75/34_M42
a-20g,17.0,100.0,1.0,0.73,4.91,4.73,10.0,50.0,1.5,1.5,9.5,9.5,0.0,,,,,,A-20G-25
us_t32e1,20.0,50.0,0.0,0.0,3.0,3.0,123.0,49.46,0.0,0.0,1.75,1.56,0.0,,,,,,T32E1
lagg-3-66,18.0,100.0,6.0,6.0,4.0,4.0,0.0,,,,,,0.0,,,,,,LaGG-3-66
ussr_object_292,16.0,100.0,0.0,0.0,4.2,4.2,768.0,53.01,0.0,0.0,3.0,2.34,0.0,,,,,,Object_292
jp_type_93,19.0,100.0,1.42,1.0,1.0,1.0,176.0,46.1,0.9,0.89,0.0,0.0,0.0,,,,,,Type_93
lagg-3-23,18.0,100.0,2.0,2.0,1.0,1.0,13.0,,,1.0,,0.0,0.0,,,,,,LaGG-3-23
cn_wz_305,18.0,,,3.0,,1.0,322.0,62.22,0.58,0.61,1.43,1.52,20.0,0.0,0.0,0.0,1.0,1.47,WZ305
us_m103,20.0,50.0,0.0,0.0,1.5,3.0,249.0,49.59,0.0,0.0,2.06,1.35,0.0,,,,,,M103
sb_2m_105,18.0,100.0,0.0,0.0,3.0,2.63,0.0,,,,,,0.0,,,,,,SB_2M-105
a6m3_zero,17.0,,,3.0,,0.0,90.0,43.49,1.52,1.64,1.41,1.47,0.0,,,,,,A6M3
us_xm_8,18.0,100.0,0.0,0.0,3.0,2.83,17.0,100.0,0.0,0.0,4.83,2.42,0.0,,,,,,XM8
germ_sturmmorser_sturmtiger,19.0,,,0.0,,1.0,39.0,100.0,0.0,0.0,3.0,1.87,0.0,,,,,,38_cm_Sturmmörser
us_m48a1_patton_III,20.0,50.0,0.0,0.0,1.5,1.5,193.0,50.83,0.0,0.0,1.02,1.11,0.0,,,,,,M48A1
fr_leopard_1a5be,19.0,,,0.0,,2.0,93.0,63.34,0.0,0.0,2.66,2.23,0.0,,,,,,Leopard_1A5BE
sw_strf_9056,18.0,,,0.0,,1.0,175.0,43.33,0.14,0.08,1.26,0.96,0.0,,,,,,Strf_9040_BILL
firebrand_tf4,17.0,,,1.17,,1.46,49.0,100.0,0.0,0.0,2.0,0.72,0.0,,,,,,Firebrand_TF_Mk_IV
b_24d,17.0,50.0,0.0,0.0,1.0,1.0,0.0,,,,,,0.0,,,,,,B-24D-25-CO
p-51_a-36,17.0,,,4.11,,1.22,57.0,18.42,0.66,0.68,3.11,3.63,0.0,,,,,,A-36
p-38l_1_china_rocaf,18.0,,,1.22,,0.0,54.0,97.44,4.54,6.0,0.02,1.0,0.0,,,,,,P-38L-1_(China)
n1k1_ja,18.0,,,,,,7.0,,,,,,0.0,,,,,,N1K1-Ja
fr_leclerc_s1,20.0,50.0,0.0,0.0,1.0,1.0,247.0,52.52,0.0,0.0,2.91,2.23,0.0,,,,,,Leclerc
la-9_china,17.0,,,2.0,,0.0,5.0,,,,,,0.0,,,,,,La-9_(China)
me-262a-1a_u4,18.0,66.67,0.63,0.63,2.3,2.3,650.0,52.46,0.24,0.34,1.78,2.42,0.0,,,,,,Me_262_A-1/U4
cn_cm_25,18.0,,,,,,32.0,50.0,0.0,0.0,0.0,0.0,0.0,,,,,,CM25
it_sherman_vc_firefly,17.0,100.0,0.0,0.0,1.0,1.0,9.0,,,0.0,,1.0,0.0,,,,,,Sherman_Vc
f-80,19.0,,,,,,13.0,,,,,,0.0,,,,,,F-80C-10
ussr_2s19_m1,20.0,56.41,0.0,0.0,0.65,1.38,165.0,45.13,0.02,0.02,0.68,0.71,0.0,,,,,,2С19М1
fr_somua_s35,17.0,,,0.0,,3.0,12.0,,,0.0,,1.0,0.0,,,,,,S.35
il_2_37_1943,16.0,,,1.0,,1.0,0.0,,,,,,0.0,,,,,,IL-2-37
p-40f-5_france_ep,17.0,,,2.06,,0.53,0.0,,,,,,0.0,,,,,,P-40F-5_Lafayette
uk_a_13_mk2,16.0,50.0,0.0,0.0,3.28,6.56,46.0,100.0,0.0,0.0,3.86,1.23,0.0,,,,,,A13_Mk_II
jp_type_97_chi_ha_12cm,18.0,100.0,0.0,,11.0,,28.0,100.0,0.0,0.0,2.84,2.84,0.0,,,,,,Chi-Ha_Short_Gun
ki_10_1,16.0,,,,,,0.0,,,,,,0.0,,,,,,Ki-10-I
cn_ptz_89,19.0,50.0,0.0,0.0,1.5,2.75,77.0,100.0,0.0,0.0,5.82,3.47,0.0,,,,,,PTZ89
ussr_su_122,17.0,100.0,0.0,0.0,1.44,1.71,40.0,0.0,0.0,0.0,1.39,0.89,0.0,,,,,,SU-122
ms_410c1,17.0,,,,,,0.0,,,,,,0.0,,,,,,M.S.410
f4f-3,17.0,,,2.09,,0.0,8.0,,,1.0,,0.0,0.0,,,,,,F4F-3
il_merkava_mk_1,20.0,50.0,0.0,0.0,2.0,2.0,73.0,45.24,0.0,0.0,2.76,2.12,0.0,,,,,,Merkava_Mk.1
cn_type_97_kai,18.0,,,0.0,,1.5,0.0,,,,,,0.0,,,,,,Chi-Ha_Kai_(China)
p-47d,17.0,14.71,0.97,1.0,1.41,1.47,60.0,64.82,0.2,0.21,0.56,0.62,0.0,,,,,,P-47D-25
jp_type_10_prototype,16.0,,,0.0,,1.0,635.0,55.6,0.0,0.0,2.02,1.7,0.0,,,,,,TKX_(P)
ussr_zsu_23_4m2,16.0,100.0,1.0,1.0,0.0,0.0,55.0,4.03,0.9,0.97,0.03,0.03,0.0,,,,,,ЗСУ-23-4М2
re_2002_early,16.0,,,2.0,,0.0,6.0,,,0.0,,1.0,0.0,,,,,,Re.2002_Early
germ_leopard_2pl,17.0,,,0.0,,1.0,962.0,36.77,0.0,0.0,1.44,1.22,0.0,,,,,,Leopard_2_PL
us_t54e1,17.0,,,0.0,,1.59,38.0,50.95,0.0,0.0,0.8,1.52,0.0,,,,,,T54E1
germ_raketenjagdpanzer_2,18.0,,,0.0,,0.0,73.0,0.0,0.0,0.0,1.44,0.69,0.0,,,,,,RakJPz_2
jp_st_b1,17.0,100.0,0.0,0.0,1.0,1.0,307.0,66.76,0.0,0.0,2.33,1.45,0.0,,,,,,STB-2
us_m1128_mgs,16.0,,,0.0,,1.0,547.0,49.3,0.0,0.0,1.33,1.17,0.0,,,,,,M1128
tornado_f3_late,16.0,,,1.0,,0.0,0.0,,,,,,0.0,,,,,,Tornado_F.3_Late
sw_pvrbv_551,18.0,0.0,0.0,0.0,1.0,1.0,106.0,43.55,0.0,0.0,1.44,1.3,0.0,,,,,,Pvrbv_551
p-63c-5_france,17.0,8.82,0.91,1.0,0.0,0.0,105.0,96.11,0.62,0.6,1.97,1.9,0.0,,,,,,P-63C-5
sm_79_1941_italy,16.0,100.0,0.0,0.0,1.0,1.0,0.0,,,,,,0.0,,,,,,S.M.79_AS
ussr_btr_80a,17.0,,,,,,744.0,51.43,0.0,0.0,1.09,0.99,0.0,,,,,,BTR-80A
us_m1_abrams_kvt,18.0,,,0.0,,0.0,1028.0,52.11,0.0,0.0,2.57,2.04,0.0,,,,,,M1_KVT
spitfire_mk9c_4cannons,18.0,100.0,4.0,4.0,0.0,0.0,23.0,100.0,1.46,1.23,1.15,1.0,0.0,,,,,,Spitfire_F_Mk_IXc
spitfire_ix_plagis,18.0,100.0,3.5,3.5,0.0,0.0,0.0,,,,,,0.0,,,,,,Plagis'_Spitfire_LF_Mk_IXc
a6m5otsu,18.0,0.0,7.0,3.5,0.0,0.0,60.0,54.45,0.93,2.01,0.6,1.42,0.0,,,,,,A6M5_otsu
d_520,17.0,100.0,2.6,2.18,0.0,0.0,0.0,,,,,,0.0,,,,,,D.520
us_m26_t99,18.0,50.0,0.5,1.0,1.94,3.89,1.0,,,,,,0.0,,,,,,M26_T99
f7f1,17.0,100.0,1.0,1.0,3.0,3.0,151.0,46.85,0.34,0.31,0.92,0.74,0.0,,,,,,F7F-1
us_m46_patton_73_armor_bat,17.0,50.0,0.0,0.0,1.5,3.0,286.0,63.05,0.0,0.0,3.36,2.44,0.0,,,,,,"M46_""Tiger"""
boomerang_mki,17.0,100.0,2.0,1.29,0.0,0.0,0.0,,,,,,0.0,,,,,,Boomerang_Mk_I
d_521,17.0,100.0,2.0,2.0,0.0,0.0,0.0,,,,,,0.0,,,,,,D.521
fr_amx_13_fl_11,18.0,100.0,0.0,0.0,1.57,1.14,94.0,50.0,0.0,0.0,1.87,1.64,0.0,,,,,,AMX-13_(FL11)
cn_m4a4_sherman,18.0,100.0,0.0,0.0,3.77,3.77,3.0,,,,,,0.0,,,,,,M4A4_(China)
spitfire_mk5c,18.0,100.0,4.67,4.67,0.0,0.0,21.0,100.0,2.56,2.06,3.89,1.44,12.0,,,2.0,,0.0,Spitfire_Mk_Vc/trop
germ_flakpz_1a2_Gepard,15.0,100.0,1.0,1.0,0.0,0.0,898.0,37.0,0.66,0.6,0.46,0.4,0.0,,,,,,Gepard_1A2
ki_84_ko,16.0,,,1.44,,0.0,6.0,,,,,,0.0,,,,,,Ki-84_ko
f-89b,17.0,100.0,3.0,2.33,1.0,0.33,100.0,77.05,0.81,2.07,0.84,2.01,0.0,,,,,,F-89B
us_m551_76,16.0,,,0.0,,1.0,232.0,68.57,0.0,0.0,4.57,1.67,0.0,,,,,,M551(76)
boomerang_mkii,17.0,100.0,1.0,1.0,0.0,0.0,0.0,,,,,,0.0,,,,,,Boomerang_Mk_II
sw_strf_90b,15.0,,,,,,257.0,52.35,0.08,0.07,2.05,1.68,0.0,,,,,,Strf_9040B
f4u-1a_usmc,15.0,66.67,2.08,3.08,0.0,0.0,10.0,,,,,,0.0,,,,,,F4U-1A_(USMC)
spitfire_mk5c_notrop,18.0,100.0,6.0,6.0,0.0,0.0,65.0,100.0,2.31,,2.0,,0.0,,,,,,Spitfire_Mk_Vc
p-63a-5,15.0,,,1.0,,0.0,28.0,100.0,3.5,1.6,1.0,0.6,0.0,,,,,,P-63A-5
uk_t17e2,15.0,,,,,,27.0,,,,,,0.0,,,,,,Staghound_AA
a7m1,15.0,,,1.13,,0.0,104.0,75.12,2.2,2.68,1.47,1.89,0.0,,,,,,A7M1_(NK9H)
p-47d_30_italy,16.0,,,2.19,,0.75,84.0,52.69,0.26,0.21,0.74,0.78,10.0,,,,,,P-47D-30
sw_a_34_comet,15.0,,,0.0,,2.0,73.0,20.69,0.0,0.0,1.04,1.02,0.0,,,,,,Comet_I
germ_sppz2_luchs_a2,17.0,0.0,0.0,0.0,1.0,1.0,58.0,0.0,0.0,0.0,0.0,0.09,0.0,,,,,,Luchs_A2
ussr_buk_m3_fcs,15.0,,,,,,99.0,54.84,1.35,0.59,0.0,0.0,0.0,,,,,,"9К317М_""БУК-М3""_(СОЦ)"
jp_type_60_sprg,16.0,100.0,0.0,0.0,0.36,0.36,642.0,63.08,0.0,0.0,1.68,1.82,0.0,,,,,,Type_60_SPRG_(C)
f4f-4,16.0,,,1.0,,0.0,0.0,,,,,,0.0,,,,,,F4F-4
vg_33,16.0,100.0,8.0,,0.0,,10.0,100.0,1.0,1.0,0.0,0.0,0.0,,,,,,V.G.33C-1
us_mk1_grant,17.0,88.33,0.06,0.33,2.36,5.33,0.0,,,,,,0.0,,,,,,Grant_I
i-153p,14.0,,,2.0,,0.0,38.0,100.0,6.31,,0.15,,0.0,,,,,,I-153P
hurricanemkii_ussr,14.0,100.0,4.29,4.29,2.0,2.0,0.0,,,,,,0.0,,,,,,Hurricane_Mk_IIB
f-105d,14.0,,,0.0,,2.0,68.0,34.16,0.7,0.65,0.0,0.0,22.0,,,,,,F-105D
sw_leopard_2a6nl,14.0,100.0,0.0,,2.0,,131.0,51.61,0.0,0.0,2.41,2.32,0.0,,,,,,Leopard_2A6
ussr_btr_152a,16.0,100.0,2.25,2.25,1.0,1.0,1.0,,,0.0,,0.0,0.0,,,,,,BTR-152A
jp_m44,18.0,50.0,0.0,0.0,2.71,2.71,359.0,54.89,0.0,0.0,1.2,1.11,0.0,,,,,,M44
sw_bt_42,15.0,67.86,0.0,0.0,2.64,2.64,15.0,,,,,,0.0,,,,,,BT-42
p-63a-5_ussr,17.0,,,1.0,,1.0,122.0,55.0,1.29,1.32,2.24,2.28,0.0,,,,,,P-63A-5
jp_type_74_red_star,16.0,,,0.0,,1.0,320.0,55.55,0.0,0.0,2.73,1.61,0.0,,,,,,Type_74_Red_Star
spitfire_mk5b,14.0,,,,,,19.0,,,,,,0.0,,,,,,Spitfire_Mk_Vb/trop
yak-9p_hungary,14.0,,,1.0,,0.0,0.0,,,,,,0.0,,,,,,◔Yak-9P
mig_23m,16.0,,,1.19,,0.0,0.0,,,,,,13.0,,,1.0,,0.0,MiG-23M
jp_type_74_mod_g_kai,16.0,,,0.0,,1.0,319.0,55.57,0.0,0.0,2.44,2.2,0.0,,,,,,Type_74_(G)
mig-21_bis,15.0,,,0.0,,0.0,14.0,,,1.0,,0.0,0.0,,,,,,MiG-21bis
jp_type_1_chi_he,16.0,,,,,,135.0,100.0,0.0,0.0,5.13,2.39,0.0,,,,,,Chi-He
f-86a-5,16.0,,,0.0,,0.0,69.0,75.0,2.38,3.3,0.94,1.3,0.0,,,,,,F-86A-5
sbd-3,15.0,0.0,0.0,0.0,0.0,0.0,0.0,,,,,,0.0,,,,,,SBD-3
jp_sub_i_ii_20mm,14.0,100.0,1.0,0.0,2.0,1.0,883.0,69.05,0.35,0.33,0.85,0.75,0.0,,,,,,SUB-I-II
germ_sdkfz_222,15.0,100.0,0.0,0.0,3.87,3.87,151.0,61.11,0.0,0.0,2.81,1.78,0.0,,,,,,Sd.Kfz.222
germ_vt_1_2,14.0,100.0,0.0,0.0,4.0,4.0,100.0,45.72,0.0,0.0,2.93,2.25,0.0,,,,,,VT1-2
lagg-3-34,14.0,50.0,1.5,3.0,0.0,0.0,0.0,,,,,,0.0,,,,,,LaGG-3-34
germ_flarakpz_1,15.0,,,,,,101.0,55.92,1.07,1.05,0.0,0.0,0.0,,,,,,FlaRakPz_1
a6m2_zero,13.0,100.0,2.0,2.0,0.0,0.0,3.0,,,1.0,,1.0,8.0,,,,,,A6M2
a6m2_mod11,13.0,,,,,,71.0,97.22,0.72,1.05,0.58,0.77,0.0,,,,,,A6M2_mod._11
fr_amx_13_75,15.0,50.0,0.0,0.0,1.5,3.0,230.0,63.56,0.0,0.0,1.49,1.07,5.0,,,0.0,,0.0,AMX-13
uk_rooikat_za_35,13.0,,,1.0,,1.0,210.0,57.04,0.09,0.08,2.22,1.81,0.0,,,,,,ZA-35
il_centurion_shot_kal_gimel,13.0,100.0,0.0,0.0,2.33,2.33,37.0,70.83,0.0,0.0,1.92,1.69,0.0,,,,,,Sho't_Kal_Gimel
a_7k,14.0,100.0,0.0,0.0,1.21,1.21,0.0,,,,,,0.0,,,,,,A-7K
il_magach_6b_gal,17.0,90.91,0.0,0.0,1.0,1.0,270.0,50.8,0.0,0.0,1.78,1.51,0.0,,,,,,Magach_6B_Gal
it_zsu_57_2,14.0,50.0,0.0,0.0,1.5,1.5,53.0,88.89,0.05,0.04,4.34,3.04,0.0,,,,,,◔ZSU-57-2
germ_pzkpfw_38t_Aufklarungspanzer,15.0,100.0,0.0,0.0,1.0,1.0,23.0,100.0,0.0,0.0,1.0,1.0,0.0,,,,,,Sd.Kfz._140/1
ki_100_early,14.0,,,1.0,,0.0,126.0,91.75,3.29,1.86,8.52,4.15,0.0,,,,,,Ki-100
uk_a30_sp_avenger_kit_3rank,13.0,,,0.0,,1.57,144.0,90.48,0.0,0.0,3.96,2.01,0.0,,,,,,Avenger_(Overlord)
germ_pzkpfw_III_ausf_J,13.0,,,,,,34.0,,,0.0,,2.69,0.0,,,,,,Pz.III_J1
us_skink_aa,13.0,,,,,,318.0,58.82,1.24,2.48,0.0,0.0,0.0,,,,,,Skink
p-38j,14.0,50.0,0.5,1.0,0.5,1.0,0.0,,,,,,0.0,,,,,,P-38J-15
jp_st_a2,13.0,50.0,0.0,0.0,1.5,3.0,178.0,88.07,0.0,0.0,4.96,2.77,0.0,,,,,,ST-A2
ussr_object_775,13.0,,,,,,453.0,50.89,0.0,0.0,1.94,1.76,0.0,,,,,,Object_775
spitfire_lf_mk9e_iaf,11.0,,,1.14,,0.14,19.0,,,,,,0.0,,,,,,Spitfire_Mk.IX_(CW)_(Israel)
fr_amx_40,13.0,92.31,0.0,0.0,1.0,1.15,229.0,67.35,0.0,0.0,2.3,1.56,0.0,,,,,,AMX-40
mig_21_bis_finland,13.0,50.0,0.5,1.0,0.0,0.0,51.0,79.41,2.51,1.0,0.0,0.0,0.0,,,,,,MiG-21bis
jp_type_61,13.0,,,0.0,,1.54,488.0,65.67,0.0,0.0,1.86,1.62,0.0,,,,,,Type_61
b-17e_late,14.0,,,0.0,,0.0,0.0,,,,,,0.0,,,,,,B-17E/L
cn_plz_05,12.0,50.0,0.0,0.0,0.5,0.5,146.0,91.03,0.0,0.0,6.02,2.12,0.0,,,,,,PLZ05
saab_ajs37,13.0,,,0.0,,0.0,60.0,100.0,0.47,0.47,2.53,2.53,0.0,,,,,,AJS37
saab_ja37,13.0,50.0,0.0,0.0,0.0,0.0,350.0,56.62,1.66,1.91,0.01,0.01,24.0,,,0.92,,0.0,JA37C
saab_j35d,13.0,,,0.0,,0.0,18.0,50.0,1.22,2.44,0.5,1.0,0.0,,,,,,J35D
firefly_mk1,12.0,100.0,1.0,0.63,5.2,4.75,15.0,,,0.07,,2.07,0.0,,,,,,Firefly_F_Mk_I
uk_sky_sabre_fcs,13.0,,,2.0,,0.0,227.0,57.34,1.8,1.76,0.0,0.0,0.0,,,,,,Sky_Sabre_(СОЦ)
sea_fury_fb11,12.0,100.0,3.0,2.33,0.0,0.0,29.0,95.45,1.18,1.29,0.0,0.0,0.0,,,,,,Sea_Fury_FB_11
germ_ru251,11.0,100.0,0.0,0.0,7.0,2.5,328.0,48.17,0.0,0.0,3.63,2.47,0.0,,,,,,Ru_251
ussr_kv_122,12.0,100.0,0.0,,2.0,,68.0,50.0,0.0,0.0,4.33,3.2,0.0,,,,,,KV-122
cn_type_69,13.0,,,0.0,,1.69,378.0,67.13,0.01,0.0,3.3,3.02,0.0,,,,,,Type_69
j_7e,15.0,50.0,2.5,2.04,0.0,0.0,16.0,50.0,2.0,2.0,1.0,1.0,0.0,,,,,,J-7E
he51a1,13.0,,,,,,0.0,,,,,,0.0,,,,,,He_51_A-1
cn_lvt_4_zis_2,14.0,,,0.0,,1.0,10.0,,,0.0,,0.2,0.0,,,,,,LVT(A)(4)_(ZiS-2)
jp_m42_duster,14.0,42.86,0.59,1.14,1.03,2.07,273.0,61.12,0.49,0.31,1.21,0.67,0.0,,,,,,M42
uk_crusader_mk_2_the_saint,12.0,,,,,,0.0,,,,,,0.0,,,,,,"Crusader_""The_Saint"""
il_zsu_23_4,14.0,,,,,,75.0,52.56,0.52,0.96,0.0,0.0,0.0,,,,,,ZSU-23-4_(Israel)
cn_wz_1001,11.0,25.0,0.0,0.0,2.67,3.67,83.0,48.96,0.0,0.0,5.0,2.82,0.0,,,,,,WZ1001(E)_LCT
sw_ikv_91_105,14.0,100.0,0.0,0.0,1.0,1.0,253.0,48.0,0.0,0.0,0.87,1.05,0.0,,,,,,Ikv_91-105
ussr_9a33bm3,12.0,,,1.0,,0.0,42.0,25.0,0.25,0.78,0.0,0.0,0.0,,,,,,Оса-АКМ
us_m60,13.0,,,0.0,,2.0,267.0,54.94,0.0,0.0,1.52,1.18,0.0,,,,,,M60
mig-19j_6a,14.0,96.15,0.96,1.0,0.0,0.0,24.0,100.0,2.0,,0.0,,0.0,,,,,,J-6A
spitfire_mk5b_notrop,12.0,,,,,,0.0,,,,,,8.0,,,2.0,,0.0,Spitfire_Mk_Vb
spitfiremkii,12.0,,,,,,2.0,,,1.0,,1.0,0.0,,,,,,Spitfire_Mk_IIb
hurricane_mk1c,12.0,,,2.5,,0.0,0.0,,,,,,0.0,,,,,,Sea_Hurricane_Mk_IC
il-10_1946_china,13.0,,,1.0,,0.0,12.0,50.0,0.0,0.0,1.0,3.11,0.0,,,,,,IL-10_(1946)_(China)
sw_zsu_57_2,13.0,,,,,,263.0,36.97,0.0,0.0,1.1,1.03,0.0,,,,,,ZSU-57-2
beaufighter_mk21,11.0,100.0,1.0,1.0,7.5,7.18,28.0,,,0.0,,1.0,0.0,,,,,,Beaufighter_Mk_21
i-16_type28,11.0,,,4.0,,1.0,0.0,,,,,,0.0,,,,,,I-16_type_28
sw_strv_m31,11.0,100.0,0.0,0.0,1.0,4.88,0.0,,,,,,0.0,,,,,,Strv_m/31
us_m3_lee,15.0,66.67,0.13,0.13,3.23,3.7,15.0,,,0.0,,3.75,0.0,,,,,,M3_Lee
blenheim_mkiv,13.0,100.0,0.0,0.0,3.0,3.0,0.0,,,,,,0.0,,,,,,Blenheim_Mk_IV
tu-2_postwar,11.0,,,0.0,,1.09,11.0,,,,,,0.0,,,,,,Tu-2S-44
ussr_t_26_1940,13.0,,,,,,4.0,,,,,,0.0,,,,,,T-26
it_ab_41,12.0,100.0,0.0,,3.43,,6.0,,,0.0,,3.0,0.0,,,,,,AB_41
us_xm_975_roland,11.0,0.0,2.0,2.0,0.0,0.0,49.0,86.84,0.0,0.0,0.0,0.0,0.0,,,,,,XM975
bf-109f-4_hungary,11.0,,,4.55,,0.0,25.0,50.0,0.5,1.0,1.0,2.0,0.0,,,,,,◐Bf_109_F-4
ussr_kv_2_1940,12.0,,,0.0,,3.0,0.0,,,,,,0.0,,,,,,KV-2_(1940)
lagg-i-301,11.0,,,,,,0.0,,,,,,0.0,,,,,,I-301
uk_chieftain_mk_5,12.0,,,,,,148.0,50.97,0.0,0.0,3.6,2.6,0.0,,,,,,Chieftain_Mk_5
f2g-1,13.0,100.0,1.0,,0.0,,201.0,64.35,0.52,0.55,1.55,1.65,0.0,,,,,,F2G-1
j_7d,14.0,50.0,1.5,1.05,0.0,0.0,117.0,82.8,2.75,3.22,0.72,0.39,0.0,,,,,,J-7D
cn_m24_chaffee,13.0,100.0,0.0,0.0,2.0,2.0,38.0,62.5,0.0,0.0,2.88,1.2,0.0,,,,,,M24_(China)
f_16c_block_52_aesa,12.0,,,1.17,,0.25,642.0,58.6,0.83,0.92,0.95,1.07,84.0,38.33,0.63,0.34,0.85,0.5,F-16CM_PoBIT
fr_leopard_2a5nl,11.0,70.0,0.0,0.0,1.0,1.0,68.0,95.45,0.0,0.0,6.28,3.58,0.0,,,,,,Leopard_2A5NL
yak-9ut,11.0,,,,,,319.0,71.65,0.95,0.96,2.91,2.94,51.0,84.48,0.22,0.26,1.83,2.19,Yak-9UT
p-38l,11.0,50.0,0.5,1.0,0.0,0.0,0.0,,,,,,0.0,,,,,,P-38L-5-LO
cn_m41_a3_walker_bulldog,13.0,,,0.0,,1.0,16.0,,,0.0,,2.0,0.0,,,,,,M41A3_(China)
il_aml_90,11.0,,,0.0,,0.0,72.0,69.54,0.0,0.0,1.11,0.75,0.0,,,,,,AML-90_(Israel)
germ_m55,13.0,,,0.0,,1.0,60.0,0.0,0.0,0.0,1.0,1.0,0.0,,,,,,◄M55
bf-109a_1,13.0,,,2.0,,0.0,0.0,,,,,,0.0,,,,,,Flegel's_Bf_109_A
spitfire_fr_mk14e,11.0,,,5.0,,0.0,0.0,,,,,,0.0,,,,,,Prendergast's_Spitfire_FR_Mk_XIVe
it_c1_ariete,10.0,100.0,0.0,0.0,3.0,3.0,105.0,50.0,0.0,0.0,2.94,1.9,0.0,,,,,,Ariete
ussr_object_248,12.0,100.0,0.0,0.0,6.17,6.6,27.0,81.82,0.0,0.0,2.91,4.08,0.0,,,,,,Object_248
ussr_isu_152,11.0,100.0,0.0,0.0,3.0,3.0,51.0,,,0.0,,1.14,0.0,,,,,,ISU-152
us_m10_booker_late,12.0,,,0.0,,2.0,581.0,57.32,0.0,0.0,1.84,1.62,0.0,,,,,,M10_Booker
sw_strv_103_0,11.0,,,0.0,,2.0,58.0,50.54,0.0,0.0,1.78,2.69,0.0,,,,,,Strv_103-0
jp_type_2_ho_ni_2,10.0,,,0.0,,1.6,26.0,100.0,0.0,0.0,1.0,1.0,0.0,,,,,,Ho-Ni_II
it_c1_ariete_pso,10.0,,,,,,121.0,52.27,0.0,0.0,2.31,2.05,0.0,,,,,,Ariete_PSO
il-2i,11.0,,,2.0,,2.82,0.0,,,,,,17.0,,,,,,IL-2_(1942)
beaufighter_mkx,11.0,100.0,1.0,1.0,2.5,2.64,2.0,,,,,,0.0,,,,,,Beaufighter_Mk_X
it_otobreda_sidam_25_mistral,10.0,,,,,,4.0,,,,,,0.0,,,,,,SIDAM_25_(Mistral)
fr_tpk_641_vpc,12.0,100.0,1.0,,0.0,,63.0,63.33,0.0,0.15,0.52,0.32,0.0,,,,,,TPK_6.41
ussr_t_44_122,11.0,,,,,,124.0,50.0,0.0,0.0,2.13,2.39,0.0,,,,,,T-44-122
il_magach_7c,11.0,,,0.0,,1.18,35.0,100.0,0.0,0.0,6.0,3.4,0.0,,,,,,Magach_7C
jp_type_75,11.0,,,,,,366.0,60.08,0.5,0.42,2.9,2.29,0.0,,,,,,Type_75_SPH
us_m60a3_slep,12.0,,,,,,19.0,100.0,0.0,0.0,1.7,1.58,0.0,,,,,,M60_AMBT
it_44m_zrinyi_1,10.0,,,,,,34.0,100.0,0.0,0.0,1.27,1.06,0.0,,,,,,Zrinyi_I
us_m109a1,11.0,,,0.0,,1.0,133.0,100.0,0.0,0.0,1.67,0.81,0.0,,,,,,M109A1
fw-190a-5,11.0,,,2.0,,0.0,16.0,,,,,,0.0,,,,,,Fw_190_A-5/U12
germ_leopard_2a5_pso,9.0,58.34,0.0,0.0,0.95,1.3,1043.0,51.42,0.0,0.0,1.84,1.52,4.0,,,,,,Leopard_2_PSO
us_m44,10.0,50.0,0.0,0.0,0.5,1.0,86.0,58.06,0.0,0.0,2.63,1.59,0.0,,,,,,M44
it_2s1,11.0,,,,,,17.0,,,0.0,,0.92,0.0,,,,,,◔2S1
us_m50_ontos,11.0,,,0.0,,1.64,254.0,56.39,0.0,0.0,2.67,1.54,0.0,,,,,,M50
f_15a,12.0,100.0,0.0,0.0,1.0,1.0,214.0,53.42,0.8,1.08,0.12,0.18,0.0,,,,,,F-15A
germ_pzkpfw_35t,11.0,100.0,0.0,,3.45,,37.0,100.0,0.0,0.0,1.33,1.14,0.0,,,,,,Pz.35(t)
uk_a_43_black_prince,10.0,,,,,,56.0,50.0,0.0,0.0,4.28,3.98,0.0,,,,,,Black_Prince
sw_pbil_m40,9.0,,,0.0,,3.0,2.0,,,0.0,,1.0,0.0,,,,,,Pbil_m/40
uk_m4a5_ram_2,12.0,,,,,,49.0,82.54,0.0,0.0,1.84,2.22,0.0,,,,,,Ram_II
cn_zsd63_pg87,10.0,0.0,1.0,,0.0,,68.0,38.09,1.14,1.25,0.79,0.62,0.0,,,,,,ZSD63/PG87
uk_fv4004_conway,10.0,100.0,0.0,0.0,4.0,2.0,43.0,26.79,0.0,0.0,0.73,1.0,0.0,,,,,,Conway
it_m14_41_47_40,9.0,,,0.0,,1.78,0.0,,,,,,0.0,,,,,,M14/41_(47/40)
it_palmaria,13.0,0.0,0.0,0.0,3.2,2.0,88.0,50.0,0.0,0.0,1.84,2.51,0.0,,,,,,Palmaria
us_t30,11.0,,,,,,75.0,42.0,0.0,0.0,1.9,1.77,0.0,,,,,,T30
us_m8_scott,11.0,100.0,0.0,,1.0,,0.0,,,,,,0.0,,,,,,M8_HMC
ffvs_j22_a,11.0,100.0,1.55,1.55,0.0,0.0,0.0,,,,,,0.0,,,,,,J22-A
germ_flakpanzer_IV_Ostwind_2,11.0,50.0,0.85,1.64,0.5,0.91,525.0,27.51,0.45,0.48,0.17,0.21,0.0,,,,,,Ostwind_II
a_5c,11.0,,,1.0,,0.0,53.0,29.41,0.74,1.06,1.26,1.71,0.0,,,,,,A-5C
mig-19pt,9.0,50.0,1.0,1.4,0.0,0.0,112.0,51.61,4.02,2.98,0.42,0.5,0.0,,,,,,MiG-19PT
saab_t18b_1,11.0,,,0.0,,1.82,8.0,,,1.0,,0.0,0.0,,,,,,T18B
ki-27_otsu,11.0,,,2.8,,0.0,0.0,,,,,,0.0,,,,,,Ki-27_otsu
ussr_gaz_mm_72k,9.0,100.0,0.0,0.0,1.0,1.0,0.0,,,,,,0.0,,,,,,GAZ-MM_(72-K)
sw_strv_m40l,9.0,,,,,,0.0,,,,,,0.0,,,,,,Strv_m/40L
mc200_serie7_italy,9.0,,,2.56,,0.0,0.0,,,,,,0.0,,,,,,C._200_serie_7
ussr_t_50,9.0,,,0.0,,1.89,2.0,,,0.0,,1.0,0.0,,,,,,T-50
ussr_zsu_23_4,9.0,,,,,,178.0,26.88,1.3,1.17,0.12,0.14,0.0,,,,,,ZSU-23-4
ussr_is_2_1944_321,11.0,100.0,0.0,0.0,6.14,6.14,5.0,100.0,0.0,0.0,5.4,5.4,0.0,,,,,,IS-2_No.321
jp_st_a1,10.0,,,,,,334.0,74.74,0.0,0.0,3.66,1.8,0.0,,,,,,ST-A1
germ_spz_12_3,10.0,100.0,0.0,0.0,4.0,4.0,23.0,,,0.0,,1.48,0.0,,,,,,SPz_12-3_LGS
cn_ztz_88b,11.0,100.0,0.0,0.0,4.1,4.1,191.0,56.64,0.0,0.0,1.51,1.73,1.0,,,,,,ZTZ88B
yak-1b_luftwaffe,9.0,,,,,,21.0,,,0.0,,0.0,0.0,,,,,,Yak-1B
sw_pvkv_III,10.0,,,,,,26.0,,,0.0,,1.0,0.0,,,,,,Pvkv_III
spitfire_mk1,8.0,,,4.0,,0.0,1.0,,,,,,0.0,,,,,,Spitfire_Mk_Ia
fr_crotale_ng,10.0,15.0,1.7,2.0,0.85,1.0,19.0,50.0,1.0,2.0,0.0,0.0,0.0,,,,,,ItO_90M
buccaneer_s2b,9.0,,,0.0,,2.0,20.0,,,,,,0.0,,,,,,Buccaneer_S.2B
harrier_frs1,9.0,,,1.0,,1.0,18.0,50.0,0.0,0.0,0.0,0.0,0.0,,,,,,Sea_Harrier_FRS.1
cn_ztz_88a,10.0,100.0,0.0,0.0,2.0,2.0,311.0,59.19,0.0,0.0,2.66,2.52,10.0,50.0,0.0,0.0,1.5,1.5,ZTZ88A
il_machbet,10.0,0.0,1.11,1.11,0.0,0.0,37.0,25.0,0.63,0.83,0.0,0.0,0.0,,,,,,Machbet
hunter_f58_switzerland,10.0,,,2.0,,0.0,372.0,62.02,1.78,2.09,1.53,1.81,0.0,,,,,,◌Hunter_F.58
uk_challenger_2_megatron,7.0,0.0,0.0,0.0,4.67,4.0,611.0,56.95,0.0,0.0,3.1,1.9,0.0,,,,,,Challenger_2_OES
p-39q_25_france,10.0,,,,,,51.0,95.83,0.85,0.9,1.04,1.1,0.0,,,,,,P-39Q-25
ussr_zis_30,8.0,,,,,,22.0,0.0,0.0,0.0,3.5,1.68,0.0,,,,,,ZiS-30
mig-17_cuba,10.0,100.0,1.0,1.0,0.0,0.0,6.0,12.5,1.13,1.1,0.88,0.7,0.0,,,,,,MiG-17AS
bv-155b-1,9.0,100.0,1.0,,0.0,,13.0,100.0,0.0,0.15,0.0,0.0,0.0,,,,,,BV_155_B-1
uk_a30_challenger,10.0,,,0.0,,1.2,159.0,47.31,0.0,0.0,2.41,1.26,0.0,,,,,,Challenger
ussr_pantsyr_sm_sv,10.0,100.0,1.0,,0.0,,868.0,46.62,1.33,1.02,0.11,0.1,0.0,,,,,,Панцирь_СМ-СВ
germ_hummel,10.0,,,0.0,,1.2,100.0,50.0,0.0,0.0,7.14,2.39,0.0,,,,,,Hummel
sw_bmp_2md,8.0,,,0.0,,1.0,106.0,50.38,0.0,0.0,0.69,0.78,0.0,,,,,,BMP-2MD
su_25t,9.0,,,,,,209.0,69.95,0.15,0.16,4.73,4.16,0.0,,,,,,Su-25T
jaguar_gr1a,9.0,,,,,,19.0,100.0,2.0,2.0,1.94,2.0,0.0,,,,,,Jaguar_GR.1A
ussr_pt_76_57,10.0,100.0,0.0,0.0,1.0,1.0,121.0,55.39,0.0,0.0,5.99,3.0,22.0,,,0.0,,3.97,PT-76-57
bf-109c_1,9.0,,,,,,0.0,,,,,,0.0,,,,,,Bf_109_C-1
il_2_1941,8.0,100.0,1.5,1.5,1.5,1.5,23.0,0.0,0.0,0.33,1.0,1.33,0.0,,,,,,IL-2_(1941)
sb2c_5_france,9.0,,,0.0,,0.25,36.0,100.0,1.05,0.86,4.19,5.29,0.0,,,,,,SB2C-5
he-111h-2,9.0,,,,,,0.0,,,,,,0.0,,,,,,He_111_H-3
f-86f-2,9.0,,,0.0,,0.0,62.0,83.87,3.73,3.96,0.8,1.04,0.0,,,,,,F-86F-2
yak-15,8.0,66.67,4.3,4.3,0.0,0.0,7.0,100.0,0.0,0.0,0.0,0.0,0.0,,,,,,Yak-15
ki_61_1a_hei_ep,9.0,50.0,2.5,5.0,0.0,0.0,4.0,,,0.0,,0.0,0.0,,,,,,Tada's_Ki-61-I_hei
i_180,8.0,100.0,3.0,3.5,2.0,0.25,0.0,,,,,,0.0,,,,,,I-180S
su-2_tss1,9.0,100.0,1.0,0.71,4.5,2.71,0.0,,,,,,0.0,,,,,,Su-2_TSS-1
cr_32_quater,8.0,,,1.0,,1.0,0.0,,,,,,0.0,,,,,,CR.32_quater
pe-3,8.0,100.0,0.5,0.5,3.0,3.0,0.0,,,,,,0.0,,,,,,Pe-3
spitfire_f22,9.0,100.0,3.0,3.0,0.0,0.0,65.0,50.0,0.98,1.27,0.68,0.93,0.0,,,,,,Spitfire_F_Mk_22
ussr_kv_2_1939,9.0,,,,,,38.0,82.14,0.0,0.0,2.89,2.63,0.0,,,,,,KV-2_(1939)
germ_pzkpfw_V_ersatz_m10,9.0,100.0,0.0,,1.0,,1.0,,,0.0,,4.0,0.0,,,,,,Ersatz_M10
fr_cckw_353_bofors,8.0,,,,,,5.0,100.0,1.0,1.0,2.0,2.0,0.0,,,,,,CCKW_353_AA
ki_61_1a_ko,9.0,,,,,,0.0,,,,,,0.0,,,,,,Ki-61-I_ko
mig_23mla,6.0,50.0,1.0,1.0,0.0,0.0,46.0,41.23,1.58,1.39,0.0,0.0,1.0,,,1.0,,0.0,◊MiG-23MLA
it_leopard_1a2,7.0,,,,,,98.0,43.53,0.0,0.0,1.32,1.29,0.0,,,,,,Leopard_1A2
ussr_su_57b,8.0,,,0.0,,1.0,0.0,,,,,,0.0,,,,,,SU-57B
ki_44_2_hei_china,7.0,100.0,3.0,3.25,1.0,0.5,10.0,100.0,2.89,1.0,1.0,0.0,0.0,,,,,,Ki-44-II_hei_(China)
uk_fv221_caernarvon,7.0,,,0.0,,1.0,137.0,46.67,0.0,0.0,2.65,1.86,0.0,,,,,,Caernarvon
do_335a_0,9.0,,,1.33,,0.0,11.0,,,0.0,,0.0,0.0,,,,,,Do_335_A-0
il_magach_6c,9.0,0.0,0.0,0.0,1.0,1.0,5.0,,,,,,0.0,,,,,,Magach_6C
la-11_china,8.0,,,,,,17.0,,,,,,0.0,,,,,,La-11_(China)
p-61c_1,9.0,50.0,0.5,0.89,3.0,1.67,31.0,,,0.26,,1.12,0.0,,,,,,P-61C-1
uk_g6_spg,7.0,,,0.0,,1.0,66.0,50.0,0.0,0.0,0.5,0.5,0.0,,,,,,G6
germ_marder_1a1,9.0,100.0,0.0,0.0,0.0,0.0,569.0,43.8,0.01,0.01,0.71,0.71,0.0,,,,,,Marder_A1-
germ_panzerjager_1,6.0,100.0,0.0,0.0,4.0,4.0,15.0,,,0.0,,1.0,0.0,,,,,,Panzerjäger_I
ussr_smk,8.0,100.0,0.0,0.0,4.63,4.63,0.0,,,,,,0.0,,,,,,SMK
p-51c-11-nt_china,8.0,,,1.0,,1.0,14.0,,,0.0,,0.57,0.0,,,,,,P-51C-11-NT_(China)
mosquito_fb_mk26_china,7.0,,,1.0,,1.0,41.0,66.67,2.46,0.0,0.99,1.0,0.0,,,,,,Mosquito_FB.Mk.26
meteor_fmk8_iaf,7.0,,,0.0,,2.0,12.0,0.0,0.0,0.0,0.0,0.0,0.0,,,,,,Meteor_F.8_(Israel)
it_as_42_metropolitana,7.0,100.0,0.0,0.0,4.0,4.0,15.0,,,0.0,,2.0,0.0,,,,,,AS_42
fw-190d-12,7.0,,,1.0,,1.0,2.0,,,,,,0.0,,,,,,Fw_190_D-12
uk_concept3_ngac,8.0,,,,,,416.0,58.06,0.0,0.0,1.72,0.97,0.0,,,,,,Concept_3
it_m13_40_serie_1,6.0,,,,,,0.0,,,,,,0.0,,,,,,M13/40_(I)
sea_fury_fb51,7.0,,,2.0,,0.0,11.0,100.0,1.0,1.0,1.33,2.0,0.0,,,,,,◘Sea_Fury_FB.51
us_lvt_a1_m24,6.0,,,,,,1.0,,,0.0,,3.0,0.0,,,,,,LVT(A)(1)_(M24)
us_m10,7.0,,,,,,91.0,33.6,0.0,0.0,1.55,1.48,0.0,,,,,,M10_GMC
it_as_42_47,6.0,100.0,0.0,0.0,3.0,3.0,0.0,,,,,,0.0,,,,,,AS_42/47
jp_m60a3_tts,7.0,,,0.0,,1.0,107.0,60.9,0.0,0.0,3.1,3.95,0.0,,,,,,M60A3_TTS
sw_kungstiger,8.0,,,0.0,,5.0,125.0,23.33,0.0,0.0,8.81,4.59,3.0,,,0.0,,1.0,Kungstiger
b_25j_30_china,7.0,100.0,1.0,1.0,1.0,1.0,0.0,,,,,,0.0,,,,,,B-25J-30_(China)
a_4h,7.0,,,0.0,,1.0,32.0,92.11,0.61,0.55,0.13,0.08,0.0,,,,,,A-4H_(Israel)
ki_67_1_ko,7.0,,,,,,0.0,,,,,,0.0,,,,,,Ki-67-I_Ko
bf-109e-4,6.0,,,,,,3.0,,,,,,0.0,,,,,,Bf_109_E-4
saab_j21a_2,7.0,,,0.0,,2.0,8.0,100.0,2.83,,0.0,,0.0,,,,,,J21A-2
saab_j21ra,7.0,,,0.0,,1.0,57.0,78.67,1.0,1.0,0.19,0.19,0.0,,,,,,J21RA
us_m24_chaffee_tl,8.0,,,0.0,,2.5,69.0,78.57,0.0,0.0,1.79,1.79,0.0,,,,,,M24_(TL)
cn_vt_5,6.0,100.0,0.0,0.0,3.0,3.0,306.0,52.78,0.0,0.0,1.58,1.32,0.0,,,,,,VT5
cn_m3a3_stuart_1st_ptg,7.0,,,,,,2.0,50.0,0.0,0.0,2.5,2.5,0.0,,,,,,M3A3_(1st_PTG)_(China)
firefly_mk5,7.0,,,1.86,,1.0,24.0,100.0,0.0,0.0,1.04,1.0,0.0,,,,,,Firefly_FR_Mk_V
b_26b_c,7.0,,,0.0,,2.0,3.0,0.0,0.0,0.0,1.0,1.0,0.0,,,,,,B-26B
sw_strv_m41_s2,7.0,,,,,,1.0,,,0.0,,1.0,0.0,,,,,,Strv_m/41_S-II
fr_amx_30_super,5.0,100.0,0.0,0.0,3.0,1.35,562.0,53.31,0.0,0.0,4.15,2.45,0.0,,,,,,AMX-30_Super
f8f1b_france,7.0,0.0,3.0,3.0,0.0,0.0,91.0,95.83,1.68,1.2,2.81,1.99,0.0,,,,,,F8F-1B
uk_a39_tortoise,6.0,0.0,0.0,0.0,1.0,1.0,3.0,,,,,,0.0,,,,,,Tortoise
ki_67_1_otsu,7.0,,,0.0,,1.0,0.0,,,,,,0.0,,,,,,Ki-67-I_otsu
p-39n_su,8.0,,,2.0,,0.0,22.0,,,1.4,,1.0,0.0,,,,,,Pokryshkin's_P-39N-0
he-162a-2,7.0,,,,,,68.0,93.55,3.85,3.75,0.01,0.01,0.0,,,,,,He_162_A-2
germ_pzsfl_IVa_dickermax,7.0,,,,,,0.0,,,,,,0.0,,,,,,Dicker_Max
it_c13_t90,7.0,100.0,0.0,,1.0,,58.0,45.51,0.0,0.0,2.14,1.76,0.0,,,,,,C13_T90
il_sholef,7.0,,,0.0,,1.0,0.0,,,,,,0.0,,,,,,Sholef
re_2000_ga,6.0,,,1.0,,0.0,0.0,,,,,,0.0,,,,,,Re.2000_G.A.
germ_marder_clovis,7.0,,,0.0,,1.0,59.0,50.0,0.0,0.0,1.5,1.38,0.0,,,,,,CLOVIS
cn_is_2_1944,6.0,,,0.0,,1.0,18.0,,,0.0,,1.67,0.0,,,,,,IS-2_(1944)_(China)
us_t92,7.0,,,0.0,,1.0,515.0,51.14,0.0,0.0,1.55,1.13,0.0,,,,,,T92
ussr_bmd_4m2,7.0,,,0.0,,0.0,1019.0,47.77,0.0,0.0,1.22,0.99,34.0,80.95,0.0,0.0,1.33,1.26,БМД-4M2
uk_eland_90_mk_7,6.0,,,,,,167.0,45.73,0.0,0.0,1.23,1.18,0.0,,,,,,Eland_90_Mk.7
p_108a_serie2,6.0,,,0.0,,0.0,0.0,,,,,,0.0,,,,,,P.108A_serie_2
lancaster_mr7_france,7.0,,,,,,0.0,,,,,,0.0,,,,,,Lancaster_MR.7
sw_landsverk_ush_204_gk,6.0,,,,,,212.0,25.21,0.65,0.5,0.22,0.14,0.0,,,,,,U-SH_204_GK
fr_char_2c_bis,6.0,83.33,0.0,,1.83,,0.0,,,,,,0.0,,,,,,2C_bis
cn_sdkfz_222_early,7.0,100.0,0.0,,1.0,,30.0,30.0,0.0,0.0,0.3,0.3,0.0,,,,,,Sd.Kfz.222_(China)
tu-2_postwar_china,7.0,,,0.0,,1.0,42.0,100.0,0.0,0.0,3.0,3.93,0.0,,,,,,Tu-2S-44_(China)
beaufighter_mk6c,6.0,,,,,,5.0,,,0.0,,1.0,0.0,,,,,,Beaufighter_Mk_VIc
mig_3_series_1_15_bk_pod,4.0,100.0,3.0,1.5,0.0,0.0,0.0,,,,,,0.0,,,,,,MiG-3-15_(BK)
sb_2m_103c,4.0,50.0,0.5,,0.5,,0.0,,,,,,0.0,,,,,,SB_2M-103
germ_pzkpfw_IV_ausf_E,6.0,,,,,,19.0,,,0.0,,1.0,0.0,,,,,,Pz.IV_E
tu_95m,5.0,,,,,,40.0,40.0,0.52,0.63,0.0,0.0,6.0,,,1.0,,0.0,Ту-95М
bf_110g_4_hungary,6.0,,,1.0,,1.0,54.0,52.27,0.09,0.16,1.0,1.93,0.0,,,,,,◐Bf_110_G-4
cn_t_80ud_478be,7.0,,,,,,176.0,61.43,0.0,0.0,3.38,1.7,0.0,,,,,,T-80UD/BE
f_16a_block_10,5.0,,,0.0,,1.0,151.0,69.46,0.69,0.75,1.05,1.12,0.0,,,,,,F-16A
bf-109e-1,5.0,,,1.8,,0.0,82.0,44.2,1.57,1.76,0.68,0.89,0.0,,,,,,Bf_109_E-1
welkin_fmk1,6.0,,,1.0,,0.0,0.0,,,,,,0.0,,,,,,Welkin_F.Mk.I
us_m1a1_hc_abrams,5.0,,,,,,456.0,62.03,0.0,0.0,3.26,2.91,0.0,,,,,,M1A1_HC
p-40c_china,5.0,,,0.0,,0.0,13.0,,,0.0,,0.0,0.0,,,,,,H-81A-2
us_m6a2e1,7.0,,,,,,29.0,100.0,0.0,0.0,6.0,4.71,0.0,,,,,,M6A2E1
fr_amx_elc_901,6.0,,,,,,50.0,100.0,0.0,0.0,3.2,2.52,0.0,,,,,,ELC_901
us_m1296_dragoon,7.0,,,0.0,,0.0,63.0,100.0,0.0,0.0,1.22,0.94,0.0,,,,,,M1296
cn_pt_76,7.0,,,0.0,,0.0,0.0,,,,,,0.0,,,,,,PT-76_(China)
i-153_m62,6.0,,,,,,0.0,,,,,,0.0,,,,,,I-153_M-62
h8k2,5.0,100.0,0.0,0.0,0.0,0.0,0.0,,,,,,0.0,,,,,,H8K2
i-15bis_krasnolutsky,6.0,,,,,,0.0,,,,,,0.0,,,,,,Krasnolutsky's_I-15bis
fr_leclerc_s2,7.0,,,0.0,,0.0,133.0,45.7,0.0,0.0,2.85,2.03,0.0,,,,,,Leclerc_S2
germ_sdkfz_234_1,5.0,,,,,,157.0,58.79,0.0,0.0,2.66,2.91,0.0,,,,,,Sd.Kfz.234/1
us_t18_e2,5.0,100.0,0.0,,5.0,,40.0,100.0,0.0,0.0,9.14,5.48,0.0,,,,,,T18E2
us_t34,5.0,100.0,0.0,0.0,5.0,5.0,810.0,61.01,0.0,0.0,3.01,1.94,0.0,,,,,,T34
fw-190a-8,5.0,,,,,,7.0,,,,,,0.0,,,,,,Fw_190_A-8
ussr_object_268,5.0,,,0.0,,3.0,276.0,48.72,0.0,0.0,1.85,1.58,0.0,,,,,,Object_268
jp_type_98_ke_ni,4.0,100.0,0.0,,3.75,,52.0,,,0.0,,4.68,0.0,,,,,,Ke-Ni
uk_challenger_2_tes,5.0,,,,,,231.0,51.97,0.0,0.0,1.08,1.29,0.0,,,,,,Challenger_2_TES
p-36g,4.0,,,1.75,,0.0,0.0,,,,,,0.0,,,,,,P-36G
tu-2,4.0,,,,,,39.0,100.0,0.0,0.0,3.86,3.68,6.0,50.0,0.0,0.0,0.5,1.0,Tu-2S
beaufort_mkviii,6.0,,,0.0,,0.0,0.0,,,,,,0.0,,,,,,Beaufort_Mk_VIII
il-10_1946,4.0,,,0.0,,1.0,0.0,,,,,,0.0,,,,,,IL-10_(1946)
uk_a30_sp_avenger,5.0,,,,,,245.0,65.13,0.0,0.0,4.84,2.63,0.0,,,,,,Avenger
fiat_g91_r4_german,6.0,,,1.0,,0.0,57.0,80.77,1.5,1.55,0.92,0.75,0.0,,,,,,◄G.91_R/4
us_m55,4.0,0.0,0.0,0.0,1.0,1.0,8.0,,,0.0,,1.0,0.0,,,,,,M55
uk_boxer_crv_block2,4.0,,,0.0,,1.0,356.0,66.4,0.04,0.04,1.55,1.09,0.0,,,,,,CRV_Block_2
il_magach_6,5.0,,,0.0,,0.0,0.0,,,,,,0.0,,,,,,Magach_6
il_tiran_4_sh,5.0,,,,,,27.0,,,0.0,,0.35,0.0,,,,,,Tiran_4S
il_magach_3_idf,5.0,,,0.0,,0.0,40.0,,,0.0,,0.81,0.0,,,,,,Magach_3
he-111h-16_winter,4.0,100.0,0.0,0.0,0.0,0.0,117.0,48.82,0.0,0.0,1.09,0.88,0.0,,,,,,He_111_H-16
bf-109g-2_hungary,5.0,,,6.0,,0.0,35.0,100.0,2.0,3.0,1.0,1.0,0.0,,,,,,◐Bf_109_G-2
germ_pzkpfw_IV_ausf_F,4.0,100.0,0.0,,4.0,,20.0,,,0.0,,4.0,0.0,,,,,,Pz.IV_F1
su_22um3k,3.0,,,0.0,,3.0,29.0,50.0,0.12,0.07,2.62,2.38,0.0,,,,,,◊Su-22UM3K
a6m2_zero_china,4.0,100.0,6.0,6.0,0.0,0.0,0.0,,,,,,0.0,,,,,,A6M2_(China)
j2m5_30mm,4.0,50.0,3.5,3.5,0.0,0.0,51.0,81.25,1.16,1.0,1.66,1.33,0.0,,,,,,J2M5
j2m2,4.0,100.0,4.0,4.0,0.0,0.0,50.0,100.0,3.14,2.8,1.29,1.6,0.0,,,,,,J2M2
p-63c-5,2.0,,,1.0,,2.0,31.0,0.0,0.0,0.0,0.25,1.25,0.0,,,,,,P-63C-5
ussr_zis_43,5.0,100.0,1.0,1.0,2.0,2.0,0.0,,,,,,0.0,,,,,,ZiS-43
sw_vickers_mk_e_37,4.0,,,0.0,,2.0,0.0,,,,,,0.0,,,,,,Vickers_Mk.E
us_m5a1_stuart,5.0,66.67,0.0,0.0,1.67,2.67,123.0,60.75,0.0,0.0,3.69,2.52,0.0,,,,,,M5A1
mig-21_bis_lazur,3.0,,,1.0,,0.0,425.0,47.28,1.36,1.54,0.42,0.51,0.0,,,,,,"◊MiG-21_""Lazur-M"""
cn_ztz_96,4.0,50.0,0.0,0.0,1.0,2.0,390.0,64.43,0.0,0.0,4.1,3.51,0.0,,,,,,ZTZ96
fr_marder_df_105,3.0,,,0.0,,1.0,218.0,57.17,0.0,0.0,2.13,1.75,0.0,,,,,,DF105
b-17g,4.0,,,,,,0.0,,,,,,0.0,,,,,,B-17G-60-VE
p-51h-5_na,6.0,100.0,1.9,1.9,1.0,1.0,135.0,68.28,1.28,1.56,0.65,0.75,0.0,,,,,,P-51H-5-NA
us_m46_patton,4.0,,,0.0,,4.0,522.0,64.24,0.0,0.0,2.78,2.15,0.0,,,,,,M46
germ_leopard_2_pt14,3.0,,,0.0,,3.0,45.0,35.0,0.0,0.0,5.65,3.79,0.0,,,,,,PT-16/T14_mod.
fa_18c_switzerland,3.0,,,1.0,,0.0,1726.0,52.07,1.08,1.24,0.15,0.16,110.0,,,1.23,,0.0,◌F/A-18C
ussr_isu_122s,5.0,,,0.0,,2.0,18.0,,,,,,0.0,,,,,,ISU-122S
it_of_40_mk_2a,4.0,,,,,,117.0,35.8,0.0,0.0,4.8,2.59,0.0,,,,,,OF-40_Mk.2A
germ_flakpanzer_IV_Wirbelwind,4.0,,,,,,382.0,34.81,1.47,0.96,0.29,0.18,0.0,,,,,,Wirbelwind
uk_chieftain_marksman,5.0,50.0,0.0,0.0,0.0,0.0,230.0,44.84,0.47,0.31,1.13,0.73,0.0,,,,,,Chieftain_Marksman
f2h-2,5.0,100.0,3.0,3.0,0.0,0.0,156.0,52.63,0.95,1.05,0.7,0.78,0.0,,,,,,F2H-2
bf_109t_2,5.0,100.0,1.0,,1.0,,56.0,63.89,0.72,1.17,1.36,2.17,0.0,,,,,,Bf_109_T-2
i-15_1934,4.0,,,,,,0.0,,,,,,0.0,,,,,,I-15_WR
f3d_1,5.0,0.0,0.0,0.0,0.0,0.0,42.0,58.33,0.0,0.11,1.92,1.39,0.0,,,,,,F3D-1
germ_amd_35_kwk,4.0,100.0,0.0,0.0,0.0,0.0,21.0,,,0.0,,2.57,0.0,,,,,,Pz.Sp.Wg.P204(f)_KwK
it_semovente_m41_75_32,4.0,,,,,,0.0,,,,,,0.0,,,,,,75/32_M41
cn_type_59d,3.0,50.0,0.5,1.0,2.5,5.0,265.0,69.83,0.0,0.0,5.61,2.32,0.0,,,,,,ZTZ59D1
fw-190d-9_ussr,3.0,100.0,3.0,3.0,0.0,0.0,27.0,50.0,1.5,,0.0,,0.0,,,,,,Fw_190_D-9
uk_challenger_2_lep,3.0,100.0,0.0,0.0,2.0,2.0,319.0,51.21,0.0,0.0,1.64,1.51,0.0,,,,,,Challenger_3_TD
b-17g_iaf,2.0,,,0.0,,4.0,0.0,,,,,,0.0,,,,,,B-17G_(Israel)
yak-9p,3.0,100.0,4.0,4.0,0.0,0.0,25.0,100.0,1.0,0.8,1.0,0.92,0.0,,,,,,Yak-9P
douglas_ad_2,2.0,,,,,,39.0,65.63,0.0,0.0,0.88,0.43,0.0,,,,,,AD-2
re_2001_cn,3.0,,,,,,21.0,60.0,0.0,0.0,0.13,0.13,0.0,,,,,,Re.2001_CN
bf2c_1,4.0,0.0,1.0,1.0,1.0,1.0,5.0,,,,,,0.0,,,,,,BF2C-1
cn_type_59,3.0,,,0.0,,2.0,170.0,76.32,0.0,0.0,3.89,3.05,0.0,,,,,,Type_59
germ_stuh_III_ausf_G,2.0,,,,,,6.0,,,0.0,,2.0,0.0,,,,,,StuH_42_G
cn_m_41d,3.0,,,0.0,,2.0,42.0,47.06,0.0,0.0,0.53,0.87,0.0,,,,,,M41D
p-26a_33,4.0,50.0,0.5,1.0,0.0,0.0,0.0,,,,,,0.0,,,,,,P-26A-33
il_zsu_57_2,4.0,,,0.0,,1.0,70.0,16.67,0.0,0.0,5.33,1.53,0.0,,,,,,ZSU-57-2_(Israel)
i-16_type24,4.0,,,,,,0.0,,,,,,0.0,,,,,,I-16_type_24
p-40f_10,3.0,,,,,,16.0,50.0,1.5,3.0,0.0,0.0,15.0,100.0,1.0,1.0,1.0,1.0,P-40F-10
fr_leopard_2a6nl,2.0,,,,,,14.0,,,0.0,,2.0,0.0,,,,,,Leopard_2A6NL
p-26b_35,4.0,,,1.0,,0.0,0.0,,,,,,0.0,,,,,,P-26B-35
bf-110g-2,4.0,,,0.0,,0.0,8.0,,,0.0,,2.0,0.0,,,,,,Bf_110_G-2
ussr_t_26_1940_1st_GvTBr,3.0,,,,,,23.0,0.0,0.0,0.0,1.0,1.0,9.0,,,,,,T-26_(1st_Gv.T.Br.)
it_m60a1_ariete,3.0,,,0.0,,1.0,16.0,100.0,0.0,0.0,3.0,3.0,0.0,,,,,,"M60A1_""D.C.Ariete"""
p-26a_34_m2,4.0,50.0,0.75,1.5,0.0,0.0,0.0,,,,,,0.0,,,,,,P-26A-34_M2
fr_amx_32_105,2.0,100.0,0.0,0.0,1.5,1.5,324.0,56.88,0.0,0.0,2.88,2.29,0.0,,,,,,AMX-32_(105)
il_m109,3.0,,,,,,20.0,50.0,0.0,0.0,0.5,1.0,0.0,,,,,,M109_(Israel)
su_33,3.0,,,0.0,,0.0,350.0,36.02,1.11,0.86,0.0,0.0,12.0,,,0.75,,0.0,Су-33
sw_strv_m42_delat_torn,2.0,100.0,0.0,0.0,1.0,1.0,116.0,32.38,0.0,0.0,1.3,1.28,0.0,,,,,,Strv_m/42_DT
yak-38,2.0,,,,,,11.0,,,0.0,,0.0,0.0,,,,,,Yak-38
it_m3a3_stuart,4.0,,,0.0,,0.0,3.0,,,,,,0.0,,,,,,M3A3
b6n1,2.0,,,0.0,,4.0,6.0,100.0,0.0,0.0,1.0,1.0,0.0,,,,,,B6N1_Model_11
mb_326k,2.0,,,2.0,,1.0,150.0,85.42,1.69,1.11,4.09,3.49,0.0,,,,,,MB-326K
ussr_is_7,2.0,,,,,,24.0,100.0,0.0,0.0,6.0,5.78,3.0,100.0,0.0,0.0,1.0,1.0,IS-7
jp_type_3_ho_ni_III,2.0,,,,,,76.0,100.0,0.0,0.0,4.35,2.71,0.0,,,,,,Ho-Ni_III
ki-45_ko,2.0,,,,,,0.0,,,,,,0.0,,,,,,Ki-45_ko
il_merkava_mk_3b,1.0,,,,,,279.0,59.83,0.0,0.0,1.4,1.25,0.0,,,,,,Merkava_Mk.3B
p-51d-10,3.0,,,1.0,,1.0,43.0,50.0,1.3,1.3,1.0,1.0,0.0,,,,,,P-51D-10
il_merkava_mk_3c,1.0,,,0.0,,3.0,336.0,60.99,0.0,0.0,2.03,1.61,0.0,,,,,,Merkava_Mk.3C
ussr_t_34_1941_cast_turret,2.0,,,,,,35.0,50.0,0.0,0.0,0.89,1.78,0.0,,,,,,T-34_(1st_Gv.T.Br.)
corsair_fmk2,2.0,,,,,,13.0,,,1.62,,1.38,0.0,,,,,,Corsair_F_Mk_II
morko_morane,3.0,,,,,,8.0,30.0,0.3,0.6,0.3,0.6,0.0,,,,,,Mörkö-Morane
a7m2,2.0,,,,,,96.0,62.67,1.11,0.99,1.67,1.56,0.0,,,,,,A7M2
a6m3_mod22ko_zero,2.0,100.0,2.0,2.0,0.0,0.0,3.0,100.0,1.0,,0.67,,0.0,,,,,,A6M3_mod._22Ko
us_t55e1,2.0,,,0.0,,1.0,64.0,83.33,0.0,0.0,4.24,3.02,0.0,,,,,,T55E1
germ_stug_III_ausf_F,3.0,,,0.0,,3.0,4.0,,,0.0,,2.75,0.0,,,,,,StuG_III_F
a6m5ko,2.0,,,1.5,,0.0,88.0,79.17,2.18,1.31,2.78,2.15,0.0,,,,,,A6M5_Ko
fr_amx_elc_bis,3.0,,,0.0,,1.0,320.0,51.4,0.0,0.0,1.03,0.83,0.0,,,,,,ELC_bis
cn_object_122tm,2.0,,,,,,150.0,56.32,0.0,0.0,7.43,3.59,0.0,,,,,,"Object_122MT_""MC"""
f-86f-40_china,2.0,,,1.0,,0.0,20.0,,,,,,0.0,,,,,,F-86F-40_(China)
ussr_zsu_37_2,1.0,,,,,,298.0,51.0,0.76,0.99,0.3,0.44,0.0,,,,,,ZSU-37-2
mig_27k,3.0,,,,,,19.0,100.0,0.0,0.67,2.5,2.33,14.0,,,,,,MiG-27K
us_m4a3_105_sherman,2.0,,,,,,68.0,0.0,0.0,0.0,7.0,2.02,0.0,,,,,,M4A3_(105)
f-89d,2.0,,,,,,44.0,86.67,3.16,5.04,0.0,0.0,0.0,,,,,,F-89D
d4y2,1.0,,,,,,0.0,,,,,,0.0,,,,,,D4Y2
uk_a_22f_mk_7_churchill_crocodile,2.0,100.0,0.0,,3.0,,121.0,56.24,0.0,0.0,3.08,4.27,0.0,,,,,,Churchill_Crocodile
ussr_t_90a,0.0,,,,,,1030.0,52.71,0.0,0.0,1.51,1.23,12.0,100.0,0.0,0.0,1.0,1.0,Т-90А
it_p_40,1.0,,,,,,1.0,,,0.0,,4.0,0.0,,,,,,P40
jp_type_75_mlrs,2.0,0.0,0.0,0.0,2.0,2.0,8.0,,,0.0,,1.0,0.0,,,,,,Type_75_MLRS
ussr_pantsyr_s1,2.0,,,,,,684.0,32.67,1.1,0.92,0.08,0.08,0.0,,,,,,Pantsir-S1
f-104c,0.0,,,,,,0.0,,,,,,0.0,,,,,,F-104C
brigand_b1,1.0,,,1.0,,1.0,0.0,,,,,,0.0,,,,,,Brigand_B_1
spitfire_ix_early,1.0,,,4.0,,0.0,149.0,82.8,2.1,2.67,1.57,2.09,0.0,,,,,,Spitfire_F_Mk_IX
spitfire_xvi,1.0,,,1.0,,0.0,0.0,,,,,,0.0,,,,,,Spitfire_F_Mk_XVI
db_7,0.0,,,,,,0.0,,,,,,0.0,,,,,,DB-7
bf-109g-10,0.0,,,,,,42.0,0.0,1.0,,1.0,,0.0,,,,,,Bf_109_G-10
tornado_ids_de_wtd61,0.0,,,,,,140.0,57.39,0.71,1.07,0.91,1.31,17.0,,,0.0,,0.0,◄Tornado_IDS_WTD61
wm_21,0.0,,,,,,0.0,,,,,,0.0,,,,,,◔WM-21
tornado_ids_de_mfg,0.0,,,,,,9.0,,,,,,0.0,,,,,,◄Tornado_IDS_MFG
il_m109a1,0.0,,,,,,15.0,,,0.0,,1.0,0.0,,,,,,Rochev
ki_21_1ko,0.0,,,,,,0.0,,,,,,0.0,,,,,,Ki-21-Ia
il_merkava_mk_3_raam_segol,0.0,,,,,,291.0,60.05,0.0,0.0,4.54,1.9,3.0,,,0.0,,1.0,Ra'am_Sagol
il_2_1942_luftwaffe,0.0,,,,,,0.0,,,,,,0.0,,,,,,IL-2_(1942)
a_7e,0.0,,,,,,0.0,,,,,,0.0,,,,,,A-7E
ussr_valentine_mk_9,0.0,,,,,,0.0,,,,,,0.0,,,,,,"МК-IX_""Valentine"""
ussr_bt_7_m,0.0,,,,,,78.0,40.58,0.0,0.0,1.31,1.19,0.0,,,,,,BT-7M
us_m4a3e8_76w_sherman_kit_3rank,0.0,,,,,,295.0,56.8,0.07,0.05,2.25,2.1,0.0,,,,,,Sherman_(Hell)
pv_2d,0.0,,,,,,38.0,33.33,0.7,1.0,2.7,4.0,0.0,,,,,,PV-2D
sb2c_5_thailand,0.0,,,,,,241.0,63.85,0.94,0.96,2.25,2.28,0.0,,,,,,SB2C-5
it_t_72m1,0.0,,,,,,234.0,90.25,0.0,0.0,5.01,3.24,0.0,,,,,,◔T-72M1
mosquito_fb_mk6,0.0,,,,,,28.0,100.0,4.0,,0.0,,0.0,,,,,,Mosquito_FB_Mk_VI
mc-202_ec,0.0,,,,,,11.0,100.0,0.0,,0.0,,0.0,,,,,,C._202EC
fr_vbci2_mct30,0.0,,,,,,15.0,50.0,0.0,0.0,0.5,1.45,0.0,,,,,,VBCI-2_(MCT30)
cn_m5a1_stuart,0.0,,,,,,0.0,,,,,,0.0,,,,,,M5A1_(China)
cn_zsl_92,0.0,,,,,,120.0,74.24,0.0,0.0,0.88,0.48,0.0,,,,,,ZSL92
uk_a_13_mk1_3rd_rtr,0.0,,,,,,14.0,,,,,,0.0,,,,,,A13_Mk_I_(3rd_R.T.R.)
a-26b,0.0,,,,,,0.0,,,,,,0.0,,,,,,A-26B-50
am_1_mauler,0.0,,,,,,238.0,74.6,0.14,0.19,2.29,2.63,0.0,,,,,,AM-1
uk_crusader_aa_mk_1,0.0,,,,,,168.0,42.31,0.35,0.27,2.23,1.43,0.0,,,,,,Crusader_AA_Mk_I
us_m1128_wolfpack,0.0,,,,,,964.0,52.38,0.0,0.0,1.72,1.24,0.0,,,,,,M1128_Wolfpack
he51c1,0.0,,,,,,0.0,,,,,,0.0,,,,,,He_51_C-1
fr_amx_50_foch,0.0,,,,,,60.0,0.0,0.0,0.0,2.73,1.02,0.0,,,,,,AMX-50_Foch
sm_79_1939_italy,0.0,,,,,,0.0,,,,,,0.0,,,,,,S.M.79_serie_8
su-6_m71,0.0,,,,,,34.0,,,0.0,,1.43,13.0,0.0,0.0,0.0,2.0,2.0,Su-6_(M-71F)
spitfiremkiia,0.0,,,,,,16.0,,,,,,0.0,,,,,,Spitfire_Mk_IIa
it_40m_turan_1,0.0,,,,,,35.0,25.93,0.0,0.0,1.72,2.38,0.0,,,,,,Turan_I
a6m6c,0.0,,,,,,59.0,86.37,1.39,2.9,2.28,4.75,0.0,,,,,,A6M6c
jp_type_2_ka_mi,0.0,,,,,,0.0,,,,,,0.0,,,,,,Ka-Mi
fr_pzkpfw_V_panther_dauphine,0.0,,,,,,33.0,100.0,0.0,0.0,3.69,1.85,0.0,,,,,,Panther_«Dauphine»
bf-109e-3,0.0,,,,,,41.0,100.0,0.52,0.31,0.28,0.24,0.0,,,,,,Bf_109_E-3
cn_m3a3_stuart,0.0,,,,,,4.0,,,0.0,,1.0,0.0,,,,,,M3A3_Stuart_(China)
a_7d,0.0,,,,,,39.0,50.0,1.5,3.0,2.0,4.0,0.0,,,,,,A-7D
fokker_d21_serie3_finland,0.0,,,,,,0.0,,,,,,0.0,,,,,,Fokker_D.XXI-3
germ_sdkfz_251_22,0.0,,,,,,19.0,50.0,0.0,0.0,2.5,1.34,0.0,,,,,,Sd.Kfz.251/22
f_111f,0.0,,,,,,41.0,11.73,0.89,1.0,0.5,0.76,3.0,,,0.0,,0.33,F-111F
wyvern_s4,0.0,,,,,,94.0,87.69,2.62,2.23,8.21,6.95,21.0,,,1.0,,1.62,Wyvern_S4
gladiator_mk2,0.0,,,,,,0.0,,,,,,0.0,,,,,,Gladiator_Mk_II
p-43a-1_china,0.0,,,,,,0.0,,,,,,0.0,,,,,,P-43A-1_(China)
us_m3_stuart,0.0,,,,,,21.0,,,0.0,,0.93,0.0,,,,,,M3_Stuart
sw_cv_90120,0.0,,,,,,152.0,48.25,0.0,0.0,2.46,1.34,0.0,,,,,,CV_90120
il_2_m82,1.0,,,,,,0.0,,,,,,0.0,,,,,,IL-2_M-82
it_semovente_breda_501,0.0,,,,,,63.0,58.33,0.0,0.0,2.63,2.13,0.0,,,,,,Breda_501
fr_amx_vtt_dca,0.0,,,,,,62.0,72.22,1.22,2.13,0.72,1.0,0.0,,,,,,VTT_DCA
cn_su_100_1945,0.0,,,,,,83.0,48.0,0.0,0.0,3.8,1.55,0.0,,,,,,SU-100_(China)
germ_wiesel_2_adwc,0.0,,,,,,137.0,30.59,0.9,1.06,0.0,0.0,0.0,,,,,,Ozelot
ussr_t_26_4,0.0,,,,,,0.0,,,,,,0.0,,,,,,T-26-4
ki_44_1,0.0,,,,,,0.0,,,,,,0.0,,,,,,Ki-44-I
seafire_fr47,0.0,,,,,,10.0,,,1.0,,0.7,0.0,,,,,,Seafire_FR_47
j6b,0.0,,,,,,0.0,,,,,,0.0,,,,,,J6B
uk_crusader_aa_mk_2_kit_3rank,0.0,,,,,,8.0,100.0,1.0,1.0,0.0,0.0,0.0,,,,,,Crusader_AA_(Overlord)
il_m_51_w,0.0,,,,,,30.0,0.0,0.0,0.0,2.0,1.19,0.0,,,,,,M-51_(W)
f6f-5_france,0.0,,,,,,123.0,64.25,0.23,0.34,1.83,2.44,0.0,,,,,,F6F-5
ta_154a_1,0.0,,,,,,0.0,,,,,,0.0,,,,,,Ta_154_A-1
germ_infanterie_kampfpanzer_churchill,0.0,,,,,,49.0,40.74,0.0,0.0,1.56,1.69,0.0,,,,,,Pz.Kpfw._Churchill
p1y1_mod11_china,0.0,,,,,,0.0,,,,,,0.0,,,,,,P1Y1_mod._11_(China)
caudron_cr714,0.0,,,,,,0.0,,,,,,0.0,,,,,,C.R.714
it_sherman_VII,0.0,,,,,,21.0,66.67,0.0,0.0,2.67,1.84,0.0,,,,,,M4_Tipo_IC
il_merkava_mk_4b,0.0,,,,,,117.0,50.53,0.0,0.0,2.52,2.01,0.0,,,,,,Merkava_Mk.4B
f-104a,0.0,,,,,,3.0,,,0.0,,0.0,0.0,,,,,,F-104A
fr_vbci,0.0,,,,,,159.0,57.47,0.13,0.11,3.06,2.76,0.0,,,,,,VBCI
a6m2_n_zero,0.0,,,,,,7.0,,,0.0,,0.0,0.0,,,,,,A6M2-N
germ_flakpanzer_IV_Kugelblitz,0.0,,,,,,284.0,26.38,1.14,0.81,0.44,0.22,0.0,,,,,,Kugelblitz
f-100d,0.0,,,,,,272.0,56.19,2.66,4.6,0.17,0.28,0.0,,,,,,F-100D
me-262a1_u1,0.0,,,,,,113.0,33.85,0.71,0.76,0.76,0.41,0.0,,,,,,Me_262_A-1a/U1
p-40e_china,0.0,,,,,,19.0,37.5,1.25,1.13,1.88,1.56,0.0,,,,,,P-40E-1_(China)
germ_pzkpfw_38t_Marder_III,0.0,,,,,,0.0,,,,,,0.0,,,,,,Marder_III
halifax_mk3,0.0,,,,,,0.0,,,,,,0.0,,,,,,Halifax_B_Mk_IIIa
la-9,0.0,,,,,,92.0,100.0,1.68,0.79,0.0,0.0,0.0,,,,,,La-9
yak-3_vk107,0.0,,,,,,42.0,50.0,1.71,3.41,0.0,0.0,5.0,,,,,,Yak-3_(VK-107)
d4y3,0.0,,,,,,0.0,,,,,,0.0,,,,,,D4Y3_Ko
it_otobreda_sidam_25,0.0,,,,,,11.0,50.0,0.0,0.0,0.0,0.0,0.0,,,,,,SIDAM_25
it_m11_39,0.0,,,,,,0.0,,,,,,0.0,,,,,,M11/39
xp-55,1.0,100.0,3.0,3.0,0.0,0.0,54.0,50.0,1.37,1.65,1.37,1.65,0.0,,,,,,XP-55
ki_61_1a_tei,0.0,,,,,,59.0,96.43,2.17,4.25,1.59,3.23,0.0,,,,,,Ki-61-I_tei
douglas_ad_4,0.0,,,,,,118.0,72.44,0.35,0.21,2.87,2.59,0.0,,,,,,AD-4
mc-202_italy,0.0,,,,,,2.0,,,,,,0.0,,,,,,C._202
jp_m41_walker_bulldog,0.0,,,,,,452.0,69.38,0.04,0.04,2.17,2.28,0.0,,,,,,M41A1
seafire_mk3_france,0.0,,,,,,26.0,100.0,0.41,0.0,1.0,1.0,0.0,,,,,,Seafire_LF_Mk.III
tornado_gr1,0.0,,,,,,14.0,50.0,0.0,0.0,1.5,3.0,0.0,,,,,,Tornado_GR.1
douglas_ad_4_france,0.0,,,,,,170.0,50.25,0.45,0.54,1.35,1.61,0.0,,,,,,AD-4
germ_pzkpfw_II_ausf_C,0.0,,,,,,5.0,,,,,,0.0,,,,,,Pz.II_C
sm_91,0.0,,,,,,0.0,,,,,,0.0,,,,,,SM.91
fiat_g50_seria7as_italy,0.0,,,,,,0.0,,,,,,0.0,,,,,,G.50_AS_serie_7
it_b1_centauro,0.0,,,,,,173.0,89.25,0.0,0.0,3.54,1.45,0.0,,,,,,Centauro_I_105
germ_pzsflk40_sturer_emil,0.0,,,,,,35.0,0.0,0.0,0.0,3.25,3.72,0.0,,,,,,Sturer_Emil
cn_ztz_59a,0.0,,,,,,49.0,90.0,0.0,0.0,1.9,1.95,3.0,100.0,0.0,0.0,2.0,2.0,ZTZ59A
bb-1,0.0,,,,,,50.0,98.48,2.45,4.23,7.1,8.88,0.0,,,,,,BB-1
g_55_serie1,0.0,,,,,,25.0,100.0,1.33,0.5,0.33,0.0,0.0,,,,,,G.55_serie_1
p-47d_22_re_france,0.0,,,,,,27.0,100.0,0.0,0.0,1.4,1.4,0.0,,,,,,P-47D-22-RE
yak_141,0.0,,,,,,80.0,42.94,1.24,1.54,0.0,0.0,16.0,,,1.75,,0.0,Yak-141
fw_190f_8_hungary,0.0,,,,,,7.0,,,0.0,,1.0,0.0,,,,,,◔Fw_190_F-8
it_ariete_amv_pt1,0.0,,,,,,67.0,0.0,0.0,0.0,7.06,4.58,0.0,,,,,,Ariete_AMV
ussr_bmd_4,0.0,,,,,,139.0,83.91,0.0,0.0,3.8,1.43,0.0,,,,,,BMD-4
tb_3_m17_32,0.0,,,,,,0.0,,,,,,0.0,,,,,,TB-3M-17-32
db_3a_china,0.0,,,,,,0.0,,,,,,0.0,,,,,,DB-3A_(China)
germ_flakpanzer_IV_Ostwind_2_net,0.0,,,,,,132.0,22.58,0.79,0.66,0.69,0.61,20.0,0.0,0.81,0.65,0.0,0.0,Ostwind_Ost
su_17m4,0.0,,,,,,0.0,,,,,,1.0,100.0,1.0,1.0,1.0,1.0,Su-17M4
p-47d_16_re_germany,0.0,,,,,,15.0,100.0,1.0,1.0,1.0,1.0,0.0,,,,,,P-47D-16-RE
cn_m42_duster,0.0,,,,,,49.0,0.0,0.0,0.0,1.67,1.0,0.0,,,,,,M42_(China)
sw_pvkv_m43_1946,0.0,,,,,,0.0,,,,,,0.0,,,,,,Pvkv_m/43_(1946)
cn_is_2_1943_no402,0.0,,,,,,36.0,50.0,0.0,0.0,1.44,1.44,0.0,,,,,,IS-2_No.402
germ_m44,0.0,,,,,,123.0,17.04,0.0,0.0,0.57,0.73,0.0,,,,,,M44
f4u-7,0.0,,,,,,141.0,78.33,0.36,0.35,3.11,2.52,56.0,66.67,2.6,2.21,3.71,3.14,F4U-7
la_200_toriy,0.0,,,,,,40.0,100.0,1.25,1.2,1.0,0.88,0.0,,,,,,La-200
fr_amx_30_dca,0.0,,,,,,241.0,46.85,0.41,0.27,0.79,0.56,0.0,,,,,,AMX-30_DCA
he51c1_late,0.0,,,,,,0.0,,,,,,0.0,,,,,,He_51_C-1/L
mosquito_f_mk2_norway,0.0,,,,,,5.0,,,,,,0.0,,,,,,◢Mosquito_F.Mk.II
germ_panzerjager_nashorn,0.0,,,,,,160.0,32.45,0.0,0.0,2.05,2.05,0.0,,,,,,Nashorn
uk_a27m_cromwell_1,0.0,,,,,,97.0,97.88,0.0,0.0,1.99,1.64,0.0,,,,,,Cromwell_I
sb2c_1c,0.0,,,,,,0.0,,,,,,0.0,,,,,,SB2C-1C
f_106a_1972,0.0,,,,,,46.0,100.0,5.25,4.06,0.0,0.0,0.0,,,,,,F-106A
us_m56_scorpion,0.0,,,,,,206.0,49.15,0.0,0.0,3.33,1.28,0.0,,,,,,M56
us_m551,0.0,,,,,,796.0,55.0,0.0,0.0,0.91,0.83,0.0,,,,,,M551
germ_leopard_2a5,0.0,,,,,,855.0,44.57,0.0,0.0,1.54,1.33,0.0,,,,,,Leopard_2A5
a_10c,0.0,,,,,,31.0,100.0,0.63,0.69,5.31,4.78,0.0,,,,,,A-10C
it_semovente_m43_75_46,0.0,,,,,,9.0,,,0.0,,1.0,0.0,,,,,,75/46_M43
tornado_gr4,0.0,,,,,,100.0,41.36,1.0,1.4,0.24,0.32,0.0,,,,,,Tornado_GR.4
n1k2_jko,0.0,,,,,,64.0,98.81,0.55,0.56,1.48,1.49,0.0,,,,,,N1K2-Ja
sw_cv_9035_dk,0.0,,,,,,127.0,58.93,0.0,0.0,2.32,2.32,0.0,,,,,,CV9035DK
germ_bmp_1_ddr,0.0,,,,,,95.0,21.66,0.0,0.0,0.73,0.35,0.0,,,,,,SPz_BMP-1
uk_ajax,0.0,,,,,,379.0,49.9,0.0,0.0,1.53,1.37,0.0,,,,,,Ajax
he_112a_0,0.0,,,,,,17.0,100.0,0.12,0.12,2.47,2.47,0.0,,,,,,He_112_A-0
sw_pt_76b,0.0,,,,,,298.0,42.34,0.0,0.0,0.77,0.8,0.0,,,,,,PT-76
fr_m55,0.0,,,,,,20.0,,,,,,0.0,,,,,,M55
il_centurion_mk_5_shot,0.0,,,,,,68.0,36.51,0.0,0.0,2.29,1.7,0.0,,,,,,Sho't
germ_boxer_swatrinf,0.0,,,,,,289.0,37.82,0.01,0.01,0.65,0.46,0.0,,,,,,sWaTrgInf
mc-205_serie3,0.0,,,,,,27.0,100.0,3.18,,2.24,,0.0,,,,,,C._205_serie_3
a6m5_zero,0.0,,,,,,139.0,54.69,2.04,2.13,0.67,0.59,0.0,,,,,,A6M5
mosquito_fb_mk6_ash_norway,0.0,,,,,,0.0,,,,,,0.0,,,,,,◢Mosquito_FB.Mk.VI_ASH
fw-190a-5_cannons,0.0,,,,,,10.0,,,1.0,,0.0,0.0,,,,,,Fw_190_A-5
fr_amx_30_1972,0.0,,,,,,306.0,59.93,0.0,0.0,2.53,1.59,0.0,,,,,,AMX-30_(1972)
fr_amc_34,0.0,,,,,,0.0,,,,,,0.0,,,,,,AMC.34_YR
uk_charioteer_mk_7,0.0,,,,,,215.0,43.05,0.0,0.0,3.16,1.91,0.0,,,,,,Charioteer_Mk_VII
ussr_bmp_2m,0.0,,,,,,1652.0,44.83,0.0,0.0,1.31,0.84,11.0,,,0.0,,1.0,BMP-2M
b7a2_homare_23,0.0,,,,,,54.0,88.64,2.09,1.44,2.59,1.9,0.0,,,,,,B7A2_(Homare_23)
lightning_f6,0.0,,,,,,5.0,,,1.0,,2.0,0.0,,,,,,Lightning_F.6
pb4y-2,0.0,,,,,,0.0,,,,,,0.0,,,,,,PB4Y-2
jp_type_60_atm,0.0,,,,,,122.0,51.85,0.0,0.0,0.78,0.54,0.0,,,,,,Type_60_ATM
i-15_1935_moscow,0.0,,,,,,0.0,,,,,,0.0,,,,,,I-15_M-25
sw_vickers_mk_e_45,0.0,,,,,,0.0,,,,,,0.0,,,,,,T-26E
fw_190a_5_u14,0.0,,,,,,0.0,,,,,,0.0,,,,,,Fw_190_A-5/U14
maryland_mk1_france,0.0,,,,,,0.0,,,,,,0.0,,,,,,Martin_167-A3
us_m18_hellcat_black_cat_race,,,,,,,,,,,,,,,,,,,"""Racing""_M18"
it_semovente_m43_105,0.0,,,,,,0.0,,,,,,0.0,,,,,,105/25_M43
germ_panzerwerfer_42,0.0,,,,,,0.0,,,,,,0.0,,,,,,15_cm_Pz.W.42
fr_char_2c,0.0,,,,,,0.0,,,,,,0.0,,,,,,2C
ussr_2s25m,0.0,,,,,,1291.0,51.37,0.0,0.0,1.5,1.12,19.0,,,0.0,,1.0,2S25M
ussr_zprk_2s6,0.0,,,,,,1011.0,48.36,0.72,0.71,0.36,0.35,0.0,,,,,,2S6
ussr_2s19_m2,0.0,,,,,,29.0,,,0.0,,1.11,0.0,,,,,,2С19М2
it_semovente_l40,0.0,,,,,,0.0,,,,,,0.0,,,,,,47/32_L40
it_semovente_m41_75_18,0.0,,,,,,0.0,,,,,,0.0,,,,,,75/18_M41
it_semovente_m43_75_34,0.0,,,,,,0.0,,,,,,0.0,,,,,,75/34_M43
ussr_buk_m3_launcher,,,,,,,,,,,,,,,,,,,"9К317М_""БУК-М3""_(СОУ)"
a_10a_late,0.0,,,,,,371.0,58.86,1.22,1.1,5.11,4.21,1.0,,,0.0,,1.0,A-10A_Late
douglas_a_1h,0.0,,,,,,474.0,88.08,0.39,0.36,5.83,5.38,0.0,,,,,,A-1H
a-26c,0.0,,,,,,0.0,,,,,,0.0,,,,,,A-26C-45
a-26c-45-dt,0.0,,,,,,0.0,,,,,,0.0,,,,,,A-26C-45DT
a_29_hudson,0.0,,,,,,0.0,,,,,,0.0,,,,,,A-29
a-35b,0.0,,,,,,0.0,,,,,,0.0,,,,,,A-35B
a_4b,0.0,,,,,,318.0,65.78,0.15,0.19,1.58,2.01,0.0,,,,,,A-4B
a_4e_early,0.0,,,,,,312.0,56.81,0.46,0.45,2.35,2.23,0.0,,,,,,A-4E_Early
a_6e_tram,0.0,,,,,,95.0,54.54,0.09,0.09,1.79,2.02,20.0,100.0,2.0,0.03,2.0,0.03,A-6E_TRAM
a_7e_thailand,0.0,,,,,,8.0,,,1.0,,0.0,0.0,,,,,,A-7E
uk_ac4_thunderbolt,0.0,,,,,,1.0,,,0.0,,1.0,0.0,,,,,,A.C.IV
vampire_fb5_j28b,0.0,,,,,,22.0,,,1.09,,1.0,0.0,,,,,,A28B
saab_j29b,0.0,,,,,,13.0,0.0,0.0,0.0,0.0,0.0,0.0,,,,,,A29B
a2d,0.0,,,,,,548.0,55.41,0.29,0.28,1.72,1.6,42.0,,,0.75,,2.29,A2D-1
saab_a32a,0.0,,,,,,70.0,55.26,2.34,1.66,5.26,3.86,0.0,,,,,,A32A
saab_a32a_red_adam,0.0,,,,,,0.0,,,,,,0.0,,,,,,A32A_Röd_Adam
a6m2_zero_usa,0.0,,,,,,8.0,,,,,,0.0,,,,,,A6M2
a7he1,0.0,,,,,,0.0,,,,,,0.0,,,,,,A7He1
germ_a7v,0.0,,,,,,0.0,,,,,,0.0,,,,,,A7V
uk_17_pdr_m10_achilles,0.0,,,,,,51.0,0.0,0.0,0.0,7.0,2.95,0.0,,,,,,Achilles
douglas_ad_4na_france,0.0,,,,,,14.0,0.0,0.0,,1.0,,14.0,,,1.0,,3.0,AD-4NA
uk_adats_m113a3,0.0,,,,,,193.0,50.0,1.14,0.79,0.37,0.23,0.0,,,,,,ADATS_(M113)
uk_armored_car_mk_2_aa,0.0,,,,,,8.0,50.0,0.0,0.0,0.5,0.5,0.0,,,,,,AEC_AA
uk_armored_car_aec_mk_2,0.0,,,,,,47.0,50.93,0.0,0.0,1.78,2.47,0.0,,,,,,AEC_Mk_II
fa_18a_hug_2_raaf,0.0,,,,,,20.0,50.0,0.5,0.5,0.0,0.0,16.0,,,0.0,,0.0,AF/A-18A_Late
cn_hj_9,0.0,,,,,,151.0,67.83,0.0,0.0,2.92,2.8,0.0,,,,,,AFT09
us_ags_teledyne,0.0,,,,,,169.0,64.73,0.0,0.0,5.17,2.39,0.0,,,,,,AGS
aichi_e13a,,,,,,,,,,,,,,,,,,,Aichi_E13A1
saab_aj37,0.0,,,,,,113.0,53.87,0.29,0.45,0.68,0.95,0.0,,,,,,AJ37
saab_ajs37_early,0.0,,,,,,49.0,61.52,0.77,0.79,1.02,1.04,0.0,,,,,,AJS37_(Early)
uk_alecto_mk_1,0.0,,,,,,0.0,,,,,,0.0,,,,,,Alecto_I
alpha_jet_a_thailand,0.0,,,,,,200.0,74.89,0.17,0.14,3.1,3.29,0.0,,,,,,Alpha_Jet_A
alpha_jet_a,0.0,,,,,,331.0,55.17,0.17,0.16,1.31,0.95,50.0,,,0.0,,2.57,Alpha_Jet_A
alpha_jet_a_jabog41,0.0,,,,,,73.0,50.0,0.0,0.0,0.77,1.09,0.0,,,,,,Alpha_Jet_A_(JaboG_41)
alpha_jet_e,0.0,,,,,,34.0,100.0,0.0,0.0,1.0,1.0,0.0,,,,,,Alpha_Jet_E
alpha_jet_th_phase_1,0.0,,,,,,7.0,,,0.0,,1.6,0.0,,,,,,Alpha_Jet_TH
fr_amc_35,0.0,,,,,,12.0,,,,,,0.0,,,,,,AMC.35_(ACG.1)
fr_amd_35,0.0,,,,,,27.0,,,0.0,,2.11,0.0,,,,,,AMD.35
fr_aml_90,0.0,,,,,,182.0,63.09,0.0,0.0,2.18,1.04,0.0,,,,,,AML-90
fr_amr_35_zt3,0.0,,,,,,0.0,,,,,,0.0,,,,,,AMR.35_ZT3
amx,0.0,,,,,,8.0,100.0,0.0,,2.75,,0.0,,,,,,AMX
amx_a_1a_brazil,0.0,,,,,,32.0,100.0,0.0,0.0,2.0,0.47,3.0,,,,,,AMX_A-1A
fr_amx_10m_acra,0.0,,,,,,21.0,100.0,0.0,0.0,4.0,2.0,0.0,,,,,,AMX-10M
fr_amx_10p,0.0,,,,,,310.0,62.27,0.25,0.28,0.4,0.41,0.0,,,,,,AMX-10P
fr_amx_13_hot,0.0,,,,,,10.0,50.0,0.0,0.0,1.0,2.0,0.0,,,,,,AMX-13_(HOT)
fr_amx_13_75_ss11,0.0,,,,,,18.0,100.0,0.0,0.0,3.0,3.0,0.0,,,,,,AMX-13_(SS.11)
fr_amx_30,0.0,,,,,,127.0,52.62,0.0,0.0,1.72,1.89,0.0,,,,,,AMX-30
fr_amx_50_1950,0.0,,,,,,146.0,76.34,0.0,0.0,4.47,2.9,23.0,,,0.0,,3.0,AMX-50_(TO90/930)
fr_amx_50_surblinde,0.0,,,,,,19.0,100.0,0.0,0.0,4.0,3.16,0.0,,,,,,AMX-50_Surblindé
cn_antelope_tc_1l_ads,0.0,,,,,,30.0,78.95,0.0,0.0,0.0,0.0,0.0,,,,,,Antelope
arado-196a-3,0.0,,,,,,0.0,,,,,,0.0,,,,,,Ar_196_A-3
arado-196a-5,0.0,,,,,,0.0,,,,,,0.0,,,,,,Ar_196_A-5
arado-234,0.0,,,,,,27.0,61.11,0.0,0.0,2.39,3.71,0.0,,,,,,Ar_234_B-2
arado-234c-3,0.0,,,,,,23.0,,,0.0,,1.73,0.0,,,,,,Ar_234_C-3
ariete,0.0,,,,,,180.0,58.93,2.75,2.77,1.66,1.7,1.0,,,,,,Ariete
uk_as_90_mk_2,0.0,,,,,,174.0,51.94,0.0,0.0,2.02,2.06,0.0,,,,,,AS90
sw_asrad_r,0.0,,,,,,50.0,100.0,2.6,,0.0,,0.0,,,,,,ASRAD-R
attaker_fb1,0.0,,,,,,0.0,,,,,,0.0,,,,,,Attacker_FB_1
attaker_fb2,0.0,,,,,,31.0,90.48,0.93,1.07,1.21,1.43,0.0,,,,,,Attacker_FB.2
f4u-6_au-1,0.0,,,,,,299.0,71.63,0.46,0.54,2.87,3.38,0.0,,,,,,AU-1
it_aubl_74_60_70m,0.0,,,,,,263.0,69.87,0.0,0.0,2.97,1.08,0.0,,,,,,AUBL/74_HVG
fr_amx_30_auf_1,0.0,,,,,,66.0,54.76,0.21,0.16,0.98,1.27,0.0,,,,,,AuF1
av_8b_plus_italy,0.0,,,,,,0.0,,,,,,0.0,,,,,,AV-8B_Plus
av_8s_thailand,0.0,,,,,,52.0,50.0,1.73,2.52,1.73,3.05,0.0,,,,,,AV-8S
av_8s_late_thailand,0.0,,,,,,9.0,100.0,1.0,1.0,0.0,0.0,0.0,,,,,,AV-8S_Late
avenger_mk1,0.0,,,,,,0.0,,,,,,0.0,,,,,,Avenger_Mk_II
a_4n,0.0,,,,,,83.0,65.56,1.39,1.68,4.86,6.43,0.0,,,,,,Ayit
b_10b,0.0,,,,,,0.0,,,,,,0.0,,,,,,B-10B
b-17e_japan,0.0,,,,,,0.0,,,,,,0.0,,,,,,B-17E
b-17e,0.0,,,,,,0.0,,,,,,0.0,,,,,,B-17E
b_18a,0.0,,,,,,0.0,,,,,,0.0,,,,,,B-18A
b_25j_1,0.0,,,,,,0.0,,,,,,0.0,,,,,,B-25J-1
b_25j_20,0.0,,,,,,0.0,,,,,,0.0,,,,,,B-25J-20
b_26c_france,0.0,,,,,,0.0,,,,,,0.0,,,,,,B-26C
b_34,0.0,,,,,,0.0,,,,,,0.0,,,,,,B-34
b_52h,0.0,,,,,,31.0,100.0,0.0,0.0,6.0,5.63,0.0,,,,,,B-52H
b-57,0.0,,,,,,9.0,,,0.0,,0.0,0.0,,,,,,B-57A
b-57b,0.0,,,,,,0.0,,,,,,0.0,,,,,,B-57B
b_66b,0.0,,,,,,0.0,,,,,,0.0,,,,,,B-66B
br_20_dr,0.0,,,,,,0.0,,,,,,0.0,,,,,,B.R.20DR
br_20m_m1,0.0,,,,,,0.0,,,,,,0.0,,,,,,B.R.20M_M1
fr_b1_bis,0.0,,,,,,38.0,,,0.0,,1.31,0.0,,,,,,B1_bis
fr_b1_ter,0.0,,,,,,18.0,100.0,0.0,0.0,3.0,2.78,0.0,,,,,,B1_ter
saab_b17a,0.0,,,,,,0.0,,,,,,0.0,,,,,,B17A
saab_b17b,0.0,,,,,,17.0,0.0,0.0,0.0,0.0,0.0,0.0,,,,,,B17B
saab_b18a,0.0,,,,,,0.0,,,,,,0.0,,,,,,B18A
saab_b18b,0.0,,,,,,113.0,66.67,0.0,0.0,0.82,0.58,0.0,,,,,,B18B
b6n2,0.0,,,,,,0.0,,,,,,0.0,,,,,,B6N2_Model_12
b6n2a,0.0,,,,,,0.0,,,,,,0.0,,,,,,B6N2a_Model_12Ko
ussr_ba_11,0.0,,,,,,0.0,,,,,,0.0,,,,,,BA-11
ba_65_k14_l,0.0,,,,,,0.0,,,,,,0.0,,,,,,Ba.65_(K.14)_L
ba_65_a80,0.0,,,,,,0.0,,,,,,0.0,,,,,,Ba.65_A.80
uk_badger,0.0,,,,,,30.0,100.0,0.0,0.0,3.11,1.38,0.0,,,,,,Badger
f_16d_block_40_barak_2,0.0,,,,,,82.0,94.67,0.86,1.4,1.52,1.88,0.0,,,,,,Barak_II
il_m113_hvms,0.0,,,,,,87.0,67.74,0.0,0.0,1.45,1.39,0.0,,,,,,Bardelas/60mm_HVMS
f_15a_iaf,0.0,,,,,,0.0,,,,,,0.0,,,,,,Baz
f_15c_baz_msip,0.0,,,,,,0.0,,,,,,0.0,,,,,,Baz_Meshupar
be_6,0.0,,,,,,0.0,,,,,,0.0,,,,,,Be-6
beaufighter_mk1_40mm,0.0,,,,,,0.0,,,,,,0.0,,,,,,Beaufighter_Mk_I_(40-mm)
germ_beutepanzer_mk_iv,0.0,,,,,,0.0,,,,,,0.0,,,,,,Beutepanzer_IV
bf-109c_1_promo,0.0,,,,,,0.0,,,,,,0.0,,,,,,Bf_109_C-1_Promo
bf-109e-3_japan,0.0,,,,,,15.0,,,,,,0.0,,,,,,Bf_109_E-7
bf-109e-7,0.0,,,,,,0.0,,,,,,0.0,,,,,,Bf_109_E-7/U2
bf-109g-14,0.0,,,,,,77.0,71.11,1.07,0.9,0.79,0.57,0.0,,,,,,Bf_109_G-14
bf-109g-14as,0.0,,,,,,17.0,0.0,0.56,0.56,0.89,0.89,0.0,,,,,,Bf_109_G-14/AS
bf-109g-2_romania,0.0,,,,,,0.0,,,,,,0.0,,,,,,Bf_109_G-2
bf-109g-6_finland,0.0,,,,,,69.0,100.0,4.42,5.5,2.88,3.42,0.0,,,,,,Bf_109_G-6
bf-109k-4,0.0,,,,,,461.0,67.42,1.54,2.44,0.52,0.81,26.0,100.0,6.89,3.44,0.0,0.0,Bf_109_K-4
bf-109z,0.0,,,,,,28.0,100.0,4.0,1.81,3.0,1.5,0.0,,,,,,Bf_109_Z-1
bf-110c-6,0.0,,,,,,0.0,,,,,,0.0,,,,,,Bf_110_C-6
bf-110c-4,0.0,,,,,,0.0,,,,,,0.0,,,,,,Bf_110_C-7
bi,0.0,,,,,,4.0,,,,,,0.0,,,,,,BI
jp_oplot_t,0.0,,,,,,584.0,60.71,0.0,0.0,2.49,1.75,0.0,,,,,,BM_Oplot-T
ussr_bm_13n,0.0,,,,,,0.0,,,,,,0.0,,,,,,BM-13N
ussr_bm_31_12,0.0,,,,,,148.0,96.63,0.0,0.0,0.23,0.19,0.0,,,,,,BM-31-12
ussr_bm_8_24,0.0,,,,,,0.0,,,,,,0.0,,,,,,BM-8-24
p-38j_marge,0.0,,,,,,42.0,100.0,5.0,,4.0,,12.0,100.0,2.0,2.0,2.0,2.0,Bong's_P-38J-15
boston_mk_1,0.0,,,,,,0.0,,,,,,0.0,,,,,,Boston_Mk_I
uk_bosvark,0.0,,,,,,70.0,29.17,0.39,0.45,0.64,0.7,0.0,,,,,,Bosvark
br_693_ab2,0.0,,,,,,0.0,,,,,,0.0,,,,,,Br.693AB2
breda_88,0.0,,,,,,0.0,,,,,,0.0,,,,,,Breda_88_(P.XI)
ussr_bt_7_1937_td,0.0,,,,,,0.0,,,,,,0.0,,,,,,BT-7_TD
ussr_bt_7a_f32,0.0,,,,,,172.0,63.44,0.0,0.0,2.47,2.07,0.0,,,,,,BT-7A_(F-32)
jp_btr_3e1,0.0,,,,,,279.0,64.04,0.0,0.0,1.51,1.22,0.0,,,,,,BTR-3E1
buccaneer_s1,0.0,,,,,,30.0,100.0,0.0,0.0,0.25,0.56,0.0,,,,,,Buccaneer_S.1
buccaneer_s2,0.0,,,,,,52.0,18.0,0.0,0.0,1.18,0.68,0.0,,,,,,Buccaneer_S.2
bv-138c-1,0.0,,,,,,0.0,,,,,,0.0,,,,,,BV_138_C-1
bv-238,0.0,,,,,,0.0,,,,,,0.0,,,,,,BV_238
mc200_serie3_italy,0.0,,,,,,0.0,,,,,,0.0,,,,,,C._200_serie_3
mc200_serie3,0.0,,,,,,0.0,,,,,,0.0,,,,,,C._200_serie_3
mc200_serie7,0.0,,,,,,0.0,,,,,,0.0,,,,,,C._200_serie_7
mc-202,0.0,,,,,,0.0,,,,,,0.0,,,,,,C._202
mc-202_d,0.0,,,,,,0.0,,,,,,0.0,,,,,,C._202D
mc-205_n2,0.0,,,,,,6.0,100.0,2.0,,0.0,,0.0,,,,,,C._205N2
it_c13_tua,0.0,,,,,,0.0,,,,,,0.0,,,,,,C13/TUA
germ_leopard_c2_mexas,0.0,,,,,,83.0,50.0,0.0,0.0,2.13,2.76,0.0,,,,,,C2A1
canberra_bimk6,0.0,,,,,,70.0,97.22,4.06,16.06,0.53,2.0,0.0,,,,,,Canberra_B_(I)_Mk_6
canberra_bmk2,0.0,,,,,,0.0,,,,,,0.0,,,,,,Canberra_B_Mk_2
pby-5a_raf,0.0,,,,,,0.0,,,,,,0.0,,,,,,Catalina_Mk_IIIa
cn_gmc_cckw_353_m45_quad,0.0,,,,,,0.0,,,,,,0.0,,,,,,CCKW_353_(M45)
it_sahariano,0.0,,,,,,0.0,,,,,,0.0,,,,,,Celere_Sahariano
it_b1_centauro_romor,0.0,,,,,,67.0,56.67,0.0,0.0,1.68,2.2,0.0,,,,,,Centauro_I_105_R
it_centauro_mgs_120,0.0,,,,,,87.0,64.75,0.0,0.0,2.01,2.08,0.0,,,,,,Centauro_I_120
it_centauro_2,0.0,,,,,,154.0,77.59,0.0,0.0,3.52,2.37,0.0,,,,,,Centauro_II_(P)
uk_centurion_action_x,0.0,,,,,,15.0,,,0.0,,1.13,0.0,,,,,,Centurion_Action_X
uk_centurion_mk_2,0.0,,,,,,120.0,54.36,0.0,0.0,2.93,2.79,0.0,,,,,,Centurion_Mk.2
uk_centurion_mk_5_raac,0.0,,,,,,61.0,100.0,0.0,0.0,4.09,2.58,0.0,,,,,,Centurion_Mk.5/1
yak-9t_france,0.0,,,,,,8.0,,,,,,0.0,,,,,,Challe's_Yak-9T
fr_bat_chat_25t,0.0,,,,,,167.0,77.9,0.0,0.0,3.58,2.97,0.0,,,,,,Char_25t
jp_type_97_kai,0.0,,,,,,100.0,100.0,0.0,0.0,6.48,3.61,0.0,,,,,,Chi-Ha_Kai
jp_type_97_kai_td,0.0,,,,,,0.0,,,,,,0.0,,,,,,Chi-Ha_Kai_TD
jp_type_1_chi_he_5th_regiment,0.0,,,,,,0.0,,,,,,0.0,,,,,,Chi-He_(5th_Regiment)
uk_chieftain_mk_3,0.0,,,,,,147.0,50.0,0.0,0.0,1.69,2.04,0.0,,,,,,Chieftain_Mk_3
uk_churchill_avre,0.0,,,,,,0.0,,,,,,0.0,,,,,,Churchill_AVRE_Petard
uk_churchill_na75,0.0,,,,,,0.0,,,,,,0.0,,,,,,Churchill_NA75
f-86_cl_13_mk4_italy,0.0,,,,,,44.0,45.24,2.29,3.5,1.71,2.54,0.0,,,,,,CL-13_Mk.4
germ_th_800_bismark,0.0,,,,,,25.0,,,0.0,,2.82,0.0,,,,,,Class_3_(P)
us_sl_amraam_launcher,,,,,,,,,,,,,,,,,,,CLAWS_(СОУ)
us_sl_amraam_fcs,0.0,,,,,,288.0,61.71,1.25,1.17,0.0,0.0,0.0,,,,,,CLAWS_(СОЦ)
fr_marder_clovis,0.0,,,,,,306.0,57.59,0.03,0.03,2.06,2.21,18.0,,,0.0,,1.0,CLOVIS
cn_cm11,0.0,,,,,,105.0,64.26,0.0,0.0,4.54,4.89,0.0,,,,,,CM11
cn_cm_34,0.0,,,,,,251.0,58.6,0.0,0.0,1.18,0.97,15.0,66.67,0.0,0.0,2.3,2.3,CM34
it_fiat_cm52,0.0,,,,,,14.0,,,0.0,,0.0,0.0,,,,,,CM52
uk_a_34_comet_iron_duke,0.0,,,,,,0.0,,,,,,0.0,,,,,,"Comet_I_""Iron_Duke_IV"""
cr_32_bis,0.0,,,,,,0.0,,,,,,0.0,,,,,,CR.32_bis
fiat_cr42,0.0,,,,,,0.0,,,,,,0.0,,,,,,CR.42
fiat_cr42_italy,0.0,,,,,,0.0,,,,,,0.0,,,,,,CR.42
uk_crusader_aa_mk_2,0.0,,,,,,51.0,63.98,0.79,1.35,0.1,0.23,0.0,,,,,,Crusader_AA_Mk_II
it_39m_csaba,0.0,,,,,,0.0,,,,,,0.0,,,,,,Csaba
sw_patria_amv_ctcv_105,0.0,,,,,,100.0,67.83,0.0,0.0,2.7,1.87,0.0,,,,,,CT-CV_105HP
jp_icv_prototype,0.0,,,,,,160.0,52.49,0.14,0.13,1.02,1.19,0.0,,,,,,CTWV_RCV
sw_cv_90_mk4,0.0,,,,,,106.0,56.45,0.0,0.0,1.01,1.01,0.0,,,,,,CV_90_Mk.IV
fr_cv_9035_nl,0.0,,,,,,62.0,50.0,0.0,0.0,2.45,2.08,0.0,,,,,,CV_9035NL
sw_cv_9030_fin,0.0,,,,,,357.0,47.73,0.0,0.0,1.27,1.05,0.0,,,,,,CV9030FIN
cw_21,0.0,,,,,,0.0,,,,,,0.0,,,,,,CW-21
d_371,0.0,,,,,,0.0,,,,,,0.0,,,,,,D.371
d_371_hs9,0.0,,,,,,2.0,,,1.0,,0.0,0.0,,,,,,D.371_H.S.9
d_373,0.0,,,,,,0.0,,,,,,0.0,,,,,,D.373
d_500,0.0,,,,,,0.0,,,,,,0.0,,,,,,D.500
d_501,0.0,,,,,,0.0,,,,,,0.0,,,,,,D.501
d_510c,0.0,,,,,,0.0,,,,,,0.0,,,,,,D.510C
d_520_france,0.0,,,,,,18.0,,,,,,0.0,,,,,,D.520
fr_renault_d2,0.0,,,,,,27.0,,,0.0,,2.0,0.0,,,,,,D2
d3a1,0.0,,,,,,0.0,,,,,,0.0,,,,,,D3A1
d4y1,0.0,,,,,,0.0,,,,,,0.0,,,,,,D4Y1
it_dardo_vcc,0.0,,,,,,17.0,50.0,0.0,0.0,1.0,1.0,8.0,50.0,0.0,0.0,2.0,2.0,Dardo
db_3b,0.0,,,,,,0.0,,,,,,0.0,,,,,,DB-3B
uk_desert_warrior,0.0,,,,,,63.0,0.0,0.0,0.0,0.74,0.5,0.0,,,,,,Desert_Warrior
do_17e_1,0.0,,,,,,0.0,,,,,,0.0,,,,,,Do_17_E-1
do_17z_2,0.0,,,,,,0.0,,,,,,0.0,,,,,,Do_17_Z-2
do_17z_7,0.0,,,,,,0.0,,,,,,0.0,,,,,,Do_17_Z-7
do_217e_4,1.0,,,,,,0.0,,,,,,0.0,,,,,,Do_217_E-4
do_217j_1,0.0,,,,,,0.0,,,,,,0.0,,,,,,Do_217_J-1
do_217j_2,0.0,,,,,,0.0,,,,,,0.0,,,,,,Do_217_J-2
do_217k_1,0.0,,,,,,0.0,,,,,,0.0,,,,,,Do_217_K-1
do_217m_1,0.0,,,,,,0.0,,,,,,0.0,,,,,,Do_217_M-1
do_217n_1,0.0,,,,,,0.0,,,,,,0.0,,,,,,Do_217_N-1
do_217n_2,0.0,,,,,,0.0,,,,,,0.0,,,,,,Do_217_N-2
do_335b_2,0.0,,,,,,141.0,56.25,0.68,0.54,2.84,2.47,0.0,,,,,,Do_335_B-2
fr_panhard_ebr_1951,0.0,,,,,,410.0,75.89,0.0,0.0,1.71,1.41,0.0,,,,,,E.B.R._(1951)
fr_panhard_ebr_1954,0.0,,,,,,120.0,83.83,0.0,0.0,4.25,2.86,21.0,,,0.0,,1.87,E.B.R._(1954)
fr_panhard_ebr_1963,0.0,,,,,,0.0,,,,,,0.0,,,,,,E.B.R._(1963)
e7k2,,,,,,,,,,,,,,,,,,,E7K2
e8n2,,,,,,,,,,,,,,,,,,,E8N2
us_efv_p1,0.0,,,,,,180.0,48.67,0.0,0.0,1.19,0.72,0.0,,,,,,EFV
il_eitan,0.0,,,,,,138.0,61.84,0.0,0.0,0.81,0.7,0.0,,,,,,Eitan_(P)
sw_eldenhet_98,0.0,,,,,,5.0,100.0,1.0,1.0,0.0,0.0,0.0,,,,,,EldE_98
etndard_4m,0.0,,,,,,44.0,100.0,2.0,1.14,1.0,0.57,0.0,,,,,,Etendard_IVM
f1,0.0,,,,,,47.0,89.3,4.17,6.23,0.0,0.0,0.0,,,,,,F-1
f-100d_france,0.0,,,,,,5.0,,,,,,0.0,,,,,,F-100D
f_101c,0.0,,,,,,46.0,85.48,1.48,4.33,1.61,4.22,0.0,,,,,,F-101C
f-104g_belgium,0.0,,,,,,0.0,,,,,,0.0,,,,,,F-104G
f-104g_italy,0.0,,,,,,0.0,,,,,,0.0,,,,,,F-104G
f-104j,0.0,,,,,,0.0,,,,,,0.0,,,,,,F-104J
f-104s,0.0,,,,,,0.0,,,,,,0.0,,,,,,F-104S
f-104s_cb,0.0,,,,,,88.0,5.56,0.64,0.79,4.58,4.56,0.0,,,,,,F-104S_TAF
f-104s_asa,0.0,,,,,,16.0,,,1.0,,0.0,0.0,,,,,,F-104S.ASA
f_111a,0.0,,,,,,0.0,,,,,,0.0,,,,,,F-111A
f_111c_raaf,0.0,,,,,,27.0,46.3,0.46,0.93,0.46,0.93,0.0,,,,,,F-111C
f_117,0.0,,,,,,38.0,50.0,0.0,0.0,1.07,2.14,0.0,,,,,,F-117
f_14a_early,0.0,,,,,,93.0,46.24,1.02,0.98,0.0,0.0,13.0,,,0.0,,0.0,F-14A_Early
f_14b,0.0,,,,,,74.0,33.33,1.63,0.79,0.83,0.36,0.0,,,,,,F-14B
f_14d,0.0,,,,,,709.0,47.88,1.37,1.6,0.05,0.06,0.0,,,,,,F-14D
f_15i_raam,0.0,,,,,,79.0,83.33,1.58,1.53,1.54,1.81,0.0,,,,,,F-15I_Ra’am
f_15j,0.0,,,,,,16.0,50.0,1.5,1.5,0.0,0.0,0.0,,,,,,F-15J
f_15j_kai,0.0,,,,,,27.0,80.0,2.4,3.12,0.09,0.76,0.0,,,,,,F-15J(M)
f_16a_block_15_belgium,0.0,,,,,,10.0,,,1.0,,0.0,0.0,,,,,,F-16A
f_16a_block_15_adf_italy,0.0,,,,,,7.0,,,,,,0.0,,,,,,F-16A_ADF
f_16a_block_15_ocu_thailand,0.0,,,,,,35.0,100.0,2.33,2.33,0.56,0.56,0.0,,,,,,F-16A_OCU
f_16a_block_15_ocu_belgium,0.0,,,,,,0.0,,,,,,0.0,,,,,,F-16A_OCU
f_16aj,0.0,,,,,,72.0,85.71,0.56,0.4,2.82,2.29,0.0,,,,,,F-16AJ
f_16am_block_15_mlu_belgium,0.0,,,,,,22.0,100.0,1.0,1.0,0.0,0.0,0.0,,,,,,F-16AM
f_16c_block_40_barak_2,0.0,,,,,,0.0,,,,,,0.0,,,,,,F-16C_Barak_II
f_16i_sufa,0.0,,,,,,0.0,,,,,,0.0,,,,,,F-16I_Sufa
fa_18c_finland,0.0,,,,,,67.0,50.0,1.22,1.24,0.0,0.0,0.0,,,,,,F-18C
ef_2000a,0.0,,,,,,0.0,,,,,,0.0,,,,,,F-2000A
ef_2000a_aesa,0.0,,,,,,79.0,71.15,3.48,5.08,0.71,0.84,0.0,,,,,,F-2000A_(AESA)
f_20a,0.0,,,,,,53.0,81.37,1.51,1.23,0.39,0.23,0.0,,,,,,F-20A
f_2a,0.0,,,,,,103.0,81.52,2.38,1.97,0.1,0.1,39.0,,,1.93,,0.0,F-2A
f_2a_adtw,0.0,,,,,,851.0,62.44,1.4,1.78,0.5,0.61,46.0,,,1.46,,1.15,F-2A_ADTW
f-4ej_adtw,0.0,,,,,,218.0,62.02,2.78,1.88,0.62,0.44,18.0,,,0.0,,0.0,F-4EJ_ADTW
f-4ej_kai,0.0,,,,,,15.0,,,1.0,,0.0,0.0,,,,,,F-4EJ_Kai_Phantom_II
f-4ej,0.0,,,,,,52.0,85.51,1.13,1.15,0.22,0.35,0.0,,,,,,F-4EJ_Phantom_II
f-5a,0.0,,,,,,0.0,,,,,,0.0,,,,,,F-5A
f-5a_thailand,0.0,,,,,,13.0,100.0,3.0,3.0,5.0,5.0,0.0,,,,,,F-5A
f-5e_fcu_thailand,0.0,,,,,,416.0,59.58,1.51,2.0,0.73,0.96,0.0,,,,,,F-5E_FCU
f-5t_thailand,0.0,,,,,,13.0,,,0.0,,1.69,0.0,,,,,,F-5T_SCU
f-5th_thailand,0.0,,,,,,56.0,100.0,1.53,1.18,0.63,0.24,0.0,,,,,,F-5TH_TCU
p-51c-10_france,0.0,,,,,,0.0,,,,,,0.0,,,,,,F-6C-10-NA
f-84f_france,0.0,,,,,,44.0,50.0,0.0,0.0,0.5,0.73,0.0,,,,,,F-84F
f-84f_italy,0.0,,,,,,0.0,,,,,,0.0,,,,,,F-84F
f-84f,0.0,,,,,,79.0,70.97,0.24,0.15,1.11,1.1,0.0,,,,,,F-84F
f-84f_iaf,0.0,,,,,,0.0,,,,,,0.0,,,,,,F-84F_IAF
f-84g,0.0,,,,,,0.0,,,,,,0.0,,,,,,F-84G-21-RE
f-84g_italy,0.0,,,,,,7.0,,,0.0,,11.57,0.0,,,,,,F-84G-21-RE
f-84g_france,0.0,,,,,,4.0,100.0,1.0,1.0,2.0,2.0,0.0,,,,,,F-84G-26-RE
f-86f-30_japan,0.0,,,,,,184.0,71.55,1.62,2.46,0.81,1.21,0.0,,,,,,F-86F-30_
f-86f-35,0.0,,,,,,68.0,94.74,0.0,0.0,0.74,0.14,0.0,,,,,,F-86F-35
f-86f-40_japan,0.0,,,,,,53.0,91.67,0.99,4.0,1.58,3.0,0.0,,,,,,F-86F-40_
f-86f-40_japan_blue_impulse,0.0,,,,,,31.0,95.45,4.18,2.09,3.64,1.73,0.0,,,,,,F-86F-40_JASDF
f-86k_late,0.0,,,,,,4.0,,,,,,0.0,,,,,,F-86K
f-86k_late_italy,0.0,,,,,,12.0,50.0,1.0,2.0,0.5,1.0,0.0,,,,,,F-86K
f-8e_fn,0.0,,,,,,0.0,,,,,,0.0,,,,,,F-8E(FN)
f_222_2,0.0,,,,,,0.0,,,,,,0.0,,,,,,F.222.2
fc_20_bis,0.0,,,,,,0.0,,,,,,0.0,,,,,,F.C.20_Bis
fa_18a,0.0,,,,,,108.0,68.03,1.2,1.32,0.13,0.06,29.0,,,2.36,,0.0,F/A-18A
fa_18c_mlu_2_finland,0.0,,,,,,80.0,50.0,0.79,1.37,0.73,1.34,0.0,,,,,,F/A-18C_MLU_2
fa_18d_late_malaysia,0.0,,,,,,86.0,91.36,1.34,1.34,0.66,0.66,0.0,,,,,,F/A-18D_Late
fa_18f_block_2_raaf,0.0,,,,,,40.0,50.0,1.0,1.18,1.41,1.59,0.0,,,,,,F/A-18F
f11f_1_late,0.0,,,,,,23.0,100.0,5.0,,0.0,,0.0,,,,,,F11F-1
f1m2,0.0,,,,,,0.0,,,,,,0.0,,,,,,F1M2
f2a-1,0.0,,,,,,0.0,,,,,,0.0,,,,,,F2A-1
f3f-2,0.0,,,,,,0.0,,,,,,0.0,,,,,,F3F-2
f3h-2,0.0,,,,,,259.0,57.13,1.36,2.13,0.51,0.78,0.0,,,,,,F3H-2
f4d_1,0.0,,,,,,13.0,100.0,1.71,1.71,0.0,0.0,0.0,,,,,,F4D-1
f4u-1a_japan,0.0,,,,,,15.0,100.0,1.0,1.0,0.0,0.0,0.0,,,,,,F4U-1A
f4u-4b_vmf_214,0.0,,,,,,0.0,,,,,,0.0,,,,,,F4U-4B_VMF-214
f6f-5n_france,0.0,,,,,,11.0,,,0.0,,1.6,14.0,,,5.0,,1.0,F6F-5N
f7f3,0.0,,,,,,130.0,65.59,0.26,0.39,1.75,2.25,0.0,,,,,,F7F-3
f9f-5,0.0,,,,,,19.0,,,1.0,,2.84,0.0,,,,,,F9F-5
uk_falcon,0.0,,,,,,331.0,48.05,0.53,0.51,1.21,1.16,0.0,,,,,,Falcon
fr_fcm_36,0.0,,,,,,0.0,,,,,,0.0,,,,,,FCM.36
ffa_p16,0.0,,,,,,0.0,,,,,,0.0,,,,,,FFA_P-16
it_fiat_6614_106sr,0.0,,,,,,476.0,70.23,0.0,0.0,2.75,1.76,0.0,,,,,,FIAT_6614
b_48_firecrest,0.0,,,,,,35.0,,,,,,0.0,,,,,,Firecrest
it_fiat_6614_firos,0.0,,,,,,43.0,100.0,0.0,0.0,1.94,0.98,0.0,,,,,,FIROS_6
fj_4b,0.0,,,,,,1.0,,,,,,0.0,,,,,,FJ-4B
fj_4b_agm_12b,0.0,,,,,,66.0,98.04,0.35,0.35,3.24,3.97,0.0,,,,,,FJ-4B_VMF-232
germ_flakpanzer_38t_Gepard,0.0,,,,,,38.0,100.0,1.0,0.88,3.82,3.32,0.0,,,,,,Flakpanzer_38
germ_flarakrad,0.0,,,,,,105.0,50.0,1.56,0.58,0.0,0.0,0.0,,,,,,FlaRakRad
fokker_d21_mod20,0.0,,,,,,0.0,,,,,,0.0,,,,,,Fokker_D.XXI
fr_1_fireball,0.0,,,,,,192.0,67.96,0.42,0.43,1.12,1.02,7.0,,,0.0,,1.29,FR-1_Fireball
it_freccia_hitfist_ows,0.0,,,,,,254.0,49.15,0.01,0.01,2.09,1.33,0.0,,,,,,Freccia_OWS_30
fr_samp_t_launcher,0.0,,,,,,0.0,,,,,,0.0,,,,,,FSAF_SAMP/T_(Mamba)_(СОУ)
fr_samp_t_fcs,0.0,,,,,,37.0,94.45,1.61,2.43,0.0,0.0,0.0,,,,,,FSAF_SAMP/T_(Mamba)_(СОЦ)
it_samp_t_fcs,0.0,,,,,,0.0,,,,,,0.0,,,,,,FSAF_SAMP/T_(СОЦ)
fury_mk1,0.0,,,,,,0.0,,,,,,0.0,,,,,,Fury_Mk_I
fury_mk2,0.0,,,,,,0.0,,,,,,0.0,,,,,,Fury_Mk_II
uk_fv4005,0.0,,,,,,179.0,27.92,0.0,0.0,2.4,1.33,0.0,,,,,,FV4005
uk_fv4202,0.0,,,,,,158.0,54.84,0.0,0.0,2.67,1.93,0.0,,,,,,FV4202
fw-189a-1,0.0,,,,,,0.0,,,,,,0.0,,,,,,Fw_189_A-1
fw-190a-5_japan,0.0,,,,,,21.0,,,,,,0.0,,,,,,Fw_190_A-5
fw-190a-8_usa,0.0,,,,,,0.0,,,,,,0.0,,,,,,Fw_190_A-8
fw-190c,0.0,,,,,,0.0,,,,,,0.0,,,,,,Fw_190_C
fw-190d-13,0.0,,,,,,67.0,65.0,1.1,1.0,1.2,1.08,0.0,,,,,,Fw_190_D-13
fw_200c_1,0.0,,,,,,20.0,,,,,,0.0,,,,,,Fw_200_C-1
fw_189c_0,0.0,,,,,,0.0,,,,,,0.0,,,,,,Fw_189_C
fiat_g50_seria7as,0.0,,,,,,0.0,,,,,,0.0,,,,,,G.50_AS_serie_7
fiat_g50_seria2,0.0,,,,,,0.0,,,,,,0.0,,,,,,G.50_serie_2
fiat_g50_seria2_italy,0.0,,,,,,0.0,,,,,,0.0,,,,,,G.50_serie_2
g_55_serie1_ss0,0.0,,,,,,22.0,100.0,0.0,0.0,0.0,0.0,0.0,,,,,,G.55_sottoserie_0
g_55s,0.0,,,,,,90.0,75.27,0.94,1.01,1.17,1.27,7.0,,,5.0,,0.0,G.55S
g_56,0.0,,,,,,0.0,,,,,,0.0,,,,,,G.56
fiat_g91_ps,0.0,,,,,,22.0,100.0,1.0,1.0,0.0,0.0,0.0,,,,,,G.91_pre-serie
fiat_g91_r1,0.0,,,,,,11.0,100.0,0.0,0.0,0.0,0.0,0.0,,,,,,G.91_R/1
fiat_g91_r4,0.0,,,,,,17.0,0.0,0.56,0.29,0.78,0.41,0.0,,,,,,G.91_R/4
fiat_g91_y,0.0,,,,,,126.0,100.0,4.38,,0.33,,0.0,,,,,,G.91_Y
fiat_g91_ys,0.0,,,,,,118.0,93.97,2.8,5.99,1.42,2.99,0.0,,,,,,G.91_YS
g4m1,0.0,,,,,,0.0,,,,,,0.0,,,,,,G4M1
g5n1,0.0,,,,,,0.0,,,,,,0.0,,,,,,G5N1
g8n1,0.0,,,,,,18.0,50.0,1.2,1.4,0.2,0.2,0.0,,,,,,G8N1
f3f-2_galer,0.0,,,,,,0.0,,,,,,0.0,,,,,,Galer's_F3F-2
germ_garford_putilov,0.0,,,,,,0.0,,,,,,0.0,,,,,,Garford-Beute
ussr_gaz_4m,0.0,,,,,,1.0,,,,,,0.0,,,,,,GAZ-AAA_(4M)
ussr_gaz_dshk,0.0,,,,,,0.0,,,,,,0.0,,,,,,GAZ-AAA_(DShK)
uk_vickers_gbt_155,0.0,,,,,,66.0,83.16,0.12,0.09,1.92,1.46,0.0,,,,,,GBT_155
il_m113a1_tow,0.0,,,,,,53.0,50.0,0.0,0.0,1.62,1.75,0.0,,,,,,Giraf
gladiator_mk1_belgium,0.0,,,,,,0.0,,,,,,0.0,,,,,,Gladiator_Mk_I
gladiator_mk2_france,0.0,,,,,,0.0,,,,,,0.0,,,,,,Gladiator_Mk_IIF
gladiator_mk2_silver,0.0,,,,,,0.0,,,,,,0.0,,,,,,Gladiator_Mk_IIS
uk_mk1_grant,0.0,,,,,,0.0,,,,,,0.0,,,,,,Grant_I
uk_3_inch_gun_carrier,0.0,,,,,,0.0,,,,,,0.0,,,,,,Gun_Carrier_(3-in)
il_28_china,0.0,,,,,,0.0,,,,,,0.0,,,,,,H-5
h-75a-1_france,0.0,,,,,,0.0,,,,,,0.0,,,,,,H-75A-1
h-75a-4_france,0.0,,,,,,0.0,,,,,,0.0,,,,,,H-75A-4
fr_hotchkiss_h35,0.0,,,,,,0.0,,,,,,0.0,,,,,,H.35
fr_hotchkiss_h39,0.0,,,,,,0.0,,,,,,0.0,,,,,,H.39
fr_hotchkiss_h39_cambronne,0.0,,,,,,0.0,,,,,,0.0,,,,,,"H.39_""Cambronne"""
hp_12,0.0,,,,,,0.0,,,,,,0.0,,,,,,H.P.12
h6k4,0.0,,,,,,0.0,,,,,,0.0,,,,,,H6K4
h8k3,0.0,,,,,,0.0,,,,,,0.0,,,,,,H8K3
jp_type_95_ha_go,0.0,,,,,,7.0,,,0.0,,0.0,0.0,,,,,,Ha-Go
jp_type_95_ha_go_commander,0.0,,,,,,0.0,,,,,,0.0,,,,,,Ha-Go_Commander
a5m4_hagiri,0.0,,,,,,0.0,,,,,,0.0,,,,,,Hagiri's_A5M4
hp52_hampden_mk1_late,0.0,,,,,,0.0,,,,,,0.0,,,,,,Hampden_Mk_I
hp52_hampden_tbmk1,0.0,,,,,,0.0,,,,,,0.0,,,,,,Hampden_TB_Mk_I
hp52_hampden_tbmk1_ussr_utk1,0.0,,,,,,0.0,,,,,,0.0,,,,,,Hampden_TB_Mk_I
harrier_gr1,0.0,,,,,,31.0,86.36,1.45,0.0,0.14,1.0,0.0,,,,,,Harrier_GR.1
harrier_gr3,0.0,,,,,,23.0,0.0,1.0,0.48,1.0,1.0,0.0,,,,,,Harrier_GR.3
harrier_gr7,0.0,,,,,,14.0,8.33,1.0,1.17,0.5,0.58,9.0,,,,,,Harrier_GR.7
harrier_t10,0.0,,,,,,83.0,50.0,0.8,0.43,0.53,1.16,0.0,,,,,,Harrier_T.10
intruder_mk_1,0.0,,,,,,0.0,,,,,,0.0,,,,,,Havoc_Mk_I
hawk_200,0.0,,,,,,0.0,,,,,,0.0,,,,,,Hawk_200
hawk_200_rda,0.0,,,,,,14.0,100.0,3.0,3.0,0.0,0.0,0.0,,,,,,Hawk_200_RDA
h-75a-2_finland,0.0,,,,,,0.0,,,,,,0.0,,,,,,Hawk_H-75A-2
hawk_iii,0.0,,,,,,0.0,,,,,,0.0,,,,,,Hawk_III
he-111h-6,0.0,,,,,,0.0,,,,,,0.0,,,,,,He_111_H-6
he_112b_1_italy,0.0,,,,,,0.0,,,,,,0.0,,,,,,He_112_B-1/U2
he_112b_1,0.0,,,,,,0.0,,,,,,0.0,,,,,,He_112_B-1/U2
he_112b_2,0.0,,,,,,13.0,,,,,,0.0,,,,,,He_112_B-2/U2
he_115c_1,0.0,,,,,,0.0,,,,,,0.0,,,,,,He_115_C-1
he-162a-1,0.0,,,,,,0.0,,,,,,0.0,,,,,,He_162_A-1
he-177a-3,0.0,,,,,,0.0,,,,,,0.0,,,,,,He_177_A-3
he-177a-5,0.0,,,,,,0.0,,,,,,0.0,,,,,,He_177_A-5
he_219a_7,0.0,,,,,,4.0,0.0,1.0,1.0,1.5,1.5,0.0,,,,,,He_219_A-7
he51b_2w,0.0,,,,,,0.0,,,,,,0.0,,,,,,He_51_B-2/H
jp_pzkpfw_VI_ausf_e_tiger,0.0,,,,,,17.0,61.11,0.0,0.0,4.2,4.2,0.0,,,,,,Heavy_Tank_No.6
marut_mk1,0.0,,,,,,8.0,,,3.0,,5.25,0.0,,,,,,HF-24
go229_v3,0.0,,,,,,43.0,0.0,2.0,,4.0,,0.0,,,,,,Ho_229_V3
jp_type_2_ho_i,0.0,,,,,,61.0,100.0,0.0,0.0,2.52,1.64,0.0,,,,,,Ho-I
hornet_mk1,0.0,,,,,,4.0,50.0,1.5,1.5,0.5,0.5,0.0,,,,,,Hornet_Mk.I
hornet_mk3,0.0,,,,,,0.0,,,,,,0.0,,,,,,Hornet_Mk.III
il_m163_vulcan,0.0,,,,,,11.0,,,0.0,,0.0,0.0,,,,,,Hovet
cn_hq_11,0.0,,,,,,24.0,31.25,1.0,1.0,0.0,0.0,0.0,,,,,,HQ11
cn_hq_17,0.0,,,,,,0.0,,,,,,0.0,,,,,,HQ17
hs-123a-1,0.0,,,,,,0.0,,,,,,0.0,,,,,,Hs_123_A-1
hs-129b-2,0.0,,,,,,0.0,,,,,,0.0,,,,,,Hs_129_B-2
hs-129b-2_romania_italy,0.0,,,,,,8.0,,,,,,0.0,,,,,,Hs_129_B-2_(Romania)
hs-129b-2_romania,0.0,,,,,,0.0,,,,,,0.0,,,,,,Hs_129_B-2_(Romania)
hs-129b-3,0.0,,,,,,22.0,0.0,0.0,0.0,0.0,0.0,0.0,,,,,,Hs_129_B-3
us_hstv_l,0.0,,,,,,2491.0,59.36,0.04,0.0,1.48,1.27,11.0,,,0.0,,1.0,HSTV-L
hudson_mk_v,0.0,,,,,,0.0,,,,,,0.0,,,,,,Hudson_Mk_V
il_hunter_afv,0.0,,,,,,0.0,,,,,,0.0,,,,,,Hunter_AFV
hunter_f1,1.0,,,1.0,,2.0,51.0,100.0,3.09,0.44,1.36,0.11,0.0,,,,,,Hunter_F.1
hunter_f6,0.0,,,,,,159.0,67.39,2.0,3.15,1.19,1.82,0.0,,,,,,Hunter_F.6
hunter_f9_rhodesia,0.0,,,,,,74.0,84.68,2.2,7.47,1.02,6.59,0.0,,,,,,Hunter_FGA.9
hurricane_mk1,0.0,,,,,,0.0,,,,,,0.0,,,,,,Hurricane_Mk_I/L
hurricane_mk4,0.0,,,,,,14.0,,,,,,0.0,,,,,,Hurricane_Mk_IV
hurricane_mk1_late_ep,0.0,,,,,,0.0,,,,,,0.0,,,,,,Hurricane_Mk.I/L_FAA_M
i-15_1935,0.0,,,,,,0.0,,,,,,0.0,,,,,,I-15_M-22
i-15bis,0.0,,,,,,0.0,,,,,,0.0,,,,,,I-15bis
i-16_type10,0.0,,,,,,0.0,,,,,,0.0,,,,,,I-16_type_10
i-16_type18,0.0,,,,,,0.0,,,,,,0.0,,,,,,I-16_type_18
i-16_type5,0.0,,,,,,5.0,100.0,4.0,4.0,1.0,1.0,0.0,,,,,,I-16_type_5
ia_58a_pucara,0.0,,,,,,362.0,57.34,1.01,1.17,3.08,3.32,0.0,,,,,,IA.58A_Pucara
gladiator_j8a_iacobi,0.0,,,,,,14.0,100.0,0.0,0.0,0.0,0.0,0.0,,,,,,Iacobi's_J8A
iar_81c,0.0,,,,,,16.0,95.0,1.4,1.55,0.6,0.65,0.0,,,,,,IAR-81C
iar_81c_db_605,0.0,,,,,,0.0,,,,,,0.0,,,,,,IAR-81C_(DB_605)
iar_93b,0.0,,,,,,0.0,,,,,,0.0,,,,,,IAR-93B
jp_icv_ifv_prototype,0.0,,,,,,204.0,53.5,0.32,0.23,1.97,1.55,0.0,,,,,,ICV_(P)
il-10,0.0,,,,,,38.0,100.0,0.0,0.0,5.67,5.67,0.0,,,,,,IL-10
il_28,0.0,,,,,,2.0,,,0.0,,0.0,20.0,,,0.0,,0.0,IL-28
il_28sh,0.0,,,,,,30.0,0.0,0.0,0.0,0.0,0.0,0.0,,,,,,IL-28Sh
il-2m_mstitel,0.0,,,,,,16.0,100.0,0.0,0.0,1.5,1.0,0.0,,,,,,"IL-2M_""Avenger"""
il-4,0.0,,,,,,0.0,,,,,,0.0,,,,,,IL-4
us_mim_72_chaparral,0.0,,,,,,64.0,100.0,1.33,0.82,0.0,0.0,0.0,,,,,,Imp.Chaparral
uk_a1e1_independent,0.0,,,,,,0.0,,,,,,0.0,,,,,,Independent
germ_iris_slm_launcher,,,,,,,,,,,,,,,,,,,IRIS-T_SLM_(СОУ)
germ_iris_slm_fcs,0.0,,,,,,284.0,37.54,1.76,1.77,0.0,0.0,0.0,,,,,,IRIS-T_SLM_(СОЦ)
ussr_is_2_1944_revenge,0.0,,,,,,21.0,100.0,0.0,0.0,3.0,2.63,0.0,,,,,,"IS-2_""Revenge"""
ussr_isu_122,0.0,,,,,,71.0,,,0.0,,1.61,0.0,,,,,,ISU-122
it_semovente_m43_75_bersaglieri,,,,,,,,,,,,,,,,,,,it_semovente_m43_75_bersaglieri
sw_crotale_ng,0.0,,,,,,38.0,0.0,1.0,0.79,0.0,0.0,0.0,,,,,,ItO_90M
sw_itpsv_90,0.0,,,,,,1209.0,45.4,0.06,0.04,1.84,1.44,0.0,,,,,,ItPsV_Leopard
j_10a,0.0,,,,,,250.0,65.57,1.31,1.61,0.09,0.14,0.0,,,,,,J-10A
j_10c,0.0,,,,,,38.0,100.0,3.9,3.47,3.26,2.81,0.0,,,,,,J-10C
j_11,0.0,,,,,,12.0,50.0,0.75,1.0,0.0,0.0,0.0,,,,,,J-11
j_11a,0.0,,,,,,2.0,50.0,2.5,5.0,0.0,0.0,0.0,,,,,,J-11A
j_11b,0.0,,,,,,5.0,100.0,2.0,2.0,0.4,0.4,0.0,,,,,,J-11B
j_15t,0.0,,,,,,123.0,78.39,3.66,3.87,0.35,0.35,11.0,,,1.0,,0.0,J-15T
mig-15bis_nr23_china,0.0,,,,,,0.0,,,,,,0.0,,,,,,J-2
j_22m1a,0.0,,,,,,484.0,61.05,0.05,0.1,2.86,5.1,0.0,,,,,,J-22M1A
mig-17_china,0.0,,,,,,10.0,100.0,4.0,4.0,1.0,1.0,0.0,,,,,,J-4
j_7_mk2,0.0,,,,,,0.0,,,,,,0.0,,,,,,J-7II
j_8b,0.0,,,,,,7.0,50.0,2.07,4.14,0.0,0.0,0.0,,,,,,J-8B
j_8f,0.0,,,,,,1.0,,,,,,0.0,,,,,,J-8F
fiat_cr42_j11,0.0,,,,,,0.0,,,,,,0.0,,,,,,J11
re_2000_j20,0.0,,,,,,0.0,,,,,,0.0,,,,,,J20
p-51b_7_sweden,0.0,,,,,,8.0,,,,,,0.0,,,,,,J26_David
saab_j29a,0.0,,,,,,91.0,33.33,1.11,1.87,0.13,1.0,0.0,,,,,,J29A
saab_j29d,0.0,,,,,,38.0,50.0,0.69,1.38,11.69,23.38,0.0,,,,,,J29D
saab_j29f,0.0,,,,,,1.0,,,,,,0.0,,,,,,J29F
j2m3,0.0,,,,,,240.0,51.81,0.74,0.87,0.18,0.19,0.0,,,,,,J2M3
j2m4_kai,0.0,,,,,,0.0,,,,,,0.0,,,,,,J2M4_Kai
j2m5,0.0,,,,,,5.0,,,,,,0.0,,,,,,J2M5
saab_j32b,0.0,,,,,,0.0,,,,,,0.0,,,,,,J32B
hunter_f50_sweden,0.0,,,,,,0.0,,,,,,18.0,,,0.0,,0.0,J34
saab_j35a,0.0,,,,,,70.0,55.8,1.96,2.96,0.14,0.21,50.0,,,3.87,,0.0,J35A
j5n1,0.0,,,,,,21.0,,,2.0,,0.6,0.0,,,,,,J5N1
j6k1,0.0,,,,,,23.0,100.0,2.14,1.58,1.29,2.84,13.0,,,1.0,,2.0,J6K1
j7w1,0.0,,,,,,431.0,80.55,0.78,0.75,2.37,2.27,0.0,,,,,,J7W1
j9_early,0.0,,,,,,30.0,50.0,0.81,0.89,0.0,0.0,0.0,,,,,,J9_Early
saab_ja37d,0.0,,,,,,44.0,50.0,1.39,1.82,0.29,0.29,0.0,,,,,,JA37D
saab_ja37di,0.0,,,,,,0.0,,,,,,0.0,,,,,,JA37DI
saab_ja37di_f21,0.0,,,,,,448.0,67.69,1.45,1.13,0.05,0.05,41.0,,,1.12,,0.0,JA37DI_F21
germ_jaguar_2,0.0,,,,,,34.0,0.0,0.0,0.0,0.55,0.55,0.0,,,,,,Jaguar_2
jaguar_a,0.0,,,,,,0.0,,,,,,0.0,,,,,,Jaguar_A
jaguar_e,0.0,,,,,,7.0,,,,,,0.0,,,,,,Jaguar_E
jaguar_gr1,0.0,,,,,,28.0,0.0,2.0,2.0,4.0,4.0,0.0,,,,,,Jaguar_GR.1
jaguar_is,0.0,,,,,,125.0,43.66,0.36,0.41,0.57,0.76,1.0,,,1.0,,1.0,Jaguar_IS
germ_sk105_a2,0.0,,,,,,39.0,,,0.0,,3.17,0.0,,,,,,JaPz.K_A2
saab_jas39a,0.0,,,,,,46.0,62.5,1.23,1.08,0.48,0.43,0.0,,,,,,JAS39A
saab_jas39c,0.0,,,,,,58.0,55.91,1.23,1.8,0.0,0.0,8.0,,,2.0,,1.0,JAS39C
saab_jas39c_thailand,0.0,,,,,,15.0,45.45,0.73,1.0,0.27,0.0,6.0,,,,,,JAS39C
saab_jas39e,0.0,,,,,,214.0,57.12,1.23,1.01,0.32,0.24,0.0,,,,,,JAS39E
javelin_fmk9,0.0,,,,,,242.0,53.06,1.08,1.56,0.46,0.63,0.0,,,,,,Javelin_F.(A.W.)_Mk.9
jf_17,0.0,,,,,,49.0,51.96,0.82,1.47,0.28,0.45,0.0,,,,,,JF-17
jh_7,0.0,,,,,,0.0,,,,,,0.0,,,,,,JH-7
jh_7a,0.0,,,,,,0.0,,,,,,0.0,,,,,,JH-7A
jh_7a_prototype,0.0,,,,,,0.0,,,,,,0.0,,,,,,JH-7A_Prototype
jh_7a2,0.0,,,,,,0.0,,,,,,0.0,,,,,,JH-7A2
ju-188a-2,0.0,,,,,,8.0,100.0,3.0,6.0,0.5,1.0,0.0,,,,,,Ju_188_A-2
ju-288c,0.0,,,,,,39.0,0.0,0.0,0.0,3.0,1.67,0.0,,,,,,Ju_288_C
ju-388j,0.0,,,,,,0.0,,,,,,0.0,,,,,,Ju_388_J
ju-87b-2,0.0,,,,,,50.0,64.1,0.95,0.86,0.38,0.33,0.0,,,,,,Ju_87_B-2
ju-87d-3,0.0,,,,,,36.0,50.0,0.0,0.0,0.5,1.0,0.0,,,,,,Ju_87_D-3
ju-87d-5,0.0,,,,,,26.0,,,0.19,,1.04,0.0,,,,,,Ju_87_D-5
ju-87g_1,0.0,,,,,,17.0,,,0.0,,0.0,0.0,,,,,,Ju_87_G-1
ju-87g_2,0.0,,,,,,0.0,,,,,,0.0,,,,,,Ju_87_G-2
ju-87r-2,0.0,,,,,,16.0,,,,,,0.0,,,,,,Ju_87_R-2
ju-87r-2_italy,0.0,,,,,,0.0,,,,,,0.0,,,,,,Ju_87_R-2
ju-87r-2_snake,0.0,,,,,,22.0,50.0,0.0,0.0,0.5,1.0,0.0,,,,,,Ju_87_R-2_Libya
ju-88a-1,0.0,,,,,,0.0,,,,,,0.0,,,,,,Ju_88_A-1
ju-88a-4_finland,0.0,,,,,,26.0,,,0.0,,1.3,0.0,,,,,,Ju_88_A-4
ju-88a-4,0.0,,,,,,0.0,,,,,,0.0,,,,,,Ju_88_A-4
ju-88c-6,0.0,,,,,,0.0,,,,,,0.0,,,,,,Ju_88_C-6
kfir_c2,0.0,,,,,,0.0,,,,,,0.0,,,,,,Kfir_C.2
kfir_c7,0.0,,,,,,0.0,,,,,,0.0,,,,,,Kfir_C.7
kfir_canard,0.0,,,,,,44.0,0.0,0.28,0.12,0.56,0.58,0.0,,,,,,Kfir_Canard
uk_khalid,0.0,,,,,,76.0,8.89,0.0,0.0,4.04,2.47,0.0,,,,,,Khalid
ussr_9p157,0.0,,,,,,181.0,50.0,0.0,0.0,1.56,1.43,0.0,,,,,,Khrizantema-S
ki_10_1_commander,0.0,,,,,,0.0,,,,,,0.0,,,,,,Ki-10-I_C
ki_10_2,0.0,,,,,,26.0,,,0.0,,0.0,0.0,,,,,,Ki-10-II
ki_10_2_commander,0.0,,,,,,0.0,,,,,,0.0,,,,,,Ki-10-II_C
ki_102_otsu,0.0,,,,,,0.0,,,,,,0.0,,,,,,Ki-102_otsu
ki_108,0.0,,,,,,8.0,,,,,,0.0,,,,,,Ki-108_Kai
ki_109,0.0,,,,,,0.0,,,,,,0.0,,,,,,Ki-109
j8m1,0.0,,,,,,19.0,,,,,,0.0,,,,,,Ki-200
ki_21_1hei,0.0,,,,,,0.0,,,,,,0.0,,,,,,Ki-21-I_hei
ki-27_otsu_ep,0.0,,,,,,0.0,,,,,,0.0,,,,,,Ki-27_otsu_Tachiarai
ki_43_2_late,0.0,,,,,,17.0,,,1.0,,1.0,0.0,,,,,,Ki-43-II
ki_44_1_ep,0.0,,,,,,12.0,100.0,1.0,1.0,0.0,0.0,0.0,,,,,,Ki-44-I_34
ki_44_2_otsu,0.0,,,,,,22.0,100.0,0.0,0.0,2.0,1.0,0.0,,,,,,Ki-44-II_otsu
ki-45_hei,0.0,,,,,,0.0,,,,,,0.0,,,,,,Ki-45_hei
ki-45_otsu,0.0,,,,,,26.0,,,0.0,,0.0,0.0,,,,,,Ki-45_otsu
ki-45_tei,0.0,,,,,,0.0,,,,,,0.0,,,,,,Ki-45_tei
ki_48_2_otsu,0.0,,,,,,0.0,,,,,,0.0,,,,,,Ki-48-II_otsu
ki-49_1,0.0,,,,,,0.0,,,,,,0.0,,,,,,Ki-49-I
ki-49_2a,0.0,,,,,,0.0,,,,,,0.0,,,,,,Ki-49-IIa
ki-49_2b,0.0,,,,,,0.0,,,,,,0.0,,,,,,Ki-49-IIb
ki-49_2b_late,0.0,,,,,,1.0,,,,,,0.0,,,,,,Ki-49-IIb/L
ki_61_1a_otsu_usa,0.0,,,,,,0.0,,,,,,0.0,,,,,,Ki-61-Ib
ki-83,0.0,,,,,,6.0,,,2.0,,1.0,0.0,,,,,,Ki-83
ki_84_hei,0.0,,,,,,72.0,55.56,2.25,4.11,2.31,4.22,0.0,,,,,,Ki-84_hei
ki_84_otsu,0.0,,,,,,30.0,100.0,1.74,0.2,1.0,1.0,0.0,,,,,,Ki-84_otsu
ki_87,0.0,,,,,,0.0,,,,,,0.0,,,,,,Ki-87
ki_94_2,0.0,,,,,,1.0,,,0.0,,0.0,0.0,,,,,,Ki-94-II
ki-96,0.0,,,,,,16.0,100.0,0.64,0.64,1.0,1.0,0.0,,,,,,Ki-96
kitsuka,0.0,,,,,,188.0,87.53,1.37,1.96,2.03,2.68,0.0,,,,,,Kikka
kor_1,,,,,,,,,,,,,,,,,,,KOR-1
f-4e_iaf,0.0,,,,,,114.0,55.81,1.12,1.5,0.81,1.1,0.0,,,,,,Kurnass
f-4e_kurnass_2000,0.0,,,,,,0.0,,,,,,0.0,,,,,,Kurnass_2000
it_l3_cc,0.0,,,,,,0.0,,,,,,0.0,,,,,,L3/33_CC
it_l6,0.0,,,,,,0.0,,,,,,0.0,,,,,,L6/40
it_l6_leone,0.0,,,,,,0.0,,,,,,0.0,,,,,,L6/40_(31_Rgt.)
la-11,0.0,,,,,,0.0,,,,,,0.0,,,,,,La-11
la-15,0.0,,,,,,16.0,,,0.0,,0.0,0.0,,,,,,La-15
la_174,0.0,,,,,,0.0,,,,,,0.0,,,,,,La-174
la-5fn_luftwaffe,0.0,,,,,,20.0,,,1.0,,0.0,0.0,,,,,,La-5FN
lagg-3-4,0.0,,,,,,0.0,,,,,,0.0,,,,,,LaGG-3-4
lancaster_mk1,0.0,,,,,,17.0,50.0,0.0,0.0,0.0,0.0,0.0,,,,,,Lancaster_B_Mk_I
lancaster_mk3,0.0,,,,,,0.0,,,,,,0.0,,,,,,Lancaster_B_Mk_III
it_lancia3ro_100,0.0,,,,,,0.0,,,,,,0.0,,,,,,Lancia_3Ro_(100/17)
late_298d,0.0,,,,,,0.0,,,,,,0.0,,,,,,Late_298D
us_lav_ad,1.0,,,,,,857.0,52.69,0.34,0.34,0.43,0.41,0.0,,,,,,LAV-AD
fr_leclerc_azur,0.0,,,,,,105.0,79.03,0.0,0.0,3.95,2.04,0.0,,,,,,Leclerc_AZUR
fr_leclerc_sxxi,0.0,,,,,,283.0,60.27,0.0,0.0,3.49,2.46,0.0,,,,,,Leclerc_SXXI
leo_451_early,0.0,,,,,,0.0,,,,,,0.0,,,,,,LeO_451_early
leo_451_late,0.0,,,,,,0.0,,,,,,0.0,,,,,,LeO_451_late
germ_leopard_2av,0.0,,,,,,50.0,100.0,0.0,0.0,3.75,2.48,0.0,,,,,,Leopard_2AV
jp_leopard_2ri,0.0,,,,,,631.0,60.19,0.0,0.0,2.07,2.05,0.0,,,,,,Leopard_2RI
it_leopard_bofors,0.0,,,,,,66.0,38.1,0.33,0.12,1.86,1.3,0.0,,,,,,Leopard_40/70
uk_vickers_mk_6_aa_mk_1,0.0,,,,,,1.0,,,0.0,,0.0,0.0,,,,,,Light_AA_Mk_I
lightning_f53,0.0,,,,,,15.0,,,,,,0.0,,,,,,Lightning_F.53
lincoln_b2,0.0,,,,,,8.0,100.0,3.5,7.0,0.0,0.0,0.0,,,,,,Lincoln_B_Mk_II
fr_lorraine_155,0.0,,,,,,0.0,,,,,,0.0,,,,,,Lorraine_155_Mle.50
fr_lorraine_37l,0.0,,,,,,0.0,,,,,,0.0,,,,,,Lorraine_37L
us_losat_ccv,0.0,,,,,,19.0,,,0.0,,0.6,0.0,,,,,,LOSAT
sw_lvrbv_701,0.0,,,,,,24.0,,,,,,0.0,,,,,,Lvrbv_701
us_lvt_a_4,0.0,,,,,,0.0,,,,,,0.0,,,,,,LVT(A)(4)
us_lvt_4_zis_2,0.0,,,,,,0.0,,,,,,0.0,,,,,,LVT(A)(4)_(ZIS-2)
fr_lvt_bofors,0.0,,,,,,7.0,100.0,0.0,0.0,2.0,2.0,0.0,,,,,,LVT-4/40
sw_tgdgb_m40_lv,0.0,,,,,,16.0,,,0.0,,1.0,0.0,,,,,,Lvtdgb_m/40
m_346fa,0.0,,,,,,39.0,52.78,1.0,1.94,0.17,0.22,0.0,,,,,,M-346FA
mb_151c1,0.0,,,,,,0.0,,,,,,0.0,,,,,,M.B.151C.1
mb_152c1,0.0,,,,,,0.0,,,,,,0.0,,,,,,M.B.152C1
mb_162,0.0,,,,,,0.0,,,,,,0.0,,,,,,M.B.162
mb_174_a3,0.0,,,,,,0.0,,,,,,0.0,,,,,,M.B.174A-3
mb_175t,0.0,,,,,,0.0,,,,,,0.0,,,,,,M.B.175T
md_450b_barougan,0.0,,,,,,37.0,50.0,1.5,0.28,1.5,0.28,0.0,,,,,,M.D.450B_Barougan
md_450b_ouragan,0.0,,,,,,89.0,75.5,0.7,0.72,0.81,0.86,0.0,,,,,,M.D.450B_Ouragan
md_452_mystere_2a,0.0,,,,,,28.0,,,1.38,,0.0,0.0,,,,,,M.D.452_IIA
md_452_mystere_2c_preproduction,0.0,,,,,,38.0,50.0,0.0,0.0,0.32,0.33,0.0,,,,,,M.D.452_IIC
ms_405c1,0.0,,,,,,0.0,,,,,,0.0,,,,,,M.S.405C1
ms_406c1,0.0,,,,,,0.0,,,,,,0.0,,,,,,M.S.406C1
fr_m10,0.0,,,,,,129.0,50.0,0.0,0.0,4.9,4.93,0.0,,,,,,M10_GMC
uk_m109a1,0.0,,,,,,37.0,100.0,0.0,0.0,1.0,1.32,0.0,,,,,,M109A1
germ_m109g,1.0,,,0.0,,1.0,140.0,45.71,0.05,0.03,1.24,1.08,0.0,,,,,,M109G
it_m109g,0.0,,,,,,29.0,33.33,0.0,0.0,0.67,0.86,0.0,,,,,,M109G
it_m113a1_tow,0.0,,,,,,37.0,50.0,0.0,0.0,0.98,1.46,0.0,,,,,,M113A1_(TOW)
us_halftrack_m13,0.0,,,,,,3.0,,,,,,0.0,,,,,,M13_MGMC
it_m13_40_serie_2,0.0,,,,,,0.0,,,,,,0.0,,,,,,M13/40_(II)
it_m13_40_serie_3,0.0,,,,,,0.0,,,,,,0.0,,,,,,M13/40_(III)
it_m14_41,0.0,,,,,,1.0,,,0.0,,4.0,0.0,,,,,,M14/41
it_m15_42,0.0,,,,,,1.0,,,0.0,,3.0,0.0,,,,,,M15/42
jp_halftrack_m16,0.0,,,,,,98.0,64.52,0.94,0.57,0.0,0.0,0.0,,,,,,M16_MGMC
us_halftrack_m16,0.0,,,,,,1.0,,,1.0,,0.0,0.0,,,,,,M16_MGMC
us_m163_vulcan,0.0,,,,,,510.0,38.3,0.55,0.54,0.15,0.16,0.0,,,,,,M163
jp_m163_vulcan,0.0,,,,,,332.0,80.01,1.03,1.05,0.22,0.22,0.0,,,,,,M163
jp_m19,0.0,,,,,,113.0,51.67,0.06,0.02,1.09,0.22,0.0,,,,,,M19A1
uk_m1a1_aim_abrams,0.0,,,,,,38.0,100.0,0.0,0.0,4.2,4.2,0.0,,,,,,M1A1
uk_m1a2_sep3_abrams,0.0,,,,,,714.0,63.58,0.02,0.01,2.61,2.33,0.0,,,,,,M1A2
us_m2_medium,0.0,,,,,,0.0,,,,,,0.0,,,,,,M2
us_m247,0.0,,,,,,336.0,44.22,1.2,1.04,0.28,0.26,0.0,,,,,,M247
us_m2a2,0.0,,,,,,0.0,,,,,,0.0,,,,,,M2A2
ussr_m3c,0.0,,,,,,0.0,,,,,,0.0,,,,,,M3_Medium
us_m3a1_stuart_usmc,0.0,,,,,,0.0,,,,,,0.0,,,,,,M3A1_(USMC)
us_m4_sherman_promo,0.0,,,,,,21.0,,,0.0,,1.64,0.0,,,,,,M4
us_m4a2_1944_germ,0.0,,,,,,0.0,,,,,,0.0,,,,,,M4_748_(a)
it_m15_42_contraereo,0.0,,,,,,131.0,51.45,1.63,1.95,0.52,0.52,0.0,,,,,,M42_Contraereo
fr_m44,0.0,,,,,,67.0,100.0,0.0,0.0,2.0,2.2,0.0,,,,,,M44
it_m44,0.0,,,,,,84.0,56.88,0.0,0.0,1.61,1.83,0.0,,,,,,M44
uk_m44,0.0,,,,,,39.0,50.0,0.0,0.0,0.0,0.0,0.0,,,,,,M44
fr_m46_patton,0.0,,,,,,56.0,20.83,0.0,0.0,2.38,2.0,0.0,,,,,,M46
us_m47_patton_II,0.0,,,,,,388.0,57.58,0.0,0.0,1.75,1.45,0.0,,,,,,M47
it_m47_105,0.0,,,,,,61.0,58.77,0.0,0.0,2.24,2.63,0.0,,,,,,M47_(105/55)
germ_mkpz_super_m48,0.0,,,,,,141.0,48.21,0.0,0.0,2.52,3.32,0.0,,,,,,M48_Super
us_m4a2_1944,,,,,,,,,,,,,,,,,,,M4A2_(1944)
fr_m4a3e2_sherman_jumbo,0.0,,,,,,58.0,78.26,0.0,0.0,3.24,2.39,0.0,,,,,,M4A3E2
fr_m4a4_cn_75_50,0.0,,,,,,144.0,60.54,0.0,0.0,1.4,1.97,0.0,,,,,,M4A4_(SA50)
us_m4a5_ram_2,0.0,,,,,,0.0,,,,,,0.0,,,,,,M4A5
it_m55,0.0,,,,,,23.0,,,0.0,,1.0,22.0,,,,,,M55
us_m5a1_stuart_td,0.0,,,,,,0.0,,,,,,0.0,,,,,,M5A1_TD
us_m60a1_rise_mod,0.0,,,,,,113.0,49.55,0.0,0.0,2.45,1.93,0.0,,,,,,M60A1_Predator
us_m728,0.0,,,,,,0.0,,,,,,0.0,,,,,,M728_CEV
us_m8_greyhound,0.0,,,,,,15.0,,,0.0,,1.53,0.0,,,,,,M8_LAC
us_m901_itv,0.0,,,,,,86.0,47.06,0.0,0.0,1.56,2.74,0.0,,,,,,M901
us_magach_3,0.0,,,,,,0.0,,,,,,0.0,,,,,,Magach_3_(ERA)
il_magach_3,0.0,,,,,,5.0,,,0.0,,1.0,0.0,,,,,,Magach_3_(ERA)
il_magach_6a,0.0,,,,,,30.0,34.38,0.0,0.0,1.13,1.0,0.0,,,,,,Magach_6A
il_magach_6m,0.0,,,,,,4.0,50.0,0.0,0.0,0.5,1.5,0.0,,,,,,Magach_6M
il_magach_6r,0.0,,,,,,62.0,52.38,0.0,0.0,1.55,1.98,0.0,,,,,,Magach_6R
fiat_cr42_marcolin,0.0,,,,,,0.0,,,,,,0.0,,,,,,Marcolin's_C.R.42_CN
fiat_cr42_marcolin_italy,0.0,,,,,,0.0,,,,,,0.0,,,,,,Marcolin's_C.R.42_CN
uk_mark_v,0.0,,,,,,0.0,,,,,,0.0,,,,,,Mark_V
fr_mars_15,0.0,,,,,,54.0,45.55,0.0,0.0,1.46,2.19,0.0,,,,,,MARS_15
martin_139wc,0.0,,,,,,0.0,,,,,,0.0,,,,,,Martin_139WC
f4f-4_martlet_mk4,0.0,,,,,,5.0,,,,,,0.0,,,,,,Martlet_Mk_IV
uk_a_12_mk_2_matilda_2,0.0,,,,,,0.0,,,,,,0.0,,,,,,Matilda_III
mb_326b,0.0,,,,,,42.0,100.0,0.11,0.0,5.23,15.62,51.0,60.0,0.4,0.81,2.72,5.04,MB-326B
mb_5,0.0,,,,,,66.0,82.04,2.7,5.01,1.5,2.43,0.0,,,,,,MB.5
mbr-2,0.0,,,,,,0.0,,,,,,0.0,,,,,,MBR-2-M-34
me-163b,0.0,,,,,,22.0,,,,,,0.0,,,,,,Me_163_B
me-163b-0,0.0,,,,,,0.0,,,,,,0.0,,,,,,Me_163_B-0
me_210_v22_japan,0.0,,,,,,0.0,,,,,,0.0,,,,,,Me_210_V22
me-262a-1a,0.0,,,,,,16.0,,,,,,0.0,,,,,,Me_262_A-1a
me-262a-1a_early,0.0,,,,,,17.0,,,,,,0.0,,,,,,Me_262_A-1a/Jabo
me-262a-2a,0.0,,,,,,71.0,85.28,2.48,5.52,0.63,2.33,0.0,,,,,,Me_262_A-2a
me-262c-1a,0.0,,,,,,0.0,,,,,,0.0,,,,,,Me_262_C-1a
me-262c-2b,0.0,,,,,,11.0,,,,,,0.0,,,,,,Me_262_C-2b
me-410a-1_u4,0.0,,,,,,22.0,0.0,0.0,0.0,1.31,1.31,0.0,,,,,,Me_410_A-1/U4
me-410b-6_r3,0.0,,,,,,2.0,,,0.0,,6.0,0.0,,,,,,Me_410_B-6/R3
us_merkava_mk_1,0.0,,,,,,42.0,50.0,0.0,0.0,1.85,2.18,0.0,,,,,,Merkava_Mk.1
us_merkava_mk_2b_late,0.0,,,,,,16.0,26.67,0.0,0.0,1.3,1.75,0.0,,,,,,Merkava_Mk.2B
us_merkava_mk_3d,0.0,,,,,,7.0,,,,,,0.0,,,,,,Merkava_Mk.3D
il_merkava_mk_4m,0.0,,,,,,575.0,84.26,0.09,0.09,5.86,6.15,0.0,,,,,,Merkava_Mk.4M
meteor_fmk3,0.0,,,,,,77.0,70.24,0.39,0.63,1.25,1.84,0.0,,,,,,Meteor_F_Mk_3
meteor_fmk4_lw,0.0,,,,,,55.0,100.0,1.0,0.65,1.12,1.08,0.0,,,,,,Meteor_F_Mk_4_G.41F
meteor_fmk4_sw,0.0,,,,,,0.0,,,,,,0.0,,,,,,Meteor_F_Mk_4_G.41G
meteor_fmk8,0.0,,,,,,7.0,100.0,0.0,,0.0,,0.0,,,,,,Meteor_F_Mk_8_G.41K
meteor_fmk8_belgium,0.0,,,,,,17.0,100.0,2.55,2.55,1.0,1.0,0.0,,,,,,Meteor_F_Mk.8
meteor_fmk8_reaper,0.0,,,,,,26.0,66.67,2.5,3.71,2.21,3.36,0.0,,,,,,Meteor_F_Mk.8_Reaper
me_210a_1,0.0,,,,,,22.0,100.0,2.0,0.0,0.0,0.0,0.0,,,,,,Me_210_A-1
mig-15_ns23,0.0,,,,,,107.0,86.31,3.07,2.52,0.2,0.22,0.0,,,,,,MiG-15
mig-15,0.0,,,,,,95.0,32.79,1.45,1.16,0.72,0.52,0.0,,,,,,MiG-15bis
mig-15bis_ish,0.0,,,,,,177.0,68.68,0.17,0.19,2.24,2.25,0.0,,,,,,MiG-15bis_ISH
mig-21_bison,0.0,,,,,,291.0,74.0,2.1,1.53,0.0,0.0,1.0,,,1.0,,0.0,MiG-21_Bison
mig-21_pfm,0.0,,,,,,7.0,50.0,0.0,0.0,0.0,0.0,0.0,,,,,,MiG-21PFM
mig_29_9_12_sniper,0.0,,,,,,414.0,56.82,1.61,1.58,0.11,0.12,8.0,,,2.0,,0.0,MiG-29_Sniper
mig_29n,0.0,,,,,,22.0,40.0,1.4,1.27,0.0,0.0,0.0,,,,,,MiG-29N
mig-9,0.0,,,,,,76.0,24.36,1.67,2.27,0.27,0.27,0.0,,,,,,MiG-9
mig-9_ussr,0.0,,,,,,8.0,100.0,2.0,2.0,0.0,0.0,0.0,,,,,,MiG-9_(l)
mirage_milan,0.0,,,,,,6.0,100.0,1.0,,1.33,,0.0,,,,,,Milan
mirage_2000_5f,0.0,,,,,,196.0,51.82,1.53,1.31,0.24,0.21,0.0,,,,,,Mirage_2000-5F
mirage_2000c_s4,0.0,,,,,,357.0,69.63,3.91,10.24,0.05,0.11,0.0,,,,,,Mirage_2000C-S4
mirage_2000c_s5,0.0,,,,,,96.0,54.17,1.98,3.27,0.28,0.45,0.0,,,,,,Mirage_2000C-S5
mirage_2000d_r1,0.0,,,,,,0.0,,,,,,0.0,,,,,,Mirage_2000D-R1
mirage_2000d_rmv,0.0,,,,,,11.0,,,,,,2.0,,,0.0,,0.0,Mirage_2000D-RMV
mirage_4000,0.0,,,,,,84.0,80.77,2.18,1.62,0.0,0.0,18.0,,,1.0,,0.0,Mirage_4000
mirage_5ba,0.0,,,,,,18.0,,,,,,0.0,,,,,,Mirage_5BA
mirage_5f,0.0,,,,,,26.0,50.0,0.5,1.0,0.0,0.0,0.0,,,,,,Mirage_5F
mirage_f1c,0.0,,,,,,0.0,,,,,,0.0,,,,,,Mirage_F1C
mirage_f1c_200,0.0,,,,,,678.0,53.46,0.78,0.86,0.12,0.13,60.0,,,2.68,,0.0,Mirage_F1C-200
mirage_f1ct,0.0,,,,,,0.0,,,,,,1.0,,,1.0,,0.0,Mirage_F1CT
mirage_3c,0.0,,,,,,14.0,50.0,1.29,2.57,0.0,0.0,0.0,,,,,,Mirage_IIIC
mirage_3e,0.0,,,,,,52.0,72.73,1.0,1.26,0.0,0.0,0.0,,,,,,Mirage_IIIE
ussr_a_12_mk_2_matilda_2A_F96,0.0,,,,,,0.0,,,,,,0.0,,,,,,MK-II_«Matilda»
germ_mkpz_m47,0.0,,,,,,0.0,,,,,,0.0,,,,,,mKPz_M47_G
mosquito_fb_mk18,0.0,,,,,,0.0,,,,,,0.0,,,,,,Mosquito_FB_Mk_XVIII
mosquito_tr_mk33,0.0,,,,,,0.0,,,,,,0.0,,,,,,Mosquito_TR.Mk.33
mosquito_b_mk16,0.0,,,,,,1.0,,,,,,0.0,,,,,,Mosquito_B.Mk.XVI
mosquito_nf_mk2,0.0,,,,,,20.0,100.0,5.65,,0.45,,0.0,,,,,,Mosquito_NF.Mk.II
p-51b,0.0,,,,,,109.0,73.12,1.65,2.03,1.04,1.27,27.0,,,5.71,,1.0,Mustang_Mk_IA
md_454_mystere_4a,0.0,,,,,,0.0,,,,,,0.0,,,,,,Mystere_IVA
nc_223_3,0.0,,,,,,0.0,,,,,,0.0,,,,,,N.C.223.3
n1k1_kyuofu,0.0,,,,,,7.0,,,,,,0.0,,,,,,N1K1
n1k2_j,0.0,,,,,,5.0,100.0,1.0,0.6,1.0,1.0,0.0,,,,,,N1K2-J
il_namer_rcws_30,0.0,,,,,,318.0,56.97,0.04,0.05,1.18,1.25,0.0,,,,,,Namer_30
il_namer_tsrikhon,0.0,,,,,,74.0,57.78,0.0,0.0,1.76,3.07,0.0,,,,,,Namer_Tsrikhon
sw_nasams_fcs,0.0,,,,,,31.0,54.17,1.38,1.3,0.0,0.0,0.0,,,,,,NASAMS_3_(СОЦ)
us_nasams_fcs,0.0,,,,,,376.0,68.3,1.27,1.29,0.0,0.0,0.0,,,,,,NASAMS_3_(СОЦ)
fw-190a-8_france,0.0,,,,,,0.0,,,,,,0.0,,,,,,NC.900
nesher,0.0,,,,,,0.0,,,,,,0.0,,,,,,Nesher
f_16a_block_10_iaf,0.0,,,,,,3.0,,,1.0,,1.0,0.0,,,,,,Netz
f_16a_block_10_netz_mod,0.0,,,,,,65.0,54.29,2.02,2.78,0.34,0.37,14.0,,,0.0,,4.0,Netz_(Mod)
nimrod_mk1,0.0,,,,,,0.0,,,,,,0.0,,,,,,Nimrod_Mk_I
nimrod_mk2,0.0,,,,,,0.0,,,,,,0.0,,,,,,Nimrod_Mk_II
sw_nomads,0.0,,,,,,0.0,,,,,,0.0,,,,,,NOMADS
ussr_object_140,0.0,,,,,,152.0,53.39,0.0,0.0,3.96,3.35,0.0,,,,,,Object_140
cn_object_211,0.0,,,,,,102.0,100.0,0.0,0.0,3.44,0.77,0.0,,,,,,Object_211
uk_olifant_mk_1a,0.0,,,,,,617.0,64.37,0.09,0.11,4.15,4.65,0.0,,,,,,Olifant_Mk.1A
uk_olifant_mk_2,0.0,,,,,,200.0,97.9,0.0,0.0,4.3,2.59,0.0,,,,,,Olifant_Mk.2
os2u_1,0.0,,,,,,0.0,,,,,,0.0,,,,,,OS2U-1
os2u_3,0.0,,,,,,0.0,,,,,,0.0,,,,,,OS2U-3
uk_9a33bm2,0.0,,,,,,11.0,0.0,1.0,1.0,0.0,0.0,0.0,,,,,,Osa-AK
it_9a33bm3,0.0,,,,,,0.0,,,,,,0.0,,,,,,Osa-AKM
it_otomatic,0.0,,,,,,46.0,100.0,1.05,1.1,1.1,1.0,0.0,,,,,,OTOMATIC
p-26a_34,0.0,,,,,,0.0,,,,,,0.0,,,,,,P-26A-34
p-36a,0.0,,,,,,0.0,,,,,,0.0,,,,,,P-36A
p-36c,0.0,,,,,,0.0,,,,,,0.0,,,,,,P-36C
p-38g,0.0,,,,,,0.0,,,,,,0.0,,,,,,P-38G-1
p-38k,0.0,,,,,,4.0,,,,,,0.0,,,,,,P-38K
p-39k_1,0.0,,,,,,0.0,,,,,,0.0,,,,,,P-39K-1
p-39q_15,0.0,,,,,,0.0,,,,,,0.0,,,,,,P-39Q-15
p-39q_5,0.0,,,,,,59.0,100.0,1.25,1.25,1.38,1.38,0.0,,,,,,P-39Q-5
p-40c,0.0,,,,,,0.0,,,,,,0.0,,,,,,P-40C
p-40e_td,0.0,,,,,,11.0,100.0,1.0,1.0,1.0,1.0,0.0,,,,,,P-40E-1_TD
p-43a-1,0.0,,,,,,0.0,,,,,,0.0,,,,,,P-43A-1
p-47d_luftwaffe,0.0,,,,,,15.0,,,,,,0.0,,,,,,P-47D
p-47m-1-re,0.0,,,,,,123.0,71.61,0.87,1.15,1.45,2.03,0.0,,,,,,P-47M-1-RE
p-51a_tl,0.0,,,,,,17.0,,,0.89,,0.11,0.0,,,,,,P-51A
p-51c-11-nt_japan,0.0,,,,,,6.0,100.0,6.0,,2.0,,0.0,,,,,,P-51C-11-NT
p-59a,0.0,,,,,,24.0,100.0,2.0,1.75,0.0,0.0,0.0,,,,,,P-59A
p-61a_1,0.0,,,,,,37.0,100.0,1.0,0.29,2.09,0.87,14.0,100.0,0.0,,2.0,,P-61A-11
p-66,0.0,,,,,,0.0,,,,,,0.0,,,,,,P-66
p_108b_serie1,0.0,,,,,,0.0,,,,,,0.0,,,,,,P.108B_serie_1
p_108b_serie2,0.0,,,,,,0.0,,,,,,0.0,,,,,,P.108B_serie_2
fr_citroen_kegresse_p4t,0.0,,,,,,0.0,,,,,,0.0,,,,,,P.7.T_AA
p1y1_mod11,0.0,,,,,,0.0,,,,,,0.0,,,,,,P1Y1_mod._11
d_510,0.0,,,,,,0.0,,,,,,0.0,,,,,,Pallier's_D.510
pb4y-2_france,0.0,,,,,,0.0,,,,,,0.0,,,,,,PB4Y-2
pbj_1h,0.0,,,,,,0.0,,,,,,0.0,,,,,,PBJ-1H
pbj_1j,0.0,,,,,,0.0,,,,,,0.0,,,,,,PBJ-1J
pbm_1,0.0,,,,,,0.0,,,,,,0.0,,,,,,"PBM-1_""Mariner"""
pbm_3,0.0,,,,,,0.0,,,,,,0.0,,,,,,"PBM-3_""Mariner"""
pbm_5a,0.0,,,,,,0.0,,,,,,0.0,,,,,,"PBM-5A_""Mariner"""
sw_pbv_301,0.0,,,,,,7.0,,,0.0,,0.0,0.0,,,,,,Pbv_301
sw_pbv_302_bill,0.0,,,,,,53.0,13.49,0.0,0.0,0.33,0.25,0.0,,,,,,Pbv_302_(BILL)
pby-5,0.0,,,,,,0.0,,,,,,0.0,,,,,,PBY-5_Catalina
pby-5a,0.0,,,,,,0.0,,,,,,0.0,,,,,,PBY-5A_Catalina
pby-5a_ussr,0.0,,,,,,0.0,,,,,,0.0,,,,,,PBY-5A_Catalina
pby-5a_late_france,0.0,,,,,,0.0,,,,,,0.0,,,,,,PBY-5A_Late
pe-2-205,0.0,,,,,,0.0,,,,,,0.0,,,,,,Pe-2-205
cn_pgz_04a,0.0,,,,,,111.0,54.94,0.51,0.41,0.12,0.18,0.0,,,,,,PGZ04A
cn_pgz_09,0.0,,,,,,185.0,68.23,0.42,0.36,0.67,0.58,0.0,,,,,,PGZ09
ussr_type_65_aa,0.0,,,,,,6.0,,,,,,0.0,,,,,,Phòng_không_T-34
cn_plz_83,0.0,,,,,,12.0,,,0.0,,0.18,0.0,,,,,,PLZ83
cn_plz_83_130,0.0,,,,,,38.0,70.0,0.0,0.0,2.1,2.0,0.0,,,,,,PLZ83-130
po-2,0.0,,,,,,0.0,,,,,,0.0,,,,,,Po-2
po-2_nw,,,,,,,,,,,,,,,,,,,Po-2_Night_Witch
po-2m,0.0,,,,,,0.0,,,,,,0.0,,,,,,Po-2M
potez_630,0.0,,,,,,0.0,,,,,,0.0,,,,,,Potez_630
potez_631,0.0,,,,,,5.0,,,0.0,,1.0,0.0,,,,,,Potez_631
potez_633,0.0,,,,,,0.0,,,,,,0.0,,,,,,Potez_633
cn_ptl_02,0.0,,,,,,214.0,56.6,0.0,0.0,2.37,1.06,5.0,100.0,0.0,,1.0,,PTL02
germ_schutzenpanzer_puma,0.0,,,,,,381.0,44.6,0.08,0.06,1.22,0.89,0.0,,,,,,PUMA
germ_schutzenpanzer_puma_vjtf_mod,0.0,,,,,,76.0,,,0.0,,0.73,0.0,,,,,,Puma_u14
germ_schutzenpanzer_puma_vjtf,0.0,,,,,,677.0,43.93,0.0,0.0,0.75,0.65,0.0,,,,,,PUMA_VJTF
sw_pvlvv_fm42,0.0,,,,,,5.0,,,,,,0.0,,,,,,Pvlvv_fm/42
germ_pzkpfw_38t_na,0.0,,,,,,0.0,,,,,,0.0,,,,,,Pz.38(t)_n.A.
germ_pzkpfw_38t_ausf_A,0.0,,,,,,15.0,,,0.0,,2.0,0.0,,,,,,Pz.38(t)_A
germ_pzkpfw_II_ausf_C_td,0.0,,,,,,0.0,,,,,,0.0,,,,,,Pz.II_C_TD
germ_pzkpfw_III_ausf_J_td,0.0,,,,,,0.0,,,,,,0.0,,,,,,Pz.III_J1_TD
it_pzkpfw_III_ausf_N,0.0,,,,,,17.0,,,0.0,,2.0,0.0,,,,,,Pz.III_N
germ_pzkpfw_III_ausf_J_L42,0.0,,,,,,49.0,,,0.0,,2.23,0.0,,,,,,Pz.III_J
germ_pzkpfw_III_ausf_L,0.0,,,,,,49.0,,,0.0,,2.55,0.0,,,,,,Pz.III_L
germ_pzkpfw_II_ausf_F,0.0,,,,,,17.0,,,0.0,,0.47,0.0,,,,,,Pz.II_F
germ_pzkpfw_II_ausf_C_DAK,0.0,,,,,,18.0,100.0,0.0,0.0,6.33,6.0,0.0,,,,,,Pz.II_С_(DAK)
germ_amd_35_kwk39,0.0,,,,,,53.0,0.0,0.0,0.0,5.12,1.46,0.0,,,,,,Pz.Sp.Wg.P204(f)_PaK
q_5_early,0.0,,,,,,0.0,,,,,,0.0,,,,,,Q-5_early
q_5a,0.0,,,,,,28.0,100.0,0.0,0.0,1.0,1.0,0.0,,,,,,Q-5A
q_5l,0.0,,,,,,0.0,,,,,,0.0,,,,,,Q-5L
uk_ram_90mm_aa,0.0,,,,,,130.0,81.82,0.0,0.0,5.45,4.47,1.0,,,0.0,,1.0,QF_3.7_Ram
quing_6,0.0,,,,,,0.0,,,,,,0.0,,,,,,Qing-6
cn_qn506,0.0,,,,,,30.0,67.86,0.0,0.0,0.79,1.32,0.0,,,,,,QN506
fr_renault_r39,0.0,,,,,,0.0,,,,,,0.0,,,,,,R.35_(SA38)
r2y2_v1,0.0,,,,,,0.0,,,,,,0.0,,,,,,R2Y2_Kai_V1
r2y2_v2,0.0,,,,,,9.0,100.0,1.0,1.0,1.11,1.11,0.0,,,,,,R2Y2_Kai_V2
r2y2_kai,0.0,,,,,,34.0,83.33,0.5,0.42,1.58,1.44,0.0,,,,,,R2Y2_Kai_V3
it_oto_r3_106sr,0.0,,,,,,138.0,56.61,0.0,0.0,1.62,1.73,0.0,,,,,,R3_T106_FA
it_oto_r3_t20_fa,0.0,,,,,,167.0,68.83,0.24,0.24,0.32,0.2,0.0,,,,,,R3_T20_FA-HS
germ_th_400,0.0,,,,,,136.0,35.0,0.0,0.0,1.48,0.81,0.0,,,,,,R400
rafale_c_f3,0.0,,,,,,216.0,60.4,1.97,2.48,0.87,0.91,7.0,,,0.0,,0.0,Rafale_C_F3
rafale_m_f3r,0.0,,,,,,83.0,37.78,1.83,2.38,0.29,0.48,0.0,,,,,,Rafale_M_F3-R
germ_raketenjagdpanzer_2_hot,0.0,,,,,,128.0,43.82,0.0,0.0,0.46,0.33,0.0,,,,,,RakJPz_2_(HOT)
uk_tracked_rapier,0.0,,,,,,67.0,43.33,3.17,3.84,0.0,0.0,0.0,,,,,,Rapier
p-36a_rasmussen,0.0,,,,,,0.0,,,,,,0.0,,,,,,Rasmussen's_P-36A
uk_ratel_20,0.0,,,,,,63.0,100.0,0.0,0.0,1.0,0.37,0.0,,,,,,Ratel_20
uk_ratel_90,0.0,,,,,,115.0,91.05,0.0,0.0,3.73,2.18,0.0,,,,,,Ratel_90
re_2000_int,0.0,,,,,,0.0,,,,,,0.0,,,,,,Re.2000_serie_1
re_2001_cb,0.0,,,,,,0.0,,,,,,0.0,,,,,,Re.2001_CB
re_2001_serie1_ep,0.0,,,,,,0.0,,,,,,0.0,,,,,,Re.2001_gruppo_22
re_2001_serie1,0.0,,,,,,7.0,,,0.0,,0.0,0.0,,,,,,Re.2001_serie_1
re_2005_vdm,0.0,,,,,,27.0,100.0,1.63,1.48,3.81,3.63,0.0,,,,,,Re.2005_(VDM)
re_2005_serie0,0.0,,,,,,24.0,100.0,1.0,0.17,5.0,2.17,0.0,,,,,,Re.2005_serie_0
jp_type_95_heavy,0.0,,,,,,0.0,,,,,,0.0,,,,,,Ro-Go
jp_hiro_sha,0.0,,,,,,13.0,,,0.0,,1.0,0.0,,,,,,Ro-Go_Exp.
ro_43,,,,,,,,,,,,,,,,,,,Ro.43
ro_44,0.0,,,,,,0.0,,,,,,0.0,,,,,,Ro.44
ro_57_quadriarma,0.0,,,,,,44.0,66.67,0.3,0.5,1.3,2.0,0.0,,,,,,Ro.57_Quadriarma
fr_amx_30_roland,0.0,,,,,,59.0,5.56,1.2,1.46,0.0,0.0,0.0,,,,,,Roland_1
uk_rooikat_105_td,0.0,,,,,,221.0,57.76,0.0,0.0,2.85,2.08,0.0,,,,,,Rooikat_105
uk_rooikat_76,0.0,,,,,,109.0,86.82,0.0,0.0,2.81,1.3,0.0,,,,,,Rooikat_Mk.1D
uk_rooikat_mttd,0.0,,,,,,234.0,67.37,0.0,0.0,2.33,2.02,0.0,,,,,,Rooikat_MTTD
s_81_ar125,0.0,,,,,,0.0,,,,,,0.0,,,,,,S.81
sm_79_1941,0.0,,,,,,0.0,,,,,,0.0,,,,,,S.M.79_AS
sm_79_iar,0.0,,,,,,0.0,,,,,,0.0,,,,,,S.M.79_B
sm_79_iar_italy,0.0,,,,,,0.0,,,,,,0.0,,,,,,S.M.79_B
sm_79_1942,0.0,,,,,,0.0,,,,,,0.0,,,,,,S.M.79_bis/N
sm_79_1943,0.0,,,,,,0.0,,,,,,0.0,,,,,,S.M.79_bis/T.M
sm_79_1936,0.0,,,,,,0.0,,,,,,0.0,,,,,,S.M.79_serie_1
sm_79_1936_italy,0.0,,,,,,0.0,,,,,,0.0,,,,,,S.M.79_serie_1
sm_79_1937,0.0,,,,,,0.0,,,,,,0.0,,,,,,S.M.79_serie_4
sm_79_1939,0.0,,,,,,0.0,,,,,,0.0,,,,,,S.M.79_serie_8
so_4050_vautour_2a,0.0,,,,,,0.0,,,,,,0.0,,,,,,S.O.4050_Vautour_IIA
so_4050_vautour_2b,0.0,,,,,,0.0,,,,,,0.0,,,,,,S.O.4050_Vautour_IIB
so_4050_vautour_2n,0.0,,,,,,17.0,100.0,0.0,0.0,1.0,1.0,0.0,,,,,,S.O.4050_Vautour_IIN
so_4050_vautour_2n_late,0.0,,,,,,128.0,56.32,1.64,2.06,0.66,0.79,0.0,,,,,,S.O.4050_Vautour_IIN_(late)
so_8000_narval,0.0,,,,,,0.0,,,,,,0.0,,,,,,S.O.8000_Narval
saab_b17bs,0.0,,,,,,0.0,,,,,,0.0,,,,,,S17BS
md_460_saar,0.0,,,,,,21.0,100.0,1.0,1.0,0.0,0.0,0.0,,,,,,Sa'ar
saab_f35_wdns,0.0,,,,,,9.0,,,0.0,,0.0,0.0,,,,,,Saab_F-35
saab_j35xs,0.0,,,,,,250.0,58.83,2.25,3.05,4.03,5.37,0.0,,,,,,Saab_J35XS
saab_105g,0.0,,,,,,140.0,67.57,0.8,0.52,6.2,4.61,0.0,,,,,,SAAB-105G
saab_105oe,0.0,,,,,,0.0,,,,,,0.0,,,,,,SAAB-105OE
sagittario_2,0.0,,,,,,0.0,,,,,,0.0,,,,,,Sagittario_2
md_460_sambad,0.0,,,,,,0.0,,,,,,0.0,,,,,,Sambad
fr_vab_santal,0.0,,,,,,81.0,0.0,2.5,0.93,0.0,0.0,0.0,,,,,,SANTAL
uk_marmon_herrington_mk_6_2pdr,0.0,,,,,,95.0,62.7,0.0,0.0,1.15,0.91,0.0,,,,,,SARC_MkVI_(2pdr)
uk_marmon_herrington_mk_6_6pdr,0.0,,,,,,73.0,52.63,0.0,0.0,1.49,2.25,0.0,,,,,,SARC_MkVI_(6pdr)
fr_somua_sau40,0.0,,,,,,0.0,,,,,,0.0,,,,,,SAu_40
sb_2m_100,0.0,,,,,,0.0,,,,,,0.0,,,,,,SB_2M-100
sb_2m_103_mv3,0.0,,,,,,0.0,,,,,,0.0,,,,,,SB_2M-103_MV-3
sb_2m_103u,0.0,,,,,,0.0,,,,,,0.0,,,,,,SB_2M-103U
sb_2m_103u_mv3,0.0,,,,,,0.0,,,,,,0.0,,,,,,SB_2M-103U_MV-3
sb2c_4,0.0,,,,,,0.0,,,,,,0.0,,,,,,SB2C-4
sb2u-2,0.0,,,,,,0.0,,,,,,0.0,,,,,,SB2U-2
sb2u-3,0.0,,,,,,15.0,,,,,,0.0,,,,,,SB2U-3
scimitar_f1,0.0,,,,,,3.0,,,,,,0.0,,,,,,Scimitar_F_Mk.1
uk_fv107_scimitar_mk2,0.0,,,,,,92.0,41.67,0.0,0.0,3.35,0.89,0.0,,,,,,Scimitar_Mk.2
germ_sdkfz_221_s_pz_b_41,0.0,,,,,,7.0,100.0,0.0,0.0,2.0,1.86,0.0,,,,,,Sd.Kfz.221_(s.Pz.B.41)
germ_sdkfz_234_2_mod,0.0,,,,,,105.0,73.91,0.0,0.0,2.7,1.02,0.0,,,,,,"Sd.Kfz.234/2_""Biene"""
germ_sdkfz_234_2_td,0.0,,,,,,78.0,47.78,0.0,0.0,0.84,0.89,0.0,,,,,,Sd.Kfz.234/2_TD
germ_sdkfz_234_3,0.0,,,,,,56.0,31.18,0.0,0.0,2.97,2.97,0.0,,,,,,Sd.Kfz.234/3
germ_sdkfz_234_4,0.0,,,,,,155.0,57.67,0.0,0.0,3.3,2.79,13.0,,,,,,Sd.Kfz.234/4
germ_sdkfz_251_10,0.0,,,,,,0.0,,,,,,0.0,,,,,,Sd.Kfz.251/10
germ_sdkfz_251_21,0.0,,,,,,91.0,18.75,0.47,0.45,0.51,0.48,0.0,,,,,,Sd.Kfz.251/21
gladiator_mk2_navy,0.0,,,,,,0.0,,,,,,0.0,,,,,,Sea_Gladiator_Mk_I
harrier_frs1_early,0.0,,,,,,16.0,100.0,2.0,2.0,0.0,0.0,0.0,,,,,,Sea_Harrier_FRS.1_(e)
sea_hawk_fga6,0.0,,,,,,50.0,72.23,0.25,0.42,1.42,2.0,0.0,,,,,,Sea_Hawk_FGA.6
sea_hawk_fga50_netherlands,0.0,,,,,,30.0,95.0,1.05,1.17,3.9,4.17,13.0,,,,,,Sea_Hawk_Mk.50
hurricane_mk1b,0.0,,,,,,0.0,,,,,,0.0,,,,,,Sea_Hurricane_Mk_IB
meteor_fmk3_navy,0.0,,,,,,144.0,62.74,0.69,1.11,0.73,1.14,0.0,,,,,,Sea_Meteor_F_Mk_3
sea_venom_faw20,0.0,,,,,,0.0,,,,,,0.0,,,,,,Sea_Venom_FAW_20
dh_110_sea_vixen,0.0,,,,,,37.0,50.0,1.5,2.08,0.0,0.0,11.0,,,1.09,,0.0,Sea_Vixen_F.A.W._Mk.2
seafire_mk17,0.0,,,,,,3.0,,,2.0,,1.0,0.0,,,,,,Seafire_F_Mk_XVII
seafire_mk3,0.0,,,,,,0.0,,,,,,0.0,,,,,,Seafire_LF_Mk.III
shackleton_mr_mk_2,0.0,,,,,,0.0,,,,,,0.0,,,,,,Shackleton_MR.Mk.2
mirage_3cj,0.0,,,,,,26.0,100.0,2.38,2.38,1.0,1.0,0.0,,,,,,Shahak
uk_centurion_shot_kal_d,0.0,,,,,,0.0,,,,,,0.0,,,,,,Sho't_Kal_Dalet
ussr_9p149,0.0,,,,,,105.0,30.24,0.0,0.0,1.41,1.47,0.0,,,,,,Shturm-S
saab_sk60b,0.0,,,,,,176.0,27.15,0.64,0.34,1.76,1.26,0.0,,,,,,SK60B
uk_skink_aa,0.0,,,,,,66.0,76.92,1.81,0.67,0.19,0.13,0.0,,,,,,Skink
us_skink_aa_kit_3rank,0.0,,,,,,80.0,37.93,1.12,1.19,0.12,0.09,0.0,,,,,,Skink_(Hell)
soc_1,,,,,,,,,,,,,,,,,,,SOC-1
spitfire_f24,0.0,,,,,,78.0,69.87,3.71,10.87,0.73,1.87,0.0,,,,,,Spitfire_F_Mk_24
spitfire_mk14c,0.0,,,,,,22.0,90.0,1.25,1.32,0.25,0.23,0.0,,,,,,Spitfire_F_Mk_XIVc
spitfire_mk14e,0.0,,,,,,21.0,56.67,0.67,1.0,0.67,1.0,0.0,,,,,,Spitfire_F_Mk_XIVe
spitfire_mk18e,0.0,,,,,,97.0,83.33,0.95,1.45,2.78,4.23,0.0,,,,,,Spitfire_F_Mk_XVIIIe
spitfire_ix_usa,0.0,,,,,,529.0,64.26,0.87,1.04,1.35,1.59,7.0,,,,,,Spitfire_LF_Mk_IXc
spitfire_ix_ussr,0.0,,,,,,23.0,,,,,,0.0,,,,,,Spitfire_Mk_IXc
spitfire_mk5b_italy,0.0,,,,,,5.0,100.0,2.0,,0.0,,14.0,,,,,,Spitfire_Mk_Vb/trop
spitfiremkiia_ep,0.0,,,,,,13.0,,,1.0,,1.0,0.0,,,,,,Spitfire_Mk.IIa_Venture_I
spitfire_lf_mk9c_cw_greece,0.0,,,,,,35.0,100.0,1.16,1.16,0.16,0.16,0.0,,,,,,Spitfire_LF_Mk.IXc_(CW)
spitfire_mk5b_float,0.0,,,,,,0.0,,,,,,0.0,,,,,,Spitfire_Mk.Vb_(Float)
il_spyder_aio,0.0,,,,,,86.0,71.53,1.04,1.75,0.0,0.0,0.0,,,,,,SPYDER
fr_saint_chamond,0.0,,,,,,0.0,,,,,,0.0,,,,,,St-Chamond
us_stingray,0.0,,,,,,1020.0,54.7,0.0,0.0,1.88,1.47,0.0,,,,,,Stingray
jp_stingray,0.0,,,,,,305.0,58.34,0.0,0.0,1.94,1.93,0.0,,,,,,Stingray
stirling_mk1,0.0,,,,,,0.0,,,,,,0.0,,,,,,Stirling_B_Mk_I
stirling_mk3,0.0,,,,,,0.0,,,,,,0.0,,,,,,Stirling_B_Mk_III
uk_stormer_air_defence,0.0,,,,,,125.0,30.56,2.01,1.57,0.0,0.0,0.0,,,,,,Stormer_AD
uk_stormer_hvm,0.0,,,,,,57.0,38.0,0.38,0.17,0.0,0.0,0.0,,,,,,Stormer_HVM
strikemaster_mk88,0.0,,,,,,57.0,84.56,0.47,0.43,2.96,3.51,0.0,,,,,,Strikemaster_Mk.88
uk_fv102_striker,0.0,,,,,,17.0,,,0.0,,0.0,0.0,,,,,,Striker
sw_strv_103c,0.0,,,,,,136.0,46.5,0.0,0.0,0.74,1.07,0.0,,,,,,Strv_103С
sw_strv_105,0.0,,,,,,456.0,55.05,0.0,0.0,1.48,1.71,0.0,,,,,,Strv_105
sw_strv_81_rb52,0.0,,,,,,9.0,,,0.0,,0.17,0.0,,,,,,Strv_81_(RB_52)
uk_centurion_mk_3_ss11,0.0,,,,,,0.0,,,,,,0.0,,,,,,Strv_81_(RB_52)
sw_strv_m39_td,0.0,,,,,,0.0,,,,,,0.0,,,,,,Strv_m/39_TD
sw_strv_m41_s1,0.0,,,,,,0.0,,,,,,0.0,,,,,,Strv_m/41_S-I
uk_m3a1_stuart,0.0,,,,,,9.0,100.0,0.0,0.0,4.0,4.0,0.0,,,,,,Stuart_III
us_m5a1_stuart_canadian_5st_arm,0.0,,,,,,0.0,,,,,,0.0,,,,,,Stuart_VI_(5th_CAD)
germ_stug_III_ausf_A,0.0,,,,,,0.0,,,,,,0.0,,,,,,StuG_III_A
germ_sturmpanzer_II,0.0,,,,,,0.0,,,,,,0.0,,,,,,Sturmpanzer_II
ussr_su_100Y,0.0,,,,,,38.0,50.0,0.0,0.0,1.5,1.5,0.0,,,,,,SU-100Y
su-11,0.0,,,,,,192.0,65.24,1.86,1.97,1.68,1.81,0.0,,,,,,Su-11
ussr_su_122P,0.0,,,,,,24.0,,,0.0,,2.89,0.0,,,,,,SU-122P
su_17m2,0.0,,,,,,22.0,100.0,0.0,0.0,1.0,1.0,0.0,,,,,,Su-17M2
su_22m3,0.0,,,,,,122.0,70.37,0.67,0.46,0.68,0.23,6.0,,,0.0,,0.0,Su-22M3
su_25sm3,0.0,,,,,,4.0,,,2.0,,0.0,16.0,,,0.0,,2.0,Su-25SM3
su_30mkm,0.0,,,,,,540.0,68.27,1.0,1.43,1.02,1.48,4.0,0.0,1.0,0.5,3.0,1.5,Su-30MKM
ussr_su_5_1,0.0,,,,,,0.0,,,,,,0.0,,,,,,SU-5-1
ussr_su_57,0.0,,,,,,16.0,,,0.0,,0.38,0.0,,,,,,SU-57
su_6_single,0.0,,,,,,89.0,100.0,0.27,0.36,4.19,4.71,0.0,,,,,,Su-6
su-6_am42,0.0,,,,,,32.0,45.37,0.57,1.0,1.02,0.73,0.0,,,,,,Su-6_(AM-42)
ussr_su_76d,0.0,,,,,,0.0,,,,,,0.0,,,,,,SU-76D
ussr_su_76m_1943,0.0,,,,,,0.0,,,,,,0.0,,,,,,SU-76M
ussr_su_76m_5st_kav_corps,0.0,,,,,,0.0,,,,,,0.0,,,,,,SU-76M_(5th_Gv.Kav.Corps)
su-7bmk,0.0,,,,,,9.0,,,0.0,,0.0,0.0,,,,,,Su-7BMK
ussr_su_85a,0.0,,,,,,0.0,,,,,,0.0,,,,,,SU-85A
su-9,0.0,,,,,,186.0,60.08,0.43,0.45,0.13,0.15,0.0,,,,,,Su-9
sunderland_mk3a,0.0,,,,,,0.0,,,,,,0.0,,,,,,Sunderland_Mk_IIIa
sunderland_mk5,0.0,,,,,,0.0,,,,,,0.0,,,,,,Sunderland_Mk_V
super_etendard_97,0.0,,,,,,21.0,100.0,1.08,1.08,5.67,5.67,0.0,,,,,,Super_Etendard
md_460,0.0,,,,,,71.0,84.64,2.14,2.45,0.71,0.82,0.0,,,,,,Super_Mystere_B2
swift_f1,0.0,,,,,,108.0,70.11,1.65,1.31,0.13,0.15,0.0,,,,,,Swift_F.1
swift_f7,0.0,,,,,,0.0,,,,,,0.0,,,,,,Swift_F.7
uk_fv438_swingfire,0.0,,,,,,167.0,61.72,0.0,0.0,1.91,1.87,0.0,,,,,,Swingfire
swordfish_mk1,0.0,,,,,,0.0,,,,,,0.0,,,,,,Swordfish_Mk_I
swordfish_mk2,0.0,,,,,,0.0,,,,,,0.0,,,,,,Swordfish_Mk_II
sw_t_80u,0.0,,,,,,408.0,49.63,0.0,0.0,2.23,1.4,0.0,,,,,,T_80_U
ussr_t_10a,0.0,,,,,,106.0,59.89,0.0,0.0,2.4,2.59,0.0,,,,,,T-10A
ussr_t_126sp,0.0,,,,,,0.0,,,,,,0.0,,,,,,T-126
t2,0.0,,,,,,418.0,79.75,3.1,6.21,0.28,0.45,0.0,,,,,,T-2
t2_early,0.0,,,,,,44.0,81.82,0.55,0.63,0.0,0.0,0.0,,,,,,T-2_Early
cn_t_26_no531,0.0,,,,,,0.0,,,,,,0.0,,,,,,T-26_No.531
ussr_t_26E,0.0,,,,,,0.0,,,,,,0.0,,,,,,T-26E
ussr_t_28_1938,0.0,,,,,,0.0,,,,,,0.0,,,,,,T-28_(1938)
ussr_t_34_1940_l_11,0.0,,,,,,0.0,,,,,,0.0,,,,,,T-34_(Prototype)
sw_t_50_fin,0.0,,,,,,0.0,,,,,,0.0,,,,,,T-50
ussr_t_70_1942,0.0,,,,,,0.0,,,,,,0.0,,,,,,T-70
sw_t_72m1,0.0,,,,,,730.0,53.59,0.0,0.0,1.89,1.78,0.0,,,,,,T-72M1
ussr_pzkpfw_III_ausf_J_L42,0.0,,,,,,7.0,100.0,0.0,0.0,2.0,2.0,0.0,,,,,,T-III
us_t114,0.0,,,,,,53.0,50.0,0.0,0.0,3.0,2.58,0.0,,,,,,T114
us_t28,0.0,,,,,,27.0,,,,,,0.0,,,,,,T28
us_t32,0.0,,,,,,267.0,31.39,0.0,0.0,6.3,2.38,0.0,,,,,,T32
us_t54e2,0.0,,,,,,24.0,,,0.0,,3.13,0.0,,,,,,T54E2
us_t77e1,0.0,,,,,,130.0,71.15,2.56,1.57,0.0,0.0,0.0,,,,,,T77E1
us_t95,0.0,,,,,,66.0,38.71,0.0,0.0,1.74,2.22,0.0,,,,,,T95
ta-152c,0.0,,,,,,7.0,100.0,1.0,1.0,1.0,1.0,0.0,,,,,,Ta_152_C-3
ta-152h-1,0.0,,,,,,96.0,55.11,2.12,4.15,0.52,1.07,0.0,,,,,,Ta_152_H-1
jp_type_98_ta_se,0.0,,,,,,76.0,100.0,0.29,0.11,2.45,1.29,0.0,,,,,,Ta-Se
germ_thyssen_henschel_tam_2c,0.0,,,,,,432.0,55.5,0.0,0.0,1.02,0.87,0.0,,,,,,TAM_2C
jp_type_81_tansam_launcher,,,,,,,,,,,,,,,,,,,Tan-SAM_Kai_(СОУ)
jp_type_81_tansam_fcs,0.0,,,,,,51.0,100.0,0.06,0.01,0.0,0.0,0.0,,,,,,Tan-SAM_Kai_(СОЦ)
tbd-1_1938,0.0,,,,,,0.0,,,,,,0.0,,,,,,TBD-1
tbf-1c,0.0,,,,,,0.0,,,,,,0.0,,,,,,TBF-1C
il_tcm_20,0.0,,,,,,12.0,0.0,0.0,0.0,0.0,0.0,0.0,,,,,,TCM-20
tempest_mkv_luftwaffe,0.0,,,,,,1.0,,,,,,0.0,,,,,,Tempest_Mk_V
tempest_mkv_vikkers,0.0,,,,,,0.0,,,,,,0.0,,,,,,Tempest_Mk_V_(Vickers_P)
f2a-1_thach,0.0,,,,,,0.0,,,,,,0.0,,,,,,Thach's_F2A-1
il_tiran_4,0.0,,,,,,58.0,50.0,0.0,0.0,1.0,0.79,0.0,,,,,,Tiran_4
ussr_to_55,0.0,,,,,,198.0,78.12,0.0,0.0,5.54,3.3,0.0,,,,,,TO-55
uk_tog_2,0.0,,,,,,44.0,50.0,0.0,0.0,2.39,3.52,0.0,,,,,,TOG_II
it_toldi_II_a,0.0,,,,,,0.0,,,,,,0.0,,,,,,Toldi_IIA
cn_tor_m1,0.0,,,,,,0.0,,,,,,0.0,,,,,,Tor-M1
tornado_adv,0.0,,,,,,15.0,71.43,1.37,2.07,0.0,0.0,0.0,,,,,,Tornado_ADV
tornado_ids_it,0.0,,,,,,2.0,50.0,0.5,1.0,0.5,1.0,0.0,,,,,,Tornado_IDS
tornado_ids_it_mod95,0.0,,,,,,0.0,,,,,,0.0,,,,,,Tornado_IDS_(1995)
tornado_ids_it_ret8,0.0,,,,,,0.0,,,,,,0.0,,,,,,Tornado_IDS_MLU_(RET.8)
ussr_tor_m1,0.0,,,,,,19.0,0.0,2.0,1.0,0.0,0.0,0.0,,,,,,Toр-M1
uk_ttd,0.0,,,,,,238.0,63.02,0.0,0.0,5.15,3.99,0.0,,,,,,TTD
tu-1,0.0,,,,,,0.0,,,,,,0.0,,,,,,Tu-1
tu_14t,0.0,,,,,,5.0,0.0,0.0,0.0,1.0,1.0,0.0,,,,,,Tu-14T
tu-2_early,0.0,,,,,,0.0,,,,,,0.0,,,,,,Tu-2
tu_4,0.0,,,,,,0.0,,,,,,0.0,,,,,,Tu-4
gladiator_mk2_tuck,0.0,,,,,,0.0,,,,,,0.0,,,,,,Tuck's_Gladiator_Mk_II
it_41m_turan_2,0.0,,,,,,0.0,,,,,,0.0,,,,,,Turan_II
jp_type_03_chusam_fcs,0.0,,,,,,65.0,63.64,0.75,0.67,0.0,0.0,0.0,,,,,,Type_03_(СОЦ)
jp_type_16_mcv_prot,0.0,,,,,,406.0,49.92,0.0,0.0,1.93,1.36,0.0,,,,,,Type_16_(P)
jp_type_61_mod,0.0,,,,,,82.0,93.86,0.0,0.0,4.07,2.33,0.0,,,,,,Type_61_(B)
ussr_type_62,0.0,,,,,,4.0,0.0,0.0,0.0,3.0,3.0,0.0,,,,,,Type_62
cn_type_69_2a,0.0,,,,,,38.0,100.0,0.0,0.0,4.32,2.4,0.0,,,,,,Type_69-IIa
jp_type_74,0.0,,,,,,367.0,56.89,0.0,0.0,2.05,1.91,0.0,,,,,,Type_74_(E)
jp_type_74_f,0.0,,,,,,247.0,72.95,0.0,0.0,2.35,2.28,0.0,,,,,,Type_74_(F)
jp_type_87,0.0,,,,,,419.0,42.8,0.17,0.11,0.84,0.55,0.0,,,,,,Type_87
jp_type_87_rcv,0.0,,,,,,296.0,57.92,0.0,0.0,1.59,1.39,0.0,,,,,,Type_87_RCV
jp_type_87_rcv_prot,0.0,,,,,,327.0,70.04,0.08,0.08,1.39,1.19,0.0,,,,,,Type_87_RCV_(P)
jp_type_89,0.0,,,,,,256.0,70.22,0.0,0.0,5.06,2.07,0.0,,,,,,Type_89
ef_2000_typhoon_aesa,0.0,,,,,,387.0,75.81,2.33,4.66,0.24,0.5,0.0,,,,,,Typhoon_(AESA)
ef_2000_fgr4,0.0,,,,,,92.0,55.38,1.1,1.19,0.12,0.12,0.0,,,,,,Typhoon_FGR.4
typhoon_mk1a,0.0,,,,,,12.0,,,0.0,,0.0,0.0,,,,,,Typhoon_Mk_Ia
typhoon_mk1b,0.0,,,,,,54.0,90.15,1.74,1.86,2.22,2.4,0.0,,,,,,Typhoon_Mk_Ib
sw_landsverk_ush_405,0.0,,,,,,296.0,38.39,0.0,0.0,2.41,2.01,0.0,,,,,,U-SH_405
sw_udes_33,0.0,,,,,,54.0,100.0,0.0,0.0,2.4,0.52,0.0,,,,,,UDES_33
us_m551_football,,,,,,,,,,,,,,,,,,,us_m551_football
ussr_m551_football,,,,,,,,,,,,,,,,,,,ussr_m551_football
v_11g,0.0,,,,,,0.0,,,,,,0.0,,,,,,V-11
v_12d,0.0,,,,,,0.0,,,,,,0.0,,,,,,V-12D
v_156_b1,0.0,,,,,,8.0,,,0.0,,0.0,0.0,,,,,,V-156-B1
v_156_f,0.0,,,,,,0.0,,,,,,0.0,,,,,,V-156-F
uk_valentine_mk_1,0.0,,,,,,0.0,,,,,,0.0,,,,,,Valentine_I
uk_valentine_mk_9,0.0,,,,,,1.0,,,0.0,,2.0,0.0,,,,,,Valentine_IX
vampire_fb5,0.0,,,,,,0.0,,,,,,0.0,,,,,,Vampire_F.B.5
vampire_fb52_finland,0.0,,,,,,27.0,30.0,0.0,0.0,0.0,0.0,0.0,,,,,,Vampire_FB_52A
vampire_fb52a_italy,0.0,,,,,,10.0,,,1.0,,0.0,0.0,,,,,,Vampire_FB_52A
so_4050_vautour_2a_iaf,0.0,,,,,,0.0,,,,,,0.0,,,,,,Vautour_IIA_IDF/AF
it_vbc_pt2,0.0,,,,,,124.0,50.0,0.14,0.09,1.93,1.33,5.0,100.0,0.0,0.0,2.0,2.0,VBC_(PT2)
it_vcc_80_hitfist_30,0.0,,,,,,3.0,,,0.0,,1.0,0.0,,,,,,VCC-80/30
it_vcc_80_hitfist_60,0.0,,,,,,141.0,51.61,0.0,0.0,1.79,1.28,5.0,,,0.0,,1.0,VCC-80/60
sw_veak_40,0.0,,,,,,155.0,41.93,0.0,0.0,0.82,0.45,0.0,,,,,,VEAK_40
venom_fb4,0.0,,,,,,32.0,100.0,2.2,3.8,1.2,2.0,0.0,,,,,,Venom_FB.4
fr_vextra_105,0.0,,,,,,93.0,9.52,0.0,0.0,2.53,0.72,0.0,,,,,,Vextra_105
uk_vfm_5,0.0,,,,,,170.0,69.4,0.0,0.0,3.2,3.8,0.0,,,,,,VFM5
uk_vickers_mk_11,0.0,,,,,,289.0,51.88,0.0,0.0,2.59,1.89,0.0,,,,,,Vickers_Mk.11
uk_vickers_mbt_mk_3,0.0,,,,,,234.0,52.04,0.0,0.0,1.45,1.05,0.0,,,,,,Vickers_Mk.3
uk_vickers_mk7,0.0,,,,,,122.0,38.67,0.0,0.0,2.46,1.5,0.0,,,,,,Vickers_Mk.7
sw_k9_vidar,0.0,,,,,,127.0,88.15,0.0,0.0,3.41,1.91,0.0,,,,,,VIDAR
uk_vijayanta,0.0,,,,,,96.0,49.89,0.0,0.0,1.44,0.78,0.0,,,,,,Vijayanta
germ_pzkpfw_VI_tiger_P,0.0,,,,,,0.0,,,,,,0.0,,,,,,VK_45.01_(P)
vl_myrsky_2_late,0.0,,,,,,0.0,,,,,,0.0,,,,,,VL_Myrsky_II
pyorremyrsky,0.0,,,,,,74.0,90.58,1.27,1.9,1.37,1.9,0.0,,,,,,VL_Pyörremyrsky
it_vrcc_centauro,0.0,,,,,,201.0,49.72,0.0,0.0,2.59,2.0,0.0,,,,,,VRCC
cn_vt_4,0.0,,,,,,0.0,,,,,,0.0,,,,,,VT4
walrus_mk1,,,,,,,,,,,,,,,,,,,Walrus_Mk.I
uk_fv510_isv,0.0,,,,,,87.0,74.67,0.0,0.0,1.29,1.11,0.0,,,,,,Warrior
washington_b1,0.0,,,,,,0.0,,,,,,0.0,,,,,,Washington_B.Mk.I
spitfire_lf_mk9e_weisman,0.0,,,,,,38.0,50.0,1.0,1.0,1.5,1.5,35.0,,,2.0,,3.33,Weizman's_Spitfire_LF_Mk.IXe
wellington_mk1c,0.0,,,,,,0.0,,,,,,0.0,,,,,,Wellington_Mk_Ic
wellington_mk1c_luftwaffe,0.0,,,,,,0.0,,,,,,0.0,,,,,,Wellington_Mk_Ic
wellington_mk1c_late,0.0,,,,,,0.0,,,,,,0.0,,,,,,Wellington_Mk_Ic/L
wellington_mk3,0.0,,,,,,0.0,,,,,,0.0,,,,,,Wellington_Mk_III
wellington_mk10,0.0,,,,,,0.0,,,,,,0.0,,,,,,Wellington_Mk_X
whirlwind_mk1,0.0,,,,,,28.0,,,,,,0.0,,,,,,Whirlwind_Mk_I
whirlwind_p9,0.0,,,,,,0.0,,,,,,0.0,,,,,,Whirlwind_P.9
germ_wiesel_1_tow,0.0,,,,,,672.0,41.57,0.0,0.0,1.38,1.18,0.0,,,,,,Wiesel_1A2
wirraway,0.0,,,,,,0.0,,,,,,0.0,,,,,,Wirraway
cn_wma_301,0.0,,,,,,82.0,80.26,0.0,0.0,2.8,2.94,0.0,,,,,,WMA301
cn_wz_141,0.0,,,,,,112.0,100.0,0.0,0.0,5.41,2.03,0.0,,,,,,WZ141-1
xa_38,0.0,,,,,,0.0,,,,,,43.0,,,0.0,,1.7,XA-38
xf5f,0.0,,,,,,16.0,,,,,,5.0,,,,,,XF5F
xf5u_1,0.0,,,,,,36.0,50.0,1.22,1.0,1.0,0.34,0.0,,,,,,XF5U-1
us_xm_800t,0.0,,,,,,2271.0,61.89,0.01,0.01,1.66,1.42,0.0,,,,,,XM800T
p-38g_metal,0.0,,,,,,46.0,100.0,3.42,,2.45,,0.0,,,,,,XP-38G
yak-23,0.0,,,,,,31.0,60.0,1.9,1.82,1.2,1.18,0.0,,,,,,Yak-23
yak-28b,0.0,,,,,,85.0,31.82,0.0,0.0,0.3,0.32,0.0,,,,,,Yak-28B
yak-3_france,0.0,,,,,,136.0,57.53,1.57,3.01,0.52,1.09,13.0,,,,,,Yak-3
yak-3t,0.0,,,,,,73.0,50.0,2.18,2.44,0.9,1.06,0.0,,,,,,Yak-3T
er-2_ach30b_early,0.0,,,,,,0.0,,,,,,0.0,,,,,,Yer-2_(ACh-30B)_(e)
er-2_ach30b_late,0.0,,,,,,0.0,,,,,,0.0,,,,,,Yer-2_(ACh-30B)_(l)
er-2_m105_tat,0.0,,,,,,0.0,,,,,,0.0,,,,,,Yer-2_(M-105)_TAT
er-2_m105r_tat,0.0,,,,,,0.0,,,,,,0.0,,,,,,Yer-2_(M-105R)_TAT
yp-38,0.0,,,,,,0.0,,,,,,0.0,,,,,,YP-38
uk_ystervark_spaa,0.0,,,,,,59.0,50.0,0.5,0.5,0.0,0.0,0.0,,,,,,Ystervark
z_1007_bis_serie3,0.0,,,,,,0.0,,,,,,0.0,,,,,,Z.1007_bis_serie_3
z_1007_bis_serie5,0.0,,,,,,0.0,,,,,,0.0,,,,,,Z.1007_bis_serie_5
il_ss_11_halftrack,0.0,,,,,,53.0,0.0,0.0,0.0,3.78,2.29,0.0,,,,,,Zachlam_Tager
cn_zbd_04a,0.0,,,,,,224.0,59.32,0.0,0.0,1.62,1.28,9.0,,,0.0,,1.0,ZBD04A
cn_type_86,0.0,,,,,,31.0,100.0,0.0,0.0,1.0,0.7,0.0,,,,,,ZBD86
germ_flakpanzer_zerstorer_45,0.0,,,,,,197.0,19.25,0.51,0.35,0.31,0.23,0.0,,,,,,Zerstörer_45
ussr_zis_12_94KM_1945,0.0,,,,,,172.0,51.11,0.52,0.39,1.75,1.45,0.0,,,,,,ZiS-12_(94-KM)
cn_ztl_11,0.0,,,,,,30.0,50.0,0.0,0.0,1.0,0.7,0.0,,,,,,ZLT11
it_40_43m_zrinyi_2,0.0,,,,,,0.0,,,,,,0.0,,,,,,Zrinyi_II
ussr_zsu_37,0.0,,,,,,33.0,,,0.0,,0.92,0.0,,,,,,ZSU-37
uk_ratel_zt3,0.0,,,,,,397.0,64.32,0.02,0.02,3.19,2.93,0.0,,,,,,ZT3A2
cn_zts_63_1980,0.0,,,,,,156.0,72.95,0.0,0.0,1.42,1.2,0.0,,,,,,ZTS63
cn_ztz_96a,0.0,,,,,,155.0,44.57,0.0,0.0,1.29,1.23,0.0,,,,,,ZTZ96A
cn_ztz_99,0.0,,,,,,59.0,50.0,0.0,0.0,2.06,1.89,0.0,,,,,,ZTZ99-II
cn_ztz_99_w,0.0,,,,,,30.0,,,0.0,,0.64,0.0,,,,,,ZTZ99-III
ussr_zut_37,0.0,,,,,,0.0,,,,,,0.0,,,,,,ZUT-37
ussr_bmd_4m,0.0,,,,,,1112.0,45.29,0.0,0.0,1.55,1.33,7.0,,,0.0,,1.0,БМД-4M
ussr_sdkfz_251_21_kit_3rank,0.0,,,,,,18.0,0.0,0.67,0.38,0.0,0.0,0.0,,,,,,Ганомаг_('45)
ussr_garford_putilov,0.0,,,,,,0.0,,,,,,0.0,,,,,,Гарфордъ
db_lk,0.0,,,,,,0.0,,,,,,0.0,,,,,,ДБ-ЛК
mig_29kr_9_41r,0.0,,,,,,43.0,72.92,2.21,3.5,0.0,0.0,8.0,,,,,,МиГ-29КР_(9-41Р)
it_9a35_m,0.0,,,,,,0.0,,,,,,0.0,,,,,,Стрела-10М
su_24m,0.0,,,,,,159.0,54.87,0.22,0.22,1.84,2.72,0.0,,,,,,Су-24М
yak_1_litvyak,0.0,,,,,,0.0,,,,,,0.0,,,,,,Як-1_Литвяк
yak_130_early,0.0,,,,,,1424.0,60.54,0.08,0.09,2.56,3.15,2.0,,,0.0,,1.0,Як-130
p-47m-1-re_boxted,0.0,,,,,,51.0,27.5,0.45,0.6,0.74,0.95,11.0,,,1.0,,1.0,⋠P-47M-1-RE
a6m5_zero_china,,,,,,,,,,,,,,,,,,,A6M5_(China)
f-100a_china,0.0,,,,,,85.0,72.45,2.62,2.04,0.99,0.39,0.0,,,,,,F-100A_(China)
f_100f_china,0.0,,,,,,10.0,100.0,1.0,1.0,0.0,0.0,0.0,,,,,,F-100F_(China)
f-104a_china,0.0,,,,,,0.0,,,,,,0.0,,,,,,F-104A_(China)
f-104g_china,0.0,,,,,,0.0,,,,,,0.0,,,,,,F-104G_(China)
f_16a_block_20_mlu,0.0,,,,,,13.0,50.0,1.56,2.31,1.0,1.62,0.0,,,,,,F-16A_MLU_(China)
f_16a_block_72v_china,0.0,,,,,,21.0,50.0,1.0,2.0,0.0,0.0,0.0,,,,,,F-16V_(China)
f_47n_25_re_china,0.0,,,,,,0.0,,,,,,0.0,,,,,,F-47N-25-RE_(China)
f-5a_china,0.0,,,,,,0.0,,,,,,0.0,,,,,,F-5A_(China)
f-5e_aidc,0.0,,,,,,4.0,0.0,1.0,1.0,0.0,0.0,0.0,,,,,,F-5E_(China)
f-84g_china,0.0,,,,,,91.0,66.67,0.14,0.15,2.01,2.05,3.0,,,,,,F-84G-21-RE_(China)
f-84g-31-re_china,0.0,,,,,,20.0,72.73,0.18,0.14,1.64,1.71,0.0,,,,,,F-84G-31-RE_(China)
f-86f-30_china,0.0,,,,,,31.0,100.0,1.61,1.21,0.67,0.61,0.0,,,,,,F-86F-30_(China)
gladiator_mk1_china,0.0,,,,,,0.0,,,,,,0.0,,,,,,Gladiator_Mk_I_(China)
h-75m_china,0.0,,,,,,0.0,,,,,,0.0,,,,,,H-75M_(China)
hs-123a-1_china,0.0,,,,,,0.0,,,,,,0.0,,,,,,Hs_123_A-1_(China)
i-153_m62_china,0.0,,,,,,0.0,,,,,,0.0,,,,,,I-153_M-62_(China)
i-15bis_china,0.0,,,,,,31.0,100.0,1.0,1.0,2.0,1.36,0.0,,,,,,I-15bis_(China)
i-16_chung_28,0.0,,,,,,0.0,,,,,,0.0,,,,,,I-16_Chung_28_(China)
i-16_type10_china,0.0,,,,,,0.0,,,,,,0.0,,,,,,I-16_type_10_(China)
i-16_type17_china,0.0,,,,,,0.0,,,,,,0.0,,,,,,I-16_type_17_(China)
i-16_type5_1935_china,0.0,,,,,,0.0,,,,,,0.0,,,,,,I-16_type_5_(China)
cn_isu_122,0.0,,,,,,0.0,,,,,,0.0,,,,,,ISU-122_(China)
cn_isu_152,0.0,,,,,,42.0,,,0.0,,0.26,0.0,,,,,,ISU-152_(China)
ki-27_otsu_china,0.0,,,,,,0.0,,,,,,0.0,,,,,,Ki-27_otsu_(China)
ki_43_3_ko,0.0,,,,,,0.0,,,,,,0.0,,,,,,Ki-43-III_ko_(China)
ki-45_hei_tei_china,0.0,,,,,,0.0,,,,,,0.0,,,,,,Ki-45_hei/tei_(China)
ki_84_ko_china,0.0,,,,,,4.0,,,,,,14.0,100.0,7.0,7.0,1.0,1.0,Ki-84_ko_(China)
cn_m113a1_tow,0.0,,,,,,104.0,64.3,0.0,0.0,0.89,0.89,0.0,,,,,,M113A1_(TOW)_(China)
cn_m60a3_tts,0.0,,,,,,50.0,100.0,0.0,0.0,8.85,3.04,0.0,,,,,,M60A3_TTS_(China)
mig-9_china,0.0,,,,,,0.0,,,,,,0.0,,,,,,MiG-9_(China)
mig-9_late_china,0.0,,,,,,0.0,,,,,,0.0,,,,,,MiG-9_(l)_(China)
mirage_2000_5ei,0.0,,,,,,90.0,74.74,1.74,1.86,0.0,0.0,0.0,,,,,,Mirage_2000-5Ei_(China)
pb4y-2_china,0.0,,,,,,0.0,,,,,,0.0,,,,,,PB4Y-2_(China)
sb_2m_103u_china,0.0,,,,,,0.0,,,,,,0.0,,,,,,SB_2M-103U_(China)
cn_su_76m_1943,0.0,,,,,,35.0,0.0,0.0,0.0,0.76,0.78,0.0,,,,,,SU-76M_(China)
tu_4_china,0.0,,,,,,0.0,,,,,,0.0,,,,,,Tu-4_(China)
uk_challenger_II_yt_cup_2019,,,,,,,,,,,,,,,,,,,␙Challenger_2
germ_leopard_2a5_yt_cup_2019,0.0,,,,,,0.0,,,,,,0.0,,,,,,␙Leopard_2A5
us_m1a1_abrams_yt_cup_2019,0.0,,,,,,0.0,,,,,,0.0,,,,,,␙M1A1
md_460_yt_cup_2019,,,,,,,,,,,,,,,,,,,␙Super_Mystere_B2
ussr_t_80u_yt_cup_2019,0.0,,,,,,0.0,,,,,,0.0,,,,,,␙T-80U
p-63c-5_kingcobra_animal_version,0.0,,,,,,161.0,61.08,0.7,1.42,2.51,5.05,0.0,,,,,,␠Kingcobra
f-86_canadair_german,0.0,,,,,,36.0,50.0,3.2,3.05,1.23,1.19,0.0,,,,,,◄CL-13A_Mk_5
f-86_cl_13b_mk6,0.0,,,,,,60.0,50.0,2.89,5.65,1.58,3.0,0.0,,,,,,◄CL-13B_Mk.6
ef_2000_block_10,0.0,,,,,,432.0,51.35,1.28,1.25,0.17,0.17,19.0,,,0.11,,0.0,◄EF-2000
ef_2000_aesa,0.0,,,,,,653.0,58.62,1.74,2.1,0.47,0.57,0.0,,,,,,◄EF-2000_(AESA)
f-104g,0.0,,,,,,0.0,,,,,,0.0,,,,,,◄F-104G
f-4f_late,0.0,,,,,,311.0,45.11,0.49,0.62,0.81,0.99,0.0,,,,,,◄F-4F
f-4f,0.0,,,,,,0.0,,,,,,0.0,,,,,,◄F-4F_Early
f-4f_kws_lv,0.0,,,,,,109.0,38.89,0.98,1.15,0.17,0.19,0.0,,,,,,◄F-4F_KWS_LV
f-84f_germany,0.0,,,,,,0.0,,,,,,0.0,,,,,,◄F-84F
f-86k_late_german,0.0,,,,,,46.0,4.17,1.25,0.79,0.0,0.0,0.0,,,,,,◄F-86K
fiat_g91_r3,0.0,,,,,,64.0,50.0,0.35,0.58,1.34,2.03,0.0,,,,,,◄G.91_R/3
mig-21_sps_k,0.0,,,,,,192.0,59.62,1.6,1.82,0.29,0.34,0.0,,,,,,◄MiG-21_SPS-K
mig_29_9_12g,0.0,,,,,,55.0,50.0,0.84,0.49,0.0,0.0,0.0,,,,,,◄MiG-29G
sea_hawk_mk100,0.0,,,,,,44.0,58.33,0.83,1.67,0.0,0.0,0.0,,,,,,◄Sea_Hawk_Mk.100
su_22m4_de_wtd61,0.0,,,,,,51.0,50.0,0.58,0.8,1.33,1.88,24.0,50.0,1.0,1.0,1.0,1.0,◄Su-22M4_WTD61
tornado_ids_de_assta1,0.0,,,,,,80.0,57.41,0.11,0.05,0.69,0.7,69.0,,,0.0,,4.5,◄Tornado_IDS_ASSTA1
tornado_ids_de_assta3_sle,0.0,,,,,,9.0,33.33,0.3,0.3,0.0,0.0,0.0,,,,,,◄Tornado_IDS_SLE
il_28_german,0.0,,,,,,23.0,22.22,0.22,0.44,0.78,0.22,0.0,,,,,,◊IL-28
mig-17p_lim_5p,0.0,,,,,,21.0,50.0,3.5,2.88,1.0,0.25,0.0,,,,,,◊Lim-5P
mig-15bis_nr23_german,0.0,,,,,,26.0,100.0,1.91,1.39,0.64,0.59,0.0,,,,,,◊MiG-15bis
mig-21_bis_sau,0.0,,,,,,27.0,0.0,2.0,2.0,0.0,0.0,0.0,,,,,,◊MiG-21bis-SAU
mig-21_mf,0.0,,,,,,33.0,100.0,5.0,3.13,0.0,0.0,0.0,,,,,,◊MiG-21MF
mig_23bn,0.0,,,,,,11.0,,,,,,0.0,,,,,,◊MiG-23BN
mig_23mf_germany,0.0,,,,,,6.0,0.0,1.0,1.0,0.0,0.0,42.0,,,1.56,,0.0,◊MiG-23MF
mig_29_9_12_germany,0.0,,,,,,45.0,50.0,0.69,0.69,0.0,0.0,16.0,,,0.0,,0.0,◊MiG-29
germ_9a33bm3,0.0,,,,,,29.0,0.0,0.0,0.48,0.0,0.0,0.0,,,,,,◊Osa-AK
su_22m4,0.0,,,,,,23.0,42.86,0.0,0.0,0.43,0.86,51.0,,,0.42,,2.16,◊Su-22M4
us_lvt_a_1_trb,0.0,,,,,,0.0,,,,,,0.0,,,,,,○LVT(A)(1)
p-36c_rb,0.0,,,,,,11.0,,,0.0,,0.0,0.0,,,,,,○P-36C
f-5e_switzerland,0.0,,,,,,9.0,,,4.0,,0.0,0.0,,,,,,◌F-5E
fa_18c_late_switzerland,0.0,,,,,,86.0,50.9,0.73,1.02,0.17,0.16,1.0,,,0.0,,0.0,◌F/A-18C_Late
hunter_f58a_1971_switzerland,0.0,,,,,,12.0,100.0,3.0,,1.0,,0.0,,,,,,◌Hunter_F.58A_(1971)
mirage_3s_c70_switzerland,0.0,,,,,,24.0,100.0,2.67,2.0,0.0,0.0,0.0,,,,,,◌Mirage_IIIS_C.70
uk_challenger_2_megatron_sm,0.0,,,,,,469.0,50.0,0.0,0.0,1.24,1.05,0.0,,,,,,◍Challenger_2_OES
cn_mbt2000_sm,0.0,,,,,,10.0,,,,,,0.0,,,,,,◍MBT-2000
it_btr_80a_hungary,0.0,,,,,,44.0,72.92,0.0,0.0,1.04,1.03,0.0,,,,,,◔BTR-80A
re_2000_heja_1,0.0,,,,,,0.0,,,,,,0.0,,,,,,◔Héja_I
il_28_hungary,0.0,,,,,,0.0,,,,,,0.0,,,,,,◔IL-28
saab_jas39c_hungary,0.0,,,,,,38.0,18.18,0.62,1.53,3.66,2.52,0.0,,,,,,◔JAS39EBS_HU_C
me_210ca_1_hungary,0.0,,,,,,12.0,100.0,6.0,,0.0,,0.0,,,,,,◔Me_210_Ca-1
me_210ca_1_40_mm_hungary,0.0,,,,,,2.0,,,0.0,,0.0,0.0,,,,,,◔Me_210_Ca-1_36.M
mig-15bis_nr23_hungary,0.0,,,,,,0.0,,,,,,0.0,,,,,,◔MiG-15bis
mig-17pf_hungary,0.0,,,,,,6.0,,,,,,0.0,,,,,,◔MiG-17PF
mig-21_bis_sau_hungary,0.0,,,,,,7.0,,,,,,0.0,,,,,,◔MiG-21bis-SAU
mig-21_mf_hungary,0.0,,,,,,21.0,100.0,2.0,2.0,0.0,0.0,0.0,,,,,,◔MiG-21MF
mig_23mf_hungary,0.0,,,,,,0.0,,,,,,0.0,,,,,,◔MiG-23MF
mig_29_9_12b_hungary,0.0,,,,,,17.0,50.0,1.5,2.67,0.0,0.0,0.0,,,,,,◔MiG-29
su_22m3_hungary,0.0,,,,,,0.0,,,,,,0.0,,,,,,◔Su-22M3
tu-2_postwar_late_hungary,0.0,,,,,,81.0,74.64,0.18,0.18,1.29,1.5,0.0,,,,,,◔Tu-2S-59
it_zsu_23_4,0.0,,,,,,32.0,100.0,1.0,0.71,0.0,0.0,0.0,,,,,,◔ZSU-23-4
fokker_d21_netherlands,0.0,,,,,,0.0,,,,,,0.0,,,,,,◗Fokker_D.XXI
fokker_g1a,0.0,,,,,,29.0,69.44,0.58,1.0,1.0,1.69,0.0,,,,,,◗Fokker_G.IA
f_16a_block_5_netherlands,0.0,,,,,,14.0,,,1.0,,0.0,0.0,,,,,,◘F-16A
f_16am_block_20_mlu_netherlands,0.0,,,,,,142.0,72.22,1.51,3.46,0.98,2.4,9.0,,,2.0,,0.0,◘F-16AM
hunter_f6_holland,0.0,,,,,,26.0,50.0,1.0,2.0,1.0,2.0,0.0,,,,,,◘Hunter_F.6
nf_5a_netherlands,0.0,,,,,,439.0,68.15,1.51,2.01,0.71,0.95,0.0,,,,,,◘NF-5A
sb_25j_netherlands,0.0,,,,,,0.0,,,,,,0.0,,,,,,◘SB-25J
kfir_c10_colombia,0.0,,,,,,67.0,75.56,1.37,1.21,0.0,0.0,0.0,,,,,,◡Kfir_C.10
f_16a_block_10_norway,0.0,,,,,,0.0,,,,,,0.0,,,,,,◢F-16A
f_16am_block_20_mlu_norway,0.0,,,,,,24.0,74.44,0.61,0.61,0.0,0.0,0.0,,,,,,◢F-16AM
f-5ag_norway,0.0,,,,,,14.0,,,,,,0.0,,,,,,◢F-5A(G)
hawk_209_indonesia,0.0,,,,,,0.0,,,,,,0.0,,,,,,◥Hawk_209
a_4e_late_iaf,0.0,,,,,,0.0,,,,,,0.0,,,,,,A-4E_(Israel)
a_4e_early_iaf,0.0,,,,,,1.0,,,1.0,,1.0,0.0,,,,,,A-4E_Early_(M)_(Israel)
f-84f_israel_iaf,0.0,,,,,,0.0,,,,,,0.0,,,,,,F-84F_(Israel)
il_mim_72_chaparral,0.0,,,,,,9.0,,,1.0,,0.0,0.0,,,,,,Imp.Chaparral_(Israel)
md_450b_ouragan_iaf_29,0.0,,,,,,0.0,,,,,,0.0,,,,,,M.D.450B_(29)_(Israel)
md_450b_ouragan_iaf,0.0,,,,,,8.0,,,1.0,,0.38,0.0,,,,,,M.D.450B_Ouragan_(Israel)
meteor_nfmk13,0.0,,,,,,55.0,100.0,5.0,,1.8,,0.0,,,,,,Meteor_NF.13_(Israel)
meteor_frmk9_iaf,0.0,,,,,,0.0,,,,,,0.0,,,,,,Meteor_FR.9_(Israel)
mig_21_2000_iaf,0.0,,,,,,0.0,,,,,,0.0,,,,,,MiG-21_2000_(Israel)
md_454_mystere_4a_iaf,0.0,,,,,,0.0,,,,,,0.0,,,,,,Mystere_IVA_(Israel)
so_4050_vautour_2a_israel_iaf,0.0,,,,,,0.0,,,,,,0.0,,,,,,Vautour_IIA_(Israel)
so_4050_vautour_2n_iaf,0.0,,,,,,0.0,,,,,,0.0,,,,,,Vautour_IIN_(Israel)
